{
"numGames": 100,
"G1": {"type": "Matrix3x3", "payoffs": [[[1.0,8.0],[0.0,64.0],[0.0,37.0]],[[2.0,19.0],[0.0,38.0],[0.0,43.0]],[[1.0,39.0],[0.0,52.0],[0.0,3.0]]]},
"G2": {"type": "Matrix3x3", "payoffs": [[[1.0,17.0],[65.0,16.0],[59.0,19.0]],[[7.0,11.0],[52.0,4.0],[64.0,12.0]],[[9.0,19.0],[46.0,0.0],[25.0,10.0]]]},
"G3": {"type": "Matrix3x3", "payoffs": [[[19.0,35.0],[14.0,16.0],[1.0,25.0]],[[24.0,3.0],[53.0,30.0],[36.0,26.0]],[[0.0,1.0],[22.0,14.0],[56.0,19.0]]]},
"G4": {"type": "Matrix3x3", "payoffs": [[[21.0,53.0],[39.0,33.0],[64.0,50.0]],[[54.0,38.0],[7.0,7.0],[34.0,9.0]],[[53.0,41.0],[62.0,20.0],[55.0,70.0]]]},
"G5": {"type": "Matrix3x3", "payoffs": [[[36.0,20.0],[17.0,19.0],[14.0,2.0]],[[13.0,13.0],[26.0,8.0],[42.0,11.0]],[[33.0,9.0],[28.0,19.0],[8.0,20.0]]]},
"G6": {"type": "Matrix3x3", "payoffs": [[[22.0,26.0],[21.0,27.0],[18.0,98.0]],[[30.0,53.0],[39.0,74.0],[43.0,69.0]],[[14.0,31.0],[29.0,48.0],[7.0,3.0]]]},
"G7": {"type": "Matrix3x3", "payoffs": [[[1.0,21.0],[78.0,21.0],[82.0,21.0]],[[75.0,26.0],[60.0,14.0],[43.0,20.0]],[[35.0,40.0],[67.0,5.0],[67.0,24.0]]]},
"G8": {"type": "Matrix3x3", "payoffs": [[[14.0,13.0],[8.0,3.0],[38.0,8.0]],[[59.0,2.0],[4.0,34.0],[14.0,20.0]],[[23.0,54.0],[56.0,9.0],[51.0,33.0]]]},
"G9": {"type": "Matrix3x3", "payoffs": [[[10.0,3.0],[35.0,3.0],[1.0,5.0]],[[33.0,5.0],[9.0,0.0],[41.0,5.0]],[[44.0,4.0],[39.0,3.0],[18.0,4.0]]]},
"G10": {"type": "Matrix3x3", "payoffs": [[[35.0,41.0],[25.0,9.0],[62.0,39.0]],[[50.0,66.0],[60.0,11.0],[17.0,12.0]],[[56.0,40.0],[11.0,54.0],[28.0,45.0]]]},
"G11": {"type": "Matrix3x3", "payoffs": [[[73.0,10.0],[4.0,24.0],[69.0,28.0]],[[6.0,14.0],[25.0,41.0],[3.0,23.0]],[[35.0,12.0],[12.0,29.0],[69.0,45.0]]]},
"G12": {"type": "Matrix3x3", "payoffs": [[[76.0,60.0],[8.0,33.0],[75.0,72.0]],[[8.0,28.0],[82.0,7.0],[2.0,40.0]],[[42.0,49.0],[26.0,19.0],[29.0,55.0]]]},
"G13": {"type": "Matrix3x3", "payoffs": [[[25.0,4.0],[14.0,7.0],[11.0,8.0]],[[25.0,3.0],[7.0,12.0],[14.0,4.0]],[[25.0,2.0],[21.0,10.0],[20.0,3.0]]]},
"G14": {"type": "Matrix3x3", "payoffs": [[[12.0,29.0],[16.0,30.0],[10.0,30.0]],[[5.0,34.0],[16.0,25.0],[8.0,8.0]],[[3.0,15.0],[1.0,0.0],[3.0,28.0]]]},
"G15": {"type": "Matrix3x3", "payoffs": [[[44.0,19.0],[6.0,1.0],[57.0,1.0]],[[0.0,3.0],[11.0,14.0],[34.0,3.0]],[[23.0,12.0],[48.0,4.0],[6.0,17.0]]]},
"G16": {"type": "Matrix3x3", "payoffs": [[[8.0,36.0],[65.0,14.0],[80.0,43.0]],[[38.0,26.0],[32.0,18.0],[28.0,16.0]],[[73.0,30.0],[73.0,19.0],[97.0,32.0]]]},
"G17": {"type": "Matrix3x3", "payoffs": [[[75.0,4.0],[39.0,17.0],[28.0,13.0]],[[29.0,18.0],[38.0,19.0],[18.0,16.0]],[[65.0,5.0],[30.0,1.0],[77.0,3.0]]]},
"G18": {"type": "Matrix3x3", "payoffs": [[[3.0,72.0],[5.0,17.0],[2.0,92.0]],[[2.0,1.0],[5.0,75.0],[6.0,55.0]],[[3.0,9.0],[5.0,80.0],[0.0,12.0]]]},
"G19": {"type": "Matrix3x3", "payoffs": [[[6.0,7.0],[58.0,29.0],[14.0,16.0]],[[28.0,12.0],[31.0,9.0],[32.0,11.0]],[[71.0,18.0],[24.0,2.0],[51.0,17.0]]]},
"G20": {"type": "Matrix3x3", "payoffs": [[[1.0,34.0],[4.0,10.0],[5.0,3.0]],[[3.0,29.0],[4.0,38.0],[1.0,20.0]],[[0.0,30.0],[2.0,10.0],[1.0,28.0]]]},
"G21": {"type": "Matrix3x3", "payoffs": [[[26.0,1.0],[21.0,1.0],[4.0,2.0]],[[10.0,1.0],[10.0,0.0],[4.0,1.0]],[[9.0,0.0],[18.0,1.0],[7.0,1.0]]]},
"G22": {"type": "Matrix3x3", "payoffs": [[[7.0,47.0],[5.0,19.0],[6.0,37.0]],[[1.0,39.0],[2.0,52.0],[2.0,40.0]],[[4.0,13.0],[4.0,20.0],[6.0,47.0]]]},
"G23": {"type": "Matrix3x3", "payoffs": [[[24.0,55.0],[15.0,68.0],[23.0,16.0]],[[4.0,9.0],[40.0,12.0],[30.0,19.0]],[[5.0,53.0],[48.0,71.0],[42.0,56.0]]]},
"G24": {"type": "Matrix3x3", "payoffs": [[[57.0,1.0],[26.0,4.0],[12.0,4.0]],[[14.0,2.0],[71.0,3.0],[53.0,3.0]],[[26.0,2.0],[0.0,3.0],[67.0,2.0]]]},
"G25": {"type": "Matrix3x3", "payoffs": [[[51.0,5.0],[63.0,7.0],[27.0,8.0]],[[66.0,5.0],[35.0,15.0],[20.0,8.0]],[[47.0,11.0],[34.0,8.0],[69.0,6.0]]]},
"G26": {"type": "Matrix3x3", "payoffs": [[[20.0,34.0],[34.0,14.0],[18.0,52.0]],[[15.0,18.0],[27.0,50.0],[5.0,57.0]],[[51.0,17.0],[2.0,54.0],[0.0,55.0]]]},
"G27": {"type": "Matrix3x3", "payoffs": [[[20.0,4.0],[1.0,22.0],[21.0,4.0]],[[11.0,34.0],[0.0,5.0],[17.0,36.0]],[[14.0,29.0],[10.0,16.0],[7.0,26.0]]]},
"G28": {"type": "Matrix3x3", "payoffs": [[[17.0,47.0],[28.0,53.0],[27.0,3.0]],[[10.0,19.0],[8.0,38.0],[1.0,72.0]],[[12.0,41.0],[21.0,85.0],[35.0,80.0]]]},
"G29": {"type": "Matrix3x3", "payoffs": [[[57.0,8.0],[32.0,17.0],[62.0,11.0]],[[42.0,3.0],[2.0,10.0],[60.0,2.0]],[[59.0,15.0],[39.0,4.0],[25.0,11.0]]]},
"G30": {"type": "Matrix3x3", "payoffs": [[[2.0,9.0],[32.0,16.0],[62.0,34.0]],[[20.0,15.0],[74.0,37.0],[55.0,30.0]],[[74.0,18.0],[68.0,20.0],[48.0,11.0]]]},
"G31": {"type": "Matrix3x3", "payoffs": [[[8.0,30.0],[43.0,76.0],[9.0,61.0]],[[47.0,17.0],[29.0,59.0],[50.0,20.0]],[[26.0,71.0],[14.0,39.0],[7.0,8.0]]]},
"G32": {"type": "Matrix3x3", "payoffs": [[[34.0,21.0],[8.0,11.0],[7.0,10.0]],[[14.0,14.0],[5.0,36.0],[22.0,18.0]],[[26.0,22.0],[26.0,27.0],[31.0,25.0]]]},
"G33": {"type": "Matrix3x3", "payoffs": [[[33.0,3.0],[20.0,1.0],[49.0,16.0]],[[11.0,28.0],[40.0,6.0],[22.0,28.0]],[[11.0,16.0],[40.0,10.0],[5.0,29.0]]]},
"G34": {"type": "Matrix3x3", "payoffs": [[[10.0,50.0],[7.0,68.0],[6.0,51.0]],[[35.0,10.0],[20.0,36.0],[14.0,82.0]],[[38.0,26.0],[36.0,13.0],[6.0,1.0]]]},
"G35": {"type": "Matrix3x3", "payoffs": [[[24.0,63.0],[26.0,28.0],[11.0,12.0]],[[28.0,74.0],[7.0,64.0],[18.0,10.0]],[[24.0,71.0],[23.0,48.0],[19.0,38.0]]]},
"G36": {"type": "Matrix3x3", "payoffs": [[[34.0,19.0],[24.0,5.0],[11.0,22.0]],[[76.0,20.0],[75.0,19.0],[19.0,22.0]],[[89.0,5.0],[24.0,8.0],[66.0,2.0]]]},
"G37": {"type": "Matrix3x3", "payoffs": [[[7.0,3.0],[10.0,71.0],[9.0,11.0]],[[15.0,27.0],[11.0,57.0],[4.0,7.0]],[[32.0,15.0],[7.0,3.0],[10.0,12.0]]]},
"G38": {"type": "Matrix3x3", "payoffs": [[[91.0,4.0],[59.0,3.0],[4.0,9.0]],[[76.0,9.0],[30.0,10.0],[28.0,10.0]],[[81.0,9.0],[42.0,7.0],[57.0,1.0]]]},
"G39": {"type": "Matrix3x3", "payoffs": [[[0.0,61.0],[0.0,64.0],[0.0,33.0]],[[0.0,48.0],[0.0,66.0],[0.0,18.0]],[[0.0,7.0],[0.0,45.0],[0.0,30.0]]]},
"G40": {"type": "Matrix3x3", "payoffs": [[[36.0,7.0],[24.0,35.0],[18.0,39.0]],[[51.0,21.0],[54.0,26.0],[40.0,34.0]],[[42.0,28.0],[30.0,25.0],[41.0,8.0]]]},
"G41": {"type": "Matrix3x3", "payoffs": [[[42.0,17.0],[3.0,6.0],[32.0,29.0]],[[49.0,21.0],[44.0,81.0],[35.0,1.0]],[[43.0,29.0],[25.0,57.0],[55.0,71.0]]]},
"G42": {"type": "Matrix3x3", "payoffs": [[[61.0,1.0],[24.0,8.0],[60.0,2.0]],[[56.0,6.0],[65.0,8.0],[17.0,4.0]],[[26.0,6.0],[58.0,1.0],[67.0,9.0]]]},
"G43": {"type": "Matrix3x3", "payoffs": [[[7.0,72.0],[1.0,23.0],[8.0,22.0]],[[10.0,61.0],[10.0,30.0],[6.0,4.0]],[[1.0,18.0],[2.0,68.0],[9.0,65.0]]]},
"G44": {"type": "Matrix3x3", "payoffs": [[[6.0,36.0],[12.0,3.0],[10.0,12.0]],[[1.0,13.0],[7.0,45.0],[13.0,31.0]],[[8.0,45.0],[9.0,57.0],[9.0,43.0]]]},
"G45": {"type": "Matrix3x3", "payoffs": [[[5.0,5.0],[62.0,20.0],[36.0,6.0]],[[38.0,6.0],[2.0,3.0],[56.0,2.0]],[[27.0,1.0],[40.0,17.0],[31.0,3.0]]]},
"G46": {"type": "Matrix3x3", "payoffs": [[[6.0,9.0],[25.0,40.0],[3.0,32.0]],[[17.0,18.0],[12.0,51.0],[15.0,45.0]],[[18.0,34.0],[6.0,20.0],[10.0,27.0]]]},
"G47": {"type": "Matrix3x3", "payoffs": [[[20.0,33.0],[9.0,69.0],[38.0,4.0]],[[17.0,28.0],[21.0,15.0],[4.0,40.0]],[[37.0,41.0],[32.0,68.0],[32.0,53.0]]]},
"G48": {"type": "Matrix3x3", "payoffs": [[[19.0,19.0],[14.0,91.0],[24.0,10.0]],[[4.0,25.0],[33.0,57.0],[59.0,80.0]],[[29.0,15.0],[5.0,10.0],[14.0,10.0]]]},
"G49": {"type": "Matrix3x3", "payoffs": [[[7.0,39.0],[2.0,29.0],[12.0,32.0]],[[3.0,9.0],[1.0,6.0],[18.0,45.0]],[[11.0,35.0],[10.0,28.0],[5.0,3.0]]]},
"G50": {"type": "Matrix3x3", "payoffs": [[[8.0,30.0],[29.0,3.0],[1.0,23.0]],[[28.0,27.0],[7.0,0.0],[24.0,38.0]],[[29.0,28.0],[4.0,36.0],[7.0,5.0]]]},
"G51": {"type": "Matrix3x3", "payoffs": [[[70.0,12.0],[14.0,47.0],[52.0,1.0]],[[3.0,43.0],[24.0,31.0],[56.0,86.0]],[[63.0,88.0],[56.0,30.0],[59.0,88.0]]]},
"G52": {"type": "Matrix3x3", "payoffs": [[[46.0,36.0],[29.0,28.0],[55.0,27.0]],[[13.0,12.0],[54.0,28.0],[61.0,11.0]],[[37.0,0.0],[73.0,9.0],[58.0,30.0]]]},
"G53": {"type": "Matrix3x3", "payoffs": [[[25.0,5.0],[83.0,66.0],[3.0,60.0]],[[49.0,48.0],[78.0,86.0],[60.0,86.0]],[[9.0,11.0],[14.0,37.0],[63.0,72.0]]]},
"G54": {"type": "Matrix3x3", "payoffs": [[[16.0,34.0],[47.0,75.0],[57.0,46.0]],[[15.0,52.0],[38.0,76.0],[47.0,15.0]],[[27.0,22.0],[16.0,7.0],[49.0,41.0]]]},
"G55": {"type": "Matrix3x3", "payoffs": [[[9.0,14.0],[16.0,11.0],[8.0,15.0]],[[7.0,14.0],[13.0,26.0],[4.0,15.0]],[[18.0,8.0],[2.0,20.0],[9.0,18.0]]]},
"G56": {"type": "Matrix3x3", "payoffs": [[[22.0,21.0],[72.0,15.0],[81.0,17.0]],[[4.0,21.0],[48.0,31.0],[31.0,12.0]],[[20.0,36.0],[43.0,29.0],[12.0,3.0]]]},
"G57": {"type": "Matrix3x3", "payoffs": [[[12.0,43.0],[18.0,12.0],[45.0,50.0]],[[44.0,29.0],[2.0,5.0],[20.0,59.0]],[[17.0,65.0],[32.0,39.0],[52.0,42.0]]]},
"G58": {"type": "Matrix3x3", "payoffs": [[[24.0,13.0],[28.0,43.0],[29.0,23.0]],[[8.0,5.0],[17.0,14.0],[24.0,71.0]],[[11.0,8.0],[8.0,44.0],[9.0,75.0]]]},
"G59": {"type": "Matrix3x3", "payoffs": [[[7.0,0.0],[4.0,3.0],[15.0,4.0]],[[3.0,0.0],[11.0,0.0],[7.0,3.0]],[[3.0,0.0],[1.0,3.0],[5.0,1.0]]]},
"G60": {"type": "Matrix3x3", "payoffs": [[[1.0,7.0],[23.0,13.0],[58.0,2.0]],[[18.0,3.0],[68.0,12.0],[50.0,15.0]],[[30.0,9.0],[18.0,2.0],[25.0,18.0]]]},
"G61": {"type": "Matrix3x3", "payoffs": [[[53.0,21.0],[34.0,26.0],[28.0,35.0]],[[48.0,26.0],[33.0,4.0],[29.0,4.0]],[[14.0,33.0],[47.0,16.0],[9.0,39.0]]]},
"G62": {"type": "Matrix3x3", "payoffs": [[[0.0,71.0],[81.0,38.0],[49.0,41.0]],[[60.0,3.0],[67.0,29.0],[80.0,35.0]],[[37.0,83.0],[48.0,78.0],[45.0,96.0]]]},
"G63": {"type": "Matrix3x3", "payoffs": [[[11.0,23.0],[2.0,1.0],[5.0,3.0]],[[8.0,36.0],[5.0,8.0],[9.0,42.0]],[[10.0,9.0],[5.0,3.0],[10.0,17.0]]]},
"G64": {"type": "Matrix3x3", "payoffs": [[[16.0,54.0],[8.0,38.0],[11.0,28.0]],[[13.0,27.0],[25.0,43.0],[21.0,23.0]],[[14.0,50.0],[16.0,56.0],[26.0,48.0]]]},
"G65": {"type": "Matrix3x3", "payoffs": [[[13.0,19.0],[16.0,42.0],[29.0,10.0]],[[7.0,4.0],[12.0,44.0],[23.0,19.0]],[[13.0,18.0],[10.0,45.0],[19.0,22.0]]]},
"G66": {"type": "Matrix3x3", "payoffs": [[[41.0,10.0],[5.0,27.0],[16.0,24.0]],[[25.0,1.0],[38.0,4.0],[60.0,16.0]],[[38.0,23.0],[31.0,2.0],[70.0,5.0]]]},
"G67": {"type": "Matrix3x3", "payoffs": [[[1.0,1.0],[2.0,68.0],[0.0,0.0]],[[1.0,2.0],[1.0,78.0],[1.0,26.0]],[[1.0,38.0],[1.0,22.0],[1.0,70.0]]]},
"G68": {"type": "Matrix3x3", "payoffs": [[[4.0,21.0],[85.0,46.0],[53.0,48.0]],[[85.0,44.0],[45.0,30.0],[75.0,9.0]],[[70.0,42.0],[61.0,6.0],[13.0,47.0]]]},
"G69": {"type": "Matrix3x3", "payoffs": [[[78.0,40.0],[5.0,39.0],[38.0,50.0]],[[50.0,64.0],[41.0,51.0],[68.0,6.0]],[[59.0,64.0],[66.0,71.0],[31.0,21.0]]]},
"G70": {"type": "Matrix3x3", "payoffs": [[[75.0,79.0],[33.0,55.0],[31.0,54.0]],[[23.0,40.0],[52.0,42.0],[17.0,89.0]],[[33.0,34.0],[54.0,39.0],[47.0,76.0]]]},
"G71": {"type": "Matrix3x3", "payoffs": [[[59.0,65.0],[30.0,26.0],[70.0,68.0]],[[71.0,23.0],[66.0,43.0],[22.0,53.0]],[[62.0,41.0],[39.0,63.0],[66.0,17.0]]]},
"G72": {"type": "Matrix3x3", "payoffs": [[[51.0,39.0],[30.0,43.0],[8.0,45.0]],[[40.0,21.0],[14.0,58.0],[31.0,65.0]],[[28.0,7.0],[38.0,2.0],[31.0,9.0]]]},
"G73": {"type": "Matrix3x3", "payoffs": [[[9.0,3.0],[5.0,6.0],[6.0,5.0]],[[9.0,1.0],[10.0,6.0],[3.0,0.0]],[[11.0,6.0],[10.0,3.0],[1.0,2.0]]]},
"G74": {"type": "Matrix3x3", "payoffs": [[[34.0,5.0],[42.0,31.0],[2.0,47.0]],[[18.0,39.0],[3.0,50.0],[9.0,35.0]],[[26.0,26.0],[31.0,53.0],[17.0,5.0]]]},
"G75": {"type": "Matrix3x3", "payoffs": [[[8.0,34.0],[44.0,5.0],[60.0,17.0]],[[55.0,13.0],[4.0,19.0],[7.0,48.0]],[[44.0,3.0],[58.0,25.0],[62.0,15.0]]]},
"G76": {"type": "Matrix3x3", "payoffs": [[[14.0,42.0],[7.0,12.0],[14.0,40.0]],[[15.0,2.0],[5.0,21.0],[16.0,13.0]],[[12.0,26.0],[1.0,42.0],[7.0,23.0]]]},
"G77": {"type": "Matrix3x3", "payoffs": [[[11.0,5.0],[2.0,25.0],[10.0,3.0]],[[5.0,13.0],[10.0,3.0],[7.0,1.0]],[[5.0,29.0],[1.0,3.0],[7.0,1.0]]]},
"G78": {"type": "Matrix3x3", "payoffs": [[[51.0,15.0],[25.0,18.0],[73.0,17.0]],[[71.0,4.0],[8.0,21.0],[76.0,10.0]],[[35.0,1.0],[92.0,18.0],[12.0,19.0]]]},
"G79": {"type": "Matrix3x3", "payoffs": [[[9.0,3.0],[4.0,1.0],[70.0,3.0]],[[29.0,1.0],[86.0,5.0],[63.0,3.0]],[[70.0,3.0],[77.0,2.0],[60.0,2.0]]]},
"G80": {"type": "Matrix3x3", "payoffs": [[[35.0,1.0],[3.0,7.0],[21.0,25.0]],[[33.0,25.0],[6.0,40.0],[15.0,11.0]],[[25.0,22.0],[35.0,20.0],[7.0,33.0]]]},
"G81": {"type": "Matrix3x3", "payoffs": [[[8.0,16.0],[7.0,9.0],[9.0,11.0]],[[6.0,4.0],[7.0,6.0],[11.0,21.0]],[[0.0,8.0],[15.0,26.0],[12.0,13.0]]]},
"G82": {"type": "Matrix3x3", "payoffs": [[[14.0,45.0],[17.0,74.0],[68.0,36.0]],[[38.0,1.0],[5.0,35.0],[56.0,9.0]],[[20.0,9.0],[25.0,47.0],[46.0,15.0]]]},
"G83": {"type": "Matrix3x3", "payoffs": [[[1.0,51.0],[0.0,31.0],[0.0,1.0]],[[0.0,17.0],[0.0,16.0],[1.0,15.0]],[[1.0,8.0],[0.0,49.0],[0.0,24.0]]]},
"G84": {"type": "Matrix3x3", "payoffs": [[[1.0,8.0],[3.0,10.0],[2.0,5.0]],[[8.0,0.0],[3.0,14.0],[1.0,2.0]],[[6.0,3.0],[5.0,1.0],[2.0,0.0]]]},
"G85": {"type": "Matrix3x3", "payoffs": [[[7.0,77.0],[4.0,15.0],[87.0,49.0]],[[94.0,54.0],[15.0,92.0],[17.0,9.0]],[[87.0,63.0],[61.0,58.0],[66.0,44.0]]]},
"G86": {"type": "Matrix3x3", "payoffs": [[[30.0,35.0],[33.0,9.0],[2.0,30.0]],[[63.0,28.0],[34.0,3.0],[11.0,50.0]],[[41.0,42.0],[34.0,31.0],[18.0,0.0]]]},
"G87": {"type": "Matrix3x3", "payoffs": [[[17.0,23.0],[0.0,33.0],[17.0,21.0]],[[1.0,4.0],[6.0,33.0],[0.0,23.0]],[[11.0,35.0],[1.0,2.0],[8.0,19.0]]]},
"G88": {"type": "Matrix3x3", "payoffs": [[[0.0,17.0],[3.0,60.0],[3.0,56.0]],[[2.0,15.0],[4.0,58.0],[16.0,25.0]],[[10.0,67.0],[6.0,3.0],[10.0,4.0]]]},
"G89": {"type": "Matrix3x3", "payoffs": [[[21.0,25.0],[33.0,44.0],[20.0,49.0]],[[6.0,21.0],[7.0,10.0],[2.0,74.0]],[[37.0,30.0],[33.0,26.0],[1.0,0.0]]]},
"G90": {"type": "Matrix3x3", "payoffs": [[[7.0,39.0],[14.0,29.0],[1.0,67.0]],[[20.0,43.0],[23.0,29.0],[9.0,4.0]],[[3.0,0.0],[8.0,4.0],[12.0,67.0]]]},
"G91": {"type": "Matrix3x3", "payoffs": [[[3.0,2.0],[14.0,34.0],[33.0,70.0]],[[41.0,10.0],[37.0,50.0],[22.0,46.0]],[[13.0,39.0],[26.0,15.0],[20.0,57.0]]]},
"G92": {"type": "Matrix3x3", "payoffs": [[[4.0,2.0],[5.0,1.0],[1.0,2.0]],[[2.0,0.0],[10.0,1.0],[1.0,2.0]],[[14.0,2.0],[0.0,0.0],[1.0,1.0]]]},
"G93": {"type": "Matrix3x3", "payoffs": [[[1.0,25.0],[15.0,15.0],[30.0,22.0]],[[57.0,13.0],[4.0,27.0],[56.0,27.0]],[[12.0,5.0],[8.0,25.0],[38.0,19.0]]]},
"G94": {"type": "Matrix3x3", "payoffs": [[[32.0,28.0],[25.0,10.0],[33.0,26.0]],[[35.0,11.0],[3.0,27.0],[1.0,10.0]],[[39.0,10.0],[35.0,8.0],[28.0,33.0]]]},
"G95": {"type": "Matrix3x3", "payoffs": [[[2.0,6.0],[3.0,16.0],[12.0,7.0]],[[12.0,24.0],[1.0,9.0],[13.0,1.0]],[[9.0,11.0],[11.0,15.0],[3.0,20.0]]]},
"G96": {"type": "Matrix3x3", "payoffs": [[[17.0,24.0],[13.0,3.0],[1.0,13.0]],[[13.0,29.0],[8.0,2.0],[4.0,7.0]],[[8.0,13.0],[15.0,3.0],[14.0,17.0]]]},
"G97": {"type": "Matrix3x3", "payoffs": [[[60.0,2.0],[52.0,2.0],[43.0,5.0]],[[11.0,4.0],[67.0,11.0],[12.0,5.0]],[[36.0,5.0],[55.0,10.0],[42.0,5.0]]]},
"G98": {"type": "Matrix3x3", "payoffs": [[[45.0,2.0],[21.0,50.0],[35.0,62.0]],[[41.0,21.0],[41.0,56.0],[63.0,47.0]],[[22.0,4.0],[47.0,18.0],[27.0,75.0]]]},
"G99": {"type": "Matrix3x3", "payoffs": [[[37.0,65.0],[29.0,74.0],[72.0,27.0]],[[28.0,60.0],[49.0,42.0],[12.0,19.0]],[[2.0,73.0],[60.0,66.0],[32.0,48.0]]]},
"G100": {"type": "Matrix3x3", "payoffs": [[[36.0,40.0],[53.0,30.0],[4.0,51.0]],[[8.0,47.0],[21.0,24.0],[15.0,32.0]],[[50.0,44.0],[49.0,10.0],[17.0,28.0]]]}
}