{
"numGames": 100,
"G1": {"type": "Matrix3x3", "payoffs": [[[2.0,39.0],[4.0,33.0],[3.0,1.0]],[[0.0,42.0],[2.0,16.0],[4.0,48.0]],[[0.0,3.0],[2.0,7.0],[6.0,6.0]]]},
"G2": {"type": "Matrix3x3", "payoffs": [[[28.0,4.0],[25.0,6.0],[38.0,6.0]],[[20.0,1.0],[35.0,4.0],[24.0,5.0]],[[18.0,6.0],[6.0,2.0],[1.0,3.0]]]},
"G3": {"type": "Matrix3x3", "payoffs": [[[85.0,71.0],[35.0,28.0],[17.0,30.0]],[[32.0,22.0],[69.0,60.0],[44.0,42.0]],[[57.0,4.0],[37.0,28.0],[38.0,62.0]]]},
"G4": {"type": "Matrix3x3", "payoffs": [[[35.0,70.0],[10.0,36.0],[41.0,2.0]],[[33.0,32.0],[38.0,44.0],[42.0,26.0]],[[38.0,21.0],[4.0,54.0],[12.0,54.0]]]},
"G5": {"type": "Matrix3x3", "payoffs": [[[31.0,23.0],[19.0,68.0],[46.0,15.0]],[[8.0,17.0],[1.0,37.0],[37.0,41.0]],[[35.0,61.0],[32.0,23.0],[2.0,53.0]]]},
"G6": {"type": "Matrix3x3", "payoffs": [[[31.0,43.0],[11.0,53.0],[38.0,74.0]],[[12.0,28.0],[40.0,10.0],[5.0,72.0]],[[41.0,2.0],[36.0,30.0],[9.0,75.0]]]},
"G7": {"type": "Matrix3x3", "payoffs": [[[18.0,31.0],[17.0,18.0],[15.0,1.0]],[[4.0,15.0],[13.0,4.0],[27.0,13.0]],[[19.0,23.0],[5.0,13.0],[9.0,33.0]]]},
"G8": {"type": "Matrix3x3", "payoffs": [[[43.0,1.0],[95.0,2.0],[86.0,4.0]],[[67.0,3.0],[83.0,1.0],[33.0,5.0]],[[6.0,2.0],[48.0,0.0],[9.0,1.0]]]},
"G9": {"type": "Matrix3x3", "payoffs": [[[19.0,7.0],[13.0,16.0],[14.0,14.0]],[[28.0,6.0],[82.0,3.0],[4.0,1.0]],[[83.0,1.0],[46.0,16.0],[26.0,15.0]]]},
"G10": {"type": "Matrix3x3", "payoffs": [[[30.0,78.0],[49.0,15.0],[62.0,23.0]],[[44.0,42.0],[14.0,5.0],[11.0,59.0]],[[25.0,18.0],[59.0,61.0],[66.0,45.0]]]},
"G11": {"type": "Matrix3x3", "payoffs": [[[39.0,21.0],[12.0,44.0],[45.0,44.0]],[[51.0,88.0],[44.0,93.0],[4.0,78.0]],[[37.0,88.0],[3.0,23.0],[56.0,9.0]]]},
"G12": {"type": "Matrix3x3", "payoffs": [[[7.0,32.0],[37.0,16.0],[27.0,56.0]],[[53.0,72.0],[27.0,87.0],[30.0,48.0]],[[28.0,47.0],[47.0,68.0],[37.0,61.0]]]},
"G13": {"type": "Matrix3x3", "payoffs": [[[67.0,3.0],[64.0,21.0],[17.0,21.0]],[[31.0,2.0],[69.0,14.0],[55.0,25.0]],[[25.0,21.0],[69.0,5.0],[71.0,11.0]]]},
"G14": {"type": "Matrix3x3", "payoffs": [[[8.0,11.0],[18.0,21.0],[19.0,85.0]],[[9.0,67.0],[18.0,27.0],[5.0,42.0]],[[22.0,24.0],[3.0,86.0],[21.0,34.0]]]},
"G15": {"type": "Matrix3x3", "payoffs": [[[93.0,25.0],[52.0,38.0],[41.0,36.0]],[[52.0,54.0],[19.0,34.0],[8.0,36.0]],[[25.0,29.0],[26.0,36.0],[37.0,9.0]]]},
"G16": {"type": "Matrix3x3", "payoffs": [[[25.0,33.0],[12.0,68.0],[16.0,65.0]],[[3.0,8.0],[9.0,20.0],[20.0,36.0]],[[3.0,18.0],[10.0,7.0],[19.0,40.0]]]},
"G17": {"type": "Matrix3x3", "payoffs": [[[20.0,61.0],[29.0,30.0],[36.0,57.0]],[[10.0,19.0],[3.0,29.0],[26.0,51.0]],[[5.0,12.0],[28.0,17.0],[35.0,10.0]]]},
"G18": {"type": "Matrix3x3", "payoffs": [[[2.0,1.0],[19.0,0.0],[25.0,1.0]],[[21.0,4.0],[12.0,7.0],[2.0,7.0]],[[20.0,6.0],[16.0,3.0],[25.0,8.0]]]},
"G19": {"type": "Matrix3x3", "payoffs": [[[13.0,21.0],[3.0,30.0],[10.0,30.0]],[[3.0,41.0],[10.0,49.0],[14.0,29.0]],[[9.0,9.0],[12.0,26.0],[5.0,13.0]]]},
"G20": {"type": "Matrix3x3", "payoffs": [[[30.0,27.0],[19.0,22.0],[49.0,21.0]],[[42.0,9.0],[6.0,2.0],[50.0,16.0]],[[20.0,19.0],[33.0,14.0],[41.0,16.0]]]},
"G21": {"type": "Matrix3x3", "payoffs": [[[2.0,51.0],[5.0,78.0],[5.0,43.0]],[[5.0,55.0],[4.0,9.0],[6.0,58.0]],[[0.0,44.0],[3.0,55.0],[5.0,11.0]]]},
"G22": {"type": "Matrix3x3", "payoffs": [[[50.0,51.0],[23.0,55.0],[70.0,33.0]],[[30.0,27.0],[59.0,51.0],[50.0,1.0]],[[3.0,4.0],[61.0,6.0],[19.0,37.0]]]},
"G23": {"type": "Matrix3x3", "payoffs": [[[31.0,14.0],[60.0,53.0],[38.0,21.0]],[[53.0,51.0],[1.0,68.0],[46.0,41.0]],[[64.0,75.0],[81.0,83.0],[11.0,68.0]]]},
"G24": {"type": "Matrix3x3", "payoffs": [[[6.0,14.0],[3.0,17.0],[12.0,24.0]],[[5.0,30.0],[2.0,29.0],[2.0,28.0]],[[3.0,6.0],[6.0,19.0],[11.0,15.0]]]},
"G25": {"type": "Matrix3x3", "payoffs": [[[1.0,38.0],[0.0,14.0],[1.0,61.0]],[[4.0,2.0],[6.0,95.0],[5.0,18.0]],[[2.0,14.0],[3.0,55.0],[0.0,14.0]]]},
"G26": {"type": "Matrix3x3", "payoffs": [[[19.0,8.0],[24.0,16.0],[11.0,1.0]],[[31.0,11.0],[10.0,5.0],[17.0,19.0]],[[13.0,18.0],[17.0,17.0],[24.0,14.0]]]},
"G27": {"type": "Matrix3x3", "payoffs": [[[1.0,67.0],[19.0,14.0],[6.0,31.0]],[[9.0,16.0],[4.0,15.0],[4.0,25.0]],[[6.0,30.0],[9.0,12.0],[14.0,19.0]]]},
"G28": {"type": "Matrix3x3", "payoffs": [[[74.0,2.0],[23.0,0.0],[40.0,3.0]],[[83.0,2.0],[77.0,3.0],[9.0,2.0]],[[40.0,2.0],[74.0,3.0],[7.0,2.0]]]},
"G29": {"type": "Matrix3x3", "payoffs": [[[24.0,11.0],[14.0,12.0],[22.0,9.0]],[[29.0,11.0],[9.0,13.0],[26.0,5.0]],[[6.0,13.0],[33.0,15.0],[25.0,4.0]]]},
"G30": {"type": "Matrix3x3", "payoffs": [[[17.0,4.0],[3.0,21.0],[44.0,76.0]],[[32.0,67.0],[32.0,56.0],[45.0,88.0]],[[14.0,9.0],[50.0,16.0],[17.0,72.0]]]},
"G31": {"type": "Matrix3x3", "payoffs": [[[33.0,19.0],[35.0,2.0],[25.0,6.0]],[[47.0,11.0],[38.0,20.0],[58.0,23.0]],[[46.0,14.0],[2.0,19.0],[18.0,11.0]]]},
"G32": {"type": "Matrix3x3", "payoffs": [[[7.0,58.0],[23.0,25.0],[32.0,63.0]],[[19.0,44.0],[18.0,23.0],[53.0,24.0]],[[64.0,26.0],[30.0,7.0],[65.0,89.0]]]},
"G33": {"type": "Matrix3x3", "payoffs": [[[0.0,51.0],[3.0,33.0],[36.0,39.0]],[[50.0,15.0],[71.0,32.0],[57.0,31.0]],[[51.0,49.0],[78.0,27.0],[17.0,15.0]]]},
"G34": {"type": "Matrix3x3", "payoffs": [[[45.0,75.0],[52.0,8.0],[3.0,46.0]],[[4.0,67.0],[12.0,28.0],[6.0,61.0]],[[12.0,53.0],[18.0,73.0],[11.0,77.0]]]},
"G35": {"type": "Matrix3x3", "payoffs": [[[8.0,55.0],[12.0,6.0],[8.0,45.0]],[[6.0,21.0],[8.0,7.0],[6.0,21.0]],[[3.0,20.0],[6.0,25.0],[8.0,28.0]]]},
"G36": {"type": "Matrix3x3", "payoffs": [[[38.0,4.0],[30.0,12.0],[20.0,7.0]],[[27.0,6.0],[63.0,15.0],[26.0,4.0]],[[12.0,6.0],[12.0,8.0],[41.0,5.0]]]},
"G37": {"type": "Matrix3x3", "payoffs": [[[3.0,19.0],[7.0,62.0],[1.0,44.0]],[[3.0,52.0],[0.0,14.0],[6.0,48.0]],[[6.0,27.0],[4.0,66.0],[7.0,1.0]]]},
"G38": {"type": "Matrix3x3", "payoffs": [[[12.0,31.0],[15.0,28.0],[25.0,20.0]],[[12.0,33.0],[11.0,16.0],[7.0,12.0]],[[10.0,11.0],[14.0,15.0],[10.0,31.0]]]},
"G39": {"type": "Matrix3x3", "payoffs": [[[9.0,8.0],[30.0,63.0],[87.0,31.0]],[[55.0,31.0],[29.0,57.0],[61.0,49.0]],[[3.0,47.0],[89.0,76.0],[91.0,57.0]]]},
"G40": {"type": "Matrix3x3", "payoffs": [[[31.0,3.0],[2.0,13.0],[49.0,4.0]],[[5.0,6.0],[37.0,3.0],[32.0,6.0]],[[2.0,14.0],[19.0,6.0],[5.0,5.0]]]},
"G41": {"type": "Matrix3x3", "payoffs": [[[27.0,34.0],[5.0,10.0],[23.0,24.0]],[[50.0,40.0],[15.0,42.0],[48.0,38.0]],[[9.0,35.0],[7.0,14.0],[37.0,41.0]]]},
"G42": {"type": "Matrix3x3", "payoffs": [[[10.0,8.0],[5.0,12.0],[4.0,4.0]],[[2.0,22.0],[4.0,15.0],[8.0,22.0]],[[8.0,1.0],[4.0,6.0],[6.0,4.0]]]},
"G43": {"type": "Matrix3x3", "payoffs": [[[19.0,28.0],[14.0,7.0],[48.0,32.0]],[[59.0,29.0],[48.0,23.0],[42.0,5.0]],[[1.0,10.0],[15.0,16.0],[58.0,7.0]]]},
"G44": {"type": "Matrix3x3", "payoffs": [[[49.0,4.0],[24.0,45.0],[10.0,11.0]],[[10.0,32.0],[41.0,50.0],[3.0,22.0]],[[65.0,49.0],[16.0,64.0],[59.0,41.0]]]},
"G45": {"type": "Matrix3x3", "payoffs": [[[29.0,15.0],[32.0,33.0],[7.0,7.0]],[[2.0,60.0],[32.0,27.0],[9.0,66.0]],[[39.0,64.0],[54.0,35.0],[50.0,27.0]]]},
"G46": {"type": "Matrix3x3", "payoffs": [[[8.0,0.0],[2.0,12.0],[2.0,4.0]],[[4.0,29.0],[4.0,1.0],[1.0,36.0]],[[5.0,8.0],[9.0,34.0],[4.0,35.0]]]},
"G47": {"type": "Matrix3x3", "payoffs": [[[3.0,76.0],[2.0,35.0],[1.0,25.0]],[[0.0,63.0],[1.0,94.0],[2.0,67.0]],[[1.0,83.0],[2.0,39.0],[0.0,93.0]]]},
"G48": {"type": "Matrix3x3", "payoffs": [[[49.0,74.0],[9.0,57.0],[22.0,62.0]],[[11.0,37.0],[53.0,10.0],[11.0,25.0]],[[45.0,23.0],[10.0,50.0],[55.0,51.0]]]},
"G49": {"type": "Matrix3x3", "payoffs": [[[31.0,27.0],[10.0,36.0],[22.0,38.0]],[[38.0,19.0],[16.0,2.0],[4.0,23.0]],[[20.0,21.0],[13.0,12.0],[18.0,25.0]]]},
"G50": {"type": "Matrix3x3", "payoffs": [[[73.0,17.0],[3.0,16.0],[8.0,12.0]],[[71.0,3.0],[69.0,5.0],[27.0,14.0]],[[77.0,10.0],[35.0,27.0],[51.0,19.0]]]},
"G51": {"type": "Matrix3x3", "payoffs": [[[45.0,13.0],[57.0,8.0],[27.0,9.0]],[[60.0,2.0],[38.0,0.0],[56.0,19.0]],[[5.0,10.0],[6.0,18.0],[22.0,5.0]]]},
"G52": {"type": "Matrix3x3", "payoffs": [[[38.0,14.0],[38.0,35.0],[6.0,19.0]],[[79.0,2.0],[50.0,18.0],[64.0,28.0]],[[11.0,20.0],[69.0,36.0],[17.0,27.0]]]},
"G53": {"type": "Matrix3x3", "payoffs": [[[3.0,3.0],[2.0,2.0],[4.0,1.0]],[[4.0,1.0],[3.0,2.0],[1.0,2.0]],[[1.0,0.0],[2.0,5.0],[4.0,2.0]]]},
"G54": {"type": "Matrix3x3", "payoffs": [[[12.0,14.0],[50.0,15.0],[43.0,11.0]],[[78.0,12.0],[72.0,1.0],[41.0,8.0]],[[10.0,5.0],[56.0,15.0],[22.0,9.0]]]},
"G55": {"type": "Matrix3x3", "payoffs": [[[55.0,29.0],[22.0,41.0],[94.0,45.0]],[[94.0,33.0],[87.0,7.0],[57.0,59.0]],[[13.0,10.0],[88.0,2.0],[7.0,24.0]]]},
"G56": {"type": "Matrix3x3", "payoffs": [[[33.0,30.0],[23.0,27.0],[6.0,7.0]],[[17.0,14.0],[8.0,13.0],[26.0,18.0]],[[25.0,3.0],[11.0,2.0],[7.0,30.0]]]},
"G57": {"type": "Matrix3x3", "payoffs": [[[6.0,28.0],[1.0,10.0],[29.0,22.0]],[[26.0,5.0],[44.0,21.0],[13.0,16.0]],[[31.0,27.0],[13.0,23.0],[36.0,28.0]]]},
"G58": {"type": "Matrix3x3", "payoffs": [[[11.0,3.0],[3.0,2.0],[6.0,2.0]],[[7.0,2.0],[14.0,2.0],[12.0,5.0]],[[17.0,4.0],[7.0,3.0],[17.0,4.0]]]},
"G59": {"type": "Matrix3x3", "payoffs": [[[46.0,5.0],[31.0,6.0],[36.0,6.0]],[[23.0,13.0],[37.0,1.0],[7.0,1.0]],[[5.0,4.0],[7.0,14.0],[23.0,14.0]]]},
"G60": {"type": "Matrix3x3", "payoffs": [[[32.0,1.0],[27.0,13.0],[36.0,5.0]],[[14.0,4.0],[33.0,11.0],[2.0,14.0]],[[32.0,8.0],[3.0,3.0],[36.0,4.0]]]},
"G61": {"type": "Matrix3x3", "payoffs": [[[28.0,3.0],[24.0,29.0],[10.0,14.0]],[[15.0,9.0],[29.0,26.0],[25.0,40.0]],[[6.0,38.0],[11.0,5.0],[16.0,18.0]]]},
"G62": {"type": "Matrix3x3", "payoffs": [[[17.0,82.0],[54.0,2.0],[2.0,46.0]],[[43.0,21.0],[1.0,67.0],[19.0,1.0]],[[36.0,37.0],[26.0,32.0],[23.0,54.0]]]},
"G63": {"type": "Matrix3x3", "payoffs": [[[0.0,42.0],[4.0,86.0],[3.0,85.0]],[[1.0,6.0],[2.0,71.0],[3.0,86.0]],[[1.0,63.0],[0.0,11.0],[3.0,4.0]]]},
"G64": {"type": "Matrix3x3", "payoffs": [[[92.0,69.0],[37.0,36.0],[33.0,7.0]],[[18.0,26.0],[46.0,56.0],[22.0,18.0]],[[37.0,27.0],[18.0,13.0],[81.0,48.0]]]},
"G65": {"type": "Matrix3x3", "payoffs": [[[1.0,47.0],[2.0,73.0],[1.0,9.0]],[[2.0,63.0],[1.0,23.0],[0.0,16.0]],[[2.0,36.0],[1.0,66.0],[1.0,6.0]]]},
"G66": {"type": "Matrix3x3", "payoffs": [[[17.0,12.0],[45.0,7.0],[33.0,1.0]],[[33.0,4.0],[63.0,3.0],[18.0,11.0]],[[20.0,6.0],[21.0,7.0],[20.0,6.0]]]},
"G67": {"type": "Matrix3x3", "payoffs": [[[24.0,9.0],[3.0,2.0],[3.0,10.0]],[[23.0,2.0],[3.0,3.0],[17.0,4.0]],[[16.0,2.0],[1.0,7.0],[16.0,8.0]]]},
"G68": {"type": "Matrix3x3", "payoffs": [[[89.0,8.0],[28.0,23.0],[48.0,38.0]],[[10.0,28.0],[58.0,32.0],[11.0,15.0]],[[25.0,13.0],[44.0,22.0],[85.0,16.0]]]},
"G69": {"type": "Matrix3x3", "payoffs": [[[9.0,22.0],[3.0,18.0],[6.0,4.0]],[[17.0,30.0],[17.0,24.0],[10.0,1.0]],[[14.0,21.0],[5.0,10.0],[2.0,38.0]]]},
"G70": {"type": "Matrix3x3", "payoffs": [[[7.0,22.0],[3.0,9.0],[7.0,53.0]],[[3.0,46.0],[7.0,61.0],[4.0,26.0]],[[2.0,64.0],[2.0,31.0],[2.0,69.0]]]},
"G71": {"type": "Matrix3x3", "payoffs": [[[12.0,36.0],[34.0,40.0],[67.0,42.0]],[[0.0,19.0],[23.0,29.0],[48.0,2.0]],[[39.0,9.0],[38.0,40.0],[31.0,35.0]]]},
"G72": {"type": "Matrix3x3", "payoffs": [[[5.0,5.0],[3.0,7.0],[2.0,16.0]],[[6.0,10.0],[1.0,1.0],[3.0,16.0]],[[0.0,10.0],[1.0,17.0],[6.0,17.0]]]},
"G73": {"type": "Matrix3x3", "payoffs": [[[6.0,34.0],[7.0,16.0],[4.0,0.0]],[[7.0,28.0],[5.0,41.0],[3.0,25.0]],[[4.0,14.0],[5.0,38.0],[3.0,40.0]]]},
"G74": {"type": "Matrix3x3", "payoffs": [[[23.0,50.0],[30.0,65.0],[17.0,67.0]],[[21.0,64.0],[29.0,21.0],[4.0,59.0]],[[19.0,70.0],[16.0,45.0],[25.0,0.0]]]},
"G75": {"type": "Matrix3x3", "payoffs": [[[52.0,61.0],[31.0,49.0],[58.0,59.0]],[[16.0,14.0],[46.0,33.0],[67.0,45.0]],[[39.0,87.0],[9.0,68.0],[28.0,82.0]]]},
"G76": {"type": "Matrix3x3", "payoffs": [[[30.0,4.0],[21.0,4.0],[62.0,4.0]],[[54.0,4.0],[13.0,4.0],[75.0,2.0]],[[45.0,0.0],[11.0,0.0],[29.0,2.0]]]},
"G77": {"type": "Matrix3x3", "payoffs": [[[7.0,98.0],[10.0,76.0],[45.0,52.0]],[[26.0,20.0],[41.0,18.0],[39.0,92.0]],[[58.0,66.0],[50.0,94.0],[18.0,3.0]]]},
"G78": {"type": "Matrix3x3", "payoffs": [[[6.0,71.0],[6.0,12.0],[3.0,0.0]],[[2.0,1.0],[1.0,32.0],[1.0,57.0]],[[2.0,30.0],[4.0,66.0],[4.0,21.0]]]},
"G79": {"type": "Matrix3x3", "payoffs": [[[18.0,5.0],[1.0,8.0],[24.0,2.0]],[[19.0,1.0],[2.0,5.0],[6.0,3.0]],[[2.0,8.0],[9.0,2.0],[2.0,9.0]]]},
"G80": {"type": "Matrix3x3", "payoffs": [[[21.0,23.0],[46.0,19.0],[67.0,43.0]],[[74.0,50.0],[69.0,32.0],[64.0,1.0]],[[15.0,25.0],[9.0,40.0],[71.0,50.0]]]},
"G81": {"type": "Matrix3x3", "payoffs": [[[36.0,11.0],[52.0,6.0],[68.0,30.0]],[[27.0,13.0],[80.0,10.0],[79.0,26.0]],[[61.0,20.0],[24.0,11.0],[23.0,17.0]]]},
"G82": {"type": "Matrix3x3", "payoffs": [[[43.0,13.0],[27.0,8.0],[15.0,11.0]],[[42.0,14.0],[10.0,6.0],[57.0,8.0]],[[56.0,9.0],[12.0,11.0],[39.0,7.0]]]},
"G83": {"type": "Matrix3x3", "payoffs": [[[21.0,56.0],[34.0,60.0],[5.0,83.0]],[[20.0,19.0],[9.0,19.0],[35.0,13.0]],[[25.0,84.0],[16.0,12.0],[35.0,88.0]]]},
"G84": {"type": "Matrix3x3", "payoffs": [[[4.0,3.0],[1.0,4.0],[4.0,13.0]],[[4.0,8.0],[4.0,7.0],[2.0,12.0]],[[1.0,16.0],[1.0,17.0],[0.0,18.0]]]},
"G85": {"type": "Matrix3x3", "payoffs": [[[0.0,69.0],[2.0,61.0],[1.0,48.0]],[[0.0,72.0],[1.0,39.0],[1.0,67.0]],[[1.0,35.0],[0.0,25.0],[0.0,42.0]]]},
"G86": {"type": "Matrix3x3", "payoffs": [[[9.0,28.0],[13.0,57.0],[3.0,55.0]],[[16.0,15.0],[39.0,37.0],[27.0,3.0]],[[32.0,49.0],[19.0,36.0],[40.0,5.0]]]},
"G87": {"type": "Matrix3x3", "payoffs": [[[3.0,13.0],[0.0,38.0],[1.0,61.0]],[[2.0,36.0],[1.0,40.0],[3.0,14.0]],[[3.0,8.0],[1.0,43.0],[3.0,39.0]]]},
"G88": {"type": "Matrix3x3", "payoffs": [[[8.0,6.0],[27.0,25.0],[11.0,35.0]],[[18.0,21.0],[18.0,29.0],[2.0,18.0]],[[22.0,12.0],[7.0,21.0],[21.0,6.0]]]},
"G89": {"type": "Matrix3x3", "payoffs": [[[5.0,2.0],[6.0,0.0],[1.0,2.0]],[[5.0,2.0],[5.0,1.0],[3.0,1.0]],[[6.0,1.0],[2.0,2.0],[7.0,2.0]]]},
"G90": {"type": "Matrix3x3", "payoffs": [[[29.0,15.0],[52.0,21.0],[38.0,27.0]],[[52.0,12.0],[9.0,19.0],[37.0,17.0]],[[10.0,23.0],[31.0,19.0],[17.0,26.0]]]},
"G91": {"type": "Matrix3x3", "payoffs": [[[26.0,51.0],[5.0,57.0],[14.0,23.0]],[[4.0,2.0],[26.0,32.0],[17.0,4.0]],[[10.0,34.0],[16.0,55.0],[23.0,64.0]]]},
"G92": {"type": "Matrix3x3", "payoffs": [[[49.0,31.0],[31.0,4.0],[48.0,25.0]],[[0.0,13.0],[40.0,53.0],[40.0,50.0]],[[49.0,32.0],[31.0,18.0],[32.0,32.0]]]},
"G93": {"type": "Matrix3x3", "payoffs": [[[40.0,1.0],[8.0,0.0],[53.0,1.0]],[[70.0,0.0],[19.0,0.0],[21.0,0.0]],[[15.0,0.0],[73.0,0.0],[25.0,1.0]]]},
"G94": {"type": "Matrix3x3", "payoffs": [[[4.0,6.0],[3.0,9.0],[3.0,7.0]],[[0.0,7.0],[2.0,10.0],[5.0,20.0]],[[1.0,18.0],[5.0,0.0],[6.0,5.0]]]},
"G95": {"type": "Matrix3x3", "payoffs": [[[43.0,88.0],[69.0,22.0],[38.0,53.0]],[[42.0,7.0],[29.0,67.0],[41.0,15.0]],[[49.0,28.0],[39.0,2.0],[48.0,34.0]]]},
"G96": {"type": "Matrix3x3", "payoffs": [[[1.0,12.0],[0.0,33.0],[5.0,19.0]],[[3.0,15.0],[6.0,16.0],[7.0,31.0]],[[1.0,7.0],[3.0,8.0],[5.0,40.0]]]},
"G97": {"type": "Matrix3x3", "payoffs": [[[66.0,46.0],[47.0,4.0],[50.0,43.0]],[[34.0,20.0],[73.0,11.0],[22.0,46.0]],[[57.0,27.0],[29.0,12.0],[64.0,52.0]]]},
"G98": {"type": "Matrix3x3", "payoffs": [[[6.0,11.0],[27.0,8.0],[2.0,1.0]],[[3.0,4.0],[19.0,10.0],[18.0,11.0]],[[42.0,13.0],[26.0,0.0],[10.0,14.0]]]},
"G99": {"type": "Matrix3x3", "payoffs": [[[30.0,59.0],[2.0,36.0],[13.0,21.0]],[[13.0,20.0],[33.0,18.0],[18.0,47.0]],[[40.0,9.0],[84.0,44.0],[44.0,23.0]]]},
"G100": {"type": "Matrix3x3", "payoffs": [[[30.0,33.0],[21.0,45.0],[16.0,23.0]],[[30.0,46.0],[31.0,0.0],[8.0,22.0]],[[21.0,23.0],[3.0,24.0],[22.0,8.0]]]}
}