{
"numGames": 100,
"G1": {"type": "Matrix3x3", "payoffs": [[[1.0,30.0],[1.0,41.0],[3.0,18.0]],[[4.0,45.0],[4.0,27.0],[5.0,5.0]],[[1.0,41.0],[2.0,0.0],[3.0,43.0]]]},
"G2": {"type": "Matrix3x3", "payoffs": [[[10.0,1.0],[57.0,7.0],[34.0,31.0]],[[77.0,40.0],[81.0,13.0],[73.0,6.0]],[[36.0,1.0],[40.0,26.0],[70.0,5.0]]]},
"G3": {"type": "Matrix3x3", "payoffs": [[[51.0,54.0],[43.0,34.0],[55.0,84.0]],[[3.0,63.0],[24.0,6.0],[30.0,4.0]],[[39.0,89.0],[14.0,97.0],[13.0,9.0]]]},
"G4": {"type": "Matrix3x3", "payoffs": [[[17.0,3.0],[25.0,6.0],[23.0,17.0]],[[46.0,25.0],[30.0,35.0],[27.0,33.0]],[[29.0,19.0],[19.0,36.0],[51.0,15.0]]]},
"G5": {"type": "Matrix3x3", "payoffs": [[[30.0,12.0],[9.0,0.0],[18.0,20.0]],[[49.0,3.0],[28.0,13.0],[53.0,10.0]],[[57.0,14.0],[70.0,10.0],[67.0,8.0]]]},
"G6": {"type": "Matrix3x3", "payoffs": [[[19.0,3.0],[12.0,5.0],[31.0,5.0]],[[11.0,4.0],[38.0,5.0],[9.0,3.0]],[[42.0,6.0],[29.0,5.0],[30.0,6.0]]]},
"G7": {"type": "Matrix3x3", "payoffs": [[[28.0,22.0],[25.0,15.0],[30.0,11.0]],[[33.0,3.0],[49.0,27.0],[16.0,32.0]],[[25.0,27.0],[12.0,8.0],[23.0,6.0]]]},
"G8": {"type": "Matrix3x3", "payoffs": [[[19.0,2.0],[16.0,3.0],[30.0,3.0]],[[56.0,3.0],[56.0,0.0],[3.0,3.0]],[[14.0,3.0],[37.0,3.0],[58.0,0.0]]]},
"G9": {"type": "Matrix3x3", "payoffs": [[[15.0,7.0],[24.0,44.0],[4.0,58.0]],[[5.0,63.0],[23.0,50.0],[23.0,71.0]],[[2.0,9.0],[16.0,73.0],[24.0,27.0]]]},
"G10": {"type": "Matrix3x3", "payoffs": [[[11.0,9.0],[1.0,32.0],[44.0,9.0]],[[17.0,13.0],[17.0,26.0],[48.0,19.0]],[[15.0,4.0],[50.0,29.0],[25.0,3.0]]]},
"G11": {"type": "Matrix3x3", "payoffs": [[[12.0,3.0],[14.0,4.0],[24.0,5.0]],[[14.0,2.0],[19.0,0.0],[22.0,2.0]],[[19.0,5.0],[10.0,2.0],[22.0,2.0]]]},
"G12": {"type": "Matrix3x3", "payoffs": [[[3.0,13.0],[4.0,7.0],[17.0,23.0]],[[21.0,7.0],[19.0,9.0],[20.0,15.0]],[[17.0,3.0],[12.0,15.0],[22.0,23.0]]]},
"G13": {"type": "Matrix3x3", "payoffs": [[[85.0,1.0],[45.0,11.0],[31.0,8.0]],[[58.0,12.0],[32.0,5.0],[3.0,11.0]],[[37.0,18.0],[69.0,18.0],[60.0,2.0]]]},
"G14": {"type": "Matrix3x3", "payoffs": [[[36.0,21.0],[96.0,3.0],[30.0,8.0]],[[58.0,2.0],[34.0,18.0],[34.0,1.0]],[[30.0,16.0],[8.0,8.0],[36.0,16.0]]]},
"G15": {"type": "Matrix3x3", "payoffs": [[[65.0,7.0],[65.0,31.0],[18.0,27.0]],[[3.0,21.0],[58.0,14.0],[80.0,0.0]],[[30.0,23.0],[16.0,14.0],[46.0,17.0]]]},
"G16": {"type": "Matrix3x3", "payoffs": [[[2.0,26.0],[3.0,31.0],[10.0,0.0]],[[3.0,6.0],[7.0,26.0],[13.0,41.0]],[[12.0,70.0],[7.0,67.0],[3.0,41.0]]]},
"G17": {"type": "Matrix3x3", "payoffs": [[[45.0,17.0],[48.0,6.0],[50.0,7.0]],[[63.0,14.0],[44.0,2.0],[11.0,0.0]],[[27.0,28.0],[52.0,27.0],[55.0,6.0]]]},
"G18": {"type": "Matrix3x3", "payoffs": [[[5.0,7.0],[7.0,27.0],[2.0,27.0]],[[6.0,26.0],[6.0,29.0],[7.0,8.0]],[[3.0,18.0],[0.0,33.0],[6.0,14.0]]]},
"G19": {"type": "Matrix3x3", "payoffs": [[[1.0,15.0],[11.0,18.0],[54.0,2.0]],[[37.0,5.0],[32.0,33.0],[20.0,2.0]],[[5.0,9.0],[26.0,1.0],[25.0,20.0]]]},
"G20": {"type": "Matrix3x3", "payoffs": [[[5.0,5.0],[7.0,15.0],[7.0,9.0]],[[9.0,1.0],[0.0,6.0],[7.0,5.0]],[[0.0,8.0],[2.0,13.0],[0.0,14.0]]]},
"G21": {"type": "Matrix3x3", "payoffs": [[[4.0,9.0],[7.0,7.0],[1.0,8.0]],[[5.0,8.0],[3.0,4.0],[12.0,7.0]],[[3.0,8.0],[4.0,2.0],[12.0,2.0]]]},
"G22": {"type": "Matrix3x3", "payoffs": [[[1.0,31.0],[3.0,3.0],[1.0,42.0]],[[6.0,5.0],[5.0,3.0],[2.0,54.0]],[[1.0,49.0],[1.0,0.0],[6.0,58.0]]]},
"G23": {"type": "Matrix3x3", "payoffs": [[[27.0,12.0],[35.0,28.0],[62.0,44.0]],[[5.0,29.0],[59.0,25.0],[31.0,0.0]],[[35.0,14.0],[2.0,14.0],[54.0,29.0]]]},
"G24": {"type": "Matrix3x3", "payoffs": [[[36.0,42.0],[10.0,53.0],[34.0,41.0]],[[49.0,33.0],[4.0,16.0],[4.0,41.0]],[[57.0,4.0],[61.0,26.0],[55.0,27.0]]]},
"G25": {"type": "Matrix3x3", "payoffs": [[[38.0,16.0],[43.0,29.0],[20.0,4.0]],[[3.0,12.0],[12.0,1.0],[11.0,15.0]],[[38.0,6.0],[48.0,15.0],[28.0,9.0]]]},
"G26": {"type": "Matrix3x3", "payoffs": [[[20.0,26.0],[28.0,66.0],[6.0,14.0]],[[7.0,39.0],[30.0,45.0],[45.0,18.0]],[[40.0,29.0],[52.0,22.0],[17.0,10.0]]]},
"G27": {"type": "Matrix3x3", "payoffs": [[[18.0,1.0],[12.0,1.0],[72.0,3.0]],[[18.0,3.0],[66.0,1.0],[21.0,2.0]],[[71.0,1.0],[31.0,3.0],[50.0,1.0]]]},
"G28": {"type": "Matrix3x3", "payoffs": [[[29.0,2.0],[33.0,30.0],[46.0,2.0]],[[34.0,23.0],[17.0,9.0],[18.0,0.0]],[[24.0,9.0],[37.0,1.0],[50.0,4.0]]]},
"G29": {"type": "Matrix3x3", "payoffs": [[[49.0,12.0],[31.0,3.0],[42.0,8.0]],[[30.0,3.0],[6.0,2.0],[34.0,13.0]],[[40.0,3.0],[13.0,8.0],[4.0,4.0]]]},
"G30": {"type": "Matrix3x3", "payoffs": [[[6.0,7.0],[4.0,10.0],[8.0,6.0]],[[0.0,3.0],[9.0,13.0],[10.0,2.0]],[[1.0,14.0],[8.0,23.0],[10.0,12.0]]]},
"G31": {"type": "Matrix3x3", "payoffs": [[[16.0,15.0],[17.0,11.0],[14.0,13.0]],[[19.0,38.0],[23.0,26.0],[21.0,1.0]],[[15.0,12.0],[13.0,28.0],[5.0,34.0]]]},
"G32": {"type": "Matrix3x3", "payoffs": [[[78.0,54.0],[69.0,73.0],[35.0,33.0]],[[13.0,28.0],[64.0,78.0],[84.0,25.0]],[[30.0,81.0],[34.0,18.0],[16.0,55.0]]]},
"G33": {"type": "Matrix3x3", "payoffs": [[[59.0,60.0],[8.0,48.0],[63.0,65.0]],[[78.0,3.0],[26.0,29.0],[77.0,53.0]],[[38.0,63.0],[50.0,47.0],[31.0,45.0]]]},
"G34": {"type": "Matrix3x3", "payoffs": [[[23.0,14.0],[17.0,20.0],[2.0,20.0]],[[42.0,16.0],[37.0,11.0],[25.0,18.0]],[[40.0,24.0],[27.0,14.0],[9.0,24.0]]]},
"G35": {"type": "Matrix3x3", "payoffs": [[[2.0,38.0],[2.0,75.0],[6.0,56.0]],[[14.0,28.0],[16.0,14.0],[10.0,28.0]],[[18.0,48.0],[16.0,78.0],[19.0,1.0]]]},
"G36": {"type": "Matrix3x3", "payoffs": [[[6.0,7.0],[8.0,26.0],[3.0,42.0]],[[15.0,67.0],[2.0,64.0],[1.0,89.0]],[[7.0,75.0],[3.0,5.0],[16.0,80.0]]]},
"G37": {"type": "Matrix3x3", "payoffs": [[[0.0,14.0],[0.0,93.0],[0.0,86.0]],[[0.0,13.0],[0.0,77.0],[0.0,18.0]],[[0.0,28.0],[0.0,72.0],[0.0,46.0]]]},
"G38": {"type": "Matrix3x3", "payoffs": [[[4.0,17.0],[32.0,17.0],[33.0,34.0]],[[49.0,12.0],[6.0,12.0],[48.0,27.0]],[[34.0,56.0],[37.0,59.0],[15.0,55.0]]]},
"G39": {"type": "Matrix3x3", "payoffs": [[[16.0,4.0],[43.0,4.0],[35.0,2.0]],[[7.0,0.0],[11.0,3.0],[24.0,2.0]],[[17.0,4.0],[18.0,4.0],[42.0,3.0]]]},
"G40": {"type": "Matrix3x3", "payoffs": [[[18.0,7.0],[10.0,2.0],[22.0,12.0]],[[34.0,8.0],[13.0,6.0],[10.0,11.0]],[[32.0,8.0],[31.0,5.0],[12.0,6.0]]]},
"G41": {"type": "Matrix3x3", "payoffs": [[[33.0,68.0],[36.0,68.0],[31.0,43.0]],[[20.0,47.0],[27.0,2.0],[30.0,47.0]],[[29.0,14.0],[28.0,13.0],[10.0,4.0]]]},
"G42": {"type": "Matrix3x3", "payoffs": [[[47.0,85.0],[24.0,52.0],[4.0,1.0]],[[28.0,51.0],[5.0,32.0],[32.0,61.0]],[[31.0,56.0],[46.0,55.0],[29.0,79.0]]]},
"G43": {"type": "Matrix3x3", "payoffs": [[[47.0,19.0],[46.0,70.0],[32.0,33.0]],[[15.0,50.0],[47.0,32.0],[5.0,13.0]],[[27.0,18.0],[24.0,9.0],[24.0,26.0]]]},
"G44": {"type": "Matrix3x3", "payoffs": [[[41.0,28.0],[49.0,24.0],[19.0,1.0]],[[9.0,47.0],[52.0,22.0],[2.0,7.0]],[[36.0,33.0],[54.0,17.0],[6.0,29.0]]]},
"G45": {"type": "Matrix3x3", "payoffs": [[[24.0,8.0],[8.0,1.0],[18.0,1.0]],[[4.0,10.0],[26.0,3.0],[9.0,4.0]],[[16.0,10.0],[1.0,4.0],[18.0,18.0]]]},
"G46": {"type": "Matrix3x3", "payoffs": [[[2.0,19.0],[1.0,23.0],[2.0,15.0]],[[6.0,2.0],[6.0,18.0],[1.0,21.0]],[[1.0,23.0],[4.0,1.0],[8.0,13.0]]]},
"G47": {"type": "Matrix3x3", "payoffs": [[[14.0,46.0],[7.0,1.0],[14.0,5.0]],[[18.0,26.0],[3.0,55.0],[11.0,38.0]],[[2.0,28.0],[0.0,59.0],[7.0,14.0]]]},
"G48": {"type": "Matrix3x3", "payoffs": [[[4.0,25.0],[0.0,13.0],[14.0,16.0]],[[11.0,20.0],[34.0,3.0],[27.0,25.0]],[[8.0,31.0],[17.0,11.0],[12.0,18.0]]]},
"G49": {"type": "Matrix3x3", "payoffs": [[[3.0,8.0],[63.0,46.0],[55.0,3.0]],[[42.0,13.0],[86.0,24.0],[71.0,19.0]],[[23.0,41.0],[4.0,15.0],[63.0,17.0]]]},
"G50": {"type": "Matrix3x3", "payoffs": [[[10.0,22.0],[27.0,14.0],[34.0,14.0]],[[18.0,12.0],[11.0,20.0],[11.0,12.0]],[[14.0,7.0],[17.0,8.0],[30.0,26.0]]]},
"G51": {"type": "Matrix3x3", "payoffs": [[[50.0,95.0],[25.0,84.0],[37.0,92.0]],[[30.0,93.0],[46.0,16.0],[32.0,37.0]],[[27.0,11.0],[23.0,98.0],[0.0,1.0]]]},
"G52": {"type": "Matrix3x3", "payoffs": [[[23.0,40.0],[28.0,44.0],[34.0,6.0]],[[37.0,51.0],[15.0,7.0],[3.0,49.0]],[[15.0,50.0],[41.0,10.0],[25.0,49.0]]]},
"G53": {"type": "Matrix3x3", "payoffs": [[[8.0,22.0],[0.0,1.0],[11.0,21.0]],[[11.0,21.0],[11.0,5.0],[10.0,15.0]],[[2.0,15.0],[9.0,10.0],[7.0,2.0]]]},
"G54": {"type": "Matrix3x3", "payoffs": [[[22.0,12.0],[52.0,3.0],[46.0,24.0]],[[37.0,13.0],[54.0,4.0],[40.0,22.0]],[[1.0,1.0],[29.0,9.0],[40.0,5.0]]]},
"G55": {"type": "Matrix3x3", "payoffs": [[[2.0,34.0],[6.0,3.0],[4.0,4.0]],[[12.0,7.0],[6.0,35.0],[4.0,6.0]],[[15.0,14.0],[13.0,23.0],[13.0,27.0]]]},
"G56": {"type": "Matrix3x3", "payoffs": [[[30.0,24.0],[14.0,41.0],[2.0,44.0]],[[23.0,19.0],[22.0,40.0],[7.0,24.0]],[[35.0,11.0],[10.0,36.0],[26.0,43.0]]]},
"G57": {"type": "Matrix3x3", "payoffs": [[[8.0,39.0],[1.0,21.0],[21.0,7.0]],[[51.0,2.0],[29.0,47.0],[59.0,43.0]],[[35.0,20.0],[61.0,4.0],[16.0,31.0]]]},
"G58": {"type": "Matrix3x3", "payoffs": [[[20.0,44.0],[10.0,32.0],[35.0,22.0]],[[16.0,35.0],[48.0,31.0],[68.0,27.0]],[[60.0,48.0],[25.0,18.0],[69.0,29.0]]]},
"G59": {"type": "Matrix3x3", "payoffs": [[[6.0,18.0],[68.0,40.0],[20.0,54.0]],[[50.0,73.0],[12.0,10.0],[24.0,24.0]],[[16.0,61.0],[62.0,3.0],[54.0,38.0]]]},
"G60": {"type": "Matrix3x3", "payoffs": [[[1.0,57.0],[3.0,44.0],[3.0,3.0]],[[5.0,62.0],[4.0,3.0],[10.0,27.0]],[[19.0,15.0],[17.0,10.0],[10.0,44.0]]]},
"G61": {"type": "Matrix3x3", "payoffs": [[[3.0,3.0],[39.0,10.0],[16.0,23.0]],[[49.0,32.0],[35.0,33.0],[12.0,0.0]],[[5.0,7.0],[31.0,22.0],[29.0,10.0]]]},
"G62": {"type": "Matrix3x3", "payoffs": [[[4.0,21.0],[11.0,5.0],[9.0,12.0]],[[4.0,20.0],[12.0,17.0],[13.0,12.0]],[[8.0,14.0],[9.0,1.0],[8.0,19.0]]]},
"G63": {"type": "Matrix3x3", "payoffs": [[[5.0,11.0],[6.0,11.0],[0.0,33.0]],[[1.0,88.0],[4.0,45.0],[4.0,69.0]],[[4.0,6.0],[5.0,25.0],[5.0,78.0]]]},
"G64": {"type": "Matrix3x3", "payoffs": [[[44.0,9.0],[55.0,25.0],[57.0,13.0]],[[46.0,37.0],[87.0,45.0],[1.0,37.0]],[[39.0,7.0],[79.0,37.0],[53.0,35.0]]]},
"G65": {"type": "Matrix3x3", "payoffs": [[[6.0,96.0],[6.0,37.0],[4.0,92.0]],[[8.0,22.0],[8.0,95.0],[7.0,95.0]],[[8.0,23.0],[2.0,11.0],[5.0,60.0]]]},
"G66": {"type": "Matrix3x3", "payoffs": [[[15.0,26.0],[12.0,55.0],[12.0,8.0]],[[2.0,37.0],[3.0,73.0],[0.0,24.0]],[[2.0,85.0],[3.0,78.0],[0.0,79.0]]]},
"G67": {"type": "Matrix3x3", "payoffs": [[[0.0,45.0],[0.0,42.0],[0.0,51.0]],[[0.0,39.0],[0.0,58.0],[0.0,54.0]],[[0.0,16.0],[0.0,16.0],[0.0,27.0]]]},
"G68": {"type": "Matrix3x3", "payoffs": [[[8.0,10.0],[9.0,28.0],[1.0,15.0]],[[3.0,49.0],[0.0,15.0],[7.0,31.0]],[[8.0,55.0],[0.0,63.0],[10.0,30.0]]]},
"G69": {"type": "Matrix3x3", "payoffs": [[[8.0,19.0],[37.0,52.0],[50.0,33.0]],[[32.0,69.0],[8.0,3.0],[48.0,12.0]],[[55.0,38.0],[59.0,39.0],[14.0,35.0]]]},
"G70": {"type": "Matrix3x3", "payoffs": [[[42.0,22.0],[47.0,18.0],[38.0,30.0]],[[31.0,9.0],[46.0,17.0],[11.0,37.0]],[[14.0,13.0],[17.0,10.0],[31.0,28.0]]]},
"G71": {"type": "Matrix3x3", "payoffs": [[[12.0,15.0],[9.0,15.0],[6.0,18.0]],[[1.0,13.0],[0.0,5.0],[2.0,3.0]],[[10.0,17.0],[11.0,2.0],[2.0,5.0]]]},
"G72": {"type": "Matrix3x3", "payoffs": [[[29.0,31.0],[21.0,20.0],[35.0,35.0]],[[24.0,17.0],[85.0,2.0],[41.0,50.0]],[[26.0,31.0],[36.0,39.0],[83.0,49.0]]]},
"G73": {"type": "Matrix3x3", "payoffs": [[[26.0,81.0],[29.0,4.0],[19.0,68.0]],[[17.0,21.0],[17.0,30.0],[5.0,11.0]],[[25.0,19.0],[19.0,35.0],[12.0,15.0]]]},
"G74": {"type": "Matrix3x3", "payoffs": [[[21.0,21.0],[11.0,20.0],[31.0,6.0]],[[19.0,20.0],[11.0,30.0],[8.0,26.0]],[[30.0,3.0],[23.0,15.0],[12.0,1.0]]]},
"G75": {"type": "Matrix3x3", "payoffs": [[[3.0,27.0],[74.0,22.0],[18.0,4.0]],[[68.0,10.0],[74.0,28.0],[2.0,41.0]],[[67.0,1.0],[35.0,33.0],[14.0,14.0]]]},
"G76": {"type": "Matrix3x3", "payoffs": [[[8.0,36.0],[21.0,16.0],[19.0,34.0]],[[18.0,43.0],[9.0,18.0],[12.0,26.0]],[[2.0,53.0],[18.0,2.0],[14.0,4.0]]]},
"G77": {"type": "Matrix3x3", "payoffs": [[[3.0,7.0],[6.0,41.0],[1.0,36.0]],[[0.0,6.0],[5.0,10.0],[3.0,38.0]],[[4.0,6.0],[1.0,28.0],[5.0,21.0]]]},
"G78": {"type": "Matrix3x3", "payoffs": [[[16.0,58.0],[27.0,41.0],[22.0,3.0]],[[17.0,26.0],[17.0,68.0],[32.0,24.0]],[[18.0,31.0],[14.0,19.0],[26.0,27.0]]]},
"G79": {"type": "Matrix3x3", "payoffs": [[[4.0,3.0],[3.0,11.0],[1.0,15.0]],[[2.0,33.0],[3.0,18.0],[0.0,37.0]],[[0.0,11.0],[3.0,27.0],[4.0,6.0]]]},
"G80": {"type": "Matrix3x3", "payoffs": [[[8.0,3.0],[0.0,5.0],[63.0,4.0]],[[1.0,1.0],[56.0,8.0],[49.0,2.0]],[[61.0,1.0],[31.0,7.0],[51.0,1.0]]]},
"G81": {"type": "Matrix3x3", "payoffs": [[[62.0,85.0],[13.0,80.0],[74.0,47.0]],[[66.0,47.0],[9.0,10.0],[53.0,45.0]],[[66.0,12.0],[51.0,56.0],[53.0,31.0]]]},
"G82": {"type": "Matrix3x3", "payoffs": [[[11.0,7.0],[8.0,2.0],[6.0,1.0]],[[14.0,3.0],[16.0,7.0],[17.0,7.0]],[[6.0,2.0],[14.0,5.0],[5.0,1.0]]]},
"G83": {"type": "Matrix3x3", "payoffs": [[[11.0,29.0],[13.0,11.0],[59.0,8.0]],[[45.0,19.0],[8.0,17.0],[21.0,12.0]],[[49.0,30.0],[40.0,9.0],[24.0,31.0]]]},
"G84": {"type": "Matrix3x3", "payoffs": [[[2.0,37.0],[26.0,44.0],[22.0,29.0]],[[21.0,16.0],[28.0,44.0],[1.0,21.0]],[[27.0,45.0],[30.0,37.0],[26.0,57.0]]]},
"G85": {"type": "Matrix3x3", "payoffs": [[[3.0,3.0],[4.0,7.0],[38.0,22.0]],[[10.0,15.0],[12.0,7.0],[45.0,7.0]],[[47.0,19.0],[58.0,15.0],[18.0,1.0]]]},
"G86": {"type": "Matrix3x3", "payoffs": [[[61.0,30.0],[52.0,58.0],[52.0,21.0]],[[65.0,31.0],[27.0,43.0],[63.0,18.0]],[[47.0,33.0],[43.0,18.0],[73.0,44.0]]]},
"G87": {"type": "Matrix3x3", "payoffs": [[[20.0,45.0],[60.0,24.0],[12.0,50.0]],[[26.0,51.0],[56.0,9.0],[15.0,12.0]],[[73.0,20.0],[34.0,6.0],[74.0,37.0]]]},
"G88": {"type": "Matrix3x3", "payoffs": [[[49.0,28.0],[39.0,31.0],[7.0,41.0]],[[43.0,16.0],[18.0,38.0],[28.0,40.0]],[[23.0,14.0],[45.0,16.0],[30.0,27.0]]]},
"G89": {"type": "Matrix3x3", "payoffs": [[[15.0,21.0],[13.0,10.0],[6.0,11.0]],[[4.0,9.0],[11.0,20.0],[15.0,13.0]],[[1.0,8.0],[12.0,12.0],[18.0,12.0]]]},
"G90": {"type": "Matrix3x3", "payoffs": [[[6.0,1.0],[22.0,79.0],[15.0,64.0]],[[14.0,1.0],[16.0,30.0],[17.0,47.0]],[[25.0,10.0],[4.0,76.0],[18.0,9.0]]]},
"G91": {"type": "Matrix3x3", "payoffs": [[[18.0,0.0],[54.0,23.0],[36.0,7.0]],[[12.0,1.0],[49.0,2.0],[32.0,9.0]],[[47.0,10.0],[15.0,21.0],[56.0,7.0]]]},
"G92": {"type": "Matrix3x3", "payoffs": [[[3.0,7.0],[16.0,24.0],[35.0,3.0]],[[0.0,35.0],[2.0,13.0],[11.0,22.0]],[[25.0,21.0],[21.0,33.0],[13.0,33.0]]]},
"G93": {"type": "Matrix3x3", "payoffs": [[[55.0,19.0],[9.0,16.0],[15.0,1.0]],[[57.0,16.0],[40.0,11.0],[41.0,11.0]],[[56.0,7.0],[20.0,14.0],[18.0,8.0]]]},
"G94": {"type": "Matrix3x3", "payoffs": [[[1.0,12.0],[36.0,7.0],[9.0,42.0]],[[45.0,1.0],[17.0,35.0],[44.0,16.0]],[[9.0,6.0],[46.0,5.0],[25.0,8.0]]]},
"G95": {"type": "Matrix3x3", "payoffs": [[[0.0,43.0],[7.0,53.0],[4.0,54.0]],[[1.0,20.0],[5.0,56.0],[2.0,7.0]],[[1.0,19.0],[9.0,36.0],[5.0,8.0]]]},
"G96": {"type": "Matrix3x3", "payoffs": [[[12.0,17.0],[2.0,16.0],[6.0,9.0]],[[15.0,29.0],[3.0,41.0],[15.0,32.0]],[[3.0,3.0],[2.0,0.0],[0.0,21.0]]]},
"G97": {"type": "Matrix3x3", "payoffs": [[[52.0,6.0],[5.0,7.0],[23.0,11.0]],[[32.0,17.0],[38.0,15.0],[43.0,7.0]],[[11.0,2.0],[23.0,13.0],[54.0,14.0]]]},
"G98": {"type": "Matrix3x3", "payoffs": [[[15.0,47.0],[12.0,89.0],[8.0,8.0]],[[9.0,32.0],[4.0,22.0],[16.0,39.0]],[[13.0,15.0],[17.0,8.0],[5.0,11.0]]]},
"G99": {"type": "Matrix3x3", "payoffs": [[[13.0,8.0],[8.0,11.0],[0.0,2.0]],[[10.0,5.0],[11.0,3.0],[3.0,12.0]],[[8.0,11.0],[8.0,6.0],[5.0,7.0]]]},
"G100": {"type": "Matrix3x3", "payoffs": [[[30.0,28.0],[9.0,61.0],[14.0,57.0]],[[34.0,30.0],[46.0,57.0],[45.0,43.0]],[[12.0,35.0],[42.0,24.0],[45.0,52.0]]]}
}