{
"numGames": 100,
"G1": {"type": "Matrix3x3", "payoffs": [[[30.0,7.0],[15.0,52.0],[34.0,58.0]],[[9.0,78.0],[40.0,55.0],[24.0,23.0]],[[18.0,58.0],[43.0,65.0],[27.0,59.0]]]},
"G2": {"type": "Matrix3x3", "payoffs": [[[21.0,41.0],[45.0,30.0],[5.0,54.0]],[[11.0,25.0],[2.0,21.0],[81.0,9.0]],[[47.0,43.0],[61.0,12.0],[84.0,2.0]]]},
"G3": {"type": "Matrix3x3", "payoffs": [[[16.0,15.0],[35.0,19.0],[42.0,92.0]],[[10.0,91.0],[1.0,86.0],[31.0,2.0]],[[15.0,61.0],[25.0,93.0],[12.0,6.0]]]},
"G4": {"type": "Matrix3x3", "payoffs": [[[21.0,54.0],[23.0,46.0],[28.0,21.0]],[[6.0,57.0],[14.0,45.0],[18.0,7.0]],[[2.0,54.0],[6.0,63.0],[5.0,37.0]]]},
"G5": {"type": "Matrix3x3", "payoffs": [[[32.0,6.0],[56.0,7.0],[42.0,31.0]],[[4.0,22.0],[43.0,13.0],[14.0,40.0]],[[3.0,9.0],[49.0,31.0],[61.0,7.0]]]},
"G6": {"type": "Matrix3x3", "payoffs": [[[44.0,23.0],[23.0,47.0],[37.0,30.0]],[[37.0,14.0],[10.0,57.0],[3.0,49.0]],[[21.0,34.0],[33.0,63.0],[13.0,36.0]]]},
"G7": {"type": "Matrix3x3", "payoffs": [[[5.0,52.0],[9.0,61.0],[11.0,45.0]],[[11.0,41.0],[7.0,71.0],[9.0,80.0]],[[7.0,91.0],[10.0,31.0],[1.0,73.0]]]},
"G8": {"type": "Matrix3x3", "payoffs": [[[32.0,32.0],[33.0,0.0],[31.0,31.0]],[[17.0,14.0],[37.0,30.0],[8.0,26.0]],[[9.0,20.0],[29.0,8.0],[23.0,13.0]]]},
"G9": {"type": "Matrix3x3", "payoffs": [[[4.0,9.0],[12.0,32.0],[1.0,26.0]],[[8.0,47.0],[20.0,33.0],[3.0,17.0]],[[18.0,15.0],[11.0,46.0],[19.0,20.0]]]},
"G10": {"type": "Matrix3x3", "payoffs": [[[19.0,50.0],[4.0,44.0],[49.0,29.0]],[[41.0,8.0],[38.0,4.0],[84.0,30.0]],[[24.0,11.0],[70.0,29.0],[48.0,13.0]]]},
"G11": {"type": "Matrix3x3", "payoffs": [[[0.0,1.0],[0.0,0.0],[0.0,0.0]],[[0.0,1.0],[0.0,1.0],[0.0,1.0]],[[0.0,0.0],[0.0,1.0],[0.0,0.0]]]},
"G12": {"type": "Matrix3x3", "payoffs": [[[12.0,33.0],[12.0,2.0],[33.0,29.0]],[[9.0,31.0],[0.0,9.0],[37.0,1.0]],[[38.0,26.0],[24.0,33.0],[12.0,6.0]]]},
"G13": {"type": "Matrix3x3", "payoffs": [[[6.0,77.0],[11.0,29.0],[11.0,34.0]],[[9.0,75.0],[4.0,76.0],[1.0,53.0]],[[5.0,58.0],[1.0,39.0],[0.0,15.0]]]},
"G14": {"type": "Matrix3x3", "payoffs": [[[22.0,6.0],[16.0,35.0],[18.0,32.0]],[[41.0,17.0],[18.0,16.0],[12.0,57.0]],[[54.0,24.0],[7.0,35.0],[33.0,45.0]]]},
"G15": {"type": "Matrix3x3", "payoffs": [[[7.0,61.0],[5.0,46.0],[0.0,12.0]],[[4.0,57.0],[4.0,81.0],[1.0,70.0]],[[3.0,66.0],[6.0,70.0],[6.0,63.0]]]},
"G16": {"type": "Matrix3x3", "payoffs": [[[8.0,59.0],[18.0,42.0],[33.0,10.0]],[[23.0,51.0],[28.0,51.0],[3.0,33.0]],[[36.0,5.0],[21.0,38.0],[1.0,36.0]]]},
"G17": {"type": "Matrix3x3", "payoffs": [[[5.0,77.0],[6.0,19.0],[5.0,41.0]],[[13.0,88.0],[16.0,27.0],[6.0,15.0]],[[7.0,44.0],[15.0,46.0],[9.0,68.0]]]},
"G18": {"type": "Matrix3x3", "payoffs": [[[25.0,2.0],[42.0,17.0],[26.0,19.0]],[[37.0,2.0],[35.0,17.0],[39.0,22.0]],[[4.0,5.0],[8.0,14.0],[5.0,2.0]]]},
"G19": {"type": "Matrix3x3", "payoffs": [[[32.0,7.0],[15.0,51.0],[6.0,49.0]],[[11.0,15.0],[31.0,12.0],[25.0,6.0]],[[23.0,11.0],[23.0,7.0],[13.0,21.0]]]},
"G20": {"type": "Matrix3x3", "payoffs": [[[12.0,48.0],[7.0,61.0],[5.0,52.0]],[[1.0,20.0],[0.0,61.0],[7.0,74.0]],[[6.0,75.0],[4.0,30.0],[9.0,8.0]]]},
"G21": {"type": "Matrix3x3", "payoffs": [[[2.0,4.0],[6.0,20.0],[8.0,7.0]],[[1.0,1.0],[3.0,12.0],[0.0,3.0]],[[1.0,14.0],[6.0,5.0],[1.0,12.0]]]},
"G22": {"type": "Matrix3x3", "payoffs": [[[20.0,9.0],[60.0,83.0],[22.0,91.0]],[[22.0,20.0],[10.0,28.0],[1.0,87.0]],[[1.0,22.0],[50.0,30.0],[51.0,29.0]]]},
"G23": {"type": "Matrix3x3", "payoffs": [[[12.0,4.0],[3.0,39.0],[2.0,38.0]],[[7.0,50.0],[10.0,5.0],[10.0,89.0]],[[12.0,66.0],[11.0,51.0],[9.0,80.0]]]},
"G24": {"type": "Matrix3x3", "payoffs": [[[26.0,51.0],[28.0,1.0],[30.0,52.0]],[[1.0,19.0],[10.0,56.0],[22.0,16.0]],[[28.0,31.0],[13.0,31.0],[5.0,16.0]]]},
"G25": {"type": "Matrix3x3", "payoffs": [[[33.0,31.0],[38.0,3.0],[8.0,28.0]],[[7.0,18.0],[0.0,13.0],[12.0,27.0]],[[38.0,7.0],[3.0,24.0],[18.0,15.0]]]},
"G26": {"type": "Matrix3x3", "payoffs": [[[31.0,10.0],[25.0,41.0],[1.0,67.0]],[[2.0,35.0],[62.0,84.0],[28.0,92.0]],[[20.0,35.0],[31.0,11.0],[39.0,59.0]]]},
"G27": {"type": "Matrix3x3", "payoffs": [[[48.0,5.0],[27.0,10.0],[8.0,14.0]],[[5.0,6.0],[22.0,12.0],[41.0,10.0]],[[4.0,12.0],[50.0,14.0],[81.0,8.0]]]},
"G28": {"type": "Matrix3x3", "payoffs": [[[21.0,2.0],[3.0,0.0],[4.0,2.0]],[[15.0,2.0],[25.0,3.0],[23.0,2.0]],[[17.0,1.0],[22.0,2.0],[3.0,2.0]]]},
"G29": {"type": "Matrix3x3", "payoffs": [[[43.0,56.0],[25.0,62.0],[37.0,32.0]],[[56.0,73.0],[11.0,20.0],[48.0,34.0]],[[2.0,83.0],[26.0,22.0],[2.0,76.0]]]},
"G30": {"type": "Matrix3x3", "payoffs": [[[13.0,3.0],[31.0,38.0],[17.0,31.0]],[[9.0,34.0],[4.0,27.0],[30.0,54.0]],[[20.0,20.0],[26.0,0.0],[19.0,7.0]]]},
"G31": {"type": "Matrix3x3", "payoffs": [[[0.0,27.0],[16.0,22.0],[16.0,35.0]],[[19.0,4.0],[13.0,19.0],[18.0,11.0]],[[4.0,8.0],[12.0,52.0],[11.0,57.0]]]},
"G32": {"type": "Matrix3x3", "payoffs": [[[13.0,2.0],[42.0,5.0],[15.0,10.0]],[[9.0,4.0],[52.0,22.0],[4.0,5.0]],[[54.0,11.0],[43.0,0.0],[33.0,10.0]]]},
"G33": {"type": "Matrix3x3", "payoffs": [[[6.0,14.0],[32.0,38.0],[33.0,11.0]],[[1.0,2.0],[35.0,62.0],[11.0,21.0]],[[29.0,17.0],[36.0,52.0],[32.0,9.0]]]},
"G34": {"type": "Matrix3x3", "payoffs": [[[36.0,16.0],[28.0,5.0],[20.0,12.0]],[[25.0,18.0],[13.0,19.0],[13.0,18.0]],[[3.0,13.0],[39.0,3.0],[15.0,16.0]]]},
"G35": {"type": "Matrix3x3", "payoffs": [[[1.0,77.0],[83.0,2.0],[54.0,56.0]],[[74.0,27.0],[53.0,24.0],[75.0,61.0]],[[17.0,29.0],[68.0,72.0],[87.0,64.0]]]},
"G36": {"type": "Matrix3x3", "payoffs": [[[37.0,88.0],[4.0,80.0],[10.0,79.0]],[[56.0,83.0],[63.0,36.0],[60.0,62.0]],[[6.0,2.0],[51.0,4.0],[3.0,4.0]]]},
"G37": {"type": "Matrix3x3", "payoffs": [[[10.0,20.0],[41.0,5.0],[54.0,15.0]],[[58.0,12.0],[50.0,39.0],[59.0,47.0]],[[83.0,10.0],[54.0,46.0],[24.0,26.0]]]},
"G38": {"type": "Matrix3x3", "payoffs": [[[61.0,38.0],[39.0,87.0],[44.0,12.0]],[[19.0,18.0],[65.0,8.0],[10.0,25.0]],[[37.0,45.0],[31.0,76.0],[59.0,29.0]]]},
"G39": {"type": "Matrix3x3", "payoffs": [[[4.0,29.0],[4.0,23.0],[12.0,24.0]],[[3.0,5.0],[8.0,8.0],[0.0,18.0]],[[4.0,17.0],[1.0,15.0],[12.0,4.0]]]},
"G40": {"type": "Matrix3x3", "payoffs": [[[3.0,0.0],[6.0,6.0],[4.0,6.0]],[[2.0,5.0],[9.0,1.0],[9.0,1.0]],[[12.0,5.0],[2.0,4.0],[2.0,4.0]]]},
"G41": {"type": "Matrix3x3", "payoffs": [[[12.0,33.0],[70.0,3.0],[73.0,34.0]],[[15.0,5.0],[3.0,10.0],[5.0,29.0]],[[33.0,12.0],[71.0,19.0],[48.0,32.0]]]},
"G42": {"type": "Matrix3x3", "payoffs": [[[26.0,9.0],[12.0,17.0],[28.0,32.0]],[[9.0,6.0],[25.0,33.0],[29.0,37.0]],[[25.0,13.0],[22.0,23.0],[2.0,52.0]]]},
"G43": {"type": "Matrix3x3", "payoffs": [[[46.0,24.0],[57.0,3.0],[46.0,21.0]],[[40.0,56.0],[29.0,71.0],[73.0,72.0]],[[61.0,79.0],[26.0,63.0],[74.0,68.0]]]},
"G44": {"type": "Matrix3x3", "payoffs": [[[44.0,15.0],[21.0,8.0],[7.0,0.0]],[[3.0,11.0],[19.0,3.0],[4.0,13.0]],[[62.0,13.0],[0.0,11.0],[9.0,6.0]]]},
"G45": {"type": "Matrix3x3", "payoffs": [[[26.0,8.0],[2.0,22.0],[29.0,8.0]],[[3.0,11.0],[18.0,6.0],[23.0,12.0]],[[6.0,23.0],[2.0,22.0],[31.0,23.0]]]},
"G46": {"type": "Matrix3x3", "payoffs": [[[1.0,67.0],[19.0,1.0],[21.0,8.0]],[[8.0,78.0],[44.0,44.0],[42.0,25.0]],[[18.0,15.0],[2.0,11.0],[28.0,51.0]]]},
"G47": {"type": "Matrix3x3", "payoffs": [[[11.0,24.0],[38.0,24.0],[56.0,11.0]],[[27.0,28.0],[25.0,0.0],[25.0,6.0]],[[24.0,22.0],[21.0,2.0],[22.0,15.0]]]},
"G48": {"type": "Matrix3x3", "payoffs": [[[53.0,31.0],[20.0,31.0],[44.0,50.0]],[[7.0,9.0],[21.0,30.0],[49.0,12.0]],[[26.0,53.0],[30.0,46.0],[56.0,50.0]]]},
"G49": {"type": "Matrix3x3", "payoffs": [[[26.0,14.0],[13.0,22.0],[42.0,61.0]],[[29.0,25.0],[3.0,13.0],[18.0,22.0]],[[13.0,11.0],[49.0,79.0],[17.0,37.0]]]},
"G50": {"type": "Matrix3x3", "payoffs": [[[7.0,40.0],[22.0,24.0],[25.0,13.0]],[[3.0,38.0],[10.0,11.0],[15.0,17.0]],[[24.0,16.0],[14.0,22.0],[22.0,48.0]]]},
"G51": {"type": "Matrix3x3", "payoffs": [[[41.0,3.0],[49.0,12.0],[27.0,13.0]],[[50.0,12.0],[34.0,19.0],[20.0,6.0]],[[21.0,1.0],[20.0,9.0],[18.0,12.0]]]},
"G52": {"type": "Matrix3x3", "payoffs": [[[38.0,63.0],[7.0,84.0],[32.0,21.0]],[[6.0,7.0],[8.0,73.0],[19.0,22.0]],[[7.0,54.0],[31.0,50.0],[12.0,46.0]]]},
"G53": {"type": "Matrix3x3", "payoffs": [[[45.0,17.0],[3.0,14.0],[8.0,14.0]],[[29.0,10.0],[77.0,24.0],[72.0,7.0]],[[28.0,23.0],[69.0,14.0],[76.0,16.0]]]},
"G54": {"type": "Matrix3x3", "payoffs": [[[21.0,12.0],[19.0,7.0],[10.0,3.0]],[[17.0,7.0],[1.0,0.0],[20.0,9.0]],[[2.0,6.0],[19.0,2.0],[7.0,11.0]]]},
"G55": {"type": "Matrix3x3", "payoffs": [[[31.0,17.0],[20.0,76.0],[35.0,64.0]],[[51.0,52.0],[32.0,36.0],[56.0,6.0]],[[2.0,10.0],[24.0,45.0],[25.0,5.0]]]},
"G56": {"type": "Matrix3x3", "payoffs": [[[3.0,0.0],[3.0,0.0],[7.0,0.0]],[[4.0,0.0],[6.0,0.0],[3.0,0.0]],[[1.0,0.0],[8.0,0.0],[7.0,0.0]]]},
"G57": {"type": "Matrix3x3", "payoffs": [[[1.0,14.0],[22.0,6.0],[34.0,6.0]],[[22.0,1.0],[3.0,22.0],[29.0,17.0]],[[2.0,4.0],[10.0,4.0],[28.0,3.0]]]},
"G58": {"type": "Matrix3x3", "payoffs": [[[32.0,79.0],[18.0,13.0],[16.0,32.0]],[[49.0,42.0],[10.0,19.0],[21.0,59.0]],[[8.0,37.0],[29.0,28.0],[76.0,16.0]]]},
"G59": {"type": "Matrix3x3", "payoffs": [[[15.0,1.0],[22.0,3.0],[8.0,5.0]],[[8.0,4.0],[7.0,14.0],[17.0,5.0]],[[9.0,8.0],[13.0,0.0],[9.0,3.0]]]},
"G60": {"type": "Matrix3x3", "payoffs": [[[55.0,4.0],[33.0,52.0],[56.0,64.0]],[[20.0,12.0],[28.0,13.0],[44.0,41.0]],[[4.0,35.0],[10.0,1.0],[29.0,30.0]]]},
"G61": {"type": "Matrix3x3", "payoffs": [[[68.0,21.0],[72.0,8.0],[90.0,28.0]],[[56.0,6.0],[58.0,19.0],[80.0,18.0]],[[53.0,28.0],[48.0,4.0],[82.0,29.0]]]},
"G62": {"type": "Matrix3x3", "payoffs": [[[63.0,26.0],[64.0,8.0],[25.0,3.0]],[[92.0,27.0],[0.0,7.0],[40.0,12.0]],[[68.0,2.0],[39.0,20.0],[23.0,14.0]]]},
"G63": {"type": "Matrix3x3", "payoffs": [[[30.0,4.0],[48.0,3.0],[3.0,31.0]],[[44.0,14.0],[17.0,9.0],[29.0,5.0]],[[12.0,2.0],[41.0,22.0],[9.0,16.0]]]},
"G64": {"type": "Matrix3x3", "payoffs": [[[18.0,4.0],[21.0,33.0],[16.0,63.0]],[[16.0,23.0],[2.0,56.0],[22.0,38.0]],[[22.0,18.0],[10.0,10.0],[23.0,43.0]]]},
"G65": {"type": "Matrix3x3", "payoffs": [[[82.0,77.0],[52.0,77.0],[27.0,46.0]],[[83.0,19.0],[27.0,43.0],[65.0,67.0]],[[28.0,12.0],[78.0,3.0],[85.0,20.0]]]},
"G66": {"type": "Matrix3x3", "payoffs": [[[19.0,5.0],[42.0,80.0],[40.0,17.0]],[[29.0,47.0],[20.0,70.0],[78.0,21.0]],[[67.0,20.0],[49.0,38.0],[41.0,90.0]]]},
"G67": {"type": "Matrix3x3", "payoffs": [[[6.0,14.0],[5.0,14.0],[10.0,12.0]],[[9.0,0.0],[7.0,2.0],[2.0,11.0]],[[3.0,14.0],[2.0,12.0],[10.0,8.0]]]},
"G68": {"type": "Matrix3x3", "payoffs": [[[10.0,79.0],[6.0,64.0],[10.0,45.0]],[[21.0,31.0],[10.0,85.0],[12.0,57.0]],[[13.0,10.0],[17.0,54.0],[17.0,13.0]]]},
"G69": {"type": "Matrix3x3", "payoffs": [[[40.0,13.0],[4.0,3.0],[34.0,28.0]],[[41.0,21.0],[15.0,23.0],[30.0,32.0]],[[29.0,32.0],[50.0,11.0],[12.0,25.0]]]},
"G70": {"type": "Matrix3x3", "payoffs": [[[56.0,42.0],[64.0,2.0],[8.0,21.0]],[[27.0,2.0],[35.0,11.0],[20.0,57.0]],[[43.0,3.0],[35.0,35.0],[78.0,26.0]]]},
"G71": {"type": "Matrix3x3", "payoffs": [[[2.0,0.0],[21.0,21.0],[17.0,21.0]],[[1.0,5.0],[17.0,15.0],[6.0,9.0]],[[15.0,24.0],[6.0,3.0],[38.0,24.0]]]},
"G72": {"type": "Matrix3x3", "payoffs": [[[79.0,47.0],[43.0,50.0],[62.0,8.0]],[[76.0,57.0],[82.0,19.0],[68.0,24.0]],[[81.0,17.0],[45.0,22.0],[10.0,11.0]]]},
"G73": {"type": "Matrix3x3", "payoffs": [[[39.0,48.0],[12.0,66.0],[60.0,28.0]],[[51.0,56.0],[51.0,18.0],[25.0,1.0]],[[8.0,18.0],[70.0,20.0],[37.0,42.0]]]},
"G74": {"type": "Matrix3x3", "payoffs": [[[31.0,50.0],[31.0,23.0],[43.0,58.0]],[[6.0,32.0],[3.0,8.0],[23.0,18.0]],[[6.0,34.0],[23.0,29.0],[24.0,34.0]]]},
"G75": {"type": "Matrix3x3", "payoffs": [[[62.0,47.0],[12.0,50.0],[80.0,27.0]],[[47.0,22.0],[78.0,36.0],[59.0,48.0]],[[12.0,5.0],[38.0,11.0],[2.0,13.0]]]},
"G76": {"type": "Matrix3x3", "payoffs": [[[56.0,15.0],[40.0,25.0],[40.0,3.0]],[[36.0,4.0],[43.0,5.0],[37.0,22.0]],[[58.0,2.0],[6.0,4.0],[53.0,22.0]]]},
"G77": {"type": "Matrix3x3", "payoffs": [[[1.0,20.0],[20.0,25.0],[19.0,24.0]],[[13.0,31.0],[14.0,14.0],[1.0,45.0]],[[13.0,15.0],[19.0,44.0],[20.0,10.0]]]},
"G78": {"type": "Matrix3x3", "payoffs": [[[74.0,2.0],[70.0,2.0],[78.0,1.0]],[[25.0,3.0],[64.0,3.0],[53.0,2.0]],[[54.0,1.0],[46.0,3.0],[33.0,0.0]]]},
"G79": {"type": "Matrix3x3", "payoffs": [[[41.0,54.0],[54.0,14.0],[20.0,75.0]],[[52.0,34.0],[8.0,96.0],[53.0,38.0]],[[37.0,56.0],[24.0,5.0],[47.0,12.0]]]},
"G80": {"type": "Matrix3x3", "payoffs": [[[85.0,50.0],[19.0,57.0],[1.0,23.0]],[[17.0,22.0],[31.0,1.0],[69.0,25.0]],[[5.0,9.0],[43.0,12.0],[8.0,39.0]]]},
"G81": {"type": "Matrix3x3", "payoffs": [[[17.0,31.0],[33.0,11.0],[11.0,48.0]],[[0.0,2.0],[18.0,5.0],[50.0,49.0]],[[38.0,38.0],[10.0,9.0],[22.0,26.0]]]},
"G82": {"type": "Matrix3x3", "payoffs": [[[14.0,6.0],[22.0,14.0],[57.0,50.0]],[[29.0,31.0],[2.0,27.0],[30.0,49.0]],[[22.0,40.0],[49.0,47.0],[58.0,47.0]]]},
"G83": {"type": "Matrix3x3", "payoffs": [[[12.0,0.0],[13.0,10.0],[18.0,14.0]],[[20.0,13.0],[27.0,7.0],[8.0,0.0]],[[34.0,6.0],[7.0,14.0],[38.0,14.0]]]},
"G84": {"type": "Matrix3x3", "payoffs": [[[12.0,22.0],[34.0,20.0],[26.0,25.0]],[[28.0,40.0],[50.0,65.0],[43.0,64.0]],[[5.0,43.0],[55.0,40.0],[45.0,47.0]]]},
"G85": {"type": "Matrix3x3", "payoffs": [[[68.0,11.0],[36.0,6.0],[47.0,54.0]],[[8.0,45.0],[62.0,23.0],[27.0,25.0]],[[39.0,60.0],[76.0,33.0],[4.0,10.0]]]},
"G86": {"type": "Matrix3x3", "payoffs": [[[43.0,66.0],[67.0,18.0],[19.0,60.0]],[[70.0,7.0],[45.0,54.0],[51.0,21.0]],[[7.0,1.0],[54.0,42.0],[33.0,20.0]]]},
"G87": {"type": "Matrix3x3", "payoffs": [[[33.0,37.0],[44.0,14.0],[48.0,18.0]],[[16.0,25.0],[61.0,27.0],[19.0,10.0]],[[61.0,38.0],[68.0,35.0],[49.0,14.0]]]},
"G88": {"type": "Matrix3x3", "payoffs": [[[22.0,6.0],[21.0,7.0],[22.0,1.0]],[[15.0,12.0],[16.0,4.0],[8.0,13.0]],[[21.0,10.0],[14.0,2.0],[15.0,12.0]]]},
"G89": {"type": "Matrix3x3", "payoffs": [[[73.0,39.0],[53.0,26.0],[15.0,31.0]],[[16.0,17.0],[65.0,52.0],[12.0,31.0]],[[33.0,61.0],[49.0,1.0],[19.0,23.0]]]},
"G90": {"type": "Matrix3x3", "payoffs": [[[6.0,10.0],[47.0,12.0],[82.0,11.0]],[[50.0,19.0],[45.0,18.0],[20.0,24.0]],[[47.0,9.0],[54.0,14.0],[81.0,23.0]]]},
"G91": {"type": "Matrix3x3", "payoffs": [[[24.0,32.0],[87.0,19.0],[20.0,32.0]],[[81.0,70.0],[9.0,4.0],[35.0,13.0]],[[52.0,69.0],[13.0,37.0],[67.0,64.0]]]},
"G92": {"type": "Matrix3x3", "payoffs": [[[0.0,45.0],[7.0,72.0],[12.0,28.0]],[[9.0,71.0],[9.0,71.0],[2.0,81.0]],[[5.0,26.0],[3.0,30.0],[11.0,7.0]]]},
"G93": {"type": "Matrix3x3", "payoffs": [[[33.0,52.0],[15.0,56.0],[8.0,28.0]],[[13.0,5.0],[8.0,32.0],[8.0,1.0]],[[48.0,13.0],[35.0,57.0],[3.0,28.0]]]},
"G94": {"type": "Matrix3x3", "payoffs": [[[58.0,9.0],[3.0,26.0],[53.0,4.0]],[[81.0,2.0],[49.0,21.0],[90.0,32.0]],[[42.0,30.0],[0.0,25.0],[48.0,22.0]]]},
"G95": {"type": "Matrix3x3", "payoffs": [[[69.0,18.0],[56.0,66.0],[69.0,44.0]],[[13.0,39.0],[31.0,39.0],[83.0,13.0]],[[74.0,29.0],[54.0,45.0],[35.0,15.0]]]},
"G96": {"type": "Matrix3x3", "payoffs": [[[28.0,20.0],[25.0,7.0],[12.0,3.0]],[[9.0,12.0],[10.0,26.0],[7.0,26.0]],[[35.0,13.0],[23.0,1.0],[40.0,26.0]]]},
"G97": {"type": "Matrix3x3", "payoffs": [[[26.0,1.0],[37.0,12.0],[43.0,18.0]],[[43.0,0.0],[72.0,14.0],[21.0,19.0]],[[65.0,8.0],[57.0,10.0],[8.0,19.0]]]},
"G98": {"type": "Matrix3x3", "payoffs": [[[43.0,71.0],[45.0,0.0],[5.0,30.0]],[[53.0,7.0],[11.0,54.0],[52.0,72.0]],[[17.0,5.0],[3.0,43.0],[34.0,48.0]]]},
"G99": {"type": "Matrix3x3", "payoffs": [[[47.0,15.0],[35.0,8.0],[19.0,0.0]],[[9.0,22.0],[1.0,2.0],[40.0,22.0]],[[12.0,8.0],[42.0,8.0],[35.0,14.0]]]},
"G100": {"type": "Matrix3x3", "payoffs": [[[13.0,7.0],[45.0,39.0],[40.0,1.0]],[[46.0,7.0],[28.0,6.0],[39.0,3.0]],[[27.0,8.0],[3.0,12.0],[42.0,25.0]]]}
}