{
"numGames": 100,
"G1": {"type": "Matrix3x3", "payoffs": [[[26.0,39.0],[16.0,18.0],[47.0,54.0]],[[45.0,29.0],[41.0,65.0],[10.0,26.0]],[[17.0,53.0],[29.0,4.0],[19.0,65.0]]]},
"G2": {"type": "Matrix3x3", "payoffs": [[[37.0,25.0],[1.0,21.0],[35.0,31.0]],[[51.0,54.0],[32.0,11.0],[64.0,32.0]],[[23.0,35.0],[8.0,30.0],[39.0,44.0]]]},
"G3": {"type": "Matrix3x3", "payoffs": [[[0.0,34.0],[4.0,6.0],[2.0,31.0]],[[43.0,17.0],[26.0,22.0],[6.0,25.0]],[[4.0,4.0],[14.0,22.0],[9.0,37.0]]]},
"G4": {"type": "Matrix3x3", "payoffs": [[[2.0,3.0],[6.0,63.0],[12.0,68.0]],[[10.0,90.0],[4.0,35.0],[1.0,85.0]],[[4.0,22.0],[8.0,84.0],[14.0,95.0]]]},
"G5": {"type": "Matrix3x3", "payoffs": [[[3.0,3.0],[80.0,12.0],[4.0,7.0]],[[65.0,5.0],[58.0,12.0],[54.0,4.0]],[[29.0,11.0],[38.0,3.0],[33.0,6.0]]]},
"G6": {"type": "Matrix3x3", "payoffs": [[[9.0,9.0],[55.0,11.0],[36.0,22.0]],[[79.0,18.0],[71.0,4.0],[78.0,22.0]],[[44.0,18.0],[79.0,1.0],[79.0,16.0]]]},
"G7": {"type": "Matrix3x3", "payoffs": [[[85.0,6.0],[94.0,14.0],[34.0,1.0]],[[22.0,1.0],[2.0,11.0],[84.0,16.0]],[[47.0,7.0],[62.0,8.0],[74.0,9.0]]]},
"G8": {"type": "Matrix3x3", "payoffs": [[[16.0,37.0],[8.0,39.0],[11.0,70.0]],[[3.0,49.0],[6.0,41.0],[5.0,33.0]],[[6.0,4.0],[6.0,74.0],[16.0,29.0]]]},
"G9": {"type": "Matrix3x3", "payoffs": [[[20.0,1.0],[24.0,47.0],[12.0,28.0]],[[14.0,72.0],[25.0,79.0],[21.0,35.0]],[[27.0,62.0],[7.0,60.0],[8.0,61.0]]]},
"G10": {"type": "Matrix3x3", "payoffs": [[[21.0,15.0],[39.0,24.0],[13.0,4.0]],[[46.0,29.0],[14.0,24.0],[2.0,8.0]],[[4.0,13.0],[26.0,23.0],[41.0,13.0]]]},
"G11": {"type": "Matrix3x3", "payoffs": [[[10.0,11.0],[54.0,8.0],[63.0,26.0]],[[40.0,33.0],[79.0,24.0],[83.0,9.0]],[[48.0,0.0],[73.0,3.0],[32.0,23.0]]]},
"G12": {"type": "Matrix3x3", "payoffs": [[[12.0,30.0],[8.0,20.0],[22.0,3.0]],[[5.0,20.0],[16.0,0.0],[2.0,15.0]],[[3.0,33.0],[14.0,33.0],[8.0,0.0]]]},
"G13": {"type": "Matrix3x3", "payoffs": [[[25.0,6.0],[67.0,2.0],[53.0,44.0]],[[14.0,11.0],[32.0,36.0],[37.0,33.0]],[[53.0,29.0],[66.0,31.0],[58.0,51.0]]]},
"G14": {"type": "Matrix3x3", "payoffs": [[[10.0,33.0],[10.0,20.0],[11.0,78.0]],[[9.0,49.0],[4.0,60.0],[6.0,30.0]],[[5.0,72.0],[9.0,79.0],[9.0,92.0]]]},
"G15": {"type": "Matrix3x3", "payoffs": [[[42.0,26.0],[35.0,18.0],[70.0,9.0]],[[3.0,7.0],[59.0,10.0],[74.0,22.0]],[[6.0,2.0],[71.0,13.0],[7.0,26.0]]]},
"G16": {"type": "Matrix3x3", "payoffs": [[[19.0,1.0],[8.0,14.0],[28.0,8.0]],[[18.0,19.0],[44.0,15.0],[22.0,15.0]],[[8.0,12.0],[25.0,17.0],[17.0,1.0]]]},
"G17": {"type": "Matrix3x3", "payoffs": [[[5.0,16.0],[33.0,16.0],[35.0,63.0]],[[23.0,65.0],[38.0,25.0],[25.0,57.0]],[[26.0,10.0],[47.0,39.0],[49.0,32.0]]]},
"G18": {"type": "Matrix3x3", "payoffs": [[[5.0,45.0],[2.0,66.0],[0.0,90.0]],[[4.0,42.0],[6.0,89.0],[8.0,25.0]],[[8.0,33.0],[3.0,43.0],[5.0,74.0]]]},
"G19": {"type": "Matrix3x3", "payoffs": [[[5.0,12.0],[54.0,19.0],[71.0,14.0]],[[8.0,7.0],[8.0,14.0],[61.0,18.0]],[[32.0,23.0],[12.0,18.0],[24.0,14.0]]]},
"G20": {"type": "Matrix3x3", "payoffs": [[[7.0,4.0],[6.0,7.0],[9.0,1.0]],[[16.0,12.0],[8.0,18.0],[16.0,19.0]],[[5.0,6.0],[10.0,1.0],[14.0,14.0]]]},
"G21": {"type": "Matrix3x3", "payoffs": [[[22.0,9.0],[13.0,8.0],[15.0,13.0]],[[14.0,2.0],[23.0,13.0],[19.0,17.0]],[[1.0,24.0],[2.0,18.0],[25.0,19.0]]]},
"G22": {"type": "Matrix3x3", "payoffs": [[[30.0,9.0],[5.0,6.0],[88.0,12.0]],[[55.0,8.0],[45.0,10.0],[84.0,6.0]],[[46.0,9.0],[45.0,2.0],[77.0,6.0]]]},
"G23": {"type": "Matrix3x3", "payoffs": [[[11.0,11.0],[2.0,2.0],[7.0,6.0]],[[8.0,10.0],[4.0,45.0],[5.0,1.0]],[[11.0,26.0],[2.0,17.0],[0.0,2.0]]]},
"G24": {"type": "Matrix3x3", "payoffs": [[[5.0,1.0],[45.0,3.0],[21.0,0.0]],[[10.0,3.0],[6.0,1.0],[24.0,5.0]],[[38.0,2.0],[61.0,2.0],[40.0,2.0]]]},
"G25": {"type": "Matrix3x3", "payoffs": [[[3.0,1.0],[2.0,26.0],[1.0,14.0]],[[25.0,27.0],[7.0,25.0],[60.0,30.0]],[[34.0,22.0],[59.0,16.0],[25.0,8.0]]]},
"G26": {"type": "Matrix3x3", "payoffs": [[[72.0,19.0],[24.0,30.0],[23.0,18.0]],[[51.0,13.0],[16.0,27.0],[53.0,21.0]],[[48.0,8.0],[41.0,5.0],[57.0,23.0]]]},
"G27": {"type": "Matrix3x3", "payoffs": [[[3.0,16.0],[12.0,40.0],[7.0,25.0]],[[13.0,43.0],[7.0,6.0],[6.0,1.0]],[[1.0,10.0],[14.0,52.0],[16.0,15.0]]]},
"G28": {"type": "Matrix3x3", "payoffs": [[[1.0,2.0],[1.0,81.0],[6.0,55.0]],[[2.0,51.0],[4.0,17.0],[6.0,12.0]],[[2.0,84.0],[2.0,76.0],[3.0,35.0]]]},
"G29": {"type": "Matrix3x3", "payoffs": [[[4.0,38.0],[10.0,3.0],[17.0,12.0]],[[14.0,12.0],[9.0,18.0],[6.0,19.0]],[[7.0,7.0],[2.0,2.0],[15.0,37.0]]]},
"G30": {"type": "Matrix3x3", "payoffs": [[[42.0,30.0],[14.0,70.0],[2.0,84.0]],[[19.0,31.0],[22.0,29.0],[9.0,14.0]],[[32.0,28.0],[14.0,52.0],[9.0,46.0]]]},
"G31": {"type": "Matrix3x3", "payoffs": [[[21.0,6.0],[1.0,12.0],[15.0,6.0]],[[16.0,2.0],[19.0,11.0],[10.0,15.0]],[[15.0,12.0],[13.0,10.0],[27.0,15.0]]]},
"G32": {"type": "Matrix3x3", "payoffs": [[[13.0,16.0],[8.0,52.0],[9.0,50.0]],[[3.0,12.0],[5.0,27.0],[15.0,65.0]],[[19.0,65.0],[20.0,7.0],[11.0,11.0]]]},
"G33": {"type": "Matrix3x3", "payoffs": [[[5.0,18.0],[2.0,4.0],[5.0,45.0]],[[13.0,22.0],[14.0,30.0],[11.0,47.0]],[[2.0,21.0],[17.0,10.0],[7.0,8.0]]]},
"G34": {"type": "Matrix3x3", "payoffs": [[[13.0,14.0],[7.0,6.0],[16.0,12.0]],[[12.0,8.0],[0.0,10.0],[15.0,11.0]],[[8.0,9.0],[11.0,6.0],[3.0,1.0]]]},
"G35": {"type": "Matrix3x3", "payoffs": [[[1.0,25.0],[2.0,41.0],[5.0,75.0]],[[10.0,51.0],[14.0,68.0],[0.0,18.0]],[[10.0,77.0],[13.0,37.0],[6.0,39.0]]]},
"G36": {"type": "Matrix3x3", "payoffs": [[[6.0,79.0],[16.0,38.0],[8.0,72.0]],[[20.0,19.0],[11.0,48.0],[19.0,16.0]],[[18.0,26.0],[1.0,9.0],[10.0,24.0]]]},
"G37": {"type": "Matrix3x3", "payoffs": [[[17.0,7.0],[16.0,9.0],[7.0,14.0]],[[10.0,19.0],[16.0,14.0],[22.0,15.0]],[[0.0,3.0],[6.0,16.0],[10.0,17.0]]]},
"G38": {"type": "Matrix3x3", "payoffs": [[[86.0,23.0],[55.0,59.0],[31.0,67.0]],[[53.0,24.0],[77.0,87.0],[18.0,50.0]],[[22.0,33.0],[78.0,48.0],[30.0,34.0]]]},
"G39": {"type": "Matrix3x3", "payoffs": [[[6.0,14.0],[26.0,7.0],[11.0,2.0]],[[31.0,27.0],[8.0,10.0],[5.0,18.0]],[[36.0,27.0],[18.0,7.0],[34.0,19.0]]]},
"G40": {"type": "Matrix3x3", "payoffs": [[[3.0,7.0],[0.0,26.0],[1.0,25.0]],[[4.0,3.0],[1.0,1.0],[2.0,1.0]],[[4.0,12.0],[2.0,23.0],[3.0,3.0]]]},
"G41": {"type": "Matrix3x3", "payoffs": [[[71.0,0.0],[2.0,2.0],[3.0,1.0]],[[48.0,1.0],[1.0,1.0],[68.0,0.0]],[[25.0,1.0],[29.0,1.0],[56.0,1.0]]]},
"G42": {"type": "Matrix3x3", "payoffs": [[[21.0,8.0],[46.0,3.0],[61.0,4.0]],[[6.0,6.0],[13.0,5.0],[24.0,6.0]],[[32.0,7.0],[58.0,6.0],[10.0,5.0]]]},
"G43": {"type": "Matrix3x3", "payoffs": [[[6.0,29.0],[57.0,20.0],[97.0,8.0]],[[28.0,33.0],[83.0,21.0],[92.0,25.0]],[[59.0,21.0],[84.0,40.0],[79.0,44.0]]]},
"G44": {"type": "Matrix3x3", "payoffs": [[[1.0,42.0],[56.0,24.0],[46.0,46.0]],[[5.0,61.0],[26.0,32.0],[14.0,22.0]],[[30.0,0.0],[40.0,38.0],[55.0,18.0]]]},
"G45": {"type": "Matrix3x3", "payoffs": [[[7.0,13.0],[2.0,65.0],[7.0,56.0]],[[4.0,3.0],[9.0,13.0],[0.0,28.0]],[[5.0,40.0],[3.0,82.0],[11.0,49.0]]]},
"G46": {"type": "Matrix3x3", "payoffs": [[[12.0,35.0],[36.0,76.0],[39.0,12.0]],[[34.0,76.0],[10.0,47.0],[9.0,27.0]],[[8.0,36.0],[20.0,42.0],[12.0,54.0]]]},
"G47": {"type": "Matrix3x3", "payoffs": [[[20.0,3.0],[52.0,3.0],[59.0,12.0]],[[66.0,6.0],[49.0,10.0],[41.0,0.0]],[[29.0,10.0],[53.0,13.0],[16.0,1.0]]]},
"G48": {"type": "Matrix3x3", "payoffs": [[[40.0,38.0],[23.0,74.0],[14.0,77.0]],[[62.0,14.0],[26.0,39.0],[3.0,70.0]],[[10.0,70.0],[61.0,58.0],[44.0,14.0]]]},
"G49": {"type": "Matrix3x3", "payoffs": [[[33.0,16.0],[10.0,19.0],[2.0,14.0]],[[38.0,23.0],[27.0,19.0],[22.0,2.0]],[[44.0,17.0],[10.0,20.0],[44.0,15.0]]]},
"G50": {"type": "Matrix3x3", "payoffs": [[[4.0,68.0],[20.0,76.0],[19.0,11.0]],[[40.0,29.0],[73.0,70.0],[26.0,58.0]],[[77.0,64.0],[80.0,0.0],[19.0,25.0]]]},
"G51": {"type": "Matrix3x3", "payoffs": [[[14.0,18.0],[36.0,65.0],[33.0,70.0]],[[1.0,0.0],[39.0,44.0],[25.0,50.0]],[[2.0,49.0],[13.0,72.0],[8.0,15.0]]]},
"G52": {"type": "Matrix3x3", "payoffs": [[[14.0,16.0],[3.0,1.0],[23.0,4.0]],[[9.0,16.0],[10.0,11.0],[16.0,3.0]],[[13.0,15.0],[24.0,23.0],[24.0,14.0]]]},
"G53": {"type": "Matrix3x3", "payoffs": [[[9.0,24.0],[28.0,1.0],[26.0,4.0]],[[19.0,18.0],[26.0,32.0],[30.0,24.0]],[[41.0,22.0],[41.0,30.0],[14.0,32.0]]]},
"G54": {"type": "Matrix3x3", "payoffs": [[[10.0,54.0],[32.0,5.0],[20.0,32.0]],[[47.0,13.0],[53.0,16.0],[5.0,30.0]],[[48.0,81.0],[16.0,68.0],[27.0,7.0]]]},
"G55": {"type": "Matrix3x3", "payoffs": [[[1.0,17.0],[11.0,6.0],[9.0,7.0]],[[5.0,16.0],[9.0,17.0],[11.0,32.0]],[[3.0,18.0],[4.0,33.0],[0.0,23.0]]]},
"G56": {"type": "Matrix3x3", "payoffs": [[[23.0,23.0],[26.0,71.0],[21.0,28.0]],[[13.0,74.0],[24.0,7.0],[20.0,23.0]],[[32.0,85.0],[36.0,89.0],[26.0,73.0]]]},
"G57": {"type": "Matrix3x3", "payoffs": [[[7.0,39.0],[3.0,1.0],[33.0,51.0]],[[25.0,36.0],[13.0,4.0],[14.0,71.0]],[[28.0,77.0],[8.0,31.0],[24.0,15.0]]]},
"G58": {"type": "Matrix3x3", "payoffs": [[[2.0,35.0],[5.0,21.0],[15.0,36.0]],[[33.0,15.0],[4.0,5.0],[26.0,28.0]],[[11.0,1.0],[48.0,21.0],[11.0,56.0]]]},
"G59": {"type": "Matrix3x3", "payoffs": [[[11.0,10.0],[20.0,7.0],[56.0,6.0]],[[11.0,10.0],[32.0,15.0],[40.0,9.0]],[[50.0,3.0],[17.0,13.0],[82.0,2.0]]]},
"G60": {"type": "Matrix3x3", "payoffs": [[[9.0,18.0],[61.0,30.0],[36.0,1.0]],[[18.0,6.0],[41.0,30.0],[62.0,2.0]],[[42.0,14.0],[16.0,31.0],[50.0,42.0]]]},
"G61": {"type": "Matrix3x3", "payoffs": [[[2.0,50.0],[1.0,30.0],[2.0,55.0]],[[9.0,20.0],[2.0,47.0],[5.0,51.0]],[[2.0,20.0],[14.0,31.0],[4.0,55.0]]]},
"G62": {"type": "Matrix3x3", "payoffs": [[[4.0,5.0],[8.0,1.0],[3.0,6.0]],[[3.0,2.0],[5.0,4.0],[4.0,7.0]],[[2.0,7.0],[3.0,5.0],[6.0,6.0]]]},
"G63": {"type": "Matrix3x3", "payoffs": [[[77.0,27.0],[44.0,8.0],[61.0,25.0]],[[27.0,55.0],[89.0,35.0],[13.0,65.0]],[[16.0,58.0],[14.0,73.0],[65.0,35.0]]]},
"G64": {"type": "Matrix3x3", "payoffs": [[[33.0,9.0],[1.0,37.0],[15.0,2.0]],[[32.0,1.0],[9.0,26.0],[30.0,32.0]],[[5.0,20.0],[26.0,5.0],[1.0,42.0]]]},
"G65": {"type": "Matrix3x3", "payoffs": [[[35.0,14.0],[41.0,18.0],[23.0,37.0]],[[31.0,38.0],[9.0,27.0],[4.0,8.0]],[[36.0,45.0],[35.0,68.0],[21.0,8.0]]]},
"G66": {"type": "Matrix3x3", "payoffs": [[[18.0,85.0],[55.0,42.0],[14.0,2.0]],[[12.0,39.0],[3.0,15.0],[10.0,31.0]],[[21.0,89.0],[13.0,58.0],[47.0,31.0]]]},
"G67": {"type": "Matrix3x3", "payoffs": [[[6.0,1.0],[20.0,8.0],[27.0,26.0]],[[31.0,56.0],[28.0,57.0],[10.0,15.0]],[[50.0,16.0],[1.0,58.0],[19.0,8.0]]]},
"G68": {"type": "Matrix3x3", "payoffs": [[[50.0,49.0],[39.0,3.0],[34.0,8.0]],[[18.0,5.0],[47.0,27.0],[52.0,42.0]],[[33.0,37.0],[59.0,32.0],[38.0,17.0]]]},
"G69": {"type": "Matrix3x3", "payoffs": [[[47.0,6.0],[28.0,43.0],[52.0,7.0]],[[19.0,50.0],[37.0,27.0],[26.0,34.0]],[[6.0,32.0],[14.0,47.0],[25.0,10.0]]]},
"G70": {"type": "Matrix3x3", "payoffs": [[[5.0,1.0],[4.0,6.0],[2.0,1.0]],[[3.0,5.0],[1.0,7.0],[5.0,3.0]],[[5.0,6.0],[6.0,4.0],[3.0,7.0]]]},
"G71": {"type": "Matrix3x3", "payoffs": [[[0.0,55.0],[1.0,7.0],[0.0,37.0]],[[0.0,7.0],[0.0,34.0],[0.0,48.0]],[[1.0,70.0],[1.0,8.0],[0.0,71.0]]]},
"G72": {"type": "Matrix3x3", "payoffs": [[[8.0,1.0],[24.0,28.0],[22.0,44.0]],[[42.0,34.0],[24.0,27.0],[10.0,33.0]],[[10.0,8.0],[47.0,43.0],[4.0,8.0]]]},
"G73": {"type": "Matrix3x3", "payoffs": [[[45.0,16.0],[13.0,61.0],[8.0,43.0]],[[36.0,8.0],[5.0,53.0],[14.0,10.0]],[[33.0,55.0],[4.0,60.0],[5.0,1.0]]]},
"G74": {"type": "Matrix3x3", "payoffs": [[[3.0,43.0],[24.0,17.0],[48.0,62.0]],[[51.0,39.0],[46.0,88.0],[36.0,44.0]],[[37.0,34.0],[53.0,17.0],[7.0,25.0]]]},
"G75": {"type": "Matrix3x3", "payoffs": [[[4.0,27.0],[5.0,16.0],[2.0,17.0]],[[0.0,7.0],[5.0,6.0],[2.0,26.0]],[[6.0,6.0],[1.0,21.0],[5.0,27.0]]]},
"G76": {"type": "Matrix3x3", "payoffs": [[[82.0,84.0],[71.0,80.0],[31.0,27.0]],[[19.0,80.0],[10.0,73.0],[89.0,53.0]],[[75.0,59.0],[13.0,74.0],[49.0,27.0]]]},
"G77": {"type": "Matrix3x3", "payoffs": [[[0.0,9.0],[1.0,8.0],[1.0,4.0]],[[2.0,6.0],[1.0,0.0],[0.0,5.0]],[[2.0,8.0],[1.0,10.0],[3.0,1.0]]]},
"G78": {"type": "Matrix3x3", "payoffs": [[[1.0,7.0],[47.0,7.0],[6.0,4.0]],[[7.0,2.0],[35.0,0.0],[3.0,0.0]],[[25.0,0.0],[46.0,5.0],[49.0,5.0]]]},
"G79": {"type": "Matrix3x3", "payoffs": [[[73.0,23.0],[79.0,45.0],[57.0,54.0]],[[7.0,65.0],[48.0,3.0],[61.0,4.0]],[[65.0,2.0],[29.0,38.0],[8.0,34.0]]]},
"G80": {"type": "Matrix3x3", "payoffs": [[[30.0,31.0],[10.0,65.0],[1.0,6.0]],[[19.0,39.0],[2.0,13.0],[20.0,73.0]],[[1.0,41.0],[24.0,12.0],[7.0,63.0]]]},
"G81": {"type": "Matrix3x3", "payoffs": [[[56.0,15.0],[59.0,44.0],[15.0,65.0]],[[20.0,80.0],[64.0,36.0],[26.0,58.0]],[[17.0,23.0],[51.0,64.0],[56.0,45.0]]]},
"G82": {"type": "Matrix3x3", "payoffs": [[[4.0,35.0],[0.0,40.0],[1.0,35.0]],[[4.0,11.0],[0.0,45.0],[4.0,48.0]],[[5.0,38.0],[2.0,3.0],[3.0,22.0]]]},
"G83": {"type": "Matrix3x3", "payoffs": [[[0.0,9.0],[0.0,32.0],[0.0,80.0]],[[0.0,33.0],[0.0,33.0],[0.0,19.0]],[[0.0,38.0],[0.0,26.0],[0.0,49.0]]]},
"G84": {"type": "Matrix3x3", "payoffs": [[[10.0,48.0],[6.0,11.0],[54.0,40.0]],[[57.0,10.0],[92.0,9.0],[67.0,31.0]],[[36.0,53.0],[13.0,49.0],[61.0,63.0]]]},
"G85": {"type": "Matrix3x3", "payoffs": [[[3.0,16.0],[5.0,12.0],[1.0,40.0]],[[7.0,0.0],[8.0,24.0],[1.0,39.0]],[[5.0,31.0],[3.0,7.0],[8.0,35.0]]]},
"G86": {"type": "Matrix3x3", "payoffs": [[[32.0,2.0],[49.0,10.0],[6.0,5.0]],[[42.0,8.0],[35.0,6.0],[14.0,2.0]],[[57.0,2.0],[42.0,1.0],[30.0,10.0]]]},
"G87": {"type": "Matrix3x3", "payoffs": [[[11.0,66.0],[26.0,21.0],[32.0,71.0]],[[9.0,25.0],[45.0,59.0],[26.0,5.0]],[[16.0,29.0],[15.0,39.0],[3.0,24.0]]]},
"G88": {"type": "Matrix3x3", "payoffs": [[[20.0,29.0],[85.0,22.0],[38.0,32.0]],[[28.0,11.0],[84.0,42.0],[57.0,5.0]],[[15.0,41.0],[21.0,57.0],[24.0,60.0]]]},
"G89": {"type": "Matrix3x3", "payoffs": [[[49.0,1.0],[59.0,6.0],[59.0,9.0]],[[48.0,9.0],[50.0,2.0],[17.0,0.0]],[[64.0,5.0],[19.0,9.0],[24.0,10.0]]]},
"G90": {"type": "Matrix3x3", "payoffs": [[[35.0,1.0],[42.0,1.0],[63.0,0.0]],[[13.0,1.0],[18.0,0.0],[23.0,1.0]],[[36.0,1.0],[77.0,1.0],[48.0,0.0]]]},
"G91": {"type": "Matrix3x3", "payoffs": [[[35.0,16.0],[21.0,35.0],[25.0,48.0]],[[42.0,15.0],[23.0,52.0],[40.0,37.0]],[[34.0,5.0],[27.0,10.0],[0.0,1.0]]]},
"G92": {"type": "Matrix3x3", "payoffs": [[[5.0,9.0],[16.0,21.0],[13.0,4.0]],[[16.0,10.0],[12.0,24.0],[0.0,1.0]],[[5.0,29.0],[8.0,17.0],[11.0,15.0]]]},
"G93": {"type": "Matrix3x3", "payoffs": [[[14.0,8.0],[1.0,12.0],[6.0,16.0]],[[0.0,29.0],[6.0,26.0],[24.0,22.0]],[[24.0,9.0],[2.0,30.0],[2.0,23.0]]]},
"G94": {"type": "Matrix3x3", "payoffs": [[[0.0,68.0],[3.0,66.0],[1.0,86.0]],[[4.0,33.0],[1.0,61.0],[0.0,48.0]],[[3.0,17.0],[8.0,84.0],[4.0,25.0]]]},
"G95": {"type": "Matrix3x3", "payoffs": [[[25.0,23.0],[5.0,21.0],[6.0,15.0]],[[26.0,7.0],[67.0,3.0],[55.0,4.0]],[[36.0,22.0],[12.0,19.0],[4.0,9.0]]]},
"G96": {"type": "Matrix3x3", "payoffs": [[[0.0,17.0],[1.0,20.0],[1.0,14.0]],[[1.0,34.0],[1.0,12.0],[1.0,25.0]],[[1.0,20.0],[0.0,32.0],[1.0,12.0]]]},
"G97": {"type": "Matrix3x3", "payoffs": [[[46.0,1.0],[14.0,2.0],[29.0,3.0]],[[66.0,2.0],[21.0,2.0],[58.0,3.0]],[[20.0,0.0],[16.0,3.0],[31.0,3.0]]]},
"G98": {"type": "Matrix3x3", "payoffs": [[[12.0,4.0],[11.0,4.0],[23.0,1.0]],[[3.0,0.0],[39.0,4.0],[41.0,0.0]],[[10.0,1.0],[3.0,4.0],[51.0,4.0]]]},
"G99": {"type": "Matrix3x3", "payoffs": [[[5.0,19.0],[42.0,27.0],[55.0,42.0]],[[24.0,36.0],[45.0,2.0],[20.0,19.0]],[[1.0,30.0],[47.0,47.0],[9.0,46.0]]]},
"G100": {"type": "Matrix3x3", "payoffs": [[[13.0,20.0],[4.0,12.0],[8.0,19.0]],[[0.0,21.0],[12.0,12.0],[0.0,21.0]],[[1.0,22.0],[10.0,6.0],[14.0,28.0]]]}
}