{
"numGames": 100,
"G1": {"type": "Matrix3x3", "payoffs": [[[38.0,3.0],[12.0,9.0],[92.0,9.0]],[[62.0,13.0],[26.0,3.0],[25.0,16.0]],[[6.0,30.0],[51.0,21.0],[45.0,37.0]]]},
"G2": {"type": "Matrix3x3", "payoffs": [[[17.0,42.0],[33.0,13.0],[76.0,32.0]],[[10.0,55.0],[50.0,56.0],[64.0,36.0]],[[76.0,37.0],[52.0,46.0],[17.0,41.0]]]},
"G3": {"type": "Matrix3x3", "payoffs": [[[33.0,0.0],[14.0,2.0],[5.0,1.0]],[[5.0,0.0],[19.0,0.0],[8.0,1.0]],[[24.0,1.0],[9.0,0.0],[11.0,3.0]]]},
"G4": {"type": "Matrix3x3", "payoffs": [[[8.0,20.0],[16.0,26.0],[6.0,6.0]],[[11.0,12.0],[14.0,3.0],[5.0,26.0]],[[7.0,17.0],[4.0,10.0],[0.0,16.0]]]},
"G5": {"type": "Matrix3x3", "payoffs": [[[62.0,24.0],[82.0,13.0],[61.0,21.0]],[[50.0,3.0],[46.0,16.0],[85.0,19.0]],[[3.0,32.0],[77.0,19.0],[70.0,8.0]]]},
"G6": {"type": "Matrix3x3", "payoffs": [[[5.0,69.0],[11.0,27.0],[23.0,34.0]],[[18.0,75.0],[19.0,74.0],[21.0,64.0]],[[33.0,12.0],[10.0,26.0],[22.0,9.0]]]},
"G7": {"type": "Matrix3x3", "payoffs": [[[4.0,7.0],[2.0,4.0],[12.0,22.0]],[[15.0,48.0],[23.0,6.0],[0.0,31.0]],[[20.0,16.0],[17.0,22.0],[26.0,25.0]]]},
"G8": {"type": "Matrix3x3", "payoffs": [[[6.0,22.0],[5.0,13.0],[1.0,9.0]],[[3.0,1.0],[1.0,19.0],[3.0,21.0]],[[8.0,16.0],[2.0,5.0],[2.0,8.0]]]},
"G9": {"type": "Matrix3x3", "payoffs": [[[28.0,44.0],[6.0,27.0],[25.0,22.0]],[[16.0,55.0],[23.0,13.0],[20.0,4.0]],[[7.0,8.0],[21.0,32.0],[30.0,48.0]]]},
"G10": {"type": "Matrix3x3", "payoffs": [[[2.0,79.0],[3.0,74.0],[3.0,54.0]],[[0.0,23.0],[1.0,69.0],[4.0,27.0]],[[1.0,83.0],[1.0,8.0],[2.0,48.0]]]},
"G11": {"type": "Matrix3x3", "payoffs": [[[47.0,16.0],[23.0,20.0],[7.0,36.0]],[[8.0,25.0],[27.0,35.0],[16.0,5.0]],[[23.0,5.0],[10.0,32.0],[42.0,14.0]]]},
"G12": {"type": "Matrix3x3", "payoffs": [[[7.0,0.0],[8.0,16.0],[2.0,15.0]],[[8.0,8.0],[7.0,12.0],[10.0,7.0]],[[0.0,4.0],[6.0,14.0],[5.0,5.0]]]},
"G13": {"type": "Matrix3x3", "payoffs": [[[22.0,17.0],[87.0,23.0],[44.0,12.0]],[[24.0,21.0],[84.0,11.0],[3.0,22.0]],[[38.0,0.0],[19.0,19.0],[3.0,25.0]]]},
"G14": {"type": "Matrix3x3", "payoffs": [[[6.0,24.0],[10.0,13.0],[4.0,19.0]],[[14.0,27.0],[0.0,21.0],[11.0,24.0]],[[14.0,13.0],[11.0,10.0],[20.0,1.0]]]},
"G15": {"type": "Matrix3x3", "payoffs": [[[28.0,11.0],[2.0,12.0],[32.0,17.0]],[[36.0,44.0],[14.0,46.0],[33.0,49.0]],[[47.0,29.0],[35.0,8.0],[9.0,33.0]]]},
"G16": {"type": "Matrix3x3", "payoffs": [[[7.0,27.0],[19.0,15.0],[15.0,21.0]],[[57.0,17.0],[0.0,37.0],[51.0,42.0]],[[48.0,46.0],[23.0,33.0],[60.0,21.0]]]},
"G17": {"type": "Matrix3x3", "payoffs": [[[39.0,27.0],[6.0,27.0],[3.0,29.0]],[[52.0,6.0],[47.0,23.0],[46.0,1.0]],[[45.0,29.0],[31.0,16.0],[33.0,29.0]]]},
"G18": {"type": "Matrix3x3", "payoffs": [[[22.0,31.0],[20.0,39.0],[16.0,20.0]],[[14.0,4.0],[22.0,41.0],[23.0,20.0]],[[28.0,3.0],[26.0,6.0],[17.0,8.0]]]},
"G19": {"type": "Matrix3x3", "payoffs": [[[6.0,4.0],[43.0,3.0],[6.0,3.0]],[[45.0,2.0],[18.0,0.0],[25.0,3.0]],[[16.0,2.0],[48.0,3.0],[27.0,4.0]]]},
"G20": {"type": "Matrix3x3", "payoffs": [[[23.0,48.0],[25.0,5.0],[9.0,1.0]],[[22.0,2.0],[29.0,55.0],[22.0,12.0]],[[33.0,60.0],[24.0,60.0],[9.0,54.0]]]},
"G21": {"type": "Matrix3x3", "payoffs": [[[40.0,41.0],[16.0,48.0],[12.0,48.0]],[[35.0,9.0],[37.0,39.0],[45.0,24.0]],[[14.0,27.0],[2.0,24.0],[20.0,16.0]]]},
"G22": {"type": "Matrix3x3", "payoffs": [[[2.0,13.0],[3.0,33.0],[1.0,33.0]],[[5.0,17.0],[2.0,12.0],[3.0,8.0]],[[3.0,5.0],[5.0,39.0],[5.0,26.0]]]},
"G23": {"type": "Matrix3x3", "payoffs": [[[37.0,57.0],[76.0,7.0],[84.0,71.0]],[[87.0,26.0],[69.0,36.0],[26.0,66.0]],[[66.0,57.0],[48.0,58.0],[17.0,52.0]]]},
"G24": {"type": "Matrix3x3", "payoffs": [[[49.0,2.0],[39.0,5.0],[80.0,9.0]],[[5.0,7.0],[28.0,7.0],[67.0,16.0]],[[21.0,6.0],[83.0,12.0],[40.0,3.0]]]},
"G25": {"type": "Matrix3x3", "payoffs": [[[32.0,22.0],[38.0,6.0],[84.0,22.0]],[[68.0,4.0],[81.0,10.0],[77.0,21.0]],[[93.0,14.0],[96.0,17.0],[91.0,10.0]]]},
"G26": {"type": "Matrix3x3", "payoffs": [[[25.0,6.0],[42.0,12.0],[62.0,1.0]],[[46.0,8.0],[29.0,8.0],[31.0,7.0]],[[46.0,14.0],[67.0,4.0],[46.0,4.0]]]},
"G27": {"type": "Matrix3x3", "payoffs": [[[4.0,43.0],[2.0,43.0],[0.0,45.0]],[[1.0,64.0],[0.0,71.0],[4.0,41.0]],[[3.0,1.0],[4.0,35.0],[2.0,30.0]]]},
"G28": {"type": "Matrix3x3", "payoffs": [[[21.0,4.0],[16.0,1.0],[3.0,56.0]],[[15.0,57.0],[19.0,66.0],[3.0,47.0]],[[10.0,63.0],[14.0,45.0],[12.0,65.0]]]},
"G29": {"type": "Matrix3x3", "payoffs": [[[9.0,42.0],[13.0,24.0],[9.0,45.0]],[[21.0,34.0],[8.0,15.0],[19.0,43.0]],[[5.0,27.0],[19.0,38.0],[5.0,6.0]]]},
"G30": {"type": "Matrix3x3", "payoffs": [[[64.0,2.0],[17.0,4.0],[25.0,4.0]],[[42.0,3.0],[17.0,4.0],[51.0,1.0]],[[25.0,0.0],[28.0,2.0],[25.0,2.0]]]},
"G31": {"type": "Matrix3x3", "payoffs": [[[11.0,0.0],[70.0,3.0],[18.0,2.0]],[[22.0,0.0],[28.0,0.0],[66.0,8.0]],[[59.0,1.0],[15.0,8.0],[29.0,8.0]]]},
"G32": {"type": "Matrix3x3", "payoffs": [[[52.0,22.0],[47.0,69.0],[57.0,62.0]],[[39.0,44.0],[21.0,10.0],[62.0,55.0]],[[57.0,32.0],[32.0,4.0],[67.0,47.0]]]},
"G33": {"type": "Matrix3x3", "payoffs": [[[1.0,64.0],[29.0,57.0],[3.0,74.0]],[[18.0,6.0],[19.0,45.0],[27.0,75.0]],[[10.0,58.0],[20.0,74.0],[6.0,59.0]]]},
"G34": {"type": "Matrix3x3", "payoffs": [[[2.0,0.0],[2.0,1.0],[2.0,2.0]],[[1.0,2.0],[4.0,1.0],[1.0,2.0]],[[0.0,2.0],[1.0,1.0],[3.0,2.0]]]},
"G35": {"type": "Matrix3x3", "payoffs": [[[37.0,13.0],[27.0,54.0],[45.0,27.0]],[[19.0,4.0],[6.0,58.0],[58.0,29.0]],[[4.0,4.0],[50.0,15.0],[16.0,69.0]]]},
"G36": {"type": "Matrix3x3", "payoffs": [[[11.0,55.0],[7.0,27.0],[5.0,53.0]],[[19.0,52.0],[4.0,50.0],[23.0,14.0]],[[15.0,22.0],[5.0,32.0],[6.0,1.0]]]},
"G37": {"type": "Matrix3x3", "payoffs": [[[6.0,56.0],[9.0,23.0],[4.0,14.0]],[[7.0,28.0],[8.0,9.0],[14.0,15.0]],[[3.0,45.0],[6.0,45.0],[2.0,62.0]]]},
"G38": {"type": "Matrix3x3", "payoffs": [[[1.0,14.0],[1.0,41.0],[0.0,15.0]],[[2.0,52.0],[1.0,93.0],[2.0,0.0]],[[0.0,36.0],[2.0,44.0],[2.0,5.0]]]},
"G39": {"type": "Matrix3x3", "payoffs": [[[4.0,6.0],[10.0,34.0],[5.0,16.0]],[[4.0,63.0],[24.0,43.0],[26.0,58.0]],[[23.0,47.0],[7.0,25.0],[15.0,55.0]]]},
"G40": {"type": "Matrix3x3", "payoffs": [[[39.0,18.0],[11.0,23.0],[71.0,2.0]],[[73.0,10.0],[67.0,15.0],[59.0,26.0]],[[20.0,29.0],[1.0,29.0],[45.0,13.0]]]},
"G41": {"type": "Matrix3x3", "payoffs": [[[5.0,1.0],[3.0,2.0],[2.0,0.0]],[[7.0,4.0],[1.0,3.0],[7.0,4.0]],[[5.0,2.0],[2.0,2.0],[4.0,1.0]]]},
"G42": {"type": "Matrix3x3", "payoffs": [[[10.0,20.0],[17.0,20.0],[14.0,85.0]],[[11.0,76.0],[25.0,99.0],[5.0,82.0]],[[27.0,14.0],[21.0,85.0],[7.0,16.0]]]},
"G43": {"type": "Matrix3x3", "payoffs": [[[16.0,0.0],[46.0,4.0],[16.0,3.0]],[[49.0,0.0],[36.0,3.0],[14.0,3.0]],[[16.0,3.0],[14.0,3.0],[41.0,2.0]]]},
"G44": {"type": "Matrix3x3", "payoffs": [[[2.0,16.0],[6.0,9.0],[3.0,7.0]],[[1.0,13.0],[1.0,41.0],[2.0,27.0]],[[2.0,0.0],[2.0,21.0],[2.0,10.0]]]},
"G45": {"type": "Matrix3x3", "payoffs": [[[10.0,16.0],[20.0,25.0],[2.0,21.0]],[[11.0,6.0],[2.0,16.0],[9.0,18.0]],[[4.0,31.0],[14.0,14.0],[9.0,15.0]]]},
"G46": {"type": "Matrix3x3", "payoffs": [[[15.0,78.0],[27.0,76.0],[8.0,75.0]],[[10.0,83.0],[5.0,75.0],[11.0,47.0]],[[25.0,17.0],[7.0,50.0],[7.0,66.0]]]},
"G47": {"type": "Matrix3x3", "payoffs": [[[30.0,8.0],[47.0,10.0],[42.0,6.0]],[[35.0,3.0],[11.0,5.0],[28.0,7.0]],[[49.0,7.0],[8.0,10.0],[45.0,1.0]]]},
"G48": {"type": "Matrix3x3", "payoffs": [[[31.0,43.0],[53.0,17.0],[1.0,54.0]],[[29.0,7.0],[51.0,6.0],[16.0,22.0]],[[39.0,48.0],[44.0,76.0],[73.0,32.0]]]},
"G49": {"type": "Matrix3x3", "payoffs": [[[18.0,0.0],[9.0,0.0],[4.0,0.0]],[[25.0,0.0],[22.0,0.0],[16.0,0.0]],[[12.0,0.0],[9.0,0.0],[12.0,0.0]]]},
"G50": {"type": "Matrix3x3", "payoffs": [[[37.0,64.0],[34.0,52.0],[52.0,0.0]],[[65.0,44.0],[47.0,26.0],[35.0,18.0]],[[63.0,64.0],[21.0,4.0],[25.0,55.0]]]},
"G51": {"type": "Matrix3x3", "payoffs": [[[28.0,7.0],[23.0,3.0],[11.0,20.0]],[[13.0,28.0],[39.0,21.0],[40.0,17.0]],[[43.0,29.0],[1.0,50.0],[21.0,42.0]]]},
"G52": {"type": "Matrix3x3", "payoffs": [[[4.0,28.0],[26.0,56.0],[34.0,5.0]],[[4.0,9.0],[17.0,4.0],[21.0,34.0]],[[20.0,42.0],[29.0,7.0],[31.0,24.0]]]},
"G53": {"type": "Matrix3x3", "payoffs": [[[35.0,22.0],[9.0,11.0],[27.0,7.0]],[[35.0,15.0],[30.0,24.0],[5.0,14.0]],[[40.0,16.0],[11.0,26.0],[12.0,17.0]]]},
"G54": {"type": "Matrix3x3", "payoffs": [[[85.0,3.0],[53.0,17.0],[3.0,8.0]],[[23.0,14.0],[5.0,5.0],[85.0,15.0]],[[35.0,4.0],[32.0,19.0],[7.0,16.0]]]},
"G55": {"type": "Matrix3x3", "payoffs": [[[23.0,16.0],[25.0,6.0],[5.0,12.0]],[[46.0,2.0],[13.0,13.0],[44.0,22.0]],[[23.0,10.0],[80.0,15.0],[81.0,6.0]]]},
"G56": {"type": "Matrix3x3", "payoffs": [[[62.0,6.0],[58.0,7.0],[58.0,27.0]],[[29.0,23.0],[67.0,22.0],[12.0,7.0]],[[1.0,30.0],[33.0,19.0],[56.0,12.0]]]},
"G57": {"type": "Matrix3x3", "payoffs": [[[65.0,1.0],[49.0,5.0],[43.0,53.0]],[[19.0,23.0],[77.0,11.0],[20.0,2.0]],[[15.0,22.0],[76.0,32.0],[67.0,58.0]]]},
"G58": {"type": "Matrix3x3", "payoffs": [[[22.0,8.0],[6.0,62.0],[4.0,4.0]],[[8.0,33.0],[3.0,34.0],[28.0,11.0]],[[1.0,51.0],[26.0,5.0],[13.0,40.0]]]},
"G59": {"type": "Matrix3x3", "payoffs": [[[51.0,8.0],[82.0,47.0],[8.0,35.0]],[[85.0,53.0],[8.0,24.0],[82.0,7.0]],[[84.0,67.0],[5.0,67.0],[2.0,59.0]]]},
"G60": {"type": "Matrix3x3", "payoffs": [[[6.0,66.0],[8.0,46.0],[42.0,18.0]],[[28.0,10.0],[53.0,31.0],[39.0,28.0]],[[17.0,19.0],[10.0,38.0],[24.0,64.0]]]},
"G61": {"type": "Matrix3x3", "payoffs": [[[13.0,37.0],[22.0,54.0],[12.0,29.0]],[[13.0,4.0],[1.0,30.0],[22.0,56.0]],[[10.0,6.0],[19.0,3.0],[12.0,9.0]]]},
"G62": {"type": "Matrix3x3", "payoffs": [[[0.0,16.0],[31.0,2.0],[23.0,20.0]],[[25.0,20.0],[30.0,21.0],[19.0,6.0]],[[18.0,22.0],[17.0,16.0],[19.0,29.0]]]},
"G63": {"type": "Matrix3x3", "payoffs": [[[0.0,2.0],[2.0,21.0],[0.0,48.0]],[[1.0,41.0],[2.0,24.0],[0.0,31.0]],[[1.0,49.0],[1.0,21.0],[0.0,13.0]]]},
"G64": {"type": "Matrix3x3", "payoffs": [[[2.0,28.0],[6.0,52.0],[2.0,49.0]],[[9.0,37.0],[16.0,22.0],[12.0,58.0]],[[1.0,32.0],[2.0,7.0],[11.0,56.0]]]},
"G65": {"type": "Matrix3x3", "payoffs": [[[12.0,53.0],[33.0,62.0],[6.0,34.0]],[[24.0,16.0],[27.0,47.0],[15.0,58.0]],[[2.0,71.0],[5.0,12.0],[16.0,40.0]]]},
"G66": {"type": "Matrix3x3", "payoffs": [[[79.0,68.0],[9.0,75.0],[89.0,73.0]],[[52.0,68.0],[76.0,36.0],[14.0,40.0]],[[25.0,37.0],[80.0,82.0],[31.0,57.0]]]},
"G67": {"type": "Matrix3x3", "payoffs": [[[5.0,12.0],[84.0,0.0],[62.0,1.0]],[[56.0,4.0],[19.0,10.0],[58.0,3.0]],[[41.0,9.0],[2.0,1.0],[9.0,3.0]]]},
"G68": {"type": "Matrix3x3", "payoffs": [[[23.0,26.0],[24.0,29.0],[6.0,6.0]],[[46.0,23.0],[2.0,11.0],[33.0,27.0]],[[34.0,18.0],[12.0,28.0],[20.0,9.0]]]},
"G69": {"type": "Matrix3x3", "payoffs": [[[22.0,0.0],[15.0,0.0],[19.0,0.0]],[[14.0,0.0],[24.0,0.0],[37.0,0.0]],[[6.0,0.0],[18.0,0.0],[11.0,0.0]]]},
"G70": {"type": "Matrix3x3", "payoffs": [[[10.0,1.0],[25.0,4.0],[1.0,1.0]],[[25.0,1.0],[3.0,3.0],[10.0,4.0]],[[2.0,1.0],[10.0,6.0],[11.0,2.0]]]},
"G71": {"type": "Matrix3x3", "payoffs": [[[0.0,21.0],[0.0,0.0],[2.0,4.0]],[[1.0,9.0],[3.0,22.0],[0.0,0.0]],[[2.0,2.0],[4.0,16.0],[2.0,15.0]]]},
"G72": {"type": "Matrix3x3", "payoffs": [[[14.0,21.0],[26.0,13.0],[32.0,9.0]],[[29.0,67.0],[10.0,54.0],[10.0,43.0]],[[32.0,40.0],[16.0,20.0],[12.0,8.0]]]},
"G73": {"type": "Matrix3x3", "payoffs": [[[29.0,34.0],[34.0,9.0],[34.0,4.0]],[[29.0,13.0],[8.0,37.0],[35.0,36.0]],[[1.0,28.0],[11.0,22.0],[9.0,25.0]]]},
"G74": {"type": "Matrix3x3", "payoffs": [[[14.0,8.0],[27.0,7.0],[47.0,12.0]],[[64.0,0.0],[45.0,19.0],[25.0,0.0]],[[13.0,16.0],[76.0,24.0],[75.0,9.0]]]},
"G75": {"type": "Matrix3x3", "payoffs": [[[38.0,11.0],[37.0,3.0],[36.0,3.0]],[[29.0,4.0],[33.0,3.0],[8.0,2.0]],[[3.0,3.0],[21.0,5.0],[6.0,2.0]]]},
"G76": {"type": "Matrix3x3", "payoffs": [[[18.0,45.0],[7.0,22.0],[35.0,19.0]],[[27.0,25.0],[23.0,33.0],[33.0,33.0]],[[14.0,31.0],[42.0,27.0],[4.0,17.0]]]},
"G77": {"type": "Matrix3x3", "payoffs": [[[32.0,12.0],[13.0,37.0],[26.0,10.0]],[[31.0,0.0],[19.0,9.0],[38.0,28.0]],[[53.0,27.0],[29.0,3.0],[36.0,22.0]]]},
"G78": {"type": "Matrix3x3", "payoffs": [[[62.0,16.0],[59.0,68.0],[27.0,20.0]],[[3.0,59.0],[55.0,49.0],[2.0,17.0]],[[30.0,28.0],[24.0,20.0],[56.0,70.0]]]},
"G79": {"type": "Matrix3x3", "payoffs": [[[18.0,44.0],[13.0,2.0],[70.0,33.0]],[[39.0,12.0],[8.0,58.0],[2.0,9.0]],[[39.0,60.0],[59.0,12.0],[58.0,52.0]]]},
"G80": {"type": "Matrix3x3", "payoffs": [[[35.0,47.0],[30.0,26.0],[17.0,29.0]],[[35.0,25.0],[17.0,40.0],[39.0,19.0]],[[1.0,30.0],[10.0,31.0],[25.0,35.0]]]},
"G81": {"type": "Matrix3x3", "payoffs": [[[63.0,3.0],[61.0,0.0],[78.0,23.0]],[[48.0,30.0],[11.0,34.0],[46.0,22.0]],[[32.0,20.0],[76.0,12.0],[12.0,20.0]]]},
"G82": {"type": "Matrix3x3", "payoffs": [[[10.0,16.0],[44.0,55.0],[0.0,28.0]],[[41.0,32.0],[36.0,92.0],[23.0,8.0]],[[35.0,35.0],[18.0,87.0],[44.0,16.0]]]},
"G83": {"type": "Matrix3x3", "payoffs": [[[18.0,56.0],[3.0,6.0],[3.0,63.0]],[[33.0,57.0],[3.0,53.0],[18.0,11.0]],[[31.0,24.0],[26.0,37.0],[22.0,59.0]]]},
"G84": {"type": "Matrix3x3", "payoffs": [[[17.0,41.0],[7.0,44.0],[9.0,13.0]],[[5.0,8.0],[3.0,15.0],[16.0,3.0]],[[0.0,15.0],[7.0,18.0],[17.0,53.0]]]},
"G85": {"type": "Matrix3x3", "payoffs": [[[51.0,14.0],[19.0,1.0],[22.0,8.0]],[[13.0,21.0],[12.0,6.0],[47.0,3.0]],[[56.0,13.0],[53.0,9.0],[23.0,10.0]]]},
"G86": {"type": "Matrix3x3", "payoffs": [[[33.0,47.0],[24.0,52.0],[32.0,52.0]],[[2.0,15.0],[15.0,16.0],[42.0,68.0]],[[34.0,22.0],[35.0,14.0],[13.0,69.0]]]},
"G87": {"type": "Matrix3x3", "payoffs": [[[28.0,27.0],[52.0,28.0],[46.0,44.0]],[[55.0,30.0],[27.0,42.0],[13.0,11.0]],[[14.0,30.0],[21.0,59.0],[27.0,28.0]]]},
"G88": {"type": "Matrix3x3", "payoffs": [[[12.0,18.0],[32.0,12.0],[45.0,0.0]],[[70.0,19.0],[83.0,7.0],[26.0,12.0]],[[85.0,23.0],[73.0,3.0],[63.0,6.0]]]},
"G89": {"type": "Matrix3x3", "payoffs": [[[0.0,30.0],[8.0,16.0],[8.0,20.0]],[[2.0,23.0],[7.0,4.0],[4.0,23.0]],[[2.0,30.0],[1.0,15.0],[8.0,31.0]]]},
"G90": {"type": "Matrix3x3", "payoffs": [[[18.0,1.0],[9.0,2.0],[22.0,14.0]],[[18.0,8.0],[3.0,25.0],[21.0,17.0]],[[21.0,27.0],[11.0,6.0],[1.0,23.0]]]},
"G91": {"type": "Matrix3x3", "payoffs": [[[45.0,22.0],[40.0,2.0],[73.0,11.0]],[[76.0,22.0],[36.0,24.0],[50.0,18.0]],[[34.0,23.0],[68.0,26.0],[18.0,4.0]]]},
"G92": {"type": "Matrix3x3", "payoffs": [[[29.0,38.0],[11.0,32.0],[4.0,9.0]],[[7.0,18.0],[25.0,20.0],[29.0,71.0]],[[11.0,70.0],[9.0,9.0],[6.0,33.0]]]},
"G93": {"type": "Matrix3x3", "payoffs": [[[25.0,14.0],[30.0,12.0],[21.0,46.0]],[[28.0,61.0],[4.0,14.0],[6.0,42.0]],[[4.0,29.0],[21.0,46.0],[2.0,40.0]]]},
"G94": {"type": "Matrix3x3", "payoffs": [[[74.0,0.0],[15.0,2.0],[35.0,3.0]],[[49.0,2.0],[58.0,0.0],[16.0,3.0]],[[78.0,2.0],[31.0,1.0],[1.0,1.0]]]},
"G95": {"type": "Matrix3x3", "payoffs": [[[18.0,25.0],[8.0,21.0],[8.0,22.0]],[[23.0,26.0],[7.0,21.0],[31.0,17.0]],[[17.0,30.0],[12.0,13.0],[7.0,1.0]]]},
"G96": {"type": "Matrix3x3", "payoffs": [[[31.0,19.0],[33.0,29.0],[8.0,27.0]],[[13.0,7.0],[46.0,30.0],[16.0,18.0]],[[28.0,14.0],[5.0,37.0],[24.0,25.0]]]},
"G97": {"type": "Matrix3x3", "payoffs": [[[5.0,53.0],[5.0,47.0],[4.0,10.0]],[[1.0,0.0],[3.0,47.0],[2.0,65.0]],[[0.0,22.0],[1.0,48.0],[4.0,55.0]]]},
"G98": {"type": "Matrix3x3", "payoffs": [[[12.0,20.0],[7.0,75.0],[15.0,30.0]],[[12.0,77.0],[5.0,74.0],[21.0,36.0]],[[21.0,54.0],[21.0,78.0],[18.0,53.0]]]},
"G99": {"type": "Matrix3x3", "payoffs": [[[17.0,2.0],[30.0,10.0],[12.0,3.0]],[[36.0,9.0],[7.0,1.0],[11.0,11.0]],[[1.0,3.0],[33.0,8.0],[13.0,22.0]]]},
"G100": {"type": "Matrix3x3", "payoffs": [[[22.0,16.0],[4.0,27.0],[7.0,28.0]],[[19.0,15.0],[22.0,31.0],[21.0,31.0]],[[28.0,9.0],[32.0,10.0],[7.0,26.0]]]}
}