{
"numGames": 100,
"G1": {"type": "Matrix3x3", "payoffs": [[[4.0,53.0],[1.0,20.0],[2.0,50.0]],[[4.0,0.0],[2.0,60.0],[4.0,14.0]],[[1.0,2.0],[1.0,17.0],[3.0,47.0]]]},
"G2": {"type": "Matrix3x3", "payoffs": [[[15.0,63.0],[42.0,58.0],[43.0,15.0]],[[3.0,13.0],[26.0,25.0],[48.0,59.0]],[[54.0,6.0],[4.0,28.0],[9.0,10.0]]]},
"G3": {"type": "Matrix3x3", "payoffs": [[[44.0,2.0],[33.0,1.0],[3.0,16.0]],[[16.0,15.0],[42.0,23.0],[24.0,20.0]],[[32.0,18.0],[31.0,12.0],[12.0,7.0]]]},
"G4": {"type": "Matrix3x3", "payoffs": [[[10.0,2.0],[38.0,13.0],[28.0,29.0]],[[2.0,29.0],[2.0,17.0],[33.0,12.0]],[[15.0,19.0],[27.0,27.0],[37.0,21.0]]]},
"G5": {"type": "Matrix3x3", "payoffs": [[[65.0,41.0],[82.0,78.0],[17.0,36.0]],[[86.0,21.0],[42.0,15.0],[6.0,20.0]],[[94.0,47.0],[64.0,75.0],[77.0,70.0]]]},
"G6": {"type": "Matrix3x3", "payoffs": [[[31.0,0.0],[8.0,16.0],[5.0,2.0]],[[41.0,14.0],[20.0,1.0],[43.0,9.0]],[[27.0,4.0],[40.0,3.0],[45.0,3.0]]]},
"G7": {"type": "Matrix3x3", "payoffs": [[[7.0,59.0],[17.0,45.0],[17.0,58.0]],[[5.0,14.0],[6.0,4.0],[18.0,52.0]],[[12.0,25.0],[7.0,62.0],[18.0,30.0]]]},
"G8": {"type": "Matrix3x3", "payoffs": [[[41.0,7.0],[6.0,16.0],[29.0,11.0]],[[3.0,4.0],[14.0,8.0],[42.0,3.0]],[[21.0,16.0],[9.0,1.0],[32.0,9.0]]]},
"G9": {"type": "Matrix3x3", "payoffs": [[[1.0,35.0],[6.0,56.0],[5.0,19.0]],[[7.0,59.0],[7.0,46.0],[0.0,18.0]],[[2.0,53.0],[4.0,2.0],[3.0,77.0]]]},
"G10": {"type": "Matrix3x3", "payoffs": [[[40.0,30.0],[71.0,20.0],[43.0,23.0]],[[76.0,21.0],[50.0,55.0],[27.0,26.0]],[[26.0,55.0],[70.0,70.0],[48.0,2.0]]]},
"G11": {"type": "Matrix3x3", "payoffs": [[[12.0,29.0],[11.0,38.0],[37.0,40.0]],[[2.0,41.0],[48.0,45.0],[45.0,20.0]],[[16.0,5.0],[24.0,35.0],[10.0,29.0]]]},
"G12": {"type": "Matrix3x3", "payoffs": [[[37.0,59.0],[72.0,43.0],[75.0,28.0]],[[49.0,0.0],[10.0,46.0],[29.0,57.0]],[[4.0,29.0],[1.0,71.0],[3.0,35.0]]]},
"G13": {"type": "Matrix3x3", "payoffs": [[[38.0,4.0],[49.0,47.0],[40.0,34.0]],[[3.0,22.0],[23.0,26.0],[31.0,28.0]],[[28.0,60.0],[23.0,21.0],[50.0,67.0]]]},
"G14": {"type": "Matrix3x3", "payoffs": [[[50.0,70.0],[46.0,39.0],[39.0,36.0]],[[40.0,6.0],[37.0,37.0],[29.0,43.0]],[[8.0,25.0],[16.0,42.0],[39.0,62.0]]]},
"G15": {"type": "Matrix3x3", "payoffs": [[[43.0,14.0],[28.0,82.0],[45.0,49.0]],[[10.0,69.0],[18.0,52.0],[22.0,58.0]],[[9.0,70.0],[40.0,21.0],[5.0,90.0]]]},
"G16": {"type": "Matrix3x3", "payoffs": [[[21.0,53.0],[25.0,53.0],[2.0,59.0]],[[13.0,8.0],[10.0,37.0],[3.0,36.0]],[[17.0,37.0],[10.0,19.0],[11.0,24.0]]]},
"G17": {"type": "Matrix3x3", "payoffs": [[[5.0,1.0],[4.0,18.0],[5.0,20.0]],[[7.0,22.0],[6.0,17.0],[5.0,18.0]],[[2.0,9.0],[1.0,16.0],[2.0,7.0]]]},
"G18": {"type": "Matrix3x3", "payoffs": [[[19.0,0.0],[3.0,0.0],[41.0,0.0]],[[6.0,0.0],[14.0,0.0],[31.0,0.0]],[[18.0,0.0],[29.0,0.0],[27.0,0.0]]]},
"G19": {"type": "Matrix3x3", "payoffs": [[[16.0,43.0],[11.0,58.0],[0.0,48.0]],[[46.0,52.0],[27.0,27.0],[13.0,38.0]],[[20.0,5.0],[48.0,36.0],[20.0,25.0]]]},
"G20": {"type": "Matrix3x3", "payoffs": [[[16.0,74.0],[36.0,0.0],[30.0,35.0]],[[23.0,30.0],[23.0,53.0],[27.0,59.0]],[[33.0,22.0],[13.0,75.0],[36.0,75.0]]]},
"G21": {"type": "Matrix3x3", "payoffs": [[[11.0,69.0],[8.0,32.0],[9.0,53.0]],[[3.0,72.0],[1.0,29.0],[4.0,5.0]],[[13.0,42.0],[9.0,31.0],[4.0,31.0]]]},
"G22": {"type": "Matrix3x3", "payoffs": [[[78.0,40.0],[76.0,39.0],[17.0,34.0]],[[32.0,20.0],[35.0,11.0],[78.0,39.0]],[[4.0,21.0],[90.0,4.0],[50.0,26.0]]]},
"G23": {"type": "Matrix3x3", "payoffs": [[[14.0,17.0],[26.0,25.0],[13.0,13.0]],[[23.0,5.0],[4.0,21.0],[6.0,15.0]],[[17.0,9.0],[1.0,7.0],[23.0,8.0]]]},
"G24": {"type": "Matrix3x3", "payoffs": [[[31.0,30.0],[33.0,39.0],[88.0,49.0]],[[25.0,25.0],[50.0,49.0],[9.0,14.0]],[[10.0,21.0],[31.0,16.0],[46.0,23.0]]]},
"G25": {"type": "Matrix3x3", "payoffs": [[[4.0,66.0],[15.0,12.0],[19.0,1.0]],[[12.0,38.0],[3.0,65.0],[3.0,85.0]],[[21.0,84.0],[15.0,49.0],[21.0,28.0]]]},
"G26": {"type": "Matrix3x3", "payoffs": [[[16.0,32.0],[12.0,14.0],[11.0,11.0]],[[17.0,12.0],[19.0,16.0],[25.0,15.0]],[[5.0,42.0],[20.0,41.0],[16.0,13.0]]]},
"G27": {"type": "Matrix3x3", "payoffs": [[[18.0,61.0],[20.0,90.0],[14.0,42.0]],[[5.0,88.0],[7.0,46.0],[5.0,31.0]],[[5.0,43.0],[10.0,65.0],[25.0,54.0]]]},
"G28": {"type": "Matrix3x3", "payoffs": [[[6.0,13.0],[4.0,7.0],[21.0,11.0]],[[4.0,14.0],[22.0,1.0],[8.0,1.0]],[[16.0,1.0],[13.0,0.0],[16.0,10.0]]]},
"G29": {"type": "Matrix3x3", "payoffs": [[[15.0,14.0],[3.0,2.0],[12.0,2.0]],[[25.0,15.0],[10.0,16.0],[11.0,5.0]],[[23.0,10.0],[25.0,5.0],[9.0,14.0]]]},
"G30": {"type": "Matrix3x3", "payoffs": [[[10.0,36.0],[43.0,1.0],[61.0,31.0]],[[50.0,30.0],[64.0,16.0],[64.0,2.0]],[[6.0,30.0],[72.0,28.0],[53.0,23.0]]]},
"G31": {"type": "Matrix3x3", "payoffs": [[[90.0,1.0],[80.0,3.0],[11.0,0.0]],[[6.0,0.0],[35.0,3.0],[25.0,0.0]],[[18.0,2.0],[54.0,3.0],[68.0,2.0]]]},
"G32": {"type": "Matrix3x3", "payoffs": [[[0.0,3.0],[0.0,3.0],[0.0,2.0]],[[0.0,1.0],[0.0,3.0],[0.0,4.0]],[[0.0,2.0],[0.0,4.0],[0.0,1.0]]]},
"G33": {"type": "Matrix3x3", "payoffs": [[[36.0,39.0],[35.0,14.0],[12.0,50.0]],[[34.0,30.0],[3.0,21.0],[36.0,7.0]],[[4.0,29.0],[1.0,13.0],[25.0,17.0]]]},
"G34": {"type": "Matrix3x3", "payoffs": [[[5.0,1.0],[0.0,1.0],[4.0,2.0]],[[2.0,3.0],[6.0,3.0],[2.0,1.0]],[[1.0,2.0],[3.0,1.0],[3.0,2.0]]]},
"G35": {"type": "Matrix3x3", "payoffs": [[[4.0,29.0],[93.0,68.0],[95.0,46.0]],[[30.0,3.0],[18.0,71.0],[68.0,11.0]],[[19.0,40.0],[57.0,30.0],[14.0,73.0]]]},
"G36": {"type": "Matrix3x3", "payoffs": [[[24.0,27.0],[21.0,0.0],[10.0,16.0]],[[42.0,17.0],[16.0,27.0],[35.0,39.0]],[[10.0,17.0],[21.0,39.0],[36.0,29.0]]]},
"G37": {"type": "Matrix3x3", "payoffs": [[[21.0,57.0],[15.0,74.0],[22.0,37.0]],[[17.0,78.0],[13.0,27.0],[16.0,87.0]],[[6.0,9.0],[18.0,35.0],[3.0,44.0]]]},
"G38": {"type": "Matrix3x3", "payoffs": [[[1.0,12.0],[17.0,16.0],[21.0,11.0]],[[7.0,19.0],[0.0,10.0],[12.0,11.0]],[[16.0,12.0],[7.0,6.0],[18.0,0.0]]]},
"G39": {"type": "Matrix3x3", "payoffs": [[[13.0,1.0],[4.0,12.0],[7.0,31.0]],[[4.0,24.0],[5.0,34.0],[16.0,30.0]],[[19.0,2.0],[11.0,13.0],[5.0,15.0]]]},
"G40": {"type": "Matrix3x3", "payoffs": [[[3.0,34.0],[14.0,35.0],[41.0,22.0]],[[17.0,76.0],[1.0,86.0],[14.0,81.0]],[[4.0,30.0],[15.0,43.0],[1.0,80.0]]]},
"G41": {"type": "Matrix3x3", "payoffs": [[[32.0,3.0],[3.0,3.0],[30.0,5.0]],[[11.0,2.0],[38.0,6.0],[9.0,2.0]],[[30.0,1.0],[2.0,2.0],[34.0,9.0]]]},
"G42": {"type": "Matrix3x3", "payoffs": [[[27.0,46.0],[17.0,0.0],[27.0,1.0]],[[11.0,20.0],[22.0,21.0],[18.0,47.0]],[[1.0,1.0],[15.0,19.0],[16.0,23.0]]]},
"G43": {"type": "Matrix3x3", "payoffs": [[[40.0,27.0],[29.0,24.0],[25.0,6.0]],[[40.0,9.0],[11.0,1.0],[48.0,12.0]],[[12.0,6.0],[41.0,5.0],[46.0,9.0]]]},
"G44": {"type": "Matrix3x3", "payoffs": [[[20.0,32.0],[23.0,54.0],[8.0,59.0]],[[7.0,16.0],[11.0,44.0],[33.0,38.0]],[[11.0,5.0],[0.0,47.0],[11.0,63.0]]]},
"G45": {"type": "Matrix3x3", "payoffs": [[[34.0,34.0],[10.0,34.0],[37.0,19.0]],[[3.0,63.0],[10.0,50.0],[43.0,39.0]],[[28.0,28.0],[52.0,52.0],[13.0,7.0]]]},
"G46": {"type": "Matrix3x3", "payoffs": [[[9.0,30.0],[16.0,56.0],[32.0,42.0]],[[36.0,72.0],[15.0,11.0],[37.0,78.0]],[[23.0,18.0],[36.0,60.0],[1.0,69.0]]]},
"G47": {"type": "Matrix3x3", "payoffs": [[[52.0,6.0],[82.0,7.0],[78.0,4.0]],[[45.0,14.0],[76.0,1.0],[71.0,14.0]],[[58.0,2.0],[47.0,4.0],[3.0,15.0]]]},
"G48": {"type": "Matrix3x3", "payoffs": [[[61.0,79.0],[25.0,32.0],[4.0,61.0]],[[49.0,66.0],[13.0,28.0],[5.0,1.0]],[[40.0,63.0],[6.0,40.0],[61.0,89.0]]]},
"G49": {"type": "Matrix3x3", "payoffs": [[[0.0,2.0],[4.0,3.0],[3.0,1.0]],[[6.0,3.0],[2.0,3.0],[3.0,3.0]],[[7.0,5.0],[1.0,4.0],[5.0,2.0]]]},
"G50": {"type": "Matrix3x3", "payoffs": [[[11.0,5.0],[74.0,4.0],[51.0,54.0]],[[18.0,43.0],[76.0,42.0],[35.0,27.0]],[[26.0,6.0],[62.0,6.0],[67.0,2.0]]]},
"G51": {"type": "Matrix3x3", "payoffs": [[[3.0,41.0],[15.0,17.0],[20.0,39.0]],[[10.0,40.0],[13.0,28.0],[10.0,3.0]],[[13.0,79.0],[4.0,58.0],[21.0,63.0]]]},
"G52": {"type": "Matrix3x3", "payoffs": [[[22.0,4.0],[52.0,3.0],[46.0,4.0]],[[48.0,2.0],[66.0,7.0],[37.0,7.0]],[[30.0,5.0],[3.0,5.0],[52.0,0.0]]]},
"G53": {"type": "Matrix3x3", "payoffs": [[[3.0,27.0],[22.0,33.0],[15.0,46.0]],[[17.0,8.0],[9.0,15.0],[12.0,37.0]],[[9.0,42.0],[10.0,53.0],[10.0,55.0]]]},
"G54": {"type": "Matrix3x3", "payoffs": [[[20.0,4.0],[23.0,5.0],[4.0,0.0]],[[26.0,5.0],[11.0,4.0],[18.0,6.0]],[[9.0,5.0],[12.0,1.0],[8.0,3.0]]]},
"G55": {"type": "Matrix3x3", "payoffs": [[[42.0,40.0],[19.0,16.0],[30.0,48.0]],[[44.0,17.0],[32.0,50.0],[4.0,46.0]],[[50.0,50.0],[36.0,32.0],[51.0,15.0]]]},
"G56": {"type": "Matrix3x3", "payoffs": [[[18.0,21.0],[16.0,11.0],[8.0,73.0]],[[8.0,38.0],[14.0,13.0],[2.0,13.0]],[[13.0,23.0],[11.0,73.0],[20.0,26.0]]]},
"G57": {"type": "Matrix3x3", "payoffs": [[[15.0,3.0],[16.0,42.0],[1.0,2.0]],[[1.0,76.0],[9.0,74.0],[22.0,81.0]],[[11.0,44.0],[13.0,2.0],[20.0,20.0]]]},
"G58": {"type": "Matrix3x3", "payoffs": [[[97.0,9.0],[21.0,7.0],[61.0,14.0]],[[86.0,16.0],[8.0,19.0],[25.0,21.0]],[[58.0,11.0],[53.0,9.0],[28.0,16.0]]]},
"G59": {"type": "Matrix3x3", "payoffs": [[[31.0,41.0],[1.0,64.0],[26.0,21.0]],[[16.0,54.0],[1.0,20.0],[28.0,60.0]],[[0.0,44.0],[35.0,9.0],[2.0,61.0]]]},
"G60": {"type": "Matrix3x3", "payoffs": [[[2.0,65.0],[2.0,52.0],[23.0,73.0]],[[27.0,66.0],[15.0,9.0],[19.0,46.0]],[[52.0,6.0],[58.0,5.0],[44.0,23.0]]]},
"G61": {"type": "Matrix3x3", "payoffs": [[[7.0,2.0],[15.0,8.0],[39.0,18.0]],[[18.0,6.0],[49.0,39.0],[75.0,14.0]],[[63.0,3.0],[52.0,0.0],[60.0,3.0]]]},
"G62": {"type": "Matrix3x3", "payoffs": [[[13.0,6.0],[9.0,1.0],[22.0,5.0]],[[11.0,11.0],[11.0,12.0],[0.0,7.0]],[[1.0,15.0],[19.0,3.0],[4.0,9.0]]]},
"G63": {"type": "Matrix3x3", "payoffs": [[[19.0,22.0],[25.0,15.0],[2.0,10.0]],[[6.0,10.0],[16.0,20.0],[1.0,21.0]],[[8.0,16.0],[34.0,13.0],[27.0,3.0]]]},
"G64": {"type": "Matrix3x3", "payoffs": [[[2.0,1.0],[0.0,1.0],[2.0,0.0]],[[4.0,2.0],[7.0,1.0],[4.0,1.0]],[[6.0,1.0],[1.0,0.0],[1.0,1.0]]]},
"G65": {"type": "Matrix3x3", "payoffs": [[[36.0,81.0],[91.0,3.0],[61.0,19.0]],[[45.0,77.0],[28.0,64.0],[50.0,30.0]],[[38.0,46.0],[65.0,50.0],[22.0,61.0]]]},
"G66": {"type": "Matrix3x3", "payoffs": [[[63.0,9.0],[40.0,12.0],[44.0,11.0]],[[17.0,10.0],[47.0,11.0],[5.0,2.0]],[[30.0,11.0],[62.0,5.0],[60.0,11.0]]]},
"G67": {"type": "Matrix3x3", "payoffs": [[[31.0,0.0],[26.0,24.0],[64.0,13.0]],[[24.0,37.0],[57.0,26.0],[8.0,23.0]],[[9.0,3.0],[12.0,22.0],[24.0,10.0]]]},
"G68": {"type": "Matrix3x3", "payoffs": [[[33.0,64.0],[17.0,51.0],[9.0,24.0]],[[14.0,32.0],[55.0,15.0],[20.0,6.0]],[[14.0,57.0],[27.0,60.0],[32.0,54.0]]]},
"G69": {"type": "Matrix3x3", "payoffs": [[[5.0,25.0],[16.0,64.0],[32.0,45.0]],[[40.0,60.0],[15.0,20.0],[18.0,20.0]],[[19.0,83.0],[20.0,31.0],[19.0,58.0]]]},
"G70": {"type": "Matrix3x3", "payoffs": [[[32.0,21.0],[5.0,2.0],[72.0,35.0]],[[62.0,32.0],[81.0,10.0],[78.0,31.0]],[[52.0,23.0],[67.0,29.0],[25.0,10.0]]]},
"G71": {"type": "Matrix3x3", "payoffs": [[[19.0,16.0],[18.0,29.0],[18.0,52.0]],[[7.0,44.0],[16.0,12.0],[14.0,25.0]],[[2.0,20.0],[15.0,42.0],[16.0,7.0]]]},
"G72": {"type": "Matrix3x3", "payoffs": [[[18.0,41.0],[4.0,55.0],[14.0,19.0]],[[23.0,13.0],[33.0,50.0],[37.0,6.0]],[[43.0,32.0],[39.0,27.0],[43.0,63.0]]]},
"G73": {"type": "Matrix3x3", "payoffs": [[[44.0,1.0],[60.0,3.0],[36.0,7.0]],[[42.0,0.0],[66.0,4.0],[67.0,1.0]],[[17.0,3.0],[53.0,0.0],[43.0,0.0]]]},
"G74": {"type": "Matrix3x3", "payoffs": [[[15.0,11.0],[9.0,18.0],[2.0,51.0]],[[7.0,32.0],[10.0,69.0],[3.0,22.0]],[[21.0,74.0],[17.0,55.0],[23.0,70.0]]]},
"G75": {"type": "Matrix3x3", "payoffs": [[[4.0,3.0],[22.0,12.0],[21.0,46.0]],[[38.0,22.0],[29.0,49.0],[4.0,21.0]],[[8.0,30.0],[42.0,73.0],[17.0,8.0]]]},
"G76": {"type": "Matrix3x3", "payoffs": [[[2.0,11.0],[1.0,8.0],[10.0,9.0]],[[7.0,5.0],[8.0,11.0],[11.0,5.0]],[[3.0,4.0],[20.0,4.0],[20.0,7.0]]]},
"G77": {"type": "Matrix3x3", "payoffs": [[[38.0,72.0],[47.0,68.0],[7.0,82.0]],[[50.0,83.0],[39.0,66.0],[9.0,46.0]],[[26.0,41.0],[28.0,56.0],[29.0,24.0]]]},
"G78": {"type": "Matrix3x3", "payoffs": [[[37.0,11.0],[22.0,11.0],[6.0,16.0]],[[19.0,11.0],[11.0,4.0],[14.0,12.0]],[[32.0,18.0],[32.0,32.0],[3.0,5.0]]]},
"G79": {"type": "Matrix3x3", "payoffs": [[[24.0,35.0],[9.0,47.0],[13.0,59.0]],[[43.0,2.0],[8.0,65.0],[42.0,17.0]],[[2.0,62.0],[8.0,16.0],[2.0,47.0]]]},
"G80": {"type": "Matrix3x3", "payoffs": [[[69.0,17.0],[51.0,31.0],[59.0,26.0]],[[10.0,42.0],[64.0,34.0],[59.0,39.0]],[[26.0,39.0],[72.0,13.0],[12.0,22.0]]]},
"G81": {"type": "Matrix3x3", "payoffs": [[[29.0,18.0],[43.0,11.0],[4.0,27.0]],[[1.0,18.0],[20.0,23.0],[30.0,35.0]],[[33.0,0.0],[51.0,67.0],[5.0,13.0]]]},
"G82": {"type": "Matrix3x3", "payoffs": [[[22.0,45.0],[25.0,34.0],[15.0,62.0]],[[12.0,65.0],[24.0,63.0],[17.0,67.0]],[[20.0,66.0],[6.0,2.0],[13.0,12.0]]]},
"G83": {"type": "Matrix3x3", "payoffs": [[[35.0,57.0],[15.0,28.0],[22.0,23.0]],[[41.0,88.0],[2.0,20.0],[26.0,58.0]],[[16.0,24.0],[34.0,54.0],[6.0,74.0]]]},
"G84": {"type": "Matrix3x3", "payoffs": [[[4.0,3.0],[8.0,4.0],[20.0,3.0]],[[30.0,1.0],[62.0,0.0],[21.0,4.0]],[[58.0,1.0],[42.0,1.0],[13.0,3.0]]]},
"G85": {"type": "Matrix3x3", "payoffs": [[[7.0,23.0],[68.0,37.0],[45.0,9.0]],[[54.0,5.0],[26.0,33.0],[36.0,26.0]],[[29.0,8.0],[17.0,35.0],[21.0,20.0]]]},
"G86": {"type": "Matrix3x3", "payoffs": [[[24.0,19.0],[12.0,26.0],[26.0,44.0]],[[58.0,14.0],[28.0,27.0],[60.0,5.0]],[[82.0,23.0],[68.0,41.0],[24.0,37.0]]]},
"G87": {"type": "Matrix3x3", "payoffs": [[[62.0,32.0],[63.0,0.0],[43.0,18.0]],[[58.0,1.0],[15.0,20.0],[44.0,15.0]],[[57.0,4.0],[67.0,11.0],[49.0,0.0]]]},
"G88": {"type": "Matrix3x3", "payoffs": [[[18.0,22.0],[2.0,30.0],[16.0,29.0]],[[3.0,35.0],[5.0,44.0],[8.0,3.0]],[[1.0,22.0],[1.0,44.0],[3.0,35.0]]]},
"G89": {"type": "Matrix3x3", "payoffs": [[[1.0,1.0],[85.0,13.0],[11.0,9.0]],[[59.0,6.0],[8.0,11.0],[4.0,5.0]],[[14.0,12.0],[78.0,2.0],[36.0,3.0]]]},
"G90": {"type": "Matrix3x3", "payoffs": [[[46.0,22.0],[73.0,25.0],[3.0,24.0]],[[31.0,21.0],[77.0,21.0],[80.0,1.0]],[[81.0,15.0],[87.0,13.0],[18.0,15.0]]]},
"G91": {"type": "Matrix3x3", "payoffs": [[[15.0,17.0],[5.0,7.0],[34.0,35.0]],[[35.0,8.0],[53.0,22.0],[37.0,1.0]],[[15.0,36.0],[79.0,29.0],[76.0,28.0]]]},
"G92": {"type": "Matrix3x3", "payoffs": [[[20.0,3.0],[45.0,4.0],[25.0,5.0]],[[65.0,7.0],[27.0,8.0],[58.0,8.0]],[[27.0,2.0],[61.0,0.0],[35.0,4.0]]]},
"G93": {"type": "Matrix3x3", "payoffs": [[[52.0,12.0],[41.0,26.0],[21.0,1.0]],[[33.0,24.0],[41.0,22.0],[74.0,20.0]],[[87.0,2.0],[81.0,2.0],[8.0,16.0]]]},
"G94": {"type": "Matrix3x3", "payoffs": [[[54.0,34.0],[37.0,53.0],[24.0,44.0]],[[26.0,54.0],[71.0,17.0],[79.0,32.0]],[[42.0,3.0],[3.0,73.0],[4.0,63.0]]]},
"G95": {"type": "Matrix3x3", "payoffs": [[[13.0,38.0],[4.0,35.0],[10.0,11.0]],[[8.0,12.0],[7.0,23.0],[14.0,36.0]],[[26.0,41.0],[20.0,18.0],[25.0,36.0]]]},
"G96": {"type": "Matrix3x3", "payoffs": [[[8.0,1.0],[12.0,1.0],[39.0,1.0]],[[28.0,2.0],[10.0,0.0],[14.0,2.0]],[[27.0,1.0],[40.0,0.0],[24.0,2.0]]]},
"G97": {"type": "Matrix3x3", "payoffs": [[[2.0,9.0],[3.0,71.0],[12.0,8.0]],[[25.0,64.0],[36.0,41.0],[9.0,12.0]],[[51.0,1.0],[8.0,60.0],[22.0,61.0]]]},
"G98": {"type": "Matrix3x3", "payoffs": [[[3.0,1.0],[5.0,1.0],[2.0,1.0]],[[5.0,1.0],[2.0,1.0],[5.0,1.0]],[[5.0,1.0],[6.0,1.0],[0.0,1.0]]]},
"G99": {"type": "Matrix3x3", "payoffs": [[[19.0,53.0],[12.0,47.0],[4.0,37.0]],[[12.0,5.0],[8.0,17.0],[20.0,1.0]],[[12.0,30.0],[10.0,33.0],[0.0,35.0]]]},
"G100": {"type": "Matrix3x3", "payoffs": [[[24.0,43.0],[4.0,15.0],[8.0,61.0]],[[8.0,56.0],[9.0,56.0],[12.0,52.0]],[[9.0,20.0],[13.0,39.0],[13.0,71.0]]]}
}