{
"numGames": 100,
"G1": {"type": "Matrix3x3", "payoffs": [[[41.0,20.0],[59.0,42.0],[62.0,30.0]],[[67.0,49.0],[72.0,55.0],[20.0,26.0]],[[31.0,58.0],[18.0,53.0],[60.0,4.0]]]},
"G2": {"type": "Matrix3x3", "payoffs": [[[44.0,1.0],[23.0,7.0],[8.0,15.0]],[[38.0,21.0],[42.0,7.0],[23.0,11.0]],[[3.0,18.0],[26.0,7.0],[56.0,3.0]]]},
"G3": {"type": "Matrix3x3", "payoffs": [[[28.0,25.0],[37.0,70.0],[28.0,23.0]],[[3.0,35.0],[18.0,80.0],[26.0,43.0]],[[44.0,1.0],[14.0,79.0],[31.0,72.0]]]},
"G4": {"type": "Matrix3x3", "payoffs": [[[16.0,57.0],[81.0,32.0],[52.0,77.0]],[[84.0,5.0],[81.0,10.0],[74.0,11.0]],[[7.0,15.0],[86.0,30.0],[53.0,95.0]]]},
"G5": {"type": "Matrix3x3", "payoffs": [[[5.0,35.0],[2.0,53.0],[3.0,13.0]],[[2.0,71.0],[7.0,29.0],[2.0,3.0]],[[5.0,32.0],[6.0,9.0],[1.0,59.0]]]},
"G6": {"type": "Matrix3x3", "payoffs": [[[0.0,3.0],[0.0,9.0],[0.0,23.0]],[[0.0,11.0],[0.0,9.0],[0.0,12.0]],[[0.0,19.0],[0.0,25.0],[0.0,14.0]]]},
"G7": {"type": "Matrix3x3", "payoffs": [[[22.0,19.0],[45.0,13.0],[26.0,45.0]],[[40.0,18.0],[81.0,41.0],[37.0,35.0]],[[93.0,5.0],[90.0,8.0],[52.0,45.0]]]},
"G8": {"type": "Matrix3x3", "payoffs": [[[8.0,11.0],[14.0,9.0],[2.0,11.0]],[[14.0,5.0],[15.0,8.0],[10.0,5.0]],[[20.0,10.0],[13.0,0.0],[18.0,2.0]]]},
"G9": {"type": "Matrix3x3", "payoffs": [[[0.0,19.0],[11.0,51.0],[20.0,48.0]],[[5.0,35.0],[19.0,23.0],[13.0,57.0]],[[16.0,46.0],[19.0,57.0],[1.0,14.0]]]},
"G10": {"type": "Matrix3x3", "payoffs": [[[73.0,28.0],[62.0,29.0],[1.0,23.0]],[[74.0,38.0],[25.0,20.0],[59.0,45.0]],[[37.0,35.0],[72.0,32.0],[45.0,23.0]]]},
"G11": {"type": "Matrix3x3", "payoffs": [[[53.0,17.0],[76.0,3.0],[72.0,12.0]],[[80.0,6.0],[75.0,24.0],[13.0,20.0]],[[44.0,7.0],[59.0,22.0],[20.0,26.0]]]},
"G12": {"type": "Matrix3x3", "payoffs": [[[15.0,31.0],[49.0,17.0],[14.0,37.0]],[[5.0,15.0],[28.0,25.0],[39.0,23.0]],[[71.0,4.0],[4.0,3.0],[42.0,10.0]]]},
"G13": {"type": "Matrix3x3", "payoffs": [[[1.0,33.0],[43.0,5.0],[23.0,36.0]],[[33.0,42.0],[5.0,35.0],[26.0,32.0]],[[34.0,27.0],[5.0,47.0],[6.0,23.0]]]},
"G14": {"type": "Matrix3x3", "payoffs": [[[27.0,0.0],[27.0,8.0],[71.0,2.0]],[[78.0,11.0],[91.0,2.0],[87.0,3.0]],[[49.0,2.0],[63.0,10.0],[53.0,13.0]]]},
"G15": {"type": "Matrix3x3", "payoffs": [[[70.0,9.0],[77.0,23.0],[51.0,5.0]],[[58.0,33.0],[18.0,43.0],[75.0,77.0]],[[30.0,20.0],[41.0,31.0],[68.0,75.0]]]},
"G16": {"type": "Matrix3x3", "payoffs": [[[9.0,10.0],[11.0,20.0],[1.0,9.0]],[[13.0,3.0],[13.0,10.0],[14.0,18.0]],[[2.0,5.0],[9.0,14.0],[13.0,22.0]]]},
"G17": {"type": "Matrix3x3", "payoffs": [[[11.0,5.0],[5.0,3.0],[21.0,8.0]],[[13.0,6.0],[12.0,7.0],[23.0,5.0]],[[13.0,7.0],[27.0,0.0],[15.0,6.0]]]},
"G18": {"type": "Matrix3x3", "payoffs": [[[12.0,2.0],[11.0,1.0],[7.0,2.0]],[[6.0,2.0],[13.0,1.0],[11.0,2.0]],[[1.0,1.0],[14.0,2.0],[14.0,0.0]]]},
"G19": {"type": "Matrix3x3", "payoffs": [[[19.0,43.0],[30.0,14.0],[38.0,35.0]],[[46.0,22.0],[24.0,12.0],[30.0,23.0]],[[28.0,9.0],[4.0,21.0],[29.0,50.0]]]},
"G20": {"type": "Matrix3x3", "payoffs": [[[11.0,24.0],[20.0,36.0],[68.0,22.0]],[[41.0,32.0],[63.0,56.0],[54.0,20.0]],[[51.0,19.0],[68.0,64.0],[24.0,23.0]]]},
"G21": {"type": "Matrix3x3", "payoffs": [[[12.0,35.0],[10.0,8.0],[0.0,20.0]],[[8.0,53.0],[2.0,43.0],[11.0,30.0]],[[15.0,58.0],[2.0,18.0],[4.0,4.0]]]},
"G22": {"type": "Matrix3x3", "payoffs": [[[5.0,83.0],[43.0,33.0],[22.0,12.0]],[[22.0,9.0],[43.0,78.0],[34.0,66.0]],[[15.0,58.0],[25.0,37.0],[48.0,80.0]]]},
"G23": {"type": "Matrix3x3", "payoffs": [[[15.0,25.0],[8.0,2.0],[4.0,29.0]],[[10.0,24.0],[16.0,1.0],[3.0,20.0]],[[13.0,18.0],[1.0,1.0],[11.0,16.0]]]},
"G24": {"type": "Matrix3x3", "payoffs": [[[33.0,12.0],[27.0,8.0],[5.0,0.0]],[[35.0,18.0],[38.0,17.0],[11.0,20.0]],[[43.0,14.0],[20.0,11.0],[4.0,23.0]]]},
"G25": {"type": "Matrix3x3", "payoffs": [[[6.0,4.0],[5.0,7.0],[9.0,66.0]],[[10.0,70.0],[1.0,17.0],[10.0,40.0]],[[1.0,22.0],[5.0,42.0],[10.0,8.0]]]},
"G26": {"type": "Matrix3x3", "payoffs": [[[2.0,41.0],[1.0,57.0],[15.0,53.0]],[[2.0,13.0],[9.0,4.0],[10.0,23.0]],[[8.0,3.0],[12.0,30.0],[5.0,26.0]]]},
"G27": {"type": "Matrix3x3", "payoffs": [[[11.0,1.0],[11.0,0.0],[8.0,2.0]],[[3.0,3.0],[1.0,2.0],[8.0,0.0]],[[2.0,3.0],[8.0,3.0],[9.0,3.0]]]},
"G28": {"type": "Matrix3x3", "payoffs": [[[25.0,33.0],[34.0,22.0],[59.0,33.0]],[[39.0,25.0],[75.0,41.0],[35.0,25.0]],[[17.0,7.0],[28.0,33.0],[68.0,16.0]]]},
"G29": {"type": "Matrix3x3", "payoffs": [[[10.0,21.0],[12.0,59.0],[13.0,63.0]],[[6.0,19.0],[22.0,32.0],[6.0,51.0]],[[30.0,33.0],[19.0,6.0],[24.0,10.0]]]},
"G30": {"type": "Matrix3x3", "payoffs": [[[12.0,14.0],[15.0,28.0],[3.0,52.0]],[[11.0,58.0],[7.0,57.0],[12.0,1.0]],[[5.0,69.0],[11.0,61.0],[4.0,79.0]]]},
"G31": {"type": "Matrix3x3", "payoffs": [[[47.0,9.0],[70.0,14.0],[17.0,10.0]],[[34.0,0.0],[42.0,8.0],[84.0,4.0]],[[69.0,1.0],[37.0,11.0],[8.0,14.0]]]},
"G32": {"type": "Matrix3x3", "payoffs": [[[5.0,46.0],[17.0,4.0],[13.0,13.0]],[[8.0,56.0],[6.0,53.0],[9.0,69.0]],[[12.0,66.0],[19.0,34.0],[15.0,38.0]]]},
"G33": {"type": "Matrix3x3", "payoffs": [[[69.0,7.0],[86.0,8.0],[14.0,5.0]],[[32.0,5.0],[40.0,3.0],[83.0,8.0]],[[64.0,6.0],[6.0,8.0],[73.0,1.0]]]},
"G34": {"type": "Matrix3x3", "payoffs": [[[2.0,6.0],[14.0,16.0],[56.0,22.0]],[[30.0,27.0],[37.0,13.0],[23.0,39.0]],[[0.0,24.0],[23.0,36.0],[54.0,5.0]]]},
"G35": {"type": "Matrix3x3", "payoffs": [[[28.0,2.0],[4.0,9.0],[37.0,5.0]],[[15.0,12.0],[34.0,14.0],[4.0,8.0]],[[39.0,13.0],[23.0,2.0],[38.0,7.0]]]},
"G36": {"type": "Matrix3x3", "payoffs": [[[23.0,25.0],[21.0,8.0],[6.0,17.0]],[[13.0,21.0],[8.0,33.0],[31.0,2.0]],[[15.0,31.0],[5.0,9.0],[15.0,32.0]]]},
"G37": {"type": "Matrix3x3", "payoffs": [[[35.0,5.0],[70.0,14.0],[10.0,22.0]],[[3.0,41.0],[17.0,26.0],[9.0,37.0]],[[77.0,41.0],[19.0,40.0],[10.0,80.0]]]},
"G38": {"type": "Matrix3x3", "payoffs": [[[6.0,22.0],[10.0,67.0],[11.0,38.0]],[[29.0,38.0],[30.0,25.0],[26.0,54.0]],[[26.0,73.0],[9.0,37.0],[27.0,37.0]]]},
"G39": {"type": "Matrix3x3", "payoffs": [[[18.0,6.0],[59.0,6.0],[88.0,4.0]],[[52.0,1.0],[75.0,6.0],[2.0,5.0]],[[48.0,0.0],[83.0,3.0],[7.0,4.0]]]},
"G40": {"type": "Matrix3x3", "payoffs": [[[50.0,27.0],[32.0,25.0],[91.0,14.0]],[[66.0,9.0],[32.0,53.0],[28.0,5.0]],[[20.0,53.0],[58.0,32.0],[75.0,6.0]]]},
"G41": {"type": "Matrix3x3", "payoffs": [[[1.0,34.0],[1.0,1.0],[14.0,23.0]],[[4.0,8.0],[2.0,32.0],[7.0,12.0]],[[10.0,13.0],[14.0,22.0],[11.0,29.0]]]},
"G42": {"type": "Matrix3x3", "payoffs": [[[26.0,0.0],[16.0,28.0],[18.0,28.0]],[[10.0,13.0],[1.0,4.0],[10.0,24.0]],[[23.0,7.0],[19.0,22.0],[26.0,14.0]]]},
"G43": {"type": "Matrix3x3", "payoffs": [[[16.0,25.0],[21.0,5.0],[20.0,33.0]],[[3.0,35.0],[17.0,16.0],[27.0,24.0]],[[8.0,10.0],[7.0,2.0],[26.0,38.0]]]},
"G44": {"type": "Matrix3x3", "payoffs": [[[41.0,11.0],[79.0,7.0],[40.0,13.0]],[[68.0,29.0],[78.0,15.0],[40.0,7.0]],[[46.0,21.0],[17.0,22.0],[38.0,29.0]]]},
"G45": {"type": "Matrix3x3", "payoffs": [[[49.0,26.0],[54.0,46.0],[17.0,8.0]],[[53.0,4.0],[54.0,51.0],[39.0,40.0]],[[25.0,18.0],[43.0,24.0],[55.0,12.0]]]},
"G46": {"type": "Matrix3x3", "payoffs": [[[31.0,34.0],[40.0,26.0],[54.0,0.0]],[[24.0,39.0],[20.0,17.0],[29.0,29.0]],[[51.0,14.0],[72.0,24.0],[74.0,31.0]]]},
"G47": {"type": "Matrix3x3", "payoffs": [[[9.0,30.0],[3.0,43.0],[20.0,39.0]],[[3.0,54.0],[30.0,34.0],[39.0,10.0]],[[10.0,44.0],[34.0,5.0],[34.0,54.0]]]},
"G48": {"type": "Matrix3x3", "payoffs": [[[5.0,5.0],[8.0,8.0],[9.0,4.0]],[[6.0,22.0],[4.0,8.0],[9.0,18.0]],[[5.0,8.0],[2.0,4.0],[5.0,13.0]]]},
"G49": {"type": "Matrix3x3", "payoffs": [[[13.0,40.0],[4.0,29.0],[4.0,43.0]],[[4.0,40.0],[16.0,5.0],[9.0,33.0]],[[3.0,57.0],[17.0,41.0],[14.0,26.0]]]},
"G50": {"type": "Matrix3x3", "payoffs": [[[30.0,4.0],[38.0,20.0],[31.0,37.0]],[[0.0,40.0],[4.0,44.0],[22.0,69.0]],[[17.0,40.0],[16.0,14.0],[25.0,14.0]]]},
"G51": {"type": "Matrix3x3", "payoffs": [[[39.0,27.0],[64.0,39.0],[62.0,46.0]],[[69.0,47.0],[30.0,23.0],[44.0,17.0]],[[24.0,58.0],[11.0,13.0],[67.0,25.0]]]},
"G52": {"type": "Matrix3x3", "payoffs": [[[21.0,22.0],[47.0,3.0],[17.0,12.0]],[[43.0,38.0],[13.0,26.0],[5.0,11.0]],[[4.0,28.0],[22.0,43.0],[17.0,61.0]]]},
"G53": {"type": "Matrix3x3", "payoffs": [[[83.0,4.0],[2.0,20.0],[32.0,19.0]],[[80.0,42.0],[21.0,51.0],[71.0,24.0]],[[54.0,18.0],[58.0,10.0],[1.0,38.0]]]},
"G54": {"type": "Matrix3x3", "payoffs": [[[73.0,8.0],[20.0,5.0],[49.0,5.0]],[[92.0,3.0],[95.0,14.0],[2.0,9.0]],[[47.0,12.0],[74.0,10.0],[72.0,13.0]]]},
"G55": {"type": "Matrix3x3", "payoffs": [[[40.0,28.0],[14.0,63.0],[12.0,71.0]],[[41.0,29.0],[47.0,51.0],[43.0,66.0]],[[44.0,41.0],[16.0,34.0],[19.0,36.0]]]},
"G56": {"type": "Matrix3x3", "payoffs": [[[16.0,18.0],[15.0,44.0],[4.0,19.0]],[[13.0,88.0],[17.0,44.0],[18.0,10.0]],[[7.0,28.0],[12.0,72.0],[6.0,38.0]]]},
"G57": {"type": "Matrix3x3", "payoffs": [[[13.0,3.0],[39.0,1.0],[19.0,2.0]],[[9.0,1.0],[25.0,1.0],[6.0,2.0]],[[19.0,2.0],[36.0,3.0],[4.0,1.0]]]},
"G58": {"type": "Matrix3x3", "payoffs": [[[1.0,2.0],[1.0,82.0],[0.0,63.0]],[[0.0,28.0],[0.0,75.0],[1.0,39.0]],[[1.0,82.0],[1.0,70.0],[0.0,45.0]]]},
"G59": {"type": "Matrix3x3", "payoffs": [[[33.0,15.0],[27.0,8.0],[22.0,55.0]],[[0.0,58.0],[21.0,63.0],[27.0,26.0]],[[16.0,33.0],[40.0,63.0],[43.0,47.0]]]},
"G60": {"type": "Matrix3x3", "payoffs": [[[18.0,40.0],[12.0,55.0],[14.0,56.0]],[[6.0,77.0],[22.0,31.0],[6.0,66.0]],[[18.0,76.0],[5.0,45.0],[20.0,45.0]]]},
"G61": {"type": "Matrix3x3", "payoffs": [[[6.0,34.0],[40.0,16.0],[29.0,22.0]],[[51.0,19.0],[24.0,12.0],[8.0,35.0]],[[46.0,7.0],[5.0,7.0],[42.0,9.0]]]},
"G62": {"type": "Matrix3x3", "payoffs": [[[43.0,57.0],[34.0,29.0],[29.0,1.0]],[[33.0,43.0],[34.0,50.0],[19.0,42.0]],[[12.0,25.0],[53.0,41.0],[61.0,41.0]]]},
"G63": {"type": "Matrix3x3", "payoffs": [[[36.0,13.0],[3.0,11.0],[62.0,30.0]],[[25.0,15.0],[58.0,4.0],[49.0,2.0]],[[40.0,28.0],[64.0,3.0],[7.0,22.0]]]},
"G64": {"type": "Matrix3x3", "payoffs": [[[2.0,4.0],[1.0,11.0],[1.0,1.0]],[[4.0,6.0],[1.0,1.0],[2.0,8.0]],[[0.0,10.0],[4.0,11.0],[4.0,11.0]]]},
"G65": {"type": "Matrix3x3", "payoffs": [[[15.0,44.0],[10.0,0.0],[13.0,44.0]],[[6.0,12.0],[10.0,7.0],[2.0,47.0]],[[5.0,36.0],[13.0,41.0],[14.0,21.0]]]},
"G66": {"type": "Matrix3x3", "payoffs": [[[50.0,29.0],[4.0,23.0],[41.0,16.0]],[[51.0,5.0],[0.0,30.0],[14.0,24.0]],[[12.0,21.0],[36.0,1.0],[81.0,21.0]]]},
"G67": {"type": "Matrix3x3", "payoffs": [[[5.0,30.0],[15.0,58.0],[12.0,67.0]],[[13.0,5.0],[15.0,44.0],[12.0,82.0]],[[20.0,49.0],[9.0,59.0],[7.0,42.0]]]},
"G68": {"type": "Matrix3x3", "payoffs": [[[11.0,65.0],[14.0,35.0],[25.0,69.0]],[[10.0,85.0],[9.0,3.0],[21.0,64.0]],[[5.0,89.0],[23.0,64.0],[10.0,94.0]]]},
"G69": {"type": "Matrix3x3", "payoffs": [[[3.0,17.0],[2.0,26.0],[1.0,10.0]],[[2.0,7.0],[1.0,6.0],[1.0,13.0]],[[3.0,1.0],[0.0,16.0],[3.0,8.0]]]},
"G70": {"type": "Matrix3x3", "payoffs": [[[18.0,61.0],[36.0,67.0],[59.0,16.0]],[[28.0,29.0],[3.0,64.0],[20.0,10.0]],[[18.0,33.0],[37.0,52.0],[4.0,67.0]]]},
"G71": {"type": "Matrix3x3", "payoffs": [[[78.0,20.0],[52.0,32.0],[24.0,25.0]],[[92.0,9.0],[55.0,29.0],[51.0,14.0]],[[85.0,7.0],[77.0,14.0],[4.0,41.0]]]},
"G72": {"type": "Matrix3x3", "payoffs": [[[30.0,39.0],[26.0,19.0],[32.0,32.0]],[[29.0,23.0],[33.0,49.0],[1.0,74.0]],[[25.0,3.0],[25.0,43.0],[12.0,33.0]]]},
"G73": {"type": "Matrix3x3", "payoffs": [[[3.0,12.0],[22.0,6.0],[13.0,11.0]],[[9.0,11.0],[3.0,13.0],[12.0,6.0]],[[12.0,7.0],[8.0,10.0],[4.0,6.0]]]},
"G74": {"type": "Matrix3x3", "payoffs": [[[27.0,12.0],[15.0,41.0],[0.0,15.0]],[[17.0,33.0],[13.0,38.0],[21.0,6.0]],[[34.0,28.0],[2.0,4.0],[6.0,4.0]]]},
"G75": {"type": "Matrix3x3", "payoffs": [[[11.0,18.0],[5.0,4.0],[29.0,12.0]],[[92.0,21.0],[10.0,5.0],[48.0,23.0]],[[8.0,27.0],[92.0,8.0],[54.0,13.0]]]},
"G76": {"type": "Matrix3x3", "payoffs": [[[8.0,38.0],[3.0,52.0],[6.0,31.0]],[[5.0,41.0],[8.0,34.0],[1.0,37.0]],[[6.0,25.0],[8.0,13.0],[2.0,53.0]]]},
"G77": {"type": "Matrix3x3", "payoffs": [[[38.0,61.0],[7.0,14.0],[7.0,61.0]],[[5.0,77.0],[31.0,3.0],[39.0,54.0]],[[17.0,19.0],[40.0,71.0],[90.0,26.0]]]},
"G78": {"type": "Matrix3x3", "payoffs": [[[76.0,1.0],[86.0,5.0],[10.0,10.0]],[[42.0,11.0],[47.0,13.0],[34.0,2.0]],[[36.0,19.0],[18.0,1.0],[2.0,16.0]]]},
"G79": {"type": "Matrix3x3", "payoffs": [[[7.0,35.0],[1.0,74.0],[2.0,11.0]],[[1.0,26.0],[4.0,67.0],[2.0,24.0]],[[3.0,28.0],[4.0,55.0],[2.0,43.0]]]},
"G80": {"type": "Matrix3x3", "payoffs": [[[39.0,81.0],[17.0,39.0],[17.0,52.0]],[[28.0,31.0],[54.0,50.0],[9.0,58.0]],[[57.0,65.0],[46.0,44.0],[10.0,37.0]]]},
"G81": {"type": "Matrix3x3", "payoffs": [[[49.0,76.0],[43.0,2.0],[43.0,46.0]],[[7.0,40.0],[19.0,87.0],[36.0,46.0]],[[58.0,26.0],[47.0,45.0],[37.0,36.0]]]},
"G82": {"type": "Matrix3x3", "payoffs": [[[47.0,18.0],[28.0,1.0],[32.0,60.0]],[[4.0,44.0],[35.0,25.0],[6.0,61.0]],[[27.0,15.0],[5.0,22.0],[15.0,5.0]]]},
"G83": {"type": "Matrix3x3", "payoffs": [[[38.0,5.0],[67.0,15.0],[6.0,3.0]],[[26.0,14.0],[19.0,2.0],[26.0,11.0]],[[76.0,10.0],[55.0,13.0],[38.0,15.0]]]},
"G84": {"type": "Matrix3x3", "payoffs": [[[8.0,1.0],[13.0,29.0],[24.0,28.0]],[[19.0,52.0],[23.0,19.0],[33.0,41.0]],[[54.0,42.0],[2.0,13.0],[27.0,36.0]]]},
"G85": {"type": "Matrix3x3", "payoffs": [[[23.0,4.0],[43.0,39.0],[82.0,4.0]],[[96.0,24.0],[24.0,59.0],[92.0,49.0]],[[17.0,4.0],[94.0,17.0],[67.0,72.0]]]},
"G86": {"type": "Matrix3x3", "payoffs": [[[25.0,29.0],[20.0,14.0],[19.0,19.0]],[[82.0,15.0],[24.0,15.0],[41.0,8.0]],[[0.0,18.0],[12.0,19.0],[25.0,9.0]]]},
"G87": {"type": "Matrix3x3", "payoffs": [[[0.0,23.0],[4.0,36.0],[1.0,17.0]],[[3.0,0.0],[6.0,53.0],[5.0,62.0]],[[4.0,60.0],[0.0,64.0],[2.0,20.0]]]},
"G88": {"type": "Matrix3x3", "payoffs": [[[5.0,5.0],[4.0,9.0],[1.0,3.0]],[[4.0,3.0],[2.0,8.0],[2.0,5.0]],[[2.0,1.0],[6.0,9.0],[1.0,0.0]]]},
"G89": {"type": "Matrix3x3", "payoffs": [[[12.0,53.0],[14.0,47.0],[8.0,21.0]],[[7.0,57.0],[6.0,73.0],[13.0,35.0]],[[9.0,57.0],[7.0,22.0],[7.0,51.0]]]},
"G90": {"type": "Matrix3x3", "payoffs": [[[14.0,10.0],[20.0,38.0],[32.0,13.0]],[[20.0,18.0],[21.0,7.0],[4.0,34.0]],[[34.0,26.0],[20.0,39.0],[33.0,1.0]]]},
"G91": {"type": "Matrix3x3", "payoffs": [[[14.0,44.0],[21.0,8.0],[12.0,17.0]],[[6.0,26.0],[7.0,51.0],[5.0,44.0]],[[20.0,50.0],[19.0,61.0],[21.0,59.0]]]},
"G92": {"type": "Matrix3x3", "payoffs": [[[85.0,14.0],[7.0,29.0],[33.0,4.0]],[[35.0,4.0],[74.0,25.0],[49.0,20.0]],[[79.0,14.0],[62.0,15.0],[37.0,18.0]]]},
"G93": {"type": "Matrix3x3", "payoffs": [[[14.0,0.0],[56.0,0.0],[14.0,1.0]],[[56.0,1.0],[5.0,0.0],[39.0,0.0]],[[9.0,0.0],[27.0,1.0],[21.0,0.0]]]},
"G94": {"type": "Matrix3x3", "payoffs": [[[14.0,19.0],[12.0,14.0],[30.0,15.0]],[[24.0,37.0],[16.0,5.0],[10.0,16.0]],[[33.0,12.0],[35.0,45.0],[7.0,31.0]]]},
"G95": {"type": "Matrix3x3", "payoffs": [[[15.0,41.0],[16.0,18.0],[8.0,34.0]],[[4.0,12.0],[14.0,40.0],[6.0,9.0]],[[2.0,35.0],[10.0,22.0],[3.0,19.0]]]},
"G96": {"type": "Matrix3x3", "payoffs": [[[19.0,94.0],[5.0,96.0],[8.0,47.0]],[[12.0,8.0],[12.0,6.0],[20.0,36.0]],[[23.0,82.0],[16.0,38.0],[2.0,35.0]]]},
"G97": {"type": "Matrix3x3", "payoffs": [[[1.0,1.0],[1.0,12.0],[1.0,38.0]],[[0.0,8.0],[0.0,6.0],[2.0,9.0]],[[1.0,8.0],[2.0,15.0],[2.0,40.0]]]},
"G98": {"type": "Matrix3x3", "payoffs": [[[35.0,27.0],[76.0,18.0],[30.0,9.0]],[[12.0,19.0],[51.0,23.0],[82.0,5.0]],[[18.0,27.0],[9.0,4.0],[71.0,18.0]]]},
"G99": {"type": "Matrix3x3", "payoffs": [[[45.0,9.0],[46.0,5.0],[37.0,50.0]],[[40.0,24.0],[27.0,12.0],[35.0,45.0]],[[44.0,50.0],[20.0,22.0],[34.0,31.0]]]},
"G100": {"type": "Matrix3x3", "payoffs": [[[1.0,77.0],[13.0,65.0],[8.0,5.0]],[[12.0,12.0],[8.0,76.0],[15.0,17.0]],[[5.0,70.0],[9.0,65.0],[13.0,56.0]]]}
}