{
"numGames": 100,
"G1": {"type": "Matrix3x3", "payoffs": [[[7.0,81.0],[32.0,36.0],[33.0,77.0]],[[21.0,70.0],[18.0,37.0],[26.0,54.0]],[[0.0,64.0],[25.0,13.0],[49.0,64.0]]]},
"G2": {"type": "Matrix3x3", "payoffs": [[[6.0,4.0],[5.0,14.0],[1.0,6.0]],[[15.0,8.0],[5.0,12.0],[10.0,9.0]],[[10.0,5.0],[3.0,10.0],[12.0,13.0]]]},
"G3": {"type": "Matrix3x3", "payoffs": [[[1.0,9.0],[1.0,5.0],[1.0,20.0]],[[0.0,4.0],[1.0,6.0],[1.0,2.0]],[[1.0,4.0],[0.0,11.0],[0.0,20.0]]]},
"G4": {"type": "Matrix3x3", "payoffs": [[[78.0,85.0],[10.0,43.0],[21.0,46.0]],[[29.0,29.0],[41.0,43.0],[8.0,14.0]],[[76.0,20.0],[90.0,48.0],[43.0,85.0]]]},
"G5": {"type": "Matrix3x3", "payoffs": [[[26.0,39.0],[24.0,21.0],[36.0,13.0]],[[67.0,9.0],[66.0,44.0],[34.0,2.0]],[[74.0,48.0],[34.0,19.0],[20.0,46.0]]]},
"G6": {"type": "Matrix3x3", "payoffs": [[[31.0,35.0],[25.0,11.0],[56.0,78.0]],[[14.0,5.0],[63.0,35.0],[3.0,37.0]],[[17.0,41.0],[13.0,23.0],[20.0,75.0]]]},
"G7": {"type": "Matrix3x3", "payoffs": [[[39.0,0.0],[43.0,2.0],[65.0,0.0]],[[2.0,7.0],[10.0,4.0],[24.0,7.0]],[[39.0,5.0],[59.0,1.0],[49.0,5.0]]]},
"G8": {"type": "Matrix3x3", "payoffs": [[[46.0,4.0],[4.0,0.0],[2.0,0.0]],[[18.0,4.0],[35.0,5.0],[46.0,4.0]],[[34.0,3.0],[52.0,2.0],[47.0,0.0]]]},
"G9": {"type": "Matrix3x3", "payoffs": [[[10.0,42.0],[15.0,16.0],[9.0,50.0]],[[10.0,71.0],[1.0,65.0],[15.0,72.0]],[[9.0,31.0],[9.0,47.0],[11.0,29.0]]]},
"G10": {"type": "Matrix3x3", "payoffs": [[[4.0,30.0],[11.0,56.0],[13.0,67.0]],[[18.0,52.0],[36.0,2.0],[19.0,38.0]],[[20.0,81.0],[7.0,36.0],[39.0,61.0]]]},
"G11": {"type": "Matrix3x3", "payoffs": [[[42.0,7.0],[25.0,24.0],[39.0,21.0]],[[38.0,16.0],[13.0,9.0],[6.0,24.0]],[[49.0,25.0],[54.0,11.0],[55.0,27.0]]]},
"G12": {"type": "Matrix3x3", "payoffs": [[[5.0,63.0],[13.0,33.0],[15.0,12.0]],[[53.0,49.0],[44.0,11.0],[7.0,36.0]],[[4.0,11.0],[39.0,40.0],[3.0,14.0]]]},
"G13": {"type": "Matrix3x3", "payoffs": [[[16.0,26.0],[7.0,1.0],[5.0,25.0]],[[19.0,15.0],[21.0,20.0],[3.0,15.0]],[[21.0,22.0],[60.0,15.0],[57.0,12.0]]]},
"G14": {"type": "Matrix3x3", "payoffs": [[[14.0,2.0],[37.0,0.0],[96.0,0.0]],[[86.0,9.0],[53.0,2.0],[65.0,1.0]],[[33.0,9.0],[46.0,0.0],[34.0,6.0]]]},
"G15": {"type": "Matrix3x3", "payoffs": [[[58.0,6.0],[81.0,6.0],[8.0,0.0]],[[14.0,3.0],[78.0,3.0],[80.0,4.0]],[[75.0,2.0],[64.0,0.0],[81.0,4.0]]]},
"G16": {"type": "Matrix3x3", "payoffs": [[[9.0,8.0],[62.0,16.0],[9.0,4.0]],[[43.0,4.0],[57.0,18.0],[2.0,13.0]],[[38.0,21.0],[33.0,21.0],[17.0,12.0]]]},
"G17": {"type": "Matrix3x3", "payoffs": [[[6.0,13.0],[17.0,34.0],[28.0,22.0]],[[25.0,65.0],[26.0,70.0],[16.0,11.0]],[[1.0,33.0],[32.0,21.0],[14.0,76.0]]]},
"G18": {"type": "Matrix3x3", "payoffs": [[[51.0,18.0],[1.0,18.0],[13.0,11.0]],[[33.0,20.0],[68.0,15.0],[46.0,14.0]],[[32.0,11.0],[67.0,14.0],[27.0,20.0]]]},
"G19": {"type": "Matrix3x3", "payoffs": [[[2.0,2.0],[15.0,7.0],[16.0,3.0]],[[12.0,6.0],[12.0,0.0],[4.0,3.0]],[[2.0,5.0],[14.0,5.0],[10.0,4.0]]]},
"G20": {"type": "Matrix3x3", "payoffs": [[[27.0,37.0],[58.0,55.0],[18.0,24.0]],[[33.0,31.0],[32.0,38.0],[15.0,59.0]],[[40.0,29.0],[58.0,43.0],[23.0,10.0]]]},
"G21": {"type": "Matrix3x3", "payoffs": [[[5.0,24.0],[54.0,63.0],[90.0,17.0]],[[39.0,7.0],[21.0,9.0],[24.0,21.0]],[[59.0,39.0],[76.0,34.0],[10.0,49.0]]]},
"G22": {"type": "Matrix3x3", "payoffs": [[[10.0,84.0],[42.0,33.0],[46.0,80.0]],[[7.0,83.0],[11.0,11.0],[39.0,51.0]],[[13.0,6.0],[46.0,36.0],[27.0,66.0]]]},
"G23": {"type": "Matrix3x3", "payoffs": [[[39.0,7.0],[51.0,1.0],[63.0,1.0]],[[76.0,7.0],[17.0,7.0],[57.0,7.0]],[[41.0,5.0],[22.0,2.0],[4.0,3.0]]]},
"G24": {"type": "Matrix3x3", "payoffs": [[[73.0,26.0],[82.0,25.0],[46.0,18.0]],[[64.0,13.0],[54.0,14.0],[21.0,24.0]],[[62.0,24.0],[7.0,23.0],[45.0,26.0]]]},
"G25": {"type": "Matrix3x3", "payoffs": [[[3.0,8.0],[2.0,0.0],[1.0,21.0]],[[4.0,7.0],[6.0,14.0],[1.0,14.0]],[[1.0,11.0],[2.0,20.0],[2.0,2.0]]]},
"G26": {"type": "Matrix3x3", "payoffs": [[[21.0,13.0],[7.0,16.0],[29.0,7.0]],[[17.0,15.0],[9.0,12.0],[28.0,9.0]],[[36.0,6.0],[21.0,8.0],[35.0,10.0]]]},
"G27": {"type": "Matrix3x3", "payoffs": [[[20.0,31.0],[20.0,32.0],[49.0,22.0]],[[24.0,30.0],[33.0,6.0],[61.0,18.0]],[[27.0,8.0],[50.0,34.0],[9.0,30.0]]]},
"G28": {"type": "Matrix3x3", "payoffs": [[[5.0,2.0],[27.0,3.0],[1.0,17.0]],[[16.0,12.0],[21.0,16.0],[60.0,20.0]],[[73.0,23.0],[5.0,2.0],[31.0,4.0]]]},
"G29": {"type": "Matrix3x3", "payoffs": [[[63.0,29.0],[4.0,5.0],[21.0,36.0]],[[57.0,40.0],[84.0,11.0],[61.0,36.0]],[[65.0,17.0],[45.0,59.0],[5.0,27.0]]]},
"G30": {"type": "Matrix3x3", "payoffs": [[[2.0,43.0],[44.0,31.0],[35.0,10.0]],[[32.0,35.0],[24.0,51.0],[10.0,16.0]],[[32.0,56.0],[43.0,29.0],[51.0,15.0]]]},
"G31": {"type": "Matrix3x3", "payoffs": [[[13.0,14.0],[53.0,31.0],[76.0,5.0]],[[23.0,31.0],[19.0,25.0],[35.0,16.0]],[[7.0,19.0],[14.0,11.0],[56.0,21.0]]]},
"G32": {"type": "Matrix3x3", "payoffs": [[[1.0,4.0],[34.0,0.0],[55.0,22.0]],[[10.0,21.0],[8.0,18.0],[19.0,23.0]],[[7.0,22.0],[27.0,19.0],[14.0,10.0]]]},
"G33": {"type": "Matrix3x3", "payoffs": [[[87.0,62.0],[46.0,15.0],[59.0,27.0]],[[47.0,78.0],[65.0,36.0],[16.0,81.0]],[[22.0,9.0],[43.0,65.0],[36.0,61.0]]]},
"G34": {"type": "Matrix3x3", "payoffs": [[[17.0,3.0],[23.0,47.0],[6.0,51.0]],[[11.0,21.0],[24.0,15.0],[13.0,42.0]],[[27.0,31.0],[24.0,1.0],[25.0,26.0]]]},
"G35": {"type": "Matrix3x3", "payoffs": [[[57.0,10.0],[35.0,1.0],[7.0,7.0]],[[66.0,15.0],[22.0,8.0],[35.0,14.0]],[[46.0,4.0],[5.0,4.0],[62.0,20.0]]]},
"G36": {"type": "Matrix3x3", "payoffs": [[[2.0,56.0],[23.0,67.0],[13.0,30.0]],[[5.0,34.0],[22.0,4.0],[3.0,3.0]],[[15.0,65.0],[1.0,68.0],[21.0,77.0]]]},
"G37": {"type": "Matrix3x3", "payoffs": [[[14.0,12.0],[5.0,12.0],[2.0,20.0]],[[15.0,13.0],[12.0,4.0],[12.0,2.0]],[[4.0,10.0],[3.0,5.0],[10.0,20.0]]]},
"G38": {"type": "Matrix3x3", "payoffs": [[[18.0,8.0],[19.0,39.0],[19.0,26.0]],[[4.0,82.0],[24.0,57.0],[30.0,19.0]],[[28.0,85.0],[31.0,58.0],[17.0,1.0]]]},
"G39": {"type": "Matrix3x3", "payoffs": [[[42.0,92.0],[34.0,18.0],[9.0,52.0]],[[41.0,10.0],[20.0,68.0],[27.0,14.0]],[[26.0,65.0],[15.0,42.0],[6.0,66.0]]]},
"G40": {"type": "Matrix3x3", "payoffs": [[[17.0,18.0],[20.0,34.0],[6.0,36.0]],[[20.0,49.0],[3.0,15.0],[19.0,57.0]],[[14.0,58.0],[10.0,53.0],[14.0,13.0]]]},
"G41": {"type": "Matrix3x3", "payoffs": [[[56.0,6.0],[66.0,5.0],[52.0,7.0]],[[61.0,8.0],[84.0,6.0],[25.0,6.0]],[[72.0,4.0],[1.0,1.0],[58.0,1.0]]]},
"G42": {"type": "Matrix3x3", "payoffs": [[[30.0,18.0],[21.0,11.0],[27.0,6.0]],[[41.0,7.0],[6.0,6.0],[15.0,5.0]],[[26.0,6.0],[41.0,2.0],[53.0,13.0]]]},
"G43": {"type": "Matrix3x3", "payoffs": [[[42.0,16.0],[20.0,14.0],[65.0,44.0]],[[25.0,77.0],[68.0,9.0],[73.0,61.0]],[[63.0,10.0],[88.0,81.0],[31.0,71.0]]]},
"G44": {"type": "Matrix3x3", "payoffs": [[[30.0,1.0],[8.0,1.0],[34.0,0.0]],[[2.0,1.0],[3.0,2.0],[30.0,3.0]],[[71.0,2.0],[70.0,0.0],[41.0,1.0]]]},
"G45": {"type": "Matrix3x3", "payoffs": [[[1.0,44.0],[1.0,13.0],[1.0,49.0]],[[0.0,32.0],[0.0,32.0],[1.0,30.0]],[[1.0,34.0],[1.0,13.0],[1.0,45.0]]]},
"G46": {"type": "Matrix3x3", "payoffs": [[[13.0,4.0],[13.0,46.0],[23.0,15.0]],[[0.0,53.0],[4.0,10.0],[5.0,58.0]],[[20.0,58.0],[21.0,18.0],[25.0,12.0]]]},
"G47": {"type": "Matrix3x3", "payoffs": [[[8.0,82.0],[1.0,59.0],[11.0,13.0]],[[9.0,42.0],[2.0,11.0],[0.0,40.0]],[[6.0,72.0],[10.0,29.0],[2.0,15.0]]]},
"G48": {"type": "Matrix3x3", "payoffs": [[[40.0,3.0],[18.0,5.0],[36.0,36.0]],[[40.0,22.0],[2.0,24.0],[2.0,1.0]],[[7.0,45.0],[39.0,11.0],[24.0,5.0]]]},
"G49": {"type": "Matrix3x3", "payoffs": [[[19.0,9.0],[16.0,11.0],[14.0,8.0]],[[6.0,23.0],[5.0,19.0],[7.0,3.0]],[[17.0,3.0],[4.0,19.0],[18.0,14.0]]]},
"G50": {"type": "Matrix3x3", "payoffs": [[[4.0,80.0],[33.0,24.0],[2.0,19.0]],[[21.0,80.0],[25.0,51.0],[8.0,7.0]],[[39.0,57.0],[19.0,52.0],[3.0,71.0]]]},
"G51": {"type": "Matrix3x3", "payoffs": [[[4.0,11.0],[5.0,34.0],[0.0,13.0]],[[2.0,28.0],[5.0,27.0],[0.0,13.0]],[[5.0,35.0],[0.0,32.0],[4.0,15.0]]]},
"G52": {"type": "Matrix3x3", "payoffs": [[[13.0,23.0],[8.0,1.0],[7.0,15.0]],[[21.0,27.0],[28.0,19.0],[29.0,8.0]],[[13.0,26.0],[15.0,6.0],[30.0,28.0]]]},
"G53": {"type": "Matrix3x3", "payoffs": [[[30.0,1.0],[52.0,6.0],[14.0,1.0]],[[36.0,4.0],[12.0,4.0],[23.0,3.0]],[[6.0,2.0],[4.0,7.0],[25.0,6.0]]]},
"G54": {"type": "Matrix3x3", "payoffs": [[[35.0,0.0],[26.0,1.0],[81.0,0.0]],[[56.0,1.0],[43.0,2.0],[0.0,2.0]],[[43.0,1.0],[52.0,0.0],[36.0,1.0]]]},
"G55": {"type": "Matrix3x3", "payoffs": [[[15.0,30.0],[12.0,1.0],[10.0,11.0]],[[2.0,7.0],[25.0,32.0],[22.0,25.0]],[[25.0,34.0],[5.0,4.0],[6.0,20.0]]]},
"G56": {"type": "Matrix3x3", "payoffs": [[[1.0,2.0],[1.0,34.0],[1.0,3.0]],[[1.0,14.0],[1.0,13.0],[1.0,31.0]],[[1.0,32.0],[1.0,11.0],[0.0,35.0]]]},
"G57": {"type": "Matrix3x3", "payoffs": [[[28.0,0.0],[25.0,0.0],[12.0,1.0]],[[13.0,1.0],[2.0,0.0],[5.0,1.0]],[[22.0,1.0],[20.0,1.0],[27.0,1.0]]]},
"G58": {"type": "Matrix3x3", "payoffs": [[[4.0,17.0],[3.0,5.0],[50.0,18.0]],[[15.0,10.0],[11.0,47.0],[0.0,42.0]],[[27.0,14.0],[60.0,26.0],[32.0,35.0]]]},
"G59": {"type": "Matrix3x3", "payoffs": [[[47.0,14.0],[31.0,6.0],[13.0,11.0]],[[35.0,14.0],[8.0,12.0],[19.0,13.0]],[[54.0,2.0],[19.0,5.0],[61.0,17.0]]]},
"G60": {"type": "Matrix3x3", "payoffs": [[[2.0,33.0],[13.0,3.0],[3.0,27.0]],[[10.0,34.0],[17.0,7.0],[11.0,35.0]],[[14.0,38.0],[9.0,32.0],[8.0,29.0]]]},
"G61": {"type": "Matrix3x3", "payoffs": [[[87.0,55.0],[19.0,75.0],[65.0,20.0]],[[72.0,77.0],[8.0,61.0],[87.0,52.0]],[[22.0,10.0],[26.0,2.0],[65.0,0.0]]]},
"G62": {"type": "Matrix3x3", "payoffs": [[[30.0,1.0],[15.0,28.0],[15.0,19.0]],[[20.0,62.0],[33.0,72.0],[23.0,68.0]],[[0.0,8.0],[30.0,18.0],[12.0,41.0]]]},
"G63": {"type": "Matrix3x3", "payoffs": [[[68.0,4.0],[0.0,16.0],[7.0,12.0]],[[38.0,2.0],[68.0,4.0],[53.0,8.0]],[[47.0,6.0],[72.0,14.0],[48.0,9.0]]]},
"G64": {"type": "Matrix3x3", "payoffs": [[[58.0,72.0],[64.0,57.0],[11.0,44.0]],[[59.0,19.0],[23.0,60.0],[24.0,51.0]],[[36.0,60.0],[57.0,15.0],[11.0,50.0]]]},
"G65": {"type": "Matrix3x3", "payoffs": [[[8.0,31.0],[3.0,24.0],[5.0,32.0]],[[4.0,7.0],[4.0,5.0],[6.0,37.0]],[[12.0,19.0],[5.0,33.0],[5.0,33.0]]]},
"G66": {"type": "Matrix3x3", "payoffs": [[[7.0,21.0],[32.0,24.0],[31.0,27.0]],[[19.0,21.0],[39.0,7.0],[17.0,24.0]],[[18.0,25.0],[26.0,24.0],[1.0,24.0]]]},
"G67": {"type": "Matrix3x3", "payoffs": [[[7.0,37.0],[24.0,72.0],[11.0,25.0]],[[2.0,6.0],[4.0,71.0],[27.0,84.0]],[[8.0,22.0],[10.0,54.0],[21.0,47.0]]]},
"G68": {"type": "Matrix3x3", "payoffs": [[[20.0,25.0],[49.0,31.0],[53.0,24.0]],[[56.0,13.0],[39.0,10.0],[15.0,15.0]],[[16.0,5.0],[38.0,12.0],[13.0,29.0]]]},
"G69": {"type": "Matrix3x3", "payoffs": [[[80.0,3.0],[49.0,21.0],[58.0,52.0]],[[6.0,60.0],[25.0,26.0],[18.0,28.0]],[[28.0,13.0],[80.0,21.0],[29.0,57.0]]]},
"G70": {"type": "Matrix3x3", "payoffs": [[[24.0,57.0],[39.0,69.0],[21.0,11.0]],[[34.0,30.0],[6.0,64.0],[7.0,26.0]],[[19.0,62.0],[17.0,58.0],[24.0,15.0]]]},
"G71": {"type": "Matrix3x3", "payoffs": [[[11.0,95.0],[13.0,61.0],[70.0,38.0]],[[34.0,44.0],[9.0,90.0],[49.0,77.0]],[[49.0,48.0],[51.0,58.0],[56.0,43.0]]]},
"G72": {"type": "Matrix3x3", "payoffs": [[[42.0,6.0],[37.0,12.0],[61.0,9.0]],[[51.0,12.0],[38.0,6.0],[4.0,1.0]],[[19.0,19.0],[67.0,8.0],[48.0,17.0]]]},
"G73": {"type": "Matrix3x3", "payoffs": [[[59.0,5.0],[30.0,7.0],[72.0,1.0]],[[7.0,1.0],[37.0,0.0],[57.0,6.0]],[[76.0,4.0],[65.0,4.0],[23.0,2.0]]]},
"G74": {"type": "Matrix3x3", "payoffs": [[[3.0,3.0],[24.0,5.0],[3.0,3.0]],[[0.0,7.0],[38.0,6.0],[17.0,1.0]],[[41.0,3.0],[17.0,6.0],[24.0,7.0]]]},
"G75": {"type": "Matrix3x3", "payoffs": [[[13.0,1.0],[20.0,5.0],[20.0,2.0]],[[11.0,15.0],[14.0,3.0],[8.0,8.0]],[[10.0,2.0],[13.0,7.0],[13.0,1.0]]]},
"G76": {"type": "Matrix3x3", "payoffs": [[[3.0,6.0],[8.0,10.0],[16.0,15.0]],[[14.0,1.0],[15.0,2.0],[5.0,1.0]],[[24.0,7.0],[5.0,10.0],[23.0,3.0]]]},
"G77": {"type": "Matrix3x3", "payoffs": [[[23.0,23.0],[11.0,27.0],[17.0,5.0]],[[17.0,14.0],[14.0,20.0],[7.0,16.0]],[[11.0,34.0],[1.0,37.0],[14.0,21.0]]]},
"G78": {"type": "Matrix3x3", "payoffs": [[[19.0,41.0],[11.0,73.0],[12.0,50.0]],[[4.0,47.0],[21.0,76.0],[23.0,85.0]],[[24.0,54.0],[11.0,87.0],[24.0,75.0]]]},
"G79": {"type": "Matrix3x3", "payoffs": [[[28.0,19.0],[24.0,1.0],[0.0,5.0]],[[7.0,20.0],[12.0,5.0],[14.0,14.0]],[[18.0,17.0],[7.0,17.0],[19.0,3.0]]]},
"G80": {"type": "Matrix3x3", "payoffs": [[[4.0,66.0],[0.0,3.0],[5.0,88.0]],[[3.0,88.0],[6.0,50.0],[8.0,25.0]],[[4.0,46.0],[10.0,88.0],[4.0,78.0]]]},
"G81": {"type": "Matrix3x3", "payoffs": [[[8.0,4.0],[73.0,16.0],[9.0,15.0]],[[71.0,14.0],[64.0,1.0],[62.0,26.0]],[[49.0,16.0],[69.0,16.0],[77.0,18.0]]]},
"G82": {"type": "Matrix3x3", "payoffs": [[[15.0,16.0],[14.0,27.0],[24.0,25.0]],[[26.0,2.0],[19.0,5.0],[12.0,54.0]],[[32.0,40.0],[25.0,56.0],[3.0,59.0]]]},
"G83": {"type": "Matrix3x3", "payoffs": [[[0.0,2.0],[2.0,8.0],[1.0,4.0]],[[1.0,4.0],[1.0,0.0],[1.0,1.0]],[[1.0,1.0],[1.0,1.0],[0.0,12.0]]]},
"G84": {"type": "Matrix3x3", "payoffs": [[[77.0,7.0],[62.0,52.0],[82.0,85.0]],[[55.0,51.0],[57.0,46.0],[47.0,41.0]],[[36.0,0.0],[15.0,72.0],[66.0,84.0]]]},
"G85": {"type": "Matrix3x3", "payoffs": [[[1.0,12.0],[2.0,51.0],[8.0,17.0]],[[12.0,33.0],[10.0,47.0],[9.0,12.0]],[[5.0,22.0],[8.0,37.0],[2.0,52.0]]]},
"G86": {"type": "Matrix3x3", "payoffs": [[[3.0,46.0],[22.0,14.0],[22.0,64.0]],[[25.0,9.0],[7.0,46.0],[3.0,50.0]],[[36.0,77.0],[42.0,31.0],[41.0,69.0]]]},
"G87": {"type": "Matrix3x3", "payoffs": [[[31.0,18.0],[33.0,7.0],[18.0,2.0]],[[7.0,23.0],[15.0,12.0],[1.0,21.0]],[[5.0,9.0],[16.0,13.0],[26.0,10.0]]]},
"G88": {"type": "Matrix3x3", "payoffs": [[[68.0,32.0],[9.0,78.0],[52.0,37.0]],[[1.0,71.0],[49.0,35.0],[64.0,28.0]],[[1.0,62.0],[30.0,67.0],[23.0,43.0]]]},
"G89": {"type": "Matrix3x3", "payoffs": [[[29.0,4.0],[1.0,29.0],[32.0,33.0]],[[24.0,39.0],[21.0,18.0],[27.0,21.0]],[[24.0,38.0],[45.0,31.0],[18.0,34.0]]]},
"G90": {"type": "Matrix3x3", "payoffs": [[[13.0,8.0],[9.0,22.0],[1.0,7.0]],[[4.0,5.0],[14.0,8.0],[1.0,26.0]],[[6.0,22.0],[7.0,14.0],[2.0,16.0]]]},
"G91": {"type": "Matrix3x3", "payoffs": [[[22.0,22.0],[15.0,3.0],[8.0,12.0]],[[62.0,33.0],[14.0,36.0],[41.0,10.0]],[[75.0,26.0],[62.0,15.0],[12.0,6.0]]]},
"G92": {"type": "Matrix3x3", "payoffs": [[[72.0,34.0],[16.0,9.0],[80.0,10.0]],[[5.0,28.0],[6.0,1.0],[18.0,20.0]],[[2.0,29.0],[25.0,31.0],[61.0,4.0]]]},
"G93": {"type": "Matrix3x3", "payoffs": [[[0.0,1.0],[0.0,1.0],[0.0,0.0]],[[2.0,0.0],[0.0,0.0],[0.0,1.0]],[[2.0,0.0],[2.0,0.0],[2.0,0.0]]]},
"G94": {"type": "Matrix3x3", "payoffs": [[[1.0,50.0],[29.0,39.0],[84.0,32.0]],[[0.0,29.0],[17.0,42.0],[34.0,20.0]],[[40.0,28.0],[67.0,30.0],[64.0,39.0]]]},
"G95": {"type": "Matrix3x3", "payoffs": [[[13.0,27.0],[47.0,37.0],[45.0,34.0]],[[79.0,11.0],[71.0,1.0],[36.0,34.0]],[[47.0,7.0],[53.0,20.0],[55.0,8.0]]]},
"G96": {"type": "Matrix3x3", "payoffs": [[[3.0,51.0],[2.0,40.0],[9.0,21.0]],[[1.0,18.0],[2.0,42.0],[4.0,3.0]],[[2.0,27.0],[2.0,1.0],[1.0,50.0]]]},
"G97": {"type": "Matrix3x3", "payoffs": [[[4.0,73.0],[6.0,76.0],[1.0,15.0]],[[4.0,47.0],[1.0,85.0],[5.0,86.0]],[[1.0,76.0],[0.0,63.0],[2.0,34.0]]]},
"G98": {"type": "Matrix3x3", "payoffs": [[[2.0,16.0],[21.0,42.0],[18.0,10.0]],[[14.0,33.0],[2.0,24.0],[7.0,15.0]],[[6.0,34.0],[23.0,10.0],[3.0,18.0]]]},
"G99": {"type": "Matrix3x3", "payoffs": [[[48.0,0.0],[1.0,0.0],[51.0,0.0]],[[5.0,0.0],[52.0,0.0],[61.0,0.0]],[[24.0,0.0],[56.0,0.0],[22.0,0.0]]]},
"G100": {"type": "Matrix3x3", "payoffs": [[[14.0,3.0],[14.0,58.0],[2.0,17.0]],[[24.0,24.0],[12.0,9.0],[27.0,24.0]],[[3.0,33.0],[30.0,14.0],[3.0,10.0]]]}
}