{
"numGames": 100,
"G1": {"type": "Matrix3x3", "payoffs": [[[32.0,18.0],[32.0,23.0],[25.0,32.0]],[[17.0,15.0],[0.0,9.0],[22.0,14.0]],[[2.0,24.0],[18.0,1.0],[6.0,29.0]]]},
"G2": {"type": "Matrix3x3", "payoffs": [[[12.0,1.0],[20.0,5.0],[2.0,0.0]],[[7.0,3.0],[11.0,4.0],[5.0,3.0]],[[25.0,3.0],[9.0,2.0],[41.0,2.0]]]},
"G3": {"type": "Matrix3x3", "payoffs": [[[73.0,21.0],[59.0,66.0],[91.0,1.0]],[[3.0,70.0],[86.0,8.0],[66.0,13.0]],[[90.0,10.0],[5.0,45.0],[70.0,64.0]]]},
"G4": {"type": "Matrix3x3", "payoffs": [[[4.0,30.0],[21.0,29.0],[13.0,16.0]],[[15.0,5.0],[11.0,7.0],[15.0,1.0]],[[13.0,7.0],[10.0,20.0],[1.0,32.0]]]},
"G5": {"type": "Matrix3x3", "payoffs": [[[15.0,29.0],[10.0,0.0],[22.0,13.0]],[[17.0,57.0],[33.0,56.0],[32.0,16.0]],[[1.0,3.0],[2.0,46.0],[7.0,9.0]]]},
"G6": {"type": "Matrix3x3", "payoffs": [[[6.0,5.0],[21.0,6.0],[2.0,4.0]],[[2.0,5.0],[18.0,3.0],[13.0,2.0]],[[13.0,3.0],[13.0,4.0],[12.0,3.0]]]},
"G7": {"type": "Matrix3x3", "payoffs": [[[17.0,73.0],[11.0,78.0],[17.0,82.0]],[[17.0,60.0],[7.0,65.0],[18.0,58.0]],[[28.0,95.0],[12.0,92.0],[12.0,16.0]]]},
"G8": {"type": "Matrix3x3", "payoffs": [[[7.0,57.0],[19.0,5.0],[8.0,57.0]],[[13.0,17.0],[22.0,35.0],[5.0,56.0]],[[3.0,40.0],[1.0,18.0],[21.0,51.0]]]},
"G9": {"type": "Matrix3x3", "payoffs": [[[2.0,9.0],[0.0,26.0],[4.0,27.0]],[[2.0,8.0],[4.0,24.0],[1.0,3.0]],[[2.0,18.0],[5.0,13.0],[1.0,16.0]]]},
"G10": {"type": "Matrix3x3", "payoffs": [[[17.0,1.0],[9.0,1.0],[16.0,4.0]],[[12.0,7.0],[18.0,0.0],[16.0,0.0]],[[8.0,6.0],[25.0,5.0],[21.0,2.0]]]},
"G11": {"type": "Matrix3x3", "payoffs": [[[19.0,0.0],[6.0,4.0],[10.0,0.0]],[[23.0,4.0],[25.0,1.0],[4.0,1.0]],[[21.0,2.0],[14.0,2.0],[7.0,5.0]]]},
"G12": {"type": "Matrix3x3", "payoffs": [[[12.0,12.0],[68.0,11.0],[53.0,16.0]],[[87.0,13.0],[65.0,24.0],[77.0,1.0]],[[12.0,16.0],[26.0,10.0],[15.0,18.0]]]},
"G13": {"type": "Matrix3x3", "payoffs": [[[1.0,21.0],[11.0,15.0],[10.0,29.0]],[[13.0,1.0],[14.0,27.0],[8.0,45.0]],[[15.0,21.0],[6.0,64.0],[10.0,18.0]]]},
"G14": {"type": "Matrix3x3", "payoffs": [[[68.0,12.0],[12.0,35.0],[26.0,25.0]],[[9.0,61.0],[24.0,36.0],[29.0,9.0]],[[36.0,18.0],[42.0,15.0],[78.0,20.0]]]},
"G15": {"type": "Matrix3x3", "payoffs": [[[75.0,16.0],[61.0,7.0],[65.0,1.0]],[[21.0,5.0],[31.0,7.0],[47.0,6.0]],[[58.0,11.0],[49.0,2.0],[13.0,6.0]]]},
"G16": {"type": "Matrix3x3", "payoffs": [[[5.0,22.0],[18.0,25.0],[17.0,16.0]],[[15.0,30.0],[6.0,26.0],[4.0,5.0]],[[15.0,12.0],[16.0,24.0],[1.0,21.0]]]},
"G17": {"type": "Matrix3x3", "payoffs": [[[17.0,49.0],[51.0,14.0],[11.0,12.0]],[[47.0,26.0],[15.0,3.0],[29.0,13.0]],[[25.0,42.0],[51.0,45.0],[47.0,8.0]]]},
"G18": {"type": "Matrix3x3", "payoffs": [[[42.0,6.0],[49.0,4.0],[53.0,3.0]],[[35.0,0.0],[55.0,7.0],[20.0,1.0]],[[61.0,0.0],[19.0,4.0],[34.0,1.0]]]},
"G19": {"type": "Matrix3x3", "payoffs": [[[2.0,56.0],[4.0,21.0],[7.0,3.0]],[[4.0,6.0],[6.0,41.0],[6.0,74.0]],[[3.0,5.0],[8.0,40.0],[4.0,37.0]]]},
"G20": {"type": "Matrix3x3", "payoffs": [[[78.0,1.0],[73.0,3.0],[85.0,3.0]],[[6.0,1.0],[48.0,1.0],[87.0,2.0]],[[31.0,1.0],[20.0,2.0],[36.0,0.0]]]},
"G21": {"type": "Matrix3x3", "payoffs": [[[0.0,12.0],[0.0,15.0],[0.0,1.0]],[[0.0,9.0],[0.0,7.0],[0.0,12.0]],[[0.0,7.0],[0.0,7.0],[0.0,6.0]]]},
"G22": {"type": "Matrix3x3", "payoffs": [[[24.0,10.0],[24.0,4.0],[19.0,18.0]],[[1.0,24.0],[34.0,25.0],[1.0,11.0]],[[6.0,11.0],[28.0,3.0],[19.0,9.0]]]},
"G23": {"type": "Matrix3x3", "payoffs": [[[73.0,46.0],[3.0,13.0],[73.0,21.0]],[[63.0,9.0],[31.0,38.0],[16.0,38.0]],[[65.0,18.0],[69.0,30.0],[4.0,50.0]]]},
"G24": {"type": "Matrix3x3", "payoffs": [[[9.0,52.0],[32.0,71.0],[12.0,49.0]],[[10.0,34.0],[17.0,79.0],[18.0,9.0]],[[15.0,13.0],[27.0,71.0],[17.0,22.0]]]},
"G25": {"type": "Matrix3x3", "payoffs": [[[8.0,23.0],[0.0,10.0],[9.0,29.0]],[[14.0,10.0],[1.0,20.0],[3.0,17.0]],[[12.0,31.0],[14.0,6.0],[5.0,11.0]]]},
"G26": {"type": "Matrix3x3", "payoffs": [[[12.0,13.0],[17.0,21.0],[4.0,23.0]],[[13.0,22.0],[3.0,15.0],[4.0,12.0]],[[14.0,13.0],[9.0,4.0],[4.0,13.0]]]},
"G27": {"type": "Matrix3x3", "payoffs": [[[24.0,7.0],[34.0,1.0],[88.0,4.0]],[[63.0,5.0],[85.0,7.0],[29.0,1.0]],[[14.0,4.0],[0.0,6.0],[50.0,3.0]]]},
"G28": {"type": "Matrix3x3", "payoffs": [[[42.0,28.0],[17.0,28.0],[38.0,17.0]],[[42.0,7.0],[17.0,22.0],[24.0,25.0]],[[9.0,12.0],[10.0,24.0],[5.0,0.0]]]},
"G29": {"type": "Matrix3x3", "payoffs": [[[31.0,15.0],[19.0,27.0],[38.0,12.0]],[[32.0,22.0],[33.0,30.0],[7.0,30.0]],[[40.0,9.0],[1.0,31.0],[41.0,23.0]]]},
"G30": {"type": "Matrix3x3", "payoffs": [[[0.0,40.0],[0.0,22.0],[0.0,47.0]],[[0.0,57.0],[0.0,20.0],[0.0,17.0]],[[0.0,53.0],[0.0,41.0],[0.0,42.0]]]},
"G31": {"type": "Matrix3x3", "payoffs": [[[60.0,20.0],[85.0,50.0],[84.0,15.0]],[[75.0,8.0],[34.0,40.0],[5.0,21.0]],[[95.0,48.0],[54.0,28.0],[17.0,43.0]]]},
"G32": {"type": "Matrix3x3", "payoffs": [[[52.0,31.0],[32.0,32.0],[58.0,5.0]],[[8.0,12.0],[12.0,17.0],[42.0,7.0]],[[41.0,18.0],[51.0,8.0],[32.0,7.0]]]},
"G33": {"type": "Matrix3x3", "payoffs": [[[10.0,3.0],[16.0,49.0],[8.0,9.0]],[[13.0,36.0],[6.0,29.0],[7.0,44.0]],[[11.0,11.0],[6.0,29.0],[16.0,20.0]]]},
"G34": {"type": "Matrix3x3", "payoffs": [[[12.0,18.0],[8.0,4.0],[22.0,31.0]],[[8.0,10.0],[10.0,24.0],[7.0,19.0]],[[21.0,24.0],[0.0,2.0],[8.0,16.0]]]},
"G35": {"type": "Matrix3x3", "payoffs": [[[6.0,62.0],[6.0,62.0],[1.0,60.0]],[[5.0,55.0],[7.0,35.0],[4.0,51.0]],[[4.0,28.0],[3.0,55.0],[5.0,2.0]]]},
"G36": {"type": "Matrix3x3", "payoffs": [[[13.0,1.0],[73.0,5.0],[56.0,2.0]],[[96.0,13.0],[93.0,8.0],[17.0,14.0]],[[5.0,10.0],[70.0,3.0],[86.0,5.0]]]},
"G37": {"type": "Matrix3x3", "payoffs": [[[18.0,27.0],[14.0,55.0],[27.0,15.0]],[[9.0,48.0],[39.0,22.0],[23.0,5.0]],[[9.0,38.0],[4.0,9.0],[26.0,11.0]]]},
"G38": {"type": "Matrix3x3", "payoffs": [[[7.0,19.0],[53.0,19.0],[81.0,29.0]],[[79.0,62.0],[12.0,53.0],[25.0,39.0]],[[80.0,98.0],[49.0,83.0],[5.0,53.0]]]},
"G39": {"type": "Matrix3x3", "payoffs": [[[36.0,3.0],[31.0,69.0],[2.0,73.0]],[[31.0,49.0],[19.0,34.0],[40.0,60.0]],[[13.0,58.0],[40.0,51.0],[42.0,21.0]]]},
"G40": {"type": "Matrix3x3", "payoffs": [[[18.0,20.0],[38.0,34.0],[26.0,67.0]],[[11.0,28.0],[40.0,29.0],[44.0,70.0]],[[1.0,19.0],[22.0,2.0],[32.0,11.0]]]},
"G41": {"type": "Matrix3x3", "payoffs": [[[64.0,46.0],[21.0,6.0],[26.0,32.0]],[[8.0,26.0],[27.0,89.0],[33.0,50.0]],[[41.0,33.0],[18.0,50.0],[6.0,85.0]]]},
"G42": {"type": "Matrix3x3", "payoffs": [[[74.0,27.0],[77.0,19.0],[37.0,12.0]],[[62.0,8.0],[10.0,8.0],[31.0,6.0]],[[4.0,1.0],[10.0,27.0],[40.0,12.0]]]},
"G43": {"type": "Matrix3x3", "payoffs": [[[13.0,14.0],[11.0,37.0],[7.0,49.0]],[[12.0,45.0],[7.0,17.0],[21.0,10.0]],[[12.0,14.0],[16.0,41.0],[24.0,28.0]]]},
"G44": {"type": "Matrix3x3", "payoffs": [[[1.0,1.0],[35.0,48.0],[15.0,47.0]],[[22.0,6.0],[12.0,46.0],[26.0,36.0]],[[27.0,32.0],[5.0,45.0],[12.0,20.0]]]},
"G45": {"type": "Matrix3x3", "payoffs": [[[5.0,55.0],[1.0,34.0],[2.0,37.0]],[[4.0,60.0],[1.0,38.0],[0.0,63.0]],[[1.0,54.0],[5.0,77.0],[5.0,28.0]]]},
"G46": {"type": "Matrix3x3", "payoffs": [[[2.0,87.0],[0.0,21.0],[5.0,75.0]],[[3.0,61.0],[3.0,80.0],[1.0,20.0]],[[4.0,99.0],[3.0,87.0],[1.0,69.0]]]},
"G47": {"type": "Matrix3x3", "payoffs": [[[61.0,11.0],[67.0,35.0],[18.0,48.0]],[[14.0,30.0],[74.0,48.0],[75.0,29.0]],[[19.0,27.0],[8.0,44.0],[60.0,15.0]]]},
"G48": {"type": "Matrix3x3", "payoffs": [[[26.0,26.0],[25.0,24.0],[5.0,20.0]],[[0.0,34.0],[40.0,4.0],[53.0,14.0]],[[21.0,32.0],[30.0,1.0],[17.0,22.0]]]},
"G49": {"type": "Matrix3x3", "payoffs": [[[6.0,50.0],[2.0,53.0],[0.0,65.0]],[[5.0,32.0],[5.0,8.0],[5.0,75.0]],[[4.0,19.0],[6.0,15.0],[7.0,32.0]]]},
"G50": {"type": "Matrix3x3", "payoffs": [[[28.0,30.0],[41.0,32.0],[33.0,11.0]],[[31.0,32.0],[37.0,35.0],[37.0,19.0]],[[27.0,2.0],[32.0,25.0],[15.0,13.0]]]},
"G51": {"type": "Matrix3x3", "payoffs": [[[27.0,10.0],[53.0,12.0],[88.0,16.0]],[[37.0,13.0],[12.0,9.0],[50.0,15.0]],[[55.0,17.0],[3.0,12.0],[69.0,15.0]]]},
"G52": {"type": "Matrix3x3", "payoffs": [[[31.0,72.0],[30.0,70.0],[9.0,72.0]],[[32.0,73.0],[32.0,65.0],[8.0,40.0]],[[9.0,16.0],[25.0,44.0],[13.0,49.0]]]},
"G53": {"type": "Matrix3x3", "payoffs": [[[1.0,43.0],[1.0,27.0],[0.0,33.0]],[[1.0,86.0],[1.0,65.0],[1.0,66.0]],[[0.0,70.0],[0.0,49.0],[1.0,14.0]]]},
"G54": {"type": "Matrix3x3", "payoffs": [[[1.0,26.0],[28.0,65.0],[50.0,79.0]],[[58.0,4.0],[45.0,22.0],[42.0,22.0]],[[1.0,84.0],[2.0,80.0],[59.0,93.0]]]},
"G55": {"type": "Matrix3x3", "payoffs": [[[6.0,4.0],[49.0,1.0],[13.0,1.0]],[[13.0,3.0],[41.0,4.0],[57.0,1.0]],[[43.0,4.0],[20.0,2.0],[1.0,1.0]]]},
"G56": {"type": "Matrix3x3", "payoffs": [[[5.0,67.0],[16.0,26.0],[11.0,21.0]],[[13.0,42.0],[8.0,40.0],[5.0,43.0]],[[7.0,62.0],[9.0,71.0],[8.0,59.0]]]},
"G57": {"type": "Matrix3x3", "payoffs": [[[26.0,6.0],[26.0,10.0],[10.0,16.0]],[[13.0,69.0],[24.0,18.0],[12.0,80.0]],[[59.0,31.0],[81.0,18.0],[79.0,12.0]]]},
"G58": {"type": "Matrix3x3", "payoffs": [[[8.0,55.0],[30.0,32.0],[18.0,56.0]],[[6.0,3.0],[1.0,63.0],[18.0,77.0]],[[5.0,27.0],[29.0,75.0],[20.0,34.0]]]},
"G59": {"type": "Matrix3x3", "payoffs": [[[2.0,1.0],[7.0,37.0],[1.0,3.0]],[[3.0,7.0],[5.0,9.0],[7.0,19.0]],[[2.0,49.0],[1.0,49.0],[7.0,24.0]]]},
"G60": {"type": "Matrix3x3", "payoffs": [[[3.0,29.0],[17.0,51.0],[38.0,47.0]],[[7.0,4.0],[24.0,38.0],[17.0,23.0]],[[6.0,42.0],[1.0,28.0],[17.0,3.0]]]},
"G61": {"type": "Matrix3x3", "payoffs": [[[7.0,23.0],[29.0,24.0],[16.0,17.0]],[[1.0,25.0],[30.0,20.0],[22.0,10.0]],[[1.0,20.0],[2.0,28.0],[22.0,32.0]]]},
"G62": {"type": "Matrix3x3", "payoffs": [[[0.0,37.0],[0.0,22.0],[0.0,85.0]],[[0.0,7.0],[0.0,12.0],[0.0,62.0]],[[0.0,58.0],[0.0,25.0],[0.0,81.0]]]},
"G63": {"type": "Matrix3x3", "payoffs": [[[9.0,19.0],[37.0,15.0],[62.0,3.0]],[[32.0,11.0],[67.0,12.0],[21.0,1.0]],[[52.0,12.0],[64.0,14.0],[40.0,8.0]]]},
"G64": {"type": "Matrix3x3", "payoffs": [[[76.0,4.0],[29.0,2.0],[52.0,5.0]],[[3.0,5.0],[49.0,1.0],[15.0,4.0]],[[63.0,3.0],[64.0,4.0],[66.0,4.0]]]},
"G65": {"type": "Matrix3x3", "payoffs": [[[30.0,1.0],[24.0,7.0],[36.0,10.0]],[[44.0,4.0],[5.0,0.0],[37.0,12.0]],[[33.0,4.0],[29.0,4.0],[3.0,9.0]]]},
"G66": {"type": "Matrix3x3", "payoffs": [[[5.0,18.0],[4.0,13.0],[3.0,8.0]],[[3.0,13.0],[4.0,11.0],[1.0,33.0]],[[2.0,18.0],[7.0,13.0],[3.0,5.0]]]},
"G67": {"type": "Matrix3x3", "payoffs": [[[19.0,59.0],[28.0,25.0],[28.0,14.0]],[[21.0,34.0],[9.0,53.0],[36.0,8.0]],[[2.0,76.0],[9.0,75.0],[16.0,14.0]]]},
"G68": {"type": "Matrix3x3", "payoffs": [[[27.0,2.0],[20.0,2.0],[26.0,2.0]],[[15.0,2.0],[9.0,0.0],[21.0,3.0]],[[30.0,1.0],[26.0,0.0],[24.0,1.0]]]},
"G69": {"type": "Matrix3x3", "payoffs": [[[44.0,3.0],[54.0,14.0],[50.0,6.0]],[[13.0,9.0],[53.0,11.0],[26.0,17.0]],[[33.0,8.0],[32.0,11.0],[20.0,3.0]]]},
"G70": {"type": "Matrix3x3", "payoffs": [[[0.0,27.0],[0.0,33.0],[1.0,24.0]],[[0.0,17.0],[0.0,32.0],[3.0,2.0]],[[3.0,29.0],[3.0,21.0],[3.0,26.0]]]},
"G71": {"type": "Matrix3x3", "payoffs": [[[32.0,8.0],[30.0,7.0],[28.0,8.0]],[[23.0,18.0],[24.0,10.0],[16.0,11.0]],[[16.0,5.0],[27.0,11.0],[7.0,17.0]]]},
"G72": {"type": "Matrix3x3", "payoffs": [[[1.0,5.0],[2.0,3.0],[6.0,17.0]],[[8.0,19.0],[10.0,20.0],[9.0,14.0]],[[6.0,5.0],[0.0,3.0],[2.0,18.0]]]},
"G73": {"type": "Matrix3x3", "payoffs": [[[0.0,14.0],[1.0,21.0],[0.0,13.0]],[[1.0,3.0],[1.0,1.0],[0.0,17.0]],[[1.0,8.0],[0.0,14.0],[0.0,10.0]]]},
"G74": {"type": "Matrix3x3", "payoffs": [[[57.0,14.0],[43.0,2.0],[55.0,7.0]],[[47.0,5.0],[1.0,4.0],[2.0,16.0]],[[1.0,18.0],[27.0,7.0],[20.0,22.0]]]},
"G75": {"type": "Matrix3x3", "payoffs": [[[3.0,24.0],[2.0,12.0],[5.0,24.0]],[[6.0,39.0],[2.0,50.0],[2.0,91.0]],[[3.0,7.0],[0.0,54.0],[1.0,9.0]]]},
"G76": {"type": "Matrix3x3", "payoffs": [[[20.0,1.0],[19.0,23.0],[13.0,49.0]],[[30.0,47.0],[12.0,21.0],[5.0,34.0]],[[14.0,46.0],[23.0,34.0],[7.0,7.0]]]},
"G77": {"type": "Matrix3x3", "payoffs": [[[13.0,10.0],[9.0,53.0],[8.0,9.0]],[[17.0,23.0],[13.0,18.0],[3.0,35.0]],[[16.0,39.0],[15.0,41.0],[16.0,62.0]]]},
"G78": {"type": "Matrix3x3", "payoffs": [[[4.0,8.0],[2.0,17.0],[4.0,14.0]],[[5.0,19.0],[6.0,39.0],[4.0,7.0]],[[5.0,28.0],[0.0,29.0],[5.0,20.0]]]},
"G79": {"type": "Matrix3x3", "payoffs": [[[57.0,6.0],[69.0,8.0],[17.0,5.0]],[[27.0,21.0],[76.0,5.0],[53.0,24.0]],[[72.0,16.0],[45.0,20.0],[25.0,8.0]]]},
"G80": {"type": "Matrix3x3", "payoffs": [[[7.0,13.0],[5.0,1.0],[2.0,17.0]],[[6.0,11.0],[1.0,10.0],[5.0,17.0]],[[6.0,11.0],[4.0,19.0],[5.0,20.0]]]},
"G81": {"type": "Matrix3x3", "payoffs": [[[33.0,20.0],[45.0,54.0],[2.0,4.0]],[[32.0,27.0],[3.0,13.0],[20.0,4.0]],[[58.0,38.0],[1.0,43.0],[74.0,51.0]]]},
"G82": {"type": "Matrix3x3", "payoffs": [[[23.0,3.0],[20.0,14.0],[3.0,1.0]],[[24.0,11.0],[13.0,8.0],[25.0,19.0]],[[0.0,21.0],[16.0,1.0],[19.0,13.0]]]},
"G83": {"type": "Matrix3x3", "payoffs": [[[21.0,2.0],[25.0,0.0],[10.0,2.0]],[[43.0,1.0],[76.0,4.0],[43.0,0.0]],[[70.0,4.0],[87.0,4.0],[46.0,0.0]]]},
"G84": {"type": "Matrix3x3", "payoffs": [[[0.0,34.0],[0.0,5.0],[0.0,39.0]],[[0.0,31.0],[0.0,13.0],[0.0,6.0]],[[0.0,3.0],[1.0,14.0],[0.0,6.0]]]},
"G85": {"type": "Matrix3x3", "payoffs": [[[27.0,8.0],[14.0,1.0],[23.0,0.0]],[[4.0,10.0],[8.0,3.0],[17.0,16.0]],[[13.0,10.0],[19.0,3.0],[3.0,13.0]]]},
"G86": {"type": "Matrix3x3", "payoffs": [[[22.0,41.0],[13.0,12.0],[21.0,59.0]],[[12.0,63.0],[25.0,32.0],[21.0,64.0]],[[1.0,89.0],[15.0,89.0],[24.0,63.0]]]},
"G87": {"type": "Matrix3x3", "payoffs": [[[49.0,54.0],[65.0,17.0],[76.0,49.0]],[[20.0,63.0],[16.0,30.0],[3.0,50.0]],[[69.0,64.0],[44.0,50.0],[2.0,14.0]]]},
"G88": {"type": "Matrix3x3", "payoffs": [[[1.0,10.0],[2.0,5.0],[1.0,2.0]],[[0.0,3.0],[2.0,12.0],[2.0,2.0]],[[2.0,6.0],[1.0,13.0],[0.0,6.0]]]},
"G89": {"type": "Matrix3x3", "payoffs": [[[38.0,15.0],[5.0,4.0],[0.0,15.0]],[[6.0,10.0],[22.0,3.0],[10.0,11.0]],[[40.0,7.0],[53.0,4.0],[42.0,1.0]]]},
"G90": {"type": "Matrix3x3", "payoffs": [[[16.0,11.0],[12.0,8.0],[2.0,10.0]],[[38.0,5.0],[1.0,40.0],[20.0,49.0]],[[35.0,5.0],[28.0,29.0],[40.0,5.0]]]},
"G91": {"type": "Matrix3x3", "payoffs": [[[11.0,1.0],[8.0,1.0],[10.0,27.0]],[[21.0,15.0],[14.0,9.0],[22.0,16.0]],[[16.0,32.0],[21.0,26.0],[23.0,43.0]]]},
"G92": {"type": "Matrix3x3", "payoffs": [[[73.0,14.0],[36.0,2.0],[7.0,18.0]],[[43.0,17.0],[81.0,7.0],[30.0,11.0]],[[57.0,5.0],[45.0,5.0],[40.0,17.0]]]},
"G93": {"type": "Matrix3x3", "payoffs": [[[24.0,18.0],[14.0,53.0],[19.0,14.0]],[[24.0,38.0],[1.0,4.0],[4.0,18.0]],[[1.0,18.0],[21.0,10.0],[10.0,45.0]]]},
"G94": {"type": "Matrix3x3", "payoffs": [[[1.0,1.0],[1.0,58.0],[0.0,44.0]],[[0.0,70.0],[0.0,38.0],[0.0,31.0]],[[0.0,59.0],[1.0,78.0],[1.0,45.0]]]},
"G95": {"type": "Matrix3x3", "payoffs": [[[28.0,20.0],[74.0,3.0],[7.0,23.0]],[[28.0,34.0],[35.0,5.0],[80.0,24.0]],[[18.0,12.0],[31.0,0.0],[2.0,40.0]]]},
"G96": {"type": "Matrix3x3", "payoffs": [[[31.0,1.0],[18.0,5.0],[10.0,2.0]],[[26.0,4.0],[30.0,2.0],[28.0,3.0]],[[1.0,3.0],[19.0,2.0],[1.0,7.0]]]},
"G97": {"type": "Matrix3x3", "payoffs": [[[58.0,21.0],[89.0,1.0],[77.0,21.0]],[[82.0,3.0],[74.0,22.0],[68.0,10.0]],[[24.0,15.0],[44.0,4.0],[0.0,12.0]]]},
"G98": {"type": "Matrix3x3", "payoffs": [[[9.0,1.0],[51.0,2.0],[74.0,11.0]],[[23.0,8.0],[10.0,11.0],[92.0,2.0]],[[11.0,3.0],[76.0,2.0],[40.0,7.0]]]},
"G99": {"type": "Matrix3x3", "payoffs": [[[19.0,72.0],[6.0,17.0],[8.0,67.0]],[[58.0,81.0],[24.0,62.0],[59.0,78.0]],[[40.0,70.0],[11.0,47.0],[11.0,47.0]]]},
"G100": {"type": "Matrix3x3", "payoffs": [[[32.0,2.0],[45.0,18.0],[36.0,27.0]],[[47.0,1.0],[41.0,12.0],[41.0,14.0]],[[4.0,12.0],[45.0,11.0],[41.0,17.0]]]}
}