{
"numGames": 100,
"G1": {"type": "Matrix3x3", "payoffs": [[[44.0,1.0],[4.0,1.0],[1.0,1.0]],[[5.0,1.0],[46.0,0.0],[42.0,1.0]],[[8.0,1.0],[27.0,1.0],[35.0,1.0]]]},
"G2": {"type": "Matrix3x3", "payoffs": [[[6.0,25.0],[4.0,18.0],[5.0,4.0]],[[3.0,42.0],[2.0,11.0],[3.0,35.0]],[[4.0,3.0],[2.0,37.0],[3.0,22.0]]]},
"G3": {"type": "Matrix3x3", "payoffs": [[[7.0,10.0],[27.0,18.0],[20.0,26.0]],[[2.0,15.0],[9.0,3.0],[13.0,11.0]],[[16.0,22.0],[8.0,21.0],[8.0,2.0]]]},
"G4": {"type": "Matrix3x3", "payoffs": [[[30.0,49.0],[47.0,30.0],[15.0,14.0]],[[18.0,20.0],[35.0,20.0],[37.0,24.0]],[[29.0,34.0],[5.0,14.0],[32.0,26.0]]]},
"G5": {"type": "Matrix3x3", "payoffs": [[[51.0,1.0],[65.0,0.0],[20.0,0.0]],[[70.0,0.0],[11.0,0.0],[17.0,0.0]],[[68.0,1.0],[22.0,0.0],[25.0,0.0]]]},
"G6": {"type": "Matrix3x3", "payoffs": [[[35.0,8.0],[21.0,12.0],[30.0,5.0]],[[20.0,15.0],[62.0,9.0],[32.0,14.0]],[[62.0,3.0],[78.0,4.0],[23.0,1.0]]]},
"G7": {"type": "Matrix3x3", "payoffs": [[[68.0,17.0],[48.0,3.0],[45.0,11.0]],[[34.0,23.0],[52.0,15.0],[67.0,29.0]],[[92.0,8.0],[52.0,6.0],[83.0,19.0]]]},
"G8": {"type": "Matrix3x3", "payoffs": [[[19.0,2.0],[46.0,2.0],[6.0,3.0]],[[35.0,4.0],[33.0,4.0],[51.0,2.0]],[[2.0,1.0],[5.0,1.0],[26.0,1.0]]]},
"G9": {"type": "Matrix3x3", "payoffs": [[[26.0,25.0],[20.0,25.0],[27.0,6.0]],[[28.0,25.0],[28.0,23.0],[18.0,0.0]],[[0.0,23.0],[17.0,28.0],[11.0,19.0]]]},
"G10": {"type": "Matrix3x3", "payoffs": [[[18.0,2.0],[29.0,0.0],[33.0,1.0]],[[22.0,0.0],[11.0,1.0],[31.0,1.0]],[[18.0,2.0],[29.0,2.0],[13.0,1.0]]]},
"G11": {"type": "Matrix3x3", "payoffs": [[[13.0,11.0],[17.0,53.0],[92.0,11.0]],[[70.0,2.0],[18.0,34.0],[29.0,17.0]],[[41.0,80.0],[33.0,59.0],[41.0,91.0]]]},
"G12": {"type": "Matrix3x3", "payoffs": [[[53.0,12.0],[32.0,7.0],[76.0,1.0]],[[61.0,4.0],[42.0,3.0],[33.0,10.0]],[[77.0,13.0],[52.0,14.0],[20.0,12.0]]]},
"G13": {"type": "Matrix3x3", "payoffs": [[[22.0,1.0],[14.0,0.0],[14.0,25.0]],[[13.0,6.0],[28.0,19.0],[23.0,12.0]],[[22.0,0.0],[26.0,26.0],[11.0,8.0]]]},
"G14": {"type": "Matrix3x3", "payoffs": [[[4.0,15.0],[7.0,54.0],[28.0,36.0]],[[25.0,29.0],[41.0,17.0],[23.0,10.0]],[[49.0,80.0],[48.0,32.0],[36.0,51.0]]]},
"G15": {"type": "Matrix3x3", "payoffs": [[[9.0,39.0],[72.0,21.0],[11.0,22.0]],[[63.0,13.0],[18.0,7.0],[36.0,34.0]],[[33.0,70.0],[13.0,56.0],[68.0,13.0]]]},
"G16": {"type": "Matrix3x3", "payoffs": [[[3.0,10.0],[2.0,2.0],[5.0,1.0]],[[7.0,2.0],[2.0,10.0],[7.0,6.0]],[[4.0,7.0],[5.0,7.0],[8.0,10.0]]]},
"G17": {"type": "Matrix3x3", "payoffs": [[[15.0,31.0],[15.0,23.0],[15.0,13.0]],[[11.0,8.0],[7.0,6.0],[1.0,22.0]],[[8.0,2.0],[8.0,39.0],[16.0,13.0]]]},
"G18": {"type": "Matrix3x3", "payoffs": [[[11.0,15.0],[27.0,20.0],[1.0,6.0]],[[5.0,3.0],[1.0,16.0],[26.0,17.0]],[[25.0,17.0],[2.0,10.0],[34.0,20.0]]]},
"G19": {"type": "Matrix3x3", "payoffs": [[[5.0,18.0],[5.0,23.0],[3.0,9.0]],[[4.0,47.0],[3.0,31.0],[5.0,39.0]],[[1.0,49.0],[4.0,29.0],[4.0,51.0]]]},
"G20": {"type": "Matrix3x3", "payoffs": [[[28.0,62.0],[45.0,36.0],[19.0,3.0]],[[27.0,24.0],[23.0,59.0],[10.0,62.0]],[[17.0,1.0],[43.0,20.0],[45.0,23.0]]]},
"G21": {"type": "Matrix3x3", "payoffs": [[[29.0,2.0],[12.0,29.0],[4.0,44.0]],[[9.0,30.0],[25.0,5.0],[23.0,11.0]],[[14.0,31.0],[9.0,12.0],[8.0,41.0]]]},
"G22": {"type": "Matrix3x3", "payoffs": [[[48.0,3.0],[10.0,10.0],[41.0,6.0]],[[52.0,3.0],[78.0,3.0],[43.0,12.0]],[[31.0,2.0],[42.0,7.0],[37.0,7.0]]]},
"G23": {"type": "Matrix3x3", "payoffs": [[[34.0,12.0],[32.0,6.0],[18.0,15.0]],[[29.0,12.0],[32.0,8.0],[41.0,15.0]],[[70.0,2.0],[85.0,13.0],[70.0,7.0]]]},
"G24": {"type": "Matrix3x3", "payoffs": [[[20.0,32.0],[89.0,10.0],[78.0,22.0]],[[80.0,39.0],[21.0,17.0],[84.0,37.0]],[[30.0,26.0],[84.0,16.0],[43.0,17.0]]]},
"G25": {"type": "Matrix3x3", "payoffs": [[[14.0,2.0],[38.0,1.0],[2.0,1.0]],[[5.0,4.0],[33.0,2.0],[4.0,4.0]],[[21.0,5.0],[49.0,4.0],[17.0,3.0]]]},
"G26": {"type": "Matrix3x3", "payoffs": [[[1.0,57.0],[2.0,11.0],[1.0,67.0]],[[1.0,24.0],[6.0,68.0],[2.0,55.0]],[[4.0,33.0],[1.0,53.0],[2.0,26.0]]]},
"G27": {"type": "Matrix3x3", "payoffs": [[[21.0,19.0],[46.0,18.0],[26.0,18.0]],[[47.0,23.0],[3.0,49.0],[44.0,14.0]],[[66.0,51.0],[28.0,33.0],[6.0,19.0]]]},
"G28": {"type": "Matrix3x3", "payoffs": [[[61.0,4.0],[34.0,4.0],[13.0,10.0]],[[5.0,9.0],[23.0,10.0],[19.0,2.0]],[[61.0,6.0],[60.0,9.0],[64.0,9.0]]]},
"G29": {"type": "Matrix3x3", "payoffs": [[[6.0,5.0],[10.0,2.0],[13.0,8.0]],[[5.0,14.0],[7.0,13.0],[40.0,26.0]],[[27.0,1.0],[8.0,2.0],[28.0,9.0]]]},
"G30": {"type": "Matrix3x3", "payoffs": [[[6.0,14.0],[10.0,71.0],[7.0,83.0]],[[1.0,56.0],[8.0,18.0],[13.0,71.0]],[[3.0,5.0],[15.0,61.0],[4.0,58.0]]]},
"G31": {"type": "Matrix3x3", "payoffs": [[[73.0,0.0],[23.0,6.0],[36.0,7.0]],[[83.0,5.0],[62.0,8.0],[53.0,0.0]],[[70.0,4.0],[87.0,6.0],[20.0,4.0]]]},
"G32": {"type": "Matrix3x3", "payoffs": [[[0.0,25.0],[18.0,13.0],[18.0,21.0]],[[14.0,12.0],[11.0,27.0],[0.0,11.0]],[[0.0,23.0],[0.0,8.0],[13.0,6.0]]]},
"G33": {"type": "Matrix3x3", "payoffs": [[[25.0,37.0],[21.0,23.0],[5.0,2.0]],[[13.0,64.0],[2.0,36.0],[4.0,28.0]],[[16.0,25.0],[8.0,74.0],[3.0,53.0]]]},
"G34": {"type": "Matrix3x3", "payoffs": [[[2.0,39.0],[3.0,36.0],[3.0,14.0]],[[1.0,4.0],[6.0,17.0],[1.0,7.0]],[[1.0,35.0],[4.0,18.0],[6.0,34.0]]]},
"G35": {"type": "Matrix3x3", "payoffs": [[[26.0,4.0],[18.0,4.0],[22.0,1.0]],[[25.0,3.0],[15.0,0.0],[6.0,1.0]],[[23.0,1.0],[4.0,2.0],[25.0,2.0]]]},
"G36": {"type": "Matrix3x3", "payoffs": [[[17.0,5.0],[40.0,6.0],[33.0,13.0]],[[76.0,5.0],[38.0,17.0],[47.0,14.0]],[[21.0,16.0],[62.0,18.0],[71.0,14.0]]]},
"G37": {"type": "Matrix3x3", "payoffs": [[[2.0,27.0],[31.0,65.0],[5.0,5.0]],[[14.0,36.0],[25.0,64.0],[2.0,16.0]],[[17.0,17.0],[29.0,29.0],[7.0,8.0]]]},
"G38": {"type": "Matrix3x3", "payoffs": [[[10.0,42.0],[8.0,12.0],[15.0,29.0]],[[8.0,81.0],[6.0,4.0],[5.0,58.0]],[[3.0,5.0],[2.0,78.0],[12.0,38.0]]]},
"G39": {"type": "Matrix3x3", "payoffs": [[[81.0,22.0],[48.0,20.0],[45.0,18.0]],[[31.0,32.0],[2.0,9.0],[51.0,31.0]],[[10.0,16.0],[74.0,10.0],[14.0,7.0]]]},
"G40": {"type": "Matrix3x3", "payoffs": [[[16.0,17.0],[1.0,3.0],[12.0,2.0]],[[2.0,0.0],[2.0,13.0],[15.0,24.0]],[[15.0,11.0],[16.0,6.0],[17.0,10.0]]]},
"G41": {"type": "Matrix3x3", "payoffs": [[[38.0,76.0],[37.0,46.0],[21.0,76.0]],[[24.0,12.0],[23.0,77.0],[35.0,12.0]],[[40.0,16.0],[12.0,13.0],[2.0,59.0]]]},
"G42": {"type": "Matrix3x3", "payoffs": [[[2.0,5.0],[1.0,9.0],[2.0,11.0]],[[2.0,9.0],[0.0,8.0],[3.0,10.0]],[[2.0,11.0],[1.0,6.0],[3.0,2.0]]]},
"G43": {"type": "Matrix3x3", "payoffs": [[[56.0,9.0],[1.0,53.0],[22.0,90.0]],[[71.0,66.0],[2.0,16.0],[39.0,25.0]],[[64.0,70.0],[6.0,68.0],[9.0,27.0]]]},
"G44": {"type": "Matrix3x3", "payoffs": [[[2.0,45.0],[2.0,44.0],[1.0,41.0]],[[2.0,68.0],[1.0,52.0],[2.0,33.0]],[[1.0,62.0],[2.0,73.0],[1.0,18.0]]]},
"G45": {"type": "Matrix3x3", "payoffs": [[[4.0,2.0],[8.0,5.0],[18.0,9.0]],[[6.0,7.0],[10.0,10.0],[22.0,2.0]],[[15.0,2.0],[23.0,3.0],[12.0,1.0]]]},
"G46": {"type": "Matrix3x3", "payoffs": [[[9.0,3.0],[17.0,16.0],[11.0,20.0]],[[2.0,19.0],[7.0,37.0],[18.0,14.0]],[[15.0,49.0],[8.0,70.0],[18.0,39.0]]]},
"G47": {"type": "Matrix3x3", "payoffs": [[[43.0,4.0],[61.0,4.0],[14.0,4.0]],[[11.0,1.0],[55.0,3.0],[55.0,0.0]],[[22.0,2.0],[20.0,1.0],[60.0,2.0]]]},
"G48": {"type": "Matrix3x3", "payoffs": [[[22.0,25.0],[38.0,64.0],[82.0,74.0]],[[54.0,27.0],[37.0,1.0],[7.0,19.0]],[[29.0,16.0],[70.0,64.0],[13.0,58.0]]]},
"G49": {"type": "Matrix3x3", "payoffs": [[[1.0,90.0],[9.0,61.0],[4.0,20.0]],[[3.0,2.0],[6.0,68.0],[4.0,49.0]],[[15.0,32.0],[16.0,37.0],[11.0,50.0]]]},
"G50": {"type": "Matrix3x3", "payoffs": [[[11.0,14.0],[29.0,43.0],[19.0,52.0]],[[27.0,12.0],[46.0,54.0],[0.0,9.0]],[[40.0,17.0],[37.0,16.0],[45.0,52.0]]]},
"G51": {"type": "Matrix3x3", "payoffs": [[[29.0,30.0],[34.0,24.0],[24.0,38.0]],[[44.0,2.0],[19.0,6.0],[1.0,39.0]],[[7.0,46.0],[12.0,0.0],[34.0,10.0]]]},
"G52": {"type": "Matrix3x3", "payoffs": [[[55.0,1.0],[44.0,44.0],[50.0,44.0]],[[33.0,28.0],[14.0,49.0],[23.0,49.0]],[[36.0,37.0],[32.0,11.0],[54.0,49.0]]]},
"G53": {"type": "Matrix3x3", "payoffs": [[[62.0,11.0],[57.0,33.0],[7.0,20.0]],[[4.0,1.0],[72.0,14.0],[17.0,26.0]],[[62.0,11.0],[48.0,30.0],[60.0,6.0]]]},
"G54": {"type": "Matrix3x3", "payoffs": [[[0.0,0.0],[1.0,40.0],[0.0,10.0]],[[0.0,13.0],[1.0,14.0],[1.0,6.0]],[[0.0,32.0],[1.0,36.0],[0.0,25.0]]]},
"G55": {"type": "Matrix3x3", "payoffs": [[[8.0,16.0],[29.0,1.0],[35.0,39.0]],[[3.0,15.0],[9.0,17.0],[5.0,9.0]],[[0.0,45.0],[10.0,54.0],[18.0,45.0]]]},
"G56": {"type": "Matrix3x3", "payoffs": [[[25.0,15.0],[10.0,53.0],[8.0,59.0]],[[15.0,23.0],[17.0,95.0],[37.0,83.0]],[[37.0,68.0],[26.0,31.0],[36.0,2.0]]]},
"G57": {"type": "Matrix3x3", "payoffs": [[[1.0,2.0],[8.0,9.0],[19.0,40.0]],[[1.0,35.0],[3.0,25.0],[8.0,37.0]],[[12.0,53.0],[12.0,8.0],[1.0,40.0]]]},
"G58": {"type": "Matrix3x3", "payoffs": [[[57.0,1.0],[12.0,2.0],[26.0,2.0]],[[6.0,0.0],[5.0,2.0],[83.0,3.0]],[[91.0,0.0],[31.0,3.0],[57.0,3.0]]]},
"G59": {"type": "Matrix3x3", "payoffs": [[[36.0,3.0],[28.0,5.0],[37.0,4.0]],[[22.0,2.0],[5.0,4.0],[27.0,0.0]],[[29.0,5.0],[1.0,0.0],[44.0,2.0]]]},
"G60": {"type": "Matrix3x3", "payoffs": [[[18.0,0.0],[1.0,17.0],[7.0,4.0]],[[3.0,1.0],[27.0,13.0],[2.0,1.0]],[[24.0,10.0],[10.0,16.0],[3.0,18.0]]]},
"G61": {"type": "Matrix3x3", "payoffs": [[[44.0,26.0],[15.0,39.0],[6.0,24.0]],[[30.0,6.0],[32.0,28.0],[5.0,55.0]],[[11.0,7.0],[25.0,5.0],[6.0,18.0]]]},
"G62": {"type": "Matrix3x3", "payoffs": [[[7.0,41.0],[20.0,13.0],[3.0,29.0]],[[25.0,22.0],[11.0,30.0],[7.0,36.0]],[[3.0,7.0],[4.0,31.0],[18.0,47.0]]]},
"G63": {"type": "Matrix3x3", "payoffs": [[[1.0,3.0],[0.0,6.0],[2.0,1.0]],[[1.0,2.0],[1.0,4.0],[0.0,11.0]],[[2.0,11.0],[1.0,4.0],[0.0,9.0]]]},
"G64": {"type": "Matrix3x3", "payoffs": [[[21.0,57.0],[21.0,19.0],[4.0,9.0]],[[17.0,19.0],[38.0,57.0],[24.0,9.0]],[[11.0,27.0],[36.0,10.0],[7.0,8.0]]]},
"G65": {"type": "Matrix3x3", "payoffs": [[[33.0,64.0],[64.0,30.0],[30.0,66.0]],[[5.0,4.0],[44.0,28.0],[30.0,3.0]],[[41.0,37.0],[36.0,6.0],[62.0,67.0]]]},
"G66": {"type": "Matrix3x3", "payoffs": [[[16.0,86.0],[10.0,50.0],[3.0,63.0]],[[6.0,28.0],[28.0,89.0],[32.0,81.0]],[[0.0,35.0],[34.0,36.0],[10.0,25.0]]]},
"G67": {"type": "Matrix3x3", "payoffs": [[[4.0,28.0],[2.0,41.0],[3.0,34.0]],[[2.0,42.0],[2.0,9.0],[2.0,21.0]],[[3.0,40.0],[4.0,33.0],[2.0,42.0]]]},
"G68": {"type": "Matrix3x3", "payoffs": [[[18.0,16.0],[24.0,24.0],[25.0,18.0]],[[3.0,8.0],[14.0,3.0],[7.0,26.0]],[[39.0,18.0],[21.0,6.0],[23.0,26.0]]]},
"G69": {"type": "Matrix3x3", "payoffs": [[[19.0,46.0],[11.0,32.0],[14.0,36.0]],[[20.0,57.0],[15.0,30.0],[27.0,33.0]],[[15.0,14.0],[22.0,29.0],[22.0,5.0]]]},
"G70": {"type": "Matrix3x3", "payoffs": [[[10.0,26.0],[4.0,21.0],[1.0,33.0]],[[12.0,29.0],[10.0,38.0],[6.0,13.0]],[[1.0,20.0],[8.0,30.0],[1.0,5.0]]]},
"G71": {"type": "Matrix3x3", "payoffs": [[[42.0,4.0],[38.0,13.0],[34.0,59.0]],[[19.0,28.0],[36.0,3.0],[28.0,39.0]],[[36.0,31.0],[23.0,43.0],[29.0,46.0]]]},
"G72": {"type": "Matrix3x3", "payoffs": [[[57.0,33.0],[80.0,22.0],[63.0,21.0]],[[75.0,25.0],[16.0,25.0],[85.0,5.0]],[[58.0,32.0],[32.0,22.0],[84.0,19.0]]]},
"G73": {"type": "Matrix3x3", "payoffs": [[[37.0,17.0],[32.0,68.0],[43.0,55.0]],[[7.0,70.0],[39.0,1.0],[1.0,68.0]],[[5.0,16.0],[1.0,1.0],[44.0,69.0]]]},
"G74": {"type": "Matrix3x3", "payoffs": [[[35.0,12.0],[15.0,10.0],[16.0,9.0]],[[25.0,19.0],[7.0,22.0],[17.0,32.0]],[[23.0,13.0],[52.0,16.0],[14.0,4.0]]]},
"G75": {"type": "Matrix3x3", "payoffs": [[[58.0,45.0],[16.0,5.0],[11.0,3.0]],[[39.0,38.0],[55.0,20.0],[7.0,38.0]],[[40.0,40.0],[58.0,32.0],[25.0,59.0]]]},
"G76": {"type": "Matrix3x3", "payoffs": [[[13.0,28.0],[1.0,4.0],[4.0,29.0]],[[6.0,32.0],[14.0,20.0],[6.0,11.0]],[[2.0,20.0],[7.0,55.0],[3.0,32.0]]]},
"G77": {"type": "Matrix3x3", "payoffs": [[[17.0,23.0],[63.0,0.0],[63.0,16.0]],[[45.0,24.0],[55.0,40.0],[11.0,39.0]],[[37.0,33.0],[47.0,38.0],[20.0,8.0]]]},
"G78": {"type": "Matrix3x3", "payoffs": [[[13.0,75.0],[48.0,48.0],[18.0,68.0]],[[27.0,36.0],[50.0,32.0],[14.0,34.0]],[[18.0,57.0],[18.0,25.0],[9.0,69.0]]]},
"G79": {"type": "Matrix3x3", "payoffs": [[[64.0,62.0],[20.0,52.0],[62.0,81.0]],[[50.0,18.0],[12.0,77.0],[46.0,45.0]],[[28.0,29.0],[71.0,54.0],[19.0,62.0]]]},
"G80": {"type": "Matrix3x3", "payoffs": [[[67.0,1.0],[20.0,7.0],[17.0,3.0]],[[5.0,4.0],[21.0,1.0],[68.0,4.0]],[[45.0,7.0],[19.0,0.0],[20.0,5.0]]]},
"G81": {"type": "Matrix3x3", "payoffs": [[[27.0,18.0],[73.0,11.0],[29.0,13.0]],[[75.0,21.0],[56.0,18.0],[72.0,24.0]],[[1.0,7.0],[60.0,5.0],[70.0,19.0]]]},
"G82": {"type": "Matrix3x3", "payoffs": [[[42.0,16.0],[29.0,31.0],[27.0,12.0]],[[29.0,38.0],[84.0,29.0],[58.0,46.0]],[[39.0,26.0],[63.0,33.0],[7.0,13.0]]]},
"G83": {"type": "Matrix3x3", "payoffs": [[[16.0,6.0],[20.0,8.0],[24.0,20.0]],[[24.0,14.0],[10.0,16.0],[15.0,1.0]],[[22.0,12.0],[5.0,0.0],[1.0,7.0]]]},
"G84": {"type": "Matrix3x3", "payoffs": [[[11.0,32.0],[2.0,28.0],[11.0,2.0]],[[4.0,37.0],[19.0,18.0],[9.0,5.0]],[[7.0,37.0],[12.0,0.0],[19.0,24.0]]]},
"G85": {"type": "Matrix3x3", "payoffs": [[[5.0,18.0],[29.0,55.0],[42.0,82.0]],[[19.0,28.0],[26.0,44.0],[27.0,73.0]],[[40.0,13.0],[26.0,73.0],[6.0,37.0]]]},
"G86": {"type": "Matrix3x3", "payoffs": [[[9.0,11.0],[13.0,45.0],[26.0,28.0]],[[14.0,2.0],[28.0,91.0],[18.0,87.0]],[[23.0,42.0],[22.0,78.0],[22.0,15.0]]]},
"G87": {"type": "Matrix3x3", "payoffs": [[[42.0,59.0],[41.0,34.0],[59.0,20.0]],[[81.0,10.0],[86.0,9.0],[76.0,58.0]],[[53.0,61.0],[62.0,69.0],[46.0,67.0]]]},
"G88": {"type": "Matrix3x3", "payoffs": [[[63.0,5.0],[39.0,7.0],[40.0,20.0]],[[71.0,29.0],[13.0,4.0],[74.0,4.0]],[[59.0,22.0],[61.0,12.0],[53.0,6.0]]]},
"G89": {"type": "Matrix3x3", "payoffs": [[[24.0,56.0],[16.0,61.0],[5.0,45.0]],[[8.0,85.0],[26.0,12.0],[32.0,55.0]],[[7.0,67.0],[67.0,42.0],[8.0,24.0]]]},
"G90": {"type": "Matrix3x3", "payoffs": [[[35.0,26.0],[26.0,13.0],[16.0,12.0]],[[34.0,48.0],[15.0,36.0],[21.0,31.0]],[[24.0,1.0],[20.0,60.0],[1.0,35.0]]]},
"G91": {"type": "Matrix3x3", "payoffs": [[[36.0,4.0],[29.0,0.0],[27.0,4.0]],[[20.0,15.0],[13.0,21.0],[44.0,19.0]],[[40.0,14.0],[0.0,6.0],[24.0,13.0]]]},
"G92": {"type": "Matrix3x3", "payoffs": [[[22.0,16.0],[43.0,30.0],[47.0,20.0]],[[21.0,12.0],[44.0,26.0],[2.0,53.0]],[[48.0,7.0],[25.0,46.0],[15.0,34.0]]]},
"G93": {"type": "Matrix3x3", "payoffs": [[[11.0,2.0],[3.0,51.0],[16.0,14.0]],[[62.0,5.0],[24.0,66.0],[28.0,80.0]],[[49.0,59.0],[58.0,73.0],[24.0,35.0]]]},
"G94": {"type": "Matrix3x3", "payoffs": [[[23.0,9.0],[58.0,4.0],[62.0,61.0]],[[36.0,45.0],[1.0,40.0],[37.0,57.0]],[[45.0,12.0],[54.0,6.0],[44.0,63.0]]]},
"G95": {"type": "Matrix3x3", "payoffs": [[[6.0,9.0],[12.0,8.0],[12.0,14.0]],[[4.0,7.0],[9.0,0.0],[8.0,7.0]],[[13.0,6.0],[13.0,5.0],[4.0,9.0]]]},
"G96": {"type": "Matrix3x3", "payoffs": [[[9.0,24.0],[5.0,38.0],[13.0,62.0]],[[6.0,10.0],[13.0,32.0],[6.0,37.0]],[[7.0,53.0],[6.0,42.0],[4.0,8.0]]]},
"G97": {"type": "Matrix3x3", "payoffs": [[[19.0,8.0],[24.0,8.0],[31.0,1.0]],[[12.0,4.0],[27.0,18.0],[2.0,3.0]],[[22.0,19.0],[25.0,18.0],[8.0,14.0]]]},
"G98": {"type": "Matrix3x3", "payoffs": [[[53.0,44.0],[1.0,19.0],[63.0,65.0]],[[74.0,23.0],[19.0,63.0],[45.0,11.0]],[[32.0,17.0],[70.0,70.0],[67.0,37.0]]]},
"G99": {"type": "Matrix3x3", "payoffs": [[[0.0,28.0],[6.0,14.0],[7.0,49.0]],[[2.0,19.0],[7.0,23.0],[38.0,10.0]],[[32.0,42.0],[16.0,53.0],[21.0,32.0]]]},
"G100": {"type": "Matrix3x3", "payoffs": [[[4.0,96.0],[5.0,28.0],[29.0,7.0]],[[24.0,65.0],[32.0,78.0],[29.0,95.0]],[[23.0,69.0],[30.0,51.0],[37.0,31.0]]]}
}