{
"numGames": 100,
"G1": {"type": "Matrix3x3", "payoffs": [[[2.0,2.0],[43.0,3.0],[56.0,2.0]],[[4.0,2.0],[4.0,2.0],[27.0,0.0]],[[36.0,0.0],[14.0,3.0],[7.0,0.0]]]},
"G2": {"type": "Matrix3x3", "payoffs": [[[0.0,40.0],[0.0,31.0],[2.0,22.0]],[[2.0,35.0],[2.0,25.0],[1.0,31.0]],[[2.0,1.0],[3.0,3.0],[3.0,51.0]]]},
"G3": {"type": "Matrix3x3", "payoffs": [[[9.0,9.0],[17.0,29.0],[5.0,47.0]],[[2.0,11.0],[8.0,35.0],[17.0,28.0]],[[21.0,13.0],[20.0,15.0],[21.0,14.0]]]},
"G4": {"type": "Matrix3x3", "payoffs": [[[76.0,2.0],[29.0,53.0],[82.0,48.0]],[[59.0,68.0],[60.0,74.0],[70.0,55.0]],[[59.0,57.0],[89.0,77.0],[75.0,15.0]]]},
"G5": {"type": "Matrix3x3", "payoffs": [[[29.0,35.0],[32.0,23.0],[11.0,47.0]],[[24.0,15.0],[6.0,79.0],[5.0,35.0]],[[13.0,43.0],[11.0,53.0],[14.0,65.0]]]},
"G6": {"type": "Matrix3x3", "payoffs": [[[25.0,2.0],[46.0,60.0],[10.0,61.0]],[[36.0,27.0],[12.0,50.0],[16.0,64.0]],[[13.0,43.0],[35.0,55.0],[17.0,32.0]]]},
"G7": {"type": "Matrix3x3", "payoffs": [[[56.0,28.0],[6.0,64.0],[50.0,72.0]],[[54.0,5.0],[34.0,18.0],[18.0,5.0]],[[30.0,72.0],[77.0,9.0],[64.0,78.0]]]},
"G8": {"type": "Matrix3x3", "payoffs": [[[51.0,21.0],[22.0,31.0],[89.0,8.0]],[[38.0,30.0],[26.0,26.0],[9.0,18.0]],[[80.0,14.0],[56.0,35.0],[66.0,39.0]]]},
"G9": {"type": "Matrix3x3", "payoffs": [[[1.0,2.0],[2.0,2.0],[4.0,2.0]],[[1.0,15.0],[2.0,33.0],[2.0,3.0]],[[4.0,8.0],[0.0,23.0],[5.0,14.0]]]},
"G10": {"type": "Matrix3x3", "payoffs": [[[67.0,53.0],[9.0,31.0],[5.0,35.0]],[[21.0,24.0],[8.0,40.0],[15.0,51.0]],[[11.0,51.0],[54.0,20.0],[42.0,9.0]]]},
"G11": {"type": "Matrix3x3", "payoffs": [[[6.0,5.0],[3.0,1.0],[14.0,0.0]],[[11.0,4.0],[13.0,5.0],[11.0,2.0]],[[13.0,4.0],[1.0,3.0],[10.0,5.0]]]},
"G12": {"type": "Matrix3x3", "payoffs": [[[60.0,24.0],[4.0,15.0],[70.0,5.0]],[[93.0,22.0],[18.0,31.0],[63.0,1.0]],[[46.0,4.0],[25.0,6.0],[40.0,4.0]]]},
"G13": {"type": "Matrix3x3", "payoffs": [[[23.0,27.0],[15.0,16.0],[28.0,46.0]],[[28.0,36.0],[12.0,4.0],[31.0,12.0]],[[18.0,20.0],[28.0,19.0],[24.0,47.0]]]},
"G14": {"type": "Matrix3x3", "payoffs": [[[71.0,49.0],[40.0,84.0],[79.0,24.0]],[[34.0,47.0],[68.0,17.0],[45.0,43.0]],[[26.0,63.0],[48.0,59.0],[77.0,6.0]]]},
"G15": {"type": "Matrix3x3", "payoffs": [[[1.0,30.0],[24.0,70.0],[10.0,74.0]],[[10.0,69.0],[4.0,86.0],[19.0,94.0]],[[34.0,89.0],[20.0,83.0],[34.0,42.0]]]},
"G16": {"type": "Matrix3x3", "payoffs": [[[46.0,1.0],[78.0,14.0],[26.0,9.0]],[[21.0,8.0],[49.0,14.0],[4.0,16.0]],[[60.0,17.0],[18.0,8.0],[78.0,2.0]]]},
"G17": {"type": "Matrix3x3", "payoffs": [[[7.0,13.0],[1.0,53.0],[16.0,46.0]],[[3.0,1.0],[13.0,13.0],[12.0,53.0]],[[9.0,53.0],[6.0,34.0],[8.0,4.0]]]},
"G18": {"type": "Matrix3x3", "payoffs": [[[40.0,23.0],[49.0,17.0],[69.0,14.0]],[[12.0,59.0],[43.0,60.0],[60.0,59.0]],[[29.0,47.0],[6.0,24.0],[65.0,48.0]]]},
"G19": {"type": "Matrix3x3", "payoffs": [[[7.0,9.0],[1.0,2.0],[2.0,2.0]],[[4.0,4.0],[8.0,5.0],[7.0,12.0]],[[9.0,7.0],[13.0,11.0],[13.0,11.0]]]},
"G20": {"type": "Matrix3x3", "payoffs": [[[30.0,33.0],[15.0,28.0],[33.0,13.0]],[[14.0,8.0],[40.0,27.0],[29.0,22.0]],[[68.0,39.0],[8.0,16.0],[42.0,23.0]]]},
"G21": {"type": "Matrix3x3", "payoffs": [[[13.0,0.0],[17.0,0.0],[4.0,0.0]],[[6.0,0.0],[13.0,0.0],[2.0,0.0]],[[10.0,0.0],[5.0,0.0],[2.0,0.0]]]},
"G22": {"type": "Matrix3x3", "payoffs": [[[14.0,14.0],[6.0,7.0],[9.0,13.0]],[[23.0,10.0],[2.0,9.0],[1.0,13.0]],[[29.0,4.0],[12.0,5.0],[6.0,6.0]]]},
"G23": {"type": "Matrix3x3", "payoffs": [[[30.0,65.0],[31.0,26.0],[30.0,87.0]],[[29.0,1.0],[18.0,64.0],[7.0,2.0]],[[17.0,49.0],[6.0,75.0],[11.0,78.0]]]},
"G24": {"type": "Matrix3x3", "payoffs": [[[40.0,36.0],[77.0,9.0],[9.0,40.0]],[[56.0,55.0],[87.0,44.0],[6.0,42.0]],[[10.0,43.0],[21.0,17.0],[63.0,13.0]]]},
"G25": {"type": "Matrix3x3", "payoffs": [[[38.0,14.0],[61.0,4.0],[1.0,28.0]],[[20.0,20.0],[41.0,7.0],[49.0,10.0]],[[28.0,16.0],[21.0,18.0],[35.0,28.0]]]},
"G26": {"type": "Matrix3x3", "payoffs": [[[56.0,0.0],[3.0,19.0],[83.0,4.0]],[[87.0,44.0],[29.0,29.0],[73.0,54.0]],[[64.0,37.0],[4.0,52.0],[76.0,15.0]]]},
"G27": {"type": "Matrix3x3", "payoffs": [[[23.0,1.0],[12.0,12.0],[66.0,4.0]],[[62.0,17.0],[14.0,17.0],[73.0,13.0]],[[66.0,9.0],[33.0,14.0],[64.0,14.0]]]},
"G28": {"type": "Matrix3x3", "payoffs": [[[24.0,47.0],[65.0,41.0],[62.0,8.0]],[[5.0,12.0],[5.0,27.0],[13.0,3.0]],[[4.0,30.0],[72.0,32.0],[50.0,28.0]]]},
"G29": {"type": "Matrix3x3", "payoffs": [[[2.0,32.0],[4.0,16.0],[2.0,72.0]],[[2.0,59.0],[3.0,77.0],[4.0,81.0]],[[2.0,0.0],[2.0,35.0],[1.0,0.0]]]},
"G30": {"type": "Matrix3x3", "payoffs": [[[1.0,37.0],[35.0,6.0],[68.0,55.0]],[[64.0,9.0],[66.0,66.0],[21.0,5.0]],[[56.0,65.0],[31.0,35.0],[29.0,47.0]]]},
"G31": {"type": "Matrix3x3", "payoffs": [[[40.0,56.0],[25.0,53.0],[57.0,41.0]],[[14.0,34.0],[41.0,79.0],[33.0,27.0]],[[44.0,74.0],[66.0,25.0],[1.0,5.0]]]},
"G32": {"type": "Matrix3x3", "payoffs": [[[5.0,37.0],[7.0,35.0],[6.0,40.0]],[[3.0,1.0],[7.0,32.0],[8.0,19.0]],[[2.0,27.0],[1.0,17.0],[3.0,26.0]]]},
"G33": {"type": "Matrix3x3", "payoffs": [[[8.0,11.0],[65.0,33.0],[32.0,27.0]],[[64.0,26.0],[16.0,20.0],[42.0,17.0]],[[8.0,29.0],[70.0,35.0],[42.0,27.0]]]},
"G34": {"type": "Matrix3x3", "payoffs": [[[4.0,1.0],[9.0,1.0],[29.0,3.0]],[[12.0,4.0],[8.0,3.0],[17.0,2.0]],[[19.0,2.0],[24.0,3.0],[20.0,6.0]]]},
"G35": {"type": "Matrix3x3", "payoffs": [[[50.0,26.0],[53.0,36.0],[37.0,26.0]],[[35.0,21.0],[54.0,44.0],[10.0,33.0]],[[31.0,0.0],[8.0,7.0],[36.0,14.0]]]},
"G36": {"type": "Matrix3x3", "payoffs": [[[30.0,60.0],[63.0,13.0],[45.0,35.0]],[[36.0,37.0],[25.0,20.0],[38.0,16.0]],[[18.0,6.0],[65.0,16.0],[63.0,6.0]]]},
"G37": {"type": "Matrix3x3", "payoffs": [[[29.0,42.0],[26.0,12.0],[14.0,42.0]],[[3.0,19.0],[56.0,58.0],[39.0,18.0]],[[53.0,15.0],[34.0,25.0],[51.0,22.0]]]},
"G38": {"type": "Matrix3x3", "payoffs": [[[1.0,42.0],[1.0,38.0],[6.0,57.0]],[[6.0,29.0],[4.0,49.0],[5.0,48.0]],[[3.0,80.0],[6.0,32.0],[3.0,53.0]]]},
"G39": {"type": "Matrix3x3", "payoffs": [[[4.0,27.0],[34.0,82.0],[45.0,68.0]],[[33.0,62.0],[20.0,47.0],[22.0,18.0]],[[34.0,38.0],[29.0,56.0],[37.0,0.0]]]},
"G40": {"type": "Matrix3x3", "payoffs": [[[13.0,14.0],[9.0,17.0],[19.0,1.0]],[[25.0,16.0],[26.0,36.0],[4.0,23.0]],[[7.0,12.0],[23.0,3.0],[4.0,16.0]]]},
"G41": {"type": "Matrix3x3", "payoffs": [[[14.0,10.0],[20.0,14.0],[15.0,6.0]],[[27.0,18.0],[21.0,33.0],[9.0,21.0]],[[13.0,16.0],[7.0,3.0],[23.0,18.0]]]},
"G42": {"type": "Matrix3x3", "payoffs": [[[44.0,37.0],[65.0,24.0],[27.0,55.0]],[[36.0,19.0],[19.0,22.0],[57.0,51.0]],[[62.0,2.0],[58.0,59.0],[17.0,27.0]]]},
"G43": {"type": "Matrix3x3", "payoffs": [[[26.0,6.0],[4.0,43.0],[6.0,24.0]],[[0.0,38.0],[15.0,42.0],[5.0,46.0]],[[22.0,49.0],[26.0,34.0],[20.0,3.0]]]},
"G44": {"type": "Matrix3x3", "payoffs": [[[19.0,0.0],[22.0,0.0],[6.0,0.0]],[[24.0,1.0],[16.0,0.0],[36.0,0.0]],[[6.0,0.0],[27.0,1.0],[19.0,0.0]]]},
"G45": {"type": "Matrix3x3", "payoffs": [[[54.0,49.0],[23.0,39.0],[30.0,35.0]],[[48.0,4.0],[63.0,32.0],[33.0,54.0]],[[74.0,27.0],[86.0,25.0],[55.0,26.0]]]},
"G46": {"type": "Matrix3x3", "payoffs": [[[32.0,17.0],[7.0,1.0],[42.0,14.0]],[[43.0,2.0],[24.0,9.0],[10.0,14.0]],[[23.0,13.0],[29.0,8.0],[42.0,9.0]]]},
"G47": {"type": "Matrix3x3", "payoffs": [[[33.0,10.0],[39.0,24.0],[1.0,7.0]],[[50.0,19.0],[14.0,10.0],[17.0,28.0]],[[18.0,4.0],[19.0,15.0],[54.0,18.0]]]},
"G48": {"type": "Matrix3x3", "payoffs": [[[19.0,23.0],[45.0,20.0],[10.0,11.0]],[[2.0,16.0],[30.0,26.0],[2.0,14.0]],[[4.0,12.0],[19.0,6.0],[13.0,2.0]]]},
"G49": {"type": "Matrix3x3", "payoffs": [[[7.0,37.0],[2.0,24.0],[6.0,65.0]],[[9.0,55.0],[6.0,3.0],[3.0,61.0]],[[4.0,3.0],[7.0,50.0],[0.0,67.0]]]},
"G50": {"type": "Matrix3x3", "payoffs": [[[11.0,7.0],[13.0,11.0],[3.0,7.0]],[[6.0,3.0],[7.0,5.0],[6.0,3.0]],[[3.0,6.0],[7.0,5.0],[2.0,3.0]]]},
"G51": {"type": "Matrix3x3", "payoffs": [[[51.0,46.0],[26.0,47.0],[64.0,52.0]],[[19.0,71.0],[81.0,17.0],[12.0,62.0]],[[47.0,31.0],[34.0,33.0],[51.0,51.0]]]},
"G52": {"type": "Matrix3x3", "payoffs": [[[76.0,26.0],[1.0,2.0],[19.0,20.0]],[[35.0,0.0],[54.0,8.0],[38.0,15.0]],[[8.0,25.0],[80.0,13.0],[1.0,19.0]]]},
"G53": {"type": "Matrix3x3", "payoffs": [[[25.0,16.0],[6.0,7.0],[1.0,34.0]],[[37.0,3.0],[58.0,13.0],[46.0,34.0]],[[56.0,13.0],[14.0,33.0],[20.0,12.0]]]},
"G54": {"type": "Matrix3x3", "payoffs": [[[43.0,4.0],[30.0,13.0],[76.0,5.0]],[[73.0,11.0],[46.0,4.0],[78.0,2.0]],[[68.0,2.0],[71.0,8.0],[62.0,4.0]]]},
"G55": {"type": "Matrix3x3", "payoffs": [[[27.0,4.0],[9.0,18.0],[10.0,16.0]],[[28.0,6.0],[7.0,3.0],[7.0,12.0]],[[15.0,15.0],[28.0,11.0],[25.0,4.0]]]},
"G56": {"type": "Matrix3x3", "payoffs": [[[2.0,50.0],[2.0,65.0],[1.0,96.0]],[[4.0,17.0],[0.0,74.0],[0.0,17.0]],[[1.0,90.0],[1.0,45.0],[2.0,68.0]]]},
"G57": {"type": "Matrix3x3", "payoffs": [[[42.0,41.0],[51.0,37.0],[69.0,21.0]],[[9.0,43.0],[48.0,4.0],[61.0,38.0]],[[15.0,20.0],[3.0,27.0],[44.0,13.0]]]},
"G58": {"type": "Matrix3x3", "payoffs": [[[52.0,39.0],[4.0,26.0],[59.0,36.0]],[[31.0,45.0],[26.0,48.0],[34.0,75.0]],[[0.0,6.0],[95.0,67.0],[24.0,77.0]]]},
"G59": {"type": "Matrix3x3", "payoffs": [[[21.0,14.0],[23.0,46.0],[9.0,26.0]],[[27.0,36.0],[28.0,37.0],[40.0,1.0]],[[9.0,22.0],[9.0,39.0],[10.0,21.0]]]},
"G60": {"type": "Matrix3x3", "payoffs": [[[6.0,50.0],[26.0,43.0],[13.0,16.0]],[[15.0,45.0],[3.0,25.0],[11.0,44.0]],[[17.0,17.0],[7.0,43.0],[22.0,27.0]]]},
"G61": {"type": "Matrix3x3", "payoffs": [[[64.0,41.0],[32.0,26.0],[14.0,8.0]],[[37.0,6.0],[58.0,41.0],[65.0,27.0]],[[31.0,15.0],[53.0,29.0],[29.0,22.0]]]},
"G62": {"type": "Matrix3x3", "payoffs": [[[28.0,1.0],[43.0,3.0],[54.0,1.0]],[[38.0,4.0],[62.0,2.0],[55.0,3.0]],[[50.0,1.0],[66.0,2.0],[40.0,1.0]]]},
"G63": {"type": "Matrix3x3", "payoffs": [[[7.0,49.0],[5.0,10.0],[18.0,40.0]],[[10.0,2.0],[41.0,1.0],[53.0,36.0]],[[23.0,25.0],[33.0,52.0],[52.0,21.0]]]},
"G64": {"type": "Matrix3x3", "payoffs": [[[1.0,35.0],[1.0,7.0],[1.0,8.0]],[[0.0,47.0],[2.0,1.0],[1.0,36.0]],[[2.0,48.0],[1.0,20.0],[2.0,8.0]]]},
"G65": {"type": "Matrix3x3", "payoffs": [[[60.0,36.0],[61.0,13.0],[52.0,9.0]],[[78.0,33.0],[48.0,9.0],[74.0,25.0]],[[27.0,28.0],[60.0,26.0],[65.0,12.0]]]},
"G66": {"type": "Matrix3x3", "payoffs": [[[4.0,41.0],[44.0,38.0],[29.0,31.0]],[[16.0,42.0],[52.0,17.0],[51.0,21.0]],[[34.0,10.0],[49.0,34.0],[31.0,18.0]]]},
"G67": {"type": "Matrix3x3", "payoffs": [[[28.0,18.0],[12.0,10.0],[20.0,10.0]],[[13.0,19.0],[21.0,8.0],[15.0,9.0]],[[28.0,30.0],[23.0,20.0],[13.0,30.0]]]},
"G68": {"type": "Matrix3x3", "payoffs": [[[25.0,1.0],[6.0,13.0],[11.0,19.0]],[[13.0,15.0],[5.0,7.0],[9.0,2.0]],[[8.0,2.0],[14.0,6.0],[3.0,11.0]]]},
"G69": {"type": "Matrix3x3", "payoffs": [[[1.0,46.0],[4.0,7.0],[12.0,86.0]],[[3.0,25.0],[10.0,67.0],[3.0,1.0]],[[4.0,27.0],[10.0,41.0],[9.0,91.0]]]},
"G70": {"type": "Matrix3x3", "payoffs": [[[44.0,28.0],[7.0,5.0],[28.0,21.0]],[[74.0,20.0],[44.0,4.0],[1.0,7.0]],[[14.0,6.0],[64.0,32.0],[72.0,25.0]]]},
"G71": {"type": "Matrix3x3", "payoffs": [[[34.0,9.0],[13.0,58.0],[41.0,30.0]],[[14.0,12.0],[29.0,69.0],[38.0,44.0]],[[23.0,4.0],[40.0,38.0],[38.0,62.0]]]},
"G72": {"type": "Matrix3x3", "payoffs": [[[22.0,43.0],[41.0,40.0],[32.0,13.0]],[[3.0,79.0],[46.0,53.0],[22.0,75.0]],[[37.0,55.0],[3.0,35.0],[45.0,69.0]]]},
"G73": {"type": "Matrix3x3", "payoffs": [[[21.0,41.0],[3.0,24.0],[17.0,61.0]],[[61.0,9.0],[65.0,18.0],[2.0,51.0]],[[42.0,29.0],[46.0,64.0],[46.0,64.0]]]},
"G74": {"type": "Matrix3x3", "payoffs": [[[32.0,14.0],[34.0,10.0],[44.0,8.0]],[[46.0,20.0],[42.0,4.0],[9.0,4.0]],[[48.0,7.0],[31.0,10.0],[44.0,21.0]]]},
"G75": {"type": "Matrix3x3", "payoffs": [[[82.0,11.0],[58.0,16.0],[57.0,21.0]],[[71.0,23.0],[71.0,20.0],[34.0,35.0]],[[34.0,32.0],[71.0,59.0],[28.0,26.0]]]},
"G76": {"type": "Matrix3x3", "payoffs": [[[4.0,22.0],[3.0,17.0],[1.0,22.0]],[[3.0,35.0],[5.0,19.0],[5.0,7.0]],[[3.0,10.0],[6.0,31.0],[1.0,19.0]]]},
"G77": {"type": "Matrix3x3", "payoffs": [[[5.0,4.0],[16.0,80.0],[18.0,32.0]],[[1.0,56.0],[30.0,44.0],[22.0,44.0]],[[28.0,16.0],[14.0,30.0],[55.0,43.0]]]},
"G78": {"type": "Matrix3x3", "payoffs": [[[2.0,44.0],[45.0,50.0],[24.0,10.0]],[[2.0,36.0],[36.0,53.0],[35.0,48.0]],[[29.0,14.0],[41.0,32.0],[46.0,6.0]]]},
"G79": {"type": "Matrix3x3", "payoffs": [[[11.0,71.0],[17.0,54.0],[11.0,60.0]],[[12.0,35.0],[7.0,50.0],[14.0,71.0]],[[8.0,56.0],[10.0,27.0],[11.0,24.0]]]},
"G80": {"type": "Matrix3x3", "payoffs": [[[20.0,0.0],[40.0,10.0],[66.0,1.0]],[[35.0,19.0],[12.0,13.0],[1.0,9.0]],[[21.0,9.0],[45.0,7.0],[13.0,19.0]]]},
"G81": {"type": "Matrix3x3", "payoffs": [[[90.0,18.0],[84.0,55.0],[93.0,91.0]],[[4.0,65.0],[18.0,63.0],[24.0,63.0]],[[55.0,61.0],[1.0,81.0],[75.0,34.0]]]},
"G82": {"type": "Matrix3x3", "payoffs": [[[30.0,12.0],[22.0,5.0],[8.0,2.0]],[[26.0,6.0],[5.0,8.0],[1.0,1.0]],[[13.0,13.0],[27.0,12.0],[22.0,14.0]]]},
"G83": {"type": "Matrix3x3", "payoffs": [[[54.0,25.0],[60.0,48.0],[29.0,43.0]],[[68.0,42.0],[28.0,1.0],[51.0,32.0]],[[52.0,0.0],[22.0,16.0],[30.0,28.0]]]},
"G84": {"type": "Matrix3x3", "payoffs": [[[15.0,12.0],[67.0,6.0],[34.0,8.0]],[[39.0,7.0],[22.0,8.0],[66.0,1.0]],[[67.0,13.0],[35.0,0.0],[10.0,11.0]]]},
"G85": {"type": "Matrix3x3", "payoffs": [[[19.0,39.0],[19.0,34.0],[12.0,16.0]],[[17.0,58.0],[1.0,57.0],[2.0,8.0]],[[1.0,25.0],[8.0,33.0],[13.0,30.0]]]},
"G86": {"type": "Matrix3x3", "payoffs": [[[29.0,2.0],[23.0,4.0],[11.0,3.0]],[[41.0,3.0],[49.0,0.0],[14.0,2.0]],[[29.0,2.0],[46.0,3.0],[9.0,5.0]]]},
"G87": {"type": "Matrix3x3", "payoffs": [[[3.0,15.0],[3.0,4.0],[1.0,4.0]],[[1.0,2.0],[1.0,8.0],[0.0,6.0]],[[1.0,11.0],[3.0,3.0],[2.0,1.0]]]},
"G88": {"type": "Matrix3x3", "payoffs": [[[4.0,32.0],[1.0,38.0],[2.0,55.0]],[[3.0,27.0],[2.0,50.0],[1.0,6.0]],[[2.0,9.0],[0.0,26.0],[0.0,2.0]]]},
"G89": {"type": "Matrix3x3", "payoffs": [[[2.0,75.0],[1.0,8.0],[7.0,71.0]],[[7.0,32.0],[1.0,41.0],[7.0,53.0]],[[0.0,81.0],[4.0,23.0],[3.0,87.0]]]},
"G90": {"type": "Matrix3x3", "payoffs": [[[16.0,8.0],[9.0,16.0],[14.0,18.0]],[[12.0,11.0],[13.0,6.0],[1.0,8.0]],[[6.0,28.0],[3.0,8.0],[6.0,4.0]]]},
"G91": {"type": "Matrix3x3", "payoffs": [[[79.0,8.0],[75.0,7.0],[25.0,2.0]],[[13.0,10.0],[47.0,10.0],[71.0,2.0]],[[41.0,7.0],[43.0,3.0],[90.0,3.0]]]},
"G92": {"type": "Matrix3x3", "payoffs": [[[22.0,12.0],[14.0,21.0],[29.0,14.0]],[[27.0,1.0],[12.0,15.0],[6.0,6.0]],[[27.0,18.0],[12.0,15.0],[29.0,8.0]]]},
"G93": {"type": "Matrix3x3", "payoffs": [[[17.0,0.0],[21.0,2.0],[12.0,2.0]],[[13.0,2.0],[20.0,2.0],[21.0,2.0]],[[12.0,1.0],[5.0,1.0],[1.0,2.0]]]},
"G94": {"type": "Matrix3x3", "payoffs": [[[2.0,29.0],[4.0,1.0],[5.0,13.0]],[[4.0,6.0],[0.0,28.0],[2.0,12.0]],[[2.0,12.0],[2.0,21.0],[3.0,25.0]]]},
"G95": {"type": "Matrix3x3", "payoffs": [[[1.0,33.0],[2.0,41.0],[1.0,35.0]],[[1.0,36.0],[1.0,68.0],[2.0,18.0]],[[2.0,12.0],[2.0,48.0],[1.0,70.0]]]},
"G96": {"type": "Matrix3x3", "payoffs": [[[67.0,16.0],[36.0,8.0],[17.0,3.0]],[[7.0,36.0],[58.0,28.0],[47.0,26.0]],[[23.0,6.0],[4.0,8.0],[28.0,43.0]]]},
"G97": {"type": "Matrix3x3", "payoffs": [[[4.0,72.0],[28.0,4.0],[43.0,39.0]],[[55.0,17.0],[25.0,48.0],[37.0,47.0]],[[33.0,51.0],[27.0,76.0],[33.0,63.0]]]},
"G98": {"type": "Matrix3x3", "payoffs": [[[4.0,39.0],[5.0,35.0],[6.0,12.0]],[[3.0,18.0],[9.0,47.0],[1.0,40.0]],[[5.0,18.0],[6.0,6.0],[2.0,22.0]]]},
"G99": {"type": "Matrix3x3", "payoffs": [[[12.0,19.0],[27.0,55.0],[46.0,13.0]],[[26.0,46.0],[28.0,6.0],[23.0,8.0]],[[7.0,21.0],[20.0,29.0],[61.0,32.0]]]},
"G100": {"type": "Matrix3x3", "payoffs": [[[20.0,5.0],[11.0,7.0],[14.0,6.0]],[[22.0,1.0],[21.0,7.0],[50.0,8.0]],[[63.0,8.0],[2.0,6.0],[22.0,8.0]]]}
}