{
"numGames": 100,
"G1": {"type": "Matrix3x3", "payoffs": [[[9.0,37.0],[12.0,8.0],[41.0,89.0]],[[15.0,5.0],[26.0,65.0],[15.0,27.0]],[[45.0,58.0],[9.0,6.0],[1.0,5.0]]]},
"G2": {"type": "Matrix3x3", "payoffs": [[[12.0,18.0],[55.0,22.0],[10.0,10.0]],[[76.0,19.0],[76.0,21.0],[24.0,23.0]],[[60.0,7.0],[70.0,16.0],[60.0,15.0]]]},
"G3": {"type": "Matrix3x3", "payoffs": [[[39.0,14.0],[26.0,12.0],[22.0,9.0]],[[34.0,20.0],[44.0,14.0],[3.0,19.0]],[[18.0,18.0],[36.0,1.0],[25.0,15.0]]]},
"G4": {"type": "Matrix3x3", "payoffs": [[[5.0,13.0],[13.0,12.0],[10.0,40.0]],[[5.0,72.0],[2.0,47.0],[10.0,28.0]],[[13.0,64.0],[10.0,36.0],[12.0,40.0]]]},
"G5": {"type": "Matrix3x3", "payoffs": [[[3.0,32.0],[1.0,37.0],[2.0,37.0]],[[0.0,15.0],[4.0,37.0],[3.0,4.0]],[[4.0,29.0],[1.0,17.0],[1.0,25.0]]]},
"G6": {"type": "Matrix3x3", "payoffs": [[[42.0,34.0],[52.0,22.0],[21.0,13.0]],[[43.0,53.0],[43.0,61.0],[36.0,3.0]],[[50.0,9.0],[25.0,29.0],[48.0,0.0]]]},
"G7": {"type": "Matrix3x3", "payoffs": [[[56.0,17.0],[53.0,54.0],[44.0,11.0]],[[25.0,11.0],[17.0,54.0],[2.0,54.0]],[[26.0,5.0],[45.0,45.0],[16.0,41.0]]]},
"G8": {"type": "Matrix3x3", "payoffs": [[[72.0,4.0],[52.0,33.0],[54.0,10.0]],[[26.0,27.0],[68.0,20.0],[73.0,24.0]],[[7.0,18.0],[13.0,1.0],[71.0,25.0]]]},
"G9": {"type": "Matrix3x3", "payoffs": [[[35.0,0.0],[44.0,4.0],[12.0,1.0]],[[34.0,1.0],[57.0,4.0],[3.0,2.0]],[[25.0,2.0],[6.0,3.0],[36.0,1.0]]]},
"G10": {"type": "Matrix3x3", "payoffs": [[[1.0,0.0],[2.0,6.0],[2.0,13.0]],[[1.0,11.0],[9.0,3.0],[10.0,3.0]],[[5.0,18.0],[11.0,13.0],[6.0,3.0]]]},
"G11": {"type": "Matrix3x3", "payoffs": [[[4.0,29.0],[13.0,46.0],[16.0,28.0]],[[17.0,10.0],[26.0,46.0],[17.0,40.0]],[[24.0,16.0],[26.0,46.0],[5.0,13.0]]]},
"G12": {"type": "Matrix3x3", "payoffs": [[[50.0,60.0],[26.0,41.0],[50.0,9.0]],[[32.0,28.0],[19.0,41.0],[34.0,43.0]],[[43.0,45.0],[47.0,14.0],[50.0,44.0]]]},
"G13": {"type": "Matrix3x3", "payoffs": [[[3.0,1.0],[7.0,7.0],[1.0,9.0]],[[1.0,9.0],[5.0,2.0],[3.0,9.0]],[[1.0,2.0],[1.0,3.0],[4.0,8.0]]]},
"G14": {"type": "Matrix3x3", "payoffs": [[[15.0,75.0],[2.0,15.0],[9.0,42.0]],[[11.0,63.0],[1.0,7.0],[1.0,12.0]],[[6.0,4.0],[7.0,48.0],[10.0,16.0]]]},
"G15": {"type": "Matrix3x3", "payoffs": [[[3.0,61.0],[4.0,6.0],[3.0,49.0]],[[1.0,62.0],[1.0,23.0],[1.0,1.0]],[[0.0,10.0],[1.0,20.0],[2.0,37.0]]]},
"G16": {"type": "Matrix3x3", "payoffs": [[[2.0,14.0],[32.0,8.0],[41.0,0.0]],[[64.0,12.0],[17.0,4.0],[12.0,6.0]],[[43.0,1.0],[47.0,12.0],[57.0,2.0]]]},
"G17": {"type": "Matrix3x3", "payoffs": [[[28.0,9.0],[18.0,10.0],[4.0,64.0]],[[16.0,64.0],[24.0,34.0],[29.0,34.0]],[[23.0,11.0],[21.0,52.0],[2.0,25.0]]]},
"G18": {"type": "Matrix3x3", "payoffs": [[[64.0,2.0],[33.0,27.0],[36.0,25.0]],[[43.0,6.0],[2.0,21.0],[15.0,3.0]],[[13.0,29.0],[38.0,27.0],[59.0,14.0]]]},
"G19": {"type": "Matrix3x3", "payoffs": [[[1.0,2.0],[1.0,3.0],[1.0,15.0]],[[1.0,57.0],[1.0,53.0],[0.0,5.0]],[[1.0,13.0],[0.0,49.0],[0.0,26.0]]]},
"G20": {"type": "Matrix3x3", "payoffs": [[[1.0,13.0],[46.0,25.0],[21.0,24.0]],[[31.0,10.0],[24.0,8.0],[71.0,26.0]],[[52.0,11.0],[63.0,1.0],[71.0,20.0]]]},
"G21": {"type": "Matrix3x3", "payoffs": [[[88.0,9.0],[71.0,15.0],[42.0,1.0]],[[56.0,13.0],[77.0,8.0],[42.0,12.0]],[[32.0,23.0],[10.0,32.0],[80.0,3.0]]]},
"G22": {"type": "Matrix3x3", "payoffs": [[[7.0,4.0],[22.0,54.0],[32.0,1.0]],[[17.0,51.0],[4.0,7.0],[33.0,20.0]],[[13.0,8.0],[25.0,18.0],[12.0,42.0]]]},
"G23": {"type": "Matrix3x3", "payoffs": [[[9.0,54.0],[15.0,7.0],[29.0,23.0]],[[49.0,68.0],[15.0,48.0],[10.0,43.0]],[[12.0,25.0],[13.0,34.0],[55.0,35.0]]]},
"G24": {"type": "Matrix3x3", "payoffs": [[[52.0,10.0],[85.0,14.0],[35.0,2.0]],[[58.0,41.0],[64.0,16.0],[84.0,60.0]],[[15.0,42.0],[2.0,59.0],[56.0,4.0]]]},
"G25": {"type": "Matrix3x3", "payoffs": [[[8.0,12.0],[13.0,46.0],[31.0,5.0]],[[2.0,63.0],[25.0,19.0],[11.0,59.0]],[[28.0,63.0],[22.0,72.0],[19.0,20.0]]]},
"G26": {"type": "Matrix3x3", "payoffs": [[[30.0,5.0],[17.0,23.0],[47.0,5.0]],[[44.0,2.0],[16.0,6.0],[33.0,8.0]],[[12.0,1.0],[29.0,17.0],[25.0,19.0]]]},
"G27": {"type": "Matrix3x3", "payoffs": [[[75.0,25.0],[18.0,10.0],[68.0,18.0]],[[23.0,64.0],[59.0,17.0],[75.0,55.0]],[[3.0,37.0],[68.0,9.0],[50.0,23.0]]]},
"G28": {"type": "Matrix3x3", "payoffs": [[[16.0,13.0],[36.0,8.0],[31.0,34.0]],[[8.0,2.0],[42.0,6.0],[0.0,22.0]],[[47.0,24.0],[46.0,14.0],[4.0,17.0]]]},
"G29": {"type": "Matrix3x3", "payoffs": [[[11.0,6.0],[11.0,4.0],[4.0,2.0]],[[9.0,16.0],[11.0,8.0],[2.0,36.0]],[[1.0,15.0],[8.0,11.0],[1.0,14.0]]]},
"G30": {"type": "Matrix3x3", "payoffs": [[[42.0,27.0],[65.0,5.0],[30.0,33.0]],[[15.0,15.0],[82.0,10.0],[23.0,3.0]],[[46.0,18.0],[37.0,11.0],[82.0,31.0]]]},
"G31": {"type": "Matrix3x3", "payoffs": [[[8.0,77.0],[4.0,91.0],[2.0,89.0]],[[9.0,69.0],[3.0,7.0],[4.0,77.0]],[[5.0,51.0],[9.0,74.0],[4.0,79.0]]]},
"G32": {"type": "Matrix3x3", "payoffs": [[[86.0,56.0],[48.0,57.0],[3.0,52.0]],[[59.0,31.0],[19.0,41.0],[52.0,1.0]],[[34.0,73.0],[70.0,55.0],[52.0,68.0]]]},
"G33": {"type": "Matrix3x3", "payoffs": [[[68.0,70.0],[0.0,37.0],[24.0,19.0]],[[58.0,50.0],[81.0,25.0],[75.0,1.0]],[[16.0,71.0],[63.0,51.0],[80.0,66.0]]]},
"G34": {"type": "Matrix3x3", "payoffs": [[[4.0,41.0],[3.0,16.0],[1.0,11.0]],[[5.0,25.0],[1.0,11.0],[7.0,13.0]],[[7.0,29.0],[7.0,31.0],[3.0,41.0]]]},
"G35": {"type": "Matrix3x3", "payoffs": [[[0.0,10.0],[0.0,20.0],[0.0,8.0]],[[1.0,53.0],[0.0,64.0],[1.0,49.0]],[[0.0,10.0],[0.0,15.0],[0.0,23.0]]]},
"G36": {"type": "Matrix3x3", "payoffs": [[[4.0,7.0],[70.0,5.0],[55.0,26.0]],[[22.0,23.0],[2.0,17.0],[25.0,35.0]],[[43.0,2.0],[76.0,27.0],[26.0,13.0]]]},
"G37": {"type": "Matrix3x3", "payoffs": [[[11.0,60.0],[25.0,64.0],[36.0,25.0]],[[16.0,21.0],[2.0,58.0],[50.0,80.0]],[[18.0,22.0],[39.0,50.0],[17.0,14.0]]]},
"G38": {"type": "Matrix3x3", "payoffs": [[[35.0,22.0],[67.0,26.0],[26.0,16.0]],[[19.0,19.0],[81.0,41.0],[81.0,39.0]],[[86.0,34.0],[51.0,44.0],[21.0,3.0]]]},
"G39": {"type": "Matrix3x3", "payoffs": [[[18.0,8.0],[17.0,2.0],[57.0,0.0]],[[6.0,8.0],[32.0,1.0],[43.0,9.0]],[[17.0,2.0],[17.0,4.0],[17.0,1.0]]]},
"G40": {"type": "Matrix3x3", "payoffs": [[[40.0,6.0],[71.0,17.0],[24.0,15.0]],[[79.0,17.0],[84.0,40.0],[38.0,34.0]],[[26.0,17.0],[9.0,42.0],[6.0,4.0]]]},
"G41": {"type": "Matrix3x3", "payoffs": [[[34.0,3.0],[14.0,3.0],[21.0,2.0]],[[2.0,2.0],[1.0,1.0],[17.0,5.0]],[[2.0,0.0],[17.0,1.0],[11.0,2.0]]]},
"G42": {"type": "Matrix3x3", "payoffs": [[[42.0,33.0],[24.0,6.0],[27.0,7.0]],[[33.0,14.0],[37.0,25.0],[11.0,20.0]],[[13.0,10.0],[43.0,37.0],[26.0,49.0]]]},
"G43": {"type": "Matrix3x3", "payoffs": [[[8.0,4.0],[10.0,1.0],[5.0,5.0]],[[4.0,23.0],[6.0,17.0],[2.0,16.0]],[[1.0,28.0],[7.0,25.0],[5.0,6.0]]]},
"G44": {"type": "Matrix3x3", "payoffs": [[[44.0,16.0],[53.0,7.0],[49.0,10.0]],[[5.0,16.0],[25.0,18.0],[51.0,12.0]],[[29.0,10.0],[37.0,7.0],[51.0,9.0]]]},
"G45": {"type": "Matrix3x3", "payoffs": [[[14.0,45.0],[38.0,18.0],[22.0,25.0]],[[6.0,31.0],[11.0,12.0],[27.0,33.0]],[[2.0,39.0],[57.0,4.0],[0.0,17.0]]]},
"G46": {"type": "Matrix3x3", "payoffs": [[[4.0,44.0],[29.0,20.0],[27.0,51.0]],[[14.0,9.0],[27.0,32.0],[67.0,16.0]],[[59.0,56.0],[3.0,21.0],[79.0,14.0]]]},
"G47": {"type": "Matrix3x3", "payoffs": [[[38.0,20.0],[25.0,4.0],[25.0,13.0]],[[57.0,19.0],[66.0,14.0],[67.0,4.0]],[[38.0,10.0],[70.0,2.0],[51.0,6.0]]]},
"G48": {"type": "Matrix3x3", "payoffs": [[[30.0,1.0],[22.0,5.0],[0.0,4.0]],[[13.0,1.0],[5.0,5.0],[53.0,1.0]],[[60.0,5.0],[59.0,1.0],[26.0,5.0]]]},
"G49": {"type": "Matrix3x3", "payoffs": [[[40.0,32.0],[29.0,32.0],[72.0,8.0]],[[37.0,13.0],[14.0,33.0],[33.0,28.0]],[[44.0,26.0],[30.0,26.0],[7.0,27.0]]]},
"G50": {"type": "Matrix3x3", "payoffs": [[[36.0,27.0],[34.0,21.0],[5.0,5.0]],[[46.0,14.0],[45.0,2.0],[44.0,27.0]],[[33.0,28.0],[9.0,25.0],[29.0,26.0]]]},
"G51": {"type": "Matrix3x3", "payoffs": [[[4.0,33.0],[6.0,40.0],[37.0,41.0]],[[14.0,38.0],[32.0,34.0],[36.0,32.0]],[[26.0,31.0],[18.0,21.0],[30.0,18.0]]]},
"G52": {"type": "Matrix3x3", "payoffs": [[[1.0,39.0],[4.0,12.0],[2.0,26.0]],[[0.0,31.0],[1.0,54.0],[2.0,65.0]],[[5.0,48.0],[3.0,15.0],[5.0,7.0]]]},
"G53": {"type": "Matrix3x3", "payoffs": [[[32.0,24.0],[48.0,12.0],[10.0,60.0]],[[43.0,50.0],[28.0,21.0],[3.0,48.0]],[[9.0,12.0],[12.0,58.0],[28.0,53.0]]]},
"G54": {"type": "Matrix3x3", "payoffs": [[[2.0,11.0],[18.0,2.0],[21.0,36.0]],[[21.0,37.0],[19.0,33.0],[5.0,23.0]],[[8.0,6.0],[17.0,47.0],[23.0,36.0]]]},
"G55": {"type": "Matrix3x3", "payoffs": [[[0.0,13.0],[2.0,51.0],[0.0,53.0]],[[2.0,65.0],[1.0,69.0],[0.0,30.0]],[[0.0,68.0],[1.0,54.0],[0.0,69.0]]]},
"G56": {"type": "Matrix3x3", "payoffs": [[[68.0,32.0],[74.0,36.0],[2.0,16.0]],[[29.0,33.0],[40.0,40.0],[61.0,32.0]],[[74.0,28.0],[4.0,4.0],[49.0,3.0]]]},
"G57": {"type": "Matrix3x3", "payoffs": [[[49.0,4.0],[28.0,24.0],[21.0,5.0]],[[50.0,6.0],[42.0,30.0],[49.0,28.0]],[[42.0,31.0],[25.0,34.0],[41.0,16.0]]]},
"G58": {"type": "Matrix3x3", "payoffs": [[[17.0,13.0],[32.0,11.0],[64.0,6.0]],[[50.0,5.0],[67.0,5.0],[65.0,2.0]],[[65.0,11.0],[66.0,7.0],[38.0,4.0]]]},
"G59": {"type": "Matrix3x3", "payoffs": [[[19.0,6.0],[0.0,13.0],[10.0,4.0]],[[22.0,3.0],[9.0,9.0],[18.0,12.0]],[[17.0,11.0],[3.0,14.0],[21.0,8.0]]]},
"G60": {"type": "Matrix3x3", "payoffs": [[[22.0,23.0],[14.0,83.0],[14.0,30.0]],[[13.0,36.0],[9.0,14.0],[14.0,31.0]],[[7.0,33.0],[6.0,29.0],[9.0,50.0]]]},
"G61": {"type": "Matrix3x3", "payoffs": [[[13.0,3.0],[2.0,43.0],[52.0,20.0]],[[11.0,21.0],[39.0,22.0],[33.0,42.0]],[[27.0,9.0],[5.0,41.0],[17.0,42.0]]]},
"G62": {"type": "Matrix3x3", "payoffs": [[[70.0,52.0],[64.0,52.0],[60.0,45.0]],[[2.0,46.0],[63.0,35.0],[54.0,18.0]],[[17.0,6.0],[71.0,4.0],[3.0,26.0]]]},
"G63": {"type": "Matrix3x3", "payoffs": [[[18.0,3.0],[24.0,1.0],[5.0,13.0]],[[9.0,2.0],[14.0,12.0],[18.0,28.0]],[[18.0,9.0],[1.0,1.0],[19.0,20.0]]]},
"G64": {"type": "Matrix3x3", "payoffs": [[[70.0,5.0],[55.0,48.0],[42.0,79.0]],[[26.0,5.0],[72.0,87.0],[64.0,30.0]],[[44.0,4.0],[70.0,92.0],[67.0,72.0]]]},
"G65": {"type": "Matrix3x3", "payoffs": [[[47.0,22.0],[45.0,14.0],[45.0,59.0]],[[9.0,32.0],[5.0,34.0],[34.0,17.0]],[[4.0,12.0],[55.0,39.0],[53.0,44.0]]]},
"G66": {"type": "Matrix3x3", "payoffs": [[[17.0,3.0],[24.0,3.0],[10.0,1.0]],[[13.0,3.0],[22.0,2.0],[9.0,1.0]],[[18.0,3.0],[23.0,3.0],[6.0,3.0]]]},
"G67": {"type": "Matrix3x3", "payoffs": [[[41.0,11.0],[9.0,9.0],[5.0,7.0]],[[37.0,8.0],[27.0,35.0],[20.0,12.0]],[[35.0,1.0],[26.0,6.0],[16.0,17.0]]]},
"G68": {"type": "Matrix3x3", "payoffs": [[[25.0,16.0],[32.0,63.0],[56.0,3.0]],[[1.0,52.0],[29.0,44.0],[59.0,59.0]],[[55.0,53.0],[26.0,42.0],[3.0,23.0]]]},
"G69": {"type": "Matrix3x3", "payoffs": [[[18.0,25.0],[21.0,18.0],[10.0,12.0]],[[18.0,50.0],[22.0,64.0],[29.0,8.0]],[[7.0,2.0],[6.0,31.0],[22.0,50.0]]]},
"G70": {"type": "Matrix3x3", "payoffs": [[[11.0,12.0],[7.0,28.0],[33.0,14.0]],[[28.0,33.0],[25.0,43.0],[31.0,9.0]],[[29.0,44.0],[2.0,23.0],[41.0,9.0]]]},
"G71": {"type": "Matrix3x3", "payoffs": [[[25.0,75.0],[59.0,16.0],[33.0,73.0]],[[45.0,21.0],[55.0,59.0],[58.0,47.0]],[[35.0,74.0],[29.0,57.0],[52.0,89.0]]]},
"G72": {"type": "Matrix3x3", "payoffs": [[[38.0,3.0],[7.0,0.0],[0.0,0.0]],[[22.0,10.0],[9.0,9.0],[20.0,3.0]],[[41.0,0.0],[39.0,12.0],[14.0,10.0]]]},
"G73": {"type": "Matrix3x3", "payoffs": [[[44.0,17.0],[21.0,41.0],[45.0,11.0]],[[15.0,18.0],[10.0,53.0],[40.0,29.0]],[[18.0,35.0],[28.0,47.0],[9.0,50.0]]]},
"G74": {"type": "Matrix3x3", "payoffs": [[[2.0,17.0],[27.0,43.0],[24.0,37.0]],[[31.0,38.0],[1.0,6.0],[28.0,4.0]],[[26.0,42.0],[5.0,27.0],[31.0,43.0]]]},
"G75": {"type": "Matrix3x3", "payoffs": [[[75.0,25.0],[36.0,2.0],[31.0,3.0]],[[0.0,37.0],[72.0,20.0],[72.0,23.0]],[[74.0,6.0],[78.0,30.0],[53.0,20.0]]]},
"G76": {"type": "Matrix3x3", "payoffs": [[[1.0,6.0],[41.0,16.0],[34.0,4.0]],[[40.0,39.0],[30.0,4.0],[34.0,43.0]],[[4.0,10.0],[7.0,14.0],[3.0,0.0]]]},
"G77": {"type": "Matrix3x3", "payoffs": [[[0.0,18.0],[8.0,55.0],[1.0,35.0]],[[0.0,48.0],[5.0,2.0],[7.0,7.0]],[[4.0,8.0],[8.0,19.0],[5.0,4.0]]]},
"G78": {"type": "Matrix3x3", "payoffs": [[[3.0,1.0],[4.0,6.0],[3.0,11.0]],[[6.0,8.0],[1.0,15.0],[4.0,7.0]],[[10.0,11.0],[12.0,5.0],[9.0,3.0]]]},
"G79": {"type": "Matrix3x3", "payoffs": [[[62.0,30.0],[27.0,19.0],[28.0,31.0]],[[63.0,25.0],[17.0,17.0],[14.0,15.0]],[[62.0,12.0],[23.0,9.0],[55.0,9.0]]]},
"G80": {"type": "Matrix3x3", "payoffs": [[[7.0,54.0],[29.0,12.0],[5.0,31.0]],[[69.0,40.0],[12.0,46.0],[23.0,6.0]],[[25.0,17.0],[63.0,29.0],[49.0,24.0]]]},
"G81": {"type": "Matrix3x3", "payoffs": [[[10.0,5.0],[18.0,33.0],[10.0,37.0]],[[3.0,10.0],[3.0,58.0],[14.0,45.0]],[[21.0,97.0],[10.0,48.0],[8.0,97.0]]]},
"G82": {"type": "Matrix3x3", "payoffs": [[[73.0,49.0],[24.0,50.0],[12.0,64.0]],[[69.0,38.0],[45.0,27.0],[32.0,38.0]],[[8.0,4.0],[2.0,60.0],[10.0,19.0]]]},
"G83": {"type": "Matrix3x3", "payoffs": [[[18.0,18.0],[36.0,2.0],[71.0,18.0]],[[56.0,19.0],[90.0,2.0],[44.0,19.0]],[[84.0,18.0],[12.0,13.0],[87.0,19.0]]]},
"G84": {"type": "Matrix3x3", "payoffs": [[[27.0,12.0],[27.0,5.0],[16.0,12.0]],[[32.0,20.0],[27.0,1.0],[11.0,23.0]],[[20.0,24.0],[28.0,27.0],[1.0,20.0]]]},
"G85": {"type": "Matrix3x3", "payoffs": [[[3.0,35.0],[16.0,45.0],[21.0,4.0]],[[6.0,44.0],[4.0,40.0],[3.0,36.0]],[[5.0,21.0],[15.0,31.0],[1.0,7.0]]]},
"G86": {"type": "Matrix3x3", "payoffs": [[[19.0,26.0],[22.0,41.0],[21.0,44.0]],[[7.0,32.0],[24.0,17.0],[11.0,24.0]],[[6.0,34.0],[3.0,19.0],[26.0,17.0]]]},
"G87": {"type": "Matrix3x3", "payoffs": [[[35.0,51.0],[33.0,24.0],[58.0,11.0]],[[40.0,11.0],[27.0,0.0],[66.0,4.0]],[[28.0,75.0],[74.0,48.0],[68.0,14.0]]]},
"G88": {"type": "Matrix3x3", "payoffs": [[[26.0,9.0],[1.0,7.0],[16.0,4.0]],[[10.0,2.0],[1.0,9.0],[12.0,1.0]],[[14.0,10.0],[29.0,9.0],[22.0,10.0]]]},
"G89": {"type": "Matrix3x3", "payoffs": [[[1.0,1.0],[1.0,46.0],[0.0,85.0]],[[0.0,28.0],[0.0,68.0],[1.0,22.0]],[[0.0,29.0],[0.0,9.0],[0.0,62.0]]]},
"G90": {"type": "Matrix3x3", "payoffs": [[[43.0,6.0],[37.0,21.0],[16.0,30.0]],[[7.0,3.0],[7.0,0.0],[3.0,53.0]],[[39.0,34.0],[2.0,14.0],[38.0,45.0]]]},
"G91": {"type": "Matrix3x3", "payoffs": [[[1.0,15.0],[0.0,0.0],[2.0,5.0]],[[2.0,15.0],[1.0,20.0],[2.0,3.0]],[[2.0,24.0],[2.0,13.0],[1.0,4.0]]]},
"G92": {"type": "Matrix3x3", "payoffs": [[[8.0,9.0],[4.0,4.0],[17.0,6.0]],[[5.0,0.0],[7.0,6.0],[21.0,10.0]],[[22.0,5.0],[3.0,9.0],[12.0,5.0]]]},
"G93": {"type": "Matrix3x3", "payoffs": [[[23.0,1.0],[45.0,2.0],[23.0,2.0]],[[35.0,0.0],[14.0,3.0],[29.0,1.0]],[[26.0,2.0],[11.0,0.0],[34.0,0.0]]]},
"G94": {"type": "Matrix3x3", "payoffs": [[[4.0,20.0],[21.0,18.0],[9.0,20.0]],[[29.0,35.0],[28.0,40.0],[17.0,1.0]],[[24.0,8.0],[40.0,10.0],[36.0,3.0]]]},
"G95": {"type": "Matrix3x3", "payoffs": [[[10.0,8.0],[5.0,17.0],[4.0,18.0]],[[4.0,7.0],[8.0,6.0],[10.0,6.0]],[[7.0,27.0],[7.0,1.0],[9.0,1.0]]]},
"G96": {"type": "Matrix3x3", "payoffs": [[[13.0,34.0],[32.0,5.0],[70.0,11.0]],[[14.0,32.0],[33.0,29.0],[31.0,30.0]],[[70.0,27.0],[11.0,4.0],[35.0,17.0]]]},
"G97": {"type": "Matrix3x3", "payoffs": [[[13.0,9.0],[11.0,5.0],[5.0,4.0]],[[58.0,9.0],[25.0,4.0],[29.0,1.0]],[[20.0,1.0],[58.0,4.0],[23.0,7.0]]]},
"G98": {"type": "Matrix3x3", "payoffs": [[[28.0,37.0],[65.0,21.0],[22.0,5.0]],[[11.0,21.0],[77.0,27.0],[57.0,4.0]],[[89.0,53.0],[69.0,14.0],[11.0,1.0]]]},
"G99": {"type": "Matrix3x3", "payoffs": [[[30.0,1.0],[10.0,30.0],[70.0,35.0]],[[45.0,28.0],[22.0,1.0],[21.0,24.0]],[[69.0,21.0],[69.0,17.0],[39.0,16.0]]]},
"G100": {"type": "Matrix3x3", "payoffs": [[[9.0,9.0],[13.0,4.0],[78.0,6.0]],[[40.0,27.0],[80.0,1.0],[66.0,3.0]],[[88.0,1.0],[7.0,20.0],[33.0,6.0]]]}
}