{
"numGames": 100,
"G1": {"type": "Matrix3x3", "payoffs": [[[49.0,63.0],[33.0,10.0],[16.0,50.0]],[[37.0,24.0],[26.0,20.0],[4.0,19.0]],[[20.0,31.0],[9.0,66.0],[27.0,51.0]]]},
"G2": {"type": "Matrix3x3", "payoffs": [[[41.0,12.0],[51.0,38.0],[29.0,13.0]],[[5.0,58.0],[51.0,28.0],[68.0,29.0]],[[42.0,20.0],[58.0,4.0],[19.0,7.0]]]},
"G3": {"type": "Matrix3x3", "payoffs": [[[2.0,49.0],[2.0,48.0],[3.0,30.0]],[[2.0,31.0],[1.0,3.0],[1.0,60.0]],[[1.0,33.0],[2.0,40.0],[0.0,8.0]]]},
"G4": {"type": "Matrix3x3", "payoffs": [[[48.0,14.0],[7.0,2.0],[79.0,25.0]],[[48.0,25.0],[84.0,1.0],[14.0,1.0]],[[46.0,21.0],[19.0,29.0],[52.0,26.0]]]},
"G5": {"type": "Matrix3x3", "payoffs": [[[19.0,39.0],[71.0,32.0],[65.0,28.0]],[[97.0,39.0],[41.0,10.0],[57.0,1.0]],[[92.0,0.0],[95.0,12.0],[82.0,29.0]]]},
"G6": {"type": "Matrix3x3", "payoffs": [[[62.0,60.0],[10.0,57.0],[22.0,29.0]],[[72.0,16.0],[28.0,4.0],[66.0,17.0]],[[49.0,47.0],[10.0,76.0],[90.0,66.0]]]},
"G7": {"type": "Matrix3x3", "payoffs": [[[57.0,17.0],[2.0,53.0],[22.0,64.0]],[[75.0,52.0],[76.0,64.0],[56.0,60.0]],[[10.0,77.0],[26.0,43.0],[17.0,41.0]]]},
"G8": {"type": "Matrix3x3", "payoffs": [[[4.0,23.0],[5.0,26.0],[7.0,20.0]],[[15.0,30.0],[12.0,12.0],[13.0,23.0]],[[7.0,10.0],[10.0,23.0],[2.0,10.0]]]},
"G9": {"type": "Matrix3x3", "payoffs": [[[1.0,60.0],[21.0,49.0],[66.0,23.0]],[[49.0,9.0],[68.0,44.0],[24.0,0.0]],[[46.0,14.0],[7.0,10.0],[5.0,40.0]]]},
"G10": {"type": "Matrix3x3", "payoffs": [[[18.0,7.0],[9.0,33.0],[16.0,52.0]],[[6.0,44.0],[2.0,64.0],[7.0,15.0]],[[14.0,76.0],[4.0,53.0],[16.0,59.0]]]},
"G11": {"type": "Matrix3x3", "payoffs": [[[0.0,30.0],[71.0,20.0],[26.0,35.0]],[[51.0,7.0],[7.0,37.0],[16.0,4.0]],[[63.0,34.0],[39.0,7.0],[60.0,28.0]]]},
"G12": {"type": "Matrix3x3", "payoffs": [[[9.0,3.0],[9.0,25.0],[33.0,21.0]],[[32.0,18.0],[21.0,19.0],[28.0,23.0]],[[5.0,7.0],[59.0,1.0],[78.0,5.0]]]},
"G13": {"type": "Matrix3x3", "payoffs": [[[21.0,32.0],[17.0,73.0],[6.0,67.0]],[[19.0,47.0],[10.0,48.0],[17.0,69.0]],[[30.0,20.0],[12.0,52.0],[25.0,5.0]]]},
"G14": {"type": "Matrix3x3", "payoffs": [[[24.0,12.0],[5.0,20.0],[35.0,47.0]],[[0.0,16.0],[9.0,55.0],[58.0,19.0]],[[1.0,1.0],[49.0,15.0],[11.0,55.0]]]},
"G15": {"type": "Matrix3x3", "payoffs": [[[68.0,18.0],[69.0,36.0],[29.0,26.0]],[[1.0,35.0],[1.0,15.0],[8.0,37.0]],[[28.0,53.0],[54.0,12.0],[69.0,30.0]]]},
"G16": {"type": "Matrix3x3", "payoffs": [[[1.0,6.0],[0.0,9.0],[1.0,13.0]],[[0.0,1.0],[1.0,11.0],[0.0,2.0]],[[1.0,8.0],[1.0,2.0],[1.0,7.0]]]},
"G17": {"type": "Matrix3x3", "payoffs": [[[67.0,32.0],[14.0,51.0],[45.0,4.0]],[[11.0,12.0],[25.0,46.0],[17.0,32.0]],[[56.0,32.0],[5.0,37.0],[61.0,23.0]]]},
"G18": {"type": "Matrix3x3", "payoffs": [[[42.0,33.0],[32.0,30.0],[52.0,14.0]],[[62.0,24.0],[20.0,0.0],[34.0,25.0]],[[39.0,26.0],[71.0,3.0],[47.0,7.0]]]},
"G19": {"type": "Matrix3x3", "payoffs": [[[39.0,32.0],[4.0,70.0],[76.0,11.0]],[[42.0,19.0],[55.0,64.0],[31.0,23.0]],[[83.0,4.0],[25.0,66.0],[50.0,72.0]]]},
"G20": {"type": "Matrix3x3", "payoffs": [[[4.0,20.0],[28.0,26.0],[38.0,59.0]],[[4.0,31.0],[11.0,51.0],[40.0,38.0]],[[41.0,35.0],[9.0,4.0],[23.0,1.0]]]},
"G21": {"type": "Matrix3x3", "payoffs": [[[19.0,67.0],[23.0,15.0],[15.0,85.0]],[[5.0,57.0],[26.0,19.0],[23.0,45.0]],[[14.0,31.0],[16.0,32.0],[20.0,9.0]]]},
"G22": {"type": "Matrix3x3", "payoffs": [[[24.0,2.0],[29.0,3.0],[28.0,4.0]],[[10.0,3.0],[20.0,8.0],[28.0,8.0]],[[38.0,1.0],[9.0,2.0],[11.0,3.0]]]},
"G23": {"type": "Matrix3x3", "payoffs": [[[34.0,6.0],[30.0,31.0],[8.0,33.0]],[[8.0,5.0],[13.0,28.0],[34.0,39.0]],[[35.0,39.0],[28.0,22.0],[11.0,30.0]]]},
"G24": {"type": "Matrix3x3", "payoffs": [[[17.0,28.0],[3.0,19.0],[19.0,29.0]],[[20.0,20.0],[13.0,36.0],[1.0,8.0]],[[2.0,50.0],[10.0,39.0],[4.0,54.0]]]},
"G25": {"type": "Matrix3x3", "payoffs": [[[9.0,13.0],[7.0,16.0],[3.0,40.0]],[[4.0,2.0],[1.0,12.0],[5.0,4.0]],[[11.0,34.0],[9.0,24.0],[0.0,17.0]]]},
"G26": {"type": "Matrix3x3", "payoffs": [[[4.0,12.0],[10.0,1.0],[4.0,10.0]],[[6.0,42.0],[11.0,51.0],[6.0,37.0]],[[0.0,11.0],[8.0,41.0],[0.0,1.0]]]},
"G27": {"type": "Matrix3x3", "payoffs": [[[22.0,36.0],[30.0,4.0],[7.0,40.0]],[[28.0,28.0],[5.0,18.0],[12.0,6.0]],[[27.0,62.0],[16.0,43.0],[10.0,44.0]]]},
"G28": {"type": "Matrix3x3", "payoffs": [[[76.0,2.0],[60.0,22.0],[41.0,56.0]],[[11.0,27.0],[52.0,2.0],[9.0,43.0]],[[46.0,82.0],[71.0,80.0],[18.0,55.0]]]},
"G29": {"type": "Matrix3x3", "payoffs": [[[33.0,7.0],[73.0,7.0],[56.0,1.0]],[[15.0,7.0],[7.0,3.0],[34.0,12.0]],[[23.0,7.0],[74.0,10.0],[77.0,17.0]]]},
"G30": {"type": "Matrix3x3", "payoffs": [[[14.0,43.0],[15.0,28.0],[11.0,93.0]],[[8.0,0.0],[16.0,66.0],[13.0,82.0]],[[10.0,66.0],[10.0,68.0],[15.0,26.0]]]},
"G31": {"type": "Matrix3x3", "payoffs": [[[11.0,4.0],[6.0,2.0],[26.0,5.0]],[[22.0,4.0],[42.0,6.0],[22.0,3.0]],[[23.0,2.0],[18.0,6.0],[30.0,4.0]]]},
"G32": {"type": "Matrix3x3", "payoffs": [[[4.0,28.0],[73.0,65.0],[71.0,78.0]],[[61.0,76.0],[48.0,78.0],[75.0,10.0]],[[75.0,78.0],[35.0,27.0],[6.0,64.0]]]},
"G33": {"type": "Matrix3x3", "payoffs": [[[3.0,6.0],[4.0,3.0],[5.0,5.0]],[[1.0,10.0],[5.0,2.0],[4.0,2.0]],[[7.0,7.0],[7.0,10.0],[5.0,7.0]]]},
"G34": {"type": "Matrix3x3", "payoffs": [[[21.0,22.0],[53.0,9.0],[42.0,12.0]],[[37.0,19.0],[7.0,19.0],[6.0,8.0]],[[49.0,9.0],[32.0,9.0],[31.0,11.0]]]},
"G35": {"type": "Matrix3x3", "payoffs": [[[14.0,2.0],[59.0,1.0],[52.0,3.0]],[[75.0,2.0],[23.0,4.0],[6.0,2.0]],[[49.0,3.0],[59.0,5.0],[13.0,5.0]]]},
"G36": {"type": "Matrix3x3", "payoffs": [[[14.0,0.0],[23.0,0.0],[1.0,0.0]],[[37.0,0.0],[17.0,0.0],[19.0,0.0]],[[2.0,0.0],[34.0,0.0],[23.0,0.0]]]},
"G37": {"type": "Matrix3x3", "payoffs": [[[20.0,8.0],[22.0,63.0],[11.0,16.0]],[[36.0,28.0],[27.0,27.0],[36.0,6.0]],[[30.0,5.0],[32.0,56.0],[12.0,19.0]]]},
"G38": {"type": "Matrix3x3", "payoffs": [[[29.0,2.0],[22.0,23.0],[21.0,32.0]],[[21.0,0.0],[43.0,32.0],[0.0,32.0]],[[1.0,17.0],[65.0,30.0],[47.0,23.0]]]},
"G39": {"type": "Matrix3x3", "payoffs": [[[27.0,3.0],[40.0,3.0],[36.0,41.0]],[[19.0,46.0],[37.0,41.0],[2.0,19.0]],[[45.0,51.0],[44.0,38.0],[0.0,52.0]]]},
"G40": {"type": "Matrix3x3", "payoffs": [[[1.0,9.0],[26.0,28.0],[16.0,29.0]],[[15.0,27.0],[10.0,29.0],[22.0,25.0]],[[24.0,30.0],[4.0,13.0],[37.0,15.0]]]},
"G41": {"type": "Matrix3x3", "payoffs": [[[48.0,11.0],[9.0,29.0],[47.0,17.0]],[[78.0,25.0],[29.0,11.0],[5.0,1.0]],[[4.0,10.0],[46.0,10.0],[20.0,17.0]]]},
"G42": {"type": "Matrix3x3", "payoffs": [[[73.0,51.0],[87.0,17.0],[33.0,47.0]],[[6.0,22.0],[84.0,17.0],[38.0,27.0]],[[58.0,60.0],[45.0,50.0],[51.0,51.0]]]},
"G43": {"type": "Matrix3x3", "payoffs": [[[11.0,21.0],[95.0,7.0],[77.0,7.0]],[[94.0,13.0],[52.0,3.0],[97.0,15.0]],[[46.0,6.0],[39.0,19.0],[81.0,2.0]]]},
"G44": {"type": "Matrix3x3", "payoffs": [[[73.0,27.0],[1.0,10.0],[37.0,2.0]],[[57.0,13.0],[71.0,5.0],[30.0,20.0]],[[16.0,18.0],[61.0,23.0],[86.0,19.0]]]},
"G45": {"type": "Matrix3x3", "payoffs": [[[55.0,52.0],[43.0,6.0],[27.0,71.0]],[[71.0,13.0],[48.0,76.0],[11.0,49.0]],[[40.0,76.0],[72.0,80.0],[70.0,4.0]]]},
"G46": {"type": "Matrix3x3", "payoffs": [[[1.0,6.0],[6.0,3.0],[3.0,6.0]],[[3.0,4.0],[0.0,1.0],[1.0,5.0]],[[2.0,6.0],[1.0,6.0],[2.0,7.0]]]},
"G47": {"type": "Matrix3x3", "payoffs": [[[68.0,17.0],[31.0,28.0],[63.0,34.0]],[[21.0,17.0],[38.0,9.0],[76.0,32.0]],[[27.0,9.0],[65.0,34.0],[56.0,19.0]]]},
"G48": {"type": "Matrix3x3", "payoffs": [[[19.0,3.0],[15.0,6.0],[10.0,27.0]],[[10.0,2.0],[16.0,22.0],[11.0,27.0]],[[3.0,6.0],[10.0,20.0],[19.0,4.0]]]},
"G49": {"type": "Matrix3x3", "payoffs": [[[1.0,8.0],[0.0,5.0],[1.0,22.0]],[[0.0,5.0],[1.0,2.0],[0.0,13.0]],[[0.0,9.0],[1.0,0.0],[0.0,11.0]]]},
"G50": {"type": "Matrix3x3", "payoffs": [[[7.0,0.0],[17.0,4.0],[47.0,3.0]],[[7.0,1.0],[47.0,1.0],[31.0,5.0]],[[46.0,4.0],[25.0,3.0],[39.0,0.0]]]},
"G51": {"type": "Matrix3x3", "payoffs": [[[14.0,5.0],[6.0,3.0],[25.0,3.0]],[[0.0,2.0],[25.0,0.0],[12.0,5.0]],[[28.0,6.0],[24.0,6.0],[36.0,3.0]]]},
"G52": {"type": "Matrix3x3", "payoffs": [[[8.0,16.0],[5.0,40.0],[11.0,10.0]],[[16.0,16.0],[3.0,8.0],[6.0,15.0]],[[7.0,13.0],[16.0,25.0],[5.0,20.0]]]},
"G53": {"type": "Matrix3x3", "payoffs": [[[10.0,52.0],[13.0,4.0],[7.0,61.0]],[[10.0,55.0],[24.0,29.0],[15.0,40.0]],[[9.0,1.0],[12.0,47.0],[8.0,60.0]]]},
"G54": {"type": "Matrix3x3", "payoffs": [[[60.0,28.0],[75.0,36.0],[69.0,37.0]],[[24.0,18.0],[52.0,8.0],[64.0,21.0]],[[62.0,39.0],[73.0,13.0],[15.0,56.0]]]},
"G55": {"type": "Matrix3x3", "payoffs": [[[49.0,12.0],[75.0,32.0],[13.0,60.0]],[[50.0,55.0],[51.0,72.0],[6.0,38.0]],[[80.0,29.0],[3.0,41.0],[28.0,60.0]]]},
"G56": {"type": "Matrix3x3", "payoffs": [[[11.0,13.0],[18.0,11.0],[34.0,1.0]],[[38.0,16.0],[16.0,8.0],[57.0,6.0]],[[13.0,20.0],[15.0,7.0],[17.0,16.0]]]},
"G57": {"type": "Matrix3x3", "payoffs": [[[1.0,24.0],[1.0,32.0],[18.0,30.0]],[[29.0,25.0],[9.0,50.0],[30.0,5.0]],[[27.0,26.0],[29.0,35.0],[12.0,44.0]]]},
"G58": {"type": "Matrix3x3", "payoffs": [[[25.0,18.0],[23.0,4.0],[44.0,24.0]],[[17.0,9.0],[49.0,7.0],[1.0,3.0]],[[59.0,22.0],[57.0,6.0],[37.0,17.0]]]},
"G59": {"type": "Matrix3x3", "payoffs": [[[78.0,16.0],[53.0,79.0],[44.0,59.0]],[[71.0,70.0],[82.0,9.0],[76.0,57.0]],[[42.0,63.0],[38.0,0.0],[51.0,83.0]]]},
"G60": {"type": "Matrix3x3", "payoffs": [[[41.0,35.0],[57.0,21.0],[40.0,24.0]],[[40.0,20.0],[16.0,13.0],[12.0,26.0]],[[51.0,13.0],[51.0,39.0],[40.0,20.0]]]},
"G61": {"type": "Matrix3x3", "payoffs": [[[36.0,16.0],[62.0,6.0],[68.0,55.0]],[[22.0,42.0],[26.0,2.0],[1.0,37.0]],[[37.0,4.0],[5.0,52.0],[7.0,46.0]]]},
"G62": {"type": "Matrix3x3", "payoffs": [[[0.0,23.0],[3.0,10.0],[5.0,16.0]],[[5.0,15.0],[6.0,2.0],[9.0,18.0]],[[8.0,4.0],[7.0,19.0],[2.0,22.0]]]},
"G63": {"type": "Matrix3x3", "payoffs": [[[3.0,11.0],[4.0,4.0],[14.0,5.0]],[[10.0,59.0],[16.0,11.0],[16.0,39.0]],[[4.0,3.0],[15.0,1.0],[18.0,77.0]]]},
"G64": {"type": "Matrix3x3", "payoffs": [[[24.0,34.0],[36.0,58.0],[37.0,2.0]],[[21.0,12.0],[67.0,48.0],[11.0,38.0]],[[47.0,29.0],[29.0,45.0],[2.0,71.0]]]},
"G65": {"type": "Matrix3x3", "payoffs": [[[4.0,21.0],[0.0,1.0],[4.0,31.0]],[[3.0,2.0],[2.0,12.0],[7.0,29.0]],[[6.0,3.0],[0.0,26.0],[7.0,16.0]]]},
"G66": {"type": "Matrix3x3", "payoffs": [[[25.0,57.0],[19.0,66.0],[27.0,65.0]],[[6.0,66.0],[3.0,41.0],[25.0,10.0]],[[27.0,10.0],[22.0,38.0],[13.0,3.0]]]},
"G67": {"type": "Matrix3x3", "payoffs": [[[3.0,31.0],[92.0,14.0],[72.0,0.0]],[[21.0,20.0],[23.0,60.0],[32.0,16.0]],[[95.0,4.0],[10.0,36.0],[92.0,35.0]]]},
"G68": {"type": "Matrix3x3", "payoffs": [[[4.0,18.0],[14.0,11.0],[14.0,6.0]],[[5.0,5.0],[12.0,6.0],[4.0,2.0]],[[4.0,4.0],[10.0,6.0],[6.0,9.0]]]},
"G69": {"type": "Matrix3x3", "payoffs": [[[67.0,42.0],[35.0,21.0],[39.0,83.0]],[[11.0,87.0],[66.0,38.0],[8.0,76.0]],[[44.0,55.0],[53.0,73.0],[21.0,11.0]]]},
"G70": {"type": "Matrix3x3", "payoffs": [[[0.0,41.0],[13.0,10.0],[1.0,2.0]],[[4.0,71.0],[4.0,39.0],[14.0,18.0]],[[11.0,22.0],[0.0,91.0],[15.0,1.0]]]},
"G71": {"type": "Matrix3x3", "payoffs": [[[18.0,1.0],[21.0,3.0],[1.0,2.0]],[[27.0,2.0],[25.0,1.0],[12.0,0.0]],[[28.0,3.0],[1.0,2.0],[15.0,2.0]]]},
"G72": {"type": "Matrix3x3", "payoffs": [[[26.0,4.0],[34.0,9.0],[17.0,8.0]],[[32.0,13.0],[33.0,50.0],[8.0,18.0]],[[5.0,74.0],[7.0,60.0],[11.0,47.0]]]},
"G73": {"type": "Matrix3x3", "payoffs": [[[39.0,21.0],[4.0,32.0],[13.0,14.0]],[[37.0,20.0],[40.0,6.0],[30.0,24.0]],[[24.0,3.0],[39.0,15.0],[16.0,2.0]]]},
"G74": {"type": "Matrix3x3", "payoffs": [[[7.0,33.0],[8.0,50.0],[0.0,43.0]],[[2.0,16.0],[13.0,18.0],[7.0,41.0]],[[10.0,39.0],[9.0,46.0],[7.0,50.0]]]},
"G75": {"type": "Matrix3x3", "payoffs": [[[0.0,2.0],[2.0,27.0],[11.0,40.0]],[[8.0,35.0],[9.0,19.0],[0.0,16.0]],[[9.0,18.0],[12.0,25.0],[5.0,17.0]]]},
"G76": {"type": "Matrix3x3", "payoffs": [[[41.0,29.0],[4.0,56.0],[5.0,9.0]],[[15.0,9.0],[16.0,59.0],[38.0,70.0]],[[7.0,37.0],[38.0,19.0],[40.0,29.0]]]},
"G77": {"type": "Matrix3x3", "payoffs": [[[33.0,2.0],[35.0,1.0],[9.0,20.0]],[[34.0,12.0],[23.0,16.0],[14.0,7.0]],[[12.0,23.0],[4.0,15.0],[6.0,8.0]]]},
"G78": {"type": "Matrix3x3", "payoffs": [[[2.0,71.0],[1.0,48.0],[4.0,49.0]],[[4.0,82.0],[2.0,18.0],[5.0,70.0]],[[3.0,9.0],[7.0,66.0],[7.0,55.0]]]},
"G79": {"type": "Matrix3x3", "payoffs": [[[40.0,0.0],[65.0,4.0],[24.0,9.0]],[[2.0,1.0],[9.0,12.0],[44.0,9.0]],[[1.0,6.0],[34.0,12.0],[44.0,5.0]]]},
"G80": {"type": "Matrix3x3", "payoffs": [[[37.0,5.0],[82.0,41.0],[18.0,91.0]],[[68.0,75.0],[21.0,14.0],[56.0,56.0]],[[46.0,7.0],[59.0,90.0],[71.0,0.0]]]},
"G81": {"type": "Matrix3x3", "payoffs": [[[1.0,47.0],[8.0,64.0],[7.0,40.0]],[[6.0,56.0],[2.0,28.0],[2.0,74.0]],[[3.0,59.0],[5.0,55.0],[9.0,61.0]]]},
"G82": {"type": "Matrix3x3", "payoffs": [[[9.0,5.0],[13.0,17.0],[8.0,17.0]],[[10.0,6.0],[5.0,7.0],[18.0,9.0]],[[11.0,3.0],[19.0,18.0],[8.0,1.0]]]},
"G83": {"type": "Matrix3x3", "payoffs": [[[7.0,6.0],[8.0,9.0],[32.0,16.0]],[[12.0,4.0],[27.0,5.0],[33.0,2.0]],[[19.0,8.0],[16.0,3.0],[12.0,9.0]]]},
"G84": {"type": "Matrix3x3", "payoffs": [[[70.0,12.0],[71.0,10.0],[52.0,10.0]],[[38.0,35.0],[20.0,10.0],[73.0,29.0]],[[36.0,16.0],[11.0,12.0],[83.0,1.0]]]},
"G85": {"type": "Matrix3x3", "payoffs": [[[1.0,30.0],[0.0,23.0],[0.0,46.0]],[[0.0,41.0],[1.0,32.0],[0.0,7.0]],[[0.0,24.0],[1.0,10.0],[1.0,31.0]]]},
"G86": {"type": "Matrix3x3", "payoffs": [[[2.0,34.0],[3.0,43.0],[2.0,46.0]],[[2.0,13.0],[2.0,8.0],[3.0,13.0]],[[3.0,36.0],[2.0,39.0],[1.0,32.0]]]},
"G87": {"type": "Matrix3x3", "payoffs": [[[1.0,29.0],[12.0,30.0],[15.0,26.0]],[[1.0,33.0],[2.0,1.0],[12.0,28.0]],[[4.0,58.0],[4.0,29.0],[14.0,43.0]]]},
"G88": {"type": "Matrix3x3", "payoffs": [[[17.0,11.0],[13.0,9.0],[7.0,1.0]],[[10.0,9.0],[6.0,1.0],[5.0,1.0]],[[4.0,2.0],[9.0,2.0],[10.0,7.0]]]},
"G89": {"type": "Matrix3x3", "payoffs": [[[48.0,7.0],[4.0,13.0],[1.0,8.0]],[[36.0,13.0],[21.0,6.0],[17.0,2.0]],[[42.0,7.0],[37.0,4.0],[18.0,10.0]]]},
"G90": {"type": "Matrix3x3", "payoffs": [[[18.0,29.0],[16.0,66.0],[3.0,73.0]],[[6.0,66.0],[19.0,13.0],[15.0,51.0]],[[11.0,29.0],[20.0,24.0],[13.0,21.0]]]},
"G91": {"type": "Matrix3x3", "payoffs": [[[10.0,4.0],[27.0,39.0],[26.0,6.0]],[[48.0,8.0],[15.0,63.0],[10.0,13.0]],[[47.0,61.0],[8.0,17.0],[28.0,64.0]]]},
"G92": {"type": "Matrix3x3", "payoffs": [[[38.0,35.0],[21.0,42.0],[52.0,39.0]],[[21.0,2.0],[44.0,3.0],[31.0,55.0]],[[25.0,42.0],[13.0,30.0],[21.0,56.0]]]},
"G93": {"type": "Matrix3x3", "payoffs": [[[1.0,28.0],[3.0,12.0],[8.0,34.0]],[[1.0,8.0],[4.0,1.0],[7.0,6.0]],[[6.0,34.0],[4.0,39.0],[5.0,23.0]]]},
"G94": {"type": "Matrix3x3", "payoffs": [[[45.0,58.0],[39.0,22.0],[57.0,79.0]],[[17.0,55.0],[17.0,15.0],[22.0,46.0]],[[13.0,7.0],[13.0,48.0],[66.0,8.0]]]},
"G95": {"type": "Matrix3x3", "payoffs": [[[19.0,11.0],[32.0,26.0],[15.0,16.0]],[[17.0,21.0],[20.0,22.0],[14.0,31.0]],[[10.0,25.0],[6.0,37.0],[18.0,34.0]]]},
"G96": {"type": "Matrix3x3", "payoffs": [[[6.0,4.0],[14.0,49.0],[6.0,29.0]],[[9.0,0.0],[9.0,37.0],[6.0,39.0]],[[6.0,15.0],[6.0,36.0],[10.0,3.0]]]},
"G97": {"type": "Matrix3x3", "payoffs": [[[40.0,7.0],[25.0,3.0],[27.0,6.0]],[[48.0,7.0],[12.0,10.0],[37.0,4.0]],[[46.0,7.0],[32.0,1.0],[22.0,10.0]]]},
"G98": {"type": "Matrix3x3", "payoffs": [[[8.0,4.0],[41.0,3.0],[26.0,3.0]],[[33.0,12.0],[38.0,5.0],[20.0,7.0]],[[36.0,0.0],[8.0,0.0],[18.0,10.0]]]},
"G99": {"type": "Matrix3x3", "payoffs": [[[53.0,10.0],[3.0,1.0],[30.0,9.0]],[[20.0,7.0],[60.0,7.0],[7.0,5.0]],[[47.0,1.0],[52.0,2.0],[42.0,10.0]]]},
"G100": {"type": "Matrix3x3", "payoffs": [[[6.0,21.0],[7.0,5.0],[1.0,16.0]],[[1.0,30.0],[2.0,41.0],[2.0,70.0]],[[3.0,74.0],[1.0,17.0],[7.0,71.0]]]}
}