{
"numGames": 100,
"G1": {"type": "Matrix3x3", "payoffs": [[[7.0,13.0],[7.0,2.0],[6.0,49.0]],[[3.0,22.0],[5.0,12.0],[5.0,11.0]],[[7.0,12.0],[5.0,52.0],[2.0,15.0]]]},
"G2": {"type": "Matrix3x3", "payoffs": [[[23.0,50.0],[6.0,51.0],[19.0,30.0]],[[31.0,42.0],[58.0,16.0],[0.0,8.0]],[[2.0,45.0],[21.0,31.0],[54.0,41.0]]]},
"G3": {"type": "Matrix3x3", "payoffs": [[[26.0,19.0],[51.0,50.0],[56.0,44.0]],[[44.0,19.0],[36.0,35.0],[29.0,37.0]],[[5.0,40.0],[20.0,34.0],[56.0,1.0]]]},
"G4": {"type": "Matrix3x3", "payoffs": [[[22.0,52.0],[54.0,17.0],[17.0,46.0]],[[24.0,42.0],[50.0,57.0],[30.0,62.0]],[[50.0,49.0],[2.0,87.0],[54.0,78.0]]]},
"G5": {"type": "Matrix3x3", "payoffs": [[[40.0,5.0],[8.0,76.0],[42.0,64.0]],[[39.0,41.0],[6.0,34.0],[10.0,31.0]],[[18.0,9.0],[17.0,29.0],[46.0,73.0]]]},
"G6": {"type": "Matrix3x3", "payoffs": [[[27.0,6.0],[74.0,44.0],[39.0,8.0]],[[51.0,38.0],[53.0,12.0],[28.0,44.0]],[[1.0,24.0],[17.0,29.0],[56.0,14.0]]]},
"G7": {"type": "Matrix3x3", "payoffs": [[[9.0,46.0],[6.0,35.0],[8.0,5.0]],[[11.0,47.0],[8.0,47.0],[18.0,68.0]],[[10.0,39.0],[20.0,9.0],[19.0,45.0]]]},
"G8": {"type": "Matrix3x3", "payoffs": [[[0.0,11.0],[9.0,5.0],[18.0,4.0]],[[7.0,2.0],[18.0,13.0],[11.0,14.0]],[[6.0,6.0],[11.0,15.0],[10.0,14.0]]]},
"G9": {"type": "Matrix3x3", "payoffs": [[[13.0,28.0],[5.0,34.0],[15.0,10.0]],[[5.0,26.0],[12.0,10.0],[20.0,8.0]],[[12.0,16.0],[17.0,17.0],[21.0,32.0]]]},
"G10": {"type": "Matrix3x3", "payoffs": [[[31.0,56.0],[6.0,34.0],[28.0,46.0]],[[0.0,41.0],[4.0,14.0],[13.0,19.0]],[[37.0,59.0],[2.0,38.0],[20.0,42.0]]]},
"G11": {"type": "Matrix3x3", "payoffs": [[[7.0,81.0],[31.0,86.0],[8.0,52.0]],[[27.0,50.0],[16.0,69.0],[25.0,63.0]],[[12.0,84.0],[35.0,14.0],[38.0,51.0]]]},
"G12": {"type": "Matrix3x3", "payoffs": [[[37.0,2.0],[31.0,10.0],[28.0,67.0]],[[54.0,6.0],[30.0,48.0],[0.0,11.0]],[[47.0,46.0],[49.0,39.0],[19.0,39.0]]]},
"G13": {"type": "Matrix3x3", "payoffs": [[[33.0,3.0],[28.0,13.0],[72.0,10.0]],[[32.0,9.0],[32.0,7.0],[27.0,4.0]],[[28.0,1.0],[61.0,7.0],[59.0,5.0]]]},
"G14": {"type": "Matrix3x3", "payoffs": [[[5.0,34.0],[10.0,40.0],[7.0,9.0]],[[5.0,41.0],[1.0,25.0],[7.0,29.0]],[[7.0,50.0],[7.0,40.0],[6.0,39.0]]]},
"G15": {"type": "Matrix3x3", "payoffs": [[[14.0,16.0],[13.0,31.0],[2.0,20.0]],[[8.0,29.0],[12.0,22.0],[3.0,24.0]],[[14.0,29.0],[6.0,14.0],[6.0,29.0]]]},
"G16": {"type": "Matrix3x3", "payoffs": [[[78.0,5.0],[51.0,17.0],[55.0,4.0]],[[66.0,37.0],[14.0,32.0],[68.0,36.0]],[[24.0,36.0],[29.0,24.0],[65.0,9.0]]]},
"G17": {"type": "Matrix3x3", "payoffs": [[[23.0,13.0],[3.0,11.0],[30.0,17.0]],[[20.0,7.0],[35.0,13.0],[11.0,15.0]],[[21.0,4.0],[37.0,8.0],[40.0,2.0]]]},
"G18": {"type": "Matrix3x3", "payoffs": [[[0.0,82.0],[0.0,16.0],[1.0,88.0]],[[0.0,11.0],[1.0,24.0],[1.0,79.0]],[[1.0,86.0],[1.0,51.0],[1.0,61.0]]]},
"G19": {"type": "Matrix3x3", "payoffs": [[[23.0,81.0],[28.0,85.0],[12.0,45.0]],[[21.0,56.0],[29.0,81.0],[12.0,53.0]],[[10.0,16.0],[42.0,53.0],[2.0,16.0]]]},
"G20": {"type": "Matrix3x3", "payoffs": [[[76.0,2.0],[50.0,4.0],[30.0,1.0]],[[9.0,2.0],[54.0,1.0],[53.0,3.0]],[[38.0,1.0],[77.0,0.0],[81.0,4.0]]]},
"G21": {"type": "Matrix3x3", "payoffs": [[[52.0,22.0],[57.0,28.0],[36.0,30.0]],[[9.0,21.0],[17.0,10.0],[47.0,24.0]],[[18.0,16.0],[38.0,14.0],[77.0,30.0]]]},
"G22": {"type": "Matrix3x3", "payoffs": [[[49.0,58.0],[54.0,1.0],[41.0,51.0]],[[15.0,39.0],[34.0,7.0],[30.0,25.0]],[[32.0,24.0],[43.0,28.0],[27.0,7.0]]]},
"G23": {"type": "Matrix3x3", "payoffs": [[[8.0,38.0],[15.0,25.0],[19.0,20.0]],[[6.0,0.0],[1.0,33.0],[18.0,13.0]],[[5.0,1.0],[3.0,40.0],[12.0,30.0]]]},
"G24": {"type": "Matrix3x3", "payoffs": [[[64.0,67.0],[66.0,48.0],[48.0,1.0]],[[55.0,31.0],[17.0,17.0],[55.0,52.0]],[[8.0,70.0],[76.0,18.0],[6.0,33.0]]]},
"G25": {"type": "Matrix3x3", "payoffs": [[[27.0,51.0],[8.0,49.0],[28.0,31.0]],[[25.0,19.0],[7.0,33.0],[22.0,56.0]],[[24.0,52.0],[20.0,61.0],[16.0,13.0]]]},
"G26": {"type": "Matrix3x3", "payoffs": [[[59.0,47.0],[42.0,55.0],[70.0,55.0]],[[10.0,29.0],[8.0,20.0],[24.0,7.0]],[[49.0,27.0],[68.0,14.0],[23.0,27.0]]]},
"G27": {"type": "Matrix3x3", "payoffs": [[[13.0,3.0],[18.0,71.0],[44.0,42.0]],[[42.0,64.0],[24.0,53.0],[15.0,27.0]],[[8.0,66.0],[48.0,57.0],[22.0,28.0]]]},
"G28": {"type": "Matrix3x3", "payoffs": [[[19.0,3.0],[17.0,1.0],[30.0,5.0]],[[61.0,3.0],[13.0,5.0],[33.0,14.0]],[[17.0,12.0],[25.0,2.0],[27.0,13.0]]]},
"G29": {"type": "Matrix3x3", "payoffs": [[[56.0,3.0],[3.0,25.0],[36.0,27.0]],[[4.0,32.0],[6.0,33.0],[15.0,4.0]],[[65.0,35.0],[3.0,49.0],[40.0,1.0]]]},
"G30": {"type": "Matrix3x3", "payoffs": [[[17.0,30.0],[84.0,18.0],[83.0,48.0]],[[59.0,58.0],[46.0,37.0],[11.0,19.0]],[[31.0,30.0],[79.0,45.0],[60.0,35.0]]]},
"G31": {"type": "Matrix3x3", "payoffs": [[[10.0,32.0],[3.0,8.0],[18.0,12.0]],[[6.0,30.0],[17.0,49.0],[12.0,23.0]],[[3.0,40.0],[9.0,46.0],[17.0,25.0]]]},
"G32": {"type": "Matrix3x3", "payoffs": [[[7.0,16.0],[25.0,9.0],[34.0,16.0]],[[9.0,2.0],[5.0,22.0],[8.0,10.0]],[[20.0,22.0],[10.0,16.0],[15.0,17.0]]]},
"G33": {"type": "Matrix3x3", "payoffs": [[[27.0,4.0],[31.0,9.0],[28.0,6.0]],[[17.0,31.0],[15.0,26.0],[8.0,9.0]],[[11.0,34.0],[18.0,22.0],[21.0,16.0]]]},
"G34": {"type": "Matrix3x3", "payoffs": [[[45.0,36.0],[42.0,13.0],[44.0,38.0]],[[12.0,44.0],[21.0,46.0],[19.0,27.0]],[[42.0,53.0],[16.0,45.0],[41.0,15.0]]]},
"G35": {"type": "Matrix3x3", "payoffs": [[[24.0,7.0],[26.0,9.0],[19.0,3.0]],[[16.0,3.0],[16.0,9.0],[6.0,9.0]],[[6.0,5.0],[11.0,1.0],[20.0,1.0]]]},
"G36": {"type": "Matrix3x3", "payoffs": [[[3.0,2.0],[7.0,1.0],[2.0,1.0]],[[2.0,8.0],[5.0,7.0],[0.0,9.0]],[[0.0,13.0],[2.0,8.0],[7.0,13.0]]]},
"G37": {"type": "Matrix3x3", "payoffs": [[[1.0,10.0],[2.0,57.0],[1.0,30.0]],[[2.0,39.0],[0.0,39.0],[1.0,13.0]],[[2.0,70.0],[0.0,48.0],[2.0,3.0]]]},
"G38": {"type": "Matrix3x3", "payoffs": [[[11.0,66.0],[31.0,51.0],[62.0,36.0]],[[32.0,70.0],[24.0,23.0],[6.0,36.0]],[[25.0,61.0],[76.0,18.0],[42.0,15.0]]]},
"G39": {"type": "Matrix3x3", "payoffs": [[[66.0,19.0],[56.0,26.0],[57.0,24.0]],[[34.0,11.0],[28.0,17.0],[38.0,17.0]],[[24.0,22.0],[59.0,24.0],[64.0,2.0]]]},
"G40": {"type": "Matrix3x3", "payoffs": [[[18.0,2.0],[8.0,2.0],[18.0,2.0]],[[20.0,2.0],[10.0,0.0],[17.0,0.0]],[[7.0,1.0],[5.0,1.0],[22.0,1.0]]]},
"G41": {"type": "Matrix3x3", "payoffs": [[[8.0,87.0],[1.0,31.0],[3.0,39.0]],[[9.0,28.0],[9.0,76.0],[9.0,27.0]],[[3.0,51.0],[6.0,11.0],[11.0,48.0]]]},
"G42": {"type": "Matrix3x3", "payoffs": [[[38.0,44.0],[36.0,28.0],[53.0,34.0]],[[42.0,26.0],[14.0,12.0],[9.0,47.0]],[[29.0,24.0],[55.0,55.0],[7.0,54.0]]]},
"G43": {"type": "Matrix3x3", "payoffs": [[[31.0,11.0],[42.0,2.0],[6.0,2.0]],[[23.0,5.0],[19.0,9.0],[42.0,1.0]],[[48.0,9.0],[53.0,6.0],[5.0,13.0]]]},
"G44": {"type": "Matrix3x3", "payoffs": [[[11.0,31.0],[5.0,2.0],[22.0,15.0]],[[29.0,3.0],[1.0,7.0],[18.0,8.0]],[[35.0,31.0],[22.0,1.0],[13.0,17.0]]]},
"G45": {"type": "Matrix3x3", "payoffs": [[[6.0,7.0],[17.0,20.0],[0.0,85.0]],[[17.0,53.0],[17.0,72.0],[17.0,45.0]],[[17.0,27.0],[18.0,15.0],[7.0,75.0]]]},
"G46": {"type": "Matrix3x3", "payoffs": [[[1.0,63.0],[17.0,39.0],[10.0,60.0]],[[20.0,47.0],[3.0,53.0],[4.0,55.0]],[[9.0,51.0],[8.0,54.0],[18.0,21.0]]]},
"G47": {"type": "Matrix3x3", "payoffs": [[[35.0,22.0],[48.0,12.0],[54.0,38.0]],[[39.0,49.0],[8.0,24.0],[12.0,8.0]],[[32.0,1.0],[36.0,36.0],[24.0,10.0]]]},
"G48": {"type": "Matrix3x3", "payoffs": [[[26.0,27.0],[2.0,57.0],[27.0,77.0]],[[12.0,93.0],[20.0,56.0],[9.0,46.0]],[[24.0,38.0],[1.0,71.0],[3.0,31.0]]]},
"G49": {"type": "Matrix3x3", "payoffs": [[[35.0,46.0],[87.0,14.0],[59.0,2.0]],[[70.0,20.0],[39.0,21.0],[24.0,22.0]],[[92.0,37.0],[30.0,41.0],[41.0,54.0]]]},
"G50": {"type": "Matrix3x3", "payoffs": [[[12.0,66.0],[1.0,51.0],[1.0,56.0]],[[9.0,33.0],[2.0,64.0],[18.0,3.0]],[[4.0,46.0],[9.0,23.0],[12.0,20.0]]]},
"G51": {"type": "Matrix3x3", "payoffs": [[[35.0,0.0],[32.0,1.0],[27.0,35.0]],[[4.0,21.0],[8.0,30.0],[19.0,22.0]],[[38.0,9.0],[37.0,53.0],[6.0,1.0]]]},
"G52": {"type": "Matrix3x3", "payoffs": [[[24.0,8.0],[33.0,4.0],[48.0,8.0]],[[54.0,6.0],[9.0,11.0],[23.0,2.0]],[[47.0,12.0],[26.0,16.0],[38.0,4.0]]]},
"G53": {"type": "Matrix3x3", "payoffs": [[[1.0,17.0],[2.0,25.0],[2.0,16.0]],[[1.0,27.0],[2.0,2.0],[1.0,19.0]],[[1.0,17.0],[1.0,16.0],[1.0,24.0]]]},
"G54": {"type": "Matrix3x3", "payoffs": [[[66.0,0.0],[40.0,73.0],[22.0,77.0]],[[1.0,21.0],[24.0,76.0],[70.0,71.0]],[[85.0,74.0],[23.0,3.0],[47.0,44.0]]]},
"G55": {"type": "Matrix3x3", "payoffs": [[[1.0,29.0],[1.0,24.0],[0.0,15.0]],[[1.0,4.0],[1.0,48.0],[1.0,59.0]],[[1.0,44.0],[1.0,13.0],[1.0,48.0]]]},
"G56": {"type": "Matrix3x3", "payoffs": [[[49.0,9.0],[75.0,37.0],[63.0,5.0]],[[58.0,36.0],[24.0,54.0],[67.0,59.0]],[[26.0,36.0],[66.0,41.0],[25.0,51.0]]]},
"G57": {"type": "Matrix3x3", "payoffs": [[[48.0,4.0],[44.0,8.0],[44.0,1.0]],[[8.0,2.0],[13.0,3.0],[31.0,10.0]],[[25.0,1.0],[34.0,4.0],[36.0,2.0]]]},
"G58": {"type": "Matrix3x3", "payoffs": [[[55.0,55.0],[34.0,0.0],[66.0,59.0]],[[13.0,63.0],[23.0,54.0],[25.0,40.0]],[[55.0,56.0],[58.0,27.0],[24.0,16.0]]]},
"G59": {"type": "Matrix3x3", "payoffs": [[[1.0,57.0],[2.0,2.0],[4.0,38.0]],[[1.0,49.0],[5.0,32.0],[4.0,34.0]],[[4.0,75.0],[5.0,64.0],[1.0,56.0]]]},
"G60": {"type": "Matrix3x3", "payoffs": [[[78.0,8.0],[34.0,17.0],[13.0,40.0]],[[7.0,33.0],[67.0,36.0],[61.0,8.0]],[[2.0,25.0],[33.0,44.0],[81.0,62.0]]]},
"G61": {"type": "Matrix3x3", "payoffs": [[[6.0,32.0],[8.0,9.0],[11.0,41.0]],[[2.0,29.0],[2.0,51.0],[10.0,22.0]],[[10.0,40.0],[10.0,25.0],[11.0,29.0]]]},
"G62": {"type": "Matrix3x3", "payoffs": [[[25.0,9.0],[9.0,1.0],[38.0,13.0]],[[54.0,1.0],[27.0,8.0],[8.0,15.0]],[[22.0,1.0],[26.0,10.0],[36.0,14.0]]]},
"G63": {"type": "Matrix3x3", "payoffs": [[[45.0,39.0],[24.0,21.0],[28.0,60.0]],[[4.0,74.0],[41.0,89.0],[4.0,8.0]],[[58.0,58.0],[53.0,85.0],[4.0,67.0]]]},
"G64": {"type": "Matrix3x3", "payoffs": [[[2.0,10.0],[25.0,7.0],[28.0,11.0]],[[34.0,11.0],[38.0,5.0],[16.0,4.0]],[[9.0,23.0],[0.0,4.0],[24.0,8.0]]]},
"G65": {"type": "Matrix3x3", "payoffs": [[[20.0,1.0],[18.0,6.0],[9.0,2.0]],[[71.0,2.0],[28.0,11.0],[30.0,6.0]],[[43.0,8.0],[83.0,2.0],[60.0,3.0]]]},
"G66": {"type": "Matrix3x3", "payoffs": [[[66.0,14.0],[82.0,14.0],[3.0,53.0]],[[15.0,18.0],[48.0,50.0],[5.0,58.0]],[[27.0,43.0],[27.0,38.0],[88.0,45.0]]]},
"G67": {"type": "Matrix3x3", "payoffs": [[[2.0,55.0],[6.0,28.0],[2.0,31.0]],[[7.0,65.0],[9.0,5.0],[8.0,67.0]],[[3.0,12.0],[1.0,15.0],[3.0,50.0]]]},
"G68": {"type": "Matrix3x3", "payoffs": [[[23.0,61.0],[10.0,1.0],[17.0,53.0]],[[1.0,10.0],[22.0,31.0],[12.0,1.0]],[[20.0,33.0],[0.0,68.0],[0.0,11.0]]]},
"G69": {"type": "Matrix3x3", "payoffs": [[[17.0,30.0],[4.0,14.0],[18.0,39.0]],[[6.0,49.0],[6.0,13.0],[2.0,28.0]],[[14.0,38.0],[7.0,45.0],[18.0,34.0]]]},
"G70": {"type": "Matrix3x3", "payoffs": [[[11.0,7.0],[70.0,0.0],[93.0,1.0]],[[97.0,7.0],[6.0,1.0],[14.0,7.0]],[[81.0,7.0],[69.0,9.0],[67.0,10.0]]]},
"G71": {"type": "Matrix3x3", "payoffs": [[[23.0,21.0],[5.0,42.0],[7.0,6.0]],[[16.0,1.0],[24.0,10.0],[1.0,13.0]],[[17.0,35.0],[5.0,38.0],[23.0,15.0]]]},
"G72": {"type": "Matrix3x3", "payoffs": [[[32.0,2.0],[41.0,7.0],[13.0,0.0]],[[33.0,6.0],[15.0,4.0],[33.0,0.0]],[[44.0,2.0],[43.0,5.0],[15.0,7.0]]]},
"G73": {"type": "Matrix3x3", "payoffs": [[[48.0,98.0],[32.0,38.0],[45.0,40.0]],[[34.0,9.0],[52.0,2.0],[45.0,82.0]],[[53.0,64.0],[40.0,93.0],[51.0,77.0]]]},
"G74": {"type": "Matrix3x3", "payoffs": [[[5.0,1.0],[1.0,3.0],[7.0,0.0]],[[3.0,19.0],[5.0,13.0],[1.0,23.0]],[[0.0,23.0],[2.0,4.0],[7.0,3.0]]]},
"G75": {"type": "Matrix3x3", "payoffs": [[[18.0,37.0],[32.0,50.0],[75.0,34.0]],[[67.0,52.0],[57.0,4.0],[13.0,23.0]],[[30.0,56.0],[82.0,46.0],[84.0,2.0]]]},
"G76": {"type": "Matrix3x3", "payoffs": [[[21.0,30.0],[4.0,10.0],[9.0,45.0]],[[19.0,26.0],[14.0,52.0],[5.0,7.0]],[[16.0,11.0],[6.0,51.0],[10.0,57.0]]]},
"G77": {"type": "Matrix3x3", "payoffs": [[[15.0,4.0],[19.0,1.0],[17.0,3.0]],[[4.0,5.0],[3.0,4.0],[18.0,1.0]],[[21.0,0.0],[17.0,4.0],[10.0,2.0]]]},
"G78": {"type": "Matrix3x3", "payoffs": [[[10.0,16.0],[13.0,5.0],[8.0,10.0]],[[8.0,10.0],[8.0,18.0],[3.0,14.0]],[[13.0,5.0],[13.0,13.0],[7.0,7.0]]]},
"G79": {"type": "Matrix3x3", "payoffs": [[[2.0,67.0],[1.0,9.0],[3.0,71.0]],[[1.0,41.0],[1.0,64.0],[3.0,3.0]],[[4.0,80.0],[0.0,34.0],[2.0,68.0]]]},
"G80": {"type": "Matrix3x3", "payoffs": [[[34.0,27.0],[31.0,16.0],[13.0,3.0]],[[18.0,25.0],[30.0,38.0],[29.0,32.0]],[[37.0,75.0],[4.0,62.0],[36.0,57.0]]]},
"G81": {"type": "Matrix3x3", "payoffs": [[[1.0,49.0],[5.0,38.0],[3.0,18.0]],[[4.0,6.0],[0.0,41.0],[3.0,16.0]],[[5.0,30.0],[5.0,23.0],[5.0,24.0]]]},
"G82": {"type": "Matrix3x3", "payoffs": [[[7.0,22.0],[38.0,16.0],[5.0,5.0]],[[26.0,12.0],[21.0,28.0],[38.0,6.0]],[[26.0,15.0],[38.0,24.0],[3.0,34.0]]]},
"G83": {"type": "Matrix3x3", "payoffs": [[[0.0,37.0],[25.0,45.0],[16.0,15.0]],[[32.0,42.0],[2.0,2.0],[4.0,3.0]],[[8.0,9.0],[12.0,76.0],[16.0,58.0]]]},
"G84": {"type": "Matrix3x3", "payoffs": [[[7.0,11.0],[64.0,16.0],[85.0,17.0]],[[14.0,22.0],[85.0,3.0],[63.0,14.0]],[[39.0,7.0],[81.0,13.0],[61.0,4.0]]]},
"G85": {"type": "Matrix3x3", "payoffs": [[[72.0,82.0],[2.0,49.0],[44.0,42.0]],[[30.0,71.0],[53.0,91.0],[65.0,53.0]],[[77.0,32.0],[77.0,71.0],[68.0,30.0]]]},
"G86": {"type": "Matrix3x3", "payoffs": [[[74.0,7.0],[58.0,2.0],[47.0,5.0]],[[3.0,1.0],[74.0,5.0],[84.0,3.0]],[[84.0,3.0],[42.0,4.0],[46.0,7.0]]]},
"G87": {"type": "Matrix3x3", "payoffs": [[[22.0,47.0],[23.0,40.0],[11.0,33.0]],[[7.0,2.0],[33.0,3.0],[18.0,64.0]],[[22.0,74.0],[35.0,53.0],[17.0,75.0]]]},
"G88": {"type": "Matrix3x3", "payoffs": [[[13.0,12.0],[32.0,7.0],[31.0,9.0]],[[0.0,16.0],[13.0,0.0],[17.0,5.0]],[[31.0,8.0],[27.0,6.0],[23.0,18.0]]]},
"G89": {"type": "Matrix3x3", "payoffs": [[[38.0,13.0],[8.0,28.0],[35.0,22.0]],[[28.0,28.0],[5.0,3.0],[23.0,24.0]],[[34.0,41.0],[19.0,10.0],[16.0,28.0]]]},
"G90": {"type": "Matrix3x3", "payoffs": [[[5.0,2.0],[17.0,10.0],[8.0,4.0]],[[4.0,4.0],[2.0,8.0],[6.0,10.0]],[[3.0,0.0],[2.0,2.0],[18.0,13.0]]]},
"G91": {"type": "Matrix3x3", "payoffs": [[[65.0,31.0],[4.0,25.0],[65.0,15.0]],[[54.0,7.0],[49.0,32.0],[67.0,18.0]],[[84.0,23.0],[17.0,5.0],[45.0,10.0]]]},
"G92": {"type": "Matrix3x3", "payoffs": [[[27.0,60.0],[27.0,57.0],[31.0,21.0]],[[25.0,47.0],[32.0,39.0],[11.0,50.0]],[[54.0,29.0],[0.0,56.0],[16.0,44.0]]]},
"G93": {"type": "Matrix3x3", "payoffs": [[[58.0,18.0],[73.0,22.0],[5.0,3.0]],[[61.0,12.0],[31.0,3.0],[12.0,28.0]],[[42.0,2.0],[58.0,26.0],[28.0,9.0]]]},
"G94": {"type": "Matrix3x3", "payoffs": [[[6.0,6.0],[7.0,5.0],[13.0,9.0]],[[11.0,22.0],[8.0,49.0],[1.0,1.0]],[[15.0,18.0],[1.0,16.0],[5.0,17.0]]]},
"G95": {"type": "Matrix3x3", "payoffs": [[[3.0,15.0],[8.0,37.0],[13.0,18.0]],[[6.0,0.0],[28.0,28.0],[6.0,3.0]],[[19.0,25.0],[16.0,43.0],[33.0,7.0]]]},
"G96": {"type": "Matrix3x3", "payoffs": [[[61.0,1.0],[12.0,8.0],[39.0,12.0]],[[41.0,2.0],[31.0,10.0],[5.0,8.0]],[[84.0,9.0],[0.0,6.0],[70.0,4.0]]]},
"G97": {"type": "Matrix3x3", "payoffs": [[[16.0,56.0],[19.0,92.0],[7.0,82.0]],[[7.0,85.0],[17.0,63.0],[20.0,72.0]],[[6.0,72.0],[4.0,77.0],[15.0,34.0]]]},
"G98": {"type": "Matrix3x3", "payoffs": [[[16.0,28.0],[15.0,7.0],[11.0,13.0]],[[20.0,57.0],[1.0,21.0],[11.0,12.0]],[[14.0,66.0],[2.0,35.0],[10.0,37.0]]]},
"G99": {"type": "Matrix3x3", "payoffs": [[[34.0,33.0],[55.0,1.0],[18.0,74.0]],[[18.0,76.0],[12.0,22.0],[4.0,1.0]],[[9.0,85.0],[4.0,22.0],[57.0,3.0]]]},
"G100": {"type": "Matrix3x3", "payoffs": [[[1.0,18.0],[20.0,12.0],[1.0,32.0]],[[22.0,26.0],[6.0,22.0],[15.0,18.0]],[[6.0,10.0],[19.0,1.0],[9.0,31.0]]]}
}