{
"numGames": 100,
"G1": {"type": "Matrix3x3", "payoffs": [[[2.0,25.0],[10.0,23.0],[2.0,28.0]],[[20.0,9.0],[0.0,4.0],[20.0,19.0]],[[12.0,6.0],[7.0,32.0],[12.0,6.0]]]},
"G2": {"type": "Matrix3x3", "payoffs": [[[24.0,37.0],[14.0,50.0],[1.0,23.0]],[[16.0,1.0],[23.0,40.0],[15.0,4.0]],[[9.0,37.0],[2.0,4.0],[8.0,44.0]]]},
"G3": {"type": "Matrix3x3", "payoffs": [[[0.0,86.0],[1.0,91.0],[0.0,55.0]],[[0.0,56.0],[1.0,18.0],[1.0,2.0]],[[1.0,76.0],[0.0,22.0],[0.0,40.0]]]},
"G4": {"type": "Matrix3x3", "payoffs": [[[33.0,23.0],[30.0,37.0],[18.0,13.0]],[[10.0,59.0],[23.0,31.0],[53.0,35.0]],[[40.0,31.0],[28.0,7.0],[21.0,22.0]]]},
"G5": {"type": "Matrix3x3", "payoffs": [[[60.0,8.0],[38.0,1.0],[6.0,9.0]],[[23.0,9.0],[65.0,11.0],[37.0,3.0]],[[23.0,12.0],[68.0,7.0],[52.0,0.0]]]},
"G6": {"type": "Matrix3x3", "payoffs": [[[69.0,5.0],[24.0,9.0],[13.0,6.0]],[[15.0,4.0],[20.0,6.0],[67.0,2.0]],[[11.0,5.0],[51.0,8.0],[68.0,6.0]]]},
"G7": {"type": "Matrix3x3", "payoffs": [[[17.0,75.0],[54.0,2.0],[36.0,11.0]],[[28.0,61.0],[17.0,16.0],[25.0,8.0]],[[13.0,35.0],[30.0,25.0],[2.0,20.0]]]},
"G8": {"type": "Matrix3x3", "payoffs": [[[10.0,45.0],[38.0,28.0],[51.0,13.0]],[[40.0,45.0],[41.0,14.0],[9.0,15.0]],[[52.0,5.0],[34.0,18.0],[14.0,24.0]]]},
"G9": {"type": "Matrix3x3", "payoffs": [[[3.0,12.0],[5.0,11.0],[7.0,2.0]],[[5.0,4.0],[4.0,12.0],[5.0,1.0]],[[7.0,10.0],[6.0,11.0],[2.0,7.0]]]},
"G10": {"type": "Matrix3x3", "payoffs": [[[2.0,12.0],[0.0,12.0],[2.0,4.0]],[[2.0,6.0],[0.0,11.0],[2.0,5.0]],[[1.0,2.0],[2.0,5.0],[1.0,0.0]]]},
"G11": {"type": "Matrix3x3", "payoffs": [[[1.0,77.0],[19.0,13.0],[28.0,71.0]],[[30.0,35.0],[60.0,41.0],[28.0,57.0]],[[19.0,73.0],[3.0,75.0],[59.0,42.0]]]},
"G12": {"type": "Matrix3x3", "payoffs": [[[3.0,52.0],[28.0,57.0],[50.0,19.0]],[[56.0,83.0],[17.0,45.0],[16.0,2.0]],[[26.0,75.0],[1.0,42.0],[43.0,76.0]]]},
"G13": {"type": "Matrix3x3", "payoffs": [[[13.0,13.0],[27.0,22.0],[25.0,21.0]],[[7.0,12.0],[24.0,18.0],[11.0,17.0]],[[2.0,15.0],[27.0,0.0],[1.0,23.0]]]},
"G14": {"type": "Matrix3x3", "payoffs": [[[4.0,67.0],[5.0,18.0],[1.0,20.0]],[[6.0,69.0],[5.0,17.0],[1.0,74.0]],[[5.0,17.0],[5.0,74.0],[2.0,20.0]]]},
"G15": {"type": "Matrix3x3", "payoffs": [[[63.0,11.0],[70.0,26.0],[3.0,64.0]],[[59.0,84.0],[56.0,75.0],[30.0,25.0]],[[77.0,16.0],[22.0,86.0],[19.0,82.0]]]},
"G16": {"type": "Matrix3x3", "payoffs": [[[69.0,33.0],[47.0,11.0],[3.0,20.0]],[[72.0,1.0],[38.0,1.0],[22.0,3.0]],[[15.0,8.0],[5.0,1.0],[19.0,31.0]]]},
"G17": {"type": "Matrix3x3", "payoffs": [[[61.0,1.0],[27.0,2.0],[4.0,7.0]],[[42.0,6.0],[40.0,7.0],[8.0,7.0]],[[67.0,6.0],[53.0,1.0],[35.0,3.0]]]},
"G18": {"type": "Matrix3x3", "payoffs": [[[11.0,68.0],[13.0,17.0],[24.0,40.0]],[[2.0,6.0],[25.0,41.0],[1.0,59.0]],[[20.0,22.0],[24.0,46.0],[9.0,26.0]]]},
"G19": {"type": "Matrix3x3", "payoffs": [[[6.0,3.0],[5.0,21.0],[6.0,59.0]],[[1.0,43.0],[0.0,1.0],[1.0,29.0]],[[10.0,12.0],[5.0,26.0],[5.0,1.0]]]},
"G20": {"type": "Matrix3x3", "payoffs": [[[11.0,36.0],[4.0,2.0],[0.0,2.0]],[[5.0,20.0],[0.0,7.0],[14.0,9.0]],[[4.0,48.0],[14.0,23.0],[2.0,53.0]]]},
"G21": {"type": "Matrix3x3", "payoffs": [[[10.0,11.0],[19.0,33.0],[26.0,7.0]],[[13.0,38.0],[8.0,11.0],[20.0,6.0]],[[4.0,2.0],[13.0,24.0],[19.0,9.0]]]},
"G22": {"type": "Matrix3x3", "payoffs": [[[3.0,35.0],[21.0,12.0],[18.0,1.0]],[[40.0,29.0],[16.0,16.0],[53.0,32.0]],[[22.0,36.0],[28.0,30.0],[11.0,33.0]]]},
"G23": {"type": "Matrix3x3", "payoffs": [[[28.0,68.0],[44.0,53.0],[8.0,61.0]],[[48.0,53.0],[57.0,16.0],[30.0,64.0]],[[18.0,29.0],[43.0,57.0],[55.0,41.0]]]},
"G24": {"type": "Matrix3x3", "payoffs": [[[26.0,17.0],[55.0,7.0],[12.0,21.0]],[[33.0,15.0],[7.0,36.0],[7.0,9.0]],[[30.0,2.0],[31.0,12.0],[47.0,9.0]]]},
"G25": {"type": "Matrix3x3", "payoffs": [[[2.0,21.0],[9.0,54.0],[3.0,28.0]],[[9.0,11.0],[5.0,51.0],[5.0,4.0]],[[1.0,42.0],[0.0,47.0],[6.0,9.0]]]},
"G26": {"type": "Matrix3x3", "payoffs": [[[35.0,2.0],[31.0,13.0],[24.0,51.0]],[[16.0,34.0],[40.0,14.0],[14.0,21.0]],[[1.0,23.0],[40.0,36.0],[14.0,47.0]]]},
"G27": {"type": "Matrix3x3", "payoffs": [[[72.0,13.0],[8.0,12.0],[45.0,13.0]],[[8.0,14.0],[10.0,2.0],[4.0,6.0]],[[42.0,2.0],[63.0,14.0],[3.0,6.0]]]},
"G28": {"type": "Matrix3x3", "payoffs": [[[36.0,44.0],[4.0,3.0],[22.0,10.0]],[[7.0,41.0],[28.0,36.0],[26.0,21.0]],[[6.0,41.0],[29.0,37.0],[17.0,20.0]]]},
"G29": {"type": "Matrix3x3", "payoffs": [[[84.0,21.0],[4.0,37.0],[57.0,16.0]],[[95.0,34.0],[90.0,36.0],[61.0,24.0]],[[18.0,33.0],[69.0,19.0],[96.0,25.0]]]},
"G30": {"type": "Matrix3x3", "payoffs": [[[27.0,20.0],[16.0,23.0],[23.0,20.0]],[[30.0,23.0],[27.0,7.0],[31.0,0.0]],[[2.0,13.0],[12.0,11.0],[2.0,11.0]]]},
"G31": {"type": "Matrix3x3", "payoffs": [[[81.0,26.0],[71.0,23.0],[20.0,47.0]],[[38.0,49.0],[64.0,20.0],[57.0,39.0]],[[84.0,23.0],[21.0,17.0],[82.0,28.0]]]},
"G32": {"type": "Matrix3x3", "payoffs": [[[4.0,73.0],[84.0,41.0],[53.0,45.0]],[[83.0,91.0],[45.0,94.0],[86.0,35.0]],[[56.0,81.0],[80.0,56.0],[66.0,42.0]]]},
"G33": {"type": "Matrix3x3", "payoffs": [[[4.0,2.0],[8.0,19.0],[0.0,5.0]],[[2.0,43.0],[6.0,3.0],[2.0,9.0]],[[2.0,3.0],[2.0,29.0],[2.0,55.0]]]},
"G34": {"type": "Matrix3x3", "payoffs": [[[3.0,17.0],[17.0,32.0],[6.0,23.0]],[[20.0,33.0],[19.0,25.0],[7.0,7.0]],[[16.0,24.0],[8.0,39.0],[10.0,22.0]]]},
"G35": {"type": "Matrix3x3", "payoffs": [[[4.0,81.0],[35.0,51.0],[37.0,62.0]],[[16.0,89.0],[7.0,53.0],[21.0,28.0]],[[34.0,62.0],[12.0,29.0],[31.0,30.0]]]},
"G36": {"type": "Matrix3x3", "payoffs": [[[13.0,11.0],[18.0,2.0],[8.0,20.0]],[[19.0,12.0],[12.0,7.0],[21.0,9.0]],[[30.0,2.0],[6.0,11.0],[1.0,21.0]]]},
"G37": {"type": "Matrix3x3", "payoffs": [[[4.0,40.0],[4.0,21.0],[41.0,21.0]],[[29.0,37.0],[1.0,27.0],[22.0,15.0]],[[9.0,33.0],[10.0,21.0],[40.0,27.0]]]},
"G38": {"type": "Matrix3x3", "payoffs": [[[1.0,42.0],[26.0,37.0],[22.0,64.0]],[[22.0,23.0],[32.0,5.0],[16.0,19.0]],[[6.0,9.0],[2.0,46.0],[26.0,44.0]]]},
"G39": {"type": "Matrix3x3", "payoffs": [[[48.0,12.0],[52.0,13.0],[66.0,18.0]],[[79.0,9.0],[4.0,9.0],[4.0,2.0]],[[69.0,12.0],[48.0,9.0],[84.0,4.0]]]},
"G40": {"type": "Matrix3x3", "payoffs": [[[6.0,26.0],[27.0,2.0],[19.0,21.0]],[[39.0,7.0],[30.0,13.0],[30.0,5.0]],[[51.0,16.0],[31.0,14.0],[24.0,1.0]]]},
"G41": {"type": "Matrix3x3", "payoffs": [[[42.0,1.0],[34.0,15.0],[38.0,30.0]],[[22.0,29.0],[57.0,42.0],[4.0,53.0]],[[42.0,14.0],[0.0,9.0],[37.0,31.0]]]},
"G42": {"type": "Matrix3x3", "payoffs": [[[47.0,34.0],[7.0,40.0],[2.0,30.0]],[[22.0,44.0],[7.0,32.0],[28.0,25.0]],[[41.0,42.0],[4.0,25.0],[47.0,28.0]]]},
"G43": {"type": "Matrix3x3", "payoffs": [[[40.0,20.0],[11.0,25.0],[25.0,15.0]],[[36.0,13.0],[3.0,26.0],[10.0,6.0]],[[15.0,23.0],[18.0,0.0],[37.0,22.0]]]},
"G44": {"type": "Matrix3x3", "payoffs": [[[43.0,30.0],[7.0,53.0],[40.0,12.0]],[[61.0,37.0],[86.0,26.0],[25.0,37.0]],[[2.0,36.0],[15.0,49.0],[17.0,0.0]]]},
"G45": {"type": "Matrix3x3", "payoffs": [[[1.0,20.0],[22.0,14.0],[33.0,17.0]],[[8.0,26.0],[54.0,10.0],[4.0,13.0]],[[50.0,12.0],[44.0,10.0],[14.0,19.0]]]},
"G46": {"type": "Matrix3x3", "payoffs": [[[3.0,61.0],[5.0,58.0],[6.0,17.0]],[[9.0,43.0],[10.0,40.0],[10.0,44.0]],[[11.0,36.0],[3.0,43.0],[5.0,62.0]]]},
"G47": {"type": "Matrix3x3", "payoffs": [[[18.0,30.0],[8.0,23.0],[44.0,40.0]],[[14.0,37.0],[25.0,31.0],[28.0,13.0]],[[18.0,38.0],[1.0,60.0],[51.0,1.0]]]},
"G48": {"type": "Matrix3x3", "payoffs": [[[9.0,11.0],[58.0,12.0],[37.0,7.0]],[[57.0,7.0],[0.0,14.0],[22.0,2.0]],[[30.0,14.0],[12.0,10.0],[56.0,14.0]]]},
"G49": {"type": "Matrix3x3", "payoffs": [[[6.0,7.0],[5.0,43.0],[6.0,37.0]],[[4.0,10.0],[4.0,31.0],[5.0,54.0]],[[1.0,55.0],[4.0,30.0],[0.0,69.0]]]},
"G50": {"type": "Matrix3x3", "payoffs": [[[47.0,0.0],[47.0,2.0],[15.0,2.0]],[[34.0,2.0],[15.0,0.0],[36.0,2.0]],[[38.0,2.0],[15.0,0.0],[31.0,2.0]]]},
"G51": {"type": "Matrix3x3", "payoffs": [[[1.0,14.0],[1.0,4.0],[1.0,36.0]],[[1.0,31.0],[1.0,30.0],[0.0,13.0]],[[1.0,8.0],[1.0,32.0],[1.0,35.0]]]},
"G52": {"type": "Matrix3x3", "payoffs": [[[17.0,12.0],[46.0,14.0],[3.0,15.0]],[[18.0,49.0],[36.0,39.0],[38.0,9.0]],[[25.0,50.0],[58.0,47.0],[5.0,12.0]]]},
"G53": {"type": "Matrix3x3", "payoffs": [[[36.0,46.0],[62.0,45.0],[40.0,30.0]],[[9.0,17.0],[25.0,46.0],[84.0,8.0]],[[15.0,29.0],[44.0,21.0],[10.0,17.0]]]},
"G54": {"type": "Matrix3x3", "payoffs": [[[8.0,55.0],[22.0,29.0],[9.0,54.0]],[[10.0,77.0],[27.0,76.0],[23.0,56.0]],[[27.0,79.0],[13.0,38.0],[1.0,79.0]]]},
"G55": {"type": "Matrix3x3", "payoffs": [[[50.0,23.0],[2.0,7.0],[23.0,11.0]],[[23.0,35.0],[6.0,27.0],[31.0,27.0]],[[13.0,33.0],[19.0,9.0],[44.0,2.0]]]},
"G56": {"type": "Matrix3x3", "payoffs": [[[65.0,0.0],[5.0,2.0],[7.0,1.0]],[[47.0,0.0],[8.0,2.0],[24.0,0.0]],[[18.0,1.0],[63.0,2.0],[74.0,3.0]]]},
"G57": {"type": "Matrix3x3", "payoffs": [[[61.0,11.0],[37.0,12.0],[71.0,15.0]],[[28.0,14.0],[32.0,16.0],[52.0,31.0]],[[87.0,8.0],[46.0,17.0],[80.0,21.0]]]},
"G58": {"type": "Matrix3x3", "payoffs": [[[1.0,6.0],[2.0,6.0],[6.0,15.0]],[[4.0,23.0],[1.0,18.0],[3.0,12.0]],[[1.0,14.0],[3.0,7.0],[6.0,20.0]]]},
"G59": {"type": "Matrix3x3", "payoffs": [[[81.0,89.0],[45.0,52.0],[18.0,0.0]],[[77.0,34.0],[38.0,77.0],[26.0,36.0]],[[63.0,69.0],[12.0,49.0],[3.0,5.0]]]},
"G60": {"type": "Matrix3x3", "payoffs": [[[10.0,2.0],[8.0,3.0],[19.0,3.0]],[[17.0,1.0],[16.0,3.0],[14.0,2.0]],[[7.0,2.0],[18.0,0.0],[8.0,1.0]]]},
"G61": {"type": "Matrix3x3", "payoffs": [[[13.0,17.0],[7.0,69.0],[7.0,17.0]],[[6.0,29.0],[16.0,80.0],[2.0,11.0]],[[3.0,42.0],[6.0,30.0],[16.0,4.0]]]},
"G62": {"type": "Matrix3x3", "payoffs": [[[82.0,40.0],[15.0,8.0],[13.0,7.0]],[[38.0,36.0],[81.0,23.0],[56.0,42.0]],[[70.0,38.0],[2.0,38.0],[65.0,12.0]]]},
"G63": {"type": "Matrix3x3", "payoffs": [[[42.0,56.0],[58.0,52.0],[19.0,43.0]],[[32.0,67.0],[44.0,55.0],[36.0,38.0]],[[8.0,71.0],[4.0,64.0],[44.0,58.0]]]},
"G64": {"type": "Matrix3x3", "payoffs": [[[12.0,1.0],[6.0,4.0],[2.0,3.0]],[[18.0,2.0],[10.0,0.0],[12.0,4.0]],[[18.0,2.0],[17.0,7.0],[27.0,1.0]]]},
"G65": {"type": "Matrix3x3", "payoffs": [[[9.0,4.0],[41.0,35.0],[16.0,2.0]],[[4.0,20.0],[16.0,27.0],[36.0,21.0]],[[53.0,0.0],[48.0,65.0],[48.0,40.0]]]},
"G66": {"type": "Matrix3x3", "payoffs": [[[17.0,49.0],[7.0,4.0],[29.0,64.0]],[[18.0,2.0],[17.0,18.0],[9.0,31.0]],[[34.0,23.0],[17.0,24.0],[10.0,11.0]]]},
"G67": {"type": "Matrix3x3", "payoffs": [[[41.0,1.0],[18.0,1.0],[26.0,1.0]],[[21.0,1.0],[56.0,0.0],[26.0,1.0]],[[43.0,0.0],[10.0,1.0],[31.0,1.0]]]},
"G68": {"type": "Matrix3x3", "payoffs": [[[4.0,8.0],[14.0,24.0],[25.0,56.0]],[[49.0,54.0],[22.0,9.0],[42.0,18.0]],[[3.0,36.0],[14.0,20.0],[18.0,55.0]]]},
"G69": {"type": "Matrix3x3", "payoffs": [[[1.0,4.0],[1.0,10.0],[2.0,15.0]],[[4.0,16.0],[6.0,18.0],[0.0,23.0]],[[5.0,14.0],[6.0,20.0],[5.0,8.0]]]},
"G70": {"type": "Matrix3x3", "payoffs": [[[71.0,4.0],[66.0,16.0],[5.0,9.0]],[[11.0,6.0],[2.0,14.0],[56.0,15.0]],[[66.0,3.0],[60.0,2.0],[49.0,15.0]]]},
"G71": {"type": "Matrix3x3", "payoffs": [[[15.0,10.0],[22.0,11.0],[12.0,4.0]],[[9.0,11.0],[2.0,11.0],[24.0,4.0]],[[11.0,11.0],[2.0,6.0],[1.0,5.0]]]},
"G72": {"type": "Matrix3x3", "payoffs": [[[8.0,19.0],[2.0,58.0],[9.0,75.0]],[[5.0,65.0],[9.0,29.0],[12.0,67.0]],[[20.0,41.0],[25.0,55.0],[14.0,48.0]]]},
"G73": {"type": "Matrix3x3", "payoffs": [[[21.0,0.0],[1.0,14.0],[26.0,15.0]],[[4.0,9.0],[37.0,5.0],[34.0,19.0]],[[47.0,16.0],[27.0,1.0],[41.0,10.0]]]},
"G74": {"type": "Matrix3x3", "payoffs": [[[82.0,28.0],[72.0,11.0],[79.0,36.0]],[[49.0,27.0],[30.0,40.0],[36.0,19.0]],[[11.0,30.0],[35.0,25.0],[69.0,6.0]]]},
"G75": {"type": "Matrix3x3", "payoffs": [[[27.0,17.0],[1.0,53.0],[58.0,51.0]],[[76.0,30.0],[49.0,6.0],[1.0,41.0]],[[67.0,56.0],[1.0,24.0],[5.0,19.0]]]},
"G76": {"type": "Matrix3x3", "payoffs": [[[1.0,24.0],[88.0,33.0],[28.0,4.0]],[[64.0,22.0],[49.0,8.0],[39.0,16.0]],[[34.0,4.0],[31.0,28.0],[60.0,10.0]]]},
"G77": {"type": "Matrix3x3", "payoffs": [[[20.0,34.0],[30.0,40.0],[27.0,25.0]],[[30.0,8.0],[37.0,11.0],[20.0,34.0]],[[13.0,12.0],[15.0,20.0],[15.0,26.0]]]},
"G78": {"type": "Matrix3x3", "payoffs": [[[10.0,12.0],[22.0,14.0],[10.0,17.0]],[[12.0,7.0],[17.0,3.0],[25.0,8.0]],[[5.0,18.0],[15.0,18.0],[15.0,3.0]]]},
"G79": {"type": "Matrix3x3", "payoffs": [[[8.0,0.0],[12.0,0.0],[14.0,1.0]],[[9.0,0.0],[2.0,0.0],[8.0,1.0]],[[7.0,0.0],[13.0,0.0],[7.0,0.0]]]},
"G80": {"type": "Matrix3x3", "payoffs": [[[6.0,9.0],[10.0,25.0],[16.0,39.0]],[[8.0,51.0],[10.0,48.0],[12.0,45.0]],[[13.0,40.0],[6.0,0.0],[4.0,29.0]]]},
"G81": {"type": "Matrix3x3", "payoffs": [[[56.0,46.0],[54.0,26.0],[65.0,70.0]],[[94.0,67.0],[4.0,43.0],[24.0,0.0]],[[98.0,23.0],[58.0,34.0],[5.0,26.0]]]},
"G82": {"type": "Matrix3x3", "payoffs": [[[16.0,10.0],[25.0,17.0],[20.0,14.0]],[[2.0,15.0],[10.0,3.0],[0.0,2.0]],[[27.0,4.0],[27.0,35.0],[28.0,8.0]]]},
"G83": {"type": "Matrix3x3", "payoffs": [[[0.0,26.0],[0.0,27.0],[0.0,63.0]],[[0.0,3.0],[0.0,2.0],[0.0,64.0]],[[0.0,50.0],[0.0,23.0],[0.0,55.0]]]},
"G84": {"type": "Matrix3x3", "payoffs": [[[42.0,1.0],[51.0,40.0],[4.0,79.0]],[[28.0,58.0],[40.0,40.0],[10.0,30.0]],[[8.0,48.0],[21.0,77.0],[48.0,24.0]]]},
"G85": {"type": "Matrix3x3", "payoffs": [[[28.0,8.0],[52.0,22.0],[72.0,6.0]],[[27.0,32.0],[86.0,3.0],[39.0,26.0]],[[32.0,63.0],[56.0,13.0],[63.0,23.0]]]},
"G86": {"type": "Matrix3x3", "payoffs": [[[3.0,19.0],[23.0,29.0],[18.0,14.0]],[[16.0,30.0],[22.0,59.0],[68.0,65.0]],[[22.0,64.0],[23.0,86.0],[40.0,49.0]]]},
"G87": {"type": "Matrix3x3", "payoffs": [[[6.0,12.0],[4.0,16.0],[7.0,2.0]],[[3.0,6.0],[8.0,1.0],[0.0,12.0]],[[2.0,13.0],[8.0,10.0],[5.0,5.0]]]},
"G88": {"type": "Matrix3x3", "payoffs": [[[7.0,0.0],[5.0,0.0],[14.0,2.0]],[[12.0,1.0],[5.0,0.0],[25.0,1.0]],[[51.0,1.0],[61.0,1.0],[13.0,1.0]]]},
"G89": {"type": "Matrix3x3", "payoffs": [[[9.0,63.0],[25.0,13.0],[8.0,22.0]],[[25.0,49.0],[17.0,53.0],[5.0,76.0]],[[5.0,53.0],[0.0,73.0],[14.0,58.0]]]},
"G90": {"type": "Matrix3x3", "payoffs": [[[11.0,58.0],[61.0,15.0],[22.0,36.0]],[[33.0,33.0],[19.0,30.0],[33.0,42.0]],[[59.0,49.0],[64.0,48.0],[41.0,51.0]]]},
"G91": {"type": "Matrix3x3", "payoffs": [[[33.0,9.0],[36.0,56.0],[29.0,10.0]],[[33.0,46.0],[87.0,48.0],[78.0,37.0]],[[4.0,10.0],[9.0,38.0],[46.0,59.0]]]},
"G92": {"type": "Matrix3x3", "payoffs": [[[64.0,74.0],[28.0,55.0],[31.0,36.0]],[[7.0,33.0],[34.0,2.0],[5.0,58.0]],[[54.0,72.0],[23.0,31.0],[2.0,61.0]]]},
"G93": {"type": "Matrix3x3", "payoffs": [[[1.0,5.0],[9.0,84.0],[4.0,50.0]],[[4.0,20.0],[4.0,49.0],[12.0,54.0]],[[5.0,44.0],[3.0,58.0],[2.0,21.0]]]},
"G94": {"type": "Matrix3x3", "payoffs": [[[12.0,2.0],[5.0,25.0],[4.0,26.0]],[[9.0,7.0],[29.0,22.0],[1.0,17.0]],[[29.0,2.0],[1.0,16.0],[3.0,7.0]]]},
"G95": {"type": "Matrix3x3", "payoffs": [[[6.0,3.0],[42.0,7.0],[29.0,3.0]],[[0.0,0.0],[19.0,4.0],[47.0,7.0]],[[15.0,11.0],[18.0,4.0],[25.0,6.0]]]},
"G96": {"type": "Matrix3x3", "payoffs": [[[24.0,29.0],[1.0,17.0],[31.0,49.0]],[[69.0,1.0],[36.0,6.0],[45.0,34.0]],[[66.0,13.0],[3.0,23.0],[20.0,37.0]]]},
"G97": {"type": "Matrix3x3", "payoffs": [[[89.0,17.0],[25.0,20.0],[38.0,4.0]],[[18.0,38.0],[71.0,39.0],[36.0,12.0]],[[26.0,10.0],[53.0,24.0],[47.0,18.0]]]},
"G98": {"type": "Matrix3x3", "payoffs": [[[46.0,36.0],[13.0,26.0],[35.0,9.0]],[[26.0,39.0],[32.0,7.0],[42.0,34.0]],[[48.0,42.0],[60.0,4.0],[10.0,46.0]]]},
"G99": {"type": "Matrix3x3", "payoffs": [[[15.0,1.0],[23.0,51.0],[5.0,31.0]],[[23.0,41.0],[31.0,16.0],[17.0,5.0]],[[27.0,50.0],[27.0,32.0],[15.0,5.0]]]},
"G100": {"type": "Matrix3x3", "payoffs": [[[12.0,4.0],[7.0,3.0],[22.0,6.0]],[[4.0,8.0],[17.0,5.0],[6.0,3.0]],[[0.0,7.0],[18.0,7.0],[10.0,4.0]]]}
}