{
"numGames": 100,
"G1": {"type": "Matrix3x3", "payoffs": [[[30.0,6.0],[46.0,10.0],[46.0,1.0]],[[15.0,10.0],[40.0,6.0],[9.0,8.0]],[[3.0,10.0],[6.0,3.0],[23.0,1.0]]]},
"G2": {"type": "Matrix3x3", "payoffs": [[[18.0,22.0],[3.0,27.0],[34.0,19.0]],[[1.0,5.0],[51.0,37.0],[35.0,15.0]],[[40.0,3.0],[18.0,28.0],[5.0,20.0]]]},
"G3": {"type": "Matrix3x3", "payoffs": [[[13.0,56.0],[25.0,52.0],[3.0,26.0]],[[12.0,36.0],[16.0,31.0],[6.0,7.0]],[[25.0,36.0],[2.0,22.0],[18.0,23.0]]]},
"G4": {"type": "Matrix3x3", "payoffs": [[[50.0,31.0],[55.0,58.0],[65.0,41.0]],[[11.0,50.0],[13.0,60.0],[47.0,30.0]],[[34.0,31.0],[70.0,41.0],[18.0,54.0]]]},
"G5": {"type": "Matrix3x3", "payoffs": [[[6.0,11.0],[58.0,17.0],[61.0,37.0]],[[76.0,48.0],[50.0,38.0],[49.0,43.0]],[[45.0,48.0],[27.0,6.0],[53.0,2.0]]]},
"G6": {"type": "Matrix3x3", "payoffs": [[[2.0,7.0],[20.0,18.0],[9.0,16.0]],[[5.0,23.0],[36.0,12.0],[49.0,7.0]],[[30.0,7.0],[30.0,8.0],[46.0,9.0]]]},
"G7": {"type": "Matrix3x3", "payoffs": [[[19.0,5.0],[1.0,26.0],[18.0,43.0]],[[14.0,0.0],[3.0,1.0],[3.0,31.0]],[[17.0,32.0],[4.0,23.0],[8.0,26.0]]]},
"G8": {"type": "Matrix3x3", "payoffs": [[[18.0,20.0],[15.0,48.0],[22.0,45.0]],[[5.0,25.0],[15.0,39.0],[7.0,65.0]],[[20.0,26.0],[21.0,68.0],[4.0,31.0]]]},
"G9": {"type": "Matrix3x3", "payoffs": [[[2.0,27.0],[7.0,17.0],[0.0,11.0]],[[3.0,16.0],[0.0,10.0],[0.0,2.0]],[[6.0,19.0],[8.0,14.0],[7.0,18.0]]]},
"G10": {"type": "Matrix3x3", "payoffs": [[[52.0,11.0],[49.0,17.0],[59.0,19.0]],[[31.0,3.0],[81.0,13.0],[74.0,13.0]],[[50.0,3.0],[52.0,17.0],[76.0,14.0]]]},
"G11": {"type": "Matrix3x3", "payoffs": [[[14.0,6.0],[41.0,38.0],[15.0,19.0]],[[16.0,10.0],[45.0,44.0],[20.0,52.0]],[[24.0,29.0],[27.0,55.0],[13.0,55.0]]]},
"G12": {"type": "Matrix3x3", "payoffs": [[[6.0,10.0],[12.0,10.0],[2.0,39.0]],[[2.0,22.0],[3.0,0.0],[15.0,39.0]],[[9.0,46.0],[6.0,32.0],[13.0,19.0]]]},
"G13": {"type": "Matrix3x3", "payoffs": [[[15.0,10.0],[40.0,2.0],[49.0,72.0]],[[22.0,30.0],[19.0,64.0],[42.0,17.0]],[[39.0,37.0],[45.0,23.0],[20.0,47.0]]]},
"G14": {"type": "Matrix3x3", "payoffs": [[[77.0,67.0],[91.0,81.0],[46.0,82.0]],[[79.0,60.0],[12.0,34.0],[52.0,16.0]],[[72.0,14.0],[10.0,82.0],[93.0,22.0]]]},
"G15": {"type": "Matrix3x3", "payoffs": [[[22.0,23.0],[9.0,16.0],[49.0,19.0]],[[46.0,29.0],[3.0,0.0],[48.0,12.0]],[[4.0,30.0],[24.0,2.0],[62.0,12.0]]]},
"G16": {"type": "Matrix3x3", "payoffs": [[[11.0,38.0],[10.0,3.0],[41.0,14.0]],[[37.0,13.0],[3.0,6.0],[31.0,20.0]],[[39.0,6.0],[26.0,29.0],[13.0,1.0]]]},
"G17": {"type": "Matrix3x3", "payoffs": [[[12.0,29.0],[13.0,21.0],[6.0,35.0]],[[2.0,6.0],[4.0,2.0],[9.0,23.0]],[[12.0,45.0],[13.0,31.0],[3.0,17.0]]]},
"G18": {"type": "Matrix3x3", "payoffs": [[[25.0,48.0],[20.0,40.0],[1.0,62.0]],[[33.0,36.0],[30.0,59.0],[7.0,11.0]],[[12.0,12.0],[10.0,45.0],[4.0,15.0]]]},
"G19": {"type": "Matrix3x3", "payoffs": [[[23.0,4.0],[20.0,21.0],[55.0,16.0]],[[22.0,33.0],[14.0,5.0],[53.0,35.0]],[[36.0,1.0],[78.0,5.0],[77.0,15.0]]]},
"G20": {"type": "Matrix3x3", "payoffs": [[[7.0,2.0],[33.0,26.0],[19.0,28.0]],[[14.0,9.0],[5.0,25.0],[12.0,32.0]],[[57.0,3.0],[4.0,29.0],[21.0,36.0]]]},
"G21": {"type": "Matrix3x3", "payoffs": [[[14.0,16.0],[16.0,64.0],[4.0,17.0]],[[10.0,10.0],[3.0,93.0],[14.0,74.0]],[[5.0,93.0],[10.0,12.0],[17.0,42.0]]]},
"G22": {"type": "Matrix3x3", "payoffs": [[[12.0,15.0],[17.0,34.0],[9.0,2.0]],[[2.0,3.0],[5.0,38.0],[25.0,0.0]],[[2.0,36.0],[24.0,5.0],[22.0,12.0]]]},
"G23": {"type": "Matrix3x3", "payoffs": [[[44.0,24.0],[1.0,23.0],[63.0,30.0]],[[39.0,16.0],[32.0,22.0],[34.0,1.0]],[[49.0,18.0],[31.0,29.0],[31.0,8.0]]]},
"G24": {"type": "Matrix3x3", "payoffs": [[[53.0,3.0],[25.0,2.0],[39.0,4.0]],[[39.0,3.0],[20.0,5.0],[43.0,4.0]],[[43.0,1.0],[1.0,0.0],[19.0,1.0]]]},
"G25": {"type": "Matrix3x3", "payoffs": [[[6.0,2.0],[0.0,8.0],[10.0,6.0]],[[43.0,7.0],[23.0,6.0],[19.0,10.0]],[[1.0,6.0],[2.0,3.0],[18.0,5.0]]]},
"G26": {"type": "Matrix3x3", "payoffs": [[[16.0,31.0],[26.0,7.0],[13.0,6.0]],[[6.0,35.0],[45.0,26.0],[19.0,3.0]],[[19.0,35.0],[48.0,23.0],[23.0,22.0]]]},
"G27": {"type": "Matrix3x3", "payoffs": [[[15.0,0.0],[7.0,2.0],[11.0,1.0]],[[15.0,4.0],[13.0,4.0],[5.0,1.0]],[[13.0,4.0],[14.0,5.0],[13.0,1.0]]]},
"G28": {"type": "Matrix3x3", "payoffs": [[[2.0,1.0],[72.0,0.0],[80.0,4.0]],[[58.0,9.0],[70.0,1.0],[49.0,2.0]],[[43.0,8.0],[49.0,7.0],[32.0,8.0]]]},
"G29": {"type": "Matrix3x3", "payoffs": [[[14.0,2.0],[14.0,7.0],[15.0,28.0]],[[29.0,24.0],[3.0,29.0],[19.0,10.0]],[[9.0,22.0],[17.0,2.0],[8.0,8.0]]]},
"G30": {"type": "Matrix3x3", "payoffs": [[[9.0,43.0],[0.0,11.0],[6.0,29.0]],[[10.0,13.0],[6.0,36.0],[9.0,8.0]],[[3.0,26.0],[2.0,40.0],[12.0,33.0]]]},
"G31": {"type": "Matrix3x3", "payoffs": [[[34.0,11.0],[43.0,23.0],[29.0,5.0]],[[11.0,3.0],[20.0,22.0],[28.0,22.0]],[[44.0,1.0],[26.0,15.0],[49.0,9.0]]]},
"G32": {"type": "Matrix3x3", "payoffs": [[[46.0,35.0],[0.0,25.0],[94.0,54.0]],[[76.0,21.0],[35.0,23.0],[70.0,64.0]],[[32.0,29.0],[65.0,12.0],[10.0,80.0]]]},
"G33": {"type": "Matrix3x3", "payoffs": [[[46.0,5.0],[18.0,8.0],[36.0,1.0]],[[11.0,5.0],[33.0,5.0],[46.0,8.0]],[[40.0,8.0],[30.0,7.0],[36.0,6.0]]]},
"G34": {"type": "Matrix3x3", "payoffs": [[[21.0,43.0],[9.0,68.0],[22.0,3.0]],[[17.0,47.0],[5.0,8.0],[7.0,9.0]],[[9.0,56.0],[14.0,50.0],[8.0,53.0]]]},
"G35": {"type": "Matrix3x3", "payoffs": [[[32.0,46.0],[35.0,5.0],[65.0,68.0]],[[48.0,59.0],[14.0,63.0],[6.0,28.0]],[[28.0,63.0],[14.0,34.0],[18.0,40.0]]]},
"G36": {"type": "Matrix3x3", "payoffs": [[[5.0,56.0],[27.0,68.0],[17.0,23.0]],[[22.0,16.0],[20.0,29.0],[9.0,65.0]],[[18.0,6.0],[20.0,22.0],[19.0,36.0]]]},
"G37": {"type": "Matrix3x3", "payoffs": [[[1.0,81.0],[12.0,47.0],[19.0,11.0]],[[13.0,56.0],[6.0,30.0],[11.0,33.0]],[[18.0,0.0],[21.0,48.0],[8.0,34.0]]]},
"G38": {"type": "Matrix3x3", "payoffs": [[[9.0,11.0],[19.0,6.0],[37.0,2.0]],[[12.0,4.0],[9.0,9.0],[2.0,9.0]],[[33.0,11.0],[1.0,10.0],[36.0,4.0]]]},
"G39": {"type": "Matrix3x3", "payoffs": [[[19.0,5.0],[0.0,95.0],[7.0,43.0]],[[25.0,48.0],[22.0,4.0],[4.0,99.0]],[[9.0,76.0],[4.0,58.0],[10.0,92.0]]]},
"G40": {"type": "Matrix3x3", "payoffs": [[[15.0,2.0],[42.0,6.0],[32.0,10.0]],[[39.0,2.0],[38.0,11.0],[1.0,7.0]],[[21.0,7.0],[29.0,22.0],[36.0,1.0]]]},
"G41": {"type": "Matrix3x3", "payoffs": [[[2.0,13.0],[1.0,33.0],[6.0,18.0]],[[6.0,14.0],[1.0,38.0],[3.0,26.0]],[[5.0,23.0],[5.0,28.0],[1.0,2.0]]]},
"G42": {"type": "Matrix3x3", "payoffs": [[[70.0,35.0],[73.0,24.0],[77.0,15.0]],[[65.0,28.0],[69.0,35.0],[63.0,13.0]],[[39.0,37.0],[80.0,48.0],[19.0,32.0]]]},
"G43": {"type": "Matrix3x3", "payoffs": [[[27.0,15.0],[14.0,10.0],[7.0,27.0]],[[27.0,8.0],[31.0,23.0],[19.0,13.0]],[[16.0,24.0],[6.0,21.0],[25.0,8.0]]]},
"G44": {"type": "Matrix3x3", "payoffs": [[[85.0,10.0],[25.0,23.0],[15.0,21.0]],[[57.0,25.0],[49.0,28.0],[92.0,44.0]],[[83.0,5.0],[53.0,18.0],[37.0,22.0]]]},
"G45": {"type": "Matrix3x3", "payoffs": [[[25.0,11.0],[20.0,59.0],[14.0,32.0]],[[26.0,9.0],[21.0,41.0],[25.0,35.0]],[[5.0,48.0],[15.0,28.0],[12.0,25.0]]]},
"G46": {"type": "Matrix3x3", "payoffs": [[[4.0,14.0],[10.0,7.0],[8.0,9.0]],[[8.0,9.0],[14.0,0.0],[7.0,13.0]],[[6.0,11.0],[5.0,8.0],[3.0,13.0]]]},
"G47": {"type": "Matrix3x3", "payoffs": [[[59.0,28.0],[40.0,14.0],[33.0,45.0]],[[52.0,27.0],[41.0,57.0],[50.0,27.0]],[[53.0,59.0],[21.0,14.0],[56.0,34.0]]]},
"G48": {"type": "Matrix3x3", "payoffs": [[[37.0,0.0],[6.0,5.0],[16.0,2.0]],[[31.0,4.0],[21.0,0.0],[54.0,4.0]],[[55.0,4.0],[51.0,9.0],[1.0,9.0]]]},
"G49": {"type": "Matrix3x3", "payoffs": [[[0.0,3.0],[14.0,52.0],[48.0,49.0]],[[53.0,45.0],[54.0,47.0],[43.0,39.0]],[[43.0,18.0],[61.0,54.0],[0.0,28.0]]]},
"G50": {"type": "Matrix3x3", "payoffs": [[[37.0,21.0],[34.0,4.0],[30.0,15.0]],[[55.0,11.0],[34.0,9.0],[15.0,7.0]],[[52.0,4.0],[53.0,20.0],[57.0,13.0]]]},
"G51": {"type": "Matrix3x3", "payoffs": [[[62.0,3.0],[70.0,6.0],[22.0,5.0]],[[63.0,7.0],[50.0,6.0],[21.0,4.0]],[[38.0,5.0],[2.0,3.0],[51.0,5.0]]]},
"G52": {"type": "Matrix3x3", "payoffs": [[[27.0,0.0],[33.0,3.0],[26.0,3.0]],[[20.0,1.0],[15.0,2.0],[33.0,0.0]],[[32.0,5.0],[53.0,4.0],[36.0,3.0]]]},
"G53": {"type": "Matrix3x3", "payoffs": [[[21.0,18.0],[7.0,55.0],[18.0,44.0]],[[6.0,50.0],[2.0,7.0],[14.0,31.0]],[[1.0,42.0],[8.0,58.0],[13.0,45.0]]]},
"G54": {"type": "Matrix3x3", "payoffs": [[[30.0,71.0],[26.0,69.0],[56.0,71.0]],[[65.0,29.0],[20.0,57.0],[35.0,46.0]],[[24.0,35.0],[44.0,49.0],[11.0,71.0]]]},
"G55": {"type": "Matrix3x3", "payoffs": [[[6.0,21.0],[13.0,54.0],[15.0,51.0]],[[2.0,20.0],[16.0,52.0],[7.0,66.0]],[[3.0,58.0],[12.0,26.0],[21.0,41.0]]]},
"G56": {"type": "Matrix3x3", "payoffs": [[[19.0,41.0],[26.0,7.0],[30.0,6.0]],[[30.0,11.0],[24.0,27.0],[36.0,13.0]],[[27.0,9.0],[21.0,38.0],[26.0,11.0]]]},
"G57": {"type": "Matrix3x3", "payoffs": [[[33.0,17.0],[29.0,37.0],[58.0,38.0]],[[1.0,28.0],[27.0,63.0],[56.0,72.0]],[[36.0,50.0],[10.0,51.0],[16.0,27.0]]]},
"G58": {"type": "Matrix3x3", "payoffs": [[[12.0,44.0],[2.0,32.0],[21.0,9.0]],[[36.0,5.0],[21.0,10.0],[0.0,43.0]],[[2.0,33.0],[16.0,8.0],[2.0,41.0]]]},
"G59": {"type": "Matrix3x3", "payoffs": [[[11.0,11.0],[17.0,42.0],[22.0,36.0]],[[11.0,3.0],[19.0,30.0],[21.0,50.0]],[[21.0,34.0],[5.0,16.0],[7.0,26.0]]]},
"G60": {"type": "Matrix3x3", "payoffs": [[[72.0,1.0],[36.0,24.0],[67.0,17.0]],[[74.0,12.0],[49.0,13.0],[40.0,6.0]],[[20.0,20.0],[45.0,2.0],[51.0,5.0]]]},
"G61": {"type": "Matrix3x3", "payoffs": [[[50.0,42.0],[42.0,36.0],[18.0,13.0]],[[25.0,16.0],[60.0,23.0],[47.0,36.0]],[[35.0,29.0],[28.0,24.0],[41.0,7.0]]]},
"G62": {"type": "Matrix3x3", "payoffs": [[[4.0,7.0],[21.0,12.0],[3.0,2.0]],[[13.0,7.0],[3.0,7.0],[9.0,3.0]],[[8.0,7.0],[7.0,5.0],[13.0,6.0]]]},
"G63": {"type": "Matrix3x3", "payoffs": [[[9.0,9.0],[15.0,25.0],[12.0,29.0]],[[2.0,36.0],[13.0,36.0],[25.0,36.0]],[[13.0,14.0],[13.0,19.0],[7.0,3.0]]]},
"G64": {"type": "Matrix3x3", "payoffs": [[[45.0,33.0],[37.0,14.0],[91.0,5.0]],[[25.0,7.0],[4.0,40.0],[76.0,31.0]],[[64.0,34.0],[65.0,21.0],[52.0,31.0]]]},
"G65": {"type": "Matrix3x3", "payoffs": [[[23.0,23.0],[37.0,49.0],[8.0,19.0]],[[15.0,13.0],[54.0,7.0],[6.0,42.0]],[[33.0,37.0],[62.0,11.0],[21.0,35.0]]]},
"G66": {"type": "Matrix3x3", "payoffs": [[[36.0,70.0],[35.0,92.0],[27.0,29.0]],[[2.0,24.0],[11.0,12.0],[21.0,71.0]],[[8.0,29.0],[27.0,88.0],[20.0,33.0]]]},
"G67": {"type": "Matrix3x3", "payoffs": [[[6.0,47.0],[9.0,23.0],[12.0,1.0]],[[12.0,17.0],[2.0,21.0],[1.0,28.0]],[[13.0,40.0],[17.0,36.0],[15.0,47.0]]]},
"G68": {"type": "Matrix3x3", "payoffs": [[[12.0,24.0],[6.0,26.0],[4.0,14.0]],[[23.0,22.0],[17.0,27.0],[20.0,8.0]],[[17.0,12.0],[20.0,17.0],[18.0,22.0]]]},
"G69": {"type": "Matrix3x3", "payoffs": [[[15.0,41.0],[5.0,32.0],[26.0,21.0]],[[1.0,68.0],[10.0,81.0],[13.0,6.0]],[[23.0,9.0],[24.0,67.0],[29.0,59.0]]]},
"G70": {"type": "Matrix3x3", "payoffs": [[[51.0,68.0],[26.0,69.0],[44.0,78.0]],[[36.0,2.0],[14.0,54.0],[30.0,72.0]],[[21.0,56.0],[2.0,54.0],[29.0,77.0]]]},
"G71": {"type": "Matrix3x3", "payoffs": [[[33.0,2.0],[31.0,2.0],[50.0,1.0]],[[69.0,3.0],[39.0,4.0],[74.0,1.0]],[[32.0,1.0],[39.0,1.0],[6.0,2.0]]]},
"G72": {"type": "Matrix3x3", "payoffs": [[[17.0,83.0],[65.0,25.0],[9.0,87.0]],[[49.0,38.0],[38.0,2.0],[72.0,77.0]],[[40.0,39.0],[72.0,81.0],[9.0,54.0]]]},
"G73": {"type": "Matrix3x3", "payoffs": [[[39.0,15.0],[46.0,20.0],[27.0,0.0]],[[33.0,2.0],[49.0,3.0],[48.0,21.0]],[[9.0,19.0],[24.0,20.0],[21.0,19.0]]]},
"G74": {"type": "Matrix3x3", "payoffs": [[[7.0,1.0],[24.0,3.0],[76.0,2.0]],[[19.0,22.0],[38.0,23.0],[45.0,12.0]],[[11.0,30.0],[6.0,31.0],[25.0,27.0]]]},
"G75": {"type": "Matrix3x3", "payoffs": [[[3.0,5.0],[3.0,11.0],[2.0,13.0]],[[1.0,15.0],[3.0,14.0],[2.0,11.0]],[[2.0,16.0],[6.0,5.0],[2.0,5.0]]]},
"G76": {"type": "Matrix3x3", "payoffs": [[[71.0,32.0],[24.0,45.0],[71.0,17.0]],[[61.0,35.0],[80.0,24.0],[35.0,28.0]],[[18.0,14.0],[83.0,19.0],[9.0,4.0]]]},
"G77": {"type": "Matrix3x3", "payoffs": [[[0.0,10.0],[4.0,1.0],[7.0,24.0]],[[0.0,7.0],[10.0,1.0],[11.0,11.0]],[[11.0,6.0],[6.0,18.0],[6.0,9.0]]]},
"G78": {"type": "Matrix3x3", "payoffs": [[[67.0,2.0],[15.0,8.0],[86.0,12.0]],[[7.0,12.0],[84.0,6.0],[23.0,17.0]],[[52.0,0.0],[93.0,14.0],[7.0,11.0]]]},
"G79": {"type": "Matrix3x3", "payoffs": [[[19.0,87.0],[35.0,64.0],[2.0,37.0]],[[22.0,19.0],[23.0,18.0],[8.0,83.0]],[[43.0,14.0],[32.0,49.0],[18.0,42.0]]]},
"G80": {"type": "Matrix3x3", "payoffs": [[[22.0,51.0],[22.0,45.0],[70.0,39.0]],[[71.0,3.0],[70.0,48.0],[37.0,27.0]],[[34.0,26.0],[19.0,11.0],[8.0,58.0]]]},
"G81": {"type": "Matrix3x3", "payoffs": [[[17.0,4.0],[13.0,4.0],[43.0,3.0]],[[67.0,2.0],[34.0,4.0],[48.0,0.0]],[[85.0,2.0],[50.0,2.0],[73.0,1.0]]]},
"G82": {"type": "Matrix3x3", "payoffs": [[[12.0,29.0],[11.0,36.0],[6.0,8.0]],[[17.0,31.0],[8.0,41.0],[8.0,47.0]],[[9.0,10.0],[16.0,30.0],[9.0,15.0]]]},
"G83": {"type": "Matrix3x3", "payoffs": [[[11.0,14.0],[20.0,26.0],[28.0,23.0]],[[26.0,42.0],[2.0,42.0],[5.0,37.0]],[[14.0,25.0],[15.0,41.0],[15.0,15.0]]]},
"G84": {"type": "Matrix3x3", "payoffs": [[[35.0,66.0],[67.0,46.0],[67.0,47.0]],[[41.0,21.0],[17.0,45.0],[1.0,15.0]],[[27.0,15.0],[6.0,1.0],[27.0,41.0]]]},
"G85": {"type": "Matrix3x3", "payoffs": [[[16.0,51.0],[9.0,31.0],[17.0,38.0]],[[14.0,37.0],[23.0,46.0],[13.0,47.0]],[[19.0,1.0],[2.0,28.0],[5.0,31.0]]]},
"G86": {"type": "Matrix3x3", "payoffs": [[[33.0,30.0],[25.0,19.0],[31.0,32.0]],[[12.0,31.0],[30.0,64.0],[33.0,26.0]],[[35.0,42.0],[1.0,30.0],[25.0,63.0]]]},
"G87": {"type": "Matrix3x3", "payoffs": [[[3.0,26.0],[8.0,37.0],[2.0,42.0]],[[4.0,31.0],[4.0,62.0],[2.0,51.0]],[[14.0,45.0],[4.0,44.0],[4.0,58.0]]]},
"G88": {"type": "Matrix3x3", "payoffs": [[[33.0,63.0],[28.0,20.0],[62.0,72.0]],[[22.0,61.0],[61.0,17.0],[16.0,43.0]],[[32.0,79.0],[50.0,35.0],[10.0,75.0]]]},
"G89": {"type": "Matrix3x3", "payoffs": [[[6.0,7.0],[0.0,68.0],[1.0,26.0]],[[3.0,53.0],[5.0,57.0],[3.0,26.0]],[[5.0,66.0],[3.0,2.0],[0.0,56.0]]]},
"G90": {"type": "Matrix3x3", "payoffs": [[[31.0,6.0],[40.0,5.0],[1.0,7.0]],[[63.0,2.0],[34.0,3.0],[40.0,5.0]],[[58.0,7.0],[58.0,5.0],[35.0,2.0]]]},
"G91": {"type": "Matrix3x3", "payoffs": [[[12.0,21.0],[54.0,45.0],[45.0,3.0]],[[8.0,18.0],[51.0,22.0],[12.0,20.0]],[[44.0,21.0],[10.0,46.0],[7.0,18.0]]]},
"G92": {"type": "Matrix3x3", "payoffs": [[[80.0,14.0],[52.0,33.0],[51.0,47.0]],[[40.0,15.0],[85.0,22.0],[9.0,48.0]],[[65.0,9.0],[59.0,33.0],[30.0,68.0]]]},
"G93": {"type": "Matrix3x3", "payoffs": [[[0.0,53.0],[0.0,43.0],[1.0,44.0]],[[0.0,37.0],[0.0,31.0],[1.0,12.0]],[[0.0,10.0],[0.0,18.0],[0.0,35.0]]]},
"G94": {"type": "Matrix3x3", "payoffs": [[[3.0,28.0],[9.0,4.0],[19.0,7.0]],[[14.0,44.0],[2.0,69.0],[13.0,86.0]],[[18.0,11.0],[1.0,26.0],[20.0,36.0]]]},
"G95": {"type": "Matrix3x3", "payoffs": [[[14.0,62.0],[2.0,35.0],[2.0,62.0]],[[7.0,57.0],[5.0,79.0],[5.0,27.0]],[[2.0,80.0],[9.0,73.0],[12.0,54.0]]]},
"G96": {"type": "Matrix3x3", "payoffs": [[[3.0,19.0],[6.0,13.0],[0.0,17.0]],[[5.0,17.0],[4.0,38.0],[5.0,30.0]],[[0.0,34.0],[3.0,21.0],[6.0,25.0]]]},
"G97": {"type": "Matrix3x3", "payoffs": [[[24.0,37.0],[27.0,29.0],[65.0,35.0]],[[74.0,14.0],[2.0,37.0],[7.0,15.0]],[[64.0,8.0],[73.0,38.0],[65.0,41.0]]]},
"G98": {"type": "Matrix3x3", "payoffs": [[[71.0,6.0],[72.0,8.0],[56.0,8.0]],[[2.0,13.0],[70.0,7.0],[57.0,5.0]],[[51.0,8.0],[39.0,6.0],[6.0,18.0]]]},
"G99": {"type": "Matrix3x3", "payoffs": [[[8.0,1.0],[25.0,3.0],[3.0,7.0]],[[36.0,4.0],[33.0,8.0],[16.0,2.0]],[[18.0,9.0],[19.0,3.0],[16.0,7.0]]]},
"G100": {"type": "Matrix3x3", "payoffs": [[[27.0,0.0],[17.0,2.0],[29.0,2.0]],[[12.0,1.0],[29.0,0.0],[5.0,1.0]],[[8.0,1.0],[5.0,1.0],[6.0,2.0]]]}
}