{
"numGames": 100,
"G1": {"type": "Matrix3x3", "payoffs": [[[23.0,21.0],[3.0,42.0],[1.0,52.0]],[[28.0,52.0],[11.0,38.0],[5.0,38.0]],[[1.0,8.0],[18.0,33.0],[23.0,0.0]]]},
"G2": {"type": "Matrix3x3", "payoffs": [[[16.0,7.0],[33.0,25.0],[11.0,18.0]],[[16.0,9.0],[20.0,6.0],[6.0,23.0]],[[28.0,14.0],[17.0,21.0],[17.0,14.0]]]},
"G3": {"type": "Matrix3x3", "payoffs": [[[31.0,4.0],[47.0,4.0],[12.0,5.0]],[[23.0,1.0],[19.0,0.0],[10.0,4.0]],[[24.0,4.0],[10.0,3.0],[24.0,5.0]]]},
"G4": {"type": "Matrix3x3", "payoffs": [[[10.0,24.0],[3.0,31.0],[11.0,36.0]],[[4.0,11.0],[10.0,20.0],[7.0,6.0]],[[10.0,30.0],[0.0,16.0],[5.0,29.0]]]},
"G5": {"type": "Matrix3x3", "payoffs": [[[37.0,10.0],[56.0,9.0],[38.0,9.0]],[[37.0,12.0],[65.0,7.0],[47.0,9.0]],[[28.0,0.0],[6.0,14.0],[18.0,3.0]]]},
"G6": {"type": "Matrix3x3", "payoffs": [[[30.0,49.0],[18.0,54.0],[46.0,12.0]],[[28.0,36.0],[32.0,20.0],[28.0,10.0]],[[17.0,45.0],[17.0,49.0],[21.0,41.0]]]},
"G7": {"type": "Matrix3x3", "payoffs": [[[42.0,84.0],[35.0,66.0],[55.0,44.0]],[[22.0,68.0],[2.0,7.0],[5.0,70.0]],[[21.0,68.0],[23.0,3.0],[26.0,58.0]]]},
"G8": {"type": "Matrix3x3", "payoffs": [[[4.0,0.0],[6.0,6.0],[11.0,5.0]],[[12.0,4.0],[18.0,0.0],[19.0,5.0]],[[9.0,7.0],[1.0,12.0],[16.0,4.0]]]},
"G9": {"type": "Matrix3x3", "payoffs": [[[4.0,21.0],[7.0,5.0],[9.0,13.0]],[[0.0,11.0],[3.0,22.0],[9.0,3.0]],[[9.0,12.0],[3.0,15.0],[7.0,12.0]]]},
"G10": {"type": "Matrix3x3", "payoffs": [[[8.0,21.0],[17.0,22.0],[16.0,33.0]],[[6.0,5.0],[9.0,10.0],[15.0,9.0]],[[8.0,2.0],[2.0,33.0],[13.0,7.0]]]},
"G11": {"type": "Matrix3x3", "payoffs": [[[16.0,51.0],[80.0,9.0],[62.0,41.0]],[[79.0,35.0],[39.0,10.0],[17.0,30.0]],[[27.0,26.0],[84.0,38.0],[36.0,60.0]]]},
"G12": {"type": "Matrix3x3", "payoffs": [[[5.0,89.0],[6.0,26.0],[35.0,34.0]],[[50.0,46.0],[46.0,42.0],[13.0,92.0]],[[21.0,8.0],[24.0,22.0],[37.0,63.0]]]},
"G13": {"type": "Matrix3x3", "payoffs": [[[2.0,9.0],[17.0,20.0],[12.0,3.0]],[[48.0,27.0],[5.0,5.0],[7.0,5.0]],[[0.0,24.0],[52.0,15.0],[67.0,5.0]]]},
"G14": {"type": "Matrix3x3", "payoffs": [[[46.0,25.0],[7.0,13.0],[18.0,23.0]],[[55.0,6.0],[8.0,21.0],[49.0,12.0]],[[30.0,3.0],[70.0,9.0],[36.0,4.0]]]},
"G15": {"type": "Matrix3x3", "payoffs": [[[50.0,3.0],[20.0,29.0],[49.0,19.0]],[[8.0,2.0],[1.0,10.0],[21.0,1.0]],[[5.0,5.0],[35.0,24.0],[37.0,17.0]]]},
"G16": {"type": "Matrix3x3", "payoffs": [[[36.0,3.0],[12.0,17.0],[10.0,18.0]],[[19.0,8.0],[16.0,10.0],[31.0,3.0]],[[15.0,13.0],[8.0,8.0],[19.0,1.0]]]},
"G17": {"type": "Matrix3x3", "payoffs": [[[11.0,28.0],[13.0,52.0],[11.0,48.0]],[[24.0,51.0],[26.0,14.0],[30.0,14.0]],[[13.0,57.0],[29.0,17.0],[10.0,44.0]]]},
"G18": {"type": "Matrix3x3", "payoffs": [[[4.0,56.0],[21.0,60.0],[28.0,34.0]],[[12.0,55.0],[35.0,20.0],[12.0,52.0]],[[28.0,45.0],[29.0,1.0],[16.0,24.0]]]},
"G19": {"type": "Matrix3x3", "payoffs": [[[12.0,8.0],[2.0,5.0],[18.0,4.0]],[[12.0,30.0],[9.0,45.0],[13.0,86.0]],[[14.0,44.0],[3.0,25.0],[11.0,5.0]]]},
"G20": {"type": "Matrix3x3", "payoffs": [[[79.0,42.0],[21.0,58.0],[76.0,56.0]],[[3.0,34.0],[92.0,56.0],[23.0,25.0]],[[50.0,27.0],[58.0,11.0],[77.0,34.0]]]},
"G21": {"type": "Matrix3x3", "payoffs": [[[32.0,3.0],[20.0,3.0],[40.0,2.0]],[[3.0,4.0],[5.0,5.0],[39.0,4.0]],[[24.0,4.0],[10.0,5.0],[32.0,4.0]]]},
"G22": {"type": "Matrix3x3", "payoffs": [[[9.0,2.0],[43.0,9.0],[23.0,2.0]],[[30.0,3.0],[12.0,8.0],[42.0,5.0]],[[6.0,9.0],[5.0,3.0],[30.0,7.0]]]},
"G23": {"type": "Matrix3x3", "payoffs": [[[21.0,29.0],[8.0,22.0],[23.0,2.0]],[[22.0,34.0],[6.0,29.0],[24.0,35.0]],[[1.0,9.0],[17.0,25.0],[9.0,35.0]]]},
"G24": {"type": "Matrix3x3", "payoffs": [[[13.0,60.0],[45.0,1.0],[12.0,79.0]],[[47.0,86.0],[2.0,58.0],[33.0,33.0]],[[30.0,13.0],[6.0,33.0],[19.0,1.0]]]},
"G25": {"type": "Matrix3x3", "payoffs": [[[63.0,32.0],[49.0,22.0],[44.0,74.0]],[[36.0,29.0],[37.0,4.0],[57.0,27.0]],[[26.0,55.0],[48.0,4.0],[31.0,4.0]]]},
"G26": {"type": "Matrix3x3", "payoffs": [[[27.0,6.0],[13.0,7.0],[2.0,12.0]],[[25.0,10.0],[10.0,14.0],[14.0,11.0]],[[10.0,5.0],[30.0,6.0],[26.0,2.0]]]},
"G27": {"type": "Matrix3x3", "payoffs": [[[20.0,1.0],[3.0,15.0],[46.0,59.0]],[[39.0,27.0],[38.0,4.0],[29.0,44.0]],[[34.0,8.0],[0.0,25.0],[42.0,39.0]]]},
"G28": {"type": "Matrix3x3", "payoffs": [[[32.0,61.0],[33.0,17.0],[26.0,16.0]],[[40.0,31.0],[30.0,18.0],[13.0,14.0]],[[39.0,10.0],[39.0,24.0],[40.0,19.0]]]},
"G29": {"type": "Matrix3x3", "payoffs": [[[0.0,61.0],[1.0,39.0],[1.0,34.0]],[[1.0,1.0],[1.0,56.0],[2.0,29.0]],[[2.0,3.0],[0.0,56.0],[0.0,52.0]]]},
"G30": {"type": "Matrix3x3", "payoffs": [[[29.0,7.0],[17.0,1.0],[30.0,14.0]],[[57.0,19.0],[34.0,7.0],[12.0,4.0]],[[7.0,16.0],[46.0,18.0],[17.0,7.0]]]},
"G31": {"type": "Matrix3x3", "payoffs": [[[0.0,6.0],[37.0,20.0],[35.0,29.0]],[[3.0,34.0],[48.0,28.0],[37.0,42.0]],[[33.0,8.0],[18.0,12.0],[29.0,33.0]]]},
"G32": {"type": "Matrix3x3", "payoffs": [[[26.0,72.0],[35.0,62.0],[52.0,80.0]],[[3.0,30.0],[48.0,5.0],[8.0,58.0]],[[17.0,84.0],[30.0,3.0],[5.0,67.0]]]},
"G33": {"type": "Matrix3x3", "payoffs": [[[35.0,0.0],[32.0,0.0],[2.0,1.0]],[[7.0,1.0],[12.0,1.0],[1.0,1.0]],[[22.0,1.0],[7.0,0.0],[6.0,1.0]]]},
"G34": {"type": "Matrix3x3", "payoffs": [[[5.0,38.0],[54.0,16.0],[76.0,43.0]],[[49.0,13.0],[48.0,56.0],[39.0,79.0]],[[39.0,16.0],[37.0,60.0],[77.0,67.0]]]},
"G35": {"type": "Matrix3x3", "payoffs": [[[69.0,19.0],[80.0,43.0],[80.0,4.0]],[[72.0,32.0],[1.0,7.0],[59.0,13.0]],[[39.0,24.0],[19.0,2.0],[10.0,30.0]]]},
"G36": {"type": "Matrix3x3", "payoffs": [[[47.0,10.0],[50.0,12.0],[39.0,12.0]],[[40.0,7.0],[59.0,6.0],[14.0,18.0]],[[27.0,12.0],[32.0,14.0],[48.0,5.0]]]},
"G37": {"type": "Matrix3x3", "payoffs": [[[1.0,5.0],[1.0,7.0],[1.0,4.0]],[[0.0,3.0],[1.0,0.0],[1.0,2.0]],[[1.0,7.0],[0.0,9.0],[0.0,9.0]]]},
"G38": {"type": "Matrix3x3", "payoffs": [[[28.0,0.0],[4.0,1.0],[25.0,0.0]],[[2.0,0.0],[9.0,0.0],[4.0,1.0]],[[12.0,0.0],[19.0,1.0],[18.0,1.0]]]},
"G39": {"type": "Matrix3x3", "payoffs": [[[1.0,51.0],[4.0,17.0],[4.0,62.0]],[[2.0,49.0],[1.0,52.0],[3.0,47.0]],[[2.0,64.0],[2.0,0.0],[3.0,53.0]]]},
"G40": {"type": "Matrix3x3", "payoffs": [[[3.0,4.0],[13.0,3.0],[7.0,3.0]],[[12.0,0.0],[9.0,0.0],[7.0,4.0]],[[12.0,3.0],[5.0,1.0],[6.0,2.0]]]},
"G41": {"type": "Matrix3x3", "payoffs": [[[22.0,13.0],[5.0,3.0],[29.0,5.0]],[[27.0,10.0],[30.0,7.0],[7.0,9.0]],[[33.0,8.0],[21.0,15.0],[30.0,13.0]]]},
"G42": {"type": "Matrix3x3", "payoffs": [[[59.0,38.0],[72.0,18.0],[33.0,37.0]],[[9.0,30.0],[51.0,15.0],[0.0,31.0]],[[30.0,21.0],[27.0,21.0],[32.0,2.0]]]},
"G43": {"type": "Matrix3x3", "payoffs": [[[10.0,6.0],[28.0,37.0],[24.0,82.0]],[[7.0,42.0],[2.0,8.0],[22.0,81.0]],[[5.0,27.0],[29.0,33.0],[4.0,61.0]]]},
"G44": {"type": "Matrix3x3", "payoffs": [[[58.0,21.0],[56.0,67.0],[58.0,74.0]],[[43.0,70.0],[54.0,9.0],[33.0,7.0]],[[51.0,61.0],[25.0,33.0],[58.0,48.0]]]},
"G45": {"type": "Matrix3x3", "payoffs": [[[62.0,11.0],[69.0,13.0],[19.0,3.0]],[[24.0,0.0],[72.0,8.0],[84.0,1.0]],[[40.0,10.0],[45.0,2.0],[13.0,10.0]]]},
"G46": {"type": "Matrix3x3", "payoffs": [[[5.0,17.0],[1.0,5.0],[19.0,4.0]],[[31.0,6.0],[37.0,4.0],[19.0,11.0]],[[24.0,14.0],[19.0,12.0],[13.0,1.0]]]},
"G47": {"type": "Matrix3x3", "payoffs": [[[12.0,40.0],[45.0,26.0],[59.0,65.0]],[[34.0,23.0],[91.0,2.0],[50.0,4.0]],[[69.0,52.0],[89.0,59.0],[85.0,22.0]]]},
"G48": {"type": "Matrix3x3", "payoffs": [[[14.0,9.0],[33.0,46.0],[47.0,18.0]],[[28.0,23.0],[38.0,28.0],[1.0,14.0]],[[58.0,13.0],[45.0,30.0],[3.0,51.0]]]},
"G49": {"type": "Matrix3x3", "payoffs": [[[78.0,15.0],[14.0,68.0],[27.0,85.0]],[[40.0,92.0],[25.0,25.0],[7.0,7.0]],[[44.0,78.0],[63.0,0.0],[70.0,16.0]]]},
"G50": {"type": "Matrix3x3", "payoffs": [[[97.0,1.0],[77.0,1.0],[78.0,1.0]],[[20.0,1.0],[4.0,1.0],[95.0,1.0]],[[33.0,1.0],[6.0,0.0],[37.0,1.0]]]},
"G51": {"type": "Matrix3x3", "payoffs": [[[36.0,0.0],[22.0,3.0],[38.0,2.0]],[[44.0,3.0],[31.0,3.0],[6.0,0.0]],[[14.0,2.0],[3.0,3.0],[0.0,2.0]]]},
"G52": {"type": "Matrix3x3", "payoffs": [[[36.0,38.0],[83.0,8.0],[50.0,10.0]],[[30.0,2.0],[40.0,29.0],[52.0,1.0]],[[88.0,34.0],[70.0,9.0],[21.0,47.0]]]},
"G53": {"type": "Matrix3x3", "payoffs": [[[45.0,11.0],[23.0,5.0],[15.0,14.0]],[[28.0,13.0],[32.0,8.0],[25.0,14.0]],[[30.0,11.0],[43.0,3.0],[33.0,1.0]]]},
"G54": {"type": "Matrix3x3", "payoffs": [[[6.0,15.0],[41.0,14.0],[5.0,9.0]],[[36.0,2.0],[48.0,11.0],[17.0,14.0]],[[48.0,1.0],[29.0,16.0],[12.0,6.0]]]},
"G55": {"type": "Matrix3x3", "payoffs": [[[9.0,14.0],[11.0,39.0],[20.0,1.0]],[[17.0,0.0],[25.0,26.0],[29.0,23.0]],[[22.0,17.0],[26.0,39.0],[10.0,3.0]]]},
"G56": {"type": "Matrix3x3", "payoffs": [[[16.0,40.0],[14.0,4.0],[13.0,14.0]],[[2.0,2.0],[6.0,14.0],[17.0,45.0]],[[5.0,18.0],[18.0,11.0],[17.0,45.0]]]},
"G57": {"type": "Matrix3x3", "payoffs": [[[74.0,25.0],[10.0,53.0],[36.0,34.0]],[[21.0,55.0],[34.0,59.0],[61.0,29.0]],[[58.0,5.0],[57.0,7.0],[19.0,3.0]]]},
"G58": {"type": "Matrix3x3", "payoffs": [[[53.0,61.0],[38.0,14.0],[52.0,32.0]],[[4.0,51.0],[34.0,67.0],[14.0,37.0]],[[8.0,21.0],[47.0,46.0],[27.0,9.0]]]},
"G59": {"type": "Matrix3x3", "payoffs": [[[35.0,8.0],[37.0,22.0],[30.0,50.0]],[[26.0,17.0],[37.0,62.0],[59.0,34.0]],[[40.0,60.0],[2.0,4.0],[46.0,41.0]]]},
"G60": {"type": "Matrix3x3", "payoffs": [[[34.0,64.0],[48.0,11.0],[19.0,6.0]],[[26.0,1.0],[20.0,52.0],[7.0,48.0]],[[28.0,9.0],[10.0,3.0],[41.0,6.0]]]},
"G61": {"type": "Matrix3x3", "payoffs": [[[24.0,52.0],[44.0,11.0],[19.0,29.0]],[[21.0,5.0],[40.0,43.0],[20.0,33.0]],[[47.0,24.0],[30.0,23.0],[42.0,43.0]]]},
"G62": {"type": "Matrix3x3", "payoffs": [[[59.0,32.0],[64.0,35.0],[17.0,23.0]],[[50.0,6.0],[62.0,32.0],[50.0,23.0]],[[12.0,15.0],[42.0,34.0],[49.0,2.0]]]},
"G63": {"type": "Matrix3x3", "payoffs": [[[2.0,15.0],[12.0,20.0],[4.0,18.0]],[[29.0,24.0],[13.0,24.0],[28.0,29.0]],[[11.0,33.0],[12.0,20.0],[22.0,15.0]]]},
"G64": {"type": "Matrix3x3", "payoffs": [[[36.0,69.0],[9.0,43.0],[7.0,13.0]],[[25.0,74.0],[56.0,50.0],[40.0,51.0]],[[18.0,33.0],[25.0,65.0],[21.0,6.0]]]},
"G65": {"type": "Matrix3x3", "payoffs": [[[6.0,74.0],[5.0,26.0],[47.0,35.0]],[[9.0,77.0],[3.0,22.0],[50.0,70.0]],[[27.0,67.0],[17.0,44.0],[14.0,55.0]]]},
"G66": {"type": "Matrix3x3", "payoffs": [[[17.0,15.0],[3.0,51.0],[3.0,5.0]],[[5.0,17.0],[10.0,16.0],[0.0,47.0]],[[18.0,69.0],[5.0,30.0],[1.0,10.0]]]},
"G67": {"type": "Matrix3x3", "payoffs": [[[1.0,6.0],[1.0,2.0],[1.0,5.0]],[[1.0,5.0],[3.0,4.0],[3.0,2.0]],[[0.0,1.0],[0.0,3.0],[2.0,0.0]]]},
"G68": {"type": "Matrix3x3", "payoffs": [[[58.0,22.0],[28.0,37.0],[28.0,33.0]],[[7.0,12.0],[7.0,13.0],[34.0,30.0]],[[10.0,14.0],[7.0,31.0],[8.0,32.0]]]},
"G69": {"type": "Matrix3x3", "payoffs": [[[8.0,36.0],[56.0,21.0],[49.0,36.0]],[[25.0,19.0],[45.0,2.0],[52.0,22.0]],[[10.0,15.0],[1.0,11.0],[31.0,33.0]]]},
"G70": {"type": "Matrix3x3", "payoffs": [[[0.0,4.0],[8.0,3.0],[5.0,2.0]],[[7.0,4.0],[3.0,2.0],[6.0,2.0]],[[1.0,1.0],[4.0,4.0],[0.0,1.0]]]},
"G71": {"type": "Matrix3x3", "payoffs": [[[19.0,24.0],[45.0,65.0],[41.0,35.0]],[[5.0,34.0],[45.0,30.0],[29.0,38.0]],[[22.0,37.0],[5.0,65.0],[22.0,14.0]]]},
"G72": {"type": "Matrix3x3", "payoffs": [[[56.0,12.0],[64.0,38.0],[76.0,25.0]],[[68.0,33.0],[26.0,11.0],[37.0,16.0]],[[20.0,16.0],[37.0,15.0],[30.0,9.0]]]},
"G73": {"type": "Matrix3x3", "payoffs": [[[52.0,2.0],[12.0,3.0],[22.0,7.0]],[[45.0,2.0],[22.0,12.0],[39.0,3.0]],[[28.0,7.0],[1.0,5.0],[41.0,1.0]]]},
"G74": {"type": "Matrix3x3", "payoffs": [[[10.0,28.0],[29.0,24.0],[25.0,35.0]],[[1.0,13.0],[22.0,23.0],[21.0,22.0]],[[7.0,34.0],[27.0,29.0],[5.0,29.0]]]},
"G75": {"type": "Matrix3x3", "payoffs": [[[19.0,49.0],[11.0,60.0],[32.0,36.0]],[[27.0,30.0],[22.0,14.0],[15.0,48.0]],[[15.0,38.0],[40.0,36.0],[33.0,26.0]]]},
"G76": {"type": "Matrix3x3", "payoffs": [[[5.0,46.0],[2.0,31.0],[3.0,43.0]],[[6.0,28.0],[3.0,33.0],[5.0,73.0]],[[5.0,66.0],[4.0,58.0],[1.0,8.0]]]},
"G77": {"type": "Matrix3x3", "payoffs": [[[79.0,42.0],[24.0,1.0],[13.0,28.0]],[[78.0,51.0],[82.0,59.0],[74.0,14.0]],[[55.0,9.0],[9.0,9.0],[20.0,3.0]]]},
"G78": {"type": "Matrix3x3", "payoffs": [[[3.0,33.0],[10.0,20.0],[10.0,23.0]],[[6.0,13.0],[12.0,42.0],[9.0,36.0]],[[11.0,29.0],[3.0,40.0],[5.0,18.0]]]},
"G79": {"type": "Matrix3x3", "payoffs": [[[18.0,80.0],[7.0,24.0],[1.0,36.0]],[[6.0,4.0],[7.0,34.0],[12.0,53.0]],[[17.0,60.0],[1.0,74.0],[3.0,88.0]]]},
"G80": {"type": "Matrix3x3", "payoffs": [[[13.0,2.0],[60.0,10.0],[2.0,0.0]],[[18.0,10.0],[36.0,8.0],[90.0,2.0]],[[51.0,7.0],[42.0,7.0],[73.0,8.0]]]},
"G81": {"type": "Matrix3x3", "payoffs": [[[16.0,25.0],[5.0,26.0],[17.0,21.0]],[[45.0,17.0],[24.0,19.0],[22.0,15.0]],[[6.0,11.0],[33.0,3.0],[37.0,11.0]]]},
"G82": {"type": "Matrix3x3", "payoffs": [[[9.0,3.0],[1.0,11.0],[4.0,5.0]],[[7.0,2.0],[9.0,8.0],[0.0,8.0]],[[5.0,13.0],[8.0,4.0],[7.0,9.0]]]},
"G83": {"type": "Matrix3x3", "payoffs": [[[39.0,27.0],[57.0,28.0],[81.0,15.0]],[[37.0,27.0],[88.0,15.0],[13.0,17.0]],[[55.0,24.0],[32.0,24.0],[64.0,23.0]]]},
"G84": {"type": "Matrix3x3", "payoffs": [[[0.0,9.0],[1.0,32.0],[6.0,65.0]],[[0.0,26.0],[0.0,75.0],[10.0,61.0]],[[1.0,35.0],[4.0,45.0],[7.0,60.0]]]},
"G85": {"type": "Matrix3x3", "payoffs": [[[21.0,4.0],[45.0,37.0],[30.0,18.0]],[[47.0,15.0],[19.0,43.0],[18.0,19.0]],[[32.0,36.0],[36.0,6.0],[13.0,33.0]]]},
"G86": {"type": "Matrix3x3", "payoffs": [[[50.0,37.0],[40.0,68.0],[11.0,25.0]],[[5.0,56.0],[14.0,32.0],[69.0,62.0]],[[70.0,16.0],[61.0,7.0],[60.0,25.0]]]},
"G87": {"type": "Matrix3x3", "payoffs": [[[18.0,8.0],[41.0,49.0],[6.0,44.0]],[[60.0,25.0],[50.0,16.0],[63.0,20.0]],[[42.0,25.0],[40.0,25.0],[72.0,33.0]]]},
"G88": {"type": "Matrix3x3", "payoffs": [[[10.0,28.0],[13.0,27.0],[19.0,19.0]],[[1.0,32.0],[2.0,3.0],[10.0,26.0]],[[20.0,2.0],[14.0,30.0],[15.0,30.0]]]},
"G89": {"type": "Matrix3x3", "payoffs": [[[25.0,53.0],[3.0,43.0],[74.0,78.0]],[[19.0,62.0],[39.0,24.0],[76.0,46.0]],[[31.0,8.0],[43.0,26.0],[52.0,69.0]]]},
"G90": {"type": "Matrix3x3", "payoffs": [[[12.0,7.0],[13.0,27.0],[11.0,23.0]],[[3.0,16.0],[11.0,57.0],[16.0,47.0]],[[10.0,32.0],[12.0,66.0],[8.0,40.0]]]},
"G91": {"type": "Matrix3x3", "payoffs": [[[7.0,72.0],[39.0,19.0],[27.0,5.0]],[[4.0,83.0],[32.0,24.0],[16.0,47.0]],[[10.0,3.0],[26.0,62.0],[7.0,74.0]]]},
"G92": {"type": "Matrix3x3", "payoffs": [[[51.0,1.0],[39.0,14.0],[13.0,3.0]],[[38.0,3.0],[5.0,4.0],[6.0,10.0]],[[9.0,8.0],[47.0,9.0],[31.0,20.0]]]},
"G93": {"type": "Matrix3x3", "payoffs": [[[22.0,49.0],[46.0,42.0],[54.0,1.0]],[[7.0,25.0],[45.0,14.0],[26.0,44.0]],[[44.0,28.0],[13.0,5.0],[43.0,51.0]]]},
"G94": {"type": "Matrix3x3", "payoffs": [[[11.0,28.0],[9.0,38.0],[1.0,42.0]],[[10.0,54.0],[29.0,56.0],[14.0,31.0]],[[26.0,15.0],[6.0,59.0],[9.0,66.0]]]},
"G95": {"type": "Matrix3x3", "payoffs": [[[86.0,44.0],[39.0,1.0],[51.0,11.0]],[[54.0,9.0],[79.0,51.0],[96.0,8.0]],[[42.0,26.0],[95.0,38.0],[22.0,42.0]]]},
"G96": {"type": "Matrix3x3", "payoffs": [[[12.0,90.0],[69.0,51.0],[25.0,66.0]],[[49.0,80.0],[21.0,13.0],[48.0,86.0]],[[17.0,7.0],[25.0,74.0],[38.0,65.0]]]},
"G97": {"type": "Matrix3x3", "payoffs": [[[7.0,1.0],[7.0,1.0],[4.0,15.0]],[[6.0,4.0],[2.0,2.0],[10.0,14.0]],[[9.0,6.0],[6.0,15.0],[2.0,10.0]]]},
"G98": {"type": "Matrix3x3", "payoffs": [[[24.0,30.0],[71.0,23.0],[42.0,24.0]],[[59.0,19.0],[26.0,6.0],[28.0,10.0]],[[48.0,12.0],[56.0,20.0],[68.0,21.0]]]},
"G99": {"type": "Matrix3x3", "payoffs": [[[6.0,30.0],[31.0,6.0],[44.0,34.0]],[[59.0,72.0],[65.0,53.0],[9.0,47.0]],[[3.0,56.0],[41.0,12.0],[46.0,22.0]]]},
"G100": {"type": "Matrix3x3", "payoffs": [[[64.0,22.0],[38.0,23.0],[51.0,0.0]],[[20.0,0.0],[78.0,35.0],[94.0,6.0]],[[75.0,11.0],[24.0,32.0],[55.0,60.0]]]}
}