{
"numGames": 100,
"G1": {"type": "Matrix3x3", "payoffs": [[[19.0,39.0],[29.0,36.0],[31.0,2.0]],[[10.0,15.0],[16.0,6.0],[5.0,12.0]],[[14.0,3.0],[33.0,6.0],[22.0,62.0]]]},
"G2": {"type": "Matrix3x3", "payoffs": [[[8.0,32.0],[22.0,74.0],[83.0,49.0]],[[64.0,59.0],[72.0,15.0],[27.0,19.0]],[[25.0,51.0],[85.0,53.0],[52.0,5.0]]]},
"G3": {"type": "Matrix3x3", "payoffs": [[[22.0,36.0],[10.0,60.0],[10.0,13.0]],[[7.0,6.0],[15.0,55.0],[15.0,12.0]],[[11.0,18.0],[20.0,19.0],[17.0,31.0]]]},
"G4": {"type": "Matrix3x3", "payoffs": [[[15.0,15.0],[5.0,4.0],[14.0,14.0]],[[3.0,12.0],[6.0,9.0],[11.0,12.0]],[[14.0,9.0],[7.0,13.0],[8.0,8.0]]]},
"G5": {"type": "Matrix3x3", "payoffs": [[[0.0,0.0],[3.0,8.0],[3.0,13.0]],[[0.0,13.0],[8.0,13.0],[15.0,9.0]],[[9.0,10.0],[16.0,1.0],[2.0,10.0]]]},
"G6": {"type": "Matrix3x3", "payoffs": [[[18.0,66.0],[8.0,87.0],[18.0,16.0]],[[21.0,55.0],[1.0,70.0],[22.0,85.0]],[[14.0,65.0],[23.0,89.0],[27.0,46.0]]]},
"G7": {"type": "Matrix3x3", "payoffs": [[[11.0,9.0],[15.0,26.0],[13.0,42.0]],[[12.0,17.0],[16.0,29.0],[6.0,9.0]],[[11.0,12.0],[11.0,20.0],[14.0,39.0]]]},
"G8": {"type": "Matrix3x3", "payoffs": [[[33.0,37.0],[21.0,6.0],[55.0,14.0]],[[5.0,36.0],[44.0,58.0],[10.0,2.0]],[[32.0,31.0],[40.0,75.0],[55.0,32.0]]]},
"G9": {"type": "Matrix3x3", "payoffs": [[[16.0,3.0],[16.0,9.0],[2.0,5.0]],[[57.0,8.0],[4.0,5.0],[46.0,1.0]],[[46.0,1.0],[56.0,8.0],[22.0,10.0]]]},
"G10": {"type": "Matrix3x3", "payoffs": [[[12.0,45.0],[50.0,70.0],[38.0,69.0]],[[49.0,21.0],[42.0,6.0],[34.0,43.0]],[[15.0,58.0],[7.0,28.0],[1.0,30.0]]]},
"G11": {"type": "Matrix3x3", "payoffs": [[[58.0,30.0],[86.0,14.0],[9.0,10.0]],[[31.0,90.0],[49.0,2.0],[48.0,87.0]],[[55.0,89.0],[73.0,31.0],[97.0,29.0]]]},
"G12": {"type": "Matrix3x3", "payoffs": [[[20.0,1.0],[46.0,60.0],[73.0,19.0]],[[12.0,38.0],[7.0,53.0],[2.0,15.0]],[[64.0,57.0],[74.0,21.0],[23.0,32.0]]]},
"G13": {"type": "Matrix3x3", "payoffs": [[[22.0,52.0],[48.0,34.0],[55.0,14.0]],[[28.0,10.0],[52.0,52.0],[36.0,21.0]],[[50.0,11.0],[17.0,73.0],[16.0,66.0]]]},
"G14": {"type": "Matrix3x3", "payoffs": [[[0.0,65.0],[10.0,47.0],[30.0,18.0]],[[2.0,27.0],[23.0,18.0],[28.0,5.0]],[[17.0,4.0],[40.0,2.0],[6.0,8.0]]]},
"G15": {"type": "Matrix3x3", "payoffs": [[[0.0,1.0],[59.0,35.0],[39.0,0.0]],[[28.0,30.0],[42.0,13.0],[24.0,33.0]],[[60.0,43.0],[40.0,10.0],[36.0,7.0]]]},
"G16": {"type": "Matrix3x3", "payoffs": [[[24.0,14.0],[50.0,25.0],[50.0,16.0]],[[12.0,18.0],[37.0,24.0],[35.0,7.0]],[[34.0,24.0],[45.0,24.0],[24.0,21.0]]]},
"G17": {"type": "Matrix3x3", "payoffs": [[[37.0,20.0],[27.0,14.0],[38.0,27.0]],[[21.0,15.0],[35.0,32.0],[3.0,24.0]],[[32.0,18.0],[41.0,1.0],[49.0,10.0]]]},
"G18": {"type": "Matrix3x3", "payoffs": [[[0.0,61.0],[0.0,40.0],[0.0,4.0]],[[0.0,39.0],[0.0,8.0],[0.0,26.0]],[[0.0,78.0],[0.0,32.0],[0.0,65.0]]]},
"G19": {"type": "Matrix3x3", "payoffs": [[[6.0,1.0],[3.0,0.0],[4.0,1.0]],[[0.0,2.0],[5.0,1.0],[5.0,1.0]],[[1.0,1.0],[2.0,1.0],[1.0,1.0]]]},
"G20": {"type": "Matrix3x3", "payoffs": [[[29.0,17.0],[10.0,4.0],[3.0,3.0]],[[12.0,8.0],[4.0,6.0],[18.0,5.0]],[[12.0,13.0],[12.0,6.0],[3.0,14.0]]]},
"G21": {"type": "Matrix3x3", "payoffs": [[[46.0,28.0],[86.0,30.0],[44.0,3.0]],[[78.0,16.0],[63.0,13.0],[9.0,39.0]],[[20.0,28.0],[28.0,5.0],[90.0,21.0]]]},
"G22": {"type": "Matrix3x3", "payoffs": [[[37.0,54.0],[45.0,21.0],[65.0,46.0]],[[7.0,61.0],[59.0,52.0],[20.0,54.0]],[[11.0,42.0],[49.0,55.0],[91.0,15.0]]]},
"G23": {"type": "Matrix3x3", "payoffs": [[[30.0,29.0],[31.0,47.0],[32.0,64.0]],[[31.0,46.0],[24.0,38.0],[11.0,53.0]],[[13.0,87.0],[7.0,60.0],[38.0,24.0]]]},
"G24": {"type": "Matrix3x3", "payoffs": [[[4.0,26.0],[1.0,19.0],[2.0,2.0]],[[0.0,6.0],[0.0,32.0],[3.0,9.0]],[[0.0,1.0],[4.0,36.0],[2.0,36.0]]]},
"G25": {"type": "Matrix3x3", "payoffs": [[[6.0,65.0],[62.0,69.0],[11.0,10.0]],[[33.0,3.0],[91.0,49.0],[36.0,51.0]],[[84.0,64.0],[38.0,60.0],[71.0,42.0]]]},
"G26": {"type": "Matrix3x3", "payoffs": [[[11.0,2.0],[27.0,13.0],[29.0,1.0]],[[3.0,16.0],[38.0,2.0],[27.0,7.0]],[[20.0,17.0],[18.0,16.0],[15.0,13.0]]]},
"G27": {"type": "Matrix3x3", "payoffs": [[[46.0,12.0],[32.0,35.0],[15.0,10.0]],[[7.0,13.0],[13.0,8.0],[15.0,1.0]],[[25.0,19.0],[47.0,21.0],[32.0,11.0]]]},
"G28": {"type": "Matrix3x3", "payoffs": [[[77.0,50.0],[39.0,53.0],[41.0,16.0]],[[54.0,39.0],[82.0,42.0],[80.0,53.0]],[[94.0,60.0],[50.0,1.0],[52.0,40.0]]]},
"G29": {"type": "Matrix3x3", "payoffs": [[[17.0,6.0],[13.0,63.0],[17.0,9.0]],[[5.0,76.0],[3.0,72.0],[8.0,43.0]],[[22.0,46.0],[20.0,18.0],[18.0,81.0]]]},
"G30": {"type": "Matrix3x3", "payoffs": [[[20.0,2.0],[71.0,1.0],[73.0,2.0]],[[39.0,2.0],[5.0,1.0],[43.0,3.0]],[[85.0,2.0],[12.0,2.0],[54.0,2.0]]]},
"G31": {"type": "Matrix3x3", "payoffs": [[[57.0,5.0],[47.0,11.0],[19.0,13.0]],[[6.0,15.0],[32.0,2.0],[17.0,12.0]],[[58.0,14.0],[61.0,12.0],[24.0,16.0]]]},
"G32": {"type": "Matrix3x3", "payoffs": [[[2.0,47.0],[1.0,43.0],[1.0,7.0]],[[2.0,63.0],[1.0,3.0],[2.0,21.0]],[[1.0,6.0],[0.0,52.0],[2.0,29.0]]]},
"G33": {"type": "Matrix3x3", "payoffs": [[[36.0,17.0],[30.0,31.0],[10.0,36.0]],[[33.0,25.0],[20.0,25.0],[40.0,25.0]],[[2.0,22.0],[34.0,15.0],[10.0,26.0]]]},
"G34": {"type": "Matrix3x3", "payoffs": [[[0.0,2.0],[0.0,15.0],[1.0,9.0]],[[0.0,13.0],[1.0,6.0],[0.0,23.0]],[[1.0,23.0],[0.0,20.0],[0.0,18.0]]]},
"G35": {"type": "Matrix3x3", "payoffs": [[[3.0,3.0],[2.0,26.0],[2.0,35.0]],[[0.0,20.0],[3.0,26.0],[3.0,40.0]],[[4.0,6.0],[1.0,36.0],[1.0,13.0]]]},
"G36": {"type": "Matrix3x3", "payoffs": [[[17.0,45.0],[80.0,52.0],[60.0,45.0]],[[70.0,2.0],[53.0,2.0],[17.0,71.0]],[[53.0,46.0],[50.0,73.0],[50.0,62.0]]]},
"G37": {"type": "Matrix3x3", "payoffs": [[[9.0,10.0],[55.0,3.0],[9.0,7.0]],[[26.0,6.0],[13.0,11.0],[19.0,11.0]],[[53.0,17.0],[46.0,18.0],[3.0,18.0]]]},
"G38": {"type": "Matrix3x3", "payoffs": [[[22.0,51.0],[22.0,64.0],[31.0,65.0]],[[77.0,1.0],[12.0,48.0],[73.0,13.0]],[[33.0,17.0],[6.0,59.0],[44.0,5.0]]]},
"G39": {"type": "Matrix3x3", "payoffs": [[[1.0,7.0],[75.0,8.0],[65.0,6.0]],[[82.0,4.0],[65.0,8.0],[26.0,3.0]],[[6.0,3.0],[10.0,0.0],[16.0,3.0]]]},
"G40": {"type": "Matrix3x3", "payoffs": [[[45.0,45.0],[87.0,73.0],[23.0,43.0]],[[29.0,8.0],[76.0,36.0],[73.0,25.0]],[[56.0,67.0],[76.0,68.0],[72.0,41.0]]]},
"G41": {"type": "Matrix3x3", "payoffs": [[[69.0,43.0],[24.0,20.0],[33.0,36.0]],[[59.0,27.0],[71.0,31.0],[60.0,8.0]],[[3.0,20.0],[24.0,11.0],[68.0,36.0]]]},
"G42": {"type": "Matrix3x3", "payoffs": [[[65.0,33.0],[74.0,30.0],[36.0,36.0]],[[48.0,19.0],[83.0,16.0],[65.0,5.0]],[[40.0,32.0],[59.0,11.0],[14.0,32.0]]]},
"G43": {"type": "Matrix3x3", "payoffs": [[[31.0,34.0],[29.0,29.0],[28.0,30.0]],[[13.0,37.0],[22.0,21.0],[8.0,17.0]],[[17.0,37.0],[18.0,45.0],[12.0,20.0]]]},
"G44": {"type": "Matrix3x3", "payoffs": [[[7.0,28.0],[82.0,49.0],[27.0,25.0]],[[51.0,40.0],[75.0,32.0],[64.0,45.0]],[[36.0,28.0],[58.0,41.0],[79.0,2.0]]]},
"G45": {"type": "Matrix3x3", "payoffs": [[[4.0,9.0],[5.0,4.0],[1.0,4.0]],[[4.0,9.0],[4.0,1.0],[4.0,3.0]],[[2.0,4.0],[2.0,1.0],[1.0,2.0]]]},
"G46": {"type": "Matrix3x3", "payoffs": [[[78.0,31.0],[72.0,26.0],[24.0,52.0]],[[33.0,63.0],[37.0,61.0],[13.0,26.0]],[[25.0,68.0],[3.0,58.0],[78.0,21.0]]]},
"G47": {"type": "Matrix3x3", "payoffs": [[[9.0,27.0],[19.0,63.0],[20.0,37.0]],[[11.0,24.0],[19.0,4.0],[19.0,57.0]],[[20.0,53.0],[19.0,63.0],[3.0,12.0]]]},
"G48": {"type": "Matrix3x3", "payoffs": [[[36.0,2.0],[19.0,43.0],[7.0,28.0]],[[37.0,31.0],[44.0,15.0],[22.0,37.0]],[[34.0,27.0],[6.0,36.0],[36.0,42.0]]]},
"G49": {"type": "Matrix3x3", "payoffs": [[[9.0,0.0],[15.0,57.0],[16.0,39.0]],[[3.0,0.0],[6.0,54.0],[16.0,37.0]],[[16.0,22.0],[15.0,46.0],[19.0,56.0]]]},
"G50": {"type": "Matrix3x3", "payoffs": [[[13.0,2.0],[21.0,2.0],[1.0,17.0]],[[40.0,12.0],[5.0,6.0],[39.0,17.0]],[[3.0,16.0],[39.0,26.0],[5.0,11.0]]]},
"G51": {"type": "Matrix3x3", "payoffs": [[[11.0,13.0],[10.0,1.0],[1.0,11.0]],[[14.0,13.0],[14.0,5.0],[12.0,4.0]],[[3.0,10.0],[9.0,9.0],[4.0,11.0]]]},
"G52": {"type": "Matrix3x3", "payoffs": [[[30.0,33.0],[20.0,50.0],[29.0,6.0]],[[34.0,7.0],[28.0,28.0],[34.0,43.0]],[[10.0,43.0],[12.0,19.0],[49.0,27.0]]]},
"G53": {"type": "Matrix3x3", "payoffs": [[[9.0,61.0],[25.0,70.0],[38.0,25.0]],[[11.0,12.0],[8.0,24.0],[22.0,66.0]],[[4.0,34.0],[9.0,40.0],[17.0,68.0]]]},
"G54": {"type": "Matrix3x3", "payoffs": [[[24.0,9.0],[77.0,20.0],[28.0,26.0]],[[51.0,21.0],[72.0,4.0],[22.0,6.0]],[[2.0,20.0],[63.0,13.0],[39.0,10.0]]]},
"G55": {"type": "Matrix3x3", "payoffs": [[[37.0,32.0],[32.0,27.0],[12.0,5.0]],[[19.0,9.0],[39.0,33.0],[36.0,23.0]],[[58.0,31.0],[56.0,11.0],[66.0,26.0]]]},
"G56": {"type": "Matrix3x3", "payoffs": [[[28.0,16.0],[28.0,16.0],[73.0,2.0]],[[59.0,3.0],[59.0,12.0],[60.0,11.0]],[[28.0,2.0],[31.0,16.0],[65.0,17.0]]]},
"G57": {"type": "Matrix3x3", "payoffs": [[[6.0,7.0],[7.0,7.0],[8.0,6.0]],[[17.0,4.0],[18.0,6.0],[5.0,6.0]],[[1.0,4.0],[9.0,8.0],[15.0,3.0]]]},
"G58": {"type": "Matrix3x3", "payoffs": [[[3.0,2.0],[11.0,2.0],[15.0,2.0]],[[12.0,1.0],[5.0,4.0],[11.0,3.0]],[[5.0,2.0],[5.0,7.0],[8.0,0.0]]]},
"G59": {"type": "Matrix3x3", "payoffs": [[[11.0,21.0],[10.0,31.0],[13.0,16.0]],[[17.0,29.0],[1.0,12.0],[29.0,19.0]],[[6.0,75.0],[29.0,49.0],[18.0,69.0]]]},
"G60": {"type": "Matrix3x3", "payoffs": [[[0.0,28.0],[30.0,12.0],[21.0,3.0]],[[50.0,9.0],[49.0,22.0],[54.0,3.0]],[[2.0,8.0],[20.0,7.0],[27.0,27.0]]]},
"G61": {"type": "Matrix3x3", "payoffs": [[[69.0,2.0],[46.0,7.0],[1.0,4.0]],[[46.0,3.0],[51.0,5.0],[7.0,3.0]],[[86.0,7.0],[19.0,5.0],[78.0,2.0]]]},
"G62": {"type": "Matrix3x3", "payoffs": [[[53.0,87.0],[47.0,82.0],[11.0,18.0]],[[8.0,12.0],[39.0,54.0],[20.0,68.0]],[[43.0,37.0],[58.0,65.0],[35.0,52.0]]]},
"G63": {"type": "Matrix3x3", "payoffs": [[[13.0,11.0],[28.0,1.0],[10.0,37.0]],[[28.0,14.0],[29.0,9.0],[24.0,10.0]],[[1.0,26.0],[5.0,37.0],[7.0,9.0]]]},
"G64": {"type": "Matrix3x3", "payoffs": [[[10.0,33.0],[58.0,50.0],[17.0,39.0]],[[57.0,48.0],[30.0,31.0],[14.0,35.0]],[[27.0,46.0],[10.0,46.0],[52.0,89.0]]]},
"G65": {"type": "Matrix3x3", "payoffs": [[[11.0,27.0],[11.0,29.0],[8.0,23.0]],[[14.0,11.0],[9.0,35.0],[13.0,21.0]],[[3.0,24.0],[1.0,18.0],[1.0,1.0]]]},
"G66": {"type": "Matrix3x3", "payoffs": [[[30.0,29.0],[44.0,60.0],[51.0,58.0]],[[21.0,36.0],[9.0,2.0],[41.0,56.0]],[[29.0,60.0],[38.0,21.0],[0.0,19.0]]]},
"G67": {"type": "Matrix3x3", "payoffs": [[[76.0,13.0],[40.0,1.0],[73.0,9.0]],[[85.0,6.0],[40.0,18.0],[69.0,1.0]],[[52.0,11.0],[11.0,1.0],[14.0,11.0]]]},
"G68": {"type": "Matrix3x3", "payoffs": [[[47.0,86.0],[12.0,75.0],[37.0,28.0]],[[17.0,21.0],[49.0,39.0],[23.0,13.0]],[[53.0,91.0],[61.0,50.0],[21.0,0.0]]]},
"G69": {"type": "Matrix3x3", "payoffs": [[[32.0,18.0],[49.0,1.0],[8.0,18.0]],[[16.0,10.0],[49.0,18.0],[21.0,17.0]],[[59.0,13.0],[50.0,11.0],[43.0,4.0]]]},
"G70": {"type": "Matrix3x3", "payoffs": [[[8.0,7.0],[1.0,4.0],[8.0,21.0]],[[8.0,6.0],[2.0,1.0],[4.0,16.0]],[[9.0,15.0],[3.0,5.0],[10.0,12.0]]]},
"G71": {"type": "Matrix3x3", "payoffs": [[[55.0,2.0],[31.0,1.0],[53.0,1.0]],[[22.0,2.0],[55.0,0.0],[35.0,1.0]],[[24.0,0.0],[22.0,0.0],[28.0,1.0]]]},
"G72": {"type": "Matrix3x3", "payoffs": [[[27.0,6.0],[72.0,2.0],[19.0,3.0]],[[16.0,8.0],[30.0,4.0],[21.0,8.0]],[[35.0,3.0],[9.0,8.0],[51.0,3.0]]]},
"G73": {"type": "Matrix3x3", "payoffs": [[[4.0,36.0],[8.0,14.0],[8.0,49.0]],[[3.0,10.0],[4.0,15.0],[2.0,51.0]],[[9.0,24.0],[5.0,47.0],[8.0,37.0]]]},
"G74": {"type": "Matrix3x3", "payoffs": [[[30.0,23.0],[20.0,15.0],[3.0,18.0]],[[41.0,20.0],[22.0,18.0],[32.0,17.0]],[[32.0,15.0],[32.0,11.0],[14.0,11.0]]]},
"G75": {"type": "Matrix3x3", "payoffs": [[[8.0,23.0],[4.0,81.0],[10.0,85.0]],[[8.0,0.0],[10.0,63.0],[11.0,76.0]],[[4.0,13.0],[3.0,35.0],[5.0,42.0]]]},
"G76": {"type": "Matrix3x3", "payoffs": [[[33.0,1.0],[57.0,1.0],[24.0,3.0]],[[38.0,2.0],[63.0,3.0],[24.0,1.0]],[[11.0,1.0],[5.0,1.0],[6.0,0.0]]]},
"G77": {"type": "Matrix3x3", "payoffs": [[[55.0,80.0],[77.0,38.0],[68.0,32.0]],[[77.0,33.0],[77.0,16.0],[65.0,35.0]],[[61.0,29.0],[16.0,24.0],[74.0,61.0]]]},
"G78": {"type": "Matrix3x3", "payoffs": [[[7.0,22.0],[8.0,16.0],[8.0,28.0]],[[13.0,2.0],[2.0,25.0],[23.0,5.0]],[[27.0,1.0],[19.0,8.0],[3.0,29.0]]]},
"G79": {"type": "Matrix3x3", "payoffs": [[[17.0,21.0],[10.0,16.0],[54.0,3.0]],[[35.0,0.0],[1.0,9.0],[31.0,6.0]],[[5.0,35.0],[74.0,34.0],[70.0,9.0]]]},
"G80": {"type": "Matrix3x3", "payoffs": [[[1.0,18.0],[1.0,50.0],[1.0,12.0]],[[3.0,59.0],[0.0,46.0],[1.0,6.0]],[[2.0,7.0],[1.0,22.0],[1.0,50.0]]]},
"G81": {"type": "Matrix3x3", "payoffs": [[[1.0,59.0],[4.0,38.0],[20.0,89.0]],[[5.0,80.0],[23.0,15.0],[22.0,43.0]],[[0.0,71.0],[15.0,17.0],[18.0,7.0]]]},
"G82": {"type": "Matrix3x3", "payoffs": [[[81.0,10.0],[13.0,1.0],[87.0,26.0]],[[64.0,9.0],[55.0,22.0],[63.0,9.0]],[[36.0,15.0],[63.0,27.0],[56.0,2.0]]]},
"G83": {"type": "Matrix3x3", "payoffs": [[[1.0,58.0],[1.0,10.0],[4.0,7.0]],[[4.0,24.0],[4.0,54.0],[5.0,51.0]],[[2.0,8.0],[6.0,65.0],[2.0,40.0]]]},
"G84": {"type": "Matrix3x3", "payoffs": [[[41.0,27.0],[33.0,45.0],[40.0,21.0]],[[58.0,34.0],[58.0,35.0],[56.0,47.0]],[[23.0,2.0],[4.0,28.0],[17.0,37.0]]]},
"G85": {"type": "Matrix3x3", "payoffs": [[[0.0,49.0],[24.0,37.0],[33.0,25.0]],[[26.0,42.0],[3.0,11.0],[43.0,20.0]],[[42.0,8.0],[25.0,53.0],[16.0,30.0]]]},
"G86": {"type": "Matrix3x3", "payoffs": [[[20.0,13.0],[46.0,0.0],[18.0,15.0]],[[17.0,16.0],[2.0,3.0],[36.0,23.0]],[[38.0,7.0],[15.0,18.0],[0.0,11.0]]]},
"G87": {"type": "Matrix3x3", "payoffs": [[[31.0,15.0],[34.0,4.0],[21.0,13.0]],[[49.0,0.0],[4.0,5.0],[37.0,26.0]],[[54.0,20.0],[7.0,21.0],[26.0,15.0]]]},
"G88": {"type": "Matrix3x3", "payoffs": [[[0.0,73.0],[9.0,3.0],[1.0,89.0]],[[6.0,64.0],[8.0,85.0],[4.0,10.0]],[[4.0,49.0],[6.0,86.0],[2.0,7.0]]]},
"G89": {"type": "Matrix3x3", "payoffs": [[[61.0,46.0],[83.0,63.0],[12.0,84.0]],[[50.0,29.0],[82.0,86.0],[58.0,85.0]],[[60.0,1.0],[62.0,89.0],[40.0,5.0]]]},
"G90": {"type": "Matrix3x3", "payoffs": [[[12.0,42.0],[3.0,71.0],[3.0,7.0]],[[2.0,63.0],[6.0,77.0],[0.0,94.0]],[[13.0,69.0],[1.0,22.0],[6.0,78.0]]]},
"G91": {"type": "Matrix3x3", "payoffs": [[[31.0,18.0],[25.0,13.0],[25.0,17.0]],[[18.0,34.0],[32.0,43.0],[17.0,44.0]],[[3.0,5.0],[20.0,39.0],[10.0,8.0]]]},
"G92": {"type": "Matrix3x3", "payoffs": [[[1.0,55.0],[4.0,64.0],[3.0,94.0]],[[4.0,3.0],[4.0,47.0],[3.0,18.0]],[[0.0,90.0],[1.0,1.0],[4.0,39.0]]]},
"G93": {"type": "Matrix3x3", "payoffs": [[[38.0,52.0],[15.0,81.0],[22.0,29.0]],[[39.0,3.0],[27.0,76.0],[36.0,56.0]],[[26.0,71.0],[29.0,70.0],[16.0,79.0]]]},
"G94": {"type": "Matrix3x3", "payoffs": [[[6.0,33.0],[19.0,25.0],[51.0,24.0]],[[14.0,63.0],[36.0,62.0],[6.0,11.0]],[[32.0,21.0],[19.0,28.0],[13.0,89.0]]]},
"G95": {"type": "Matrix3x3", "payoffs": [[[32.0,3.0],[72.0,3.0],[21.0,4.0]],[[59.0,5.0],[25.0,6.0],[3.0,5.0]],[[1.0,3.0],[19.0,0.0],[68.0,5.0]]]},
"G96": {"type": "Matrix3x3", "payoffs": [[[30.0,0.0],[32.0,0.0],[12.0,0.0]],[[28.0,0.0],[10.0,0.0],[23.0,0.0]],[[16.0,0.0],[33.0,0.0],[12.0,0.0]]]},
"G97": {"type": "Matrix3x3", "payoffs": [[[82.0,9.0],[76.0,25.0],[19.0,19.0]],[[2.0,5.0],[22.0,12.0],[40.0,20.0]],[[76.0,0.0],[50.0,26.0],[30.0,28.0]]]},
"G98": {"type": "Matrix3x3", "payoffs": [[[77.0,6.0],[65.0,0.0],[48.0,2.0]],[[14.0,6.0],[89.0,5.0],[65.0,6.0]],[[86.0,6.0],[83.0,0.0],[78.0,9.0]]]},
"G99": {"type": "Matrix3x3", "payoffs": [[[41.0,41.0],[12.0,25.0],[30.0,4.0]],[[46.0,15.0],[41.0,30.0],[23.0,51.0]],[[6.0,34.0],[35.0,7.0],[60.0,8.0]]]},
"G100": {"type": "Matrix3x3", "payoffs": [[[2.0,18.0],[1.0,92.0],[2.0,46.0]],[[0.0,22.0],[3.0,51.0],[3.0,78.0]],[[3.0,80.0],[1.0,22.0],[0.0,41.0]]]}
}