{
"numGames": 100,
"G1": {"type": "Matrix3x3", "payoffs": [[[31.0,52.0],[17.0,45.0],[35.0,8.0]],[[41.0,55.0],[26.0,46.0],[33.0,48.0]],[[35.0,22.0],[50.0,5.0],[12.0,21.0]]]},
"G2": {"type": "Matrix3x3", "payoffs": [[[23.0,11.0],[19.0,9.0],[3.0,8.0]],[[14.0,1.0],[5.0,6.0],[18.0,7.0]],[[17.0,8.0],[13.0,11.0],[1.0,1.0]]]},
"G3": {"type": "Matrix3x3", "payoffs": [[[5.0,26.0],[81.0,31.0],[68.0,51.0]],[[15.0,28.0],[33.0,54.0],[70.0,57.0]],[[13.0,48.0],[83.0,20.0],[34.0,48.0]]]},
"G4": {"type": "Matrix3x3", "payoffs": [[[72.0,14.0],[65.0,39.0],[0.0,53.0]],[[9.0,20.0],[20.0,34.0],[52.0,73.0]],[[27.0,68.0],[49.0,79.0],[21.0,67.0]]]},
"G5": {"type": "Matrix3x3", "payoffs": [[[34.0,56.0],[32.0,9.0],[32.0,54.0]],[[35.0,36.0],[22.0,42.0],[0.0,9.0]],[[35.0,33.0],[39.0,20.0],[9.0,39.0]]]},
"G6": {"type": "Matrix3x3", "payoffs": [[[33.0,20.0],[19.0,11.0],[8.0,4.0]],[[25.0,18.0],[30.0,8.0],[27.0,21.0]],[[36.0,3.0],[9.0,2.0],[32.0,25.0]]]},
"G7": {"type": "Matrix3x3", "payoffs": [[[5.0,31.0],[10.0,34.0],[5.0,9.0]],[[10.0,17.0],[1.0,54.0],[7.0,15.0]],[[3.0,40.0],[9.0,14.0],[10.0,17.0]]]},
"G8": {"type": "Matrix3x3", "payoffs": [[[8.0,48.0],[3.0,13.0],[7.0,28.0]],[[9.0,21.0],[11.0,13.0],[10.0,44.0]],[[10.0,27.0],[12.0,17.0],[1.0,37.0]]]},
"G9": {"type": "Matrix3x3", "payoffs": [[[23.0,63.0],[33.0,15.0],[31.0,62.0]],[[28.0,43.0],[1.0,32.0],[28.0,42.0]],[[18.0,34.0],[10.0,60.0],[27.0,1.0]]]},
"G10": {"type": "Matrix3x3", "payoffs": [[[1.0,70.0],[2.0,62.0],[2.0,34.0]],[[2.0,61.0],[0.0,73.0],[1.0,40.0]],[[2.0,41.0],[1.0,40.0],[0.0,29.0]]]},
"G11": {"type": "Matrix3x3", "payoffs": [[[15.0,12.0],[5.0,3.0],[12.0,4.0]],[[17.0,3.0],[11.0,4.0],[15.0,15.0]],[[10.0,15.0],[5.0,11.0],[7.0,9.0]]]},
"G12": {"type": "Matrix3x3", "payoffs": [[[5.0,92.0],[25.0,45.0],[10.0,18.0]],[[5.0,80.0],[13.0,6.0],[21.0,1.0]],[[11.0,54.0],[3.0,13.0],[14.0,64.0]]]},
"G13": {"type": "Matrix3x3", "payoffs": [[[15.0,17.0],[18.0,55.0],[13.0,28.0]],[[11.0,23.0],[16.0,37.0],[30.0,61.0]],[[55.0,33.0],[0.0,1.0],[50.0,18.0]]]},
"G14": {"type": "Matrix3x3", "payoffs": [[[17.0,33.0],[41.0,30.0],[12.0,19.0]],[[38.0,18.0],[27.0,24.0],[14.0,25.0]],[[16.0,13.0],[14.0,19.0],[54.0,20.0]]]},
"G15": {"type": "Matrix3x3", "payoffs": [[[14.0,43.0],[5.0,64.0],[13.0,16.0]],[[12.0,56.0],[11.0,55.0],[9.0,74.0]],[[12.0,62.0],[6.0,78.0],[15.0,58.0]]]},
"G16": {"type": "Matrix3x3", "payoffs": [[[14.0,0.0],[46.0,13.0],[21.0,12.0]],[[9.0,12.0],[41.0,13.0],[49.0,11.0]],[[67.0,11.0],[32.0,6.0],[6.0,11.0]]]},
"G17": {"type": "Matrix3x3", "payoffs": [[[4.0,10.0],[25.0,2.0],[27.0,18.0]],[[9.0,21.0],[16.0,0.0],[19.0,10.0]],[[22.0,17.0],[27.0,10.0],[19.0,21.0]]]},
"G18": {"type": "Matrix3x3", "payoffs": [[[81.0,0.0],[3.0,0.0],[35.0,0.0]],[[56.0,0.0],[8.0,0.0],[39.0,0.0]],[[31.0,0.0],[2.0,0.0],[50.0,0.0]]]},
"G19": {"type": "Matrix3x3", "payoffs": [[[59.0,62.0],[25.0,68.0],[64.0,13.0]],[[23.0,59.0],[41.0,8.0],[54.0,22.0]],[[65.0,56.0],[43.0,65.0],[44.0,34.0]]]},
"G20": {"type": "Matrix3x3", "payoffs": [[[6.0,8.0],[8.0,13.0],[8.0,7.0]],[[4.0,27.0],[8.0,31.0],[5.0,21.0]],[[4.0,2.0],[4.0,30.0],[6.0,23.0]]]},
"G21": {"type": "Matrix3x3", "payoffs": [[[14.0,8.0],[3.0,18.0],[43.0,2.0]],[[37.0,10.0],[55.0,13.0],[61.0,10.0]],[[41.0,11.0],[52.0,33.0],[41.0,0.0]]]},
"G22": {"type": "Matrix3x3", "payoffs": [[[68.0,41.0],[18.0,57.0],[58.0,68.0]],[[35.0,3.0],[65.0,4.0],[21.0,46.0]],[[47.0,42.0],[52.0,30.0],[58.0,54.0]]]},
"G23": {"type": "Matrix3x3", "payoffs": [[[28.0,19.0],[30.0,19.0],[70.0,3.0]],[[6.0,28.0],[47.0,24.0],[44.0,19.0]],[[85.0,2.0],[76.0,12.0],[20.0,15.0]]]},
"G24": {"type": "Matrix3x3", "payoffs": [[[16.0,34.0],[27.0,18.0],[17.0,4.0]],[[41.0,35.0],[44.0,0.0],[14.0,12.0]],[[28.0,2.0],[32.0,13.0],[25.0,20.0]]]},
"G25": {"type": "Matrix3x3", "payoffs": [[[3.0,12.0],[2.0,5.0],[2.0,9.0]],[[2.0,17.0],[1.0,15.0],[0.0,25.0]],[[3.0,4.0],[1.0,24.0],[1.0,15.0]]]},
"G26": {"type": "Matrix3x3", "payoffs": [[[25.0,31.0],[2.0,6.0],[17.0,26.0]],[[25.0,24.0],[10.0,6.0],[7.0,55.0]],[[18.0,51.0],[18.0,46.0],[14.0,47.0]]]},
"G27": {"type": "Matrix3x3", "payoffs": [[[18.0,0.0],[46.0,2.0],[15.0,1.0]],[[49.0,2.0],[70.0,2.0],[85.0,2.0]],[[30.0,3.0],[13.0,2.0],[18.0,0.0]]]},
"G28": {"type": "Matrix3x3", "payoffs": [[[5.0,9.0],[2.0,25.0],[1.0,11.0]],[[3.0,66.0],[5.0,67.0],[2.0,68.0]],[[0.0,70.0],[4.0,39.0],[5.0,54.0]]]},
"G29": {"type": "Matrix3x3", "payoffs": [[[9.0,54.0],[22.0,66.0],[9.0,20.0]],[[30.0,37.0],[27.0,50.0],[24.0,68.0]],[[7.0,14.0],[16.0,69.0],[21.0,76.0]]]},
"G30": {"type": "Matrix3x3", "payoffs": [[[15.0,29.0],[58.0,62.0],[15.0,48.0]],[[17.0,36.0],[42.0,33.0],[41.0,15.0]],[[9.0,46.0],[65.0,23.0],[65.0,58.0]]]},
"G31": {"type": "Matrix3x3", "payoffs": [[[35.0,43.0],[0.0,28.0],[8.0,41.0]],[[45.0,44.0],[24.0,71.0],[12.0,45.0]],[[7.0,72.0],[23.0,6.0],[29.0,14.0]]]},
"G32": {"type": "Matrix3x3", "payoffs": [[[50.0,7.0],[36.0,32.0],[30.0,18.0]],[[27.0,10.0],[24.0,15.0],[47.0,20.0]],[[54.0,36.0],[46.0,26.0],[57.0,24.0]]]},
"G33": {"type": "Matrix3x3", "payoffs": [[[15.0,0.0],[17.0,1.0],[49.0,1.0]],[[49.0,1.0],[21.0,0.0],[3.0,1.0]],[[65.0,2.0],[49.0,1.0],[58.0,1.0]]]},
"G34": {"type": "Matrix3x3", "payoffs": [[[24.0,33.0],[4.0,2.0],[8.0,8.0]],[[17.0,29.0],[24.0,35.0],[24.0,7.0]],[[18.0,7.0],[1.0,4.0],[5.0,22.0]]]},
"G35": {"type": "Matrix3x3", "payoffs": [[[27.0,61.0],[14.0,5.0],[10.0,64.0]],[[3.0,9.0],[0.0,39.0],[23.0,22.0]],[[22.0,88.0],[10.0,74.0],[12.0,27.0]]]},
"G36": {"type": "Matrix3x3", "payoffs": [[[24.0,6.0],[9.0,76.0],[4.0,29.0]],[[8.0,66.0],[30.0,83.0],[21.0,50.0]],[[31.0,87.0],[11.0,20.0],[5.0,32.0]]]},
"G37": {"type": "Matrix3x3", "payoffs": [[[3.0,20.0],[7.0,10.0],[1.0,64.0]],[[5.0,54.0],[4.0,12.0],[5.0,37.0]],[[0.0,43.0],[1.0,46.0],[1.0,28.0]]]},
"G38": {"type": "Matrix3x3", "payoffs": [[[47.0,28.0],[15.0,47.0],[61.0,9.0]],[[16.0,34.0],[7.0,48.0],[45.0,49.0]],[[57.0,18.0],[21.0,24.0],[27.0,5.0]]]},
"G39": {"type": "Matrix3x3", "payoffs": [[[2.0,36.0],[2.0,60.0],[0.0,22.0]],[[4.0,28.0],[1.0,58.0],[0.0,68.0]],[[3.0,20.0],[1.0,69.0],[6.0,5.0]]]},
"G40": {"type": "Matrix3x3", "payoffs": [[[4.0,92.0],[58.0,90.0],[63.0,70.0]],[[66.0,64.0],[61.0,77.0],[60.0,65.0]],[[45.0,79.0],[64.0,21.0],[71.0,20.0]]]},
"G41": {"type": "Matrix3x3", "payoffs": [[[5.0,40.0],[3.0,38.0],[1.0,38.0]],[[3.0,24.0],[6.0,28.0],[1.0,1.0]],[[6.0,44.0],[0.0,20.0],[3.0,31.0]]]},
"G42": {"type": "Matrix3x3", "payoffs": [[[5.0,90.0],[42.0,27.0],[18.0,70.0]],[[35.0,20.0],[54.0,7.0],[14.0,42.0]],[[38.0,22.0],[9.0,27.0],[22.0,25.0]]]},
"G43": {"type": "Matrix3x3", "payoffs": [[[14.0,1.0],[18.0,30.0],[5.0,32.0]],[[23.0,8.0],[18.0,13.0],[14.0,11.0]],[[12.0,6.0],[7.0,14.0],[6.0,36.0]]]},
"G44": {"type": "Matrix3x3", "payoffs": [[[32.0,25.0],[34.0,41.0],[12.0,33.0]],[[20.0,6.0],[35.0,3.0],[7.0,25.0]],[[35.0,38.0],[23.0,1.0],[38.0,32.0]]]},
"G45": {"type": "Matrix3x3", "payoffs": [[[8.0,4.0],[9.0,29.0],[3.0,1.0]],[[7.0,30.0],[14.0,8.0],[14.0,14.0]],[[6.0,41.0],[14.0,38.0],[1.0,14.0]]]},
"G46": {"type": "Matrix3x3", "payoffs": [[[2.0,31.0],[1.0,7.0],[2.0,12.0]],[[2.0,41.0],[2.0,43.0],[1.0,28.0]],[[0.0,7.0],[1.0,32.0],[2.0,26.0]]]},
"G47": {"type": "Matrix3x3", "payoffs": [[[67.0,2.0],[19.0,57.0],[56.0,1.0]],[[44.0,52.0],[38.0,24.0],[22.0,32.0]],[[17.0,70.0],[19.0,34.0],[23.0,34.0]]]},
"G48": {"type": "Matrix3x3", "payoffs": [[[38.0,8.0],[51.0,3.0],[59.0,27.0]],[[2.0,58.0],[67.0,44.0],[19.0,24.0]],[[21.0,63.0],[47.0,3.0],[63.0,52.0]]]},
"G49": {"type": "Matrix3x3", "payoffs": [[[66.0,6.0],[9.0,64.0],[51.0,27.0]],[[7.0,49.0],[5.0,12.0],[70.0,49.0]],[[51.0,70.0],[14.0,68.0],[17.0,47.0]]]},
"G50": {"type": "Matrix3x3", "payoffs": [[[33.0,4.0],[10.0,1.0],[51.0,7.0]],[[59.0,7.0],[15.0,8.0],[45.0,6.0]],[[35.0,4.0],[62.0,10.0],[59.0,6.0]]]},
"G51": {"type": "Matrix3x3", "payoffs": [[[38.0,90.0],[30.0,90.0],[27.0,41.0]],[[18.0,10.0],[5.0,78.0],[19.0,17.0]],[[49.0,25.0],[49.0,2.0],[51.0,74.0]]]},
"G52": {"type": "Matrix3x3", "payoffs": [[[52.0,22.0],[10.0,14.0],[10.0,7.0]],[[66.0,11.0],[37.0,21.0],[65.0,9.0]],[[32.0,14.0],[8.0,15.0],[18.0,3.0]]]},
"G53": {"type": "Matrix3x3", "payoffs": [[[4.0,2.0],[14.0,4.0],[12.0,3.0]],[[20.0,4.0],[12.0,1.0],[7.0,3.0]],[[13.0,1.0],[18.0,3.0],[6.0,3.0]]]},
"G54": {"type": "Matrix3x3", "payoffs": [[[12.0,1.0],[5.0,3.0],[5.0,0.0]],[[3.0,1.0],[7.0,2.0],[0.0,4.0]],[[1.0,2.0],[8.0,2.0],[8.0,2.0]]]},
"G55": {"type": "Matrix3x3", "payoffs": [[[0.0,4.0],[1.0,1.0],[2.0,1.0]],[[2.0,2.0],[0.0,2.0],[1.0,3.0]],[[1.0,4.0],[2.0,5.0],[0.0,3.0]]]},
"G56": {"type": "Matrix3x3", "payoffs": [[[62.0,3.0],[20.0,7.0],[5.0,16.0]],[[36.0,9.0],[30.0,14.0],[2.0,4.0]],[[60.0,5.0],[55.0,15.0],[44.0,6.0]]]},
"G57": {"type": "Matrix3x3", "payoffs": [[[2.0,20.0],[3.0,3.0],[17.0,16.0]],[[2.0,17.0],[13.0,0.0],[10.0,13.0]],[[7.0,2.0],[8.0,2.0],[9.0,4.0]]]},
"G58": {"type": "Matrix3x3", "payoffs": [[[29.0,9.0],[25.0,30.0],[32.0,30.0]],[[39.0,6.0],[46.0,20.0],[12.0,47.0]],[[56.0,1.0],[27.0,20.0],[47.0,13.0]]]},
"G59": {"type": "Matrix3x3", "payoffs": [[[94.0,3.0],[34.0,5.0],[39.0,30.0]],[[6.0,1.0],[79.0,1.0],[82.0,14.0]],[[80.0,21.0],[30.0,15.0],[4.0,4.0]]]},
"G60": {"type": "Matrix3x3", "payoffs": [[[63.0,17.0],[30.0,47.0],[1.0,46.0]],[[46.0,39.0],[56.0,10.0],[33.0,15.0]],[[28.0,39.0],[50.0,45.0],[33.0,45.0]]]},
"G61": {"type": "Matrix3x3", "payoffs": [[[2.0,59.0],[24.0,33.0],[6.0,52.0]],[[34.0,7.0],[13.0,45.0],[23.0,7.0]],[[27.0,70.0],[9.0,23.0],[16.0,15.0]]]},
"G62": {"type": "Matrix3x3", "payoffs": [[[19.0,39.0],[37.0,21.0],[75.0,5.0]],[[3.0,70.0],[34.0,25.0],[3.0,67.0]],[[40.0,42.0],[11.0,44.0],[33.0,32.0]]]},
"G63": {"type": "Matrix3x3", "payoffs": [[[6.0,7.0],[6.0,2.0],[28.0,1.0]],[[30.0,6.0],[44.0,5.0],[45.0,0.0]],[[18.0,6.0],[25.0,5.0],[9.0,7.0]]]},
"G64": {"type": "Matrix3x3", "payoffs": [[[61.0,20.0],[31.0,31.0],[69.0,37.0]],[[27.0,26.0],[73.0,9.0],[65.0,31.0]],[[48.0,24.0],[2.0,23.0],[22.0,23.0]]]},
"G65": {"type": "Matrix3x3", "payoffs": [[[9.0,30.0],[14.0,54.0],[42.0,23.0]],[[1.0,54.0],[17.0,32.0],[27.0,57.0]],[[3.0,39.0],[1.0,35.0],[35.0,41.0]]]},
"G66": {"type": "Matrix3x3", "payoffs": [[[21.0,35.0],[1.0,72.0],[4.0,42.0]],[[39.0,69.0],[39.0,73.0],[26.0,39.0]],[[1.0,91.0],[4.0,77.0],[15.0,78.0]]]},
"G67": {"type": "Matrix3x3", "payoffs": [[[1.0,34.0],[2.0,28.0],[3.0,12.0]],[[2.0,37.0],[6.0,11.0],[3.0,9.0]],[[5.0,15.0],[4.0,42.0],[3.0,15.0]]]},
"G68": {"type": "Matrix3x3", "payoffs": [[[74.0,57.0],[76.0,16.0],[81.0,58.0]],[[51.0,59.0],[70.0,37.0],[88.0,34.0]],[[60.0,46.0],[67.0,80.0],[15.0,77.0]]]},
"G69": {"type": "Matrix3x3", "payoffs": [[[4.0,2.0],[3.0,5.0],[1.0,0.0]],[[1.0,1.0],[1.0,4.0],[4.0,4.0]],[[2.0,3.0],[0.0,5.0],[1.0,1.0]]]},
"G70": {"type": "Matrix3x3", "payoffs": [[[9.0,10.0],[3.0,6.0],[2.0,45.0]],[[0.0,10.0],[10.0,60.0],[10.0,42.0]],[[11.0,37.0],[7.0,19.0],[4.0,54.0]]]},
"G71": {"type": "Matrix3x3", "payoffs": [[[12.0,13.0],[4.0,56.0],[12.0,24.0]],[[9.0,5.0],[6.0,23.0],[14.0,43.0]],[[11.0,10.0],[12.0,6.0],[2.0,37.0]]]},
"G72": {"type": "Matrix3x3", "payoffs": [[[1.0,0.0],[72.0,0.0],[48.0,0.0]],[[35.0,0.0],[22.0,0.0],[64.0,0.0]],[[8.0,0.0],[32.0,0.0],[29.0,0.0]]]},
"G73": {"type": "Matrix3x3", "payoffs": [[[30.0,8.0],[33.0,1.0],[17.0,3.0]],[[20.0,7.0],[19.0,2.0],[9.0,2.0]],[[8.0,8.0],[10.0,3.0],[7.0,4.0]]]},
"G74": {"type": "Matrix3x3", "payoffs": [[[28.0,26.0],[75.0,5.0],[9.0,15.0]],[[49.0,18.0],[31.0,32.0],[55.0,7.0]],[[30.0,40.0],[6.0,8.0],[28.0,19.0]]]},
"G75": {"type": "Matrix3x3", "payoffs": [[[46.0,20.0],[42.0,5.0],[7.0,21.0]],[[25.0,8.0],[8.0,13.0],[30.0,21.0]],[[41.0,20.0],[48.0,4.0],[4.0,25.0]]]},
"G76": {"type": "Matrix3x3", "payoffs": [[[20.0,15.0],[11.0,9.0],[52.0,13.0]],[[26.0,13.0],[27.0,13.0],[68.0,4.0]],[[2.0,13.0],[37.0,14.0],[17.0,16.0]]]},
"G77": {"type": "Matrix3x3", "payoffs": [[[14.0,73.0],[15.0,55.0],[55.0,12.0]],[[24.0,69.0],[38.0,70.0],[31.0,81.0]],[[66.0,61.0],[48.0,75.0],[50.0,5.0]]]},
"G78": {"type": "Matrix3x3", "payoffs": [[[32.0,38.0],[6.0,60.0],[29.0,16.0]],[[18.0,52.0],[16.0,57.0],[22.0,41.0]],[[36.0,25.0],[7.0,57.0],[11.0,22.0]]]},
"G79": {"type": "Matrix3x3", "payoffs": [[[68.0,28.0],[85.0,22.0],[19.0,25.0]],[[45.0,69.0],[77.0,54.0],[96.0,52.0]],[[9.0,38.0],[41.0,22.0],[29.0,57.0]]]},
"G80": {"type": "Matrix3x3", "payoffs": [[[2.0,47.0],[26.0,2.0],[7.0,48.0]],[[19.0,41.0],[22.0,42.0],[23.0,13.0]],[[14.0,25.0],[15.0,28.0],[17.0,9.0]]]},
"G81": {"type": "Matrix3x3", "payoffs": [[[16.0,0.0],[23.0,24.0],[3.0,23.0]],[[16.0,24.0],[14.0,17.0],[15.0,3.0]],[[20.0,29.0],[17.0,46.0],[13.0,7.0]]]},
"G82": {"type": "Matrix3x3", "payoffs": [[[13.0,22.0],[12.0,13.0],[12.0,15.0]],[[29.0,1.0],[4.0,5.0],[26.0,14.0]],[[27.0,11.0],[12.0,27.0],[23.0,24.0]]]},
"G83": {"type": "Matrix3x3", "payoffs": [[[19.0,23.0],[31.0,16.0],[8.0,9.0]],[[35.0,20.0],[31.0,23.0],[15.0,5.0]],[[21.0,20.0],[15.0,15.0],[15.0,11.0]]]},
"G84": {"type": "Matrix3x3", "payoffs": [[[7.0,0.0],[11.0,0.0],[5.0,4.0]],[[5.0,3.0],[16.0,1.0],[21.0,4.0]],[[21.0,5.0],[10.0,3.0],[1.0,5.0]]]},
"G85": {"type": "Matrix3x3", "payoffs": [[[9.0,7.0],[6.0,17.0],[7.0,75.0]],[[1.0,92.0],[2.0,51.0],[5.0,83.0]],[[2.0,64.0],[8.0,58.0],[7.0,86.0]]]},
"G86": {"type": "Matrix3x3", "payoffs": [[[25.0,10.0],[15.0,5.0],[33.0,5.0]],[[34.0,1.0],[22.0,5.0],[38.0,2.0]],[[5.0,13.0],[20.0,1.0],[16.0,11.0]]]},
"G87": {"type": "Matrix3x3", "payoffs": [[[7.0,11.0],[17.0,25.0],[24.0,12.0]],[[28.0,17.0],[36.0,12.0],[56.0,26.0]],[[52.0,25.0],[61.0,14.0],[51.0,3.0]]]},
"G88": {"type": "Matrix3x3", "payoffs": [[[1.0,44.0],[0.0,16.0],[1.0,41.0]],[[1.0,8.0],[1.0,17.0],[1.0,18.0]],[[1.0,34.0],[1.0,57.0],[1.0,2.0]]]},
"G89": {"type": "Matrix3x3", "payoffs": [[[29.0,35.0],[20.0,28.0],[59.0,77.0]],[[59.0,17.0],[39.0,78.0],[46.0,47.0]],[[50.0,17.0],[37.0,56.0],[38.0,80.0]]]},
"G90": {"type": "Matrix3x3", "payoffs": [[[21.0,4.0],[25.0,7.0],[14.0,33.0]],[[25.0,39.0],[7.0,62.0],[11.0,47.0]],[[14.0,23.0],[3.0,51.0],[22.0,1.0]]]},
"G91": {"type": "Matrix3x3", "payoffs": [[[15.0,43.0],[60.0,3.0],[45.0,25.0]],[[37.0,40.0],[0.0,57.0],[7.0,11.0]],[[85.0,20.0],[15.0,47.0],[0.0,1.0]]]},
"G92": {"type": "Matrix3x3", "payoffs": [[[0.0,18.0],[9.0,17.0],[6.0,5.0]],[[22.0,11.0],[28.0,18.0],[4.0,8.0]],[[3.0,9.0],[15.0,9.0],[26.0,2.0]]]},
"G93": {"type": "Matrix3x3", "payoffs": [[[1.0,40.0],[5.0,40.0],[11.0,87.0]],[[5.0,32.0],[0.0,44.0],[10.0,33.0]],[[9.0,40.0],[13.0,33.0],[8.0,6.0]]]},
"G94": {"type": "Matrix3x3", "payoffs": [[[31.0,27.0],[51.0,60.0],[2.0,21.0]],[[57.0,82.0],[63.0,47.0],[39.0,47.0]],[[41.0,46.0],[6.0,53.0],[2.0,18.0]]]},
"G95": {"type": "Matrix3x3", "payoffs": [[[21.0,16.0],[68.0,18.0],[68.0,10.0]],[[14.0,0.0],[92.0,13.0],[52.0,28.0]],[[53.0,14.0],[93.0,21.0],[33.0,16.0]]]},
"G96": {"type": "Matrix3x3", "payoffs": [[[32.0,10.0],[41.0,2.0],[28.0,9.0]],[[7.0,7.0],[38.0,20.0],[6.0,10.0]],[[41.0,5.0],[32.0,17.0],[28.0,20.0]]]},
"G97": {"type": "Matrix3x3", "payoffs": [[[27.0,1.0],[6.0,2.0],[43.0,2.0]],[[38.0,2.0],[9.0,1.0],[19.0,2.0]],[[41.0,1.0],[30.0,2.0],[15.0,1.0]]]},
"G98": {"type": "Matrix3x3", "payoffs": [[[10.0,1.0],[26.0,2.0],[17.0,1.0]],[[25.0,1.0],[12.0,1.0],[23.0,0.0]],[[9.0,2.0],[28.0,2.0],[22.0,1.0]]]},
"G99": {"type": "Matrix3x3", "payoffs": [[[43.0,17.0],[10.0,7.0],[68.0,1.0]],[[49.0,24.0],[71.0,31.0],[45.0,13.0]],[[55.0,11.0],[48.0,37.0],[5.0,28.0]]]},
"G100": {"type": "Matrix3x3", "payoffs": [[[7.0,28.0],[19.0,3.0],[17.0,15.0]],[[16.0,23.0],[14.0,8.0],[8.0,17.0]],[[36.0,5.0],[8.0,1.0],[5.0,12.0]]]}
}