{
"numGames": 100,
"G1": {"type": "Matrix3x3", "payoffs": [[[63.0,22.0],[3.0,36.0],[2.0,41.0]],[[18.0,63.0],[48.0,35.0],[31.0,11.0]],[[89.0,59.0],[8.0,11.0],[60.0,39.0]]]},
"G2": {"type": "Matrix3x3", "payoffs": [[[24.0,12.0],[13.0,1.0],[23.0,2.0]],[[5.0,18.0],[1.0,18.0],[1.0,2.0]],[[18.0,20.0],[6.0,15.0],[27.0,20.0]]]},
"G3": {"type": "Matrix3x3", "payoffs": [[[34.0,66.0],[12.0,62.0],[29.0,18.0]],[[23.0,43.0],[1.0,51.0],[17.0,1.0]],[[46.0,53.0],[54.0,38.0],[18.0,26.0]]]},
"G4": {"type": "Matrix3x3", "payoffs": [[[12.0,39.0],[24.0,31.0],[14.0,21.0]],[[72.0,15.0],[76.0,25.0],[66.0,44.0]],[[3.0,12.0],[34.0,37.0],[34.0,5.0]]]},
"G5": {"type": "Matrix3x3", "payoffs": [[[14.0,19.0],[0.0,8.0],[12.0,37.0]],[[61.0,51.0],[56.0,54.0],[0.0,11.0]],[[41.0,27.0],[7.0,16.0],[21.0,45.0]]]},
"G6": {"type": "Matrix3x3", "payoffs": [[[13.0,2.0],[32.0,6.0],[61.0,7.0]],[[74.0,7.0],[62.0,4.0],[67.0,5.0]],[[60.0,1.0],[78.0,6.0],[53.0,0.0]]]},
"G7": {"type": "Matrix3x3", "payoffs": [[[4.0,10.0],[6.0,23.0],[6.0,21.0]],[[1.0,11.0],[6.0,6.0],[4.0,36.0]],[[5.0,14.0],[3.0,33.0],[0.0,13.0]]]},
"G8": {"type": "Matrix3x3", "payoffs": [[[10.0,11.0],[45.0,4.0],[10.0,16.0]],[[35.0,12.0],[20.0,8.0],[44.0,12.0]],[[2.0,1.0],[12.0,17.0],[23.0,12.0]]]},
"G9": {"type": "Matrix3x3", "payoffs": [[[40.0,14.0],[38.0,26.0],[17.0,6.0]],[[29.0,26.0],[38.0,12.0],[33.0,28.0]],[[12.0,1.0],[29.0,29.0],[23.0,29.0]]]},
"G10": {"type": "Matrix3x3", "payoffs": [[[24.0,22.0],[53.0,4.0],[7.0,1.0]],[[57.0,62.0],[4.0,71.0],[22.0,51.0]],[[6.0,40.0],[46.0,69.0],[22.0,80.0]]]},
"G11": {"type": "Matrix3x3", "payoffs": [[[8.0,3.0],[0.0,15.0],[5.0,36.0]],[[2.0,32.0],[2.0,28.0],[29.0,1.0]],[[10.0,28.0],[24.0,3.0],[22.0,13.0]]]},
"G12": {"type": "Matrix3x3", "payoffs": [[[8.0,2.0],[5.0,41.0],[6.0,38.0]],[[6.0,61.0],[9.0,55.0],[0.0,73.0]],[[1.0,6.0],[4.0,22.0],[6.0,40.0]]]},
"G13": {"type": "Matrix3x3", "payoffs": [[[6.0,37.0],[66.0,36.0],[71.0,50.0]],[[71.0,16.0],[17.0,56.0],[39.0,13.0]],[[10.0,25.0],[61.0,56.0],[45.0,54.0]]]},
"G14": {"type": "Matrix3x3", "payoffs": [[[7.0,50.0],[27.0,3.0],[8.0,15.0]],[[21.0,25.0],[18.0,48.0],[23.0,70.0]],[[31.0,29.0],[68.0,22.0],[27.0,63.0]]]},
"G15": {"type": "Matrix3x3", "payoffs": [[[35.0,47.0],[31.0,33.0],[11.0,12.0]],[[20.0,61.0],[18.0,60.0],[25.0,27.0]],[[30.0,29.0],[22.0,57.0],[23.0,21.0]]]},
"G16": {"type": "Matrix3x3", "payoffs": [[[14.0,17.0],[2.0,39.0],[24.0,34.0]],[[27.0,50.0],[72.0,42.0],[54.0,28.0]],[[7.0,27.0],[29.0,33.0],[38.0,42.0]]]},
"G17": {"type": "Matrix3x3", "payoffs": [[[8.0,15.0],[41.0,12.0],[28.0,5.0]],[[22.0,8.0],[86.0,7.0],[22.0,9.0]],[[92.0,3.0],[25.0,1.0],[48.0,12.0]]]},
"G18": {"type": "Matrix3x3", "payoffs": [[[30.0,16.0],[33.0,35.0],[3.0,2.0]],[[26.0,37.0],[23.0,37.0],[16.0,30.0]],[[12.0,14.0],[23.0,13.0],[17.0,32.0]]]},
"G19": {"type": "Matrix3x3", "payoffs": [[[4.0,49.0],[45.0,33.0],[70.0,31.0]],[[57.0,63.0],[65.0,27.0],[12.0,24.0]],[[59.0,4.0],[36.0,17.0],[27.0,37.0]]]},
"G20": {"type": "Matrix3x3", "payoffs": [[[21.0,38.0],[10.0,20.0],[86.0,24.0]],[[60.0,18.0],[12.0,13.0],[82.0,18.0]],[[76.0,24.0],[41.0,15.0],[64.0,14.0]]]},
"G21": {"type": "Matrix3x3", "payoffs": [[[43.0,25.0],[24.0,33.0],[60.0,14.0]],[[32.0,15.0],[50.0,2.0],[38.0,1.0]],[[53.0,43.0],[18.0,29.0],[9.0,22.0]]]},
"G22": {"type": "Matrix3x3", "payoffs": [[[14.0,37.0],[17.0,45.0],[16.0,70.0]],[[13.0,63.0],[2.0,82.0],[13.0,59.0]],[[7.0,52.0],[8.0,11.0],[11.0,77.0]]]},
"G23": {"type": "Matrix3x3", "payoffs": [[[37.0,58.0],[6.0,0.0],[14.0,59.0]],[[32.0,46.0],[6.0,12.0],[16.0,10.0]],[[39.0,22.0],[15.0,50.0],[36.0,52.0]]]},
"G24": {"type": "Matrix3x3", "payoffs": [[[56.0,58.0],[18.0,59.0],[20.0,59.0]],[[44.0,47.0],[34.0,26.0],[80.0,13.0]],[[5.0,91.0],[80.0,93.0],[66.0,25.0]]]},
"G25": {"type": "Matrix3x3", "payoffs": [[[2.0,10.0],[2.0,34.0],[1.0,67.0]],[[1.0,41.0],[2.0,6.0],[1.0,21.0]],[[1.0,50.0],[1.0,7.0],[1.0,22.0]]]},
"G26": {"type": "Matrix3x3", "payoffs": [[[4.0,6.0],[41.0,1.0],[27.0,12.0]],[[18.0,1.0],[17.0,6.0],[39.0,9.0]],[[24.0,5.0],[45.0,6.0],[13.0,5.0]]]},
"G27": {"type": "Matrix3x3", "payoffs": [[[0.0,4.0],[3.0,6.0],[0.0,3.0]],[[3.0,5.0],[1.0,1.0],[0.0,1.0]],[[4.0,2.0],[3.0,4.0],[1.0,4.0]]]},
"G28": {"type": "Matrix3x3", "payoffs": [[[12.0,29.0],[14.0,29.0],[3.0,5.0]],[[19.0,14.0],[4.0,15.0],[5.0,3.0]],[[5.0,25.0],[15.0,8.0],[11.0,3.0]]]},
"G29": {"type": "Matrix3x3", "payoffs": [[[8.0,13.0],[2.0,5.0],[24.0,23.0]],[[5.0,47.0],[3.0,30.0],[14.0,54.0]],[[11.0,30.0],[26.0,53.0],[24.0,50.0]]]},
"G30": {"type": "Matrix3x3", "payoffs": [[[10.0,8.0],[63.0,19.0],[19.0,14.0]],[[30.0,16.0],[10.0,6.0],[25.0,5.0]],[[72.0,4.0],[15.0,8.0],[1.0,8.0]]]},
"G31": {"type": "Matrix3x3", "payoffs": [[[91.0,37.0],[84.0,30.0],[10.0,41.0]],[[71.0,15.0],[76.0,20.0],[85.0,16.0]],[[11.0,30.0],[55.0,21.0],[51.0,24.0]]]},
"G32": {"type": "Matrix3x3", "payoffs": [[[0.0,15.0],[1.0,24.0],[1.0,5.0]],[[0.0,16.0],[1.0,14.0],[0.0,2.0]],[[1.0,23.0],[0.0,31.0],[1.0,9.0]]]},
"G33": {"type": "Matrix3x3", "payoffs": [[[34.0,1.0],[64.0,24.0],[72.0,17.0]],[[67.0,45.0],[38.0,3.0],[57.0,68.0]],[[60.0,2.0],[67.0,52.0],[52.0,37.0]]]},
"G34": {"type": "Matrix3x3", "payoffs": [[[2.0,3.0],[10.0,12.0],[18.0,4.0]],[[7.0,9.0],[17.0,8.0],[11.0,5.0]],[[0.0,9.0],[23.0,16.0],[3.0,7.0]]]},
"G35": {"type": "Matrix3x3", "payoffs": [[[14.0,64.0],[69.0,51.0],[80.0,60.0]],[[98.0,33.0],[55.0,52.0],[34.0,70.0]],[[88.0,5.0],[8.0,61.0],[81.0,30.0]]]},
"G36": {"type": "Matrix3x3", "payoffs": [[[56.0,5.0],[45.0,16.0],[0.0,21.0]],[[77.0,19.0],[81.0,23.0],[64.0,19.0]],[[0.0,1.0],[40.0,13.0],[35.0,13.0]]]},
"G37": {"type": "Matrix3x3", "payoffs": [[[5.0,76.0],[16.0,11.0],[18.0,45.0]],[[45.0,11.0],[73.0,74.0],[30.0,66.0]],[[60.0,39.0],[10.0,22.0],[54.0,29.0]]]},
"G38": {"type": "Matrix3x3", "payoffs": [[[9.0,35.0],[1.0,14.0],[37.0,10.0]],[[45.0,26.0],[18.0,14.0],[8.0,23.0]],[[45.0,14.0],[22.0,32.0],[54.0,24.0]]]},
"G39": {"type": "Matrix3x3", "payoffs": [[[37.0,32.0],[0.0,48.0],[48.0,10.0]],[[37.0,2.0],[7.0,14.0],[29.0,41.0]],[[26.0,37.0],[42.0,39.0],[37.0,50.0]]]},
"G40": {"type": "Matrix3x3", "payoffs": [[[19.0,48.0],[15.0,48.0],[6.0,38.0]],[[6.0,82.0],[20.0,98.0],[0.0,2.0]],[[30.0,53.0],[7.0,86.0],[19.0,42.0]]]},
"G41": {"type": "Matrix3x3", "payoffs": [[[15.0,29.0],[50.0,26.0],[60.0,41.0]],[[18.0,36.0],[36.0,24.0],[37.0,9.0]],[[43.0,14.0],[55.0,16.0],[23.0,17.0]]]},
"G42": {"type": "Matrix3x3", "payoffs": [[[0.0,0.0],[0.0,1.0],[1.0,0.0]],[[0.0,0.0],[1.0,0.0],[1.0,1.0]],[[1.0,1.0],[0.0,0.0],[0.0,1.0]]]},
"G43": {"type": "Matrix3x3", "payoffs": [[[38.0,49.0],[10.0,34.0],[7.0,92.0]],[[45.0,81.0],[40.0,53.0],[6.0,12.0]],[[14.0,64.0],[45.0,66.0],[16.0,8.0]]]},
"G44": {"type": "Matrix3x3", "payoffs": [[[1.0,3.0],[4.0,28.0],[6.0,13.0]],[[7.0,5.0],[6.0,0.0],[3.0,64.0]],[[5.0,70.0],[5.0,53.0],[3.0,42.0]]]},
"G45": {"type": "Matrix3x3", "payoffs": [[[9.0,3.0],[23.0,26.0],[8.0,1.0]],[[14.0,24.0],[27.0,7.0],[6.0,13.0]],[[1.0,6.0],[30.0,11.0],[6.0,24.0]]]},
"G46": {"type": "Matrix3x3", "payoffs": [[[3.0,4.0],[8.0,1.0],[5.0,3.0]],[[5.0,1.0],[2.0,3.0],[4.0,1.0]],[[2.0,3.0],[1.0,3.0],[5.0,5.0]]]},
"G47": {"type": "Matrix3x3", "payoffs": [[[7.0,63.0],[37.0,4.0],[9.0,68.0]],[[41.0,26.0],[43.0,81.0],[90.0,43.0]],[[78.0,6.0],[39.0,34.0],[10.0,28.0]]]},
"G48": {"type": "Matrix3x3", "payoffs": [[[83.0,25.0],[84.0,13.0],[57.0,3.0]],[[59.0,25.0],[47.0,9.0],[36.0,4.0]],[[34.0,26.0],[67.0,28.0],[86.0,8.0]]]},
"G49": {"type": "Matrix3x3", "payoffs": [[[30.0,76.0],[32.0,87.0],[28.0,23.0]],[[12.0,70.0],[10.0,62.0],[31.0,93.0]],[[29.0,58.0],[6.0,10.0],[28.0,28.0]]]},
"G50": {"type": "Matrix3x3", "payoffs": [[[25.0,0.0],[15.0,1.0],[5.0,1.0]],[[26.0,2.0],[34.0,0.0],[27.0,1.0]],[[3.0,2.0],[20.0,0.0],[2.0,0.0]]]},
"G51": {"type": "Matrix3x3", "payoffs": [[[2.0,1.0],[2.0,1.0],[4.0,0.0]],[[5.0,2.0],[6.0,2.0],[1.0,1.0]],[[2.0,1.0],[2.0,2.0],[1.0,0.0]]]},
"G52": {"type": "Matrix3x3", "payoffs": [[[40.0,22.0],[17.0,30.0],[19.0,7.0]],[[14.0,32.0],[13.0,32.0],[32.0,28.0]],[[39.0,11.0],[22.0,11.0],[23.0,25.0]]]},
"G53": {"type": "Matrix3x3", "payoffs": [[[29.0,53.0],[11.0,65.0],[1.0,30.0]],[[47.0,47.0],[44.0,33.0],[6.0,32.0]],[[7.0,27.0],[9.0,31.0],[42.0,58.0]]]},
"G54": {"type": "Matrix3x3", "payoffs": [[[25.0,1.0],[25.0,20.0],[29.0,28.0]],[[38.0,30.0],[44.0,34.0],[27.0,25.0]],[[43.0,33.0],[19.0,28.0],[38.0,28.0]]]},
"G55": {"type": "Matrix3x3", "payoffs": [[[13.0,10.0],[79.0,54.0],[68.0,63.0]],[[3.0,46.0],[19.0,11.0],[78.0,42.0]],[[73.0,42.0],[77.0,20.0],[75.0,74.0]]]},
"G56": {"type": "Matrix3x3", "payoffs": [[[16.0,10.0],[19.0,55.0],[36.0,10.0]],[[48.0,55.0],[45.0,19.0],[49.0,4.0]],[[49.0,25.0],[34.0,46.0],[43.0,20.0]]]},
"G57": {"type": "Matrix3x3", "payoffs": [[[18.0,53.0],[16.0,45.0],[24.0,28.0]],[[6.0,60.0],[13.0,64.0],[18.0,36.0]],[[14.0,14.0],[13.0,53.0],[2.0,81.0]]]},
"G58": {"type": "Matrix3x3", "payoffs": [[[57.0,12.0],[18.0,50.0],[35.0,36.0]],[[12.0,49.0],[48.0,36.0],[48.0,39.0]],[[67.0,39.0],[31.0,44.0],[8.0,19.0]]]},
"G59": {"type": "Matrix3x3", "payoffs": [[[4.0,34.0],[6.0,70.0],[1.0,14.0]],[[1.0,72.0],[3.0,23.0],[9.0,43.0]],[[9.0,55.0],[4.0,58.0],[6.0,31.0]]]},
"G60": {"type": "Matrix3x3", "payoffs": [[[76.0,54.0],[57.0,59.0],[36.0,68.0]],[[66.0,80.0],[88.0,26.0],[15.0,69.0]],[[40.0,49.0],[32.0,41.0],[22.0,33.0]]]},
"G61": {"type": "Matrix3x3", "payoffs": [[[1.0,15.0],[10.0,52.0],[1.0,12.0]],[[26.0,3.0],[9.0,52.0],[3.0,38.0]],[[23.0,5.0],[7.0,22.0],[15.0,58.0]]]},
"G62": {"type": "Matrix3x3", "payoffs": [[[35.0,29.0],[24.0,18.0],[56.0,14.0]],[[6.0,36.0],[17.0,7.0],[53.0,16.0]],[[3.0,5.0],[8.0,27.0],[22.0,37.0]]]},
"G63": {"type": "Matrix3x3", "payoffs": [[[9.0,46.0],[49.0,17.0],[21.0,27.0]],[[27.0,75.0],[26.0,13.0],[17.0,21.0]],[[35.0,18.0],[52.0,37.0],[24.0,21.0]]]},
"G64": {"type": "Matrix3x3", "payoffs": [[[3.0,2.0],[11.0,8.0],[47.0,2.0]],[[24.0,7.0],[9.0,7.0],[18.0,7.0]],[[48.0,6.0],[28.0,6.0],[11.0,5.0]]]},
"G65": {"type": "Matrix3x3", "payoffs": [[[28.0,27.0],[61.0,8.0],[60.0,6.0]],[[2.0,14.0],[52.0,31.0],[52.0,25.0]],[[3.0,18.0],[51.0,16.0],[61.0,30.0]]]},
"G66": {"type": "Matrix3x3", "payoffs": [[[7.0,5.0],[9.0,16.0],[7.0,3.0]],[[11.0,29.0],[1.0,18.0],[9.0,24.0]],[[4.0,23.0],[9.0,16.0],[6.0,26.0]]]},
"G67": {"type": "Matrix3x3", "payoffs": [[[53.0,55.0],[37.0,11.0],[22.0,12.0]],[[6.0,38.0],[28.0,23.0],[9.0,11.0]],[[38.0,58.0],[47.0,39.0],[21.0,59.0]]]},
"G68": {"type": "Matrix3x3", "payoffs": [[[18.0,46.0],[12.0,17.0],[9.0,19.0]],[[16.0,35.0],[15.0,38.0],[6.0,22.0]],[[14.0,39.0],[6.0,13.0],[18.0,37.0]]]},
"G69": {"type": "Matrix3x3", "payoffs": [[[17.0,9.0],[11.0,9.0],[15.0,40.0]],[[15.0,36.0],[9.0,42.0],[23.0,43.0]],[[22.0,31.0],[22.0,6.0],[11.0,6.0]]]},
"G70": {"type": "Matrix3x3", "payoffs": [[[3.0,10.0],[61.0,24.0],[23.0,5.0]],[[4.0,21.0],[48.0,23.0],[18.0,5.0]],[[32.0,13.0],[71.0,28.0],[29.0,18.0]]]},
"G71": {"type": "Matrix3x3", "payoffs": [[[8.0,4.0],[3.0,12.0],[9.0,85.0]],[[8.0,59.0],[8.0,75.0],[0.0,78.0]],[[0.0,59.0],[15.0,22.0],[14.0,53.0]]]},
"G72": {"type": "Matrix3x3", "payoffs": [[[30.0,19.0],[24.0,43.0],[10.0,17.0]],[[2.0,40.0],[43.0,28.0],[44.0,2.0]],[[1.0,30.0],[23.0,0.0],[8.0,54.0]]]},
"G73": {"type": "Matrix3x3", "payoffs": [[[37.0,19.0],[28.0,76.0],[17.0,28.0]],[[28.0,12.0],[32.0,44.0],[8.0,74.0]],[[82.0,43.0],[67.0,61.0],[46.0,16.0]]]},
"G74": {"type": "Matrix3x3", "payoffs": [[[1.0,81.0],[18.0,81.0],[21.0,42.0]],[[17.0,5.0],[10.0,12.0],[12.0,45.0]],[[6.0,24.0],[6.0,35.0],[15.0,29.0]]]},
"G75": {"type": "Matrix3x3", "payoffs": [[[51.0,3.0],[57.0,7.0],[55.0,1.0]],[[76.0,17.0],[4.0,20.0],[58.0,14.0]],[[50.0,2.0],[1.0,7.0],[12.0,9.0]]]},
"G76": {"type": "Matrix3x3", "payoffs": [[[37.0,7.0],[45.0,22.0],[1.0,5.0]],[[26.0,26.0],[1.0,2.0],[28.0,14.0]],[[42.0,8.0],[24.0,19.0],[28.0,15.0]]]},
"G77": {"type": "Matrix3x3", "payoffs": [[[9.0,21.0],[12.0,15.0],[21.0,50.0]],[[10.0,37.0],[23.0,38.0],[5.0,27.0]],[[16.0,34.0],[5.0,45.0],[5.0,46.0]]]},
"G78": {"type": "Matrix3x3", "payoffs": [[[55.0,26.0],[50.0,34.0],[25.0,49.0]],[[43.0,90.0],[59.0,27.0],[3.0,6.0]],[[42.0,97.0],[12.0,30.0],[60.0,16.0]]]},
"G79": {"type": "Matrix3x3", "payoffs": [[[7.0,41.0],[9.0,12.0],[5.0,5.0]],[[6.0,27.0],[8.0,36.0],[1.0,23.0]],[[9.0,37.0],[3.0,24.0],[5.0,7.0]]]},
"G80": {"type": "Matrix3x3", "payoffs": [[[20.0,6.0],[51.0,7.0],[3.0,6.0]],[[36.0,2.0],[28.0,10.0],[0.0,6.0]],[[35.0,10.0],[28.0,4.0],[16.0,9.0]]]},
"G81": {"type": "Matrix3x3", "payoffs": [[[0.0,14.0],[75.0,16.0],[21.0,12.0]],[[67.0,6.0],[73.0,13.0],[19.0,4.0]],[[77.0,4.0],[2.0,18.0],[10.0,7.0]]]},
"G82": {"type": "Matrix3x3", "payoffs": [[[9.0,3.0],[47.0,2.0],[74.0,33.0]],[[36.0,27.0],[89.0,7.0],[40.0,15.0]],[[48.0,41.0],[56.0,2.0],[31.0,33.0]]]},
"G83": {"type": "Matrix3x3", "payoffs": [[[6.0,39.0],[32.0,30.0],[26.0,4.0]],[[46.0,14.0],[17.0,2.0],[51.0,21.0]],[[35.0,4.0],[35.0,27.0],[34.0,8.0]]]},
"G84": {"type": "Matrix3x3", "payoffs": [[[3.0,23.0],[25.0,17.0],[11.0,63.0]],[[12.0,6.0],[11.0,29.0],[29.0,52.0]],[[24.0,50.0],[16.0,24.0],[20.0,59.0]]]},
"G85": {"type": "Matrix3x3", "payoffs": [[[7.0,1.0],[15.0,6.0],[26.0,3.0]],[[32.0,10.0],[2.0,17.0],[13.0,9.0]],[[20.0,10.0],[8.0,5.0],[11.0,17.0]]]},
"G86": {"type": "Matrix3x3", "payoffs": [[[17.0,5.0],[54.0,6.0],[0.0,4.0]],[[50.0,4.0],[28.0,0.0],[22.0,6.0]],[[57.0,1.0],[16.0,5.0],[52.0,4.0]]]},
"G87": {"type": "Matrix3x3", "payoffs": [[[12.0,24.0],[19.0,57.0],[4.0,52.0]],[[13.0,48.0],[3.0,62.0],[14.0,56.0]],[[10.0,61.0],[13.0,6.0],[15.0,11.0]]]},
"G88": {"type": "Matrix3x3", "payoffs": [[[0.0,17.0],[0.0,19.0],[2.0,9.0]],[[2.0,5.0],[1.0,12.0],[1.0,2.0]],[[0.0,18.0],[2.0,13.0],[1.0,5.0]]]},
"G89": {"type": "Matrix3x3", "payoffs": [[[2.0,22.0],[3.0,17.0],[2.0,0.0]],[[2.0,12.0],[1.0,2.0],[1.0,1.0]],[[1.0,10.0],[2.0,13.0],[2.0,20.0]]]},
"G90": {"type": "Matrix3x3", "payoffs": [[[38.0,6.0],[29.0,7.0],[26.0,10.0]],[[17.0,4.0],[59.0,13.0],[36.0,1.0]],[[17.0,12.0],[11.0,10.0],[39.0,3.0]]]},
"G91": {"type": "Matrix3x3", "payoffs": [[[24.0,33.0],[12.0,49.0],[27.0,74.0]],[[28.0,68.0],[40.0,58.0],[27.0,81.0]],[[11.0,48.0],[27.0,59.0],[10.0,21.0]]]},
"G92": {"type": "Matrix3x3", "payoffs": [[[13.0,27.0],[8.0,20.0],[10.0,4.0]],[[7.0,13.0],[1.0,27.0],[2.0,12.0]],[[12.0,7.0],[7.0,8.0],[5.0,8.0]]]},
"G93": {"type": "Matrix3x3", "payoffs": [[[47.0,16.0],[47.0,10.0],[32.0,14.0]],[[44.0,26.0],[31.0,10.0],[39.0,5.0]],[[6.0,18.0],[70.0,15.0],[15.0,15.0]]]},
"G94": {"type": "Matrix3x3", "payoffs": [[[29.0,12.0],[4.0,12.0],[6.0,52.0]],[[2.0,32.0],[38.0,7.0],[44.0,4.0]],[[78.0,46.0],[58.0,14.0],[7.0,21.0]]]},
"G95": {"type": "Matrix3x3", "payoffs": [[[51.0,5.0],[15.0,35.0],[54.0,5.0]],[[27.0,38.0],[49.0,33.0],[41.0,32.0]],[[24.0,30.0],[4.0,13.0],[9.0,25.0]]]},
"G96": {"type": "Matrix3x3", "payoffs": [[[38.0,2.0],[20.0,27.0],[10.0,47.0]],[[17.0,41.0],[4.0,21.0],[38.0,3.0]],[[34.0,15.0],[44.0,24.0],[24.0,6.0]]]},
"G97": {"type": "Matrix3x3", "payoffs": [[[39.0,9.0],[2.0,2.0],[40.0,9.0]],[[11.0,2.0],[90.0,7.0],[15.0,1.0]],[[79.0,7.0],[37.0,2.0],[76.0,1.0]]]},
"G98": {"type": "Matrix3x3", "payoffs": [[[1.0,51.0],[32.0,11.0],[17.0,4.0]],[[34.0,61.0],[4.0,63.0],[28.0,9.0]],[[26.0,5.0],[13.0,26.0],[28.0,44.0]]]},
"G99": {"type": "Matrix3x3", "payoffs": [[[5.0,10.0],[50.0,6.0],[31.0,2.0]],[[35.0,13.0],[7.0,11.0],[12.0,1.0]],[[11.0,4.0],[46.0,5.0],[57.0,11.0]]]},
"G100": {"type": "Matrix3x3", "payoffs": [[[61.0,17.0],[44.0,47.0],[23.0,26.0]],[[51.0,16.0],[82.0,49.0],[86.0,14.0]],[[14.0,15.0],[73.0,57.0],[59.0,56.0]]]}
}