{
"numGames": 100,
"G1": {"type": "Matrix2x2", "payoffs": [[[0,10],[1,27]],[[3,0],[22,36]]]},
"G2": {"type": "Matrix2x2", "payoffs": [[[8,100],[5,37]],[[3,0],[0,48]]]},
"G3": {"type": "Matrix2x2", "payoffs": [[[28,95],[0,62]],[[4,59],[3,0]]]},
"G4": {"type": "Matrix2x2", "payoffs": [[[15,80],[0,0]],[[23,97],[10,44]]]},
"G5": {"type": "Matrix2x2", "payoffs": [[[0,0],[78,76]],[[10,15],[20,25]]]},
"G6": {"type": "Matrix2x2", "payoffs": [[[9,43],[2,0]],[[0,4],[1,6]]]},
"G7": {"type": "Matrix2x2", "payoffs": [[[33,51],[15,46]],[[19,2],[0,0]]]},
"G8": {"type": "Matrix2x2", "payoffs": [[[56,0],[57,32]],[[47,24],[0,31]]]},
"G9": {"type": "Matrix2x2", "payoffs": [[[19,42],[0,11]],[[52,56],[51,0]]]},
"G10": {"type": "Matrix2x2", "payoffs": [[[3,8],[8,67]],[[7,55],[0,0]]]},
"G11": {"type": "Matrix2x2", "payoffs": [[[47,12],[4,3]],[[44,0],[0,11]]]},
"G12": {"type": "Matrix2x2", "payoffs": [[[6,25],[2,0]],[[0,3],[14,60]]]},
"G13": {"type": "Matrix2x2", "payoffs": [[[0,14],[4,1]],[[21,0],[60,85]]]},
"G14": {"type": "Matrix2x2", "payoffs": [[[12,48],[4,0]],[[6,44],[0,22]]]},
"G15": {"type": "Matrix2x2", "payoffs": [[[0,0],[23,7]],[[50,19],[52,23]]]},
"G16": {"type": "Matrix2x2", "payoffs": [[[0,0],[44,45]],[[30,20],[11,7]]]},
"G17": {"type": "Matrix2x2", "payoffs": [[[73,37],[33,12]],[[69,5],[0,0]]]},
"G18": {"type": "Matrix2x2", "payoffs": [[[25,58],[0,0]],[[6,35],[5,2]]]},
"G19": {"type": "Matrix2x2", "payoffs": [[[0,8],[29,0]],[[67,7],[99,13]]]},
"G20": {"type": "Matrix2x2", "payoffs": [[[7,42],[23,58]],[[0,0],[37,84]]]},
"G21": {"type": "Matrix2x2", "payoffs": [[[77,0],[52,16]],[[97,49],[0,39]]]},
"G22": {"type": "Matrix2x2", "payoffs": [[[33,0],[32,8]],[[52,12],[0,2]]]},
"G23": {"type": "Matrix2x2", "payoffs": [[[3,26],[38,83]],[[45,86],[0,0]]]},
"G24": {"type": "Matrix2x2", "payoffs": [[[70,91],[58,0]],[[53,43],[0,32]]]},
"G25": {"type": "Matrix2x2", "payoffs": [[[4,0],[13,86]],[[0,73],[6,59]]]},
"G26": {"type": "Matrix2x2", "payoffs": [[[0,13],[35,7]],[[6,0],[65,60]]]},
"G27": {"type": "Matrix2x2", "payoffs": [[[57,7],[0,0]],[[8,9],[65,13]]]},
"G28": {"type": "Matrix2x2", "payoffs": [[[71,52],[0,26]],[[38,0],[14,2]]]},
"G29": {"type": "Matrix2x2", "payoffs": [[[40,0],[0,14]],[[61,3],[65,20]]]},
"G30": {"type": "Matrix2x2", "payoffs": [[[47,0],[0,26]],[[68,36],[99,51]]]},
"G31": {"type": "Matrix2x2", "payoffs": [[[7,41],[28,85]],[[18,30],[0,0]]]},
"G32": {"type": "Matrix2x2", "payoffs": [[[31,0],[51,83]],[[0,23],[11,15]]]},
"G33": {"type": "Matrix2x2", "payoffs": [[[43,0],[0,47]],[[29,6],[77,77]]]},
"G34": {"type": "Matrix2x2", "payoffs": [[[0,38],[85,52]],[[51,0],[11,25]]]},
"G35": {"type": "Matrix2x2", "payoffs": [[[25,1],[0,0]],[[30,3],[14,2]]]},
"G36": {"type": "Matrix2x2", "payoffs": [[[0,4],[18,0]],[[12,6],[22,16]]]},
"G37": {"type": "Matrix2x2", "payoffs": [[[26,7],[0,11]],[[33,12],[20,0]]]},
"G38": {"type": "Matrix2x2", "payoffs": [[[1,38],[29,51]],[[0,47],[15,0]]]},
"G39": {"type": "Matrix2x2", "payoffs": [[[0,17],[81,20]],[[41,0],[13,18]]]},
"G40": {"type": "Matrix2x2", "payoffs": [[[0,26],[54,69]],[[12,0],[22,5]]]},
"G41": {"type": "Matrix2x2", "payoffs": [[[29,2],[40,0]],[[74,7],[0,3]]]},
"G42": {"type": "Matrix2x2", "payoffs": [[[17,39],[66,42]],[[16,0],[0,34]]]},
"G43": {"type": "Matrix2x2", "payoffs": [[[0,0],[29,84]],[[27,37],[15,18]]]},
"G44": {"type": "Matrix2x2", "payoffs": [[[2,5],[0,0]],[[1,2],[3,7]]]},
"G45": {"type": "Matrix2x2", "payoffs": [[[0,16],[54,29]],[[50,0],[15,18]]]},
"G46": {"type": "Matrix2x2", "payoffs": [[[24,0],[31,12]],[[41,36],[0,18]]]},
"G47": {"type": "Matrix2x2", "payoffs": [[[59,67],[54,23]],[[56,5],[0,0]]]},
"G48": {"type": "Matrix2x2", "payoffs": [[[99,57],[18,0]],[[21,35],[0,9]]]},
"G49": {"type": "Matrix2x2", "payoffs": [[[55,57],[0,6]],[[39,18],[24,0]]]},
"G50": {"type": "Matrix2x2", "payoffs": [[[0,33],[28,0]],[[18,58],[92,59]]]},
"G51": {"type": "Matrix2x2", "payoffs": [[[92,9],[0,3]],[[47,7],[26,0]]]},
"G52": {"type": "Matrix2x2", "payoffs": [[[54,0],[69,85]],[[1,49],[0,13]]]},
"G53": {"type": "Matrix2x2", "payoffs": [[[0,38],[76,0]],[[85,55],[71,10]]]},
"G54": {"type": "Matrix2x2", "payoffs": [[[0,13],[68,37]],[[24,14],[66,0]]]},
"G55": {"type": "Matrix2x2", "payoffs": [[[0,29],[36,65]],[[19,0],[34,53]]]},
"G56": {"type": "Matrix2x2", "payoffs": [[[50,3],[59,67]],[[5,65],[0,0]]]},
"G57": {"type": "Matrix2x2", "payoffs": [[[4,27],[19,73]],[[0,24],[10,0]]]},
"G58": {"type": "Matrix2x2", "payoffs": [[[16,0],[91,21]],[[72,12],[0,10]]]},
"G59": {"type": "Matrix2x2", "payoffs": [[[82,4],[51,1]],[[0,0],[55,3]]]},
"G60": {"type": "Matrix2x2", "payoffs": [[[0,8],[19,0]],[[100,31],[97,19]]]},
"G61": {"type": "Matrix2x2", "payoffs": [[[44,13],[28,9]],[[0,2],[3,0]]]},
"G62": {"type": "Matrix2x2", "payoffs": [[[71,0],[0,3]],[[76,2],[98,5]]]},
"G63": {"type": "Matrix2x2", "payoffs": [[[74,0],[0,12]],[[96,93],[80,53]]]},
"G64": {"type": "Matrix2x2", "payoffs": [[[33,90],[2,0]],[[1,53],[0,8]]]},
"G65": {"type": "Matrix2x2", "payoffs": [[[57,55],[45,13]],[[2,0],[0,36]]]},
"G66": {"type": "Matrix2x2", "payoffs": [[[52,64],[0,0]],[[8,21],[27,53]]]},
"G67": {"type": "Matrix2x2", "payoffs": [[[1,18],[5,53]],[[2,12],[0,0]]]},
"G68": {"type": "Matrix2x2", "payoffs": [[[51,66],[49,30]],[[0,62],[15,0]]]},
"G69": {"type": "Matrix2x2", "payoffs": [[[0,0],[6,34]],[[41,25],[44,63]]]},
"G70": {"type": "Matrix2x2", "payoffs": [[[0,9],[5,22]],[[1,0],[3,13]]]},
"G71": {"type": "Matrix2x2", "payoffs": [[[66,37],[0,14]],[[40,0],[10,27]]]},
"G72": {"type": "Matrix2x2", "payoffs": [[[0,0],[35,15]],[[41,92],[9,48]]]},
"G73": {"type": "Matrix2x2", "payoffs": [[[13,0],[0,67]],[[45,10],[93,96]]]},
"G74": {"type": "Matrix2x2", "payoffs": [[[93,15],[46,0]],[[0,13],[27,3]]]},
"G75": {"type": "Matrix2x2", "payoffs": [[[66,14],[72,30]],[[44,0],[0,18]]]},
"G76": {"type": "Matrix2x2", "payoffs": [[[26,2],[0,0]],[[19,33],[43,55]]]},
"G77": {"type": "Matrix2x2", "payoffs": [[[0,0],[2,2]],[[4,12],[3,1]]]},
"G78": {"type": "Matrix2x2", "payoffs": [[[19,34],[0,58]],[[4,0],[87,73]]]},
"G79": {"type": "Matrix2x2", "payoffs": [[[54,0],[70,40]],[[67,3],[0,27]]]},
"G80": {"type": "Matrix2x2", "payoffs": [[[79,65],[77,14]],[[0,21],[27,0]]]},
"G81": {"type": "Matrix2x2", "payoffs": [[[25,15],[5,9]],[[11,0],[0,2]]]},
"G82": {"type": "Matrix2x2", "payoffs": [[[8,33],[1,0]],[[0,28],[2,13]]]},
"G83": {"type": "Matrix2x2", "payoffs": [[[9,2],[11,0]],[[0,13],[14,29]]]},
"G84": {"type": "Matrix2x2", "payoffs": [[[0,2],[2,0]],[[15,44],[4,28]]]},
"G85": {"type": "Matrix2x2", "payoffs": [[[49,6],[80,67]],[[0,7],[8,0]]]},
"G86": {"type": "Matrix2x2", "payoffs": [[[0,27],[14,24]],[[70,34],[27,0]]]},
"G87": {"type": "Matrix2x2", "payoffs": [[[80,3],[57,2]],[[36,0],[0,1]]]},
"G88": {"type": "Matrix2x2", "payoffs": [[[22,93],[6,0]],[[0,88],[2,59]]]},
"G89": {"type": "Matrix2x2", "payoffs": [[[3,26],[6,0]],[[0,32],[17,38]]]},
"G90": {"type": "Matrix2x2", "payoffs": [[[67,29],[0,23]],[[33,0],[43,7]]]},
"G91": {"type": "Matrix2x2", "payoffs": [[[0,46],[61,64]],[[21,0],[58,3]]]},
"G92": {"type": "Matrix2x2", "payoffs": [[[0,57],[19,50]],[[56,73],[21,0]]]},
"G93": {"type": "Matrix2x2", "payoffs": [[[15,8],[31,16]],[[0,14],[3,0]]]},
"G94": {"type": "Matrix2x2", "payoffs": [[[82,0],[99,30]],[[68,14],[0,17]]]},
"G95": {"type": "Matrix2x2", "payoffs": [[[11,0],[10,23]],[[0,32],[13,38]]]},
"G96": {"type": "Matrix2x2", "payoffs": [[[42,80],[0,0]],[[65,82],[56,37]]]},
"G97": {"type": "Matrix2x2", "payoffs": [[[19,16],[0,76]],[[47,80],[33,0]]]},
"G98": {"type": "Matrix2x2", "payoffs": [[[81,92],[45,10]],[[0,46],[7,0]]]},
"G99": {"type": "Matrix2x2", "payoffs": [[[51,8],[20,0]],[[0,12],[92,20]]]},
"G100": {"type": "Matrix2x2", "payoffs": [[[28,27],[7,24]],[[0,0],[17,23]]]}
}