{
"numGames": 1000,
"G1": {"type": "Matrix2x2", "payoffs": [[[0,1],[12,0]],[[46,8],[57,57]]]},
"G2": {"type": "Matrix2x2", "payoffs": [[[3,78],[0,13]],[[1,8],[2,0]]]},
"G3": {"type": "Matrix2x2", "payoffs": [[[0,18],[83,47]],[[74,14],[26,0]]]},
"G4": {"type": "Matrix2x2", "payoffs": [[[1,0],[5,25]],[[0,22],[4,23]]]},
"G5": {"type": "Matrix2x2", "payoffs": [[[42,0],[72,36]],[[0,9],[67,4]]]},
"G6": {"type": "Matrix2x2", "payoffs": [[[27,76],[19,0]],[[0,45],[14,66]]]},
"G7": {"type": "Matrix2x2", "payoffs": [[[5,35],[1,26]],[[4,0],[0,21]]]},
"G8": {"type": "Matrix2x2", "payoffs": [[[41,2],[0,52]],[[67,83],[56,0]]]},
"G9": {"type": "Matrix2x2", "payoffs": [[[28,29],[44,75]],[[4,52],[0,0]]]},
"G10": {"type": "Matrix2x2", "payoffs": [[[14,52],[13,16]],[[30,59],[0,0]]]},
"G11": {"type": "Matrix2x2", "payoffs": [[[47,30],[0,2]],[[90,90],[77,0]]]},
"G12": {"type": "Matrix2x2", "payoffs": [[[16,44],[31,0]],[[86,79],[0,8]]]},
"G13": {"type": "Matrix2x2", "payoffs": [[[49,86],[42,1]],[[0,0],[33,54]]]},
"G14": {"type": "Matrix2x2", "payoffs": [[[42,72],[81,91]],[[73,0],[0,85]]]},
"G15": {"type": "Matrix2x2", "payoffs": [[[5,20],[44,31]],[[10,23],[0,0]]]},
"G16": {"type": "Matrix2x2", "payoffs": [[[56,7],[1,2]],[[0,1],[31,0]]]},
"G17": {"type": "Matrix2x2", "payoffs": [[[35,0],[14,1]],[[0,2],[50,3]]]},
"G18": {"type": "Matrix2x2", "payoffs": [[[43,20],[56,52]],[[0,0],[30,40]]]},
"G19": {"type": "Matrix2x2", "payoffs": [[[2,35],[0,30]],[[8,48],[3,0]]]},
"G20": {"type": "Matrix2x2", "payoffs": [[[77,57],[24,0]],[[25,51],[0,56]]]},
"G21": {"type": "Matrix2x2", "payoffs": [[[69,2],[73,4]],[[15,0],[0,3]]]},
"G22": {"type": "Matrix2x2", "payoffs": [[[91,33],[75,7]],[[0,0],[66,23]]]},
"G23": {"type": "Matrix2x2", "payoffs": [[[90,54],[70,0]],[[0,34],[16,16]]]},
"G24": {"type": "Matrix2x2", "payoffs": [[[0,9],[17,0]],[[8,20],[25,26]]]},
"G25": {"type": "Matrix2x2", "payoffs": [[[98,57],[0,50]],[[93,0],[13,16]]]},
"G26": {"type": "Matrix2x2", "payoffs": [[[99,14],[45,5]],[[1,0],[0,4]]]},
"G27": {"type": "Matrix2x2", "payoffs": [[[0,14],[35,9]],[[57,0],[68,31]]]},
"G28": {"type": "Matrix2x2", "payoffs": [[[0,32],[4,0]],[[1,4],[10,37]]]},
"G29": {"type": "Matrix2x2", "payoffs": [[[25,4],[0,0]],[[53,71],[14,69]]]},
"G30": {"type": "Matrix2x2", "payoffs": [[[16,46],[8,43]],[[0,39],[13,0]]]},
"G31": {"type": "Matrix2x2", "payoffs": [[[27,19],[0,12]],[[12,0],[47,42]]]},
"G32": {"type": "Matrix2x2", "payoffs": [[[99,15],[18,10]],[[0,0],[9,4]]]},
"G33": {"type": "Matrix2x2", "payoffs": [[[3,10],[38,0]],[[59,32],[0,5]]]},
"G34": {"type": "Matrix2x2", "payoffs": [[[0,20],[29,0]],[[22,15],[93,27]]]},
"G35": {"type": "Matrix2x2", "payoffs": [[[0,83],[29,90]],[[2,0],[19,38]]]},
"G36": {"type": "Matrix2x2", "payoffs": [[[3,14],[0,0]],[[33,10],[38,21]]]},
"G37": {"type": "Matrix2x2", "payoffs": [[[61,94],[37,0]],[[0,8],[35,49]]]},
"G38": {"type": "Matrix2x2", "payoffs": [[[71,97],[0,0]],[[24,47],[26,17]]]},
"G39": {"type": "Matrix2x2", "payoffs": [[[4,33],[36,59]],[[0,5],[28,0]]]},
"G40": {"type": "Matrix2x2", "payoffs": [[[0,5],[10,0]],[[14,10],[1,2]]]},
"G41": {"type": "Matrix2x2", "payoffs": [[[42,92],[0,0]],[[18,83],[24,86]]]},
"G42": {"type": "Matrix2x2", "payoffs": [[[3,6],[35,21]],[[14,9],[0,0]]]},
"G43": {"type": "Matrix2x2", "payoffs": [[[99,89],[90,2]],[[95,28],[0,0]]]},
"G44": {"type": "Matrix2x2", "payoffs": [[[35,0],[45,64]],[[26,13],[0,36]]]},
"G45": {"type": "Matrix2x2", "payoffs": [[[19,19],[0,0]],[[21,56],[5,48]]]},
"G46": {"type": "Matrix2x2", "payoffs": [[[42,87],[0,60]],[[21,0],[39,57]]]},
"G47": {"type": "Matrix2x2", "payoffs": [[[28,81],[68,98]],[[13,20],[0,0]]]},
"G48": {"type": "Matrix2x2", "payoffs": [[[65,81],[16,0]],[[18,47],[0,79]]]},
"G49": {"type": "Matrix2x2", "payoffs": [[[75,33],[0,0]],[[84,47],[85,62]]]},
"G50": {"type": "Matrix2x2", "payoffs": [[[11,3],[18,21]],[[4,0],[0,13]]]},
"G51": {"type": "Matrix2x2", "payoffs": [[[25,28],[0,3]],[[75,0],[78,34]]]},
"G52": {"type": "Matrix2x2", "payoffs": [[[7,31],[0,3]],[[5,0],[2,14]]]},
"G53": {"type": "Matrix2x2", "payoffs": [[[0,0],[1,14]],[[39,81],[16,62]]]},
"G54": {"type": "Matrix2x2", "payoffs": [[[19,8],[23,32]],[[0,1],[16,0]]]},
"G55": {"type": "Matrix2x2", "payoffs": [[[20,83],[11,58]],[[6,0],[0,65]]]},
"G56": {"type": "Matrix2x2", "payoffs": [[[4,12],[0,0]],[[5,35],[6,65]]]},
"G57": {"type": "Matrix2x2", "payoffs": [[[8,15],[0,55]],[[12,59],[2,0]]]},
"G58": {"type": "Matrix2x2", "payoffs": [[[1,13],[4,6]],[[5,24],[0,0]]]},
"G59": {"type": "Matrix2x2", "payoffs": [[[0,50],[4,58]],[[10,63],[7,0]]]},
"G60": {"type": "Matrix2x2", "payoffs": [[[60,39],[52,9]],[[0,0],[5,14]]]},
"G61": {"type": "Matrix2x2", "payoffs": [[[22,39],[0,0]],[[29,18],[41,48]]]},
"G62": {"type": "Matrix2x2", "payoffs": [[[24,23],[12,0]],[[11,5],[0,15]]]},
"G63": {"type": "Matrix2x2", "payoffs": [[[1,41],[7,0]],[[0,26],[8,45]]]},
"G64": {"type": "Matrix2x2", "payoffs": [[[2,3],[3,81]],[[0,54],[1,0]]]},
"G65": {"type": "Matrix2x2", "payoffs": [[[98,71],[40,6]],[[68,0],[0,28]]]},
"G66": {"type": "Matrix2x2", "payoffs": [[[0,0],[11,43]],[[24,2],[48,45]]]},
"G67": {"type": "Matrix2x2", "payoffs": [[[22,3],[0,0]],[[50,37],[69,40]]]},
"G68": {"type": "Matrix2x2", "payoffs": [[[28,13],[53,0]],[[59,49],[0,42]]]},
"G69": {"type": "Matrix2x2", "payoffs": [[[10,0],[12,12]],[[23,54],[0,16]]]},
"G70": {"type": "Matrix2x2", "payoffs": [[[3,14],[2,51]],[[13,77],[0,0]]]},
"G71": {"type": "Matrix2x2", "payoffs": [[[3,2],[62,63]],[[27,0],[0,13]]]},
"G72": {"type": "Matrix2x2", "payoffs": [[[0,0],[70,41]],[[17,36],[53,2]]]},
"G73": {"type": "Matrix2x2", "payoffs": [[[0,0],[10,27]],[[7,3],[5,25]]]},
"G74": {"type": "Matrix2x2", "payoffs": [[[71,0],[36,2]],[[0,6],[93,27]]]},
"G75": {"type": "Matrix2x2", "payoffs": [[[20,79],[3,0]],[[17,33],[0,38]]]},
"G76": {"type": "Matrix2x2", "payoffs": [[[8,0],[0,17]],[[33,38],[13,32]]]},
"G77": {"type": "Matrix2x2", "payoffs": [[[22,38],[83,51]],[[0,45],[13,0]]]},
"G78": {"type": "Matrix2x2", "payoffs": [[[8,1],[66,3]],[[0,0],[10,2]]]},
"G79": {"type": "Matrix2x2", "payoffs": [[[10,1],[0,2]],[[39,3],[23,0]]]},
"G80": {"type": "Matrix2x2", "payoffs": [[[16,20],[10,12]],[[0,0],[23,48]]]},
"G81": {"type": "Matrix2x2", "payoffs": [[[46,19],[0,78]],[[8,0],[57,82]]]},
"G82": {"type": "Matrix2x2", "payoffs": [[[36,17],[4,0]],[[12,12],[0,11]]]},
"G83": {"type": "Matrix2x2", "payoffs": [[[78,15],[0,0]],[[91,53],[37,28]]]},
"G84": {"type": "Matrix2x2", "payoffs": [[[0,0],[27,37]],[[10,16],[92,55]]]},
"G85": {"type": "Matrix2x2", "payoffs": [[[0,0],[60,44]],[[55,9],[18,35]]]},
"G86": {"type": "Matrix2x2", "payoffs": [[[8,57],[5,45]],[[0,0],[1,18]]]},
"G87": {"type": "Matrix2x2", "payoffs": [[[0,0],[22,8]],[[24,17],[28,63]]]},
"G88": {"type": "Matrix2x2", "payoffs": [[[1,0],[47,2]],[[0,10],[72,11]]]},
"G89": {"type": "Matrix2x2", "payoffs": [[[66,90],[0,0]],[[20,73],[48,46]]]},
"G90": {"type": "Matrix2x2", "payoffs": [[[23,98],[3,24]],[[0,29],[18,0]]]},
"G91": {"type": "Matrix2x2", "payoffs": [[[74,53],[0,51]],[[28,0],[40,35]]]},
"G92": {"type": "Matrix2x2", "payoffs": [[[0,0],[2,43]],[[22,4],[31,50]]]},
"G93": {"type": "Matrix2x2", "payoffs": [[[38,82],[0,0]],[[21,26],[20,71]]]},
"G94": {"type": "Matrix2x2", "payoffs": [[[6,0],[0,5]],[[18,73],[13,52]]]},
"G95": {"type": "Matrix2x2", "payoffs": [[[14,14],[0,16]],[[13,0],[85,66]]]},
"G96": {"type": "Matrix2x2", "payoffs": [[[45,15],[53,34]],[[0,2],[1,0]]]},
"G97": {"type": "Matrix2x2", "payoffs": [[[6,25],[24,76]],[[0,0],[5,17]]]},
"G98": {"type": "Matrix2x2", "payoffs": [[[79,26],[0,13]],[[55,14],[72,0]]]},
"G99": {"type": "Matrix2x2", "payoffs": [[[0,0],[41,1]],[[6,38],[42,48]]]},
"G100": {"type": "Matrix2x2", "payoffs": [[[0,20],[28,29]],[[18,0],[19,26]]]},
"G101": {"type": "Matrix2x2", "payoffs": [[[58,3],[82,99]],[[0,91],[29,0]]]},
"G102": {"type": "Matrix2x2", "payoffs": [[[37,30],[11,8]],[[0,29],[3,0]]]},
"G103": {"type": "Matrix2x2", "payoffs": [[[44,12],[42,8]],[[47,13],[0,0]]]},
"G104": {"type": "Matrix2x2", "payoffs": [[[5,10],[32,33]],[[0,0],[51,79]]]},
"G105": {"type": "Matrix2x2", "payoffs": [[[81,19],[0,5]],[[38,11],[25,0]]]},
"G106": {"type": "Matrix2x2", "payoffs": [[[37,0],[44,1]],[[48,36],[0,26]]]},
"G107": {"type": "Matrix2x2", "payoffs": [[[4,5],[0,0]],[[31,4],[52,12]]]},
"G108": {"type": "Matrix2x2", "payoffs": [[[6,0],[3,20]],[[0,13],[7,29]]]},
"G109": {"type": "Matrix2x2", "payoffs": [[[14,0],[96,38]],[[16,13],[0,25]]]},
"G110": {"type": "Matrix2x2", "payoffs": [[[0,0],[94,29]],[[75,3],[88,22]]]},
"G111": {"type": "Matrix2x2", "payoffs": [[[0,10],[5,0]],[[11,13],[19,14]]]},
"G112": {"type": "Matrix2x2", "payoffs": [[[0,0],[40,35]],[[56,65],[5,19]]]},
"G113": {"type": "Matrix2x2", "payoffs": [[[0,77],[38,19]],[[39,0],[58,88]]]},
"G114": {"type": "Matrix2x2", "payoffs": [[[58,27],[0,26]],[[38,0],[8,22]]]},
"G115": {"type": "Matrix2x2", "payoffs": [[[41,54],[0,43]],[[5,0],[10,30]]]},
"G116": {"type": "Matrix2x2", "payoffs": [[[59,32],[57,13]],[[0,0],[48,12]]]},
"G117": {"type": "Matrix2x2", "payoffs": [[[51,19],[45,46]],[[61,68],[0,0]]]},
"G118": {"type": "Matrix2x2", "payoffs": [[[34,62],[49,82]],[[5,30],[0,0]]]},
"G119": {"type": "Matrix2x2", "payoffs": [[[12,0],[3,16]],[[18,41],[0,32]]]},
"G120": {"type": "Matrix2x2", "payoffs": [[[22,0],[28,73]],[[0,49],[6,39]]]},
"G121": {"type": "Matrix2x2", "payoffs": [[[36,0],[0,8]],[[15,1],[48,12]]]},
"G122": {"type": "Matrix2x2", "payoffs": [[[3,50],[2,26]],[[1,0],[0,15]]]},
"G123": {"type": "Matrix2x2", "payoffs": [[[69,12],[0,5]],[[30,9],[49,0]]]},
"G124": {"type": "Matrix2x2", "payoffs": [[[11,0],[66,97]],[[0,21],[7,8]]]},
"G125": {"type": "Matrix2x2", "payoffs": [[[3,25],[23,82]],[[0,31],[20,0]]]},
"G126": {"type": "Matrix2x2", "payoffs": [[[15,60],[11,10]],[[0,0],[16,66]]]},
"G127": {"type": "Matrix2x2", "payoffs": [[[0,38],[9,0]],[[23,6],[24,77]]]},
"G128": {"type": "Matrix2x2", "payoffs": [[[69,0],[0,2]],[[93,24],[52,5]]]},
"G129": {"type": "Matrix2x2", "payoffs": [[[80,0],[0,5]],[[85,14],[10,1]]]},
"G130": {"type": "Matrix2x2", "payoffs": [[[0,52],[31,77]],[[23,63],[17,0]]]},
"G131": {"type": "Matrix2x2", "payoffs": [[[28,29],[0,27]],[[5,0],[14,20]]]},
"G132": {"type": "Matrix2x2", "payoffs": [[[0,0],[60,64]],[[5,1],[18,50]]]},
"G133": {"type": "Matrix2x2", "payoffs": [[[8,90],[7,49]],[[0,0],[3,79]]]},
"G134": {"type": "Matrix2x2", "payoffs": [[[59,22],[53,9]],[[50,0],[0,4]]]},
"G135": {"type": "Matrix2x2", "payoffs": [[[0,0],[2,20]],[[27,32],[24,24]]]},
"G136": {"type": "Matrix2x2", "payoffs": [[[97,37],[0,30]],[[59,0],[76,33]]]},
"G137": {"type": "Matrix2x2", "payoffs": [[[19,0],[20,48]],[[0,2],[21,84]]]},
"G138": {"type": "Matrix2x2", "payoffs": [[[22,0],[46,22]],[[48,75],[0,37]]]},
"G139": {"type": "Matrix2x2", "payoffs": [[[15,66],[6,51]],[[4,40],[0,0]]]},
"G140": {"type": "Matrix2x2", "payoffs": [[[6,12],[0,0]],[[25,35],[13,17]]]},
"G141": {"type": "Matrix2x2", "payoffs": [[[36,60],[3,23]],[[5,24],[0,0]]]},
"G142": {"type": "Matrix2x2", "payoffs": [[[2,0],[29,99]],[[20,19],[0,41]]]},
"G143": {"type": "Matrix2x2", "payoffs": [[[40,0],[53,31]],[[0,5],[39,2]]]},
"G144": {"type": "Matrix2x2", "payoffs": [[[5,45],[0,0]],[[9,49],[7,20]]]},
"G145": {"type": "Matrix2x2", "payoffs": [[[36,0],[0,64]],[[11,34],[50,98]]]},
"G146": {"type": "Matrix2x2", "payoffs": [[[30,0],[52,69]],[[23,59],[0,66]]]},
"G147": {"type": "Matrix2x2", "payoffs": [[[47,81],[25,50]],[[0,0],[22,79]]]},
"G148": {"type": "Matrix2x2", "payoffs": [[[80,69],[30,22]],[[23,0],[0,43]]]},
"G149": {"type": "Matrix2x2", "payoffs": [[[4,38],[5,9]],[[0,0],[39,48]]]},
"G150": {"type": "Matrix2x2", "payoffs": [[[2,0],[39,45]],[[4,9],[0,42]]]},
"G151": {"type": "Matrix2x2", "payoffs": [[[0,0],[58,4]],[[59,31],[40,3]]]},
"G152": {"type": "Matrix2x2", "payoffs": [[[36,70],[60,88]],[[5,0],[0,13]]]},
"G153": {"type": "Matrix2x2", "payoffs": [[[86,69],[5,12]],[[34,65],[0,0]]]},
"G154": {"type": "Matrix2x2", "payoffs": [[[36,13],[1,0]],[[28,3],[0,10]]]},
"G155": {"type": "Matrix2x2", "payoffs": [[[16,72],[0,30]],[[28,92],[3,0]]]},
"G156": {"type": "Matrix2x2", "payoffs": [[[1,0],[0,3]],[[53,24],[33,11]]]},
"G157": {"type": "Matrix2x2", "payoffs": [[[7,70],[27,85]],[[14,3],[0,0]]]},
"G158": {"type": "Matrix2x2", "payoffs": [[[14,71],[0,45]],[[12,0],[11,47]]]},
"G159": {"type": "Matrix2x2", "payoffs": [[[0,77],[39,78]],[[15,67],[30,0]]]},
"G160": {"type": "Matrix2x2", "payoffs": [[[28,53],[0,0]],[[15,27],[21,36]]]},
"G161": {"type": "Matrix2x2", "payoffs": [[[58,25],[45,23]],[[0,0],[37,20]]]},
"G162": {"type": "Matrix2x2", "payoffs": [[[15,76],[10,5]],[[0,0],[14,14]]]},
"G163": {"type": "Matrix2x2", "payoffs": [[[11,0],[31,42]],[[69,58],[0,26]]]},
"G164": {"type": "Matrix2x2", "payoffs": [[[63,46],[12,0]],[[32,27],[0,20]]]},
"G165": {"type": "Matrix2x2", "payoffs": [[[0,25],[50,63]],[[30,0],[9,41]]]},
"G166": {"type": "Matrix2x2", "payoffs": [[[5,25],[0,37]],[[25,0],[66,52]]]},
"G167": {"type": "Matrix2x2", "payoffs": [[[3,2],[2,11]],[[0,0],[12,18]]]},
"G168": {"type": "Matrix2x2", "payoffs": [[[47,42],[85,63]],[[0,0],[56,51]]]},
"G169": {"type": "Matrix2x2", "payoffs": [[[24,41],[37,55]],[[0,0],[19,9]]]},
"G170": {"type": "Matrix2x2", "payoffs": [[[2,27],[75,56]],[[0,0],[60,10]]]},
"G171": {"type": "Matrix2x2", "payoffs": [[[98,30],[40,24]],[[0,0],[87,7]]]},
"G172": {"type": "Matrix2x2", "payoffs": [[[62,29],[0,0]],[[92,75],[34,2]]]},
"G173": {"type": "Matrix2x2", "payoffs": [[[1,0],[12,37]],[[0,31],[14,44]]]},
"G174": {"type": "Matrix2x2", "payoffs": [[[41,0],[24,47]],[[45,55],[0,35]]]},
"G175": {"type": "Matrix2x2", "payoffs": [[[21,88],[14,72]],[[4,0],[0,7]]]},
"G176": {"type": "Matrix2x2", "payoffs": [[[61,49],[62,69]],[[0,0],[15,2]]]},
"G177": {"type": "Matrix2x2", "payoffs": [[[0,0],[29,54]],[[4,50],[25,2]]]},
"G178": {"type": "Matrix2x2", "payoffs": [[[6,1],[11,0]],[[0,15],[21,31]]]},
"G179": {"type": "Matrix2x2", "payoffs": [[[0,4],[29,10]],[[50,11],[3,0]]]},
"G180": {"type": "Matrix2x2", "payoffs": [[[8,0],[35,50]],[[0,32],[9,8]]]},
"G181": {"type": "Matrix2x2", "payoffs": [[[39,0],[0,57]],[[72,66],[49,64]]]},
"G182": {"type": "Matrix2x2", "payoffs": [[[54,57],[10,0]],[[19,29],[0,39]]]},
"G183": {"type": "Matrix2x2", "payoffs": [[[19,13],[30,21]],[[0,0],[45,28]]]},
"G184": {"type": "Matrix2x2", "payoffs": [[[5,0],[7,18]],[[1,10],[0,2]]]},
"G185": {"type": "Matrix2x2", "payoffs": [[[4,2],[26,1]],[[88,14],[0,0]]]},
"G186": {"type": "Matrix2x2", "payoffs": [[[28,92],[19,0]],[[26,27],[0,87]]]},
"G187": {"type": "Matrix2x2", "payoffs": [[[24,24],[0,28]],[[3,0],[63,29]]]},
"G188": {"type": "Matrix2x2", "payoffs": [[[0,46],[13,3]],[[3,0],[14,60]]]},
"G189": {"type": "Matrix2x2", "payoffs": [[[24,14],[47,24]],[[66,86],[0,0]]]},
"G190": {"type": "Matrix2x2", "payoffs": [[[6,40],[0,9]],[[10,62],[1,0]]]},
"G191": {"type": "Matrix2x2", "payoffs": [[[23,48],[0,0]],[[21,25],[27,55]]]},
"G192": {"type": "Matrix2x2", "payoffs": [[[0,19],[55,9]],[[67,27],[17,0]]]},
"G193": {"type": "Matrix2x2", "payoffs": [[[51,0],[0,48]],[[55,96],[30,47]]]},
"G194": {"type": "Matrix2x2", "payoffs": [[[0,0],[89,68]],[[12,39],[74,11]]]},
"G195": {"type": "Matrix2x2", "payoffs": [[[2,27],[10,52]],[[11,63],[0,0]]]},
"G196": {"type": "Matrix2x2", "payoffs": [[[49,33],[0,18]],[[43,15],[45,0]]]},
"G197": {"type": "Matrix2x2", "payoffs": [[[0,30],[20,82]],[[6,45],[18,0]]]},
"G198": {"type": "Matrix2x2", "payoffs": [[[78,68],[9,48]],[[0,20],[23,0]]]},
"G199": {"type": "Matrix2x2", "payoffs": [[[0,10],[41,23]],[[56,24],[24,0]]]},
"G200": {"type": "Matrix2x2", "payoffs": [[[44,0],[0,24]],[[50,17],[76,43]]]},
"G201": {"type": "Matrix2x2", "payoffs": [[[0,46],[7,0]],[[91,72],[70,14]]]},
"G202": {"type": "Matrix2x2", "payoffs": [[[11,44],[88,54]],[[0,53],[36,0]]]},
"G203": {"type": "Matrix2x2", "payoffs": [[[71,18],[84,76]],[[8,0],[0,69]]]},
"G204": {"type": "Matrix2x2", "payoffs": [[[7,25],[0,2]],[[5,0],[6,15]]]},
"G205": {"type": "Matrix2x2", "payoffs": [[[92,5],[22,1]],[[7,0],[0,2]]]},
"G206": {"type": "Matrix2x2", "payoffs": [[[51,65],[29,0]],[[43,7],[0,50]]]},
"G207": {"type": "Matrix2x2", "payoffs": [[[89,79],[1,67]],[[0,12],[35,0]]]},
"G208": {"type": "Matrix2x2", "payoffs": [[[43,3],[60,4]],[[0,1],[15,0]]]},
"G209": {"type": "Matrix2x2", "payoffs": [[[1,6],[54,3]],[[0,0],[77,26]]]},
"G210": {"type": "Matrix2x2", "payoffs": [[[0,9],[2,8]],[[24,0],[63,10]]]},
"G211": {"type": "Matrix2x2", "payoffs": [[[39,0],[83,79]],[[0,67],[45,60]]]},
"G212": {"type": "Matrix2x2", "payoffs": [[[68,0],[85,25]],[[0,29],[99,78]]]},
"G213": {"type": "Matrix2x2", "payoffs": [[[0,0],[68,86]],[[69,92],[50,43]]]},
"G214": {"type": "Matrix2x2", "payoffs": [[[0,0],[7,8]],[[64,38],[22,6]]]},
"G215": {"type": "Matrix2x2", "payoffs": [[[0,51],[3,0]],[[1,9],[4,73]]]},
"G216": {"type": "Matrix2x2", "payoffs": [[[82,38],[52,0]],[[0,18],[69,15]]]},
"G217": {"type": "Matrix2x2", "payoffs": [[[5,0],[17,17]],[[18,89],[0,87]]]},
"G218": {"type": "Matrix2x2", "payoffs": [[[0,7],[37,17]],[[41,31],[21,0]]]},
"G219": {"type": "Matrix2x2", "payoffs": [[[22,0],[23,14]],[[26,19],[0,12]]]},
"G220": {"type": "Matrix2x2", "payoffs": [[[6,39],[14,82]],[[0,24],[11,0]]]},
"G221": {"type": "Matrix2x2", "payoffs": [[[78,67],[70,0]],[[0,49],[59,13]]]},
"G222": {"type": "Matrix2x2", "payoffs": [[[9,57],[90,97]],[[58,88],[0,0]]]},
"G223": {"type": "Matrix2x2", "payoffs": [[[69,51],[17,39]],[[28,0],[0,4]]]},
"G224": {"type": "Matrix2x2", "payoffs": [[[5,0],[14,89]],[[0,42],[13,79]]]},
"G225": {"type": "Matrix2x2", "payoffs": [[[0,25],[64,89]],[[53,0],[21,57]]]},
"G226": {"type": "Matrix2x2", "payoffs": [[[18,43],[54,67]],[[15,0],[0,14]]]},
"G227": {"type": "Matrix2x2", "payoffs": [[[55,13],[53,7]],[[39,12],[0,0]]]},
"G228": {"type": "Matrix2x2", "payoffs": [[[4,19],[8,0]],[[0,5],[31,38]]]},
"G229": {"type": "Matrix2x2", "payoffs": [[[7,13],[21,59]],[[0,53],[17,0]]]},
"G230": {"type": "Matrix2x2", "payoffs": [[[35,30],[0,31]],[[73,55],[43,0]]]},
"G231": {"type": "Matrix2x2", "payoffs": [[[98,62],[57,17]],[[0,36],[49,0]]]},
"G232": {"type": "Matrix2x2", "payoffs": [[[40,45],[0,10]],[[24,0],[12,43]]]},
"G233": {"type": "Matrix2x2", "payoffs": [[[84,69],[0,14]],[[23,11],[57,0]]]},
"G234": {"type": "Matrix2x2", "payoffs": [[[16,0],[67,68]],[[0,38],[12,36]]]},
"G235": {"type": "Matrix2x2", "payoffs": [[[21,44],[55,23]],[[0,0],[64,82]]]},
"G236": {"type": "Matrix2x2", "payoffs": [[[58,77],[86,80]],[[19,19],[0,0]]]},
"G237": {"type": "Matrix2x2", "payoffs": [[[3,13],[0,0]],[[4,25],[2,15]]]},
"G238": {"type": "Matrix2x2", "payoffs": [[[21,36],[13,63]],[[0,0],[24,66]]]},
"G239": {"type": "Matrix2x2", "payoffs": [[[21,51],[23,0]],[[0,65],[63,67]]]},
"G240": {"type": "Matrix2x2", "payoffs": [[[0,27],[41,10]],[[5,0],[66,71]]]},
"G241": {"type": "Matrix2x2", "payoffs": [[[84,13],[0,5]],[[77,10],[24,0]]]},
"G242": {"type": "Matrix2x2", "payoffs": [[[0,3],[35,5]],[[20,0],[15,4]]]},
"G243": {"type": "Matrix2x2", "payoffs": [[[0,8],[20,0]],[[9,34],[41,65]]]},
"G244": {"type": "Matrix2x2", "payoffs": [[[2,0],[0,59]],[[7,68],[6,19]]]},
"G245": {"type": "Matrix2x2", "payoffs": [[[15,15],[79,20]],[[0,0],[58,3]]]},
"G246": {"type": "Matrix2x2", "payoffs": [[[17,10],[28,16]],[[0,6],[24,0]]]},
"G247": {"type": "Matrix2x2", "payoffs": [[[69,55],[0,29]],[[2,0],[16,30]]]},
"G248": {"type": "Matrix2x2", "payoffs": [[[0,13],[2,0]],[[4,5],[7,21]]]},
"G249": {"type": "Matrix2x2", "payoffs": [[[16,71],[5,37]],[[2,16],[0,0]]]},
"G250": {"type": "Matrix2x2", "payoffs": [[[41,47],[0,20]],[[11,0],[63,49]]]},
"G251": {"type": "Matrix2x2", "payoffs": [[[3,44],[0,0]],[[2,1],[19,88]]]},
"G252": {"type": "Matrix2x2", "payoffs": [[[21,22],[3,10]],[[17,0],[0,17]]]},
"G253": {"type": "Matrix2x2", "payoffs": [[[65,49],[0,35]],[[22,0],[93,65]]]},
"G254": {"type": "Matrix2x2", "payoffs": [[[43,27],[45,38]],[[0,3],[17,0]]]},
"G255": {"type": "Matrix2x2", "payoffs": [[[0,15],[75,52]],[[10,0],[64,6]]]},
"G256": {"type": "Matrix2x2", "payoffs": [[[16,41],[0,0]],[[15,79],[19,100]]]},
"G257": {"type": "Matrix2x2", "payoffs": [[[37,6],[80,8]],[[39,4],[0,0]]]},
"G258": {"type": "Matrix2x2", "payoffs": [[[57,37],[0,0]],[[37,26],[55,13]]]},
"G259": {"type": "Matrix2x2", "payoffs": [[[38,29],[24,9]],[[14,0],[0,14]]]},
"G260": {"type": "Matrix2x2", "payoffs": [[[8,85],[0,59]],[[2,0],[6,71]]]},
"G261": {"type": "Matrix2x2", "payoffs": [[[61,24],[52,1]],[[34,22],[0,0]]]},
"G262": {"type": "Matrix2x2", "payoffs": [[[12,48],[2,0]],[[7,35],[0,11]]]},
"G263": {"type": "Matrix2x2", "payoffs": [[[61,48],[39,18]],[[0,0],[6,1]]]},
"G264": {"type": "Matrix2x2", "payoffs": [[[70,32],[2,14]],[[37,22],[0,0]]]},
"G265": {"type": "Matrix2x2", "payoffs": [[[77,28],[48,23]],[[28,0],[0,19]]]},
"G266": {"type": "Matrix2x2", "payoffs": [[[23,0],[71,94]],[[0,19],[78,96]]]},
"G267": {"type": "Matrix2x2", "payoffs": [[[37,55],[4,47]],[[0,9],[20,0]]]},
"G268": {"type": "Matrix2x2", "payoffs": [[[45,57],[29,26]],[[0,7],[7,0]]]},
"G269": {"type": "Matrix2x2", "payoffs": [[[32,56],[28,0]],[[0,51],[6,37]]]},
"G270": {"type": "Matrix2x2", "payoffs": [[[11,93],[6,0]],[[0,41],[5,34]]]},
"G271": {"type": "Matrix2x2", "payoffs": [[[26,3],[62,5]],[[35,0],[0,4]]]},
"G272": {"type": "Matrix2x2", "payoffs": [[[7,46],[0,0]],[[32,84],[11,59]]]},
"G273": {"type": "Matrix2x2", "payoffs": [[[5,1],[3,0]],[[9,5],[0,3]]]},
"G274": {"type": "Matrix2x2", "payoffs": [[[55,67],[29,16]],[[23,0],[0,47]]]},
"G275": {"type": "Matrix2x2", "payoffs": [[[13,0],[5,27]],[[29,60],[0,46]]]},
"G276": {"type": "Matrix2x2", "payoffs": [[[46,7],[47,44]],[[0,12],[1,0]]]},
"G277": {"type": "Matrix2x2", "payoffs": [[[3,74],[2,61]],[[0,64],[1,0]]]},
"G278": {"type": "Matrix2x2", "payoffs": [[[6,8],[4,0]],[[21,34],[0,19]]]},
"G279": {"type": "Matrix2x2", "payoffs": [[[6,50],[8,35]],[[78,66],[0,0]]]},
"G280": {"type": "Matrix2x2", "payoffs": [[[38,12],[43,25]],[[24,0],[0,17]]]},
"G281": {"type": "Matrix2x2", "payoffs": [[[16,3],[42,4]],[[89,18],[0,0]]]},
"G282": {"type": "Matrix2x2", "payoffs": [[[0,0],[16,73]],[[12,45],[18,76]]]},
"G283": {"type": "Matrix2x2", "payoffs": [[[11,2],[0,0]],[[30,32],[3,12]]]},
"G284": {"type": "Matrix2x2", "payoffs": [[[10,26],[0,1]],[[7,0],[4,6]]]},
"G285": {"type": "Matrix2x2", "payoffs": [[[36,1],[43,38]],[[0,0],[1,18]]]},
"G286": {"type": "Matrix2x2", "payoffs": [[[0,54],[65,84]],[[44,0],[35,41]]]},
"G287": {"type": "Matrix2x2", "payoffs": [[[0,31],[25,13]],[[24,0],[35,82]]]},
"G288": {"type": "Matrix2x2", "payoffs": [[[35,0],[0,32]],[[68,53],[60,8]]]},
"G289": {"type": "Matrix2x2", "payoffs": [[[0,92],[70,93]],[[53,0],[16,14]]]},
"G290": {"type": "Matrix2x2", "payoffs": [[[3,0],[10,16]],[[0,13],[8,5]]]},
"G291": {"type": "Matrix2x2", "payoffs": [[[68,0],[87,3]],[[0,1],[73,2]]]},
"G292": {"type": "Matrix2x2", "payoffs": [[[2,0],[0,11]],[[4,12],[10,16]]]},
"G293": {"type": "Matrix2x2", "payoffs": [[[74,37],[0,0]],[[8,7],[40,21]]]},
"G294": {"type": "Matrix2x2", "payoffs": [[[52,40],[55,59]],[[24,0],[0,39]]]},
"G295": {"type": "Matrix2x2", "payoffs": [[[0,23],[19,46]],[[4,0],[17,18]]]},
"G296": {"type": "Matrix2x2", "payoffs": [[[0,3],[48,0]],[[60,5],[17,1]]]},
"G297": {"type": "Matrix2x2", "payoffs": [[[58,80],[0,45]],[[17,0],[11,55]]]},
"G298": {"type": "Matrix2x2", "payoffs": [[[90,67],[0,0]],[[72,57],[4,26]]]},
"G299": {"type": "Matrix2x2", "payoffs": [[[0,19],[23,0]],[[36,41],[13,25]]]},
"G300": {"type": "Matrix2x2", "payoffs": [[[0,0],[42,21]],[[4,16],[41,5]]]},
"G301": {"type": "Matrix2x2", "payoffs": [[[38,22],[54,37]],[[39,36],[0,0]]]},
"G302": {"type": "Matrix2x2", "payoffs": [[[42,39],[1,14]],[[31,0],[0,18]]]},
"G303": {"type": "Matrix2x2", "payoffs": [[[0,18],[5,25]],[[8,39],[7,0]]]},
"G304": {"type": "Matrix2x2", "payoffs": [[[32,88],[29,0]],[[0,47],[3,13]]]},
"G305": {"type": "Matrix2x2", "payoffs": [[[99,37],[0,11]],[[71,0],[7,12]]]},
"G306": {"type": "Matrix2x2", "payoffs": [[[63,0],[1,25]],[[0,10],[90,68]]]},
"G307": {"type": "Matrix2x2", "payoffs": [[[50,87],[18,5]],[[0,0],[38,48]]]},
"G308": {"type": "Matrix2x2", "payoffs": [[[26,1],[0,34]],[[93,47],[37,0]]]},
"G309": {"type": "Matrix2x2", "payoffs": [[[0,18],[11,0]],[[70,3],[89,20]]]},
"G310": {"type": "Matrix2x2", "payoffs": [[[45,35],[0,0]],[[40,24],[41,18]]]},
"G311": {"type": "Matrix2x2", "payoffs": [[[0,78],[3,77]],[[30,80],[20,0]]]},
"G312": {"type": "Matrix2x2", "payoffs": [[[9,5],[5,4]],[[20,7],[0,0]]]},
"G313": {"type": "Matrix2x2", "payoffs": [[[11,0],[0,1]],[[2,4],[15,5]]]},
"G314": {"type": "Matrix2x2", "payoffs": [[[33,16],[0,3]],[[71,18],[17,0]]]},
"G315": {"type": "Matrix2x2", "payoffs": [[[0,2],[10,0]],[[6,1],[14,3]]]},
"G316": {"type": "Matrix2x2", "payoffs": [[[51,19],[83,36]],[[7,34],[0,0]]]},
"G317": {"type": "Matrix2x2", "payoffs": [[[4,18],[0,4]],[[24,0],[58,24]]]},
"G318": {"type": "Matrix2x2", "payoffs": [[[8,36],[0,27]],[[16,0],[17,56]]]},
"G319": {"type": "Matrix2x2", "payoffs": [[[0,31],[50,3]],[[96,34],[94,0]]]},
"G320": {"type": "Matrix2x2", "payoffs": [[[41,0],[0,15]],[[7,4],[77,56]]]},
"G321": {"type": "Matrix2x2", "payoffs": [[[18,3],[69,0]],[[0,4],[81,27]]]},
"G322": {"type": "Matrix2x2", "payoffs": [[[34,62],[0,3]],[[19,0],[57,79]]]},
"G323": {"type": "Matrix2x2", "payoffs": [[[49,17],[0,0]],[[95,58],[48,44]]]},
"G324": {"type": "Matrix2x2", "payoffs": [[[2,6],[0,0]],[[49,9],[39,2]]]},
"G325": {"type": "Matrix2x2", "payoffs": [[[0,0],[82,51]],[[54,42],[24,18]]]},
"G326": {"type": "Matrix2x2", "payoffs": [[[46,29],[0,21]],[[12,0],[26,22]]]},
"G327": {"type": "Matrix2x2", "payoffs": [[[68,74],[58,0]],[[43,57],[0,39]]]},
"G328": {"type": "Matrix2x2", "payoffs": [[[0,23],[90,35]],[[11,0],[51,32]]]},
"G329": {"type": "Matrix2x2", "payoffs": [[[99,100],[0,40]],[[94,98],[96,0]]]},
"G330": {"type": "Matrix2x2", "payoffs": [[[0,0],[30,11]],[[42,16],[39,6]]]},
"G331": {"type": "Matrix2x2", "payoffs": [[[0,29],[16,71]],[[15,52],[5,0]]]},
"G332": {"type": "Matrix2x2", "payoffs": [[[8,10],[0,0]],[[13,60],[10,24]]]},
"G333": {"type": "Matrix2x2", "payoffs": [[[77,6],[0,0]],[[60,4],[47,3]]]},
"G334": {"type": "Matrix2x2", "payoffs": [[[0,15],[21,0]],[[37,23],[26,13]]]},
"G335": {"type": "Matrix2x2", "payoffs": [[[0,5],[12,0]],[[19,11],[27,23]]]},
"G336": {"type": "Matrix2x2", "payoffs": [[[5,26],[19,53]],[[0,0],[40,88]]]},
"G337": {"type": "Matrix2x2", "payoffs": [[[69,76],[31,29]],[[65,18],[0,0]]]},
"G338": {"type": "Matrix2x2", "payoffs": [[[0,7],[55,16]],[[51,2],[29,0]]]},
"G339": {"type": "Matrix2x2", "payoffs": [[[21,39],[0,0]],[[12,29],[18,11]]]},
"G340": {"type": "Matrix2x2", "payoffs": [[[65,35],[48,0]],[[0,6],[79,42]]]},
"G341": {"type": "Matrix2x2", "payoffs": [[[62,21],[0,4]],[[52,18],[2,0]]]},
"G342": {"type": "Matrix2x2", "payoffs": [[[54,90],[66,92]],[[0,0],[42,5]]]},
"G343": {"type": "Matrix2x2", "payoffs": [[[10,61],[0,0]],[[1,25],[9,11]]]},
"G344": {"type": "Matrix2x2", "payoffs": [[[2,0],[4,33]],[[33,66],[0,23]]]},
"G345": {"type": "Matrix2x2", "payoffs": [[[13,1],[20,16]],[[19,0],[0,8]]]},
"G346": {"type": "Matrix2x2", "payoffs": [[[2,0],[0,7]],[[5,8],[10,15]]]},
"G347": {"type": "Matrix2x2", "payoffs": [[[67,9],[84,0]],[[87,10],[0,3]]]},
"G348": {"type": "Matrix2x2", "payoffs": [[[3,7],[2,0]],[[1,5],[0,4]]]},
"G349": {"type": "Matrix2x2", "payoffs": [[[0,34],[2,53]],[[32,0],[48,56]]]},
"G350": {"type": "Matrix2x2", "payoffs": [[[1,31],[31,49]],[[8,0],[0,20]]]},
"G351": {"type": "Matrix2x2", "payoffs": [[[11,9],[0,0]],[[80,13],[82,34]]]},
"G352": {"type": "Matrix2x2", "payoffs": [[[40,2],[0,4]],[[48,6],[30,0]]]},
"G353": {"type": "Matrix2x2", "payoffs": [[[0,49],[16,0]],[[37,43],[87,56]]]},
"G354": {"type": "Matrix2x2", "payoffs": [[[50,70],[28,29]],[[0,0],[43,61]]]},
"G355": {"type": "Matrix2x2", "payoffs": [[[2,15],[49,31]],[[13,0],[0,2]]]},
"G356": {"type": "Matrix2x2", "payoffs": [[[3,11],[17,37]],[[13,31],[0,0]]]},
"G357": {"type": "Matrix2x2", "payoffs": [[[3,0],[25,7]],[[86,39],[0,10]]]},
"G358": {"type": "Matrix2x2", "payoffs": [[[26,0],[0,4]],[[77,36],[66,20]]]},
"G359": {"type": "Matrix2x2", "payoffs": [[[6,3],[0,2]],[[22,0],[77,5]]]},
"G360": {"type": "Matrix2x2", "payoffs": [[[88,15],[9,9]],[[78,8],[0,0]]]},
"G361": {"type": "Matrix2x2", "payoffs": [[[32,4],[0,38]],[[44,44],[17,0]]]},
"G362": {"type": "Matrix2x2", "payoffs": [[[0,91],[6,0]],[[33,42],[89,92]]]},
"G363": {"type": "Matrix2x2", "payoffs": [[[67,15],[13,10]],[[8,3],[0,0]]]},
"G364": {"type": "Matrix2x2", "payoffs": [[[28,62],[5,13]],[[0,0],[19,61]]]},
"G365": {"type": "Matrix2x2", "payoffs": [[[47,70],[40,61]],[[9,0],[0,26]]]},
"G366": {"type": "Matrix2x2", "payoffs": [[[0,28],[44,0]],[[57,37],[6,32]]]},
"G367": {"type": "Matrix2x2", "payoffs": [[[3,46],[1,0]],[[0,65],[4,72]]]},
"G368": {"type": "Matrix2x2", "payoffs": [[[41,76],[52,91]],[[25,14],[0,0]]]},
"G369": {"type": "Matrix2x2", "payoffs": [[[52,40],[0,36]],[[15,0],[55,44]]]},
"G370": {"type": "Matrix2x2", "payoffs": [[[2,35],[6,0]],[[7,63],[0,54]]]},
"G371": {"type": "Matrix2x2", "payoffs": [[[86,90],[34,11]],[[37,25],[0,0]]]},
"G372": {"type": "Matrix2x2", "payoffs": [[[1,0],[0,34]],[[5,23],[9,36]]]},
"G373": {"type": "Matrix2x2", "payoffs": [[[0,0],[27,17]],[[69,80],[14,38]]]},
"G374": {"type": "Matrix2x2", "payoffs": [[[0,1],[4,2]],[[36,0],[51,4]]]},
"G375": {"type": "Matrix2x2", "payoffs": [[[33,0],[9,27]],[[59,83],[0,62]]]},
"G376": {"type": "Matrix2x2", "payoffs": [[[62,60],[27,0]],[[5,50],[0,14]]]},
"G377": {"type": "Matrix2x2", "payoffs": [[[90,9],[0,7]],[[61,1],[79,0]]]},
"G378": {"type": "Matrix2x2", "payoffs": [[[100,23],[79,12]],[[0,0],[76,11]]]},
"G379": {"type": "Matrix2x2", "payoffs": [[[0,18],[24,47]],[[7,0],[22,31]]]},
"G380": {"type": "Matrix2x2", "payoffs": [[[94,11],[40,0]],[[0,9],[85,10]]]},
"G381": {"type": "Matrix2x2", "payoffs": [[[42,46],[9,25]],[[33,0],[0,18]]]},
"G382": {"type": "Matrix2x2", "payoffs": [[[72,11],[36,0]],[[92,68],[0,43]]]},
"G383": {"type": "Matrix2x2", "payoffs": [[[0,44],[30,0]],[[48,49],[38,42]]]},
"G384": {"type": "Matrix2x2", "payoffs": [[[5,34],[0,0]],[[20,71],[19,67]]]},
"G385": {"type": "Matrix2x2", "payoffs": [[[45,46],[19,21]],[[0,2],[44,0]]]},
"G386": {"type": "Matrix2x2", "payoffs": [[[66,32],[9,0]],[[0,11],[38,4]]]},
"G387": {"type": "Matrix2x2", "payoffs": [[[41,92],[40,46]],[[0,0],[7,28]]]},
"G388": {"type": "Matrix2x2", "payoffs": [[[12,5],[0,18]],[[44,74],[6,0]]]},
"G389": {"type": "Matrix2x2", "payoffs": [[[44,64],[0,61]],[[34,0],[25,16]]]},
"G390": {"type": "Matrix2x2", "payoffs": [[[36,1],[0,0]],[[23,2],[51,3]]]},
"G391": {"type": "Matrix2x2", "payoffs": [[[12,1],[7,3]],[[16,28],[0,0]]]},
"G392": {"type": "Matrix2x2", "payoffs": [[[39,84],[0,0]],[[29,46],[13,49]]]},
"G393": {"type": "Matrix2x2", "payoffs": [[[0,0],[6,17]],[[43,10],[75,19]]]},
"G394": {"type": "Matrix2x2", "payoffs": [[[87,72],[0,14]],[[55,0],[12,53]]]},
"G395": {"type": "Matrix2x2", "payoffs": [[[47,85],[8,78]],[[0,0],[30,38]]]},
"G396": {"type": "Matrix2x2", "payoffs": [[[5,74],[0,43]],[[1,0],[4,73]]]},
"G397": {"type": "Matrix2x2", "payoffs": [[[0,38],[5,0]],[[54,54],[7,40]]]},
"G398": {"type": "Matrix2x2", "payoffs": [[[0,11],[74,43]],[[5,0],[77,75]]]},
"G399": {"type": "Matrix2x2", "payoffs": [[[0,32],[15,0]],[[20,89],[4,22]]]},
"G400": {"type": "Matrix2x2", "payoffs": [[[84,1],[53,0]],[[0,5],[98,14]]]},
"G401": {"type": "Matrix2x2", "payoffs": [[[37,0],[51,37]],[[1,26],[0,34]]]},
"G402": {"type": "Matrix2x2", "payoffs": [[[6,11],[0,1]],[[34,22],[32,0]]]},
"G403": {"type": "Matrix2x2", "payoffs": [[[0,23],[24,0]],[[32,21],[95,24]]]},
"G404": {"type": "Matrix2x2", "payoffs": [[[54,56],[0,0]],[[44,17],[35,9]]]},
"G405": {"type": "Matrix2x2", "payoffs": [[[0,0],[4,86]],[[2,80],[1,66]]]},
"G406": {"type": "Matrix2x2", "payoffs": [[[60,0],[0,25]],[[53,32],[89,43]]]},
"G407": {"type": "Matrix2x2", "payoffs": [[[3,12],[6,98]],[[2,75],[0,0]]]},
"G408": {"type": "Matrix2x2", "payoffs": [[[0,35],[7,16]],[[87,57],[55,0]]]},
"G409": {"type": "Matrix2x2", "payoffs": [[[73,61],[0,7]],[[7,0],[83,70]]]},
"G410": {"type": "Matrix2x2", "payoffs": [[[0,47],[67,0]],[[98,66],[91,27]]]},
"G411": {"type": "Matrix2x2", "payoffs": [[[12,23],[0,0]],[[49,75],[37,53]]]},
"G412": {"type": "Matrix2x2", "payoffs": [[[0,18],[90,73]],[[25,0],[64,65]]]},
"G413": {"type": "Matrix2x2", "payoffs": [[[0,5],[51,2]],[[62,0],[67,42]]]},
"G414": {"type": "Matrix2x2", "payoffs": [[[13,61],[1,46]],[[0,1],[12,0]]]},
"G415": {"type": "Matrix2x2", "payoffs": [[[0,39],[48,72]],[[20,0],[14,1]]]},
"G416": {"type": "Matrix2x2", "payoffs": [[[45,14],[22,0]],[[0,4],[21,13]]]},
"G417": {"type": "Matrix2x2", "payoffs": [[[0,3],[16,2]],[[27,30],[19,0]]]},
"G418": {"type": "Matrix2x2", "payoffs": [[[0,2],[8,4]],[[3,3],[7,0]]]},
"G419": {"type": "Matrix2x2", "payoffs": [[[10,0],[94,56]],[[0,28],[39,16]]]},
"G420": {"type": "Matrix2x2", "payoffs": [[[75,47],[88,49]],[[0,0],[92,54]]]},
"G421": {"type": "Matrix2x2", "payoffs": [[[0,10],[14,0]],[[3,11],[55,23]]]},
"G422": {"type": "Matrix2x2", "payoffs": [[[0,4],[6,11]],[[4,0],[2,3]]]},
"G423": {"type": "Matrix2x2", "payoffs": [[[0,2],[28,15]],[[19,5],[5,0]]]},
"G424": {"type": "Matrix2x2", "payoffs": [[[44,79],[11,31]],[[0,0],[1,24]]]},
"G425": {"type": "Matrix2x2", "payoffs": [[[0,2],[43,0]],[[31,4],[63,5]]]},
"G426": {"type": "Matrix2x2", "payoffs": [[[9,46],[38,52]],[[0,43],[2,0]]]},
"G427": {"type": "Matrix2x2", "payoffs": [[[0,0],[63,75]],[[19,65],[10,59]]]},
"G428": {"type": "Matrix2x2", "payoffs": [[[17,81],[0,73]],[[8,10],[9,0]]]},
"G429": {"type": "Matrix2x2", "payoffs": [[[98,42],[84,0]],[[0,34],[89,28]]]},
"G430": {"type": "Matrix2x2", "payoffs": [[[0,0],[39,9]],[[20,4],[85,10]]]},
"G431": {"type": "Matrix2x2", "payoffs": [[[2,33],[52,0]],[[0,6],[71,50]]]},
"G432": {"type": "Matrix2x2", "payoffs": [[[0,2],[3,5]],[[45,20],[9,0]]]},
"G433": {"type": "Matrix2x2", "payoffs": [[[0,61],[80,85]],[[8,0],[11,6]]]},
"G434": {"type": "Matrix2x2", "payoffs": [[[0,6],[21,0]],[[8,60],[31,67]]]},
"G435": {"type": "Matrix2x2", "payoffs": [[[12,5],[0,12]],[[22,0],[23,14]]]},
"G436": {"type": "Matrix2x2", "payoffs": [[[0,2],[4,0]],[[20,20],[21,66]]]},
"G437": {"type": "Matrix2x2", "payoffs": [[[8,17],[70,20]],[[23,12],[0,0]]]},
"G438": {"type": "Matrix2x2", "payoffs": [[[34,0],[1,2]],[[77,4],[0,3]]]},
"G439": {"type": "Matrix2x2", "payoffs": [[[0,83],[75,94]],[[53,52],[18,0]]]},
"G440": {"type": "Matrix2x2", "payoffs": [[[3,40],[53,91]],[[0,16],[18,0]]]},
"G441": {"type": "Matrix2x2", "payoffs": [[[80,22],[44,3]],[[14,0],[0,14]]]},
"G442": {"type": "Matrix2x2", "payoffs": [[[15,28],[0,17]],[[82,84],[79,0]]]},
"G443": {"type": "Matrix2x2", "payoffs": [[[0,37],[31,61]],[[1,22],[28,0]]]},
"G444": {"type": "Matrix2x2", "payoffs": [[[34,9],[72,8]],[[0,0],[75,63]]]},
"G445": {"type": "Matrix2x2", "payoffs": [[[67,0],[89,51]],[[85,33],[0,27]]]},
"G446": {"type": "Matrix2x2", "payoffs": [[[2,28],[8,53]],[[0,47],[6,0]]]},
"G447": {"type": "Matrix2x2", "payoffs": [[[0,14],[4,8]],[[70,41],[32,0]]]},
"G448": {"type": "Matrix2x2", "payoffs": [[[1,3],[13,0]],[[100,8],[0,4]]]},
"G449": {"type": "Matrix2x2", "payoffs": [[[7,29],[19,87]],[[0,30],[8,0]]]},
"G450": {"type": "Matrix2x2", "payoffs": [[[90,25],[25,0]],[[80,13],[0,23]]]},
"G451": {"type": "Matrix2x2", "payoffs": [[[0,5],[6,24]],[[7,0],[26,32]]]},
"G452": {"type": "Matrix2x2", "payoffs": [[[3,26],[8,79]],[[0,2],[5,0]]]},
"G453": {"type": "Matrix2x2", "payoffs": [[[13,48],[0,0]],[[44,90],[16,42]]]},
"G454": {"type": "Matrix2x2", "payoffs": [[[18,11],[0,18]],[[91,22],[60,0]]]},
"G455": {"type": "Matrix2x2", "payoffs": [[[57,5],[0,2]],[[59,0],[61,63]]]},
"G456": {"type": "Matrix2x2", "payoffs": [[[0,8],[6,10]],[[7,44],[5,0]]]},
"G457": {"type": "Matrix2x2", "payoffs": [[[2,12],[4,7]],[[0,0],[12,19]]]},
"G458": {"type": "Matrix2x2", "payoffs": [[[28,29],[0,0]],[[66,56],[24,21]]]},
"G459": {"type": "Matrix2x2", "payoffs": [[[43,52],[0,0]],[[18,39],[32,32]]]},
"G460": {"type": "Matrix2x2", "payoffs": [[[1,7],[7,0]],[[12,13],[0,12]]]},
"G461": {"type": "Matrix2x2", "payoffs": [[[44,0],[0,3]],[[99,47],[57,26]]]},
"G462": {"type": "Matrix2x2", "payoffs": [[[0,88],[32,0]],[[5,65],[38,100]]]},
"G463": {"type": "Matrix2x2", "payoffs": [[[15,0],[0,16]],[[85,99],[41,18]]]},
"G464": {"type": "Matrix2x2", "payoffs": [[[66,24],[31,17]],[[0,0],[12,15]]]},
"G465": {"type": "Matrix2x2", "payoffs": [[[2,0],[5,7]],[[0,4],[23,10]]]},
"G466": {"type": "Matrix2x2", "payoffs": [[[0,1],[90,72]],[[46,0],[36,26]]]},
"G467": {"type": "Matrix2x2", "payoffs": [[[19,21],[0,74]],[[23,95],[3,0]]]},
"G468": {"type": "Matrix2x2", "payoffs": [[[0,20],[3,0]],[[29,66],[17,49]]]},
"G469": {"type": "Matrix2x2", "payoffs": [[[0,1],[27,12]],[[26,11],[17,0]]]},
"G470": {"type": "Matrix2x2", "payoffs": [[[53,68],[66,98]],[[20,0],[0,41]]]},
"G471": {"type": "Matrix2x2", "payoffs": [[[59,31],[18,13]],[[8,0],[0,19]]]},
"G472": {"type": "Matrix2x2", "payoffs": [[[50,51],[0,39]],[[37,0],[27,20]]]},
"G473": {"type": "Matrix2x2", "payoffs": [[[0,5],[12,13]],[[2,0],[21,26]]]},
"G474": {"type": "Matrix2x2", "payoffs": [[[27,9],[43,11]],[[83,12],[0,0]]]},
"G475": {"type": "Matrix2x2", "payoffs": [[[2,19],[4,0]],[[0,14],[5,40]]]},
"G476": {"type": "Matrix2x2", "payoffs": [[[47,58],[1,6]],[[0,41],[43,0]]]},
"G477": {"type": "Matrix2x2", "payoffs": [[[1,12],[0,0]],[[5,38],[4,20]]]},
"G478": {"type": "Matrix2x2", "payoffs": [[[90,23],[28,21]],[[13,12],[0,0]]]},
"G479": {"type": "Matrix2x2", "payoffs": [[[82,21],[88,27]],[[0,0],[23,25]]]},
"G480": {"type": "Matrix2x2", "payoffs": [[[7,0],[15,3]],[[0,1],[5,2]]]},
"G481": {"type": "Matrix2x2", "payoffs": [[[67,0],[94,95]],[[0,53],[26,74]]]},
"G482": {"type": "Matrix2x2", "payoffs": [[[82,26],[54,0]],[[0,10],[29,15]]]},
"G483": {"type": "Matrix2x2", "payoffs": [[[60,0],[81,63]],[[0,9],[9,11]]]},
"G484": {"type": "Matrix2x2", "payoffs": [[[32,47],[77,56]],[[0,2],[63,0]]]},
"G485": {"type": "Matrix2x2", "payoffs": [[[65,63],[63,47]],[[36,17],[0,0]]]},
"G486": {"type": "Matrix2x2", "payoffs": [[[29,60],[35,78]],[[0,0],[17,68]]]},
"G487": {"type": "Matrix2x2", "payoffs": [[[17,27],[30,3]],[[54,32],[0,0]]]},
"G488": {"type": "Matrix2x2", "payoffs": [[[27,2],[32,6]],[[25,0],[0,3]]]},
"G489": {"type": "Matrix2x2", "payoffs": [[[10,65],[97,78]],[[38,29],[0,0]]]},
"G490": {"type": "Matrix2x2", "payoffs": [[[44,95],[22,92]],[[0,54],[33,0]]]},
"G491": {"type": "Matrix2x2", "payoffs": [[[0,11],[17,66]],[[16,5],[3,0]]]},
"G492": {"type": "Matrix2x2", "payoffs": [[[0,90],[56,94]],[[55,0],[15,14]]]},
"G493": {"type": "Matrix2x2", "payoffs": [[[0,0],[20,72]],[[17,11],[8,42]]]},
"G494": {"type": "Matrix2x2", "payoffs": [[[43,3],[85,16]],[[0,0],[44,14]]]},
"G495": {"type": "Matrix2x2", "payoffs": [[[16,0],[0,14]],[[21,31],[25,48]]]},
"G496": {"type": "Matrix2x2", "payoffs": [[[50,5],[0,0]],[[13,54],[75,61]]]},
"G497": {"type": "Matrix2x2", "payoffs": [[[0,0],[83,61]],[[44,14],[10,19]]]},
"G498": {"type": "Matrix2x2", "payoffs": [[[16,29],[11,37]],[[28,68],[0,0]]]},
"G499": {"type": "Matrix2x2", "payoffs": [[[83,87],[48,22]],[[0,0],[13,25]]]},
"G500": {"type": "Matrix2x2", "payoffs": [[[36,30],[14,8]],[[12,0],[0,24]]]},
"G501": {"type": "Matrix2x2", "payoffs": [[[2,71],[15,97]],[[9,48],[0,0]]]},
"G502": {"type": "Matrix2x2", "payoffs": [[[74,17],[0,4]],[[48,0],[18,2]]]},
"G503": {"type": "Matrix2x2", "payoffs": [[[0,12],[14,0]],[[21,23],[3,13]]]},
"G504": {"type": "Matrix2x2", "payoffs": [[[29,98],[22,18]],[[21,37],[0,0]]]},
"G505": {"type": "Matrix2x2", "payoffs": [[[40,78],[17,0]],[[0,3],[35,72]]]},
"G506": {"type": "Matrix2x2", "payoffs": [[[4,11],[6,0]],[[8,32],[0,24]]]},
"G507": {"type": "Matrix2x2", "payoffs": [[[11,0],[20,75]],[[0,20],[12,46]]]},
"G508": {"type": "Matrix2x2", "payoffs": [[[15,0],[29,62]],[[0,15],[28,53]]]},
"G509": {"type": "Matrix2x2", "payoffs": [[[2,21],[4,9]],[[0,0],[7,24]]]},
"G510": {"type": "Matrix2x2", "payoffs": [[[54,10],[6,0]],[[0,5],[24,7]]]},
"G511": {"type": "Matrix2x2", "payoffs": [[[47,4],[0,10]],[[42,0],[50,47]]]},
"G512": {"type": "Matrix2x2", "payoffs": [[[3,100],[2,0]],[[1,31],[0,33]]]},
"G513": {"type": "Matrix2x2", "payoffs": [[[27,7],[0,2]],[[36,9],[22,0]]]},
"G514": {"type": "Matrix2x2", "payoffs": [[[0,4],[3,22]],[[2,0],[1,8]]]},
"G515": {"type": "Matrix2x2", "payoffs": [[[8,20],[68,44]],[[32,0],[0,13]]]},
"G516": {"type": "Matrix2x2", "payoffs": [[[0,5],[3,0]],[[14,7],[4,4]]]},
"G517": {"type": "Matrix2x2", "payoffs": [[[40,6],[77,38]],[[69,0],[0,24]]]},
"G518": {"type": "Matrix2x2", "payoffs": [[[57,0],[0,29]],[[71,80],[34,16]]]},
"G519": {"type": "Matrix2x2", "payoffs": [[[57,81],[17,0]],[[48,58],[0,39]]]},
"G520": {"type": "Matrix2x2", "payoffs": [[[1,0],[0,2]],[[37,18],[75,33]]]},
"G521": {"type": "Matrix2x2", "payoffs": [[[3,0],[11,35]],[[8,20],[0,32]]]},
"G522": {"type": "Matrix2x2", "payoffs": [[[24,29],[13,0]],[[0,2],[17,6]]]},
"G523": {"type": "Matrix2x2", "payoffs": [[[64,0],[0,17]],[[38,24],[79,25]]]},
"G524": {"type": "Matrix2x2", "payoffs": [[[0,22],[12,0]],[[54,86],[44,24]]]},
"G525": {"type": "Matrix2x2", "payoffs": [[[19,21],[43,78]],[[0,0],[2,62]]]},
"G526": {"type": "Matrix2x2", "payoffs": [[[39,59],[18,0]],[[45,77],[0,69]]]},
"G527": {"type": "Matrix2x2", "payoffs": [[[5,80],[0,34]],[[6,0],[8,98]]]},
"G528": {"type": "Matrix2x2", "payoffs": [[[48,99],[12,78]],[[0,88],[4,0]]]},
"G529": {"type": "Matrix2x2", "payoffs": [[[0,0],[51,16]],[[56,53],[27,32]]]},
"G530": {"type": "Matrix2x2", "payoffs": [[[73,7],[3,0]],[[68,1],[0,6]]]},
"G531": {"type": "Matrix2x2", "payoffs": [[[3,0],[0,17]],[[8,21],[32,23]]]},
"G532": {"type": "Matrix2x2", "payoffs": [[[31,28],[0,14]],[[3,0],[22,26]]]},
"G533": {"type": "Matrix2x2", "payoffs": [[[99,90],[95,0]],[[77,82],[0,35]]]},
"G534": {"type": "Matrix2x2", "payoffs": [[[20,0],[40,24]],[[70,41],[0,39]]]},
"G535": {"type": "Matrix2x2", "payoffs": [[[36,0],[78,66]],[[20,13],[0,47]]]},
"G536": {"type": "Matrix2x2", "payoffs": [[[0,0],[24,70]],[[79,90],[69,46]]]},
"G537": {"type": "Matrix2x2", "payoffs": [[[0,0],[73,28]],[[13,1],[82,37]]]},
"G538": {"type": "Matrix2x2", "payoffs": [[[0,6],[29,0]],[[24,28],[32,36]]]},
"G539": {"type": "Matrix2x2", "payoffs": [[[16,47],[50,0]],[[55,72],[0,9]]]},
"G540": {"type": "Matrix2x2", "payoffs": [[[1,12],[5,38]],[[13,48],[0,0]]]},
"G541": {"type": "Matrix2x2", "payoffs": [[[0,0],[17,29]],[[5,22],[3,20]]]},
"G542": {"type": "Matrix2x2", "payoffs": [[[82,7],[0,0]],[[83,21],[60,15]]]},
"G543": {"type": "Matrix2x2", "payoffs": [[[2,0],[15,29]],[[16,48],[0,24]]]},
"G544": {"type": "Matrix2x2", "payoffs": [[[24,10],[0,1]],[[19,0],[8,9]]]},
"G545": {"type": "Matrix2x2", "payoffs": [[[1,29],[0,0]],[[25,33],[33,78]]]},
"G546": {"type": "Matrix2x2", "payoffs": [[[0,8],[18,1]],[[77,14],[24,0]]]},
"G547": {"type": "Matrix2x2", "payoffs": [[[16,67],[3,10]],[[14,0],[0,18]]]},
"G548": {"type": "Matrix2x2", "payoffs": [[[32,35],[53,83]],[[13,0],[0,1]]]},
"G549": {"type": "Matrix2x2", "payoffs": [[[22,53],[0,37]],[[7,0],[35,54]]]},
"G550": {"type": "Matrix2x2", "payoffs": [[[39,0],[11,25]],[[0,33],[83,79]]]},
"G551": {"type": "Matrix2x2", "payoffs": [[[22,39],[32,84]],[[26,0],[0,14]]]},
"G552": {"type": "Matrix2x2", "payoffs": [[[21,30],[20,50]],[[40,52],[0,0]]]},
"G553": {"type": "Matrix2x2", "payoffs": [[[24,7],[27,0]],[[34,16],[0,8]]]},
"G554": {"type": "Matrix2x2", "payoffs": [[[63,16],[38,5]],[[32,0],[0,4]]]},
"G555": {"type": "Matrix2x2", "payoffs": [[[21,88],[0,80]],[[17,34],[19,0]]]},
"G556": {"type": "Matrix2x2", "payoffs": [[[98,13],[32,4]],[[0,0],[97,5]]]},
"G557": {"type": "Matrix2x2", "payoffs": [[[0,0],[21,94]],[[17,81],[11,26]]]},
"G558": {"type": "Matrix2x2", "payoffs": [[[53,99],[6,22]],[[0,0],[23,94]]]},
"G559": {"type": "Matrix2x2", "payoffs": [[[0,10],[42,0]],[[98,16],[89,8]]]},
"G560": {"type": "Matrix2x2", "payoffs": [[[65,85],[0,31]],[[47,0],[27,80]]]},
"G561": {"type": "Matrix2x2", "payoffs": [[[0,54],[43,0]],[[82,72],[55,48]]]},
"G562": {"type": "Matrix2x2", "payoffs": [[[13,25],[0,0]],[[9,8],[1,7]]]},
"G563": {"type": "Matrix2x2", "payoffs": [[[0,85],[5,89]],[[38,95],[7,0]]]},
"G564": {"type": "Matrix2x2", "payoffs": [[[15,18],[4,4]],[[0,0],[20,47]]]},
"G565": {"type": "Matrix2x2", "payoffs": [[[19,0],[0,1]],[[72,39],[17,23]]]},
"G566": {"type": "Matrix2x2", "payoffs": [[[13,9],[88,12]],[[0,0],[46,5]]]},
"G567": {"type": "Matrix2x2", "payoffs": [[[0,30],[27,23]],[[12,0],[46,44]]]},
"G568": {"type": "Matrix2x2", "payoffs": [[[60,55],[16,17]],[[0,0],[47,13]]]},
"G569": {"type": "Matrix2x2", "payoffs": [[[0,62],[72,25]],[[94,85],[54,0]]]},
"G570": {"type": "Matrix2x2", "payoffs": [[[41,11],[46,50]],[[0,0],[18,49]]]},
"G571": {"type": "Matrix2x2", "payoffs": [[[75,0],[62,26]],[[0,13],[89,64]]]},
"G572": {"type": "Matrix2x2", "payoffs": [[[15,21],[0,4]],[[11,0],[14,20]]]},
"G573": {"type": "Matrix2x2", "payoffs": [[[83,12],[32,0]],[[69,2],[0,9]]]},
"G574": {"type": "Matrix2x2", "payoffs": [[[35,92],[41,0]],[[0,89],[48,98]]]},
"G575": {"type": "Matrix2x2", "payoffs": [[[39,48],[0,0]],[[43,26],[85,51]]]},
"G576": {"type": "Matrix2x2", "payoffs": [[[0,0],[77,31]],[[13,2],[58,9]]]},
"G577": {"type": "Matrix2x2", "payoffs": [[[0,61],[68,63]],[[57,17],[49,0]]]},
"G578": {"type": "Matrix2x2", "payoffs": [[[11,33],[9,22]],[[0,0],[8,12]]]},
"G579": {"type": "Matrix2x2", "payoffs": [[[0,14],[84,17]],[[78,0],[59,8]]]},
"G580": {"type": "Matrix2x2", "payoffs": [[[76,35],[44,0]],[[0,33],[7,1]]]},
"G581": {"type": "Matrix2x2", "payoffs": [[[11,28],[0,0]],[[47,30],[40,3]]]},
"G582": {"type": "Matrix2x2", "payoffs": [[[30,34],[15,12]],[[0,27],[10,0]]]},
"G583": {"type": "Matrix2x2", "payoffs": [[[10,24],[29,74]],[[6,0],[0,67]]]},
"G584": {"type": "Matrix2x2", "payoffs": [[[0,3],[50,19]],[[70,81],[36,0]]]},
"G585": {"type": "Matrix2x2", "payoffs": [[[8,37],[25,0]],[[60,84],[0,33]]]},
"G586": {"type": "Matrix2x2", "payoffs": [[[27,16],[0,0]],[[28,49],[17,26]]]},
"G587": {"type": "Matrix2x2", "payoffs": [[[0,20],[1,0]],[[11,22],[4,14]]]},
"G588": {"type": "Matrix2x2", "payoffs": [[[0,68],[38,63]],[[39,87],[2,0]]]},
"G589": {"type": "Matrix2x2", "payoffs": [[[0,0],[57,23]],[[14,6],[66,72]]]},
"G590": {"type": "Matrix2x2", "payoffs": [[[8,8],[0,0]],[[30,99],[25,77]]]},
"G591": {"type": "Matrix2x2", "payoffs": [[[0,22],[88,48]],[[39,0],[58,14]]]},
"G592": {"type": "Matrix2x2", "payoffs": [[[0,37],[49,44]],[[39,0],[79,84]]]},
"G593": {"type": "Matrix2x2", "payoffs": [[[15,32],[27,100]],[[0,46],[17,0]]]},
"G594": {"type": "Matrix2x2", "payoffs": [[[11,15],[37,20]],[[0,17],[31,0]]]},
"G595": {"type": "Matrix2x2", "payoffs": [[[0,14],[62,56]],[[98,79],[59,0]]]},
"G596": {"type": "Matrix2x2", "payoffs": [[[57,44],[41,10]],[[40,18],[0,0]]]},
"G597": {"type": "Matrix2x2", "payoffs": [[[0,0],[99,48]],[[3,26],[14,25]]]},
"G598": {"type": "Matrix2x2", "payoffs": [[[11,42],[34,16]],[[53,55],[0,0]]]},
"G599": {"type": "Matrix2x2", "payoffs": [[[43,31],[11,15]],[[0,0],[30,26]]]},
"G600": {"type": "Matrix2x2", "payoffs": [[[0,3],[33,0]],[[49,1],[55,5]]]},
"G601": {"type": "Matrix2x2", "payoffs": [[[6,45],[24,1]],[[0,0],[54,55]]]},
"G602": {"type": "Matrix2x2", "payoffs": [[[16,5],[0,2]],[[51,16],[35,0]]]},
"G603": {"type": "Matrix2x2", "payoffs": [[[55,1],[15,0]],[[90,14],[0,11]]]},
"G604": {"type": "Matrix2x2", "payoffs": [[[17,7],[0,0]],[[37,1],[84,15]]]},
"G605": {"type": "Matrix2x2", "payoffs": [[[49,87],[7,39]],[[34,80],[0,0]]]},
"G606": {"type": "Matrix2x2", "payoffs": [[[25,0],[10,6]],[[32,16],[0,12]]]},
"G607": {"type": "Matrix2x2", "payoffs": [[[15,4],[47,42]],[[8,35],[0,0]]]},
"G608": {"type": "Matrix2x2", "payoffs": [[[3,33],[0,0]],[[2,15],[4,36]]]},
"G609": {"type": "Matrix2x2", "payoffs": [[[0,19],[6,0]],[[11,11],[24,26]]]},
"G610": {"type": "Matrix2x2", "payoffs": [[[12,0],[0,33]],[[64,38],[5,21]]]},
"G611": {"type": "Matrix2x2", "payoffs": [[[56,33],[0,23]],[[45,20],[52,0]]]},
"G612": {"type": "Matrix2x2", "payoffs": [[[48,50],[1,0]],[[0,25],[2,9]]]},
"G613": {"type": "Matrix2x2", "payoffs": [[[0,12],[49,14]],[[41,0],[35,4]]]},
"G614": {"type": "Matrix2x2", "payoffs": [[[91,86],[0,77]],[[5,49],[68,0]]]},
"G615": {"type": "Matrix2x2", "payoffs": [[[76,1],[0,14]],[[86,26],[10,0]]]},
"G616": {"type": "Matrix2x2", "payoffs": [[[0,0],[68,67]],[[19,56],[73,74]]]},
"G617": {"type": "Matrix2x2", "payoffs": [[[42,2],[69,7]],[[10,0],[0,4]]]},
"G618": {"type": "Matrix2x2", "payoffs": [[[33,0],[17,30]],[[0,40],[43,45]]]},
"G619": {"type": "Matrix2x2", "payoffs": [[[41,47],[58,10]],[[80,82],[0,0]]]},
"G620": {"type": "Matrix2x2", "payoffs": [[[30,52],[0,0]],[[21,44],[86,58]]]},
"G621": {"type": "Matrix2x2", "payoffs": [[[64,9],[0,3]],[[51,0],[59,1]]]},
"G622": {"type": "Matrix2x2", "payoffs": [[[59,1],[0,8]],[[78,81],[28,0]]]},
"G623": {"type": "Matrix2x2", "payoffs": [[[36,0],[38,5]],[[57,42],[0,30]]]},
"G624": {"type": "Matrix2x2", "payoffs": [[[4,24],[38,53]],[[26,0],[0,7]]]},
"G625": {"type": "Matrix2x2", "payoffs": [[[0,55],[41,0]],[[93,65],[19,5]]]},
"G626": {"type": "Matrix2x2", "payoffs": [[[0,1],[5,57]],[[32,66],[25,0]]]},
"G627": {"type": "Matrix2x2", "payoffs": [[[0,56],[57,99]],[[54,97],[45,0]]]},
"G628": {"type": "Matrix2x2", "payoffs": [[[4,0],[6,8]],[[8,46],[0,30]]]},
"G629": {"type": "Matrix2x2", "payoffs": [[[0,48],[43,81]],[[11,60],[31,0]]]},
"G630": {"type": "Matrix2x2", "payoffs": [[[20,25],[14,15]],[[0,9],[17,0]]]},
"G631": {"type": "Matrix2x2", "payoffs": [[[34,39],[65,58]],[[16,38],[0,0]]]},
"G632": {"type": "Matrix2x2", "payoffs": [[[32,39],[0,0]],[[9,37],[30,14]]]},
"G633": {"type": "Matrix2x2", "payoffs": [[[59,0],[62,62]],[[19,55],[0,14]]]},
"G634": {"type": "Matrix2x2", "payoffs": [[[13,0],[0,79]],[[1,32],[20,82]]]},
"G635": {"type": "Matrix2x2", "payoffs": [[[7,24],[14,0]],[[0,44],[21,85]]]},
"G636": {"type": "Matrix2x2", "payoffs": [[[21,0],[0,14]],[[72,35],[95,39]]]},
"G637": {"type": "Matrix2x2", "payoffs": [[[3,0],[2,1]],[[0,3],[4,8]]]},
"G638": {"type": "Matrix2x2", "payoffs": [[[0,0],[6,10]],[[8,40],[7,20]]]},
"G639": {"type": "Matrix2x2", "payoffs": [[[1,56],[11,36]],[[0,0],[13,63]]]},
"G640": {"type": "Matrix2x2", "payoffs": [[[16,0],[9,3]],[[20,18],[0,12]]]},
"G641": {"type": "Matrix2x2", "payoffs": [[[34,0],[84,18]],[[0,5],[78,11]]]},
"G642": {"type": "Matrix2x2", "payoffs": [[[3,47],[0,0]],[[30,6],[42,57]]]},
"G643": {"type": "Matrix2x2", "payoffs": [[[0,0],[39,44]],[[37,67],[83,80]]]},
"G644": {"type": "Matrix2x2", "payoffs": [[[73,48],[0,0]],[[19,41],[40,43]]]},
"G645": {"type": "Matrix2x2", "payoffs": [[[0,2],[28,12]],[[52,0],[71,20]]]},
"G646": {"type": "Matrix2x2", "payoffs": [[[0,10],[7,6]],[[4,0],[13,26]]]},
"G647": {"type": "Matrix2x2", "payoffs": [[[36,0],[0,58]],[[35,63],[88,77]]]},
"G648": {"type": "Matrix2x2", "payoffs": [[[0,0],[12,40]],[[25,22],[73,64]]]},
"G649": {"type": "Matrix2x2", "payoffs": [[[1,10],[0,3]],[[14,0],[22,23]]]},
"G650": {"type": "Matrix2x2", "payoffs": [[[13,41],[0,23]],[[6,0],[39,60]]]},
"G651": {"type": "Matrix2x2", "payoffs": [[[14,11],[0,8]],[[67,0],[78,45]]]},
"G652": {"type": "Matrix2x2", "payoffs": [[[82,28],[31,3]],[[14,6],[0,0]]]},
"G653": {"type": "Matrix2x2", "payoffs": [[[0,84],[30,86]],[[20,0],[29,71]]]},
"G654": {"type": "Matrix2x2", "payoffs": [[[32,53],[72,73]],[[23,11],[0,0]]]},
"G655": {"type": "Matrix2x2", "payoffs": [[[16,23],[0,17]],[[11,0],[5,15]]]},
"G656": {"type": "Matrix2x2", "payoffs": [[[3,44],[2,33]],[[0,0],[1,4]]]},
"G657": {"type": "Matrix2x2", "payoffs": [[[2,11],[6,0]],[[19,14],[0,6]]]},
"G658": {"type": "Matrix2x2", "payoffs": [[[0,0],[69,71]],[[59,35],[35,68]]]},
"G659": {"type": "Matrix2x2", "payoffs": [[[76,0],[0,67]],[[83,68],[75,29]]]},
"G660": {"type": "Matrix2x2", "payoffs": [[[12,17],[5,12]],[[36,23],[0,0]]]},
"G661": {"type": "Matrix2x2", "payoffs": [[[82,71],[0,0]],[[10,44],[35,70]]]},
"G662": {"type": "Matrix2x2", "payoffs": [[[10,0],[17,1]],[[0,5],[52,7]]]},
"G663": {"type": "Matrix2x2", "payoffs": [[[19,62],[43,99]],[[21,24],[0,0]]]},
"G664": {"type": "Matrix2x2", "payoffs": [[[32,7],[50,6]],[[0,0],[97,28]]]},
"G665": {"type": "Matrix2x2", "payoffs": [[[89,37],[64,24]],[[0,0],[18,10]]]},
"G666": {"type": "Matrix2x2", "payoffs": [[[55,34],[0,27]],[[23,0],[16,26]]]},
"G667": {"type": "Matrix2x2", "payoffs": [[[11,77],[1,33]],[[0,0],[4,59]]]},
"G668": {"type": "Matrix2x2", "payoffs": [[[52,0],[29,45]],[[0,34],[100,91]]]},
"G669": {"type": "Matrix2x2", "payoffs": [[[0,15],[70,22]],[[58,0],[22,19]]]},
"G670": {"type": "Matrix2x2", "payoffs": [[[11,56],[6,48]],[[14,82],[0,0]]]},
"G671": {"type": "Matrix2x2", "payoffs": [[[1,0],[0,69]],[[2,85],[11,95]]]},
"G672": {"type": "Matrix2x2", "payoffs": [[[61,58],[59,0]],[[0,49],[17,4]]]},
"G673": {"type": "Matrix2x2", "payoffs": [[[32,0],[46,8]],[[0,6],[95,9]]]},
"G674": {"type": "Matrix2x2", "payoffs": [[[43,23],[16,42]],[[44,45],[0,0]]]},
"G675": {"type": "Matrix2x2", "payoffs": [[[3,0],[17,4]],[[22,93],[0,10]]]},
"G676": {"type": "Matrix2x2", "payoffs": [[[10,17],[48,0]],[[0,64],[71,79]]]},
"G677": {"type": "Matrix2x2", "payoffs": [[[41,68],[7,61]],[[75,95],[0,0]]]},
"G678": {"type": "Matrix2x2", "payoffs": [[[95,47],[93,0]],[[0,34],[7,11]]]},
"G679": {"type": "Matrix2x2", "payoffs": [[[16,0],[10,3]],[[0,44],[40,48]]]},
"G680": {"type": "Matrix2x2", "payoffs": [[[0,26],[29,1]],[[93,35],[24,0]]]},
"G681": {"type": "Matrix2x2", "payoffs": [[[21,91],[0,0]],[[19,9],[13,30]]]},
"G682": {"type": "Matrix2x2", "payoffs": [[[3,99],[0,77]],[[2,5],[1,0]]]},
"G683": {"type": "Matrix2x2", "payoffs": [[[73,15],[0,12]],[[28,0],[25,9]]]},
"G684": {"type": "Matrix2x2", "payoffs": [[[1,14],[9,6]],[[22,17],[0,0]]]},
"G685": {"type": "Matrix2x2", "payoffs": [[[63,47],[0,12]],[[28,0],[20,22]]]},
"G686": {"type": "Matrix2x2", "payoffs": [[[8,10],[0,0]],[[57,20],[69,34]]]},
"G687": {"type": "Matrix2x2", "payoffs": [[[65,18],[38,14]],[[78,84],[0,0]]]},
"G688": {"type": "Matrix2x2", "payoffs": [[[96,67],[72,43]],[[71,27],[0,0]]]},
"G689": {"type": "Matrix2x2", "payoffs": [[[77,0],[36,4]],[[81,96],[0,79]]]},
"G690": {"type": "Matrix2x2", "payoffs": [[[99,40],[0,36]],[[91,9],[82,0]]]},
"G691": {"type": "Matrix2x2", "payoffs": [[[9,59],[0,5]],[[13,69],[7,0]]]},
"G692": {"type": "Matrix2x2", "payoffs": [[[0,0],[40,54]],[[17,25],[21,7]]]},
"G693": {"type": "Matrix2x2", "payoffs": [[[0,0],[45,16]],[[65,55],[53,27]]]},
"G694": {"type": "Matrix2x2", "payoffs": [[[0,27],[77,18]],[[81,97],[32,0]]]},
"G695": {"type": "Matrix2x2", "payoffs": [[[0,41],[95,75]],[[79,0],[46,21]]]},
"G696": {"type": "Matrix2x2", "payoffs": [[[36,23],[0,10]],[[63,24],[39,0]]]},
"G697": {"type": "Matrix2x2", "payoffs": [[[39,53],[37,51]],[[0,0],[42,66]]]},
"G698": {"type": "Matrix2x2", "payoffs": [[[32,0],[25,65]],[[57,84],[0,15]]]},
"G699": {"type": "Matrix2x2", "payoffs": [[[54,40],[56,8]],[[99,65],[0,0]]]},
"G700": {"type": "Matrix2x2", "payoffs": [[[77,26],[0,0]],[[71,4],[81,37]]]},
"G701": {"type": "Matrix2x2", "payoffs": [[[0,34],[4,36]],[[1,16],[2,0]]]},
"G702": {"type": "Matrix2x2", "payoffs": [[[0,3],[1,4]],[[2,0],[4,9]]]},
"G703": {"type": "Matrix2x2", "payoffs": [[[38,16],[7,76]],[[40,96],[0,0]]]},
"G704": {"type": "Matrix2x2", "payoffs": [[[0,0],[9,55]],[[42,11],[52,93]]]},
"G705": {"type": "Matrix2x2", "payoffs": [[[97,65],[46,30]],[[74,0],[0,48]]]},
"G706": {"type": "Matrix2x2", "payoffs": [[[17,31],[26,32]],[[0,12],[24,0]]]},
"G707": {"type": "Matrix2x2", "payoffs": [[[67,47],[31,38]],[[0,0],[52,5]]]},
"G708": {"type": "Matrix2x2", "payoffs": [[[0,0],[59,79]],[[48,16],[34,78]]]},
"G709": {"type": "Matrix2x2", "payoffs": [[[39,4],[0,8]],[[92,11],[68,0]]]},
"G710": {"type": "Matrix2x2", "payoffs": [[[20,28],[0,21]],[[2,17],[18,0]]]},
"G711": {"type": "Matrix2x2", "payoffs": [[[40,28],[0,0]],[[54,75],[53,59]]]},
"G712": {"type": "Matrix2x2", "payoffs": [[[1,12],[0,0]],[[5,6],[6,13]]]},
"G713": {"type": "Matrix2x2", "payoffs": [[[79,36],[0,0]],[[63,22],[36,19]]]},
"G714": {"type": "Matrix2x2", "payoffs": [[[50,0],[0,11]],[[14,1],[68,44]]]},
"G715": {"type": "Matrix2x2", "payoffs": [[[10,55],[80,59]],[[0,0],[17,16]]]},
"G716": {"type": "Matrix2x2", "payoffs": [[[0,23],[2,1]],[[8,0],[15,34]]]},
"G717": {"type": "Matrix2x2", "payoffs": [[[15,0],[31,14]],[[0,8],[5,3]]]},
"G718": {"type": "Matrix2x2", "payoffs": [[[68,46],[0,15]],[[40,21],[12,0]]]},
"G719": {"type": "Matrix2x2", "payoffs": [[[11,43],[0,30]],[[18,0],[63,93]]]},
"G720": {"type": "Matrix2x2", "payoffs": [[[46,93],[29,8]],[[0,0],[9,5]]]},
"G721": {"type": "Matrix2x2", "payoffs": [[[9,23],[0,0]],[[11,47],[14,59]]]},
"G722": {"type": "Matrix2x2", "payoffs": [[[59,3],[82,15]],[[0,8],[18,0]]]},
"G723": {"type": "Matrix2x2", "payoffs": [[[46,71],[19,0]],[[85,91],[0,59]]]},
"G724": {"type": "Matrix2x2", "payoffs": [[[0,66],[20,83]],[[1,0],[15,46]]]},
"G725": {"type": "Matrix2x2", "payoffs": [[[28,0],[4,9]],[[0,24],[49,27]]]},
"G726": {"type": "Matrix2x2", "payoffs": [[[7,11],[2,0]],[[0,6],[3,8]]]},
"G727": {"type": "Matrix2x2", "payoffs": [[[60,47],[55,45]],[[0,28],[6,0]]]},
"G728": {"type": "Matrix2x2", "payoffs": [[[12,4],[0,0]],[[46,8],[63,11]]]},
"G729": {"type": "Matrix2x2", "payoffs": [[[0,60],[7,0]],[[16,75],[12,21]]]},
"G730": {"type": "Matrix2x2", "payoffs": [[[0,1],[2,11]],[[60,55],[3,0]]]},
"G731": {"type": "Matrix2x2", "payoffs": [[[93,42],[56,15]],[[41,0],[0,1]]]},
"G732": {"type": "Matrix2x2", "payoffs": [[[0,0],[8,4]],[[63,3],[78,6]]]},
"G733": {"type": "Matrix2x2", "payoffs": [[[6,21],[29,32]],[[11,14],[0,0]]]},
"G734": {"type": "Matrix2x2", "payoffs": [[[0,28],[73,0]],[[18,8],[76,29]]]},
"G735": {"type": "Matrix2x2", "payoffs": [[[77,91],[19,73]],[[29,0],[0,4]]]},
"G736": {"type": "Matrix2x2", "payoffs": [[[64,52],[50,0]],[[93,90],[0,10]]]},
"G737": {"type": "Matrix2x2", "payoffs": [[[35,0],[50,74]],[[0,47],[36,49]]]},
"G738": {"type": "Matrix2x2", "payoffs": [[[39,4],[34,3]],[[63,5],[0,0]]]},
"G739": {"type": "Matrix2x2", "payoffs": [[[0,78],[16,0]],[[11,93],[21,97]]]},
"G740": {"type": "Matrix2x2", "payoffs": [[[60,0],[78,57]],[[0,18],[69,52]]]},
"G741": {"type": "Matrix2x2", "payoffs": [[[6,11],[0,60]],[[13,71],[1,0]]]},
"G742": {"type": "Matrix2x2", "payoffs": [[[49,0],[96,14]],[[71,9],[0,6]]]},
"G743": {"type": "Matrix2x2", "payoffs": [[[63,25],[82,94]],[[0,44],[3,0]]]},
"G744": {"type": "Matrix2x2", "payoffs": [[[0,32],[5,81]],[[1,0],[3,18]]]},
"G745": {"type": "Matrix2x2", "payoffs": [[[74,0],[0,5]],[[97,6],[73,3]]]},
"G746": {"type": "Matrix2x2", "payoffs": [[[0,3],[5,29]],[[45,34],[25,0]]]},
"G747": {"type": "Matrix2x2", "payoffs": [[[11,0],[32,71]],[[5,40],[0,57]]]},
"G748": {"type": "Matrix2x2", "payoffs": [[[7,53],[0,0]],[[3,13],[5,19]]]},
"G749": {"type": "Matrix2x2", "payoffs": [[[0,0],[69,12]],[[50,10],[4,11]]]},
"G750": {"type": "Matrix2x2", "payoffs": [[[67,15],[71,17]],[[84,21],[0,0]]]},
"G751": {"type": "Matrix2x2", "payoffs": [[[13,35],[11,0]],[[0,47],[39,97]]]},
"G752": {"type": "Matrix2x2", "payoffs": [[[28,19],[40,93]],[[0,0],[17,1]]]},
"G753": {"type": "Matrix2x2", "payoffs": [[[0,50],[9,55]],[[2,0],[7,51]]]},
"G754": {"type": "Matrix2x2", "payoffs": [[[28,0],[0,3]],[[29,5],[1,2]]]},
"G755": {"type": "Matrix2x2", "payoffs": [[[78,17],[81,52]],[[22,34],[0,0]]]},
"G756": {"type": "Matrix2x2", "payoffs": [[[64,82],[0,36]],[[25,0],[13,49]]]},
"G757": {"type": "Matrix2x2", "payoffs": [[[23,18],[10,0]],[[27,32],[0,9]]]},
"G758": {"type": "Matrix2x2", "payoffs": [[[49,17],[0,41]],[[50,0],[52,73]]]},
"G759": {"type": "Matrix2x2", "payoffs": [[[9,0],[47,92]],[[0,55],[22,81]]]},
"G760": {"type": "Matrix2x2", "payoffs": [[[0,0],[45,47]],[[57,1],[58,68]]]},
"G761": {"type": "Matrix2x2", "payoffs": [[[43,85],[1,55]],[[0,13],[24,0]]]},
"G762": {"type": "Matrix2x2", "payoffs": [[[7,0],[0,38]],[[15,26],[29,42]]]},
"G763": {"type": "Matrix2x2", "payoffs": [[[53,91],[0,0]],[[36,8],[33,62]]]},
"G764": {"type": "Matrix2x2", "payoffs": [[[30,21],[10,0]],[[39,65],[0,14]]]},
"G765": {"type": "Matrix2x2", "payoffs": [[[0,48],[42,0]],[[31,55],[48,86]]]},
"G766": {"type": "Matrix2x2", "payoffs": [[[12,18],[9,2]],[[29,25],[0,0]]]},
"G767": {"type": "Matrix2x2", "payoffs": [[[30,0],[4,59]],[[54,87],[0,72]]]},
"G768": {"type": "Matrix2x2", "payoffs": [[[8,0],[3,5]],[[0,7],[11,17]]]},
"G769": {"type": "Matrix2x2", "payoffs": [[[13,0],[65,18]],[[90,25],[0,1]]]},
"G770": {"type": "Matrix2x2", "payoffs": [[[78,0],[42,13]],[[95,36],[0,10]]]},
"G771": {"type": "Matrix2x2", "payoffs": [[[40,17],[0,26]],[[88,31],[12,0]]]},
"G772": {"type": "Matrix2x2", "payoffs": [[[14,8],[61,22]],[[0,0],[16,18]]]},
"G773": {"type": "Matrix2x2", "payoffs": [[[42,0],[29,42]],[[69,64],[0,13]]]},
"G774": {"type": "Matrix2x2", "payoffs": [[[12,0],[50,4]],[[0,2],[1,3]]]},
"G775": {"type": "Matrix2x2", "payoffs": [[[8,18],[24,15]],[[41,24],[0,0]]]},
"G776": {"type": "Matrix2x2", "payoffs": [[[10,37],[0,52]],[[67,53],[21,0]]]},
"G777": {"type": "Matrix2x2", "payoffs": [[[4,7],[1,45]],[[0,0],[6,67]]]},
"G778": {"type": "Matrix2x2", "payoffs": [[[25,8],[0,13]],[[16,0],[48,15]]]},
"G779": {"type": "Matrix2x2", "payoffs": [[[0,58],[52,74]],[[16,61],[21,0]]]},
"G780": {"type": "Matrix2x2", "payoffs": [[[54,0],[0,3]],[[88,23],[46,19]]]},
"G781": {"type": "Matrix2x2", "payoffs": [[[87,4],[0,0]],[[62,3],[26,2]]]},
"G782": {"type": "Matrix2x2", "payoffs": [[[24,28],[22,21]],[[9,0],[0,20]]]},
"G783": {"type": "Matrix2x2", "payoffs": [[[0,37],[85,34]],[[36,0],[99,46]]]},
"G784": {"type": "Matrix2x2", "payoffs": [[[5,25],[0,8]],[[2,0],[4,13]]]},
"G785": {"type": "Matrix2x2", "payoffs": [[[35,0],[0,18]],[[48,20],[90,30]]]},
"G786": {"type": "Matrix2x2", "payoffs": [[[18,0],[0,54]],[[88,79],[20,3]]]},
"G787": {"type": "Matrix2x2", "payoffs": [[[45,0],[0,3]],[[19,1],[54,18]]]},
"G788": {"type": "Matrix2x2", "payoffs": [[[83,71],[0,28]],[[56,0],[49,20]]]},
"G789": {"type": "Matrix2x2", "payoffs": [[[14,29],[25,0]],[[35,52],[0,18]]]},
"G790": {"type": "Matrix2x2", "payoffs": [[[0,18],[84,19]],[[75,7],[51,0]]]},
"G791": {"type": "Matrix2x2", "payoffs": [[[32,28],[0,0]],[[26,25],[25,2]]]},
"G792": {"type": "Matrix2x2", "payoffs": [[[4,57],[3,37]],[[0,0],[1,51]]]},
"G793": {"type": "Matrix2x2", "payoffs": [[[2,0],[0,34]],[[9,33],[24,40]]]},
"G794": {"type": "Matrix2x2", "payoffs": [[[50,35],[24,29]],[[0,0],[73,44]]]},
"G795": {"type": "Matrix2x2", "payoffs": [[[46,88],[4,0]],[[33,6],[0,73]]]},
"G796": {"type": "Matrix2x2", "payoffs": [[[25,36],[9,0]],[[29,41],[0,30]]]},
"G797": {"type": "Matrix2x2", "payoffs": [[[30,0],[85,33]],[[92,75],[0,6]]]},
"G798": {"type": "Matrix2x2", "payoffs": [[[2,30],[0,41]],[[20,0],[23,45]]]},
"G799": {"type": "Matrix2x2", "payoffs": [[[2,59],[0,0]],[[3,77],[1,15]]]},
"G800": {"type": "Matrix2x2", "payoffs": [[[86,38],[56,13]],[[0,0],[64,27]]]},
"G801": {"type": "Matrix2x2", "payoffs": [[[13,49],[0,1]],[[45,79],[32,0]]]},
"G802": {"type": "Matrix2x2", "payoffs": [[[58,0],[0,26]],[[70,44],[7,17]]]},
"G803": {"type": "Matrix2x2", "payoffs": [[[5,25],[62,0]],[[0,1],[79,42]]]},
"G804": {"type": "Matrix2x2", "payoffs": [[[6,0],[0,66]],[[30,40],[40,81]]]},
"G805": {"type": "Matrix2x2", "payoffs": [[[15,0],[0,72]],[[1,62],[61,79]]]},
"G806": {"type": "Matrix2x2", "payoffs": [[[29,66],[0,33]],[[13,0],[54,73]]]},
"G807": {"type": "Matrix2x2", "payoffs": [[[11,10],[6,5]],[[0,1],[8,0]]]},
"G808": {"type": "Matrix2x2", "payoffs": [[[0,0],[19,26]],[[2,28],[20,100]]]},
"G809": {"type": "Matrix2x2", "payoffs": [[[2,85],[7,89]],[[20,98],[0,0]]]},
"G810": {"type": "Matrix2x2", "payoffs": [[[2,13],[60,68]],[[9,35],[0,0]]]},
"G811": {"type": "Matrix2x2", "payoffs": [[[0,10],[25,53]],[[27,61],[17,0]]]},
"G812": {"type": "Matrix2x2", "payoffs": [[[77,68],[67,39]],[[20,16],[0,0]]]},
"G813": {"type": "Matrix2x2", "payoffs": [[[62,88],[70,0]],[[73,90],[0,11]]]},
"G814": {"type": "Matrix2x2", "payoffs": [[[14,0],[3,51]],[[43,58],[0,10]]]},
"G815": {"type": "Matrix2x2", "payoffs": [[[50,0],[92,96]],[[0,42],[87,16]]]},
"G816": {"type": "Matrix2x2", "payoffs": [[[18,0],[0,14]],[[52,44],[11,39]]]},
"G817": {"type": "Matrix2x2", "payoffs": [[[0,0],[33,35]],[[57,96],[9,59]]]},
"G818": {"type": "Matrix2x2", "payoffs": [[[7,6],[13,9]],[[31,13],[0,0]]]},
"G819": {"type": "Matrix2x2", "payoffs": [[[35,18],[0,17]],[[21,14],[2,0]]]},
"G820": {"type": "Matrix2x2", "payoffs": [[[0,47],[15,0]],[[13,21],[16,71]]]},
"G821": {"type": "Matrix2x2", "payoffs": [[[13,0],[0,39]],[[9,32],[21,69]]]},
"G822": {"type": "Matrix2x2", "payoffs": [[[0,12],[67,0]],[[18,45],[74,64]]]},
"G823": {"type": "Matrix2x2", "payoffs": [[[0,50],[27,36]],[[56,54],[5,0]]]},
"G824": {"type": "Matrix2x2", "payoffs": [[[72,52],[59,25]],[[55,0],[0,13]]]},
"G825": {"type": "Matrix2x2", "payoffs": [[[1,2],[24,21]],[[0,1],[14,0]]]},
"G826": {"type": "Matrix2x2", "payoffs": [[[0,32],[28,0]],[[20,20],[49,47]]]},
"G827": {"type": "Matrix2x2", "payoffs": [[[31,63],[0,0]],[[69,87],[26,6]]]},
"G828": {"type": "Matrix2x2", "payoffs": [[[0,51],[5,44]],[[51,70],[11,0]]]},
"G829": {"type": "Matrix2x2", "payoffs": [[[24,8],[46,0]],[[0,15],[66,16]]]},
"G830": {"type": "Matrix2x2", "payoffs": [[[0,60],[1,6]],[[12,0],[18,72]]]},
"G831": {"type": "Matrix2x2", "payoffs": [[[93,21],[97,83]],[[18,26],[0,0]]]},
"G832": {"type": "Matrix2x2", "payoffs": [[[12,2],[20,4]],[[0,0],[14,3]]]},
"G833": {"type": "Matrix2x2", "payoffs": [[[58,14],[0,0]],[[19,12],[78,21]]]},
"G834": {"type": "Matrix2x2", "payoffs": [[[0,0],[88,57]],[[23,28],[56,27]]]},
"G835": {"type": "Matrix2x2", "payoffs": [[[32,4],[0,33]],[[59,38],[3,0]]]},
"G836": {"type": "Matrix2x2", "payoffs": [[[0,61],[63,54]],[[51,0],[68,63]]]},
"G837": {"type": "Matrix2x2", "payoffs": [[[80,3],[0,1]],[[25,2],[67,0]]]},
"G838": {"type": "Matrix2x2", "payoffs": [[[52,12],[0,0]],[[25,13],[90,16]]]},
"G839": {"type": "Matrix2x2", "payoffs": [[[55,18],[0,0]],[[82,94],[33,85]]]},
"G840": {"type": "Matrix2x2", "payoffs": [[[29,50],[44,95]],[[2,0],[0,30]]]},
"G841": {"type": "Matrix2x2", "payoffs": [[[23,25],[0,36]],[[11,0],[72,39]]]},
"G842": {"type": "Matrix2x2", "payoffs": [[[0,10],[24,0]],[[20,17],[26,26]]]},
"G843": {"type": "Matrix2x2", "payoffs": [[[53,56],[69,69]],[[50,43],[0,0]]]},
"G844": {"type": "Matrix2x2", "payoffs": [[[12,0],[10,20]],[[25,64],[0,44]]]},
"G845": {"type": "Matrix2x2", "payoffs": [[[49,3],[0,0]],[[91,25],[34,24]]]},
"G846": {"type": "Matrix2x2", "payoffs": [[[32,3],[55,8]],[[49,5],[0,0]]]},
"G847": {"type": "Matrix2x2", "payoffs": [[[8,65],[3,30]],[[4,56],[0,0]]]},
"G848": {"type": "Matrix2x2", "payoffs": [[[0,15],[75,0]],[[80,30],[62,27]]]},
"G849": {"type": "Matrix2x2", "payoffs": [[[8,38],[0,0]],[[6,21],[9,83]]]},
"G850": {"type": "Matrix2x2", "payoffs": [[[92,76],[87,11]],[[0,0],[48,13]]]},
"G851": {"type": "Matrix2x2", "payoffs": [[[16,0],[22,25]],[[7,7],[0,21]]]},
"G852": {"type": "Matrix2x2", "payoffs": [[[90,3],[0,2]],[[33,0],[13,1]]]},
"G853": {"type": "Matrix2x2", "payoffs": [[[12,55],[10,37]],[[4,17],[0,0]]]},
"G854": {"type": "Matrix2x2", "payoffs": [[[79,49],[24,9]],[[78,0],[0,12]]]},
"G855": {"type": "Matrix2x2", "payoffs": [[[11,15],[13,0]],[[0,10],[22,20]]]},
"G856": {"type": "Matrix2x2", "payoffs": [[[68,73],[0,0]],[[33,32],[84,100]]]},
"G857": {"type": "Matrix2x2", "payoffs": [[[3,32],[2,0]],[[0,5],[4,100]]]},
"G858": {"type": "Matrix2x2", "payoffs": [[[52,0],[97,71]],[[17,55],[0,22]]]},
"G859": {"type": "Matrix2x2", "payoffs": [[[0,97],[33,18]],[[54,98],[29,0]]]},
"G860": {"type": "Matrix2x2", "payoffs": [[[17,47],[13,6]],[[4,0],[0,40]]]},
"G861": {"type": "Matrix2x2", "payoffs": [[[18,0],[0,14]],[[66,49],[2,38]]]},
"G862": {"type": "Matrix2x2", "payoffs": [[[16,3],[0,1]],[[7,0],[35,6]]]},
"G863": {"type": "Matrix2x2", "payoffs": [[[0,1],[16,0]],[[17,33],[11,19]]]},
"G864": {"type": "Matrix2x2", "payoffs": [[[49,10],[0,4]],[[89,21],[15,0]]]},
"G865": {"type": "Matrix2x2", "payoffs": [[[0,0],[11,18]],[[21,20],[18,4]]]},
"G866": {"type": "Matrix2x2", "payoffs": [[[85,72],[83,0]],[[59,1],[0,57]]]},
"G867": {"type": "Matrix2x2", "payoffs": [[[40,92],[19,73]],[[33,0],[0,28]]]},
"G868": {"type": "Matrix2x2", "payoffs": [[[62,0],[0,56]],[[65,66],[2,61]]]},
"G869": {"type": "Matrix2x2", "payoffs": [[[52,96],[15,55]],[[0,0],[29,25]]]},
"G870": {"type": "Matrix2x2", "payoffs": [[[10,25],[30,46]],[[11,0],[0,2]]]},
"G871": {"type": "Matrix2x2", "payoffs": [[[0,18],[64,20]],[[16,10],[3,0]]]},
"G872": {"type": "Matrix2x2", "payoffs": [[[91,77],[16,56]],[[65,0],[0,58]]]},
"G873": {"type": "Matrix2x2", "payoffs": [[[22,44],[12,0]],[[5,10],[0,33]]]},
"G874": {"type": "Matrix2x2", "payoffs": [[[42,25],[32,24]],[[0,6],[35,0]]]},
"G875": {"type": "Matrix2x2", "payoffs": [[[57,0],[51,10]],[[69,18],[0,12]]]},
"G876": {"type": "Matrix2x2", "payoffs": [[[45,77],[6,76]],[[41,50],[0,0]]]},
"G877": {"type": "Matrix2x2", "payoffs": [[[30,55],[0,70]],[[56,87],[39,0]]]},
"G878": {"type": "Matrix2x2", "payoffs": [[[35,87],[4,0]],[[6,56],[0,8]]]},
"G879": {"type": "Matrix2x2", "payoffs": [[[8,40],[5,16]],[[0,0],[1,37]]]},
"G880": {"type": "Matrix2x2", "payoffs": [[[83,63],[0,49]],[[21,0],[51,17]]]},
"G881": {"type": "Matrix2x2", "payoffs": [[[37,100],[0,0]],[[14,60],[29,66]]]},
"G882": {"type": "Matrix2x2", "payoffs": [[[0,12],[93,94]],[[7,0],[14,74]]]},
"G883": {"type": "Matrix2x2", "payoffs": [[[12,7],[51,8]],[[33,0],[0,6]]]},
"G884": {"type": "Matrix2x2", "payoffs": [[[19,0],[0,87]],[[33,98],[29,84]]]},
"G885": {"type": "Matrix2x2", "payoffs": [[[41,0],[79,65]],[[0,39],[9,29]]]},
"G886": {"type": "Matrix2x2", "payoffs": [[[32,12],[0,2]],[[92,26],[50,0]]]},
"G887": {"type": "Matrix2x2", "payoffs": [[[8,3],[0,2]],[[4,0],[19,9]]]},
"G888": {"type": "Matrix2x2", "payoffs": [[[74,65],[0,0]],[[53,11],[62,30]]]},
"G889": {"type": "Matrix2x2", "payoffs": [[[98,89],[10,82]],[[0,0],[78,40]]]},
"G890": {"type": "Matrix2x2", "payoffs": [[[51,63],[52,79]],[[9,0],[0,47]]]},
"G891": {"type": "Matrix2x2", "payoffs": [[[6,15],[11,0]],[[0,21],[14,24]]]},
"G892": {"type": "Matrix2x2", "payoffs": [[[7,0],[0,37]],[[8,78],[6,67]]]},
"G893": {"type": "Matrix2x2", "payoffs": [[[24,3],[19,8]],[[38,10],[0,0]]]},
"G894": {"type": "Matrix2x2", "payoffs": [[[0,1],[45,0]],[[48,3],[46,2]]]},
"G895": {"type": "Matrix2x2", "payoffs": [[[11,86],[0,27]],[[10,69],[3,0]]]},
"G896": {"type": "Matrix2x2", "payoffs": [[[94,42],[51,38]],[[0,17],[31,0]]]},
"G897": {"type": "Matrix2x2", "payoffs": [[[0,64],[10,0]],[[58,42],[91,66]]]},
"G898": {"type": "Matrix2x2", "payoffs": [[[47,0],[45,1]],[[0,3],[99,28]]]},
"G899": {"type": "Matrix2x2", "payoffs": [[[0,20],[100,39]],[[94,16],[23,0]]]},
"G900": {"type": "Matrix2x2", "payoffs": [[[4,0],[66,11]],[[64,7],[0,1]]]},
"G901": {"type": "Matrix2x2", "payoffs": [[[41,55],[55,0]],[[0,66],[68,80]]]},
"G902": {"type": "Matrix2x2", "payoffs": [[[0,19],[44,72]],[[30,52],[25,0]]]},
"G903": {"type": "Matrix2x2", "payoffs": [[[15,16],[13,10]],[[54,24],[0,0]]]},
"G904": {"type": "Matrix2x2", "payoffs": [[[29,0],[0,1]],[[21,6],[48,7]]]},
"G905": {"type": "Matrix2x2", "payoffs": [[[67,36],[78,58]],[[0,0],[12,57]]]},
"G906": {"type": "Matrix2x2", "payoffs": [[[79,69],[0,0]],[[72,24],[21,13]]]},
"G907": {"type": "Matrix2x2", "payoffs": [[[0,2],[55,3]],[[10,1],[21,0]]]},
"G908": {"type": "Matrix2x2", "payoffs": [[[60,57],[38,20]],[[5,0],[0,52]]]},
"G909": {"type": "Matrix2x2", "payoffs": [[[0,27],[29,19]],[[64,83],[53,0]]]},
"G910": {"type": "Matrix2x2", "payoffs": [[[0,1],[41,78]],[[38,0],[14,59]]]},
"G911": {"type": "Matrix2x2", "payoffs": [[[43,46],[20,0]],[[0,28],[46,56]]]},
"G912": {"type": "Matrix2x2", "payoffs": [[[24,67],[54,0]],[[0,82],[65,83]]]},
"G913": {"type": "Matrix2x2", "payoffs": [[[0,40],[36,84]],[[45,93],[6,0]]]},
"G914": {"type": "Matrix2x2", "payoffs": [[[0,30],[6,38]],[[46,0],[77,59]]]},
"G915": {"type": "Matrix2x2", "payoffs": [[[87,56],[78,9]],[[0,0],[63,2]]]},
"G916": {"type": "Matrix2x2", "payoffs": [[[0,55],[17,16]],[[36,71],[4,0]]]},
"G917": {"type": "Matrix2x2", "payoffs": [[[34,3],[44,25]],[[8,21],[0,0]]]},
"G918": {"type": "Matrix2x2", "payoffs": [[[88,21],[0,0]],[[73,12],[31,2]]]},
"G919": {"type": "Matrix2x2", "payoffs": [[[13,75],[71,93]],[[0,0],[37,30]]]},
"G920": {"type": "Matrix2x2", "payoffs": [[[23,79],[12,22]],[[0,34],[8,0]]]},
"G921": {"type": "Matrix2x2", "payoffs": [[[9,21],[8,0]],[[28,83],[0,57]]]},
"G922": {"type": "Matrix2x2", "payoffs": [[[0,45],[58,0]],[[29,38],[78,100]]]},
"G923": {"type": "Matrix2x2", "payoffs": [[[0,0],[4,24]],[[19,10],[21,62]]]},
"G924": {"type": "Matrix2x2", "payoffs": [[[19,9],[67,20]],[[0,0],[79,28]]]},
"G925": {"type": "Matrix2x2", "payoffs": [[[2,6],[4,0]],[[0,7],[13,9]]]},
"G926": {"type": "Matrix2x2", "payoffs": [[[0,0],[44,9]],[[56,51],[24,41]]]},
"G927": {"type": "Matrix2x2", "payoffs": [[[23,0],[0,13]],[[65,75],[46,42]]]},
"G928": {"type": "Matrix2x2", "payoffs": [[[68,33],[96,54]],[[4,0],[0,20]]]},
"G929": {"type": "Matrix2x2", "payoffs": [[[2,56],[12,69]],[[0,0],[3,33]]]},
"G930": {"type": "Matrix2x2", "payoffs": [[[0,0],[75,28]],[[87,43],[98,64]]]},
"G931": {"type": "Matrix2x2", "payoffs": [[[0,5],[83,27]],[[40,0],[75,17]]]},
"G932": {"type": "Matrix2x2", "payoffs": [[[0,10],[45,24]],[[16,0],[18,23]]]},
"G933": {"type": "Matrix2x2", "payoffs": [[[0,1],[13,9]],[[60,0],[83,12]]]},
"G934": {"type": "Matrix2x2", "payoffs": [[[42,15],[9,65]],[[0,0],[44,67]]]},
"G935": {"type": "Matrix2x2", "payoffs": [[[11,83],[37,24]],[[0,0],[48,93]]]},
"G936": {"type": "Matrix2x2", "payoffs": [[[24,0],[0,7]],[[65,28],[43,9]]]},
"G937": {"type": "Matrix2x2", "payoffs": [[[4,40],[3,0]],[[6,92],[0,73]]]},
"G938": {"type": "Matrix2x2", "payoffs": [[[76,91],[3,0]],[[0,3],[38,27]]]},
"G939": {"type": "Matrix2x2", "payoffs": [[[20,62],[75,73]],[[30,5],[0,0]]]},
"G940": {"type": "Matrix2x2", "payoffs": [[[15,81],[7,0]],[[12,80],[0,40]]]},
"G941": {"type": "Matrix2x2", "payoffs": [[[27,1],[0,0]],[[62,28],[6,4]]]},
"G942": {"type": "Matrix2x2", "payoffs": [[[39,2],[43,31]],[[23,15],[0,0]]]},
"G943": {"type": "Matrix2x2", "payoffs": [[[0,0],[44,56]],[[51,65],[22,19]]]},
"G944": {"type": "Matrix2x2", "payoffs": [[[0,0],[7,1]],[[42,5],[20,3]]]},
"G945": {"type": "Matrix2x2", "payoffs": [[[2,15],[9,20]],[[0,0],[4,16]]]},
"G946": {"type": "Matrix2x2", "payoffs": [[[63,46],[78,90]],[[0,0],[50,21]]]},
"G947": {"type": "Matrix2x2", "payoffs": [[[3,23],[83,78]],[[72,0],[0,14]]]},
"G948": {"type": "Matrix2x2", "payoffs": [[[81,35],[24,0]],[[0,8],[83,77]]]},
"G949": {"type": "Matrix2x2", "payoffs": [[[35,9],[36,13]],[[29,0],[0,8]]]},
"G950": {"type": "Matrix2x2", "payoffs": [[[36,8],[45,0]],[[47,38],[0,19]]]},
"G951": {"type": "Matrix2x2", "payoffs": [[[0,69],[69,98]],[[55,25],[16,0]]]},
"G952": {"type": "Matrix2x2", "payoffs": [[[4,19],[23,0]],[[0,27],[55,44]]]},
"G953": {"type": "Matrix2x2", "payoffs": [[[39,89],[11,24]],[[0,39],[4,0]]]},
"G954": {"type": "Matrix2x2", "payoffs": [[[3,0],[26,64]],[[0,30],[2,27]]]},
"G955": {"type": "Matrix2x2", "payoffs": [[[1,17],[7,0]],[[9,28],[0,19]]]},
"G956": {"type": "Matrix2x2", "payoffs": [[[0,13],[1,0]],[[2,9],[5,17]]]},
"G957": {"type": "Matrix2x2", "payoffs": [[[3,40],[26,15]],[[36,48],[0,0]]]},
"G958": {"type": "Matrix2x2", "payoffs": [[[28,3],[76,38]],[[88,70],[0,0]]]},
"G959": {"type": "Matrix2x2", "payoffs": [[[0,0],[32,2]],[[36,8],[3,4]]]},
"G960": {"type": "Matrix2x2", "payoffs": [[[0,68],[3,16]],[[5,82],[2,0]]]},
"G961": {"type": "Matrix2x2", "payoffs": [[[71,82],[0,81]],[[21,5],[42,0]]]},
"G962": {"type": "Matrix2x2", "payoffs": [[[13,11],[17,19]],[[36,46],[0,0]]]},
"G963": {"type": "Matrix2x2", "payoffs": [[[0,5],[5,0]],[[34,12],[44,38]]]},
"G964": {"type": "Matrix2x2", "payoffs": [[[3,0],[0,10]],[[2,70],[76,96]]]},
"G965": {"type": "Matrix2x2", "payoffs": [[[5,11],[9,99]],[[0,0],[7,20]]]},
"G966": {"type": "Matrix2x2", "payoffs": [[[6,30],[0,0]],[[36,10],[78,46]]]},
"G967": {"type": "Matrix2x2", "payoffs": [[[19,5],[27,30]],[[0,0],[50,44]]]},
"G968": {"type": "Matrix2x2", "payoffs": [[[49,27],[0,0]],[[64,28],[19,5]]]},
"G969": {"type": "Matrix2x2", "payoffs": [[[9,24],[15,9]],[[19,25],[0,0]]]},
"G970": {"type": "Matrix2x2", "payoffs": [[[82,67],[0,17]],[[55,45],[67,0]]]},
"G971": {"type": "Matrix2x2", "payoffs": [[[6,70],[5,0]],[[1,54],[0,45]]]},
"G972": {"type": "Matrix2x2", "payoffs": [[[19,64],[4,48]],[[0,0],[15,35]]]},
"G973": {"type": "Matrix2x2", "payoffs": [[[50,98],[7,0]],[[37,40],[0,61]]]},
"G974": {"type": "Matrix2x2", "payoffs": [[[3,80],[6,100]],[[1,15],[0,0]]]},
"G975": {"type": "Matrix2x2", "payoffs": [[[0,0],[36,36]],[[10,31],[23,9]]]},
"G976": {"type": "Matrix2x2", "payoffs": [[[74,0],[81,98]],[[0,37],[42,40]]]},
"G977": {"type": "Matrix2x2", "payoffs": [[[87,0],[0,10]],[[99,41],[100,61]]]},
"G978": {"type": "Matrix2x2", "payoffs": [[[7,64],[0,19]],[[5,0],[6,5]]]},
"G979": {"type": "Matrix2x2", "payoffs": [[[3,31],[0,57]],[[32,80],[31,0]]]},
"G980": {"type": "Matrix2x2", "payoffs": [[[0,61],[16,10]],[[11,0],[21,90]]]},
"G981": {"type": "Matrix2x2", "payoffs": [[[0,0],[34,16]],[[13,9],[19,13]]]},
"G982": {"type": "Matrix2x2", "payoffs": [[[28,25],[68,74]],[[0,0],[33,46]]]},
"G983": {"type": "Matrix2x2", "payoffs": [[[57,8],[0,0]],[[31,5],[4,7]]]},
"G984": {"type": "Matrix2x2", "payoffs": [[[27,0],[33,57]],[[0,67],[56,86]]]},
"G985": {"type": "Matrix2x2", "payoffs": [[[42,7],[43,8]],[[0,4],[9,0]]]},
"G986": {"type": "Matrix2x2", "payoffs": [[[0,0],[7,90]],[[18,7],[22,96]]]},
"G987": {"type": "Matrix2x2", "payoffs": [[[9,68],[32,84]],[[27,0],[0,2]]]},
"G988": {"type": "Matrix2x2", "payoffs": [[[0,5],[82,14]],[[13,0],[31,9]]]},
"G989": {"type": "Matrix2x2", "payoffs": [[[0,43],[34,0]],[[69,50],[24,2]]]},
"G990": {"type": "Matrix2x2", "payoffs": [[[0,51],[27,68]],[[1,0],[9,17]]]},
"G991": {"type": "Matrix2x2", "payoffs": [[[9,0],[70,3]],[[0,2],[50,1]]]},
"G992": {"type": "Matrix2x2", "payoffs": [[[0,0],[81,20]],[[63,5],[74,17]]]},
"G993": {"type": "Matrix2x2", "payoffs": [[[1,0],[0,12]],[[4,17],[3,6]]]},
"G994": {"type": "Matrix2x2", "payoffs": [[[48,0],[0,4]],[[74,7],[30,5]]]},
"G995": {"type": "Matrix2x2", "payoffs": [[[55,0],[84,81]],[[0,45],[58,2]]]},
"G996": {"type": "Matrix2x2", "payoffs": [[[68,24],[1,13]],[[0,0],[10,2]]]},
"G997": {"type": "Matrix2x2", "payoffs": [[[10,10],[11,100]],[[2,46],[0,0]]]},
"G998": {"type": "Matrix2x2", "payoffs": [[[0,7],[71,54]],[[10,6],[54,0]]]},
"G999": {"type": "Matrix2x2", "payoffs": [[[94,17],[82,0]],[[0,3],[18,4]]]},
"G1000": {"type": "Matrix2x2", "payoffs": [[[0,5],[31,29]],[[100,48],[95,0]]]}
}