{
"numGames": 1000,
"G1": {"type": "Matrix2x2", "payoffs": [[[26,12],[25,0]],[[28,46],[0,40]]]},
"G2": {"type": "Matrix2x2", "payoffs": [[[0,0],[4,3]],[[28,40],[27,24]]]},
"G3": {"type": "Matrix2x2", "payoffs": [[[45,54],[68,80]],[[0,0],[13,48]]]},
"G4": {"type": "Matrix2x2", "payoffs": [[[0,0],[18,7]],[[46,19],[1,10]]]},
"G5": {"type": "Matrix2x2", "payoffs": [[[96,38],[0,0]],[[93,37],[30,32]]]},
"G6": {"type": "Matrix2x2", "payoffs": [[[46,23],[6,1]],[[67,55],[0,0]]]},
"G7": {"type": "Matrix2x2", "payoffs": [[[0,16],[11,0]],[[51,32],[2,6]]]},
"G8": {"type": "Matrix2x2", "payoffs": [[[16,43],[44,46]],[[0,34],[15,0]]]},
"G9": {"type": "Matrix2x2", "payoffs": [[[4,29],[0,0]],[[34,2],[40,86]]]},
"G10": {"type": "Matrix2x2", "payoffs": [[[29,100],[25,88]],[[0,15],[5,0]]]},
"G11": {"type": "Matrix2x2", "payoffs": [[[76,30],[0,22]],[[47,20],[56,0]]]},
"G12": {"type": "Matrix2x2", "payoffs": [[[54,31],[0,1]],[[56,48],[3,0]]]},
"G13": {"type": "Matrix2x2", "payoffs": [[[42,35],[40,0]],[[0,28],[16,4]]]},
"G14": {"type": "Matrix2x2", "payoffs": [[[0,0],[60,97]],[[4,47],[10,19]]]},
"G15": {"type": "Matrix2x2", "payoffs": [[[0,0],[18,23]],[[51,9],[62,43]]]},
"G16": {"type": "Matrix2x2", "payoffs": [[[38,89],[24,0]],[[0,30],[28,82]]]},
"G17": {"type": "Matrix2x2", "payoffs": [[[51,44],[0,28]],[[15,0],[17,39]]]},
"G18": {"type": "Matrix2x2", "payoffs": [[[0,0],[7,51]],[[22,73],[91,93]]]},
"G19": {"type": "Matrix2x2", "payoffs": [[[54,6],[10,3]],[[34,4],[0,0]]]},
"G20": {"type": "Matrix2x2", "payoffs": [[[0,0],[9,14]],[[84,34],[27,31]]]},
"G21": {"type": "Matrix2x2", "payoffs": [[[59,2],[0,0]],[[33,23],[72,29]]]},
"G22": {"type": "Matrix2x2", "payoffs": [[[0,56],[1,0]],[[2,67],[3,71]]]},
"G23": {"type": "Matrix2x2", "payoffs": [[[32,0],[0,1]],[[97,28],[59,27]]]},
"G24": {"type": "Matrix2x2", "payoffs": [[[1,0],[0,39]],[[11,48],[15,52]]]},
"G25": {"type": "Matrix2x2", "payoffs": [[[23,10],[65,48]],[[0,0],[14,2]]]},
"G26": {"type": "Matrix2x2", "payoffs": [[[23,37],[38,0]],[[64,38],[0,14]]]},
"G27": {"type": "Matrix2x2", "payoffs": [[[0,0],[4,2]],[[17,3],[11,1]]]},
"G28": {"type": "Matrix2x2", "payoffs": [[[0,0],[3,6]],[[33,99],[13,68]]]},
"G29": {"type": "Matrix2x2", "payoffs": [[[0,60],[82,87]],[[64,78],[44,0]]]},
"G30": {"type": "Matrix2x2", "payoffs": [[[12,0],[18,23]],[[24,40],[0,18]]]},
"G31": {"type": "Matrix2x2", "payoffs": [[[0,1],[21,4]],[[1,0],[25,10]]]},
"G32": {"type": "Matrix2x2", "payoffs": [[[7,22],[0,2]],[[27,0],[42,29]]]},
"G33": {"type": "Matrix2x2", "payoffs": [[[100,70],[40,33]],[[0,0],[36,13]]]},
"G34": {"type": "Matrix2x2", "payoffs": [[[27,74],[28,0]],[[41,95],[0,90]]]},
"G35": {"type": "Matrix2x2", "payoffs": [[[3,0],[0,33]],[[63,94],[44,2]]]},
"G36": {"type": "Matrix2x2", "payoffs": [[[5,0],[0,6]],[[9,40],[8,10]]]},
"G37": {"type": "Matrix2x2", "payoffs": [[[26,0],[14,4]],[[0,12],[47,13]]]},
"G38": {"type": "Matrix2x2", "payoffs": [[[0,0],[10,100]],[[8,4],[7,19]]]},
"G39": {"type": "Matrix2x2", "payoffs": [[[0,68],[73,84]],[[9,0],[38,56]]]},
"G40": {"type": "Matrix2x2", "payoffs": [[[3,47],[0,0]],[[8,96],[1,12]]]},
"G41": {"type": "Matrix2x2", "payoffs": [[[40,76],[0,30]],[[22,0],[36,12]]]},
"G42": {"type": "Matrix2x2", "payoffs": [[[24,0],[48,68]],[[19,14],[0,54]]]},
"G43": {"type": "Matrix2x2", "payoffs": [[[0,0],[7,34]],[[1,9],[8,74]]]},
"G44": {"type": "Matrix2x2", "payoffs": [[[87,31],[55,26]],[[19,9],[0,0]]]},
"G45": {"type": "Matrix2x2", "payoffs": [[[8,10],[3,0]],[[66,14],[0,3]]]},
"G46": {"type": "Matrix2x2", "payoffs": [[[0,0],[1,1]],[[41,22],[20,11]]]},
"G47": {"type": "Matrix2x2", "payoffs": [[[0,24],[37,72]],[[18,0],[95,79]]]},
"G48": {"type": "Matrix2x2", "payoffs": [[[7,62],[5,53]],[[0,45],[3,0]]]},
"G49": {"type": "Matrix2x2", "payoffs": [[[5,0],[17,84]],[[1,30],[0,73]]]},
"G50": {"type": "Matrix2x2", "payoffs": [[[0,64],[5,73]],[[38,80],[2,0]]]},
"G51": {"type": "Matrix2x2", "payoffs": [[[0,39],[23,10]],[[20,0],[31,56]]]},
"G52": {"type": "Matrix2x2", "payoffs": [[[0,28],[46,17]],[[68,0],[78,30]]]},
"G53": {"type": "Matrix2x2", "payoffs": [[[4,0],[0,26]],[[30,30],[29,29]]]},
"G54": {"type": "Matrix2x2", "payoffs": [[[61,0],[62,94]],[[0,27],[23,47]]]},
"G55": {"type": "Matrix2x2", "payoffs": [[[14,1],[20,8]],[[0,0],[17,4]]]},
"G56": {"type": "Matrix2x2", "payoffs": [[[32,16],[29,0]],[[19,12],[0,1]]]},
"G57": {"type": "Matrix2x2", "payoffs": [[[48,38],[53,50]],[[24,0],[0,10]]]},
"G58": {"type": "Matrix2x2", "payoffs": [[[29,24],[91,35]],[[64,29],[0,0]]]},
"G59": {"type": "Matrix2x2", "payoffs": [[[8,21],[0,66]],[[14,0],[15,79]]]},
"G60": {"type": "Matrix2x2", "payoffs": [[[30,39],[55,80]],[[0,0],[5,8]]]},
"G61": {"type": "Matrix2x2", "payoffs": [[[88,52],[32,45]],[[6,3],[0,0]]]},
"G62": {"type": "Matrix2x2", "payoffs": [[[13,25],[24,0]],[[0,34],[42,72]]]},
"G63": {"type": "Matrix2x2", "payoffs": [[[34,0],[24,2]],[[0,7],[36,17]]]},
"G64": {"type": "Matrix2x2", "payoffs": [[[5,7],[42,56]],[[0,1],[23,0]]]},
"G65": {"type": "Matrix2x2", "payoffs": [[[25,51],[24,0]],[[1,14],[0,20]]]},
"G66": {"type": "Matrix2x2", "payoffs": [[[17,18],[8,8]],[[7,0],[0,11]]]},
"G67": {"type": "Matrix2x2", "payoffs": [[[60,0],[3,5]],[[82,23],[0,6]]]},
"G68": {"type": "Matrix2x2", "payoffs": [[[65,44],[16,0]],[[9,20],[0,19]]]},
"G69": {"type": "Matrix2x2", "payoffs": [[[23,0],[55,91]],[[0,15],[1,71]]]},
"G70": {"type": "Matrix2x2", "payoffs": [[[84,0],[95,58]],[[56,7],[0,27]]]},
"G71": {"type": "Matrix2x2", "payoffs": [[[0,55],[58,71]],[[21,68],[38,0]]]},
"G72": {"type": "Matrix2x2", "payoffs": [[[62,2],[86,57]],[[76,0],[0,26]]]},
"G73": {"type": "Matrix2x2", "payoffs": [[[8,31],[51,36]],[[0,0],[13,32]]]},
"G74": {"type": "Matrix2x2", "payoffs": [[[17,50],[13,34]],[[0,0],[2,45]]]},
"G75": {"type": "Matrix2x2", "payoffs": [[[0,54],[33,0]],[[25,64],[57,76]]]},
"G76": {"type": "Matrix2x2", "payoffs": [[[21,44],[29,87]],[[0,0],[25,69]]]},
"G77": {"type": "Matrix2x2", "payoffs": [[[0,32],[2,0]],[[6,34],[15,49]]]},
"G78": {"type": "Matrix2x2", "payoffs": [[[36,0],[0,2]],[[67,4],[79,12]]]},
"G79": {"type": "Matrix2x2", "payoffs": [[[25,0],[0,13]],[[28,12],[29,36]]]},
"G80": {"type": "Matrix2x2", "payoffs": [[[59,39],[42,0]],[[0,17],[14,10]]]},
"G81": {"type": "Matrix2x2", "payoffs": [[[69,75],[90,87]],[[0,7],[81,0]]]},
"G82": {"type": "Matrix2x2", "payoffs": [[[14,0],[34,96]],[[15,79],[0,89]]]},
"G83": {"type": "Matrix2x2", "payoffs": [[[5,17],[23,36]],[[0,31],[15,0]]]},
"G84": {"type": "Matrix2x2", "payoffs": [[[27,0],[30,43]],[[0,26],[21,28]]]},
"G85": {"type": "Matrix2x2", "payoffs": [[[3,0],[64,71]],[[74,93],[0,45]]]},
"G86": {"type": "Matrix2x2", "payoffs": [[[7,3],[12,20]],[[0,0],[9,6]]]},
"G87": {"type": "Matrix2x2", "payoffs": [[[0,0],[6,62]],[[5,68],[8,76]]]},
"G88": {"type": "Matrix2x2", "payoffs": [[[19,77],[0,53]],[[2,43],[5,0]]]},
"G89": {"type": "Matrix2x2", "payoffs": [[[0,18],[21,0]],[[26,74],[8,2]]]},
"G90": {"type": "Matrix2x2", "payoffs": [[[0,8],[18,0]],[[68,17],[3,6]]]},
"G91": {"type": "Matrix2x2", "payoffs": [[[51,9],[0,0]],[[59,37],[68,46]]]},
"G92": {"type": "Matrix2x2", "payoffs": [[[0,0],[7,12]],[[17,30],[12,19]]]},
"G93": {"type": "Matrix2x2", "payoffs": [[[0,11],[84,80]],[[34,57],[42,0]]]},
"G94": {"type": "Matrix2x2", "payoffs": [[[73,38],[0,28]],[[24,0],[31,18]]]},
"G95": {"type": "Matrix2x2", "payoffs": [[[4,48],[6,74]],[[0,25],[5,0]]]},
"G96": {"type": "Matrix2x2", "payoffs": [[[0,28],[18,0]],[[13,15],[20,44]]]},
"G97": {"type": "Matrix2x2", "payoffs": [[[12,83],[0,22]],[[11,0],[2,30]]]},
"G98": {"type": "Matrix2x2", "payoffs": [[[32,66],[0,0]],[[76,76],[35,51]]]},
"G99": {"type": "Matrix2x2", "payoffs": [[[0,15],[13,21]],[[9,0],[7,14]]]},
"G100": {"type": "Matrix2x2", "payoffs": [[[48,11],[33,12]],[[0,0],[59,23]]]},
"G101": {"type": "Matrix2x2", "payoffs": [[[65,74],[0,2]],[[52,28],[33,0]]]},
"G102": {"type": "Matrix2x2", "payoffs": [[[74,4],[75,25]],[[0,24],[43,0]]]},
"G103": {"type": "Matrix2x2", "payoffs": [[[21,15],[0,97]],[[36,100],[10,0]]]},
"G104": {"type": "Matrix2x2", "payoffs": [[[67,3],[0,1]],[[8,2],[27,0]]]},
"G105": {"type": "Matrix2x2", "payoffs": [[[65,77],[7,47]],[[39,0],[0,13]]]},
"G106": {"type": "Matrix2x2", "payoffs": [[[4,0],[76,88]],[[0,25],[8,20]]]},
"G107": {"type": "Matrix2x2", "payoffs": [[[2,16],[17,20]],[[4,0],[0,11]]]},
"G108": {"type": "Matrix2x2", "payoffs": [[[11,40],[0,0]],[[19,44],[17,8]]]},
"G109": {"type": "Matrix2x2", "payoffs": [[[0,0],[50,26]],[[77,97],[3,18]]]},
"G110": {"type": "Matrix2x2", "payoffs": [[[15,36],[21,0]],[[54,57],[0,41]]]},
"G111": {"type": "Matrix2x2", "payoffs": [[[64,0],[82,74]],[[54,38],[0,54]]]},
"G112": {"type": "Matrix2x2", "payoffs": [[[0,0],[4,67]],[[12,97],[5,32]]]},
"G113": {"type": "Matrix2x2", "payoffs": [[[18,0],[22,5]],[[0,1],[40,6]]]},
"G114": {"type": "Matrix2x2", "payoffs": [[[48,6],[0,0]],[[62,57],[21,32]]]},
"G115": {"type": "Matrix2x2", "payoffs": [[[0,0],[57,58]],[[33,9],[36,39]]]},
"G116": {"type": "Matrix2x2", "payoffs": [[[15,12],[0,0]],[[5,5],[8,2]]]},
"G117": {"type": "Matrix2x2", "payoffs": [[[27,36],[25,0]],[[0,11],[12,13]]]},
"G118": {"type": "Matrix2x2", "payoffs": [[[100,34],[0,6]],[[82,4],[80,0]]]},
"G119": {"type": "Matrix2x2", "payoffs": [[[11,97],[2,0]],[[0,5],[9,68]]]},
"G120": {"type": "Matrix2x2", "payoffs": [[[38,20],[25,0]],[[43,72],[0,15]]]},
"G121": {"type": "Matrix2x2", "payoffs": [[[60,47],[55,0]],[[13,12],[0,46]]]},
"G122": {"type": "Matrix2x2", "payoffs": [[[0,23],[53,86]],[[27,18],[49,0]]]},
"G123": {"type": "Matrix2x2", "payoffs": [[[0,0],[4,48]],[[70,56],[57,17]]]},
"G124": {"type": "Matrix2x2", "payoffs": [[[0,0],[6,5]],[[23,39],[13,17]]]},
"G125": {"type": "Matrix2x2", "payoffs": [[[36,0],[38,38]],[[0,12],[61,62]]]},
"G126": {"type": "Matrix2x2", "payoffs": [[[9,61],[6,0]],[[0,36],[3,48]]]},
"G127": {"type": "Matrix2x2", "payoffs": [[[34,48],[18,0]],[[0,36],[17,19]]]},
"G128": {"type": "Matrix2x2", "payoffs": [[[44,58],[12,23]],[[0,0],[13,5]]]},
"G129": {"type": "Matrix2x2", "payoffs": [[[52,35],[0,43]],[[62,96],[51,0]]]},
"G130": {"type": "Matrix2x2", "payoffs": [[[53,13],[22,17]],[[72,23],[0,0]]]},
"G131": {"type": "Matrix2x2", "payoffs": [[[68,21],[0,0]],[[8,3],[24,19]]]},
"G132": {"type": "Matrix2x2", "payoffs": [[[17,0],[19,32]],[[13,31],[0,11]]]},
"G133": {"type": "Matrix2x2", "payoffs": [[[50,16],[0,0]],[[81,48],[55,13]]]},
"G134": {"type": "Matrix2x2", "payoffs": [[[44,13],[0,6]],[[50,39],[40,0]]]},
"G135": {"type": "Matrix2x2", "payoffs": [[[6,55],[2,0]],[[4,34],[0,4]]]},
"G136": {"type": "Matrix2x2", "payoffs": [[[72,75],[0,47]],[[65,34],[59,0]]]},
"G137": {"type": "Matrix2x2", "payoffs": [[[51,29],[20,23]],[[0,0],[17,6]]]},
"G138": {"type": "Matrix2x2", "payoffs": [[[8,0],[0,10]],[[14,36],[7,5]]]},
"G139": {"type": "Matrix2x2", "payoffs": [[[17,78],[7,15]],[[0,14],[8,0]]]},
"G140": {"type": "Matrix2x2", "payoffs": [[[52,6],[76,22]],[[0,0],[68,16]]]},
"G141": {"type": "Matrix2x2", "payoffs": [[[83,66],[8,0]],[[39,41],[0,61]]]},
"G142": {"type": "Matrix2x2", "payoffs": [[[18,4],[0,0]],[[39,20],[4,6]]]},
"G143": {"type": "Matrix2x2", "payoffs": [[[90,89],[8,2]],[[31,0],[0,11]]]},
"G144": {"type": "Matrix2x2", "payoffs": [[[21,16],[0,0]],[[6,26],[35,37]]]},
"G145": {"type": "Matrix2x2", "payoffs": [[[58,85],[19,0]],[[12,4],[0,5]]]},
"G146": {"type": "Matrix2x2", "payoffs": [[[0,12],[20,7]],[[8,0],[69,23]]]},
"G147": {"type": "Matrix2x2", "payoffs": [[[3,9],[6,76]],[[1,11],[0,0]]]},
"G148": {"type": "Matrix2x2", "payoffs": [[[23,0],[0,5]],[[42,7],[43,8]]]},
"G149": {"type": "Matrix2x2", "payoffs": [[[7,24],[0,0]],[[19,28],[22,94]]]},
"G150": {"type": "Matrix2x2", "payoffs": [[[10,55],[4,34]],[[0,28],[5,0]]]},
"G151": {"type": "Matrix2x2", "payoffs": [[[0,7],[34,6]],[[49,13],[25,0]]]},
"G152": {"type": "Matrix2x2", "payoffs": [[[92,95],[18,90]],[[0,0],[42,20]]]},
"G153": {"type": "Matrix2x2", "payoffs": [[[0,7],[13,19]],[[8,5],[10,0]]]},
"G154": {"type": "Matrix2x2", "payoffs": [[[3,20],[0,0]],[[11,60],[9,24]]]},
"G155": {"type": "Matrix2x2", "payoffs": [[[4,83],[1,1]],[[2,0],[0,48]]]},
"G156": {"type": "Matrix2x2", "payoffs": [[[25,98],[0,24]],[[5,54],[19,0]]]},
"G157": {"type": "Matrix2x2", "payoffs": [[[30,71],[20,0]],[[60,87],[0,14]]]},
"G158": {"type": "Matrix2x2", "payoffs": [[[22,60],[64,76]],[[0,0],[7,39]]]},
"G159": {"type": "Matrix2x2", "payoffs": [[[76,0],[0,5]],[[96,20],[87,10]]]},
"G160": {"type": "Matrix2x2", "payoffs": [[[97,27],[23,0]],[[38,7],[0,13]]]},
"G161": {"type": "Matrix2x2", "payoffs": [[[0,38],[8,58]],[[33,72],[22,0]]]},
"G162": {"type": "Matrix2x2", "payoffs": [[[62,0],[0,80]],[[68,100],[38,57]]]},
"G163": {"type": "Matrix2x2", "payoffs": [[[11,76],[39,90]],[[0,0],[4,82]]]},
"G164": {"type": "Matrix2x2", "payoffs": [[[86,0],[0,8]],[[100,18],[59,10]]]},
"G165": {"type": "Matrix2x2", "payoffs": [[[65,9],[61,0]],[[68,32],[0,18]]]},
"G166": {"type": "Matrix2x2", "payoffs": [[[71,37],[37,36]],[[0,0],[25,30]]]},
"G167": {"type": "Matrix2x2", "payoffs": [[[94,33],[30,0]],[[38,14],[0,2]]]},
"G168": {"type": "Matrix2x2", "payoffs": [[[28,17],[54,77]],[[0,36],[21,0]]]},
"G169": {"type": "Matrix2x2", "payoffs": [[[23,0],[88,42]],[[0,31],[75,22]]]},
"G170": {"type": "Matrix2x2", "payoffs": [[[0,32],[66,20]],[[72,0],[79,39]]]},
"G171": {"type": "Matrix2x2", "payoffs": [[[26,72],[4,51]],[[7,0],[0,62]]]},
"G172": {"type": "Matrix2x2", "payoffs": [[[82,77],[57,0]],[[24,62],[0,37]]]},
"G173": {"type": "Matrix2x2", "payoffs": [[[31,69],[0,41]],[[19,38],[12,0]]]},
"G174": {"type": "Matrix2x2", "payoffs": [[[10,24],[0,28]],[[3,0],[17,38]]]},
"G175": {"type": "Matrix2x2", "payoffs": [[[0,0],[68,60]],[[62,29],[53,23]]]},
"G176": {"type": "Matrix2x2", "payoffs": [[[50,87],[0,40]],[[36,0],[45,17]]]},
"G177": {"type": "Matrix2x2", "payoffs": [[[69,21],[58,11]],[[42,6],[0,0]]]},
"G178": {"type": "Matrix2x2", "payoffs": [[[5,21],[0,0]],[[61,28],[34,19]]]},
"G179": {"type": "Matrix2x2", "payoffs": [[[29,22],[76,54]],[[1,12],[0,0]]]},
"G180": {"type": "Matrix2x2", "payoffs": [[[44,9],[0,0]],[[31,34],[71,43]]]},
"G181": {"type": "Matrix2x2", "payoffs": [[[28,11],[18,0]],[[5,6],[0,5]]]},
"G182": {"type": "Matrix2x2", "payoffs": [[[35,21],[0,20]],[[21,0],[31,15]]]},
"G183": {"type": "Matrix2x2", "payoffs": [[[0,0],[11,18]],[[6,15],[22,82]]]},
"G184": {"type": "Matrix2x2", "payoffs": [[[32,48],[0,70]],[[19,0],[39,76]]]},
"G185": {"type": "Matrix2x2", "payoffs": [[[87,84],[0,0]],[[73,2],[58,30]]]},
"G186": {"type": "Matrix2x2", "payoffs": [[[46,4],[0,6]],[[42,0],[47,10]]]},
"G187": {"type": "Matrix2x2", "payoffs": [[[76,5],[77,17]],[[0,11],[71,0]]]},
"G188": {"type": "Matrix2x2", "payoffs": [[[41,53],[0,0]],[[3,43],[47,74]]]},
"G189": {"type": "Matrix2x2", "payoffs": [[[18,0],[27,57]],[[70,60],[0,33]]]},
"G190": {"type": "Matrix2x2", "payoffs": [[[0,1],[61,38]],[[33,0],[1,4]]]},
"G191": {"type": "Matrix2x2", "payoffs": [[[21,4],[29,9]],[[12,0],[0,8]]]},
"G192": {"type": "Matrix2x2", "payoffs": [[[33,16],[4,22]],[[35,40],[0,0]]]},
"G193": {"type": "Matrix2x2", "payoffs": [[[45,64],[63,65]],[[0,32],[12,0]]]},
"G194": {"type": "Matrix2x2", "payoffs": [[[44,0],[81,56]],[[2,29],[0,36]]]},
"G195": {"type": "Matrix2x2", "payoffs": [[[78,25],[0,6]],[[34,0],[56,1]]]},
"G196": {"type": "Matrix2x2", "payoffs": [[[0,0],[27,58]],[[16,34],[5,30]]]},
"G197": {"type": "Matrix2x2", "payoffs": [[[50,0],[48,97]],[[0,56],[57,100]]]},
"G198": {"type": "Matrix2x2", "payoffs": [[[6,64],[0,0]],[[3,62],[5,55]]]},
"G199": {"type": "Matrix2x2", "payoffs": [[[0,0],[50,25]],[[95,32],[79,6]]]},
"G200": {"type": "Matrix2x2", "payoffs": [[[0,58],[63,57]],[[90,71],[21,0]]]},
"G201": {"type": "Matrix2x2", "payoffs": [[[0,20],[69,83]],[[62,0],[17,33]]]},
"G202": {"type": "Matrix2x2", "payoffs": [[[0,4],[69,10]],[[11,0],[62,6]]]},
"G203": {"type": "Matrix2x2", "payoffs": [[[54,27],[20,0]],[[0,10],[30,16]]]},
"G204": {"type": "Matrix2x2", "payoffs": [[[27,61],[42,76]],[[0,0],[4,68]]]},
"G205": {"type": "Matrix2x2", "payoffs": [[[74,93],[9,10]],[[0,25],[12,0]]]},
"G206": {"type": "Matrix2x2", "payoffs": [[[19,3],[0,0]],[[49,5],[4,2]]]},
"G207": {"type": "Matrix2x2", "payoffs": [[[32,47],[37,53]],[[0,9],[29,0]]]},
"G208": {"type": "Matrix2x2", "payoffs": [[[0,0],[35,3]],[[99,29],[45,5]]]},
"G209": {"type": "Matrix2x2", "payoffs": [[[16,35],[75,92]],[[54,0],[0,77]]]},
"G210": {"type": "Matrix2x2", "payoffs": [[[2,4],[0,3]],[[14,5],[8,0]]]},
"G211": {"type": "Matrix2x2", "payoffs": [[[1,14],[10,0]],[[25,29],[0,2]]]},
"G212": {"type": "Matrix2x2", "payoffs": [[[14,47],[38,61]],[[1,19],[0,0]]]},
"G213": {"type": "Matrix2x2", "payoffs": [[[3,0],[0,49]],[[10,38],[88,95]]]},
"G214": {"type": "Matrix2x2", "payoffs": [[[15,0],[13,83]],[[0,59],[22,98]]]},
"G215": {"type": "Matrix2x2", "payoffs": [[[96,88],[0,0]],[[79,55],[61,14]]]},
"G216": {"type": "Matrix2x2", "payoffs": [[[10,27],[20,45]],[[0,2],[8,0]]]},
"G217": {"type": "Matrix2x2", "payoffs": [[[68,24],[0,25]],[[88,0],[97,87]]]},
"G218": {"type": "Matrix2x2", "payoffs": [[[30,0],[18,26]],[[63,51],[0,42]]]},
"G219": {"type": "Matrix2x2", "payoffs": [[[21,0],[0,51]],[[20,25],[39,77]]]},
"G220": {"type": "Matrix2x2", "payoffs": [[[57,57],[50,17]],[[0,18],[49,0]]]},
"G221": {"type": "Matrix2x2", "payoffs": [[[92,34],[0,26]],[[22,0],[81,24]]]},
"G222": {"type": "Matrix2x2", "payoffs": [[[0,36],[21,22]],[[7,0],[38,87]]]},
"G223": {"type": "Matrix2x2", "payoffs": [[[53,83],[0,0]],[[46,39],[19,37]]]},
"G224": {"type": "Matrix2x2", "payoffs": [[[73,41],[11,0]],[[0,8],[21,33]]]},
"G225": {"type": "Matrix2x2", "payoffs": [[[39,10],[2,6]],[[56,17],[0,0]]]},
"G226": {"type": "Matrix2x2", "payoffs": [[[0,26],[42,0]],[[33,17],[43,37]]]},
"G227": {"type": "Matrix2x2", "payoffs": [[[17,35],[31,0]],[[0,40],[52,55]]]},
"G228": {"type": "Matrix2x2", "payoffs": [[[71,0],[0,17]],[[73,51],[22,47]]]},
"G229": {"type": "Matrix2x2", "payoffs": [[[0,1],[3,0]],[[7,3],[14,6]]]},
"G230": {"type": "Matrix2x2", "payoffs": [[[3,70],[0,8]],[[1,56],[2,0]]]},
"G231": {"type": "Matrix2x2", "payoffs": [[[84,69],[0,44]],[[19,30],[8,0]]]},
"G232": {"type": "Matrix2x2", "payoffs": [[[0,8],[1,5]],[[96,9],[84,0]]]},
"G233": {"type": "Matrix2x2", "payoffs": [[[0,36],[23,8]],[[67,37],[31,0]]]},
"G234": {"type": "Matrix2x2", "payoffs": [[[0,21],[2,0]],[[3,24],[1,14]]]},
"G235": {"type": "Matrix2x2", "payoffs": [[[6,0],[21,50]],[[11,6],[0,14]]]},
"G236": {"type": "Matrix2x2", "payoffs": [[[0,16],[79,2]],[[98,48],[93,0]]]},
"G237": {"type": "Matrix2x2", "payoffs": [[[0,6],[46,9]],[[45,3],[12,0]]]},
"G238": {"type": "Matrix2x2", "payoffs": [[[0,0],[27,44]],[[9,10],[2,18]]]},
"G239": {"type": "Matrix2x2", "payoffs": [[[23,0],[0,6]],[[39,4],[45,11]]]},
"G240": {"type": "Matrix2x2", "payoffs": [[[14,0],[0,65]],[[53,68],[51,54]]]},
"G241": {"type": "Matrix2x2", "payoffs": [[[0,0],[62,6]],[[73,18],[71,9]]]},
"G242": {"type": "Matrix2x2", "payoffs": [[[3,0],[7,43]],[[0,9],[50,46]]]},
"G243": {"type": "Matrix2x2", "payoffs": [[[72,8],[0,0]],[[87,35],[55,2]]]},
"G244": {"type": "Matrix2x2", "payoffs": [[[0,0],[8,71]],[[6,20],[7,63]]]},
"G245": {"type": "Matrix2x2", "payoffs": [[[39,0],[0,96]],[[94,99],[47,7]]]},
"G246": {"type": "Matrix2x2", "payoffs": [[[77,46],[19,8]],[[1,7],[0,0]]]},
"G247": {"type": "Matrix2x2", "payoffs": [[[0,77],[53,0]],[[94,79],[6,57]]]},
"G248": {"type": "Matrix2x2", "payoffs": [[[44,55],[56,0]],[[68,93],[0,44]]]},
"G249": {"type": "Matrix2x2", "payoffs": [[[77,34],[16,0]],[[27,30],[0,19]]]},
"G250": {"type": "Matrix2x2", "payoffs": [[[0,29],[3,3]],[[6,45],[5,0]]]},
"G251": {"type": "Matrix2x2", "payoffs": [[[0,57],[7,13]],[[2,0],[51,94]]]},
"G252": {"type": "Matrix2x2", "payoffs": [[[0,0],[54,58]],[[47,9],[14,57]]]},
"G253": {"type": "Matrix2x2", "payoffs": [[[0,15],[3,0]],[[7,18],[22,68]]]},
"G254": {"type": "Matrix2x2", "payoffs": [[[35,0],[48,27]],[[23,24],[0,19]]]},
"G255": {"type": "Matrix2x2", "payoffs": [[[38,45],[0,37]],[[23,0],[40,85]]]},
"G256": {"type": "Matrix2x2", "payoffs": [[[10,30],[0,0]],[[18,60],[19,79]]]},
"G257": {"type": "Matrix2x2", "payoffs": [[[6,11],[0,2]],[[38,17],[22,0]]]},
"G258": {"type": "Matrix2x2", "payoffs": [[[88,93],[0,0]],[[59,19],[63,66]]]},
"G259": {"type": "Matrix2x2", "payoffs": [[[0,57],[89,91]],[[44,0],[30,10]]]},
"G260": {"type": "Matrix2x2", "payoffs": [[[100,54],[32,36]],[[0,23],[8,0]]]},
"G261": {"type": "Matrix2x2", "payoffs": [[[0,0],[22,66]],[[2,23],[7,20]]]},
"G262": {"type": "Matrix2x2", "payoffs": [[[74,57],[35,0]],[[0,95],[100,100]]]},
"G263": {"type": "Matrix2x2", "payoffs": [[[46,15],[0,0]],[[73,47],[18,5]]]},
"G264": {"type": "Matrix2x2", "payoffs": [[[55,61],[51,0]],[[3,27],[0,30]]]},
"G265": {"type": "Matrix2x2", "payoffs": [[[42,25],[44,44]],[[30,0],[0,16]]]},
"G266": {"type": "Matrix2x2", "payoffs": [[[82,29],[48,14]],[[41,0],[0,6]]]},
"G267": {"type": "Matrix2x2", "payoffs": [[[0,0],[85,7]],[[54,1],[41,2]]]},
"G268": {"type": "Matrix2x2", "payoffs": [[[24,34],[0,72]],[[34,85],[14,0]]]},
"G269": {"type": "Matrix2x2", "payoffs": [[[77,71],[0,4]],[[23,0],[18,22]]]},
"G270": {"type": "Matrix2x2", "payoffs": [[[8,9],[0,1]],[[64,11],[34,0]]]},
"G271": {"type": "Matrix2x2", "payoffs": [[[84,78],[0,33]],[[80,77],[3,0]]]},
"G272": {"type": "Matrix2x2", "payoffs": [[[97,9],[0,8]],[[80,0],[51,5]]]},
"G273": {"type": "Matrix2x2", "payoffs": [[[26,16],[0,0]],[[11,1],[16,13]]]},
"G274": {"type": "Matrix2x2", "payoffs": [[[14,10],[0,8]],[[38,17],[15,0]]]},
"G275": {"type": "Matrix2x2", "payoffs": [[[3,6],[10,81]],[[0,0],[15,86]]]},
"G276": {"type": "Matrix2x2", "payoffs": [[[68,0],[48,39]],[[69,83],[0,24]]]},
"G277": {"type": "Matrix2x2", "payoffs": [[[36,0],[21,51]],[[54,73],[0,25]]]},
"G278": {"type": "Matrix2x2", "payoffs": [[[12,13],[25,82]],[[8,0],[0,62]]]},
"G279": {"type": "Matrix2x2", "payoffs": [[[0,59],[24,74]],[[10,6],[14,0]]]},
"G280": {"type": "Matrix2x2", "payoffs": [[[0,18],[22,0]],[[90,63],[36,37]]]},
"G281": {"type": "Matrix2x2", "payoffs": [[[13,17],[14,83]],[[0,0],[7,76]]]},
"G282": {"type": "Matrix2x2", "payoffs": [[[7,13],[0,70]],[[6,0],[18,99]]]},
"G283": {"type": "Matrix2x2", "payoffs": [[[0,0],[5,1]],[[1,9],[7,13]]]},
"G284": {"type": "Matrix2x2", "payoffs": [[[0,0],[9,66]],[[2,20],[3,58]]]},
"G285": {"type": "Matrix2x2", "payoffs": [[[16,0],[0,49]],[[81,52],[43,2]]]},
"G286": {"type": "Matrix2x2", "payoffs": [[[5,0],[0,9]],[[23,72],[18,14]]]},
"G287": {"type": "Matrix2x2", "payoffs": [[[76,30],[0,0]],[[89,51],[69,11]]]},
"G288": {"type": "Matrix2x2", "payoffs": [[[31,14],[0,13]],[[9,0],[36,17]]]},
"G289": {"type": "Matrix2x2", "payoffs": [[[0,15],[73,67]],[[5,0],[64,55]]]},
"G290": {"type": "Matrix2x2", "payoffs": [[[13,13],[68,20]],[[0,0],[24,3]]]},
"G291": {"type": "Matrix2x2", "payoffs": [[[31,9],[84,12]],[[79,0],[0,5]]]},
"G292": {"type": "Matrix2x2", "payoffs": [[[17,0],[0,44]],[[41,97],[25,24]]]},
"G293": {"type": "Matrix2x2", "payoffs": [[[87,6],[0,0]],[[28,3],[47,5]]]},
"G294": {"type": "Matrix2x2", "payoffs": [[[0,39],[11,42]],[[30,0],[47,72]]]},
"G295": {"type": "Matrix2x2", "payoffs": [[[0,1],[8,10]],[[78,0],[99,13]]]},
"G296": {"type": "Matrix2x2", "payoffs": [[[0,0],[83,2]],[[53,47],[97,50]]]},
"G297": {"type": "Matrix2x2", "payoffs": [[[70,89],[57,77]],[[51,0],[0,71]]]},
"G298": {"type": "Matrix2x2", "payoffs": [[[34,40],[0,0]],[[48,62],[54,66]]]},
"G299": {"type": "Matrix2x2", "payoffs": [[[65,16],[71,6]],[[75,70],[0,0]]]},
"G300": {"type": "Matrix2x2", "payoffs": [[[47,9],[0,4]],[[34,8],[12,0]]]},
"G301": {"type": "Matrix2x2", "payoffs": [[[0,38],[76,95]],[[37,0],[70,19]]]},
"G302": {"type": "Matrix2x2", "payoffs": [[[37,72],[0,15]],[[72,0],[84,77]]]},
"G303": {"type": "Matrix2x2", "payoffs": [[[1,8],[3,36]],[[4,37],[0,0]]]},
"G304": {"type": "Matrix2x2", "payoffs": [[[67,26],[0,11]],[[29,0],[44,5]]]},
"G305": {"type": "Matrix2x2", "payoffs": [[[0,59],[94,72]],[[64,63],[85,0]]]},
"G306": {"type": "Matrix2x2", "payoffs": [[[13,11],[20,22]],[[0,0],[42,81]]]},
"G307": {"type": "Matrix2x2", "payoffs": [[[64,0],[0,6]],[[19,23],[97,29]]]},
"G308": {"type": "Matrix2x2", "payoffs": [[[2,26],[24,91]],[[0,90],[14,0]]]},
"G309": {"type": "Matrix2x2", "payoffs": [[[100,65],[28,39]],[[88,63],[0,0]]]},
"G310": {"type": "Matrix2x2", "payoffs": [[[47,0],[70,90]],[[63,40],[0,28]]]},
"G311": {"type": "Matrix2x2", "payoffs": [[[0,19],[95,54]],[[17,0],[29,45]]]},
"G312": {"type": "Matrix2x2", "payoffs": [[[72,15],[47,11]],[[12,5],[0,0]]]},
"G313": {"type": "Matrix2x2", "payoffs": [[[42,41],[21,0]],[[0,83],[68,85]]]},
"G314": {"type": "Matrix2x2", "payoffs": [[[10,4],[5,1]],[[0,0],[12,5]]]},
"G315": {"type": "Matrix2x2", "payoffs": [[[69,42],[7,24]],[[0,0],[41,2]]]},
"G316": {"type": "Matrix2x2", "payoffs": [[[0,52],[3,0]],[[13,78],[2,44]]]},
"G317": {"type": "Matrix2x2", "payoffs": [[[91,46],[25,40]],[[84,41],[0,0]]]},
"G318": {"type": "Matrix2x2", "payoffs": [[[49,0],[1,25]],[[0,43],[66,46]]]},
"G319": {"type": "Matrix2x2", "payoffs": [[[41,20],[1,0]],[[38,7],[0,8]]]},
"G320": {"type": "Matrix2x2", "payoffs": [[[74,32],[46,0]],[[31,16],[0,4]]]},
"G321": {"type": "Matrix2x2", "payoffs": [[[45,61],[0,10]],[[54,65],[14,0]]]},
"G322": {"type": "Matrix2x2", "payoffs": [[[21,5],[42,99]],[[0,84],[28,0]]]},
"G323": {"type": "Matrix2x2", "payoffs": [[[0,67],[13,0]],[[67,70],[34,63]]]},
"G324": {"type": "Matrix2x2", "payoffs": [[[81,53],[63,0]],[[0,2],[46,40]]]},
"G325": {"type": "Matrix2x2", "payoffs": [[[0,34],[71,0]],[[85,72],[4,16]]]},
"G326": {"type": "Matrix2x2", "payoffs": [[[3,3],[4,7]],[[8,18],[0,0]]]},
"G327": {"type": "Matrix2x2", "payoffs": [[[14,15],[0,44]],[[7,0],[27,55]]]},
"G328": {"type": "Matrix2x2", "payoffs": [[[32,29],[0,0]],[[3,3],[27,25]]]},
"G329": {"type": "Matrix2x2", "payoffs": [[[13,0],[21,47]],[[15,18],[0,29]]]},
"G330": {"type": "Matrix2x2", "payoffs": [[[9,0],[1,21]],[[0,2],[33,24]]]},
"G331": {"type": "Matrix2x2", "payoffs": [[[0,0],[81,8]],[[47,3],[88,10]]]},
"G332": {"type": "Matrix2x2", "payoffs": [[[14,73],[32,24]],[[34,97],[0,0]]]},
"G333": {"type": "Matrix2x2", "payoffs": [[[0,74],[7,0]],[[16,54],[18,81]]]},
"G334": {"type": "Matrix2x2", "payoffs": [[[2,15],[4,1]],[[5,37],[0,0]]]},
"G335": {"type": "Matrix2x2", "payoffs": [[[0,0],[11,93]],[[5,38],[2,19]]]},
"G336": {"type": "Matrix2x2", "payoffs": [[[9,0],[20,36]],[[18,12],[0,15]]]},
"G337": {"type": "Matrix2x2", "payoffs": [[[2,13],[6,89]],[[0,47],[4,0]]]},
"G338": {"type": "Matrix2x2", "payoffs": [[[0,69],[25,30]],[[51,100],[11,0]]]},
"G339": {"type": "Matrix2x2", "payoffs": [[[3,18],[1,1]],[[2,6],[0,0]]]},
"G340": {"type": "Matrix2x2", "payoffs": [[[10,36],[5,0]],[[7,11],[0,26]]]},
"G341": {"type": "Matrix2x2", "payoffs": [[[25,60],[8,18]],[[0,57],[3,0]]]},
"G342": {"type": "Matrix2x2", "payoffs": [[[0,15],[61,76]],[[20,0],[27,68]]]},
"G343": {"type": "Matrix2x2", "payoffs": [[[23,91],[12,66]],[[28,98],[0,0]]]},
"G344": {"type": "Matrix2x2", "payoffs": [[[20,7],[0,5]],[[40,9],[21,0]]]},
"G345": {"type": "Matrix2x2", "payoffs": [[[0,6],[22,0]],[[21,4],[26,12]]]},
"G346": {"type": "Matrix2x2", "payoffs": [[[12,0],[9,74]],[[17,77],[0,46]]]},
"G347": {"type": "Matrix2x2", "payoffs": [[[0,0],[14,8]],[[16,57],[13,30]]]},
"G348": {"type": "Matrix2x2", "payoffs": [[[54,74],[59,94]],[[45,0],[0,57]]]},
"G349": {"type": "Matrix2x2", "payoffs": [[[69,12],[14,5]],[[26,0],[0,4]]]},
"G350": {"type": "Matrix2x2", "payoffs": [[[0,3],[1,1]],[[14,0],[17,5]]]},
"G351": {"type": "Matrix2x2", "payoffs": [[[19,15],[18,0]],[[0,4],[67,16]]]},
"G352": {"type": "Matrix2x2", "payoffs": [[[20,44],[70,73]],[[0,0],[32,41]]]},
"G353": {"type": "Matrix2x2", "payoffs": [[[98,13],[58,7]],[[90,0],[0,4]]]},
"G354": {"type": "Matrix2x2", "payoffs": [[[51,0],[56,88]],[[53,33],[0,23]]]},
"G355": {"type": "Matrix2x2", "payoffs": [[[0,0],[20,7]],[[1,6],[27,17]]]},
"G356": {"type": "Matrix2x2", "payoffs": [[[60,4],[56,1]],[[10,2],[0,0]]]},
"G357": {"type": "Matrix2x2", "payoffs": [[[24,8],[8,0]],[[5,7],[0,1]]]},
"G358": {"type": "Matrix2x2", "payoffs": [[[64,0],[65,4]],[[0,28],[72,91]]]},
"G359": {"type": "Matrix2x2", "payoffs": [[[0,2],[59,66]],[[1,0],[20,51]]]},
"G360": {"type": "Matrix2x2", "payoffs": [[[0,58],[94,86]],[[8,61],[53,0]]]},
"G361": {"type": "Matrix2x2", "payoffs": [[[51,0],[1,88]],[[0,9],[55,91]]]},
"G362": {"type": "Matrix2x2", "payoffs": [[[3,27],[0,24]],[[25,0],[44,33]]]},
"G363": {"type": "Matrix2x2", "payoffs": [[[0,0],[57,89]],[[37,26],[38,75]]]},
"G364": {"type": "Matrix2x2", "payoffs": [[[69,22],[22,0]],[[0,15],[45,1]]]},
"G365": {"type": "Matrix2x2", "payoffs": [[[6,40],[1,0]],[[3,13],[0,36]]]},
"G366": {"type": "Matrix2x2", "payoffs": [[[0,30],[1,71]],[[17,92],[2,0]]]},
"G367": {"type": "Matrix2x2", "payoffs": [[[35,14],[37,39]],[[42,46],[0,0]]]},
"G368": {"type": "Matrix2x2", "payoffs": [[[0,53],[76,94]],[[8,72],[55,0]]]},
"G369": {"type": "Matrix2x2", "payoffs": [[[0,0],[7,29]],[[4,27],[19,41]]]},
"G370": {"type": "Matrix2x2", "payoffs": [[[0,29],[10,0]],[[71,33],[70,4]]]},
"G371": {"type": "Matrix2x2", "payoffs": [[[76,38],[69,1]],[[0,20],[46,0]]]},
"G372": {"type": "Matrix2x2", "payoffs": [[[77,52],[0,0]],[[61,3],[35,5]]]},
"G373": {"type": "Matrix2x2", "payoffs": [[[90,46],[0,32]],[[35,40],[49,0]]]},
"G374": {"type": "Matrix2x2", "payoffs": [[[0,27],[96,37]],[[79,0],[17,5]]]},
"G375": {"type": "Matrix2x2", "payoffs": [[[21,13],[15,4]],[[13,11],[0,0]]]},
"G376": {"type": "Matrix2x2", "payoffs": [[[55,0],[93,80]],[[0,4],[59,77]]]},
"G377": {"type": "Matrix2x2", "payoffs": [[[0,13],[16,0]],[[37,26],[46,79]]]},
"G378": {"type": "Matrix2x2", "payoffs": [[[4,55],[1,27]],[[5,88],[0,0]]]},
"G379": {"type": "Matrix2x2", "payoffs": [[[46,35],[33,0]],[[10,29],[0,23]]]},
"G380": {"type": "Matrix2x2", "payoffs": [[[33,10],[76,33]],[[0,0],[26,31]]]},
"G381": {"type": "Matrix2x2", "payoffs": [[[0,4],[20,1]],[[49,0],[70,9]]]},
"G382": {"type": "Matrix2x2", "payoffs": [[[0,39],[23,20]],[[38,44],[8,0]]]},
"G383": {"type": "Matrix2x2", "payoffs": [[[0,74],[4,79]],[[5,94],[1,0]]]},
"G384": {"type": "Matrix2x2", "payoffs": [[[18,21],[0,48]],[[21,0],[50,70]]]},
"G385": {"type": "Matrix2x2", "payoffs": [[[18,82],[0,22]],[[32,0],[36,92]]]},
"G386": {"type": "Matrix2x2", "payoffs": [[[22,31],[0,0]],[[26,53],[17,9]]]},
"G387": {"type": "Matrix2x2", "payoffs": [[[21,87],[39,94]],[[13,12],[0,0]]]},
"G388": {"type": "Matrix2x2", "payoffs": [[[29,14],[9,0]],[[0,7],[50,70]]]},
"G389": {"type": "Matrix2x2", "payoffs": [[[0,23],[28,50]],[[13,0],[22,45]]]},
"G390": {"type": "Matrix2x2", "payoffs": [[[96,31],[15,18]],[[0,1],[55,0]]]},
"G391": {"type": "Matrix2x2", "payoffs": [[[2,12],[42,0]],[[47,61],[0,60]]]},
"G392": {"type": "Matrix2x2", "payoffs": [[[95,71],[55,0]],[[68,21],[0,68]]]},
"G393": {"type": "Matrix2x2", "payoffs": [[[23,3],[57,58]],[[11,0],[0,18]]]},
"G394": {"type": "Matrix2x2", "payoffs": [[[19,64],[7,0]],[[0,7],[5,26]]]},
"G395": {"type": "Matrix2x2", "payoffs": [[[0,0],[17,3]],[[9,11],[30,28]]]},
"G396": {"type": "Matrix2x2", "payoffs": [[[30,0],[62,12]],[[39,4],[0,8]]]},
"G397": {"type": "Matrix2x2", "payoffs": [[[0,0],[31,43]],[[72,63],[24,22]]]},
"G398": {"type": "Matrix2x2", "payoffs": [[[0,61],[8,12]],[[10,84],[5,0]]]},
"G399": {"type": "Matrix2x2", "payoffs": [[[0,1],[34,10]],[[30,0],[2,7]]]},
"G400": {"type": "Matrix2x2", "payoffs": [[[82,92],[0,31]],[[58,85],[67,0]]]},
"G401": {"type": "Matrix2x2", "payoffs": [[[21,31],[0,0]],[[57,8],[95,70]]]},
"G402": {"type": "Matrix2x2", "payoffs": [[[0,57],[20,17]],[[74,71],[71,0]]]},
"G403": {"type": "Matrix2x2", "payoffs": [[[15,0],[20,20]],[[32,54],[0,8]]]},
"G404": {"type": "Matrix2x2", "payoffs": [[[34,2],[44,0]],[[0,1],[70,4]]]},
"G405": {"type": "Matrix2x2", "payoffs": [[[0,0],[2,10]],[[3,85],[1,27]]]},
"G406": {"type": "Matrix2x2", "payoffs": [[[81,61],[30,48]],[[0,0],[22,53]]]},
"G407": {"type": "Matrix2x2", "payoffs": [[[0,8],[50,0]],[[31,7],[53,11]]]},
"G408": {"type": "Matrix2x2", "payoffs": [[[13,10],[11,42]],[[0,0],[44,75]]]},
"G409": {"type": "Matrix2x2", "payoffs": [[[2,1],[1,0]],[[3,57],[0,35]]]},
"G410": {"type": "Matrix2x2", "payoffs": [[[0,10],[2,0]],[[4,13],[7,18]]]},
"G411": {"type": "Matrix2x2", "payoffs": [[[49,43],[0,8]],[[28,33],[12,0]]]},
"G412": {"type": "Matrix2x2", "payoffs": [[[31,23],[29,0]],[[0,2],[7,7]]]},
"G413": {"type": "Matrix2x2", "payoffs": [[[19,81],[6,66]],[[12,0],[0,14]]]},
"G414": {"type": "Matrix2x2", "payoffs": [[[6,84],[0,0]],[[20,31],[94,85]]]},
"G415": {"type": "Matrix2x2", "payoffs": [[[11,39],[10,40]],[[12,48],[0,0]]]},
"G416": {"type": "Matrix2x2", "payoffs": [[[88,47],[14,28]],[[33,0],[0,29]]]},
"G417": {"type": "Matrix2x2", "payoffs": [[[0,1],[81,7]],[[50,0],[49,5]]]},
"G418": {"type": "Matrix2x2", "payoffs": [[[16,42],[41,51]],[[0,0],[29,41]]]},
"G419": {"type": "Matrix2x2", "payoffs": [[[23,23],[0,13]],[[6,0],[8,5]]]},
"G420": {"type": "Matrix2x2", "payoffs": [[[0,63],[36,0]],[[12,46],[47,64]]]},
"G421": {"type": "Matrix2x2", "payoffs": [[[17,56],[41,63]],[[38,17],[0,0]]]},
"G422": {"type": "Matrix2x2", "payoffs": [[[53,0],[0,40]],[[97,48],[52,22]]]},
"G423": {"type": "Matrix2x2", "payoffs": [[[10,0],[27,70]],[[0,23],[12,1]]]},
"G424": {"type": "Matrix2x2", "payoffs": [[[0,0],[84,98]],[[29,19],[66,79]]]},
"G425": {"type": "Matrix2x2", "payoffs": [[[94,49],[74,31]],[[0,38],[8,0]]]},
"G426": {"type": "Matrix2x2", "payoffs": [[[31,47],[84,59]],[[75,33],[0,0]]]},
"G427": {"type": "Matrix2x2", "payoffs": [[[24,14],[81,45]],[[0,24],[22,0]]]},
"G428": {"type": "Matrix2x2", "payoffs": [[[0,31],[17,15]],[[26,42],[15,0]]]},
"G429": {"type": "Matrix2x2", "payoffs": [[[8,0],[18,70]],[[17,63],[0,29]]]},
"G430": {"type": "Matrix2x2", "payoffs": [[[8,32],[19,35]],[[6,0],[0,19]]]},
"G431": {"type": "Matrix2x2", "payoffs": [[[25,37],[6,0]],[[8,31],[0,9]]]},
"G432": {"type": "Matrix2x2", "payoffs": [[[3,19],[0,0]],[[1,5],[2,4]]]},
"G433": {"type": "Matrix2x2", "payoffs": [[[49,25],[3,0]],[[0,17],[22,12]]]},
"G434": {"type": "Matrix2x2", "payoffs": [[[0,11],[9,39]],[[49,67],[35,0]]]},
"G435": {"type": "Matrix2x2", "payoffs": [[[10,8],[7,4]],[[4,5],[0,0]]]},
"G436": {"type": "Matrix2x2", "payoffs": [[[0,0],[51,68]],[[42,24],[3,12]]]},
"G437": {"type": "Matrix2x2", "payoffs": [[[0,9],[57,10]],[[1,1],[30,0]]]},
"G438": {"type": "Matrix2x2", "payoffs": [[[57,42],[0,0]],[[53,40],[77,97]]]},
"G439": {"type": "Matrix2x2", "payoffs": [[[1,8],[0,9]],[[79,56],[45,0]]]},
"G440": {"type": "Matrix2x2", "payoffs": [[[30,0],[82,6]],[[13,5],[0,3]]]},
"G441": {"type": "Matrix2x2", "payoffs": [[[0,14],[71,62]],[[65,48],[18,0]]]},
"G442": {"type": "Matrix2x2", "payoffs": [[[86,15],[0,9]],[[44,5],[34,0]]]},
"G443": {"type": "Matrix2x2", "payoffs": [[[2,0],[3,45]],[[0,25],[1,34]]]},
"G444": {"type": "Matrix2x2", "payoffs": [[[78,82],[70,51]],[[41,0],[0,5]]]},
"G445": {"type": "Matrix2x2", "payoffs": [[[7,5],[28,3]],[[36,9],[0,0]]]},
"G446": {"type": "Matrix2x2", "payoffs": [[[44,23],[48,29]],[[0,26],[17,0]]]},
"G447": {"type": "Matrix2x2", "payoffs": [[[32,0],[49,16]],[[94,91],[0,86]]]},
"G448": {"type": "Matrix2x2", "payoffs": [[[52,9],[1,0]],[[0,5],[20,4]]]},
"G449": {"type": "Matrix2x2", "payoffs": [[[46,9],[32,5]],[[0,0],[61,18]]]},
"G450": {"type": "Matrix2x2", "payoffs": [[[27,0],[0,79]],[[43,95],[34,45]]]},
"G451": {"type": "Matrix2x2", "payoffs": [[[60,0],[0,4]],[[90,3],[100,6]]]},
"G452": {"type": "Matrix2x2", "payoffs": [[[10,15],[44,40]],[[0,0],[8,5]]]},
"G453": {"type": "Matrix2x2", "payoffs": [[[2,15],[16,0]],[[21,52],[0,44]]]},
"G454": {"type": "Matrix2x2", "payoffs": [[[3,23],[1,1]],[[12,56],[0,0]]]},
"G455": {"type": "Matrix2x2", "payoffs": [[[9,0],[0,4]],[[8,7],[10,8]]]},
"G456": {"type": "Matrix2x2", "payoffs": [[[37,2],[0,19]],[[9,0],[53,36]]]},
"G457": {"type": "Matrix2x2", "payoffs": [[[30,9],[14,0]],[[0,23],[45,67]]]},
"G458": {"type": "Matrix2x2", "payoffs": [[[75,66],[0,36]],[[46,5],[48,0]]]},
"G459": {"type": "Matrix2x2", "payoffs": [[[10,0],[0,11]],[[34,16],[2,14]]]},
"G460": {"type": "Matrix2x2", "payoffs": [[[19,0],[41,55]],[[23,54],[0,40]]]},
"G461": {"type": "Matrix2x2", "payoffs": [[[24,55],[41,64]],[[15,31],[0,0]]]},
"G462": {"type": "Matrix2x2", "payoffs": [[[7,63],[0,64]],[[33,77],[18,0]]]},
"G463": {"type": "Matrix2x2", "payoffs": [[[0,7],[29,8]],[[13,2],[3,0]]]},
"G464": {"type": "Matrix2x2", "payoffs": [[[92,56],[0,0]],[[65,52],[29,32]]]},
"G465": {"type": "Matrix2x2", "payoffs": [[[0,31],[2,0]],[[31,59],[21,33]]]},
"G466": {"type": "Matrix2x2", "payoffs": [[[55,56],[27,0]],[[0,31],[14,30]]]},
"G467": {"type": "Matrix2x2", "payoffs": [[[7,57],[22,78]],[[25,80],[0,0]]]},
"G468": {"type": "Matrix2x2", "payoffs": [[[0,52],[1,24]],[[3,59],[2,0]]]},
"G469": {"type": "Matrix2x2", "payoffs": [[[0,0],[47,18]],[[49,26],[7,8]]]},
"G470": {"type": "Matrix2x2", "payoffs": [[[3,27],[1,0]],[[0,40],[5,51]]]},
"G471": {"type": "Matrix2x2", "payoffs": [[[4,0],[15,22]],[[3,10],[0,1]]]},
"G472": {"type": "Matrix2x2", "payoffs": [[[9,36],[56,0]],[[77,55],[0,47]]]},
"G473": {"type": "Matrix2x2", "payoffs": [[[96,17],[70,4]],[[0,0],[24,10]]]},
"G474": {"type": "Matrix2x2", "payoffs": [[[0,50],[31,52]],[[70,0],[86,71]]]},
"G475": {"type": "Matrix2x2", "payoffs": [[[35,22],[16,0]],[[11,17],[0,21]]]},
"G476": {"type": "Matrix2x2", "payoffs": [[[73,69],[0,11]],[[66,42],[37,0]]]},
"G477": {"type": "Matrix2x2", "payoffs": [[[81,20],[72,8]],[[86,39],[0,0]]]},
"G478": {"type": "Matrix2x2", "payoffs": [[[19,61],[5,0]],[[0,23],[17,35]]]},
"G479": {"type": "Matrix2x2", "payoffs": [[[9,0],[43,21]],[[0,6],[44,23]]]},
"G480": {"type": "Matrix2x2", "payoffs": [[[0,40],[23,11]],[[16,0],[28,73]]]},
"G481": {"type": "Matrix2x2", "payoffs": [[[84,35],[63,4]],[[0,19],[72,0]]]},
"G482": {"type": "Matrix2x2", "payoffs": [[[44,49],[0,28]],[[37,24],[33,0]]]},
"G483": {"type": "Matrix2x2", "payoffs": [[[25,7],[38,21]],[[40,99],[0,0]]]},
"G484": {"type": "Matrix2x2", "payoffs": [[[0,7],[2,0]],[[38,35],[92,43]]]},
"G485": {"type": "Matrix2x2", "payoffs": [[[3,3],[89,27]],[[0,26],[86,0]]]},
"G486": {"type": "Matrix2x2", "payoffs": [[[62,8],[77,13]],[[20,0],[0,4]]]},
"G487": {"type": "Matrix2x2", "payoffs": [[[58,79],[18,1]],[[0,0],[41,36]]]},
"G488": {"type": "Matrix2x2", "payoffs": [[[48,49],[46,0]],[[34,5],[0,6]]]},
"G489": {"type": "Matrix2x2", "payoffs": [[[11,0],[17,24]],[[0,15],[33,25]]]},
"G490": {"type": "Matrix2x2", "payoffs": [[[16,81],[9,72]],[[15,0],[0,4]]]},
"G491": {"type": "Matrix2x2", "payoffs": [[[50,37],[39,0]],[[24,16],[0,23]]]},
"G492": {"type": "Matrix2x2", "payoffs": [[[2,9],[1,6]],[[4,78],[0,0]]]},
"G493": {"type": "Matrix2x2", "payoffs": [[[0,8],[2,16]],[[3,0],[7,27]]]},
"G494": {"type": "Matrix2x2", "payoffs": [[[37,0],[35,4]],[[0,1],[49,30]]]},
"G495": {"type": "Matrix2x2", "payoffs": [[[12,1],[14,27]],[[0,13],[5,0]]]},
"G496": {"type": "Matrix2x2", "payoffs": [[[75,0],[88,29]],[[3,7],[0,6]]]},
"G497": {"type": "Matrix2x2", "payoffs": [[[22,11],[0,24]],[[88,0],[91,65]]]},
"G498": {"type": "Matrix2x2", "payoffs": [[[9,30],[0,0]],[[81,41],[34,34]]]},
"G499": {"type": "Matrix2x2", "payoffs": [[[0,29],[1,0]],[[7,32],[46,45]]]},
"G500": {"type": "Matrix2x2", "payoffs": [[[12,36],[13,56]],[[10,21],[0,0]]]},
"G501": {"type": "Matrix2x2", "payoffs": [[[8,49],[2,10]],[[0,12],[3,0]]]},
"G502": {"type": "Matrix2x2", "payoffs": [[[14,90],[13,0]],[[0,29],[11,57]]]},
"G503": {"type": "Matrix2x2", "payoffs": [[[36,73],[10,0]],[[0,26],[17,10]]]},
"G504": {"type": "Matrix2x2", "payoffs": [[[4,0],[0,3]],[[6,5],[5,2]]]},
"G505": {"type": "Matrix2x2", "payoffs": [[[16,61],[0,34]],[[22,0],[62,98]]]},
"G506": {"type": "Matrix2x2", "payoffs": [[[11,16],[52,55]],[[31,0],[0,1]]]},
"G507": {"type": "Matrix2x2", "payoffs": [[[5,37],[0,36]],[[2,11],[1,0]]]},
"G508": {"type": "Matrix2x2", "payoffs": [[[8,13],[0,8]],[[23,15],[10,0]]]},
"G509": {"type": "Matrix2x2", "payoffs": [[[21,0],[20,19]],[[61,21],[0,15]]]},
"G510": {"type": "Matrix2x2", "payoffs": [[[79,64],[46,0]],[[13,18],[0,29]]]},
"G511": {"type": "Matrix2x2", "payoffs": [[[16,1],[70,21]],[[0,5],[40,0]]]},
"G512": {"type": "Matrix2x2", "payoffs": [[[2,0],[4,60]],[[5,81],[0,27]]]},
"G513": {"type": "Matrix2x2", "payoffs": [[[10,27],[26,90]],[[0,52],[8,0]]]},
"G514": {"type": "Matrix2x2", "payoffs": [[[11,48],[4,0]],[[0,49],[38,88]]]},
"G515": {"type": "Matrix2x2", "payoffs": [[[0,12],[45,20]],[[58,23],[12,0]]]},
"G516": {"type": "Matrix2x2", "payoffs": [[[45,80],[94,100]],[[0,84],[17,0]]]},
"G517": {"type": "Matrix2x2", "payoffs": [[[2,0],[55,62]],[[32,26],[0,39]]]},
"G518": {"type": "Matrix2x2", "payoffs": [[[39,0],[21,6]],[[46,23],[0,9]]]},
"G519": {"type": "Matrix2x2", "payoffs": [[[0,5],[5,0]],[[82,48],[51,44]]]},
"G520": {"type": "Matrix2x2", "payoffs": [[[74,23],[39,14]],[[7,18],[0,0]]]},
"G521": {"type": "Matrix2x2", "payoffs": [[[0,14],[16,0]],[[12,11],[21,30]]]},
"G522": {"type": "Matrix2x2", "payoffs": [[[29,51],[9,0]],[[0,13],[24,18]]]},
"G523": {"type": "Matrix2x2", "payoffs": [[[44,0],[3,7]],[[68,65],[0,55]]]},
"G524": {"type": "Matrix2x2", "payoffs": [[[2,0],[0,41]],[[19,49],[72,90]]]},
"G525": {"type": "Matrix2x2", "payoffs": [[[0,15],[17,62]],[[77,74],[64,0]]]},
"G526": {"type": "Matrix2x2", "payoffs": [[[51,83],[47,0]],[[0,62],[14,15]]]},
"G527": {"type": "Matrix2x2", "payoffs": [[[0,0],[17,15]],[[57,34],[15,12]]]},
"G528": {"type": "Matrix2x2", "payoffs": [[[17,75],[5,2]],[[0,44],[1,0]]]},
"G529": {"type": "Matrix2x2", "payoffs": [[[43,0],[0,16]],[[52,56],[54,63]]]},
"G530": {"type": "Matrix2x2", "payoffs": [[[8,40],[73,58]],[[0,0],[44,18]]]},
"G531": {"type": "Matrix2x2", "payoffs": [[[8,0],[32,27]],[[0,30],[92,37]]]},
"G532": {"type": "Matrix2x2", "payoffs": [[[1,49],[27,0]],[[0,42],[37,68]]]},
"G533": {"type": "Matrix2x2", "payoffs": [[[3,0],[2,24]],[[0,19],[5,27]]]},
"G534": {"type": "Matrix2x2", "payoffs": [[[79,11],[15,4]],[[30,0],[0,2]]]},
"G535": {"type": "Matrix2x2", "payoffs": [[[2,50],[0,0]],[[8,71],[5,42]]]},
"G536": {"type": "Matrix2x2", "payoffs": [[[35,12],[44,0]],[[75,80],[0,15]]]},
"G537": {"type": "Matrix2x2", "payoffs": [[[36,22],[35,0]],[[48,32],[0,7]]]},
"G538": {"type": "Matrix2x2", "payoffs": [[[0,0],[12,1]],[[28,17],[14,7]]]},
"G539": {"type": "Matrix2x2", "payoffs": [[[16,4],[0,0]],[[23,18],[2,10]]]},
"G540": {"type": "Matrix2x2", "payoffs": [[[41,15],[0,14]],[[5,0],[12,3]]]},
"G541": {"type": "Matrix2x2", "payoffs": [[[62,87],[87,99]],[[1,77],[0,0]]]},
"G542": {"type": "Matrix2x2", "payoffs": [[[47,97],[0,0]],[[36,14],[7,65]]]},
"G543": {"type": "Matrix2x2", "payoffs": [[[2,0],[1,41]],[[29,60],[0,29]]]},
"G544": {"type": "Matrix2x2", "payoffs": [[[0,7],[28,3]],[[38,0],[67,18]]]},
"G545": {"type": "Matrix2x2", "payoffs": [[[9,0],[27,92]],[[0,12],[22,57]]]},
"G546": {"type": "Matrix2x2", "payoffs": [[[17,8],[51,39]],[[19,22],[0,0]]]},
"G547": {"type": "Matrix2x2", "payoffs": [[[26,31],[44,64]],[[22,0],[0,62]]]},
"G548": {"type": "Matrix2x2", "payoffs": [[[27,34],[46,76]],[[31,38],[0,0]]]},
"G549": {"type": "Matrix2x2", "payoffs": [[[22,76],[19,26]],[[0,68],[20,0]]]},
"G550": {"type": "Matrix2x2", "payoffs": [[[0,1],[35,0]],[[10,17],[56,95]]]},
"G551": {"type": "Matrix2x2", "payoffs": [[[27,0],[0,14]],[[28,15],[3,8]]]},
"G552": {"type": "Matrix2x2", "payoffs": [[[11,0],[63,74]],[[0,42],[19,25]]]},
"G553": {"type": "Matrix2x2", "payoffs": [[[0,2],[55,46]],[[19,0],[36,28]]]},
"G554": {"type": "Matrix2x2", "payoffs": [[[1,0],[22,8]],[[0,2],[4,7]]]},
"G555": {"type": "Matrix2x2", "payoffs": [[[0,0],[9,41]],[[78,60],[28,51]]]},
"G556": {"type": "Matrix2x2", "payoffs": [[[0,10],[35,0]],[[11,35],[45,36]]]},
"G557": {"type": "Matrix2x2", "payoffs": [[[11,17],[1,5]],[[4,0],[0,8]]]},
"G558": {"type": "Matrix2x2", "payoffs": [[[0,5],[15,77]],[[48,99],[8,0]]]},
"G559": {"type": "Matrix2x2", "payoffs": [[[14,62],[3,0]],[[0,2],[10,52]]]},
"G560": {"type": "Matrix2x2", "payoffs": [[[10,66],[6,34]],[[9,0],[0,44]]]},
"G561": {"type": "Matrix2x2", "payoffs": [[[0,56],[4,0]],[[73,59],[30,12]]]},
"G562": {"type": "Matrix2x2", "payoffs": [[[0,0],[67,50]],[[45,41],[4,9]]]},
"G563": {"type": "Matrix2x2", "payoffs": [[[17,81],[11,79]],[[0,0],[1,10]]]},
"G564": {"type": "Matrix2x2", "payoffs": [[[55,38],[12,25]],[[6,15],[0,0]]]},
"G565": {"type": "Matrix2x2", "payoffs": [[[64,59],[39,3]],[[0,0],[48,34]]]},
"G566": {"type": "Matrix2x2", "payoffs": [[[47,34],[59,0]],[[64,93],[0,2]]]},
"G567": {"type": "Matrix2x2", "payoffs": [[[9,0],[70,43]],[[25,35],[0,38]]]},
"G568": {"type": "Matrix2x2", "payoffs": [[[8,58],[0,66]],[[14,82],[6,0]]]},
"G569": {"type": "Matrix2x2", "payoffs": [[[55,22],[29,9]],[[58,46],[0,0]]]},
"G570": {"type": "Matrix2x2", "payoffs": [[[5,57],[21,96]],[[0,77],[17,0]]]},
"G571": {"type": "Matrix2x2", "payoffs": [[[19,0],[28,5]],[[0,4],[24,1]]]},
"G572": {"type": "Matrix2x2", "payoffs": [[[0,19],[31,17]],[[87,92],[30,0]]]},
"G573": {"type": "Matrix2x2", "payoffs": [[[2,8],[43,0]],[[0,32],[76,43]]]},
"G574": {"type": "Matrix2x2", "payoffs": [[[0,1],[55,38]],[[27,6],[22,0]]]},
"G575": {"type": "Matrix2x2", "payoffs": [[[84,40],[25,36]],[[47,22],[0,0]]]},
"G576": {"type": "Matrix2x2", "payoffs": [[[88,46],[72,13]],[[16,0],[0,19]]]},
"G577": {"type": "Matrix2x2", "payoffs": [[[5,1],[0,0]],[[1,2],[11,3]]]},
"G578": {"type": "Matrix2x2", "payoffs": [[[20,20],[33,37]],[[0,22],[5,0]]]},
"G579": {"type": "Matrix2x2", "payoffs": [[[7,25],[6,20]],[[0,0],[4,21]]]},
"G580": {"type": "Matrix2x2", "payoffs": [[[9,39],[7,30]],[[53,57],[0,0]]]},
"G581": {"type": "Matrix2x2", "payoffs": [[[46,10],[54,0]],[[0,7],[68,14]]]},
"G582": {"type": "Matrix2x2", "payoffs": [[[44,52],[0,12]],[[43,0],[4,42]]]},
"G583": {"type": "Matrix2x2", "payoffs": [[[50,31],[6,0]],[[0,23],[20,9]]]},
"G584": {"type": "Matrix2x2", "payoffs": [[[83,88],[76,0]],[[69,1],[0,31]]]},
"G585": {"type": "Matrix2x2", "payoffs": [[[0,34],[12,0]],[[16,31],[19,41]]]},
"G586": {"type": "Matrix2x2", "payoffs": [[[0,0],[82,27]],[[59,1],[36,18]]]},
"G587": {"type": "Matrix2x2", "payoffs": [[[50,8],[61,9]],[[0,0],[53,6]]]},
"G588": {"type": "Matrix2x2", "payoffs": [[[15,0],[18,70]],[[0,37],[40,73]]]},
"G589": {"type": "Matrix2x2", "payoffs": [[[0,1],[25,9]],[[26,22],[11,0]]]},
"G590": {"type": "Matrix2x2", "payoffs": [[[2,2],[5,4]],[[11,10],[0,0]]]},
"G591": {"type": "Matrix2x2", "payoffs": [[[0,23],[14,20]],[[18,25],[4,0]]]},
"G592": {"type": "Matrix2x2", "payoffs": [[[16,73],[3,0]],[[0,24],[2,68]]]},
"G593": {"type": "Matrix2x2", "payoffs": [[[18,32],[12,9]],[[0,0],[15,5]]]},
"G594": {"type": "Matrix2x2", "payoffs": [[[0,5],[70,3]],[[8,0],[82,12]]]},
"G595": {"type": "Matrix2x2", "payoffs": [[[8,92],[0,42]],[[2,79],[4,0]]]},
"G596": {"type": "Matrix2x2", "payoffs": [[[0,1],[51,72]],[[55,0],[91,82]]]},
"G597": {"type": "Matrix2x2", "payoffs": [[[2,0],[0,36]],[[80,67],[77,33]]]},
"G598": {"type": "Matrix2x2", "payoffs": [[[15,0],[0,44]],[[38,86],[7,66]]]},
"G599": {"type": "Matrix2x2", "payoffs": [[[55,7],[0,0]],[[56,12],[43,3]]]},
"G600": {"type": "Matrix2x2", "payoffs": [[[26,1],[68,2]],[[76,3],[0,0]]]},
"G601": {"type": "Matrix2x2", "payoffs": [[[60,44],[8,59]],[[0,0],[79,88]]]},
"G602": {"type": "Matrix2x2", "payoffs": [[[0,0],[13,12]],[[3,2],[86,59]]]},
"G603": {"type": "Matrix2x2", "payoffs": [[[43,0],[0,42]],[[81,98],[50,69]]]},
"G604": {"type": "Matrix2x2", "payoffs": [[[56,0],[0,10]],[[63,1],[78,15]]]},
"G605": {"type": "Matrix2x2", "payoffs": [[[42,0],[49,24]],[[0,2],[56,25]]]},
"G606": {"type": "Matrix2x2", "payoffs": [[[0,26],[78,32]],[[4,22],[20,0]]]},
"G607": {"type": "Matrix2x2", "payoffs": [[[22,23],[24,91]],[[7,0],[0,65]]]},
"G608": {"type": "Matrix2x2", "payoffs": [[[0,23],[9,32]],[[15,0],[17,63]]]},
"G609": {"type": "Matrix2x2", "payoffs": [[[17,34],[42,62]],[[23,0],[0,60]]]},
"G610": {"type": "Matrix2x2", "payoffs": [[[86,54],[92,81]],[[0,63],[46,0]]]},
"G611": {"type": "Matrix2x2", "payoffs": [[[72,80],[11,0]],[[25,4],[0,14]]]},
"G612": {"type": "Matrix2x2", "payoffs": [[[0,4],[7,6]],[[62,7],[27,0]]]},
"G613": {"type": "Matrix2x2", "payoffs": [[[0,5],[2,7]],[[28,0],[33,13]]]},
"G614": {"type": "Matrix2x2", "payoffs": [[[10,50],[15,0]],[[0,74],[21,81]]]},
"G615": {"type": "Matrix2x2", "payoffs": [[[18,8],[0,18]],[[84,60],[62,0]]]},
"G616": {"type": "Matrix2x2", "payoffs": [[[0,19],[21,0]],[[96,86],[42,59]]]},
"G617": {"type": "Matrix2x2", "payoffs": [[[87,7],[7,1]],[[0,0],[85,5]]]},
"G618": {"type": "Matrix2x2", "payoffs": [[[64,51],[47,0]],[[0,69],[90,94]]]},
"G619": {"type": "Matrix2x2", "payoffs": [[[2,0],[0,40]],[[9,50],[5,32]]]},
"G620": {"type": "Matrix2x2", "payoffs": [[[2,74],[8,76]],[[1,9],[0,0]]]},
"G621": {"type": "Matrix2x2", "payoffs": [[[2,0],[58,45]],[[0,1],[13,27]]]},
"G622": {"type": "Matrix2x2", "payoffs": [[[39,30],[97,45]],[[0,26],[6,0]]]},
"G623": {"type": "Matrix2x2", "payoffs": [[[18,0],[77,40]],[[57,12],[0,9]]]},
"G624": {"type": "Matrix2x2", "payoffs": [[[23,8],[56,11]],[[0,0],[39,1]]]},
"G625": {"type": "Matrix2x2", "payoffs": [[[55,0],[19,4]],[[0,2],[66,5]]]},
"G626": {"type": "Matrix2x2", "payoffs": [[[46,0],[60,18]],[[11,2],[0,10]]]},
"G627": {"type": "Matrix2x2", "payoffs": [[[0,37],[8,44]],[[7,31],[4,0]]]},
"G628": {"type": "Matrix2x2", "payoffs": [[[0,59],[2,47]],[[96,87],[18,0]]]},
"G629": {"type": "Matrix2x2", "payoffs": [[[13,72],[4,45]],[[5,68],[0,0]]]},
"G630": {"type": "Matrix2x2", "payoffs": [[[1,0],[0,21]],[[28,92],[22,48]]]},
"G631": {"type": "Matrix2x2", "payoffs": [[[9,0],[0,7]],[[59,38],[28,37]]]},
"G632": {"type": "Matrix2x2", "payoffs": [[[5,0],[39,93]],[[10,65],[0,81]]]},
"G633": {"type": "Matrix2x2", "payoffs": [[[49,29],[0,0]],[[10,5],[2,16]]]},
"G634": {"type": "Matrix2x2", "payoffs": [[[13,9],[0,14]],[[35,15],[29,0]]]},
"G635": {"type": "Matrix2x2", "payoffs": [[[36,41],[0,16]],[[6,18],[34,0]]]},
"G636": {"type": "Matrix2x2", "payoffs": [[[72,75],[9,39]],[[38,0],[0,40]]]},
"G637": {"type": "Matrix2x2", "payoffs": [[[57,43],[22,37]],[[47,0],[0,12]]]},
"G638": {"type": "Matrix2x2", "payoffs": [[[4,15],[8,18]],[[0,10],[6,0]]]},
"G639": {"type": "Matrix2x2", "payoffs": [[[97,16],[37,0]],[[65,10],[0,2]]]},
"G640": {"type": "Matrix2x2", "payoffs": [[[47,32],[0,17]],[[16,13],[44,0]]]},
"G641": {"type": "Matrix2x2", "payoffs": [[[1,0],[19,40]],[[69,43],[0,8]]]},
"G642": {"type": "Matrix2x2", "payoffs": [[[0,5],[23,7]],[[8,0],[33,10]]]},
"G643": {"type": "Matrix2x2", "payoffs": [[[30,16],[76,91]],[[0,0],[29,6]]]},
"G644": {"type": "Matrix2x2", "payoffs": [[[19,4],[0,6]],[[44,0],[49,9]]]},
"G645": {"type": "Matrix2x2", "payoffs": [[[0,0],[13,5]],[[20,29],[22,74]]]},
"G646": {"type": "Matrix2x2", "payoffs": [[[15,0],[5,16]],[[0,48],[26,76]]]},
"G647": {"type": "Matrix2x2", "payoffs": [[[37,95],[8,0]],[[22,34],[0,69]]]},
"G648": {"type": "Matrix2x2", "payoffs": [[[0,13],[39,15]],[[4,0],[68,65]]]},
"G649": {"type": "Matrix2x2", "payoffs": [[[17,14],[20,96]],[[19,0],[0,51]]]},
"G650": {"type": "Matrix2x2", "payoffs": [[[0,16],[3,0]],[[81,24],[65,21]]]},
"G651": {"type": "Matrix2x2", "payoffs": [[[0,45],[96,57]],[[57,13],[20,0]]]},
"G652": {"type": "Matrix2x2", "payoffs": [[[31,12],[75,15]],[[45,7],[0,0]]]},
"G653": {"type": "Matrix2x2", "payoffs": [[[9,15],[0,33]],[[2,0],[69,36]]]},
"G654": {"type": "Matrix2x2", "payoffs": [[[59,0],[0,26]],[[31,98],[62,100]]]},
"G655": {"type": "Matrix2x2", "payoffs": [[[48,62],[0,0]],[[37,4],[20,19]]]},
"G656": {"type": "Matrix2x2", "payoffs": [[[85,58],[9,0]],[[57,33],[0,36]]]},
"G657": {"type": "Matrix2x2", "payoffs": [[[86,75],[0,70]],[[71,36],[66,0]]]},
"G658": {"type": "Matrix2x2", "payoffs": [[[0,26],[2,70]],[[7,72],[3,0]]]},
"G659": {"type": "Matrix2x2", "payoffs": [[[42,7],[50,24]],[[32,0],[0,15]]]},
"G660": {"type": "Matrix2x2", "payoffs": [[[8,51],[1,0]],[[0,49],[9,70]]]},
"G661": {"type": "Matrix2x2", "payoffs": [[[41,27],[9,14]],[[0,5],[13,0]]]},
"G662": {"type": "Matrix2x2", "payoffs": [[[27,4],[77,36]],[[59,0],[0,20]]]},
"G663": {"type": "Matrix2x2", "payoffs": [[[43,25],[41,18]],[[14,0],[0,14]]]},
"G664": {"type": "Matrix2x2", "payoffs": [[[1,7],[4,0]],[[5,23],[0,11]]]},
"G665": {"type": "Matrix2x2", "payoffs": [[[21,64],[20,51]],[[41,77],[0,0]]]},
"G666": {"type": "Matrix2x2", "payoffs": [[[57,11],[0,19]],[[12,0],[75,31]]]},
"G667": {"type": "Matrix2x2", "payoffs": [[[55,48],[95,90]],[[37,9],[0,0]]]},
"G668": {"type": "Matrix2x2", "payoffs": [[[0,0],[63,7]],[[97,72],[48,16]]]},
"G669": {"type": "Matrix2x2", "payoffs": [[[0,2],[5,34]],[[1,0],[4,27]]]},
"G670": {"type": "Matrix2x2", "payoffs": [[[25,93],[15,0]],[[11,64],[0,15]]]},
"G671": {"type": "Matrix2x2", "payoffs": [[[55,0],[76,37]],[[0,24],[68,18]]]},
"G672": {"type": "Matrix2x2", "payoffs": [[[0,33],[47,0]],[[72,35],[9,20]]]},
"G673": {"type": "Matrix2x2", "payoffs": [[[0,6],[28,18]],[[37,21],[31,0]]]},
"G674": {"type": "Matrix2x2", "payoffs": [[[29,26],[100,82]],[[65,0],[0,65]]]},
"G675": {"type": "Matrix2x2", "payoffs": [[[0,0],[26,6]],[[37,8],[29,5]]]},
"G676": {"type": "Matrix2x2", "payoffs": [[[1,85],[0,0]],[[29,86],[10,62]]]},
"G677": {"type": "Matrix2x2", "payoffs": [[[10,2],[94,6]],[[0,4],[14,0]]]},
"G678": {"type": "Matrix2x2", "payoffs": [[[13,0],[32,71]],[[0,45],[16,64]]]},
"G679": {"type": "Matrix2x2", "payoffs": [[[95,0],[0,58]],[[79,6],[96,94]]]},
"G680": {"type": "Matrix2x2", "payoffs": [[[44,47],[61,91]],[[19,0],[0,22]]]},
"G681": {"type": "Matrix2x2", "payoffs": [[[35,17],[47,44]],[[0,23],[16,0]]]},
"G682": {"type": "Matrix2x2", "payoffs": [[[51,63],[5,0]],[[58,70],[0,38]]]},
"G683": {"type": "Matrix2x2", "payoffs": [[[2,47],[0,53]],[[7,55],[4,0]]]},
"G684": {"type": "Matrix2x2", "payoffs": [[[7,0],[49,26]],[[0,17],[29,5]]]},
"G685": {"type": "Matrix2x2", "payoffs": [[[5,19],[23,0]],[[83,74],[0,67]]]},
"G686": {"type": "Matrix2x2", "payoffs": [[[54,51],[0,44]],[[15,0],[17,42]]]},
"G687": {"type": "Matrix2x2", "payoffs": [[[51,16],[34,0]],[[85,40],[0,35]]]},
"G688": {"type": "Matrix2x2", "payoffs": [[[15,71],[16,23]],[[0,0],[18,89]]]},
"G689": {"type": "Matrix2x2", "payoffs": [[[3,0],[8,49]],[[16,72],[0,13]]]},
"G690": {"type": "Matrix2x2", "payoffs": [[[88,91],[60,72]],[[0,44],[23,0]]]},
"G691": {"type": "Matrix2x2", "payoffs": [[[14,74],[3,37]],[[0,55],[8,0]]]},
"G692": {"type": "Matrix2x2", "payoffs": [[[53,27],[37,0]],[[0,9],[57,42]]]},
"G693": {"type": "Matrix2x2", "payoffs": [[[0,26],[75,76]],[[33,22],[67,0]]]},
"G694": {"type": "Matrix2x2", "payoffs": [[[22,11],[0,0]],[[31,35],[18,25]]]},
"G695": {"type": "Matrix2x2", "payoffs": [[[0,0],[41,23]],[[44,87],[2,4]]]},
"G696": {"type": "Matrix2x2", "payoffs": [[[52,61],[0,0]],[[13,7],[33,18]]]},
"G697": {"type": "Matrix2x2", "payoffs": [[[38,79],[3,0]],[[0,6],[36,47]]]},
"G698": {"type": "Matrix2x2", "payoffs": [[[38,59],[24,10]],[[0,0],[27,30]]]},
"G699": {"type": "Matrix2x2", "payoffs": [[[7,0],[0,3]],[[11,2],[13,4]]]},
"G700": {"type": "Matrix2x2", "payoffs": [[[0,27],[9,28]],[[2,0],[19,90]]]},
"G701": {"type": "Matrix2x2", "payoffs": [[[37,47],[0,4]],[[59,57],[7,0]]]},
"G702": {"type": "Matrix2x2", "payoffs": [[[52,15],[55,0]],[[81,16],[0,12]]]},
"G703": {"type": "Matrix2x2", "payoffs": [[[61,5],[91,6]],[[41,0],[0,3]]]},
"G704": {"type": "Matrix2x2", "payoffs": [[[31,39],[2,16]],[[3,0],[0,14]]]},
"G705": {"type": "Matrix2x2", "payoffs": [[[29,4],[22,0]],[[0,1],[19,3]]]},
"G706": {"type": "Matrix2x2", "payoffs": [[[77,98],[68,0]],[[0,1],[4,65]]]},
"G707": {"type": "Matrix2x2", "payoffs": [[[0,17],[99,76]],[[19,6],[69,0]]]},
"G708": {"type": "Matrix2x2", "payoffs": [[[0,49],[3,0]],[[48,81],[44,60]]]},
"G709": {"type": "Matrix2x2", "payoffs": [[[95,41],[0,0]],[[64,32],[77,23]]]},
"G710": {"type": "Matrix2x2", "payoffs": [[[2,67],[31,0]],[[0,28],[62,85]]]},
"G711": {"type": "Matrix2x2", "payoffs": [[[67,17],[0,22]],[[40,0],[89,54]]]},
"G712": {"type": "Matrix2x2", "payoffs": [[[0,28],[8,62]],[[21,83],[10,0]]]},
"G713": {"type": "Matrix2x2", "payoffs": [[[4,23],[3,18]],[[0,17],[1,0]]]},
"G714": {"type": "Matrix2x2", "payoffs": [[[0,9],[21,6]],[[77,20],[75,0]]]},
"G715": {"type": "Matrix2x2", "payoffs": [[[13,0],[25,45]],[[57,67],[0,37]]]},
"G716": {"type": "Matrix2x2", "payoffs": [[[69,83],[36,53]],[[0,22],[24,0]]]},
"G717": {"type": "Matrix2x2", "payoffs": [[[11,0],[58,78]],[[0,21],[35,54]]]},
"G718": {"type": "Matrix2x2", "payoffs": [[[0,14],[68,21]],[[66,0],[55,15]]]},
"G719": {"type": "Matrix2x2", "payoffs": [[[0,5],[3,0]],[[2,17],[4,51]]]},
"G720": {"type": "Matrix2x2", "payoffs": [[[78,0],[82,17]],[[51,8],[0,5]]]},
"G721": {"type": "Matrix2x2", "payoffs": [[[16,59],[1,0]],[[9,8],[0,56]]]},
"G722": {"type": "Matrix2x2", "payoffs": [[[57,0],[86,20]],[[24,10],[0,15]]]},
"G723": {"type": "Matrix2x2", "payoffs": [[[20,24],[39,26]],[[27,0],[0,25]]]},
"G724": {"type": "Matrix2x2", "payoffs": [[[24,41],[86,27]],[[0,0],[88,56]]]},
"G725": {"type": "Matrix2x2", "payoffs": [[[28,13],[0,68]],[[92,83],[69,0]]]},
"G726": {"type": "Matrix2x2", "payoffs": [[[14,0],[8,2]],[[40,46],[0,31]]]},
"G727": {"type": "Matrix2x2", "payoffs": [[[0,28],[6,0]],[[5,22],[8,51]]]},
"G728": {"type": "Matrix2x2", "payoffs": [[[97,80],[42,58]],[[0,71],[38,0]]]},
"G729": {"type": "Matrix2x2", "payoffs": [[[58,99],[0,0]],[[13,87],[49,8]]]},
"G730": {"type": "Matrix2x2", "payoffs": [[[76,43],[0,12]],[[70,7],[54,0]]]},
"G731": {"type": "Matrix2x2", "payoffs": [[[10,0],[42,1]],[[0,2],[70,3]]]},
"G732": {"type": "Matrix2x2", "payoffs": [[[96,30],[0,11]],[[95,28],[61,0]]]},
"G733": {"type": "Matrix2x2", "payoffs": [[[0,49],[42,53]],[[35,0],[30,12]]]},
"G734": {"type": "Matrix2x2", "payoffs": [[[15,11],[10,27]],[[0,0],[23,72]]]},
"G735": {"type": "Matrix2x2", "payoffs": [[[74,27],[73,0]],[[0,19],[13,5]]]},
"G736": {"type": "Matrix2x2", "payoffs": [[[53,0],[58,79]],[[0,63],[7,16]]]},
"G737": {"type": "Matrix2x2", "payoffs": [[[4,9],[28,3]],[[0,0],[33,10]]]},
"G738": {"type": "Matrix2x2", "payoffs": [[[1,63],[2,0]],[[0,74],[10,98]]]},
"G739": {"type": "Matrix2x2", "payoffs": [[[0,0],[96,78]],[[5,60],[58,46]]]},
"G740": {"type": "Matrix2x2", "payoffs": [[[66,44],[0,15]],[[30,0],[4,10]]]},
"G741": {"type": "Matrix2x2", "payoffs": [[[20,0],[18,7]],[[0,40],[87,69]]]},
"G742": {"type": "Matrix2x2", "payoffs": [[[38,0],[58,76]],[[13,67],[0,6]]]},
"G743": {"type": "Matrix2x2", "payoffs": [[[5,2],[17,7]],[[12,6],[0,0]]]},
"G744": {"type": "Matrix2x2", "payoffs": [[[81,9],[0,0]],[[7,24],[92,34]]]},
"G745": {"type": "Matrix2x2", "payoffs": [[[51,69],[1,31]],[[0,60],[47,0]]]},
"G746": {"type": "Matrix2x2", "payoffs": [[[0,0],[52,9]],[[24,8],[48,2]]]},
"G747": {"type": "Matrix2x2", "payoffs": [[[21,69],[14,0]],[[0,14],[2,22]]]},
"G748": {"type": "Matrix2x2", "payoffs": [[[33,0],[0,9]],[[46,78],[14,42]]]},
"G749": {"type": "Matrix2x2", "payoffs": [[[0,7],[6,2]],[[11,0],[28,19]]]},
"G750": {"type": "Matrix2x2", "payoffs": [[[77,6],[0,0]],[[63,3],[70,1]]]},
"G751": {"type": "Matrix2x2", "payoffs": [[[8,18],[54,32]],[[24,10],[0,0]]]},
"G752": {"type": "Matrix2x2", "payoffs": [[[65,2],[71,13]],[[0,4],[1,0]]]},
"G753": {"type": "Matrix2x2", "payoffs": [[[0,43],[36,27]],[[97,44],[24,0]]]},
"G754": {"type": "Matrix2x2", "payoffs": [[[6,30],[73,59]],[[9,9],[0,0]]]},
"G755": {"type": "Matrix2x2", "payoffs": [[[36,6],[8,0]],[[50,11],[0,3]]]},
"G756": {"type": "Matrix2x2", "payoffs": [[[47,32],[0,14]],[[72,87],[38,0]]]},
"G757": {"type": "Matrix2x2", "payoffs": [[[53,0],[0,20]],[[34,16],[84,34]]]},
"G758": {"type": "Matrix2x2", "payoffs": [[[35,0],[0,8]],[[28,22],[46,30]]]},
"G759": {"type": "Matrix2x2", "payoffs": [[[89,93],[73,53]],[[47,91],[0,0]]]},
"G760": {"type": "Matrix2x2", "payoffs": [[[87,91],[0,86]],[[37,0],[32,36]]]},
"G761": {"type": "Matrix2x2", "payoffs": [[[13,12],[0,0]],[[3,68],[16,69]]]},
"G762": {"type": "Matrix2x2", "payoffs": [[[83,36],[0,33]],[[75,14],[25,0]]]},
"G763": {"type": "Matrix2x2", "payoffs": [[[18,10],[0,3]],[[7,0],[20,12]]]},
"G764": {"type": "Matrix2x2", "payoffs": [[[50,7],[18,2]],[[0,0],[74,8]]]},
"G765": {"type": "Matrix2x2", "payoffs": [[[31,7],[0,0]],[[1,1],[72,23]]]},
"G766": {"type": "Matrix2x2", "payoffs": [[[46,0],[57,91]],[[34,11],[0,86]]]},
"G767": {"type": "Matrix2x2", "payoffs": [[[8,35],[25,25]],[[81,42],[0,0]]]},
"G768": {"type": "Matrix2x2", "payoffs": [[[0,1],[7,0]],[[50,5],[62,9]]]},
"G769": {"type": "Matrix2x2", "payoffs": [[[0,1],[16,0]],[[6,9],[37,18]]]},
"G770": {"type": "Matrix2x2", "payoffs": [[[0,7],[26,0]],[[61,15],[19,11]]]},
"G771": {"type": "Matrix2x2", "payoffs": [[[0,0],[33,96]],[[1,83],[31,90]]]},
"G772": {"type": "Matrix2x2", "payoffs": [[[81,58],[0,0]],[[67,21],[2,16]]]},
"G773": {"type": "Matrix2x2", "payoffs": [[[11,0],[8,9]],[[17,16],[0,15]]]},
"G774": {"type": "Matrix2x2", "payoffs": [[[13,22],[18,54]],[[6,0],[0,10]]]},
"G775": {"type": "Matrix2x2", "payoffs": [[[72,53],[3,11]],[[0,0],[11,51]]]},
"G776": {"type": "Matrix2x2", "payoffs": [[[38,81],[0,0]],[[17,35],[10,31]]]},
"G777": {"type": "Matrix2x2", "payoffs": [[[47,49],[24,28]],[[0,14],[38,0]]]},
"G778": {"type": "Matrix2x2", "payoffs": [[[0,22],[12,13]],[[58,26],[50,0]]]},
"G779": {"type": "Matrix2x2", "payoffs": [[[1,53],[4,0]],[[6,84],[0,81]]]},
"G780": {"type": "Matrix2x2", "payoffs": [[[0,49],[70,53]],[[66,0],[36,11]]]},
"G781": {"type": "Matrix2x2", "payoffs": [[[21,28],[0,0]],[[73,62],[26,43]]]},
"G782": {"type": "Matrix2x2", "payoffs": [[[16,43],[11,0]],[[0,45],[65,58]]]},
"G783": {"type": "Matrix2x2", "payoffs": [[[0,0],[64,5]],[[26,1],[76,7]]]},
"G784": {"type": "Matrix2x2", "payoffs": [[[0,0],[54,93]],[[7,77],[5,44]]]},
"G785": {"type": "Matrix2x2", "payoffs": [[[9,11],[27,0]],[[44,51],[0,39]]]},
"G786": {"type": "Matrix2x2", "payoffs": [[[27,27],[36,0]],[[42,68],[0,60]]]},
"G787": {"type": "Matrix2x2", "payoffs": [[[18,32],[0,9]],[[2,0],[26,40]]]},
"G788": {"type": "Matrix2x2", "payoffs": [[[7,95],[3,19]],[[0,44],[6,0]]]},
"G789": {"type": "Matrix2x2", "payoffs": [[[9,10],[0,7]],[[19,0],[71,15]]]},
"G790": {"type": "Matrix2x2", "payoffs": [[[21,15],[15,9]],[[0,0],[6,6]]]},
"G791": {"type": "Matrix2x2", "payoffs": [[[29,83],[7,6]],[[0,0],[1,65]]]},
"G792": {"type": "Matrix2x2", "payoffs": [[[0,0],[82,26]],[[66,13],[62,7]]]},
"G793": {"type": "Matrix2x2", "payoffs": [[[18,6],[17,7]],[[0,0],[52,15]]]},
"G794": {"type": "Matrix2x2", "payoffs": [[[76,39],[0,0]],[[35,14],[46,13]]]},
"G795": {"type": "Matrix2x2", "payoffs": [[[60,34],[35,0]],[[92,57],[0,35]]]},
"G796": {"type": "Matrix2x2", "payoffs": [[[93,92],[0,60]],[[80,0],[61,42]]]},
"G797": {"type": "Matrix2x2", "payoffs": [[[63,62],[0,3]],[[20,8],[15,0]]]},
"G798": {"type": "Matrix2x2", "payoffs": [[[0,49],[81,55]],[[42,9],[31,0]]]},
"G799": {"type": "Matrix2x2", "payoffs": [[[59,30],[0,0]],[[4,12],[95,32]]]},
"G800": {"type": "Matrix2x2", "payoffs": [[[33,0],[88,23]],[[0,9],[54,18]]]},
"G801": {"type": "Matrix2x2", "payoffs": [[[34,30],[0,63]],[[59,83],[41,0]]]},
"G802": {"type": "Matrix2x2", "payoffs": [[[0,0],[90,80]],[[6,51],[50,7]]]},
"G803": {"type": "Matrix2x2", "payoffs": [[[38,0],[0,7]],[[39,38],[1,25]]]},
"G804": {"type": "Matrix2x2", "payoffs": [[[63,83],[11,78]],[[0,0],[41,35]]]},
"G805": {"type": "Matrix2x2", "payoffs": [[[5,46],[7,79]],[[0,0],[1,49]]]},
"G806": {"type": "Matrix2x2", "payoffs": [[[0,0],[9,13]],[[25,43],[13,14]]]},
"G807": {"type": "Matrix2x2", "payoffs": [[[0,0],[16,9]],[[37,69],[31,14]]]},
"G808": {"type": "Matrix2x2", "payoffs": [[[76,10],[0,3]],[[9,0],[51,6]]]},
"G809": {"type": "Matrix2x2", "payoffs": [[[4,0],[0,82]],[[5,93],[6,96]]]},
"G810": {"type": "Matrix2x2", "payoffs": [[[53,0],[45,8]],[[0,4],[64,9]]]},
"G811": {"type": "Matrix2x2", "payoffs": [[[52,19],[68,61]],[[0,59],[46,0]]]},
"G812": {"type": "Matrix2x2", "payoffs": [[[69,12],[0,10]],[[50,1],[24,0]]]},
"G813": {"type": "Matrix2x2", "payoffs": [[[56,48],[0,17]],[[17,0],[14,41]]]},
"G814": {"type": "Matrix2x2", "payoffs": [[[43,2],[2,0]],[[76,6],[0,3]]]},
"G815": {"type": "Matrix2x2", "payoffs": [[[19,10],[60,22]],[[28,9],[0,0]]]},
"G816": {"type": "Matrix2x2", "payoffs": [[[34,0],[45,59]],[[6,22],[0,56]]]},
"G817": {"type": "Matrix2x2", "payoffs": [[[45,13],[33,9]],[[52,17],[0,0]]]},
"G818": {"type": "Matrix2x2", "payoffs": [[[27,12],[35,25]],[[0,0],[34,7]]]},
"G819": {"type": "Matrix2x2", "payoffs": [[[32,8],[0,27]],[[45,80],[28,0]]]},
"G820": {"type": "Matrix2x2", "payoffs": [[[64,93],[57,35]],[[0,12],[16,0]]]},
"G821": {"type": "Matrix2x2", "payoffs": [[[7,17],[2,0]],[[0,10],[12,78]]]},
"G822": {"type": "Matrix2x2", "payoffs": [[[32,13],[0,7]],[[46,55],[23,0]]]},
"G823": {"type": "Matrix2x2", "payoffs": [[[1,36],[2,0]],[[8,70],[0,43]]]},
"G824": {"type": "Matrix2x2", "payoffs": [[[0,59],[53,74]],[[14,4],[10,0]]]},
"G825": {"type": "Matrix2x2", "payoffs": [[[83,14],[0,0]],[[39,27],[93,30]]]},
"G826": {"type": "Matrix2x2", "payoffs": [[[12,10],[0,0]],[[7,9],[2,3]]]},
"G827": {"type": "Matrix2x2", "payoffs": [[[3,12],[0,18]],[[2,0],[6,31]]]},
"G828": {"type": "Matrix2x2", "payoffs": [[[0,66],[93,95]],[[32,86],[15,0]]]},
"G829": {"type": "Matrix2x2", "payoffs": [[[47,78],[21,71]],[[6,27],[0,0]]]},
"G830": {"type": "Matrix2x2", "payoffs": [[[20,12],[0,0]],[[67,21],[54,6]]]},
"G831": {"type": "Matrix2x2", "payoffs": [[[8,1],[3,3]],[[0,0],[88,4]]]},
"G832": {"type": "Matrix2x2", "payoffs": [[[0,23],[54,14]],[[69,56],[43,0]]]},
"G833": {"type": "Matrix2x2", "payoffs": [[[0,9],[12,12]],[[30,0],[84,13]]]},
"G834": {"type": "Matrix2x2", "payoffs": [[[33,6],[28,0]],[[0,4],[18,1]]]},
"G835": {"type": "Matrix2x2", "payoffs": [[[0,0],[18,16]],[[53,18],[13,1]]]},
"G836": {"type": "Matrix2x2", "payoffs": [[[1,0],[5,56]],[[0,53],[2,9]]]},
"G837": {"type": "Matrix2x2", "payoffs": [[[37,100],[13,0]],[[0,70],[30,22]]]},
"G838": {"type": "Matrix2x2", "payoffs": [[[27,24],[57,82]],[[18,0],[0,6]]]},
"G839": {"type": "Matrix2x2", "payoffs": [[[3,16],[13,19]],[[0,0],[53,26]]]},
"G840": {"type": "Matrix2x2", "payoffs": [[[0,12],[6,86]],[[2,76],[5,0]]]},
"G841": {"type": "Matrix2x2", "payoffs": [[[29,8],[0,0]],[[94,14],[3,11]]]},
"G842": {"type": "Matrix2x2", "payoffs": [[[20,30],[0,27]],[[6,21],[15,0]]]},
"G843": {"type": "Matrix2x2", "payoffs": [[[18,0],[0,5]],[[5,20],[19,37]]]},
"G844": {"type": "Matrix2x2", "payoffs": [[[76,61],[4,13]],[[51,11],[0,0]]]},
"G845": {"type": "Matrix2x2", "payoffs": [[[90,41],[19,17]],[[0,9],[54,0]]]},
"G846": {"type": "Matrix2x2", "payoffs": [[[2,52],[0,1]],[[1,0],[4,69]]]},
"G847": {"type": "Matrix2x2", "payoffs": [[[0,5],[10,4]],[[16,7],[12,0]]]},
"G848": {"type": "Matrix2x2", "payoffs": [[[40,27],[31,8]],[[0,4],[32,0]]]},
"G849": {"type": "Matrix2x2", "payoffs": [[[11,38],[25,13]],[[0,0],[48,47]]]},
"G850": {"type": "Matrix2x2", "payoffs": [[[63,17],[77,0]],[[86,100],[0,92]]]},
"G851": {"type": "Matrix2x2", "payoffs": [[[41,0],[67,38]],[[10,20],[0,37]]]},
"G852": {"type": "Matrix2x2", "payoffs": [[[29,0],[35,6]],[[0,10],[39,49]]]},
"G853": {"type": "Matrix2x2", "payoffs": [[[8,0],[12,31]],[[11,23],[0,3]]]},
"G854": {"type": "Matrix2x2", "payoffs": [[[0,0],[53,17]],[[24,2],[48,5]]]},
"G855": {"type": "Matrix2x2", "payoffs": [[[0,0],[2,26]],[[9,49],[6,5]]]},
"G856": {"type": "Matrix2x2", "payoffs": [[[18,47],[9,11]],[[0,0],[3,32]]]},
"G857": {"type": "Matrix2x2", "payoffs": [[[39,5],[51,9]],[[31,0],[0,4]]]},
"G858": {"type": "Matrix2x2", "payoffs": [[[7,40],[0,37]],[[6,0],[8,57]]]},
"G859": {"type": "Matrix2x2", "payoffs": [[[0,4],[10,0]],[[63,24],[66,28]]]},
"G860": {"type": "Matrix2x2", "payoffs": [[[0,0],[2,44]],[[49,11],[51,53]]]},
"G861": {"type": "Matrix2x2", "payoffs": [[[19,1],[0,6]],[[21,9],[11,0]]]},
"G862": {"type": "Matrix2x2", "payoffs": [[[82,30],[81,8]],[[0,0],[57,12]]]},
"G863": {"type": "Matrix2x2", "payoffs": [[[39,0],[51,38]],[[49,26],[0,20]]]},
"G864": {"type": "Matrix2x2", "payoffs": [[[47,0],[59,46]],[[0,23],[32,34]]]},
"G865": {"type": "Matrix2x2", "payoffs": [[[3,0],[48,46]],[[35,3],[0,31]]]},
"G866": {"type": "Matrix2x2", "payoffs": [[[0,7],[15,43]],[[26,47],[21,0]]]},
"G867": {"type": "Matrix2x2", "payoffs": [[[8,46],[6,66]],[[44,85],[0,0]]]},
"G868": {"type": "Matrix2x2", "payoffs": [[[41,77],[9,0]],[[36,51],[0,20]]]},
"G869": {"type": "Matrix2x2", "payoffs": [[[0,78],[68,69]],[[80,0],[81,85]]]},
"G870": {"type": "Matrix2x2", "payoffs": [[[97,41],[3,35]],[[85,0],[0,12]]]},
"G871": {"type": "Matrix2x2", "payoffs": [[[0,75],[26,3]],[[5,0],[34,89]]]},
"G872": {"type": "Matrix2x2", "payoffs": [[[54,82],[0,37]],[[14,0],[43,55]]]},
"G873": {"type": "Matrix2x2", "payoffs": [[[0,36],[33,27]],[[23,0],[54,40]]]},
"G874": {"type": "Matrix2x2", "payoffs": [[[20,17],[0,14]],[[26,44],[18,0]]]},
"G875": {"type": "Matrix2x2", "payoffs": [[[34,22],[15,20]],[[0,0],[61,28]]]},
"G876": {"type": "Matrix2x2", "payoffs": [[[0,30],[73,0]],[[90,48],[46,15]]]},
"G877": {"type": "Matrix2x2", "payoffs": [[[4,22],[23,40]],[[13,0],[0,32]]]},
"G878": {"type": "Matrix2x2", "payoffs": [[[0,0],[59,33]],[[18,14],[75,34]]]},
"G879": {"type": "Matrix2x2", "payoffs": [[[0,0],[53,97]],[[6,48],[16,47]]]},
"G880": {"type": "Matrix2x2", "payoffs": [[[80,13],[62,11]],[[25,2],[0,0]]]},
"G881": {"type": "Matrix2x2", "payoffs": [[[0,12],[3,24]],[[1,0],[2,20]]]},
"G882": {"type": "Matrix2x2", "payoffs": [[[9,41],[36,26]],[[40,47],[0,0]]]},
"G883": {"type": "Matrix2x2", "payoffs": [[[33,96],[19,5]],[[12,0],[0,30]]]},
"G884": {"type": "Matrix2x2", "payoffs": [[[16,16],[0,25]],[[24,49],[14,0]]]},
"G885": {"type": "Matrix2x2", "payoffs": [[[62,0],[40,32]],[[0,33],[64,49]]]},
"G886": {"type": "Matrix2x2", "payoffs": [[[75,14],[22,0]],[[0,5],[53,10]]]},
"G887": {"type": "Matrix2x2", "payoffs": [[[7,2],[22,3]],[[8,0],[0,1]]]},
"G888": {"type": "Matrix2x2", "payoffs": [[[0,0],[24,8]],[[74,12],[52,10]]]},
"G889": {"type": "Matrix2x2", "payoffs": [[[15,3],[0,0]],[[18,10],[16,9]]]},
"G890": {"type": "Matrix2x2", "payoffs": [[[12,1],[22,62]],[[7,43],[0,0]]]},
"G891": {"type": "Matrix2x2", "payoffs": [[[11,71],[3,0]],[[1,37],[0,10]]]},
"G892": {"type": "Matrix2x2", "payoffs": [[[0,0],[7,9]],[[63,17],[48,5]]]},
"G893": {"type": "Matrix2x2", "payoffs": [[[41,42],[4,0]],[[29,37],[0,26]]]},
"G894": {"type": "Matrix2x2", "payoffs": [[[22,4],[0,0]],[[49,6],[44,1]]]},
"G895": {"type": "Matrix2x2", "payoffs": [[[45,12],[0,2]],[[15,5],[14,0]]]},
"G896": {"type": "Matrix2x2", "payoffs": [[[78,35],[19,24]],[[7,9],[0,0]]]},
"G897": {"type": "Matrix2x2", "payoffs": [[[3,3],[0,0]],[[54,5],[57,17]]]},
"G898": {"type": "Matrix2x2", "payoffs": [[[37,8],[36,1]],[[73,10],[0,0]]]},
"G899": {"type": "Matrix2x2", "payoffs": [[[74,79],[46,0]],[[0,45],[25,22]]]},
"G900": {"type": "Matrix2x2", "payoffs": [[[0,0],[24,16]],[[35,78],[9,51]]]},
"G901": {"type": "Matrix2x2", "payoffs": [[[19,60],[0,46]],[[13,41],[3,0]]]},
"G902": {"type": "Matrix2x2", "payoffs": [[[82,22],[28,0]],[[0,10],[83,74]]]},
"G903": {"type": "Matrix2x2", "payoffs": [[[24,62],[0,0]],[[12,29],[10,35]]]},
"G904": {"type": "Matrix2x2", "payoffs": [[[52,18],[86,26]],[[29,0],[0,7]]]},
"G905": {"type": "Matrix2x2", "payoffs": [[[0,1],[41,0]],[[53,21],[63,26]]]},
"G906": {"type": "Matrix2x2", "payoffs": [[[0,19],[4,6]],[[7,52],[5,0]]]},
"G907": {"type": "Matrix2x2", "payoffs": [[[15,0],[0,16]],[[47,36],[83,72]]]},
"G908": {"type": "Matrix2x2", "payoffs": [[[0,7],[13,52]],[[9,17],[3,0]]]},
"G909": {"type": "Matrix2x2", "payoffs": [[[12,0],[10,3]],[[13,47],[0,21]]]},
"G910": {"type": "Matrix2x2", "payoffs": [[[1,26],[3,53]],[[2,14],[0,0]]]},
"G911": {"type": "Matrix2x2", "payoffs": [[[0,9],[49,23]],[[19,16],[14,0]]]},
"G912": {"type": "Matrix2x2", "payoffs": [[[7,7],[0,3]],[[10,0],[11,10]]]},
"G913": {"type": "Matrix2x2", "payoffs": [[[0,10],[85,23]],[[47,0],[68,3]]]},
"G914": {"type": "Matrix2x2", "payoffs": [[[18,12],[32,70]],[[16,0],[0,10]]]},
"G915": {"type": "Matrix2x2", "payoffs": [[[29,5],[0,51]],[[35,0],[71,72]]]},
"G916": {"type": "Matrix2x2", "payoffs": [[[0,0],[48,36]],[[12,38],[83,82]]]},
"G917": {"type": "Matrix2x2", "payoffs": [[[50,0],[0,6]],[[66,10],[62,3]]]},
"G918": {"type": "Matrix2x2", "payoffs": [[[0,81],[53,0]],[[55,87],[4,28]]]},
"G919": {"type": "Matrix2x2", "payoffs": [[[7,67],[8,89]],[[2,0],[0,22]]]},
"G920": {"type": "Matrix2x2", "payoffs": [[[21,0],[0,72]],[[12,23],[33,88]]]},
"G921": {"type": "Matrix2x2", "payoffs": [[[0,0],[63,53]],[[88,64],[67,58]]]},
"G922": {"type": "Matrix2x2", "payoffs": [[[32,96],[0,31]],[[26,0],[10,74]]]},
"G923": {"type": "Matrix2x2", "payoffs": [[[69,2],[77,14]],[[64,0],[0,11]]]},
"G924": {"type": "Matrix2x2", "payoffs": [[[0,0],[16,20]],[[70,35],[29,32]]]},
"G925": {"type": "Matrix2x2", "payoffs": [[[7,20],[58,7]],[[65,34],[0,0]]]},
"G926": {"type": "Matrix2x2", "payoffs": [[[9,6],[0,0]],[[2,37],[18,51]]]},
"G927": {"type": "Matrix2x2", "payoffs": [[[0,12],[18,74]],[[8,67],[12,0]]]},
"G928": {"type": "Matrix2x2", "payoffs": [[[0,0],[83,18]],[[19,12],[33,15]]]},
"G929": {"type": "Matrix2x2", "payoffs": [[[5,0],[10,19]],[[24,55],[0,20]]]},
"G930": {"type": "Matrix2x2", "payoffs": [[[28,40],[45,0]],[[0,60],[54,85]]]},
"G931": {"type": "Matrix2x2", "payoffs": [[[0,51],[49,0]],[[73,58],[72,14]]]},
"G932": {"type": "Matrix2x2", "payoffs": [[[94,58],[42,34]],[[0,24],[5,0]]]},
"G933": {"type": "Matrix2x2", "payoffs": [[[1,16],[47,0]],[[0,90],[78,92]]]},
"G934": {"type": "Matrix2x2", "payoffs": [[[29,0],[58,66]],[[0,51],[3,12]]]},
"G935": {"type": "Matrix2x2", "payoffs": [[[44,50],[18,80]],[[77,97],[0,0]]]},
"G936": {"type": "Matrix2x2", "payoffs": [[[0,23],[18,0]],[[27,25],[66,42]]]},
"G937": {"type": "Matrix2x2", "payoffs": [[[0,39],[49,57]],[[21,0],[12,33]]]},
"G938": {"type": "Matrix2x2", "payoffs": [[[2,53],[8,0]],[[0,56],[12,76]]]},
"G939": {"type": "Matrix2x2", "payoffs": [[[39,52],[53,82]],[[0,8],[11,0]]]},
"G940": {"type": "Matrix2x2", "payoffs": [[[17,17],[25,0]],[[28,27],[0,9]]]},
"G941": {"type": "Matrix2x2", "payoffs": [[[100,54],[21,47]],[[0,0],[54,10]]]},
"G942": {"type": "Matrix2x2", "payoffs": [[[38,0],[15,10]],[[0,5],[55,12]]]},
"G943": {"type": "Matrix2x2", "payoffs": [[[6,2],[11,14]],[[29,19],[0,0]]]},
"G944": {"type": "Matrix2x2", "payoffs": [[[27,52],[0,4]],[[3,0],[21,32]]]},
"G945": {"type": "Matrix2x2", "payoffs": [[[11,13],[0,0]],[[22,10],[35,37]]]},
"G946": {"type": "Matrix2x2", "payoffs": [[[12,21],[10,24]],[[54,41],[0,0]]]},
"G947": {"type": "Matrix2x2", "payoffs": [[[0,0],[99,52]],[[92,40],[29,41]]]},
"G948": {"type": "Matrix2x2", "payoffs": [[[1,35],[8,22]],[[31,51],[0,0]]]},
"G949": {"type": "Matrix2x2", "payoffs": [[[46,8],[15,1]],[[30,6],[0,0]]]},
"G950": {"type": "Matrix2x2", "payoffs": [[[7,0],[2,61]],[[0,27],[8,85]]]},
"G951": {"type": "Matrix2x2", "payoffs": [[[5,39],[0,51]],[[6,78],[4,0]]]},
"G952": {"type": "Matrix2x2", "payoffs": [[[55,96],[16,25]],[[0,0],[41,17]]]},
"G953": {"type": "Matrix2x2", "payoffs": [[[62,7],[0,5]],[[38,0],[39,2]]]},
"G954": {"type": "Matrix2x2", "payoffs": [[[47,5],[26,0]],[[58,30],[0,21]]]},
"G955": {"type": "Matrix2x2", "payoffs": [[[89,10],[54,2]],[[0,0],[64,5]]]},
"G956": {"type": "Matrix2x2", "payoffs": [[[7,6],[13,55]],[[0,0],[11,46]]]},
"G957": {"type": "Matrix2x2", "payoffs": [[[61,0],[88,30]],[[68,19],[0,29]]]},
"G958": {"type": "Matrix2x2", "payoffs": [[[73,19],[12,0]],[[87,42],[0,7]]]},
"G959": {"type": "Matrix2x2", "payoffs": [[[6,3],[0,22]],[[51,23],[10,0]]]},
"G960": {"type": "Matrix2x2", "payoffs": [[[36,73],[17,55]],[[5,0],[0,37]]]},
"G961": {"type": "Matrix2x2", "payoffs": [[[0,12],[10,0]],[[21,24],[8,17]]]},
"G962": {"type": "Matrix2x2", "payoffs": [[[1,50],[4,0]],[[6,82],[0,10]]]},
"G963": {"type": "Matrix2x2", "payoffs": [[[0,4],[4,0]],[[5,14],[8,16]]]},
"G964": {"type": "Matrix2x2", "payoffs": [[[2,4],[0,16]],[[22,0],[27,25]]]},
"G965": {"type": "Matrix2x2", "payoffs": [[[6,12],[14,54]],[[8,1],[0,0]]]},
"G966": {"type": "Matrix2x2", "payoffs": [[[32,9],[14,2]],[[16,5],[0,0]]]},
"G967": {"type": "Matrix2x2", "payoffs": [[[0,41],[3,0]],[[1,14],[8,83]]]},
"G968": {"type": "Matrix2x2", "payoffs": [[[16,89],[0,77]],[[5,0],[8,22]]]},
"G969": {"type": "Matrix2x2", "payoffs": [[[11,0],[72,32]],[[0,22],[5,17]]]},
"G970": {"type": "Matrix2x2", "payoffs": [[[0,9],[97,33]],[[2,0],[77,17]]]},
"G971": {"type": "Matrix2x2", "payoffs": [[[0,0],[1,39]],[[6,2],[8,88]]]},
"G972": {"type": "Matrix2x2", "payoffs": [[[2,0],[1,27]],[[4,95],[0,73]]]},
"G973": {"type": "Matrix2x2", "payoffs": [[[56,0],[0,42]],[[92,50],[12,18]]]},
"G974": {"type": "Matrix2x2", "payoffs": [[[0,16],[8,32]],[[7,0],[6,20]]]},
"G975": {"type": "Matrix2x2", "payoffs": [[[13,8],[29,28]],[[0,0],[25,26]]]},
"G976": {"type": "Matrix2x2", "payoffs": [[[8,12],[22,31]],[[1,0],[0,15]]]},
"G977": {"type": "Matrix2x2", "payoffs": [[[76,14],[98,84]],[[43,0],[0,67]]]},
"G978": {"type": "Matrix2x2", "payoffs": [[[16,27],[11,0]],[[7,6],[0,17]]]},
"G979": {"type": "Matrix2x2", "payoffs": [[[63,45],[15,0]],[[47,11],[0,24]]]},
"G980": {"type": "Matrix2x2", "payoffs": [[[71,50],[0,0]],[[10,6],[8,35]]]},
"G981": {"type": "Matrix2x2", "payoffs": [[[95,75],[72,57]],[[82,37],[0,0]]]},
"G982": {"type": "Matrix2x2", "payoffs": [[[9,13],[5,0]],[[6,12],[0,10]]]},
"G983": {"type": "Matrix2x2", "payoffs": [[[9,14],[19,0]],[[37,81],[0,53]]]},
"G984": {"type": "Matrix2x2", "payoffs": [[[63,42],[24,28]],[[23,3],[0,0]]]},
"G985": {"type": "Matrix2x2", "payoffs": [[[56,62],[0,0]],[[20,42],[8,30]]]},
"G986": {"type": "Matrix2x2", "payoffs": [[[25,0],[0,7]],[[13,9],[35,11]]]},
"G987": {"type": "Matrix2x2", "payoffs": [[[48,3],[61,4]],[[0,0],[66,7]]]},
"G988": {"type": "Matrix2x2", "payoffs": [[[25,90],[16,57]],[[1,2],[0,0]]]},
"G989": {"type": "Matrix2x2", "payoffs": [[[0,1],[5,5]],[[8,23],[6,0]]]},
"G990": {"type": "Matrix2x2", "payoffs": [[[42,5],[0,1]],[[18,0],[45,8]]]},
"G991": {"type": "Matrix2x2", "payoffs": [[[39,95],[0,0]],[[17,26],[34,45]]]},
"G992": {"type": "Matrix2x2", "payoffs": [[[19,31],[0,19]],[[27,38],[21,0]]]},
"G993": {"type": "Matrix2x2", "payoffs": [[[0,19],[18,30]],[[12,16],[14,0]]]},
"G994": {"type": "Matrix2x2", "payoffs": [[[5,13],[6,17]],[[0,0],[1,5]]]},
"G995": {"type": "Matrix2x2", "payoffs": [[[5,27],[4,0]],[[0,7],[6,55]]]},
"G996": {"type": "Matrix2x2", "payoffs": [[[68,12],[0,2]],[[5,0],[32,8]]]},
"G997": {"type": "Matrix2x2", "payoffs": [[[68,77],[0,62]],[[38,45],[42,0]]]},
"G998": {"type": "Matrix2x2", "payoffs": [[[0,14],[36,10]],[[26,0],[38,91]]]},
"G999": {"type": "Matrix2x2", "payoffs": [[[45,26],[0,49]],[[51,0],[100,72]]]},
"G1000": {"type": "Matrix2x2", "payoffs": [[[9,0],[0,67]],[[35,83],[1,45]]]}
}