{
"numGames": 1000,
"G1": {"type": "Matrix2x2", "payoffs": [[[0,1],[1,0]],[[3,67],[13,70]]]},
"G2": {"type": "Matrix2x2", "payoffs": [[[4,6],[47,99]],[[40,0],[0,29]]]},
"G3": {"type": "Matrix2x2", "payoffs": [[[58,26],[57,17]],[[47,0],[0,2]]]},
"G4": {"type": "Matrix2x2", "payoffs": [[[0,21],[49,7]],[[11,0],[88,38]]]},
"G5": {"type": "Matrix2x2", "payoffs": [[[0,29],[70,0]],[[60,14],[77,30]]]},
"G6": {"type": "Matrix2x2", "payoffs": [[[27,0],[44,46]],[[11,35],[0,20]]]},
"G7": {"type": "Matrix2x2", "payoffs": [[[5,37],[2,0]],[[0,66],[10,86]]]},
"G8": {"type": "Matrix2x2", "payoffs": [[[0,0],[30,18]],[[36,29],[44,63]]]},
"G9": {"type": "Matrix2x2", "payoffs": [[[76,73],[0,38]],[[65,0],[47,22]]]},
"G10": {"type": "Matrix2x2", "payoffs": [[[43,50],[28,0]],[[45,71],[0,24]]]},
"G11": {"type": "Matrix2x2", "payoffs": [[[1,6],[47,55]],[[8,0],[0,23]]]},
"G12": {"type": "Matrix2x2", "payoffs": [[[54,34],[18,0]],[[16,33],[0,10]]]},
"G13": {"type": "Matrix2x2", "payoffs": [[[41,4],[7,3]],[[5,0],[0,2]]]},
"G14": {"type": "Matrix2x2", "payoffs": [[[0,0],[26,51]],[[3,2],[5,4]]]},
"G15": {"type": "Matrix2x2", "payoffs": [[[0,0],[11,36]],[[7,18],[17,45]]]},
"G16": {"type": "Matrix2x2", "payoffs": [[[11,49],[71,88]],[[0,0],[8,46]]]},
"G17": {"type": "Matrix2x2", "payoffs": [[[0,0],[33,6]],[[35,4],[68,7]]]},
"G18": {"type": "Matrix2x2", "payoffs": [[[0,0],[6,1]],[[71,4],[22,2]]]},
"G19": {"type": "Matrix2x2", "payoffs": [[[48,27],[52,0]],[[0,37],[96,56]]]},
"G20": {"type": "Matrix2x2", "payoffs": [[[59,23],[93,50]],[[11,0],[0,6]]]},
"G21": {"type": "Matrix2x2", "payoffs": [[[0,77],[68,0]],[[1,86],[100,96]]]},
"G22": {"type": "Matrix2x2", "payoffs": [[[10,11],[0,0]],[[15,18],[1,4]]]},
"G23": {"type": "Matrix2x2", "payoffs": [[[0,9],[4,10]],[[18,18],[8,0]]]},
"G24": {"type": "Matrix2x2", "payoffs": [[[17,5],[24,23]],[[0,19],[19,0]]]},
"G25": {"type": "Matrix2x2", "payoffs": [[[4,0],[11,59]],[[0,44],[17,60]]]},
"G26": {"type": "Matrix2x2", "payoffs": [[[8,7],[14,0]],[[0,30],[17,34]]]},
"G27": {"type": "Matrix2x2", "payoffs": [[[1,17],[0,0]],[[12,27],[11,19]]]},
"G28": {"type": "Matrix2x2", "payoffs": [[[8,31],[0,41]],[[6,0],[9,92]]]},
"G29": {"type": "Matrix2x2", "payoffs": [[[0,61],[14,1]],[[10,0],[31,97]]]},
"G30": {"type": "Matrix2x2", "payoffs": [[[0,64],[16,0]],[[39,8],[42,68]]]},
"G31": {"type": "Matrix2x2", "payoffs": [[[2,15],[13,38]],[[0,0],[9,32]]]},
"G32": {"type": "Matrix2x2", "payoffs": [[[0,0],[36,3]],[[25,4],[42,6]]]},
"G33": {"type": "Matrix2x2", "payoffs": [[[58,3],[0,1]],[[38,0],[57,2]]]},
"G34": {"type": "Matrix2x2", "payoffs": [[[27,5],[13,16]],[[68,49],[0,0]]]},
"G35": {"type": "Matrix2x2", "payoffs": [[[0,1],[54,3]],[[29,0],[40,2]]]},
"G36": {"type": "Matrix2x2", "payoffs": [[[19,39],[36,100]],[[3,3],[0,0]]]},
"G37": {"type": "Matrix2x2", "payoffs": [[[13,5],[9,2]],[[14,9],[0,0]]]},
"G38": {"type": "Matrix2x2", "payoffs": [[[47,0],[51,58]],[[0,36],[62,83]]]},
"G39": {"type": "Matrix2x2", "payoffs": [[[13,0],[0,30]],[[3,35],[65,50]]]},
"G40": {"type": "Matrix2x2", "payoffs": [[[4,0],[6,29]],[[0,58],[8,89]]]},
"G41": {"type": "Matrix2x2", "payoffs": [[[73,18],[63,16]],[[53,0],[0,6]]]},
"G42": {"type": "Matrix2x2", "payoffs": [[[0,0],[41,16]],[[61,5],[73,42]]]},
"G43": {"type": "Matrix2x2", "payoffs": [[[0,3],[12,15]],[[24,0],[49,16]]]},
"G44": {"type": "Matrix2x2", "payoffs": [[[18,18],[14,0]],[[0,7],[15,3]]]},
"G45": {"type": "Matrix2x2", "payoffs": [[[89,99],[59,43]],[[0,0],[8,27]]]},
"G46": {"type": "Matrix2x2", "payoffs": [[[6,16],[7,53]],[[5,0],[0,30]]]},
"G47": {"type": "Matrix2x2", "payoffs": [[[8,0],[60,3]],[[0,30],[93,91]]]},
"G48": {"type": "Matrix2x2", "payoffs": [[[0,42],[78,74]],[[70,0],[32,49]]]},
"G49": {"type": "Matrix2x2", "payoffs": [[[24,45],[23,4]],[[42,53],[0,0]]]},
"G50": {"type": "Matrix2x2", "payoffs": [[[16,33],[53,47]],[[48,0],[0,3]]]},
"G51": {"type": "Matrix2x2", "payoffs": [[[23,0],[98,45]],[[57,21],[0,40]]]},
"G52": {"type": "Matrix2x2", "payoffs": [[[68,48],[0,42]],[[49,0],[22,45]]]},
"G53": {"type": "Matrix2x2", "payoffs": [[[3,4],[39,17]],[[22,10],[0,0]]]},
"G54": {"type": "Matrix2x2", "payoffs": [[[30,0],[21,20]],[[0,2],[54,41]]]},
"G55": {"type": "Matrix2x2", "payoffs": [[[14,78],[0,0]],[[16,87],[9,15]]]},
"G56": {"type": "Matrix2x2", "payoffs": [[[6,0],[10,59]],[[18,60],[0,39]]]},
"G57": {"type": "Matrix2x2", "payoffs": [[[48,61],[0,73]],[[12,0],[60,88]]]},
"G58": {"type": "Matrix2x2", "payoffs": [[[65,89],[1,0]],[[36,35],[0,5]]]},
"G59": {"type": "Matrix2x2", "payoffs": [[[68,20],[72,62]],[[29,0],[0,22]]]},
"G60": {"type": "Matrix2x2", "payoffs": [[[43,39],[25,37]],[[0,0],[59,48]]]},
"G61": {"type": "Matrix2x2", "payoffs": [[[56,39],[6,3]],[[41,33],[0,0]]]},
"G62": {"type": "Matrix2x2", "payoffs": [[[40,37],[35,8]],[[0,0],[33,4]]]},
"G63": {"type": "Matrix2x2", "payoffs": [[[89,74],[70,0]],[[0,44],[37,26]]]},
"G64": {"type": "Matrix2x2", "payoffs": [[[76,92],[57,90]],[[0,0],[33,75]]]},
"G65": {"type": "Matrix2x2", "payoffs": [[[2,70],[0,18]],[[5,0],[96,72]]]},
"G66": {"type": "Matrix2x2", "payoffs": [[[35,6],[0,0]],[[9,5],[75,18]]]},
"G67": {"type": "Matrix2x2", "payoffs": [[[0,42],[37,0]],[[4,52],[57,55]]]},
"G68": {"type": "Matrix2x2", "payoffs": [[[9,0],[16,25]],[[24,93],[0,54]]]},
"G69": {"type": "Matrix2x2", "payoffs": [[[0,0],[64,11]],[[16,4],[25,6]]]},
"G70": {"type": "Matrix2x2", "payoffs": [[[0,61],[17,0]],[[21,79],[11,4]]]},
"G71": {"type": "Matrix2x2", "payoffs": [[[4,0],[0,6]],[[6,22],[20,30]]]},
"G72": {"type": "Matrix2x2", "payoffs": [[[98,72],[0,9]],[[39,60],[69,0]]]},
"G73": {"type": "Matrix2x2", "payoffs": [[[9,0],[75,56]],[[0,46],[53,42]]]},
"G74": {"type": "Matrix2x2", "payoffs": [[[0,40],[29,0]],[[15,43],[31,57]]]},
"G75": {"type": "Matrix2x2", "payoffs": [[[0,0],[7,11]],[[41,12],[76,40]]]},
"G76": {"type": "Matrix2x2", "payoffs": [[[47,6],[33,0]],[[0,2],[42,1]]]},
"G77": {"type": "Matrix2x2", "payoffs": [[[0,59],[4,48]],[[10,0],[33,67]]]},
"G78": {"type": "Matrix2x2", "payoffs": [[[1,0],[16,98]],[[8,13],[0,80]]]},
"G79": {"type": "Matrix2x2", "payoffs": [[[16,80],[1,29]],[[0,0],[7,24]]]},
"G80": {"type": "Matrix2x2", "payoffs": [[[12,67],[71,79]],[[0,0],[46,68]]]},
"G81": {"type": "Matrix2x2", "payoffs": [[[12,49],[48,82]],[[0,0],[13,10]]]},
"G82": {"type": "Matrix2x2", "payoffs": [[[85,2],[0,24]],[[6,0],[86,41]]]},
"G83": {"type": "Matrix2x2", "payoffs": [[[55,0],[0,15]],[[2,14],[61,36]]]},
"G84": {"type": "Matrix2x2", "payoffs": [[[81,4],[28,2]],[[62,3],[0,0]]]},
"G85": {"type": "Matrix2x2", "payoffs": [[[18,59],[4,0]],[[13,25],[0,9]]]},
"G86": {"type": "Matrix2x2", "payoffs": [[[22,22],[12,6]],[[0,0],[54,40]]]},
"G87": {"type": "Matrix2x2", "payoffs": [[[39,62],[12,0]],[[83,96],[0,51]]]},
"G88": {"type": "Matrix2x2", "payoffs": [[[61,22],[38,0]],[[0,4],[22,21]]]},
"G89": {"type": "Matrix2x2", "payoffs": [[[15,0],[43,51]],[[0,32],[39,7]]]},
"G90": {"type": "Matrix2x2", "payoffs": [[[67,91],[44,0]],[[20,82],[0,72]]]},
"G91": {"type": "Matrix2x2", "payoffs": [[[0,46],[39,57]],[[10,0],[17,51]]]},
"G92": {"type": "Matrix2x2", "payoffs": [[[52,32],[46,0]],[[22,21],[0,6]]]},
"G93": {"type": "Matrix2x2", "payoffs": [[[37,52],[0,13]],[[43,0],[55,96]]]},
"G94": {"type": "Matrix2x2", "payoffs": [[[0,0],[2,20]],[[3,69],[1,67]]]},
"G95": {"type": "Matrix2x2", "payoffs": [[[62,62],[59,0]],[[0,49],[65,84]]]},
"G96": {"type": "Matrix2x2", "payoffs": [[[3,29],[0,39]],[[48,88],[21,0]]]},
"G97": {"type": "Matrix2x2", "payoffs": [[[86,28],[65,18]],[[0,0],[56,25]]]},
"G98": {"type": "Matrix2x2", "payoffs": [[[0,81],[13,86]],[[3,0],[10,73]]]},
"G99": {"type": "Matrix2x2", "payoffs": [[[49,0],[67,32]],[[0,19],[76,45]]]},
"G100": {"type": "Matrix2x2", "payoffs": [[[29,19],[0,20]],[[10,0],[39,37]]]},
"G101": {"type": "Matrix2x2", "payoffs": [[[60,36],[17,37]],[[87,48],[0,0]]]},
"G102": {"type": "Matrix2x2", "payoffs": [[[18,32],[0,23]],[[5,11],[13,0]]]},
"G103": {"type": "Matrix2x2", "payoffs": [[[38,33],[80,51]],[[0,0],[34,43]]]},
"G104": {"type": "Matrix2x2", "payoffs": [[[4,0],[12,4]],[[23,55],[0,39]]]},
"G105": {"type": "Matrix2x2", "payoffs": [[[0,3],[7,0]],[[4,2],[37,16]]]},
"G106": {"type": "Matrix2x2", "payoffs": [[[14,73],[0,7]],[[33,100],[11,0]]]},
"G107": {"type": "Matrix2x2", "payoffs": [[[28,5],[0,0]],[[66,44],[21,10]]]},
"G108": {"type": "Matrix2x2", "payoffs": [[[51,0],[13,8]],[[72,32],[0,5]]]},
"G109": {"type": "Matrix2x2", "payoffs": [[[0,53],[12,0]],[[35,64],[54,66]]]},
"G110": {"type": "Matrix2x2", "payoffs": [[[6,0],[7,29]],[[0,22],[1,3]]]},
"G111": {"type": "Matrix2x2", "payoffs": [[[2,27],[1,4]],[[0,0],[3,48]]]},
"G112": {"type": "Matrix2x2", "payoffs": [[[34,16],[0,13]],[[13,4],[8,0]]]},
"G113": {"type": "Matrix2x2", "payoffs": [[[31,77],[75,89]],[[0,0],[35,65]]]},
"G114": {"type": "Matrix2x2", "payoffs": [[[12,0],[7,70]],[[30,79],[0,6]]]},
"G115": {"type": "Matrix2x2", "payoffs": [[[22,0],[48,30]],[[0,18],[26,10]]]},
"G116": {"type": "Matrix2x2", "payoffs": [[[70,40],[0,18]],[[83,49],[28,0]]]},
"G117": {"type": "Matrix2x2", "payoffs": [[[31,54],[0,27]],[[26,41],[23,0]]]},
"G118": {"type": "Matrix2x2", "payoffs": [[[25,1],[45,11]],[[0,0],[32,8]]]},
"G119": {"type": "Matrix2x2", "payoffs": [[[0,47],[6,82]],[[15,88],[11,0]]]},
"G120": {"type": "Matrix2x2", "payoffs": [[[22,0],[100,44]],[[0,7],[72,37]]]},
"G121": {"type": "Matrix2x2", "payoffs": [[[0,0],[12,37]],[[64,90],[51,71]]]},
"G122": {"type": "Matrix2x2", "payoffs": [[[44,0],[45,82]],[[14,77],[0,3]]]},
"G123": {"type": "Matrix2x2", "payoffs": [[[0,2],[90,5]],[[4,3],[8,0]]]},
"G124": {"type": "Matrix2x2", "payoffs": [[[0,8],[41,0]],[[23,24],[44,35]]]},
"G125": {"type": "Matrix2x2", "payoffs": [[[70,58],[29,30]],[[9,56],[0,0]]]},
"G126": {"type": "Matrix2x2", "payoffs": [[[54,62],[0,0]],[[32,27],[43,43]]]},
"G127": {"type": "Matrix2x2", "payoffs": [[[0,20],[12,93]],[[27,98],[14,0]]]},
"G128": {"type": "Matrix2x2", "payoffs": [[[0,6],[57,87]],[[12,77],[56,0]]]},
"G129": {"type": "Matrix2x2", "payoffs": [[[30,0],[79,28]],[[33,22],[0,19]]]},
"G130": {"type": "Matrix2x2", "payoffs": [[[65,73],[14,0]],[[29,7],[0,46]]]},
"G131": {"type": "Matrix2x2", "payoffs": [[[0,2],[14,4]],[[2,0],[1,1]]]},
"G132": {"type": "Matrix2x2", "payoffs": [[[11,53],[29,0]],[[32,94],[0,36]]]},
"G133": {"type": "Matrix2x2", "payoffs": [[[28,95],[10,78]],[[8,73],[0,0]]]},
"G134": {"type": "Matrix2x2", "payoffs": [[[1,82],[3,95]],[[2,85],[0,0]]]},
"G135": {"type": "Matrix2x2", "payoffs": [[[7,75],[0,32]],[[3,0],[6,52]]]},
"G136": {"type": "Matrix2x2", "payoffs": [[[83,93],[59,49]],[[56,85],[0,0]]]},
"G137": {"type": "Matrix2x2", "payoffs": [[[26,0],[79,54]],[[0,33],[61,39]]]},
"G138": {"type": "Matrix2x2", "payoffs": [[[93,61],[0,34]],[[66,0],[69,45]]]},
"G139": {"type": "Matrix2x2", "payoffs": [[[0,42],[73,46]],[[12,0],[26,12]]]},
"G140": {"type": "Matrix2x2", "payoffs": [[[0,83],[64,94]],[[18,0],[19,85]]]},
"G141": {"type": "Matrix2x2", "payoffs": [[[0,24],[10,10]],[[41,35],[37,0]]]},
"G142": {"type": "Matrix2x2", "payoffs": [[[14,25],[0,0]],[[6,66],[23,77]]]},
"G143": {"type": "Matrix2x2", "payoffs": [[[9,49],[3,9]],[[1,43],[0,0]]]},
"G144": {"type": "Matrix2x2", "payoffs": [[[88,80],[11,8]],[[34,32],[0,0]]]},
"G145": {"type": "Matrix2x2", "payoffs": [[[18,20],[0,42]],[[34,0],[47,65]]]},
"G146": {"type": "Matrix2x2", "payoffs": [[[71,36],[0,5]],[[18,0],[34,34]]]},
"G147": {"type": "Matrix2x2", "payoffs": [[[3,19],[6,0]],[[17,49],[0,1]]]},
"G148": {"type": "Matrix2x2", "payoffs": [[[58,43],[28,0]],[[24,37],[0,4]]]},
"G149": {"type": "Matrix2x2", "payoffs": [[[0,57],[50,0]],[[48,50],[52,70]]]},
"G150": {"type": "Matrix2x2", "payoffs": [[[0,13],[9,0]],[[17,16],[4,15]]]},
"G151": {"type": "Matrix2x2", "payoffs": [[[39,71],[0,16]],[[25,0],[18,23]]]},
"G152": {"type": "Matrix2x2", "payoffs": [[[0,6],[7,0]],[[13,76],[8,40]]]},
"G153": {"type": "Matrix2x2", "payoffs": [[[24,32],[27,35]],[[0,0],[70,36]]]},
"G154": {"type": "Matrix2x2", "payoffs": [[[0,37],[44,96]],[[19,12],[5,0]]]},
"G155": {"type": "Matrix2x2", "payoffs": [[[3,13],[0,0]],[[2,10],[1,7]]]},
"G156": {"type": "Matrix2x2", "payoffs": [[[20,0],[0,24]],[[70,35],[59,33]]]},
"G157": {"type": "Matrix2x2", "payoffs": [[[13,0],[0,30]],[[58,11],[78,40]]]},
"G158": {"type": "Matrix2x2", "payoffs": [[[5,58],[0,30]],[[1,37],[4,0]]]},
"G159": {"type": "Matrix2x2", "payoffs": [[[55,59],[5,13]],[[0,40],[26,0]]]},
"G160": {"type": "Matrix2x2", "payoffs": [[[57,20],[87,54]],[[0,0],[49,26]]]},
"G161": {"type": "Matrix2x2", "payoffs": [[[0,1],[53,0]],[[75,6],[14,3]]]},
"G162": {"type": "Matrix2x2", "payoffs": [[[33,0],[0,87]],[[22,9],[53,94]]]},
"G163": {"type": "Matrix2x2", "payoffs": [[[16,51],[6,0]],[[0,41],[4,13]]]},
"G164": {"type": "Matrix2x2", "payoffs": [[[5,57],[74,59]],[[62,26],[0,0]]]},
"G165": {"type": "Matrix2x2", "payoffs": [[[52,2],[0,40]],[[51,0],[60,67]]]},
"G166": {"type": "Matrix2x2", "payoffs": [[[15,44],[0,54]],[[40,58],[38,0]]]},
"G167": {"type": "Matrix2x2", "payoffs": [[[0,83],[37,44]],[[96,88],[12,0]]]},
"G168": {"type": "Matrix2x2", "payoffs": [[[0,0],[15,29]],[[5,9],[13,10]]]},
"G169": {"type": "Matrix2x2", "payoffs": [[[0,0],[62,85]],[[78,86],[40,20]]]},
"G170": {"type": "Matrix2x2", "payoffs": [[[4,40],[0,33]],[[2,10],[1,0]]]},
"G171": {"type": "Matrix2x2", "payoffs": [[[0,0],[81,100]],[[76,57],[23,18]]]},
"G172": {"type": "Matrix2x2", "payoffs": [[[16,75],[1,0]],[[0,35],[13,54]]]},
"G173": {"type": "Matrix2x2", "payoffs": [[[25,24],[0,22]],[[24,0],[3,16]]]},
"G174": {"type": "Matrix2x2", "payoffs": [[[8,20],[0,0]],[[52,25],[30,6]]]},
"G175": {"type": "Matrix2x2", "payoffs": [[[14,0],[0,58]],[[2,61],[34,92]]]},
"G176": {"type": "Matrix2x2", "payoffs": [[[24,0],[17,16]],[[0,8],[45,33]]]},
"G177": {"type": "Matrix2x2", "payoffs": [[[10,0],[73,30]],[[53,12],[0,10]]]},
"G178": {"type": "Matrix2x2", "payoffs": [[[0,7],[1,17]],[[55,36],[38,0]]]},
"G179": {"type": "Matrix2x2", "payoffs": [[[46,68],[0,22]],[[1,0],[2,16]]]},
"G180": {"type": "Matrix2x2", "payoffs": [[[0,0],[3,45]],[[1,43],[2,5]]]},
"G181": {"type": "Matrix2x2", "payoffs": [[[0,0],[62,38]],[[45,33],[36,26]]]},
"G182": {"type": "Matrix2x2", "payoffs": [[[0,0],[30,18]],[[42,25],[54,38]]]},
"G183": {"type": "Matrix2x2", "payoffs": [[[0,46],[23,0]],[[67,65],[50,57]]]},
"G184": {"type": "Matrix2x2", "payoffs": [[[55,47],[0,34]],[[49,15],[45,0]]]},
"G185": {"type": "Matrix2x2", "payoffs": [[[0,9],[12,0]],[[30,51],[32,75]]]},
"G186": {"type": "Matrix2x2", "payoffs": [[[0,14],[79,51]],[[31,31],[54,0]]]},
"G187": {"type": "Matrix2x2", "payoffs": [[[19,69],[0,64]],[[18,0],[40,86]]]},
"G188": {"type": "Matrix2x2", "payoffs": [[[41,31],[0,0]],[[77,35],[22,24]]]},
"G189": {"type": "Matrix2x2", "payoffs": [[[0,29],[49,3]],[[71,32],[12,0]]]},
"G190": {"type": "Matrix2x2", "payoffs": [[[18,57],[0,8]],[[7,0],[2,5]]]},
"G191": {"type": "Matrix2x2", "payoffs": [[[67,0],[0,7]],[[92,8],[80,1]]]},
"G192": {"type": "Matrix2x2", "payoffs": [[[0,38],[38,0]],[[43,56],[31,15]]]},
"G193": {"type": "Matrix2x2", "payoffs": [[[25,7],[0,0]],[[44,8],[7,3]]]},
"G194": {"type": "Matrix2x2", "payoffs": [[[34,0],[0,24]],[[51,39],[79,57]]]},
"G195": {"type": "Matrix2x2", "payoffs": [[[36,19],[71,59]],[[0,0],[33,9]]]},
"G196": {"type": "Matrix2x2", "payoffs": [[[17,42],[2,26]],[[12,0],[0,21]]]},
"G197": {"type": "Matrix2x2", "payoffs": [[[0,19],[8,7]],[[42,21],[28,0]]]},
"G198": {"type": "Matrix2x2", "payoffs": [[[92,32],[0,17]],[[95,41],[4,0]]]},
"G199": {"type": "Matrix2x2", "payoffs": [[[26,7],[6,3]],[[0,0],[52,18]]]},
"G200": {"type": "Matrix2x2", "payoffs": [[[0,0],[9,20]],[[2,47],[12,55]]]},
"G201": {"type": "Matrix2x2", "payoffs": [[[89,0],[40,1]],[[0,6],[97,80]]]},
"G202": {"type": "Matrix2x2", "payoffs": [[[8,0],[1,2]],[[20,4],[0,3]]]},
"G203": {"type": "Matrix2x2", "payoffs": [[[0,8],[66,29]],[[89,34],[41,0]]]},
"G204": {"type": "Matrix2x2", "payoffs": [[[1,31],[0,0]],[[3,70],[2,5]]]},
"G205": {"type": "Matrix2x2", "payoffs": [[[14,0],[0,24]],[[54,37],[18,28]]]},
"G206": {"type": "Matrix2x2", "payoffs": [[[0,11],[92,26]],[[81,24],[72,0]]]},
"G207": {"type": "Matrix2x2", "payoffs": [[[24,13],[31,0]],[[87,16],[0,14]]]},
"G208": {"type": "Matrix2x2", "payoffs": [[[8,0],[55,4]],[[0,21],[69,33]]]},
"G209": {"type": "Matrix2x2", "payoffs": [[[0,25],[6,0]],[[29,17],[53,34]]]},
"G210": {"type": "Matrix2x2", "payoffs": [[[19,46],[29,93]],[[0,0],[24,55]]]},
"G211": {"type": "Matrix2x2", "payoffs": [[[1,17],[0,0]],[[37,87],[15,74]]]},
"G212": {"type": "Matrix2x2", "payoffs": [[[80,95],[0,26]],[[24,14],[38,0]]]},
"G213": {"type": "Matrix2x2", "payoffs": [[[1,4],[0,0]],[[5,10],[13,32]]]},
"G214": {"type": "Matrix2x2", "payoffs": [[[5,63],[0,0]],[[6,96],[2,55]]]},
"G215": {"type": "Matrix2x2", "payoffs": [[[0,42],[66,0]],[[100,85],[5,79]]]},
"G216": {"type": "Matrix2x2", "payoffs": [[[81,94],[35,75]],[[0,0],[25,82]]]},
"G217": {"type": "Matrix2x2", "payoffs": [[[27,0],[15,5]],[[0,24],[60,25]]]},
"G218": {"type": "Matrix2x2", "payoffs": [[[12,20],[5,1]],[[8,0],[0,15]]]},
"G219": {"type": "Matrix2x2", "payoffs": [[[15,48],[1,0]],[[13,7],[0,36]]]},
"G220": {"type": "Matrix2x2", "payoffs": [[[9,49],[50,0]],[[0,20],[80,56]]]},
"G221": {"type": "Matrix2x2", "payoffs": [[[13,14],[62,41]],[[0,0],[58,15]]]},
"G222": {"type": "Matrix2x2", "payoffs": [[[38,25],[0,0]],[[2,3],[75,87]]]},
"G223": {"type": "Matrix2x2", "payoffs": [[[72,83],[0,42]],[[64,18],[3,0]]]},
"G224": {"type": "Matrix2x2", "payoffs": [[[0,0],[5,79]],[[1,37],[2,45]]]},
"G225": {"type": "Matrix2x2", "payoffs": [[[0,14],[34,77]],[[38,78],[8,0]]]},
"G226": {"type": "Matrix2x2", "payoffs": [[[0,0],[2,15]],[[1,28],[3,82]]]},
"G227": {"type": "Matrix2x2", "payoffs": [[[79,20],[86,51]],[[40,0],[0,1]]]},
"G228": {"type": "Matrix2x2", "payoffs": [[[20,0],[0,7]],[[28,72],[27,26]]]},
"G229": {"type": "Matrix2x2", "payoffs": [[[0,6],[16,0]],[[27,13],[12,2]]]},
"G230": {"type": "Matrix2x2", "payoffs": [[[0,5],[8,87]],[[5,0],[3,70]]]},
"G231": {"type": "Matrix2x2", "payoffs": [[[64,77],[53,0]],[[31,68],[0,29]]]},
"G232": {"type": "Matrix2x2", "payoffs": [[[2,0],[0,28]],[[4,68],[3,17]]]},
"G233": {"type": "Matrix2x2", "payoffs": [[[0,0],[26,4]],[[19,12],[40,27]]]},
"G234": {"type": "Matrix2x2", "payoffs": [[[0,12],[19,0]],[[4,16],[49,91]]]},
"G235": {"type": "Matrix2x2", "payoffs": [[[19,61],[0,0]],[[4,6],[54,75]]]},
"G236": {"type": "Matrix2x2", "payoffs": [[[67,39],[14,34]],[[19,0],[0,15]]]},
"G237": {"type": "Matrix2x2", "payoffs": [[[47,88],[11,12]],[[10,0],[0,24]]]},
"G238": {"type": "Matrix2x2", "payoffs": [[[0,10],[4,0]],[[9,21],[8,1]]]},
"G239": {"type": "Matrix2x2", "payoffs": [[[0,0],[6,8]],[[45,16],[74,17]]]},
"G240": {"type": "Matrix2x2", "payoffs": [[[32,0],[0,22]],[[61,27],[15,8]]]},
"G241": {"type": "Matrix2x2", "payoffs": [[[3,5],[15,14]],[[0,0],[100,19]]]},
"G242": {"type": "Matrix2x2", "payoffs": [[[27,18],[100,48]],[[30,33],[0,0]]]},
"G243": {"type": "Matrix2x2", "payoffs": [[[18,12],[0,36]],[[29,62],[16,0]]]},
"G244": {"type": "Matrix2x2", "payoffs": [[[15,7],[20,21]],[[0,0],[3,8]]]},
"G245": {"type": "Matrix2x2", "payoffs": [[[13,2],[44,22]],[[31,0],[0,13]]]},
"G246": {"type": "Matrix2x2", "payoffs": [[[21,9],[47,12]],[[77,16],[0,0]]]},
"G247": {"type": "Matrix2x2", "payoffs": [[[45,39],[16,4]],[[0,0],[36,36]]]},
"G248": {"type": "Matrix2x2", "payoffs": [[[17,25],[0,0]],[[13,58],[18,71]]]},
"G249": {"type": "Matrix2x2", "payoffs": [[[50,11],[0,0]],[[61,55],[30,30]]]},
"G250": {"type": "Matrix2x2", "payoffs": [[[0,0],[32,47]],[[23,10],[25,9]]]},
"G251": {"type": "Matrix2x2", "payoffs": [[[4,40],[8,42]],[[2,0],[0,18]]]},
"G252": {"type": "Matrix2x2", "payoffs": [[[0,4],[22,0]],[[82,22],[68,14]]]},
"G253": {"type": "Matrix2x2", "payoffs": [[[64,48],[5,6]],[[17,9],[0,0]]]},
"G254": {"type": "Matrix2x2", "payoffs": [[[3,1],[0,0]],[[13,7],[30,19]]]},
"G255": {"type": "Matrix2x2", "payoffs": [[[74,79],[8,35]],[[45,0],[0,51]]]},
"G256": {"type": "Matrix2x2", "payoffs": [[[0,50],[13,0]],[[28,61],[14,16]]]},
"G257": {"type": "Matrix2x2", "payoffs": [[[11,7],[0,1]],[[8,2],[3,0]]]},
"G258": {"type": "Matrix2x2", "payoffs": [[[41,17],[0,5]],[[26,0],[33,3]]]},
"G259": {"type": "Matrix2x2", "payoffs": [[[49,10],[56,62]],[[0,0],[73,64]]]},
"G260": {"type": "Matrix2x2", "payoffs": [[[4,13],[12,20]],[[23,29],[0,0]]]},
"G261": {"type": "Matrix2x2", "payoffs": [[[0,0],[10,65]],[[36,37],[80,75]]]},
"G262": {"type": "Matrix2x2", "payoffs": [[[7,17],[0,0]],[[73,56],[53,38]]]},
"G263": {"type": "Matrix2x2", "payoffs": [[[2,4],[21,6]],[[0,0],[1,1]]]},
"G264": {"type": "Matrix2x2", "payoffs": [[[10,18],[8,0]],[[0,4],[20,19]]]},
"G265": {"type": "Matrix2x2", "payoffs": [[[33,27],[70,34]],[[16,0],[0,24]]]},
"G266": {"type": "Matrix2x2", "payoffs": [[[5,58],[0,0]],[[11,93],[9,43]]]},
"G267": {"type": "Matrix2x2", "payoffs": [[[0,27],[43,37]],[[14,26],[20,0]]]},
"G268": {"type": "Matrix2x2", "payoffs": [[[7,99],[0,0]],[[5,11],[3,34]]]},
"G269": {"type": "Matrix2x2", "payoffs": [[[12,14],[85,73]],[[52,56],[0,0]]]},
"G270": {"type": "Matrix2x2", "payoffs": [[[64,24],[82,29]],[[62,0],[0,23]]]},
"G271": {"type": "Matrix2x2", "payoffs": [[[0,0],[68,8]],[[58,19],[71,51]]]},
"G272": {"type": "Matrix2x2", "payoffs": [[[93,12],[56,9]],[[0,0],[48,2]]]},
"G273": {"type": "Matrix2x2", "payoffs": [[[30,0],[0,18]],[[23,14],[49,48]]]},
"G274": {"type": "Matrix2x2", "payoffs": [[[0,0],[47,3]],[[41,21],[71,22]]]},
"G275": {"type": "Matrix2x2", "payoffs": [[[11,66],[1,17]],[[4,54],[0,0]]]},
"G276": {"type": "Matrix2x2", "payoffs": [[[7,17],[0,0]],[[24,59],[13,2]]]},
"G277": {"type": "Matrix2x2", "payoffs": [[[53,0],[54,9]],[[0,6],[32,8]]]},
"G278": {"type": "Matrix2x2", "payoffs": [[[0,2],[8,0]],[[13,54],[9,50]]]},
"G279": {"type": "Matrix2x2", "payoffs": [[[40,0],[0,36]],[[70,87],[2,12]]]},
"G280": {"type": "Matrix2x2", "payoffs": [[[12,3],[18,0]],[[0,6],[25,55]]]},
"G281": {"type": "Matrix2x2", "payoffs": [[[0,0],[5,56]],[[29,95],[22,72]]]},
"G282": {"type": "Matrix2x2", "payoffs": [[[18,0],[65,39]],[[0,12],[9,1]]]},
"G283": {"type": "Matrix2x2", "payoffs": [[[0,0],[16,90]],[[8,80],[7,44]]]},
"G284": {"type": "Matrix2x2", "payoffs": [[[30,64],[49,86]],[[43,0],[0,51]]]},
"G285": {"type": "Matrix2x2", "payoffs": [[[21,3],[0,0]],[[18,33],[31,98]]]},
"G286": {"type": "Matrix2x2", "payoffs": [[[43,0],[0,14]],[[76,15],[25,4]]]},
"G287": {"type": "Matrix2x2", "payoffs": [[[86,76],[54,0]],[[0,64],[80,8]]]},
"G288": {"type": "Matrix2x2", "payoffs": [[[54,70],[16,60]],[[33,0],[0,45]]]},
"G289": {"type": "Matrix2x2", "payoffs": [[[17,54],[25,10]],[[0,0],[46,77]]]},
"G290": {"type": "Matrix2x2", "payoffs": [[[82,100],[81,48]],[[0,38],[55,0]]]},
"G291": {"type": "Matrix2x2", "payoffs": [[[2,63],[34,95]],[[0,0],[28,52]]]},
"G292": {"type": "Matrix2x2", "payoffs": [[[15,4],[13,3]],[[0,2],[11,0]]]},
"G293": {"type": "Matrix2x2", "payoffs": [[[35,76],[0,0]],[[8,26],[31,72]]]},
"G294": {"type": "Matrix2x2", "payoffs": [[[0,0],[33,59]],[[62,95],[51,29]]]},
"G295": {"type": "Matrix2x2", "payoffs": [[[26,0],[0,63]],[[5,64],[28,68]]]},
"G296": {"type": "Matrix2x2", "payoffs": [[[46,9],[0,19]],[[56,43],[36,0]]]},
"G297": {"type": "Matrix2x2", "payoffs": [[[20,23],[35,4]],[[44,49],[0,0]]]},
"G298": {"type": "Matrix2x2", "payoffs": [[[16,26],[23,48]],[[15,33],[0,0]]]},
"G299": {"type": "Matrix2x2", "payoffs": [[[29,0],[0,3]],[[69,97],[59,42]]]},
"G300": {"type": "Matrix2x2", "payoffs": [[[44,3],[92,6]],[[0,2],[31,0]]]},
"G301": {"type": "Matrix2x2", "payoffs": [[[56,59],[57,68]],[[43,0],[0,46]]]},
"G302": {"type": "Matrix2x2", "payoffs": [[[20,21],[23,0]],[[24,86],[0,46]]]},
"G303": {"type": "Matrix2x2", "payoffs": [[[30,15],[0,0]],[[32,86],[8,21]]]},
"G304": {"type": "Matrix2x2", "payoffs": [[[51,4],[94,20]],[[0,0],[68,9]]]},
"G305": {"type": "Matrix2x2", "payoffs": [[[61,95],[44,32]],[[22,0],[0,13]]]},
"G306": {"type": "Matrix2x2", "payoffs": [[[4,12],[38,28]],[[0,27],[35,0]]]},
"G307": {"type": "Matrix2x2", "payoffs": [[[0,0],[4,3]],[[5,14],[3,7]]]},
"G308": {"type": "Matrix2x2", "payoffs": [[[8,73],[0,0]],[[86,53],[93,89]]]},
"G309": {"type": "Matrix2x2", "payoffs": [[[78,29],[69,4]],[[0,0],[77,21]]]},
"G310": {"type": "Matrix2x2", "payoffs": [[[0,15],[34,4]],[[93,0],[99,26]]]},
"G311": {"type": "Matrix2x2", "payoffs": [[[16,5],[29,49]],[[0,0],[38,96]]]},
"G312": {"type": "Matrix2x2", "payoffs": [[[0,11],[54,21]],[[90,72],[79,0]]]},
"G313": {"type": "Matrix2x2", "payoffs": [[[3,3],[4,11]],[[0,1],[1,0]]]},
"G314": {"type": "Matrix2x2", "payoffs": [[[10,0],[64,81]],[[0,30],[14,8]]]},
"G315": {"type": "Matrix2x2", "payoffs": [[[66,55],[64,23]],[[0,46],[17,0]]]},
"G316": {"type": "Matrix2x2", "payoffs": [[[13,16],[47,34]],[[15,0],[0,29]]]},
"G317": {"type": "Matrix2x2", "payoffs": [[[99,76],[29,42]],[[0,15],[20,0]]]},
"G318": {"type": "Matrix2x2", "payoffs": [[[7,36],[0,0]],[[40,13],[87,63]]]},
"G319": {"type": "Matrix2x2", "payoffs": [[[6,50],[0,0]],[[84,90],[65,77]]]},
"G320": {"type": "Matrix2x2", "payoffs": [[[1,0],[35,48]],[[21,47],[0,31]]]},
"G321": {"type": "Matrix2x2", "payoffs": [[[43,43],[0,2]],[[73,83],[45,0]]]},
"G322": {"type": "Matrix2x2", "payoffs": [[[1,0],[13,68]],[[9,21],[0,28]]]},
"G323": {"type": "Matrix2x2", "payoffs": [[[64,45],[0,0]],[[6,9],[90,47]]]},
"G324": {"type": "Matrix2x2", "payoffs": [[[12,16],[6,9]],[[8,12],[0,0]]]},
"G325": {"type": "Matrix2x2", "payoffs": [[[0,26],[85,98]],[[11,0],[6,27]]]},
"G326": {"type": "Matrix2x2", "payoffs": [[[0,78],[19,0]],[[27,86],[16,46]]]},
"G327": {"type": "Matrix2x2", "payoffs": [[[96,77],[0,66]],[[97,81],[75,0]]]},
"G328": {"type": "Matrix2x2", "payoffs": [[[21,2],[0,8]],[[11,0],[31,12]]]},
"G329": {"type": "Matrix2x2", "payoffs": [[[22,3],[35,4]],[[0,0],[40,6]]]},
"G330": {"type": "Matrix2x2", "payoffs": [[[0,0],[7,1]],[[2,2],[35,3]]]},
"G331": {"type": "Matrix2x2", "payoffs": [[[80,33],[2,0]],[[0,25],[91,52]]]},
"G332": {"type": "Matrix2x2", "payoffs": [[[45,43],[0,0]],[[31,37],[57,59]]]},
"G333": {"type": "Matrix2x2", "payoffs": [[[41,0],[42,3]],[[0,2],[11,1]]]},
"G334": {"type": "Matrix2x2", "payoffs": [[[75,2],[83,58]],[[63,0],[0,22]]]},
"G335": {"type": "Matrix2x2", "payoffs": [[[0,1],[66,0]],[[38,11],[75,21]]]},
"G336": {"type": "Matrix2x2", "payoffs": [[[0,0],[88,55]],[[69,28],[7,2]]]},
"G337": {"type": "Matrix2x2", "payoffs": [[[22,0],[0,11]],[[41,87],[24,54]]]},
"G338": {"type": "Matrix2x2", "payoffs": [[[0,0],[29,11]],[[33,28],[22,7]]]},
"G339": {"type": "Matrix2x2", "payoffs": [[[63,47],[0,18]],[[44,29],[23,0]]]},
"G340": {"type": "Matrix2x2", "payoffs": [[[13,2],[27,38]],[[0,0],[94,64]]]},
"G341": {"type": "Matrix2x2", "payoffs": [[[27,0],[0,47]],[[46,62],[2,16]]]},
"G342": {"type": "Matrix2x2", "payoffs": [[[0,35],[3,72]],[[2,0],[6,77]]]},
"G343": {"type": "Matrix2x2", "payoffs": [[[7,0],[51,83]],[[0,17],[1,38]]]},
"G344": {"type": "Matrix2x2", "payoffs": [[[0,0],[32,21]],[[41,12],[59,74]]]},
"G345": {"type": "Matrix2x2", "payoffs": [[[48,47],[27,0]],[[0,2],[49,52]]]},
"G346": {"type": "Matrix2x2", "payoffs": [[[82,99],[0,70]],[[51,0],[21,30]]]},
"G347": {"type": "Matrix2x2", "payoffs": [[[6,52],[21,70]],[[0,0],[3,23]]]},
"G348": {"type": "Matrix2x2", "payoffs": [[[5,8],[95,13]],[[0,11],[29,0]]]},
"G349": {"type": "Matrix2x2", "payoffs": [[[18,94],[16,46]],[[7,7],[0,0]]]},
"G350": {"type": "Matrix2x2", "payoffs": [[[0,0],[13,19]],[[8,27],[14,50]]]},
"G351": {"type": "Matrix2x2", "payoffs": [[[78,69],[57,20]],[[0,22],[60,0]]]},
"G352": {"type": "Matrix2x2", "payoffs": [[[23,24],[0,0]],[[8,23],[20,12]]]},
"G353": {"type": "Matrix2x2", "payoffs": [[[6,80],[0,0]],[[9,86],[8,29]]]},
"G354": {"type": "Matrix2x2", "payoffs": [[[79,19],[62,0]],[[0,18],[58,1]]]},
"G355": {"type": "Matrix2x2", "payoffs": [[[0,3],[6,1]],[[19,0],[99,4]]]},
"G356": {"type": "Matrix2x2", "payoffs": [[[1,26],[4,39]],[[2,21],[0,0]]]},
"G357": {"type": "Matrix2x2", "payoffs": [[[93,81],[91,0]],[[0,40],[46,31]]]},
"G358": {"type": "Matrix2x2", "payoffs": [[[0,34],[69,40]],[[44,8],[28,0]]]},
"G359": {"type": "Matrix2x2", "payoffs": [[[0,4],[31,1]],[[58,7],[14,0]]]},
"G360": {"type": "Matrix2x2", "payoffs": [[[0,0],[37,63]],[[45,93],[1,41]]]},
"G361": {"type": "Matrix2x2", "payoffs": [[[0,0],[8,2]],[[11,3],[1,1]]]},
"G362": {"type": "Matrix2x2", "payoffs": [[[26,22],[0,2]],[[24,0],[19,8]]]},
"G363": {"type": "Matrix2x2", "payoffs": [[[36,0],[0,10]],[[9,8],[53,27]]]},
"G364": {"type": "Matrix2x2", "payoffs": [[[88,78],[3,76]],[[0,75],[72,0]]]},
"G365": {"type": "Matrix2x2", "payoffs": [[[31,27],[34,0]],[[42,53],[0,3]]]},
"G366": {"type": "Matrix2x2", "payoffs": [[[80,5],[8,2]],[[0,0],[96,11]]]},
"G367": {"type": "Matrix2x2", "payoffs": [[[19,0],[16,44]],[[93,83],[0,82]]]},
"G368": {"type": "Matrix2x2", "payoffs": [[[11,23],[10,1]],[[1,0],[0,3]]]},
"G369": {"type": "Matrix2x2", "payoffs": [[[0,9],[66,50]],[[77,77],[15,0]]]},
"G370": {"type": "Matrix2x2", "payoffs": [[[19,91],[0,82]],[[9,7],[2,0]]]},
"G371": {"type": "Matrix2x2", "payoffs": [[[0,27],[27,0]],[[47,80],[41,38]]]},
"G372": {"type": "Matrix2x2", "payoffs": [[[8,3],[76,35]],[[6,0],[0,20]]]},
"G373": {"type": "Matrix2x2", "payoffs": [[[42,37],[0,45]],[[72,99],[38,0]]]},
"G374": {"type": "Matrix2x2", "payoffs": [[[1,8],[3,17]],[[7,89],[0,0]]]},
"G375": {"type": "Matrix2x2", "payoffs": [[[2,13],[0,0]],[[1,9],[3,79]]]},
"G376": {"type": "Matrix2x2", "payoffs": [[[3,0],[7,13]],[[0,5],[2,6]]]},
"G377": {"type": "Matrix2x2", "payoffs": [[[3,56],[75,61]],[[0,0],[47,15]]]},
"G378": {"type": "Matrix2x2", "payoffs": [[[0,16],[62,0]],[[29,36],[78,47]]]},
"G379": {"type": "Matrix2x2", "payoffs": [[[19,4],[28,0]],[[34,31],[0,9]]]},
"G380": {"type": "Matrix2x2", "payoffs": [[[72,1],[0,0]],[[16,11],[73,13]]]},
"G381": {"type": "Matrix2x2", "payoffs": [[[14,4],[73,23]],[[84,64],[0,0]]]},
"G382": {"type": "Matrix2x2", "payoffs": [[[0,16],[69,0]],[[99,32],[40,3]]]},
"G383": {"type": "Matrix2x2", "payoffs": [[[0,1],[20,2]],[[70,22],[35,0]]]},
"G384": {"type": "Matrix2x2", "payoffs": [[[0,20],[23,0]],[[42,29],[35,28]]]},
"G385": {"type": "Matrix2x2", "payoffs": [[[0,13],[1,24]],[[57,36],[44,0]]]},
"G386": {"type": "Matrix2x2", "payoffs": [[[46,63],[0,15]],[[22,43],[23,0]]]},
"G387": {"type": "Matrix2x2", "payoffs": [[[1,37],[0,35]],[[6,0],[11,73]]]},
"G388": {"type": "Matrix2x2", "payoffs": [[[0,22],[79,25]],[[86,32],[5,0]]]},
"G389": {"type": "Matrix2x2", "payoffs": [[[20,81],[29,100]],[[0,14],[18,0]]]},
"G390": {"type": "Matrix2x2", "payoffs": [[[0,0],[46,34]],[[89,55],[42,3]]]},
"G391": {"type": "Matrix2x2", "payoffs": [[[1,1],[0,2]],[[62,3],[46,0]]]},
"G392": {"type": "Matrix2x2", "payoffs": [[[0,19],[31,0]],[[60,33],[92,38]]]},
"G393": {"type": "Matrix2x2", "payoffs": [[[52,21],[71,39]],[[0,13],[46,0]]]},
"G394": {"type": "Matrix2x2", "payoffs": [[[26,68],[0,54]],[[14,0],[20,26]]]},
"G395": {"type": "Matrix2x2", "payoffs": [[[0,0],[78,59]],[[80,73],[18,44]]]},
"G396": {"type": "Matrix2x2", "payoffs": [[[13,17],[0,19]],[[18,39],[3,0]]]},
"G397": {"type": "Matrix2x2", "payoffs": [[[20,0],[77,45]],[[23,38],[0,10]]]},
"G398": {"type": "Matrix2x2", "payoffs": [[[20,0],[23,84]],[[0,71],[19,39]]]},
"G399": {"type": "Matrix2x2", "payoffs": [[[11,0],[0,22]],[[36,92],[21,53]]]},
"G400": {"type": "Matrix2x2", "payoffs": [[[56,54],[1,0]],[[0,41],[84,60]]]},
"G401": {"type": "Matrix2x2", "payoffs": [[[61,69],[0,9]],[[13,0],[55,50]]]},
"G402": {"type": "Matrix2x2", "payoffs": [[[4,3],[5,0]],[[7,4],[0,1]]]},
"G403": {"type": "Matrix2x2", "payoffs": [[[8,6],[2,2]],[[0,1],[3,0]]]},
"G404": {"type": "Matrix2x2", "payoffs": [[[43,0],[52,79]],[[39,34],[0,16]]]},
"G405": {"type": "Matrix2x2", "payoffs": [[[15,54],[0,70]],[[89,0],[95,95]]]},
"G406": {"type": "Matrix2x2", "payoffs": [[[13,9],[40,47]],[[18,0],[0,18]]]},
"G407": {"type": "Matrix2x2", "payoffs": [[[42,2],[52,9]],[[0,0],[32,5]]]},
"G408": {"type": "Matrix2x2", "payoffs": [[[48,0],[57,31]],[[0,1],[15,29]]]},
"G409": {"type": "Matrix2x2", "payoffs": [[[70,23],[23,4]],[[57,11],[0,0]]]},
"G410": {"type": "Matrix2x2", "payoffs": [[[29,10],[12,0]],[[63,34],[0,11]]]},
"G411": {"type": "Matrix2x2", "payoffs": [[[65,43],[0,41]],[[39,0],[59,32]]]},
"G412": {"type": "Matrix2x2", "payoffs": [[[65,53],[16,0]],[[0,31],[39,18]]]},
"G413": {"type": "Matrix2x2", "payoffs": [[[30,2],[0,0]],[[20,5],[39,8]]]},
"G414": {"type": "Matrix2x2", "payoffs": [[[0,0],[55,40]],[[23,9],[46,36]]]},
"G415": {"type": "Matrix2x2", "payoffs": [[[10,43],[0,23]],[[25,53],[4,0]]]},
"G416": {"type": "Matrix2x2", "payoffs": [[[83,12],[78,0]],[[96,82],[0,24]]]},
"G417": {"type": "Matrix2x2", "payoffs": [[[0,6],[63,42]],[[42,0],[24,29]]]},
"G418": {"type": "Matrix2x2", "payoffs": [[[0,1],[86,14]],[[61,10],[48,0]]]},
"G419": {"type": "Matrix2x2", "payoffs": [[[2,0],[99,74]],[[0,19],[41,3]]]},
"G420": {"type": "Matrix2x2", "payoffs": [[[31,61],[28,18]],[[0,0],[12,37]]]},
"G421": {"type": "Matrix2x2", "payoffs": [[[0,4],[88,98]],[[54,0],[76,90]]]},
"G422": {"type": "Matrix2x2", "payoffs": [[[50,10],[47,8]],[[37,0],[0,6]]]},
"G423": {"type": "Matrix2x2", "payoffs": [[[76,44],[0,0]],[[59,12],[85,80]]]},
"G424": {"type": "Matrix2x2", "payoffs": [[[13,96],[0,89]],[[9,35],[12,0]]]},
"G425": {"type": "Matrix2x2", "payoffs": [[[5,0],[0,28]],[[9,29],[2,17]]]},
"G426": {"type": "Matrix2x2", "payoffs": [[[0,11],[60,17]],[[69,23],[58,0]]]},
"G427": {"type": "Matrix2x2", "payoffs": [[[56,47],[48,42]],[[1,17],[0,0]]]},
"G428": {"type": "Matrix2x2", "payoffs": [[[0,14],[31,0]],[[21,26],[34,30]]]},
"G429": {"type": "Matrix2x2", "payoffs": [[[54,12],[0,3]],[[73,18],[38,0]]]},
"G430": {"type": "Matrix2x2", "payoffs": [[[19,76],[13,0]],[[9,62],[0,22]]]},
"G431": {"type": "Matrix2x2", "payoffs": [[[0,8],[24,0]],[[33,9],[88,51]]]},
"G432": {"type": "Matrix2x2", "payoffs": [[[0,0],[64,84]],[[44,37],[32,32]]]},
"G433": {"type": "Matrix2x2", "payoffs": [[[3,0],[16,32]],[[0,17],[10,30]]]},
"G434": {"type": "Matrix2x2", "payoffs": [[[51,0],[95,96]],[[0,21],[85,17]]]},
"G435": {"type": "Matrix2x2", "payoffs": [[[48,0],[59,20]],[[0,8],[44,18]]]},
"G436": {"type": "Matrix2x2", "payoffs": [[[7,33],[0,21]],[[4,23],[5,0]]]},
"G437": {"type": "Matrix2x2", "payoffs": [[[1,0],[0,8]],[[9,14],[57,25]]]},
"G438": {"type": "Matrix2x2", "payoffs": [[[0,39],[88,67]],[[69,6],[34,0]]]},
"G439": {"type": "Matrix2x2", "payoffs": [[[0,61],[5,79]],[[11,0],[17,94]]]},
"G440": {"type": "Matrix2x2", "payoffs": [[[12,0],[16,14]],[[60,100],[0,22]]]},
"G441": {"type": "Matrix2x2", "payoffs": [[[26,0],[0,60]],[[5,30],[34,85]]]},
"G442": {"type": "Matrix2x2", "payoffs": [[[0,0],[8,4]],[[67,29],[51,20]]]},
"G443": {"type": "Matrix2x2", "payoffs": [[[24,18],[0,3]],[[17,0],[33,31]]]},
"G444": {"type": "Matrix2x2", "payoffs": [[[23,22],[11,44]],[[0,0],[26,46]]]},
"G445": {"type": "Matrix2x2", "payoffs": [[[9,2],[50,14]],[[18,0],[0,3]]]},
"G446": {"type": "Matrix2x2", "payoffs": [[[0,8],[38,12]],[[17,0],[53,34]]]},
"G447": {"type": "Matrix2x2", "payoffs": [[[57,95],[14,94]],[[42,23],[0,0]]]},
"G448": {"type": "Matrix2x2", "payoffs": [[[0,53],[58,15]],[[72,0],[75,80]]]},
"G449": {"type": "Matrix2x2", "payoffs": [[[13,30],[82,62]],[[36,18],[0,0]]]},
"G450": {"type": "Matrix2x2", "payoffs": [[[20,55],[0,32]],[[26,0],[29,60]]]},
"G451": {"type": "Matrix2x2", "payoffs": [[[11,0],[36,21]],[[0,12],[48,22]]]},
"G452": {"type": "Matrix2x2", "payoffs": [[[9,0],[72,82]],[[43,73],[0,67]]]},
"G453": {"type": "Matrix2x2", "payoffs": [[[0,96],[17,98]],[[11,34],[2,0]]]},
"G454": {"type": "Matrix2x2", "payoffs": [[[71,12],[0,10]],[[86,14],[57,0]]]},
"G455": {"type": "Matrix2x2", "payoffs": [[[41,0],[66,49]],[[0,10],[25,16]]]},
"G456": {"type": "Matrix2x2", "payoffs": [[[0,0],[26,17]],[[89,20],[17,13]]]},
"G457": {"type": "Matrix2x2", "payoffs": [[[1,2],[59,42]],[[41,39],[0,0]]]},
"G458": {"type": "Matrix2x2", "payoffs": [[[32,87],[6,0]],[[0,42],[4,45]]]},
"G459": {"type": "Matrix2x2", "payoffs": [[[55,0],[96,80]],[[0,63],[58,78]]]},
"G460": {"type": "Matrix2x2", "payoffs": [[[0,6],[68,36]],[[41,27],[2,0]]]},
"G461": {"type": "Matrix2x2", "payoffs": [[[33,83],[0,9]],[[20,16],[15,0]]]},
"G462": {"type": "Matrix2x2", "payoffs": [[[54,10],[0,0]],[[1,3],[37,8]]]},
"G463": {"type": "Matrix2x2", "payoffs": [[[22,65],[0,0]],[[13,64],[39,68]]]},
"G464": {"type": "Matrix2x2", "payoffs": [[[7,62],[4,24]],[[3,0],[0,36]]]},
"G465": {"type": "Matrix2x2", "payoffs": [[[3,67],[4,71]],[[1,0],[0,62]]]},
"G466": {"type": "Matrix2x2", "payoffs": [[[2,6],[0,0]],[[8,46],[28,63]]]},
"G467": {"type": "Matrix2x2", "payoffs": [[[0,6],[3,7]],[[68,0],[75,9]]]},
"G468": {"type": "Matrix2x2", "payoffs": [[[4,35],[27,71]],[[1,70],[0,0]]]},
"G469": {"type": "Matrix2x2", "payoffs": [[[3,63],[7,92]],[[0,0],[6,39]]]},
"G470": {"type": "Matrix2x2", "payoffs": [[[4,20],[17,0]],[[18,57],[0,19]]]},
"G471": {"type": "Matrix2x2", "payoffs": [[[4,0],[10,24]],[[5,3],[0,16]]]},
"G472": {"type": "Matrix2x2", "payoffs": [[[30,61],[39,72]],[[0,0],[26,56]]]},
"G473": {"type": "Matrix2x2", "payoffs": [[[7,8],[55,15]],[[0,6],[42,0]]]},
"G474": {"type": "Matrix2x2", "payoffs": [[[23,42],[25,65]],[[0,0],[19,19]]]},
"G475": {"type": "Matrix2x2", "payoffs": [[[53,0],[70,7]],[[4,3],[0,2]]]},
"G476": {"type": "Matrix2x2", "payoffs": [[[2,0],[0,43]],[[3,73],[1,5]]]},
"G477": {"type": "Matrix2x2", "payoffs": [[[0,0],[1,2]],[[37,39],[43,55]]]},
"G478": {"type": "Matrix2x2", "payoffs": [[[0,0],[14,6]],[[32,41],[17,12]]]},
"G479": {"type": "Matrix2x2", "payoffs": [[[0,0],[45,56]],[[57,67],[47,37]]]},
"G480": {"type": "Matrix2x2", "payoffs": [[[5,12],[69,36]],[[28,9],[0,0]]]},
"G481": {"type": "Matrix2x2", "payoffs": [[[10,56],[66,99]],[[17,9],[0,0]]]},
"G482": {"type": "Matrix2x2", "payoffs": [[[51,1],[95,17]],[[0,7],[83,0]]]},
"G483": {"type": "Matrix2x2", "payoffs": [[[83,85],[29,0]],[[1,83],[0,40]]]},
"G484": {"type": "Matrix2x2", "payoffs": [[[32,6],[0,5]],[[30,0],[27,3]]]},
"G485": {"type": "Matrix2x2", "payoffs": [[[45,86],[39,52]],[[30,46],[0,0]]]},
"G486": {"type": "Matrix2x2", "payoffs": [[[73,32],[0,0]],[[62,1],[19,13]]]},
"G487": {"type": "Matrix2x2", "payoffs": [[[32,42],[0,0]],[[69,69],[50,9]]]},
"G488": {"type": "Matrix2x2", "payoffs": [[[4,22],[38,96]],[[2,29],[0,0]]]},
"G489": {"type": "Matrix2x2", "payoffs": [[[60,7],[27,30]],[[0,0],[82,38]]]},
"G490": {"type": "Matrix2x2", "payoffs": [[[0,0],[47,8]],[[53,57],[45,9]]]},
"G491": {"type": "Matrix2x2", "payoffs": [[[43,91],[19,1]],[[0,61],[2,0]]]},
"G492": {"type": "Matrix2x2", "payoffs": [[[0,0],[26,32]],[[18,22],[14,5]]]},
"G493": {"type": "Matrix2x2", "payoffs": [[[27,33],[0,20]],[[1,0],[28,41]]]},
"G494": {"type": "Matrix2x2", "payoffs": [[[0,0],[35,95]],[[34,32],[27,13]]]},
"G495": {"type": "Matrix2x2", "payoffs": [[[35,61],[3,11]],[[82,93],[0,0]]]},
"G496": {"type": "Matrix2x2", "payoffs": [[[0,0],[46,29]],[[49,39],[3,16]]]},
"G497": {"type": "Matrix2x2", "payoffs": [[[29,93],[21,80]],[[8,0],[0,91]]]},
"G498": {"type": "Matrix2x2", "payoffs": [[[0,36],[5,0]],[[24,75],[12,39]]]},
"G499": {"type": "Matrix2x2", "payoffs": [[[20,0],[8,8]],[[0,3],[22,20]]]},
"G500": {"type": "Matrix2x2", "payoffs": [[[6,33],[5,38]],[[12,41],[0,0]]]},
"G501": {"type": "Matrix2x2", "payoffs": [[[88,27],[58,0]],[[0,25],[30,1]]]},
"G502": {"type": "Matrix2x2", "payoffs": [[[28,40],[0,0]],[[9,5],[24,34]]]},
"G503": {"type": "Matrix2x2", "payoffs": [[[9,7],[1,6]],[[5,0],[0,4]]]},
"G504": {"type": "Matrix2x2", "payoffs": [[[25,0],[29,39]],[[0,33],[23,27]]]},
"G505": {"type": "Matrix2x2", "payoffs": [[[75,7],[0,1]],[[35,0],[6,4]]]},
"G506": {"type": "Matrix2x2", "payoffs": [[[21,0],[29,78]],[[0,70],[20,32]]]},
"G507": {"type": "Matrix2x2", "payoffs": [[[30,1],[3,0]],[[0,2],[35,3]]]},
"G508": {"type": "Matrix2x2", "payoffs": [[[2,5],[0,0]],[[24,88],[13,62]]]},
"G509": {"type": "Matrix2x2", "payoffs": [[[50,0],[98,14]],[[87,9],[0,2]]]},
"G510": {"type": "Matrix2x2", "payoffs": [[[42,6],[0,10]],[[92,16],[89,0]]]},
"G511": {"type": "Matrix2x2", "payoffs": [[[82,55],[0,12]],[[65,45],[20,0]]]},
"G512": {"type": "Matrix2x2", "payoffs": [[[6,42],[0,0]],[[18,75],[15,21]]]},
"G513": {"type": "Matrix2x2", "payoffs": [[[77,0],[0,20]],[[100,31],[59,17]]]},
"G514": {"type": "Matrix2x2", "payoffs": [[[90,15],[33,13]],[[0,0],[64,10]]]},
"G515": {"type": "Matrix2x2", "payoffs": [[[67,65],[18,29]],[[63,0],[0,45]]]},
"G516": {"type": "Matrix2x2", "payoffs": [[[10,2],[6,5]],[[14,6],[0,0]]]},
"G517": {"type": "Matrix2x2", "payoffs": [[[51,74],[63,75]],[[0,6],[6,0]]]},
"G518": {"type": "Matrix2x2", "payoffs": [[[6,10],[22,59]],[[0,0],[43,98]]]},
"G519": {"type": "Matrix2x2", "payoffs": [[[43,24],[48,42]],[[39,37],[0,0]]]},
"G520": {"type": "Matrix2x2", "payoffs": [[[25,0],[77,45]],[[0,5],[11,6]]]},
"G521": {"type": "Matrix2x2", "payoffs": [[[0,31],[54,0]],[[80,6],[95,77]]]},
"G522": {"type": "Matrix2x2", "payoffs": [[[32,0],[72,74]],[[0,12],[9,48]]]},
"G523": {"type": "Matrix2x2", "payoffs": [[[26,51],[0,17]],[[21,30],[6,0]]]},
"G524": {"type": "Matrix2x2", "payoffs": [[[9,23],[0,0]],[[3,19],[5,16]]]},
"G525": {"type": "Matrix2x2", "payoffs": [[[0,0],[30,40]],[[9,31],[14,16]]]},
"G526": {"type": "Matrix2x2", "payoffs": [[[98,48],[38,13]],[[0,0],[7,38]]]},
"G527": {"type": "Matrix2x2", "payoffs": [[[67,38],[29,1]],[[0,0],[16,15]]]},
"G528": {"type": "Matrix2x2", "payoffs": [[[19,67],[2,57]],[[11,0],[0,26]]]},
"G529": {"type": "Matrix2x2", "payoffs": [[[27,0],[1,2]],[[73,15],[0,10]]]},
"G530": {"type": "Matrix2x2", "payoffs": [[[13,0],[20,100]],[[0,94],[1,40]]]},
"G531": {"type": "Matrix2x2", "payoffs": [[[25,12],[36,18]],[[0,5],[26,0]]]},
"G532": {"type": "Matrix2x2", "payoffs": [[[50,55],[0,0]],[[41,9],[3,52]]]},
"G533": {"type": "Matrix2x2", "payoffs": [[[91,98],[0,0]],[[16,97],[61,92]]]},
"G534": {"type": "Matrix2x2", "payoffs": [[[22,77],[0,0]],[[15,56],[18,41]]]},
"G535": {"type": "Matrix2x2", "payoffs": [[[79,100],[55,24]],[[0,94],[53,0]]]},
"G536": {"type": "Matrix2x2", "payoffs": [[[27,81],[22,47]],[[0,34],[15,0]]]},
"G537": {"type": "Matrix2x2", "payoffs": [[[19,14],[0,7]],[[26,59],[5,0]]]},
"G538": {"type": "Matrix2x2", "payoffs": [[[2,33],[3,3]],[[0,0],[4,49]]]},
"G539": {"type": "Matrix2x2", "payoffs": [[[6,0],[60,86]],[[0,9],[22,41]]]},
"G540": {"type": "Matrix2x2", "payoffs": [[[6,92],[3,8]],[[1,47],[0,0]]]},
"G541": {"type": "Matrix2x2", "payoffs": [[[56,9],[92,28]],[[89,18],[0,0]]]},
"G542": {"type": "Matrix2x2", "payoffs": [[[9,30],[23,51]],[[0,0],[12,18]]]},
"G543": {"type": "Matrix2x2", "payoffs": [[[40,7],[50,49]],[[0,10],[25,0]]]},
"G544": {"type": "Matrix2x2", "payoffs": [[[64,7],[35,4]],[[0,3],[14,0]]]},
"G545": {"type": "Matrix2x2", "payoffs": [[[33,9],[16,0]],[[66,30],[0,17]]]},
"G546": {"type": "Matrix2x2", "payoffs": [[[39,0],[49,53]],[[0,10],[47,3]]]},
"G547": {"type": "Matrix2x2", "payoffs": [[[43,75],[0,20]],[[12,0],[29,42]]]},
"G548": {"type": "Matrix2x2", "payoffs": [[[0,0],[62,49]],[[19,4],[21,35]]]},
"G549": {"type": "Matrix2x2", "payoffs": [[[73,63],[6,0]],[[0,44],[44,23]]]},
"G550": {"type": "Matrix2x2", "payoffs": [[[70,96],[3,71]],[[0,0],[23,7]]]},
"G551": {"type": "Matrix2x2", "payoffs": [[[10,0],[56,72]],[[48,28],[0,17]]]},
"G552": {"type": "Matrix2x2", "payoffs": [[[0,22],[31,3]],[[57,52],[24,0]]]},
"G553": {"type": "Matrix2x2", "payoffs": [[[0,42],[6,47]],[[2,0],[4,37]]]},
"G554": {"type": "Matrix2x2", "payoffs": [[[8,53],[3,51]],[[5,0],[0,12]]]},
"G555": {"type": "Matrix2x2", "payoffs": [[[2,2],[37,3]],[[0,1],[19,0]]]},
"G556": {"type": "Matrix2x2", "payoffs": [[[26,6],[13,4]],[[0,0],[6,2]]]},
"G557": {"type": "Matrix2x2", "payoffs": [[[39,0],[30,41]],[[0,38],[77,92]]]},
"G558": {"type": "Matrix2x2", "payoffs": [[[36,6],[32,0]],[[71,8],[0,2]]]},
"G559": {"type": "Matrix2x2", "payoffs": [[[8,6],[0,1]],[[32,18],[25,0]]]},
"G560": {"type": "Matrix2x2", "payoffs": [[[20,16],[13,0]],[[0,3],[15,12]]]},
"G561": {"type": "Matrix2x2", "payoffs": [[[5,0],[53,5]],[[35,3],[0,1]]]},
"G562": {"type": "Matrix2x2", "payoffs": [[[49,21],[14,7]],[[0,15],[10,0]]]},
"G563": {"type": "Matrix2x2", "payoffs": [[[30,3],[68,22]],[[21,9],[0,0]]]},
"G564": {"type": "Matrix2x2", "payoffs": [[[4,0],[0,21]],[[9,43],[11,61]]]},
"G565": {"type": "Matrix2x2", "payoffs": [[[72,72],[38,63]],[[32,39],[0,0]]]},
"G566": {"type": "Matrix2x2", "payoffs": [[[9,16],[0,13]],[[35,0],[43,20]]]},
"G567": {"type": "Matrix2x2", "payoffs": [[[0,3],[75,41]],[[49,6],[30,0]]]},
"G568": {"type": "Matrix2x2", "payoffs": [[[0,17],[71,47]],[[55,36],[67,0]]]},
"G569": {"type": "Matrix2x2", "payoffs": [[[0,38],[12,0]],[[30,22],[51,49]]]},
"G570": {"type": "Matrix2x2", "payoffs": [[[98,75],[0,0]],[[37,41],[73,15]]]},
"G571": {"type": "Matrix2x2", "payoffs": [[[0,1],[36,6]],[[83,0],[90,8]]]},
"G572": {"type": "Matrix2x2", "payoffs": [[[1,19],[0,35]],[[4,0],[9,37]]]},
"G573": {"type": "Matrix2x2", "payoffs": [[[0,2],[25,0]],[[35,3],[79,7]]]},
"G574": {"type": "Matrix2x2", "payoffs": [[[12,0],[0,33]],[[45,67],[24,19]]]},
"G575": {"type": "Matrix2x2", "payoffs": [[[19,9],[0,7]],[[56,52],[55,0]]]},
"G576": {"type": "Matrix2x2", "payoffs": [[[3,0],[7,82]],[[0,60],[24,99]]]},
"G577": {"type": "Matrix2x2", "payoffs": [[[41,25],[5,9]],[[0,0],[20,7]]]},
"G578": {"type": "Matrix2x2", "payoffs": [[[98,28],[10,25]],[[0,21],[29,0]]]},
"G579": {"type": "Matrix2x2", "payoffs": [[[47,8],[34,3]],[[44,0],[0,5]]]},
"G580": {"type": "Matrix2x2", "payoffs": [[[12,3],[0,0]],[[72,38],[10,15]]]},
"G581": {"type": "Matrix2x2", "payoffs": [[[61,5],[82,7]],[[99,23],[0,0]]]},
"G582": {"type": "Matrix2x2", "payoffs": [[[0,8],[37,2]],[[65,9],[58,0]]]},
"G583": {"type": "Matrix2x2", "payoffs": [[[38,3],[52,67]],[[0,0],[25,60]]]},
"G584": {"type": "Matrix2x2", "payoffs": [[[0,43],[76,53]],[[10,0],[38,12]]]},
"G585": {"type": "Matrix2x2", "payoffs": [[[32,2],[0,0]],[[72,56],[16,53]]]},
"G586": {"type": "Matrix2x2", "payoffs": [[[0,1],[19,0]],[[28,6],[11,4]]]},
"G587": {"type": "Matrix2x2", "payoffs": [[[0,3],[5,0]],[[70,85],[28,22]]]},
"G588": {"type": "Matrix2x2", "payoffs": [[[89,18],[42,0]],[[32,9],[0,17]]]},
"G589": {"type": "Matrix2x2", "payoffs": [[[1,54],[5,55]],[[0,9],[4,0]]]},
"G590": {"type": "Matrix2x2", "payoffs": [[[0,4],[35,10]],[[6,0],[74,18]]]},
"G591": {"type": "Matrix2x2", "payoffs": [[[0,41],[10,0]],[[54,78],[41,19]]]},
"G592": {"type": "Matrix2x2", "payoffs": [[[13,64],[0,13]],[[45,76],[41,0]]]},
"G593": {"type": "Matrix2x2", "payoffs": [[[34,6],[51,8]],[[0,0],[33,2]]]},
"G594": {"type": "Matrix2x2", "payoffs": [[[0,7],[53,19]],[[12,8],[11,0]]]},
"G595": {"type": "Matrix2x2", "payoffs": [[[66,56],[0,0]],[[8,8],[79,90]]]},
"G596": {"type": "Matrix2x2", "payoffs": [[[5,4],[6,8]],[[0,5],[3,0]]]},
"G597": {"type": "Matrix2x2", "payoffs": [[[2,29],[0,54]],[[4,0],[7,56]]]},
"G598": {"type": "Matrix2x2", "payoffs": [[[2,15],[3,17]],[[21,31],[0,0]]]},
"G599": {"type": "Matrix2x2", "payoffs": [[[81,0],[52,39]],[[100,50],[0,11]]]},
"G600": {"type": "Matrix2x2", "payoffs": [[[36,75],[0,19]],[[9,42],[2,0]]]},
"G601": {"type": "Matrix2x2", "payoffs": [[[0,4],[39,57]],[[48,58],[45,0]]]},
"G602": {"type": "Matrix2x2", "payoffs": [[[9,62],[1,0]],[[5,22],[0,14]]]},
"G603": {"type": "Matrix2x2", "payoffs": [[[8,19],[7,6]],[[6,0],[0,15]]]},
"G604": {"type": "Matrix2x2", "payoffs": [[[0,0],[4,4]],[[72,8],[97,13]]]},
"G605": {"type": "Matrix2x2", "payoffs": [[[57,76],[37,15]],[[0,58],[10,0]]]},
"G606": {"type": "Matrix2x2", "payoffs": [[[94,61],[97,95]],[[47,25],[0,0]]]},
"G607": {"type": "Matrix2x2", "payoffs": [[[71,79],[16,74]],[[34,0],[0,14]]]},
"G608": {"type": "Matrix2x2", "payoffs": [[[0,10],[92,13]],[[43,9],[44,0]]]},
"G609": {"type": "Matrix2x2", "payoffs": [[[12,37],[9,23]],[[2,32],[0,0]]]},
"G610": {"type": "Matrix2x2", "payoffs": [[[20,37],[61,87]],[[0,0],[7,11]]]},
"G611": {"type": "Matrix2x2", "payoffs": [[[4,0],[0,20]],[[59,53],[46,41]]]},
"G612": {"type": "Matrix2x2", "payoffs": [[[14,0],[44,50]],[[43,5],[0,43]]]},
"G613": {"type": "Matrix2x2", "payoffs": [[[46,38],[6,24]],[[10,23],[0,0]]]},
"G614": {"type": "Matrix2x2", "payoffs": [[[63,13],[85,60]],[[12,0],[0,33]]]},
"G615": {"type": "Matrix2x2", "payoffs": [[[47,57],[86,86]],[[52,23],[0,0]]]},
"G616": {"type": "Matrix2x2", "payoffs": [[[24,1],[0,51]],[[29,58],[20,0]]]},
"G617": {"type": "Matrix2x2", "payoffs": [[[56,10],[76,37]],[[51,0],[0,24]]]},
"G618": {"type": "Matrix2x2", "payoffs": [[[12,17],[33,0]],[[37,19],[0,18]]]},
"G619": {"type": "Matrix2x2", "payoffs": [[[64,11],[0,0]],[[10,10],[6,4]]]},
"G620": {"type": "Matrix2x2", "payoffs": [[[0,11],[77,0]],[[3,16],[86,31]]]},
"G621": {"type": "Matrix2x2", "payoffs": [[[50,9],[0,5]],[[9,0],[33,7]]]},
"G622": {"type": "Matrix2x2", "payoffs": [[[82,95],[21,15]],[[36,0],[0,63]]]},
"G623": {"type": "Matrix2x2", "payoffs": [[[34,0],[7,78]],[[62,98],[0,1]]]},
"G624": {"type": "Matrix2x2", "payoffs": [[[22,4],[17,0]],[[0,6],[58,8]]]},
"G625": {"type": "Matrix2x2", "payoffs": [[[8,0],[48,49]],[[1,4],[0,26]]]},
"G626": {"type": "Matrix2x2", "payoffs": [[[0,39],[55,90]],[[1,0],[70,99]]]},
"G627": {"type": "Matrix2x2", "payoffs": [[[94,60],[0,49]],[[12,56],[27,0]]]},
"G628": {"type": "Matrix2x2", "payoffs": [[[86,3],[70,0]],[[0,1],[45,2]]]},
"G629": {"type": "Matrix2x2", "payoffs": [[[67,6],[30,3]],[[0,0],[2,1]]]},
"G630": {"type": "Matrix2x2", "payoffs": [[[69,6],[17,3]],[[78,9],[0,0]]]},
"G631": {"type": "Matrix2x2", "payoffs": [[[12,5],[47,31]],[[32,0],[0,21]]]},
"G632": {"type": "Matrix2x2", "payoffs": [[[33,11],[11,2]],[[19,7],[0,0]]]},
"G633": {"type": "Matrix2x2", "payoffs": [[[53,18],[0,0]],[[40,16],[21,7]]]},
"G634": {"type": "Matrix2x2", "payoffs": [[[33,1],[50,38]],[[90,40],[0,0]]]},
"G635": {"type": "Matrix2x2", "payoffs": [[[0,0],[64,63]],[[51,16],[28,36]]]},
"G636": {"type": "Matrix2x2", "payoffs": [[[81,30],[72,0]],[[0,26],[84,45]]]},
"G637": {"type": "Matrix2x2", "payoffs": [[[43,25],[0,12]],[[42,16],[9,0]]]},
"G638": {"type": "Matrix2x2", "payoffs": [[[10,71],[3,30]],[[9,0],[0,14]]]},
"G639": {"type": "Matrix2x2", "payoffs": [[[1,33],[59,50]],[[6,0],[0,19]]]},
"G640": {"type": "Matrix2x2", "payoffs": [[[19,7],[13,0]],[[0,22],[28,85]]]},
"G641": {"type": "Matrix2x2", "payoffs": [[[30,0],[49,51]],[[0,33],[3,9]]]},
"G642": {"type": "Matrix2x2", "payoffs": [[[44,23],[37,4]],[[36,19],[0,0]]]},
"G643": {"type": "Matrix2x2", "payoffs": [[[0,11],[66,29]],[[23,21],[24,0]]]},
"G644": {"type": "Matrix2x2", "payoffs": [[[1,8],[15,16]],[[0,0],[9,7]]]},
"G645": {"type": "Matrix2x2", "payoffs": [[[48,21],[0,24]],[[9,0],[94,38]]]},
"G646": {"type": "Matrix2x2", "payoffs": [[[0,0],[70,25]],[[3,8],[69,20]]]},
"G647": {"type": "Matrix2x2", "payoffs": [[[0,0],[93,17]],[[92,14],[91,6]]]},
"G648": {"type": "Matrix2x2", "payoffs": [[[12,6],[0,52]],[[24,0],[39,98]]]},
"G649": {"type": "Matrix2x2", "payoffs": [[[20,63],[44,78]],[[42,52],[0,0]]]},
"G650": {"type": "Matrix2x2", "payoffs": [[[72,7],[53,1]],[[48,0],[0,4]]]},
"G651": {"type": "Matrix2x2", "payoffs": [[[33,28],[84,62]],[[46,0],[0,4]]]},
"G652": {"type": "Matrix2x2", "payoffs": [[[56,21],[0,85]],[[58,96],[26,0]]]},
"G653": {"type": "Matrix2x2", "payoffs": [[[0,0],[37,20]],[[74,2],[96,73]]]},
"G654": {"type": "Matrix2x2", "payoffs": [[[13,0],[0,5]],[[24,2],[81,9]]]},
"G655": {"type": "Matrix2x2", "payoffs": [[[42,9],[0,0]],[[31,54],[87,60]]]},
"G656": {"type": "Matrix2x2", "payoffs": [[[4,1],[52,10]],[[7,3],[0,0]]]},
"G657": {"type": "Matrix2x2", "payoffs": [[[17,3],[21,4]],[[0,0],[40,6]]]},
"G658": {"type": "Matrix2x2", "payoffs": [[[16,63],[39,0]],[[64,87],[0,38]]]},
"G659": {"type": "Matrix2x2", "payoffs": [[[35,0],[0,5]],[[62,8],[25,2]]]},
"G660": {"type": "Matrix2x2", "payoffs": [[[12,39],[81,97]],[[15,0],[0,19]]]},
"G661": {"type": "Matrix2x2", "payoffs": [[[40,0],[82,56]],[[55,32],[0,45]]]},
"G662": {"type": "Matrix2x2", "payoffs": [[[43,32],[13,27]],[[0,16],[36,0]]]},
"G663": {"type": "Matrix2x2", "payoffs": [[[29,0],[0,5]],[[61,58],[57,41]]]},
"G664": {"type": "Matrix2x2", "payoffs": [[[14,38],[11,21]],[[2,30],[0,0]]]},
"G665": {"type": "Matrix2x2", "payoffs": [[[44,89],[31,0]],[[37,17],[0,65]]]},
"G666": {"type": "Matrix2x2", "payoffs": [[[0,9],[54,14]],[[66,0],[86,27]]]},
"G667": {"type": "Matrix2x2", "payoffs": [[[65,47],[98,77]],[[0,0],[76,75]]]},
"G668": {"type": "Matrix2x2", "payoffs": [[[65,15],[0,5]],[[44,0],[27,4]]]},
"G669": {"type": "Matrix2x2", "payoffs": [[[99,28],[41,21]],[[49,2],[0,0]]]},
"G670": {"type": "Matrix2x2", "payoffs": [[[9,32],[0,0]],[[19,60],[18,14]]]},
"G671": {"type": "Matrix2x2", "payoffs": [[[3,64],[41,88]],[[0,0],[4,50]]]},
"G672": {"type": "Matrix2x2", "payoffs": [[[35,0],[18,30]],[[0,48],[50,55]]]},
"G673": {"type": "Matrix2x2", "payoffs": [[[55,13],[47,1]],[[45,8],[0,0]]]},
"G674": {"type": "Matrix2x2", "payoffs": [[[21,99],[15,0]],[[18,39],[0,49]]]},
"G675": {"type": "Matrix2x2", "payoffs": [[[8,4],[45,15]],[[2,0],[0,12]]]},
"G676": {"type": "Matrix2x2", "payoffs": [[[66,5],[42,3]],[[4,4],[0,0]]]},
"G677": {"type": "Matrix2x2", "payoffs": [[[26,4],[0,27]],[[39,0],[43,43]]]},
"G678": {"type": "Matrix2x2", "payoffs": [[[97,7],[0,4]],[[64,2],[96,0]]]},
"G679": {"type": "Matrix2x2", "payoffs": [[[0,9],[22,12]],[[34,17],[30,0]]]},
"G680": {"type": "Matrix2x2", "payoffs": [[[0,23],[9,0]],[[56,49],[38,5]]]},
"G681": {"type": "Matrix2x2", "payoffs": [[[54,73],[52,18]],[[0,0],[65,79]]]},
"G682": {"type": "Matrix2x2", "payoffs": [[[6,0],[0,30]],[[41,18],[52,69]]]},
"G683": {"type": "Matrix2x2", "payoffs": [[[8,31],[26,0]],[[30,41],[0,25]]]},
"G684": {"type": "Matrix2x2", "payoffs": [[[15,7],[61,14]],[[21,6],[0,0]]]},
"G685": {"type": "Matrix2x2", "payoffs": [[[7,0],[0,4]],[[9,29],[3,14]]]},
"G686": {"type": "Matrix2x2", "payoffs": [[[0,8],[85,35]],[[13,29],[73,0]]]},
"G687": {"type": "Matrix2x2", "payoffs": [[[59,0],[73,31]],[[88,69],[0,41]]]},
"G688": {"type": "Matrix2x2", "payoffs": [[[0,3],[9,0]],[[15,1],[48,4]]]},
"G689": {"type": "Matrix2x2", "payoffs": [[[3,89],[0,75]],[[1,48],[2,0]]]},
"G690": {"type": "Matrix2x2", "payoffs": [[[32,0],[79,65]],[[3,13],[0,46]]]},
"G691": {"type": "Matrix2x2", "payoffs": [[[0,0],[55,40]],[[20,20],[47,5]]]},
"G692": {"type": "Matrix2x2", "payoffs": [[[16,18],[8,16]],[[0,0],[76,21]]]},
"G693": {"type": "Matrix2x2", "payoffs": [[[9,6],[5,4]],[[0,0],[1,2]]]},
"G694": {"type": "Matrix2x2", "payoffs": [[[25,1],[0,3]],[[28,5],[15,0]]]},
"G695": {"type": "Matrix2x2", "payoffs": [[[92,25],[0,0]],[[99,38],[97,15]]]},
"G696": {"type": "Matrix2x2", "payoffs": [[[2,0],[0,4]],[[60,7],[45,3]]]},
"G697": {"type": "Matrix2x2", "payoffs": [[[0,17],[10,90]],[[5,0],[4,39]]]},
"G698": {"type": "Matrix2x2", "payoffs": [[[21,3],[0,0]],[[41,7],[45,9]]]},
"G699": {"type": "Matrix2x2", "payoffs": [[[68,45],[99,61]],[[35,0],[0,28]]]},
"G700": {"type": "Matrix2x2", "payoffs": [[[53,26],[73,40]],[[0,3],[26,0]]]},
"G701": {"type": "Matrix2x2", "payoffs": [[[14,32],[13,22]],[[22,58],[0,0]]]},
"G702": {"type": "Matrix2x2", "payoffs": [[[27,45],[17,36]],[[53,56],[0,0]]]},
"G703": {"type": "Matrix2x2", "payoffs": [[[6,0],[0,7]],[[16,26],[8,12]]]},
"G704": {"type": "Matrix2x2", "payoffs": [[[24,21],[18,0]],[[10,3],[0,5]]]},
"G705": {"type": "Matrix2x2", "payoffs": [[[0,53],[3,0]],[[5,79],[2,29]]]},
"G706": {"type": "Matrix2x2", "payoffs": [[[15,70],[0,49]],[[7,0],[1,30]]]},
"G707": {"type": "Matrix2x2", "payoffs": [[[23,61],[0,12]],[[6,0],[76,81]]]},
"G708": {"type": "Matrix2x2", "payoffs": [[[0,0],[28,30]],[[35,79],[10,74]]]},
"G709": {"type": "Matrix2x2", "payoffs": [[[32,0],[81,88]],[[0,55],[7,46]]]},
"G710": {"type": "Matrix2x2", "payoffs": [[[28,60],[0,27]],[[3,0],[9,12]]]},
"G711": {"type": "Matrix2x2", "payoffs": [[[5,19],[0,8]],[[7,64],[6,0]]]},
"G712": {"type": "Matrix2x2", "payoffs": [[[25,86],[29,0]],[[0,71],[39,94]]]},
"G713": {"type": "Matrix2x2", "payoffs": [[[8,0],[84,5]],[[0,1],[16,4]]]},
"G714": {"type": "Matrix2x2", "payoffs": [[[21,0],[43,79]],[[0,25],[4,31]]]},
"G715": {"type": "Matrix2x2", "payoffs": [[[30,49],[63,73]],[[0,69],[33,0]]]},
"G716": {"type": "Matrix2x2", "payoffs": [[[48,0],[62,62]],[[0,16],[58,57]]]},
"G717": {"type": "Matrix2x2", "payoffs": [[[0,12],[26,0]],[[45,47],[47,70]]]},
"G718": {"type": "Matrix2x2", "payoffs": [[[10,22],[16,28]],[[0,0],[18,33]]]},
"G719": {"type": "Matrix2x2", "payoffs": [[[14,95],[2,0]],[[3,17],[0,15]]]},
"G720": {"type": "Matrix2x2", "payoffs": [[[42,32],[0,0]],[[83,63],[1,48]]]},
"G721": {"type": "Matrix2x2", "payoffs": [[[48,12],[49,13]],[[0,4],[16,0]]]},
"G722": {"type": "Matrix2x2", "payoffs": [[[73,14],[84,34]],[[0,0],[78,11]]]},
"G723": {"type": "Matrix2x2", "payoffs": [[[16,0],[0,57]],[[4,62],[25,98]]]},
"G724": {"type": "Matrix2x2", "payoffs": [[[0,78],[22,0]],[[29,36],[45,90]]]},
"G725": {"type": "Matrix2x2", "payoffs": [[[55,0],[68,83]],[[0,49],[2,5]]]},
"G726": {"type": "Matrix2x2", "payoffs": [[[70,18],[17,8]],[[42,11],[0,0]]]},
"G727": {"type": "Matrix2x2", "payoffs": [[[7,20],[17,41]],[[1,0],[0,24]]]},
"G728": {"type": "Matrix2x2", "payoffs": [[[0,0],[19,3]],[[1,1],[13,2]]]},
"G729": {"type": "Matrix2x2", "payoffs": [[[0,16],[26,0]],[[28,25],[63,27]]]},
"G730": {"type": "Matrix2x2", "payoffs": [[[8,10],[0,0]],[[4,14],[10,44]]]},
"G731": {"type": "Matrix2x2", "payoffs": [[[0,0],[21,61]],[[24,33],[41,63]]]},
"G732": {"type": "Matrix2x2", "payoffs": [[[89,11],[0,0]],[[52,5],[4,10]]]},
"G733": {"type": "Matrix2x2", "payoffs": [[[8,16],[31,0]],[[0,79],[66,80]]]},
"G734": {"type": "Matrix2x2", "payoffs": [[[5,22],[4,16]],[[0,0],[19,34]]]},
"G735": {"type": "Matrix2x2", "payoffs": [[[2,12],[31,0]],[[49,34],[0,28]]]},
"G736": {"type": "Matrix2x2", "payoffs": [[[18,0],[71,8]],[[0,5],[88,20]]]},
"G737": {"type": "Matrix2x2", "payoffs": [[[5,23],[4,0]],[[6,24],[0,15]]]},
"G738": {"type": "Matrix2x2", "payoffs": [[[0,0],[42,21]],[[14,3],[54,23]]]},
"G739": {"type": "Matrix2x2", "payoffs": [[[50,1],[58,7]],[[4,2],[0,0]]]},
"G740": {"type": "Matrix2x2", "payoffs": [[[18,0],[3,61]],[[26,81],[0,37]]]},
"G741": {"type": "Matrix2x2", "payoffs": [[[75,43],[20,7]],[[0,32],[3,0]]]},
"G742": {"type": "Matrix2x2", "payoffs": [[[0,58],[6,0]],[[53,95],[37,41]]]},
"G743": {"type": "Matrix2x2", "payoffs": [[[0,23],[39,14]],[[61,25],[3,0]]]},
"G744": {"type": "Matrix2x2", "payoffs": [[[0,0],[19,46]],[[55,61],[4,2]]]},
"G745": {"type": "Matrix2x2", "payoffs": [[[4,79],[19,98]],[[11,0],[0,62]]]},
"G746": {"type": "Matrix2x2", "payoffs": [[[0,0],[1,36]],[[13,25],[23,95]]]},
"G747": {"type": "Matrix2x2", "payoffs": [[[2,0],[10,82]],[[0,65],[5,53]]]},
"G748": {"type": "Matrix2x2", "payoffs": [[[29,4],[0,0]],[[40,19],[1,1]]]},
"G749": {"type": "Matrix2x2", "payoffs": [[[32,27],[46,0]],[[0,23],[73,55]]]},
"G750": {"type": "Matrix2x2", "payoffs": [[[0,19],[25,40]],[[35,50],[30,0]]]},
"G751": {"type": "Matrix2x2", "payoffs": [[[29,81],[35,84]],[[1,77],[0,0]]]},
"G752": {"type": "Matrix2x2", "payoffs": [[[13,48],[0,0]],[[40,5],[67,81]]]},
"G753": {"type": "Matrix2x2", "payoffs": [[[0,15],[44,17]],[[43,0],[17,4]]]},
"G754": {"type": "Matrix2x2", "payoffs": [[[0,3],[6,22]],[[2,12],[5,0]]]},
"G755": {"type": "Matrix2x2", "payoffs": [[[66,0],[0,1]],[[71,30],[40,23]]]},
"G756": {"type": "Matrix2x2", "payoffs": [[[67,82],[0,0]],[[2,54],[10,26]]]},
"G757": {"type": "Matrix2x2", "payoffs": [[[65,77],[0,11]],[[18,15],[44,0]]]},
"G758": {"type": "Matrix2x2", "payoffs": [[[48,50],[0,32]],[[49,70],[37,0]]]},
"G759": {"type": "Matrix2x2", "payoffs": [[[24,20],[6,2]],[[0,0],[1,11]]]},
"G760": {"type": "Matrix2x2", "payoffs": [[[0,5],[47,29]],[[5,0],[19,22]]]},
"G761": {"type": "Matrix2x2", "payoffs": [[[50,98],[5,0]],[[0,72],[43,92]]]},
"G762": {"type": "Matrix2x2", "payoffs": [[[0,52],[18,0]],[[42,55],[19,46]]]},
"G763": {"type": "Matrix2x2", "payoffs": [[[0,1],[7,4]],[[21,8],[3,0]]]},
"G764": {"type": "Matrix2x2", "payoffs": [[[68,22],[15,17]],[[0,0],[60,13]]]},
"G765": {"type": "Matrix2x2", "payoffs": [[[42,17],[0,0]],[[48,27],[26,2]]]},
"G766": {"type": "Matrix2x2", "payoffs": [[[13,10],[0,24]],[[20,26],[3,0]]]},
"G767": {"type": "Matrix2x2", "payoffs": [[[37,0],[15,1]],[[0,2],[47,5]]]},
"G768": {"type": "Matrix2x2", "payoffs": [[[7,17],[59,64]],[[0,53],[24,0]]]},
"G769": {"type": "Matrix2x2", "payoffs": [[[0,8],[65,14]],[[25,7],[30,0]]]},
"G770": {"type": "Matrix2x2", "payoffs": [[[25,0],[0,42]],[[15,6],[65,43]]]},
"G771": {"type": "Matrix2x2", "payoffs": [[[23,45],[2,10]],[[0,11],[9,0]]]},
"G772": {"type": "Matrix2x2", "payoffs": [[[21,71],[3,0]],[[20,64],[0,30]]]},
"G773": {"type": "Matrix2x2", "payoffs": [[[25,29],[42,20]],[[57,31],[0,0]]]},
"G774": {"type": "Matrix2x2", "payoffs": [[[62,78],[70,91]],[[0,3],[19,0]]]},
"G775": {"type": "Matrix2x2", "payoffs": [[[20,59],[0,0]],[[25,25],[41,93]]]},
"G776": {"type": "Matrix2x2", "payoffs": [[[33,0],[0,73]],[[43,82],[28,8]]]},
"G777": {"type": "Matrix2x2", "payoffs": [[[5,1],[6,3]],[[0,2],[2,0]]]},
"G778": {"type": "Matrix2x2", "payoffs": [[[69,61],[17,45]],[[0,0],[94,80]]]},
"G779": {"type": "Matrix2x2", "payoffs": [[[26,93],[14,51]],[[0,0],[48,96]]]},
"G780": {"type": "Matrix2x2", "payoffs": [[[12,0],[15,53]],[[0,10],[45,81]]]},
"G781": {"type": "Matrix2x2", "payoffs": [[[32,22],[74,46]],[[0,0],[56,4]]]},
"G782": {"type": "Matrix2x2", "payoffs": [[[10,0],[81,18]],[[0,1],[74,3]]]},
"G783": {"type": "Matrix2x2", "payoffs": [[[94,86],[39,77]],[[0,0],[92,61]]]},
"G784": {"type": "Matrix2x2", "payoffs": [[[0,17],[43,70]],[[2,48],[23,0]]]},
"G785": {"type": "Matrix2x2", "payoffs": [[[16,11],[0,0]],[[54,25],[49,2]]]},
"G786": {"type": "Matrix2x2", "payoffs": [[[3,7],[0,0]],[[23,4],[96,20]]]},
"G787": {"type": "Matrix2x2", "payoffs": [[[22,86],[0,13]],[[13,83],[17,0]]]},
"G788": {"type": "Matrix2x2", "payoffs": [[[8,41],[2,36]],[[26,69],[0,0]]]},
"G789": {"type": "Matrix2x2", "payoffs": [[[5,0],[28,100]],[[26,19],[0,12]]]},
"G790": {"type": "Matrix2x2", "payoffs": [[[0,0],[31,20]],[[32,81],[16,37]]]},
"G791": {"type": "Matrix2x2", "payoffs": [[[3,0],[4,24]],[[2,11],[0,18]]]},
"G792": {"type": "Matrix2x2", "payoffs": [[[83,94],[21,0]],[[0,9],[27,34]]]},
"G793": {"type": "Matrix2x2", "payoffs": [[[45,18],[0,0]],[[22,43],[53,57]]]},
"G794": {"type": "Matrix2x2", "payoffs": [[[36,44],[0,0]],[[97,48],[38,27]]]},
"G795": {"type": "Matrix2x2", "payoffs": [[[27,0],[10,4]],[[0,29],[39,36]]]},
"G796": {"type": "Matrix2x2", "payoffs": [[[70,81],[0,60]],[[24,34],[50,0]]]},
"G797": {"type": "Matrix2x2", "payoffs": [[[51,3],[59,19]],[[12,0],[0,16]]]},
"G798": {"type": "Matrix2x2", "payoffs": [[[4,0],[5,56]],[[6,95],[0,8]]]},
"G799": {"type": "Matrix2x2", "payoffs": [[[47,16],[73,64]],[[0,15],[14,0]]]},
"G800": {"type": "Matrix2x2", "payoffs": [[[0,13],[34,60]],[[31,4],[33,0]]]},
"G801": {"type": "Matrix2x2", "payoffs": [[[4,36],[7,0]],[[17,72],[0,68]]]},
"G802": {"type": "Matrix2x2", "payoffs": [[[0,0],[31,6]],[[14,13],[67,37]]]},
"G803": {"type": "Matrix2x2", "payoffs": [[[2,0],[0,94]],[[8,51],[12,99]]]},
"G804": {"type": "Matrix2x2", "payoffs": [[[26,2],[0,0]],[[81,8],[32,5]]]},
"G805": {"type": "Matrix2x2", "payoffs": [[[19,53],[30,0]],[[0,74],[33,98]]]},
"G806": {"type": "Matrix2x2", "payoffs": [[[55,79],[8,30]],[[0,0],[34,76]]]},
"G807": {"type": "Matrix2x2", "payoffs": [[[80,8],[26,13]],[[0,0],[95,35]]]},
"G808": {"type": "Matrix2x2", "payoffs": [[[13,41],[7,0]],[[0,20],[12,34]]]},
"G809": {"type": "Matrix2x2", "payoffs": [[[17,0],[5,21]],[[0,5],[79,30]]]},
"G810": {"type": "Matrix2x2", "payoffs": [[[0,0],[7,4]],[[2,1],[4,3]]]},
"G811": {"type": "Matrix2x2", "payoffs": [[[18,11],[1,12]],[[0,0],[24,14]]]},
"G812": {"type": "Matrix2x2", "payoffs": [[[23,47],[13,0]],[[24,63],[0,52]]]},
"G813": {"type": "Matrix2x2", "payoffs": [[[24,42],[10,0]],[[5,14],[0,4]]]},
"G814": {"type": "Matrix2x2", "payoffs": [[[22,0],[67,36]],[[49,35],[0,30]]]},
"G815": {"type": "Matrix2x2", "payoffs": [[[6,74],[11,95]],[[3,59],[0,0]]]},
"G816": {"type": "Matrix2x2", "payoffs": [[[68,0],[0,2]],[[57,1],[91,3]]]},
"G817": {"type": "Matrix2x2", "payoffs": [[[55,16],[25,5]],[[79,17],[0,0]]]},
"G818": {"type": "Matrix2x2", "payoffs": [[[1,0],[0,48]],[[6,83],[9,91]]]},
"G819": {"type": "Matrix2x2", "payoffs": [[[6,0],[11,22]],[[0,11],[90,35]]]},
"G820": {"type": "Matrix2x2", "payoffs": [[[29,74],[22,0]],[[23,31],[0,66]]]},
"G821": {"type": "Matrix2x2", "payoffs": [[[17,41],[31,60]],[[0,0],[25,27]]]},
"G822": {"type": "Matrix2x2", "payoffs": [[[74,11],[0,58]],[[97,0],[98,63]]]},
"G823": {"type": "Matrix2x2", "payoffs": [[[18,94],[17,49]],[[0,70],[4,0]]]},
"G824": {"type": "Matrix2x2", "payoffs": [[[5,20],[3,0]],[[0,37],[6,40]]]},
"G825": {"type": "Matrix2x2", "payoffs": [[[0,22],[73,45]],[[9,42],[38,0]]]},
"G826": {"type": "Matrix2x2", "payoffs": [[[0,0],[65,82]],[[12,21],[67,95]]]},
"G827": {"type": "Matrix2x2", "payoffs": [[[0,2],[49,6]],[[46,5],[43,0]]]},
"G828": {"type": "Matrix2x2", "payoffs": [[[15,0],[73,61]],[[0,44],[35,46]]]},
"G829": {"type": "Matrix2x2", "payoffs": [[[4,14],[65,56]],[[0,18],[51,0]]]},
"G830": {"type": "Matrix2x2", "payoffs": [[[27,0],[75,40]],[[0,18],[43,12]]]},
"G831": {"type": "Matrix2x2", "payoffs": [[[52,92],[0,33]],[[4,30],[5,0]]]},
"G832": {"type": "Matrix2x2", "payoffs": [[[32,30],[39,28]],[[52,93],[0,0]]]},
"G833": {"type": "Matrix2x2", "payoffs": [[[74,0],[96,86]],[[5,68],[0,43]]]},
"G834": {"type": "Matrix2x2", "payoffs": [[[1,24],[9,0]],[[0,60],[31,82]]]},
"G835": {"type": "Matrix2x2", "payoffs": [[[24,0],[39,28]],[[23,23],[0,15]]]},
"G836": {"type": "Matrix2x2", "payoffs": [[[26,68],[20,54]],[[0,34],[10,0]]]},
"G837": {"type": "Matrix2x2", "payoffs": [[[0,59],[61,85]],[[62,89],[19,0]]]},
"G838": {"type": "Matrix2x2", "payoffs": [[[62,47],[7,4]],[[0,0],[93,53]]]},
"G839": {"type": "Matrix2x2", "payoffs": [[[0,2],[44,18]],[[36,0],[29,1]]]},
"G840": {"type": "Matrix2x2", "payoffs": [[[13,43],[0,5]],[[46,84],[33,0]]]},
"G841": {"type": "Matrix2x2", "payoffs": [[[13,0],[0,7]],[[16,27],[18,57]]]},
"G842": {"type": "Matrix2x2", "payoffs": [[[21,52],[0,0]],[[15,20],[10,17]]]},
"G843": {"type": "Matrix2x2", "payoffs": [[[0,0],[64,8]],[[46,5],[39,2]]]},
"G844": {"type": "Matrix2x2", "payoffs": [[[2,3],[37,10]],[[36,0],[0,8]]]},
"G845": {"type": "Matrix2x2", "payoffs": [[[14,0],[18,16]],[[24,27],[0,22]]]},
"G846": {"type": "Matrix2x2", "payoffs": [[[4,10],[2,0]],[[3,9],[0,2]]]},
"G847": {"type": "Matrix2x2", "payoffs": [[[40,0],[81,67]],[[0,56],[41,15]]]},
"G848": {"type": "Matrix2x2", "payoffs": [[[16,0],[7,47]],[[0,15],[62,65]]]},
"G849": {"type": "Matrix2x2", "payoffs": [[[13,57],[1,8]],[[0,0],[5,6]]]},
"G850": {"type": "Matrix2x2", "payoffs": [[[26,7],[22,0]],[[34,14],[0,9]]]},
"G851": {"type": "Matrix2x2", "payoffs": [[[0,5],[15,60]],[[9,0],[8,2]]]},
"G852": {"type": "Matrix2x2", "payoffs": [[[0,27],[43,68]],[[77,0],[84,91]]]},
"G853": {"type": "Matrix2x2", "payoffs": [[[80,43],[42,18]],[[19,0],[0,7]]]},
"G854": {"type": "Matrix2x2", "payoffs": [[[26,0],[0,59]],[[6,17],[27,61]]]},
"G855": {"type": "Matrix2x2", "payoffs": [[[0,4],[31,45]],[[7,0],[78,72]]]},
"G856": {"type": "Matrix2x2", "payoffs": [[[50,26],[64,32]],[[0,7],[7,0]]]},
"G857": {"type": "Matrix2x2", "payoffs": [[[24,6],[26,4]],[[0,0],[30,24]]]},
"G858": {"type": "Matrix2x2", "payoffs": [[[31,18],[28,9]],[[0,0],[26,14]]]},
"G859": {"type": "Matrix2x2", "payoffs": [[[66,99],[0,29]],[[26,60],[29,0]]]},
"G860": {"type": "Matrix2x2", "payoffs": [[[43,30],[10,16]],[[0,0],[34,19]]]},
"G861": {"type": "Matrix2x2", "payoffs": [[[55,17],[0,14]],[[70,45],[18,0]]]},
"G862": {"type": "Matrix2x2", "payoffs": [[[9,19],[13,39]],[[1,3],[0,0]]]},
"G863": {"type": "Matrix2x2", "payoffs": [[[1,5],[6,55]],[[0,0],[9,79]]]},
"G864": {"type": "Matrix2x2", "payoffs": [[[44,83],[0,29]],[[39,10],[10,0]]]},
"G865": {"type": "Matrix2x2", "payoffs": [[[0,11],[60,14]],[[40,5],[10,0]]]},
"G866": {"type": "Matrix2x2", "payoffs": [[[35,14],[83,54]],[[0,0],[20,37]]]},
"G867": {"type": "Matrix2x2", "payoffs": [[[31,43],[54,57]],[[0,0],[50,50]]]},
"G868": {"type": "Matrix2x2", "payoffs": [[[13,58],[12,0]],[[0,60],[16,65]]]},
"G869": {"type": "Matrix2x2", "payoffs": [[[47,61],[56,73]],[[2,0],[0,13]]]},
"G870": {"type": "Matrix2x2", "payoffs": [[[1,11],[3,99]],[[2,42],[0,0]]]},
"G871": {"type": "Matrix2x2", "payoffs": [[[3,0],[6,39]],[[1,5],[0,34]]]},
"G872": {"type": "Matrix2x2", "payoffs": [[[27,39],[22,36]],[[0,0],[3,29]]]},
"G873": {"type": "Matrix2x2", "payoffs": [[[48,34],[76,38]],[[6,18],[0,0]]]},
"G874": {"type": "Matrix2x2", "payoffs": [[[0,0],[64,13]],[[18,4],[14,6]]]},
"G875": {"type": "Matrix2x2", "payoffs": [[[49,0],[0,13]],[[20,5],[59,18]]]},
"G876": {"type": "Matrix2x2", "payoffs": [[[0,50],[97,75]],[[23,44],[33,0]]]},
"G877": {"type": "Matrix2x2", "payoffs": [[[11,2],[0,6]],[[23,0],[39,12]]]},
"G878": {"type": "Matrix2x2", "payoffs": [[[73,37],[19,15]],[[0,0],[38,24]]]},
"G879": {"type": "Matrix2x2", "payoffs": [[[14,37],[50,0]],[[81,58],[0,48]]]},
"G880": {"type": "Matrix2x2", "payoffs": [[[37,22],[52,77]],[[12,71],[0,0]]]},
"G881": {"type": "Matrix2x2", "payoffs": [[[6,70],[47,0]],[[75,96],[0,54]]]},
"G882": {"type": "Matrix2x2", "payoffs": [[[72,0],[0,22]],[[17,6],[73,24]]]},
"G883": {"type": "Matrix2x2", "payoffs": [[[90,77],[0,55]],[[80,11],[38,0]]]},
"G884": {"type": "Matrix2x2", "payoffs": [[[34,0],[43,29]],[[0,26],[4,13]]]},
"G885": {"type": "Matrix2x2", "payoffs": [[[65,46],[13,21]],[[42,20],[0,0]]]},
"G886": {"type": "Matrix2x2", "payoffs": [[[5,7],[0,35]],[[11,0],[19,37]]]},
"G887": {"type": "Matrix2x2", "payoffs": [[[19,50],[7,35]],[[0,42],[15,0]]]},
"G888": {"type": "Matrix2x2", "payoffs": [[[54,46],[43,10]],[[0,0],[30,2]]]},
"G889": {"type": "Matrix2x2", "payoffs": [[[53,11],[55,60]],[[25,30],[0,0]]]},
"G890": {"type": "Matrix2x2", "payoffs": [[[0,7],[6,30]],[[8,0],[10,43]]]},
"G891": {"type": "Matrix2x2", "payoffs": [[[0,15],[11,0]],[[28,40],[21,17]]]},
"G892": {"type": "Matrix2x2", "payoffs": [[[56,0],[0,44]],[[5,41],[65,89]]]},
"G893": {"type": "Matrix2x2", "payoffs": [[[0,0],[6,3]],[[16,32],[1,28]]]},
"G894": {"type": "Matrix2x2", "payoffs": [[[22,1],[0,0]],[[15,3],[38,4]]]},
"G895": {"type": "Matrix2x2", "payoffs": [[[16,8],[1,0]],[[0,4],[10,7]]]},
"G896": {"type": "Matrix2x2", "payoffs": [[[21,31],[0,0]],[[32,45],[45,51]]]},
"G897": {"type": "Matrix2x2", "payoffs": [[[14,83],[4,0]],[[3,64],[0,23]]]},
"G898": {"type": "Matrix2x2", "payoffs": [[[0,10],[53,72]],[[39,0],[40,17]]]},
"G899": {"type": "Matrix2x2", "payoffs": [[[4,24],[0,14]],[[37,92],[5,0]]]},
"G900": {"type": "Matrix2x2", "payoffs": [[[25,33],[10,39]],[[0,0],[43,89]]]},
"G901": {"type": "Matrix2x2", "payoffs": [[[17,32],[2,0]],[[27,40],[0,6]]]},
"G902": {"type": "Matrix2x2", "payoffs": [[[93,77],[0,59]],[[27,53],[34,0]]]},
"G903": {"type": "Matrix2x2", "payoffs": [[[2,36],[0,0]],[[14,62],[12,14]]]},
"G904": {"type": "Matrix2x2", "payoffs": [[[18,65],[0,0]],[[44,6],[51,74]]]},
"G905": {"type": "Matrix2x2", "payoffs": [[[64,37],[0,2]],[[17,25],[59,0]]]},
"G906": {"type": "Matrix2x2", "payoffs": [[[30,71],[18,1]],[[16,12],[0,0]]]},
"G907": {"type": "Matrix2x2", "payoffs": [[[0,23],[55,42]],[[40,40],[4,0]]]},
"G908": {"type": "Matrix2x2", "payoffs": [[[17,0],[0,63]],[[11,66],[29,87]]]},
"G909": {"type": "Matrix2x2", "payoffs": [[[7,0],[61,3]],[[0,1],[30,2]]]},
"G910": {"type": "Matrix2x2", "payoffs": [[[39,54],[0,5]],[[3,8],[8,0]]]},
"G911": {"type": "Matrix2x2", "payoffs": [[[30,6],[0,3]],[[39,9],[8,0]]]},
"G912": {"type": "Matrix2x2", "payoffs": [[[4,5],[53,17]],[[39,0],[0,7]]]},
"G913": {"type": "Matrix2x2", "payoffs": [[[0,76],[21,0]],[[25,67],[71,92]]]},
"G914": {"type": "Matrix2x2", "payoffs": [[[18,49],[6,30]],[[4,2],[0,0]]]},
"G915": {"type": "Matrix2x2", "payoffs": [[[99,58],[0,13]],[[80,0],[43,48]]]},
"G916": {"type": "Matrix2x2", "payoffs": [[[7,1],[11,25]],[[0,24],[3,0]]]},
"G917": {"type": "Matrix2x2", "payoffs": [[[39,0],[48,60]],[[0,47],[23,8]]]},
"G918": {"type": "Matrix2x2", "payoffs": [[[2,7],[91,82]],[[0,0],[12,29]]]},
"G919": {"type": "Matrix2x2", "payoffs": [[[35,9],[0,12]],[[8,0],[90,17]]]},
"G920": {"type": "Matrix2x2", "payoffs": [[[4,2],[0,0]],[[49,13],[78,93]]]},
"G921": {"type": "Matrix2x2", "payoffs": [[[0,0],[9,17]],[[12,33],[17,62]]]},
"G922": {"type": "Matrix2x2", "payoffs": [[[0,18],[44,0]],[[41,10],[82,26]]]},
"G923": {"type": "Matrix2x2", "payoffs": [[[36,0],[73,82]],[[64,46],[0,27]]]},
"G924": {"type": "Matrix2x2", "payoffs": [[[62,26],[61,0]],[[0,18],[22,24]]]},
"G925": {"type": "Matrix2x2", "payoffs": [[[0,8],[9,0]],[[72,17],[32,10]]]},
"G926": {"type": "Matrix2x2", "payoffs": [[[0,43],[18,0]],[[4,39],[40,82]]]},
"G927": {"type": "Matrix2x2", "payoffs": [[[57,0],[20,38]],[[60,43],[0,20]]]},
"G928": {"type": "Matrix2x2", "payoffs": [[[11,3],[12,4]],[[8,0],[0,2]]]},
"G929": {"type": "Matrix2x2", "payoffs": [[[0,28],[5,0]],[[30,12],[93,99]]]},
"G930": {"type": "Matrix2x2", "payoffs": [[[0,29],[6,0]],[[31,33],[26,5]]]},
"G931": {"type": "Matrix2x2", "payoffs": [[[0,3],[73,25]],[[82,52],[48,0]]]},
"G932": {"type": "Matrix2x2", "payoffs": [[[41,5],[0,1]],[[17,2],[12,0]]]},
"G933": {"type": "Matrix2x2", "payoffs": [[[40,10],[11,0]],[[41,13],[0,4]]]},
"G934": {"type": "Matrix2x2", "payoffs": [[[22,29],[0,5]],[[56,95],[23,0]]]},
"G935": {"type": "Matrix2x2", "payoffs": [[[0,0],[23,5]],[[43,60],[22,8]]]},
"G936": {"type": "Matrix2x2", "payoffs": [[[27,3],[75,27]],[[24,2],[0,0]]]},
"G937": {"type": "Matrix2x2", "payoffs": [[[0,15],[10,40]],[[14,42],[7,0]]]},
"G938": {"type": "Matrix2x2", "payoffs": [[[0,0],[46,98]],[[37,38],[27,40]]]},
"G939": {"type": "Matrix2x2", "payoffs": [[[17,17],[29,56]],[[4,2],[0,0]]]},
"G940": {"type": "Matrix2x2", "payoffs": [[[16,0],[0,80]],[[20,44],[32,83]]]},
"G941": {"type": "Matrix2x2", "payoffs": [[[0,22],[18,45]],[[12,0],[53,64]]]},
"G942": {"type": "Matrix2x2", "payoffs": [[[27,8],[22,0]],[[0,20],[48,47]]]},
"G943": {"type": "Matrix2x2", "payoffs": [[[96,69],[0,13]],[[46,37],[86,0]]]},
"G944": {"type": "Matrix2x2", "payoffs": [[[18,18],[0,59]],[[19,88],[7,0]]]},
"G945": {"type": "Matrix2x2", "payoffs": [[[63,47],[61,6]],[[25,0],[0,35]]]},
"G946": {"type": "Matrix2x2", "payoffs": [[[27,29],[0,0]],[[82,57],[48,37]]]},
"G947": {"type": "Matrix2x2", "payoffs": [[[28,2],[91,13]],[[55,0],[0,8]]]},
"G948": {"type": "Matrix2x2", "payoffs": [[[0,0],[93,94]],[[45,9],[40,52]]]},
"G949": {"type": "Matrix2x2", "payoffs": [[[87,1],[0,0]],[[26,2],[100,3]]]},
"G950": {"type": "Matrix2x2", "payoffs": [[[79,12],[0,10]],[[75,2],[72,0]]]},
"G951": {"type": "Matrix2x2", "payoffs": [[[0,5],[91,0]],[[99,19],[72,15]]]},
"G952": {"type": "Matrix2x2", "payoffs": [[[0,0],[23,36]],[[15,33],[11,35]]]},
"G953": {"type": "Matrix2x2", "payoffs": [[[4,6],[0,0]],[[10,27],[11,53]]]},
"G954": {"type": "Matrix2x2", "payoffs": [[[71,6],[44,4]],[[1,0],[0,1]]]},
"G955": {"type": "Matrix2x2", "payoffs": [[[14,61],[5,0]],[[8,51],[0,58]]]},
"G956": {"type": "Matrix2x2", "payoffs": [[[59,69],[43,38]],[[41,0],[0,14]]]},
"G957": {"type": "Matrix2x2", "payoffs": [[[1,0],[7,50]],[[3,26],[0,2]]]},
"G958": {"type": "Matrix2x2", "payoffs": [[[0,23],[1,42]],[[16,52],[5,0]]]},
"G959": {"type": "Matrix2x2", "payoffs": [[[39,63],[46,7]],[[0,0],[68,64]]]},
"G960": {"type": "Matrix2x2", "payoffs": [[[55,63],[0,21]],[[42,12],[50,0]]]},
"G961": {"type": "Matrix2x2", "payoffs": [[[34,0],[60,38]],[[0,28],[63,46]]]},
"G962": {"type": "Matrix2x2", "payoffs": [[[2,0],[5,65]],[[8,75],[0,33]]]},
"G963": {"type": "Matrix2x2", "payoffs": [[[0,38],[8,19]],[[12,0],[38,50]]]},
"G964": {"type": "Matrix2x2", "payoffs": [[[4,17],[0,95]],[[2,0],[11,97]]]},
"G965": {"type": "Matrix2x2", "payoffs": [[[87,45],[0,32]],[[20,8],[71,0]]]},
"G966": {"type": "Matrix2x2", "payoffs": [[[64,5],[10,41]],[[84,95],[0,0]]]},
"G967": {"type": "Matrix2x2", "payoffs": [[[8,50],[0,41]],[[19,72],[10,0]]]},
"G968": {"type": "Matrix2x2", "payoffs": [[[75,38],[32,7]],[[47,0],[0,32]]]},
"G969": {"type": "Matrix2x2", "payoffs": [[[1,12],[0,11]],[[11,17],[10,0]]]},
"G970": {"type": "Matrix2x2", "payoffs": [[[11,10],[0,22]],[[7,0],[22,30]]]},
"G971": {"type": "Matrix2x2", "payoffs": [[[36,3],[0,0]],[[60,22],[33,13]]]},
"G972": {"type": "Matrix2x2", "payoffs": [[[73,75],[23,74]],[[33,16],[0,0]]]},
"G973": {"type": "Matrix2x2", "payoffs": [[[3,0],[4,17]],[[67,44],[0,40]]]},
"G974": {"type": "Matrix2x2", "payoffs": [[[7,34],[9,38]],[[8,2],[0,0]]]},
"G975": {"type": "Matrix2x2", "payoffs": [[[0,54],[1,0]],[[8,18],[9,69]]]},
"G976": {"type": "Matrix2x2", "payoffs": [[[59,18],[84,33]],[[0,27],[66,0]]]},
"G977": {"type": "Matrix2x2", "payoffs": [[[35,0],[43,3]],[[0,13],[74,14]]]},
"G978": {"type": "Matrix2x2", "payoffs": [[[33,8],[30,4]],[[14,0],[0,6]]]},
"G979": {"type": "Matrix2x2", "payoffs": [[[0,0],[30,15]],[[47,6],[98,29]]]},
"G980": {"type": "Matrix2x2", "payoffs": [[[10,95],[33,98]],[[16,0],[0,21]]]},
"G981": {"type": "Matrix2x2", "payoffs": [[[42,37],[36,31]],[[72,52],[0,0]]]},
"G982": {"type": "Matrix2x2", "payoffs": [[[65,2],[73,0]],[[0,1],[90,5]]]},
"G983": {"type": "Matrix2x2", "payoffs": [[[84,52],[83,51]],[[0,25],[78,0]]]},
"G984": {"type": "Matrix2x2", "payoffs": [[[66,8],[45,0]],[[0,13],[68,95]]]},
"G985": {"type": "Matrix2x2", "payoffs": [[[9,100],[2,0]],[[0,9],[1,18]]]},
"G986": {"type": "Matrix2x2", "payoffs": [[[45,0],[76,80]],[[73,12],[0,79]]]},
"G987": {"type": "Matrix2x2", "payoffs": [[[0,0],[53,50]],[[91,54],[9,44]]]},
"G988": {"type": "Matrix2x2", "payoffs": [[[38,3],[0,8]],[[43,20],[7,0]]]},
"G989": {"type": "Matrix2x2", "payoffs": [[[1,81],[0,0]],[[2,21],[5,87]]]},
"G990": {"type": "Matrix2x2", "payoffs": [[[16,2],[44,0]],[[0,8],[99,28]]]},
"G991": {"type": "Matrix2x2", "payoffs": [[[22,89],[8,32]],[[0,59],[12,0]]]},
"G992": {"type": "Matrix2x2", "payoffs": [[[84,19],[0,0]],[[29,4],[37,10]]]},
"G993": {"type": "Matrix2x2", "payoffs": [[[0,0],[25,10]],[[26,2],[29,37]]]},
"G994": {"type": "Matrix2x2", "payoffs": [[[0,8],[2,0]],[[1,22],[3,26]]]},
"G995": {"type": "Matrix2x2", "payoffs": [[[33,57],[0,0]],[[6,49],[22,34]]]},
"G996": {"type": "Matrix2x2", "payoffs": [[[0,22],[35,0]],[[37,99],[10,46]]]},
"G997": {"type": "Matrix2x2", "payoffs": [[[10,28],[0,0]],[[5,35],[15,56]]]},
"G998": {"type": "Matrix2x2", "payoffs": [[[8,33],[12,35]],[[6,0],[0,34]]]},
"G999": {"type": "Matrix2x2", "payoffs": [[[21,69],[38,18]],[[41,85],[0,0]]]},
"G1000": {"type": "Matrix2x2", "payoffs": [[[98,84],[0,2]],[[100,94],[29,0]]]}
}