{
"numGames": 100,
"G1": {"type": "Matrix2x2", "payoffs": [[[0,0],[60,14]],[[47,9],[29,1]]]},
"G2": {"type": "Matrix2x2", "payoffs": [[[51,51],[23,29]],[[0,0],[38,46]]]},
"G3": {"type": "Matrix2x2", "payoffs": [[[11,15],[0,0]],[[49,83],[9,56]]]},
"G4": {"type": "Matrix2x2", "payoffs": [[[78,61],[45,0]],[[32,6],[0,59]]]},
"G5": {"type": "Matrix2x2", "payoffs": [[[1,34],[10,0]],[[14,80],[0,2]]]},
"G6": {"type": "Matrix2x2", "payoffs": [[[16,3],[31,22]],[[0,12],[3,0]]]},
"G7": {"type": "Matrix2x2", "payoffs": [[[29,60],[11,70]],[[60,97],[0,0]]]},
"G8": {"type": "Matrix2x2", "payoffs": [[[91,29],[3,9]],[[0,0],[34,17]]]},
"G9": {"type": "Matrix2x2", "payoffs": [[[26,41],[0,3]],[[83,47],[47,0]]]},
"G10": {"type": "Matrix2x2", "payoffs": [[[57,4],[19,3]],[[53,1],[0,0]]]},
"G11": {"type": "Matrix2x2", "payoffs": [[[0,47],[40,0]],[[88,63],[1,43]]]},
"G12": {"type": "Matrix2x2", "payoffs": [[[13,0],[0,4]],[[9,22],[24,35]]]},
"G13": {"type": "Matrix2x2", "payoffs": [[[34,74],[14,0]],[[4,67],[0,30]]]},
"G14": {"type": "Matrix2x2", "payoffs": [[[0,8],[34,0]],[[44,3],[51,14]]]},
"G15": {"type": "Matrix2x2", "payoffs": [[[5,42],[0,0]],[[4,14],[1,41]]]},
"G16": {"type": "Matrix2x2", "payoffs": [[[1,83],[6,86]],[[0,54],[4,0]]]},
"G17": {"type": "Matrix2x2", "payoffs": [[[0,34],[28,97]],[[25,80],[17,0]]]},
"G18": {"type": "Matrix2x2", "payoffs": [[[17,1],[7,2]],[[0,0],[23,3]]]},
"G19": {"type": "Matrix2x2", "payoffs": [[[33,9],[0,28]],[[37,30],[11,0]]]},
"G20": {"type": "Matrix2x2", "payoffs": [[[4,12],[2,1]],[[0,0],[3,10]]]},
"G21": {"type": "Matrix2x2", "payoffs": [[[42,66],[41,7]],[[20,0],[0,49]]]},
"G22": {"type": "Matrix2x2", "payoffs": [[[77,20],[56,0]],[[0,18],[9,2]]]},
"G23": {"type": "Matrix2x2", "payoffs": [[[91,75],[46,71]],[[0,0],[80,11]]]},
"G24": {"type": "Matrix2x2", "payoffs": [[[0,36],[7,19]],[[8,0],[58,41]]]},
"G25": {"type": "Matrix2x2", "payoffs": [[[29,44],[0,4]],[[14,0],[13,21]]]},
"G26": {"type": "Matrix2x2", "payoffs": [[[21,35],[70,40]],[[45,0],[0,37]]]},
"G27": {"type": "Matrix2x2", "payoffs": [[[80,48],[18,43]],[[73,0],[0,27]]]},
"G28": {"type": "Matrix2x2", "payoffs": [[[94,97],[0,37]],[[56,3],[42,0]]]},
"G29": {"type": "Matrix2x2", "payoffs": [[[80,27],[3,15]],[[0,0],[66,26]]]},
"G30": {"type": "Matrix2x2", "payoffs": [[[37,13],[14,0]],[[2,7],[0,3]]]},
"G31": {"type": "Matrix2x2", "payoffs": [[[0,0],[24,32]],[[16,26],[18,30]]]},
"G32": {"type": "Matrix2x2", "payoffs": [[[0,23],[34,95]],[[19,0],[22,44]]]},
"G33": {"type": "Matrix2x2", "payoffs": [[[81,75],[43,3]],[[28,50],[0,0]]]},
"G34": {"type": "Matrix2x2", "payoffs": [[[48,48],[50,49]],[[24,0],[0,19]]]},
"G35": {"type": "Matrix2x2", "payoffs": [[[33,16],[56,1]],[[0,0],[73,59]]]},
"G36": {"type": "Matrix2x2", "payoffs": [[[9,85],[5,0]],[[8,30],[0,78]]]},
"G37": {"type": "Matrix2x2", "payoffs": [[[54,0],[75,2]],[[89,47],[0,14]]]},
"G38": {"type": "Matrix2x2", "payoffs": [[[95,79],[0,75]],[[4,55],[45,0]]]},
"G39": {"type": "Matrix2x2", "payoffs": [[[3,0],[9,80]],[[0,73],[4,45]]]},
"G40": {"type": "Matrix2x2", "payoffs": [[[0,37],[17,58]],[[14,0],[67,79]]]},
"G41": {"type": "Matrix2x2", "payoffs": [[[73,0],[39,85]],[[0,1],[89,100]]]},
"G42": {"type": "Matrix2x2", "payoffs": [[[8,23],[3,22]],[[0,0],[9,25]]]},
"G43": {"type": "Matrix2x2", "payoffs": [[[6,10],[0,3]],[[3,6],[2,0]]]},
"G44": {"type": "Matrix2x2", "payoffs": [[[80,7],[0,13]],[[84,57],[24,0]]]},
"G45": {"type": "Matrix2x2", "payoffs": [[[10,6],[22,11]],[[5,1],[0,0]]]},
"G46": {"type": "Matrix2x2", "payoffs": [[[0,0],[91,79]],[[74,70],[48,78]]]},
"G47": {"type": "Matrix2x2", "payoffs": [[[19,28],[9,3]],[[3,19],[0,0]]]},
"G48": {"type": "Matrix2x2", "payoffs": [[[36,92],[0,25]],[[26,77],[27,0]]]},
"G49": {"type": "Matrix2x2", "payoffs": [[[32,97],[0,26]],[[28,42],[31,0]]]},
"G50": {"type": "Matrix2x2", "payoffs": [[[5,66],[0,46]],[[36,0],[61,77]]]},
"G51": {"type": "Matrix2x2", "payoffs": [[[34,0],[52,67]],[[0,23],[38,50]]]},
"G52": {"type": "Matrix2x2", "payoffs": [[[8,11],[0,2]],[[50,17],[44,0]]]},
"G53": {"type": "Matrix2x2", "payoffs": [[[73,14],[0,7]],[[45,6],[22,0]]]},
"G54": {"type": "Matrix2x2", "payoffs": [[[58,9],[3,0]],[[0,3],[69,20]]]},
"G55": {"type": "Matrix2x2", "payoffs": [[[33,11],[0,40]],[[71,0],[91,51]]]},
"G56": {"type": "Matrix2x2", "payoffs": [[[0,1],[45,23]],[[15,8],[29,0]]]},
"G57": {"type": "Matrix2x2", "payoffs": [[[0,0],[12,40]],[[80,44],[65,8]]]},
"G58": {"type": "Matrix2x2", "payoffs": [[[43,13],[28,30]],[[50,42],[0,0]]]},
"G59": {"type": "Matrix2x2", "payoffs": [[[30,93],[0,0]],[[2,55],[9,66]]]},
"G60": {"type": "Matrix2x2", "payoffs": [[[0,38],[5,24]],[[38,40],[35,0]]]},
"G61": {"type": "Matrix2x2", "payoffs": [[[14,10],[56,99]],[[5,82],[0,0]]]},
"G62": {"type": "Matrix2x2", "payoffs": [[[0,77],[7,0]],[[12,85],[8,37]]]},
"G63": {"type": "Matrix2x2", "payoffs": [[[0,33],[22,0]],[[15,42],[26,53]]]},
"G64": {"type": "Matrix2x2", "payoffs": [[[62,39],[35,31]],[[98,69],[0,0]]]},
"G65": {"type": "Matrix2x2", "payoffs": [[[11,0],[0,73]],[[2,29],[28,83]]]},
"G66": {"type": "Matrix2x2", "payoffs": [[[93,95],[26,0]],[[0,18],[51,74]]]},
"G67": {"type": "Matrix2x2", "payoffs": [[[0,32],[48,39]],[[25,35],[14,0]]]},
"G68": {"type": "Matrix2x2", "payoffs": [[[28,93],[12,45]],[[3,36],[0,0]]]},
"G69": {"type": "Matrix2x2", "payoffs": [[[0,22],[85,44]],[[37,0],[23,23]]]},
"G70": {"type": "Matrix2x2", "payoffs": [[[0,0],[82,20]],[[30,19],[17,13]]]},
"G71": {"type": "Matrix2x2", "payoffs": [[[72,39],[53,0]],[[33,15],[0,13]]]},
"G72": {"type": "Matrix2x2", "payoffs": [[[59,0],[40,2]],[[78,89],[0,42]]]},
"G73": {"type": "Matrix2x2", "payoffs": [[[12,0],[48,99]],[[16,41],[0,20]]]},
"G74": {"type": "Matrix2x2", "payoffs": [[[60,0],[63,20]],[[79,48],[0,31]]]},
"G75": {"type": "Matrix2x2", "payoffs": [[[56,90],[0,0]],[[13,12],[20,20]]]},
"G76": {"type": "Matrix2x2", "payoffs": [[[91,63],[0,49]],[[51,17],[16,0]]]},
"G77": {"type": "Matrix2x2", "payoffs": [[[0,18],[54,43]],[[44,0],[88,69]]]},
"G78": {"type": "Matrix2x2", "payoffs": [[[0,33],[54,19]],[[100,66],[36,0]]]},
"G79": {"type": "Matrix2x2", "payoffs": [[[48,26],[0,0]],[[39,11],[42,19]]]},
"G80": {"type": "Matrix2x2", "payoffs": [[[0,0],[16,75]],[[1,69],[8,30]]]},
"G81": {"type": "Matrix2x2", "payoffs": [[[33,60],[42,68]],[[21,34],[0,0]]]},
"G82": {"type": "Matrix2x2", "payoffs": [[[0,12],[7,0]],[[40,51],[3,29]]]},
"G83": {"type": "Matrix2x2", "payoffs": [[[0,11],[19,14]],[[32,49],[28,0]]]},
"G84": {"type": "Matrix2x2", "payoffs": [[[37,12],[9,20]],[[76,26],[0,0]]]},
"G85": {"type": "Matrix2x2", "payoffs": [[[10,0],[0,8]],[[17,26],[5,13]]]},
"G86": {"type": "Matrix2x2", "payoffs": [[[91,0],[52,30]],[[0,63],[93,64]]]},
"G87": {"type": "Matrix2x2", "payoffs": [[[10,0],[35,3]],[[0,2],[24,1]]]},
"G88": {"type": "Matrix2x2", "payoffs": [[[81,1],[69,0]],[[92,7],[0,5]]]},
"G89": {"type": "Matrix2x2", "payoffs": [[[38,19],[43,0]],[[47,72],[0,34]]]},
"G90": {"type": "Matrix2x2", "payoffs": [[[29,28],[91,77]],[[0,74],[24,0]]]},
"G91": {"type": "Matrix2x2", "payoffs": [[[18,0],[4,7]],[[0,25],[30,54]]]},
"G92": {"type": "Matrix2x2", "payoffs": [[[2,0],[4,13]],[[0,4],[1,12]]]},
"G93": {"type": "Matrix2x2", "payoffs": [[[1,0],[32,62]],[[17,51],[0,32]]]},
"G94": {"type": "Matrix2x2", "payoffs": [[[6,0],[63,53]],[[0,12],[31,40]]]},
"G95": {"type": "Matrix2x2", "payoffs": [[[0,4],[31,7]],[[37,0],[92,9]]]},
"G96": {"type": "Matrix2x2", "payoffs": [[[9,28],[0,0]],[[79,42],[46,25]]]},
"G97": {"type": "Matrix2x2", "payoffs": [[[1,13],[2,12]],[[4,15],[0,0]]]},
"G98": {"type": "Matrix2x2", "payoffs": [[[50,5],[21,2]],[[61,6],[0,0]]]},
"G99": {"type": "Matrix2x2", "payoffs": [[[0,18],[5,19]],[[1,0],[14,40]]]},
"G100": {"type": "Matrix2x2", "payoffs": [[[3,52],[0,0]],[[16,42],[44,55]]]}
}