{
"numGames": 1000,
"G1": {"type": "Matrix2x2", "payoffs": [[[1,0],[0,65]],[[3,67],[4,71]]]},
"G2": {"type": "Matrix2x2", "payoffs": [[[0,0],[77,38]],[[64,5],[26,33]]]},
"G3": {"type": "Matrix2x2", "payoffs": [[[0,20],[57,0]],[[45,12],[82,81]]]},
"G4": {"type": "Matrix2x2", "payoffs": [[[39,48],[33,43]],[[7,0],[0,27]]]},
"G5": {"type": "Matrix2x2", "payoffs": [[[0,0],[1,7]],[[63,10],[50,3]]]},
"G6": {"type": "Matrix2x2", "payoffs": [[[39,60],[74,75]],[[46,0],[0,45]]]},
"G7": {"type": "Matrix2x2", "payoffs": [[[10,56],[33,0]],[[0,7],[43,61]]]},
"G8": {"type": "Matrix2x2", "payoffs": [[[0,15],[12,21]],[[89,42],[29,0]]]},
"G9": {"type": "Matrix2x2", "payoffs": [[[0,0],[42,10]],[[43,14],[2,2]]]},
"G10": {"type": "Matrix2x2", "payoffs": [[[5,0],[7,8]],[[0,4],[25,11]]]},
"G11": {"type": "Matrix2x2", "payoffs": [[[15,24],[0,0]],[[33,32],[5,17]]]},
"G12": {"type": "Matrix2x2", "payoffs": [[[0,1],[30,0]],[[41,5],[26,4]]]},
"G13": {"type": "Matrix2x2", "payoffs": [[[26,15],[18,0]],[[0,12],[5,3]]]},
"G14": {"type": "Matrix2x2", "payoffs": [[[28,48],[2,11]],[[32,60],[0,0]]]},
"G15": {"type": "Matrix2x2", "payoffs": [[[15,29],[14,0]],[[68,85],[0,49]]]},
"G16": {"type": "Matrix2x2", "payoffs": [[[4,5],[6,13]],[[2,0],[0,12]]]},
"G17": {"type": "Matrix2x2", "payoffs": [[[15,49],[0,10]],[[6,28],[13,0]]]},
"G18": {"type": "Matrix2x2", "payoffs": [[[0,21],[20,12]],[[1,0],[36,41]]]},
"G19": {"type": "Matrix2x2", "payoffs": [[[44,78],[29,11]],[[10,44],[0,0]]]},
"G20": {"type": "Matrix2x2", "payoffs": [[[62,74],[0,12]],[[8,58],[38,0]]]},
"G21": {"type": "Matrix2x2", "payoffs": [[[30,5],[72,16]],[[8,0],[0,3]]]},
"G22": {"type": "Matrix2x2", "payoffs": [[[8,0],[21,34]],[[1,2],[0,23]]]},
"G23": {"type": "Matrix2x2", "payoffs": [[[0,0],[59,98]],[[37,84],[38,63]]]},
"G24": {"type": "Matrix2x2", "payoffs": [[[0,35],[2,0]],[[54,56],[37,45]]]},
"G25": {"type": "Matrix2x2", "payoffs": [[[49,2],[28,18]],[[0,0],[73,35]]]},
"G26": {"type": "Matrix2x2", "payoffs": [[[0,0],[37,37]],[[49,78],[14,11]]]},
"G27": {"type": "Matrix2x2", "payoffs": [[[30,14],[0,0]],[[60,26],[53,23]]]},
"G28": {"type": "Matrix2x2", "payoffs": [[[35,0],[67,93]],[[0,89],[3,90]]]},
"G29": {"type": "Matrix2x2", "payoffs": [[[0,55],[4,74]],[[1,0],[2,13]]]},
"G30": {"type": "Matrix2x2", "payoffs": [[[0,12],[12,80]],[[10,0],[5,46]]]},
"G31": {"type": "Matrix2x2", "payoffs": [[[19,78],[0,3]],[[18,6],[5,0]]]},
"G32": {"type": "Matrix2x2", "payoffs": [[[24,0],[39,16]],[[43,37],[0,25]]]},
"G33": {"type": "Matrix2x2", "payoffs": [[[33,41],[29,53]],[[0,0],[43,54]]]},
"G34": {"type": "Matrix2x2", "payoffs": [[[59,7],[68,56]],[[17,0],[0,25]]]},
"G35": {"type": "Matrix2x2", "payoffs": [[[37,2],[83,15]],[[0,4],[27,0]]]},
"G36": {"type": "Matrix2x2", "payoffs": [[[58,27],[13,9]],[[0,23],[4,0]]]},
"G37": {"type": "Matrix2x2", "payoffs": [[[0,0],[2,75]],[[38,89],[6,20]]]},
"G38": {"type": "Matrix2x2", "payoffs": [[[14,45],[0,57]],[[16,81],[15,0]]]},
"G39": {"type": "Matrix2x2", "payoffs": [[[3,14],[0,15]],[[9,21],[6,0]]]},
"G40": {"type": "Matrix2x2", "payoffs": [[[15,0],[14,40]],[[26,42],[0,29]]]},
"G41": {"type": "Matrix2x2", "payoffs": [[[32,50],[11,0]],[[21,47],[0,17]]]},
"G42": {"type": "Matrix2x2", "payoffs": [[[0,15],[38,40]],[[34,0],[5,16]]]},
"G43": {"type": "Matrix2x2", "payoffs": [[[72,43],[0,39]],[[44,1],[60,0]]]},
"G44": {"type": "Matrix2x2", "payoffs": [[[3,2],[10,4]],[[4,1],[0,0]]]},
"G45": {"type": "Matrix2x2", "payoffs": [[[12,52],[50,73]],[[0,0],[33,60]]]},
"G46": {"type": "Matrix2x2", "payoffs": [[[0,6],[9,0]],[[64,20],[60,19]]]},
"G47": {"type": "Matrix2x2", "payoffs": [[[29,0],[46,5]],[[0,7],[63,8]]]},
"G48": {"type": "Matrix2x2", "payoffs": [[[0,50],[69,53]],[[25,0],[51,46]]]},
"G49": {"type": "Matrix2x2", "payoffs": [[[28,0],[29,13]],[[60,23],[0,22]]]},
"G50": {"type": "Matrix2x2", "payoffs": [[[44,14],[0,0]],[[33,86],[49,99]]]},
"G51": {"type": "Matrix2x2", "payoffs": [[[24,14],[14,12]],[[0,0],[53,16]]]},
"G52": {"type": "Matrix2x2", "payoffs": [[[1,81],[7,0]],[[0,65],[84,100]]]},
"G53": {"type": "Matrix2x2", "payoffs": [[[14,0],[63,60]],[[0,36],[51,44]]]},
"G54": {"type": "Matrix2x2", "payoffs": [[[17,1],[89,3]],[[0,0],[14,2]]]},
"G55": {"type": "Matrix2x2", "payoffs": [[[55,0],[67,72]],[[42,49],[0,33]]]},
"G56": {"type": "Matrix2x2", "payoffs": [[[0,53],[52,0]],[[62,69],[29,47]]]},
"G57": {"type": "Matrix2x2", "payoffs": [[[33,8],[41,11]],[[12,0],[0,1]]]},
"G58": {"type": "Matrix2x2", "payoffs": [[[0,0],[9,71]],[[14,64],[43,100]]]},
"G59": {"type": "Matrix2x2", "payoffs": [[[0,0],[2,6]],[[3,16],[1,9]]]},
"G60": {"type": "Matrix2x2", "payoffs": [[[12,0],[30,15]],[[0,17],[67,26]]]},
"G61": {"type": "Matrix2x2", "payoffs": [[[82,3],[0,2]],[[19,0],[28,1]]]},
"G62": {"type": "Matrix2x2", "payoffs": [[[10,17],[0,72]],[[21,79],[20,0]]]},
"G63": {"type": "Matrix2x2", "payoffs": [[[27,39],[0,29]],[[5,27],[3,0]]]},
"G64": {"type": "Matrix2x2", "payoffs": [[[39,41],[0,0]],[[16,12],[4,7]]]},
"G65": {"type": "Matrix2x2", "payoffs": [[[0,6],[14,19]],[[13,0],[20,26]]]},
"G66": {"type": "Matrix2x2", "payoffs": [[[61,47],[0,3]],[[26,0],[55,18]]]},
"G67": {"type": "Matrix2x2", "payoffs": [[[5,97],[3,0]],[[4,95],[0,90]]]},
"G68": {"type": "Matrix2x2", "payoffs": [[[31,0],[6,10]],[[0,2],[34,29]]]},
"G69": {"type": "Matrix2x2", "payoffs": [[[24,13],[98,20]],[[67,0],[0,8]]]},
"G70": {"type": "Matrix2x2", "payoffs": [[[71,20],[0,0]],[[42,14],[9,13]]]},
"G71": {"type": "Matrix2x2", "payoffs": [[[14,26],[0,21]],[[8,7],[5,0]]]},
"G72": {"type": "Matrix2x2", "payoffs": [[[0,0],[10,89]],[[2,17],[13,93]]]},
"G73": {"type": "Matrix2x2", "payoffs": [[[35,28],[57,21]],[[69,46],[0,0]]]},
"G74": {"type": "Matrix2x2", "payoffs": [[[33,45],[54,51]],[[44,28],[0,0]]]},
"G75": {"type": "Matrix2x2", "payoffs": [[[24,17],[0,0]],[[33,35],[11,13]]]},
"G76": {"type": "Matrix2x2", "payoffs": [[[93,11],[16,5]],[[57,9],[0,0]]]},
"G77": {"type": "Matrix2x2", "payoffs": [[[53,38],[96,76]],[[0,0],[39,42]]]},
"G78": {"type": "Matrix2x2", "payoffs": [[[80,41],[0,9]],[[74,0],[37,27]]]},
"G79": {"type": "Matrix2x2", "payoffs": [[[61,0],[66,46]],[[13,6],[0,15]]]},
"G80": {"type": "Matrix2x2", "payoffs": [[[34,6],[0,0]],[[80,59],[78,14]]]},
"G81": {"type": "Matrix2x2", "payoffs": [[[13,2],[0,1]],[[23,0],[28,3]]]},
"G82": {"type": "Matrix2x2", "payoffs": [[[10,0],[50,20]],[[0,9],[52,57]]]},
"G83": {"type": "Matrix2x2", "payoffs": [[[14,72],[2,50]],[[4,57],[0,0]]]},
"G84": {"type": "Matrix2x2", "payoffs": [[[0,0],[11,50]],[[57,89],[28,65]]]},
"G85": {"type": "Matrix2x2", "payoffs": [[[61,0],[30,20]],[[99,35],[0,7]]]},
"G86": {"type": "Matrix2x2", "payoffs": [[[11,36],[0,44]],[[81,55],[8,0]]]},
"G87": {"type": "Matrix2x2", "payoffs": [[[6,0],[0,20]],[[28,50],[17,21]]]},
"G88": {"type": "Matrix2x2", "payoffs": [[[37,74],[0,58]],[[31,0],[11,17]]]},
"G89": {"type": "Matrix2x2", "payoffs": [[[0,55],[73,59]],[[10,0],[40,56]]]},
"G90": {"type": "Matrix2x2", "payoffs": [[[1,17],[33,44]],[[0,0],[27,8]]]},
"G91": {"type": "Matrix2x2", "payoffs": [[[73,60],[34,0]],[[0,9],[72,4]]]},
"G92": {"type": "Matrix2x2", "payoffs": [[[0,23],[42,60]],[[59,0],[63,83]]]},
"G93": {"type": "Matrix2x2", "payoffs": [[[8,0],[0,6]],[[80,23],[28,8]]]},
"G94": {"type": "Matrix2x2", "payoffs": [[[15,18],[0,26]],[[53,38],[19,0]]]},
"G95": {"type": "Matrix2x2", "payoffs": [[[33,5],[5,1]],[[0,3],[19,0]]]},
"G96": {"type": "Matrix2x2", "payoffs": [[[77,41],[0,27]],[[33,33],[24,0]]]},
"G97": {"type": "Matrix2x2", "payoffs": [[[0,0],[58,2]],[[46,3],[86,4]]]},
"G98": {"type": "Matrix2x2", "payoffs": [[[71,0],[84,3]],[[91,83],[0,54]]]},
"G99": {"type": "Matrix2x2", "payoffs": [[[31,52],[78,59]],[[0,0],[77,33]]]},
"G100": {"type": "Matrix2x2", "payoffs": [[[92,0],[59,26]],[[93,47],[0,40]]]},
"G101": {"type": "Matrix2x2", "payoffs": [[[8,50],[0,34]],[[90,71],[72,0]]]},
"G102": {"type": "Matrix2x2", "payoffs": [[[13,10],[87,17]],[[18,0],[0,1]]]},
"G103": {"type": "Matrix2x2", "payoffs": [[[5,71],[14,0]],[[0,23],[16,86]]]},
"G104": {"type": "Matrix2x2", "payoffs": [[[93,37],[31,0]],[[0,5],[21,11]]]},
"G105": {"type": "Matrix2x2", "payoffs": [[[38,31],[0,0]],[[87,77],[46,30]]]},
"G106": {"type": "Matrix2x2", "payoffs": [[[5,0],[8,1]],[[0,4],[19,7]]]},
"G107": {"type": "Matrix2x2", "payoffs": [[[1,0],[2,21]],[[0,12],[4,25]]]},
"G108": {"type": "Matrix2x2", "payoffs": [[[0,0],[95,12]],[[73,2],[72,9]]]},
"G109": {"type": "Matrix2x2", "payoffs": [[[0,0],[23,13]],[[38,88],[10,55]]]},
"G110": {"type": "Matrix2x2", "payoffs": [[[0,24],[18,11]],[[21,0],[30,89]]]},
"G111": {"type": "Matrix2x2", "payoffs": [[[39,24],[53,58]],[[0,0],[26,29]]]},
"G112": {"type": "Matrix2x2", "payoffs": [[[18,0],[0,32]],[[1,17],[71,39]]]},
"G113": {"type": "Matrix2x2", "payoffs": [[[18,32],[17,26]],[[0,31],[2,0]]]},
"G114": {"type": "Matrix2x2", "payoffs": [[[17,1],[0,60]],[[8,0],[29,81]]]},
"G115": {"type": "Matrix2x2", "payoffs": [[[66,45],[74,87]],[[57,32],[0,0]]]},
"G116": {"type": "Matrix2x2", "payoffs": [[[0,0],[45,81]],[[11,22],[20,8]]]},
"G117": {"type": "Matrix2x2", "payoffs": [[[0,19],[29,0]],[[53,6],[70,48]]]},
"G118": {"type": "Matrix2x2", "payoffs": [[[9,45],[0,25]],[[12,0],[21,64]]]},
"G119": {"type": "Matrix2x2", "payoffs": [[[0,5],[77,0]],[[88,9],[45,3]]]},
"G120": {"type": "Matrix2x2", "payoffs": [[[6,0],[41,11]],[[0,4],[2,2]]]},
"G121": {"type": "Matrix2x2", "payoffs": [[[0,0],[5,68]],[[1,19],[8,86]]]},
"G122": {"type": "Matrix2x2", "payoffs": [[[59,94],[0,2]],[[55,0],[47,28]]]},
"G123": {"type": "Matrix2x2", "payoffs": [[[17,11],[11,0]],[[0,69],[22,100]]]},
"G124": {"type": "Matrix2x2", "payoffs": [[[14,63],[6,29]],[[0,0],[10,3]]]},
"G125": {"type": "Matrix2x2", "payoffs": [[[12,77],[6,32]],[[3,27],[0,0]]]},
"G126": {"type": "Matrix2x2", "payoffs": [[[80,0],[63,98]],[[87,100],[0,81]]]},
"G127": {"type": "Matrix2x2", "payoffs": [[[34,0],[0,69]],[[37,85],[36,8]]]},
"G128": {"type": "Matrix2x2", "payoffs": [[[72,60],[77,78]],[[21,16],[0,0]]]},
"G129": {"type": "Matrix2x2", "payoffs": [[[47,99],[22,20]],[[0,80],[20,0]]]},
"G130": {"type": "Matrix2x2", "payoffs": [[[26,26],[56,45]],[[39,0],[0,36]]]},
"G131": {"type": "Matrix2x2", "payoffs": [[[74,41],[65,0]],[[27,26],[0,40]]]},
"G132": {"type": "Matrix2x2", "payoffs": [[[17,1],[0,51]],[[64,71],[24,0]]]},
"G133": {"type": "Matrix2x2", "payoffs": [[[4,2],[14,3]],[[6,0],[0,1]]]},
"G134": {"type": "Matrix2x2", "payoffs": [[[0,20],[5,0]],[[11,10],[60,57]]]},
"G135": {"type": "Matrix2x2", "payoffs": [[[25,1],[0,4]],[[2,0],[26,8]]]},
"G136": {"type": "Matrix2x2", "payoffs": [[[0,0],[11,11]],[[83,63],[63,26]]]},
"G137": {"type": "Matrix2x2", "payoffs": [[[47,45],[63,53]],[[0,0],[44,12]]]},
"G138": {"type": "Matrix2x2", "payoffs": [[[64,21],[29,13]],[[43,20],[0,0]]]},
"G139": {"type": "Matrix2x2", "payoffs": [[[0,27],[17,31]],[[19,0],[37,35]]]},
"G140": {"type": "Matrix2x2", "payoffs": [[[0,30],[10,0]],[[18,31],[73,42]]]},
"G141": {"type": "Matrix2x2", "payoffs": [[[8,2],[0,0]],[[34,4],[20,1]]]},
"G142": {"type": "Matrix2x2", "payoffs": [[[0,31],[25,0]],[[35,79],[27,59]]]},
"G143": {"type": "Matrix2x2", "payoffs": [[[35,35],[26,0]],[[14,19],[0,27]]]},
"G144": {"type": "Matrix2x2", "payoffs": [[[40,62],[36,41]],[[71,75],[0,0]]]},
"G145": {"type": "Matrix2x2", "payoffs": [[[25,45],[5,0]],[[13,40],[0,7]]]},
"G146": {"type": "Matrix2x2", "payoffs": [[[0,4],[17,24]],[[32,25],[8,0]]]},
"G147": {"type": "Matrix2x2", "payoffs": [[[23,0],[60,24]],[[32,22],[0,2]]]},
"G148": {"type": "Matrix2x2", "payoffs": [[[0,3],[6,17]],[[21,20],[19,0]]]},
"G149": {"type": "Matrix2x2", "payoffs": [[[0,2],[45,3]],[[24,1],[2,0]]]},
"G150": {"type": "Matrix2x2", "payoffs": [[[92,0],[93,3]],[[99,43],[0,34]]]},
"G151": {"type": "Matrix2x2", "payoffs": [[[0,14],[55,28]],[[61,74],[14,0]]]},
"G152": {"type": "Matrix2x2", "payoffs": [[[1,0],[0,38]],[[4,66],[2,9]]]},
"G153": {"type": "Matrix2x2", "payoffs": [[[0,0],[12,2]],[[64,8],[79,16]]]},
"G154": {"type": "Matrix2x2", "payoffs": [[[1,12],[4,17]],[[0,0],[3,4]]]},
"G155": {"type": "Matrix2x2", "payoffs": [[[58,4],[80,26]],[[0,0],[9,12]]]},
"G156": {"type": "Matrix2x2", "payoffs": [[[2,52],[8,33]],[[0,0],[12,66]]]},
"G157": {"type": "Matrix2x2", "payoffs": [[[65,0],[74,75]],[[64,25],[0,36]]]},
"G158": {"type": "Matrix2x2", "payoffs": [[[4,0],[7,75]],[[0,61],[48,80]]]},
"G159": {"type": "Matrix2x2", "payoffs": [[[7,43],[11,55]],[[1,0],[0,39]]]},
"G160": {"type": "Matrix2x2", "payoffs": [[[0,71],[25,0]],[[21,24],[37,93]]]},
"G161": {"type": "Matrix2x2", "payoffs": [[[0,32],[8,0]],[[11,57],[15,59]]]},
"G162": {"type": "Matrix2x2", "payoffs": [[[26,62],[0,17]],[[20,28],[2,0]]]},
"G163": {"type": "Matrix2x2", "payoffs": [[[34,0],[43,55]],[[0,41],[29,28]]]},
"G164": {"type": "Matrix2x2", "payoffs": [[[33,7],[0,1]],[[19,0],[46,12]]]},
"G165": {"type": "Matrix2x2", "payoffs": [[[58,18],[64,49]],[[24,0],[0,2]]]},
"G166": {"type": "Matrix2x2", "payoffs": [[[26,11],[29,63]],[[0,6],[8,0]]]},
"G167": {"type": "Matrix2x2", "payoffs": [[[71,3],[48,0]],[[0,15],[75,21]]]},
"G168": {"type": "Matrix2x2", "payoffs": [[[31,0],[62,60]],[[0,39],[68,64]]]},
"G169": {"type": "Matrix2x2", "payoffs": [[[94,40],[0,30]],[[59,0],[15,1]]]},
"G170": {"type": "Matrix2x2", "payoffs": [[[90,20],[27,0]],[[58,12],[0,17]]]},
"G171": {"type": "Matrix2x2", "payoffs": [[[68,43],[4,0]],[[0,7],[16,16]]]},
"G172": {"type": "Matrix2x2", "payoffs": [[[0,23],[48,0]],[[21,2],[50,34]]]},
"G173": {"type": "Matrix2x2", "payoffs": [[[16,80],[25,83]],[[15,0],[0,6]]]},
"G174": {"type": "Matrix2x2", "payoffs": [[[92,37],[42,18]],[[0,23],[61,0]]]},
"G175": {"type": "Matrix2x2", "payoffs": [[[0,0],[24,75]],[[11,96],[43,99]]]},
"G176": {"type": "Matrix2x2", "payoffs": [[[42,0],[46,29]],[[57,56],[0,39]]]},
"G177": {"type": "Matrix2x2", "payoffs": [[[74,78],[52,8]],[[8,0],[0,50]]]},
"G178": {"type": "Matrix2x2", "payoffs": [[[17,81],[69,93]],[[37,73],[0,0]]]},
"G179": {"type": "Matrix2x2", "payoffs": [[[83,0],[0,5]],[[46,2],[93,8]]]},
"G180": {"type": "Matrix2x2", "payoffs": [[[0,2],[69,4]],[[68,3],[66,0]]]},
"G181": {"type": "Matrix2x2", "payoffs": [[[46,0],[0,41]],[[62,6],[88,62]]]},
"G182": {"type": "Matrix2x2", "payoffs": [[[61,13],[98,17]],[[0,0],[11,3]]]},
"G183": {"type": "Matrix2x2", "payoffs": [[[6,0],[10,57]],[[14,64],[0,59]]]},
"G184": {"type": "Matrix2x2", "payoffs": [[[0,4],[47,52]],[[2,0],[11,39]]]},
"G185": {"type": "Matrix2x2", "payoffs": [[[0,3],[80,9]],[[36,0],[75,6]]]},
"G186": {"type": "Matrix2x2", "payoffs": [[[0,0],[83,19]],[[31,7],[95,36]]]},
"G187": {"type": "Matrix2x2", "payoffs": [[[14,0],[55,60]],[[13,33],[0,23]]]},
"G188": {"type": "Matrix2x2", "payoffs": [[[2,0],[0,11]],[[28,46],[23,37]]]},
"G189": {"type": "Matrix2x2", "payoffs": [[[20,0],[0,5]],[[55,17],[28,9]]]},
"G190": {"type": "Matrix2x2", "payoffs": [[[23,78],[4,0]],[[21,35],[0,63]]]},
"G191": {"type": "Matrix2x2", "payoffs": [[[42,11],[0,16]],[[6,0],[51,33]]]},
"G192": {"type": "Matrix2x2", "payoffs": [[[82,53],[0,0]],[[32,23],[75,13]]]},
"G193": {"type": "Matrix2x2", "payoffs": [[[21,14],[51,60]],[[0,28],[24,0]]]},
"G194": {"type": "Matrix2x2", "payoffs": [[[51,99],[19,0]],[[0,81],[33,1]]]},
"G195": {"type": "Matrix2x2", "payoffs": [[[15,51],[6,0]],[[14,20],[0,34]]]},
"G196": {"type": "Matrix2x2", "payoffs": [[[0,0],[28,5]],[[29,37],[42,59]]]},
"G197": {"type": "Matrix2x2", "payoffs": [[[23,49],[37,69]],[[20,24],[0,0]]]},
"G198": {"type": "Matrix2x2", "payoffs": [[[43,22],[88,36]],[[0,17],[54,0]]]},
"G199": {"type": "Matrix2x2", "payoffs": [[[53,1],[0,0]],[[35,5],[77,7]]]},
"G200": {"type": "Matrix2x2", "payoffs": [[[0,0],[27,14]],[[73,15],[39,5]]]},
"G201": {"type": "Matrix2x2", "payoffs": [[[7,0],[0,20]],[[27,29],[52,42]]]},
"G202": {"type": "Matrix2x2", "payoffs": [[[93,4],[0,0]],[[42,3],[16,1]]]},
"G203": {"type": "Matrix2x2", "payoffs": [[[11,0],[0,3]],[[13,42],[21,79]]]},
"G204": {"type": "Matrix2x2", "payoffs": [[[0,26],[28,15]],[[17,0],[40,29]]]},
"G205": {"type": "Matrix2x2", "payoffs": [[[24,21],[15,0]],[[32,28],[0,22]]]},
"G206": {"type": "Matrix2x2", "payoffs": [[[20,35],[4,23]],[[0,0],[7,19]]]},
"G207": {"type": "Matrix2x2", "payoffs": [[[45,20],[0,2]],[[34,0],[2,16]]]},
"G208": {"type": "Matrix2x2", "payoffs": [[[43,0],[46,97]],[[25,65],[0,78]]]},
"G209": {"type": "Matrix2x2", "payoffs": [[[21,0],[0,14]],[[17,12],[22,15]]]},
"G210": {"type": "Matrix2x2", "payoffs": [[[0,0],[4,25]],[[2,30],[20,35]]]},
"G211": {"type": "Matrix2x2", "payoffs": [[[59,5],[97,36]],[[0,35],[17,0]]]},
"G212": {"type": "Matrix2x2", "payoffs": [[[5,16],[19,46]],[[0,0],[9,11]]]},
"G213": {"type": "Matrix2x2", "payoffs": [[[0,57],[14,20]],[[22,0],[40,74]]]},
"G214": {"type": "Matrix2x2", "payoffs": [[[28,23],[100,52]],[[18,39],[0,0]]]},
"G215": {"type": "Matrix2x2", "payoffs": [[[32,67],[0,30]],[[1,31],[27,0]]]},
"G216": {"type": "Matrix2x2", "payoffs": [[[2,70],[34,90]],[[0,0],[4,58]]]},
"G217": {"type": "Matrix2x2", "payoffs": [[[0,21],[39,16]],[[82,55],[61,0]]]},
"G218": {"type": "Matrix2x2", "payoffs": [[[0,27],[4,0]],[[5,5],[8,67]]]},
"G219": {"type": "Matrix2x2", "payoffs": [[[28,14],[3,0]],[[0,2],[18,5]]]},
"G220": {"type": "Matrix2x2", "payoffs": [[[32,17],[37,0]],[[0,6],[53,24]]]},
"G221": {"type": "Matrix2x2", "payoffs": [[[6,13],[31,26]],[[0,5],[27,0]]]},
"G222": {"type": "Matrix2x2", "payoffs": [[[85,98],[41,11]],[[49,0],[0,70]]]},
"G223": {"type": "Matrix2x2", "payoffs": [[[70,22],[66,0]],[[68,9],[0,19]]]},
"G224": {"type": "Matrix2x2", "payoffs": [[[32,71],[0,0]],[[1,57],[10,54]]]},
"G225": {"type": "Matrix2x2", "payoffs": [[[0,23],[1,26]],[[17,0],[43,54]]]},
"G226": {"type": "Matrix2x2", "payoffs": [[[81,26],[67,7]],[[24,0],[0,17]]]},
"G227": {"type": "Matrix2x2", "payoffs": [[[21,69],[20,17]],[[0,59],[6,0]]]},
"G228": {"type": "Matrix2x2", "payoffs": [[[20,11],[6,0]],[[21,60],[0,8]]]},
"G229": {"type": "Matrix2x2", "payoffs": [[[72,67],[0,22]],[[4,0],[45,1]]]},
"G230": {"type": "Matrix2x2", "payoffs": [[[66,84],[51,0]],[[0,31],[53,83]]]},
"G231": {"type": "Matrix2x2", "payoffs": [[[14,29],[13,21]],[[30,40],[0,0]]]},
"G232": {"type": "Matrix2x2", "payoffs": [[[11,18],[0,7]],[[4,1],[6,0]]]},
"G233": {"type": "Matrix2x2", "payoffs": [[[0,44],[77,50]],[[28,0],[44,27]]]},
"G234": {"type": "Matrix2x2", "payoffs": [[[36,39],[0,0]],[[35,6],[58,95]]]},
"G235": {"type": "Matrix2x2", "payoffs": [[[0,7],[5,6]],[[32,0],[40,20]]]},
"G236": {"type": "Matrix2x2", "payoffs": [[[45,2],[49,25]],[[0,0],[47,18]]]},
"G237": {"type": "Matrix2x2", "payoffs": [[[0,0],[50,7]],[[61,8],[29,6]]]},
"G238": {"type": "Matrix2x2", "payoffs": [[[7,0],[0,17]],[[16,21],[13,19]]]},
"G239": {"type": "Matrix2x2", "payoffs": [[[63,82],[0,17]],[[20,52],[12,0]]]},
"G240": {"type": "Matrix2x2", "payoffs": [[[17,6],[39,28]],[[0,25],[10,0]]]},
"G241": {"type": "Matrix2x2", "payoffs": [[[17,2],[0,6]],[[27,10],[10,0]]]},
"G242": {"type": "Matrix2x2", "payoffs": [[[3,0],[18,95]],[[0,43],[10,41]]]},
"G243": {"type": "Matrix2x2", "payoffs": [[[54,14],[35,7]],[[78,17],[0,0]]]},
"G244": {"type": "Matrix2x2", "payoffs": [[[7,38],[38,95]],[[0,0],[30,32]]]},
"G245": {"type": "Matrix2x2", "payoffs": [[[75,37],[8,0]],[[96,56],[0,20]]]},
"G246": {"type": "Matrix2x2", "payoffs": [[[0,1],[73,82]],[[71,0],[18,76]]]},
"G247": {"type": "Matrix2x2", "payoffs": [[[8,0],[0,19]],[[7,10],[32,20]]]},
"G248": {"type": "Matrix2x2", "payoffs": [[[5,10],[45,47]],[[0,0],[23,19]]]},
"G249": {"type": "Matrix2x2", "payoffs": [[[22,28],[21,2]],[[0,0],[33,40]]]},
"G250": {"type": "Matrix2x2", "payoffs": [[[1,33],[0,0]],[[2,47],[5,98]]]},
"G251": {"type": "Matrix2x2", "payoffs": [[[38,16],[0,0]],[[77,35],[86,66]]]},
"G252": {"type": "Matrix2x2", "payoffs": [[[50,78],[27,0]],[[35,22],[0,21]]]},
"G253": {"type": "Matrix2x2", "payoffs": [[[2,52],[0,0]],[[7,60],[5,38]]]},
"G254": {"type": "Matrix2x2", "payoffs": [[[0,0],[31,9]],[[26,36],[50,91]]]},
"G255": {"type": "Matrix2x2", "payoffs": [[[16,35],[5,21]],[[14,4],[0,0]]]},
"G256": {"type": "Matrix2x2", "payoffs": [[[3,0],[0,16]],[[17,17],[57,33]]]},
"G257": {"type": "Matrix2x2", "payoffs": [[[43,53],[0,24]],[[13,0],[16,22]]]},
"G258": {"type": "Matrix2x2", "payoffs": [[[46,73],[0,46]],[[4,0],[42,72]]]},
"G259": {"type": "Matrix2x2", "payoffs": [[[0,23],[25,25]],[[19,0],[37,28]]]},
"G260": {"type": "Matrix2x2", "payoffs": [[[4,82],[0,39]],[[2,17],[1,0]]]},
"G261": {"type": "Matrix2x2", "payoffs": [[[48,72],[72,82]],[[69,81],[0,0]]]},
"G262": {"type": "Matrix2x2", "payoffs": [[[60,87],[33,61]],[[8,0],[0,86]]]},
"G263": {"type": "Matrix2x2", "payoffs": [[[0,2],[5,0]],[[9,46],[6,25]]]},
"G264": {"type": "Matrix2x2", "payoffs": [[[18,0],[48,76]],[[0,45],[47,10]]]},
"G265": {"type": "Matrix2x2", "payoffs": [[[42,28],[23,14]],[[38,1],[0,0]]]},
"G266": {"type": "Matrix2x2", "payoffs": [[[27,33],[75,55]],[[0,0],[5,38]]]},
"G267": {"type": "Matrix2x2", "payoffs": [[[73,25],[0,0]],[[10,20],[3,15]]]},
"G268": {"type": "Matrix2x2", "payoffs": [[[23,16],[0,56]],[[42,0],[48,89]]]},
"G269": {"type": "Matrix2x2", "payoffs": [[[0,50],[33,23]],[[37,95],[21,0]]]},
"G270": {"type": "Matrix2x2", "payoffs": [[[4,0],[6,12]],[[0,2],[2,8]]]},
"G271": {"type": "Matrix2x2", "payoffs": [[[17,33],[0,0]],[[55,21],[59,76]]]},
"G272": {"type": "Matrix2x2", "payoffs": [[[46,0],[86,71]],[[6,13],[0,18]]]},
"G273": {"type": "Matrix2x2", "payoffs": [[[0,0],[34,73]],[[33,52],[44,77]]]},
"G274": {"type": "Matrix2x2", "payoffs": [[[34,59],[43,69]],[[19,0],[0,68]]]},
"G275": {"type": "Matrix2x2", "payoffs": [[[74,29],[99,34]],[[7,16],[0,0]]]},
"G276": {"type": "Matrix2x2", "payoffs": [[[5,43],[63,0]],[[0,13],[68,52]]]},
"G277": {"type": "Matrix2x2", "payoffs": [[[0,24],[6,40]],[[45,62],[40,0]]]},
"G278": {"type": "Matrix2x2", "payoffs": [[[1,18],[0,37]],[[8,48],[4,0]]]},
"G279": {"type": "Matrix2x2", "payoffs": [[[1,2],[0,14]],[[9,0],[19,64]]]},
"G280": {"type": "Matrix2x2", "payoffs": [[[35,36],[0,0]],[[37,85],[27,59]]]},
"G281": {"type": "Matrix2x2", "payoffs": [[[18,50],[34,52]],[[0,22],[14,0]]]},
"G282": {"type": "Matrix2x2", "payoffs": [[[8,0],[26,46]],[[13,29],[0,23]]]},
"G283": {"type": "Matrix2x2", "payoffs": [[[6,26],[9,30]],[[0,0],[4,23]]]},
"G284": {"type": "Matrix2x2", "payoffs": [[[0,9],[35,8]],[[95,15],[92,0]]]},
"G285": {"type": "Matrix2x2", "payoffs": [[[39,6],[47,0]],[[0,5],[53,8]]]},
"G286": {"type": "Matrix2x2", "payoffs": [[[1,0],[22,93]],[[7,21],[0,59]]]},
"G287": {"type": "Matrix2x2", "payoffs": [[[41,21],[45,87]],[[28,0],[0,22]]]},
"G288": {"type": "Matrix2x2", "payoffs": [[[0,27],[16,69]],[[11,33],[15,0]]]},
"G289": {"type": "Matrix2x2", "payoffs": [[[65,21],[72,32]],[[37,14],[0,0]]]},
"G290": {"type": "Matrix2x2", "payoffs": [[[47,73],[18,31]],[[0,14],[16,0]]]},
"G291": {"type": "Matrix2x2", "payoffs": [[[18,2],[0,1]],[[21,3],[5,0]]]},
"G292": {"type": "Matrix2x2", "payoffs": [[[0,4],[93,18]],[[98,33],[86,0]]]},
"G293": {"type": "Matrix2x2", "payoffs": [[[8,14],[0,0]],[[10,31],[4,9]]]},
"G294": {"type": "Matrix2x2", "payoffs": [[[35,54],[9,0]],[[27,43],[0,20]]]},
"G295": {"type": "Matrix2x2", "payoffs": [[[50,38],[94,48]],[[68,26],[0,0]]]},
"G296": {"type": "Matrix2x2", "payoffs": [[[95,82],[81,74]],[[55,19],[0,0]]]},
"G297": {"type": "Matrix2x2", "payoffs": [[[0,14],[24,18]],[[6,6],[19,0]]]},
"G298": {"type": "Matrix2x2", "payoffs": [[[0,40],[4,0]],[[12,49],[3,47]]]},
"G299": {"type": "Matrix2x2", "payoffs": [[[0,0],[43,41]],[[81,68],[12,59]]]},
"G300": {"type": "Matrix2x2", "payoffs": [[[28,10],[0,2]],[[80,15],[21,0]]]},
"G301": {"type": "Matrix2x2", "payoffs": [[[52,0],[0,18]],[[84,19],[18,4]]]},
"G302": {"type": "Matrix2x2", "payoffs": [[[36,0],[0,40]],[[68,2],[85,70]]]},
"G303": {"type": "Matrix2x2", "payoffs": [[[0,0],[1,44]],[[11,83],[2,72]]]},
"G304": {"type": "Matrix2x2", "payoffs": [[[0,8],[26,3]],[[47,76],[9,0]]]},
"G305": {"type": "Matrix2x2", "payoffs": [[[0,1],[24,0]],[[20,3],[46,5]]]},
"G306": {"type": "Matrix2x2", "payoffs": [[[75,20],[27,17]],[[64,0],[0,5]]]},
"G307": {"type": "Matrix2x2", "payoffs": [[[44,33],[29,32]],[[42,5],[0,0]]]},
"G308": {"type": "Matrix2x2", "payoffs": [[[0,47],[9,51]],[[13,0],[22,81]]]},
"G309": {"type": "Matrix2x2", "payoffs": [[[64,0],[14,41]],[[86,98],[0,23]]]},
"G310": {"type": "Matrix2x2", "payoffs": [[[2,0],[42,91]],[[0,88],[3,17]]]},
"G311": {"type": "Matrix2x2", "payoffs": [[[4,26],[0,0]],[[5,42],[6,87]]]},
"G312": {"type": "Matrix2x2", "payoffs": [[[14,13],[8,0]],[[19,27],[0,19]]]},
"G313": {"type": "Matrix2x2", "payoffs": [[[51,5],[68,23]],[[12,11],[0,0]]]},
"G314": {"type": "Matrix2x2", "payoffs": [[[6,79],[4,0]],[[55,84],[0,39]]]},
"G315": {"type": "Matrix2x2", "payoffs": [[[12,1],[0,0]],[[20,3],[26,4]]]},
"G316": {"type": "Matrix2x2", "payoffs": [[[10,0],[13,75]],[[9,2],[0,5]]]},
"G317": {"type": "Matrix2x2", "payoffs": [[[19,5],[55,29]],[[0,0],[59,56]]]},
"G318": {"type": "Matrix2x2", "payoffs": [[[57,1],[0,0]],[[27,16],[72,55]]]},
"G319": {"type": "Matrix2x2", "payoffs": [[[12,0],[2,22]],[[14,90],[0,67]]]},
"G320": {"type": "Matrix2x2", "payoffs": [[[41,12],[39,32]],[[0,0],[48,44]]]},
"G321": {"type": "Matrix2x2", "payoffs": [[[0,0],[21,10]],[[49,66],[32,24]]]},
"G322": {"type": "Matrix2x2", "payoffs": [[[0,0],[5,9]],[[14,12],[2,10]]]},
"G323": {"type": "Matrix2x2", "payoffs": [[[0,0],[14,25]],[[29,52],[38,80]]]},
"G324": {"type": "Matrix2x2", "payoffs": [[[49,49],[0,14]],[[22,35],[16,0]]]},
"G325": {"type": "Matrix2x2", "payoffs": [[[26,50],[0,0]],[[88,57],[75,26]]]},
"G326": {"type": "Matrix2x2", "payoffs": [[[5,0],[81,4]],[[73,2],[0,1]]]},
"G327": {"type": "Matrix2x2", "payoffs": [[[5,4],[62,0]],[[63,28],[0,2]]]},
"G328": {"type": "Matrix2x2", "payoffs": [[[54,0],[55,7]],[[0,3],[34,5]]]},
"G329": {"type": "Matrix2x2", "payoffs": [[[14,65],[0,32]],[[2,56],[9,0]]]},
"G330": {"type": "Matrix2x2", "payoffs": [[[20,0],[86,62]],[[0,56],[63,25]]]},
"G331": {"type": "Matrix2x2", "payoffs": [[[26,48],[75,54]],[[1,46],[0,0]]]},
"G332": {"type": "Matrix2x2", "payoffs": [[[0,0],[23,21]],[[76,35],[52,15]]]},
"G333": {"type": "Matrix2x2", "payoffs": [[[100,53],[0,33]],[[4,0],[69,26]]]},
"G334": {"type": "Matrix2x2", "payoffs": [[[0,11],[81,86]],[[25,3],[18,0]]]},
"G335": {"type": "Matrix2x2", "payoffs": [[[39,0],[47,3]],[[0,2],[79,9]]]},
"G336": {"type": "Matrix2x2", "payoffs": [[[5,0],[9,93]],[[0,27],[3,78]]]},
"G337": {"type": "Matrix2x2", "payoffs": [[[12,0],[1,75]],[[0,14],[70,86]]]},
"G338": {"type": "Matrix2x2", "payoffs": [[[38,0],[0,13]],[[44,50],[9,16]]]},
"G339": {"type": "Matrix2x2", "payoffs": [[[30,21],[80,87]],[[0,0],[17,82]]]},
"G340": {"type": "Matrix2x2", "payoffs": [[[53,0],[0,65]],[[62,81],[60,63]]]},
"G341": {"type": "Matrix2x2", "payoffs": [[[21,0],[0,22]],[[19,15],[27,42]]]},
"G342": {"type": "Matrix2x2", "payoffs": [[[22,36],[0,30]],[[29,0],[30,57]]]},
"G343": {"type": "Matrix2x2", "payoffs": [[[0,26],[9,31]],[[5,0],[6,3]]]},
"G344": {"type": "Matrix2x2", "payoffs": [[[0,0],[13,61]],[[6,27],[12,40]]]},
"G345": {"type": "Matrix2x2", "payoffs": [[[13,49],[8,0]],[[5,45],[0,44]]]},
"G346": {"type": "Matrix2x2", "payoffs": [[[86,6],[0,5]],[[87,15],[9,0]]]},
"G347": {"type": "Matrix2x2", "payoffs": [[[0,0],[40,37]],[[77,92],[44,91]]]},
"G348": {"type": "Matrix2x2", "payoffs": [[[1,9],[18,32]],[[19,90],[0,0]]]},
"G349": {"type": "Matrix2x2", "payoffs": [[[0,27],[28,63]],[[25,0],[15,17]]]},
"G350": {"type": "Matrix2x2", "payoffs": [[[71,80],[6,0]],[[0,44],[29,35]]]},
"G351": {"type": "Matrix2x2", "payoffs": [[[0,0],[15,23]],[[9,13],[10,17]]]},
"G352": {"type": "Matrix2x2", "payoffs": [[[50,13],[0,0]],[[44,57],[56,89]]]},
"G353": {"type": "Matrix2x2", "payoffs": [[[86,36],[80,0]],[[0,27],[65,2]]]},
"G354": {"type": "Matrix2x2", "payoffs": [[[88,62],[85,20]],[[0,0],[24,26]]]},
"G355": {"type": "Matrix2x2", "payoffs": [[[0,0],[23,19]],[[2,12],[82,20]]]},
"G356": {"type": "Matrix2x2", "payoffs": [[[22,21],[0,20]],[[4,0],[24,77]]]},
"G357": {"type": "Matrix2x2", "payoffs": [[[9,0],[12,45]],[[0,42],[8,43]]]},
"G358": {"type": "Matrix2x2", "payoffs": [[[7,0],[0,10]],[[4,29],[8,35]]]},
"G359": {"type": "Matrix2x2", "payoffs": [[[27,0],[12,25]],[[29,62],[0,21]]]},
"G360": {"type": "Matrix2x2", "payoffs": [[[7,25],[17,0]],[[58,28],[0,6]]]},
"G361": {"type": "Matrix2x2", "payoffs": [[[1,22],[0,0]],[[2,12],[5,95]]]},
"G362": {"type": "Matrix2x2", "payoffs": [[[79,34],[55,0]],[[53,3],[0,10]]]},
"G363": {"type": "Matrix2x2", "payoffs": [[[60,3],[1,41]],[[0,0],[65,44]]]},
"G364": {"type": "Matrix2x2", "payoffs": [[[13,0],[3,59]],[[18,67],[0,65]]]},
"G365": {"type": "Matrix2x2", "payoffs": [[[4,0],[42,26]],[[0,9],[8,2]]]},
"G366": {"type": "Matrix2x2", "payoffs": [[[16,0],[0,65]],[[35,30],[58,82]]]},
"G367": {"type": "Matrix2x2", "payoffs": [[[29,59],[2,43]],[[0,27],[6,0]]]},
"G368": {"type": "Matrix2x2", "payoffs": [[[0,12],[73,15]],[[100,43],[92,0]]]},
"G369": {"type": "Matrix2x2", "payoffs": [[[76,42],[65,7]],[[0,0],[23,11]]]},
"G370": {"type": "Matrix2x2", "payoffs": [[[12,88],[0,80]],[[7,0],[1,69]]]},
"G371": {"type": "Matrix2x2", "payoffs": [[[57,0],[14,2]],[[0,26],[61,31]]]},
"G372": {"type": "Matrix2x2", "payoffs": [[[75,77],[47,60]],[[51,0],[0,46]]]},
"G373": {"type": "Matrix2x2", "payoffs": [[[1,0],[7,94]],[[0,74],[8,97]]]},
"G374": {"type": "Matrix2x2", "payoffs": [[[35,46],[0,0]],[[97,70],[52,34]]]},
"G375": {"type": "Matrix2x2", "payoffs": [[[22,18],[0,5]],[[20,14],[6,0]]]},
"G376": {"type": "Matrix2x2", "payoffs": [[[11,0],[30,59]],[[0,9],[9,18]]]},
"G377": {"type": "Matrix2x2", "payoffs": [[[57,33],[0,30]],[[19,21],[44,0]]]},
"G378": {"type": "Matrix2x2", "payoffs": [[[14,0],[0,8]],[[27,13],[7,4]]]},
"G379": {"type": "Matrix2x2", "payoffs": [[[0,46],[11,34]],[[25,49],[15,0]]]},
"G380": {"type": "Matrix2x2", "payoffs": [[[54,85],[29,60]],[[53,1],[0,0]]]},
"G381": {"type": "Matrix2x2", "payoffs": [[[0,82],[4,10]],[[6,0],[66,87]]]},
"G382": {"type": "Matrix2x2", "payoffs": [[[76,25],[0,14]],[[30,6],[14,0]]]},
"G383": {"type": "Matrix2x2", "payoffs": [[[2,0],[3,1]],[[0,33],[7,46]]]},
"G384": {"type": "Matrix2x2", "payoffs": [[[21,23],[58,41]],[[0,15],[38,0]]]},
"G385": {"type": "Matrix2x2", "payoffs": [[[11,15],[78,49]],[[37,0],[0,24]]]},
"G386": {"type": "Matrix2x2", "payoffs": [[[56,45],[76,70]],[[47,16],[0,0]]]},
"G387": {"type": "Matrix2x2", "payoffs": [[[0,0],[43,91]],[[39,85],[21,3]]]},
"G388": {"type": "Matrix2x2", "payoffs": [[[0,0],[17,22]],[[32,64],[40,74]]]},
"G389": {"type": "Matrix2x2", "payoffs": [[[28,11],[0,0]],[[46,43],[39,19]]]},
"G390": {"type": "Matrix2x2", "payoffs": [[[23,8],[20,2]],[[0,0],[45,14]]]},
"G391": {"type": "Matrix2x2", "payoffs": [[[23,38],[52,40]],[[14,12],[0,0]]]},
"G392": {"type": "Matrix2x2", "payoffs": [[[49,70],[0,0]],[[38,54],[42,36]]]},
"G393": {"type": "Matrix2x2", "payoffs": [[[23,0],[0,13]],[[24,62],[50,82]]]},
"G394": {"type": "Matrix2x2", "payoffs": [[[27,88],[41,0]],[[0,92],[52,93]]]},
"G395": {"type": "Matrix2x2", "payoffs": [[[48,0],[79,62]],[[0,45],[31,4]]]},
"G396": {"type": "Matrix2x2", "payoffs": [[[12,0],[11,24]],[[28,34],[0,8]]]},
"G397": {"type": "Matrix2x2", "payoffs": [[[0,0],[10,6]],[[11,10],[30,16]]]},
"G398": {"type": "Matrix2x2", "payoffs": [[[35,0],[56,28]],[[65,71],[0,10]]]},
"G399": {"type": "Matrix2x2", "payoffs": [[[0,29],[21,0]],[[25,34],[46,45]]]},
"G400": {"type": "Matrix2x2", "payoffs": [[[24,64],[0,26]],[[17,0],[7,36]]]},
"G401": {"type": "Matrix2x2", "payoffs": [[[21,94],[0,0]],[[17,6],[3,65]]]},
"G402": {"type": "Matrix2x2", "payoffs": [[[8,0],[37,20]],[[0,4],[31,5]]]},
"G403": {"type": "Matrix2x2", "payoffs": [[[0,90],[8,97]],[[6,0],[2,40]]]},
"G404": {"type": "Matrix2x2", "payoffs": [[[31,2],[58,4]],[[0,0],[29,3]]]},
"G405": {"type": "Matrix2x2", "payoffs": [[[78,51],[16,42]],[[0,43],[70,0]]]},
"G406": {"type": "Matrix2x2", "payoffs": [[[36,17],[30,2]],[[12,6],[0,0]]]},
"G407": {"type": "Matrix2x2", "payoffs": [[[37,3],[38,0]],[[69,44],[0,23]]]},
"G408": {"type": "Matrix2x2", "payoffs": [[[41,63],[0,29]],[[40,0],[9,17]]]},
"G409": {"type": "Matrix2x2", "payoffs": [[[66,52],[63,36]],[[0,0],[36,11]]]},
"G410": {"type": "Matrix2x2", "payoffs": [[[0,0],[28,17]],[[6,12],[30,24]]]},
"G411": {"type": "Matrix2x2", "payoffs": [[[89,75],[0,59]],[[52,0],[47,21]]]},
"G412": {"type": "Matrix2x2", "payoffs": [[[73,17],[92,38]],[[20,30],[0,0]]]},
"G413": {"type": "Matrix2x2", "payoffs": [[[6,13],[50,47]],[[0,0],[16,39]]]},
"G414": {"type": "Matrix2x2", "payoffs": [[[15,0],[23,42]],[[0,30],[7,1]]]},
"G415": {"type": "Matrix2x2", "payoffs": [[[25,69],[27,0]],[[0,12],[40,90]]]},
"G416": {"type": "Matrix2x2", "payoffs": [[[0,43],[1,1]],[[65,69],[10,0]]]},
"G417": {"type": "Matrix2x2", "payoffs": [[[1,40],[2,0]],[[0,51],[3,74]]]},
"G418": {"type": "Matrix2x2", "payoffs": [[[84,18],[0,3]],[[74,0],[87,19]]]},
"G419": {"type": "Matrix2x2", "payoffs": [[[18,18],[0,0]],[[41,40],[5,37]]]},
"G420": {"type": "Matrix2x2", "payoffs": [[[0,13],[28,24]],[[17,0],[51,40]]]},
"G421": {"type": "Matrix2x2", "payoffs": [[[32,32],[15,0]],[[0,30],[16,31]]]},
"G422": {"type": "Matrix2x2", "payoffs": [[[18,20],[67,95]],[[0,0],[31,62]]]},
"G423": {"type": "Matrix2x2", "payoffs": [[[0,15],[2,0]],[[17,67],[15,30]]]},
"G424": {"type": "Matrix2x2", "payoffs": [[[29,0],[58,42]],[[0,29],[56,32]]]},
"G425": {"type": "Matrix2x2", "payoffs": [[[18,4],[13,1]],[[0,2],[17,0]]]},
"G426": {"type": "Matrix2x2", "payoffs": [[[25,13],[0,0]],[[39,60],[48,74]]]},
"G427": {"type": "Matrix2x2", "payoffs": [[[24,0],[0,12]],[[11,15],[30,22]]]},
"G428": {"type": "Matrix2x2", "payoffs": [[[50,0],[0,38]],[[78,80],[73,58]]]},
"G429": {"type": "Matrix2x2", "payoffs": [[[80,14],[0,0]],[[36,5],[38,10]]]},
"G430": {"type": "Matrix2x2", "payoffs": [[[9,25],[4,21]],[[0,0],[18,37]]]},
"G431": {"type": "Matrix2x2", "payoffs": [[[0,5],[21,7]],[[79,22],[45,0]]]},
"G432": {"type": "Matrix2x2", "payoffs": [[[0,5],[34,62]],[[29,0],[79,74]]]},
"G433": {"type": "Matrix2x2", "payoffs": [[[0,18],[70,96]],[[11,53],[23,0]]]},
"G434": {"type": "Matrix2x2", "payoffs": [[[28,0],[36,59]],[[0,5],[45,64]]]},
"G435": {"type": "Matrix2x2", "payoffs": [[[0,0],[3,2]],[[5,24],[11,87]]]},
"G436": {"type": "Matrix2x2", "payoffs": [[[40,74],[12,0]],[[80,86],[0,68]]]},
"G437": {"type": "Matrix2x2", "payoffs": [[[59,0],[41,43]],[[0,30],[68,72]]]},
"G438": {"type": "Matrix2x2", "payoffs": [[[0,14],[4,58]],[[2,0],[3,51]]]},
"G439": {"type": "Matrix2x2", "payoffs": [[[58,27],[0,42]],[[4,0],[79,65]]]},
"G440": {"type": "Matrix2x2", "payoffs": [[[89,31],[26,6]],[[0,1],[20,0]]]},
"G441": {"type": "Matrix2x2", "payoffs": [[[49,53],[18,0]],[[0,10],[40,15]]]},
"G442": {"type": "Matrix2x2", "payoffs": [[[3,0],[21,90]],[[11,58],[0,33]]]},
"G443": {"type": "Matrix2x2", "payoffs": [[[12,28],[5,7]],[[2,6],[0,0]]]},
"G444": {"type": "Matrix2x2", "payoffs": [[[0,1],[14,2]],[[80,6],[22,0]]]},
"G445": {"type": "Matrix2x2", "payoffs": [[[37,79],[15,69]],[[0,15],[9,0]]]},
"G446": {"type": "Matrix2x2", "payoffs": [[[0,0],[62,42]],[[76,53],[94,63]]]},
"G447": {"type": "Matrix2x2", "payoffs": [[[22,59],[23,25]],[[85,60],[0,0]]]},
"G448": {"type": "Matrix2x2", "payoffs": [[[4,0],[0,20]],[[93,86],[59,28]]]},
"G449": {"type": "Matrix2x2", "payoffs": [[[2,0],[16,36]],[[17,40],[0,25]]]},
"G450": {"type": "Matrix2x2", "payoffs": [[[52,5],[15,4]],[[47,0],[0,1]]]},
"G451": {"type": "Matrix2x2", "payoffs": [[[5,0],[2,7]],[[7,52],[0,21]]]},
"G452": {"type": "Matrix2x2", "payoffs": [[[0,11],[38,80]],[[84,0],[93,95]]]},
"G453": {"type": "Matrix2x2", "payoffs": [[[3,13],[13,43]],[[1,0],[0,35]]]},
"G454": {"type": "Matrix2x2", "payoffs": [[[89,2],[0,78]],[[97,88],[47,0]]]},
"G455": {"type": "Matrix2x2", "payoffs": [[[30,3],[0,2]],[[47,6],[45,0]]]},
"G456": {"type": "Matrix2x2", "payoffs": [[[64,15],[28,8]],[[59,13],[0,0]]]},
"G457": {"type": "Matrix2x2", "payoffs": [[[0,0],[86,63]],[[66,45],[72,26]]]},
"G458": {"type": "Matrix2x2", "payoffs": [[[40,33],[0,0]],[[30,9],[44,57]]]},
"G459": {"type": "Matrix2x2", "payoffs": [[[12,0],[0,77]],[[16,89],[92,98]]]},
"G460": {"type": "Matrix2x2", "payoffs": [[[0,24],[5,41]],[[16,0],[18,49]]]},
"G461": {"type": "Matrix2x2", "payoffs": [[[6,0],[38,28]],[[39,79],[0,53]]]},
"G462": {"type": "Matrix2x2", "payoffs": [[[88,11],[0,9]],[[75,0],[73,8]]]},
"G463": {"type": "Matrix2x2", "payoffs": [[[37,22],[0,0]],[[40,28],[26,23]]]},
"G464": {"type": "Matrix2x2", "payoffs": [[[16,0],[0,45]],[[68,80],[57,24]]]},
"G465": {"type": "Matrix2x2", "payoffs": [[[36,64],[0,52]],[[25,0],[18,47]]]},
"G466": {"type": "Matrix2x2", "payoffs": [[[0,5],[64,25]],[[55,0],[21,13]]]},
"G467": {"type": "Matrix2x2", "payoffs": [[[26,0],[8,6]],[[34,11],[0,5]]]},
"G468": {"type": "Matrix2x2", "payoffs": [[[41,58],[25,38]],[[0,9],[24,0]]]},
"G469": {"type": "Matrix2x2", "payoffs": [[[93,6],[0,5]],[[12,4],[9,0]]]},
"G470": {"type": "Matrix2x2", "payoffs": [[[17,19],[26,31]],[[0,30],[11,0]]]},
"G471": {"type": "Matrix2x2", "payoffs": [[[0,22],[71,88]],[[56,0],[28,40]]]},
"G472": {"type": "Matrix2x2", "payoffs": [[[4,0],[0,24]],[[45,76],[24,47]]]},
"G473": {"type": "Matrix2x2", "payoffs": [[[78,17],[97,77]],[[0,37],[30,0]]]},
"G474": {"type": "Matrix2x2", "payoffs": [[[2,28],[8,59]],[[3,39],[0,0]]]},
"G475": {"type": "Matrix2x2", "payoffs": [[[40,7],[17,0]],[[0,6],[1,2]]]},
"G476": {"type": "Matrix2x2", "payoffs": [[[78,36],[72,31]],[[83,59],[0,0]]]},
"G477": {"type": "Matrix2x2", "payoffs": [[[25,14],[84,91]],[[15,0],[0,69]]]},
"G478": {"type": "Matrix2x2", "payoffs": [[[40,37],[44,69]],[[33,0],[0,27]]]},
"G479": {"type": "Matrix2x2", "payoffs": [[[0,7],[86,0]],[[92,25],[91,16]]]},
"G480": {"type": "Matrix2x2", "payoffs": [[[2,0],[4,39]],[[0,75],[6,77]]]},
"G481": {"type": "Matrix2x2", "payoffs": [[[2,0],[23,26]],[[0,21],[5,20]]]},
"G482": {"type": "Matrix2x2", "payoffs": [[[3,58],[9,38]],[[13,59],[0,0]]]},
"G483": {"type": "Matrix2x2", "payoffs": [[[80,11],[6,6]],[[0,0],[42,9]]]},
"G484": {"type": "Matrix2x2", "payoffs": [[[24,0],[0,12]],[[1,8],[44,50]]]},
"G485": {"type": "Matrix2x2", "payoffs": [[[8,28],[0,22]],[[7,12],[3,0]]]},
"G486": {"type": "Matrix2x2", "payoffs": [[[9,34],[6,8]],[[0,10],[4,0]]]},
"G487": {"type": "Matrix2x2", "payoffs": [[[0,0],[13,69]],[[12,41],[10,3]]]},
"G488": {"type": "Matrix2x2", "payoffs": [[[11,29],[3,0]],[[0,6],[29,35]]]},
"G489": {"type": "Matrix2x2", "payoffs": [[[0,16],[74,48]],[[4,0],[3,35]]]},
"G490": {"type": "Matrix2x2", "payoffs": [[[33,17],[48,46]],[[0,0],[25,9]]]},
"G491": {"type": "Matrix2x2", "payoffs": [[[9,2],[0,0]],[[2,37],[67,43]]]},
"G492": {"type": "Matrix2x2", "payoffs": [[[0,35],[45,0]],[[51,53],[1,16]]]},
"G493": {"type": "Matrix2x2", "payoffs": [[[14,59],[3,50]],[[1,9],[0,0]]]},
"G494": {"type": "Matrix2x2", "payoffs": [[[0,43],[49,5]],[[84,61],[60,0]]]},
"G495": {"type": "Matrix2x2", "payoffs": [[[6,5],[22,17]],[[0,0],[13,10]]]},
"G496": {"type": "Matrix2x2", "payoffs": [[[20,77],[0,38]],[[10,0],[2,50]]]},
"G497": {"type": "Matrix2x2", "payoffs": [[[13,38],[30,0]],[[0,39],[53,59]]]},
"G498": {"type": "Matrix2x2", "payoffs": [[[23,17],[27,0]],[[0,13],[86,25]]]},
"G499": {"type": "Matrix2x2", "payoffs": [[[49,7],[3,6]],[[0,0],[34,2]]]},
"G500": {"type": "Matrix2x2", "payoffs": [[[0,0],[59,69]],[[72,82],[56,60]]]},
"G501": {"type": "Matrix2x2", "payoffs": [[[0,4],[19,0]],[[77,57],[29,52]]]},
"G502": {"type": "Matrix2x2", "payoffs": [[[0,43],[27,38]],[[47,0],[62,64]]]},
"G503": {"type": "Matrix2x2", "payoffs": [[[12,5],[3,2]],[[14,11],[0,0]]]},
"G504": {"type": "Matrix2x2", "payoffs": [[[19,18],[8,7]],[[0,0],[14,9]]]},
"G505": {"type": "Matrix2x2", "payoffs": [[[16,5],[0,0]],[[27,44],[33,100]]]},
"G506": {"type": "Matrix2x2", "payoffs": [[[79,89],[0,72]],[[26,0],[75,54]]]},
"G507": {"type": "Matrix2x2", "payoffs": [[[35,9],[34,30]],[[0,0],[51,33]]]},
"G508": {"type": "Matrix2x2", "payoffs": [[[0,29],[27,36]],[[9,0],[6,8]]]},
"G509": {"type": "Matrix2x2", "payoffs": [[[0,26],[6,25]],[[80,74],[25,0]]]},
"G510": {"type": "Matrix2x2", "payoffs": [[[82,82],[0,72]],[[14,62],[35,0]]]},
"G511": {"type": "Matrix2x2", "payoffs": [[[43,0],[0,19]],[[79,51],[46,39]]]},
"G512": {"type": "Matrix2x2", "payoffs": [[[2,7],[0,6]],[[7,0],[55,48]]]},
"G513": {"type": "Matrix2x2", "payoffs": [[[0,15],[20,30]],[[18,0],[3,21]]]},
"G514": {"type": "Matrix2x2", "payoffs": [[[9,9],[0,0]],[[16,34],[8,1]]]},
"G515": {"type": "Matrix2x2", "payoffs": [[[10,7],[0,45]],[[50,74],[47,0]]]},
"G516": {"type": "Matrix2x2", "payoffs": [[[88,56],[63,0]],[[10,51],[0,3]]]},
"G517": {"type": "Matrix2x2", "payoffs": [[[0,0],[16,42]],[[34,59],[7,48]]]},
"G518": {"type": "Matrix2x2", "payoffs": [[[26,0],[74,51]],[[0,36],[52,34]]]},
"G519": {"type": "Matrix2x2", "payoffs": [[[2,51],[70,58]],[[0,43],[49,0]]]},
"G520": {"type": "Matrix2x2", "payoffs": [[[2,0],[79,95]],[[0,94],[9,20]]]},
"G521": {"type": "Matrix2x2", "payoffs": [[[46,38],[21,37]],[[1,0],[0,28]]]},
"G522": {"type": "Matrix2x2", "payoffs": [[[85,44],[53,0]],[[0,18],[50,31]]]},
"G523": {"type": "Matrix2x2", "payoffs": [[[84,4],[57,3]],[[61,0],[0,2]]]},
"G524": {"type": "Matrix2x2", "payoffs": [[[37,40],[0,8]],[[86,77],[30,0]]]},
"G525": {"type": "Matrix2x2", "payoffs": [[[76,8],[52,9]],[[0,0],[96,11]]]},
"G526": {"type": "Matrix2x2", "payoffs": [[[58,48],[0,0]],[[31,18],[26,11]]]},
"G527": {"type": "Matrix2x2", "payoffs": [[[16,0],[0,40]],[[24,76],[14,51]]]},
"G528": {"type": "Matrix2x2", "payoffs": [[[0,48],[41,0]],[[44,51],[24,8]]]},
"G529": {"type": "Matrix2x2", "payoffs": [[[24,25],[71,0]],[[0,7],[91,30]]]},
"G530": {"type": "Matrix2x2", "payoffs": [[[71,68],[24,53]],[[14,41],[0,0]]]},
"G531": {"type": "Matrix2x2", "payoffs": [[[22,62],[0,0]],[[15,5],[18,34]]]},
"G532": {"type": "Matrix2x2", "payoffs": [[[32,0],[53,57]],[[51,40],[0,8]]]},
"G533": {"type": "Matrix2x2", "payoffs": [[[0,0],[25,14]],[[60,76],[68,87]]]},
"G534": {"type": "Matrix2x2", "payoffs": [[[20,46],[33,59]],[[0,43],[14,0]]]},
"G535": {"type": "Matrix2x2", "payoffs": [[[0,0],[96,86]],[[84,18],[46,45]]]},
"G536": {"type": "Matrix2x2", "payoffs": [[[1,14],[26,0]],[[49,61],[0,44]]]},
"G537": {"type": "Matrix2x2", "payoffs": [[[27,0],[93,9]],[[46,2],[0,3]]]},
"G538": {"type": "Matrix2x2", "payoffs": [[[15,0],[20,39]],[[32,55],[0,49]]]},
"G539": {"type": "Matrix2x2", "payoffs": [[[0,6],[31,42]],[[7,0],[17,38]]]},
"G540": {"type": "Matrix2x2", "payoffs": [[[46,11],[83,82]],[[21,3],[0,0]]]},
"G541": {"type": "Matrix2x2", "payoffs": [[[0,70],[77,84]],[[16,56],[15,0]]]},
"G542": {"type": "Matrix2x2", "payoffs": [[[0,18],[21,23]],[[1,13],[13,0]]]},
"G543": {"type": "Matrix2x2", "payoffs": [[[31,5],[39,0]],[[40,20],[0,4]]]},
"G544": {"type": "Matrix2x2", "payoffs": [[[0,1],[4,4]],[[2,0],[6,8]]]},
"G545": {"type": "Matrix2x2", "payoffs": [[[0,45],[84,70]],[[69,26],[30,0]]]},
"G546": {"type": "Matrix2x2", "payoffs": [[[1,27],[71,68]],[[10,0],[0,7]]]},
"G547": {"type": "Matrix2x2", "payoffs": [[[0,4],[4,7]],[[2,0],[5,36]]]},
"G548": {"type": "Matrix2x2", "payoffs": [[[48,70],[0,0]],[[16,40],[2,7]]]},
"G549": {"type": "Matrix2x2", "payoffs": [[[1,37],[8,9]],[[0,0],[11,44]]]},
"G550": {"type": "Matrix2x2", "payoffs": [[[17,49],[0,20]],[[11,0],[7,3]]]},
"G551": {"type": "Matrix2x2", "payoffs": [[[20,20],[54,63]],[[0,0],[9,26]]]},
"G552": {"type": "Matrix2x2", "payoffs": [[[25,0],[20,41]],[[0,9],[36,86]]]},
"G553": {"type": "Matrix2x2", "payoffs": [[[27,56],[0,10]],[[13,14],[20,0]]]},
"G554": {"type": "Matrix2x2", "payoffs": [[[16,4],[44,0]],[[73,6],[0,1]]]},
"G555": {"type": "Matrix2x2", "payoffs": [[[63,70],[0,9]],[[72,0],[98,74]]]},
"G556": {"type": "Matrix2x2", "payoffs": [[[25,2],[83,43]],[[1,0],[0,8]]]},
"G557": {"type": "Matrix2x2", "payoffs": [[[1,3],[56,12]],[[0,0],[79,13]]]},
"G558": {"type": "Matrix2x2", "payoffs": [[[0,3],[78,0]],[[84,21],[21,6]]]},
"G559": {"type": "Matrix2x2", "payoffs": [[[12,0],[34,65]],[[3,61],[0,49]]]},
"G560": {"type": "Matrix2x2", "payoffs": [[[15,10],[0,22]],[[47,0],[72,34]]]},
"G561": {"type": "Matrix2x2", "payoffs": [[[95,12],[25,0]],[[0,4],[33,7]]]},
"G562": {"type": "Matrix2x2", "payoffs": [[[1,51],[2,0]],[[3,65],[0,11]]]},
"G563": {"type": "Matrix2x2", "payoffs": [[[60,19],[71,94]],[[29,47],[0,0]]]},
"G564": {"type": "Matrix2x2", "payoffs": [[[0,0],[1,9]],[[9,18],[32,56]]]},
"G565": {"type": "Matrix2x2", "payoffs": [[[1,18],[7,43]],[[6,0],[0,6]]]},
"G566": {"type": "Matrix2x2", "payoffs": [[[14,16],[27,7]],[[0,0],[29,21]]]},
"G567": {"type": "Matrix2x2", "payoffs": [[[27,15],[0,0]],[[59,37],[15,35]]]},
"G568": {"type": "Matrix2x2", "payoffs": [[[44,63],[29,0]],[[77,80],[0,66]]]},
"G569": {"type": "Matrix2x2", "payoffs": [[[97,32],[0,11]],[[54,28],[85,0]]]},
"G570": {"type": "Matrix2x2", "payoffs": [[[77,86],[20,65]],[[0,11],[14,0]]]},
"G571": {"type": "Matrix2x2", "payoffs": [[[34,19],[18,2]],[[65,76],[0,0]]]},
"G572": {"type": "Matrix2x2", "payoffs": [[[0,7],[81,1]],[[89,18],[83,0]]]},
"G573": {"type": "Matrix2x2", "payoffs": [[[75,0],[80,58]],[[0,40],[64,45]]]},
"G574": {"type": "Matrix2x2", "payoffs": [[[12,0],[0,16]],[[9,22],[32,36]]]},
"G575": {"type": "Matrix2x2", "payoffs": [[[0,0],[8,4]],[[6,6],[22,8]]]},
"G576": {"type": "Matrix2x2", "payoffs": [[[7,12],[23,35]],[[0,0],[41,54]]]},
"G577": {"type": "Matrix2x2", "payoffs": [[[44,47],[6,0]],[[0,80],[66,99]]]},
"G578": {"type": "Matrix2x2", "payoffs": [[[18,0],[0,17]],[[8,62],[23,66]]]},
"G579": {"type": "Matrix2x2", "payoffs": [[[0,4],[12,14]],[[7,0],[1,9]]]},
"G580": {"type": "Matrix2x2", "payoffs": [[[67,0],[71,54]],[[0,66],[72,72]]]},
"G581": {"type": "Matrix2x2", "payoffs": [[[35,23],[0,0]],[[43,62],[18,37]]]},
"G582": {"type": "Matrix2x2", "payoffs": [[[0,44],[69,14]],[[88,56],[66,0]]]},
"G583": {"type": "Matrix2x2", "payoffs": [[[58,10],[0,9]],[[44,0],[11,3]]]},
"G584": {"type": "Matrix2x2", "payoffs": [[[11,10],[0,0]],[[9,6],[16,42]]]},
"G585": {"type": "Matrix2x2", "payoffs": [[[0,0],[4,58]],[[1,1],[3,45]]]},
"G586": {"type": "Matrix2x2", "payoffs": [[[24,1],[0,0]],[[23,2],[35,3]]]},
"G587": {"type": "Matrix2x2", "payoffs": [[[33,40],[0,0]],[[59,20],[75,98]]]},
"G588": {"type": "Matrix2x2", "payoffs": [[[51,10],[0,0]],[[23,7],[29,6]]]},
"G589": {"type": "Matrix2x2", "payoffs": [[[0,1],[3,0]],[[7,3],[6,2]]]},
"G590": {"type": "Matrix2x2", "payoffs": [[[67,11],[93,26]],[[55,25],[0,0]]]},
"G591": {"type": "Matrix2x2", "payoffs": [[[6,17],[0,0]],[[42,20],[67,82]]]},
"G592": {"type": "Matrix2x2", "payoffs": [[[72,95],[24,60]],[[41,73],[0,0]]]},
"G593": {"type": "Matrix2x2", "payoffs": [[[0,0],[33,34]],[[45,71],[4,56]]]},
"G594": {"type": "Matrix2x2", "payoffs": [[[86,23],[10,19]],[[0,0],[89,62]]]},
"G595": {"type": "Matrix2x2", "payoffs": [[[42,39],[0,20]],[[40,0],[24,37]]]},
"G596": {"type": "Matrix2x2", "payoffs": [[[57,0],[0,21]],[[97,63],[93,35]]]},
"G597": {"type": "Matrix2x2", "payoffs": [[[38,0],[0,7]],[[77,2],[90,11]]]},
"G598": {"type": "Matrix2x2", "payoffs": [[[0,5],[36,17]],[[30,11],[23,0]]]},
"G599": {"type": "Matrix2x2", "payoffs": [[[74,84],[14,34]],[[0,0],[20,43]]]},
"G600": {"type": "Matrix2x2", "payoffs": [[[63,62],[23,55]],[[39,26],[0,0]]]},
"G601": {"type": "Matrix2x2", "payoffs": [[[60,84],[0,35]],[[23,0],[40,30]]]},
"G602": {"type": "Matrix2x2", "payoffs": [[[0,1],[9,3]],[[3,2],[8,0]]]},
"G603": {"type": "Matrix2x2", "payoffs": [[[9,0],[54,41]],[[74,45],[0,30]]]},
"G604": {"type": "Matrix2x2", "payoffs": [[[4,0],[0,7]],[[10,88],[3,85]]]},
"G605": {"type": "Matrix2x2", "payoffs": [[[5,0],[8,34]],[[6,21],[0,15]]]},
"G606": {"type": "Matrix2x2", "payoffs": [[[15,73],[0,0]],[[40,69],[69,95]]]},
"G607": {"type": "Matrix2x2", "payoffs": [[[42,0],[82,64]],[[0,29],[53,58]]]},
"G608": {"type": "Matrix2x2", "payoffs": [[[38,11],[33,0]],[[50,14],[0,9]]]},
"G609": {"type": "Matrix2x2", "payoffs": [[[20,13],[5,0]],[[0,7],[30,81]]]},
"G610": {"type": "Matrix2x2", "payoffs": [[[0,13],[8,0]],[[21,25],[16,14]]]},
"G611": {"type": "Matrix2x2", "payoffs": [[[6,0],[0,15]],[[9,64],[17,94]]]},
"G612": {"type": "Matrix2x2", "payoffs": [[[38,8],[51,13]],[[0,10],[27,0]]]},
"G613": {"type": "Matrix2x2", "payoffs": [[[83,54],[0,0]],[[42,20],[10,27]]]},
"G614": {"type": "Matrix2x2", "payoffs": [[[0,0],[47,95]],[[21,8],[19,46]]]},
"G615": {"type": "Matrix2x2", "payoffs": [[[11,0],[0,19]],[[20,6],[57,68]]]},
"G616": {"type": "Matrix2x2", "payoffs": [[[4,45],[25,77]],[[0,0],[24,6]]]},
"G617": {"type": "Matrix2x2", "payoffs": [[[53,0],[0,18]],[[8,15],[84,49]]]},
"G618": {"type": "Matrix2x2", "payoffs": [[[97,64],[0,29]],[[90,0],[76,17]]]},
"G619": {"type": "Matrix2x2", "payoffs": [[[46,22],[0,0]],[[70,72],[7,38]]]},
"G620": {"type": "Matrix2x2", "payoffs": [[[19,46],[25,47]],[[10,0],[0,41]]]},
"G621": {"type": "Matrix2x2", "payoffs": [[[75,17],[0,8]],[[9,4],[61,0]]]},
"G622": {"type": "Matrix2x2", "payoffs": [[[9,38],[2,0]],[[14,67],[0,60]]]},
"G623": {"type": "Matrix2x2", "payoffs": [[[4,3],[16,26]],[[6,0],[0,16]]]},
"G624": {"type": "Matrix2x2", "payoffs": [[[32,0],[14,9]],[[0,34],[53,45]]]},
"G625": {"type": "Matrix2x2", "payoffs": [[[86,25],[56,11]],[[31,20],[0,0]]]},
"G626": {"type": "Matrix2x2", "payoffs": [[[6,45],[0,0]],[[4,47],[9,91]]]},
"G627": {"type": "Matrix2x2", "payoffs": [[[86,67],[46,14]],[[0,35],[33,0]]]},
"G628": {"type": "Matrix2x2", "payoffs": [[[11,2],[13,24]],[[0,0],[20,32]]]},
"G629": {"type": "Matrix2x2", "payoffs": [[[0,0],[16,15]],[[10,6],[1,5]]]},
"G630": {"type": "Matrix2x2", "payoffs": [[[77,30],[46,0]],[[88,42],[0,39]]]},
"G631": {"type": "Matrix2x2", "payoffs": [[[1,0],[71,19]],[[41,9],[0,12]]]},
"G632": {"type": "Matrix2x2", "payoffs": [[[83,63],[65,25]],[[0,0],[31,51]]]},
"G633": {"type": "Matrix2x2", "payoffs": [[[42,47],[27,55]],[[46,60],[0,0]]]},
"G634": {"type": "Matrix2x2", "payoffs": [[[22,58],[0,0]],[[18,23],[47,89]]]},
"G635": {"type": "Matrix2x2", "payoffs": [[[19,18],[46,63]],[[11,0],[0,40]]]},
"G636": {"type": "Matrix2x2", "payoffs": [[[0,7],[9,10]],[[6,0],[11,24]]]},
"G637": {"type": "Matrix2x2", "payoffs": [[[37,80],[63,0]],[[68,90],[0,60]]]},
"G638": {"type": "Matrix2x2", "payoffs": [[[23,13],[0,0]],[[34,19],[22,1]]]},
"G639": {"type": "Matrix2x2", "payoffs": [[[46,92],[0,0]],[[19,64],[41,47]]]},
"G640": {"type": "Matrix2x2", "payoffs": [[[68,12],[98,86]],[[2,4],[0,0]]]},
"G641": {"type": "Matrix2x2", "payoffs": [[[52,73],[51,60]],[[0,0],[19,16]]]},
"G642": {"type": "Matrix2x2", "payoffs": [[[9,1],[11,4]],[[0,3],[4,0]]]},
"G643": {"type": "Matrix2x2", "payoffs": [[[27,8],[19,2]],[[8,0],[0,4]]]},
"G644": {"type": "Matrix2x2", "payoffs": [[[31,67],[28,35]],[[0,0],[16,4]]]},
"G645": {"type": "Matrix2x2", "payoffs": [[[1,0],[0,3]],[[50,16],[23,9]]]},
"G646": {"type": "Matrix2x2", "payoffs": [[[0,4],[73,7]],[[7,0],[67,1]]]},
"G647": {"type": "Matrix2x2", "payoffs": [[[14,56],[0,0]],[[86,59],[69,39]]]},
"G648": {"type": "Matrix2x2", "payoffs": [[[19,89],[16,0]],[[7,60],[0,47]]]},
"G649": {"type": "Matrix2x2", "payoffs": [[[17,12],[0,91]],[[37,97],[10,0]]]},
"G650": {"type": "Matrix2x2", "payoffs": [[[86,55],[0,40]],[[82,47],[25,0]]]},
"G651": {"type": "Matrix2x2", "payoffs": [[[26,42],[59,88]],[[0,0],[46,41]]]},
"G652": {"type": "Matrix2x2", "payoffs": [[[0,0],[87,4]],[[96,84],[32,17]]]},
"G653": {"type": "Matrix2x2", "payoffs": [[[53,35],[0,0]],[[58,49],[68,69]]]},
"G654": {"type": "Matrix2x2", "payoffs": [[[82,70],[14,23]],[[39,0],[0,17]]]},
"G655": {"type": "Matrix2x2", "payoffs": [[[43,37],[0,27]],[[10,0],[11,21]]]},
"G656": {"type": "Matrix2x2", "payoffs": [[[0,5],[73,45]],[[68,25],[50,0]]]},
"G657": {"type": "Matrix2x2", "payoffs": [[[5,11],[0,0]],[[2,50],[8,96]]]},
"G658": {"type": "Matrix2x2", "payoffs": [[[9,6],[0,8]],[[55,12],[8,0]]]},
"G659": {"type": "Matrix2x2", "payoffs": [[[60,32],[0,20]],[[79,56],[7,0]]]},
"G660": {"type": "Matrix2x2", "payoffs": [[[4,11],[0,58]],[[5,0],[6,77]]]},
"G661": {"type": "Matrix2x2", "payoffs": [[[64,0],[78,26]],[[0,10],[57,15]]]},
"G662": {"type": "Matrix2x2", "payoffs": [[[0,0],[2,16]],[[5,52],[1,23]]]},
"G663": {"type": "Matrix2x2", "payoffs": [[[49,15],[0,14]],[[31,0],[83,29]]]},
"G664": {"type": "Matrix2x2", "payoffs": [[[0,5],[2,0]],[[6,6],[3,1]]]},
"G665": {"type": "Matrix2x2", "payoffs": [[[3,39],[0,54]],[[12,94],[2,0]]]},
"G666": {"type": "Matrix2x2", "payoffs": [[[0,0],[99,53]],[[13,43],[89,9]]]},
"G667": {"type": "Matrix2x2", "payoffs": [[[56,74],[15,0]],[[38,9],[0,10]]]},
"G668": {"type": "Matrix2x2", "payoffs": [[[0,27],[55,0]],[[93,2],[97,79]]]},
"G669": {"type": "Matrix2x2", "payoffs": [[[4,58],[0,52]],[[5,0],[15,67]]]},
"G670": {"type": "Matrix2x2", "payoffs": [[[47,39],[49,55]],[[42,43],[0,0]]]},
"G671": {"type": "Matrix2x2", "payoffs": [[[34,0],[0,11]],[[59,12],[22,3]]]},
"G672": {"type": "Matrix2x2", "payoffs": [[[55,8],[0,0]],[[42,47],[56,66]]]},
"G673": {"type": "Matrix2x2", "payoffs": [[[52,90],[0,0]],[[62,44],[75,98]]]},
"G674": {"type": "Matrix2x2", "payoffs": [[[9,0],[11,68]],[[7,2],[0,15]]]},
"G675": {"type": "Matrix2x2", "payoffs": [[[24,53],[9,0]],[[11,28],[0,50]]]},
"G676": {"type": "Matrix2x2", "payoffs": [[[0,63],[86,82]],[[2,0],[18,25]]]},
"G677": {"type": "Matrix2x2", "payoffs": [[[52,0],[46,21]],[[0,8],[93,24]]]},
"G678": {"type": "Matrix2x2", "payoffs": [[[0,5],[2,0]],[[54,14],[90,15]]]},
"G679": {"type": "Matrix2x2", "payoffs": [[[67,33],[73,46]],[[36,0],[0,7]]]},
"G680": {"type": "Matrix2x2", "payoffs": [[[19,9],[39,1]],[[54,14],[0,0]]]},
"G681": {"type": "Matrix2x2", "payoffs": [[[25,9],[0,0]],[[20,5],[30,11]]]},
"G682": {"type": "Matrix2x2", "payoffs": [[[36,25],[60,82]],[[47,0],[0,79]]]},
"G683": {"type": "Matrix2x2", "payoffs": [[[59,0],[68,100]],[[0,68],[21,76]]]},
"G684": {"type": "Matrix2x2", "payoffs": [[[47,0],[58,19]],[[0,8],[60,49]]]},
"G685": {"type": "Matrix2x2", "payoffs": [[[55,26],[24,23]],[[0,0],[38,25]]]},
"G686": {"type": "Matrix2x2", "payoffs": [[[0,0],[2,1]],[[1,9],[4,15]]]},
"G687": {"type": "Matrix2x2", "payoffs": [[[0,35],[77,94]],[[37,57],[63,0]]]},
"G688": {"type": "Matrix2x2", "payoffs": [[[97,33],[4,0]],[[0,21],[63,17]]]},
"G689": {"type": "Matrix2x2", "payoffs": [[[20,1],[6,10]],[[0,0],[79,11]]]},
"G690": {"type": "Matrix2x2", "payoffs": [[[0,18],[57,60]],[[51,45],[21,0]]]},
"G691": {"type": "Matrix2x2", "payoffs": [[[84,56],[77,26]],[[0,41],[35,0]]]},
"G692": {"type": "Matrix2x2", "payoffs": [[[0,79],[14,0]],[[21,91],[18,7]]]},
"G693": {"type": "Matrix2x2", "payoffs": [[[41,5],[0,0]],[[65,39],[58,37]]]},
"G694": {"type": "Matrix2x2", "payoffs": [[[70,80],[0,60]],[[69,0],[29,76]]]},
"G695": {"type": "Matrix2x2", "payoffs": [[[24,0],[16,14]],[[0,15],[25,96]]]},
"G696": {"type": "Matrix2x2", "payoffs": [[[15,4],[0,2]],[[65,0],[80,8]]]},
"G697": {"type": "Matrix2x2", "payoffs": [[[47,0],[91,41]],[[0,13],[52,11]]]},
"G698": {"type": "Matrix2x2", "payoffs": [[[0,54],[11,46]],[[9,0],[37,93]]]},
"G699": {"type": "Matrix2x2", "payoffs": [[[39,63],[29,0]],[[0,6],[46,91]]]},
"G700": {"type": "Matrix2x2", "payoffs": [[[0,3],[19,0]],[[74,4],[31,2]]]},
"G701": {"type": "Matrix2x2", "payoffs": [[[14,17],[0,0]],[[12,9],[48,25]]]},
"G702": {"type": "Matrix2x2", "payoffs": [[[36,8],[0,4]],[[37,0],[39,33]]]},
"G703": {"type": "Matrix2x2", "payoffs": [[[62,99],[17,0]],[[0,24],[59,51]]]},
"G704": {"type": "Matrix2x2", "payoffs": [[[92,76],[9,3]],[[0,0],[47,42]]]},
"G705": {"type": "Matrix2x2", "payoffs": [[[16,12],[39,0]],[[66,70],[0,17]]]},
"G706": {"type": "Matrix2x2", "payoffs": [[[18,27],[29,61]],[[0,5],[28,0]]]},
"G707": {"type": "Matrix2x2", "payoffs": [[[4,18],[33,45]],[[40,47],[0,0]]]},
"G708": {"type": "Matrix2x2", "payoffs": [[[36,0],[0,8]],[[81,28],[39,20]]]},
"G709": {"type": "Matrix2x2", "payoffs": [[[0,16],[68,0]],[[58,4],[81,39]]]},
"G710": {"type": "Matrix2x2", "payoffs": [[[20,4],[24,24]],[[0,11],[14,0]]]},
"G711": {"type": "Matrix2x2", "payoffs": [[[29,0],[78,71]],[[26,44],[0,21]]]},
"G712": {"type": "Matrix2x2", "payoffs": [[[32,55],[4,1]],[[0,0],[30,23]]]},
"G713": {"type": "Matrix2x2", "payoffs": [[[81,0],[84,98]],[[0,54],[21,3]]]},
"G714": {"type": "Matrix2x2", "payoffs": [[[0,22],[35,82]],[[30,0],[8,15]]]},
"G715": {"type": "Matrix2x2", "payoffs": [[[12,17],[67,50]],[[13,0],[0,36]]]},
"G716": {"type": "Matrix2x2", "payoffs": [[[0,11],[42,42]],[[92,51],[38,0]]]},
"G717": {"type": "Matrix2x2", "payoffs": [[[19,0],[0,48]],[[22,95],[15,22]]]},
"G718": {"type": "Matrix2x2", "payoffs": [[[49,51],[55,99]],[[0,0],[17,25]]]},
"G719": {"type": "Matrix2x2", "payoffs": [[[0,4],[3,14]],[[1,6],[2,0]]]},
"G720": {"type": "Matrix2x2", "payoffs": [[[0,0],[34,2]],[[39,59],[3,1]]]},
"G721": {"type": "Matrix2x2", "payoffs": [[[0,21],[26,0]],[[37,34],[69,56]]]},
"G722": {"type": "Matrix2x2", "payoffs": [[[66,43],[45,20]],[[64,0],[0,1]]]},
"G723": {"type": "Matrix2x2", "payoffs": [[[14,90],[0,52]],[[7,18],[2,0]]]},
"G724": {"type": "Matrix2x2", "payoffs": [[[3,0],[1,27]],[[0,49],[7,60]]]},
"G725": {"type": "Matrix2x2", "payoffs": [[[47,44],[3,0]],[[4,38],[0,18]]]},
"G726": {"type": "Matrix2x2", "payoffs": [[[0,0],[69,37]],[[47,19],[88,61]]]},
"G727": {"type": "Matrix2x2", "payoffs": [[[34,5],[70,10]],[[0,8],[58,0]]]},
"G728": {"type": "Matrix2x2", "payoffs": [[[0,4],[33,0]],[[7,12],[40,13]]]},
"G729": {"type": "Matrix2x2", "payoffs": [[[66,42],[9,31]],[[0,37],[27,0]]]},
"G730": {"type": "Matrix2x2", "payoffs": [[[52,0],[0,32]],[[92,48],[59,25]]]},
"G731": {"type": "Matrix2x2", "payoffs": [[[10,0],[12,91]],[[0,15],[8,79]]]},
"G732": {"type": "Matrix2x2", "payoffs": [[[9,6],[26,19]],[[0,8],[1,0]]]},
"G733": {"type": "Matrix2x2", "payoffs": [[[7,1],[12,40]],[[0,0],[10,35]]]},
"G734": {"type": "Matrix2x2", "payoffs": [[[2,0],[38,8]],[[0,2],[15,1]]]},
"G735": {"type": "Matrix2x2", "payoffs": [[[0,0],[71,83]],[[53,8],[64,80]]]},
"G736": {"type": "Matrix2x2", "payoffs": [[[85,3],[0,57]],[[86,58],[62,0]]]},
"G737": {"type": "Matrix2x2", "payoffs": [[[0,54],[41,0]],[[49,80],[24,13]]]},
"G738": {"type": "Matrix2x2", "payoffs": [[[46,0],[54,34]],[[0,40],[66,61]]]},
"G739": {"type": "Matrix2x2", "payoffs": [[[25,64],[20,0]],[[16,28],[0,62]]]},
"G740": {"type": "Matrix2x2", "payoffs": [[[50,38],[80,85]],[[73,49],[0,0]]]},
"G741": {"type": "Matrix2x2", "payoffs": [[[24,1],[0,0]],[[46,7],[13,2]]]},
"G742": {"type": "Matrix2x2", "payoffs": [[[16,41],[18,47]],[[10,0],[0,28]]]},
"G743": {"type": "Matrix2x2", "payoffs": [[[0,0],[3,36]],[[11,18],[14,80]]]},
"G744": {"type": "Matrix2x2", "payoffs": [[[85,67],[59,29]],[[33,61],[0,0]]]},
"G745": {"type": "Matrix2x2", "payoffs": [[[3,3],[8,11]],[[0,0],[2,5]]]},
"G746": {"type": "Matrix2x2", "payoffs": [[[78,61],[21,0]],[[0,36],[11,15]]]},
"G747": {"type": "Matrix2x2", "payoffs": [[[0,0],[36,97]],[[28,23],[10,7]]]},
"G748": {"type": "Matrix2x2", "payoffs": [[[0,9],[70,13]],[[60,0],[95,21]]]},
"G749": {"type": "Matrix2x2", "payoffs": [[[0,0],[27,1]],[[40,3],[7,2]]]},
"G750": {"type": "Matrix2x2", "payoffs": [[[38,0],[50,15]],[[22,3],[0,13]]]},
"G751": {"type": "Matrix2x2", "payoffs": [[[41,17],[24,0]],[[11,4],[0,14]]]},
"G752": {"type": "Matrix2x2", "payoffs": [[[0,19],[9,29]],[[3,12],[1,0]]]},
"G753": {"type": "Matrix2x2", "payoffs": [[[16,0],[41,20]],[[9,1],[0,19]]]},
"G754": {"type": "Matrix2x2", "payoffs": [[[10,24],[80,35]],[[84,49],[0,0]]]},
"G755": {"type": "Matrix2x2", "payoffs": [[[15,35],[10,0]],[[0,14],[19,97]]]},
"G756": {"type": "Matrix2x2", "payoffs": [[[26,2],[39,8]],[[0,0],[43,13]]]},
"G757": {"type": "Matrix2x2", "payoffs": [[[0,0],[21,54]],[[19,13],[20,28]]]},
"G758": {"type": "Matrix2x2", "payoffs": [[[31,24],[59,68]],[[0,0],[15,53]]]},
"G759": {"type": "Matrix2x2", "payoffs": [[[70,0],[7,3]],[[0,48],[85,74]]]},
"G760": {"type": "Matrix2x2", "payoffs": [[[77,17],[83,71]],[[0,0],[21,7]]]},
"G761": {"type": "Matrix2x2", "payoffs": [[[44,0],[0,5]],[[4,55],[61,62]]]},
"G762": {"type": "Matrix2x2", "payoffs": [[[100,88],[11,73]],[[0,0],[46,79]]]},
"G763": {"type": "Matrix2x2", "payoffs": [[[47,22],[0,0]],[[36,9],[7,1]]]},
"G764": {"type": "Matrix2x2", "payoffs": [[[7,62],[6,0]],[[0,58],[5,57]]]},
"G765": {"type": "Matrix2x2", "payoffs": [[[0,0],[21,6]],[[11,31],[85,41]]]},
"G766": {"type": "Matrix2x2", "payoffs": [[[37,13],[77,73]],[[63,69],[0,0]]]},
"G767": {"type": "Matrix2x2", "payoffs": [[[0,18],[48,24]],[[3,11],[34,0]]]},
"G768": {"type": "Matrix2x2", "payoffs": [[[7,36],[4,26]],[[0,30],[1,0]]]},
"G769": {"type": "Matrix2x2", "payoffs": [[[98,99],[76,52]],[[63,95],[0,0]]]},
"G770": {"type": "Matrix2x2", "payoffs": [[[0,19],[26,77]],[[14,0],[13,57]]]},
"G771": {"type": "Matrix2x2", "payoffs": [[[59,64],[5,22]],[[83,68],[0,0]]]},
"G772": {"type": "Matrix2x2", "payoffs": [[[0,16],[2,10]],[[3,0],[8,20]]]},
"G773": {"type": "Matrix2x2", "payoffs": [[[53,42],[0,0]],[[64,67],[58,62]]]},
"G774": {"type": "Matrix2x2", "payoffs": [[[2,47],[6,4]],[[18,74],[0,0]]]},
"G775": {"type": "Matrix2x2", "payoffs": [[[22,84],[45,86]],[[2,0],[0,41]]]},
"G776": {"type": "Matrix2x2", "payoffs": [[[31,41],[12,0]],[[0,37],[60,68]]]},
"G777": {"type": "Matrix2x2", "payoffs": [[[7,0],[20,77]],[[4,76],[0,15]]]},
"G778": {"type": "Matrix2x2", "payoffs": [[[62,0],[85,37]],[[90,56],[0,55]]]},
"G779": {"type": "Matrix2x2", "payoffs": [[[52,70],[28,0]],[[0,34],[10,51]]]},
"G780": {"type": "Matrix2x2", "payoffs": [[[65,0],[0,66]],[[95,81],[11,26]]]},
"G781": {"type": "Matrix2x2", "payoffs": [[[9,67],[8,0]],[[13,96],[0,16]]]},
"G782": {"type": "Matrix2x2", "payoffs": [[[0,0],[2,37]],[[31,58],[22,21]]]},
"G783": {"type": "Matrix2x2", "payoffs": [[[62,55],[5,0]],[[0,7],[19,46]]]},
"G784": {"type": "Matrix2x2", "payoffs": [[[30,88],[27,0]],[[14,65],[0,3]]]},
"G785": {"type": "Matrix2x2", "payoffs": [[[0,64],[47,9]],[[18,0],[80,66]]]},
"G786": {"type": "Matrix2x2", "payoffs": [[[7,37],[55,0]],[[66,66],[0,25]]]},
"G787": {"type": "Matrix2x2", "payoffs": [[[19,96],[16,46]],[[0,0],[18,41]]]},
"G788": {"type": "Matrix2x2", "payoffs": [[[14,93],[3,5]],[[5,91],[0,0]]]},
"G789": {"type": "Matrix2x2", "payoffs": [[[57,0],[0,40]],[[62,58],[17,57]]]},
"G790": {"type": "Matrix2x2", "payoffs": [[[3,96],[0,82]],[[2,91],[1,0]]]},
"G791": {"type": "Matrix2x2", "payoffs": [[[7,0],[40,1]],[[59,50],[0,46]]]},
"G792": {"type": "Matrix2x2", "payoffs": [[[86,68],[74,37]],[[43,0],[0,43]]]},
"G793": {"type": "Matrix2x2", "payoffs": [[[17,79],[5,0]],[[58,84],[0,24]]]},
"G794": {"type": "Matrix2x2", "payoffs": [[[69,0],[89,100]],[[82,57],[0,97]]]},
"G795": {"type": "Matrix2x2", "payoffs": [[[66,13],[17,0]],[[0,1],[65,7]]]},
"G796": {"type": "Matrix2x2", "payoffs": [[[0,7],[4,0]],[[14,14],[5,13]]]},
"G797": {"type": "Matrix2x2", "payoffs": [[[0,0],[4,9]],[[2,5],[1,3]]]},
"G798": {"type": "Matrix2x2", "payoffs": [[[6,0],[0,37]],[[1,32],[7,81]]]},
"G799": {"type": "Matrix2x2", "payoffs": [[[7,0],[17,22]],[[27,73],[0,65]]]},
"G800": {"type": "Matrix2x2", "payoffs": [[[19,17],[9,0]],[[5,11],[0,12]]]},
"G801": {"type": "Matrix2x2", "payoffs": [[[39,0],[0,43]],[[41,8],[89,83]]]},
"G802": {"type": "Matrix2x2", "payoffs": [[[20,32],[0,11]],[[8,0],[26,96]]]},
"G803": {"type": "Matrix2x2", "payoffs": [[[98,10],[85,0]],[[63,8],[0,9]]]},
"G804": {"type": "Matrix2x2", "payoffs": [[[5,34],[13,40]],[[30,86],[0,0]]]},
"G805": {"type": "Matrix2x2", "payoffs": [[[0,0],[95,5]],[[1,2],[23,3]]]},
"G806": {"type": "Matrix2x2", "payoffs": [[[0,10],[14,8]],[[37,0],[48,24]]]},
"G807": {"type": "Matrix2x2", "payoffs": [[[3,0],[47,26]],[[11,6],[0,3]]]},
"G808": {"type": "Matrix2x2", "payoffs": [[[90,85],[41,50]],[[0,81],[35,0]]]},
"G809": {"type": "Matrix2x2", "payoffs": [[[15,42],[5,19]],[[0,17],[6,0]]]},
"G810": {"type": "Matrix2x2", "payoffs": [[[0,0],[8,41]],[[16,20],[27,61]]]},
"G811": {"type": "Matrix2x2", "payoffs": [[[0,3],[29,1]],[[44,6],[27,0]]]},
"G812": {"type": "Matrix2x2", "payoffs": [[[41,0],[0,11]],[[47,95],[3,85]]]},
"G813": {"type": "Matrix2x2", "payoffs": [[[18,0],[0,28]],[[8,37],[21,70]]]},
"G814": {"type": "Matrix2x2", "payoffs": [[[49,49],[0,47]],[[88,69],[69,0]]]},
"G815": {"type": "Matrix2x2", "payoffs": [[[5,1],[33,0]],[[0,45],[48,83]]]},
"G816": {"type": "Matrix2x2", "payoffs": [[[6,53],[11,0]],[[0,52],[29,60]]]},
"G817": {"type": "Matrix2x2", "payoffs": [[[0,0],[66,3]],[[94,27],[47,7]]]},
"G818": {"type": "Matrix2x2", "payoffs": [[[45,0],[7,43]],[[0,27],[60,56]]]},
"G819": {"type": "Matrix2x2", "payoffs": [[[0,51],[2,0]],[[4,68],[3,25]]]},
"G820": {"type": "Matrix2x2", "payoffs": [[[10,58],[69,94]],[[58,0],[0,84]]]},
"G821": {"type": "Matrix2x2", "payoffs": [[[0,49],[20,62]],[[34,84],[19,0]]]},
"G822": {"type": "Matrix2x2", "payoffs": [[[23,12],[0,0]],[[32,5],[44,16]]]},
"G823": {"type": "Matrix2x2", "payoffs": [[[0,0],[3,10]],[[2,1],[6,29]]]},
"G824": {"type": "Matrix2x2", "payoffs": [[[69,25],[26,0]],[[38,17],[0,8]]]},
"G825": {"type": "Matrix2x2", "payoffs": [[[49,23],[9,0]],[[0,11],[46,5]]]},
"G826": {"type": "Matrix2x2", "payoffs": [[[0,75],[30,41]],[[39,0],[40,91]]]},
"G827": {"type": "Matrix2x2", "payoffs": [[[22,0],[24,38]],[[0,1],[52,39]]]},
"G828": {"type": "Matrix2x2", "payoffs": [[[15,24],[2,0]],[[0,39],[32,75]]]},
"G829": {"type": "Matrix2x2", "payoffs": [[[36,30],[30,11]],[[40,39],[0,0]]]},
"G830": {"type": "Matrix2x2", "payoffs": [[[34,4],[46,24]],[[0,16],[5,0]]]},
"G831": {"type": "Matrix2x2", "payoffs": [[[47,0],[0,37]],[[92,62],[87,49]]]},
"G832": {"type": "Matrix2x2", "payoffs": [[[15,10],[4,0]],[[0,3],[64,70]]]},
"G833": {"type": "Matrix2x2", "payoffs": [[[8,66],[1,57]],[[0,0],[5,44]]]},
"G834": {"type": "Matrix2x2", "payoffs": [[[59,58],[16,0]],[[0,7],[12,38]]]},
"G835": {"type": "Matrix2x2", "payoffs": [[[72,15],[90,83]],[[0,0],[61,56]]]},
"G836": {"type": "Matrix2x2", "payoffs": [[[17,66],[0,63]],[[83,78],[69,0]]]},
"G837": {"type": "Matrix2x2", "payoffs": [[[5,10],[0,0]],[[25,39],[19,21]]]},
"G838": {"type": "Matrix2x2", "payoffs": [[[0,0],[13,2]],[[66,3],[92,5]]]},
"G839": {"type": "Matrix2x2", "payoffs": [[[36,18],[0,56]],[[94,79],[60,0]]]},
"G840": {"type": "Matrix2x2", "payoffs": [[[0,9],[50,26]],[[43,0],[54,28]]]},
"G841": {"type": "Matrix2x2", "payoffs": [[[0,15],[18,27]],[[76,52],[69,0]]]},
"G842": {"type": "Matrix2x2", "payoffs": [[[9,11],[17,44]],[[18,50],[0,0]]]},
"G843": {"type": "Matrix2x2", "payoffs": [[[6,0],[4,54]],[[31,90],[0,27]]]},
"G844": {"type": "Matrix2x2", "payoffs": [[[27,3],[4,0]],[[43,35],[0,19]]]},
"G845": {"type": "Matrix2x2", "payoffs": [[[7,34],[75,60]],[[0,49],[65,0]]]},
"G846": {"type": "Matrix2x2", "payoffs": [[[0,3],[67,5]],[[31,4],[47,0]]]},
"G847": {"type": "Matrix2x2", "payoffs": [[[0,43],[9,96]],[[2,0],[4,86]]]},
"G848": {"type": "Matrix2x2", "payoffs": [[[0,46],[43,0]],[[16,60],[88,61]]]},
"G849": {"type": "Matrix2x2", "payoffs": [[[19,0],[20,34]],[[42,81],[0,53]]]},
"G850": {"type": "Matrix2x2", "payoffs": [[[19,0],[0,39]],[[32,60],[1,1]]]},
"G851": {"type": "Matrix2x2", "payoffs": [[[20,26],[0,22]],[[45,49],[17,0]]]},
"G852": {"type": "Matrix2x2", "payoffs": [[[0,0],[56,90]],[[13,34],[10,29]]]},
"G853": {"type": "Matrix2x2", "payoffs": [[[14,3],[15,0]],[[25,92],[0,28]]]},
"G854": {"type": "Matrix2x2", "payoffs": [[[82,1],[0,7]],[[10,0],[87,46]]]},
"G855": {"type": "Matrix2x2", "payoffs": [[[85,28],[0,0]],[[37,63],[94,64]]]},
"G856": {"type": "Matrix2x2", "payoffs": [[[0,4],[67,20]],[[29,0],[41,9]]]},
"G857": {"type": "Matrix2x2", "payoffs": [[[1,56],[5,0]],[[10,68],[0,11]]]},
"G858": {"type": "Matrix2x2", "payoffs": [[[9,34],[0,0]],[[3,26],[11,42]]]},
"G859": {"type": "Matrix2x2", "payoffs": [[[98,40],[25,0]],[[0,24],[44,10]]]},
"G860": {"type": "Matrix2x2", "payoffs": [[[54,1],[0,9]],[[64,12],[31,0]]]},
"G861": {"type": "Matrix2x2", "payoffs": [[[44,11],[35,2]],[[70,12],[0,0]]]},
"G862": {"type": "Matrix2x2", "payoffs": [[[4,0],[1,44]],[[8,55],[0,18]]]},
"G863": {"type": "Matrix2x2", "payoffs": [[[0,67],[40,31]],[[98,73],[32,0]]]},
"G864": {"type": "Matrix2x2", "payoffs": [[[24,16],[0,13]],[[32,0],[47,35]]]},
"G865": {"type": "Matrix2x2", "payoffs": [[[25,0],[37,55]],[[0,7],[35,4]]]},
"G866": {"type": "Matrix2x2", "payoffs": [[[0,17],[52,55]],[[7,0],[37,37]]]},
"G867": {"type": "Matrix2x2", "payoffs": [[[76,93],[57,4]],[[70,46],[0,0]]]},
"G868": {"type": "Matrix2x2", "payoffs": [[[57,21],[58,0]],[[0,12],[62,76]]]},
"G869": {"type": "Matrix2x2", "payoffs": [[[80,57],[26,55]],[[0,0],[73,51]]]},
"G870": {"type": "Matrix2x2", "payoffs": [[[0,7],[44,12]],[[11,0],[20,9]]]},
"G871": {"type": "Matrix2x2", "payoffs": [[[65,5],[41,4]],[[0,0],[67,7]]]},
"G872": {"type": "Matrix2x2", "payoffs": [[[0,6],[6,0]],[[8,79],[7,32]]]},
"G873": {"type": "Matrix2x2", "payoffs": [[[18,12],[52,0]],[[0,6],[72,13]]]},
"G874": {"type": "Matrix2x2", "payoffs": [[[0,0],[41,49]],[[10,17],[20,34]]]},
"G875": {"type": "Matrix2x2", "payoffs": [[[44,4],[0,0]],[[77,9],[57,1]]]},
"G876": {"type": "Matrix2x2", "payoffs": [[[72,28],[64,5]],[[0,0],[43,15]]]},
"G877": {"type": "Matrix2x2", "payoffs": [[[91,9],[76,5]],[[41,4],[0,0]]]},
"G878": {"type": "Matrix2x2", "payoffs": [[[23,0],[55,35]],[[96,52],[0,49]]]},
"G879": {"type": "Matrix2x2", "payoffs": [[[37,44],[0,0]],[[1,25],[34,26]]]},
"G880": {"type": "Matrix2x2", "payoffs": [[[16,0],[19,91]],[[0,63],[12,35]]]},
"G881": {"type": "Matrix2x2", "payoffs": [[[0,9],[6,18]],[[22,0],[34,67]]]},
"G882": {"type": "Matrix2x2", "payoffs": [[[42,7],[0,0]],[[40,1],[13,5]]]},
"G883": {"type": "Matrix2x2", "payoffs": [[[0,0],[49,18]],[[45,10],[34,9]]]},
"G884": {"type": "Matrix2x2", "payoffs": [[[55,27],[0,29]],[[30,0],[87,36]]]},
"G885": {"type": "Matrix2x2", "payoffs": [[[0,32],[21,58]],[[8,42],[12,0]]]},
"G886": {"type": "Matrix2x2", "payoffs": [[[0,55],[48,23]],[[64,0],[84,70]]]},
"G887": {"type": "Matrix2x2", "payoffs": [[[14,25],[4,11]],[[0,0],[52,33]]]},
"G888": {"type": "Matrix2x2", "payoffs": [[[18,20],[20,14]],[[61,44],[0,0]]]},
"G889": {"type": "Matrix2x2", "payoffs": [[[24,4],[0,0]],[[89,15],[8,13]]]},
"G890": {"type": "Matrix2x2", "payoffs": [[[0,35],[64,0]],[[95,59],[47,45]]]},
"G891": {"type": "Matrix2x2", "payoffs": [[[54,63],[11,17]],[[0,30],[49,0]]]},
"G892": {"type": "Matrix2x2", "payoffs": [[[0,9],[23,53]],[[83,0],[94,61]]]},
"G893": {"type": "Matrix2x2", "payoffs": [[[0,60],[10,0]],[[13,18],[15,62]]]},
"G894": {"type": "Matrix2x2", "payoffs": [[[25,80],[16,0]],[[0,31],[2,67]]]},
"G895": {"type": "Matrix2x2", "payoffs": [[[33,29],[0,21]],[[21,20],[5,0]]]},
"G896": {"type": "Matrix2x2", "payoffs": [[[0,0],[46,31]],[[2,43],[51,93]]]},
"G897": {"type": "Matrix2x2", "payoffs": [[[55,82],[1,23]],[[0,0],[17,45]]]},
"G898": {"type": "Matrix2x2", "payoffs": [[[17,38],[12,0]],[[58,84],[0,46]]]},
"G899": {"type": "Matrix2x2", "payoffs": [[[5,59],[0,35]],[[4,0],[2,5]]]},
"G900": {"type": "Matrix2x2", "payoffs": [[[58,51],[15,7]],[[0,0],[22,22]]]},
"G901": {"type": "Matrix2x2", "payoffs": [[[95,91],[41,89]],[[0,33],[61,0]]]},
"G902": {"type": "Matrix2x2", "payoffs": [[[42,46],[11,0]],[[32,16],[0,43]]]},
"G903": {"type": "Matrix2x2", "payoffs": [[[37,68],[8,26]],[[7,47],[0,0]]]},
"G904": {"type": "Matrix2x2", "payoffs": [[[75,0],[99,100]],[[19,23],[0,19]]]},
"G905": {"type": "Matrix2x2", "payoffs": [[[0,10],[24,0]],[[69,21],[80,28]]]},
"G906": {"type": "Matrix2x2", "payoffs": [[[67,0],[0,15]],[[42,3],[87,50]]]},
"G907": {"type": "Matrix2x2", "payoffs": [[[16,0],[49,25]],[[45,16],[0,22]]]},
"G908": {"type": "Matrix2x2", "payoffs": [[[86,14],[90,49]],[[0,40],[27,0]]]},
"G909": {"type": "Matrix2x2", "payoffs": [[[37,50],[3,0]],[[0,61],[49,69]]]},
"G910": {"type": "Matrix2x2", "payoffs": [[[24,1],[0,16]],[[31,0],[37,63]]]},
"G911": {"type": "Matrix2x2", "payoffs": [[[59,82],[37,0]],[[40,10],[0,11]]]},
"G912": {"type": "Matrix2x2", "payoffs": [[[31,0],[11,14]],[[0,4],[47,39]]]},
"G913": {"type": "Matrix2x2", "payoffs": [[[46,0],[88,81]],[[73,33],[0,72]]]},
"G914": {"type": "Matrix2x2", "payoffs": [[[13,26],[52,35]],[[7,0],[0,13]]]},
"G915": {"type": "Matrix2x2", "payoffs": [[[76,78],[33,0]],[[0,40],[22,13]]]},
"G916": {"type": "Matrix2x2", "payoffs": [[[23,0],[85,57]],[[32,10],[0,25]]]},
"G917": {"type": "Matrix2x2", "payoffs": [[[61,1],[76,22]],[[15,10],[0,0]]]},
"G918": {"type": "Matrix2x2", "payoffs": [[[95,68],[37,64]],[[0,66],[15,0]]]},
"G919": {"type": "Matrix2x2", "payoffs": [[[0,60],[60,52]],[[46,0],[67,70]]]},
"G920": {"type": "Matrix2x2", "payoffs": [[[5,14],[2,0]],[[0,19],[6,77]]]},
"G921": {"type": "Matrix2x2", "payoffs": [[[0,27],[65,53]],[[1,0],[2,17]]]},
"G922": {"type": "Matrix2x2", "payoffs": [[[0,6],[12,9]],[[5,3],[6,0]]]},
"G923": {"type": "Matrix2x2", "payoffs": [[[41,0],[75,5]],[[15,3],[0,1]]]},
"G924": {"type": "Matrix2x2", "payoffs": [[[0,15],[9,4]],[[44,16],[35,0]]]},
"G925": {"type": "Matrix2x2", "payoffs": [[[65,90],[19,15]],[[10,35],[0,0]]]},
"G926": {"type": "Matrix2x2", "payoffs": [[[93,0],[0,23]],[[87,28],[97,30]]]},
"G927": {"type": "Matrix2x2", "payoffs": [[[0,0],[25,58]],[[32,84],[30,4]]]},
"G928": {"type": "Matrix2x2", "payoffs": [[[0,0],[57,90]],[[48,25],[41,42]]]},
"G929": {"type": "Matrix2x2", "payoffs": [[[8,14],[0,0]],[[10,31],[5,18]]]},
"G930": {"type": "Matrix2x2", "payoffs": [[[26,13],[8,16]],[[0,0],[56,24]]]},
"G931": {"type": "Matrix2x2", "payoffs": [[[2,0],[1,12]],[[4,66],[0,59]]]},
"G932": {"type": "Matrix2x2", "payoffs": [[[4,0],[41,93]],[[38,38],[0,55]]]},
"G933": {"type": "Matrix2x2", "payoffs": [[[95,89],[64,75]],[[44,0],[0,79]]]},
"G934": {"type": "Matrix2x2", "payoffs": [[[24,11],[0,6]],[[9,1],[17,0]]]},
"G935": {"type": "Matrix2x2", "payoffs": [[[80,8],[0,5]],[[25,0],[66,3]]]},
"G936": {"type": "Matrix2x2", "payoffs": [[[0,33],[61,100]],[[54,98],[58,0]]]},
"G937": {"type": "Matrix2x2", "payoffs": [[[19,7],[0,11]],[[45,12],[26,0]]]},
"G938": {"type": "Matrix2x2", "payoffs": [[[32,41],[33,0]],[[73,50],[0,46]]]},
"G939": {"type": "Matrix2x2", "payoffs": [[[83,70],[0,69]],[[37,0],[81,36]]]},
"G940": {"type": "Matrix2x2", "payoffs": [[[0,36],[21,44]],[[42,0],[60,50]]]},
"G941": {"type": "Matrix2x2", "payoffs": [[[0,46],[33,0]],[[71,65],[28,20]]]},
"G942": {"type": "Matrix2x2", "payoffs": [[[10,8],[12,9]],[[0,0],[6,3]]]},
"G943": {"type": "Matrix2x2", "payoffs": [[[0,6],[6,0]],[[8,28],[28,54]]]},
"G944": {"type": "Matrix2x2", "payoffs": [[[5,98],[0,41]],[[4,0],[3,82]]]},
"G945": {"type": "Matrix2x2", "payoffs": [[[30,46],[0,27]],[[7,0],[33,49]]]},
"G946": {"type": "Matrix2x2", "payoffs": [[[4,1],[0,0]],[[44,52],[29,32]]]},
"G947": {"type": "Matrix2x2", "payoffs": [[[74,76],[0,58]],[[7,0],[84,99]]]},
"G948": {"type": "Matrix2x2", "payoffs": [[[7,25],[0,0]],[[6,18],[2,2]]]},
"G949": {"type": "Matrix2x2", "payoffs": [[[15,25],[20,0]],[[0,11],[42,27]]]},
"G950": {"type": "Matrix2x2", "payoffs": [[[5,0],[0,1]],[[31,61],[19,19]]]},
"G951": {"type": "Matrix2x2", "payoffs": [[[97,95],[88,6]],[[22,0],[0,50]]]},
"G952": {"type": "Matrix2x2", "payoffs": [[[79,0],[0,26]],[[82,27],[86,43]]]},
"G953": {"type": "Matrix2x2", "payoffs": [[[37,6],[0,0]],[[31,34],[83,44]]]},
"G954": {"type": "Matrix2x2", "payoffs": [[[2,15],[0,0]],[[43,48],[41,32]]]},
"G955": {"type": "Matrix2x2", "payoffs": [[[59,7],[12,9]],[[0,0],[99,19]]]},
"G956": {"type": "Matrix2x2", "payoffs": [[[38,7],[0,0]],[[55,8],[9,5]]]},
"G957": {"type": "Matrix2x2", "payoffs": [[[18,45],[0,7]],[[54,87],[42,0]]]},
"G958": {"type": "Matrix2x2", "payoffs": [[[16,0],[28,77]],[[9,61],[0,59]]]},
"G959": {"type": "Matrix2x2", "payoffs": [[[22,19],[16,11]],[[6,0],[0,8]]]},
"G960": {"type": "Matrix2x2", "payoffs": [[[74,74],[0,0]],[[2,43],[55,62]]]},
"G961": {"type": "Matrix2x2", "payoffs": [[[16,0],[0,20]],[[67,73],[20,35]]]},
"G962": {"type": "Matrix2x2", "payoffs": [[[0,9],[30,44]],[[41,54],[16,0]]]},
"G963": {"type": "Matrix2x2", "payoffs": [[[70,97],[22,0]],[[0,18],[64,42]]]},
"G964": {"type": "Matrix2x2", "payoffs": [[[97,51],[62,45]],[[86,0],[0,18]]]},
"G965": {"type": "Matrix2x2", "payoffs": [[[53,60],[0,10]],[[8,0],[22,43]]]},
"G966": {"type": "Matrix2x2", "payoffs": [[[23,37],[30,45]],[[6,12],[0,0]]]},
"G967": {"type": "Matrix2x2", "payoffs": [[[31,50],[0,37]],[[59,53],[10,0]]]},
"G968": {"type": "Matrix2x2", "payoffs": [[[64,29],[89,91]],[[0,0],[46,88]]]},
"G969": {"type": "Matrix2x2", "payoffs": [[[35,0],[58,41]],[[30,36],[0,20]]]},
"G970": {"type": "Matrix2x2", "payoffs": [[[43,45],[0,9]],[[20,0],[9,1]]]},
"G971": {"type": "Matrix2x2", "payoffs": [[[62,30],[79,39]],[[37,0],[0,37]]]},
"G972": {"type": "Matrix2x2", "payoffs": [[[0,23],[72,0]],[[32,5],[90,29]]]},
"G973": {"type": "Matrix2x2", "payoffs": [[[5,0],[0,6]],[[14,7],[16,8]]]},
"G974": {"type": "Matrix2x2", "payoffs": [[[7,0],[5,32]],[[0,44],[8,68]]]},
"G975": {"type": "Matrix2x2", "payoffs": [[[35,6],[50,13]],[[0,0],[2,4]]]},
"G976": {"type": "Matrix2x2", "payoffs": [[[0,12],[44,19]],[[24,0],[4,13]]]},
"G977": {"type": "Matrix2x2", "payoffs": [[[0,6],[14,5]],[[15,0],[63,8]]]},
"G978": {"type": "Matrix2x2", "payoffs": [[[33,0],[6,37]],[[47,56],[0,13]]]},
"G979": {"type": "Matrix2x2", "payoffs": [[[17,19],[0,0]],[[66,55],[21,15]]]},
"G980": {"type": "Matrix2x2", "payoffs": [[[12,11],[6,15]],[[13,63],[0,0]]]},
"G981": {"type": "Matrix2x2", "payoffs": [[[24,86],[20,0]],[[0,2],[14,81]]]},
"G982": {"type": "Matrix2x2", "payoffs": [[[72,41],[56,32]],[[0,0],[24,12]]]},
"G983": {"type": "Matrix2x2", "payoffs": [[[17,23],[0,0]],[[6,1],[10,3]]]},
"G984": {"type": "Matrix2x2", "payoffs": [[[54,74],[0,68]],[[69,87],[39,0]]]},
"G985": {"type": "Matrix2x2", "payoffs": [[[0,23],[85,55]],[[82,0],[26,35]]]},
"G986": {"type": "Matrix2x2", "payoffs": [[[68,42],[45,4]],[[0,38],[56,0]]]},
"G987": {"type": "Matrix2x2", "payoffs": [[[17,0],[12,22]],[[0,62],[19,71]]]},
"G988": {"type": "Matrix2x2", "payoffs": [[[6,0],[0,30]],[[54,95],[10,67]]]},
"G989": {"type": "Matrix2x2", "payoffs": [[[27,64],[19,0]],[[22,33],[0,58]]]},
"G990": {"type": "Matrix2x2", "payoffs": [[[0,0],[8,68]],[[37,94],[9,20]]]},
"G991": {"type": "Matrix2x2", "payoffs": [[[58,81],[0,0]],[[64,99],[22,74]]]},
"G992": {"type": "Matrix2x2", "payoffs": [[[0,17],[36,4]],[[29,0],[74,21]]]},
"G993": {"type": "Matrix2x2", "payoffs": [[[46,15],[27,0]],[[68,46],[0,39]]]},
"G994": {"type": "Matrix2x2", "payoffs": [[[0,42],[5,0]],[[54,44],[10,23]]]},
"G995": {"type": "Matrix2x2", "payoffs": [[[0,0],[87,51]],[[57,17],[82,6]]]},
"G996": {"type": "Matrix2x2", "payoffs": [[[0,22],[36,2]],[[41,0],[61,81]]]},
"G997": {"type": "Matrix2x2", "payoffs": [[[70,17],[29,0]],[[0,1],[69,11]]]},
"G998": {"type": "Matrix2x2", "payoffs": [[[11,17],[0,5]],[[1,0],[46,25]]]},
"G999": {"type": "Matrix2x2", "payoffs": [[[26,98],[2,0]],[[22,79],[0,13]]]},
"G1000": {"type": "Matrix2x2", "payoffs": [[[41,32],[5,0]],[[84,46],[0,5]]]}
}