{
"numGames": 100,
"G1": {"type": "Matrix2x2", "payoffs": [[[5,0],[43,33]],[[52,70],[0,60]]]},
"G2": {"type": "Matrix2x2", "payoffs": [[[71,56],[0,2]],[[60,21],[9,0]]]},
"G3": {"type": "Matrix2x2", "payoffs": [[[0,12],[10,5]],[[84,39],[61,0]]]},
"G4": {"type": "Matrix2x2", "payoffs": [[[86,0],[60,56]],[[0,37],[95,60]]]},
"G5": {"type": "Matrix2x2", "payoffs": [[[68,53],[0,17]],[[22,11],[12,0]]]},
"G6": {"type": "Matrix2x2", "payoffs": [[[0,46],[21,66]],[[12,0],[8,38]]]},
"G7": {"type": "Matrix2x2", "payoffs": [[[18,72],[17,45]],[[14,56],[0,0]]]},
"G8": {"type": "Matrix2x2", "payoffs": [[[0,3],[15,98]],[[14,56],[4,0]]]},
"G9": {"type": "Matrix2x2", "payoffs": [[[14,9],[20,0]],[[56,12],[0,7]]]},
"G10": {"type": "Matrix2x2", "payoffs": [[[5,0],[12,31]],[[15,62],[0,53]]]},
"G11": {"type": "Matrix2x2", "payoffs": [[[48,5],[12,1]],[[40,0],[0,2]]]},
"G12": {"type": "Matrix2x2", "payoffs": [[[0,42],[55,13]],[[40,0],[77,75]]]},
"G13": {"type": "Matrix2x2", "payoffs": [[[11,31],[2,14]],[[7,26],[0,0]]]},
"G14": {"type": "Matrix2x2", "payoffs": [[[34,12],[80,54]],[[0,0],[68,47]]]},
"G15": {"type": "Matrix2x2", "payoffs": [[[4,27],[3,0]],[[0,31],[5,52]]]},
"G16": {"type": "Matrix2x2", "payoffs": [[[0,0],[30,17]],[[11,2],[2,14]]]},
"G17": {"type": "Matrix2x2", "payoffs": [[[88,89],[0,0]],[[34,61],[24,47]]]},
"G18": {"type": "Matrix2x2", "payoffs": [[[73,33],[60,21]],[[50,23],[0,0]]]},
"G19": {"type": "Matrix2x2", "payoffs": [[[67,79],[40,0]],[[53,20],[0,63]]]},
"G20": {"type": "Matrix2x2", "payoffs": [[[31,59],[0,0]],[[6,55],[23,9]]]},
"G21": {"type": "Matrix2x2", "payoffs": [[[7,0],[1,30]],[[18,92],[0,85]]]},
"G22": {"type": "Matrix2x2", "payoffs": [[[1,17],[0,0]],[[6,22],[24,30]]]},
"G23": {"type": "Matrix2x2", "payoffs": [[[12,38],[11,0]],[[7,10],[0,35]]]},
"G24": {"type": "Matrix2x2", "payoffs": [[[40,0],[48,37]],[[0,32],[13,27]]]},
"G25": {"type": "Matrix2x2", "payoffs": [[[0,0],[68,4]],[[69,70],[1,13]]]},
"G26": {"type": "Matrix2x2", "payoffs": [[[14,37],[2,24]],[[9,0],[0,9]]]},
"G27": {"type": "Matrix2x2", "payoffs": [[[39,19],[3,14]],[[0,0],[94,35]]]},
"G28": {"type": "Matrix2x2", "payoffs": [[[9,20],[42,30]],[[0,27],[38,0]]]},
"G29": {"type": "Matrix2x2", "payoffs": [[[23,0],[0,21]],[[43,53],[8,40]]]},
"G30": {"type": "Matrix2x2", "payoffs": [[[0,30],[98,31]],[[58,15],[14,0]]]},
"G31": {"type": "Matrix2x2", "payoffs": [[[1,14],[5,0]],[[12,15],[0,2]]]},
"G32": {"type": "Matrix2x2", "payoffs": [[[52,41],[0,0]],[[89,53],[56,48]]]},
"G33": {"type": "Matrix2x2", "payoffs": [[[22,33],[46,14]],[[50,40],[0,0]]]},
"G34": {"type": "Matrix2x2", "payoffs": [[[1,20],[2,0]],[[16,47],[0,6]]]},
"G35": {"type": "Matrix2x2", "payoffs": [[[18,25],[29,31]],[[24,9],[0,0]]]},
"G36": {"type": "Matrix2x2", "payoffs": [[[85,95],[0,91]],[[64,0],[62,68]]]},
"G37": {"type": "Matrix2x2", "payoffs": [[[84,74],[0,0]],[[2,5],[6,73]]]},
"G38": {"type": "Matrix2x2", "payoffs": [[[0,34],[50,0]],[[58,82],[14,78]]]},
"G39": {"type": "Matrix2x2", "payoffs": [[[0,25],[4,0]],[[15,73],[11,1]]]},
"G40": {"type": "Matrix2x2", "payoffs": [[[16,52],[0,0]],[[12,29],[2,7]]]},
"G41": {"type": "Matrix2x2", "payoffs": [[[3,0],[26,34]],[[0,1],[13,18]]]},
"G42": {"type": "Matrix2x2", "payoffs": [[[75,33],[0,0]],[[67,22],[33,9]]]},
"G43": {"type": "Matrix2x2", "payoffs": [[[75,83],[49,0]],[[0,5],[68,8]]]},
"G44": {"type": "Matrix2x2", "payoffs": [[[81,42],[30,0]],[[79,21],[0,1]]]},
"G45": {"type": "Matrix2x2", "payoffs": [[[0,28],[75,42]],[[45,0],[37,39]]]},
"G46": {"type": "Matrix2x2", "payoffs": [[[6,4],[2,3]],[[49,9],[0,0]]]},
"G47": {"type": "Matrix2x2", "payoffs": [[[95,81],[0,3]],[[11,0],[25,31]]]},
"G48": {"type": "Matrix2x2", "payoffs": [[[40,11],[37,4]],[[36,0],[0,3]]]},
"G49": {"type": "Matrix2x2", "payoffs": [[[0,49],[55,0]],[[67,74],[61,62]]]},
"G50": {"type": "Matrix2x2", "payoffs": [[[17,89],[30,96]],[[0,0],[1,41]]]},
"G51": {"type": "Matrix2x2", "payoffs": [[[0,25],[3,1]],[[2,0],[26,42]]]},
"G52": {"type": "Matrix2x2", "payoffs": [[[49,10],[48,0]],[[0,3],[57,15]]]},
"G53": {"type": "Matrix2x2", "payoffs": [[[20,28],[73,30]],[[0,0],[5,9]]]},
"G54": {"type": "Matrix2x2", "payoffs": [[[56,34],[91,0]],[[92,76],[0,72]]]},
"G55": {"type": "Matrix2x2", "payoffs": [[[77,32],[22,4]],[[0,0],[1,31]]]},
"G56": {"type": "Matrix2x2", "payoffs": [[[29,2],[31,82]],[[0,0],[17,17]]]},
"G57": {"type": "Matrix2x2", "payoffs": [[[0,15],[70,24]],[[32,0],[56,8]]]},
"G58": {"type": "Matrix2x2", "payoffs": [[[59,19],[0,6]],[[15,0],[88,53]]]},
"G59": {"type": "Matrix2x2", "payoffs": [[[9,0],[5,15]],[[15,21],[0,16]]]},
"G60": {"type": "Matrix2x2", "payoffs": [[[0,0],[16,2]],[[20,3],[18,1]]]},
"G61": {"type": "Matrix2x2", "payoffs": [[[9,4],[45,12]],[[18,0],[0,8]]]},
"G62": {"type": "Matrix2x2", "payoffs": [[[80,79],[76,25]],[[0,0],[27,46]]]},
"G63": {"type": "Matrix2x2", "payoffs": [[[23,61],[0,0]],[[34,14],[100,91]]]},
"G64": {"type": "Matrix2x2", "payoffs": [[[0,19],[11,40]],[[23,46],[15,0]]]},
"G65": {"type": "Matrix2x2", "payoffs": [[[24,0],[36,39]],[[12,15],[0,38]]]},
"G66": {"type": "Matrix2x2", "payoffs": [[[81,3],[16,53]],[[92,68],[0,0]]]},
"G67": {"type": "Matrix2x2", "payoffs": [[[15,15],[19,36]],[[6,13],[0,0]]]},
"G68": {"type": "Matrix2x2", "payoffs": [[[72,10],[0,0]],[[85,5],[90,43]]]},
"G69": {"type": "Matrix2x2", "payoffs": [[[0,0],[84,99]],[[40,55],[44,3]]]},
"G70": {"type": "Matrix2x2", "payoffs": [[[13,17],[0,0]],[[20,42],[49,80]]]},
"G71": {"type": "Matrix2x2", "payoffs": [[[22,2],[24,19]],[[5,0],[0,10]]]},
"G72": {"type": "Matrix2x2", "payoffs": [[[6,0],[16,27]],[[0,17],[10,15]]]},
"G73": {"type": "Matrix2x2", "payoffs": [[[5,92],[0,16]],[[2,2],[1,0]]]},
"G74": {"type": "Matrix2x2", "payoffs": [[[48,0],[60,47]],[[50,36],[0,7]]]},
"G75": {"type": "Matrix2x2", "payoffs": [[[24,22],[16,14]],[[22,0],[0,19]]]},
"G76": {"type": "Matrix2x2", "payoffs": [[[0,6],[5,10]],[[1,0],[7,26]]]},
"G77": {"type": "Matrix2x2", "payoffs": [[[13,9],[99,43]],[[46,34],[0,0]]]},
"G78": {"type": "Matrix2x2", "payoffs": [[[22,0],[42,35]],[[0,45],[48,52]]]},
"G79": {"type": "Matrix2x2", "payoffs": [[[12,0],[0,48]],[[41,53],[6,47]]]},
"G80": {"type": "Matrix2x2", "payoffs": [[[25,13],[0,0]],[[49,89],[35,67]]]},
"G81": {"type": "Matrix2x2", "payoffs": [[[0,63],[15,0]],[[36,99],[31,76]]]},
"G82": {"type": "Matrix2x2", "payoffs": [[[3,3],[11,72]],[[5,0],[0,55]]]},
"G83": {"type": "Matrix2x2", "payoffs": [[[0,0],[46,99]],[[21,59],[40,38]]]},
"G84": {"type": "Matrix2x2", "payoffs": [[[34,12],[63,20]],[[0,0],[9,10]]]},
"G85": {"type": "Matrix2x2", "payoffs": [[[7,44],[2,0]],[[0,22],[8,59]]]},
"G86": {"type": "Matrix2x2", "payoffs": [[[0,20],[7,30]],[[5,0],[2,13]]]},
"G87": {"type": "Matrix2x2", "payoffs": [[[7,21],[31,0]],[[0,54],[41,76]]]},
"G88": {"type": "Matrix2x2", "payoffs": [[[2,13],[0,17]],[[26,52],[6,0]]]},
"G89": {"type": "Matrix2x2", "payoffs": [[[41,71],[3,27]],[[25,0],[0,49]]]},
"G90": {"type": "Matrix2x2", "payoffs": [[[3,25],[34,36]],[[11,19],[0,0]]]},
"G91": {"type": "Matrix2x2", "payoffs": [[[1,0],[3,9]],[[8,47],[0,35]]]},
"G92": {"type": "Matrix2x2", "payoffs": [[[22,42],[44,68]],[[0,45],[26,0]]]},
"G93": {"type": "Matrix2x2", "payoffs": [[[0,2],[30,32]],[[15,6],[26,0]]]},
"G94": {"type": "Matrix2x2", "payoffs": [[[0,16],[10,0]],[[21,21],[16,11]]]},
"G95": {"type": "Matrix2x2", "payoffs": [[[18,54],[0,30]],[[6,37],[15,0]]]},
"G96": {"type": "Matrix2x2", "payoffs": [[[0,73],[13,0]],[[68,85],[24,24]]]},
"G97": {"type": "Matrix2x2", "payoffs": [[[37,0],[49,7]],[[63,25],[0,17]]]},
"G98": {"type": "Matrix2x2", "payoffs": [[[0,5],[37,32]],[[26,0],[12,12]]]},
"G99": {"type": "Matrix2x2", "payoffs": [[[92,69],[16,17]],[[33,12],[0,0]]]},
"G100": {"type": "Matrix2x2", "payoffs": [[[0,12],[8,0]],[[61,26],[60,20]]]}
}