{
"numGames": 1000,
"G1": {"type": "Matrix2x2", "payoffs": [[[0,0],[14,6]],[[9,8],[55,34]]]},
"G2": {"type": "Matrix2x2", "payoffs": [[[3,0],[21,73]],[[22,94],[0,74]]]},
"G3": {"type": "Matrix2x2", "payoffs": [[[3,15],[12,26]],[[4,17],[0,0]]]},
"G4": {"type": "Matrix2x2", "payoffs": [[[71,22],[69,17]],[[0,0],[70,10]]]},
"G5": {"type": "Matrix2x2", "payoffs": [[[43,89],[27,0]],[[0,26],[33,84]]]},
"G6": {"type": "Matrix2x2", "payoffs": [[[46,45],[16,16]],[[40,32],[0,0]]]},
"G7": {"type": "Matrix2x2", "payoffs": [[[0,0],[63,19]],[[2,11],[79,25]]]},
"G8": {"type": "Matrix2x2", "payoffs": [[[2,47],[19,81]],[[1,0],[0,10]]]},
"G9": {"type": "Matrix2x2", "payoffs": [[[20,0],[44,68]],[[81,98],[0,18]]]},
"G10": {"type": "Matrix2x2", "payoffs": [[[0,23],[18,0]],[[44,56],[22,2]]]},
"G11": {"type": "Matrix2x2", "payoffs": [[[49,10],[0,8]],[[43,1],[4,0]]]},
"G12": {"type": "Matrix2x2", "payoffs": [[[8,21],[7,9]],[[0,0],[9,25]]]},
"G13": {"type": "Matrix2x2", "payoffs": [[[11,48],[14,60]],[[0,0],[6,11]]]},
"G14": {"type": "Matrix2x2", "payoffs": [[[41,65],[0,29]],[[98,70],[27,0]]]},
"G15": {"type": "Matrix2x2", "payoffs": [[[12,19],[21,30]],[[0,0],[24,40]]]},
"G16": {"type": "Matrix2x2", "payoffs": [[[0,45],[91,76]],[[85,0],[13,37]]]},
"G17": {"type": "Matrix2x2", "payoffs": [[[56,27],[18,13]],[[31,0],[0,3]]]},
"G18": {"type": "Matrix2x2", "payoffs": [[[4,15],[0,3]],[[49,0],[58,21]]]},
"G19": {"type": "Matrix2x2", "payoffs": [[[5,73],[3,61]],[[0,0],[2,52]]]},
"G20": {"type": "Matrix2x2", "payoffs": [[[8,49],[3,0]],[[7,18],[0,40]]]},
"G21": {"type": "Matrix2x2", "payoffs": [[[23,2],[0,44]],[[87,52],[86,0]]]},
"G22": {"type": "Matrix2x2", "payoffs": [[[3,0],[5,81]],[[2,61],[0,43]]]},
"G23": {"type": "Matrix2x2", "payoffs": [[[5,8],[0,0]],[[2,5],[6,9]]]},
"G24": {"type": "Matrix2x2", "payoffs": [[[0,39],[75,89]],[[29,83],[18,0]]]},
"G25": {"type": "Matrix2x2", "payoffs": [[[28,0],[0,20]],[[40,67],[8,44]]]},
"G26": {"type": "Matrix2x2", "payoffs": [[[71,32],[0,0]],[[70,27],[33,21]]]},
"G27": {"type": "Matrix2x2", "payoffs": [[[18,2],[12,0]],[[0,23],[19,36]]]},
"G28": {"type": "Matrix2x2", "payoffs": [[[0,37],[81,98]],[[45,58],[6,0]]]},
"G29": {"type": "Matrix2x2", "payoffs": [[[24,25],[0,0]],[[39,22],[61,89]]]},
"G30": {"type": "Matrix2x2", "payoffs": [[[58,18],[66,66]],[[0,12],[6,0]]]},
"G31": {"type": "Matrix2x2", "payoffs": [[[17,0],[9,8]],[[38,58],[0,40]]]},
"G32": {"type": "Matrix2x2", "payoffs": [[[39,73],[73,75]],[[5,26],[0,0]]]},
"G33": {"type": "Matrix2x2", "payoffs": [[[16,0],[74,62]],[[0,22],[39,41]]]},
"G34": {"type": "Matrix2x2", "payoffs": [[[76,57],[11,37]],[[0,0],[84,95]]]},
"G35": {"type": "Matrix2x2", "payoffs": [[[81,15],[0,51]],[[88,64],[1,0]]]},
"G36": {"type": "Matrix2x2", "payoffs": [[[33,0],[74,45]],[[41,19],[0,37]]]},
"G37": {"type": "Matrix2x2", "payoffs": [[[20,48],[7,30]],[[8,0],[0,10]]]},
"G38": {"type": "Matrix2x2", "payoffs": [[[18,82],[0,51]],[[5,27],[14,0]]]},
"G39": {"type": "Matrix2x2", "payoffs": [[[0,0],[9,23]],[[7,32],[10,42]]]},
"G40": {"type": "Matrix2x2", "payoffs": [[[0,22],[28,50]],[[18,0],[26,27]]]},
"G41": {"type": "Matrix2x2", "payoffs": [[[31,73],[11,0]],[[16,55],[0,15]]]},
"G42": {"type": "Matrix2x2", "payoffs": [[[0,16],[17,15]],[[23,37],[14,0]]]},
"G43": {"type": "Matrix2x2", "payoffs": [[[98,49],[75,10]],[[0,0],[39,19]]]},
"G44": {"type": "Matrix2x2", "payoffs": [[[37,22],[19,20]],[[0,0],[38,27]]]},
"G45": {"type": "Matrix2x2", "payoffs": [[[68,44],[46,0]],[[0,24],[20,40]]]},
"G46": {"type": "Matrix2x2", "payoffs": [[[17,18],[0,30]],[[83,33],[75,0]]]},
"G47": {"type": "Matrix2x2", "payoffs": [[[3,2],[2,23]],[[6,46],[0,0]]]},
"G48": {"type": "Matrix2x2", "payoffs": [[[27,8],[9,6]],[[23,5],[0,0]]]},
"G49": {"type": "Matrix2x2", "payoffs": [[[52,0],[54,86]],[[23,7],[0,43]]]},
"G50": {"type": "Matrix2x2", "payoffs": [[[48,31],[74,30]],[[76,72],[0,0]]]},
"G51": {"type": "Matrix2x2", "payoffs": [[[80,90],[75,33]],[[0,0],[52,63]]]},
"G52": {"type": "Matrix2x2", "payoffs": [[[16,56],[22,91]],[[0,11],[13,0]]]},
"G53": {"type": "Matrix2x2", "payoffs": [[[65,26],[22,0]],[[0,19],[20,2]]]},
"G54": {"type": "Matrix2x2", "payoffs": [[[0,12],[14,0]],[[13,8],[87,44]]]},
"G55": {"type": "Matrix2x2", "payoffs": [[[13,6],[5,3]],[[0,0],[54,7]]]},
"G56": {"type": "Matrix2x2", "payoffs": [[[29,64],[2,0]],[[5,29],[0,24]]]},
"G57": {"type": "Matrix2x2", "payoffs": [[[0,0],[73,25]],[[78,37],[37,11]]]},
"G58": {"type": "Matrix2x2", "payoffs": [[[48,24],[0,0]],[[66,22],[81,84]]]},
"G59": {"type": "Matrix2x2", "payoffs": [[[87,15],[0,0]],[[52,9],[58,7]]]},
"G60": {"type": "Matrix2x2", "payoffs": [[[8,2],[11,3]],[[9,0],[0,1]]]},
"G61": {"type": "Matrix2x2", "payoffs": [[[28,19],[56,66]],[[0,0],[6,22]]]},
"G62": {"type": "Matrix2x2", "payoffs": [[[0,3],[27,40]],[[16,11],[5,0]]]},
"G63": {"type": "Matrix2x2", "payoffs": [[[4,49],[0,0]],[[37,65],[12,34]]]},
"G64": {"type": "Matrix2x2", "payoffs": [[[60,19],[0,50]],[[71,51],[52,0]]]},
"G65": {"type": "Matrix2x2", "payoffs": [[[6,2],[19,0]],[[28,26],[0,3]]]},
"G66": {"type": "Matrix2x2", "payoffs": [[[38,34],[37,24]],[[0,23],[10,0]]]},
"G67": {"type": "Matrix2x2", "payoffs": [[[5,49],[19,62]],[[0,41],[9,0]]]},
"G68": {"type": "Matrix2x2", "payoffs": [[[94,79],[38,72]],[[0,70],[12,0]]]},
"G69": {"type": "Matrix2x2", "payoffs": [[[21,9],[0,0]],[[73,31],[9,5]]]},
"G70": {"type": "Matrix2x2", "payoffs": [[[19,0],[50,73]],[[41,49],[0,2]]]},
"G71": {"type": "Matrix2x2", "payoffs": [[[24,74],[18,31]],[[0,0],[15,39]]]},
"G72": {"type": "Matrix2x2", "payoffs": [[[21,6],[10,4]],[[2,2],[0,0]]]},
"G73": {"type": "Matrix2x2", "payoffs": [[[13,79],[9,0]],[[2,60],[0,33]]]},
"G74": {"type": "Matrix2x2", "payoffs": [[[0,12],[4,60]],[[49,0],[64,98]]]},
"G75": {"type": "Matrix2x2", "payoffs": [[[27,0],[0,47]],[[44,4],[58,48]]]},
"G76": {"type": "Matrix2x2", "payoffs": [[[57,73],[0,20]],[[3,13],[37,0]]]},
"G77": {"type": "Matrix2x2", "payoffs": [[[0,0],[48,72]],[[18,17],[98,79]]]},
"G78": {"type": "Matrix2x2", "payoffs": [[[20,60],[17,35]],[[0,0],[6,48]]]},
"G79": {"type": "Matrix2x2", "payoffs": [[[1,0],[82,9]],[[0,3],[91,20]]]},
"G80": {"type": "Matrix2x2", "payoffs": [[[49,74],[0,0]],[[36,27],[35,17]]]},
"G81": {"type": "Matrix2x2", "payoffs": [[[9,3],[5,0]],[[0,4],[14,29]]]},
"G82": {"type": "Matrix2x2", "payoffs": [[[67,89],[56,37]],[[0,46],[45,0]]]},
"G83": {"type": "Matrix2x2", "payoffs": [[[26,34],[14,0]],[[21,30],[0,10]]]},
"G84": {"type": "Matrix2x2", "payoffs": [[[0,0],[35,77]],[[79,89],[47,36]]]},
"G85": {"type": "Matrix2x2", "payoffs": [[[4,19],[0,0]],[[28,32],[27,17]]]},
"G86": {"type": "Matrix2x2", "payoffs": [[[17,5],[23,17]],[[0,12],[22,0]]]},
"G87": {"type": "Matrix2x2", "payoffs": [[[53,48],[23,0]],[[99,88],[0,74]]]},
"G88": {"type": "Matrix2x2", "payoffs": [[[0,1],[63,52]],[[45,0],[58,10]]]},
"G89": {"type": "Matrix2x2", "payoffs": [[[17,22],[16,0]],[[0,17],[3,19]]]},
"G90": {"type": "Matrix2x2", "payoffs": [[[43,4],[62,34]],[[17,0],[0,18]]]},
"G91": {"type": "Matrix2x2", "payoffs": [[[11,13],[1,8]],[[4,0],[0,4]]]},
"G92": {"type": "Matrix2x2", "payoffs": [[[54,51],[5,13]],[[23,0],[0,49]]]},
"G93": {"type": "Matrix2x2", "payoffs": [[[33,0],[0,14]],[[10,20],[49,29]]]},
"G94": {"type": "Matrix2x2", "payoffs": [[[12,0],[16,35]],[[4,18],[0,24]]]},
"G95": {"type": "Matrix2x2", "payoffs": [[[47,0],[0,21]],[[45,19],[74,38]]]},
"G96": {"type": "Matrix2x2", "payoffs": [[[25,0],[0,46]],[[35,72],[14,35]]]},
"G97": {"type": "Matrix2x2", "payoffs": [[[8,100],[7,0]],[[1,72],[0,28]]]},
"G98": {"type": "Matrix2x2", "payoffs": [[[3,24],[2,0]],[[0,15],[4,58]]]},
"G99": {"type": "Matrix2x2", "payoffs": [[[0,4],[11,46]],[[2,20],[7,0]]]},
"G100": {"type": "Matrix2x2", "payoffs": [[[81,91],[0,0]],[[78,25],[32,87]]]},
"G101": {"type": "Matrix2x2", "payoffs": [[[0,56],[59,78]],[[5,0],[40,69]]]},
"G102": {"type": "Matrix2x2", "payoffs": [[[4,31],[0,0]],[[80,88],[50,43]]]},
"G103": {"type": "Matrix2x2", "payoffs": [[[71,55],[0,0]],[[31,46],[56,40]]]},
"G104": {"type": "Matrix2x2", "payoffs": [[[46,0],[12,10]],[[74,28],[0,25]]]},
"G105": {"type": "Matrix2x2", "payoffs": [[[84,80],[31,0]],[[0,16],[37,60]]]},
"G106": {"type": "Matrix2x2", "payoffs": [[[7,0],[0,11]],[[37,12],[9,5]]]},
"G107": {"type": "Matrix2x2", "payoffs": [[[52,0],[7,16]],[[0,25],[84,95]]]},
"G108": {"type": "Matrix2x2", "payoffs": [[[16,33],[26,0]],[[0,3],[39,65]]]},
"G109": {"type": "Matrix2x2", "payoffs": [[[0,29],[89,41]],[[66,0],[44,19]]]},
"G110": {"type": "Matrix2x2", "payoffs": [[[5,23],[10,37]],[[3,0],[0,10]]]},
"G111": {"type": "Matrix2x2", "payoffs": [[[77,0],[55,52]],[[0,86],[83,88]]]},
"G112": {"type": "Matrix2x2", "payoffs": [[[27,50],[0,4]],[[7,0],[80,51]]]},
"G113": {"type": "Matrix2x2", "payoffs": [[[1,32],[2,10]],[[3,100],[0,0]]]},
"G114": {"type": "Matrix2x2", "payoffs": [[[0,0],[5,48]],[[1,16],[4,12]]]},
"G115": {"type": "Matrix2x2", "payoffs": [[[0,13],[2,0]],[[11,34],[3,23]]]},
"G116": {"type": "Matrix2x2", "payoffs": [[[17,13],[27,14]],[[16,0],[0,3]]]},
"G117": {"type": "Matrix2x2", "payoffs": [[[2,0],[0,58]],[[7,47],[15,74]]]},
"G118": {"type": "Matrix2x2", "payoffs": [[[54,33],[0,32]],[[78,62],[26,0]]]},
"G119": {"type": "Matrix2x2", "payoffs": [[[5,5],[0,7]],[[6,22],[4,0]]]},
"G120": {"type": "Matrix2x2", "payoffs": [[[0,17],[17,0]],[[59,27],[97,33]]]},
"G121": {"type": "Matrix2x2", "payoffs": [[[0,0],[30,23]],[[52,15],[61,79]]]},
"G122": {"type": "Matrix2x2", "payoffs": [[[9,39],[0,22]],[[33,0],[48,87]]]},
"G123": {"type": "Matrix2x2", "payoffs": [[[7,0],[27,29]],[[0,4],[49,35]]]},
"G124": {"type": "Matrix2x2", "payoffs": [[[11,48],[9,12]],[[3,0],[0,4]]]},
"G125": {"type": "Matrix2x2", "payoffs": [[[1,71],[14,0]],[[34,82],[0,72]]]},
"G126": {"type": "Matrix2x2", "payoffs": [[[0,1],[12,49]],[[6,0],[2,44]]]},
"G127": {"type": "Matrix2x2", "payoffs": [[[0,0],[3,46]],[[13,69],[6,50]]]},
"G128": {"type": "Matrix2x2", "payoffs": [[[10,4],[9,2]],[[28,6],[0,0]]]},
"G129": {"type": "Matrix2x2", "payoffs": [[[79,60],[62,0]],[[64,29],[0,28]]]},
"G130": {"type": "Matrix2x2", "payoffs": [[[51,76],[41,46]],[[49,50],[0,0]]]},
"G131": {"type": "Matrix2x2", "payoffs": [[[19,70],[36,84]],[[0,47],[34,0]]]},
"G132": {"type": "Matrix2x2", "payoffs": [[[47,21],[0,7]],[[2,0],[10,8]]]},
"G133": {"type": "Matrix2x2", "payoffs": [[[15,25],[8,35]],[[62,55],[0,0]]]},
"G134": {"type": "Matrix2x2", "payoffs": [[[26,26],[0,0]],[[32,54],[1,24]]]},
"G135": {"type": "Matrix2x2", "payoffs": [[[24,26],[9,0]],[[0,29],[33,47]]]},
"G136": {"type": "Matrix2x2", "payoffs": [[[11,12],[25,0]],[[0,6],[40,15]]]},
"G137": {"type": "Matrix2x2", "payoffs": [[[31,4],[22,1]],[[29,3],[0,0]]]},
"G138": {"type": "Matrix2x2", "payoffs": [[[2,2],[10,4]],[[0,0],[6,3]]]},
"G139": {"type": "Matrix2x2", "payoffs": [[[26,15],[0,2]],[[74,93],[40,0]]]},
"G140": {"type": "Matrix2x2", "payoffs": [[[28,0],[80,22]],[[7,15],[0,20]]]},
"G141": {"type": "Matrix2x2", "payoffs": [[[69,36],[0,0]],[[15,10],[25,20]]]},
"G142": {"type": "Matrix2x2", "payoffs": [[[25,23],[0,0]],[[22,17],[12,20]]]},
"G143": {"type": "Matrix2x2", "payoffs": [[[4,46],[0,0]],[[12,94],[18,100]]]},
"G144": {"type": "Matrix2x2", "payoffs": [[[26,6],[15,0]],[[28,33],[0,15]]]},
"G145": {"type": "Matrix2x2", "payoffs": [[[0,25],[9,15]],[[11,0],[30,63]]]},
"G146": {"type": "Matrix2x2", "payoffs": [[[4,0],[6,36]],[[0,31],[5,1]]]},
"G147": {"type": "Matrix2x2", "payoffs": [[[88,49],[84,41]],[[0,0],[45,23]]]},
"G148": {"type": "Matrix2x2", "payoffs": [[[2,3],[30,93]],[[0,76],[8,0]]]},
"G149": {"type": "Matrix2x2", "payoffs": [[[0,40],[36,0]],[[65,65],[21,61]]]},
"G150": {"type": "Matrix2x2", "payoffs": [[[7,0],[29,7]],[[0,1],[10,6]]]},
"G151": {"type": "Matrix2x2", "payoffs": [[[0,11],[6,28]],[[29,64],[28,0]]]},
"G152": {"type": "Matrix2x2", "payoffs": [[[17,0],[48,23]],[[70,31],[0,30]]]},
"G153": {"type": "Matrix2x2", "payoffs": [[[14,33],[39,32]],[[89,68],[0,0]]]},
"G154": {"type": "Matrix2x2", "payoffs": [[[58,46],[0,0]],[[14,23],[5,15]]]},
"G155": {"type": "Matrix2x2", "payoffs": [[[0,20],[5,14]],[[71,0],[93,50]]]},
"G156": {"type": "Matrix2x2", "payoffs": [[[36,27],[40,35]],[[25,0],[0,5]]]},
"G157": {"type": "Matrix2x2", "payoffs": [[[73,5],[10,7]],[[83,9],[0,0]]]},
"G158": {"type": "Matrix2x2", "payoffs": [[[0,18],[59,71]],[[28,0],[21,39]]]},
"G159": {"type": "Matrix2x2", "payoffs": [[[57,42],[0,0]],[[56,14],[51,37]]]},
"G160": {"type": "Matrix2x2", "payoffs": [[[67,38],[0,0]],[[41,15],[80,56]]]},
"G161": {"type": "Matrix2x2", "payoffs": [[[0,3],[94,10]],[[67,9],[14,0]]]},
"G162": {"type": "Matrix2x2", "payoffs": [[[0,0],[2,67]],[[7,35],[18,71]]]},
"G163": {"type": "Matrix2x2", "payoffs": [[[0,73],[36,19]],[[67,77],[7,0]]]},
"G164": {"type": "Matrix2x2", "payoffs": [[[22,45],[44,10]],[[0,0],[57,51]]]},
"G165": {"type": "Matrix2x2", "payoffs": [[[4,46],[2,5]],[[0,0],[3,26]]]},
"G166": {"type": "Matrix2x2", "payoffs": [[[95,58],[8,0]],[[78,23],[0,4]]]},
"G167": {"type": "Matrix2x2", "payoffs": [[[6,0],[7,64]],[[0,14],[49,94]]]},
"G168": {"type": "Matrix2x2", "payoffs": [[[89,57],[53,0]],[[55,36],[0,21]]]},
"G169": {"type": "Matrix2x2", "payoffs": [[[71,44],[20,6]],[[0,0],[24,22]]]},
"G170": {"type": "Matrix2x2", "payoffs": [[[13,2],[5,3]],[[0,0],[14,6]]]},
"G171": {"type": "Matrix2x2", "payoffs": [[[4,50],[60,63]],[[0,34],[25,0]]]},
"G172": {"type": "Matrix2x2", "payoffs": [[[0,45],[82,81]],[[76,80],[27,0]]]},
"G173": {"type": "Matrix2x2", "payoffs": [[[12,22],[27,31]],[[8,1],[0,0]]]},
"G174": {"type": "Matrix2x2", "payoffs": [[[41,0],[43,24]],[[0,9],[37,13]]]},
"G175": {"type": "Matrix2x2", "payoffs": [[[84,29],[51,26]],[[0,16],[68,0]]]},
"G176": {"type": "Matrix2x2", "payoffs": [[[41,31],[0,24]],[[52,45],[23,0]]]},
"G177": {"type": "Matrix2x2", "payoffs": [[[0,31],[16,5]],[[35,0],[68,35]]]},
"G178": {"type": "Matrix2x2", "payoffs": [[[12,0],[75,73]],[[0,63],[52,40]]]},
"G179": {"type": "Matrix2x2", "payoffs": [[[0,9],[40,30]],[[15,1],[22,0]]]},
"G180": {"type": "Matrix2x2", "payoffs": [[[73,51],[0,5]],[[66,0],[13,42]]]},
"G181": {"type": "Matrix2x2", "payoffs": [[[4,6],[0,0]],[[23,2],[29,18]]]},
"G182": {"type": "Matrix2x2", "payoffs": [[[19,41],[11,33]],[[0,0],[7,20]]]},
"G183": {"type": "Matrix2x2", "payoffs": [[[1,16],[2,0]],[[0,3],[4,48]]]},
"G184": {"type": "Matrix2x2", "payoffs": [[[18,0],[46,57]],[[2,47],[0,5]]]},
"G185": {"type": "Matrix2x2", "payoffs": [[[4,41],[3,10]],[[0,3],[1,0]]]},
"G186": {"type": "Matrix2x2", "payoffs": [[[49,53],[15,5]],[[0,2],[2,0]]]},
"G187": {"type": "Matrix2x2", "payoffs": [[[0,0],[22,71]],[[19,18],[12,69]]]},
"G188": {"type": "Matrix2x2", "payoffs": [[[5,26],[0,0]],[[1,7],[31,34]]]},
"G189": {"type": "Matrix2x2", "payoffs": [[[3,4],[9,18]],[[0,11],[4,0]]]},
"G190": {"type": "Matrix2x2", "payoffs": [[[0,24],[26,0]],[[10,17],[35,31]]]},
"G191": {"type": "Matrix2x2", "payoffs": [[[50,0],[0,10]],[[57,27],[22,16]]]},
"G192": {"type": "Matrix2x2", "payoffs": [[[5,0],[0,16]],[[4,17],[11,19]]]},
"G193": {"type": "Matrix2x2", "payoffs": [[[84,0],[87,86]],[[0,62],[6,66]]]},
"G194": {"type": "Matrix2x2", "payoffs": [[[26,56],[25,46]],[[36,59],[0,0]]]},
"G195": {"type": "Matrix2x2", "payoffs": [[[0,1],[57,38]],[[56,0],[68,51]]]},
"G196": {"type": "Matrix2x2", "payoffs": [[[50,40],[41,17]],[[71,41],[0,0]]]},
"G197": {"type": "Matrix2x2", "payoffs": [[[5,8],[34,6]],[[89,19],[0,0]]]},
"G198": {"type": "Matrix2x2", "payoffs": [[[0,7],[20,43]],[[16,0],[6,12]]]},
"G199": {"type": "Matrix2x2", "payoffs": [[[10,9],[0,0]],[[16,29],[15,18]]]},
"G200": {"type": "Matrix2x2", "payoffs": [[[12,76],[8,73]],[[4,0],[0,29]]]},
"G201": {"type": "Matrix2x2", "payoffs": [[[29,22],[0,0]],[[41,96],[37,82]]]},
"G202": {"type": "Matrix2x2", "payoffs": [[[0,0],[21,7]],[[32,45],[16,6]]]},
"G203": {"type": "Matrix2x2", "payoffs": [[[65,16],[0,1]],[[13,0],[32,11]]]},
"G204": {"type": "Matrix2x2", "payoffs": [[[2,0],[0,24]],[[6,36],[7,39]]]},
"G205": {"type": "Matrix2x2", "payoffs": [[[24,36],[28,0]],[[0,48],[86,99]]]},
"G206": {"type": "Matrix2x2", "payoffs": [[[0,5],[27,0]],[[34,6],[7,3]]]},
"G207": {"type": "Matrix2x2", "payoffs": [[[0,0],[67,19]],[[35,3],[6,17]]]},
"G208": {"type": "Matrix2x2", "payoffs": [[[20,0],[63,39]],[[0,25],[25,15]]]},
"G209": {"type": "Matrix2x2", "payoffs": [[[36,79],[88,92]],[[26,0],[0,39]]]},
"G210": {"type": "Matrix2x2", "payoffs": [[[7,10],[0,11]],[[18,0],[26,27]]]},
"G211": {"type": "Matrix2x2", "payoffs": [[[0,0],[45,1]],[[25,41],[67,49]]]},
"G212": {"type": "Matrix2x2", "payoffs": [[[50,2],[75,1]],[[0,0],[85,3]]]},
"G213": {"type": "Matrix2x2", "payoffs": [[[6,81],[1,0]],[[2,66],[0,50]]]},
"G214": {"type": "Matrix2x2", "payoffs": [[[25,0],[0,25]],[[34,35],[15,10]]]},
"G215": {"type": "Matrix2x2", "payoffs": [[[28,20],[26,0]],[[0,1],[30,38]]]},
"G216": {"type": "Matrix2x2", "payoffs": [[[37,84],[33,0]],[[0,19],[23,1]]]},
"G217": {"type": "Matrix2x2", "payoffs": [[[0,0],[62,4]],[[35,16],[97,20]]]},
"G218": {"type": "Matrix2x2", "payoffs": [[[21,55],[5,0]],[[11,4],[0,8]]]},
"G219": {"type": "Matrix2x2", "payoffs": [[[39,34],[0,20]],[[22,30],[38,0]]]},
"G220": {"type": "Matrix2x2", "payoffs": [[[71,12],[38,0]],[[0,19],[80,25]]]},
"G221": {"type": "Matrix2x2", "payoffs": [[[0,1],[12,0]],[[68,9],[17,8]]]},
"G222": {"type": "Matrix2x2", "payoffs": [[[0,0],[31,12]],[[49,3],[66,13]]]},
"G223": {"type": "Matrix2x2", "payoffs": [[[36,39],[0,22]],[[32,28],[21,0]]]},
"G224": {"type": "Matrix2x2", "payoffs": [[[66,85],[0,0]],[[17,32],[15,51]]]},
"G225": {"type": "Matrix2x2", "payoffs": [[[54,99],[0,70]],[[31,18],[45,0]]]},
"G226": {"type": "Matrix2x2", "payoffs": [[[94,7],[0,2]],[[55,4],[14,0]]]},
"G227": {"type": "Matrix2x2", "payoffs": [[[86,0],[30,41]],[[0,39],[99,51]]]},
"G228": {"type": "Matrix2x2", "payoffs": [[[10,67],[2,56]],[[6,0],[0,55]]]},
"G229": {"type": "Matrix2x2", "payoffs": [[[2,0],[1,13]],[[3,28],[0,15]]]},
"G230": {"type": "Matrix2x2", "payoffs": [[[55,65],[72,97]],[[32,8],[0,0]]]},
"G231": {"type": "Matrix2x2", "payoffs": [[[0,46],[80,69]],[[5,25],[37,0]]]},
"G232": {"type": "Matrix2x2", "payoffs": [[[12,10],[0,0]],[[19,19],[1,15]]]},
"G233": {"type": "Matrix2x2", "payoffs": [[[0,0],[63,35]],[[50,27],[65,45]]]},
"G234": {"type": "Matrix2x2", "payoffs": [[[56,0],[0,3]],[[76,4],[3,2]]]},
"G235": {"type": "Matrix2x2", "payoffs": [[[13,18],[3,0]],[[0,17],[11,9]]]},
"G236": {"type": "Matrix2x2", "payoffs": [[[5,44],[68,0]],[[0,27],[69,60]]]},
"G237": {"type": "Matrix2x2", "payoffs": [[[0,3],[25,14]],[[32,0],[45,17]]]},
"G238": {"type": "Matrix2x2", "payoffs": [[[6,1],[28,3]],[[21,2],[0,0]]]},
"G239": {"type": "Matrix2x2", "payoffs": [[[13,73],[9,64]],[[8,45],[0,0]]]},
"G240": {"type": "Matrix2x2", "payoffs": [[[48,42],[18,0]],[[12,19],[0,31]]]},
"G241": {"type": "Matrix2x2", "payoffs": [[[11,69],[3,11]],[[10,0],[0,31]]]},
"G242": {"type": "Matrix2x2", "payoffs": [[[18,19],[28,86]],[[9,0],[0,29]]]},
"G243": {"type": "Matrix2x2", "payoffs": [[[7,0],[0,12]],[[31,45],[63,57]]]},
"G244": {"type": "Matrix2x2", "payoffs": [[[15,23],[10,22]],[[0,0],[16,58]]]},
"G245": {"type": "Matrix2x2", "payoffs": [[[0,13],[34,42]],[[16,0],[29,8]]]},
"G246": {"type": "Matrix2x2", "payoffs": [[[17,1],[0,10]],[[39,0],[57,11]]]},
"G247": {"type": "Matrix2x2", "payoffs": [[[27,54],[49,80]],[[6,1],[0,0]]]},
"G248": {"type": "Matrix2x2", "payoffs": [[[70,0],[0,20]],[[75,23],[17,11]]]},
"G249": {"type": "Matrix2x2", "payoffs": [[[46,0],[51,95]],[[0,60],[13,87]]]},
"G250": {"type": "Matrix2x2", "payoffs": [[[80,79],[49,46]],[[0,0],[15,76]]]},
"G251": {"type": "Matrix2x2", "payoffs": [[[64,64],[0,0]],[[32,12],[14,31]]]},
"G252": {"type": "Matrix2x2", "payoffs": [[[5,0],[8,45]],[[0,9],[7,20]]]},
"G253": {"type": "Matrix2x2", "payoffs": [[[0,5],[9,42]],[[4,0],[1,41]]]},
"G254": {"type": "Matrix2x2", "payoffs": [[[50,2],[31,0]],[[0,7],[73,30]]]},
"G255": {"type": "Matrix2x2", "payoffs": [[[0,47],[27,4]],[[33,64],[6,0]]]},
"G256": {"type": "Matrix2x2", "payoffs": [[[0,51],[14,9]],[[29,64],[6,0]]]},
"G257": {"type": "Matrix2x2", "payoffs": [[[87,0],[91,90]],[[92,96],[0,69]]]},
"G258": {"type": "Matrix2x2", "payoffs": [[[1,5],[9,47]],[[0,0],[13,71]]]},
"G259": {"type": "Matrix2x2", "payoffs": [[[5,0],[19,64]],[[6,7],[0,36]]]},
"G260": {"type": "Matrix2x2", "payoffs": [[[36,100],[0,13]],[[27,80],[9,0]]]},
"G261": {"type": "Matrix2x2", "payoffs": [[[19,73],[3,35]],[[0,34],[2,0]]]},
"G262": {"type": "Matrix2x2", "payoffs": [[[10,0],[0,36]],[[77,59],[48,14]]]},
"G263": {"type": "Matrix2x2", "payoffs": [[[7,16],[70,70]],[[0,18],[19,0]]]},
"G264": {"type": "Matrix2x2", "payoffs": [[[0,0],[1,5]],[[14,4],[19,10]]]},
"G265": {"type": "Matrix2x2", "payoffs": [[[36,1],[0,7]],[[57,49],[47,0]]]},
"G266": {"type": "Matrix2x2", "payoffs": [[[8,24],[37,20]],[[51,51],[0,0]]]},
"G267": {"type": "Matrix2x2", "payoffs": [[[37,63],[0,15]],[[13,0],[4,58]]]},
"G268": {"type": "Matrix2x2", "payoffs": [[[0,0],[42,48]],[[46,90],[13,55]]]},
"G269": {"type": "Matrix2x2", "payoffs": [[[1,76],[52,83]],[[0,0],[16,34]]]},
"G270": {"type": "Matrix2x2", "payoffs": [[[12,9],[1,0]],[[0,7],[4,8]]]},
"G271": {"type": "Matrix2x2", "payoffs": [[[73,61],[91,41]],[[97,76],[0,0]]]},
"G272": {"type": "Matrix2x2", "payoffs": [[[91,56],[0,26]],[[86,0],[75,28]]]},
"G273": {"type": "Matrix2x2", "payoffs": [[[0,34],[49,18]],[[65,70],[14,0]]]},
"G274": {"type": "Matrix2x2", "payoffs": [[[0,5],[18,25]],[[1,19],[8,0]]]},
"G275": {"type": "Matrix2x2", "payoffs": [[[0,4],[7,7]],[[2,0],[21,11]]]},
"G276": {"type": "Matrix2x2", "payoffs": [[[2,9],[0,0]],[[4,5],[6,22]]]},
"G277": {"type": "Matrix2x2", "payoffs": [[[88,79],[92,97]],[[0,0],[32,75]]]},
"G278": {"type": "Matrix2x2", "payoffs": [[[20,2],[21,3]],[[18,0],[0,1]]]},
"G279": {"type": "Matrix2x2", "payoffs": [[[6,34],[62,88]],[[0,15],[42,0]]]},
"G280": {"type": "Matrix2x2", "payoffs": [[[0,84],[32,0]],[[50,86],[36,15]]]},
"G281": {"type": "Matrix2x2", "payoffs": [[[20,0],[27,1]],[[0,3],[50,4]]]},
"G282": {"type": "Matrix2x2", "payoffs": [[[15,17],[0,33]],[[31,45],[16,0]]]},
"G283": {"type": "Matrix2x2", "payoffs": [[[25,51],[52,38]],[[88,59],[0,0]]]},
"G284": {"type": "Matrix2x2", "payoffs": [[[15,0],[68,25]],[[62,8],[0,4]]]},
"G285": {"type": "Matrix2x2", "payoffs": [[[13,21],[0,53]],[[17,55],[2,0]]]},
"G286": {"type": "Matrix2x2", "payoffs": [[[64,0],[27,58]],[[0,72],[71,85]]]},
"G287": {"type": "Matrix2x2", "payoffs": [[[9,71],[7,29]],[[5,0],[0,53]]]},
"G288": {"type": "Matrix2x2", "payoffs": [[[38,68],[16,21]],[[0,0],[92,75]]]},
"G289": {"type": "Matrix2x2", "payoffs": [[[52,68],[16,0]],[[0,66],[30,44]]]},
"G290": {"type": "Matrix2x2", "payoffs": [[[17,30],[65,57]],[[0,0],[51,53]]]},
"G291": {"type": "Matrix2x2", "payoffs": [[[1,9],[5,0]],[[0,3],[6,31]]]},
"G292": {"type": "Matrix2x2", "payoffs": [[[51,8],[0,0]],[[33,28],[93,40]]]},
"G293": {"type": "Matrix2x2", "payoffs": [[[47,36],[18,0]],[[0,20],[31,7]]]},
"G294": {"type": "Matrix2x2", "payoffs": [[[0,24],[10,60]],[[8,0],[5,20]]]},
"G295": {"type": "Matrix2x2", "payoffs": [[[0,14],[4,15]],[[3,13],[1,0]]]},
"G296": {"type": "Matrix2x2", "payoffs": [[[20,0],[42,18]],[[13,4],[0,10]]]},
"G297": {"type": "Matrix2x2", "payoffs": [[[31,23],[0,5]],[[13,0],[14,20]]]},
"G298": {"type": "Matrix2x2", "payoffs": [[[8,0],[25,4]],[[38,12],[0,8]]]},
"G299": {"type": "Matrix2x2", "payoffs": [[[5,16],[9,10]],[[13,43],[0,0]]]},
"G300": {"type": "Matrix2x2", "payoffs": [[[41,52],[22,13]],[[0,2],[25,0]]]},
"G301": {"type": "Matrix2x2", "payoffs": [[[59,24],[0,0]],[[33,37],[75,47]]]},
"G302": {"type": "Matrix2x2", "payoffs": [[[13,29],[54,4]],[[91,37],[0,0]]]},
"G303": {"type": "Matrix2x2", "payoffs": [[[0,0],[40,65]],[[2,5],[89,69]]]},
"G304": {"type": "Matrix2x2", "payoffs": [[[29,56],[26,32]],[[17,0],[0,21]]]},
"G305": {"type": "Matrix2x2", "payoffs": [[[99,5],[0,2]],[[35,3],[89,0]]]},
"G306": {"type": "Matrix2x2", "payoffs": [[[64,88],[0,0]],[[11,20],[33,72]]]},
"G307": {"type": "Matrix2x2", "payoffs": [[[74,69],[33,8]],[[47,0],[0,55]]]},
"G308": {"type": "Matrix2x2", "payoffs": [[[0,11],[1,43]],[[5,85],[2,0]]]},
"G309": {"type": "Matrix2x2", "payoffs": [[[30,4],[7,0]],[[0,9],[60,14]]]},
"G310": {"type": "Matrix2x2", "payoffs": [[[98,68],[89,0]],[[74,36],[0,35]]]},
"G311": {"type": "Matrix2x2", "payoffs": [[[66,83],[0,67]],[[4,0],[41,17]]]},
"G312": {"type": "Matrix2x2", "payoffs": [[[99,93],[78,56]],[[0,0],[40,43]]]},
"G313": {"type": "Matrix2x2", "payoffs": [[[27,52],[0,8]],[[7,28],[21,0]]]},
"G314": {"type": "Matrix2x2", "payoffs": [[[20,9],[13,0]],[[76,48],[0,11]]]},
"G315": {"type": "Matrix2x2", "payoffs": [[[44,3],[53,0]],[[0,41],[95,55]]]},
"G316": {"type": "Matrix2x2", "payoffs": [[[0,9],[61,57]],[[60,0],[17,12]]]},
"G317": {"type": "Matrix2x2", "payoffs": [[[80,8],[83,24]],[[0,11],[78,0]]]},
"G318": {"type": "Matrix2x2", "payoffs": [[[0,5],[14,0]],[[30,17],[8,1]]]},
"G319": {"type": "Matrix2x2", "payoffs": [[[5,89],[0,0]],[[12,100],[4,37]]]},
"G320": {"type": "Matrix2x2", "payoffs": [[[33,0],[0,6]],[[69,90],[24,72]]]},
"G321": {"type": "Matrix2x2", "payoffs": [[[87,80],[55,76]],[[0,0],[23,16]]]},
"G322": {"type": "Matrix2x2", "payoffs": [[[32,24],[12,0]],[[0,19],[22,18]]]},
"G323": {"type": "Matrix2x2", "payoffs": [[[59,0],[0,45]],[[47,49],[69,53]]]},
"G324": {"type": "Matrix2x2", "payoffs": [[[13,9],[2,0]],[[9,3],[0,1]]]},
"G325": {"type": "Matrix2x2", "payoffs": [[[0,0],[26,55]],[[79,87],[66,45]]]},
"G326": {"type": "Matrix2x2", "payoffs": [[[37,59],[0,42]],[[21,53],[2,0]]]},
"G327": {"type": "Matrix2x2", "payoffs": [[[6,56],[46,67]],[[0,0],[32,47]]]},
"G328": {"type": "Matrix2x2", "payoffs": [[[76,31],[11,67]],[[0,0],[89,75]]]},
"G329": {"type": "Matrix2x2", "payoffs": [[[100,80],[43,0]],[[0,2],[73,40]]]},
"G330": {"type": "Matrix2x2", "payoffs": [[[29,0],[19,45]],[[0,23],[51,57]]]},
"G331": {"type": "Matrix2x2", "payoffs": [[[47,4],[0,0]],[[48,11],[9,2]]]},
"G332": {"type": "Matrix2x2", "payoffs": [[[0,29],[59,50]],[[5,0],[8,44]]]},
"G333": {"type": "Matrix2x2", "payoffs": [[[3,31],[0,71]],[[5,78],[2,0]]]},
"G334": {"type": "Matrix2x2", "payoffs": [[[0,0],[47,77]],[[67,87],[77,92]]]},
"G335": {"type": "Matrix2x2", "payoffs": [[[1,25],[2,21]],[[11,40],[0,0]]]},
"G336": {"type": "Matrix2x2", "payoffs": [[[22,3],[47,48]],[[0,18],[5,0]]]},
"G337": {"type": "Matrix2x2", "payoffs": [[[65,65],[64,0]],[[21,16],[0,32]]]},
"G338": {"type": "Matrix2x2", "payoffs": [[[9,44],[1,10]],[[0,0],[5,7]]]},
"G339": {"type": "Matrix2x2", "payoffs": [[[0,0],[11,40]],[[7,17],[70,75]]]},
"G340": {"type": "Matrix2x2", "payoffs": [[[3,0],[13,26]],[[9,18],[0,12]]]},
"G341": {"type": "Matrix2x2", "payoffs": [[[63,21],[33,14]],[[32,3],[0,0]]]},
"G342": {"type": "Matrix2x2", "payoffs": [[[14,56],[0,29]],[[11,36],[9,0]]]},
"G343": {"type": "Matrix2x2", "payoffs": [[[90,95],[44,37]],[[0,13],[12,0]]]},
"G344": {"type": "Matrix2x2", "payoffs": [[[8,12],[37,0]],[[38,62],[0,31]]]},
"G345": {"type": "Matrix2x2", "payoffs": [[[0,0],[35,100]],[[10,13],[31,18]]]},
"G346": {"type": "Matrix2x2", "payoffs": [[[65,0],[86,67]],[[80,35],[0,58]]]},
"G347": {"type": "Matrix2x2", "payoffs": [[[0,19],[54,0]],[[67,30],[5,18]]]},
"G348": {"type": "Matrix2x2", "payoffs": [[[40,2],[66,0]],[[0,3],[89,5]]]},
"G349": {"type": "Matrix2x2", "payoffs": [[[26,100],[15,7]],[[0,0],[9,43]]]},
"G350": {"type": "Matrix2x2", "payoffs": [[[0,0],[3,1]],[[5,15],[4,5]]]},
"G351": {"type": "Matrix2x2", "payoffs": [[[10,0],[67,2]],[[77,6],[0,5]]]},
"G352": {"type": "Matrix2x2", "payoffs": [[[0,0],[95,92]],[[46,1],[12,62]]]},
"G353": {"type": "Matrix2x2", "payoffs": [[[23,46],[30,94]],[[8,0],[0,61]]]},
"G354": {"type": "Matrix2x2", "payoffs": [[[3,13],[6,49]],[[0,0],[2,15]]]},
"G355": {"type": "Matrix2x2", "payoffs": [[[54,63],[24,40]],[[3,0],[0,51]]]},
"G356": {"type": "Matrix2x2", "payoffs": [[[29,15],[0,4]],[[23,2],[22,0]]]},
"G357": {"type": "Matrix2x2", "payoffs": [[[59,40],[0,0]],[[80,59],[35,45]]]},
"G358": {"type": "Matrix2x2", "payoffs": [[[33,1],[0,18]],[[53,22],[6,0]]]},
"G359": {"type": "Matrix2x2", "payoffs": [[[40,21],[31,0]],[[32,16],[0,3]]]},
"G360": {"type": "Matrix2x2", "payoffs": [[[39,58],[16,35]],[[2,0],[0,50]]]},
"G361": {"type": "Matrix2x2", "payoffs": [[[29,65],[68,13]],[[89,70],[0,0]]]},
"G362": {"type": "Matrix2x2", "payoffs": [[[0,10],[16,13]],[[10,0],[20,54]]]},
"G363": {"type": "Matrix2x2", "payoffs": [[[2,8],[4,36]],[[7,44],[0,0]]]},
"G364": {"type": "Matrix2x2", "payoffs": [[[0,3],[1,12]],[[2,0],[3,52]]]},
"G365": {"type": "Matrix2x2", "payoffs": [[[47,3],[37,14]],[[0,0],[84,19]]]},
"G366": {"type": "Matrix2x2", "payoffs": [[[4,10],[26,18]],[[0,0],[14,16]]]},
"G367": {"type": "Matrix2x2", "payoffs": [[[0,80],[57,86]],[[31,0],[26,31]]]},
"G368": {"type": "Matrix2x2", "payoffs": [[[10,41],[0,16]],[[3,31],[7,0]]]},
"G369": {"type": "Matrix2x2", "payoffs": [[[52,68],[50,23]],[[0,0],[12,9]]]},
"G370": {"type": "Matrix2x2", "payoffs": [[[64,0],[67,40]],[[0,44],[80,59]]]},
"G371": {"type": "Matrix2x2", "payoffs": [[[57,93],[0,76]],[[50,0],[45,45]]]},
"G372": {"type": "Matrix2x2", "payoffs": [[[39,6],[0,0]],[[75,45],[35,7]]]},
"G373": {"type": "Matrix2x2", "payoffs": [[[1,0],[45,7]],[[0,6],[32,3]]]},
"G374": {"type": "Matrix2x2", "payoffs": [[[0,11],[43,46]],[[25,0],[29,7]]]},
"G375": {"type": "Matrix2x2", "payoffs": [[[22,47],[37,57]],[[0,0],[16,46]]]},
"G376": {"type": "Matrix2x2", "payoffs": [[[10,1],[1,3]],[[13,22],[0,0]]]},
"G377": {"type": "Matrix2x2", "payoffs": [[[54,99],[17,0]],[[0,9],[47,65]]]},
"G378": {"type": "Matrix2x2", "payoffs": [[[51,7],[0,6]],[[12,0],[23,5]]]},
"G379": {"type": "Matrix2x2", "payoffs": [[[0,5],[6,3]],[[5,0],[7,54]]]},
"G380": {"type": "Matrix2x2", "payoffs": [[[26,31],[18,0]],[[7,14],[0,22]]]},
"G381": {"type": "Matrix2x2", "payoffs": [[[26,86],[0,80]],[[6,0],[9,76]]]},
"G382": {"type": "Matrix2x2", "payoffs": [[[0,9],[33,7]],[[34,11],[30,0]]]},
"G383": {"type": "Matrix2x2", "payoffs": [[[1,61],[2,0]],[[22,67],[0,6]]]},
"G384": {"type": "Matrix2x2", "payoffs": [[[38,51],[34,46]],[[33,14],[0,0]]]},
"G385": {"type": "Matrix2x2", "payoffs": [[[16,11],[0,7]],[[1,3],[12,0]]]},
"G386": {"type": "Matrix2x2", "payoffs": [[[96,18],[0,50]],[[100,64],[7,0]]]},
"G387": {"type": "Matrix2x2", "payoffs": [[[27,71],[15,30]],[[0,37],[9,0]]]},
"G388": {"type": "Matrix2x2", "payoffs": [[[71,0],[0,58]],[[57,42],[93,79]]]},
"G389": {"type": "Matrix2x2", "payoffs": [[[58,27],[11,0]],[[0,2],[45,23]]]},
"G390": {"type": "Matrix2x2", "payoffs": [[[3,0],[0,13]],[[4,23],[2,4]]]},
"G391": {"type": "Matrix2x2", "payoffs": [[[57,3],[0,8]],[[35,0],[88,13]]]},
"G392": {"type": "Matrix2x2", "payoffs": [[[14,13],[15,42]],[[0,0],[17,76]]]},
"G393": {"type": "Matrix2x2", "payoffs": [[[56,46],[0,5]],[[46,8],[26,0]]]},
"G394": {"type": "Matrix2x2", "payoffs": [[[29,16],[0,0]],[[10,20],[39,37]]]},
"G395": {"type": "Matrix2x2", "payoffs": [[[83,85],[25,73]],[[50,29],[0,0]]]},
"G396": {"type": "Matrix2x2", "payoffs": [[[0,4],[99,7]],[[78,2],[88,0]]]},
"G397": {"type": "Matrix2x2", "payoffs": [[[51,0],[55,1]],[[67,12],[0,4]]]},
"G398": {"type": "Matrix2x2", "payoffs": [[[91,64],[12,41]],[[82,39],[0,0]]]},
"G399": {"type": "Matrix2x2", "payoffs": [[[0,19],[35,0]],[[63,43],[33,21]]]},
"G400": {"type": "Matrix2x2", "payoffs": [[[80,88],[53,0]],[[38,74],[0,59]]]},
"G401": {"type": "Matrix2x2", "payoffs": [[[2,4],[0,8]],[[8,0],[19,23]]]},
"G402": {"type": "Matrix2x2", "payoffs": [[[15,98],[7,16]],[[4,58],[0,0]]]},
"G403": {"type": "Matrix2x2", "payoffs": [[[51,58],[38,7]],[[36,15],[0,0]]]},
"G404": {"type": "Matrix2x2", "payoffs": [[[15,31],[42,83]],[[0,12],[5,0]]]},
"G405": {"type": "Matrix2x2", "payoffs": [[[54,76],[0,0]],[[42,10],[13,14]]]},
"G406": {"type": "Matrix2x2", "payoffs": [[[0,23],[8,26]],[[45,27],[19,0]]]},
"G407": {"type": "Matrix2x2", "payoffs": [[[2,29],[19,24]],[[0,0],[23,65]]]},
"G408": {"type": "Matrix2x2", "payoffs": [[[13,37],[18,46]],[[1,0],[0,44]]]},
"G409": {"type": "Matrix2x2", "payoffs": [[[0,2],[97,23]],[[1,0],[60,12]]]},
"G410": {"type": "Matrix2x2", "payoffs": [[[12,0],[83,47]],[[14,3],[0,18]]]},
"G411": {"type": "Matrix2x2", "payoffs": [[[8,0],[16,68]],[[0,38],[15,26]]]},
"G412": {"type": "Matrix2x2", "payoffs": [[[0,1],[73,3]],[[77,15],[39,0]]]},
"G413": {"type": "Matrix2x2", "payoffs": [[[42,0],[12,32]],[[50,57],[0,36]]]},
"G414": {"type": "Matrix2x2", "payoffs": [[[40,0],[0,17]],[[43,3],[59,34]]]},
"G415": {"type": "Matrix2x2", "payoffs": [[[10,23],[2,4]],[[12,87],[0,0]]]},
"G416": {"type": "Matrix2x2", "payoffs": [[[0,21],[34,88]],[[10,0],[15,30]]]},
"G417": {"type": "Matrix2x2", "payoffs": [[[46,56],[36,5]],[[0,15],[44,0]]]},
"G418": {"type": "Matrix2x2", "payoffs": [[[5,0],[16,65]],[[9,58],[0,57]]]},
"G419": {"type": "Matrix2x2", "payoffs": [[[5,49],[0,0]],[[4,39],[14,84]]]},
"G420": {"type": "Matrix2x2", "payoffs": [[[29,0],[55,10]],[[0,12],[68,20]]]},
"G421": {"type": "Matrix2x2", "payoffs": [[[14,71],[12,1]],[[0,28],[6,0]]]},
"G422": {"type": "Matrix2x2", "payoffs": [[[4,17],[10,20]],[[12,56],[0,0]]]},
"G423": {"type": "Matrix2x2", "payoffs": [[[12,70],[51,62]],[[90,95],[0,0]]]},
"G424": {"type": "Matrix2x2", "payoffs": [[[0,0],[23,8]],[[51,13],[58,17]]]},
"G425": {"type": "Matrix2x2", "payoffs": [[[66,67],[0,14]],[[27,17],[39,0]]]},
"G426": {"type": "Matrix2x2", "payoffs": [[[15,21],[28,28]],[[0,12],[4,0]]]},
"G427": {"type": "Matrix2x2", "payoffs": [[[0,45],[39,0]],[[42,89],[5,20]]]},
"G428": {"type": "Matrix2x2", "payoffs": [[[86,53],[36,5]],[[0,0],[91,61]]]},
"G429": {"type": "Matrix2x2", "payoffs": [[[8,0],[15,29]],[[0,14],[66,34]]]},
"G430": {"type": "Matrix2x2", "payoffs": [[[31,79],[10,54]],[[0,0],[22,73]]]},
"G431": {"type": "Matrix2x2", "payoffs": [[[51,20],[1,0]],[[81,30],[0,21]]]},
"G432": {"type": "Matrix2x2", "payoffs": [[[21,70],[60,72]],[[0,31],[52,0]]]},
"G433": {"type": "Matrix2x2", "payoffs": [[[62,25],[24,10]],[[0,22],[59,0]]]},
"G434": {"type": "Matrix2x2", "payoffs": [[[0,54],[6,0]],[[50,66],[14,39]]]},
"G435": {"type": "Matrix2x2", "payoffs": [[[0,20],[10,44]],[[17,0],[32,47]]]},
"G436": {"type": "Matrix2x2", "payoffs": [[[0,20],[15,79]],[[14,0],[7,12]]]},
"G437": {"type": "Matrix2x2", "payoffs": [[[4,0],[3,22]],[[7,70],[0,35]]]},
"G438": {"type": "Matrix2x2", "payoffs": [[[72,79],[1,78]],[[0,0],[50,41]]]},
"G439": {"type": "Matrix2x2", "payoffs": [[[21,47],[19,21]],[[11,0],[0,16]]]},
"G440": {"type": "Matrix2x2", "payoffs": [[[27,34],[32,52]],[[0,0],[6,24]]]},
"G441": {"type": "Matrix2x2", "payoffs": [[[41,7],[15,0]],[[43,10],[0,2]]]},
"G442": {"type": "Matrix2x2", "payoffs": [[[22,15],[80,23]],[[0,6],[57,0]]]},
"G443": {"type": "Matrix2x2", "payoffs": [[[24,0],[0,54]],[[31,59],[5,32]]]},
"G444": {"type": "Matrix2x2", "payoffs": [[[97,92],[32,29]],[[39,31],[0,0]]]},
"G445": {"type": "Matrix2x2", "payoffs": [[[0,0],[64,73]],[[54,47],[62,4]]]},
"G446": {"type": "Matrix2x2", "payoffs": [[[6,13],[12,0]],[[0,5],[52,14]]]},
"G447": {"type": "Matrix2x2", "payoffs": [[[65,66],[17,0]],[[0,35],[47,24]]]},
"G448": {"type": "Matrix2x2", "payoffs": [[[4,33],[0,42]],[[9,58],[3,0]]]},
"G449": {"type": "Matrix2x2", "payoffs": [[[0,0],[77,26]],[[82,75],[31,34]]]},
"G450": {"type": "Matrix2x2", "payoffs": [[[60,10],[59,4]],[[7,3],[0,0]]]},
"G451": {"type": "Matrix2x2", "payoffs": [[[0,0],[19,30]],[[30,85],[16,38]]]},
"G452": {"type": "Matrix2x2", "payoffs": [[[14,86],[7,72]],[[0,18],[12,0]]]},
"G453": {"type": "Matrix2x2", "payoffs": [[[0,10],[6,6]],[[4,0],[13,51]]]},
"G454": {"type": "Matrix2x2", "payoffs": [[[0,41],[16,0]],[[43,55],[70,58]]]},
"G455": {"type": "Matrix2x2", "payoffs": [[[35,45],[0,0]],[[21,33],[3,35]]]},
"G456": {"type": "Matrix2x2", "payoffs": [[[82,49],[0,0]],[[41,12],[78,17]]]},
"G457": {"type": "Matrix2x2", "payoffs": [[[52,0],[31,5]],[[0,13],[65,27]]]},
"G458": {"type": "Matrix2x2", "payoffs": [[[11,15],[0,13]],[[47,0],[61,20]]]},
"G459": {"type": "Matrix2x2", "payoffs": [[[53,27],[14,11]],[[41,0],[0,8]]]},
"G460": {"type": "Matrix2x2", "payoffs": [[[0,28],[30,67]],[[69,68],[41,0]]]},
"G461": {"type": "Matrix2x2", "payoffs": [[[11,22],[0,15]],[[16,0],[23,43]]]},
"G462": {"type": "Matrix2x2", "payoffs": [[[20,95],[0,56]],[[1,0],[3,87]]]},
"G463": {"type": "Matrix2x2", "payoffs": [[[0,37],[8,0]],[[25,78],[10,26]]]},
"G464": {"type": "Matrix2x2", "payoffs": [[[37,12],[36,45]],[[0,0],[50,98]]]},
"G465": {"type": "Matrix2x2", "payoffs": [[[23,97],[21,49]],[[8,88],[0,0]]]},
"G466": {"type": "Matrix2x2", "payoffs": [[[10,44],[6,56]],[[32,79],[0,0]]]},
"G467": {"type": "Matrix2x2", "payoffs": [[[50,97],[41,0]],[[5,86],[0,26]]]},
"G468": {"type": "Matrix2x2", "payoffs": [[[82,91],[0,0]],[[12,18],[15,74]]]},
"G469": {"type": "Matrix2x2", "payoffs": [[[1,7],[68,45]],[[0,35],[40,0]]]},
"G470": {"type": "Matrix2x2", "payoffs": [[[0,0],[10,2]],[[18,1],[44,3]]]},
"G471": {"type": "Matrix2x2", "payoffs": [[[27,2],[58,14]],[[0,0],[85,38]]]},
"G472": {"type": "Matrix2x2", "payoffs": [[[65,67],[48,58]],[[14,22],[0,0]]]},
"G473": {"type": "Matrix2x2", "payoffs": [[[0,0],[82,18]],[[67,15],[41,16]]]},
"G474": {"type": "Matrix2x2", "payoffs": [[[16,59],[0,13]],[[3,0],[10,25]]]},
"G475": {"type": "Matrix2x2", "payoffs": [[[75,38],[0,13]],[[63,14],[4,0]]]},
"G476": {"type": "Matrix2x2", "payoffs": [[[44,0],[0,72]],[[72,84],[25,57]]]},
"G477": {"type": "Matrix2x2", "payoffs": [[[1,51],[0,45]],[[3,0],[5,88]]]},
"G478": {"type": "Matrix2x2", "payoffs": [[[9,3],[0,0]],[[46,4],[5,1]]]},
"G479": {"type": "Matrix2x2", "payoffs": [[[45,42],[66,0]],[[0,67],[98,79]]]},
"G480": {"type": "Matrix2x2", "payoffs": [[[14,58],[6,0]],[[0,19],[48,72]]]},
"G481": {"type": "Matrix2x2", "payoffs": [[[47,12],[48,36]],[[39,0],[0,2]]]},
"G482": {"type": "Matrix2x2", "payoffs": [[[0,33],[16,71]],[[8,0],[5,44]]]},
"G483": {"type": "Matrix2x2", "payoffs": [[[0,0],[85,15]],[[52,12],[20,6]]]},
"G484": {"type": "Matrix2x2", "payoffs": [[[0,21],[18,14]],[[41,0],[100,25]]]},
"G485": {"type": "Matrix2x2", "payoffs": [[[0,10],[64,19]],[[30,0],[29,12]]]},
"G486": {"type": "Matrix2x2", "payoffs": [[[32,9],[0,0]],[[54,21],[41,20]]]},
"G487": {"type": "Matrix2x2", "payoffs": [[[0,12],[75,54]],[[10,27],[14,0]]]},
"G488": {"type": "Matrix2x2", "payoffs": [[[0,34],[87,54]],[[4,0],[19,39]]]},
"G489": {"type": "Matrix2x2", "payoffs": [[[0,30],[49,16]],[[79,63],[64,0]]]},
"G490": {"type": "Matrix2x2", "payoffs": [[[71,43],[92,76]],[[0,0],[56,56]]]},
"G491": {"type": "Matrix2x2", "payoffs": [[[92,50],[44,31]],[[0,3],[12,0]]]},
"G492": {"type": "Matrix2x2", "payoffs": [[[59,77],[0,60]],[[19,0],[51,47]]]},
"G493": {"type": "Matrix2x2", "payoffs": [[[0,0],[70,23]],[[25,3],[60,11]]]},
"G494": {"type": "Matrix2x2", "payoffs": [[[1,7],[2,15]],[[4,46],[0,0]]]},
"G495": {"type": "Matrix2x2", "payoffs": [[[67,0],[90,19]],[[71,1],[0,13]]]},
"G496": {"type": "Matrix2x2", "payoffs": [[[5,4],[7,59]],[[0,0],[6,35]]]},
"G497": {"type": "Matrix2x2", "payoffs": [[[0,0],[47,46]],[[11,6],[23,26]]]},
"G498": {"type": "Matrix2x2", "payoffs": [[[0,0],[11,70]],[[9,57],[53,85]]]},
"G499": {"type": "Matrix2x2", "payoffs": [[[5,13],[36,24]],[[86,25],[0,0]]]},
"G500": {"type": "Matrix2x2", "payoffs": [[[0,9],[97,11]],[[60,0],[84,8]]]},
"G501": {"type": "Matrix2x2", "payoffs": [[[2,0],[0,15]],[[7,12],[90,18]]]},
"G502": {"type": "Matrix2x2", "payoffs": [[[60,32],[0,27]],[[51,0],[44,12]]]},
"G503": {"type": "Matrix2x2", "payoffs": [[[0,84],[52,92]],[[2,55],[46,0]]]},
"G504": {"type": "Matrix2x2", "payoffs": [[[82,22],[43,21]],[[78,0],[0,9]]]},
"G505": {"type": "Matrix2x2", "payoffs": [[[1,30],[0,0]],[[2,28],[3,61]]]},
"G506": {"type": "Matrix2x2", "payoffs": [[[8,43],[0,0]],[[2,11],[7,14]]]},
"G507": {"type": "Matrix2x2", "payoffs": [[[0,35],[17,0]],[[37,67],[36,42]]]},
"G508": {"type": "Matrix2x2", "payoffs": [[[1,10],[5,98]],[[3,2],[0,0]]]},
"G509": {"type": "Matrix2x2", "payoffs": [[[18,46],[5,0]],[[17,44],[0,30]]]},
"G510": {"type": "Matrix2x2", "payoffs": [[[15,41],[2,0]],[[30,75],[0,4]]]},
"G511": {"type": "Matrix2x2", "payoffs": [[[23,3],[80,1]],[[0,0],[100,4]]]},
"G512": {"type": "Matrix2x2", "payoffs": [[[53,14],[31,30]],[[90,31],[0,0]]]},
"G513": {"type": "Matrix2x2", "payoffs": [[[9,51],[0,0]],[[12,64],[10,26]]]},
"G514": {"type": "Matrix2x2", "payoffs": [[[0,32],[28,0]],[[85,92],[60,51]]]},
"G515": {"type": "Matrix2x2", "payoffs": [[[65,5],[51,0]],[[0,2],[18,4]]]},
"G516": {"type": "Matrix2x2", "payoffs": [[[2,34],[4,0]],[[16,62],[0,51]]]},
"G517": {"type": "Matrix2x2", "payoffs": [[[5,0],[11,87]],[[3,13],[0,12]]]},
"G518": {"type": "Matrix2x2", "payoffs": [[[3,4],[2,0]],[[0,22],[4,31]]]},
"G519": {"type": "Matrix2x2", "payoffs": [[[2,7],[0,2]],[[3,0],[4,8]]]},
"G520": {"type": "Matrix2x2", "payoffs": [[[21,28],[36,72]],[[30,0],[0,41]]]},
"G521": {"type": "Matrix2x2", "payoffs": [[[27,0],[25,7]],[[36,10],[0,5]]]},
"G522": {"type": "Matrix2x2", "payoffs": [[[12,22],[0,0]],[[61,38],[77,50]]]},
"G523": {"type": "Matrix2x2", "payoffs": [[[29,0],[46,79]],[[0,46],[57,84]]]},
"G524": {"type": "Matrix2x2", "payoffs": [[[19,0],[35,67]],[[20,66],[0,57]]]},
"G525": {"type": "Matrix2x2", "payoffs": [[[16,6],[59,38]],[[47,4],[0,0]]]},
"G526": {"type": "Matrix2x2", "payoffs": [[[14,0],[13,35]],[[0,22],[33,51]]]},
"G527": {"type": "Matrix2x2", "payoffs": [[[36,27],[0,0]],[[5,21],[42,37]]]},
"G528": {"type": "Matrix2x2", "payoffs": [[[1,38],[34,98]],[[11,0],[0,77]]]},
"G529": {"type": "Matrix2x2", "payoffs": [[[3,12],[30,48]],[[0,38],[15,0]]]},
"G530": {"type": "Matrix2x2", "payoffs": [[[0,9],[8,24]],[[19,25],[14,0]]]},
"G531": {"type": "Matrix2x2", "payoffs": [[[56,0],[91,32]],[[0,16],[10,4]]]},
"G532": {"type": "Matrix2x2", "payoffs": [[[34,16],[0,0]],[[26,7],[20,3]]]},
"G533": {"type": "Matrix2x2", "payoffs": [[[68,0],[0,17]],[[71,34],[79,92]]]},
"G534": {"type": "Matrix2x2", "payoffs": [[[14,0],[0,15]],[[43,16],[25,3]]]},
"G535": {"type": "Matrix2x2", "payoffs": [[[1,56],[10,63]],[[12,75],[0,0]]]},
"G536": {"type": "Matrix2x2", "payoffs": [[[40,0],[80,23]],[[42,6],[0,20]]]},
"G537": {"type": "Matrix2x2", "payoffs": [[[34,21],[24,17]],[[4,16],[0,0]]]},
"G538": {"type": "Matrix2x2", "payoffs": [[[2,0],[27,12]],[[8,11],[0,3]]]},
"G539": {"type": "Matrix2x2", "payoffs": [[[0,0],[62,19]],[[9,5],[56,18]]]},
"G540": {"type": "Matrix2x2", "payoffs": [[[25,16],[0,2]],[[55,21],[3,0]]]},
"G541": {"type": "Matrix2x2", "payoffs": [[[0,0],[1,38]],[[5,83],[3,53]]]},
"G542": {"type": "Matrix2x2", "payoffs": [[[55,23],[25,5]],[[24,0],[0,3]]]},
"G543": {"type": "Matrix2x2", "payoffs": [[[2,1],[7,19]],[[1,0],[0,12]]]},
"G544": {"type": "Matrix2x2", "payoffs": [[[31,15],[0,3]],[[60,79],[43,0]]]},
"G545": {"type": "Matrix2x2", "payoffs": [[[37,0],[23,4]],[[50,42],[0,39]]]},
"G546": {"type": "Matrix2x2", "payoffs": [[[2,0],[4,15]],[[0,14],[3,8]]]},
"G547": {"type": "Matrix2x2", "payoffs": [[[57,12],[69,10]],[[0,0],[83,21]]]},
"G548": {"type": "Matrix2x2", "payoffs": [[[74,55],[95,57]],[[29,9],[0,0]]]},
"G549": {"type": "Matrix2x2", "payoffs": [[[13,14],[23,26]],[[0,0],[9,23]]]},
"G550": {"type": "Matrix2x2", "payoffs": [[[5,14],[30,0]],[[36,17],[0,13]]]},
"G551": {"type": "Matrix2x2", "payoffs": [[[10,65],[0,31]],[[2,0],[40,73]]]},
"G552": {"type": "Matrix2x2", "payoffs": [[[21,59],[4,39]],[[0,3],[19,0]]]},
"G553": {"type": "Matrix2x2", "payoffs": [[[17,10],[4,0]],[[20,86],[0,45]]]},
"G554": {"type": "Matrix2x2", "payoffs": [[[47,70],[0,68]],[[12,53],[26,0]]]},
"G555": {"type": "Matrix2x2", "payoffs": [[[42,2],[70,16]],[[0,0],[39,15]]]},
"G556": {"type": "Matrix2x2", "payoffs": [[[65,64],[12,40]],[[52,0],[0,42]]]},
"G557": {"type": "Matrix2x2", "payoffs": [[[22,27],[29,36]],[[0,21],[16,0]]]},
"G558": {"type": "Matrix2x2", "payoffs": [[[0,0],[57,63]],[[59,75],[43,3]]]},
"G559": {"type": "Matrix2x2", "payoffs": [[[48,0],[64,53]],[[51,27],[0,3]]]},
"G560": {"type": "Matrix2x2", "payoffs": [[[47,48],[35,0]],[[0,32],[51,80]]]},
"G561": {"type": "Matrix2x2", "payoffs": [[[75,52],[0,35]],[[35,0],[43,26]]]},
"G562": {"type": "Matrix2x2", "payoffs": [[[75,6],[0,18]],[[81,35],[31,0]]]},
"G563": {"type": "Matrix2x2", "payoffs": [[[28,49],[79,86]],[[0,82],[2,0]]]},
"G564": {"type": "Matrix2x2", "payoffs": [[[25,13],[0,7]],[[47,26],[1,0]]]},
"G565": {"type": "Matrix2x2", "payoffs": [[[98,83],[91,31]],[[70,0],[0,2]]]},
"G566": {"type": "Matrix2x2", "payoffs": [[[0,0],[33,42]],[[61,94],[46,39]]]},
"G567": {"type": "Matrix2x2", "payoffs": [[[0,28],[87,59]],[[7,9],[51,0]]]},
"G568": {"type": "Matrix2x2", "payoffs": [[[84,0],[46,43]],[[91,67],[0,54]]]},
"G569": {"type": "Matrix2x2", "payoffs": [[[0,12],[15,11]],[[48,38],[4,0]]]},
"G570": {"type": "Matrix2x2", "payoffs": [[[0,0],[16,83]],[[8,57],[11,52]]]},
"G571": {"type": "Matrix2x2", "payoffs": [[[0,0],[5,76]],[[20,63],[34,95]]]},
"G572": {"type": "Matrix2x2", "payoffs": [[[22,40],[15,0]],[[0,45],[27,49]]]},
"G573": {"type": "Matrix2x2", "payoffs": [[[9,10],[46,45]],[[20,0],[0,35]]]},
"G574": {"type": "Matrix2x2", "payoffs": [[[38,0],[52,41]],[[78,54],[0,42]]]},
"G575": {"type": "Matrix2x2", "payoffs": [[[0,0],[26,43]],[[91,53],[46,25]]]},
"G576": {"type": "Matrix2x2", "payoffs": [[[16,0],[0,60]],[[92,68],[69,63]]]},
"G577": {"type": "Matrix2x2", "payoffs": [[[5,84],[0,42]],[[4,0],[2,55]]]},
"G578": {"type": "Matrix2x2", "payoffs": [[[0,0],[8,33]],[[67,6],[76,49]]]},
"G579": {"type": "Matrix2x2", "payoffs": [[[63,85],[0,0]],[[28,12],[4,39]]]},
"G580": {"type": "Matrix2x2", "payoffs": [[[2,0],[0,77]],[[39,85],[43,86]]]},
"G581": {"type": "Matrix2x2", "payoffs": [[[14,35],[0,0]],[[30,5],[41,37]]]},
"G582": {"type": "Matrix2x2", "payoffs": [[[22,75],[11,0]],[[0,56],[19,68]]]},
"G583": {"type": "Matrix2x2", "payoffs": [[[0,34],[81,32]],[[48,0],[100,96]]]},
"G584": {"type": "Matrix2x2", "payoffs": [[[16,47],[20,49]],[[0,0],[23,59]]]},
"G585": {"type": "Matrix2x2", "payoffs": [[[7,0],[0,67]],[[88,94],[82,16]]]},
"G586": {"type": "Matrix2x2", "payoffs": [[[0,7],[4,74]],[[91,86],[13,0]]]},
"G587": {"type": "Matrix2x2", "payoffs": [[[38,0],[79,44]],[[10,2],[0,8]]]},
"G588": {"type": "Matrix2x2", "payoffs": [[[33,2],[2,27]],[[0,0],[72,33]]]},
"G589": {"type": "Matrix2x2", "payoffs": [[[5,0],[20,89]],[[19,72],[0,81]]]},
"G590": {"type": "Matrix2x2", "payoffs": [[[12,49],[17,58]],[[0,0],[14,40]]]},
"G591": {"type": "Matrix2x2", "payoffs": [[[69,99],[51,96]],[[64,97],[0,0]]]},
"G592": {"type": "Matrix2x2", "payoffs": [[[32,90],[22,65]],[[7,6],[0,0]]]},
"G593": {"type": "Matrix2x2", "payoffs": [[[17,8],[12,6]],[[0,0],[1,4]]]},
"G594": {"type": "Matrix2x2", "payoffs": [[[26,0],[0,49]],[[56,57],[14,19]]]},
"G595": {"type": "Matrix2x2", "payoffs": [[[67,5],[0,0]],[[7,10],[86,25]]]},
"G596": {"type": "Matrix2x2", "payoffs": [[[0,0],[1,85]],[[3,93],[2,68]]]},
"G597": {"type": "Matrix2x2", "payoffs": [[[22,0],[0,47]],[[45,80],[12,20]]]},
"G598": {"type": "Matrix2x2", "payoffs": [[[27,2],[59,10]],[[34,0],[0,8]]]},
"G599": {"type": "Matrix2x2", "payoffs": [[[40,12],[0,0]],[[22,18],[86,30]]]},
"G600": {"type": "Matrix2x2", "payoffs": [[[47,3],[0,36]],[[33,0],[60,37]]]},
"G601": {"type": "Matrix2x2", "payoffs": [[[43,0],[0,20]],[[49,43],[53,45]]]},
"G602": {"type": "Matrix2x2", "payoffs": [[[14,32],[38,72]],[[23,29],[0,0]]]},
"G603": {"type": "Matrix2x2", "payoffs": [[[82,45],[51,0]],[[0,30],[25,42]]]},
"G604": {"type": "Matrix2x2", "payoffs": [[[28,0],[37,55]],[[0,11],[13,18]]]},
"G605": {"type": "Matrix2x2", "payoffs": [[[26,5],[29,23]],[[0,0],[33,27]]]},
"G606": {"type": "Matrix2x2", "payoffs": [[[0,16],[39,99]],[[3,69],[12,0]]]},
"G607": {"type": "Matrix2x2", "payoffs": [[[8,0],[0,11]],[[94,7],[100,15]]]},
"G608": {"type": "Matrix2x2", "payoffs": [[[10,0],[0,38]],[[14,41],[6,34]]]},
"G609": {"type": "Matrix2x2", "payoffs": [[[40,5],[62,1]],[[0,0],[82,7]]]},
"G610": {"type": "Matrix2x2", "payoffs": [[[28,54],[73,0]],[[0,30],[96,57]]]},
"G611": {"type": "Matrix2x2", "payoffs": [[[53,88],[0,75]],[[33,0],[1,38]]]},
"G612": {"type": "Matrix2x2", "payoffs": [[[0,34],[4,39]],[[16,0],[26,72]]]},
"G613": {"type": "Matrix2x2", "payoffs": [[[43,61],[0,0]],[[35,57],[8,47]]]},
"G614": {"type": "Matrix2x2", "payoffs": [[[11,46],[0,24]],[[9,0],[8,13]]]},
"G615": {"type": "Matrix2x2", "payoffs": [[[3,62],[6,68]],[[5,0],[0,49]]]},
"G616": {"type": "Matrix2x2", "payoffs": [[[18,15],[0,1]],[[17,12],[8,0]]]},
"G617": {"type": "Matrix2x2", "payoffs": [[[35,0],[77,50]],[[0,32],[34,6]]]},
"G618": {"type": "Matrix2x2", "payoffs": [[[47,0],[0,3]],[[48,24],[14,12]]]},
"G619": {"type": "Matrix2x2", "payoffs": [[[38,6],[31,0]],[[97,99],[0,42]]]},
"G620": {"type": "Matrix2x2", "payoffs": [[[0,0],[38,78]],[[7,27],[24,48]]]},
"G621": {"type": "Matrix2x2", "payoffs": [[[0,7],[89,0]],[[42,28],[97,46]]]},
"G622": {"type": "Matrix2x2", "payoffs": [[[0,20],[74,53]],[[71,30],[65,0]]]},
"G623": {"type": "Matrix2x2", "payoffs": [[[8,0],[0,36]],[[4,33],[18,88]]]},
"G624": {"type": "Matrix2x2", "payoffs": [[[24,0],[3,63]],[[34,71],[0,32]]]},
"G625": {"type": "Matrix2x2", "payoffs": [[[0,0],[3,7]],[[1,3],[2,2]]]},
"G626": {"type": "Matrix2x2", "payoffs": [[[0,4],[2,0]],[[18,66],[19,89]]]},
"G627": {"type": "Matrix2x2", "payoffs": [[[89,0],[97,53]],[[0,51],[9,29]]]},
"G628": {"type": "Matrix2x2", "payoffs": [[[0,2],[8,39]],[[3,7],[7,0]]]},
"G629": {"type": "Matrix2x2", "payoffs": [[[15,27],[6,39]],[[22,48],[0,0]]]},
"G630": {"type": "Matrix2x2", "payoffs": [[[33,11],[11,1]],[[0,0],[34,13]]]},
"G631": {"type": "Matrix2x2", "payoffs": [[[0,70],[14,8]],[[1,0],[85,97]]]},
"G632": {"type": "Matrix2x2", "payoffs": [[[0,0],[22,25]],[[17,8],[9,16]]]},
"G633": {"type": "Matrix2x2", "payoffs": [[[0,5],[75,8]],[[61,0],[6,4]]]},
"G634": {"type": "Matrix2x2", "payoffs": [[[0,9],[2,0]],[[14,52],[1,14]]]},
"G635": {"type": "Matrix2x2", "payoffs": [[[5,4],[30,18]],[[37,20],[0,0]]]},
"G636": {"type": "Matrix2x2", "payoffs": [[[2,3],[3,10]],[[0,0],[1,2]]]},
"G637": {"type": "Matrix2x2", "payoffs": [[[46,28],[0,0]],[[85,53],[58,35]]]},
"G638": {"type": "Matrix2x2", "payoffs": [[[66,52],[0,27]],[[74,0],[75,75]]]},
"G639": {"type": "Matrix2x2", "payoffs": [[[0,32],[28,0]],[[14,13],[62,82]]]},
"G640": {"type": "Matrix2x2", "payoffs": [[[0,0],[41,74]],[[67,96],[38,36]]]},
"G641": {"type": "Matrix2x2", "payoffs": [[[7,0],[0,19]],[[16,24],[5,17]]]},
"G642": {"type": "Matrix2x2", "payoffs": [[[45,20],[76,19]],[[77,55],[0,0]]]},
"G643": {"type": "Matrix2x2", "payoffs": [[[0,5],[10,0]],[[4,8],[13,9]]]},
"G644": {"type": "Matrix2x2", "payoffs": [[[0,5],[40,4]],[[90,8],[12,0]]]},
"G645": {"type": "Matrix2x2", "payoffs": [[[63,43],[64,93]],[[34,88],[0,0]]]},
"G646": {"type": "Matrix2x2", "payoffs": [[[10,37],[0,22]],[[9,5],[7,0]]]},
"G647": {"type": "Matrix2x2", "payoffs": [[[0,0],[24,12]],[[86,16],[60,3]]]},
"G648": {"type": "Matrix2x2", "payoffs": [[[0,51],[2,0]],[[11,52],[10,13]]]},
"G649": {"type": "Matrix2x2", "payoffs": [[[7,58],[0,0]],[[2,54],[14,64]]]},
"G650": {"type": "Matrix2x2", "payoffs": [[[1,0],[0,3]],[[5,2],[8,5]]]},
"G651": {"type": "Matrix2x2", "payoffs": [[[67,26],[31,0]],[[0,1],[99,33]]]},
"G652": {"type": "Matrix2x2", "payoffs": [[[0,5],[11,0]],[[50,6],[90,49]]]},
"G653": {"type": "Matrix2x2", "payoffs": [[[95,9],[74,2]],[[0,0],[25,7]]]},
"G654": {"type": "Matrix2x2", "payoffs": [[[0,0],[12,1]],[[17,4],[5,3]]]},
"G655": {"type": "Matrix2x2", "payoffs": [[[2,45],[0,63]],[[4,0],[8,78]]]},
"G656": {"type": "Matrix2x2", "payoffs": [[[0,4],[15,13]],[[20,28],[19,0]]]},
"G657": {"type": "Matrix2x2", "payoffs": [[[0,21],[33,0]],[[16,29],[53,56]]]},
"G658": {"type": "Matrix2x2", "payoffs": [[[10,53],[2,22]],[[0,20],[7,0]]]},
"G659": {"type": "Matrix2x2", "payoffs": [[[0,5],[28,3]],[[48,6],[8,0]]]},
"G660": {"type": "Matrix2x2", "payoffs": [[[4,0],[18,5]],[[12,4],[0,1]]]},
"G661": {"type": "Matrix2x2", "payoffs": [[[0,17],[8,4]],[[6,0],[16,18]]]},
"G662": {"type": "Matrix2x2", "payoffs": [[[0,25],[83,85]],[[4,45],[74,0]]]},
"G663": {"type": "Matrix2x2", "payoffs": [[[30,0],[69,89]],[[0,3],[66,29]]]},
"G664": {"type": "Matrix2x2", "payoffs": [[[18,0],[27,75]],[[6,27],[0,65]]]},
"G665": {"type": "Matrix2x2", "payoffs": [[[99,100],[64,90]],[[43,0],[0,35]]]},
"G666": {"type": "Matrix2x2", "payoffs": [[[13,30],[2,46]],[[0,0],[38,64]]]},
"G667": {"type": "Matrix2x2", "payoffs": [[[3,4],[0,0]],[[7,2],[13,6]]]},
"G668": {"type": "Matrix2x2", "payoffs": [[[19,0],[0,9]],[[61,12],[5,11]]]},
"G669": {"type": "Matrix2x2", "payoffs": [[[36,27],[55,73]],[[0,0],[15,45]]]},
"G670": {"type": "Matrix2x2", "payoffs": [[[29,11],[0,9]],[[19,0],[24,3]]]},
"G671": {"type": "Matrix2x2", "payoffs": [[[59,0],[0,31]],[[73,68],[37,23]]]},
"G672": {"type": "Matrix2x2", "payoffs": [[[39,0],[21,29]],[[0,63],[59,94]]]},
"G673": {"type": "Matrix2x2", "payoffs": [[[2,0],[20,23]],[[17,22],[0,3]]]},
"G674": {"type": "Matrix2x2", "payoffs": [[[42,54],[8,52]],[[35,9],[0,0]]]},
"G675": {"type": "Matrix2x2", "payoffs": [[[0,5],[15,56]],[[12,0],[14,14]]]},
"G676": {"type": "Matrix2x2", "payoffs": [[[7,78],[0,5]],[[54,87],[17,0]]]},
"G677": {"type": "Matrix2x2", "payoffs": [[[48,22],[73,48]],[[4,27],[0,0]]]},
"G678": {"type": "Matrix2x2", "payoffs": [[[29,0],[34,30]],[[0,8],[24,28]]]},
"G679": {"type": "Matrix2x2", "payoffs": [[[24,0],[3,27]],[[0,83],[25,93]]]},
"G680": {"type": "Matrix2x2", "payoffs": [[[45,77],[0,16]],[[26,0],[30,74]]]},
"G681": {"type": "Matrix2x2", "payoffs": [[[51,13],[8,2]],[[87,30],[0,0]]]},
"G682": {"type": "Matrix2x2", "payoffs": [[[7,0],[6,34]],[[0,24],[17,44]]]},
"G683": {"type": "Matrix2x2", "payoffs": [[[2,30],[15,89]],[[0,67],[1,0]]]},
"G684": {"type": "Matrix2x2", "payoffs": [[[7,2],[41,4]],[[52,17],[0,0]]]},
"G685": {"type": "Matrix2x2", "payoffs": [[[0,34],[79,65]],[[45,0],[3,58]]]},
"G686": {"type": "Matrix2x2", "payoffs": [[[1,89],[0,0]],[[3,90],[2,87]]]},
"G687": {"type": "Matrix2x2", "payoffs": [[[0,2],[3,0]],[[8,21],[5,19]]]},
"G688": {"type": "Matrix2x2", "payoffs": [[[17,18],[0,0]],[[74,57],[47,22]]]},
"G689": {"type": "Matrix2x2", "payoffs": [[[36,40],[0,37]],[[16,0],[1,22]]]},
"G690": {"type": "Matrix2x2", "payoffs": [[[0,40],[71,0]],[[97,62],[70,60]]]},
"G691": {"type": "Matrix2x2", "payoffs": [[[91,92],[0,11]],[[66,65],[63,0]]]},
"G692": {"type": "Matrix2x2", "payoffs": [[[0,18],[62,85]],[[46,0],[40,61]]]},
"G693": {"type": "Matrix2x2", "payoffs": [[[11,90],[1,59]],[[0,28],[2,0]]]},
"G694": {"type": "Matrix2x2", "payoffs": [[[2,57],[7,0]],[[12,93],[0,76]]]},
"G695": {"type": "Matrix2x2", "payoffs": [[[0,64],[8,73]],[[19,0],[30,100]]]},
"G696": {"type": "Matrix2x2", "payoffs": [[[10,38],[11,45]],[[9,0],[0,18]]]},
"G697": {"type": "Matrix2x2", "payoffs": [[[12,0],[17,1]],[[18,3],[0,2]]]},
"G698": {"type": "Matrix2x2", "payoffs": [[[24,0],[0,34]],[[28,64],[25,8]]]},
"G699": {"type": "Matrix2x2", "payoffs": [[[7,34],[12,20]],[[0,0],[13,42]]]},
"G700": {"type": "Matrix2x2", "payoffs": [[[3,63],[4,0]],[[0,64],[6,98]]]},
"G701": {"type": "Matrix2x2", "payoffs": [[[68,0],[13,12]],[[69,19],[0,10]]]},
"G702": {"type": "Matrix2x2", "payoffs": [[[16,33],[57,48]],[[39,0],[0,42]]]},
"G703": {"type": "Matrix2x2", "payoffs": [[[0,0],[12,49]],[[38,54],[32,47]]]},
"G704": {"type": "Matrix2x2", "payoffs": [[[0,0],[44,83]],[[7,50],[40,52]]]},
"G705": {"type": "Matrix2x2", "payoffs": [[[0,28],[65,48]],[[44,10],[42,0]]]},
"G706": {"type": "Matrix2x2", "payoffs": [[[93,92],[23,40]],[[0,0],[32,50]]]},
"G707": {"type": "Matrix2x2", "payoffs": [[[1,44],[0,0]],[[3,83],[2,23]]]},
"G708": {"type": "Matrix2x2", "payoffs": [[[4,0],[76,88]],[[74,1],[0,38]]]},
"G709": {"type": "Matrix2x2", "payoffs": [[[0,0],[50,16]],[[65,34],[61,29]]]},
"G710": {"type": "Matrix2x2", "payoffs": [[[13,4],[0,9]],[[24,0],[84,14]]]},
"G711": {"type": "Matrix2x2", "payoffs": [[[96,69],[0,54]],[[100,82],[99,0]]]},
"G712": {"type": "Matrix2x2", "payoffs": [[[2,35],[0,10]],[[17,99],[4,0]]]},
"G713": {"type": "Matrix2x2", "payoffs": [[[7,16],[60,3]],[[0,0],[78,29]]]},
"G714": {"type": "Matrix2x2", "payoffs": [[[45,94],[43,61]],[[0,88],[7,0]]]},
"G715": {"type": "Matrix2x2", "payoffs": [[[6,0],[0,7]],[[57,40],[18,10]]]},
"G716": {"type": "Matrix2x2", "payoffs": [[[65,42],[56,0]],[[99,83],[0,11]]]},
"G717": {"type": "Matrix2x2", "payoffs": [[[52,20],[0,9]],[[30,0],[47,8]]]},
"G718": {"type": "Matrix2x2", "payoffs": [[[0,18],[14,25]],[[35,29],[2,0]]]},
"G719": {"type": "Matrix2x2", "payoffs": [[[22,26],[4,15]],[[0,7],[6,0]]]},
"G720": {"type": "Matrix2x2", "payoffs": [[[6,0],[0,96]],[[1,61],[20,98]]]},
"G721": {"type": "Matrix2x2", "payoffs": [[[32,5],[45,66]],[[40,0],[0,29]]]},
"G722": {"type": "Matrix2x2", "payoffs": [[[42,53],[0,16]],[[89,76],[87,0]]]},
"G723": {"type": "Matrix2x2", "payoffs": [[[90,55],[2,6]],[[34,32],[0,0]]]},
"G724": {"type": "Matrix2x2", "payoffs": [[[75,2],[55,7]],[[78,8],[0,0]]]},
"G725": {"type": "Matrix2x2", "payoffs": [[[0,56],[27,88]],[[6,0],[23,79]]]},
"G726": {"type": "Matrix2x2", "payoffs": [[[9,55],[22,61]],[[0,7],[5,0]]]},
"G727": {"type": "Matrix2x2", "payoffs": [[[28,7],[31,13]],[[29,0],[0,5]]]},
"G728": {"type": "Matrix2x2", "payoffs": [[[11,18],[0,0]],[[56,31],[57,71]]]},
"G729": {"type": "Matrix2x2", "payoffs": [[[0,15],[34,0]],[[60,65],[26,48]]]},
"G730": {"type": "Matrix2x2", "payoffs": [[[1,32],[2,39]],[[7,49],[0,0]]]},
"G731": {"type": "Matrix2x2", "payoffs": [[[7,90],[0,4]],[[2,2],[5,0]]]},
"G732": {"type": "Matrix2x2", "payoffs": [[[42,90],[8,52]],[[1,72],[0,0]]]},
"G733": {"type": "Matrix2x2", "payoffs": [[[10,0],[0,51]],[[11,54],[5,22]]]},
"G734": {"type": "Matrix2x2", "payoffs": [[[9,22],[0,0]],[[7,13],[14,31]]]},
"G735": {"type": "Matrix2x2", "payoffs": [[[0,0],[51,5]],[[5,6],[58,98]]]},
"G736": {"type": "Matrix2x2", "payoffs": [[[0,39],[11,44]],[[12,90],[9,0]]]},
"G737": {"type": "Matrix2x2", "payoffs": [[[0,3],[24,35]],[[20,27],[8,0]]]},
"G738": {"type": "Matrix2x2", "payoffs": [[[82,65],[86,91]],[[0,0],[34,2]]]},
"G739": {"type": "Matrix2x2", "payoffs": [[[0,70],[26,87]],[[21,58],[19,0]]]},
"G740": {"type": "Matrix2x2", "payoffs": [[[8,2],[0,5]],[[17,0],[27,52]]]},
"G741": {"type": "Matrix2x2", "payoffs": [[[26,43],[23,28]],[[0,0],[29,50]]]},
"G742": {"type": "Matrix2x2", "payoffs": [[[0,1],[64,24]],[[85,29],[75,0]]]},
"G743": {"type": "Matrix2x2", "payoffs": [[[12,72],[1,27]],[[6,0],[0,59]]]},
"G744": {"type": "Matrix2x2", "payoffs": [[[6,0],[12,42]],[[0,22],[18,56]]]},
"G745": {"type": "Matrix2x2", "payoffs": [[[0,25],[80,70]],[[58,0],[15,46]]]},
"G746": {"type": "Matrix2x2", "payoffs": [[[75,3],[42,2]],[[0,1],[64,0]]]},
"G747": {"type": "Matrix2x2", "payoffs": [[[0,53],[26,36]],[[54,85],[22,0]]]},
"G748": {"type": "Matrix2x2", "payoffs": [[[0,0],[4,62]],[[98,91],[84,20]]]},
"G749": {"type": "Matrix2x2", "payoffs": [[[2,0],[6,5]],[[0,6],[29,8]]]},
"G750": {"type": "Matrix2x2", "payoffs": [[[0,9],[1,5]],[[8,33],[2,0]]]},
"G751": {"type": "Matrix2x2", "payoffs": [[[37,0],[0,75]],[[58,89],[39,58]]]},
"G752": {"type": "Matrix2x2", "payoffs": [[[92,99],[0,15]],[[51,0],[66,20]]]},
"G753": {"type": "Matrix2x2", "payoffs": [[[27,6],[1,0]],[[0,41],[28,93]]]},
"G754": {"type": "Matrix2x2", "payoffs": [[[5,18],[9,0]],[[72,29],[0,6]]]},
"G755": {"type": "Matrix2x2", "payoffs": [[[9,0],[0,15]],[[40,91],[36,57]]]},
"G756": {"type": "Matrix2x2", "payoffs": [[[1,17],[7,5]],[[0,0],[45,22]]]},
"G757": {"type": "Matrix2x2", "payoffs": [[[65,14],[88,0]],[[0,11],[90,15]]]},
"G758": {"type": "Matrix2x2", "payoffs": [[[40,62],[0,23]],[[6,0],[47,69]]]},
"G759": {"type": "Matrix2x2", "payoffs": [[[32,44],[12,0]],[[54,92],[0,68]]]},
"G760": {"type": "Matrix2x2", "payoffs": [[[79,93],[38,58]],[[70,85],[0,0]]]},
"G761": {"type": "Matrix2x2", "payoffs": [[[0,65],[5,66]],[[45,0],[68,75]]]},
"G762": {"type": "Matrix2x2", "payoffs": [[[50,0],[62,13]],[[0,2],[32,12]]]},
"G763": {"type": "Matrix2x2", "payoffs": [[[41,81],[0,29]],[[24,0],[12,20]]]},
"G764": {"type": "Matrix2x2", "payoffs": [[[0,11],[44,87]],[[18,10],[17,0]]]},
"G765": {"type": "Matrix2x2", "payoffs": [[[0,0],[9,20]],[[8,17],[33,82]]]},
"G766": {"type": "Matrix2x2", "payoffs": [[[8,22],[48,27]],[[29,0],[0,1]]]},
"G767": {"type": "Matrix2x2", "payoffs": [[[6,26],[0,27]],[[16,0],[17,67]]]},
"G768": {"type": "Matrix2x2", "payoffs": [[[27,5],[0,2]],[[53,22],[19,0]]]},
"G769": {"type": "Matrix2x2", "payoffs": [[[0,0],[52,21]],[[49,13],[12,3]]]},
"G770": {"type": "Matrix2x2", "payoffs": [[[51,31],[22,17]],[[0,0],[33,21]]]},
"G771": {"type": "Matrix2x2", "payoffs": [[[37,21],[0,0]],[[20,19],[31,17]]]},
"G772": {"type": "Matrix2x2", "payoffs": [[[0,0],[44,3]],[[22,1],[14,2]]]},
"G773": {"type": "Matrix2x2", "payoffs": [[[2,25],[0,0]],[[53,31],[100,36]]]},
"G774": {"type": "Matrix2x2", "payoffs": [[[33,3],[44,2]],[[0,0],[58,6]]]},
"G775": {"type": "Matrix2x2", "payoffs": [[[17,16],[0,0]],[[24,24],[10,9]]]},
"G776": {"type": "Matrix2x2", "payoffs": [[[79,63],[89,96]],[[82,0],[0,79]]]},
"G777": {"type": "Matrix2x2", "payoffs": [[[0,11],[29,34]],[[2,0],[40,69]]]},
"G778": {"type": "Matrix2x2", "payoffs": [[[20,8],[0,3]],[[33,0],[68,20]]]},
"G779": {"type": "Matrix2x2", "payoffs": [[[0,37],[7,56]],[[6,0],[5,31]]]},
"G780": {"type": "Matrix2x2", "payoffs": [[[2,40],[20,67]],[[0,0],[41,86]]]},
"G781": {"type": "Matrix2x2", "payoffs": [[[85,0],[86,3]],[[0,36],[89,48]]]},
"G782": {"type": "Matrix2x2", "payoffs": [[[1,3],[4,10]],[[0,4],[2,0]]]},
"G783": {"type": "Matrix2x2", "payoffs": [[[0,11],[4,67]],[[9,0],[12,88]]]},
"G784": {"type": "Matrix2x2", "payoffs": [[[0,7],[54,8]],[[43,4],[19,0]]]},
"G785": {"type": "Matrix2x2", "payoffs": [[[47,0],[26,32]],[[0,61],[62,94]]]},
"G786": {"type": "Matrix2x2", "payoffs": [[[18,1],[0,0]],[[37,31],[5,24]]]},
"G787": {"type": "Matrix2x2", "payoffs": [[[88,56],[71,0]],[[52,26],[0,30]]]},
"G788": {"type": "Matrix2x2", "payoffs": [[[3,82],[0,0]],[[2,77],[1,27]]]},
"G789": {"type": "Matrix2x2", "payoffs": [[[96,90],[75,46]],[[22,0],[0,43]]]},
"G790": {"type": "Matrix2x2", "payoffs": [[[41,24],[23,11]],[[25,0],[0,18]]]},
"G791": {"type": "Matrix2x2", "payoffs": [[[30,38],[16,0]],[[20,30],[0,3]]]},
"G792": {"type": "Matrix2x2", "payoffs": [[[62,33],[0,0]],[[49,7],[51,21]]]},
"G793": {"type": "Matrix2x2", "payoffs": [[[53,44],[0,0]],[[12,26],[5,36]]]},
"G794": {"type": "Matrix2x2", "payoffs": [[[18,3],[52,5]],[[94,9],[0,0]]]},
"G795": {"type": "Matrix2x2", "payoffs": [[[3,69],[0,15]],[[2,4],[1,0]]]},
"G796": {"type": "Matrix2x2", "payoffs": [[[2,18],[3,30]],[[0,11],[1,0]]]},
"G797": {"type": "Matrix2x2", "payoffs": [[[0,2],[6,0]],[[8,23],[9,24]]]},
"G798": {"type": "Matrix2x2", "payoffs": [[[10,25],[29,91]],[[0,38],[13,0]]]},
"G799": {"type": "Matrix2x2", "payoffs": [[[62,49],[39,0]],[[0,31],[47,18]]]},
"G800": {"type": "Matrix2x2", "payoffs": [[[6,0],[14,30]],[[13,2],[0,13]]]},
"G801": {"type": "Matrix2x2", "payoffs": [[[7,4],[28,14]],[[0,2],[22,0]]]},
"G802": {"type": "Matrix2x2", "payoffs": [[[66,39],[83,98]],[[16,0],[0,64]]]},
"G803": {"type": "Matrix2x2", "payoffs": [[[3,50],[0,0]],[[1,42],[2,27]]]},
"G804": {"type": "Matrix2x2", "payoffs": [[[6,83],[4,0]],[[0,13],[1,51]]]},
"G805": {"type": "Matrix2x2", "payoffs": [[[0,0],[97,75]],[[70,9],[13,74]]]},
"G806": {"type": "Matrix2x2", "payoffs": [[[2,0],[33,52]],[[0,12],[46,79]]]},
"G807": {"type": "Matrix2x2", "payoffs": [[[57,54],[62,61]],[[0,0],[9,4]]]},
"G808": {"type": "Matrix2x2", "payoffs": [[[13,92],[11,0]],[[0,9],[8,37]]]},
"G809": {"type": "Matrix2x2", "payoffs": [[[34,7],[0,0]],[[48,24],[15,2]]]},
"G810": {"type": "Matrix2x2", "payoffs": [[[40,17],[65,33]],[[46,20],[0,0]]]},
"G811": {"type": "Matrix2x2", "payoffs": [[[12,9],[17,13]],[[8,0],[0,5]]]},
"G812": {"type": "Matrix2x2", "payoffs": [[[53,84],[48,17]],[[50,0],[0,30]]]},
"G813": {"type": "Matrix2x2", "payoffs": [[[15,7],[0,0]],[[53,23],[19,2]]]},
"G814": {"type": "Matrix2x2", "payoffs": [[[0,3],[29,99]],[[7,0],[17,16]]]},
"G815": {"type": "Matrix2x2", "payoffs": [[[66,2],[72,15]],[[0,4],[36,0]]]},
"G816": {"type": "Matrix2x2", "payoffs": [[[15,0],[7,57]],[[0,37],[18,70]]]},
"G817": {"type": "Matrix2x2", "payoffs": [[[51,12],[15,9]],[[4,7],[0,0]]]},
"G818": {"type": "Matrix2x2", "payoffs": [[[90,22],[82,12]],[[59,14],[0,0]]]},
"G819": {"type": "Matrix2x2", "payoffs": [[[30,17],[0,4]],[[2,11],[18,0]]]},
"G820": {"type": "Matrix2x2", "payoffs": [[[0,23],[31,0]],[[36,25],[23,24]]]},
"G821": {"type": "Matrix2x2", "payoffs": [[[0,1],[20,0]],[[7,45],[24,75]]]},
"G822": {"type": "Matrix2x2", "payoffs": [[[81,10],[0,0]],[[33,8],[14,3]]]},
"G823": {"type": "Matrix2x2", "payoffs": [[[7,53],[0,0]],[[59,92],[19,82]]]},
"G824": {"type": "Matrix2x2", "payoffs": [[[20,5],[25,53]],[[0,0],[6,17]]]},
"G825": {"type": "Matrix2x2", "payoffs": [[[64,87],[0,57]],[[30,0],[49,74]]]},
"G826": {"type": "Matrix2x2", "payoffs": [[[62,62],[0,55]],[[24,44],[53,0]]]},
"G827": {"type": "Matrix2x2", "payoffs": [[[90,33],[3,0]],[[99,52],[0,4]]]},
"G828": {"type": "Matrix2x2", "payoffs": [[[11,21],[53,63]],[[28,0],[0,50]]]},
"G829": {"type": "Matrix2x2", "payoffs": [[[0,49],[44,87]],[[19,0],[5,67]]]},
"G830": {"type": "Matrix2x2", "payoffs": [[[29,0],[0,24]],[[40,62],[13,46]]]},
"G831": {"type": "Matrix2x2", "payoffs": [[[15,22],[42,53]],[[25,0],[0,29]]]},
"G832": {"type": "Matrix2x2", "payoffs": [[[40,0],[0,30]],[[13,34],[50,54]]]},
"G833": {"type": "Matrix2x2", "payoffs": [[[62,24],[0,0]],[[72,63],[51,6]]]},
"G834": {"type": "Matrix2x2", "payoffs": [[[3,42],[1,20]],[[2,41],[0,0]]]},
"G835": {"type": "Matrix2x2", "payoffs": [[[2,19],[5,69]],[[0,7],[1,0]]]},
"G836": {"type": "Matrix2x2", "payoffs": [[[21,0],[33,26]],[[0,8],[11,11]]]},
"G837": {"type": "Matrix2x2", "payoffs": [[[42,7],[32,6]],[[11,1],[0,0]]]},
"G838": {"type": "Matrix2x2", "payoffs": [[[15,4],[42,18]],[[0,0],[27,2]]]},
"G839": {"type": "Matrix2x2", "payoffs": [[[7,70],[11,86]],[[0,27],[1,0]]]},
"G840": {"type": "Matrix2x2", "payoffs": [[[43,44],[0,0]],[[74,53],[73,16]]]},
"G841": {"type": "Matrix2x2", "payoffs": [[[37,2],[0,26]],[[89,27],[64,0]]]},
"G842": {"type": "Matrix2x2", "payoffs": [[[0,65],[92,0]],[[93,84],[35,20]]]},
"G843": {"type": "Matrix2x2", "payoffs": [[[3,0],[0,43]],[[7,71],[1,69]]]},
"G844": {"type": "Matrix2x2", "payoffs": [[[0,22],[43,85]],[[25,23],[14,0]]]},
"G845": {"type": "Matrix2x2", "payoffs": [[[58,0],[28,28]],[[0,75],[65,79]]]},
"G846": {"type": "Matrix2x2", "payoffs": [[[24,0],[58,48]],[[0,11],[76,74]]]},
"G847": {"type": "Matrix2x2", "payoffs": [[[0,0],[55,42]],[[70,68],[52,65]]]},
"G848": {"type": "Matrix2x2", "payoffs": [[[37,40],[77,91]],[[21,19],[0,0]]]},
"G849": {"type": "Matrix2x2", "payoffs": [[[47,43],[1,0]],[[9,30],[0,38]]]},
"G850": {"type": "Matrix2x2", "payoffs": [[[5,34],[0,53]],[[22,0],[25,71]]]},
"G851": {"type": "Matrix2x2", "payoffs": [[[40,18],[72,20]],[[62,0],[0,17]]]},
"G852": {"type": "Matrix2x2", "payoffs": [[[7,2],[30,3]],[[13,1],[0,0]]]},
"G853": {"type": "Matrix2x2", "payoffs": [[[7,83],[0,0]],[[5,88],[8,95]]]},
"G854": {"type": "Matrix2x2", "payoffs": [[[27,9],[0,31]],[[41,36],[31,0]]]},
"G855": {"type": "Matrix2x2", "payoffs": [[[11,21],[7,5]],[[0,0],[12,46]]]},
"G856": {"type": "Matrix2x2", "payoffs": [[[34,28],[0,0]],[[62,23],[79,44]]]},
"G857": {"type": "Matrix2x2", "payoffs": [[[3,15],[0,0]],[[30,36],[35,45]]]},
"G858": {"type": "Matrix2x2", "payoffs": [[[0,64],[10,2]],[[44,66],[34,0]]]},
"G859": {"type": "Matrix2x2", "payoffs": [[[18,9],[64,5]],[[0,0],[79,17]]]},
"G860": {"type": "Matrix2x2", "payoffs": [[[15,45],[0,0]],[[46,81],[25,73]]]},
"G861": {"type": "Matrix2x2", "payoffs": [[[89,13],[0,8]],[[38,7],[15,0]]]},
"G862": {"type": "Matrix2x2", "payoffs": [[[54,21],[86,36]],[[66,0],[0,26]]]},
"G863": {"type": "Matrix2x2", "payoffs": [[[0,12],[39,0]],[[62,21],[10,5]]]},
"G864": {"type": "Matrix2x2", "payoffs": [[[96,80],[23,0]],[[0,64],[100,85]]]},
"G865": {"type": "Matrix2x2", "payoffs": [[[0,52],[38,0]],[[4,33],[50,60]]]},
"G866": {"type": "Matrix2x2", "payoffs": [[[0,12],[33,13]],[[29,0],[27,9]]]},
"G867": {"type": "Matrix2x2", "payoffs": [[[7,3],[76,13]],[[0,6],[66,0]]]},
"G868": {"type": "Matrix2x2", "payoffs": [[[12,12],[0,36]],[[62,64],[58,0]]]},
"G869": {"type": "Matrix2x2", "payoffs": [[[1,46],[2,29]],[[3,84],[0,0]]]},
"G870": {"type": "Matrix2x2", "payoffs": [[[37,0],[0,4]],[[17,9],[38,28]]]},
"G871": {"type": "Matrix2x2", "payoffs": [[[85,23],[25,15]],[[0,0],[1,3]]]},
"G872": {"type": "Matrix2x2", "payoffs": [[[73,12],[0,10]],[[17,0],[97,15]]]},
"G873": {"type": "Matrix2x2", "payoffs": [[[57,23],[38,0]],[[53,13],[0,17]]]},
"G874": {"type": "Matrix2x2", "payoffs": [[[24,45],[11,0]],[[1,36],[0,20]]]},
"G875": {"type": "Matrix2x2", "payoffs": [[[50,21],[90,25]],[[27,13],[0,0]]]},
"G876": {"type": "Matrix2x2", "payoffs": [[[49,57],[48,0]],[[0,2],[83,100]]]},
"G877": {"type": "Matrix2x2", "payoffs": [[[53,90],[22,0]],[[1,66],[0,34]]]},
"G878": {"type": "Matrix2x2", "payoffs": [[[58,0],[17,13]],[[0,37],[77,65]]]},
"G879": {"type": "Matrix2x2", "payoffs": [[[30,68],[51,0]],[[55,74],[0,71]]]},
"G880": {"type": "Matrix2x2", "payoffs": [[[81,15],[17,12]],[[37,2],[0,0]]]},
"G881": {"type": "Matrix2x2", "payoffs": [[[0,42],[46,4]],[[94,54],[77,0]]]},
"G882": {"type": "Matrix2x2", "payoffs": [[[59,0],[72,69]],[[0,16],[46,1]]]},
"G883": {"type": "Matrix2x2", "payoffs": [[[34,76],[29,33]],[[6,5],[0,0]]]},
"G884": {"type": "Matrix2x2", "payoffs": [[[0,24],[71,15]],[[97,47],[57,0]]]},
"G885": {"type": "Matrix2x2", "payoffs": [[[50,70],[93,72]],[[0,15],[64,0]]]},
"G886": {"type": "Matrix2x2", "payoffs": [[[39,0],[0,6]],[[66,91],[56,32]]]},
"G887": {"type": "Matrix2x2", "payoffs": [[[33,9],[21,0]],[[52,34],[0,33]]]},
"G888": {"type": "Matrix2x2", "payoffs": [[[87,77],[39,0]],[[69,40],[0,6]]]},
"G889": {"type": "Matrix2x2", "payoffs": [[[98,3],[0,2]],[[72,1],[56,0]]]},
"G890": {"type": "Matrix2x2", "payoffs": [[[1,1],[5,9]],[[30,43],[0,0]]]},
"G891": {"type": "Matrix2x2", "payoffs": [[[32,37],[0,0]],[[27,3],[34,40]]]},
"G892": {"type": "Matrix2x2", "payoffs": [[[19,49],[22,0]],[[0,31],[78,61]]]},
"G893": {"type": "Matrix2x2", "payoffs": [[[56,52],[46,0]],[[45,37],[0,18]]]},
"G894": {"type": "Matrix2x2", "payoffs": [[[54,22],[50,0]],[[46,10],[0,16]]]},
"G895": {"type": "Matrix2x2", "payoffs": [[[5,0],[0,1]],[[24,100],[19,50]]]},
"G896": {"type": "Matrix2x2", "payoffs": [[[21,27],[3,15]],[[0,0],[22,49]]]},
"G897": {"type": "Matrix2x2", "payoffs": [[[72,70],[64,27]],[[53,0],[0,59]]]},
"G898": {"type": "Matrix2x2", "payoffs": [[[25,6],[80,23]],[[0,0],[8,13]]]},
"G899": {"type": "Matrix2x2", "payoffs": [[[9,1],[0,4]],[[2,0],[16,5]]]},
"G900": {"type": "Matrix2x2", "payoffs": [[[83,19],[34,0]],[[50,10],[0,18]]]},
"G901": {"type": "Matrix2x2", "payoffs": [[[0,7],[3,18]],[[23,0],[69,36]]]},
"G902": {"type": "Matrix2x2", "payoffs": [[[12,26],[6,14]],[[18,52],[0,0]]]},
"G903": {"type": "Matrix2x2", "payoffs": [[[4,74],[15,86]],[[0,52],[8,0]]]},
"G904": {"type": "Matrix2x2", "payoffs": [[[26,21],[23,0]],[[0,7],[14,17]]]},
"G905": {"type": "Matrix2x2", "payoffs": [[[24,25],[3,11]],[[0,0],[25,90]]]},
"G906": {"type": "Matrix2x2", "payoffs": [[[70,29],[0,22]],[[38,0],[88,43]]]},
"G907": {"type": "Matrix2x2", "payoffs": [[[38,0],[77,71]],[[15,6],[0,7]]]},
"G908": {"type": "Matrix2x2", "payoffs": [[[24,59],[17,0]],[[22,21],[0,25]]]},
"G909": {"type": "Matrix2x2", "payoffs": [[[92,42],[57,21]],[[0,25],[69,0]]]},
"G910": {"type": "Matrix2x2", "payoffs": [[[6,57],[30,0]],[[32,59],[0,50]]]},
"G911": {"type": "Matrix2x2", "payoffs": [[[22,34],[2,16]],[[11,0],[0,15]]]},
"G912": {"type": "Matrix2x2", "payoffs": [[[1,3],[11,13]],[[10,0],[0,1]]]},
"G913": {"type": "Matrix2x2", "payoffs": [[[42,21],[0,20]],[[74,99],[44,0]]]},
"G914": {"type": "Matrix2x2", "payoffs": [[[64,1],[63,18]],[[0,0],[66,21]]]},
"G915": {"type": "Matrix2x2", "payoffs": [[[13,13],[0,32]],[[18,0],[21,74]]]},
"G916": {"type": "Matrix2x2", "payoffs": [[[4,22],[0,0]],[[31,27],[16,13]]]},
"G917": {"type": "Matrix2x2", "payoffs": [[[0,45],[5,12]],[[45,0],[82,47]]]},
"G918": {"type": "Matrix2x2", "payoffs": [[[0,13],[87,39]],[[34,20],[81,0]]]},
"G919": {"type": "Matrix2x2", "payoffs": [[[24,57],[19,55]],[[17,34],[0,0]]]},
"G920": {"type": "Matrix2x2", "payoffs": [[[0,0],[25,2]],[[85,8],[61,4]]]},
"G921": {"type": "Matrix2x2", "payoffs": [[[0,0],[5,7]],[[4,9],[12,32]]]},
"G922": {"type": "Matrix2x2", "payoffs": [[[0,52],[70,97]],[[31,0],[2,9]]]},
"G923": {"type": "Matrix2x2", "payoffs": [[[0,19],[6,0]],[[9,54],[45,64]]]},
"G924": {"type": "Matrix2x2", "payoffs": [[[0,76],[60,18]],[[100,99],[98,0]]]},
"G925": {"type": "Matrix2x2", "payoffs": [[[5,0],[38,13]],[[0,39],[45,75]]]},
"G926": {"type": "Matrix2x2", "payoffs": [[[0,4],[2,2]],[[6,11],[3,0]]]},
"G927": {"type": "Matrix2x2", "payoffs": [[[1,5],[0,0]],[[9,26],[5,22]]]},
"G928": {"type": "Matrix2x2", "payoffs": [[[95,97],[53,26]],[[0,57],[17,0]]]},
"G929": {"type": "Matrix2x2", "payoffs": [[[0,40],[2,0]],[[3,43],[1,28]]]},
"G930": {"type": "Matrix2x2", "payoffs": [[[2,1],[0,37]],[[7,66],[5,0]]]},
"G931": {"type": "Matrix2x2", "payoffs": [[[18,28],[32,67]],[[0,0],[19,35]]]},
"G932": {"type": "Matrix2x2", "payoffs": [[[3,5],[0,11]],[[36,90],[30,0]]]},
"G933": {"type": "Matrix2x2", "payoffs": [[[0,0],[29,11]],[[46,44],[3,37]]]},
"G934": {"type": "Matrix2x2", "payoffs": [[[76,0],[6,41]],[[0,57],[85,87]]]},
"G935": {"type": "Matrix2x2", "payoffs": [[[0,37],[6,38]],[[4,24],[2,0]]]},
"G936": {"type": "Matrix2x2", "payoffs": [[[0,61],[28,44]],[[54,87],[21,0]]]},
"G937": {"type": "Matrix2x2", "payoffs": [[[41,97],[23,87]],[[34,56],[0,0]]]},
"G938": {"type": "Matrix2x2", "payoffs": [[[84,0],[60,6]],[[100,25],[0,2]]]},
"G939": {"type": "Matrix2x2", "payoffs": [[[12,24],[0,5]],[[33,27],[11,0]]]},
"G940": {"type": "Matrix2x2", "payoffs": [[[76,6],[34,4]],[[72,5],[0,0]]]},
"G941": {"type": "Matrix2x2", "payoffs": [[[73,63],[25,23]],[[0,0],[22,41]]]},
"G942": {"type": "Matrix2x2", "payoffs": [[[56,44],[58,45]],[[6,3],[0,0]]]},
"G943": {"type": "Matrix2x2", "payoffs": [[[75,0],[6,68]],[[80,71],[0,48]]]},
"G944": {"type": "Matrix2x2", "payoffs": [[[84,89],[0,62]],[[17,68],[26,0]]]},
"G945": {"type": "Matrix2x2", "payoffs": [[[74,44],[60,15]],[[69,27],[0,0]]]},
"G946": {"type": "Matrix2x2", "payoffs": [[[89,86],[84,0]],[[0,63],[42,17]]]},
"G947": {"type": "Matrix2x2", "payoffs": [[[41,98],[0,70]],[[21,0],[3,44]]]},
"G948": {"type": "Matrix2x2", "payoffs": [[[0,7],[50,97]],[[48,30],[42,0]]]},
"G949": {"type": "Matrix2x2", "payoffs": [[[0,0],[39,4]],[[8,1],[47,6]]]},
"G950": {"type": "Matrix2x2", "payoffs": [[[0,54],[38,0]],[[70,81],[35,32]]]},
"G951": {"type": "Matrix2x2", "payoffs": [[[21,31],[8,0]],[[0,2],[7,25]]]},
"G952": {"type": "Matrix2x2", "payoffs": [[[47,20],[0,51]],[[48,53],[17,0]]]},
"G953": {"type": "Matrix2x2", "payoffs": [[[0,3],[40,4]],[[28,0],[43,6]]]},
"G954": {"type": "Matrix2x2", "payoffs": [[[0,0],[70,97]],[[54,34],[22,18]]]},
"G955": {"type": "Matrix2x2", "payoffs": [[[3,23],[2,0]],[[0,10],[1,21]]]},
"G956": {"type": "Matrix2x2", "payoffs": [[[0,14],[9,28]],[[14,0],[17,38]]]},
"G957": {"type": "Matrix2x2", "payoffs": [[[3,50],[29,0]],[[0,44],[70,100]]]},
"G958": {"type": "Matrix2x2", "payoffs": [[[24,0],[41,19]],[[53,56],[0,21]]]},
"G959": {"type": "Matrix2x2", "payoffs": [[[78,0],[0,39]],[[87,40],[34,19]]]},
"G960": {"type": "Matrix2x2", "payoffs": [[[0,30],[42,15]],[[38,0],[70,38]]]},
"G961": {"type": "Matrix2x2", "payoffs": [[[3,2],[0,11]],[[6,0],[18,12]]]},
"G962": {"type": "Matrix2x2", "payoffs": [[[14,76],[0,0]],[[4,71],[10,13]]]},
"G963": {"type": "Matrix2x2", "payoffs": [[[26,0],[0,11]],[[13,37],[48,40]]]},
"G964": {"type": "Matrix2x2", "payoffs": [[[90,73],[0,22]],[[58,27],[43,0]]]},
"G965": {"type": "Matrix2x2", "payoffs": [[[47,15],[21,0]],[[0,30],[79,40]]]},
"G966": {"type": "Matrix2x2", "payoffs": [[[16,0],[12,75]],[[57,84],[0,32]]]},
"G967": {"type": "Matrix2x2", "payoffs": [[[1,50],[0,0]],[[4,53],[3,21]]]},
"G968": {"type": "Matrix2x2", "payoffs": [[[95,91],[32,0]],[[49,37],[0,23]]]},
"G969": {"type": "Matrix2x2", "payoffs": [[[49,18],[0,76]],[[53,0],[60,81]]]},
"G970": {"type": "Matrix2x2", "payoffs": [[[73,99],[0,95]],[[56,62],[28,0]]]},
"G971": {"type": "Matrix2x2", "payoffs": [[[0,7],[23,11]],[[27,0],[70,50]]]},
"G972": {"type": "Matrix2x2", "payoffs": [[[44,58],[33,14]],[[19,0],[0,56]]]},
"G973": {"type": "Matrix2x2", "payoffs": [[[94,5],[0,3]],[[61,4],[42,0]]]},
"G974": {"type": "Matrix2x2", "payoffs": [[[81,93],[49,33]],[[0,0],[60,41]]]},
"G975": {"type": "Matrix2x2", "payoffs": [[[0,12],[49,0]],[[83,89],[48,54]]]},
"G976": {"type": "Matrix2x2", "payoffs": [[[37,5],[0,0]],[[58,56],[23,41]]]},
"G977": {"type": "Matrix2x2", "payoffs": [[[92,75],[0,0]],[[13,12],[24,64]]]},
"G978": {"type": "Matrix2x2", "payoffs": [[[7,21],[20,67]],[[0,53],[10,0]]]},
"G979": {"type": "Matrix2x2", "payoffs": [[[75,56],[13,10]],[[72,0],[0,18]]]},
"G980": {"type": "Matrix2x2", "payoffs": [[[0,0],[22,75]],[[5,43],[51,96]]]},
"G981": {"type": "Matrix2x2", "payoffs": [[[46,69],[20,15]],[[0,0],[23,16]]]},
"G982": {"type": "Matrix2x2", "payoffs": [[[0,15],[1,0]],[[19,4],[43,27]]]},
"G983": {"type": "Matrix2x2", "payoffs": [[[0,24],[21,0]],[[98,89],[54,10]]]},
"G984": {"type": "Matrix2x2", "payoffs": [[[51,0],[0,38]],[[42,94],[100,96]]]},
"G985": {"type": "Matrix2x2", "payoffs": [[[10,8],[6,0]],[[0,5],[1,2]]]},
"G986": {"type": "Matrix2x2", "payoffs": [[[14,19],[60,25]],[[0,0],[17,4]]]},
"G987": {"type": "Matrix2x2", "payoffs": [[[5,0],[3,44]],[[22,83],[0,29]]]},
"G988": {"type": "Matrix2x2", "payoffs": [[[17,24],[39,83]],[[4,0],[0,82]]]},
"G989": {"type": "Matrix2x2", "payoffs": [[[7,23],[42,48]],[[22,0],[0,44]]]},
"G990": {"type": "Matrix2x2", "payoffs": [[[0,82],[29,99]],[[15,2],[21,0]]]},
"G991": {"type": "Matrix2x2", "payoffs": [[[42,40],[0,34]],[[35,0],[13,11]]]},
"G992": {"type": "Matrix2x2", "payoffs": [[[85,48],[99,58]],[[87,23],[0,0]]]},
"G993": {"type": "Matrix2x2", "payoffs": [[[75,6],[99,54]],[[0,29],[32,0]]]},
"G994": {"type": "Matrix2x2", "payoffs": [[[27,16],[32,0]],[[60,19],[0,13]]]},
"G995": {"type": "Matrix2x2", "payoffs": [[[16,5],[18,67]],[[0,0],[12,25]]]},
"G996": {"type": "Matrix2x2", "payoffs": [[[58,67],[37,55]],[[0,28],[29,0]]]},
"G997": {"type": "Matrix2x2", "payoffs": [[[22,53],[35,71]],[[0,0],[30,37]]]},
"G998": {"type": "Matrix2x2", "payoffs": [[[0,59],[3,0]],[[8,33],[25,65]]]},
"G999": {"type": "Matrix2x2", "payoffs": [[[47,10],[0,6]],[[40,5],[9,0]]]},
"G1000": {"type": "Matrix2x2", "payoffs": [[[0,0],[13,50]],[[5,21],[2,38]]]}
}