{
"numGames": 1000,
"G1": {"type": "Matrix2x2", "payoffs": [[[9,0],[0,34]],[[3,26],[36,41]]]},
"G2": {"type": "Matrix2x2", "payoffs": [[[1,33],[0,17]],[[64,54],[5,0]]]},
"G3": {"type": "Matrix2x2", "payoffs": [[[0,3],[36,37]],[[37,0],[53,47]]]},
"G4": {"type": "Matrix2x2", "payoffs": [[[24,52],[73,56]],[[0,44],[11,0]]]},
"G5": {"type": "Matrix2x2", "payoffs": [[[0,31],[32,0]],[[82,48],[35,41]]]},
"G6": {"type": "Matrix2x2", "payoffs": [[[3,77],[1,0]],[[0,43],[2,36]]]},
"G7": {"type": "Matrix2x2", "payoffs": [[[77,29],[0,0]],[[9,26],[6,18]]]},
"G8": {"type": "Matrix2x2", "payoffs": [[[53,43],[0,64]],[[59,75],[37,0]]]},
"G9": {"type": "Matrix2x2", "payoffs": [[[22,4],[54,3]],[[75,11],[0,0]]]},
"G10": {"type": "Matrix2x2", "payoffs": [[[12,0],[0,16]],[[53,30],[9,15]]]},
"G11": {"type": "Matrix2x2", "payoffs": [[[3,2],[4,0]],[[0,3],[6,5]]]},
"G12": {"type": "Matrix2x2", "payoffs": [[[27,0],[2,21]],[[28,42],[0,23]]]},
"G13": {"type": "Matrix2x2", "payoffs": [[[1,0],[34,17]],[[18,10],[0,14]]]},
"G14": {"type": "Matrix2x2", "payoffs": [[[10,0],[35,66]],[[30,60],[0,57]]]},
"G15": {"type": "Matrix2x2", "payoffs": [[[0,19],[43,21]],[[35,15],[38,0]]]},
"G16": {"type": "Matrix2x2", "payoffs": [[[0,3],[19,44]],[[14,39],[17,0]]]},
"G17": {"type": "Matrix2x2", "payoffs": [[[6,1],[0,83]],[[7,0],[11,96]]]},
"G18": {"type": "Matrix2x2", "payoffs": [[[21,4],[0,0]],[[25,2],[38,54]]]},
"G19": {"type": "Matrix2x2", "payoffs": [[[0,0],[21,90]],[[51,96],[40,93]]]},
"G20": {"type": "Matrix2x2", "payoffs": [[[0,60],[12,1]],[[28,0],[57,88]]]},
"G21": {"type": "Matrix2x2", "payoffs": [[[34,63],[31,55]],[[0,42],[1,0]]]},
"G22": {"type": "Matrix2x2", "payoffs": [[[0,0],[3,5]],[[6,58],[2,49]]]},
"G23": {"type": "Matrix2x2", "payoffs": [[[10,31],[40,21]],[[52,55],[0,0]]]},
"G24": {"type": "Matrix2x2", "payoffs": [[[0,1],[82,58]],[[59,0],[37,51]]]},
"G25": {"type": "Matrix2x2", "payoffs": [[[20,0],[0,29]],[[45,100],[42,12]]]},
"G26": {"type": "Matrix2x2", "payoffs": [[[0,12],[15,0]],[[92,57],[69,49]]]},
"G27": {"type": "Matrix2x2", "payoffs": [[[4,6],[0,0]],[[6,52],[12,67]]]},
"G28": {"type": "Matrix2x2", "payoffs": [[[74,70],[11,45]],[[1,52],[0,0]]]},
"G29": {"type": "Matrix2x2", "payoffs": [[[44,0],[0,9]],[[46,3],[81,79]]]},
"G30": {"type": "Matrix2x2", "payoffs": [[[83,0],[95,91]],[[0,30],[40,70]]]},
"G31": {"type": "Matrix2x2", "payoffs": [[[94,46],[0,18]],[[59,0],[25,22]]]},
"G32": {"type": "Matrix2x2", "payoffs": [[[43,91],[0,76]],[[28,0],[5,24]]]},
"G33": {"type": "Matrix2x2", "payoffs": [[[19,0],[16,33]],[[0,13],[39,92]]]},
"G34": {"type": "Matrix2x2", "payoffs": [[[38,0],[30,24]],[[0,19],[81,73]]]},
"G35": {"type": "Matrix2x2", "payoffs": [[[0,0],[11,40]],[[8,61],[23,88]]]},
"G36": {"type": "Matrix2x2", "payoffs": [[[0,16],[16,42]],[[52,47],[9,0]]]},
"G37": {"type": "Matrix2x2", "payoffs": [[[0,48],[19,0]],[[46,8],[80,67]]]},
"G38": {"type": "Matrix2x2", "payoffs": [[[0,8],[81,9]],[[9,0],[90,42]]]},
"G39": {"type": "Matrix2x2", "payoffs": [[[0,0],[30,18]],[[95,52],[44,38]]]},
"G40": {"type": "Matrix2x2", "payoffs": [[[49,12],[91,30]],[[27,0],[0,4]]]},
"G41": {"type": "Matrix2x2", "payoffs": [[[7,11],[0,2]],[[3,0],[1,9]]]},
"G42": {"type": "Matrix2x2", "payoffs": [[[32,3],[45,57]],[[0,39],[13,0]]]},
"G43": {"type": "Matrix2x2", "payoffs": [[[59,10],[0,0]],[[3,18],[62,20]]]},
"G44": {"type": "Matrix2x2", "payoffs": [[[2,62],[18,81]],[[16,36],[0,0]]]},
"G45": {"type": "Matrix2x2", "payoffs": [[[8,23],[0,13]],[[2,4],[3,0]]]},
"G46": {"type": "Matrix2x2", "payoffs": [[[12,30],[0,23]],[[11,13],[4,0]]]},
"G47": {"type": "Matrix2x2", "payoffs": [[[57,20],[19,2]],[[13,4],[0,0]]]},
"G48": {"type": "Matrix2x2", "payoffs": [[[57,26],[48,0]],[[0,60],[61,69]]]},
"G49": {"type": "Matrix2x2", "payoffs": [[[16,0],[58,41]],[[30,22],[0,7]]]},
"G50": {"type": "Matrix2x2", "payoffs": [[[49,10],[5,0]],[[0,9],[36,5]]]},
"G51": {"type": "Matrix2x2", "payoffs": [[[45,89],[16,86]],[[0,57],[20,0]]]},
"G52": {"type": "Matrix2x2", "payoffs": [[[0,3],[11,0]],[[22,27],[17,4]]]},
"G53": {"type": "Matrix2x2", "payoffs": [[[12,0],[23,45]],[[0,27],[13,11]]]},
"G54": {"type": "Matrix2x2", "payoffs": [[[0,8],[11,12]],[[3,2],[7,0]]]},
"G55": {"type": "Matrix2x2", "payoffs": [[[38,0],[72,3]],[[0,14],[93,36]]]},
"G56": {"type": "Matrix2x2", "payoffs": [[[0,0],[11,70]],[[3,30],[7,67]]]},
"G57": {"type": "Matrix2x2", "payoffs": [[[0,30],[1,69]],[[12,0],[58,70]]]},
"G58": {"type": "Matrix2x2", "payoffs": [[[6,0],[24,29]],[[84,86],[0,77]]]},
"G59": {"type": "Matrix2x2", "payoffs": [[[0,0],[29,48]],[[4,11],[26,42]]]},
"G60": {"type": "Matrix2x2", "payoffs": [[[0,2],[5,14]],[[1,13],[2,0]]]},
"G61": {"type": "Matrix2x2", "payoffs": [[[67,1],[14,0]],[[87,22],[0,3]]]},
"G62": {"type": "Matrix2x2", "payoffs": [[[4,66],[2,49]],[[1,19],[0,0]]]},
"G63": {"type": "Matrix2x2", "payoffs": [[[96,74],[59,24]],[[38,28],[0,0]]]},
"G64": {"type": "Matrix2x2", "payoffs": [[[4,66],[6,70]],[[0,0],[5,44]]]},
"G65": {"type": "Matrix2x2", "payoffs": [[[59,10],[33,50]],[[68,52],[0,0]]]},
"G66": {"type": "Matrix2x2", "payoffs": [[[1,0],[0,32]],[[2,29],[3,39]]]},
"G67": {"type": "Matrix2x2", "payoffs": [[[67,13],[61,0]],[[15,1],[0,6]]]},
"G68": {"type": "Matrix2x2", "payoffs": [[[0,9],[6,0]],[[48,26],[28,1]]]},
"G69": {"type": "Matrix2x2", "payoffs": [[[5,0],[7,52]],[[0,27],[4,38]]]},
"G70": {"type": "Matrix2x2", "payoffs": [[[60,82],[93,100]],[[68,0],[0,34]]]},
"G71": {"type": "Matrix2x2", "payoffs": [[[30,0],[34,8]],[[0,11],[48,13]]]},
"G72": {"type": "Matrix2x2", "payoffs": [[[0,41],[16,0]],[[17,56],[13,35]]]},
"G73": {"type": "Matrix2x2", "payoffs": [[[23,0],[75,61]],[[0,2],[2,22]]]},
"G74": {"type": "Matrix2x2", "payoffs": [[[0,48],[29,0]],[[83,62],[76,3]]]},
"G75": {"type": "Matrix2x2", "payoffs": [[[5,1],[0,14]],[[44,30],[3,0]]]},
"G76": {"type": "Matrix2x2", "payoffs": [[[0,49],[50,0]],[[66,35],[89,53]]]},
"G77": {"type": "Matrix2x2", "payoffs": [[[0,66],[88,100]],[[56,0],[52,90]]]},
"G78": {"type": "Matrix2x2", "payoffs": [[[0,35],[52,60]],[[24,0],[5,44]]]},
"G79": {"type": "Matrix2x2", "payoffs": [[[67,0],[0,25]],[[29,46],[93,53]]]},
"G80": {"type": "Matrix2x2", "payoffs": [[[0,20],[6,0]],[[14,7],[22,21]]]},
"G81": {"type": "Matrix2x2", "payoffs": [[[57,56],[37,0]],[[59,73],[0,13]]]},
"G82": {"type": "Matrix2x2", "payoffs": [[[0,22],[9,27]],[[22,47],[1,0]]]},
"G83": {"type": "Matrix2x2", "payoffs": [[[10,0],[8,4]],[[13,82],[0,61]]]},
"G84": {"type": "Matrix2x2", "payoffs": [[[68,18],[43,17]],[[0,0],[35,9]]]},
"G85": {"type": "Matrix2x2", "payoffs": [[[30,30],[18,16]],[[0,0],[22,15]]]},
"G86": {"type": "Matrix2x2", "payoffs": [[[10,1],[75,7]],[[83,12],[0,0]]]},
"G87": {"type": "Matrix2x2", "payoffs": [[[5,9],[38,63]],[[0,0],[11,27]]]},
"G88": {"type": "Matrix2x2", "payoffs": [[[0,0],[9,73]],[[8,70],[14,86]]]},
"G89": {"type": "Matrix2x2", "payoffs": [[[37,7],[5,0]],[[0,5],[45,20]]]},
"G90": {"type": "Matrix2x2", "payoffs": [[[0,0],[10,6]],[[24,58],[9,7]]]},
"G91": {"type": "Matrix2x2", "payoffs": [[[13,39],[0,0]],[[15,45],[18,70]]]},
"G92": {"type": "Matrix2x2", "payoffs": [[[0,5],[48,1]],[[22,0],[89,6]]]},
"G93": {"type": "Matrix2x2", "payoffs": [[[2,8],[1,10]],[[0,0],[3,16]]]},
"G94": {"type": "Matrix2x2", "payoffs": [[[2,17],[1,0]],[[0,5],[4,37]]]},
"G95": {"type": "Matrix2x2", "payoffs": [[[0,20],[5,47]],[[6,0],[7,51]]]},
"G96": {"type": "Matrix2x2", "payoffs": [[[9,9],[6,4]],[[2,2],[0,0]]]},
"G97": {"type": "Matrix2x2", "payoffs": [[[4,0],[14,53]],[[7,4],[0,6]]]},
"G98": {"type": "Matrix2x2", "payoffs": [[[12,1],[3,0]],[[0,3],[14,16]]]},
"G99": {"type": "Matrix2x2", "payoffs": [[[0,0],[3,36]],[[6,81],[4,52]]]},
"G100": {"type": "Matrix2x2", "payoffs": [[[85,42],[0,5]],[[49,28],[77,0]]]},
"G101": {"type": "Matrix2x2", "payoffs": [[[11,0],[19,29]],[[0,3],[14,10]]]},
"G102": {"type": "Matrix2x2", "payoffs": [[[0,9],[23,12]],[[18,0],[8,5]]]},
"G103": {"type": "Matrix2x2", "payoffs": [[[36,43],[13,16]],[[8,15],[0,0]]]},
"G104": {"type": "Matrix2x2", "payoffs": [[[46,15],[83,22]],[[0,0],[25,6]]]},
"G105": {"type": "Matrix2x2", "payoffs": [[[63,2],[15,0]],[[81,3],[0,1]]]},
"G106": {"type": "Matrix2x2", "payoffs": [[[87,0],[0,63]],[[97,91],[59,9]]]},
"G107": {"type": "Matrix2x2", "payoffs": [[[61,7],[64,41]],[[27,0],[0,33]]]},
"G108": {"type": "Matrix2x2", "payoffs": [[[36,9],[13,55]],[[57,56],[0,0]]]},
"G109": {"type": "Matrix2x2", "payoffs": [[[52,0],[0,25]],[[25,31],[65,36]]]},
"G110": {"type": "Matrix2x2", "payoffs": [[[83,41],[82,34]],[[49,25],[0,0]]]},
"G111": {"type": "Matrix2x2", "payoffs": [[[14,6],[7,0]],[[0,5],[15,25]]]},
"G112": {"type": "Matrix2x2", "payoffs": [[[3,12],[5,0]],[[0,4],[13,27]]]},
"G113": {"type": "Matrix2x2", "payoffs": [[[0,15],[50,27]],[[8,0],[6,16]]]},
"G114": {"type": "Matrix2x2", "payoffs": [[[0,17],[93,28]],[[10,10],[2,0]]]},
"G115": {"type": "Matrix2x2", "payoffs": [[[0,26],[4,0]],[[38,84],[3,75]]]},
"G116": {"type": "Matrix2x2", "payoffs": [[[19,0],[67,25]],[[0,15],[60,2]]]},
"G117": {"type": "Matrix2x2", "payoffs": [[[7,25],[3,14]],[[0,0],[9,100]]]},
"G118": {"type": "Matrix2x2", "payoffs": [[[15,0],[0,12]],[[3,17],[64,32]]]},
"G119": {"type": "Matrix2x2", "payoffs": [[[0,84],[72,94]],[[23,0],[43,61]]]},
"G120": {"type": "Matrix2x2", "payoffs": [[[0,2],[99,3]],[[81,0],[91,1]]]},
"G121": {"type": "Matrix2x2", "payoffs": [[[34,0],[88,40]],[[81,25],[0,27]]]},
"G122": {"type": "Matrix2x2", "payoffs": [[[52,25],[21,14]],[[0,0],[61,31]]]},
"G123": {"type": "Matrix2x2", "payoffs": [[[0,47],[35,77]],[[4,76],[19,0]]]},
"G124": {"type": "Matrix2x2", "payoffs": [[[20,59],[0,82]],[[39,96],[29,0]]]},
"G125": {"type": "Matrix2x2", "payoffs": [[[67,20],[60,19]],[[76,25],[0,0]]]},
"G126": {"type": "Matrix2x2", "payoffs": [[[0,2],[15,0]],[[38,3],[16,1]]]},
"G127": {"type": "Matrix2x2", "payoffs": [[[22,37],[23,57]],[[0,38],[11,0]]]},
"G128": {"type": "Matrix2x2", "payoffs": [[[31,0],[64,10]],[[0,13],[99,21]]]},
"G129": {"type": "Matrix2x2", "payoffs": [[[35,8],[26,2]],[[13,6],[0,0]]]},
"G130": {"type": "Matrix2x2", "payoffs": [[[17,62],[11,26]],[[0,0],[4,46]]]},
"G131": {"type": "Matrix2x2", "payoffs": [[[44,57],[0,0]],[[11,45],[36,3]]]},
"G132": {"type": "Matrix2x2", "payoffs": [[[12,0],[90,98]],[[0,76],[83,54]]]},
"G133": {"type": "Matrix2x2", "payoffs": [[[0,36],[25,0]],[[38,43],[14,34]]]},
"G134": {"type": "Matrix2x2", "payoffs": [[[0,0],[22,40]],[[2,22],[10,11]]]},
"G135": {"type": "Matrix2x2", "payoffs": [[[16,7],[56,0]],[[0,17],[79,39]]]},
"G136": {"type": "Matrix2x2", "payoffs": [[[51,22],[12,0]],[[39,9],[0,17]]]},
"G137": {"type": "Matrix2x2", "payoffs": [[[0,0],[1,24]],[[4,30],[3,18]]]},
"G138": {"type": "Matrix2x2", "payoffs": [[[0,0],[59,28]],[[42,1],[16,25]]]},
"G139": {"type": "Matrix2x2", "payoffs": [[[0,0],[25,33]],[[3,17],[7,15]]]},
"G140": {"type": "Matrix2x2", "payoffs": [[[74,88],[58,0]],[[17,39],[0,86]]]},
"G141": {"type": "Matrix2x2", "payoffs": [[[0,29],[1,8]],[[2,0],[3,60]]]},
"G142": {"type": "Matrix2x2", "payoffs": [[[95,1],[50,0]],[[98,4],[0,3]]]},
"G143": {"type": "Matrix2x2", "payoffs": [[[4,0],[1,26]],[[5,28],[0,10]]]},
"G144": {"type": "Matrix2x2", "payoffs": [[[24,0],[19,16]],[[0,12],[60,75]]]},
"G145": {"type": "Matrix2x2", "payoffs": [[[36,36],[17,11]],[[5,6],[0,0]]]},
"G146": {"type": "Matrix2x2", "payoffs": [[[3,9],[43,44]],[[41,0],[0,16]]]},
"G147": {"type": "Matrix2x2", "payoffs": [[[59,0],[71,19]],[[0,18],[86,36]]]},
"G148": {"type": "Matrix2x2", "payoffs": [[[13,72],[24,79]],[[10,23],[0,0]]]},
"G149": {"type": "Matrix2x2", "payoffs": [[[0,81],[78,95]],[[60,94],[6,0]]]},
"G150": {"type": "Matrix2x2", "payoffs": [[[59,16],[67,63]],[[29,48],[0,0]]]},
"G151": {"type": "Matrix2x2", "payoffs": [[[0,0],[59,63]],[[56,55],[12,44]]]},
"G152": {"type": "Matrix2x2", "payoffs": [[[0,47],[26,0]],[[19,16],[47,80]]]},
"G153": {"type": "Matrix2x2", "payoffs": [[[0,14],[89,21]],[[78,0],[26,10]]]},
"G154": {"type": "Matrix2x2", "payoffs": [[[4,51],[0,41]],[[81,88],[9,0]]]},
"G155": {"type": "Matrix2x2", "payoffs": [[[8,24],[5,0]],[[31,58],[0,2]]]},
"G156": {"type": "Matrix2x2", "payoffs": [[[6,0],[8,85]],[[0,72],[5,84]]]},
"G157": {"type": "Matrix2x2", "payoffs": [[[50,23],[18,0]],[[62,35],[0,25]]]},
"G158": {"type": "Matrix2x2", "payoffs": [[[51,30],[7,0]],[[0,25],[3,22]]]},
"G159": {"type": "Matrix2x2", "payoffs": [[[3,0],[0,18]],[[1,29],[5,40]]]},
"G160": {"type": "Matrix2x2", "payoffs": [[[0,6],[16,0]],[[19,7],[5,5]]]},
"G161": {"type": "Matrix2x2", "payoffs": [[[12,0],[96,75]],[[0,40],[55,12]]]},
"G162": {"type": "Matrix2x2", "payoffs": [[[15,51],[38,91]],[[29,0],[0,66]]]},
"G163": {"type": "Matrix2x2", "payoffs": [[[46,0],[30,6]],[[53,33],[0,1]]]},
"G164": {"type": "Matrix2x2", "payoffs": [[[11,5],[0,0]],[[42,47],[2,35]]]},
"G165": {"type": "Matrix2x2", "payoffs": [[[78,7],[28,4]],[[0,0],[54,1]]]},
"G166": {"type": "Matrix2x2", "payoffs": [[[26,13],[33,59]],[[0,0],[9,7]]]},
"G167": {"type": "Matrix2x2", "payoffs": [[[9,0],[57,69]],[[0,44],[5,1]]]},
"G168": {"type": "Matrix2x2", "payoffs": [[[88,51],[24,47]],[[91,54],[0,0]]]},
"G169": {"type": "Matrix2x2", "payoffs": [[[8,0],[13,87]],[[1,77],[0,68]]]},
"G170": {"type": "Matrix2x2", "payoffs": [[[9,0],[19,97]],[[0,25],[15,22]]]},
"G171": {"type": "Matrix2x2", "payoffs": [[[0,27],[51,89]],[[5,0],[31,7]]]},
"G172": {"type": "Matrix2x2", "payoffs": [[[27,0],[0,1]],[[1,3],[32,6]]]},
"G173": {"type": "Matrix2x2", "payoffs": [[[60,25],[0,19]],[[6,0],[18,12]]]},
"G174": {"type": "Matrix2x2", "payoffs": [[[20,26],[0,74]],[[12,0],[81,97]]]},
"G175": {"type": "Matrix2x2", "payoffs": [[[27,0],[42,73]],[[23,24],[0,64]]]},
"G176": {"type": "Matrix2x2", "payoffs": [[[23,59],[15,0]],[[0,6],[22,30]]]},
"G177": {"type": "Matrix2x2", "payoffs": [[[0,26],[6,0]],[[36,41],[19,22]]]},
"G178": {"type": "Matrix2x2", "payoffs": [[[63,37],[29,48]],[[0,0],[66,70]]]},
"G179": {"type": "Matrix2x2", "payoffs": [[[8,0],[6,2]],[[0,83],[41,87]]]},
"G180": {"type": "Matrix2x2", "payoffs": [[[0,12],[4,0]],[[95,14],[13,13]]]},
"G181": {"type": "Matrix2x2", "payoffs": [[[0,73],[4,23]],[[6,0],[30,82]]]},
"G182": {"type": "Matrix2x2", "payoffs": [[[0,17],[3,13]],[[57,0],[82,54]]]},
"G183": {"type": "Matrix2x2", "payoffs": [[[81,64],[24,38]],[[0,29],[29,0]]]},
"G184": {"type": "Matrix2x2", "payoffs": [[[0,9],[14,15]],[[5,0],[15,53]]]},
"G185": {"type": "Matrix2x2", "payoffs": [[[0,0],[76,88]],[[43,67],[2,38]]]},
"G186": {"type": "Matrix2x2", "payoffs": [[[79,0],[80,11]],[[0,2],[7,8]]]},
"G187": {"type": "Matrix2x2", "payoffs": [[[23,15],[0,9]],[[11,2],[3,0]]]},
"G188": {"type": "Matrix2x2", "payoffs": [[[8,28],[60,0]],[[84,40],[0,38]]]},
"G189": {"type": "Matrix2x2", "payoffs": [[[0,31],[14,0]],[[85,59],[33,24]]]},
"G190": {"type": "Matrix2x2", "payoffs": [[[4,31],[11,82]],[[0,29],[10,0]]]},
"G191": {"type": "Matrix2x2", "payoffs": [[[79,36],[0,0]],[[37,21],[57,9]]]},
"G192": {"type": "Matrix2x2", "payoffs": [[[43,9],[0,0]],[[25,13],[100,15]]]},
"G193": {"type": "Matrix2x2", "payoffs": [[[34,27],[37,0]],[[0,22],[46,42]]]},
"G194": {"type": "Matrix2x2", "payoffs": [[[0,10],[56,1]],[[94,46],[79,0]]]},
"G195": {"type": "Matrix2x2", "payoffs": [[[5,91],[4,78]],[[3,0],[0,88]]]},
"G196": {"type": "Matrix2x2", "payoffs": [[[45,75],[9,67]],[[43,51],[0,0]]]},
"G197": {"type": "Matrix2x2", "payoffs": [[[62,35],[61,9]],[[2,3],[0,0]]]},
"G198": {"type": "Matrix2x2", "payoffs": [[[0,20],[42,37]],[[33,18],[8,0]]]},
"G199": {"type": "Matrix2x2", "payoffs": [[[11,4],[1,1]],[[0,2],[2,0]]]},
"G200": {"type": "Matrix2x2", "payoffs": [[[68,65],[0,0]],[[30,10],[82,72]]]},
"G201": {"type": "Matrix2x2", "payoffs": [[[0,30],[20,0]],[[27,11],[53,46]]]},
"G202": {"type": "Matrix2x2", "payoffs": [[[22,8],[20,0]],[[51,62],[0,15]]]},
"G203": {"type": "Matrix2x2", "payoffs": [[[83,74],[41,19]],[[0,29],[8,0]]]},
"G204": {"type": "Matrix2x2", "payoffs": [[[32,2],[46,27]],[[0,11],[33,0]]]},
"G205": {"type": "Matrix2x2", "payoffs": [[[94,33],[37,0]],[[0,1],[89,7]]]},
"G206": {"type": "Matrix2x2", "payoffs": [[[0,0],[70,72]],[[60,55],[40,37]]]},
"G207": {"type": "Matrix2x2", "payoffs": [[[0,22],[47,24]],[[19,5],[37,0]]]},
"G208": {"type": "Matrix2x2", "payoffs": [[[6,31],[0,0]],[[10,11],[26,54]]]},
"G209": {"type": "Matrix2x2", "payoffs": [[[0,7],[21,0]],[[12,1],[74,85]]]},
"G210": {"type": "Matrix2x2", "payoffs": [[[0,6],[14,0]],[[16,2],[42,15]]]},
"G211": {"type": "Matrix2x2", "payoffs": [[[29,0],[22,24]],[[0,37],[39,77]]]},
"G212": {"type": "Matrix2x2", "payoffs": [[[7,24],[4,0]],[[0,22],[5,4]]]},
"G213": {"type": "Matrix2x2", "payoffs": [[[40,17],[74,36]],[[0,11],[13,0]]]},
"G214": {"type": "Matrix2x2", "payoffs": [[[22,33],[20,31]],[[3,0],[0,2]]]},
"G215": {"type": "Matrix2x2", "payoffs": [[[96,75],[9,35]],[[0,47],[50,0]]]},
"G216": {"type": "Matrix2x2", "payoffs": [[[0,53],[40,78]],[[13,0],[14,36]]]},
"G217": {"type": "Matrix2x2", "payoffs": [[[6,0],[0,73]],[[8,52],[22,78]]]},
"G218": {"type": "Matrix2x2", "payoffs": [[[0,82],[48,0]],[[14,8],[88,97]]]},
"G219": {"type": "Matrix2x2", "payoffs": [[[39,4],[0,1]],[[5,0],[77,5]]]},
"G220": {"type": "Matrix2x2", "payoffs": [[[48,13],[49,40]],[[36,0],[0,25]]]},
"G221": {"type": "Matrix2x2", "payoffs": [[[56,48],[31,18]],[[0,0],[47,23]]]},
"G222": {"type": "Matrix2x2", "payoffs": [[[17,24],[6,40]],[[19,63],[0,0]]]},
"G223": {"type": "Matrix2x2", "payoffs": [[[41,37],[0,12]],[[19,21],[10,0]]]},
"G224": {"type": "Matrix2x2", "payoffs": [[[72,11],[68,1]],[[0,4],[28,0]]]},
"G225": {"type": "Matrix2x2", "payoffs": [[[12,2],[0,16]],[[49,0],[55,19]]]},
"G226": {"type": "Matrix2x2", "payoffs": [[[5,54],[28,66]],[[0,0],[25,10]]]},
"G227": {"type": "Matrix2x2", "payoffs": [[[0,1],[23,0]],[[66,2],[86,31]]]},
"G228": {"type": "Matrix2x2", "payoffs": [[[0,0],[71,22]],[[51,20],[86,47]]]},
"G229": {"type": "Matrix2x2", "payoffs": [[[28,0],[6,22]],[[31,75],[0,43]]]},
"G230": {"type": "Matrix2x2", "payoffs": [[[4,0],[0,68]],[[13,27],[30,95]]]},
"G231": {"type": "Matrix2x2", "payoffs": [[[75,88],[67,13]],[[0,0],[55,26]]]},
"G232": {"type": "Matrix2x2", "payoffs": [[[0,0],[10,93]],[[9,88],[8,63]]]},
"G233": {"type": "Matrix2x2", "payoffs": [[[31,1],[0,68]],[[84,73],[69,0]]]},
"G234": {"type": "Matrix2x2", "payoffs": [[[0,22],[6,47]],[[3,40],[1,0]]]},
"G235": {"type": "Matrix2x2", "payoffs": [[[0,72],[12,16]],[[29,85],[17,0]]]},
"G236": {"type": "Matrix2x2", "payoffs": [[[10,62],[0,48]],[[5,0],[9,1]]]},
"G237": {"type": "Matrix2x2", "payoffs": [[[75,0],[98,74]],[[51,40],[0,53]]]},
"G238": {"type": "Matrix2x2", "payoffs": [[[67,15],[16,5]],[[56,0],[0,1]]]},
"G239": {"type": "Matrix2x2", "payoffs": [[[0,0],[13,66]],[[7,63],[2,52]]]},
"G240": {"type": "Matrix2x2", "payoffs": [[[32,0],[91,57]],[[0,49],[73,54]]]},
"G241": {"type": "Matrix2x2", "payoffs": [[[13,19],[28,26]],[[0,6],[8,0]]]},
"G242": {"type": "Matrix2x2", "payoffs": [[[11,98],[8,54]],[[0,0],[7,34]]]},
"G243": {"type": "Matrix2x2", "payoffs": [[[57,35],[35,23]],[[28,0],[0,15]]]},
"G244": {"type": "Matrix2x2", "payoffs": [[[57,0],[74,78]],[[18,13],[0,58]]]},
"G245": {"type": "Matrix2x2", "payoffs": [[[0,54],[61,96]],[[28,0],[54,45]]]},
"G246": {"type": "Matrix2x2", "payoffs": [[[33,7],[55,12]],[[0,3],[22,0]]]},
"G247": {"type": "Matrix2x2", "payoffs": [[[1,11],[28,15]],[[25,3],[0,0]]]},
"G248": {"type": "Matrix2x2", "payoffs": [[[86,0],[91,21]],[[31,11],[0,9]]]},
"G249": {"type": "Matrix2x2", "payoffs": [[[30,0],[41,23]],[[0,37],[99,100]]]},
"G250": {"type": "Matrix2x2", "payoffs": [[[0,33],[64,55]],[[55,0],[52,21]]]},
"G251": {"type": "Matrix2x2", "payoffs": [[[21,0],[54,15]],[[64,18],[0,6]]]},
"G252": {"type": "Matrix2x2", "payoffs": [[[0,0],[72,32]],[[73,45],[60,39]]]},
"G253": {"type": "Matrix2x2", "payoffs": [[[50,7],[27,0]],[[30,5],[0,6]]]},
"G254": {"type": "Matrix2x2", "payoffs": [[[23,27],[1,17]],[[56,32],[0,0]]]},
"G255": {"type": "Matrix2x2", "payoffs": [[[0,2],[27,7]],[[21,0],[9,1]]]},
"G256": {"type": "Matrix2x2", "payoffs": [[[0,17],[8,24]],[[70,0],[76,27]]]},
"G257": {"type": "Matrix2x2", "payoffs": [[[43,59],[0,0]],[[35,55],[39,40]]]},
"G258": {"type": "Matrix2x2", "payoffs": [[[0,33],[13,0]],[[33,11],[94,37]]]},
"G259": {"type": "Matrix2x2", "payoffs": [[[27,0],[18,66]],[[37,92],[0,18]]]},
"G260": {"type": "Matrix2x2", "payoffs": [[[68,99],[0,63]],[[17,84],[40,0]]]},
"G261": {"type": "Matrix2x2", "payoffs": [[[19,23],[7,0]],[[0,21],[8,8]]]},
"G262": {"type": "Matrix2x2", "payoffs": [[[7,31],[0,0]],[[1,10],[8,32]]]},
"G263": {"type": "Matrix2x2", "payoffs": [[[0,67],[77,0]],[[82,97],[29,48]]]},
"G264": {"type": "Matrix2x2", "payoffs": [[[24,38],[29,77]],[[0,65],[2,0]]]},
"G265": {"type": "Matrix2x2", "payoffs": [[[0,76],[86,98]],[[69,86],[45,0]]]},
"G266": {"type": "Matrix2x2", "payoffs": [[[0,50],[2,0]],[[11,67],[15,73]]]},
"G267": {"type": "Matrix2x2", "payoffs": [[[6,5],[11,3]],[[24,7],[0,0]]]},
"G268": {"type": "Matrix2x2", "payoffs": [[[19,35],[12,15]],[[51,55],[0,0]]]},
"G269": {"type": "Matrix2x2", "payoffs": [[[14,8],[0,0]],[[17,11],[15,4]]]},
"G270": {"type": "Matrix2x2", "payoffs": [[[86,34],[59,14]],[[76,0],[0,16]]]},
"G271": {"type": "Matrix2x2", "payoffs": [[[0,30],[86,50]],[[60,0],[34,41]]]},
"G272": {"type": "Matrix2x2", "payoffs": [[[39,0],[71,19]],[[0,14],[19,7]]]},
"G273": {"type": "Matrix2x2", "payoffs": [[[0,0],[58,61]],[[21,2],[47,20]]]},
"G274": {"type": "Matrix2x2", "payoffs": [[[15,5],[74,16]],[[0,6],[55,0]]]},
"G275": {"type": "Matrix2x2", "payoffs": [[[2,9],[6,40]],[[0,0],[5,35]]]},
"G276": {"type": "Matrix2x2", "payoffs": [[[52,9],[67,0]],[[74,34],[0,15]]]},
"G277": {"type": "Matrix2x2", "payoffs": [[[0,10],[6,0]],[[9,18],[8,1]]]},
"G278": {"type": "Matrix2x2", "payoffs": [[[0,21],[33,43]],[[15,42],[20,0]]]},
"G279": {"type": "Matrix2x2", "payoffs": [[[26,0],[60,23]],[[0,1],[32,13]]]},
"G280": {"type": "Matrix2x2", "payoffs": [[[29,65],[13,37]],[[1,35],[0,0]]]},
"G281": {"type": "Matrix2x2", "payoffs": [[[58,90],[57,0]],[[51,51],[0,72]]]},
"G282": {"type": "Matrix2x2", "payoffs": [[[9,0],[0,11]],[[58,74],[59,93]]]},
"G283": {"type": "Matrix2x2", "payoffs": [[[4,46],[3,30]],[[0,0],[5,63]]]},
"G284": {"type": "Matrix2x2", "payoffs": [[[38,77],[76,87]],[[71,0],[0,6]]]},
"G285": {"type": "Matrix2x2", "payoffs": [[[79,93],[52,10]],[[0,0],[3,50]]]},
"G286": {"type": "Matrix2x2", "payoffs": [[[26,0],[0,46]],[[48,85],[2,25]]]},
"G287": {"type": "Matrix2x2", "payoffs": [[[53,47],[17,30]],[[1,0],[0,22]]]},
"G288": {"type": "Matrix2x2", "payoffs": [[[5,19],[38,2]],[[44,21],[0,0]]]},
"G289": {"type": "Matrix2x2", "payoffs": [[[18,1],[24,2]],[[28,3],[0,0]]]},
"G290": {"type": "Matrix2x2", "payoffs": [[[37,4],[0,3]],[[85,8],[78,0]]]},
"G291": {"type": "Matrix2x2", "payoffs": [[[0,0],[52,42]],[[92,48],[38,6]]]},
"G292": {"type": "Matrix2x2", "payoffs": [[[77,15],[84,42]],[[46,11],[0,0]]]},
"G293": {"type": "Matrix2x2", "payoffs": [[[59,0],[77,68]],[[0,21],[26,15]]]},
"G294": {"type": "Matrix2x2", "payoffs": [[[18,1],[37,72]],[[1,62],[0,0]]]},
"G295": {"type": "Matrix2x2", "payoffs": [[[14,0],[38,9]],[[13,5],[0,2]]]},
"G296": {"type": "Matrix2x2", "payoffs": [[[0,33],[23,0]],[[29,75],[28,19]]]},
"G297": {"type": "Matrix2x2", "payoffs": [[[0,64],[14,77]],[[6,0],[13,23]]]},
"G298": {"type": "Matrix2x2", "payoffs": [[[12,4],[39,5]],[[25,0],[0,1]]]},
"G299": {"type": "Matrix2x2", "payoffs": [[[23,5],[11,9]],[[0,0],[65,16]]]},
"G300": {"type": "Matrix2x2", "payoffs": [[[78,55],[23,11]],[[56,43],[0,0]]]},
"G301": {"type": "Matrix2x2", "payoffs": [[[59,69],[4,1]],[[0,41],[58,0]]]},
"G302": {"type": "Matrix2x2", "payoffs": [[[29,53],[83,73]],[[53,0],[0,30]]]},
"G303": {"type": "Matrix2x2", "payoffs": [[[0,23],[29,0]],[[41,12],[61,37]]]},
"G304": {"type": "Matrix2x2", "payoffs": [[[76,11],[0,9]],[[27,2],[52,0]]]},
"G305": {"type": "Matrix2x2", "payoffs": [[[26,40],[0,88]],[[49,0],[75,99]]]},
"G306": {"type": "Matrix2x2", "payoffs": [[[3,6],[5,43]],[[2,0],[0,25]]]},
"G307": {"type": "Matrix2x2", "payoffs": [[[12,0],[0,36]],[[39,55],[11,30]]]},
"G308": {"type": "Matrix2x2", "payoffs": [[[21,59],[40,44]],[[0,0],[61,76]]]},
"G309": {"type": "Matrix2x2", "payoffs": [[[0,17],[15,25]],[[7,23],[1,0]]]},
"G310": {"type": "Matrix2x2", "payoffs": [[[89,18],[28,0]],[[0,47],[98,92]]]},
"G311": {"type": "Matrix2x2", "payoffs": [[[0,0],[68,54]],[[50,1],[41,52]]]},
"G312": {"type": "Matrix2x2", "payoffs": [[[57,6],[87,57]],[[75,16],[0,0]]]},
"G313": {"type": "Matrix2x2", "payoffs": [[[43,33],[63,49]],[[0,15],[5,0]]]},
"G314": {"type": "Matrix2x2", "payoffs": [[[46,1],[0,0]],[[34,6],[53,9]]]},
"G315": {"type": "Matrix2x2", "payoffs": [[[0,0],[37,48]],[[73,98],[49,18]]]},
"G316": {"type": "Matrix2x2", "payoffs": [[[0,3],[60,20]],[[27,0],[86,75]]]},
"G317": {"type": "Matrix2x2", "payoffs": [[[0,70],[43,0]],[[93,88],[62,74]]]},
"G318": {"type": "Matrix2x2", "payoffs": [[[0,0],[74,69]],[[52,50],[25,39]]]},
"G319": {"type": "Matrix2x2", "payoffs": [[[46,47],[28,34]],[[0,0],[43,39]]]},
"G320": {"type": "Matrix2x2", "payoffs": [[[7,84],[1,32]],[[0,56],[4,0]]]},
"G321": {"type": "Matrix2x2", "payoffs": [[[64,22],[13,0]],[[0,6],[10,17]]]},
"G322": {"type": "Matrix2x2", "payoffs": [[[0,0],[73,48]],[[84,77],[71,65]]]},
"G323": {"type": "Matrix2x2", "payoffs": [[[47,7],[84,9]],[[25,6],[0,0]]]},
"G324": {"type": "Matrix2x2", "payoffs": [[[7,7],[0,2]],[[13,8],[4,0]]]},
"G325": {"type": "Matrix2x2", "payoffs": [[[59,27],[34,16]],[[40,12],[0,0]]]},
"G326": {"type": "Matrix2x2", "payoffs": [[[0,14],[19,0]],[[75,54],[69,31]]]},
"G327": {"type": "Matrix2x2", "payoffs": [[[69,61],[71,80]],[[0,11],[34,0]]]},
"G328": {"type": "Matrix2x2", "payoffs": [[[13,55],[90,91]],[[0,0],[2,22]]]},
"G329": {"type": "Matrix2x2", "payoffs": [[[35,55],[46,0]],[[52,75],[0,73]]]},
"G330": {"type": "Matrix2x2", "payoffs": [[[33,3],[69,93]],[[0,0],[74,94]]]},
"G331": {"type": "Matrix2x2", "payoffs": [[[13,70],[9,14]],[[0,0],[12,41]]]},
"G332": {"type": "Matrix2x2", "payoffs": [[[4,54],[31,77]],[[19,57],[0,0]]]},
"G333": {"type": "Matrix2x2", "payoffs": [[[84,40],[58,25]],[[0,27],[57,0]]]},
"G334": {"type": "Matrix2x2", "payoffs": [[[0,24],[4,3]],[[18,32],[15,0]]]},
"G335": {"type": "Matrix2x2", "payoffs": [[[1,0],[46,20]],[[22,15],[0,9]]]},
"G336": {"type": "Matrix2x2", "payoffs": [[[13,4],[0,0]],[[25,42],[18,9]]]},
"G337": {"type": "Matrix2x2", "payoffs": [[[40,15],[0,11]],[[50,0],[96,26]]]},
"G338": {"type": "Matrix2x2", "payoffs": [[[27,36],[33,43]],[[0,0],[7,16]]]},
"G339": {"type": "Matrix2x2", "payoffs": [[[3,77],[0,69]],[[2,15],[1,0]]]},
"G340": {"type": "Matrix2x2", "payoffs": [[[68,38],[0,13]],[[80,39],[54,0]]]},
"G341": {"type": "Matrix2x2", "payoffs": [[[6,53],[27,60]],[[13,11],[0,0]]]},
"G342": {"type": "Matrix2x2", "payoffs": [[[72,73],[6,0]],[[33,20],[0,35]]]},
"G343": {"type": "Matrix2x2", "payoffs": [[[0,74],[52,0]],[[68,94],[19,9]]]},
"G344": {"type": "Matrix2x2", "payoffs": [[[55,5],[0,3]],[[74,20],[64,0]]]},
"G345": {"type": "Matrix2x2", "payoffs": [[[0,12],[21,28]],[[42,59],[27,0]]]},
"G346": {"type": "Matrix2x2", "payoffs": [[[7,0],[0,2]],[[35,7],[38,15]]]},
"G347": {"type": "Matrix2x2", "payoffs": [[[44,97],[0,56]],[[16,2],[5,0]]]},
"G348": {"type": "Matrix2x2", "payoffs": [[[10,2],[91,6]],[[0,5],[89,0]]]},
"G349": {"type": "Matrix2x2", "payoffs": [[[0,0],[7,23]],[[4,1],[2,17]]]},
"G350": {"type": "Matrix2x2", "payoffs": [[[0,0],[42,80]],[[24,56],[36,11]]]},
"G351": {"type": "Matrix2x2", "payoffs": [[[37,6],[46,53]],[[34,0],[0,36]]]},
"G352": {"type": "Matrix2x2", "payoffs": [[[46,0],[0,53]],[[59,79],[30,8]]]},
"G353": {"type": "Matrix2x2", "payoffs": [[[62,36],[98,78]],[[0,39],[88,0]]]},
"G354": {"type": "Matrix2x2", "payoffs": [[[0,24],[88,0]],[[93,72],[61,59]]]},
"G355": {"type": "Matrix2x2", "payoffs": [[[0,4],[84,67]],[[35,0],[48,8]]]},
"G356": {"type": "Matrix2x2", "payoffs": [[[4,88],[1,69]],[[0,0],[6,96]]]},
"G357": {"type": "Matrix2x2", "payoffs": [[[32,0],[35,7]],[[0,1],[42,47]]]},
"G358": {"type": "Matrix2x2", "payoffs": [[[21,88],[3,0]],[[0,43],[17,65]]]},
"G359": {"type": "Matrix2x2", "payoffs": [[[5,51],[51,98]],[[13,9],[0,0]]]},
"G360": {"type": "Matrix2x2", "payoffs": [[[0,0],[16,75]],[[26,35],[44,85]]]},
"G361": {"type": "Matrix2x2", "payoffs": [[[60,75],[0,0]],[[6,46],[83,88]]]},
"G362": {"type": "Matrix2x2", "payoffs": [[[23,32],[4,72]],[[30,79],[0,0]]]},
"G363": {"type": "Matrix2x2", "payoffs": [[[76,91],[0,0]],[[25,87],[62,64]]]},
"G364": {"type": "Matrix2x2", "payoffs": [[[50,76],[0,38]],[[5,42],[38,0]]]},
"G365": {"type": "Matrix2x2", "payoffs": [[[14,16],[3,1]],[[0,0],[16,21]]]},
"G366": {"type": "Matrix2x2", "payoffs": [[[0,7],[42,0]],[[46,12],[76,30]]]},
"G367": {"type": "Matrix2x2", "payoffs": [[[16,8],[81,15]],[[0,0],[8,7]]]},
"G368": {"type": "Matrix2x2", "payoffs": [[[3,4],[79,18]],[[0,9],[6,0]]]},
"G369": {"type": "Matrix2x2", "payoffs": [[[11,28],[43,37]],[[0,0],[5,5]]]},
"G370": {"type": "Matrix2x2", "payoffs": [[[0,10],[29,0]],[[35,70],[30,64]]]},
"G371": {"type": "Matrix2x2", "payoffs": [[[5,87],[0,88]],[[3,0],[30,92]]]},
"G372": {"type": "Matrix2x2", "payoffs": [[[0,76],[46,37]],[[76,86],[24,0]]]},
"G373": {"type": "Matrix2x2", "payoffs": [[[0,8],[45,19]],[[39,0],[23,15]]]},
"G374": {"type": "Matrix2x2", "payoffs": [[[0,65],[23,12]],[[2,0],[26,82]]]},
"G375": {"type": "Matrix2x2", "payoffs": [[[8,30],[61,35]],[[91,50],[0,0]]]},
"G376": {"type": "Matrix2x2", "payoffs": [[[68,0],[60,29]],[[0,12],[84,32]]]},
"G377": {"type": "Matrix2x2", "payoffs": [[[0,0],[95,61]],[[60,29],[98,80]]]},
"G378": {"type": "Matrix2x2", "payoffs": [[[0,37],[80,46]],[[38,11],[11,0]]]},
"G379": {"type": "Matrix2x2", "payoffs": [[[41,12],[0,0]],[[72,64],[35,29]]]},
"G380": {"type": "Matrix2x2", "payoffs": [[[60,0],[70,10]],[[0,24],[81,32]]]},
"G381": {"type": "Matrix2x2", "payoffs": [[[0,0],[47,23]],[[39,5],[30,13]]]},
"G382": {"type": "Matrix2x2", "payoffs": [[[0,13],[82,17]],[[45,0],[61,4]]]},
"G383": {"type": "Matrix2x2", "payoffs": [[[22,0],[9,19]],[[0,9],[37,87]]]},
"G384": {"type": "Matrix2x2", "payoffs": [[[41,85],[0,0]],[[40,20],[34,73]]]},
"G385": {"type": "Matrix2x2", "payoffs": [[[0,0],[17,55]],[[50,77],[36,46]]]},
"G386": {"type": "Matrix2x2", "payoffs": [[[6,17],[25,31]],[[26,91],[0,0]]]},
"G387": {"type": "Matrix2x2", "payoffs": [[[1,33],[32,64]],[[11,55],[0,0]]]},
"G388": {"type": "Matrix2x2", "payoffs": [[[45,51],[12,35]],[[17,0],[0,33]]]},
"G389": {"type": "Matrix2x2", "payoffs": [[[44,42],[6,0]],[[2,16],[0,25]]]},
"G390": {"type": "Matrix2x2", "payoffs": [[[0,0],[12,57]],[[14,26],[19,62]]]},
"G391": {"type": "Matrix2x2", "payoffs": [[[18,4],[3,10]],[[0,0],[46,15]]]},
"G392": {"type": "Matrix2x2", "payoffs": [[[67,100],[61,33]],[[0,0],[45,97]]]},
"G393": {"type": "Matrix2x2", "payoffs": [[[23,29],[33,47]],[[0,43],[13,0]]]},
"G394": {"type": "Matrix2x2", "payoffs": [[[20,4],[60,40]],[[0,9],[10,0]]]},
"G395": {"type": "Matrix2x2", "payoffs": [[[1,38],[49,29]],[[0,0],[51,72]]]},
"G396": {"type": "Matrix2x2", "payoffs": [[[0,27],[46,0]],[[22,11],[51,44]]]},
"G397": {"type": "Matrix2x2", "payoffs": [[[0,0],[74,32]],[[14,30],[39,8]]]},
"G398": {"type": "Matrix2x2", "payoffs": [[[0,16],[51,81]],[[44,62],[42,0]]]},
"G399": {"type": "Matrix2x2", "payoffs": [[[3,36],[0,2]],[[19,44],[7,0]]]},
"G400": {"type": "Matrix2x2", "payoffs": [[[58,26],[43,5]],[[0,13],[47,0]]]},
"G401": {"type": "Matrix2x2", "payoffs": [[[6,4],[93,82]],[[65,0],[0,46]]]},
"G402": {"type": "Matrix2x2", "payoffs": [[[10,1],[21,76]],[[0,64],[12,0]]]},
"G403": {"type": "Matrix2x2", "payoffs": [[[99,86],[14,0]],[[0,44],[98,50]]]},
"G404": {"type": "Matrix2x2", "payoffs": [[[1,45],[0,0]],[[54,75],[35,31]]]},
"G405": {"type": "Matrix2x2", "payoffs": [[[5,23],[20,36]],[[0,0],[4,18]]]},
"G406": {"type": "Matrix2x2", "payoffs": [[[83,51],[0,0]],[[61,35],[26,24]]]},
"G407": {"type": "Matrix2x2", "payoffs": [[[16,6],[47,8]],[[0,4],[19,0]]]},
"G408": {"type": "Matrix2x2", "payoffs": [[[49,46],[5,0]],[[19,33],[0,13]]]},
"G409": {"type": "Matrix2x2", "payoffs": [[[29,6],[6,2]],[[16,1],[0,0]]]},
"G410": {"type": "Matrix2x2", "payoffs": [[[83,19],[20,0]],[[0,13],[65,18]]]},
"G411": {"type": "Matrix2x2", "payoffs": [[[41,0],[99,66]],[[0,30],[96,49]]]},
"G412": {"type": "Matrix2x2", "payoffs": [[[0,15],[53,0]],[[36,33],[63,40]]]},
"G413": {"type": "Matrix2x2", "payoffs": [[[11,0],[6,35]],[[46,41],[0,37]]]},
"G414": {"type": "Matrix2x2", "payoffs": [[[20,30],[24,34]],[[14,15],[0,0]]]},
"G415": {"type": "Matrix2x2", "payoffs": [[[8,30],[13,19]],[[0,0],[22,39]]]},
"G416": {"type": "Matrix2x2", "payoffs": [[[1,52],[0,0]],[[11,67],[19,77]]]},
"G417": {"type": "Matrix2x2", "payoffs": [[[46,96],[37,50]],[[0,33],[2,0]]]},
"G418": {"type": "Matrix2x2", "payoffs": [[[0,39],[59,65]],[[33,57],[57,0]]]},
"G419": {"type": "Matrix2x2", "payoffs": [[[99,58],[47,44]],[[0,0],[10,33]]]},
"G420": {"type": "Matrix2x2", "payoffs": [[[0,0],[11,25]],[[9,17],[13,30]]]},
"G421": {"type": "Matrix2x2", "payoffs": [[[14,4],[12,3]],[[29,7],[0,0]]]},
"G422": {"type": "Matrix2x2", "payoffs": [[[60,67],[0,11]],[[54,35],[59,0]]]},
"G423": {"type": "Matrix2x2", "payoffs": [[[75,30],[65,9]],[[51,24],[0,0]]]},
"G424": {"type": "Matrix2x2", "payoffs": [[[26,90],[5,0]],[[0,77],[15,68]]]},
"G425": {"type": "Matrix2x2", "payoffs": [[[66,5],[59,0]],[[73,88],[0,56]]]},
"G426": {"type": "Matrix2x2", "payoffs": [[[0,38],[66,60]],[[20,7],[13,0]]]},
"G427": {"type": "Matrix2x2", "payoffs": [[[0,22],[24,42]],[[10,0],[9,2]]]},
"G428": {"type": "Matrix2x2", "payoffs": [[[25,11],[83,21]],[[0,7],[49,0]]]},
"G429": {"type": "Matrix2x2", "payoffs": [[[39,0],[0,27]],[[56,61],[33,60]]]},
"G430": {"type": "Matrix2x2", "payoffs": [[[89,18],[93,48]],[[25,7],[0,0]]]},
"G431": {"type": "Matrix2x2", "payoffs": [[[2,10],[37,52]],[[0,0],[15,50]]]},
"G432": {"type": "Matrix2x2", "payoffs": [[[42,3],[59,42]],[[38,0],[0,5]]]},
"G433": {"type": "Matrix2x2", "payoffs": [[[15,31],[13,0]],[[0,24],[71,49]]]},
"G434": {"type": "Matrix2x2", "payoffs": [[[2,1],[9,4]],[[12,12],[0,0]]]},
"G435": {"type": "Matrix2x2", "payoffs": [[[0,77],[16,25]],[[30,78],[15,0]]]},
"G436": {"type": "Matrix2x2", "payoffs": [[[0,3],[59,10]],[[49,8],[24,0]]]},
"G437": {"type": "Matrix2x2", "payoffs": [[[15,32],[0,0]],[[43,45],[89,60]]]},
"G438": {"type": "Matrix2x2", "payoffs": [[[20,0],[44,79]],[[24,61],[0,74]]]},
"G439": {"type": "Matrix2x2", "payoffs": [[[0,0],[5,25]],[[4,29],[8,44]]]},
"G440": {"type": "Matrix2x2", "payoffs": [[[15,0],[29,23]],[[12,19],[0,17]]]},
"G441": {"type": "Matrix2x2", "payoffs": [[[60,25],[0,3]],[[38,17],[9,0]]]},
"G442": {"type": "Matrix2x2", "payoffs": [[[0,0],[32,22]],[[95,70],[87,47]]]},
"G443": {"type": "Matrix2x2", "payoffs": [[[3,55],[5,98]],[[0,0],[4,4]]]},
"G444": {"type": "Matrix2x2", "payoffs": [[[64,44],[28,13]],[[47,4],[0,0]]]},
"G445": {"type": "Matrix2x2", "payoffs": [[[25,0],[31,99]],[[4,89],[0,66]]]},
"G446": {"type": "Matrix2x2", "payoffs": [[[49,1],[0,0]],[[78,13],[13,3]]]},
"G447": {"type": "Matrix2x2", "payoffs": [[[48,26],[0,0]],[[21,1],[16,6]]]},
"G448": {"type": "Matrix2x2", "payoffs": [[[0,6],[24,12]],[[56,44],[40,0]]]},
"G449": {"type": "Matrix2x2", "payoffs": [[[0,23],[81,0]],[[28,2],[92,73]]]},
"G450": {"type": "Matrix2x2", "payoffs": [[[3,10],[0,17]],[[66,18],[36,0]]]},
"G451": {"type": "Matrix2x2", "payoffs": [[[9,90],[0,14]],[[3,29],[6,0]]]},
"G452": {"type": "Matrix2x2", "payoffs": [[[31,0],[0,40]],[[73,95],[55,58]]]},
"G453": {"type": "Matrix2x2", "payoffs": [[[7,0],[8,22]],[[4,2],[0,1]]]},
"G454": {"type": "Matrix2x2", "payoffs": [[[15,7],[82,13]],[[78,9],[0,0]]]},
"G455": {"type": "Matrix2x2", "payoffs": [[[16,17],[52,0]],[[93,62],[0,59]]]},
"G456": {"type": "Matrix2x2", "payoffs": [[[9,64],[0,0]],[[74,66],[1,44]]]},
"G457": {"type": "Matrix2x2", "payoffs": [[[16,0],[12,63]],[[0,6],[17,79]]]},
"G458": {"type": "Matrix2x2", "payoffs": [[[0,0],[22,16]],[[80,17],[78,10]]]},
"G459": {"type": "Matrix2x2", "payoffs": [[[0,0],[34,11]],[[18,6],[8,3]]]},
"G460": {"type": "Matrix2x2", "payoffs": [[[59,0],[72,73]],[[0,71],[24,69]]]},
"G461": {"type": "Matrix2x2", "payoffs": [[[56,33],[47,1]],[[14,13],[0,0]]]},
"G462": {"type": "Matrix2x2", "payoffs": [[[59,34],[26,0]],[[0,1],[39,17]]]},
"G463": {"type": "Matrix2x2", "payoffs": [[[72,80],[6,3]],[[48,39],[0,0]]]},
"G464": {"type": "Matrix2x2", "payoffs": [[[3,30],[0,0]],[[5,33],[2,18]]]},
"G465": {"type": "Matrix2x2", "payoffs": [[[3,18],[0,0]],[[9,82],[8,65]]]},
"G466": {"type": "Matrix2x2", "payoffs": [[[34,32],[22,21]],[[0,0],[44,41]]]},
"G467": {"type": "Matrix2x2", "payoffs": [[[78,89],[73,77]],[[0,73],[53,0]]]},
"G468": {"type": "Matrix2x2", "payoffs": [[[0,43],[13,48]],[[6,0],[10,1]]]},
"G469": {"type": "Matrix2x2", "payoffs": [[[0,0],[35,27]],[[46,41],[25,25]]]},
"G470": {"type": "Matrix2x2", "payoffs": [[[46,33],[0,0]],[[62,53],[50,15]]]},
"G471": {"type": "Matrix2x2", "payoffs": [[[59,40],[0,23]],[[49,0],[25,16]]]},
"G472": {"type": "Matrix2x2", "payoffs": [[[29,3],[41,2]],[[69,17],[0,0]]]},
"G473": {"type": "Matrix2x2", "payoffs": [[[0,33],[77,38]],[[13,25],[12,0]]]},
"G474": {"type": "Matrix2x2", "payoffs": [[[1,2],[9,1]],[[17,5],[0,0]]]},
"G475": {"type": "Matrix2x2", "payoffs": [[[80,94],[0,0]],[[28,33],[39,12]]]},
"G476": {"type": "Matrix2x2", "payoffs": [[[4,21],[1,11]],[[0,0],[2,10]]]},
"G477": {"type": "Matrix2x2", "payoffs": [[[0,23],[20,0]],[[33,6],[57,48]]]},
"G478": {"type": "Matrix2x2", "payoffs": [[[45,33],[61,84]],[[25,0],[0,43]]]},
"G479": {"type": "Matrix2x2", "payoffs": [[[0,51],[71,63]],[[93,67],[27,0]]]},
"G480": {"type": "Matrix2x2", "payoffs": [[[6,0],[0,26]],[[12,15],[21,38]]]},
"G481": {"type": "Matrix2x2", "payoffs": [[[0,23],[44,55]],[[27,48],[28,0]]]},
"G482": {"type": "Matrix2x2", "payoffs": [[[0,2],[56,80]],[[15,0],[42,67]]]},
"G483": {"type": "Matrix2x2", "payoffs": [[[3,4],[0,2]],[[4,0],[5,27]]]},
"G484": {"type": "Matrix2x2", "payoffs": [[[57,53],[0,32]],[[28,37],[37,0]]]},
"G485": {"type": "Matrix2x2", "payoffs": [[[7,8],[0,0]],[[55,16],[5,5]]]},
"G486": {"type": "Matrix2x2", "payoffs": [[[75,96],[56,65]],[[0,0],[1,16]]]},
"G487": {"type": "Matrix2x2", "payoffs": [[[0,21],[32,0]],[[77,30],[1,3]]]},
"G488": {"type": "Matrix2x2", "payoffs": [[[29,2],[0,49]],[[65,89],[61,0]]]},
"G489": {"type": "Matrix2x2", "payoffs": [[[9,34],[0,0]],[[6,18],[2,22]]]},
"G490": {"type": "Matrix2x2", "payoffs": [[[0,0],[28,24]],[[40,43],[29,30]]]},
"G491": {"type": "Matrix2x2", "payoffs": [[[0,0],[35,7]],[[36,99],[25,44]]]},
"G492": {"type": "Matrix2x2", "payoffs": [[[5,2],[0,3]],[[35,0],[36,8]]]},
"G493": {"type": "Matrix2x2", "payoffs": [[[7,6],[0,53]],[[55,93],[43,0]]]},
"G494": {"type": "Matrix2x2", "payoffs": [[[0,34],[14,0]],[[28,78],[27,77]]]},
"G495": {"type": "Matrix2x2", "payoffs": [[[0,44],[20,0]],[[29,57],[42,61]]]},
"G496": {"type": "Matrix2x2", "payoffs": [[[98,12],[16,0]],[[68,2],[0,6]]]},
"G497": {"type": "Matrix2x2", "payoffs": [[[18,2],[0,0]],[[10,39],[87,46]]]},
"G498": {"type": "Matrix2x2", "payoffs": [[[73,23],[10,7]],[[0,0],[57,14]]]},
"G499": {"type": "Matrix2x2", "payoffs": [[[69,0],[0,9]],[[50,17],[77,28]]]},
"G500": {"type": "Matrix2x2", "payoffs": [[[2,10],[68,54]],[[21,24],[0,0]]]},
"G501": {"type": "Matrix2x2", "payoffs": [[[91,5],[0,3]],[[52,0],[51,1]]]},
"G502": {"type": "Matrix2x2", "payoffs": [[[0,48],[20,0]],[[39,88],[24,8]]]},
"G503": {"type": "Matrix2x2", "payoffs": [[[25,0],[13,26]],[[36,54],[0,35]]]},
"G504": {"type": "Matrix2x2", "payoffs": [[[10,9],[8,5]],[[5,4],[0,0]]]},
"G505": {"type": "Matrix2x2", "payoffs": [[[28,10],[0,15]],[[7,0],[39,59]]]},
"G506": {"type": "Matrix2x2", "payoffs": [[[0,0],[23,48]],[[65,66],[18,10]]]},
"G507": {"type": "Matrix2x2", "payoffs": [[[1,0],[18,66]],[[13,52],[0,20]]]},
"G508": {"type": "Matrix2x2", "payoffs": [[[57,43],[69,53]],[[0,0],[68,38]]]},
"G509": {"type": "Matrix2x2", "payoffs": [[[15,0],[0,19]],[[67,11],[94,36]]]},
"G510": {"type": "Matrix2x2", "payoffs": [[[77,31],[0,30]],[[22,6],[65,0]]]},
"G511": {"type": "Matrix2x2", "payoffs": [[[0,0],[47,56]],[[46,33],[31,55]]]},
"G512": {"type": "Matrix2x2", "payoffs": [[[0,18],[1,0]],[[5,30],[4,10]]]},
"G513": {"type": "Matrix2x2", "payoffs": [[[0,17],[26,1]],[[73,19],[59,0]]]},
"G514": {"type": "Matrix2x2", "payoffs": [[[22,31],[12,0]],[[0,2],[41,86]]]},
"G515": {"type": "Matrix2x2", "payoffs": [[[8,26],[0,0]],[[2,12],[4,13]]]},
"G516": {"type": "Matrix2x2", "payoffs": [[[53,77],[38,34]],[[0,0],[13,63]]]},
"G517": {"type": "Matrix2x2", "payoffs": [[[16,0],[0,13]],[[13,12],[18,26]]]},
"G518": {"type": "Matrix2x2", "payoffs": [[[58,24],[77,25]],[[54,5],[0,0]]]},
"G519": {"type": "Matrix2x2", "payoffs": [[[8,5],[65,15]],[[39,11],[0,0]]]},
"G520": {"type": "Matrix2x2", "payoffs": [[[12,54],[0,21]],[[10,0],[5,49]]]},
"G521": {"type": "Matrix2x2", "payoffs": [[[0,14],[4,0]],[[28,34],[25,8]]]},
"G522": {"type": "Matrix2x2", "payoffs": [[[7,54],[13,84]],[[0,64],[5,0]]]},
"G523": {"type": "Matrix2x2", "payoffs": [[[0,0],[36,82]],[[16,39],[45,90]]]},
"G524": {"type": "Matrix2x2", "payoffs": [[[34,93],[0,38]],[[9,4],[11,0]]]},
"G525": {"type": "Matrix2x2", "payoffs": [[[29,20],[4,0]],[[28,16],[0,4]]]},
"G526": {"type": "Matrix2x2", "payoffs": [[[11,16],[0,0]],[[51,41],[12,6]]]},
"G527": {"type": "Matrix2x2", "payoffs": [[[30,0],[66,5]],[[0,1],[43,3]]]},
"G528": {"type": "Matrix2x2", "payoffs": [[[69,13],[15,0]],[[4,5],[0,3]]]},
"G529": {"type": "Matrix2x2", "payoffs": [[[79,40],[0,0]],[[1,35],[12,6]]]},
"G530": {"type": "Matrix2x2", "payoffs": [[[29,16],[19,28]],[[0,0],[34,33]]]},
"G531": {"type": "Matrix2x2", "payoffs": [[[39,18],[13,5]],[[0,0],[5,17]]]},
"G532": {"type": "Matrix2x2", "payoffs": [[[0,47],[88,92]],[[60,50],[84,0]]]},
"G533": {"type": "Matrix2x2", "payoffs": [[[61,27],[74,42]],[[93,57],[0,0]]]},
"G534": {"type": "Matrix2x2", "payoffs": [[[24,52],[9,31]],[[52,62],[0,0]]]},
"G535": {"type": "Matrix2x2", "payoffs": [[[0,0],[28,1]],[[92,3],[71,2]]]},
"G536": {"type": "Matrix2x2", "payoffs": [[[14,92],[0,0]],[[12,64],[11,2]]]},
"G537": {"type": "Matrix2x2", "payoffs": [[[71,5],[14,2]],[[0,0],[13,1]]]},
"G538": {"type": "Matrix2x2", "payoffs": [[[65,99],[0,34]],[[3,50],[12,0]]]},
"G539": {"type": "Matrix2x2", "payoffs": [[[0,45],[55,99]],[[51,0],[50,78]]]},
"G540": {"type": "Matrix2x2", "payoffs": [[[0,7],[33,68]],[[3,0],[9,57]]]},
"G541": {"type": "Matrix2x2", "payoffs": [[[0,42],[29,62]],[[26,0],[18,20]]]},
"G542": {"type": "Matrix2x2", "payoffs": [[[12,47],[8,1]],[[0,0],[5,24]]]},
"G543": {"type": "Matrix2x2", "payoffs": [[[54,21],[72,56]],[[0,0],[48,30]]]},
"G544": {"type": "Matrix2x2", "payoffs": [[[11,0],[0,22]],[[29,11],[36,43]]]},
"G545": {"type": "Matrix2x2", "payoffs": [[[0,0],[45,80]],[[38,10],[27,59]]]},
"G546": {"type": "Matrix2x2", "payoffs": [[[52,0],[68,12]],[[53,2],[0,3]]]},
"G547": {"type": "Matrix2x2", "payoffs": [[[99,20],[57,0]],[[59,1],[0,16]]]},
"G548": {"type": "Matrix2x2", "payoffs": [[[12,0],[94,53]],[[10,15],[0,43]]]},
"G549": {"type": "Matrix2x2", "payoffs": [[[8,12],[0,14]],[[20,15],[1,0]]]},
"G550": {"type": "Matrix2x2", "payoffs": [[[30,5],[16,3]],[[21,0],[0,2]]]},
"G551": {"type": "Matrix2x2", "payoffs": [[[9,19],[41,51]],[[0,23],[8,0]]]},
"G552": {"type": "Matrix2x2", "payoffs": [[[17,32],[24,0]],[[0,39],[46,56]]]},
"G553": {"type": "Matrix2x2", "payoffs": [[[17,15],[32,17]],[[53,26],[0,0]]]},
"G554": {"type": "Matrix2x2", "payoffs": [[[0,4],[51,10]],[[29,0],[79,21]]]},
"G555": {"type": "Matrix2x2", "payoffs": [[[29,23],[0,11]],[[39,39],[17,0]]]},
"G556": {"type": "Matrix2x2", "payoffs": [[[23,55],[0,0]],[[85,13],[89,81]]]},
"G557": {"type": "Matrix2x2", "payoffs": [[[0,0],[47,63]],[[69,34],[76,68]]]},
"G558": {"type": "Matrix2x2", "payoffs": [[[15,53],[9,34]],[[0,0],[28,67]]]},
"G559": {"type": "Matrix2x2", "payoffs": [[[7,8],[53,78]],[[69,79],[0,0]]]},
"G560": {"type": "Matrix2x2", "payoffs": [[[0,0],[5,1]],[[6,16],[1,7]]]},
"G561": {"type": "Matrix2x2", "payoffs": [[[0,0],[55,51]],[[5,19],[39,4]]]},
"G562": {"type": "Matrix2x2", "payoffs": [[[67,0],[0,3]],[[42,50],[85,98]]]},
"G563": {"type": "Matrix2x2", "payoffs": [[[32,73],[29,13]],[[27,0],[0,9]]]},
"G564": {"type": "Matrix2x2", "payoffs": [[[11,0],[19,26]],[[31,59],[0,4]]]},
"G565": {"type": "Matrix2x2", "payoffs": [[[0,4],[31,14]],[[57,36],[40,0]]]},
"G566": {"type": "Matrix2x2", "payoffs": [[[8,3],[2,14]],[[0,0],[10,79]]]},
"G567": {"type": "Matrix2x2", "payoffs": [[[2,5],[16,71]],[[0,0],[11,57]]]},
"G568": {"type": "Matrix2x2", "payoffs": [[[37,5],[0,0]],[[20,2],[42,7]]]},
"G569": {"type": "Matrix2x2", "payoffs": [[[0,21],[36,0]],[[61,49],[56,3]]]},
"G570": {"type": "Matrix2x2", "payoffs": [[[88,23],[43,0]],[[0,10],[25,20]]]},
"G571": {"type": "Matrix2x2", "payoffs": [[[12,1],[24,4]],[[21,0],[0,3]]]},
"G572": {"type": "Matrix2x2", "payoffs": [[[100,79],[59,28]],[[0,0],[5,57]]]},
"G573": {"type": "Matrix2x2", "payoffs": [[[3,7],[0,0]],[[50,27],[69,79]]]},
"G574": {"type": "Matrix2x2", "payoffs": [[[0,1],[72,0]],[[79,86],[47,5]]]},
"G575": {"type": "Matrix2x2", "payoffs": [[[8,0],[0,5]],[[72,35],[81,48]]]},
"G576": {"type": "Matrix2x2", "payoffs": [[[0,0],[34,10]],[[50,17],[17,15]]]},
"G577": {"type": "Matrix2x2", "payoffs": [[[19,14],[1,12]],[[26,33],[0,0]]]},
"G578": {"type": "Matrix2x2", "payoffs": [[[2,0],[0,7]],[[1,12],[3,13]]]},
"G579": {"type": "Matrix2x2", "payoffs": [[[7,6],[28,0]],[[85,100],[0,8]]]},
"G580": {"type": "Matrix2x2", "payoffs": [[[51,5],[0,0]],[[75,95],[21,29]]]},
"G581": {"type": "Matrix2x2", "payoffs": [[[2,68],[6,83]],[[1,0],[0,69]]]},
"G582": {"type": "Matrix2x2", "payoffs": [[[78,87],[11,48]],[[66,28],[0,0]]]},
"G583": {"type": "Matrix2x2", "payoffs": [[[30,5],[0,3]],[[50,0],[89,12]]]},
"G584": {"type": "Matrix2x2", "payoffs": [[[40,0],[0,9]],[[13,2],[77,18]]]},
"G585": {"type": "Matrix2x2", "payoffs": [[[0,0],[19,8]],[[30,29],[21,19]]]},
"G586": {"type": "Matrix2x2", "payoffs": [[[0,20],[71,0]],[[64,33],[97,44]]]},
"G587": {"type": "Matrix2x2", "payoffs": [[[81,52],[0,5]],[[89,55],[72,0]]]},
"G588": {"type": "Matrix2x2", "payoffs": [[[0,58],[16,68]],[[12,9],[5,0]]]},
"G589": {"type": "Matrix2x2", "payoffs": [[[45,0],[26,1]],[[50,100],[0,39]]]},
"G590": {"type": "Matrix2x2", "payoffs": [[[2,0],[0,12]],[[18,56],[20,63]]]},
"G591": {"type": "Matrix2x2", "payoffs": [[[8,67],[5,37]],[[7,0],[0,21]]]},
"G592": {"type": "Matrix2x2", "payoffs": [[[62,32],[49,39]],[[88,57],[0,0]]]},
"G593": {"type": "Matrix2x2", "payoffs": [[[0,60],[3,26]],[[8,99],[1,0]]]},
"G594": {"type": "Matrix2x2", "payoffs": [[[34,8],[5,19]],[[86,33],[0,0]]]},
"G595": {"type": "Matrix2x2", "payoffs": [[[14,2],[28,10]],[[0,7],[24,0]]]},
"G596": {"type": "Matrix2x2", "payoffs": [[[87,87],[0,6]],[[25,0],[65,33]]]},
"G597": {"type": "Matrix2x2", "payoffs": [[[28,44],[0,0]],[[15,29],[2,37]]]},
"G598": {"type": "Matrix2x2", "payoffs": [[[26,3],[14,0]],[[30,11],[0,1]]]},
"G599": {"type": "Matrix2x2", "payoffs": [[[86,89],[65,74]],[[0,43],[48,0]]]},
"G600": {"type": "Matrix2x2", "payoffs": [[[22,0],[0,35]],[[42,9],[52,82]]]},
"G601": {"type": "Matrix2x2", "payoffs": [[[0,0],[25,60]],[[16,32],[51,71]]]},
"G602": {"type": "Matrix2x2", "payoffs": [[[4,16],[0,10]],[[3,0],[29,35]]]},
"G603": {"type": "Matrix2x2", "payoffs": [[[0,35],[53,67]],[[96,89],[49,0]]]},
"G604": {"type": "Matrix2x2", "payoffs": [[[8,5],[3,20]],[[0,0],[26,31]]]},
"G605": {"type": "Matrix2x2", "payoffs": [[[59,0],[0,14]],[[65,86],[40,65]]]},
"G606": {"type": "Matrix2x2", "payoffs": [[[16,4],[25,50]],[[23,40],[0,0]]]},
"G607": {"type": "Matrix2x2", "payoffs": [[[58,47],[37,43]],[[56,9],[0,0]]]},
"G608": {"type": "Matrix2x2", "payoffs": [[[27,68],[19,0]],[[8,51],[0,21]]]},
"G609": {"type": "Matrix2x2", "payoffs": [[[2,0],[0,90]],[[70,98],[37,31]]]},
"G610": {"type": "Matrix2x2", "payoffs": [[[74,3],[72,2]],[[5,1],[0,0]]]},
"G611": {"type": "Matrix2x2", "payoffs": [[[13,2],[18,57]],[[0,33],[10,0]]]},
"G612": {"type": "Matrix2x2", "payoffs": [[[46,45],[93,88]],[[0,48],[73,0]]]},
"G613": {"type": "Matrix2x2", "payoffs": [[[0,51],[20,0]],[[4,12],[21,65]]]},
"G614": {"type": "Matrix2x2", "payoffs": [[[36,68],[35,0]],[[18,3],[0,25]]]},
"G615": {"type": "Matrix2x2", "payoffs": [[[25,59],[8,0]],[[0,54],[22,14]]]},
"G616": {"type": "Matrix2x2", "payoffs": [[[0,0],[100,96]],[[26,40],[22,36]]]},
"G617": {"type": "Matrix2x2", "payoffs": [[[0,10],[29,0]],[[26,15],[94,35]]]},
"G618": {"type": "Matrix2x2", "payoffs": [[[2,31],[19,0]],[[0,8],[27,71]]]},
"G619": {"type": "Matrix2x2", "payoffs": [[[6,29],[0,0]],[[32,5],[50,37]]]},
"G620": {"type": "Matrix2x2", "payoffs": [[[8,13],[0,0]],[[10,37],[3,5]]]},
"G621": {"type": "Matrix2x2", "payoffs": [[[10,95],[37,98]],[[7,0],[0,12]]]},
"G622": {"type": "Matrix2x2", "payoffs": [[[2,3],[5,0]],[[6,20],[0,11]]]},
"G623": {"type": "Matrix2x2", "payoffs": [[[45,42],[0,0]],[[38,24],[40,27]]]},
"G624": {"type": "Matrix2x2", "payoffs": [[[57,54],[0,47]],[[11,0],[55,29]]]},
"G625": {"type": "Matrix2x2", "payoffs": [[[11,48],[8,0]],[[0,32],[4,46]]]},
"G626": {"type": "Matrix2x2", "payoffs": [[[30,27],[0,2]],[[40,0],[82,61]]]},
"G627": {"type": "Matrix2x2", "payoffs": [[[13,0],[0,6]],[[10,4],[23,12]]]},
"G628": {"type": "Matrix2x2", "payoffs": [[[15,64],[13,0]],[[10,53],[0,19]]]},
"G629": {"type": "Matrix2x2", "payoffs": [[[87,33],[70,17]],[[55,0],[0,8]]]},
"G630": {"type": "Matrix2x2", "payoffs": [[[18,46],[0,0]],[[5,69],[33,89]]]},
"G631": {"type": "Matrix2x2", "payoffs": [[[0,0],[77,84]],[[41,79],[24,70]]]},
"G632": {"type": "Matrix2x2", "payoffs": [[[90,31],[49,2]],[[76,0],[0,4]]]},
"G633": {"type": "Matrix2x2", "payoffs": [[[0,3],[20,16]],[[22,44],[12,0]]]},
"G634": {"type": "Matrix2x2", "payoffs": [[[57,0],[0,25]],[[83,40],[23,18]]]},
"G635": {"type": "Matrix2x2", "payoffs": [[[0,78],[24,0]],[[27,95],[6,19]]]},
"G636": {"type": "Matrix2x2", "payoffs": [[[62,6],[10,2]],[[0,0],[92,19]]]},
"G637": {"type": "Matrix2x2", "payoffs": [[[0,3],[3,58]],[[2,0],[4,86]]]},
"G638": {"type": "Matrix2x2", "payoffs": [[[25,30],[60,41]],[[59,40],[0,0]]]},
"G639": {"type": "Matrix2x2", "payoffs": [[[47,60],[3,39]],[[0,20],[33,0]]]},
"G640": {"type": "Matrix2x2", "payoffs": [[[62,44],[9,3]],[[31,0],[0,4]]]},
"G641": {"type": "Matrix2x2", "payoffs": [[[66,22],[23,15]],[[87,53],[0,0]]]},
"G642": {"type": "Matrix2x2", "payoffs": [[[57,21],[19,8]],[[4,19],[0,0]]]},
"G643": {"type": "Matrix2x2", "payoffs": [[[82,55],[45,0]],[[0,19],[75,22]]]},
"G644": {"type": "Matrix2x2", "payoffs": [[[22,15],[0,3]],[[3,7],[5,0]]]},
"G645": {"type": "Matrix2x2", "payoffs": [[[8,48],[48,69]],[[0,14],[38,0]]]},
"G646": {"type": "Matrix2x2", "payoffs": [[[65,79],[31,0]],[[47,65],[0,3]]]},
"G647": {"type": "Matrix2x2", "payoffs": [[[16,2],[6,0]],[[17,89],[0,5]]]},
"G648": {"type": "Matrix2x2", "payoffs": [[[22,32],[28,53]],[[13,0],[0,46]]]},
"G649": {"type": "Matrix2x2", "payoffs": [[[6,54],[0,57]],[[24,58],[15,0]]]},
"G650": {"type": "Matrix2x2", "payoffs": [[[10,0],[6,8]],[[12,13],[0,9]]]},
"G651": {"type": "Matrix2x2", "payoffs": [[[19,74],[0,8]],[[5,29],[3,0]]]},
"G652": {"type": "Matrix2x2", "payoffs": [[[8,0],[0,30]],[[61,66],[36,37]]]},
"G653": {"type": "Matrix2x2", "payoffs": [[[63,75],[35,66]],[[36,70],[0,0]]]},
"G654": {"type": "Matrix2x2", "payoffs": [[[15,89],[0,0]],[[8,47],[6,10]]]},
"G655": {"type": "Matrix2x2", "payoffs": [[[3,0],[0,7]],[[71,17],[7,2]]]},
"G656": {"type": "Matrix2x2", "payoffs": [[[36,10],[47,17]],[[0,0],[19,12]]]},
"G657": {"type": "Matrix2x2", "payoffs": [[[68,73],[0,0]],[[48,43],[18,27]]]},
"G658": {"type": "Matrix2x2", "payoffs": [[[0,20],[16,69]],[[12,0],[7,39]]]},
"G659": {"type": "Matrix2x2", "payoffs": [[[95,5],[0,3]],[[93,0],[12,1]]]},
"G660": {"type": "Matrix2x2", "payoffs": [[[80,39],[34,0]],[[16,4],[0,5]]]},
"G661": {"type": "Matrix2x2", "payoffs": [[[7,0],[10,100]],[[5,50],[0,68]]]},
"G662": {"type": "Matrix2x2", "payoffs": [[[9,8],[72,9]],[[0,0],[50,1]]]},
"G663": {"type": "Matrix2x2", "payoffs": [[[44,57],[0,15]],[[13,19],[26,0]]]},
"G664": {"type": "Matrix2x2", "payoffs": [[[34,79],[79,81]],[[45,64],[0,0]]]},
"G665": {"type": "Matrix2x2", "payoffs": [[[27,0],[43,42]],[[35,41],[0,3]]]},
"G666": {"type": "Matrix2x2", "payoffs": [[[36,12],[51,67]],[[45,25],[0,0]]]},
"G667": {"type": "Matrix2x2", "payoffs": [[[28,53],[5,22]],[[0,0],[20,1]]]},
"G668": {"type": "Matrix2x2", "payoffs": [[[0,0],[6,49]],[[47,7],[54,60]]]},
"G669": {"type": "Matrix2x2", "payoffs": [[[6,52],[8,0]],[[0,20],[9,71]]]},
"G670": {"type": "Matrix2x2", "payoffs": [[[0,36],[30,46]],[[21,14],[5,0]]]},
"G671": {"type": "Matrix2x2", "payoffs": [[[7,30],[5,0]],[[2,5],[0,7]]]},
"G672": {"type": "Matrix2x2", "payoffs": [[[3,16],[1,8]],[[2,3],[0,0]]]},
"G673": {"type": "Matrix2x2", "payoffs": [[[20,0],[32,30]],[[19,5],[0,22]]]},
"G674": {"type": "Matrix2x2", "payoffs": [[[60,6],[74,72]],[[71,0],[0,34]]]},
"G675": {"type": "Matrix2x2", "payoffs": [[[0,2],[21,0]],[[62,15],[73,20]]]},
"G676": {"type": "Matrix2x2", "payoffs": [[[4,2],[0,0]],[[13,19],[12,1]]]},
"G677": {"type": "Matrix2x2", "payoffs": [[[0,53],[78,0]],[[87,68],[1,9]]]},
"G678": {"type": "Matrix2x2", "payoffs": [[[26,43],[45,55]],[[0,0],[28,44]]]},
"G679": {"type": "Matrix2x2", "payoffs": [[[0,2],[15,18]],[[7,0],[60,21]]]},
"G680": {"type": "Matrix2x2", "payoffs": [[[0,0],[1,4]],[[7,9],[11,31]]]},
"G681": {"type": "Matrix2x2", "payoffs": [[[52,20],[8,5]],[[0,19],[30,0]]]},
"G682": {"type": "Matrix2x2", "payoffs": [[[65,84],[0,12]],[[14,0],[18,9]]]},
"G683": {"type": "Matrix2x2", "payoffs": [[[64,0],[0,47]],[[3,67],[75,68]]]},
"G684": {"type": "Matrix2x2", "payoffs": [[[20,0],[60,33]],[[0,10],[23,6]]]},
"G685": {"type": "Matrix2x2", "payoffs": [[[0,83],[23,90]],[[9,0],[11,65]]]},
"G686": {"type": "Matrix2x2", "payoffs": [[[2,0],[0,14]],[[3,47],[1,31]]]},
"G687": {"type": "Matrix2x2", "payoffs": [[[91,96],[76,70]],[[0,0],[74,83]]]},
"G688": {"type": "Matrix2x2", "payoffs": [[[66,6],[0,3]],[[31,0],[53,4]]]},
"G689": {"type": "Matrix2x2", "payoffs": [[[39,27],[34,0]],[[41,33],[0,6]]]},
"G690": {"type": "Matrix2x2", "payoffs": [[[85,15],[0,0]],[[6,6],[39,3]]]},
"G691": {"type": "Matrix2x2", "payoffs": [[[29,5],[33,13]],[[0,0],[34,36]]]},
"G692": {"type": "Matrix2x2", "payoffs": [[[83,14],[81,1]],[[61,0],[0,4]]]},
"G693": {"type": "Matrix2x2", "payoffs": [[[19,0],[18,21]],[[0,11],[20,57]]]},
"G694": {"type": "Matrix2x2", "payoffs": [[[0,0],[43,13]],[[4,15],[47,18]]]},
"G695": {"type": "Matrix2x2", "payoffs": [[[0,29],[14,17]],[[84,0],[98,30]]]},
"G696": {"type": "Matrix2x2", "payoffs": [[[1,0],[3,70]],[[0,1],[2,19]]]},
"G697": {"type": "Matrix2x2", "payoffs": [[[28,86],[13,71]],[[0,15],[12,0]]]},
"G698": {"type": "Matrix2x2", "payoffs": [[[14,32],[2,47]],[[0,0],[29,69]]]},
"G699": {"type": "Matrix2x2", "payoffs": [[[81,80],[0,67]],[[29,70],[80,0]]]},
"G700": {"type": "Matrix2x2", "payoffs": [[[3,56],[4,0]],[[5,82],[0,74]]]},
"G701": {"type": "Matrix2x2", "payoffs": [[[71,0],[0,48]],[[80,83],[57,60]]]},
"G702": {"type": "Matrix2x2", "payoffs": [[[2,51],[6,76]],[[1,49],[0,0]]]},
"G703": {"type": "Matrix2x2", "payoffs": [[[0,56],[3,0]],[[1,38],[5,77]]]},
"G704": {"type": "Matrix2x2", "payoffs": [[[46,7],[64,14]],[[0,10],[13,0]]]},
"G705": {"type": "Matrix2x2", "payoffs": [[[87,14],[0,3]],[[49,0],[36,9]]]},
"G706": {"type": "Matrix2x2", "payoffs": [[[17,0],[30,6]],[[0,3],[21,4]]]},
"G707": {"type": "Matrix2x2", "payoffs": [[[18,23],[37,0]],[[0,24],[53,54]]]},
"G708": {"type": "Matrix2x2", "payoffs": [[[11,99],[10,91]],[[0,0],[3,67]]]},
"G709": {"type": "Matrix2x2", "payoffs": [[[2,4],[11,1]],[[0,0],[31,8]]]},
"G710": {"type": "Matrix2x2", "payoffs": [[[0,42],[97,54]],[[48,0],[58,9]]]},
"G711": {"type": "Matrix2x2", "payoffs": [[[1,49],[65,94]],[[33,0],[0,9]]]},
"G712": {"type": "Matrix2x2", "payoffs": [[[88,31],[70,15]],[[0,9],[74,0]]]},
"G713": {"type": "Matrix2x2", "payoffs": [[[27,0],[4,21]],[[74,61],[0,15]]]},
"G714": {"type": "Matrix2x2", "payoffs": [[[22,0],[5,7]],[[61,81],[0,52]]]},
"G715": {"type": "Matrix2x2", "payoffs": [[[0,0],[12,1]],[[4,18],[18,26]]]},
"G716": {"type": "Matrix2x2", "payoffs": [[[34,21],[4,8]],[[28,0],[0,17]]]},
"G717": {"type": "Matrix2x2", "payoffs": [[[0,22],[77,39]],[[100,53],[41,0]]]},
"G718": {"type": "Matrix2x2", "payoffs": [[[4,81],[6,85]],[[5,11],[0,0]]]},
"G719": {"type": "Matrix2x2", "payoffs": [[[0,0],[5,85]],[[2,4],[1,59]]]},
"G720": {"type": "Matrix2x2", "payoffs": [[[28,15],[98,87]],[[0,0],[66,39]]]},
"G721": {"type": "Matrix2x2", "payoffs": [[[96,3],[52,0]],[[7,2],[0,1]]]},
"G722": {"type": "Matrix2x2", "payoffs": [[[8,0],[66,33]],[[0,22],[47,10]]]},
"G723": {"type": "Matrix2x2", "payoffs": [[[18,67],[0,0]],[[14,37],[7,56]]]},
"G724": {"type": "Matrix2x2", "payoffs": [[[0,2],[36,5]],[[88,16],[61,0]]]},
"G725": {"type": "Matrix2x2", "payoffs": [[[12,0],[27,40]],[[0,5],[3,21]]]},
"G726": {"type": "Matrix2x2", "payoffs": [[[43,0],[57,47]],[[0,43],[7,27]]]},
"G727": {"type": "Matrix2x2", "payoffs": [[[0,31],[19,0]],[[53,29],[54,50]]]},
"G728": {"type": "Matrix2x2", "payoffs": [[[87,8],[88,80]],[[0,0],[21,58]]]},
"G729": {"type": "Matrix2x2", "payoffs": [[[0,48],[26,0]],[[100,55],[14,18]]]},
"G730": {"type": "Matrix2x2", "payoffs": [[[12,59],[43,74]],[[0,22],[31,0]]]},
"G731": {"type": "Matrix2x2", "payoffs": [[[68,84],[8,50]],[[0,0],[35,59]]]},
"G732": {"type": "Matrix2x2", "payoffs": [[[0,0],[15,11]],[[8,4],[23,16]]]},
"G733": {"type": "Matrix2x2", "payoffs": [[[0,0],[23,26]],[[12,41],[25,66]]]},
"G734": {"type": "Matrix2x2", "payoffs": [[[1,11],[13,2]],[[0,0],[14,14]]]},
"G735": {"type": "Matrix2x2", "payoffs": [[[0,4],[1,0]],[[51,18],[55,72]]]},
"G736": {"type": "Matrix2x2", "payoffs": [[[49,30],[37,12]],[[0,0],[36,20]]]},
"G737": {"type": "Matrix2x2", "payoffs": [[[58,0],[65,77]],[[0,66],[62,15]]]},
"G738": {"type": "Matrix2x2", "payoffs": [[[8,9],[0,6]],[[27,11],[5,0]]]},
"G739": {"type": "Matrix2x2", "payoffs": [[[0,66],[12,0]],[[11,7],[25,91]]]},
"G740": {"type": "Matrix2x2", "payoffs": [[[45,0],[0,46]],[[70,60],[28,45]]]},
"G741": {"type": "Matrix2x2", "payoffs": [[[0,76],[42,0]],[[55,90],[49,34]]]},
"G742": {"type": "Matrix2x2", "payoffs": [[[13,0],[30,98]],[[21,74],[0,79]]]},
"G743": {"type": "Matrix2x2", "payoffs": [[[13,0],[0,71]],[[4,22],[19,97]]]},
"G744": {"type": "Matrix2x2", "payoffs": [[[13,0],[0,46]],[[24,100],[23,50]]]},
"G745": {"type": "Matrix2x2", "payoffs": [[[50,17],[0,32]],[[16,0],[100,75]]]},
"G746": {"type": "Matrix2x2", "payoffs": [[[0,1],[9,5]],[[2,0],[35,6]]]},
"G747": {"type": "Matrix2x2", "payoffs": [[[12,6],[24,30]],[[0,24],[22,0]]]},
"G748": {"type": "Matrix2x2", "payoffs": [[[0,70],[38,0]],[[32,56],[77,78]]]},
"G749": {"type": "Matrix2x2", "payoffs": [[[18,8],[6,0]],[[69,15],[0,1]]]},
"G750": {"type": "Matrix2x2", "payoffs": [[[88,12],[42,0]],[[0,70],[93,71]]]},
"G751": {"type": "Matrix2x2", "payoffs": [[[45,4],[0,2]],[[74,8],[66,0]]]},
"G752": {"type": "Matrix2x2", "payoffs": [[[81,85],[0,0]],[[19,23],[53,13]]]},
"G753": {"type": "Matrix2x2", "payoffs": [[[35,46],[93,60]],[[50,0],[0,18]]]},
"G754": {"type": "Matrix2x2", "payoffs": [[[52,62],[0,9]],[[18,34],[20,0]]]},
"G755": {"type": "Matrix2x2", "payoffs": [[[0,0],[16,16]],[[12,1],[15,11]]]},
"G756": {"type": "Matrix2x2", "payoffs": [[[21,14],[44,17]],[[36,0],[0,16]]]},
"G757": {"type": "Matrix2x2", "payoffs": [[[67,26],[8,19]],[[0,0],[80,31]]]},
"G758": {"type": "Matrix2x2", "payoffs": [[[81,13],[31,5]],[[74,0],[0,12]]]},
"G759": {"type": "Matrix2x2", "payoffs": [[[0,28],[29,0]],[[64,68],[38,62]]]},
"G760": {"type": "Matrix2x2", "payoffs": [[[7,38],[0,33]],[[90,59],[77,0]]]},
"G761": {"type": "Matrix2x2", "payoffs": [[[13,57],[7,0]],[[0,27],[11,50]]]},
"G762": {"type": "Matrix2x2", "payoffs": [[[42,50],[40,42]],[[0,0],[23,28]]]},
"G763": {"type": "Matrix2x2", "payoffs": [[[2,20],[13,71]],[[0,0],[11,59]]]},
"G764": {"type": "Matrix2x2", "payoffs": [[[10,8],[16,7]],[[41,33],[0,0]]]},
"G765": {"type": "Matrix2x2", "payoffs": [[[0,0],[7,5]],[[39,77],[16,35]]]},
"G766": {"type": "Matrix2x2", "payoffs": [[[14,50],[0,0]],[[22,62],[12,30]]]},
"G767": {"type": "Matrix2x2", "payoffs": [[[0,64],[82,91]],[[59,35],[73,0]]]},
"G768": {"type": "Matrix2x2", "payoffs": [[[0,15],[47,0]],[[91,11],[98,26]]]},
"G769": {"type": "Matrix2x2", "payoffs": [[[0,8],[25,39]],[[44,46],[33,0]]]},
"G770": {"type": "Matrix2x2", "payoffs": [[[3,32],[45,68]],[[11,22],[0,0]]]},
"G771": {"type": "Matrix2x2", "payoffs": [[[0,23],[11,65]],[[53,0],[54,72]]]},
"G772": {"type": "Matrix2x2", "payoffs": [[[0,7],[53,0]],[[80,53],[38,43]]]},
"G773": {"type": "Matrix2x2", "payoffs": [[[0,49],[1,0]],[[3,87],[2,22]]]},
"G774": {"type": "Matrix2x2", "payoffs": [[[80,90],[30,0]],[[0,58],[57,5]]]},
"G775": {"type": "Matrix2x2", "payoffs": [[[8,12],[0,3]],[[7,0],[12,17]]]},
"G776": {"type": "Matrix2x2", "payoffs": [[[72,66],[53,0]],[[49,54],[0,19]]]},
"G777": {"type": "Matrix2x2", "payoffs": [[[0,7],[17,0]],[[37,32],[29,21]]]},
"G778": {"type": "Matrix2x2", "payoffs": [[[0,45],[55,26]],[[27,0],[80,49]]]},
"G779": {"type": "Matrix2x2", "payoffs": [[[18,84],[15,5]],[[10,32],[0,0]]]},
"G780": {"type": "Matrix2x2", "payoffs": [[[0,0],[83,82]],[[65,33],[29,29]]]},
"G781": {"type": "Matrix2x2", "payoffs": [[[21,41],[13,0]],[[0,60],[99,68]]]},
"G782": {"type": "Matrix2x2", "payoffs": [[[8,1],[11,13]],[[0,0],[6,2]]]},
"G783": {"type": "Matrix2x2", "payoffs": [[[32,4],[0,0]],[[95,2],[98,13]]]},
"G784": {"type": "Matrix2x2", "payoffs": [[[25,46],[13,13]],[[27,66],[0,0]]]},
"G785": {"type": "Matrix2x2", "payoffs": [[[51,46],[8,11]],[[0,0],[10,8]]]},
"G786": {"type": "Matrix2x2", "payoffs": [[[7,0],[0,12]],[[32,15],[45,18]]]},
"G787": {"type": "Matrix2x2", "payoffs": [[[0,0],[8,38]],[[14,24],[18,49]]]},
"G788": {"type": "Matrix2x2", "payoffs": [[[44,0],[0,11]],[[3,5],[84,13]]]},
"G789": {"type": "Matrix2x2", "payoffs": [[[29,18],[26,15]],[[0,3],[6,0]]]},
"G790": {"type": "Matrix2x2", "payoffs": [[[49,25],[0,18]],[[5,1],[34,0]]]},
"G791": {"type": "Matrix2x2", "payoffs": [[[92,25],[17,17]],[[56,0],[0,7]]]},
"G792": {"type": "Matrix2x2", "payoffs": [[[15,89],[1,72]],[[6,0],[0,43]]]},
"G793": {"type": "Matrix2x2", "payoffs": [[[4,50],[26,62]],[[9,0],[0,26]]]},
"G794": {"type": "Matrix2x2", "payoffs": [[[83,35],[24,0]],[[77,4],[0,17]]]},
"G795": {"type": "Matrix2x2", "payoffs": [[[9,0],[19,12]],[[4,3],[0,9]]]},
"G796": {"type": "Matrix2x2", "payoffs": [[[26,11],[46,18]],[[0,0],[3,13]]]},
"G797": {"type": "Matrix2x2", "payoffs": [[[4,1],[5,75]],[[0,0],[1,10]]]},
"G798": {"type": "Matrix2x2", "payoffs": [[[0,0],[78,100]],[[57,52],[10,60]]]},
"G799": {"type": "Matrix2x2", "payoffs": [[[0,0],[3,21]],[[2,34],[17,41]]]},
"G800": {"type": "Matrix2x2", "payoffs": [[[0,10],[4,0]],[[51,50],[27,31]]]},
"G801": {"type": "Matrix2x2", "payoffs": [[[21,20],[17,7]],[[28,21],[0,0]]]},
"G802": {"type": "Matrix2x2", "payoffs": [[[5,64],[0,42]],[[3,0],[2,50]]]},
"G803": {"type": "Matrix2x2", "payoffs": [[[2,0],[0,55]],[[9,60],[14,77]]]},
"G804": {"type": "Matrix2x2", "payoffs": [[[82,84],[60,63]],[[0,0],[50,30]]]},
"G805": {"type": "Matrix2x2", "payoffs": [[[68,51],[42,0]],[[0,33],[46,50]]]},
"G806": {"type": "Matrix2x2", "payoffs": [[[0,10],[6,0]],[[45,52],[23,22]]]},
"G807": {"type": "Matrix2x2", "payoffs": [[[80,0],[62,23]],[[0,7],[96,27]]]},
"G808": {"type": "Matrix2x2", "payoffs": [[[6,26],[0,22]],[[42,32],[29,0]]]},
"G809": {"type": "Matrix2x2", "payoffs": [[[16,26],[9,4]],[[0,0],[8,13]]]},
"G810": {"type": "Matrix2x2", "payoffs": [[[0,12],[4,56]],[[3,0],[2,5]]]},
"G811": {"type": "Matrix2x2", "payoffs": [[[1,74],[3,76]],[[0,42],[2,0]]]},
"G812": {"type": "Matrix2x2", "payoffs": [[[0,17],[23,69]],[[20,0],[1,25]]]},
"G813": {"type": "Matrix2x2", "payoffs": [[[35,19],[40,74]],[[0,29],[4,0]]]},
"G814": {"type": "Matrix2x2", "payoffs": [[[0,0],[46,96]],[[43,55],[31,66]]]},
"G815": {"type": "Matrix2x2", "payoffs": [[[0,12],[32,14]],[[12,6],[2,0]]]},
"G816": {"type": "Matrix2x2", "payoffs": [[[8,11],[0,0]],[[25,40],[14,24]]]},
"G817": {"type": "Matrix2x2", "payoffs": [[[0,17],[14,10]],[[4,0],[16,24]]]},
"G818": {"type": "Matrix2x2", "payoffs": [[[14,60],[1,0]],[[0,58],[11,45]]]},
"G819": {"type": "Matrix2x2", "payoffs": [[[0,41],[10,75]],[[5,43],[4,0]]]},
"G820": {"type": "Matrix2x2", "payoffs": [[[69,92],[10,10]],[[21,48],[0,0]]]},
"G821": {"type": "Matrix2x2", "payoffs": [[[39,73],[38,39]],[[34,0],[0,65]]]},
"G822": {"type": "Matrix2x2", "payoffs": [[[58,0],[72,51]],[[33,37],[0,5]]]},
"G823": {"type": "Matrix2x2", "payoffs": [[[28,0],[0,22]],[[79,85],[57,41]]]},
"G824": {"type": "Matrix2x2", "payoffs": [[[19,68],[0,11]],[[3,0],[34,98]]]},
"G825": {"type": "Matrix2x2", "payoffs": [[[28,78],[54,95]],[[0,47],[21,0]]]},
"G826": {"type": "Matrix2x2", "payoffs": [[[30,30],[36,34]],[[13,0],[0,4]]]},
"G827": {"type": "Matrix2x2", "payoffs": [[[17,1],[82,6]],[[0,0],[43,3]]]},
"G828": {"type": "Matrix2x2", "payoffs": [[[25,4],[0,0]],[[95,20],[99,25]]]},
"G829": {"type": "Matrix2x2", "payoffs": [[[70,0],[97,61]],[[0,29],[50,34]]]},
"G830": {"type": "Matrix2x2", "payoffs": [[[50,4],[52,20]],[[0,0],[62,21]]]},
"G831": {"type": "Matrix2x2", "payoffs": [[[53,89],[63,40]],[[91,93],[0,0]]]},
"G832": {"type": "Matrix2x2", "payoffs": [[[65,2],[95,47]],[[1,34],[0,0]]]},
"G833": {"type": "Matrix2x2", "payoffs": [[[22,0],[95,52]],[[70,17],[0,14]]]},
"G834": {"type": "Matrix2x2", "payoffs": [[[1,0],[51,72]],[[37,66],[0,39]]]},
"G835": {"type": "Matrix2x2", "payoffs": [[[38,5],[57,41]],[[0,0],[59,61]]]},
"G836": {"type": "Matrix2x2", "payoffs": [[[50,5],[0,0]],[[5,54],[61,72]]]},
"G837": {"type": "Matrix2x2", "payoffs": [[[0,13],[30,35]],[[5,0],[12,32]]]},
"G838": {"type": "Matrix2x2", "payoffs": [[[41,45],[0,88]],[[100,96],[11,0]]]},
"G839": {"type": "Matrix2x2", "payoffs": [[[25,80],[0,6]],[[90,83],[78,0]]]},
"G840": {"type": "Matrix2x2", "payoffs": [[[17,46],[6,1]],[[15,4],[0,0]]]},
"G841": {"type": "Matrix2x2", "payoffs": [[[15,0],[7,9]],[[0,32],[58,89]]]},
"G842": {"type": "Matrix2x2", "payoffs": [[[6,0],[9,15]],[[0,1],[18,24]]]},
"G843": {"type": "Matrix2x2", "payoffs": [[[88,30],[0,0]],[[98,69],[81,34]]]},
"G844": {"type": "Matrix2x2", "payoffs": [[[0,7],[11,16]],[[32,27],[21,0]]]},
"G845": {"type": "Matrix2x2", "payoffs": [[[55,55],[58,73]],[[23,41],[0,0]]]},
"G846": {"type": "Matrix2x2", "payoffs": [[[0,8],[5,0]],[[60,65],[29,13]]]},
"G847": {"type": "Matrix2x2", "payoffs": [[[60,1],[71,23]],[[0,0],[72,31]]]},
"G848": {"type": "Matrix2x2", "payoffs": [[[6,22],[0,37]],[[10,95],[5,0]]]},
"G849": {"type": "Matrix2x2", "payoffs": [[[39,13],[44,21]],[[0,4],[11,0]]]},
"G850": {"type": "Matrix2x2", "payoffs": [[[0,31],[5,41]],[[77,74],[63,0]]]},
"G851": {"type": "Matrix2x2", "payoffs": [[[27,6],[0,0]],[[80,23],[100,28]]]},
"G852": {"type": "Matrix2x2", "payoffs": [[[72,46],[70,38]],[[71,28],[0,0]]]},
"G853": {"type": "Matrix2x2", "payoffs": [[[0,43],[40,67]],[[8,58],[21,0]]]},
"G854": {"type": "Matrix2x2", "payoffs": [[[0,3],[15,4]],[[7,0],[86,6]]]},
"G855": {"type": "Matrix2x2", "payoffs": [[[59,88],[1,87]],[[37,0],[0,43]]]},
"G856": {"type": "Matrix2x2", "payoffs": [[[77,88],[0,41]],[[59,44],[30,0]]]},
"G857": {"type": "Matrix2x2", "payoffs": [[[67,83],[36,0]],[[0,46],[25,6]]]},
"G858": {"type": "Matrix2x2", "payoffs": [[[3,11],[0,6]],[[6,0],[10,28]]]},
"G859": {"type": "Matrix2x2", "payoffs": [[[0,22],[59,40]],[[54,32],[30,0]]]},
"G860": {"type": "Matrix2x2", "payoffs": [[[18,39],[0,25]],[[23,43],[2,0]]]},
"G861": {"type": "Matrix2x2", "payoffs": [[[42,66],[39,51]],[[33,0],[0,62]]]},
"G862": {"type": "Matrix2x2", "payoffs": [[[51,32],[21,14]],[[0,10],[26,0]]]},
"G863": {"type": "Matrix2x2", "payoffs": [[[87,51],[50,10]],[[0,0],[23,14]]]},
"G864": {"type": "Matrix2x2", "payoffs": [[[0,24],[36,69]],[[32,0],[7,14]]]},
"G865": {"type": "Matrix2x2", "payoffs": [[[0,0],[86,55]],[[42,26],[21,51]]]},
"G866": {"type": "Matrix2x2", "payoffs": [[[52,12],[0,0]],[[4,33],[59,39]]]},
"G867": {"type": "Matrix2x2", "payoffs": [[[79,75],[76,64]],[[33,37],[0,0]]]},
"G868": {"type": "Matrix2x2", "payoffs": [[[93,5],[95,70]],[[0,17],[62,0]]]},
"G869": {"type": "Matrix2x2", "payoffs": [[[94,54],[0,0]],[[69,26],[1,43]]]},
"G870": {"type": "Matrix2x2", "payoffs": [[[18,9],[19,18]],[[4,15],[0,0]]]},
"G871": {"type": "Matrix2x2", "payoffs": [[[0,45],[32,0]],[[14,46],[56,97]]]},
"G872": {"type": "Matrix2x2", "payoffs": [[[0,12],[19,0]],[[55,21],[16,7]]]},
"G873": {"type": "Matrix2x2", "payoffs": [[[74,29],[0,41]],[[86,56],[24,0]]]},
"G874": {"type": "Matrix2x2", "payoffs": [[[91,0],[0,14]],[[52,5],[99,32]]]},
"G875": {"type": "Matrix2x2", "payoffs": [[[0,0],[43,25]],[[28,34],[46,56]]]},
"G876": {"type": "Matrix2x2", "payoffs": [[[0,0],[6,43]],[[14,37],[15,91]]]},
"G877": {"type": "Matrix2x2", "payoffs": [[[76,0],[0,17]],[[21,13],[90,45]]]},
"G878": {"type": "Matrix2x2", "payoffs": [[[0,20],[8,56]],[[14,63],[12,0]]]},
"G879": {"type": "Matrix2x2", "payoffs": [[[0,0],[8,9]],[[13,35],[36,41]]]},
"G880": {"type": "Matrix2x2", "payoffs": [[[15,1],[23,7]],[[6,0],[0,2]]]},
"G881": {"type": "Matrix2x2", "payoffs": [[[19,6],[69,5]],[[99,9],[0,0]]]},
"G882": {"type": "Matrix2x2", "payoffs": [[[2,54],[0,37]],[[8,63],[6,0]]]},
"G883": {"type": "Matrix2x2", "payoffs": [[[0,0],[4,4]],[[3,2],[2,1]]]},
"G884": {"type": "Matrix2x2", "payoffs": [[[0,5],[80,16]],[[85,45],[4,0]]]},
"G885": {"type": "Matrix2x2", "payoffs": [[[2,63],[0,21]],[[41,67],[6,0]]]},
"G886": {"type": "Matrix2x2", "payoffs": [[[13,0],[15,3]],[[70,5],[0,2]]]},
"G887": {"type": "Matrix2x2", "payoffs": [[[54,76],[49,0]],[[15,42],[0,46]]]},
"G888": {"type": "Matrix2x2", "payoffs": [[[0,49],[56,0]],[[77,85],[66,3]]]},
"G889": {"type": "Matrix2x2", "payoffs": [[[0,10],[37,43]],[[80,82],[13,0]]]},
"G890": {"type": "Matrix2x2", "payoffs": [[[67,66],[0,0]],[[26,18],[55,57]]]},
"G891": {"type": "Matrix2x2", "payoffs": [[[25,8],[21,4]],[[0,0],[92,21]]]},
"G892": {"type": "Matrix2x2", "payoffs": [[[8,68],[1,0]],[[0,13],[7,46]]]},
"G893": {"type": "Matrix2x2", "payoffs": [[[4,0],[74,86]],[[0,65],[14,62]]]},
"G894": {"type": "Matrix2x2", "payoffs": [[[64,0],[1,18]],[[0,14],[67,23]]]},
"G895": {"type": "Matrix2x2", "payoffs": [[[0,9],[45,0]],[[88,11],[89,24]]]},
"G896": {"type": "Matrix2x2", "payoffs": [[[92,43],[44,31]],[[50,0],[0,5]]]},
"G897": {"type": "Matrix2x2", "payoffs": [[[26,93],[97,14]],[[98,97],[0,0]]]},
"G898": {"type": "Matrix2x2", "payoffs": [[[34,23],[28,43]],[[41,68],[0,0]]]},
"G899": {"type": "Matrix2x2", "payoffs": [[[53,3],[77,4]],[[21,1],[0,0]]]},
"G900": {"type": "Matrix2x2", "payoffs": [[[6,60],[20,90]],[[0,33],[5,0]]]},
"G901": {"type": "Matrix2x2", "payoffs": [[[35,0],[0,3]],[[12,4],[71,10]]]},
"G902": {"type": "Matrix2x2", "payoffs": [[[0,0],[99,90]],[[52,56],[64,8]]]},
"G903": {"type": "Matrix2x2", "payoffs": [[[9,32],[10,45]],[[5,15],[0,0]]]},
"G904": {"type": "Matrix2x2", "payoffs": [[[21,19],[68,90]],[[0,16],[40,0]]]},
"G905": {"type": "Matrix2x2", "payoffs": [[[11,0],[23,5]],[[65,6],[0,1]]]},
"G906": {"type": "Matrix2x2", "payoffs": [[[89,77],[10,0]],[[0,68],[37,53]]]},
"G907": {"type": "Matrix2x2", "payoffs": [[[18,54],[0,0]],[[17,40],[13,16]]]},
"G908": {"type": "Matrix2x2", "payoffs": [[[13,20],[26,53]],[[0,46],[9,0]]]},
"G909": {"type": "Matrix2x2", "payoffs": [[[0,8],[6,3]],[[40,22],[29,0]]]},
"G910": {"type": "Matrix2x2", "payoffs": [[[16,37],[0,9]],[[10,0],[14,18]]]},
"G911": {"type": "Matrix2x2", "payoffs": [[[0,0],[50,94]],[[8,72],[16,35]]]},
"G912": {"type": "Matrix2x2", "payoffs": [[[0,11],[10,6]],[[11,14],[9,0]]]},
"G913": {"type": "Matrix2x2", "payoffs": [[[5,23],[0,1]],[[9,32],[8,0]]]},
"G914": {"type": "Matrix2x2", "payoffs": [[[0,76],[3,0]],[[91,48],[94,98]]]},
"G915": {"type": "Matrix2x2", "payoffs": [[[0,43],[54,0]],[[89,98],[2,47]]]},
"G916": {"type": "Matrix2x2", "payoffs": [[[15,67],[0,55]],[[2,0],[14,30]]]},
"G917": {"type": "Matrix2x2", "payoffs": [[[74,38],[37,33]],[[0,0],[21,18]]]},
"G918": {"type": "Matrix2x2", "payoffs": [[[0,66],[4,55]],[[6,0],[9,76]]]},
"G919": {"type": "Matrix2x2", "payoffs": [[[18,0],[8,5]],[[0,6],[19,16]]]},
"G920": {"type": "Matrix2x2", "payoffs": [[[0,34],[32,19]],[[43,78],[39,0]]]},
"G921": {"type": "Matrix2x2", "payoffs": [[[44,0],[9,32]],[[0,39],[76,68]]]},
"G922": {"type": "Matrix2x2", "payoffs": [[[13,6],[0,0]],[[96,11],[52,4]]]},
"G923": {"type": "Matrix2x2", "payoffs": [[[2,0],[57,53]],[[0,41],[31,32]]]},
"G924": {"type": "Matrix2x2", "payoffs": [[[4,9],[5,0]],[[0,73],[10,100]]]},
"G925": {"type": "Matrix2x2", "payoffs": [[[58,14],[7,7]],[[0,8],[18,0]]]},
"G926": {"type": "Matrix2x2", "payoffs": [[[4,56],[0,0]],[[1,36],[3,39]]]},
"G927": {"type": "Matrix2x2", "payoffs": [[[66,5],[7,0]],[[0,4],[53,3]]]},
"G928": {"type": "Matrix2x2", "payoffs": [[[76,45],[3,0]],[[0,10],[12,18]]]},
"G929": {"type": "Matrix2x2", "payoffs": [[[42,2],[45,0]],[[58,5],[0,1]]]},
"G930": {"type": "Matrix2x2", "payoffs": [[[67,33],[89,69]],[[0,43],[28,0]]]},
"G931": {"type": "Matrix2x2", "payoffs": [[[0,0],[3,45]],[[4,10],[8,82]]]},
"G932": {"type": "Matrix2x2", "payoffs": [[[0,31],[44,0]],[[79,79],[48,67]]]},
"G933": {"type": "Matrix2x2", "payoffs": [[[0,0],[11,15]],[[14,9],[21,18]]]},
"G934": {"type": "Matrix2x2", "payoffs": [[[33,15],[14,7]],[[0,0],[22,9]]]},
"G935": {"type": "Matrix2x2", "payoffs": [[[17,0],[0,26]],[[56,99],[33,16]]]},
"G936": {"type": "Matrix2x2", "payoffs": [[[55,55],[59,64]],[[0,40],[33,0]]]},
"G937": {"type": "Matrix2x2", "payoffs": [[[0,60],[18,49]],[[42,100],[41,0]]]},
"G938": {"type": "Matrix2x2", "payoffs": [[[0,0],[34,4]],[[22,2],[13,3]]]},
"G939": {"type": "Matrix2x2", "payoffs": [[[25,73],[22,47]],[[0,0],[20,62]]]},
"G940": {"type": "Matrix2x2", "payoffs": [[[2,0],[6,92]],[[0,51],[1,38]]]},
"G941": {"type": "Matrix2x2", "payoffs": [[[0,21],[74,64]],[[12,58],[37,0]]]},
"G942": {"type": "Matrix2x2", "payoffs": [[[23,12],[20,8]],[[0,0],[13,7]]]},
"G943": {"type": "Matrix2x2", "payoffs": [[[4,52],[5,53]],[[0,18],[3,0]]]},
"G944": {"type": "Matrix2x2", "payoffs": [[[2,10],[5,0]],[[0,17],[7,19]]]},
"G945": {"type": "Matrix2x2", "payoffs": [[[16,64],[88,79]],[[0,32],[64,0]]]},
"G946": {"type": "Matrix2x2", "payoffs": [[[28,27],[20,2]],[[0,0],[24,17]]]},
"G947": {"type": "Matrix2x2", "payoffs": [[[8,41],[0,31]],[[90,51],[84,0]]]},
"G948": {"type": "Matrix2x2", "payoffs": [[[30,27],[48,57]],[[0,31],[19,0]]]},
"G949": {"type": "Matrix2x2", "payoffs": [[[12,41],[0,33]],[[2,0],[87,85]]]},
"G950": {"type": "Matrix2x2", "payoffs": [[[8,0],[13,90]],[[33,98],[0,88]]]},
"G951": {"type": "Matrix2x2", "payoffs": [[[20,64],[8,0]],[[0,49],[10,51]]]},
"G952": {"type": "Matrix2x2", "payoffs": [[[66,3],[89,24]],[[0,0],[6,4]]]},
"G953": {"type": "Matrix2x2", "payoffs": [[[11,0],[31,76]],[[26,49],[0,54]]]},
"G954": {"type": "Matrix2x2", "payoffs": [[[0,0],[70,34]],[[35,18],[47,7]]]},
"G955": {"type": "Matrix2x2", "payoffs": [[[67,35],[0,14]],[[39,31],[7,0]]]},
"G956": {"type": "Matrix2x2", "payoffs": [[[23,17],[0,0]],[[30,42],[28,34]]]},
"G957": {"type": "Matrix2x2", "payoffs": [[[78,24],[35,18]],[[0,0],[37,16]]]},
"G958": {"type": "Matrix2x2", "payoffs": [[[15,25],[0,8]],[[12,2],[8,0]]]},
"G959": {"type": "Matrix2x2", "payoffs": [[[5,57],[4,26]],[[31,60],[0,0]]]},
"G960": {"type": "Matrix2x2", "payoffs": [[[0,16],[69,0]],[[87,64],[78,23]]]},
"G961": {"type": "Matrix2x2", "payoffs": [[[0,8],[17,0]],[[18,9],[46,12]]]},
"G962": {"type": "Matrix2x2", "payoffs": [[[16,34],[20,47]],[[0,40],[9,0]]]},
"G963": {"type": "Matrix2x2", "payoffs": [[[21,0],[0,41]],[[24,62],[60,65]]]},
"G964": {"type": "Matrix2x2", "payoffs": [[[56,2],[0,0]],[[71,29],[63,21]]]},
"G965": {"type": "Matrix2x2", "payoffs": [[[0,24],[84,33]],[[59,0],[82,21]]]},
"G966": {"type": "Matrix2x2", "payoffs": [[[20,0],[28,2]],[[0,6],[67,18]]]},
"G967": {"type": "Matrix2x2", "payoffs": [[[40,0],[67,70]],[[55,19],[0,15]]]},
"G968": {"type": "Matrix2x2", "payoffs": [[[20,27],[0,19]],[[84,0],[85,37]]]},
"G969": {"type": "Matrix2x2", "payoffs": [[[23,70],[18,8]],[[6,11],[0,0]]]},
"G970": {"type": "Matrix2x2", "payoffs": [[[12,78],[0,60]],[[7,0],[8,24]]]},
"G971": {"type": "Matrix2x2", "payoffs": [[[16,36],[3,9]],[[0,0],[48,39]]]},
"G972": {"type": "Matrix2x2", "payoffs": [[[35,0],[0,1]],[[2,8],[46,16]]]},
"G973": {"type": "Matrix2x2", "payoffs": [[[0,89],[23,0]],[[55,91],[22,8]]]},
"G974": {"type": "Matrix2x2", "payoffs": [[[0,37],[2,6]],[[8,0],[39,95]]]},
"G975": {"type": "Matrix2x2", "payoffs": [[[79,28],[98,45]],[[69,0],[0,29]]]},
"G976": {"type": "Matrix2x2", "payoffs": [[[100,19],[11,5]],[[28,0],[0,8]]]},
"G977": {"type": "Matrix2x2", "payoffs": [[[51,25],[28,0]],[[13,20],[0,18]]]},
"G978": {"type": "Matrix2x2", "payoffs": [[[22,0],[16,91]],[[47,95],[0,36]]]},
"G979": {"type": "Matrix2x2", "payoffs": [[[30,12],[16,3]],[[11,6],[0,0]]]},
"G980": {"type": "Matrix2x2", "payoffs": [[[3,5],[0,3]],[[17,0],[62,7]]]},
"G981": {"type": "Matrix2x2", "payoffs": [[[31,11],[82,48]],[[0,32],[13,0]]]},
"G982": {"type": "Matrix2x2", "payoffs": [[[61,74],[24,56]],[[60,64],[0,0]]]},
"G983": {"type": "Matrix2x2", "payoffs": [[[0,22],[38,0]],[[66,10],[79,23]]]},
"G984": {"type": "Matrix2x2", "payoffs": [[[25,51],[0,13]],[[8,0],[20,2]]]},
"G985": {"type": "Matrix2x2", "payoffs": [[[0,4],[27,0]],[[66,54],[32,25]]]},
"G986": {"type": "Matrix2x2", "payoffs": [[[20,4],[36,14]],[[19,0],[0,6]]]},
"G987": {"type": "Matrix2x2", "payoffs": [[[38,70],[28,67]],[[34,0],[0,29]]]},
"G988": {"type": "Matrix2x2", "payoffs": [[[16,27],[0,10]],[[27,0],[30,40]]]},
"G989": {"type": "Matrix2x2", "payoffs": [[[19,0],[24,56]],[[8,47],[0,33]]]},
"G990": {"type": "Matrix2x2", "payoffs": [[[0,0],[11,28]],[[25,30],[19,20]]]},
"G991": {"type": "Matrix2x2", "payoffs": [[[9,0],[0,1]],[[33,4],[37,8]]]},
"G992": {"type": "Matrix2x2", "payoffs": [[[0,43],[54,0]],[[17,47],[55,85]]]},
"G993": {"type": "Matrix2x2", "payoffs": [[[40,0],[59,3]],[[68,41],[0,33]]]},
"G994": {"type": "Matrix2x2", "payoffs": [[[11,30],[0,81]],[[12,0],[54,85]]]},
"G995": {"type": "Matrix2x2", "payoffs": [[[12,5],[0,32]],[[17,35],[1,0]]]},
"G996": {"type": "Matrix2x2", "payoffs": [[[26,2],[0,40]],[[42,42],[4,0]]]},
"G997": {"type": "Matrix2x2", "payoffs": [[[47,5],[18,4]],[[1,0],[0,1]]]},
"G998": {"type": "Matrix2x2", "payoffs": [[[7,69],[55,82]],[[0,0],[3,12]]]},
"G999": {"type": "Matrix2x2", "payoffs": [[[49,85],[1,75]],[[6,0],[0,3]]]},
"G1000": {"type": "Matrix2x2", "payoffs": [[[0,4],[96,28]],[[28,14],[89,0]]]}
}