{
"numGames": 100,
"G1": {"type": "Matrix2x2", "payoffs": [[[82,1],[83,93]],[[4,0],[0,73]]]},
"G2": {"type": "Matrix2x2", "payoffs": [[[25,72],[11,0]],[[0,60],[5,15]]]},
"G3": {"type": "Matrix2x2", "payoffs": [[[66,13],[47,3]],[[0,0],[89,17]]]},
"G4": {"type": "Matrix2x2", "payoffs": [[[8,52],[14,74]],[[0,0],[6,37]]]},
"G5": {"type": "Matrix2x2", "payoffs": [[[0,0],[92,54]],[[62,27],[72,12]]]},
"G6": {"type": "Matrix2x2", "payoffs": [[[17,17],[70,49]],[[69,26],[0,0]]]},
"G7": {"type": "Matrix2x2", "payoffs": [[[0,5],[74,8]],[[29,3],[26,0]]]},
"G8": {"type": "Matrix2x2", "payoffs": [[[39,81],[25,0]],[[34,59],[0,49]]]},
"G9": {"type": "Matrix2x2", "payoffs": [[[2,51],[11,32]],[[13,58],[0,0]]]},
"G10": {"type": "Matrix2x2", "payoffs": [[[5,34],[0,21]],[[35,36],[23,0]]]},
"G11": {"type": "Matrix2x2", "payoffs": [[[35,53],[19,30]],[[0,0],[39,61]]]},
"G12": {"type": "Matrix2x2", "payoffs": [[[0,0],[66,33]],[[13,10],[5,30]]]},
"G13": {"type": "Matrix2x2", "payoffs": [[[0,0],[6,5]],[[16,12],[27,41]]]},
"G14": {"type": "Matrix2x2", "payoffs": [[[0,71],[6,4]],[[15,82],[4,0]]]},
"G15": {"type": "Matrix2x2", "payoffs": [[[17,0],[89,100]],[[0,97],[3,51]]]},
"G16": {"type": "Matrix2x2", "payoffs": [[[10,21],[11,24]],[[9,0],[0,22]]]},
"G17": {"type": "Matrix2x2", "payoffs": [[[59,0],[61,46]],[[69,47],[0,1]]]},
"G18": {"type": "Matrix2x2", "payoffs": [[[72,59],[0,40]],[[68,0],[87,81]]]},
"G19": {"type": "Matrix2x2", "payoffs": [[[77,38],[0,32]],[[11,0],[40,37]]]},
"G20": {"type": "Matrix2x2", "payoffs": [[[0,42],[7,12]],[[20,47],[16,0]]]},
"G21": {"type": "Matrix2x2", "payoffs": [[[26,18],[52,0]],[[72,27],[0,5]]]},
"G22": {"type": "Matrix2x2", "payoffs": [[[56,85],[0,29]],[[15,0],[48,35]]]},
"G23": {"type": "Matrix2x2", "payoffs": [[[5,64],[0,69]],[[22,89],[11,0]]]},
"G24": {"type": "Matrix2x2", "payoffs": [[[0,35],[11,0]],[[44,71],[29,37]]]},
"G25": {"type": "Matrix2x2", "payoffs": [[[57,86],[45,25]],[[0,0],[48,79]]]},
"G26": {"type": "Matrix2x2", "payoffs": [[[4,0],[0,4]],[[79,6],[97,7]]]},
"G27": {"type": "Matrix2x2", "payoffs": [[[9,20],[0,0]],[[8,13],[10,39]]]},
"G28": {"type": "Matrix2x2", "payoffs": [[[62,6],[86,0]],[[0,9],[88,12]]]},
"G29": {"type": "Matrix2x2", "payoffs": [[[18,20],[3,55]],[[70,56],[0,0]]]},
"G30": {"type": "Matrix2x2", "payoffs": [[[84,60],[13,37]],[[0,39],[82,0]]]},
"G31": {"type": "Matrix2x2", "payoffs": [[[3,13],[16,92]],[[14,5],[0,0]]]},
"G32": {"type": "Matrix2x2", "payoffs": [[[0,0],[8,47]],[[63,81],[23,2]]]},
"G33": {"type": "Matrix2x2", "payoffs": [[[4,0],[8,15]],[[13,88],[0,53]]]},
"G34": {"type": "Matrix2x2", "payoffs": [[[6,5],[79,39]],[[0,6],[7,0]]]},
"G35": {"type": "Matrix2x2", "payoffs": [[[1,11],[69,65]],[[0,43],[68,0]]]},
"G36": {"type": "Matrix2x2", "payoffs": [[[0,72],[2,0]],[[11,82],[8,8]]]},
"G37": {"type": "Matrix2x2", "payoffs": [[[4,0],[0,80]],[[74,93],[39,32]]]},
"G38": {"type": "Matrix2x2", "payoffs": [[[18,0],[0,12]],[[29,32],[25,9]]]},
"G39": {"type": "Matrix2x2", "payoffs": [[[12,0],[6,41]],[[0,40],[86,46]]]},
"G40": {"type": "Matrix2x2", "payoffs": [[[15,91],[12,0]],[[9,81],[0,19]]]},
"G41": {"type": "Matrix2x2", "payoffs": [[[6,17],[42,19]],[[0,16],[7,0]]]},
"G42": {"type": "Matrix2x2", "payoffs": [[[13,0],[15,2]],[[22,14],[0,12]]]},
"G43": {"type": "Matrix2x2", "payoffs": [[[11,14],[31,2]],[[0,0],[84,15]]]},
"G44": {"type": "Matrix2x2", "payoffs": [[[12,33],[7,8]],[[19,82],[0,0]]]},
"G45": {"type": "Matrix2x2", "payoffs": [[[3,0],[9,35]],[[4,32],[0,28]]]},
"G46": {"type": "Matrix2x2", "payoffs": [[[21,23],[35,0]],[[64,69],[0,63]]]},
"G47": {"type": "Matrix2x2", "payoffs": [[[28,0],[0,16]],[[27,2],[49,83]]]},
"G48": {"type": "Matrix2x2", "payoffs": [[[16,0],[11,5]],[[17,13],[0,6]]]},
"G49": {"type": "Matrix2x2", "payoffs": [[[12,56],[20,0]],[[0,17],[63,60]]]},
"G50": {"type": "Matrix2x2", "payoffs": [[[7,78],[5,69]],[[0,52],[2,0]]]},
"G51": {"type": "Matrix2x2", "payoffs": [[[0,46],[3,0]],[[7,3],[10,48]]]},
"G52": {"type": "Matrix2x2", "payoffs": [[[59,34],[48,8]],[[16,23],[0,0]]]},
"G53": {"type": "Matrix2x2", "payoffs": [[[23,15],[59,62]],[[37,30],[0,0]]]},
"G54": {"type": "Matrix2x2", "payoffs": [[[9,18],[0,0]],[[26,27],[5,25]]]},
"G55": {"type": "Matrix2x2", "payoffs": [[[0,3],[4,4]],[[1,2],[2,0]]]},
"G56": {"type": "Matrix2x2", "payoffs": [[[72,38],[69,0]],[[55,13],[0,14]]]},
"G57": {"type": "Matrix2x2", "payoffs": [[[0,0],[17,8]],[[36,1],[89,48]]]},
"G58": {"type": "Matrix2x2", "payoffs": [[[6,30],[58,0]],[[86,65],[0,61]]]},
"G59": {"type": "Matrix2x2", "payoffs": [[[57,0],[0,61]],[[21,18],[75,95]]]},
"G60": {"type": "Matrix2x2", "payoffs": [[[18,0],[0,37]],[[35,46],[24,14]]]},
"G61": {"type": "Matrix2x2", "payoffs": [[[50,93],[10,0]],[[0,37],[17,87]]]},
"G62": {"type": "Matrix2x2", "payoffs": [[[26,37],[0,2]],[[5,29],[20,0]]]},
"G63": {"type": "Matrix2x2", "payoffs": [[[17,0],[60,85]],[[26,44],[0,82]]]},
"G64": {"type": "Matrix2x2", "payoffs": [[[49,8],[64,15]],[[0,0],[75,57]]]},
"G65": {"type": "Matrix2x2", "payoffs": [[[58,15],[0,67]],[[1,0],[60,87]]]},
"G66": {"type": "Matrix2x2", "payoffs": [[[0,0],[20,16]],[[43,34],[16,2]]]},
"G67": {"type": "Matrix2x2", "payoffs": [[[14,65],[54,0]],[[58,96],[0,56]]]},
"G68": {"type": "Matrix2x2", "payoffs": [[[0,25],[31,17]],[[62,0],[99,65]]]},
"G69": {"type": "Matrix2x2", "payoffs": [[[75,4],[70,0]],[[0,1],[24,2]]]},
"G70": {"type": "Matrix2x2", "payoffs": [[[89,82],[0,0]],[[41,36],[20,33]]]},
"G71": {"type": "Matrix2x2", "payoffs": [[[98,53],[7,34]],[[0,0],[92,39]]]},
"G72": {"type": "Matrix2x2", "payoffs": [[[10,0],[92,30]],[[81,3],[0,29]]]},
"G73": {"type": "Matrix2x2", "payoffs": [[[79,98],[77,0]],[[0,17],[60,3]]]},
"G74": {"type": "Matrix2x2", "payoffs": [[[30,13],[19,0]],[[0,7],[75,49]]]},
"G75": {"type": "Matrix2x2", "payoffs": [[[0,2],[4,4]],[[3,0],[50,7]]]},
"G76": {"type": "Matrix2x2", "payoffs": [[[70,96],[0,46]],[[4,0],[67,66]]]},
"G77": {"type": "Matrix2x2", "payoffs": [[[34,0],[0,11]],[[43,82],[19,76]]]},
"G78": {"type": "Matrix2x2", "payoffs": [[[0,1],[96,4]],[[90,0],[63,3]]]},
"G79": {"type": "Matrix2x2", "payoffs": [[[23,23],[32,16]],[[46,30],[0,0]]]},
"G80": {"type": "Matrix2x2", "payoffs": [[[88,87],[0,68]],[[76,35],[36,0]]]},
"G81": {"type": "Matrix2x2", "payoffs": [[[11,0],[0,14]],[[69,20],[99,24]]]},
"G82": {"type": "Matrix2x2", "payoffs": [[[22,0],[39,44]],[[0,27],[12,3]]]},
"G83": {"type": "Matrix2x2", "payoffs": [[[50,44],[67,0]],[[81,46],[0,20]]]},
"G84": {"type": "Matrix2x2", "payoffs": [[[85,0],[96,14]],[[0,12],[82,5]]]},
"G85": {"type": "Matrix2x2", "payoffs": [[[39,0],[64,56]],[[89,98],[0,88]]]},
"G86": {"type": "Matrix2x2", "payoffs": [[[71,90],[57,0]],[[0,26],[53,68]]]},
"G87": {"type": "Matrix2x2", "payoffs": [[[5,0],[18,90]],[[17,61],[0,47]]]},
"G88": {"type": "Matrix2x2", "payoffs": [[[67,36],[92,95]],[[47,89],[0,0]]]},
"G89": {"type": "Matrix2x2", "payoffs": [[[4,0],[5,89]],[[0,14],[2,43]]]},
"G90": {"type": "Matrix2x2", "payoffs": [[[0,2],[23,42]],[[2,0],[13,17]]]},
"G91": {"type": "Matrix2x2", "payoffs": [[[11,0],[22,56]],[[0,12],[35,58]]]},
"G92": {"type": "Matrix2x2", "payoffs": [[[0,0],[90,35]],[[21,6],[71,3]]]},
"G93": {"type": "Matrix2x2", "payoffs": [[[17,12],[19,24]],[[9,0],[0,1]]]},
"G94": {"type": "Matrix2x2", "payoffs": [[[0,52],[42,33]],[[74,0],[97,92]]]},
"G95": {"type": "Matrix2x2", "payoffs": [[[0,0],[51,25]],[[54,48],[65,65]]]},
"G96": {"type": "Matrix2x2", "payoffs": [[[3,50],[0,59]],[[29,93],[22,0]]]},
"G97": {"type": "Matrix2x2", "payoffs": [[[13,3],[0,0]],[[26,70],[11,45]]]},
"G98": {"type": "Matrix2x2", "payoffs": [[[65,8],[55,14]],[[68,20],[0,0]]]},
"G99": {"type": "Matrix2x2", "payoffs": [[[44,39],[0,24]],[[38,5],[16,0]]]},
"G100": {"type": "Matrix2x2", "payoffs": [[[69,36],[37,21]],[[98,97],[0,0]]]}
}