{
"numGames": 100,
"G1": {"type": "Matrix2x2", "payoffs": [[[14,0],[19,20]],[[0,18],[24,39]]]},
"G2": {"type": "Matrix2x2", "payoffs": [[[26,56],[0,84]],[[67,89],[54,0]]]},
"G3": {"type": "Matrix2x2", "payoffs": [[[6,2],[0,3]],[[33,5],[8,0]]]},
"G4": {"type": "Matrix2x2", "payoffs": [[[68,3],[25,1]],[[64,0],[0,2]]]},
"G5": {"type": "Matrix2x2", "payoffs": [[[63,10],[0,0]],[[74,19],[2,12]]]},
"G6": {"type": "Matrix2x2", "payoffs": [[[75,0],[34,22]],[[78,53],[0,17]]]},
"G7": {"type": "Matrix2x2", "payoffs": [[[9,48],[7,0]],[[0,41],[1,45]]]},
"G8": {"type": "Matrix2x2", "payoffs": [[[52,64],[42,28]],[[41,12],[0,0]]]},
"G9": {"type": "Matrix2x2", "payoffs": [[[39,4],[20,5]],[[0,0],[61,6]]]},
"G10": {"type": "Matrix2x2", "payoffs": [[[41,34],[15,22]],[[0,5],[37,0]]]},
"G11": {"type": "Matrix2x2", "payoffs": [[[0,43],[65,0]],[[68,36],[93,100]]]},
"G12": {"type": "Matrix2x2", "payoffs": [[[73,1],[48,0]],[[0,58],[76,60]]]},
"G13": {"type": "Matrix2x2", "payoffs": [[[0,0],[3,80]],[[22,92],[12,49]]]},
"G14": {"type": "Matrix2x2", "payoffs": [[[25,1],[9,4]],[[87,6],[0,0]]]},
"G15": {"type": "Matrix2x2", "payoffs": [[[5,47],[8,0]],[[12,53],[0,48]]]},
"G16": {"type": "Matrix2x2", "payoffs": [[[25,20],[0,21]],[[39,0],[63,41]]]},
"G17": {"type": "Matrix2x2", "payoffs": [[[46,0],[0,48]],[[67,88],[51,60]]]},
"G18": {"type": "Matrix2x2", "payoffs": [[[5,56],[0,0]],[[6,75],[4,9]]]},
"G19": {"type": "Matrix2x2", "payoffs": [[[0,0],[49,48]],[[54,63],[46,47]]]},
"G20": {"type": "Matrix2x2", "payoffs": [[[23,77],[7,53]],[[0,49],[4,0]]]},
"G21": {"type": "Matrix2x2", "payoffs": [[[0,22],[8,30]],[[1,0],[6,6]]]},
"G22": {"type": "Matrix2x2", "payoffs": [[[0,46],[47,0]],[[48,59],[2,37]]]},
"G23": {"type": "Matrix2x2", "payoffs": [[[42,73],[39,0]],[[0,33],[40,28]]]},
"G24": {"type": "Matrix2x2", "payoffs": [[[9,81],[1,0]],[[2,29],[0,58]]]},
"G25": {"type": "Matrix2x2", "payoffs": [[[16,0],[27,12]],[[10,6],[0,11]]]},
"G26": {"type": "Matrix2x2", "payoffs": [[[41,1],[0,0]],[[61,2],[96,3]]]},
"G27": {"type": "Matrix2x2", "payoffs": [[[15,0],[0,84]],[[54,23],[74,87]]]},
"G28": {"type": "Matrix2x2", "payoffs": [[[94,74],[8,7]],[[79,31],[0,0]]]},
"G29": {"type": "Matrix2x2", "payoffs": [[[0,0],[66,32]],[[18,59],[88,70]]]},
"G30": {"type": "Matrix2x2", "payoffs": [[[0,55],[24,0]],[[64,74],[61,56]]]},
"G31": {"type": "Matrix2x2", "payoffs": [[[0,35],[57,83]],[[33,0],[55,46]]]},
"G32": {"type": "Matrix2x2", "payoffs": [[[25,12],[0,0]],[[12,42],[35,57]]]},
"G33": {"type": "Matrix2x2", "payoffs": [[[0,0],[1,1]],[[47,5],[52,7]]]},
"G34": {"type": "Matrix2x2", "payoffs": [[[0,10],[95,19]],[[25,0],[50,2]]]},
"G35": {"type": "Matrix2x2", "payoffs": [[[49,0],[0,12]],[[100,94],[32,90]]]},
"G36": {"type": "Matrix2x2", "payoffs": [[[60,28],[0,17]],[[34,0],[12,12]]]},
"G37": {"type": "Matrix2x2", "payoffs": [[[48,96],[2,23]],[[0,92],[4,0]]]},
"G38": {"type": "Matrix2x2", "payoffs": [[[2,0],[0,22]],[[10,10],[11,68]]]},
"G39": {"type": "Matrix2x2", "payoffs": [[[67,0],[82,53]],[[0,7],[80,45]]]},
"G40": {"type": "Matrix2x2", "payoffs": [[[3,6],[1,11]],[[15,23],[0,0]]]},
"G41": {"type": "Matrix2x2", "payoffs": [[[0,2],[16,43]],[[3,0],[5,26]]]},
"G42": {"type": "Matrix2x2", "payoffs": [[[7,0],[19,87]],[[4,57],[0,8]]]},
"G43": {"type": "Matrix2x2", "payoffs": [[[0,32],[1,21]],[[86,35],[7,0]]]},
"G44": {"type": "Matrix2x2", "payoffs": [[[38,3],[28,18]],[[52,29],[0,0]]]},
"G45": {"type": "Matrix2x2", "payoffs": [[[33,22],[40,86]],[[0,43],[26,0]]]},
"G46": {"type": "Matrix2x2", "payoffs": [[[15,99],[8,32]],[[10,10],[0,0]]]},
"G47": {"type": "Matrix2x2", "payoffs": [[[1,0],[3,5]],[[0,39],[4,91]]]},
"G48": {"type": "Matrix2x2", "payoffs": [[[6,25],[3,0]],[[0,16],[2,23]]]},
"G49": {"type": "Matrix2x2", "payoffs": [[[20,15],[1,0]],[[0,14],[19,11]]]},
"G50": {"type": "Matrix2x2", "payoffs": [[[15,25],[13,0]],[[0,21],[54,65]]]},
"G51": {"type": "Matrix2x2", "payoffs": [[[0,21],[17,36]],[[18,0],[68,68]]]},
"G52": {"type": "Matrix2x2", "payoffs": [[[0,0],[75,74]],[[13,21],[4,71]]]},
"G53": {"type": "Matrix2x2", "payoffs": [[[63,21],[0,2]],[[55,0],[22,16]]]},
"G54": {"type": "Matrix2x2", "payoffs": [[[4,24],[25,20]],[[26,35],[0,0]]]},
"G55": {"type": "Matrix2x2", "payoffs": [[[19,24],[96,30]],[[51,16],[0,0]]]},
"G56": {"type": "Matrix2x2", "payoffs": [[[59,91],[13,0]],[[1,87],[0,59]]]},
"G57": {"type": "Matrix2x2", "payoffs": [[[17,22],[24,0]],[[0,15],[38,68]]]},
"G58": {"type": "Matrix2x2", "payoffs": [[[2,15],[0,33]],[[19,0],[20,69]]]},
"G59": {"type": "Matrix2x2", "payoffs": [[[0,36],[4,38]],[[1,0],[2,9]]]},
"G60": {"type": "Matrix2x2", "payoffs": [[[19,0],[0,5]],[[39,78],[16,49]]]},
"G61": {"type": "Matrix2x2", "payoffs": [[[2,13],[59,32]],[[0,5],[37,0]]]},
"G62": {"type": "Matrix2x2", "payoffs": [[[83,0],[5,15]],[[0,30],[85,36]]]},
"G63": {"type": "Matrix2x2", "payoffs": [[[9,0],[38,36]],[[63,59],[0,38]]]},
"G64": {"type": "Matrix2x2", "payoffs": [[[7,0],[12,23]],[[14,92],[0,76]]]},
"G65": {"type": "Matrix2x2", "payoffs": [[[0,26],[36,59]],[[37,79],[20,0]]]},
"G66": {"type": "Matrix2x2", "payoffs": [[[3,44],[0,0]],[[2,5],[1,7]]]},
"G67": {"type": "Matrix2x2", "payoffs": [[[43,17],[93,39]],[[0,12],[53,0]]]},
"G68": {"type": "Matrix2x2", "payoffs": [[[29,1],[0,6]],[[4,0],[47,16]]]},
"G69": {"type": "Matrix2x2", "payoffs": [[[0,15],[31,0]],[[70,74],[43,52]]]},
"G70": {"type": "Matrix2x2", "payoffs": [[[69,0],[64,23]],[[84,24],[0,8]]]},
"G71": {"type": "Matrix2x2", "payoffs": [[[52,38],[0,31]],[[90,48],[59,0]]]},
"G72": {"type": "Matrix2x2", "payoffs": [[[77,91],[0,0]],[[60,6],[30,76]]]},
"G73": {"type": "Matrix2x2", "payoffs": [[[85,13],[0,0]],[[53,8],[76,1]]]},
"G74": {"type": "Matrix2x2", "payoffs": [[[10,9],[1,17]],[[0,0],[33,99]]]},
"G75": {"type": "Matrix2x2", "payoffs": [[[25,6],[45,60]],[[0,0],[10,39]]]},
"G76": {"type": "Matrix2x2", "payoffs": [[[2,27],[6,83]],[[0,0],[54,91]]]},
"G77": {"type": "Matrix2x2", "payoffs": [[[25,32],[10,1]],[[59,57],[0,0]]]},
"G78": {"type": "Matrix2x2", "payoffs": [[[12,28],[11,22]],[[3,0],[0,26]]]},
"G79": {"type": "Matrix2x2", "payoffs": [[[0,45],[17,3]],[[18,52],[2,0]]]},
"G80": {"type": "Matrix2x2", "payoffs": [[[43,6],[0,0]],[[69,72],[25,28]]]},
"G81": {"type": "Matrix2x2", "payoffs": [[[42,48],[40,0]],[[13,45],[0,13]]]},
"G82": {"type": "Matrix2x2", "payoffs": [[[17,11],[16,0]],[[0,9],[10,2]]]},
"G83": {"type": "Matrix2x2", "payoffs": [[[24,27],[80,99]],[[0,55],[58,0]]]},
"G84": {"type": "Matrix2x2", "payoffs": [[[46,19],[0,0]],[[9,13],[64,40]]]},
"G85": {"type": "Matrix2x2", "payoffs": [[[63,71],[0,61]],[[19,0],[97,78]]]},
"G86": {"type": "Matrix2x2", "payoffs": [[[10,2],[4,3]],[[0,0],[13,4]]]},
"G87": {"type": "Matrix2x2", "payoffs": [[[43,0],[39,38]],[[45,62],[0,60]]]},
"G88": {"type": "Matrix2x2", "payoffs": [[[0,0],[5,6]],[[16,36],[9,32]]]},
"G89": {"type": "Matrix2x2", "payoffs": [[[50,17],[75,28]],[[0,0],[21,9]]]},
"G90": {"type": "Matrix2x2", "payoffs": [[[51,50],[6,23]],[[0,27],[48,0]]]},
"G91": {"type": "Matrix2x2", "payoffs": [[[0,3],[42,9]],[[87,15],[32,0]]]},
"G92": {"type": "Matrix2x2", "payoffs": [[[53,0],[78,3]],[[0,6],[85,7]]]},
"G93": {"type": "Matrix2x2", "payoffs": [[[0,0],[63,89]],[[20,38],[45,19]]]},
"G94": {"type": "Matrix2x2", "payoffs": [[[11,70],[2,50]],[[0,13],[9,0]]]},
"G95": {"type": "Matrix2x2", "payoffs": [[[17,63],[42,70]],[[0,34],[16,0]]]},
"G96": {"type": "Matrix2x2", "payoffs": [[[95,0],[0,7]],[[39,2],[96,38]]]},
"G97": {"type": "Matrix2x2", "payoffs": [[[28,0],[25,11]],[[0,4],[55,12]]]},
"G98": {"type": "Matrix2x2", "payoffs": [[[83,35],[0,33]],[[67,7],[60,0]]]},
"G99": {"type": "Matrix2x2", "payoffs": [[[16,49],[11,18]],[[9,0],[0,20]]]},
"G100": {"type": "Matrix2x2", "payoffs": [[[0,0],[10,23]],[[2,12],[23,35]]]}
}