{
"numGames": 100,
"G1": {"type": "Matrix2x2", "payoffs": [[[97,53],[79,30]],[[0,0],[81,39]]]},
"G2": {"type": "Matrix2x2", "payoffs": [[[44,0],[59,5]],[[99,7],[0,1]]]},
"G3": {"type": "Matrix2x2", "payoffs": [[[11,16],[0,0]],[[16,48],[13,45]]]},
"G4": {"type": "Matrix2x2", "payoffs": [[[0,0],[51,79]],[[19,49],[34,66]]]},
"G5": {"type": "Matrix2x2", "payoffs": [[[0,33],[30,36]],[[29,7],[2,0]]]},
"G6": {"type": "Matrix2x2", "payoffs": [[[13,5],[0,0]],[[68,12],[82,50]]]},
"G7": {"type": "Matrix2x2", "payoffs": [[[1,22],[28,23]],[[13,2],[0,0]]]},
"G8": {"type": "Matrix2x2", "payoffs": [[[61,1],[22,0]],[[0,16],[92,31]]]},
"G9": {"type": "Matrix2x2", "payoffs": [[[5,64],[4,48]],[[0,20],[2,0]]]},
"G10": {"type": "Matrix2x2", "payoffs": [[[55,0],[0,51]],[[99,67],[96,36]]]},
"G11": {"type": "Matrix2x2", "payoffs": [[[68,16],[0,3]],[[16,0],[9,8]]]},
"G12": {"type": "Matrix2x2", "payoffs": [[[0,0],[8,54]],[[54,99],[51,16]]]},
"G13": {"type": "Matrix2x2", "payoffs": [[[36,0],[63,64]],[[24,61],[0,59]]]},
"G14": {"type": "Matrix2x2", "payoffs": [[[65,38],[0,0]],[[88,83],[55,48]]]},
"G15": {"type": "Matrix2x2", "payoffs": [[[27,0],[0,2]],[[40,6],[33,5]]]},
"G16": {"type": "Matrix2x2", "payoffs": [[[37,3],[36,1]],[[13,0],[0,2]]]},
"G17": {"type": "Matrix2x2", "payoffs": [[[14,1],[24,0]],[[0,10],[57,11]]]},
"G18": {"type": "Matrix2x2", "payoffs": [[[30,0],[6,27]],[[0,20],[50,28]]]},
"G19": {"type": "Matrix2x2", "payoffs": [[[78,96],[75,0]],[[32,88],[0,91]]]},
"G20": {"type": "Matrix2x2", "payoffs": [[[0,21],[73,75]],[[61,0],[18,15]]]},
"G21": {"type": "Matrix2x2", "payoffs": [[[2,34],[8,63]],[[0,51],[7,0]]]},
"G22": {"type": "Matrix2x2", "payoffs": [[[56,38],[17,30]],[[32,14],[0,0]]]},
"G23": {"type": "Matrix2x2", "payoffs": [[[12,0],[17,15]],[[0,43],[23,45]]]},
"G24": {"type": "Matrix2x2", "payoffs": [[[11,36],[0,33]],[[4,7],[9,0]]]},
"G25": {"type": "Matrix2x2", "payoffs": [[[0,55],[11,0]],[[7,18],[14,100]]]},
"G26": {"type": "Matrix2x2", "payoffs": [[[87,71],[0,14]],[[29,0],[11,49]]]},
"G27": {"type": "Matrix2x2", "payoffs": [[[10,28],[9,6]],[[0,24],[1,0]]]},
"G28": {"type": "Matrix2x2", "payoffs": [[[16,0],[13,21]],[[0,13],[25,29]]]},
"G29": {"type": "Matrix2x2", "payoffs": [[[0,29],[42,0]],[[64,13],[74,44]]]},
"G30": {"type": "Matrix2x2", "payoffs": [[[4,0],[58,18]],[[0,14],[14,13]]]},
"G31": {"type": "Matrix2x2", "payoffs": [[[16,68],[2,66]],[[10,0],[0,4]]]},
"G32": {"type": "Matrix2x2", "payoffs": [[[40,26],[17,0]],[[38,8],[0,11]]]},
"G33": {"type": "Matrix2x2", "payoffs": [[[0,5],[58,55]],[[14,32],[48,0]]]},
"G34": {"type": "Matrix2x2", "payoffs": [[[11,6],[0,0]],[[45,12],[22,10]]]},
"G35": {"type": "Matrix2x2", "payoffs": [[[7,16],[0,0]],[[5,6],[2,2]]]},
"G36": {"type": "Matrix2x2", "payoffs": [[[0,34],[8,0]],[[44,55],[80,75]]]},
"G37": {"type": "Matrix2x2", "payoffs": [[[38,0],[88,99]],[[79,88],[0,2]]]},
"G38": {"type": "Matrix2x2", "payoffs": [[[5,6],[13,5]],[[15,20],[0,0]]]},
"G39": {"type": "Matrix2x2", "payoffs": [[[0,0],[8,59]],[[3,10],[2,24]]]},
"G40": {"type": "Matrix2x2", "payoffs": [[[42,28],[65,38]],[[0,37],[16,0]]]},
"G41": {"type": "Matrix2x2", "payoffs": [[[69,2],[70,7]],[[37,0],[0,4]]]},
"G42": {"type": "Matrix2x2", "payoffs": [[[16,0],[0,8]],[[17,90],[12,62]]]},
"G43": {"type": "Matrix2x2", "payoffs": [[[0,10],[15,0]],[[61,15],[95,17]]]},
"G44": {"type": "Matrix2x2", "payoffs": [[[0,0],[82,35]],[[67,15],[14,33]]]},
"G45": {"type": "Matrix2x2", "payoffs": [[[43,40],[79,77]],[[0,64],[35,0]]]},
"G46": {"type": "Matrix2x2", "payoffs": [[[46,30],[38,10]],[[35,29],[0,0]]]},
"G47": {"type": "Matrix2x2", "payoffs": [[[53,33],[57,35]],[[0,0],[28,23]]]},
"G48": {"type": "Matrix2x2", "payoffs": [[[5,0],[0,60]],[[93,61],[83,56]]]},
"G49": {"type": "Matrix2x2", "payoffs": [[[15,49],[30,79]],[[0,55],[27,0]]]},
"G50": {"type": "Matrix2x2", "payoffs": [[[0,64],[19,27]],[[70,67],[9,0]]]},
"G51": {"type": "Matrix2x2", "payoffs": [[[8,80],[30,89]],[[0,0],[22,45]]]},
"G52": {"type": "Matrix2x2", "payoffs": [[[23,4],[5,9]],[[0,0],[30,13]]]},
"G53": {"type": "Matrix2x2", "payoffs": [[[38,0],[0,43]],[[88,57],[87,46]]]},
"G54": {"type": "Matrix2x2", "payoffs": [[[1,8],[0,78]],[[8,0],[9,85]]]},
"G55": {"type": "Matrix2x2", "payoffs": [[[17,0],[0,22]],[[33,52],[5,11]]]},
"G56": {"type": "Matrix2x2", "payoffs": [[[0,0],[88,26]],[[69,15],[29,24]]]},
"G57": {"type": "Matrix2x2", "payoffs": [[[0,0],[2,12]],[[45,20],[73,54]]]},
"G58": {"type": "Matrix2x2", "payoffs": [[[76,16],[0,0]],[[75,6],[80,21]]]},
"G59": {"type": "Matrix2x2", "payoffs": [[[12,31],[8,0]],[[0,18],[10,15]]]},
"G60": {"type": "Matrix2x2", "payoffs": [[[28,32],[0,0]],[[43,47],[36,40]]]},
"G61": {"type": "Matrix2x2", "payoffs": [[[0,15],[64,0]],[[65,18],[63,16]]]},
"G62": {"type": "Matrix2x2", "payoffs": [[[19,15],[0,0]],[[51,82],[15,50]]]},
"G63": {"type": "Matrix2x2", "payoffs": [[[8,43],[74,0]],[[83,63],[0,8]]]},
"G64": {"type": "Matrix2x2", "payoffs": [[[8,58],[9,0]],[[11,78],[0,28]]]},
"G65": {"type": "Matrix2x2", "payoffs": [[[0,0],[52,87]],[[61,90],[17,65]]]},
"G66": {"type": "Matrix2x2", "payoffs": [[[76,61],[0,0]],[[14,15],[51,45]]]},
"G67": {"type": "Matrix2x2", "payoffs": [[[17,0],[0,1]],[[100,7],[59,2]]]},
"G68": {"type": "Matrix2x2", "payoffs": [[[6,31],[10,65]],[[5,54],[0,0]]]},
"G69": {"type": "Matrix2x2", "payoffs": [[[6,17],[9,65]],[[1,0],[0,56]]]},
"G70": {"type": "Matrix2x2", "payoffs": [[[0,0],[56,9]],[[80,29],[99,33]]]},
"G71": {"type": "Matrix2x2", "payoffs": [[[36,0],[0,2]],[[72,7],[62,6]]]},
"G72": {"type": "Matrix2x2", "payoffs": [[[20,12],[25,26]],[[21,0],[0,22]]]},
"G73": {"type": "Matrix2x2", "payoffs": [[[0,44],[13,0]],[[52,75],[23,59]]]},
"G74": {"type": "Matrix2x2", "payoffs": [[[99,64],[0,0]],[[95,21],[67,50]]]},
"G75": {"type": "Matrix2x2", "payoffs": [[[43,36],[73,39]],[[0,0],[5,35]]]},
"G76": {"type": "Matrix2x2", "payoffs": [[[31,20],[28,0]],[[0,29],[44,59]]]},
"G77": {"type": "Matrix2x2", "payoffs": [[[21,59],[36,0]],[[51,88],[0,63]]]},
"G78": {"type": "Matrix2x2", "payoffs": [[[68,0],[0,15]],[[98,19],[42,10]]]},
"G79": {"type": "Matrix2x2", "payoffs": [[[0,0],[16,76]],[[36,81],[43,85]]]},
"G80": {"type": "Matrix2x2", "payoffs": [[[1,36],[0,58]],[[9,92],[3,0]]]},
"G81": {"type": "Matrix2x2", "payoffs": [[[78,40],[0,20]],[[10,2],[68,0]]]},
"G82": {"type": "Matrix2x2", "payoffs": [[[4,11],[23,0]],[[51,18],[0,12]]]},
"G83": {"type": "Matrix2x2", "payoffs": [[[30,15],[84,58]],[[0,0],[22,12]]]},
"G84": {"type": "Matrix2x2", "payoffs": [[[98,19],[58,11]],[[69,0],[0,3]]]},
"G85": {"type": "Matrix2x2", "payoffs": [[[4,0],[2,20]],[[0,13],[5,33]]]},
"G86": {"type": "Matrix2x2", "payoffs": [[[0,0],[11,68]],[[17,96],[8,73]]]},
"G87": {"type": "Matrix2x2", "payoffs": [[[17,0],[8,8]],[[0,20],[58,72]]]},
"G88": {"type": "Matrix2x2", "payoffs": [[[74,10],[58,25]],[[89,99],[0,0]]]},
"G89": {"type": "Matrix2x2", "payoffs": [[[8,31],[100,72]],[[74,48],[0,0]]]},
"G90": {"type": "Matrix2x2", "payoffs": [[[11,34],[0,17]],[[2,0],[9,3]]]},
"G91": {"type": "Matrix2x2", "payoffs": [[[0,1],[36,0]],[[37,63],[33,21]]]},
"G92": {"type": "Matrix2x2", "payoffs": [[[2,14],[23,30]],[[0,21],[10,0]]]},
"G93": {"type": "Matrix2x2", "payoffs": [[[51,4],[5,0]],[[9,3],[0,1]]]},
"G94": {"type": "Matrix2x2", "payoffs": [[[44,11],[0,0]],[[61,35],[86,85]]]},
"G95": {"type": "Matrix2x2", "payoffs": [[[37,96],[25,81]],[[0,19],[7,0]]]},
"G96": {"type": "Matrix2x2", "payoffs": [[[70,51],[67,5]],[[0,0],[6,35]]]},
"G97": {"type": "Matrix2x2", "payoffs": [[[0,0],[52,73]],[[29,51],[73,98]]]},
"G98": {"type": "Matrix2x2", "payoffs": [[[3,18],[0,0]],[[47,23],[25,12]]]},
"G99": {"type": "Matrix2x2", "payoffs": [[[44,33],[30,1]],[[0,0],[84,78]]]},
"G100": {"type": "Matrix2x2", "payoffs": [[[68,0],[24,8]],[[0,7],[96,24]]]}
}