{
"numGames": 100,
"G1": {"type": "Matrix2x2", "payoffs": [[[8,3],[18,4]],[[0,0],[26,11]]]},
"G2": {"type": "Matrix2x2", "payoffs": [[[0,0],[7,42]],[[22,81],[9,28]]]},
"G3": {"type": "Matrix2x2", "payoffs": [[[2,5],[0,11]],[[14,24],[13,0]]]},
"G4": {"type": "Matrix2x2", "payoffs": [[[80,0],[83,79]],[[0,32],[66,47]]]},
"G5": {"type": "Matrix2x2", "payoffs": [[[0,0],[31,4]],[[22,3],[16,2]]]},
"G6": {"type": "Matrix2x2", "payoffs": [[[73,74],[70,0]],[[56,24],[0,38]]]},
"G7": {"type": "Matrix2x2", "payoffs": [[[5,0],[0,9]],[[54,21],[26,3]]]},
"G8": {"type": "Matrix2x2", "payoffs": [[[36,1],[0,7]],[[45,0],[64,23]]]},
"G9": {"type": "Matrix2x2", "payoffs": [[[31,2],[88,42]],[[4,0],[0,41]]]},
"G10": {"type": "Matrix2x2", "payoffs": [[[44,72],[0,47]],[[37,71],[9,0]]]},
"G11": {"type": "Matrix2x2", "payoffs": [[[4,69],[13,0]],[[14,76],[0,14]]]},
"G12": {"type": "Matrix2x2", "payoffs": [[[26,2],[0,10]],[[47,0],[67,77]]]},
"G13": {"type": "Matrix2x2", "payoffs": [[[0,61],[61,19]],[[66,0],[71,62]]]},
"G14": {"type": "Matrix2x2", "payoffs": [[[4,3],[8,17]],[[5,1],[0,0]]]},
"G15": {"type": "Matrix2x2", "payoffs": [[[27,28],[66,88]],[[0,25],[56,0]]]},
"G16": {"type": "Matrix2x2", "payoffs": [[[0,25],[21,3]],[[3,0],[53,33]]]},
"G17": {"type": "Matrix2x2", "payoffs": [[[72,8],[0,7]],[[46,4],[41,0]]]},
"G18": {"type": "Matrix2x2", "payoffs": [[[0,89],[58,0]],[[90,94],[36,74]]]},
"G19": {"type": "Matrix2x2", "payoffs": [[[40,15],[0,9]],[[13,3],[15,0]]]},
"G20": {"type": "Matrix2x2", "payoffs": [[[65,71],[0,0]],[[77,84],[66,74]]]},
"G21": {"type": "Matrix2x2", "payoffs": [[[96,33],[18,0]],[[0,32],[83,24]]]},
"G22": {"type": "Matrix2x2", "payoffs": [[[55,22],[73,34]],[[48,7],[0,0]]]},
"G23": {"type": "Matrix2x2", "payoffs": [[[0,0],[3,1]],[[5,8],[2,2]]]},
"G24": {"type": "Matrix2x2", "payoffs": [[[18,11],[19,21]],[[8,19],[0,0]]]},
"G25": {"type": "Matrix2x2", "payoffs": [[[19,22],[7,3]],[[0,0],[10,12]]]},
"G26": {"type": "Matrix2x2", "payoffs": [[[4,16],[0,9]],[[8,22],[6,0]]]},
"G27": {"type": "Matrix2x2", "payoffs": [[[80,10],[14,0]],[[61,7],[0,1]]]},
"G28": {"type": "Matrix2x2", "payoffs": [[[24,47],[79,79]],[[0,0],[7,62]]]},
"G29": {"type": "Matrix2x2", "payoffs": [[[45,33],[11,19]],[[33,0],[0,16]]]},
"G30": {"type": "Matrix2x2", "payoffs": [[[0,14],[24,0]],[[26,9],[67,30]]]},
"G31": {"type": "Matrix2x2", "payoffs": [[[5,11],[6,25]],[[0,4],[3,0]]]},
"G32": {"type": "Matrix2x2", "payoffs": [[[83,81],[0,0]],[[42,72],[22,4]]]},
"G33": {"type": "Matrix2x2", "payoffs": [[[47,1],[33,4]],[[66,6],[0,0]]]},
"G34": {"type": "Matrix2x2", "payoffs": [[[8,0],[0,34]],[[10,21],[11,39]]]},
"G35": {"type": "Matrix2x2", "payoffs": [[[0,6],[5,53]],[[3,0],[52,78]]]},
"G36": {"type": "Matrix2x2", "payoffs": [[[40,54],[28,3]],[[12,25],[0,0]]]},
"G37": {"type": "Matrix2x2", "payoffs": [[[24,0],[30,29]],[[0,15],[5,19]]]},
"G38": {"type": "Matrix2x2", "payoffs": [[[0,44],[67,58]],[[12,19],[38,0]]]},
"G39": {"type": "Matrix2x2", "payoffs": [[[75,61],[0,42]],[[32,0],[34,34]]]},
"G40": {"type": "Matrix2x2", "payoffs": [[[43,0],[97,97]],[[0,75],[37,54]]]},
"G41": {"type": "Matrix2x2", "payoffs": [[[6,3],[44,16]],[[21,8],[0,0]]]},
"G42": {"type": "Matrix2x2", "payoffs": [[[0,0],[34,11]],[[9,7],[70,13]]]},
"G43": {"type": "Matrix2x2", "payoffs": [[[26,1],[100,4]],[[81,0],[0,2]]]},
"G44": {"type": "Matrix2x2", "payoffs": [[[5,0],[0,36]],[[85,56],[59,15]]]},
"G45": {"type": "Matrix2x2", "payoffs": [[[37,10],[13,1]],[[21,0],[0,2]]]},
"G46": {"type": "Matrix2x2", "payoffs": [[[63,0],[39,37]],[[65,44],[0,30]]]},
"G47": {"type": "Matrix2x2", "payoffs": [[[6,28],[8,0]],[[0,2],[12,62]]]},
"G48": {"type": "Matrix2x2", "payoffs": [[[0,57],[7,20]],[[4,0],[9,73]]]},
"G49": {"type": "Matrix2x2", "payoffs": [[[48,6],[86,12]],[[0,0],[52,5]]]},
"G50": {"type": "Matrix2x2", "payoffs": [[[21,46],[33,0]],[[36,67],[0,62]]]},
"G51": {"type": "Matrix2x2", "payoffs": [[[34,29],[5,0]],[[64,86],[0,47]]]},
"G52": {"type": "Matrix2x2", "payoffs": [[[0,38],[10,44]],[[51,74],[48,0]]]},
"G53": {"type": "Matrix2x2", "payoffs": [[[45,1],[46,3]],[[53,6],[0,0]]]},
"G54": {"type": "Matrix2x2", "payoffs": [[[0,71],[7,0]],[[65,72],[35,16]]]},
"G55": {"type": "Matrix2x2", "payoffs": [[[0,27],[53,0]],[[54,31],[89,38]]]},
"G56": {"type": "Matrix2x2", "payoffs": [[[40,18],[7,16]],[[26,15],[0,0]]]},
"G57": {"type": "Matrix2x2", "payoffs": [[[0,0],[13,12]],[[22,39],[4,23]]]},
"G58": {"type": "Matrix2x2", "payoffs": [[[0,0],[10,1]],[[14,45],[26,72]]]},
"G59": {"type": "Matrix2x2", "payoffs": [[[66,3],[92,76]],[[57,51],[0,0]]]},
"G60": {"type": "Matrix2x2", "payoffs": [[[38,20],[0,0]],[[93,21],[97,42]]]},
"G61": {"type": "Matrix2x2", "payoffs": [[[7,0],[56,13]],[[2,10],[0,8]]]},
"G62": {"type": "Matrix2x2", "payoffs": [[[47,39],[18,0]],[[26,9],[0,25]]]},
"G63": {"type": "Matrix2x2", "payoffs": [[[27,90],[16,69]],[[0,0],[2,28]]]},
"G64": {"type": "Matrix2x2", "payoffs": [[[0,17],[42,7]],[[100,53],[43,0]]]},
"G65": {"type": "Matrix2x2", "payoffs": [[[0,44],[5,7]],[[4,0],[29,46]]]},
"G66": {"type": "Matrix2x2", "payoffs": [[[87,44],[0,15]],[[6,0],[2,19]]]},
"G67": {"type": "Matrix2x2", "payoffs": [[[12,0],[81,48]],[[0,40],[43,39]]]},
"G68": {"type": "Matrix2x2", "payoffs": [[[93,95],[14,58]],[[0,48],[5,0]]]},
"G69": {"type": "Matrix2x2", "payoffs": [[[8,0],[33,20]],[[0,7],[5,13]]]},
"G70": {"type": "Matrix2x2", "payoffs": [[[2,40],[3,0]],[[0,36],[4,44]]]},
"G71": {"type": "Matrix2x2", "payoffs": [[[55,0],[0,24]],[[94,74],[24,44]]]},
"G72": {"type": "Matrix2x2", "payoffs": [[[67,94],[0,43]],[[38,0],[7,12]]]},
"G73": {"type": "Matrix2x2", "payoffs": [[[4,37],[2,63]],[[13,78],[0,0]]]},
"G74": {"type": "Matrix2x2", "payoffs": [[[93,46],[57,16]],[[0,0],[92,8]]]},
"G75": {"type": "Matrix2x2", "payoffs": [[[0,10],[89,12]],[[18,2],[49,0]]]},
"G76": {"type": "Matrix2x2", "payoffs": [[[17,73],[12,0]],[[0,29],[8,67]]]},
"G77": {"type": "Matrix2x2", "payoffs": [[[8,0],[23,79]],[[0,72],[14,30]]]},
"G78": {"type": "Matrix2x2", "payoffs": [[[53,0],[65,87]],[[52,60],[0,46]]]},
"G79": {"type": "Matrix2x2", "payoffs": [[[28,0],[8,3]],[[0,30],[47,31]]]},
"G80": {"type": "Matrix2x2", "payoffs": [[[0,3],[26,58]],[[14,0],[3,39]]]},
"G81": {"type": "Matrix2x2", "payoffs": [[[0,0],[13,18]],[[35,57],[32,23]]]},
"G82": {"type": "Matrix2x2", "payoffs": [[[13,2],[14,0]],[[0,4],[16,12]]]},
"G83": {"type": "Matrix2x2", "payoffs": [[[4,0],[30,20]],[[44,44],[0,39]]]},
"G84": {"type": "Matrix2x2", "payoffs": [[[65,50],[0,28]],[[31,38],[56,0]]]},
"G85": {"type": "Matrix2x2", "payoffs": [[[0,0],[10,7]],[[59,1],[94,11]]]},
"G86": {"type": "Matrix2x2", "payoffs": [[[19,15],[8,0]],[[31,79],[0,71]]]},
"G87": {"type": "Matrix2x2", "payoffs": [[[60,22],[96,0]],[[100,84],[0,65]]]},
"G88": {"type": "Matrix2x2", "payoffs": [[[22,0],[42,46]],[[37,16],[0,27]]]},
"G89": {"type": "Matrix2x2", "payoffs": [[[43,80],[0,51]],[[21,29],[3,0]]]},
"G90": {"type": "Matrix2x2", "payoffs": [[[55,0],[0,15]],[[82,23],[13,9]]]},
"G91": {"type": "Matrix2x2", "payoffs": [[[51,23],[84,71]],[[62,0],[0,34]]]},
"G92": {"type": "Matrix2x2", "payoffs": [[[25,99],[11,34]],[[24,0],[0,66]]]},
"G93": {"type": "Matrix2x2", "payoffs": [[[42,4],[54,8]],[[0,3],[35,0]]]},
"G94": {"type": "Matrix2x2", "payoffs": [[[47,38],[0,0]],[[99,43],[61,5]]]},
"G95": {"type": "Matrix2x2", "payoffs": [[[4,0],[0,38]],[[13,31],[17,46]]]},
"G96": {"type": "Matrix2x2", "payoffs": [[[96,68],[62,0]],[[24,51],[0,3]]]},
"G97": {"type": "Matrix2x2", "payoffs": [[[8,13],[4,0]],[[13,100],[0,20]]]},
"G98": {"type": "Matrix2x2", "payoffs": [[[44,78],[0,31]],[[20,15],[18,0]]]},
"G99": {"type": "Matrix2x2", "payoffs": [[[92,51],[48,36]],[[85,44],[0,0]]]},
"G100": {"type": "Matrix2x2", "payoffs": [[[0,2],[59,10]],[[92,81],[91,0]]]}
}