{
"numGames": 1000,
"G1": {"type": "Matrix2x2", "payoffs": [[[3,26],[1,0]],[[5,46],[0,36]]]},
"G2": {"type": "Matrix2x2", "payoffs": [[[0,2],[6,0]],[[18,1],[25,3]]]},
"G3": {"type": "Matrix2x2", "payoffs": [[[93,60],[30,0]],[[0,36],[8,43]]]},
"G4": {"type": "Matrix2x2", "payoffs": [[[0,3],[28,13]],[[88,17],[16,0]]]},
"G5": {"type": "Matrix2x2", "payoffs": [[[14,29],[17,64]],[[0,23],[12,0]]]},
"G6": {"type": "Matrix2x2", "payoffs": [[[37,1],[57,3]],[[0,0],[52,2]]]},
"G7": {"type": "Matrix2x2", "payoffs": [[[63,33],[53,7]],[[0,26],[26,0]]]},
"G8": {"type": "Matrix2x2", "payoffs": [[[3,0],[0,52]],[[6,84],[4,14]]]},
"G9": {"type": "Matrix2x2", "payoffs": [[[40,74],[23,71]],[[29,0],[0,31]]]},
"G10": {"type": "Matrix2x2", "payoffs": [[[11,78],[16,83]],[[7,0],[0,61]]]},
"G11": {"type": "Matrix2x2", "payoffs": [[[45,0],[89,65]],[[0,39],[20,49]]]},
"G12": {"type": "Matrix2x2", "payoffs": [[[36,0],[0,8]],[[72,40],[12,6]]]},
"G13": {"type": "Matrix2x2", "payoffs": [[[60,21],[27,0]],[[70,95],[0,33]]]},
"G14": {"type": "Matrix2x2", "payoffs": [[[8,11],[59,56]],[[23,40],[0,0]]]},
"G15": {"type": "Matrix2x2", "payoffs": [[[72,0],[97,37]],[[77,12],[0,9]]]},
"G16": {"type": "Matrix2x2", "payoffs": [[[74,0],[85,23]],[[49,17],[0,16]]]},
"G17": {"type": "Matrix2x2", "payoffs": [[[0,22],[6,24]],[[25,0],[26,39]]]},
"G18": {"type": "Matrix2x2", "payoffs": [[[53,61],[0,0]],[[49,57],[14,43]]]},
"G19": {"type": "Matrix2x2", "payoffs": [[[55,39],[25,0]],[[0,13],[5,18]]]},
"G20": {"type": "Matrix2x2", "payoffs": [[[9,0],[31,68]],[[62,86],[0,25]]]},
"G21": {"type": "Matrix2x2", "payoffs": [[[9,0],[30,59]],[[0,50],[7,27]]]},
"G22": {"type": "Matrix2x2", "payoffs": [[[0,0],[14,38]],[[5,2],[20,75]]]},
"G23": {"type": "Matrix2x2", "payoffs": [[[39,0],[61,45]],[[0,17],[97,65]]]},
"G24": {"type": "Matrix2x2", "payoffs": [[[15,5],[0,0]],[[26,36],[14,18]]]},
"G25": {"type": "Matrix2x2", "payoffs": [[[87,49],[67,0]],[[0,25],[1,17]]]},
"G26": {"type": "Matrix2x2", "payoffs": [[[0,25],[20,0]],[[11,62],[100,73]]]},
"G27": {"type": "Matrix2x2", "payoffs": [[[47,11],[0,6]],[[40,3],[19,0]]]},
"G28": {"type": "Matrix2x2", "payoffs": [[[29,0],[65,18]],[[51,1],[0,14]]]},
"G29": {"type": "Matrix2x2", "payoffs": [[[82,9],[72,7]],[[30,0],[0,2]]]},
"G30": {"type": "Matrix2x2", "payoffs": [[[34,21],[0,10]],[[47,35],[32,0]]]},
"G31": {"type": "Matrix2x2", "payoffs": [[[33,0],[43,41]],[[0,54],[44,65]]]},
"G32": {"type": "Matrix2x2", "payoffs": [[[52,0],[0,87]],[[54,100],[50,80]]]},
"G33": {"type": "Matrix2x2", "payoffs": [[[0,0],[12,10]],[[20,55],[58,73]]]},
"G34": {"type": "Matrix2x2", "payoffs": [[[30,0],[45,31]],[[21,14],[0,7]]]},
"G35": {"type": "Matrix2x2", "payoffs": [[[6,5],[14,0]],[[24,10],[0,1]]]},
"G36": {"type": "Matrix2x2", "payoffs": [[[40,5],[0,0]],[[58,3],[94,32]]]},
"G37": {"type": "Matrix2x2", "payoffs": [[[35,10],[48,22]],[[20,2],[0,0]]]},
"G38": {"type": "Matrix2x2", "payoffs": [[[0,0],[34,29]],[[35,60],[19,9]]]},
"G39": {"type": "Matrix2x2", "payoffs": [[[19,8],[34,72]],[[0,56],[28,0]]]},
"G40": {"type": "Matrix2x2", "payoffs": [[[0,0],[32,15]],[[74,24],[83,39]]]},
"G41": {"type": "Matrix2x2", "payoffs": [[[0,0],[30,4]],[[18,11],[66,20]]]},
"G42": {"type": "Matrix2x2", "payoffs": [[[4,25],[0,17]],[[63,84],[18,0]]]},
"G43": {"type": "Matrix2x2", "payoffs": [[[0,0],[3,32]],[[49,58],[40,11]]]},
"G44": {"type": "Matrix2x2", "payoffs": [[[4,9],[47,15]],[[0,0],[65,57]]]},
"G45": {"type": "Matrix2x2", "payoffs": [[[36,35],[59,89]],[[33,22],[0,0]]]},
"G46": {"type": "Matrix2x2", "payoffs": [[[3,3],[2,2]],[[1,0],[0,1]]]},
"G47": {"type": "Matrix2x2", "payoffs": [[[0,0],[13,19]],[[36,20],[33,7]]]},
"G48": {"type": "Matrix2x2", "payoffs": [[[0,3],[37,32]],[[3,0],[31,9]]]},
"G49": {"type": "Matrix2x2", "payoffs": [[[6,49],[0,0]],[[12,94],[5,52]]]},
"G50": {"type": "Matrix2x2", "payoffs": [[[0,42],[29,66]],[[26,64],[12,0]]]},
"G51": {"type": "Matrix2x2", "payoffs": [[[26,11],[13,0]],[[55,16],[0,3]]]},
"G52": {"type": "Matrix2x2", "payoffs": [[[28,28],[6,9]],[[0,0],[19,2]]]},
"G53": {"type": "Matrix2x2", "payoffs": [[[0,58],[92,83]],[[65,31],[52,0]]]},
"G54": {"type": "Matrix2x2", "payoffs": [[[30,19],[9,8]],[[43,100],[0,0]]]},
"G55": {"type": "Matrix2x2", "payoffs": [[[52,19],[26,16]],[[25,5],[0,0]]]},
"G56": {"type": "Matrix2x2", "payoffs": [[[0,0],[7,1]],[[63,7],[93,8]]]},
"G57": {"type": "Matrix2x2", "payoffs": [[[50,1],[0,0]],[[52,4],[3,2]]]},
"G58": {"type": "Matrix2x2", "payoffs": [[[0,0],[28,98]],[[6,54],[2,58]]]},
"G59": {"type": "Matrix2x2", "payoffs": [[[7,0],[11,79]],[[0,28],[3,48]]]},
"G60": {"type": "Matrix2x2", "payoffs": [[[0,86],[44,0]],[[4,41],[63,95]]]},
"G61": {"type": "Matrix2x2", "payoffs": [[[0,0],[18,19]],[[10,14],[39,77]]]},
"G62": {"type": "Matrix2x2", "payoffs": [[[4,0],[11,9]],[[24,29],[0,10]]]},
"G63": {"type": "Matrix2x2", "payoffs": [[[6,64],[0,3]],[[5,48],[4,0]]]},
"G64": {"type": "Matrix2x2", "payoffs": [[[33,60],[59,15]],[[0,0],[75,73]]]},
"G65": {"type": "Matrix2x2", "payoffs": [[[8,0],[34,61]],[[36,71],[0,50]]]},
"G66": {"type": "Matrix2x2", "payoffs": [[[1,47],[0,34]],[[66,78],[60,0]]]},
"G67": {"type": "Matrix2x2", "payoffs": [[[18,54],[32,93]],[[7,59],[0,0]]]},
"G68": {"type": "Matrix2x2", "payoffs": [[[13,11],[3,0]],[[0,42],[19,63]]]},
"G69": {"type": "Matrix2x2", "payoffs": [[[72,13],[61,50]],[[85,78],[0,0]]]},
"G70": {"type": "Matrix2x2", "payoffs": [[[64,0],[0,31]],[[97,52],[56,15]]]},
"G71": {"type": "Matrix2x2", "payoffs": [[[0,18],[92,52]],[[45,8],[89,0]]]},
"G72": {"type": "Matrix2x2", "payoffs": [[[21,66],[13,9]],[[0,0],[6,17]]]},
"G73": {"type": "Matrix2x2", "payoffs": [[[84,76],[0,19]],[[57,0],[6,67]]]},
"G74": {"type": "Matrix2x2", "payoffs": [[[0,69],[5,71]],[[1,2],[2,0]]]},
"G75": {"type": "Matrix2x2", "payoffs": [[[10,56],[9,25]],[[0,23],[6,0]]]},
"G76": {"type": "Matrix2x2", "payoffs": [[[0,20],[9,31]],[[56,95],[30,0]]]},
"G77": {"type": "Matrix2x2", "payoffs": [[[17,0],[0,11]],[[19,9],[26,46]]]},
"G78": {"type": "Matrix2x2", "payoffs": [[[83,56],[0,5]],[[18,0],[90,76]]]},
"G79": {"type": "Matrix2x2", "payoffs": [[[25,19],[0,15]],[[1,0],[84,32]]]},
"G80": {"type": "Matrix2x2", "payoffs": [[[81,83],[49,8]],[[23,4],[0,0]]]},
"G81": {"type": "Matrix2x2", "payoffs": [[[0,40],[9,47]],[[55,87],[17,0]]]},
"G82": {"type": "Matrix2x2", "payoffs": [[[12,71],[0,0]],[[7,63],[21,100]]]},
"G83": {"type": "Matrix2x2", "payoffs": [[[3,0],[0,5]],[[7,8],[16,18]]]},
"G84": {"type": "Matrix2x2", "payoffs": [[[15,13],[0,0]],[[2,1],[40,21]]]},
"G85": {"type": "Matrix2x2", "payoffs": [[[5,8],[65,29]],[[0,0],[18,17]]]},
"G86": {"type": "Matrix2x2", "payoffs": [[[1,4],[0,0]],[[5,62],[3,40]]]},
"G87": {"type": "Matrix2x2", "payoffs": [[[13,19],[11,10]],[[8,5],[0,0]]]},
"G88": {"type": "Matrix2x2", "payoffs": [[[1,13],[0,0]],[[31,17],[38,55]]]},
"G89": {"type": "Matrix2x2", "payoffs": [[[25,0],[65,31]],[[57,9],[0,10]]]},
"G90": {"type": "Matrix2x2", "payoffs": [[[11,13],[17,0]],[[36,16],[0,8]]]},
"G91": {"type": "Matrix2x2", "payoffs": [[[0,0],[48,29]],[[37,5],[17,21]]]},
"G92": {"type": "Matrix2x2", "payoffs": [[[47,0],[65,34]],[[0,27],[1,4]]]},
"G93": {"type": "Matrix2x2", "payoffs": [[[15,28],[21,52]],[[0,23],[13,0]]]},
"G94": {"type": "Matrix2x2", "payoffs": [[[35,77],[33,0]],[[0,50],[34,70]]]},
"G95": {"type": "Matrix2x2", "payoffs": [[[13,7],[54,77]],[[0,3],[18,0]]]},
"G96": {"type": "Matrix2x2", "payoffs": [[[10,2],[77,5]],[[0,4],[37,0]]]},
"G97": {"type": "Matrix2x2", "payoffs": [[[0,29],[2,91]],[[5,99],[4,0]]]},
"G98": {"type": "Matrix2x2", "payoffs": [[[0,0],[4,16]],[[57,18],[1,9]]]},
"G99": {"type": "Matrix2x2", "payoffs": [[[20,3],[0,1]],[[18,2],[1,0]]]},
"G100": {"type": "Matrix2x2", "payoffs": [[[0,67],[4,0]],[[33,68],[62,94]]]},
"G101": {"type": "Matrix2x2", "payoffs": [[[25,10],[27,11]],[[0,0],[43,21]]]},
"G102": {"type": "Matrix2x2", "payoffs": [[[0,0],[67,57]],[[24,15],[44,49]]]},
"G103": {"type": "Matrix2x2", "payoffs": [[[6,63],[16,1]],[[0,0],[19,79]]]},
"G104": {"type": "Matrix2x2", "payoffs": [[[71,25],[0,18]],[[58,2],[26,0]]]},
"G105": {"type": "Matrix2x2", "payoffs": [[[26,8],[27,44]],[[0,0],[1,10]]]},
"G106": {"type": "Matrix2x2", "payoffs": [[[48,0],[77,13]],[[29,6],[0,9]]]},
"G107": {"type": "Matrix2x2", "payoffs": [[[0,74],[90,92]],[[43,4],[16,0]]]},
"G108": {"type": "Matrix2x2", "payoffs": [[[44,0],[0,13]],[[57,26],[29,25]]]},
"G109": {"type": "Matrix2x2", "payoffs": [[[22,2],[0,0]],[[33,5],[25,3]]]},
"G110": {"type": "Matrix2x2", "payoffs": [[[66,58],[0,18]],[[48,0],[11,35]]]},
"G111": {"type": "Matrix2x2", "payoffs": [[[0,26],[76,37]],[[18,0],[99,38]]]},
"G112": {"type": "Matrix2x2", "payoffs": [[[0,30],[47,0]],[[97,40],[94,3]]]},
"G113": {"type": "Matrix2x2", "payoffs": [[[0,4],[22,0]],[[28,15],[30,33]]]},
"G114": {"type": "Matrix2x2", "payoffs": [[[0,3],[58,2]],[[33,0],[61,34]]]},
"G115": {"type": "Matrix2x2", "payoffs": [[[32,14],[0,0]],[[43,7],[73,82]]]},
"G116": {"type": "Matrix2x2", "payoffs": [[[0,0],[5,45]],[[13,8],[31,57]]]},
"G117": {"type": "Matrix2x2", "payoffs": [[[21,16],[0,10]],[[9,0],[17,1]]]},
"G118": {"type": "Matrix2x2", "payoffs": [[[2,0],[31,21]],[[0,86],[41,95]]]},
"G119": {"type": "Matrix2x2", "payoffs": [[[16,8],[12,0]],[[24,37],[0,33]]]},
"G120": {"type": "Matrix2x2", "payoffs": [[[26,49],[0,0]],[[65,95],[53,1]]]},
"G121": {"type": "Matrix2x2", "payoffs": [[[40,45],[0,33]],[[24,0],[43,53]]]},
"G122": {"type": "Matrix2x2", "payoffs": [[[0,1],[11,3]],[[5,0],[6,2]]]},
"G123": {"type": "Matrix2x2", "payoffs": [[[23,0],[0,51]],[[41,85],[49,96]]]},
"G124": {"type": "Matrix2x2", "payoffs": [[[10,37],[41,94]],[[38,0],[0,87]]]},
"G125": {"type": "Matrix2x2", "payoffs": [[[0,42],[11,11]],[[17,0],[22,45]]]},
"G126": {"type": "Matrix2x2", "payoffs": [[[21,6],[31,0]],[[97,11],[0,3]]]},
"G127": {"type": "Matrix2x2", "payoffs": [[[0,98],[5,0]],[[21,100],[15,28]]]},
"G128": {"type": "Matrix2x2", "payoffs": [[[15,7],[1,5]],[[19,8],[0,0]]]},
"G129": {"type": "Matrix2x2", "payoffs": [[[26,0],[7,13]],[[42,16],[0,10]]]},
"G130": {"type": "Matrix2x2", "payoffs": [[[25,53],[36,67]],[[0,0],[5,11]]]},
"G131": {"type": "Matrix2x2", "payoffs": [[[26,0],[3,35]],[[53,39],[0,20]]]},
"G132": {"type": "Matrix2x2", "payoffs": [[[8,21],[12,57]],[[0,2],[9,0]]]},
"G133": {"type": "Matrix2x2", "payoffs": [[[0,54],[1,30]],[[25,74],[24,0]]]},
"G134": {"type": "Matrix2x2", "payoffs": [[[0,0],[49,27]],[[26,21],[68,42]]]},
"G135": {"type": "Matrix2x2", "payoffs": [[[27,53],[6,31]],[[16,33],[0,0]]]},
"G136": {"type": "Matrix2x2", "payoffs": [[[0,0],[8,65]],[[83,33],[85,89]]]},
"G137": {"type": "Matrix2x2", "payoffs": [[[7,14],[25,36]],[[0,0],[19,4]]]},
"G138": {"type": "Matrix2x2", "payoffs": [[[30,14],[0,0]],[[55,68],[31,17]]]},
"G139": {"type": "Matrix2x2", "payoffs": [[[3,24],[0,26]],[[36,27],[35,0]]]},
"G140": {"type": "Matrix2x2", "payoffs": [[[1,8],[4,11]],[[0,0],[20,13]]]},
"G141": {"type": "Matrix2x2", "payoffs": [[[0,25],[5,47]],[[2,8],[4,0]]]},
"G142": {"type": "Matrix2x2", "payoffs": [[[0,0],[4,14]],[[9,72],[6,37]]]},
"G143": {"type": "Matrix2x2", "payoffs": [[[0,0],[11,3]],[[26,1],[83,4]]]},
"G144": {"type": "Matrix2x2", "payoffs": [[[0,1],[56,0]],[[48,7],[84,9]]]},
"G145": {"type": "Matrix2x2", "payoffs": [[[44,24],[10,0]],[[0,22],[95,29]]]},
"G146": {"type": "Matrix2x2", "payoffs": [[[0,11],[5,5]],[[43,34],[42,0]]]},
"G147": {"type": "Matrix2x2", "payoffs": [[[27,52],[16,0]],[[45,82],[0,12]]]},
"G148": {"type": "Matrix2x2", "payoffs": [[[5,0],[3,60]],[[0,53],[43,62]]]},
"G149": {"type": "Matrix2x2", "payoffs": [[[0,0],[12,7]],[[95,61],[4,14]]]},
"G150": {"type": "Matrix2x2", "payoffs": [[[32,0],[44,3]],[[47,54],[0,16]]]},
"G151": {"type": "Matrix2x2", "payoffs": [[[0,8],[24,12]],[[73,19],[57,0]]]},
"G152": {"type": "Matrix2x2", "payoffs": [[[21,52],[0,47]],[[44,0],[90,91]]]},
"G153": {"type": "Matrix2x2", "payoffs": [[[54,0],[0,65]],[[25,50],[63,88]]]},
"G154": {"type": "Matrix2x2", "payoffs": [[[70,64],[0,43]],[[55,0],[46,1]]]},
"G155": {"type": "Matrix2x2", "payoffs": [[[0,30],[2,0]],[[7,93],[4,76]]]},
"G156": {"type": "Matrix2x2", "payoffs": [[[67,75],[43,55]],[[48,52],[0,0]]]},
"G157": {"type": "Matrix2x2", "payoffs": [[[0,5],[9,0]],[[1,48],[34,52]]]},
"G158": {"type": "Matrix2x2", "payoffs": [[[0,0],[67,3]],[[76,65],[25,53]]]},
"G159": {"type": "Matrix2x2", "payoffs": [[[63,83],[29,52]],[[12,0],[0,51]]]},
"G160": {"type": "Matrix2x2", "payoffs": [[[28,48],[16,0]],[[0,2],[1,23]]]},
"G161": {"type": "Matrix2x2", "payoffs": [[[51,81],[0,0]],[[84,82],[39,62]]]},
"G162": {"type": "Matrix2x2", "payoffs": [[[32,21],[9,0]],[[36,67],[0,45]]]},
"G163": {"type": "Matrix2x2", "payoffs": [[[9,52],[8,30]],[[6,35],[0,0]]]},
"G164": {"type": "Matrix2x2", "payoffs": [[[45,92],[0,1]],[[37,14],[28,0]]]},
"G165": {"type": "Matrix2x2", "payoffs": [[[92,7],[82,6]],[[3,1],[0,0]]]},
"G166": {"type": "Matrix2x2", "payoffs": [[[16,15],[5,0]],[[0,43],[24,57]]]},
"G167": {"type": "Matrix2x2", "payoffs": [[[6,54],[89,85]],[[42,52],[0,0]]]},
"G168": {"type": "Matrix2x2", "payoffs": [[[40,0],[0,14]],[[54,84],[5,22]]]},
"G169": {"type": "Matrix2x2", "payoffs": [[[1,2],[0,4]],[[6,16],[4,0]]]},
"G170": {"type": "Matrix2x2", "payoffs": [[[0,1],[40,0]],[[13,3],[71,5]]]},
"G171": {"type": "Matrix2x2", "payoffs": [[[72,0],[23,80]],[[74,99],[0,46]]]},
"G172": {"type": "Matrix2x2", "payoffs": [[[11,0],[20,77]],[[6,26],[0,70]]]},
"G173": {"type": "Matrix2x2", "payoffs": [[[11,0],[48,33]],[[0,60],[77,93]]]},
"G174": {"type": "Matrix2x2", "payoffs": [[[0,15],[1,1]],[[3,30],[2,0]]]},
"G175": {"type": "Matrix2x2", "payoffs": [[[35,66],[0,3]],[[30,0],[10,38]]]},
"G176": {"type": "Matrix2x2", "payoffs": [[[0,51],[67,0]],[[72,92],[42,85]]]},
"G177": {"type": "Matrix2x2", "payoffs": [[[3,67],[1,0]],[[0,61],[2,27]]]},
"G178": {"type": "Matrix2x2", "payoffs": [[[6,88],[11,91]],[[0,71],[7,0]]]},
"G179": {"type": "Matrix2x2", "payoffs": [[[32,46],[0,0]],[[27,8],[81,50]]]},
"G180": {"type": "Matrix2x2", "payoffs": [[[3,39],[0,37]],[[2,33],[1,0]]]},
"G181": {"type": "Matrix2x2", "payoffs": [[[21,10],[42,47]],[[30,4],[0,0]]]},
"G182": {"type": "Matrix2x2", "payoffs": [[[31,0],[13,1]],[[0,4],[36,20]]]},
"G183": {"type": "Matrix2x2", "payoffs": [[[44,1],[28,3]],[[46,4],[0,0]]]},
"G184": {"type": "Matrix2x2", "payoffs": [[[55,74],[0,0]],[[35,38],[47,71]]]},
"G185": {"type": "Matrix2x2", "payoffs": [[[7,90],[1,60]],[[0,22],[2,0]]]},
"G186": {"type": "Matrix2x2", "payoffs": [[[7,20],[11,23]],[[5,18],[0,0]]]},
"G187": {"type": "Matrix2x2", "payoffs": [[[0,7],[16,3]],[[32,0],[55,17]]]},
"G188": {"type": "Matrix2x2", "payoffs": [[[10,13],[0,0]],[[68,45],[18,30]]]},
"G189": {"type": "Matrix2x2", "payoffs": [[[29,42],[22,10]],[[0,33],[23,0]]]},
"G190": {"type": "Matrix2x2", "payoffs": [[[5,70],[11,90]],[[9,0],[0,55]]]},
"G191": {"type": "Matrix2x2", "payoffs": [[[21,28],[0,0]],[[11,11],[1,1]]]},
"G192": {"type": "Matrix2x2", "payoffs": [[[42,95],[0,0]],[[7,78],[41,3]]]},
"G193": {"type": "Matrix2x2", "payoffs": [[[93,71],[11,5]],[[41,12],[0,0]]]},
"G194": {"type": "Matrix2x2", "payoffs": [[[0,0],[17,27]],[[2,25],[20,44]]]},
"G195": {"type": "Matrix2x2", "payoffs": [[[99,97],[56,10]],[[74,36],[0,0]]]},
"G196": {"type": "Matrix2x2", "payoffs": [[[0,0],[3,2]],[[21,13],[59,75]]]},
"G197": {"type": "Matrix2x2", "payoffs": [[[64,18],[0,0]],[[75,20],[42,17]]]},
"G198": {"type": "Matrix2x2", "payoffs": [[[14,95],[0,53]],[[10,0],[13,47]]]},
"G199": {"type": "Matrix2x2", "payoffs": [[[0,0],[46,37]],[[25,25],[24,18]]]},
"G200": {"type": "Matrix2x2", "payoffs": [[[53,3],[42,1]],[[0,0],[19,2]]]},
"G201": {"type": "Matrix2x2", "payoffs": [[[25,12],[0,0]],[[4,10],[1,6]]]},
"G202": {"type": "Matrix2x2", "payoffs": [[[65,10],[68,8]],[[88,45],[0,0]]]},
"G203": {"type": "Matrix2x2", "payoffs": [[[0,0],[49,2]],[[6,1],[58,3]]]},
"G204": {"type": "Matrix2x2", "payoffs": [[[95,20],[30,4]],[[0,0],[63,5]]]},
"G205": {"type": "Matrix2x2", "payoffs": [[[38,77],[0,0]],[[4,23],[3,5]]]},
"G206": {"type": "Matrix2x2", "payoffs": [[[91,54],[34,31]],[[28,26],[0,0]]]},
"G207": {"type": "Matrix2x2", "payoffs": [[[55,50],[14,0]],[[36,26],[0,17]]]},
"G208": {"type": "Matrix2x2", "payoffs": [[[0,0],[7,31]],[[10,96],[4,73]]]},
"G209": {"type": "Matrix2x2", "payoffs": [[[21,9],[0,50]],[[19,0],[24,55]]]},
"G210": {"type": "Matrix2x2", "payoffs": [[[6,25],[17,79]],[[23,88],[0,0]]]},
"G211": {"type": "Matrix2x2", "payoffs": [[[60,85],[0,61]],[[13,0],[1,21]]]},
"G212": {"type": "Matrix2x2", "payoffs": [[[77,0],[0,29]],[[54,82],[98,90]]]},
"G213": {"type": "Matrix2x2", "payoffs": [[[0,5],[72,0]],[[58,2],[87,8]]]},
"G214": {"type": "Matrix2x2", "payoffs": [[[4,27],[0,10]],[[1,3],[3,0]]]},
"G215": {"type": "Matrix2x2", "payoffs": [[[6,0],[22,13]],[[12,3],[0,5]]]},
"G216": {"type": "Matrix2x2", "payoffs": [[[51,96],[35,35]],[[0,16],[10,0]]]},
"G217": {"type": "Matrix2x2", "payoffs": [[[0,0],[8,55]],[[41,31],[66,58]]]},
"G218": {"type": "Matrix2x2", "payoffs": [[[6,15],[0,12]],[[4,0],[2,14]]]},
"G219": {"type": "Matrix2x2", "payoffs": [[[2,0],[6,6]],[[0,1],[4,2]]]},
"G220": {"type": "Matrix2x2", "payoffs": [[[0,67],[10,8]],[[8,0],[41,70]]]},
"G221": {"type": "Matrix2x2", "payoffs": [[[48,50],[49,52]],[[98,53],[0,0]]]},
"G222": {"type": "Matrix2x2", "payoffs": [[[35,37],[52,41]],[[40,0],[0,18]]]},
"G223": {"type": "Matrix2x2", "payoffs": [[[67,0],[89,4]],[[90,42],[0,20]]]},
"G224": {"type": "Matrix2x2", "payoffs": [[[48,6],[50,73]],[[0,0],[23,23]]]},
"G225": {"type": "Matrix2x2", "payoffs": [[[9,62],[0,53]],[[7,41],[4,0]]]},
"G226": {"type": "Matrix2x2", "payoffs": [[[2,0],[5,79]],[[4,13],[0,10]]]},
"G227": {"type": "Matrix2x2", "payoffs": [[[56,64],[0,40]],[[39,60],[38,0]]]},
"G228": {"type": "Matrix2x2", "payoffs": [[[77,94],[0,85]],[[21,0],[75,26]]]},
"G229": {"type": "Matrix2x2", "payoffs": [[[25,0],[0,63]],[[30,73],[26,66]]]},
"G230": {"type": "Matrix2x2", "payoffs": [[[13,0],[14,58]],[[0,32],[9,52]]]},
"G231": {"type": "Matrix2x2", "payoffs": [[[24,59],[9,18]],[[0,45],[17,0]]]},
"G232": {"type": "Matrix2x2", "payoffs": [[[0,6],[41,23]],[[11,0],[20,13]]]},
"G233": {"type": "Matrix2x2", "payoffs": [[[30,66],[19,64]],[[0,36],[4,0]]]},
"G234": {"type": "Matrix2x2", "payoffs": [[[0,0],[74,75]],[[15,53],[85,90]]]},
"G235": {"type": "Matrix2x2", "payoffs": [[[45,16],[85,29]],[[0,10],[84,0]]]},
"G236": {"type": "Matrix2x2", "payoffs": [[[35,19],[33,0]],[[0,26],[94,41]]]},
"G237": {"type": "Matrix2x2", "payoffs": [[[0,0],[20,16]],[[95,52],[7,20]]]},
"G238": {"type": "Matrix2x2", "payoffs": [[[0,0],[2,15]],[[1,6],[3,35]]]},
"G239": {"type": "Matrix2x2", "payoffs": [[[13,32],[0,0]],[[21,52],[2,40]]]},
"G240": {"type": "Matrix2x2", "payoffs": [[[0,0],[41,11]],[[100,97],[49,9]]]},
"G241": {"type": "Matrix2x2", "payoffs": [[[92,42],[2,37]],[[66,17],[0,0]]]},
"G242": {"type": "Matrix2x2", "payoffs": [[[31,0],[69,94]],[[30,54],[0,60]]]},
"G243": {"type": "Matrix2x2", "payoffs": [[[32,0],[49,44]],[[33,9],[0,21]]]},
"G244": {"type": "Matrix2x2", "payoffs": [[[0,0],[2,68]],[[84,80],[47,64]]]},
"G245": {"type": "Matrix2x2", "payoffs": [[[32,41],[31,2]],[[19,22],[0,0]]]},
"G246": {"type": "Matrix2x2", "payoffs": [[[13,71],[0,62]],[[31,0],[44,96]]]},
"G247": {"type": "Matrix2x2", "payoffs": [[[4,10],[6,15]],[[0,0],[3,6]]]},
"G248": {"type": "Matrix2x2", "payoffs": [[[10,19],[0,0]],[[42,36],[38,21]]]},
"G249": {"type": "Matrix2x2", "payoffs": [[[4,0],[15,71]],[[12,61],[0,70]]]},
"G250": {"type": "Matrix2x2", "payoffs": [[[6,6],[11,11]],[[0,0],[10,3]]]},
"G251": {"type": "Matrix2x2", "payoffs": [[[83,9],[85,90]],[[0,0],[78,76]]]},
"G252": {"type": "Matrix2x2", "payoffs": [[[0,14],[7,0]],[[1,28],[22,53]]]},
"G253": {"type": "Matrix2x2", "payoffs": [[[0,1],[76,8]],[[29,7],[68,0]]]},
"G254": {"type": "Matrix2x2", "payoffs": [[[1,4],[5,0]],[[0,51],[18,67]]]},
"G255": {"type": "Matrix2x2", "payoffs": [[[0,58],[41,0]],[[78,83],[6,67]]]},
"G256": {"type": "Matrix2x2", "payoffs": [[[55,44],[0,7]],[[38,30],[43,0]]]},
"G257": {"type": "Matrix2x2", "payoffs": [[[0,0],[1,52]],[[20,76],[16,10]]]},
"G258": {"type": "Matrix2x2", "payoffs": [[[32,0],[41,47]],[[0,4],[13,5]]]},
"G259": {"type": "Matrix2x2", "payoffs": [[[30,1],[0,3]],[[54,0],[71,4]]]},
"G260": {"type": "Matrix2x2", "payoffs": [[[35,0],[52,41]],[[0,49],[78,55]]]},
"G261": {"type": "Matrix2x2", "payoffs": [[[9,14],[24,0]],[[0,35],[28,88]]]},
"G262": {"type": "Matrix2x2", "payoffs": [[[11,82],[24,0]],[[25,84],[0,30]]]},
"G263": {"type": "Matrix2x2", "payoffs": [[[49,11],[82,44]],[[98,65],[0,0]]]},
"G264": {"type": "Matrix2x2", "payoffs": [[[28,67],[24,0]],[[9,3],[0,35]]]},
"G265": {"type": "Matrix2x2", "payoffs": [[[35,44],[0,36]],[[23,0],[1,27]]]},
"G266": {"type": "Matrix2x2", "payoffs": [[[0,0],[2,46]],[[1,53],[3,67]]]},
"G267": {"type": "Matrix2x2", "payoffs": [[[11,12],[8,0]],[[0,4],[9,9]]]},
"G268": {"type": "Matrix2x2", "payoffs": [[[27,76],[1,0]],[[0,71],[6,58]]]},
"G269": {"type": "Matrix2x2", "payoffs": [[[0,11],[28,14]],[[13,5],[3,0]]]},
"G270": {"type": "Matrix2x2", "payoffs": [[[29,98],[2,11]],[[0,0],[8,52]]]},
"G271": {"type": "Matrix2x2", "payoffs": [[[33,0],[69,88]],[[0,20],[29,6]]]},
"G272": {"type": "Matrix2x2", "payoffs": [[[21,73],[84,96]],[[58,82],[0,0]]]},
"G273": {"type": "Matrix2x2", "payoffs": [[[44,20],[0,0]],[[59,24],[48,8]]]},
"G274": {"type": "Matrix2x2", "payoffs": [[[30,37],[27,0]],[[23,16],[0,30]]]},
"G275": {"type": "Matrix2x2", "payoffs": [[[47,0],[0,19]],[[27,78],[48,86]]]},
"G276": {"type": "Matrix2x2", "payoffs": [[[74,4],[0,2]],[[67,0],[21,3]]]},
"G277": {"type": "Matrix2x2", "payoffs": [[[9,0],[10,9]],[[0,17],[11,30]]]},
"G278": {"type": "Matrix2x2", "payoffs": [[[0,0],[10,66]],[[2,25],[57,91]]]},
"G279": {"type": "Matrix2x2", "payoffs": [[[51,10],[48,7]],[[0,6],[38,0]]]},
"G280": {"type": "Matrix2x2", "payoffs": [[[9,8],[0,7]],[[5,0],[12,16]]]},
"G281": {"type": "Matrix2x2", "payoffs": [[[0,23],[25,0]],[[35,91],[2,72]]]},
"G282": {"type": "Matrix2x2", "payoffs": [[[53,38],[0,0]],[[4,34],[37,12]]]},
"G283": {"type": "Matrix2x2", "payoffs": [[[0,0],[12,16]],[[10,11],[6,9]]]},
"G284": {"type": "Matrix2x2", "payoffs": [[[0,2],[14,0]],[[5,1],[41,3]]]},
"G285": {"type": "Matrix2x2", "payoffs": [[[5,37],[6,44]],[[0,0],[3,8]]]},
"G286": {"type": "Matrix2x2", "payoffs": [[[74,12],[4,7]],[[52,8],[0,0]]]},
"G287": {"type": "Matrix2x2", "payoffs": [[[63,45],[0,0]],[[16,5],[47,42]]]},
"G288": {"type": "Matrix2x2", "payoffs": [[[13,0],[17,21]],[[0,1],[18,45]]]},
"G289": {"type": "Matrix2x2", "payoffs": [[[0,65],[36,0]],[[23,74],[47,84]]]},
"G290": {"type": "Matrix2x2", "payoffs": [[[0,0],[43,1]],[[4,2],[56,3]]]},
"G291": {"type": "Matrix2x2", "payoffs": [[[0,0],[67,46]],[[47,41],[42,19]]]},
"G292": {"type": "Matrix2x2", "payoffs": [[[35,90],[24,37]],[[0,55],[25,0]]]},
"G293": {"type": "Matrix2x2", "payoffs": [[[0,0],[18,16]],[[44,14],[70,35]]]},
"G294": {"type": "Matrix2x2", "payoffs": [[[82,9],[0,0]],[[80,2],[7,1]]]},
"G295": {"type": "Matrix2x2", "payoffs": [[[3,0],[29,96]],[[12,60],[0,14]]]},
"G296": {"type": "Matrix2x2", "payoffs": [[[30,0],[0,51]],[[49,68],[48,27]]]},
"G297": {"type": "Matrix2x2", "payoffs": [[[24,0],[45,61]],[[0,56],[8,40]]]},
"G298": {"type": "Matrix2x2", "payoffs": [[[0,18],[14,0]],[[23,47],[10,13]]]},
"G299": {"type": "Matrix2x2", "payoffs": [[[92,70],[83,41]],[[0,68],[24,0]]]},
"G300": {"type": "Matrix2x2", "payoffs": [[[0,10],[42,14]],[[27,0],[23,11]]]},
"G301": {"type": "Matrix2x2", "payoffs": [[[22,0],[62,36]],[[59,25],[0,30]]]},
"G302": {"type": "Matrix2x2", "payoffs": [[[1,24],[3,18]],[[0,0],[4,40]]]},
"G303": {"type": "Matrix2x2", "payoffs": [[[0,0],[48,82]],[[47,73],[36,32]]]},
"G304": {"type": "Matrix2x2", "payoffs": [[[4,0],[12,44]],[[0,41],[13,63]]]},
"G305": {"type": "Matrix2x2", "payoffs": [[[66,71],[38,62]],[[0,0],[23,69]]]},
"G306": {"type": "Matrix2x2", "payoffs": [[[69,1],[73,4]],[[82,7],[0,0]]]},
"G307": {"type": "Matrix2x2", "payoffs": [[[57,14],[0,22]],[[45,0],[81,36]]]},
"G308": {"type": "Matrix2x2", "payoffs": [[[14,64],[13,0]],[[17,78],[0,31]]]},
"G309": {"type": "Matrix2x2", "payoffs": [[[5,60],[0,0]],[[30,65],[3,46]]]},
"G310": {"type": "Matrix2x2", "payoffs": [[[16,0],[17,34]],[[0,33],[42,46]]]},
"G311": {"type": "Matrix2x2", "payoffs": [[[25,96],[16,26]],[[0,61],[13,0]]]},
"G312": {"type": "Matrix2x2", "payoffs": [[[34,1],[0,0]],[[77,16],[45,2]]]},
"G313": {"type": "Matrix2x2", "payoffs": [[[0,5],[50,12]],[[8,7],[22,0]]]},
"G314": {"type": "Matrix2x2", "payoffs": [[[2,37],[7,19]],[[0,0],[10,53]]]},
"G315": {"type": "Matrix2x2", "payoffs": [[[0,0],[56,9]],[[99,15],[93,12]]]},
"G316": {"type": "Matrix2x2", "payoffs": [[[38,96],[0,0]],[[26,71],[4,25]]]},
"G317": {"type": "Matrix2x2", "payoffs": [[[29,0],[28,27]],[[69,80],[0,31]]]},
"G318": {"type": "Matrix2x2", "payoffs": [[[6,4],[42,22]],[[0,13],[22,0]]]},
"G319": {"type": "Matrix2x2", "payoffs": [[[0,11],[49,42]],[[1,0],[19,25]]]},
"G320": {"type": "Matrix2x2", "payoffs": [[[77,32],[0,0]],[[56,17],[49,8]]]},
"G321": {"type": "Matrix2x2", "payoffs": [[[84,0],[54,28]],[[0,36],[88,98]]]},
"G322": {"type": "Matrix2x2", "payoffs": [[[34,0],[0,2]],[[25,3],[52,4]]]},
"G323": {"type": "Matrix2x2", "payoffs": [[[5,11],[0,0]],[[8,22],[15,34]]]},
"G324": {"type": "Matrix2x2", "payoffs": [[[0,43],[18,47]],[[15,22],[3,0]]]},
"G325": {"type": "Matrix2x2", "payoffs": [[[53,9],[0,2]],[[35,4],[4,0]]]},
"G326": {"type": "Matrix2x2", "payoffs": [[[8,10],[43,19]],[[0,0],[7,14]]]},
"G327": {"type": "Matrix2x2", "payoffs": [[[18,28],[7,0]],[[0,21],[15,15]]]},
"G328": {"type": "Matrix2x2", "payoffs": [[[29,4],[37,8]],[[12,0],[0,5]]]},
"G329": {"type": "Matrix2x2", "payoffs": [[[78,78],[47,57]],[[0,28],[32,0]]]},
"G330": {"type": "Matrix2x2", "payoffs": [[[3,84],[1,0]],[[2,35],[0,1]]]},
"G331": {"type": "Matrix2x2", "payoffs": [[[43,26],[8,61]],[[0,0],[86,88]]]},
"G332": {"type": "Matrix2x2", "payoffs": [[[54,73],[80,74]],[[38,16],[0,0]]]},
"G333": {"type": "Matrix2x2", "payoffs": [[[9,20],[8,2]],[[0,0],[26,22]]]},
"G334": {"type": "Matrix2x2", "payoffs": [[[4,23],[5,66]],[[3,61],[0,0]]]},
"G335": {"type": "Matrix2x2", "payoffs": [[[46,2],[29,0]],[[54,26],[0,10]]]},
"G336": {"type": "Matrix2x2", "payoffs": [[[15,15],[9,0]],[[25,30],[0,12]]]},
"G337": {"type": "Matrix2x2", "payoffs": [[[31,68],[0,5]],[[56,92],[14,0]]]},
"G338": {"type": "Matrix2x2", "payoffs": [[[38,49],[0,30]],[[12,3],[19,0]]]},
"G339": {"type": "Matrix2x2", "payoffs": [[[35,68],[0,0]],[[8,36],[32,15]]]},
"G340": {"type": "Matrix2x2", "payoffs": [[[0,6],[31,0]],[[27,16],[44,24]]]},
"G341": {"type": "Matrix2x2", "payoffs": [[[56,32],[84,71]],[[0,0],[14,65]]]},
"G342": {"type": "Matrix2x2", "payoffs": [[[2,0],[5,29]],[[0,18],[6,40]]]},
"G343": {"type": "Matrix2x2", "payoffs": [[[57,39],[4,0]],[[14,6],[0,35]]]},
"G344": {"type": "Matrix2x2", "payoffs": [[[0,6],[62,45]],[[14,16],[19,0]]]},
"G345": {"type": "Matrix2x2", "payoffs": [[[27,72],[6,28]],[[0,45],[19,0]]]},
"G346": {"type": "Matrix2x2", "payoffs": [[[30,47],[19,51]],[[60,71],[0,0]]]},
"G347": {"type": "Matrix2x2", "payoffs": [[[60,0],[65,50]],[[32,44],[0,11]]]},
"G348": {"type": "Matrix2x2", "payoffs": [[[18,20],[56,33]],[[14,0],[0,25]]]},
"G349": {"type": "Matrix2x2", "payoffs": [[[42,0],[38,1]],[[47,6],[0,2]]]},
"G350": {"type": "Matrix2x2", "payoffs": [[[0,2],[8,49]],[[7,0],[6,13]]]},
"G351": {"type": "Matrix2x2", "payoffs": [[[0,6],[98,15]],[[5,0],[1,7]]]},
"G352": {"type": "Matrix2x2", "payoffs": [[[0,24],[4,0]],[[7,32],[8,35]]]},
"G353": {"type": "Matrix2x2", "payoffs": [[[14,32],[11,0]],[[4,6],[0,14]]]},
"G354": {"type": "Matrix2x2", "payoffs": [[[54,32],[0,18]],[[47,0],[9,8]]]},
"G355": {"type": "Matrix2x2", "payoffs": [[[9,24],[0,55]],[[86,87],[16,0]]]},
"G356": {"type": "Matrix2x2", "payoffs": [[[76,19],[44,8]],[[0,14],[71,0]]]},
"G357": {"type": "Matrix2x2", "payoffs": [[[0,0],[35,16]],[[3,21],[48,62]]]},
"G358": {"type": "Matrix2x2", "payoffs": [[[4,0],[14,11]],[[0,21],[15,37]]]},
"G359": {"type": "Matrix2x2", "payoffs": [[[45,84],[0,17]],[[25,0],[7,46]]]},
"G360": {"type": "Matrix2x2", "payoffs": [[[53,3],[44,13]],[[0,0],[94,15]]]},
"G361": {"type": "Matrix2x2", "payoffs": [[[1,3],[15,13]],[[16,58],[0,0]]]},
"G362": {"type": "Matrix2x2", "payoffs": [[[11,77],[30,45]],[[0,0],[37,98]]]},
"G363": {"type": "Matrix2x2", "payoffs": [[[95,70],[62,57]],[[0,49],[83,0]]]},
"G364": {"type": "Matrix2x2", "payoffs": [[[0,64],[2,59]],[[22,0],[55,84]]]},
"G365": {"type": "Matrix2x2", "payoffs": [[[0,52],[100,59]],[[43,0],[73,30]]]},
"G366": {"type": "Matrix2x2", "payoffs": [[[62,3],[20,0]],[[14,2],[0,1]]]},
"G367": {"type": "Matrix2x2", "payoffs": [[[16,0],[0,35]],[[28,95],[27,54]]]},
"G368": {"type": "Matrix2x2", "payoffs": [[[0,45],[78,0]],[[81,64],[24,13]]]},
"G369": {"type": "Matrix2x2", "payoffs": [[[3,1],[65,0]],[[0,3],[70,4]]]},
"G370": {"type": "Matrix2x2", "payoffs": [[[55,12],[35,4]],[[5,0],[0,8]]]},
"G371": {"type": "Matrix2x2", "payoffs": [[[0,77],[1,0]],[[10,42],[19,86]]]},
"G372": {"type": "Matrix2x2", "payoffs": [[[88,45],[56,21]],[[0,15],[13,0]]]},
"G373": {"type": "Matrix2x2", "payoffs": [[[18,8],[49,91]],[[0,85],[32,0]]]},
"G374": {"type": "Matrix2x2", "payoffs": [[[50,16],[21,15]],[[35,0],[0,6]]]},
"G375": {"type": "Matrix2x2", "payoffs": [[[0,0],[11,37]],[[15,8],[19,57]]]},
"G376": {"type": "Matrix2x2", "payoffs": [[[0,14],[2,21]],[[3,0],[11,26]]]},
"G377": {"type": "Matrix2x2", "payoffs": [[[36,26],[18,42]],[[55,74],[0,0]]]},
"G378": {"type": "Matrix2x2", "payoffs": [[[94,3],[0,1]],[[3,0],[76,2]]]},
"G379": {"type": "Matrix2x2", "payoffs": [[[0,19],[7,16]],[[12,0],[16,28]]]},
"G380": {"type": "Matrix2x2", "payoffs": [[[13,84],[4,75]],[[0,58],[9,0]]]},
"G381": {"type": "Matrix2x2", "payoffs": [[[0,66],[18,0]],[[8,86],[100,92]]]},
"G382": {"type": "Matrix2x2", "payoffs": [[[0,52],[19,35]],[[33,0],[42,56]]]},
"G383": {"type": "Matrix2x2", "payoffs": [[[16,30],[29,15]],[[75,37],[0,0]]]},
"G384": {"type": "Matrix2x2", "payoffs": [[[39,16],[0,12]],[[27,0],[1,5]]]},
"G385": {"type": "Matrix2x2", "payoffs": [[[12,0],[0,10]],[[31,54],[23,1]]]},
"G386": {"type": "Matrix2x2", "payoffs": [[[15,0],[0,18]],[[26,31],[1,23]]]},
"G387": {"type": "Matrix2x2", "payoffs": [[[0,0],[29,5]],[[22,4],[6,2]]]},
"G388": {"type": "Matrix2x2", "payoffs": [[[66,73],[47,20]],[[0,0],[49,64]]]},
"G389": {"type": "Matrix2x2", "payoffs": [[[49,15],[0,0]],[[75,72],[5,38]]]},
"G390": {"type": "Matrix2x2", "payoffs": [[[0,15],[4,0]],[[68,7],[81,22]]]},
"G391": {"type": "Matrix2x2", "payoffs": [[[0,40],[3,32]],[[35,98],[22,0]]]},
"G392": {"type": "Matrix2x2", "payoffs": [[[60,8],[65,14]],[[0,11],[48,0]]]},
"G393": {"type": "Matrix2x2", "payoffs": [[[75,10],[0,8]],[[38,0],[26,3]]]},
"G394": {"type": "Matrix2x2", "payoffs": [[[64,37],[45,0]],[[0,14],[26,20]]]},
"G395": {"type": "Matrix2x2", "payoffs": [[[8,79],[7,27]],[[5,0],[0,41]]]},
"G396": {"type": "Matrix2x2", "payoffs": [[[50,33],[0,21]],[[29,0],[34,23]]]},
"G397": {"type": "Matrix2x2", "payoffs": [[[0,0],[16,2]],[[55,4],[3,1]]]},
"G398": {"type": "Matrix2x2", "payoffs": [[[0,60],[55,64]],[[1,0],[56,75]]]},
"G399": {"type": "Matrix2x2", "payoffs": [[[2,44],[0,37]],[[29,57],[9,0]]]},
"G400": {"type": "Matrix2x2", "payoffs": [[[14,0],[43,57]],[[32,30],[0,14]]]},
"G401": {"type": "Matrix2x2", "payoffs": [[[30,70],[0,14]],[[35,95],[15,0]]]},
"G402": {"type": "Matrix2x2", "payoffs": [[[10,32],[35,69]],[[0,0],[8,60]]]},
"G403": {"type": "Matrix2x2", "payoffs": [[[0,3],[77,6]],[[64,2],[61,0]]]},
"G404": {"type": "Matrix2x2", "payoffs": [[[86,99],[78,33]],[[72,0],[0,60]]]},
"G405": {"type": "Matrix2x2", "payoffs": [[[0,49],[37,0]],[[62,72],[36,69]]]},
"G406": {"type": "Matrix2x2", "payoffs": [[[9,26],[20,43]],[[0,0],[15,21]]]},
"G407": {"type": "Matrix2x2", "payoffs": [[[53,37],[18,24]],[[0,0],[19,35]]]},
"G408": {"type": "Matrix2x2", "payoffs": [[[0,5],[14,0]],[[23,22],[1,1]]]},
"G409": {"type": "Matrix2x2", "payoffs": [[[37,85],[0,15]],[[2,0],[19,54]]]},
"G410": {"type": "Matrix2x2", "payoffs": [[[31,21],[0,19]],[[9,7],[30,0]]]},
"G411": {"type": "Matrix2x2", "payoffs": [[[21,40],[65,71]],[[0,0],[16,33]]]},
"G412": {"type": "Matrix2x2", "payoffs": [[[62,0],[0,65]],[[69,69],[43,16]]]},
"G413": {"type": "Matrix2x2", "payoffs": [[[51,0],[0,14]],[[63,46],[40,29]]]},
"G414": {"type": "Matrix2x2", "payoffs": [[[92,24],[0,14]],[[4,0],[20,20]]]},
"G415": {"type": "Matrix2x2", "payoffs": [[[1,0],[0,32]],[[84,65],[51,11]]]},
"G416": {"type": "Matrix2x2", "payoffs": [[[29,0],[31,73]],[[53,89],[0,42]]]},
"G417": {"type": "Matrix2x2", "payoffs": [[[4,0],[15,63]],[[0,35],[8,58]]]},
"G418": {"type": "Matrix2x2", "payoffs": [[[0,0],[31,3]],[[50,26],[49,7]]]},
"G419": {"type": "Matrix2x2", "payoffs": [[[14,4],[53,0]],[[0,5],[67,8]]]},
"G420": {"type": "Matrix2x2", "payoffs": [[[28,75],[0,0]],[[63,76],[47,64]]]},
"G421": {"type": "Matrix2x2", "payoffs": [[[0,66],[21,52]],[[60,94],[47,0]]]},
"G422": {"type": "Matrix2x2", "payoffs": [[[6,3],[3,1]],[[5,2],[0,0]]]},
"G423": {"type": "Matrix2x2", "payoffs": [[[54,0],[0,2]],[[60,3],[39,1]]]},
"G424": {"type": "Matrix2x2", "payoffs": [[[79,17],[78,0]],[[44,12],[0,16]]]},
"G425": {"type": "Matrix2x2", "payoffs": [[[45,90],[33,0]],[[11,17],[0,50]]]},
"G426": {"type": "Matrix2x2", "payoffs": [[[6,4],[21,2]],[[25,9],[0,0]]]},
"G427": {"type": "Matrix2x2", "payoffs": [[[0,59],[45,83]],[[15,75],[32,0]]]},
"G428": {"type": "Matrix2x2", "payoffs": [[[8,9],[0,14]],[[7,0],[21,16]]]},
"G429": {"type": "Matrix2x2", "payoffs": [[[53,31],[74,91]],[[13,0],[0,73]]]},
"G430": {"type": "Matrix2x2", "payoffs": [[[58,32],[23,14]],[[54,13],[0,0]]]},
"G431": {"type": "Matrix2x2", "payoffs": [[[46,11],[1,0]],[[0,8],[3,7]]]},
"G432": {"type": "Matrix2x2", "payoffs": [[[7,43],[34,49]],[[0,0],[14,17]]]},
"G433": {"type": "Matrix2x2", "payoffs": [[[51,62],[18,0]],[[41,59],[0,34]]]},
"G434": {"type": "Matrix2x2", "payoffs": [[[27,0],[36,38]],[[0,21],[18,13]]]},
"G435": {"type": "Matrix2x2", "payoffs": [[[49,14],[38,8]],[[73,24],[0,0]]]},
"G436": {"type": "Matrix2x2", "payoffs": [[[1,0],[54,13]],[[85,35],[0,25]]]},
"G437": {"type": "Matrix2x2", "payoffs": [[[0,18],[62,37]],[[55,27],[30,0]]]},
"G438": {"type": "Matrix2x2", "payoffs": [[[67,0],[96,82]],[[5,53],[0,56]]]},
"G439": {"type": "Matrix2x2", "payoffs": [[[30,58],[0,34]],[[1,0],[15,35]]]},
"G440": {"type": "Matrix2x2", "payoffs": [[[47,0],[94,87]],[[0,71],[26,79]]]},
"G441": {"type": "Matrix2x2", "payoffs": [[[0,14],[2,24]],[[18,0],[75,93]]]},
"G442": {"type": "Matrix2x2", "payoffs": [[[64,31],[57,25]],[[62,9],[0,0]]]},
"G443": {"type": "Matrix2x2", "payoffs": [[[20,4],[19,2]],[[2,3],[0,0]]]},
"G444": {"type": "Matrix2x2", "payoffs": [[[16,22],[0,23]],[[24,0],[26,25]]]},
"G445": {"type": "Matrix2x2", "payoffs": [[[9,6],[42,67]],[[0,0],[39,54]]]},
"G446": {"type": "Matrix2x2", "payoffs": [[[41,0],[11,28]],[[47,33],[0,7]]]},
"G447": {"type": "Matrix2x2", "payoffs": [[[5,13],[3,5]],[[0,0],[1,1]]]},
"G448": {"type": "Matrix2x2", "payoffs": [[[20,0],[31,74]],[[0,72],[14,61]]]},
"G449": {"type": "Matrix2x2", "payoffs": [[[0,6],[2,1]],[[4,0],[6,10]]]},
"G450": {"type": "Matrix2x2", "payoffs": [[[23,0],[0,1]],[[26,4],[1,2]]]},
"G451": {"type": "Matrix2x2", "payoffs": [[[69,14],[91,20]],[[84,17],[0,0]]]},
"G452": {"type": "Matrix2x2", "payoffs": [[[9,30],[67,32]],[[34,0],[0,15]]]},
"G453": {"type": "Matrix2x2", "payoffs": [[[0,0],[5,40]],[[3,17],[4,12]]]},
"G454": {"type": "Matrix2x2", "payoffs": [[[48,70],[0,0]],[[32,35],[43,16]]]},
"G455": {"type": "Matrix2x2", "payoffs": [[[16,37],[0,7]],[[11,0],[9,32]]]},
"G456": {"type": "Matrix2x2", "payoffs": [[[4,0],[52,3]],[[0,19],[70,25]]]},
"G457": {"type": "Matrix2x2", "payoffs": [[[22,14],[20,0]],[[7,8],[0,4]]]},
"G458": {"type": "Matrix2x2", "payoffs": [[[0,12],[31,23]],[[33,0],[80,39]]]},
"G459": {"type": "Matrix2x2", "payoffs": [[[63,0],[68,79]],[[0,10],[59,13]]]},
"G460": {"type": "Matrix2x2", "payoffs": [[[29,26],[59,63]],[[57,41],[0,0]]]},
"G461": {"type": "Matrix2x2", "payoffs": [[[4,7],[96,69]],[[0,4],[37,0]]]},
"G462": {"type": "Matrix2x2", "payoffs": [[[96,56],[53,24]],[[0,0],[1,8]]]},
"G463": {"type": "Matrix2x2", "payoffs": [[[55,5],[0,0]],[[46,4],[23,2]]]},
"G464": {"type": "Matrix2x2", "payoffs": [[[0,6],[5,25]],[[34,94],[23,0]]]},
"G465": {"type": "Matrix2x2", "payoffs": [[[57,62],[0,0]],[[51,41],[2,48]]]},
"G466": {"type": "Matrix2x2", "payoffs": [[[42,54],[41,25]],[[30,24],[0,0]]]},
"G467": {"type": "Matrix2x2", "payoffs": [[[0,0],[18,14]],[[22,61],[45,87]]]},
"G468": {"type": "Matrix2x2", "payoffs": [[[0,0],[83,55]],[[54,26],[42,44]]]},
"G469": {"type": "Matrix2x2", "payoffs": [[[18,35],[16,0]],[[0,4],[57,42]]]},
"G470": {"type": "Matrix2x2", "payoffs": [[[0,25],[25,82]],[[3,63],[8,0]]]},
"G471": {"type": "Matrix2x2", "payoffs": [[[91,94],[78,73]],[[52,0],[0,76]]]},
"G472": {"type": "Matrix2x2", "payoffs": [[[22,0],[0,66]],[[23,93],[4,48]]]},
"G473": {"type": "Matrix2x2", "payoffs": [[[2,6],[14,0]],[[0,5],[70,10]]]},
"G474": {"type": "Matrix2x2", "payoffs": [[[0,18],[73,6]],[[24,0],[87,41]]]},
"G475": {"type": "Matrix2x2", "payoffs": [[[41,6],[22,0]],[[0,67],[73,68]]]},
"G476": {"type": "Matrix2x2", "payoffs": [[[92,0],[8,43]],[[0,37],[93,69]]]},
"G477": {"type": "Matrix2x2", "payoffs": [[[22,11],[19,2]],[[45,37],[0,0]]]},
"G478": {"type": "Matrix2x2", "payoffs": [[[42,70],[0,40]],[[31,47],[37,0]]]},
"G479": {"type": "Matrix2x2", "payoffs": [[[5,4],[2,3]],[[1,1],[0,0]]]},
"G480": {"type": "Matrix2x2", "payoffs": [[[4,8],[16,19]],[[7,5],[0,0]]]},
"G481": {"type": "Matrix2x2", "payoffs": [[[67,39],[5,37]],[[0,32],[52,0]]]},
"G482": {"type": "Matrix2x2", "payoffs": [[[5,0],[0,16]],[[14,34],[6,5]]]},
"G483": {"type": "Matrix2x2", "payoffs": [[[52,81],[45,4]],[[0,22],[22,0]]]},
"G484": {"type": "Matrix2x2", "payoffs": [[[47,44],[0,16]],[[3,0],[10,15]]]},
"G485": {"type": "Matrix2x2", "payoffs": [[[99,27],[40,17]],[[0,0],[37,7]]]},
"G486": {"type": "Matrix2x2", "payoffs": [[[57,10],[38,3]],[[0,4],[45,0]]]},
"G487": {"type": "Matrix2x2", "payoffs": [[[74,9],[0,7]],[[20,0],[18,1]]]},
"G488": {"type": "Matrix2x2", "payoffs": [[[14,0],[88,58]],[[37,42],[0,55]]]},
"G489": {"type": "Matrix2x2", "payoffs": [[[0,8],[7,47]],[[45,70],[14,0]]]},
"G490": {"type": "Matrix2x2", "payoffs": [[[70,96],[6,0]],[[25,53],[0,87]]]},
"G491": {"type": "Matrix2x2", "payoffs": [[[4,0],[7,50]],[[0,26],[9,71]]]},
"G492": {"type": "Matrix2x2", "payoffs": [[[0,0],[41,75]],[[23,32],[17,25]]]},
"G493": {"type": "Matrix2x2", "payoffs": [[[13,14],[17,15]],[[0,0],[43,22]]]},
"G494": {"type": "Matrix2x2", "payoffs": [[[3,0],[0,3]],[[48,5],[7,2]]]},
"G495": {"type": "Matrix2x2", "payoffs": [[[54,20],[17,16]],[[0,0],[8,6]]]},
"G496": {"type": "Matrix2x2", "payoffs": [[[24,54],[0,19]],[[18,18],[12,0]]]},
"G497": {"type": "Matrix2x2", "payoffs": [[[91,28],[13,0]],[[3,1],[0,7]]]},
"G498": {"type": "Matrix2x2", "payoffs": [[[5,18],[4,14]],[[3,0],[0,6]]]},
"G499": {"type": "Matrix2x2", "payoffs": [[[50,100],[18,0]],[[22,60],[0,23]]]},
"G500": {"type": "Matrix2x2", "payoffs": [[[42,0],[0,2]],[[47,80],[31,69]]]},
"G501": {"type": "Matrix2x2", "payoffs": [[[0,1],[23,4]],[[42,18],[37,0]]]},
"G502": {"type": "Matrix2x2", "payoffs": [[[12,20],[0,27]],[[79,77],[6,0]]]},
"G503": {"type": "Matrix2x2", "payoffs": [[[39,39],[23,36]],[[27,16],[0,0]]]},
"G504": {"type": "Matrix2x2", "payoffs": [[[14,18],[0,17]],[[4,14],[5,0]]]},
"G505": {"type": "Matrix2x2", "payoffs": [[[3,0],[4,37]],[[2,6],[0,24]]]},
"G506": {"type": "Matrix2x2", "payoffs": [[[50,23],[29,38]],[[76,54],[0,0]]]},
"G507": {"type": "Matrix2x2", "payoffs": [[[61,10],[0,4]],[[24,0],[33,1]]]},
"G508": {"type": "Matrix2x2", "payoffs": [[[21,48],[0,26]],[[2,0],[18,25]]]},
"G509": {"type": "Matrix2x2", "payoffs": [[[53,0],[42,31]],[[94,81],[0,74]]]},
"G510": {"type": "Matrix2x2", "payoffs": [[[2,5],[5,6]],[[0,0],[3,2]]]},
"G511": {"type": "Matrix2x2", "payoffs": [[[0,3],[18,2]],[[10,0],[29,5]]]},
"G512": {"type": "Matrix2x2", "payoffs": [[[58,90],[70,96]],[[55,0],[0,69]]]},
"G513": {"type": "Matrix2x2", "payoffs": [[[51,85],[33,0]],[[0,42],[31,76]]]},
"G514": {"type": "Matrix2x2", "payoffs": [[[11,0],[12,54]],[[6,31],[0,38]]]},
"G515": {"type": "Matrix2x2", "payoffs": [[[33,43],[46,51]],[[28,5],[0,0]]]},
"G516": {"type": "Matrix2x2", "payoffs": [[[0,41],[5,0]],[[4,44],[9,50]]]},
"G517": {"type": "Matrix2x2", "payoffs": [[[97,36],[94,24]],[[0,28],[79,0]]]},
"G518": {"type": "Matrix2x2", "payoffs": [[[0,8],[17,15]],[[39,21],[1,0]]]},
"G519": {"type": "Matrix2x2", "payoffs": [[[33,87],[10,29]],[[7,12],[0,0]]]},
"G520": {"type": "Matrix2x2", "payoffs": [[[9,0],[0,13]],[[45,22],[23,21]]]},
"G521": {"type": "Matrix2x2", "payoffs": [[[1,10],[6,0]],[[11,29],[0,6]]]},
"G522": {"type": "Matrix2x2", "payoffs": [[[40,23],[0,0]],[[56,63],[29,59]]]},
"G523": {"type": "Matrix2x2", "payoffs": [[[98,90],[0,48]],[[25,0],[16,17]]]},
"G524": {"type": "Matrix2x2", "payoffs": [[[82,58],[0,0]],[[45,9],[90,61]]]},
"G525": {"type": "Matrix2x2", "payoffs": [[[25,49],[43,51]],[[0,34],[23,0]]]},
"G526": {"type": "Matrix2x2", "payoffs": [[[0,0],[19,47]],[[40,56],[11,9]]]},
"G527": {"type": "Matrix2x2", "payoffs": [[[48,48],[34,42]],[[17,0],[0,35]]]},
"G528": {"type": "Matrix2x2", "payoffs": [[[24,0],[9,46]],[[0,44],[25,69]]]},
"G529": {"type": "Matrix2x2", "payoffs": [[[15,28],[67,0]],[[0,1],[89,46]]]},
"G530": {"type": "Matrix2x2", "payoffs": [[[42,62],[16,0]],[[0,21],[64,75]]]},
"G531": {"type": "Matrix2x2", "payoffs": [[[27,8],[0,0]],[[48,17],[36,13]]]},
"G532": {"type": "Matrix2x2", "payoffs": [[[79,3],[87,6]],[[68,0],[0,4]]]},
"G533": {"type": "Matrix2x2", "payoffs": [[[0,0],[3,83]],[[36,84],[41,89]]]},
"G534": {"type": "Matrix2x2", "payoffs": [[[2,0],[7,67]],[[0,15],[1,45]]]},
"G535": {"type": "Matrix2x2", "payoffs": [[[48,31],[10,23]],[[0,0],[46,16]]]},
"G536": {"type": "Matrix2x2", "payoffs": [[[0,0],[34,1]],[[20,20],[82,26]]]},
"G537": {"type": "Matrix2x2", "payoffs": [[[0,4],[16,0]],[[46,18],[17,14]]]},
"G538": {"type": "Matrix2x2", "payoffs": [[[76,30],[0,0]],[[53,21],[52,13]]]},
"G539": {"type": "Matrix2x2", "payoffs": [[[10,99],[4,12]],[[0,0],[2,8]]]},
"G540": {"type": "Matrix2x2", "payoffs": [[[13,0],[86,31]],[[0,44],[97,84]]]},
"G541": {"type": "Matrix2x2", "payoffs": [[[4,15],[2,13]],[[0,0],[26,23]]]},
"G542": {"type": "Matrix2x2", "payoffs": [[[50,5],[51,13]],[[43,0],[0,4]]]},
"G543": {"type": "Matrix2x2", "payoffs": [[[0,8],[5,0]],[[7,3],[9,9]]]},
"G544": {"type": "Matrix2x2", "payoffs": [[[27,0],[0,50]],[[8,24],[29,62]]]},
"G545": {"type": "Matrix2x2", "payoffs": [[[0,1],[26,9]],[[22,0],[5,6]]]},
"G546": {"type": "Matrix2x2", "payoffs": [[[3,0],[0,15]],[[1,5],[5,17]]]},
"G547": {"type": "Matrix2x2", "payoffs": [[[3,0],[9,78]],[[6,44],[0,4]]]},
"G548": {"type": "Matrix2x2", "payoffs": [[[8,11],[2,0]],[[74,26],[0,4]]]},
"G549": {"type": "Matrix2x2", "payoffs": [[[0,1],[7,3]],[[93,0],[99,8]]]},
"G550": {"type": "Matrix2x2", "payoffs": [[[0,0],[73,83]],[[9,14],[60,61]]]},
"G551": {"type": "Matrix2x2", "payoffs": [[[45,96],[44,0]],[[20,43],[0,47]]]},
"G552": {"type": "Matrix2x2", "payoffs": [[[0,13],[67,40]],[[48,3],[33,0]]]},
"G553": {"type": "Matrix2x2", "payoffs": [[[66,8],[51,0]],[[1,6],[0,4]]]},
"G554": {"type": "Matrix2x2", "payoffs": [[[32,0],[8,47]],[[55,57],[0,19]]]},
"G555": {"type": "Matrix2x2", "payoffs": [[[1,1],[3,11]],[[2,0],[0,9]]]},
"G556": {"type": "Matrix2x2", "payoffs": [[[0,0],[46,2]],[[8,9],[87,15]]]},
"G557": {"type": "Matrix2x2", "payoffs": [[[0,38],[22,0]],[[21,39],[25,71]]]},
"G558": {"type": "Matrix2x2", "payoffs": [[[41,37],[7,4]],[[33,30],[0,0]]]},
"G559": {"type": "Matrix2x2", "payoffs": [[[18,0],[33,73]],[[0,34],[8,47]]]},
"G560": {"type": "Matrix2x2", "payoffs": [[[21,19],[58,34]],[[0,16],[47,0]]]},
"G561": {"type": "Matrix2x2", "payoffs": [[[36,6],[90,85]],[[0,54],[3,0]]]},
"G562": {"type": "Matrix2x2", "payoffs": [[[0,78],[21,96]],[[12,0],[4,57]]]},
"G563": {"type": "Matrix2x2", "payoffs": [[[78,35],[19,24]],[[0,0],[15,14]]]},
"G564": {"type": "Matrix2x2", "payoffs": [[[6,6],[0,0]],[[14,13],[15,24]]]},
"G565": {"type": "Matrix2x2", "payoffs": [[[0,0],[50,79]],[[3,40],[20,25]]]},
"G566": {"type": "Matrix2x2", "payoffs": [[[0,14],[41,0]],[[53,34],[8,22]]]},
"G567": {"type": "Matrix2x2", "payoffs": [[[0,15],[8,55]],[[3,0],[1,31]]]},
"G568": {"type": "Matrix2x2", "payoffs": [[[51,40],[0,0]],[[48,10],[27,12]]]},
"G569": {"type": "Matrix2x2", "payoffs": [[[0,32],[31,0]],[[12,10],[47,33]]]},
"G570": {"type": "Matrix2x2", "payoffs": [[[12,0],[73,32]],[[53,20],[0,1]]]},
"G571": {"type": "Matrix2x2", "payoffs": [[[36,80],[0,29]],[[4,21],[3,0]]]},
"G572": {"type": "Matrix2x2", "payoffs": [[[20,0],[10,22]],[[0,20],[24,57]]]},
"G573": {"type": "Matrix2x2", "payoffs": [[[6,3],[15,5]],[[0,0],[58,6]]]},
"G574": {"type": "Matrix2x2", "payoffs": [[[25,83],[12,0]],[[0,81],[1,40]]]},
"G575": {"type": "Matrix2x2", "payoffs": [[[31,58],[0,31]],[[9,0],[13,2]]]},
"G576": {"type": "Matrix2x2", "payoffs": [[[96,21],[0,12]],[[69,0],[42,17]]]},
"G577": {"type": "Matrix2x2", "payoffs": [[[96,43],[19,0]],[[69,5],[0,12]]]},
"G578": {"type": "Matrix2x2", "payoffs": [[[41,0],[15,42]],[[0,15],[63,50]]]},
"G579": {"type": "Matrix2x2", "payoffs": [[[1,20],[46,18]],[[0,0],[100,37]]]},
"G580": {"type": "Matrix2x2", "payoffs": [[[26,23],[0,16]],[[7,6],[20,0]]]},
"G581": {"type": "Matrix2x2", "payoffs": [[[33,16],[40,18]],[[11,6],[0,0]]]},
"G582": {"type": "Matrix2x2", "payoffs": [[[67,30],[35,0]],[[0,35],[80,38]]]},
"G583": {"type": "Matrix2x2", "payoffs": [[[98,10],[72,0]],[[0,6],[31,3]]]},
"G584": {"type": "Matrix2x2", "payoffs": [[[10,64],[0,62]],[[3,0],[2,34]]]},
"G585": {"type": "Matrix2x2", "payoffs": [[[3,0],[2,40]],[[12,42],[0,25]]]},
"G586": {"type": "Matrix2x2", "payoffs": [[[0,4],[82,5]],[[68,3],[71,0]]]},
"G587": {"type": "Matrix2x2", "payoffs": [[[32,36],[74,66]],[[0,45],[71,0]]]},
"G588": {"type": "Matrix2x2", "payoffs": [[[26,40],[0,0]],[[62,62],[47,35]]]},
"G589": {"type": "Matrix2x2", "payoffs": [[[72,91],[50,19]],[[0,0],[49,79]]]},
"G590": {"type": "Matrix2x2", "payoffs": [[[0,17],[44,58]],[[19,45],[38,0]]]},
"G591": {"type": "Matrix2x2", "payoffs": [[[6,0],[97,90]],[[23,10],[0,72]]]},
"G592": {"type": "Matrix2x2", "payoffs": [[[54,0],[57,23]],[[27,12],[0,16]]]},
"G593": {"type": "Matrix2x2", "payoffs": [[[0,11],[24,53]],[[83,64],[26,0]]]},
"G594": {"type": "Matrix2x2", "payoffs": [[[18,0],[0,10]],[[5,7],[35,19]]]},
"G595": {"type": "Matrix2x2", "payoffs": [[[14,3],[27,13]],[[9,0],[0,7]]]},
"G596": {"type": "Matrix2x2", "payoffs": [[[0,0],[33,91]],[[1,80],[25,26]]]},
"G597": {"type": "Matrix2x2", "payoffs": [[[3,27],[0,12]],[[17,0],[22,37]]]},
"G598": {"type": "Matrix2x2", "payoffs": [[[78,45],[32,6]],[[58,0],[0,13]]]},
"G599": {"type": "Matrix2x2", "payoffs": [[[20,0],[14,5]],[[28,15],[0,4]]]},
"G600": {"type": "Matrix2x2", "payoffs": [[[34,38],[11,37]],[[0,0],[3,5]]]},
"G601": {"type": "Matrix2x2", "payoffs": [[[1,0],[64,3]],[[54,2],[0,1]]]},
"G602": {"type": "Matrix2x2", "payoffs": [[[99,38],[0,0]],[[13,14],[78,4]]]},
"G603": {"type": "Matrix2x2", "payoffs": [[[57,69],[66,78]],[[0,56],[39,0]]]},
"G604": {"type": "Matrix2x2", "payoffs": [[[63,18],[0,16]],[[31,17],[38,0]]]},
"G605": {"type": "Matrix2x2", "payoffs": [[[5,89],[4,87]],[[2,0],[0,20]]]},
"G606": {"type": "Matrix2x2", "payoffs": [[[77,13],[0,3]],[[69,0],[19,10]]]},
"G607": {"type": "Matrix2x2", "payoffs": [[[93,79],[0,0]],[[6,57],[81,56]]]},
"G608": {"type": "Matrix2x2", "payoffs": [[[1,1],[0,0]],[[3,2],[47,3]]]},
"G609": {"type": "Matrix2x2", "payoffs": [[[5,0],[54,86]],[[0,6],[10,8]]]},
"G610": {"type": "Matrix2x2", "payoffs": [[[0,47],[38,37]],[[57,63],[56,0]]]},
"G611": {"type": "Matrix2x2", "payoffs": [[[4,0],[5,76]],[[2,45],[0,2]]]},
"G612": {"type": "Matrix2x2", "payoffs": [[[0,1],[7,0]],[[41,21],[4,20]]]},
"G613": {"type": "Matrix2x2", "payoffs": [[[30,63],[64,34]],[[75,66],[0,0]]]},
"G614": {"type": "Matrix2x2", "payoffs": [[[3,37],[17,76]],[[0,0],[18,81]]]},
"G615": {"type": "Matrix2x2", "payoffs": [[[10,80],[4,55]],[[0,69],[6,0]]]},
"G616": {"type": "Matrix2x2", "payoffs": [[[6,0],[12,22]],[[0,84],[15,92]]]},
"G617": {"type": "Matrix2x2", "payoffs": [[[4,31],[66,39]],[[21,0],[0,13]]]},
"G618": {"type": "Matrix2x2", "payoffs": [[[0,15],[22,19]],[[4,0],[9,18]]]},
"G619": {"type": "Matrix2x2", "payoffs": [[[0,0],[19,4]],[[9,11],[24,13]]]},
"G620": {"type": "Matrix2x2", "payoffs": [[[6,65],[2,0]],[[5,53],[0,33]]]},
"G621": {"type": "Matrix2x2", "payoffs": [[[55,98],[0,86]],[[52,0],[18,15]]]},
"G622": {"type": "Matrix2x2", "payoffs": [[[17,2],[25,11]],[[0,8],[19,0]]]},
"G623": {"type": "Matrix2x2", "payoffs": [[[0,0],[42,10]],[[52,13],[36,5]]]},
"G624": {"type": "Matrix2x2", "payoffs": [[[0,0],[27,44]],[[29,77],[8,71]]]},
"G625": {"type": "Matrix2x2", "payoffs": [[[60,68],[27,0]],[[0,24],[75,71]]]},
"G626": {"type": "Matrix2x2", "payoffs": [[[30,17],[2,11]],[[20,0],[0,8]]]},
"G627": {"type": "Matrix2x2", "payoffs": [[[0,23],[43,0]],[[83,82],[82,17]]]},
"G628": {"type": "Matrix2x2", "payoffs": [[[3,0],[0,10]],[[1,37],[6,87]]]},
"G629": {"type": "Matrix2x2", "payoffs": [[[14,0],[0,29]],[[5,56],[17,72]]]},
"G630": {"type": "Matrix2x2", "payoffs": [[[4,0],[0,31]],[[9,16],[11,32]]]},
"G631": {"type": "Matrix2x2", "payoffs": [[[14,25],[23,0]],[[0,6],[37,55]]]},
"G632": {"type": "Matrix2x2", "payoffs": [[[6,8],[33,16]],[[0,0],[76,18]]]},
"G633": {"type": "Matrix2x2", "payoffs": [[[85,72],[82,0]],[[0,4],[50,38]]]},
"G634": {"type": "Matrix2x2", "payoffs": [[[0,0],[38,84]],[[1,14],[13,21]]]},
"G635": {"type": "Matrix2x2", "payoffs": [[[0,69],[56,0]],[[62,44],[99,73]]]},
"G636": {"type": "Matrix2x2", "payoffs": [[[69,0],[0,6]],[[61,1],[77,7]]]},
"G637": {"type": "Matrix2x2", "payoffs": [[[23,5],[27,25]],[[6,9],[0,0]]]},
"G638": {"type": "Matrix2x2", "payoffs": [[[16,79],[8,53]],[[0,0],[1,26]]]},
"G639": {"type": "Matrix2x2", "payoffs": [[[0,0],[61,2]],[[57,21],[85,91]]]},
"G640": {"type": "Matrix2x2", "payoffs": [[[90,0],[15,32]],[[99,71],[0,23]]]},
"G641": {"type": "Matrix2x2", "payoffs": [[[52,4],[0,9]],[[41,0],[59,31]]]},
"G642": {"type": "Matrix2x2", "payoffs": [[[1,23],[0,0]],[[3,9],[5,67]]]},
"G643": {"type": "Matrix2x2", "payoffs": [[[20,88],[0,51]],[[7,0],[5,13]]]},
"G644": {"type": "Matrix2x2", "payoffs": [[[0,2],[4,0]],[[2,3],[25,4]]]},
"G645": {"type": "Matrix2x2", "payoffs": [[[0,80],[99,83]],[[41,51],[64,0]]]},
"G646": {"type": "Matrix2x2", "payoffs": [[[26,0],[52,22]],[[0,65],[79,76]]]},
"G647": {"type": "Matrix2x2", "payoffs": [[[88,15],[0,9]],[[33,0],[24,8]]]},
"G648": {"type": "Matrix2x2", "payoffs": [[[8,8],[22,12]],[[0,2],[18,0]]]},
"G649": {"type": "Matrix2x2", "payoffs": [[[0,24],[7,2]],[[25,44],[18,0]]]},
"G650": {"type": "Matrix2x2", "payoffs": [[[15,57],[11,0]],[[0,39],[24,97]]]},
"G651": {"type": "Matrix2x2", "payoffs": [[[37,0],[10,62]],[[0,88],[56,96]]]},
"G652": {"type": "Matrix2x2", "payoffs": [[[37,30],[12,13]],[[0,0],[62,34]]]},
"G653": {"type": "Matrix2x2", "payoffs": [[[46,68],[51,27]],[[54,89],[0,0]]]},
"G654": {"type": "Matrix2x2", "payoffs": [[[0,10],[62,17]],[[61,0],[44,6]]]},
"G655": {"type": "Matrix2x2", "payoffs": [[[3,5],[2,33]],[[5,76],[0,0]]]},
"G656": {"type": "Matrix2x2", "payoffs": [[[64,0],[17,51]],[[77,94],[0,48]]]},
"G657": {"type": "Matrix2x2", "payoffs": [[[9,4],[0,12]],[[8,0],[13,20]]]},
"G658": {"type": "Matrix2x2", "payoffs": [[[57,44],[0,28]],[[3,38],[21,0]]]},
"G659": {"type": "Matrix2x2", "payoffs": [[[63,0],[68,1]],[[0,54],[73,67]]]},
"G660": {"type": "Matrix2x2", "payoffs": [[[72,0],[90,44]],[[69,9],[0,22]]]},
"G661": {"type": "Matrix2x2", "payoffs": [[[38,0],[34,24]],[[0,27],[40,32]]]},
"G662": {"type": "Matrix2x2", "payoffs": [[[26,25],[68,0]],[[0,47],[95,91]]]},
"G663": {"type": "Matrix2x2", "payoffs": [[[48,71],[12,0]],[[0,22],[42,29]]]},
"G664": {"type": "Matrix2x2", "payoffs": [[[2,10],[6,89]],[[0,0],[4,16]]]},
"G665": {"type": "Matrix2x2", "payoffs": [[[19,24],[10,8]],[[0,0],[30,28]]]},
"G666": {"type": "Matrix2x2", "payoffs": [[[19,82],[0,15]],[[14,0],[12,52]]]},
"G667": {"type": "Matrix2x2", "payoffs": [[[1,7],[0,0]],[[9,4],[47,12]]]},
"G668": {"type": "Matrix2x2", "payoffs": [[[38,62],[0,29]],[[25,0],[13,49]]]},
"G669": {"type": "Matrix2x2", "payoffs": [[[14,0],[91,13]],[[18,9],[0,3]]]},
"G670": {"type": "Matrix2x2", "payoffs": [[[14,2],[27,3]],[[0,0],[89,4]]]},
"G671": {"type": "Matrix2x2", "payoffs": [[[0,0],[33,34]],[[26,2],[24,9]]]},
"G672": {"type": "Matrix2x2", "payoffs": [[[21,29],[71,43]],[[57,0],[0,3]]]},
"G673": {"type": "Matrix2x2", "payoffs": [[[41,37],[0,16]],[[60,40],[12,0]]]},
"G674": {"type": "Matrix2x2", "payoffs": [[[7,35],[0,0]],[[1,3],[9,82]]]},
"G675": {"type": "Matrix2x2", "payoffs": [[[3,0],[1,4]],[[5,8],[0,2]]]},
"G676": {"type": "Matrix2x2", "payoffs": [[[16,0],[26,9]],[[0,7],[54,13]]]},
"G677": {"type": "Matrix2x2", "payoffs": [[[17,10],[7,0]],[[31,62],[0,40]]]},
"G678": {"type": "Matrix2x2", "payoffs": [[[36,46],[12,36]],[[11,40],[0,0]]]},
"G679": {"type": "Matrix2x2", "payoffs": [[[25,61],[0,0]],[[21,68],[28,83]]]},
"G680": {"type": "Matrix2x2", "payoffs": [[[3,6],[25,11]],[[0,0],[11,1]]]},
"G681": {"type": "Matrix2x2", "payoffs": [[[6,19],[3,18]],[[0,0],[2,16]]]},
"G682": {"type": "Matrix2x2", "payoffs": [[[6,71],[10,0]],[[0,61],[11,82]]]},
"G683": {"type": "Matrix2x2", "payoffs": [[[72,19],[80,0]],[[90,65],[0,4]]]},
"G684": {"type": "Matrix2x2", "payoffs": [[[10,24],[0,0]],[[32,16],[44,73]]]},
"G685": {"type": "Matrix2x2", "payoffs": [[[83,11],[62,0]],[[92,20],[0,1]]]},
"G686": {"type": "Matrix2x2", "payoffs": [[[8,26],[18,28]],[[16,27],[0,0]]]},
"G687": {"type": "Matrix2x2", "payoffs": [[[18,36],[6,31]],[[2,25],[0,0]]]},
"G688": {"type": "Matrix2x2", "payoffs": [[[62,67],[0,18]],[[53,0],[3,48]]]},
"G689": {"type": "Matrix2x2", "payoffs": [[[10,1],[16,54]],[[8,0],[0,44]]]},
"G690": {"type": "Matrix2x2", "payoffs": [[[60,55],[35,28]],[[0,0],[26,20]]]},
"G691": {"type": "Matrix2x2", "payoffs": [[[3,0],[6,37]],[[0,28],[7,61]]]},
"G692": {"type": "Matrix2x2", "payoffs": [[[19,0],[0,93]],[[23,2],[41,98]]]},
"G693": {"type": "Matrix2x2", "payoffs": [[[81,37],[62,0]],[[0,13],[19,11]]]},
"G694": {"type": "Matrix2x2", "payoffs": [[[39,51],[78,0]],[[0,40],[87,64]]]},
"G695": {"type": "Matrix2x2", "payoffs": [[[0,24],[80,74]],[[33,0],[26,60]]]},
"G696": {"type": "Matrix2x2", "payoffs": [[[36,24],[0,21]],[[33,0],[12,11]]]},
"G697": {"type": "Matrix2x2", "payoffs": [[[21,0],[41,90]],[[0,46],[20,8]]]},
"G698": {"type": "Matrix2x2", "payoffs": [[[0,12],[50,0]],[[85,28],[57,26]]]},
"G699": {"type": "Matrix2x2", "payoffs": [[[2,10],[19,0]],[[0,53],[30,96]]]},
"G700": {"type": "Matrix2x2", "payoffs": [[[9,44],[48,74]],[[46,56],[0,0]]]},
"G701": {"type": "Matrix2x2", "payoffs": [[[0,0],[38,6]],[[14,5],[30,2]]]},
"G702": {"type": "Matrix2x2", "payoffs": [[[5,48],[52,34]],[[55,71],[0,0]]]},
"G703": {"type": "Matrix2x2", "payoffs": [[[73,0],[0,52]],[[87,53],[46,15]]]},
"G704": {"type": "Matrix2x2", "payoffs": [[[13,0],[0,25]],[[64,28],[28,5]]]},
"G705": {"type": "Matrix2x2", "payoffs": [[[32,0],[0,49]],[[91,93],[10,19]]]},
"G706": {"type": "Matrix2x2", "payoffs": [[[55,28],[0,26]],[[35,0],[19,13]]]},
"G707": {"type": "Matrix2x2", "payoffs": [[[47,0],[61,37]],[[0,13],[59,7]]]},
"G708": {"type": "Matrix2x2", "payoffs": [[[5,81],[2,71]],[[0,0],[1,40]]]},
"G709": {"type": "Matrix2x2", "payoffs": [[[11,98],[0,11]],[[6,95],[7,0]]]},
"G710": {"type": "Matrix2x2", "payoffs": [[[8,30],[0,17]],[[54,42],[27,0]]]},
"G711": {"type": "Matrix2x2", "payoffs": [[[15,20],[0,12]],[[63,36],[55,0]]]},
"G712": {"type": "Matrix2x2", "payoffs": [[[45,0],[8,61]],[[67,86],[0,18]]]},
"G713": {"type": "Matrix2x2", "payoffs": [[[8,11],[22,87]],[[2,0],[0,54]]]},
"G714": {"type": "Matrix2x2", "payoffs": [[[3,79],[1,0]],[[2,36],[0,40]]]},
"G715": {"type": "Matrix2x2", "payoffs": [[[45,52],[42,9]],[[0,0],[12,14]]]},
"G716": {"type": "Matrix2x2", "payoffs": [[[75,49],[0,0]],[[39,12],[77,96]]]},
"G717": {"type": "Matrix2x2", "payoffs": [[[59,38],[11,11]],[[53,24],[0,0]]]},
"G718": {"type": "Matrix2x2", "payoffs": [[[7,0],[12,11]],[[0,9],[4,8]]]},
"G719": {"type": "Matrix2x2", "payoffs": [[[63,22],[0,0]],[[67,67],[3,19]]]},
"G720": {"type": "Matrix2x2", "payoffs": [[[19,63],[9,18]],[[8,1],[0,0]]]},
"G721": {"type": "Matrix2x2", "payoffs": [[[0,8],[3,7]],[[5,35],[4,0]]]},
"G722": {"type": "Matrix2x2", "payoffs": [[[48,62],[0,7]],[[34,17],[38,0]]]},
"G723": {"type": "Matrix2x2", "payoffs": [[[38,36],[28,0]],[[0,65],[48,74]]]},
"G724": {"type": "Matrix2x2", "payoffs": [[[40,2],[43,0]],[[0,4],[48,5]]]},
"G725": {"type": "Matrix2x2", "payoffs": [[[0,7],[28,11]],[[52,0],[73,15]]]},
"G726": {"type": "Matrix2x2", "payoffs": [[[70,0],[73,67]],[[0,50],[80,86]]]},
"G727": {"type": "Matrix2x2", "payoffs": [[[10,6],[19,8]],[[0,7],[3,0]]]},
"G728": {"type": "Matrix2x2", "payoffs": [[[19,0],[0,19]],[[33,60],[26,58]]]},
"G729": {"type": "Matrix2x2", "payoffs": [[[39,0],[50,59]],[[0,33],[46,24]]]},
"G730": {"type": "Matrix2x2", "payoffs": [[[9,0],[0,44]],[[4,48],[25,57]]]},
"G731": {"type": "Matrix2x2", "payoffs": [[[85,94],[0,90]],[[21,8],[80,0]]]},
"G732": {"type": "Matrix2x2", "payoffs": [[[0,8],[24,21]],[[42,54],[1,0]]]},
"G733": {"type": "Matrix2x2", "payoffs": [[[0,12],[27,0]],[[19,9],[29,16]]]},
"G734": {"type": "Matrix2x2", "payoffs": [[[53,77],[26,6]],[[0,0],[1,43]]]},
"G735": {"type": "Matrix2x2", "payoffs": [[[39,49],[0,0]],[[80,93],[22,71]]]},
"G736": {"type": "Matrix2x2", "payoffs": [[[57,22],[0,14]],[[65,0],[68,43]]]},
"G737": {"type": "Matrix2x2", "payoffs": [[[12,3],[8,2]],[[0,0],[1,1]]]},
"G738": {"type": "Matrix2x2", "payoffs": [[[67,83],[51,0]],[[0,23],[23,35]]]},
"G739": {"type": "Matrix2x2", "payoffs": [[[0,3],[34,29]],[[13,0],[96,41]]]},
"G740": {"type": "Matrix2x2", "payoffs": [[[0,22],[4,0]],[[15,16],[64,39]]]},
"G741": {"type": "Matrix2x2", "payoffs": [[[5,28],[22,33]],[[0,0],[14,20]]]},
"G742": {"type": "Matrix2x2", "payoffs": [[[24,10],[0,21]],[[18,0],[37,22]]]},
"G743": {"type": "Matrix2x2", "payoffs": [[[0,48],[80,72]],[[12,24],[53,0]]]},
"G744": {"type": "Matrix2x2", "payoffs": [[[0,93],[20,0]],[[90,17],[91,97]]]},
"G745": {"type": "Matrix2x2", "payoffs": [[[0,18],[18,55]],[[5,17],[4,0]]]},
"G746": {"type": "Matrix2x2", "payoffs": [[[0,46],[15,53]],[[13,0],[11,4]]]},
"G747": {"type": "Matrix2x2", "payoffs": [[[19,21],[47,18]],[[0,0],[66,53]]]},
"G748": {"type": "Matrix2x2", "payoffs": [[[36,4],[32,1]],[[15,3],[0,0]]]},
"G749": {"type": "Matrix2x2", "payoffs": [[[36,64],[15,0]],[[39,75],[0,70]]]},
"G750": {"type": "Matrix2x2", "payoffs": [[[0,0],[34,72]],[[4,33],[38,90]]]},
"G751": {"type": "Matrix2x2", "payoffs": [[[1,0],[6,30]],[[0,4],[3,22]]]},
"G752": {"type": "Matrix2x2", "payoffs": [[[52,41],[0,68]],[[27,0],[58,74]]]},
"G753": {"type": "Matrix2x2", "payoffs": [[[16,16],[0,0]],[[9,7],[13,6]]]},
"G754": {"type": "Matrix2x2", "payoffs": [[[14,3],[81,4]],[[0,2],[33,0]]]},
"G755": {"type": "Matrix2x2", "payoffs": [[[55,43],[73,81]],[[70,0],[0,76]]]},
"G756": {"type": "Matrix2x2", "payoffs": [[[0,1],[82,0]],[[84,7],[1,4]]]},
"G757": {"type": "Matrix2x2", "payoffs": [[[0,19],[100,37]],[[77,18],[30,0]]]},
"G758": {"type": "Matrix2x2", "payoffs": [[[74,53],[0,52]],[[70,0],[44,3]]]},
"G759": {"type": "Matrix2x2", "payoffs": [[[29,53],[5,37]],[[20,36],[0,0]]]},
"G760": {"type": "Matrix2x2", "payoffs": [[[0,3],[82,17]],[[33,0],[14,7]]]},
"G761": {"type": "Matrix2x2", "payoffs": [[[19,53],[6,6]],[[0,13],[3,0]]]},
"G762": {"type": "Matrix2x2", "payoffs": [[[47,68],[0,60]],[[17,0],[37,37]]]},
"G763": {"type": "Matrix2x2", "payoffs": [[[19,25],[61,0]],[[63,42],[0,21]]]},
"G764": {"type": "Matrix2x2", "payoffs": [[[0,38],[5,0]],[[10,64],[1,18]]]},
"G765": {"type": "Matrix2x2", "payoffs": [[[5,0],[85,96]],[[51,31],[0,73]]]},
"G766": {"type": "Matrix2x2", "payoffs": [[[19,45],[16,0]],[[15,16],[0,10]]]},
"G767": {"type": "Matrix2x2", "payoffs": [[[6,0],[75,46]],[[43,5],[0,6]]]},
"G768": {"type": "Matrix2x2", "payoffs": [[[0,0],[42,6]],[[47,26],[45,25]]]},
"G769": {"type": "Matrix2x2", "payoffs": [[[0,50],[26,39]],[[29,0],[36,90]]]},
"G770": {"type": "Matrix2x2", "payoffs": [[[22,28],[0,0]],[[12,18],[9,4]]]},
"G771": {"type": "Matrix2x2", "payoffs": [[[25,0],[49,30]],[[0,1],[15,10]]]},
"G772": {"type": "Matrix2x2", "payoffs": [[[0,0],[74,17]],[[12,13],[38,7]]]},
"G773": {"type": "Matrix2x2", "payoffs": [[[0,52],[57,61]],[[51,4],[13,0]]]},
"G774": {"type": "Matrix2x2", "payoffs": [[[4,0],[6,81]],[[0,10],[3,46]]]},
"G775": {"type": "Matrix2x2", "payoffs": [[[45,1],[0,5]],[[35,0],[92,6]]]},
"G776": {"type": "Matrix2x2", "payoffs": [[[2,6],[3,8]],[[0,0],[1,5]]]},
"G777": {"type": "Matrix2x2", "payoffs": [[[14,30],[15,31]],[[22,99],[0,0]]]},
"G778": {"type": "Matrix2x2", "payoffs": [[[0,0],[94,14]],[[33,5],[76,13]]]},
"G779": {"type": "Matrix2x2", "payoffs": [[[0,68],[28,86]],[[16,0],[18,38]]]},
"G780": {"type": "Matrix2x2", "payoffs": [[[9,0],[0,67]],[[4,24],[73,76]]]},
"G781": {"type": "Matrix2x2", "payoffs": [[[4,0],[31,25]],[[0,5],[18,16]]]},
"G782": {"type": "Matrix2x2", "payoffs": [[[68,38],[0,74]],[[61,0],[83,90]]]},
"G783": {"type": "Matrix2x2", "payoffs": [[[0,0],[3,10]],[[2,59],[12,86]]]},
"G784": {"type": "Matrix2x2", "payoffs": [[[19,11],[27,38]],[[0,3],[3,0]]]},
"G785": {"type": "Matrix2x2", "payoffs": [[[35,0],[0,36]],[[66,53],[56,49]]]},
"G786": {"type": "Matrix2x2", "payoffs": [[[1,1],[0,0]],[[15,8],[13,7]]]},
"G787": {"type": "Matrix2x2", "payoffs": [[[25,46],[70,1]],[[79,48],[0,0]]]},
"G788": {"type": "Matrix2x2", "payoffs": [[[14,0],[56,23]],[[26,3],[0,12]]]},
"G789": {"type": "Matrix2x2", "payoffs": [[[54,12],[0,2]],[[12,0],[28,3]]]},
"G790": {"type": "Matrix2x2", "payoffs": [[[49,8],[34,0]],[[26,4],[0,6]]]},
"G791": {"type": "Matrix2x2", "payoffs": [[[40,77],[30,0]],[[17,52],[0,75]]]},
"G792": {"type": "Matrix2x2", "payoffs": [[[0,28],[29,0]],[[5,27],[88,33]]]},
"G793": {"type": "Matrix2x2", "payoffs": [[[9,0],[0,2]],[[24,34],[23,13]]]},
"G794": {"type": "Matrix2x2", "payoffs": [[[0,0],[52,75]],[[23,37],[32,58]]]},
"G795": {"type": "Matrix2x2", "payoffs": [[[0,0],[10,21]],[[73,66],[35,25]]]},
"G796": {"type": "Matrix2x2", "payoffs": [[[0,16],[1,42]],[[6,0],[8,54]]]},
"G797": {"type": "Matrix2x2", "payoffs": [[[0,13],[44,0]],[[38,44],[81,58]]]},
"G798": {"type": "Matrix2x2", "payoffs": [[[88,80],[31,9]],[[0,0],[61,68]]]},
"G799": {"type": "Matrix2x2", "payoffs": [[[92,27],[82,9]],[[70,12],[0,0]]]},
"G800": {"type": "Matrix2x2", "payoffs": [[[21,43],[8,18]],[[0,0],[4,23]]]},
"G801": {"type": "Matrix2x2", "payoffs": [[[19,57],[2,35]],[[0,0],[41,61]]]},
"G802": {"type": "Matrix2x2", "payoffs": [[[42,67],[30,29]],[[20,0],[0,25]]]},
"G803": {"type": "Matrix2x2", "payoffs": [[[48,50],[0,0]],[[54,20],[58,86]]]},
"G804": {"type": "Matrix2x2", "payoffs": [[[0,34],[45,59]],[[92,64],[42,0]]]},
"G805": {"type": "Matrix2x2", "payoffs": [[[51,96],[0,0]],[[1,73],[36,44]]]},
"G806": {"type": "Matrix2x2", "payoffs": [[[14,30],[0,0]],[[28,91],[12,45]]]},
"G807": {"type": "Matrix2x2", "payoffs": [[[12,8],[0,46]],[[47,0],[79,56]]]},
"G808": {"type": "Matrix2x2", "payoffs": [[[0,0],[34,41]],[[39,14],[91,84]]]},
"G809": {"type": "Matrix2x2", "payoffs": [[[41,25],[54,29]],[[33,9],[0,0]]]},
"G810": {"type": "Matrix2x2", "payoffs": [[[8,15],[15,9]],[[28,65],[0,0]]]},
"G811": {"type": "Matrix2x2", "payoffs": [[[4,28],[17,52]],[[0,0],[7,36]]]},
"G812": {"type": "Matrix2x2", "payoffs": [[[0,7],[18,0]],[[39,8],[35,3]]]},
"G813": {"type": "Matrix2x2", "payoffs": [[[25,0],[0,25]],[[31,36],[69,66]]]},
"G814": {"type": "Matrix2x2", "payoffs": [[[3,0],[27,42]],[[9,17],[0,28]]]},
"G815": {"type": "Matrix2x2", "payoffs": [[[59,2],[73,48]],[[0,0],[61,37]]]},
"G816": {"type": "Matrix2x2", "payoffs": [[[60,0],[28,16]],[[68,24],[0,4]]]},
"G817": {"type": "Matrix2x2", "payoffs": [[[74,10],[27,66]],[[0,0],[75,70]]]},
"G818": {"type": "Matrix2x2", "payoffs": [[[46,0],[26,29]],[[53,64],[0,16]]]},
"G819": {"type": "Matrix2x2", "payoffs": [[[0,89],[39,91]],[[1,63],[4,0]]]},
"G820": {"type": "Matrix2x2", "payoffs": [[[97,54],[57,20]],[[4,0],[0,29]]]},
"G821": {"type": "Matrix2x2", "payoffs": [[[0,0],[100,40]],[[36,27],[4,36]]]},
"G822": {"type": "Matrix2x2", "payoffs": [[[81,6],[0,0]],[[14,1],[7,5]]]},
"G823": {"type": "Matrix2x2", "payoffs": [[[7,65],[0,42]],[[1,0],[6,59]]]},
"G824": {"type": "Matrix2x2", "payoffs": [[[0,0],[5,21]],[[30,38],[13,16]]]},
"G825": {"type": "Matrix2x2", "payoffs": [[[0,0],[3,15]],[[2,10],[1,1]]]},
"G826": {"type": "Matrix2x2", "payoffs": [[[99,12],[60,0]],[[37,7],[0,10]]]},
"G827": {"type": "Matrix2x2", "payoffs": [[[0,10],[17,0]],[[7,50],[70,67]]]},
"G828": {"type": "Matrix2x2", "payoffs": [[[47,13],[0,12]],[[19,10],[3,0]]]},
"G829": {"type": "Matrix2x2", "payoffs": [[[29,93],[0,0]],[[24,49],[18,84]]]},
"G830": {"type": "Matrix2x2", "payoffs": [[[0,31],[19,77]],[[16,0],[5,23]]]},
"G831": {"type": "Matrix2x2", "payoffs": [[[24,92],[19,20]],[[0,14],[4,0]]]},
"G832": {"type": "Matrix2x2", "payoffs": [[[2,8],[17,5]],[[33,18],[0,0]]]},
"G833": {"type": "Matrix2x2", "payoffs": [[[17,42],[9,0]],[[16,13],[0,28]]]},
"G834": {"type": "Matrix2x2", "payoffs": [[[40,6],[95,61]],[[67,53],[0,0]]]},
"G835": {"type": "Matrix2x2", "payoffs": [[[0,0],[22,52]],[[18,41],[4,48]]]},
"G836": {"type": "Matrix2x2", "payoffs": [[[0,0],[85,59]],[[82,57],[38,24]]]},
"G837": {"type": "Matrix2x2", "payoffs": [[[19,0],[47,9]],[[0,6],[13,1]]]},
"G838": {"type": "Matrix2x2", "payoffs": [[[0,2],[5,3]],[[1,0],[8,5]]]},
"G839": {"type": "Matrix2x2", "payoffs": [[[88,38],[60,0]],[[0,13],[50,19]]]},
"G840": {"type": "Matrix2x2", "payoffs": [[[0,7],[53,94]],[[5,0],[44,54]]]},
"G841": {"type": "Matrix2x2", "payoffs": [[[1,0],[8,7]],[[14,8],[0,4]]]},
"G842": {"type": "Matrix2x2", "payoffs": [[[32,11],[27,68]],[[83,82],[0,0]]]},
"G843": {"type": "Matrix2x2", "payoffs": [[[37,0],[0,8]],[[88,35],[43,17]]]},
"G844": {"type": "Matrix2x2", "payoffs": [[[19,45],[86,52]],[[43,8],[0,0]]]},
"G845": {"type": "Matrix2x2", "payoffs": [[[92,94],[32,27]],[[25,92],[0,0]]]},
"G846": {"type": "Matrix2x2", "payoffs": [[[0,18],[47,2]],[[64,46],[39,0]]]},
"G847": {"type": "Matrix2x2", "payoffs": [[[26,87],[24,0]],[[21,54],[0,79]]]},
"G848": {"type": "Matrix2x2", "payoffs": [[[0,0],[39,5]],[[18,4],[68,18]]]},
"G849": {"type": "Matrix2x2", "payoffs": [[[18,54],[0,0]],[[15,4],[5,22]]]},
"G850": {"type": "Matrix2x2", "payoffs": [[[0,0],[32,1]],[[47,2],[72,3]]]},
"G851": {"type": "Matrix2x2", "payoffs": [[[0,13],[63,66]],[[50,38],[48,0]]]},
"G852": {"type": "Matrix2x2", "payoffs": [[[51,85],[0,0]],[[33,13],[7,1]]]},
"G853": {"type": "Matrix2x2", "payoffs": [[[3,8],[0,10]],[[4,0],[17,13]]]},
"G854": {"type": "Matrix2x2", "payoffs": [[[43,71],[27,0]],[[11,49],[0,17]]]},
"G855": {"type": "Matrix2x2", "payoffs": [[[0,5],[87,9]],[[48,7],[56,0]]]},
"G856": {"type": "Matrix2x2", "payoffs": [[[7,36],[68,77]],[[0,24],[62,0]]]},
"G857": {"type": "Matrix2x2", "payoffs": [[[35,94],[0,0]],[[20,45],[34,19]]]},
"G858": {"type": "Matrix2x2", "payoffs": [[[41,100],[9,58]],[[25,89],[0,0]]]},
"G859": {"type": "Matrix2x2", "payoffs": [[[0,0],[43,20]],[[31,22],[55,61]]]},
"G860": {"type": "Matrix2x2", "payoffs": [[[51,4],[13,1]],[[8,3],[0,0]]]},
"G861": {"type": "Matrix2x2", "payoffs": [[[86,0],[42,8]],[[0,7],[91,9]]]},
"G862": {"type": "Matrix2x2", "payoffs": [[[0,0],[30,9]],[[33,11],[40,25]]]},
"G863": {"type": "Matrix2x2", "payoffs": [[[0,0],[16,24]],[[35,5],[38,26]]]},
"G864": {"type": "Matrix2x2", "payoffs": [[[7,54],[14,80]],[[0,3],[9,0]]]},
"G865": {"type": "Matrix2x2", "payoffs": [[[19,27],[0,0]],[[17,22],[21,94]]]},
"G866": {"type": "Matrix2x2", "payoffs": [[[2,72],[44,0]],[[58,85],[0,76]]]},
"G867": {"type": "Matrix2x2", "payoffs": [[[76,48],[0,0]],[[36,16],[24,14]]]},
"G868": {"type": "Matrix2x2", "payoffs": [[[16,11],[50,0]],[[0,14],[61,54]]]},
"G869": {"type": "Matrix2x2", "payoffs": [[[61,48],[3,0]],[[0,23],[27,47]]]},
"G870": {"type": "Matrix2x2", "payoffs": [[[0,17],[38,12]],[[25,0],[64,26]]]},
"G871": {"type": "Matrix2x2", "payoffs": [[[1,0],[3,55]],[[5,99],[0,56]]]},
"G872": {"type": "Matrix2x2", "payoffs": [[[58,60],[82,96]],[[32,13],[0,0]]]},
"G873": {"type": "Matrix2x2", "payoffs": [[[9,14],[5,7]],[[2,0],[0,8]]]},
"G874": {"type": "Matrix2x2", "payoffs": [[[6,75],[7,0]],[[0,41],[25,77]]]},
"G875": {"type": "Matrix2x2", "payoffs": [[[15,5],[67,100]],[[0,54],[5,0]]]},
"G876": {"type": "Matrix2x2", "payoffs": [[[28,6],[96,10]],[[0,0],[58,3]]]},
"G877": {"type": "Matrix2x2", "payoffs": [[[0,0],[25,25]],[[10,56],[55,76]]]},
"G878": {"type": "Matrix2x2", "payoffs": [[[0,39],[9,11]],[[16,58],[7,0]]]},
"G879": {"type": "Matrix2x2", "payoffs": [[[0,3],[51,63]],[[15,2],[47,0]]]},
"G880": {"type": "Matrix2x2", "payoffs": [[[11,32],[33,19]],[[51,79],[0,0]]]},
"G881": {"type": "Matrix2x2", "payoffs": [[[0,61],[85,77]],[[63,0],[2,75]]]},
"G882": {"type": "Matrix2x2", "payoffs": [[[0,0],[3,10]],[[4,12],[5,15]]]},
"G883": {"type": "Matrix2x2", "payoffs": [[[16,0],[9,17]],[[25,25],[0,22]]]},
"G884": {"type": "Matrix2x2", "payoffs": [[[0,0],[9,55]],[[5,1],[4,28]]]},
"G885": {"type": "Matrix2x2", "payoffs": [[[0,16],[12,0]],[[33,40],[9,33]]]},
"G886": {"type": "Matrix2x2", "payoffs": [[[0,0],[69,24]],[[90,42],[59,39]]]},
"G887": {"type": "Matrix2x2", "payoffs": [[[10,93],[6,2]],[[8,0],[0,71]]]},
"G888": {"type": "Matrix2x2", "payoffs": [[[50,82],[1,80]],[[32,2],[0,0]]]},
"G889": {"type": "Matrix2x2", "payoffs": [[[0,3],[11,0]],[[28,12],[1,5]]]},
"G890": {"type": "Matrix2x2", "payoffs": [[[7,44],[0,0]],[[21,47],[16,34]]]},
"G891": {"type": "Matrix2x2", "payoffs": [[[7,0],[4,15]],[[14,34],[0,21]]]},
"G892": {"type": "Matrix2x2", "payoffs": [[[1,47],[2,51]],[[5,100],[0,0]]]},
"G893": {"type": "Matrix2x2", "payoffs": [[[12,10],[0,0]],[[6,66],[33,71]]]},
"G894": {"type": "Matrix2x2", "payoffs": [[[58,40],[38,26]],[[0,0],[5,39]]]},
"G895": {"type": "Matrix2x2", "payoffs": [[[0,51],[8,0]],[[35,92],[16,70]]]},
"G896": {"type": "Matrix2x2", "payoffs": [[[83,30],[0,0]],[[2,24],[95,41]]]},
"G897": {"type": "Matrix2x2", "payoffs": [[[71,77],[20,40]],[[0,0],[18,62]]]},
"G898": {"type": "Matrix2x2", "payoffs": [[[66,36],[22,34]],[[45,31],[0,0]]]},
"G899": {"type": "Matrix2x2", "payoffs": [[[75,13],[91,83]],[[15,5],[0,0]]]},
"G900": {"type": "Matrix2x2", "payoffs": [[[39,32],[0,27]],[[25,0],[38,2]]]},
"G901": {"type": "Matrix2x2", "payoffs": [[[46,81],[3,29]],[[0,0],[43,33]]]},
"G902": {"type": "Matrix2x2", "payoffs": [[[21,0],[22,14]],[[26,20],[0,3]]]},
"G903": {"type": "Matrix2x2", "payoffs": [[[0,5],[13,0]],[[89,9],[67,1]]]},
"G904": {"type": "Matrix2x2", "payoffs": [[[7,50],[33,56]],[[0,0],[1,7]]]},
"G905": {"type": "Matrix2x2", "payoffs": [[[24,10],[2,1]],[[0,0],[19,2]]]},
"G906": {"type": "Matrix2x2", "payoffs": [[[20,0],[0,92]],[[98,99],[74,9]]]},
"G907": {"type": "Matrix2x2", "payoffs": [[[0,0],[36,6]],[[1,4],[30,1]]]},
"G908": {"type": "Matrix2x2", "payoffs": [[[60,34],[34,7]],[[14,0],[0,4]]]},
"G909": {"type": "Matrix2x2", "payoffs": [[[7,3],[17,97]],[[0,65],[15,0]]]},
"G910": {"type": "Matrix2x2", "payoffs": [[[40,58],[7,22]],[[9,8],[0,0]]]},
"G911": {"type": "Matrix2x2", "payoffs": [[[43,88],[35,66]],[[0,52],[5,0]]]},
"G912": {"type": "Matrix2x2", "payoffs": [[[58,53],[0,38]],[[1,22],[54,0]]]},
"G913": {"type": "Matrix2x2", "payoffs": [[[34,35],[0,33]],[[8,0],[5,27]]]},
"G914": {"type": "Matrix2x2", "payoffs": [[[57,21],[69,26]],[[0,12],[19,0]]]},
"G915": {"type": "Matrix2x2", "payoffs": [[[77,35],[0,0]],[[33,18],[96,56]]]},
"G916": {"type": "Matrix2x2", "payoffs": [[[59,22],[50,15]],[[45,8],[0,0]]]},
"G917": {"type": "Matrix2x2", "payoffs": [[[31,17],[0,0]],[[53,72],[32,43]]]},
"G918": {"type": "Matrix2x2", "payoffs": [[[69,3],[49,0]],[[77,38],[0,30]]]},
"G919": {"type": "Matrix2x2", "payoffs": [[[6,91],[1,5]],[[0,8],[2,0]]]},
"G920": {"type": "Matrix2x2", "payoffs": [[[59,40],[76,60]],[[0,27],[62,0]]]},
"G921": {"type": "Matrix2x2", "payoffs": [[[14,0],[43,60]],[[42,59],[0,9]]]},
"G922": {"type": "Matrix2x2", "payoffs": [[[23,32],[21,0]],[[0,13],[31,53]]]},
"G923": {"type": "Matrix2x2", "payoffs": [[[81,0],[100,96]],[[0,5],[71,65]]]},
"G924": {"type": "Matrix2x2", "payoffs": [[[22,15],[10,3]],[[0,0],[7,9]]]},
"G925": {"type": "Matrix2x2", "payoffs": [[[2,8],[0,34]],[[15,61],[12,0]]]},
"G926": {"type": "Matrix2x2", "payoffs": [[[0,0],[51,31]],[[95,34],[68,10]]]},
"G927": {"type": "Matrix2x2", "payoffs": [[[0,23],[78,46]],[[44,6],[23,0]]]},
"G928": {"type": "Matrix2x2", "payoffs": [[[3,0],[37,27]],[[32,20],[0,10]]]},
"G929": {"type": "Matrix2x2", "payoffs": [[[1,10],[12,0]],[[0,6],[14,11]]]},
"G930": {"type": "Matrix2x2", "payoffs": [[[0,7],[10,3]],[[36,0],[71,10]]]},
"G931": {"type": "Matrix2x2", "payoffs": [[[33,0],[45,12]],[[0,4],[14,2]]]},
"G932": {"type": "Matrix2x2", "payoffs": [[[7,24],[12,0]],[[36,31],[0,28]]]},
"G933": {"type": "Matrix2x2", "payoffs": [[[72,47],[0,22]],[[57,0],[21,46]]]},
"G934": {"type": "Matrix2x2", "payoffs": [[[0,39],[31,57]],[[2,0],[19,37]]]},
"G935": {"type": "Matrix2x2", "payoffs": [[[0,0],[11,38]],[[15,72],[8,45]]]},
"G936": {"type": "Matrix2x2", "payoffs": [[[1,60],[0,0]],[[18,79],[11,5]]]},
"G937": {"type": "Matrix2x2", "payoffs": [[[31,0],[76,1]],[[79,3],[0,2]]]},
"G938": {"type": "Matrix2x2", "payoffs": [[[21,80],[0,0]],[[72,94],[36,73]]]},
"G939": {"type": "Matrix2x2", "payoffs": [[[46,7],[59,0]],[[85,35],[0,13]]]},
"G940": {"type": "Matrix2x2", "payoffs": [[[9,0],[26,15]],[[33,24],[0,4]]]},
"G941": {"type": "Matrix2x2", "payoffs": [[[9,0],[0,15]],[[56,20],[13,17]]]},
"G942": {"type": "Matrix2x2", "payoffs": [[[31,12],[46,24]],[[72,25],[0,0]]]},
"G943": {"type": "Matrix2x2", "payoffs": [[[0,0],[6,4]],[[19,33],[28,35]]]},
"G944": {"type": "Matrix2x2", "payoffs": [[[67,58],[64,19]],[[0,8],[54,0]]]},
"G945": {"type": "Matrix2x2", "payoffs": [[[65,56],[73,63]],[[0,0],[17,57]]]},
"G946": {"type": "Matrix2x2", "payoffs": [[[22,74],[6,66]],[[0,14],[9,0]]]},
"G947": {"type": "Matrix2x2", "payoffs": [[[29,57],[8,28]],[[0,0],[27,6]]]},
"G948": {"type": "Matrix2x2", "payoffs": [[[29,18],[26,10]],[[22,16],[0,0]]]},
"G949": {"type": "Matrix2x2", "payoffs": [[[0,0],[12,44]],[[39,4],[84,52]]]},
"G950": {"type": "Matrix2x2", "payoffs": [[[0,0],[76,17]],[[54,27],[96,38]]]},
"G951": {"type": "Matrix2x2", "payoffs": [[[34,29],[43,47]],[[0,45],[21,0]]]},
"G952": {"type": "Matrix2x2", "payoffs": [[[7,40],[0,0]],[[46,59],[35,34]]]},
"G953": {"type": "Matrix2x2", "payoffs": [[[12,0],[26,17]],[[73,18],[0,2]]]},
"G954": {"type": "Matrix2x2", "payoffs": [[[38,9],[0,3]],[[19,0],[1,2]]]},
"G955": {"type": "Matrix2x2", "payoffs": [[[0,26],[54,82]],[[13,0],[43,56]]]},
"G956": {"type": "Matrix2x2", "payoffs": [[[86,67],[0,49]],[[65,38],[64,0]]]},
"G957": {"type": "Matrix2x2", "payoffs": [[[76,23],[58,2]],[[0,0],[87,36]]]},
"G958": {"type": "Matrix2x2", "payoffs": [[[24,10],[0,0]],[[32,40],[39,46]]]},
"G959": {"type": "Matrix2x2", "payoffs": [[[15,0],[0,1]],[[24,2],[78,5]]]},
"G960": {"type": "Matrix2x2", "payoffs": [[[96,23],[77,3]],[[0,5],[60,0]]]},
"G961": {"type": "Matrix2x2", "payoffs": [[[51,68],[3,0]],[[0,33],[10,8]]]},
"G962": {"type": "Matrix2x2", "payoffs": [[[0,44],[26,84]],[[43,99],[3,0]]]},
"G963": {"type": "Matrix2x2", "payoffs": [[[0,3],[7,0]],[[31,35],[67,79]]]},
"G964": {"type": "Matrix2x2", "payoffs": [[[19,14],[6,9]],[[22,80],[0,0]]]},
"G965": {"type": "Matrix2x2", "payoffs": [[[3,33],[1,20]],[[2,0],[0,31]]]},
"G966": {"type": "Matrix2x2", "payoffs": [[[5,39],[1,28]],[[0,0],[12,52]]]},
"G967": {"type": "Matrix2x2", "payoffs": [[[1,32],[0,29]],[[4,40],[3,0]]]},
"G968": {"type": "Matrix2x2", "payoffs": [[[0,14],[30,41]],[[29,40],[19,0]]]},
"G969": {"type": "Matrix2x2", "payoffs": [[[0,0],[9,35]],[[35,36],[7,20]]]},
"G970": {"type": "Matrix2x2", "payoffs": [[[24,0],[80,26]],[[74,19],[0,10]]]},
"G971": {"type": "Matrix2x2", "payoffs": [[[0,26],[97,32]],[[43,0],[23,4]]]},
"G972": {"type": "Matrix2x2", "payoffs": [[[34,0],[19,59]],[[0,21],[46,73]]]},
"G973": {"type": "Matrix2x2", "payoffs": [[[35,78],[56,0]],[[76,82],[0,25]]]},
"G974": {"type": "Matrix2x2", "payoffs": [[[11,31],[0,5]],[[1,8],[8,0]]]},
"G975": {"type": "Matrix2x2", "payoffs": [[[1,0],[0,9]],[[2,27],[7,31]]]},
"G976": {"type": "Matrix2x2", "payoffs": [[[47,17],[83,9]],[[85,22],[0,0]]]},
"G977": {"type": "Matrix2x2", "payoffs": [[[0,63],[61,61]],[[84,79],[41,0]]]},
"G978": {"type": "Matrix2x2", "payoffs": [[[100,27],[0,0]],[[37,7],[30,25]]]},
"G979": {"type": "Matrix2x2", "payoffs": [[[0,0],[9,7]],[[11,42],[1,10]]]},
"G980": {"type": "Matrix2x2", "payoffs": [[[0,3],[72,28]],[[8,0],[67,5]]]},
"G981": {"type": "Matrix2x2", "payoffs": [[[41,6],[31,0]],[[53,13],[0,1]]]},
"G982": {"type": "Matrix2x2", "payoffs": [[[0,0],[12,47]],[[22,50],[1,49]]]},
"G983": {"type": "Matrix2x2", "payoffs": [[[58,83],[0,72]],[[18,57],[22,0]]]},
"G984": {"type": "Matrix2x2", "payoffs": [[[40,23],[0,5]],[[33,0],[35,2]]]},
"G985": {"type": "Matrix2x2", "payoffs": [[[54,67],[0,3]],[[16,0],[27,52]]]},
"G986": {"type": "Matrix2x2", "payoffs": [[[4,0],[5,96]],[[3,59],[0,10]]]},
"G987": {"type": "Matrix2x2", "payoffs": [[[11,39],[0,0]],[[45,37],[55,70]]]},
"G988": {"type": "Matrix2x2", "payoffs": [[[26,15],[0,8]],[[24,0],[62,19]]]},
"G989": {"type": "Matrix2x2", "payoffs": [[[0,37],[19,52]],[[12,26],[14,0]]]},
"G990": {"type": "Matrix2x2", "payoffs": [[[24,0],[0,39]],[[7,43],[34,62]]]},
"G991": {"type": "Matrix2x2", "payoffs": [[[0,53],[13,100]],[[2,24],[1,0]]]},
"G992": {"type": "Matrix2x2", "payoffs": [[[0,66],[64,93]],[[12,0],[9,51]]]},
"G993": {"type": "Matrix2x2", "payoffs": [[[15,19],[11,9]],[[3,0],[0,18]]]},
"G994": {"type": "Matrix2x2", "payoffs": [[[6,89],[0,48]],[[11,93],[5,0]]]},
"G995": {"type": "Matrix2x2", "payoffs": [[[31,15],[44,0]],[[0,23],[83,93]]]},
"G996": {"type": "Matrix2x2", "payoffs": [[[96,30],[14,0]],[[85,4],[0,11]]]},
"G997": {"type": "Matrix2x2", "payoffs": [[[59,72],[0,55]],[[32,32],[18,0]]]},
"G998": {"type": "Matrix2x2", "payoffs": [[[0,2],[81,7]],[[39,0],[80,3]]]},
"G999": {"type": "Matrix2x2", "payoffs": [[[0,20],[22,100]],[[12,0],[14,90]]]},
"G1000": {"type": "Matrix2x2", "payoffs": [[[25,44],[0,42]],[[13,0],[18,20]]]}
}