{
"numGames": 100,
"G1": {"type": "Matrix2x2", "payoffs": [[[0,31],[80,0]],[[81,36],[20,30]]]},
"G2": {"type": "Matrix2x2", "payoffs": [[[75,89],[5,26]],[[0,0],[51,64]]]},
"G3": {"type": "Matrix2x2", "payoffs": [[[2,50],[0,0]],[[62,93],[81,97]]]},
"G4": {"type": "Matrix2x2", "payoffs": [[[7,0],[8,21]],[[2,2],[0,18]]]},
"G5": {"type": "Matrix2x2", "payoffs": [[[57,67],[26,9]],[[0,0],[37,60]]]},
"G6": {"type": "Matrix2x2", "payoffs": [[[41,63],[18,3]],[[29,50],[0,0]]]},
"G7": {"type": "Matrix2x2", "payoffs": [[[17,13],[13,4]],[[0,0],[8,3]]]},
"G8": {"type": "Matrix2x2", "payoffs": [[[0,0],[28,47]],[[26,8],[4,27]]]},
"G9": {"type": "Matrix2x2", "payoffs": [[[7,23],[29,6]],[[80,29],[0,0]]]},
"G10": {"type": "Matrix2x2", "payoffs": [[[0,18],[2,0]],[[18,50],[17,29]]]},
"G11": {"type": "Matrix2x2", "payoffs": [[[27,47],[0,0]],[[21,7],[10,23]]]},
"G12": {"type": "Matrix2x2", "payoffs": [[[78,7],[0,37]],[[91,65],[12,0]]]},
"G13": {"type": "Matrix2x2", "payoffs": [[[30,0],[16,49]],[[65,67],[0,59]]]},
"G14": {"type": "Matrix2x2", "payoffs": [[[8,32],[0,30]],[[72,40],[61,0]]]},
"G15": {"type": "Matrix2x2", "payoffs": [[[5,35],[0,9]],[[7,0],[25,55]]]},
"G16": {"type": "Matrix2x2", "payoffs": [[[19,12],[25,3]],[[0,0],[27,26]]]},
"G17": {"type": "Matrix2x2", "payoffs": [[[38,78],[0,0]],[[6,50],[27,37]]]},
"G18": {"type": "Matrix2x2", "payoffs": [[[0,17],[48,0]],[[76,19],[69,15]]]},
"G19": {"type": "Matrix2x2", "payoffs": [[[0,0],[10,66]],[[9,33],[17,96]]]},
"G20": {"type": "Matrix2x2", "payoffs": [[[3,5],[12,73]],[[0,23],[5,0]]]},
"G21": {"type": "Matrix2x2", "payoffs": [[[45,43],[0,22]],[[14,0],[47,69]]]},
"G22": {"type": "Matrix2x2", "payoffs": [[[0,14],[7,9]],[[29,0],[37,32]]]},
"G23": {"type": "Matrix2x2", "payoffs": [[[0,0],[3,5]],[[17,14],[60,18]]]},
"G24": {"type": "Matrix2x2", "payoffs": [[[0,5],[43,3]],[[44,24],[41,0]]]},
"G25": {"type": "Matrix2x2", "payoffs": [[[50,2],[97,4]],[[92,0],[0,3]]]},
"G26": {"type": "Matrix2x2", "payoffs": [[[3,0],[1,66]],[[4,82],[0,29]]]},
"G27": {"type": "Matrix2x2", "payoffs": [[[44,94],[19,69]],[[18,41],[0,0]]]},
"G28": {"type": "Matrix2x2", "payoffs": [[[50,0],[0,16]],[[47,1],[81,23]]]},
"G29": {"type": "Matrix2x2", "payoffs": [[[26,48],[23,0]],[[14,20],[0,34]]]},
"G30": {"type": "Matrix2x2", "payoffs": [[[27,26],[16,9]],[[17,0],[0,18]]]},
"G31": {"type": "Matrix2x2", "payoffs": [[[91,98],[52,0]],[[0,23],[22,15]]]},
"G32": {"type": "Matrix2x2", "payoffs": [[[55,27],[0,0]],[[72,17],[74,33]]]},
"G33": {"type": "Matrix2x2", "payoffs": [[[0,10],[19,0]],[[37,19],[17,13]]]},
"G34": {"type": "Matrix2x2", "payoffs": [[[16,0],[23,5]],[[84,32],[0,18]]]},
"G35": {"type": "Matrix2x2", "payoffs": [[[29,19],[39,0]],[[0,22],[53,34]]]},
"G36": {"type": "Matrix2x2", "payoffs": [[[0,0],[9,49]],[[48,88],[40,4]]]},
"G37": {"type": "Matrix2x2", "payoffs": [[[0,0],[55,67]],[[91,88],[54,24]]]},
"G38": {"type": "Matrix2x2", "payoffs": [[[19,53],[21,80]],[[0,68],[9,0]]]},
"G39": {"type": "Matrix2x2", "payoffs": [[[0,3],[35,1]],[[34,0],[70,47]]]},
"G40": {"type": "Matrix2x2", "payoffs": [[[3,47],[6,48]],[[0,26],[1,0]]]},
"G41": {"type": "Matrix2x2", "payoffs": [[[9,24],[0,0]],[[69,59],[28,2]]]},
"G42": {"type": "Matrix2x2", "payoffs": [[[9,7],[12,2]],[[0,0],[24,15]]]},
"G43": {"type": "Matrix2x2", "payoffs": [[[15,1],[18,0]],[[73,9],[0,7]]]},
"G44": {"type": "Matrix2x2", "payoffs": [[[38,52],[27,12]],[[15,8],[0,0]]]},
"G45": {"type": "Matrix2x2", "payoffs": [[[18,29],[7,2]],[[0,0],[11,3]]]},
"G46": {"type": "Matrix2x2", "payoffs": [[[3,20],[2,0]],[[4,59],[0,55]]]},
"G47": {"type": "Matrix2x2", "payoffs": [[[99,34],[0,0]],[[10,30],[19,10]]]},
"G48": {"type": "Matrix2x2", "payoffs": [[[1,26],[28,0]],[[0,12],[46,44]]]},
"G49": {"type": "Matrix2x2", "payoffs": [[[26,0],[61,24]],[[46,16],[0,15]]]},
"G50": {"type": "Matrix2x2", "payoffs": [[[0,16],[6,11]],[[11,18],[1,0]]]},
"G51": {"type": "Matrix2x2", "payoffs": [[[71,73],[0,72]],[[44,17],[51,0]]]},
"G52": {"type": "Matrix2x2", "payoffs": [[[0,1],[30,8]],[[7,0],[25,6]]]},
"G53": {"type": "Matrix2x2", "payoffs": [[[0,44],[65,0]],[[69,97],[39,59]]]},
"G54": {"type": "Matrix2x2", "payoffs": [[[5,42],[19,0]],[[36,57],[0,14]]]},
"G55": {"type": "Matrix2x2", "payoffs": [[[37,10],[22,0]],[[0,73],[82,100]]]},
"G56": {"type": "Matrix2x2", "payoffs": [[[64,60],[80,89]],[[0,0],[70,39]]]},
"G57": {"type": "Matrix2x2", "payoffs": [[[0,26],[28,0]],[[17,6],[35,77]]]},
"G58": {"type": "Matrix2x2", "payoffs": [[[0,18],[60,14]],[[61,53],[53,0]]]},
"G59": {"type": "Matrix2x2", "payoffs": [[[90,19],[36,10]],[[0,12],[59,0]]]},
"G60": {"type": "Matrix2x2", "payoffs": [[[77,84],[0,0]],[[56,60],[13,49]]]},
"G61": {"type": "Matrix2x2", "payoffs": [[[19,2],[45,4]],[[61,5],[0,0]]]},
"G62": {"type": "Matrix2x2", "payoffs": [[[87,51],[82,30]],[[0,0],[60,17]]]},
"G63": {"type": "Matrix2x2", "payoffs": [[[16,17],[18,0]],[[22,85],[0,68]]]},
"G64": {"type": "Matrix2x2", "payoffs": [[[24,0],[0,9]],[[18,4],[32,15]]]},
"G65": {"type": "Matrix2x2", "payoffs": [[[0,0],[48,91]],[[49,95],[8,75]]]},
"G66": {"type": "Matrix2x2", "payoffs": [[[5,11],[55,0]],[[64,24],[0,5]]]},
"G67": {"type": "Matrix2x2", "payoffs": [[[34,0],[39,20]],[[0,3],[2,10]]]},
"G68": {"type": "Matrix2x2", "payoffs": [[[18,49],[6,33]],[[0,0],[11,41]]]},
"G69": {"type": "Matrix2x2", "payoffs": [[[0,25],[74,0]],[[94,45],[13,26]]]},
"G70": {"type": "Matrix2x2", "payoffs": [[[40,54],[45,94]],[[0,0],[36,69]]]},
"G71": {"type": "Matrix2x2", "payoffs": [[[0,0],[89,26]],[[27,15],[71,18]]]},
"G72": {"type": "Matrix2x2", "payoffs": [[[60,90],[0,58]],[[30,0],[12,50]]]},
"G73": {"type": "Matrix2x2", "payoffs": [[[42,88],[0,50]],[[20,0],[25,16]]]},
"G74": {"type": "Matrix2x2", "payoffs": [[[14,58],[0,0]],[[9,25],[1,41]]]},
"G75": {"type": "Matrix2x2", "payoffs": [[[39,41],[73,80]],[[0,0],[58,42]]]},
"G76": {"type": "Matrix2x2", "payoffs": [[[0,4],[6,0]],[[19,17],[26,74]]]},
"G77": {"type": "Matrix2x2", "payoffs": [[[0,9],[40,84]],[[29,39],[24,0]]]},
"G78": {"type": "Matrix2x2", "payoffs": [[[13,99],[0,14]],[[9,21],[1,0]]]},
"G79": {"type": "Matrix2x2", "payoffs": [[[11,2],[8,3]],[[0,0],[18,16]]]},
"G80": {"type": "Matrix2x2", "payoffs": [[[39,47],[0,0]],[[9,8],[36,21]]]},
"G81": {"type": "Matrix2x2", "payoffs": [[[33,26],[34,40]],[[2,34],[0,0]]]},
"G82": {"type": "Matrix2x2", "payoffs": [[[96,19],[0,6]],[[66,8],[32,0]]]},
"G83": {"type": "Matrix2x2", "payoffs": [[[0,0],[2,67]],[[3,42],[6,73]]]},
"G84": {"type": "Matrix2x2", "payoffs": [[[52,17],[32,8]],[[16,0],[0,13]]]},
"G85": {"type": "Matrix2x2", "payoffs": [[[5,14],[0,0]],[[29,39],[14,27]]]},
"G86": {"type": "Matrix2x2", "payoffs": [[[2,7],[0,0]],[[17,2],[60,10]]]},
"G87": {"type": "Matrix2x2", "payoffs": [[[33,23],[22,11]],[[19,15],[0,0]]]},
"G88": {"type": "Matrix2x2", "payoffs": [[[0,27],[11,3]],[[22,0],[36,88]]]},
"G89": {"type": "Matrix2x2", "payoffs": [[[52,56],[62,76]],[[0,0],[50,22]]]},
"G90": {"type": "Matrix2x2", "payoffs": [[[0,1],[64,33]],[[48,25],[46,0]]]},
"G91": {"type": "Matrix2x2", "payoffs": [[[84,48],[63,11]],[[47,0],[0,25]]]},
"G92": {"type": "Matrix2x2", "payoffs": [[[65,89],[0,2]],[[10,41],[19,0]]]},
"G93": {"type": "Matrix2x2", "payoffs": [[[26,38],[27,85]],[[7,0],[0,39]]]},
"G94": {"type": "Matrix2x2", "payoffs": [[[0,51],[34,0]],[[25,7],[52,53]]]},
"G95": {"type": "Matrix2x2", "payoffs": [[[73,20],[0,10]],[[10,14],[35,0]]]},
"G96": {"type": "Matrix2x2", "payoffs": [[[22,0],[41,77]],[[0,19],[33,61]]]},
"G97": {"type": "Matrix2x2", "payoffs": [[[0,0],[56,12]],[[32,4],[47,10]]]},
"G98": {"type": "Matrix2x2", "payoffs": [[[6,57],[2,0]],[[3,52],[0,44]]]},
"G99": {"type": "Matrix2x2", "payoffs": [[[0,0],[22,64]],[[32,1],[36,67]]]},
"G100": {"type": "Matrix2x2", "payoffs": [[[13,0],[0,13]],[[53,52],[31,2]]]}
}