{
"numGames": 1000,
"G1": {"type": "Matrix2x2", "payoffs": [[[55,52],[29,0]],[[27,23],[0,13]]]},
"G2": {"type": "Matrix2x2", "payoffs": [[[0,28],[55,46]],[[19,0],[53,29]]]},
"G3": {"type": "Matrix2x2", "payoffs": [[[16,3],[11,0]],[[0,1],[27,6]]]},
"G4": {"type": "Matrix2x2", "payoffs": [[[8,46],[82,83]],[[0,0],[75,64]]]},
"G5": {"type": "Matrix2x2", "payoffs": [[[56,100],[0,71]],[[54,68],[29,0]]]},
"G6": {"type": "Matrix2x2", "payoffs": [[[21,0],[30,38]],[[9,10],[0,4]]]},
"G7": {"type": "Matrix2x2", "payoffs": [[[4,39],[0,16]],[[10,0],[16,84]]]},
"G8": {"type": "Matrix2x2", "payoffs": [[[0,5],[20,11]],[[14,2],[3,0]]]},
"G9": {"type": "Matrix2x2", "payoffs": [[[74,67],[41,0]],[[0,14],[82,84]]]},
"G10": {"type": "Matrix2x2", "payoffs": [[[67,20],[64,10]],[[0,0],[23,18]]]},
"G11": {"type": "Matrix2x2", "payoffs": [[[52,93],[0,7]],[[9,53],[1,0]]]},
"G12": {"type": "Matrix2x2", "payoffs": [[[27,56],[0,0]],[[21,22],[11,16]]]},
"G13": {"type": "Matrix2x2", "payoffs": [[[46,31],[74,53]],[[0,29],[22,0]]]},
"G14": {"type": "Matrix2x2", "payoffs": [[[0,72],[14,1]],[[6,0],[27,77]]]},
"G15": {"type": "Matrix2x2", "payoffs": [[[80,83],[10,22]],[[11,0],[0,59]]]},
"G16": {"type": "Matrix2x2", "payoffs": [[[0,15],[16,0]],[[6,1],[65,17]]]},
"G17": {"type": "Matrix2x2", "payoffs": [[[7,42],[35,0]],[[63,73],[0,40]]]},
"G18": {"type": "Matrix2x2", "payoffs": [[[97,30],[78,15]],[[0,0],[40,8]]]},
"G19": {"type": "Matrix2x2", "payoffs": [[[0,27],[57,63]],[[14,58],[52,0]]]},
"G20": {"type": "Matrix2x2", "payoffs": [[[5,66],[3,4]],[[4,0],[0,51]]]},
"G21": {"type": "Matrix2x2", "payoffs": [[[0,2],[73,14]],[[85,21],[27,0]]]},
"G22": {"type": "Matrix2x2", "payoffs": [[[4,5],[5,32]],[[6,38],[0,0]]]},
"G23": {"type": "Matrix2x2", "payoffs": [[[9,24],[2,7]],[[0,12],[8,0]]]},
"G24": {"type": "Matrix2x2", "payoffs": [[[74,78],[22,0]],[[0,35],[60,6]]]},
"G25": {"type": "Matrix2x2", "payoffs": [[[61,28],[8,24]],[[0,0],[14,9]]]},
"G26": {"type": "Matrix2x2", "payoffs": [[[11,4],[0,0]],[[32,50],[20,20]]]},
"G27": {"type": "Matrix2x2", "payoffs": [[[25,0],[0,2]],[[96,32],[34,4]]]},
"G28": {"type": "Matrix2x2", "payoffs": [[[56,46],[38,6]],[[0,24],[29,0]]]},
"G29": {"type": "Matrix2x2", "payoffs": [[[19,57],[0,14]],[[7,0],[2,55]]]},
"G30": {"type": "Matrix2x2", "payoffs": [[[0,5],[70,0]],[[33,4],[75,10]]]},
"G31": {"type": "Matrix2x2", "payoffs": [[[0,26],[38,66]],[[59,0],[60,91]]]},
"G32": {"type": "Matrix2x2", "payoffs": [[[23,28],[0,0]],[[27,15],[57,70]]]},
"G33": {"type": "Matrix2x2", "payoffs": [[[13,28],[12,21]],[[5,0],[0,2]]]},
"G34": {"type": "Matrix2x2", "payoffs": [[[11,0],[0,91]],[[6,64],[44,98]]]},
"G35": {"type": "Matrix2x2", "payoffs": [[[17,31],[0,23]],[[18,87],[12,0]]]},
"G36": {"type": "Matrix2x2", "payoffs": [[[9,35],[4,12]],[[0,0],[5,20]]]},
"G37": {"type": "Matrix2x2", "payoffs": [[[0,7],[16,12]],[[15,3],[8,0]]]},
"G38": {"type": "Matrix2x2", "payoffs": [[[11,18],[15,29]],[[10,0],[0,17]]]},
"G39": {"type": "Matrix2x2", "payoffs": [[[0,15],[6,16]],[[3,0],[2,6]]]},
"G40": {"type": "Matrix2x2", "payoffs": [[[67,20],[0,5]],[[48,8],[61,0]]]},
"G41": {"type": "Matrix2x2", "payoffs": [[[10,29],[11,52]],[[0,26],[4,0]]]},
"G42": {"type": "Matrix2x2", "payoffs": [[[83,79],[17,0]],[[0,14],[59,28]]]},
"G43": {"type": "Matrix2x2", "payoffs": [[[21,11],[88,14]],[[32,0],[0,9]]]},
"G44": {"type": "Matrix2x2", "payoffs": [[[92,29],[0,3]],[[41,22],[63,0]]]},
"G45": {"type": "Matrix2x2", "payoffs": [[[55,0],[10,58]],[[0,77],[77,85]]]},
"G46": {"type": "Matrix2x2", "payoffs": [[[5,0],[6,30]],[[0,10],[7,53]]]},
"G47": {"type": "Matrix2x2", "payoffs": [[[31,20],[64,28]],[[0,0],[52,16]]]},
"G48": {"type": "Matrix2x2", "payoffs": [[[83,66],[0,39]],[[28,0],[57,31]]]},
"G49": {"type": "Matrix2x2", "payoffs": [[[3,0],[0,18]],[[50,24],[68,54]]]},
"G50": {"type": "Matrix2x2", "payoffs": [[[10,49],[0,18]],[[5,35],[3,0]]]},
"G51": {"type": "Matrix2x2", "payoffs": [[[8,0],[43,44]],[[0,8],[85,92]]]},
"G52": {"type": "Matrix2x2", "payoffs": [[[81,67],[58,61]],[[52,0],[0,24]]]},
"G53": {"type": "Matrix2x2", "payoffs": [[[72,89],[4,14]],[[0,0],[61,70]]]},
"G54": {"type": "Matrix2x2", "payoffs": [[[0,7],[86,5]],[[71,0],[96,13]]]},
"G55": {"type": "Matrix2x2", "payoffs": [[[24,35],[31,52]],[[0,0],[23,5]]]},
"G56": {"type": "Matrix2x2", "payoffs": [[[82,47],[93,90]],[[0,0],[57,78]]]},
"G57": {"type": "Matrix2x2", "payoffs": [[[9,0],[14,41]],[[6,27],[0,37]]]},
"G58": {"type": "Matrix2x2", "payoffs": [[[12,23],[1,7]],[[0,12],[4,0]]]},
"G59": {"type": "Matrix2x2", "payoffs": [[[37,33],[49,13]],[[67,48],[0,0]]]},
"G60": {"type": "Matrix2x2", "payoffs": [[[43,2],[0,31]],[[46,0],[67,43]]]},
"G61": {"type": "Matrix2x2", "payoffs": [[[15,31],[8,6]],[[76,40],[0,0]]]},
"G62": {"type": "Matrix2x2", "payoffs": [[[39,68],[0,0]],[[36,38],[8,47]]]},
"G63": {"type": "Matrix2x2", "payoffs": [[[93,91],[0,12]],[[2,0],[59,84]]]},
"G64": {"type": "Matrix2x2", "payoffs": [[[47,0],[54,75]],[[0,33],[15,49]]]},
"G65": {"type": "Matrix2x2", "payoffs": [[[0,0],[21,5]],[[30,72],[27,31]]]},
"G66": {"type": "Matrix2x2", "payoffs": [[[26,19],[0,11]],[[5,6],[23,0]]]},
"G67": {"type": "Matrix2x2", "payoffs": [[[89,72],[75,0]],[[0,7],[2,59]]]},
"G68": {"type": "Matrix2x2", "payoffs": [[[0,4],[57,47]],[[13,0],[81,55]]]},
"G69": {"type": "Matrix2x2", "payoffs": [[[30,0],[0,23]],[[8,51],[64,94]]]},
"G70": {"type": "Matrix2x2", "payoffs": [[[18,13],[0,0]],[[19,22],[27,39]]]},
"G71": {"type": "Matrix2x2", "payoffs": [[[11,12],[32,16]],[[15,13],[0,0]]]},
"G72": {"type": "Matrix2x2", "payoffs": [[[23,28],[41,43]],[[3,12],[0,0]]]},
"G73": {"type": "Matrix2x2", "payoffs": [[[53,11],[82,79]],[[42,0],[0,51]]]},
"G74": {"type": "Matrix2x2", "payoffs": [[[61,0],[0,52]],[[92,72],[6,55]]]},
"G75": {"type": "Matrix2x2", "payoffs": [[[55,12],[32,0]],[[0,41],[68,42]]]},
"G76": {"type": "Matrix2x2", "payoffs": [[[12,26],[63,58]],[[41,0],[0,40]]]},
"G77": {"type": "Matrix2x2", "payoffs": [[[6,19],[14,85]],[[11,69],[0,0]]]},
"G78": {"type": "Matrix2x2", "payoffs": [[[27,0],[0,7]],[[33,5],[36,48]]]},
"G79": {"type": "Matrix2x2", "payoffs": [[[30,25],[0,14]],[[4,0],[9,11]]]},
"G80": {"type": "Matrix2x2", "payoffs": [[[0,42],[2,53]],[[3,0],[36,90]]]},
"G81": {"type": "Matrix2x2", "payoffs": [[[6,60],[0,32]],[[58,73],[56,0]]]},
"G82": {"type": "Matrix2x2", "payoffs": [[[13,48],[48,79]],[[19,0],[0,66]]]},
"G83": {"type": "Matrix2x2", "payoffs": [[[0,0],[2,4]],[[1,5],[3,6]]]},
"G84": {"type": "Matrix2x2", "payoffs": [[[1,12],[19,22]],[[33,25],[0,0]]]},
"G85": {"type": "Matrix2x2", "payoffs": [[[67,35],[35,26]],[[0,4],[26,0]]]},
"G86": {"type": "Matrix2x2", "payoffs": [[[25,52],[0,0]],[[47,57],[34,55]]]},
"G87": {"type": "Matrix2x2", "payoffs": [[[32,19],[0,13]],[[11,8],[20,0]]]},
"G88": {"type": "Matrix2x2", "payoffs": [[[51,16],[0,0]],[[58,32],[67,49]]]},
"G89": {"type": "Matrix2x2", "payoffs": [[[82,0],[89,86]],[[0,16],[59,53]]]},
"G90": {"type": "Matrix2x2", "payoffs": [[[67,0],[51,12]],[[76,100],[0,85]]]},
"G91": {"type": "Matrix2x2", "payoffs": [[[29,32],[0,0]],[[1,2],[45,41]]]},
"G92": {"type": "Matrix2x2", "payoffs": [[[19,26],[38,25]],[[57,39],[0,0]]]},
"G93": {"type": "Matrix2x2", "payoffs": [[[2,18],[0,0]],[[1,14],[4,56]]]},
"G94": {"type": "Matrix2x2", "payoffs": [[[98,11],[89,6]],[[49,0],[0,5]]]},
"G95": {"type": "Matrix2x2", "payoffs": [[[8,32],[0,14]],[[33,33],[30,0]]]},
"G96": {"type": "Matrix2x2", "payoffs": [[[0,35],[32,43]],[[22,0],[30,13]]]},
"G97": {"type": "Matrix2x2", "payoffs": [[[0,0],[2,38]],[[1,32],[3,59]]]},
"G98": {"type": "Matrix2x2", "payoffs": [[[24,10],[22,0]],[[26,37],[0,28]]]},
"G99": {"type": "Matrix2x2", "payoffs": [[[58,90],[3,62]],[[0,0],[44,55]]]},
"G100": {"type": "Matrix2x2", "payoffs": [[[40,21],[0,16]],[[78,33],[47,0]]]},
"G101": {"type": "Matrix2x2", "payoffs": [[[0,1],[46,3]],[[22,2],[28,0]]]},
"G102": {"type": "Matrix2x2", "payoffs": [[[30,39],[19,0]],[[0,13],[68,57]]]},
"G103": {"type": "Matrix2x2", "payoffs": [[[0,0],[68,9]],[[86,11],[14,6]]]},
"G104": {"type": "Matrix2x2", "payoffs": [[[4,14],[0,0]],[[71,100],[14,95]]]},
"G105": {"type": "Matrix2x2", "payoffs": [[[10,0],[7,24]],[[0,8],[56,26]]]},
"G106": {"type": "Matrix2x2", "payoffs": [[[91,0],[31,57]],[[0,38],[99,92]]]},
"G107": {"type": "Matrix2x2", "payoffs": [[[18,0],[0,17]],[[16,34],[39,98]]]},
"G108": {"type": "Matrix2x2", "payoffs": [[[42,50],[30,46]],[[0,8],[16,0]]]},
"G109": {"type": "Matrix2x2", "payoffs": [[[15,26],[47,0]],[[0,2],[71,46]]]},
"G110": {"type": "Matrix2x2", "payoffs": [[[0,0],[15,47]],[[46,13],[47,62]]]},
"G111": {"type": "Matrix2x2", "payoffs": [[[0,40],[20,0]],[[29,21],[57,80]]]},
"G112": {"type": "Matrix2x2", "payoffs": [[[69,0],[0,8]],[[75,50],[32,13]]]},
"G113": {"type": "Matrix2x2", "payoffs": [[[0,35],[82,51]],[[81,21],[11,0]]]},
"G114": {"type": "Matrix2x2", "payoffs": [[[44,48],[71,72]],[[38,6],[0,0]]]},
"G115": {"type": "Matrix2x2", "payoffs": [[[0,0],[13,19]],[[25,54],[12,12]]]},
"G116": {"type": "Matrix2x2", "payoffs": [[[83,53],[0,6]],[[17,0],[82,31]]]},
"G117": {"type": "Matrix2x2", "payoffs": [[[68,88],[0,44]],[[37,38],[65,0]]]},
"G118": {"type": "Matrix2x2", "payoffs": [[[2,0],[4,2]],[[17,32],[0,5]]]},
"G119": {"type": "Matrix2x2", "payoffs": [[[0,10],[3,0]],[[74,38],[58,4]]]},
"G120": {"type": "Matrix2x2", "payoffs": [[[24,0],[0,10]],[[1,13],[36,55]]]},
"G121": {"type": "Matrix2x2", "payoffs": [[[7,21],[0,74]],[[4,0],[10,100]]]},
"G122": {"type": "Matrix2x2", "payoffs": [[[48,83],[29,39]],[[22,1],[0,0]]]},
"G123": {"type": "Matrix2x2", "payoffs": [[[0,0],[51,17]],[[52,18],[5,1]]]},
"G124": {"type": "Matrix2x2", "payoffs": [[[22,68],[67,69]],[[21,0],[0,50]]]},
"G125": {"type": "Matrix2x2", "payoffs": [[[0,23],[37,52]],[[6,11],[7,0]]]},
"G126": {"type": "Matrix2x2", "payoffs": [[[36,3],[64,7]],[[4,4],[0,0]]]},
"G127": {"type": "Matrix2x2", "payoffs": [[[35,90],[21,0]],[[0,67],[50,100]]]},
"G128": {"type": "Matrix2x2", "payoffs": [[[0,0],[58,61]],[[20,53],[39,7]]]},
"G129": {"type": "Matrix2x2", "payoffs": [[[0,0],[8,77]],[[13,95],[6,23]]]},
"G130": {"type": "Matrix2x2", "payoffs": [[[89,52],[6,24]],[[0,42],[17,0]]]},
"G131": {"type": "Matrix2x2", "payoffs": [[[0,31],[50,25]],[[68,0],[86,33]]]},
"G132": {"type": "Matrix2x2", "payoffs": [[[51,82],[22,0]],[[0,20],[25,63]]]},
"G133": {"type": "Matrix2x2", "payoffs": [[[2,0],[0,30]],[[25,51],[22,44]]]},
"G134": {"type": "Matrix2x2", "payoffs": [[[6,11],[0,0]],[[76,58],[25,28]]]},
"G135": {"type": "Matrix2x2", "payoffs": [[[51,1],[0,0]],[[87,3],[56,2]]]},
"G136": {"type": "Matrix2x2", "payoffs": [[[34,5],[0,0]],[[51,20],[29,3]]]},
"G137": {"type": "Matrix2x2", "payoffs": [[[50,27],[81,88]],[[0,0],[60,1]]]},
"G138": {"type": "Matrix2x2", "payoffs": [[[19,0],[47,91]],[[0,90],[10,25]]]},
"G139": {"type": "Matrix2x2", "payoffs": [[[6,20],[28,19]],[[0,0],[38,39]]]},
"G140": {"type": "Matrix2x2", "payoffs": [[[27,62],[26,74]],[[83,76],[0,0]]]},
"G141": {"type": "Matrix2x2", "payoffs": [[[30,25],[82,55]],[[1,0],[0,49]]]},
"G142": {"type": "Matrix2x2", "payoffs": [[[0,16],[49,10]],[[66,42],[50,0]]]},
"G143": {"type": "Matrix2x2", "payoffs": [[[0,4],[11,53]],[[6,0],[10,50]]]},
"G144": {"type": "Matrix2x2", "payoffs": [[[49,0],[0,16]],[[59,39],[18,27]]]},
"G145": {"type": "Matrix2x2", "payoffs": [[[17,0],[38,80]],[[0,14],[30,74]]]},
"G146": {"type": "Matrix2x2", "payoffs": [[[11,0],[0,2]],[[24,32],[26,98]]]},
"G147": {"type": "Matrix2x2", "payoffs": [[[8,0],[0,10]],[[6,45],[17,60]]]},
"G148": {"type": "Matrix2x2", "payoffs": [[[5,0],[0,8]],[[62,42],[78,58]]]},
"G149": {"type": "Matrix2x2", "payoffs": [[[54,9],[26,6]],[[3,7],[0,0]]]},
"G150": {"type": "Matrix2x2", "payoffs": [[[4,81],[2,0]],[[0,15],[3,76]]]},
"G151": {"type": "Matrix2x2", "payoffs": [[[44,0],[0,85]],[[70,90],[59,3]]]},
"G152": {"type": "Matrix2x2", "payoffs": [[[10,58],[5,15]],[[0,0],[8,10]]]},
"G153": {"type": "Matrix2x2", "payoffs": [[[28,81],[0,0]],[[50,87],[11,3]]]},
"G154": {"type": "Matrix2x2", "payoffs": [[[19,0],[0,7]],[[17,5],[65,8]]]},
"G155": {"type": "Matrix2x2", "payoffs": [[[39,0],[0,4]],[[75,46],[66,42]]]},
"G156": {"type": "Matrix2x2", "payoffs": [[[34,75],[2,26]],[[0,0],[20,37]]]},
"G157": {"type": "Matrix2x2", "payoffs": [[[43,0],[57,41]],[[3,4],[0,29]]]},
"G158": {"type": "Matrix2x2", "payoffs": [[[0,59],[58,0]],[[1,64],[81,81]]]},
"G159": {"type": "Matrix2x2", "payoffs": [[[52,0],[92,40]],[[80,9],[0,33]]]},
"G160": {"type": "Matrix2x2", "payoffs": [[[91,37],[0,18]],[[54,6],[1,0]]]},
"G161": {"type": "Matrix2x2", "payoffs": [[[3,41],[0,24]],[[91,42],[67,0]]]},
"G162": {"type": "Matrix2x2", "payoffs": [[[5,17],[0,0]],[[87,44],[62,33]]]},
"G163": {"type": "Matrix2x2", "payoffs": [[[30,0],[0,2]],[[37,86],[18,59]]]},
"G164": {"type": "Matrix2x2", "payoffs": [[[63,10],[53,0]],[[0,8],[76,11]]]},
"G165": {"type": "Matrix2x2", "payoffs": [[[24,67],[34,71]],[[7,66],[0,0]]]},
"G166": {"type": "Matrix2x2", "payoffs": [[[0,17],[4,44]],[[6,0],[11,51]]]},
"G167": {"type": "Matrix2x2", "payoffs": [[[69,75],[27,20]],[[64,0],[0,36]]]},
"G168": {"type": "Matrix2x2", "payoffs": [[[0,3],[84,4]],[[21,1],[17,0]]]},
"G169": {"type": "Matrix2x2", "payoffs": [[[71,35],[12,24]],[[94,52],[0,0]]]},
"G170": {"type": "Matrix2x2", "payoffs": [[[39,92],[0,80]],[[3,20],[17,0]]]},
"G171": {"type": "Matrix2x2", "payoffs": [[[0,53],[10,0]],[[65,70],[39,25]]]},
"G172": {"type": "Matrix2x2", "payoffs": [[[86,81],[0,72]],[[7,0],[75,79]]]},
"G173": {"type": "Matrix2x2", "payoffs": [[[46,9],[0,3]],[[61,11],[20,0]]]},
"G174": {"type": "Matrix2x2", "payoffs": [[[87,69],[0,0]],[[14,34],[42,8]]]},
"G175": {"type": "Matrix2x2", "payoffs": [[[28,2],[57,3]],[[0,0],[18,1]]]},
"G176": {"type": "Matrix2x2", "payoffs": [[[21,15],[0,0]],[[27,71],[12,14]]]},
"G177": {"type": "Matrix2x2", "payoffs": [[[0,33],[19,0]],[[15,42],[21,62]]]},
"G178": {"type": "Matrix2x2", "payoffs": [[[0,78],[37,0]],[[60,90],[49,85]]]},
"G179": {"type": "Matrix2x2", "payoffs": [[[0,37],[36,46]],[[2,42],[6,0]]]},
"G180": {"type": "Matrix2x2", "payoffs": [[[72,2],[37,0]],[[0,1],[81,3]]]},
"G181": {"type": "Matrix2x2", "payoffs": [[[59,10],[22,4]],[[0,1],[25,0]]]},
"G182": {"type": "Matrix2x2", "payoffs": [[[77,10],[26,0]],[[80,19],[0,13]]]},
"G183": {"type": "Matrix2x2", "payoffs": [[[15,0],[31,10]],[[0,13],[33,20]]]},
"G184": {"type": "Matrix2x2", "payoffs": [[[0,30],[11,0]],[[80,75],[68,8]]]},
"G185": {"type": "Matrix2x2", "payoffs": [[[7,27],[0,4]],[[15,92],[4,0]]]},
"G186": {"type": "Matrix2x2", "payoffs": [[[0,0],[37,44]],[[24,7],[35,1]]]},
"G187": {"type": "Matrix2x2", "payoffs": [[[0,10],[83,71]],[[61,52],[22,0]]]},
"G188": {"type": "Matrix2x2", "payoffs": [[[8,0],[20,4]],[[28,17],[0,10]]]},
"G189": {"type": "Matrix2x2", "payoffs": [[[7,18],[34,50]],[[1,26],[0,0]]]},
"G190": {"type": "Matrix2x2", "payoffs": [[[58,96],[44,0]],[[6,73],[0,28]]]},
"G191": {"type": "Matrix2x2", "payoffs": [[[67,21],[0,0]],[[82,34],[46,9]]]},
"G192": {"type": "Matrix2x2", "payoffs": [[[66,45],[45,43]],[[0,17],[20,0]]]},
"G193": {"type": "Matrix2x2", "payoffs": [[[58,0],[0,37]],[[34,4],[73,77]]]},
"G194": {"type": "Matrix2x2", "payoffs": [[[10,4],[1,0]],[[0,13],[38,16]]]},
"G195": {"type": "Matrix2x2", "payoffs": [[[0,56],[17,0]],[[64,57],[15,12]]]},
"G196": {"type": "Matrix2x2", "payoffs": [[[12,0],[87,43]],[[94,48],[0,40]]]},
"G197": {"type": "Matrix2x2", "payoffs": [[[0,78],[57,2]],[[43,0],[70,79]]]},
"G198": {"type": "Matrix2x2", "payoffs": [[[24,19],[44,0]],[[46,25],[0,14]]]},
"G199": {"type": "Matrix2x2", "payoffs": [[[0,72],[19,34]],[[22,80],[18,0]]]},
"G200": {"type": "Matrix2x2", "payoffs": [[[0,89],[36,99]],[[28,0],[23,54]]]},
"G201": {"type": "Matrix2x2", "payoffs": [[[27,94],[0,0]],[[10,13],[24,39]]]},
"G202": {"type": "Matrix2x2", "payoffs": [[[75,73],[70,26]],[[0,52],[26,0]]]},
"G203": {"type": "Matrix2x2", "payoffs": [[[60,62],[65,70]],[[77,89],[0,0]]]},
"G204": {"type": "Matrix2x2", "payoffs": [[[6,0],[18,17]],[[0,23],[31,25]]]},
"G205": {"type": "Matrix2x2", "payoffs": [[[0,1],[64,0]],[[80,21],[34,19]]]},
"G206": {"type": "Matrix2x2", "payoffs": [[[27,0],[4,2]],[[0,6],[58,34]]]},
"G207": {"type": "Matrix2x2", "payoffs": [[[15,0],[0,32]],[[38,6],[57,37]]]},
"G208": {"type": "Matrix2x2", "payoffs": [[[89,11],[0,7]],[[76,4],[56,0]]]},
"G209": {"type": "Matrix2x2", "payoffs": [[[0,0],[46,56]],[[13,46],[42,15]]]},
"G210": {"type": "Matrix2x2", "payoffs": [[[0,79],[13,0]],[[16,5],[58,83]]]},
"G211": {"type": "Matrix2x2", "payoffs": [[[14,0],[31,1]],[[46,6],[0,4]]]},
"G212": {"type": "Matrix2x2", "payoffs": [[[22,52],[11,0]],[[0,13],[4,43]]]},
"G213": {"type": "Matrix2x2", "payoffs": [[[61,31],[52,5]],[[15,1],[0,0]]]},
"G214": {"type": "Matrix2x2", "payoffs": [[[0,17],[45,0]],[[68,39],[61,8]]]},
"G215": {"type": "Matrix2x2", "payoffs": [[[40,0],[72,3]],[[0,1],[86,5]]]},
"G216": {"type": "Matrix2x2", "payoffs": [[[0,41],[47,79]],[[3,76],[36,0]]]},
"G217": {"type": "Matrix2x2", "payoffs": [[[8,11],[39,0]],[[0,8],[60,23]]]},
"G218": {"type": "Matrix2x2", "payoffs": [[[21,40],[0,45]],[[27,56],[11,0]]]},
"G219": {"type": "Matrix2x2", "payoffs": [[[47,0],[0,72]],[[59,99],[48,61]]]},
"G220": {"type": "Matrix2x2", "payoffs": [[[8,80],[7,0]],[[2,58],[0,22]]]},
"G221": {"type": "Matrix2x2", "payoffs": [[[11,99],[0,42]],[[8,43],[3,0]]]},
"G222": {"type": "Matrix2x2", "payoffs": [[[0,0],[21,58]],[[52,90],[30,82]]]},
"G223": {"type": "Matrix2x2", "payoffs": [[[5,84],[0,0]],[[11,54],[21,99]]]},
"G224": {"type": "Matrix2x2", "payoffs": [[[23,14],[0,5]],[[6,10],[1,0]]]},
"G225": {"type": "Matrix2x2", "payoffs": [[[2,10],[0,0]],[[8,76],[14,83]]]},
"G226": {"type": "Matrix2x2", "payoffs": [[[12,0],[13,6]],[[0,5],[1,4]]]},
"G227": {"type": "Matrix2x2", "payoffs": [[[3,3],[0,0]],[[5,90],[1,84]]]},
"G228": {"type": "Matrix2x2", "payoffs": [[[54,82],[2,4]],[[0,64],[39,0]]]},
"G229": {"type": "Matrix2x2", "payoffs": [[[15,39],[5,0]],[[0,3],[4,34]]]},
"G230": {"type": "Matrix2x2", "payoffs": [[[74,39],[0,47]],[[88,49],[64,0]]]},
"G231": {"type": "Matrix2x2", "payoffs": [[[30,0],[33,16]],[[49,47],[0,15]]]},
"G232": {"type": "Matrix2x2", "payoffs": [[[42,2],[57,34]],[[0,0],[1,15]]]},
"G233": {"type": "Matrix2x2", "payoffs": [[[6,0],[28,65]],[[17,14],[0,35]]]},
"G234": {"type": "Matrix2x2", "payoffs": [[[29,0],[2,79]],[[86,92],[0,81]]]},
"G235": {"type": "Matrix2x2", "payoffs": [[[0,0],[4,61]],[[1,27],[2,6]]]},
"G236": {"type": "Matrix2x2", "payoffs": [[[19,77],[83,89]],[[0,0],[39,17]]]},
"G237": {"type": "Matrix2x2", "payoffs": [[[53,100],[0,75]],[[15,77],[11,0]]]},
"G238": {"type": "Matrix2x2", "payoffs": [[[1,3],[0,0]],[[4,90],[2,18]]]},
"G239": {"type": "Matrix2x2", "payoffs": [[[27,7],[0,2]],[[34,0],[66,8]]]},
"G240": {"type": "Matrix2x2", "payoffs": [[[65,3],[10,2]],[[8,1],[0,0]]]},
"G241": {"type": "Matrix2x2", "payoffs": [[[26,0],[0,18]],[[33,11],[53,89]]]},
"G242": {"type": "Matrix2x2", "payoffs": [[[67,74],[0,31]],[[55,0],[81,99]]]},
"G243": {"type": "Matrix2x2", "payoffs": [[[10,4],[30,29]],[[0,0],[31,31]]]},
"G244": {"type": "Matrix2x2", "payoffs": [[[0,0],[63,59]],[[65,85],[40,41]]]},
"G245": {"type": "Matrix2x2", "payoffs": [[[0,0],[5,22]],[[77,1],[91,26]]]},
"G246": {"type": "Matrix2x2", "payoffs": [[[87,66],[0,63]],[[80,0],[51,1]]]},
"G247": {"type": "Matrix2x2", "payoffs": [[[61,3],[0,0]],[[67,6],[46,1]]]},
"G248": {"type": "Matrix2x2", "payoffs": [[[25,13],[2,10]],[[0,8],[16,0]]]},
"G249": {"type": "Matrix2x2", "payoffs": [[[34,0],[0,59]],[[74,61],[7,43]]]},
"G250": {"type": "Matrix2x2", "payoffs": [[[0,0],[28,81]],[[41,85],[21,28]]]},
"G251": {"type": "Matrix2x2", "payoffs": [[[0,0],[10,69]],[[3,61],[4,7]]]},
"G252": {"type": "Matrix2x2", "payoffs": [[[33,25],[32,0]],[[0,21],[36,36]]]},
"G253": {"type": "Matrix2x2", "payoffs": [[[7,71],[0,0]],[[16,39],[19,72]]]},
"G254": {"type": "Matrix2x2", "payoffs": [[[40,15],[0,11]],[[11,8],[3,0]]]},
"G255": {"type": "Matrix2x2", "payoffs": [[[4,0],[47,22]],[[45,19],[0,18]]]},
"G256": {"type": "Matrix2x2", "payoffs": [[[8,23],[0,1]],[[2,4],[5,0]]]},
"G257": {"type": "Matrix2x2", "payoffs": [[[97,19],[0,0]],[[38,2],[9,8]]]},
"G258": {"type": "Matrix2x2", "payoffs": [[[94,73],[0,63]],[[52,61],[46,0]]]},
"G259": {"type": "Matrix2x2", "payoffs": [[[28,43],[6,22]],[[0,8],[11,0]]]},
"G260": {"type": "Matrix2x2", "payoffs": [[[39,0],[50,89]],[[6,31],[0,62]]]},
"G261": {"type": "Matrix2x2", "payoffs": [[[62,9],[0,0]],[[31,2],[51,5]]]},
"G262": {"type": "Matrix2x2", "payoffs": [[[5,68],[7,69]],[[0,28],[4,0]]]},
"G263": {"type": "Matrix2x2", "payoffs": [[[85,27],[48,24]],[[0,0],[86,29]]]},
"G264": {"type": "Matrix2x2", "payoffs": [[[15,56],[25,65]],[[0,48],[8,0]]]},
"G265": {"type": "Matrix2x2", "payoffs": [[[0,5],[34,6]],[[12,1],[28,0]]]},
"G266": {"type": "Matrix2x2", "payoffs": [[[0,0],[58,6]],[[30,3],[37,4]]]},
"G267": {"type": "Matrix2x2", "payoffs": [[[73,11],[98,12]],[[0,5],[7,0]]]},
"G268": {"type": "Matrix2x2", "payoffs": [[[87,58],[12,79]],[[100,82],[0,0]]]},
"G269": {"type": "Matrix2x2", "payoffs": [[[0,4],[36,7]],[[24,0],[81,24]]]},
"G270": {"type": "Matrix2x2", "payoffs": [[[25,55],[42,83]],[[29,0],[0,45]]]},
"G271": {"type": "Matrix2x2", "payoffs": [[[7,5],[0,0]],[[21,2],[25,6]]]},
"G272": {"type": "Matrix2x2", "payoffs": [[[0,0],[3,55]],[[2,19],[4,60]]]},
"G273": {"type": "Matrix2x2", "payoffs": [[[1,28],[0,55]],[[34,78],[11,0]]]},
"G274": {"type": "Matrix2x2", "payoffs": [[[28,0],[36,40]],[[20,10],[0,3]]]},
"G275": {"type": "Matrix2x2", "payoffs": [[[21,3],[29,0]],[[30,15],[0,13]]]},
"G276": {"type": "Matrix2x2", "payoffs": [[[5,0],[28,71]],[[25,51],[0,26]]]},
"G277": {"type": "Matrix2x2", "payoffs": [[[72,20],[49,0]],[[0,16],[6,7]]]},
"G278": {"type": "Matrix2x2", "payoffs": [[[15,0],[24,83]],[[0,51],[17,20]]]},
"G279": {"type": "Matrix2x2", "payoffs": [[[41,56],[54,28]],[[73,89],[0,0]]]},
"G280": {"type": "Matrix2x2", "payoffs": [[[32,55],[13,37]],[[0,0],[8,39]]]},
"G281": {"type": "Matrix2x2", "payoffs": [[[6,20],[8,28]],[[2,0],[0,19]]]},
"G282": {"type": "Matrix2x2", "payoffs": [[[19,13],[51,93]],[[0,0],[54,96]]]},
"G283": {"type": "Matrix2x2", "payoffs": [[[48,33],[0,22]],[[8,0],[1,6]]]},
"G284": {"type": "Matrix2x2", "payoffs": [[[98,61],[0,13]],[[40,0],[95,53]]]},
"G285": {"type": "Matrix2x2", "payoffs": [[[0,0],[70,63]],[[29,52],[51,38]]]},
"G286": {"type": "Matrix2x2", "payoffs": [[[0,0],[30,7]],[[35,2],[71,18]]]},
"G287": {"type": "Matrix2x2", "payoffs": [[[12,22],[33,0]],[[0,48],[48,57]]]},
"G288": {"type": "Matrix2x2", "payoffs": [[[11,2],[0,31]],[[25,38],[22,0]]]},
"G289": {"type": "Matrix2x2", "payoffs": [[[0,0],[46,56]],[[42,44],[6,25]]]},
"G290": {"type": "Matrix2x2", "payoffs": [[[60,16],[70,29]],[[5,3],[0,0]]]},
"G291": {"type": "Matrix2x2", "payoffs": [[[52,32],[0,28]],[[7,0],[43,5]]]},
"G292": {"type": "Matrix2x2", "payoffs": [[[22,11],[18,8]],[[12,0],[0,10]]]},
"G293": {"type": "Matrix2x2", "payoffs": [[[0,19],[80,44]],[[27,0],[69,39]]]},
"G294": {"type": "Matrix2x2", "payoffs": [[[0,0],[2,1]],[[5,6],[8,17]]]},
"G295": {"type": "Matrix2x2", "payoffs": [[[66,4],[36,3]],[[0,0],[70,5]]]},
"G296": {"type": "Matrix2x2", "payoffs": [[[6,3],[8,20]],[[0,1],[1,0]]]},
"G297": {"type": "Matrix2x2", "payoffs": [[[73,2],[20,23]],[[93,51],[0,0]]]},
"G298": {"type": "Matrix2x2", "payoffs": [[[85,0],[86,50]],[[6,11],[0,34]]]},
"G299": {"type": "Matrix2x2", "payoffs": [[[0,42],[81,54]],[[55,44],[47,0]]]},
"G300": {"type": "Matrix2x2", "payoffs": [[[66,0],[9,2]],[[0,5],[93,8]]]},
"G301": {"type": "Matrix2x2", "payoffs": [[[74,74],[0,0]],[[51,73],[64,46]]]},
"G302": {"type": "Matrix2x2", "payoffs": [[[2,44],[0,71]],[[3,85],[1,0]]]},
"G303": {"type": "Matrix2x2", "payoffs": [[[0,0],[100,33]],[[99,13],[88,3]]]},
"G304": {"type": "Matrix2x2", "payoffs": [[[0,17],[26,0]],[[81,46],[43,27]]]},
"G305": {"type": "Matrix2x2", "payoffs": [[[81,15],[0,3]],[[13,0],[39,8]]]},
"G306": {"type": "Matrix2x2", "payoffs": [[[28,5],[0,12]],[[95,0],[97,13]]]},
"G307": {"type": "Matrix2x2", "payoffs": [[[25,50],[11,16]],[[0,34],[10,0]]]},
"G308": {"type": "Matrix2x2", "payoffs": [[[31,16],[21,24]],[[0,0],[35,61]]]},
"G309": {"type": "Matrix2x2", "payoffs": [[[0,4],[25,36]],[[22,0],[6,27]]]},
"G310": {"type": "Matrix2x2", "payoffs": [[[0,22],[2,0]],[[3,46],[4,72]]]},
"G311": {"type": "Matrix2x2", "payoffs": [[[6,77],[0,0]],[[5,84],[11,92]]]},
"G312": {"type": "Matrix2x2", "payoffs": [[[0,0],[27,7]],[[41,13],[12,9]]]},
"G313": {"type": "Matrix2x2", "payoffs": [[[16,41],[9,18]],[[0,10],[8,0]]]},
"G314": {"type": "Matrix2x2", "payoffs": [[[26,10],[0,0]],[[2,1],[25,5]]]},
"G315": {"type": "Matrix2x2", "payoffs": [[[0,0],[29,30]],[[37,49],[59,86]]]},
"G316": {"type": "Matrix2x2", "payoffs": [[[0,10],[18,0]],[[76,23],[38,3]]]},
"G317": {"type": "Matrix2x2", "payoffs": [[[1,5],[8,7]],[[22,11],[0,0]]]},
"G318": {"type": "Matrix2x2", "payoffs": [[[26,0],[15,6]],[[42,13],[0,5]]]},
"G319": {"type": "Matrix2x2", "payoffs": [[[80,7],[0,0]],[[90,30],[16,4]]]},
"G320": {"type": "Matrix2x2", "payoffs": [[[63,0],[49,9]],[[86,14],[0,8]]]},
"G321": {"type": "Matrix2x2", "payoffs": [[[6,29],[11,0]],[[0,42],[13,59]]]},
"G322": {"type": "Matrix2x2", "payoffs": [[[85,11],[0,6]],[[79,10],[42,0]]]},
"G323": {"type": "Matrix2x2", "payoffs": [[[0,2],[60,47]],[[28,0],[27,26]]]},
"G324": {"type": "Matrix2x2", "payoffs": [[[46,32],[0,1]],[[28,0],[23,16]]]},
"G325": {"type": "Matrix2x2", "payoffs": [[[8,27],[0,32]],[[44,0],[56,73]]]},
"G326": {"type": "Matrix2x2", "payoffs": [[[26,43],[0,0]],[[3,22],[21,41]]]},
"G327": {"type": "Matrix2x2", "payoffs": [[[70,0],[89,84]],[[0,26],[20,79]]]},
"G328": {"type": "Matrix2x2", "payoffs": [[[13,63],[4,14]],[[0,0],[1,55]]]},
"G329": {"type": "Matrix2x2", "payoffs": [[[45,7],[14,12]],[[59,36],[0,0]]]},
"G330": {"type": "Matrix2x2", "payoffs": [[[5,0],[25,46]],[[0,26],[3,36]]]},
"G331": {"type": "Matrix2x2", "payoffs": [[[2,23],[1,0]],[[0,9],[4,47]]]},
"G332": {"type": "Matrix2x2", "payoffs": [[[9,29],[8,0]],[[0,25],[14,48]]]},
"G333": {"type": "Matrix2x2", "payoffs": [[[48,34],[31,0]],[[79,91],[0,68]]]},
"G334": {"type": "Matrix2x2", "payoffs": [[[0,6],[22,54]],[[54,76],[4,0]]]},
"G335": {"type": "Matrix2x2", "payoffs": [[[13,82],[7,10]],[[6,26],[0,0]]]},
"G336": {"type": "Matrix2x2", "payoffs": [[[0,19],[8,0]],[[45,26],[35,2]]]},
"G337": {"type": "Matrix2x2", "payoffs": [[[18,36],[0,30]],[[10,35],[8,0]]]},
"G338": {"type": "Matrix2x2", "payoffs": [[[5,41],[0,19]],[[1,0],[7,54]]]},
"G339": {"type": "Matrix2x2", "payoffs": [[[52,58],[0,19]],[[38,48],[16,0]]]},
"G340": {"type": "Matrix2x2", "payoffs": [[[66,76],[0,58]],[[27,23],[33,0]]]},
"G341": {"type": "Matrix2x2", "payoffs": [[[5,3],[13,11]],[[0,6],[12,0]]]},
"G342": {"type": "Matrix2x2", "payoffs": [[[42,78],[0,9]],[[23,0],[11,46]]]},
"G343": {"type": "Matrix2x2", "payoffs": [[[55,27],[65,58]],[[0,1],[58,0]]]},
"G344": {"type": "Matrix2x2", "payoffs": [[[62,8],[27,0]],[[94,14],[0,13]]]},
"G345": {"type": "Matrix2x2", "payoffs": [[[73,33],[29,0]],[[0,1],[55,29]]]},
"G346": {"type": "Matrix2x2", "payoffs": [[[0,14],[10,0]],[[62,75],[18,37]]]},
"G347": {"type": "Matrix2x2", "payoffs": [[[75,0],[26,5]],[[0,6],[80,7]]]},
"G348": {"type": "Matrix2x2", "payoffs": [[[88,63],[0,0]],[[4,5],[68,45]]]},
"G349": {"type": "Matrix2x2", "payoffs": [[[0,70],[2,0]],[[20,75],[34,76]]]},
"G350": {"type": "Matrix2x2", "payoffs": [[[22,0],[38,28]],[[0,24],[63,33]]]},
"G351": {"type": "Matrix2x2", "payoffs": [[[52,0],[0,9]],[[99,40],[93,10]]]},
"G352": {"type": "Matrix2x2", "payoffs": [[[62,14],[0,7]],[[63,74],[7,0]]]},
"G353": {"type": "Matrix2x2", "payoffs": [[[83,95],[88,97]],[[0,79],[32,0]]]},
"G354": {"type": "Matrix2x2", "payoffs": [[[62,41],[7,20]],[[0,0],[20,14]]]},
"G355": {"type": "Matrix2x2", "payoffs": [[[10,27],[28,29]],[[0,2],[24,0]]]},
"G356": {"type": "Matrix2x2", "payoffs": [[[53,21],[0,0]],[[61,49],[85,93]]]},
"G357": {"type": "Matrix2x2", "payoffs": [[[0,0],[4,72]],[[2,56],[1,15]]]},
"G358": {"type": "Matrix2x2", "payoffs": [[[64,0],[0,3]],[[83,5],[22,4]]]},
"G359": {"type": "Matrix2x2", "payoffs": [[[11,0],[36,84]],[[26,29],[0,30]]]},
"G360": {"type": "Matrix2x2", "payoffs": [[[0,0],[34,76]],[[55,97],[51,21]]]},
"G361": {"type": "Matrix2x2", "payoffs": [[[4,39],[92,48]],[[0,0],[18,14]]]},
"G362": {"type": "Matrix2x2", "payoffs": [[[11,13],[2,0]],[[0,1],[42,32]]]},
"G363": {"type": "Matrix2x2", "payoffs": [[[22,42],[10,24]],[[0,13],[8,0]]]},
"G364": {"type": "Matrix2x2", "payoffs": [[[6,0],[46,13]],[[18,10],[0,11]]]},
"G365": {"type": "Matrix2x2", "payoffs": [[[0,68],[2,25]],[[7,77],[4,0]]]},
"G366": {"type": "Matrix2x2", "payoffs": [[[43,0],[88,81]],[[78,64],[0,53]]]},
"G367": {"type": "Matrix2x2", "payoffs": [[[88,20],[8,8]],[[54,0],[0,10]]]},
"G368": {"type": "Matrix2x2", "payoffs": [[[51,24],[99,48]],[[55,0],[0,47]]]},
"G369": {"type": "Matrix2x2", "payoffs": [[[0,0],[11,2]],[[78,1],[90,4]]]},
"G370": {"type": "Matrix2x2", "payoffs": [[[24,8],[19,0]],[[0,4],[23,1]]]},
"G371": {"type": "Matrix2x2", "payoffs": [[[53,10],[18,1]],[[52,3],[0,0]]]},
"G372": {"type": "Matrix2x2", "payoffs": [[[17,52],[63,47]],[[79,62],[0,0]]]},
"G373": {"type": "Matrix2x2", "payoffs": [[[0,32],[55,50]],[[25,3],[30,0]]]},
"G374": {"type": "Matrix2x2", "payoffs": [[[4,46],[2,0]],[[20,62],[0,38]]]},
"G375": {"type": "Matrix2x2", "payoffs": [[[31,12],[2,8]],[[0,1],[14,0]]]},
"G376": {"type": "Matrix2x2", "payoffs": [[[0,0],[19,76]],[[13,42],[16,11]]]},
"G377": {"type": "Matrix2x2", "payoffs": [[[0,69],[15,0]],[[50,74],[49,8]]]},
"G378": {"type": "Matrix2x2", "payoffs": [[[13,39],[39,64]],[[36,0],[0,38]]]},
"G379": {"type": "Matrix2x2", "payoffs": [[[0,0],[73,1]],[[34,2],[74,3]]]},
"G380": {"type": "Matrix2x2", "payoffs": [[[42,3],[69,4]],[[29,0],[0,1]]]},
"G381": {"type": "Matrix2x2", "payoffs": [[[57,16],[0,12]],[[87,76],[73,0]]]},
"G382": {"type": "Matrix2x2", "payoffs": [[[52,3],[0,33]],[[10,0],[68,35]]]},
"G383": {"type": "Matrix2x2", "payoffs": [[[38,0],[0,32]],[[22,4],[40,35]]]},
"G384": {"type": "Matrix2x2", "payoffs": [[[0,21],[11,3]],[[23,25],[10,0]]]},
"G385": {"type": "Matrix2x2", "payoffs": [[[3,87],[8,0]],[[10,89],[0,15]]]},
"G386": {"type": "Matrix2x2", "payoffs": [[[41,0],[34,28]],[[50,73],[0,67]]]},
"G387": {"type": "Matrix2x2", "payoffs": [[[33,77],[1,0]],[[3,27],[0,13]]]},
"G388": {"type": "Matrix2x2", "payoffs": [[[29,0],[73,55]],[[0,19],[14,53]]]},
"G389": {"type": "Matrix2x2", "payoffs": [[[7,1],[23,50]],[[0,0],[4,16]]]},
"G390": {"type": "Matrix2x2", "payoffs": [[[38,50],[31,44]],[[0,0],[36,40]]]},
"G391": {"type": "Matrix2x2", "payoffs": [[[0,11],[3,16]],[[7,0],[55,82]]]},
"G392": {"type": "Matrix2x2", "payoffs": [[[2,3],[0,20]],[[18,0],[33,23]]]},
"G393": {"type": "Matrix2x2", "payoffs": [[[85,21],[0,0]],[[86,63],[51,14]]]},
"G394": {"type": "Matrix2x2", "payoffs": [[[5,15],[0,0]],[[7,24],[1,11]]]},
"G395": {"type": "Matrix2x2", "payoffs": [[[97,65],[19,55]],[[0,34],[37,0]]]},
"G396": {"type": "Matrix2x2", "payoffs": [[[48,0],[9,10]],[[0,1],[62,82]]]},
"G397": {"type": "Matrix2x2", "payoffs": [[[73,49],[0,14]],[[2,0],[84,56]]]},
"G398": {"type": "Matrix2x2", "payoffs": [[[82,16],[81,6]],[[0,0],[66,8]]]},
"G399": {"type": "Matrix2x2", "payoffs": [[[21,0],[1,23]],[[0,1],[64,72]]]},
"G400": {"type": "Matrix2x2", "payoffs": [[[24,5],[29,60]],[[0,35],[9,0]]]},
"G401": {"type": "Matrix2x2", "payoffs": [[[0,34],[18,60]],[[1,0],[12,5]]]},
"G402": {"type": "Matrix2x2", "payoffs": [[[0,31],[42,37]],[[70,62],[15,0]]]},
"G403": {"type": "Matrix2x2", "payoffs": [[[1,0],[5,29]],[[0,21],[6,50]]]},
"G404": {"type": "Matrix2x2", "payoffs": [[[49,38],[2,0]],[[0,49],[56,67]]]},
"G405": {"type": "Matrix2x2", "payoffs": [[[50,25],[36,0]],[[62,32],[0,28]]]},
"G406": {"type": "Matrix2x2", "payoffs": [[[0,0],[30,54]],[[96,64],[67,48]]]},
"G407": {"type": "Matrix2x2", "payoffs": [[[2,77],[12,61]],[[32,78],[0,0]]]},
"G408": {"type": "Matrix2x2", "payoffs": [[[0,26],[12,0]],[[16,39],[4,4]]]},
"G409": {"type": "Matrix2x2", "payoffs": [[[0,40],[29,28]],[[65,77],[27,0]]]},
"G410": {"type": "Matrix2x2", "payoffs": [[[0,0],[21,9]],[[17,34],[46,58]]]},
"G411": {"type": "Matrix2x2", "payoffs": [[[51,12],[66,42]],[[3,10],[0,0]]]},
"G412": {"type": "Matrix2x2", "payoffs": [[[0,0],[3,8]],[[1,3],[5,16]]]},
"G413": {"type": "Matrix2x2", "payoffs": [[[36,30],[0,13]],[[7,0],[3,9]]]},
"G414": {"type": "Matrix2x2", "payoffs": [[[44,24],[1,0]],[[0,23],[8,11]]]},
"G415": {"type": "Matrix2x2", "payoffs": [[[0,21],[32,11]],[[58,0],[74,22]]]},
"G416": {"type": "Matrix2x2", "payoffs": [[[2,9],[0,0]],[[34,17],[25,12]]]},
"G417": {"type": "Matrix2x2", "payoffs": [[[39,0],[41,38]],[[83,58],[0,52]]]},
"G418": {"type": "Matrix2x2", "payoffs": [[[76,3],[0,8]],[[78,0],[94,31]]]},
"G419": {"type": "Matrix2x2", "payoffs": [[[32,0],[94,15]],[[0,2],[20,10]]]},
"G420": {"type": "Matrix2x2", "payoffs": [[[0,17],[17,81]],[[7,0],[15,52]]]},
"G421": {"type": "Matrix2x2", "payoffs": [[[9,16],[64,62]],[[0,0],[54,23]]]},
"G422": {"type": "Matrix2x2", "payoffs": [[[71,13],[0,0]],[[1,6],[69,9]]]},
"G423": {"type": "Matrix2x2", "payoffs": [[[63,0],[78,78]],[[67,7],[0,17]]]},
"G424": {"type": "Matrix2x2", "payoffs": [[[63,32],[0,22]],[[46,0],[71,74]]]},
"G425": {"type": "Matrix2x2", "payoffs": [[[1,1],[0,0]],[[7,84],[3,18]]]},
"G426": {"type": "Matrix2x2", "payoffs": [[[0,41],[44,0]],[[33,73],[92,82]]]},
"G427": {"type": "Matrix2x2", "payoffs": [[[15,13],[77,39]],[[29,0],[0,22]]]},
"G428": {"type": "Matrix2x2", "payoffs": [[[15,0],[42,73]],[[0,35],[7,3]]]},
"G429": {"type": "Matrix2x2", "payoffs": [[[0,22],[31,0]],[[5,3],[38,24]]]},
"G430": {"type": "Matrix2x2", "payoffs": [[[16,79],[27,80]],[[0,17],[18,0]]]},
"G431": {"type": "Matrix2x2", "payoffs": [[[59,1],[23,0]],[[61,3],[0,2]]]},
"G432": {"type": "Matrix2x2", "payoffs": [[[26,2],[37,27]],[[0,11],[24,0]]]},
"G433": {"type": "Matrix2x2", "payoffs": [[[20,23],[88,59]],[[36,0],[0,9]]]},
"G434": {"type": "Matrix2x2", "payoffs": [[[66,58],[12,17]],[[0,0],[58,30]]]},
"G435": {"type": "Matrix2x2", "payoffs": [[[18,0],[86,20]],[[53,11],[0,6]]]},
"G436": {"type": "Matrix2x2", "payoffs": [[[90,17],[0,1]],[[12,0],[11,4]]]},
"G437": {"type": "Matrix2x2", "payoffs": [[[31,10],[25,3]],[[4,0],[0,6]]]},
"G438": {"type": "Matrix2x2", "payoffs": [[[18,72],[2,65]],[[0,0],[6,43]]]},
"G439": {"type": "Matrix2x2", "payoffs": [[[22,6],[0,0]],[[18,48],[59,51]]]},
"G440": {"type": "Matrix2x2", "payoffs": [[[34,10],[38,27]],[[0,9],[20,0]]]},
"G441": {"type": "Matrix2x2", "payoffs": [[[39,47],[4,24]],[[27,0],[0,18]]]},
"G442": {"type": "Matrix2x2", "payoffs": [[[79,11],[40,4]],[[0,0],[6,8]]]},
"G443": {"type": "Matrix2x2", "payoffs": [[[0,17],[59,37]],[[60,53],[55,0]]]},
"G444": {"type": "Matrix2x2", "payoffs": [[[26,27],[0,26]],[[25,0],[6,6]]]},
"G445": {"type": "Matrix2x2", "payoffs": [[[1,57],[0,15]],[[6,79],[3,0]]]},
"G446": {"type": "Matrix2x2", "payoffs": [[[0,10],[79,90]],[[5,40],[46,0]]]},
"G447": {"type": "Matrix2x2", "payoffs": [[[0,0],[35,22]],[[27,20],[61,54]]]},
"G448": {"type": "Matrix2x2", "payoffs": [[[35,73],[0,23]],[[81,0],[85,83]]]},
"G449": {"type": "Matrix2x2", "payoffs": [[[66,76],[0,33]],[[16,58],[55,0]]]},
"G450": {"type": "Matrix2x2", "payoffs": [[[31,0],[22,37]],[[75,64],[0,39]]]},
"G451": {"type": "Matrix2x2", "payoffs": [[[43,0],[36,22]],[[0,60],[44,63]]]},
"G452": {"type": "Matrix2x2", "payoffs": [[[3,4],[63,9]],[[0,0],[11,8]]]},
"G453": {"type": "Matrix2x2", "payoffs": [[[7,0],[0,84]],[[6,2],[11,87]]]},
"G454": {"type": "Matrix2x2", "payoffs": [[[0,0],[82,4]],[[83,48],[20,24]]]},
"G455": {"type": "Matrix2x2", "payoffs": [[[13,35],[56,37]],[[0,8],[44,0]]]},
"G456": {"type": "Matrix2x2", "payoffs": [[[0,3],[36,0]],[[65,9],[56,7]]]},
"G457": {"type": "Matrix2x2", "payoffs": [[[0,38],[99,92]],[[86,19],[48,0]]]},
"G458": {"type": "Matrix2x2", "payoffs": [[[0,30],[13,0]],[[93,45],[19,39]]]},
"G459": {"type": "Matrix2x2", "payoffs": [[[33,60],[82,75]],[[0,40],[42,0]]]},
"G460": {"type": "Matrix2x2", "payoffs": [[[56,12],[0,6]],[[22,10],[40,0]]]},
"G461": {"type": "Matrix2x2", "payoffs": [[[0,68],[1,37]],[[9,0],[22,97]]]},
"G462": {"type": "Matrix2x2", "payoffs": [[[0,0],[25,7]],[[21,9],[56,10]]]},
"G463": {"type": "Matrix2x2", "payoffs": [[[0,0],[78,71]],[[74,66],[23,50]]]},
"G464": {"type": "Matrix2x2", "payoffs": [[[35,50],[0,0]],[[48,97],[23,77]]]},
"G465": {"type": "Matrix2x2", "payoffs": [[[0,74],[16,0]],[[23,42],[47,79]]]},
"G466": {"type": "Matrix2x2", "payoffs": [[[3,52],[0,0]],[[2,16],[8,58]]]},
"G467": {"type": "Matrix2x2", "payoffs": [[[0,29],[7,0]],[[8,22],[12,75]]]},
"G468": {"type": "Matrix2x2", "payoffs": [[[48,30],[0,20]],[[12,10],[33,0]]]},
"G469": {"type": "Matrix2x2", "payoffs": [[[20,0],[2,33]],[[40,41],[0,10]]]},
"G470": {"type": "Matrix2x2", "payoffs": [[[4,49],[14,0]],[[0,33],[19,58]]]},
"G471": {"type": "Matrix2x2", "payoffs": [[[9,6],[32,19]],[[0,0],[40,31]]]},
"G472": {"type": "Matrix2x2", "payoffs": [[[14,10],[0,4]],[[49,0],[99,15]]]},
"G473": {"type": "Matrix2x2", "payoffs": [[[0,0],[8,14]],[[86,92],[41,30]]]},
"G474": {"type": "Matrix2x2", "payoffs": [[[0,37],[3,0]],[[92,69],[32,53]]]},
"G475": {"type": "Matrix2x2", "payoffs": [[[39,61],[0,0]],[[78,91],[10,3]]]},
"G476": {"type": "Matrix2x2", "payoffs": [[[26,0],[1,37]],[[30,84],[0,50]]]},
"G477": {"type": "Matrix2x2", "payoffs": [[[21,37],[0,30]],[[3,0],[26,92]]]},
"G478": {"type": "Matrix2x2", "payoffs": [[[0,0],[8,22]],[[10,26],[6,5]]]},
"G479": {"type": "Matrix2x2", "payoffs": [[[22,2],[12,7]],[[0,0],[27,29]]]},
"G480": {"type": "Matrix2x2", "payoffs": [[[27,5],[33,9]],[[0,2],[11,0]]]},
"G481": {"type": "Matrix2x2", "payoffs": [[[0,13],[9,0]],[[20,57],[28,75]]]},
"G482": {"type": "Matrix2x2", "payoffs": [[[11,23],[14,36]],[[0,22],[1,0]]]},
"G483": {"type": "Matrix2x2", "payoffs": [[[22,37],[25,54]],[[15,0],[0,22]]]},
"G484": {"type": "Matrix2x2", "payoffs": [[[0,0],[90,34]],[[40,13],[85,2]]]},
"G485": {"type": "Matrix2x2", "payoffs": [[[99,43],[23,2]],[[61,28],[0,0]]]},
"G486": {"type": "Matrix2x2", "payoffs": [[[98,5],[15,2]],[[75,1],[0,0]]]},
"G487": {"type": "Matrix2x2", "payoffs": [[[7,1],[73,19]],[[0,0],[85,60]]]},
"G488": {"type": "Matrix2x2", "payoffs": [[[51,36],[44,23]],[[0,16],[17,0]]]},
"G489": {"type": "Matrix2x2", "payoffs": [[[71,11],[0,0]],[[62,10],[17,9]]]},
"G490": {"type": "Matrix2x2", "payoffs": [[[3,7],[12,11]],[[0,2],[9,0]]]},
"G491": {"type": "Matrix2x2", "payoffs": [[[0,9],[31,0]],[[18,8],[49,12]]]},
"G492": {"type": "Matrix2x2", "payoffs": [[[65,40],[0,0]],[[15,22],[49,26]]]},
"G493": {"type": "Matrix2x2", "payoffs": [[[10,2],[76,1]],[[78,5],[0,0]]]},
"G494": {"type": "Matrix2x2", "payoffs": [[[0,20],[21,42]],[[2,0],[12,11]]]},
"G495": {"type": "Matrix2x2", "payoffs": [[[63,0],[0,22]],[[81,90],[28,24]]]},
"G496": {"type": "Matrix2x2", "payoffs": [[[0,0],[24,66]],[[15,14],[1,65]]]},
"G497": {"type": "Matrix2x2", "payoffs": [[[3,44],[5,50]],[[4,16],[0,0]]]},
"G498": {"type": "Matrix2x2", "payoffs": [[[86,43],[53,0]],[[0,29],[2,17]]]},
"G499": {"type": "Matrix2x2", "payoffs": [[[5,12],[0,17]],[[17,36],[2,0]]]},
"G500": {"type": "Matrix2x2", "payoffs": [[[3,0],[31,17]],[[0,24],[44,45]]]},
"G501": {"type": "Matrix2x2", "payoffs": [[[9,2],[0,0]],[[71,7],[98,15]]]},
"G502": {"type": "Matrix2x2", "payoffs": [[[92,46],[10,34]],[[15,0],[0,36]]]},
"G503": {"type": "Matrix2x2", "payoffs": [[[37,51],[0,35]],[[22,0],[15,23]]]},
"G504": {"type": "Matrix2x2", "payoffs": [[[0,2],[5,3]],[[1,1],[3,0]]]},
"G505": {"type": "Matrix2x2", "payoffs": [[[26,27],[42,51]],[[0,10],[23,0]]]},
"G506": {"type": "Matrix2x2", "payoffs": [[[7,0],[31,46]],[[27,24],[0,22]]]},
"G507": {"type": "Matrix2x2", "payoffs": [[[12,0],[22,46]],[[0,51],[25,74]]]},
"G508": {"type": "Matrix2x2", "payoffs": [[[80,13],[52,9]],[[0,0],[59,12]]]},
"G509": {"type": "Matrix2x2", "payoffs": [[[81,17],[28,7]],[[0,0],[44,13]]]},
"G510": {"type": "Matrix2x2", "payoffs": [[[45,48],[0,41]],[[33,44],[44,0]]]},
"G511": {"type": "Matrix2x2", "payoffs": [[[17,0],[30,22]],[[0,5],[11,10]]]},
"G512": {"type": "Matrix2x2", "payoffs": [[[34,31],[44,51]],[[5,0],[0,38]]]},
"G513": {"type": "Matrix2x2", "payoffs": [[[0,0],[18,81]],[[16,53],[5,54]]]},
"G514": {"type": "Matrix2x2", "payoffs": [[[0,0],[21,12]],[[83,23],[6,21]]]},
"G515": {"type": "Matrix2x2", "payoffs": [[[97,4],[0,0]],[[90,3],[98,12]]]},
"G516": {"type": "Matrix2x2", "payoffs": [[[0,6],[4,4]],[[5,0],[8,9]]]},
"G517": {"type": "Matrix2x2", "payoffs": [[[11,79],[0,9]],[[9,45],[2,0]]]},
"G518": {"type": "Matrix2x2", "payoffs": [[[41,18],[55,80]],[[0,19],[7,0]]]},
"G519": {"type": "Matrix2x2", "payoffs": [[[30,12],[0,0]],[[17,4],[11,8]]]},
"G520": {"type": "Matrix2x2", "payoffs": [[[64,18],[1,0]],[[76,37],[0,12]]]},
"G521": {"type": "Matrix2x2", "payoffs": [[[10,10],[0,0]],[[58,11],[70,18]]]},
"G522": {"type": "Matrix2x2", "payoffs": [[[53,0],[0,2]],[[77,10],[30,5]]]},
"G523": {"type": "Matrix2x2", "payoffs": [[[44,23],[0,0]],[[91,39],[57,24]]]},
"G524": {"type": "Matrix2x2", "payoffs": [[[87,0],[63,3]],[[97,16],[0,10]]]},
"G525": {"type": "Matrix2x2", "payoffs": [[[0,0],[48,14]],[[33,9],[2,5]]]},
"G526": {"type": "Matrix2x2", "payoffs": [[[9,0],[38,49]],[[0,19],[62,79]]]},
"G527": {"type": "Matrix2x2", "payoffs": [[[63,29],[82,30]],[[20,3],[0,0]]]},
"G528": {"type": "Matrix2x2", "payoffs": [[[56,19],[0,0]],[[26,12],[16,7]]]},
"G529": {"type": "Matrix2x2", "payoffs": [[[16,91],[15,82]],[[7,0],[0,43]]]},
"G530": {"type": "Matrix2x2", "payoffs": [[[60,44],[0,36]],[[94,98],[14,0]]]},
"G531": {"type": "Matrix2x2", "payoffs": [[[74,84],[9,58]],[[0,4],[64,0]]]},
"G532": {"type": "Matrix2x2", "payoffs": [[[47,0],[86,75]],[[0,24],[77,2]]]},
"G533": {"type": "Matrix2x2", "payoffs": [[[94,2],[6,0]],[[97,37],[0,14]]]},
"G534": {"type": "Matrix2x2", "payoffs": [[[65,100],[43,24]],[[62,82],[0,0]]]},
"G535": {"type": "Matrix2x2", "payoffs": [[[6,33],[0,47]],[[15,0],[40,57]]]},
"G536": {"type": "Matrix2x2", "payoffs": [[[13,32],[92,0]],[[96,66],[0,23]]]},
"G537": {"type": "Matrix2x2", "payoffs": [[[34,26],[64,50]],[[53,0],[0,38]]]},
"G538": {"type": "Matrix2x2", "payoffs": [[[54,23],[8,0]],[[0,21],[14,10]]]},
"G539": {"type": "Matrix2x2", "payoffs": [[[39,0],[36,47]],[[0,24],[50,63]]]},
"G540": {"type": "Matrix2x2", "payoffs": [[[17,17],[16,3]],[[12,0],[0,8]]]},
"G541": {"type": "Matrix2x2", "payoffs": [[[29,0],[67,4]],[[0,1],[50,3]]]},
"G542": {"type": "Matrix2x2", "payoffs": [[[13,38],[3,0]],[[0,15],[1,19]]]},
"G543": {"type": "Matrix2x2", "payoffs": [[[50,15],[28,4]],[[0,0],[60,17]]]},
"G544": {"type": "Matrix2x2", "payoffs": [[[12,38],[6,58]],[[0,0],[16,82]]]},
"G545": {"type": "Matrix2x2", "payoffs": [[[70,78],[32,64]],[[0,46],[55,0]]]},
"G546": {"type": "Matrix2x2", "payoffs": [[[42,37],[0,2]],[[48,98],[29,0]]]},
"G547": {"type": "Matrix2x2", "payoffs": [[[1,28],[7,41]],[[0,34],[2,0]]]},
"G548": {"type": "Matrix2x2", "payoffs": [[[0,0],[23,32]],[[3,9],[4,5]]]},
"G549": {"type": "Matrix2x2", "payoffs": [[[76,5],[0,10]],[[83,34],[34,0]]]},
"G550": {"type": "Matrix2x2", "payoffs": [[[31,92],[11,0]],[[3,74],[0,20]]]},
"G551": {"type": "Matrix2x2", "payoffs": [[[27,85],[0,40]],[[15,30],[10,0]]]},
"G552": {"type": "Matrix2x2", "payoffs": [[[0,7],[46,0]],[[22,15],[47,45]]]},
"G553": {"type": "Matrix2x2", "payoffs": [[[2,19],[7,100]],[[0,10],[3,0]]]},
"G554": {"type": "Matrix2x2", "payoffs": [[[0,4],[76,6]],[[13,3],[6,0]]]},
"G555": {"type": "Matrix2x2", "payoffs": [[[9,73],[5,0]],[[6,8],[0,14]]]},
"G556": {"type": "Matrix2x2", "payoffs": [[[0,26],[7,29]],[[6,15],[3,0]]]},
"G557": {"type": "Matrix2x2", "payoffs": [[[6,11],[53,34]],[[0,0],[11,2]]]},
"G558": {"type": "Matrix2x2", "payoffs": [[[12,14],[2,11]],[[47,36],[0,0]]]},
"G559": {"type": "Matrix2x2", "payoffs": [[[33,52],[69,91]],[[0,0],[54,88]]]},
"G560": {"type": "Matrix2x2", "payoffs": [[[6,9],[10,88]],[[2,0],[0,68]]]},
"G561": {"type": "Matrix2x2", "payoffs": [[[0,0],[91,86]],[[27,78],[39,76]]]},
"G562": {"type": "Matrix2x2", "payoffs": [[[0,59],[13,42]],[[28,0],[30,96]]]},
"G563": {"type": "Matrix2x2", "payoffs": [[[60,74],[0,8]],[[79,99],[22,0]]]},
"G564": {"type": "Matrix2x2", "payoffs": [[[61,9],[0,0]],[[24,4],[27,3]]]},
"G565": {"type": "Matrix2x2", "payoffs": [[[75,0],[76,57]],[[66,9],[0,17]]]},
"G566": {"type": "Matrix2x2", "payoffs": [[[0,0],[27,53]],[[37,91],[53,97]]]},
"G567": {"type": "Matrix2x2", "payoffs": [[[0,9],[12,78]],[[10,0],[64,90]]]},
"G568": {"type": "Matrix2x2", "payoffs": [[[48,49],[0,20]],[[27,42],[28,0]]]},
"G569": {"type": "Matrix2x2", "payoffs": [[[92,64],[0,20]],[[34,50],[41,0]]]},
"G570": {"type": "Matrix2x2", "payoffs": [[[1,0],[0,83]],[[14,97],[3,55]]]},
"G571": {"type": "Matrix2x2", "payoffs": [[[5,0],[8,8]],[[9,19],[0,5]]]},
"G572": {"type": "Matrix2x2", "payoffs": [[[0,25],[55,67]],[[22,46],[10,0]]]},
"G573": {"type": "Matrix2x2", "payoffs": [[[35,4],[41,68]],[[28,0],[0,14]]]},
"G574": {"type": "Matrix2x2", "payoffs": [[[4,13],[0,0]],[[14,6],[91,92]]]},
"G575": {"type": "Matrix2x2", "payoffs": [[[16,39],[0,20]],[[4,21],[15,0]]]},
"G576": {"type": "Matrix2x2", "payoffs": [[[0,0],[31,36]],[[23,35],[14,3]]]},
"G577": {"type": "Matrix2x2", "payoffs": [[[4,0],[0,42]],[[71,50],[39,41]]]},
"G578": {"type": "Matrix2x2", "payoffs": [[[0,1],[34,4]],[[19,0],[54,5]]]},
"G579": {"type": "Matrix2x2", "payoffs": [[[4,5],[8,1]],[[0,0],[11,8]]]},
"G580": {"type": "Matrix2x2", "payoffs": [[[37,82],[28,8]],[[0,73],[18,0]]]},
"G581": {"type": "Matrix2x2", "payoffs": [[[67,81],[53,55]],[[39,0],[0,2]]]},
"G582": {"type": "Matrix2x2", "payoffs": [[[77,79],[29,60]],[[0,0],[71,77]]]},
"G583": {"type": "Matrix2x2", "payoffs": [[[3,12],[2,2]],[[0,0],[4,49]]]},
"G584": {"type": "Matrix2x2", "payoffs": [[[18,35],[22,63]],[[0,0],[41,76]]]},
"G585": {"type": "Matrix2x2", "payoffs": [[[5,60],[39,27]],[[0,0],[44,70]]]},
"G586": {"type": "Matrix2x2", "payoffs": [[[71,6],[100,10]],[[0,0],[19,5]]]},
"G587": {"type": "Matrix2x2", "payoffs": [[[28,86],[20,39]],[[12,0],[0,31]]]},
"G588": {"type": "Matrix2x2", "payoffs": [[[0,20],[2,4]],[[74,69],[18,0]]]},
"G589": {"type": "Matrix2x2", "payoffs": [[[15,30],[5,23]],[[0,0],[3,2]]]},
"G590": {"type": "Matrix2x2", "payoffs": [[[1,4],[0,17]],[[5,0],[7,20]]]},
"G591": {"type": "Matrix2x2", "payoffs": [[[32,0],[0,17]],[[36,20],[11,6]]]},
"G592": {"type": "Matrix2x2", "payoffs": [[[35,19],[51,48]],[[11,35],[0,0]]]},
"G593": {"type": "Matrix2x2", "payoffs": [[[76,2],[0,0]],[[94,30],[81,14]]]},
"G594": {"type": "Matrix2x2", "payoffs": [[[21,12],[72,0]],[[0,5],[100,18]]]},
"G595": {"type": "Matrix2x2", "payoffs": [[[44,4],[77,26]],[[63,10],[0,0]]]},
"G596": {"type": "Matrix2x2", "payoffs": [[[43,7],[80,5]],[[0,0],[90,38]]]},
"G597": {"type": "Matrix2x2", "payoffs": [[[0,53],[48,0]],[[81,91],[74,84]]]},
"G598": {"type": "Matrix2x2", "payoffs": [[[14,55],[4,9]],[[0,0],[12,10]]]},
"G599": {"type": "Matrix2x2", "payoffs": [[[27,48],[0,9]],[[22,0],[10,17]]]},
"G600": {"type": "Matrix2x2", "payoffs": [[[24,10],[0,0]],[[77,34],[34,12]]]},
"G601": {"type": "Matrix2x2", "payoffs": [[[22,0],[24,16]],[[0,11],[9,15]]]},
"G602": {"type": "Matrix2x2", "payoffs": [[[0,0],[73,6]],[[11,84],[78,97]]]},
"G603": {"type": "Matrix2x2", "payoffs": [[[0,90],[29,62]],[[59,0],[66,99]]]},
"G604": {"type": "Matrix2x2", "payoffs": [[[0,0],[63,51]],[[29,31],[21,39]]]},
"G605": {"type": "Matrix2x2", "payoffs": [[[0,0],[80,40]],[[48,31],[91,49]]]},
"G606": {"type": "Matrix2x2", "payoffs": [[[20,5],[49,6]],[[21,4],[0,0]]]},
"G607": {"type": "Matrix2x2", "payoffs": [[[57,1],[16,0]],[[70,27],[0,9]]]},
"G608": {"type": "Matrix2x2", "payoffs": [[[53,10],[56,77]],[[11,14],[0,0]]]},
"G609": {"type": "Matrix2x2", "payoffs": [[[26,29],[39,51]],[[0,0],[30,22]]]},
"G610": {"type": "Matrix2x2", "payoffs": [[[0,0],[59,96]],[[8,41],[25,10]]]},
"G611": {"type": "Matrix2x2", "payoffs": [[[48,0],[0,8]],[[89,82],[27,50]]]},
"G612": {"type": "Matrix2x2", "payoffs": [[[44,43],[99,66]],[[0,23],[79,0]]]},
"G613": {"type": "Matrix2x2", "payoffs": [[[12,23],[67,52]],[[41,39],[0,0]]]},
"G614": {"type": "Matrix2x2", "payoffs": [[[0,5],[26,0]],[[36,48],[21,1]]]},
"G615": {"type": "Matrix2x2", "payoffs": [[[1,3],[0,0]],[[18,7],[15,2]]]},
"G616": {"type": "Matrix2x2", "payoffs": [[[17,7],[0,5]],[[14,0],[3,2]]]},
"G617": {"type": "Matrix2x2", "payoffs": [[[0,7],[60,0]],[[20,61],[82,64]]]},
"G618": {"type": "Matrix2x2", "payoffs": [[[57,8],[0,5]],[[64,17],[4,0]]]},
"G619": {"type": "Matrix2x2", "payoffs": [[[37,1],[4,8]],[[84,13],[0,0]]]},
"G620": {"type": "Matrix2x2", "payoffs": [[[77,0],[55,6]],[[93,16],[0,13]]]},
"G621": {"type": "Matrix2x2", "payoffs": [[[6,16],[0,0]],[[37,6],[39,27]]]},
"G622": {"type": "Matrix2x2", "payoffs": [[[0,49],[2,41]],[[9,91],[7,0]]]},
"G623": {"type": "Matrix2x2", "payoffs": [[[7,0],[38,72]],[[4,32],[0,45]]]},
"G624": {"type": "Matrix2x2", "payoffs": [[[93,67],[9,0]],[[67,17],[0,10]]]},
"G625": {"type": "Matrix2x2", "payoffs": [[[0,0],[43,13]],[[13,17],[86,19]]]},
"G626": {"type": "Matrix2x2", "payoffs": [[[0,4],[28,46]],[[2,0],[45,81]]]},
"G627": {"type": "Matrix2x2", "payoffs": [[[50,6],[0,0]],[[89,14],[25,4]]]},
"G628": {"type": "Matrix2x2", "payoffs": [[[4,0],[1,53]],[[0,33],[5,64]]]},
"G629": {"type": "Matrix2x2", "payoffs": [[[2,0],[0,2]],[[33,4],[22,1]]]},
"G630": {"type": "Matrix2x2", "payoffs": [[[29,32],[37,55]],[[0,0],[6,22]]]},
"G631": {"type": "Matrix2x2", "payoffs": [[[0,0],[75,1]],[[45,2],[84,3]]]},
"G632": {"type": "Matrix2x2", "payoffs": [[[72,7],[0,61]],[[87,73],[6,0]]]},
"G633": {"type": "Matrix2x2", "payoffs": [[[0,0],[19,27]],[[2,1],[5,11]]]},
"G634": {"type": "Matrix2x2", "payoffs": [[[35,15],[95,26]],[[0,5],[63,0]]]},
"G635": {"type": "Matrix2x2", "payoffs": [[[0,0],[52,9]],[[15,6],[10,4]]]},
"G636": {"type": "Matrix2x2", "payoffs": [[[21,33],[42,67]],[[0,36],[6,0]]]},
"G637": {"type": "Matrix2x2", "payoffs": [[[41,23],[89,27]],[[40,0],[0,14]]]},
"G638": {"type": "Matrix2x2", "payoffs": [[[5,10],[32,90]],[[23,0],[0,66]]]},
"G639": {"type": "Matrix2x2", "payoffs": [[[0,27],[38,0]],[[13,21],[50,55]]]},
"G640": {"type": "Matrix2x2", "payoffs": [[[50,51],[37,22]],[[13,0],[0,45]]]},
"G641": {"type": "Matrix2x2", "payoffs": [[[15,18],[33,27]],[[26,1],[0,0]]]},
"G642": {"type": "Matrix2x2", "payoffs": [[[35,17],[51,0]],[[57,32],[0,21]]]},
"G643": {"type": "Matrix2x2", "payoffs": [[[61,51],[0,29]],[[2,0],[26,35]]]},
"G644": {"type": "Matrix2x2", "payoffs": [[[20,31],[66,64]],[[42,0],[0,33]]]},
"G645": {"type": "Matrix2x2", "payoffs": [[[18,15],[14,22]],[[0,0],[56,48]]]},
"G646": {"type": "Matrix2x2", "payoffs": [[[18,26],[0,0]],[[41,36],[19,3]]]},
"G647": {"type": "Matrix2x2", "payoffs": [[[0,17],[8,0]],[[30,16],[39,23]]]},
"G648": {"type": "Matrix2x2", "payoffs": [[[0,24],[41,36]],[[33,0],[28,13]]]},
"G649": {"type": "Matrix2x2", "payoffs": [[[0,12],[76,91]],[[12,7],[29,0]]]},
"G650": {"type": "Matrix2x2", "payoffs": [[[36,6],[39,0]],[[59,11],[0,5]]]},
"G651": {"type": "Matrix2x2", "payoffs": [[[4,15],[52,57]],[[13,0],[0,56]]]},
"G652": {"type": "Matrix2x2", "payoffs": [[[0,7],[88,49]],[[36,22],[19,0]]]},
"G653": {"type": "Matrix2x2", "payoffs": [[[45,4],[29,1]],[[4,3],[0,0]]]},
"G654": {"type": "Matrix2x2", "payoffs": [[[0,2],[18,49]],[[1,0],[9,6]]]},
"G655": {"type": "Matrix2x2", "payoffs": [[[0,28],[7,0]],[[51,37],[3,19]]]},
"G656": {"type": "Matrix2x2", "payoffs": [[[0,7],[56,45]],[[1,2],[20,0]]]},
"G657": {"type": "Matrix2x2", "payoffs": [[[36,69],[0,39]],[[21,0],[1,52]]]},
"G658": {"type": "Matrix2x2", "payoffs": [[[25,0],[66,9]],[[0,48],[72,61]]]},
"G659": {"type": "Matrix2x2", "payoffs": [[[78,85],[52,23]],[[2,65],[0,0]]]},
"G660": {"type": "Matrix2x2", "payoffs": [[[22,15],[37,6]],[[0,0],[100,44]]]},
"G661": {"type": "Matrix2x2", "payoffs": [[[6,20],[4,12]],[[2,0],[0,8]]]},
"G662": {"type": "Matrix2x2", "payoffs": [[[0,13],[71,38]],[[62,0],[6,35]]]},
"G663": {"type": "Matrix2x2", "payoffs": [[[18,29],[15,10]],[[7,19],[0,0]]]},
"G664": {"type": "Matrix2x2", "payoffs": [[[0,20],[6,0]],[[8,52],[4,44]]]},
"G665": {"type": "Matrix2x2", "payoffs": [[[0,0],[34,74]],[[16,2],[5,61]]]},
"G666": {"type": "Matrix2x2", "payoffs": [[[0,0],[88,95]],[[58,61],[71,55]]]},
"G667": {"type": "Matrix2x2", "payoffs": [[[0,23],[28,32]],[[55,0],[71,37]]]},
"G668": {"type": "Matrix2x2", "payoffs": [[[74,27],[44,0]],[[32,11],[0,7]]]},
"G669": {"type": "Matrix2x2", "payoffs": [[[10,0],[0,55]],[[41,61],[40,35]]]},
"G670": {"type": "Matrix2x2", "payoffs": [[[0,0],[17,27]],[[25,38],[14,33]]]},
"G671": {"type": "Matrix2x2", "payoffs": [[[60,0],[0,48]],[[81,54],[57,41]]]},
"G672": {"type": "Matrix2x2", "payoffs": [[[26,9],[8,0]],[[33,59],[0,33]]]},
"G673": {"type": "Matrix2x2", "payoffs": [[[1,26],[44,34]],[[0,0],[80,62]]]},
"G674": {"type": "Matrix2x2", "payoffs": [[[29,0],[0,11]],[[60,18],[8,15]]]},
"G675": {"type": "Matrix2x2", "payoffs": [[[0,0],[15,5]],[[26,6],[18,3]]]},
"G676": {"type": "Matrix2x2", "payoffs": [[[0,4],[5,0]],[[4,7],[10,8]]]},
"G677": {"type": "Matrix2x2", "payoffs": [[[75,12],[0,0]],[[85,14],[6,10]]]},
"G678": {"type": "Matrix2x2", "payoffs": [[[11,68],[3,59]],[[0,20],[8,0]]]},
"G679": {"type": "Matrix2x2", "payoffs": [[[0,20],[37,0]],[[68,12],[84,31]]]},
"G680": {"type": "Matrix2x2", "payoffs": [[[0,61],[83,82]],[[31,0],[47,80]]]},
"G681": {"type": "Matrix2x2", "payoffs": [[[22,12],[7,0]],[[0,2],[48,93]]]},
"G682": {"type": "Matrix2x2", "payoffs": [[[0,29],[63,57]],[[23,0],[51,17]]]},
"G683": {"type": "Matrix2x2", "payoffs": [[[13,51],[35,85]],[[10,59],[0,0]]]},
"G684": {"type": "Matrix2x2", "payoffs": [[[0,30],[71,39]],[[70,29],[17,0]]]},
"G685": {"type": "Matrix2x2", "payoffs": [[[91,47],[62,43]],[[0,13],[70,0]]]},
"G686": {"type": "Matrix2x2", "payoffs": [[[0,34],[79,36]],[[46,0],[5,5]]]},
"G687": {"type": "Matrix2x2", "payoffs": [[[0,22],[19,0]],[[6,33],[56,38]]]},
"G688": {"type": "Matrix2x2", "payoffs": [[[98,22],[56,13]],[[53,0],[0,1]]]},
"G689": {"type": "Matrix2x2", "payoffs": [[[0,32],[9,0]],[[29,95],[22,90]]]},
"G690": {"type": "Matrix2x2", "payoffs": [[[18,0],[19,73]],[[1,44],[0,16]]]},
"G691": {"type": "Matrix2x2", "payoffs": [[[6,0],[1,53]],[[0,13],[12,64]]]},
"G692": {"type": "Matrix2x2", "payoffs": [[[0,3],[30,0]],[[71,11],[50,8]]]},
"G693": {"type": "Matrix2x2", "payoffs": [[[4,44],[23,0]],[[0,33],[32,53]]]},
"G694": {"type": "Matrix2x2", "payoffs": [[[25,69],[3,0]],[[0,3],[8,54]]]},
"G695": {"type": "Matrix2x2", "payoffs": [[[20,74],[0,0]],[[69,83],[56,54]]]},
"G696": {"type": "Matrix2x2", "payoffs": [[[44,0],[51,16]],[[67,23],[0,18]]]},
"G697": {"type": "Matrix2x2", "payoffs": [[[21,24],[90,64]],[[71,58],[0,0]]]},
"G698": {"type": "Matrix2x2", "payoffs": [[[0,70],[42,0]],[[56,91],[38,40]]]},
"G699": {"type": "Matrix2x2", "payoffs": [[[60,0],[37,21]],[[0,20],[65,39]]]},
"G700": {"type": "Matrix2x2", "payoffs": [[[50,34],[0,7]],[[53,44],[33,0]]]},
"G701": {"type": "Matrix2x2", "payoffs": [[[0,7],[10,4]],[[34,0],[42,13]]]},
"G702": {"type": "Matrix2x2", "payoffs": [[[6,17],[31,22]],[[3,0],[0,4]]]},
"G703": {"type": "Matrix2x2", "payoffs": [[[0,12],[74,5]],[[9,0],[93,36]]]},
"G704": {"type": "Matrix2x2", "payoffs": [[[8,46],[78,60]],[[7,34],[0,0]]]},
"G705": {"type": "Matrix2x2", "payoffs": [[[24,63],[0,33]],[[74,75],[64,0]]]},
"G706": {"type": "Matrix2x2", "payoffs": [[[54,36],[0,0]],[[16,8],[45,2]]]},
"G707": {"type": "Matrix2x2", "payoffs": [[[7,9],[14,15]],[[0,13],[11,0]]]},
"G708": {"type": "Matrix2x2", "payoffs": [[[0,0],[63,71]],[[50,45],[22,24]]]},
"G709": {"type": "Matrix2x2", "payoffs": [[[40,51],[0,0]],[[15,30],[28,49]]]},
"G710": {"type": "Matrix2x2", "payoffs": [[[61,7],[39,6]],[[80,9],[0,0]]]},
"G711": {"type": "Matrix2x2", "payoffs": [[[2,0],[7,15]],[[0,35],[21,51]]]},
"G712": {"type": "Matrix2x2", "payoffs": [[[45,84],[0,6]],[[12,80],[37,0]]]},
"G713": {"type": "Matrix2x2", "payoffs": [[[70,11],[0,0]],[[9,10],[52,7]]]},
"G714": {"type": "Matrix2x2", "payoffs": [[[0,0],[54,15]],[[34,13],[7,9]]]},
"G715": {"type": "Matrix2x2", "payoffs": [[[26,44],[0,0]],[[6,40],[18,14]]]},
"G716": {"type": "Matrix2x2", "payoffs": [[[79,0],[2,30]],[[0,32],[92,77]]]},
"G717": {"type": "Matrix2x2", "payoffs": [[[0,7],[48,0]],[[70,18],[32,2]]]},
"G718": {"type": "Matrix2x2", "payoffs": [[[32,27],[0,16]],[[18,0],[29,9]]]},
"G719": {"type": "Matrix2x2", "payoffs": [[[33,22],[0,0]],[[60,98],[59,39]]]},
"G720": {"type": "Matrix2x2", "payoffs": [[[34,33],[0,38]],[[19,0],[80,51]]]},
"G721": {"type": "Matrix2x2", "payoffs": [[[5,15],[88,31]],[[0,22],[60,0]]]},
"G722": {"type": "Matrix2x2", "payoffs": [[[15,48],[7,0]],[[4,18],[0,47]]]},
"G723": {"type": "Matrix2x2", "payoffs": [[[0,8],[39,17]],[[35,14],[16,0]]]},
"G724": {"type": "Matrix2x2", "payoffs": [[[42,95],[16,68]],[[31,20],[0,0]]]},
"G725": {"type": "Matrix2x2", "payoffs": [[[0,0],[86,85]],[[5,78],[37,65]]]},
"G726": {"type": "Matrix2x2", "payoffs": [[[23,3],[24,7]],[[0,0],[19,5]]]},
"G727": {"type": "Matrix2x2", "payoffs": [[[28,0],[69,20]],[[27,18],[0,5]]]},
"G728": {"type": "Matrix2x2", "payoffs": [[[66,43],[65,0]],[[0,23],[57,18]]]},
"G729": {"type": "Matrix2x2", "payoffs": [[[20,0],[0,1]],[[28,27],[7,15]]]},
"G730": {"type": "Matrix2x2", "payoffs": [[[0,18],[40,22]],[[32,0],[43,46]]]},
"G731": {"type": "Matrix2x2", "payoffs": [[[22,0],[0,43]],[[41,62],[48,73]]]},
"G732": {"type": "Matrix2x2", "payoffs": [[[0,21],[8,3]],[[39,24],[18,0]]]},
"G733": {"type": "Matrix2x2", "payoffs": [[[10,9],[7,87]],[[14,93],[0,0]]]},
"G734": {"type": "Matrix2x2", "payoffs": [[[10,99],[0,0]],[[2,38],[1,36]]]},
"G735": {"type": "Matrix2x2", "payoffs": [[[2,23],[6,60]],[[4,11],[0,0]]]},
"G736": {"type": "Matrix2x2", "payoffs": [[[59,76],[7,68]],[[37,0],[0,34]]]},
"G737": {"type": "Matrix2x2", "payoffs": [[[7,58],[14,17]],[[67,65],[0,0]]]},
"G738": {"type": "Matrix2x2", "payoffs": [[[53,5],[0,0]],[[43,4],[10,2]]]},
"G739": {"type": "Matrix2x2", "payoffs": [[[18,78],[0,36]],[[7,0],[10,29]]]},
"G740": {"type": "Matrix2x2", "payoffs": [[[19,53],[67,65]],[[0,36],[4,0]]]},
"G741": {"type": "Matrix2x2", "payoffs": [[[27,19],[60,12]],[[0,0],[90,28]]]},
"G742": {"type": "Matrix2x2", "payoffs": [[[8,46],[5,0]],[[0,62],[13,71]]]},
"G743": {"type": "Matrix2x2", "payoffs": [[[0,0],[17,38]],[[7,30],[2,34]]]},
"G744": {"type": "Matrix2x2", "payoffs": [[[11,56],[2,16]],[[7,19],[0,0]]]},
"G745": {"type": "Matrix2x2", "payoffs": [[[13,37],[8,34]],[[0,0],[2,29]]]},
"G746": {"type": "Matrix2x2", "payoffs": [[[8,0],[6,6]],[[9,10],[0,2]]]},
"G747": {"type": "Matrix2x2", "payoffs": [[[71,68],[28,28]],[[0,0],[5,3]]]},
"G748": {"type": "Matrix2x2", "payoffs": [[[0,0],[14,7]],[[36,45],[16,22]]]},
"G749": {"type": "Matrix2x2", "payoffs": [[[34,25],[89,83]],[[0,0],[23,43]]]},
"G750": {"type": "Matrix2x2", "payoffs": [[[0,0],[1,6]],[[2,8],[3,13]]]},
"G751": {"type": "Matrix2x2", "payoffs": [[[0,4],[42,38]],[[33,0],[72,51]]]},
"G752": {"type": "Matrix2x2", "payoffs": [[[13,0],[37,55]],[[0,12],[11,18]]]},
"G753": {"type": "Matrix2x2", "payoffs": [[[76,27],[23,0]],[[16,23],[0,16]]]},
"G754": {"type": "Matrix2x2", "payoffs": [[[0,49],[31,36]],[[49,56],[40,0]]]},
"G755": {"type": "Matrix2x2", "payoffs": [[[0,18],[3,62]],[[5,64],[4,0]]]},
"G756": {"type": "Matrix2x2", "payoffs": [[[64,23],[0,12]],[[31,0],[6,7]]]},
"G757": {"type": "Matrix2x2", "payoffs": [[[16,30],[11,58]],[[0,0],[21,72]]]},
"G758": {"type": "Matrix2x2", "payoffs": [[[5,26],[81,82]],[[0,51],[9,0]]]},
"G759": {"type": "Matrix2x2", "payoffs": [[[3,91],[0,11]],[[16,97],[10,0]]]},
"G760": {"type": "Matrix2x2", "payoffs": [[[66,46],[16,0]],[[6,5],[0,13]]]},
"G761": {"type": "Matrix2x2", "payoffs": [[[43,38],[67,42]],[[40,37],[0,0]]]},
"G762": {"type": "Matrix2x2", "payoffs": [[[28,0],[50,41]],[[24,8],[0,25]]]},
"G763": {"type": "Matrix2x2", "payoffs": [[[21,54],[54,63]],[[0,0],[51,41]]]},
"G764": {"type": "Matrix2x2", "payoffs": [[[61,70],[87,100]],[[0,37],[3,0]]]},
"G765": {"type": "Matrix2x2", "payoffs": [[[0,5],[100,42]],[[46,1],[25,0]]]},
"G766": {"type": "Matrix2x2", "payoffs": [[[20,33],[40,34]],[[0,10],[13,0]]]},
"G767": {"type": "Matrix2x2", "payoffs": [[[32,66],[0,56]],[[44,0],[53,76]]]},
"G768": {"type": "Matrix2x2", "payoffs": [[[26,65],[22,58]],[[23,13],[0,0]]]},
"G769": {"type": "Matrix2x2", "payoffs": [[[2,6],[3,0]],[[0,9],[7,51]]]},
"G770": {"type": "Matrix2x2", "payoffs": [[[12,14],[10,12]],[[0,0],[8,13]]]},
"G771": {"type": "Matrix2x2", "payoffs": [[[8,19],[0,0]],[[12,4],[20,71]]]},
"G772": {"type": "Matrix2x2", "payoffs": [[[9,78],[0,37]],[[6,13],[4,0]]]},
"G773": {"type": "Matrix2x2", "payoffs": [[[55,12],[0,11]],[[42,3],[1,0]]]},
"G774": {"type": "Matrix2x2", "payoffs": [[[0,39],[35,0]],[[86,47],[58,4]]]},
"G775": {"type": "Matrix2x2", "payoffs": [[[51,85],[3,7]],[[36,0],[0,79]]]},
"G776": {"type": "Matrix2x2", "payoffs": [[[13,0],[0,14]],[[58,52],[94,82]]]},
"G777": {"type": "Matrix2x2", "payoffs": [[[31,7],[0,0]],[[59,16],[1,2]]]},
"G778": {"type": "Matrix2x2", "payoffs": [[[34,4],[0,3]],[[17,0],[32,2]]]},
"G779": {"type": "Matrix2x2", "payoffs": [[[0,0],[4,10]],[[5,2],[7,34]]]},
"G780": {"type": "Matrix2x2", "payoffs": [[[13,0],[11,56]],[[0,53],[23,96]]]},
"G781": {"type": "Matrix2x2", "payoffs": [[[75,6],[0,3]],[[59,2],[66,0]]]},
"G782": {"type": "Matrix2x2", "payoffs": [[[0,0],[51,4]],[[34,15],[75,22]]]},
"G783": {"type": "Matrix2x2", "payoffs": [[[98,30],[50,0]],[[18,25],[0,2]]]},
"G784": {"type": "Matrix2x2", "payoffs": [[[3,93],[2,42]],[[0,80],[1,0]]]},
"G785": {"type": "Matrix2x2", "payoffs": [[[41,63],[0,37]],[[39,0],[26,30]]]},
"G786": {"type": "Matrix2x2", "payoffs": [[[41,0],[52,47]],[[42,38],[0,32]]]},
"G787": {"type": "Matrix2x2", "payoffs": [[[0,40],[89,77]],[[30,55],[43,0]]]},
"G788": {"type": "Matrix2x2", "payoffs": [[[0,0],[88,82]],[[50,49],[53,55]]]},
"G789": {"type": "Matrix2x2", "payoffs": [[[6,0],[0,4]],[[26,18],[54,36]]]},
"G790": {"type": "Matrix2x2", "payoffs": [[[58,15],[26,0]],[[0,18],[63,90]]]},
"G791": {"type": "Matrix2x2", "payoffs": [[[3,34],[55,36]],[[40,13],[0,0]]]},
"G792": {"type": "Matrix2x2", "payoffs": [[[8,27],[80,46]],[[89,76],[0,0]]]},
"G793": {"type": "Matrix2x2", "payoffs": [[[59,57],[13,54]],[[8,16],[0,0]]]},
"G794": {"type": "Matrix2x2", "payoffs": [[[1,0],[11,44]],[[0,50],[78,68]]]},
"G795": {"type": "Matrix2x2", "payoffs": [[[0,12],[23,0]],[[17,13],[25,25]]]},
"G796": {"type": "Matrix2x2", "payoffs": [[[2,23],[4,45]],[[0,0],[1,3]]]},
"G797": {"type": "Matrix2x2", "payoffs": [[[20,0],[0,12]],[[31,17],[79,39]]]},
"G798": {"type": "Matrix2x2", "payoffs": [[[18,39],[0,0]],[[47,98],[27,76]]]},
"G799": {"type": "Matrix2x2", "payoffs": [[[0,0],[47,1]],[[7,2],[50,8]]]},
"G800": {"type": "Matrix2x2", "payoffs": [[[86,99],[0,67]],[[2,0],[65,9]]]},
"G801": {"type": "Matrix2x2", "payoffs": [[[0,15],[17,0]],[[12,38],[18,44]]]},
"G802": {"type": "Matrix2x2", "payoffs": [[[25,12],[0,95]],[[19,0],[46,97]]]},
"G803": {"type": "Matrix2x2", "payoffs": [[[16,0],[57,68]],[[0,30],[26,64]]]},
"G804": {"type": "Matrix2x2", "payoffs": [[[62,50],[82,84]],[[9,28],[0,0]]]},
"G805": {"type": "Matrix2x2", "payoffs": [[[0,19],[74,35]],[[98,61],[45,0]]]},
"G806": {"type": "Matrix2x2", "payoffs": [[[13,0],[80,92]],[[74,86],[0,16]]]},
"G807": {"type": "Matrix2x2", "payoffs": [[[11,7],[5,2]],[[0,0],[7,1]]]},
"G808": {"type": "Matrix2x2", "payoffs": [[[12,6],[2,2]],[[4,4],[0,0]]]},
"G809": {"type": "Matrix2x2", "payoffs": [[[44,19],[6,5]],[[39,0],[0,10]]]},
"G810": {"type": "Matrix2x2", "payoffs": [[[0,8],[19,5]],[[6,0],[49,73]]]},
"G811": {"type": "Matrix2x2", "payoffs": [[[83,82],[33,0]],[[58,47],[0,35]]]},
"G812": {"type": "Matrix2x2", "payoffs": [[[46,0],[57,61]],[[34,19],[0,33]]]},
"G813": {"type": "Matrix2x2", "payoffs": [[[23,76],[10,0]],[[29,97],[0,27]]]},
"G814": {"type": "Matrix2x2", "payoffs": [[[51,11],[93,26]],[[32,0],[0,22]]]},
"G815": {"type": "Matrix2x2", "payoffs": [[[31,3],[0,0]],[[89,7],[12,2]]]},
"G816": {"type": "Matrix2x2", "payoffs": [[[94,32],[92,15]],[[22,13],[0,0]]]},
"G817": {"type": "Matrix2x2", "payoffs": [[[0,0],[50,58]],[[72,63],[7,25]]]},
"G818": {"type": "Matrix2x2", "payoffs": [[[0,3],[62,13]],[[3,0],[25,4]]]},
"G819": {"type": "Matrix2x2", "payoffs": [[[5,0],[0,2]],[[100,7],[17,1]]]},
"G820": {"type": "Matrix2x2", "payoffs": [[[12,0],[0,82]],[[16,87],[15,75]]]},
"G821": {"type": "Matrix2x2", "payoffs": [[[22,8],[9,0]],[[0,6],[23,9]]]},
"G822": {"type": "Matrix2x2", "payoffs": [[[39,0],[41,28]],[[0,9],[7,12]]]},
"G823": {"type": "Matrix2x2", "payoffs": [[[0,12],[24,0]],[[87,59],[4,25]]]},
"G824": {"type": "Matrix2x2", "payoffs": [[[11,14],[0,0]],[[32,17],[39,93]]]},
"G825": {"type": "Matrix2x2", "payoffs": [[[77,41],[11,13]],[[45,0],[0,21]]]},
"G826": {"type": "Matrix2x2", "payoffs": [[[0,8],[34,0]],[[16,7],[37,15]]]},
"G827": {"type": "Matrix2x2", "payoffs": [[[0,45],[79,0]],[[95,90],[37,34]]]},
"G828": {"type": "Matrix2x2", "payoffs": [[[0,63],[11,55]],[[13,69],[9,0]]]},
"G829": {"type": "Matrix2x2", "payoffs": [[[0,0],[68,9]],[[6,6],[84,11]]]},
"G830": {"type": "Matrix2x2", "payoffs": [[[91,36],[0,23]],[[14,22],[6,0]]]},
"G831": {"type": "Matrix2x2", "payoffs": [[[36,0],[64,40]],[[53,23],[0,36]]]},
"G832": {"type": "Matrix2x2", "payoffs": [[[90,68],[62,57]],[[0,40],[30,0]]]},
"G833": {"type": "Matrix2x2", "payoffs": [[[0,68],[65,82]],[[16,0],[52,77]]]},
"G834": {"type": "Matrix2x2", "payoffs": [[[37,9],[27,8]],[[4,6],[0,0]]]},
"G835": {"type": "Matrix2x2", "payoffs": [[[0,0],[83,29]],[[81,37],[97,43]]]},
"G836": {"type": "Matrix2x2", "payoffs": [[[0,0],[11,2]],[[16,15],[9,4]]]},
"G837": {"type": "Matrix2x2", "payoffs": [[[0,3],[27,5]],[[10,0],[5,1]]]},
"G838": {"type": "Matrix2x2", "payoffs": [[[0,11],[26,0]],[[61,41],[24,35]]]},
"G839": {"type": "Matrix2x2", "payoffs": [[[56,23],[63,85]],[[0,32],[50,0]]]},
"G840": {"type": "Matrix2x2", "payoffs": [[[19,4],[8,1]],[[1,2],[0,0]]]},
"G841": {"type": "Matrix2x2", "payoffs": [[[0,0],[15,15]],[[19,33],[4,20]]]},
"G842": {"type": "Matrix2x2", "payoffs": [[[22,99],[0,30]],[[1,0],[14,61]]]},
"G843": {"type": "Matrix2x2", "payoffs": [[[11,19],[25,49]],[[0,11],[12,0]]]},
"G844": {"type": "Matrix2x2", "payoffs": [[[12,44],[42,18]],[[56,45],[0,0]]]},
"G845": {"type": "Matrix2x2", "payoffs": [[[21,4],[69,56]],[[0,25],[58,0]]]},
"G846": {"type": "Matrix2x2", "payoffs": [[[67,0],[89,58]],[[0,20],[15,12]]]},
"G847": {"type": "Matrix2x2", "payoffs": [[[12,0],[0,6]],[[46,30],[84,41]]]},
"G848": {"type": "Matrix2x2", "payoffs": [[[29,43],[0,24]],[[16,20],[9,0]]]},
"G849": {"type": "Matrix2x2", "payoffs": [[[70,34],[15,17]],[[0,30],[31,0]]]},
"G850": {"type": "Matrix2x2", "payoffs": [[[79,49],[77,22]],[[29,0],[0,38]]]},
"G851": {"type": "Matrix2x2", "payoffs": [[[0,0],[3,6]],[[8,3],[13,17]]]},
"G852": {"type": "Matrix2x2", "payoffs": [[[57,88],[34,10]],[[43,0],[0,25]]]},
"G853": {"type": "Matrix2x2", "payoffs": [[[0,5],[17,29]],[[67,67],[48,0]]]},
"G854": {"type": "Matrix2x2", "payoffs": [[[0,0],[27,83]],[[15,47],[25,53]]]},
"G855": {"type": "Matrix2x2", "payoffs": [[[19,0],[54,19]],[[0,28],[70,35]]]},
"G856": {"type": "Matrix2x2", "payoffs": [[[0,4],[6,37]],[[14,0],[42,90]]]},
"G857": {"type": "Matrix2x2", "payoffs": [[[37,0],[68,57]],[[0,54],[34,25]]]},
"G858": {"type": "Matrix2x2", "payoffs": [[[43,0],[54,10]],[[0,31],[77,82]]]},
"G859": {"type": "Matrix2x2", "payoffs": [[[18,23],[42,77]],[[0,13],[41,0]]]},
"G860": {"type": "Matrix2x2", "payoffs": [[[13,19],[27,40]],[[19,25],[0,0]]]},
"G861": {"type": "Matrix2x2", "payoffs": [[[31,22],[72,59]],[[40,0],[0,13]]]},
"G862": {"type": "Matrix2x2", "payoffs": [[[25,9],[14,0]],[[0,5],[7,1]]]},
"G863": {"type": "Matrix2x2", "payoffs": [[[13,0],[35,53]],[[37,82],[0,12]]]},
"G864": {"type": "Matrix2x2", "payoffs": [[[0,29],[86,93]],[[39,0],[22,60]]]},
"G865": {"type": "Matrix2x2", "payoffs": [[[9,0],[29,31]],[[13,23],[0,15]]]},
"G866": {"type": "Matrix2x2", "payoffs": [[[6,0],[0,2]],[[35,3],[28,1]]]},
"G867": {"type": "Matrix2x2", "payoffs": [[[99,28],[0,0]],[[58,3],[69,20]]]},
"G868": {"type": "Matrix2x2", "payoffs": [[[52,18],[37,9]],[[39,0],[0,16]]]},
"G869": {"type": "Matrix2x2", "payoffs": [[[4,64],[57,81]],[[0,73],[53,0]]]},
"G870": {"type": "Matrix2x2", "payoffs": [[[0,52],[78,65]],[[70,0],[39,5]]]},
"G871": {"type": "Matrix2x2", "payoffs": [[[2,0],[0,28]],[[18,26],[20,89]]]},
"G872": {"type": "Matrix2x2", "payoffs": [[[64,92],[0,0]],[[26,45],[53,33]]]},
"G873": {"type": "Matrix2x2", "payoffs": [[[35,0],[0,18]],[[59,37],[8,25]]]},
"G874": {"type": "Matrix2x2", "payoffs": [[[32,2],[80,0]],[[0,7],[93,11]]]},
"G875": {"type": "Matrix2x2", "payoffs": [[[0,0],[19,5]],[[27,6],[23,4]]]},
"G876": {"type": "Matrix2x2", "payoffs": [[[0,31],[18,0]],[[46,47],[29,42]]]},
"G877": {"type": "Matrix2x2", "payoffs": [[[41,11],[2,1]],[[8,10],[0,0]]]},
"G878": {"type": "Matrix2x2", "payoffs": [[[76,15],[49,3]],[[53,0],[0,14]]]},
"G879": {"type": "Matrix2x2", "payoffs": [[[68,99],[0,27]],[[25,0],[46,47]]]},
"G880": {"type": "Matrix2x2", "payoffs": [[[4,39],[6,0]],[[0,15],[40,94]]]},
"G881": {"type": "Matrix2x2", "payoffs": [[[16,22],[24,43]],[[5,0],[0,42]]]},
"G882": {"type": "Matrix2x2", "payoffs": [[[12,0],[5,35]],[[41,52],[0,40]]]},
"G883": {"type": "Matrix2x2", "payoffs": [[[37,61],[11,2]],[[65,65],[0,0]]]},
"G884": {"type": "Matrix2x2", "payoffs": [[[12,13],[0,0]],[[18,16],[59,97]]]},
"G885": {"type": "Matrix2x2", "payoffs": [[[0,0],[26,86]],[[5,13],[9,25]]]},
"G886": {"type": "Matrix2x2", "payoffs": [[[0,1],[5,6]],[[85,9],[37,0]]]},
"G887": {"type": "Matrix2x2", "payoffs": [[[5,36],[23,1]],[[41,40],[0,0]]]},
"G888": {"type": "Matrix2x2", "payoffs": [[[87,61],[29,40]],[[0,0],[57,24]]]},
"G889": {"type": "Matrix2x2", "payoffs": [[[63,87],[43,0]],[[0,40],[49,23]]]},
"G890": {"type": "Matrix2x2", "payoffs": [[[15,24],[8,0]],[[0,23],[10,3]]]},
"G891": {"type": "Matrix2x2", "payoffs": [[[0,0],[27,4]],[[18,6],[64,9]]]},
"G892": {"type": "Matrix2x2", "payoffs": [[[9,0],[14,9]],[[0,8],[87,11]]]},
"G893": {"type": "Matrix2x2", "payoffs": [[[68,57],[27,26]],[[0,0],[34,16]]]},
"G894": {"type": "Matrix2x2", "payoffs": [[[78,98],[0,0]],[[27,96],[70,72]]]},
"G895": {"type": "Matrix2x2", "payoffs": [[[13,0],[16,45]],[[1,1],[0,34]]]},
"G896": {"type": "Matrix2x2", "payoffs": [[[0,1],[23,2]],[[47,4],[27,0]]]},
"G897": {"type": "Matrix2x2", "payoffs": [[[9,2],[8,13]],[[0,0],[20,16]]]},
"G898": {"type": "Matrix2x2", "payoffs": [[[15,37],[3,0]],[[0,35],[6,3]]]},
"G899": {"type": "Matrix2x2", "payoffs": [[[25,69],[57,81]],[[85,82],[0,0]]]},
"G900": {"type": "Matrix2x2", "payoffs": [[[8,12],[6,0]],[[25,41],[0,32]]]},
"G901": {"type": "Matrix2x2", "payoffs": [[[0,30],[42,37]],[[29,0],[19,13]]]},
"G902": {"type": "Matrix2x2", "payoffs": [[[51,2],[41,1]],[[0,0],[67,4]]]},
"G903": {"type": "Matrix2x2", "payoffs": [[[47,70],[19,35]],[[0,0],[60,86]]]},
"G904": {"type": "Matrix2x2", "payoffs": [[[0,10],[73,33]],[[45,28],[27,0]]]},
"G905": {"type": "Matrix2x2", "payoffs": [[[0,0],[8,20]],[[20,38],[7,11]]]},
"G906": {"type": "Matrix2x2", "payoffs": [[[0,7],[12,40]],[[10,17],[1,0]]]},
"G907": {"type": "Matrix2x2", "payoffs": [[[46,36],[0,28]],[[4,0],[14,10]]]},
"G908": {"type": "Matrix2x2", "payoffs": [[[100,82],[95,41]],[[0,0],[61,33]]]},
"G909": {"type": "Matrix2x2", "payoffs": [[[3,6],[13,0]],[[0,12],[43,19]]]},
"G910": {"type": "Matrix2x2", "payoffs": [[[44,13],[85,17]],[[0,10],[41,0]]]},
"G911": {"type": "Matrix2x2", "payoffs": [[[0,6],[42,0]],[[55,7],[1,4]]]},
"G912": {"type": "Matrix2x2", "payoffs": [[[0,0],[24,65]],[[15,61],[25,81]]]},
"G913": {"type": "Matrix2x2", "payoffs": [[[10,57],[3,4]],[[1,0],[0,16]]]},
"G914": {"type": "Matrix2x2", "payoffs": [[[26,36],[54,40]],[[7,20],[0,0]]]},
"G915": {"type": "Matrix2x2", "payoffs": [[[46,27],[53,83]],[[0,0],[1,28]]]},
"G916": {"type": "Matrix2x2", "payoffs": [[[0,29],[3,0]],[[2,8],[6,37]]]},
"G917": {"type": "Matrix2x2", "payoffs": [[[70,41],[89,0]],[[91,46],[0,22]]]},
"G918": {"type": "Matrix2x2", "payoffs": [[[67,7],[11,0]],[[35,1],[0,3]]]},
"G919": {"type": "Matrix2x2", "payoffs": [[[68,24],[0,21]],[[72,26],[11,0]]]},
"G920": {"type": "Matrix2x2", "payoffs": [[[11,19],[15,33]],[[0,17],[10,0]]]},
"G921": {"type": "Matrix2x2", "payoffs": [[[7,37],[53,42]],[[5,40],[0,0]]]},
"G922": {"type": "Matrix2x2", "payoffs": [[[70,90],[14,46]],[[0,21],[48,0]]]},
"G923": {"type": "Matrix2x2", "payoffs": [[[0,23],[17,47]],[[8,0],[3,15]]]},
"G924": {"type": "Matrix2x2", "payoffs": [[[89,97],[1,0]],[[69,36],[0,42]]]},
"G925": {"type": "Matrix2x2", "payoffs": [[[39,0],[43,28]],[[0,26],[41,4]]]},
"G926": {"type": "Matrix2x2", "payoffs": [[[3,43],[1,37]],[[0,0],[2,26]]]},
"G927": {"type": "Matrix2x2", "payoffs": [[[38,9],[61,24]],[[0,2],[26,0]]]},
"G928": {"type": "Matrix2x2", "payoffs": [[[16,82],[8,71]],[[0,0],[15,33]]]},
"G929": {"type": "Matrix2x2", "payoffs": [[[0,16],[26,49]],[[9,39],[20,0]]]},
"G930": {"type": "Matrix2x2", "payoffs": [[[27,78],[19,50]],[[8,0],[0,73]]]},
"G931": {"type": "Matrix2x2", "payoffs": [[[0,17],[10,0]],[[92,22],[63,18]]]},
"G932": {"type": "Matrix2x2", "payoffs": [[[4,27],[57,72]],[[0,14],[54,0]]]},
"G933": {"type": "Matrix2x2", "payoffs": [[[3,0],[1,53]],[[0,69],[78,79]]]},
"G934": {"type": "Matrix2x2", "payoffs": [[[0,0],[9,3]],[[14,20],[7,9]]]},
"G935": {"type": "Matrix2x2", "payoffs": [[[21,0],[0,5]],[[71,37],[68,18]]]},
"G936": {"type": "Matrix2x2", "payoffs": [[[0,66],[53,72]],[[15,0],[46,33]]]},
"G937": {"type": "Matrix2x2", "payoffs": [[[7,20],[35,33]],[[4,24],[0,0]]]},
"G938": {"type": "Matrix2x2", "payoffs": [[[13,63],[0,85]],[[14,0],[22,95]]]},
"G939": {"type": "Matrix2x2", "payoffs": [[[0,34],[49,42]],[[23,0],[5,22]]]},
"G940": {"type": "Matrix2x2", "payoffs": [[[48,92],[21,0]],[[0,34],[19,41]]]},
"G941": {"type": "Matrix2x2", "payoffs": [[[43,53],[0,0]],[[64,59],[19,45]]]},
"G942": {"type": "Matrix2x2", "payoffs": [[[1,0],[0,81]],[[10,44],[12,92]]]},
"G943": {"type": "Matrix2x2", "payoffs": [[[39,0],[49,13]],[[0,10],[42,5]]]},
"G944": {"type": "Matrix2x2", "payoffs": [[[74,0],[0,4]],[[80,69],[92,77]]]},
"G945": {"type": "Matrix2x2", "payoffs": [[[35,2],[0,0]],[[46,3],[3,1]]]},
"G946": {"type": "Matrix2x2", "payoffs": [[[12,25],[0,38]],[[15,39],[14,0]]]},
"G947": {"type": "Matrix2x2", "payoffs": [[[32,7],[89,21]],[[0,0],[92,24]]]},
"G948": {"type": "Matrix2x2", "payoffs": [[[59,46],[93,92]],[[0,80],[89,0]]]},
"G949": {"type": "Matrix2x2", "payoffs": [[[0,0],[34,6]],[[43,5],[72,8]]]},
"G950": {"type": "Matrix2x2", "payoffs": [[[0,14],[1,0]],[[2,54],[3,99]]]},
"G951": {"type": "Matrix2x2", "payoffs": [[[12,13],[5,69]],[[0,0],[28,76]]]},
"G952": {"type": "Matrix2x2", "payoffs": [[[3,5],[1,1]],[[2,2],[0,0]]]},
"G953": {"type": "Matrix2x2", "payoffs": [[[0,27],[4,0]],[[17,66],[13,60]]]},
"G954": {"type": "Matrix2x2", "payoffs": [[[0,3],[76,10]],[[28,1],[67,0]]]},
"G955": {"type": "Matrix2x2", "payoffs": [[[0,0],[51,98]],[[16,49],[4,26]]]},
"G956": {"type": "Matrix2x2", "payoffs": [[[79,0],[0,46]],[[83,76],[51,45]]]},
"G957": {"type": "Matrix2x2", "payoffs": [[[0,8],[28,10]],[[20,0],[59,12]]]},
"G958": {"type": "Matrix2x2", "payoffs": [[[30,71],[10,83]],[[34,86],[0,0]]]},
"G959": {"type": "Matrix2x2", "payoffs": [[[33,29],[28,0]],[[0,2],[64,35]]]},
"G960": {"type": "Matrix2x2", "payoffs": [[[23,0],[0,87]],[[22,72],[39,97]]]},
"G961": {"type": "Matrix2x2", "payoffs": [[[15,70],[5,26]],[[0,0],[6,55]]]},
"G962": {"type": "Matrix2x2", "payoffs": [[[0,59],[44,0]],[[53,76],[19,36]]]},
"G963": {"type": "Matrix2x2", "payoffs": [[[0,43],[74,61]],[[51,0],[53,11]]]},
"G964": {"type": "Matrix2x2", "payoffs": [[[0,8],[46,0]],[[66,88],[54,80]]]},
"G965": {"type": "Matrix2x2", "payoffs": [[[0,0],[11,6]],[[45,10],[66,31]]]},
"G966": {"type": "Matrix2x2", "payoffs": [[[0,17],[57,18]],[[33,5],[29,0]]]},
"G967": {"type": "Matrix2x2", "payoffs": [[[11,19],[0,0]],[[13,64],[2,57]]]},
"G968": {"type": "Matrix2x2", "payoffs": [[[5,42],[15,0]],[[0,36],[16,68]]]},
"G969": {"type": "Matrix2x2", "payoffs": [[[51,55],[0,40]],[[19,0],[60,83]]]},
"G970": {"type": "Matrix2x2", "payoffs": [[[55,24],[63,96]],[[16,95],[0,0]]]},
"G971": {"type": "Matrix2x2", "payoffs": [[[0,18],[12,4]],[[10,0],[25,23]]]},
"G972": {"type": "Matrix2x2", "payoffs": [[[9,0],[93,95]],[[15,67],[0,60]]]},
"G973": {"type": "Matrix2x2", "payoffs": [[[22,11],[66,15]],[[0,4],[1,0]]]},
"G974": {"type": "Matrix2x2", "payoffs": [[[0,0],[11,3]],[[4,2],[5,1]]]},
"G975": {"type": "Matrix2x2", "payoffs": [[[21,40],[0,16]],[[18,0],[10,11]]]},
"G976": {"type": "Matrix2x2", "payoffs": [[[0,0],[78,89]],[[27,74],[40,52]]]},
"G977": {"type": "Matrix2x2", "payoffs": [[[0,63],[97,74]],[[44,37],[65,0]]]},
"G978": {"type": "Matrix2x2", "payoffs": [[[94,31],[19,17]],[[0,0],[46,1]]]},
"G979": {"type": "Matrix2x2", "payoffs": [[[0,3],[3,40]],[[4,0],[8,51]]]},
"G980": {"type": "Matrix2x2", "payoffs": [[[2,20],[9,21]],[[5,0],[0,19]]]},
"G981": {"type": "Matrix2x2", "payoffs": [[[35,36],[84,50]],[[71,2],[0,0]]]},
"G982": {"type": "Matrix2x2", "payoffs": [[[0,0],[12,67]],[[6,17],[4,44]]]},
"G983": {"type": "Matrix2x2", "payoffs": [[[36,1],[31,0]],[[44,98],[0,94]]]},
"G984": {"type": "Matrix2x2", "payoffs": [[[3,26],[2,54]],[[0,0],[9,89]]]},
"G985": {"type": "Matrix2x2", "payoffs": [[[21,53],[44,61]],[[40,18],[0,0]]]},
"G986": {"type": "Matrix2x2", "payoffs": [[[52,0],[8,5]],[[61,23],[0,15]]]},
"G987": {"type": "Matrix2x2", "payoffs": [[[0,0],[34,49]],[[2,30],[30,16]]]},
"G988": {"type": "Matrix2x2", "payoffs": [[[22,1],[0,4]],[[23,0],[50,8]]]},
"G989": {"type": "Matrix2x2", "payoffs": [[[26,5],[0,11]],[[36,0],[96,24]]]},
"G990": {"type": "Matrix2x2", "payoffs": [[[80,56],[45,24]],[[0,21],[10,0]]]},
"G991": {"type": "Matrix2x2", "payoffs": [[[15,0],[0,7]],[[1,23],[25,62]]]},
"G992": {"type": "Matrix2x2", "payoffs": [[[53,73],[81,95]],[[37,85],[0,0]]]},
"G993": {"type": "Matrix2x2", "payoffs": [[[70,84],[0,22]],[[36,0],[6,15]]]},
"G994": {"type": "Matrix2x2", "payoffs": [[[3,6],[0,53]],[[26,70],[8,0]]]},
"G995": {"type": "Matrix2x2", "payoffs": [[[2,28],[26,0]],[[0,21],[28,32]]]},
"G996": {"type": "Matrix2x2", "payoffs": [[[0,0],[2,42]],[[9,49],[10,71]]]},
"G997": {"type": "Matrix2x2", "payoffs": [[[18,83],[2,82]],[[0,39],[14,0]]]},
"G998": {"type": "Matrix2x2", "payoffs": [[[0,2],[87,38]],[[43,24],[64,0]]]},
"G999": {"type": "Matrix2x2", "payoffs": [[[88,40],[0,16]],[[14,0],[6,31]]]},
"G1000": {"type": "Matrix2x2", "payoffs": [[[56,0],[0,56]],[[9,14],[57,64]]]}
}