{
"numGames": 1000,
"G1": {"type": "Matrix2x2", "payoffs": [[[3,2],[6,6]],[[4,0],[0,3]]]},
"G2": {"type": "Matrix2x2", "payoffs": [[[82,4],[5,0]],[[31,3],[0,2]]]},
"G3": {"type": "Matrix2x2", "payoffs": [[[20,32],[0,0]],[[90,52],[83,45]]]},
"G4": {"type": "Matrix2x2", "payoffs": [[[17,5],[0,7]],[[36,0],[71,9]]]},
"G5": {"type": "Matrix2x2", "payoffs": [[[16,34],[20,39]],[[0,36],[17,0]]]},
"G6": {"type": "Matrix2x2", "payoffs": [[[18,2],[0,11]],[[19,15],[15,0]]]},
"G7": {"type": "Matrix2x2", "payoffs": [[[75,48],[47,0]],[[0,30],[19,22]]]},
"G8": {"type": "Matrix2x2", "payoffs": [[[17,0],[0,7]],[[26,32],[6,16]]]},
"G9": {"type": "Matrix2x2", "payoffs": [[[34,23],[6,26]],[[36,59],[0,0]]]},
"G10": {"type": "Matrix2x2", "payoffs": [[[92,28],[55,25]],[[12,8],[0,0]]]},
"G11": {"type": "Matrix2x2", "payoffs": [[[21,5],[73,58]],[[0,0],[79,72]]]},
"G12": {"type": "Matrix2x2", "payoffs": [[[11,33],[27,60]],[[0,0],[24,51]]]},
"G13": {"type": "Matrix2x2", "payoffs": [[[36,33],[0,37]],[[33,0],[80,63]]]},
"G14": {"type": "Matrix2x2", "payoffs": [[[4,61],[0,0]],[[11,87],[8,56]]]},
"G15": {"type": "Matrix2x2", "payoffs": [[[10,3],[22,2]],[[0,0],[28,8]]]},
"G16": {"type": "Matrix2x2", "payoffs": [[[33,0],[59,89]],[[0,48],[85,100]]]},
"G17": {"type": "Matrix2x2", "payoffs": [[[0,3],[60,0]],[[74,1],[81,5]]]},
"G18": {"type": "Matrix2x2", "payoffs": [[[0,0],[31,85]],[[9,67],[8,2]]]},
"G19": {"type": "Matrix2x2", "payoffs": [[[6,21],[7,99]],[[0,38],[4,0]]]},
"G20": {"type": "Matrix2x2", "payoffs": [[[0,10],[32,0]],[[13,13],[50,19]]]},
"G21": {"type": "Matrix2x2", "payoffs": [[[2,0],[1,6]],[[0,51],[3,87]]]},
"G22": {"type": "Matrix2x2", "payoffs": [[[11,26],[57,66]],[[40,0],[0,28]]]},
"G23": {"type": "Matrix2x2", "payoffs": [[[5,12],[0,33]],[[8,85],[1,0]]]},
"G24": {"type": "Matrix2x2", "payoffs": [[[22,0],[52,27]],[[54,49],[0,40]]]},
"G25": {"type": "Matrix2x2", "payoffs": [[[23,63],[13,31]],[[10,26],[0,0]]]},
"G26": {"type": "Matrix2x2", "payoffs": [[[63,58],[97,85]],[[28,7],[0,0]]]},
"G27": {"type": "Matrix2x2", "payoffs": [[[8,0],[0,20]],[[43,28],[24,5]]]},
"G28": {"type": "Matrix2x2", "payoffs": [[[0,15],[76,20]],[[69,0],[25,13]]]},
"G29": {"type": "Matrix2x2", "payoffs": [[[0,1],[12,45]],[[17,51],[8,0]]]},
"G30": {"type": "Matrix2x2", "payoffs": [[[10,35],[37,74]],[[0,19],[9,0]]]},
"G31": {"type": "Matrix2x2", "payoffs": [[[11,4],[14,10]],[[10,0],[0,8]]]},
"G32": {"type": "Matrix2x2", "payoffs": [[[0,0],[36,54]],[[26,41],[18,8]]]},
"G33": {"type": "Matrix2x2", "payoffs": [[[64,7],[65,29]],[[55,0],[0,15]]]},
"G34": {"type": "Matrix2x2", "payoffs": [[[51,66],[68,89]],[[0,32],[4,0]]]},
"G35": {"type": "Matrix2x2", "payoffs": [[[2,16],[4,0]],[[0,28],[8,64]]]},
"G36": {"type": "Matrix2x2", "payoffs": [[[3,19],[4,33]],[[0,7],[1,0]]]},
"G37": {"type": "Matrix2x2", "payoffs": [[[32,56],[0,25]],[[39,0],[43,64]]]},
"G38": {"type": "Matrix2x2", "payoffs": [[[89,91],[4,20]],[[0,80],[85,0]]]},
"G39": {"type": "Matrix2x2", "payoffs": [[[0,37],[29,18]],[[24,0],[52,68]]]},
"G40": {"type": "Matrix2x2", "payoffs": [[[0,85],[84,92]],[[66,0],[19,86]]]},
"G41": {"type": "Matrix2x2", "payoffs": [[[5,0],[0,25]],[[64,94],[25,32]]]},
"G42": {"type": "Matrix2x2", "payoffs": [[[0,0],[48,91]],[[1,20],[22,76]]]},
"G43": {"type": "Matrix2x2", "payoffs": [[[1,33],[0,0]],[[2,1],[4,71]]]},
"G44": {"type": "Matrix2x2", "payoffs": [[[4,18],[0,29]],[[66,81],[57,0]]]},
"G45": {"type": "Matrix2x2", "payoffs": [[[7,2],[0,0]],[[32,7],[95,49]]]},
"G46": {"type": "Matrix2x2", "payoffs": [[[26,51],[3,0]],[[37,76],[0,30]]]},
"G47": {"type": "Matrix2x2", "payoffs": [[[0,3],[41,6]],[[65,55],[10,0]]]},
"G48": {"type": "Matrix2x2", "payoffs": [[[16,0],[4,11]],[[0,10],[56,40]]]},
"G49": {"type": "Matrix2x2", "payoffs": [[[0,33],[4,0]],[[7,16],[16,48]]]},
"G50": {"type": "Matrix2x2", "payoffs": [[[8,0],[39,18]],[[0,11],[6,16]]]},
"G51": {"type": "Matrix2x2", "payoffs": [[[0,39],[84,83]],[[41,0],[19,16]]]},
"G52": {"type": "Matrix2x2", "payoffs": [[[10,22],[0,0]],[[2,17],[9,2]]]},
"G53": {"type": "Matrix2x2", "payoffs": [[[15,60],[11,44]],[[19,88],[0,0]]]},
"G54": {"type": "Matrix2x2", "payoffs": [[[35,49],[10,0]],[[28,45],[0,48]]]},
"G55": {"type": "Matrix2x2", "payoffs": [[[54,89],[0,71]],[[19,14],[39,0]]]},
"G56": {"type": "Matrix2x2", "payoffs": [[[12,23],[42,28]],[[0,21],[37,0]]]},
"G57": {"type": "Matrix2x2", "payoffs": [[[0,0],[16,50]],[[72,51],[59,44]]]},
"G58": {"type": "Matrix2x2", "payoffs": [[[25,6],[11,0]],[[3,4],[0,1]]]},
"G59": {"type": "Matrix2x2", "payoffs": [[[18,43],[0,5]],[[12,0],[8,1]]]},
"G60": {"type": "Matrix2x2", "payoffs": [[[7,59],[0,0]],[[36,25],[54,71]]]},
"G61": {"type": "Matrix2x2", "payoffs": [[[20,23],[8,26]],[[30,60],[0,0]]]},
"G62": {"type": "Matrix2x2", "payoffs": [[[30,17],[33,76]],[[4,0],[0,39]]]},
"G63": {"type": "Matrix2x2", "payoffs": [[[25,0],[0,39]],[[68,55],[12,49]]]},
"G64": {"type": "Matrix2x2", "payoffs": [[[58,84],[40,0]],[[8,11],[0,3]]]},
"G65": {"type": "Matrix2x2", "payoffs": [[[16,69],[5,7]],[[0,0],[31,92]]]},
"G66": {"type": "Matrix2x2", "payoffs": [[[73,59],[14,45]],[[45,0],[0,1]]]},
"G67": {"type": "Matrix2x2", "payoffs": [[[98,8],[89,5]],[[0,0],[5,4]]]},
"G68": {"type": "Matrix2x2", "payoffs": [[[41,75],[0,38]],[[34,61],[40,0]]]},
"G69": {"type": "Matrix2x2", "payoffs": [[[12,72],[0,47]],[[2,17],[10,0]]]},
"G70": {"type": "Matrix2x2", "payoffs": [[[68,79],[43,2]],[[51,33],[0,0]]]},
"G71": {"type": "Matrix2x2", "payoffs": [[[20,63],[9,0]],[[17,22],[0,44]]]},
"G72": {"type": "Matrix2x2", "payoffs": [[[48,0],[16,15]],[[0,9],[72,22]]]},
"G73": {"type": "Matrix2x2", "payoffs": [[[55,47],[67,87]],[[0,38],[33,0]]]},
"G74": {"type": "Matrix2x2", "payoffs": [[[20,0],[44,49]],[[28,26],[0,25]]]},
"G75": {"type": "Matrix2x2", "payoffs": [[[0,0],[69,87]],[[16,60],[4,64]]]},
"G76": {"type": "Matrix2x2", "payoffs": [[[31,4],[0,39]],[[17,0],[85,47]]]},
"G77": {"type": "Matrix2x2", "payoffs": [[[93,77],[65,8]],[[0,0],[12,48]]]},
"G78": {"type": "Matrix2x2", "payoffs": [[[49,16],[69,23]],[[39,0],[0,18]]]},
"G79": {"type": "Matrix2x2", "payoffs": [[[51,0],[33,58]],[[90,93],[0,33]]]},
"G80": {"type": "Matrix2x2", "payoffs": [[[1,20],[54,30]],[[0,22],[22,0]]]},
"G81": {"type": "Matrix2x2", "payoffs": [[[0,17],[57,52]],[[11,0],[59,58]]]},
"G82": {"type": "Matrix2x2", "payoffs": [[[71,51],[0,48]],[[12,50],[36,0]]]},
"G83": {"type": "Matrix2x2", "payoffs": [[[35,4],[0,0]],[[51,14],[5,13]]]},
"G84": {"type": "Matrix2x2", "payoffs": [[[10,52],[18,0]],[[26,57],[0,7]]]},
"G85": {"type": "Matrix2x2", "payoffs": [[[0,0],[50,77]],[[53,81],[14,48]]]},
"G86": {"type": "Matrix2x2", "payoffs": [[[0,2],[8,3]],[[26,0],[42,4]]]},
"G87": {"type": "Matrix2x2", "payoffs": [[[80,82],[52,38]],[[66,76],[0,0]]]},
"G88": {"type": "Matrix2x2", "payoffs": [[[67,54],[17,44]],[[3,0],[0,9]]]},
"G89": {"type": "Matrix2x2", "payoffs": [[[0,68],[17,0]],[[46,20],[97,69]]]},
"G90": {"type": "Matrix2x2", "payoffs": [[[9,16],[13,19]],[[7,12],[0,0]]]},
"G91": {"type": "Matrix2x2", "payoffs": [[[30,13],[0,1]],[[2,0],[55,19]]]},
"G92": {"type": "Matrix2x2", "payoffs": [[[37,10],[0,8]],[[9,0],[76,15]]]},
"G93": {"type": "Matrix2x2", "payoffs": [[[12,38],[3,0]],[[2,10],[0,20]]]},
"G94": {"type": "Matrix2x2", "payoffs": [[[0,0],[7,80]],[[4,69],[2,58]]]},
"G95": {"type": "Matrix2x2", "payoffs": [[[28,39],[11,16]],[[0,0],[18,33]]]},
"G96": {"type": "Matrix2x2", "payoffs": [[[1,3],[16,73]],[[34,88],[0,0]]]},
"G97": {"type": "Matrix2x2", "payoffs": [[[73,63],[16,56]],[[0,38],[58,0]]]},
"G98": {"type": "Matrix2x2", "payoffs": [[[93,49],[73,9]],[[0,13],[46,0]]]},
"G99": {"type": "Matrix2x2", "payoffs": [[[43,85],[0,0]],[[4,63],[27,34]]]},
"G100": {"type": "Matrix2x2", "payoffs": [[[31,47],[0,4]],[[20,0],[34,54]]]},
"G101": {"type": "Matrix2x2", "payoffs": [[[45,17],[0,0]],[[77,56],[35,38]]]},
"G102": {"type": "Matrix2x2", "payoffs": [[[55,0],[0,7]],[[99,79],[89,1]]]},
"G103": {"type": "Matrix2x2", "payoffs": [[[9,24],[4,0]],[[0,13],[8,15]]]},
"G104": {"type": "Matrix2x2", "payoffs": [[[26,56],[3,42]],[[0,0],[18,43]]]},
"G105": {"type": "Matrix2x2", "payoffs": [[[0,6],[2,10]],[[12,21],[9,0]]]},
"G106": {"type": "Matrix2x2", "payoffs": [[[55,63],[7,0]],[[87,86],[0,35]]]},
"G107": {"type": "Matrix2x2", "payoffs": [[[0,6],[16,0]],[[2,2],[26,7]]]},
"G108": {"type": "Matrix2x2", "payoffs": [[[69,7],[18,0]],[[89,13],[0,12]]]},
"G109": {"type": "Matrix2x2", "payoffs": [[[0,26],[82,90]],[[3,75],[37,0]]]},
"G110": {"type": "Matrix2x2", "payoffs": [[[30,5],[0,0]],[[80,26],[45,25]]]},
"G111": {"type": "Matrix2x2", "payoffs": [[[26,70],[47,81]],[[0,0],[48,85]]]},
"G112": {"type": "Matrix2x2", "payoffs": [[[4,0],[56,47]],[[13,37],[0,25]]]},
"G113": {"type": "Matrix2x2", "payoffs": [[[2,16],[0,0]],[[16,43],[3,33]]]},
"G114": {"type": "Matrix2x2", "payoffs": [[[20,22],[16,0]],[[1,7],[0,5]]]},
"G115": {"type": "Matrix2x2", "payoffs": [[[12,42],[78,50]],[[8,0],[0,22]]]},
"G116": {"type": "Matrix2x2", "payoffs": [[[0,29],[86,80]],[[34,67],[40,0]]]},
"G117": {"type": "Matrix2x2", "payoffs": [[[35,74],[16,26]],[[0,54],[18,0]]]},
"G118": {"type": "Matrix2x2", "payoffs": [[[0,0],[23,9]],[[61,52],[41,32]]]},
"G119": {"type": "Matrix2x2", "payoffs": [[[0,28],[18,71]],[[5,0],[38,99]]]},
"G120": {"type": "Matrix2x2", "payoffs": [[[39,17],[58,24]],[[0,0],[65,31]]]},
"G121": {"type": "Matrix2x2", "payoffs": [[[20,55],[81,59]],[[0,0],[66,44]]]},
"G122": {"type": "Matrix2x2", "payoffs": [[[87,54],[33,33]],[[0,0],[83,1]]]},
"G123": {"type": "Matrix2x2", "payoffs": [[[36,100],[5,0]],[[0,33],[27,83]]]},
"G124": {"type": "Matrix2x2", "payoffs": [[[35,69],[21,66]],[[0,56],[24,0]]]},
"G125": {"type": "Matrix2x2", "payoffs": [[[20,8],[9,6]],[[21,11],[0,0]]]},
"G126": {"type": "Matrix2x2", "payoffs": [[[28,0],[0,22]],[[47,83],[63,98]]]},
"G127": {"type": "Matrix2x2", "payoffs": [[[29,16],[0,6]],[[31,0],[34,19]]]},
"G128": {"type": "Matrix2x2", "payoffs": [[[41,25],[68,56]],[[11,34],[0,0]]]},
"G129": {"type": "Matrix2x2", "payoffs": [[[56,56],[0,53]],[[29,0],[12,28]]]},
"G130": {"type": "Matrix2x2", "payoffs": [[[36,93],[3,0]],[[0,74],[8,57]]]},
"G131": {"type": "Matrix2x2", "payoffs": [[[0,37],[44,0]],[[17,17],[87,39]]]},
"G132": {"type": "Matrix2x2", "payoffs": [[[0,12],[39,15]],[[44,22],[33,0]]]},
"G133": {"type": "Matrix2x2", "payoffs": [[[4,4],[0,0]],[[41,56],[38,26]]]},
"G134": {"type": "Matrix2x2", "payoffs": [[[51,84],[0,71]],[[37,76],[4,0]]]},
"G135": {"type": "Matrix2x2", "payoffs": [[[3,22],[54,88]],[[0,70],[16,0]]]},
"G136": {"type": "Matrix2x2", "payoffs": [[[28,89],[0,2]],[[9,32],[17,0]]]},
"G137": {"type": "Matrix2x2", "payoffs": [[[0,4],[36,0]],[[29,3],[43,5]]]},
"G138": {"type": "Matrix2x2", "payoffs": [[[0,2],[52,0]],[[20,1],[84,5]]]},
"G139": {"type": "Matrix2x2", "payoffs": [[[42,0],[34,38]],[[71,54],[0,14]]]},
"G140": {"type": "Matrix2x2", "payoffs": [[[14,0],[0,2]],[[5,1],[17,13]]]},
"G141": {"type": "Matrix2x2", "payoffs": [[[0,4],[87,100]],[[10,85],[76,0]]]},
"G142": {"type": "Matrix2x2", "payoffs": [[[0,37],[15,0]],[[21,48],[12,7]]]},
"G143": {"type": "Matrix2x2", "payoffs": [[[12,0],[4,36]],[[16,90],[0,59]]]},
"G144": {"type": "Matrix2x2", "payoffs": [[[25,3],[4,0]],[[65,19],[0,7]]]},
"G145": {"type": "Matrix2x2", "payoffs": [[[61,14],[13,0]],[[74,81],[0,7]]]},
"G146": {"type": "Matrix2x2", "payoffs": [[[45,0],[82,96]],[[57,12],[0,22]]]},
"G147": {"type": "Matrix2x2", "payoffs": [[[8,18],[0,11]],[[7,3],[4,0]]]},
"G148": {"type": "Matrix2x2", "payoffs": [[[0,44],[45,9]],[[60,55],[26,0]]]},
"G149": {"type": "Matrix2x2", "payoffs": [[[22,33],[15,1]],[[0,0],[79,35]]]},
"G150": {"type": "Matrix2x2", "payoffs": [[[18,53],[0,21]],[[16,0],[7,19]]]},
"G151": {"type": "Matrix2x2", "payoffs": [[[60,92],[43,0]],[[41,53],[0,12]]]},
"G152": {"type": "Matrix2x2", "payoffs": [[[79,0],[91,25]],[[0,23],[66,14]]]},
"G153": {"type": "Matrix2x2", "payoffs": [[[0,0],[9,9]],[[4,42],[13,58]]]},
"G154": {"type": "Matrix2x2", "payoffs": [[[89,72],[0,24]],[[8,51],[55,0]]]},
"G155": {"type": "Matrix2x2", "payoffs": [[[84,88],[0,62]],[[43,0],[9,66]]]},
"G156": {"type": "Matrix2x2", "payoffs": [[[17,0],[5,60]],[[32,86],[0,26]]]},
"G157": {"type": "Matrix2x2", "payoffs": [[[25,20],[0,0]],[[14,22],[28,72]]]},
"G158": {"type": "Matrix2x2", "payoffs": [[[0,0],[5,9]],[[10,28],[1,14]]]},
"G159": {"type": "Matrix2x2", "payoffs": [[[0,0],[67,78]],[[23,61],[20,42]]]},
"G160": {"type": "Matrix2x2", "payoffs": [[[0,0],[4,44]],[[1,5],[2,9]]]},
"G161": {"type": "Matrix2x2", "payoffs": [[[55,6],[0,2]],[[20,0],[26,3]]]},
"G162": {"type": "Matrix2x2", "payoffs": [[[0,7],[2,2]],[[6,0],[8,25]]]},
"G163": {"type": "Matrix2x2", "payoffs": [[[3,28],[1,5]],[[2,0],[0,6]]]},
"G164": {"type": "Matrix2x2", "payoffs": [[[5,0],[8,51]],[[3,24],[0,2]]]},
"G165": {"type": "Matrix2x2", "payoffs": [[[23,33],[26,99]],[[17,23],[0,0]]]},
"G166": {"type": "Matrix2x2", "payoffs": [[[24,73],[16,42]],[[0,0],[14,69]]]},
"G167": {"type": "Matrix2x2", "payoffs": [[[0,12],[55,0]],[[62,62],[42,56]]]},
"G168": {"type": "Matrix2x2", "payoffs": [[[52,18],[64,34]],[[23,29],[0,0]]]},
"G169": {"type": "Matrix2x2", "payoffs": [[[8,30],[3,0]],[[6,5],[0,19]]]},
"G170": {"type": "Matrix2x2", "payoffs": [[[62,19],[66,0]],[[82,70],[0,22]]]},
"G171": {"type": "Matrix2x2", "payoffs": [[[40,61],[35,0]],[[65,66],[0,32]]]},
"G172": {"type": "Matrix2x2", "payoffs": [[[8,9],[25,1]],[[0,0],[66,74]]]},
"G173": {"type": "Matrix2x2", "payoffs": [[[16,0],[11,45]],[[0,7],[26,48]]]},
"G174": {"type": "Matrix2x2", "payoffs": [[[36,0],[50,4]],[[34,3],[0,1]]]},
"G175": {"type": "Matrix2x2", "payoffs": [[[38,10],[98,41]],[[0,19],[33,0]]]},
"G176": {"type": "Matrix2x2", "payoffs": [[[81,72],[0,0]],[[32,29],[49,28]]]},
"G177": {"type": "Matrix2x2", "payoffs": [[[55,0],[8,21]],[[0,7],[67,52]]]},
"G178": {"type": "Matrix2x2", "payoffs": [[[72,60],[49,38]],[[52,0],[0,43]]]},
"G179": {"type": "Matrix2x2", "payoffs": [[[65,46],[0,15]],[[87,72],[80,0]]]},
"G180": {"type": "Matrix2x2", "payoffs": [[[0,0],[98,73]],[[43,15],[29,61]]]},
"G181": {"type": "Matrix2x2", "payoffs": [[[51,13],[28,0]],[[0,2],[31,3]]]},
"G182": {"type": "Matrix2x2", "payoffs": [[[44,71],[0,15]],[[24,0],[9,56]]]},
"G183": {"type": "Matrix2x2", "payoffs": [[[37,0],[58,11]],[[47,8],[0,5]]]},
"G184": {"type": "Matrix2x2", "payoffs": [[[38,48],[18,6]],[[0,21],[28,0]]]},
"G185": {"type": "Matrix2x2", "payoffs": [[[17,59],[55,80]],[[0,67],[54,0]]]},
"G186": {"type": "Matrix2x2", "payoffs": [[[20,86],[5,57]],[[0,7],[6,0]]]},
"G187": {"type": "Matrix2x2", "payoffs": [[[23,14],[26,0]],[[0,2],[33,28]]]},
"G188": {"type": "Matrix2x2", "payoffs": [[[22,18],[95,31]],[[0,23],[91,0]]]},
"G189": {"type": "Matrix2x2", "payoffs": [[[0,1],[10,4]],[[1,0],[16,13]]]},
"G190": {"type": "Matrix2x2", "payoffs": [[[73,35],[20,3]],[[0,0],[53,21]]]},
"G191": {"type": "Matrix2x2", "payoffs": [[[21,24],[0,20]],[[88,38],[27,0]]]},
"G192": {"type": "Matrix2x2", "payoffs": [[[36,19],[31,7]],[[0,0],[62,30]]]},
"G193": {"type": "Matrix2x2", "payoffs": [[[70,79],[0,0]],[[5,38],[59,22]]]},
"G194": {"type": "Matrix2x2", "payoffs": [[[0,0],[3,54]],[[5,23],[10,84]]]},
"G195": {"type": "Matrix2x2", "payoffs": [[[76,6],[35,0]],[[83,33],[0,29]]]},
"G196": {"type": "Matrix2x2", "payoffs": [[[5,43],[1,20]],[[10,53],[0,0]]]},
"G197": {"type": "Matrix2x2", "payoffs": [[[44,0],[0,36]],[[33,40],[52,43]]]},
"G198": {"type": "Matrix2x2", "payoffs": [[[57,77],[0,0]],[[47,63],[1,29]]]},
"G199": {"type": "Matrix2x2", "payoffs": [[[17,30],[0,0]],[[22,67],[12,2]]]},
"G200": {"type": "Matrix2x2", "payoffs": [[[98,67],[0,0]],[[34,29],[66,17]]]},
"G201": {"type": "Matrix2x2", "payoffs": [[[15,6],[0,20]],[[10,0],[39,45]]]},
"G202": {"type": "Matrix2x2", "payoffs": [[[36,43],[30,29]],[[0,0],[18,22]]]},
"G203": {"type": "Matrix2x2", "payoffs": [[[7,0],[62,24]],[[0,4],[61,15]]]},
"G204": {"type": "Matrix2x2", "payoffs": [[[16,0],[24,29]],[[0,21],[7,10]]]},
"G205": {"type": "Matrix2x2", "payoffs": [[[33,56],[0,67]],[[13,0],[44,74]]]},
"G206": {"type": "Matrix2x2", "payoffs": [[[12,87],[20,8]],[[22,100],[0,0]]]},
"G207": {"type": "Matrix2x2", "payoffs": [[[0,27],[47,68]],[[38,6],[34,0]]]},
"G208": {"type": "Matrix2x2", "payoffs": [[[0,0],[31,19]],[[27,35],[74,86]]]},
"G209": {"type": "Matrix2x2", "payoffs": [[[0,42],[3,6]],[[47,48],[30,0]]]},
"G210": {"type": "Matrix2x2", "payoffs": [[[69,47],[48,23]],[[0,19],[5,0]]]},
"G211": {"type": "Matrix2x2", "payoffs": [[[14,6],[3,3]],[[10,1],[0,0]]]},
"G212": {"type": "Matrix2x2", "payoffs": [[[9,57],[0,0]],[[1,59],[23,84]]]},
"G213": {"type": "Matrix2x2", "payoffs": [[[0,35],[46,38]],[[3,21],[8,0]]]},
"G214": {"type": "Matrix2x2", "payoffs": [[[31,0],[33,36]],[[0,51],[38,95]]]},
"G215": {"type": "Matrix2x2", "payoffs": [[[0,18],[8,0]],[[10,83],[2,76]]]},
"G216": {"type": "Matrix2x2", "payoffs": [[[6,9],[0,0]],[[35,12],[54,22]]]},
"G217": {"type": "Matrix2x2", "payoffs": [[[26,54],[19,5]],[[9,4],[0,0]]]},
"G218": {"type": "Matrix2x2", "payoffs": [[[43,36],[66,79]],[[39,0],[0,70]]]},
"G219": {"type": "Matrix2x2", "payoffs": [[[0,12],[31,57]],[[4,0],[6,19]]]},
"G220": {"type": "Matrix2x2", "payoffs": [[[78,16],[66,0]],[[0,9],[18,12]]]},
"G221": {"type": "Matrix2x2", "payoffs": [[[17,5],[0,0]],[[23,24],[12,13]]]},
"G222": {"type": "Matrix2x2", "payoffs": [[[3,6],[42,26]],[[46,28],[0,0]]]},
"G223": {"type": "Matrix2x2", "payoffs": [[[47,17],[0,2]],[[66,22],[20,0]]]},
"G224": {"type": "Matrix2x2", "payoffs": [[[17,23],[9,0]],[[0,19],[8,13]]]},
"G225": {"type": "Matrix2x2", "payoffs": [[[69,0],[0,21]],[[84,24],[35,7]]]},
"G226": {"type": "Matrix2x2", "payoffs": [[[11,28],[58,4]],[[0,0],[84,62]]]},
"G227": {"type": "Matrix2x2", "payoffs": [[[9,0],[12,19]],[[18,52],[0,35]]]},
"G228": {"type": "Matrix2x2", "payoffs": [[[86,26],[20,23]],[[0,11],[61,0]]]},
"G229": {"type": "Matrix2x2", "payoffs": [[[11,21],[13,50]],[[0,0],[6,1]]]},
"G230": {"type": "Matrix2x2", "payoffs": [[[10,5],[3,0]],[[14,7],[0,2]]]},
"G231": {"type": "Matrix2x2", "payoffs": [[[11,0],[84,73]],[[0,26],[50,20]]]},
"G232": {"type": "Matrix2x2", "payoffs": [[[59,75],[16,0]],[[3,6],[0,9]]]},
"G233": {"type": "Matrix2x2", "payoffs": [[[1,48],[23,55]],[[0,49],[16,0]]]},
"G234": {"type": "Matrix2x2", "payoffs": [[[6,0],[8,3]],[[0,1],[4,2]]]},
"G235": {"type": "Matrix2x2", "payoffs": [[[4,9],[12,40]],[[7,0],[0,14]]]},
"G236": {"type": "Matrix2x2", "payoffs": [[[0,51],[65,66]],[[36,0],[61,50]]]},
"G237": {"type": "Matrix2x2", "payoffs": [[[5,0],[6,36]],[[0,23],[2,32]]]},
"G238": {"type": "Matrix2x2", "payoffs": [[[13,26],[16,34]],[[8,29],[0,0]]]},
"G239": {"type": "Matrix2x2", "payoffs": [[[40,40],[0,0]],[[21,9],[11,13]]]},
"G240": {"type": "Matrix2x2", "payoffs": [[[5,6],[24,0]],[[29,7],[0,1]]]},
"G241": {"type": "Matrix2x2", "payoffs": [[[0,11],[1,0]],[[3,15],[2,9]]]},
"G242": {"type": "Matrix2x2", "payoffs": [[[66,98],[4,0]],[[0,51],[41,18]]]},
"G243": {"type": "Matrix2x2", "payoffs": [[[0,3],[19,14]],[[62,22],[35,0]]]},
"G244": {"type": "Matrix2x2", "payoffs": [[[23,19],[0,0]],[[12,11],[8,8]]]},
"G245": {"type": "Matrix2x2", "payoffs": [[[2,62],[8,7]],[[9,65],[0,0]]]},
"G246": {"type": "Matrix2x2", "payoffs": [[[23,4],[0,0]],[[82,8],[7,1]]]},
"G247": {"type": "Matrix2x2", "payoffs": [[[37,63],[27,0]],[[4,5],[0,38]]]},
"G248": {"type": "Matrix2x2", "payoffs": [[[42,0],[55,53]],[[34,21],[0,51]]]},
"G249": {"type": "Matrix2x2", "payoffs": [[[52,2],[0,3]],[[58,0],[74,28]]]},
"G250": {"type": "Matrix2x2", "payoffs": [[[11,0],[31,70]],[[0,51],[16,31]]]},
"G251": {"type": "Matrix2x2", "payoffs": [[[5,12],[0,16]],[[26,26],[13,0]]]},
"G252": {"type": "Matrix2x2", "payoffs": [[[46,34],[18,43]],[[0,0],[82,56]]]},
"G253": {"type": "Matrix2x2", "payoffs": [[[42,35],[0,7]],[[79,47],[16,0]]]},
"G254": {"type": "Matrix2x2", "payoffs": [[[85,1],[44,0]],[[0,25],[99,42]]]},
"G255": {"type": "Matrix2x2", "payoffs": [[[2,34],[0,0]],[[11,62],[53,94]]]},
"G256": {"type": "Matrix2x2", "payoffs": [[[1,0],[0,21]],[[48,58],[43,33]]]},
"G257": {"type": "Matrix2x2", "payoffs": [[[0,2],[72,4]],[[60,3],[19,0]]]},
"G258": {"type": "Matrix2x2", "payoffs": [[[36,21],[42,75]],[[0,40],[32,0]]]},
"G259": {"type": "Matrix2x2", "payoffs": [[[6,0],[72,21]],[[0,3],[14,15]]]},
"G260": {"type": "Matrix2x2", "payoffs": [[[82,99],[0,0]],[[27,50],[41,32]]]},
"G261": {"type": "Matrix2x2", "payoffs": [[[63,6],[77,77]],[[66,0],[0,53]]]},
"G262": {"type": "Matrix2x2", "payoffs": [[[4,20],[0,0]],[[20,6],[27,32]]]},
"G263": {"type": "Matrix2x2", "payoffs": [[[29,4],[27,0]],[[0,2],[56,5]]]},
"G264": {"type": "Matrix2x2", "payoffs": [[[4,0],[62,35]],[[0,16],[93,78]]]},
"G265": {"type": "Matrix2x2", "payoffs": [[[21,17],[1,19]],[[29,92],[0,0]]]},
"G266": {"type": "Matrix2x2", "payoffs": [[[52,0],[99,54]],[[66,11],[0,36]]]},
"G267": {"type": "Matrix2x2", "payoffs": [[[2,0],[12,61]],[[0,15],[3,46]]]},
"G268": {"type": "Matrix2x2", "payoffs": [[[7,41],[6,31]],[[0,19],[2,0]]]},
"G269": {"type": "Matrix2x2", "payoffs": [[[29,49],[30,71]],[[0,0],[10,51]]]},
"G270": {"type": "Matrix2x2", "payoffs": [[[4,26],[65,32]],[[5,9],[0,0]]]},
"G271": {"type": "Matrix2x2", "payoffs": [[[0,67],[8,20]],[[39,0],[78,71]]]},
"G272": {"type": "Matrix2x2", "payoffs": [[[5,16],[18,38]],[[17,22],[0,0]]]},
"G273": {"type": "Matrix2x2", "payoffs": [[[0,11],[42,9]],[[81,15],[45,0]]]},
"G274": {"type": "Matrix2x2", "payoffs": [[[0,40],[42,0]],[[70,71],[28,15]]]},
"G275": {"type": "Matrix2x2", "payoffs": [[[33,28],[28,0]],[[0,17],[66,29]]]},
"G276": {"type": "Matrix2x2", "payoffs": [[[42,0],[73,5]],[[29,4],[0,3]]]},
"G277": {"type": "Matrix2x2", "payoffs": [[[0,47],[5,90]],[[71,98],[37,0]]]},
"G278": {"type": "Matrix2x2", "payoffs": [[[17,82],[0,68]],[[2,39],[4,0]]]},
"G279": {"type": "Matrix2x2", "payoffs": [[[28,26],[0,81]],[[6,0],[58,84]]]},
"G280": {"type": "Matrix2x2", "payoffs": [[[0,0],[16,20]],[[50,66],[28,59]]]},
"G281": {"type": "Matrix2x2", "payoffs": [[[71,33],[55,13]],[[0,0],[62,28]]]},
"G282": {"type": "Matrix2x2", "payoffs": [[[41,13],[12,3]],[[0,0],[32,10]]]},
"G283": {"type": "Matrix2x2", "payoffs": [[[0,13],[9,16]],[[53,0],[55,28]]]},
"G284": {"type": "Matrix2x2", "payoffs": [[[54,90],[53,78]],[[0,0],[41,22]]]},
"G285": {"type": "Matrix2x2", "payoffs": [[[46,0],[0,30]],[[68,72],[35,38]]]},
"G286": {"type": "Matrix2x2", "payoffs": [[[75,29],[66,23]],[[24,0],[0,28]]]},
"G287": {"type": "Matrix2x2", "payoffs": [[[44,7],[0,9]],[[82,15],[58,0]]]},
"G288": {"type": "Matrix2x2", "payoffs": [[[31,0],[35,47]],[[24,20],[0,41]]]},
"G289": {"type": "Matrix2x2", "payoffs": [[[48,7],[0,0]],[[49,93],[10,35]]]},
"G290": {"type": "Matrix2x2", "payoffs": [[[0,42],[35,94]],[[12,69],[7,0]]]},
"G291": {"type": "Matrix2x2", "payoffs": [[[13,0],[3,7]],[[0,4],[17,14]]]},
"G292": {"type": "Matrix2x2", "payoffs": [[[0,0],[26,17]],[[8,20],[35,76]]]},
"G293": {"type": "Matrix2x2", "payoffs": [[[16,10],[27,23]],[[0,0],[15,16]]]},
"G294": {"type": "Matrix2x2", "payoffs": [[[51,53],[47,0]],[[0,44],[19,48]]]},
"G295": {"type": "Matrix2x2", "payoffs": [[[46,36],[6,0]],[[0,1],[4,32]]]},
"G296": {"type": "Matrix2x2", "payoffs": [[[37,13],[58,60]],[[36,0],[0,53]]]},
"G297": {"type": "Matrix2x2", "payoffs": [[[7,0],[15,21]],[[18,40],[0,35]]]},
"G298": {"type": "Matrix2x2", "payoffs": [[[40,47],[23,0]],[[0,7],[6,11]]]},
"G299": {"type": "Matrix2x2", "payoffs": [[[4,41],[31,0]],[[35,80],[0,32]]]},
"G300": {"type": "Matrix2x2", "payoffs": [[[46,56],[2,0]],[[0,24],[43,50]]]},
"G301": {"type": "Matrix2x2", "payoffs": [[[18,11],[25,54]],[[16,3],[0,0]]]},
"G302": {"type": "Matrix2x2", "payoffs": [[[64,29],[12,3]],[[0,14],[17,0]]]},
"G303": {"type": "Matrix2x2", "payoffs": [[[30,40],[38,44]],[[0,0],[6,11]]]},
"G304": {"type": "Matrix2x2", "payoffs": [[[0,10],[66,17]],[[91,18],[11,0]]]},
"G305": {"type": "Matrix2x2", "payoffs": [[[2,10],[0,0]],[[70,40],[12,36]]]},
"G306": {"type": "Matrix2x2", "payoffs": [[[4,30],[24,27]],[[0,0],[37,36]]]},
"G307": {"type": "Matrix2x2", "payoffs": [[[12,0],[13,4]],[[14,13],[0,11]]]},
"G308": {"type": "Matrix2x2", "payoffs": [[[39,7],[30,4]],[[0,0],[60,19]]]},
"G309": {"type": "Matrix2x2", "payoffs": [[[56,25],[51,24]],[[49,12],[0,0]]]},
"G310": {"type": "Matrix2x2", "payoffs": [[[0,3],[94,31]],[[53,4],[71,0]]]},
"G311": {"type": "Matrix2x2", "payoffs": [[[0,0],[20,18]],[[32,2],[57,22]]]},
"G312": {"type": "Matrix2x2", "payoffs": [[[97,69],[44,55]],[[82,6],[0,0]]]},
"G313": {"type": "Matrix2x2", "payoffs": [[[79,4],[0,2]],[[10,1],[44,0]]]},
"G314": {"type": "Matrix2x2", "payoffs": [[[70,40],[17,35]],[[0,18],[52,0]]]},
"G315": {"type": "Matrix2x2", "payoffs": [[[42,19],[0,0]],[[16,61],[86,70]]]},
"G316": {"type": "Matrix2x2", "payoffs": [[[10,3],[0,8]],[[59,22],[17,0]]]},
"G317": {"type": "Matrix2x2", "payoffs": [[[27,32],[0,0]],[[60,38],[10,37]]]},
"G318": {"type": "Matrix2x2", "payoffs": [[[5,8],[0,0]],[[50,61],[63,74]]]},
"G319": {"type": "Matrix2x2", "payoffs": [[[56,41],[0,53]],[[46,0],[96,72]]]},
"G320": {"type": "Matrix2x2", "payoffs": [[[14,7],[25,55]],[[0,22],[9,0]]]},
"G321": {"type": "Matrix2x2", "payoffs": [[[64,26],[70,33]],[[0,0],[10,31]]]},
"G322": {"type": "Matrix2x2", "payoffs": [[[3,0],[15,36]],[[0,17],[8,23]]]},
"G323": {"type": "Matrix2x2", "payoffs": [[[18,5],[30,0]],[[0,8],[48,53]]]},
"G324": {"type": "Matrix2x2", "payoffs": [[[21,0],[0,54]],[[31,68],[47,69]]]},
"G325": {"type": "Matrix2x2", "payoffs": [[[0,62],[86,91]],[[32,0],[25,48]]]},
"G326": {"type": "Matrix2x2", "payoffs": [[[0,0],[43,39]],[[59,60],[68,100]]]},
"G327": {"type": "Matrix2x2", "payoffs": [[[0,0],[1,16]],[[3,31],[2,21]]]},
"G328": {"type": "Matrix2x2", "payoffs": [[[10,0],[0,29]],[[3,63],[14,82]]]},
"G329": {"type": "Matrix2x2", "payoffs": [[[0,0],[33,12]],[[34,39],[18,16]]]},
"G330": {"type": "Matrix2x2", "payoffs": [[[0,0],[17,1]],[[31,51],[30,23]]]},
"G331": {"type": "Matrix2x2", "payoffs": [[[0,48],[77,60]],[[87,75],[21,0]]]},
"G332": {"type": "Matrix2x2", "payoffs": [[[0,0],[78,26]],[[25,28],[84,85]]]},
"G333": {"type": "Matrix2x2", "payoffs": [[[31,9],[0,0]],[[34,5],[43,29]]]},
"G334": {"type": "Matrix2x2", "payoffs": [[[89,4],[44,9]],[[0,0],[92,11]]]},
"G335": {"type": "Matrix2x2", "payoffs": [[[12,58],[54,0]],[[0,35],[75,61]]]},
"G336": {"type": "Matrix2x2", "payoffs": [[[37,96],[22,43]],[[32,0],[0,37]]]},
"G337": {"type": "Matrix2x2", "payoffs": [[[49,12],[72,0]],[[0,9],[100,20]]]},
"G338": {"type": "Matrix2x2", "payoffs": [[[41,2],[50,10]],[[47,0],[0,5]]]},
"G339": {"type": "Matrix2x2", "payoffs": [[[56,0],[0,15]],[[43,7],[90,45]]]},
"G340": {"type": "Matrix2x2", "payoffs": [[[21,67],[8,0]],[[0,56],[14,59]]]},
"G341": {"type": "Matrix2x2", "payoffs": [[[0,16],[21,0]],[[30,89],[20,84]]]},
"G342": {"type": "Matrix2x2", "payoffs": [[[40,16],[85,68]],[[0,0],[53,58]]]},
"G343": {"type": "Matrix2x2", "payoffs": [[[36,30],[3,0]],[[44,65],[0,33]]]},
"G344": {"type": "Matrix2x2", "payoffs": [[[45,9],[0,8]],[[51,0],[59,49]]]},
"G345": {"type": "Matrix2x2", "payoffs": [[[7,0],[15,23]],[[0,20],[5,8]]]},
"G346": {"type": "Matrix2x2", "payoffs": [[[53,25],[47,42]],[[60,62],[0,0]]]},
"G347": {"type": "Matrix2x2", "payoffs": [[[53,0],[17,11]],[[0,10],[66,21]]]},
"G348": {"type": "Matrix2x2", "payoffs": [[[0,0],[46,79]],[[74,88],[99,100]]]},
"G349": {"type": "Matrix2x2", "payoffs": [[[16,76],[3,65]],[[12,1],[0,0]]]},
"G350": {"type": "Matrix2x2", "payoffs": [[[75,66],[68,0]],[[0,46],[42,34]]]},
"G351": {"type": "Matrix2x2", "payoffs": [[[5,0],[1,82]],[[28,89],[0,47]]]},
"G352": {"type": "Matrix2x2", "payoffs": [[[0,9],[96,22]],[[26,19],[83,0]]]},
"G353": {"type": "Matrix2x2", "payoffs": [[[49,5],[17,0]],[[52,76],[0,61]]]},
"G354": {"type": "Matrix2x2", "payoffs": [[[0,0],[36,39]],[[37,99],[2,66]]]},
"G355": {"type": "Matrix2x2", "payoffs": [[[90,0],[78,15]],[[98,40],[0,5]]]},
"G356": {"type": "Matrix2x2", "payoffs": [[[96,72],[79,33]],[[0,0],[75,41]]]},
"G357": {"type": "Matrix2x2", "payoffs": [[[0,1],[55,35]],[[7,0],[10,33]]]},
"G358": {"type": "Matrix2x2", "payoffs": [[[0,0],[24,48]],[[49,51],[27,25]]]},
"G359": {"type": "Matrix2x2", "payoffs": [[[91,79],[1,0]],[[0,69],[54,62]]]},
"G360": {"type": "Matrix2x2", "payoffs": [[[0,25],[53,37]],[[10,0],[3,21]]]},
"G361": {"type": "Matrix2x2", "payoffs": [[[0,0],[46,40]],[[17,26],[2,15]]]},
"G362": {"type": "Matrix2x2", "payoffs": [[[9,27],[0,0]],[[19,45],[3,36]]]},
"G363": {"type": "Matrix2x2", "payoffs": [[[15,76],[5,0]],[[0,58],[6,54]]]},
"G364": {"type": "Matrix2x2", "payoffs": [[[42,55],[0,0]],[[10,67],[86,97]]]},
"G365": {"type": "Matrix2x2", "payoffs": [[[5,0],[0,8]],[[1,1],[12,14]]]},
"G366": {"type": "Matrix2x2", "payoffs": [[[0,5],[26,0]],[[40,1],[56,6]]]},
"G367": {"type": "Matrix2x2", "payoffs": [[[0,7],[20,9]],[[39,12],[5,0]]]},
"G368": {"type": "Matrix2x2", "payoffs": [[[25,37],[0,0]],[[16,32],[21,27]]]},
"G369": {"type": "Matrix2x2", "payoffs": [[[74,90],[0,89]],[[30,24],[54,0]]]},
"G370": {"type": "Matrix2x2", "payoffs": [[[2,0],[4,7]],[[5,56],[0,21]]]},
"G371": {"type": "Matrix2x2", "payoffs": [[[6,32],[61,0]],[[98,67],[0,17]]]},
"G372": {"type": "Matrix2x2", "payoffs": [[[0,19],[34,0]],[[2,1],[63,31]]]},
"G373": {"type": "Matrix2x2", "payoffs": [[[6,0],[0,35]],[[13,88],[7,81]]]},
"G374": {"type": "Matrix2x2", "payoffs": [[[43,0],[0,33]],[[75,15],[83,51]]]},
"G375": {"type": "Matrix2x2", "payoffs": [[[12,15],[0,5]],[[49,0],[84,27]]]},
"G376": {"type": "Matrix2x2", "payoffs": [[[55,61],[0,0]],[[34,60],[14,49]]]},
"G377": {"type": "Matrix2x2", "payoffs": [[[10,22],[7,17]],[[0,0],[16,47]]]},
"G378": {"type": "Matrix2x2", "payoffs": [[[13,0],[16,17]],[[0,5],[12,7]]]},
"G379": {"type": "Matrix2x2", "payoffs": [[[43,13],[47,81]],[[12,57],[0,0]]]},
"G380": {"type": "Matrix2x2", "payoffs": [[[0,38],[26,0]],[[95,41],[9,25]]]},
"G381": {"type": "Matrix2x2", "payoffs": [[[0,21],[37,5]],[[73,0],[92,40]]]},
"G382": {"type": "Matrix2x2", "payoffs": [[[19,47],[26,53]],[[24,45],[0,0]]]},
"G383": {"type": "Matrix2x2", "payoffs": [[[27,84],[0,0]],[[14,21],[20,10]]]},
"G384": {"type": "Matrix2x2", "payoffs": [[[2,52],[0,0]],[[1,36],[3,63]]]},
"G385": {"type": "Matrix2x2", "payoffs": [[[21,0],[0,6]],[[58,67],[31,52]]]},
"G386": {"type": "Matrix2x2", "payoffs": [[[10,0],[54,37]],[[69,77],[0,29]]]},
"G387": {"type": "Matrix2x2", "payoffs": [[[78,76],[10,66]],[[0,32],[2,0]]]},
"G388": {"type": "Matrix2x2", "payoffs": [[[38,22],[0,39]],[[24,0],[97,43]]]},
"G389": {"type": "Matrix2x2", "payoffs": [[[62,0],[5,19]],[[92,90],[0,67]]]},
"G390": {"type": "Matrix2x2", "payoffs": [[[0,0],[10,12]],[[13,8],[21,16]]]},
"G391": {"type": "Matrix2x2", "payoffs": [[[5,70],[0,40]],[[49,78],[14,0]]]},
"G392": {"type": "Matrix2x2", "payoffs": [[[3,0],[11,51]],[[0,23],[5,5]]]},
"G393": {"type": "Matrix2x2", "payoffs": [[[0,21],[18,5]],[[26,35],[1,0]]]},
"G394": {"type": "Matrix2x2", "payoffs": [[[88,66],[20,0]],[[57,60],[0,3]]]},
"G395": {"type": "Matrix2x2", "payoffs": [[[0,33],[17,0]],[[26,71],[53,85]]]},
"G396": {"type": "Matrix2x2", "payoffs": [[[50,5],[0,0]],[[17,4],[75,78]]]},
"G397": {"type": "Matrix2x2", "payoffs": [[[0,42],[61,0]],[[67,78],[3,72]]]},
"G398": {"type": "Matrix2x2", "payoffs": [[[3,47],[0,38]],[[1,41],[2,0]]]},
"G399": {"type": "Matrix2x2", "payoffs": [[[33,89],[4,48]],[[0,4],[2,0]]]},
"G400": {"type": "Matrix2x2", "payoffs": [[[2,18],[14,0]],[[0,13],[16,21]]]},
"G401": {"type": "Matrix2x2", "payoffs": [[[0,20],[35,41]],[[22,0],[24,12]]]},
"G402": {"type": "Matrix2x2", "payoffs": [[[77,86],[32,74]],[[24,84],[0,0]]]},
"G403": {"type": "Matrix2x2", "payoffs": [[[0,56],[10,57]],[[4,0],[9,36]]]},
"G404": {"type": "Matrix2x2", "payoffs": [[[14,56],[7,14]],[[0,0],[9,23]]]},
"G405": {"type": "Matrix2x2", "payoffs": [[[52,0],[76,10]],[[0,29],[81,71]]]},
"G406": {"type": "Matrix2x2", "payoffs": [[[26,70],[0,0]],[[2,52],[8,16]]]},
"G407": {"type": "Matrix2x2", "payoffs": [[[77,50],[3,0]],[[31,38],[0,6]]]},
"G408": {"type": "Matrix2x2", "payoffs": [[[1,12],[51,11]],[[0,0],[77,21]]]},
"G409": {"type": "Matrix2x2", "payoffs": [[[1,4],[0,22]],[[9,64],[3,0]]]},
"G410": {"type": "Matrix2x2", "payoffs": [[[10,27],[8,0]],[[18,45],[0,21]]]},
"G411": {"type": "Matrix2x2", "payoffs": [[[0,0],[19,32]],[[11,41],[22,57]]]},
"G412": {"type": "Matrix2x2", "payoffs": [[[54,25],[70,0]],[[0,19],[79,32]]]},
"G413": {"type": "Matrix2x2", "payoffs": [[[0,9],[16,0]],[[12,24],[29,57]]]},
"G414": {"type": "Matrix2x2", "payoffs": [[[0,0],[1,75]],[[8,16],[25,77]]]},
"G415": {"type": "Matrix2x2", "payoffs": [[[50,0],[60,12]],[[28,4],[0,11]]]},
"G416": {"type": "Matrix2x2", "payoffs": [[[62,0],[76,23]],[[0,29],[99,81]]]},
"G417": {"type": "Matrix2x2", "payoffs": [[[0,23],[68,76]],[[36,0],[60,19]]]},
"G418": {"type": "Matrix2x2", "payoffs": [[[4,24],[0,39]],[[27,0],[44,64]]]},
"G419": {"type": "Matrix2x2", "payoffs": [[[3,100],[1,47]],[[0,0],[2,79]]]},
"G420": {"type": "Matrix2x2", "payoffs": [[[26,0],[73,75]],[[20,65],[0,12]]]},
"G421": {"type": "Matrix2x2", "payoffs": [[[27,7],[10,0]],[[32,8],[0,2]]]},
"G422": {"type": "Matrix2x2", "payoffs": [[[25,1],[0,0]],[[38,4],[4,3]]]},
"G423": {"type": "Matrix2x2", "payoffs": [[[22,0],[0,41]],[[1,79],[56,92]]]},
"G424": {"type": "Matrix2x2", "payoffs": [[[0,22],[17,5]],[[48,23],[18,0]]]},
"G425": {"type": "Matrix2x2", "payoffs": [[[19,62],[14,0]],[[0,24],[17,9]]]},
"G426": {"type": "Matrix2x2", "payoffs": [[[0,38],[88,52]],[[26,34],[35,0]]]},
"G427": {"type": "Matrix2x2", "payoffs": [[[0,39],[2,0]],[[10,58],[18,74]]]},
"G428": {"type": "Matrix2x2", "payoffs": [[[41,0],[17,40]],[[53,78],[0,30]]]},
"G429": {"type": "Matrix2x2", "payoffs": [[[27,3],[18,0]],[[0,7],[33,26]]]},
"G430": {"type": "Matrix2x2", "payoffs": [[[0,5],[69,0]],[[85,68],[14,44]]]},
"G431": {"type": "Matrix2x2", "payoffs": [[[0,0],[5,1]],[[1,12],[43,25]]]},
"G432": {"type": "Matrix2x2", "payoffs": [[[56,4],[0,7]],[[69,8],[43,0]]]},
"G433": {"type": "Matrix2x2", "payoffs": [[[4,8],[19,0]],[[0,32],[35,51]]]},
"G434": {"type": "Matrix2x2", "payoffs": [[[0,1],[8,9]],[[6,5],[2,0]]]},
"G435": {"type": "Matrix2x2", "payoffs": [[[6,4],[67,40]],[[25,0],[0,31]]]},
"G436": {"type": "Matrix2x2", "payoffs": [[[0,73],[31,59]],[[19,0],[39,88]]]},
"G437": {"type": "Matrix2x2", "payoffs": [[[0,68],[27,98]],[[16,97],[25,0]]]},
"G438": {"type": "Matrix2x2", "payoffs": [[[68,0],[81,89]],[[14,34],[0,41]]]},
"G439": {"type": "Matrix2x2", "payoffs": [[[0,0],[10,4]],[[100,7],[75,1]]]},
"G440": {"type": "Matrix2x2", "payoffs": [[[25,43],[98,65]],[[0,41],[84,0]]]},
"G441": {"type": "Matrix2x2", "payoffs": [[[0,0],[16,46]],[[41,91],[84,95]]]},
"G442": {"type": "Matrix2x2", "payoffs": [[[0,57],[37,75]],[[29,0],[32,47]]]},
"G443": {"type": "Matrix2x2", "payoffs": [[[0,15],[18,0]],[[84,36],[70,34]]]},
"G444": {"type": "Matrix2x2", "payoffs": [[[55,2],[11,1]],[[74,3],[0,0]]]},
"G445": {"type": "Matrix2x2", "payoffs": [[[7,11],[87,39]],[[3,18],[0,0]]]},
"G446": {"type": "Matrix2x2", "payoffs": [[[10,9],[1,3]],[[0,5],[4,0]]]},
"G447": {"type": "Matrix2x2", "payoffs": [[[1,20],[0,44]],[[11,50],[3,0]]]},
"G448": {"type": "Matrix2x2", "payoffs": [[[0,48],[14,0]],[[50,73],[19,5]]]},
"G449": {"type": "Matrix2x2", "payoffs": [[[8,5],[0,7]],[[95,0],[99,44]]]},
"G450": {"type": "Matrix2x2", "payoffs": [[[60,24],[17,11]],[[19,0],[0,15]]]},
"G451": {"type": "Matrix2x2", "payoffs": [[[0,10],[20,28]],[[15,4],[12,0]]]},
"G452": {"type": "Matrix2x2", "payoffs": [[[9,25],[16,0]],[[0,17],[58,53]]]},
"G453": {"type": "Matrix2x2", "payoffs": [[[52,0],[71,28]],[[0,11],[50,25]]]},
"G454": {"type": "Matrix2x2", "payoffs": [[[0,15],[53,47]],[[38,21],[47,0]]]},
"G455": {"type": "Matrix2x2", "payoffs": [[[39,23],[53,48]],[[35,0],[0,21]]]},
"G456": {"type": "Matrix2x2", "payoffs": [[[0,0],[61,6]],[[82,99],[35,60]]]},
"G457": {"type": "Matrix2x2", "payoffs": [[[23,0],[33,8]],[[0,6],[1,4]]]},
"G458": {"type": "Matrix2x2", "payoffs": [[[3,2],[1,13]],[[0,0],[15,14]]]},
"G459": {"type": "Matrix2x2", "payoffs": [[[7,8],[68,15]],[[0,0],[60,7]]]},
"G460": {"type": "Matrix2x2", "payoffs": [[[4,33],[16,0]],[[30,95],[0,75]]]},
"G461": {"type": "Matrix2x2", "payoffs": [[[17,27],[33,0]],[[0,35],[37,92]]]},
"G462": {"type": "Matrix2x2", "payoffs": [[[0,85],[41,76]],[[57,0],[80,87]]]},
"G463": {"type": "Matrix2x2", "payoffs": [[[3,27],[1,8]],[[2,0],[0,17]]]},
"G464": {"type": "Matrix2x2", "payoffs": [[[62,60],[0,22]],[[41,35],[21,0]]]},
"G465": {"type": "Matrix2x2", "payoffs": [[[27,21],[50,24]],[[0,2],[47,0]]]},
"G466": {"type": "Matrix2x2", "payoffs": [[[0,0],[12,1]],[[16,12],[17,34]]]},
"G467": {"type": "Matrix2x2", "payoffs": [[[23,0],[0,1]],[[43,33],[50,37]]]},
"G468": {"type": "Matrix2x2", "payoffs": [[[20,64],[5,31]],[[2,0],[0,21]]]},
"G469": {"type": "Matrix2x2", "payoffs": [[[0,0],[18,61]],[[5,9],[11,28]]]},
"G470": {"type": "Matrix2x2", "payoffs": [[[1,17],[0,25]],[[2,0],[3,83]]]},
"G471": {"type": "Matrix2x2", "payoffs": [[[14,23],[8,54]],[[20,55],[0,0]]]},
"G472": {"type": "Matrix2x2", "payoffs": [[[5,0],[0,42]],[[7,8],[16,46]]]},
"G473": {"type": "Matrix2x2", "payoffs": [[[53,84],[11,0]],[[0,33],[19,40]]]},
"G474": {"type": "Matrix2x2", "payoffs": [[[9,27],[43,54]],[[0,21],[40,0]]]},
"G475": {"type": "Matrix2x2", "payoffs": [[[72,32],[56,19]],[[60,1],[0,0]]]},
"G476": {"type": "Matrix2x2", "payoffs": [[[68,0],[0,1]],[[83,8],[15,3]]]},
"G477": {"type": "Matrix2x2", "payoffs": [[[28,0],[0,3]],[[37,47],[43,73]]]},
"G478": {"type": "Matrix2x2", "payoffs": [[[5,20],[0,0]],[[18,25],[11,17]]]},
"G479": {"type": "Matrix2x2", "payoffs": [[[92,99],[1,81]],[[12,0],[0,40]]]},
"G480": {"type": "Matrix2x2", "payoffs": [[[40,6],[92,10]],[[6,7],[0,0]]]},
"G481": {"type": "Matrix2x2", "payoffs": [[[3,0],[0,90]],[[54,100],[49,61]]]},
"G482": {"type": "Matrix2x2", "payoffs": [[[0,25],[82,48]],[[49,0],[20,23]]]},
"G483": {"type": "Matrix2x2", "payoffs": [[[9,24],[7,0]],[[33,96],[0,63]]]},
"G484": {"type": "Matrix2x2", "payoffs": [[[7,54],[31,70]],[[0,0],[20,51]]]},
"G485": {"type": "Matrix2x2", "payoffs": [[[27,0],[0,50]],[[30,88],[8,16]]]},
"G486": {"type": "Matrix2x2", "payoffs": [[[0,25],[52,21]],[[18,0],[64,53]]]},
"G487": {"type": "Matrix2x2", "payoffs": [[[26,0],[58,67]],[[38,15],[0,34]]]},
"G488": {"type": "Matrix2x2", "payoffs": [[[0,0],[10,13]],[[28,43],[4,11]]]},
"G489": {"type": "Matrix2x2", "payoffs": [[[10,0],[0,17]],[[22,15],[30,75]]]},
"G490": {"type": "Matrix2x2", "payoffs": [[[0,0],[12,56]],[[59,85],[52,35]]]},
"G491": {"type": "Matrix2x2", "payoffs": [[[0,14],[18,94]],[[17,0],[3,89]]]},
"G492": {"type": "Matrix2x2", "payoffs": [[[8,21],[0,14]],[[1,0],[5,10]]]},
"G493": {"type": "Matrix2x2", "payoffs": [[[1,0],[3,16]],[[2,14],[0,10]]]},
"G494": {"type": "Matrix2x2", "payoffs": [[[20,0],[0,4]],[[37,71],[15,8]]]},
"G495": {"type": "Matrix2x2", "payoffs": [[[0,10],[3,47]],[[1,0],[2,22]]]},
"G496": {"type": "Matrix2x2", "payoffs": [[[3,91],[2,0]],[[0,50],[1,87]]]},
"G497": {"type": "Matrix2x2", "payoffs": [[[67,0],[93,55]],[[89,31],[0,25]]]},
"G498": {"type": "Matrix2x2", "payoffs": [[[89,11],[56,8]],[[95,69],[0,0]]]},
"G499": {"type": "Matrix2x2", "payoffs": [[[26,0],[0,36]],[[73,79],[3,61]]]},
"G500": {"type": "Matrix2x2", "payoffs": [[[0,12],[2,0]],[[5,8],[7,26]]]},
"G501": {"type": "Matrix2x2", "payoffs": [[[30,0],[81,64]],[[0,32],[27,44]]]},
"G502": {"type": "Matrix2x2", "payoffs": [[[73,8],[38,0]],[[16,2],[0,6]]]},
"G503": {"type": "Matrix2x2", "payoffs": [[[30,33],[16,0]],[[0,25],[19,30]]]},
"G504": {"type": "Matrix2x2", "payoffs": [[[18,90],[9,30]],[[0,0],[11,47]]]},
"G505": {"type": "Matrix2x2", "payoffs": [[[0,95],[38,28]],[[6,0],[45,97]]]},
"G506": {"type": "Matrix2x2", "payoffs": [[[48,4],[73,67]],[[0,0],[16,47]]]},
"G507": {"type": "Matrix2x2", "payoffs": [[[0,13],[53,30]],[[62,52],[51,0]]]},
"G508": {"type": "Matrix2x2", "payoffs": [[[20,35],[0,28]],[[6,0],[37,45]]]},
"G509": {"type": "Matrix2x2", "payoffs": [[[0,24],[90,30]],[[24,0],[76,27]]]},
"G510": {"type": "Matrix2x2", "payoffs": [[[58,8],[55,6]],[[0,3],[29,0]]]},
"G511": {"type": "Matrix2x2", "payoffs": [[[58,18],[0,0]],[[42,30],[63,35]]]},
"G512": {"type": "Matrix2x2", "payoffs": [[[24,35],[19,5]],[[0,0],[26,62]]]},
"G513": {"type": "Matrix2x2", "payoffs": [[[63,0],[11,7]],[[0,12],[64,25]]]},
"G514": {"type": "Matrix2x2", "payoffs": [[[99,39],[83,0]],[[49,20],[0,9]]]},
"G515": {"type": "Matrix2x2", "payoffs": [[[0,14],[75,33]],[[44,15],[15,0]]]},
"G516": {"type": "Matrix2x2", "payoffs": [[[25,3],[0,9]],[[65,11],[2,0]]]},
"G517": {"type": "Matrix2x2", "payoffs": [[[34,21],[0,7]],[[25,0],[43,73]]]},
"G518": {"type": "Matrix2x2", "payoffs": [[[0,23],[35,28]],[[32,0],[25,6]]]},
"G519": {"type": "Matrix2x2", "payoffs": [[[30,11],[11,17]],[[0,0],[37,48]]]},
"G520": {"type": "Matrix2x2", "payoffs": [[[15,6],[0,0]],[[6,2],[14,5]]]},
"G521": {"type": "Matrix2x2", "payoffs": [[[6,5],[20,0]],[[22,48],[0,23]]]},
"G522": {"type": "Matrix2x2", "payoffs": [[[77,0],[0,20]],[[19,42],[91,84]]]},
"G523": {"type": "Matrix2x2", "payoffs": [[[15,0],[0,27]],[[5,76],[18,77]]]},
"G524": {"type": "Matrix2x2", "payoffs": [[[0,6],[48,4]],[[49,7],[46,0]]]},
"G525": {"type": "Matrix2x2", "payoffs": [[[1,0],[21,22]],[[29,68],[0,41]]]},
"G526": {"type": "Matrix2x2", "payoffs": [[[0,11],[17,26]],[[13,0],[9,20]]]},
"G527": {"type": "Matrix2x2", "payoffs": [[[4,12],[0,18]],[[35,0],[37,39]]]},
"G528": {"type": "Matrix2x2", "payoffs": [[[56,89],[25,60]],[[0,0],[42,85]]]},
"G529": {"type": "Matrix2x2", "payoffs": [[[0,0],[6,52]],[[5,53],[7,69]]]},
"G530": {"type": "Matrix2x2", "payoffs": [[[37,47],[52,93]],[[0,10],[23,0]]]},
"G531": {"type": "Matrix2x2", "payoffs": [[[0,60],[88,80]],[[5,79],[66,0]]]},
"G532": {"type": "Matrix2x2", "payoffs": [[[10,60],[0,38]],[[32,66],[5,0]]]},
"G533": {"type": "Matrix2x2", "payoffs": [[[81,0],[93,77]],[[0,43],[54,20]]]},
"G534": {"type": "Matrix2x2", "payoffs": [[[0,5],[80,1]],[[92,81],[32,0]]]},
"G535": {"type": "Matrix2x2", "payoffs": [[[57,0],[44,6]],[[62,39],[0,31]]]},
"G536": {"type": "Matrix2x2", "payoffs": [[[5,4],[9,42]],[[6,23],[0,0]]]},
"G537": {"type": "Matrix2x2", "payoffs": [[[60,32],[79,88]],[[78,0],[0,33]]]},
"G538": {"type": "Matrix2x2", "payoffs": [[[21,6],[12,0]],[[0,4],[23,8]]]},
"G539": {"type": "Matrix2x2", "payoffs": [[[11,0],[22,33]],[[90,45],[0,13]]]},
"G540": {"type": "Matrix2x2", "payoffs": [[[13,21],[0,0]],[[10,14],[56,25]]]},
"G541": {"type": "Matrix2x2", "payoffs": [[[62,45],[0,0]],[[2,38],[60,35]]]},
"G542": {"type": "Matrix2x2", "payoffs": [[[41,24],[9,0]],[[0,19],[51,76]]]},
"G543": {"type": "Matrix2x2", "payoffs": [[[54,45],[98,60]],[[28,4],[0,0]]]},
"G544": {"type": "Matrix2x2", "payoffs": [[[14,3],[0,0]],[[24,43],[10,24]]]},
"G545": {"type": "Matrix2x2", "payoffs": [[[25,1],[21,0]],[[0,28],[68,43]]]},
"G546": {"type": "Matrix2x2", "payoffs": [[[0,0],[62,6]],[[69,19],[75,21]]]},
"G547": {"type": "Matrix2x2", "payoffs": [[[0,12],[38,10]],[[46,0],[52,40]]]},
"G548": {"type": "Matrix2x2", "payoffs": [[[14,25],[22,76]],[[0,0],[20,11]]]},
"G549": {"type": "Matrix2x2", "payoffs": [[[37,0],[47,4]],[[0,13],[61,38]]]},
"G550": {"type": "Matrix2x2", "payoffs": [[[0,11],[10,0]],[[26,43],[36,71]]]},
"G551": {"type": "Matrix2x2", "payoffs": [[[0,16],[6,50]],[[5,0],[3,48]]]},
"G552": {"type": "Matrix2x2", "payoffs": [[[45,67],[16,26]],[[59,77],[0,0]]]},
"G553": {"type": "Matrix2x2", "payoffs": [[[35,33],[33,29]],[[34,5],[0,0]]]},
"G554": {"type": "Matrix2x2", "payoffs": [[[1,48],[0,0]],[[3,7],[4,76]]]},
"G555": {"type": "Matrix2x2", "payoffs": [[[0,19],[9,33]],[[82,35],[46,0]]]},
"G556": {"type": "Matrix2x2", "payoffs": [[[0,19],[1,0]],[[3,13],[12,72]]]},
"G557": {"type": "Matrix2x2", "payoffs": [[[7,52],[5,0]],[[3,9],[0,3]]]},
"G558": {"type": "Matrix2x2", "payoffs": [[[81,6],[0,5]],[[41,0],[51,1]]]},
"G559": {"type": "Matrix2x2", "payoffs": [[[0,20],[20,0]],[[7,22],[45,48]]]},
"G560": {"type": "Matrix2x2", "payoffs": [[[33,87],[0,14]],[[32,0],[14,7]]]},
"G561": {"type": "Matrix2x2", "payoffs": [[[59,71],[7,7]],[[0,0],[57,69]]]},
"G562": {"type": "Matrix2x2", "payoffs": [[[27,53],[0,0]],[[6,36],[18,23]]]},
"G563": {"type": "Matrix2x2", "payoffs": [[[31,0],[36,85]],[[0,25],[8,42]]]},
"G564": {"type": "Matrix2x2", "payoffs": [[[1,0],[0,11]],[[2,9],[3,13]]]},
"G565": {"type": "Matrix2x2", "payoffs": [[[0,7],[76,58]],[[74,36],[29,0]]]},
"G566": {"type": "Matrix2x2", "payoffs": [[[1,0],[0,1]],[[26,3],[24,2]]]},
"G567": {"type": "Matrix2x2", "payoffs": [[[86,0],[8,2]],[[0,14],[90,17]]]},
"G568": {"type": "Matrix2x2", "payoffs": [[[7,11],[4,0]],[[6,1],[0,10]]]},
"G569": {"type": "Matrix2x2", "payoffs": [[[0,0],[20,28]],[[100,78],[10,29]]]},
"G570": {"type": "Matrix2x2", "payoffs": [[[65,5],[53,4]],[[0,1],[59,0]]]},
"G571": {"type": "Matrix2x2", "payoffs": [[[57,0],[1,9]],[[73,42],[0,34]]]},
"G572": {"type": "Matrix2x2", "payoffs": [[[0,2],[59,1]],[[67,0],[69,7]]]},
"G573": {"type": "Matrix2x2", "payoffs": [[[48,37],[66,43]],[[41,27],[0,0]]]},
"G574": {"type": "Matrix2x2", "payoffs": [[[8,7],[16,0]],[[0,55],[23,95]]]},
"G575": {"type": "Matrix2x2", "payoffs": [[[22,20],[0,10]],[[31,37],[30,0]]]},
"G576": {"type": "Matrix2x2", "payoffs": [[[56,85],[34,0]],[[0,13],[48,46]]]},
"G577": {"type": "Matrix2x2", "payoffs": [[[5,38],[53,62]],[[48,25],[0,0]]]},
"G578": {"type": "Matrix2x2", "payoffs": [[[39,0],[30,56]],[[75,89],[0,47]]]},
"G579": {"type": "Matrix2x2", "payoffs": [[[0,51],[32,42]],[[12,0],[57,64]]]},
"G580": {"type": "Matrix2x2", "payoffs": [[[0,18],[6,57]],[[7,66],[5,0]]]},
"G581": {"type": "Matrix2x2", "payoffs": [[[84,25],[78,7]],[[21,11],[0,0]]]},
"G582": {"type": "Matrix2x2", "payoffs": [[[0,26],[35,0]],[[22,50],[38,53]]]},
"G583": {"type": "Matrix2x2", "payoffs": [[[80,95],[65,0]],[[0,46],[34,72]]]},
"G584": {"type": "Matrix2x2", "payoffs": [[[13,0],[66,34]],[[19,6],[0,30]]]},
"G585": {"type": "Matrix2x2", "payoffs": [[[21,98],[0,38]],[[7,95],[4,0]]]},
"G586": {"type": "Matrix2x2", "payoffs": [[[0,1],[73,0]],[[76,55],[65,18]]]},
"G587": {"type": "Matrix2x2", "payoffs": [[[0,13],[21,0]],[[39,52],[63,97]]]},
"G588": {"type": "Matrix2x2", "payoffs": [[[28,27],[27,13]],[[34,43],[0,0]]]},
"G589": {"type": "Matrix2x2", "payoffs": [[[46,33],[0,0]],[[4,21],[38,24]]]},
"G590": {"type": "Matrix2x2", "payoffs": [[[39,44],[43,15]],[[0,0],[69,82]]]},
"G591": {"type": "Matrix2x2", "payoffs": [[[63,1],[0,9]],[[38,0],[93,18]]]},
"G592": {"type": "Matrix2x2", "payoffs": [[[97,24],[2,15]],[[29,7],[0,0]]]},
"G593": {"type": "Matrix2x2", "payoffs": [[[81,5],[0,0]],[[32,64],[92,78]]]},
"G594": {"type": "Matrix2x2", "payoffs": [[[1,16],[2,0]],[[0,55],[3,75]]]},
"G595": {"type": "Matrix2x2", "payoffs": [[[20,92],[4,21]],[[16,0],[0,75]]]},
"G596": {"type": "Matrix2x2", "payoffs": [[[0,25],[99,0]],[[100,48],[60,26]]]},
"G597": {"type": "Matrix2x2", "payoffs": [[[74,35],[0,19]],[[38,21],[29,0]]]},
"G598": {"type": "Matrix2x2", "payoffs": [[[0,30],[37,83]],[[36,0],[3,63]]]},
"G599": {"type": "Matrix2x2", "payoffs": [[[28,0],[8,56]],[[0,63],[56,70]]]},
"G600": {"type": "Matrix2x2", "payoffs": [[[1,61],[0,30]],[[86,78],[41,0]]]},
"G601": {"type": "Matrix2x2", "payoffs": [[[3,0],[35,40]],[[0,2],[53,41]]]},
"G602": {"type": "Matrix2x2", "payoffs": [[[1,95],[0,80]],[[21,0],[28,96]]]},
"G603": {"type": "Matrix2x2", "payoffs": [[[0,0],[24,46]],[[57,62],[12,17]]]},
"G604": {"type": "Matrix2x2", "payoffs": [[[23,34],[20,20]],[[0,0],[3,16]]]},
"G605": {"type": "Matrix2x2", "payoffs": [[[29,7],[0,5]],[[16,0],[15,3]]]},
"G606": {"type": "Matrix2x2", "payoffs": [[[27,1],[75,0]],[[0,2],[81,3]]]},
"G607": {"type": "Matrix2x2", "payoffs": [[[25,11],[57,70]],[[51,21],[0,0]]]},
"G608": {"type": "Matrix2x2", "payoffs": [[[18,0],[19,78]],[[0,19],[8,2]]]},
"G609": {"type": "Matrix2x2", "payoffs": [[[41,0],[71,3]],[[19,2],[0,1]]]},
"G610": {"type": "Matrix2x2", "payoffs": [[[5,60],[0,0]],[[11,25],[33,66]]]},
"G611": {"type": "Matrix2x2", "payoffs": [[[52,90],[55,0]],[[0,6],[56,93]]]},
"G612": {"type": "Matrix2x2", "payoffs": [[[8,2],[0,0]],[[11,3],[15,6]]]},
"G613": {"type": "Matrix2x2", "payoffs": [[[15,99],[0,0]],[[37,100],[14,83]]]},
"G614": {"type": "Matrix2x2", "payoffs": [[[0,34],[10,13]],[[31,35],[6,0]]]},
"G615": {"type": "Matrix2x2", "payoffs": [[[64,48],[81,94]],[[0,1],[80,0]]]},
"G616": {"type": "Matrix2x2", "payoffs": [[[0,0],[12,89]],[[15,5],[40,90]]]},
"G617": {"type": "Matrix2x2", "payoffs": [[[0,10],[18,51]],[[33,0],[50,77]]]},
"G618": {"type": "Matrix2x2", "payoffs": [[[10,2],[20,16]],[[51,81],[0,0]]]},
"G619": {"type": "Matrix2x2", "payoffs": [[[64,96],[48,6]],[[36,0],[0,83]]]},
"G620": {"type": "Matrix2x2", "payoffs": [[[0,32],[65,24]],[[42,0],[66,78]]]},
"G621": {"type": "Matrix2x2", "payoffs": [[[0,0],[35,50]],[[42,72],[41,64]]]},
"G622": {"type": "Matrix2x2", "payoffs": [[[8,45],[6,0]],[[2,14],[0,6]]]},
"G623": {"type": "Matrix2x2", "payoffs": [[[20,76],[25,86]],[[0,0],[19,82]]]},
"G624": {"type": "Matrix2x2", "payoffs": [[[72,67],[30,15]],[[46,0],[0,34]]]},
"G625": {"type": "Matrix2x2", "payoffs": [[[5,0],[0,50]],[[4,56],[7,61]]]},
"G626": {"type": "Matrix2x2", "payoffs": [[[0,3],[39,28]],[[95,31],[32,0]]]},
"G627": {"type": "Matrix2x2", "payoffs": [[[0,55],[3,0]],[[2,65],[9,69]]]},
"G628": {"type": "Matrix2x2", "payoffs": [[[14,0],[17,37]],[[4,16],[0,5]]]},
"G629": {"type": "Matrix2x2", "payoffs": [[[0,4],[95,6]],[[49,3],[5,0]]]},
"G630": {"type": "Matrix2x2", "payoffs": [[[35,2],[14,0]],[[0,1],[40,12]]]},
"G631": {"type": "Matrix2x2", "payoffs": [[[49,1],[0,4]],[[31,0],[55,10]]]},
"G632": {"type": "Matrix2x2", "payoffs": [[[7,17],[25,0]],[[0,52],[31,73]]]},
"G633": {"type": "Matrix2x2", "payoffs": [[[24,0],[0,44]],[[45,81],[2,49]]]},
"G634": {"type": "Matrix2x2", "payoffs": [[[80,88],[63,0]],[[0,64],[54,65]]]},
"G635": {"type": "Matrix2x2", "payoffs": [[[0,0],[84,2]],[[45,19],[85,54]]]},
"G636": {"type": "Matrix2x2", "payoffs": [[[79,84],[76,0]],[[0,30],[24,1]]]},
"G637": {"type": "Matrix2x2", "payoffs": [[[6,72],[0,65]],[[4,3],[2,0]]]},
"G638": {"type": "Matrix2x2", "payoffs": [[[0,54],[65,78]],[[17,0],[33,6]]]},
"G639": {"type": "Matrix2x2", "payoffs": [[[11,0],[97,39]],[[1,19],[0,13]]]},
"G640": {"type": "Matrix2x2", "payoffs": [[[7,0],[16,37]],[[0,20],[11,8]]]},
"G641": {"type": "Matrix2x2", "payoffs": [[[0,18],[73,22]],[[15,16],[42,0]]]},
"G642": {"type": "Matrix2x2", "payoffs": [[[15,3],[0,0]],[[79,60],[37,41]]]},
"G643": {"type": "Matrix2x2", "payoffs": [[[13,12],[19,35]],[[18,28],[0,0]]]},
"G644": {"type": "Matrix2x2", "payoffs": [[[55,99],[27,82]],[[9,0],[0,4]]]},
"G645": {"type": "Matrix2x2", "payoffs": [[[67,53],[0,0]],[[14,50],[92,85]]]},
"G646": {"type": "Matrix2x2", "payoffs": [[[75,18],[0,1]],[[27,0],[39,4]]]},
"G647": {"type": "Matrix2x2", "payoffs": [[[59,0],[0,66]],[[91,77],[84,27]]]},
"G648": {"type": "Matrix2x2", "payoffs": [[[0,0],[9,49]],[[61,82],[22,51]]]},
"G649": {"type": "Matrix2x2", "payoffs": [[[72,30],[1,16]],[[0,0],[10,29]]]},
"G650": {"type": "Matrix2x2", "payoffs": [[[0,10],[47,2]],[[8,0],[62,60]]]},
"G651": {"type": "Matrix2x2", "payoffs": [[[75,15],[86,16]],[[58,6],[0,0]]]},
"G652": {"type": "Matrix2x2", "payoffs": [[[37,42],[31,30]],[[0,0],[16,20]]]},
"G653": {"type": "Matrix2x2", "payoffs": [[[24,2],[0,9]],[[20,0],[36,16]]]},
"G654": {"type": "Matrix2x2", "payoffs": [[[17,0],[0,25]],[[10,20],[85,35]]]},
"G655": {"type": "Matrix2x2", "payoffs": [[[0,36],[11,6]],[[40,51],[9,0]]]},
"G656": {"type": "Matrix2x2", "payoffs": [[[0,19],[2,15]],[[72,30],[57,0]]]},
"G657": {"type": "Matrix2x2", "payoffs": [[[16,97],[0,0]],[[38,17],[66,98]]]},
"G658": {"type": "Matrix2x2", "payoffs": [[[33,30],[0,18]],[[6,0],[45,57]]]},
"G659": {"type": "Matrix2x2", "payoffs": [[[0,0],[9,26]],[[7,23],[6,7]]]},
"G660": {"type": "Matrix2x2", "payoffs": [[[43,28],[9,4]],[[81,47],[0,0]]]},
"G661": {"type": "Matrix2x2", "payoffs": [[[9,0],[0,37]],[[29,39],[6,15]]]},
"G662": {"type": "Matrix2x2", "payoffs": [[[10,1],[90,10]],[[18,0],[0,3]]]},
"G663": {"type": "Matrix2x2", "payoffs": [[[13,8],[48,12]],[[0,4],[29,0]]]},
"G664": {"type": "Matrix2x2", "payoffs": [[[8,44],[29,55]],[[20,38],[0,0]]]},
"G665": {"type": "Matrix2x2", "payoffs": [[[2,0],[6,55]],[[18,62],[0,59]]]},
"G666": {"type": "Matrix2x2", "payoffs": [[[90,43],[26,0]],[[0,27],[42,28]]]},
"G667": {"type": "Matrix2x2", "payoffs": [[[0,0],[19,54]],[[58,80],[5,4]]]},
"G668": {"type": "Matrix2x2", "payoffs": [[[67,45],[59,0]],[[66,8],[0,6]]]},
"G669": {"type": "Matrix2x2", "payoffs": [[[0,0],[23,9]],[[50,3],[51,11]]]},
"G670": {"type": "Matrix2x2", "payoffs": [[[68,33],[0,0]],[[56,57],[78,64]]]},
"G671": {"type": "Matrix2x2", "payoffs": [[[74,20],[41,4]],[[63,0],[0,7]]]},
"G672": {"type": "Matrix2x2", "payoffs": [[[22,38],[20,0]],[[0,11],[6,18]]]},
"G673": {"type": "Matrix2x2", "payoffs": [[[9,56],[6,0]],[[14,69],[0,41]]]},
"G674": {"type": "Matrix2x2", "payoffs": [[[0,15],[13,0]],[[38,11],[58,21]]]},
"G675": {"type": "Matrix2x2", "payoffs": [[[0,10],[35,12]],[[73,38],[23,0]]]},
"G676": {"type": "Matrix2x2", "payoffs": [[[12,55],[3,0]],[[0,33],[35,56]]]},
"G677": {"type": "Matrix2x2", "payoffs": [[[20,35],[0,10]],[[16,0],[10,13]]]},
"G678": {"type": "Matrix2x2", "payoffs": [[[0,0],[43,6]],[[33,4],[11,3]]]},
"G679": {"type": "Matrix2x2", "payoffs": [[[52,0],[0,32]],[[82,29],[98,42]]]},
"G680": {"type": "Matrix2x2", "payoffs": [[[6,23],[16,51]],[[0,16],[14,0]]]},
"G681": {"type": "Matrix2x2", "payoffs": [[[75,20],[95,21]],[[19,0],[0,3]]]},
"G682": {"type": "Matrix2x2", "payoffs": [[[6,33],[0,0]],[[21,76],[20,21]]]},
"G683": {"type": "Matrix2x2", "payoffs": [[[36,44],[27,18]],[[34,37],[0,0]]]},
"G684": {"type": "Matrix2x2", "payoffs": [[[0,23],[34,31]],[[9,0],[44,39]]]},
"G685": {"type": "Matrix2x2", "payoffs": [[[52,99],[0,60]],[[17,0],[39,11]]]},
"G686": {"type": "Matrix2x2", "payoffs": [[[22,28],[21,0]],[[0,54],[31,70]]]},
"G687": {"type": "Matrix2x2", "payoffs": [[[0,28],[70,3]],[[68,0],[94,51]]]},
"G688": {"type": "Matrix2x2", "payoffs": [[[0,39],[17,0]],[[21,87],[9,26]]]},
"G689": {"type": "Matrix2x2", "payoffs": [[[0,6],[5,69]],[[29,77],[3,0]]]},
"G690": {"type": "Matrix2x2", "payoffs": [[[76,63],[6,10]],[[64,0],[0,36]]]},
"G691": {"type": "Matrix2x2", "payoffs": [[[24,41],[13,0]],[[17,14],[0,30]]]},
"G692": {"type": "Matrix2x2", "payoffs": [[[0,14],[18,8]],[[3,0],[21,30]]]},
"G693": {"type": "Matrix2x2", "payoffs": [[[74,10],[93,52]],[[0,0],[96,93]]]},
"G694": {"type": "Matrix2x2", "payoffs": [[[12,0],[1,19]],[[22,36],[0,15]]]},
"G695": {"type": "Matrix2x2", "payoffs": [[[42,4],[0,3]],[[32,1],[37,0]]]},
"G696": {"type": "Matrix2x2", "payoffs": [[[1,1],[7,2]],[[42,5],[0,0]]]},
"G697": {"type": "Matrix2x2", "payoffs": [[[36,5],[0,0]],[[3,31],[54,39]]]},
"G698": {"type": "Matrix2x2", "payoffs": [[[68,16],[32,0]],[[43,8],[0,11]]]},
"G699": {"type": "Matrix2x2", "payoffs": [[[62,41],[0,68]],[[66,0],[67,74]]]},
"G700": {"type": "Matrix2x2", "payoffs": [[[0,0],[23,17]],[[46,33],[2,5]]]},
"G701": {"type": "Matrix2x2", "payoffs": [[[0,28],[47,11]],[[19,0],[97,46]]]},
"G702": {"type": "Matrix2x2", "payoffs": [[[34,33],[18,39]],[[40,69],[0,0]]]},
"G703": {"type": "Matrix2x2", "payoffs": [[[0,21],[92,0]],[[43,46],[93,66]]]},
"G704": {"type": "Matrix2x2", "payoffs": [[[11,7],[16,60]],[[0,0],[7,35]]]},
"G705": {"type": "Matrix2x2", "payoffs": [[[16,55],[2,11]],[[0,26],[10,0]]]},
"G706": {"type": "Matrix2x2", "payoffs": [[[24,20],[0,0]],[[50,24],[15,8]]]},
"G707": {"type": "Matrix2x2", "payoffs": [[[75,91],[59,0]],[[0,64],[64,30]]]},
"G708": {"type": "Matrix2x2", "payoffs": [[[20,0],[53,29]],[[0,12],[82,38]]]},
"G709": {"type": "Matrix2x2", "payoffs": [[[33,1],[17,0]],[[48,58],[0,5]]]},
"G710": {"type": "Matrix2x2", "payoffs": [[[56,80],[16,0]],[[0,60],[29,55]]]},
"G711": {"type": "Matrix2x2", "payoffs": [[[0,9],[33,0]],[[62,20],[25,4]]]},
"G712": {"type": "Matrix2x2", "payoffs": [[[52,98],[0,0]],[[45,32],[6,56]]]},
"G713": {"type": "Matrix2x2", "payoffs": [[[0,0],[58,9]],[[31,1],[43,3]]]},
"G714": {"type": "Matrix2x2", "payoffs": [[[84,81],[0,0]],[[52,26],[42,63]]]},
"G715": {"type": "Matrix2x2", "payoffs": [[[1,0],[0,18]],[[6,27],[4,4]]]},
"G716": {"type": "Matrix2x2", "payoffs": [[[44,5],[54,45]],[[15,0],[0,11]]]},
"G717": {"type": "Matrix2x2", "payoffs": [[[19,52],[22,0]],[[24,81],[0,33]]]},
"G718": {"type": "Matrix2x2", "payoffs": [[[18,15],[31,43]],[[0,30],[1,0]]]},
"G719": {"type": "Matrix2x2", "payoffs": [[[80,70],[34,0]],[[0,20],[58,23]]]},
"G720": {"type": "Matrix2x2", "payoffs": [[[54,12],[39,7]],[[16,0],[0,5]]]},
"G721": {"type": "Matrix2x2", "payoffs": [[[18,0],[29,13]],[[10,7],[0,6]]]},
"G722": {"type": "Matrix2x2", "payoffs": [[[0,0],[39,18]],[[10,9],[37,4]]]},
"G723": {"type": "Matrix2x2", "payoffs": [[[34,0],[0,28]],[[1,58],[43,65]]]},
"G724": {"type": "Matrix2x2", "payoffs": [[[0,0],[2,18]],[[3,8],[27,19]]]},
"G725": {"type": "Matrix2x2", "payoffs": [[[0,31],[2,0]],[[1,24],[3,33]]]},
"G726": {"type": "Matrix2x2", "payoffs": [[[38,7],[0,73]],[[25,0],[49,74]]]},
"G727": {"type": "Matrix2x2", "payoffs": [[[0,0],[88,42]],[[42,30],[46,8]]]},
"G728": {"type": "Matrix2x2", "payoffs": [[[75,85],[13,0]],[[48,50],[0,35]]]},
"G729": {"type": "Matrix2x2", "payoffs": [[[45,69],[40,29]],[[0,0],[42,26]]]},
"G730": {"type": "Matrix2x2", "payoffs": [[[12,57],[29,68]],[[6,30],[0,0]]]},
"G731": {"type": "Matrix2x2", "payoffs": [[[0,21],[50,5]],[[13,0],[97,64]]]},
"G732": {"type": "Matrix2x2", "payoffs": [[[0,0],[98,96]],[[33,26],[87,60]]]},
"G733": {"type": "Matrix2x2", "payoffs": [[[3,28],[6,17]],[[0,0],[28,68]]]},
"G734": {"type": "Matrix2x2", "payoffs": [[[88,68],[51,63]],[[49,0],[0,2]]]},
"G735": {"type": "Matrix2x2", "payoffs": [[[0,0],[38,18]],[[5,5],[28,16]]]},
"G736": {"type": "Matrix2x2", "payoffs": [[[84,50],[0,67]],[[25,0],[99,71]]]},
"G737": {"type": "Matrix2x2", "payoffs": [[[0,0],[74,37]],[[98,60],[94,56]]]},
"G738": {"type": "Matrix2x2", "payoffs": [[[100,55],[7,21]],[[0,0],[12,31]]]},
"G739": {"type": "Matrix2x2", "payoffs": [[[0,0],[41,4]],[[52,10],[50,1]]]},
"G740": {"type": "Matrix2x2", "payoffs": [[[53,0],[0,70]],[[64,97],[61,96]]]},
"G741": {"type": "Matrix2x2", "payoffs": [[[0,0],[56,6]],[[50,5],[55,3]]]},
"G742": {"type": "Matrix2x2", "payoffs": [[[0,22],[4,20]],[[29,29],[22,0]]]},
"G743": {"type": "Matrix2x2", "payoffs": [[[49,51],[0,11]],[[75,56],[57,0]]]},
"G744": {"type": "Matrix2x2", "payoffs": [[[0,3],[7,0]],[[13,2],[20,7]]]},
"G745": {"type": "Matrix2x2", "payoffs": [[[29,0],[0,21]],[[1,33],[70,47]]]},
"G746": {"type": "Matrix2x2", "payoffs": [[[0,0],[21,54]],[[16,12],[8,14]]]},
"G747": {"type": "Matrix2x2", "payoffs": [[[10,7],[13,0]],[[0,2],[83,42]]]},
"G748": {"type": "Matrix2x2", "payoffs": [[[50,0],[45,1]],[[0,2],[67,4]]]},
"G749": {"type": "Matrix2x2", "payoffs": [[[18,35],[36,48]],[[34,0],[0,47]]]},
"G750": {"type": "Matrix2x2", "payoffs": [[[38,97],[20,23]],[[32,62],[0,0]]]},
"G751": {"type": "Matrix2x2", "payoffs": [[[16,0],[61,7]],[[87,9],[0,8]]]},
"G752": {"type": "Matrix2x2", "payoffs": [[[20,11],[0,0]],[[84,26],[7,20]]]},
"G753": {"type": "Matrix2x2", "payoffs": [[[73,41],[0,0]],[[8,4],[52,26]]]},
"G754": {"type": "Matrix2x2", "payoffs": [[[8,6],[1,1]],[[7,0],[0,5]]]},
"G755": {"type": "Matrix2x2", "payoffs": [[[0,54],[6,0]],[[1,78],[8,86]]]},
"G756": {"type": "Matrix2x2", "payoffs": [[[20,12],[0,87]],[[33,0],[72,92]]]},
"G757": {"type": "Matrix2x2", "payoffs": [[[14,17],[0,0]],[[62,56],[39,36]]]},
"G758": {"type": "Matrix2x2", "payoffs": [[[51,0],[0,4]],[[70,42],[29,40]]]},
"G759": {"type": "Matrix2x2", "payoffs": [[[0,43],[18,39]],[[78,64],[7,0]]]},
"G760": {"type": "Matrix2x2", "payoffs": [[[57,65],[0,28]],[[16,0],[22,10]]]},
"G761": {"type": "Matrix2x2", "payoffs": [[[0,41],[66,84]],[[12,0],[53,49]]]},
"G762": {"type": "Matrix2x2", "payoffs": [[[12,23],[6,18]],[[11,1],[0,0]]]},
"G763": {"type": "Matrix2x2", "payoffs": [[[11,3],[10,0]],[[0,11],[13,12]]]},
"G764": {"type": "Matrix2x2", "payoffs": [[[12,15],[16,70]],[[0,0],[65,81]]]},
"G765": {"type": "Matrix2x2", "payoffs": [[[91,55],[0,31]],[[72,42],[78,0]]]},
"G766": {"type": "Matrix2x2", "payoffs": [[[42,69],[22,58]],[[15,0],[0,1]]]},
"G767": {"type": "Matrix2x2", "payoffs": [[[13,25],[4,30]],[[29,90],[0,0]]]},
"G768": {"type": "Matrix2x2", "payoffs": [[[0,2],[5,1]],[[15,3],[12,0]]]},
"G769": {"type": "Matrix2x2", "payoffs": [[[93,79],[23,14]],[[0,34],[47,0]]]},
"G770": {"type": "Matrix2x2", "payoffs": [[[1,0],[3,89]],[[2,37],[0,63]]]},
"G771": {"type": "Matrix2x2", "payoffs": [[[0,0],[14,18]],[[11,61],[16,94]]]},
"G772": {"type": "Matrix2x2", "payoffs": [[[18,0],[64,97]],[[36,59],[0,45]]]},
"G773": {"type": "Matrix2x2", "payoffs": [[[0,0],[58,36]],[[59,37],[10,2]]]},
"G774": {"type": "Matrix2x2", "payoffs": [[[30,39],[7,0]],[[34,89],[0,17]]]},
"G775": {"type": "Matrix2x2", "payoffs": [[[3,27],[1,0]],[[0,1],[2,25]]]},
"G776": {"type": "Matrix2x2", "payoffs": [[[0,50],[11,27]],[[14,52],[8,0]]]},
"G777": {"type": "Matrix2x2", "payoffs": [[[15,44],[32,35]],[[42,73],[0,0]]]},
"G778": {"type": "Matrix2x2", "payoffs": [[[8,50],[19,68]],[[3,40],[0,0]]]},
"G779": {"type": "Matrix2x2", "payoffs": [[[11,29],[6,9]],[[0,0],[12,35]]]},
"G780": {"type": "Matrix2x2", "payoffs": [[[43,65],[29,9]],[[38,29],[0,0]]]},
"G781": {"type": "Matrix2x2", "payoffs": [[[0,5],[12,26]],[[72,38],[69,0]]]},
"G782": {"type": "Matrix2x2", "payoffs": [[[0,0],[62,62]],[[40,17],[98,93]]]},
"G783": {"type": "Matrix2x2", "payoffs": [[[4,20],[13,21]],[[0,14],[3,0]]]},
"G784": {"type": "Matrix2x2", "payoffs": [[[82,71],[33,0]],[[0,4],[13,67]]]},
"G785": {"type": "Matrix2x2", "payoffs": [[[0,19],[7,0]],[[93,24],[54,6]]]},
"G786": {"type": "Matrix2x2", "payoffs": [[[0,61],[59,75]],[[4,6],[23,0]]]},
"G787": {"type": "Matrix2x2", "payoffs": [[[29,30],[6,0]],[[20,23],[0,2]]]},
"G788": {"type": "Matrix2x2", "payoffs": [[[21,5],[2,2]],[[27,9],[0,0]]]},
"G789": {"type": "Matrix2x2", "payoffs": [[[28,30],[4,0]],[[0,27],[6,25]]]},
"G790": {"type": "Matrix2x2", "payoffs": [[[10,37],[72,44]],[[0,0],[73,45]]]},
"G791": {"type": "Matrix2x2", "payoffs": [[[0,75],[23,76]],[[22,0],[34,92]]]},
"G792": {"type": "Matrix2x2", "payoffs": [[[0,56],[20,0]],[[34,30],[92,91]]]},
"G793": {"type": "Matrix2x2", "payoffs": [[[0,31],[51,89]],[[42,0],[3,29]]]},
"G794": {"type": "Matrix2x2", "payoffs": [[[21,49],[70,98]],[[23,0],[0,90]]]},
"G795": {"type": "Matrix2x2", "payoffs": [[[0,11],[21,17]],[[7,6],[9,0]]]},
"G796": {"type": "Matrix2x2", "payoffs": [[[35,93],[49,98]],[[0,15],[47,0]]]},
"G797": {"type": "Matrix2x2", "payoffs": [[[0,51],[4,6]],[[1,0],[21,79]]]},
"G798": {"type": "Matrix2x2", "payoffs": [[[13,10],[0,3]],[[11,0],[29,25]]]},
"G799": {"type": "Matrix2x2", "payoffs": [[[0,0],[76,85]],[[27,18],[10,32]]]},
"G800": {"type": "Matrix2x2", "payoffs": [[[63,26],[42,0]],[[0,59],[74,68]]]},
"G801": {"type": "Matrix2x2", "payoffs": [[[0,0],[53,56]],[[32,8],[20,12]]]},
"G802": {"type": "Matrix2x2", "payoffs": [[[9,25],[5,8]],[[0,0],[23,29]]]},
"G803": {"type": "Matrix2x2", "payoffs": [[[22,66],[0,4]],[[55,86],[34,0]]]},
"G804": {"type": "Matrix2x2", "payoffs": [[[42,0],[84,3]],[[0,2],[34,1]]]},
"G805": {"type": "Matrix2x2", "payoffs": [[[27,0],[48,4]],[[85,68],[0,27]]]},
"G806": {"type": "Matrix2x2", "payoffs": [[[54,15],[0,0]],[[49,14],[34,2]]]},
"G807": {"type": "Matrix2x2", "payoffs": [[[6,0],[26,8]],[[0,7],[21,1]]]},
"G808": {"type": "Matrix2x2", "payoffs": [[[0,54],[2,16]],[[3,0],[8,96]]]},
"G809": {"type": "Matrix2x2", "payoffs": [[[85,49],[0,15]],[[73,12],[66,0]]]},
"G810": {"type": "Matrix2x2", "payoffs": [[[0,2],[37,36]],[[21,33],[6,0]]]},
"G811": {"type": "Matrix2x2", "payoffs": [[[0,3],[11,0]],[[24,31],[32,58]]]},
"G812": {"type": "Matrix2x2", "payoffs": [[[1,0],[0,87]],[[8,71],[34,96]]]},
"G813": {"type": "Matrix2x2", "payoffs": [[[31,19],[80,45]],[[0,1],[30,0]]]},
"G814": {"type": "Matrix2x2", "payoffs": [[[19,31],[0,64]],[[4,0],[24,94]]]},
"G815": {"type": "Matrix2x2", "payoffs": [[[67,69],[5,0]],[[65,50],[0,41]]]},
"G816": {"type": "Matrix2x2", "payoffs": [[[9,34],[0,0]],[[31,15],[46,42]]]},
"G817": {"type": "Matrix2x2", "payoffs": [[[0,2],[40,0]],[[32,10],[76,12]]]},
"G818": {"type": "Matrix2x2", "payoffs": [[[1,32],[0,0]],[[13,73],[5,55]]]},
"G819": {"type": "Matrix2x2", "payoffs": [[[0,2],[6,0]],[[14,15],[30,40]]]},
"G820": {"type": "Matrix2x2", "payoffs": [[[69,28],[59,0]],[[0,25],[17,17]]]},
"G821": {"type": "Matrix2x2", "payoffs": [[[3,13],[0,11]],[[2,9],[1,0]]]},
"G822": {"type": "Matrix2x2", "payoffs": [[[0,76],[12,26]],[[31,0],[78,85]]]},
"G823": {"type": "Matrix2x2", "payoffs": [[[0,7],[28,0]],[[85,10],[59,2]]]},
"G824": {"type": "Matrix2x2", "payoffs": [[[90,88],[29,53]],[[0,69],[24,0]]]},
"G825": {"type": "Matrix2x2", "payoffs": [[[16,8],[33,10]],[[0,0],[10,3]]]},
"G826": {"type": "Matrix2x2", "payoffs": [[[2,43],[0,0]],[[69,94],[24,74]]]},
"G827": {"type": "Matrix2x2", "payoffs": [[[0,35],[41,0]],[[42,6],[58,46]]]},
"G828": {"type": "Matrix2x2", "payoffs": [[[10,36],[8,0]],[[0,15],[11,54]]]},
"G829": {"type": "Matrix2x2", "payoffs": [[[10,4],[5,0]],[[11,9],[0,3]]]},
"G830": {"type": "Matrix2x2", "payoffs": [[[0,54],[41,28]],[[7,0],[44,61]]]},
"G831": {"type": "Matrix2x2", "payoffs": [[[31,0],[100,34]],[[0,11],[76,27]]]},
"G832": {"type": "Matrix2x2", "payoffs": [[[20,31],[26,36]],[[0,0],[10,33]]]},
"G833": {"type": "Matrix2x2", "payoffs": [[[18,9],[17,27]],[[25,31],[0,0]]]},
"G834": {"type": "Matrix2x2", "payoffs": [[[62,9],[68,56]],[[0,39],[58,0]]]},
"G835": {"type": "Matrix2x2", "payoffs": [[[5,60],[0,47]],[[31,75],[22,0]]]},
"G836": {"type": "Matrix2x2", "payoffs": [[[39,0],[59,7]],[[0,5],[40,3]]]},
"G837": {"type": "Matrix2x2", "payoffs": [[[52,41],[45,69]],[[0,0],[81,86]]]},
"G838": {"type": "Matrix2x2", "payoffs": [[[30,0],[22,28]],[[74,55],[0,16]]]},
"G839": {"type": "Matrix2x2", "payoffs": [[[9,82],[3,28]],[[0,0],[8,16]]]},
"G840": {"type": "Matrix2x2", "payoffs": [[[13,55],[8,0]],[[20,57],[0,40]]]},
"G841": {"type": "Matrix2x2", "payoffs": [[[28,16],[0,10]],[[91,54],[18,0]]]},
"G842": {"type": "Matrix2x2", "payoffs": [[[76,95],[96,96]],[[0,68],[73,0]]]},
"G843": {"type": "Matrix2x2", "payoffs": [[[19,29],[0,2]],[[30,0],[40,44]]]},
"G844": {"type": "Matrix2x2", "payoffs": [[[76,12],[93,15]],[[71,0],[0,6]]]},
"G845": {"type": "Matrix2x2", "payoffs": [[[57,49],[45,0]],[[0,28],[53,5]]]},
"G846": {"type": "Matrix2x2", "payoffs": [[[73,4],[85,1]],[[0,0],[100,6]]]},
"G847": {"type": "Matrix2x2", "payoffs": [[[74,32],[29,0]],[[0,8],[8,24]]]},
"G848": {"type": "Matrix2x2", "payoffs": [[[5,67],[47,69]],[[67,78],[0,0]]]},
"G849": {"type": "Matrix2x2", "payoffs": [[[17,18],[0,0]],[[54,20],[30,9]]]},
"G850": {"type": "Matrix2x2", "payoffs": [[[3,58],[0,0]],[[56,78],[30,6]]]},
"G851": {"type": "Matrix2x2", "payoffs": [[[23,17],[98,42]],[[60,7],[0,0]]]},
"G852": {"type": "Matrix2x2", "payoffs": [[[6,28],[4,7]],[[8,43],[0,0]]]},
"G853": {"type": "Matrix2x2", "payoffs": [[[54,16],[7,0]],[[0,56],[64,96]]]},
"G854": {"type": "Matrix2x2", "payoffs": [[[31,0],[9,89]],[[46,94],[0,85]]]},
"G855": {"type": "Matrix2x2", "payoffs": [[[64,27],[12,57]],[[0,0],[69,78]]]},
"G856": {"type": "Matrix2x2", "payoffs": [[[0,5],[71,11]],[[8,0],[18,2]]]},
"G857": {"type": "Matrix2x2", "payoffs": [[[0,50],[3,13]],[[15,91],[5,0]]]},
"G858": {"type": "Matrix2x2", "payoffs": [[[87,58],[0,0]],[[100,82],[97,25]]]},
"G859": {"type": "Matrix2x2", "payoffs": [[[4,37],[0,0]],[[58,47],[47,30]]]},
"G860": {"type": "Matrix2x2", "payoffs": [[[21,0],[15,26]],[[83,33],[0,1]]]},
"G861": {"type": "Matrix2x2", "payoffs": [[[0,5],[21,43]],[[30,0],[68,60]]]},
"G862": {"type": "Matrix2x2", "payoffs": [[[25,30],[61,84]],[[47,0],[0,12]]]},
"G863": {"type": "Matrix2x2", "payoffs": [[[0,0],[31,77]],[[7,55],[22,13]]]},
"G864": {"type": "Matrix2x2", "payoffs": [[[1,18],[0,0]],[[6,25],[4,17]]]},
"G865": {"type": "Matrix2x2", "payoffs": [[[25,39],[0,0]],[[23,34],[33,47]]]},
"G866": {"type": "Matrix2x2", "payoffs": [[[0,18],[33,0]],[[62,71],[13,24]]]},
"G867": {"type": "Matrix2x2", "payoffs": [[[29,65],[72,94]],[[46,0],[0,11]]]},
"G868": {"type": "Matrix2x2", "payoffs": [[[22,43],[4,0]],[[0,52],[59,61]]]},
"G869": {"type": "Matrix2x2", "payoffs": [[[22,0],[55,57]],[[10,29],[0,46]]]},
"G870": {"type": "Matrix2x2", "payoffs": [[[54,7],[53,1]],[[0,2],[38,0]]]},
"G871": {"type": "Matrix2x2", "payoffs": [[[70,0],[0,56]],[[63,20],[76,95]]]},
"G872": {"type": "Matrix2x2", "payoffs": [[[0,0],[87,30]],[[43,11],[63,15]]]},
"G873": {"type": "Matrix2x2", "payoffs": [[[0,17],[42,60]],[[29,0],[52,73]]]},
"G874": {"type": "Matrix2x2", "payoffs": [[[16,13],[0,0]],[[29,25],[6,2]]]},
"G875": {"type": "Matrix2x2", "payoffs": [[[2,21],[7,52]],[[5,44],[0,0]]]},
"G876": {"type": "Matrix2x2", "payoffs": [[[20,95],[18,34]],[[0,0],[2,94]]]},
"G877": {"type": "Matrix2x2", "payoffs": [[[72,16],[39,10]],[[0,0],[67,9]]]},
"G878": {"type": "Matrix2x2", "payoffs": [[[50,92],[81,99]],[[0,8],[73,0]]]},
"G879": {"type": "Matrix2x2", "payoffs": [[[0,0],[6,56]],[[48,80],[40,75]]]},
"G880": {"type": "Matrix2x2", "payoffs": [[[2,28],[19,72]],[[0,0],[4,36]]]},
"G881": {"type": "Matrix2x2", "payoffs": [[[8,6],[17,28]],[[11,0],[0,18]]]},
"G882": {"type": "Matrix2x2", "payoffs": [[[3,0],[0,36]],[[5,35],[11,38]]]},
"G883": {"type": "Matrix2x2", "payoffs": [[[100,26],[0,0]],[[14,10],[59,18]]]},
"G884": {"type": "Matrix2x2", "payoffs": [[[47,75],[0,7]],[[28,0],[30,12]]]},
"G885": {"type": "Matrix2x2", "payoffs": [[[31,32],[20,7]],[[0,10],[11,0]]]},
"G886": {"type": "Matrix2x2", "payoffs": [[[0,21],[55,27]],[[16,9],[25,0]]]},
"G887": {"type": "Matrix2x2", "payoffs": [[[0,0],[2,2]],[[3,1],[9,3]]]},
"G888": {"type": "Matrix2x2", "payoffs": [[[60,21],[8,0]],[[92,37],[0,13]]]},
"G889": {"type": "Matrix2x2", "payoffs": [[[71,80],[35,51]],[[59,18],[0,0]]]},
"G890": {"type": "Matrix2x2", "payoffs": [[[39,48],[0,17]],[[31,0],[69,61]]]},
"G891": {"type": "Matrix2x2", "payoffs": [[[34,0],[47,30]],[[33,17],[0,22]]]},
"G892": {"type": "Matrix2x2", "payoffs": [[[74,88],[50,0]],[[31,83],[0,3]]]},
"G893": {"type": "Matrix2x2", "payoffs": [[[0,6],[1,55]],[[83,60],[37,0]]]},
"G894": {"type": "Matrix2x2", "payoffs": [[[0,13],[2,0]],[[82,16],[16,1]]]},
"G895": {"type": "Matrix2x2", "payoffs": [[[0,0],[44,41]],[[43,26],[67,78]]]},
"G896": {"type": "Matrix2x2", "payoffs": [[[0,15],[27,0]],[[33,89],[20,40]]]},
"G897": {"type": "Matrix2x2", "payoffs": [[[65,56],[0,33]],[[27,0],[20,34]]]},
"G898": {"type": "Matrix2x2", "payoffs": [[[0,0],[16,66]],[[1,81],[17,86]]]},
"G899": {"type": "Matrix2x2", "payoffs": [[[0,0],[11,17]],[[9,5],[5,14]]]},
"G900": {"type": "Matrix2x2", "payoffs": [[[51,68],[47,0]],[[0,37],[45,16]]]},
"G901": {"type": "Matrix2x2", "payoffs": [[[0,0],[1,16]],[[3,40],[2,18]]]},
"G902": {"type": "Matrix2x2", "payoffs": [[[3,0],[0,28]],[[1,36],[5,86]]]},
"G903": {"type": "Matrix2x2", "payoffs": [[[3,31],[99,95]],[[0,5],[52,0]]]},
"G904": {"type": "Matrix2x2", "payoffs": [[[16,0],[20,24]],[[56,51],[0,47]]]},
"G905": {"type": "Matrix2x2", "payoffs": [[[0,1],[11,0]],[[8,2],[16,4]]]},
"G906": {"type": "Matrix2x2", "payoffs": [[[28,3],[0,4]],[[51,5],[5,0]]]},
"G907": {"type": "Matrix2x2", "payoffs": [[[48,49],[33,0]],[[0,8],[2,14]]]},
"G908": {"type": "Matrix2x2", "payoffs": [[[89,80],[73,37]],[[0,0],[68,63]]]},
"G909": {"type": "Matrix2x2", "payoffs": [[[47,0],[60,52]],[[28,10],[0,7]]]},
"G910": {"type": "Matrix2x2", "payoffs": [[[49,45],[0,30]],[[28,0],[25,9]]]},
"G911": {"type": "Matrix2x2", "payoffs": [[[0,2],[54,6]],[[4,0],[2,4]]]},
"G912": {"type": "Matrix2x2", "payoffs": [[[29,28],[45,56]],[[0,0],[41,55]]]},
"G913": {"type": "Matrix2x2", "payoffs": [[[0,11],[61,33]],[[11,0],[30,29]]]},
"G914": {"type": "Matrix2x2", "payoffs": [[[0,1],[32,0]],[[53,13],[66,25]]]},
"G915": {"type": "Matrix2x2", "payoffs": [[[14,17],[0,4]],[[6,0],[2,14]]]},
"G916": {"type": "Matrix2x2", "payoffs": [[[47,86],[0,32]],[[9,0],[18,47]]]},
"G917": {"type": "Matrix2x2", "payoffs": [[[1,0],[0,13]],[[2,29],[14,38]]]},
"G918": {"type": "Matrix2x2", "payoffs": [[[90,16],[0,2]],[[32,0],[39,9]]]},
"G919": {"type": "Matrix2x2", "payoffs": [[[24,17],[2,0]],[[0,36],[32,43]]]},
"G920": {"type": "Matrix2x2", "payoffs": [[[52,71],[20,24]],[[24,0],[0,30]]]},
"G921": {"type": "Matrix2x2", "payoffs": [[[12,9],[0,0]],[[21,30],[13,17]]]},
"G922": {"type": "Matrix2x2", "payoffs": [[[67,21],[97,32]],[[0,0],[57,19]]]},
"G923": {"type": "Matrix2x2", "payoffs": [[[1,0],[16,14]],[[13,9],[0,13]]]},
"G924": {"type": "Matrix2x2", "payoffs": [[[70,8],[0,4]],[[45,0],[81,19]]]},
"G925": {"type": "Matrix2x2", "payoffs": [[[55,6],[35,1]],[[0,0],[85,7]]]},
"G926": {"type": "Matrix2x2", "payoffs": [[[61,55],[21,24]],[[45,3],[0,0]]]},
"G927": {"type": "Matrix2x2", "payoffs": [[[0,22],[40,0]],[[56,23],[95,67]]]},
"G928": {"type": "Matrix2x2", "payoffs": [[[10,54],[92,76]],[[87,0],[0,72]]]},
"G929": {"type": "Matrix2x2", "payoffs": [[[0,47],[2,0]],[[28,86],[25,24]]]},
"G930": {"type": "Matrix2x2", "payoffs": [[[6,73],[3,64]],[[4,31],[0,0]]]},
"G931": {"type": "Matrix2x2", "payoffs": [[[75,29],[0,6]],[[32,21],[54,0]]]},
"G932": {"type": "Matrix2x2", "payoffs": [[[32,68],[0,61]],[[55,0],[60,94]]]},
"G933": {"type": "Matrix2x2", "payoffs": [[[0,0],[67,1]],[[68,5],[22,4]]]},
"G934": {"type": "Matrix2x2", "payoffs": [[[0,0],[26,78]],[[13,72],[42,90]]]},
"G935": {"type": "Matrix2x2", "payoffs": [[[45,45],[0,0]],[[36,27],[96,46]]]},
"G936": {"type": "Matrix2x2", "payoffs": [[[0,12],[6,18]],[[2,6],[3,0]]]},
"G937": {"type": "Matrix2x2", "payoffs": [[[0,0],[47,9]],[[99,97],[33,82]]]},
"G938": {"type": "Matrix2x2", "payoffs": [[[32,11],[75,13]],[[27,0],[0,6]]]},
"G939": {"type": "Matrix2x2", "payoffs": [[[3,12],[26,40]],[[0,0],[27,89]]]},
"G940": {"type": "Matrix2x2", "payoffs": [[[1,0],[4,2]],[[5,12],[0,9]]]},
"G941": {"type": "Matrix2x2", "payoffs": [[[0,31],[13,83]],[[1,18],[9,0]]]},
"G942": {"type": "Matrix2x2", "payoffs": [[[7,22],[0,49]],[[26,0],[29,69]]]},
"G943": {"type": "Matrix2x2", "payoffs": [[[7,0],[63,30]],[[0,2],[18,23]]]},
"G944": {"type": "Matrix2x2", "payoffs": [[[0,10],[2,0]],[[4,63],[1,37]]]},
"G945": {"type": "Matrix2x2", "payoffs": [[[39,0],[23,6]],[[0,16],[80,61]]]},
"G946": {"type": "Matrix2x2", "payoffs": [[[80,29],[0,0]],[[78,21],[42,2]]]},
"G947": {"type": "Matrix2x2", "payoffs": [[[52,4],[80,18]],[[33,0],[0,1]]]},
"G948": {"type": "Matrix2x2", "payoffs": [[[5,45],[0,0]],[[18,22],[38,48]]]},
"G949": {"type": "Matrix2x2", "payoffs": [[[1,0],[14,26]],[[15,92],[0,19]]]},
"G950": {"type": "Matrix2x2", "payoffs": [[[16,52],[0,48]],[[11,0],[7,37]]]},
"G951": {"type": "Matrix2x2", "payoffs": [[[17,0],[2,6]],[[0,63],[25,69]]]},
"G952": {"type": "Matrix2x2", "payoffs": [[[0,62],[3,64]],[[2,0],[1,58]]]},
"G953": {"type": "Matrix2x2", "payoffs": [[[67,97],[55,23]],[[8,0],[0,80]]]},
"G954": {"type": "Matrix2x2", "payoffs": [[[72,17],[0,39]],[[98,46],[40,0]]]},
"G955": {"type": "Matrix2x2", "payoffs": [[[29,18],[0,10]],[[19,0],[11,17]]]},
"G956": {"type": "Matrix2x2", "payoffs": [[[40,21],[47,80]],[[8,24],[0,0]]]},
"G957": {"type": "Matrix2x2", "payoffs": [[[0,0],[46,48]],[[44,4],[20,2]]]},
"G958": {"type": "Matrix2x2", "payoffs": [[[8,70],[30,71]],[[7,55],[0,0]]]},
"G959": {"type": "Matrix2x2", "payoffs": [[[0,56],[24,0]],[[68,88],[14,81]]]},
"G960": {"type": "Matrix2x2", "payoffs": [[[20,93],[0,77]],[[4,49],[11,0]]]},
"G961": {"type": "Matrix2x2", "payoffs": [[[94,13],[0,12]],[[8,0],[34,11]]]},
"G962": {"type": "Matrix2x2", "payoffs": [[[0,19],[9,0]],[[94,65],[44,41]]]},
"G963": {"type": "Matrix2x2", "payoffs": [[[7,23],[58,38]],[[18,17],[0,0]]]},
"G964": {"type": "Matrix2x2", "payoffs": [[[2,15],[0,0]],[[75,63],[53,26]]]},
"G965": {"type": "Matrix2x2", "payoffs": [[[9,9],[0,0]],[[1,14],[40,21]]]},
"G966": {"type": "Matrix2x2", "payoffs": [[[0,23],[9,48]],[[1,1],[4,0]]]},
"G967": {"type": "Matrix2x2", "payoffs": [[[46,15],[2,5]],[[8,0],[0,1]]]},
"G968": {"type": "Matrix2x2", "payoffs": [[[0,32],[4,52]],[[3,0],[1,39]]]},
"G969": {"type": "Matrix2x2", "payoffs": [[[34,8],[0,0]],[[59,38],[23,13]]]},
"G970": {"type": "Matrix2x2", "payoffs": [[[55,57],[28,50]],[[0,17],[32,0]]]},
"G971": {"type": "Matrix2x2", "payoffs": [[[0,0],[36,6]],[[47,14],[49,90]]]},
"G972": {"type": "Matrix2x2", "payoffs": [[[0,19],[84,26]],[[74,8],[70,0]]]},
"G973": {"type": "Matrix2x2", "payoffs": [[[0,3],[89,97]],[[53,0],[72,22]]]},
"G974": {"type": "Matrix2x2", "payoffs": [[[31,0],[21,3]],[[38,47],[0,38]]]},
"G975": {"type": "Matrix2x2", "payoffs": [[[40,56],[30,0]],[[0,21],[22,47]]]},
"G976": {"type": "Matrix2x2", "payoffs": [[[8,30],[0,0]],[[1,11],[6,10]]]},
"G977": {"type": "Matrix2x2", "payoffs": [[[4,55],[21,76]],[[0,28],[11,0]]]},
"G978": {"type": "Matrix2x2", "payoffs": [[[0,3],[3,0]],[[31,4],[47,10]]]},
"G979": {"type": "Matrix2x2", "payoffs": [[[27,1],[71,0]],[[78,8],[0,3]]]},
"G980": {"type": "Matrix2x2", "payoffs": [[[33,97],[14,26]],[[13,0],[0,77]]]},
"G981": {"type": "Matrix2x2", "payoffs": [[[0,17],[6,0]],[[23,9],[25,44]]]},
"G982": {"type": "Matrix2x2", "payoffs": [[[0,0],[35,95]],[[1,68],[7,94]]]},
"G983": {"type": "Matrix2x2", "payoffs": [[[0,3],[3,7]],[[9,9],[2,0]]]},
"G984": {"type": "Matrix2x2", "payoffs": [[[37,2],[24,43]],[[0,0],[95,53]]]},
"G985": {"type": "Matrix2x2", "payoffs": [[[0,0],[77,21]],[[15,9],[78,22]]]},
"G986": {"type": "Matrix2x2", "payoffs": [[[54,72],[19,64]],[[13,36],[0,0]]]},
"G987": {"type": "Matrix2x2", "payoffs": [[[37,36],[5,7]],[[0,25],[13,0]]]},
"G988": {"type": "Matrix2x2", "payoffs": [[[0,0],[8,2]],[[27,13],[37,38]]]},
"G989": {"type": "Matrix2x2", "payoffs": [[[23,33],[95,80]],[[86,69],[0,0]]]},
"G990": {"type": "Matrix2x2", "payoffs": [[[23,31],[8,8]],[[0,0],[17,3]]]},
"G991": {"type": "Matrix2x2", "payoffs": [[[20,45],[32,95]],[[0,94],[25,0]]]},
"G992": {"type": "Matrix2x2", "payoffs": [[[62,0],[84,90]],[[0,46],[43,24]]]},
"G993": {"type": "Matrix2x2", "payoffs": [[[0,39],[10,0]],[[6,79],[30,80]]]},
"G994": {"type": "Matrix2x2", "payoffs": [[[47,0],[0,9]],[[49,43],[68,83]]]},
"G995": {"type": "Matrix2x2", "payoffs": [[[32,0],[96,38]],[[0,1],[66,8]]]},
"G996": {"type": "Matrix2x2", "payoffs": [[[7,8],[75,74]],[[66,65],[0,0]]]},
"G997": {"type": "Matrix2x2", "payoffs": [[[64,89],[50,0]],[[0,2],[42,66]]]},
"G998": {"type": "Matrix2x2", "payoffs": [[[16,12],[0,15]],[[6,0],[20,18]]]},
"G999": {"type": "Matrix2x2", "payoffs": [[[0,25],[1,0]],[[3,22],[4,55]]]},
"G1000": {"type": "Matrix2x2", "payoffs": [[[50,52],[96,55]],[[0,0],[1,23]]]}
}