{
"numGames": 1000,
"G1": {"type": "Matrix2x2", "payoffs": [[[28,56],[33,84]],[[0,0],[22,5]]]},
"G2": {"type": "Matrix2x2", "payoffs": [[[97,43],[5,14]],[[0,0],[58,34]]]},
"G3": {"type": "Matrix2x2", "payoffs": [[[70,13],[0,0]],[[43,11],[22,7]]]},
"G4": {"type": "Matrix2x2", "payoffs": [[[49,55],[4,0]],[[2,18],[0,44]]]},
"G5": {"type": "Matrix2x2", "payoffs": [[[19,15],[0,30]],[[72,33],[51,0]]]},
"G6": {"type": "Matrix2x2", "payoffs": [[[42,0],[7,12]],[[87,31],[0,30]]]},
"G7": {"type": "Matrix2x2", "payoffs": [[[0,0],[5,4]],[[73,19],[78,33]]]},
"G8": {"type": "Matrix2x2", "payoffs": [[[5,96],[2,0]],[[0,28],[3,53]]]},
"G9": {"type": "Matrix2x2", "payoffs": [[[83,2],[79,40]],[[0,0],[97,74]]]},
"G10": {"type": "Matrix2x2", "payoffs": [[[35,1],[91,2]],[[95,3],[0,0]]]},
"G11": {"type": "Matrix2x2", "payoffs": [[[0,0],[9,3]],[[7,2],[14,5]]]},
"G12": {"type": "Matrix2x2", "payoffs": [[[47,15],[86,90]],[[49,0],[0,57]]]},
"G13": {"type": "Matrix2x2", "payoffs": [[[13,62],[24,0]],[[0,18],[40,82]]]},
"G14": {"type": "Matrix2x2", "payoffs": [[[95,58],[76,19]],[[28,54],[0,0]]]},
"G15": {"type": "Matrix2x2", "payoffs": [[[0,0],[4,75]],[[1,67],[7,85]]]},
"G16": {"type": "Matrix2x2", "payoffs": [[[0,63],[42,85]],[[40,43],[6,0]]]},
"G17": {"type": "Matrix2x2", "payoffs": [[[60,20],[59,0]],[[72,58],[0,3]]]},
"G18": {"type": "Matrix2x2", "payoffs": [[[0,36],[83,49]],[[80,0],[24,6]]]},
"G19": {"type": "Matrix2x2", "payoffs": [[[0,16],[4,0]],[[64,59],[82,68]]]},
"G20": {"type": "Matrix2x2", "payoffs": [[[2,14],[0,0]],[[1,17],[3,20]]]},
"G21": {"type": "Matrix2x2", "payoffs": [[[19,90],[17,21]],[[0,78],[1,0]]]},
"G22": {"type": "Matrix2x2", "payoffs": [[[9,0],[10,3]],[[0,28],[17,43]]]},
"G23": {"type": "Matrix2x2", "payoffs": [[[8,3],[24,1]],[[42,4],[0,0]]]},
"G24": {"type": "Matrix2x2", "payoffs": [[[2,59],[0,43]],[[5,0],[16,74]]]},
"G25": {"type": "Matrix2x2", "payoffs": [[[2,0],[1,19]],[[4,51],[0,9]]]},
"G26": {"type": "Matrix2x2", "payoffs": [[[80,41],[72,34]],[[0,0],[31,29]]]},
"G27": {"type": "Matrix2x2", "payoffs": [[[10,0],[57,52]],[[46,35],[0,48]]]},
"G28": {"type": "Matrix2x2", "payoffs": [[[56,52],[0,0]],[[45,47],[38,29]]]},
"G29": {"type": "Matrix2x2", "payoffs": [[[62,89],[15,64]],[[16,13],[0,0]]]},
"G30": {"type": "Matrix2x2", "payoffs": [[[20,88],[7,0]],[[13,80],[0,23]]]},
"G31": {"type": "Matrix2x2", "payoffs": [[[2,25],[13,54]],[[0,26],[11,0]]]},
"G32": {"type": "Matrix2x2", "payoffs": [[[6,25],[0,0]],[[86,33],[45,32]]]},
"G33": {"type": "Matrix2x2", "payoffs": [[[1,41],[3,63]],[[2,0],[0,13]]]},
"G34": {"type": "Matrix2x2", "payoffs": [[[6,6],[54,29]],[[12,24],[0,0]]]},
"G35": {"type": "Matrix2x2", "payoffs": [[[28,0],[97,24]],[[73,9],[0,11]]]},
"G36": {"type": "Matrix2x2", "payoffs": [[[70,64],[41,41]],[[56,47],[0,0]]]},
"G37": {"type": "Matrix2x2", "payoffs": [[[0,10],[16,0]],[[19,4],[29,16]]]},
"G38": {"type": "Matrix2x2", "payoffs": [[[21,7],[60,9]],[[0,1],[58,0]]]},
"G39": {"type": "Matrix2x2", "payoffs": [[[0,25],[70,28]],[[59,7],[25,0]]]},
"G40": {"type": "Matrix2x2", "payoffs": [[[23,99],[0,16]],[[13,83],[21,0]]]},
"G41": {"type": "Matrix2x2", "payoffs": [[[15,48],[8,32]],[[0,29],[6,0]]]},
"G42": {"type": "Matrix2x2", "payoffs": [[[0,1],[1,0]],[[8,6],[4,5]]]},
"G43": {"type": "Matrix2x2", "payoffs": [[[0,71],[21,0]],[[28,84],[22,36]]]},
"G44": {"type": "Matrix2x2", "payoffs": [[[79,23],[49,0]],[[0,32],[81,44]]]},
"G45": {"type": "Matrix2x2", "payoffs": [[[31,24],[19,18]],[[5,2],[0,0]]]},
"G46": {"type": "Matrix2x2", "payoffs": [[[92,36],[88,2]],[[0,31],[6,0]]]},
"G47": {"type": "Matrix2x2", "payoffs": [[[12,0],[0,31]],[[87,48],[33,33]]]},
"G48": {"type": "Matrix2x2", "payoffs": [[[48,27],[84,32]],[[38,0],[0,9]]]},
"G49": {"type": "Matrix2x2", "payoffs": [[[0,0],[86,92]],[[11,66],[4,79]]]},
"G50": {"type": "Matrix2x2", "payoffs": [[[0,24],[37,19]],[[2,0],[46,85]]]},
"G51": {"type": "Matrix2x2", "payoffs": [[[26,8],[0,0]],[[11,2],[12,5]]]},
"G52": {"type": "Matrix2x2", "payoffs": [[[31,21],[75,60]],[[19,41],[0,0]]]},
"G53": {"type": "Matrix2x2", "payoffs": [[[25,7],[18,0]],[[32,9],[0,6]]]},
"G54": {"type": "Matrix2x2", "payoffs": [[[0,13],[9,27]],[[60,54],[6,0]]]},
"G55": {"type": "Matrix2x2", "payoffs": [[[4,54],[0,55]],[[7,0],[17,68]]]},
"G56": {"type": "Matrix2x2", "payoffs": [[[7,11],[2,8]],[[3,0],[0,5]]]},
"G57": {"type": "Matrix2x2", "payoffs": [[[54,0],[67,4]],[[0,2],[77,7]]]},
"G58": {"type": "Matrix2x2", "payoffs": [[[59,93],[58,7]],[[54,0],[0,68]]]},
"G59": {"type": "Matrix2x2", "payoffs": [[[7,1],[0,0]],[[11,25],[1,11]]]},
"G60": {"type": "Matrix2x2", "payoffs": [[[37,67],[0,0]],[[19,17],[27,8]]]},
"G61": {"type": "Matrix2x2", "payoffs": [[[3,10],[11,16]],[[0,13],[7,0]]]},
"G62": {"type": "Matrix2x2", "payoffs": [[[0,0],[41,12]],[[7,11],[13,4]]]},
"G63": {"type": "Matrix2x2", "payoffs": [[[33,11],[0,0]],[[41,43],[28,26]]]},
"G64": {"type": "Matrix2x2", "payoffs": [[[0,25],[47,50]],[[19,0],[4,19]]]},
"G65": {"type": "Matrix2x2", "payoffs": [[[8,0],[0,54]],[[10,67],[5,12]]]},
"G66": {"type": "Matrix2x2", "payoffs": [[[65,29],[0,0]],[[90,31],[31,3]]]},
"G67": {"type": "Matrix2x2", "payoffs": [[[25,66],[13,0]],[[20,35],[0,29]]]},
"G68": {"type": "Matrix2x2", "payoffs": [[[13,68],[0,13]],[[7,0],[10,37]]]},
"G69": {"type": "Matrix2x2", "payoffs": [[[13,0],[67,42]],[[21,1],[0,8]]]},
"G70": {"type": "Matrix2x2", "payoffs": [[[0,0],[11,39]],[[5,18],[6,11]]]},
"G71": {"type": "Matrix2x2", "payoffs": [[[0,39],[16,0]],[[28,14],[93,84]]]},
"G72": {"type": "Matrix2x2", "payoffs": [[[15,34],[11,23]],[[7,0],[0,21]]]},
"G73": {"type": "Matrix2x2", "payoffs": [[[13,37],[0,0]],[[53,49],[38,43]]]},
"G74": {"type": "Matrix2x2", "payoffs": [[[24,36],[15,17]],[[0,0],[74,92]]]},
"G75": {"type": "Matrix2x2", "payoffs": [[[0,9],[2,27]],[[86,64],[9,0]]]},
"G76": {"type": "Matrix2x2", "payoffs": [[[0,0],[16,4]],[[32,26],[15,21]]]},
"G77": {"type": "Matrix2x2", "payoffs": [[[6,7],[17,30]],[[0,0],[29,61]]]},
"G78": {"type": "Matrix2x2", "payoffs": [[[53,13],[8,0]],[[0,85],[58,96]]]},
"G79": {"type": "Matrix2x2", "payoffs": [[[61,56],[0,21]],[[31,16],[18,0]]]},
"G80": {"type": "Matrix2x2", "payoffs": [[[0,2],[89,0]],[[99,6],[91,4]]]},
"G81": {"type": "Matrix2x2", "payoffs": [[[33,37],[0,0]],[[58,54],[48,10]]]},
"G82": {"type": "Matrix2x2", "payoffs": [[[80,4],[60,3]],[[0,1],[57,0]]]},
"G83": {"type": "Matrix2x2", "payoffs": [[[33,13],[39,0]],[[0,16],[55,58]]]},
"G84": {"type": "Matrix2x2", "payoffs": [[[0,46],[39,61]],[[49,87],[35,0]]]},
"G85": {"type": "Matrix2x2", "payoffs": [[[0,6],[9,24]],[[25,28],[5,0]]]},
"G86": {"type": "Matrix2x2", "payoffs": [[[6,0],[10,23]],[[0,21],[12,57]]]},
"G87": {"type": "Matrix2x2", "payoffs": [[[14,25],[19,46]],[[18,0],[0,41]]]},
"G88": {"type": "Matrix2x2", "payoffs": [[[30,0],[0,7]],[[32,59],[9,24]]]},
"G89": {"type": "Matrix2x2", "payoffs": [[[58,53],[66,67]],[[0,0],[98,71]]]},
"G90": {"type": "Matrix2x2", "payoffs": [[[49,92],[20,20]],[[15,9],[0,0]]]},
"G91": {"type": "Matrix2x2", "payoffs": [[[29,0],[0,31]],[[69,4],[88,47]]]},
"G92": {"type": "Matrix2x2", "payoffs": [[[3,0],[9,19]],[[8,4],[0,17]]]},
"G93": {"type": "Matrix2x2", "payoffs": [[[2,0],[15,31]],[[0,9],[10,27]]]},
"G94": {"type": "Matrix2x2", "payoffs": [[[37,100],[26,16]],[[31,0],[0,14]]]},
"G95": {"type": "Matrix2x2", "payoffs": [[[65,48],[84,63]],[[2,0],[0,14]]]},
"G96": {"type": "Matrix2x2", "payoffs": [[[10,35],[0,0]],[[5,42],[13,86]]]},
"G97": {"type": "Matrix2x2", "payoffs": [[[51,38],[0,0]],[[11,2],[62,71]]]},
"G98": {"type": "Matrix2x2", "payoffs": [[[65,84],[0,1]],[[15,45],[33,0]]]},
"G99": {"type": "Matrix2x2", "payoffs": [[[3,0],[1,2]],[[8,79],[0,34]]]},
"G100": {"type": "Matrix2x2", "payoffs": [[[50,34],[93,89]],[[17,65],[0,0]]]},
"G101": {"type": "Matrix2x2", "payoffs": [[[29,14],[57,6]],[[0,0],[65,76]]]},
"G102": {"type": "Matrix2x2", "payoffs": [[[27,13],[18,0]],[[74,24],[0,17]]]},
"G103": {"type": "Matrix2x2", "payoffs": [[[23,91],[92,93]],[[73,62],[0,0]]]},
"G104": {"type": "Matrix2x2", "payoffs": [[[32,31],[30,0]],[[0,36],[42,93]]]},
"G105": {"type": "Matrix2x2", "payoffs": [[[34,0],[42,26]],[[1,24],[0,12]]]},
"G106": {"type": "Matrix2x2", "payoffs": [[[21,21],[18,10]],[[29,95],[0,0]]]},
"G107": {"type": "Matrix2x2", "payoffs": [[[26,8],[0,9]],[[6,0],[27,51]]]},
"G108": {"type": "Matrix2x2", "payoffs": [[[39,38],[42,69]],[[93,72],[0,0]]]},
"G109": {"type": "Matrix2x2", "payoffs": [[[60,77],[40,75]],[[13,0],[0,16]]]},
"G110": {"type": "Matrix2x2", "payoffs": [[[37,58],[72,75]],[[13,0],[0,39]]]},
"G111": {"type": "Matrix2x2", "payoffs": [[[9,26],[0,40]],[[10,0],[26,66]]]},
"G112": {"type": "Matrix2x2", "payoffs": [[[13,44],[3,0]],[[14,53],[0,13]]]},
"G113": {"type": "Matrix2x2", "payoffs": [[[33,16],[35,46]],[[25,0],[0,34]]]},
"G114": {"type": "Matrix2x2", "payoffs": [[[0,2],[39,1]],[[13,0],[58,3]]]},
"G115": {"type": "Matrix2x2", "payoffs": [[[2,84],[5,88]],[[0,12],[4,0]]]},
"G116": {"type": "Matrix2x2", "payoffs": [[[0,0],[29,68]],[[14,17],[7,23]]]},
"G117": {"type": "Matrix2x2", "payoffs": [[[3,2],[1,3]],[[0,0],[5,5]]]},
"G118": {"type": "Matrix2x2", "payoffs": [[[23,2],[100,3]],[[10,1],[0,0]]]},
"G119": {"type": "Matrix2x2", "payoffs": [[[72,88],[95,93]],[[65,0],[0,35]]]},
"G120": {"type": "Matrix2x2", "payoffs": [[[0,9],[26,86]],[[21,0],[25,2]]]},
"G121": {"type": "Matrix2x2", "payoffs": [[[29,21],[43,0]],[[0,1],[53,82]]]},
"G122": {"type": "Matrix2x2", "payoffs": [[[0,1],[22,3]],[[7,0],[25,4]]]},
"G123": {"type": "Matrix2x2", "payoffs": [[[38,13],[17,0]],[[31,5],[0,2]]]},
"G124": {"type": "Matrix2x2", "payoffs": [[[0,12],[46,0]],[[80,93],[16,23]]]},
"G125": {"type": "Matrix2x2", "payoffs": [[[0,0],[40,6]],[[10,77],[58,91]]]},
"G126": {"type": "Matrix2x2", "payoffs": [[[35,40],[27,61]],[[0,0],[40,77]]]},
"G127": {"type": "Matrix2x2", "payoffs": [[[0,0],[4,47]],[[5,37],[8,66]]]},
"G128": {"type": "Matrix2x2", "payoffs": [[[72,48],[0,17]],[[8,13],[65,0]]]},
"G129": {"type": "Matrix2x2", "payoffs": [[[32,0],[0,25]],[[24,4],[57,33]]]},
"G130": {"type": "Matrix2x2", "payoffs": [[[30,0],[40,60]],[[0,10],[37,5]]]},
"G131": {"type": "Matrix2x2", "payoffs": [[[16,23],[27,0]],[[0,3],[34,24]]]},
"G132": {"type": "Matrix2x2", "payoffs": [[[35,43],[0,0]],[[43,77],[5,63]]]},
"G133": {"type": "Matrix2x2", "payoffs": [[[0,0],[29,16]],[[56,1],[85,23]]]},
"G134": {"type": "Matrix2x2", "payoffs": [[[26,33],[20,0]],[[0,24],[15,14]]]},
"G135": {"type": "Matrix2x2", "payoffs": [[[61,20],[42,0]],[[0,14],[26,5]]]},
"G136": {"type": "Matrix2x2", "payoffs": [[[96,79],[78,50]],[[67,0],[0,32]]]},
"G137": {"type": "Matrix2x2", "payoffs": [[[33,56],[12,0]],[[0,52],[14,40]]]},
"G138": {"type": "Matrix2x2", "payoffs": [[[53,91],[9,59]],[[0,7],[23,0]]]},
"G139": {"type": "Matrix2x2", "payoffs": [[[5,63],[0,0]],[[2,41],[6,73]]]},
"G140": {"type": "Matrix2x2", "payoffs": [[[57,29],[60,70]],[[25,0],[0,7]]]},
"G141": {"type": "Matrix2x2", "payoffs": [[[0,0],[6,43]],[[5,28],[2,33]]]},
"G142": {"type": "Matrix2x2", "payoffs": [[[57,44],[36,0]],[[0,17],[1,15]]]},
"G143": {"type": "Matrix2x2", "payoffs": [[[0,0],[34,7]],[[10,1],[5,4]]]},
"G144": {"type": "Matrix2x2", "payoffs": [[[46,6],[74,10]],[[3,0],[0,4]]]},
"G145": {"type": "Matrix2x2", "payoffs": [[[59,86],[25,0]],[[57,4],[0,38]]]},
"G146": {"type": "Matrix2x2", "payoffs": [[[9,87],[2,3]],[[0,0],[1,51]]]},
"G147": {"type": "Matrix2x2", "payoffs": [[[33,92],[27,38]],[[4,0],[0,51]]]},
"G148": {"type": "Matrix2x2", "payoffs": [[[0,44],[7,0]],[[32,23],[35,54]]]},
"G149": {"type": "Matrix2x2", "payoffs": [[[51,0],[0,7]],[[53,31],[13,26]]]},
"G150": {"type": "Matrix2x2", "payoffs": [[[13,47],[11,45]],[[5,0],[0,35]]]},
"G151": {"type": "Matrix2x2", "payoffs": [[[0,1],[19,2]],[[26,0],[72,7]]]},
"G152": {"type": "Matrix2x2", "payoffs": [[[12,0],[7,22]],[[13,23],[0,11]]]},
"G153": {"type": "Matrix2x2", "payoffs": [[[19,75],[0,5]],[[15,69],[1,0]]]},
"G154": {"type": "Matrix2x2", "payoffs": [[[37,31],[14,49]],[[75,54],[0,0]]]},
"G155": {"type": "Matrix2x2", "payoffs": [[[0,61],[63,88]],[[59,0],[58,7]]]},
"G156": {"type": "Matrix2x2", "payoffs": [[[1,20],[3,25]],[[0,0],[4,74]]]},
"G157": {"type": "Matrix2x2", "payoffs": [[[63,19],[0,0]],[[67,43],[53,13]]]},
"G158": {"type": "Matrix2x2", "payoffs": [[[0,0],[2,9]],[[15,65],[13,23]]]},
"G159": {"type": "Matrix2x2", "payoffs": [[[0,16],[34,17]],[[9,11],[21,0]]]},
"G160": {"type": "Matrix2x2", "payoffs": [[[21,26],[95,97]],[[17,80],[0,0]]]},
"G161": {"type": "Matrix2x2", "payoffs": [[[22,51],[23,59]],[[37,81],[0,0]]]},
"G162": {"type": "Matrix2x2", "payoffs": [[[0,0],[4,24]],[[33,35],[69,62]]]},
"G163": {"type": "Matrix2x2", "payoffs": [[[13,78],[8,25]],[[0,0],[4,56]]]},
"G164": {"type": "Matrix2x2", "payoffs": [[[24,56],[0,0]],[[49,82],[15,31]]]},
"G165": {"type": "Matrix2x2", "payoffs": [[[0,0],[96,80]],[[59,44],[13,32]]]},
"G166": {"type": "Matrix2x2", "payoffs": [[[0,68],[33,0]],[[57,98],[1,81]]]},
"G167": {"type": "Matrix2x2", "payoffs": [[[3,44],[8,0]],[[11,46],[0,42]]]},
"G168": {"type": "Matrix2x2", "payoffs": [[[2,11],[18,61]],[[0,30],[8,0]]]},
"G169": {"type": "Matrix2x2", "payoffs": [[[52,50],[9,23]],[[0,11],[35,0]]]},
"G170": {"type": "Matrix2x2", "payoffs": [[[87,45],[80,27]],[[0,0],[44,24]]]},
"G171": {"type": "Matrix2x2", "payoffs": [[[31,52],[1,36]],[[0,0],[33,65]]]},
"G172": {"type": "Matrix2x2", "payoffs": [[[8,0],[0,56]],[[25,4],[29,80]]]},
"G173": {"type": "Matrix2x2", "payoffs": [[[73,0],[0,11]],[[48,27],[76,38]]]},
"G174": {"type": "Matrix2x2", "payoffs": [[[0,25],[12,37]],[[18,78],[9,0]]]},
"G175": {"type": "Matrix2x2", "payoffs": [[[0,6],[1,3]],[[27,13],[9,0]]]},
"G176": {"type": "Matrix2x2", "payoffs": [[[0,0],[2,23]],[[3,43],[5,74]]]},
"G177": {"type": "Matrix2x2", "payoffs": [[[21,0],[10,5]],[[0,17],[38,30]]]},
"G178": {"type": "Matrix2x2", "payoffs": [[[22,51],[0,0]],[[15,45],[3,20]]]},
"G179": {"type": "Matrix2x2", "payoffs": [[[17,0],[33,4]],[[9,1],[0,3]]]},
"G180": {"type": "Matrix2x2", "payoffs": [[[53,1],[17,6]],[[0,0],[54,11]]]},
"G181": {"type": "Matrix2x2", "payoffs": [[[0,14],[12,0]],[[17,26],[60,78]]]},
"G182": {"type": "Matrix2x2", "payoffs": [[[29,42],[19,7]],[[3,10],[0,0]]]},
"G183": {"type": "Matrix2x2", "payoffs": [[[13,0],[88,25]],[[0,5],[37,22]]]},
"G184": {"type": "Matrix2x2", "payoffs": [[[50,43],[4,0]],[[59,75],[0,40]]]},
"G185": {"type": "Matrix2x2", "payoffs": [[[71,22],[0,0]],[[42,19],[9,2]]]},
"G186": {"type": "Matrix2x2", "payoffs": [[[12,62],[14,74]],[[13,10],[0,0]]]},
"G187": {"type": "Matrix2x2", "payoffs": [[[25,41],[0,0]],[[5,36],[32,53]]]},
"G188": {"type": "Matrix2x2", "payoffs": [[[55,63],[21,0]],[[9,14],[0,28]]]},
"G189": {"type": "Matrix2x2", "payoffs": [[[0,9],[23,20]],[[13,0],[46,58]]]},
"G190": {"type": "Matrix2x2", "payoffs": [[[27,0],[0,13]],[[55,85],[16,48]]]},
"G191": {"type": "Matrix2x2", "payoffs": [[[9,79],[34,96]],[[0,1],[8,0]]]},
"G192": {"type": "Matrix2x2", "payoffs": [[[2,11],[9,0]],[[24,54],[0,29]]]},
"G193": {"type": "Matrix2x2", "payoffs": [[[63,0],[78,5]],[[0,6],[96,8]]]},
"G194": {"type": "Matrix2x2", "payoffs": [[[72,18],[53,12]],[[0,0],[6,4]]]},
"G195": {"type": "Matrix2x2", "payoffs": [[[18,3],[0,30]],[[39,0],[84,54]]]},
"G196": {"type": "Matrix2x2", "payoffs": [[[0,0],[26,16]],[[35,29],[53,36]]]},
"G197": {"type": "Matrix2x2", "payoffs": [[[75,31],[58,0]],[[72,20],[0,9]]]},
"G198": {"type": "Matrix2x2", "payoffs": [[[72,51],[0,0]],[[95,74],[40,60]]]},
"G199": {"type": "Matrix2x2", "payoffs": [[[79,63],[60,60]],[[0,48],[68,0]]]},
"G200": {"type": "Matrix2x2", "payoffs": [[[9,45],[0,0]],[[1,51],[35,76]]]},
"G201": {"type": "Matrix2x2", "payoffs": [[[15,37],[77,64]],[[0,12],[12,0]]]},
"G202": {"type": "Matrix2x2", "payoffs": [[[46,8],[60,27]],[[0,0],[31,3]]]},
"G203": {"type": "Matrix2x2", "payoffs": [[[0,0],[20,27]],[[27,59],[24,50]]]},
"G204": {"type": "Matrix2x2", "payoffs": [[[53,52],[0,8]],[[4,13],[42,0]]]},
"G205": {"type": "Matrix2x2", "payoffs": [[[53,38],[40,14]],[[41,0],[0,16]]]},
"G206": {"type": "Matrix2x2", "payoffs": [[[4,38],[6,56]],[[3,47],[0,0]]]},
"G207": {"type": "Matrix2x2", "payoffs": [[[0,3],[69,38]],[[39,0],[68,6]]]},
"G208": {"type": "Matrix2x2", "payoffs": [[[14,2],[85,41]],[[28,5],[0,0]]]},
"G209": {"type": "Matrix2x2", "payoffs": [[[57,22],[29,0]],[[0,17],[56,18]]]},
"G210": {"type": "Matrix2x2", "payoffs": [[[85,0],[55,16]],[[86,69],[0,64]]]},
"G211": {"type": "Matrix2x2", "payoffs": [[[0,48],[44,46]],[[45,61],[36,0]]]},
"G212": {"type": "Matrix2x2", "payoffs": [[[0,13],[30,51]],[[32,73],[8,0]]]},
"G213": {"type": "Matrix2x2", "payoffs": [[[1,5],[0,6]],[[64,0],[67,8]]]},
"G214": {"type": "Matrix2x2", "payoffs": [[[37,27],[0,16]],[[27,0],[95,37]]]},
"G215": {"type": "Matrix2x2", "payoffs": [[[98,4],[0,2]],[[48,0],[26,1]]]},
"G216": {"type": "Matrix2x2", "payoffs": [[[75,48],[0,0]],[[41,41],[28,15]]]},
"G217": {"type": "Matrix2x2", "payoffs": [[[67,78],[0,50]],[[27,40],[48,0]]]},
"G218": {"type": "Matrix2x2", "payoffs": [[[25,12],[56,30]],[[49,25],[0,0]]]},
"G219": {"type": "Matrix2x2", "payoffs": [[[0,40],[55,47]],[[45,35],[7,0]]]},
"G220": {"type": "Matrix2x2", "payoffs": [[[32,24],[33,30]],[[0,20],[12,0]]]},
"G221": {"type": "Matrix2x2", "payoffs": [[[43,23],[28,3]],[[27,0],[0,17]]]},
"G222": {"type": "Matrix2x2", "payoffs": [[[0,30],[78,56]],[[56,18],[37,0]]]},
"G223": {"type": "Matrix2x2", "payoffs": [[[13,6],[0,0]],[[3,4],[2,3]]]},
"G224": {"type": "Matrix2x2", "payoffs": [[[86,100],[46,67]],[[0,9],[73,0]]]},
"G225": {"type": "Matrix2x2", "payoffs": [[[0,2],[43,9]],[[14,0],[18,6]]]},
"G226": {"type": "Matrix2x2", "payoffs": [[[64,40],[38,7]],[[54,0],[0,32]]]},
"G227": {"type": "Matrix2x2", "payoffs": [[[46,42],[0,11]],[[49,45],[7,0]]]},
"G228": {"type": "Matrix2x2", "payoffs": [[[97,60],[0,0]],[[1,31],[30,13]]]},
"G229": {"type": "Matrix2x2", "payoffs": [[[9,47],[8,0]],[[22,57],[0,1]]]},
"G230": {"type": "Matrix2x2", "payoffs": [[[35,0],[0,19]],[[95,39],[12,23]]]},
"G231": {"type": "Matrix2x2", "payoffs": [[[75,21],[55,0]],[[0,8],[8,4]]]},
"G232": {"type": "Matrix2x2", "payoffs": [[[4,57],[64,90]],[[31,76],[0,0]]]},
"G233": {"type": "Matrix2x2", "payoffs": [[[78,95],[57,0]],[[61,89],[0,44]]]},
"G234": {"type": "Matrix2x2", "payoffs": [[[4,15],[70,79]],[[0,8],[45,0]]]},
"G235": {"type": "Matrix2x2", "payoffs": [[[76,85],[71,66]],[[73,0],[0,2]]]},
"G236": {"type": "Matrix2x2", "payoffs": [[[61,0],[67,25]],[[0,16],[71,30]]]},
"G237": {"type": "Matrix2x2", "payoffs": [[[99,90],[85,25]],[[0,0],[11,22]]]},
"G238": {"type": "Matrix2x2", "payoffs": [[[21,21],[14,20]],[[2,9],[0,0]]]},
"G239": {"type": "Matrix2x2", "payoffs": [[[9,14],[0,5]],[[25,0],[62,27]]]},
"G240": {"type": "Matrix2x2", "payoffs": [[[0,0],[4,45]],[[15,59],[6,39]]]},
"G241": {"type": "Matrix2x2", "payoffs": [[[63,40],[44,0]],[[50,37],[0,11]]]},
"G242": {"type": "Matrix2x2", "payoffs": [[[0,22],[1,19]],[[8,40],[3,0]]]},
"G243": {"type": "Matrix2x2", "payoffs": [[[3,13],[25,45]],[[0,0],[18,24]]]},
"G244": {"type": "Matrix2x2", "payoffs": [[[0,0],[8,49]],[[39,55],[24,11]]]},
"G245": {"type": "Matrix2x2", "payoffs": [[[14,15],[23,98]],[[12,40],[0,0]]]},
"G246": {"type": "Matrix2x2", "payoffs": [[[45,2],[0,1]],[[72,0],[87,3]]]},
"G247": {"type": "Matrix2x2", "payoffs": [[[47,0],[0,1]],[[91,36],[83,4]]]},
"G248": {"type": "Matrix2x2", "payoffs": [[[26,21],[0,0]],[[53,96],[12,67]]]},
"G249": {"type": "Matrix2x2", "payoffs": [[[30,20],[81,30]],[[0,0],[7,2]]]},
"G250": {"type": "Matrix2x2", "payoffs": [[[78,19],[0,15]],[[60,0],[56,2]]]},
"G251": {"type": "Matrix2x2", "payoffs": [[[77,89],[0,12]],[[93,94],[86,0]]]},
"G252": {"type": "Matrix2x2", "payoffs": [[[15,0],[0,30]],[[89,71],[38,35]]]},
"G253": {"type": "Matrix2x2", "payoffs": [[[27,27],[61,29]],[[0,23],[24,0]]]},
"G254": {"type": "Matrix2x2", "payoffs": [[[41,11],[7,0]],[[0,9],[24,2]]]},
"G255": {"type": "Matrix2x2", "payoffs": [[[0,0],[75,14]],[[83,21],[29,5]]]},
"G256": {"type": "Matrix2x2", "payoffs": [[[0,34],[22,32]],[[81,45],[61,0]]]},
"G257": {"type": "Matrix2x2", "payoffs": [[[58,0],[12,42]],[[0,18],[71,96]]]},
"G258": {"type": "Matrix2x2", "payoffs": [[[4,64],[2,0]],[[1,12],[0,38]]]},
"G259": {"type": "Matrix2x2", "payoffs": [[[31,46],[40,0]],[[0,36],[94,83]]]},
"G260": {"type": "Matrix2x2", "payoffs": [[[11,40],[7,0]],[[0,39],[2,8]]]},
"G261": {"type": "Matrix2x2", "payoffs": [[[9,21],[30,30]],[[0,0],[41,38]]]},
"G262": {"type": "Matrix2x2", "payoffs": [[[1,0],[5,11]],[[2,4],[0,10]]]},
"G263": {"type": "Matrix2x2", "payoffs": [[[1,6],[24,96]],[[0,0],[11,10]]]},
"G264": {"type": "Matrix2x2", "payoffs": [[[4,15],[1,4]],[[5,37],[0,0]]]},
"G265": {"type": "Matrix2x2", "payoffs": [[[0,0],[41,53]],[[99,65],[14,1]]]},
"G266": {"type": "Matrix2x2", "payoffs": [[[0,9],[1,0]],[[18,63],[3,40]]]},
"G267": {"type": "Matrix2x2", "payoffs": [[[0,7],[15,15]],[[14,0],[51,23]]]},
"G268": {"type": "Matrix2x2", "payoffs": [[[24,29],[0,18]],[[95,35],[9,0]]]},
"G269": {"type": "Matrix2x2", "payoffs": [[[26,0],[0,4]],[[99,11],[11,1]]]},
"G270": {"type": "Matrix2x2", "payoffs": [[[0,0],[15,38]],[[32,43],[26,26]]]},
"G271": {"type": "Matrix2x2", "payoffs": [[[36,56],[7,24]],[[18,0],[0,47]]]},
"G272": {"type": "Matrix2x2", "payoffs": [[[8,0],[0,8]],[[28,31],[6,9]]]},
"G273": {"type": "Matrix2x2", "payoffs": [[[12,7],[19,95]],[[0,0],[16,31]]]},
"G274": {"type": "Matrix2x2", "payoffs": [[[0,0],[1,29]],[[14,48],[64,84]]]},
"G275": {"type": "Matrix2x2", "payoffs": [[[33,20],[5,18]],[[30,14],[0,0]]]},
"G276": {"type": "Matrix2x2", "payoffs": [[[58,11],[49,2]],[[0,10],[1,0]]]},
"G277": {"type": "Matrix2x2", "payoffs": [[[64,0],[84,21]],[[0,47],[91,94]]]},
"G278": {"type": "Matrix2x2", "payoffs": [[[58,35],[91,98]],[[2,0],[0,3]]]},
"G279": {"type": "Matrix2x2", "payoffs": [[[0,0],[1,24]],[[14,68],[32,69]]]},
"G280": {"type": "Matrix2x2", "payoffs": [[[70,11],[99,38]],[[0,0],[80,2]]]},
"G281": {"type": "Matrix2x2", "payoffs": [[[64,8],[52,3]],[[85,14],[0,0]]]},
"G282": {"type": "Matrix2x2", "payoffs": [[[27,0],[43,17]],[[3,7],[0,14]]]},
"G283": {"type": "Matrix2x2", "payoffs": [[[0,0],[29,34]],[[26,33],[38,76]]]},
"G284": {"type": "Matrix2x2", "payoffs": [[[0,13],[23,35]],[[20,0],[6,22]]]},
"G285": {"type": "Matrix2x2", "payoffs": [[[6,8],[0,0]],[[10,7],[18,14]]]},
"G286": {"type": "Matrix2x2", "payoffs": [[[16,36],[2,10]],[[5,16],[0,0]]]},
"G287": {"type": "Matrix2x2", "payoffs": [[[12,55],[37,9]],[[0,0],[64,97]]]},
"G288": {"type": "Matrix2x2", "payoffs": [[[78,46],[71,10]],[[0,35],[5,0]]]},
"G289": {"type": "Matrix2x2", "payoffs": [[[96,22],[0,20]],[[1,15],[58,0]]]},
"G290": {"type": "Matrix2x2", "payoffs": [[[45,18],[64,62]],[[60,0],[0,60]]]},
"G291": {"type": "Matrix2x2", "payoffs": [[[6,7],[0,0]],[[5,6],[14,10]]]},
"G292": {"type": "Matrix2x2", "payoffs": [[[0,55],[7,0]],[[8,61],[6,56]]]},
"G293": {"type": "Matrix2x2", "payoffs": [[[0,1],[92,38]],[[90,32],[76,0]]]},
"G294": {"type": "Matrix2x2", "payoffs": [[[12,31],[95,36]],[[80,0],[0,9]]]},
"G295": {"type": "Matrix2x2", "payoffs": [[[28,93],[10,23]],[[21,0],[0,42]]]},
"G296": {"type": "Matrix2x2", "payoffs": [[[0,23],[14,0]],[[22,36],[18,14]]]},
"G297": {"type": "Matrix2x2", "payoffs": [[[6,50],[0,0]],[[15,53],[9,12]]]},
"G298": {"type": "Matrix2x2", "payoffs": [[[1,0],[4,50]],[[0,24],[5,66]]]},
"G299": {"type": "Matrix2x2", "payoffs": [[[0,58],[7,84]],[[3,51],[6,0]]]},
"G300": {"type": "Matrix2x2", "payoffs": [[[28,3],[0,5]],[[5,0],[36,25]]]},
"G301": {"type": "Matrix2x2", "payoffs": [[[56,9],[0,6]],[[39,0],[46,8]]]},
"G302": {"type": "Matrix2x2", "payoffs": [[[11,31],[41,0]],[[84,60],[0,36]]]},
"G303": {"type": "Matrix2x2", "payoffs": [[[96,9],[30,0]],[[12,6],[0,3]]]},
"G304": {"type": "Matrix2x2", "payoffs": [[[0,2],[1,0]],[[2,8],[4,13]]]},
"G305": {"type": "Matrix2x2", "payoffs": [[[8,0],[6,52]],[[0,42],[15,97]]]},
"G306": {"type": "Matrix2x2", "payoffs": [[[33,64],[0,0]],[[92,73],[7,14]]]},
"G307": {"type": "Matrix2x2", "payoffs": [[[1,0],[6,90]],[[5,32],[0,72]]]},
"G308": {"type": "Matrix2x2", "payoffs": [[[21,7],[0,0]],[[33,24],[2,4]]]},
"G309": {"type": "Matrix2x2", "payoffs": [[[36,22],[0,14]],[[22,15],[14,0]]]},
"G310": {"type": "Matrix2x2", "payoffs": [[[4,0],[57,49]],[[11,31],[0,19]]]},
"G311": {"type": "Matrix2x2", "payoffs": [[[0,0],[29,47]],[[20,16],[15,35]]]},
"G312": {"type": "Matrix2x2", "payoffs": [[[72,24],[0,19]],[[22,0],[46,7]]]},
"G313": {"type": "Matrix2x2", "payoffs": [[[25,12],[15,0]],[[59,45],[0,22]]]},
"G314": {"type": "Matrix2x2", "payoffs": [[[0,22],[5,33]],[[1,6],[2,0]]]},
"G315": {"type": "Matrix2x2", "payoffs": [[[40,57],[32,0]],[[28,48],[0,23]]]},
"G316": {"type": "Matrix2x2", "payoffs": [[[0,1],[14,2]],[[87,5],[30,0]]]},
"G317": {"type": "Matrix2x2", "payoffs": [[[0,82],[22,71]],[[26,84],[9,0]]]},
"G318": {"type": "Matrix2x2", "payoffs": [[[50,60],[30,6]],[[44,3],[0,0]]]},
"G319": {"type": "Matrix2x2", "payoffs": [[[12,25],[0,17]],[[6,10],[1,0]]]},
"G320": {"type": "Matrix2x2", "payoffs": [[[0,45],[9,0]],[[34,46],[47,62]]]},
"G321": {"type": "Matrix2x2", "payoffs": [[[19,60],[32,87]],[[4,0],[0,19]]]},
"G322": {"type": "Matrix2x2", "payoffs": [[[2,28],[0,50]],[[72,78],[24,0]]]},
"G323": {"type": "Matrix2x2", "payoffs": [[[35,7],[51,32]],[[33,16],[0,0]]]},
"G324": {"type": "Matrix2x2", "payoffs": [[[0,60],[9,70]],[[40,0],[50,98]]]},
"G325": {"type": "Matrix2x2", "payoffs": [[[42,0],[43,31]],[[26,6],[0,13]]]},
"G326": {"type": "Matrix2x2", "payoffs": [[[45,0],[0,16]],[[26,26],[48,44]]]},
"G327": {"type": "Matrix2x2", "payoffs": [[[24,56],[0,0]],[[17,12],[21,49]]]},
"G328": {"type": "Matrix2x2", "payoffs": [[[24,6],[0,90]],[[45,93],[1,0]]]},
"G329": {"type": "Matrix2x2", "payoffs": [[[0,3],[57,80]],[[27,0],[50,56]]]},
"G330": {"type": "Matrix2x2", "payoffs": [[[16,4],[6,0]],[[0,71],[65,72]]]},
"G331": {"type": "Matrix2x2", "payoffs": [[[26,0],[0,16]],[[67,50],[7,17]]]},
"G332": {"type": "Matrix2x2", "payoffs": [[[7,68],[0,0]],[[3,63],[14,91]]]},
"G333": {"type": "Matrix2x2", "payoffs": [[[0,31],[62,57]],[[27,49],[13,0]]]},
"G334": {"type": "Matrix2x2", "payoffs": [[[25,0],[44,66]],[[0,24],[29,6]]]},
"G335": {"type": "Matrix2x2", "payoffs": [[[47,42],[12,7]],[[0,0],[14,6]]]},
"G336": {"type": "Matrix2x2", "payoffs": [[[40,37],[76,0]],[[94,97],[0,4]]]},
"G337": {"type": "Matrix2x2", "payoffs": [[[19,44],[18,0]],[[17,20],[0,11]]]},
"G338": {"type": "Matrix2x2", "payoffs": [[[53,85],[7,77]],[[46,0],[0,52]]]},
"G339": {"type": "Matrix2x2", "payoffs": [[[47,94],[3,0]],[[0,63],[30,46]]]},
"G340": {"type": "Matrix2x2", "payoffs": [[[7,9],[0,34]],[[6,0],[78,43]]]},
"G341": {"type": "Matrix2x2", "payoffs": [[[62,27],[50,0]],[[0,41],[84,61]]]},
"G342": {"type": "Matrix2x2", "payoffs": [[[0,0],[51,9]],[[52,28],[5,2]]]},
"G343": {"type": "Matrix2x2", "payoffs": [[[45,4],[1,15]],[[0,0],[98,64]]]},
"G344": {"type": "Matrix2x2", "payoffs": [[[5,26],[0,0]],[[15,31],[7,14]]]},
"G345": {"type": "Matrix2x2", "payoffs": [[[34,24],[19,3]],[[27,6],[0,0]]]},
"G346": {"type": "Matrix2x2", "payoffs": [[[85,66],[65,0]],[[78,21],[0,32]]]},
"G347": {"type": "Matrix2x2", "payoffs": [[[84,17],[44,6]],[[17,16],[0,0]]]},
"G348": {"type": "Matrix2x2", "payoffs": [[[0,23],[3,0]],[[15,30],[1,15]]]},
"G349": {"type": "Matrix2x2", "payoffs": [[[79,35],[17,28]],[[0,9],[48,0]]]},
"G350": {"type": "Matrix2x2", "payoffs": [[[70,62],[50,0]],[[0,4],[60,18]]]},
"G351": {"type": "Matrix2x2", "payoffs": [[[0,0],[14,11]],[[52,24],[20,4]]]},
"G352": {"type": "Matrix2x2", "payoffs": [[[0,0],[15,31]],[[52,33],[39,16]]]},
"G353": {"type": "Matrix2x2", "payoffs": [[[6,2],[13,0]],[[0,1],[34,3]]]},
"G354": {"type": "Matrix2x2", "payoffs": [[[50,0],[0,9]],[[64,7],[74,12]]]},
"G355": {"type": "Matrix2x2", "payoffs": [[[0,0],[83,15]],[[8,1],[48,2]]]},
"G356": {"type": "Matrix2x2", "payoffs": [[[43,0],[52,56]],[[39,29],[0,33]]]},
"G357": {"type": "Matrix2x2", "payoffs": [[[0,14],[12,23]],[[7,11],[1,0]]]},
"G358": {"type": "Matrix2x2", "payoffs": [[[0,0],[54,54]],[[34,8],[43,38]]]},
"G359": {"type": "Matrix2x2", "payoffs": [[[2,72],[5,1]],[[0,0],[10,92]]]},
"G360": {"type": "Matrix2x2", "payoffs": [[[18,18],[6,11]],[[0,0],[8,8]]]},
"G361": {"type": "Matrix2x2", "payoffs": [[[0,32],[38,34]],[[35,0],[37,19]]]},
"G362": {"type": "Matrix2x2", "payoffs": [[[43,62],[0,0]],[[13,36],[19,31]]]},
"G363": {"type": "Matrix2x2", "payoffs": [[[62,0],[0,5]],[[81,13],[15,11]]]},
"G364": {"type": "Matrix2x2", "payoffs": [[[1,45],[0,42]],[[5,0],[18,66]]]},
"G365": {"type": "Matrix2x2", "payoffs": [[[3,20],[0,16]],[[22,91],[8,0]]]},
"G366": {"type": "Matrix2x2", "payoffs": [[[39,0],[72,62]],[[1,34],[0,18]]]},
"G367": {"type": "Matrix2x2", "payoffs": [[[74,68],[0,32]],[[9,28],[3,0]]]},
"G368": {"type": "Matrix2x2", "payoffs": [[[15,0],[0,3]],[[41,51],[13,4]]]},
"G369": {"type": "Matrix2x2", "payoffs": [[[51,7],[28,0]],[[55,13],[0,3]]]},
"G370": {"type": "Matrix2x2", "payoffs": [[[34,79],[4,0]],[[26,67],[0,66]]]},
"G371": {"type": "Matrix2x2", "payoffs": [[[8,47],[0,34]],[[45,0],[63,66]]]},
"G372": {"type": "Matrix2x2", "payoffs": [[[16,8],[11,0]],[[92,26],[0,11]]]},
"G373": {"type": "Matrix2x2", "payoffs": [[[81,39],[86,87]],[[19,0],[0,22]]]},
"G374": {"type": "Matrix2x2", "payoffs": [[[48,68],[40,0]],[[0,24],[41,5]]]},
"G375": {"type": "Matrix2x2", "payoffs": [[[42,39],[39,28]],[[0,0],[59,44]]]},
"G376": {"type": "Matrix2x2", "payoffs": [[[1,0],[54,22]],[[0,54],[66,76]]]},
"G377": {"type": "Matrix2x2", "payoffs": [[[5,20],[15,0]],[[28,23],[0,1]]]},
"G378": {"type": "Matrix2x2", "payoffs": [[[29,0],[75,56]],[[0,45],[7,34]]]},
"G379": {"type": "Matrix2x2", "payoffs": [[[8,5],[6,2]],[[0,0],[2,1]]]},
"G380": {"type": "Matrix2x2", "payoffs": [[[46,25],[14,31]],[[52,45],[0,0]]]},
"G381": {"type": "Matrix2x2", "payoffs": [[[32,12],[58,65]],[[0,0],[5,52]]]},
"G382": {"type": "Matrix2x2", "payoffs": [[[46,5],[64,65]],[[43,0],[0,10]]]},
"G383": {"type": "Matrix2x2", "payoffs": [[[9,32],[5,44]],[[54,56],[0,0]]]},
"G384": {"type": "Matrix2x2", "payoffs": [[[16,61],[1,0]],[[12,58],[0,7]]]},
"G385": {"type": "Matrix2x2", "payoffs": [[[19,72],[7,66]],[[18,0],[0,24]]]},
"G386": {"type": "Matrix2x2", "payoffs": [[[32,14],[90,18]],[[0,0],[36,8]]]},
"G387": {"type": "Matrix2x2", "payoffs": [[[75,58],[6,5]],[[0,0],[62,41]]]},
"G388": {"type": "Matrix2x2", "payoffs": [[[68,0],[0,12]],[[4,13],[79,33]]]},
"G389": {"type": "Matrix2x2", "payoffs": [[[55,43],[6,0]],[[0,23],[19,37]]]},
"G390": {"type": "Matrix2x2", "payoffs": [[[30,13],[9,0]],[[68,15],[0,14]]]},
"G391": {"type": "Matrix2x2", "payoffs": [[[46,17],[82,24]],[[0,0],[25,10]]]},
"G392": {"type": "Matrix2x2", "payoffs": [[[27,72],[20,47]],[[0,0],[11,41]]]},
"G393": {"type": "Matrix2x2", "payoffs": [[[0,10],[18,0]],[[35,35],[76,36]]]},
"G394": {"type": "Matrix2x2", "payoffs": [[[27,16],[26,14]],[[6,0],[0,2]]]},
"G395": {"type": "Matrix2x2", "payoffs": [[[0,15],[1,6]],[[5,0],[19,27]]]},
"G396": {"type": "Matrix2x2", "payoffs": [[[36,13],[68,26]],[[0,4],[33,0]]]},
"G397": {"type": "Matrix2x2", "payoffs": [[[6,3],[0,0]],[[49,6],[15,5]]]},
"G398": {"type": "Matrix2x2", "payoffs": [[[0,69],[7,9]],[[54,91],[47,0]]]},
"G399": {"type": "Matrix2x2", "payoffs": [[[6,18],[0,0]],[[35,51],[23,37]]]},
"G400": {"type": "Matrix2x2", "payoffs": [[[4,8],[13,15]],[[0,0],[6,9]]]},
"G401": {"type": "Matrix2x2", "payoffs": [[[0,4],[62,0]],[[35,42],[80,44]]]},
"G402": {"type": "Matrix2x2", "payoffs": [[[0,63],[34,0]],[[86,75],[39,9]]]},
"G403": {"type": "Matrix2x2", "payoffs": [[[7,0],[23,51]],[[15,45],[0,8]]]},
"G404": {"type": "Matrix2x2", "payoffs": [[[97,47],[3,0]],[[0,1],[83,14]]]},
"G405": {"type": "Matrix2x2", "payoffs": [[[16,47],[9,3]],[[0,0],[4,38]]]},
"G406": {"type": "Matrix2x2", "payoffs": [[[1,45],[68,13]],[[92,82],[0,0]]]},
"G407": {"type": "Matrix2x2", "payoffs": [[[56,45],[35,0]],[[0,6],[3,18]]]},
"G408": {"type": "Matrix2x2", "payoffs": [[[42,80],[0,27]],[[3,58],[25,0]]]},
"G409": {"type": "Matrix2x2", "payoffs": [[[40,20],[0,5]],[[5,14],[22,0]]]},
"G410": {"type": "Matrix2x2", "payoffs": [[[0,11],[26,53]],[[33,54],[4,0]]]},
"G411": {"type": "Matrix2x2", "payoffs": [[[40,3],[8,0]],[[70,4],[0,2]]]},
"G412": {"type": "Matrix2x2", "payoffs": [[[29,0],[63,77]],[[27,39],[0,1]]]},
"G413": {"type": "Matrix2x2", "payoffs": [[[0,0],[47,13]],[[2,22],[79,57]]]},
"G414": {"type": "Matrix2x2", "payoffs": [[[88,61],[0,11]],[[68,41],[6,0]]]},
"G415": {"type": "Matrix2x2", "payoffs": [[[85,90],[47,23]],[[46,77],[0,0]]]},
"G416": {"type": "Matrix2x2", "payoffs": [[[27,97],[23,28]],[[8,45],[0,0]]]},
"G417": {"type": "Matrix2x2", "payoffs": [[[11,94],[6,0]],[[2,81],[0,17]]]},
"G418": {"type": "Matrix2x2", "payoffs": [[[30,0],[0,70]],[[18,7],[34,76]]]},
"G419": {"type": "Matrix2x2", "payoffs": [[[0,33],[58,53]],[[50,21],[13,0]]]},
"G420": {"type": "Matrix2x2", "payoffs": [[[30,68],[0,0]],[[83,69],[5,24]]]},
"G421": {"type": "Matrix2x2", "payoffs": [[[0,2],[2,3]],[[5,0],[6,5]]]},
"G422": {"type": "Matrix2x2", "payoffs": [[[0,20],[31,17]],[[7,0],[100,23]]]},
"G423": {"type": "Matrix2x2", "payoffs": [[[72,35],[93,38]],[[54,13],[0,0]]]},
"G424": {"type": "Matrix2x2", "payoffs": [[[0,0],[58,53]],[[51,9],[33,39]]]},
"G425": {"type": "Matrix2x2", "payoffs": [[[96,25],[0,0]],[[8,15],[83,7]]]},
"G426": {"type": "Matrix2x2", "payoffs": [[[0,0],[18,32]],[[39,85],[8,78]]]},
"G427": {"type": "Matrix2x2", "payoffs": [[[2,0],[24,71]],[[52,96],[0,13]]]},
"G428": {"type": "Matrix2x2", "payoffs": [[[12,23],[42,60]],[[37,4],[0,0]]]},
"G429": {"type": "Matrix2x2", "payoffs": [[[5,33],[0,66]],[[13,0],[17,68]]]},
"G430": {"type": "Matrix2x2", "payoffs": [[[71,3],[51,40]],[[87,44],[0,0]]]},
"G431": {"type": "Matrix2x2", "payoffs": [[[1,0],[11,48]],[[2,45],[0,41]]]},
"G432": {"type": "Matrix2x2", "payoffs": [[[71,4],[84,46]],[[0,44],[21,0]]]},
"G433": {"type": "Matrix2x2", "payoffs": [[[34,0],[0,10]],[[66,16],[69,26]]]},
"G434": {"type": "Matrix2x2", "payoffs": [[[49,60],[2,0]],[[0,54],[1,15]]]},
"G435": {"type": "Matrix2x2", "payoffs": [[[17,39],[1,0]],[[0,16],[8,27]]]},
"G436": {"type": "Matrix2x2", "payoffs": [[[0,44],[38,0]],[[43,50],[3,15]]]},
"G437": {"type": "Matrix2x2", "payoffs": [[[0,0],[100,35]],[[87,6],[16,1]]]},
"G438": {"type": "Matrix2x2", "payoffs": [[[51,93],[9,25]],[[0,0],[43,9]]]},
"G439": {"type": "Matrix2x2", "payoffs": [[[8,21],[54,96]],[[12,48],[0,0]]]},
"G440": {"type": "Matrix2x2", "payoffs": [[[9,2],[0,0]],[[13,4],[11,1]]]},
"G441": {"type": "Matrix2x2", "payoffs": [[[0,0],[35,37]],[[41,68],[36,1]]]},
"G442": {"type": "Matrix2x2", "payoffs": [[[0,0],[17,66]],[[2,48],[1,5]]]},
"G443": {"type": "Matrix2x2", "payoffs": [[[36,3],[49,0]],[[0,61],[76,69]]]},
"G444": {"type": "Matrix2x2", "payoffs": [[[41,42],[27,0]],[[64,43],[0,38]]]},
"G445": {"type": "Matrix2x2", "payoffs": [[[12,5],[0,0]],[[14,18],[21,41]]]},
"G446": {"type": "Matrix2x2", "payoffs": [[[14,36],[1,0]],[[0,43],[43,94]]]},
"G447": {"type": "Matrix2x2", "payoffs": [[[80,10],[0,16]],[[98,27],[56,0]]]},
"G448": {"type": "Matrix2x2", "payoffs": [[[0,0],[6,12]],[[60,18],[26,7]]]},
"G449": {"type": "Matrix2x2", "payoffs": [[[1,0],[0,9]],[[13,18],[7,13]]]},
"G450": {"type": "Matrix2x2", "payoffs": [[[45,53],[42,0]],[[38,46],[0,33]]]},
"G451": {"type": "Matrix2x2", "payoffs": [[[95,62],[60,7]],[[0,59],[28,0]]]},
"G452": {"type": "Matrix2x2", "payoffs": [[[0,10],[47,17]],[[67,19],[58,0]]]},
"G453": {"type": "Matrix2x2", "payoffs": [[[0,0],[70,93]],[[34,78],[35,70]]]},
"G454": {"type": "Matrix2x2", "payoffs": [[[0,0],[21,6]],[[47,9],[44,8]]]},
"G455": {"type": "Matrix2x2", "payoffs": [[[33,30],[6,25]],[[0,0],[14,20]]]},
"G456": {"type": "Matrix2x2", "payoffs": [[[37,46],[28,34]],[[36,43],[0,0]]]},
"G457": {"type": "Matrix2x2", "payoffs": [[[5,13],[64,0]],[[0,12],[82,16]]]},
"G458": {"type": "Matrix2x2", "payoffs": [[[0,3],[52,16]],[[59,20],[47,0]]]},
"G459": {"type": "Matrix2x2", "payoffs": [[[2,61],[4,0]],[[0,40],[6,67]]]},
"G460": {"type": "Matrix2x2", "payoffs": [[[28,81],[25,0]],[[0,70],[6,25]]]},
"G461": {"type": "Matrix2x2", "payoffs": [[[28,1],[65,3]],[[7,0],[0,2]]]},
"G462": {"type": "Matrix2x2", "payoffs": [[[71,0],[1,41]],[[0,53],[100,56]]]},
"G463": {"type": "Matrix2x2", "payoffs": [[[0,9],[11,0]],[[58,6],[67,17]]]},
"G464": {"type": "Matrix2x2", "payoffs": [[[64,90],[47,41]],[[19,0],[0,16]]]},
"G465": {"type": "Matrix2x2", "payoffs": [[[5,46],[34,99]],[[0,0],[18,28]]]},
"G466": {"type": "Matrix2x2", "payoffs": [[[50,3],[0,1]],[[45,0],[10,2]]]},
"G467": {"type": "Matrix2x2", "payoffs": [[[14,0],[0,25]],[[1,8],[43,46]]]},
"G468": {"type": "Matrix2x2", "payoffs": [[[37,0],[0,7]],[[24,9],[88,10]]]},
"G469": {"type": "Matrix2x2", "payoffs": [[[40,33],[10,14]],[[9,22],[0,0]]]},
"G470": {"type": "Matrix2x2", "payoffs": [[[0,0],[2,27]],[[11,54],[3,2]]]},
"G471": {"type": "Matrix2x2", "payoffs": [[[35,19],[10,0]],[[0,14],[31,7]]]},
"G472": {"type": "Matrix2x2", "payoffs": [[[11,72],[4,71]],[[0,0],[1,40]]]},
"G473": {"type": "Matrix2x2", "payoffs": [[[0,0],[31,16]],[[2,1],[39,20]]]},
"G474": {"type": "Matrix2x2", "payoffs": [[[100,34],[84,6]],[[0,31],[22,0]]]},
"G475": {"type": "Matrix2x2", "payoffs": [[[79,0],[71,15]],[[93,19],[0,17]]]},
"G476": {"type": "Matrix2x2", "payoffs": [[[7,13],[36,35]],[[0,4],[28,0]]]},
"G477": {"type": "Matrix2x2", "payoffs": [[[40,41],[27,0]],[[42,76],[0,42]]]},
"G478": {"type": "Matrix2x2", "payoffs": [[[2,11],[0,0]],[[18,22],[15,3]]]},
"G479": {"type": "Matrix2x2", "payoffs": [[[3,24],[4,26]],[[2,15],[0,0]]]},
"G480": {"type": "Matrix2x2", "payoffs": [[[0,0],[53,23]],[[27,13],[8,6]]]},
"G481": {"type": "Matrix2x2", "payoffs": [[[0,0],[51,7]],[[78,46],[28,34]]]},
"G482": {"type": "Matrix2x2", "payoffs": [[[0,6],[38,0]],[[50,5],[75,16]]]},
"G483": {"type": "Matrix2x2", "payoffs": [[[19,0],[32,100]],[[20,66],[0,36]]]},
"G484": {"type": "Matrix2x2", "payoffs": [[[1,44],[3,77]],[[0,46],[2,0]]]},
"G485": {"type": "Matrix2x2", "payoffs": [[[25,9],[0,0]],[[93,26],[37,14]]]},
"G486": {"type": "Matrix2x2", "payoffs": [[[35,0],[0,24]],[[87,32],[30,8]]]},
"G487": {"type": "Matrix2x2", "payoffs": [[[0,6],[1,0]],[[6,11],[7,20]]]},
"G488": {"type": "Matrix2x2", "payoffs": [[[7,0],[27,100]],[[26,44],[0,28]]]},
"G489": {"type": "Matrix2x2", "payoffs": [[[12,0],[7,33]],[[62,69],[0,64]]]},
"G490": {"type": "Matrix2x2", "payoffs": [[[0,0],[58,9]],[[66,11],[26,3]]]},
"G491": {"type": "Matrix2x2", "payoffs": [[[18,37],[28,83]],[[19,0],[0,55]]]},
"G492": {"type": "Matrix2x2", "payoffs": [[[0,2],[28,41]],[[7,0],[3,26]]]},
"G493": {"type": "Matrix2x2", "payoffs": [[[20,10],[52,19]],[[0,0],[24,9]]]},
"G494": {"type": "Matrix2x2", "payoffs": [[[0,14],[44,33]],[[33,22],[5,0]]]},
"G495": {"type": "Matrix2x2", "payoffs": [[[43,77],[41,5]],[[1,1],[0,0]]]},
"G496": {"type": "Matrix2x2", "payoffs": [[[13,0],[56,7]],[[0,5],[52,4]]]},
"G497": {"type": "Matrix2x2", "payoffs": [[[38,11],[49,12]],[[90,39],[0,0]]]},
"G498": {"type": "Matrix2x2", "payoffs": [[[62,11],[82,69]],[[0,66],[24,0]]]},
"G499": {"type": "Matrix2x2", "payoffs": [[[64,72],[0,24]],[[43,0],[56,59]]]},
"G500": {"type": "Matrix2x2", "payoffs": [[[0,0],[14,84]],[[5,31],[4,28]]]},
"G501": {"type": "Matrix2x2", "payoffs": [[[13,16],[0,0]],[[17,55],[14,10]]]},
"G502": {"type": "Matrix2x2", "payoffs": [[[21,0],[77,49]],[[90,91],[0,1]]]},
"G503": {"type": "Matrix2x2", "payoffs": [[[45,2],[0,21]],[[70,0],[75,43]]]},
"G504": {"type": "Matrix2x2", "payoffs": [[[88,0],[0,9]],[[95,64],[1,19]]]},
"G505": {"type": "Matrix2x2", "payoffs": [[[14,93],[0,51]],[[3,22],[1,0]]]},
"G506": {"type": "Matrix2x2", "payoffs": [[[12,13],[40,0]],[[0,3],[91,17]]]},
"G507": {"type": "Matrix2x2", "payoffs": [[[28,85],[47,0]],[[92,91],[0,8]]]},
"G508": {"type": "Matrix2x2", "payoffs": [[[0,0],[28,63]],[[93,11],[94,95]]]},
"G509": {"type": "Matrix2x2", "payoffs": [[[41,65],[30,19]],[[0,0],[40,34]]]},
"G510": {"type": "Matrix2x2", "payoffs": [[[0,11],[3,45]],[[13,61],[1,0]]]},
"G511": {"type": "Matrix2x2", "payoffs": [[[27,0],[0,11]],[[31,6],[43,21]]]},
"G512": {"type": "Matrix2x2", "payoffs": [[[77,0],[21,3]],[[0,2],[80,7]]]},
"G513": {"type": "Matrix2x2", "payoffs": [[[21,9],[36,0]],[[0,15],[42,89]]]},
"G514": {"type": "Matrix2x2", "payoffs": [[[0,5],[44,0]],[[21,4],[58,7]]]},
"G515": {"type": "Matrix2x2", "payoffs": [[[25,0],[30,65]],[[10,25],[0,2]]]},
"G516": {"type": "Matrix2x2", "payoffs": [[[8,18],[24,35]],[[0,19],[7,0]]]},
"G517": {"type": "Matrix2x2", "payoffs": [[[0,24],[22,0]],[[30,34],[17,9]]]},
"G518": {"type": "Matrix2x2", "payoffs": [[[9,24],[32,0]],[[0,69],[43,74]]]},
"G519": {"type": "Matrix2x2", "payoffs": [[[100,51],[6,0]],[[27,3],[0,16]]]},
"G520": {"type": "Matrix2x2", "payoffs": [[[53,0],[34,10]],[[68,81],[0,42]]]},
"G521": {"type": "Matrix2x2", "payoffs": [[[4,1],[23,23]],[[32,49],[0,0]]]},
"G522": {"type": "Matrix2x2", "payoffs": [[[40,5],[8,0]],[[0,3],[55,7]]]},
"G523": {"type": "Matrix2x2", "payoffs": [[[22,32],[26,24]],[[0,0],[31,76]]]},
"G524": {"type": "Matrix2x2", "payoffs": [[[10,0],[0,60]],[[19,3],[44,76]]]},
"G525": {"type": "Matrix2x2", "payoffs": [[[0,15],[20,14]],[[81,29],[7,0]]]},
"G526": {"type": "Matrix2x2", "payoffs": [[[0,0],[18,1]],[[39,3],[84,4]]]},
"G527": {"type": "Matrix2x2", "payoffs": [[[0,56],[10,0]],[[36,52],[45,78]]]},
"G528": {"type": "Matrix2x2", "payoffs": [[[0,48],[24,64]],[[18,39],[4,0]]]},
"G529": {"type": "Matrix2x2", "payoffs": [[[10,14],[0,0]],[[2,6],[3,9]]]},
"G530": {"type": "Matrix2x2", "payoffs": [[[6,42],[22,47]],[[0,31],[8,0]]]},
"G531": {"type": "Matrix2x2", "payoffs": [[[33,73],[0,41]],[[27,63],[19,0]]]},
"G532": {"type": "Matrix2x2", "payoffs": [[[27,0],[68,66]],[[52,7],[0,27]]]},
"G533": {"type": "Matrix2x2", "payoffs": [[[53,60],[29,0]],[[20,18],[0,15]]]},
"G534": {"type": "Matrix2x2", "payoffs": [[[31,16],[36,86]],[[0,48],[32,0]]]},
"G535": {"type": "Matrix2x2", "payoffs": [[[0,0],[61,55]],[[37,40],[66,57]]]},
"G536": {"type": "Matrix2x2", "payoffs": [[[36,0],[37,30]],[[0,15],[45,94]]]},
"G537": {"type": "Matrix2x2", "payoffs": [[[39,0],[0,42]],[[53,65],[87,96]]]},
"G538": {"type": "Matrix2x2", "payoffs": [[[90,98],[0,94]],[[43,22],[34,0]]]},
"G539": {"type": "Matrix2x2", "payoffs": [[[15,41],[29,90]],[[21,25],[0,0]]]},
"G540": {"type": "Matrix2x2", "payoffs": [[[0,35],[44,70]],[[9,5],[42,0]]]},
"G541": {"type": "Matrix2x2", "payoffs": [[[14,45],[46,52]],[[12,0],[0,36]]]},
"G542": {"type": "Matrix2x2", "payoffs": [[[0,49],[7,14]],[[41,56],[39,0]]]},
"G543": {"type": "Matrix2x2", "payoffs": [[[1,53],[0,22]],[[6,71],[3,0]]]},
"G544": {"type": "Matrix2x2", "payoffs": [[[0,0],[22,22]],[[70,32],[37,14]]]},
"G545": {"type": "Matrix2x2", "payoffs": [[[8,11],[0,0]],[[6,16],[24,19]]]},
"G546": {"type": "Matrix2x2", "payoffs": [[[0,18],[3,3]],[[11,0],[13,43]]]},
"G547": {"type": "Matrix2x2", "payoffs": [[[16,0],[0,9]],[[62,13],[84,16]]]},
"G548": {"type": "Matrix2x2", "payoffs": [[[10,0],[27,68]],[[26,33],[0,27]]]},
"G549": {"type": "Matrix2x2", "payoffs": [[[3,8],[13,15]],[[5,0],[0,6]]]},
"G550": {"type": "Matrix2x2", "payoffs": [[[17,48],[33,26]],[[59,78],[0,0]]]},
"G551": {"type": "Matrix2x2", "payoffs": [[[54,69],[53,0]],[[33,50],[0,10]]]},
"G552": {"type": "Matrix2x2", "payoffs": [[[8,0],[0,43]],[[9,36],[15,66]]]},
"G553": {"type": "Matrix2x2", "payoffs": [[[58,0],[0,49]],[[70,56],[61,37]]]},
"G554": {"type": "Matrix2x2", "payoffs": [[[78,26],[0,6]],[[31,0],[8,20]]]},
"G555": {"type": "Matrix2x2", "payoffs": [[[98,80],[0,0]],[[20,70],[48,60]]]},
"G556": {"type": "Matrix2x2", "payoffs": [[[0,30],[24,0]],[[31,46],[21,32]]]},
"G557": {"type": "Matrix2x2", "payoffs": [[[0,7],[33,2]],[[15,0],[61,11]]]},
"G558": {"type": "Matrix2x2", "payoffs": [[[17,27],[0,0]],[[4,53],[18,98]]]},
"G559": {"type": "Matrix2x2", "payoffs": [[[38,1],[43,0]],[[0,27],[52,44]]]},
"G560": {"type": "Matrix2x2", "payoffs": [[[21,0],[50,37]],[[0,9],[59,49]]]},
"G561": {"type": "Matrix2x2", "payoffs": [[[41,79],[1,30]],[[0,19],[17,0]]]},
"G562": {"type": "Matrix2x2", "payoffs": [[[28,0],[84,37]],[[0,24],[47,19]]]},
"G563": {"type": "Matrix2x2", "payoffs": [[[11,27],[18,46]],[[0,26],[16,0]]]},
"G564": {"type": "Matrix2x2", "payoffs": [[[26,5],[17,4]],[[14,0],[0,2]]]},
"G565": {"type": "Matrix2x2", "payoffs": [[[20,17],[0,0]],[[24,55],[5,2]]]},
"G566": {"type": "Matrix2x2", "payoffs": [[[39,13],[42,15]],[[0,0],[44,32]]]},
"G567": {"type": "Matrix2x2", "payoffs": [[[0,14],[22,79]],[[1,37],[17,0]]]},
"G568": {"type": "Matrix2x2", "payoffs": [[[0,6],[58,0]],[[59,3],[72,61]]]},
"G569": {"type": "Matrix2x2", "payoffs": [[[31,84],[82,91]],[[64,88],[0,0]]]},
"G570": {"type": "Matrix2x2", "payoffs": [[[21,27],[12,0]],[[93,56],[0,42]]]},
"G571": {"type": "Matrix2x2", "payoffs": [[[0,0],[11,26]],[[67,78],[41,64]]]},
"G572": {"type": "Matrix2x2", "payoffs": [[[97,43],[0,37]],[[30,0],[57,23]]]},
"G573": {"type": "Matrix2x2", "payoffs": [[[0,35],[5,0]],[[17,39],[2,6]]]},
"G574": {"type": "Matrix2x2", "payoffs": [[[11,85],[10,81]],[[0,14],[9,0]]]},
"G575": {"type": "Matrix2x2", "payoffs": [[[13,62],[11,20]],[[10,3],[0,0]]]},
"G576": {"type": "Matrix2x2", "payoffs": [[[0,26],[48,35]],[[21,31],[9,0]]]},
"G577": {"type": "Matrix2x2", "payoffs": [[[0,7],[10,2]],[[15,0],[30,50]]]},
"G578": {"type": "Matrix2x2", "payoffs": [[[22,64],[18,21]],[[16,18],[0,0]]]},
"G579": {"type": "Matrix2x2", "payoffs": [[[32,0],[0,21]],[[65,43],[5,12]]]},
"G580": {"type": "Matrix2x2", "payoffs": [[[4,47],[31,58]],[[28,0],[0,23]]]},
"G581": {"type": "Matrix2x2", "payoffs": [[[0,0],[87,93]],[[56,33],[9,64]]]},
"G582": {"type": "Matrix2x2", "payoffs": [[[1,2],[13,3]],[[0,0],[11,1]]]},
"G583": {"type": "Matrix2x2", "payoffs": [[[0,0],[35,8]],[[7,10],[49,11]]]},
"G584": {"type": "Matrix2x2", "payoffs": [[[0,10],[26,0]],[[23,9],[45,18]]]},
"G585": {"type": "Matrix2x2", "payoffs": [[[13,1],[86,6]],[[0,0],[37,4]]]},
"G586": {"type": "Matrix2x2", "payoffs": [[[15,1],[73,82]],[[20,0],[0,23]]]},
"G587": {"type": "Matrix2x2", "payoffs": [[[8,20],[54,23]],[[92,59],[0,0]]]},
"G588": {"type": "Matrix2x2", "payoffs": [[[0,25],[14,97]],[[1,16],[2,0]]]},
"G589": {"type": "Matrix2x2", "payoffs": [[[16,1],[27,8]],[[28,10],[0,0]]]},
"G590": {"type": "Matrix2x2", "payoffs": [[[0,52],[84,53]],[[80,0],[33,9]]]},
"G591": {"type": "Matrix2x2", "payoffs": [[[3,6],[0,67]],[[36,0],[45,72]]]},
"G592": {"type": "Matrix2x2", "payoffs": [[[36,0],[48,57]],[[40,17],[0,32]]]},
"G593": {"type": "Matrix2x2", "payoffs": [[[18,0],[48,66]],[[57,95],[0,51]]]},
"G594": {"type": "Matrix2x2", "payoffs": [[[14,0],[0,24]],[[45,27],[25,8]]]},
"G595": {"type": "Matrix2x2", "payoffs": [[[5,48],[56,0]],[[79,82],[0,41]]]},
"G596": {"type": "Matrix2x2", "payoffs": [[[0,0],[35,92]],[[33,10],[27,19]]]},
"G597": {"type": "Matrix2x2", "payoffs": [[[10,0],[8,4]],[[0,33],[14,49]]]},
"G598": {"type": "Matrix2x2", "payoffs": [[[2,12],[0,13]],[[17,29],[11,0]]]},
"G599": {"type": "Matrix2x2", "payoffs": [[[8,39],[37,68]],[[0,58],[1,0]]]},
"G600": {"type": "Matrix2x2", "payoffs": [[[50,49],[89,82]],[[0,54],[11,0]]]},
"G601": {"type": "Matrix2x2", "payoffs": [[[29,0],[60,70]],[[0,66],[38,27]]]},
"G602": {"type": "Matrix2x2", "payoffs": [[[63,15],[69,23]],[[40,3],[0,0]]]},
"G603": {"type": "Matrix2x2", "payoffs": [[[44,31],[0,0]],[[52,45],[34,17]]]},
"G604": {"type": "Matrix2x2", "payoffs": [[[0,21],[11,0]],[[2,88],[16,94]]]},
"G605": {"type": "Matrix2x2", "payoffs": [[[0,0],[3,60]],[[2,37],[1,22]]]},
"G606": {"type": "Matrix2x2", "payoffs": [[[0,0],[35,8]],[[68,11],[40,2]]]},
"G607": {"type": "Matrix2x2", "payoffs": [[[95,56],[0,46]],[[35,0],[89,22]]]},
"G608": {"type": "Matrix2x2", "payoffs": [[[39,79],[0,73]],[[19,0],[13,72]]]},
"G609": {"type": "Matrix2x2", "payoffs": [[[6,42],[33,56]],[[7,10],[0,0]]]},
"G610": {"type": "Matrix2x2", "payoffs": [[[4,37],[20,70]],[[0,0],[13,22]]]},
"G611": {"type": "Matrix2x2", "payoffs": [[[7,0],[0,7]],[[48,18],[64,81]]]},
"G612": {"type": "Matrix2x2", "payoffs": [[[50,68],[38,45]],[[49,17],[0,0]]]},
"G613": {"type": "Matrix2x2", "payoffs": [[[27,67],[42,69]],[[3,0],[0,58]]]},
"G614": {"type": "Matrix2x2", "payoffs": [[[3,0],[64,83]],[[0,97],[80,98]]]},
"G615": {"type": "Matrix2x2", "payoffs": [[[0,32],[54,0]],[[60,58],[38,28]]]},
"G616": {"type": "Matrix2x2", "payoffs": [[[10,8],[0,33]],[[25,0],[72,57]]]},
"G617": {"type": "Matrix2x2", "payoffs": [[[10,93],[80,95]],[[0,0],[23,45]]]},
"G618": {"type": "Matrix2x2", "payoffs": [[[0,74],[44,37]],[[69,0],[73,98]]]},
"G619": {"type": "Matrix2x2", "payoffs": [[[0,9],[38,16]],[[43,20],[28,0]]]},
"G620": {"type": "Matrix2x2", "payoffs": [[[32,99],[13,3]],[[0,0],[4,11]]]},
"G621": {"type": "Matrix2x2", "payoffs": [[[0,50],[9,0]],[[34,84],[11,45]]]},
"G622": {"type": "Matrix2x2", "payoffs": [[[12,0],[0,2]],[[50,1],[79,9]]]},
"G623": {"type": "Matrix2x2", "payoffs": [[[40,74],[33,4]],[[0,9],[37,0]]]},
"G624": {"type": "Matrix2x2", "payoffs": [[[0,39],[83,48]],[[13,0],[46,21]]]},
"G625": {"type": "Matrix2x2", "payoffs": [[[0,2],[24,22]],[[23,13],[7,0]]]},
"G626": {"type": "Matrix2x2", "payoffs": [[[0,40],[10,0]],[[23,55],[8,26]]]},
"G627": {"type": "Matrix2x2", "payoffs": [[[4,14],[1,0]],[[6,82],[0,19]]]},
"G628": {"type": "Matrix2x2", "payoffs": [[[59,0],[80,25]],[[0,4],[76,17]]]},
"G629": {"type": "Matrix2x2", "payoffs": [[[33,23],[4,0]],[[0,6],[13,13]]]},
"G630": {"type": "Matrix2x2", "payoffs": [[[0,25],[42,61]],[[9,0],[36,31]]]},
"G631": {"type": "Matrix2x2", "payoffs": [[[14,2],[18,5]],[[80,35],[0,0]]]},
"G632": {"type": "Matrix2x2", "payoffs": [[[0,0],[35,98]],[[3,33],[9,15]]]},
"G633": {"type": "Matrix2x2", "payoffs": [[[24,57],[22,0]],[[4,26],[0,49]]]},
"G634": {"type": "Matrix2x2", "payoffs": [[[83,83],[54,20]],[[0,0],[60,75]]]},
"G635": {"type": "Matrix2x2", "payoffs": [[[0,19],[94,33]],[[44,0],[67,25]]]},
"G636": {"type": "Matrix2x2", "payoffs": [[[27,0],[37,49]],[[63,61],[0,54]]]},
"G637": {"type": "Matrix2x2", "payoffs": [[[4,75],[0,50]],[[18,100],[7,0]]]},
"G638": {"type": "Matrix2x2", "payoffs": [[[17,19],[10,2]],[[0,5],[7,0]]]},
"G639": {"type": "Matrix2x2", "payoffs": [[[0,2],[62,22]],[[56,9],[43,0]]]},
"G640": {"type": "Matrix2x2", "payoffs": [[[23,0],[47,2]],[[51,14],[0,13]]]},
"G641": {"type": "Matrix2x2", "payoffs": [[[17,0],[0,2]],[[18,18],[23,55]]]},
"G642": {"type": "Matrix2x2", "payoffs": [[[0,22],[36,6]],[[38,71],[10,0]]]},
"G643": {"type": "Matrix2x2", "payoffs": [[[31,0],[14,68]],[[61,91],[0,7]]]},
"G644": {"type": "Matrix2x2", "payoffs": [[[11,0],[46,22]],[[0,7],[17,17]]]},
"G645": {"type": "Matrix2x2", "payoffs": [[[0,42],[26,0]],[[36,58],[14,14]]]},
"G646": {"type": "Matrix2x2", "payoffs": [[[10,23],[98,69]],[[0,0],[67,17]]]},
"G647": {"type": "Matrix2x2", "payoffs": [[[69,5],[79,29]],[[25,26],[0,0]]]},
"G648": {"type": "Matrix2x2", "payoffs": [[[4,0],[0,8]],[[15,9],[5,6]]]},
"G649": {"type": "Matrix2x2", "payoffs": [[[26,0],[30,9]],[[29,2],[0,7]]]},
"G650": {"type": "Matrix2x2", "payoffs": [[[3,0],[0,29]],[[4,13],[6,55]]]},
"G651": {"type": "Matrix2x2", "payoffs": [[[4,53],[3,0]],[[0,27],[2,35]]]},
"G652": {"type": "Matrix2x2", "payoffs": [[[0,23],[50,69]],[[1,0],[36,36]]]},
"G653": {"type": "Matrix2x2", "payoffs": [[[17,54],[8,35]],[[16,39],[0,0]]]},
"G654": {"type": "Matrix2x2", "payoffs": [[[0,30],[29,62]],[[25,17],[4,0]]]},
"G655": {"type": "Matrix2x2", "payoffs": [[[0,26],[59,35]],[[49,0],[4,17]]]},
"G656": {"type": "Matrix2x2", "payoffs": [[[0,57],[13,0]],[[68,23],[75,76]]]},
"G657": {"type": "Matrix2x2", "payoffs": [[[93,86],[0,76]],[[29,74],[3,0]]]},
"G658": {"type": "Matrix2x2", "payoffs": [[[35,76],[34,29]],[[1,5],[0,0]]]},
"G659": {"type": "Matrix2x2", "payoffs": [[[0,0],[80,43]],[[77,25],[66,7]]]},
"G660": {"type": "Matrix2x2", "payoffs": [[[15,17],[85,14]],[[88,26],[0,0]]]},
"G661": {"type": "Matrix2x2", "payoffs": [[[57,10],[8,2]],[[0,0],[5,7]]]},
"G662": {"type": "Matrix2x2", "payoffs": [[[2,41],[27,44]],[[18,11],[0,0]]]},
"G663": {"type": "Matrix2x2", "payoffs": [[[80,92],[19,2]],[[34,77],[0,0]]]},
"G664": {"type": "Matrix2x2", "payoffs": [[[5,0],[12,7]],[[0,2],[7,6]]]},
"G665": {"type": "Matrix2x2", "payoffs": [[[0,7],[2,0]],[[7,46],[5,37]]]},
"G666": {"type": "Matrix2x2", "payoffs": [[[37,81],[33,64]],[[0,0],[35,41]]]},
"G667": {"type": "Matrix2x2", "payoffs": [[[24,0],[0,23]],[[8,34],[71,36]]]},
"G668": {"type": "Matrix2x2", "payoffs": [[[22,44],[0,0]],[[9,15],[11,40]]]},
"G669": {"type": "Matrix2x2", "payoffs": [[[8,37],[27,0]],[[40,99],[0,20]]]},
"G670": {"type": "Matrix2x2", "payoffs": [[[12,42],[29,33]],[[0,0],[51,51]]]},
"G671": {"type": "Matrix2x2", "payoffs": [[[87,0],[90,23]],[[0,19],[5,6]]]},
"G672": {"type": "Matrix2x2", "payoffs": [[[56,18],[14,0]],[[0,12],[57,33]]]},
"G673": {"type": "Matrix2x2", "payoffs": [[[58,0],[76,28]],[[0,7],[23,22]]]},
"G674": {"type": "Matrix2x2", "payoffs": [[[43,8],[24,23]],[[0,0],[65,73]]]},
"G675": {"type": "Matrix2x2", "payoffs": [[[50,18],[0,7]],[[14,0],[23,14]]]},
"G676": {"type": "Matrix2x2", "payoffs": [[[4,0],[3,7]],[[5,50],[0,27]]]},
"G677": {"type": "Matrix2x2", "payoffs": [[[24,0],[0,16]],[[59,13],[63,28]]]},
"G678": {"type": "Matrix2x2", "payoffs": [[[0,18],[8,8]],[[18,0],[67,95]]]},
"G679": {"type": "Matrix2x2", "payoffs": [[[59,0],[0,19]],[[40,11],[73,63]]]},
"G680": {"type": "Matrix2x2", "payoffs": [[[0,0],[35,74]],[[22,72],[12,40]]]},
"G681": {"type": "Matrix2x2", "payoffs": [[[55,66],[19,0]],[[0,52],[30,33]]]},
"G682": {"type": "Matrix2x2", "payoffs": [[[60,25],[30,0]],[[21,17],[0,3]]]},
"G683": {"type": "Matrix2x2", "payoffs": [[[0,89],[4,79]],[[11,97],[8,0]]]},
"G684": {"type": "Matrix2x2", "payoffs": [[[58,0],[80,28]],[[94,81],[0,12]]]},
"G685": {"type": "Matrix2x2", "payoffs": [[[41,13],[2,0]],[[50,51],[0,23]]]},
"G686": {"type": "Matrix2x2", "payoffs": [[[25,94],[0,0]],[[17,67],[14,34]]]},
"G687": {"type": "Matrix2x2", "payoffs": [[[0,63],[72,8]],[[93,92],[4,0]]]},
"G688": {"type": "Matrix2x2", "payoffs": [[[0,12],[3,0]],[[27,34],[23,21]]]},
"G689": {"type": "Matrix2x2", "payoffs": [[[8,42],[9,62]],[[0,0],[10,87]]]},
"G690": {"type": "Matrix2x2", "payoffs": [[[49,26],[0,18]],[[48,0],[81,56]]]},
"G691": {"type": "Matrix2x2", "payoffs": [[[97,52],[28,39]],[[70,0],[0,20]]]},
"G692": {"type": "Matrix2x2", "payoffs": [[[78,49],[26,38]],[[0,0],[55,32]]]},
"G693": {"type": "Matrix2x2", "payoffs": [[[0,30],[30,24]],[[31,0],[79,60]]]},
"G694": {"type": "Matrix2x2", "payoffs": [[[76,3],[52,0]],[[83,26],[0,14]]]},
"G695": {"type": "Matrix2x2", "payoffs": [[[85,63],[4,0]],[[39,46],[0,49]]]},
"G696": {"type": "Matrix2x2", "payoffs": [[[34,47],[31,43]],[[13,0],[0,16]]]},
"G697": {"type": "Matrix2x2", "payoffs": [[[0,9],[21,53]],[[65,60],[38,0]]]},
"G698": {"type": "Matrix2x2", "payoffs": [[[0,41],[55,0]],[[35,18],[57,78]]]},
"G699": {"type": "Matrix2x2", "payoffs": [[[39,37],[0,0]],[[48,52],[37,38]]]},
"G700": {"type": "Matrix2x2", "payoffs": [[[46,56],[53,68]],[[0,0],[12,11]]]},
"G701": {"type": "Matrix2x2", "payoffs": [[[48,61],[38,0]],[[86,69],[0,51]]]},
"G702": {"type": "Matrix2x2", "payoffs": [[[0,65],[2,0]],[[3,30],[15,75]]]},
"G703": {"type": "Matrix2x2", "payoffs": [[[0,0],[13,14]],[[54,17],[44,9]]]},
"G704": {"type": "Matrix2x2", "payoffs": [[[77,30],[0,0]],[[88,79],[85,15]]]},
"G705": {"type": "Matrix2x2", "payoffs": [[[42,2],[59,0]],[[0,16],[68,21]]]},
"G706": {"type": "Matrix2x2", "payoffs": [[[3,21],[30,16]],[[0,0],[34,50]]]},
"G707": {"type": "Matrix2x2", "payoffs": [[[0,74],[66,85]],[[47,0],[33,57]]]},
"G708": {"type": "Matrix2x2", "payoffs": [[[86,44],[72,12]],[[42,14],[0,0]]]},
"G709": {"type": "Matrix2x2", "payoffs": [[[1,5],[3,7]],[[2,0],[0,6]]]},
"G710": {"type": "Matrix2x2", "payoffs": [[[0,0],[2,6]],[[92,7],[18,2]]]},
"G711": {"type": "Matrix2x2", "payoffs": [[[41,15],[33,2]],[[29,0],[0,9]]]},
"G712": {"type": "Matrix2x2", "payoffs": [[[79,67],[10,53]],[[15,0],[0,17]]]},
"G713": {"type": "Matrix2x2", "payoffs": [[[0,9],[38,49]],[[41,99],[16,0]]]},
"G714": {"type": "Matrix2x2", "payoffs": [[[65,55],[57,53]],[[25,0],[0,46]]]},
"G715": {"type": "Matrix2x2", "payoffs": [[[0,5],[92,0]],[[66,14],[98,16]]]},
"G716": {"type": "Matrix2x2", "payoffs": [[[0,15],[89,21]],[[5,0],[4,5]]]},
"G717": {"type": "Matrix2x2", "payoffs": [[[0,0],[50,44]],[[14,24],[11,37]]]},
"G718": {"type": "Matrix2x2", "payoffs": [[[54,45],[17,16]],[[0,0],[48,31]]]},
"G719": {"type": "Matrix2x2", "payoffs": [[[12,49],[98,55]],[[0,20],[34,0]]]},
"G720": {"type": "Matrix2x2", "payoffs": [[[29,0],[27,31]],[[45,34],[0,16]]]},
"G721": {"type": "Matrix2x2", "payoffs": [[[7,34],[51,21]],[[0,0],[73,58]]]},
"G722": {"type": "Matrix2x2", "payoffs": [[[78,70],[84,0]],[[0,15],[98,99]]]},
"G723": {"type": "Matrix2x2", "payoffs": [[[67,60],[31,0]],[[0,30],[42,34]]]},
"G724": {"type": "Matrix2x2", "payoffs": [[[73,27],[7,1]],[[55,0],[0,12]]]},
"G725": {"type": "Matrix2x2", "payoffs": [[[28,49],[52,72]],[[36,0],[0,59]]]},
"G726": {"type": "Matrix2x2", "payoffs": [[[60,1],[0,0]],[[71,30],[72,77]]]},
"G727": {"type": "Matrix2x2", "payoffs": [[[0,3],[30,67]],[[7,0],[9,65]]]},
"G728": {"type": "Matrix2x2", "payoffs": [[[21,1],[23,2]],[[0,0],[38,3]]]},
"G729": {"type": "Matrix2x2", "payoffs": [[[17,8],[7,17]],[[0,0],[60,63]]]},
"G730": {"type": "Matrix2x2", "payoffs": [[[29,28],[11,20]],[[9,0],[0,6]]]},
"G731": {"type": "Matrix2x2", "payoffs": [[[3,0],[25,52]],[[0,48],[17,15]]]},
"G732": {"type": "Matrix2x2", "payoffs": [[[42,25],[0,20]],[[43,95],[32,0]]]},
"G733": {"type": "Matrix2x2", "payoffs": [[[29,10],[38,37]],[[14,15],[0,0]]]},
"G734": {"type": "Matrix2x2", "payoffs": [[[60,63],[0,18]],[[88,100],[1,0]]]},
"G735": {"type": "Matrix2x2", "payoffs": [[[0,71],[27,19]],[[33,0],[58,89]]]},
"G736": {"type": "Matrix2x2", "payoffs": [[[1,61],[0,0]],[[19,23],[42,85]]]},
"G737": {"type": "Matrix2x2", "payoffs": [[[0,26],[39,20]],[[43,39],[26,0]]]},
"G738": {"type": "Matrix2x2", "payoffs": [[[65,9],[0,7]],[[21,1],[55,0]]]},
"G739": {"type": "Matrix2x2", "payoffs": [[[26,2],[30,0]],[[36,7],[0,1]]]},
"G740": {"type": "Matrix2x2", "payoffs": [[[0,53],[13,58]],[[12,0],[11,37]]]},
"G741": {"type": "Matrix2x2", "payoffs": [[[27,46],[0,0]],[[26,30],[16,39]]]},
"G742": {"type": "Matrix2x2", "payoffs": [[[94,74],[0,28]],[[69,25],[42,0]]]},
"G743": {"type": "Matrix2x2", "payoffs": [[[0,1],[85,26]],[[1,0],[8,11]]]},
"G744": {"type": "Matrix2x2", "payoffs": [[[0,88],[15,0]],[[96,97],[16,26]]]},
"G745": {"type": "Matrix2x2", "payoffs": [[[0,8],[1,0]],[[12,49],[5,5]]]},
"G746": {"type": "Matrix2x2", "payoffs": [[[27,0],[36,40]],[[9,33],[0,2]]]},
"G747": {"type": "Matrix2x2", "payoffs": [[[0,0],[95,12]],[[28,5],[54,2]]]},
"G748": {"type": "Matrix2x2", "payoffs": [[[13,0],[0,28]],[[65,47],[70,49]]]},
"G749": {"type": "Matrix2x2", "payoffs": [[[98,98],[92,45]],[[0,29],[97,0]]]},
"G750": {"type": "Matrix2x2", "payoffs": [[[11,56],[46,8]],[[51,59],[0,0]]]},
"G751": {"type": "Matrix2x2", "payoffs": [[[41,17],[0,73]],[[30,0],[82,80]]]},
"G752": {"type": "Matrix2x2", "payoffs": [[[0,56],[17,0]],[[20,7],[29,96]]]},
"G753": {"type": "Matrix2x2", "payoffs": [[[10,0],[12,48]],[[4,10],[0,1]]]},
"G754": {"type": "Matrix2x2", "payoffs": [[[66,0],[77,70]],[[91,90],[0,26]]]},
"G755": {"type": "Matrix2x2", "payoffs": [[[0,2],[23,43]],[[57,45],[6,0]]]},
"G756": {"type": "Matrix2x2", "payoffs": [[[4,35],[0,19]],[[2,5],[1,0]]]},
"G757": {"type": "Matrix2x2", "payoffs": [[[56,28],[0,1]],[[39,0],[42,22]]]},
"G758": {"type": "Matrix2x2", "payoffs": [[[65,84],[80,90]],[[0,0],[67,9]]]},
"G759": {"type": "Matrix2x2", "payoffs": [[[12,70],[9,6]],[[0,0],[1,11]]]},
"G760": {"type": "Matrix2x2", "payoffs": [[[49,26],[76,0]],[[82,45],[0,5]]]},
"G761": {"type": "Matrix2x2", "payoffs": [[[30,9],[0,0]],[[65,20],[57,5]]]},
"G762": {"type": "Matrix2x2", "payoffs": [[[0,0],[12,22]],[[26,86],[11,7]]]},
"G763": {"type": "Matrix2x2", "payoffs": [[[20,89],[17,42]],[[4,52],[0,0]]]},
"G764": {"type": "Matrix2x2", "payoffs": [[[5,93],[0,19]],[[3,0],[1,8]]]},
"G765": {"type": "Matrix2x2", "payoffs": [[[96,22],[0,0]],[[79,5],[90,13]]]},
"G766": {"type": "Matrix2x2", "payoffs": [[[38,86],[11,49]],[[0,24],[14,0]]]},
"G767": {"type": "Matrix2x2", "payoffs": [[[0,68],[3,0]],[[8,33],[66,70]]]},
"G768": {"type": "Matrix2x2", "payoffs": [[[7,0],[28,25]],[[0,12],[11,15]]]},
"G769": {"type": "Matrix2x2", "payoffs": [[[5,0],[7,51]],[[0,9],[2,6]]]},
"G770": {"type": "Matrix2x2", "payoffs": [[[83,55],[19,1]],[[0,0],[49,32]]]},
"G771": {"type": "Matrix2x2", "payoffs": [[[35,13],[0,12]],[[1,0],[42,25]]]},
"G772": {"type": "Matrix2x2", "payoffs": [[[7,11],[11,14]],[[10,6],[0,0]]]},
"G773": {"type": "Matrix2x2", "payoffs": [[[0,31],[75,42]],[[50,0],[5,2]]]},
"G774": {"type": "Matrix2x2", "payoffs": [[[24,0],[0,13]],[[35,4],[53,23]]]},
"G775": {"type": "Matrix2x2", "payoffs": [[[0,0],[9,32]],[[48,18],[82,46]]]},
"G776": {"type": "Matrix2x2", "payoffs": [[[3,6],[6,0]],[[8,26],[0,16]]]},
"G777": {"type": "Matrix2x2", "payoffs": [[[0,19],[40,80]],[[13,78],[35,0]]]},
"G778": {"type": "Matrix2x2", "payoffs": [[[37,20],[0,0]],[[8,28],[64,40]]]},
"G779": {"type": "Matrix2x2", "payoffs": [[[42,1],[49,0]],[[68,5],[0,4]]]},
"G780": {"type": "Matrix2x2", "payoffs": [[[9,67],[0,0]],[[12,75],[10,48]]]},
"G781": {"type": "Matrix2x2", "payoffs": [[[6,82],[65,100]],[[0,0],[9,85]]]},
"G782": {"type": "Matrix2x2", "payoffs": [[[33,4],[0,10]],[[22,0],[53,18]]]},
"G783": {"type": "Matrix2x2", "payoffs": [[[14,16],[0,0]],[[46,74],[16,68]]]},
"G784": {"type": "Matrix2x2", "payoffs": [[[0,7],[23,0]],[[38,33],[49,34]]]},
"G785": {"type": "Matrix2x2", "payoffs": [[[0,32],[36,0]],[[18,25],[55,53]]]},
"G786": {"type": "Matrix2x2", "payoffs": [[[0,90],[50,0]],[[60,7],[84,93]]]},
"G787": {"type": "Matrix2x2", "payoffs": [[[34,13],[0,73]],[[40,0],[75,78]]]},
"G788": {"type": "Matrix2x2", "payoffs": [[[0,19],[45,0]],[[77,31],[3,16]]]},
"G789": {"type": "Matrix2x2", "payoffs": [[[8,87],[0,0]],[[1,36],[20,91]]]},
"G790": {"type": "Matrix2x2", "payoffs": [[[0,14],[32,17]],[[18,0],[93,20]]]},
"G791": {"type": "Matrix2x2", "payoffs": [[[80,96],[77,0]],[[0,95],[13,71]]]},
"G792": {"type": "Matrix2x2", "payoffs": [[[11,52],[4,14]],[[0,0],[1,17]]]},
"G793": {"type": "Matrix2x2", "payoffs": [[[10,0],[1,19]],[[0,16],[17,21]]]},
"G794": {"type": "Matrix2x2", "payoffs": [[[0,25],[77,26]],[[26,0],[50,18]]]},
"G795": {"type": "Matrix2x2", "payoffs": [[[0,21],[48,0]],[[83,62],[49,26]]]},
"G796": {"type": "Matrix2x2", "payoffs": [[[6,46],[18,48]],[[0,0],[69,66]]]},
"G797": {"type": "Matrix2x2", "payoffs": [[[96,23],[63,13]],[[59,0],[0,10]]]},
"G798": {"type": "Matrix2x2", "payoffs": [[[77,57],[0,9]],[[22,38],[62,0]]]},
"G799": {"type": "Matrix2x2", "payoffs": [[[19,32],[28,33]],[[22,0],[0,11]]]},
"G800": {"type": "Matrix2x2", "payoffs": [[[34,77],[10,18]],[[0,0],[11,67]]]},
"G801": {"type": "Matrix2x2", "payoffs": [[[13,25],[0,34]],[[78,42],[17,0]]]},
"G802": {"type": "Matrix2x2", "payoffs": [[[39,26],[76,29]],[[64,0],[0,4]]]},
"G803": {"type": "Matrix2x2", "payoffs": [[[0,33],[87,41]],[[20,26],[83,0]]]},
"G804": {"type": "Matrix2x2", "payoffs": [[[7,41],[24,0]],[[0,16],[97,77]]]},
"G805": {"type": "Matrix2x2", "payoffs": [[[4,0],[8,8]],[[0,44],[17,88]]]},
"G806": {"type": "Matrix2x2", "payoffs": [[[0,35],[33,0]],[[60,56],[21,24]]]},
"G807": {"type": "Matrix2x2", "payoffs": [[[40,14],[0,0]],[[22,31],[47,38]]]},
"G808": {"type": "Matrix2x2", "payoffs": [[[18,76],[14,7]],[[13,22],[0,0]]]},
"G809": {"type": "Matrix2x2", "payoffs": [[[0,0],[13,17]],[[10,11],[16,24]]]},
"G810": {"type": "Matrix2x2", "payoffs": [[[0,4],[72,76]],[[29,0],[46,49]]]},
"G811": {"type": "Matrix2x2", "payoffs": [[[38,30],[72,32]],[[0,31],[29,0]]]},
"G812": {"type": "Matrix2x2", "payoffs": [[[5,2],[0,15]],[[16,20],[2,0]]]},
"G813": {"type": "Matrix2x2", "payoffs": [[[0,82],[11,47]],[[27,0],[46,89]]]},
"G814": {"type": "Matrix2x2", "payoffs": [[[2,47],[6,68]],[[0,52],[3,0]]]},
"G815": {"type": "Matrix2x2", "payoffs": [[[0,25],[3,49]],[[1,0],[4,76]]]},
"G816": {"type": "Matrix2x2", "payoffs": [[[65,20],[31,0]],[[0,7],[2,6]]]},
"G817": {"type": "Matrix2x2", "payoffs": [[[0,9],[39,11]],[[13,10],[35,0]]]},
"G818": {"type": "Matrix2x2", "payoffs": [[[0,13],[5,0]],[[4,31],[6,40]]]},
"G819": {"type": "Matrix2x2", "payoffs": [[[0,52],[46,0]],[[50,68],[12,57]]]},
"G820": {"type": "Matrix2x2", "payoffs": [[[18,35],[4,21]],[[16,0],[0,32]]]},
"G821": {"type": "Matrix2x2", "payoffs": [[[88,67],[57,27]],[[69,8],[0,0]]]},
"G822": {"type": "Matrix2x2", "payoffs": [[[0,0],[10,48]],[[30,56],[25,20]]]},
"G823": {"type": "Matrix2x2", "payoffs": [[[8,0],[14,26]],[[26,32],[0,11]]]},
"G824": {"type": "Matrix2x2", "payoffs": [[[21,77],[7,74]],[[17,52],[0,0]]]},
"G825": {"type": "Matrix2x2", "payoffs": [[[44,0],[0,1]],[[21,12],[57,15]]]},
"G826": {"type": "Matrix2x2", "payoffs": [[[12,10],[5,0]],[[4,8],[0,1]]]},
"G827": {"type": "Matrix2x2", "payoffs": [[[33,0],[56,51]],[[9,39],[0,8]]]},
"G828": {"type": "Matrix2x2", "payoffs": [[[0,0],[45,6]],[[39,2],[15,3]]]},
"G829": {"type": "Matrix2x2", "payoffs": [[[0,72],[23,69]],[[79,89],[76,0]]]},
"G830": {"type": "Matrix2x2", "payoffs": [[[43,81],[0,24]],[[27,58],[35,0]]]},
"G831": {"type": "Matrix2x2", "payoffs": [[[0,0],[14,20]],[[6,39],[20,50]]]},
"G832": {"type": "Matrix2x2", "payoffs": [[[8,49],[56,72]],[[0,9],[21,0]]]},
"G833": {"type": "Matrix2x2", "payoffs": [[[73,33],[30,0]],[[0,28],[84,65]]]},
"G834": {"type": "Matrix2x2", "payoffs": [[[2,50],[0,0]],[[5,61],[1,27]]]},
"G835": {"type": "Matrix2x2", "payoffs": [[[47,43],[21,0]],[[0,4],[25,27]]]},
"G836": {"type": "Matrix2x2", "payoffs": [[[8,3],[0,44]],[[26,77],[24,0]]]},
"G837": {"type": "Matrix2x2", "payoffs": [[[0,2],[19,0]],[[21,7],[30,12]]]},
"G838": {"type": "Matrix2x2", "payoffs": [[[0,1],[27,5]],[[2,0],[15,4]]]},
"G839": {"type": "Matrix2x2", "payoffs": [[[0,32],[61,75]],[[52,0],[36,6]]]},
"G840": {"type": "Matrix2x2", "payoffs": [[[0,14],[11,82]],[[9,73],[7,0]]]},
"G841": {"type": "Matrix2x2", "payoffs": [[[8,6],[80,19]],[[58,11],[0,0]]]},
"G842": {"type": "Matrix2x2", "payoffs": [[[0,79],[29,0]],[[11,61],[61,82]]]},
"G843": {"type": "Matrix2x2", "payoffs": [[[0,0],[46,54]],[[39,22],[16,13]]]},
"G844": {"type": "Matrix2x2", "payoffs": [[[65,0],[0,30]],[[21,23],[79,39]]]},
"G845": {"type": "Matrix2x2", "payoffs": [[[5,12],[10,0]],[[17,90],[0,85]]]},
"G846": {"type": "Matrix2x2", "payoffs": [[[0,0],[6,8]],[[7,52],[3,7]]]},
"G847": {"type": "Matrix2x2", "payoffs": [[[34,6],[67,99]],[[0,14],[35,0]]]},
"G848": {"type": "Matrix2x2", "payoffs": [[[74,17],[76,93]],[[0,15],[63,0]]]},
"G849": {"type": "Matrix2x2", "payoffs": [[[8,20],[0,0]],[[18,14],[67,35]]]},
"G850": {"type": "Matrix2x2", "payoffs": [[[40,38],[12,0]],[[45,77],[0,3]]]},
"G851": {"type": "Matrix2x2", "payoffs": [[[0,73],[2,6]],[[18,99],[13,0]]]},
"G852": {"type": "Matrix2x2", "payoffs": [[[0,31],[38,0]],[[47,70],[45,32]]]},
"G853": {"type": "Matrix2x2", "payoffs": [[[13,4],[58,6]],[[0,0],[15,2]]]},
"G854": {"type": "Matrix2x2", "payoffs": [[[45,0],[51,17]],[[16,6],[0,15]]]},
"G855": {"type": "Matrix2x2", "payoffs": [[[43,28],[41,0]],[[26,22],[0,1]]]},
"G856": {"type": "Matrix2x2", "payoffs": [[[2,22],[1,0]],[[0,12],[3,79]]]},
"G857": {"type": "Matrix2x2", "payoffs": [[[9,50],[17,32]],[[0,0],[18,53]]]},
"G858": {"type": "Matrix2x2", "payoffs": [[[84,10],[0,0]],[[96,31],[43,13]]]},
"G859": {"type": "Matrix2x2", "payoffs": [[[12,2],[0,0]],[[75,4],[47,1]]]},
"G860": {"type": "Matrix2x2", "payoffs": [[[75,37],[0,0]],[[88,79],[8,57]]]},
"G861": {"type": "Matrix2x2", "payoffs": [[[47,44],[0,0]],[[24,37],[39,18]]]},
"G862": {"type": "Matrix2x2", "payoffs": [[[34,26],[33,1]],[[23,3],[0,0]]]},
"G863": {"type": "Matrix2x2", "payoffs": [[[0,0],[37,43]],[[8,18],[34,8]]]},
"G864": {"type": "Matrix2x2", "payoffs": [[[44,86],[0,60]],[[38,0],[18,6]]]},
"G865": {"type": "Matrix2x2", "payoffs": [[[64,9],[47,4]],[[4,1],[0,0]]]},
"G866": {"type": "Matrix2x2", "payoffs": [[[0,3],[8,4]],[[12,6],[2,0]]]},
"G867": {"type": "Matrix2x2", "payoffs": [[[11,0],[28,6]],[[0,1],[29,7]]]},
"G868": {"type": "Matrix2x2", "payoffs": [[[96,84],[0,64]],[[87,65],[60,0]]]},
"G869": {"type": "Matrix2x2", "payoffs": [[[6,45],[9,0]],[[0,8],[13,84]]]},
"G870": {"type": "Matrix2x2", "payoffs": [[[12,5],[20,7]],[[0,0],[6,6]]]},
"G871": {"type": "Matrix2x2", "payoffs": [[[0,47],[9,97]],[[4,0],[1,32]]]},
"G872": {"type": "Matrix2x2", "payoffs": [[[0,0],[56,71]],[[1,62],[53,9]]]},
"G873": {"type": "Matrix2x2", "payoffs": [[[77,7],[82,18]],[[43,0],[0,8]]]},
"G874": {"type": "Matrix2x2", "payoffs": [[[0,0],[54,5]],[[46,1],[69,41]]]},
"G875": {"type": "Matrix2x2", "payoffs": [[[39,49],[23,26]],[[27,0],[0,27]]]},
"G876": {"type": "Matrix2x2", "payoffs": [[[0,10],[6,20]],[[5,7],[1,0]]]},
"G877": {"type": "Matrix2x2", "payoffs": [[[24,0],[74,51]],[[17,38],[0,6]]]},
"G878": {"type": "Matrix2x2", "payoffs": [[[0,84],[37,87]],[[15,0],[38,90]]]},
"G879": {"type": "Matrix2x2", "payoffs": [[[44,36],[21,32]],[[7,0],[0,27]]]},
"G880": {"type": "Matrix2x2", "payoffs": [[[61,9],[91,0]],[[100,30],[0,5]]]},
"G881": {"type": "Matrix2x2", "payoffs": [[[4,93],[3,0]],[[0,46],[2,89]]]},
"G882": {"type": "Matrix2x2", "payoffs": [[[57,24],[0,22]],[[87,38],[56,0]]]},
"G883": {"type": "Matrix2x2", "payoffs": [[[0,5],[20,50]],[[9,15],[5,0]]]},
"G884": {"type": "Matrix2x2", "payoffs": [[[63,79],[36,27]],[[23,0],[0,71]]]},
"G885": {"type": "Matrix2x2", "payoffs": [[[0,78],[82,27]],[[84,82],[7,0]]]},
"G886": {"type": "Matrix2x2", "payoffs": [[[3,55],[2,0]],[[0,12],[1,19]]]},
"G887": {"type": "Matrix2x2", "payoffs": [[[21,2],[0,3]],[[60,4],[48,0]]]},
"G888": {"type": "Matrix2x2", "payoffs": [[[0,59],[46,65]],[[8,54],[5,0]]]},
"G889": {"type": "Matrix2x2", "payoffs": [[[87,15],[7,1]],[[0,5],[12,0]]]},
"G890": {"type": "Matrix2x2", "payoffs": [[[23,30],[0,44]],[[38,66],[4,0]]]},
"G891": {"type": "Matrix2x2", "payoffs": [[[21,25],[35,0]],[[70,85],[0,80]]]},
"G892": {"type": "Matrix2x2", "payoffs": [[[36,4],[100,18]],[[68,2],[0,0]]]},
"G893": {"type": "Matrix2x2", "payoffs": [[[31,76],[0,73]],[[3,0],[8,23]]]},
"G894": {"type": "Matrix2x2", "payoffs": [[[15,25],[1,0]],[[27,74],[0,58]]]},
"G895": {"type": "Matrix2x2", "payoffs": [[[0,0],[91,83]],[[29,20],[51,23]]]},
"G896": {"type": "Matrix2x2", "payoffs": [[[4,57],[0,31]],[[7,73],[2,0]]]},
"G897": {"type": "Matrix2x2", "payoffs": [[[71,97],[13,66]],[[0,2],[35,0]]]},
"G898": {"type": "Matrix2x2", "payoffs": [[[19,53],[0,23]],[[23,60],[3,0]]]},
"G899": {"type": "Matrix2x2", "payoffs": [[[29,36],[0,0]],[[25,37],[93,60]]]},
"G900": {"type": "Matrix2x2", "payoffs": [[[41,0],[0,7]],[[84,8],[59,3]]]},
"G901": {"type": "Matrix2x2", "payoffs": [[[23,8],[0,6]],[[39,0],[68,26]]]},
"G902": {"type": "Matrix2x2", "payoffs": [[[12,11],[8,7]],[[0,2],[3,0]]]},
"G903": {"type": "Matrix2x2", "payoffs": [[[61,41],[0,0]],[[43,5],[21,28]]]},
"G904": {"type": "Matrix2x2", "payoffs": [[[0,8],[57,23]],[[38,5],[17,0]]]},
"G905": {"type": "Matrix2x2", "payoffs": [[[42,3],[46,12]],[[0,4],[1,0]]]},
"G906": {"type": "Matrix2x2", "payoffs": [[[80,27],[7,2]],[[0,0],[88,48]]]},
"G907": {"type": "Matrix2x2", "payoffs": [[[8,9],[0,3]],[[38,0],[65,14]]]},
"G908": {"type": "Matrix2x2", "payoffs": [[[0,34],[54,99]],[[23,94],[24,0]]]},
"G909": {"type": "Matrix2x2", "payoffs": [[[18,27],[32,93]],[[12,39],[0,0]]]},
"G910": {"type": "Matrix2x2", "payoffs": [[[0,56],[63,64]],[[12,34],[26,0]]]},
"G911": {"type": "Matrix2x2", "payoffs": [[[42,11],[89,69]],[[53,0],[0,62]]]},
"G912": {"type": "Matrix2x2", "payoffs": [[[5,0],[0,1]],[[9,3],[1,2]]]},
"G913": {"type": "Matrix2x2", "payoffs": [[[66,28],[70,77]],[[0,52],[56,0]]]},
"G914": {"type": "Matrix2x2", "payoffs": [[[16,4],[0,0]],[[24,48],[23,33]]]},
"G915": {"type": "Matrix2x2", "payoffs": [[[1,33],[0,0]],[[3,53],[2,22]]]},
"G916": {"type": "Matrix2x2", "payoffs": [[[11,0],[17,98]],[[13,27],[0,93]]]},
"G917": {"type": "Matrix2x2", "payoffs": [[[3,10],[71,16]],[[0,5],[67,0]]]},
"G918": {"type": "Matrix2x2", "payoffs": [[[59,47],[58,17]],[[0,0],[13,42]]]},
"G919": {"type": "Matrix2x2", "payoffs": [[[27,0],[56,17]],[[57,22],[0,9]]]},
"G920": {"type": "Matrix2x2", "payoffs": [[[5,32],[7,52]],[[12,59],[0,0]]]},
"G921": {"type": "Matrix2x2", "payoffs": [[[18,37],[40,50]],[[1,0],[0,9]]]},
"G922": {"type": "Matrix2x2", "payoffs": [[[59,28],[67,75]],[[8,17],[0,0]]]},
"G923": {"type": "Matrix2x2", "payoffs": [[[37,83],[0,57]],[[21,81],[27,0]]]},
"G924": {"type": "Matrix2x2", "payoffs": [[[67,66],[56,0]],[[0,34],[74,79]]]},
"G925": {"type": "Matrix2x2", "payoffs": [[[4,7],[16,63]],[[0,0],[5,57]]]},
"G926": {"type": "Matrix2x2", "payoffs": [[[100,84],[8,4]],[[0,9],[79,0]]]},
"G927": {"type": "Matrix2x2", "payoffs": [[[58,16],[34,0]],[[0,7],[69,25]]]},
"G928": {"type": "Matrix2x2", "payoffs": [[[81,97],[0,0]],[[73,89],[13,26]]]},
"G929": {"type": "Matrix2x2", "payoffs": [[[9,0],[0,61]],[[3,82],[13,84]]]},
"G930": {"type": "Matrix2x2", "payoffs": [[[11,36],[33,0]],[[0,2],[89,76]]]},
"G931": {"type": "Matrix2x2", "payoffs": [[[78,5],[42,0]],[[0,4],[12,2]]]},
"G932": {"type": "Matrix2x2", "payoffs": [[[89,41],[2,0]],[[32,24],[0,40]]]},
"G933": {"type": "Matrix2x2", "payoffs": [[[81,49],[9,0]],[[0,6],[19,48]]]},
"G934": {"type": "Matrix2x2", "payoffs": [[[10,40],[60,14]],[[97,48],[0,0]]]},
"G935": {"type": "Matrix2x2", "payoffs": [[[99,6],[31,0]],[[23,5],[0,3]]]},
"G936": {"type": "Matrix2x2", "payoffs": [[[0,16],[78,4]],[[13,0],[97,24]]]},
"G937": {"type": "Matrix2x2", "payoffs": [[[49,79],[38,65]],[[0,44],[29,0]]]},
"G938": {"type": "Matrix2x2", "payoffs": [[[3,87],[1,0]],[[0,53],[2,5]]]},
"G939": {"type": "Matrix2x2", "payoffs": [[[0,33],[4,0]],[[29,49],[12,38]]]},
"G940": {"type": "Matrix2x2", "payoffs": [[[64,72],[0,0]],[[25,30],[41,1]]]},
"G941": {"type": "Matrix2x2", "payoffs": [[[60,6],[0,21]],[[3,0],[80,27]]]},
"G942": {"type": "Matrix2x2", "payoffs": [[[16,13],[13,11]],[[0,4],[12,0]]]},
"G943": {"type": "Matrix2x2", "payoffs": [[[25,92],[0,78]],[[19,48],[4,0]]]},
"G944": {"type": "Matrix2x2", "payoffs": [[[6,46],[5,0]],[[2,12],[0,3]]]},
"G945": {"type": "Matrix2x2", "payoffs": [[[5,8],[0,0]],[[4,2],[2,5]]]},
"G946": {"type": "Matrix2x2", "payoffs": [[[20,0],[0,83]],[[35,85],[8,59]]]},
"G947": {"type": "Matrix2x2", "payoffs": [[[23,46],[0,11]],[[18,0],[20,29]]]},
"G948": {"type": "Matrix2x2", "payoffs": [[[13,0],[23,8]],[[0,6],[40,20]]]},
"G949": {"type": "Matrix2x2", "payoffs": [[[0,0],[97,30]],[[63,23],[67,17]]]},
"G950": {"type": "Matrix2x2", "payoffs": [[[90,4],[0,0]],[[27,2],[98,5]]]},
"G951": {"type": "Matrix2x2", "payoffs": [[[32,16],[0,40]],[[79,0],[88,88]]]},
"G952": {"type": "Matrix2x2", "payoffs": [[[0,0],[28,20]],[[6,5],[38,32]]]},
"G953": {"type": "Matrix2x2", "payoffs": [[[35,46],[65,65]],[[50,0],[0,21]]]},
"G954": {"type": "Matrix2x2", "payoffs": [[[0,9],[83,68]],[[13,7],[46,0]]]},
"G955": {"type": "Matrix2x2", "payoffs": [[[0,0],[4,44]],[[2,60],[9,83]]]},
"G956": {"type": "Matrix2x2", "payoffs": [[[15,0],[69,23]],[[0,6],[57,9]]]},
"G957": {"type": "Matrix2x2", "payoffs": [[[17,47],[5,0]],[[14,31],[0,16]]]},
"G958": {"type": "Matrix2x2", "payoffs": [[[12,0],[2,58]],[[0,67],[63,96]]]},
"G959": {"type": "Matrix2x2", "payoffs": [[[13,0],[0,7]],[[24,3],[53,41]]]},
"G960": {"type": "Matrix2x2", "payoffs": [[[18,71],[36,14]],[[0,0],[62,76]]]},
"G961": {"type": "Matrix2x2", "payoffs": [[[70,3],[22,74]],[[0,0],[87,86]]]},
"G962": {"type": "Matrix2x2", "payoffs": [[[2,5],[47,13]],[[0,1],[7,0]]]},
"G963": {"type": "Matrix2x2", "payoffs": [[[0,11],[34,60]],[[3,0],[7,50]]]},
"G964": {"type": "Matrix2x2", "payoffs": [[[28,57],[0,0]],[[74,64],[50,42]]]},
"G965": {"type": "Matrix2x2", "payoffs": [[[82,60],[98,63]],[[0,0],[71,7]]]},
"G966": {"type": "Matrix2x2", "payoffs": [[[97,23],[47,0]],[[62,14],[0,12]]]},
"G967": {"type": "Matrix2x2", "payoffs": [[[0,0],[13,1]],[[19,43],[7,8]]]},
"G968": {"type": "Matrix2x2", "payoffs": [[[0,0],[60,37]],[[55,10],[48,32]]]},
"G969": {"type": "Matrix2x2", "payoffs": [[[0,20],[14,7]],[[72,30],[34,0]]]},
"G970": {"type": "Matrix2x2", "payoffs": [[[48,19],[18,15]],[[3,0],[0,13]]]},
"G971": {"type": "Matrix2x2", "payoffs": [[[5,3],[16,5]],[[0,0],[69,6]]]},
"G972": {"type": "Matrix2x2", "payoffs": [[[6,13],[0,11]],[[1,0],[14,20]]]},
"G973": {"type": "Matrix2x2", "payoffs": [[[0,0],[26,43]],[[47,25],[49,45]]]},
"G974": {"type": "Matrix2x2", "payoffs": [[[6,0],[90,3]],[[77,2],[0,1]]]},
"G975": {"type": "Matrix2x2", "payoffs": [[[0,75],[10,39]],[[26,90],[21,0]]]},
"G976": {"type": "Matrix2x2", "payoffs": [[[3,53],[1,48]],[[0,0],[2,6]]]},
"G977": {"type": "Matrix2x2", "payoffs": [[[37,0],[73,3]],[[0,74],[91,81]]]},
"G978": {"type": "Matrix2x2", "payoffs": [[[81,3],[0,0]],[[86,4],[93,11]]]},
"G979": {"type": "Matrix2x2", "payoffs": [[[4,0],[0,68]],[[77,95],[56,42]]]},
"G980": {"type": "Matrix2x2", "payoffs": [[[23,0],[20,66]],[[86,94],[0,4]]]},
"G981": {"type": "Matrix2x2", "payoffs": [[[61,80],[0,0]],[[26,17],[25,66]]]},
"G982": {"type": "Matrix2x2", "payoffs": [[[40,8],[64,64]],[[34,60],[0,0]]]},
"G983": {"type": "Matrix2x2", "payoffs": [[[73,4],[80,9]],[[62,5],[0,0]]]},
"G984": {"type": "Matrix2x2", "payoffs": [[[36,0],[35,67]],[[45,94],[0,6]]]},
"G985": {"type": "Matrix2x2", "payoffs": [[[73,41],[76,98]],[[0,0],[53,34]]]},
"G986": {"type": "Matrix2x2", "payoffs": [[[0,30],[15,36]],[[9,16],[4,0]]]},
"G987": {"type": "Matrix2x2", "payoffs": [[[0,0],[5,53]],[[10,78],[6,38]]]},
"G988": {"type": "Matrix2x2", "payoffs": [[[14,43],[0,18]],[[11,0],[2,23]]]},
"G989": {"type": "Matrix2x2", "payoffs": [[[48,10],[0,3]],[[5,0],[24,2]]]},
"G990": {"type": "Matrix2x2", "payoffs": [[[76,84],[24,63]],[[45,0],[0,9]]]},
"G991": {"type": "Matrix2x2", "payoffs": [[[0,22],[35,5]],[[98,100],[22,0]]]},
"G992": {"type": "Matrix2x2", "payoffs": [[[23,6],[0,8]],[[17,0],[28,10]]]},
"G993": {"type": "Matrix2x2", "payoffs": [[[0,70],[9,0]],[[4,20],[11,74]]]},
"G994": {"type": "Matrix2x2", "payoffs": [[[15,0],[0,1]],[[10,6],[16,40]]]},
"G995": {"type": "Matrix2x2", "payoffs": [[[0,18],[19,17]],[[31,0],[33,28]]]},
"G996": {"type": "Matrix2x2", "payoffs": [[[52,0],[44,83]],[[53,84],[0,20]]]},
"G997": {"type": "Matrix2x2", "payoffs": [[[0,5],[77,6]],[[16,0],[15,3]]]},
"G998": {"type": "Matrix2x2", "payoffs": [[[16,0],[0,13]],[[10,10],[20,59]]]},
"G999": {"type": "Matrix2x2", "payoffs": [[[16,0],[79,41]],[[93,73],[0,6]]]},
"G1000": {"type": "Matrix2x2", "payoffs": [[[2,0],[1,3]],[[0,1],[4,5]]]}
}