{
"numGames": 100,
"G1": {"type": "Matrix2x2", "payoffs": [[[5,0],[0,57]],[[9,31],[29,84]]]},
"G2": {"type": "Matrix2x2", "payoffs": [[[58,18],[35,16]],[[26,1],[0,0]]]},
"G3": {"type": "Matrix2x2", "payoffs": [[[64,57],[59,42]],[[14,0],[0,29]]]},
"G4": {"type": "Matrix2x2", "payoffs": [[[9,15],[8,10]],[[0,6],[5,0]]]},
"G5": {"type": "Matrix2x2", "payoffs": [[[12,0],[0,83]],[[17,6],[34,90]]]},
"G6": {"type": "Matrix2x2", "payoffs": [[[0,1],[55,40]],[[1,0],[36,16]]]},
"G7": {"type": "Matrix2x2", "payoffs": [[[0,46],[27,0]],[[80,52],[36,7]]]},
"G8": {"type": "Matrix2x2", "payoffs": [[[80,54],[0,48]],[[85,59],[59,0]]]},
"G9": {"type": "Matrix2x2", "payoffs": [[[22,0],[4,2]],[[89,7],[0,4]]]},
"G10": {"type": "Matrix2x2", "payoffs": [[[0,61],[33,0]],[[26,22],[34,76]]]},
"G11": {"type": "Matrix2x2", "payoffs": [[[27,34],[33,58]],[[0,0],[3,10]]]},
"G12": {"type": "Matrix2x2", "payoffs": [[[65,56],[0,28]],[[52,0],[1,48]]]},
"G13": {"type": "Matrix2x2", "payoffs": [[[92,59],[19,38]],[[0,0],[52,18]]]},
"G14": {"type": "Matrix2x2", "payoffs": [[[47,69],[0,28]],[[7,0],[17,50]]]},
"G15": {"type": "Matrix2x2", "payoffs": [[[0,0],[4,21]],[[8,83],[29,98]]]},
"G16": {"type": "Matrix2x2", "payoffs": [[[0,0],[2,65]],[[77,78],[59,47]]]},
"G17": {"type": "Matrix2x2", "payoffs": [[[0,6],[6,0]],[[19,63],[12,37]]]},
"G18": {"type": "Matrix2x2", "payoffs": [[[0,0],[39,48]],[[6,46],[3,40]]]},
"G19": {"type": "Matrix2x2", "payoffs": [[[0,0],[33,68]],[[24,49],[39,89]]]},
"G20": {"type": "Matrix2x2", "payoffs": [[[0,37],[80,54]],[[1,21],[65,0]]]},
"G21": {"type": "Matrix2x2", "payoffs": [[[47,11],[21,7]],[[0,10],[14,0]]]},
"G22": {"type": "Matrix2x2", "payoffs": [[[0,15],[31,32]],[[44,0],[73,65]]]},
"G23": {"type": "Matrix2x2", "payoffs": [[[37,60],[53,83]],[[0,46],[10,0]]]},
"G24": {"type": "Matrix2x2", "payoffs": [[[28,6],[69,67]],[[13,29],[0,0]]]},
"G25": {"type": "Matrix2x2", "payoffs": [[[0,71],[35,0]],[[38,94],[19,69]]]},
"G26": {"type": "Matrix2x2", "payoffs": [[[99,60],[7,0]],[[0,24],[31,13]]]},
"G27": {"type": "Matrix2x2", "payoffs": [[[45,23],[58,33]],[[0,12],[5,0]]]},
"G28": {"type": "Matrix2x2", "payoffs": [[[25,13],[0,26]],[[40,0],[53,48]]]},
"G29": {"type": "Matrix2x2", "payoffs": [[[0,43],[1,58]],[[27,0],[48,72]]]},
"G30": {"type": "Matrix2x2", "payoffs": [[[22,0],[76,13]],[[54,5],[0,1]]]},
"G31": {"type": "Matrix2x2", "payoffs": [[[68,61],[36,78]],[[69,92],[0,0]]]},
"G32": {"type": "Matrix2x2", "payoffs": [[[0,4],[20,3]],[[29,5],[13,0]]]},
"G33": {"type": "Matrix2x2", "payoffs": [[[17,94],[9,0]],[[6,16],[0,53]]]},
"G34": {"type": "Matrix2x2", "payoffs": [[[0,57],[1,70]],[[33,90],[2,0]]]},
"G35": {"type": "Matrix2x2", "payoffs": [[[21,58],[2,0]],[[24,61],[0,49]]]},
"G36": {"type": "Matrix2x2", "payoffs": [[[44,0],[6,16]],[[65,67],[0,6]]]},
"G37": {"type": "Matrix2x2", "payoffs": [[[60,23],[86,92]],[[0,0],[36,33]]]},
"G38": {"type": "Matrix2x2", "payoffs": [[[28,13],[15,0]],[[29,14],[0,10]]]},
"G39": {"type": "Matrix2x2", "payoffs": [[[0,32],[24,29]],[[16,0],[65,36]]]},
"G40": {"type": "Matrix2x2", "payoffs": [[[91,13],[77,0]],[[0,6],[13,2]]]},
"G41": {"type": "Matrix2x2", "payoffs": [[[66,67],[48,16]],[[0,62],[47,0]]]},
"G42": {"type": "Matrix2x2", "payoffs": [[[1,45],[15,48]],[[11,0],[0,43]]]},
"G43": {"type": "Matrix2x2", "payoffs": [[[4,46],[0,0]],[[1,20],[3,45]]]},
"G44": {"type": "Matrix2x2", "payoffs": [[[10,13],[2,5]],[[1,0],[0,10]]]},
"G45": {"type": "Matrix2x2", "payoffs": [[[10,23],[18,49]],[[4,15],[0,0]]]},
"G46": {"type": "Matrix2x2", "payoffs": [[[56,37],[0,25]],[[6,0],[12,35]]]},
"G47": {"type": "Matrix2x2", "payoffs": [[[85,4],[35,24]],[[0,0],[98,35]]]},
"G48": {"type": "Matrix2x2", "payoffs": [[[54,44],[6,23]],[[17,0],[0,15]]]},
"G49": {"type": "Matrix2x2", "payoffs": [[[17,7],[15,44]],[[0,0],[24,67]]]},
"G50": {"type": "Matrix2x2", "payoffs": [[[89,89],[5,13]],[[0,0],[32,82]]]},
"G51": {"type": "Matrix2x2", "payoffs": [[[99,50],[61,37]],[[0,24],[54,0]]]},
"G52": {"type": "Matrix2x2", "payoffs": [[[8,45],[7,0]],[[0,43],[3,42]]]},
"G53": {"type": "Matrix2x2", "payoffs": [[[70,0],[51,60]],[[0,10],[86,63]]]},
"G54": {"type": "Matrix2x2", "payoffs": [[[18,55],[71,73]],[[0,0],[64,42]]]},
"G55": {"type": "Matrix2x2", "payoffs": [[[74,60],[12,27]],[[0,0],[7,9]]]},
"G56": {"type": "Matrix2x2", "payoffs": [[[0,0],[46,3]],[[85,20],[12,9]]]},
"G57": {"type": "Matrix2x2", "payoffs": [[[0,26],[58,67]],[[23,36],[26,0]]]},
"G58": {"type": "Matrix2x2", "payoffs": [[[0,24],[16,30]],[[8,0],[18,33]]]},
"G59": {"type": "Matrix2x2", "payoffs": [[[65,0],[78,38]],[[0,8],[23,18]]]},
"G60": {"type": "Matrix2x2", "payoffs": [[[3,8],[19,9]],[[0,0],[18,4]]]},
"G61": {"type": "Matrix2x2", "payoffs": [[[64,0],[0,74]],[[97,76],[51,41]]]},
"G62": {"type": "Matrix2x2", "payoffs": [[[0,18],[99,92]],[[4,13],[95,0]]]},
"G63": {"type": "Matrix2x2", "payoffs": [[[79,32],[11,28]],[[84,50],[0,0]]]},
"G64": {"type": "Matrix2x2", "payoffs": [[[11,21],[16,23]],[[0,0],[10,15]]]},
"G65": {"type": "Matrix2x2", "payoffs": [[[3,10],[11,87]],[[0,44],[10,0]]]},
"G66": {"type": "Matrix2x2", "payoffs": [[[35,41],[0,0]],[[9,55],[90,62]]]},
"G67": {"type": "Matrix2x2", "payoffs": [[[5,0],[0,40]],[[1,30],[10,70]]]},
"G68": {"type": "Matrix2x2", "payoffs": [[[52,42],[17,18]],[[0,12],[25,0]]]},
"G69": {"type": "Matrix2x2", "payoffs": [[[30,73],[0,0]],[[45,76],[10,43]]]},
"G70": {"type": "Matrix2x2", "payoffs": [[[14,35],[0,65]],[[11,0],[23,82]]]},
"G71": {"type": "Matrix2x2", "payoffs": [[[25,70],[73,87]],[[0,71],[4,0]]]},
"G72": {"type": "Matrix2x2", "payoffs": [[[45,0],[0,47]],[[47,56],[2,33]]]},
"G73": {"type": "Matrix2x2", "payoffs": [[[1,47],[2,65]],[[4,67],[0,0]]]},
"G74": {"type": "Matrix2x2", "payoffs": [[[40,21],[0,26]],[[77,34],[30,0]]]},
"G75": {"type": "Matrix2x2", "payoffs": [[[31,0],[0,13]],[[59,2],[91,22]]]},
"G76": {"type": "Matrix2x2", "payoffs": [[[31,94],[29,17]],[[16,29],[0,0]]]},
"G77": {"type": "Matrix2x2", "payoffs": [[[0,0],[62,56]],[[82,73],[27,12]]]},
"G78": {"type": "Matrix2x2", "payoffs": [[[7,59],[55,15]],[[0,0],[64,60]]]},
"G79": {"type": "Matrix2x2", "payoffs": [[[2,0],[35,44]],[[0,20],[24,18]]]},
"G80": {"type": "Matrix2x2", "payoffs": [[[8,10],[0,19]],[[3,0],[9,80]]]},
"G81": {"type": "Matrix2x2", "payoffs": [[[2,0],[10,29]],[[46,60],[0,6]]]},
"G82": {"type": "Matrix2x2", "payoffs": [[[1,0],[2,35]],[[3,75],[0,9]]]},
"G83": {"type": "Matrix2x2", "payoffs": [[[74,93],[40,0]],[[6,72],[0,10]]]},
"G84": {"type": "Matrix2x2", "payoffs": [[[22,16],[0,9]],[[57,0],[100,23]]]},
"G85": {"type": "Matrix2x2", "payoffs": [[[0,7],[17,0]],[[81,21],[11,14]]]},
"G86": {"type": "Matrix2x2", "payoffs": [[[1,20],[3,31]],[[13,68],[0,0]]]},
"G87": {"type": "Matrix2x2", "payoffs": [[[83,4],[29,3]],[[53,0],[0,2]]]},
"G88": {"type": "Matrix2x2", "payoffs": [[[0,3],[15,5]],[[14,0],[5,2]]]},
"G89": {"type": "Matrix2x2", "payoffs": [[[0,1],[26,4]],[[37,5],[17,0]]]},
"G90": {"type": "Matrix2x2", "payoffs": [[[0,4],[1,64]],[[55,80],[34,0]]]},
"G91": {"type": "Matrix2x2", "payoffs": [[[0,8],[3,0]],[[27,1],[31,14]]]},
"G92": {"type": "Matrix2x2", "payoffs": [[[7,2],[27,42]],[[0,11],[8,0]]]},
"G93": {"type": "Matrix2x2", "payoffs": [[[83,85],[48,0]],[[19,16],[0,82]]]},
"G94": {"type": "Matrix2x2", "payoffs": [[[37,84],[0,34]],[[19,0],[36,54]]]},
"G95": {"type": "Matrix2x2", "payoffs": [[[0,0],[25,4]],[[12,3],[55,5]]]},
"G96": {"type": "Matrix2x2", "payoffs": [[[21,75],[24,97]],[[13,0],[0,58]]]},
"G97": {"type": "Matrix2x2", "payoffs": [[[25,0],[0,5]],[[13,9],[34,14]]]},
"G98": {"type": "Matrix2x2", "payoffs": [[[21,11],[41,41]],[[2,0],[0,33]]]},
"G99": {"type": "Matrix2x2", "payoffs": [[[18,7],[89,92]],[[0,57],[20,0]]]},
"G100": {"type": "Matrix2x2", "payoffs": [[[12,0],[34,70]],[[8,1],[0,16]]]}
}