{
"numGames": 1000,
"G1": {"type": "Matrix2x2", "payoffs": [[[37,48],[0,12]],[[69,60],[30,0]]]},
"G2": {"type": "Matrix2x2", "payoffs": [[[0,0],[58,84]],[[9,41],[47,35]]]},
"G3": {"type": "Matrix2x2", "payoffs": [[[7,0],[10,5]],[[23,20],[0,16]]]},
"G4": {"type": "Matrix2x2", "payoffs": [[[26,32],[0,15]],[[42,0],[77,33]]]},
"G5": {"type": "Matrix2x2", "payoffs": [[[73,6],[0,5]],[[27,4],[71,0]]]},
"G6": {"type": "Matrix2x2", "payoffs": [[[0,3],[71,9]],[[96,33],[86,0]]]},
"G7": {"type": "Matrix2x2", "payoffs": [[[0,18],[21,0]],[[16,19],[88,87]]]},
"G8": {"type": "Matrix2x2", "payoffs": [[[36,92],[1,87]],[[0,24],[26,0]]]},
"G9": {"type": "Matrix2x2", "payoffs": [[[66,24],[0,1]],[[77,43],[5,0]]]},
"G10": {"type": "Matrix2x2", "payoffs": [[[5,10],[7,25]],[[26,34],[0,0]]]},
"G11": {"type": "Matrix2x2", "payoffs": [[[21,15],[29,20]],[[0,0],[26,7]]]},
"G12": {"type": "Matrix2x2", "payoffs": [[[0,22],[14,16]],[[8,0],[20,31]]]},
"G13": {"type": "Matrix2x2", "payoffs": [[[0,42],[3,55]],[[35,70],[33,0]]]},
"G14": {"type": "Matrix2x2", "payoffs": [[[40,1],[82,91]],[[0,75],[19,0]]]},
"G15": {"type": "Matrix2x2", "payoffs": [[[17,14],[42,15]],[[0,0],[38,1]]]},
"G16": {"type": "Matrix2x2", "payoffs": [[[0,1],[47,12]],[[61,16],[33,0]]]},
"G17": {"type": "Matrix2x2", "payoffs": [[[8,19],[0,0]],[[16,73],[6,47]]]},
"G18": {"type": "Matrix2x2", "payoffs": [[[72,29],[0,34]],[[93,52],[22,0]]]},
"G19": {"type": "Matrix2x2", "payoffs": [[[0,66],[92,68]],[[49,60],[62,0]]]},
"G20": {"type": "Matrix2x2", "payoffs": [[[0,15],[3,29]],[[5,65],[4,0]]]},
"G21": {"type": "Matrix2x2", "payoffs": [[[9,38],[51,44]],[[0,0],[26,27]]]},
"G22": {"type": "Matrix2x2", "payoffs": [[[1,0],[3,69]],[[2,9],[0,53]]]},
"G23": {"type": "Matrix2x2", "payoffs": [[[17,0],[11,72]],[[0,22],[19,96]]]},
"G24": {"type": "Matrix2x2", "payoffs": [[[4,5],[6,60]],[[0,8],[5,0]]]},
"G25": {"type": "Matrix2x2", "payoffs": [[[0,31],[33,97]],[[6,0],[5,64]]]},
"G26": {"type": "Matrix2x2", "payoffs": [[[14,15],[27,50]],[[0,31],[25,0]]]},
"G27": {"type": "Matrix2x2", "payoffs": [[[9,35],[13,0]],[[16,58],[0,48]]]},
"G28": {"type": "Matrix2x2", "payoffs": [[[65,26],[41,3]],[[0,14],[25,0]]]},
"G29": {"type": "Matrix2x2", "payoffs": [[[8,5],[23,8]],[[1,4],[0,0]]]},
"G30": {"type": "Matrix2x2", "payoffs": [[[3,46],[0,0]],[[2,9],[4,57]]]},
"G31": {"type": "Matrix2x2", "payoffs": [[[0,1],[35,3]],[[2,0],[36,14]]]},
"G32": {"type": "Matrix2x2", "payoffs": [[[3,3],[6,5]],[[0,0],[14,32]]]},
"G33": {"type": "Matrix2x2", "payoffs": [[[0,57],[45,27]],[[72,76],[56,0]]]},
"G34": {"type": "Matrix2x2", "payoffs": [[[99,14],[0,7]],[[90,13],[38,0]]]},
"G35": {"type": "Matrix2x2", "payoffs": [[[7,44],[0,0]],[[13,11],[26,84]]]},
"G36": {"type": "Matrix2x2", "payoffs": [[[17,58],[0,20]],[[55,94],[4,0]]]},
"G37": {"type": "Matrix2x2", "payoffs": [[[87,95],[0,87]],[[75,69],[45,0]]]},
"G38": {"type": "Matrix2x2", "payoffs": [[[14,2],[0,0]],[[31,21],[25,3]]]},
"G39": {"type": "Matrix2x2", "payoffs": [[[15,98],[0,16]],[[9,4],[11,0]]]},
"G40": {"type": "Matrix2x2", "payoffs": [[[8,27],[0,10]],[[5,0],[12,73]]]},
"G41": {"type": "Matrix2x2", "payoffs": [[[0,34],[30,90]],[[8,63],[22,0]]]},
"G42": {"type": "Matrix2x2", "payoffs": [[[69,52],[54,51]],[[0,49],[32,0]]]},
"G43": {"type": "Matrix2x2", "payoffs": [[[7,0],[0,26]],[[39,89],[14,43]]]},
"G44": {"type": "Matrix2x2", "payoffs": [[[18,20],[0,14]],[[35,40],[2,0]]]},
"G45": {"type": "Matrix2x2", "payoffs": [[[67,24],[43,0]],[[0,22],[37,20]]]},
"G46": {"type": "Matrix2x2", "payoffs": [[[94,0],[0,1]],[[96,6],[46,2]]]},
"G47": {"type": "Matrix2x2", "payoffs": [[[0,0],[26,7]],[[2,2],[23,4]]]},
"G48": {"type": "Matrix2x2", "payoffs": [[[7,42],[95,98]],[[0,62],[71,0]]]},
"G49": {"type": "Matrix2x2", "payoffs": [[[97,71],[0,0]],[[84,34],[63,5]]]},
"G50": {"type": "Matrix2x2", "payoffs": [[[0,5],[31,63]],[[24,0],[41,94]]]},
"G51": {"type": "Matrix2x2", "payoffs": [[[18,0],[12,6]],[[0,8],[19,13]]]},
"G52": {"type": "Matrix2x2", "payoffs": [[[0,24],[56,36]],[[70,0],[72,65]]]},
"G53": {"type": "Matrix2x2", "payoffs": [[[27,30],[63,39]],[[0,9],[30,0]]]},
"G54": {"type": "Matrix2x2", "payoffs": [[[54,28],[67,0]],[[73,38],[0,8]]]},
"G55": {"type": "Matrix2x2", "payoffs": [[[15,0],[21,40]],[[0,16],[27,71]]]},
"G56": {"type": "Matrix2x2", "payoffs": [[[21,0],[19,47]],[[0,13],[68,61]]]},
"G57": {"type": "Matrix2x2", "payoffs": [[[53,26],[61,62]],[[0,0],[4,4]]]},
"G58": {"type": "Matrix2x2", "payoffs": [[[0,66],[41,43]],[[39,0],[74,71]]]},
"G59": {"type": "Matrix2x2", "payoffs": [[[3,70],[91,76]],[[57,0],[0,5]]]},
"G60": {"type": "Matrix2x2", "payoffs": [[[0,0],[30,25]],[[31,53],[21,36]]]},
"G61": {"type": "Matrix2x2", "payoffs": [[[48,69],[17,34]],[[0,27],[1,0]]]},
"G62": {"type": "Matrix2x2", "payoffs": [[[60,29],[6,10]],[[0,0],[19,13]]]},
"G63": {"type": "Matrix2x2", "payoffs": [[[0,78],[58,20]],[[89,84],[81,0]]]},
"G64": {"type": "Matrix2x2", "payoffs": [[[1,68],[26,96]],[[8,27],[0,0]]]},
"G65": {"type": "Matrix2x2", "payoffs": [[[18,17],[0,0]],[[53,22],[33,4]]]},
"G66": {"type": "Matrix2x2", "payoffs": [[[11,10],[0,0]],[[13,43],[3,29]]]},
"G67": {"type": "Matrix2x2", "payoffs": [[[29,6],[6,0]],[[33,49],[0,42]]]},
"G68": {"type": "Matrix2x2", "payoffs": [[[39,0],[29,66]],[[0,80],[62,84]]]},
"G69": {"type": "Matrix2x2", "payoffs": [[[31,24],[97,28]],[[0,0],[27,27]]]},
"G70": {"type": "Matrix2x2", "payoffs": [[[51,79],[3,0]],[[0,28],[9,62]]]},
"G71": {"type": "Matrix2x2", "payoffs": [[[19,42],[22,0]],[[0,8],[75,46]]]},
"G72": {"type": "Matrix2x2", "payoffs": [[[31,2],[0,0]],[[46,3],[73,7]]]},
"G73": {"type": "Matrix2x2", "payoffs": [[[0,59],[19,80]],[[4,9],[2,0]]]},
"G74": {"type": "Matrix2x2", "payoffs": [[[17,74],[0,0]],[[8,54],[9,33]]]},
"G75": {"type": "Matrix2x2", "payoffs": [[[11,12],[0,0]],[[15,27],[1,23]]]},
"G76": {"type": "Matrix2x2", "payoffs": [[[34,14],[56,33]],[[30,0],[0,31]]]},
"G77": {"type": "Matrix2x2", "payoffs": [[[0,0],[55,35]],[[83,39],[26,24]]]},
"G78": {"type": "Matrix2x2", "payoffs": [[[39,0],[27,36]],[[0,16],[60,48]]]},
"G79": {"type": "Matrix2x2", "payoffs": [[[75,47],[0,0]],[[32,19],[50,41]]]},
"G80": {"type": "Matrix2x2", "payoffs": [[[20,6],[63,10]],[[0,0],[47,5]]]},
"G81": {"type": "Matrix2x2", "payoffs": [[[35,10],[19,0]],[[81,26],[0,4]]]},
"G82": {"type": "Matrix2x2", "payoffs": [[[49,0],[38,6]],[[0,24],[75,61]]]},
"G83": {"type": "Matrix2x2", "payoffs": [[[0,21],[17,23]],[[13,15],[16,0]]]},
"G84": {"type": "Matrix2x2", "payoffs": [[[26,0],[1,7]],[[0,31],[48,39]]]},
"G85": {"type": "Matrix2x2", "payoffs": [[[29,0],[0,9]],[[35,4],[89,28]]]},
"G86": {"type": "Matrix2x2", "payoffs": [[[9,12],[2,10]],[[7,4],[0,0]]]},
"G87": {"type": "Matrix2x2", "payoffs": [[[48,36],[0,0]],[[29,10],[17,31]]]},
"G88": {"type": "Matrix2x2", "payoffs": [[[55,69],[54,1]],[[0,0],[63,82]]]},
"G89": {"type": "Matrix2x2", "payoffs": [[[5,15],[0,0]],[[7,19],[3,8]]]},
"G90": {"type": "Matrix2x2", "payoffs": [[[0,0],[50,85]],[[20,4],[11,31]]]},
"G91": {"type": "Matrix2x2", "payoffs": [[[6,0],[96,8]],[[0,5],[21,2]]]},
"G92": {"type": "Matrix2x2", "payoffs": [[[0,2],[5,8]],[[30,26],[25,0]]]},
"G93": {"type": "Matrix2x2", "payoffs": [[[11,16],[30,75]],[[0,0],[16,59]]]},
"G94": {"type": "Matrix2x2", "payoffs": [[[6,3],[9,7]],[[2,6],[0,0]]]},
"G95": {"type": "Matrix2x2", "payoffs": [[[0,4],[11,0]],[[79,6],[40,1]]]},
"G96": {"type": "Matrix2x2", "payoffs": [[[0,0],[35,30]],[[51,20],[66,66]]]},
"G97": {"type": "Matrix2x2", "payoffs": [[[36,0],[0,36]],[[75,56],[26,13]]]},
"G98": {"type": "Matrix2x2", "payoffs": [[[0,3],[37,39]],[[11,0],[62,60]]]},
"G99": {"type": "Matrix2x2", "payoffs": [[[23,22],[16,4]],[[0,17],[14,0]]]},
"G100": {"type": "Matrix2x2", "payoffs": [[[17,0],[0,19]],[[82,87],[63,63]]]},
"G101": {"type": "Matrix2x2", "payoffs": [[[0,11],[83,30]],[[8,0],[96,70]]]},
"G102": {"type": "Matrix2x2", "payoffs": [[[20,92],[4,69]],[[14,0],[0,45]]]},
"G103": {"type": "Matrix2x2", "payoffs": [[[15,56],[14,0]],[[24,95],[0,15]]]},
"G104": {"type": "Matrix2x2", "payoffs": [[[0,0],[93,99]],[[37,3],[27,79]]]},
"G105": {"type": "Matrix2x2", "payoffs": [[[52,0],[66,36]],[[0,4],[50,16]]]},
"G106": {"type": "Matrix2x2", "payoffs": [[[0,74],[28,85]],[[6,39],[21,0]]]},
"G107": {"type": "Matrix2x2", "payoffs": [[[25,69],[0,22]],[[11,13],[10,0]]]},
"G108": {"type": "Matrix2x2", "payoffs": [[[2,0],[3,67]],[[0,7],[4,77]]]},
"G109": {"type": "Matrix2x2", "payoffs": [[[19,0],[25,28]],[[0,15],[22,21]]]},
"G110": {"type": "Matrix2x2", "payoffs": [[[10,3],[31,43]],[[15,0],[0,16]]]},
"G111": {"type": "Matrix2x2", "payoffs": [[[0,12],[63,28]],[[77,43],[30,0]]]},
"G112": {"type": "Matrix2x2", "payoffs": [[[35,72],[14,29]],[[25,5],[0,0]]]},
"G113": {"type": "Matrix2x2", "payoffs": [[[0,50],[4,55]],[[62,69],[41,0]]]},
"G114": {"type": "Matrix2x2", "payoffs": [[[15,0],[17,13]],[[0,12],[13,1]]]},
"G115": {"type": "Matrix2x2", "payoffs": [[[35,0],[49,75]],[[39,74],[0,58]]]},
"G116": {"type": "Matrix2x2", "payoffs": [[[19,6],[0,24]],[[28,0],[34,61]]]},
"G117": {"type": "Matrix2x2", "payoffs": [[[0,15],[51,0]],[[91,59],[41,27]]]},
"G118": {"type": "Matrix2x2", "payoffs": [[[37,0],[69,64]],[[0,23],[7,52]]]},
"G119": {"type": "Matrix2x2", "payoffs": [[[88,83],[19,49]],[[26,15],[0,0]]]},
"G120": {"type": "Matrix2x2", "payoffs": [[[0,0],[68,16]],[[59,12],[18,11]]]},
"G121": {"type": "Matrix2x2", "payoffs": [[[40,32],[57,61]],[[34,0],[0,23]]]},
"G122": {"type": "Matrix2x2", "payoffs": [[[54,15],[0,0]],[[26,3],[10,1]]]},
"G123": {"type": "Matrix2x2", "payoffs": [[[43,1],[0,11]],[[1,0],[58,13]]]},
"G124": {"type": "Matrix2x2", "payoffs": [[[28,26],[0,29]],[[30,48],[14,0]]]},
"G125": {"type": "Matrix2x2", "payoffs": [[[40,20],[0,6]],[[5,0],[86,41]]]},
"G126": {"type": "Matrix2x2", "payoffs": [[[4,64],[5,81]],[[0,80],[3,0]]]},
"G127": {"type": "Matrix2x2", "payoffs": [[[1,27],[2,49]],[[9,55],[0,0]]]},
"G128": {"type": "Matrix2x2", "payoffs": [[[0,19],[46,20]],[[64,28],[27,0]]]},
"G129": {"type": "Matrix2x2", "payoffs": [[[9,25],[2,0]],[[77,99],[0,15]]]},
"G130": {"type": "Matrix2x2", "payoffs": [[[5,15],[6,16]],[[8,85],[0,0]]]},
"G131": {"type": "Matrix2x2", "payoffs": [[[9,22],[0,31]],[[5,0],[13,38]]]},
"G132": {"type": "Matrix2x2", "payoffs": [[[2,43],[0,0]],[[1,25],[3,56]]]},
"G133": {"type": "Matrix2x2", "payoffs": [[[6,34],[1,27]],[[0,10],[2,0]]]},
"G134": {"type": "Matrix2x2", "payoffs": [[[78,61],[1,44]],[[31,34],[0,0]]]},
"G135": {"type": "Matrix2x2", "payoffs": [[[0,35],[89,19]],[[68,0],[90,44]]]},
"G136": {"type": "Matrix2x2", "payoffs": [[[24,13],[0,24]],[[33,0],[40,67]]]},
"G137": {"type": "Matrix2x2", "payoffs": [[[4,0],[2,23]],[[8,34],[0,32]]]},
"G138": {"type": "Matrix2x2", "payoffs": [[[58,98],[46,15]],[[0,0],[48,13]]]},
"G139": {"type": "Matrix2x2", "payoffs": [[[4,4],[0,2]],[[29,10],[15,0]]]},
"G140": {"type": "Matrix2x2", "payoffs": [[[0,0],[45,26]],[[34,55],[57,72]]]},
"G141": {"type": "Matrix2x2", "payoffs": [[[39,77],[5,21]],[[0,0],[31,31]]]},
"G142": {"type": "Matrix2x2", "payoffs": [[[25,49],[23,0]],[[7,39],[0,43]]]},
"G143": {"type": "Matrix2x2", "payoffs": [[[34,17],[0,0]],[[5,12],[18,7]]]},
"G144": {"type": "Matrix2x2", "payoffs": [[[15,54],[23,64]],[[13,2],[0,0]]]},
"G145": {"type": "Matrix2x2", "payoffs": [[[0,0],[1,5]],[[8,2],[29,26]]]},
"G146": {"type": "Matrix2x2", "payoffs": [[[0,10],[43,24]],[[28,13],[5,0]]]},
"G147": {"type": "Matrix2x2", "payoffs": [[[6,4],[10,30]],[[0,0],[5,9]]]},
"G148": {"type": "Matrix2x2", "payoffs": [[[95,60],[42,9]],[[0,0],[38,33]]]},
"G149": {"type": "Matrix2x2", "payoffs": [[[76,5],[0,11]],[[34,0],[77,17]]]},
"G150": {"type": "Matrix2x2", "payoffs": [[[57,36],[68,0]],[[0,41],[71,51]]]},
"G151": {"type": "Matrix2x2", "payoffs": [[[0,0],[26,38]],[[50,25],[64,60]]]},
"G152": {"type": "Matrix2x2", "payoffs": [[[0,0],[66,44]],[[84,69],[63,21]]]},
"G153": {"type": "Matrix2x2", "payoffs": [[[33,0],[0,35]],[[19,27],[37,36]]]},
"G154": {"type": "Matrix2x2", "payoffs": [[[1,0],[2,15]],[[3,38],[0,28]]]},
"G155": {"type": "Matrix2x2", "payoffs": [[[0,0],[99,70]],[[71,68],[18,63]]]},
"G156": {"type": "Matrix2x2", "payoffs": [[[99,78],[17,48]],[[53,20],[0,0]]]},
"G157": {"type": "Matrix2x2", "payoffs": [[[87,79],[29,28]],[[0,45],[27,0]]]},
"G158": {"type": "Matrix2x2", "payoffs": [[[39,40],[0,0]],[[5,35],[26,8]]]},
"G159": {"type": "Matrix2x2", "payoffs": [[[1,32],[10,0]],[[11,38],[0,20]]]},
"G160": {"type": "Matrix2x2", "payoffs": [[[11,23],[0,0]],[[13,51],[15,54]]]},
"G161": {"type": "Matrix2x2", "payoffs": [[[66,12],[96,23]],[[67,9],[0,0]]]},
"G162": {"type": "Matrix2x2", "payoffs": [[[0,12],[10,13]],[[20,36],[17,0]]]},
"G163": {"type": "Matrix2x2", "payoffs": [[[4,0],[24,30]],[[5,21],[0,16]]]},
"G164": {"type": "Matrix2x2", "payoffs": [[[10,6],[35,16]],[[0,7],[29,0]]]},
"G165": {"type": "Matrix2x2", "payoffs": [[[24,50],[0,19]],[[13,0],[12,27]]]},
"G166": {"type": "Matrix2x2", "payoffs": [[[6,0],[0,11]],[[69,24],[27,1]]]},
"G167": {"type": "Matrix2x2", "payoffs": [[[21,0],[52,14]],[[0,3],[49,12]]]},
"G168": {"type": "Matrix2x2", "payoffs": [[[0,0],[3,9]],[[12,59],[17,70]]]},
"G169": {"type": "Matrix2x2", "payoffs": [[[0,13],[11,0]],[[17,8],[19,18]]]},
"G170": {"type": "Matrix2x2", "payoffs": [[[0,14],[21,0]],[[25,59],[11,41]]]},
"G171": {"type": "Matrix2x2", "payoffs": [[[0,20],[1,9]],[[5,23],[3,0]]]},
"G172": {"type": "Matrix2x2", "payoffs": [[[0,62],[27,87]],[[13,0],[4,48]]]},
"G173": {"type": "Matrix2x2", "payoffs": [[[25,23],[0,0]],[[12,12],[60,30]]]},
"G174": {"type": "Matrix2x2", "payoffs": [[[0,12],[22,0]],[[81,30],[88,34]]]},
"G175": {"type": "Matrix2x2", "payoffs": [[[25,1],[11,0]],[[0,6],[46,12]]]},
"G176": {"type": "Matrix2x2", "payoffs": [[[19,22],[0,7]],[[28,24],[20,0]]]},
"G177": {"type": "Matrix2x2", "payoffs": [[[61,49],[47,31]],[[0,0],[24,47]]]},
"G178": {"type": "Matrix2x2", "payoffs": [[[79,13],[3,37]],[[80,64],[0,0]]]},
"G179": {"type": "Matrix2x2", "payoffs": [[[26,35],[0,0]],[[84,75],[3,7]]]},
"G180": {"type": "Matrix2x2", "payoffs": [[[64,20],[11,17]],[[63,16],[0,0]]]},
"G181": {"type": "Matrix2x2", "payoffs": [[[0,17],[22,20]],[[63,0],[90,26]]]},
"G182": {"type": "Matrix2x2", "payoffs": [[[39,62],[33,0]],[[0,7],[40,70]]]},
"G183": {"type": "Matrix2x2", "payoffs": [[[64,61],[43,24]],[[46,14],[0,0]]]},
"G184": {"type": "Matrix2x2", "payoffs": [[[75,84],[70,0]],[[39,21],[0,75]]]},
"G185": {"type": "Matrix2x2", "payoffs": [[[14,0],[47,63]],[[2,23],[0,10]]]},
"G186": {"type": "Matrix2x2", "payoffs": [[[3,5],[7,25]],[[2,0],[0,9]]]},
"G187": {"type": "Matrix2x2", "payoffs": [[[16,18],[41,0]],[[58,64],[0,39]]]},
"G188": {"type": "Matrix2x2", "payoffs": [[[0,0],[24,64]],[[26,78],[16,25]]]},
"G189": {"type": "Matrix2x2", "payoffs": [[[11,37],[0,0]],[[4,75],[25,88]]]},
"G190": {"type": "Matrix2x2", "payoffs": [[[39,1],[63,52]],[[55,13],[0,0]]]},
"G191": {"type": "Matrix2x2", "payoffs": [[[56,83],[0,0]],[[45,26],[35,35]]]},
"G192": {"type": "Matrix2x2", "payoffs": [[[0,4],[1,0]],[[8,83],[3,31]]]},
"G193": {"type": "Matrix2x2", "payoffs": [[[15,67],[28,83]],[[12,53],[0,0]]]},
"G194": {"type": "Matrix2x2", "payoffs": [[[18,12],[20,37]],[[0,5],[2,0]]]},
"G195": {"type": "Matrix2x2", "payoffs": [[[0,11],[7,10]],[[14,0],[59,12]]]},
"G196": {"type": "Matrix2x2", "payoffs": [[[13,28],[0,0]],[[51,50],[5,36]]]},
"G197": {"type": "Matrix2x2", "payoffs": [[[73,95],[0,89]],[[22,0],[32,54]]]},
"G198": {"type": "Matrix2x2", "payoffs": [[[2,28],[0,0]],[[3,21],[4,61]]]},
"G199": {"type": "Matrix2x2", "payoffs": [[[73,0],[59,52]],[[80,71],[0,5]]]},
"G200": {"type": "Matrix2x2", "payoffs": [[[3,18],[0,41]],[[4,48],[1,0]]]},
"G201": {"type": "Matrix2x2", "payoffs": [[[68,4],[89,11]],[[7,0],[0,9]]]},
"G202": {"type": "Matrix2x2", "payoffs": [[[70,10],[22,8]],[[0,0],[52,5]]]},
"G203": {"type": "Matrix2x2", "payoffs": [[[1,82],[2,0]],[[7,87],[0,55]]]},
"G204": {"type": "Matrix2x2", "payoffs": [[[20,65],[14,0]],[[13,6],[0,61]]]},
"G205": {"type": "Matrix2x2", "payoffs": [[[15,4],[51,54]],[[0,0],[27,31]]]},
"G206": {"type": "Matrix2x2", "payoffs": [[[14,3],[11,24]],[[0,0],[23,43]]]},
"G207": {"type": "Matrix2x2", "payoffs": [[[16,83],[0,0]],[[24,50],[31,93]]]},
"G208": {"type": "Matrix2x2", "payoffs": [[[13,0],[0,17]],[[11,9],[24,28]]]},
"G209": {"type": "Matrix2x2", "payoffs": [[[40,26],[0,0]],[[2,14],[8,3]]]},
"G210": {"type": "Matrix2x2", "payoffs": [[[0,53],[54,23]],[[46,0],[67,64]]]},
"G211": {"type": "Matrix2x2", "payoffs": [[[4,60],[83,73]],[[78,63],[0,0]]]},
"G212": {"type": "Matrix2x2", "payoffs": [[[0,0],[32,7]],[[37,40],[35,6]]]},
"G213": {"type": "Matrix2x2", "payoffs": [[[9,9],[46,66]],[[27,0],[0,32]]]},
"G214": {"type": "Matrix2x2", "payoffs": [[[0,0],[18,15]],[[7,18],[37,24]]]},
"G215": {"type": "Matrix2x2", "payoffs": [[[0,19],[36,0]],[[66,52],[11,3]]]},
"G216": {"type": "Matrix2x2", "payoffs": [[[60,66],[0,8]],[[55,0],[5,6]]]},
"G217": {"type": "Matrix2x2", "payoffs": [[[0,8],[33,13]],[[58,0],[85,18]]]},
"G218": {"type": "Matrix2x2", "payoffs": [[[19,0],[0,82]],[[52,84],[3,49]]]},
"G219": {"type": "Matrix2x2", "payoffs": [[[0,0],[12,44]],[[46,47],[10,42]]]},
"G220": {"type": "Matrix2x2", "payoffs": [[[44,82],[32,22]],[[0,51],[41,0]]]},
"G221": {"type": "Matrix2x2", "payoffs": [[[0,0],[82,19]],[[75,12],[2,2]]]},
"G222": {"type": "Matrix2x2", "payoffs": [[[54,1],[35,7]],[[71,17],[0,0]]]},
"G223": {"type": "Matrix2x2", "payoffs": [[[0,0],[56,61]],[[19,19],[13,32]]]},
"G224": {"type": "Matrix2x2", "payoffs": [[[0,24],[66,16]],[[7,0],[73,52]]]},
"G225": {"type": "Matrix2x2", "payoffs": [[[0,84],[15,44]],[[77,0],[91,98]]]},
"G226": {"type": "Matrix2x2", "payoffs": [[[49,95],[1,71]],[[37,0],[0,6]]]},
"G227": {"type": "Matrix2x2", "payoffs": [[[32,3],[25,0]],[[48,7],[0,6]]]},
"G228": {"type": "Matrix2x2", "payoffs": [[[39,78],[0,0]],[[30,63],[38,42]]]},
"G229": {"type": "Matrix2x2", "payoffs": [[[6,0],[51,17]],[[0,9],[27,3]]]},
"G230": {"type": "Matrix2x2", "payoffs": [[[0,87],[58,88]],[[18,0],[49,76]]]},
"G231": {"type": "Matrix2x2", "payoffs": [[[0,1],[73,32]],[[2,10],[30,0]]]},
"G232": {"type": "Matrix2x2", "payoffs": [[[0,25],[33,8]],[[42,30],[18,0]]]},
"G233": {"type": "Matrix2x2", "payoffs": [[[52,71],[0,0]],[[43,29],[10,55]]]},
"G234": {"type": "Matrix2x2", "payoffs": [[[21,26],[8,11]],[[9,0],[0,5]]]},
"G235": {"type": "Matrix2x2", "payoffs": [[[65,63],[37,38]],[[0,62],[10,0]]]},
"G236": {"type": "Matrix2x2", "payoffs": [[[87,0],[0,32]],[[90,70],[27,56]]]},
"G237": {"type": "Matrix2x2", "payoffs": [[[0,6],[94,11]],[[78,9],[27,0]]]},
"G238": {"type": "Matrix2x2", "payoffs": [[[18,73],[16,45]],[[0,49],[6,0]]]},
"G239": {"type": "Matrix2x2", "payoffs": [[[29,8],[30,0]],[[0,26],[34,61]]]},
"G240": {"type": "Matrix2x2", "payoffs": [[[35,0],[68,25]],[[0,12],[27,7]]]},
"G241": {"type": "Matrix2x2", "payoffs": [[[0,1],[98,9]],[[48,6],[45,0]]]},
"G242": {"type": "Matrix2x2", "payoffs": [[[20,98],[0,14]],[[1,0],[6,21]]]},
"G243": {"type": "Matrix2x2", "payoffs": [[[93,50],[3,0]],[[56,15],[0,49]]]},
"G244": {"type": "Matrix2x2", "payoffs": [[[52,0],[0,13]],[[55,24],[43,1]]]},
"G245": {"type": "Matrix2x2", "payoffs": [[[96,20],[0,8]],[[88,1],[76,0]]]},
"G246": {"type": "Matrix2x2", "payoffs": [[[35,69],[18,52]],[[58,89],[0,0]]]},
"G247": {"type": "Matrix2x2", "payoffs": [[[0,35],[29,0]],[[70,70],[1,58]]]},
"G248": {"type": "Matrix2x2", "payoffs": [[[0,42],[4,0]],[[6,68],[3,43]]]},
"G249": {"type": "Matrix2x2", "payoffs": [[[6,0],[0,2]],[[39,5],[20,4]]]},
"G250": {"type": "Matrix2x2", "payoffs": [[[5,0],[0,7]],[[16,36],[6,4]]]},
"G251": {"type": "Matrix2x2", "payoffs": [[[0,0],[67,97]],[[60,32],[23,63]]]},
"G252": {"type": "Matrix2x2", "payoffs": [[[0,27],[19,28]],[[58,49],[13,0]]]},
"G253": {"type": "Matrix2x2", "payoffs": [[[75,57],[0,4]],[[49,22],[29,0]]]},
"G254": {"type": "Matrix2x2", "payoffs": [[[16,80],[42,91]],[[29,47],[0,0]]]},
"G255": {"type": "Matrix2x2", "payoffs": [[[0,82],[26,86]],[[10,9],[5,0]]]},
"G256": {"type": "Matrix2x2", "payoffs": [[[0,13],[5,12]],[[17,19],[8,0]]]},
"G257": {"type": "Matrix2x2", "payoffs": [[[51,0],[4,9]],[[85,100],[0,36]]]},
"G258": {"type": "Matrix2x2", "payoffs": [[[37,0],[38,42]],[[5,21],[0,29]]]},
"G259": {"type": "Matrix2x2", "payoffs": [[[85,39],[8,0]],[[0,3],[27,31]]]},
"G260": {"type": "Matrix2x2", "payoffs": [[[4,29],[1,0]],[[0,19],[12,65]]]},
"G261": {"type": "Matrix2x2", "payoffs": [[[62,3],[0,8]],[[20,0],[84,23]]]},
"G262": {"type": "Matrix2x2", "payoffs": [[[95,59],[1,26]],[[57,45],[0,0]]]},
"G263": {"type": "Matrix2x2", "payoffs": [[[0,21],[23,16]],[[43,38],[13,0]]]},
"G264": {"type": "Matrix2x2", "payoffs": [[[26,4],[0,44]],[[19,0],[36,96]]]},
"G265": {"type": "Matrix2x2", "payoffs": [[[95,92],[4,0]],[[0,56],[92,72]]]},
"G266": {"type": "Matrix2x2", "payoffs": [[[75,26],[0,0]],[[63,61],[100,63]]]},
"G267": {"type": "Matrix2x2", "payoffs": [[[14,0],[47,97]],[[46,56],[0,34]]]},
"G268": {"type": "Matrix2x2", "payoffs": [[[86,66],[81,0]],[[0,22],[1,46]]]},
"G269": {"type": "Matrix2x2", "payoffs": [[[86,81],[66,0]],[[59,71],[0,11]]]},
"G270": {"type": "Matrix2x2", "payoffs": [[[0,69],[39,0]],[[79,95],[24,76]]]},
"G271": {"type": "Matrix2x2", "payoffs": [[[92,8],[0,0]],[[12,2],[27,4]]]},
"G272": {"type": "Matrix2x2", "payoffs": [[[26,76],[5,3]],[[88,77],[0,0]]]},
"G273": {"type": "Matrix2x2", "payoffs": [[[0,0],[39,11]],[[65,29],[37,22]]]},
"G274": {"type": "Matrix2x2", "payoffs": [[[13,0],[31,83]],[[0,72],[29,70]]]},
"G275": {"type": "Matrix2x2", "payoffs": [[[91,99],[0,78]],[[45,92],[69,0]]]},
"G276": {"type": "Matrix2x2", "payoffs": [[[0,3],[96,62]],[[8,0],[29,5]]]},
"G277": {"type": "Matrix2x2", "payoffs": [[[95,14],[1,0]],[[0,1],[14,5]]]},
"G278": {"type": "Matrix2x2", "payoffs": [[[39,0],[34,22]],[[0,46],[42,88]]]},
"G279": {"type": "Matrix2x2", "payoffs": [[[52,34],[41,11]],[[47,0],[0,29]]]},
"G280": {"type": "Matrix2x2", "payoffs": [[[44,91],[0,0]],[[73,98],[51,83]]]},
"G281": {"type": "Matrix2x2", "payoffs": [[[2,1],[20,8]],[[0,0],[26,10]]]},
"G282": {"type": "Matrix2x2", "payoffs": [[[0,0],[44,57]],[[90,71],[18,37]]]},
"G283": {"type": "Matrix2x2", "payoffs": [[[0,30],[86,25]],[[47,0],[97,42]]]},
"G284": {"type": "Matrix2x2", "payoffs": [[[21,95],[11,0]],[[4,44],[0,24]]]},
"G285": {"type": "Matrix2x2", "payoffs": [[[22,95],[0,40]],[[14,0],[11,75]]]},
"G286": {"type": "Matrix2x2", "payoffs": [[[27,0],[24,23]],[[36,25],[0,10]]]},
"G287": {"type": "Matrix2x2", "payoffs": [[[0,0],[9,5]],[[16,10],[19,11]]]},
"G288": {"type": "Matrix2x2", "payoffs": [[[3,0],[82,60]],[[31,9],[0,41]]]},
"G289": {"type": "Matrix2x2", "payoffs": [[[38,11],[87,13]],[[4,9],[0,0]]]},
"G290": {"type": "Matrix2x2", "payoffs": [[[17,3],[40,19]],[[31,0],[0,6]]]},
"G291": {"type": "Matrix2x2", "payoffs": [[[81,0],[63,5]],[[0,43],[94,74]]]},
"G292": {"type": "Matrix2x2", "payoffs": [[[6,19],[19,0]],[[0,77],[20,79]]]},
"G293": {"type": "Matrix2x2", "payoffs": [[[67,16],[43,43]],[[87,75],[0,0]]]},
"G294": {"type": "Matrix2x2", "payoffs": [[[2,1],[0,28]],[[65,36],[53,0]]]},
"G295": {"type": "Matrix2x2", "payoffs": [[[0,15],[98,27]],[[53,0],[43,8]]]},
"G296": {"type": "Matrix2x2", "payoffs": [[[50,43],[25,33]],[[68,92],[0,0]]]},
"G297": {"type": "Matrix2x2", "payoffs": [[[16,84],[0,59]],[[10,0],[6,77]]]},
"G298": {"type": "Matrix2x2", "payoffs": [[[10,0],[20,57]],[[0,28],[19,3]]]},
"G299": {"type": "Matrix2x2", "payoffs": [[[0,0],[51,6]],[[33,2],[7,3]]]},
"G300": {"type": "Matrix2x2", "payoffs": [[[0,0],[2,43]],[[6,65],[31,99]]]},
"G301": {"type": "Matrix2x2", "payoffs": [[[16,47],[3,0]],[[2,37],[0,18]]]},
"G302": {"type": "Matrix2x2", "payoffs": [[[19,2],[29,74]],[[0,0],[23,42]]]},
"G303": {"type": "Matrix2x2", "payoffs": [[[1,15],[25,69]],[[18,0],[0,68]]]},
"G304": {"type": "Matrix2x2", "payoffs": [[[76,20],[10,19]],[[0,9],[7,0]]]},
"G305": {"type": "Matrix2x2", "payoffs": [[[99,32],[0,0]],[[95,4],[57,22]]]},
"G306": {"type": "Matrix2x2", "payoffs": [[[0,61],[1,0]],[[28,100],[2,66]]]},
"G307": {"type": "Matrix2x2", "payoffs": [[[13,2],[5,0]],[[0,41],[23,67]]]},
"G308": {"type": "Matrix2x2", "payoffs": [[[16,6],[0,30]],[[65,0],[72,88]]]},
"G309": {"type": "Matrix2x2", "payoffs": [[[0,29],[43,33]],[[23,10],[24,0]]]},
"G310": {"type": "Matrix2x2", "payoffs": [[[0,0],[35,63]],[[38,97],[22,56]]]},
"G311": {"type": "Matrix2x2", "payoffs": [[[22,46],[61,0]],[[68,47],[0,2]]]},
"G312": {"type": "Matrix2x2", "payoffs": [[[7,14],[0,7]],[[1,1],[4,0]]]},
"G313": {"type": "Matrix2x2", "payoffs": [[[49,0],[56,23]],[[11,7],[0,14]]]},
"G314": {"type": "Matrix2x2", "payoffs": [[[9,64],[33,85]],[[11,40],[0,0]]]},
"G315": {"type": "Matrix2x2", "payoffs": [[[30,16],[75,84]],[[0,0],[35,27]]]},
"G316": {"type": "Matrix2x2", "payoffs": [[[54,67],[43,17]],[[24,0],[0,10]]]},
"G317": {"type": "Matrix2x2", "payoffs": [[[11,0],[12,12]],[[0,11],[28,13]]]},
"G318": {"type": "Matrix2x2", "payoffs": [[[10,3],[53,13]],[[0,6],[35,0]]]},
"G319": {"type": "Matrix2x2", "payoffs": [[[21,37],[0,28]],[[5,0],[24,41]]]},
"G320": {"type": "Matrix2x2", "payoffs": [[[77,18],[0,0]],[[9,10],[4,4]]]},
"G321": {"type": "Matrix2x2", "payoffs": [[[66,65],[19,0]],[[0,31],[8,52]]]},
"G322": {"type": "Matrix2x2", "payoffs": [[[49,94],[36,26]],[[0,0],[35,16]]]},
"G323": {"type": "Matrix2x2", "payoffs": [[[24,12],[11,0]],[[39,37],[0,35]]]},
"G324": {"type": "Matrix2x2", "payoffs": [[[49,73],[32,0]],[[27,60],[0,49]]]},
"G325": {"type": "Matrix2x2", "payoffs": [[[23,52],[0,47]],[[6,0],[14,11]]]},
"G326": {"type": "Matrix2x2", "payoffs": [[[0,0],[30,41]],[[11,11],[1,3]]]},
"G327": {"type": "Matrix2x2", "payoffs": [[[21,10],[0,4]],[[86,28],[43,0]]]},
"G328": {"type": "Matrix2x2", "payoffs": [[[58,31],[0,8]],[[10,25],[4,0]]]},
"G329": {"type": "Matrix2x2", "payoffs": [[[50,46],[77,48]],[[0,7],[3,0]]]},
"G330": {"type": "Matrix2x2", "payoffs": [[[33,17],[7,14]],[[0,0],[92,47]]]},
"G331": {"type": "Matrix2x2", "payoffs": [[[18,27],[6,26]],[[14,24],[0,0]]]},
"G332": {"type": "Matrix2x2", "payoffs": [[[2,0],[0,23]],[[4,51],[3,31]]]},
"G333": {"type": "Matrix2x2", "payoffs": [[[98,76],[0,32]],[[32,0],[77,20]]]},
"G334": {"type": "Matrix2x2", "payoffs": [[[14,21],[38,77]],[[0,0],[17,64]]]},
"G335": {"type": "Matrix2x2", "payoffs": [[[0,0],[26,13]],[[31,20],[17,6]]]},
"G336": {"type": "Matrix2x2", "payoffs": [[[0,0],[54,18]],[[52,17],[48,2]]]},
"G337": {"type": "Matrix2x2", "payoffs": [[[0,14],[87,15]],[[39,3],[37,0]]]},
"G338": {"type": "Matrix2x2", "payoffs": [[[54,0],[14,6]],[[0,11],[95,16]]]},
"G339": {"type": "Matrix2x2", "payoffs": [[[75,70],[0,24]],[[57,56],[6,0]]]},
"G340": {"type": "Matrix2x2", "payoffs": [[[13,11],[68,17]],[[0,15],[57,0]]]},
"G341": {"type": "Matrix2x2", "payoffs": [[[29,0],[0,38]],[[72,40],[90,42]]]},
"G342": {"type": "Matrix2x2", "payoffs": [[[45,91],[0,0]],[[11,47],[10,52]]]},
"G343": {"type": "Matrix2x2", "payoffs": [[[10,2],[16,21]],[[0,18],[6,0]]]},
"G344": {"type": "Matrix2x2", "payoffs": [[[0,0],[4,5]],[[63,11],[54,9]]]},
"G345": {"type": "Matrix2x2", "payoffs": [[[17,3],[0,0]],[[69,15],[19,10]]]},
"G346": {"type": "Matrix2x2", "payoffs": [[[2,75],[6,26]],[[0,0],[7,80]]]},
"G347": {"type": "Matrix2x2", "payoffs": [[[18,2],[0,3]],[[67,13],[10,0]]]},
"G348": {"type": "Matrix2x2", "payoffs": [[[32,10],[0,0]],[[10,13],[44,44]]]},
"G349": {"type": "Matrix2x2", "payoffs": [[[0,5],[20,4]],[[35,22],[26,0]]]},
"G350": {"type": "Matrix2x2", "payoffs": [[[2,69],[8,0]],[[0,21],[10,82]]]},
"G351": {"type": "Matrix2x2", "payoffs": [[[31,78],[9,48]],[[3,58],[0,0]]]},
"G352": {"type": "Matrix2x2", "payoffs": [[[59,22],[84,24]],[[0,16],[57,0]]]},
"G353": {"type": "Matrix2x2", "payoffs": [[[0,0],[94,50]],[[82,13],[51,12]]]},
"G354": {"type": "Matrix2x2", "payoffs": [[[82,15],[61,0]],[[21,5],[0,4]]]},
"G355": {"type": "Matrix2x2", "payoffs": [[[48,98],[0,0]],[[19,30],[16,94]]]},
"G356": {"type": "Matrix2x2", "payoffs": [[[0,0],[7,40]],[[1,7],[13,85]]]},
"G357": {"type": "Matrix2x2", "payoffs": [[[8,23],[0,2]],[[5,0],[14,44]]]},
"G358": {"type": "Matrix2x2", "payoffs": [[[5,23],[3,22]],[[2,21],[0,0]]]},
"G359": {"type": "Matrix2x2", "payoffs": [[[65,0],[95,20]],[[0,6],[22,16]]]},
"G360": {"type": "Matrix2x2", "payoffs": [[[0,9],[43,83]],[[20,0],[31,14]]]},
"G361": {"type": "Matrix2x2", "payoffs": [[[63,40],[0,24]],[[51,0],[52,32]]]},
"G362": {"type": "Matrix2x2", "payoffs": [[[34,31],[51,9]],[[67,50],[0,0]]]},
"G363": {"type": "Matrix2x2", "payoffs": [[[82,0],[98,13]],[[80,3],[0,10]]]},
"G364": {"type": "Matrix2x2", "payoffs": [[[85,24],[62,0]],[[37,15],[0,21]]]},
"G365": {"type": "Matrix2x2", "payoffs": [[[37,52],[0,0]],[[9,63],[56,65]]]},
"G366": {"type": "Matrix2x2", "payoffs": [[[75,66],[26,51]],[[73,59],[0,0]]]},
"G367": {"type": "Matrix2x2", "payoffs": [[[0,22],[11,0]],[[8,64],[21,80]]]},
"G368": {"type": "Matrix2x2", "payoffs": [[[60,0],[8,19]],[[0,26],[65,48]]]},
"G369": {"type": "Matrix2x2", "payoffs": [[[95,92],[0,14]],[[74,0],[15,59]]]},
"G370": {"type": "Matrix2x2", "payoffs": [[[52,9],[10,7]],[[0,4],[27,0]]]},
"G371": {"type": "Matrix2x2", "payoffs": [[[48,47],[0,29]],[[35,0],[44,12]]]},
"G372": {"type": "Matrix2x2", "payoffs": [[[62,2],[0,8]],[[87,0],[88,37]]]},
"G373": {"type": "Matrix2x2", "payoffs": [[[5,0],[0,2]],[[8,4],[7,3]]]},
"G374": {"type": "Matrix2x2", "payoffs": [[[37,66],[36,0]],[[0,14],[69,69]]]},
"G375": {"type": "Matrix2x2", "payoffs": [[[0,0],[82,45]],[[4,24],[22,33]]]},
"G376": {"type": "Matrix2x2", "payoffs": [[[67,0],[52,2]],[[0,1],[69,3]]]},
"G377": {"type": "Matrix2x2", "payoffs": [[[32,34],[98,36]],[[0,0],[57,20]]]},
"G378": {"type": "Matrix2x2", "payoffs": [[[78,99],[0,60]],[[2,0],[23,37]]]},
"G379": {"type": "Matrix2x2", "payoffs": [[[61,72],[0,56]],[[53,20],[14,0]]]},
"G380": {"type": "Matrix2x2", "payoffs": [[[88,29],[0,73]],[[99,100],[42,0]]]},
"G381": {"type": "Matrix2x2", "payoffs": [[[56,17],[46,0]],[[0,66],[61,70]]]},
"G382": {"type": "Matrix2x2", "payoffs": [[[51,24],[31,0]],[[50,3],[0,17]]]},
"G383": {"type": "Matrix2x2", "payoffs": [[[77,15],[0,12]],[[29,4],[34,0]]]},
"G384": {"type": "Matrix2x2", "payoffs": [[[38,0],[48,78]],[[13,33],[0,45]]]},
"G385": {"type": "Matrix2x2", "payoffs": [[[14,0],[0,37]],[[22,68],[54,73]]]},
"G386": {"type": "Matrix2x2", "payoffs": [[[0,14],[55,20]],[[1,18],[18,0]]]},
"G387": {"type": "Matrix2x2", "payoffs": [[[9,67],[0,0]],[[91,68],[10,47]]]},
"G388": {"type": "Matrix2x2", "payoffs": [[[0,22],[17,88]],[[10,0],[3,35]]]},
"G389": {"type": "Matrix2x2", "payoffs": [[[19,0],[14,40]],[[26,65],[0,57]]]},
"G390": {"type": "Matrix2x2", "payoffs": [[[0,12],[90,91]],[[22,49],[45,0]]]},
"G391": {"type": "Matrix2x2", "payoffs": [[[0,10],[4,0]],[[2,8],[6,15]]]},
"G392": {"type": "Matrix2x2", "payoffs": [[[73,47],[0,0]],[[8,36],[54,5]]]},
"G393": {"type": "Matrix2x2", "payoffs": [[[22,0],[0,2]],[[71,59],[21,47]]]},
"G394": {"type": "Matrix2x2", "payoffs": [[[18,0],[21,21]],[[0,1],[46,36]]]},
"G395": {"type": "Matrix2x2", "payoffs": [[[1,0],[0,16]],[[5,4],[68,25]]]},
"G396": {"type": "Matrix2x2", "payoffs": [[[59,0],[86,45]],[[6,29],[0,19]]]},
"G397": {"type": "Matrix2x2", "payoffs": [[[24,0],[30,62]],[[0,60],[6,9]]]},
"G398": {"type": "Matrix2x2", "payoffs": [[[88,87],[85,60]],[[16,14],[0,0]]]},
"G399": {"type": "Matrix2x2", "payoffs": [[[90,55],[0,21]],[[44,0],[55,7]]]},
"G400": {"type": "Matrix2x2", "payoffs": [[[1,0],[22,30]],[[0,3],[89,39]]]},
"G401": {"type": "Matrix2x2", "payoffs": [[[7,0],[0,34]],[[10,93],[9,86]]]},
"G402": {"type": "Matrix2x2", "payoffs": [[[89,8],[74,5]],[[34,2],[0,0]]]},
"G403": {"type": "Matrix2x2", "payoffs": [[[57,48],[0,33]],[[65,52],[34,0]]]},
"G404": {"type": "Matrix2x2", "payoffs": [[[87,63],[0,53]],[[28,0],[21,3]]]},
"G405": {"type": "Matrix2x2", "payoffs": [[[81,42],[0,53]],[[47,0],[87,65]]]},
"G406": {"type": "Matrix2x2", "payoffs": [[[20,20],[3,2]],[[0,0],[33,28]]]},
"G407": {"type": "Matrix2x2", "payoffs": [[[0,2],[21,45]],[[19,37],[16,0]]]},
"G408": {"type": "Matrix2x2", "payoffs": [[[55,73],[0,0]],[[8,26],[13,69]]]},
"G409": {"type": "Matrix2x2", "payoffs": [[[8,4],[0,1]],[[7,0],[5,3]]]},
"G410": {"type": "Matrix2x2", "payoffs": [[[0,71],[32,0]],[[78,82],[63,35]]]},
"G411": {"type": "Matrix2x2", "payoffs": [[[4,48],[0,0]],[[8,60],[3,36]]]},
"G412": {"type": "Matrix2x2", "payoffs": [[[63,32],[91,55]],[[0,6],[38,0]]]},
"G413": {"type": "Matrix2x2", "payoffs": [[[58,37],[0,10]],[[99,55],[17,0]]]},
"G414": {"type": "Matrix2x2", "payoffs": [[[12,1],[0,7]],[[60,0],[94,8]]]},
"G415": {"type": "Matrix2x2", "payoffs": [[[0,0],[10,10]],[[22,15],[59,32]]]},
"G416": {"type": "Matrix2x2", "payoffs": [[[26,49],[0,25]],[[22,38],[2,0]]]},
"G417": {"type": "Matrix2x2", "payoffs": [[[0,0],[28,2]],[[44,81],[31,55]]]},
"G418": {"type": "Matrix2x2", "payoffs": [[[100,8],[0,5]],[[33,0],[78,2]]]},
"G419": {"type": "Matrix2x2", "payoffs": [[[19,5],[0,0]],[[21,82],[9,52]]]},
"G420": {"type": "Matrix2x2", "payoffs": [[[77,1],[86,24]],[[0,0],[66,10]]]},
"G421": {"type": "Matrix2x2", "payoffs": [[[39,25],[0,48]],[[53,66],[25,0]]]},
"G422": {"type": "Matrix2x2", "payoffs": [[[1,8],[29,15]],[[0,7],[18,0]]]},
"G423": {"type": "Matrix2x2", "payoffs": [[[0,22],[22,31]],[[13,8],[7,0]]]},
"G424": {"type": "Matrix2x2", "payoffs": [[[95,83],[0,5]],[[21,58],[44,0]]]},
"G425": {"type": "Matrix2x2", "payoffs": [[[1,7],[0,21]],[[6,30],[3,0]]]},
"G426": {"type": "Matrix2x2", "payoffs": [[[3,0],[9,94]],[[0,88],[1,66]]]},
"G427": {"type": "Matrix2x2", "payoffs": [[[28,40],[9,0]],[[40,98],[0,9]]]},
"G428": {"type": "Matrix2x2", "payoffs": [[[0,61],[19,0]],[[6,23],[36,77]]]},
"G429": {"type": "Matrix2x2", "payoffs": [[[49,0],[0,90]],[[35,40],[61,93]]]},
"G430": {"type": "Matrix2x2", "payoffs": [[[39,14],[85,45]],[[60,34],[0,0]]]},
"G431": {"type": "Matrix2x2", "payoffs": [[[24,1],[0,0]],[[2,6],[37,57]]]},
"G432": {"type": "Matrix2x2", "payoffs": [[[0,0],[10,65]],[[27,32],[98,86]]]},
"G433": {"type": "Matrix2x2", "payoffs": [[[5,0],[70,82]],[[42,4],[0,17]]]},
"G434": {"type": "Matrix2x2", "payoffs": [[[65,2],[0,0]],[[76,7],[42,5]]]},
"G435": {"type": "Matrix2x2", "payoffs": [[[13,26],[5,0]],[[1,7],[0,24]]]},
"G436": {"type": "Matrix2x2", "payoffs": [[[4,0],[21,93]],[[0,24],[18,30]]]},
"G437": {"type": "Matrix2x2", "payoffs": [[[4,32],[6,0]],[[0,15],[13,55]]]},
"G438": {"type": "Matrix2x2", "payoffs": [[[67,0],[69,68]],[[56,40],[0,4]]]},
"G439": {"type": "Matrix2x2", "payoffs": [[[0,12],[20,0]],[[21,67],[1,50]]]},
"G440": {"type": "Matrix2x2", "payoffs": [[[2,18],[68,0]],[[89,47],[0,17]]]},
"G441": {"type": "Matrix2x2", "payoffs": [[[0,79],[36,0]],[[67,94],[28,1]]]},
"G442": {"type": "Matrix2x2", "payoffs": [[[14,29],[7,28]],[[0,0],[9,3]]]},
"G443": {"type": "Matrix2x2", "payoffs": [[[69,21],[63,0]],[[95,29],[0,3]]]},
"G444": {"type": "Matrix2x2", "payoffs": [[[43,0],[0,7]],[[19,3],[51,9]]]},
"G445": {"type": "Matrix2x2", "payoffs": [[[15,0],[0,14]],[[28,17],[51,72]]]},
"G446": {"type": "Matrix2x2", "payoffs": [[[3,0],[6,5]],[[0,30],[14,42]]]},
"G447": {"type": "Matrix2x2", "payoffs": [[[18,0],[0,19]],[[26,36],[52,69]]]},
"G448": {"type": "Matrix2x2", "payoffs": [[[23,28],[0,24]],[[41,0],[67,34]]]},
"G449": {"type": "Matrix2x2", "payoffs": [[[0,0],[6,55]],[[20,59],[3,5]]]},
"G450": {"type": "Matrix2x2", "payoffs": [[[6,0],[27,8]],[[96,15],[0,12]]]},
"G451": {"type": "Matrix2x2", "payoffs": [[[0,19],[21,0]],[[14,9],[33,24]]]},
"G452": {"type": "Matrix2x2", "payoffs": [[[0,22],[10,0]],[[48,9],[62,82]]]},
"G453": {"type": "Matrix2x2", "payoffs": [[[0,18],[24,0]],[[58,73],[49,8]]]},
"G454": {"type": "Matrix2x2", "payoffs": [[[52,38],[96,86]],[[0,0],[48,3]]]},
"G455": {"type": "Matrix2x2", "payoffs": [[[17,74],[72,90]],[[0,6],[63,0]]]},
"G456": {"type": "Matrix2x2", "payoffs": [[[1,0],[16,19]],[[17,25],[0,23]]]},
"G457": {"type": "Matrix2x2", "payoffs": [[[28,0],[0,4]],[[58,17],[8,14]]]},
"G458": {"type": "Matrix2x2", "payoffs": [[[0,7],[8,0]],[[92,4],[96,11]]]},
"G459": {"type": "Matrix2x2", "payoffs": [[[0,0],[40,58]],[[32,13],[39,47]]]},
"G460": {"type": "Matrix2x2", "payoffs": [[[0,0],[52,78]],[[22,46],[3,31]]]},
"G461": {"type": "Matrix2x2", "payoffs": [[[3,0],[29,50]],[[0,17],[41,72]]]},
"G462": {"type": "Matrix2x2", "payoffs": [[[54,6],[90,25]],[[0,8],[33,0]]]},
"G463": {"type": "Matrix2x2", "payoffs": [[[54,12],[19,11]],[[23,6],[0,0]]]},
"G464": {"type": "Matrix2x2", "payoffs": [[[8,23],[11,12]],[[0,0],[21,83]]]},
"G465": {"type": "Matrix2x2", "payoffs": [[[30,8],[55,32]],[[0,0],[21,29]]]},
"G466": {"type": "Matrix2x2", "payoffs": [[[95,84],[0,33]],[[90,0],[4,12]]]},
"G467": {"type": "Matrix2x2", "payoffs": [[[3,77],[1,0]],[[0,6],[2,7]]]},
"G468": {"type": "Matrix2x2", "payoffs": [[[29,40],[35,48]],[[0,16],[2,0]]]},
"G469": {"type": "Matrix2x2", "payoffs": [[[13,11],[15,41]],[[0,27],[14,0]]]},
"G470": {"type": "Matrix2x2", "payoffs": [[[0,63],[26,0]],[[97,76],[43,7]]]},
"G471": {"type": "Matrix2x2", "payoffs": [[[81,99],[22,0]],[[1,13],[0,58]]]},
"G472": {"type": "Matrix2x2", "payoffs": [[[40,24],[34,3]],[[0,0],[76,80]]]},
"G473": {"type": "Matrix2x2", "payoffs": [[[48,93],[3,0]],[[0,88],[42,92]]]},
"G474": {"type": "Matrix2x2", "payoffs": [[[21,38],[0,7]],[[4,0],[25,48]]]},
"G475": {"type": "Matrix2x2", "payoffs": [[[72,0],[0,20]],[[36,30],[75,33]]]},
"G476": {"type": "Matrix2x2", "payoffs": [[[14,28],[22,0]],[[57,73],[0,40]]]},
"G477": {"type": "Matrix2x2", "payoffs": [[[64,32],[92,34]],[[0,0],[29,14]]]},
"G478": {"type": "Matrix2x2", "payoffs": [[[43,29],[39,25]],[[40,12],[0,0]]]},
"G479": {"type": "Matrix2x2", "payoffs": [[[91,51],[17,0]],[[100,95],[0,75]]]},
"G480": {"type": "Matrix2x2", "payoffs": [[[7,48],[0,6]],[[8,80],[5,0]]]},
"G481": {"type": "Matrix2x2", "payoffs": [[[0,22],[51,53]],[[36,0],[6,17]]]},
"G482": {"type": "Matrix2x2", "payoffs": [[[0,3],[29,23]],[[33,0],[51,25]]]},
"G483": {"type": "Matrix2x2", "payoffs": [[[81,11],[23,1]],[[0,0],[29,10]]]},
"G484": {"type": "Matrix2x2", "payoffs": [[[24,0],[0,39]],[[56,68],[4,34]]]},
"G485": {"type": "Matrix2x2", "payoffs": [[[13,68],[18,95]],[[0,2],[15,0]]]},
"G486": {"type": "Matrix2x2", "payoffs": [[[3,0],[4,64]],[[1,45],[0,27]]]},
"G487": {"type": "Matrix2x2", "payoffs": [[[7,0],[17,17]],[[18,47],[0,16]]]},
"G488": {"type": "Matrix2x2", "payoffs": [[[50,6],[12,0]],[[0,2],[21,1]]]},
"G489": {"type": "Matrix2x2", "payoffs": [[[2,0],[51,12]],[[0,1],[49,3]]]},
"G490": {"type": "Matrix2x2", "payoffs": [[[0,23],[70,0]],[[91,52],[58,16]]]},
"G491": {"type": "Matrix2x2", "payoffs": [[[15,89],[0,10]],[[3,0],[42,96]]]},
"G492": {"type": "Matrix2x2", "payoffs": [[[0,0],[1,37]],[[86,83],[20,23]]]},
"G493": {"type": "Matrix2x2", "payoffs": [[[0,21],[37,0]],[[49,41],[70,54]]]},
"G494": {"type": "Matrix2x2", "payoffs": [[[8,42],[16,0]],[[0,24],[42,49]]]},
"G495": {"type": "Matrix2x2", "payoffs": [[[3,0],[5,79]],[[0,30],[1,10]]]},
"G496": {"type": "Matrix2x2", "payoffs": [[[32,30],[30,22]],[[14,1],[0,0]]]},
"G497": {"type": "Matrix2x2", "payoffs": [[[0,6],[1,71]],[[7,87],[6,0]]]},
"G498": {"type": "Matrix2x2", "payoffs": [[[48,48],[17,0]],[[8,1],[0,10]]]},
"G499": {"type": "Matrix2x2", "payoffs": [[[11,0],[0,4]],[[16,14],[20,36]]]},
"G500": {"type": "Matrix2x2", "payoffs": [[[52,19],[12,0]],[[0,7],[72,46]]]},
"G501": {"type": "Matrix2x2", "payoffs": [[[55,48],[34,0]],[[92,54],[0,17]]]},
"G502": {"type": "Matrix2x2", "payoffs": [[[51,76],[1,1]],[[28,50],[0,0]]]},
"G503": {"type": "Matrix2x2", "payoffs": [[[0,34],[6,65]],[[1,0],[2,11]]]},
"G504": {"type": "Matrix2x2", "payoffs": [[[0,14],[39,28]],[[10,7],[14,0]]]},
"G505": {"type": "Matrix2x2", "payoffs": [[[7,5],[13,21]],[[5,0],[0,20]]]},
"G506": {"type": "Matrix2x2", "payoffs": [[[0,36],[18,0]],[[60,84],[34,72]]]},
"G507": {"type": "Matrix2x2", "payoffs": [[[8,22],[26,5]],[[29,26],[0,0]]]},
"G508": {"type": "Matrix2x2", "payoffs": [[[0,31],[25,33]],[[9,0],[39,38]]]},
"G509": {"type": "Matrix2x2", "payoffs": [[[10,25],[80,3]],[[0,0],[86,39]]]},
"G510": {"type": "Matrix2x2", "payoffs": [[[24,17],[57,23]],[[0,11],[46,0]]]},
"G511": {"type": "Matrix2x2", "payoffs": [[[61,55],[82,0]],[[97,99],[0,12]]]},
"G512": {"type": "Matrix2x2", "payoffs": [[[8,44],[0,0]],[[32,53],[7,18]]]},
"G513": {"type": "Matrix2x2", "payoffs": [[[12,9],[21,0]],[[29,11],[0,1]]]},
"G514": {"type": "Matrix2x2", "payoffs": [[[1,5],[0,0]],[[5,28],[2,27]]]},
"G515": {"type": "Matrix2x2", "payoffs": [[[0,9],[2,0]],[[4,4],[8,36]]]},
"G516": {"type": "Matrix2x2", "payoffs": [[[54,71],[0,36]],[[53,0],[38,9]]]},
"G517": {"type": "Matrix2x2", "payoffs": [[[7,0],[0,28]],[[23,7],[72,57]]]},
"G518": {"type": "Matrix2x2", "payoffs": [[[85,69],[78,0]],[[0,25],[40,12]]]},
"G519": {"type": "Matrix2x2", "payoffs": [[[45,80],[59,100]],[[0,12],[4,0]]]},
"G520": {"type": "Matrix2x2", "payoffs": [[[6,69],[5,41]],[[7,72],[0,0]]]},
"G521": {"type": "Matrix2x2", "payoffs": [[[93,38],[21,29]],[[0,22],[72,0]]]},
"G522": {"type": "Matrix2x2", "payoffs": [[[11,21],[6,1]],[[0,18],[5,0]]]},
"G523": {"type": "Matrix2x2", "payoffs": [[[94,74],[79,0]],[[0,72],[76,1]]]},
"G524": {"type": "Matrix2x2", "payoffs": [[[17,7],[58,0]],[[62,75],[0,9]]]},
"G525": {"type": "Matrix2x2", "payoffs": [[[17,0],[55,99]],[[24,27],[0,46]]]},
"G526": {"type": "Matrix2x2", "payoffs": [[[38,50],[4,11]],[[32,0],[0,12]]]},
"G527": {"type": "Matrix2x2", "payoffs": [[[82,65],[58,19]],[[0,0],[53,7]]]},
"G528": {"type": "Matrix2x2", "payoffs": [[[3,42],[5,12]],[[0,0],[6,50]]]},
"G529": {"type": "Matrix2x2", "payoffs": [[[1,0],[7,5]],[[0,11],[10,35]]]},
"G530": {"type": "Matrix2x2", "payoffs": [[[25,0],[29,62]],[[21,30],[0,37]]]},
"G531": {"type": "Matrix2x2", "payoffs": [[[0,50],[53,0]],[[63,58],[31,36]]]},
"G532": {"type": "Matrix2x2", "payoffs": [[[61,0],[76,33]],[[88,94],[0,64]]]},
"G533": {"type": "Matrix2x2", "payoffs": [[[30,30],[78,48]],[[72,6],[0,0]]]},
"G534": {"type": "Matrix2x2", "payoffs": [[[0,0],[46,1]],[[48,34],[44,27]]]},
"G535": {"type": "Matrix2x2", "payoffs": [[[85,8],[66,6]],[[76,3],[0,0]]]},
"G536": {"type": "Matrix2x2", "payoffs": [[[6,47],[10,70]],[[2,67],[0,0]]]},
"G537": {"type": "Matrix2x2", "payoffs": [[[15,69],[9,37]],[[13,35],[0,0]]]},
"G538": {"type": "Matrix2x2", "payoffs": [[[19,47],[46,0]],[[0,14],[53,72]]]},
"G539": {"type": "Matrix2x2", "payoffs": [[[44,4],[51,42]],[[0,29],[1,0]]]},
"G540": {"type": "Matrix2x2", "payoffs": [[[0,53],[4,0]],[[1,42],[6,92]]]},
"G541": {"type": "Matrix2x2", "payoffs": [[[45,50],[38,0]],[[0,19],[33,10]]]},
"G542": {"type": "Matrix2x2", "payoffs": [[[55,13],[59,17]],[[0,0],[87,33]]]},
"G543": {"type": "Matrix2x2", "payoffs": [[[40,46],[44,0]],[[0,16],[72,98]]]},
"G544": {"type": "Matrix2x2", "payoffs": [[[0,0],[22,2]],[[2,12],[66,77]]]},
"G545": {"type": "Matrix2x2", "payoffs": [[[87,10],[0,39]],[[10,0],[94,43]]]},
"G546": {"type": "Matrix2x2", "payoffs": [[[0,67],[17,0]],[[8,4],[41,77]]]},
"G547": {"type": "Matrix2x2", "payoffs": [[[0,51],[28,53]],[[39,72],[15,0]]]},
"G548": {"type": "Matrix2x2", "payoffs": [[[16,40],[0,33]],[[15,18],[14,0]]]},
"G549": {"type": "Matrix2x2", "payoffs": [[[0,41],[1,0]],[[37,63],[71,91]]]},
"G550": {"type": "Matrix2x2", "payoffs": [[[95,44],[56,0]],[[0,41],[1,43]]]},
"G551": {"type": "Matrix2x2", "payoffs": [[[99,48],[25,0]],[[0,24],[57,25]]]},
"G552": {"type": "Matrix2x2", "payoffs": [[[0,22],[15,32]],[[61,89],[21,0]]]},
"G553": {"type": "Matrix2x2", "payoffs": [[[86,60],[0,0]],[[26,49],[8,32]]]},
"G554": {"type": "Matrix2x2", "payoffs": [[[17,58],[0,0]],[[48,12],[50,90]]]},
"G555": {"type": "Matrix2x2", "payoffs": [[[29,22],[0,0]],[[93,26],[35,4]]]},
"G556": {"type": "Matrix2x2", "payoffs": [[[72,21],[6,14]],[[0,4],[41,0]]]},
"G557": {"type": "Matrix2x2", "payoffs": [[[4,19],[0,0]],[[2,27],[5,31]]]},
"G558": {"type": "Matrix2x2", "payoffs": [[[36,7],[0,14]],[[79,45],[52,0]]]},
"G559": {"type": "Matrix2x2", "payoffs": [[[1,11],[29,89]],[[0,0],[2,24]]]},
"G560": {"type": "Matrix2x2", "payoffs": [[[3,95],[2,36]],[[0,0],[7,99]]]},
"G561": {"type": "Matrix2x2", "payoffs": [[[46,2],[84,4]],[[0,3],[29,0]]]},
"G562": {"type": "Matrix2x2", "payoffs": [[[32,89],[0,32]],[[2,1],[25,0]]]},
"G563": {"type": "Matrix2x2", "payoffs": [[[69,9],[89,69]],[[37,33],[0,0]]]},
"G564": {"type": "Matrix2x2", "payoffs": [[[32,0],[58,8]],[[74,82],[0,13]]]},
"G565": {"type": "Matrix2x2", "payoffs": [[[14,25],[0,0]],[[11,20],[9,8]]]},
"G566": {"type": "Matrix2x2", "payoffs": [[[0,2],[15,1]],[[56,5],[9,0]]]},
"G567": {"type": "Matrix2x2", "payoffs": [[[72,75],[61,17]],[[71,0],[0,47]]]},
"G568": {"type": "Matrix2x2", "payoffs": [[[10,0],[22,5]],[[58,90],[0,57]]]},
"G569": {"type": "Matrix2x2", "payoffs": [[[88,88],[73,69]],[[0,77],[10,0]]]},
"G570": {"type": "Matrix2x2", "payoffs": [[[0,8],[46,22]],[[19,6],[5,0]]]},
"G571": {"type": "Matrix2x2", "payoffs": [[[13,2],[5,0]],[[0,17],[16,39]]]},
"G572": {"type": "Matrix2x2", "payoffs": [[[0,11],[28,0]],[[92,32],[20,10]]]},
"G573": {"type": "Matrix2x2", "payoffs": [[[0,3],[36,0]],[[46,47],[16,20]]]},
"G574": {"type": "Matrix2x2", "payoffs": [[[22,10],[0,6]],[[19,9],[11,0]]]},
"G575": {"type": "Matrix2x2", "payoffs": [[[82,73],[0,0]],[[34,68],[64,32]]]},
"G576": {"type": "Matrix2x2", "payoffs": [[[3,2],[0,0]],[[9,71],[1,54]]]},
"G577": {"type": "Matrix2x2", "payoffs": [[[27,11],[58,0]],[[0,61],[80,84]]]},
"G578": {"type": "Matrix2x2", "payoffs": [[[0,7],[31,0]],[[96,54],[10,42]]]},
"G579": {"type": "Matrix2x2", "payoffs": [[[64,42],[0,4]],[[15,0],[55,3]]]},
"G580": {"type": "Matrix2x2", "payoffs": [[[27,0],[30,24]],[[0,4],[49,43]]]},
"G581": {"type": "Matrix2x2", "payoffs": [[[87,60],[92,81]],[[0,0],[31,34]]]},
"G582": {"type": "Matrix2x2", "payoffs": [[[16,18],[0,5]],[[20,29],[13,0]]]},
"G583": {"type": "Matrix2x2", "payoffs": [[[31,14],[8,2]],[[46,33],[0,0]]]},
"G584": {"type": "Matrix2x2", "payoffs": [[[31,46],[20,3]],[[0,0],[25,23]]]},
"G585": {"type": "Matrix2x2", "payoffs": [[[0,13],[33,14]],[[89,33],[10,0]]]},
"G586": {"type": "Matrix2x2", "payoffs": [[[0,0],[3,16]],[[29,48],[32,51]]]},
"G587": {"type": "Matrix2x2", "payoffs": [[[0,39],[12,0]],[[70,48],[37,3]]]},
"G588": {"type": "Matrix2x2", "payoffs": [[[47,5],[0,19]],[[54,73],[26,0]]]},
"G589": {"type": "Matrix2x2", "payoffs": [[[3,73],[8,76]],[[7,0],[0,57]]]},
"G590": {"type": "Matrix2x2", "payoffs": [[[28,28],[0,0]],[[93,66],[13,29]]]},
"G591": {"type": "Matrix2x2", "payoffs": [[[10,0],[25,48]],[[0,25],[17,42]]]},
"G592": {"type": "Matrix2x2", "payoffs": [[[1,0],[0,6]],[[6,5],[15,10]]]},
"G593": {"type": "Matrix2x2", "payoffs": [[[21,93],[0,0]],[[18,48],[20,78]]]},
"G594": {"type": "Matrix2x2", "payoffs": [[[13,0],[83,18]],[[69,17],[0,3]]]},
"G595": {"type": "Matrix2x2", "payoffs": [[[84,98],[0,57]],[[40,4],[42,0]]]},
"G596": {"type": "Matrix2x2", "payoffs": [[[61,16],[32,5]],[[2,0],[0,15]]]},
"G597": {"type": "Matrix2x2", "payoffs": [[[22,35],[0,19]],[[7,0],[37,63]]]},
"G598": {"type": "Matrix2x2", "payoffs": [[[64,0],[48,25]],[[91,97],[0,37]]]},
"G599": {"type": "Matrix2x2", "payoffs": [[[8,70],[0,63]],[[39,90],[7,0]]]},
"G600": {"type": "Matrix2x2", "payoffs": [[[62,29],[13,0]],[[0,21],[69,62]]]},
"G601": {"type": "Matrix2x2", "payoffs": [[[0,0],[26,15]],[[12,43],[57,95]]]},
"G602": {"type": "Matrix2x2", "payoffs": [[[0,0],[26,41]],[[11,6],[27,62]]]},
"G603": {"type": "Matrix2x2", "payoffs": [[[0,8],[36,5]],[[11,0],[41,9]]]},
"G604": {"type": "Matrix2x2", "payoffs": [[[83,22],[15,6]],[[0,19],[71,0]]]},
"G605": {"type": "Matrix2x2", "payoffs": [[[0,1],[53,0]],[[32,12],[84,23]]]},
"G606": {"type": "Matrix2x2", "payoffs": [[[0,39],[4,0]],[[22,35],[52,65]]]},
"G607": {"type": "Matrix2x2", "payoffs": [[[8,0],[0,47]],[[80,69],[24,53]]]},
"G608": {"type": "Matrix2x2", "payoffs": [[[15,25],[8,0]],[[0,24],[7,15]]]},
"G609": {"type": "Matrix2x2", "payoffs": [[[5,70],[2,5]],[[0,43],[3,0]]]},
"G610": {"type": "Matrix2x2", "payoffs": [[[66,72],[0,61]],[[59,37],[35,0]]]},
"G611": {"type": "Matrix2x2", "payoffs": [[[5,13],[0,0]],[[61,24],[16,8]]]},
"G612": {"type": "Matrix2x2", "payoffs": [[[3,38],[38,75]],[[0,0],[18,18]]]},
"G613": {"type": "Matrix2x2", "payoffs": [[[0,5],[31,23]],[[8,10],[3,0]]]},
"G614": {"type": "Matrix2x2", "payoffs": [[[1,24],[0,0]],[[55,46],[32,31]]]},
"G615": {"type": "Matrix2x2", "payoffs": [[[34,78],[17,65]],[[0,51],[29,0]]]},
"G616": {"type": "Matrix2x2", "payoffs": [[[2,39],[30,38]],[[0,0],[45,74]]]},
"G617": {"type": "Matrix2x2", "payoffs": [[[17,53],[8,0]],[[0,23],[10,42]]]},
"G618": {"type": "Matrix2x2", "payoffs": [[[69,37],[0,0]],[[64,39],[87,48]]]},
"G619": {"type": "Matrix2x2", "payoffs": [[[0,21],[26,89]],[[14,40],[18,0]]]},
"G620": {"type": "Matrix2x2", "payoffs": [[[35,5],[0,0]],[[73,35],[64,6]]]},
"G621": {"type": "Matrix2x2", "payoffs": [[[0,0],[61,17]],[[69,88],[80,99]]]},
"G622": {"type": "Matrix2x2", "payoffs": [[[23,52],[9,5]],[[7,0],[0,37]]]},
"G623": {"type": "Matrix2x2", "payoffs": [[[0,39],[21,33]],[[38,0],[49,58]]]},
"G624": {"type": "Matrix2x2", "payoffs": [[[0,24],[19,20]],[[8,0],[63,31]]]},
"G625": {"type": "Matrix2x2", "payoffs": [[[35,29],[61,73]],[[44,12],[0,0]]]},
"G626": {"type": "Matrix2x2", "payoffs": [[[0,0],[63,82]],[[43,8],[6,9]]]},
"G627": {"type": "Matrix2x2", "payoffs": [[[45,98],[38,68]],[[0,0],[18,20]]]},
"G628": {"type": "Matrix2x2", "payoffs": [[[1,9],[2,6]],[[0,0],[3,35]]]},
"G629": {"type": "Matrix2x2", "payoffs": [[[19,0],[30,15]],[[0,25],[71,34]]]},
"G630": {"type": "Matrix2x2", "payoffs": [[[7,18],[0,12]],[[38,22],[12,0]]]},
"G631": {"type": "Matrix2x2", "payoffs": [[[22,75],[0,62]],[[17,0],[8,34]]]},
"G632": {"type": "Matrix2x2", "payoffs": [[[18,3],[0,5]],[[19,9],[6,0]]]},
"G633": {"type": "Matrix2x2", "payoffs": [[[41,94],[4,12]],[[0,62],[23,0]]]},
"G634": {"type": "Matrix2x2", "payoffs": [[[12,14],[39,16]],[[41,25],[0,0]]]},
"G635": {"type": "Matrix2x2", "payoffs": [[[52,52],[46,0]],[[55,64],[0,25]]]},
"G636": {"type": "Matrix2x2", "payoffs": [[[67,18],[0,0]],[[90,59],[87,47]]]},
"G637": {"type": "Matrix2x2", "payoffs": [[[0,55],[66,56]],[[58,0],[23,36]]]},
"G638": {"type": "Matrix2x2", "payoffs": [[[16,0],[0,7]],[[20,1],[31,8]]]},
"G639": {"type": "Matrix2x2", "payoffs": [[[1,5],[0,0]],[[2,10],[3,22]]]},
"G640": {"type": "Matrix2x2", "payoffs": [[[0,0],[55,14]],[[79,38],[32,21]]]},
"G641": {"type": "Matrix2x2", "payoffs": [[[3,2],[30,0]],[[33,15],[0,13]]]},
"G642": {"type": "Matrix2x2", "payoffs": [[[65,73],[0,67]],[[26,1],[54,0]]]},
"G643": {"type": "Matrix2x2", "payoffs": [[[36,14],[0,6]],[[8,10],[29,0]]]},
"G644": {"type": "Matrix2x2", "payoffs": [[[16,0],[0,2]],[[24,50],[46,68]]]},
"G645": {"type": "Matrix2x2", "payoffs": [[[0,37],[15,0]],[[10,59],[66,83]]]},
"G646": {"type": "Matrix2x2", "payoffs": [[[49,69],[0,0]],[[31,24],[43,2]]]},
"G647": {"type": "Matrix2x2", "payoffs": [[[0,18],[20,53]],[[3,13],[15,0]]]},
"G648": {"type": "Matrix2x2", "payoffs": [[[35,9],[20,4]],[[0,0],[46,24]]]},
"G649": {"type": "Matrix2x2", "payoffs": [[[0,50],[87,64]],[[82,24],[18,0]]]},
"G650": {"type": "Matrix2x2", "payoffs": [[[59,59],[64,74]],[[0,37],[56,0]]]},
"G651": {"type": "Matrix2x2", "payoffs": [[[31,10],[17,0]],[[38,15],[0,13]]]},
"G652": {"type": "Matrix2x2", "payoffs": [[[1,0],[86,84]],[[52,59],[0,65]]]},
"G653": {"type": "Matrix2x2", "payoffs": [[[16,40],[0,0]],[[26,46],[20,27]]]},
"G654": {"type": "Matrix2x2", "payoffs": [[[42,0],[56,19]],[[39,8],[0,6]]]},
"G655": {"type": "Matrix2x2", "payoffs": [[[51,28],[35,3]],[[44,0],[0,14]]]},
"G656": {"type": "Matrix2x2", "payoffs": [[[23,0],[0,53]],[[68,33],[100,55]]]},
"G657": {"type": "Matrix2x2", "payoffs": [[[4,0],[14,71]],[[0,59],[9,1]]]},
"G658": {"type": "Matrix2x2", "payoffs": [[[21,0],[0,11]],[[33,59],[14,3]]]},
"G659": {"type": "Matrix2x2", "payoffs": [[[37,5],[28,18]],[[52,80],[0,0]]]},
"G660": {"type": "Matrix2x2", "payoffs": [[[0,25],[19,56]],[[9,0],[3,6]]]},
"G661": {"type": "Matrix2x2", "payoffs": [[[43,7],[0,0]],[[13,13],[50,16]]]},
"G662": {"type": "Matrix2x2", "payoffs": [[[6,0],[0,28]],[[9,84],[4,70]]]},
"G663": {"type": "Matrix2x2", "payoffs": [[[35,6],[0,15]],[[66,65],[34,0]]]},
"G664": {"type": "Matrix2x2", "payoffs": [[[12,31],[48,44]],[[17,0],[0,17]]]},
"G665": {"type": "Matrix2x2", "payoffs": [[[0,0],[46,68]],[[63,76],[20,46]]]},
"G666": {"type": "Matrix2x2", "payoffs": [[[0,5],[8,0]],[[44,8],[55,51]]]},
"G667": {"type": "Matrix2x2", "payoffs": [[[45,50],[9,44]],[[13,0],[0,9]]]},
"G668": {"type": "Matrix2x2", "payoffs": [[[22,20],[0,0]],[[82,54],[7,7]]]},
"G669": {"type": "Matrix2x2", "payoffs": [[[22,26],[34,49]],[[0,34],[1,0]]]},
"G670": {"type": "Matrix2x2", "payoffs": [[[9,0],[0,50]],[[4,81],[10,98]]]},
"G671": {"type": "Matrix2x2", "payoffs": [[[15,41],[10,24]],[[0,17],[12,0]]]},
"G672": {"type": "Matrix2x2", "payoffs": [[[0,0],[25,20]],[[42,28],[38,6]]]},
"G673": {"type": "Matrix2x2", "payoffs": [[[8,0],[7,1]],[[86,32],[0,20]]]},
"G674": {"type": "Matrix2x2", "payoffs": [[[9,45],[21,99]],[[12,77],[0,0]]]},
"G675": {"type": "Matrix2x2", "payoffs": [[[33,89],[2,88]],[[18,0],[0,47]]]},
"G676": {"type": "Matrix2x2", "payoffs": [[[0,0],[10,30]],[[3,1],[8,12]]]},
"G677": {"type": "Matrix2x2", "payoffs": [[[21,53],[0,43]],[[44,0],[54,61]]]},
"G678": {"type": "Matrix2x2", "payoffs": [[[19,1],[82,4]],[[13,0],[0,2]]]},
"G679": {"type": "Matrix2x2", "payoffs": [[[99,21],[0,4]],[[2,0],[51,1]]]},
"G680": {"type": "Matrix2x2", "payoffs": [[[0,0],[2,7]],[[50,15],[22,9]]]},
"G681": {"type": "Matrix2x2", "payoffs": [[[4,97],[0,0]],[[29,85],[65,98]]]},
"G682": {"type": "Matrix2x2", "payoffs": [[[0,9],[94,24]],[[12,3],[92,0]]]},
"G683": {"type": "Matrix2x2", "payoffs": [[[8,61],[14,89]],[[10,80],[0,0]]]},
"G684": {"type": "Matrix2x2", "payoffs": [[[2,1],[0,0]],[[11,21],[9,15]]]},
"G685": {"type": "Matrix2x2", "payoffs": [[[22,0],[0,7]],[[5,3],[23,9]]]},
"G686": {"type": "Matrix2x2", "payoffs": [[[17,23],[0,0]],[[18,1],[34,74]]]},
"G687": {"type": "Matrix2x2", "payoffs": [[[97,55],[85,52]],[[0,0],[57,40]]]},
"G688": {"type": "Matrix2x2", "payoffs": [[[25,0],[61,14]],[[26,11],[0,8]]]},
"G689": {"type": "Matrix2x2", "payoffs": [[[38,21],[24,0]],[[43,46],[0,4]]]},
"G690": {"type": "Matrix2x2", "payoffs": [[[0,0],[7,75]],[[10,69],[44,88]]]},
"G691": {"type": "Matrix2x2", "payoffs": [[[2,8],[0,0]],[[26,11],[67,14]]]},
"G692": {"type": "Matrix2x2", "payoffs": [[[2,0],[0,1]],[[4,8],[3,3]]]},
"G693": {"type": "Matrix2x2", "payoffs": [[[10,0],[3,71]],[[11,87],[0,70]]]},
"G694": {"type": "Matrix2x2", "payoffs": [[[49,5],[52,0]],[[0,30],[67,78]]]},
"G695": {"type": "Matrix2x2", "payoffs": [[[16,37],[62,84]],[[14,0],[0,48]]]},
"G696": {"type": "Matrix2x2", "payoffs": [[[61,99],[25,95]],[[2,0],[0,28]]]},
"G697": {"type": "Matrix2x2", "payoffs": [[[83,0],[0,4]],[[84,15],[75,2]]]},
"G698": {"type": "Matrix2x2", "payoffs": [[[45,0],[55,21]],[[36,20],[0,12]]]},
"G699": {"type": "Matrix2x2", "payoffs": [[[0,6],[18,0]],[[21,59],[29,78]]]},
"G700": {"type": "Matrix2x2", "payoffs": [[[30,83],[35,15]],[[0,0],[48,87]]]},
"G701": {"type": "Matrix2x2", "payoffs": [[[25,58],[12,0]],[[16,2],[0,53]]]},
"G702": {"type": "Matrix2x2", "payoffs": [[[0,0],[47,80]],[[68,94],[23,81]]]},
"G703": {"type": "Matrix2x2", "payoffs": [[[18,0],[36,2]],[[70,8],[0,3]]]},
"G704": {"type": "Matrix2x2", "payoffs": [[[81,34],[48,32]],[[0,0],[87,37]]]},
"G705": {"type": "Matrix2x2", "payoffs": [[[74,25],[53,0]],[[54,4],[0,15]]]},
"G706": {"type": "Matrix2x2", "payoffs": [[[0,0],[82,66]],[[21,62],[10,21]]]},
"G707": {"type": "Matrix2x2", "payoffs": [[[74,5],[0,0]],[[7,4],[91,8]]]},
"G708": {"type": "Matrix2x2", "payoffs": [[[0,60],[29,92]],[[14,0],[26,47]]]},
"G709": {"type": "Matrix2x2", "payoffs": [[[20,5],[54,7]],[[16,3],[0,0]]]},
"G710": {"type": "Matrix2x2", "payoffs": [[[21,37],[25,0]],[[0,8],[30,85]]]},
"G711": {"type": "Matrix2x2", "payoffs": [[[12,0],[7,31]],[[51,46],[0,24]]]},
"G712": {"type": "Matrix2x2", "payoffs": [[[59,56],[34,35]],[[49,0],[0,2]]]},
"G713": {"type": "Matrix2x2", "payoffs": [[[17,38],[12,75]],[[86,88],[0,0]]]},
"G714": {"type": "Matrix2x2", "payoffs": [[[0,0],[5,21]],[[2,54],[7,99]]]},
"G715": {"type": "Matrix2x2", "payoffs": [[[5,68],[21,86]],[[12,37],[0,0]]]},
"G716": {"type": "Matrix2x2", "payoffs": [[[98,72],[15,71]],[[0,0],[44,30]]]},
"G717": {"type": "Matrix2x2", "payoffs": [[[13,35],[7,14]],[[0,0],[10,22]]]},
"G718": {"type": "Matrix2x2", "payoffs": [[[73,0],[13,10]],[[97,15],[0,4]]]},
"G719": {"type": "Matrix2x2", "payoffs": [[[0,67],[11,0]],[[67,96],[61,34]]]},
"G720": {"type": "Matrix2x2", "payoffs": [[[27,19],[38,87]],[[0,28],[16,0]]]},
"G721": {"type": "Matrix2x2", "payoffs": [[[48,30],[63,38]],[[73,41],[0,0]]]},
"G722": {"type": "Matrix2x2", "payoffs": [[[38,11],[25,0]],[[0,31],[87,32]]]},
"G723": {"type": "Matrix2x2", "payoffs": [[[0,28],[2,0]],[[14,64],[11,26]]]},
"G724": {"type": "Matrix2x2", "payoffs": [[[0,0],[56,5]],[[67,6],[34,1]]]},
"G725": {"type": "Matrix2x2", "payoffs": [[[1,2],[2,19]],[[9,26],[0,0]]]},
"G726": {"type": "Matrix2x2", "payoffs": [[[8,73],[0,0]],[[13,6],[50,84]]]},
"G727": {"type": "Matrix2x2", "payoffs": [[[0,20],[6,43]],[[2,0],[3,40]]]},
"G728": {"type": "Matrix2x2", "payoffs": [[[24,5],[0,1]],[[48,10],[35,0]]]},
"G729": {"type": "Matrix2x2", "payoffs": [[[89,52],[0,0]],[[6,11],[88,39]]]},
"G730": {"type": "Matrix2x2", "payoffs": [[[1,24],[9,33]],[[5,10],[0,0]]]},
"G731": {"type": "Matrix2x2", "payoffs": [[[66,32],[0,0]],[[36,29],[9,28]]]},
"G732": {"type": "Matrix2x2", "payoffs": [[[0,0],[61,6]],[[73,64],[39,5]]]},
"G733": {"type": "Matrix2x2", "payoffs": [[[66,0],[86,95]],[[37,60],[0,72]]]},
"G734": {"type": "Matrix2x2", "payoffs": [[[0,2],[24,0]],[[96,20],[44,13]]]},
"G735": {"type": "Matrix2x2", "payoffs": [[[26,32],[35,0]],[[0,13],[90,38]]]},
"G736": {"type": "Matrix2x2", "payoffs": [[[7,67],[22,0]],[[0,33],[37,69]]]},
"G737": {"type": "Matrix2x2", "payoffs": [[[86,21],[79,0]],[[0,20],[37,15]]]},
"G738": {"type": "Matrix2x2", "payoffs": [[[0,88],[37,0]],[[38,93],[3,92]]]},
"G739": {"type": "Matrix2x2", "payoffs": [[[0,6],[66,1]],[[72,0],[87,27]]]},
"G740": {"type": "Matrix2x2", "payoffs": [[[0,0],[61,17]],[[85,46],[70,1]]]},
"G741": {"type": "Matrix2x2", "payoffs": [[[33,2],[59,3]],[[41,0],[0,1]]]},
"G742": {"type": "Matrix2x2", "payoffs": [[[25,0],[30,7]],[[0,9],[61,11]]]},
"G743": {"type": "Matrix2x2", "payoffs": [[[69,31],[43,22]],[[0,0],[44,28]]]},
"G744": {"type": "Matrix2x2", "payoffs": [[[38,49],[27,24]],[[26,40],[0,0]]]},
"G745": {"type": "Matrix2x2", "payoffs": [[[13,0],[88,21]],[[0,15],[100,58]]]},
"G746": {"type": "Matrix2x2", "payoffs": [[[46,32],[53,26]],[[89,79],[0,0]]]},
"G747": {"type": "Matrix2x2", "payoffs": [[[0,44],[95,86]],[[6,38],[43,0]]]},
"G748": {"type": "Matrix2x2", "payoffs": [[[30,0],[0,61]],[[93,96],[39,81]]]},
"G749": {"type": "Matrix2x2", "payoffs": [[[0,0],[19,79]],[[10,57],[5,78]]]},
"G750": {"type": "Matrix2x2", "payoffs": [[[11,10],[55,27]],[[0,26],[20,0]]]},
"G751": {"type": "Matrix2x2", "payoffs": [[[9,60],[4,29]],[[12,90],[0,0]]]},
"G752": {"type": "Matrix2x2", "payoffs": [[[40,41],[0,13]],[[31,0],[32,23]]]},
"G753": {"type": "Matrix2x2", "payoffs": [[[4,0],[0,11]],[[18,22],[62,33]]]},
"G754": {"type": "Matrix2x2", "payoffs": [[[0,0],[98,39]],[[82,2],[100,44]]]},
"G755": {"type": "Matrix2x2", "payoffs": [[[77,18],[38,7]],[[2,15],[0,0]]]},
"G756": {"type": "Matrix2x2", "payoffs": [[[0,5],[16,8]],[[37,36],[30,0]]]},
"G757": {"type": "Matrix2x2", "payoffs": [[[55,100],[0,88]],[[20,47],[19,0]]]},
"G758": {"type": "Matrix2x2", "payoffs": [[[5,0],[0,8]],[[12,45],[1,27]]]},
"G759": {"type": "Matrix2x2", "payoffs": [[[9,0],[0,80]],[[25,97],[8,20]]]},
"G760": {"type": "Matrix2x2", "payoffs": [[[16,14],[91,33]],[[11,32],[0,0]]]},
"G761": {"type": "Matrix2x2", "payoffs": [[[97,45],[35,21]],[[0,0],[8,20]]]},
"G762": {"type": "Matrix2x2", "payoffs": [[[1,64],[9,83]],[[0,0],[7,76]]]},
"G763": {"type": "Matrix2x2", "payoffs": [[[11,18],[86,29]],[[0,27],[54,0]]]},
"G764": {"type": "Matrix2x2", "payoffs": [[[38,21],[12,9]],[[0,0],[71,52]]]},
"G765": {"type": "Matrix2x2", "payoffs": [[[52,8],[0,0]],[[64,19],[37,7]]]},
"G766": {"type": "Matrix2x2", "payoffs": [[[17,0],[29,31]],[[0,19],[22,25]]]},
"G767": {"type": "Matrix2x2", "payoffs": [[[0,9],[33,37]],[[17,22],[1,0]]]},
"G768": {"type": "Matrix2x2", "payoffs": [[[5,8],[0,77]],[[63,0],[91,82]]]},
"G769": {"type": "Matrix2x2", "payoffs": [[[0,48],[46,0]],[[51,74],[58,82]]]},
"G770": {"type": "Matrix2x2", "payoffs": [[[55,38],[0,0]],[[70,47],[16,16]]]},
"G771": {"type": "Matrix2x2", "payoffs": [[[0,0],[27,11]],[[23,3],[30,13]]]},
"G772": {"type": "Matrix2x2", "payoffs": [[[64,0],[31,43]],[[0,53],[72,63]]]},
"G773": {"type": "Matrix2x2", "payoffs": [[[92,54],[68,9]],[[0,0],[36,47]]]},
"G774": {"type": "Matrix2x2", "payoffs": [[[11,0],[54,73]],[[0,26],[22,1]]]},
"G775": {"type": "Matrix2x2", "payoffs": [[[43,7],[47,39]],[[0,24],[28,0]]]},
"G776": {"type": "Matrix2x2", "payoffs": [[[33,4],[3,11]],[[45,26],[0,0]]]},
"G777": {"type": "Matrix2x2", "payoffs": [[[0,26],[50,38]],[[3,0],[41,37]]]},
"G778": {"type": "Matrix2x2", "payoffs": [[[10,0],[25,3]],[[0,44],[45,55]]]},
"G779": {"type": "Matrix2x2", "payoffs": [[[83,98],[8,12]],[[0,19],[19,0]]]},
"G780": {"type": "Matrix2x2", "payoffs": [[[17,3],[93,0]],[[97,64],[0,8]]]},
"G781": {"type": "Matrix2x2", "payoffs": [[[10,0],[13,25]],[[9,12],[0,3]]]},
"G782": {"type": "Matrix2x2", "payoffs": [[[56,0],[0,4]],[[22,29],[99,33]]]},
"G783": {"type": "Matrix2x2", "payoffs": [[[0,45],[39,0]],[[41,48],[16,32]]]},
"G784": {"type": "Matrix2x2", "payoffs": [[[89,27],[24,0]],[[81,21],[0,8]]]},
"G785": {"type": "Matrix2x2", "payoffs": [[[1,0],[14,62]],[[0,28],[13,31]]]},
"G786": {"type": "Matrix2x2", "payoffs": [[[13,11],[4,29]],[[0,0],[22,65]]]},
"G787": {"type": "Matrix2x2", "payoffs": [[[5,13],[0,12]],[[16,0],[27,14]]]},
"G788": {"type": "Matrix2x2", "payoffs": [[[56,0],[0,17]],[[98,37],[54,10]]]},
"G789": {"type": "Matrix2x2", "payoffs": [[[0,0],[72,32]],[[19,28],[40,22]]]},
"G790": {"type": "Matrix2x2", "payoffs": [[[17,32],[27,34]],[[0,23],[12,0]]]},
"G791": {"type": "Matrix2x2", "payoffs": [[[0,1],[49,4]],[[94,9],[61,0]]]},
"G792": {"type": "Matrix2x2", "payoffs": [[[45,23],[0,21]],[[65,45],[44,0]]]},
"G793": {"type": "Matrix2x2", "payoffs": [[[3,6],[0,0]],[[61,20],[31,15]]]},
"G794": {"type": "Matrix2x2", "payoffs": [[[77,0],[50,26]],[[90,53],[0,19]]]},
"G795": {"type": "Matrix2x2", "payoffs": [[[16,68],[0,50]],[[2,43],[12,0]]]},
"G796": {"type": "Matrix2x2", "payoffs": [[[0,0],[28,3]],[[45,17],[42,13]]]},
"G797": {"type": "Matrix2x2", "payoffs": [[[31,41],[11,38]],[[3,0],[0,17]]]},
"G798": {"type": "Matrix2x2", "payoffs": [[[0,8],[65,5]],[[62,0],[75,12]]]},
"G799": {"type": "Matrix2x2", "payoffs": [[[0,18],[34,64]],[[13,16],[20,0]]]},
"G800": {"type": "Matrix2x2", "payoffs": [[[55,25],[85,35]],[[0,0],[8,12]]]},
"G801": {"type": "Matrix2x2", "payoffs": [[[3,7],[2,3]],[[0,6],[1,0]]]},
"G802": {"type": "Matrix2x2", "payoffs": [[[16,44],[2,35]],[[0,21],[1,0]]]},
"G803": {"type": "Matrix2x2", "payoffs": [[[50,0],[58,8]],[[59,21],[0,11]]]},
"G804": {"type": "Matrix2x2", "payoffs": [[[0,2],[90,7]],[[25,0],[80,3]]]},
"G805": {"type": "Matrix2x2", "payoffs": [[[21,15],[22,39]],[[3,0],[0,2]]]},
"G806": {"type": "Matrix2x2", "payoffs": [[[48,23],[16,0]],[[27,3],[0,8]]]},
"G807": {"type": "Matrix2x2", "payoffs": [[[4,0],[0,25]],[[44,26],[32,19]]]},
"G808": {"type": "Matrix2x2", "payoffs": [[[20,2],[61,8]],[[46,6],[0,0]]]},
"G809": {"type": "Matrix2x2", "payoffs": [[[36,46],[0,0]],[[57,94],[17,56]]]},
"G810": {"type": "Matrix2x2", "payoffs": [[[0,4],[81,13]],[[61,2],[15,0]]]},
"G811": {"type": "Matrix2x2", "payoffs": [[[10,56],[19,36]],[[25,93],[0,0]]]},
"G812": {"type": "Matrix2x2", "payoffs": [[[3,7],[2,3]],[[0,0],[16,16]]]},
"G813": {"type": "Matrix2x2", "payoffs": [[[65,77],[0,16]],[[50,0],[17,1]]]},
"G814": {"type": "Matrix2x2", "payoffs": [[[37,0],[34,9]],[[0,1],[58,13]]]},
"G815": {"type": "Matrix2x2", "payoffs": [[[14,76],[0,0]],[[20,51],[41,97]]]},
"G816": {"type": "Matrix2x2", "payoffs": [[[22,1],[50,0]],[[69,8],[0,3]]]},
"G817": {"type": "Matrix2x2", "payoffs": [[[80,18],[0,0]],[[29,4],[48,11]]]},
"G818": {"type": "Matrix2x2", "payoffs": [[[10,84],[8,82]],[[5,0],[0,72]]]},
"G819": {"type": "Matrix2x2", "payoffs": [[[15,9],[18,25]],[[26,64],[0,0]]]},
"G820": {"type": "Matrix2x2", "payoffs": [[[0,0],[21,39]],[[54,41],[8,19]]]},
"G821": {"type": "Matrix2x2", "payoffs": [[[0,48],[7,0]],[[100,95],[19,2]]]},
"G822": {"type": "Matrix2x2", "payoffs": [[[18,24],[58,37]],[[0,29],[7,0]]]},
"G823": {"type": "Matrix2x2", "payoffs": [[[10,2],[14,50]],[[0,49],[2,0]]]},
"G824": {"type": "Matrix2x2", "payoffs": [[[0,59],[21,21]],[[100,72],[50,0]]]},
"G825": {"type": "Matrix2x2", "payoffs": [[[2,3],[16,5]],[[74,15],[0,0]]]},
"G826": {"type": "Matrix2x2", "payoffs": [[[47,10],[90,25]],[[0,0],[8,11]]]},
"G827": {"type": "Matrix2x2", "payoffs": [[[9,35],[84,73]],[[61,0],[0,20]]]},
"G828": {"type": "Matrix2x2", "payoffs": [[[0,13],[31,0]],[[20,5],[54,42]]]},
"G829": {"type": "Matrix2x2", "payoffs": [[[40,2],[81,22]],[[60,8],[0,0]]]},
"G830": {"type": "Matrix2x2", "payoffs": [[[0,0],[2,5]],[[25,2],[32,6]]]},
"G831": {"type": "Matrix2x2", "payoffs": [[[48,75],[0,0]],[[33,12],[49,91]]]},
"G832": {"type": "Matrix2x2", "payoffs": [[[61,70],[77,85]],[[0,33],[28,0]]]},
"G833": {"type": "Matrix2x2", "payoffs": [[[11,0],[17,46]],[[73,96],[0,85]]]},
"G834": {"type": "Matrix2x2", "payoffs": [[[51,11],[0,0]],[[17,6],[24,5]]]},
"G835": {"type": "Matrix2x2", "payoffs": [[[46,32],[0,0]],[[14,27],[16,17]]]},
"G836": {"type": "Matrix2x2", "payoffs": [[[23,0],[87,44]],[[17,34],[0,13]]]},
"G837": {"type": "Matrix2x2", "payoffs": [[[67,28],[0,34]],[[73,51],[27,0]]]},
"G838": {"type": "Matrix2x2", "payoffs": [[[14,9],[15,0]],[[71,20],[0,2]]]},
"G839": {"type": "Matrix2x2", "payoffs": [[[25,80],[14,0]],[[0,90],[29,93]]]},
"G840": {"type": "Matrix2x2", "payoffs": [[[16,75],[20,91]],[[0,0],[11,37]]]},
"G841": {"type": "Matrix2x2", "payoffs": [[[69,32],[72,69]],[[30,0],[0,68]]]},
"G842": {"type": "Matrix2x2", "payoffs": [[[0,13],[83,31]],[[80,0],[93,47]]]},
"G843": {"type": "Matrix2x2", "payoffs": [[[0,48],[19,36]],[[35,49],[23,0]]]},
"G844": {"type": "Matrix2x2", "payoffs": [[[58,30],[13,9]],[[0,1],[42,0]]]},
"G845": {"type": "Matrix2x2", "payoffs": [[[19,5],[0,0]],[[11,33],[35,91]]]},
"G846": {"type": "Matrix2x2", "payoffs": [[[39,3],[42,30]],[[34,22],[0,0]]]},
"G847": {"type": "Matrix2x2", "payoffs": [[[0,11],[7,0]],[[21,60],[36,90]]]},
"G848": {"type": "Matrix2x2", "payoffs": [[[41,19],[0,8]],[[52,92],[16,0]]]},
"G849": {"type": "Matrix2x2", "payoffs": [[[55,0],[79,67]],[[4,52],[0,16]]]},
"G850": {"type": "Matrix2x2", "payoffs": [[[11,12],[0,0]],[[13,38],[14,69]]]},
"G851": {"type": "Matrix2x2", "payoffs": [[[43,51],[0,52]],[[91,58],[54,0]]]},
"G852": {"type": "Matrix2x2", "payoffs": [[[0,70],[17,84]],[[16,62],[8,0]]]},
"G853": {"type": "Matrix2x2", "payoffs": [[[2,2],[19,30]],[[6,0],[0,1]]]},
"G854": {"type": "Matrix2x2", "payoffs": [[[57,82],[0,0]],[[37,30],[36,58]]]},
"G855": {"type": "Matrix2x2", "payoffs": [[[8,7],[0,3]],[[79,17],[64,0]]]},
"G856": {"type": "Matrix2x2", "payoffs": [[[0,11],[9,34]],[[1,0],[12,89]]]},
"G857": {"type": "Matrix2x2", "payoffs": [[[0,0],[98,48]],[[82,3],[50,37]]]},
"G858": {"type": "Matrix2x2", "payoffs": [[[37,38],[0,3]],[[12,0],[14,31]]]},
"G859": {"type": "Matrix2x2", "payoffs": [[[14,3],[0,2]],[[13,0],[7,1]]]},
"G860": {"type": "Matrix2x2", "payoffs": [[[54,25],[61,75]],[[0,0],[21,17]]]},
"G861": {"type": "Matrix2x2", "payoffs": [[[50,41],[10,23]],[[44,39],[0,0]]]},
"G862": {"type": "Matrix2x2", "payoffs": [[[0,21],[51,95]],[[1,55],[23,0]]]},
"G863": {"type": "Matrix2x2", "payoffs": [[[67,61],[4,21]],[[0,0],[5,30]]]},
"G864": {"type": "Matrix2x2", "payoffs": [[[49,72],[0,0]],[[41,52],[11,15]]]},
"G865": {"type": "Matrix2x2", "payoffs": [[[15,20],[57,25]],[[49,8],[0,0]]]},
"G866": {"type": "Matrix2x2", "payoffs": [[[15,0],[93,74]],[[60,39],[0,69]]]},
"G867": {"type": "Matrix2x2", "payoffs": [[[60,25],[33,21]],[[0,0],[86,47]]]},
"G868": {"type": "Matrix2x2", "payoffs": [[[16,15],[0,38]],[[56,53],[18,0]]]},
"G869": {"type": "Matrix2x2", "payoffs": [[[0,0],[34,90]],[[29,85],[19,6]]]},
"G870": {"type": "Matrix2x2", "payoffs": [[[0,65],[54,16]],[[65,85],[24,0]]]},
"G871": {"type": "Matrix2x2", "payoffs": [[[34,0],[0,22]],[[25,6],[83,26]]]},
"G872": {"type": "Matrix2x2", "payoffs": [[[0,0],[75,20]],[[77,23],[85,47]]]},
"G873": {"type": "Matrix2x2", "payoffs": [[[0,35],[2,38]],[[3,47],[1,0]]]},
"G874": {"type": "Matrix2x2", "payoffs": [[[0,26],[74,58]],[[8,28],[12,0]]]},
"G875": {"type": "Matrix2x2", "payoffs": [[[11,1],[46,0]],[[70,37],[0,27]]]},
"G876": {"type": "Matrix2x2", "payoffs": [[[82,0],[3,14]],[[96,41],[0,9]]]},
"G877": {"type": "Matrix2x2", "payoffs": [[[25,34],[55,4]],[[0,0],[88,36]]]},
"G878": {"type": "Matrix2x2", "payoffs": [[[2,24],[3,70]],[[0,0],[1,21]]]},
"G879": {"type": "Matrix2x2", "payoffs": [[[62,75],[26,0]],[[0,46],[1,63]]]},
"G880": {"type": "Matrix2x2", "payoffs": [[[0,0],[2,24]],[[19,19],[44,49]]]},
"G881": {"type": "Matrix2x2", "payoffs": [[[25,0],[0,67]],[[35,92],[17,78]]]},
"G882": {"type": "Matrix2x2", "payoffs": [[[4,0],[0,1]],[[33,4],[91,5]]]},
"G883": {"type": "Matrix2x2", "payoffs": [[[2,10],[0,9]],[[10,0],[43,30]]]},
"G884": {"type": "Matrix2x2", "payoffs": [[[0,8],[36,39]],[[27,35],[8,0]]]},
"G885": {"type": "Matrix2x2", "payoffs": [[[70,65],[38,0]],[[0,25],[69,41]]]},
"G886": {"type": "Matrix2x2", "payoffs": [[[18,8],[21,63]],[[0,0],[13,61]]]},
"G887": {"type": "Matrix2x2", "payoffs": [[[16,0],[39,67]],[[64,71],[0,51]]]},
"G888": {"type": "Matrix2x2", "payoffs": [[[63,81],[0,0]],[[31,58],[3,56]]]},
"G889": {"type": "Matrix2x2", "payoffs": [[[8,0],[0,20]],[[19,79],[6,46]]]},
"G890": {"type": "Matrix2x2", "payoffs": [[[31,20],[81,36]],[[56,0],[0,11]]]},
"G891": {"type": "Matrix2x2", "payoffs": [[[1,0],[10,94]],[[0,38],[4,12]]]},
"G892": {"type": "Matrix2x2", "payoffs": [[[18,15],[0,4]],[[98,0],[99,45]]]},
"G893": {"type": "Matrix2x2", "payoffs": [[[60,15],[6,0]],[[85,50],[0,29]]]},
"G894": {"type": "Matrix2x2", "payoffs": [[[0,13],[3,26]],[[4,41],[1,0]]]},
"G895": {"type": "Matrix2x2", "payoffs": [[[9,0],[0,7]],[[16,36],[2,13]]]},
"G896": {"type": "Matrix2x2", "payoffs": [[[69,0],[0,16]],[[70,17],[41,5]]]},
"G897": {"type": "Matrix2x2", "payoffs": [[[11,0],[16,18]],[[37,89],[0,17]]]},
"G898": {"type": "Matrix2x2", "payoffs": [[[43,0],[70,44]],[[97,84],[0,15]]]},
"G899": {"type": "Matrix2x2", "payoffs": [[[0,0],[1,24]],[[5,6],[8,52]]]},
"G900": {"type": "Matrix2x2", "payoffs": [[[21,0],[24,21]],[[19,6],[0,12]]]},
"G901": {"type": "Matrix2x2", "payoffs": [[[63,0],[39,24]],[[75,28],[0,3]]]},
"G902": {"type": "Matrix2x2", "payoffs": [[[0,17],[44,55]],[[1,0],[7,45]]]},
"G903": {"type": "Matrix2x2", "payoffs": [[[28,0],[37,26]],[[7,14],[0,1]]]},
"G904": {"type": "Matrix2x2", "payoffs": [[[0,1],[20,22]],[[16,6],[7,0]]]},
"G905": {"type": "Matrix2x2", "payoffs": [[[93,11],[0,4]],[[19,8],[64,0]]]},
"G906": {"type": "Matrix2x2", "payoffs": [[[31,65],[4,0]],[[0,48],[58,68]]]},
"G907": {"type": "Matrix2x2", "payoffs": [[[13,44],[38,57]],[[0,54],[37,0]]]},
"G908": {"type": "Matrix2x2", "payoffs": [[[0,0],[3,5]],[[52,38],[12,9]]]},
"G909": {"type": "Matrix2x2", "payoffs": [[[40,9],[4,0]],[[96,11],[0,7]]]},
"G910": {"type": "Matrix2x2", "payoffs": [[[0,31],[16,60]],[[42,95],[9,0]]]},
"G911": {"type": "Matrix2x2", "payoffs": [[[0,20],[1,12]],[[22,23],[2,0]]]},
"G912": {"type": "Matrix2x2", "payoffs": [[[0,2],[20,0]],[[23,7],[34,14]]]},
"G913": {"type": "Matrix2x2", "payoffs": [[[17,6],[0,0]],[[46,24],[62,46]]]},
"G914": {"type": "Matrix2x2", "payoffs": [[[98,76],[71,67]],[[0,52],[29,0]]]},
"G915": {"type": "Matrix2x2", "payoffs": [[[72,5],[0,4]],[[51,1],[43,0]]]},
"G916": {"type": "Matrix2x2", "payoffs": [[[12,12],[39,49]],[[0,0],[65,82]]]},
"G917": {"type": "Matrix2x2", "payoffs": [[[50,71],[0,15]],[[83,84],[2,0]]]},
"G918": {"type": "Matrix2x2", "payoffs": [[[0,42],[38,0]],[[45,82],[43,1]]]},
"G919": {"type": "Matrix2x2", "payoffs": [[[28,80],[11,22]],[[0,0],[17,79]]]},
"G920": {"type": "Matrix2x2", "payoffs": [[[3,9],[4,0]],[[0,1],[14,10]]]},
"G921": {"type": "Matrix2x2", "payoffs": [[[0,60],[8,0]],[[10,15],[34,64]]]},
"G922": {"type": "Matrix2x2", "payoffs": [[[0,29],[23,58]],[[2,0],[22,47]]]},
"G923": {"type": "Matrix2x2", "payoffs": [[[42,52],[16,0]],[[10,50],[0,8]]]},
"G924": {"type": "Matrix2x2", "payoffs": [[[7,66],[0,51]],[[3,0],[6,8]]]},
"G925": {"type": "Matrix2x2", "payoffs": [[[84,70],[1,0]],[[48,56],[0,36]]]},
"G926": {"type": "Matrix2x2", "payoffs": [[[85,65],[41,1]],[[4,0],[0,22]]]},
"G927": {"type": "Matrix2x2", "payoffs": [[[42,7],[63,82]],[[15,0],[0,65]]]},
"G928": {"type": "Matrix2x2", "payoffs": [[[0,0],[55,19]],[[7,16],[20,11]]]},
"G929": {"type": "Matrix2x2", "payoffs": [[[29,5],[0,3]],[[43,6],[27,0]]]},
"G930": {"type": "Matrix2x2", "payoffs": [[[0,3],[72,10]],[[19,0],[42,1]]]},
"G931": {"type": "Matrix2x2", "payoffs": [[[2,24],[1,1]],[[0,0],[4,44]]]},
"G932": {"type": "Matrix2x2", "payoffs": [[[0,5],[6,14]],[[2,0],[7,19]]]},
"G933": {"type": "Matrix2x2", "payoffs": [[[55,65],[11,18]],[[13,2],[0,0]]]},
"G934": {"type": "Matrix2x2", "payoffs": [[[0,18],[31,58]],[[24,47],[18,0]]]},
"G935": {"type": "Matrix2x2", "payoffs": [[[99,19],[0,0]],[[69,15],[28,3]]]},
"G936": {"type": "Matrix2x2", "payoffs": [[[5,13],[0,56]],[[12,0],[18,65]]]},
"G937": {"type": "Matrix2x2", "payoffs": [[[29,8],[18,0]],[[4,4],[0,3]]]},
"G938": {"type": "Matrix2x2", "payoffs": [[[0,0],[28,10]],[[11,21],[29,25]]]},
"G939": {"type": "Matrix2x2", "payoffs": [[[12,22],[1,11]],[[6,0],[0,7]]]},
"G940": {"type": "Matrix2x2", "payoffs": [[[15,0],[9,64]],[[21,91],[0,48]]]},
"G941": {"type": "Matrix2x2", "payoffs": [[[21,19],[3,0]],[[0,7],[75,22]]]},
"G942": {"type": "Matrix2x2", "payoffs": [[[0,4],[80,10]],[[2,0],[82,12]]]},
"G943": {"type": "Matrix2x2", "payoffs": [[[24,4],[61,11]],[[15,6],[0,0]]]},
"G944": {"type": "Matrix2x2", "payoffs": [[[1,0],[0,15]],[[5,52],[9,99]]]},
"G945": {"type": "Matrix2x2", "payoffs": [[[14,0],[0,24]],[[25,64],[24,27]]]},
"G946": {"type": "Matrix2x2", "payoffs": [[[0,2],[19,22]],[[17,0],[7,1]]]},
"G947": {"type": "Matrix2x2", "payoffs": [[[87,42],[55,35]],[[0,18],[48,0]]]},
"G948": {"type": "Matrix2x2", "payoffs": [[[34,81],[7,0]],[[41,99],[0,95]]]},
"G949": {"type": "Matrix2x2", "payoffs": [[[47,0],[2,17]],[[0,82],[95,89]]]},
"G950": {"type": "Matrix2x2", "payoffs": [[[31,20],[50,21]],[[46,8],[0,0]]]},
"G951": {"type": "Matrix2x2", "payoffs": [[[0,0],[20,72]],[[11,11],[4,57]]]},
"G952": {"type": "Matrix2x2", "payoffs": [[[52,12],[74,66]],[[0,24],[44,0]]]},
"G953": {"type": "Matrix2x2", "payoffs": [[[0,53],[7,88]],[[2,0],[6,29]]]},
"G954": {"type": "Matrix2x2", "payoffs": [[[13,2],[0,0]],[[46,7],[18,4]]]},
"G955": {"type": "Matrix2x2", "payoffs": [[[7,0],[0,10]],[[11,5],[30,31]]]},
"G956": {"type": "Matrix2x2", "payoffs": [[[65,0],[96,50]],[[88,31],[0,27]]]},
"G957": {"type": "Matrix2x2", "payoffs": [[[70,13],[63,1]],[[0,0],[26,5]]]},
"G958": {"type": "Matrix2x2", "payoffs": [[[0,34],[1,13]],[[4,0],[9,41]]]},
"G959": {"type": "Matrix2x2", "payoffs": [[[67,0],[6,8]],[[0,14],[85,25]]]},
"G960": {"type": "Matrix2x2", "payoffs": [[[0,41],[70,52]],[[31,0],[3,33]]]},
"G961": {"type": "Matrix2x2", "payoffs": [[[2,5],[6,47]],[[4,0],[0,39]]]},
"G962": {"type": "Matrix2x2", "payoffs": [[[0,24],[65,60]],[[10,0],[32,42]]]},
"G963": {"type": "Matrix2x2", "payoffs": [[[29,25],[77,69]],[[14,0],[0,18]]]},
"G964": {"type": "Matrix2x2", "payoffs": [[[21,61],[0,38]],[[69,89],[55,0]]]},
"G965": {"type": "Matrix2x2", "payoffs": [[[17,3],[14,10]],[[24,48],[0,0]]]},
"G966": {"type": "Matrix2x2", "payoffs": [[[0,25],[71,50]],[[17,0],[72,64]]]},
"G967": {"type": "Matrix2x2", "payoffs": [[[0,0],[10,3]],[[5,9],[14,11]]]},
"G968": {"type": "Matrix2x2", "payoffs": [[[12,2],[0,3]],[[65,0],[67,7]]]},
"G969": {"type": "Matrix2x2", "payoffs": [[[6,0],[0,31]],[[4,29],[9,72]]]},
"G970": {"type": "Matrix2x2", "payoffs": [[[22,88],[12,26]],[[0,0],[13,22]]]},
"G971": {"type": "Matrix2x2", "payoffs": [[[32,6],[0,9]],[[36,12],[17,0]]]},
"G972": {"type": "Matrix2x2", "payoffs": [[[47,67],[3,15]],[[0,25],[14,0]]]},
"G973": {"type": "Matrix2x2", "payoffs": [[[0,18],[87,38]],[[48,0],[5,13]]]},
"G974": {"type": "Matrix2x2", "payoffs": [[[92,60],[60,0]],[[11,23],[0,52]]]},
"G975": {"type": "Matrix2x2", "payoffs": [[[94,60],[0,0]],[[93,59],[6,43]]]},
"G976": {"type": "Matrix2x2", "payoffs": [[[46,22],[17,0]],[[35,16],[0,5]]]},
"G977": {"type": "Matrix2x2", "payoffs": [[[32,14],[1,0]],[[6,7],[0,5]]]},
"G978": {"type": "Matrix2x2", "payoffs": [[[19,0],[53,12]],[[82,96],[0,87]]]},
"G979": {"type": "Matrix2x2", "payoffs": [[[0,61],[27,66]],[[21,64],[3,0]]]},
"G980": {"type": "Matrix2x2", "payoffs": [[[72,19],[0,14]],[[1,0],[69,9]]]},
"G981": {"type": "Matrix2x2", "payoffs": [[[64,92],[0,7]],[[41,51],[23,0]]]},
"G982": {"type": "Matrix2x2", "payoffs": [[[0,1],[7,0]],[[6,15],[9,22]]]},
"G983": {"type": "Matrix2x2", "payoffs": [[[64,0],[58,36]],[[65,41],[0,31]]]},
"G984": {"type": "Matrix2x2", "payoffs": [[[11,45],[6,17]],[[3,18],[0,0]]]},
"G985": {"type": "Matrix2x2", "payoffs": [[[25,0],[57,45]],[[52,35],[0,20]]]},
"G986": {"type": "Matrix2x2", "payoffs": [[[85,52],[0,38]],[[97,58],[3,0]]]},
"G987": {"type": "Matrix2x2", "payoffs": [[[23,67],[2,65]],[[5,0],[0,2]]]},
"G988": {"type": "Matrix2x2", "payoffs": [[[0,0],[27,14]],[[42,5],[51,23]]]},
"G989": {"type": "Matrix2x2", "payoffs": [[[0,0],[3,11]],[[5,67],[2,28]]]},
"G990": {"type": "Matrix2x2", "payoffs": [[[0,8],[54,0]],[[19,43],[74,53]]]},
"G991": {"type": "Matrix2x2", "payoffs": [[[13,26],[0,11]],[[34,51],[9,0]]]},
"G992": {"type": "Matrix2x2", "payoffs": [[[3,3],[5,27]],[[1,0],[0,13]]]},
"G993": {"type": "Matrix2x2", "payoffs": [[[0,5],[9,60]],[[5,0],[6,50]]]},
"G994": {"type": "Matrix2x2", "payoffs": [[[9,31],[0,0]],[[56,32],[73,37]]]},
"G995": {"type": "Matrix2x2", "payoffs": [[[0,6],[71,14]],[[4,0],[7,11]]]},
"G996": {"type": "Matrix2x2", "payoffs": [[[34,59],[0,0]],[[9,56],[2,55]]]},
"G997": {"type": "Matrix2x2", "payoffs": [[[0,0],[71,92]],[[32,40],[5,49]]]},
"G998": {"type": "Matrix2x2", "payoffs": [[[2,51],[6,83]],[[4,0],[0,81]]]},
"G999": {"type": "Matrix2x2", "payoffs": [[[11,31],[23,94]],[[22,0],[0,52]]]},
"G1000": {"type": "Matrix2x2", "payoffs": [[[63,6],[74,14]],[[0,0],[22,13]]]}
}