{
"numGames": 100,
"G1": {"type": "Matrix2x2", "payoffs": [[[3,0],[0,13]],[[5,97],[2,59]]]},
"G2": {"type": "Matrix2x2", "payoffs": [[[16,0],[43,73]],[[42,68],[0,55]]]},
"G3": {"type": "Matrix2x2", "payoffs": [[[0,43],[43,10]],[[15,0],[62,65]]]},
"G4": {"type": "Matrix2x2", "payoffs": [[[0,0],[88,52]],[[57,28],[97,77]]]},
"G5": {"type": "Matrix2x2", "payoffs": [[[45,18],[0,0]],[[49,90],[41,89]]]},
"G6": {"type": "Matrix2x2", "payoffs": [[[84,26],[93,62]],[[78,0],[0,2]]]},
"G7": {"type": "Matrix2x2", "payoffs": [[[24,0],[93,47]],[[0,16],[54,37]]]},
"G8": {"type": "Matrix2x2", "payoffs": [[[6,4],[11,26]],[[0,0],[17,39]]]},
"G9": {"type": "Matrix2x2", "payoffs": [[[0,39],[49,80]],[[12,0],[28,54]]]},
"G10": {"type": "Matrix2x2", "payoffs": [[[14,16],[29,0]],[[91,50],[0,5]]]},
"G11": {"type": "Matrix2x2", "payoffs": [[[0,16],[57,0]],[[74,18],[17,5]]]},
"G12": {"type": "Matrix2x2", "payoffs": [[[17,0],[10,60]],[[0,1],[52,92]]]},
"G13": {"type": "Matrix2x2", "payoffs": [[[91,74],[0,0]],[[57,58],[63,56]]]},
"G14": {"type": "Matrix2x2", "payoffs": [[[66,20],[52,0]],[[15,12],[0,15]]]},
"G15": {"type": "Matrix2x2", "payoffs": [[[17,35],[8,0]],[[0,24],[23,86]]]},
"G16": {"type": "Matrix2x2", "payoffs": [[[14,0],[0,3]],[[72,28],[100,40]]]},
"G17": {"type": "Matrix2x2", "payoffs": [[[32,0],[10,2]],[[34,5],[0,1]]]},
"G18": {"type": "Matrix2x2", "payoffs": [[[50,81],[12,0]],[[0,23],[25,45]]]},
"G19": {"type": "Matrix2x2", "payoffs": [[[44,4],[71,6]],[[0,2],[59,0]]]},
"G20": {"type": "Matrix2x2", "payoffs": [[[0,11],[53,0]],[[67,38],[94,55]]]},
"G21": {"type": "Matrix2x2", "payoffs": [[[0,59],[4,0]],[[57,8],[83,66]]]},
"G22": {"type": "Matrix2x2", "payoffs": [[[42,45],[3,18]],[[0,1],[22,0]]]},
"G23": {"type": "Matrix2x2", "payoffs": [[[49,9],[71,10]],[[0,0],[97,95]]]},
"G24": {"type": "Matrix2x2", "payoffs": [[[13,0],[15,24]],[[4,3],[0,4]]]},
"G25": {"type": "Matrix2x2", "payoffs": [[[75,40],[38,0]],[[37,11],[0,3]]]},
"G26": {"type": "Matrix2x2", "payoffs": [[[33,0],[0,10]],[[75,24],[79,28]]]},
"G27": {"type": "Matrix2x2", "payoffs": [[[23,43],[0,38]],[[20,0],[31,54]]]},
"G28": {"type": "Matrix2x2", "payoffs": [[[51,0],[0,33]],[[74,59],[40,43]]]},
"G29": {"type": "Matrix2x2", "payoffs": [[[97,78],[87,0]],[[0,42],[82,72]]]},
"G30": {"type": "Matrix2x2", "payoffs": [[[0,5],[9,0]],[[5,10],[13,17]]]},
"G31": {"type": "Matrix2x2", "payoffs": [[[10,11],[0,0]],[[3,8],[7,1]]]},
"G32": {"type": "Matrix2x2", "payoffs": [[[15,36],[0,0]],[[11,23],[35,45]]]},
"G33": {"type": "Matrix2x2", "payoffs": [[[23,56],[86,84]],[[63,60],[0,0]]]},
"G34": {"type": "Matrix2x2", "payoffs": [[[20,58],[65,72]],[[48,0],[0,70]]]},
"G35": {"type": "Matrix2x2", "payoffs": [[[58,95],[56,0]],[[0,35],[37,65]]]},
"G36": {"type": "Matrix2x2", "payoffs": [[[9,21],[43,18]],[[68,50],[0,0]]]},
"G37": {"type": "Matrix2x2", "payoffs": [[[10,14],[0,15]],[[1,0],[13,18]]]},
"G38": {"type": "Matrix2x2", "payoffs": [[[0,30],[20,32]],[[9,0],[5,20]]]},
"G39": {"type": "Matrix2x2", "payoffs": [[[6,15],[5,2]],[[0,9],[3,0]]]},
"G40": {"type": "Matrix2x2", "payoffs": [[[48,74],[6,0]],[[41,49],[0,71]]]},
"G41": {"type": "Matrix2x2", "payoffs": [[[0,52],[9,0]],[[10,96],[2,20]]]},
"G42": {"type": "Matrix2x2", "payoffs": [[[60,45],[36,18]],[[33,14],[0,0]]]},
"G43": {"type": "Matrix2x2", "payoffs": [[[54,1],[26,43]],[[63,73],[0,0]]]},
"G44": {"type": "Matrix2x2", "payoffs": [[[14,17],[67,93]],[[57,76],[0,0]]]},
"G45": {"type": "Matrix2x2", "payoffs": [[[0,0],[60,19]],[[8,6],[12,5]]]},
"G46": {"type": "Matrix2x2", "payoffs": [[[26,36],[28,48]],[[20,0],[0,47]]]},
"G47": {"type": "Matrix2x2", "payoffs": [[[59,0],[84,13]],[[0,10],[80,1]]]},
"G48": {"type": "Matrix2x2", "payoffs": [[[19,63],[21,0]],[[28,99],[0,33]]]},
"G49": {"type": "Matrix2x2", "payoffs": [[[0,12],[41,67]],[[19,0],[71,91]]]},
"G50": {"type": "Matrix2x2", "payoffs": [[[4,0],[0,3]],[[3,9],[7,45]]]},
"G51": {"type": "Matrix2x2", "payoffs": [[[11,0],[20,88]],[[0,20],[18,11]]]},
"G52": {"type": "Matrix2x2", "payoffs": [[[13,20],[0,0]],[[39,94],[4,63]]]},
"G53": {"type": "Matrix2x2", "payoffs": [[[26,4],[65,6]],[[54,3],[0,0]]]},
"G54": {"type": "Matrix2x2", "payoffs": [[[30,85],[21,0]],[[18,44],[0,3]]]},
"G55": {"type": "Matrix2x2", "payoffs": [[[6,42],[0,22]],[[9,62],[4,0]]]},
"G56": {"type": "Matrix2x2", "payoffs": [[[26,0],[2,31]],[[30,46],[0,20]]]},
"G57": {"type": "Matrix2x2", "payoffs": [[[63,98],[24,61]],[[0,25],[2,0]]]},
"G58": {"type": "Matrix2x2", "payoffs": [[[66,14],[48,5]],[[0,0],[85,15]]]},
"G59": {"type": "Matrix2x2", "payoffs": [[[4,2],[23,0]],[[52,10],[0,9]]]},
"G60": {"type": "Matrix2x2", "payoffs": [[[7,72],[5,39]],[[3,0],[0,60]]]},
"G61": {"type": "Matrix2x2", "payoffs": [[[55,92],[10,18]],[[47,41],[0,0]]]},
"G62": {"type": "Matrix2x2", "payoffs": [[[97,57],[70,8]],[[94,41],[0,0]]]},
"G63": {"type": "Matrix2x2", "payoffs": [[[38,5],[6,0]],[[0,10],[42,23]]]},
"G64": {"type": "Matrix2x2", "payoffs": [[[0,0],[12,18]],[[58,99],[42,67]]]},
"G65": {"type": "Matrix2x2", "payoffs": [[[0,0],[9,53]],[[41,93],[35,46]]]},
"G66": {"type": "Matrix2x2", "payoffs": [[[8,0],[10,92]],[[0,80],[7,20]]]},
"G67": {"type": "Matrix2x2", "payoffs": [[[46,5],[47,15]],[[25,8],[0,0]]]},
"G68": {"type": "Matrix2x2", "payoffs": [[[14,32],[0,31]],[[18,0],[22,55]]]},
"G69": {"type": "Matrix2x2", "payoffs": [[[38,11],[35,0]],[[90,25],[0,14]]]},
"G70": {"type": "Matrix2x2", "payoffs": [[[52,11],[65,41]],[[0,0],[48,23]]]},
"G71": {"type": "Matrix2x2", "payoffs": [[[16,0],[0,9]],[[8,4],[29,17]]]},
"G72": {"type": "Matrix2x2", "payoffs": [[[4,68],[2,6]],[[0,31],[3,0]]]},
"G73": {"type": "Matrix2x2", "payoffs": [[[16,85],[0,0]],[[8,73],[2,17]]]},
"G74": {"type": "Matrix2x2", "payoffs": [[[37,62],[10,0]],[[0,2],[36,21]]]},
"G75": {"type": "Matrix2x2", "payoffs": [[[14,0],[2,7]],[[26,80],[0,62]]]},
"G76": {"type": "Matrix2x2", "payoffs": [[[28,0],[0,62]],[[3,32],[53,70]]]},
"G77": {"type": "Matrix2x2", "payoffs": [[[0,12],[94,29]],[[24,11],[19,0]]]},
"G78": {"type": "Matrix2x2", "payoffs": [[[22,0],[37,18]],[[15,11],[0,6]]]},
"G79": {"type": "Matrix2x2", "payoffs": [[[5,0],[0,19]],[[12,75],[55,98]]]},
"G80": {"type": "Matrix2x2", "payoffs": [[[12,6],[0,0]],[[4,5],[1,2]]]},
"G81": {"type": "Matrix2x2", "payoffs": [[[15,46],[19,0]],[[67,79],[0,56]]]},
"G82": {"type": "Matrix2x2", "payoffs": [[[40,83],[0,25]],[[32,46],[13,0]]]},
"G83": {"type": "Matrix2x2", "payoffs": [[[33,23],[0,18]],[[46,55],[15,0]]]},
"G84": {"type": "Matrix2x2", "payoffs": [[[87,67],[0,56]],[[82,43],[78,0]]]},
"G85": {"type": "Matrix2x2", "payoffs": [[[17,81],[0,0]],[[29,30],[95,90]]]},
"G86": {"type": "Matrix2x2", "payoffs": [[[7,38],[25,39]],[[23,17],[0,0]]]},
"G87": {"type": "Matrix2x2", "payoffs": [[[91,7],[58,3]],[[0,6],[69,0]]]},
"G88": {"type": "Matrix2x2", "payoffs": [[[69,31],[0,1]],[[50,0],[76,68]]]},
"G89": {"type": "Matrix2x2", "payoffs": [[[11,57],[2,0]],[[0,35],[12,74]]]},
"G90": {"type": "Matrix2x2", "payoffs": [[[96,59],[60,58]],[[76,0],[0,41]]]},
"G91": {"type": "Matrix2x2", "payoffs": [[[17,2],[43,8]],[[0,6],[34,0]]]},
"G92": {"type": "Matrix2x2", "payoffs": [[[13,20],[23,0]],[[0,11],[28,43]]]},
"G93": {"type": "Matrix2x2", "payoffs": [[[0,21],[52,39]],[[50,0],[45,28]]]},
"G94": {"type": "Matrix2x2", "payoffs": [[[0,14],[12,80]],[[43,98],[24,0]]]},
"G95": {"type": "Matrix2x2", "payoffs": [[[44,49],[35,31]],[[0,5],[40,0]]]},
"G96": {"type": "Matrix2x2", "payoffs": [[[0,5],[68,0]],[[78,39],[14,22]]]},
"G97": {"type": "Matrix2x2", "payoffs": [[[0,0],[96,91]],[[87,21],[20,22]]]},
"G98": {"type": "Matrix2x2", "payoffs": [[[72,15],[0,0]],[[82,97],[15,74]]]},
"G99": {"type": "Matrix2x2", "payoffs": [[[51,0],[0,9]],[[56,28],[39,25]]]},
"G100": {"type": "Matrix2x2", "payoffs": [[[2,0],[0,11]],[[80,16],[89,30]]]}
}