{
"numGames": 1000,
"G1": {"type": "Matrix2x2", "payoffs": [[[55,65],[53,31]],[[62,100],[0,0]]]},
"G2": {"type": "Matrix2x2", "payoffs": [[[58,0],[65,7]],[[0,17],[78,50]]]},
"G3": {"type": "Matrix2x2", "payoffs": [[[9,58],[79,0]],[[0,42],[89,99]]]},
"G4": {"type": "Matrix2x2", "payoffs": [[[0,27],[9,0]],[[1,8],[26,29]]]},
"G5": {"type": "Matrix2x2", "payoffs": [[[21,13],[31,19]],[[0,0],[6,12]]]},
"G6": {"type": "Matrix2x2", "payoffs": [[[60,0],[9,15]],[[0,46],[88,64]]]},
"G7": {"type": "Matrix2x2", "payoffs": [[[0,0],[2,29]],[[8,97],[7,37]]]},
"G8": {"type": "Matrix2x2", "payoffs": [[[27,20],[16,35]],[[32,43],[0,0]]]},
"G9": {"type": "Matrix2x2", "payoffs": [[[13,55],[44,81]],[[6,42],[0,0]]]},
"G10": {"type": "Matrix2x2", "payoffs": [[[21,0],[53,19]],[[13,18],[0,1]]]},
"G11": {"type": "Matrix2x2", "payoffs": [[[51,60],[2,0]],[[27,52],[0,12]]]},
"G12": {"type": "Matrix2x2", "payoffs": [[[100,13],[0,10]],[[29,9],[19,0]]]},
"G13": {"type": "Matrix2x2", "payoffs": [[[88,61],[61,0]],[[0,46],[76,33]]]},
"G14": {"type": "Matrix2x2", "payoffs": [[[18,17],[0,10]],[[4,0],[21,59]]]},
"G15": {"type": "Matrix2x2", "payoffs": [[[0,9],[9,0]],[[3,6],[11,32]]]},
"G16": {"type": "Matrix2x2", "payoffs": [[[66,72],[0,24]],[[34,59],[14,0]]]},
"G17": {"type": "Matrix2x2", "payoffs": [[[32,14],[42,49]],[[0,0],[14,27]]]},
"G18": {"type": "Matrix2x2", "payoffs": [[[20,26],[0,4]],[[7,12],[9,0]]]},
"G19": {"type": "Matrix2x2", "payoffs": [[[1,0],[6,48]],[[0,22],[3,9]]]},
"G20": {"type": "Matrix2x2", "payoffs": [[[0,0],[29,38]],[[86,47],[47,46]]]},
"G21": {"type": "Matrix2x2", "payoffs": [[[10,0],[34,94]],[[0,5],[20,6]]]},
"G22": {"type": "Matrix2x2", "payoffs": [[[89,48],[0,17]],[[65,27],[37,0]]]},
"G23": {"type": "Matrix2x2", "payoffs": [[[0,16],[84,28]],[[82,0],[22,24]]]},
"G24": {"type": "Matrix2x2", "payoffs": [[[17,44],[5,0]],[[18,63],[0,25]]]},
"G25": {"type": "Matrix2x2", "payoffs": [[[50,80],[45,55]],[[0,11],[25,0]]]},
"G26": {"type": "Matrix2x2", "payoffs": [[[15,21],[0,92]],[[6,0],[25,99]]]},
"G27": {"type": "Matrix2x2", "payoffs": [[[55,5],[45,0]],[[0,18],[67,24]]]},
"G28": {"type": "Matrix2x2", "payoffs": [[[7,9],[0,0]],[[8,61],[9,93]]]},
"G29": {"type": "Matrix2x2", "payoffs": [[[9,33],[0,0]],[[5,4],[15,34]]]},
"G30": {"type": "Matrix2x2", "payoffs": [[[0,0],[11,53]],[[22,57],[27,100]]]},
"G31": {"type": "Matrix2x2", "payoffs": [[[0,32],[4,0]],[[18,82],[9,37]]]},
"G32": {"type": "Matrix2x2", "payoffs": [[[0,23],[16,31]],[[40,42],[22,0]]]},
"G33": {"type": "Matrix2x2", "payoffs": [[[2,0],[3,15]],[[4,79],[0,52]]]},
"G34": {"type": "Matrix2x2", "payoffs": [[[11,0],[0,36]],[[2,3],[12,70]]]},
"G35": {"type": "Matrix2x2", "payoffs": [[[19,0],[22,17]],[[28,32],[0,18]]]},
"G36": {"type": "Matrix2x2", "payoffs": [[[34,37],[0,23]],[[15,0],[27,14]]]},
"G37": {"type": "Matrix2x2", "payoffs": [[[9,18],[22,32]],[[36,51],[0,0]]]},
"G38": {"type": "Matrix2x2", "payoffs": [[[44,56],[40,0]],[[69,93],[0,2]]]},
"G39": {"type": "Matrix2x2", "payoffs": [[[10,0],[51,73]],[[14,32],[0,47]]]},
"G40": {"type": "Matrix2x2", "payoffs": [[[62,4],[0,2]],[[80,6],[71,0]]]},
"G41": {"type": "Matrix2x2", "payoffs": [[[13,67],[14,69]],[[1,43],[0,0]]]},
"G42": {"type": "Matrix2x2", "payoffs": [[[62,8],[32,10]],[[96,38],[0,0]]]},
"G43": {"type": "Matrix2x2", "payoffs": [[[9,0],[17,27]],[[0,7],[30,83]]]},
"G44": {"type": "Matrix2x2", "payoffs": [[[36,30],[0,20]],[[20,0],[15,2]]]},
"G45": {"type": "Matrix2x2", "payoffs": [[[37,20],[0,0]],[[1,4],[3,7]]]},
"G46": {"type": "Matrix2x2", "payoffs": [[[1,0],[0,9]],[[41,15],[9,12]]]},
"G47": {"type": "Matrix2x2", "payoffs": [[[5,45],[11,70]],[[0,46],[6,0]]]},
"G48": {"type": "Matrix2x2", "payoffs": [[[67,40],[75,79]],[[24,0],[0,71]]]},
"G49": {"type": "Matrix2x2", "payoffs": [[[2,0],[4,98]],[[1,39],[0,19]]]},
"G50": {"type": "Matrix2x2", "payoffs": [[[0,7],[21,11]],[[18,6],[6,0]]]},
"G51": {"type": "Matrix2x2", "payoffs": [[[13,28],[0,21]],[[14,44],[10,0]]]},
"G52": {"type": "Matrix2x2", "payoffs": [[[0,5],[10,18]],[[62,88],[45,0]]]},
"G53": {"type": "Matrix2x2", "payoffs": [[[34,85],[10,0]],[[16,7],[0,65]]]},
"G54": {"type": "Matrix2x2", "payoffs": [[[32,38],[44,44]],[[14,13],[0,0]]]},
"G55": {"type": "Matrix2x2", "payoffs": [[[0,8],[62,2]],[[31,0],[63,9]]]},
"G56": {"type": "Matrix2x2", "payoffs": [[[72,30],[14,13]],[[6,0],[0,4]]]},
"G57": {"type": "Matrix2x2", "payoffs": [[[0,23],[42,93]],[[16,76],[33,0]]]},
"G58": {"type": "Matrix2x2", "payoffs": [[[78,45],[49,28]],[[0,0],[44,27]]]},
"G59": {"type": "Matrix2x2", "payoffs": [[[2,0],[0,74]],[[3,75],[1,43]]]},
"G60": {"type": "Matrix2x2", "payoffs": [[[35,48],[10,9]],[[1,0],[0,40]]]},
"G61": {"type": "Matrix2x2", "payoffs": [[[43,97],[0,15]],[[11,0],[20,80]]]},
"G62": {"type": "Matrix2x2", "payoffs": [[[1,22],[0,0]],[[7,41],[22,92]]]},
"G63": {"type": "Matrix2x2", "payoffs": [[[0,39],[10,4]],[[59,69],[38,0]]]},
"G64": {"type": "Matrix2x2", "payoffs": [[[0,0],[59,5]],[[23,7],[77,8]]]},
"G65": {"type": "Matrix2x2", "payoffs": [[[46,0],[92,75]],[[0,31],[62,17]]]},
"G66": {"type": "Matrix2x2", "payoffs": [[[1,0],[0,23]],[[11,54],[4,51]]]},
"G67": {"type": "Matrix2x2", "payoffs": [[[2,40],[5,62]],[[1,30],[0,0]]]},
"G68": {"type": "Matrix2x2", "payoffs": [[[16,0],[17,6]],[[0,5],[12,2]]]},
"G69": {"type": "Matrix2x2", "payoffs": [[[0,22],[21,0]],[[35,55],[27,52]]]},
"G70": {"type": "Matrix2x2", "payoffs": [[[0,0],[27,20]],[[33,61],[22,49]]]},
"G71": {"type": "Matrix2x2", "payoffs": [[[8,0],[9,71]],[[0,18],[7,17]]]},
"G72": {"type": "Matrix2x2", "payoffs": [[[80,52],[32,0]],[[42,47],[0,34]]]},
"G73": {"type": "Matrix2x2", "payoffs": [[[59,0],[34,38]],[[0,32],[70,65]]]},
"G74": {"type": "Matrix2x2", "payoffs": [[[40,64],[29,0]],[[19,31],[0,38]]]},
"G75": {"type": "Matrix2x2", "payoffs": [[[41,83],[2,0]],[[0,68],[31,54]]]},
"G76": {"type": "Matrix2x2", "payoffs": [[[98,58],[0,4]],[[22,0],[12,47]]]},
"G77": {"type": "Matrix2x2", "payoffs": [[[0,0],[17,6]],[[46,14],[3,3]]]},
"G78": {"type": "Matrix2x2", "payoffs": [[[65,61],[26,48]],[[0,0],[67,79]]]},
"G79": {"type": "Matrix2x2", "payoffs": [[[0,18],[42,31]],[[35,2],[12,0]]]},
"G80": {"type": "Matrix2x2", "payoffs": [[[33,0],[0,30]],[[48,50],[45,7]]]},
"G81": {"type": "Matrix2x2", "payoffs": [[[59,0],[0,3]],[[63,7],[60,4]]]},
"G82": {"type": "Matrix2x2", "payoffs": [[[86,78],[64,18]],[[50,0],[0,6]]]},
"G83": {"type": "Matrix2x2", "payoffs": [[[0,4],[35,0]],[[42,44],[21,40]]]},
"G84": {"type": "Matrix2x2", "payoffs": [[[11,81],[24,0]],[[35,84],[0,18]]]},
"G85": {"type": "Matrix2x2", "payoffs": [[[2,5],[29,9]],[[0,0],[17,7]]]},
"G86": {"type": "Matrix2x2", "payoffs": [[[52,71],[28,0]],[[4,8],[0,69]]]},
"G87": {"type": "Matrix2x2", "payoffs": [[[4,47],[3,3]],[[6,57],[0,0]]]},
"G88": {"type": "Matrix2x2", "payoffs": [[[91,98],[52,0]],[[0,42],[59,59]]]},
"G89": {"type": "Matrix2x2", "payoffs": [[[2,0],[3,41]],[[4,74],[0,72]]]},
"G90": {"type": "Matrix2x2", "payoffs": [[[13,0],[16,16]],[[0,21],[18,47]]]},
"G91": {"type": "Matrix2x2", "payoffs": [[[0,92],[14,98]],[[6,39],[5,0]]]},
"G92": {"type": "Matrix2x2", "payoffs": [[[0,2],[27,3]],[[25,0],[12,1]]]},
"G93": {"type": "Matrix2x2", "payoffs": [[[0,0],[29,83]],[[7,34],[23,7]]]},
"G94": {"type": "Matrix2x2", "payoffs": [[[45,56],[0,75]],[[65,94],[49,0]]]},
"G95": {"type": "Matrix2x2", "payoffs": [[[29,6],[40,51]],[[39,0],[0,29]]]},
"G96": {"type": "Matrix2x2", "payoffs": [[[0,5],[38,0]],[[89,35],[80,1]]]},
"G97": {"type": "Matrix2x2", "payoffs": [[[8,11],[72,20]],[[0,0],[94,50]]]},
"G98": {"type": "Matrix2x2", "payoffs": [[[9,12],[55,20]],[[19,0],[0,9]]]},
"G99": {"type": "Matrix2x2", "payoffs": [[[6,11],[11,0]],[[0,20],[18,26]]]},
"G100": {"type": "Matrix2x2", "payoffs": [[[12,29],[56,76]],[[0,45],[44,0]]]},
"G101": {"type": "Matrix2x2", "payoffs": [[[9,0],[37,66]],[[0,50],[21,64]]]},
"G102": {"type": "Matrix2x2", "payoffs": [[[25,82],[0,96]],[[1,0],[65,100]]]},
"G103": {"type": "Matrix2x2", "payoffs": [[[27,9],[22,0]],[[0,5],[18,4]]]},
"G104": {"type": "Matrix2x2", "payoffs": [[[0,0],[70,54]],[[95,78],[77,77]]]},
"G105": {"type": "Matrix2x2", "payoffs": [[[40,27],[0,0]],[[24,47],[50,79]]]},
"G106": {"type": "Matrix2x2", "payoffs": [[[58,0],[87,23]],[[77,8],[0,11]]]},
"G107": {"type": "Matrix2x2", "payoffs": [[[35,73],[1,50]],[[0,0],[11,62]]]},
"G108": {"type": "Matrix2x2", "payoffs": [[[0,21],[49,0]],[[36,18],[74,34]]]},
"G109": {"type": "Matrix2x2", "payoffs": [[[40,89],[0,0]],[[17,35],[37,28]]]},
"G110": {"type": "Matrix2x2", "payoffs": [[[38,39],[42,15]],[[58,89],[0,0]]]},
"G111": {"type": "Matrix2x2", "payoffs": [[[55,78],[0,0]],[[19,15],[29,1]]]},
"G112": {"type": "Matrix2x2", "payoffs": [[[67,86],[0,19]],[[20,71],[33,0]]]},
"G113": {"type": "Matrix2x2", "payoffs": [[[78,90],[68,11]],[[0,0],[37,60]]]},
"G114": {"type": "Matrix2x2", "payoffs": [[[9,0],[86,13]],[[76,11],[0,12]]]},
"G115": {"type": "Matrix2x2", "payoffs": [[[100,70],[78,56]],[[32,0],[0,42]]]},
"G116": {"type": "Matrix2x2", "payoffs": [[[0,22],[41,86]],[[4,0],[10,4]]]},
"G117": {"type": "Matrix2x2", "payoffs": [[[7,8],[0,12]],[[9,0],[12,25]]]},
"G118": {"type": "Matrix2x2", "payoffs": [[[63,31],[67,0]],[[0,43],[75,60]]]},
"G119": {"type": "Matrix2x2", "payoffs": [[[1,12],[0,0]],[[4,44],[2,35]]]},
"G120": {"type": "Matrix2x2", "payoffs": [[[37,34],[50,69]],[[30,66],[0,0]]]},
"G121": {"type": "Matrix2x2", "payoffs": [[[3,0],[0,27]],[[5,86],[4,9]]]},
"G122": {"type": "Matrix2x2", "payoffs": [[[0,17],[50,23]],[[38,6],[34,0]]]},
"G123": {"type": "Matrix2x2", "payoffs": [[[7,34],[0,0]],[[43,62],[47,95]]]},
"G124": {"type": "Matrix2x2", "payoffs": [[[99,35],[0,12]],[[72,0],[6,26]]]},
"G125": {"type": "Matrix2x2", "payoffs": [[[38,11],[16,9]],[[0,4],[29,0]]]},
"G126": {"type": "Matrix2x2", "payoffs": [[[0,63],[15,4]],[[28,0],[62,73]]]},
"G127": {"type": "Matrix2x2", "payoffs": [[[24,66],[23,0]],[[0,2],[60,83]]]},
"G128": {"type": "Matrix2x2", "payoffs": [[[51,9],[74,33]],[[58,0],[0,3]]]},
"G129": {"type": "Matrix2x2", "payoffs": [[[67,29],[25,0]],[[84,69],[0,22]]]},
"G130": {"type": "Matrix2x2", "payoffs": [[[65,29],[57,0]],[[0,18],[38,27]]]},
"G131": {"type": "Matrix2x2", "payoffs": [[[0,5],[6,0]],[[9,40],[4,35]]]},
"G132": {"type": "Matrix2x2", "payoffs": [[[0,19],[59,37]],[[50,0],[97,58]]]},
"G133": {"type": "Matrix2x2", "payoffs": [[[0,0],[29,41]],[[92,67],[69,49]]]},
"G134": {"type": "Matrix2x2", "payoffs": [[[0,3],[85,84]],[[76,0],[74,66]]]},
"G135": {"type": "Matrix2x2", "payoffs": [[[0,20],[6,0]],[[3,18],[16,29]]]},
"G136": {"type": "Matrix2x2", "payoffs": [[[0,29],[48,0]],[[78,72],[19,57]]]},
"G137": {"type": "Matrix2x2", "payoffs": [[[11,23],[1,0]],[[35,45],[0,11]]]},
"G138": {"type": "Matrix2x2", "payoffs": [[[62,73],[7,0]],[[0,65],[34,24]]]},
"G139": {"type": "Matrix2x2", "payoffs": [[[4,0],[36,34]],[[34,29],[0,19]]]},
"G140": {"type": "Matrix2x2", "payoffs": [[[1,0],[15,8]],[[0,6],[7,4]]]},
"G141": {"type": "Matrix2x2", "payoffs": [[[96,76],[88,37]],[[71,5],[0,0]]]},
"G142": {"type": "Matrix2x2", "payoffs": [[[8,0],[10,47]],[[0,73],[24,81]]]},
"G143": {"type": "Matrix2x2", "payoffs": [[[63,11],[96,77]],[[24,18],[0,0]]]},
"G144": {"type": "Matrix2x2", "payoffs": [[[9,0],[57,29]],[[0,11],[99,88]]]},
"G145": {"type": "Matrix2x2", "payoffs": [[[14,39],[31,89]],[[16,0],[0,29]]]},
"G146": {"type": "Matrix2x2", "payoffs": [[[52,55],[18,0]],[[51,5],[0,10]]]},
"G147": {"type": "Matrix2x2", "payoffs": [[[48,82],[0,0]],[[1,73],[3,5]]]},
"G148": {"type": "Matrix2x2", "payoffs": [[[6,12],[0,9]],[[33,0],[42,14]]]},
"G149": {"type": "Matrix2x2", "payoffs": [[[9,25],[11,28]],[[2,0],[0,18]]]},
"G150": {"type": "Matrix2x2", "payoffs": [[[36,99],[12,87]],[[0,0],[35,39]]]},
"G151": {"type": "Matrix2x2", "payoffs": [[[28,17],[27,10]],[[13,0],[0,7]]]},
"G152": {"type": "Matrix2x2", "payoffs": [[[59,33],[0,53]],[[89,71],[24,0]]]},
"G153": {"type": "Matrix2x2", "payoffs": [[[6,0],[14,36]],[[28,46],[0,1]]]},
"G154": {"type": "Matrix2x2", "payoffs": [[[5,8],[15,70]],[[9,67],[0,0]]]},
"G155": {"type": "Matrix2x2", "payoffs": [[[22,8],[0,27]],[[12,0],[36,30]]]},
"G156": {"type": "Matrix2x2", "payoffs": [[[46,100],[28,69]],[[37,0],[0,23]]]},
"G157": {"type": "Matrix2x2", "payoffs": [[[23,86],[35,53]],[[45,95],[0,0]]]},
"G158": {"type": "Matrix2x2", "payoffs": [[[0,42],[62,18]],[[96,44],[17,0]]]},
"G159": {"type": "Matrix2x2", "payoffs": [[[0,7],[85,21]],[[6,6],[3,0]]]},
"G160": {"type": "Matrix2x2", "payoffs": [[[17,1],[19,99]],[[0,24],[9,0]]]},
"G161": {"type": "Matrix2x2", "payoffs": [[[86,64],[24,25]],[[9,48],[0,0]]]},
"G162": {"type": "Matrix2x2", "payoffs": [[[0,28],[10,0]],[[11,34],[4,13]]]},
"G163": {"type": "Matrix2x2", "payoffs": [[[17,12],[23,39]],[[20,15],[0,0]]]},
"G164": {"type": "Matrix2x2", "payoffs": [[[79,79],[70,23]],[[0,39],[5,0]]]},
"G165": {"type": "Matrix2x2", "payoffs": [[[20,34],[0,11]],[[19,6],[9,0]]]},
"G166": {"type": "Matrix2x2", "payoffs": [[[75,48],[63,16]],[[47,0],[0,13]]]},
"G167": {"type": "Matrix2x2", "payoffs": [[[2,38],[24,76]],[[63,77],[0,0]]]},
"G168": {"type": "Matrix2x2", "payoffs": [[[33,13],[1,0]],[[0,5],[15,1]]]},
"G169": {"type": "Matrix2x2", "payoffs": [[[21,0],[20,3]],[[37,14],[0,7]]]},
"G170": {"type": "Matrix2x2", "payoffs": [[[6,61],[2,51]],[[0,43],[4,0]]]},
"G171": {"type": "Matrix2x2", "payoffs": [[[21,0],[18,34]],[[45,66],[0,27]]]},
"G172": {"type": "Matrix2x2", "payoffs": [[[16,0],[8,32]],[[30,34],[0,4]]]},
"G173": {"type": "Matrix2x2", "payoffs": [[[0,48],[64,77]],[[32,1],[28,0]]]},
"G174": {"type": "Matrix2x2", "payoffs": [[[50,13],[57,17]],[[0,10],[33,0]]]},
"G175": {"type": "Matrix2x2", "payoffs": [[[0,14],[61,0]],[[67,8],[74,15]]]},
"G176": {"type": "Matrix2x2", "payoffs": [[[11,53],[0,0]],[[10,11],[3,3]]]},
"G177": {"type": "Matrix2x2", "payoffs": [[[35,0],[45,33]],[[0,14],[34,24]]]},
"G178": {"type": "Matrix2x2", "payoffs": [[[35,7],[38,0]],[[44,21],[0,15]]]},
"G179": {"type": "Matrix2x2", "payoffs": [[[8,79],[0,0]],[[15,39],[34,89]]]},
"G180": {"type": "Matrix2x2", "payoffs": [[[53,0],[18,12]],[[86,14],[0,1]]]},
"G181": {"type": "Matrix2x2", "payoffs": [[[0,53],[6,0]],[[64,28],[96,61]]]},
"G182": {"type": "Matrix2x2", "payoffs": [[[74,13],[94,88]],[[78,67],[0,0]]]},
"G183": {"type": "Matrix2x2", "payoffs": [[[40,7],[14,0]],[[0,10],[69,35]]]},
"G184": {"type": "Matrix2x2", "payoffs": [[[18,76],[79,49]],[[98,80],[0,0]]]},
"G185": {"type": "Matrix2x2", "payoffs": [[[2,44],[36,11]],[[93,54],[0,0]]]},
"G186": {"type": "Matrix2x2", "payoffs": [[[45,53],[0,41]],[[4,25],[3,0]]]},
"G187": {"type": "Matrix2x2", "payoffs": [[[1,0],[3,53]],[[2,52],[0,43]]]},
"G188": {"type": "Matrix2x2", "payoffs": [[[0,24],[10,42]],[[1,0],[9,29]]]},
"G189": {"type": "Matrix2x2", "payoffs": [[[4,68],[73,83]],[[10,81],[0,0]]]},
"G190": {"type": "Matrix2x2", "payoffs": [[[34,0],[43,5]],[[27,4],[0,3]]]},
"G191": {"type": "Matrix2x2", "payoffs": [[[11,37],[5,0]],[[0,42],[15,43]]]},
"G192": {"type": "Matrix2x2", "payoffs": [[[25,33],[66,43]],[[29,17],[0,0]]]},
"G193": {"type": "Matrix2x2", "payoffs": [[[0,25],[9,8]],[[12,0],[26,38]]]},
"G194": {"type": "Matrix2x2", "payoffs": [[[50,57],[0,0]],[[38,22],[2,32]]]},
"G195": {"type": "Matrix2x2", "payoffs": [[[36,37],[0,65]],[[37,69],[34,0]]]},
"G196": {"type": "Matrix2x2", "payoffs": [[[41,0],[0,14]],[[47,66],[12,17]]]},
"G197": {"type": "Matrix2x2", "payoffs": [[[17,0],[7,3]],[[0,4],[29,6]]]},
"G198": {"type": "Matrix2x2", "payoffs": [[[36,0],[56,70]],[[55,32],[0,22]]]},
"G199": {"type": "Matrix2x2", "payoffs": [[[48,0],[33,4]],[[95,7],[0,3]]]},
"G200": {"type": "Matrix2x2", "payoffs": [[[24,41],[0,0]],[[8,34],[23,1]]]},
"G201": {"type": "Matrix2x2", "payoffs": [[[15,32],[22,41]],[[0,5],[13,0]]]},
"G202": {"type": "Matrix2x2", "payoffs": [[[0,39],[6,81]],[[5,30],[1,0]]]},
"G203": {"type": "Matrix2x2", "payoffs": [[[13,33],[0,26]],[[8,24],[5,0]]]},
"G204": {"type": "Matrix2x2", "payoffs": [[[21,69],[5,34]],[[0,55],[9,0]]]},
"G205": {"type": "Matrix2x2", "payoffs": [[[8,17],[15,46]],[[4,0],[0,13]]]},
"G206": {"type": "Matrix2x2", "payoffs": [[[57,50],[0,42]],[[68,54],[65,0]]]},
"G207": {"type": "Matrix2x2", "payoffs": [[[79,1],[39,0]],[[95,9],[0,5]]]},
"G208": {"type": "Matrix2x2", "payoffs": [[[2,43],[0,0]],[[8,27],[10,95]]]},
"G209": {"type": "Matrix2x2", "payoffs": [[[1,8],[7,10]],[[5,3],[0,0]]]},
"G210": {"type": "Matrix2x2", "payoffs": [[[53,26],[0,0]],[[68,15],[80,42]]]},
"G211": {"type": "Matrix2x2", "payoffs": [[[2,55],[9,72]],[[4,0],[0,2]]]},
"G212": {"type": "Matrix2x2", "payoffs": [[[7,20],[0,9]],[[21,44],[14,0]]]},
"G213": {"type": "Matrix2x2", "payoffs": [[[11,27],[16,56]],[[1,21],[0,0]]]},
"G214": {"type": "Matrix2x2", "payoffs": [[[41,82],[0,39]],[[8,60],[14,0]]]},
"G215": {"type": "Matrix2x2", "payoffs": [[[6,49],[50,82]],[[43,0],[0,44]]]},
"G216": {"type": "Matrix2x2", "payoffs": [[[0,0],[74,24]],[[25,22],[52,16]]]},
"G217": {"type": "Matrix2x2", "payoffs": [[[16,0],[0,21]],[[60,32],[31,6]]]},
"G218": {"type": "Matrix2x2", "payoffs": [[[5,52],[2,0]],[[6,66],[0,32]]]},
"G219": {"type": "Matrix2x2", "payoffs": [[[0,21],[44,14]],[[52,45],[13,0]]]},
"G220": {"type": "Matrix2x2", "payoffs": [[[10,96],[7,93]],[[2,17],[0,0]]]},
"G221": {"type": "Matrix2x2", "payoffs": [[[83,24],[0,8]],[[17,13],[28,0]]]},
"G222": {"type": "Matrix2x2", "payoffs": [[[9,0],[58,1]],[[82,11],[0,8]]]},
"G223": {"type": "Matrix2x2", "payoffs": [[[18,12],[0,63]],[[33,0],[65,68]]]},
"G224": {"type": "Matrix2x2", "payoffs": [[[4,65],[3,0]],[[0,52],[2,47]]]},
"G225": {"type": "Matrix2x2", "payoffs": [[[44,15],[45,63]],[[0,14],[28,0]]]},
"G226": {"type": "Matrix2x2", "payoffs": [[[13,0],[34,40]],[[22,16],[0,28]]]},
"G227": {"type": "Matrix2x2", "payoffs": [[[57,1],[81,46]],[[0,0],[74,15]]]},
"G228": {"type": "Matrix2x2", "payoffs": [[[57,73],[0,10]],[[49,41],[20,0]]]},
"G229": {"type": "Matrix2x2", "payoffs": [[[10,2],[0,0]],[[90,77],[46,44]]]},
"G230": {"type": "Matrix2x2", "payoffs": [[[11,84],[5,40]],[[8,0],[0,59]]]},
"G231": {"type": "Matrix2x2", "payoffs": [[[89,10],[57,0]],[[62,1],[0,8]]]},
"G232": {"type": "Matrix2x2", "payoffs": [[[35,3],[23,0]],[[65,63],[0,34]]]},
"G233": {"type": "Matrix2x2", "payoffs": [[[71,94],[32,0]],[[0,63],[9,74]]]},
"G234": {"type": "Matrix2x2", "payoffs": [[[0,26],[41,64]],[[35,36],[24,0]]]},
"G235": {"type": "Matrix2x2", "payoffs": [[[1,39],[15,53]],[[0,0],[19,81]]]},
"G236": {"type": "Matrix2x2", "payoffs": [[[5,45],[0,9]],[[2,0],[1,27]]]},
"G237": {"type": "Matrix2x2", "payoffs": [[[1,87],[0,0]],[[3,89],[2,26]]]},
"G238": {"type": "Matrix2x2", "payoffs": [[[22,66],[16,0]],[[18,27],[0,45]]]},
"G239": {"type": "Matrix2x2", "payoffs": [[[81,21],[0,13]],[[53,11],[12,0]]]},
"G240": {"type": "Matrix2x2", "payoffs": [[[0,30],[41,44]],[[15,37],[1,0]]]},
"G241": {"type": "Matrix2x2", "payoffs": [[[14,15],[12,0]],[[0,20],[23,73]]]},
"G242": {"type": "Matrix2x2", "payoffs": [[[81,85],[0,20]],[[11,0],[8,77]]]},
"G243": {"type": "Matrix2x2", "payoffs": [[[0,19],[7,33]],[[2,0],[10,57]]]},
"G244": {"type": "Matrix2x2", "payoffs": [[[41,18],[62,44]],[[51,0],[0,29]]]},
"G245": {"type": "Matrix2x2", "payoffs": [[[3,78],[1,30]],[[0,0],[2,21]]]},
"G246": {"type": "Matrix2x2", "payoffs": [[[68,75],[43,44]],[[0,0],[40,40]]]},
"G247": {"type": "Matrix2x2", "payoffs": [[[0,5],[36,0]],[[82,88],[69,66]]]},
"G248": {"type": "Matrix2x2", "payoffs": [[[10,3],[14,11]],[[0,0],[6,9]]]},
"G249": {"type": "Matrix2x2", "payoffs": [[[17,19],[0,14]],[[24,0],[63,25]]]},
"G250": {"type": "Matrix2x2", "payoffs": [[[50,13],[0,0]],[[44,55],[51,86]]]},
"G251": {"type": "Matrix2x2", "payoffs": [[[23,44],[22,0]],[[0,87],[25,98]]]},
"G252": {"type": "Matrix2x2", "payoffs": [[[4,4],[5,1]],[[0,0],[8,9]]]},
"G253": {"type": "Matrix2x2", "payoffs": [[[0,25],[1,15]],[[9,0],[31,91]]]},
"G254": {"type": "Matrix2x2", "payoffs": [[[38,0],[0,8]],[[20,11],[52,20]]]},
"G255": {"type": "Matrix2x2", "payoffs": [[[28,0],[24,17]],[[62,77],[0,42]]]},
"G256": {"type": "Matrix2x2", "payoffs": [[[12,16],[23,19]],[[19,9],[0,0]]]},
"G257": {"type": "Matrix2x2", "payoffs": [[[0,33],[25,67]],[[12,0],[6,29]]]},
"G258": {"type": "Matrix2x2", "payoffs": [[[15,0],[50,79]],[[0,14],[3,78]]]},
"G259": {"type": "Matrix2x2", "payoffs": [[[24,98],[0,0]],[[21,92],[17,68]]]},
"G260": {"type": "Matrix2x2", "payoffs": [[[15,24],[19,0]],[[41,38],[0,23]]]},
"G261": {"type": "Matrix2x2", "payoffs": [[[97,35],[33,7]],[[27,0],[0,31]]]},
"G262": {"type": "Matrix2x2", "payoffs": [[[0,29],[9,50]],[[1,0],[4,6]]]},
"G263": {"type": "Matrix2x2", "payoffs": [[[0,8],[92,21]],[[55,0],[15,12]]]},
"G264": {"type": "Matrix2x2", "payoffs": [[[0,69],[15,23]],[[34,0],[76,73]]]},
"G265": {"type": "Matrix2x2", "payoffs": [[[0,23],[11,66]],[[2,0],[1,4]]]},
"G266": {"type": "Matrix2x2", "payoffs": [[[31,33],[62,0]],[[75,54],[0,27]]]},
"G267": {"type": "Matrix2x2", "payoffs": [[[14,0],[0,32]],[[72,40],[42,10]]]},
"G268": {"type": "Matrix2x2", "payoffs": [[[40,87],[21,0]],[[45,99],[0,47]]]},
"G269": {"type": "Matrix2x2", "payoffs": [[[41,0],[54,49]],[[29,39],[0,17]]]},
"G270": {"type": "Matrix2x2", "payoffs": [[[45,71],[64,91]],[[0,0],[5,86]]]},
"G271": {"type": "Matrix2x2", "payoffs": [[[61,62],[51,61]],[[28,0],[0,2]]]},
"G272": {"type": "Matrix2x2", "payoffs": [[[41,58],[15,0]],[[0,24],[37,6]]]},
"G273": {"type": "Matrix2x2", "payoffs": [[[7,11],[0,3]],[[36,0],[66,16]]]},
"G274": {"type": "Matrix2x2", "payoffs": [[[1,39],[0,43]],[[3,0],[4,47]]]},
"G275": {"type": "Matrix2x2", "payoffs": [[[0,0],[3,8]],[[2,1],[4,14]]]},
"G276": {"type": "Matrix2x2", "payoffs": [[[46,0],[29,25]],[[67,56],[0,33]]]},
"G277": {"type": "Matrix2x2", "payoffs": [[[0,8],[12,0]],[[43,32],[26,28]]]},
"G278": {"type": "Matrix2x2", "payoffs": [[[7,0],[0,12]],[[29,33],[8,15]]]},
"G279": {"type": "Matrix2x2", "payoffs": [[[15,0],[39,37]],[[63,45],[0,6]]]},
"G280": {"type": "Matrix2x2", "payoffs": [[[39,28],[61,52]],[[37,0],[0,40]]]},
"G281": {"type": "Matrix2x2", "payoffs": [[[47,0],[54,27]],[[19,14],[0,9]]]},
"G282": {"type": "Matrix2x2", "payoffs": [[[92,15],[73,5]],[[65,10],[0,0]]]},
"G283": {"type": "Matrix2x2", "payoffs": [[[8,70],[41,98]],[[28,0],[0,37]]]},
"G284": {"type": "Matrix2x2", "payoffs": [[[33,66],[39,98]],[[0,45],[13,0]]]},
"G285": {"type": "Matrix2x2", "payoffs": [[[0,0],[45,59]],[[29,41],[10,53]]]},
"G286": {"type": "Matrix2x2", "payoffs": [[[36,37],[0,0]],[[14,70],[51,75]]]},
"G287": {"type": "Matrix2x2", "payoffs": [[[70,28],[69,20]],[[40,0],[0,8]]]},
"G288": {"type": "Matrix2x2", "payoffs": [[[68,46],[0,10]],[[47,0],[21,1]]]},
"G289": {"type": "Matrix2x2", "payoffs": [[[7,4],[3,0]],[[10,7],[0,2]]]},
"G290": {"type": "Matrix2x2", "payoffs": [[[100,87],[25,29]],[[0,28],[30,0]]]},
"G291": {"type": "Matrix2x2", "payoffs": [[[96,99],[89,0]],[[41,70],[0,49]]]},
"G292": {"type": "Matrix2x2", "payoffs": [[[69,2],[25,0]],[[78,4],[0,3]]]},
"G293": {"type": "Matrix2x2", "payoffs": [[[100,31],[46,19]],[[21,0],[0,7]]]},
"G294": {"type": "Matrix2x2", "payoffs": [[[15,0],[35,24]],[[39,85],[0,31]]]},
"G295": {"type": "Matrix2x2", "payoffs": [[[1,0],[0,43]],[[9,53],[13,65]]]},
"G296": {"type": "Matrix2x2", "payoffs": [[[0,3],[96,7]],[[91,1],[13,0]]]},
"G297": {"type": "Matrix2x2", "payoffs": [[[98,38],[56,35]],[[0,13],[24,0]]]},
"G298": {"type": "Matrix2x2", "payoffs": [[[9,45],[58,83]],[[24,0],[0,23]]]},
"G299": {"type": "Matrix2x2", "payoffs": [[[0,18],[33,0]],[[75,64],[62,57]]]},
"G300": {"type": "Matrix2x2", "payoffs": [[[77,90],[24,6]],[[0,44],[41,0]]]},
"G301": {"type": "Matrix2x2", "payoffs": [[[59,11],[67,0]],[[0,17],[75,47]]]},
"G302": {"type": "Matrix2x2", "payoffs": [[[98,77],[19,74]],[[0,11],[28,0]]]},
"G303": {"type": "Matrix2x2", "payoffs": [[[65,39],[58,0]],[[27,18],[0,16]]]},
"G304": {"type": "Matrix2x2", "payoffs": [[[55,77],[28,0]],[[31,27],[0,39]]]},
"G305": {"type": "Matrix2x2", "payoffs": [[[0,19],[6,96]],[[1,0],[2,85]]]},
"G306": {"type": "Matrix2x2", "payoffs": [[[75,68],[10,14]],[[0,0],[37,43]]]},
"G307": {"type": "Matrix2x2", "payoffs": [[[30,54],[0,28]],[[72,0],[80,86]]]},
"G308": {"type": "Matrix2x2", "payoffs": [[[13,58],[41,68]],[[19,0],[0,29]]]},
"G309": {"type": "Matrix2x2", "payoffs": [[[21,75],[6,0]],[[19,53],[0,48]]]},
"G310": {"type": "Matrix2x2", "payoffs": [[[3,27],[0,20]],[[5,0],[12,59]]]},
"G311": {"type": "Matrix2x2", "payoffs": [[[99,56],[0,0]],[[23,5],[2,52]]]},
"G312": {"type": "Matrix2x2", "payoffs": [[[22,93],[16,0]],[[0,87],[5,22]]]},
"G313": {"type": "Matrix2x2", "payoffs": [[[37,86],[21,81]],[[0,84],[9,0]]]},
"G314": {"type": "Matrix2x2", "payoffs": [[[59,0],[69,80]],[[0,5],[60,50]]]},
"G315": {"type": "Matrix2x2", "payoffs": [[[18,93],[2,34]],[[0,52],[5,0]]]},
"G316": {"type": "Matrix2x2", "payoffs": [[[58,32],[62,75]],[[0,0],[60,61]]]},
"G317": {"type": "Matrix2x2", "payoffs": [[[0,0],[31,15]],[[7,26],[41,37]]]},
"G318": {"type": "Matrix2x2", "payoffs": [[[7,5],[22,6]],[[14,4],[0,0]]]},
"G319": {"type": "Matrix2x2", "payoffs": [[[30,49],[73,87]],[[32,81],[0,0]]]},
"G320": {"type": "Matrix2x2", "payoffs": [[[0,38],[23,0]],[[84,91],[62,30]]]},
"G321": {"type": "Matrix2x2", "payoffs": [[[0,20],[38,0]],[[54,73],[29,63]]]},
"G322": {"type": "Matrix2x2", "payoffs": [[[27,0],[47,8]],[[0,10],[73,97]]]},
"G323": {"type": "Matrix2x2", "payoffs": [[[59,98],[0,0]],[[29,80],[26,17]]]},
"G324": {"type": "Matrix2x2", "payoffs": [[[0,55],[23,0]],[[24,56],[16,8]]]},
"G325": {"type": "Matrix2x2", "payoffs": [[[16,0],[26,48]],[[80,71],[0,28]]]},
"G326": {"type": "Matrix2x2", "payoffs": [[[36,84],[14,74]],[[0,62],[2,0]]]},
"G327": {"type": "Matrix2x2", "payoffs": [[[21,22],[17,0]],[[0,14],[23,30]]]},
"G328": {"type": "Matrix2x2", "payoffs": [[[0,0],[11,25]],[[20,88],[7,62]]]},
"G329": {"type": "Matrix2x2", "payoffs": [[[45,1],[69,25]],[[21,0],[0,13]]]},
"G330": {"type": "Matrix2x2", "payoffs": [[[0,52],[3,0]],[[14,73],[12,13]]]},
"G331": {"type": "Matrix2x2", "payoffs": [[[1,0],[0,8]],[[92,26],[40,22]]]},
"G332": {"type": "Matrix2x2", "payoffs": [[[55,31],[7,80]],[[58,90],[0,0]]]},
"G333": {"type": "Matrix2x2", "payoffs": [[[88,0],[91,48]],[[56,45],[0,11]]]},
"G334": {"type": "Matrix2x2", "payoffs": [[[48,95],[63,99]],[[32,0],[0,12]]]},
"G335": {"type": "Matrix2x2", "payoffs": [[[38,87],[36,66]],[[21,15],[0,0]]]},
"G336": {"type": "Matrix2x2", "payoffs": [[[23,54],[0,39]],[[20,15],[3,0]]]},
"G337": {"type": "Matrix2x2", "payoffs": [[[20,82],[1,45]],[[18,0],[0,55]]]},
"G338": {"type": "Matrix2x2", "payoffs": [[[31,13],[44,23]],[[0,0],[15,3]]]},
"G339": {"type": "Matrix2x2", "payoffs": [[[0,85],[2,0]],[[28,89],[21,48]]]},
"G340": {"type": "Matrix2x2", "payoffs": [[[0,0],[6,17]],[[11,13],[19,54]]]},
"G341": {"type": "Matrix2x2", "payoffs": [[[38,1],[40,91]],[[0,64],[17,0]]]},
"G342": {"type": "Matrix2x2", "payoffs": [[[0,0],[61,9]],[[79,10],[88,27]]]},
"G343": {"type": "Matrix2x2", "payoffs": [[[32,9],[20,27]],[[0,0],[38,35]]]},
"G344": {"type": "Matrix2x2", "payoffs": [[[63,12],[0,0]],[[70,48],[9,10]]]},
"G345": {"type": "Matrix2x2", "payoffs": [[[0,0],[18,23]],[[85,24],[20,8]]]},
"G346": {"type": "Matrix2x2", "payoffs": [[[55,68],[9,15]],[[38,50],[0,0]]]},
"G347": {"type": "Matrix2x2", "payoffs": [[[0,0],[100,7]],[[40,6],[49,2]]]},
"G348": {"type": "Matrix2x2", "payoffs": [[[8,26],[6,4]],[[0,0],[10,31]]]},
"G349": {"type": "Matrix2x2", "payoffs": [[[0,7],[25,62]],[[18,15],[8,0]]]},
"G350": {"type": "Matrix2x2", "payoffs": [[[27,74],[16,0]],[[20,21],[0,71]]]},
"G351": {"type": "Matrix2x2", "payoffs": [[[14,32],[7,0]],[[2,25],[0,14]]]},
"G352": {"type": "Matrix2x2", "payoffs": [[[5,0],[82,31]],[[0,21],[41,2]]]},
"G353": {"type": "Matrix2x2", "payoffs": [[[3,72],[0,0]],[[46,83],[41,77]]]},
"G354": {"type": "Matrix2x2", "payoffs": [[[2,2],[65,29]],[[35,0],[0,15]]]},
"G355": {"type": "Matrix2x2", "payoffs": [[[0,2],[4,1]],[[10,3],[1,0]]]},
"G356": {"type": "Matrix2x2", "payoffs": [[[0,85],[7,77]],[[94,99],[15,0]]]},
"G357": {"type": "Matrix2x2", "payoffs": [[[5,2],[4,0]],[[6,83],[0,66]]]},
"G358": {"type": "Matrix2x2", "payoffs": [[[6,5],[0,0]],[[3,37],[12,54]]]},
"G359": {"type": "Matrix2x2", "payoffs": [[[53,49],[0,0]],[[50,30],[57,57]]]},
"G360": {"type": "Matrix2x2", "payoffs": [[[31,69],[30,19]],[[0,66],[15,0]]]},
"G361": {"type": "Matrix2x2", "payoffs": [[[27,60],[16,0]],[[0,32],[11,24]]]},
"G362": {"type": "Matrix2x2", "payoffs": [[[78,0],[86,75]],[[5,16],[0,67]]]},
"G363": {"type": "Matrix2x2", "payoffs": [[[62,24],[0,14]],[[38,13],[2,0]]]},
"G364": {"type": "Matrix2x2", "payoffs": [[[37,29],[0,2]],[[4,0],[21,14]]]},
"G365": {"type": "Matrix2x2", "payoffs": [[[0,21],[71,0]],[[70,52],[94,93]]]},
"G366": {"type": "Matrix2x2", "payoffs": [[[10,0],[49,52]],[[23,29],[0,32]]]},
"G367": {"type": "Matrix2x2", "payoffs": [[[8,18],[29,32]],[[28,0],[0,17]]]},
"G368": {"type": "Matrix2x2", "payoffs": [[[0,2],[87,21]],[[2,0],[43,7]]]},
"G369": {"type": "Matrix2x2", "payoffs": [[[58,67],[47,62]],[[0,0],[1,7]]]},
"G370": {"type": "Matrix2x2", "payoffs": [[[35,84],[45,86]],[[9,53],[0,0]]]},
"G371": {"type": "Matrix2x2", "payoffs": [[[3,0],[7,46]],[[8,96],[0,3]]]},
"G372": {"type": "Matrix2x2", "payoffs": [[[12,7],[41,8]],[[0,0],[11,2]]]},
"G373": {"type": "Matrix2x2", "payoffs": [[[89,47],[19,40]],[[1,0],[0,35]]]},
"G374": {"type": "Matrix2x2", "payoffs": [[[66,0],[58,53]],[[89,84],[0,1]]]},
"G375": {"type": "Matrix2x2", "payoffs": [[[83,89],[71,30]],[[0,52],[46,0]]]},
"G376": {"type": "Matrix2x2", "payoffs": [[[11,47],[0,0]],[[17,25],[43,54]]]},
"G377": {"type": "Matrix2x2", "payoffs": [[[20,0],[0,19]],[[39,1],[40,25]]]},
"G378": {"type": "Matrix2x2", "payoffs": [[[0,46],[10,0]],[[5,40],[27,59]]]},
"G379": {"type": "Matrix2x2", "payoffs": [[[0,22],[13,29]],[[16,31],[11,0]]]},
"G380": {"type": "Matrix2x2", "payoffs": [[[0,0],[23,11]],[[49,55],[32,52]]]},
"G381": {"type": "Matrix2x2", "payoffs": [[[16,10],[19,13]],[[0,0],[17,9]]]},
"G382": {"type": "Matrix2x2", "payoffs": [[[18,78],[0,21]],[[16,15],[17,0]]]},
"G383": {"type": "Matrix2x2", "payoffs": [[[3,46],[0,0]],[[7,57],[9,95]]]},
"G384": {"type": "Matrix2x2", "payoffs": [[[0,4],[29,29]],[[12,6],[21,0]]]},
"G385": {"type": "Matrix2x2", "payoffs": [[[2,26],[26,0]],[[0,12],[86,45]]]},
"G386": {"type": "Matrix2x2", "payoffs": [[[53,0],[85,67]],[[44,3],[0,62]]]},
"G387": {"type": "Matrix2x2", "payoffs": [[[0,0],[82,51]],[[54,40],[9,6]]]},
"G388": {"type": "Matrix2x2", "payoffs": [[[0,0],[9,54]],[[4,57],[13,89]]]},
"G389": {"type": "Matrix2x2", "payoffs": [[[36,36],[0,0]],[[63,47],[46,27]]]},
"G390": {"type": "Matrix2x2", "payoffs": [[[0,0],[13,8]],[[68,61],[26,45]]]},
"G391": {"type": "Matrix2x2", "payoffs": [[[19,77],[5,50]],[[0,76],[1,0]]]},
"G392": {"type": "Matrix2x2", "payoffs": [[[0,2],[45,4]],[[14,3],[3,0]]]},
"G393": {"type": "Matrix2x2", "payoffs": [[[0,0],[11,6]],[[16,36],[10,20]]]},
"G394": {"type": "Matrix2x2", "payoffs": [[[0,3],[59,6]],[[36,4],[54,0]]]},
"G395": {"type": "Matrix2x2", "payoffs": [[[19,17],[0,0]],[[31,36],[54,40]]]},
"G396": {"type": "Matrix2x2", "payoffs": [[[13,36],[0,4]],[[30,69],[10,0]]]},
"G397": {"type": "Matrix2x2", "payoffs": [[[0,0],[30,31]],[[32,36],[15,13]]]},
"G398": {"type": "Matrix2x2", "payoffs": [[[47,74],[23,33]],[[29,37],[0,0]]]},
"G399": {"type": "Matrix2x2", "payoffs": [[[58,74],[50,22]],[[67,75],[0,0]]]},
"G400": {"type": "Matrix2x2", "payoffs": [[[0,11],[69,15]],[[62,1],[61,0]]]},
"G401": {"type": "Matrix2x2", "payoffs": [[[16,0],[3,22]],[[18,61],[0,48]]]},
"G402": {"type": "Matrix2x2", "payoffs": [[[92,0],[96,6]],[[71,1],[0,5]]]},
"G403": {"type": "Matrix2x2", "payoffs": [[[45,11],[8,4]],[[0,0],[16,8]]]},
"G404": {"type": "Matrix2x2", "payoffs": [[[19,22],[7,0]],[[12,4],[0,12]]]},
"G405": {"type": "Matrix2x2", "payoffs": [[[0,29],[73,15]],[[81,34],[16,0]]]},
"G406": {"type": "Matrix2x2", "payoffs": [[[52,64],[0,28]],[[29,0],[48,10]]]},
"G407": {"type": "Matrix2x2", "payoffs": [[[92,82],[0,0]],[[89,27],[38,2]]]},
"G408": {"type": "Matrix2x2", "payoffs": [[[30,37],[38,63]],[[0,0],[22,1]]]},
"G409": {"type": "Matrix2x2", "payoffs": [[[0,30],[11,0]],[[23,12],[25,31]]]},
"G410": {"type": "Matrix2x2", "payoffs": [[[52,37],[0,21]],[[8,0],[61,53]]]},
"G411": {"type": "Matrix2x2", "payoffs": [[[1,53],[7,0]],[[0,14],[16,63]]]},
"G412": {"type": "Matrix2x2", "payoffs": [[[19,36],[44,38]],[[0,0],[14,34]]]},
"G413": {"type": "Matrix2x2", "payoffs": [[[38,7],[0,0]],[[61,45],[89,72]]]},
"G414": {"type": "Matrix2x2", "payoffs": [[[19,8],[25,10]],[[0,0],[13,3]]]},
"G415": {"type": "Matrix2x2", "payoffs": [[[6,19],[0,0]],[[1,17],[8,20]]]},
"G416": {"type": "Matrix2x2", "payoffs": [[[45,41],[0,30]],[[68,54],[47,0]]]},
"G417": {"type": "Matrix2x2", "payoffs": [[[14,65],[8,0]],[[0,4],[2,7]]]},
"G418": {"type": "Matrix2x2", "payoffs": [[[8,0],[5,6]],[[0,35],[27,44]]]},
"G419": {"type": "Matrix2x2", "payoffs": [[[26,2],[30,4]],[[0,0],[3,3]]]},
"G420": {"type": "Matrix2x2", "payoffs": [[[100,64],[86,22]],[[0,0],[94,1]]]},
"G421": {"type": "Matrix2x2", "payoffs": [[[50,78],[47,38]],[[0,34],[6,0]]]},
"G422": {"type": "Matrix2x2", "payoffs": [[[0,0],[13,1]],[[21,84],[11,55]]]},
"G423": {"type": "Matrix2x2", "payoffs": [[[79,10],[0,3]],[[48,8],[31,0]]]},
"G424": {"type": "Matrix2x2", "payoffs": [[[22,10],[49,0]],[[0,22],[72,64]]]},
"G425": {"type": "Matrix2x2", "payoffs": [[[91,4],[0,2]],[[13,3],[72,0]]]},
"G426": {"type": "Matrix2x2", "payoffs": [[[1,0],[0,4]],[[2,61],[6,64]]]},
"G427": {"type": "Matrix2x2", "payoffs": [[[0,17],[41,0]],[[33,12],[46,33]]]},
"G428": {"type": "Matrix2x2", "payoffs": [[[44,0],[0,1]],[[14,3],[70,4]]]},
"G429": {"type": "Matrix2x2", "payoffs": [[[15,0],[0,19]],[[8,10],[26,25]]]},
"G430": {"type": "Matrix2x2", "payoffs": [[[7,38],[0,0]],[[24,71],[8,3]]]},
"G431": {"type": "Matrix2x2", "payoffs": [[[69,69],[68,61]],[[12,0],[0,53]]]},
"G432": {"type": "Matrix2x2", "payoffs": [[[0,4],[100,30]],[[84,21],[86,0]]]},
"G433": {"type": "Matrix2x2", "payoffs": [[[0,6],[57,7]],[[42,0],[54,5]]]},
"G434": {"type": "Matrix2x2", "payoffs": [[[20,30],[28,0]],[[0,13],[58,32]]]},
"G435": {"type": "Matrix2x2", "payoffs": [[[0,0],[15,4]],[[17,6],[1,5]]]},
"G436": {"type": "Matrix2x2", "payoffs": [[[5,0],[8,7]],[[0,5],[6,2]]]},
"G437": {"type": "Matrix2x2", "payoffs": [[[48,15],[29,3]],[[0,10],[36,0]]]},
"G438": {"type": "Matrix2x2", "payoffs": [[[27,0],[0,23]],[[21,16],[60,28]]]},
"G439": {"type": "Matrix2x2", "payoffs": [[[44,23],[9,21]],[[0,17],[40,0]]]},
"G440": {"type": "Matrix2x2", "payoffs": [[[42,26],[37,0]],[[21,25],[0,15]]]},
"G441": {"type": "Matrix2x2", "payoffs": [[[33,14],[0,0]],[[5,12],[35,18]]]},
"G442": {"type": "Matrix2x2", "payoffs": [[[55,82],[50,74]],[[30,0],[0,42]]]},
"G443": {"type": "Matrix2x2", "payoffs": [[[0,66],[30,67]],[[5,43],[26,0]]]},
"G444": {"type": "Matrix2x2", "payoffs": [[[0,0],[40,4]],[[11,21],[43,30]]]},
"G445": {"type": "Matrix2x2", "payoffs": [[[85,39],[89,53]],[[0,0],[46,37]]]},
"G446": {"type": "Matrix2x2", "payoffs": [[[99,91],[54,44]],[[37,0],[0,13]]]},
"G447": {"type": "Matrix2x2", "payoffs": [[[81,73],[0,26]],[[67,0],[12,52]]]},
"G448": {"type": "Matrix2x2", "payoffs": [[[55,46],[89,98]],[[0,0],[42,69]]]},
"G449": {"type": "Matrix2x2", "payoffs": [[[22,3],[40,49]],[[10,48],[0,0]]]},
"G450": {"type": "Matrix2x2", "payoffs": [[[48,17],[0,0]],[[79,42],[64,21]]]},
"G451": {"type": "Matrix2x2", "payoffs": [[[2,42],[3,58]],[[1,0],[0,4]]]},
"G452": {"type": "Matrix2x2", "payoffs": [[[0,33],[10,14]],[[46,36],[28,0]]]},
"G453": {"type": "Matrix2x2", "payoffs": [[[13,0],[18,93]],[[0,44],[10,79]]]},
"G454": {"type": "Matrix2x2", "payoffs": [[[45,3],[68,6]],[[0,4],[67,0]]]},
"G455": {"type": "Matrix2x2", "payoffs": [[[86,19],[88,28]],[[0,0],[59,8]]]},
"G456": {"type": "Matrix2x2", "payoffs": [[[2,6],[0,0]],[[6,94],[4,11]]]},
"G457": {"type": "Matrix2x2", "payoffs": [[[0,9],[27,0]],[[96,80],[81,35]]]},
"G458": {"type": "Matrix2x2", "payoffs": [[[0,0],[3,8]],[[22,11],[13,2]]]},
"G459": {"type": "Matrix2x2", "payoffs": [[[8,70],[19,0]],[[68,80],[0,5]]]},
"G460": {"type": "Matrix2x2", "payoffs": [[[0,20],[55,12]],[[58,47],[5,0]]]},
"G461": {"type": "Matrix2x2", "payoffs": [[[95,41],[0,29]],[[90,0],[17,12]]]},
"G462": {"type": "Matrix2x2", "payoffs": [[[44,44],[100,89]],[[25,25],[0,0]]]},
"G463": {"type": "Matrix2x2", "payoffs": [[[10,35],[0,0]],[[11,43],[1,11]]]},
"G464": {"type": "Matrix2x2", "payoffs": [[[56,31],[49,0]],[[0,44],[58,56]]]},
"G465": {"type": "Matrix2x2", "payoffs": [[[38,53],[6,27]],[[0,5],[34,0]]]},
"G466": {"type": "Matrix2x2", "payoffs": [[[0,47],[6,0]],[[14,59],[13,28]]]},
"G467": {"type": "Matrix2x2", "payoffs": [[[0,90],[29,93]],[[13,72],[12,0]]]},
"G468": {"type": "Matrix2x2", "payoffs": [[[0,0],[20,18]],[[74,22],[50,21]]]},
"G469": {"type": "Matrix2x2", "payoffs": [[[35,0],[0,11]],[[5,34],[85,92]]]},
"G470": {"type": "Matrix2x2", "payoffs": [[[44,14],[72,10]],[[0,0],[84,35]]]},
"G471": {"type": "Matrix2x2", "payoffs": [[[1,17],[50,7]],[[56,71],[0,0]]]},
"G472": {"type": "Matrix2x2", "payoffs": [[[28,56],[16,36]],[[27,2],[0,0]]]},
"G473": {"type": "Matrix2x2", "payoffs": [[[0,36],[24,43]],[[19,17],[4,0]]]},
"G474": {"type": "Matrix2x2", "payoffs": [[[0,0],[3,5]],[[70,7],[16,4]]]},
"G475": {"type": "Matrix2x2", "payoffs": [[[74,75],[20,3]],[[0,28],[27,0]]]},
"G476": {"type": "Matrix2x2", "payoffs": [[[1,52],[27,0]],[[0,16],[32,88]]]},
"G477": {"type": "Matrix2x2", "payoffs": [[[0,23],[26,24]],[[20,0],[15,15]]]},
"G478": {"type": "Matrix2x2", "payoffs": [[[2,2],[47,3]],[[50,4],[0,0]]]},
"G479": {"type": "Matrix2x2", "payoffs": [[[0,18],[44,0]],[[16,15],[80,19]]]},
"G480": {"type": "Matrix2x2", "payoffs": [[[90,82],[0,0]],[[30,20],[80,18]]]},
"G481": {"type": "Matrix2x2", "payoffs": [[[88,78],[31,64]],[[77,0],[0,14]]]},
"G482": {"type": "Matrix2x2", "payoffs": [[[0,0],[31,20]],[[1,22],[62,67]]]},
"G483": {"type": "Matrix2x2", "payoffs": [[[5,28],[19,2]],[[0,0],[100,71]]]},
"G484": {"type": "Matrix2x2", "payoffs": [[[45,9],[0,0]],[[14,17],[74,39]]]},
"G485": {"type": "Matrix2x2", "payoffs": [[[94,84],[2,69]],[[0,66],[79,0]]]},
"G486": {"type": "Matrix2x2", "payoffs": [[[0,3],[7,0]],[[20,6],[11,4]]]},
"G487": {"type": "Matrix2x2", "payoffs": [[[1,44],[0,35]],[[12,74],[2,0]]]},
"G488": {"type": "Matrix2x2", "payoffs": [[[0,55],[47,9]],[[26,0],[93,69]]]},
"G489": {"type": "Matrix2x2", "payoffs": [[[45,20],[85,25]],[[36,0],[0,5]]]},
"G490": {"type": "Matrix2x2", "payoffs": [[[2,81],[1,44]],[[5,88],[0,0]]]},
"G491": {"type": "Matrix2x2", "payoffs": [[[0,32],[46,43]],[[90,63],[50,0]]]},
"G492": {"type": "Matrix2x2", "payoffs": [[[71,36],[17,0]],[[32,27],[0,12]]]},
"G493": {"type": "Matrix2x2", "payoffs": [[[18,0],[0,8]],[[5,17],[23,23]]]},
"G494": {"type": "Matrix2x2", "payoffs": [[[70,27],[92,63]],[[0,0],[12,28]]]},
"G495": {"type": "Matrix2x2", "payoffs": [[[1,49],[8,40]],[[12,77],[0,0]]]},
"G496": {"type": "Matrix2x2", "payoffs": [[[45,0],[0,61]],[[96,95],[51,46]]]},
"G497": {"type": "Matrix2x2", "payoffs": [[[0,0],[77,7]],[[46,3],[65,2]]]},
"G498": {"type": "Matrix2x2", "payoffs": [[[0,39],[32,0]],[[5,1],[38,41]]]},
"G499": {"type": "Matrix2x2", "payoffs": [[[1,0],[10,76]],[[5,14],[0,3]]]},
"G500": {"type": "Matrix2x2", "payoffs": [[[17,94],[12,84]],[[2,0],[0,54]]]},
"G501": {"type": "Matrix2x2", "payoffs": [[[95,5],[0,0]],[[70,1],[22,4]]]},
"G502": {"type": "Matrix2x2", "payoffs": [[[50,9],[55,48]],[[63,78],[0,0]]]},
"G503": {"type": "Matrix2x2", "payoffs": [[[35,0],[37,53]],[[70,59],[0,33]]]},
"G504": {"type": "Matrix2x2", "payoffs": [[[66,51],[77,56]],[[0,27],[54,0]]]},
"G505": {"type": "Matrix2x2", "payoffs": [[[75,45],[0,0]],[[72,44],[15,24]]]},
"G506": {"type": "Matrix2x2", "payoffs": [[[2,38],[8,0]],[[14,74],[0,49]]]},
"G507": {"type": "Matrix2x2", "payoffs": [[[10,96],[8,0]],[[0,1],[3,13]]]},
"G508": {"type": "Matrix2x2", "payoffs": [[[4,0],[14,55]],[[0,60],[24,76]]]},
"G509": {"type": "Matrix2x2", "payoffs": [[[0,7],[6,42]],[[5,38],[4,0]]]},
"G510": {"type": "Matrix2x2", "payoffs": [[[0,65],[26,63]],[[9,0],[61,77]]]},
"G511": {"type": "Matrix2x2", "payoffs": [[[0,0],[92,84]],[[22,69],[56,11]]]},
"G512": {"type": "Matrix2x2", "payoffs": [[[2,10],[98,33]],[[61,0],[0,3]]]},
"G513": {"type": "Matrix2x2", "payoffs": [[[18,56],[0,15]],[[6,0],[1,20]]]},
"G514": {"type": "Matrix2x2", "payoffs": [[[6,66],[1,0]],[[4,15],[0,42]]]},
"G515": {"type": "Matrix2x2", "payoffs": [[[25,35],[6,5]],[[12,0],[0,2]]]},
"G516": {"type": "Matrix2x2", "payoffs": [[[100,58],[31,46]],[[0,0],[53,44]]]},
"G517": {"type": "Matrix2x2", "payoffs": [[[0,25],[86,34]],[[26,0],[15,14]]]},
"G518": {"type": "Matrix2x2", "payoffs": [[[0,47],[38,48]],[[53,0],[65,68]]]},
"G519": {"type": "Matrix2x2", "payoffs": [[[0,8],[2,11]],[[3,0],[7,24]]]},
"G520": {"type": "Matrix2x2", "payoffs": [[[23,65],[11,49]],[[0,0],[33,83]]]},
"G521": {"type": "Matrix2x2", "payoffs": [[[0,0],[19,2]],[[8,3],[20,9]]]},
"G522": {"type": "Matrix2x2", "payoffs": [[[37,57],[0,11]],[[31,45],[20,0]]]},
"G523": {"type": "Matrix2x2", "payoffs": [[[0,5],[8,0]],[[48,9],[28,6]]]},
"G524": {"type": "Matrix2x2", "payoffs": [[[6,4],[71,3]],[[0,0],[97,10]]]},
"G525": {"type": "Matrix2x2", "payoffs": [[[42,18],[69,83]],[[88,85],[0,0]]]},
"G526": {"type": "Matrix2x2", "payoffs": [[[63,13],[0,9]],[[13,5],[54,0]]]},
"G527": {"type": "Matrix2x2", "payoffs": [[[25,1],[0,57]],[[50,63],[41,0]]]},
"G528": {"type": "Matrix2x2", "payoffs": [[[77,0],[55,17]],[[0,13],[78,58]]]},
"G529": {"type": "Matrix2x2", "payoffs": [[[24,0],[0,31]],[[3,24],[65,63]]]},
"G530": {"type": "Matrix2x2", "payoffs": [[[23,39],[0,0]],[[33,82],[26,81]]]},
"G531": {"type": "Matrix2x2", "payoffs": [[[0,8],[34,55]],[[33,0],[47,58]]]},
"G532": {"type": "Matrix2x2", "payoffs": [[[13,19],[38,20]],[[18,0],[0,2]]]},
"G533": {"type": "Matrix2x2", "payoffs": [[[41,3],[0,0]],[[6,1],[69,13]]]},
"G534": {"type": "Matrix2x2", "payoffs": [[[74,41],[7,30]],[[42,0],[0,5]]]},
"G535": {"type": "Matrix2x2", "payoffs": [[[10,45],[24,49]],[[7,8],[0,0]]]},
"G536": {"type": "Matrix2x2", "payoffs": [[[29,22],[0,0]],[[6,33],[32,47]]]},
"G537": {"type": "Matrix2x2", "payoffs": [[[0,0],[5,17]],[[8,68],[15,88]]]},
"G538": {"type": "Matrix2x2", "payoffs": [[[11,73],[5,0]],[[0,76],[19,89]]]},
"G539": {"type": "Matrix2x2", "payoffs": [[[0,11],[40,1]],[[79,0],[82,20]]]},
"G540": {"type": "Matrix2x2", "payoffs": [[[67,41],[23,40]],[[0,31],[1,0]]]},
"G541": {"type": "Matrix2x2", "payoffs": [[[0,88],[29,79]],[[80,0],[85,95]]]},
"G542": {"type": "Matrix2x2", "payoffs": [[[0,67],[4,79]],[[15,91],[1,0]]]},
"G543": {"type": "Matrix2x2", "payoffs": [[[19,52],[1,0]],[[0,16],[9,51]]]},
"G544": {"type": "Matrix2x2", "payoffs": [[[18,8],[32,16]],[[0,9],[20,0]]]},
"G545": {"type": "Matrix2x2", "payoffs": [[[0,11],[74,28]],[[56,27],[60,0]]]},
"G546": {"type": "Matrix2x2", "payoffs": [[[83,86],[58,24]],[[46,0],[0,11]]]},
"G547": {"type": "Matrix2x2", "payoffs": [[[22,0],[83,71]],[[0,62],[57,3]]]},
"G548": {"type": "Matrix2x2", "payoffs": [[[0,28],[1,0]],[[39,81],[7,32]]]},
"G549": {"type": "Matrix2x2", "payoffs": [[[0,0],[32,66]],[[40,7],[65,95]]]},
"G550": {"type": "Matrix2x2", "payoffs": [[[0,1],[6,3]],[[4,0],[10,11]]]},
"G551": {"type": "Matrix2x2", "payoffs": [[[23,5],[83,42]],[[78,13],[0,0]]]},
"G552": {"type": "Matrix2x2", "payoffs": [[[25,6],[20,5]],[[4,0],[0,3]]]},
"G553": {"type": "Matrix2x2", "payoffs": [[[14,0],[63,4]],[[24,2],[0,1]]]},
"G554": {"type": "Matrix2x2", "payoffs": [[[4,3],[0,36]],[[5,52],[3,0]]]},
"G555": {"type": "Matrix2x2", "payoffs": [[[48,0],[80,54]],[[18,2],[0,29]]]},
"G556": {"type": "Matrix2x2", "payoffs": [[[30,21],[58,100]],[[10,85],[0,0]]]},
"G557": {"type": "Matrix2x2", "payoffs": [[[0,4],[36,0]],[[17,37],[48,80]]]},
"G558": {"type": "Matrix2x2", "payoffs": [[[4,88],[9,2]],[[0,0],[17,89]]]},
"G559": {"type": "Matrix2x2", "payoffs": [[[44,11],[14,6]],[[0,9],[35,0]]]},
"G560": {"type": "Matrix2x2", "payoffs": [[[4,86],[1,0]],[[7,90],[0,53]]]},
"G561": {"type": "Matrix2x2", "payoffs": [[[59,63],[0,0]],[[39,31],[63,91]]]},
"G562": {"type": "Matrix2x2", "payoffs": [[[48,61],[53,35]],[[55,79],[0,0]]]},
"G563": {"type": "Matrix2x2", "payoffs": [[[37,0],[0,45]],[[61,49],[5,42]]]},
"G564": {"type": "Matrix2x2", "payoffs": [[[0,9],[1,0]],[[91,78],[81,72]]]},
"G565": {"type": "Matrix2x2", "payoffs": [[[30,3],[56,1]],[[0,0],[99,8]]]},
"G566": {"type": "Matrix2x2", "payoffs": [[[38,6],[83,10]],[[42,9],[0,0]]]},
"G567": {"type": "Matrix2x2", "payoffs": [[[28,19],[0,18]],[[42,0],[68,62]]]},
"G568": {"type": "Matrix2x2", "payoffs": [[[0,4],[53,14]],[[2,3],[50,0]]]},
"G569": {"type": "Matrix2x2", "payoffs": [[[30,0],[46,21]],[[0,18],[23,8]]]},
"G570": {"type": "Matrix2x2", "payoffs": [[[1,3],[31,81]],[[16,0],[0,16]]]},
"G571": {"type": "Matrix2x2", "payoffs": [[[0,0],[96,36]],[[48,9],[23,17]]]},
"G572": {"type": "Matrix2x2", "payoffs": [[[42,0],[17,69]],[[0,4],[71,77]]]},
"G573": {"type": "Matrix2x2", "payoffs": [[[9,22],[35,92]],[[23,77],[0,0]]]},
"G574": {"type": "Matrix2x2", "payoffs": [[[15,66],[0,22]],[[4,0],[30,67]]]},
"G575": {"type": "Matrix2x2", "payoffs": [[[17,26],[7,9]],[[0,0],[1,16]]]},
"G576": {"type": "Matrix2x2", "payoffs": [[[13,45],[1,8]],[[57,62],[0,0]]]},
"G577": {"type": "Matrix2x2", "payoffs": [[[0,0],[9,63]],[[19,46],[25,84]]]},
"G578": {"type": "Matrix2x2", "payoffs": [[[37,17],[20,4]],[[10,0],[0,15]]]},
"G579": {"type": "Matrix2x2", "payoffs": [[[0,0],[15,70]],[[10,5],[1,66]]]},
"G580": {"type": "Matrix2x2", "payoffs": [[[0,39],[94,71]],[[70,17],[2,0]]]},
"G581": {"type": "Matrix2x2", "payoffs": [[[10,3],[0,0]],[[5,1],[2,2]]]},
"G582": {"type": "Matrix2x2", "payoffs": [[[29,68],[5,9]],[[0,0],[17,55]]]},
"G583": {"type": "Matrix2x2", "payoffs": [[[0,1],[50,8]],[[93,14],[69,0]]]},
"G584": {"type": "Matrix2x2", "payoffs": [[[38,61],[0,65]],[[53,0],[86,78]]]},
"G585": {"type": "Matrix2x2", "payoffs": [[[39,95],[29,91]],[[7,93],[0,0]]]},
"G586": {"type": "Matrix2x2", "payoffs": [[[74,6],[0,5]],[[4,0],[60,4]]]},
"G587": {"type": "Matrix2x2", "payoffs": [[[24,12],[17,0]],[[27,13],[0,11]]]},
"G588": {"type": "Matrix2x2", "payoffs": [[[0,0],[46,6]],[[83,67],[24,24]]]},
"G589": {"type": "Matrix2x2", "payoffs": [[[47,36],[0,0]],[[36,50],[75,56]]]},
"G590": {"type": "Matrix2x2", "payoffs": [[[25,11],[40,79]],[[0,38],[28,0]]]},
"G591": {"type": "Matrix2x2", "payoffs": [[[27,29],[4,0]],[[0,26],[29,42]]]},
"G592": {"type": "Matrix2x2", "payoffs": [[[82,24],[71,0]],[[81,2],[0,8]]]},
"G593": {"type": "Matrix2x2", "payoffs": [[[57,15],[0,0]],[[52,9],[54,2]]]},
"G594": {"type": "Matrix2x2", "payoffs": [[[60,33],[69,57]],[[52,13],[0,0]]]},
"G595": {"type": "Matrix2x2", "payoffs": [[[51,77],[49,35]],[[24,0],[0,4]]]},
"G596": {"type": "Matrix2x2", "payoffs": [[[6,0],[0,8]],[[45,13],[67,67]]]},
"G597": {"type": "Matrix2x2", "payoffs": [[[37,0],[21,55]],[[50,85],[0,84]]]},
"G598": {"type": "Matrix2x2", "payoffs": [[[0,0],[27,16]],[[22,39],[44,55]]]},
"G599": {"type": "Matrix2x2", "payoffs": [[[15,0],[0,45]],[[16,29],[43,87]]]},
"G600": {"type": "Matrix2x2", "payoffs": [[[19,61],[68,83]],[[0,0],[34,60]]]},
"G601": {"type": "Matrix2x2", "payoffs": [[[20,6],[34,13]],[[22,2],[0,0]]]},
"G602": {"type": "Matrix2x2", "payoffs": [[[90,0],[31,11]],[[95,65],[0,55]]]},
"G603": {"type": "Matrix2x2", "payoffs": [[[0,4],[50,3]],[[48,0],[55,5]]]},
"G604": {"type": "Matrix2x2", "payoffs": [[[11,31],[0,3]],[[30,0],[35,69]]]},
"G605": {"type": "Matrix2x2", "payoffs": [[[48,36],[2,29]],[[35,31],[0,0]]]},
"G606": {"type": "Matrix2x2", "payoffs": [[[83,0],[97,85]],[[0,64],[17,28]]]},
"G607": {"type": "Matrix2x2", "payoffs": [[[6,0],[8,16]],[[19,38],[0,22]]]},
"G608": {"type": "Matrix2x2", "payoffs": [[[0,4],[14,0]],[[8,3],[37,5]]]},
"G609": {"type": "Matrix2x2", "payoffs": [[[3,5],[0,36]],[[2,0],[4,50]]]},
"G610": {"type": "Matrix2x2", "payoffs": [[[0,3],[40,18]],[[37,0],[16,6]]]},
"G611": {"type": "Matrix2x2", "payoffs": [[[14,3],[57,7]],[[0,4],[51,0]]]},
"G612": {"type": "Matrix2x2", "payoffs": [[[36,6],[53,10]],[[28,0],[0,7]]]},
"G613": {"type": "Matrix2x2", "payoffs": [[[11,38],[32,54]],[[25,45],[0,0]]]},
"G614": {"type": "Matrix2x2", "payoffs": [[[1,24],[22,56]],[[0,0],[21,2]]]},
"G615": {"type": "Matrix2x2", "payoffs": [[[18,0],[0,13]],[[19,10],[33,41]]]},
"G616": {"type": "Matrix2x2", "payoffs": [[[5,0],[0,67]],[[8,86],[4,21]]]},
"G617": {"type": "Matrix2x2", "payoffs": [[[44,57],[0,11]],[[36,0],[64,59]]]},
"G618": {"type": "Matrix2x2", "payoffs": [[[62,50],[0,0]],[[52,39],[15,20]]]},
"G619": {"type": "Matrix2x2", "payoffs": [[[14,49],[33,59]],[[0,0],[87,78]]]},
"G620": {"type": "Matrix2x2", "payoffs": [[[6,11],[2,24]],[[0,0],[9,97]]]},
"G621": {"type": "Matrix2x2", "payoffs": [[[6,48],[2,0]],[[7,100],[0,25]]]},
"G622": {"type": "Matrix2x2", "payoffs": [[[22,0],[29,5]],[[0,2],[79,6]]]},
"G623": {"type": "Matrix2x2", "payoffs": [[[0,45],[23,36]],[[60,0],[67,66]]]},
"G624": {"type": "Matrix2x2", "payoffs": [[[25,5],[27,24]],[[0,0],[9,21]]]},
"G625": {"type": "Matrix2x2", "payoffs": [[[53,40],[88,88]],[[0,59],[56,0]]]},
"G626": {"type": "Matrix2x2", "payoffs": [[[87,56],[19,0]],[[0,4],[3,29]]]},
"G627": {"type": "Matrix2x2", "payoffs": [[[100,95],[43,0]],[[21,37],[0,48]]]},
"G628": {"type": "Matrix2x2", "payoffs": [[[0,5],[68,25]],[[58,0],[55,4]]]},
"G629": {"type": "Matrix2x2", "payoffs": [[[3,67],[0,0]],[[1,16],[5,82]]]},
"G630": {"type": "Matrix2x2", "payoffs": [[[5,14],[13,23]],[[27,29],[0,0]]]},
"G631": {"type": "Matrix2x2", "payoffs": [[[6,39],[4,44]],[[19,54],[0,0]]]},
"G632": {"type": "Matrix2x2", "payoffs": [[[8,75],[2,22]],[[0,0],[6,7]]]},
"G633": {"type": "Matrix2x2", "payoffs": [[[89,77],[68,15]],[[47,0],[0,57]]]},
"G634": {"type": "Matrix2x2", "payoffs": [[[60,0],[72,53]],[[53,25],[0,52]]]},
"G635": {"type": "Matrix2x2", "payoffs": [[[0,19],[79,26]],[[53,14],[42,0]]]},
"G636": {"type": "Matrix2x2", "payoffs": [[[0,34],[52,0]],[[38,27],[100,38]]]},
"G637": {"type": "Matrix2x2", "payoffs": [[[56,42],[20,4]],[[0,10],[35,0]]]},
"G638": {"type": "Matrix2x2", "payoffs": [[[74,25],[63,51]],[[86,97],[0,0]]]},
"G639": {"type": "Matrix2x2", "payoffs": [[[9,0],[0,36]],[[14,56],[68,68]]]},
"G640": {"type": "Matrix2x2", "payoffs": [[[8,10],[59,33]],[[56,0],[0,8]]]},
"G641": {"type": "Matrix2x2", "payoffs": [[[74,21],[0,18]],[[24,8],[70,0]]]},
"G642": {"type": "Matrix2x2", "payoffs": [[[14,18],[26,0]],[[0,24],[68,25]]]},
"G643": {"type": "Matrix2x2", "payoffs": [[[29,8],[15,0]],[[0,4],[14,6]]]},
"G644": {"type": "Matrix2x2", "payoffs": [[[18,0],[0,21]],[[31,24],[39,30]]]},
"G645": {"type": "Matrix2x2", "payoffs": [[[0,3],[48,43]],[[26,0],[47,12]]]},
"G646": {"type": "Matrix2x2", "payoffs": [[[10,42],[31,0]],[[0,60],[68,88]]]},
"G647": {"type": "Matrix2x2", "payoffs": [[[0,26],[52,88]],[[36,8],[37,0]]]},
"G648": {"type": "Matrix2x2", "payoffs": [[[40,97],[13,0]],[[0,3],[22,72]]]},
"G649": {"type": "Matrix2x2", "payoffs": [[[52,45],[40,20]],[[29,0],[0,44]]]},
"G650": {"type": "Matrix2x2", "payoffs": [[[58,6],[59,4]],[[82,10],[0,0]]]},
"G651": {"type": "Matrix2x2", "payoffs": [[[74,73],[0,82]],[[53,0],[96,89]]]},
"G652": {"type": "Matrix2x2", "payoffs": [[[6,3],[30,80]],[[0,41],[10,0]]]},
"G653": {"type": "Matrix2x2", "payoffs": [[[20,51],[18,0]],[[0,4],[3,46]]]},
"G654": {"type": "Matrix2x2", "payoffs": [[[97,25],[0,2]],[[44,3],[93,0]]]},
"G655": {"type": "Matrix2x2", "payoffs": [[[72,50],[15,2]],[[0,0],[54,8]]]},
"G656": {"type": "Matrix2x2", "payoffs": [[[21,1],[27,4]],[[0,0],[23,3]]]},
"G657": {"type": "Matrix2x2", "payoffs": [[[21,1],[52,41]],[[0,38],[1,0]]]},
"G658": {"type": "Matrix2x2", "payoffs": [[[81,0],[0,17]],[[64,3],[89,23]]]},
"G659": {"type": "Matrix2x2", "payoffs": [[[17,39],[28,66]],[[5,18],[0,0]]]},
"G660": {"type": "Matrix2x2", "payoffs": [[[22,0],[0,41]],[[1,52],[77,61]]]},
"G661": {"type": "Matrix2x2", "payoffs": [[[79,0],[6,9]],[[82,15],[0,8]]]},
"G662": {"type": "Matrix2x2", "payoffs": [[[29,0],[0,36]],[[66,50],[19,9]]]},
"G663": {"type": "Matrix2x2", "payoffs": [[[78,59],[68,18]],[[0,0],[76,15]]]},
"G664": {"type": "Matrix2x2", "payoffs": [[[68,62],[61,34]],[[0,21],[20,0]]]},
"G665": {"type": "Matrix2x2", "payoffs": [[[1,0],[6,59]],[[8,95],[0,33]]]},
"G666": {"type": "Matrix2x2", "payoffs": [[[93,35],[38,2]],[[86,34],[0,0]]]},
"G667": {"type": "Matrix2x2", "payoffs": [[[1,0],[6,34]],[[7,68],[0,58]]]},
"G668": {"type": "Matrix2x2", "payoffs": [[[0,18],[67,0]],[[86,23],[31,3]]]},
"G669": {"type": "Matrix2x2", "payoffs": [[[95,96],[0,90]],[[88,0],[24,47]]]},
"G670": {"type": "Matrix2x2", "payoffs": [[[56,57],[21,40]],[[0,0],[14,3]]]},
"G671": {"type": "Matrix2x2", "payoffs": [[[11,0],[82,93]],[[0,51],[36,34]]]},
"G672": {"type": "Matrix2x2", "payoffs": [[[0,25],[55,28]],[[41,0],[86,32]]]},
"G673": {"type": "Matrix2x2", "payoffs": [[[28,78],[10,27]],[[23,0],[0,54]]]},
"G674": {"type": "Matrix2x2", "payoffs": [[[43,56],[0,71]],[[42,0],[63,91]]]},
"G675": {"type": "Matrix2x2", "payoffs": [[[9,5],[7,3]],[[0,0],[10,7]]]},
"G676": {"type": "Matrix2x2", "payoffs": [[[33,92],[27,0]],[[0,14],[13,19]]]},
"G677": {"type": "Matrix2x2", "payoffs": [[[87,72],[0,0]],[[96,100],[92,51]]]},
"G678": {"type": "Matrix2x2", "payoffs": [[[1,12],[81,15]],[[0,1],[15,0]]]},
"G679": {"type": "Matrix2x2", "payoffs": [[[3,1],[4,2]],[[0,0],[8,3]]]},
"G680": {"type": "Matrix2x2", "payoffs": [[[1,0],[4,64]],[[2,54],[0,29]]]},
"G681": {"type": "Matrix2x2", "payoffs": [[[0,2],[95,3]],[[97,4],[15,0]]]},
"G682": {"type": "Matrix2x2", "payoffs": [[[31,17],[6,13]],[[0,10],[18,0]]]},
"G683": {"type": "Matrix2x2", "payoffs": [[[0,9],[2,0]],[[8,21],[9,34]]]},
"G684": {"type": "Matrix2x2", "payoffs": [[[0,46],[96,48]],[[33,0],[79,35]]]},
"G685": {"type": "Matrix2x2", "payoffs": [[[0,0],[35,13]],[[39,62],[32,59]]]},
"G686": {"type": "Matrix2x2", "payoffs": [[[75,27],[25,21]],[[14,0],[0,9]]]},
"G687": {"type": "Matrix2x2", "payoffs": [[[70,0],[61,25]],[[71,88],[0,31]]]},
"G688": {"type": "Matrix2x2", "payoffs": [[[72,70],[90,86]],[[43,27],[0,0]]]},
"G689": {"type": "Matrix2x2", "payoffs": [[[1,8],[17,0]],[[18,79],[0,58]]]},
"G690": {"type": "Matrix2x2", "payoffs": [[[14,100],[3,2]],[[13,99],[0,0]]]},
"G691": {"type": "Matrix2x2", "payoffs": [[[56,0],[0,33]],[[5,20],[100,89]]]},
"G692": {"type": "Matrix2x2", "payoffs": [[[8,0],[32,45]],[[10,21],[0,29]]]},
"G693": {"type": "Matrix2x2", "payoffs": [[[0,0],[72,6]],[[54,3],[36,5]]]},
"G694": {"type": "Matrix2x2", "payoffs": [[[20,16],[0,0]],[[6,12],[25,54]]]},
"G695": {"type": "Matrix2x2", "payoffs": [[[0,8],[81,6]],[[97,35],[9,0]]]},
"G696": {"type": "Matrix2x2", "payoffs": [[[1,0],[44,15]],[[0,8],[59,16]]]},
"G697": {"type": "Matrix2x2", "payoffs": [[[16,71],[39,18]],[[72,73],[0,0]]]},
"G698": {"type": "Matrix2x2", "payoffs": [[[63,83],[59,32]],[[0,15],[9,0]]]},
"G699": {"type": "Matrix2x2", "payoffs": [[[77,75],[6,33]],[[55,0],[0,49]]]},
"G700": {"type": "Matrix2x2", "payoffs": [[[27,0],[70,54]],[[59,38],[0,9]]]},
"G701": {"type": "Matrix2x2", "payoffs": [[[23,0],[15,5]],[[26,12],[0,9]]]},
"G702": {"type": "Matrix2x2", "payoffs": [[[72,96],[21,24]],[[63,0],[0,2]]]},
"G703": {"type": "Matrix2x2", "payoffs": [[[39,0],[0,12]],[[80,28],[77,3]]]},
"G704": {"type": "Matrix2x2", "payoffs": [[[0,0],[39,40]],[[8,28],[25,14]]]},
"G705": {"type": "Matrix2x2", "payoffs": [[[8,27],[39,0]],[[0,30],[41,53]]]},
"G706": {"type": "Matrix2x2", "payoffs": [[[0,20],[6,0]],[[18,28],[10,1]]]},
"G707": {"type": "Matrix2x2", "payoffs": [[[9,62],[4,37]],[[0,54],[2,0]]]},
"G708": {"type": "Matrix2x2", "payoffs": [[[80,39],[92,97]],[[0,88],[52,0]]]},
"G709": {"type": "Matrix2x2", "payoffs": [[[94,95],[65,43]],[[0,27],[89,0]]]},
"G710": {"type": "Matrix2x2", "payoffs": [[[25,0],[0,49]],[[7,6],[47,75]]]},
"G711": {"type": "Matrix2x2", "payoffs": [[[0,2],[69,5]],[[86,29],[42,0]]]},
"G712": {"type": "Matrix2x2", "payoffs": [[[29,41],[0,0]],[[18,4],[22,20]]]},
"G713": {"type": "Matrix2x2", "payoffs": [[[37,16],[0,0]],[[73,88],[15,1]]]},
"G714": {"type": "Matrix2x2", "payoffs": [[[3,35],[0,0]],[[1,17],[2,31]]]},
"G715": {"type": "Matrix2x2", "payoffs": [[[78,0],[0,60]],[[64,72],[83,81]]]},
"G716": {"type": "Matrix2x2", "payoffs": [[[2,0],[4,97]],[[1,71],[0,70]]]},
"G717": {"type": "Matrix2x2", "payoffs": [[[11,23],[23,80]],[[0,50],[7,0]]]},
"G718": {"type": "Matrix2x2", "payoffs": [[[45,44],[29,0]],[[0,9],[48,78]]]},
"G719": {"type": "Matrix2x2", "payoffs": [[[0,22],[26,43]],[[1,0],[43,49]]]},
"G720": {"type": "Matrix2x2", "payoffs": [[[4,59],[1,19]],[[2,0],[0,1]]]},
"G721": {"type": "Matrix2x2", "payoffs": [[[0,8],[2,0]],[[1,63],[3,84]]]},
"G722": {"type": "Matrix2x2", "payoffs": [[[4,0],[5,25]],[[31,98],[0,46]]]},
"G723": {"type": "Matrix2x2", "payoffs": [[[68,93],[37,66]],[[24,0],[0,65]]]},
"G724": {"type": "Matrix2x2", "payoffs": [[[1,61],[13,35]],[[0,0],[15,99]]]},
"G725": {"type": "Matrix2x2", "payoffs": [[[33,36],[24,20]],[[17,0],[0,33]]]},
"G726": {"type": "Matrix2x2", "payoffs": [[[67,21],[0,0]],[[95,27],[81,24]]]},
"G727": {"type": "Matrix2x2", "payoffs": [[[37,14],[0,7]],[[5,0],[12,12]]]},
"G728": {"type": "Matrix2x2", "payoffs": [[[88,33],[76,2]],[[0,17],[84,0]]]},
"G729": {"type": "Matrix2x2", "payoffs": [[[81,12],[0,69]],[[78,0],[89,80]]]},
"G730": {"type": "Matrix2x2", "payoffs": [[[90,84],[0,0]],[[12,3],[68,27]]]},
"G731": {"type": "Matrix2x2", "payoffs": [[[50,23],[55,25]],[[0,14],[47,0]]]},
"G732": {"type": "Matrix2x2", "payoffs": [[[11,13],[0,7]],[[3,0],[9,10]]]},
"G733": {"type": "Matrix2x2", "payoffs": [[[29,0],[0,22]],[[86,61],[9,35]]]},
"G734": {"type": "Matrix2x2", "payoffs": [[[25,3],[7,4]],[[91,19],[0,0]]]},
"G735": {"type": "Matrix2x2", "payoffs": [[[93,14],[0,2]],[[76,0],[62,12]]]},
"G736": {"type": "Matrix2x2", "payoffs": [[[9,16],[7,0]],[[0,12],[23,42]]]},
"G737": {"type": "Matrix2x2", "payoffs": [[[28,0],[5,63]],[[0,31],[40,72]]]},
"G738": {"type": "Matrix2x2", "payoffs": [[[7,0],[0,11]],[[2,8],[17,18]]]},
"G739": {"type": "Matrix2x2", "payoffs": [[[74,0],[22,59]],[[0,6],[84,81]]]},
"G740": {"type": "Matrix2x2", "payoffs": [[[7,53],[0,0]],[[29,69],[28,38]]]},
"G741": {"type": "Matrix2x2", "payoffs": [[[0,3],[27,27]],[[45,87],[1,0]]]},
"G742": {"type": "Matrix2x2", "payoffs": [[[66,17],[1,0]],[[0,60],[89,63]]]},
"G743": {"type": "Matrix2x2", "payoffs": [[[13,6],[23,1]],[[0,0],[39,21]]]},
"G744": {"type": "Matrix2x2", "payoffs": [[[52,0],[0,12]],[[65,22],[19,13]]]},
"G745": {"type": "Matrix2x2", "payoffs": [[[72,65],[4,26]],[[30,0],[0,5]]]},
"G746": {"type": "Matrix2x2", "payoffs": [[[63,3],[0,0]],[[21,5],[75,37]]]},
"G747": {"type": "Matrix2x2", "payoffs": [[[30,0],[34,56]],[[0,2],[28,6]]]},
"G748": {"type": "Matrix2x2", "payoffs": [[[56,0],[66,60]],[[89,67],[0,64]]]},
"G749": {"type": "Matrix2x2", "payoffs": [[[90,83],[0,0]],[[47,77],[58,25]]]},
"G750": {"type": "Matrix2x2", "payoffs": [[[18,19],[0,0]],[[55,20],[24,9]]]},
"G751": {"type": "Matrix2x2", "payoffs": [[[18,16],[51,0]],[[0,20],[95,21]]]},
"G752": {"type": "Matrix2x2", "payoffs": [[[30,0],[47,27]],[[21,26],[0,23]]]},
"G753": {"type": "Matrix2x2", "payoffs": [[[91,95],[37,14]],[[14,0],[0,74]]]},
"G754": {"type": "Matrix2x2", "payoffs": [[[0,0],[2,16]],[[20,93],[19,39]]]},
"G755": {"type": "Matrix2x2", "payoffs": [[[0,21],[23,19]],[[34,0],[90,40]]]},
"G756": {"type": "Matrix2x2", "payoffs": [[[24,36],[68,52]],[[0,0],[82,93]]]},
"G757": {"type": "Matrix2x2", "payoffs": [[[58,0],[28,12]],[[83,26],[0,1]]]},
"G758": {"type": "Matrix2x2", "payoffs": [[[0,0],[41,11]],[[39,7],[10,3]]]},
"G759": {"type": "Matrix2x2", "payoffs": [[[73,0],[57,23]],[[0,27],[89,37]]]},
"G760": {"type": "Matrix2x2", "payoffs": [[[93,75],[49,0]],[[0,43],[83,34]]]},
"G761": {"type": "Matrix2x2", "payoffs": [[[31,13],[10,0]],[[0,19],[79,28]]]},
"G762": {"type": "Matrix2x2", "payoffs": [[[2,1],[4,0]],[[0,80],[5,89]]]},
"G763": {"type": "Matrix2x2", "payoffs": [[[54,61],[43,0]],[[20,54],[0,37]]]},
"G764": {"type": "Matrix2x2", "payoffs": [[[69,47],[0,65]],[[29,0],[78,96]]]},
"G765": {"type": "Matrix2x2", "payoffs": [[[7,0],[0,7]],[[34,30],[22,28]]]},
"G766": {"type": "Matrix2x2", "payoffs": [[[29,93],[12,0]],[[21,31],[0,84]]]},
"G767": {"type": "Matrix2x2", "payoffs": [[[0,54],[19,0]],[[24,70],[33,83]]]},
"G768": {"type": "Matrix2x2", "payoffs": [[[19,1],[0,0]],[[47,8],[1,2]]]},
"G769": {"type": "Matrix2x2", "payoffs": [[[0,27],[38,3]],[[1,0],[55,83]]]},
"G770": {"type": "Matrix2x2", "payoffs": [[[16,73],[2,0]],[[0,70],[12,42]]]},
"G771": {"type": "Matrix2x2", "payoffs": [[[33,5],[24,8]],[[0,0],[34,10]]]},
"G772": {"type": "Matrix2x2", "payoffs": [[[9,83],[1,45]],[[5,0],[0,15]]]},
"G773": {"type": "Matrix2x2", "payoffs": [[[76,34],[0,1]],[[16,0],[21,15]]]},
"G774": {"type": "Matrix2x2", "payoffs": [[[12,1],[0,3]],[[17,0],[31,22]]]},
"G775": {"type": "Matrix2x2", "payoffs": [[[41,40],[9,0]],[[53,49],[0,10]]]},
"G776": {"type": "Matrix2x2", "payoffs": [[[5,35],[0,0]],[[4,16],[10,58]]]},
"G777": {"type": "Matrix2x2", "payoffs": [[[68,23],[0,3]],[[64,0],[43,15]]]},
"G778": {"type": "Matrix2x2", "payoffs": [[[8,13],[0,28]],[[2,0],[12,42]]]},
"G779": {"type": "Matrix2x2", "payoffs": [[[54,98],[48,0]],[[51,32],[0,51]]]},
"G780": {"type": "Matrix2x2", "payoffs": [[[17,0],[30,39]],[[0,66],[47,69]]]},
"G781": {"type": "Matrix2x2", "payoffs": [[[21,53],[0,18]],[[18,0],[20,51]]]},
"G782": {"type": "Matrix2x2", "payoffs": [[[9,62],[6,66]],[[0,0],[16,74]]]},
"G783": {"type": "Matrix2x2", "payoffs": [[[15,5],[96,62]],[[29,0],[0,33]]]},
"G784": {"type": "Matrix2x2", "payoffs": [[[14,60],[38,1]],[[88,73],[0,0]]]},
"G785": {"type": "Matrix2x2", "payoffs": [[[17,0],[30,59]],[[12,13],[0,14]]]},
"G786": {"type": "Matrix2x2", "payoffs": [[[19,16],[13,0]],[[1,7],[0,15]]]},
"G787": {"type": "Matrix2x2", "payoffs": [[[0,0],[4,8]],[[12,10],[15,51]]]},
"G788": {"type": "Matrix2x2", "payoffs": [[[5,6],[8,5]],[[10,8],[0,0]]]},
"G789": {"type": "Matrix2x2", "payoffs": [[[0,0],[42,37]],[[18,73],[98,89]]]},
"G790": {"type": "Matrix2x2", "payoffs": [[[50,7],[54,0]],[[0,34],[62,74]]]},
"G791": {"type": "Matrix2x2", "payoffs": [[[5,0],[2,38]],[[0,5],[9,44]]]},
"G792": {"type": "Matrix2x2", "payoffs": [[[7,0],[0,72]],[[28,86],[4,42]]]},
"G793": {"type": "Matrix2x2", "payoffs": [[[85,92],[0,38]],[[39,0],[17,53]]]},
"G794": {"type": "Matrix2x2", "payoffs": [[[49,33],[17,0]],[[0,30],[72,35]]]},
"G795": {"type": "Matrix2x2", "payoffs": [[[8,0],[53,77]],[[0,20],[39,43]]]},
"G796": {"type": "Matrix2x2", "payoffs": [[[63,74],[31,0]],[[0,7],[39,69]]]},
"G797": {"type": "Matrix2x2", "payoffs": [[[12,73],[26,91]],[[7,13],[0,0]]]},
"G798": {"type": "Matrix2x2", "payoffs": [[[26,27],[74,49]],[[0,18],[47,0]]]},
"G799": {"type": "Matrix2x2", "payoffs": [[[29,50],[0,0]],[[8,76],[69,93]]]},
"G800": {"type": "Matrix2x2", "payoffs": [[[61,17],[9,0]],[[41,14],[0,5]]]},
"G801": {"type": "Matrix2x2", "payoffs": [[[15,15],[16,16]],[[0,12],[8,0]]]},
"G802": {"type": "Matrix2x2", "payoffs": [[[10,10],[15,6]],[[0,0],[26,11]]]},
"G803": {"type": "Matrix2x2", "payoffs": [[[0,14],[86,15]],[[62,0],[48,2]]]},
"G804": {"type": "Matrix2x2", "payoffs": [[[21,0],[9,18]],[[0,43],[25,50]]]},
"G805": {"type": "Matrix2x2", "payoffs": [[[0,39],[85,55]],[[49,45],[62,0]]]},
"G806": {"type": "Matrix2x2", "payoffs": [[[58,28],[53,2]],[[35,24],[0,0]]]},
"G807": {"type": "Matrix2x2", "payoffs": [[[88,100],[0,49]],[[1,4],[86,0]]]},
"G808": {"type": "Matrix2x2", "payoffs": [[[0,66],[15,0]],[[53,99],[2,6]]]},
"G809": {"type": "Matrix2x2", "payoffs": [[[61,19],[18,0]],[[52,17],[0,11]]]},
"G810": {"type": "Matrix2x2", "payoffs": [[[0,44],[33,26]],[[18,0],[80,61]]]},
"G811": {"type": "Matrix2x2", "payoffs": [[[8,8],[23,16]],[[11,0],[0,10]]]},
"G812": {"type": "Matrix2x2", "payoffs": [[[42,65],[0,0]],[[43,82],[6,7]]]},
"G813": {"type": "Matrix2x2", "payoffs": [[[65,72],[47,71]],[[21,0],[0,60]]]},
"G814": {"type": "Matrix2x2", "payoffs": [[[48,10],[31,0]],[[18,2],[0,4]]]},
"G815": {"type": "Matrix2x2", "payoffs": [[[0,26],[6,33]],[[7,78],[3,0]]]},
"G816": {"type": "Matrix2x2", "payoffs": [[[85,3],[0,41]],[[28,0],[98,51]]]},
"G817": {"type": "Matrix2x2", "payoffs": [[[8,0],[0,63]],[[9,79],[6,74]]]},
"G818": {"type": "Matrix2x2", "payoffs": [[[9,14],[0,5]],[[3,6],[1,0]]]},
"G819": {"type": "Matrix2x2", "payoffs": [[[2,47],[0,0]],[[63,12],[90,74]]]},
"G820": {"type": "Matrix2x2", "payoffs": [[[41,83],[0,0]],[[23,25],[2,10]]]},
"G821": {"type": "Matrix2x2", "payoffs": [[[8,18],[0,0]],[[14,23],[79,34]]]},
"G822": {"type": "Matrix2x2", "payoffs": [[[11,0],[18,76]],[[4,29],[0,56]]]},
"G823": {"type": "Matrix2x2", "payoffs": [[[20,41],[0,3]],[[9,23],[19,0]]]},
"G824": {"type": "Matrix2x2", "payoffs": [[[19,15],[0,14]],[[30,0],[47,24]]]},
"G825": {"type": "Matrix2x2", "payoffs": [[[11,0],[32,7]],[[49,85],[0,34]]]},
"G826": {"type": "Matrix2x2", "payoffs": [[[0,0],[23,62]],[[42,10],[59,71]]]},
"G827": {"type": "Matrix2x2", "payoffs": [[[5,19],[0,0]],[[83,37],[9,28]]]},
"G828": {"type": "Matrix2x2", "payoffs": [[[37,0],[97,50]],[[13,11],[0,3]]]},
"G829": {"type": "Matrix2x2", "payoffs": [[[15,0],[57,58]],[[0,55],[6,27]]]},
"G830": {"type": "Matrix2x2", "payoffs": [[[15,79],[0,62]],[[1,0],[13,53]]]},
"G831": {"type": "Matrix2x2", "payoffs": [[[85,86],[68,0]],[[74,43],[0,31]]]},
"G832": {"type": "Matrix2x2", "payoffs": [[[16,4],[0,0]],[[90,39],[55,12]]]},
"G833": {"type": "Matrix2x2", "payoffs": [[[52,89],[53,94]],[[0,82],[43,0]]]},
"G834": {"type": "Matrix2x2", "payoffs": [[[0,14],[11,0]],[[80,44],[16,5]]]},
"G835": {"type": "Matrix2x2", "payoffs": [[[23,0],[45,40]],[[9,35],[0,10]]]},
"G836": {"type": "Matrix2x2", "payoffs": [[[20,18],[16,0]],[[0,35],[52,36]]]},
"G837": {"type": "Matrix2x2", "payoffs": [[[1,17],[0,21]],[[7,0],[10,33]]]},
"G838": {"type": "Matrix2x2", "payoffs": [[[90,85],[0,5]],[[73,0],[4,37]]]},
"G839": {"type": "Matrix2x2", "payoffs": [[[31,40],[0,10]],[[23,34],[11,0]]]},
"G840": {"type": "Matrix2x2", "payoffs": [[[79,0],[95,67]],[[93,58],[0,50]]]},
"G841": {"type": "Matrix2x2", "payoffs": [[[2,0],[3,25]],[[5,66],[0,52]]]},
"G842": {"type": "Matrix2x2", "payoffs": [[[1,0],[6,13]],[[0,57],[13,90]]]},
"G843": {"type": "Matrix2x2", "payoffs": [[[67,0],[68,87]],[[49,9],[0,57]]]},
"G844": {"type": "Matrix2x2", "payoffs": [[[0,46],[33,76]],[[6,42],[8,0]]]},
"G845": {"type": "Matrix2x2", "payoffs": [[[0,40],[33,0]],[[35,25],[72,48]]]},
"G846": {"type": "Matrix2x2", "payoffs": [[[0,12],[10,0]],[[26,4],[27,19]]]},
"G847": {"type": "Matrix2x2", "payoffs": [[[12,0],[22,11]],[[0,12],[42,62]]]},
"G848": {"type": "Matrix2x2", "payoffs": [[[68,52],[51,0]],[[45,49],[0,32]]]},
"G849": {"type": "Matrix2x2", "payoffs": [[[7,17],[4,16]],[[0,0],[2,11]]]},
"G850": {"type": "Matrix2x2", "payoffs": [[[49,32],[54,67]],[[26,0],[0,56]]]},
"G851": {"type": "Matrix2x2", "payoffs": [[[0,15],[82,42]],[[66,0],[31,27]]]},
"G852": {"type": "Matrix2x2", "payoffs": [[[10,0],[24,38]],[[4,36],[0,7]]]},
"G853": {"type": "Matrix2x2", "payoffs": [[[43,56],[0,0]],[[24,32],[14,19]]]},
"G854": {"type": "Matrix2x2", "payoffs": [[[0,2],[24,0]],[[90,40],[77,16]]]},
"G855": {"type": "Matrix2x2", "payoffs": [[[1,10],[0,14]],[[24,31],[15,0]]]},
"G856": {"type": "Matrix2x2", "payoffs": [[[16,29],[58,7]],[[0,0],[88,49]]]},
"G857": {"type": "Matrix2x2", "payoffs": [[[18,3],[24,4]],[[4,1],[0,0]]]},
"G858": {"type": "Matrix2x2", "payoffs": [[[4,3],[84,4]],[[0,0],[82,1]]]},
"G859": {"type": "Matrix2x2", "payoffs": [[[37,15],[91,66]],[[0,1],[36,0]]]},
"G860": {"type": "Matrix2x2", "payoffs": [[[22,0],[26,13]],[[0,22],[42,26]]]},
"G861": {"type": "Matrix2x2", "payoffs": [[[0,29],[1,0]],[[2,23],[3,53]]]},
"G862": {"type": "Matrix2x2", "payoffs": [[[27,25],[9,0]],[[0,24],[24,4]]]},
"G863": {"type": "Matrix2x2", "payoffs": [[[15,0],[57,45]],[[10,2],[0,40]]]},
"G864": {"type": "Matrix2x2", "payoffs": [[[0,13],[1,0]],[[30,51],[19,8]]]},
"G865": {"type": "Matrix2x2", "payoffs": [[[0,33],[37,64]],[[47,0],[51,85]]]},
"G866": {"type": "Matrix2x2", "payoffs": [[[13,0],[14,12]],[[18,47],[0,5]]]},
"G867": {"type": "Matrix2x2", "payoffs": [[[13,11],[0,0]],[[33,34],[15,15]]]},
"G868": {"type": "Matrix2x2", "payoffs": [[[27,0],[0,17]],[[30,20],[17,14]]]},
"G869": {"type": "Matrix2x2", "payoffs": [[[52,1],[0,32]],[[98,63],[81,0]]]},
"G870": {"type": "Matrix2x2", "payoffs": [[[5,3],[2,2]],[[4,1],[0,0]]]},
"G871": {"type": "Matrix2x2", "payoffs": [[[65,4],[73,10]],[[95,12],[0,0]]]},
"G872": {"type": "Matrix2x2", "payoffs": [[[22,33],[13,0]],[[6,32],[0,6]]]},
"G873": {"type": "Matrix2x2", "payoffs": [[[0,24],[21,0]],[[33,12],[37,25]]]},
"G874": {"type": "Matrix2x2", "payoffs": [[[62,3],[0,1]],[[30,2],[60,0]]]},
"G875": {"type": "Matrix2x2", "payoffs": [[[12,27],[35,0]],[[52,68],[0,50]]]},
"G876": {"type": "Matrix2x2", "payoffs": [[[48,81],[40,0]],[[0,76],[12,12]]]},
"G877": {"type": "Matrix2x2", "payoffs": [[[46,60],[39,54]],[[20,0],[0,16]]]},
"G878": {"type": "Matrix2x2", "payoffs": [[[17,17],[0,0]],[[68,31],[24,14]]]},
"G879": {"type": "Matrix2x2", "payoffs": [[[86,22],[22,13]],[[90,64],[0,0]]]},
"G880": {"type": "Matrix2x2", "payoffs": [[[2,33],[0,0]],[[1,29],[3,44]]]},
"G881": {"type": "Matrix2x2", "payoffs": [[[9,0],[0,2]],[[6,1],[16,3]]]},
"G882": {"type": "Matrix2x2", "payoffs": [[[78,80],[71,54]],[[0,0],[52,56]]]},
"G883": {"type": "Matrix2x2", "payoffs": [[[12,42],[22,73]],[[20,0],[0,36]]]},
"G884": {"type": "Matrix2x2", "payoffs": [[[1,0],[72,26]],[[21,8],[0,14]]]},
"G885": {"type": "Matrix2x2", "payoffs": [[[2,0],[14,15]],[[0,36],[17,84]]]},
"G886": {"type": "Matrix2x2", "payoffs": [[[0,0],[4,52]],[[2,22],[1,1]]]},
"G887": {"type": "Matrix2x2", "payoffs": [[[30,3],[0,1]],[[3,0],[21,2]]]},
"G888": {"type": "Matrix2x2", "payoffs": [[[0,7],[94,26]],[[27,0],[49,6]]]},
"G889": {"type": "Matrix2x2", "payoffs": [[[33,6],[25,4]],[[26,0],[0,2]]]},
"G890": {"type": "Matrix2x2", "payoffs": [[[31,55],[4,0]],[[0,48],[12,37]]]},
"G891": {"type": "Matrix2x2", "payoffs": [[[4,71],[0,0]],[[6,5],[24,76]]]},
"G892": {"type": "Matrix2x2", "payoffs": [[[0,0],[14,48]],[[10,65],[18,70]]]},
"G893": {"type": "Matrix2x2", "payoffs": [[[7,85],[0,0]],[[11,86],[17,93]]]},
"G894": {"type": "Matrix2x2", "payoffs": [[[87,63],[65,29]],[[68,3],[0,0]]]},
"G895": {"type": "Matrix2x2", "payoffs": [[[0,0],[53,3]],[[50,7],[85,34]]]},
"G896": {"type": "Matrix2x2", "payoffs": [[[91,96],[12,0]],[[60,94],[0,17]]]},
"G897": {"type": "Matrix2x2", "payoffs": [[[14,0],[15,58]],[[0,41],[10,9]]]},
"G898": {"type": "Matrix2x2", "payoffs": [[[0,4],[48,64]],[[19,10],[12,0]]]},
"G899": {"type": "Matrix2x2", "payoffs": [[[0,31],[49,47]],[[27,0],[45,3]]]},
"G900": {"type": "Matrix2x2", "payoffs": [[[0,18],[2,0]],[[10,76],[16,95]]]},
"G901": {"type": "Matrix2x2", "payoffs": [[[97,54],[0,48]],[[56,13],[57,0]]]},
"G902": {"type": "Matrix2x2", "payoffs": [[[88,92],[16,48]],[[0,0],[77,45]]]},
"G903": {"type": "Matrix2x2", "payoffs": [[[19,88],[17,0]],[[0,16],[18,4]]]},
"G904": {"type": "Matrix2x2", "payoffs": [[[52,39],[48,16]],[[0,0],[45,11]]]},
"G905": {"type": "Matrix2x2", "payoffs": [[[9,2],[10,59]],[[0,0],[5,32]]]},
"G906": {"type": "Matrix2x2", "payoffs": [[[49,93],[0,0]],[[37,66],[11,18]]]},
"G907": {"type": "Matrix2x2", "payoffs": [[[31,89],[0,0]],[[11,52],[20,42]]]},
"G908": {"type": "Matrix2x2", "payoffs": [[[3,1],[0,0]],[[1,2],[6,4]]]},
"G909": {"type": "Matrix2x2", "payoffs": [[[39,51],[63,93]],[[58,0],[0,65]]]},
"G910": {"type": "Matrix2x2", "payoffs": [[[10,21],[38,22]],[[0,0],[65,90]]]},
"G911": {"type": "Matrix2x2", "payoffs": [[[57,26],[43,62]],[[61,96],[0,0]]]},
"G912": {"type": "Matrix2x2", "payoffs": [[[95,45],[46,0]],[[20,41],[0,22]]]},
"G913": {"type": "Matrix2x2", "payoffs": [[[14,26],[0,0]],[[2,5],[1,16]]]},
"G914": {"type": "Matrix2x2", "payoffs": [[[0,6],[60,15]],[[42,0],[13,5]]]},
"G915": {"type": "Matrix2x2", "payoffs": [[[0,0],[21,7]],[[31,47],[50,52]]]},
"G916": {"type": "Matrix2x2", "payoffs": [[[5,22],[13,65]],[[0,58],[10,0]]]},
"G917": {"type": "Matrix2x2", "payoffs": [[[47,0],[43,10]],[[86,19],[0,17]]]},
"G918": {"type": "Matrix2x2", "payoffs": [[[56,16],[0,1]],[[14,0],[94,40]]]},
"G919": {"type": "Matrix2x2", "payoffs": [[[78,25],[44,5]],[[32,18],[0,0]]]},
"G920": {"type": "Matrix2x2", "payoffs": [[[23,4],[4,0]],[[0,1],[50,6]]]},
"G921": {"type": "Matrix2x2", "payoffs": [[[2,72],[5,77]],[[0,0],[4,42]]]},
"G922": {"type": "Matrix2x2", "payoffs": [[[88,98],[1,37]],[[26,0],[0,43]]]},
"G923": {"type": "Matrix2x2", "payoffs": [[[21,35],[14,47]],[[54,62],[0,0]]]},
"G924": {"type": "Matrix2x2", "payoffs": [[[43,59],[16,2]],[[9,53],[0,0]]]},
"G925": {"type": "Matrix2x2", "payoffs": [[[0,46],[16,0]],[[6,30],[29,74]]]},
"G926": {"type": "Matrix2x2", "payoffs": [[[4,0],[5,5]],[[0,11],[18,42]]]},
"G927": {"type": "Matrix2x2", "payoffs": [[[27,80],[20,49]],[[0,7],[5,0]]]},
"G928": {"type": "Matrix2x2", "payoffs": [[[0,44],[88,47]],[[4,10],[69,0]]]},
"G929": {"type": "Matrix2x2", "payoffs": [[[8,7],[0,0]],[[9,47],[43,51]]]},
"G930": {"type": "Matrix2x2", "payoffs": [[[9,10],[0,0]],[[84,57],[45,8]]]},
"G931": {"type": "Matrix2x2", "payoffs": [[[0,3],[71,10]],[[31,2],[17,0]]]},
"G932": {"type": "Matrix2x2", "payoffs": [[[10,59],[9,52]],[[7,42],[0,0]]]},
"G933": {"type": "Matrix2x2", "payoffs": [[[63,0],[0,14]],[[37,17],[71,24]]]},
"G934": {"type": "Matrix2x2", "payoffs": [[[0,0],[59,73]],[[73,90],[66,80]]]},
"G935": {"type": "Matrix2x2", "payoffs": [[[10,48],[0,42]],[[6,0],[33,87]]]},
"G936": {"type": "Matrix2x2", "payoffs": [[[10,32],[22,33]],[[0,0],[20,14]]]},
"G937": {"type": "Matrix2x2", "payoffs": [[[11,0],[71,88]],[[0,20],[19,74]]]},
"G938": {"type": "Matrix2x2", "payoffs": [[[51,95],[14,73]],[[18,93],[0,0]]]},
"G939": {"type": "Matrix2x2", "payoffs": [[[63,45],[35,18]],[[29,0],[0,44]]]},
"G940": {"type": "Matrix2x2", "payoffs": [[[77,78],[16,63]],[[0,0],[9,8]]]},
"G941": {"type": "Matrix2x2", "payoffs": [[[59,5],[79,84]],[[72,14],[0,0]]]},
"G942": {"type": "Matrix2x2", "payoffs": [[[28,52],[0,0]],[[21,13],[1,25]]]},
"G943": {"type": "Matrix2x2", "payoffs": [[[11,0],[70,5]],[[0,4],[57,2]]]},
"G944": {"type": "Matrix2x2", "payoffs": [[[5,0],[23,85]],[[10,52],[0,31]]]},
"G945": {"type": "Matrix2x2", "payoffs": [[[2,0],[0,24]],[[8,44],[29,71]]]},
"G946": {"type": "Matrix2x2", "payoffs": [[[6,0],[29,2]],[[44,24],[0,16]]]},
"G947": {"type": "Matrix2x2", "payoffs": [[[19,8],[10,7]],[[15,1],[0,0]]]},
"G948": {"type": "Matrix2x2", "payoffs": [[[72,47],[0,0]],[[96,96],[24,5]]]},
"G949": {"type": "Matrix2x2", "payoffs": [[[20,0],[0,35]],[[49,63],[10,60]]]},
"G950": {"type": "Matrix2x2", "payoffs": [[[1,9],[20,67]],[[4,22],[0,0]]]},
"G951": {"type": "Matrix2x2", "payoffs": [[[6,49],[5,90]],[[40,94],[0,0]]]},
"G952": {"type": "Matrix2x2", "payoffs": [[[34,0],[0,51]],[[45,63],[10,38]]]},
"G953": {"type": "Matrix2x2", "payoffs": [[[44,17],[13,0]],[[70,78],[0,40]]]},
"G954": {"type": "Matrix2x2", "payoffs": [[[25,0],[0,61]],[[9,32],[35,71]]]},
"G955": {"type": "Matrix2x2", "payoffs": [[[0,21],[25,7]],[[26,70],[20,0]]]},
"G956": {"type": "Matrix2x2", "payoffs": [[[12,100],[0,89]],[[3,0],[1,77]]]},
"G957": {"type": "Matrix2x2", "payoffs": [[[14,34],[21,52]],[[0,15],[2,0]]]},
"G958": {"type": "Matrix2x2", "payoffs": [[[99,30],[0,22]],[[64,0],[93,15]]]},
"G959": {"type": "Matrix2x2", "payoffs": [[[0,0],[76,6]],[[61,26],[87,31]]]},
"G960": {"type": "Matrix2x2", "payoffs": [[[0,1],[62,33]],[[75,34],[36,0]]]},
"G961": {"type": "Matrix2x2", "payoffs": [[[6,53],[48,75]],[[0,10],[36,0]]]},
"G962": {"type": "Matrix2x2", "payoffs": [[[27,41],[88,48]],[[85,0],[0,33]]]},
"G963": {"type": "Matrix2x2", "payoffs": [[[1,70],[14,77]],[[0,0],[6,74]]]},
"G964": {"type": "Matrix2x2", "payoffs": [[[0,27],[69,36]],[[33,22],[65,0]]]},
"G965": {"type": "Matrix2x2", "payoffs": [[[0,5],[20,7]],[[6,0],[22,17]]]},
"G966": {"type": "Matrix2x2", "payoffs": [[[0,0],[29,46]],[[17,23],[4,6]]]},
"G967": {"type": "Matrix2x2", "payoffs": [[[12,20],[4,0]],[[49,31],[0,6]]]},
"G968": {"type": "Matrix2x2", "payoffs": [[[47,2],[76,8]],[[37,6],[0,0]]]},
"G969": {"type": "Matrix2x2", "payoffs": [[[29,21],[16,0]],[[86,91],[0,58]]]},
"G970": {"type": "Matrix2x2", "payoffs": [[[4,0],[59,63]],[[0,49],[3,5]]]},
"G971": {"type": "Matrix2x2", "payoffs": [[[50,0],[0,1]],[[94,5],[16,2]]]},
"G972": {"type": "Matrix2x2", "payoffs": [[[70,36],[80,84]],[[37,0],[0,61]]]},
"G973": {"type": "Matrix2x2", "payoffs": [[[6,1],[7,0]],[[0,37],[21,53]]]},
"G974": {"type": "Matrix2x2", "payoffs": [[[39,5],[0,11]],[[19,0],[86,17]]]},
"G975": {"type": "Matrix2x2", "payoffs": [[[6,0],[0,13]],[[4,78],[7,87]]]},
"G976": {"type": "Matrix2x2", "payoffs": [[[44,0],[64,44]],[[1,16],[0,40]]]},
"G977": {"type": "Matrix2x2", "payoffs": [[[73,0],[84,20]],[[0,3],[14,17]]]},
"G978": {"type": "Matrix2x2", "payoffs": [[[0,4],[11,9]],[[17,0],[53,13]]]},
"G979": {"type": "Matrix2x2", "payoffs": [[[36,8],[7,0]],[[65,49],[0,13]]]},
"G980": {"type": "Matrix2x2", "payoffs": [[[1,42],[27,75]],[[34,96],[0,0]]]},
"G981": {"type": "Matrix2x2", "payoffs": [[[2,27],[0,0]],[[6,61],[5,10]]]},
"G982": {"type": "Matrix2x2", "payoffs": [[[3,62],[2,0]],[[1,15],[0,34]]]},
"G983": {"type": "Matrix2x2", "payoffs": [[[24,79],[21,70]],[[1,0],[0,67]]]},
"G984": {"type": "Matrix2x2", "payoffs": [[[40,61],[8,13]],[[39,0],[0,45]]]},
"G985": {"type": "Matrix2x2", "payoffs": [[[12,56],[11,0]],[[4,36],[0,33]]]},
"G986": {"type": "Matrix2x2", "payoffs": [[[14,52],[0,46]],[[2,0],[28,62]]]},
"G987": {"type": "Matrix2x2", "payoffs": [[[58,7],[0,0]],[[77,16],[36,6]]]},
"G988": {"type": "Matrix2x2", "payoffs": [[[3,5],[47,12]],[[0,0],[39,9]]]},
"G989": {"type": "Matrix2x2", "payoffs": [[[40,78],[0,0]],[[2,51],[54,83]]]},
"G990": {"type": "Matrix2x2", "payoffs": [[[0,62],[64,82]],[[24,0],[8,43]]]},
"G991": {"type": "Matrix2x2", "payoffs": [[[8,0],[16,20]],[[0,25],[31,40]]]},
"G992": {"type": "Matrix2x2", "payoffs": [[[76,24],[52,0]],[[4,11],[0,22]]]},
"G993": {"type": "Matrix2x2", "payoffs": [[[0,0],[66,25]],[[24,29],[77,64]]]},
"G994": {"type": "Matrix2x2", "payoffs": [[[50,36],[1,10]],[[0,8],[11,0]]]},
"G995": {"type": "Matrix2x2", "payoffs": [[[72,29],[44,0]],[[0,6],[7,23]]]},
"G996": {"type": "Matrix2x2", "payoffs": [[[0,18],[23,0]],[[27,38],[64,65]]]},
"G997": {"type": "Matrix2x2", "payoffs": [[[75,39],[0,17]],[[37,36],[72,0]]]},
"G998": {"type": "Matrix2x2", "payoffs": [[[0,12],[1,0]],[[9,9],[13,15]]]},
"G999": {"type": "Matrix2x2", "payoffs": [[[21,17],[11,0]],[[22,23],[0,9]]]},
"G1000": {"type": "Matrix2x2", "payoffs": [[[94,79],[36,48]],[[24,0],[0,24]]]}
}