{
"numGames": 1000,
"G1": {"type": "Matrix2x2", "payoffs": [[[0,39],[74,55]],[[12,0],[21,51]]]},
"G2": {"type": "Matrix2x2", "payoffs": [[[0,18],[53,22]],[[29,0],[13,13]]]},
"G3": {"type": "Matrix2x2", "payoffs": [[[38,24],[0,12]],[[4,0],[26,7]]]},
"G4": {"type": "Matrix2x2", "payoffs": [[[9,0],[39,67]],[[14,39],[0,40]]]},
"G5": {"type": "Matrix2x2", "payoffs": [[[99,71],[57,42]],[[81,0],[0,18]]]},
"G6": {"type": "Matrix2x2", "payoffs": [[[38,66],[0,60]],[[9,43],[36,0]]]},
"G7": {"type": "Matrix2x2", "payoffs": [[[54,67],[29,37]],[[0,11],[13,0]]]},
"G8": {"type": "Matrix2x2", "payoffs": [[[31,63],[43,96]],[[12,78],[0,0]]]},
"G9": {"type": "Matrix2x2", "payoffs": [[[8,98],[6,0]],[[4,70],[0,33]]]},
"G10": {"type": "Matrix2x2", "payoffs": [[[63,0],[89,70]],[[52,44],[0,30]]]},
"G11": {"type": "Matrix2x2", "payoffs": [[[7,72],[0,17]],[[16,0],[50,100]]]},
"G12": {"type": "Matrix2x2", "payoffs": [[[19,52],[4,2]],[[0,3],[1,0]]]},
"G13": {"type": "Matrix2x2", "payoffs": [[[8,35],[0,12]],[[1,0],[2,13]]]},
"G14": {"type": "Matrix2x2", "payoffs": [[[99,79],[26,76]],[[0,0],[65,16]]]},
"G15": {"type": "Matrix2x2", "payoffs": [[[14,21],[0,6]],[[4,12],[9,0]]]},
"G16": {"type": "Matrix2x2", "payoffs": [[[78,0],[96,94]],[[91,38],[0,46]]]},
"G17": {"type": "Matrix2x2", "payoffs": [[[39,0],[0,3]],[[28,4],[43,5]]]},
"G18": {"type": "Matrix2x2", "payoffs": [[[49,37],[4,0]],[[25,35],[0,7]]]},
"G19": {"type": "Matrix2x2", "payoffs": [[[97,61],[0,52]],[[12,3],[84,0]]]},
"G20": {"type": "Matrix2x2", "payoffs": [[[55,6],[0,0]],[[58,87],[61,99]]]},
"G21": {"type": "Matrix2x2", "payoffs": [[[0,62],[5,18]],[[8,0],[21,84]]]},
"G22": {"type": "Matrix2x2", "payoffs": [[[0,1],[32,8]],[[67,64],[12,0]]]},
"G23": {"type": "Matrix2x2", "payoffs": [[[43,29],[8,0]],[[0,11],[45,54]]]},
"G24": {"type": "Matrix2x2", "payoffs": [[[0,0],[19,52]],[[54,60],[27,10]]]},
"G25": {"type": "Matrix2x2", "payoffs": [[[23,16],[41,41]],[[9,17],[0,0]]]},
"G26": {"type": "Matrix2x2", "payoffs": [[[3,0],[0,51]],[[12,32],[16,90]]]},
"G27": {"type": "Matrix2x2", "payoffs": [[[0,5],[34,20]],[[88,42],[76,0]]]},
"G28": {"type": "Matrix2x2", "payoffs": [[[0,21],[3,0]],[[6,2],[8,84]]]},
"G29": {"type": "Matrix2x2", "payoffs": [[[40,89],[18,0]],[[0,63],[5,17]]]},
"G30": {"type": "Matrix2x2", "payoffs": [[[9,3],[0,0]],[[73,4],[43,2]]]},
"G31": {"type": "Matrix2x2", "payoffs": [[[0,59],[20,21]],[[41,0],[60,62]]]},
"G32": {"type": "Matrix2x2", "payoffs": [[[0,15],[11,0]],[[97,97],[20,32]]]},
"G33": {"type": "Matrix2x2", "payoffs": [[[64,5],[24,0]],[[0,2],[36,4]]]},
"G34": {"type": "Matrix2x2", "payoffs": [[[0,0],[1,8]],[[12,88],[5,49]]]},
"G35": {"type": "Matrix2x2", "payoffs": [[[15,62],[12,36]],[[0,0],[38,81]]]},
"G36": {"type": "Matrix2x2", "payoffs": [[[59,42],[56,0]],[[0,20],[16,10]]]},
"G37": {"type": "Matrix2x2", "payoffs": [[[29,49],[25,29]],[[22,0],[0,35]]]},
"G38": {"type": "Matrix2x2", "payoffs": [[[0,5],[14,20]],[[52,21],[38,0]]]},
"G39": {"type": "Matrix2x2", "payoffs": [[[0,29],[17,0]],[[41,77],[6,9]]]},
"G40": {"type": "Matrix2x2", "payoffs": [[[0,0],[40,3]],[[53,24],[84,30]]]},
"G41": {"type": "Matrix2x2", "payoffs": [[[0,44],[3,0]],[[13,100],[8,66]]]},
"G42": {"type": "Matrix2x2", "payoffs": [[[90,43],[1,0]],[[21,40],[0,34]]]},
"G43": {"type": "Matrix2x2", "payoffs": [[[38,3],[0,0]],[[74,27],[86,68]]]},
"G44": {"type": "Matrix2x2", "payoffs": [[[30,34],[0,52]],[[32,55],[17,0]]]},
"G45": {"type": "Matrix2x2", "payoffs": [[[25,4],[0,8]],[[21,0],[31,27]]]},
"G46": {"type": "Matrix2x2", "payoffs": [[[1,12],[0,0]],[[25,76],[11,40]]]},
"G47": {"type": "Matrix2x2", "payoffs": [[[73,7],[9,6]],[[32,0],[0,5]]]},
"G48": {"type": "Matrix2x2", "payoffs": [[[0,10],[86,71]],[[40,12],[12,0]]]},
"G49": {"type": "Matrix2x2", "payoffs": [[[2,36],[4,50]],[[0,22],[1,0]]]},
"G50": {"type": "Matrix2x2", "payoffs": [[[2,50],[6,13]],[[11,70],[0,0]]]},
"G51": {"type": "Matrix2x2", "payoffs": [[[53,34],[0,0]],[[6,6],[32,24]]]},
"G52": {"type": "Matrix2x2", "payoffs": [[[46,0],[7,41]],[[70,78],[0,4]]]},
"G53": {"type": "Matrix2x2", "payoffs": [[[0,0],[25,2]],[[36,3],[30,1]]]},
"G54": {"type": "Matrix2x2", "payoffs": [[[3,20],[26,4]],[[0,0],[62,27]]]},
"G55": {"type": "Matrix2x2", "payoffs": [[[14,0],[33,16]],[[40,21],[0,1]]]},
"G56": {"type": "Matrix2x2", "payoffs": [[[22,55],[0,0]],[[12,52],[20,42]]]},
"G57": {"type": "Matrix2x2", "payoffs": [[[76,62],[0,39]],[[68,49],[11,0]]]},
"G58": {"type": "Matrix2x2", "payoffs": [[[48,59],[0,16]],[[29,0],[26,42]]]},
"G59": {"type": "Matrix2x2", "payoffs": [[[75,50],[0,36]],[[44,38],[9,0]]]},
"G60": {"type": "Matrix2x2", "payoffs": [[[53,61],[98,88]],[[92,53],[0,0]]]},
"G61": {"type": "Matrix2x2", "payoffs": [[[7,9],[0,6]],[[30,45],[19,0]]]},
"G62": {"type": "Matrix2x2", "payoffs": [[[21,0],[0,52]],[[15,33],[24,79]]]},
"G63": {"type": "Matrix2x2", "payoffs": [[[93,76],[32,0]],[[54,60],[0,24]]]},
"G64": {"type": "Matrix2x2", "payoffs": [[[11,2],[0,1]],[[2,0],[62,4]]]},
"G65": {"type": "Matrix2x2", "payoffs": [[[28,0],[43,98]],[[39,31],[0,46]]]},
"G66": {"type": "Matrix2x2", "payoffs": [[[55,53],[16,0]],[[43,14],[0,46]]]},
"G67": {"type": "Matrix2x2", "payoffs": [[[22,0],[39,5]],[[76,61],[0,42]]]},
"G68": {"type": "Matrix2x2", "payoffs": [[[17,0],[0,44]],[[57,33],[58,46]]]},
"G69": {"type": "Matrix2x2", "payoffs": [[[11,0],[0,14]],[[73,47],[65,33]]]},
"G70": {"type": "Matrix2x2", "payoffs": [[[80,86],[21,0]],[[0,69],[52,52]]]},
"G71": {"type": "Matrix2x2", "payoffs": [[[0,81],[2,0]],[[32,84],[16,17]]]},
"G72": {"type": "Matrix2x2", "payoffs": [[[35,57],[14,0]],[[1,32],[0,9]]]},
"G73": {"type": "Matrix2x2", "payoffs": [[[0,12],[78,17]],[[39,0],[51,3]]]},
"G74": {"type": "Matrix2x2", "payoffs": [[[0,43],[35,58]],[[41,0],[56,84]]]},
"G75": {"type": "Matrix2x2", "payoffs": [[[47,5],[70,42]],[[26,0],[0,26]]]},
"G76": {"type": "Matrix2x2", "payoffs": [[[83,59],[0,36]],[[74,0],[12,49]]]},
"G77": {"type": "Matrix2x2", "payoffs": [[[6,41],[52,51]],[[0,13],[21,0]]]},
"G78": {"type": "Matrix2x2", "payoffs": [[[61,0],[0,22]],[[77,58],[42,20]]]},
"G79": {"type": "Matrix2x2", "payoffs": [[[0,12],[1,0]],[[2,67],[14,72]]]},
"G80": {"type": "Matrix2x2", "payoffs": [[[25,31],[0,13]],[[2,0],[40,63]]]},
"G81": {"type": "Matrix2x2", "payoffs": [[[17,13],[6,0]],[[65,95],[0,58]]]},
"G82": {"type": "Matrix2x2", "payoffs": [[[90,4],[93,17]],[[67,13],[0,0]]]},
"G83": {"type": "Matrix2x2", "payoffs": [[[13,2],[0,13]],[[17,0],[23,15]]]},
"G84": {"type": "Matrix2x2", "payoffs": [[[0,35],[28,0]],[[53,21],[60,42]]]},
"G85": {"type": "Matrix2x2", "payoffs": [[[14,18],[30,0]],[[57,57],[0,56]]]},
"G86": {"type": "Matrix2x2", "payoffs": [[[8,14],[24,29]],[[0,12],[21,0]]]},
"G87": {"type": "Matrix2x2", "payoffs": [[[44,1],[47,0]],[[0,69],[70,77]]]},
"G88": {"type": "Matrix2x2", "payoffs": [[[60,0],[22,15]],[[0,30],[64,47]]]},
"G89": {"type": "Matrix2x2", "payoffs": [[[0,4],[88,5]],[[78,0],[32,2]]]},
"G90": {"type": "Matrix2x2", "payoffs": [[[0,8],[79,10]],[[8,5],[51,0]]]},
"G91": {"type": "Matrix2x2", "payoffs": [[[11,53],[0,7]],[[33,54],[30,0]]]},
"G92": {"type": "Matrix2x2", "payoffs": [[[36,0],[0,24]],[[62,32],[81,35]]]},
"G93": {"type": "Matrix2x2", "payoffs": [[[91,32],[54,23]],[[0,0],[17,13]]]},
"G94": {"type": "Matrix2x2", "payoffs": [[[0,5],[16,8]],[[17,62],[5,0]]]},
"G95": {"type": "Matrix2x2", "payoffs": [[[12,26],[32,93]],[[0,0],[31,62]]]},
"G96": {"type": "Matrix2x2", "payoffs": [[[0,89],[71,0]],[[86,27],[87,98]]]},
"G97": {"type": "Matrix2x2", "payoffs": [[[14,37],[8,43]],[[15,46],[0,0]]]},
"G98": {"type": "Matrix2x2", "payoffs": [[[51,2],[55,21]],[[7,0],[0,3]]]},
"G99": {"type": "Matrix2x2", "payoffs": [[[0,29],[75,54]],[[68,0],[17,26]]]},
"G100": {"type": "Matrix2x2", "payoffs": [[[57,0],[0,22]],[[12,8],[60,50]]]},
"G101": {"type": "Matrix2x2", "payoffs": [[[68,0],[2,4]],[[0,11],[96,24]]]},
"G102": {"type": "Matrix2x2", "payoffs": [[[8,3],[0,0]],[[5,18],[17,56]]]},
"G103": {"type": "Matrix2x2", "payoffs": [[[3,1],[0,0]],[[43,13],[25,6]]]},
"G104": {"type": "Matrix2x2", "payoffs": [[[2,60],[46,80]],[[40,71],[0,0]]]},
"G105": {"type": "Matrix2x2", "payoffs": [[[6,0],[0,7]],[[10,26],[11,31]]]},
"G106": {"type": "Matrix2x2", "payoffs": [[[0,27],[64,56]],[[60,0],[100,81]]]},
"G107": {"type": "Matrix2x2", "payoffs": [[[0,82],[23,0]],[[70,34],[74,90]]]},
"G108": {"type": "Matrix2x2", "payoffs": [[[22,0],[0,20]],[[13,9],[35,52]]]},
"G109": {"type": "Matrix2x2", "payoffs": [[[0,47],[52,0]],[[65,57],[4,36]]]},
"G110": {"type": "Matrix2x2", "payoffs": [[[71,80],[0,58]],[[9,0],[43,69]]]},
"G111": {"type": "Matrix2x2", "payoffs": [[[37,13],[23,10]],[[0,0],[9,4]]]},
"G112": {"type": "Matrix2x2", "payoffs": [[[57,55],[24,28]],[[50,0],[0,1]]]},
"G113": {"type": "Matrix2x2", "payoffs": [[[7,27],[0,17]],[[6,0],[8,37]]]},
"G114": {"type": "Matrix2x2", "payoffs": [[[0,46],[8,0]],[[24,64],[23,50]]]},
"G115": {"type": "Matrix2x2", "payoffs": [[[17,45],[0,8]],[[12,0],[15,29]]]},
"G116": {"type": "Matrix2x2", "payoffs": [[[10,40],[83,0]],[[90,57],[0,6]]]},
"G117": {"type": "Matrix2x2", "payoffs": [[[59,97],[33,33]],[[0,90],[58,0]]]},
"G118": {"type": "Matrix2x2", "payoffs": [[[18,10],[0,29]],[[58,73],[9,0]]]},
"G119": {"type": "Matrix2x2", "payoffs": [[[0,0],[85,68]],[[60,56],[77,64]]]},
"G120": {"type": "Matrix2x2", "payoffs": [[[83,72],[98,95]],[[0,0],[81,71]]]},
"G121": {"type": "Matrix2x2", "payoffs": [[[12,66],[4,25]],[[0,0],[3,33]]]},
"G122": {"type": "Matrix2x2", "payoffs": [[[13,0],[78,79]],[[0,9],[91,87]]]},
"G123": {"type": "Matrix2x2", "payoffs": [[[76,10],[0,9]],[[62,0],[3,8]]]},
"G124": {"type": "Matrix2x2", "payoffs": [[[49,14],[99,46]],[[0,0],[39,26]]]},
"G125": {"type": "Matrix2x2", "payoffs": [[[67,65],[0,0]],[[54,31],[57,42]]]},
"G126": {"type": "Matrix2x2", "payoffs": [[[7,0],[43,74]],[[1,38],[0,45]]]},
"G127": {"type": "Matrix2x2", "payoffs": [[[0,12],[17,21]],[[52,29],[1,0]]]},
"G128": {"type": "Matrix2x2", "payoffs": [[[37,0],[5,26]],[[0,69],[75,89]]]},
"G129": {"type": "Matrix2x2", "payoffs": [[[7,0],[23,47]],[[14,10],[0,27]]]},
"G130": {"type": "Matrix2x2", "payoffs": [[[15,12],[24,28]],[[8,0],[0,16]]]},
"G131": {"type": "Matrix2x2", "payoffs": [[[15,3],[37,14]],[[0,10],[7,0]]]},
"G132": {"type": "Matrix2x2", "payoffs": [[[14,23],[0,0]],[[7,4],[17,39]]]},
"G133": {"type": "Matrix2x2", "payoffs": [[[27,34],[21,0]],[[0,17],[1,3]]]},
"G134": {"type": "Matrix2x2", "payoffs": [[[16,20],[13,10]],[[0,8],[15,0]]]},
"G135": {"type": "Matrix2x2", "payoffs": [[[20,11],[8,33]],[[0,0],[25,44]]]},
"G136": {"type": "Matrix2x2", "payoffs": [[[32,0],[85,25]],[[0,3],[58,11]]]},
"G137": {"type": "Matrix2x2", "payoffs": [[[21,77],[0,73]],[[15,5],[5,0]]]},
"G138": {"type": "Matrix2x2", "payoffs": [[[15,16],[0,3]],[[29,43],[17,0]]]},
"G139": {"type": "Matrix2x2", "payoffs": [[[11,25],[0,0]],[[16,29],[6,11]]]},
"G140": {"type": "Matrix2x2", "payoffs": [[[0,18],[22,33]],[[18,0],[9,26]]]},
"G141": {"type": "Matrix2x2", "payoffs": [[[1,26],[5,0]],[[7,35],[0,11]]]},
"G142": {"type": "Matrix2x2", "payoffs": [[[0,20],[10,86]],[[47,99],[34,0]]]},
"G143": {"type": "Matrix2x2", "payoffs": [[[0,0],[12,11]],[[17,14],[73,17]]]},
"G144": {"type": "Matrix2x2", "payoffs": [[[0,6],[77,7]],[[49,4],[4,0]]]},
"G145": {"type": "Matrix2x2", "payoffs": [[[0,1],[19,5]],[[46,9],[37,0]]]},
"G146": {"type": "Matrix2x2", "payoffs": [[[0,0],[79,7]],[[26,37],[90,63]]]},
"G147": {"type": "Matrix2x2", "payoffs": [[[40,88],[6,70]],[[24,1],[0,0]]]},
"G148": {"type": "Matrix2x2", "payoffs": [[[9,13],[23,2]],[[0,0],[53,19]]]},
"G149": {"type": "Matrix2x2", "payoffs": [[[0,26],[16,0]],[[40,74],[11,61]]]},
"G150": {"type": "Matrix2x2", "payoffs": [[[17,8],[10,3]],[[0,6],[9,0]]]},
"G151": {"type": "Matrix2x2", "payoffs": [[[0,0],[8,2]],[[61,21],[36,12]]]},
"G152": {"type": "Matrix2x2", "payoffs": [[[63,51],[0,1]],[[69,0],[90,76]]]},
"G153": {"type": "Matrix2x2", "payoffs": [[[9,12],[0,0]],[[31,14],[21,5]]]},
"G154": {"type": "Matrix2x2", "payoffs": [[[0,5],[21,35]],[[22,65],[15,0]]]},
"G155": {"type": "Matrix2x2", "payoffs": [[[3,37],[4,27]],[[7,39],[0,0]]]},
"G156": {"type": "Matrix2x2", "payoffs": [[[0,11],[36,22]],[[31,0],[7,8]]]},
"G157": {"type": "Matrix2x2", "payoffs": [[[45,70],[36,0]],[[0,46],[37,10]]]},
"G158": {"type": "Matrix2x2", "payoffs": [[[14,14],[6,1]],[[1,2],[0,0]]]},
"G159": {"type": "Matrix2x2", "payoffs": [[[26,0],[12,15]],[[0,40],[57,73]]]},
"G160": {"type": "Matrix2x2", "payoffs": [[[2,38],[0,60]],[[19,0],[39,64]]]},
"G161": {"type": "Matrix2x2", "payoffs": [[[6,0],[9,52]],[[0,5],[5,48]]]},
"G162": {"type": "Matrix2x2", "payoffs": [[[0,51],[54,80]],[[40,67],[3,0]]]},
"G163": {"type": "Matrix2x2", "payoffs": [[[6,0],[11,51]],[[0,11],[13,52]]]},
"G164": {"type": "Matrix2x2", "payoffs": [[[97,88],[14,0]],[[0,59],[68,81]]]},
"G165": {"type": "Matrix2x2", "payoffs": [[[4,45],[0,0]],[[3,33],[6,87]]]},
"G166": {"type": "Matrix2x2", "payoffs": [[[7,11],[0,0]],[[8,44],[1,33]]]},
"G167": {"type": "Matrix2x2", "payoffs": [[[0,70],[33,0]],[[71,81],[38,17]]]},
"G168": {"type": "Matrix2x2", "payoffs": [[[42,71],[39,52]],[[0,19],[19,0]]]},
"G169": {"type": "Matrix2x2", "payoffs": [[[0,0],[28,23]],[[55,45],[96,60]]]},
"G170": {"type": "Matrix2x2", "payoffs": [[[48,24],[43,0]],[[35,7],[0,10]]]},
"G171": {"type": "Matrix2x2", "payoffs": [[[0,18],[63,67]],[[6,0],[22,66]]]},
"G172": {"type": "Matrix2x2", "payoffs": [[[6,54],[2,48]],[[0,31],[4,0]]]},
"G173": {"type": "Matrix2x2", "payoffs": [[[0,0],[90,76]],[[13,36],[24,1]]]},
"G174": {"type": "Matrix2x2", "payoffs": [[[23,0],[0,74]],[[68,11],[76,83]]]},
"G175": {"type": "Matrix2x2", "payoffs": [[[1,13],[45,0]],[[0,11],[83,14]]]},
"G176": {"type": "Matrix2x2", "payoffs": [[[3,28],[0,20]],[[44,0],[67,82]]]},
"G177": {"type": "Matrix2x2", "payoffs": [[[81,20],[0,16]],[[68,0],[49,14]]]},
"G178": {"type": "Matrix2x2", "payoffs": [[[0,9],[12,0]],[[25,53],[27,55]]]},
"G179": {"type": "Matrix2x2", "payoffs": [[[23,82],[16,0]],[[0,69],[17,33]]]},
"G180": {"type": "Matrix2x2", "payoffs": [[[6,97],[5,64]],[[0,0],[2,91]]]},
"G181": {"type": "Matrix2x2", "payoffs": [[[0,0],[69,60]],[[53,5],[94,82]]]},
"G182": {"type": "Matrix2x2", "payoffs": [[[0,12],[13,16]],[[8,0],[12,15]]]},
"G183": {"type": "Matrix2x2", "payoffs": [[[0,27],[40,0]],[[58,30],[34,28]]]},
"G184": {"type": "Matrix2x2", "payoffs": [[[9,0],[48,65]],[[1,53],[0,5]]]},
"G185": {"type": "Matrix2x2", "payoffs": [[[12,0],[0,6]],[[20,4],[46,14]]]},
"G186": {"type": "Matrix2x2", "payoffs": [[[95,60],[63,0]],[[0,16],[69,36]]]},
"G187": {"type": "Matrix2x2", "payoffs": [[[0,58],[54,0]],[[64,86],[26,41]]]},
"G188": {"type": "Matrix2x2", "payoffs": [[[1,0],[4,21]],[[0,8],[2,3]]]},
"G189": {"type": "Matrix2x2", "payoffs": [[[64,0],[0,2]],[[96,19],[52,3]]]},
"G190": {"type": "Matrix2x2", "payoffs": [[[78,85],[20,57]],[[0,13],[5,0]]]},
"G191": {"type": "Matrix2x2", "payoffs": [[[0,40],[82,0]],[[95,83],[27,77]]]},
"G192": {"type": "Matrix2x2", "payoffs": [[[96,13],[0,3]],[[9,6],[53,0]]]},
"G193": {"type": "Matrix2x2", "payoffs": [[[4,44],[3,27]],[[2,37],[0,0]]]},
"G194": {"type": "Matrix2x2", "payoffs": [[[1,0],[5,11]],[[2,3],[0,2]]]},
"G195": {"type": "Matrix2x2", "payoffs": [[[0,42],[63,0]],[[36,14],[69,51]]]},
"G196": {"type": "Matrix2x2", "payoffs": [[[0,0],[36,79]],[[40,88],[25,55]]]},
"G197": {"type": "Matrix2x2", "payoffs": [[[42,0],[62,91]],[[0,32],[19,16]]]},
"G198": {"type": "Matrix2x2", "payoffs": [[[29,71],[64,0]],[[0,39],[95,82]]]},
"G199": {"type": "Matrix2x2", "payoffs": [[[19,0],[20,33]],[[0,9],[21,76]]]},
"G200": {"type": "Matrix2x2", "payoffs": [[[98,78],[84,73]],[[0,68],[90,0]]]},
"G201": {"type": "Matrix2x2", "payoffs": [[[43,0],[34,6]],[[57,47],[0,4]]]},
"G202": {"type": "Matrix2x2", "payoffs": [[[5,31],[0,0]],[[97,85],[74,41]]]},
"G203": {"type": "Matrix2x2", "payoffs": [[[74,17],[55,16]],[[0,0],[33,1]]]},
"G204": {"type": "Matrix2x2", "payoffs": [[[96,94],[0,82]],[[87,0],[57,73]]]},
"G205": {"type": "Matrix2x2", "payoffs": [[[36,44],[0,4]],[[18,2],[35,0]]]},
"G206": {"type": "Matrix2x2", "payoffs": [[[8,7],[26,15]],[[0,0],[9,2]]]},
"G207": {"type": "Matrix2x2", "payoffs": [[[88,47],[67,41]],[[6,2],[0,0]]]},
"G208": {"type": "Matrix2x2", "payoffs": [[[4,24],[6,41]],[[8,61],[0,0]]]},
"G209": {"type": "Matrix2x2", "payoffs": [[[42,0],[41,19]],[[0,26],[55,33]]]},
"G210": {"type": "Matrix2x2", "payoffs": [[[23,0],[48,6]],[[79,12],[0,7]]]},
"G211": {"type": "Matrix2x2", "payoffs": [[[3,0],[0,5]],[[10,10],[7,6]]]},
"G212": {"type": "Matrix2x2", "payoffs": [[[18,51],[0,3]],[[9,0],[7,4]]]},
"G213": {"type": "Matrix2x2", "payoffs": [[[8,44],[3,54]],[[0,0],[56,58]]]},
"G214": {"type": "Matrix2x2", "payoffs": [[[13,95],[10,46]],[[6,0],[0,28]]]},
"G215": {"type": "Matrix2x2", "payoffs": [[[0,14],[19,27]],[[11,0],[6,8]]]},
"G216": {"type": "Matrix2x2", "payoffs": [[[54,11],[26,9]],[[0,0],[36,4]]]},
"G217": {"type": "Matrix2x2", "payoffs": [[[0,54],[27,0]],[[39,61],[34,57]]]},
"G218": {"type": "Matrix2x2", "payoffs": [[[86,76],[32,12]],[[6,0],[0,38]]]},
"G219": {"type": "Matrix2x2", "payoffs": [[[0,5],[12,0]],[[44,22],[20,6]]]},
"G220": {"type": "Matrix2x2", "payoffs": [[[5,9],[0,3]],[[69,10],[34,0]]]},
"G221": {"type": "Matrix2x2", "payoffs": [[[24,66],[0,0]],[[3,47],[15,22]]]},
"G222": {"type": "Matrix2x2", "payoffs": [[[82,45],[33,0]],[[8,30],[0,25]]]},
"G223": {"type": "Matrix2x2", "payoffs": [[[45,0],[36,1]],[[69,4],[0,3]]]},
"G224": {"type": "Matrix2x2", "payoffs": [[[7,81],[3,62]],[[5,0],[0,8]]]},
"G225": {"type": "Matrix2x2", "payoffs": [[[52,78],[0,0]],[[2,23],[31,40]]]},
"G226": {"type": "Matrix2x2", "payoffs": [[[77,57],[43,0]],[[60,25],[0,22]]]},
"G227": {"type": "Matrix2x2", "payoffs": [[[29,10],[77,45]],[[0,35],[35,0]]]},
"G228": {"type": "Matrix2x2", "payoffs": [[[0,22],[19,0]],[[67,53],[5,46]]]},
"G229": {"type": "Matrix2x2", "payoffs": [[[28,0],[45,49]],[[0,39],[14,17]]]},
"G230": {"type": "Matrix2x2", "payoffs": [[[44,25],[19,0]],[[56,29],[0,6]]]},
"G231": {"type": "Matrix2x2", "payoffs": [[[14,48],[0,24]],[[22,84],[11,0]]]},
"G232": {"type": "Matrix2x2", "payoffs": [[[14,45],[0,0]],[[4,22],[27,51]]]},
"G233": {"type": "Matrix2x2", "payoffs": [[[7,37],[0,93]],[[85,96],[26,0]]]},
"G234": {"type": "Matrix2x2", "payoffs": [[[22,0],[0,36]],[[11,40],[49,80]]]},
"G235": {"type": "Matrix2x2", "payoffs": [[[27,58],[0,11]],[[9,0],[10,24]]]},
"G236": {"type": "Matrix2x2", "payoffs": [[[0,3],[32,4]],[[15,0],[31,2]]]},
"G237": {"type": "Matrix2x2", "payoffs": [[[30,0],[0,15]],[[58,22],[70,31]]]},
"G238": {"type": "Matrix2x2", "payoffs": [[[83,12],[1,9]],[[29,0],[0,2]]]},
"G239": {"type": "Matrix2x2", "payoffs": [[[0,56],[54,58]],[[48,10],[4,0]]]},
"G240": {"type": "Matrix2x2", "payoffs": [[[51,6],[54,67]],[[6,53],[0,0]]]},
"G241": {"type": "Matrix2x2", "payoffs": [[[5,16],[63,0]],[[0,8],[98,23]]]},
"G242": {"type": "Matrix2x2", "payoffs": [[[38,15],[89,56]],[[80,0],[0,28]]]},
"G243": {"type": "Matrix2x2", "payoffs": [[[11,0],[48,3]],[[0,2],[4,1]]]},
"G244": {"type": "Matrix2x2", "payoffs": [[[0,61],[16,0]],[[44,65],[27,45]]]},
"G245": {"type": "Matrix2x2", "payoffs": [[[0,26],[71,23]],[[96,33],[4,0]]]},
"G246": {"type": "Matrix2x2", "payoffs": [[[27,36],[0,0]],[[56,89],[29,45]]]},
"G247": {"type": "Matrix2x2", "payoffs": [[[11,0],[0,13]],[[7,20],[29,88]]]},
"G248": {"type": "Matrix2x2", "payoffs": [[[0,0],[53,41]],[[46,33],[48,31]]]},
"G249": {"type": "Matrix2x2", "payoffs": [[[83,52],[68,44]],[[0,0],[4,15]]]},
"G250": {"type": "Matrix2x2", "payoffs": [[[20,25],[22,70]],[[0,0],[59,94]]]},
"G251": {"type": "Matrix2x2", "payoffs": [[[2,88],[0,84]],[[4,94],[3,0]]]},
"G252": {"type": "Matrix2x2", "payoffs": [[[37,35],[19,0]],[[0,36],[54,54]]]},
"G253": {"type": "Matrix2x2", "payoffs": [[[43,0],[0,1]],[[16,2],[83,4]]]},
"G254": {"type": "Matrix2x2", "payoffs": [[[0,28],[13,0]],[[55,98],[39,48]]]},
"G255": {"type": "Matrix2x2", "payoffs": [[[8,22],[19,68]],[[16,67],[0,0]]]},
"G256": {"type": "Matrix2x2", "payoffs": [[[30,21],[0,0]],[[11,6],[80,24]]]},
"G257": {"type": "Matrix2x2", "payoffs": [[[57,92],[8,0]],[[25,69],[0,19]]]},
"G258": {"type": "Matrix2x2", "payoffs": [[[19,55],[8,46]],[[7,0],[0,32]]]},
"G259": {"type": "Matrix2x2", "payoffs": [[[75,99],[0,0]],[[38,12],[68,77]]]},
"G260": {"type": "Matrix2x2", "payoffs": [[[0,65],[44,88]],[[11,0],[36,10]]]},
"G261": {"type": "Matrix2x2", "payoffs": [[[71,52],[7,10]],[[0,0],[36,45]]]},
"G262": {"type": "Matrix2x2", "payoffs": [[[75,54],[8,20]],[[0,31],[4,0]]]},
"G263": {"type": "Matrix2x2", "payoffs": [[[8,0],[0,60]],[[13,95],[9,73]]]},
"G264": {"type": "Matrix2x2", "payoffs": [[[18,0],[74,86]],[[73,20],[0,82]]]},
"G265": {"type": "Matrix2x2", "payoffs": [[[5,0],[0,16]],[[87,59],[32,9]]]},
"G266": {"type": "Matrix2x2", "payoffs": [[[0,0],[3,3]],[[5,8],[4,5]]]},
"G267": {"type": "Matrix2x2", "payoffs": [[[0,5],[54,20]],[[42,0],[39,10]]]},
"G268": {"type": "Matrix2x2", "payoffs": [[[11,27],[7,17]],[[42,78],[0,0]]]},
"G269": {"type": "Matrix2x2", "payoffs": [[[23,0],[17,3]],[[0,11],[31,29]]]},
"G270": {"type": "Matrix2x2", "payoffs": [[[78,50],[20,0]],[[64,49],[0,15]]]},
"G271": {"type": "Matrix2x2", "payoffs": [[[13,26],[14,0]],[[56,92],[0,33]]]},
"G272": {"type": "Matrix2x2", "payoffs": [[[6,54],[3,36]],[[4,0],[0,32]]]},
"G273": {"type": "Matrix2x2", "payoffs": [[[0,19],[42,0]],[[10,55],[72,58]]]},
"G274": {"type": "Matrix2x2", "payoffs": [[[0,11],[11,0]],[[12,65],[9,27]]]},
"G275": {"type": "Matrix2x2", "payoffs": [[[20,0],[15,33]],[[0,17],[31,41]]]},
"G276": {"type": "Matrix2x2", "payoffs": [[[44,17],[0,0]],[[54,24],[16,6]]]},
"G277": {"type": "Matrix2x2", "payoffs": [[[0,65],[13,27]],[[99,96],[74,0]]]},
"G278": {"type": "Matrix2x2", "payoffs": [[[0,4],[76,10]],[[20,5],[49,0]]]},
"G279": {"type": "Matrix2x2", "payoffs": [[[0,0],[94,91]],[[24,73],[54,52]]]},
"G280": {"type": "Matrix2x2", "payoffs": [[[0,0],[52,81]],[[27,41],[47,13]]]},
"G281": {"type": "Matrix2x2", "payoffs": [[[78,0],[26,11]],[[97,31],[0,30]]]},
"G282": {"type": "Matrix2x2", "payoffs": [[[44,0],[16,38]],[[0,20],[92,82]]]},
"G283": {"type": "Matrix2x2", "payoffs": [[[0,11],[4,0]],[[77,15],[65,8]]]},
"G284": {"type": "Matrix2x2", "payoffs": [[[65,0],[93,63]],[[0,55],[80,25]]]},
"G285": {"type": "Matrix2x2", "payoffs": [[[35,0],[0,18]],[[95,38],[57,32]]]},
"G286": {"type": "Matrix2x2", "payoffs": [[[17,1],[75,42]],[[3,0],[0,37]]]},
"G287": {"type": "Matrix2x2", "payoffs": [[[36,0],[0,60]],[[13,51],[71,81]]]},
"G288": {"type": "Matrix2x2", "payoffs": [[[0,38],[38,0]],[[42,12],[49,54]]]},
"G289": {"type": "Matrix2x2", "payoffs": [[[6,1],[0,8]],[[27,33],[9,0]]]},
"G290": {"type": "Matrix2x2", "payoffs": [[[5,0],[0,1]],[[6,4],[45,17]]]},
"G291": {"type": "Matrix2x2", "payoffs": [[[8,46],[62,74]],[[0,0],[11,33]]]},
"G292": {"type": "Matrix2x2", "payoffs": [[[13,49],[19,30]],[[0,0],[61,90]]]},
"G293": {"type": "Matrix2x2", "payoffs": [[[18,6],[38,8]],[[37,0],[0,4]]]},
"G294": {"type": "Matrix2x2", "payoffs": [[[3,97],[0,0]],[[2,70],[1,74]]]},
"G295": {"type": "Matrix2x2", "payoffs": [[[57,1],[8,2]],[[0,0],[63,6]]]},
"G296": {"type": "Matrix2x2", "payoffs": [[[3,1],[0,0]],[[73,6],[27,4]]]},
"G297": {"type": "Matrix2x2", "payoffs": [[[80,33],[19,15]],[[0,0],[81,53]]]},
"G298": {"type": "Matrix2x2", "payoffs": [[[14,41],[77,84]],[[0,0],[2,63]]]},
"G299": {"type": "Matrix2x2", "payoffs": [[[0,0],[85,9]],[[53,4],[69,5]]]},
"G300": {"type": "Matrix2x2", "payoffs": [[[3,92],[0,14]],[[9,0],[12,97]]]},
"G301": {"type": "Matrix2x2", "payoffs": [[[9,0],[11,11]],[[15,19],[0,8]]]},
"G302": {"type": "Matrix2x2", "payoffs": [[[15,63],[0,0]],[[66,78],[7,52]]]},
"G303": {"type": "Matrix2x2", "payoffs": [[[0,0],[1,7]],[[11,16],[2,14]]]},
"G304": {"type": "Matrix2x2", "payoffs": [[[39,53],[19,21]],[[0,41],[16,0]]]},
"G305": {"type": "Matrix2x2", "payoffs": [[[20,41],[0,53]],[[16,0],[75,70]]]},
"G306": {"type": "Matrix2x2", "payoffs": [[[19,9],[36,0]],[[0,11],[41,32]]]},
"G307": {"type": "Matrix2x2", "payoffs": [[[88,84],[0,25]],[[46,43],[59,0]]]},
"G308": {"type": "Matrix2x2", "payoffs": [[[13,10],[0,0]],[[46,13],[7,4]]]},
"G309": {"type": "Matrix2x2", "payoffs": [[[91,46],[25,11]],[[43,2],[0,0]]]},
"G310": {"type": "Matrix2x2", "payoffs": [[[87,13],[16,0]],[[0,1],[37,11]]]},
"G311": {"type": "Matrix2x2", "payoffs": [[[0,63],[4,0]],[[9,9],[17,66]]]},
"G312": {"type": "Matrix2x2", "payoffs": [[[14,0],[0,7]],[[1,1],[24,35]]]},
"G313": {"type": "Matrix2x2", "payoffs": [[[97,31],[0,0]],[[63,22],[28,10]]]},
"G314": {"type": "Matrix2x2", "payoffs": [[[44,70],[14,59]],[[0,12],[41,0]]]},
"G315": {"type": "Matrix2x2", "payoffs": [[[0,72],[61,83]],[[58,0],[55,17]]]},
"G316": {"type": "Matrix2x2", "payoffs": [[[52,16],[100,62]],[[0,32],[41,0]]]},
"G317": {"type": "Matrix2x2", "payoffs": [[[49,19],[4,5]],[[0,13],[21,0]]]},
"G318": {"type": "Matrix2x2", "payoffs": [[[13,5],[11,14]],[[0,0],[17,41]]]},
"G319": {"type": "Matrix2x2", "payoffs": [[[10,83],[3,96]],[[13,98],[0,0]]]},
"G320": {"type": "Matrix2x2", "payoffs": [[[0,47],[2,60]],[[62,0],[70,89]]]},
"G321": {"type": "Matrix2x2", "payoffs": [[[7,29],[18,58]],[[0,0],[10,56]]]},
"G322": {"type": "Matrix2x2", "payoffs": [[[44,0],[23,35]],[[0,64],[63,66]]]},
"G323": {"type": "Matrix2x2", "payoffs": [[[0,67],[57,73]],[[14,31],[49,0]]]},
"G324": {"type": "Matrix2x2", "payoffs": [[[61,5],[89,8]],[[6,0],[0,4]]]},
"G325": {"type": "Matrix2x2", "payoffs": [[[48,11],[0,0]],[[71,12],[63,8]]]},
"G326": {"type": "Matrix2x2", "payoffs": [[[70,43],[92,51]],[[19,0],[0,23]]]},
"G327": {"type": "Matrix2x2", "payoffs": [[[7,0],[10,23]],[[0,8],[26,24]]]},
"G328": {"type": "Matrix2x2", "payoffs": [[[0,28],[13,0]],[[66,27],[85,60]]]},
"G329": {"type": "Matrix2x2", "payoffs": [[[0,66],[20,44]],[[17,0],[43,77]]]},
"G330": {"type": "Matrix2x2", "payoffs": [[[15,0],[0,21]],[[9,56],[23,88]]]},
"G331": {"type": "Matrix2x2", "payoffs": [[[61,94],[39,0]],[[5,17],[0,21]]]},
"G332": {"type": "Matrix2x2", "payoffs": [[[78,30],[0,51]],[[16,0],[90,74]]]},
"G333": {"type": "Matrix2x2", "payoffs": [[[0,54],[19,19]],[[24,75],[2,0]]]},
"G334": {"type": "Matrix2x2", "payoffs": [[[0,0],[7,50]],[[26,48],[30,51]]]},
"G335": {"type": "Matrix2x2", "payoffs": [[[56,0],[0,24]],[[80,40],[78,32]]]},
"G336": {"type": "Matrix2x2", "payoffs": [[[0,26],[13,59]],[[21,0],[53,63]]]},
"G337": {"type": "Matrix2x2", "payoffs": [[[11,0],[21,33]],[[24,54],[0,5]]]},
"G338": {"type": "Matrix2x2", "payoffs": [[[97,70],[95,0]],[[75,1],[0,28]]]},
"G339": {"type": "Matrix2x2", "payoffs": [[[0,0],[2,12]],[[3,13],[9,18]]]},
"G340": {"type": "Matrix2x2", "payoffs": [[[79,61],[8,0]],[[6,36],[0,35]]]},
"G341": {"type": "Matrix2x2", "payoffs": [[[23,24],[41,78]],[[1,0],[0,5]]]},
"G342": {"type": "Matrix2x2", "payoffs": [[[0,1],[21,0]],[[25,2],[52,3]]]},
"G343": {"type": "Matrix2x2", "payoffs": [[[27,0],[49,22]],[[46,11],[0,17]]]},
"G344": {"type": "Matrix2x2", "payoffs": [[[64,83],[1,0]],[[0,65],[3,48]]]},
"G345": {"type": "Matrix2x2", "payoffs": [[[16,9],[66,23]],[[86,35],[0,0]]]},
"G346": {"type": "Matrix2x2", "payoffs": [[[0,0],[49,49]],[[2,3],[21,13]]]},
"G347": {"type": "Matrix2x2", "payoffs": [[[25,76],[18,72]],[[0,0],[12,56]]]},
"G348": {"type": "Matrix2x2", "payoffs": [[[38,95],[3,83]],[[0,0],[23,20]]]},
"G349": {"type": "Matrix2x2", "payoffs": [[[5,1],[23,3]],[[35,4],[0,0]]]},
"G350": {"type": "Matrix2x2", "payoffs": [[[31,1],[36,4]],[[0,3],[4,0]]]},
"G351": {"type": "Matrix2x2", "payoffs": [[[11,8],[0,1]],[[4,0],[15,10]]]},
"G352": {"type": "Matrix2x2", "payoffs": [[[1,11],[8,31]],[[16,33],[0,0]]]},
"G353": {"type": "Matrix2x2", "payoffs": [[[43,82],[29,5]],[[0,0],[22,13]]]},
"G354": {"type": "Matrix2x2", "payoffs": [[[55,53],[0,0]],[[4,29],[39,24]]]},
"G355": {"type": "Matrix2x2", "payoffs": [[[94,99],[43,0]],[[0,85],[90,30]]]},
"G356": {"type": "Matrix2x2", "payoffs": [[[5,20],[33,59]],[[12,53],[0,0]]]},
"G357": {"type": "Matrix2x2", "payoffs": [[[6,71],[17,0]],[[39,91],[0,78]]]},
"G358": {"type": "Matrix2x2", "payoffs": [[[45,59],[0,4]],[[29,0],[22,50]]]},
"G359": {"type": "Matrix2x2", "payoffs": [[[1,15],[56,22]],[[2,12],[0,0]]]},
"G360": {"type": "Matrix2x2", "payoffs": [[[74,30],[64,10]],[[28,0],[0,15]]]},
"G361": {"type": "Matrix2x2", "payoffs": [[[66,98],[0,51]],[[41,0],[10,17]]]},
"G362": {"type": "Matrix2x2", "payoffs": [[[90,14],[49,4]],[[0,0],[2,11]]]},
"G363": {"type": "Matrix2x2", "payoffs": [[[0,41],[9,0]],[[4,64],[10,90]]]},
"G364": {"type": "Matrix2x2", "payoffs": [[[0,0],[2,1]],[[70,100],[48,36]]]},
"G365": {"type": "Matrix2x2", "payoffs": [[[17,0],[6,4]],[[41,15],[0,6]]]},
"G366": {"type": "Matrix2x2", "payoffs": [[[0,10],[9,14]],[[13,0],[14,86]]]},
"G367": {"type": "Matrix2x2", "payoffs": [[[0,1],[2,0]],[[21,8],[63,42]]]},
"G368": {"type": "Matrix2x2", "payoffs": [[[27,44],[0,0]],[[38,47],[18,3]]]},
"G369": {"type": "Matrix2x2", "payoffs": [[[0,10],[6,12]],[[2,0],[9,46]]]},
"G370": {"type": "Matrix2x2", "payoffs": [[[54,73],[0,0]],[[65,67],[73,79]]]},
"G371": {"type": "Matrix2x2", "payoffs": [[[15,54],[3,0]],[[0,48],[14,1]]]},
"G372": {"type": "Matrix2x2", "payoffs": [[[48,3],[93,7]],[[0,2],[4,0]]]},
"G373": {"type": "Matrix2x2", "payoffs": [[[52,0],[0,53]],[[53,96],[46,77]]]},
"G374": {"type": "Matrix2x2", "payoffs": [[[16,69],[96,97]],[[2,0],[0,57]]]},
"G375": {"type": "Matrix2x2", "payoffs": [[[5,67],[3,47]],[[1,57],[0,0]]]},
"G376": {"type": "Matrix2x2", "payoffs": [[[31,1],[52,14]],[[41,0],[0,12]]]},
"G377": {"type": "Matrix2x2", "payoffs": [[[0,26],[3,0]],[[12,85],[5,53]]]},
"G378": {"type": "Matrix2x2", "payoffs": [[[0,3],[7,4]],[[9,46],[1,0]]]},
"G379": {"type": "Matrix2x2", "payoffs": [[[0,35],[64,36]],[[12,0],[14,19]]]},
"G380": {"type": "Matrix2x2", "payoffs": [[[4,6],[0,15]],[[5,0],[7,33]]]},
"G381": {"type": "Matrix2x2", "payoffs": [[[62,35],[95,56]],[[0,0],[11,6]]]},
"G382": {"type": "Matrix2x2", "payoffs": [[[1,0],[5,26]],[[0,12],[9,32]]]},
"G383": {"type": "Matrix2x2", "payoffs": [[[51,68],[0,27]],[[37,0],[24,29]]]},
"G384": {"type": "Matrix2x2", "payoffs": [[[38,97],[25,77]],[[0,9],[33,0]]]},
"G385": {"type": "Matrix2x2", "payoffs": [[[91,19],[62,0]],[[0,6],[11,18]]]},
"G386": {"type": "Matrix2x2", "payoffs": [[[2,0],[37,28]],[[18,4],[0,13]]]},
"G387": {"type": "Matrix2x2", "payoffs": [[[0,0],[41,89]],[[20,42],[29,77]]]},
"G388": {"type": "Matrix2x2", "payoffs": [[[0,57],[53,74]],[[14,65],[43,0]]]},
"G389": {"type": "Matrix2x2", "payoffs": [[[40,6],[0,0]],[[24,1],[37,5]]]},
"G390": {"type": "Matrix2x2", "payoffs": [[[22,43],[0,25]],[[26,75],[13,0]]]},
"G391": {"type": "Matrix2x2", "payoffs": [[[0,25],[16,0]],[[15,10],[52,30]]]},
"G392": {"type": "Matrix2x2", "payoffs": [[[0,25],[37,69]],[[9,0],[4,15]]]},
"G393": {"type": "Matrix2x2", "payoffs": [[[48,0],[49,3]],[[78,60],[0,24]]]},
"G394": {"type": "Matrix2x2", "payoffs": [[[80,7],[89,50]],[[8,35],[0,0]]]},
"G395": {"type": "Matrix2x2", "payoffs": [[[13,75],[32,0]],[[0,40],[66,100]]]},
"G396": {"type": "Matrix2x2", "payoffs": [[[21,10],[52,41]],[[1,24],[0,0]]]},
"G397": {"type": "Matrix2x2", "payoffs": [[[18,24],[0,15]],[[10,0],[23,49]]]},
"G398": {"type": "Matrix2x2", "payoffs": [[[49,39],[0,56]],[[33,0],[79,99]]]},
"G399": {"type": "Matrix2x2", "payoffs": [[[84,33],[0,21]],[[54,0],[25,20]]]},
"G400": {"type": "Matrix2x2", "payoffs": [[[58,25],[0,48]],[[63,0],[83,87]]]},
"G401": {"type": "Matrix2x2", "payoffs": [[[22,0],[0,35]],[[25,59],[32,100]]]},
"G402": {"type": "Matrix2x2", "payoffs": [[[11,13],[0,6]],[[12,18],[8,0]]]},
"G403": {"type": "Matrix2x2", "payoffs": [[[0,2],[72,22]],[[11,5],[19,0]]]},
"G404": {"type": "Matrix2x2", "payoffs": [[[10,11],[0,33]],[[39,34],[14,0]]]},
"G405": {"type": "Matrix2x2", "payoffs": [[[22,7],[2,2]],[[21,3],[0,0]]]},
"G406": {"type": "Matrix2x2", "payoffs": [[[6,52],[81,98]],[[0,0],[32,43]]]},
"G407": {"type": "Matrix2x2", "payoffs": [[[0,0],[73,35]],[[36,16],[11,34]]]},
"G408": {"type": "Matrix2x2", "payoffs": [[[6,8],[90,71]],[[52,49],[0,0]]]},
"G409": {"type": "Matrix2x2", "payoffs": [[[4,3],[0,8]],[[6,11],[2,0]]]},
"G410": {"type": "Matrix2x2", "payoffs": [[[0,65],[43,82]],[[79,89],[41,0]]]},
"G411": {"type": "Matrix2x2", "payoffs": [[[2,0],[3,10]],[[0,4],[1,8]]]},
"G412": {"type": "Matrix2x2", "payoffs": [[[30,75],[0,72]],[[20,0],[6,44]]]},
"G413": {"type": "Matrix2x2", "payoffs": [[[11,0],[32,6]],[[0,3],[34,27]]]},
"G414": {"type": "Matrix2x2", "payoffs": [[[23,61],[0,0]],[[2,21],[5,57]]]},
"G415": {"type": "Matrix2x2", "payoffs": [[[0,0],[28,32]],[[5,5],[23,30]]]},
"G416": {"type": "Matrix2x2", "payoffs": [[[83,19],[47,11]],[[0,13],[48,0]]]},
"G417": {"type": "Matrix2x2", "payoffs": [[[0,0],[86,41]],[[37,19],[46,1]]]},
"G418": {"type": "Matrix2x2", "payoffs": [[[22,0],[0,53]],[[44,91],[6,42]]]},
"G419": {"type": "Matrix2x2", "payoffs": [[[2,0],[0,19]],[[7,5],[9,100]]]},
"G420": {"type": "Matrix2x2", "payoffs": [[[10,0],[6,11]],[[16,90],[0,28]]]},
"G421": {"type": "Matrix2x2", "payoffs": [[[39,25],[52,33]],[[0,0],[94,34]]]},
"G422": {"type": "Matrix2x2", "payoffs": [[[0,21],[43,78]],[[22,32],[14,0]]]},
"G423": {"type": "Matrix2x2", "payoffs": [[[60,0],[71,80]],[[51,31],[0,7]]]},
"G424": {"type": "Matrix2x2", "payoffs": [[[14,94],[0,0]],[[18,36],[20,100]]]},
"G425": {"type": "Matrix2x2", "payoffs": [[[18,47],[0,16]],[[98,54],[6,0]]]},
"G426": {"type": "Matrix2x2", "payoffs": [[[1,19],[40,22]],[[0,0],[18,18]]]},
"G427": {"type": "Matrix2x2", "payoffs": [[[0,36],[24,9]],[[21,0],[37,50]]]},
"G428": {"type": "Matrix2x2", "payoffs": [[[8,20],[18,0]],[[0,49],[59,59]]]},
"G429": {"type": "Matrix2x2", "payoffs": [[[0,92],[7,0]],[[1,23],[17,98]]]},
"G430": {"type": "Matrix2x2", "payoffs": [[[28,20],[11,11]],[[97,22],[0,0]]]},
"G431": {"type": "Matrix2x2", "payoffs": [[[27,0],[79,53]],[[0,1],[76,13]]]},
"G432": {"type": "Matrix2x2", "payoffs": [[[42,89],[35,71]],[[12,62],[0,0]]]},
"G433": {"type": "Matrix2x2", "payoffs": [[[51,2],[0,9]],[[75,25],[36,0]]]},
"G434": {"type": "Matrix2x2", "payoffs": [[[4,12],[0,0]],[[17,37],[1,21]]]},
"G435": {"type": "Matrix2x2", "payoffs": [[[66,0],[71,3]],[[0,2],[10,1]]]},
"G436": {"type": "Matrix2x2", "payoffs": [[[4,0],[0,6]],[[36,3],[66,49]]]},
"G437": {"type": "Matrix2x2", "payoffs": [[[87,13],[70,9]],[[0,1],[76,0]]]},
"G438": {"type": "Matrix2x2", "payoffs": [[[0,26],[81,77]],[[32,0],[70,10]]]},
"G439": {"type": "Matrix2x2", "payoffs": [[[9,45],[0,61]],[[13,87],[1,0]]]},
"G440": {"type": "Matrix2x2", "payoffs": [[[0,2],[33,0]],[[83,40],[1,18]]]},
"G441": {"type": "Matrix2x2", "payoffs": [[[44,25],[1,0]],[[0,1],[12,10]]]},
"G442": {"type": "Matrix2x2", "payoffs": [[[0,0],[36,57]],[[32,20],[5,40]]]},
"G443": {"type": "Matrix2x2", "payoffs": [[[17,27],[0,0]],[[15,4],[30,30]]]},
"G444": {"type": "Matrix2x2", "payoffs": [[[35,33],[0,29]],[[49,44],[47,0]]]},
"G445": {"type": "Matrix2x2", "payoffs": [[[40,0],[58,74]],[[57,54],[0,70]]]},
"G446": {"type": "Matrix2x2", "payoffs": [[[21,7],[0,0]],[[22,21],[18,8]]]},
"G447": {"type": "Matrix2x2", "payoffs": [[[9,10],[11,0]],[[0,3],[82,44]]]},
"G448": {"type": "Matrix2x2", "payoffs": [[[0,0],[12,3]],[[33,93],[16,77]]]},
"G449": {"type": "Matrix2x2", "payoffs": [[[36,11],[4,2]],[[0,0],[10,10]]]},
"G450": {"type": "Matrix2x2", "payoffs": [[[87,22],[0,12]],[[68,0],[80,19]]]},
"G451": {"type": "Matrix2x2", "payoffs": [[[31,56],[25,26]],[[19,3],[0,0]]]},
"G452": {"type": "Matrix2x2", "payoffs": [[[0,0],[4,83]],[[11,87],[10,85]]]},
"G453": {"type": "Matrix2x2", "payoffs": [[[1,0],[0,5]],[[5,77],[2,33]]]},
"G454": {"type": "Matrix2x2", "payoffs": [[[13,0],[23,35]],[[0,27],[42,61]]]},
"G455": {"type": "Matrix2x2", "payoffs": [[[53,8],[23,3]],[[30,5],[0,0]]]},
"G456": {"type": "Matrix2x2", "payoffs": [[[11,5],[8,54]],[[29,80],[0,0]]]},
"G457": {"type": "Matrix2x2", "payoffs": [[[89,49],[29,0]],[[34,5],[0,40]]]},
"G458": {"type": "Matrix2x2", "payoffs": [[[34,16],[11,0]],[[94,34],[0,33]]]},
"G459": {"type": "Matrix2x2", "payoffs": [[[25,9],[0,0]],[[6,6],[66,16]]]},
"G460": {"type": "Matrix2x2", "payoffs": [[[14,0],[17,3]],[[0,1],[18,4]]]},
"G461": {"type": "Matrix2x2", "payoffs": [[[0,8],[11,36]],[[38,0],[68,94]]]},
"G462": {"type": "Matrix2x2", "payoffs": [[[85,40],[37,36]],[[0,15],[43,0]]]},
"G463": {"type": "Matrix2x2", "payoffs": [[[25,1],[58,9]],[[45,5],[0,0]]]},
"G464": {"type": "Matrix2x2", "payoffs": [[[2,32],[1,20]],[[0,0],[3,64]]]},
"G465": {"type": "Matrix2x2", "payoffs": [[[0,1],[28,37]],[[33,64],[13,0]]]},
"G466": {"type": "Matrix2x2", "payoffs": [[[56,21],[18,10]],[[7,0],[0,19]]]},
"G467": {"type": "Matrix2x2", "payoffs": [[[14,0],[67,75]],[[48,37],[0,9]]]},
"G468": {"type": "Matrix2x2", "payoffs": [[[4,73],[2,47]],[[0,61],[1,0]]]},
"G469": {"type": "Matrix2x2", "payoffs": [[[0,1],[26,0]],[[29,9],[3,5]]]},
"G470": {"type": "Matrix2x2", "payoffs": [[[24,0],[0,25]],[[17,43],[31,66]]]},
"G471": {"type": "Matrix2x2", "payoffs": [[[8,5],[54,14]],[[24,1],[0,0]]]},
"G472": {"type": "Matrix2x2", "payoffs": [[[0,12],[56,14]],[[36,13],[19,0]]]},
"G473": {"type": "Matrix2x2", "payoffs": [[[0,18],[37,44]],[[65,57],[40,0]]]},
"G474": {"type": "Matrix2x2", "payoffs": [[[0,7],[36,31]],[[16,10],[4,0]]]},
"G475": {"type": "Matrix2x2", "payoffs": [[[0,0],[23,59]],[[73,86],[25,9]]]},
"G476": {"type": "Matrix2x2", "payoffs": [[[14,16],[0,0]],[[2,19],[34,37]]]},
"G477": {"type": "Matrix2x2", "payoffs": [[[31,11],[0,35]],[[28,0],[57,93]]]},
"G478": {"type": "Matrix2x2", "payoffs": [[[80,57],[72,0]],[[34,49],[0,42]]]},
"G479": {"type": "Matrix2x2", "payoffs": [[[75,21],[87,36]],[[14,1],[0,0]]]},
"G480": {"type": "Matrix2x2", "payoffs": [[[3,75],[0,60]],[[2,70],[1,0]]]},
"G481": {"type": "Matrix2x2", "payoffs": [[[31,26],[26,15]],[[0,7],[18,0]]]},
"G482": {"type": "Matrix2x2", "payoffs": [[[13,13],[35,91]],[[0,35],[31,0]]]},
"G483": {"type": "Matrix2x2", "payoffs": [[[0,6],[32,57]],[[3,3],[25,0]]]},
"G484": {"type": "Matrix2x2", "payoffs": [[[0,62],[80,95]],[[45,0],[19,56]]]},
"G485": {"type": "Matrix2x2", "payoffs": [[[49,42],[0,0]],[[39,29],[19,19]]]},
"G486": {"type": "Matrix2x2", "payoffs": [[[21,11],[20,0]],[[37,37],[0,30]]]},
"G487": {"type": "Matrix2x2", "payoffs": [[[95,24],[40,9]],[[96,51],[0,0]]]},
"G488": {"type": "Matrix2x2", "payoffs": [[[4,30],[1,8]],[[0,0],[5,47]]]},
"G489": {"type": "Matrix2x2", "payoffs": [[[37,17],[40,26]],[[6,11],[0,0]]]},
"G490": {"type": "Matrix2x2", "payoffs": [[[0,19],[8,18]],[[2,0],[17,26]]]},
"G491": {"type": "Matrix2x2", "payoffs": [[[0,21],[33,62]],[[35,70],[14,0]]]},
"G492": {"type": "Matrix2x2", "payoffs": [[[40,14],[0,0]],[[9,31],[42,50]]]},
"G493": {"type": "Matrix2x2", "payoffs": [[[13,1],[0,0]],[[1,7],[48,13]]]},
"G494": {"type": "Matrix2x2", "payoffs": [[[39,65],[0,10]],[[29,0],[37,7]]]},
"G495": {"type": "Matrix2x2", "payoffs": [[[0,0],[57,5]],[[29,6],[66,77]]]},
"G496": {"type": "Matrix2x2", "payoffs": [[[1,15],[24,23]],[[18,16],[0,0]]]},
"G497": {"type": "Matrix2x2", "payoffs": [[[3,25],[5,37]],[[0,19],[4,0]]]},
"G498": {"type": "Matrix2x2", "payoffs": [[[31,72],[30,13]],[[27,5],[0,0]]]},
"G499": {"type": "Matrix2x2", "payoffs": [[[43,7],[37,3]],[[0,2],[40,0]]]},
"G500": {"type": "Matrix2x2", "payoffs": [[[0,26],[49,0]],[[38,39],[77,52]]]},
"G501": {"type": "Matrix2x2", "payoffs": [[[50,41],[77,48]],[[20,0],[0,21]]]},
"G502": {"type": "Matrix2x2", "payoffs": [[[0,11],[12,44]],[[3,3],[8,0]]]},
"G503": {"type": "Matrix2x2", "payoffs": [[[0,0],[22,6]],[[21,2],[8,5]]]},
"G504": {"type": "Matrix2x2", "payoffs": [[[0,1],[22,11]],[[1,5],[9,0]]]},
"G505": {"type": "Matrix2x2", "payoffs": [[[45,0],[50,25]],[[0,23],[40,6]]]},
"G506": {"type": "Matrix2x2", "payoffs": [[[0,7],[24,17]],[[93,18],[78,0]]]},
"G507": {"type": "Matrix2x2", "payoffs": [[[50,0],[85,7]],[[51,3],[0,4]]]},
"G508": {"type": "Matrix2x2", "payoffs": [[[0,10],[37,24]],[[27,18],[34,0]]]},
"G509": {"type": "Matrix2x2", "payoffs": [[[93,0],[98,19]],[[0,11],[67,7]]]},
"G510": {"type": "Matrix2x2", "payoffs": [[[0,40],[86,0]],[[88,54],[63,34]]]},
"G511": {"type": "Matrix2x2", "payoffs": [[[7,34],[3,3]],[[0,0],[1,14]]]},
"G512": {"type": "Matrix2x2", "payoffs": [[[20,24],[27,0]],[[0,30],[44,61]]]},
"G513": {"type": "Matrix2x2", "payoffs": [[[10,31],[0,0]],[[6,22],[8,2]]]},
"G514": {"type": "Matrix2x2", "payoffs": [[[17,0],[0,21]],[[49,31],[29,30]]]},
"G515": {"type": "Matrix2x2", "payoffs": [[[2,0],[30,17]],[[0,14],[24,2]]]},
"G516": {"type": "Matrix2x2", "payoffs": [[[9,54],[0,32]],[[6,0],[5,20]]]},
"G517": {"type": "Matrix2x2", "payoffs": [[[82,11],[98,78]],[[79,0],[0,15]]]},
"G518": {"type": "Matrix2x2", "payoffs": [[[0,65],[56,0]],[[21,36],[70,71]]]},
"G519": {"type": "Matrix2x2", "payoffs": [[[9,1],[7,8]],[[0,0],[12,13]]]},
"G520": {"type": "Matrix2x2", "payoffs": [[[2,7],[8,8]],[[3,1],[0,0]]]},
"G521": {"type": "Matrix2x2", "payoffs": [[[5,23],[1,0]],[[0,22],[4,17]]]},
"G522": {"type": "Matrix2x2", "payoffs": [[[0,3],[3,0]],[[26,74],[24,42]]]},
"G523": {"type": "Matrix2x2", "payoffs": [[[48,1],[40,0]],[[56,17],[0,4]]]},
"G524": {"type": "Matrix2x2", "payoffs": [[[7,26],[25,0]],[[49,51],[0,28]]]},
"G525": {"type": "Matrix2x2", "payoffs": [[[37,6],[73,13]],[[0,0],[42,7]]]},
"G526": {"type": "Matrix2x2", "payoffs": [[[27,0],[91,22]],[[0,4],[87,7]]]},
"G527": {"type": "Matrix2x2", "payoffs": [[[46,81],[1,42]],[[43,35],[0,0]]]},
"G528": {"type": "Matrix2x2", "payoffs": [[[26,7],[42,37]],[[0,0],[79,100]]]},
"G529": {"type": "Matrix2x2", "payoffs": [[[0,75],[79,0]],[[30,5],[88,80]]]},
"G530": {"type": "Matrix2x2", "payoffs": [[[39,0],[35,38]],[[69,85],[0,75]]]},
"G531": {"type": "Matrix2x2", "payoffs": [[[20,73],[7,39]],[[12,40],[0,0]]]},
"G532": {"type": "Matrix2x2", "payoffs": [[[38,24],[0,20]],[[12,23],[31,0]]]},
"G533": {"type": "Matrix2x2", "payoffs": [[[34,24],[10,17]],[[21,0],[0,2]]]},
"G534": {"type": "Matrix2x2", "payoffs": [[[0,18],[17,85]],[[41,100],[37,0]]]},
"G535": {"type": "Matrix2x2", "payoffs": [[[0,28],[14,0]],[[74,53],[8,24]]]},
"G536": {"type": "Matrix2x2", "payoffs": [[[25,0],[43,4]],[[14,3],[0,1]]]},
"G537": {"type": "Matrix2x2", "payoffs": [[[0,35],[51,47]],[[22,12],[18,0]]]},
"G538": {"type": "Matrix2x2", "payoffs": [[[6,0],[20,6]],[[0,5],[22,8]]]},
"G539": {"type": "Matrix2x2", "payoffs": [[[6,6],[0,11]],[[9,48],[5,0]]]},
"G540": {"type": "Matrix2x2", "payoffs": [[[17,8],[46,39]],[[0,28],[14,0]]]},
"G541": {"type": "Matrix2x2", "payoffs": [[[2,1],[0,5]],[[1,0],[3,6]]]},
"G542": {"type": "Matrix2x2", "payoffs": [[[89,70],[9,26]],[[21,0],[0,32]]]},
"G543": {"type": "Matrix2x2", "payoffs": [[[0,51],[55,55]],[[82,90],[7,0]]]},
"G544": {"type": "Matrix2x2", "payoffs": [[[74,85],[0,28]],[[31,37],[72,0]]]},
"G545": {"type": "Matrix2x2", "payoffs": [[[20,0],[0,14]],[[66,20],[77,21]]]},
"G546": {"type": "Matrix2x2", "payoffs": [[[0,0],[26,14]],[[9,4],[40,26]]]},
"G547": {"type": "Matrix2x2", "payoffs": [[[5,0],[0,4]],[[6,49],[2,9]]]},
"G548": {"type": "Matrix2x2", "payoffs": [[[10,0],[1,5]],[[21,83],[0,44]]]},
"G549": {"type": "Matrix2x2", "payoffs": [[[28,5],[0,13]],[[48,0],[88,14]]]},
"G550": {"type": "Matrix2x2", "payoffs": [[[0,16],[68,62]],[[6,20],[16,0]]]},
"G551": {"type": "Matrix2x2", "payoffs": [[[41,0],[0,43]],[[52,28],[84,75]]]},
"G552": {"type": "Matrix2x2", "payoffs": [[[19,0],[0,6]],[[21,73],[4,14]]]},
"G553": {"type": "Matrix2x2", "payoffs": [[[0,8],[4,0]],[[15,29],[11,13]]]},
"G554": {"type": "Matrix2x2", "payoffs": [[[14,32],[0,45]],[[35,99],[15,0]]]},
"G555": {"type": "Matrix2x2", "payoffs": [[[59,82],[55,41]],[[0,15],[13,0]]]},
"G556": {"type": "Matrix2x2", "payoffs": [[[0,50],[9,42]],[[10,0],[43,52]]]},
"G557": {"type": "Matrix2x2", "payoffs": [[[14,67],[0,0]],[[3,58],[13,53]]]},
"G558": {"type": "Matrix2x2", "payoffs": [[[76,32],[60,0]],[[22,25],[0,22]]]},
"G559": {"type": "Matrix2x2", "payoffs": [[[76,8],[33,0]],[[0,3],[72,5]]]},
"G560": {"type": "Matrix2x2", "payoffs": [[[0,0],[18,48]],[[3,41],[4,6]]]},
"G561": {"type": "Matrix2x2", "payoffs": [[[0,0],[3,95]],[[2,23],[1,93]]]},
"G562": {"type": "Matrix2x2", "payoffs": [[[0,49],[8,0]],[[11,54],[6,43]]]},
"G563": {"type": "Matrix2x2", "payoffs": [[[6,0],[19,99]],[[2,95],[0,98]]]},
"G564": {"type": "Matrix2x2", "payoffs": [[[0,56],[77,70]],[[29,0],[1,35]]]},
"G565": {"type": "Matrix2x2", "payoffs": [[[42,30],[0,38]],[[85,49],[55,0]]]},
"G566": {"type": "Matrix2x2", "payoffs": [[[92,41],[79,0]],[[0,9],[75,27]]]},
"G567": {"type": "Matrix2x2", "payoffs": [[[56,8],[16,0]],[[75,36],[0,26]]]},
"G568": {"type": "Matrix2x2", "payoffs": [[[20,30],[0,0]],[[9,10],[10,5]]]},
"G569": {"type": "Matrix2x2", "payoffs": [[[20,5],[21,30]],[[0,0],[13,3]]]},
"G570": {"type": "Matrix2x2", "payoffs": [[[29,7],[0,8]],[[30,0],[44,9]]]},
"G571": {"type": "Matrix2x2", "payoffs": [[[3,36],[0,73]],[[9,78],[5,0]]]},
"G572": {"type": "Matrix2x2", "payoffs": [[[68,43],[63,0]],[[0,38],[57,6]]]},
"G573": {"type": "Matrix2x2", "payoffs": [[[66,29],[54,2]],[[0,24],[24,0]]]},
"G574": {"type": "Matrix2x2", "payoffs": [[[80,40],[0,7]],[[50,33],[3,0]]]},
"G575": {"type": "Matrix2x2", "payoffs": [[[25,68],[0,4]],[[50,0],[86,96]]]},
"G576": {"type": "Matrix2x2", "payoffs": [[[67,11],[0,0]],[[79,67],[61,54]]]},
"G577": {"type": "Matrix2x2", "payoffs": [[[23,17],[2,9]],[[4,0],[0,13]]]},
"G578": {"type": "Matrix2x2", "payoffs": [[[15,55],[28,0]],[[42,63],[0,4]]]},
"G579": {"type": "Matrix2x2", "payoffs": [[[18,0],[44,11]],[[0,8],[28,1]]]},
"G580": {"type": "Matrix2x2", "payoffs": [[[0,17],[6,13]],[[7,0],[17,23]]]},
"G581": {"type": "Matrix2x2", "payoffs": [[[2,31],[0,0]],[[1,18],[3,83]]]},
"G582": {"type": "Matrix2x2", "payoffs": [[[53,17],[58,0]],[[61,18],[0,9]]]},
"G583": {"type": "Matrix2x2", "payoffs": [[[22,64],[13,36]],[[0,28],[5,0]]]},
"G584": {"type": "Matrix2x2", "payoffs": [[[0,14],[91,37]],[[46,16],[56,0]]]},
"G585": {"type": "Matrix2x2", "payoffs": [[[22,0],[85,52]],[[30,7],[0,18]]]},
"G586": {"type": "Matrix2x2", "payoffs": [[[6,40],[0,34]],[[20,88],[7,0]]]},
"G587": {"type": "Matrix2x2", "payoffs": [[[1,54],[45,98]],[[0,52],[10,0]]]},
"G588": {"type": "Matrix2x2", "payoffs": [[[11,0],[70,13]],[[0,6],[28,9]]]},
"G589": {"type": "Matrix2x2", "payoffs": [[[14,36],[6,0]],[[29,44],[0,27]]]},
"G590": {"type": "Matrix2x2", "payoffs": [[[79,7],[17,14]],[[86,17],[0,0]]]},
"G591": {"type": "Matrix2x2", "payoffs": [[[26,17],[0,0]],[[67,59],[68,99]]]},
"G592": {"type": "Matrix2x2", "payoffs": [[[3,10],[0,9]],[[1,0],[2,8]]]},
"G593": {"type": "Matrix2x2", "payoffs": [[[5,51],[6,0]],[[7,52],[0,15]]]},
"G594": {"type": "Matrix2x2", "payoffs": [[[100,86],[52,0]],[[0,70],[23,33]]]},
"G595": {"type": "Matrix2x2", "payoffs": [[[53,0],[6,19]],[[0,33],[85,42]]]},
"G596": {"type": "Matrix2x2", "payoffs": [[[2,9],[89,19]],[[0,0],[68,13]]]},
"G597": {"type": "Matrix2x2", "payoffs": [[[84,16],[86,24]],[[0,0],[45,10]]]},
"G598": {"type": "Matrix2x2", "payoffs": [[[0,74],[22,0]],[[38,84],[13,49]]]},
"G599": {"type": "Matrix2x2", "payoffs": [[[16,32],[62,46]],[[22,35],[0,0]]]},
"G600": {"type": "Matrix2x2", "payoffs": [[[0,0],[26,83]],[[7,79],[21,28]]]},
"G601": {"type": "Matrix2x2", "payoffs": [[[10,2],[7,6]],[[18,8],[0,0]]]},
"G602": {"type": "Matrix2x2", "payoffs": [[[87,9],[0,0]],[[93,40],[76,18]]]},
"G603": {"type": "Matrix2x2", "payoffs": [[[16,15],[52,0]],[[0,5],[55,39]]]},
"G604": {"type": "Matrix2x2", "payoffs": [[[22,14],[33,22]],[[92,28],[0,0]]]},
"G605": {"type": "Matrix2x2", "payoffs": [[[21,11],[45,80]],[[0,0],[25,14]]]},
"G606": {"type": "Matrix2x2", "payoffs": [[[21,51],[12,20]],[[0,11],[19,0]]]},
"G607": {"type": "Matrix2x2", "payoffs": [[[0,0],[3,42]],[[8,57],[2,13]]]},
"G608": {"type": "Matrix2x2", "payoffs": [[[12,24],[6,0]],[[0,1],[4,23]]]},
"G609": {"type": "Matrix2x2", "payoffs": [[[24,11],[30,0]],[[93,27],[0,12]]]},
"G610": {"type": "Matrix2x2", "payoffs": [[[0,3],[2,0]],[[16,18],[13,14]]]},
"G611": {"type": "Matrix2x2", "payoffs": [[[34,30],[24,11]],[[0,8],[9,0]]]},
"G612": {"type": "Matrix2x2", "payoffs": [[[13,33],[95,40]],[[0,0],[36,24]]]},
"G613": {"type": "Matrix2x2", "payoffs": [[[77,3],[45,0]],[[12,1],[0,2]]]},
"G614": {"type": "Matrix2x2", "payoffs": [[[54,31],[95,45]],[[0,34],[16,0]]]},
"G615": {"type": "Matrix2x2", "payoffs": [[[0,0],[89,64]],[[22,25],[51,41]]]},
"G616": {"type": "Matrix2x2", "payoffs": [[[40,31],[0,41]],[[79,46],[53,0]]]},
"G617": {"type": "Matrix2x2", "payoffs": [[[0,34],[2,0]],[[3,63],[1,3]]]},
"G618": {"type": "Matrix2x2", "payoffs": [[[4,0],[7,53]],[[0,29],[2,31]]]},
"G619": {"type": "Matrix2x2", "payoffs": [[[2,9],[0,63]],[[41,69],[12,0]]]},
"G620": {"type": "Matrix2x2", "payoffs": [[[9,5],[45,0]],[[99,11],[0,10]]]},
"G621": {"type": "Matrix2x2", "payoffs": [[[34,31],[1,0]],[[0,7],[31,2]]]},
"G622": {"type": "Matrix2x2", "payoffs": [[[11,0],[28,11]],[[0,6],[20,4]]]},
"G623": {"type": "Matrix2x2", "payoffs": [[[77,79],[0,71]],[[74,20],[44,0]]]},
"G624": {"type": "Matrix2x2", "payoffs": [[[0,0],[3,10]],[[6,35],[5,32]]]},
"G625": {"type": "Matrix2x2", "payoffs": [[[0,7],[67,9]],[[15,0],[27,8]]]},
"G626": {"type": "Matrix2x2", "payoffs": [[[73,21],[84,0]],[[0,42],[85,58]]]},
"G627": {"type": "Matrix2x2", "payoffs": [[[0,0],[62,46]],[[77,53],[78,72]]]},
"G628": {"type": "Matrix2x2", "payoffs": [[[15,38],[71,48]],[[0,35],[18,0]]]},
"G629": {"type": "Matrix2x2", "payoffs": [[[0,48],[46,0]],[[74,73],[3,29]]]},
"G630": {"type": "Matrix2x2", "payoffs": [[[0,17],[5,0]],[[23,79],[9,22]]]},
"G631": {"type": "Matrix2x2", "payoffs": [[[10,32],[0,47]],[[29,48],[28,0]]]},
"G632": {"type": "Matrix2x2", "payoffs": [[[0,15],[88,23]],[[78,0],[72,4]]]},
"G633": {"type": "Matrix2x2", "payoffs": [[[7,9],[0,4]],[[16,10],[1,0]]]},
"G634": {"type": "Matrix2x2", "payoffs": [[[34,17],[7,0]],[[59,74],[0,23]]]},
"G635": {"type": "Matrix2x2", "payoffs": [[[0,0],[43,3]],[[79,32],[94,46]]]},
"G636": {"type": "Matrix2x2", "payoffs": [[[20,88],[65,3]],[[75,91],[0,0]]]},
"G637": {"type": "Matrix2x2", "payoffs": [[[19,74],[1,0]],[[9,49],[0,28]]]},
"G638": {"type": "Matrix2x2", "payoffs": [[[16,28],[2,0]],[[0,30],[42,37]]]},
"G639": {"type": "Matrix2x2", "payoffs": [[[15,0],[6,21]],[[0,27],[21,77]]]},
"G640": {"type": "Matrix2x2", "payoffs": [[[0,1],[61,27]],[[43,0],[6,19]]]},
"G641": {"type": "Matrix2x2", "payoffs": [[[84,69],[92,75]],[[0,54],[74,0]]]},
"G642": {"type": "Matrix2x2", "payoffs": [[[0,0],[41,84]],[[26,75],[19,41]]]},
"G643": {"type": "Matrix2x2", "payoffs": [[[80,70],[29,13]],[[0,56],[79,0]]]},
"G644": {"type": "Matrix2x2", "payoffs": [[[45,64],[0,0]],[[41,22],[4,21]]]},
"G645": {"type": "Matrix2x2", "payoffs": [[[25,32],[39,72]],[[3,4],[0,0]]]},
"G646": {"type": "Matrix2x2", "payoffs": [[[22,15],[35,0]],[[65,81],[0,32]]]},
"G647": {"type": "Matrix2x2", "payoffs": [[[57,9],[76,96]],[[0,0],[7,50]]]},
"G648": {"type": "Matrix2x2", "payoffs": [[[29,98],[1,0]],[[0,18],[18,37]]]},
"G649": {"type": "Matrix2x2", "payoffs": [[[50,12],[0,11]],[[18,1],[15,0]]]},
"G650": {"type": "Matrix2x2", "payoffs": [[[73,0],[100,54]],[[0,29],[9,15]]]},
"G651": {"type": "Matrix2x2", "payoffs": [[[0,9],[27,3]],[[3,0],[48,13]]]},
"G652": {"type": "Matrix2x2", "payoffs": [[[1,54],[0,88]],[[8,93],[5,0]]]},
"G653": {"type": "Matrix2x2", "payoffs": [[[47,39],[0,2]],[[23,38],[16,0]]]},
"G654": {"type": "Matrix2x2", "payoffs": [[[37,53],[94,75]],[[0,70],[77,0]]]},
"G655": {"type": "Matrix2x2", "payoffs": [[[37,16],[3,10]],[[0,0],[27,13]]]},
"G656": {"type": "Matrix2x2", "payoffs": [[[6,24],[0,0]],[[1,6],[27,35]]]},
"G657": {"type": "Matrix2x2", "payoffs": [[[99,74],[58,40]],[[0,2],[83,0]]]},
"G658": {"type": "Matrix2x2", "payoffs": [[[43,15],[0,0]],[[33,2],[53,16]]]},
"G659": {"type": "Matrix2x2", "payoffs": [[[0,16],[80,44]],[[94,63],[18,0]]]},
"G660": {"type": "Matrix2x2", "payoffs": [[[86,53],[99,64]],[[0,27],[65,0]]]},
"G661": {"type": "Matrix2x2", "payoffs": [[[33,5],[0,4]],[[30,0],[55,11]]]},
"G662": {"type": "Matrix2x2", "payoffs": [[[89,4],[0,0]],[[1,2],[46,1]]]},
"G663": {"type": "Matrix2x2", "payoffs": [[[0,11],[70,90]],[[31,0],[33,72]]]},
"G664": {"type": "Matrix2x2", "payoffs": [[[61,79],[47,54]],[[30,46],[0,0]]]},
"G665": {"type": "Matrix2x2", "payoffs": [[[41,0],[93,84]],[[0,11],[65,69]]]},
"G666": {"type": "Matrix2x2", "payoffs": [[[100,18],[0,8]],[[98,0],[72,15]]]},
"G667": {"type": "Matrix2x2", "payoffs": [[[9,7],[5,0]],[[11,15],[0,6]]]},
"G668": {"type": "Matrix2x2", "payoffs": [[[40,23],[59,0]],[[82,48],[0,39]]]},
"G669": {"type": "Matrix2x2", "payoffs": [[[63,75],[24,70]],[[0,0],[37,6]]]},
"G670": {"type": "Matrix2x2", "payoffs": [[[25,24],[3,0]],[[0,8],[46,33]]]},
"G671": {"type": "Matrix2x2", "payoffs": [[[22,0],[0,11]],[[58,21],[26,13]]]},
"G672": {"type": "Matrix2x2", "payoffs": [[[93,19],[65,3]],[[0,9],[28,0]]]},
"G673": {"type": "Matrix2x2", "payoffs": [[[9,21],[12,24]],[[15,26],[0,0]]]},
"G674": {"type": "Matrix2x2", "payoffs": [[[28,3],[0,0]],[[31,54],[50,85]]]},
"G675": {"type": "Matrix2x2", "payoffs": [[[7,12],[3,0]],[[0,1],[9,18]]]},
"G676": {"type": "Matrix2x2", "payoffs": [[[0,8],[54,24]],[[55,33],[35,0]]]},
"G677": {"type": "Matrix2x2", "payoffs": [[[20,0],[0,3]],[[4,6],[53,10]]]},
"G678": {"type": "Matrix2x2", "payoffs": [[[1,0],[0,31]],[[2,51],[4,89]]]},
"G679": {"type": "Matrix2x2", "payoffs": [[[0,34],[30,54]],[[29,0],[19,20]]]},
"G680": {"type": "Matrix2x2", "payoffs": [[[0,0],[87,27]],[[45,3],[97,44]]]},
"G681": {"type": "Matrix2x2", "payoffs": [[[95,5],[0,0]],[[29,4],[71,3]]]},
"G682": {"type": "Matrix2x2", "payoffs": [[[10,0],[17,99]],[[0,42],[14,97]]]},
"G683": {"type": "Matrix2x2", "payoffs": [[[3,37],[0,0]],[[1,30],[10,38]]]},
"G684": {"type": "Matrix2x2", "payoffs": [[[0,9],[97,15]],[[94,1],[78,0]]]},
"G685": {"type": "Matrix2x2", "payoffs": [[[71,17],[54,0]],[[32,13],[0,15]]]},
"G686": {"type": "Matrix2x2", "payoffs": [[[5,25],[10,30]],[[8,24],[0,0]]]},
"G687": {"type": "Matrix2x2", "payoffs": [[[0,2],[2,1]],[[52,3],[48,0]]]},
"G688": {"type": "Matrix2x2", "payoffs": [[[99,62],[0,50]],[[72,0],[49,49]]]},
"G689": {"type": "Matrix2x2", "payoffs": [[[49,3],[0,0]],[[43,52],[82,71]]]},
"G690": {"type": "Matrix2x2", "payoffs": [[[10,6],[22,18]],[[7,1],[0,0]]]},
"G691": {"type": "Matrix2x2", "payoffs": [[[51,45],[26,10]],[[0,4],[48,0]]]},
"G692": {"type": "Matrix2x2", "payoffs": [[[89,29],[20,0]],[[76,1],[0,8]]]},
"G693": {"type": "Matrix2x2", "payoffs": [[[4,46],[7,0]],[[0,28],[9,48]]]},
"G694": {"type": "Matrix2x2", "payoffs": [[[26,13],[0,29]],[[48,0],[95,86]]]},
"G695": {"type": "Matrix2x2", "payoffs": [[[0,0],[30,63]],[[1,5],[27,61]]]},
"G696": {"type": "Matrix2x2", "payoffs": [[[25,65],[19,2]],[[22,20],[0,0]]]},
"G697": {"type": "Matrix2x2", "payoffs": [[[14,71],[12,0]],[[0,68],[33,81]]]},
"G698": {"type": "Matrix2x2", "payoffs": [[[0,16],[86,13]],[[23,0],[100,33]]]},
"G699": {"type": "Matrix2x2", "payoffs": [[[0,34],[31,53]],[[18,27],[9,0]]]},
"G700": {"type": "Matrix2x2", "payoffs": [[[62,0],[64,8]],[[0,17],[89,28]]]},
"G701": {"type": "Matrix2x2", "payoffs": [[[14,20],[0,0]],[[22,33],[8,28]]]},
"G702": {"type": "Matrix2x2", "payoffs": [[[4,31],[3,5]],[[0,0],[10,40]]]},
"G703": {"type": "Matrix2x2", "payoffs": [[[30,80],[44,88]],[[9,56],[0,0]]]},
"G704": {"type": "Matrix2x2", "payoffs": [[[0,47],[47,55]],[[57,67],[28,0]]]},
"G705": {"type": "Matrix2x2", "payoffs": [[[44,37],[29,19]],[[0,8],[7,0]]]},
"G706": {"type": "Matrix2x2", "payoffs": [[[25,7],[0,0]],[[53,42],[35,26]]]},
"G707": {"type": "Matrix2x2", "payoffs": [[[96,23],[23,0]],[[39,6],[0,19]]]},
"G708": {"type": "Matrix2x2", "payoffs": [[[11,28],[0,67]],[[3,0],[16,73]]]},
"G709": {"type": "Matrix2x2", "payoffs": [[[11,0],[0,7]],[[25,12],[17,9]]]},
"G710": {"type": "Matrix2x2", "payoffs": [[[92,5],[0,0]],[[59,3],[25,1]]]},
"G711": {"type": "Matrix2x2", "payoffs": [[[16,31],[28,62]],[[17,0],[0,8]]]},
"G712": {"type": "Matrix2x2", "payoffs": [[[0,56],[78,83]],[[48,55],[9,0]]]},
"G713": {"type": "Matrix2x2", "payoffs": [[[7,0],[9,29]],[[0,76],[15,84]]]},
"G714": {"type": "Matrix2x2", "payoffs": [[[0,4],[19,79]],[[22,0],[33,90]]]},
"G715": {"type": "Matrix2x2", "payoffs": [[[65,12],[17,1]],[[45,6],[0,0]]]},
"G716": {"type": "Matrix2x2", "payoffs": [[[0,0],[2,10]],[[5,2],[8,11]]]},
"G717": {"type": "Matrix2x2", "payoffs": [[[93,64],[0,25]],[[80,36],[87,0]]]},
"G718": {"type": "Matrix2x2", "payoffs": [[[0,13],[63,38]],[[24,3],[36,0]]]},
"G719": {"type": "Matrix2x2", "payoffs": [[[50,82],[0,72]],[[47,0],[27,74]]]},
"G720": {"type": "Matrix2x2", "payoffs": [[[11,36],[48,0]],[[0,15],[73,54]]]},
"G721": {"type": "Matrix2x2", "payoffs": [[[87,0],[95,31]],[[12,5],[0,8]]]},
"G722": {"type": "Matrix2x2", "payoffs": [[[0,0],[5,26]],[[6,34],[3,5]]]},
"G723": {"type": "Matrix2x2", "payoffs": [[[1,0],[0,1]],[[84,3],[29,2]]]},
"G724": {"type": "Matrix2x2", "payoffs": [[[0,0],[65,21]],[[42,2],[22,20]]]},
"G725": {"type": "Matrix2x2", "payoffs": [[[0,62],[47,68]],[[10,57],[19,0]]]},
"G726": {"type": "Matrix2x2", "payoffs": [[[0,3],[17,7]],[[14,0],[27,65]]]},
"G727": {"type": "Matrix2x2", "payoffs": [[[90,0],[0,3]],[[98,7],[48,2]]]},
"G728": {"type": "Matrix2x2", "payoffs": [[[78,88],[5,2]],[[4,12],[0,0]]]},
"G729": {"type": "Matrix2x2", "payoffs": [[[6,16],[9,96]],[[0,0],[8,35]]]},
"G730": {"type": "Matrix2x2", "payoffs": [[[3,71],[1,27]],[[0,64],[2,0]]]},
"G731": {"type": "Matrix2x2", "payoffs": [[[16,23],[0,84]],[[3,0],[37,98]]]},
"G732": {"type": "Matrix2x2", "payoffs": [[[15,42],[22,0]],[[35,52],[0,31]]]},
"G733": {"type": "Matrix2x2", "payoffs": [[[0,6],[72,1]],[[69,0],[79,89]]]},
"G734": {"type": "Matrix2x2", "payoffs": [[[0,4],[25,27]],[[10,3],[20,0]]]},
"G735": {"type": "Matrix2x2", "payoffs": [[[69,0],[0,12]],[[93,36],[28,31]]]},
"G736": {"type": "Matrix2x2", "payoffs": [[[0,0],[18,7]],[[51,15],[6,12]]]},
"G737": {"type": "Matrix2x2", "payoffs": [[[4,0],[16,14]],[[0,15],[17,18]]]},
"G738": {"type": "Matrix2x2", "payoffs": [[[96,57],[0,0]],[[39,40],[78,8]]]},
"G739": {"type": "Matrix2x2", "payoffs": [[[41,7],[0,20]],[[29,0],[59,60]]]},
"G740": {"type": "Matrix2x2", "payoffs": [[[48,96],[10,0]],[[23,24],[0,46]]]},
"G741": {"type": "Matrix2x2", "payoffs": [[[6,23],[18,97]],[[0,86],[4,0]]]},
"G742": {"type": "Matrix2x2", "payoffs": [[[0,13],[41,39]],[[25,0],[11,20]]]},
"G743": {"type": "Matrix2x2", "payoffs": [[[0,38],[97,42]],[[32,37],[89,0]]]},
"G744": {"type": "Matrix2x2", "payoffs": [[[84,42],[78,26]],[[43,0],[0,23]]]},
"G745": {"type": "Matrix2x2", "payoffs": [[[62,95],[14,0]],[[42,28],[0,91]]]},
"G746": {"type": "Matrix2x2", "payoffs": [[[87,57],[0,0]],[[1,42],[77,36]]]},
"G747": {"type": "Matrix2x2", "payoffs": [[[94,57],[11,49]],[[70,26],[0,0]]]},
"G748": {"type": "Matrix2x2", "payoffs": [[[48,0],[71,49]],[[19,9],[0,21]]]},
"G749": {"type": "Matrix2x2", "payoffs": [[[83,11],[20,8]],[[0,0],[29,3]]]},
"G750": {"type": "Matrix2x2", "payoffs": [[[39,5],[54,14]],[[0,2],[20,0]]]},
"G751": {"type": "Matrix2x2", "payoffs": [[[69,27],[46,0]],[[0,23],[32,5]]]},
"G752": {"type": "Matrix2x2", "payoffs": [[[3,0],[0,4]],[[1,1],[11,5]]]},
"G753": {"type": "Matrix2x2", "payoffs": [[[0,3],[78,4]],[[48,0],[23,2]]]},
"G754": {"type": "Matrix2x2", "payoffs": [[[3,53],[12,29]],[[53,67],[0,0]]]},
"G755": {"type": "Matrix2x2", "payoffs": [[[7,0],[27,91]],[[26,50],[0,54]]]},
"G756": {"type": "Matrix2x2", "payoffs": [[[2,0],[14,49]],[[6,12],[0,32]]]},
"G757": {"type": "Matrix2x2", "payoffs": [[[36,1],[0,0]],[[88,14],[78,13]]]},
"G758": {"type": "Matrix2x2", "payoffs": [[[0,7],[17,40]],[[14,0],[2,18]]]},
"G759": {"type": "Matrix2x2", "payoffs": [[[40,44],[82,48]],[[47,10],[0,0]]]},
"G760": {"type": "Matrix2x2", "payoffs": [[[22,17],[51,48]],[[6,0],[0,13]]]},
"G761": {"type": "Matrix2x2", "payoffs": [[[7,22],[6,0]],[[0,9],[9,47]]]},
"G762": {"type": "Matrix2x2", "payoffs": [[[2,0],[53,38]],[[4,16],[0,28]]]},
"G763": {"type": "Matrix2x2", "payoffs": [[[0,8],[2,5]],[[42,11],[20,0]]]},
"G764": {"type": "Matrix2x2", "payoffs": [[[58,0],[75,61]],[[79,70],[0,56]]]},
"G765": {"type": "Matrix2x2", "payoffs": [[[75,87],[5,77]],[[0,56],[49,0]]]},
"G766": {"type": "Matrix2x2", "payoffs": [[[10,0],[69,69]],[[0,41],[38,59]]]},
"G767": {"type": "Matrix2x2", "payoffs": [[[2,0],[0,58]],[[3,75],[1,39]]]},
"G768": {"type": "Matrix2x2", "payoffs": [[[8,67],[6,28]],[[3,0],[0,26]]]},
"G769": {"type": "Matrix2x2", "payoffs": [[[0,3],[23,12]],[[13,0],[5,9]]]},
"G770": {"type": "Matrix2x2", "payoffs": [[[99,92],[0,7]],[[95,0],[32,75]]]},
"G771": {"type": "Matrix2x2", "payoffs": [[[85,34],[62,0]],[[82,32],[0,26]]]},
"G772": {"type": "Matrix2x2", "payoffs": [[[0,0],[35,25]],[[20,4],[28,20]]]},
"G773": {"type": "Matrix2x2", "payoffs": [[[4,26],[7,57]],[[0,51],[3,0]]]},
"G774": {"type": "Matrix2x2", "payoffs": [[[52,37],[26,14]],[[0,0],[15,30]]]},
"G775": {"type": "Matrix2x2", "payoffs": [[[61,18],[77,77]],[[50,60],[0,0]]]},
"G776": {"type": "Matrix2x2", "payoffs": [[[24,15],[26,33]],[[0,0],[1,7]]]},
"G777": {"type": "Matrix2x2", "payoffs": [[[67,20],[62,0]],[[0,18],[38,2]]]},
"G778": {"type": "Matrix2x2", "payoffs": [[[96,65],[27,0]],[[0,1],[79,64]]]},
"G779": {"type": "Matrix2x2", "payoffs": [[[41,0],[36,14]],[[0,37],[51,41]]]},
"G780": {"type": "Matrix2x2", "payoffs": [[[0,0],[1,90]],[[12,92],[27,98]]]},
"G781": {"type": "Matrix2x2", "payoffs": [[[0,37],[19,8]],[[80,59],[1,0]]]},
"G782": {"type": "Matrix2x2", "payoffs": [[[26,0],[20,18]],[[0,1],[35,37]]]},
"G783": {"type": "Matrix2x2", "payoffs": [[[22,25],[10,2]],[[0,0],[11,8]]]},
"G784": {"type": "Matrix2x2", "payoffs": [[[71,85],[10,0]],[[61,53],[0,4]]]},
"G785": {"type": "Matrix2x2", "payoffs": [[[71,55],[80,83]],[[0,82],[5,0]]]},
"G786": {"type": "Matrix2x2", "payoffs": [[[0,2],[33,15]],[[23,0],[5,10]]]},
"G787": {"type": "Matrix2x2", "payoffs": [[[65,1],[34,2]],[[0,0],[85,3]]]},
"G788": {"type": "Matrix2x2", "payoffs": [[[0,0],[25,45]],[[15,35],[8,41]]]},
"G789": {"type": "Matrix2x2", "payoffs": [[[1,19],[0,17]],[[15,20],[12,0]]]},
"G790": {"type": "Matrix2x2", "payoffs": [[[5,39],[0,6]],[[28,0],[78,55]]]},
"G791": {"type": "Matrix2x2", "payoffs": [[[88,24],[0,2]],[[46,0],[41,12]]]},
"G792": {"type": "Matrix2x2", "payoffs": [[[0,3],[7,11]],[[3,0],[5,2]]]},
"G793": {"type": "Matrix2x2", "payoffs": [[[63,93],[21,0]],[[22,80],[0,17]]]},
"G794": {"type": "Matrix2x2", "payoffs": [[[1,26],[10,64]],[[8,0],[0,8]]]},
"G795": {"type": "Matrix2x2", "payoffs": [[[0,41],[16,0]],[[35,76],[22,30]]]},
"G796": {"type": "Matrix2x2", "payoffs": [[[14,61],[4,72]],[[0,0],[69,88]]]},
"G797": {"type": "Matrix2x2", "payoffs": [[[11,0],[0,4]],[[2,5],[14,6]]]},
"G798": {"type": "Matrix2x2", "payoffs": [[[14,16],[0,0]],[[28,84],[11,73]]]},
"G799": {"type": "Matrix2x2", "payoffs": [[[4,0],[27,24]],[[0,9],[83,26]]]},
"G800": {"type": "Matrix2x2", "payoffs": [[[17,0],[28,90]],[[20,10],[0,25]]]},
"G801": {"type": "Matrix2x2", "payoffs": [[[40,0],[47,79]],[[0,74],[16,66]]]},
"G802": {"type": "Matrix2x2", "payoffs": [[[0,66],[9,30]],[[7,0],[13,76]]]},
"G803": {"type": "Matrix2x2", "payoffs": [[[0,7],[89,93]],[[1,0],[62,55]]]},
"G804": {"type": "Matrix2x2", "payoffs": [[[79,20],[70,14]],[[0,0],[90,47]]]},
"G805": {"type": "Matrix2x2", "payoffs": [[[3,0],[0,2]],[[8,3],[5,1]]]},
"G806": {"type": "Matrix2x2", "payoffs": [[[54,71],[0,54]],[[25,19],[51,0]]]},
"G807": {"type": "Matrix2x2", "payoffs": [[[62,44],[19,39]],[[11,0],[0,20]]]},
"G808": {"type": "Matrix2x2", "payoffs": [[[21,10],[0,0]],[[24,70],[8,60]]]},
"G809": {"type": "Matrix2x2", "payoffs": [[[0,2],[60,52]],[[33,0],[26,33]]]},
"G810": {"type": "Matrix2x2", "payoffs": [[[0,3],[47,21]],[[23,4],[11,0]]]},
"G811": {"type": "Matrix2x2", "payoffs": [[[19,0],[0,26]],[[63,20],[70,53]]]},
"G812": {"type": "Matrix2x2", "payoffs": [[[0,6],[21,0]],[[98,46],[40,18]]]},
"G813": {"type": "Matrix2x2", "payoffs": [[[10,64],[9,29]],[[0,42],[5,0]]]},
"G814": {"type": "Matrix2x2", "payoffs": [[[49,29],[65,65]],[[33,0],[0,21]]]},
"G815": {"type": "Matrix2x2", "payoffs": [[[70,76],[64,18]],[[25,32],[0,0]]]},
"G816": {"type": "Matrix2x2", "payoffs": [[[18,32],[1,6]],[[0,28],[6,0]]]},
"G817": {"type": "Matrix2x2", "payoffs": [[[93,22],[30,8]],[[0,1],[23,0]]]},
"G818": {"type": "Matrix2x2", "payoffs": [[[59,0],[94,83]],[[8,27],[0,16]]]},
"G819": {"type": "Matrix2x2", "payoffs": [[[53,17],[82,19]],[[0,0],[26,3]]]},
"G820": {"type": "Matrix2x2", "payoffs": [[[56,48],[24,33]],[[18,0],[0,4]]]},
"G821": {"type": "Matrix2x2", "payoffs": [[[33,2],[0,0]],[[40,31],[44,61]]]},
"G822": {"type": "Matrix2x2", "payoffs": [[[19,17],[22,86]],[[0,0],[15,28]]]},
"G823": {"type": "Matrix2x2", "payoffs": [[[29,61],[27,0]],[[7,32],[0,36]]]},
"G824": {"type": "Matrix2x2", "payoffs": [[[37,53],[30,0]],[[0,47],[32,27]]]},
"G825": {"type": "Matrix2x2", "payoffs": [[[21,17],[16,0]],[[0,80],[37,87]]]},
"G826": {"type": "Matrix2x2", "payoffs": [[[3,32],[58,0]],[[0,28],[96,46]]]},
"G827": {"type": "Matrix2x2", "payoffs": [[[0,0],[2,51]],[[15,52],[24,54]]]},
"G828": {"type": "Matrix2x2", "payoffs": [[[15,0],[0,9]],[[28,24],[27,2]]]},
"G829": {"type": "Matrix2x2", "payoffs": [[[50,0],[86,12]],[[0,27],[87,33]]]},
"G830": {"type": "Matrix2x2", "payoffs": [[[8,27],[20,28]],[[0,0],[35,68]]]},
"G831": {"type": "Matrix2x2", "payoffs": [[[49,64],[27,39]],[[12,0],[0,45]]]},
"G832": {"type": "Matrix2x2", "payoffs": [[[3,31],[1,71]],[[4,92],[0,0]]]},
"G833": {"type": "Matrix2x2", "payoffs": [[[54,59],[22,0]],[[0,34],[11,30]]]},
"G834": {"type": "Matrix2x2", "payoffs": [[[45,0],[54,27]],[[0,16],[26,18]]]},
"G835": {"type": "Matrix2x2", "payoffs": [[[41,34],[0,55]],[[1,0],[54,66]]]},
"G836": {"type": "Matrix2x2", "payoffs": [[[28,23],[10,11]],[[13,18],[0,0]]]},
"G837": {"type": "Matrix2x2", "payoffs": [[[39,76],[0,51]],[[33,0],[45,84]]]},
"G838": {"type": "Matrix2x2", "payoffs": [[[0,47],[24,0]],[[48,26],[54,56]]]},
"G839": {"type": "Matrix2x2", "payoffs": [[[0,0],[30,1]],[[53,13],[3,12]]]},
"G840": {"type": "Matrix2x2", "payoffs": [[[0,3],[6,0]],[[12,2],[18,4]]]},
"G841": {"type": "Matrix2x2", "payoffs": [[[10,1],[0,59]],[[71,0],[85,80]]]},
"G842": {"type": "Matrix2x2", "payoffs": [[[0,0],[60,11]],[[74,28],[52,15]]]},
"G843": {"type": "Matrix2x2", "payoffs": [[[100,20],[13,3]],[[0,0],[14,8]]]},
"G844": {"type": "Matrix2x2", "payoffs": [[[0,0],[17,34]],[[31,93],[3,53]]]},
"G845": {"type": "Matrix2x2", "payoffs": [[[0,20],[73,38]],[[50,2],[19,0]]]},
"G846": {"type": "Matrix2x2", "payoffs": [[[1,0],[30,11]],[[0,10],[21,4]]]},
"G847": {"type": "Matrix2x2", "payoffs": [[[97,89],[0,0]],[[63,86],[17,7]]]},
"G848": {"type": "Matrix2x2", "payoffs": [[[33,15],[0,0]],[[82,20],[72,8]]]},
"G849": {"type": "Matrix2x2", "payoffs": [[[88,6],[22,1]],[[71,0],[0,3]]]},
"G850": {"type": "Matrix2x2", "payoffs": [[[32,43],[7,6]],[[0,2],[24,0]]]},
"G851": {"type": "Matrix2x2", "payoffs": [[[7,24],[0,0]],[[10,29],[8,7]]]},
"G852": {"type": "Matrix2x2", "payoffs": [[[51,45],[36,0]],[[70,63],[0,2]]]},
"G853": {"type": "Matrix2x2", "payoffs": [[[67,52],[17,0]],[[92,81],[0,76]]]},
"G854": {"type": "Matrix2x2", "payoffs": [[[4,15],[31,17]],[[8,3],[0,0]]]},
"G855": {"type": "Matrix2x2", "payoffs": [[[0,1],[33,2]],[[73,11],[48,0]]]},
"G856": {"type": "Matrix2x2", "payoffs": [[[30,15],[0,0]],[[6,20],[35,21]]]},
"G857": {"type": "Matrix2x2", "payoffs": [[[15,36],[21,0]],[[0,30],[25,65]]]},
"G858": {"type": "Matrix2x2", "payoffs": [[[49,100],[48,0]],[[0,94],[24,13]]]},
"G859": {"type": "Matrix2x2", "payoffs": [[[7,0],[0,87]],[[36,90],[30,56]]]},
"G860": {"type": "Matrix2x2", "payoffs": [[[7,21],[0,0]],[[4,8],[5,17]]]},
"G861": {"type": "Matrix2x2", "payoffs": [[[33,7],[71,0]],[[0,1],[72,10]]]},
"G862": {"type": "Matrix2x2", "payoffs": [[[36,61],[23,8]],[[0,0],[41,69]]]},
"G863": {"type": "Matrix2x2", "payoffs": [[[99,90],[0,7]],[[92,2],[65,0]]]},
"G864": {"type": "Matrix2x2", "payoffs": [[[30,55],[0,43]],[[34,0],[85,62]]]},
"G865": {"type": "Matrix2x2", "payoffs": [[[8,0],[0,29]],[[38,93],[32,70]]]},
"G866": {"type": "Matrix2x2", "payoffs": [[[24,17],[0,8]],[[40,0],[60,18]]]},
"G867": {"type": "Matrix2x2", "payoffs": [[[15,38],[22,25]],[[0,0],[36,90]]]},
"G868": {"type": "Matrix2x2", "payoffs": [[[0,13],[17,77]],[[49,0],[57,85]]]},
"G869": {"type": "Matrix2x2", "payoffs": [[[38,66],[14,15]],[[0,21],[28,0]]]},
"G870": {"type": "Matrix2x2", "payoffs": [[[0,11],[15,0]],[[23,77],[13,59]]]},
"G871": {"type": "Matrix2x2", "payoffs": [[[9,9],[0,17]],[[14,43],[1,0]]]},
"G872": {"type": "Matrix2x2", "payoffs": [[[90,11],[0,0]],[[32,4],[15,2]]]},
"G873": {"type": "Matrix2x2", "payoffs": [[[0,15],[8,47]],[[2,0],[5,32]]]},
"G874": {"type": "Matrix2x2", "payoffs": [[[84,59],[23,6]],[[24,0],[0,40]]]},
"G875": {"type": "Matrix2x2", "payoffs": [[[0,6],[10,0]],[[11,36],[6,3]]]},
"G876": {"type": "Matrix2x2", "payoffs": [[[97,36],[99,37]],[[0,0],[75,8]]]},
"G877": {"type": "Matrix2x2", "payoffs": [[[0,2],[22,4]],[[6,0],[9,1]]]},
"G878": {"type": "Matrix2x2", "payoffs": [[[58,0],[0,52]],[[43,67],[86,84]]]},
"G879": {"type": "Matrix2x2", "payoffs": [[[2,0],[14,33]],[[0,20],[11,31]]]},
"G880": {"type": "Matrix2x2", "payoffs": [[[80,12],[20,5]],[[0,0],[97,41]]]},
"G881": {"type": "Matrix2x2", "payoffs": [[[12,0],[54,29]],[[52,6],[0,25]]]},
"G882": {"type": "Matrix2x2", "payoffs": [[[49,0],[0,31]],[[93,59],[17,47]]]},
"G883": {"type": "Matrix2x2", "payoffs": [[[0,3],[3,0]],[[15,13],[11,10]]]},
"G884": {"type": "Matrix2x2", "payoffs": [[[81,45],[0,1]],[[13,2],[5,0]]]},
"G885": {"type": "Matrix2x2", "payoffs": [[[46,74],[37,66]],[[49,82],[0,0]]]},
"G886": {"type": "Matrix2x2", "payoffs": [[[35,10],[46,0]],[[0,24],[47,37]]]},
"G887": {"type": "Matrix2x2", "payoffs": [[[0,12],[76,17]],[[12,13],[23,0]]]},
"G888": {"type": "Matrix2x2", "payoffs": [[[91,94],[82,84]],[[19,30],[0,0]]]},
"G889": {"type": "Matrix2x2", "payoffs": [[[2,9],[7,43]],[[0,0],[9,46]]]},
"G890": {"type": "Matrix2x2", "payoffs": [[[32,33],[35,0]],[[63,100],[0,72]]]},
"G891": {"type": "Matrix2x2", "payoffs": [[[1,25],[13,30]],[[27,32],[0,0]]]},
"G892": {"type": "Matrix2x2", "payoffs": [[[4,0],[0,2]],[[5,1],[9,5]]]},
"G893": {"type": "Matrix2x2", "payoffs": [[[0,80],[20,57]],[[72,91],[7,0]]]},
"G894": {"type": "Matrix2x2", "payoffs": [[[0,0],[12,16]],[[7,7],[4,8]]]},
"G895": {"type": "Matrix2x2", "payoffs": [[[9,22],[0,2]],[[26,0],[28,62]]]},
"G896": {"type": "Matrix2x2", "payoffs": [[[36,61],[0,0]],[[75,40],[81,76]]]},
"G897": {"type": "Matrix2x2", "payoffs": [[[0,0],[42,4]],[[83,53],[60,35]]]},
"G898": {"type": "Matrix2x2", "payoffs": [[[16,40],[14,18]],[[9,0],[0,33]]]},
"G899": {"type": "Matrix2x2", "payoffs": [[[1,0],[13,84]],[[0,27],[7,36]]]},
"G900": {"type": "Matrix2x2", "payoffs": [[[30,59],[35,87]],[[0,68],[15,0]]]},
"G901": {"type": "Matrix2x2", "payoffs": [[[11,84],[0,0]],[[13,96],[10,71]]]},
"G902": {"type": "Matrix2x2", "payoffs": [[[6,1],[0,48]],[[16,0],[39,51]]]},
"G903": {"type": "Matrix2x2", "payoffs": [[[57,18],[0,84]],[[66,91],[22,0]]]},
"G904": {"type": "Matrix2x2", "payoffs": [[[100,20],[27,8]],[[1,3],[0,0]]]},
"G905": {"type": "Matrix2x2", "payoffs": [[[0,4],[38,8]],[[56,9],[40,0]]]},
"G906": {"type": "Matrix2x2", "payoffs": [[[74,25],[0,0]],[[14,24],[82,76]]]},
"G907": {"type": "Matrix2x2", "payoffs": [[[85,53],[32,25]],[[0,0],[65,5]]]},
"G908": {"type": "Matrix2x2", "payoffs": [[[15,8],[22,27]],[[11,19],[0,0]]]},
"G909": {"type": "Matrix2x2", "payoffs": [[[24,0],[16,9]],[[41,55],[0,3]]]},
"G910": {"type": "Matrix2x2", "payoffs": [[[4,0],[0,30]],[[1,8],[6,49]]]},
"G911": {"type": "Matrix2x2", "payoffs": [[[24,0],[56,41]],[[0,24],[53,13]]]},
"G912": {"type": "Matrix2x2", "payoffs": [[[31,0],[34,30]],[[55,83],[0,54]]]},
"G913": {"type": "Matrix2x2", "payoffs": [[[0,6],[3,1]],[[5,0],[10,9]]]},
"G914": {"type": "Matrix2x2", "payoffs": [[[17,6],[37,47]],[[31,1],[0,0]]]},
"G915": {"type": "Matrix2x2", "payoffs": [[[0,30],[5,52]],[[43,57],[2,0]]]},
"G916": {"type": "Matrix2x2", "payoffs": [[[0,0],[66,55]],[[12,39],[1,47]]]},
"G917": {"type": "Matrix2x2", "payoffs": [[[0,0],[5,7]],[[1,5],[3,2]]]},
"G918": {"type": "Matrix2x2", "payoffs": [[[12,14],[36,88]],[[13,12],[0,0]]]},
"G919": {"type": "Matrix2x2", "payoffs": [[[27,93],[15,76]],[[6,0],[0,41]]]},
"G920": {"type": "Matrix2x2", "payoffs": [[[0,0],[62,58]],[[17,28],[57,42]]]},
"G921": {"type": "Matrix2x2", "payoffs": [[[55,16],[0,0]],[[4,11],[17,12]]]},
"G922": {"type": "Matrix2x2", "payoffs": [[[0,40],[37,48]],[[38,49],[2,0]]]},
"G923": {"type": "Matrix2x2", "payoffs": [[[75,26],[53,12]],[[0,8],[63,0]]]},
"G924": {"type": "Matrix2x2", "payoffs": [[[89,92],[0,36]],[[79,0],[69,85]]]},
"G925": {"type": "Matrix2x2", "payoffs": [[[17,59],[8,0]],[[0,29],[76,98]]]},
"G926": {"type": "Matrix2x2", "payoffs": [[[0,0],[23,97]],[[9,14],[5,57]]]},
"G927": {"type": "Matrix2x2", "payoffs": [[[5,39],[0,17]],[[3,0],[13,69]]]},
"G928": {"type": "Matrix2x2", "payoffs": [[[14,0],[0,19]],[[27,37],[4,34]]]},
"G929": {"type": "Matrix2x2", "payoffs": [[[85,0],[0,10]],[[86,73],[69,64]]]},
"G930": {"type": "Matrix2x2", "payoffs": [[[27,0],[0,22]],[[78,42],[57,34]]]},
"G931": {"type": "Matrix2x2", "payoffs": [[[16,64],[11,0]],[[2,24],[0,20]]]},
"G932": {"type": "Matrix2x2", "payoffs": [[[36,0],[0,2]],[[71,6],[23,3]]]},
"G933": {"type": "Matrix2x2", "payoffs": [[[0,37],[56,0]],[[100,85],[97,11]]]},
"G934": {"type": "Matrix2x2", "payoffs": [[[2,12],[26,8]],[[98,23],[0,0]]]},
"G935": {"type": "Matrix2x2", "payoffs": [[[5,26],[30,64]],[[10,0],[0,6]]]},
"G936": {"type": "Matrix2x2", "payoffs": [[[0,21],[33,89]],[[1,60],[31,0]]]},
"G937": {"type": "Matrix2x2", "payoffs": [[[0,4],[74,0]],[[20,11],[82,30]]]},
"G938": {"type": "Matrix2x2", "payoffs": [[[14,82],[9,65]],[[21,94],[0,0]]]},
"G939": {"type": "Matrix2x2", "payoffs": [[[2,14],[0,0]],[[1,2],[3,17]]]},
"G940": {"type": "Matrix2x2", "payoffs": [[[0,0],[36,2]],[[66,4],[37,1]]]},
"G941": {"type": "Matrix2x2", "payoffs": [[[46,17],[93,28]],[[92,0],[0,7]]]},
"G942": {"type": "Matrix2x2", "payoffs": [[[7,11],[0,0]],[[35,48],[3,37]]]},
"G943": {"type": "Matrix2x2", "payoffs": [[[0,0],[4,39]],[[12,69],[3,43]]]},
"G944": {"type": "Matrix2x2", "payoffs": [[[56,33],[0,1]],[[54,24],[25,0]]]},
"G945": {"type": "Matrix2x2", "payoffs": [[[9,3],[20,68]],[[0,24],[5,0]]]},
"G946": {"type": "Matrix2x2", "payoffs": [[[1,73],[0,0]],[[16,74],[9,46]]]},
"G947": {"type": "Matrix2x2", "payoffs": [[[68,28],[89,59]],[[0,0],[54,13]]]},
"G948": {"type": "Matrix2x2", "payoffs": [[[4,31],[77,78]],[[0,0],[46,34]]]},
"G949": {"type": "Matrix2x2", "payoffs": [[[10,0],[44,90]],[[91,91],[0,60]]]},
"G950": {"type": "Matrix2x2", "payoffs": [[[37,0],[0,27]],[[29,13],[46,55]]]},
"G951": {"type": "Matrix2x2", "payoffs": [[[82,27],[22,26]],[[50,0],[0,21]]]},
"G952": {"type": "Matrix2x2", "payoffs": [[[1,61],[3,99]],[[2,0],[0,26]]]},
"G953": {"type": "Matrix2x2", "payoffs": [[[0,0],[38,2]],[[40,20],[76,49]]]},
"G954": {"type": "Matrix2x2", "payoffs": [[[0,37],[8,2]],[[57,49],[15,0]]]},
"G955": {"type": "Matrix2x2", "payoffs": [[[24,1],[67,4]],[[0,0],[36,3]]]},
"G956": {"type": "Matrix2x2", "payoffs": [[[20,51],[0,8]],[[17,17],[19,0]]]},
"G957": {"type": "Matrix2x2", "payoffs": [[[9,0],[0,8]],[[40,13],[13,7]]]},
"G958": {"type": "Matrix2x2", "payoffs": [[[99,66],[55,11]],[[0,43],[76,0]]]},
"G959": {"type": "Matrix2x2", "payoffs": [[[44,27],[0,25]],[[23,4],[21,0]]]},
"G960": {"type": "Matrix2x2", "payoffs": [[[0,69],[31,0]],[[59,71],[2,50]]]},
"G961": {"type": "Matrix2x2", "payoffs": [[[11,8],[8,5]],[[37,21],[0,0]]]},
"G962": {"type": "Matrix2x2", "payoffs": [[[0,3],[68,2]],[[39,0],[98,5]]]},
"G963": {"type": "Matrix2x2", "payoffs": [[[0,68],[4,0]],[[5,92],[2,14]]]},
"G964": {"type": "Matrix2x2", "payoffs": [[[37,31],[0,0]],[[74,41],[2,18]]]},
"G965": {"type": "Matrix2x2", "payoffs": [[[100,40],[2,0]],[[20,34],[0,8]]]},
"G966": {"type": "Matrix2x2", "payoffs": [[[39,5],[0,0]],[[51,10],[21,6]]]},
"G967": {"type": "Matrix2x2", "payoffs": [[[34,81],[0,0]],[[4,26],[20,34]]]},
"G968": {"type": "Matrix2x2", "payoffs": [[[20,22],[79,10]],[[0,0],[91,45]]]},
"G969": {"type": "Matrix2x2", "payoffs": [[[3,1],[63,52]],[[72,56],[0,0]]]},
"G970": {"type": "Matrix2x2", "payoffs": [[[0,0],[24,46]],[[99,76],[23,43]]]},
"G971": {"type": "Matrix2x2", "payoffs": [[[70,62],[40,23]],[[0,50],[11,0]]]},
"G972": {"type": "Matrix2x2", "payoffs": [[[11,68],[2,0]],[[0,3],[1,32]]]},
"G973": {"type": "Matrix2x2", "payoffs": [[[15,75],[0,19]],[[55,89],[22,0]]]},
"G974": {"type": "Matrix2x2", "payoffs": [[[0,0],[9,5]],[[3,4],[4,2]]]},
"G975": {"type": "Matrix2x2", "payoffs": [[[89,81],[0,26]],[[81,0],[16,58]]]},
"G976": {"type": "Matrix2x2", "payoffs": [[[23,10],[63,99]],[[61,11],[0,0]]]},
"G977": {"type": "Matrix2x2", "payoffs": [[[0,0],[27,69]],[[54,55],[57,98]]]},
"G978": {"type": "Matrix2x2", "payoffs": [[[11,79],[0,36]],[[2,10],[10,0]]]},
"G979": {"type": "Matrix2x2", "payoffs": [[[0,8],[32,11]],[[55,21],[43,0]]]},
"G980": {"type": "Matrix2x2", "payoffs": [[[42,4],[72,5]],[[21,2],[0,0]]]},
"G981": {"type": "Matrix2x2", "payoffs": [[[8,53],[0,38]],[[5,31],[1,0]]]},
"G982": {"type": "Matrix2x2", "payoffs": [[[0,39],[46,0]],[[57,32],[100,82]]]},
"G983": {"type": "Matrix2x2", "payoffs": [[[39,18],[12,15]],[[0,0],[21,7]]]},
"G984": {"type": "Matrix2x2", "payoffs": [[[2,0],[0,7]],[[20,23],[10,1]]]},
"G985": {"type": "Matrix2x2", "payoffs": [[[29,37],[0,0]],[[18,34],[17,13]]]},
"G986": {"type": "Matrix2x2", "payoffs": [[[3,6],[5,0]],[[0,16],[6,85]]]},
"G987": {"type": "Matrix2x2", "payoffs": [[[5,26],[25,46]],[[0,18],[7,0]]]},
"G988": {"type": "Matrix2x2", "payoffs": [[[0,69],[4,81]],[[12,0],[59,100]]]},
"G989": {"type": "Matrix2x2", "payoffs": [[[61,29],[35,0]],[[0,4],[32,22]]]},
"G990": {"type": "Matrix2x2", "payoffs": [[[6,0],[8,6]],[[0,27],[9,72]]]},
"G991": {"type": "Matrix2x2", "payoffs": [[[18,0],[84,14]],[[0,5],[29,6]]]},
"G992": {"type": "Matrix2x2", "payoffs": [[[9,0],[37,49]],[[43,60],[0,10]]]},
"G993": {"type": "Matrix2x2", "payoffs": [[[0,2],[55,0]],[[80,3],[9,1]]]},
"G994": {"type": "Matrix2x2", "payoffs": [[[8,16],[0,13]],[[24,0],[68,39]]]},
"G995": {"type": "Matrix2x2", "payoffs": [[[0,0],[31,42]],[[12,27],[15,8]]]},
"G996": {"type": "Matrix2x2", "payoffs": [[[56,42],[4,0]],[[15,28],[0,34]]]},
"G997": {"type": "Matrix2x2", "payoffs": [[[35,77],[0,51]],[[9,0],[29,37]]]},
"G998": {"type": "Matrix2x2", "payoffs": [[[0,0],[45,62]],[[35,21],[11,5]]]},
"G999": {"type": "Matrix2x2", "payoffs": [[[0,6],[21,16]],[[31,27],[17,0]]]},
"G1000": {"type": "Matrix2x2", "payoffs": [[[4,0],[0,49]],[[44,58],[21,57]]]}
}