{
"numGames": 1000,
"G1": {"type": "Matrix2x2", "payoffs": [[[0,3],[53,0]],[[70,10],[36,8]]]},
"G2": {"type": "Matrix2x2", "payoffs": [[[0,21],[15,31]],[[9,0],[43,34]]]},
"G3": {"type": "Matrix2x2", "payoffs": [[[64,82],[18,0]],[[0,15],[9,17]]]},
"G4": {"type": "Matrix2x2", "payoffs": [[[47,31],[74,100]],[[32,63],[0,0]]]},
"G5": {"type": "Matrix2x2", "payoffs": [[[0,51],[39,65]],[[27,0],[22,3]]]},
"G6": {"type": "Matrix2x2", "payoffs": [[[0,0],[6,16]],[[49,52],[36,25]]]},
"G7": {"type": "Matrix2x2", "payoffs": [[[71,28],[0,18]],[[58,0],[8,27]]]},
"G8": {"type": "Matrix2x2", "payoffs": [[[0,20],[4,41]],[[13,0],[61,45]]]},
"G9": {"type": "Matrix2x2", "payoffs": [[[58,97],[27,28]],[[0,0],[32,66]]]},
"G10": {"type": "Matrix2x2", "payoffs": [[[2,0],[5,24]],[[7,28],[0,17]]]},
"G11": {"type": "Matrix2x2", "payoffs": [[[17,2],[39,34]],[[0,31],[8,0]]]},
"G12": {"type": "Matrix2x2", "payoffs": [[[0,24],[6,22]],[[10,0],[13,26]]]},
"G13": {"type": "Matrix2x2", "payoffs": [[[4,0],[0,23]],[[2,7],[8,30]]]},
"G14": {"type": "Matrix2x2", "payoffs": [[[0,0],[44,47]],[[31,6],[15,35]]]},
"G15": {"type": "Matrix2x2", "payoffs": [[[53,0],[32,61]],[[0,11],[92,87]]]},
"G16": {"type": "Matrix2x2", "payoffs": [[[34,7],[4,0]],[[46,56],[0,42]]]},
"G17": {"type": "Matrix2x2", "payoffs": [[[14,13],[42,31]],[[0,0],[53,33]]]},
"G18": {"type": "Matrix2x2", "payoffs": [[[23,22],[0,28]],[[26,42],[24,0]]]},
"G19": {"type": "Matrix2x2", "payoffs": [[[4,76],[0,0]],[[1,15],[15,82]]]},
"G20": {"type": "Matrix2x2", "payoffs": [[[0,12],[96,34]],[[78,0],[61,13]]]},
"G21": {"type": "Matrix2x2", "payoffs": [[[40,0],[0,20]],[[43,63],[37,24]]]},
"G22": {"type": "Matrix2x2", "payoffs": [[[0,26],[36,75]],[[20,43],[6,0]]]},
"G23": {"type": "Matrix2x2", "payoffs": [[[74,45],[64,24]],[[0,0],[46,37]]]},
"G24": {"type": "Matrix2x2", "payoffs": [[[2,36],[27,41]],[[0,39],[5,0]]]},
"G25": {"type": "Matrix2x2", "payoffs": [[[31,37],[0,34]],[[28,0],[24,30]]]},
"G26": {"type": "Matrix2x2", "payoffs": [[[95,37],[0,5]],[[3,22],[62,0]]]},
"G27": {"type": "Matrix2x2", "payoffs": [[[81,0],[84,37]],[[96,54],[0,29]]]},
"G28": {"type": "Matrix2x2", "payoffs": [[[48,41],[50,64]],[[8,45],[0,0]]]},
"G29": {"type": "Matrix2x2", "payoffs": [[[41,48],[11,0]],[[49,66],[0,60]]]},
"G30": {"type": "Matrix2x2", "payoffs": [[[0,0],[33,30]],[[54,50],[30,8]]]},
"G31": {"type": "Matrix2x2", "payoffs": [[[41,15],[0,29]],[[45,67],[28,0]]]},
"G32": {"type": "Matrix2x2", "payoffs": [[[0,15],[4,0]],[[72,21],[75,32]]]},
"G33": {"type": "Matrix2x2", "payoffs": [[[74,43],[100,44]],[[0,0],[20,38]]]},
"G34": {"type": "Matrix2x2", "payoffs": [[[0,1],[76,21]],[[2,0],[35,10]]]},
"G35": {"type": "Matrix2x2", "payoffs": [[[4,8],[0,0]],[[84,9],[43,2]]]},
"G36": {"type": "Matrix2x2", "payoffs": [[[37,21],[0,0]],[[49,67],[6,2]]]},
"G37": {"type": "Matrix2x2", "payoffs": [[[2,23],[0,19]],[[5,24],[1,0]]]},
"G38": {"type": "Matrix2x2", "payoffs": [[[1,3],[0,0]],[[8,15],[27,38]]]},
"G39": {"type": "Matrix2x2", "payoffs": [[[8,3],[0,0]],[[6,4],[9,5]]]},
"G40": {"type": "Matrix2x2", "payoffs": [[[0,64],[23,73]],[[22,0],[29,78]]]},
"G41": {"type": "Matrix2x2", "payoffs": [[[32,23],[62,33]],[[0,0],[3,2]]]},
"G42": {"type": "Matrix2x2", "payoffs": [[[10,0],[0,1]],[[23,18],[72,46]]]},
"G43": {"type": "Matrix2x2", "payoffs": [[[5,81],[4,0]],[[3,75],[0,48]]]},
"G44": {"type": "Matrix2x2", "payoffs": [[[0,9],[3,6]],[[17,0],[23,18]]]},
"G45": {"type": "Matrix2x2", "payoffs": [[[7,7],[33,13]],[[52,24],[0,0]]]},
"G46": {"type": "Matrix2x2", "payoffs": [[[7,0],[22,58]],[[10,34],[0,36]]]},
"G47": {"type": "Matrix2x2", "payoffs": [[[0,0],[15,61]],[[1,46],[11,29]]]},
"G48": {"type": "Matrix2x2", "payoffs": [[[25,31],[12,10]],[[11,0],[0,9]]]},
"G49": {"type": "Matrix2x2", "payoffs": [[[4,0],[15,20]],[[0,34],[64,86]]]},
"G50": {"type": "Matrix2x2", "payoffs": [[[0,20],[12,0]],[[14,22],[2,8]]]},
"G51": {"type": "Matrix2x2", "payoffs": [[[6,80],[5,0]],[[0,6],[8,88]]]},
"G52": {"type": "Matrix2x2", "payoffs": [[[0,39],[31,15]],[[76,94],[26,0]]]},
"G53": {"type": "Matrix2x2", "payoffs": [[[58,81],[30,66]],[[0,73],[8,0]]]},
"G54": {"type": "Matrix2x2", "payoffs": [[[3,1],[11,3]],[[10,0],[0,2]]]},
"G55": {"type": "Matrix2x2", "payoffs": [[[2,0],[4,57]],[[3,46],[0,15]]]},
"G56": {"type": "Matrix2x2", "payoffs": [[[76,0],[80,28]],[[0,15],[33,25]]]},
"G57": {"type": "Matrix2x2", "payoffs": [[[41,84],[0,81]],[[22,0],[11,22]]]},
"G58": {"type": "Matrix2x2", "payoffs": [[[0,37],[10,28]],[[1,0],[16,46]]]},
"G59": {"type": "Matrix2x2", "payoffs": [[[63,12],[0,16]],[[1,0],[77,35]]]},
"G60": {"type": "Matrix2x2", "payoffs": [[[31,0],[41,79]],[[0,78],[23,31]]]},
"G61": {"type": "Matrix2x2", "payoffs": [[[18,51],[1,44]],[[12,0],[0,13]]]},
"G62": {"type": "Matrix2x2", "payoffs": [[[10,16],[15,0]],[[17,33],[0,24]]]},
"G63": {"type": "Matrix2x2", "payoffs": [[[20,0],[0,33]],[[31,55],[19,28]]]},
"G64": {"type": "Matrix2x2", "payoffs": [[[6,29],[2,0]],[[0,4],[11,85]]]},
"G65": {"type": "Matrix2x2", "payoffs": [[[19,10],[79,0]],[[99,40],[0,5]]]},
"G66": {"type": "Matrix2x2", "payoffs": [[[11,24],[36,35]],[[0,17],[1,0]]]},
"G67": {"type": "Matrix2x2", "payoffs": [[[37,90],[6,0]],[[0,13],[1,71]]]},
"G68": {"type": "Matrix2x2", "payoffs": [[[0,21],[22,0]],[[43,25],[8,8]]]},
"G69": {"type": "Matrix2x2", "payoffs": [[[15,37],[10,3]],[[2,0],[0,5]]]},
"G70": {"type": "Matrix2x2", "payoffs": [[[85,32],[26,13]],[[93,61],[0,0]]]},
"G71": {"type": "Matrix2x2", "payoffs": [[[0,0],[37,27]],[[2,20],[34,4]]]},
"G72": {"type": "Matrix2x2", "payoffs": [[[3,17],[6,41]],[[7,85],[0,0]]]},
"G73": {"type": "Matrix2x2", "payoffs": [[[52,0],[0,17]],[[4,9],[71,94]]]},
"G74": {"type": "Matrix2x2", "payoffs": [[[2,1],[88,3]],[[0,0],[13,2]]]},
"G75": {"type": "Matrix2x2", "payoffs": [[[51,18],[12,0]],[[3,2],[0,6]]]},
"G76": {"type": "Matrix2x2", "payoffs": [[[48,82],[26,2]],[[13,0],[0,43]]]},
"G77": {"type": "Matrix2x2", "payoffs": [[[4,6],[22,0]],[[79,10],[0,7]]]},
"G78": {"type": "Matrix2x2", "payoffs": [[[22,0],[46,74]],[[0,66],[3,9]]]},
"G79": {"type": "Matrix2x2", "payoffs": [[[3,0],[0,66]],[[16,70],[26,96]]]},
"G80": {"type": "Matrix2x2", "payoffs": [[[0,44],[39,63]],[[15,0],[43,82]]]},
"G81": {"type": "Matrix2x2", "payoffs": [[[4,13],[10,19]],[[0,0],[8,6]]]},
"G82": {"type": "Matrix2x2", "payoffs": [[[11,2],[1,1]],[[0,0],[17,3]]]},
"G83": {"type": "Matrix2x2", "payoffs": [[[13,49],[32,72]],[[30,0],[0,41]]]},
"G84": {"type": "Matrix2x2", "payoffs": [[[39,56],[0,3]],[[7,0],[97,66]]]},
"G85": {"type": "Matrix2x2", "payoffs": [[[1,0],[12,54]],[[0,37],[32,94]]]},
"G86": {"type": "Matrix2x2", "payoffs": [[[83,13],[35,10]],[[0,12],[65,0]]]},
"G87": {"type": "Matrix2x2", "payoffs": [[[70,11],[15,0]],[[0,2],[50,8]]]},
"G88": {"type": "Matrix2x2", "payoffs": [[[63,32],[42,6]],[[0,0],[39,5]]]},
"G89": {"type": "Matrix2x2", "payoffs": [[[20,35],[42,78]],[[0,0],[6,61]]]},
"G90": {"type": "Matrix2x2", "payoffs": [[[44,48],[0,17]],[[2,0],[34,13]]]},
"G91": {"type": "Matrix2x2", "payoffs": [[[44,20],[35,13]],[[0,0],[40,18]]]},
"G92": {"type": "Matrix2x2", "payoffs": [[[0,0],[36,21]],[[72,50],[20,10]]]},
"G93": {"type": "Matrix2x2", "payoffs": [[[73,73],[19,59]],[[0,0],[3,2]]]},
"G94": {"type": "Matrix2x2", "payoffs": [[[3,29],[63,0]],[[80,39],[0,27]]]},
"G95": {"type": "Matrix2x2", "payoffs": [[[47,0],[0,5]],[[63,19],[54,10]]]},
"G96": {"type": "Matrix2x2", "payoffs": [[[0,0],[50,36]],[[49,7],[10,35]]]},
"G97": {"type": "Matrix2x2", "payoffs": [[[0,0],[21,32]],[[25,9],[34,92]]]},
"G98": {"type": "Matrix2x2", "payoffs": [[[79,48],[0,0]],[[74,30],[76,4]]]},
"G99": {"type": "Matrix2x2", "payoffs": [[[36,37],[28,0]],[[0,38],[48,41]]]},
"G100": {"type": "Matrix2x2", "payoffs": [[[39,79],[4,27]],[[0,0],[38,70]]]},
"G101": {"type": "Matrix2x2", "payoffs": [[[83,94],[0,0]],[[57,25],[15,2]]]},
"G102": {"type": "Matrix2x2", "payoffs": [[[43,55],[37,22]],[[15,0],[0,14]]]},
"G103": {"type": "Matrix2x2", "payoffs": [[[0,33],[22,20]],[[70,60],[11,0]]]},
"G104": {"type": "Matrix2x2", "payoffs": [[[0,0],[6,47]],[[5,44],[1,5]]]},
"G105": {"type": "Matrix2x2", "payoffs": [[[23,6],[0,1]],[[6,3],[20,0]]]},
"G106": {"type": "Matrix2x2", "payoffs": [[[32,84],[37,95]],[[23,42],[0,0]]]},
"G107": {"type": "Matrix2x2", "payoffs": [[[0,0],[6,38]],[[9,56],[1,27]]]},
"G108": {"type": "Matrix2x2", "payoffs": [[[0,0],[70,77]],[[47,10],[4,22]]]},
"G109": {"type": "Matrix2x2", "payoffs": [[[0,12],[15,0]],[[4,7],[47,19]]]},
"G110": {"type": "Matrix2x2", "payoffs": [[[58,81],[0,42]],[[31,49],[49,0]]]},
"G111": {"type": "Matrix2x2", "payoffs": [[[84,36],[19,34]],[[0,16],[81,0]]]},
"G112": {"type": "Matrix2x2", "payoffs": [[[38,20],[61,26]],[[73,31],[0,0]]]},
"G113": {"type": "Matrix2x2", "payoffs": [[[27,10],[14,0]],[[0,4],[8,7]]]},
"G114": {"type": "Matrix2x2", "payoffs": [[[0,66],[14,10]],[[25,86],[4,0]]]},
"G115": {"type": "Matrix2x2", "payoffs": [[[0,0],[14,26]],[[11,20],[2,17]]]},
"G116": {"type": "Matrix2x2", "payoffs": [[[56,62],[8,35]],[[0,0],[19,22]]]},
"G117": {"type": "Matrix2x2", "payoffs": [[[0,7],[87,83]],[[38,0],[49,40]]]},
"G118": {"type": "Matrix2x2", "payoffs": [[[92,2],[39,12]],[[0,0],[96,78]]]},
"G119": {"type": "Matrix2x2", "payoffs": [[[33,0],[0,8]],[[4,43],[49,50]]]},
"G120": {"type": "Matrix2x2", "payoffs": [[[21,44],[0,7]],[[16,40],[19,0]]]},
"G121": {"type": "Matrix2x2", "payoffs": [[[0,24],[9,53]],[[15,75],[11,0]]]},
"G122": {"type": "Matrix2x2", "payoffs": [[[27,57],[0,13]],[[19,0],[3,33]]]},
"G123": {"type": "Matrix2x2", "payoffs": [[[32,16],[30,18]],[[33,91],[0,0]]]},
"G124": {"type": "Matrix2x2", "payoffs": [[[71,2],[0,3]],[[90,10],[14,0]]]},
"G125": {"type": "Matrix2x2", "payoffs": [[[39,92],[0,37]],[[6,79],[21,0]]]},
"G126": {"type": "Matrix2x2", "payoffs": [[[0,14],[45,49]],[[15,3],[6,0]]]},
"G127": {"type": "Matrix2x2", "payoffs": [[[0,16],[50,0]],[[65,72],[15,57]]]},
"G128": {"type": "Matrix2x2", "payoffs": [[[97,68],[0,0]],[[11,66],[7,23]]]},
"G129": {"type": "Matrix2x2", "payoffs": [[[0,7],[32,8]],[[68,26],[55,0]]]},
"G130": {"type": "Matrix2x2", "payoffs": [[[17,2],[0,0]],[[36,5],[26,1]]]},
"G131": {"type": "Matrix2x2", "payoffs": [[[0,0],[37,75]],[[11,38],[14,46]]]},
"G132": {"type": "Matrix2x2", "payoffs": [[[0,25],[31,20]],[[34,74],[25,0]]]},
"G133": {"type": "Matrix2x2", "payoffs": [[[19,6],[10,2]],[[0,0],[3,5]]]},
"G134": {"type": "Matrix2x2", "payoffs": [[[1,0],[4,68]],[[6,92],[0,1]]]},
"G135": {"type": "Matrix2x2", "payoffs": [[[16,26],[36,22]],[[52,31],[0,0]]]},
"G136": {"type": "Matrix2x2", "payoffs": [[[26,15],[47,63]],[[0,6],[24,0]]]},
"G137": {"type": "Matrix2x2", "payoffs": [[[14,3],[0,2]],[[5,0],[95,7]]]},
"G138": {"type": "Matrix2x2", "payoffs": [[[0,0],[62,60]],[[30,4],[31,35]]]},
"G139": {"type": "Matrix2x2", "payoffs": [[[5,0],[24,42]],[[23,14],[0,40]]]},
"G140": {"type": "Matrix2x2", "payoffs": [[[0,0],[58,86]],[[36,73],[37,68]]]},
"G141": {"type": "Matrix2x2", "payoffs": [[[95,25],[92,0]],[[48,20],[0,22]]]},
"G142": {"type": "Matrix2x2", "payoffs": [[[0,2],[26,0]],[[11,4],[55,18]]]},
"G143": {"type": "Matrix2x2", "payoffs": [[[5,6],[0,3]],[[36,0],[69,23]]]},
"G144": {"type": "Matrix2x2", "payoffs": [[[23,0],[36,98]],[[0,66],[19,96]]]},
"G145": {"type": "Matrix2x2", "payoffs": [[[0,1],[27,8]],[[60,58],[39,0]]]},
"G146": {"type": "Matrix2x2", "payoffs": [[[0,0],[33,44]],[[38,41],[44,90]]]},
"G147": {"type": "Matrix2x2", "payoffs": [[[0,59],[22,49]],[[56,0],[86,97]]]},
"G148": {"type": "Matrix2x2", "payoffs": [[[2,7],[1,0]],[[8,11],[0,8]]]},
"G149": {"type": "Matrix2x2", "payoffs": [[[29,3],[48,44]],[[22,0],[0,12]]]},
"G150": {"type": "Matrix2x2", "payoffs": [[[40,0],[38,30]],[[63,56],[0,13]]]},
"G151": {"type": "Matrix2x2", "payoffs": [[[36,31],[38,74]],[[0,0],[21,47]]]},
"G152": {"type": "Matrix2x2", "payoffs": [[[24,8],[9,0]],[[0,78],[36,83]]]},
"G153": {"type": "Matrix2x2", "payoffs": [[[43,24],[25,21]],[[89,33],[0,0]]]},
"G154": {"type": "Matrix2x2", "payoffs": [[[55,0],[29,3]],[[97,18],[0,6]]]},
"G155": {"type": "Matrix2x2", "payoffs": [[[22,58],[19,10]],[[5,0],[0,11]]]},
"G156": {"type": "Matrix2x2", "payoffs": [[[17,0],[19,43]],[[0,10],[4,27]]]},
"G157": {"type": "Matrix2x2", "payoffs": [[[16,19],[0,3]],[[17,20],[3,0]]]},
"G158": {"type": "Matrix2x2", "payoffs": [[[1,0],[0,3]],[[4,15],[28,28]]]},
"G159": {"type": "Matrix2x2", "payoffs": [[[41,7],[30,0]],[[0,33],[57,66]]]},
"G160": {"type": "Matrix2x2", "payoffs": [[[9,76],[56,88]],[[36,0],[0,3]]]},
"G161": {"type": "Matrix2x2", "payoffs": [[[48,79],[45,0]],[[0,64],[10,12]]]},
"G162": {"type": "Matrix2x2", "payoffs": [[[11,0],[71,59]],[[0,42],[45,35]]]},
"G163": {"type": "Matrix2x2", "payoffs": [[[1,0],[12,94]],[[0,4],[10,65]]]},
"G164": {"type": "Matrix2x2", "payoffs": [[[6,13],[5,0]],[[0,68],[56,98]]]},
"G165": {"type": "Matrix2x2", "payoffs": [[[0,13],[13,59]],[[3,55],[9,0]]]},
"G166": {"type": "Matrix2x2", "payoffs": [[[30,55],[0,72]],[[45,0],[88,86]]]},
"G167": {"type": "Matrix2x2", "payoffs": [[[38,0],[0,35]],[[68,69],[61,39]]]},
"G168": {"type": "Matrix2x2", "payoffs": [[[38,0],[60,44]],[[23,8],[0,3]]]},
"G169": {"type": "Matrix2x2", "payoffs": [[[81,23],[0,34]],[[97,58],[9,0]]]},
"G170": {"type": "Matrix2x2", "payoffs": [[[20,86],[15,30]],[[0,0],[12,61]]]},
"G171": {"type": "Matrix2x2", "payoffs": [[[21,47],[30,0]],[[0,14],[31,54]]]},
"G172": {"type": "Matrix2x2", "payoffs": [[[0,20],[23,36]],[[35,47],[29,0]]]},
"G173": {"type": "Matrix2x2", "payoffs": [[[57,25],[0,0]],[[9,17],[41,16]]]},
"G174": {"type": "Matrix2x2", "payoffs": [[[48,26],[5,0]],[[0,12],[24,7]]]},
"G175": {"type": "Matrix2x2", "payoffs": [[[0,18],[77,33]],[[20,0],[44,8]]]},
"G176": {"type": "Matrix2x2", "payoffs": [[[22,0],[8,4]],[[32,12],[0,9]]]},
"G177": {"type": "Matrix2x2", "payoffs": [[[0,5],[21,60]],[[13,7],[8,0]]]},
"G178": {"type": "Matrix2x2", "payoffs": [[[17,8],[0,0]],[[21,7],[28,14]]]},
"G179": {"type": "Matrix2x2", "payoffs": [[[68,75],[54,1]],[[38,0],[0,61]]]},
"G180": {"type": "Matrix2x2", "payoffs": [[[4,0],[15,3]],[[68,4],[0,2]]]},
"G181": {"type": "Matrix2x2", "payoffs": [[[1,6],[0,0]],[[3,41],[9,42]]]},
"G182": {"type": "Matrix2x2", "payoffs": [[[35,85],[23,0]],[[0,26],[4,72]]]},
"G183": {"type": "Matrix2x2", "payoffs": [[[9,11],[32,0]],[[0,7],[70,12]]]},
"G184": {"type": "Matrix2x2", "payoffs": [[[40,21],[0,7]],[[24,0],[33,18]]]},
"G185": {"type": "Matrix2x2", "payoffs": [[[0,34],[4,0]],[[27,9],[30,81]]]},
"G186": {"type": "Matrix2x2", "payoffs": [[[23,7],[20,0]],[[81,43],[0,41]]]},
"G187": {"type": "Matrix2x2", "payoffs": [[[4,16],[0,0]],[[37,21],[20,20]]]},
"G188": {"type": "Matrix2x2", "payoffs": [[[0,2],[9,0]],[[15,7],[7,1]]]},
"G189": {"type": "Matrix2x2", "payoffs": [[[0,0],[31,72]],[[50,86],[45,40]]]},
"G190": {"type": "Matrix2x2", "payoffs": [[[18,34],[2,60]],[[23,88],[0,0]]]},
"G191": {"type": "Matrix2x2", "payoffs": [[[11,26],[0,0]],[[37,66],[46,91]]]},
"G192": {"type": "Matrix2x2", "payoffs": [[[30,1],[0,0]],[[41,46],[21,45]]]},
"G193": {"type": "Matrix2x2", "payoffs": [[[26,27],[0,0]],[[30,57],[12,13]]]},
"G194": {"type": "Matrix2x2", "payoffs": [[[30,12],[0,0]],[[51,20],[13,10]]]},
"G195": {"type": "Matrix2x2", "payoffs": [[[3,3],[13,0]],[[19,82],[0,27]]]},
"G196": {"type": "Matrix2x2", "payoffs": [[[47,14],[25,0]],[[12,10],[0,3]]]},
"G197": {"type": "Matrix2x2", "payoffs": [[[0,4],[27,6]],[[6,0],[42,10]]]},
"G198": {"type": "Matrix2x2", "payoffs": [[[42,100],[0,0]],[[29,30],[28,97]]]},
"G199": {"type": "Matrix2x2", "payoffs": [[[42,38],[15,10]],[[36,30],[0,0]]]},
"G200": {"type": "Matrix2x2", "payoffs": [[[0,11],[69,19]],[[30,8],[51,0]]]},
"G201": {"type": "Matrix2x2", "payoffs": [[[10,51],[0,44]],[[2,22],[3,0]]]},
"G202": {"type": "Matrix2x2", "payoffs": [[[85,21],[0,10]],[[13,0],[40,19]]]},
"G203": {"type": "Matrix2x2", "payoffs": [[[29,0],[0,18]],[[64,25],[35,1]]]},
"G204": {"type": "Matrix2x2", "payoffs": [[[11,0],[0,10]],[[24,69],[18,15]]]},
"G205": {"type": "Matrix2x2", "payoffs": [[[82,0],[87,3]],[[53,2],[0,1]]]},
"G206": {"type": "Matrix2x2", "payoffs": [[[0,0],[75,7]],[[52,6],[76,14]]]},
"G207": {"type": "Matrix2x2", "payoffs": [[[95,79],[7,19]],[[65,0],[0,13]]]},
"G208": {"type": "Matrix2x2", "payoffs": [[[3,72],[1,0]],[[0,59],[2,21]]]},
"G209": {"type": "Matrix2x2", "payoffs": [[[20,33],[0,25]],[[5,0],[56,35]]]},
"G210": {"type": "Matrix2x2", "payoffs": [[[14,0],[40,71]],[[0,37],[18,39]]]},
"G211": {"type": "Matrix2x2", "payoffs": [[[59,48],[0,4]],[[81,64],[16,0]]]},
"G212": {"type": "Matrix2x2", "payoffs": [[[83,10],[50,9]],[[0,5],[52,0]]]},
"G213": {"type": "Matrix2x2", "payoffs": [[[86,33],[0,10]],[[29,0],[73,13]]]},
"G214": {"type": "Matrix2x2", "payoffs": [[[50,1],[34,0]],[[77,5],[0,3]]]},
"G215": {"type": "Matrix2x2", "payoffs": [[[77,64],[59,47]],[[38,0],[0,37]]]},
"G216": {"type": "Matrix2x2", "payoffs": [[[19,30],[21,8]],[[0,0],[44,33]]]},
"G217": {"type": "Matrix2x2", "payoffs": [[[6,8],[15,18]],[[0,0],[75,73]]]},
"G218": {"type": "Matrix2x2", "payoffs": [[[48,42],[0,0]],[[27,12],[66,58]]]},
"G219": {"type": "Matrix2x2", "payoffs": [[[85,9],[0,0]],[[92,36],[75,7]]]},
"G220": {"type": "Matrix2x2", "payoffs": [[[32,8],[23,0]],[[16,5],[0,1]]]},
"G221": {"type": "Matrix2x2", "payoffs": [[[1,10],[2,2]],[[0,0],[5,17]]]},
"G222": {"type": "Matrix2x2", "payoffs": [[[68,30],[13,1]],[[0,0],[40,14]]]},
"G223": {"type": "Matrix2x2", "payoffs": [[[22,26],[0,0]],[[27,57],[1,21]]]},
"G224": {"type": "Matrix2x2", "payoffs": [[[41,100],[0,4]],[[32,80],[13,0]]]},
"G225": {"type": "Matrix2x2", "payoffs": [[[12,18],[0,0]],[[52,62],[19,33]]]},
"G226": {"type": "Matrix2x2", "payoffs": [[[36,0],[50,69]],[[0,7],[4,34]]]},
"G227": {"type": "Matrix2x2", "payoffs": [[[57,25],[0,0]],[[12,11],[78,26]]]},
"G228": {"type": "Matrix2x2", "payoffs": [[[0,0],[30,10]],[[26,4],[7,2]]]},
"G229": {"type": "Matrix2x2", "payoffs": [[[1,2],[5,39]],[[0,0],[9,54]]]},
"G230": {"type": "Matrix2x2", "payoffs": [[[32,13],[77,82]],[[0,0],[5,27]]]},
"G231": {"type": "Matrix2x2", "payoffs": [[[55,35],[58,36]],[[4,12],[0,0]]]},
"G232": {"type": "Matrix2x2", "payoffs": [[[51,81],[42,1]],[[0,32],[2,0]]]},
"G233": {"type": "Matrix2x2", "payoffs": [[[10,9],[3,6]],[[0,0],[2,3]]]},
"G234": {"type": "Matrix2x2", "payoffs": [[[7,0],[10,1]],[[17,19],[0,10]]]},
"G235": {"type": "Matrix2x2", "payoffs": [[[55,82],[30,24]],[[15,0],[0,19]]]},
"G236": {"type": "Matrix2x2", "payoffs": [[[0,78],[45,60]],[[62,87],[10,0]]]},
"G237": {"type": "Matrix2x2", "payoffs": [[[54,18],[0,9]],[[52,0],[38,16]]]},
"G238": {"type": "Matrix2x2", "payoffs": [[[19,0],[82,21]],[[97,34],[0,19]]]},
"G239": {"type": "Matrix2x2", "payoffs": [[[1,0],[0,4]],[[3,32],[2,14]]]},
"G240": {"type": "Matrix2x2", "payoffs": [[[88,0],[61,67]],[[93,92],[0,63]]]},
"G241": {"type": "Matrix2x2", "payoffs": [[[18,25],[7,6]],[[0,5],[5,0]]]},
"G242": {"type": "Matrix2x2", "payoffs": [[[0,48],[19,0]],[[30,91],[22,90]]]},
"G243": {"type": "Matrix2x2", "payoffs": [[[3,0],[11,55]],[[17,58],[0,24]]]},
"G244": {"type": "Matrix2x2", "payoffs": [[[43,57],[82,79]],[[27,73],[0,0]]]},
"G245": {"type": "Matrix2x2", "payoffs": [[[0,0],[24,62]],[[18,19],[92,74]]]},
"G246": {"type": "Matrix2x2", "payoffs": [[[4,0],[69,5]],[[71,13],[0,8]]]},
"G247": {"type": "Matrix2x2", "payoffs": [[[23,0],[0,40]],[[11,44],[24,53]]]},
"G248": {"type": "Matrix2x2", "payoffs": [[[26,42],[0,14]],[[17,2],[1,0]]]},
"G249": {"type": "Matrix2x2", "payoffs": [[[65,26],[0,0]],[[14,23],[18,6]]]},
"G250": {"type": "Matrix2x2", "payoffs": [[[6,0],[0,4]],[[37,5],[57,8]]]},
"G251": {"type": "Matrix2x2", "payoffs": [[[18,0],[29,25]],[[0,3],[21,23]]]},
"G252": {"type": "Matrix2x2", "payoffs": [[[0,2],[13,1]],[[23,5],[10,0]]]},
"G253": {"type": "Matrix2x2", "payoffs": [[[5,28],[46,65]],[[0,29],[38,0]]]},
"G254": {"type": "Matrix2x2", "payoffs": [[[3,4],[18,6]],[[0,0],[79,35]]]},
"G255": {"type": "Matrix2x2", "payoffs": [[[0,71],[15,73]],[[10,0],[44,94]]]},
"G256": {"type": "Matrix2x2", "payoffs": [[[11,0],[0,54]],[[8,5],[16,57]]]},
"G257": {"type": "Matrix2x2", "payoffs": [[[10,8],[12,87]],[[24,99],[0,0]]]},
"G258": {"type": "Matrix2x2", "payoffs": [[[33,74],[0,19]],[[21,24],[20,0]]]},
"G259": {"type": "Matrix2x2", "payoffs": [[[0,0],[3,10]],[[12,35],[14,56]]]},
"G260": {"type": "Matrix2x2", "payoffs": [[[0,68],[5,8]],[[14,90],[11,0]]]},
"G261": {"type": "Matrix2x2", "payoffs": [[[80,36],[67,0]],[[0,29],[72,20]]]},
"G262": {"type": "Matrix2x2", "payoffs": [[[0,7],[29,5]],[[91,21],[45,0]]]},
"G263": {"type": "Matrix2x2", "payoffs": [[[2,0],[8,9]],[[0,3],[7,5]]]},
"G264": {"type": "Matrix2x2", "payoffs": [[[0,0],[21,81]],[[12,60],[5,61]]]},
"G265": {"type": "Matrix2x2", "payoffs": [[[1,15],[3,23]],[[0,0],[2,10]]]},
"G266": {"type": "Matrix2x2", "payoffs": [[[63,44],[9,0]],[[0,34],[35,37]]]},
"G267": {"type": "Matrix2x2", "payoffs": [[[19,25],[26,24]],[[43,75],[0,0]]]},
"G268": {"type": "Matrix2x2", "payoffs": [[[5,25],[0,0]],[[38,55],[10,8]]]},
"G269": {"type": "Matrix2x2", "payoffs": [[[19,15],[10,5]],[[74,36],[0,0]]]},
"G270": {"type": "Matrix2x2", "payoffs": [[[49,21],[34,12]],[[0,0],[82,24]]]},
"G271": {"type": "Matrix2x2", "payoffs": [[[25,27],[21,0]],[[0,18],[10,10]]]},
"G272": {"type": "Matrix2x2", "payoffs": [[[23,9],[0,0]],[[22,29],[31,48]]]},
"G273": {"type": "Matrix2x2", "payoffs": [[[70,32],[14,0]],[[0,30],[38,22]]]},
"G274": {"type": "Matrix2x2", "payoffs": [[[38,50],[0,14]],[[21,16],[11,0]]]},
"G275": {"type": "Matrix2x2", "payoffs": [[[69,2],[88,10]],[[0,0],[52,4]]]},
"G276": {"type": "Matrix2x2", "payoffs": [[[0,25],[29,33]],[[27,29],[24,0]]]},
"G277": {"type": "Matrix2x2", "payoffs": [[[11,0],[3,4]],[[0,3],[14,7]]]},
"G278": {"type": "Matrix2x2", "payoffs": [[[8,55],[13,84]],[[0,0],[6,50]]]},
"G279": {"type": "Matrix2x2", "payoffs": [[[0,4],[25,3]],[[42,12],[30,0]]]},
"G280": {"type": "Matrix2x2", "payoffs": [[[26,8],[20,2]],[[8,3],[0,0]]]},
"G281": {"type": "Matrix2x2", "payoffs": [[[16,0],[21,6]],[[25,12],[0,8]]]},
"G282": {"type": "Matrix2x2", "payoffs": [[[13,44],[11,0]],[[0,46],[50,56]]]},
"G283": {"type": "Matrix2x2", "payoffs": [[[34,0],[0,28]],[[1,37],[59,56]]]},
"G284": {"type": "Matrix2x2", "payoffs": [[[34,0],[0,71]],[[30,23],[40,97]]]},
"G285": {"type": "Matrix2x2", "payoffs": [[[0,10],[25,0]],[[29,28],[30,33]]]},
"G286": {"type": "Matrix2x2", "payoffs": [[[8,97],[0,55]],[[4,79],[6,0]]]},
"G287": {"type": "Matrix2x2", "payoffs": [[[52,3],[67,6]],[[34,1],[0,0]]]},
"G288": {"type": "Matrix2x2", "payoffs": [[[0,0],[30,2]],[[66,8],[76,94]]]},
"G289": {"type": "Matrix2x2", "payoffs": [[[12,27],[32,67]],[[2,0],[0,49]]]},
"G290": {"type": "Matrix2x2", "payoffs": [[[10,40],[50,21]],[[64,62],[0,0]]]},
"G291": {"type": "Matrix2x2", "payoffs": [[[57,10],[65,17]],[[0,0],[34,1]]]},
"G292": {"type": "Matrix2x2", "payoffs": [[[0,36],[19,24]],[[56,47],[45,0]]]},
"G293": {"type": "Matrix2x2", "payoffs": [[[36,21],[54,17]],[[66,81],[0,0]]]},
"G294": {"type": "Matrix2x2", "payoffs": [[[7,8],[0,89]],[[12,0],[59,90]]]},
"G295": {"type": "Matrix2x2", "payoffs": [[[56,64],[0,11]],[[27,0],[55,17]]]},
"G296": {"type": "Matrix2x2", "payoffs": [[[0,86],[56,0]],[[57,88],[55,6]]]},
"G297": {"type": "Matrix2x2", "payoffs": [[[30,31],[0,17]],[[8,19],[2,0]]]},
"G298": {"type": "Matrix2x2", "payoffs": [[[16,0],[79,29]],[[0,4],[90,43]]]},
"G299": {"type": "Matrix2x2", "payoffs": [[[0,18],[57,0]],[[20,27],[67,60]]]},
"G300": {"type": "Matrix2x2", "payoffs": [[[0,3],[12,0]],[[31,14],[24,8]]]},
"G301": {"type": "Matrix2x2", "payoffs": [[[17,51],[13,39]],[[0,21],[1,0]]]},
"G302": {"type": "Matrix2x2", "payoffs": [[[91,11],[0,22]],[[99,58],[43,0]]]},
"G303": {"type": "Matrix2x2", "payoffs": [[[97,95],[1,22]],[[0,0],[98,97]]]},
"G304": {"type": "Matrix2x2", "payoffs": [[[57,26],[56,0]],[[0,21],[31,3]]]},
"G305": {"type": "Matrix2x2", "payoffs": [[[10,2],[55,19]],[[0,0],[44,18]]]},
"G306": {"type": "Matrix2x2", "payoffs": [[[0,7],[59,46]],[[24,36],[57,0]]]},
"G307": {"type": "Matrix2x2", "payoffs": [[[94,43],[49,27]],[[70,0],[0,16]]]},
"G308": {"type": "Matrix2x2", "payoffs": [[[53,79],[48,74]],[[0,37],[15,0]]]},
"G309": {"type": "Matrix2x2", "payoffs": [[[81,13],[13,0]],[[0,51],[88,55]]]},
"G310": {"type": "Matrix2x2", "payoffs": [[[10,43],[31,47]],[[0,19],[16,0]]]},
"G311": {"type": "Matrix2x2", "payoffs": [[[54,53],[39,52]],[[27,0],[0,47]]]},
"G312": {"type": "Matrix2x2", "payoffs": [[[4,11],[0,0]],[[6,65],[5,63]]]},
"G313": {"type": "Matrix2x2", "payoffs": [[[0,21],[37,48]],[[23,14],[25,0]]]},
"G314": {"type": "Matrix2x2", "payoffs": [[[52,26],[49,18]],[[0,10],[16,0]]]},
"G315": {"type": "Matrix2x2", "payoffs": [[[32,0],[39,52]],[[8,33],[0,40]]]},
"G316": {"type": "Matrix2x2", "payoffs": [[[30,7],[0,5]],[[24,0],[67,12]]]},
"G317": {"type": "Matrix2x2", "payoffs": [[[30,17],[10,0]],[[32,20],[0,2]]]},
"G318": {"type": "Matrix2x2", "payoffs": [[[37,59],[21,0]],[[38,79],[0,21]]]},
"G319": {"type": "Matrix2x2", "payoffs": [[[19,33],[14,65]],[[0,0],[40,90]]]},
"G320": {"type": "Matrix2x2", "payoffs": [[[13,28],[8,0]],[[0,21],[1,1]]]},
"G321": {"type": "Matrix2x2", "payoffs": [[[25,66],[14,2]],[[12,33],[0,0]]]},
"G322": {"type": "Matrix2x2", "payoffs": [[[80,87],[0,24]],[[33,38],[60,0]]]},
"G323": {"type": "Matrix2x2", "payoffs": [[[100,46],[38,33]],[[60,41],[0,0]]]},
"G324": {"type": "Matrix2x2", "payoffs": [[[3,7],[2,0]],[[0,6],[1,1]]]},
"G325": {"type": "Matrix2x2", "payoffs": [[[98,57],[0,0]],[[18,30],[76,39]]]},
"G326": {"type": "Matrix2x2", "payoffs": [[[64,0],[53,28]],[[69,40],[0,12]]]},
"G327": {"type": "Matrix2x2", "payoffs": [[[46,3],[29,0]],[[0,1],[44,2]]]},
"G328": {"type": "Matrix2x2", "payoffs": [[[17,2],[0,1]],[[22,0],[55,3]]]},
"G329": {"type": "Matrix2x2", "payoffs": [[[32,0],[0,4]],[[25,1],[34,5]]]},
"G330": {"type": "Matrix2x2", "payoffs": [[[45,0],[0,7]],[[95,18],[32,10]]]},
"G331": {"type": "Matrix2x2", "payoffs": [[[0,4],[2,24]],[[3,0],[19,48]]]},
"G332": {"type": "Matrix2x2", "payoffs": [[[22,44],[8,24]],[[5,0],[0,39]]]},
"G333": {"type": "Matrix2x2", "payoffs": [[[23,10],[59,11]],[[41,0],[0,7]]]},
"G334": {"type": "Matrix2x2", "payoffs": [[[4,7],[0,0]],[[12,12],[8,1]]]},
"G335": {"type": "Matrix2x2", "payoffs": [[[93,57],[23,9]],[[0,51],[62,0]]]},
"G336": {"type": "Matrix2x2", "payoffs": [[[0,21],[20,0]],[[73,47],[70,40]]]},
"G337": {"type": "Matrix2x2", "payoffs": [[[0,55],[2,0]],[[1,9],[4,71]]]},
"G338": {"type": "Matrix2x2", "payoffs": [[[66,0],[72,14]],[[0,5],[99,17]]]},
"G339": {"type": "Matrix2x2", "payoffs": [[[0,0],[20,52]],[[22,27],[26,77]]]},
"G340": {"type": "Matrix2x2", "payoffs": [[[22,0],[0,2]],[[6,8],[70,9]]]},
"G341": {"type": "Matrix2x2", "payoffs": [[[29,26],[1,23]],[[28,0],[0,18]]]},
"G342": {"type": "Matrix2x2", "payoffs": [[[33,46],[77,57]],[[0,0],[5,51]]]},
"G343": {"type": "Matrix2x2", "payoffs": [[[3,20],[0,3]],[[9,36],[2,0]]]},
"G344": {"type": "Matrix2x2", "payoffs": [[[0,80],[43,84]],[[31,0],[15,69]]]},
"G345": {"type": "Matrix2x2", "payoffs": [[[1,0],[33,89]],[[2,1],[0,83]]]},
"G346": {"type": "Matrix2x2", "payoffs": [[[8,35],[2,6]],[[0,27],[6,0]]]},
"G347": {"type": "Matrix2x2", "payoffs": [[[0,0],[17,52]],[[32,69],[11,1]]]},
"G348": {"type": "Matrix2x2", "payoffs": [[[0,37],[69,52]],[[43,0],[89,69]]]},
"G349": {"type": "Matrix2x2", "payoffs": [[[0,20],[19,19]],[[24,52],[22,0]]]},
"G350": {"type": "Matrix2x2", "payoffs": [[[85,5],[47,0]],[[93,70],[0,63]]]},
"G351": {"type": "Matrix2x2", "payoffs": [[[0,30],[8,61]],[[12,0],[16,71]]]},
"G352": {"type": "Matrix2x2", "payoffs": [[[0,2],[36,8]],[[3,7],[16,0]]]},
"G353": {"type": "Matrix2x2", "payoffs": [[[26,5],[0,0]],[[51,15],[17,6]]]},
"G354": {"type": "Matrix2x2", "payoffs": [[[89,75],[19,7]],[[0,0],[17,19]]]},
"G355": {"type": "Matrix2x2", "payoffs": [[[0,27],[73,41]],[[20,0],[15,23]]]},
"G356": {"type": "Matrix2x2", "payoffs": [[[0,0],[31,21]],[[28,14],[5,11]]]},
"G357": {"type": "Matrix2x2", "payoffs": [[[56,16],[6,10]],[[15,0],[0,8]]]},
"G358": {"type": "Matrix2x2", "payoffs": [[[0,14],[42,0]],[[55,24],[53,8]]]},
"G359": {"type": "Matrix2x2", "payoffs": [[[14,21],[0,0]],[[7,16],[16,49]]]},
"G360": {"type": "Matrix2x2", "payoffs": [[[57,5],[95,28]],[[83,21],[0,0]]]},
"G361": {"type": "Matrix2x2", "payoffs": [[[0,69],[86,92]],[[55,81],[51,0]]]},
"G362": {"type": "Matrix2x2", "payoffs": [[[41,32],[79,46]],[[16,0],[0,16]]]},
"G363": {"type": "Matrix2x2", "payoffs": [[[0,43],[25,63]],[[9,53],[5,0]]]},
"G364": {"type": "Matrix2x2", "payoffs": [[[9,67],[0,42]],[[2,0],[8,12]]]},
"G365": {"type": "Matrix2x2", "payoffs": [[[22,9],[0,0]],[[78,45],[13,5]]]},
"G366": {"type": "Matrix2x2", "payoffs": [[[75,0],[24,30]],[[77,49],[0,29]]]},
"G367": {"type": "Matrix2x2", "payoffs": [[[33,83],[13,27]],[[0,30],[19,0]]]},
"G368": {"type": "Matrix2x2", "payoffs": [[[39,28],[46,90]],[[0,0],[21,16]]]},
"G369": {"type": "Matrix2x2", "payoffs": [[[0,8],[13,0]],[[71,74],[70,36]]]},
"G370": {"type": "Matrix2x2", "payoffs": [[[0,0],[54,5]],[[61,7],[9,6]]]},
"G371": {"type": "Matrix2x2", "payoffs": [[[13,9],[53,44]],[[9,36],[0,0]]]},
"G372": {"type": "Matrix2x2", "payoffs": [[[0,15],[7,0]],[[2,24],[32,25]]]},
"G373": {"type": "Matrix2x2", "payoffs": [[[18,0],[0,6]],[[3,47],[37,48]]]},
"G374": {"type": "Matrix2x2", "payoffs": [[[0,0],[15,54]],[[13,67],[42,83]]]},
"G375": {"type": "Matrix2x2", "payoffs": [[[25,16],[0,11]],[[17,12],[1,0]]]},
"G376": {"type": "Matrix2x2", "payoffs": [[[0,65],[41,0]],[[44,100],[13,9]]]},
"G377": {"type": "Matrix2x2", "payoffs": [[[5,69],[3,7]],[[9,73],[0,0]]]},
"G378": {"type": "Matrix2x2", "payoffs": [[[94,72],[0,43]],[[4,0],[53,11]]]},
"G379": {"type": "Matrix2x2", "payoffs": [[[5,24],[1,30]],[[0,0],[6,52]]]},
"G380": {"type": "Matrix2x2", "payoffs": [[[0,50],[34,10]],[[84,0],[99,60]]]},
"G381": {"type": "Matrix2x2", "payoffs": [[[45,40],[57,65]],[[4,45],[0,0]]]},
"G382": {"type": "Matrix2x2", "payoffs": [[[0,1],[7,0]],[[1,4],[17,5]]]},
"G383": {"type": "Matrix2x2", "payoffs": [[[36,6],[98,27]],[[0,25],[87,0]]]},
"G384": {"type": "Matrix2x2", "payoffs": [[[0,8],[10,15]],[[16,64],[9,0]]]},
"G385": {"type": "Matrix2x2", "payoffs": [[[0,0],[46,28]],[[45,1],[2,27]]]},
"G386": {"type": "Matrix2x2", "payoffs": [[[0,0],[13,6]],[[3,1],[62,86]]]},
"G387": {"type": "Matrix2x2", "payoffs": [[[0,17],[86,25]],[[33,0],[78,11]]]},
"G388": {"type": "Matrix2x2", "payoffs": [[[55,0],[0,1]],[[87,3],[57,2]]]},
"G389": {"type": "Matrix2x2", "payoffs": [[[25,66],[0,42]],[[10,35],[22,0]]]},
"G390": {"type": "Matrix2x2", "payoffs": [[[32,78],[0,46]],[[28,17],[4,0]]]},
"G391": {"type": "Matrix2x2", "payoffs": [[[0,56],[24,63]],[[15,4],[11,0]]]},
"G392": {"type": "Matrix2x2", "payoffs": [[[0,33],[24,86]],[[11,0],[21,76]]]},
"G393": {"type": "Matrix2x2", "payoffs": [[[29,6],[38,38]],[[42,39],[0,0]]]},
"G394": {"type": "Matrix2x2", "payoffs": [[[14,4],[48,77]],[[0,0],[38,12]]]},
"G395": {"type": "Matrix2x2", "payoffs": [[[0,0],[76,82]],[[25,32],[19,67]]]},
"G396": {"type": "Matrix2x2", "payoffs": [[[0,0],[1,15]],[[10,21],[3,5]]]},
"G397": {"type": "Matrix2x2", "payoffs": [[[0,0],[43,4]],[[63,1],[86,5]]]},
"G398": {"type": "Matrix2x2", "payoffs": [[[6,0],[0,52]],[[28,57],[8,14]]]},
"G399": {"type": "Matrix2x2", "payoffs": [[[48,15],[0,11]],[[28,12],[8,0]]]},
"G400": {"type": "Matrix2x2", "payoffs": [[[15,0],[0,37]],[[75,47],[64,34]]]},
"G401": {"type": "Matrix2x2", "payoffs": [[[0,16],[79,0]],[[6,61],[100,77]]]},
"G402": {"type": "Matrix2x2", "payoffs": [[[80,0],[19,7]],[[0,21],[94,34]]]},
"G403": {"type": "Matrix2x2", "payoffs": [[[17,37],[0,0]],[[12,17],[73,42]]]},
"G404": {"type": "Matrix2x2", "payoffs": [[[24,35],[32,67]],[[6,52],[0,0]]]},
"G405": {"type": "Matrix2x2", "payoffs": [[[0,84],[54,86]],[[47,15],[4,0]]]},
"G406": {"type": "Matrix2x2", "payoffs": [[[52,39],[17,23]],[[15,0],[0,35]]]},
"G407": {"type": "Matrix2x2", "payoffs": [[[6,0],[28,93]],[[0,87],[21,37]]]},
"G408": {"type": "Matrix2x2", "payoffs": [[[24,0],[0,7]],[[35,15],[4,6]]]},
"G409": {"type": "Matrix2x2", "payoffs": [[[0,28],[4,0]],[[31,34],[15,4]]]},
"G410": {"type": "Matrix2x2", "payoffs": [[[91,0],[99,90]],[[2,15],[0,8]]]},
"G411": {"type": "Matrix2x2", "payoffs": [[[12,2],[5,3]],[[20,4],[0,0]]]},
"G412": {"type": "Matrix2x2", "payoffs": [[[3,51],[0,0]],[[17,56],[56,68]]]},
"G413": {"type": "Matrix2x2", "payoffs": [[[1,1],[7,88]],[[6,32],[0,0]]]},
"G414": {"type": "Matrix2x2", "payoffs": [[[0,6],[16,23]],[[21,64],[7,0]]]},
"G415": {"type": "Matrix2x2", "payoffs": [[[50,0],[52,14]],[[0,4],[41,11]]]},
"G416": {"type": "Matrix2x2", "payoffs": [[[0,13],[31,0]],[[17,9],[55,30]]]},
"G417": {"type": "Matrix2x2", "payoffs": [[[41,0],[0,30]],[[23,61],[51,88]]]},
"G418": {"type": "Matrix2x2", "payoffs": [[[15,2],[0,4]],[[3,0],[40,7]]]},
"G419": {"type": "Matrix2x2", "payoffs": [[[74,19],[68,11]],[[78,32],[0,0]]]},
"G420": {"type": "Matrix2x2", "payoffs": [[[0,15],[80,0]],[[86,10],[91,17]]]},
"G421": {"type": "Matrix2x2", "payoffs": [[[5,31],[6,64]],[[12,68],[0,0]]]},
"G422": {"type": "Matrix2x2", "payoffs": [[[87,0],[69,5]],[[0,70],[98,91]]]},
"G423": {"type": "Matrix2x2", "payoffs": [[[63,42],[22,1]],[[0,0],[84,94]]]},
"G424": {"type": "Matrix2x2", "payoffs": [[[0,44],[10,10]],[[20,75],[12,0]]]},
"G425": {"type": "Matrix2x2", "payoffs": [[[18,50],[0,25]],[[11,28],[16,0]]]},
"G426": {"type": "Matrix2x2", "payoffs": [[[3,23],[0,9]],[[1,0],[2,10]]]},
"G427": {"type": "Matrix2x2", "payoffs": [[[38,14],[51,99]],[[36,0],[0,50]]]},
"G428": {"type": "Matrix2x2", "payoffs": [[[35,0],[38,83]],[[17,62],[0,19]]]},
"G429": {"type": "Matrix2x2", "payoffs": [[[36,91],[40,0]],[[77,97],[0,87]]]},
"G430": {"type": "Matrix2x2", "payoffs": [[[84,85],[66,0]],[[22,37],[0,8]]]},
"G431": {"type": "Matrix2x2", "payoffs": [[[21,3],[26,1]],[[41,92],[0,0]]]},
"G432": {"type": "Matrix2x2", "payoffs": [[[58,0],[21,28]],[[0,42],[76,80]]]},
"G433": {"type": "Matrix2x2", "payoffs": [[[72,19],[37,6]],[[46,18],[0,0]]]},
"G434": {"type": "Matrix2x2", "payoffs": [[[19,0],[37,31]],[[17,2],[0,8]]]},
"G435": {"type": "Matrix2x2", "payoffs": [[[30,50],[48,8]],[[69,78],[0,0]]]},
"G436": {"type": "Matrix2x2", "payoffs": [[[4,53],[6,40]],[[8,79],[0,0]]]},
"G437": {"type": "Matrix2x2", "payoffs": [[[26,57],[7,0]],[[19,47],[0,6]]]},
"G438": {"type": "Matrix2x2", "payoffs": [[[0,4],[8,8]],[[4,2],[2,0]]]},
"G439": {"type": "Matrix2x2", "payoffs": [[[22,7],[0,0]],[[45,11],[41,2]]]},
"G440": {"type": "Matrix2x2", "payoffs": [[[30,28],[0,0]],[[32,34],[42,38]]]},
"G441": {"type": "Matrix2x2", "payoffs": [[[25,0],[0,33]],[[3,31],[76,38]]]},
"G442": {"type": "Matrix2x2", "payoffs": [[[0,2],[59,21]],[[17,0],[18,10]]]},
"G443": {"type": "Matrix2x2", "payoffs": [[[66,0],[71,82]],[[0,44],[59,34]]]},
"G444": {"type": "Matrix2x2", "payoffs": [[[94,52],[29,51]],[[0,0],[91,43]]]},
"G445": {"type": "Matrix2x2", "payoffs": [[[8,12],[4,8]],[[6,0],[0,11]]]},
"G446": {"type": "Matrix2x2", "payoffs": [[[36,0],[18,7]],[[0,3],[41,11]]]},
"G447": {"type": "Matrix2x2", "payoffs": [[[0,12],[61,1]],[[79,20],[35,0]]]},
"G448": {"type": "Matrix2x2", "payoffs": [[[0,16],[8,27]],[[37,48],[17,0]]]},
"G449": {"type": "Matrix2x2", "payoffs": [[[0,28],[2,0]],[[16,55],[43,60]]]},
"G450": {"type": "Matrix2x2", "payoffs": [[[7,0],[80,51]],[[0,8],[63,38]]]},
"G451": {"type": "Matrix2x2", "payoffs": [[[4,0],[35,74]],[[20,59],[0,37]]]},
"G452": {"type": "Matrix2x2", "payoffs": [[[2,5],[0,38]],[[15,0],[33,87]]]},
"G453": {"type": "Matrix2x2", "payoffs": [[[42,24],[0,22]],[[21,0],[25,21]]]},
"G454": {"type": "Matrix2x2", "payoffs": [[[46,11],[59,14]],[[0,8],[35,0]]]},
"G455": {"type": "Matrix2x2", "payoffs": [[[0,0],[9,15]],[[26,32],[49,33]]]},
"G456": {"type": "Matrix2x2", "payoffs": [[[0,0],[53,55]],[[94,79],[30,48]]]},
"G457": {"type": "Matrix2x2", "payoffs": [[[0,0],[1,22]],[[3,42],[4,76]]]},
"G458": {"type": "Matrix2x2", "payoffs": [[[81,33],[69,5]],[[0,24],[53,0]]]},
"G459": {"type": "Matrix2x2", "payoffs": [[[0,77],[2,0]],[[5,38],[40,83]]]},
"G460": {"type": "Matrix2x2", "payoffs": [[[35,35],[69,40]],[[50,0],[0,20]]]},
"G461": {"type": "Matrix2x2", "payoffs": [[[0,6],[10,9]],[[42,12],[33,0]]]},
"G462": {"type": "Matrix2x2", "payoffs": [[[5,3],[0,2]],[[12,6],[2,0]]]},
"G463": {"type": "Matrix2x2", "payoffs": [[[0,3],[87,1]],[[99,4],[98,0]]]},
"G464": {"type": "Matrix2x2", "payoffs": [[[54,2],[0,1]],[[39,0],[56,3]]]},
"G465": {"type": "Matrix2x2", "payoffs": [[[0,0],[24,68]],[[22,66],[1,33]]]},
"G466": {"type": "Matrix2x2", "payoffs": [[[75,100],[60,22]],[[34,0],[0,24]]]},
"G467": {"type": "Matrix2x2", "payoffs": [[[10,61],[36,34]],[[75,93],[0,0]]]},
"G468": {"type": "Matrix2x2", "payoffs": [[[72,42],[0,3]],[[68,34],[61,0]]]},
"G469": {"type": "Matrix2x2", "payoffs": [[[55,64],[16,8]],[[33,0],[0,32]]]},
"G470": {"type": "Matrix2x2", "payoffs": [[[0,54],[9,73]],[[8,0],[5,25]]]},
"G471": {"type": "Matrix2x2", "payoffs": [[[50,89],[34,0]],[[10,41],[0,50]]]},
"G472": {"type": "Matrix2x2", "payoffs": [[[1,7],[6,12]],[[0,0],[11,26]]]},
"G473": {"type": "Matrix2x2", "payoffs": [[[66,38],[22,0]],[[90,62],[0,61]]]},
"G474": {"type": "Matrix2x2", "payoffs": [[[83,8],[0,5]],[[23,1],[66,0]]]},
"G475": {"type": "Matrix2x2", "payoffs": [[[44,51],[15,35]],[[0,11],[23,0]]]},
"G476": {"type": "Matrix2x2", "payoffs": [[[2,0],[0,42]],[[23,99],[13,46]]]},
"G477": {"type": "Matrix2x2", "payoffs": [[[18,37],[10,6]],[[0,14],[5,0]]]},
"G478": {"type": "Matrix2x2", "payoffs": [[[0,22],[15,0]],[[5,40],[75,58]]]},
"G479": {"type": "Matrix2x2", "payoffs": [[[0,46],[54,24]],[[82,86],[41,0]]]},
"G480": {"type": "Matrix2x2", "payoffs": [[[30,0],[0,38]],[[96,42],[90,11]]]},
"G481": {"type": "Matrix2x2", "payoffs": [[[1,67],[0,46]],[[6,94],[5,0]]]},
"G482": {"type": "Matrix2x2", "payoffs": [[[15,69],[0,0]],[[95,90],[16,71]]]},
"G483": {"type": "Matrix2x2", "payoffs": [[[4,39],[0,73]],[[8,85],[6,0]]]},
"G484": {"type": "Matrix2x2", "payoffs": [[[0,21],[89,59]],[[63,0],[21,2]]]},
"G485": {"type": "Matrix2x2", "payoffs": [[[57,42],[0,67]],[[7,0],[67,77]]]},
"G486": {"type": "Matrix2x2", "payoffs": [[[0,0],[17,76]],[[2,27],[9,12]]]},
"G487": {"type": "Matrix2x2", "payoffs": [[[0,0],[78,3]],[[39,19],[84,54]]]},
"G488": {"type": "Matrix2x2", "payoffs": [[[0,46],[53,50]],[[48,0],[89,96]]]},
"G489": {"type": "Matrix2x2", "payoffs": [[[11,0],[28,35]],[[64,81],[0,29]]]},
"G490": {"type": "Matrix2x2", "payoffs": [[[11,0],[54,90]],[[0,77],[17,21]]]},
"G491": {"type": "Matrix2x2", "payoffs": [[[42,0],[78,46]],[[0,17],[35,25]]]},
"G492": {"type": "Matrix2x2", "payoffs": [[[0,7],[10,44]],[[6,4],[3,0]]]},
"G493": {"type": "Matrix2x2", "payoffs": [[[0,4],[41,22]],[[7,7],[21,0]]]},
"G494": {"type": "Matrix2x2", "payoffs": [[[32,48],[55,10]],[[63,56],[0,0]]]},
"G495": {"type": "Matrix2x2", "payoffs": [[[0,65],[33,24]],[[22,0],[49,86]]]},
"G496": {"type": "Matrix2x2", "payoffs": [[[12,0],[51,4]],[[0,3],[21,1]]]},
"G497": {"type": "Matrix2x2", "payoffs": [[[0,18],[7,2]],[[44,0],[83,20]]]},
"G498": {"type": "Matrix2x2", "payoffs": [[[2,4],[43,21]],[[9,0],[0,16]]]},
"G499": {"type": "Matrix2x2", "payoffs": [[[10,43],[50,59]],[[0,0],[53,83]]]},
"G500": {"type": "Matrix2x2", "payoffs": [[[0,22],[10,25]],[[8,0],[3,2]]]},
"G501": {"type": "Matrix2x2", "payoffs": [[[0,0],[60,27]],[[80,43],[59,11]]]},
"G502": {"type": "Matrix2x2", "payoffs": [[[0,0],[80,70]],[[89,72],[31,55]]]},
"G503": {"type": "Matrix2x2", "payoffs": [[[9,56],[0,15]],[[5,48],[7,0]]]},
"G504": {"type": "Matrix2x2", "payoffs": [[[3,13],[0,2]],[[2,9],[1,0]]]},
"G505": {"type": "Matrix2x2", "payoffs": [[[0,1],[69,3]],[[9,2],[4,0]]]},
"G506": {"type": "Matrix2x2", "payoffs": [[[0,0],[2,11]],[[3,15],[1,9]]]},
"G507": {"type": "Matrix2x2", "payoffs": [[[67,35],[57,26]],[[0,0],[60,16]]]},
"G508": {"type": "Matrix2x2", "payoffs": [[[3,0],[34,9]],[[0,1],[27,5]]]},
"G509": {"type": "Matrix2x2", "payoffs": [[[48,24],[0,14]],[[47,9],[1,0]]]},
"G510": {"type": "Matrix2x2", "payoffs": [[[0,47],[55,75]],[[37,0],[21,33]]]},
"G511": {"type": "Matrix2x2", "payoffs": [[[0,2],[4,6]],[[2,3],[3,0]]]},
"G512": {"type": "Matrix2x2", "payoffs": [[[24,19],[22,0]],[[0,7],[93,30]]]},
"G513": {"type": "Matrix2x2", "payoffs": [[[0,83],[34,86]],[[22,0],[11,64]]]},
"G514": {"type": "Matrix2x2", "payoffs": [[[5,32],[21,43]],[[0,0],[43,88]]]},
"G515": {"type": "Matrix2x2", "payoffs": [[[85,39],[60,30]],[[0,2],[29,0]]]},
"G516": {"type": "Matrix2x2", "payoffs": [[[0,28],[7,17]],[[10,54],[9,0]]]},
"G517": {"type": "Matrix2x2", "payoffs": [[[25,12],[0,0]],[[14,6],[23,3]]]},
"G518": {"type": "Matrix2x2", "payoffs": [[[90,49],[47,1]],[[0,29],[86,0]]]},
"G519": {"type": "Matrix2x2", "payoffs": [[[68,3],[41,0]],[[87,30],[0,28]]]},
"G520": {"type": "Matrix2x2", "payoffs": [[[87,14],[78,1]],[[0,5],[79,0]]]},
"G521": {"type": "Matrix2x2", "payoffs": [[[16,0],[0,41]],[[58,47],[9,8]]]},
"G522": {"type": "Matrix2x2", "payoffs": [[[50,75],[0,0]],[[13,66],[28,65]]]},
"G523": {"type": "Matrix2x2", "payoffs": [[[43,40],[0,0]],[[56,22],[78,49]]]},
"G524": {"type": "Matrix2x2", "payoffs": [[[0,0],[24,32]],[[40,43],[5,11]]]},
"G525": {"type": "Matrix2x2", "payoffs": [[[87,27],[27,20]],[[0,0],[40,21]]]},
"G526": {"type": "Matrix2x2", "payoffs": [[[0,2],[14,0]],[[91,20],[20,7]]]},
"G527": {"type": "Matrix2x2", "payoffs": [[[50,0],[45,35]],[[0,4],[66,58]]]},
"G528": {"type": "Matrix2x2", "payoffs": [[[0,0],[67,8]],[[92,22],[9,17]]]},
"G529": {"type": "Matrix2x2", "payoffs": [[[0,33],[46,0]],[[67,34],[57,31]]]},
"G530": {"type": "Matrix2x2", "payoffs": [[[53,30],[4,27]],[[0,0],[22,29]]]},
"G531": {"type": "Matrix2x2", "payoffs": [[[0,18],[76,60]],[[8,0],[37,29]]]},
"G532": {"type": "Matrix2x2", "payoffs": [[[0,31],[24,33]],[[72,0],[96,82]]]},
"G533": {"type": "Matrix2x2", "payoffs": [[[5,43],[8,65]],[[0,0],[9,82]]]},
"G534": {"type": "Matrix2x2", "payoffs": [[[43,19],[22,0]],[[0,29],[47,62]]]},
"G535": {"type": "Matrix2x2", "payoffs": [[[19,6],[8,0]],[[0,16],[56,17]]]},
"G536": {"type": "Matrix2x2", "payoffs": [[[0,2],[98,42]],[[89,32],[42,0]]]},
"G537": {"type": "Matrix2x2", "payoffs": [[[0,22],[7,0]],[[52,7],[53,61]]]},
"G538": {"type": "Matrix2x2", "payoffs": [[[46,19],[5,4]],[[0,0],[24,9]]]},
"G539": {"type": "Matrix2x2", "payoffs": [[[0,4],[1,0]],[[3,9],[4,15]]]},
"G540": {"type": "Matrix2x2", "payoffs": [[[6,31],[0,10]],[[25,71],[14,0]]]},
"G541": {"type": "Matrix2x2", "payoffs": [[[13,53],[6,48]],[[8,0],[0,25]]]},
"G542": {"type": "Matrix2x2", "payoffs": [[[33,92],[16,85]],[[6,0],[0,57]]]},
"G543": {"type": "Matrix2x2", "payoffs": [[[29,38],[0,0]],[[49,41],[12,2]]]},
"G544": {"type": "Matrix2x2", "payoffs": [[[67,3],[81,0]],[[84,5],[0,4]]]},
"G545": {"type": "Matrix2x2", "payoffs": [[[57,72],[0,11]],[[49,10],[20,0]]]},
"G546": {"type": "Matrix2x2", "payoffs": [[[69,0],[71,92]],[[9,86],[0,17]]]},
"G547": {"type": "Matrix2x2", "payoffs": [[[0,41],[71,30]],[[42,0],[90,73]]]},
"G548": {"type": "Matrix2x2", "payoffs": [[[6,70],[0,2]],[[2,21],[4,0]]]},
"G549": {"type": "Matrix2x2", "payoffs": [[[11,23],[0,0]],[[17,60],[8,37]]]},
"G550": {"type": "Matrix2x2", "payoffs": [[[5,0],[91,59]],[[0,51],[58,24]]]},
"G551": {"type": "Matrix2x2", "payoffs": [[[0,50],[84,60]],[[28,0],[68,37]]]},
"G552": {"type": "Matrix2x2", "payoffs": [[[2,1],[18,0]],[[0,14],[24,20]]]},
"G553": {"type": "Matrix2x2", "payoffs": [[[0,1],[19,17]],[[22,22],[20,0]]]},
"G554": {"type": "Matrix2x2", "payoffs": [[[55,0],[50,59]],[[0,26],[98,80]]]},
"G555": {"type": "Matrix2x2", "payoffs": [[[7,0],[16,5]],[[44,58],[0,12]]]},
"G556": {"type": "Matrix2x2", "payoffs": [[[0,3],[33,78]],[[6,0],[21,24]]]},
"G557": {"type": "Matrix2x2", "payoffs": [[[58,61],[67,86]],[[71,87],[0,0]]]},
"G558": {"type": "Matrix2x2", "payoffs": [[[26,86],[1,41]],[[0,31],[15,0]]]},
"G559": {"type": "Matrix2x2", "payoffs": [[[0,80],[7,0]],[[3,82],[12,89]]]},
"G560": {"type": "Matrix2x2", "payoffs": [[[88,20],[0,15]],[[90,46],[40,0]]]},
"G561": {"type": "Matrix2x2", "payoffs": [[[95,67],[17,0]],[[78,50],[0,48]]]},
"G562": {"type": "Matrix2x2", "payoffs": [[[52,51],[0,45]],[[22,11],[4,0]]]},
"G563": {"type": "Matrix2x2", "payoffs": [[[93,85],[8,0]],[[73,69],[0,34]]]},
"G564": {"type": "Matrix2x2", "payoffs": [[[0,2],[18,12]],[[41,13],[4,0]]]},
"G565": {"type": "Matrix2x2", "payoffs": [[[2,72],[17,0]],[[19,92],[0,58]]]},
"G566": {"type": "Matrix2x2", "payoffs": [[[3,87],[2,86]],[[0,0],[1,39]]]},
"G567": {"type": "Matrix2x2", "payoffs": [[[35,0],[0,48]],[[26,34],[62,72]]]},
"G568": {"type": "Matrix2x2", "payoffs": [[[36,55],[38,67]],[[0,0],[24,28]]]},
"G569": {"type": "Matrix2x2", "payoffs": [[[47,18],[2,36]],[[0,0],[60,49]]]},
"G570": {"type": "Matrix2x2", "payoffs": [[[76,25],[0,0]],[[47,6],[43,13]]]},
"G571": {"type": "Matrix2x2", "payoffs": [[[43,33],[0,0]],[[48,35],[41,28]]]},
"G572": {"type": "Matrix2x2", "payoffs": [[[8,20],[6,0]],[[0,6],[1,8]]]},
"G573": {"type": "Matrix2x2", "payoffs": [[[0,0],[2,38]],[[17,73],[16,71]]]},
"G574": {"type": "Matrix2x2", "payoffs": [[[54,86],[0,82]],[[8,44],[10,0]]]},
"G575": {"type": "Matrix2x2", "payoffs": [[[64,8],[4,1]],[[0,0],[82,12]]]},
"G576": {"type": "Matrix2x2", "payoffs": [[[0,7],[1,0]],[[15,12],[5,9]]]},
"G577": {"type": "Matrix2x2", "payoffs": [[[0,28],[40,36]],[[38,0],[45,60]]]},
"G578": {"type": "Matrix2x2", "payoffs": [[[81,86],[0,77]],[[47,0],[84,96]]]},
"G579": {"type": "Matrix2x2", "payoffs": [[[30,37],[0,0]],[[8,3],[15,11]]]},
"G580": {"type": "Matrix2x2", "payoffs": [[[4,0],[9,88]],[[3,58],[0,11]]]},
"G581": {"type": "Matrix2x2", "payoffs": [[[32,18],[18,0]],[[0,15],[91,53]]]},
"G582": {"type": "Matrix2x2", "payoffs": [[[52,0],[0,1]],[[59,26],[26,19]]]},
"G583": {"type": "Matrix2x2", "payoffs": [[[0,0],[51,62]],[[44,56],[14,28]]]},
"G584": {"type": "Matrix2x2", "payoffs": [[[32,0],[40,22]],[[0,8],[42,32]]]},
"G585": {"type": "Matrix2x2", "payoffs": [[[0,27],[1,1]],[[80,0],[90,30]]]},
"G586": {"type": "Matrix2x2", "payoffs": [[[38,0],[36,1]],[[39,5],[0,4]]]},
"G587": {"type": "Matrix2x2", "payoffs": [[[1,9],[6,27]],[[4,0],[0,10]]]},
"G588": {"type": "Matrix2x2", "payoffs": [[[3,0],[20,18]],[[0,12],[4,14]]]},
"G589": {"type": "Matrix2x2", "payoffs": [[[6,1],[63,42]],[[15,24],[0,0]]]},
"G590": {"type": "Matrix2x2", "payoffs": [[[22,5],[0,4]],[[17,0],[24,7]]]},
"G591": {"type": "Matrix2x2", "payoffs": [[[0,3],[20,1]],[[21,0],[33,5]]]},
"G592": {"type": "Matrix2x2", "payoffs": [[[0,22],[29,48]],[[22,0],[6,21]]]},
"G593": {"type": "Matrix2x2", "payoffs": [[[0,0],[1,20]],[[5,44],[10,50]]]},
"G594": {"type": "Matrix2x2", "payoffs": [[[41,74],[0,19]],[[36,21],[5,0]]]},
"G595": {"type": "Matrix2x2", "payoffs": [[[71,0],[0,2]],[[51,5],[79,12]]]},
"G596": {"type": "Matrix2x2", "payoffs": [[[0,13],[7,19]],[[15,0],[24,29]]]},
"G597": {"type": "Matrix2x2", "payoffs": [[[23,0],[0,1]],[[38,9],[7,2]]]},
"G598": {"type": "Matrix2x2", "payoffs": [[[20,56],[0,40]],[[10,0],[22,57]]]},
"G599": {"type": "Matrix2x2", "payoffs": [[[64,4],[97,72]],[[0,0],[58,59]]]},
"G600": {"type": "Matrix2x2", "payoffs": [[[0,4],[100,7]],[[91,1],[19,0]]]},
"G601": {"type": "Matrix2x2", "payoffs": [[[92,0],[4,29]],[[100,100],[0,79]]]},
"G602": {"type": "Matrix2x2", "payoffs": [[[0,29],[81,32]],[[26,0],[66,20]]]},
"G603": {"type": "Matrix2x2", "payoffs": [[[48,0],[0,17]],[[38,65],[51,87]]]},
"G604": {"type": "Matrix2x2", "payoffs": [[[4,4],[0,0]],[[17,90],[10,10]]]},
"G605": {"type": "Matrix2x2", "payoffs": [[[13,0],[32,55]],[[0,79],[61,92]]]},
"G606": {"type": "Matrix2x2", "payoffs": [[[14,5],[18,21]],[[0,0],[12,18]]]},
"G607": {"type": "Matrix2x2", "payoffs": [[[10,21],[3,0]],[[0,44],[22,67]]]},
"G608": {"type": "Matrix2x2", "payoffs": [[[0,0],[20,50]],[[3,24],[7,14]]]},
"G609": {"type": "Matrix2x2", "payoffs": [[[0,1],[4,10]],[[13,12],[12,0]]]},
"G610": {"type": "Matrix2x2", "payoffs": [[[34,89],[0,49]],[[6,0],[15,87]]]},
"G611": {"type": "Matrix2x2", "payoffs": [[[0,0],[20,25]],[[17,4],[72,43]]]},
"G612": {"type": "Matrix2x2", "payoffs": [[[9,0],[19,53]],[[0,31],[32,79]]]},
"G613": {"type": "Matrix2x2", "payoffs": [[[0,37],[10,47]],[[29,0],[67,88]]]},
"G614": {"type": "Matrix2x2", "payoffs": [[[48,11],[4,6]],[[0,8],[41,0]]]},
"G615": {"type": "Matrix2x2", "payoffs": [[[86,46],[0,13]],[[46,26],[54,0]]]},
"G616": {"type": "Matrix2x2", "payoffs": [[[8,62],[7,32]],[[5,2],[0,0]]]},
"G617": {"type": "Matrix2x2", "payoffs": [[[43,71],[0,8]],[[38,17],[23,0]]]},
"G618": {"type": "Matrix2x2", "payoffs": [[[0,0],[24,35]],[[51,11],[55,92]]]},
"G619": {"type": "Matrix2x2", "payoffs": [[[5,44],[1,0]],[[0,20],[4,30]]]},
"G620": {"type": "Matrix2x2", "payoffs": [[[18,2],[0,17]],[[37,32],[19,0]]]},
"G621": {"type": "Matrix2x2", "payoffs": [[[69,52],[16,24]],[[0,0],[52,42]]]},
"G622": {"type": "Matrix2x2", "payoffs": [[[15,61],[28,72]],[[0,0],[70,77]]]},
"G623": {"type": "Matrix2x2", "payoffs": [[[0,0],[2,2]],[[1,15],[3,23]]]},
"G624": {"type": "Matrix2x2", "payoffs": [[[7,0],[27,8]],[[72,75],[0,53]]]},
"G625": {"type": "Matrix2x2", "payoffs": [[[0,7],[5,13]],[[86,0],[96,46]]]},
"G626": {"type": "Matrix2x2", "payoffs": [[[0,18],[54,1]],[[27,0],[65,44]]]},
"G627": {"type": "Matrix2x2", "payoffs": [[[2,0],[19,50]],[[0,7],[16,3]]]},
"G628": {"type": "Matrix2x2", "payoffs": [[[35,0],[17,12]],[[69,46],[0,35]]]},
"G629": {"type": "Matrix2x2", "payoffs": [[[35,32],[42,42]],[[0,0],[7,27]]]},
"G630": {"type": "Matrix2x2", "payoffs": [[[29,16],[26,5]],[[16,0],[0,7]]]},
"G631": {"type": "Matrix2x2", "payoffs": [[[46,11],[91,12]],[[29,5],[0,0]]]},
"G632": {"type": "Matrix2x2", "payoffs": [[[79,61],[70,4]],[[0,53],[54,0]]]},
"G633": {"type": "Matrix2x2", "payoffs": [[[38,41],[0,0]],[[55,45],[36,30]]]},
"G634": {"type": "Matrix2x2", "payoffs": [[[99,37],[59,30]],[[43,0],[0,13]]]},
"G635": {"type": "Matrix2x2", "payoffs": [[[54,27],[0,0]],[[43,34],[66,35]]]},
"G636": {"type": "Matrix2x2", "payoffs": [[[17,16],[16,0]],[[0,3],[22,64]]]},
"G637": {"type": "Matrix2x2", "payoffs": [[[0,59],[31,90]],[[20,0],[23,80]]]},
"G638": {"type": "Matrix2x2", "payoffs": [[[53,20],[0,5]],[[17,0],[43,2]]]},
"G639": {"type": "Matrix2x2", "payoffs": [[[0,0],[3,6]],[[76,65],[48,29]]]},
"G640": {"type": "Matrix2x2", "payoffs": [[[78,18],[84,40]],[[0,0],[26,28]]]},
"G641": {"type": "Matrix2x2", "payoffs": [[[62,39],[5,40]],[[0,0],[75,78]]]},
"G642": {"type": "Matrix2x2", "payoffs": [[[16,8],[45,54]],[[0,0],[35,51]]]},
"G643": {"type": "Matrix2x2", "payoffs": [[[9,0],[5,2]],[[46,4],[0,1]]]},
"G644": {"type": "Matrix2x2", "payoffs": [[[48,45],[0,38]],[[20,27],[28,0]]]},
"G645": {"type": "Matrix2x2", "payoffs": [[[13,0],[0,58]],[[5,4],[20,89]]]},
"G646": {"type": "Matrix2x2", "payoffs": [[[0,0],[2,37]],[[1,31],[6,55]]]},
"G647": {"type": "Matrix2x2", "payoffs": [[[0,35],[6,0]],[[19,41],[4,30]]]},
"G648": {"type": "Matrix2x2", "payoffs": [[[0,0],[7,4]],[[10,42],[9,15]]]},
"G649": {"type": "Matrix2x2", "payoffs": [[[11,0],[78,62]],[[30,34],[0,20]]]},
"G650": {"type": "Matrix2x2", "payoffs": [[[33,6],[0,5]],[[66,56],[58,0]]]},
"G651": {"type": "Matrix2x2", "payoffs": [[[0,14],[48,0]],[[50,91],[51,99]]]},
"G652": {"type": "Matrix2x2", "payoffs": [[[2,0],[0,13]],[[3,26],[1,21]]]},
"G653": {"type": "Matrix2x2", "payoffs": [[[0,4],[12,5]],[[8,0],[23,54]]]},
"G654": {"type": "Matrix2x2", "payoffs": [[[3,11],[0,0]],[[12,84],[7,18]]]},
"G655": {"type": "Matrix2x2", "payoffs": [[[33,14],[73,17]],[[0,0],[34,5]]]},
"G656": {"type": "Matrix2x2", "payoffs": [[[17,30],[26,13]],[[0,0],[45,60]]]},
"G657": {"type": "Matrix2x2", "payoffs": [[[1,30],[0,66]],[[3,0],[4,97]]]},
"G658": {"type": "Matrix2x2", "payoffs": [[[0,23],[59,40]],[[60,99],[32,0]]]},
"G659": {"type": "Matrix2x2", "payoffs": [[[0,0],[29,73]],[[20,37],[7,67]]]},
"G660": {"type": "Matrix2x2", "payoffs": [[[52,72],[9,54]],[[0,0],[43,55]]]},
"G661": {"type": "Matrix2x2", "payoffs": [[[40,85],[35,72]],[[3,23],[0,0]]]},
"G662": {"type": "Matrix2x2", "payoffs": [[[0,0],[61,9]],[[18,17],[76,19]]]},
"G663": {"type": "Matrix2x2", "payoffs": [[[65,23],[49,7]],[[42,0],[0,8]]]},
"G664": {"type": "Matrix2x2", "payoffs": [[[40,0],[64,2]],[[0,1],[80,9]]]},
"G665": {"type": "Matrix2x2", "payoffs": [[[0,0],[20,4]],[[14,39],[42,59]]]},
"G666": {"type": "Matrix2x2", "payoffs": [[[33,15],[4,7]],[[29,0],[0,10]]]},
"G667": {"type": "Matrix2x2", "payoffs": [[[55,41],[67,31]],[[72,46],[0,0]]]},
"G668": {"type": "Matrix2x2", "payoffs": [[[11,0],[0,25]],[[21,4],[49,52]]]},
"G669": {"type": "Matrix2x2", "payoffs": [[[55,0],[95,61]],[[100,63],[0,5]]]},
"G670": {"type": "Matrix2x2", "payoffs": [[[14,10],[21,0]],[[0,1],[26,16]]]},
"G671": {"type": "Matrix2x2", "payoffs": [[[71,25],[73,46]],[[0,0],[40,14]]]},
"G672": {"type": "Matrix2x2", "payoffs": [[[6,9],[47,58]],[[0,49],[1,0]]]},
"G673": {"type": "Matrix2x2", "payoffs": [[[38,34],[0,3]],[[8,11],[28,0]]]},
"G674": {"type": "Matrix2x2", "payoffs": [[[42,42],[79,0]],[[0,2],[95,66]]]},
"G675": {"type": "Matrix2x2", "payoffs": [[[6,2],[11,1]],[[76,3],[0,0]]]},
"G676": {"type": "Matrix2x2", "payoffs": [[[71,0],[96,86]],[[65,40],[0,60]]]},
"G677": {"type": "Matrix2x2", "payoffs": [[[25,0],[61,21]],[[68,56],[0,38]]]},
"G678": {"type": "Matrix2x2", "payoffs": [[[42,57],[0,0]],[[9,27],[32,8]]]},
"G679": {"type": "Matrix2x2", "payoffs": [[[0,0],[86,64]],[[7,13],[52,5]]]},
"G680": {"type": "Matrix2x2", "payoffs": [[[37,59],[34,0]],[[0,34],[5,10]]]},
"G681": {"type": "Matrix2x2", "payoffs": [[[6,36],[4,35]],[[5,0],[0,20]]]},
"G682": {"type": "Matrix2x2", "payoffs": [[[32,12],[21,0]],[[0,6],[5,9]]]},
"G683": {"type": "Matrix2x2", "payoffs": [[[0,2],[49,3]],[[31,0],[33,1]]]},
"G684": {"type": "Matrix2x2", "payoffs": [[[15,7],[73,49]],[[24,0],[0,11]]]},
"G685": {"type": "Matrix2x2", "payoffs": [[[43,69],[29,0]],[[45,99],[0,59]]]},
"G686": {"type": "Matrix2x2", "payoffs": [[[15,32],[0,0]],[[31,60],[19,55]]]},
"G687": {"type": "Matrix2x2", "payoffs": [[[13,7],[7,1]],[[93,21],[0,0]]]},
"G688": {"type": "Matrix2x2", "payoffs": [[[12,68],[55,78]],[[0,45],[30,0]]]},
"G689": {"type": "Matrix2x2", "payoffs": [[[43,62],[0,61]],[[11,22],[19,0]]]},
"G690": {"type": "Matrix2x2", "payoffs": [[[1,0],[3,100]],[[2,99],[0,9]]]},
"G691": {"type": "Matrix2x2", "payoffs": [[[89,87],[16,53]],[[0,0],[71,55]]]},
"G692": {"type": "Matrix2x2", "payoffs": [[[71,21],[80,30]],[[0,0],[99,35]]]},
"G693": {"type": "Matrix2x2", "payoffs": [[[12,0],[39,32]],[[93,43],[0,33]]]},
"G694": {"type": "Matrix2x2", "payoffs": [[[77,0],[51,3]],[[78,5],[0,1]]]},
"G695": {"type": "Matrix2x2", "payoffs": [[[0,0],[16,10]],[[12,1],[6,2]]]},
"G696": {"type": "Matrix2x2", "payoffs": [[[2,0],[0,20]],[[10,18],[14,38]]]},
"G697": {"type": "Matrix2x2", "payoffs": [[[0,0],[7,11]],[[41,47],[14,41]]]},
"G698": {"type": "Matrix2x2", "payoffs": [[[18,4],[0,0]],[[27,78],[9,39]]]},
"G699": {"type": "Matrix2x2", "payoffs": [[[76,0],[0,71]],[[79,99],[53,52]]]},
"G700": {"type": "Matrix2x2", "payoffs": [[[19,71],[0,12]],[[18,0],[13,36]]]},
"G701": {"type": "Matrix2x2", "payoffs": [[[3,5],[15,14]],[[17,20],[0,0]]]},
"G702": {"type": "Matrix2x2", "payoffs": [[[23,25],[95,65]],[[0,48],[53,0]]]},
"G703": {"type": "Matrix2x2", "payoffs": [[[67,13],[0,65]],[[98,87],[50,0]]]},
"G704": {"type": "Matrix2x2", "payoffs": [[[52,21],[9,9]],[[5,0],[0,18]]]},
"G705": {"type": "Matrix2x2", "payoffs": [[[58,16],[32,0]],[[0,15],[67,84]]]},
"G706": {"type": "Matrix2x2", "payoffs": [[[0,23],[94,43]],[[42,0],[47,39]]]},
"G707": {"type": "Matrix2x2", "payoffs": [[[10,69],[5,0]],[[3,41],[0,33]]]},
"G708": {"type": "Matrix2x2", "payoffs": [[[0,6],[19,4]],[[26,0],[30,8]]]},
"G709": {"type": "Matrix2x2", "payoffs": [[[14,53],[8,0]],[[16,54],[0,44]]]},
"G710": {"type": "Matrix2x2", "payoffs": [[[99,23],[49,0]],[[88,9],[0,1]]]},
"G711": {"type": "Matrix2x2", "payoffs": [[[0,18],[79,19]],[[17,4],[58,0]]]},
"G712": {"type": "Matrix2x2", "payoffs": [[[55,47],[0,0]],[[33,38],[15,16]]]},
"G713": {"type": "Matrix2x2", "payoffs": [[[43,22],[31,13]],[[7,0],[0,3]]]},
"G714": {"type": "Matrix2x2", "payoffs": [[[24,43],[9,8]],[[0,0],[23,6]]]},
"G715": {"type": "Matrix2x2", "payoffs": [[[72,62],[7,0]],[[59,60],[0,57]]]},
"G716": {"type": "Matrix2x2", "payoffs": [[[2,12],[0,0]],[[5,56],[1,46]]]},
"G717": {"type": "Matrix2x2", "payoffs": [[[26,9],[33,35]],[[7,32],[0,0]]]},
"G718": {"type": "Matrix2x2", "payoffs": [[[92,87],[33,37]],[[36,0],[0,44]]]},
"G719": {"type": "Matrix2x2", "payoffs": [[[51,29],[83,78]],[[17,19],[0,0]]]},
"G720": {"type": "Matrix2x2", "payoffs": [[[0,37],[24,16]],[[20,0],[26,92]]]},
"G721": {"type": "Matrix2x2", "payoffs": [[[21,76],[6,59]],[[20,2],[0,0]]]},
"G722": {"type": "Matrix2x2", "payoffs": [[[15,54],[0,38]],[[29,0],[37,87]]]},
"G723": {"type": "Matrix2x2", "payoffs": [[[30,53],[28,8]],[[32,90],[0,0]]]},
"G724": {"type": "Matrix2x2", "payoffs": [[[31,12],[0,0]],[[75,21],[84,22]]]},
"G725": {"type": "Matrix2x2", "payoffs": [[[50,57],[19,6]],[[28,0],[0,31]]]},
"G726": {"type": "Matrix2x2", "payoffs": [[[70,46],[0,33]],[[76,0],[100,89]]]},
"G727": {"type": "Matrix2x2", "payoffs": [[[11,11],[20,0]],[[0,5],[31,13]]]},
"G728": {"type": "Matrix2x2", "payoffs": [[[21,35],[0,0]],[[16,4],[22,56]]]},
"G729": {"type": "Matrix2x2", "payoffs": [[[3,18],[0,0]],[[79,52],[18,5]]]},
"G730": {"type": "Matrix2x2", "payoffs": [[[7,26],[6,12]],[[0,0],[1,4]]]},
"G731": {"type": "Matrix2x2", "payoffs": [[[2,91],[1,29]],[[5,95],[0,0]]]},
"G732": {"type": "Matrix2x2", "payoffs": [[[82,10],[8,8]],[[0,0],[1,9]]]},
"G733": {"type": "Matrix2x2", "payoffs": [[[34,9],[80,10]],[[53,0],[0,3]]]},
"G734": {"type": "Matrix2x2", "payoffs": [[[0,48],[38,10]],[[60,77],[16,0]]]},
"G735": {"type": "Matrix2x2", "payoffs": [[[16,87],[12,0]],[[0,18],[5,78]]]},
"G736": {"type": "Matrix2x2", "payoffs": [[[2,29],[0,0]],[[69,40],[97,67]]]},
"G737": {"type": "Matrix2x2", "payoffs": [[[53,0],[19,3]],[[74,13],[0,11]]]},
"G738": {"type": "Matrix2x2", "payoffs": [[[42,47],[4,37]],[[0,0],[2,31]]]},
"G739": {"type": "Matrix2x2", "payoffs": [[[79,85],[40,73]],[[43,0],[0,56]]]},
"G740": {"type": "Matrix2x2", "payoffs": [[[0,33],[32,0]],[[8,20],[47,35]]]},
"G741": {"type": "Matrix2x2", "payoffs": [[[64,91],[0,0]],[[43,17],[50,44]]]},
"G742": {"type": "Matrix2x2", "payoffs": [[[0,0],[13,16]],[[31,8],[35,94]]]},
"G743": {"type": "Matrix2x2", "payoffs": [[[0,0],[25,7]],[[28,9],[9,4]]]},
"G744": {"type": "Matrix2x2", "payoffs": [[[0,0],[17,6]],[[90,12],[15,4]]]},
"G745": {"type": "Matrix2x2", "payoffs": [[[0,89],[6,0]],[[7,97],[3,44]]]},
"G746": {"type": "Matrix2x2", "payoffs": [[[15,21],[75,67]],[[0,33],[40,0]]]},
"G747": {"type": "Matrix2x2", "payoffs": [[[98,98],[0,6]],[[89,34],[41,0]]]},
"G748": {"type": "Matrix2x2", "payoffs": [[[5,49],[31,94]],[[0,70],[22,0]]]},
"G749": {"type": "Matrix2x2", "payoffs": [[[0,16],[11,41]],[[4,0],[6,27]]]},
"G750": {"type": "Matrix2x2", "payoffs": [[[9,8],[1,7]],[[0,0],[3,1]]]},
"G751": {"type": "Matrix2x2", "payoffs": [[[0,0],[23,49]],[[19,23],[6,33]]]},
"G752": {"type": "Matrix2x2", "payoffs": [[[70,84],[0,44]],[[30,13],[57,0]]]},
"G753": {"type": "Matrix2x2", "payoffs": [[[35,9],[0,0]],[[6,62],[68,68]]]},
"G754": {"type": "Matrix2x2", "payoffs": [[[31,44],[0,8]],[[13,0],[24,29]]]},
"G755": {"type": "Matrix2x2", "payoffs": [[[6,0],[12,3]],[[10,2],[0,1]]]},
"G756": {"type": "Matrix2x2", "payoffs": [[[0,0],[77,62]],[[80,95],[73,75]]]},
"G757": {"type": "Matrix2x2", "payoffs": [[[34,89],[20,12]],[[0,0],[33,81]]]},
"G758": {"type": "Matrix2x2", "payoffs": [[[0,9],[4,6]],[[2,0],[9,10]]]},
"G759": {"type": "Matrix2x2", "payoffs": [[[0,5],[67,8]],[[38,7],[54,0]]]},
"G760": {"type": "Matrix2x2", "payoffs": [[[53,16],[17,13]],[[8,0],[0,1]]]},
"G761": {"type": "Matrix2x2", "payoffs": [[[43,22],[73,37]],[[0,29],[55,0]]]},
"G762": {"type": "Matrix2x2", "payoffs": [[[13,51],[0,50]],[[6,0],[4,35]]]},
"G763": {"type": "Matrix2x2", "payoffs": [[[0,18],[19,0]],[[20,42],[13,8]]]},
"G764": {"type": "Matrix2x2", "payoffs": [[[74,82],[51,49]],[[60,37],[0,0]]]},
"G765": {"type": "Matrix2x2", "payoffs": [[[2,0],[4,47]],[[3,38],[0,20]]]},
"G766": {"type": "Matrix2x2", "payoffs": [[[0,16],[26,53]],[[20,0],[22,48]]]},
"G767": {"type": "Matrix2x2", "payoffs": [[[0,13],[10,29]],[[14,0],[15,37]]]},
"G768": {"type": "Matrix2x2", "payoffs": [[[87,84],[48,0]],[[0,4],[82,10]]]},
"G769": {"type": "Matrix2x2", "payoffs": [[[93,40],[0,37]],[[51,4],[52,0]]]},
"G770": {"type": "Matrix2x2", "payoffs": [[[13,0],[25,4]],[[11,2],[0,3]]]},
"G771": {"type": "Matrix2x2", "payoffs": [[[59,14],[55,13]],[[0,0],[38,4]]]},
"G772": {"type": "Matrix2x2", "payoffs": [[[58,65],[0,29]],[[1,0],[53,14]]]},
"G773": {"type": "Matrix2x2", "payoffs": [[[32,0],[97,92]],[[31,18],[0,50]]]},
"G774": {"type": "Matrix2x2", "payoffs": [[[62,77],[79,57]],[[86,93],[0,0]]]},
"G775": {"type": "Matrix2x2", "payoffs": [[[0,13],[3,0]],[[2,8],[49,16]]]},
"G776": {"type": "Matrix2x2", "payoffs": [[[0,0],[17,70]],[[42,85],[33,58]]]},
"G777": {"type": "Matrix2x2", "payoffs": [[[47,54],[0,37]],[[93,63],[20,0]]]},
"G778": {"type": "Matrix2x2", "payoffs": [[[7,0],[0,66]],[[33,70],[22,32]]]},
"G779": {"type": "Matrix2x2", "payoffs": [[[28,95],[16,0]],[[7,93],[0,37]]]},
"G780": {"type": "Matrix2x2", "payoffs": [[[46,15],[17,29]],[[0,0],[53,31]]]},
"G781": {"type": "Matrix2x2", "payoffs": [[[0,0],[6,41]],[[29,47],[17,12]]]},
"G782": {"type": "Matrix2x2", "payoffs": [[[33,0],[73,34]],[[64,7],[0,31]]]},
"G783": {"type": "Matrix2x2", "payoffs": [[[0,0],[16,46]],[[6,79],[77,87]]]},
"G784": {"type": "Matrix2x2", "payoffs": [[[64,6],[10,4]],[[34,0],[0,5]]]},
"G785": {"type": "Matrix2x2", "payoffs": [[[24,0],[37,14]],[[0,20],[70,42]]]},
"G786": {"type": "Matrix2x2", "payoffs": [[[63,88],[0,82]],[[44,0],[46,75]]]},
"G787": {"type": "Matrix2x2", "payoffs": [[[0,19],[1,0]],[[4,29],[2,4]]]},
"G788": {"type": "Matrix2x2", "payoffs": [[[0,0],[33,74]],[[30,60],[42,85]]]},
"G789": {"type": "Matrix2x2", "payoffs": [[[2,0],[5,28]],[[1,11],[0,3]]]},
"G790": {"type": "Matrix2x2", "payoffs": [[[0,19],[18,49]],[[45,0],[63,57]]]},
"G791": {"type": "Matrix2x2", "payoffs": [[[0,4],[30,0]],[[56,7],[8,3]]]},
"G792": {"type": "Matrix2x2", "payoffs": [[[4,6],[0,5]],[[10,7],[1,0]]]},
"G793": {"type": "Matrix2x2", "payoffs": [[[40,30],[0,0]],[[50,25],[88,94]]]},
"G794": {"type": "Matrix2x2", "payoffs": [[[68,5],[71,8]],[[0,7],[47,0]]]},
"G795": {"type": "Matrix2x2", "payoffs": [[[64,2],[0,4]],[[71,5],[46,0]]]},
"G796": {"type": "Matrix2x2", "payoffs": [[[0,0],[61,10]],[[83,98],[57,80]]]},
"G797": {"type": "Matrix2x2", "payoffs": [[[3,61],[21,79]],[[17,0],[0,58]]]},
"G798": {"type": "Matrix2x2", "payoffs": [[[61,60],[0,18]],[[50,0],[42,30]]]},
"G799": {"type": "Matrix2x2", "payoffs": [[[44,0],[0,17]],[[17,20],[88,80]]]},
"G800": {"type": "Matrix2x2", "payoffs": [[[15,6],[79,15]],[[49,1],[0,0]]]},
"G801": {"type": "Matrix2x2", "payoffs": [[[5,0],[16,91]],[[0,53],[40,99]]]},
"G802": {"type": "Matrix2x2", "payoffs": [[[89,94],[0,0]],[[75,64],[35,74]]]},
"G803": {"type": "Matrix2x2", "payoffs": [[[66,75],[13,4]],[[21,0],[0,6]]]},
"G804": {"type": "Matrix2x2", "payoffs": [[[31,74],[0,5]],[[30,63],[20,0]]]},
"G805": {"type": "Matrix2x2", "payoffs": [[[97,11],[0,9]],[[83,5],[56,0]]]},
"G806": {"type": "Matrix2x2", "payoffs": [[[74,84],[0,78]],[[54,0],[9,54]]]},
"G807": {"type": "Matrix2x2", "payoffs": [[[25,87],[19,86]],[[4,0],[0,18]]]},
"G808": {"type": "Matrix2x2", "payoffs": [[[6,6],[13,48]],[[4,0],[0,19]]]},
"G809": {"type": "Matrix2x2", "payoffs": [[[1,0],[4,90]],[[3,28],[0,27]]]},
"G810": {"type": "Matrix2x2", "payoffs": [[[0,0],[91,42]],[[62,44],[98,65]]]},
"G811": {"type": "Matrix2x2", "payoffs": [[[94,11],[0,0]],[[44,9],[58,10]]]},
"G812": {"type": "Matrix2x2", "payoffs": [[[35,2],[0,29]],[[60,0],[84,44]]]},
"G813": {"type": "Matrix2x2", "payoffs": [[[46,17],[69,59]],[[15,36],[0,0]]]},
"G814": {"type": "Matrix2x2", "payoffs": [[[0,0],[34,4]],[[18,1],[42,5]]]},
"G815": {"type": "Matrix2x2", "payoffs": [[[67,25],[31,5]],[[0,0],[14,3]]]},
"G816": {"type": "Matrix2x2", "payoffs": [[[10,16],[32,37]],[[0,0],[31,19]]]},
"G817": {"type": "Matrix2x2", "payoffs": [[[1,0],[0,40]],[[3,20],[5,41]]]},
"G818": {"type": "Matrix2x2", "payoffs": [[[0,0],[49,7]],[[4,2],[27,5]]]},
"G819": {"type": "Matrix2x2", "payoffs": [[[36,18],[94,46]],[[0,3],[2,0]]]},
"G820": {"type": "Matrix2x2", "payoffs": [[[1,1],[76,47]],[[0,27],[62,0]]]},
"G821": {"type": "Matrix2x2", "payoffs": [[[0,0],[65,33]],[[35,31],[22,23]]]},
"G822": {"type": "Matrix2x2", "payoffs": [[[41,0],[43,48]],[[2,45],[0,31]]]},
"G823": {"type": "Matrix2x2", "payoffs": [[[6,0],[17,15]],[[0,12],[63,17]]]},
"G824": {"type": "Matrix2x2", "payoffs": [[[13,0],[10,13]],[[24,81],[0,3]]]},
"G825": {"type": "Matrix2x2", "payoffs": [[[27,83],[8,0]],[[6,66],[0,16]]]},
"G826": {"type": "Matrix2x2", "payoffs": [[[48,0],[0,11]],[[78,4],[87,45]]]},
"G827": {"type": "Matrix2x2", "payoffs": [[[0,10],[8,0]],[[41,30],[61,47]]]},
"G828": {"type": "Matrix2x2", "payoffs": [[[0,0],[27,17]],[[64,58],[1,22]]]},
"G829": {"type": "Matrix2x2", "payoffs": [[[67,0],[0,22]],[[51,80],[74,81]]]},
"G830": {"type": "Matrix2x2", "payoffs": [[[41,14],[8,18]],[[66,25],[0,0]]]},
"G831": {"type": "Matrix2x2", "payoffs": [[[6,0],[0,1]],[[21,30],[18,25]]]},
"G832": {"type": "Matrix2x2", "payoffs": [[[23,2],[0,3]],[[32,12],[13,0]]]},
"G833": {"type": "Matrix2x2", "payoffs": [[[7,0],[0,54]],[[29,82],[10,22]]]},
"G834": {"type": "Matrix2x2", "payoffs": [[[6,0],[0,6]],[[15,20],[31,29]]]},
"G835": {"type": "Matrix2x2", "payoffs": [[[0,64],[34,0]],[[15,7],[98,66]]]},
"G836": {"type": "Matrix2x2", "payoffs": [[[58,69],[77,89]],[[0,66],[3,0]]]},
"G837": {"type": "Matrix2x2", "payoffs": [[[16,40],[57,73]],[[24,0],[0,49]]]},
"G838": {"type": "Matrix2x2", "payoffs": [[[15,1],[18,56]],[[6,55],[0,0]]]},
"G839": {"type": "Matrix2x2", "payoffs": [[[50,88],[35,36]],[[0,0],[13,30]]]},
"G840": {"type": "Matrix2x2", "payoffs": [[[22,41],[0,11]],[[11,4],[4,0]]]},
"G841": {"type": "Matrix2x2", "payoffs": [[[26,1],[34,0]],[[83,7],[0,5]]]},
"G842": {"type": "Matrix2x2", "payoffs": [[[85,0],[20,9]],[[96,22],[0,1]]]},
"G843": {"type": "Matrix2x2", "payoffs": [[[47,6],[82,47]],[[22,0],[0,26]]]},
"G844": {"type": "Matrix2x2", "payoffs": [[[4,86],[11,93]],[[7,0],[0,9]]]},
"G845": {"type": "Matrix2x2", "payoffs": [[[0,18],[29,9]],[[37,39],[31,0]]]},
"G846": {"type": "Matrix2x2", "payoffs": [[[22,0],[68,33]],[[1,8],[0,25]]]},
"G847": {"type": "Matrix2x2", "payoffs": [[[0,74],[67,84]],[[42,0],[35,55]]]},
"G848": {"type": "Matrix2x2", "payoffs": [[[20,0],[86,73]],[[0,16],[84,36]]]},
"G849": {"type": "Matrix2x2", "payoffs": [[[0,0],[12,3]],[[5,12],[49,43]]]},
"G850": {"type": "Matrix2x2", "payoffs": [[[74,74],[60,31]],[[91,95],[0,0]]]},
"G851": {"type": "Matrix2x2", "payoffs": [[[19,0],[45,92]],[[0,48],[38,57]]]},
"G852": {"type": "Matrix2x2", "payoffs": [[[13,18],[18,36]],[[0,0],[16,33]]]},
"G853": {"type": "Matrix2x2", "payoffs": [[[0,0],[45,30]],[[96,48],[51,22]]]},
"G854": {"type": "Matrix2x2", "payoffs": [[[21,51],[47,52]],[[34,3],[0,0]]]},
"G855": {"type": "Matrix2x2", "payoffs": [[[5,28],[0,0]],[[4,9],[2,17]]]},
"G856": {"type": "Matrix2x2", "payoffs": [[[55,0],[91,4]],[[0,3],[39,1]]]},
"G857": {"type": "Matrix2x2", "payoffs": [[[44,41],[0,22]],[[39,0],[50,59]]]},
"G858": {"type": "Matrix2x2", "payoffs": [[[7,0],[18,14]],[[22,27],[0,10]]]},
"G859": {"type": "Matrix2x2", "payoffs": [[[100,45],[43,17]],[[0,0],[7,21]]]},
"G860": {"type": "Matrix2x2", "payoffs": [[[40,1],[65,10]],[[45,9],[0,0]]]},
"G861": {"type": "Matrix2x2", "payoffs": [[[8,9],[1,0]],[[11,11],[0,2]]]},
"G862": {"type": "Matrix2x2", "payoffs": [[[13,25],[47,90]],[[0,24],[19,0]]]},
"G863": {"type": "Matrix2x2", "payoffs": [[[52,0],[27,58]],[[88,61],[0,20]]]},
"G864": {"type": "Matrix2x2", "payoffs": [[[0,3],[14,0]],[[35,39],[16,12]]]},
"G865": {"type": "Matrix2x2", "payoffs": [[[5,5],[19,9]],[[12,8],[0,0]]]},
"G866": {"type": "Matrix2x2", "payoffs": [[[9,39],[96,54]],[[51,0],[0,44]]]},
"G867": {"type": "Matrix2x2", "payoffs": [[[65,13],[28,3]],[[51,0],[0,12]]]},
"G868": {"type": "Matrix2x2", "payoffs": [[[0,0],[28,49]],[[27,31],[33,86]]]},
"G869": {"type": "Matrix2x2", "payoffs": [[[0,0],[19,61]],[[27,64],[54,65]]]},
"G870": {"type": "Matrix2x2", "payoffs": [[[4,11],[0,17]],[[6,0],[9,25]]]},
"G871": {"type": "Matrix2x2", "payoffs": [[[54,48],[39,9]],[[17,24],[0,0]]]},
"G872": {"type": "Matrix2x2", "payoffs": [[[52,46],[15,0]],[[38,4],[0,31]]]},
"G873": {"type": "Matrix2x2", "payoffs": [[[62,42],[93,48]],[[83,0],[0,3]]]},
"G874": {"type": "Matrix2x2", "payoffs": [[[0,0],[36,1]],[[12,78],[56,81]]]},
"G875": {"type": "Matrix2x2", "payoffs": [[[0,0],[3,64]],[[23,34],[29,65]]]},
"G876": {"type": "Matrix2x2", "payoffs": [[[0,0],[1,19]],[[6,8],[15,30]]]},
"G877": {"type": "Matrix2x2", "payoffs": [[[38,66],[0,0]],[[12,47],[30,10]]]},
"G878": {"type": "Matrix2x2", "payoffs": [[[75,23],[14,6]],[[0,0],[57,5]]]},
"G879": {"type": "Matrix2x2", "payoffs": [[[9,0],[0,10]],[[3,7],[18,14]]]},
"G880": {"type": "Matrix2x2", "payoffs": [[[5,5],[15,21]],[[9,0],[0,18]]]},
"G881": {"type": "Matrix2x2", "payoffs": [[[2,23],[4,56]],[[8,66],[0,0]]]},
"G882": {"type": "Matrix2x2", "payoffs": [[[41,20],[21,10]],[[5,3],[0,0]]]},
"G883": {"type": "Matrix2x2", "payoffs": [[[33,0],[0,19]],[[12,15],[58,88]]]},
"G884": {"type": "Matrix2x2", "payoffs": [[[7,0],[10,6]],[[0,22],[21,33]]]},
"G885": {"type": "Matrix2x2", "payoffs": [[[0,0],[2,5]],[[43,6],[40,2]]]},
"G886": {"type": "Matrix2x2", "payoffs": [[[34,4],[48,5]],[[0,0],[36,2]]]},
"G887": {"type": "Matrix2x2", "payoffs": [[[0,16],[54,74]],[[25,0],[26,6]]]},
"G888": {"type": "Matrix2x2", "payoffs": [[[11,0],[12,18]],[[10,5],[0,12]]]},
"G889": {"type": "Matrix2x2", "payoffs": [[[24,0],[0,55]],[[8,48],[51,59]]]},
"G890": {"type": "Matrix2x2", "payoffs": [[[34,30],[0,8]],[[15,9],[4,0]]]},
"G891": {"type": "Matrix2x2", "payoffs": [[[72,7],[0,5]],[[39,2],[45,0]]]},
"G892": {"type": "Matrix2x2", "payoffs": [[[20,3],[0,0]],[[19,2],[26,14]]]},
"G893": {"type": "Matrix2x2", "payoffs": [[[8,5],[15,20]],[[0,0],[2,12]]]},
"G894": {"type": "Matrix2x2", "payoffs": [[[65,97],[0,21]],[[22,0],[54,26]]]},
"G895": {"type": "Matrix2x2", "payoffs": [[[94,4],[51,3]],[[24,0],[0,2]]]},
"G896": {"type": "Matrix2x2", "payoffs": [[[0,82],[2,24]],[[14,93],[5,0]]]},
"G897": {"type": "Matrix2x2", "payoffs": [[[65,88],[53,0]],[[64,3],[0,48]]]},
"G898": {"type": "Matrix2x2", "payoffs": [[[94,91],[0,76]],[[74,77],[92,0]]]},
"G899": {"type": "Matrix2x2", "payoffs": [[[49,42],[0,24]],[[47,0],[16,13]]]},
"G900": {"type": "Matrix2x2", "payoffs": [[[16,87],[7,25]],[[0,5],[10,0]]]},
"G901": {"type": "Matrix2x2", "payoffs": [[[0,10],[1,0]],[[8,99],[5,58]]]},
"G902": {"type": "Matrix2x2", "payoffs": [[[0,6],[32,62]],[[64,82],[38,0]]]},
"G903": {"type": "Matrix2x2", "payoffs": [[[0,0],[31,20]],[[34,37],[13,10]]]},
"G904": {"type": "Matrix2x2", "payoffs": [[[0,14],[2,0]],[[26,32],[57,61]]]},
"G905": {"type": "Matrix2x2", "payoffs": [[[0,6],[8,0]],[[6,4],[9,20]]]},
"G906": {"type": "Matrix2x2", "payoffs": [[[0,0],[33,27]],[[46,16],[48,63]]]},
"G907": {"type": "Matrix2x2", "payoffs": [[[0,58],[8,0]],[[12,65],[52,73]]]},
"G908": {"type": "Matrix2x2", "payoffs": [[[0,0],[3,11]],[[52,44],[34,23]]]},
"G909": {"type": "Matrix2x2", "payoffs": [[[9,2],[10,1]],[[19,5],[0,0]]]},
"G910": {"type": "Matrix2x2", "payoffs": [[[8,0],[0,2]],[[34,17],[26,11]]]},
"G911": {"type": "Matrix2x2", "payoffs": [[[8,27],[6,5]],[[2,0],[0,1]]]},
"G912": {"type": "Matrix2x2", "payoffs": [[[12,97],[0,49]],[[8,0],[11,37]]]},
"G913": {"type": "Matrix2x2", "payoffs": [[[18,0],[0,40]],[[17,30],[27,74]]]},
"G914": {"type": "Matrix2x2", "payoffs": [[[0,10],[45,15]],[[39,0],[4,8]]]},
"G915": {"type": "Matrix2x2", "payoffs": [[[27,71],[0,8]],[[19,0],[6,19]]]},
"G916": {"type": "Matrix2x2", "payoffs": [[[64,4],[54,0]],[[0,2],[28,1]]]},
"G917": {"type": "Matrix2x2", "payoffs": [[[21,4],[13,5]],[[0,0],[68,9]]]},
"G918": {"type": "Matrix2x2", "payoffs": [[[37,1],[100,3]],[[0,2],[26,0]]]},
"G919": {"type": "Matrix2x2", "payoffs": [[[59,57],[0,42]],[[31,0],[66,89]]]},
"G920": {"type": "Matrix2x2", "payoffs": [[[1,63],[5,0]],[[0,40],[23,97]]]},
"G921": {"type": "Matrix2x2", "payoffs": [[[0,0],[50,26]],[[38,9],[49,23]]]},
"G922": {"type": "Matrix2x2", "payoffs": [[[10,50],[18,52]],[[0,0],[13,19]]]},
"G923": {"type": "Matrix2x2", "payoffs": [[[5,1],[0,41]],[[9,0],[16,85]]]},
"G924": {"type": "Matrix2x2", "payoffs": [[[7,0],[14,9]],[[10,1],[0,4]]]},
"G925": {"type": "Matrix2x2", "payoffs": [[[14,20],[0,0]],[[3,15],[9,7]]]},
"G926": {"type": "Matrix2x2", "payoffs": [[[4,63],[33,0]],[[86,99],[0,37]]]},
"G927": {"type": "Matrix2x2", "payoffs": [[[30,63],[47,83]],[[37,11],[0,0]]]},
"G928": {"type": "Matrix2x2", "payoffs": [[[15,0],[0,16]],[[20,34],[17,8]]]},
"G929": {"type": "Matrix2x2", "payoffs": [[[43,19],[51,71]],[[47,0],[0,31]]]},
"G930": {"type": "Matrix2x2", "payoffs": [[[24,57],[14,27]],[[0,0],[23,25]]]},
"G931": {"type": "Matrix2x2", "payoffs": [[[9,1],[17,51]],[[0,0],[8,26]]]},
"G932": {"type": "Matrix2x2", "payoffs": [[[12,11],[36,0]],[[0,6],[71,35]]]},
"G933": {"type": "Matrix2x2", "payoffs": [[[16,18],[0,0]],[[36,49],[3,5]]]},
"G934": {"type": "Matrix2x2", "payoffs": [[[39,0],[50,45]],[[0,36],[10,3]]]},
"G935": {"type": "Matrix2x2", "payoffs": [[[0,0],[13,98]],[[11,68],[6,81]]]},
"G936": {"type": "Matrix2x2", "payoffs": [[[71,20],[38,0]],[[0,2],[22,13]]]},
"G937": {"type": "Matrix2x2", "payoffs": [[[11,92],[0,87]],[[5,0],[8,74]]]},
"G938": {"type": "Matrix2x2", "payoffs": [[[84,15],[2,6]],[[0,2],[69,0]]]},
"G939": {"type": "Matrix2x2", "payoffs": [[[0,68],[74,0]],[[93,72],[56,24]]]},
"G940": {"type": "Matrix2x2", "payoffs": [[[3,14],[0,42]],[[18,0],[51,68]]]},
"G941": {"type": "Matrix2x2", "payoffs": [[[10,0],[51,82]],[[0,43],[48,16]]]},
"G942": {"type": "Matrix2x2", "payoffs": [[[0,6],[36,11]],[[20,1],[19,0]]]},
"G943": {"type": "Matrix2x2", "payoffs": [[[0,21],[7,6]],[[1,0],[34,56]]]},
"G944": {"type": "Matrix2x2", "payoffs": [[[41,37],[40,12]],[[0,6],[7,0]]]},
"G945": {"type": "Matrix2x2", "payoffs": [[[68,40],[40,21]],[[48,26],[0,0]]]},
"G946": {"type": "Matrix2x2", "payoffs": [[[3,0],[0,66]],[[7,10],[15,91]]]},
"G947": {"type": "Matrix2x2", "payoffs": [[[66,98],[14,0]],[[26,57],[0,42]]]},
"G948": {"type": "Matrix2x2", "payoffs": [[[4,0],[27,78]],[[0,32],[17,5]]]},
"G949": {"type": "Matrix2x2", "payoffs": [[[0,0],[44,42]],[[20,26],[11,13]]]},
"G950": {"type": "Matrix2x2", "payoffs": [[[7,7],[0,0]],[[81,35],[74,12]]]},
"G951": {"type": "Matrix2x2", "payoffs": [[[91,59],[28,32]],[[55,0],[0,34]]]},
"G952": {"type": "Matrix2x2", "payoffs": [[[6,83],[0,0]],[[4,60],[3,29]]]},
"G953": {"type": "Matrix2x2", "payoffs": [[[76,6],[57,0]],[[0,3],[58,2]]]},
"G954": {"type": "Matrix2x2", "payoffs": [[[7,43],[0,47]],[[49,0],[68,82]]]},
"G955": {"type": "Matrix2x2", "payoffs": [[[21,0],[0,3]],[[19,13],[35,85]]]},
"G956": {"type": "Matrix2x2", "payoffs": [[[49,24],[86,69]],[[16,58],[0,0]]]},
"G957": {"type": "Matrix2x2", "payoffs": [[[13,57],[0,67]],[[61,94],[39,0]]]},
"G958": {"type": "Matrix2x2", "payoffs": [[[0,83],[70,92]],[[15,69],[16,0]]]},
"G959": {"type": "Matrix2x2", "payoffs": [[[50,0],[0,9]],[[59,20],[44,3]]]},
"G960": {"type": "Matrix2x2", "payoffs": [[[25,62],[0,0]],[[20,58],[16,16]]]},
"G961": {"type": "Matrix2x2", "payoffs": [[[3,0],[0,34]],[[5,57],[32,71]]]},
"G962": {"type": "Matrix2x2", "payoffs": [[[67,90],[26,0]],[[23,23],[0,78]]]},
"G963": {"type": "Matrix2x2", "payoffs": [[[0,12],[67,0]],[[27,1],[95,37]]]},
"G964": {"type": "Matrix2x2", "payoffs": [[[0,16],[3,0]],[[15,29],[11,4]]]},
"G965": {"type": "Matrix2x2", "payoffs": [[[0,40],[1,0]],[[20,75],[6,16]]]},
"G966": {"type": "Matrix2x2", "payoffs": [[[50,8],[36,2]],[[17,0],[0,3]]]},
"G967": {"type": "Matrix2x2", "payoffs": [[[36,100],[0,68]],[[27,0],[26,9]]]},
"G968": {"type": "Matrix2x2", "payoffs": [[[48,27],[29,14]],[[1,22],[0,0]]]},
"G969": {"type": "Matrix2x2", "payoffs": [[[81,92],[31,15]],[[12,0],[0,26]]]},
"G970": {"type": "Matrix2x2", "payoffs": [[[19,40],[0,0]],[[7,28],[5,35]]]},
"G971": {"type": "Matrix2x2", "payoffs": [[[22,4],[13,21]],[[48,38],[0,0]]]},
"G972": {"type": "Matrix2x2", "payoffs": [[[70,40],[69,16]],[[0,31],[5,0]]]},
"G973": {"type": "Matrix2x2", "payoffs": [[[66,3],[91,67]],[[0,0],[47,50]]]},
"G974": {"type": "Matrix2x2", "payoffs": [[[93,6],[67,5]],[[0,4],[50,0]]]},
"G975": {"type": "Matrix2x2", "payoffs": [[[12,63],[0,29]],[[39,0],[99,76]]]},
"G976": {"type": "Matrix2x2", "payoffs": [[[13,61],[12,37]],[[0,0],[72,92]]]},
"G977": {"type": "Matrix2x2", "payoffs": [[[28,14],[50,31]],[[0,0],[40,20]]]},
"G978": {"type": "Matrix2x2", "payoffs": [[[0,9],[15,33]],[[61,39],[57,0]]]},
"G979": {"type": "Matrix2x2", "payoffs": [[[7,0],[0,20]],[[22,19],[23,26]]]},
"G980": {"type": "Matrix2x2", "payoffs": [[[19,64],[0,53]],[[16,16],[12,0]]]},
"G981": {"type": "Matrix2x2", "payoffs": [[[68,36],[86,38]],[[76,30],[0,0]]]},
"G982": {"type": "Matrix2x2", "payoffs": [[[70,38],[0,0]],[[100,44],[76,42]]]},
"G983": {"type": "Matrix2x2", "payoffs": [[[5,5],[0,0]],[[10,32],[20,35]]]},
"G984": {"type": "Matrix2x2", "payoffs": [[[0,0],[3,14]],[[1,45],[10,73]]]},
"G985": {"type": "Matrix2x2", "payoffs": [[[2,1],[11,3]],[[4,0],[0,2]]]},
"G986": {"type": "Matrix2x2", "payoffs": [[[12,0],[0,12]],[[17,56],[51,76]]]},
"G987": {"type": "Matrix2x2", "payoffs": [[[19,22],[44,0]],[[0,9],[85,52]]]},
"G988": {"type": "Matrix2x2", "payoffs": [[[14,3],[4,1]],[[2,0],[0,2]]]},
"G989": {"type": "Matrix2x2", "payoffs": [[[0,11],[28,0]],[[12,25],[38,58]]]},
"G990": {"type": "Matrix2x2", "payoffs": [[[1,24],[33,85]],[[10,0],[0,53]]]},
"G991": {"type": "Matrix2x2", "payoffs": [[[89,28],[32,20]],[[36,0],[0,13]]]},
"G992": {"type": "Matrix2x2", "payoffs": [[[0,0],[15,72]],[[7,83],[24,86]]]},
"G993": {"type": "Matrix2x2", "payoffs": [[[0,0],[40,15]],[[45,80],[24,74]]]},
"G994": {"type": "Matrix2x2", "payoffs": [[[43,45],[14,23]],[[12,13],[0,0]]]},
"G995": {"type": "Matrix2x2", "payoffs": [[[72,34],[73,0]],[[77,39],[0,19]]]},
"G996": {"type": "Matrix2x2", "payoffs": [[[87,0],[19,6]],[[0,28],[89,33]]]},
"G997": {"type": "Matrix2x2", "payoffs": [[[67,7],[0,16]],[[44,0],[72,24]]]},
"G998": {"type": "Matrix2x2", "payoffs": [[[25,19],[88,32]],[[26,18],[0,0]]]},
"G999": {"type": "Matrix2x2", "payoffs": [[[28,72],[24,69]],[[14,0],[0,36]]]},
"G1000": {"type": "Matrix2x2", "payoffs": [[[0,18],[14,22]],[[15,26],[8,0]]]}
}