{
"numGames": 1000,
"G1": {"type": "Matrix2x2", "payoffs": [[[0,35],[47,48]],[[58,69],[46,0]]]},
"G2": {"type": "Matrix2x2", "payoffs": [[[44,0],[71,58]],[[89,72],[0,37]]]},
"G3": {"type": "Matrix2x2", "payoffs": [[[9,0],[0,16]],[[7,26],[14,27]]]},
"G4": {"type": "Matrix2x2", "payoffs": [[[7,0],[27,88]],[[5,74],[0,44]]]},
"G5": {"type": "Matrix2x2", "payoffs": [[[0,56],[45,0]],[[53,33],[57,72]]]},
"G6": {"type": "Matrix2x2", "payoffs": [[[37,48],[51,78]],[[38,16],[0,0]]]},
"G7": {"type": "Matrix2x2", "payoffs": [[[14,33],[7,0]],[[0,39],[21,58]]]},
"G8": {"type": "Matrix2x2", "payoffs": [[[56,11],[48,8]],[[53,2],[0,0]]]},
"G9": {"type": "Matrix2x2", "payoffs": [[[5,29],[21,46]],[[19,25],[0,0]]]},
"G10": {"type": "Matrix2x2", "payoffs": [[[81,57],[0,0]],[[77,54],[4,55]]]},
"G11": {"type": "Matrix2x2", "payoffs": [[[12,0],[6,2]],[[0,6],[15,20]]]},
"G12": {"type": "Matrix2x2", "payoffs": [[[0,20],[6,22]],[[13,42],[2,0]]]},
"G13": {"type": "Matrix2x2", "payoffs": [[[74,0],[33,22]],[[82,25],[0,3]]]},
"G14": {"type": "Matrix2x2", "payoffs": [[[1,53],[4,0]],[[0,5],[48,72]]]},
"G15": {"type": "Matrix2x2", "payoffs": [[[19,81],[11,4]],[[0,0],[12,13]]]},
"G16": {"type": "Matrix2x2", "payoffs": [[[50,66],[5,0]],[[0,10],[88,88]]]},
"G17": {"type": "Matrix2x2", "payoffs": [[[5,32],[46,78]],[[0,43],[44,0]]]},
"G18": {"type": "Matrix2x2", "payoffs": [[[0,12],[26,0]],[[9,32],[39,34]]]},
"G19": {"type": "Matrix2x2", "payoffs": [[[11,18],[0,13]],[[10,0],[6,8]]]},
"G20": {"type": "Matrix2x2", "payoffs": [[[96,23],[71,0]],[[0,12],[64,21]]]},
"G21": {"type": "Matrix2x2", "payoffs": [[[80,8],[0,1]],[[31,0],[75,2]]]},
"G22": {"type": "Matrix2x2", "payoffs": [[[17,20],[76,54]],[[0,32],[63,0]]]},
"G23": {"type": "Matrix2x2", "payoffs": [[[0,0],[2,5]],[[9,11],[8,8]]]},
"G24": {"type": "Matrix2x2", "payoffs": [[[20,13],[33,22]],[[0,0],[44,68]]]},
"G25": {"type": "Matrix2x2", "payoffs": [[[29,42],[30,83]],[[0,60],[3,0]]]},
"G26": {"type": "Matrix2x2", "payoffs": [[[56,82],[9,0]],[[13,49],[0,21]]]},
"G27": {"type": "Matrix2x2", "payoffs": [[[17,7],[47,8]],[[0,0],[1,2]]]},
"G28": {"type": "Matrix2x2", "payoffs": [[[0,32],[90,45]],[[60,25],[20,0]]]},
"G29": {"type": "Matrix2x2", "payoffs": [[[37,41],[76,98]],[[0,0],[68,45]]]},
"G30": {"type": "Matrix2x2", "payoffs": [[[24,51],[0,29]],[[2,0],[22,48]]]},
"G31": {"type": "Matrix2x2", "payoffs": [[[4,10],[33,37]],[[13,33],[0,0]]]},
"G32": {"type": "Matrix2x2", "payoffs": [[[78,8],[0,0]],[[85,44],[36,21]]]},
"G33": {"type": "Matrix2x2", "payoffs": [[[48,29],[0,0]],[[72,30],[63,5]]]},
"G34": {"type": "Matrix2x2", "payoffs": [[[62,70],[44,0]],[[12,13],[0,8]]]},
"G35": {"type": "Matrix2x2", "payoffs": [[[0,63],[40,94]],[[5,13],[31,0]]]},
"G36": {"type": "Matrix2x2", "payoffs": [[[0,3],[8,25]],[[6,21],[5,0]]]},
"G37": {"type": "Matrix2x2", "payoffs": [[[0,0],[4,11]],[[1,2],[2,1]]]},
"G38": {"type": "Matrix2x2", "payoffs": [[[34,0],[4,4]],[[90,32],[0,18]]]},
"G39": {"type": "Matrix2x2", "payoffs": [[[53,20],[64,0]],[[0,24],[100,36]]]},
"G40": {"type": "Matrix2x2", "payoffs": [[[94,75],[0,35]],[[44,31],[83,0]]]},
"G41": {"type": "Matrix2x2", "payoffs": [[[44,9],[17,0]],[[67,23],[0,12]]]},
"G42": {"type": "Matrix2x2", "payoffs": [[[54,0],[0,69]],[[81,7],[91,80]]]},
"G43": {"type": "Matrix2x2", "payoffs": [[[58,3],[87,69]],[[0,54],[5,0]]]},
"G44": {"type": "Matrix2x2", "payoffs": [[[5,39],[0,0]],[[10,92],[7,47]]]},
"G45": {"type": "Matrix2x2", "payoffs": [[[4,83],[0,8]],[[29,0],[32,88]]]},
"G46": {"type": "Matrix2x2", "payoffs": [[[19,54],[0,0]],[[37,20],[57,74]]]},
"G47": {"type": "Matrix2x2", "payoffs": [[[4,0],[11,89]],[[19,93],[0,38]]]},
"G48": {"type": "Matrix2x2", "payoffs": [[[0,8],[43,37]],[[15,0],[34,24]]]},
"G49": {"type": "Matrix2x2", "payoffs": [[[4,31],[17,77]],[[0,0],[16,1]]]},
"G50": {"type": "Matrix2x2", "payoffs": [[[88,36],[0,0]],[[99,80],[2,10]]]},
"G51": {"type": "Matrix2x2", "payoffs": [[[0,62],[16,71]],[[12,0],[7,39]]]},
"G52": {"type": "Matrix2x2", "payoffs": [[[9,72],[0,0]],[[15,78],[7,23]]]},
"G53": {"type": "Matrix2x2", "payoffs": [[[88,17],[83,0]],[[4,10],[0,1]]]},
"G54": {"type": "Matrix2x2", "payoffs": [[[71,0],[100,92]],[[0,52],[8,53]]]},
"G55": {"type": "Matrix2x2", "payoffs": [[[67,18],[40,3]],[[0,0],[53,5]]]},
"G56": {"type": "Matrix2x2", "payoffs": [[[29,35],[20,17]],[[0,0],[93,60]]]},
"G57": {"type": "Matrix2x2", "payoffs": [[[0,79],[35,57]],[[39,0],[95,88]]]},
"G58": {"type": "Matrix2x2", "payoffs": [[[18,7],[21,62]],[[0,36],[4,0]]]},
"G59": {"type": "Matrix2x2", "payoffs": [[[0,30],[48,49]],[[46,48],[31,0]]]},
"G60": {"type": "Matrix2x2", "payoffs": [[[0,14],[48,86]],[[4,0],[33,47]]]},
"G61": {"type": "Matrix2x2", "payoffs": [[[61,94],[43,72]],[[23,10],[0,0]]]},
"G62": {"type": "Matrix2x2", "payoffs": [[[41,71],[29,0]],[[0,65],[6,6]]]},
"G63": {"type": "Matrix2x2", "payoffs": [[[23,0],[0,7]],[[34,93],[3,88]]]},
"G64": {"type": "Matrix2x2", "payoffs": [[[34,91],[0,38]],[[5,82],[3,0]]]},
"G65": {"type": "Matrix2x2", "payoffs": [[[1,11],[0,0]],[[4,64],[3,22]]]},
"G66": {"type": "Matrix2x2", "payoffs": [[[54,45],[68,8]],[[76,96],[0,0]]]},
"G67": {"type": "Matrix2x2", "payoffs": [[[17,21],[0,0]],[[63,25],[34,22]]]},
"G68": {"type": "Matrix2x2", "payoffs": [[[0,10],[86,31]],[[77,3],[30,0]]]},
"G69": {"type": "Matrix2x2", "payoffs": [[[62,0],[0,1]],[[44,4],[63,9]]]},
"G70": {"type": "Matrix2x2", "payoffs": [[[7,99],[3,94]],[[1,0],[0,74]]]},
"G71": {"type": "Matrix2x2", "payoffs": [[[0,57],[54,12]],[[73,68],[43,0]]]},
"G72": {"type": "Matrix2x2", "payoffs": [[[2,40],[4,34]],[[0,0],[5,68]]]},
"G73": {"type": "Matrix2x2", "payoffs": [[[0,47],[5,0]],[[38,2],[91,52]]]},
"G74": {"type": "Matrix2x2", "payoffs": [[[17,69],[13,0]],[[0,61],[14,33]]]},
"G75": {"type": "Matrix2x2", "payoffs": [[[51,53],[11,52]],[[49,42],[0,0]]]},
"G76": {"type": "Matrix2x2", "payoffs": [[[11,70],[16,26]],[[0,0],[21,80]]]},
"G77": {"type": "Matrix2x2", "payoffs": [[[51,77],[0,78]],[[99,86],[43,0]]]},
"G78": {"type": "Matrix2x2", "payoffs": [[[0,0],[11,32]],[[8,30],[2,12]]]},
"G79": {"type": "Matrix2x2", "payoffs": [[[87,55],[0,0]],[[43,23],[11,31]]]},
"G80": {"type": "Matrix2x2", "payoffs": [[[18,8],[7,17]],[[40,19],[0,0]]]},
"G81": {"type": "Matrix2x2", "payoffs": [[[76,96],[2,37]],[[24,0],[0,73]]]},
"G82": {"type": "Matrix2x2", "payoffs": [[[21,25],[7,0]],[[0,62],[28,75]]]},
"G83": {"type": "Matrix2x2", "payoffs": [[[4,3],[0,15]],[[44,35],[10,0]]]},
"G84": {"type": "Matrix2x2", "payoffs": [[[71,1],[93,21]],[[0,0],[60,12]]]},
"G85": {"type": "Matrix2x2", "payoffs": [[[16,0],[64,13]],[[29,8],[0,3]]]},
"G86": {"type": "Matrix2x2", "payoffs": [[[13,32],[10,8]],[[12,9],[0,0]]]},
"G87": {"type": "Matrix2x2", "payoffs": [[[31,61],[4,0]],[[77,81],[0,63]]]},
"G88": {"type": "Matrix2x2", "payoffs": [[[11,1],[64,65]],[[25,0],[0,56]]]},
"G89": {"type": "Matrix2x2", "payoffs": [[[7,41],[25,70]],[[21,0],[0,18]]]},
"G90": {"type": "Matrix2x2", "payoffs": [[[44,28],[54,64]],[[2,0],[0,6]]]},
"G91": {"type": "Matrix2x2", "payoffs": [[[0,0],[36,23]],[[13,12],[50,97]]]},
"G92": {"type": "Matrix2x2", "payoffs": [[[23,1],[0,9]],[[36,0],[50,10]]]},
"G93": {"type": "Matrix2x2", "payoffs": [[[93,4],[31,2]],[[0,1],[58,0]]]},
"G94": {"type": "Matrix2x2", "payoffs": [[[0,12],[100,17]],[[4,6],[14,0]]]},
"G95": {"type": "Matrix2x2", "payoffs": [[[63,9],[27,8]],[[0,0],[6,5]]]},
"G96": {"type": "Matrix2x2", "payoffs": [[[36,96],[22,49]],[[4,65],[0,0]]]},
"G97": {"type": "Matrix2x2", "payoffs": [[[0,43],[10,0]],[[81,66],[6,20]]]},
"G98": {"type": "Matrix2x2", "payoffs": [[[0,0],[27,2]],[[31,3],[54,7]]]},
"G99": {"type": "Matrix2x2", "payoffs": [[[0,19],[24,0]],[[82,53],[70,5]]]},
"G100": {"type": "Matrix2x2", "payoffs": [[[18,0],[9,45]],[[0,24],[25,56]]]},
"G101": {"type": "Matrix2x2", "payoffs": [[[60,14],[14,6]],[[0,0],[64,42]]]},
"G102": {"type": "Matrix2x2", "payoffs": [[[16,85],[43,95]],[[11,71],[0,0]]]},
"G103": {"type": "Matrix2x2", "payoffs": [[[5,11],[12,53]],[[11,18],[0,0]]]},
"G104": {"type": "Matrix2x2", "payoffs": [[[0,13],[55,4]],[[39,0],[63,21]]]},
"G105": {"type": "Matrix2x2", "payoffs": [[[0,0],[9,1]],[[40,42],[2,31]]]},
"G106": {"type": "Matrix2x2", "payoffs": [[[9,0],[15,24]],[[37,90],[0,72]]]},
"G107": {"type": "Matrix2x2", "payoffs": [[[40,19],[70,10]],[[80,21],[0,0]]]},
"G108": {"type": "Matrix2x2", "payoffs": [[[36,4],[0,0]],[[66,39],[70,60]]]},
"G109": {"type": "Matrix2x2", "payoffs": [[[6,2],[3,0]],[[9,5],[0,1]]]},
"G110": {"type": "Matrix2x2", "payoffs": [[[45,3],[51,6]],[[0,0],[31,5]]]},
"G111": {"type": "Matrix2x2", "payoffs": [[[3,47],[0,13]],[[1,0],[2,5]]]},
"G112": {"type": "Matrix2x2", "payoffs": [[[96,82],[30,79]],[[0,25],[93,0]]]},
"G113": {"type": "Matrix2x2", "payoffs": [[[0,0],[34,8]],[[39,28],[19,3]]]},
"G114": {"type": "Matrix2x2", "payoffs": [[[42,0],[64,21]],[[0,2],[20,10]]]},
"G115": {"type": "Matrix2x2", "payoffs": [[[35,16],[38,56]],[[0,0],[11,47]]]},
"G116": {"type": "Matrix2x2", "payoffs": [[[2,12],[6,87]],[[0,19],[4,0]]]},
"G117": {"type": "Matrix2x2", "payoffs": [[[81,14],[0,6]],[[20,9],[4,0]]]},
"G118": {"type": "Matrix2x2", "payoffs": [[[56,11],[87,34]],[[0,13],[81,0]]]},
"G119": {"type": "Matrix2x2", "payoffs": [[[46,17],[0,6]],[[38,0],[54,49]]]},
"G120": {"type": "Matrix2x2", "payoffs": [[[26,17],[0,27]],[[24,0],[72,40]]]},
"G121": {"type": "Matrix2x2", "payoffs": [[[10,33],[0,9]],[[16,0],[35,72]]]},
"G122": {"type": "Matrix2x2", "payoffs": [[[24,11],[0,0]],[[45,28],[75,37]]]},
"G123": {"type": "Matrix2x2", "payoffs": [[[0,25],[24,12]],[[95,35],[17,0]]]},
"G124": {"type": "Matrix2x2", "payoffs": [[[37,64],[0,13]],[[59,0],[69,80]]]},
"G125": {"type": "Matrix2x2", "payoffs": [[[43,13],[0,7]],[[31,4],[23,0]]]},
"G126": {"type": "Matrix2x2", "payoffs": [[[19,8],[98,85]],[[11,65],[0,0]]]},
"G127": {"type": "Matrix2x2", "payoffs": [[[1,46],[6,93]],[[4,6],[0,0]]]},
"G128": {"type": "Matrix2x2", "payoffs": [[[46,78],[0,73]],[[29,0],[6,27]]]},
"G129": {"type": "Matrix2x2", "payoffs": [[[46,10],[58,16]],[[0,2],[51,0]]]},
"G130": {"type": "Matrix2x2", "payoffs": [[[46,0],[65,55]],[[0,16],[34,14]]]},
"G131": {"type": "Matrix2x2", "payoffs": [[[0,16],[28,49]],[[27,0],[5,43]]]},
"G132": {"type": "Matrix2x2", "payoffs": [[[8,80],[7,20]],[[1,0],[0,52]]]},
"G133": {"type": "Matrix2x2", "payoffs": [[[0,0],[35,36]],[[1,31],[84,91]]]},
"G134": {"type": "Matrix2x2", "payoffs": [[[10,4],[16,17]],[[0,0],[2,14]]]},
"G135": {"type": "Matrix2x2", "payoffs": [[[24,0],[0,41]],[[21,21],[26,63]]]},
"G136": {"type": "Matrix2x2", "payoffs": [[[12,0],[0,9]],[[7,3],[63,11]]]},
"G137": {"type": "Matrix2x2", "payoffs": [[[0,0],[61,9]],[[84,66],[46,60]]]},
"G138": {"type": "Matrix2x2", "payoffs": [[[30,66],[7,50]],[[0,31],[27,0]]]},
"G139": {"type": "Matrix2x2", "payoffs": [[[36,88],[10,0]],[[0,3],[19,42]]]},
"G140": {"type": "Matrix2x2", "payoffs": [[[0,75],[36,51]],[[42,0],[55,98]]]},
"G141": {"type": "Matrix2x2", "payoffs": [[[1,23],[0,1]],[[41,38],[7,0]]]},
"G142": {"type": "Matrix2x2", "payoffs": [[[0,19],[92,31]],[[43,0],[18,25]]]},
"G143": {"type": "Matrix2x2", "payoffs": [[[0,7],[18,49]],[[4,22],[1,0]]]},
"G144": {"type": "Matrix2x2", "payoffs": [[[19,0],[79,89]],[[0,83],[35,52]]]},
"G145": {"type": "Matrix2x2", "payoffs": [[[30,52],[23,0]],[[0,2],[18,10]]]},
"G146": {"type": "Matrix2x2", "payoffs": [[[94,59],[0,0]],[[48,45],[54,36]]]},
"G147": {"type": "Matrix2x2", "payoffs": [[[0,14],[39,0]],[[70,5],[77,18]]]},
"G148": {"type": "Matrix2x2", "payoffs": [[[0,12],[42,4]],[[64,0],[66,23]]]},
"G149": {"type": "Matrix2x2", "payoffs": [[[2,40],[5,0]],[[0,41],[8,67]]]},
"G150": {"type": "Matrix2x2", "payoffs": [[[0,32],[40,41]],[[33,26],[35,0]]]},
"G151": {"type": "Matrix2x2", "payoffs": [[[61,52],[0,11]],[[27,9],[2,0]]]},
"G152": {"type": "Matrix2x2", "payoffs": [[[0,23],[9,0]],[[34,19],[47,38]]]},
"G153": {"type": "Matrix2x2", "payoffs": [[[6,1],[1,32]],[[7,81],[0,0]]]},
"G154": {"type": "Matrix2x2", "payoffs": [[[0,0],[69,24]],[[93,37],[58,30]]]},
"G155": {"type": "Matrix2x2", "payoffs": [[[12,0],[18,70]],[[0,44],[5,65]]]},
"G156": {"type": "Matrix2x2", "payoffs": [[[5,22],[17,44]],[[0,24],[13,0]]]},
"G157": {"type": "Matrix2x2", "payoffs": [[[61,23],[6,8]],[[0,0],[1,10]]]},
"G158": {"type": "Matrix2x2", "payoffs": [[[20,44],[54,51]],[[0,0],[39,49]]]},
"G159": {"type": "Matrix2x2", "payoffs": [[[83,45],[48,8]],[[0,0],[73,13]]]},
"G160": {"type": "Matrix2x2", "payoffs": [[[21,23],[0,59]],[[65,0],[69,77]]]},
"G161": {"type": "Matrix2x2", "payoffs": [[[12,49],[0,52]],[[25,64],[4,0]]]},
"G162": {"type": "Matrix2x2", "payoffs": [[[68,12],[80,63]],[[0,41],[53,0]]]},
"G163": {"type": "Matrix2x2", "payoffs": [[[37,80],[0,0]],[[24,58],[21,25]]]},
"G164": {"type": "Matrix2x2", "payoffs": [[[0,46],[32,0]],[[30,22],[34,64]]]},
"G165": {"type": "Matrix2x2", "payoffs": [[[0,0],[15,11]],[[9,25],[16,26]]]},
"G166": {"type": "Matrix2x2", "payoffs": [[[4,0],[47,71]],[[43,23],[0,22]]]},
"G167": {"type": "Matrix2x2", "payoffs": [[[4,0],[8,92]],[[27,95],[0,80]]]},
"G168": {"type": "Matrix2x2", "payoffs": [[[2,13],[0,71]],[[13,83],[9,0]]]},
"G169": {"type": "Matrix2x2", "payoffs": [[[0,24],[10,36]],[[1,0],[8,11]]]},
"G170": {"type": "Matrix2x2", "payoffs": [[[15,0],[39,27]],[[38,12],[0,7]]]},
"G171": {"type": "Matrix2x2", "payoffs": [[[2,31],[1,0]],[[0,21],[3,39]]]},
"G172": {"type": "Matrix2x2", "payoffs": [[[89,38],[58,15]],[[0,8],[67,0]]]},
"G173": {"type": "Matrix2x2", "payoffs": [[[0,38],[34,53]],[[1,0],[35,96]]]},
"G174": {"type": "Matrix2x2", "payoffs": [[[60,37],[23,0]],[[61,42],[0,18]]]},
"G175": {"type": "Matrix2x2", "payoffs": [[[0,18],[54,0]],[[81,70],[53,24]]]},
"G176": {"type": "Matrix2x2", "payoffs": [[[50,10],[37,0]],[[53,16],[0,6]]]},
"G177": {"type": "Matrix2x2", "payoffs": [[[78,20],[57,47]],[[86,63],[0,0]]]},
"G178": {"type": "Matrix2x2", "payoffs": [[[96,35],[64,0]],[[0,23],[66,6]]]},
"G179": {"type": "Matrix2x2", "payoffs": [[[18,1],[0,0]],[[9,11],[30,15]]]},
"G180": {"type": "Matrix2x2", "payoffs": [[[23,41],[0,46]],[[36,67],[32,0]]]},
"G181": {"type": "Matrix2x2", "payoffs": [[[0,52],[3,69]],[[2,0],[1,20]]]},
"G182": {"type": "Matrix2x2", "payoffs": [[[0,52],[4,71]],[[16,0],[20,81]]]},
"G183": {"type": "Matrix2x2", "payoffs": [[[41,78],[23,0]],[[0,1],[40,62]]]},
"G184": {"type": "Matrix2x2", "payoffs": [[[0,15],[47,22]],[[22,19],[20,0]]]},
"G185": {"type": "Matrix2x2", "payoffs": [[[89,0],[0,5]],[[95,12],[66,2]]]},
"G186": {"type": "Matrix2x2", "payoffs": [[[0,0],[19,72]],[[59,87],[39,27]]]},
"G187": {"type": "Matrix2x2", "payoffs": [[[20,59],[0,56]],[[10,0],[13,45]]]},
"G188": {"type": "Matrix2x2", "payoffs": [[[0,0],[71,46]],[[22,18],[28,29]]]},
"G189": {"type": "Matrix2x2", "payoffs": [[[32,6],[21,83]],[[45,97],[0,0]]]},
"G190": {"type": "Matrix2x2", "payoffs": [[[20,8],[5,0]],[[0,2],[45,11]]]},
"G191": {"type": "Matrix2x2", "payoffs": [[[0,0],[2,66]],[[3,71],[1,31]]]},
"G192": {"type": "Matrix2x2", "payoffs": [[[20,0],[30,85]],[[0,8],[26,48]]]},
"G193": {"type": "Matrix2x2", "payoffs": [[[10,0],[68,42]],[[0,3],[12,4]]]},
"G194": {"type": "Matrix2x2", "payoffs": [[[7,14],[0,34]],[[29,91],[14,0]]]},
"G195": {"type": "Matrix2x2", "payoffs": [[[16,0],[51,40]],[[0,28],[9,35]]]},
"G196": {"type": "Matrix2x2", "payoffs": [[[0,0],[57,3]],[[100,80],[35,15]]]},
"G197": {"type": "Matrix2x2", "payoffs": [[[59,19],[4,13]],[[38,0],[0,6]]]},
"G198": {"type": "Matrix2x2", "payoffs": [[[70,59],[93,0]],[[0,41],[95,93]]]},
"G199": {"type": "Matrix2x2", "payoffs": [[[0,62],[79,93]],[[8,36],[46,0]]]},
"G200": {"type": "Matrix2x2", "payoffs": [[[79,0],[0,22]],[[7,31],[97,62]]]},
"G201": {"type": "Matrix2x2", "payoffs": [[[84,76],[0,51]],[[54,31],[10,0]]]},
"G202": {"type": "Matrix2x2", "payoffs": [[[14,66],[0,93]],[[39,100],[26,0]]]},
"G203": {"type": "Matrix2x2", "payoffs": [[[6,72],[0,0]],[[24,90],[3,54]]]},
"G204": {"type": "Matrix2x2", "payoffs": [[[25,0],[0,94]],[[53,70],[91,100]]]},
"G205": {"type": "Matrix2x2", "payoffs": [[[67,0],[0,5]],[[73,79],[84,85]]]},
"G206": {"type": "Matrix2x2", "payoffs": [[[76,41],[0,1]],[[7,0],[59,12]]]},
"G207": {"type": "Matrix2x2", "payoffs": [[[49,25],[86,0]],[[0,11],[95,93]]]},
"G208": {"type": "Matrix2x2", "payoffs": [[[3,3],[0,0]],[[11,2],[20,8]]]},
"G209": {"type": "Matrix2x2", "payoffs": [[[19,0],[33,48]],[[5,24],[0,40]]]},
"G210": {"type": "Matrix2x2", "payoffs": [[[12,28],[27,39]],[[82,80],[0,0]]]},
"G211": {"type": "Matrix2x2", "payoffs": [[[5,0],[25,12]],[[0,16],[29,20]]]},
"G212": {"type": "Matrix2x2", "payoffs": [[[52,6],[45,15]],[[0,0],[79,25]]]},
"G213": {"type": "Matrix2x2", "payoffs": [[[0,0],[8,27]],[[72,33],[76,38]]]},
"G214": {"type": "Matrix2x2", "payoffs": [[[22,9],[24,8]],[[0,0],[83,16]]]},
"G215": {"type": "Matrix2x2", "payoffs": [[[24,29],[0,69]],[[95,70],[65,0]]]},
"G216": {"type": "Matrix2x2", "payoffs": [[[20,85],[0,65]],[[1,57],[16,0]]]},
"G217": {"type": "Matrix2x2", "payoffs": [[[44,2],[28,0]],[[0,19],[81,40]]]},
"G218": {"type": "Matrix2x2", "payoffs": [[[32,41],[11,2]],[[13,0],[0,40]]]},
"G219": {"type": "Matrix2x2", "payoffs": [[[6,36],[4,0]],[[3,12],[0,1]]]},
"G220": {"type": "Matrix2x2", "payoffs": [[[27,33],[2,0]],[[0,32],[16,22]]]},
"G221": {"type": "Matrix2x2", "payoffs": [[[14,7],[4,4]],[[42,12],[0,0]]]},
"G222": {"type": "Matrix2x2", "payoffs": [[[92,22],[2,6]],[[0,18],[29,0]]]},
"G223": {"type": "Matrix2x2", "payoffs": [[[1,3],[18,4]],[[0,0],[11,2]]]},
"G224": {"type": "Matrix2x2", "payoffs": [[[89,68],[42,1]],[[0,0],[3,36]]]},
"G225": {"type": "Matrix2x2", "payoffs": [[[12,71],[30,84]],[[4,0],[0,43]]]},
"G226": {"type": "Matrix2x2", "payoffs": [[[2,74],[0,72]],[[6,0],[9,87]]]},
"G227": {"type": "Matrix2x2", "payoffs": [[[57,7],[76,17]],[[0,0],[4,2]]]},
"G228": {"type": "Matrix2x2", "payoffs": [[[5,35],[3,24]],[[2,0],[0,13]]]},
"G229": {"type": "Matrix2x2", "payoffs": [[[2,21],[53,71]],[[0,0],[49,17]]]},
"G230": {"type": "Matrix2x2", "payoffs": [[[21,3],[45,12]],[[30,0],[0,8]]]},
"G231": {"type": "Matrix2x2", "payoffs": [[[20,27],[73,57]],[[0,24],[46,0]]]},
"G232": {"type": "Matrix2x2", "payoffs": [[[48,11],[0,1]],[[49,0],[73,20]]]},
"G233": {"type": "Matrix2x2", "payoffs": [[[17,0],[18,24]],[[37,72],[0,12]]]},
"G234": {"type": "Matrix2x2", "payoffs": [[[11,38],[9,0]],[[8,37],[0,4]]]},
"G235": {"type": "Matrix2x2", "payoffs": [[[0,0],[49,66]],[[7,4],[45,45]]]},
"G236": {"type": "Matrix2x2", "payoffs": [[[67,75],[4,16]],[[48,0],[0,31]]]},
"G237": {"type": "Matrix2x2", "payoffs": [[[3,0],[55,16]],[[66,60],[0,57]]]},
"G238": {"type": "Matrix2x2", "payoffs": [[[59,0],[39,16]],[[76,43],[0,4]]]},
"G239": {"type": "Matrix2x2", "payoffs": [[[7,20],[31,82]],[[29,0],[0,38]]]},
"G240": {"type": "Matrix2x2", "payoffs": [[[0,13],[1,0]],[[13,77],[12,59]]]},
"G241": {"type": "Matrix2x2", "payoffs": [[[68,16],[0,33]],[[63,0],[97,46]]]},
"G242": {"type": "Matrix2x2", "payoffs": [[[0,38],[44,45]],[[61,0],[68,64]]]},
"G243": {"type": "Matrix2x2", "payoffs": [[[10,24],[8,33]],[[0,0],[19,38]]]},
"G244": {"type": "Matrix2x2", "payoffs": [[[10,59],[8,5]],[[4,0],[0,57]]]},
"G245": {"type": "Matrix2x2", "payoffs": [[[4,16],[32,18]],[[34,28],[0,0]]]},
"G246": {"type": "Matrix2x2", "payoffs": [[[0,1],[2,6]],[[65,7],[35,0]]]},
"G247": {"type": "Matrix2x2", "payoffs": [[[54,40],[21,0]],[[98,42],[0,35]]]},
"G248": {"type": "Matrix2x2", "payoffs": [[[99,45],[9,38]],[[0,0],[42,31]]]},
"G249": {"type": "Matrix2x2", "payoffs": [[[2,1],[0,35]],[[43,0],[45,51]]]},
"G250": {"type": "Matrix2x2", "payoffs": [[[19,15],[42,51]],[[0,0],[54,96]]]},
"G251": {"type": "Matrix2x2", "payoffs": [[[0,43],[78,74]],[[60,63],[9,0]]]},
"G252": {"type": "Matrix2x2", "payoffs": [[[36,55],[47,83]],[[28,0],[0,81]]]},
"G253": {"type": "Matrix2x2", "payoffs": [[[100,35],[7,22]],[[2,0],[0,32]]]},
"G254": {"type": "Matrix2x2", "payoffs": [[[17,7],[0,0]],[[5,4],[21,9]]]},
"G255": {"type": "Matrix2x2", "payoffs": [[[14,0],[21,79]],[[5,73],[0,12]]]},
"G256": {"type": "Matrix2x2", "payoffs": [[[3,8],[6,0]],[[0,11],[7,24]]]},
"G257": {"type": "Matrix2x2", "payoffs": [[[0,0],[66,11]],[[34,13],[78,15]]]},
"G258": {"type": "Matrix2x2", "payoffs": [[[0,0],[18,31]],[[22,54],[20,53]]]},
"G259": {"type": "Matrix2x2", "payoffs": [[[16,0],[33,12]],[[8,7],[0,9]]]},
"G260": {"type": "Matrix2x2", "payoffs": [[[6,50],[0,0]],[[4,41],[2,28]]]},
"G261": {"type": "Matrix2x2", "payoffs": [[[0,2],[5,50]],[[37,58],[9,0]]]},
"G262": {"type": "Matrix2x2", "payoffs": [[[0,79],[25,0]],[[35,93],[57,97]]]},
"G263": {"type": "Matrix2x2", "payoffs": [[[0,3],[55,0]],[[75,14],[93,16]]]},
"G264": {"type": "Matrix2x2", "payoffs": [[[39,0],[45,2]],[[58,41],[0,25]]]},
"G265": {"type": "Matrix2x2", "payoffs": [[[10,0],[19,82]],[[0,43],[13,1]]]},
"G266": {"type": "Matrix2x2", "payoffs": [[[49,17],[0,0]],[[7,11],[47,8]]]},
"G267": {"type": "Matrix2x2", "payoffs": [[[68,18],[0,36]],[[88,40],[24,0]]]},
"G268": {"type": "Matrix2x2", "payoffs": [[[0,11],[25,0]],[[29,8],[83,28]]]},
"G269": {"type": "Matrix2x2", "payoffs": [[[0,85],[39,0]],[[49,71],[69,96]]]},
"G270": {"type": "Matrix2x2", "payoffs": [[[21,68],[1,2]],[[8,0],[0,14]]]},
"G271": {"type": "Matrix2x2", "payoffs": [[[0,0],[25,97]],[[4,76],[16,58]]]},
"G272": {"type": "Matrix2x2", "payoffs": [[[0,18],[54,20]],[[29,0],[81,29]]]},
"G273": {"type": "Matrix2x2", "payoffs": [[[0,0],[65,51]],[[80,78],[56,37]]]},
"G274": {"type": "Matrix2x2", "payoffs": [[[3,0],[14,93]],[[0,10],[8,15]]]},
"G275": {"type": "Matrix2x2", "payoffs": [[[0,64],[21,74]],[[14,6],[5,0]]]},
"G276": {"type": "Matrix2x2", "payoffs": [[[16,10],[40,94]],[[0,65],[4,0]]]},
"G277": {"type": "Matrix2x2", "payoffs": [[[0,1],[52,2]],[[73,5],[6,0]]]},
"G278": {"type": "Matrix2x2", "payoffs": [[[37,51],[27,41]],[[0,37],[7,0]]]},
"G279": {"type": "Matrix2x2", "payoffs": [[[9,30],[6,0]],[[51,54],[0,20]]]},
"G280": {"type": "Matrix2x2", "payoffs": [[[26,65],[55,0]],[[0,30],[71,96]]]},
"G281": {"type": "Matrix2x2", "payoffs": [[[0,15],[49,0]],[[2,26],[67,66]]]},
"G282": {"type": "Matrix2x2", "payoffs": [[[0,22],[40,37]],[[5,29],[7,0]]]},
"G283": {"type": "Matrix2x2", "payoffs": [[[18,0],[41,46]],[[29,2],[0,38]]]},
"G284": {"type": "Matrix2x2", "payoffs": [[[21,86],[32,98]],[[0,53],[10,0]]]},
"G285": {"type": "Matrix2x2", "payoffs": [[[64,10],[57,2]],[[4,0],[0,4]]]},
"G286": {"type": "Matrix2x2", "payoffs": [[[91,32],[53,19]],[[8,0],[0,30]]]},
"G287": {"type": "Matrix2x2", "payoffs": [[[0,78],[21,0]],[[19,66],[90,82]]]},
"G288": {"type": "Matrix2x2", "payoffs": [[[20,20],[14,1]],[[0,13],[12,0]]]},
"G289": {"type": "Matrix2x2", "payoffs": [[[33,0],[35,7]],[[67,10],[0,2]]]},
"G290": {"type": "Matrix2x2", "payoffs": [[[34,0],[20,19]],[[43,63],[0,2]]]},
"G291": {"type": "Matrix2x2", "payoffs": [[[23,64],[0,71]],[[100,99],[90,0]]]},
"G292": {"type": "Matrix2x2", "payoffs": [[[3,26],[0,4]],[[4,0],[5,49]]]},
"G293": {"type": "Matrix2x2", "payoffs": [[[13,4],[5,81]],[[24,86],[0,0]]]},
"G294": {"type": "Matrix2x2", "payoffs": [[[87,80],[0,0]],[[64,45],[45,59]]]},
"G295": {"type": "Matrix2x2", "payoffs": [[[37,33],[6,0]],[[0,47],[48,77]]]},
"G296": {"type": "Matrix2x2", "payoffs": [[[52,0],[0,68]],[[86,99],[40,32]]]},
"G297": {"type": "Matrix2x2", "payoffs": [[[46,21],[45,19]],[[38,0],[0,15]]]},
"G298": {"type": "Matrix2x2", "payoffs": [[[41,35],[0,30]],[[37,16],[6,0]]]},
"G299": {"type": "Matrix2x2", "payoffs": [[[28,30],[0,84]],[[22,0],[62,91]]]},
"G300": {"type": "Matrix2x2", "payoffs": [[[57,48],[1,44]],[[0,10],[50,0]]]},
"G301": {"type": "Matrix2x2", "payoffs": [[[0,62],[20,58]],[[64,0],[92,89]]]},
"G302": {"type": "Matrix2x2", "payoffs": [[[99,82],[75,50]],[[72,42],[0,0]]]},
"G303": {"type": "Matrix2x2", "payoffs": [[[7,72],[38,0]],[[0,32],[82,81]]]},
"G304": {"type": "Matrix2x2", "payoffs": [[[0,0],[13,90]],[[12,56],[8,84]]]},
"G305": {"type": "Matrix2x2", "payoffs": [[[0,0],[81,28]],[[76,7],[15,5]]]},
"G306": {"type": "Matrix2x2", "payoffs": [[[36,29],[0,74]],[[57,95],[29,0]]]},
"G307": {"type": "Matrix2x2", "payoffs": [[[57,100],[0,92]],[[2,0],[55,91]]]},
"G308": {"type": "Matrix2x2", "payoffs": [[[0,20],[81,6]],[[70,0],[100,29]]]},
"G309": {"type": "Matrix2x2", "payoffs": [[[9,23],[0,86]],[[12,93],[11,0]]]},
"G310": {"type": "Matrix2x2", "payoffs": [[[16,0],[0,30]],[[25,24],[34,47]]]},
"G311": {"type": "Matrix2x2", "payoffs": [[[59,0],[27,64]],[[0,82],[99,95]]]},
"G312": {"type": "Matrix2x2", "payoffs": [[[0,21],[15,35]],[[7,14],[1,0]]]},
"G313": {"type": "Matrix2x2", "payoffs": [[[59,24],[27,5]],[[85,29],[0,0]]]},
"G314": {"type": "Matrix2x2", "payoffs": [[[0,68],[23,89]],[[14,75],[18,0]]]},
"G315": {"type": "Matrix2x2", "payoffs": [[[11,31],[99,95]],[[0,61],[17,0]]]},
"G316": {"type": "Matrix2x2", "payoffs": [[[41,20],[93,44]],[[62,0],[0,24]]]},
"G317": {"type": "Matrix2x2", "payoffs": [[[77,62],[28,37]],[[0,7],[58,0]]]},
"G318": {"type": "Matrix2x2", "payoffs": [[[0,0],[51,57]],[[27,26],[44,36]]]},
"G319": {"type": "Matrix2x2", "payoffs": [[[0,24],[18,0]],[[5,4],[49,84]]]},
"G320": {"type": "Matrix2x2", "payoffs": [[[68,0],[80,1]],[[98,3],[0,2]]]},
"G321": {"type": "Matrix2x2", "payoffs": [[[1,0],[0,11]],[[7,48],[12,79]]]},
"G322": {"type": "Matrix2x2", "payoffs": [[[100,87],[0,0]],[[75,27],[50,49]]]},
"G323": {"type": "Matrix2x2", "payoffs": [[[16,81],[8,0]],[[3,43],[0,35]]]},
"G324": {"type": "Matrix2x2", "payoffs": [[[4,11],[16,19]],[[0,0],[7,4]]]},
"G325": {"type": "Matrix2x2", "payoffs": [[[87,23],[54,12]],[[62,0],[0,17]]]},
"G326": {"type": "Matrix2x2", "payoffs": [[[10,28],[33,0]],[[0,18],[34,65]]]},
"G327": {"type": "Matrix2x2", "payoffs": [[[7,1],[8,53]],[[1,12],[0,0]]]},
"G328": {"type": "Matrix2x2", "payoffs": [[[0,20],[9,23]],[[18,0],[62,35]]]},
"G329": {"type": "Matrix2x2", "payoffs": [[[0,46],[21,0]],[[87,49],[20,14]]]},
"G330": {"type": "Matrix2x2", "payoffs": [[[18,0],[64,17]],[[0,4],[4,3]]]},
"G331": {"type": "Matrix2x2", "payoffs": [[[0,0],[46,2]],[[69,28],[32,15]]]},
"G332": {"type": "Matrix2x2", "payoffs": [[[42,30],[21,0]],[[73,57],[0,39]]]},
"G333": {"type": "Matrix2x2", "payoffs": [[[0,42],[56,52]],[[53,50],[20,0]]]},
"G334": {"type": "Matrix2x2", "payoffs": [[[0,18],[94,21]],[[64,0],[79,10]]]},
"G335": {"type": "Matrix2x2", "payoffs": [[[61,38],[17,0]],[[0,14],[56,3]]]},
"G336": {"type": "Matrix2x2", "payoffs": [[[4,0],[2,30]],[[7,84],[0,45]]]},
"G337": {"type": "Matrix2x2", "payoffs": [[[0,75],[64,51]],[[89,77],[69,0]]]},
"G338": {"type": "Matrix2x2", "payoffs": [[[0,0],[17,4]],[[34,5],[79,37]]]},
"G339": {"type": "Matrix2x2", "payoffs": [[[7,6],[0,14]],[[24,0],[37,20]]]},
"G340": {"type": "Matrix2x2", "payoffs": [[[0,3],[48,4]],[[10,0],[51,9]]]},
"G341": {"type": "Matrix2x2", "payoffs": [[[60,47],[0,0]],[[86,54],[29,11]]]},
"G342": {"type": "Matrix2x2", "payoffs": [[[0,34],[6,39]],[[42,0],[59,55]]]},
"G343": {"type": "Matrix2x2", "payoffs": [[[0,0],[20,16]],[[42,31],[96,86]]]},
"G344": {"type": "Matrix2x2", "payoffs": [[[20,8],[27,0]],[[33,12],[0,9]]]},
"G345": {"type": "Matrix2x2", "payoffs": [[[13,49],[8,0]],[[34,56],[0,11]]]},
"G346": {"type": "Matrix2x2", "payoffs": [[[56,4],[26,1]],[[0,0],[89,9]]]},
"G347": {"type": "Matrix2x2", "payoffs": [[[33,4],[52,11]],[[18,0],[0,9]]]},
"G348": {"type": "Matrix2x2", "payoffs": [[[10,23],[37,0]],[[0,29],[60,31]]]},
"G349": {"type": "Matrix2x2", "payoffs": [[[16,0],[13,33]],[[0,60],[24,99]]]},
"G350": {"type": "Matrix2x2", "payoffs": [[[0,0],[84,71]],[[8,51],[34,35]]]},
"G351": {"type": "Matrix2x2", "payoffs": [[[87,15],[25,6]],[[84,0],[0,1]]]},
"G352": {"type": "Matrix2x2", "payoffs": [[[34,0],[0,5]],[[72,29],[52,17]]]},
"G353": {"type": "Matrix2x2", "payoffs": [[[0,31],[6,99]],[[4,0],[1,65]]]},
"G354": {"type": "Matrix2x2", "payoffs": [[[25,66],[22,63]],[[0,0],[15,9]]]},
"G355": {"type": "Matrix2x2", "payoffs": [[[37,52],[20,0]],[[0,40],[23,21]]]},
"G356": {"type": "Matrix2x2", "payoffs": [[[18,2],[28,9]],[[0,0],[23,7]]]},
"G357": {"type": "Matrix2x2", "payoffs": [[[100,30],[0,0]],[[99,20],[3,4]]]},
"G358": {"type": "Matrix2x2", "payoffs": [[[60,12],[81,19]],[[0,0],[30,10]]]},
"G359": {"type": "Matrix2x2", "payoffs": [[[39,14],[0,13]],[[86,0],[95,34]]]},
"G360": {"type": "Matrix2x2", "payoffs": [[[0,38],[18,87]],[[19,89],[17,0]]]},
"G361": {"type": "Matrix2x2", "payoffs": [[[63,3],[45,2]],[[33,0],[0,1]]]},
"G362": {"type": "Matrix2x2", "payoffs": [[[0,36],[1,0]],[[2,32],[27,37]]]},
"G363": {"type": "Matrix2x2", "payoffs": [[[38,0],[20,14]],[[0,7],[62,46]]]},
"G364": {"type": "Matrix2x2", "payoffs": [[[65,0],[38,26]],[[66,27],[0,24]]]},
"G365": {"type": "Matrix2x2", "payoffs": [[[1,0],[0,38]],[[2,63],[3,88]]]},
"G366": {"type": "Matrix2x2", "payoffs": [[[0,8],[30,4]],[[47,0],[48,10]]]},
"G367": {"type": "Matrix2x2", "payoffs": [[[4,8],[8,6]],[[0,0],[20,33]]]},
"G368": {"type": "Matrix2x2", "payoffs": [[[68,73],[0,0]],[[14,9],[65,13]]]},
"G369": {"type": "Matrix2x2", "payoffs": [[[30,2],[96,25]],[[47,24],[0,0]]]},
"G370": {"type": "Matrix2x2", "payoffs": [[[0,0],[41,16]],[[67,20],[66,1]]]},
"G371": {"type": "Matrix2x2", "payoffs": [[[11,33],[3,0]],[[0,4],[1,10]]]},
"G372": {"type": "Matrix2x2", "payoffs": [[[56,53],[31,44]],[[33,0],[0,21]]]},
"G373": {"type": "Matrix2x2", "payoffs": [[[6,46],[0,0]],[[3,25],[1,21]]]},
"G374": {"type": "Matrix2x2", "payoffs": [[[20,0],[57,39]],[[0,25],[59,62]]]},
"G375": {"type": "Matrix2x2", "payoffs": [[[34,10],[22,22]],[[0,0],[96,37]]]},
"G376": {"type": "Matrix2x2", "payoffs": [[[42,0],[47,51]],[[0,7],[26,19]]]},
"G377": {"type": "Matrix2x2", "payoffs": [[[0,0],[2,34]],[[12,23],[46,46]]]},
"G378": {"type": "Matrix2x2", "payoffs": [[[0,55],[49,85]],[[11,0],[30,5]]]},
"G379": {"type": "Matrix2x2", "payoffs": [[[0,4],[32,16]],[[39,33],[30,0]]]},
"G380": {"type": "Matrix2x2", "payoffs": [[[0,10],[12,0]],[[13,41],[11,38]]]},
"G381": {"type": "Matrix2x2", "payoffs": [[[12,0],[47,17]],[[0,4],[29,6]]]},
"G382": {"type": "Matrix2x2", "payoffs": [[[31,43],[95,64]],[[62,0],[0,17]]]},
"G383": {"type": "Matrix2x2", "payoffs": [[[23,67],[0,0]],[[8,18],[18,61]]]},
"G384": {"type": "Matrix2x2", "payoffs": [[[46,7],[54,29]],[[36,14],[0,0]]]},
"G385": {"type": "Matrix2x2", "payoffs": [[[18,4],[86,7]],[[35,1],[0,0]]]},
"G386": {"type": "Matrix2x2", "payoffs": [[[31,1],[43,63]],[[0,29],[6,0]]]},
"G387": {"type": "Matrix2x2", "payoffs": [[[7,37],[0,0]],[[17,19],[20,52]]]},
"G388": {"type": "Matrix2x2", "payoffs": [[[18,0],[0,8]],[[19,4],[21,52]]]},
"G389": {"type": "Matrix2x2", "payoffs": [[[4,0],[21,30]],[[1,28],[0,18]]]},
"G390": {"type": "Matrix2x2", "payoffs": [[[12,16],[0,13]],[[7,0],[53,62]]]},
"G391": {"type": "Matrix2x2", "payoffs": [[[13,45],[23,55]],[[3,6],[0,0]]]},
"G392": {"type": "Matrix2x2", "payoffs": [[[15,0],[27,11]],[[0,10],[32,19]]]},
"G393": {"type": "Matrix2x2", "payoffs": [[[24,8],[0,0]],[[14,3],[17,6]]]},
"G394": {"type": "Matrix2x2", "payoffs": [[[47,75],[16,73]],[[0,23],[45,0]]]},
"G395": {"type": "Matrix2x2", "payoffs": [[[0,28],[15,37]],[[34,0],[56,63]]]},
"G396": {"type": "Matrix2x2", "payoffs": [[[0,11],[19,0]],[[33,31],[4,12]]]},
"G397": {"type": "Matrix2x2", "payoffs": [[[54,48],[31,13]],[[16,0],[0,31]]]},
"G398": {"type": "Matrix2x2", "payoffs": [[[71,0],[88,17]],[[7,3],[0,13]]]},
"G399": {"type": "Matrix2x2", "payoffs": [[[29,0],[43,59]],[[0,32],[10,28]]]},
"G400": {"type": "Matrix2x2", "payoffs": [[[0,0],[31,26]],[[81,31],[29,24]]]},
"G401": {"type": "Matrix2x2", "payoffs": [[[22,2],[3,3]],[[31,4],[0,0]]]},
"G402": {"type": "Matrix2x2", "payoffs": [[[25,27],[30,12]],[[32,28],[0,0]]]},
"G403": {"type": "Matrix2x2", "payoffs": [[[1,57],[0,0]],[[6,13],[7,72]]]},
"G404": {"type": "Matrix2x2", "payoffs": [[[0,42],[4,46]],[[22,51],[5,0]]]},
"G405": {"type": "Matrix2x2", "payoffs": [[[9,25],[0,21]],[[96,68],[24,0]]]},
"G406": {"type": "Matrix2x2", "payoffs": [[[0,28],[55,0]],[[69,40],[44,38]]]},
"G407": {"type": "Matrix2x2", "payoffs": [[[28,12],[95,52]],[[0,0],[10,43]]]},
"G408": {"type": "Matrix2x2", "payoffs": [[[56,0],[74,59]],[[30,21],[0,31]]]},
"G409": {"type": "Matrix2x2", "payoffs": [[[3,64],[2,0]],[[1,32],[0,27]]]},
"G410": {"type": "Matrix2x2", "payoffs": [[[23,2],[44,1]],[[88,3],[0,0]]]},
"G411": {"type": "Matrix2x2", "payoffs": [[[0,25],[68,36]],[[61,0],[41,5]]]},
"G412": {"type": "Matrix2x2", "payoffs": [[[29,59],[20,50]],[[0,41],[14,0]]]},
"G413": {"type": "Matrix2x2", "payoffs": [[[0,35],[73,54]],[[69,6],[70,0]]]},
"G414": {"type": "Matrix2x2", "payoffs": [[[23,60],[0,0]],[[78,81],[12,36]]]},
"G415": {"type": "Matrix2x2", "payoffs": [[[52,61],[12,36]],[[0,53],[39,0]]]},
"G416": {"type": "Matrix2x2", "payoffs": [[[51,3],[0,20]],[[62,22],[57,0]]]},
"G417": {"type": "Matrix2x2", "payoffs": [[[36,83],[30,35]],[[21,32],[0,0]]]},
"G418": {"type": "Matrix2x2", "payoffs": [[[43,72],[10,9]],[[0,0],[57,95]]]},
"G419": {"type": "Matrix2x2", "payoffs": [[[13,0],[0,2]],[[8,39],[16,46]]]},
"G420": {"type": "Matrix2x2", "payoffs": [[[1,0],[0,3]],[[38,5],[11,2]]]},
"G421": {"type": "Matrix2x2", "payoffs": [[[25,86],[0,0]],[[4,68],[8,63]]]},
"G422": {"type": "Matrix2x2", "payoffs": [[[57,76],[38,16]],[[0,0],[30,34]]]},
"G423": {"type": "Matrix2x2", "payoffs": [[[0,0],[21,17]],[[79,97],[20,45]]]},
"G424": {"type": "Matrix2x2", "payoffs": [[[93,28],[0,0]],[[43,31],[94,52]]]},
"G425": {"type": "Matrix2x2", "payoffs": [[[31,1],[58,0]],[[0,2],[63,3]]]},
"G426": {"type": "Matrix2x2", "payoffs": [[[26,35],[16,7]],[[3,29],[0,0]]]},
"G427": {"type": "Matrix2x2", "payoffs": [[[3,5],[5,11]],[[0,3],[4,0]]]},
"G428": {"type": "Matrix2x2", "payoffs": [[[19,31],[27,0]],[[32,50],[0,23]]]},
"G429": {"type": "Matrix2x2", "payoffs": [[[0,1],[19,4]],[[53,0],[100,20]]]},
"G430": {"type": "Matrix2x2", "payoffs": [[[84,87],[0,51]],[[1,0],[64,4]]]},
"G431": {"type": "Matrix2x2", "payoffs": [[[49,0],[59,40]],[[17,11],[0,16]]]},
"G432": {"type": "Matrix2x2", "payoffs": [[[32,10],[56,73]],[[0,0],[55,72]]]},
"G433": {"type": "Matrix2x2", "payoffs": [[[5,20],[4,9]],[[12,95],[0,0]]]},
"G434": {"type": "Matrix2x2", "payoffs": [[[22,22],[0,0]],[[56,75],[50,66]]]},
"G435": {"type": "Matrix2x2", "payoffs": [[[0,0],[47,25]],[[60,60],[28,28]]]},
"G436": {"type": "Matrix2x2", "payoffs": [[[7,0],[93,5]],[[1,4],[0,2]]]},
"G437": {"type": "Matrix2x2", "payoffs": [[[0,4],[81,83]],[[2,14],[61,0]]]},
"G438": {"type": "Matrix2x2", "payoffs": [[[73,0],[63,11]],[[0,38],[84,42]]]},
"G439": {"type": "Matrix2x2", "payoffs": [[[19,0],[67,7]],[[0,1],[100,17]]]},
"G440": {"type": "Matrix2x2", "payoffs": [[[84,61],[0,6]],[[15,0],[94,89]]]},
"G441": {"type": "Matrix2x2", "payoffs": [[[2,25],[0,0]],[[18,83],[11,22]]]},
"G442": {"type": "Matrix2x2", "payoffs": [[[83,98],[19,64]],[[0,0],[9,96]]]},
"G443": {"type": "Matrix2x2", "payoffs": [[[62,22],[49,6]],[[0,16],[25,0]]]},
"G444": {"type": "Matrix2x2", "payoffs": [[[21,18],[0,0]],[[28,13],[38,20]]]},
"G445": {"type": "Matrix2x2", "payoffs": [[[11,42],[63,96]],[[9,0],[0,45]]]},
"G446": {"type": "Matrix2x2", "payoffs": [[[15,41],[24,61]],[[0,0],[3,47]]]},
"G447": {"type": "Matrix2x2", "payoffs": [[[0,89],[20,0]],[[1,48],[24,93]]]},
"G448": {"type": "Matrix2x2", "payoffs": [[[6,23],[0,3]],[[3,0],[8,33]]]},
"G449": {"type": "Matrix2x2", "payoffs": [[[27,13],[0,0]],[[39,37],[48,94]]]},
"G450": {"type": "Matrix2x2", "payoffs": [[[4,29],[15,0]],[[17,46],[0,15]]]},
"G451": {"type": "Matrix2x2", "payoffs": [[[0,72],[24,45]],[[37,0],[92,86]]]},
"G452": {"type": "Matrix2x2", "payoffs": [[[0,31],[2,0]],[[8,27],[44,66]]]},
"G453": {"type": "Matrix2x2", "payoffs": [[[17,42],[26,92]],[[0,0],[24,11]]]},
"G454": {"type": "Matrix2x2", "payoffs": [[[20,20],[43,25]],[[12,18],[0,0]]]},
"G455": {"type": "Matrix2x2", "payoffs": [[[16,4],[93,89]],[[0,0],[85,63]]]},
"G456": {"type": "Matrix2x2", "payoffs": [[[11,0],[38,15]],[[99,30],[0,2]]]},
"G457": {"type": "Matrix2x2", "payoffs": [[[0,0],[56,8]],[[59,13],[45,9]]]},
"G458": {"type": "Matrix2x2", "payoffs": [[[0,0],[18,64]],[[28,94],[12,36]]]},
"G459": {"type": "Matrix2x2", "payoffs": [[[3,3],[14,30]],[[10,0],[0,2]]]},
"G460": {"type": "Matrix2x2", "payoffs": [[[3,9],[5,0]],[[0,20],[12,30]]]},
"G461": {"type": "Matrix2x2", "payoffs": [[[1,35],[0,30]],[[2,0],[4,45]]]},
"G462": {"type": "Matrix2x2", "payoffs": [[[0,20],[85,80]],[[22,51],[63,0]]]},
"G463": {"type": "Matrix2x2", "payoffs": [[[0,0],[43,79]],[[54,46],[75,92]]]},
"G464": {"type": "Matrix2x2", "payoffs": [[[0,88],[79,91]],[[21,0],[41,22]]]},
"G465": {"type": "Matrix2x2", "payoffs": [[[88,41],[0,24]],[[70,0],[77,20]]]},
"G466": {"type": "Matrix2x2", "payoffs": [[[47,54],[34,0]],[[0,31],[46,37]]]},
"G467": {"type": "Matrix2x2", "payoffs": [[[23,30],[0,0]],[[28,38],[3,31]]]},
"G468": {"type": "Matrix2x2", "payoffs": [[[72,51],[0,0]],[[65,9],[78,66]]]},
"G469": {"type": "Matrix2x2", "payoffs": [[[82,89],[0,0]],[[39,19],[78,56]]]},
"G470": {"type": "Matrix2x2", "payoffs": [[[2,55],[4,86]],[[1,83],[0,0]]]},
"G471": {"type": "Matrix2x2", "payoffs": [[[0,30],[4,0]],[[70,70],[9,47]]]},
"G472": {"type": "Matrix2x2", "payoffs": [[[1,20],[3,24]],[[0,0],[4,48]]]},
"G473": {"type": "Matrix2x2", "payoffs": [[[0,77],[10,17]],[[40,0],[91,78]]]},
"G474": {"type": "Matrix2x2", "payoffs": [[[80,5],[11,4]],[[0,0],[59,1]]]},
"G475": {"type": "Matrix2x2", "payoffs": [[[44,26],[0,5]],[[17,6],[41,0]]]},
"G476": {"type": "Matrix2x2", "payoffs": [[[35,8],[58,23]],[[0,4],[31,0]]]},
"G477": {"type": "Matrix2x2", "payoffs": [[[0,22],[81,47]],[[33,4],[78,0]]]},
"G478": {"type": "Matrix2x2", "payoffs": [[[0,3],[21,0]],[[88,83],[61,67]]]},
"G479": {"type": "Matrix2x2", "payoffs": [[[3,53],[0,57]],[[19,87],[5,0]]]},
"G480": {"type": "Matrix2x2", "payoffs": [[[10,52],[17,0]],[[0,32],[96,61]]]},
"G481": {"type": "Matrix2x2", "payoffs": [[[11,54],[0,0]],[[28,57],[43,100]]]},
"G482": {"type": "Matrix2x2", "payoffs": [[[7,43],[0,41]],[[6,0],[1,26]]]},
"G483": {"type": "Matrix2x2", "payoffs": [[[70,5],[41,22]],[[81,34],[0,0]]]},
"G484": {"type": "Matrix2x2", "payoffs": [[[75,30],[0,19]],[[1,0],[16,15]]]},
"G485": {"type": "Matrix2x2", "payoffs": [[[1,1],[0,0]],[[3,10],[2,7]]]},
"G486": {"type": "Matrix2x2", "payoffs": [[[0,28],[6,54]],[[22,64],[19,0]]]},
"G487": {"type": "Matrix2x2", "payoffs": [[[35,4],[0,64]],[[8,0],[70,68]]]},
"G488": {"type": "Matrix2x2", "payoffs": [[[5,0],[95,33]],[[62,24],[0,19]]]},
"G489": {"type": "Matrix2x2", "payoffs": [[[42,77],[30,26]],[[47,79],[0,0]]]},
"G490": {"type": "Matrix2x2", "payoffs": [[[0,13],[29,0]],[[42,40],[9,6]]]},
"G491": {"type": "Matrix2x2", "payoffs": [[[0,66],[34,72]],[[28,0],[9,2]]]},
"G492": {"type": "Matrix2x2", "payoffs": [[[19,18],[90,62]],[[0,58],[23,0]]]},
"G493": {"type": "Matrix2x2", "payoffs": [[[39,61],[43,10]],[[86,87],[0,0]]]},
"G494": {"type": "Matrix2x2", "payoffs": [[[1,1],[0,0]],[[5,62],[3,40]]]},
"G495": {"type": "Matrix2x2", "payoffs": [[[0,40],[2,0]],[[25,10],[41,41]]]},
"G496": {"type": "Matrix2x2", "payoffs": [[[19,0],[9,53]],[[0,17],[28,83]]]},
"G497": {"type": "Matrix2x2", "payoffs": [[[3,0],[1,35]],[[0,2],[4,51]]]},
"G498": {"type": "Matrix2x2", "payoffs": [[[6,38],[25,0]],[[0,24],[34,44]]]},
"G499": {"type": "Matrix2x2", "payoffs": [[[0,6],[7,4]],[[8,11],[4,0]]]},
"G500": {"type": "Matrix2x2", "payoffs": [[[6,0],[22,38]],[[24,79],[0,20]]]},
"G501": {"type": "Matrix2x2", "payoffs": [[[42,1],[0,34]],[[44,0],[74,47]]]},
"G502": {"type": "Matrix2x2", "payoffs": [[[0,14],[4,1]],[[29,43],[15,0]]]},
"G503": {"type": "Matrix2x2", "payoffs": [[[99,56],[0,0]],[[69,52],[36,10]]]},
"G504": {"type": "Matrix2x2", "payoffs": [[[94,74],[0,61]],[[67,20],[66,0]]]},
"G505": {"type": "Matrix2x2", "payoffs": [[[56,6],[0,0]],[[71,12],[30,10]]]},
"G506": {"type": "Matrix2x2", "payoffs": [[[84,31],[14,11]],[[0,24],[78,0]]]},
"G507": {"type": "Matrix2x2", "payoffs": [[[77,0],[35,39]],[[100,75],[0,2]]]},
"G508": {"type": "Matrix2x2", "payoffs": [[[19,5],[0,32]],[[10,0],[58,44]]]},
"G509": {"type": "Matrix2x2", "payoffs": [[[43,24],[51,11]],[[70,25],[0,0]]]},
"G510": {"type": "Matrix2x2", "payoffs": [[[36,91],[37,93]],[[10,56],[0,0]]]},
"G511": {"type": "Matrix2x2", "payoffs": [[[14,37],[39,4]],[[78,59],[0,0]]]},
"G512": {"type": "Matrix2x2", "payoffs": [[[4,0],[5,55]],[[0,70],[8,74]]]},
"G513": {"type": "Matrix2x2", "payoffs": [[[0,0],[98,21]],[[30,3],[13,20]]]},
"G514": {"type": "Matrix2x2", "payoffs": [[[45,0],[71,86]],[[6,84],[0,77]]]},
"G515": {"type": "Matrix2x2", "payoffs": [[[5,68],[4,38]],[[0,0],[1,63]]]},
"G516": {"type": "Matrix2x2", "payoffs": [[[6,13],[27,8]],[[0,0],[45,18]]]},
"G517": {"type": "Matrix2x2", "payoffs": [[[0,28],[45,62]],[[12,0],[4,60]]]},
"G518": {"type": "Matrix2x2", "payoffs": [[[5,1],[12,28]],[[11,0],[0,16]]]},
"G519": {"type": "Matrix2x2", "payoffs": [[[0,20],[8,41]],[[16,78],[3,0]]]},
"G520": {"type": "Matrix2x2", "payoffs": [[[15,27],[21,43]],[[28,44],[0,0]]]},
"G521": {"type": "Matrix2x2", "payoffs": [[[63,50],[20,2]],[[49,0],[0,27]]]},
"G522": {"type": "Matrix2x2", "payoffs": [[[0,1],[41,0]],[[77,4],[83,6]]]},
"G523": {"type": "Matrix2x2", "payoffs": [[[14,5],[20,41]],[[0,0],[7,10]]]},
"G524": {"type": "Matrix2x2", "payoffs": [[[71,1],[51,9]],[[72,11],[0,0]]]},
"G525": {"type": "Matrix2x2", "payoffs": [[[74,28],[69,58]],[[94,65],[0,0]]]},
"G526": {"type": "Matrix2x2", "payoffs": [[[76,80],[0,0]],[[64,54],[92,85]]]},
"G527": {"type": "Matrix2x2", "payoffs": [[[23,31],[63,100]],[[0,0],[16,8]]]},
"G528": {"type": "Matrix2x2", "payoffs": [[[53,0],[19,29]],[[0,26],[58,61]]]},
"G529": {"type": "Matrix2x2", "payoffs": [[[42,0],[0,9]],[[7,26],[45,45]]]},
"G530": {"type": "Matrix2x2", "payoffs": [[[0,0],[7,66]],[[10,74],[9,39]]]},
"G531": {"type": "Matrix2x2", "payoffs": [[[44,0],[77,73]],[[22,6],[0,34]]]},
"G532": {"type": "Matrix2x2", "payoffs": [[[7,74],[1,0]],[[8,84],[0,16]]]},
"G533": {"type": "Matrix2x2", "payoffs": [[[48,43],[21,18]],[[0,0],[74,72]]]},
"G534": {"type": "Matrix2x2", "payoffs": [[[0,0],[55,39]],[[8,15],[15,23]]]},
"G535": {"type": "Matrix2x2", "payoffs": [[[0,2],[48,0]],[[53,9],[77,16]]]},
"G536": {"type": "Matrix2x2", "payoffs": [[[87,90],[38,0]],[[0,87],[62,43]]]},
"G537": {"type": "Matrix2x2", "payoffs": [[[0,3],[56,35]],[[5,0],[49,5]]]},
"G538": {"type": "Matrix2x2", "payoffs": [[[0,0],[8,8]],[[6,6],[3,2]]]},
"G539": {"type": "Matrix2x2", "payoffs": [[[2,11],[0,17]],[[15,62],[5,0]]]},
"G540": {"type": "Matrix2x2", "payoffs": [[[61,59],[8,0]],[[0,4],[46,16]]]},
"G541": {"type": "Matrix2x2", "payoffs": [[[59,89],[30,88]],[[33,4],[0,0]]]},
"G542": {"type": "Matrix2x2", "payoffs": [[[0,13],[21,1]],[[14,0],[31,17]]]},
"G543": {"type": "Matrix2x2", "payoffs": [[[63,59],[0,32]],[[24,0],[30,22]]]},
"G544": {"type": "Matrix2x2", "payoffs": [[[25,34],[48,51]],[[80,94],[0,0]]]},
"G545": {"type": "Matrix2x2", "payoffs": [[[8,6],[6,1]],[[7,0],[0,5]]]},
"G546": {"type": "Matrix2x2", "payoffs": [[[66,38],[12,1]],[[97,58],[0,0]]]},
"G547": {"type": "Matrix2x2", "payoffs": [[[0,87],[100,96]],[[30,0],[17,28]]]},
"G548": {"type": "Matrix2x2", "payoffs": [[[0,22],[3,39]],[[4,0],[5,67]]]},
"G549": {"type": "Matrix2x2", "payoffs": [[[3,0],[17,51]],[[0,49],[82,53]]]},
"G550": {"type": "Matrix2x2", "payoffs": [[[0,16],[68,20]],[[13,0],[47,1]]]},
"G551": {"type": "Matrix2x2", "payoffs": [[[27,52],[75,78]],[[74,0],[0,77]]]},
"G552": {"type": "Matrix2x2", "payoffs": [[[21,5],[0,0]],[[50,13],[48,12]]]},
"G553": {"type": "Matrix2x2", "payoffs": [[[0,9],[57,0]],[[75,11],[15,8]]]},
"G554": {"type": "Matrix2x2", "payoffs": [[[82,89],[0,86]],[[35,15],[22,0]]]},
"G555": {"type": "Matrix2x2", "payoffs": [[[19,6],[17,1]],[[8,0],[0,5]]]},
"G556": {"type": "Matrix2x2", "payoffs": [[[44,0],[0,90]],[[58,78],[94,96]]]},
"G557": {"type": "Matrix2x2", "payoffs": [[[0,9],[41,10]],[[12,0],[13,4]]]},
"G558": {"type": "Matrix2x2", "payoffs": [[[62,62],[0,0]],[[55,54],[24,8]]]},
"G559": {"type": "Matrix2x2", "payoffs": [[[43,34],[0,10]],[[14,0],[68,37]]]},
"G560": {"type": "Matrix2x2", "payoffs": [[[20,100],[12,94]],[[0,12],[2,0]]]},
"G561": {"type": "Matrix2x2", "payoffs": [[[6,36],[13,65]],[[5,0],[0,27]]]},
"G562": {"type": "Matrix2x2", "payoffs": [[[0,0],[15,34]],[[14,3],[25,54]]]},
"G563": {"type": "Matrix2x2", "payoffs": [[[40,37],[16,26]],[[17,14],[0,0]]]},
"G564": {"type": "Matrix2x2", "payoffs": [[[85,31],[0,19]],[[42,0],[61,29]]]},
"G565": {"type": "Matrix2x2", "payoffs": [[[14,1],[82,13]],[[0,0],[10,9]]]},
"G566": {"type": "Matrix2x2", "payoffs": [[[0,23],[39,36]],[[13,0],[11,11]]]},
"G567": {"type": "Matrix2x2", "payoffs": [[[0,18],[1,5]],[[2,0],[4,63]]]},
"G568": {"type": "Matrix2x2", "payoffs": [[[4,55],[94,76]],[[0,40],[77,0]]]},
"G569": {"type": "Matrix2x2", "payoffs": [[[30,8],[0,0]],[[44,21],[18,14]]]},
"G570": {"type": "Matrix2x2", "payoffs": [[[4,22],[1,9]],[[0,0],[5,91]]]},
"G571": {"type": "Matrix2x2", "payoffs": [[[28,0],[20,10]],[[35,12],[0,9]]]},
"G572": {"type": "Matrix2x2", "payoffs": [[[50,3],[0,2]],[[29,0],[36,1]]]},
"G573": {"type": "Matrix2x2", "payoffs": [[[46,0],[56,43]],[[9,11],[0,14]]]},
"G574": {"type": "Matrix2x2", "payoffs": [[[12,0],[27,85]],[[5,31],[0,24]]]},
"G575": {"type": "Matrix2x2", "payoffs": [[[0,0],[4,52]],[[11,2],[13,71]]]},
"G576": {"type": "Matrix2x2", "payoffs": [[[0,4],[19,1]],[[72,18],[53,0]]]},
"G577": {"type": "Matrix2x2", "payoffs": [[[13,0],[0,36]],[[34,15],[62,63]]]},
"G578": {"type": "Matrix2x2", "payoffs": [[[15,0],[35,44]],[[0,43],[17,2]]]},
"G579": {"type": "Matrix2x2", "payoffs": [[[0,6],[68,7]],[[10,4],[63,0]]]},
"G580": {"type": "Matrix2x2", "payoffs": [[[26,7],[0,0]],[[21,3],[2,4]]]},
"G581": {"type": "Matrix2x2", "payoffs": [[[58,42],[75,0]],[[0,40],[78,59]]]},
"G582": {"type": "Matrix2x2", "payoffs": [[[9,80],[4,13]],[[0,45],[7,0]]]},
"G583": {"type": "Matrix2x2", "payoffs": [[[0,33],[52,0]],[[80,71],[10,42]]]},
"G584": {"type": "Matrix2x2", "payoffs": [[[4,63],[10,65]],[[5,23],[0,0]]]},
"G585": {"type": "Matrix2x2", "payoffs": [[[0,17],[5,39]],[[6,0],[54,61]]]},
"G586": {"type": "Matrix2x2", "payoffs": [[[20,0],[52,81]],[[37,40],[0,16]]]},
"G587": {"type": "Matrix2x2", "payoffs": [[[16,5],[30,20]],[[0,0],[42,37]]]},
"G588": {"type": "Matrix2x2", "payoffs": [[[48,89],[46,71]],[[17,80],[0,0]]]},
"G589": {"type": "Matrix2x2", "payoffs": [[[0,55],[73,0]],[[85,76],[55,64]]]},
"G590": {"type": "Matrix2x2", "payoffs": [[[11,1],[12,2]],[[0,0],[20,4]]]},
"G591": {"type": "Matrix2x2", "payoffs": [[[0,8],[60,32]],[[4,0],[14,17]]]},
"G592": {"type": "Matrix2x2", "payoffs": [[[79,65],[0,0]],[[65,26],[46,48]]]},
"G593": {"type": "Matrix2x2", "payoffs": [[[0,5],[70,56]],[[10,16],[67,0]]]},
"G594": {"type": "Matrix2x2", "payoffs": [[[0,54],[5,37]],[[35,91],[28,0]]]},
"G595": {"type": "Matrix2x2", "payoffs": [[[0,25],[21,0]],[[45,63],[5,13]]]},
"G596": {"type": "Matrix2x2", "payoffs": [[[19,0],[0,9]],[[22,25],[41,67]]]},
"G597": {"type": "Matrix2x2", "payoffs": [[[6,0],[9,54]],[[13,66],[0,5]]]},
"G598": {"type": "Matrix2x2", "payoffs": [[[10,10],[7,0]],[[3,8],[0,4]]]},
"G599": {"type": "Matrix2x2", "payoffs": [[[1,24],[3,0]],[[0,17],[42,25]]]},
"G600": {"type": "Matrix2x2", "payoffs": [[[0,7],[12,12]],[[7,0],[13,27]]]},
"G601": {"type": "Matrix2x2", "payoffs": [[[58,2],[0,0]],[[77,49],[4,26]]]},
"G602": {"type": "Matrix2x2", "payoffs": [[[0,31],[9,0]],[[4,51],[18,90]]]},
"G603": {"type": "Matrix2x2", "payoffs": [[[6,75],[0,0]],[[54,88],[31,26]]]},
"G604": {"type": "Matrix2x2", "payoffs": [[[54,42],[57,90]],[[50,33],[0,0]]]},
"G605": {"type": "Matrix2x2", "payoffs": [[[54,11],[0,1]],[[10,0],[41,8]]]},
"G606": {"type": "Matrix2x2", "payoffs": [[[0,47],[41,7]],[[44,69],[35,0]]]},
"G607": {"type": "Matrix2x2", "payoffs": [[[4,5],[60,9]],[[57,0],[0,3]]]},
"G608": {"type": "Matrix2x2", "payoffs": [[[27,57],[18,29]],[[33,62],[0,0]]]},
"G609": {"type": "Matrix2x2", "payoffs": [[[0,9],[74,10]],[[31,4],[55,0]]]},
"G610": {"type": "Matrix2x2", "payoffs": [[[21,36],[10,9]],[[0,30],[18,0]]]},
"G611": {"type": "Matrix2x2", "payoffs": [[[33,21],[23,17]],[[0,14],[12,0]]]},
"G612": {"type": "Matrix2x2", "payoffs": [[[0,25],[6,54]],[[16,64],[4,0]]]},
"G613": {"type": "Matrix2x2", "payoffs": [[[19,12],[11,4]],[[3,0],[0,5]]]},
"G614": {"type": "Matrix2x2", "payoffs": [[[0,0],[16,46]],[[46,55],[2,41]]]},
"G615": {"type": "Matrix2x2", "payoffs": [[[26,13],[19,11]],[[0,6],[14,0]]]},
"G616": {"type": "Matrix2x2", "payoffs": [[[7,42],[0,30]],[[10,0],[62,97]]]},
"G617": {"type": "Matrix2x2", "payoffs": [[[56,0],[0,72]],[[93,100],[15,73]]]},
"G618": {"type": "Matrix2x2", "payoffs": [[[28,18],[18,41]],[[0,0],[63,51]]]},
"G619": {"type": "Matrix2x2", "payoffs": [[[0,0],[16,5]],[[10,40],[28,43]]]},
"G620": {"type": "Matrix2x2", "payoffs": [[[0,58],[1,20]],[[5,73],[4,0]]]},
"G621": {"type": "Matrix2x2", "payoffs": [[[47,13],[87,0]],[[97,40],[0,2]]]},
"G622": {"type": "Matrix2x2", "payoffs": [[[12,18],[69,31]],[[0,0],[61,27]]]},
"G623": {"type": "Matrix2x2", "payoffs": [[[0,4],[93,74]],[[21,18],[31,0]]]},
"G624": {"type": "Matrix2x2", "payoffs": [[[34,0],[14,7]],[[48,21],[0,19]]]},
"G625": {"type": "Matrix2x2", "payoffs": [[[35,50],[29,22]],[[31,0],[0,30]]]},
"G626": {"type": "Matrix2x2", "payoffs": [[[7,0],[10,80]],[[0,20],[2,70]]]},
"G627": {"type": "Matrix2x2", "payoffs": [[[25,5],[0,0]],[[14,54],[30,98]]]},
"G628": {"type": "Matrix2x2", "payoffs": [[[43,0],[0,60]],[[57,85],[33,78]]]},
"G629": {"type": "Matrix2x2", "payoffs": [[[18,48],[0,29]],[[28,64],[1,0]]]},
"G630": {"type": "Matrix2x2", "payoffs": [[[0,32],[27,49]],[[13,0],[1,25]]]},
"G631": {"type": "Matrix2x2", "payoffs": [[[0,56],[45,0]],[[36,35],[97,79]]]},
"G632": {"type": "Matrix2x2", "payoffs": [[[26,43],[0,27]],[[5,0],[79,56]]]},
"G633": {"type": "Matrix2x2", "payoffs": [[[28,0],[46,22]],[[4,1],[0,19]]]},
"G634": {"type": "Matrix2x2", "payoffs": [[[0,2],[54,46]],[[51,4],[35,0]]]},
"G635": {"type": "Matrix2x2", "payoffs": [[[92,24],[5,16]],[[0,18],[46,0]]]},
"G636": {"type": "Matrix2x2", "payoffs": [[[25,4],[0,0]],[[93,21],[67,18]]]},
"G637": {"type": "Matrix2x2", "payoffs": [[[56,4],[42,13]],[[0,0],[78,30]]]},
"G638": {"type": "Matrix2x2", "payoffs": [[[0,39],[23,44]],[[1,2],[16,0]]]},
"G639": {"type": "Matrix2x2", "payoffs": [[[96,18],[40,0]],[[0,10],[29,11]]]},
"G640": {"type": "Matrix2x2", "payoffs": [[[0,0],[58,97]],[[44,59],[14,65]]]},
"G641": {"type": "Matrix2x2", "payoffs": [[[0,0],[63,99]],[[34,73],[27,34]]]},
"G642": {"type": "Matrix2x2", "payoffs": [[[10,23],[4,8]],[[2,2],[0,0]]]},
"G643": {"type": "Matrix2x2", "payoffs": [[[0,30],[11,0]],[[61,36],[55,10]]]},
"G644": {"type": "Matrix2x2", "payoffs": [[[2,66],[42,72]],[[41,62],[0,0]]]},
"G645": {"type": "Matrix2x2", "payoffs": [[[11,0],[38,4]],[[19,2],[0,3]]]},
"G646": {"type": "Matrix2x2", "payoffs": [[[70,0],[85,55]],[[47,38],[0,54]]]},
"G647": {"type": "Matrix2x2", "payoffs": [[[0,0],[2,4]],[[14,10],[12,3]]]},
"G648": {"type": "Matrix2x2", "payoffs": [[[0,2],[63,36]],[[19,5],[61,0]]]},
"G649": {"type": "Matrix2x2", "payoffs": [[[57,43],[54,1]],[[6,0],[0,40]]]},
"G650": {"type": "Matrix2x2", "payoffs": [[[0,50],[25,41]],[[9,0],[37,62]]]},
"G651": {"type": "Matrix2x2", "payoffs": [[[0,0],[25,40]],[[2,14],[3,5]]]},
"G652": {"type": "Matrix2x2", "payoffs": [[[49,91],[0,64]],[[11,0],[30,63]]]},
"G653": {"type": "Matrix2x2", "payoffs": [[[55,8],[71,26]],[[1,17],[0,0]]]},
"G654": {"type": "Matrix2x2", "payoffs": [[[96,19],[0,0]],[[42,16],[68,7]]]},
"G655": {"type": "Matrix2x2", "payoffs": [[[0,5],[49,31]],[[33,8],[25,0]]]},
"G656": {"type": "Matrix2x2", "payoffs": [[[21,82],[15,59]],[[0,0],[12,41]]]},
"G657": {"type": "Matrix2x2", "payoffs": [[[1,68],[18,95]],[[14,0],[0,86]]]},
"G658": {"type": "Matrix2x2", "payoffs": [[[41,45],[13,33]],[[45,72],[0,0]]]},
"G659": {"type": "Matrix2x2", "payoffs": [[[12,0],[0,3]],[[3,26],[14,30]]]},
"G660": {"type": "Matrix2x2", "payoffs": [[[60,10],[56,5]],[[0,0],[9,7]]]},
"G661": {"type": "Matrix2x2", "payoffs": [[[59,79],[18,19]],[[27,25],[0,0]]]},
"G662": {"type": "Matrix2x2", "payoffs": [[[2,18],[3,20]],[[1,0],[0,10]]]},
"G663": {"type": "Matrix2x2", "payoffs": [[[0,10],[10,0]],[[7,1],[17,15]]]},
"G664": {"type": "Matrix2x2", "payoffs": [[[80,18],[89,84]],[[9,0],[0,9]]]},
"G665": {"type": "Matrix2x2", "payoffs": [[[2,0],[7,47]],[[6,37],[0,35]]]},
"G666": {"type": "Matrix2x2", "payoffs": [[[13,0],[8,46]],[[15,80],[0,32]]]},
"G667": {"type": "Matrix2x2", "payoffs": [[[30,12],[78,71]],[[58,0],[0,28]]]},
"G668": {"type": "Matrix2x2", "payoffs": [[[3,1],[11,6]],[[0,5],[6,0]]]},
"G669": {"type": "Matrix2x2", "payoffs": [[[17,8],[0,5]],[[63,11],[49,0]]]},
"G670": {"type": "Matrix2x2", "payoffs": [[[0,9],[100,11]],[[18,0],[82,3]]]},
"G671": {"type": "Matrix2x2", "payoffs": [[[0,0],[99,13]],[[11,3],[98,9]]]},
"G672": {"type": "Matrix2x2", "payoffs": [[[0,38],[11,0]],[[20,60],[6,30]]]},
"G673": {"type": "Matrix2x2", "payoffs": [[[96,95],[4,0]],[[19,30],[0,10]]]},
"G674": {"type": "Matrix2x2", "payoffs": [[[67,41],[49,0]],[[0,37],[44,36]]]},
"G675": {"type": "Matrix2x2", "payoffs": [[[33,36],[41,20]],[[74,38],[0,0]]]},
"G676": {"type": "Matrix2x2", "payoffs": [[[37,1],[0,2]],[[44,6],[25,0]]]},
"G677": {"type": "Matrix2x2", "payoffs": [[[59,0],[38,3]],[[69,31],[0,20]]]},
"G678": {"type": "Matrix2x2", "payoffs": [[[67,2],[23,4]],[[0,0],[79,16]]]},
"G679": {"type": "Matrix2x2", "payoffs": [[[25,11],[0,8]],[[9,0],[27,36]]]},
"G680": {"type": "Matrix2x2", "payoffs": [[[0,12],[7,7]],[[1,0],[8,14]]]},
"G681": {"type": "Matrix2x2", "payoffs": [[[52,0],[31,23]],[[66,29],[0,28]]]},
"G682": {"type": "Matrix2x2", "payoffs": [[[0,18],[26,0]],[[44,61],[15,46]]]},
"G683": {"type": "Matrix2x2", "payoffs": [[[0,8],[16,37]],[[11,31],[8,0]]]},
"G684": {"type": "Matrix2x2", "payoffs": [[[39,4],[45,9]],[[29,3],[0,0]]]},
"G685": {"type": "Matrix2x2", "payoffs": [[[0,0],[15,6]],[[4,5],[18,27]]]},
"G686": {"type": "Matrix2x2", "payoffs": [[[0,39],[8,0]],[[5,9],[17,84]]]},
"G687": {"type": "Matrix2x2", "payoffs": [[[0,0],[3,69]],[[10,61],[12,75]]]},
"G688": {"type": "Matrix2x2", "payoffs": [[[0,20],[2,0]],[[15,34],[4,7]]]},
"G689": {"type": "Matrix2x2", "payoffs": [[[4,0],[5,40]],[[0,29],[3,8]]]},
"G690": {"type": "Matrix2x2", "payoffs": [[[2,0],[59,3]],[[6,1],[0,2]]]},
"G691": {"type": "Matrix2x2", "payoffs": [[[57,76],[16,0]],[[1,47],[0,25]]]},
"G692": {"type": "Matrix2x2", "payoffs": [[[48,61],[0,0]],[[53,46],[55,64]]]},
"G693": {"type": "Matrix2x2", "payoffs": [[[18,89],[0,0]],[[51,3],[71,99]]]},
"G694": {"type": "Matrix2x2", "payoffs": [[[60,45],[43,78]],[[0,0],[64,80]]]},
"G695": {"type": "Matrix2x2", "payoffs": [[[23,71],[22,8]],[[16,0],[0,66]]]},
"G696": {"type": "Matrix2x2", "payoffs": [[[0,45],[44,0]],[[38,60],[67,95]]]},
"G697": {"type": "Matrix2x2", "payoffs": [[[74,68],[62,67]],[[0,0],[43,46]]]},
"G698": {"type": "Matrix2x2", "payoffs": [[[75,86],[62,34]],[[0,0],[32,22]]]},
"G699": {"type": "Matrix2x2", "payoffs": [[[0,25],[21,38]],[[64,90],[48,0]]]},
"G700": {"type": "Matrix2x2", "payoffs": [[[27,13],[0,1]],[[11,0],[15,10]]]},
"G701": {"type": "Matrix2x2", "payoffs": [[[0,23],[29,0]],[[48,83],[8,50]]]},
"G702": {"type": "Matrix2x2", "payoffs": [[[0,12],[99,16]],[[47,0],[16,13]]]},
"G703": {"type": "Matrix2x2", "payoffs": [[[28,12],[0,0]],[[15,26],[47,40]]]},
"G704": {"type": "Matrix2x2", "payoffs": [[[12,0],[0,2]],[[11,7],[28,11]]]},
"G705": {"type": "Matrix2x2", "payoffs": [[[11,66],[2,60]],[[8,0],[0,58]]]},
"G706": {"type": "Matrix2x2", "payoffs": [[[53,0],[0,26]],[[56,58],[18,47]]]},
"G707": {"type": "Matrix2x2", "payoffs": [[[51,32],[0,14]],[[44,0],[50,29]]]},
"G708": {"type": "Matrix2x2", "payoffs": [[[42,18],[0,0]],[[74,56],[8,43]]]},
"G709": {"type": "Matrix2x2", "payoffs": [[[33,19],[0,0]],[[8,17],[53,33]]]},
"G710": {"type": "Matrix2x2", "payoffs": [[[0,2],[14,0]],[[28,6],[79,12]]]},
"G711": {"type": "Matrix2x2", "payoffs": [[[32,85],[1,43]],[[0,0],[3,15]]]},
"G712": {"type": "Matrix2x2", "payoffs": [[[69,4],[0,0]],[[74,13],[34,10]]]},
"G713": {"type": "Matrix2x2", "payoffs": [[[0,68],[14,76]],[[7,4],[3,0]]]},
"G714": {"type": "Matrix2x2", "payoffs": [[[0,0],[23,37]],[[31,3],[87,40]]]},
"G715": {"type": "Matrix2x2", "payoffs": [[[37,1],[61,3]],[[0,0],[47,2]]]},
"G716": {"type": "Matrix2x2", "payoffs": [[[15,5],[27,0]],[[0,28],[29,32]]]},
"G717": {"type": "Matrix2x2", "payoffs": [[[18,0],[54,66]],[[0,19],[26,40]]]},
"G718": {"type": "Matrix2x2", "payoffs": [[[36,44],[0,26]],[[40,0],[54,49]]]},
"G719": {"type": "Matrix2x2", "payoffs": [[[79,0],[24,7]],[[82,99],[0,91]]]},
"G720": {"type": "Matrix2x2", "payoffs": [[[34,87],[7,58]],[[17,66],[0,0]]]},
"G721": {"type": "Matrix2x2", "payoffs": [[[0,71],[18,85]],[[25,99],[23,0]]]},
"G722": {"type": "Matrix2x2", "payoffs": [[[21,30],[2,0]],[[18,24],[0,28]]]},
"G723": {"type": "Matrix2x2", "payoffs": [[[0,24],[31,0]],[[83,17],[91,31]]]},
"G724": {"type": "Matrix2x2", "payoffs": [[[26,43],[48,16]],[[0,0],[62,74]]]},
"G725": {"type": "Matrix2x2", "payoffs": [[[29,60],[0,58]],[[22,0],[17,36]]]},
"G726": {"type": "Matrix2x2", "payoffs": [[[7,20],[38,19]],[[0,0],[65,24]]]},
"G727": {"type": "Matrix2x2", "payoffs": [[[6,18],[13,31]],[[0,0],[11,28]]]},
"G728": {"type": "Matrix2x2", "payoffs": [[[4,0],[0,2]],[[1,1],[5,3]]]},
"G729": {"type": "Matrix2x2", "payoffs": [[[16,5],[19,37]],[[5,19],[0,0]]]},
"G730": {"type": "Matrix2x2", "payoffs": [[[18,71],[14,0]],[[0,37],[9,14]]]},
"G731": {"type": "Matrix2x2", "payoffs": [[[3,31],[0,32]],[[2,0],[4,47]]]},
"G732": {"type": "Matrix2x2", "payoffs": [[[8,20],[6,0]],[[22,76],[0,46]]]},
"G733": {"type": "Matrix2x2", "payoffs": [[[31,59],[0,19]],[[7,11],[13,0]]]},
"G734": {"type": "Matrix2x2", "payoffs": [[[24,70],[14,67]],[[0,0],[32,95]]]},
"G735": {"type": "Matrix2x2", "payoffs": [[[58,37],[21,12]],[[0,20],[40,0]]]},
"G736": {"type": "Matrix2x2", "payoffs": [[[0,42],[2,39]],[[4,0],[41,43]]]},
"G737": {"type": "Matrix2x2", "payoffs": [[[21,0],[39,37]],[[0,9],[27,27]]]},
"G738": {"type": "Matrix2x2", "payoffs": [[[0,0],[10,4]],[[9,1],[13,6]]]},
"G739": {"type": "Matrix2x2", "payoffs": [[[88,85],[16,0]],[[57,62],[0,28]]]},
"G740": {"type": "Matrix2x2", "payoffs": [[[15,1],[37,3]],[[0,2],[13,0]]]},
"G741": {"type": "Matrix2x2", "payoffs": [[[51,69],[0,0]],[[19,34],[40,21]]]},
"G742": {"type": "Matrix2x2", "payoffs": [[[0,54],[10,0]],[[9,32],[13,79]]]},
"G743": {"type": "Matrix2x2", "payoffs": [[[0,0],[1,20]],[[7,5],[8,30]]]},
"G744": {"type": "Matrix2x2", "payoffs": [[[0,32],[4,10]],[[25,0],[77,85]]]},
"G745": {"type": "Matrix2x2", "payoffs": [[[11,68],[2,0]],[[9,30],[0,60]]]},
"G746": {"type": "Matrix2x2", "payoffs": [[[6,7],[20,13]],[[2,10],[0,0]]]},
"G747": {"type": "Matrix2x2", "payoffs": [[[0,9],[25,0]],[[19,8],[49,24]]]},
"G748": {"type": "Matrix2x2", "payoffs": [[[19,18],[0,0]],[[20,77],[9,39]]]},
"G749": {"type": "Matrix2x2", "payoffs": [[[0,0],[14,25]],[[50,48],[1,28]]]},
"G750": {"type": "Matrix2x2", "payoffs": [[[39,59],[0,0]],[[4,24],[71,97]]]},
"G751": {"type": "Matrix2x2", "payoffs": [[[0,22],[9,29]],[[80,32],[47,0]]]},
"G752": {"type": "Matrix2x2", "payoffs": [[[34,0],[17,31]],[[0,14],[38,71]]]},
"G753": {"type": "Matrix2x2", "payoffs": [[[4,5],[12,48]],[[0,0],[2,15]]]},
"G754": {"type": "Matrix2x2", "payoffs": [[[4,32],[3,0]],[[0,4],[1,21]]]},
"G755": {"type": "Matrix2x2", "payoffs": [[[30,77],[42,98]],[[0,0],[36,74]]]},
"G756": {"type": "Matrix2x2", "payoffs": [[[14,91],[17,95]],[[15,27],[0,0]]]},
"G757": {"type": "Matrix2x2", "payoffs": [[[72,38],[26,35]],[[0,0],[50,17]]]},
"G758": {"type": "Matrix2x2", "payoffs": [[[21,29],[54,69]],[[0,0],[50,62]]]},
"G759": {"type": "Matrix2x2", "payoffs": [[[0,0],[66,83]],[[25,53],[7,1]]]},
"G760": {"type": "Matrix2x2", "payoffs": [[[60,0],[90,32]],[[59,3],[0,9]]]},
"G761": {"type": "Matrix2x2", "payoffs": [[[94,12],[0,10]],[[43,7],[16,0]]]},
"G762": {"type": "Matrix2x2", "payoffs": [[[0,75],[88,86]],[[32,0],[57,72]]]},
"G763": {"type": "Matrix2x2", "payoffs": [[[0,0],[82,11]],[[83,39],[24,1]]]},
"G764": {"type": "Matrix2x2", "payoffs": [[[0,41],[13,35]],[[93,66],[26,0]]]},
"G765": {"type": "Matrix2x2", "payoffs": [[[9,0],[19,98]],[[0,14],[17,61]]]},
"G766": {"type": "Matrix2x2", "payoffs": [[[0,49],[24,38]],[[44,0],[46,79]]]},
"G767": {"type": "Matrix2x2", "payoffs": [[[30,0],[51,39]],[[35,21],[0,13]]]},
"G768": {"type": "Matrix2x2", "payoffs": [[[0,63],[26,53]],[[29,0],[82,70]]]},
"G769": {"type": "Matrix2x2", "payoffs": [[[57,96],[54,51]],[[15,82],[0,0]]]},
"G770": {"type": "Matrix2x2", "payoffs": [[[55,4],[0,2]],[[35,1],[19,0]]]},
"G771": {"type": "Matrix2x2", "payoffs": [[[0,0],[15,1]],[[55,40],[31,4]]]},
"G772": {"type": "Matrix2x2", "payoffs": [[[43,94],[24,0]],[[40,23],[0,42]]]},
"G773": {"type": "Matrix2x2", "payoffs": [[[78,55],[44,13]],[[60,38],[0,0]]]},
"G774": {"type": "Matrix2x2", "payoffs": [[[0,0],[15,6]],[[58,59],[46,43]]]},
"G775": {"type": "Matrix2x2", "payoffs": [[[77,0],[87,36]],[[0,22],[71,10]]]},
"G776": {"type": "Matrix2x2", "payoffs": [[[0,0],[21,4]],[[22,27],[13,24]]]},
"G777": {"type": "Matrix2x2", "payoffs": [[[0,0],[7,85]],[[1,87],[9,90]]]},
"G778": {"type": "Matrix2x2", "payoffs": [[[50,29],[3,0]],[[0,36],[97,60]]]},
"G779": {"type": "Matrix2x2", "payoffs": [[[24,0],[26,97]],[[13,71],[0,6]]]},
"G780": {"type": "Matrix2x2", "payoffs": [[[0,0],[47,10]],[[6,6],[72,17]]]},
"G781": {"type": "Matrix2x2", "payoffs": [[[0,9],[19,0]],[[81,42],[50,13]]]},
"G782": {"type": "Matrix2x2", "payoffs": [[[81,28],[0,22]],[[84,51],[75,0]]]},
"G783": {"type": "Matrix2x2", "payoffs": [[[0,0],[4,99]],[[1,83],[3,16]]]},
"G784": {"type": "Matrix2x2", "payoffs": [[[21,0],[65,41]],[[41,20],[0,28]]]},
"G785": {"type": "Matrix2x2", "payoffs": [[[19,17],[5,0]],[[6,1],[0,9]]]},
"G786": {"type": "Matrix2x2", "payoffs": [[[73,98],[39,80]],[[0,17],[29,0]]]},
"G787": {"type": "Matrix2x2", "payoffs": [[[39,82],[0,62]],[[16,81],[36,0]]]},
"G788": {"type": "Matrix2x2", "payoffs": [[[0,0],[19,29]],[[97,42],[43,13]]]},
"G789": {"type": "Matrix2x2", "payoffs": [[[30,9],[0,46]],[[37,0],[45,87]]]},
"G790": {"type": "Matrix2x2", "payoffs": [[[30,4],[0,0]],[[57,6],[5,5]]]},
"G791": {"type": "Matrix2x2", "payoffs": [[[10,0],[0,53]],[[12,84],[2,66]]]},
"G792": {"type": "Matrix2x2", "payoffs": [[[24,14],[52,33]],[[40,24],[0,0]]]},
"G793": {"type": "Matrix2x2", "payoffs": [[[11,0],[37,86]],[[0,23],[19,85]]]},
"G794": {"type": "Matrix2x2", "payoffs": [[[38,0],[0,14]],[[74,36],[23,20]]]},
"G795": {"type": "Matrix2x2", "payoffs": [[[47,28],[41,0]],[[0,45],[86,58]]]},
"G796": {"type": "Matrix2x2", "payoffs": [[[0,0],[37,7]],[[67,5],[79,11]]]},
"G797": {"type": "Matrix2x2", "payoffs": [[[0,13],[1,63]],[[3,76],[2,0]]]},
"G798": {"type": "Matrix2x2", "payoffs": [[[63,26],[4,2]],[[9,14],[0,0]]]},
"G799": {"type": "Matrix2x2", "payoffs": [[[53,73],[31,0]],[[50,56],[0,36]]]},
"G800": {"type": "Matrix2x2", "payoffs": [[[0,47],[52,67]],[[27,15],[12,0]]]},
"G801": {"type": "Matrix2x2", "payoffs": [[[17,19],[0,1]],[[82,20],[67,0]]]},
"G802": {"type": "Matrix2x2", "payoffs": [[[0,40],[54,0]],[[28,29],[100,71]]]},
"G803": {"type": "Matrix2x2", "payoffs": [[[12,0],[20,43]],[[0,46],[60,52]]]},
"G804": {"type": "Matrix2x2", "payoffs": [[[6,0],[29,48]],[[10,30],[0,40]]]},
"G805": {"type": "Matrix2x2", "payoffs": [[[48,0],[0,30]],[[78,40],[30,16]]]},
"G806": {"type": "Matrix2x2", "payoffs": [[[6,0],[7,22]],[[49,62],[0,12]]]},
"G807": {"type": "Matrix2x2", "payoffs": [[[0,6],[4,0]],[[1,4],[8,9]]]},
"G808": {"type": "Matrix2x2", "payoffs": [[[20,82],[10,2]],[[0,0],[16,13]]]},
"G809": {"type": "Matrix2x2", "payoffs": [[[50,4],[0,0]],[[19,18],[73,80]]]},
"G810": {"type": "Matrix2x2", "payoffs": [[[42,0],[0,8]],[[61,44],[73,80]]]},
"G811": {"type": "Matrix2x2", "payoffs": [[[14,13],[5,0]],[[0,41],[25,99]]]},
"G812": {"type": "Matrix2x2", "payoffs": [[[32,0],[0,13]],[[35,25],[31,2]]]},
"G813": {"type": "Matrix2x2", "payoffs": [[[12,0],[7,52]],[[16,82],[0,57]]]},
"G814": {"type": "Matrix2x2", "payoffs": [[[28,16],[24,0]],[[0,33],[68,67]]]},
"G815": {"type": "Matrix2x2", "payoffs": [[[2,28],[0,0]],[[20,38],[29,43]]]},
"G816": {"type": "Matrix2x2", "payoffs": [[[0,38],[29,0]],[[28,1],[54,59]]]},
"G817": {"type": "Matrix2x2", "payoffs": [[[59,21],[62,0]],[[0,36],[67,46]]]},
"G818": {"type": "Matrix2x2", "payoffs": [[[19,22],[0,0]],[[13,10],[37,46]]]},
"G819": {"type": "Matrix2x2", "payoffs": [[[0,0],[26,86]],[[29,43],[50,96]]]},
"G820": {"type": "Matrix2x2", "payoffs": [[[0,11],[57,67]],[[5,0],[34,43]]]},
"G821": {"type": "Matrix2x2", "payoffs": [[[75,6],[0,1]],[[47,0],[56,2]]]},
"G822": {"type": "Matrix2x2", "payoffs": [[[0,4],[5,28]],[[3,23],[2,0]]]},
"G823": {"type": "Matrix2x2", "payoffs": [[[52,0],[10,16]],[[0,15],[53,35]]]},
"G824": {"type": "Matrix2x2", "payoffs": [[[46,8],[75,14]],[[66,13],[0,0]]]},
"G825": {"type": "Matrix2x2", "payoffs": [[[0,41],[51,0]],[[73,51],[67,35]]]},
"G826": {"type": "Matrix2x2", "payoffs": [[[28,24],[64,44]],[[0,0],[83,62]]]},
"G827": {"type": "Matrix2x2", "payoffs": [[[36,62],[0,58]],[[91,83],[59,0]]]},
"G828": {"type": "Matrix2x2", "payoffs": [[[29,5],[56,78]],[[18,3],[0,0]]]},
"G829": {"type": "Matrix2x2", "payoffs": [[[65,70],[42,40]],[[28,0],[0,52]]]},
"G830": {"type": "Matrix2x2", "payoffs": [[[31,31],[53,32]],[[0,0],[46,11]]]},
"G831": {"type": "Matrix2x2", "payoffs": [[[0,8],[31,0]],[[49,9],[39,2]]]},
"G832": {"type": "Matrix2x2", "payoffs": [[[75,27],[0,10]],[[59,0],[5,22]]]},
"G833": {"type": "Matrix2x2", "payoffs": [[[64,16],[45,2]],[[0,7],[62,0]]]},
"G834": {"type": "Matrix2x2", "payoffs": [[[4,26],[16,0]],[[0,3],[19,42]]]},
"G835": {"type": "Matrix2x2", "payoffs": [[[4,74],[0,66]],[[3,0],[2,38]]]},
"G836": {"type": "Matrix2x2", "payoffs": [[[69,97],[38,0]],[[1,16],[0,2]]]},
"G837": {"type": "Matrix2x2", "payoffs": [[[0,13],[75,15]],[[24,0],[97,20]]]},
"G838": {"type": "Matrix2x2", "payoffs": [[[62,0],[84,78]],[[0,62],[30,5]]]},
"G839": {"type": "Matrix2x2", "payoffs": [[[41,21],[25,5]],[[17,19],[0,0]]]},
"G840": {"type": "Matrix2x2", "payoffs": [[[14,56],[0,29]],[[11,0],[7,4]]]},
"G841": {"type": "Matrix2x2", "payoffs": [[[0,0],[10,7]],[[11,1],[22,17]]]},
"G842": {"type": "Matrix2x2", "payoffs": [[[3,0],[2,53]],[[4,77],[0,4]]]},
"G843": {"type": "Matrix2x2", "payoffs": [[[52,12],[21,15]],[[69,42],[0,0]]]},
"G844": {"type": "Matrix2x2", "payoffs": [[[0,0],[14,9]],[[12,8],[6,6]]]},
"G845": {"type": "Matrix2x2", "payoffs": [[[99,81],[81,0]],[[0,32],[90,2]]]},
"G846": {"type": "Matrix2x2", "payoffs": [[[0,3],[57,0]],[[16,4],[58,7]]]},
"G847": {"type": "Matrix2x2", "payoffs": [[[19,68],[26,96]],[[0,0],[8,84]]]},
"G848": {"type": "Matrix2x2", "payoffs": [[[75,10],[67,5]],[[16,0],[0,9]]]},
"G849": {"type": "Matrix2x2", "payoffs": [[[92,67],[31,40]],[[32,0],[0,20]]]},
"G850": {"type": "Matrix2x2", "payoffs": [[[28,3],[0,0]],[[25,2],[7,1]]]},
"G851": {"type": "Matrix2x2", "payoffs": [[[25,27],[21,0]],[[0,16],[3,10]]]},
"G852": {"type": "Matrix2x2", "payoffs": [[[0,0],[3,62]],[[2,6],[1,41]]]},
"G853": {"type": "Matrix2x2", "payoffs": [[[52,0],[37,2]],[[0,5],[63,7]]]},
"G854": {"type": "Matrix2x2", "payoffs": [[[0,29],[62,30]],[[20,18],[1,0]]]},
"G855": {"type": "Matrix2x2", "payoffs": [[[0,11],[44,28]],[[38,0],[13,15]]]},
"G856": {"type": "Matrix2x2", "payoffs": [[[5,12],[15,50]],[[0,0],[25,74]]]},
"G857": {"type": "Matrix2x2", "payoffs": [[[0,11],[76,14]],[[26,1],[17,0]]]},
"G858": {"type": "Matrix2x2", "payoffs": [[[95,100],[0,65]],[[63,0],[51,79]]]},
"G859": {"type": "Matrix2x2", "payoffs": [[[85,21],[71,15]],[[0,9],[58,0]]]},
"G860": {"type": "Matrix2x2", "payoffs": [[[7,27],[0,5]],[[2,0],[3,24]]]},
"G861": {"type": "Matrix2x2", "payoffs": [[[0,0],[68,29]],[[94,37],[7,18]]]},
"G862": {"type": "Matrix2x2", "payoffs": [[[13,31],[0,32]],[[51,0],[59,45]]]},
"G863": {"type": "Matrix2x2", "payoffs": [[[30,24],[55,0]],[[70,32],[0,9]]]},
"G864": {"type": "Matrix2x2", "payoffs": [[[44,27],[0,26]],[[31,0],[64,72]]]},
"G865": {"type": "Matrix2x2", "payoffs": [[[34,3],[0,0]],[[23,58],[38,81]]]},
"G866": {"type": "Matrix2x2", "payoffs": [[[48,44],[45,0]],[[0,96],[56,99]]]},
"G867": {"type": "Matrix2x2", "payoffs": [[[48,32],[10,6]],[[50,42],[0,0]]]},
"G868": {"type": "Matrix2x2", "payoffs": [[[0,10],[15,0]],[[47,33],[40,19]]]},
"G869": {"type": "Matrix2x2", "payoffs": [[[78,0],[37,2]],[[0,1],[84,6]]]},
"G870": {"type": "Matrix2x2", "payoffs": [[[13,25],[0,14]],[[42,33],[23,0]]]},
"G871": {"type": "Matrix2x2", "payoffs": [[[0,5],[65,0]],[[82,6],[57,3]]]},
"G872": {"type": "Matrix2x2", "payoffs": [[[31,8],[20,0]],[[33,60],[0,47]]]},
"G873": {"type": "Matrix2x2", "payoffs": [[[0,9],[13,0]],[[16,57],[17,68]]]},
"G874": {"type": "Matrix2x2", "payoffs": [[[45,63],[73,86]],[[0,85],[26,0]]]},
"G875": {"type": "Matrix2x2", "payoffs": [[[0,0],[3,24]],[[4,38],[2,35]]]},
"G876": {"type": "Matrix2x2", "payoffs": [[[94,28],[44,3]],[[0,0],[47,9]]]},
"G877": {"type": "Matrix2x2", "payoffs": [[[26,0],[73,23]],[[0,24],[94,27]]]},
"G878": {"type": "Matrix2x2", "payoffs": [[[0,0],[23,28]],[[30,34],[15,2]]]},
"G879": {"type": "Matrix2x2", "payoffs": [[[43,4],[62,47]],[[50,0],[0,22]]]},
"G880": {"type": "Matrix2x2", "payoffs": [[[71,71],[0,0]],[[64,59],[70,17]]]},
"G881": {"type": "Matrix2x2", "payoffs": [[[11,7],[0,0]],[[9,1],[3,3]]]},
"G882": {"type": "Matrix2x2", "payoffs": [[[52,81],[0,0]],[[50,67],[35,80]]]},
"G883": {"type": "Matrix2x2", "payoffs": [[[61,72],[0,0]],[[96,49],[97,92]]]},
"G884": {"type": "Matrix2x2", "payoffs": [[[61,46],[0,16]],[[47,10],[45,0]]]},
"G885": {"type": "Matrix2x2", "payoffs": [[[0,6],[1,0]],[[6,48],[10,52]]]},
"G886": {"type": "Matrix2x2", "payoffs": [[[0,87],[15,66]],[[65,89],[36,0]]]},
"G887": {"type": "Matrix2x2", "payoffs": [[[47,0],[51,64]],[[28,11],[0,63]]]},
"G888": {"type": "Matrix2x2", "payoffs": [[[23,69],[20,21]],[[0,0],[11,10]]]},
"G889": {"type": "Matrix2x2", "payoffs": [[[68,0],[49,17]],[[0,32],[79,34]]]},
"G890": {"type": "Matrix2x2", "payoffs": [[[0,30],[43,81]],[[15,50],[40,0]]]},
"G891": {"type": "Matrix2x2", "payoffs": [[[89,14],[32,4]],[[0,10],[28,0]]]},
"G892": {"type": "Matrix2x2", "payoffs": [[[0,0],[4,82]],[[3,8],[2,46]]]},
"G893": {"type": "Matrix2x2", "payoffs": [[[0,0],[26,60]],[[3,1],[1,53]]]},
"G894": {"type": "Matrix2x2", "payoffs": [[[11,0],[20,44]],[[0,37],[19,18]]]},
"G895": {"type": "Matrix2x2", "payoffs": [[[0,0],[9,9]],[[8,5],[13,51]]]},
"G896": {"type": "Matrix2x2", "payoffs": [[[10,0],[15,70]],[[14,16],[0,66]]]},
"G897": {"type": "Matrix2x2", "payoffs": [[[90,68],[49,0]],[[17,47],[0,30]]]},
"G898": {"type": "Matrix2x2", "payoffs": [[[42,0],[44,55]],[[27,3],[0,47]]]},
"G899": {"type": "Matrix2x2", "payoffs": [[[0,0],[3,2]],[[13,63],[9,39]]]},
"G900": {"type": "Matrix2x2", "payoffs": [[[33,8],[30,1]],[[0,0],[9,6]]]},
"G901": {"type": "Matrix2x2", "payoffs": [[[65,85],[0,22]],[[39,71],[11,0]]]},
"G902": {"type": "Matrix2x2", "payoffs": [[[38,83],[0,0]],[[23,10],[19,3]]]},
"G903": {"type": "Matrix2x2", "payoffs": [[[60,5],[73,6]],[[0,2],[72,0]]]},
"G904": {"type": "Matrix2x2", "payoffs": [[[12,0],[0,42]],[[7,37],[13,72]]]},
"G905": {"type": "Matrix2x2", "payoffs": [[[1,16],[0,0]],[[4,7],[15,20]]]},
"G906": {"type": "Matrix2x2", "payoffs": [[[0,0],[5,41]],[[50,52],[95,100]]]},
"G907": {"type": "Matrix2x2", "payoffs": [[[10,0],[72,74]],[[0,14],[54,52]]]},
"G908": {"type": "Matrix2x2", "payoffs": [[[0,0],[45,3]],[[41,1],[44,2]]]},
"G909": {"type": "Matrix2x2", "payoffs": [[[9,2],[31,0]],[[71,37],[0,18]]]},
"G910": {"type": "Matrix2x2", "payoffs": [[[0,12],[5,3]],[[9,20],[2,0]]]},
"G911": {"type": "Matrix2x2", "payoffs": [[[0,10],[16,0]],[[53,50],[60,51]]]},
"G912": {"type": "Matrix2x2", "payoffs": [[[0,2],[25,0]],[[88,78],[9,44]]]},
"G913": {"type": "Matrix2x2", "payoffs": [[[13,47],[0,41]],[[46,0],[80,72]]]},
"G914": {"type": "Matrix2x2", "payoffs": [[[14,10],[0,0]],[[16,23],[3,22]]]},
"G915": {"type": "Matrix2x2", "payoffs": [[[83,42],[30,17]],[[0,7],[56,0]]]},
"G916": {"type": "Matrix2x2", "payoffs": [[[6,0],[37,52]],[[29,41],[0,34]]]},
"G917": {"type": "Matrix2x2", "payoffs": [[[40,43],[14,36]],[[22,7],[0,0]]]},
"G918": {"type": "Matrix2x2", "payoffs": [[[0,18],[1,70]],[[2,0],[50,72]]]},
"G919": {"type": "Matrix2x2", "payoffs": [[[82,16],[87,94]],[[0,76],[66,0]]]},
"G920": {"type": "Matrix2x2", "payoffs": [[[25,12],[0,7]],[[36,0],[93,19]]]},
"G921": {"type": "Matrix2x2", "payoffs": [[[0,34],[50,36]],[[60,45],[8,0]]]},
"G922": {"type": "Matrix2x2", "payoffs": [[[55,43],[14,20]],[[0,0],[8,8]]]},
"G923": {"type": "Matrix2x2", "payoffs": [[[23,0],[37,41]],[[0,28],[39,75]]]},
"G924": {"type": "Matrix2x2", "payoffs": [[[60,59],[45,0]],[[7,5],[0,6]]]},
"G925": {"type": "Matrix2x2", "payoffs": [[[52,17],[44,15]],[[6,0],[0,7]]]},
"G926": {"type": "Matrix2x2", "payoffs": [[[1,13],[3,82]],[[0,0],[2,53]]]},
"G927": {"type": "Matrix2x2", "payoffs": [[[90,57],[7,31]],[[81,0],[0,45]]]},
"G928": {"type": "Matrix2x2", "payoffs": [[[0,74],[10,0]],[[4,3],[12,89]]]},
"G929": {"type": "Matrix2x2", "payoffs": [[[28,2],[20,0]],[[36,81],[0,6]]]},
"G930": {"type": "Matrix2x2", "payoffs": [[[18,0],[32,1]],[[0,3],[54,45]]]},
"G931": {"type": "Matrix2x2", "payoffs": [[[1,57],[17,88]],[[13,0],[0,66]]]},
"G932": {"type": "Matrix2x2", "payoffs": [[[72,62],[0,0]],[[24,37],[1,44]]]},
"G933": {"type": "Matrix2x2", "payoffs": [[[28,72],[0,70]],[[22,0],[24,21]]]},
"G934": {"type": "Matrix2x2", "payoffs": [[[95,50],[1,0]],[[0,5],[48,8]]]},
"G935": {"type": "Matrix2x2", "payoffs": [[[71,36],[94,81]],[[0,29],[39,0]]]},
"G936": {"type": "Matrix2x2", "payoffs": [[[27,44],[0,0]],[[11,40],[24,10]]]},
"G937": {"type": "Matrix2x2", "payoffs": [[[23,45],[77,0]],[[0,70],[96,90]]]},
"G938": {"type": "Matrix2x2", "payoffs": [[[9,0],[11,35]],[[6,21],[0,1]]]},
"G939": {"type": "Matrix2x2", "payoffs": [[[42,6],[91,23]],[[7,17],[0,0]]]},
"G940": {"type": "Matrix2x2", "payoffs": [[[8,3],[0,0]],[[47,5],[52,7]]]},
"G941": {"type": "Matrix2x2", "payoffs": [[[20,2],[69,7]],[[33,6],[0,0]]]},
"G942": {"type": "Matrix2x2", "payoffs": [[[0,42],[23,0]],[[75,39],[92,45]]]},
"G943": {"type": "Matrix2x2", "payoffs": [[[0,0],[18,83]],[[3,28],[47,86]]]},
"G944": {"type": "Matrix2x2", "payoffs": [[[79,36],[0,20]],[[44,0],[77,29]]]},
"G945": {"type": "Matrix2x2", "payoffs": [[[0,0],[17,43]],[[1,12],[16,34]]]},
"G946": {"type": "Matrix2x2", "payoffs": [[[25,20],[42,2]],[[61,56],[0,0]]]},
"G947": {"type": "Matrix2x2", "payoffs": [[[8,4],[3,7]],[[9,9],[0,0]]]},
"G948": {"type": "Matrix2x2", "payoffs": [[[0,31],[3,54]],[[2,21],[1,0]]]},
"G949": {"type": "Matrix2x2", "payoffs": [[[56,23],[77,81]],[[0,0],[14,33]]]},
"G950": {"type": "Matrix2x2", "payoffs": [[[0,50],[4,0]],[[27,74],[3,70]]]},
"G951": {"type": "Matrix2x2", "payoffs": [[[18,3],[15,0]],[[75,20],[0,17]]]},
"G952": {"type": "Matrix2x2", "payoffs": [[[30,16],[96,94]],[[70,77],[0,0]]]},
"G953": {"type": "Matrix2x2", "payoffs": [[[13,0],[86,93]],[[78,92],[0,67]]]},
"G954": {"type": "Matrix2x2", "payoffs": [[[98,91],[0,67]],[[40,0],[22,22]]]},
"G955": {"type": "Matrix2x2", "payoffs": [[[80,67],[5,0]],[[0,40],[61,44]]]},
"G956": {"type": "Matrix2x2", "payoffs": [[[16,0],[29,47]],[[0,46],[23,36]]]},
"G957": {"type": "Matrix2x2", "payoffs": [[[1,6],[0,0]],[[18,2],[21,11]]]},
"G958": {"type": "Matrix2x2", "payoffs": [[[43,0],[42,16]],[[0,4],[84,20]]]},
"G959": {"type": "Matrix2x2", "payoffs": [[[2,19],[0,0]],[[3,64],[8,94]]]},
"G960": {"type": "Matrix2x2", "payoffs": [[[4,0],[13,29]],[[21,30],[0,13]]]},
"G961": {"type": "Matrix2x2", "payoffs": [[[0,2],[1,10]],[[4,0],[7,14]]]},
"G962": {"type": "Matrix2x2", "payoffs": [[[0,0],[16,22]],[[37,65],[18,27]]]},
"G963": {"type": "Matrix2x2", "payoffs": [[[14,17],[19,34]],[[17,0],[0,20]]]},
"G964": {"type": "Matrix2x2", "payoffs": [[[34,0],[77,27]],[[11,25],[0,4]]]},
"G965": {"type": "Matrix2x2", "payoffs": [[[0,21],[67,0]],[[33,26],[78,100]]]},
"G966": {"type": "Matrix2x2", "payoffs": [[[14,40],[0,0]],[[5,73],[33,84]]]},
"G967": {"type": "Matrix2x2", "payoffs": [[[61,26],[86,51]],[[0,0],[19,25]]]},
"G968": {"type": "Matrix2x2", "payoffs": [[[37,0],[6,63]],[[38,95],[0,41]]]},
"G969": {"type": "Matrix2x2", "payoffs": [[[30,0],[80,72]],[[26,43],[0,40]]]},
"G970": {"type": "Matrix2x2", "payoffs": [[[84,3],[0,2]],[[39,0],[64,1]]]},
"G971": {"type": "Matrix2x2", "payoffs": [[[0,4],[7,0]],[[3,1],[27,8]]]},
"G972": {"type": "Matrix2x2", "payoffs": [[[1,0],[3,33]],[[0,30],[2,29]]]},
"G973": {"type": "Matrix2x2", "payoffs": [[[30,35],[8,0]],[[26,6],[0,13]]]},
"G974": {"type": "Matrix2x2", "payoffs": [[[58,31],[43,0]],[[0,17],[10,12]]]},
"G975": {"type": "Matrix2x2", "payoffs": [[[32,0],[65,51]],[[10,20],[0,2]]]},
"G976": {"type": "Matrix2x2", "payoffs": [[[33,52],[5,0]],[[0,24],[13,51]]]},
"G977": {"type": "Matrix2x2", "payoffs": [[[0,36],[85,53]],[[77,0],[94,54]]]},
"G978": {"type": "Matrix2x2", "payoffs": [[[20,33],[14,28]],[[3,0],[0,3]]]},
"G979": {"type": "Matrix2x2", "payoffs": [[[12,9],[19,11]],[[6,5],[0,0]]]},
"G980": {"type": "Matrix2x2", "payoffs": [[[29,63],[0,62]],[[22,0],[8,13]]]},
"G981": {"type": "Matrix2x2", "payoffs": [[[83,43],[42,30]],[[0,0],[71,35]]]},
"G982": {"type": "Matrix2x2", "payoffs": [[[0,2],[66,17]],[[3,7],[10,0]]]},
"G983": {"type": "Matrix2x2", "payoffs": [[[0,33],[82,88]],[[66,0],[53,37]]]},
"G984": {"type": "Matrix2x2", "payoffs": [[[23,0],[0,30]],[[34,71],[22,64]]]},
"G985": {"type": "Matrix2x2", "payoffs": [[[0,11],[33,0]],[[51,3],[86,14]]]},
"G986": {"type": "Matrix2x2", "payoffs": [[[92,40],[0,35]],[[2,0],[32,19]]]},
"G987": {"type": "Matrix2x2", "payoffs": [[[9,45],[0,38]],[[17,49],[3,0]]]},
"G988": {"type": "Matrix2x2", "payoffs": [[[49,2],[8,0]],[[0,4],[88,5]]]},
"G989": {"type": "Matrix2x2", "payoffs": [[[23,61],[0,14]],[[30,70],[28,0]]]},
"G990": {"type": "Matrix2x2", "payoffs": [[[90,0],[91,56]],[[2,4],[0,30]]]},
"G991": {"type": "Matrix2x2", "payoffs": [[[27,29],[0,3]],[[32,55],[23,0]]]},
"G992": {"type": "Matrix2x2", "payoffs": [[[18,7],[0,2]],[[100,8],[31,0]]]},
"G993": {"type": "Matrix2x2", "payoffs": [[[0,22],[21,3]],[[46,0],[53,24]]]},
"G994": {"type": "Matrix2x2", "payoffs": [[[27,39],[23,81]],[[66,87],[0,0]]]},
"G995": {"type": "Matrix2x2", "payoffs": [[[28,27],[17,0]],[[0,48],[56,50]]]},
"G996": {"type": "Matrix2x2", "payoffs": [[[74,33],[0,0]],[[100,35],[23,15]]]},
"G997": {"type": "Matrix2x2", "payoffs": [[[50,8],[65,39]],[[0,0],[28,6]]]},
"G998": {"type": "Matrix2x2", "payoffs": [[[49,85],[16,0]],[[21,79],[0,8]]]},
"G999": {"type": "Matrix2x2", "payoffs": [[[33,0],[0,10]],[[35,90],[7,28]]]},
"G1000": {"type": "Matrix2x2", "payoffs": [[[60,62],[67,87]],[[22,56],[0,0]]]}
}