{
"numGames": 100,
"G1": {"type": "Matrix2x2", "payoffs": [[[0,0],[7,7]],[[1,24],[20,25]]]},
"G2": {"type": "Matrix2x2", "payoffs": [[[0,10],[73,13]],[[51,0],[66,7]]]},
"G3": {"type": "Matrix2x2", "payoffs": [[[9,69],[0,11]],[[87,71],[51,0]]]},
"G4": {"type": "Matrix2x2", "payoffs": [[[0,38],[7,59]],[[3,15],[4,0]]]},
"G5": {"type": "Matrix2x2", "payoffs": [[[2,9],[17,14]],[[9,4],[0,0]]]},
"G6": {"type": "Matrix2x2", "payoffs": [[[9,3],[0,0]],[[20,15],[19,6]]]},
"G7": {"type": "Matrix2x2", "payoffs": [[[0,17],[14,0]],[[32,50],[5,16]]]},
"G8": {"type": "Matrix2x2", "payoffs": [[[19,0],[0,6]],[[23,1],[24,8]]]},
"G9": {"type": "Matrix2x2", "payoffs": [[[46,7],[26,4]],[[0,5],[38,0]]]},
"G10": {"type": "Matrix2x2", "payoffs": [[[50,0],[0,20]],[[77,38],[25,1]]]},
"G11": {"type": "Matrix2x2", "payoffs": [[[4,37],[53,46]],[[45,0],[0,11]]]},
"G12": {"type": "Matrix2x2", "payoffs": [[[47,82],[50,0]],[[0,18],[93,100]]]},
"G13": {"type": "Matrix2x2", "payoffs": [[[12,65],[0,4]],[[7,0],[8,47]]]},
"G14": {"type": "Matrix2x2", "payoffs": [[[11,0],[8,65]],[[0,28],[25,83]]]},
"G15": {"type": "Matrix2x2", "payoffs": [[[73,64],[35,27]],[[0,33],[47,0]]]},
"G16": {"type": "Matrix2x2", "payoffs": [[[9,1],[44,7]],[[57,31],[0,0]]]},
"G17": {"type": "Matrix2x2", "payoffs": [[[87,8],[68,4]],[[0,0],[63,1]]]},
"G18": {"type": "Matrix2x2", "payoffs": [[[0,3],[66,9]],[[4,0],[51,4]]]},
"G19": {"type": "Matrix2x2", "payoffs": [[[10,94],[40,25]],[[97,97],[0,0]]]},
"G20": {"type": "Matrix2x2", "payoffs": [[[0,84],[27,0]],[[42,93],[9,83]]]},
"G21": {"type": "Matrix2x2", "payoffs": [[[0,11],[94,33]],[[76,0],[35,6]]]},
"G22": {"type": "Matrix2x2", "payoffs": [[[0,0],[5,22]],[[3,31],[46,50]]]},
"G23": {"type": "Matrix2x2", "payoffs": [[[0,0],[31,13]],[[25,61],[39,95]]]},
"G24": {"type": "Matrix2x2", "payoffs": [[[1,0],[0,11]],[[5,22],[3,14]]]},
"G25": {"type": "Matrix2x2", "payoffs": [[[0,3],[30,38]],[[4,35],[17,0]]]},
"G26": {"type": "Matrix2x2", "payoffs": [[[0,0],[27,73]],[[18,31],[16,30]]]},
"G27": {"type": "Matrix2x2", "payoffs": [[[0,1],[76,13]],[[45,7],[43,0]]]},
"G28": {"type": "Matrix2x2", "payoffs": [[[0,0],[27,52]],[[37,37],[55,88]]]},
"G29": {"type": "Matrix2x2", "payoffs": [[[35,85],[0,41]],[[11,0],[31,19]]]},
"G30": {"type": "Matrix2x2", "payoffs": [[[0,36],[30,25]],[[35,91],[4,0]]]},
"G31": {"type": "Matrix2x2", "payoffs": [[[12,92],[74,94]],[[95,96],[0,0]]]},
"G32": {"type": "Matrix2x2", "payoffs": [[[6,0],[5,5]],[[7,35],[0,26]]]},
"G33": {"type": "Matrix2x2", "payoffs": [[[0,34],[18,35]],[[17,0],[28,52]]]},
"G34": {"type": "Matrix2x2", "payoffs": [[[49,0],[31,51]],[[57,62],[0,53]]]},
"G35": {"type": "Matrix2x2", "payoffs": [[[73,84],[52,76]],[[0,51],[43,0]]]},
"G36": {"type": "Matrix2x2", "payoffs": [[[8,45],[4,25]],[[6,18],[0,0]]]},
"G37": {"type": "Matrix2x2", "payoffs": [[[22,67],[0,25]],[[14,34],[2,0]]]},
"G38": {"type": "Matrix2x2", "payoffs": [[[4,59],[5,94]],[[2,21],[0,0]]]},
"G39": {"type": "Matrix2x2", "payoffs": [[[25,0],[0,10]],[[18,47],[32,54]]]},
"G40": {"type": "Matrix2x2", "payoffs": [[[30,13],[0,19]],[[17,0],[79,30]]]},
"G41": {"type": "Matrix2x2", "payoffs": [[[22,20],[3,0]],[[7,8],[0,13]]]},
"G42": {"type": "Matrix2x2", "payoffs": [[[65,0],[75,60]],[[54,14],[0,48]]]},
"G43": {"type": "Matrix2x2", "payoffs": [[[0,17],[35,36]],[[16,7],[32,0]]]},
"G44": {"type": "Matrix2x2", "payoffs": [[[12,6],[0,2]],[[8,0],[50,14]]]},
"G45": {"type": "Matrix2x2", "payoffs": [[[0,32],[24,51]],[[33,55],[18,0]]]},
"G46": {"type": "Matrix2x2", "payoffs": [[[0,5],[60,10]],[[44,8],[22,0]]]},
"G47": {"type": "Matrix2x2", "payoffs": [[[17,0],[96,15]],[[3,9],[0,12]]]},
"G48": {"type": "Matrix2x2", "payoffs": [[[0,6],[75,0]],[[77,33],[66,13]]]},
"G49": {"type": "Matrix2x2", "payoffs": [[[6,8],[13,51]],[[0,0],[12,35]]]},
"G50": {"type": "Matrix2x2", "payoffs": [[[0,3],[12,24]],[[8,0],[14,36]]]},
"G51": {"type": "Matrix2x2", "payoffs": [[[68,0],[80,47]],[[48,20],[0,34]]]},
"G52": {"type": "Matrix2x2", "payoffs": [[[12,27],[0,0]],[[2,18],[86,34]]]},
"G53": {"type": "Matrix2x2", "payoffs": [[[14,15],[13,0]],[[0,9],[2,14]]]},
"G54": {"type": "Matrix2x2", "payoffs": [[[73,15],[0,0]],[[58,33],[96,61]]]},
"G55": {"type": "Matrix2x2", "payoffs": [[[98,67],[58,43]],[[37,0],[0,62]]]},
"G56": {"type": "Matrix2x2", "payoffs": [[[14,0],[0,4]],[[9,95],[96,98]]]},
"G57": {"type": "Matrix2x2", "payoffs": [[[56,45],[16,0]],[[0,14],[24,35]]]},
"G58": {"type": "Matrix2x2", "payoffs": [[[25,98],[6,55]],[[10,81],[0,0]]]},
"G59": {"type": "Matrix2x2", "payoffs": [[[11,0],[17,13]],[[19,51],[0,42]]]},
"G60": {"type": "Matrix2x2", "payoffs": [[[0,43],[47,20]],[[62,89],[9,0]]]},
"G61": {"type": "Matrix2x2", "payoffs": [[[79,73],[69,39]],[[0,0],[27,28]]]},
"G62": {"type": "Matrix2x2", "payoffs": [[[86,44],[83,25]],[[23,17],[0,0]]]},
"G63": {"type": "Matrix2x2", "payoffs": [[[86,38],[0,23]],[[70,22],[20,0]]]},
"G64": {"type": "Matrix2x2", "payoffs": [[[30,16],[1,1]],[[0,2],[28,0]]]},
"G65": {"type": "Matrix2x2", "payoffs": [[[0,0],[15,10]],[[89,33],[40,18]]]},
"G66": {"type": "Matrix2x2", "payoffs": [[[4,0],[0,16]],[[23,80],[12,74]]]},
"G67": {"type": "Matrix2x2", "payoffs": [[[14,71],[7,37]],[[8,0],[0,11]]]},
"G68": {"type": "Matrix2x2", "payoffs": [[[46,37],[40,0]],[[0,2],[38,28]]]},
"G69": {"type": "Matrix2x2", "payoffs": [[[0,12],[37,0]],[[23,63],[58,65]]]},
"G70": {"type": "Matrix2x2", "payoffs": [[[88,23],[0,9]],[[9,21],[14,0]]]},
"G71": {"type": "Matrix2x2", "payoffs": [[[43,19],[96,23]],[[0,0],[36,10]]]},
"G72": {"type": "Matrix2x2", "payoffs": [[[9,51],[6,0]],[[4,4],[0,12]]]},
"G73": {"type": "Matrix2x2", "payoffs": [[[62,88],[0,66]],[[55,7],[14,0]]]},
"G74": {"type": "Matrix2x2", "payoffs": [[[0,2],[10,0]],[[30,29],[36,30]]]},
"G75": {"type": "Matrix2x2", "payoffs": [[[24,0],[85,91]],[[11,29],[0,33]]]},
"G76": {"type": "Matrix2x2", "payoffs": [[[14,4],[7,1]],[[0,3],[11,0]]]},
"G77": {"type": "Matrix2x2", "payoffs": [[[0,0],[5,5]],[[8,96],[7,9]]]},
"G78": {"type": "Matrix2x2", "payoffs": [[[0,0],[87,26]],[[4,24],[1,14]]]},
"G79": {"type": "Matrix2x2", "payoffs": [[[42,28],[0,20]],[[29,27],[34,0]]]},
"G80": {"type": "Matrix2x2", "payoffs": [[[34,15],[73,11]],[[87,20],[0,0]]]},
"G81": {"type": "Matrix2x2", "payoffs": [[[2,0],[0,16]],[[63,35],[86,97]]]},
"G82": {"type": "Matrix2x2", "payoffs": [[[7,21],[6,14]],[[0,0],[12,23]]]},
"G83": {"type": "Matrix2x2", "payoffs": [[[0,9],[21,55]],[[6,0],[11,22]]]},
"G84": {"type": "Matrix2x2", "payoffs": [[[57,41],[16,35]],[[0,22],[4,0]]]},
"G85": {"type": "Matrix2x2", "payoffs": [[[41,28],[59,64]],[[30,0],[0,6]]]},
"G86": {"type": "Matrix2x2", "payoffs": [[[62,11],[82,19]],[[0,3],[49,0]]]},
"G87": {"type": "Matrix2x2", "payoffs": [[[55,0],[50,29]],[[0,21],[87,43]]]},
"G88": {"type": "Matrix2x2", "payoffs": [[[0,1],[2,0]],[[14,3],[76,7]]]},
"G89": {"type": "Matrix2x2", "payoffs": [[[0,79],[21,16]],[[28,0],[65,98]]]},
"G90": {"type": "Matrix2x2", "payoffs": [[[30,73],[32,77]],[[19,59],[0,0]]]},
"G91": {"type": "Matrix2x2", "payoffs": [[[0,2],[78,14]],[[79,0],[81,17]]]},
"G92": {"type": "Matrix2x2", "payoffs": [[[0,7],[5,4]],[[11,11],[7,0]]]},
"G93": {"type": "Matrix2x2", "payoffs": [[[72,28],[71,23]],[[0,0],[40,13]]]},
"G94": {"type": "Matrix2x2", "payoffs": [[[43,3],[0,7]],[[32,0],[69,36]]]},
"G95": {"type": "Matrix2x2", "payoffs": [[[0,73],[21,0]],[[38,84],[37,16]]]},
"G96": {"type": "Matrix2x2", "payoffs": [[[7,16],[0,40]],[[31,0],[35,47]]]},
"G97": {"type": "Matrix2x2", "payoffs": [[[0,7],[7,0]],[[44,64],[29,51]]]},
"G98": {"type": "Matrix2x2", "payoffs": [[[84,90],[0,3]],[[6,0],[35,11]]]},
"G99": {"type": "Matrix2x2", "payoffs": [[[16,61],[0,0]],[[1,40],[4,14]]]},
"G100": {"type": "Matrix2x2", "payoffs": [[[75,71],[56,31]],[[17,0],[0,20]]]}
}