{
"numGames": 100,
"G1": {"type": "Matrix2x2", "payoffs": [[[24,0],[35,69]],[[0,33],[14,47]]]},
"G2": {"type": "Matrix2x2", "payoffs": [[[75,6],[0,1]],[[94,7],[14,0]]]},
"G3": {"type": "Matrix2x2", "payoffs": [[[90,87],[51,85]],[[0,73],[82,0]]]},
"G4": {"type": "Matrix2x2", "payoffs": [[[75,88],[12,0]],[[74,69],[0,4]]]},
"G5": {"type": "Matrix2x2", "payoffs": [[[7,59],[3,0]],[[6,43],[0,22]]]},
"G6": {"type": "Matrix2x2", "payoffs": [[[52,6],[0,2]],[[82,28],[11,0]]]},
"G7": {"type": "Matrix2x2", "payoffs": [[[85,30],[20,7]],[[0,0],[77,2]]]},
"G8": {"type": "Matrix2x2", "payoffs": [[[0,65],[5,0]],[[20,76],[16,36]]]},
"G9": {"type": "Matrix2x2", "payoffs": [[[14,14],[32,44]],[[13,0],[0,35]]]},
"G10": {"type": "Matrix2x2", "payoffs": [[[0,21],[20,91]],[[14,84],[7,0]]]},
"G11": {"type": "Matrix2x2", "payoffs": [[[21,50],[11,82]],[[0,0],[39,84]]]},
"G12": {"type": "Matrix2x2", "payoffs": [[[60,29],[98,80]],[[48,0],[0,15]]]},
"G13": {"type": "Matrix2x2", "payoffs": [[[44,27],[34,3]],[[11,26],[0,0]]]},
"G14": {"type": "Matrix2x2", "payoffs": [[[0,0],[88,81]],[[41,55],[13,3]]]},
"G15": {"type": "Matrix2x2", "payoffs": [[[98,34],[74,15]],[[14,27],[0,0]]]},
"G16": {"type": "Matrix2x2", "payoffs": [[[38,32],[0,0]],[[40,33],[8,22]]]},
"G17": {"type": "Matrix2x2", "payoffs": [[[92,17],[0,4]],[[12,0],[34,12]]]},
"G18": {"type": "Matrix2x2", "payoffs": [[[11,0],[44,58]],[[32,54],[0,1]]]},
"G19": {"type": "Matrix2x2", "payoffs": [[[6,0],[4,67]],[[0,54],[14,74]]]},
"G20": {"type": "Matrix2x2", "payoffs": [[[60,0],[65,80]],[[54,41],[0,75]]]},
"G21": {"type": "Matrix2x2", "payoffs": [[[0,40],[93,69]],[[79,41],[41,0]]]},
"G22": {"type": "Matrix2x2", "payoffs": [[[49,0],[0,62]],[[7,1],[87,82]]]},
"G23": {"type": "Matrix2x2", "payoffs": [[[3,12],[0,31]],[[5,39],[1,0]]]},
"G24": {"type": "Matrix2x2", "payoffs": [[[0,0],[47,9]],[[24,3],[32,2]]]},
"G25": {"type": "Matrix2x2", "payoffs": [[[84,90],[0,34]],[[36,24],[31,0]]]},
"G26": {"type": "Matrix2x2", "payoffs": [[[81,81],[0,0]],[[11,12],[75,18]]]},
"G27": {"type": "Matrix2x2", "payoffs": [[[47,50],[0,21]],[[33,0],[28,7]]]},
"G28": {"type": "Matrix2x2", "payoffs": [[[12,20],[46,89]],[[9,0],[0,15]]]},
"G29": {"type": "Matrix2x2", "payoffs": [[[1,12],[0,4]],[[85,16],[39,0]]]},
"G30": {"type": "Matrix2x2", "payoffs": [[[29,38],[20,28]],[[27,0],[0,17]]]},
"G31": {"type": "Matrix2x2", "payoffs": [[[28,5],[63,8]],[[82,78],[0,0]]]},
"G32": {"type": "Matrix2x2", "payoffs": [[[14,16],[1,13]],[[34,88],[0,0]]]},
"G33": {"type": "Matrix2x2", "payoffs": [[[72,43],[45,1]],[[0,40],[34,0]]]},
"G34": {"type": "Matrix2x2", "payoffs": [[[0,4],[59,0]],[[9,5],[89,13]]]},
"G35": {"type": "Matrix2x2", "payoffs": [[[68,0],[79,89]],[[0,31],[55,13]]]},
"G36": {"type": "Matrix2x2", "payoffs": [[[0,5],[21,6]],[[38,11],[22,0]]]},
"G37": {"type": "Matrix2x2", "payoffs": [[[13,0],[2,3]],[[0,6],[36,83]]]},
"G38": {"type": "Matrix2x2", "payoffs": [[[93,29],[68,1]],[[86,28],[0,0]]]},
"G39": {"type": "Matrix2x2", "payoffs": [[[51,5],[0,0]],[[7,29],[59,35]]]},
"G40": {"type": "Matrix2x2", "payoffs": [[[98,36],[97,13]],[[0,0],[95,19]]]},
"G41": {"type": "Matrix2x2", "payoffs": [[[0,4],[80,10]],[[25,8],[12,0]]]},
"G42": {"type": "Matrix2x2", "payoffs": [[[44,14],[86,16]],[[0,10],[15,0]]]},
"G43": {"type": "Matrix2x2", "payoffs": [[[61,62],[42,0]],[[0,44],[38,60]]]},
"G44": {"type": "Matrix2x2", "payoffs": [[[0,0],[6,2]],[[21,44],[7,10]]]},
"G45": {"type": "Matrix2x2", "payoffs": [[[15,29],[57,88]],[[20,0],[0,57]]]},
"G46": {"type": "Matrix2x2", "payoffs": [[[5,1],[0,3]],[[7,4],[6,0]]]},
"G47": {"type": "Matrix2x2", "payoffs": [[[40,0],[73,97]],[[28,30],[0,3]]]},
"G48": {"type": "Matrix2x2", "payoffs": [[[64,23],[65,43]],[[0,41],[55,0]]]},
"G49": {"type": "Matrix2x2", "payoffs": [[[0,50],[93,65]],[[9,0],[24,6]]]},
"G50": {"type": "Matrix2x2", "payoffs": [[[51,29],[29,2]],[[26,0],[0,4]]]},
"G51": {"type": "Matrix2x2", "payoffs": [[[19,0],[15,3]],[[0,4],[27,7]]]},
"G52": {"type": "Matrix2x2", "payoffs": [[[84,65],[62,0]],[[0,22],[29,1]]]},
"G53": {"type": "Matrix2x2", "payoffs": [[[76,0],[98,62]],[[16,52],[0,51]]]},
"G54": {"type": "Matrix2x2", "payoffs": [[[0,0],[18,6]],[[86,52],[71,7]]]},
"G55": {"type": "Matrix2x2", "payoffs": [[[53,67],[22,43]],[[0,37],[27,0]]]},
"G56": {"type": "Matrix2x2", "payoffs": [[[40,31],[75,25]],[[98,36],[0,0]]]},
"G57": {"type": "Matrix2x2", "payoffs": [[[60,22],[33,9]],[[0,21],[24,0]]]},
"G58": {"type": "Matrix2x2", "payoffs": [[[53,28],[81,80]],[[0,0],[18,27]]]},
"G59": {"type": "Matrix2x2", "payoffs": [[[87,6],[0,3]],[[69,4],[61,0]]]},
"G60": {"type": "Matrix2x2", "payoffs": [[[69,23],[15,32]],[[97,42],[0,0]]]},
"G61": {"type": "Matrix2x2", "payoffs": [[[9,16],[64,65]],[[18,0],[0,42]]]},
"G62": {"type": "Matrix2x2", "payoffs": [[[31,18],[33,23]],[[26,0],[0,7]]]},
"G63": {"type": "Matrix2x2", "payoffs": [[[0,0],[17,38]],[[6,28],[5,30]]]},
"G64": {"type": "Matrix2x2", "payoffs": [[[1,0],[3,57]],[[4,83],[0,58]]]},
"G65": {"type": "Matrix2x2", "payoffs": [[[21,31],[7,18]],[[0,0],[13,13]]]},
"G66": {"type": "Matrix2x2", "payoffs": [[[9,70],[0,28]],[[4,0],[2,14]]]},
"G67": {"type": "Matrix2x2", "payoffs": [[[15,0],[59,69]],[[13,34],[0,17]]]},
"G68": {"type": "Matrix2x2", "payoffs": [[[0,0],[12,69]],[[64,98],[46,66]]]},
"G69": {"type": "Matrix2x2", "payoffs": [[[0,12],[27,29]],[[26,5],[14,0]]]},
"G70": {"type": "Matrix2x2", "payoffs": [[[32,82],[0,0]],[[59,42],[72,88]]]},
"G71": {"type": "Matrix2x2", "payoffs": [[[7,0],[88,92]],[[80,57],[0,64]]]},
"G72": {"type": "Matrix2x2", "payoffs": [[[0,50],[35,57]],[[24,0],[1,9]]]},
"G73": {"type": "Matrix2x2", "payoffs": [[[0,17],[30,0]],[[61,36],[15,24]]]},
"G74": {"type": "Matrix2x2", "payoffs": [[[0,0],[1,21]],[[2,17],[3,23]]]},
"G75": {"type": "Matrix2x2", "payoffs": [[[62,7],[52,0]],[[27,4],[0,1]]]},
"G76": {"type": "Matrix2x2", "payoffs": [[[18,38],[0,0]],[[61,73],[67,75]]]},
"G77": {"type": "Matrix2x2", "payoffs": [[[26,33],[34,4]],[[0,0],[42,37]]]},
"G78": {"type": "Matrix2x2", "payoffs": [[[0,22],[9,26]],[[35,32],[24,0]]]},
"G79": {"type": "Matrix2x2", "payoffs": [[[0,59],[15,0]],[[25,20],[40,84]]]},
"G80": {"type": "Matrix2x2", "payoffs": [[[0,3],[67,0]],[[78,4],[4,1]]]},
"G81": {"type": "Matrix2x2", "payoffs": [[[4,0],[25,15]],[[0,85],[39,91]]]},
"G82": {"type": "Matrix2x2", "payoffs": [[[0,75],[8,67]],[[9,0],[30,78]]]},
"G83": {"type": "Matrix2x2", "payoffs": [[[18,13],[0,0]],[[19,42],[34,43]]]},
"G84": {"type": "Matrix2x2", "payoffs": [[[9,7],[0,2]],[[36,15],[13,0]]]},
"G85": {"type": "Matrix2x2", "payoffs": [[[68,84],[49,46]],[[0,23],[64,0]]]},
"G86": {"type": "Matrix2x2", "payoffs": [[[0,0],[1,56]],[[8,64],[7,33]]]},
"G87": {"type": "Matrix2x2", "payoffs": [[[30,0],[44,97]],[[0,96],[14,1]]]},
"G88": {"type": "Matrix2x2", "payoffs": [[[15,70],[6,4]],[[0,0],[54,86]]]},
"G89": {"type": "Matrix2x2", "payoffs": [[[7,74],[4,14]],[[3,0],[0,23]]]},
"G90": {"type": "Matrix2x2", "payoffs": [[[29,0],[33,38]],[[35,52],[0,21]]]},
"G91": {"type": "Matrix2x2", "payoffs": [[[44,45],[0,0]],[[40,42],[31,4]]]},
"G92": {"type": "Matrix2x2", "payoffs": [[[76,59],[43,0]],[[0,56],[48,17]]]},
"G93": {"type": "Matrix2x2", "payoffs": [[[0,0],[22,1]],[[23,3],[41,4]]]},
"G94": {"type": "Matrix2x2", "payoffs": [[[86,53],[55,18]],[[0,45],[41,0]]]},
"G95": {"type": "Matrix2x2", "payoffs": [[[50,0],[72,11]],[[1,10],[0,4]]]},
"G96": {"type": "Matrix2x2", "payoffs": [[[47,68],[18,33]],[[30,36],[0,0]]]},
"G97": {"type": "Matrix2x2", "payoffs": [[[23,75],[30,84]],[[0,39],[16,0]]]},
"G98": {"type": "Matrix2x2", "payoffs": [[[15,27],[41,0]],[[81,83],[0,11]]]},
"G99": {"type": "Matrix2x2", "payoffs": [[[15,0],[18,13]],[[33,78],[0,32]]]},
"G100": {"type": "Matrix2x2", "payoffs": [[[47,57],[61,0]],[[65,76],[0,26]]]}
}