{
"numGames": 1000,
"G1": {"type": "Matrix2x2", "payoffs": [[[69,75],[44,0]],[[0,35],[2,63]]]},
"G2": {"type": "Matrix2x2", "payoffs": [[[0,0],[56,8]],[[80,15],[17,7]]]},
"G3": {"type": "Matrix2x2", "payoffs": [[[0,9],[20,25]],[[8,17],[17,0]]]},
"G4": {"type": "Matrix2x2", "payoffs": [[[27,0],[0,6]],[[40,52],[14,2]]]},
"G5": {"type": "Matrix2x2", "payoffs": [[[2,27],[3,0]],[[4,46],[0,43]]]},
"G6": {"type": "Matrix2x2", "payoffs": [[[51,10],[46,0]],[[0,4],[1,7]]]},
"G7": {"type": "Matrix2x2", "payoffs": [[[87,61],[40,31]],[[0,0],[44,37]]]},
"G8": {"type": "Matrix2x2", "payoffs": [[[76,8],[27,4]],[[0,3],[11,0]]]},
"G9": {"type": "Matrix2x2", "payoffs": [[[2,16],[14,11]],[[23,51],[0,0]]]},
"G10": {"type": "Matrix2x2", "payoffs": [[[55,11],[0,3]],[[33,0],[14,4]]]},
"G11": {"type": "Matrix2x2", "payoffs": [[[35,62],[22,0]],[[17,10],[0,19]]]},
"G12": {"type": "Matrix2x2", "payoffs": [[[100,94],[11,73]],[[0,30],[52,0]]]},
"G13": {"type": "Matrix2x2", "payoffs": [[[0,33],[16,13]],[[34,43],[32,0]]]},
"G14": {"type": "Matrix2x2", "payoffs": [[[11,7],[10,4]],[[4,3],[0,0]]]},
"G15": {"type": "Matrix2x2", "payoffs": [[[24,31],[100,36]],[[0,0],[78,33]]]},
"G16": {"type": "Matrix2x2", "payoffs": [[[26,14],[0,0]],[[20,3],[15,11]]]},
"G17": {"type": "Matrix2x2", "payoffs": [[[98,80],[28,32]],[[80,0],[0,72]]]},
"G18": {"type": "Matrix2x2", "payoffs": [[[0,57],[82,0]],[[91,59],[10,32]]]},
"G19": {"type": "Matrix2x2", "payoffs": [[[0,0],[69,15]],[[66,31],[82,55]]]},
"G20": {"type": "Matrix2x2", "payoffs": [[[0,32],[54,95]],[[40,0],[46,94]]]},
"G21": {"type": "Matrix2x2", "payoffs": [[[10,0],[0,12]],[[11,14],[4,13]]]},
"G22": {"type": "Matrix2x2", "payoffs": [[[45,0],[0,13]],[[99,25],[35,14]]]},
"G23": {"type": "Matrix2x2", "payoffs": [[[0,27],[18,0]],[[4,25],[27,40]]]},
"G24": {"type": "Matrix2x2", "payoffs": [[[0,0],[8,30]],[[36,47],[53,52]]]},
"G25": {"type": "Matrix2x2", "payoffs": [[[25,7],[41,49]],[[0,0],[77,54]]]},
"G26": {"type": "Matrix2x2", "payoffs": [[[36,3],[18,0]],[[34,1],[0,2]]]},
"G27": {"type": "Matrix2x2", "payoffs": [[[65,19],[69,25]],[[73,54],[0,0]]]},
"G28": {"type": "Matrix2x2", "payoffs": [[[0,0],[4,14]],[[7,35],[2,23]]]},
"G29": {"type": "Matrix2x2", "payoffs": [[[18,45],[0,16]],[[62,50],[24,0]]]},
"G30": {"type": "Matrix2x2", "payoffs": [[[27,0],[0,80]],[[39,86],[11,81]]]},
"G31": {"type": "Matrix2x2", "payoffs": [[[49,0],[93,14]],[[0,10],[14,6]]]},
"G32": {"type": "Matrix2x2", "payoffs": [[[71,0],[51,9]],[[98,29],[0,24]]]},
"G33": {"type": "Matrix2x2", "payoffs": [[[7,11],[56,47]],[[0,30],[16,0]]]},
"G34": {"type": "Matrix2x2", "payoffs": [[[0,32],[27,66]],[[17,48],[23,0]]]},
"G35": {"type": "Matrix2x2", "payoffs": [[[12,0],[0,21]],[[71,44],[51,42]]]},
"G36": {"type": "Matrix2x2", "payoffs": [[[20,0],[23,28]],[[32,37],[0,15]]]},
"G37": {"type": "Matrix2x2", "payoffs": [[[0,16],[83,80]],[[18,0],[22,32]]]},
"G38": {"type": "Matrix2x2", "payoffs": [[[1,35],[0,0]],[[2,8],[4,50]]]},
"G39": {"type": "Matrix2x2", "payoffs": [[[0,31],[96,65]],[[63,46],[16,0]]]},
"G40": {"type": "Matrix2x2", "payoffs": [[[30,28],[0,0]],[[32,56],[31,43]]]},
"G41": {"type": "Matrix2x2", "payoffs": [[[0,0],[37,53]],[[39,75],[28,47]]]},
"G42": {"type": "Matrix2x2", "payoffs": [[[47,50],[36,33]],[[0,16],[4,0]]]},
"G43": {"type": "Matrix2x2", "payoffs": [[[25,0],[40,70]],[[0,79],[54,80]]]},
"G44": {"type": "Matrix2x2", "payoffs": [[[54,36],[0,0]],[[1,28],[48,5]]]},
"G45": {"type": "Matrix2x2", "payoffs": [[[53,64],[15,62]],[[0,57],[38,0]]]},
"G46": {"type": "Matrix2x2", "payoffs": [[[0,26],[19,44]],[[9,0],[8,6]]]},
"G47": {"type": "Matrix2x2", "payoffs": [[[0,51],[59,55]],[[3,29],[45,0]]]},
"G48": {"type": "Matrix2x2", "payoffs": [[[0,0],[28,76]],[[8,34],[16,5]]]},
"G49": {"type": "Matrix2x2", "payoffs": [[[10,26],[0,32]],[[16,35],[1,0]]]},
"G50": {"type": "Matrix2x2", "payoffs": [[[23,36],[32,95]],[[30,0],[0,57]]]},
"G51": {"type": "Matrix2x2", "payoffs": [[[3,5],[0,6]],[[10,8],[4,0]]]},
"G52": {"type": "Matrix2x2", "payoffs": [[[0,12],[25,2]],[[43,26],[11,0]]]},
"G53": {"type": "Matrix2x2", "payoffs": [[[22,5],[0,0]],[[4,8],[71,9]]]},
"G54": {"type": "Matrix2x2", "payoffs": [[[32,47],[8,14]],[[1,0],[0,43]]]},
"G55": {"type": "Matrix2x2", "payoffs": [[[35,2],[19,0]],[[37,52],[0,11]]]},
"G56": {"type": "Matrix2x2", "payoffs": [[[0,88],[65,90]],[[21,17],[31,0]]]},
"G57": {"type": "Matrix2x2", "payoffs": [[[44,89],[43,65]],[[6,0],[0,76]]]},
"G58": {"type": "Matrix2x2", "payoffs": [[[0,27],[86,92]],[[49,7],[15,0]]]},
"G59": {"type": "Matrix2x2", "payoffs": [[[79,66],[0,0]],[[65,8],[13,51]]]},
"G60": {"type": "Matrix2x2", "payoffs": [[[15,33],[0,21]],[[21,72],[12,0]]]},
"G61": {"type": "Matrix2x2", "payoffs": [[[7,17],[13,0]],[[0,12],[28,32]]]},
"G62": {"type": "Matrix2x2", "payoffs": [[[13,21],[0,0]],[[23,66],[15,39]]]},
"G63": {"type": "Matrix2x2", "payoffs": [[[5,46],[0,0]],[[15,15],[19,79]]]},
"G64": {"type": "Matrix2x2", "payoffs": [[[0,8],[26,0]],[[39,22],[57,28]]]},
"G65": {"type": "Matrix2x2", "payoffs": [[[55,5],[9,2]],[[0,4],[4,0]]]},
"G66": {"type": "Matrix2x2", "payoffs": [[[0,0],[26,8]],[[18,7],[7,3]]]},
"G67": {"type": "Matrix2x2", "payoffs": [[[0,28],[8,0]],[[47,98],[15,69]]]},
"G68": {"type": "Matrix2x2", "payoffs": [[[50,20],[72,31]],[[0,16],[30,0]]]},
"G69": {"type": "Matrix2x2", "payoffs": [[[95,76],[0,26]],[[91,65],[54,0]]]},
"G70": {"type": "Matrix2x2", "payoffs": [[[0,37],[51,41]],[[20,13],[30,0]]]},
"G71": {"type": "Matrix2x2", "payoffs": [[[0,1],[29,3]],[[8,2],[19,0]]]},
"G72": {"type": "Matrix2x2", "payoffs": [[[71,98],[0,41]],[[30,24],[55,0]]]},
"G73": {"type": "Matrix2x2", "payoffs": [[[33,15],[6,8]],[[0,0],[35,24]]]},
"G74": {"type": "Matrix2x2", "payoffs": [[[15,0],[50,10]],[[32,6],[0,9]]]},
"G75": {"type": "Matrix2x2", "payoffs": [[[7,81],[0,39]],[[1,2],[5,0]]]},
"G76": {"type": "Matrix2x2", "payoffs": [[[20,11],[0,1]],[[58,0],[59,15]]]},
"G77": {"type": "Matrix2x2", "payoffs": [[[11,0],[34,41]],[[0,3],[13,27]]]},
"G78": {"type": "Matrix2x2", "payoffs": [[[0,4],[25,8]],[[39,28],[24,0]]]},
"G79": {"type": "Matrix2x2", "payoffs": [[[62,0],[30,14]],[[65,27],[0,22]]]},
"G80": {"type": "Matrix2x2", "payoffs": [[[55,61],[0,31]],[[40,0],[31,50]]]},
"G81": {"type": "Matrix2x2", "payoffs": [[[53,0],[38,19]],[[69,32],[0,1]]]},
"G82": {"type": "Matrix2x2", "payoffs": [[[0,3],[11,0]],[[18,4],[12,2]]]},
"G83": {"type": "Matrix2x2", "payoffs": [[[40,3],[9,2]],[[0,1],[23,0]]]},
"G84": {"type": "Matrix2x2", "payoffs": [[[0,14],[20,0]],[[41,31],[11,25]]]},
"G85": {"type": "Matrix2x2", "payoffs": [[[77,58],[54,51]],[[71,0],[0,55]]]},
"G86": {"type": "Matrix2x2", "payoffs": [[[66,20],[23,1]],[[52,0],[0,14]]]},
"G87": {"type": "Matrix2x2", "payoffs": [[[0,0],[24,33]],[[10,32],[13,27]]]},
"G88": {"type": "Matrix2x2", "payoffs": [[[14,97],[0,87]],[[15,99],[1,0]]]},
"G89": {"type": "Matrix2x2", "payoffs": [[[17,6],[20,0]],[[0,50],[91,54]]]},
"G90": {"type": "Matrix2x2", "payoffs": [[[12,0],[0,44]],[[13,54],[8,52]]]},
"G91": {"type": "Matrix2x2", "payoffs": [[[61,30],[33,0]],[[0,73],[62,87]]]},
"G92": {"type": "Matrix2x2", "payoffs": [[[0,50],[32,0]],[[69,64],[72,96]]]},
"G93": {"type": "Matrix2x2", "payoffs": [[[0,27],[5,3]],[[63,0],[96,49]]]},
"G94": {"type": "Matrix2x2", "payoffs": [[[87,83],[0,7]],[[17,0],[5,38]]]},
"G95": {"type": "Matrix2x2", "payoffs": [[[0,36],[14,11]],[[79,49],[73,0]]]},
"G96": {"type": "Matrix2x2", "payoffs": [[[8,1],[10,4]],[[1,2],[0,0]]]},
"G97": {"type": "Matrix2x2", "payoffs": [[[0,23],[20,17]],[[42,72],[21,0]]]},
"G98": {"type": "Matrix2x2", "payoffs": [[[23,3],[7,2]],[[0,0],[22,1]]]},
"G99": {"type": "Matrix2x2", "payoffs": [[[18,0],[37,20]],[[0,12],[20,6]]]},
"G100": {"type": "Matrix2x2", "payoffs": [[[0,4],[58,7]],[[22,2],[15,0]]]},
"G101": {"type": "Matrix2x2", "payoffs": [[[0,44],[14,0]],[[12,17],[22,56]]]},
"G102": {"type": "Matrix2x2", "payoffs": [[[87,51],[35,30]],[[18,0],[0,41]]]},
"G103": {"type": "Matrix2x2", "payoffs": [[[0,0],[92,78]],[[3,49],[17,41]]]},
"G104": {"type": "Matrix2x2", "payoffs": [[[11,4],[19,34]],[[0,0],[24,58]]]},
"G105": {"type": "Matrix2x2", "payoffs": [[[0,69],[45,0]],[[93,71],[56,50]]]},
"G106": {"type": "Matrix2x2", "payoffs": [[[45,0],[5,4]],[[0,1],[61,11]]]},
"G107": {"type": "Matrix2x2", "payoffs": [[[8,2],[0,0]],[[17,66],[29,99]]]},
"G108": {"type": "Matrix2x2", "payoffs": [[[1,11],[3,18]],[[2,13],[0,0]]]},
"G109": {"type": "Matrix2x2", "payoffs": [[[79,0],[66,8]],[[0,18],[87,21]]]},
"G110": {"type": "Matrix2x2", "payoffs": [[[69,33],[82,79]],[[25,6],[0,0]]]},
"G111": {"type": "Matrix2x2", "payoffs": [[[25,27],[9,0]],[[3,25],[0,23]]]},
"G112": {"type": "Matrix2x2", "payoffs": [[[19,7],[2,0]],[[0,2],[20,20]]]},
"G113": {"type": "Matrix2x2", "payoffs": [[[4,45],[22,24]],[[0,0],[27,55]]]},
"G114": {"type": "Matrix2x2", "payoffs": [[[3,0],[4,25]],[[13,47],[0,1]]]},
"G115": {"type": "Matrix2x2", "payoffs": [[[17,0],[10,34]],[[0,30],[78,66]]]},
"G116": {"type": "Matrix2x2", "payoffs": [[[5,8],[43,12]],[[21,1],[0,0]]]},
"G117": {"type": "Matrix2x2", "payoffs": [[[57,34],[24,0]],[[48,4],[0,31]]]},
"G118": {"type": "Matrix2x2", "payoffs": [[[42,11],[58,58]],[[0,0],[35,39]]]},
"G119": {"type": "Matrix2x2", "payoffs": [[[39,63],[0,0]],[[29,36],[26,35]]]},
"G120": {"type": "Matrix2x2", "payoffs": [[[64,85],[8,83]],[[57,7],[0,0]]]},
"G121": {"type": "Matrix2x2", "payoffs": [[[72,1],[0,0]],[[96,14],[76,10]]]},
"G122": {"type": "Matrix2x2", "payoffs": [[[0,33],[21,40]],[[20,0],[2,3]]]},
"G123": {"type": "Matrix2x2", "payoffs": [[[9,1],[0,0]],[[16,18],[19,32]]]},
"G124": {"type": "Matrix2x2", "payoffs": [[[99,34],[50,14]],[[65,27],[0,0]]]},
"G125": {"type": "Matrix2x2", "payoffs": [[[3,34],[1,0]],[[4,81],[0,33]]]},
"G126": {"type": "Matrix2x2", "payoffs": [[[20,13],[12,46]],[[21,49],[0,0]]]},
"G127": {"type": "Matrix2x2", "payoffs": [[[17,13],[33,73]],[[30,66],[0,0]]]},
"G128": {"type": "Matrix2x2", "payoffs": [[[19,0],[0,22]],[[13,46],[39,73]]]},
"G129": {"type": "Matrix2x2", "payoffs": [[[14,8],[0,0]],[[10,35],[88,81]]]},
"G130": {"type": "Matrix2x2", "payoffs": [[[0,31],[5,0]],[[6,69],[11,72]]]},
"G131": {"type": "Matrix2x2", "payoffs": [[[81,83],[0,0]],[[63,75],[50,39]]]},
"G132": {"type": "Matrix2x2", "payoffs": [[[26,48],[22,45]],[[20,44],[0,0]]]},
"G133": {"type": "Matrix2x2", "payoffs": [[[0,14],[9,0]],[[29,30],[25,20]]]},
"G134": {"type": "Matrix2x2", "payoffs": [[[0,0],[26,41]],[[41,49],[42,95]]]},
"G135": {"type": "Matrix2x2", "payoffs": [[[8,4],[6,2]],[[0,3],[3,0]]]},
"G136": {"type": "Matrix2x2", "payoffs": [[[0,15],[78,45]],[[19,0],[5,14]]]},
"G137": {"type": "Matrix2x2", "payoffs": [[[0,0],[23,1]],[[52,5],[28,3]]]},
"G138": {"type": "Matrix2x2", "payoffs": [[[16,83],[90,86]],[[43,0],[0,59]]]},
"G139": {"type": "Matrix2x2", "payoffs": [[[70,23],[83,79]],[[53,0],[0,30]]]},
"G140": {"type": "Matrix2x2", "payoffs": [[[39,38],[8,15]],[[0,0],[4,24]]]},
"G141": {"type": "Matrix2x2", "payoffs": [[[2,29],[0,0]],[[7,36],[4,2]]]},
"G142": {"type": "Matrix2x2", "payoffs": [[[51,26],[0,21]],[[28,13],[24,0]]]},
"G143": {"type": "Matrix2x2", "payoffs": [[[27,23],[76,100]],[[62,98],[0,0]]]},
"G144": {"type": "Matrix2x2", "payoffs": [[[40,8],[0,15]],[[35,0],[82,16]]]},
"G145": {"type": "Matrix2x2", "payoffs": [[[56,66],[99,84]],[[82,0],[0,47]]]},
"G146": {"type": "Matrix2x2", "payoffs": [[[0,12],[10,0]],[[5,37],[16,40]]]},
"G147": {"type": "Matrix2x2", "payoffs": [[[72,23],[0,15]],[[68,8],[14,0]]]},
"G148": {"type": "Matrix2x2", "payoffs": [[[40,78],[27,49]],[[0,0],[25,40]]]},
"G149": {"type": "Matrix2x2", "payoffs": [[[10,0],[0,18]],[[31,41],[72,73]]]},
"G150": {"type": "Matrix2x2", "payoffs": [[[20,12],[4,11]],[[10,9],[0,0]]]},
"G151": {"type": "Matrix2x2", "payoffs": [[[19,0],[36,47]],[[27,40],[0,5]]]},
"G152": {"type": "Matrix2x2", "payoffs": [[[5,21],[0,4]],[[13,84],[10,0]]]},
"G153": {"type": "Matrix2x2", "payoffs": [[[32,31],[0,32]],[[23,0],[37,34]]]},
"G154": {"type": "Matrix2x2", "payoffs": [[[15,0],[36,72]],[[0,13],[23,61]]]},
"G155": {"type": "Matrix2x2", "payoffs": [[[31,21],[0,14]],[[1,0],[14,18]]]},
"G156": {"type": "Matrix2x2", "payoffs": [[[0,28],[31,16]],[[34,45],[10,0]]]},
"G157": {"type": "Matrix2x2", "payoffs": [[[1,20],[73,24]],[[0,11],[15,0]]]},
"G158": {"type": "Matrix2x2", "payoffs": [[[45,50],[60,0]],[[0,66],[94,68]]]},
"G159": {"type": "Matrix2x2", "payoffs": [[[26,0],[0,21]],[[29,27],[54,32]]]},
"G160": {"type": "Matrix2x2", "payoffs": [[[3,36],[0,9]],[[6,0],[8,70]]]},
"G161": {"type": "Matrix2x2", "payoffs": [[[7,4],[0,0]],[[11,8],[1,6]]]},
"G162": {"type": "Matrix2x2", "payoffs": [[[3,35],[2,28]],[[0,0],[1,9]]]},
"G163": {"type": "Matrix2x2", "payoffs": [[[12,2],[0,0]],[[32,10],[29,6]]]},
"G164": {"type": "Matrix2x2", "payoffs": [[[72,85],[0,68]],[[49,13],[55,0]]]},
"G165": {"type": "Matrix2x2", "payoffs": [[[1,30],[0,2]],[[7,0],[15,42]]]},
"G166": {"type": "Matrix2x2", "payoffs": [[[0,79],[2,58]],[[44,84],[15,0]]]},
"G167": {"type": "Matrix2x2", "payoffs": [[[3,0],[25,83]],[[20,4],[0,10]]]},
"G168": {"type": "Matrix2x2", "payoffs": [[[40,35],[42,14]],[[0,0],[91,36]]]},
"G169": {"type": "Matrix2x2", "payoffs": [[[0,56],[3,0]],[[24,81],[1,57]]]},
"G170": {"type": "Matrix2x2", "payoffs": [[[31,10],[41,59]],[[22,0],[0,30]]]},
"G171": {"type": "Matrix2x2", "payoffs": [[[0,0],[3,8]],[[1,4],[4,15]]]},
"G172": {"type": "Matrix2x2", "payoffs": [[[28,2],[42,70]],[[0,0],[12,31]]]},
"G173": {"type": "Matrix2x2", "payoffs": [[[54,10],[0,0]],[[70,25],[99,33]]]},
"G174": {"type": "Matrix2x2", "payoffs": [[[17,0],[0,27]],[[60,22],[65,57]]]},
"G175": {"type": "Matrix2x2", "payoffs": [[[32,0],[0,57]],[[54,92],[48,29]]]},
"G176": {"type": "Matrix2x2", "payoffs": [[[17,34],[42,38]],[[10,25],[0,0]]]},
"G177": {"type": "Matrix2x2", "payoffs": [[[61,31],[81,90]],[[0,71],[3,0]]]},
"G178": {"type": "Matrix2x2", "payoffs": [[[44,0],[0,5]],[[47,2],[66,24]]]},
"G179": {"type": "Matrix2x2", "payoffs": [[[27,28],[25,0]],[[91,34],[0,2]]]},
"G180": {"type": "Matrix2x2", "payoffs": [[[13,0],[67,77]],[[39,28],[0,61]]]},
"G181": {"type": "Matrix2x2", "payoffs": [[[93,0],[0,22]],[[94,73],[17,49]]]},
"G182": {"type": "Matrix2x2", "payoffs": [[[1,0],[8,27]],[[7,22],[0,17]]]},
"G183": {"type": "Matrix2x2", "payoffs": [[[0,0],[2,14]],[[1,44],[14,46]]]},
"G184": {"type": "Matrix2x2", "payoffs": [[[0,54],[13,19]],[[56,84],[14,0]]]},
"G185": {"type": "Matrix2x2", "payoffs": [[[50,9],[19,0]],[[89,29],[0,11]]]},
"G186": {"type": "Matrix2x2", "payoffs": [[[46,6],[11,4]],[[0,0],[39,5]]]},
"G187": {"type": "Matrix2x2", "payoffs": [[[0,0],[82,48]],[[100,94],[36,14]]]},
"G188": {"type": "Matrix2x2", "payoffs": [[[15,64],[0,57]],[[4,0],[5,21]]]},
"G189": {"type": "Matrix2x2", "payoffs": [[[0,49],[33,0]],[[71,7],[98,59]]]},
"G190": {"type": "Matrix2x2", "payoffs": [[[0,73],[32,75]],[[7,0],[29,2]]]},
"G191": {"type": "Matrix2x2", "payoffs": [[[29,25],[0,0]],[[67,48],[73,79]]]},
"G192": {"type": "Matrix2x2", "payoffs": [[[25,0],[11,68]],[[0,37],[58,96]]]},
"G193": {"type": "Matrix2x2", "payoffs": [[[0,0],[79,61]],[[1,22],[94,78]]]},
"G194": {"type": "Matrix2x2", "payoffs": [[[73,81],[34,0]],[[49,9],[0,68]]]},
"G195": {"type": "Matrix2x2", "payoffs": [[[94,67],[100,77]],[[89,0],[0,42]]]},
"G196": {"type": "Matrix2x2", "payoffs": [[[1,0],[4,19]],[[8,59],[0,25]]]},
"G197": {"type": "Matrix2x2", "payoffs": [[[0,29],[15,50]],[[9,28],[8,0]]]},
"G198": {"type": "Matrix2x2", "payoffs": [[[79,41],[43,26]],[[37,0],[0,4]]]},
"G199": {"type": "Matrix2x2", "payoffs": [[[5,41],[0,0]],[[16,68],[13,32]]]},
"G200": {"type": "Matrix2x2", "payoffs": [[[9,34],[5,6]],[[0,0],[4,20]]]},
"G201": {"type": "Matrix2x2", "payoffs": [[[50,19],[98,63]],[[0,52],[68,0]]]},
"G202": {"type": "Matrix2x2", "payoffs": [[[12,0],[17,85]],[[16,43],[0,17]]]},
"G203": {"type": "Matrix2x2", "payoffs": [[[49,52],[28,0]],[[13,31],[0,15]]]},
"G204": {"type": "Matrix2x2", "payoffs": [[[98,88],[64,5]],[[9,74],[0,0]]]},
"G205": {"type": "Matrix2x2", "payoffs": [[[34,0],[0,22]],[[39,16],[48,34]]]},
"G206": {"type": "Matrix2x2", "payoffs": [[[70,68],[0,13]],[[54,19],[5,0]]]},
"G207": {"type": "Matrix2x2", "payoffs": [[[54,25],[50,1]],[[3,7],[0,0]]]},
"G208": {"type": "Matrix2x2", "payoffs": [[[80,14],[0,7]],[[22,0],[13,2]]]},
"G209": {"type": "Matrix2x2", "payoffs": [[[0,2],[97,3]],[[88,0],[82,1]]]},
"G210": {"type": "Matrix2x2", "payoffs": [[[0,2],[14,3]],[[19,0],[24,4]]]},
"G211": {"type": "Matrix2x2", "payoffs": [[[50,59],[52,73]],[[0,15],[4,0]]]},
"G212": {"type": "Matrix2x2", "payoffs": [[[0,0],[30,67]],[[9,29],[15,28]]]},
"G213": {"type": "Matrix2x2", "payoffs": [[[74,8],[48,20]],[[76,30],[0,0]]]},
"G214": {"type": "Matrix2x2", "payoffs": [[[31,0],[11,57]],[[0,10],[40,61]]]},
"G215": {"type": "Matrix2x2", "payoffs": [[[0,44],[27,93]],[[19,0],[8,5]]]},
"G216": {"type": "Matrix2x2", "payoffs": [[[0,21],[72,56]],[[29,0],[4,8]]]},
"G217": {"type": "Matrix2x2", "payoffs": [[[7,17],[44,70]],[[29,0],[0,47]]]},
"G218": {"type": "Matrix2x2", "payoffs": [[[26,83],[0,53]],[[5,0],[1,25]]]},
"G219": {"type": "Matrix2x2", "payoffs": [[[16,27],[0,25]],[[4,0],[11,15]]]},
"G220": {"type": "Matrix2x2", "payoffs": [[[0,58],[51,0]],[[77,82],[73,40]]]},
"G221": {"type": "Matrix2x2", "payoffs": [[[76,33],[41,0]],[[75,5],[0,6]]]},
"G222": {"type": "Matrix2x2", "payoffs": [[[0,40],[14,0]],[[52,59],[3,48]]]},
"G223": {"type": "Matrix2x2", "payoffs": [[[37,97],[30,0]],[[8,57],[0,51]]]},
"G224": {"type": "Matrix2x2", "payoffs": [[[2,3],[0,47]],[[17,99],[16,0]]]},
"G225": {"type": "Matrix2x2", "payoffs": [[[1,6],[0,0]],[[6,14],[3,4]]]},
"G226": {"type": "Matrix2x2", "payoffs": [[[0,7],[7,16]],[[1,0],[2,15]]]},
"G227": {"type": "Matrix2x2", "payoffs": [[[50,59],[0,0]],[[47,39],[62,87]]]},
"G228": {"type": "Matrix2x2", "payoffs": [[[16,0],[18,76]],[[0,60],[17,10]]]},
"G229": {"type": "Matrix2x2", "payoffs": [[[38,0],[12,31]],[[71,63],[0,58]]]},
"G230": {"type": "Matrix2x2", "payoffs": [[[60,3],[23,2]],[[0,0],[12,1]]]},
"G231": {"type": "Matrix2x2", "payoffs": [[[9,20],[0,0]],[[3,34],[16,46]]]},
"G232": {"type": "Matrix2x2", "payoffs": [[[13,34],[53,39]],[[0,22],[49,0]]]},
"G233": {"type": "Matrix2x2", "payoffs": [[[13,0],[1,30]],[[52,35],[0,7]]]},
"G234": {"type": "Matrix2x2", "payoffs": [[[0,0],[17,6]],[[51,12],[15,10]]]},
"G235": {"type": "Matrix2x2", "payoffs": [[[0,0],[69,65]],[[6,50],[58,20]]]},
"G236": {"type": "Matrix2x2", "payoffs": [[[28,12],[37,21]],[[44,32],[0,0]]]},
"G237": {"type": "Matrix2x2", "payoffs": [[[0,13],[11,51]],[[31,74],[28,0]]]},
"G238": {"type": "Matrix2x2", "payoffs": [[[0,3],[1,0]],[[82,65],[41,38]]]},
"G239": {"type": "Matrix2x2", "payoffs": [[[41,0],[0,1]],[[97,32],[45,4]]]},
"G240": {"type": "Matrix2x2", "payoffs": [[[14,40],[4,0]],[[0,14],[2,39]]]},
"G241": {"type": "Matrix2x2", "payoffs": [[[5,90],[2,26]],[[3,77],[0,0]]]},
"G242": {"type": "Matrix2x2", "payoffs": [[[46,12],[100,21]],[[0,15],[90,0]]]},
"G243": {"type": "Matrix2x2", "payoffs": [[[62,62],[0,3]],[[44,0],[28,30]]]},
"G244": {"type": "Matrix2x2", "payoffs": [[[0,60],[61,16]],[[58,0],[99,68]]]},
"G245": {"type": "Matrix2x2", "payoffs": [[[75,97],[15,13]],[[29,31],[0,0]]]},
"G246": {"type": "Matrix2x2", "payoffs": [[[0,0],[90,16]],[[48,1],[44,9]]]},
"G247": {"type": "Matrix2x2", "payoffs": [[[27,5],[5,0]],[[0,3],[31,18]]]},
"G248": {"type": "Matrix2x2", "payoffs": [[[6,37],[2,0]],[[8,74],[0,13]]]},
"G249": {"type": "Matrix2x2", "payoffs": [[[61,10],[0,0]],[[26,4],[13,7]]]},
"G250": {"type": "Matrix2x2", "payoffs": [[[72,21],[88,23]],[[0,0],[80,4]]]},
"G251": {"type": "Matrix2x2", "payoffs": [[[64,2],[0,9]],[[85,0],[96,49]]]},
"G252": {"type": "Matrix2x2", "payoffs": [[[2,19],[8,55]],[[0,0],[3,17]]]},
"G253": {"type": "Matrix2x2", "payoffs": [[[89,81],[0,64]],[[22,2],[49,0]]]},
"G254": {"type": "Matrix2x2", "payoffs": [[[0,0],[17,9]],[[13,6],[6,2]]]},
"G255": {"type": "Matrix2x2", "payoffs": [[[35,8],[37,18]],[[0,2],[16,0]]]},
"G256": {"type": "Matrix2x2", "payoffs": [[[29,36],[28,0]],[[0,21],[37,41]]]},
"G257": {"type": "Matrix2x2", "payoffs": [[[0,46],[32,76]],[[13,0],[18,21]]]},
"G258": {"type": "Matrix2x2", "payoffs": [[[0,0],[51,13]],[[20,12],[38,1]]]},
"G259": {"type": "Matrix2x2", "payoffs": [[[34,0],[97,25]],[[0,2],[74,6]]]},
"G260": {"type": "Matrix2x2", "payoffs": [[[4,76],[2,0]],[[0,45],[3,9]]]},
"G261": {"type": "Matrix2x2", "payoffs": [[[78,56],[24,43]],[[0,44],[6,0]]]},
"G262": {"type": "Matrix2x2", "payoffs": [[[71,58],[27,0]],[[0,10],[100,97]]]},
"G263": {"type": "Matrix2x2", "payoffs": [[[62,0],[0,13]],[[78,2],[80,73]]]},
"G264": {"type": "Matrix2x2", "payoffs": [[[18,18],[19,19]],[[0,0],[17,7]]]},
"G265": {"type": "Matrix2x2", "payoffs": [[[0,7],[7,0]],[[30,59],[28,9]]]},
"G266": {"type": "Matrix2x2", "payoffs": [[[11,0],[32,3]],[[64,73],[0,59]]]},
"G267": {"type": "Matrix2x2", "payoffs": [[[38,18],[0,0]],[[32,16],[10,4]]]},
"G268": {"type": "Matrix2x2", "payoffs": [[[76,39],[0,19]],[[14,0],[39,34]]]},
"G269": {"type": "Matrix2x2", "payoffs": [[[55,69],[0,32]],[[43,0],[21,16]]]},
"G270": {"type": "Matrix2x2", "payoffs": [[[81,87],[56,32]],[[0,77],[27,0]]]},
"G271": {"type": "Matrix2x2", "payoffs": [[[25,17],[54,76]],[[52,0],[0,65]]]},
"G272": {"type": "Matrix2x2", "payoffs": [[[0,67],[40,5]],[[53,0],[66,71]]]},
"G273": {"type": "Matrix2x2", "payoffs": [[[13,4],[2,0]],[[0,1],[8,2]]]},
"G274": {"type": "Matrix2x2", "payoffs": [[[53,37],[12,2]],[[44,0],[0,1]]]},
"G275": {"type": "Matrix2x2", "payoffs": [[[73,15],[0,5]],[[66,14],[3,0]]]},
"G276": {"type": "Matrix2x2", "payoffs": [[[33,0],[0,83]],[[28,67],[60,89]]]},
"G277": {"type": "Matrix2x2", "payoffs": [[[0,42],[38,53]],[[30,28],[4,0]]]},
"G278": {"type": "Matrix2x2", "payoffs": [[[7,61],[62,23]],[[0,0],[90,64]]]},
"G279": {"type": "Matrix2x2", "payoffs": [[[73,11],[0,2]],[[76,29],[57,0]]]},
"G280": {"type": "Matrix2x2", "payoffs": [[[7,4],[5,0]],[[21,9],[0,2]]]},
"G281": {"type": "Matrix2x2", "payoffs": [[[4,0],[14,14]],[[33,40],[0,1]]]},
"G282": {"type": "Matrix2x2", "payoffs": [[[60,91],[0,34]],[[19,0],[53,16]]]},
"G283": {"type": "Matrix2x2", "payoffs": [[[0,1],[47,31]],[[23,0],[73,79]]]},
"G284": {"type": "Matrix2x2", "payoffs": [[[76,23],[36,5]],[[0,0],[54,9]]]},
"G285": {"type": "Matrix2x2", "payoffs": [[[40,0],[67,69]],[[27,27],[0,20]]]},
"G286": {"type": "Matrix2x2", "payoffs": [[[56,0],[96,40]],[[73,7],[0,11]]]},
"G287": {"type": "Matrix2x2", "payoffs": [[[35,7],[0,0]],[[26,1],[1,5]]]},
"G288": {"type": "Matrix2x2", "payoffs": [[[0,63],[4,62]],[[23,0],[73,75]]]},
"G289": {"type": "Matrix2x2", "payoffs": [[[22,49],[0,0]],[[17,3],[1,40]]]},
"G290": {"type": "Matrix2x2", "payoffs": [[[56,50],[2,41]],[[4,39],[0,0]]]},
"G291": {"type": "Matrix2x2", "payoffs": [[[0,0],[7,14]],[[37,27],[22,11]]]},
"G292": {"type": "Matrix2x2", "payoffs": [[[17,0],[0,3]],[[18,16],[32,39]]]},
"G293": {"type": "Matrix2x2", "payoffs": [[[2,44],[3,68]],[[0,0],[1,12]]]},
"G294": {"type": "Matrix2x2", "payoffs": [[[13,0],[0,20]],[[45,9],[61,30]]]},
"G295": {"type": "Matrix2x2", "payoffs": [[[80,89],[21,35]],[[71,54],[0,0]]]},
"G296": {"type": "Matrix2x2", "payoffs": [[[34,3],[0,0]],[[43,21],[48,36]]]},
"G297": {"type": "Matrix2x2", "payoffs": [[[7,0],[1,21]],[[8,29],[0,10]]]},
"G298": {"type": "Matrix2x2", "payoffs": [[[75,63],[0,1]],[[41,0],[38,41]]]},
"G299": {"type": "Matrix2x2", "payoffs": [[[42,77],[0,61]],[[9,30],[20,0]]]},
"G300": {"type": "Matrix2x2", "payoffs": [[[27,0],[0,6]],[[14,37],[28,70]]]},
"G301": {"type": "Matrix2x2", "payoffs": [[[38,32],[0,26]],[[35,0],[30,30]]]},
"G302": {"type": "Matrix2x2", "payoffs": [[[0,0],[14,51]],[[10,41],[2,40]]]},
"G303": {"type": "Matrix2x2", "payoffs": [[[1,25],[29,67]],[[0,0],[21,16]]]},
"G304": {"type": "Matrix2x2", "payoffs": [[[14,17],[13,3]],[[6,0],[0,1]]]},
"G305": {"type": "Matrix2x2", "payoffs": [[[25,0],[26,34]],[[0,19],[31,37]]]},
"G306": {"type": "Matrix2x2", "payoffs": [[[0,35],[65,0]],[[67,41],[27,24]]]},
"G307": {"type": "Matrix2x2", "payoffs": [[[98,81],[69,38]],[[0,26],[71,0]]]},
"G308": {"type": "Matrix2x2", "payoffs": [[[94,19],[0,9]],[[27,6],[76,0]]]},
"G309": {"type": "Matrix2x2", "payoffs": [[[21,1],[74,24]],[[12,13],[0,0]]]},
"G310": {"type": "Matrix2x2", "payoffs": [[[13,7],[14,0]],[[15,44],[0,1]]]},
"G311": {"type": "Matrix2x2", "payoffs": [[[7,2],[8,0]],[[11,18],[0,1]]]},
"G312": {"type": "Matrix2x2", "payoffs": [[[5,6],[12,19]],[[0,15],[10,0]]]},
"G313": {"type": "Matrix2x2", "payoffs": [[[0,0],[5,36]],[[7,67],[1,56]]]},
"G314": {"type": "Matrix2x2", "payoffs": [[[14,0],[42,69]],[[19,23],[0,41]]]},
"G315": {"type": "Matrix2x2", "payoffs": [[[36,26],[0,0]],[[41,2],[75,30]]]},
"G316": {"type": "Matrix2x2", "payoffs": [[[29,76],[0,61]],[[4,18],[20,0]]]},
"G317": {"type": "Matrix2x2", "payoffs": [[[21,24],[1,16]],[[7,0],[0,13]]]},
"G318": {"type": "Matrix2x2", "payoffs": [[[26,2],[15,0]],[[37,10],[0,5]]]},
"G319": {"type": "Matrix2x2", "payoffs": [[[24,13],[0,0]],[[61,20],[45,5]]]},
"G320": {"type": "Matrix2x2", "payoffs": [[[3,28],[74,39]],[[0,32],[4,0]]]},
"G321": {"type": "Matrix2x2", "payoffs": [[[0,11],[7,2]],[[26,0],[38,23]]]},
"G322": {"type": "Matrix2x2", "payoffs": [[[67,14],[0,0]],[[100,100],[72,60]]]},
"G323": {"type": "Matrix2x2", "payoffs": [[[25,0],[97,73]],[[84,31],[0,70]]]},
"G324": {"type": "Matrix2x2", "payoffs": [[[97,94],[0,53]],[[44,0],[53,80]]]},
"G325": {"type": "Matrix2x2", "payoffs": [[[0,24],[57,28]],[[46,10],[6,0]]]},
"G326": {"type": "Matrix2x2", "payoffs": [[[80,21],[0,0]],[[6,95],[97,100]]]},
"G327": {"type": "Matrix2x2", "payoffs": [[[1,0],[87,53]],[[0,32],[79,6]]]},
"G328": {"type": "Matrix2x2", "payoffs": [[[69,0],[0,4]],[[88,59],[90,96]]]},
"G329": {"type": "Matrix2x2", "payoffs": [[[11,36],[1,9]],[[0,0],[18,62]]]},
"G330": {"type": "Matrix2x2", "payoffs": [[[87,0],[0,10]],[[92,34],[2,21]]]},
"G331": {"type": "Matrix2x2", "payoffs": [[[0,16],[26,1]],[[30,0],[39,42]]]},
"G332": {"type": "Matrix2x2", "payoffs": [[[70,28],[0,23]],[[47,21],[5,0]]]},
"G333": {"type": "Matrix2x2", "payoffs": [[[0,40],[33,21]],[[42,42],[21,0]]]},
"G334": {"type": "Matrix2x2", "payoffs": [[[0,0],[96,5]],[[12,3],[48,1]]]},
"G335": {"type": "Matrix2x2", "payoffs": [[[0,10],[41,0]],[[69,49],[6,43]]]},
"G336": {"type": "Matrix2x2", "payoffs": [[[0,0],[22,7]],[[2,5],[55,11]]]},
"G337": {"type": "Matrix2x2", "payoffs": [[[0,5],[12,3]],[[30,9],[21,0]]]},
"G338": {"type": "Matrix2x2", "payoffs": [[[23,26],[22,0]],[[0,18],[14,16]]]},
"G339": {"type": "Matrix2x2", "payoffs": [[[31,43],[0,31]],[[54,86],[50,0]]]},
"G340": {"type": "Matrix2x2", "payoffs": [[[83,5],[5,3]],[[0,0],[43,1]]]},
"G341": {"type": "Matrix2x2", "payoffs": [[[0,0],[2,19]],[[3,24],[4,84]]]},
"G342": {"type": "Matrix2x2", "payoffs": [[[92,49],[0,28]],[[76,15],[42,0]]]},
"G343": {"type": "Matrix2x2", "payoffs": [[[7,0],[19,17]],[[0,5],[16,14]]]},
"G344": {"type": "Matrix2x2", "payoffs": [[[1,26],[52,0]],[[63,41],[0,28]]]},
"G345": {"type": "Matrix2x2", "payoffs": [[[21,40],[51,4]],[[0,0],[65,63]]]},
"G346": {"type": "Matrix2x2", "payoffs": [[[22,37],[0,24]],[[45,64],[14,0]]]},
"G347": {"type": "Matrix2x2", "payoffs": [[[1,2],[0,0]],[[5,8],[8,81]]]},
"G348": {"type": "Matrix2x2", "payoffs": [[[2,0],[1,42]],[[4,75],[0,22]]]},
"G349": {"type": "Matrix2x2", "payoffs": [[[25,65],[0,0]],[[19,19],[43,67]]]},
"G350": {"type": "Matrix2x2", "payoffs": [[[7,0],[0,74]],[[58,78],[48,51]]]},
"G351": {"type": "Matrix2x2", "payoffs": [[[8,15],[0,14]],[[5,0],[10,20]]]},
"G352": {"type": "Matrix2x2", "payoffs": [[[8,0],[0,37]],[[11,51],[10,34]]]},
"G353": {"type": "Matrix2x2", "payoffs": [[[64,38],[25,16]],[[0,0],[44,2]]]},
"G354": {"type": "Matrix2x2", "payoffs": [[[7,98],[0,31]],[[4,0],[5,82]]]},
"G355": {"type": "Matrix2x2", "payoffs": [[[83,0],[86,10]],[[0,5],[48,7]]]},
"G356": {"type": "Matrix2x2", "payoffs": [[[10,0],[0,4]],[[16,11],[14,7]]]},
"G357": {"type": "Matrix2x2", "payoffs": [[[4,83],[13,89]],[[5,0],[0,38]]]},
"G358": {"type": "Matrix2x2", "payoffs": [[[0,1],[5,0]],[[9,9],[23,19]]]},
"G359": {"type": "Matrix2x2", "payoffs": [[[72,20],[0,0]],[[82,39],[9,9]]]},
"G360": {"type": "Matrix2x2", "payoffs": [[[43,0],[46,39]],[[0,27],[94,52]]]},
"G361": {"type": "Matrix2x2", "payoffs": [[[45,32],[11,24]],[[0,0],[34,11]]]},
"G362": {"type": "Matrix2x2", "payoffs": [[[54,21],[49,13]],[[0,3],[50,0]]]},
"G363": {"type": "Matrix2x2", "payoffs": [[[0,17],[8,26]],[[15,28],[14,0]]]},
"G364": {"type": "Matrix2x2", "payoffs": [[[9,25],[18,41]],[[0,34],[5,0]]]},
"G365": {"type": "Matrix2x2", "payoffs": [[[0,3],[11,0]],[[19,10],[20,47]]]},
"G366": {"type": "Matrix2x2", "payoffs": [[[19,20],[23,33]],[[17,29],[0,0]]]},
"G367": {"type": "Matrix2x2", "payoffs": [[[10,81],[1,0]],[[0,24],[11,97]]]},
"G368": {"type": "Matrix2x2", "payoffs": [[[0,0],[4,18]],[[66,15],[78,20]]]},
"G369": {"type": "Matrix2x2", "payoffs": [[[1,44],[0,35]],[[3,86],[2,0]]]},
"G370": {"type": "Matrix2x2", "payoffs": [[[0,13],[25,40]],[[1,0],[52,48]]]},
"G371": {"type": "Matrix2x2", "payoffs": [[[19,96],[18,0]],[[12,91],[0,62]]]},
"G372": {"type": "Matrix2x2", "payoffs": [[[95,52],[0,37]],[[33,0],[2,34]]]},
"G373": {"type": "Matrix2x2", "payoffs": [[[5,1],[0,11]],[[9,0],[16,14]]]},
"G374": {"type": "Matrix2x2", "payoffs": [[[32,28],[1,8]],[[69,37],[0,0]]]},
"G375": {"type": "Matrix2x2", "payoffs": [[[8,12],[0,0]],[[11,28],[5,3]]]},
"G376": {"type": "Matrix2x2", "payoffs": [[[6,7],[46,61]],[[0,11],[38,0]]]},
"G377": {"type": "Matrix2x2", "payoffs": [[[86,5],[8,3]],[[0,2],[26,0]]]},
"G378": {"type": "Matrix2x2", "payoffs": [[[33,55],[8,0]],[[0,52],[58,69]]]},
"G379": {"type": "Matrix2x2", "payoffs": [[[48,81],[39,10]],[[13,0],[0,8]]]},
"G380": {"type": "Matrix2x2", "payoffs": [[[0,10],[10,11]],[[7,0],[4,9]]]},
"G381": {"type": "Matrix2x2", "payoffs": [[[62,47],[0,5]],[[49,0],[50,31]]]},
"G382": {"type": "Matrix2x2", "payoffs": [[[9,30],[19,93]],[[0,87],[11,0]]]},
"G383": {"type": "Matrix2x2", "payoffs": [[[94,28],[0,0]],[[95,47],[30,10]]]},
"G384": {"type": "Matrix2x2", "payoffs": [[[31,41],[54,8]],[[61,97],[0,0]]]},
"G385": {"type": "Matrix2x2", "payoffs": [[[92,49],[28,23]],[[0,0],[36,27]]]},
"G386": {"type": "Matrix2x2", "payoffs": [[[17,0],[36,69]],[[99,80],[0,50]]]},
"G387": {"type": "Matrix2x2", "payoffs": [[[18,15],[73,18]],[[0,0],[42,3]]]},
"G388": {"type": "Matrix2x2", "payoffs": [[[82,16],[24,7]],[[48,0],[0,5]]]},
"G389": {"type": "Matrix2x2", "payoffs": [[[74,56],[52,47]],[[0,36],[8,0]]]},
"G390": {"type": "Matrix2x2", "payoffs": [[[8,30],[84,25]],[[0,0],[85,49]]]},
"G391": {"type": "Matrix2x2", "payoffs": [[[5,0],[19,8]],[[62,15],[0,1]]]},
"G392": {"type": "Matrix2x2", "payoffs": [[[40,15],[74,51]],[[0,29],[71,0]]]},
"G393": {"type": "Matrix2x2", "payoffs": [[[0,0],[23,78]],[[21,69],[11,36]]]},
"G394": {"type": "Matrix2x2", "payoffs": [[[52,2],[76,67]],[[0,0],[21,8]]]},
"G395": {"type": "Matrix2x2", "payoffs": [[[9,0],[19,72]],[[15,59],[0,24]]]},
"G396": {"type": "Matrix2x2", "payoffs": [[[0,0],[17,16]],[[26,30],[38,60]]]},
"G397": {"type": "Matrix2x2", "payoffs": [[[41,16],[0,0]],[[3,4],[26,1]]]},
"G398": {"type": "Matrix2x2", "payoffs": [[[48,21],[0,17]],[[24,0],[30,9]]]},
"G399": {"type": "Matrix2x2", "payoffs": [[[0,0],[25,43]],[[53,80],[42,8]]]},
"G400": {"type": "Matrix2x2", "payoffs": [[[26,0],[20,46]],[[0,13],[79,54]]]},
"G401": {"type": "Matrix2x2", "payoffs": [[[2,0],[0,4]],[[7,79],[4,46]]]},
"G402": {"type": "Matrix2x2", "payoffs": [[[0,24],[43,48]],[[48,0],[73,77]]]},
"G403": {"type": "Matrix2x2", "payoffs": [[[15,3],[20,23]],[[0,0],[12,12]]]},
"G404": {"type": "Matrix2x2", "payoffs": [[[3,24],[5,99]],[[0,20],[2,0]]]},
"G405": {"type": "Matrix2x2", "payoffs": [[[0,0],[21,6]],[[7,1],[3,2]]]},
"G406": {"type": "Matrix2x2", "payoffs": [[[0,42],[3,44]],[[91,57],[2,0]]]},
"G407": {"type": "Matrix2x2", "payoffs": [[[0,22],[18,29]],[[5,0],[55,78]]]},
"G408": {"type": "Matrix2x2", "payoffs": [[[34,37],[29,0]],[[0,32],[31,12]]]},
"G409": {"type": "Matrix2x2", "payoffs": [[[0,15],[86,5]],[[100,18],[32,0]]]},
"G410": {"type": "Matrix2x2", "payoffs": [[[0,0],[1,6]],[[12,33],[34,39]]]},
"G411": {"type": "Matrix2x2", "payoffs": [[[66,99],[0,28]],[[3,59],[39,0]]]},
"G412": {"type": "Matrix2x2", "payoffs": [[[43,9],[0,0]],[[42,5],[2,7]]]},
"G413": {"type": "Matrix2x2", "payoffs": [[[42,1],[63,6]],[[0,5],[12,0]]]},
"G414": {"type": "Matrix2x2", "payoffs": [[[18,40],[16,0]],[[4,14],[0,23]]]},
"G415": {"type": "Matrix2x2", "payoffs": [[[16,37],[64,0]],[[0,10],[95,39]]]},
"G416": {"type": "Matrix2x2", "payoffs": [[[61,0],[8,30]],[[77,34],[0,4]]]},
"G417": {"type": "Matrix2x2", "payoffs": [[[90,19],[91,59]],[[20,0],[0,16]]]},
"G418": {"type": "Matrix2x2", "payoffs": [[[19,80],[7,38]],[[0,34],[6,0]]]},
"G419": {"type": "Matrix2x2", "payoffs": [[[22,13],[0,0]],[[9,17],[39,33]]]},
"G420": {"type": "Matrix2x2", "payoffs": [[[0,23],[45,58]],[[29,0],[44,32]]]},
"G421": {"type": "Matrix2x2", "payoffs": [[[40,53],[25,34]],[[0,52],[1,0]]]},
"G422": {"type": "Matrix2x2", "payoffs": [[[30,0],[0,23]],[[50,64],[35,40]]]},
"G423": {"type": "Matrix2x2", "payoffs": [[[0,0],[31,11]],[[71,40],[6,9]]]},
"G424": {"type": "Matrix2x2", "payoffs": [[[56,29],[0,5]],[[4,0],[53,19]]]},
"G425": {"type": "Matrix2x2", "payoffs": [[[39,1],[2,36]],[[0,0],[54,40]]]},
"G426": {"type": "Matrix2x2", "payoffs": [[[8,66],[62,0]],[[0,20],[78,80]]]},
"G427": {"type": "Matrix2x2", "payoffs": [[[55,59],[51,1]],[[0,41],[52,0]]]},
"G428": {"type": "Matrix2x2", "payoffs": [[[84,53],[0,0]],[[71,34],[36,48]]]},
"G429": {"type": "Matrix2x2", "payoffs": [[[8,18],[73,50]],[[21,13],[0,0]]]},
"G430": {"type": "Matrix2x2", "payoffs": [[[0,7],[66,14]],[[55,0],[58,3]]]},
"G431": {"type": "Matrix2x2", "payoffs": [[[3,36],[24,72]],[[12,52],[0,0]]]},
"G432": {"type": "Matrix2x2", "payoffs": [[[8,0],[5,28]],[[0,19],[13,29]]]},
"G433": {"type": "Matrix2x2", "payoffs": [[[0,12],[17,40]],[[84,42],[35,0]]]},
"G434": {"type": "Matrix2x2", "payoffs": [[[69,75],[67,55]],[[41,0],[0,46]]]},
"G435": {"type": "Matrix2x2", "payoffs": [[[16,6],[70,21]],[[11,11],[0,0]]]},
"G436": {"type": "Matrix2x2", "payoffs": [[[8,1],[45,6]],[[0,2],[10,0]]]},
"G437": {"type": "Matrix2x2", "payoffs": [[[0,0],[53,25]],[[36,4],[44,22]]]},
"G438": {"type": "Matrix2x2", "payoffs": [[[0,0],[93,27]],[[62,16],[41,2]]]},
"G439": {"type": "Matrix2x2", "payoffs": [[[10,3],[24,7]],[[12,0],[0,4]]]},
"G440": {"type": "Matrix2x2", "payoffs": [[[45,0],[80,20]],[[21,16],[0,7]]]},
"G441": {"type": "Matrix2x2", "payoffs": [[[0,50],[22,91]],[[10,0],[18,79]]]},
"G442": {"type": "Matrix2x2", "payoffs": [[[81,16],[56,12]],[[26,0],[0,6]]]},
"G443": {"type": "Matrix2x2", "payoffs": [[[50,63],[0,13]],[[45,0],[69,97]]]},
"G444": {"type": "Matrix2x2", "payoffs": [[[7,47],[64,0]],[[72,77],[0,31]]]},
"G445": {"type": "Matrix2x2", "payoffs": [[[8,0],[0,31]],[[7,71],[19,93]]]},
"G446": {"type": "Matrix2x2", "payoffs": [[[49,76],[12,15]],[[0,0],[70,78]]]},
"G447": {"type": "Matrix2x2", "payoffs": [[[12,87],[11,59]],[[0,53],[3,0]]]},
"G448": {"type": "Matrix2x2", "payoffs": [[[98,61],[72,8]],[[78,0],[0,48]]]},
"G449": {"type": "Matrix2x2", "payoffs": [[[45,36],[4,0]],[[0,28],[13,21]]]},
"G450": {"type": "Matrix2x2", "payoffs": [[[0,31],[100,34]],[[92,0],[43,14]]]},
"G451": {"type": "Matrix2x2", "payoffs": [[[17,45],[29,0]],[[0,6],[76,51]]]},
"G452": {"type": "Matrix2x2", "payoffs": [[[6,32],[57,99]],[[16,0],[0,62]]]},
"G453": {"type": "Matrix2x2", "payoffs": [[[6,15],[12,56]],[[2,45],[0,0]]]},
"G454": {"type": "Matrix2x2", "payoffs": [[[86,58],[0,0]],[[61,45],[48,46]]]},
"G455": {"type": "Matrix2x2", "payoffs": [[[3,2],[59,6]],[[55,0],[0,4]]]},
"G456": {"type": "Matrix2x2", "payoffs": [[[7,1],[12,4]],[[0,2],[3,0]]]},
"G457": {"type": "Matrix2x2", "payoffs": [[[68,0],[98,33]],[[0,25],[50,19]]]},
"G458": {"type": "Matrix2x2", "payoffs": [[[67,49],[81,59]],[[100,96],[0,0]]]},
"G459": {"type": "Matrix2x2", "payoffs": [[[63,12],[41,2]],[[0,1],[27,0]]]},
"G460": {"type": "Matrix2x2", "payoffs": [[[65,24],[41,12]],[[0,0],[70,27]]]},
"G461": {"type": "Matrix2x2", "payoffs": [[[24,47],[0,63]],[[2,0],[33,81]]]},
"G462": {"type": "Matrix2x2", "payoffs": [[[0,0],[5,12]],[[7,34],[41,42]]]},
"G463": {"type": "Matrix2x2", "payoffs": [[[0,25],[9,51]],[[21,55],[15,0]]]},
"G464": {"type": "Matrix2x2", "payoffs": [[[4,1],[0,0]],[[40,25],[42,69]]]},
"G465": {"type": "Matrix2x2", "payoffs": [[[0,0],[57,37]],[[68,52],[56,36]]]},
"G466": {"type": "Matrix2x2", "payoffs": [[[0,5],[83,0]],[[24,58],[100,67]]]},
"G467": {"type": "Matrix2x2", "payoffs": [[[100,100],[5,0]],[[67,42],[0,19]]]},
"G468": {"type": "Matrix2x2", "payoffs": [[[41,9],[0,0]],[[91,37],[64,21]]]},
"G469": {"type": "Matrix2x2", "payoffs": [[[53,33],[13,10]],[[0,0],[16,20]]]},
"G470": {"type": "Matrix2x2", "payoffs": [[[0,9],[12,0]],[[32,28],[3,19]]]},
"G471": {"type": "Matrix2x2", "payoffs": [[[0,70],[25,4]],[[12,0],[30,76]]]},
"G472": {"type": "Matrix2x2", "payoffs": [[[3,4],[0,57]],[[5,63],[2,0]]]},
"G473": {"type": "Matrix2x2", "payoffs": [[[74,56],[44,33]],[[0,0],[64,5]]]},
"G474": {"type": "Matrix2x2", "payoffs": [[[60,0],[71,66]],[[38,43],[0,37]]]},
"G475": {"type": "Matrix2x2", "payoffs": [[[86,74],[66,55]],[[0,6],[31,0]]]},
"G476": {"type": "Matrix2x2", "payoffs": [[[42,36],[83,40]],[[0,0],[90,51]]]},
"G477": {"type": "Matrix2x2", "payoffs": [[[0,16],[12,0]],[[17,38],[9,32]]]},
"G478": {"type": "Matrix2x2", "payoffs": [[[1,11],[86,33]],[[94,47],[0,0]]]},
"G479": {"type": "Matrix2x2", "payoffs": [[[25,20],[29,77]],[[0,2],[9,0]]]},
"G480": {"type": "Matrix2x2", "payoffs": [[[50,22],[80,34]],[[14,0],[0,28]]]},
"G481": {"type": "Matrix2x2", "payoffs": [[[1,8],[4,16]],[[0,0],[3,10]]]},
"G482": {"type": "Matrix2x2", "payoffs": [[[0,52],[1,63]],[[2,0],[3,66]]]},
"G483": {"type": "Matrix2x2", "payoffs": [[[0,56],[79,95]],[[8,52],[45,0]]]},
"G484": {"type": "Matrix2x2", "payoffs": [[[5,6],[6,0]],[[29,20],[0,15]]]},
"G485": {"type": "Matrix2x2", "payoffs": [[[79,54],[52,36]],[[0,0],[35,15]]]},
"G486": {"type": "Matrix2x2", "payoffs": [[[0,10],[48,7]],[[66,74],[25,0]]]},
"G487": {"type": "Matrix2x2", "payoffs": [[[40,90],[13,24]],[[12,0],[0,59]]]},
"G488": {"type": "Matrix2x2", "payoffs": [[[18,25],[52,63]],[[0,0],[32,54]]]},
"G489": {"type": "Matrix2x2", "payoffs": [[[0,29],[14,0]],[[44,43],[46,55]]]},
"G490": {"type": "Matrix2x2", "payoffs": [[[9,70],[2,24]],[[0,43],[1,0]]]},
"G491": {"type": "Matrix2x2", "payoffs": [[[31,1],[0,5]],[[29,0],[41,15]]]},
"G492": {"type": "Matrix2x2", "payoffs": [[[50,89],[6,0]],[[0,72],[9,5]]]},
"G493": {"type": "Matrix2x2", "payoffs": [[[16,22],[64,56]],[[0,0],[13,4]]]},
"G494": {"type": "Matrix2x2", "payoffs": [[[0,1],[3,0]],[[5,48],[12,60]]]},
"G495": {"type": "Matrix2x2", "payoffs": [[[86,32],[0,0]],[[93,45],[45,24]]]},
"G496": {"type": "Matrix2x2", "payoffs": [[[0,0],[17,40]],[[63,53],[25,26]]]},
"G497": {"type": "Matrix2x2", "payoffs": [[[13,6],[26,43]],[[0,26],[7,0]]]},
"G498": {"type": "Matrix2x2", "payoffs": [[[6,35],[0,12]],[[8,0],[10,43]]]},
"G499": {"type": "Matrix2x2", "payoffs": [[[60,3],[62,57]],[[7,0],[0,34]]]},
"G500": {"type": "Matrix2x2", "payoffs": [[[0,0],[91,7]],[[61,11],[96,14]]]},
"G501": {"type": "Matrix2x2", "payoffs": [[[3,3],[2,0]],[[1,2],[0,1]]]},
"G502": {"type": "Matrix2x2", "payoffs": [[[0,25],[10,0]],[[22,18],[31,50]]]},
"G503": {"type": "Matrix2x2", "payoffs": [[[0,15],[33,0]],[[29,18],[60,40]]]},
"G504": {"type": "Matrix2x2", "payoffs": [[[0,19],[73,29]],[[57,0],[35,12]]]},
"G505": {"type": "Matrix2x2", "payoffs": [[[0,46],[62,0]],[[76,53],[87,96]]]},
"G506": {"type": "Matrix2x2", "payoffs": [[[66,49],[0,10]],[[27,0],[80,90]]]},
"G507": {"type": "Matrix2x2", "payoffs": [[[1,0],[19,84]],[[11,47],[0,31]]]},
"G508": {"type": "Matrix2x2", "payoffs": [[[75,8],[88,37]],[[0,32],[8,0]]]},
"G509": {"type": "Matrix2x2", "payoffs": [[[1,35],[0,0]],[[2,17],[5,91]]]},
"G510": {"type": "Matrix2x2", "payoffs": [[[5,0],[43,96]],[[13,54],[0,90]]]},
"G511": {"type": "Matrix2x2", "payoffs": [[[13,12],[0,0]],[[10,7],[58,19]]]},
"G512": {"type": "Matrix2x2", "payoffs": [[[0,6],[48,31]],[[33,0],[2,29]]]},
"G513": {"type": "Matrix2x2", "payoffs": [[[17,63],[46,0]],[[53,95],[0,88]]]},
"G514": {"type": "Matrix2x2", "payoffs": [[[25,74],[1,0]],[[10,32],[0,40]]]},
"G515": {"type": "Matrix2x2", "payoffs": [[[10,1],[28,3]],[[0,2],[14,0]]]},
"G516": {"type": "Matrix2x2", "payoffs": [[[24,27],[70,51]],[[52,20],[0,0]]]},
"G517": {"type": "Matrix2x2", "payoffs": [[[0,2],[21,3]],[[76,0],[86,4]]]},
"G518": {"type": "Matrix2x2", "payoffs": [[[24,6],[69,73]],[[0,0],[64,36]]]},
"G519": {"type": "Matrix2x2", "payoffs": [[[7,69],[2,34]],[[0,17],[6,0]]]},
"G520": {"type": "Matrix2x2", "payoffs": [[[8,17],[60,16]],[[0,0],[66,18]]]},
"G521": {"type": "Matrix2x2", "payoffs": [[[80,53],[62,41]],[[25,45],[0,0]]]},
"G522": {"type": "Matrix2x2", "payoffs": [[[0,0],[67,22]],[[1,31],[91,69]]]},
"G523": {"type": "Matrix2x2", "payoffs": [[[33,7],[63,9]],[[44,0],[0,1]]]},
"G524": {"type": "Matrix2x2", "payoffs": [[[0,60],[14,9]],[[1,0],[44,62]]]},
"G525": {"type": "Matrix2x2", "payoffs": [[[56,42],[20,21]],[[0,0],[76,78]]]},
"G526": {"type": "Matrix2x2", "payoffs": [[[15,0],[54,86]],[[0,51],[2,52]]]},
"G527": {"type": "Matrix2x2", "payoffs": [[[4,28],[42,49]],[[26,33],[0,0]]]},
"G528": {"type": "Matrix2x2", "payoffs": [[[12,0],[14,20]],[[44,50],[0,34]]]},
"G529": {"type": "Matrix2x2", "payoffs": [[[4,14],[5,57]],[[0,42],[3,0]]]},
"G530": {"type": "Matrix2x2", "payoffs": [[[0,15],[66,60]],[[69,69],[9,0]]]},
"G531": {"type": "Matrix2x2", "payoffs": [[[7,69],[2,12]],[[0,62],[1,0]]]},
"G532": {"type": "Matrix2x2", "payoffs": [[[38,40],[25,33]],[[37,0],[0,8]]]},
"G533": {"type": "Matrix2x2", "payoffs": [[[14,8],[23,12]],[[0,0],[15,6]]]},
"G534": {"type": "Matrix2x2", "payoffs": [[[53,0],[25,49]],[[0,11],[56,74]]]},
"G535": {"type": "Matrix2x2", "payoffs": [[[10,1],[0,8]],[[1,0],[16,20]]]},
"G536": {"type": "Matrix2x2", "payoffs": [[[15,41],[0,0]],[[30,36],[49,46]]]},
"G537": {"type": "Matrix2x2", "payoffs": [[[0,0],[3,7]],[[42,22],[6,12]]]},
"G538": {"type": "Matrix2x2", "payoffs": [[[89,14],[31,5]],[[0,1],[44,0]]]},
"G539": {"type": "Matrix2x2", "payoffs": [[[6,7],[0,0]],[[78,22],[5,9]]]},
"G540": {"type": "Matrix2x2", "payoffs": [[[1,34],[3,0]],[[4,47],[0,24]]]},
"G541": {"type": "Matrix2x2", "payoffs": [[[42,97],[32,88]],[[0,92],[37,0]]]},
"G542": {"type": "Matrix2x2", "payoffs": [[[56,0],[61,14]],[[0,3],[21,6]]]},
"G543": {"type": "Matrix2x2", "payoffs": [[[46,0],[92,39]],[[82,9],[0,28]]]},
"G544": {"type": "Matrix2x2", "payoffs": [[[40,0],[19,13]],[[0,33],[63,84]]]},
"G545": {"type": "Matrix2x2", "payoffs": [[[60,41],[50,33]],[[28,0],[0,40]]]},
"G546": {"type": "Matrix2x2", "payoffs": [[[32,50],[0,86]],[[38,0],[77,88]]]},
"G547": {"type": "Matrix2x2", "payoffs": [[[4,0],[0,7]],[[51,17],[41,9]]]},
"G548": {"type": "Matrix2x2", "payoffs": [[[0,3],[16,0]],[[40,7],[45,14]]]},
"G549": {"type": "Matrix2x2", "payoffs": [[[63,14],[0,0]],[[89,1],[97,18]]]},
"G550": {"type": "Matrix2x2", "payoffs": [[[0,23],[41,36]],[[35,15],[28,0]]]},
"G551": {"type": "Matrix2x2", "payoffs": [[[18,1],[62,4]],[[0,2],[60,0]]]},
"G552": {"type": "Matrix2x2", "payoffs": [[[90,32],[30,9]],[[46,0],[0,10]]]},
"G553": {"type": "Matrix2x2", "payoffs": [[[0,0],[56,52]],[[16,7],[25,48]]]},
"G554": {"type": "Matrix2x2", "payoffs": [[[5,5],[68,63]],[[53,0],[0,30]]]},
"G555": {"type": "Matrix2x2", "payoffs": [[[7,32],[1,0]],[[0,17],[6,30]]]},
"G556": {"type": "Matrix2x2", "payoffs": [[[19,0],[0,14]],[[20,13],[34,19]]]},
"G557": {"type": "Matrix2x2", "payoffs": [[[39,5],[0,0]],[[92,37],[65,14]]]},
"G558": {"type": "Matrix2x2", "payoffs": [[[0,0],[1,5]],[[14,65],[4,46]]]},
"G559": {"type": "Matrix2x2", "payoffs": [[[72,98],[68,0]],[[36,48],[0,24]]]},
"G560": {"type": "Matrix2x2", "payoffs": [[[0,21],[31,14]],[[21,0],[47,77]]]},
"G561": {"type": "Matrix2x2", "payoffs": [[[10,85],[0,0]],[[7,7],[6,75]]]},
"G562": {"type": "Matrix2x2", "payoffs": [[[4,0],[0,31]],[[11,73],[6,51]]]},
"G563": {"type": "Matrix2x2", "payoffs": [[[34,46],[0,0]],[[36,62],[31,21]]]},
"G564": {"type": "Matrix2x2", "payoffs": [[[7,0],[0,7]],[[32,9],[99,12]]]},
"G565": {"type": "Matrix2x2", "payoffs": [[[58,9],[60,11]],[[7,0],[0,2]]]},
"G566": {"type": "Matrix2x2", "payoffs": [[[2,0],[1,58]],[[3,77],[0,35]]]},
"G567": {"type": "Matrix2x2", "payoffs": [[[55,41],[2,36]],[[0,35],[31,0]]]},
"G568": {"type": "Matrix2x2", "payoffs": [[[53,0],[65,19]],[[0,7],[16,1]]]},
"G569": {"type": "Matrix2x2", "payoffs": [[[86,16],[76,0]],[[0,15],[62,7]]]},
"G570": {"type": "Matrix2x2", "payoffs": [[[14,15],[4,11]],[[0,12],[8,0]]]},
"G571": {"type": "Matrix2x2", "payoffs": [[[12,3],[0,0]],[[35,9],[33,5]]]},
"G572": {"type": "Matrix2x2", "payoffs": [[[57,0],[0,2]],[[73,11],[30,8]]]},
"G573": {"type": "Matrix2x2", "payoffs": [[[24,41],[22,29]],[[0,0],[16,26]]]},
"G574": {"type": "Matrix2x2", "payoffs": [[[51,3],[35,5]],[[59,6],[0,0]]]},
"G575": {"type": "Matrix2x2", "payoffs": [[[20,77],[9,9]],[[18,0],[0,52]]]},
"G576": {"type": "Matrix2x2", "payoffs": [[[4,3],[16,13]],[[20,37],[0,0]]]},
"G577": {"type": "Matrix2x2", "payoffs": [[[44,28],[46,63]],[[0,5],[40,0]]]},
"G578": {"type": "Matrix2x2", "payoffs": [[[51,16],[35,0]],[[14,14],[0,15]]]},
"G579": {"type": "Matrix2x2", "payoffs": [[[0,10],[2,6]],[[8,0],[33,28]]]},
"G580": {"type": "Matrix2x2", "payoffs": [[[18,0],[0,12]],[[33,63],[14,40]]]},
"G581": {"type": "Matrix2x2", "payoffs": [[[95,89],[0,26]],[[9,5],[41,0]]]},
"G582": {"type": "Matrix2x2", "payoffs": [[[21,36],[2,19]],[[0,0],[10,25]]]},
"G583": {"type": "Matrix2x2", "payoffs": [[[0,0],[87,84]],[[68,26],[6,50]]]},
"G584": {"type": "Matrix2x2", "payoffs": [[[35,11],[54,47]],[[0,0],[39,12]]]},
"G585": {"type": "Matrix2x2", "payoffs": [[[30,35],[1,31]],[[2,21],[0,0]]]},
"G586": {"type": "Matrix2x2", "payoffs": [[[0,0],[21,28]],[[44,38],[22,11]]]},
"G587": {"type": "Matrix2x2", "payoffs": [[[18,5],[28,18]],[[9,0],[0,2]]]},
"G588": {"type": "Matrix2x2", "payoffs": [[[51,35],[7,0]],[[0,33],[34,2]]]},
"G589": {"type": "Matrix2x2", "payoffs": [[[0,34],[40,38]],[[14,0],[34,18]]]},
"G590": {"type": "Matrix2x2", "payoffs": [[[51,17],[0,10]],[[34,0],[83,24]]]},
"G591": {"type": "Matrix2x2", "payoffs": [[[27,14],[50,51]],[[9,38],[0,0]]]},
"G592": {"type": "Matrix2x2", "payoffs": [[[94,89],[62,31]],[[0,0],[90,70]]]},
"G593": {"type": "Matrix2x2", "payoffs": [[[0,1],[36,0]],[[23,47],[97,48]]]},
"G594": {"type": "Matrix2x2", "payoffs": [[[30,1],[72,10]],[[0,0],[84,14]]]},
"G595": {"type": "Matrix2x2", "payoffs": [[[0,6],[3,12]],[[43,49],[31,0]]]},
"G596": {"type": "Matrix2x2", "payoffs": [[[9,73],[8,75]],[[83,89],[0,0]]]},
"G597": {"type": "Matrix2x2", "payoffs": [[[37,81],[32,7]],[[16,0],[0,63]]]},
"G598": {"type": "Matrix2x2", "payoffs": [[[10,2],[81,26]],[[0,0],[73,18]]]},
"G599": {"type": "Matrix2x2", "payoffs": [[[22,0],[0,13]],[[81,52],[90,69]]]},
"G600": {"type": "Matrix2x2", "payoffs": [[[12,63],[7,0]],[[1,36],[0,50]]]},
"G601": {"type": "Matrix2x2", "payoffs": [[[2,16],[10,0]],[[0,9],[15,66]]]},
"G602": {"type": "Matrix2x2", "payoffs": [[[24,75],[17,60]],[[0,0],[15,28]]]},
"G603": {"type": "Matrix2x2", "payoffs": [[[11,72],[5,55]],[[0,0],[8,42]]]},
"G604": {"type": "Matrix2x2", "payoffs": [[[44,78],[0,26]],[[85,92],[57,0]]]},
"G605": {"type": "Matrix2x2", "payoffs": [[[7,4],[9,7]],[[0,0],[8,1]]]},
"G606": {"type": "Matrix2x2", "payoffs": [[[0,7],[10,6]],[[29,14],[25,0]]]},
"G607": {"type": "Matrix2x2", "payoffs": [[[29,0],[0,18]],[[49,6],[83,68]]]},
"G608": {"type": "Matrix2x2", "payoffs": [[[19,21],[6,3]],[[0,0],[63,45]]]},
"G609": {"type": "Matrix2x2", "payoffs": [[[15,8],[37,28]],[[0,15],[10,0]]]},
"G610": {"type": "Matrix2x2", "payoffs": [[[0,12],[44,21]],[[49,84],[20,0]]]},
"G611": {"type": "Matrix2x2", "payoffs": [[[0,0],[32,18]],[[50,19],[4,6]]]},
"G612": {"type": "Matrix2x2", "payoffs": [[[21,0],[11,7]],[[56,69],[0,48]]]},
"G613": {"type": "Matrix2x2", "payoffs": [[[34,0],[58,8]],[[0,10],[68,20]]]},
"G614": {"type": "Matrix2x2", "payoffs": [[[1,4],[0,0]],[[17,6],[21,10]]]},
"G615": {"type": "Matrix2x2", "payoffs": [[[8,14],[15,0]],[[0,45],[33,53]]]},
"G616": {"type": "Matrix2x2", "payoffs": [[[11,19],[0,0]],[[3,8],[17,20]]]},
"G617": {"type": "Matrix2x2", "payoffs": [[[1,11],[3,85]],[[2,74],[0,0]]]},
"G618": {"type": "Matrix2x2", "payoffs": [[[0,0],[19,4]],[[80,73],[59,28]]]},
"G619": {"type": "Matrix2x2", "payoffs": [[[10,6],[13,12]],[[0,0],[11,2]]]},
"G620": {"type": "Matrix2x2", "payoffs": [[[0,16],[22,0]],[[57,34],[84,54]]]},
"G621": {"type": "Matrix2x2", "payoffs": [[[64,19],[22,9]],[[20,16],[0,0]]]},
"G622": {"type": "Matrix2x2", "payoffs": [[[15,17],[0,0]],[[10,2],[11,5]]]},
"G623": {"type": "Matrix2x2", "payoffs": [[[6,14],[4,0]],[[12,41],[0,31]]]},
"G624": {"type": "Matrix2x2", "payoffs": [[[44,82],[0,3]],[[11,0],[9,44]]]},
"G625": {"type": "Matrix2x2", "payoffs": [[[0,0],[43,22]],[[79,82],[28,2]]]},
"G626": {"type": "Matrix2x2", "payoffs": [[[0,9],[17,59]],[[55,0],[78,85]]]},
"G627": {"type": "Matrix2x2", "payoffs": [[[37,52],[4,29]],[[0,0],[10,46]]]},
"G628": {"type": "Matrix2x2", "payoffs": [[[17,0],[30,7]],[[7,6],[0,2]]]},
"G629": {"type": "Matrix2x2", "payoffs": [[[56,24],[65,0]],[[73,49],[0,29]]]},
"G630": {"type": "Matrix2x2", "payoffs": [[[0,0],[51,60]],[[46,64],[66,65]]]},
"G631": {"type": "Matrix2x2", "payoffs": [[[0,30],[1,0]],[[3,14],[23,31]]]},
"G632": {"type": "Matrix2x2", "payoffs": [[[15,18],[7,0]],[[46,40],[0,37]]]},
"G633": {"type": "Matrix2x2", "payoffs": [[[96,69],[9,0]],[[78,44],[0,51]]]},
"G634": {"type": "Matrix2x2", "payoffs": [[[65,59],[26,0]],[[44,48],[0,34]]]},
"G635": {"type": "Matrix2x2", "payoffs": [[[14,5],[1,0]],[[35,15],[0,12]]]},
"G636": {"type": "Matrix2x2", "payoffs": [[[0,45],[27,55]],[[22,0],[83,99]]]},
"G637": {"type": "Matrix2x2", "payoffs": [[[0,6],[18,4]],[[9,0],[19,11]]]},
"G638": {"type": "Matrix2x2", "payoffs": [[[46,29],[0,6]],[[40,0],[33,27]]]},
"G639": {"type": "Matrix2x2", "payoffs": [[[37,31],[0,0]],[[87,42],[93,43]]]},
"G640": {"type": "Matrix2x2", "payoffs": [[[62,1],[0,15]],[[81,63],[6,0]]]},
"G641": {"type": "Matrix2x2", "payoffs": [[[36,6],[1,21]],[[87,37],[0,0]]]},
"G642": {"type": "Matrix2x2", "payoffs": [[[10,34],[8,45]],[[0,0],[12,79]]]},
"G643": {"type": "Matrix2x2", "payoffs": [[[0,59],[30,64]],[[8,0],[20,50]]]},
"G644": {"type": "Matrix2x2", "payoffs": [[[49,96],[29,0]],[[0,76],[5,78]]]},
"G645": {"type": "Matrix2x2", "payoffs": [[[4,0],[28,2]],[[0,3],[73,61]]]},
"G646": {"type": "Matrix2x2", "payoffs": [[[0,0],[40,25]],[[69,43],[41,4]]]},
"G647": {"type": "Matrix2x2", "payoffs": [[[0,83],[18,30]],[[43,0],[63,85]]]},
"G648": {"type": "Matrix2x2", "payoffs": [[[24,0],[20,8]],[[59,16],[0,4]]]},
"G649": {"type": "Matrix2x2", "payoffs": [[[0,0],[63,13]],[[7,2],[45,10]]]},
"G650": {"type": "Matrix2x2", "payoffs": [[[60,21],[45,10]],[[0,18],[8,0]]]},
"G651": {"type": "Matrix2x2", "payoffs": [[[13,10],[15,48]],[[0,1],[4,0]]]},
"G652": {"type": "Matrix2x2", "payoffs": [[[18,54],[10,32]],[[17,0],[0,43]]]},
"G653": {"type": "Matrix2x2", "payoffs": [[[79,4],[81,76]],[[52,0],[0,17]]]},
"G654": {"type": "Matrix2x2", "payoffs": [[[55,43],[0,0]],[[86,49],[42,32]]]},
"G655": {"type": "Matrix2x2", "payoffs": [[[29,44],[17,0]],[[80,93],[0,83]]]},
"G656": {"type": "Matrix2x2", "payoffs": [[[14,18],[29,11]],[[0,0],[73,27]]]},
"G657": {"type": "Matrix2x2", "payoffs": [[[0,2],[10,26]],[[34,45],[20,0]]]},
"G658": {"type": "Matrix2x2", "payoffs": [[[28,28],[10,15]],[[8,25],[0,0]]]},
"G659": {"type": "Matrix2x2", "payoffs": [[[3,17],[0,10]],[[2,0],[1,4]]]},
"G660": {"type": "Matrix2x2", "payoffs": [[[36,47],[9,6]],[[0,0],[32,35]]]},
"G661": {"type": "Matrix2x2", "payoffs": [[[63,0],[5,27]],[[0,29],[66,37]]]},
"G662": {"type": "Matrix2x2", "payoffs": [[[4,1],[16,0]],[[32,95],[0,12]]]},
"G663": {"type": "Matrix2x2", "payoffs": [[[93,33],[76,0]],[[22,15],[0,1]]]},
"G664": {"type": "Matrix2x2", "payoffs": [[[84,44],[69,27]],[[0,0],[70,11]]]},
"G665": {"type": "Matrix2x2", "payoffs": [[[9,29],[0,0]],[[1,43],[31,74]]]},
"G666": {"type": "Matrix2x2", "payoffs": [[[0,28],[5,8]],[[14,30],[8,0]]]},
"G667": {"type": "Matrix2x2", "payoffs": [[[0,64],[74,87]],[[18,0],[7,7]]]},
"G668": {"type": "Matrix2x2", "payoffs": [[[93,85],[56,0]],[[75,78],[0,63]]]},
"G669": {"type": "Matrix2x2", "payoffs": [[[42,27],[88,60]],[[78,0],[0,10]]]},
"G670": {"type": "Matrix2x2", "payoffs": [[[5,16],[0,2]],[[6,0],[8,19]]]},
"G671": {"type": "Matrix2x2", "payoffs": [[[15,0],[87,59]],[[63,52],[0,21]]]},
"G672": {"type": "Matrix2x2", "payoffs": [[[11,80],[0,29]],[[5,8],[6,0]]]},
"G673": {"type": "Matrix2x2", "payoffs": [[[0,8],[11,28]],[[7,10],[10,0]]]},
"G674": {"type": "Matrix2x2", "payoffs": [[[0,1],[30,38]],[[2,28],[28,0]]]},
"G675": {"type": "Matrix2x2", "payoffs": [[[91,17],[54,8]],[[0,0],[48,14]]]},
"G676": {"type": "Matrix2x2", "payoffs": [[[39,0],[67,21]],[[75,31],[0,4]]]},
"G677": {"type": "Matrix2x2", "payoffs": [[[0,30],[16,16]],[[64,43],[14,0]]]},
"G678": {"type": "Matrix2x2", "payoffs": [[[11,1],[0,0]],[[24,87],[78,89]]]},
"G679": {"type": "Matrix2x2", "payoffs": [[[93,48],[0,13]],[[33,12],[48,0]]]},
"G680": {"type": "Matrix2x2", "payoffs": [[[24,0],[0,37]],[[35,45],[33,25]]]},
"G681": {"type": "Matrix2x2", "payoffs": [[[0,0],[12,82]],[[8,24],[11,42]]]},
"G682": {"type": "Matrix2x2", "payoffs": [[[9,17],[0,0]],[[77,69],[20,6]]]},
"G683": {"type": "Matrix2x2", "payoffs": [[[0,51],[46,79]],[[47,0],[89,100]]]},
"G684": {"type": "Matrix2x2", "payoffs": [[[0,40],[25,85]],[[10,54],[7,0]]]},
"G685": {"type": "Matrix2x2", "payoffs": [[[9,0],[0,24]],[[77,42],[92,52]]]},
"G686": {"type": "Matrix2x2", "payoffs": [[[7,0],[0,4]],[[15,23],[9,12]]]},
"G687": {"type": "Matrix2x2", "payoffs": [[[61,51],[21,0]],[[0,49],[4,17]]]},
"G688": {"type": "Matrix2x2", "payoffs": [[[18,63],[26,75]],[[24,48],[0,0]]]},
"G689": {"type": "Matrix2x2", "payoffs": [[[40,46],[0,52]],[[48,61],[2,0]]]},
"G690": {"type": "Matrix2x2", "payoffs": [[[4,0],[0,6]],[[93,96],[18,94]]]},
"G691": {"type": "Matrix2x2", "payoffs": [[[2,19],[14,30]],[[9,0],[0,15]]]},
"G692": {"type": "Matrix2x2", "payoffs": [[[27,21],[16,12]],[[0,14],[11,0]]]},
"G693": {"type": "Matrix2x2", "payoffs": [[[1,21],[7,0]],[[23,26],[0,24]]]},
"G694": {"type": "Matrix2x2", "payoffs": [[[0,4],[58,0]],[[23,10],[60,24]]]},
"G695": {"type": "Matrix2x2", "payoffs": [[[70,91],[25,1]],[[33,0],[0,10]]]},
"G696": {"type": "Matrix2x2", "payoffs": [[[33,31],[18,23]],[[0,0],[50,53]]]},
"G697": {"type": "Matrix2x2", "payoffs": [[[21,0],[47,6]],[[0,20],[65,31]]]},
"G698": {"type": "Matrix2x2", "payoffs": [[[23,86],[8,61]],[[2,0],[0,46]]]},
"G699": {"type": "Matrix2x2", "payoffs": [[[38,26],[71,39]],[[39,11],[0,0]]]},
"G700": {"type": "Matrix2x2", "payoffs": [[[12,5],[0,0]],[[26,18],[18,7]]]},
"G701": {"type": "Matrix2x2", "payoffs": [[[9,24],[0,0]],[[83,92],[76,48]]]},
"G702": {"type": "Matrix2x2", "payoffs": [[[0,6],[84,46]],[[57,0],[32,15]]]},
"G703": {"type": "Matrix2x2", "payoffs": [[[8,5],[9,3]],[[24,14],[0,0]]]},
"G704": {"type": "Matrix2x2", "payoffs": [[[5,0],[0,1]],[[41,34],[10,33]]]},
"G705": {"type": "Matrix2x2", "payoffs": [[[5,0],[81,50]],[[28,36],[0,18]]]},
"G706": {"type": "Matrix2x2", "payoffs": [[[0,0],[14,71]],[[32,74],[22,48]]]},
"G707": {"type": "Matrix2x2", "payoffs": [[[6,0],[1,13]],[[8,15],[0,4]]]},
"G708": {"type": "Matrix2x2", "payoffs": [[[85,51],[70,48]],[[5,0],[0,36]]]},
"G709": {"type": "Matrix2x2", "payoffs": [[[39,19],[28,5]],[[11,12],[0,0]]]},
"G710": {"type": "Matrix2x2", "payoffs": [[[7,99],[0,0]],[[4,10],[2,26]]]},
"G711": {"type": "Matrix2x2", "payoffs": [[[7,29],[78,31]],[[0,4],[9,0]]]},
"G712": {"type": "Matrix2x2", "payoffs": [[[1,77],[47,0]],[[73,83],[0,46]]]},
"G713": {"type": "Matrix2x2", "payoffs": [[[24,6],[4,1]],[[0,0],[1,3]]]},
"G714": {"type": "Matrix2x2", "payoffs": [[[27,87],[0,51]],[[12,0],[14,23]]]},
"G715": {"type": "Matrix2x2", "payoffs": [[[29,45],[0,20]],[[6,0],[13,36]]]},
"G716": {"type": "Matrix2x2", "payoffs": [[[2,55],[5,0]],[[6,68],[0,16]]]},
"G717": {"type": "Matrix2x2", "payoffs": [[[32,0],[33,6]],[[0,5],[29,3]]]},
"G718": {"type": "Matrix2x2", "payoffs": [[[70,98],[24,0]],[[0,83],[57,60]]]},
"G719": {"type": "Matrix2x2", "payoffs": [[[55,67],[47,70]],[[0,0],[62,86]]]},
"G720": {"type": "Matrix2x2", "payoffs": [[[0,0],[99,65]],[[27,32],[48,25]]]},
"G721": {"type": "Matrix2x2", "payoffs": [[[79,41],[0,0]],[[75,11],[88,49]]]},
"G722": {"type": "Matrix2x2", "payoffs": [[[3,47],[0,0]],[[6,44],[8,50]]]},
"G723": {"type": "Matrix2x2", "payoffs": [[[43,84],[0,8]],[[1,28],[27,0]]]},
"G724": {"type": "Matrix2x2", "payoffs": [[[48,61],[24,7]],[[0,0],[8,46]]]},
"G725": {"type": "Matrix2x2", "payoffs": [[[45,17],[96,38]],[[0,0],[81,28]]]},
"G726": {"type": "Matrix2x2", "payoffs": [[[63,86],[4,68]],[[20,15],[0,0]]]},
"G727": {"type": "Matrix2x2", "payoffs": [[[21,1],[4,2]],[[0,0],[22,12]]]},
"G728": {"type": "Matrix2x2", "payoffs": [[[49,83],[40,0]],[[0,37],[1,8]]]},
"G729": {"type": "Matrix2x2", "payoffs": [[[68,39],[25,0]],[[81,44],[0,19]]]},
"G730": {"type": "Matrix2x2", "payoffs": [[[0,75],[56,82]],[[39,0],[7,33]]]},
"G731": {"type": "Matrix2x2", "payoffs": [[[0,40],[40,0]],[[71,5],[77,87]]]},
"G732": {"type": "Matrix2x2", "payoffs": [[[0,23],[81,0]],[[86,69],[20,3]]]},
"G733": {"type": "Matrix2x2", "payoffs": [[[0,22],[1,19]],[[9,0],[26,92]]]},
"G734": {"type": "Matrix2x2", "payoffs": [[[7,5],[31,7]],[[0,0],[22,6]]]},
"G735": {"type": "Matrix2x2", "payoffs": [[[0,0],[70,48]],[[6,4],[24,37]]]},
"G736": {"type": "Matrix2x2", "payoffs": [[[17,0],[0,15]],[[11,24],[57,30]]]},
"G737": {"type": "Matrix2x2", "payoffs": [[[24,87],[0,32]],[[17,41],[16,0]]]},
"G738": {"type": "Matrix2x2", "payoffs": [[[3,8],[13,0]],[[19,20],[0,15]]]},
"G739": {"type": "Matrix2x2", "payoffs": [[[79,78],[55,68]],[[0,75],[16,0]]]},
"G740": {"type": "Matrix2x2", "payoffs": [[[66,98],[26,0]],[[0,42],[23,69]]]},
"G741": {"type": "Matrix2x2", "payoffs": [[[25,0],[71,42]],[[88,56],[0,27]]]},
"G742": {"type": "Matrix2x2", "payoffs": [[[71,79],[22,25]],[[52,0],[0,23]]]},
"G743": {"type": "Matrix2x2", "payoffs": [[[33,1],[7,0]],[[96,83],[0,65]]]},
"G744": {"type": "Matrix2x2", "payoffs": [[[49,0],[42,20]],[[73,24],[0,6]]]},
"G745": {"type": "Matrix2x2", "payoffs": [[[0,23],[96,80]],[[23,0],[89,47]]]},
"G746": {"type": "Matrix2x2", "payoffs": [[[0,0],[61,3]],[[30,9],[97,14]]]},
"G747": {"type": "Matrix2x2", "payoffs": [[[59,0],[0,1]],[[100,26],[30,6]]]},
"G748": {"type": "Matrix2x2", "payoffs": [[[92,40],[0,33]],[[45,0],[32,11]]]},
"G749": {"type": "Matrix2x2", "payoffs": [[[17,11],[35,35]],[[32,3],[0,0]]]},
"G750": {"type": "Matrix2x2", "payoffs": [[[25,19],[0,0]],[[14,7],[7,15]]]},
"G751": {"type": "Matrix2x2", "payoffs": [[[23,52],[1,66]],[[0,0],[26,79]]]},
"G752": {"type": "Matrix2x2", "payoffs": [[[17,46],[0,3]],[[15,41],[13,0]]]},
"G753": {"type": "Matrix2x2", "payoffs": [[[0,5],[49,14]],[[16,3],[48,0]]]},
"G754": {"type": "Matrix2x2", "payoffs": [[[79,35],[34,25]],[[0,0],[81,62]]]},
"G755": {"type": "Matrix2x2", "payoffs": [[[66,60],[40,0]],[[0,19],[4,26]]]},
"G756": {"type": "Matrix2x2", "payoffs": [[[19,15],[0,3]],[[67,21],[26,0]]]},
"G757": {"type": "Matrix2x2", "payoffs": [[[0,6],[17,0]],[[72,74],[74,77]]]},
"G758": {"type": "Matrix2x2", "payoffs": [[[0,26],[16,0]],[[9,6],[83,52]]]},
"G759": {"type": "Matrix2x2", "payoffs": [[[5,0],[7,64]],[[1,22],[0,36]]]},
"G760": {"type": "Matrix2x2", "payoffs": [[[38,50],[30,0]],[[18,37],[0,18]]]},
"G761": {"type": "Matrix2x2", "payoffs": [[[25,49],[6,0]],[[0,57],[42,62]]]},
"G762": {"type": "Matrix2x2", "payoffs": [[[52,20],[0,0]],[[7,19],[30,4]]]},
"G763": {"type": "Matrix2x2", "payoffs": [[[0,0],[17,8]],[[19,2],[29,13]]]},
"G764": {"type": "Matrix2x2", "payoffs": [[[94,10],[0,8]],[[1,3],[37,0]]]},
"G765": {"type": "Matrix2x2", "payoffs": [[[0,40],[56,47]],[[6,0],[10,26]]]},
"G766": {"type": "Matrix2x2", "payoffs": [[[19,34],[4,24]],[[0,0],[21,48]]]},
"G767": {"type": "Matrix2x2", "payoffs": [[[25,9],[0,0]],[[24,18],[79,27]]]},
"G768": {"type": "Matrix2x2", "payoffs": [[[87,37],[93,45]],[[62,3],[0,0]]]},
"G769": {"type": "Matrix2x2", "payoffs": [[[32,56],[31,5]],[[0,9],[8,0]]]},
"G770": {"type": "Matrix2x2", "payoffs": [[[0,10],[21,0]],[[13,23],[55,32]]]},
"G771": {"type": "Matrix2x2", "payoffs": [[[55,24],[68,33]],[[93,78],[0,0]]]},
"G772": {"type": "Matrix2x2", "payoffs": [[[49,40],[33,17]],[[31,0],[0,29]]]},
"G773": {"type": "Matrix2x2", "payoffs": [[[0,3],[26,0]],[[27,88],[18,78]]]},
"G774": {"type": "Matrix2x2", "payoffs": [[[49,45],[16,25]],[[0,0],[19,6]]]},
"G775": {"type": "Matrix2x2", "payoffs": [[[9,70],[1,59]],[[5,6],[0,0]]]},
"G776": {"type": "Matrix2x2", "payoffs": [[[88,10],[0,8]],[[9,3],[55,0]]]},
"G777": {"type": "Matrix2x2", "payoffs": [[[58,24],[20,56]],[[77,85],[0,0]]]},
"G778": {"type": "Matrix2x2", "payoffs": [[[0,0],[27,71]],[[18,27],[59,96]]]},
"G779": {"type": "Matrix2x2", "payoffs": [[[79,13],[21,0]],[[26,8],[0,10]]]},
"G780": {"type": "Matrix2x2", "payoffs": [[[11,0],[0,14]],[[44,78],[31,11]]]},
"G781": {"type": "Matrix2x2", "payoffs": [[[0,28],[23,52]],[[8,0],[11,46]]]},
"G782": {"type": "Matrix2x2", "payoffs": [[[21,0],[7,47]],[[85,97],[0,91]]]},
"G783": {"type": "Matrix2x2", "payoffs": [[[35,34],[9,0]],[[16,3],[0,28]]]},
"G784": {"type": "Matrix2x2", "payoffs": [[[97,82],[77,20]],[[37,24],[0,0]]]},
"G785": {"type": "Matrix2x2", "payoffs": [[[0,38],[31,0]],[[50,8],[94,60]]]},
"G786": {"type": "Matrix2x2", "payoffs": [[[41,27],[40,0]],[[13,10],[0,7]]]},
"G787": {"type": "Matrix2x2", "payoffs": [[[77,34],[71,0]],[[15,12],[0,27]]]},
"G788": {"type": "Matrix2x2", "payoffs": [[[4,0],[2,3]],[[0,1],[50,4]]]},
"G789": {"type": "Matrix2x2", "payoffs": [[[88,18],[0,2]],[[3,8],[77,0]]]},
"G790": {"type": "Matrix2x2", "payoffs": [[[34,0],[0,1]],[[61,10],[29,3]]]},
"G791": {"type": "Matrix2x2", "payoffs": [[[1,10],[0,0]],[[2,49],[4,54]]]},
"G792": {"type": "Matrix2x2", "payoffs": [[[60,13],[71,34]],[[50,25],[0,0]]]},
"G793": {"type": "Matrix2x2", "payoffs": [[[0,35],[23,95]],[[13,61],[14,0]]]},
"G794": {"type": "Matrix2x2", "payoffs": [[[0,4],[75,0]],[[82,21],[35,16]]]},
"G795": {"type": "Matrix2x2", "payoffs": [[[0,0],[23,4]],[[90,3],[92,5]]]},
"G796": {"type": "Matrix2x2", "payoffs": [[[6,31],[2,2]],[[0,5],[3,0]]]},
"G797": {"type": "Matrix2x2", "payoffs": [[[0,0],[24,34]],[[37,52],[23,45]]]},
"G798": {"type": "Matrix2x2", "payoffs": [[[0,57],[92,88]],[[87,0],[52,3]]]},
"G799": {"type": "Matrix2x2", "payoffs": [[[0,5],[79,62]],[[62,43],[39,0]]]},
"G800": {"type": "Matrix2x2", "payoffs": [[[98,31],[82,27]],[[65,0],[0,15]]]},
"G801": {"type": "Matrix2x2", "payoffs": [[[41,77],[28,73]],[[0,25],[6,0]]]},
"G802": {"type": "Matrix2x2", "payoffs": [[[0,13],[62,100]],[[10,2],[40,0]]]},
"G803": {"type": "Matrix2x2", "payoffs": [[[0,28],[64,33]],[[1,1],[11,0]]]},
"G804": {"type": "Matrix2x2", "payoffs": [[[0,0],[71,50]],[[94,55],[51,48]]]},
"G805": {"type": "Matrix2x2", "payoffs": [[[22,43],[5,0]],[[0,37],[24,44]]]},
"G806": {"type": "Matrix2x2", "payoffs": [[[11,0],[0,15]],[[40,36],[15,6]]]},
"G807": {"type": "Matrix2x2", "payoffs": [[[0,0],[2,2]],[[10,3],[4,1]]]},
"G808": {"type": "Matrix2x2", "payoffs": [[[0,37],[32,29]],[[53,48],[15,0]]]},
"G809": {"type": "Matrix2x2", "payoffs": [[[0,24],[10,0]],[[41,54],[5,12]]]},
"G810": {"type": "Matrix2x2", "payoffs": [[[48,84],[74,93]],[[0,0],[59,11]]]},
"G811": {"type": "Matrix2x2", "payoffs": [[[37,15],[0,4]],[[85,39],[56,0]]]},
"G812": {"type": "Matrix2x2", "payoffs": [[[0,40],[2,0]],[[6,83],[3,13]]]},
"G813": {"type": "Matrix2x2", "payoffs": [[[85,0],[89,30]],[[0,26],[69,9]]]},
"G814": {"type": "Matrix2x2", "payoffs": [[[3,10],[0,0]],[[15,17],[66,91]]]},
"G815": {"type": "Matrix2x2", "payoffs": [[[91,74],[0,49]],[[23,0],[70,67]]]},
"G816": {"type": "Matrix2x2", "payoffs": [[[0,10],[28,7]],[[33,17],[27,0]]]},
"G817": {"type": "Matrix2x2", "payoffs": [[[0,13],[65,3]],[[87,14],[54,0]]]},
"G818": {"type": "Matrix2x2", "payoffs": [[[23,23],[0,0]],[[27,45],[45,83]]]},
"G819": {"type": "Matrix2x2", "payoffs": [[[0,10],[18,57]],[[1,11],[8,0]]]},
"G820": {"type": "Matrix2x2", "payoffs": [[[3,60],[1,11]],[[0,0],[2,22]]]},
"G821": {"type": "Matrix2x2", "payoffs": [[[5,22],[0,28]],[[7,34],[6,0]]]},
"G822": {"type": "Matrix2x2", "payoffs": [[[0,17],[15,0]],[[72,28],[10,11]]]},
"G823": {"type": "Matrix2x2", "payoffs": [[[0,0],[49,62]],[[45,14],[24,18]]]},
"G824": {"type": "Matrix2x2", "payoffs": [[[35,0],[0,71]],[[40,80],[38,77]]]},
"G825": {"type": "Matrix2x2", "payoffs": [[[0,0],[86,16]],[[12,12],[22,14]]]},
"G826": {"type": "Matrix2x2", "payoffs": [[[60,9],[62,43]],[[8,32],[0,0]]]},
"G827": {"type": "Matrix2x2", "payoffs": [[[76,40],[72,0]],[[0,18],[63,36]]]},
"G828": {"type": "Matrix2x2", "payoffs": [[[32,0],[45,10]],[[51,25],[0,11]]]},
"G829": {"type": "Matrix2x2", "payoffs": [[[97,11],[90,5]],[[0,10],[20,0]]]},
"G830": {"type": "Matrix2x2", "payoffs": [[[38,44],[3,59]],[[0,0],[40,69]]]},
"G831": {"type": "Matrix2x2", "payoffs": [[[39,0],[0,5]],[[70,19],[36,9]]]},
"G832": {"type": "Matrix2x2", "payoffs": [[[11,5],[25,78]],[[12,0],[0,3]]]},
"G833": {"type": "Matrix2x2", "payoffs": [[[85,25],[13,1]],[[95,32],[0,0]]]},
"G834": {"type": "Matrix2x2", "payoffs": [[[11,6],[0,0]],[[7,18],[17,20]]]},
"G835": {"type": "Matrix2x2", "payoffs": [[[7,33],[5,0]],[[3,5],[0,2]]]},
"G836": {"type": "Matrix2x2", "payoffs": [[[30,1],[35,97]],[[0,0],[11,38]]]},
"G837": {"type": "Matrix2x2", "payoffs": [[[21,30],[15,3]],[[29,49],[0,0]]]},
"G838": {"type": "Matrix2x2", "payoffs": [[[27,3],[25,4]],[[0,0],[88,10]]]},
"G839": {"type": "Matrix2x2", "payoffs": [[[0,0],[23,18]],[[15,10],[1,17]]]},
"G840": {"type": "Matrix2x2", "payoffs": [[[20,36],[24,0]],[[89,55],[0,12]]]},
"G841": {"type": "Matrix2x2", "payoffs": [[[0,12],[78,0]],[[94,45],[74,41]]]},
"G842": {"type": "Matrix2x2", "payoffs": [[[16,6],[41,5]],[[93,8],[0,0]]]},
"G843": {"type": "Matrix2x2", "payoffs": [[[19,11],[34,34]],[[11,0],[0,29]]]},
"G844": {"type": "Matrix2x2", "payoffs": [[[68,50],[33,0]],[[42,30],[0,25]]]},
"G845": {"type": "Matrix2x2", "payoffs": [[[5,0],[2,8]],[[0,13],[12,29]]]},
"G846": {"type": "Matrix2x2", "payoffs": [[[39,0],[100,69]],[[87,41],[0,36]]]},
"G847": {"type": "Matrix2x2", "payoffs": [[[51,0],[13,82]],[[61,98],[0,87]]]},
"G848": {"type": "Matrix2x2", "payoffs": [[[10,0],[29,14]],[[27,13],[0,8]]]},
"G849": {"type": "Matrix2x2", "payoffs": [[[0,0],[4,12]],[[11,8],[13,42]]]},
"G850": {"type": "Matrix2x2", "payoffs": [[[80,94],[5,52]],[[46,36],[0,0]]]},
"G851": {"type": "Matrix2x2", "payoffs": [[[29,18],[48,58]],[[0,0],[12,32]]]},
"G852": {"type": "Matrix2x2", "payoffs": [[[89,59],[78,0]],[[83,45],[0,42]]]},
"G853": {"type": "Matrix2x2", "payoffs": [[[32,78],[0,60]],[[26,16],[5,0]]]},
"G854": {"type": "Matrix2x2", "payoffs": [[[15,53],[0,0]],[[20,90],[11,74]]]},
"G855": {"type": "Matrix2x2", "payoffs": [[[0,2],[38,26]],[[44,0],[59,67]]]},
"G856": {"type": "Matrix2x2", "payoffs": [[[52,0],[2,25]],[[58,31],[0,15]]]},
"G857": {"type": "Matrix2x2", "payoffs": [[[0,0],[61,10]],[[11,61],[64,63]]]},
"G858": {"type": "Matrix2x2", "payoffs": [[[51,14],[2,3]],[[0,0],[47,9]]]},
"G859": {"type": "Matrix2x2", "payoffs": [[[54,18],[47,0]],[[61,39],[0,14]]]},
"G860": {"type": "Matrix2x2", "payoffs": [[[0,0],[67,57]],[[74,76],[81,98]]]},
"G861": {"type": "Matrix2x2", "payoffs": [[[0,25],[45,22]],[[13,0],[73,26]]]},
"G862": {"type": "Matrix2x2", "payoffs": [[[0,0],[45,54]],[[19,40],[69,83]]]},
"G863": {"type": "Matrix2x2", "payoffs": [[[44,39],[0,13]],[[17,0],[4,6]]]},
"G864": {"type": "Matrix2x2", "payoffs": [[[5,5],[1,0]],[[0,4],[7,16]]]},
"G865": {"type": "Matrix2x2", "payoffs": [[[44,29],[0,0]],[[47,67],[46,27]]]},
"G866": {"type": "Matrix2x2", "payoffs": [[[27,18],[11,9]],[[10,0],[0,10]]]},
"G867": {"type": "Matrix2x2", "payoffs": [[[13,0],[0,15]],[[10,16],[24,49]]]},
"G868": {"type": "Matrix2x2", "payoffs": [[[81,68],[0,61]],[[67,0],[57,13]]]},
"G869": {"type": "Matrix2x2", "payoffs": [[[63,29],[55,12]],[[0,0],[58,27]]]},
"G870": {"type": "Matrix2x2", "payoffs": [[[0,0],[28,4]],[[89,16],[22,10]]]},
"G871": {"type": "Matrix2x2", "payoffs": [[[25,34],[67,37]],[[62,0],[0,11]]]},
"G872": {"type": "Matrix2x2", "payoffs": [[[94,25],[63,0]],[[41,2],[0,24]]]},
"G873": {"type": "Matrix2x2", "payoffs": [[[0,24],[29,0]],[[76,62],[10,7]]]},
"G874": {"type": "Matrix2x2", "payoffs": [[[14,23],[18,60]],[[0,36],[6,0]]]},
"G875": {"type": "Matrix2x2", "payoffs": [[[0,6],[2,5]],[[1,0],[14,7]]]},
"G876": {"type": "Matrix2x2", "payoffs": [[[0,30],[30,50]],[[72,59],[34,0]]]},
"G877": {"type": "Matrix2x2", "payoffs": [[[4,61],[2,5]],[[1,0],[0,54]]]},
"G878": {"type": "Matrix2x2", "payoffs": [[[70,18],[53,5]],[[22,9],[0,0]]]},
"G879": {"type": "Matrix2x2", "payoffs": [[[95,29],[0,0]],[[24,25],[4,17]]]},
"G880": {"type": "Matrix2x2", "payoffs": [[[36,0],[89,55]],[[0,18],[22,7]]]},
"G881": {"type": "Matrix2x2", "payoffs": [[[5,20],[10,27]],[[0,0],[21,54]]]},
"G882": {"type": "Matrix2x2", "payoffs": [[[19,0],[0,20]],[[85,74],[52,63]]]},
"G883": {"type": "Matrix2x2", "payoffs": [[[36,41],[32,40]],[[23,36],[0,0]]]},
"G884": {"type": "Matrix2x2", "payoffs": [[[0,0],[62,4]],[[95,55],[4,6]]]},
"G885": {"type": "Matrix2x2", "payoffs": [[[75,29],[0,13]],[[2,2],[22,0]]]},
"G886": {"type": "Matrix2x2", "payoffs": [[[33,31],[0,0]],[[46,56],[26,51]]]},
"G887": {"type": "Matrix2x2", "payoffs": [[[0,21],[54,0]],[[89,53],[55,4]]]},
"G888": {"type": "Matrix2x2", "payoffs": [[[0,24],[8,65]],[[3,31],[1,0]]]},
"G889": {"type": "Matrix2x2", "payoffs": [[[94,41],[30,20]],[[59,35],[0,0]]]},
"G890": {"type": "Matrix2x2", "payoffs": [[[51,9],[1,19]],[[0,0],[56,21]]]},
"G891": {"type": "Matrix2x2", "payoffs": [[[1,0],[7,33]],[[0,2],[20,45]]]},
"G892": {"type": "Matrix2x2", "payoffs": [[[13,33],[3,1]],[[5,22],[0,0]]]},
"G893": {"type": "Matrix2x2", "payoffs": [[[77,75],[1,0]],[[29,15],[0,62]]]},
"G894": {"type": "Matrix2x2", "payoffs": [[[11,9],[0,0]],[[63,11],[90,15]]]},
"G895": {"type": "Matrix2x2", "payoffs": [[[18,25],[0,0]],[[79,28],[33,13]]]},
"G896": {"type": "Matrix2x2", "payoffs": [[[60,96],[23,33]],[[44,0],[0,82]]]},
"G897": {"type": "Matrix2x2", "payoffs": [[[34,15],[29,0]],[[0,6],[17,11]]]},
"G898": {"type": "Matrix2x2", "payoffs": [[[35,53],[3,4]],[[32,0],[0,20]]]},
"G899": {"type": "Matrix2x2", "payoffs": [[[36,91],[0,86]],[[22,0],[35,68]]]},
"G900": {"type": "Matrix2x2", "payoffs": [[[37,44],[35,32]],[[34,18],[0,0]]]},
"G901": {"type": "Matrix2x2", "payoffs": [[[0,0],[8,12]],[[1,2],[5,4]]]},
"G902": {"type": "Matrix2x2", "payoffs": [[[70,75],[46,0]],[[89,98],[0,78]]]},
"G903": {"type": "Matrix2x2", "payoffs": [[[9,16],[0,0]],[[94,38],[35,22]]]},
"G904": {"type": "Matrix2x2", "payoffs": [[[21,73],[45,80]],[[6,75],[0,0]]]},
"G905": {"type": "Matrix2x2", "payoffs": [[[14,0],[0,11]],[[17,27],[7,13]]]},
"G906": {"type": "Matrix2x2", "payoffs": [[[12,29],[0,1]],[[4,11],[10,0]]]},
"G907": {"type": "Matrix2x2", "payoffs": [[[0,0],[60,5]],[[82,12],[37,1]]]},
"G908": {"type": "Matrix2x2", "payoffs": [[[32,20],[0,22]],[[30,0],[34,59]]]},
"G909": {"type": "Matrix2x2", "payoffs": [[[0,50],[1,44]],[[5,0],[7,65]]]},
"G910": {"type": "Matrix2x2", "payoffs": [[[47,0],[42,10]],[[48,54],[0,28]]]},
"G911": {"type": "Matrix2x2", "payoffs": [[[11,11],[83,62]],[[0,33],[1,0]]]},
"G912": {"type": "Matrix2x2", "payoffs": [[[12,71],[7,14]],[[9,19],[0,0]]]},
"G913": {"type": "Matrix2x2", "payoffs": [[[1,0],[3,4]],[[7,5],[0,2]]]},
"G914": {"type": "Matrix2x2", "payoffs": [[[0,17],[8,13]],[[20,81],[1,0]]]},
"G915": {"type": "Matrix2x2", "payoffs": [[[0,33],[9,10]],[[3,0],[20,74]]]},
"G916": {"type": "Matrix2x2", "payoffs": [[[18,1],[14,3]],[[36,4],[0,0]]]},
"G917": {"type": "Matrix2x2", "payoffs": [[[10,14],[79,31]],[[45,12],[0,0]]]},
"G918": {"type": "Matrix2x2", "payoffs": [[[29,48],[38,71]],[[21,0],[0,32]]]},
"G919": {"type": "Matrix2x2", "payoffs": [[[60,79],[41,59]],[[31,14],[0,0]]]},
"G920": {"type": "Matrix2x2", "payoffs": [[[7,0],[11,44]],[[0,23],[9,31]]]},
"G921": {"type": "Matrix2x2", "payoffs": [[[0,0],[73,16]],[[88,35],[16,1]]]},
"G922": {"type": "Matrix2x2", "payoffs": [[[6,9],[9,3]],[[12,10],[0,0]]]},
"G923": {"type": "Matrix2x2", "payoffs": [[[50,54],[14,43]],[[0,10],[28,0]]]},
"G924": {"type": "Matrix2x2", "payoffs": [[[6,8],[4,11]],[[8,18],[0,0]]]},
"G925": {"type": "Matrix2x2", "payoffs": [[[76,0],[68,38]],[[96,88],[0,76]]]},
"G926": {"type": "Matrix2x2", "payoffs": [[[41,98],[38,86]],[[20,0],[0,95]]]},
"G927": {"type": "Matrix2x2", "payoffs": [[[10,22],[3,21]],[[7,16],[0,0]]]},
"G928": {"type": "Matrix2x2", "payoffs": [[[27,58],[37,91]],[[14,27],[0,0]]]},
"G929": {"type": "Matrix2x2", "payoffs": [[[78,88],[0,56]],[[67,16],[69,0]]]},
"G930": {"type": "Matrix2x2", "payoffs": [[[93,0],[61,6]],[[99,54],[0,50]]]},
"G931": {"type": "Matrix2x2", "payoffs": [[[28,0],[55,89]],[[9,1],[0,37]]]},
"G932": {"type": "Matrix2x2", "payoffs": [[[47,91],[0,0]],[[2,50],[23,78]]]},
"G933": {"type": "Matrix2x2", "payoffs": [[[31,4],[75,25]],[[0,0],[64,5]]]},
"G934": {"type": "Matrix2x2", "payoffs": [[[66,75],[49,0]],[[61,74],[0,10]]]},
"G935": {"type": "Matrix2x2", "payoffs": [[[44,0],[61,41]],[[0,61],[71,98]]]},
"G936": {"type": "Matrix2x2", "payoffs": [[[58,99],[18,81]],[[19,0],[0,48]]]},
"G937": {"type": "Matrix2x2", "payoffs": [[[34,82],[22,48]],[[10,36],[0,0]]]},
"G938": {"type": "Matrix2x2", "payoffs": [[[52,96],[16,6]],[[8,8],[0,0]]]},
"G939": {"type": "Matrix2x2", "payoffs": [[[1,0],[11,39]],[[0,8],[5,31]]]},
"G940": {"type": "Matrix2x2", "payoffs": [[[0,15],[31,0]],[[13,56],[45,93]]]},
"G941": {"type": "Matrix2x2", "payoffs": [[[0,16],[8,11]],[[11,17],[9,0]]]},
"G942": {"type": "Matrix2x2", "payoffs": [[[0,33],[36,0]],[[45,47],[28,23]]]},
"G943": {"type": "Matrix2x2", "payoffs": [[[0,17],[50,0]],[[7,34],[98,48]]]},
"G944": {"type": "Matrix2x2", "payoffs": [[[68,52],[24,27]],[[53,6],[0,0]]]},
"G945": {"type": "Matrix2x2", "payoffs": [[[0,0],[12,5]],[[52,82],[17,53]]]},
"G946": {"type": "Matrix2x2", "payoffs": [[[3,0],[8,31]],[[1,10],[0,22]]]},
"G947": {"type": "Matrix2x2", "payoffs": [[[0,5],[1,17]],[[17,0],[30,98]]]},
"G948": {"type": "Matrix2x2", "payoffs": [[[77,9],[71,0]],[[44,1],[0,6]]]},
"G949": {"type": "Matrix2x2", "payoffs": [[[0,20],[46,0]],[[79,8],[89,24]]]},
"G950": {"type": "Matrix2x2", "payoffs": [[[12,0],[14,40]],[[0,49],[16,50]]]},
"G951": {"type": "Matrix2x2", "payoffs": [[[39,0],[81,11]],[[82,14],[0,6]]]},
"G952": {"type": "Matrix2x2", "payoffs": [[[93,68],[61,0]],[[31,33],[0,6]]]},
"G953": {"type": "Matrix2x2", "payoffs": [[[5,0],[11,36]],[[0,27],[10,1]]]},
"G954": {"type": "Matrix2x2", "payoffs": [[[9,0],[28,20]],[[14,18],[0,5]]]},
"G955": {"type": "Matrix2x2", "payoffs": [[[31,4],[0,42]],[[30,0],[98,49]]]},
"G956": {"type": "Matrix2x2", "payoffs": [[[8,23],[0,0]],[[61,34],[56,26]]]},
"G957": {"type": "Matrix2x2", "payoffs": [[[0,26],[28,7]],[[17,0],[84,29]]]},
"G958": {"type": "Matrix2x2", "payoffs": [[[5,11],[18,20]],[[26,62],[0,0]]]},
"G959": {"type": "Matrix2x2", "payoffs": [[[54,0],[63,23]],[[0,7],[48,16]]]},
"G960": {"type": "Matrix2x2", "payoffs": [[[69,95],[13,34]],[[56,60],[0,0]]]},
"G961": {"type": "Matrix2x2", "payoffs": [[[78,6],[0,1]],[[41,0],[30,5]]]},
"G962": {"type": "Matrix2x2", "payoffs": [[[34,51],[0,0]],[[7,14],[10,41]]]},
"G963": {"type": "Matrix2x2", "payoffs": [[[13,26],[43,0]],[[46,92],[0,25]]]},
"G964": {"type": "Matrix2x2", "payoffs": [[[0,11],[1,10]],[[2,0],[3,17]]]},
"G965": {"type": "Matrix2x2", "payoffs": [[[5,0],[23,15]],[[62,32],[0,3]]]},
"G966": {"type": "Matrix2x2", "payoffs": [[[0,0],[50,18]],[[6,62],[78,63]]]},
"G967": {"type": "Matrix2x2", "payoffs": [[[47,3],[28,1]],[[24,0],[0,2]]]},
"G968": {"type": "Matrix2x2", "payoffs": [[[69,63],[27,12]],[[44,9],[0,0]]]},
"G969": {"type": "Matrix2x2", "payoffs": [[[71,15],[72,50]],[[0,14],[16,0]]]},
"G970": {"type": "Matrix2x2", "payoffs": [[[64,1],[3,0]],[[0,36],[71,74]]]},
"G971": {"type": "Matrix2x2", "payoffs": [[[28,77],[55,85]],[[53,41],[0,0]]]},
"G972": {"type": "Matrix2x2", "payoffs": [[[14,65],[0,0]],[[20,98],[3,87]]]},
"G973": {"type": "Matrix2x2", "payoffs": [[[0,6],[7,0]],[[2,39],[23,62]]]},
"G974": {"type": "Matrix2x2", "payoffs": [[[4,0],[0,72]],[[28,78],[8,10]]]},
"G975": {"type": "Matrix2x2", "payoffs": [[[14,0],[1,75]],[[0,4],[25,76]]]},
"G976": {"type": "Matrix2x2", "payoffs": [[[26,0],[58,76]],[[0,32],[49,68]]]},
"G977": {"type": "Matrix2x2", "payoffs": [[[31,0],[43,72]],[[5,69],[0,11]]]},
"G978": {"type": "Matrix2x2", "payoffs": [[[7,0],[0,5]],[[24,12],[15,3]]]},
"G979": {"type": "Matrix2x2", "payoffs": [[[0,0],[3,43]],[[2,21],[1,19]]]},
"G980": {"type": "Matrix2x2", "payoffs": [[[19,5],[66,1]],[[0,0],[87,9]]]},
"G981": {"type": "Matrix2x2", "payoffs": [[[47,20],[23,14]],[[19,0],[0,8]]]},
"G982": {"type": "Matrix2x2", "payoffs": [[[4,0],[0,87]],[[5,89],[3,24]]]},
"G983": {"type": "Matrix2x2", "payoffs": [[[30,7],[0,0]],[[33,29],[44,32]]]},
"G984": {"type": "Matrix2x2", "payoffs": [[[60,0],[0,40]],[[68,89],[42,51]]]},
"G985": {"type": "Matrix2x2", "payoffs": [[[4,0],[0,20]],[[6,29],[26,42]]]},
"G986": {"type": "Matrix2x2", "payoffs": [[[31,5],[4,0]],[[0,1],[11,4]]]},
"G987": {"type": "Matrix2x2", "payoffs": [[[59,0],[0,4]],[[91,51],[3,9]]]},
"G988": {"type": "Matrix2x2", "payoffs": [[[0,43],[91,44]],[[57,0],[69,26]]]},
"G989": {"type": "Matrix2x2", "payoffs": [[[0,0],[21,71]],[[13,9],[15,5]]]},
"G990": {"type": "Matrix2x2", "payoffs": [[[61,8],[0,13]],[[54,0],[68,16]]]},
"G991": {"type": "Matrix2x2", "payoffs": [[[0,10],[75,20]],[[28,9],[15,0]]]},
"G992": {"type": "Matrix2x2", "payoffs": [[[2,28],[3,84]],[[0,44],[1,0]]]},
"G993": {"type": "Matrix2x2", "payoffs": [[[0,0],[52,64]],[[37,29],[6,1]]]},
"G994": {"type": "Matrix2x2", "payoffs": [[[11,11],[29,32]],[[0,24],[3,0]]]},
"G995": {"type": "Matrix2x2", "payoffs": [[[0,0],[94,31]],[[84,23],[10,25]]]},
"G996": {"type": "Matrix2x2", "payoffs": [[[65,66],[0,0]],[[89,84],[28,32]]]},
"G997": {"type": "Matrix2x2", "payoffs": [[[2,84],[30,0]],[[0,10],[58,85]]]},
"G998": {"type": "Matrix2x2", "payoffs": [[[30,0],[0,32]],[[48,52],[41,28]]]},
"G999": {"type": "Matrix2x2", "payoffs": [[[55,0],[49,40]],[[67,58],[0,19]]]},
"G1000": {"type": "Matrix2x2", "payoffs": [[[16,0],[89,57]],[[46,52],[0,50]]]}
}