{
"numGames": 100,
"G1": {"type": "Matrix2x2", "payoffs": [[[12,8],[24,0]],[[75,66],[0,47]]]},
"G2": {"type": "Matrix2x2", "payoffs": [[[27,2],[20,5]],[[37,6],[0,0]]]},
"G3": {"type": "Matrix2x2", "payoffs": [[[3,13],[5,7]],[[10,29],[0,0]]]},
"G4": {"type": "Matrix2x2", "payoffs": [[[17,47],[77,88]],[[0,87],[38,0]]]},
"G5": {"type": "Matrix2x2", "payoffs": [[[36,0],[0,16]],[[18,12],[66,25]]]},
"G6": {"type": "Matrix2x2", "payoffs": [[[58,58],[9,43]],[[45,0],[0,52]]]},
"G7": {"type": "Matrix2x2", "payoffs": [[[55,67],[3,10]],[[10,57],[0,0]]]},
"G8": {"type": "Matrix2x2", "payoffs": [[[89,92],[0,0]],[[48,48],[60,39]]]},
"G9": {"type": "Matrix2x2", "payoffs": [[[16,17],[0,10]],[[3,9],[7,0]]]},
"G10": {"type": "Matrix2x2", "payoffs": [[[8,34],[0,21]],[[39,57],[28,0]]]},
"G11": {"type": "Matrix2x2", "payoffs": [[[87,59],[0,0]],[[23,32],[15,25]]]},
"G12": {"type": "Matrix2x2", "payoffs": [[[0,0],[46,17]],[[33,12],[30,15]]]},
"G13": {"type": "Matrix2x2", "payoffs": [[[22,0],[26,100]],[[0,53],[15,20]]]},
"G14": {"type": "Matrix2x2", "payoffs": [[[5,21],[1,0]],[[0,36],[6,61]]]},
"G15": {"type": "Matrix2x2", "payoffs": [[[11,0],[0,1]],[[21,2],[24,4]]]},
"G16": {"type": "Matrix2x2", "payoffs": [[[33,0],[85,89]],[[0,18],[60,44]]]},
"G17": {"type": "Matrix2x2", "payoffs": [[[26,0],[55,90]],[[0,13],[31,36]]]},
"G18": {"type": "Matrix2x2", "payoffs": [[[26,0],[89,58]],[[0,20],[7,33]]]},
"G19": {"type": "Matrix2x2", "payoffs": [[[11,44],[89,0]],[[99,53],[0,38]]]},
"G20": {"type": "Matrix2x2", "payoffs": [[[65,0],[68,8]],[[0,56],[76,90]]]},
"G21": {"type": "Matrix2x2", "payoffs": [[[74,45],[0,25]],[[68,0],[29,38]]]},
"G22": {"type": "Matrix2x2", "payoffs": [[[0,6],[3,3]],[[52,0],[59,8]]]},
"G23": {"type": "Matrix2x2", "payoffs": [[[37,1],[47,33]],[[76,34],[0,0]]]},
"G24": {"type": "Matrix2x2", "payoffs": [[[47,37],[0,0]],[[64,2],[99,43]]]},
"G25": {"type": "Matrix2x2", "payoffs": [[[3,1],[0,0]],[[12,57],[4,44]]]},
"G26": {"type": "Matrix2x2", "payoffs": [[[9,0],[17,5]],[[98,79],[0,18]]]},
"G27": {"type": "Matrix2x2", "payoffs": [[[2,0],[9,24]],[[0,14],[28,26]]]},
"G28": {"type": "Matrix2x2", "payoffs": [[[32,94],[0,77]],[[9,71],[2,0]]]},
"G29": {"type": "Matrix2x2", "payoffs": [[[95,40],[86,23]],[[0,0],[20,22]]]},
"G30": {"type": "Matrix2x2", "payoffs": [[[23,33],[19,0]],[[0,25],[5,31]]]},
"G31": {"type": "Matrix2x2", "payoffs": [[[0,39],[20,0]],[[25,10],[53,55]]]},
"G32": {"type": "Matrix2x2", "payoffs": [[[33,36],[23,37]],[[53,40],[0,0]]]},
"G33": {"type": "Matrix2x2", "payoffs": [[[0,24],[23,42]],[[20,0],[5,23]]]},
"G34": {"type": "Matrix2x2", "payoffs": [[[0,28],[27,25]],[[29,0],[54,37]]]},
"G35": {"type": "Matrix2x2", "payoffs": [[[57,78],[46,0]],[[95,98],[0,55]]]},
"G36": {"type": "Matrix2x2", "payoffs": [[[28,0],[17,62]],[[0,16],[86,64]]]},
"G37": {"type": "Matrix2x2", "payoffs": [[[8,60],[17,0]],[[47,68],[0,10]]]},
"G38": {"type": "Matrix2x2", "payoffs": [[[41,73],[24,74]],[[43,96],[0,0]]]},
"G39": {"type": "Matrix2x2", "payoffs": [[[20,0],[18,9]],[[0,16],[51,17]]]},
"G40": {"type": "Matrix2x2", "payoffs": [[[18,0],[21,11]],[[12,5],[0,8]]]},
"G41": {"type": "Matrix2x2", "payoffs": [[[0,8],[18,18]],[[15,0],[19,22]]]},
"G42": {"type": "Matrix2x2", "payoffs": [[[40,19],[0,0]],[[55,1],[88,41]]]},
"G43": {"type": "Matrix2x2", "payoffs": [[[28,4],[0,3]],[[61,0],[65,9]]]},
"G44": {"type": "Matrix2x2", "payoffs": [[[0,52],[36,12]],[[68,63],[13,0]]]},
"G45": {"type": "Matrix2x2", "payoffs": [[[87,58],[0,24]],[[22,3],[41,0]]]},
"G46": {"type": "Matrix2x2", "payoffs": [[[6,32],[52,80]],[[0,71],[3,0]]]},
"G47": {"type": "Matrix2x2", "payoffs": [[[7,3],[25,34]],[[0,22],[23,0]]]},
"G48": {"type": "Matrix2x2", "payoffs": [[[60,16],[36,14]],[[0,0],[2,8]]]},
"G49": {"type": "Matrix2x2", "payoffs": [[[77,61],[70,52]],[[0,17],[50,0]]]},
"G50": {"type": "Matrix2x2", "payoffs": [[[11,7],[14,60]],[[0,0],[24,62]]]},
"G51": {"type": "Matrix2x2", "payoffs": [[[50,49],[0,42]],[[17,14],[25,0]]]},
"G52": {"type": "Matrix2x2", "payoffs": [[[5,32],[0,0]],[[15,63],[13,58]]]},
"G53": {"type": "Matrix2x2", "payoffs": [[[89,35],[0,5]],[[70,2],[9,0]]]},
"G54": {"type": "Matrix2x2", "payoffs": [[[42,17],[71,33]],[[0,8],[65,0]]]},
"G55": {"type": "Matrix2x2", "payoffs": [[[96,28],[0,12]],[[75,0],[19,20]]]},
"G56": {"type": "Matrix2x2", "payoffs": [[[25,0],[0,42]],[[58,45],[10,13]]]},
"G57": {"type": "Matrix2x2", "payoffs": [[[34,85],[30,63]],[[33,0],[0,6]]]},
"G58": {"type": "Matrix2x2", "payoffs": [[[0,8],[6,7]],[[19,10],[2,0]]]},
"G59": {"type": "Matrix2x2", "payoffs": [[[0,1],[4,8]],[[5,28],[1,0]]]},
"G60": {"type": "Matrix2x2", "payoffs": [[[50,0],[53,49]],[[2,7],[0,20]]]},
"G61": {"type": "Matrix2x2", "payoffs": [[[40,6],[37,0]],[[55,14],[0,10]]]},
"G62": {"type": "Matrix2x2", "payoffs": [[[65,42],[49,0]],[[0,15],[39,4]]]},
"G63": {"type": "Matrix2x2", "payoffs": [[[62,0],[0,1]],[[97,6],[57,2]]]},
"G64": {"type": "Matrix2x2", "payoffs": [[[79,35],[0,0]],[[5,32],[21,24]]]},
"G65": {"type": "Matrix2x2", "payoffs": [[[95,70],[43,0]],[[76,11],[0,16]]]},
"G66": {"type": "Matrix2x2", "payoffs": [[[88,63],[0,35]],[[51,18],[22,0]]]},
"G67": {"type": "Matrix2x2", "payoffs": [[[0,84],[33,94]],[[22,41],[20,0]]]},
"G68": {"type": "Matrix2x2", "payoffs": [[[40,100],[9,60]],[[0,31],[29,0]]]},
"G69": {"type": "Matrix2x2", "payoffs": [[[0,24],[19,84]],[[15,0],[13,25]]]},
"G70": {"type": "Matrix2x2", "payoffs": [[[46,25],[50,15]],[[0,0],[78,27]]]},
"G71": {"type": "Matrix2x2", "payoffs": [[[52,24],[0,0]],[[44,2],[5,14]]]},
"G72": {"type": "Matrix2x2", "payoffs": [[[19,26],[0,55]],[[4,0],[87,80]]]},
"G73": {"type": "Matrix2x2", "payoffs": [[[21,93],[0,62]],[[14,0],[7,19]]]},
"G74": {"type": "Matrix2x2", "payoffs": [[[39,41],[64,0]],[[0,31],[82,46]]]},
"G75": {"type": "Matrix2x2", "payoffs": [[[71,48],[18,0]],[[10,45],[0,11]]]},
"G76": {"type": "Matrix2x2", "payoffs": [[[0,36],[41,89]],[[20,70],[12,0]]]},
"G77": {"type": "Matrix2x2", "payoffs": [[[8,8],[3,0]],[[11,81],[0,45]]]},
"G78": {"type": "Matrix2x2", "payoffs": [[[0,0],[20,37]],[[1,26],[13,9]]]},
"G79": {"type": "Matrix2x2", "payoffs": [[[6,15],[8,38]],[[0,0],[1,28]]]},
"G80": {"type": "Matrix2x2", "payoffs": [[[43,48],[0,29]],[[93,63],[34,0]]]},
"G81": {"type": "Matrix2x2", "payoffs": [[[84,0],[65,8]],[[94,16],[0,5]]]},
"G82": {"type": "Matrix2x2", "payoffs": [[[24,0],[0,29]],[[72,26],[79,61]]]},
"G83": {"type": "Matrix2x2", "payoffs": [[[2,30],[56,3]],[[93,32],[0,0]]]},
"G84": {"type": "Matrix2x2", "payoffs": [[[79,54],[22,37]],[[0,0],[84,74]]]},
"G85": {"type": "Matrix2x2", "payoffs": [[[32,40],[26,31]],[[16,33],[0,0]]]},
"G86": {"type": "Matrix2x2", "payoffs": [[[54,7],[60,12]],[[0,0],[64,19]]]},
"G87": {"type": "Matrix2x2", "payoffs": [[[7,14],[8,46]],[[6,3],[0,0]]]},
"G88": {"type": "Matrix2x2", "payoffs": [[[77,22],[25,12]],[[10,0],[0,11]]]},
"G89": {"type": "Matrix2x2", "payoffs": [[[39,45],[0,0]],[[7,39],[31,15]]]},
"G90": {"type": "Matrix2x2", "payoffs": [[[46,12],[8,6]],[[0,0],[15,8]]]},
"G91": {"type": "Matrix2x2", "payoffs": [[[19,0],[0,4]],[[4,17],[76,37]]]},
"G92": {"type": "Matrix2x2", "payoffs": [[[6,90],[33,98]],[[14,0],[0,23]]]},
"G93": {"type": "Matrix2x2", "payoffs": [[[14,84],[0,64]],[[4,63],[13,0]]]},
"G94": {"type": "Matrix2x2", "payoffs": [[[4,5],[1,0]],[[5,62],[0,23]]]},
"G95": {"type": "Matrix2x2", "payoffs": [[[0,13],[51,3]],[[53,24],[1,0]]]},
"G96": {"type": "Matrix2x2", "payoffs": [[[1,0],[0,1]],[[21,22],[4,2]]]},
"G97": {"type": "Matrix2x2", "payoffs": [[[26,29],[45,0]],[[46,42],[0,11]]]},
"G98": {"type": "Matrix2x2", "payoffs": [[[14,2],[0,0]],[[97,19],[56,18]]]},
"G99": {"type": "Matrix2x2", "payoffs": [[[65,29],[94,45]],[[13,0],[0,27]]]},
"G100": {"type": "Matrix2x2", "payoffs": [[[21,17],[20,0]],[[0,9],[87,35]]]}
}