{
"numGames": 1000,
"G1": {"type": "Matrix2x2", "payoffs": [[[15,0],[0,29]],[[6,37],[24,42]]]},
"G2": {"type": "Matrix2x2", "payoffs": [[[5,14],[0,29]],[[42,84],[31,0]]]},
"G3": {"type": "Matrix2x2", "payoffs": [[[66,56],[0,12]],[[6,7],[33,0]]]},
"G4": {"type": "Matrix2x2", "payoffs": [[[0,7],[59,22]],[[13,5],[38,0]]]},
"G5": {"type": "Matrix2x2", "payoffs": [[[19,0],[16,18]],[[0,23],[22,32]]]},
"G6": {"type": "Matrix2x2", "payoffs": [[[11,11],[8,3]],[[15,18],[0,0]]]},
"G7": {"type": "Matrix2x2", "payoffs": [[[0,0],[61,7]],[[6,6],[97,54]]]},
"G8": {"type": "Matrix2x2", "payoffs": [[[50,18],[0,0]],[[5,12],[12,9]]]},
"G9": {"type": "Matrix2x2", "payoffs": [[[1,47],[30,0]],[[0,59],[68,69]]]},
"G10": {"type": "Matrix2x2", "payoffs": [[[0,0],[1,24]],[[4,23],[54,51]]]},
"G11": {"type": "Matrix2x2", "payoffs": [[[23,0],[0,5]],[[42,50],[24,19]]]},
"G12": {"type": "Matrix2x2", "payoffs": [[[56,0],[75,97]],[[64,35],[0,7]]]},
"G13": {"type": "Matrix2x2", "payoffs": [[[0,0],[4,93]],[[1,8],[2,81]]]},
"G14": {"type": "Matrix2x2", "payoffs": [[[1,0],[32,100]],[[0,77],[2,15]]]},
"G15": {"type": "Matrix2x2", "payoffs": [[[23,20],[27,34]],[[49,77],[0,0]]]},
"G16": {"type": "Matrix2x2", "payoffs": [[[84,23],[0,9]],[[68,0],[21,6]]]},
"G17": {"type": "Matrix2x2", "payoffs": [[[35,0],[54,75]],[[0,15],[15,59]]]},
"G18": {"type": "Matrix2x2", "payoffs": [[[81,3],[0,2]],[[80,0],[99,6]]]},
"G19": {"type": "Matrix2x2", "payoffs": [[[0,3],[38,2]],[[32,0],[43,7]]]},
"G20": {"type": "Matrix2x2", "payoffs": [[[34,81],[75,82]],[[0,29],[47,0]]]},
"G21": {"type": "Matrix2x2", "payoffs": [[[28,76],[0,66]],[[21,0],[14,44]]]},
"G22": {"type": "Matrix2x2", "payoffs": [[[4,10],[0,29]],[[5,30],[2,0]]]},
"G23": {"type": "Matrix2x2", "payoffs": [[[64,27],[19,8]],[[2,13],[0,0]]]},
"G24": {"type": "Matrix2x2", "payoffs": [[[0,0],[11,10]],[[3,22],[55,23]]]},
"G25": {"type": "Matrix2x2", "payoffs": [[[57,71],[67,84]],[[13,57],[0,0]]]},
"G26": {"type": "Matrix2x2", "payoffs": [[[61,0],[0,42]],[[82,67],[62,16]]]},
"G27": {"type": "Matrix2x2", "payoffs": [[[92,100],[66,48]],[[0,0],[65,41]]]},
"G28": {"type": "Matrix2x2", "payoffs": [[[6,12],[95,0]],[[99,48],[0,35]]]},
"G29": {"type": "Matrix2x2", "payoffs": [[[10,18],[6,0]],[[15,59],[0,43]]]},
"G30": {"type": "Matrix2x2", "payoffs": [[[9,21],[21,0]],[[0,15],[47,39]]]},
"G31": {"type": "Matrix2x2", "payoffs": [[[5,62],[0,16]],[[46,72],[31,0]]]},
"G32": {"type": "Matrix2x2", "payoffs": [[[37,24],[30,0]],[[0,3],[23,5]]]},
"G33": {"type": "Matrix2x2", "payoffs": [[[6,0],[1,41]],[[25,71],[0,56]]]},
"G34": {"type": "Matrix2x2", "payoffs": [[[11,0],[23,32]],[[21,6],[0,30]]]},
"G35": {"type": "Matrix2x2", "payoffs": [[[65,74],[76,84]],[[37,0],[0,44]]]},
"G36": {"type": "Matrix2x2", "payoffs": [[[10,13],[31,34]],[[27,0],[0,22]]]},
"G37": {"type": "Matrix2x2", "payoffs": [[[63,60],[62,47]],[[51,0],[0,52]]]},
"G38": {"type": "Matrix2x2", "payoffs": [[[8,3],[19,12]],[[0,0],[53,32]]]},
"G39": {"type": "Matrix2x2", "payoffs": [[[1,16],[0,24]],[[85,32],[74,0]]]},
"G40": {"type": "Matrix2x2", "payoffs": [[[9,0],[23,4]],[[0,10],[43,13]]]},
"G41": {"type": "Matrix2x2", "payoffs": [[[0,2],[74,13]],[[23,7],[69,0]]]},
"G42": {"type": "Matrix2x2", "payoffs": [[[55,86],[0,29]],[[54,33],[50,0]]]},
"G43": {"type": "Matrix2x2", "payoffs": [[[67,0],[3,6]],[[71,7],[0,3]]]},
"G44": {"type": "Matrix2x2", "payoffs": [[[93,61],[0,0]],[[94,96],[61,20]]]},
"G45": {"type": "Matrix2x2", "payoffs": [[[19,46],[0,25]],[[4,0],[17,13]]]},
"G46": {"type": "Matrix2x2", "payoffs": [[[32,27],[41,6]],[[62,29],[0,0]]]},
"G47": {"type": "Matrix2x2", "payoffs": [[[25,3],[51,62]],[[0,0],[7,44]]]},
"G48": {"type": "Matrix2x2", "payoffs": [[[18,37],[0,0]],[[2,22],[9,4]]]},
"G49": {"type": "Matrix2x2", "payoffs": [[[0,7],[2,2]],[[31,0],[50,13]]]},
"G50": {"type": "Matrix2x2", "payoffs": [[[85,12],[0,4]],[[33,6],[7,0]]]},
"G51": {"type": "Matrix2x2", "payoffs": [[[17,86],[0,73]],[[10,0],[7,50]]]},
"G52": {"type": "Matrix2x2", "payoffs": [[[0,0],[5,11]],[[56,8],[64,59]]]},
"G53": {"type": "Matrix2x2", "payoffs": [[[0,12],[15,4]],[[18,23],[3,0]]]},
"G54": {"type": "Matrix2x2", "payoffs": [[[15,61],[2,0]],[[12,16],[0,56]]]},
"G55": {"type": "Matrix2x2", "payoffs": [[[11,27],[68,84]],[[13,22],[0,0]]]},
"G56": {"type": "Matrix2x2", "payoffs": [[[0,61],[5,46]],[[2,0],[16,98]]]},
"G57": {"type": "Matrix2x2", "payoffs": [[[21,0],[0,59]],[[49,70],[6,60]]]},
"G58": {"type": "Matrix2x2", "payoffs": [[[23,13],[68,36]],[[0,31],[35,0]]]},
"G59": {"type": "Matrix2x2", "payoffs": [[[0,1],[26,10]],[[39,14],[6,0]]]},
"G60": {"type": "Matrix2x2", "payoffs": [[[0,20],[46,0]],[[14,12],[49,23]]]},
"G61": {"type": "Matrix2x2", "payoffs": [[[74,13],[25,0]],[[0,5],[11,1]]]},
"G62": {"type": "Matrix2x2", "payoffs": [[[3,37],[0,0]],[[2,3],[5,42]]]},
"G63": {"type": "Matrix2x2", "payoffs": [[[14,0],[25,24]],[[90,71],[0,5]]]},
"G64": {"type": "Matrix2x2", "payoffs": [[[0,7],[83,0]],[[87,83],[55,15]]]},
"G65": {"type": "Matrix2x2", "payoffs": [[[36,45],[0,0]],[[21,32],[19,11]]]},
"G66": {"type": "Matrix2x2", "payoffs": [[[8,14],[37,50]],[[0,19],[22,0]]]},
"G67": {"type": "Matrix2x2", "payoffs": [[[45,0],[0,30]],[[66,8],[76,75]]]},
"G68": {"type": "Matrix2x2", "payoffs": [[[12,49],[6,19]],[[2,0],[0,14]]]},
"G69": {"type": "Matrix2x2", "payoffs": [[[24,6],[0,27]],[[28,99],[19,0]]]},
"G70": {"type": "Matrix2x2", "payoffs": [[[37,98],[29,56]],[[0,0],[14,81]]]},
"G71": {"type": "Matrix2x2", "payoffs": [[[12,0],[0,14]],[[26,23],[38,46]]]},
"G72": {"type": "Matrix2x2", "payoffs": [[[38,60],[22,24]],[[7,27],[0,0]]]},
"G73": {"type": "Matrix2x2", "payoffs": [[[7,10],[23,11]],[[0,0],[36,19]]]},
"G74": {"type": "Matrix2x2", "payoffs": [[[0,58],[8,0]],[[9,72],[3,27]]]},
"G75": {"type": "Matrix2x2", "payoffs": [[[67,39],[63,18]],[[0,0],[43,17]]]},
"G76": {"type": "Matrix2x2", "payoffs": [[[48,80],[20,0]],[[0,25],[8,40]]]},
"G77": {"type": "Matrix2x2", "payoffs": [[[22,3],[28,1]],[[0,0],[63,5]]]},
"G78": {"type": "Matrix2x2", "payoffs": [[[45,51],[5,4]],[[0,0],[60,58]]]},
"G79": {"type": "Matrix2x2", "payoffs": [[[72,25],[70,0]],[[0,8],[8,3]]]},
"G80": {"type": "Matrix2x2", "payoffs": [[[0,3],[3,75]],[[1,0],[2,70]]]},
"G81": {"type": "Matrix2x2", "payoffs": [[[0,14],[34,3]],[[18,0],[70,34]]]},
"G82": {"type": "Matrix2x2", "payoffs": [[[87,57],[0,11]],[[84,0],[25,23]]]},
"G83": {"type": "Matrix2x2", "payoffs": [[[9,12],[0,37]],[[15,65],[3,0]]]},
"G84": {"type": "Matrix2x2", "payoffs": [[[64,90],[0,16]],[[18,0],[12,39]]]},
"G85": {"type": "Matrix2x2", "payoffs": [[[0,0],[83,32]],[[44,12],[58,30]]]},
"G86": {"type": "Matrix2x2", "payoffs": [[[83,43],[0,11]],[[36,0],[8,9]]]},
"G87": {"type": "Matrix2x2", "payoffs": [[[46,5],[83,7]],[[26,0],[0,2]]]},
"G88": {"type": "Matrix2x2", "payoffs": [[[35,96],[0,41]],[[3,0],[18,34]]]},
"G89": {"type": "Matrix2x2", "payoffs": [[[26,2],[0,0]],[[59,73],[55,55]]]},
"G90": {"type": "Matrix2x2", "payoffs": [[[81,99],[4,0]],[[78,37],[0,13]]]},
"G91": {"type": "Matrix2x2", "payoffs": [[[0,0],[2,49]],[[1,53],[4,55]]]},
"G92": {"type": "Matrix2x2", "payoffs": [[[3,0],[22,95]],[[20,31],[0,67]]]},
"G93": {"type": "Matrix2x2", "payoffs": [[[48,60],[1,44]],[[41,28],[0,0]]]},
"G94": {"type": "Matrix2x2", "payoffs": [[[35,59],[30,0]],[[0,45],[5,25]]]},
"G95": {"type": "Matrix2x2", "payoffs": [[[0,82],[16,92]],[[11,0],[4,37]]]},
"G96": {"type": "Matrix2x2", "payoffs": [[[0,0],[25,10]],[[13,54],[45,90]]]},
"G97": {"type": "Matrix2x2", "payoffs": [[[35,59],[0,27]],[[10,0],[21,11]]]},
"G98": {"type": "Matrix2x2", "payoffs": [[[78,0],[90,43]],[[0,35],[89,15]]]},
"G99": {"type": "Matrix2x2", "payoffs": [[[6,2],[1,1]],[[9,4],[0,0]]]},
"G100": {"type": "Matrix2x2", "payoffs": [[[0,15],[15,20]],[[7,16],[12,0]]]},
"G101": {"type": "Matrix2x2", "payoffs": [[[9,0],[42,39]],[[0,33],[29,38]]]},
"G102": {"type": "Matrix2x2", "payoffs": [[[21,20],[81,33]],[[70,0],[0,5]]]},
"G103": {"type": "Matrix2x2", "payoffs": [[[48,54],[26,0]],[[14,29],[0,49]]]},
"G104": {"type": "Matrix2x2", "payoffs": [[[8,9],[12,52]],[[43,77],[0,0]]]},
"G105": {"type": "Matrix2x2", "payoffs": [[[5,0],[0,54]],[[13,69],[7,51]]]},
"G106": {"type": "Matrix2x2", "payoffs": [[[8,0],[10,93]],[[2,57],[0,1]]]},
"G107": {"type": "Matrix2x2", "payoffs": [[[4,0],[3,66]],[[0,83],[5,94]]]},
"G108": {"type": "Matrix2x2", "payoffs": [[[51,64],[69,81]],[[59,54],[0,0]]]},
"G109": {"type": "Matrix2x2", "payoffs": [[[92,14],[58,11]],[[81,0],[0,9]]]},
"G110": {"type": "Matrix2x2", "payoffs": [[[40,12],[0,17]],[[33,0],[96,30]]]},
"G111": {"type": "Matrix2x2", "payoffs": [[[23,100],[20,9]],[[8,0],[0,69]]]},
"G112": {"type": "Matrix2x2", "payoffs": [[[0,0],[52,12]],[[15,2],[57,17]]]},
"G113": {"type": "Matrix2x2", "payoffs": [[[0,1],[10,0]],[[31,93],[19,53]]]},
"G114": {"type": "Matrix2x2", "payoffs": [[[54,23],[0,21]],[[46,0],[90,47]]]},
"G115": {"type": "Matrix2x2", "payoffs": [[[0,0],[2,15]],[[9,5],[18,86]]]},
"G116": {"type": "Matrix2x2", "payoffs": [[[8,3],[2,1]],[[21,6],[0,0]]]},
"G117": {"type": "Matrix2x2", "payoffs": [[[38,34],[11,0]],[[5,24],[0,2]]]},
"G118": {"type": "Matrix2x2", "payoffs": [[[2,0],[5,70]],[[38,95],[0,74]]]},
"G119": {"type": "Matrix2x2", "payoffs": [[[64,31],[0,14]],[[16,0],[79,32]]]},
"G120": {"type": "Matrix2x2", "payoffs": [[[44,0],[0,36]],[[45,10],[56,78]]]},
"G121": {"type": "Matrix2x2", "payoffs": [[[3,2],[8,0]],[[0,9],[21,12]]]},
"G122": {"type": "Matrix2x2", "payoffs": [[[0,16],[11,0]],[[49,21],[59,32]]]},
"G123": {"type": "Matrix2x2", "payoffs": [[[4,0],[5,97]],[[3,54],[0,30]]]},
"G124": {"type": "Matrix2x2", "payoffs": [[[34,21],[74,0]],[[0,36],[78,55]]]},
"G125": {"type": "Matrix2x2", "payoffs": [[[26,64],[22,47]],[[6,0],[0,33]]]},
"G126": {"type": "Matrix2x2", "payoffs": [[[0,6],[14,39]],[[7,34],[6,0]]]},
"G127": {"type": "Matrix2x2", "payoffs": [[[22,77],[4,0]],[[23,100],[0,37]]]},
"G128": {"type": "Matrix2x2", "payoffs": [[[70,92],[49,38]],[[98,96],[0,0]]]},
"G129": {"type": "Matrix2x2", "payoffs": [[[17,21],[38,0]],[[0,20],[87,23]]]},
"G130": {"type": "Matrix2x2", "payoffs": [[[27,0],[26,73]],[[82,74],[0,58]]]},
"G131": {"type": "Matrix2x2", "payoffs": [[[31,10],[5,0]],[[4,2],[0,8]]]},
"G132": {"type": "Matrix2x2", "payoffs": [[[0,0],[15,18]],[[9,8],[4,17]]]},
"G133": {"type": "Matrix2x2", "payoffs": [[[59,25],[0,0]],[[66,47],[61,26]]]},
"G134": {"type": "Matrix2x2", "payoffs": [[[5,53],[2,0]],[[0,34],[21,63]]]},
"G135": {"type": "Matrix2x2", "payoffs": [[[38,0],[37,37]],[[52,65],[0,40]]]},
"G136": {"type": "Matrix2x2", "payoffs": [[[30,37],[13,15]],[[0,7],[16,0]]]},
"G137": {"type": "Matrix2x2", "payoffs": [[[33,63],[0,58]],[[20,49],[23,0]]]},
"G138": {"type": "Matrix2x2", "payoffs": [[[58,28],[0,0]],[[71,71],[64,55]]]},
"G139": {"type": "Matrix2x2", "payoffs": [[[10,0],[0,12]],[[86,13],[15,2]]]},
"G140": {"type": "Matrix2x2", "payoffs": [[[8,0],[15,87]],[[0,53],[7,60]]]},
"G141": {"type": "Matrix2x2", "payoffs": [[[89,40],[76,28]],[[0,23],[10,0]]]},
"G142": {"type": "Matrix2x2", "payoffs": [[[81,25],[0,11]],[[59,0],[31,19]]]},
"G143": {"type": "Matrix2x2", "payoffs": [[[30,99],[6,0]],[[0,22],[24,73]]]},
"G144": {"type": "Matrix2x2", "payoffs": [[[40,92],[19,30]],[[0,18],[8,0]]]},
"G145": {"type": "Matrix2x2", "payoffs": [[[38,0],[0,7]],[[87,58],[21,38]]]},
"G146": {"type": "Matrix2x2", "payoffs": [[[0,72],[38,50]],[[64,91],[32,0]]]},
"G147": {"type": "Matrix2x2", "payoffs": [[[0,11],[10,40]],[[11,58],[9,0]]]},
"G148": {"type": "Matrix2x2", "payoffs": [[[50,61],[6,29]],[[15,0],[0,13]]]},
"G149": {"type": "Matrix2x2", "payoffs": [[[0,1],[2,0]],[[7,4],[31,30]]]},
"G150": {"type": "Matrix2x2", "payoffs": [[[0,12],[49,16]],[[19,15],[8,0]]]},
"G151": {"type": "Matrix2x2", "payoffs": [[[8,0],[0,28]],[[90,88],[60,87]]]},
"G152": {"type": "Matrix2x2", "payoffs": [[[85,19],[79,9]],[[0,6],[8,0]]]},
"G153": {"type": "Matrix2x2", "payoffs": [[[1,1],[2,0]],[[0,14],[3,95]]]},
"G154": {"type": "Matrix2x2", "payoffs": [[[9,65],[0,5]],[[8,0],[5,4]]]},
"G155": {"type": "Matrix2x2", "payoffs": [[[0,8],[52,29]],[[43,20],[30,0]]]},
"G156": {"type": "Matrix2x2", "payoffs": [[[44,13],[22,3]],[[27,11],[0,0]]]},
"G157": {"type": "Matrix2x2", "payoffs": [[[23,56],[0,32]],[[6,14],[12,0]]]},
"G158": {"type": "Matrix2x2", "payoffs": [[[0,37],[26,16]],[[17,0],[52,77]]]},
"G159": {"type": "Matrix2x2", "payoffs": [[[1,48],[0,0]],[[4,50],[18,60]]]},
"G160": {"type": "Matrix2x2", "payoffs": [[[78,74],[77,35]],[[0,3],[50,0]]]},
"G161": {"type": "Matrix2x2", "payoffs": [[[19,37],[0,54]],[[52,65],[22,0]]]},
"G162": {"type": "Matrix2x2", "payoffs": [[[0,23],[83,49]],[[45,0],[56,4]]]},
"G163": {"type": "Matrix2x2", "payoffs": [[[97,28],[39,4]],[[24,0],[0,25]]]},
"G164": {"type": "Matrix2x2", "payoffs": [[[47,0],[49,35]],[[42,4],[0,28]]]},
"G165": {"type": "Matrix2x2", "payoffs": [[[17,31],[0,64]],[[43,0],[44,74]]]},
"G166": {"type": "Matrix2x2", "payoffs": [[[17,89],[6,22]],[[2,42],[0,0]]]},
"G167": {"type": "Matrix2x2", "payoffs": [[[0,73],[40,0]],[[53,37],[67,95]]]},
"G168": {"type": "Matrix2x2", "payoffs": [[[0,22],[10,0]],[[16,20],[32,33]]]},
"G169": {"type": "Matrix2x2", "payoffs": [[[38,26],[0,29]],[[5,0],[68,57]]]},
"G170": {"type": "Matrix2x2", "payoffs": [[[78,88],[38,0]],[[0,86],[12,18]]]},
"G171": {"type": "Matrix2x2", "payoffs": [[[0,0],[6,1]],[[38,70],[13,41]]]},
"G172": {"type": "Matrix2x2", "payoffs": [[[0,74],[77,25]],[[60,0],[88,97]]]},
"G173": {"type": "Matrix2x2", "payoffs": [[[0,19],[67,53]],[[28,51],[63,0]]]},
"G174": {"type": "Matrix2x2", "payoffs": [[[41,9],[15,2]],[[0,0],[13,4]]]},
"G175": {"type": "Matrix2x2", "payoffs": [[[0,6],[7,20]],[[3,0],[4,13]]]},
"G176": {"type": "Matrix2x2", "payoffs": [[[2,0],[0,34]],[[6,53],[4,5]]]},
"G177": {"type": "Matrix2x2", "payoffs": [[[7,0],[49,71]],[[0,37],[25,22]]]},
"G178": {"type": "Matrix2x2", "payoffs": [[[16,0],[52,34]],[[66,75],[0,36]]]},
"G179": {"type": "Matrix2x2", "payoffs": [[[37,0],[42,45]],[[41,17],[0,8]]]},
"G180": {"type": "Matrix2x2", "payoffs": [[[6,0],[3,21]],[[27,63],[0,25]]]},
"G181": {"type": "Matrix2x2", "payoffs": [[[20,62],[8,32]],[[48,98],[0,0]]]},
"G182": {"type": "Matrix2x2", "payoffs": [[[67,28],[0,20]],[[63,0],[15,23]]]},
"G183": {"type": "Matrix2x2", "payoffs": [[[64,9],[20,1]],[[41,6],[0,0]]]},
"G184": {"type": "Matrix2x2", "payoffs": [[[6,41],[33,30]],[[0,0],[37,74]]]},
"G185": {"type": "Matrix2x2", "payoffs": [[[30,69],[0,19]],[[16,0],[52,84]]]},
"G186": {"type": "Matrix2x2", "payoffs": [[[0,0],[12,21]],[[47,30],[17,17]]]},
"G187": {"type": "Matrix2x2", "payoffs": [[[9,0],[16,40]],[[10,10],[0,4]]]},
"G188": {"type": "Matrix2x2", "payoffs": [[[54,14],[0,6]],[[63,56],[21,0]]]},
"G189": {"type": "Matrix2x2", "payoffs": [[[8,89],[6,32]],[[7,0],[0,87]]]},
"G190": {"type": "Matrix2x2", "payoffs": [[[4,31],[5,50]],[[9,54],[0,0]]]},
"G191": {"type": "Matrix2x2", "payoffs": [[[0,37],[82,100]],[[72,0],[70,39]]]},
"G192": {"type": "Matrix2x2", "payoffs": [[[93,44],[35,0]],[[100,88],[0,33]]]},
"G193": {"type": "Matrix2x2", "payoffs": [[[55,24],[0,0]],[[61,35],[35,32]]]},
"G194": {"type": "Matrix2x2", "payoffs": [[[25,0],[68,80]],[[0,71],[44,46]]]},
"G195": {"type": "Matrix2x2", "payoffs": [[[0,9],[50,22]],[[41,0],[29,21]]]},
"G196": {"type": "Matrix2x2", "payoffs": [[[53,0],[58,74]],[[0,57],[45,18]]]},
"G197": {"type": "Matrix2x2", "payoffs": [[[51,89],[0,15]],[[49,67],[41,0]]]},
"G198": {"type": "Matrix2x2", "payoffs": [[[26,9],[25,68]],[[32,75],[0,0]]]},
"G199": {"type": "Matrix2x2", "payoffs": [[[21,0],[0,31]],[[85,75],[61,18]]]},
"G200": {"type": "Matrix2x2", "payoffs": [[[0,0],[18,26]],[[6,12],[7,22]]]},
"G201": {"type": "Matrix2x2", "payoffs": [[[91,21],[2,8]],[[79,5],[0,0]]]},
"G202": {"type": "Matrix2x2", "payoffs": [[[14,0],[25,76]],[[0,7],[17,63]]]},
"G203": {"type": "Matrix2x2", "payoffs": [[[26,38],[0,0]],[[49,4],[61,73]]]},
"G204": {"type": "Matrix2x2", "payoffs": [[[15,13],[4,0]],[[0,8],[71,14]]]},
"G205": {"type": "Matrix2x2", "payoffs": [[[62,88],[49,63]],[[32,57],[0,0]]]},
"G206": {"type": "Matrix2x2", "payoffs": [[[8,0],[64,10]],[[0,5],[33,6]]]},
"G207": {"type": "Matrix2x2", "payoffs": [[[5,8],[7,10]],[[3,1],[0,0]]]},
"G208": {"type": "Matrix2x2", "payoffs": [[[92,40],[20,20]],[[0,39],[25,0]]]},
"G209": {"type": "Matrix2x2", "payoffs": [[[32,13],[17,7]],[[0,0],[59,40]]]},
"G210": {"type": "Matrix2x2", "payoffs": [[[65,83],[0,54]],[[40,58],[38,0]]]},
"G211": {"type": "Matrix2x2", "payoffs": [[[49,82],[73,93]],[[16,73],[0,0]]]},
"G212": {"type": "Matrix2x2", "payoffs": [[[0,0],[47,14]],[[17,20],[100,26]]]},
"G213": {"type": "Matrix2x2", "payoffs": [[[0,12],[64,0]],[[48,49],[82,67]]]},
"G214": {"type": "Matrix2x2", "payoffs": [[[0,54],[7,83]],[[83,86],[69,0]]]},
"G215": {"type": "Matrix2x2", "payoffs": [[[24,37],[70,43]],[[38,0],[0,8]]]},
"G216": {"type": "Matrix2x2", "payoffs": [[[19,0],[59,23]],[[49,13],[0,3]]]},
"G217": {"type": "Matrix2x2", "payoffs": [[[15,40],[0,0]],[[42,87],[14,86]]]},
"G218": {"type": "Matrix2x2", "payoffs": [[[54,84],[45,72]],[[21,70],[0,0]]]},
"G219": {"type": "Matrix2x2", "payoffs": [[[0,53],[59,14]],[[13,0],[91,89]]]},
"G220": {"type": "Matrix2x2", "payoffs": [[[31,50],[0,0]],[[63,74],[57,22]]]},
"G221": {"type": "Matrix2x2", "payoffs": [[[0,0],[7,34]],[[26,42],[18,31]]]},
"G222": {"type": "Matrix2x2", "payoffs": [[[10,23],[38,46]],[[24,15],[0,0]]]},
"G223": {"type": "Matrix2x2", "payoffs": [[[77,21],[30,0]],[[11,5],[0,10]]]},
"G224": {"type": "Matrix2x2", "payoffs": [[[17,3],[32,58]],[[0,0],[8,20]]]},
"G225": {"type": "Matrix2x2", "payoffs": [[[37,0],[8,9]],[[0,12],[38,55]]]},
"G226": {"type": "Matrix2x2", "payoffs": [[[21,0],[0,52]],[[87,68],[66,17]]]},
"G227": {"type": "Matrix2x2", "payoffs": [[[46,39],[26,30]],[[0,26],[18,0]]]},
"G228": {"type": "Matrix2x2", "payoffs": [[[0,17],[31,67]],[[34,71],[23,0]]]},
"G229": {"type": "Matrix2x2", "payoffs": [[[8,0],[5,20]],[[0,17],[13,25]]]},
"G230": {"type": "Matrix2x2", "payoffs": [[[40,65],[0,61]],[[3,55],[17,0]]]},
"G231": {"type": "Matrix2x2", "payoffs": [[[11,12],[0,10]],[[50,57],[14,0]]]},
"G232": {"type": "Matrix2x2", "payoffs": [[[93,97],[66,82]],[[0,62],[5,0]]]},
"G233": {"type": "Matrix2x2", "payoffs": [[[8,17],[0,0]],[[3,3],[23,33]]]},
"G234": {"type": "Matrix2x2", "payoffs": [[[70,65],[4,0]],[[0,56],[23,51]]]},
"G235": {"type": "Matrix2x2", "payoffs": [[[38,87],[0,13]],[[15,1],[19,0]]]},
"G236": {"type": "Matrix2x2", "payoffs": [[[17,20],[0,0]],[[15,22],[69,27]]]},
"G237": {"type": "Matrix2x2", "payoffs": [[[0,72],[4,8]],[[10,0],[96,100]]]},
"G238": {"type": "Matrix2x2", "payoffs": [[[77,12],[0,10]],[[46,3],[16,0]]]},
"G239": {"type": "Matrix2x2", "payoffs": [[[0,31],[73,93]],[[36,0],[52,30]]]},
"G240": {"type": "Matrix2x2", "payoffs": [[[74,5],[0,6]],[[81,7],[37,0]]]},
"G241": {"type": "Matrix2x2", "payoffs": [[[15,0],[26,53]],[[0,24],[20,35]]]},
"G242": {"type": "Matrix2x2", "payoffs": [[[77,69],[18,0]],[[53,5],[0,60]]]},
"G243": {"type": "Matrix2x2", "payoffs": [[[71,46],[39,6]],[[42,0],[0,10]]]},
"G244": {"type": "Matrix2x2", "payoffs": [[[18,2],[0,43]],[[16,0],[45,71]]]},
"G245": {"type": "Matrix2x2", "payoffs": [[[0,0],[28,20]],[[24,9],[9,19]]]},
"G246": {"type": "Matrix2x2", "payoffs": [[[83,13],[29,12]],[[14,10],[0,0]]]},
"G247": {"type": "Matrix2x2", "payoffs": [[[2,29],[0,0]],[[11,46],[3,28]]]},
"G248": {"type": "Matrix2x2", "payoffs": [[[84,7],[76,2]],[[29,6],[0,0]]]},
"G249": {"type": "Matrix2x2", "payoffs": [[[0,1],[46,4]],[[41,0],[50,5]]]},
"G250": {"type": "Matrix2x2", "payoffs": [[[19,19],[0,0]],[[32,15],[56,58]]]},
"G251": {"type": "Matrix2x2", "payoffs": [[[17,0],[18,82]],[[15,13],[0,50]]]},
"G252": {"type": "Matrix2x2", "payoffs": [[[100,100],[6,0]],[[0,31],[40,76]]]},
"G253": {"type": "Matrix2x2", "payoffs": [[[0,33],[17,47]],[[21,76],[7,0]]]},
"G254": {"type": "Matrix2x2", "payoffs": [[[79,60],[0,32]],[[76,0],[12,3]]]},
"G255": {"type": "Matrix2x2", "payoffs": [[[51,0],[23,1]],[[76,25],[0,19]]]},
"G256": {"type": "Matrix2x2", "payoffs": [[[4,29],[0,3]],[[5,0],[6,55]]]},
"G257": {"type": "Matrix2x2", "payoffs": [[[0,29],[15,16]],[[10,0],[22,78]]]},
"G258": {"type": "Matrix2x2", "payoffs": [[[66,61],[76,0]],[[0,20],[94,86]]]},
"G259": {"type": "Matrix2x2", "payoffs": [[[44,14],[11,7]],[[0,5],[15,0]]]},
"G260": {"type": "Matrix2x2", "payoffs": [[[3,19],[12,62]],[[9,23],[0,0]]]},
"G261": {"type": "Matrix2x2", "payoffs": [[[0,0],[32,83]],[[62,92],[3,63]]]},
"G262": {"type": "Matrix2x2", "payoffs": [[[1,9],[4,23]],[[0,0],[2,21]]]},
"G263": {"type": "Matrix2x2", "payoffs": [[[20,8],[0,4]],[[2,0],[16,6]]]},
"G264": {"type": "Matrix2x2", "payoffs": [[[18,55],[8,16]],[[0,0],[16,28]]]},
"G265": {"type": "Matrix2x2", "payoffs": [[[75,0],[0,7]],[[55,2],[77,11]]]},
"G266": {"type": "Matrix2x2", "payoffs": [[[0,45],[38,49]],[[61,58],[53,0]]]},
"G267": {"type": "Matrix2x2", "payoffs": [[[52,0],[0,21]],[[20,10],[76,28]]]},
"G268": {"type": "Matrix2x2", "payoffs": [[[11,0],[35,7]],[[19,6],[0,2]]]},
"G269": {"type": "Matrix2x2", "payoffs": [[[0,0],[7,12]],[[18,71],[14,27]]]},
"G270": {"type": "Matrix2x2", "payoffs": [[[0,6],[91,31]],[[42,27],[5,0]]]},
"G271": {"type": "Matrix2x2", "payoffs": [[[18,42],[0,0]],[[27,52],[51,60]]]},
"G272": {"type": "Matrix2x2", "payoffs": [[[63,0],[0,12]],[[73,74],[37,69]]]},
"G273": {"type": "Matrix2x2", "payoffs": [[[20,0],[0,2]],[[14,1],[34,9]]]},
"G274": {"type": "Matrix2x2", "payoffs": [[[0,37],[26,0]],[[40,16],[43,41]]]},
"G275": {"type": "Matrix2x2", "payoffs": [[[94,26],[25,0]],[[0,5],[35,18]]]},
"G276": {"type": "Matrix2x2", "payoffs": [[[0,41],[34,34]],[[64,0],[72,89]]]},
"G277": {"type": "Matrix2x2", "payoffs": [[[0,2],[42,51]],[[27,0],[63,83]]]},
"G278": {"type": "Matrix2x2", "payoffs": [[[59,0],[79,1]],[[84,6],[0,3]]]},
"G279": {"type": "Matrix2x2", "payoffs": [[[3,27],[0,36]],[[15,46],[7,0]]]},
"G280": {"type": "Matrix2x2", "payoffs": [[[86,37],[74,15]],[[0,0],[34,19]]]},
"G281": {"type": "Matrix2x2", "payoffs": [[[0,0],[41,83]],[[19,10],[6,16]]]},
"G282": {"type": "Matrix2x2", "payoffs": [[[23,1],[0,7]],[[17,0],[63,50]]]},
"G283": {"type": "Matrix2x2", "payoffs": [[[6,4],[10,27]],[[9,21],[0,0]]]},
"G284": {"type": "Matrix2x2", "payoffs": [[[0,35],[79,72]],[[65,51],[59,0]]]},
"G285": {"type": "Matrix2x2", "payoffs": [[[7,34],[0,10]],[[1,20],[3,0]]]},
"G286": {"type": "Matrix2x2", "payoffs": [[[12,0],[27,42]],[[0,53],[44,73]]]},
"G287": {"type": "Matrix2x2", "payoffs": [[[0,0],[52,2]],[[99,7],[4,4]]]},
"G288": {"type": "Matrix2x2", "payoffs": [[[16,8],[0,0]],[[3,4],[90,13]]]},
"G289": {"type": "Matrix2x2", "payoffs": [[[0,41],[21,43]],[[35,0],[41,63]]]},
"G290": {"type": "Matrix2x2", "payoffs": [[[77,0],[82,16]],[[0,6],[85,33]]]},
"G291": {"type": "Matrix2x2", "payoffs": [[[34,34],[0,0]],[[75,49],[90,74]]]},
"G292": {"type": "Matrix2x2", "payoffs": [[[44,61],[1,0]],[[36,31],[0,41]]]},
"G293": {"type": "Matrix2x2", "payoffs": [[[35,50],[0,0]],[[77,20],[95,82]]]},
"G294": {"type": "Matrix2x2", "payoffs": [[[34,0],[21,43]],[[47,66],[0,45]]]},
"G295": {"type": "Matrix2x2", "payoffs": [[[57,0],[0,57]],[[14,31],[97,65]]]},
"G296": {"type": "Matrix2x2", "payoffs": [[[0,28],[71,90]],[[67,73],[46,0]]]},
"G297": {"type": "Matrix2x2", "payoffs": [[[33,13],[0,1]],[[9,7],[6,0]]]},
"G298": {"type": "Matrix2x2", "payoffs": [[[45,0],[25,5]],[[0,14],[56,15]]]},
"G299": {"type": "Matrix2x2", "payoffs": [[[40,0],[98,100]],[[0,97],[14,6]]]},
"G300": {"type": "Matrix2x2", "payoffs": [[[0,0],[35,54]],[[46,62],[18,25]]]},
"G301": {"type": "Matrix2x2", "payoffs": [[[0,3],[6,12]],[[2,7],[4,0]]]},
"G302": {"type": "Matrix2x2", "payoffs": [[[68,6],[80,86]],[[22,0],[0,85]]]},
"G303": {"type": "Matrix2x2", "payoffs": [[[21,0],[9,42]],[[0,70],[48,99]]]},
"G304": {"type": "Matrix2x2", "payoffs": [[[2,0],[0,29]],[[8,66],[6,36]]]},
"G305": {"type": "Matrix2x2", "payoffs": [[[0,9],[15,14]],[[7,0],[3,5]]]},
"G306": {"type": "Matrix2x2", "payoffs": [[[24,0],[46,68]],[[0,46],[3,3]]]},
"G307": {"type": "Matrix2x2", "payoffs": [[[12,7],[16,63]],[[9,0],[0,20]]]},
"G308": {"type": "Matrix2x2", "payoffs": [[[50,14],[56,34]],[[35,1],[0,0]]]},
"G309": {"type": "Matrix2x2", "payoffs": [[[32,40],[0,0]],[[36,74],[65,85]]]},
"G310": {"type": "Matrix2x2", "payoffs": [[[0,29],[24,0]],[[30,68],[6,5]]]},
"G311": {"type": "Matrix2x2", "payoffs": [[[49,0],[51,44]],[[1,37],[0,42]]]},
"G312": {"type": "Matrix2x2", "payoffs": [[[17,12],[0,0]],[[34,24],[40,75]]]},
"G313": {"type": "Matrix2x2", "payoffs": [[[96,13],[27,3]],[[58,10],[0,0]]]},
"G314": {"type": "Matrix2x2", "payoffs": [[[17,0],[20,33]],[[0,17],[15,18]]]},
"G315": {"type": "Matrix2x2", "payoffs": [[[11,8],[79,15]],[[0,0],[12,13]]]},
"G316": {"type": "Matrix2x2", "payoffs": [[[0,0],[14,6]],[[15,14],[38,28]]]},
"G317": {"type": "Matrix2x2", "payoffs": [[[72,89],[0,0]],[[70,2],[57,51]]]},
"G318": {"type": "Matrix2x2", "payoffs": [[[7,48],[0,11]],[[5,35],[2,0]]]},
"G319": {"type": "Matrix2x2", "payoffs": [[[6,2],[1,0]],[[9,4],[0,3]]]},
"G320": {"type": "Matrix2x2", "payoffs": [[[70,80],[0,0]],[[10,53],[41,71]]]},
"G321": {"type": "Matrix2x2", "payoffs": [[[0,21],[15,0]],[[60,54],[64,90]]]},
"G322": {"type": "Matrix2x2", "payoffs": [[[22,45],[1,26]],[[0,0],[30,62]]]},
"G323": {"type": "Matrix2x2", "payoffs": [[[17,0],[16,48]],[[19,74],[0,33]]]},
"G324": {"type": "Matrix2x2", "payoffs": [[[0,21],[43,13]],[[67,29],[50,0]]]},
"G325": {"type": "Matrix2x2", "payoffs": [[[69,0],[18,53]],[[92,71],[0,51]]]},
"G326": {"type": "Matrix2x2", "payoffs": [[[0,9],[98,21]],[[89,3],[84,0]]]},
"G327": {"type": "Matrix2x2", "payoffs": [[[3,82],[2,45]],[[0,0],[1,43]]]},
"G328": {"type": "Matrix2x2", "payoffs": [[[65,74],[0,0]],[[47,5],[31,58]]]},
"G329": {"type": "Matrix2x2", "payoffs": [[[69,5],[4,0]],[[0,9],[85,13]]]},
"G330": {"type": "Matrix2x2", "payoffs": [[[32,9],[93,0]],[[0,14],[97,19]]]},
"G331": {"type": "Matrix2x2", "payoffs": [[[0,3],[76,5]],[[42,0],[87,9]]]},
"G332": {"type": "Matrix2x2", "payoffs": [[[36,17],[79,23]],[[60,0],[0,12]]]},
"G333": {"type": "Matrix2x2", "payoffs": [[[5,31],[0,33]],[[75,46],[32,0]]]},
"G334": {"type": "Matrix2x2", "payoffs": [[[8,52],[10,15]],[[0,0],[24,78]]]},
"G335": {"type": "Matrix2x2", "payoffs": [[[4,18],[0,3]],[[3,13],[1,0]]]},
"G336": {"type": "Matrix2x2", "payoffs": [[[0,0],[6,68]],[[20,82],[19,20]]]},
"G337": {"type": "Matrix2x2", "payoffs": [[[20,0],[25,12]],[[16,9],[0,1]]]},
"G338": {"type": "Matrix2x2", "payoffs": [[[11,58],[0,0]],[[29,67],[4,63]]]},
"G339": {"type": "Matrix2x2", "payoffs": [[[60,4],[61,18]],[[49,0],[0,13]]]},
"G340": {"type": "Matrix2x2", "payoffs": [[[12,0],[0,9]],[[20,38],[11,1]]]},
"G341": {"type": "Matrix2x2", "payoffs": [[[0,0],[57,97]],[[7,60],[16,94]]]},
"G342": {"type": "Matrix2x2", "payoffs": [[[4,0],[6,82]],[[11,93],[0,77]]]},
"G343": {"type": "Matrix2x2", "payoffs": [[[0,22],[5,0]],[[1,4],[6,60]]]},
"G344": {"type": "Matrix2x2", "payoffs": [[[6,11],[8,3]],[[9,14],[0,0]]]},
"G345": {"type": "Matrix2x2", "payoffs": [[[0,39],[49,18]],[[98,66],[37,0]]]},
"G346": {"type": "Matrix2x2", "payoffs": [[[9,0],[27,21]],[[6,9],[0,8]]]},
"G347": {"type": "Matrix2x2", "payoffs": [[[3,0],[2,3]],[[4,7],[0,5]]]},
"G348": {"type": "Matrix2x2", "payoffs": [[[24,55],[34,17]],[[0,0],[94,91]]]},
"G349": {"type": "Matrix2x2", "payoffs": [[[0,10],[42,15]],[[55,29],[52,0]]]},
"G350": {"type": "Matrix2x2", "payoffs": [[[6,0],[40,2]],[[52,5],[0,4]]]},
"G351": {"type": "Matrix2x2", "payoffs": [[[0,0],[18,73]],[[14,91],[48,99]]]},
"G352": {"type": "Matrix2x2", "payoffs": [[[15,63],[21,67]],[[0,0],[2,59]]]},
"G353": {"type": "Matrix2x2", "payoffs": [[[10,0],[0,29]],[[40,4],[82,31]]]},
"G354": {"type": "Matrix2x2", "payoffs": [[[66,76],[0,17]],[[39,0],[38,11]]]},
"G355": {"type": "Matrix2x2", "payoffs": [[[10,0],[96,23]],[[23,21],[0,3]]]},
"G356": {"type": "Matrix2x2", "payoffs": [[[10,37],[3,33]],[[0,0],[45,72]]]},
"G357": {"type": "Matrix2x2", "payoffs": [[[6,0],[4,7]],[[0,6],[19,8]]]},
"G358": {"type": "Matrix2x2", "payoffs": [[[22,85],[0,0]],[[23,7],[38,93]]]},
"G359": {"type": "Matrix2x2", "payoffs": [[[43,0],[45,38]],[[0,3],[98,45]]]},
"G360": {"type": "Matrix2x2", "payoffs": [[[52,63],[0,0]],[[35,39],[11,58]]]},
"G361": {"type": "Matrix2x2", "payoffs": [[[0,32],[23,0]],[[40,49],[17,39]]]},
"G362": {"type": "Matrix2x2", "payoffs": [[[6,46],[0,0]],[[20,52],[11,4]]]},
"G363": {"type": "Matrix2x2", "payoffs": [[[28,7],[24,23]],[[63,65],[0,0]]]},
"G364": {"type": "Matrix2x2", "payoffs": [[[5,5],[4,1]],[[1,0],[0,2]]]},
"G365": {"type": "Matrix2x2", "payoffs": [[[37,4],[0,0]],[[30,16],[46,17]]]},
"G366": {"type": "Matrix2x2", "payoffs": [[[11,22],[0,0]],[[18,96],[3,43]]]},
"G367": {"type": "Matrix2x2", "payoffs": [[[51,11],[58,90]],[[0,0],[39,12]]]},
"G368": {"type": "Matrix2x2", "payoffs": [[[3,5],[0,0]],[[6,32],[4,15]]]},
"G369": {"type": "Matrix2x2", "payoffs": [[[10,0],[0,5]],[[85,65],[15,10]]]},
"G370": {"type": "Matrix2x2", "payoffs": [[[0,3],[34,9]],[[2,0],[75,10]]]},
"G371": {"type": "Matrix2x2", "payoffs": [[[57,12],[15,9]],[[51,0],[0,4]]]},
"G372": {"type": "Matrix2x2", "payoffs": [[[38,70],[3,22]],[[10,0],[0,53]]]},
"G373": {"type": "Matrix2x2", "payoffs": [[[0,4],[57,0]],[[78,11],[51,5]]]},
"G374": {"type": "Matrix2x2", "payoffs": [[[37,83],[9,0]],[[0,24],[60,87]]]},
"G375": {"type": "Matrix2x2", "payoffs": [[[0,2],[40,4]],[[72,5],[23,0]]]},
"G376": {"type": "Matrix2x2", "payoffs": [[[53,0],[54,24]],[[0,33],[72,50]]]},
"G377": {"type": "Matrix2x2", "payoffs": [[[23,95],[7,82]],[[0,3],[11,0]]]},
"G378": {"type": "Matrix2x2", "payoffs": [[[53,28],[19,0]],[[8,25],[0,20]]]},
"G379": {"type": "Matrix2x2", "payoffs": [[[54,27],[0,0]],[[22,20],[6,6]]]},
"G380": {"type": "Matrix2x2", "payoffs": [[[25,18],[94,78]],[[93,0],[0,26]]]},
"G381": {"type": "Matrix2x2", "payoffs": [[[29,35],[26,3]],[[0,0],[23,19]]]},
"G382": {"type": "Matrix2x2", "payoffs": [[[49,49],[28,13]],[[43,0],[0,5]]]},
"G383": {"type": "Matrix2x2", "payoffs": [[[0,18],[9,0]],[[54,44],[24,14]]]},
"G384": {"type": "Matrix2x2", "payoffs": [[[20,2],[39,1]],[[0,0],[43,3]]]},
"G385": {"type": "Matrix2x2", "payoffs": [[[5,22],[0,0]],[[13,24],[1,1]]]},
"G386": {"type": "Matrix2x2", "payoffs": [[[0,6],[32,0]],[[84,16],[4,7]]]},
"G387": {"type": "Matrix2x2", "payoffs": [[[37,11],[93,0]],[[0,5],[95,77]]]},
"G388": {"type": "Matrix2x2", "payoffs": [[[26,26],[74,32]],[[54,4],[0,0]]]},
"G389": {"type": "Matrix2x2", "payoffs": [[[67,83],[62,44]],[[0,31],[29,0]]]},
"G390": {"type": "Matrix2x2", "payoffs": [[[36,11],[56,0]],[[57,77],[0,20]]]},
"G391": {"type": "Matrix2x2", "payoffs": [[[24,0],[26,43]],[[0,22],[18,21]]]},
"G392": {"type": "Matrix2x2", "payoffs": [[[35,22],[54,36]],[[0,0],[9,6]]]},
"G393": {"type": "Matrix2x2", "payoffs": [[[0,0],[47,24]],[[15,16],[55,75]]]},
"G394": {"type": "Matrix2x2", "payoffs": [[[96,35],[1,12]],[[16,0],[0,22]]]},
"G395": {"type": "Matrix2x2", "payoffs": [[[73,44],[0,11]],[[56,40],[7,0]]]},
"G396": {"type": "Matrix2x2", "payoffs": [[[91,40],[0,4]],[[54,14],[12,0]]]},
"G397": {"type": "Matrix2x2", "payoffs": [[[0,0],[45,16]],[[65,54],[51,28]]]},
"G398": {"type": "Matrix2x2", "payoffs": [[[77,13],[0,0]],[[72,12],[56,7]]]},
"G399": {"type": "Matrix2x2", "payoffs": [[[46,55],[0,28]],[[21,12],[5,0]]]},
"G400": {"type": "Matrix2x2", "payoffs": [[[0,61],[1,0]],[[2,73],[3,91]]]},
"G401": {"type": "Matrix2x2", "payoffs": [[[65,0],[0,21]],[[3,15],[88,47]]]},
"G402": {"type": "Matrix2x2", "payoffs": [[[0,12],[7,17]],[[2,4],[5,0]]]},
"G403": {"type": "Matrix2x2", "payoffs": [[[51,1],[64,7]],[[38,0],[0,6]]]},
"G404": {"type": "Matrix2x2", "payoffs": [[[95,68],[84,39]],[[0,33],[27,0]]]},
"G405": {"type": "Matrix2x2", "payoffs": [[[51,10],[87,29]],[[0,3],[57,0]]]},
"G406": {"type": "Matrix2x2", "payoffs": [[[0,13],[25,15]],[[6,0],[4,2]]]},
"G407": {"type": "Matrix2x2", "payoffs": [[[51,39],[48,11]],[[16,0],[0,35]]]},
"G408": {"type": "Matrix2x2", "payoffs": [[[34,5],[0,60]],[[91,92],[5,0]]]},
"G409": {"type": "Matrix2x2", "payoffs": [[[18,0],[0,13]],[[23,15],[7,3]]]},
"G410": {"type": "Matrix2x2", "payoffs": [[[20,45],[51,50]],[[8,0],[0,10]]]},
"G411": {"type": "Matrix2x2", "payoffs": [[[88,15],[32,10]],[[79,0],[0,9]]]},
"G412": {"type": "Matrix2x2", "payoffs": [[[29,99],[16,37]],[[11,86],[0,0]]]},
"G413": {"type": "Matrix2x2", "payoffs": [[[8,0],[0,10]],[[11,15],[29,16]]]},
"G414": {"type": "Matrix2x2", "payoffs": [[[8,60],[1,5]],[[0,0],[7,7]]]},
"G415": {"type": "Matrix2x2", "payoffs": [[[17,0],[50,86]],[[0,8],[16,33]]]},
"G416": {"type": "Matrix2x2", "payoffs": [[[22,0],[0,6]],[[49,69],[43,7]]]},
"G417": {"type": "Matrix2x2", "payoffs": [[[14,2],[39,0]],[[41,91],[0,9]]]},
"G418": {"type": "Matrix2x2", "payoffs": [[[67,37],[24,26]],[[55,0],[0,1]]]},
"G419": {"type": "Matrix2x2", "payoffs": [[[44,3],[39,0]],[[0,2],[76,5]]]},
"G420": {"type": "Matrix2x2", "payoffs": [[[46,20],[3,31]],[[54,39],[0,0]]]},
"G421": {"type": "Matrix2x2", "payoffs": [[[75,80],[8,0]],[[82,100],[0,16]]]},
"G422": {"type": "Matrix2x2", "payoffs": [[[0,0],[27,16]],[[9,55],[64,80]]]},
"G423": {"type": "Matrix2x2", "payoffs": [[[20,37],[0,25]],[[7,0],[6,14]]]},
"G424": {"type": "Matrix2x2", "payoffs": [[[64,61],[2,7]],[[0,0],[46,28]]]},
"G425": {"type": "Matrix2x2", "payoffs": [[[45,9],[0,0]],[[56,38],[27,11]]]},
"G426": {"type": "Matrix2x2", "payoffs": [[[11,0],[2,2]],[[0,9],[38,21]]]},
"G427": {"type": "Matrix2x2", "payoffs": [[[46,0],[65,16]],[[34,9],[0,7]]]},
"G428": {"type": "Matrix2x2", "payoffs": [[[16,10],[0,9]],[[59,0],[71,45]]]},
"G429": {"type": "Matrix2x2", "payoffs": [[[48,18],[0,19]],[[62,33],[32,0]]]},
"G430": {"type": "Matrix2x2", "payoffs": [[[0,14],[23,0]],[[60,16],[81,51]]]},
"G431": {"type": "Matrix2x2", "payoffs": [[[69,0],[70,7]],[[51,5],[0,2]]]},
"G432": {"type": "Matrix2x2", "payoffs": [[[0,25],[23,0]],[[27,41],[14,40]]]},
"G433": {"type": "Matrix2x2", "payoffs": [[[72,73],[0,31]],[[40,52],[11,0]]]},
"G434": {"type": "Matrix2x2", "payoffs": [[[30,41],[25,17]],[[10,0],[0,20]]]},
"G435": {"type": "Matrix2x2", "payoffs": [[[18,11],[35,45]],[[9,2],[0,0]]]},
"G436": {"type": "Matrix2x2", "payoffs": [[[30,9],[0,0]],[[15,32],[31,90]]]},
"G437": {"type": "Matrix2x2", "payoffs": [[[6,0],[8,35]],[[0,6],[3,33]]]},
"G438": {"type": "Matrix2x2", "payoffs": [[[9,17],[0,27]],[[15,0],[20,44]]]},
"G439": {"type": "Matrix2x2", "payoffs": [[[43,0],[56,36]],[[11,35],[0,6]]]},
"G440": {"type": "Matrix2x2", "payoffs": [[[9,0],[23,9]],[[22,6],[0,8]]]},
"G441": {"type": "Matrix2x2", "payoffs": [[[8,26],[68,50]],[[9,21],[0,0]]]},
"G442": {"type": "Matrix2x2", "payoffs": [[[0,0],[22,49]],[[33,30],[40,92]]]},
"G443": {"type": "Matrix2x2", "payoffs": [[[52,0],[0,25]],[[94,43],[15,23]]]},
"G444": {"type": "Matrix2x2", "payoffs": [[[52,73],[89,89]],[[0,0],[88,46]]]},
"G445": {"type": "Matrix2x2", "payoffs": [[[0,45],[94,80]],[[28,0],[3,17]]]},
"G446": {"type": "Matrix2x2", "payoffs": [[[26,11],[49,21]],[[11,7],[0,0]]]},
"G447": {"type": "Matrix2x2", "payoffs": [[[4,7],[0,0]],[[5,22],[3,18]]]},
"G448": {"type": "Matrix2x2", "payoffs": [[[7,30],[5,0]],[[0,28],[1,14]]]},
"G449": {"type": "Matrix2x2", "payoffs": [[[36,97],[0,53]],[[49,98],[24,0]]]},
"G450": {"type": "Matrix2x2", "payoffs": [[[26,0],[0,23]],[[63,36],[12,5]]]},
"G451": {"type": "Matrix2x2", "payoffs": [[[49,12],[38,6]],[[57,18],[0,0]]]},
"G452": {"type": "Matrix2x2", "payoffs": [[[26,47],[0,0]],[[9,36],[24,4]]]},
"G453": {"type": "Matrix2x2", "payoffs": [[[13,66],[12,54]],[[0,0],[10,28]]]},
"G454": {"type": "Matrix2x2", "payoffs": [[[43,77],[0,64]],[[11,0],[23,63]]]},
"G455": {"type": "Matrix2x2", "payoffs": [[[46,29],[18,19]],[[37,0],[0,2]]]},
"G456": {"type": "Matrix2x2", "payoffs": [[[80,53],[23,5]],[[0,0],[22,46]]]},
"G457": {"type": "Matrix2x2", "payoffs": [[[19,17],[0,56]],[[24,0],[74,100]]]},
"G458": {"type": "Matrix2x2", "payoffs": [[[80,50],[0,0]],[[64,28],[38,30]]]},
"G459": {"type": "Matrix2x2", "payoffs": [[[87,77],[0,57]],[[31,0],[39,61]]]},
"G460": {"type": "Matrix2x2", "payoffs": [[[39,0],[22,5]],[[0,32],[69,96]]]},
"G461": {"type": "Matrix2x2", "payoffs": [[[8,32],[0,45]],[[14,0],[19,94]]]},
"G462": {"type": "Matrix2x2", "payoffs": [[[0,3],[16,0]],[[24,1],[58,4]]]},
"G463": {"type": "Matrix2x2", "payoffs": [[[18,3],[25,9]],[[0,0],[26,40]]]},
"G464": {"type": "Matrix2x2", "payoffs": [[[0,0],[14,13]],[[52,60],[81,81]]]},
"G465": {"type": "Matrix2x2", "payoffs": [[[0,0],[16,85]],[[4,17],[6,7]]]},
"G466": {"type": "Matrix2x2", "payoffs": [[[0,8],[44,27]],[[45,0],[77,36]]]},
"G467": {"type": "Matrix2x2", "payoffs": [[[15,0],[11,21]],[[28,34],[0,23]]]},
"G468": {"type": "Matrix2x2", "payoffs": [[[0,0],[42,34]],[[95,73],[16,38]]]},
"G469": {"type": "Matrix2x2", "payoffs": [[[0,16],[12,59]],[[37,96],[10,0]]]},
"G470": {"type": "Matrix2x2", "payoffs": [[[36,1],[54,5]],[[13,0],[0,4]]]},
"G471": {"type": "Matrix2x2", "payoffs": [[[8,0],[10,51]],[[0,4],[7,33]]]},
"G472": {"type": "Matrix2x2", "payoffs": [[[4,11],[5,69]],[[1,0],[0,54]]]},
"G473": {"type": "Matrix2x2", "payoffs": [[[37,42],[76,41]],[[77,45],[0,0]]]},
"G474": {"type": "Matrix2x2", "payoffs": [[[0,0],[5,71]],[[12,22],[16,83]]]},
"G475": {"type": "Matrix2x2", "payoffs": [[[57,9],[0,5]],[[52,3],[16,0]]]},
"G476": {"type": "Matrix2x2", "payoffs": [[[79,15],[0,0]],[[72,3],[86,26]]]},
"G477": {"type": "Matrix2x2", "payoffs": [[[0,8],[97,17]],[[51,14],[16,0]]]},
"G478": {"type": "Matrix2x2", "payoffs": [[[8,0],[0,8]],[[15,15],[25,16]]]},
"G479": {"type": "Matrix2x2", "payoffs": [[[0,17],[67,56]],[[83,66],[64,0]]]},
"G480": {"type": "Matrix2x2", "payoffs": [[[52,16],[16,10]],[[5,0],[0,8]]]},
"G481": {"type": "Matrix2x2", "payoffs": [[[65,0],[0,20]],[[81,21],[55,6]]]},
"G482": {"type": "Matrix2x2", "payoffs": [[[0,0],[39,2]],[[61,3],[13,1]]]},
"G483": {"type": "Matrix2x2", "payoffs": [[[0,5],[26,0]],[[27,18],[14,17]]]},
"G484": {"type": "Matrix2x2", "payoffs": [[[45,0],[78,9]],[[80,20],[0,2]]]},
"G485": {"type": "Matrix2x2", "payoffs": [[[82,0],[93,64]],[[54,39],[0,59]]]},
"G486": {"type": "Matrix2x2", "payoffs": [[[25,0],[68,10]],[[0,5],[80,24]]]},
"G487": {"type": "Matrix2x2", "payoffs": [[[43,69],[38,31]],[[36,56],[0,0]]]},
"G488": {"type": "Matrix2x2", "payoffs": [[[0,0],[80,50]],[[40,34],[75,17]]]},
"G489": {"type": "Matrix2x2", "payoffs": [[[0,0],[17,10]],[[9,9],[16,7]]]},
"G490": {"type": "Matrix2x2", "payoffs": [[[0,20],[45,0]],[[68,23],[39,13]]]},
"G491": {"type": "Matrix2x2", "payoffs": [[[13,0],[32,9]],[[29,3],[0,6]]]},
"G492": {"type": "Matrix2x2", "payoffs": [[[42,0],[38,40]],[[61,94],[0,43]]]},
"G493": {"type": "Matrix2x2", "payoffs": [[[4,13],[0,0]],[[3,12],[17,24]]]},
"G494": {"type": "Matrix2x2", "payoffs": [[[73,8],[76,34]],[[51,19],[0,0]]]},
"G495": {"type": "Matrix2x2", "payoffs": [[[67,0],[82,85]],[[24,32],[0,76]]]},
"G496": {"type": "Matrix2x2", "payoffs": [[[5,7],[12,0]],[[0,13],[34,20]]]},
"G497": {"type": "Matrix2x2", "payoffs": [[[4,34],[0,0]],[[2,36],[7,77]]]},
"G498": {"type": "Matrix2x2", "payoffs": [[[61,60],[1,0]],[[65,88],[0,10]]]},
"G499": {"type": "Matrix2x2", "payoffs": [[[21,20],[0,0]],[[33,12],[93,22]]]},
"G500": {"type": "Matrix2x2", "payoffs": [[[17,8],[19,15]],[[10,7],[0,0]]]},
"G501": {"type": "Matrix2x2", "payoffs": [[[31,6],[32,11]],[[0,2],[5,0]]]},
"G502": {"type": "Matrix2x2", "payoffs": [[[10,16],[0,0]],[[55,35],[18,1]]]},
"G503": {"type": "Matrix2x2", "payoffs": [[[75,57],[8,11]],[[84,90],[0,0]]]},
"G504": {"type": "Matrix2x2", "payoffs": [[[11,59],[91,60]],[[0,24],[58,0]]]},
"G505": {"type": "Matrix2x2", "payoffs": [[[53,0],[87,70]],[[49,36],[0,40]]]},
"G506": {"type": "Matrix2x2", "payoffs": [[[30,44],[12,37]],[[26,26],[0,0]]]},
"G507": {"type": "Matrix2x2", "payoffs": [[[28,16],[0,0]],[[40,45],[33,8]]]},
"G508": {"type": "Matrix2x2", "payoffs": [[[10,0],[24,13]],[[38,44],[0,12]]]},
"G509": {"type": "Matrix2x2", "payoffs": [[[56,0],[80,27]],[[0,16],[29,15]]]},
"G510": {"type": "Matrix2x2", "payoffs": [[[28,55],[56,39]],[[57,63],[0,0]]]},
"G511": {"type": "Matrix2x2", "payoffs": [[[86,73],[0,0]],[[39,2],[8,48]]]},
"G512": {"type": "Matrix2x2", "payoffs": [[[28,33],[0,0]],[[54,82],[30,26]]]},
"G513": {"type": "Matrix2x2", "payoffs": [[[0,0],[12,50]],[[32,35],[40,90]]]},
"G514": {"type": "Matrix2x2", "payoffs": [[[80,31],[92,82]],[[0,0],[30,76]]]},
"G515": {"type": "Matrix2x2", "payoffs": [[[14,24],[15,27]],[[1,16],[0,0]]]},
"G516": {"type": "Matrix2x2", "payoffs": [[[44,76],[0,0]],[[8,29],[16,36]]]},
"G517": {"type": "Matrix2x2", "payoffs": [[[0,0],[7,8]],[[27,12],[25,5]]]},
"G518": {"type": "Matrix2x2", "payoffs": [[[40,59],[10,0]],[[46,76],[0,60]]]},
"G519": {"type": "Matrix2x2", "payoffs": [[[90,19],[65,17]],[[0,0],[37,4]]]},
"G520": {"type": "Matrix2x2", "payoffs": [[[5,16],[6,62]],[[3,0],[0,18]]]},
"G521": {"type": "Matrix2x2", "payoffs": [[[40,15],[2,75]],[[0,0],[63,99]]]},
"G522": {"type": "Matrix2x2", "payoffs": [[[0,4],[85,23]],[[70,0],[1,16]]]},
"G523": {"type": "Matrix2x2", "payoffs": [[[76,13],[7,0]],[[85,33],[0,29]]]},
"G524": {"type": "Matrix2x2", "payoffs": [[[5,93],[0,10]],[[4,0],[2,46]]]},
"G525": {"type": "Matrix2x2", "payoffs": [[[57,1],[51,26]],[[0,0],[67,51]]]},
"G526": {"type": "Matrix2x2", "payoffs": [[[1,7],[6,31]],[[0,6],[5,0]]]},
"G527": {"type": "Matrix2x2", "payoffs": [[[20,5],[58,8]],[[70,9],[0,0]]]},
"G528": {"type": "Matrix2x2", "payoffs": [[[9,0],[17,65]],[[0,37],[13,22]]]},
"G529": {"type": "Matrix2x2", "payoffs": [[[0,9],[92,52]],[[1,0],[20,42]]]},
"G530": {"type": "Matrix2x2", "payoffs": [[[14,6],[23,72]],[[0,21],[10,0]]]},
"G531": {"type": "Matrix2x2", "payoffs": [[[0,4],[39,0]],[[34,13],[45,22]]]},
"G532": {"type": "Matrix2x2", "payoffs": [[[35,10],[32,9]],[[18,0],[0,5]]]},
"G533": {"type": "Matrix2x2", "payoffs": [[[0,0],[62,5]],[[31,2],[89,6]]]},
"G534": {"type": "Matrix2x2", "payoffs": [[[16,31],[4,33]],[[27,44],[0,0]]]},
"G535": {"type": "Matrix2x2", "payoffs": [[[26,39],[16,0]],[[0,23],[21,5]]]},
"G536": {"type": "Matrix2x2", "payoffs": [[[31,30],[0,46]],[[77,69],[67,0]]]},
"G537": {"type": "Matrix2x2", "payoffs": [[[28,21],[0,0]],[[69,10],[77,63]]]},
"G538": {"type": "Matrix2x2", "payoffs": [[[25,14],[0,33]],[[13,0],[94,75]]]},
"G539": {"type": "Matrix2x2", "payoffs": [[[90,29],[56,8]],[[0,0],[59,7]]]},
"G540": {"type": "Matrix2x2", "payoffs": [[[0,0],[61,94]],[[20,23],[40,26]]]},
"G541": {"type": "Matrix2x2", "payoffs": [[[35,56],[0,0]],[[25,24],[3,42]]]},
"G542": {"type": "Matrix2x2", "payoffs": [[[11,34],[0,0]],[[92,89],[15,10]]]},
"G543": {"type": "Matrix2x2", "payoffs": [[[70,19],[22,0]],[[76,40],[0,25]]]},
"G544": {"type": "Matrix2x2", "payoffs": [[[37,5],[0,6]],[[38,7],[23,0]]]},
"G545": {"type": "Matrix2x2", "payoffs": [[[41,45],[33,20]],[[61,57],[0,0]]]},
"G546": {"type": "Matrix2x2", "payoffs": [[[99,10],[41,5]],[[0,8],[92,0]]]},
"G547": {"type": "Matrix2x2", "payoffs": [[[17,0],[81,55]],[[0,16],[48,32]]]},
"G548": {"type": "Matrix2x2", "payoffs": [[[11,8],[0,51]],[[100,71],[53,0]]]},
"G549": {"type": "Matrix2x2", "payoffs": [[[6,3],[16,9]],[[0,5],[10,0]]]},
"G550": {"type": "Matrix2x2", "payoffs": [[[82,0],[96,87]],[[0,14],[3,66]]]},
"G551": {"type": "Matrix2x2", "payoffs": [[[51,0],[83,76]],[[48,1],[0,10]]]},
"G552": {"type": "Matrix2x2", "payoffs": [[[64,79],[0,0]],[[57,40],[51,70]]]},
"G553": {"type": "Matrix2x2", "payoffs": [[[15,44],[14,14]],[[0,40],[2,0]]]},
"G554": {"type": "Matrix2x2", "payoffs": [[[42,34],[64,61]],[[0,58],[59,0]]]},
"G555": {"type": "Matrix2x2", "payoffs": [[[14,36],[8,0]],[[0,13],[17,39]]]},
"G556": {"type": "Matrix2x2", "payoffs": [[[0,0],[67,69]],[[22,26],[54,13]]]},
"G557": {"type": "Matrix2x2", "payoffs": [[[5,76],[11,8]],[[36,92],[0,0]]]},
"G558": {"type": "Matrix2x2", "payoffs": [[[0,0],[70,16]],[[97,65],[39,11]]]},
"G559": {"type": "Matrix2x2", "payoffs": [[[3,0],[17,21]],[[53,33],[0,23]]]},
"G560": {"type": "Matrix2x2", "payoffs": [[[0,0],[81,7]],[[88,60],[75,36]]]},
"G561": {"type": "Matrix2x2", "payoffs": [[[22,10],[0,5]],[[9,0],[24,19]]]},
"G562": {"type": "Matrix2x2", "payoffs": [[[7,0],[37,52]],[[0,36],[20,40]]]},
"G563": {"type": "Matrix2x2", "payoffs": [[[67,68],[31,2]],[[53,0],[0,33]]]},
"G564": {"type": "Matrix2x2", "payoffs": [[[68,51],[0,15]],[[23,0],[52,34]]]},
"G565": {"type": "Matrix2x2", "payoffs": [[[21,3],[30,70]],[[17,34],[0,0]]]},
"G566": {"type": "Matrix2x2", "payoffs": [[[35,0],[0,1]],[[18,21],[63,76]]]},
"G567": {"type": "Matrix2x2", "payoffs": [[[34,0],[0,13]],[[32,10],[38,18]]]},
"G568": {"type": "Matrix2x2", "payoffs": [[[15,34],[0,17]],[[23,0],[61,91]]]},
"G569": {"type": "Matrix2x2", "payoffs": [[[0,0],[2,37]],[[12,38],[8,5]]]},
"G570": {"type": "Matrix2x2", "payoffs": [[[0,37],[67,48]],[[46,19],[65,0]]]},
"G571": {"type": "Matrix2x2", "payoffs": [[[74,13],[55,3]],[[10,9],[0,0]]]},
"G572": {"type": "Matrix2x2", "payoffs": [[[54,45],[2,39]],[[0,1],[39,0]]]},
"G573": {"type": "Matrix2x2", "payoffs": [[[19,15],[89,41]],[[56,24],[0,0]]]},
"G574": {"type": "Matrix2x2", "payoffs": [[[22,35],[1,32]],[[0,0],[17,3]]]},
"G575": {"type": "Matrix2x2", "payoffs": [[[33,0],[0,29]],[[75,33],[80,50]]]},
"G576": {"type": "Matrix2x2", "payoffs": [[[35,0],[81,54]],[[0,9],[57,49]]]},
"G577": {"type": "Matrix2x2", "payoffs": [[[0,38],[56,93]],[[8,0],[14,11]]]},
"G578": {"type": "Matrix2x2", "payoffs": [[[63,12],[16,0]],[[72,86],[0,37]]]},
"G579": {"type": "Matrix2x2", "payoffs": [[[33,0],[50,43]],[[0,30],[36,35]]]},
"G580": {"type": "Matrix2x2", "payoffs": [[[77,0],[91,70]],[[84,44],[0,13]]]},
"G581": {"type": "Matrix2x2", "payoffs": [[[0,60],[4,0]],[[56,80],[18,72]]]},
"G582": {"type": "Matrix2x2", "payoffs": [[[10,65],[0,0]],[[65,70],[21,53]]]},
"G583": {"type": "Matrix2x2", "payoffs": [[[9,17],[0,57]],[[11,58],[1,0]]]},
"G584": {"type": "Matrix2x2", "payoffs": [[[86,40],[50,13]],[[0,7],[17,0]]]},
"G585": {"type": "Matrix2x2", "payoffs": [[[20,11],[40,41]],[[0,14],[28,0]]]},
"G586": {"type": "Matrix2x2", "payoffs": [[[19,5],[88,15]],[[0,0],[30,3]]]},
"G587": {"type": "Matrix2x2", "payoffs": [[[0,84],[12,23]],[[33,0],[83,97]]]},
"G588": {"type": "Matrix2x2", "payoffs": [[[55,24],[52,0]],[[58,57],[0,10]]]},
"G589": {"type": "Matrix2x2", "payoffs": [[[2,13],[1,26]],[[3,97],[0,0]]]},
"G590": {"type": "Matrix2x2", "payoffs": [[[31,1],[49,57]],[[0,10],[21,0]]]},
"G591": {"type": "Matrix2x2", "payoffs": [[[0,8],[87,11]],[[44,6],[46,0]]]},
"G592": {"type": "Matrix2x2", "payoffs": [[[23,0],[77,29]],[[0,16],[68,3]]]},
"G593": {"type": "Matrix2x2", "payoffs": [[[25,90],[0,0]],[[26,95],[6,69]]]},
"G594": {"type": "Matrix2x2", "payoffs": [[[0,0],[3,66]],[[2,55],[1,38]]]},
"G595": {"type": "Matrix2x2", "payoffs": [[[5,27],[21,36]],[[0,0],[16,19]]]},
"G596": {"type": "Matrix2x2", "payoffs": [[[21,74],[5,0]],[[0,22],[15,37]]]},
"G597": {"type": "Matrix2x2", "payoffs": [[[0,0],[14,8]],[[9,9],[18,14]]]},
"G598": {"type": "Matrix2x2", "payoffs": [[[60,40],[9,0]],[[4,27],[0,8]]]},
"G599": {"type": "Matrix2x2", "payoffs": [[[24,14],[19,0]],[[0,16],[33,60]]]},
"G600": {"type": "Matrix2x2", "payoffs": [[[26,10],[65,42]],[[24,0],[0,34]]]},
"G601": {"type": "Matrix2x2", "payoffs": [[[0,37],[9,0]],[[60,66],[5,46]]]},
"G602": {"type": "Matrix2x2", "payoffs": [[[9,7],[0,0]],[[4,39],[12,69]]]},
"G603": {"type": "Matrix2x2", "payoffs": [[[5,27],[20,66]],[[0,0],[16,61]]]},
"G604": {"type": "Matrix2x2", "payoffs": [[[37,0],[0,29]],[[38,15],[66,30]]]},
"G605": {"type": "Matrix2x2", "payoffs": [[[11,13],[89,33]],[[9,0],[0,4]]]},
"G606": {"type": "Matrix2x2", "payoffs": [[[43,20],[90,95]],[[58,0],[0,87]]]},
"G607": {"type": "Matrix2x2", "payoffs": [[[1,20],[3,89]],[[2,0],[0,3]]]},
"G608": {"type": "Matrix2x2", "payoffs": [[[0,7],[35,85]],[[15,0],[2,26]]]},
"G609": {"type": "Matrix2x2", "payoffs": [[[31,12],[75,34]],[[67,0],[0,24]]]},
"G610": {"type": "Matrix2x2", "payoffs": [[[22,60],[2,9]],[[40,75],[0,0]]]},
"G611": {"type": "Matrix2x2", "payoffs": [[[0,28],[20,71]],[[25,0],[30,85]]]},
"G612": {"type": "Matrix2x2", "payoffs": [[[0,0],[51,40]],[[15,67],[58,71]]]},
"G613": {"type": "Matrix2x2", "payoffs": [[[27,42],[13,31]],[[9,0],[0,18]]]},
"G614": {"type": "Matrix2x2", "payoffs": [[[31,0],[24,73]],[[0,69],[48,89]]]},
"G615": {"type": "Matrix2x2", "payoffs": [[[1,0],[70,80]],[[0,75],[55,34]]]},
"G616": {"type": "Matrix2x2", "payoffs": [[[11,5],[17,25]],[[1,20],[0,0]]]},
"G617": {"type": "Matrix2x2", "payoffs": [[[0,67],[4,0]],[[24,62],[39,87]]]},
"G618": {"type": "Matrix2x2", "payoffs": [[[0,0],[15,14]],[[3,5],[24,20]]]},
"G619": {"type": "Matrix2x2", "payoffs": [[[15,16],[0,0]],[[53,81],[2,67]]]},
"G620": {"type": "Matrix2x2", "payoffs": [[[0,2],[2,0]],[[1,31],[3,68]]]},
"G621": {"type": "Matrix2x2", "payoffs": [[[21,54],[55,93]],[[5,0],[0,83]]]},
"G622": {"type": "Matrix2x2", "payoffs": [[[8,0],[10,6]],[[0,47],[19,61]]]},
"G623": {"type": "Matrix2x2", "payoffs": [[[10,92],[30,99]],[[27,44],[0,0]]]},
"G624": {"type": "Matrix2x2", "payoffs": [[[0,28],[27,0]],[[21,31],[67,41]]]},
"G625": {"type": "Matrix2x2", "payoffs": [[[48,0],[0,4]],[[66,38],[61,2]]]},
"G626": {"type": "Matrix2x2", "payoffs": [[[30,16],[44,80]],[[31,1],[0,0]]]},
"G627": {"type": "Matrix2x2", "payoffs": [[[67,66],[58,21]],[[0,0],[50,56]]]},
"G628": {"type": "Matrix2x2", "payoffs": [[[52,33],[0,0]],[[34,30],[53,35]]]},
"G629": {"type": "Matrix2x2", "payoffs": [[[16,69],[15,9]],[[6,0],[0,56]]]},
"G630": {"type": "Matrix2x2", "payoffs": [[[0,6],[40,0]],[[91,52],[32,50]]]},
"G631": {"type": "Matrix2x2", "payoffs": [[[0,19],[18,0]],[[24,38],[5,33]]]},
"G632": {"type": "Matrix2x2", "payoffs": [[[8,0],[6,2]],[[91,11],[0,4]]]},
"G633": {"type": "Matrix2x2", "payoffs": [[[31,38],[0,0]],[[23,56],[33,95]]]},
"G634": {"type": "Matrix2x2", "payoffs": [[[0,51],[37,91]],[[1,0],[3,87]]]},
"G635": {"type": "Matrix2x2", "payoffs": [[[18,59],[9,0]],[[0,24],[2,39]]]},
"G636": {"type": "Matrix2x2", "payoffs": [[[42,97],[0,40]],[[32,41],[35,0]]]},
"G637": {"type": "Matrix2x2", "payoffs": [[[0,0],[13,57]],[[12,49],[6,47]]]},
"G638": {"type": "Matrix2x2", "payoffs": [[[5,35],[35,0]],[[77,79],[0,24]]]},
"G639": {"type": "Matrix2x2", "payoffs": [[[5,0],[82,20]],[[0,14],[21,6]]]},
"G640": {"type": "Matrix2x2", "payoffs": [[[39,83],[62,97]],[[0,0],[3,82]]]},
"G641": {"type": "Matrix2x2", "payoffs": [[[12,0],[15,43]],[[7,11],[0,42]]]},
"G642": {"type": "Matrix2x2", "payoffs": [[[15,0],[22,68]],[[43,74],[0,27]]]},
"G643": {"type": "Matrix2x2", "payoffs": [[[0,35],[23,82]],[[70,91],[25,0]]]},
"G644": {"type": "Matrix2x2", "payoffs": [[[1,40],[8,0]],[[0,24],[95,51]]]},
"G645": {"type": "Matrix2x2", "payoffs": [[[3,25],[2,0]],[[12,37],[0,6]]]},
"G646": {"type": "Matrix2x2", "payoffs": [[[42,24],[25,0]],[[30,6],[0,13]]]},
"G647": {"type": "Matrix2x2", "payoffs": [[[49,2],[89,49]],[[32,0],[0,27]]]},
"G648": {"type": "Matrix2x2", "payoffs": [[[6,0],[0,17]],[[7,20],[5,6]]]},
"G649": {"type": "Matrix2x2", "payoffs": [[[53,77],[45,0]],[[0,67],[8,63]]]},
"G650": {"type": "Matrix2x2", "payoffs": [[[17,0],[37,71]],[[0,9],[36,28]]]},
"G651": {"type": "Matrix2x2", "payoffs": [[[0,0],[19,6]],[[23,17],[18,5]]]},
"G652": {"type": "Matrix2x2", "payoffs": [[[9,0],[48,60]],[[32,22],[0,21]]]},
"G653": {"type": "Matrix2x2", "payoffs": [[[22,80],[27,87]],[[0,22],[18,0]]]},
"G654": {"type": "Matrix2x2", "payoffs": [[[77,55],[32,50]],[[0,0],[18,46]]]},
"G655": {"type": "Matrix2x2", "payoffs": [[[60,1],[0,0]],[[79,83],[47,44]]]},
"G656": {"type": "Matrix2x2", "payoffs": [[[5,0],[14,27]],[[0,3],[2,9]]]},
"G657": {"type": "Matrix2x2", "payoffs": [[[8,0],[0,42]],[[96,66],[50,63]]]},
"G658": {"type": "Matrix2x2", "payoffs": [[[0,16],[24,0]],[[65,22],[9,11]]]},
"G659": {"type": "Matrix2x2", "payoffs": [[[4,71],[1,55]],[[3,41],[0,0]]]},
"G660": {"type": "Matrix2x2", "payoffs": [[[61,82],[58,54]],[[39,5],[0,0]]]},
"G661": {"type": "Matrix2x2", "payoffs": [[[64,0],[0,3]],[[90,6],[60,2]]]},
"G662": {"type": "Matrix2x2", "payoffs": [[[0,7],[33,0]],[[29,2],[54,17]]]},
"G663": {"type": "Matrix2x2", "payoffs": [[[31,9],[14,0]],[[0,3],[3,2]]]},
"G664": {"type": "Matrix2x2", "payoffs": [[[72,23],[58,21]],[[0,19],[54,0]]]},
"G665": {"type": "Matrix2x2", "payoffs": [[[0,0],[16,16]],[[22,23],[81,24]]]},
"G666": {"type": "Matrix2x2", "payoffs": [[[20,35],[52,93]],[[0,75],[38,0]]]},
"G667": {"type": "Matrix2x2", "payoffs": [[[21,0],[0,8]],[[25,9],[9,6]]]},
"G668": {"type": "Matrix2x2", "payoffs": [[[55,17],[0,0]],[[70,23],[90,31]]]},
"G669": {"type": "Matrix2x2", "payoffs": [[[8,81],[0,0]],[[16,89],[9,26]]]},
"G670": {"type": "Matrix2x2", "payoffs": [[[4,2],[22,19]],[[26,29],[0,0]]]},
"G671": {"type": "Matrix2x2", "payoffs": [[[100,14],[28,11]],[[65,0],[0,4]]]},
"G672": {"type": "Matrix2x2", "payoffs": [[[2,3],[24,8]],[[53,73],[0,0]]]},
"G673": {"type": "Matrix2x2", "payoffs": [[[92,98],[79,0]],[[19,20],[0,46]]]},
"G674": {"type": "Matrix2x2", "payoffs": [[[0,33],[21,36]],[[28,80],[16,0]]]},
"G675": {"type": "Matrix2x2", "payoffs": [[[43,0],[38,55]],[[0,41],[55,94]]]},
"G676": {"type": "Matrix2x2", "payoffs": [[[65,70],[39,22]],[[0,0],[40,67]]]},
"G677": {"type": "Matrix2x2", "payoffs": [[[63,87],[0,5]],[[2,0],[36,4]]]},
"G678": {"type": "Matrix2x2", "payoffs": [[[0,43],[29,0]],[[1,5],[37,78]]]},
"G679": {"type": "Matrix2x2", "payoffs": [[[93,24],[79,0]],[[0,9],[9,10]]]},
"G680": {"type": "Matrix2x2", "payoffs": [[[75,0],[56,3]],[[83,4],[0,2]]]},
"G681": {"type": "Matrix2x2", "payoffs": [[[46,74],[0,0]],[[35,12],[49,79]]]},
"G682": {"type": "Matrix2x2", "payoffs": [[[17,16],[0,41]],[[3,0],[27,98]]]},
"G683": {"type": "Matrix2x2", "payoffs": [[[6,0],[54,50]],[[17,12],[0,6]]]},
"G684": {"type": "Matrix2x2", "payoffs": [[[43,0],[0,46]],[[72,17],[88,75]]]},
"G685": {"type": "Matrix2x2", "payoffs": [[[0,0],[2,18]],[[19,90],[17,27]]]},
"G686": {"type": "Matrix2x2", "payoffs": [[[74,7],[83,12]],[[0,2],[69,0]]]},
"G687": {"type": "Matrix2x2", "payoffs": [[[62,6],[42,1]],[[0,3],[38,0]]]},
"G688": {"type": "Matrix2x2", "payoffs": [[[6,60],[0,0]],[[11,44],[62,74]]]},
"G689": {"type": "Matrix2x2", "payoffs": [[[8,33],[41,74]],[[38,0],[0,41]]]},
"G690": {"type": "Matrix2x2", "payoffs": [[[65,53],[20,45]],[[57,44],[0,0]]]},
"G691": {"type": "Matrix2x2", "payoffs": [[[6,22],[29,0]],[[0,16],[33,34]]]},
"G692": {"type": "Matrix2x2", "payoffs": [[[71,29],[50,0]],[[0,22],[52,1]]]},
"G693": {"type": "Matrix2x2", "payoffs": [[[74,0],[87,81]],[[0,12],[36,3]]]},
"G694": {"type": "Matrix2x2", "payoffs": [[[0,7],[2,46]],[[7,60],[6,0]]]},
"G695": {"type": "Matrix2x2", "payoffs": [[[38,8],[17,0]],[[72,98],[0,91]]]},
"G696": {"type": "Matrix2x2", "payoffs": [[[0,19],[37,91]],[[25,0],[12,16]]]},
"G697": {"type": "Matrix2x2", "payoffs": [[[0,34],[63,0]],[[41,80],[95,82]]]},
"G698": {"type": "Matrix2x2", "payoffs": [[[81,40],[0,8]],[[60,32],[62,0]]]},
"G699": {"type": "Matrix2x2", "payoffs": [[[90,15],[84,1]],[[88,0],[0,9]]]},
"G700": {"type": "Matrix2x2", "payoffs": [[[8,4],[0,0]],[[42,5],[56,6]]]},
"G701": {"type": "Matrix2x2", "payoffs": [[[19,9],[1,8]],[[8,6],[0,0]]]},
"G702": {"type": "Matrix2x2", "payoffs": [[[94,87],[88,13]],[[0,15],[74,0]]]},
"G703": {"type": "Matrix2x2", "payoffs": [[[35,0],[0,4]],[[62,86],[6,75]]]},
"G704": {"type": "Matrix2x2", "payoffs": [[[53,0],[78,76]],[[0,24],[31,25]]]},
"G705": {"type": "Matrix2x2", "payoffs": [[[75,0],[37,8]],[[95,10],[0,5]]]},
"G706": {"type": "Matrix2x2", "payoffs": [[[47,0],[2,64]],[[54,93],[0,26]]]},
"G707": {"type": "Matrix2x2", "payoffs": [[[23,70],[0,9]],[[44,95],[29,0]]]},
"G708": {"type": "Matrix2x2", "payoffs": [[[20,0],[0,2]],[[5,5],[37,8]]]},
"G709": {"type": "Matrix2x2", "payoffs": [[[9,31],[0,24]],[[7,21],[6,0]]]},
"G710": {"type": "Matrix2x2", "payoffs": [[[16,32],[49,70]],[[0,4],[22,0]]]},
"G711": {"type": "Matrix2x2", "payoffs": [[[0,0],[19,19]],[[33,30],[4,16]]]},
"G712": {"type": "Matrix2x2", "payoffs": [[[33,7],[0,0]],[[18,12],[63,13]]]},
"G713": {"type": "Matrix2x2", "payoffs": [[[55,4],[74,6]],[[50,2],[0,0]]]},
"G714": {"type": "Matrix2x2", "payoffs": [[[0,0],[1,15]],[[71,32],[14,30]]]},
"G715": {"type": "Matrix2x2", "payoffs": [[[2,11],[10,56]],[[0,0],[4,27]]]},
"G716": {"type": "Matrix2x2", "payoffs": [[[16,4],[5,0]],[[3,1],[0,2]]]},
"G717": {"type": "Matrix2x2", "payoffs": [[[0,1],[36,3]],[[10,0],[33,2]]]},
"G718": {"type": "Matrix2x2", "payoffs": [[[88,88],[0,0]],[[63,60],[81,75]]]},
"G719": {"type": "Matrix2x2", "payoffs": [[[0,65],[4,82]],[[1,0],[3,11]]]},
"G720": {"type": "Matrix2x2", "payoffs": [[[0,9],[27,0]],[[43,50],[28,32]]]},
"G721": {"type": "Matrix2x2", "payoffs": [[[65,21],[72,54]],[[71,39],[0,0]]]},
"G722": {"type": "Matrix2x2", "payoffs": [[[13,0],[6,54]],[[16,78],[0,19]]]},
"G723": {"type": "Matrix2x2", "payoffs": [[[0,11],[10,24]],[[1,0],[14,29]]]},
"G724": {"type": "Matrix2x2", "payoffs": [[[0,27],[84,45]],[[71,32],[78,0]]]},
"G725": {"type": "Matrix2x2", "payoffs": [[[0,36],[69,87]],[[7,82],[60,0]]]},
"G726": {"type": "Matrix2x2", "payoffs": [[[22,10],[59,23]],[[0,19],[21,0]]]},
"G727": {"type": "Matrix2x2", "payoffs": [[[29,0],[45,66]],[[0,8],[63,77]]]},
"G728": {"type": "Matrix2x2", "payoffs": [[[38,26],[21,10]],[[0,0],[9,4]]]},
"G729": {"type": "Matrix2x2", "payoffs": [[[45,32],[0,0]],[[47,75],[36,3]]]},
"G730": {"type": "Matrix2x2", "payoffs": [[[0,0],[16,1]],[[36,79],[15,49]]]},
"G731": {"type": "Matrix2x2", "payoffs": [[[38,84],[35,55]],[[0,0],[14,3]]]},
"G732": {"type": "Matrix2x2", "payoffs": [[[19,2],[58,23]],[[22,0],[0,1]]]},
"G733": {"type": "Matrix2x2", "payoffs": [[[37,11],[45,12]],[[0,0],[56,22]]]},
"G734": {"type": "Matrix2x2", "payoffs": [[[90,57],[59,7]],[[72,44],[0,0]]]},
"G735": {"type": "Matrix2x2", "payoffs": [[[0,41],[8,0]],[[12,25],[16,42]]]},
"G736": {"type": "Matrix2x2", "payoffs": [[[7,0],[16,84]],[[0,36],[8,14]]]},
"G737": {"type": "Matrix2x2", "payoffs": [[[10,41],[6,0]],[[0,49],[11,65]]]},
"G738": {"type": "Matrix2x2", "payoffs": [[[0,6],[20,0]],[[64,45],[29,1]]]},
"G739": {"type": "Matrix2x2", "payoffs": [[[0,0],[38,4]],[[22,48],[49,84]]]},
"G740": {"type": "Matrix2x2", "payoffs": [[[0,0],[28,43]],[[7,8],[9,7]]]},
"G741": {"type": "Matrix2x2", "payoffs": [[[26,13],[58,40]],[[0,1],[52,0]]]},
"G742": {"type": "Matrix2x2", "payoffs": [[[8,60],[47,69]],[[65,72],[0,0]]]},
"G743": {"type": "Matrix2x2", "payoffs": [[[15,0],[0,55]],[[7,4],[24,86]]]},
"G744": {"type": "Matrix2x2", "payoffs": [[[16,29],[50,0]],[[98,42],[0,19]]]},
"G745": {"type": "Matrix2x2", "payoffs": [[[18,0],[0,58]],[[15,2],[30,93]]]},
"G746": {"type": "Matrix2x2", "payoffs": [[[11,35],[0,0]],[[15,52],[9,28]]]},
"G747": {"type": "Matrix2x2", "payoffs": [[[0,5],[40,6]],[[26,0],[56,11]]]},
"G748": {"type": "Matrix2x2", "payoffs": [[[3,0],[0,4]],[[1,6],[6,16]]]},
"G749": {"type": "Matrix2x2", "payoffs": [[[0,41],[49,54]],[[31,51],[32,0]]]},
"G750": {"type": "Matrix2x2", "payoffs": [[[0,32],[68,78]],[[18,0],[16,52]]]},
"G751": {"type": "Matrix2x2", "payoffs": [[[96,40],[67,0]],[[0,22],[72,24]]]},
"G752": {"type": "Matrix2x2", "payoffs": [[[48,2],[34,0]],[[0,14],[77,26]]]},
"G753": {"type": "Matrix2x2", "payoffs": [[[96,81],[61,20]],[[68,75],[0,0]]]},
"G754": {"type": "Matrix2x2", "payoffs": [[[36,48],[32,0]],[[0,22],[6,30]]]},
"G755": {"type": "Matrix2x2", "payoffs": [[[8,37],[4,0]],[[13,50],[0,3]]]},
"G756": {"type": "Matrix2x2", "payoffs": [[[26,31],[19,24]],[[0,28],[21,0]]]},
"G757": {"type": "Matrix2x2", "payoffs": [[[59,37],[64,77]],[[45,0],[0,52]]]},
"G758": {"type": "Matrix2x2", "payoffs": [[[0,0],[10,27]],[[14,3],[19,56]]]},
"G759": {"type": "Matrix2x2", "payoffs": [[[6,11],[0,14]],[[15,16],[2,0]]]},
"G760": {"type": "Matrix2x2", "payoffs": [[[92,35],[0,0]],[[75,25],[73,20]]]},
"G761": {"type": "Matrix2x2", "payoffs": [[[26,65],[0,13]],[[24,52],[2,0]]]},
"G762": {"type": "Matrix2x2", "payoffs": [[[42,6],[0,0]],[[23,10],[80,19]]]},
"G763": {"type": "Matrix2x2", "payoffs": [[[0,5],[5,0]],[[77,44],[88,45]]]},
"G764": {"type": "Matrix2x2", "payoffs": [[[17,0],[48,50]],[[0,40],[12,10]]]},
"G765": {"type": "Matrix2x2", "payoffs": [[[65,94],[12,0]],[[0,16],[26,1]]]},
"G766": {"type": "Matrix2x2", "payoffs": [[[0,79],[4,0]],[[26,7],[27,90]]]},
"G767": {"type": "Matrix2x2", "payoffs": [[[73,0],[0,66]],[[88,89],[45,29]]]},
"G768": {"type": "Matrix2x2", "payoffs": [[[0,64],[42,10]],[[52,0],[66,70]]]},
"G769": {"type": "Matrix2x2", "payoffs": [[[37,25],[44,52]],[[0,0],[50,74]]]},
"G770": {"type": "Matrix2x2", "payoffs": [[[83,17],[0,0]],[[62,3],[93,58]]]},
"G771": {"type": "Matrix2x2", "payoffs": [[[66,69],[22,0]],[[0,31],[38,67]]]},
"G772": {"type": "Matrix2x2", "payoffs": [[[33,14],[0,13]],[[22,0],[16,4]]]},
"G773": {"type": "Matrix2x2", "payoffs": [[[0,6],[2,8]],[[1,0],[3,37]]]},
"G774": {"type": "Matrix2x2", "payoffs": [[[80,81],[17,31]],[[25,0],[0,22]]]},
"G775": {"type": "Matrix2x2", "payoffs": [[[0,0],[20,12]],[[28,25],[19,24]]]},
"G776": {"type": "Matrix2x2", "payoffs": [[[0,70],[7,22]],[[82,73],[20,0]]]},
"G777": {"type": "Matrix2x2", "payoffs": [[[7,11],[0,0]],[[77,22],[22,6]]]},
"G778": {"type": "Matrix2x2", "payoffs": [[[2,0],[0,12]],[[4,14],[3,9]]]},
"G779": {"type": "Matrix2x2", "payoffs": [[[99,55],[23,34]],[[0,0],[14,51]]]},
"G780": {"type": "Matrix2x2", "payoffs": [[[57,99],[0,0]],[[39,89],[51,78]]]},
"G781": {"type": "Matrix2x2", "payoffs": [[[53,46],[0,14]],[[33,26],[17,0]]]},
"G782": {"type": "Matrix2x2", "payoffs": [[[34,81],[5,58]],[[0,77],[31,0]]]},
"G783": {"type": "Matrix2x2", "payoffs": [[[84,96],[82,66]],[[0,49],[60,0]]]},
"G784": {"type": "Matrix2x2", "payoffs": [[[9,8],[0,0]],[[10,62],[13,81]]]},
"G785": {"type": "Matrix2x2", "payoffs": [[[49,75],[32,56]],[[0,0],[1,53]]]},
"G786": {"type": "Matrix2x2", "payoffs": [[[45,0],[0,74]],[[85,82],[10,18]]]},
"G787": {"type": "Matrix2x2", "payoffs": [[[0,12],[23,0]],[[73,8],[87,36]]]},
"G788": {"type": "Matrix2x2", "payoffs": [[[56,16],[8,13]],[[64,70],[0,0]]]},
"G789": {"type": "Matrix2x2", "payoffs": [[[53,72],[0,0]],[[79,86],[16,34]]]},
"G790": {"type": "Matrix2x2", "payoffs": [[[0,0],[39,6]],[[15,1],[27,3]]]},
"G791": {"type": "Matrix2x2", "payoffs": [[[22,3],[51,21]],[[0,0],[39,8]]]},
"G792": {"type": "Matrix2x2", "payoffs": [[[0,76],[1,0]],[[4,78],[2,27]]]},
"G793": {"type": "Matrix2x2", "payoffs": [[[0,2],[18,0]],[[1,6],[29,10]]]},
"G794": {"type": "Matrix2x2", "payoffs": [[[42,75],[0,0]],[[22,11],[4,3]]]},
"G795": {"type": "Matrix2x2", "payoffs": [[[40,74],[10,57]],[[14,41],[0,0]]]},
"G796": {"type": "Matrix2x2", "payoffs": [[[0,12],[19,17]],[[16,0],[56,52]]]},
"G797": {"type": "Matrix2x2", "payoffs": [[[15,27],[28,45]],[[0,2],[22,0]]]},
"G798": {"type": "Matrix2x2", "payoffs": [[[45,38],[0,0]],[[64,65],[46,1]]]},
"G799": {"type": "Matrix2x2", "payoffs": [[[25,0],[6,45]],[[0,43],[36,56]]]},
"G800": {"type": "Matrix2x2", "payoffs": [[[18,40],[15,0]],[[9,11],[0,27]]]},
"G801": {"type": "Matrix2x2", "payoffs": [[[4,46],[82,47]],[[18,0],[0,6]]]},
"G802": {"type": "Matrix2x2", "payoffs": [[[53,20],[23,15]],[[0,13],[34,0]]]},
"G803": {"type": "Matrix2x2", "payoffs": [[[0,3],[8,0]],[[10,5],[70,6]]]},
"G804": {"type": "Matrix2x2", "payoffs": [[[53,0],[76,1]],[[0,9],[96,16]]]},
"G805": {"type": "Matrix2x2", "payoffs": [[[56,9],[23,20]],[[99,34],[0,0]]]},
"G806": {"type": "Matrix2x2", "payoffs": [[[20,20],[17,0]],[[2,14],[0,10]]]},
"G807": {"type": "Matrix2x2", "payoffs": [[[26,15],[34,11]],[[49,65],[0,0]]]},
"G808": {"type": "Matrix2x2", "payoffs": [[[52,85],[0,51]],[[1,80],[22,0]]]},
"G809": {"type": "Matrix2x2", "payoffs": [[[2,15],[22,0]],[[0,9],[38,30]]]},
"G810": {"type": "Matrix2x2", "payoffs": [[[71,21],[18,14]],[[0,4],[63,0]]]},
"G811": {"type": "Matrix2x2", "payoffs": [[[0,27],[39,25]],[[57,57],[16,0]]]},
"G812": {"type": "Matrix2x2", "payoffs": [[[83,15],[48,10]],[[19,0],[0,6]]]},
"G813": {"type": "Matrix2x2", "payoffs": [[[11,0],[35,98]],[[0,54],[7,5]]]},
"G814": {"type": "Matrix2x2", "payoffs": [[[11,28],[14,0]],[[0,15],[17,31]]]},
"G815": {"type": "Matrix2x2", "payoffs": [[[33,27],[74,62]],[[24,0],[0,4]]]},
"G816": {"type": "Matrix2x2", "payoffs": [[[8,4],[0,36]],[[25,0],[80,58]]]},
"G817": {"type": "Matrix2x2", "payoffs": [[[7,0],[11,2]],[[16,14],[0,4]]]},
"G818": {"type": "Matrix2x2", "payoffs": [[[5,65],[21,89]],[[0,86],[18,0]]]},
"G819": {"type": "Matrix2x2", "payoffs": [[[0,29],[20,34]],[[5,0],[63,37]]]},
"G820": {"type": "Matrix2x2", "payoffs": [[[44,33],[4,27]],[[0,0],[28,10]]]},
"G821": {"type": "Matrix2x2", "payoffs": [[[46,0],[56,91]],[[13,87],[0,34]]]},
"G822": {"type": "Matrix2x2", "payoffs": [[[24,83],[7,43]],[[22,0],[0,58]]]},
"G823": {"type": "Matrix2x2", "payoffs": [[[32,30],[18,0]],[[0,16],[16,18]]]},
"G824": {"type": "Matrix2x2", "payoffs": [[[0,64],[76,0]],[[70,40],[88,69]]]},
"G825": {"type": "Matrix2x2", "payoffs": [[[3,14],[2,0]],[[1,1],[0,6]]]},
"G826": {"type": "Matrix2x2", "payoffs": [[[32,55],[17,0]],[[20,50],[0,36]]]},
"G827": {"type": "Matrix2x2", "payoffs": [[[16,4],[8,0]],[[0,3],[2,2]]]},
"G828": {"type": "Matrix2x2", "payoffs": [[[23,69],[21,16]],[[0,0],[11,50]]]},
"G829": {"type": "Matrix2x2", "payoffs": [[[5,85],[0,0]],[[4,17],[7,90]]]},
"G830": {"type": "Matrix2x2", "payoffs": [[[1,0],[8,22]],[[0,17],[7,7]]]},
"G831": {"type": "Matrix2x2", "payoffs": [[[0,11],[62,7]],[[49,0],[93,18]]]},
"G832": {"type": "Matrix2x2", "payoffs": [[[84,96],[53,79]],[[0,32],[54,0]]]},
"G833": {"type": "Matrix2x2", "payoffs": [[[0,23],[1,0]],[[10,26],[22,48]]]},
"G834": {"type": "Matrix2x2", "payoffs": [[[84,22],[0,0]],[[59,18],[50,10]]]},
"G835": {"type": "Matrix2x2", "payoffs": [[[0,0],[10,21]],[[22,71],[1,26]]]},
"G836": {"type": "Matrix2x2", "payoffs": [[[0,0],[51,58]],[[37,43],[62,63]]]},
"G837": {"type": "Matrix2x2", "payoffs": [[[21,73],[3,0]],[[18,47],[0,67]]]},
"G838": {"type": "Matrix2x2", "payoffs": [[[11,0],[83,96]],[[19,51],[0,43]]]},
"G839": {"type": "Matrix2x2", "payoffs": [[[3,26],[0,0]],[[6,30],[2,22]]]},
"G840": {"type": "Matrix2x2", "payoffs": [[[17,86],[8,69]],[[0,0],[10,9]]]},
"G841": {"type": "Matrix2x2", "payoffs": [[[0,22],[64,69]],[[15,0],[3,2]]]},
"G842": {"type": "Matrix2x2", "payoffs": [[[19,69],[8,42]],[[17,57],[0,0]]]},
"G843": {"type": "Matrix2x2", "payoffs": [[[27,35],[0,26]],[[22,0],[3,8]]]},
"G844": {"type": "Matrix2x2", "payoffs": [[[65,38],[24,11]],[[0,0],[63,36]]]},
"G845": {"type": "Matrix2x2", "payoffs": [[[3,0],[14,31]],[[0,8],[7,10]]]},
"G846": {"type": "Matrix2x2", "payoffs": [[[26,0],[81,83]],[[0,42],[69,74]]]},
"G847": {"type": "Matrix2x2", "payoffs": [[[67,18],[0,17]],[[91,24],[79,0]]]},
"G848": {"type": "Matrix2x2", "payoffs": [[[0,0],[30,62]],[[71,98],[4,49]]]},
"G849": {"type": "Matrix2x2", "payoffs": [[[0,0],[1,1]],[[13,3],[9,2]]]},
"G850": {"type": "Matrix2x2", "payoffs": [[[54,44],[0,0]],[[63,51],[13,2]]]},
"G851": {"type": "Matrix2x2", "payoffs": [[[59,0],[0,30]],[[47,4],[75,86]]]},
"G852": {"type": "Matrix2x2", "payoffs": [[[30,84],[20,10]],[[0,0],[12,3]]]},
"G853": {"type": "Matrix2x2", "payoffs": [[[18,20],[24,47]],[[23,0],[0,23]]]},
"G854": {"type": "Matrix2x2", "payoffs": [[[79,17],[38,10]],[[0,16],[14,0]]]},
"G855": {"type": "Matrix2x2", "payoffs": [[[0,10],[53,0]],[[61,16],[25,9]]]},
"G856": {"type": "Matrix2x2", "payoffs": [[[43,32],[47,0]],[[94,64],[0,11]]]},
"G857": {"type": "Matrix2x2", "payoffs": [[[0,7],[13,16]],[[18,46],[7,0]]]},
"G858": {"type": "Matrix2x2", "payoffs": [[[32,0],[39,9]],[[42,30],[0,24]]]},
"G859": {"type": "Matrix2x2", "payoffs": [[[0,0],[21,95]],[[20,36],[15,24]]]},
"G860": {"type": "Matrix2x2", "payoffs": [[[8,0],[18,9]],[[16,4],[0,3]]]},
"G861": {"type": "Matrix2x2", "payoffs": [[[0,14],[21,18]],[[38,0],[50,22]]]},
"G862": {"type": "Matrix2x2", "payoffs": [[[52,12],[41,3]],[[51,0],[0,8]]]},
"G863": {"type": "Matrix2x2", "payoffs": [[[0,0],[3,38]],[[1,22],[4,58]]]},
"G864": {"type": "Matrix2x2", "payoffs": [[[18,47],[82,97]],[[46,70],[0,0]]]},
"G865": {"type": "Matrix2x2", "payoffs": [[[34,94],[6,61]],[[0,43],[2,0]]]},
"G866": {"type": "Matrix2x2", "payoffs": [[[6,67],[0,38]],[[96,98],[67,0]]]},
"G867": {"type": "Matrix2x2", "payoffs": [[[46,53],[8,0]],[[52,69],[0,42]]]},
"G868": {"type": "Matrix2x2", "payoffs": [[[0,8],[5,0]],[[29,4],[58,10]]]},
"G869": {"type": "Matrix2x2", "payoffs": [[[59,2],[74,6]],[[78,9],[0,0]]]},
"G870": {"type": "Matrix2x2", "payoffs": [[[21,45],[1,13]],[[17,0],[0,37]]]},
"G871": {"type": "Matrix2x2", "payoffs": [[[26,30],[1,6]],[[0,0],[17,27]]]},
"G872": {"type": "Matrix2x2", "payoffs": [[[9,0],[17,13]],[[6,10],[0,9]]]},
"G873": {"type": "Matrix2x2", "payoffs": [[[27,77],[0,0]],[[6,71],[52,95]]]},
"G874": {"type": "Matrix2x2", "payoffs": [[[1,0],[0,47]],[[9,49],[6,24]]]},
"G875": {"type": "Matrix2x2", "payoffs": [[[85,95],[17,84]],[[0,44],[12,0]]]},
"G876": {"type": "Matrix2x2", "payoffs": [[[16,0],[9,11]],[[30,21],[0,10]]]},
"G877": {"type": "Matrix2x2", "payoffs": [[[6,57],[5,50]],[[3,0],[0,55]]]},
"G878": {"type": "Matrix2x2", "payoffs": [[[19,0],[24,3]],[[0,1],[55,10]]]},
"G879": {"type": "Matrix2x2", "payoffs": [[[0,12],[8,0]],[[24,11],[34,13]]]},
"G880": {"type": "Matrix2x2", "payoffs": [[[48,8],[0,6]],[[27,0],[46,3]]]},
"G881": {"type": "Matrix2x2", "payoffs": [[[73,0],[0,25]],[[35,69],[81,82]]]},
"G882": {"type": "Matrix2x2", "payoffs": [[[95,74],[7,62]],[[0,52],[80,0]]]},
"G883": {"type": "Matrix2x2", "payoffs": [[[0,0],[2,27]],[[62,24],[63,36]]]},
"G884": {"type": "Matrix2x2", "payoffs": [[[0,15],[10,14]],[[8,0],[16,44]]]},
"G885": {"type": "Matrix2x2", "payoffs": [[[2,4],[0,0]],[[5,3],[8,5]]]},
"G886": {"type": "Matrix2x2", "payoffs": [[[36,55],[0,0]],[[71,85],[64,10]]]},
"G887": {"type": "Matrix2x2", "payoffs": [[[0,75],[16,0]],[[77,98],[64,46]]]},
"G888": {"type": "Matrix2x2", "payoffs": [[[6,2],[0,5]],[[9,6],[4,0]]]},
"G889": {"type": "Matrix2x2", "payoffs": [[[13,19],[30,0]],[[63,61],[0,57]]]},
"G890": {"type": "Matrix2x2", "payoffs": [[[69,36],[36,15]],[[32,0],[0,25]]]},
"G891": {"type": "Matrix2x2", "payoffs": [[[7,16],[16,74]],[[0,0],[13,59]]]},
"G892": {"type": "Matrix2x2", "payoffs": [[[13,18],[3,8]],[[0,5],[10,0]]]},
"G893": {"type": "Matrix2x2", "payoffs": [[[0,0],[1,8]],[[40,7],[48,17]]]},
"G894": {"type": "Matrix2x2", "payoffs": [[[61,14],[0,0]],[[85,19],[16,16]]]},
"G895": {"type": "Matrix2x2", "payoffs": [[[20,21],[8,10]],[[0,16],[4,0]]]},
"G896": {"type": "Matrix2x2", "payoffs": [[[3,2],[2,8]],[[4,21],[0,0]]]},
"G897": {"type": "Matrix2x2", "payoffs": [[[63,22],[1,53]],[[0,0],[94,62]]]},
"G898": {"type": "Matrix2x2", "payoffs": [[[57,1],[0,14]],[[41,0],[66,17]]]},
"G899": {"type": "Matrix2x2", "payoffs": [[[0,27],[23,0]],[[34,73],[24,9]]]},
"G900": {"type": "Matrix2x2", "payoffs": [[[2,0],[8,64]],[[0,42],[4,63]]]},
"G901": {"type": "Matrix2x2", "payoffs": [[[64,78],[0,65]],[[15,59],[44,0]]]},
"G902": {"type": "Matrix2x2", "payoffs": [[[0,5],[10,0]],[[13,63],[71,73]]]},
"G903": {"type": "Matrix2x2", "payoffs": [[[39,33],[0,1]],[[34,0],[11,23]]]},
"G904": {"type": "Matrix2x2", "payoffs": [[[36,77],[2,0]],[[29,74],[0,73]]]},
"G905": {"type": "Matrix2x2", "payoffs": [[[16,21],[3,0]],[[4,10],[0,5]]]},
"G906": {"type": "Matrix2x2", "payoffs": [[[86,26],[0,12]],[[58,14],[64,0]]]},
"G907": {"type": "Matrix2x2", "payoffs": [[[0,60],[24,75]],[[21,0],[1,25]]]},
"G908": {"type": "Matrix2x2", "payoffs": [[[0,35],[3,0]],[[4,57],[1,42]]]},
"G909": {"type": "Matrix2x2", "payoffs": [[[63,0],[36,2]],[[84,14],[0,6]]]},
"G910": {"type": "Matrix2x2", "payoffs": [[[0,0],[44,84]],[[26,8],[31,36]]]},
"G911": {"type": "Matrix2x2", "payoffs": [[[0,14],[24,53]],[[26,78],[12,0]]]},
"G912": {"type": "Matrix2x2", "payoffs": [[[1,1],[14,76]],[[0,4],[10,0]]]},
"G913": {"type": "Matrix2x2", "payoffs": [[[7,0],[0,7]],[[57,10],[42,2]]]},
"G914": {"type": "Matrix2x2", "payoffs": [[[62,24],[0,0]],[[68,41],[2,2]]]},
"G915": {"type": "Matrix2x2", "payoffs": [[[8,8],[72,71]],[[0,0],[50,23]]]},
"G916": {"type": "Matrix2x2", "payoffs": [[[38,18],[59,52]],[[0,0],[36,7]]]},
"G917": {"type": "Matrix2x2", "payoffs": [[[11,10],[17,42]],[[0,0],[55,51]]]},
"G918": {"type": "Matrix2x2", "payoffs": [[[85,48],[88,97]],[[56,0],[0,40]]]},
"G919": {"type": "Matrix2x2", "payoffs": [[[28,3],[0,1]],[[9,0],[44,14]]]},
"G920": {"type": "Matrix2x2", "payoffs": [[[74,13],[38,1]],[[0,0],[20,12]]]},
"G921": {"type": "Matrix2x2", "payoffs": [[[0,0],[55,24]],[[33,8],[4,22]]]},
"G922": {"type": "Matrix2x2", "payoffs": [[[0,21],[3,0]],[[63,52],[21,11]]]},
"G923": {"type": "Matrix2x2", "payoffs": [[[0,4],[5,3]],[[83,53],[28,0]]]},
"G924": {"type": "Matrix2x2", "payoffs": [[[10,34],[0,29]],[[15,0],[47,40]]]},
"G925": {"type": "Matrix2x2", "payoffs": [[[17,56],[9,0]],[[3,10],[0,46]]]},
"G926": {"type": "Matrix2x2", "payoffs": [[[23,0],[75,54]],[[64,30],[0,13]]]},
"G927": {"type": "Matrix2x2", "payoffs": [[[34,5],[63,9]],[[12,4],[0,0]]]},
"G928": {"type": "Matrix2x2", "payoffs": [[[0,3],[68,6]],[[91,9],[7,0]]]},
"G929": {"type": "Matrix2x2", "payoffs": [[[15,84],[62,89]],[[0,0],[39,63]]]},
"G930": {"type": "Matrix2x2", "payoffs": [[[1,12],[0,9]],[[2,0],[3,20]]]},
"G931": {"type": "Matrix2x2", "payoffs": [[[0,23],[8,58]],[[13,71],[2,0]]]},
"G932": {"type": "Matrix2x2", "payoffs": [[[69,94],[46,13]],[[0,9],[65,0]]]},
"G933": {"type": "Matrix2x2", "payoffs": [[[67,3],[100,55]],[[81,20],[0,0]]]},
"G934": {"type": "Matrix2x2", "payoffs": [[[19,48],[0,51]],[[9,0],[25,71]]]},
"G935": {"type": "Matrix2x2", "payoffs": [[[0,0],[88,66]],[[38,41],[22,30]]]},
"G936": {"type": "Matrix2x2", "payoffs": [[[1,0],[5,51]],[[2,33],[0,49]]]},
"G937": {"type": "Matrix2x2", "payoffs": [[[0,0],[11,47]],[[62,63],[61,3]]]},
"G938": {"type": "Matrix2x2", "payoffs": [[[36,6],[16,12]],[[0,0],[49,20]]]},
"G939": {"type": "Matrix2x2", "payoffs": [[[0,0],[72,75]],[[63,36],[67,24]]]},
"G940": {"type": "Matrix2x2", "payoffs": [[[1,28],[30,0]],[[0,5],[76,41]]]},
"G941": {"type": "Matrix2x2", "payoffs": [[[6,82],[4,0]],[[0,39],[5,62]]]},
"G942": {"type": "Matrix2x2", "payoffs": [[[0,14],[95,21]],[[91,2],[46,0]]]},
"G943": {"type": "Matrix2x2", "payoffs": [[[0,72],[16,87]],[[9,85],[6,0]]]},
"G944": {"type": "Matrix2x2", "payoffs": [[[21,0],[0,28]],[[20,60],[35,69]]]},
"G945": {"type": "Matrix2x2", "payoffs": [[[0,0],[36,6]],[[100,64],[28,36]]]},
"G946": {"type": "Matrix2x2", "payoffs": [[[0,47],[98,57]],[[1,39],[95,0]]]},
"G947": {"type": "Matrix2x2", "payoffs": [[[0,0],[6,36]],[[7,37],[5,7]]]},
"G948": {"type": "Matrix2x2", "payoffs": [[[0,0],[23,52]],[[33,46],[66,85]]]},
"G949": {"type": "Matrix2x2", "payoffs": [[[12,51],[11,6]],[[6,0],[0,19]]]},
"G950": {"type": "Matrix2x2", "payoffs": [[[9,0],[7,59]],[[0,60],[27,79]]]},
"G951": {"type": "Matrix2x2", "payoffs": [[[0,42],[1,1]],[[30,95],[19,0]]]},
"G952": {"type": "Matrix2x2", "payoffs": [[[43,0],[0,4]],[[56,5],[15,1]]]},
"G953": {"type": "Matrix2x2", "payoffs": [[[57,10],[0,0]],[[19,3],[80,14]]]},
"G954": {"type": "Matrix2x2", "payoffs": [[[7,4],[3,2]],[[4,0],[0,1]]]},
"G955": {"type": "Matrix2x2", "payoffs": [[[7,65],[0,31]],[[5,0],[27,72]]]},
"G956": {"type": "Matrix2x2", "payoffs": [[[68,5],[53,4]],[[0,0],[86,20]]]},
"G957": {"type": "Matrix2x2", "payoffs": [[[48,19],[70,37]],[[90,74],[0,0]]]},
"G958": {"type": "Matrix2x2", "payoffs": [[[0,5],[42,20]],[[11,0],[54,25]]]},
"G959": {"type": "Matrix2x2", "payoffs": [[[18,24],[39,70]],[[28,0],[0,22]]]},
"G960": {"type": "Matrix2x2", "payoffs": [[[10,0],[0,11]],[[49,34],[32,6]]]},
"G961": {"type": "Matrix2x2", "payoffs": [[[22,0],[37,93]],[[29,1],[0,65]]]},
"G962": {"type": "Matrix2x2", "payoffs": [[[41,95],[4,35]],[[31,14],[0,0]]]},
"G963": {"type": "Matrix2x2", "payoffs": [[[2,0],[3,88]],[[0,53],[1,34]]]},
"G964": {"type": "Matrix2x2", "payoffs": [[[12,0],[17,59]],[[0,5],[7,24]]]},
"G965": {"type": "Matrix2x2", "payoffs": [[[0,5],[53,0]],[[32,1],[98,8]]]},
"G966": {"type": "Matrix2x2", "payoffs": [[[1,0],[3,59]],[[64,76],[0,51]]]},
"G967": {"type": "Matrix2x2", "payoffs": [[[81,0],[85,6]],[[14,4],[0,1]]]},
"G968": {"type": "Matrix2x2", "payoffs": [[[0,5],[43,8]],[[6,0],[25,6]]]},
"G969": {"type": "Matrix2x2", "payoffs": [[[20,13],[0,11]],[[3,0],[54,14]]]},
"G970": {"type": "Matrix2x2", "payoffs": [[[40,75],[0,0]],[[38,49],[11,71]]]},
"G971": {"type": "Matrix2x2", "payoffs": [[[84,54],[0,0]],[[100,63],[83,24]]]},
"G972": {"type": "Matrix2x2", "payoffs": [[[0,36],[43,55]],[[30,0],[32,19]]]},
"G973": {"type": "Matrix2x2", "payoffs": [[[0,0],[24,31]],[[18,23],[28,35]]]},
"G974": {"type": "Matrix2x2", "payoffs": [[[1,17],[6,0]],[[0,2],[16,42]]]},
"G975": {"type": "Matrix2x2", "payoffs": [[[75,14],[0,13]],[[68,0],[4,5]]]},
"G976": {"type": "Matrix2x2", "payoffs": [[[30,48],[0,0]],[[37,37],[46,85]]]},
"G977": {"type": "Matrix2x2", "payoffs": [[[18,2],[43,19]],[[0,18],[31,0]]]},
"G978": {"type": "Matrix2x2", "payoffs": [[[0,20],[71,3]],[[75,40],[31,0]]]},
"G979": {"type": "Matrix2x2", "payoffs": [[[63,8],[100,92]],[[0,0],[49,83]]]},
"G980": {"type": "Matrix2x2", "payoffs": [[[0,61],[9,36]],[[22,0],[38,74]]]},
"G981": {"type": "Matrix2x2", "payoffs": [[[81,15],[80,3]],[[64,0],[0,1]]]},
"G982": {"type": "Matrix2x2", "payoffs": [[[24,42],[0,0]],[[12,26],[30,44]]]},
"G983": {"type": "Matrix2x2", "payoffs": [[[0,1],[43,2]],[[30,0],[52,3]]]},
"G984": {"type": "Matrix2x2", "payoffs": [[[0,13],[10,0]],[[67,19],[1,5]]]},
"G985": {"type": "Matrix2x2", "payoffs": [[[67,0],[72,81]],[[31,8],[0,46]]]},
"G986": {"type": "Matrix2x2", "payoffs": [[[3,5],[59,9]],[[32,2],[0,0]]]},
"G987": {"type": "Matrix2x2", "payoffs": [[[56,4],[42,0]],[[12,1],[0,2]]]},
"G988": {"type": "Matrix2x2", "payoffs": [[[28,13],[6,0]],[[32,46],[0,1]]]},
"G989": {"type": "Matrix2x2", "payoffs": [[[0,5],[97,34]],[[35,22],[34,0]]]},
"G990": {"type": "Matrix2x2", "payoffs": [[[50,27],[0,47]],[[34,0],[52,54]]]},
"G991": {"type": "Matrix2x2", "payoffs": [[[0,55],[42,0]],[[73,7],[84,65]]]},
"G992": {"type": "Matrix2x2", "payoffs": [[[42,73],[1,17]],[[0,71],[41,0]]]},
"G993": {"type": "Matrix2x2", "payoffs": [[[49,0],[0,7]],[[4,17],[82,26]]]},
"G994": {"type": "Matrix2x2", "payoffs": [[[0,37],[20,0]],[[23,25],[31,64]]]},
"G995": {"type": "Matrix2x2", "payoffs": [[[7,28],[27,45]],[[0,1],[26,0]]]},
"G996": {"type": "Matrix2x2", "payoffs": [[[44,0],[0,1]],[[73,21],[59,6]]]},
"G997": {"type": "Matrix2x2", "payoffs": [[[0,47],[31,0]],[[83,75],[68,72]]]},
"G998": {"type": "Matrix2x2", "payoffs": [[[14,40],[36,46]],[[0,18],[5,0]]]},
"G999": {"type": "Matrix2x2", "payoffs": [[[54,33],[0,16]],[[36,0],[16,21]]]},
"G1000": {"type": "Matrix2x2", "payoffs": [[[30,12],[23,0]],[[45,13],[0,1]]]}
}