{
"numGames": 1000,
"G1": {"type": "Matrix2x2", "payoffs": [[[18,39],[77,0]],[[0,37],[95,49]]]},
"G2": {"type": "Matrix2x2", "payoffs": [[[17,7],[18,5]],[[0,0],[21,11]]]},
"G3": {"type": "Matrix2x2", "payoffs": [[[44,100],[0,40]],[[2,0],[27,53]]]},
"G4": {"type": "Matrix2x2", "payoffs": [[[35,23],[80,73]],[[0,41],[60,0]]]},
"G5": {"type": "Matrix2x2", "payoffs": [[[25,0],[66,67]],[[0,53],[52,13]]]},
"G6": {"type": "Matrix2x2", "payoffs": [[[9,3],[0,0]],[[20,2],[28,7]]]},
"G7": {"type": "Matrix2x2", "payoffs": [[[63,0],[97,83]],[[0,53],[60,14]]]},
"G8": {"type": "Matrix2x2", "payoffs": [[[9,24],[0,0]],[[37,32],[27,14]]]},
"G9": {"type": "Matrix2x2", "payoffs": [[[65,0],[66,63]],[[14,22],[0,17]]]},
"G10": {"type": "Matrix2x2", "payoffs": [[[64,0],[0,16]],[[93,47],[3,12]]]},
"G11": {"type": "Matrix2x2", "payoffs": [[[1,0],[0,25]],[[39,28],[24,22]]]},
"G12": {"type": "Matrix2x2", "payoffs": [[[38,64],[20,15]],[[91,83],[0,0]]]},
"G13": {"type": "Matrix2x2", "payoffs": [[[22,4],[57,0]],[[0,10],[58,11]]]},
"G14": {"type": "Matrix2x2", "payoffs": [[[99,49],[0,0]],[[80,20],[60,44]]]},
"G15": {"type": "Matrix2x2", "payoffs": [[[7,0],[0,24]],[[24,69],[19,16]]]},
"G16": {"type": "Matrix2x2", "payoffs": [[[0,23],[14,0]],[[4,18],[64,26]]]},
"G17": {"type": "Matrix2x2", "payoffs": [[[24,93],[0,60]],[[10,0],[7,56]]]},
"G18": {"type": "Matrix2x2", "payoffs": [[[74,0],[10,8]],[[0,45],[89,62]]]},
"G19": {"type": "Matrix2x2", "payoffs": [[[0,6],[28,0]],[[6,3],[100,7]]]},
"G20": {"type": "Matrix2x2", "payoffs": [[[3,31],[5,0]],[[6,48],[0,3]]]},
"G21": {"type": "Matrix2x2", "payoffs": [[[0,73],[2,65]],[[5,0],[37,74]]]},
"G22": {"type": "Matrix2x2", "payoffs": [[[0,0],[4,22]],[[30,19],[48,40]]]},
"G23": {"type": "Matrix2x2", "payoffs": [[[69,49],[0,35]],[[4,0],[16,36]]]},
"G24": {"type": "Matrix2x2", "payoffs": [[[19,4],[26,0]],[[28,33],[0,6]]]},
"G25": {"type": "Matrix2x2", "payoffs": [[[11,0],[40,87]],[[0,19],[18,10]]]},
"G26": {"type": "Matrix2x2", "payoffs": [[[12,31],[16,59]],[[0,0],[6,2]]]},
"G27": {"type": "Matrix2x2", "payoffs": [[[15,6],[0,9]],[[54,0],[59,24]]]},
"G28": {"type": "Matrix2x2", "payoffs": [[[1,10],[2,1]],[[0,0],[3,16]]]},
"G29": {"type": "Matrix2x2", "payoffs": [[[51,0],[0,36]],[[66,77],[56,66]]]},
"G30": {"type": "Matrix2x2", "payoffs": [[[0,28],[95,33]],[[84,0],[74,9]]]},
"G31": {"type": "Matrix2x2", "payoffs": [[[38,48],[0,38]],[[33,0],[13,28]]]},
"G32": {"type": "Matrix2x2", "payoffs": [[[7,58],[11,0]],[[0,10],[67,61]]]},
"G33": {"type": "Matrix2x2", "payoffs": [[[8,0],[15,7]],[[4,1],[0,4]]]},
"G34": {"type": "Matrix2x2", "payoffs": [[[0,24],[12,14]],[[55,63],[53,0]]]},
"G35": {"type": "Matrix2x2", "payoffs": [[[24,11],[73,0]],[[97,54],[0,12]]]},
"G36": {"type": "Matrix2x2", "payoffs": [[[11,43],[41,56]],[[22,0],[0,12]]]},
"G37": {"type": "Matrix2x2", "payoffs": [[[47,34],[16,1]],[[5,16],[0,0]]]},
"G38": {"type": "Matrix2x2", "payoffs": [[[11,0],[36,13]],[[55,93],[0,2]]]},
"G39": {"type": "Matrix2x2", "payoffs": [[[8,62],[70,85]],[[0,26],[26,0]]]},
"G40": {"type": "Matrix2x2", "payoffs": [[[0,2],[9,0]],[[7,11],[12,19]]]},
"G41": {"type": "Matrix2x2", "payoffs": [[[61,0],[93,82]],[[35,74],[0,78]]]},
"G42": {"type": "Matrix2x2", "payoffs": [[[29,13],[8,5]],[[0,9],[4,0]]]},
"G43": {"type": "Matrix2x2", "payoffs": [[[36,34],[49,35]],[[0,31],[42,0]]]},
"G44": {"type": "Matrix2x2", "payoffs": [[[40,27],[60,40]],[[72,44],[0,0]]]},
"G45": {"type": "Matrix2x2", "payoffs": [[[34,39],[26,0]],[[13,6],[0,2]]]},
"G46": {"type": "Matrix2x2", "payoffs": [[[0,29],[7,0]],[[70,8],[85,42]]]},
"G47": {"type": "Matrix2x2", "payoffs": [[[82,0],[95,79]],[[0,22],[39,1]]]},
"G48": {"type": "Matrix2x2", "payoffs": [[[6,0],[38,69]],[[0,29],[23,39]]]},
"G49": {"type": "Matrix2x2", "payoffs": [[[17,1],[0,0]],[[3,59],[21,68]]]},
"G50": {"type": "Matrix2x2", "payoffs": [[[0,52],[92,70]],[[43,38],[81,0]]]},
"G51": {"type": "Matrix2x2", "payoffs": [[[47,3],[46,0]],[[0,2],[16,1]]]},
"G52": {"type": "Matrix2x2", "payoffs": [[[60,9],[53,3]],[[19,0],[0,1]]]},
"G53": {"type": "Matrix2x2", "payoffs": [[[0,20],[56,69]],[[44,0],[22,40]]]},
"G54": {"type": "Matrix2x2", "payoffs": [[[0,0],[47,5]],[[48,94],[16,22]]]},
"G55": {"type": "Matrix2x2", "payoffs": [[[0,53],[2,0]],[[29,86],[15,36]]]},
"G56": {"type": "Matrix2x2", "payoffs": [[[1,56],[31,72]],[[0,40],[19,0]]]},
"G57": {"type": "Matrix2x2", "payoffs": [[[42,0],[0,5]],[[90,9],[98,65]]]},
"G58": {"type": "Matrix2x2", "payoffs": [[[0,37],[93,67]],[[90,55],[50,0]]]},
"G59": {"type": "Matrix2x2", "payoffs": [[[9,41],[3,0]],[[0,90],[15,98]]]},
"G60": {"type": "Matrix2x2", "payoffs": [[[0,2],[6,0]],[[53,3],[51,1]]]},
"G61": {"type": "Matrix2x2", "payoffs": [[[0,72],[62,67]],[[58,0],[81,95]]]},
"G62": {"type": "Matrix2x2", "payoffs": [[[21,29],[4,0]],[[0,3],[16,21]]]},
"G63": {"type": "Matrix2x2", "payoffs": [[[1,2],[0,1]],[[4,0],[5,4]]]},
"G64": {"type": "Matrix2x2", "payoffs": [[[54,11],[9,2]],[[11,0],[0,9]]]},
"G65": {"type": "Matrix2x2", "payoffs": [[[0,8],[49,0]],[[46,2],[87,12]]]},
"G66": {"type": "Matrix2x2", "payoffs": [[[9,29],[0,24]],[[23,49],[6,0]]]},
"G67": {"type": "Matrix2x2", "payoffs": [[[40,73],[0,0]],[[31,37],[79,74]]]},
"G68": {"type": "Matrix2x2", "payoffs": [[[0,13],[47,49]],[[24,0],[66,83]]]},
"G69": {"type": "Matrix2x2", "payoffs": [[[0,0],[64,71]],[[43,63],[5,65]]]},
"G70": {"type": "Matrix2x2", "payoffs": [[[84,78],[0,7]],[[76,0],[49,18]]]},
"G71": {"type": "Matrix2x2", "payoffs": [[[9,0],[22,46]],[[0,53],[28,81]]]},
"G72": {"type": "Matrix2x2", "payoffs": [[[2,0],[20,20]],[[13,4],[0,2]]]},
"G73": {"type": "Matrix2x2", "payoffs": [[[28,2],[34,63]],[[27,0],[0,25]]]},
"G74": {"type": "Matrix2x2", "payoffs": [[[38,8],[0,6]],[[1,0],[65,17]]]},
"G75": {"type": "Matrix2x2", "payoffs": [[[35,37],[62,96]],[[20,29],[0,0]]]},
"G76": {"type": "Matrix2x2", "payoffs": [[[16,47],[12,25]],[[0,0],[20,71]]]},
"G77": {"type": "Matrix2x2", "payoffs": [[[8,26],[18,43]],[[0,0],[4,4]]]},
"G78": {"type": "Matrix2x2", "payoffs": [[[4,0],[6,41]],[[14,47],[0,29]]]},
"G79": {"type": "Matrix2x2", "payoffs": [[[3,42],[0,27]],[[10,58],[8,0]]]},
"G80": {"type": "Matrix2x2", "payoffs": [[[85,85],[70,8]],[[21,0],[0,72]]]},
"G81": {"type": "Matrix2x2", "payoffs": [[[0,27],[7,40]],[[1,18],[4,0]]]},
"G82": {"type": "Matrix2x2", "payoffs": [[[74,71],[0,43]],[[62,0],[9,29]]]},
"G83": {"type": "Matrix2x2", "payoffs": [[[11,9],[36,32]],[[0,0],[8,14]]]},
"G84": {"type": "Matrix2x2", "payoffs": [[[18,6],[17,32]],[[28,41],[0,0]]]},
"G85": {"type": "Matrix2x2", "payoffs": [[[5,64],[6,68]],[[0,3],[4,0]]]},
"G86": {"type": "Matrix2x2", "payoffs": [[[9,65],[6,0]],[[13,88],[0,55]]]},
"G87": {"type": "Matrix2x2", "payoffs": [[[2,12],[8,29]],[[6,19],[0,0]]]},
"G88": {"type": "Matrix2x2", "payoffs": [[[44,22],[32,20]],[[0,0],[52,39]]]},
"G89": {"type": "Matrix2x2", "payoffs": [[[36,7],[72,77]],[[34,37],[0,0]]]},
"G90": {"type": "Matrix2x2", "payoffs": [[[19,0],[56,20]],[[38,4],[0,18]]]},
"G91": {"type": "Matrix2x2", "payoffs": [[[58,100],[0,0]],[[9,78],[29,27]]]},
"G92": {"type": "Matrix2x2", "payoffs": [[[53,41],[0,0]],[[36,29],[46,12]]]},
"G93": {"type": "Matrix2x2", "payoffs": [[[49,0],[0,5]],[[75,58],[16,42]]]},
"G94": {"type": "Matrix2x2", "payoffs": [[[23,0],[0,5]],[[15,10],[32,13]]]},
"G95": {"type": "Matrix2x2", "payoffs": [[[87,15],[0,0]],[[63,4],[89,26]]]},
"G96": {"type": "Matrix2x2", "payoffs": [[[2,0],[76,99]],[[56,73],[0,96]]]},
"G97": {"type": "Matrix2x2", "payoffs": [[[87,92],[54,0]],[[0,10],[24,45]]]},
"G98": {"type": "Matrix2x2", "payoffs": [[[0,49],[32,83]],[[60,88],[26,0]]]},
"G99": {"type": "Matrix2x2", "payoffs": [[[0,39],[13,12]],[[10,0],[64,43]]]},
"G100": {"type": "Matrix2x2", "payoffs": [[[4,45],[31,0]],[[0,20],[69,61]]]},
"G101": {"type": "Matrix2x2", "payoffs": [[[0,9],[14,0]],[[79,47],[90,52]]]},
"G102": {"type": "Matrix2x2", "payoffs": [[[44,38],[0,0]],[[62,71],[73,72]]]},
"G103": {"type": "Matrix2x2", "payoffs": [[[11,39],[0,33]],[[27,49],[22,0]]]},
"G104": {"type": "Matrix2x2", "payoffs": [[[20,17],[1,4]],[[4,5],[0,0]]]},
"G105": {"type": "Matrix2x2", "payoffs": [[[15,76],[14,51]],[[0,0],[16,98]]]},
"G106": {"type": "Matrix2x2", "payoffs": [[[0,37],[27,73]],[[16,0],[7,51]]]},
"G107": {"type": "Matrix2x2", "payoffs": [[[70,27],[0,0]],[[11,21],[67,8]]]},
"G108": {"type": "Matrix2x2", "payoffs": [[[0,7],[50,11]],[[69,12],[38,0]]]},
"G109": {"type": "Matrix2x2", "payoffs": [[[48,11],[37,0]],[[30,4],[0,7]]]},
"G110": {"type": "Matrix2x2", "payoffs": [[[57,0],[77,7]],[[0,2],[17,5]]]},
"G111": {"type": "Matrix2x2", "payoffs": [[[19,91],[0,51]],[[6,0],[17,9]]]},
"G112": {"type": "Matrix2x2", "payoffs": [[[71,12],[61,0]],[[94,72],[0,15]]]},
"G113": {"type": "Matrix2x2", "payoffs": [[[0,3],[48,10]],[[54,12],[25,0]]]},
"G114": {"type": "Matrix2x2", "payoffs": [[[11,11],[92,7]],[[98,83],[0,0]]]},
"G115": {"type": "Matrix2x2", "payoffs": [[[55,56],[32,0]],[[22,21],[0,34]]]},
"G116": {"type": "Matrix2x2", "payoffs": [[[91,100],[57,0]],[[0,94],[55,69]]]},
"G117": {"type": "Matrix2x2", "payoffs": [[[23,0],[0,26]],[[37,82],[25,61]]]},
"G118": {"type": "Matrix2x2", "payoffs": [[[27,12],[0,16]],[[34,24],[11,0]]]},
"G119": {"type": "Matrix2x2", "payoffs": [[[63,13],[57,0]],[[8,4],[0,1]]]},
"G120": {"type": "Matrix2x2", "payoffs": [[[70,13],[46,0]],[[0,9],[59,12]]]},
"G121": {"type": "Matrix2x2", "payoffs": [[[79,7],[55,63]],[[0,0],[85,93]]]},
"G122": {"type": "Matrix2x2", "payoffs": [[[30,4],[28,0]],[[71,63],[0,1]]]},
"G123": {"type": "Matrix2x2", "payoffs": [[[0,3],[23,0]],[[50,13],[37,1]]]},
"G124": {"type": "Matrix2x2", "payoffs": [[[0,0],[4,16]],[[8,1],[34,62]]]},
"G125": {"type": "Matrix2x2", "payoffs": [[[10,4],[11,15]],[[9,12],[0,0]]]},
"G126": {"type": "Matrix2x2", "payoffs": [[[11,88],[0,21]],[[9,20],[1,0]]]},
"G127": {"type": "Matrix2x2", "payoffs": [[[0,0],[39,72]],[[25,6],[5,68]]]},
"G128": {"type": "Matrix2x2", "payoffs": [[[9,0],[40,37]],[[26,19],[0,30]]]},
"G129": {"type": "Matrix2x2", "payoffs": [[[0,65],[67,83]],[[27,0],[32,57]]]},
"G130": {"type": "Matrix2x2", "payoffs": [[[27,0],[53,43]],[[66,45],[0,5]]]},
"G131": {"type": "Matrix2x2", "payoffs": [[[5,5],[0,47]],[[27,0],[58,65]]]},
"G132": {"type": "Matrix2x2", "payoffs": [[[16,33],[15,10]],[[13,0],[0,30]]]},
"G133": {"type": "Matrix2x2", "payoffs": [[[6,47],[0,19]],[[5,0],[2,12]]]},
"G134": {"type": "Matrix2x2", "payoffs": [[[21,47],[71,11]],[[89,76],[0,0]]]},
"G135": {"type": "Matrix2x2", "payoffs": [[[86,3],[68,0]],[[0,1],[16,2]]]},
"G136": {"type": "Matrix2x2", "payoffs": [[[20,38],[19,16]],[[3,25],[0,0]]]},
"G137": {"type": "Matrix2x2", "payoffs": [[[22,82],[18,0]],[[10,43],[0,19]]]},
"G138": {"type": "Matrix2x2", "payoffs": [[[0,0],[33,12]],[[31,90],[44,99]]]},
"G139": {"type": "Matrix2x2", "payoffs": [[[22,21],[25,0]],[[0,28],[29,65]]]},
"G140": {"type": "Matrix2x2", "payoffs": [[[0,6],[19,7]],[[51,0],[77,9]]]},
"G141": {"type": "Matrix2x2", "payoffs": [[[1,12],[8,30]],[[5,26],[0,0]]]},
"G142": {"type": "Matrix2x2", "payoffs": [[[0,0],[1,14]],[[7,23],[5,20]]]},
"G143": {"type": "Matrix2x2", "payoffs": [[[32,0],[34,72]],[[0,24],[18,14]]]},
"G144": {"type": "Matrix2x2", "payoffs": [[[17,38],[0,0]],[[8,16],[1,27]]]},
"G145": {"type": "Matrix2x2", "payoffs": [[[9,34],[2,4]],[[0,26],[6,0]]]},
"G146": {"type": "Matrix2x2", "payoffs": [[[8,0],[18,3]],[[12,1],[0,2]]]},
"G147": {"type": "Matrix2x2", "payoffs": [[[22,64],[21,39]],[[9,0],[0,49]]]},
"G148": {"type": "Matrix2x2", "payoffs": [[[83,96],[6,49]],[[0,89],[59,0]]]},
"G149": {"type": "Matrix2x2", "payoffs": [[[11,0],[0,14]],[[22,16],[15,12]]]},
"G150": {"type": "Matrix2x2", "payoffs": [[[16,1],[17,54]],[[0,48],[13,0]]]},
"G151": {"type": "Matrix2x2", "payoffs": [[[0,0],[17,21]],[[42,11],[51,22]]]},
"G152": {"type": "Matrix2x2", "payoffs": [[[0,11],[78,6]],[[85,0],[90,72]]]},
"G153": {"type": "Matrix2x2", "payoffs": [[[0,21],[36,0]],[[22,23],[40,25]]]},
"G154": {"type": "Matrix2x2", "payoffs": [[[50,17],[45,4]],[[0,0],[94,22]]]},
"G155": {"type": "Matrix2x2", "payoffs": [[[0,15],[16,9]],[[40,0],[41,20]]]},
"G156": {"type": "Matrix2x2", "payoffs": [[[54,29],[23,7]],[[0,0],[24,1]]]},
"G157": {"type": "Matrix2x2", "payoffs": [[[1,20],[4,0]],[[0,16],[7,29]]]},
"G158": {"type": "Matrix2x2", "payoffs": [[[30,61],[0,0]],[[65,22],[73,71]]]},
"G159": {"type": "Matrix2x2", "payoffs": [[[0,26],[23,5]],[[1,0],[25,70]]]},
"G160": {"type": "Matrix2x2", "payoffs": [[[0,0],[6,13]],[[31,16],[8,8]]]},
"G161": {"type": "Matrix2x2", "payoffs": [[[6,0],[11,14]],[[1,11],[0,13]]]},
"G162": {"type": "Matrix2x2", "payoffs": [[[16,69],[15,49]],[[0,0],[38,77]]]},
"G163": {"type": "Matrix2x2", "payoffs": [[[16,20],[0,0]],[[47,17],[67,27]]]},
"G164": {"type": "Matrix2x2", "payoffs": [[[50,52],[29,0]],[[0,82],[76,100]]]},
"G165": {"type": "Matrix2x2", "payoffs": [[[76,3],[20,1]],[[56,0],[0,2]]]},
"G166": {"type": "Matrix2x2", "payoffs": [[[3,0],[38,48]],[[0,37],[48,63]]]},
"G167": {"type": "Matrix2x2", "payoffs": [[[46,36],[0,27]],[[43,7],[33,0]]]},
"G168": {"type": "Matrix2x2", "payoffs": [[[13,21],[9,1]],[[0,0],[17,23]]]},
"G169": {"type": "Matrix2x2", "payoffs": [[[0,0],[17,21]],[[19,56],[16,52]]]},
"G170": {"type": "Matrix2x2", "payoffs": [[[8,0],[69,24]],[[0,43],[81,98]]]},
"G171": {"type": "Matrix2x2", "payoffs": [[[29,55],[0,0]],[[21,58],[76,61]]]},
"G172": {"type": "Matrix2x2", "payoffs": [[[3,48],[0,0]],[[16,26],[18,100]]]},
"G173": {"type": "Matrix2x2", "payoffs": [[[0,23],[18,0]],[[33,38],[42,47]]]},
"G174": {"type": "Matrix2x2", "payoffs": [[[0,20],[3,26]],[[9,63],[2,0]]]},
"G175": {"type": "Matrix2x2", "payoffs": [[[17,0],[0,27]],[[55,71],[15,55]]]},
"G176": {"type": "Matrix2x2", "payoffs": [[[69,24],[0,14]],[[30,0],[52,6]]]},
"G177": {"type": "Matrix2x2", "payoffs": [[[22,0],[66,29]],[[14,8],[0,27]]]},
"G178": {"type": "Matrix2x2", "payoffs": [[[27,8],[39,75]],[[0,0],[3,53]]]},
"G179": {"type": "Matrix2x2", "payoffs": [[[0,17],[58,0]],[[94,25],[77,19]]]},
"G180": {"type": "Matrix2x2", "payoffs": [[[8,0],[9,27]],[[0,21],[4,14]]]},
"G181": {"type": "Matrix2x2", "payoffs": [[[60,19],[0,8]],[[38,3],[23,0]]]},
"G182": {"type": "Matrix2x2", "payoffs": [[[45,0],[9,17]],[[73,22],[0,13]]]},
"G183": {"type": "Matrix2x2", "payoffs": [[[17,36],[9,17]],[[10,0],[0,3]]]},
"G184": {"type": "Matrix2x2", "payoffs": [[[39,13],[47,0]],[[53,62],[0,59]]]},
"G185": {"type": "Matrix2x2", "payoffs": [[[3,0],[31,19]],[[0,16],[27,15]]]},
"G186": {"type": "Matrix2x2", "payoffs": [[[100,93],[0,42]],[[26,0],[10,9]]]},
"G187": {"type": "Matrix2x2", "payoffs": [[[14,8],[82,46]],[[0,0],[73,3]]]},
"G188": {"type": "Matrix2x2", "payoffs": [[[47,0],[71,65]],[[0,3],[18,41]]]},
"G189": {"type": "Matrix2x2", "payoffs": [[[0,0],[89,25]],[[11,13],[75,7]]]},
"G190": {"type": "Matrix2x2", "payoffs": [[[19,0],[31,17]],[[0,20],[59,77]]]},
"G191": {"type": "Matrix2x2", "payoffs": [[[0,41],[36,0]],[[16,39],[41,49]]]},
"G192": {"type": "Matrix2x2", "payoffs": [[[47,19],[16,15]],[[55,55],[0,0]]]},
"G193": {"type": "Matrix2x2", "payoffs": [[[0,0],[1,18]],[[4,29],[3,20]]]},
"G194": {"type": "Matrix2x2", "payoffs": [[[40,2],[13,1]],[[76,3],[0,0]]]},
"G195": {"type": "Matrix2x2", "payoffs": [[[21,24],[0,10]],[[16,0],[26,34]]]},
"G196": {"type": "Matrix2x2", "payoffs": [[[83,50],[57,28]],[[77,38],[0,0]]]},
"G197": {"type": "Matrix2x2", "payoffs": [[[23,23],[13,16]],[[16,0],[0,6]]]},
"G198": {"type": "Matrix2x2", "payoffs": [[[49,57],[98,59]],[[31,38],[0,0]]]},
"G199": {"type": "Matrix2x2", "payoffs": [[[0,6],[19,8]],[[22,56],[14,0]]]},
"G200": {"type": "Matrix2x2", "payoffs": [[[14,0],[0,1]],[[21,5],[10,4]]]},
"G201": {"type": "Matrix2x2", "payoffs": [[[63,48],[0,10]],[[56,28],[28,0]]]},
"G202": {"type": "Matrix2x2", "payoffs": [[[9,2],[19,30]],[[0,0],[17,22]]]},
"G203": {"type": "Matrix2x2", "payoffs": [[[39,5],[0,0]],[[89,18],[85,11]]]},
"G204": {"type": "Matrix2x2", "payoffs": [[[27,0],[10,21]],[[36,36],[0,35]]]},
"G205": {"type": "Matrix2x2", "payoffs": [[[0,8],[43,6]],[[91,14],[86,0]]]},
"G206": {"type": "Matrix2x2", "payoffs": [[[22,0],[67,15]],[[25,10],[0,7]]]},
"G207": {"type": "Matrix2x2", "payoffs": [[[0,48],[39,57]],[[34,0],[20,21]]]},
"G208": {"type": "Matrix2x2", "payoffs": [[[2,26],[5,62]],[[3,0],[0,33]]]},
"G209": {"type": "Matrix2x2", "payoffs": [[[33,80],[32,38]],[[28,0],[0,65]]]},
"G210": {"type": "Matrix2x2", "payoffs": [[[3,6],[66,47]],[[58,0],[0,27]]]},
"G211": {"type": "Matrix2x2", "payoffs": [[[7,0],[12,25]],[[8,1],[0,5]]]},
"G212": {"type": "Matrix2x2", "payoffs": [[[48,22],[24,0]],[[55,33],[0,10]]]},
"G213": {"type": "Matrix2x2", "payoffs": [[[25,34],[24,44]],[[83,49],[0,0]]]},
"G214": {"type": "Matrix2x2", "payoffs": [[[87,47],[42,29]],[[0,46],[26,0]]]},
"G215": {"type": "Matrix2x2", "payoffs": [[[0,0],[42,11]],[[19,9],[26,3]]]},
"G216": {"type": "Matrix2x2", "payoffs": [[[48,5],[94,9]],[[0,0],[97,30]]]},
"G217": {"type": "Matrix2x2", "payoffs": [[[11,0],[10,51]],[[0,25],[22,61]]]},
"G218": {"type": "Matrix2x2", "payoffs": [[[14,3],[0,6]],[[18,7],[4,0]]]},
"G219": {"type": "Matrix2x2", "payoffs": [[[13,51],[10,0]],[[0,53],[26,55]]]},
"G220": {"type": "Matrix2x2", "payoffs": [[[4,20],[2,3]],[[0,0],[1,9]]]},
"G221": {"type": "Matrix2x2", "payoffs": [[[87,48],[0,0]],[[79,22],[20,35]]]},
"G222": {"type": "Matrix2x2", "payoffs": [[[12,39],[18,63]],[[0,0],[10,25]]]},
"G223": {"type": "Matrix2x2", "payoffs": [[[0,14],[1,60]],[[3,85],[2,0]]]},
"G224": {"type": "Matrix2x2", "payoffs": [[[2,41],[0,0]],[[1,93],[3,94]]]},
"G225": {"type": "Matrix2x2", "payoffs": [[[4,0],[0,30]],[[40,8],[61,68]]]},
"G226": {"type": "Matrix2x2", "payoffs": [[[21,0],[0,13]],[[53,74],[32,27]]]},
"G227": {"type": "Matrix2x2", "payoffs": [[[57,10],[21,28]],[[0,0],[86,61]]]},
"G228": {"type": "Matrix2x2", "payoffs": [[[0,12],[1,0]],[[11,35],[6,1]]]},
"G229": {"type": "Matrix2x2", "payoffs": [[[0,28],[95,0]],[[97,75],[33,13]]]},
"G230": {"type": "Matrix2x2", "payoffs": [[[0,0],[52,49]],[[59,39],[76,69]]]},
"G231": {"type": "Matrix2x2", "payoffs": [[[68,70],[0,0]],[[66,12],[32,29]]]},
"G232": {"type": "Matrix2x2", "payoffs": [[[21,13],[54,14]],[[0,10],[5,0]]]},
"G233": {"type": "Matrix2x2", "payoffs": [[[16,39],[0,1]],[[4,37],[2,0]]]},
"G234": {"type": "Matrix2x2", "payoffs": [[[0,13],[11,22]],[[8,0],[6,15]]]},
"G235": {"type": "Matrix2x2", "payoffs": [[[0,23],[5,0]],[[10,32],[14,63]]]},
"G236": {"type": "Matrix2x2", "payoffs": [[[0,2],[93,3]],[[4,0],[59,1]]]},
"G237": {"type": "Matrix2x2", "payoffs": [[[38,22],[68,44]],[[28,0],[0,11]]]},
"G238": {"type": "Matrix2x2", "payoffs": [[[38,69],[19,45]],[[0,0],[48,73]]]},
"G239": {"type": "Matrix2x2", "payoffs": [[[0,8],[1,0]],[[2,21],[13,56]]]},
"G240": {"type": "Matrix2x2", "payoffs": [[[38,2],[0,0]],[[8,1],[42,3]]]},
"G241": {"type": "Matrix2x2", "payoffs": [[[19,0],[42,40]],[[0,44],[73,66]]]},
"G242": {"type": "Matrix2x2", "payoffs": [[[0,72],[73,0]],[[82,75],[15,74]]]},
"G243": {"type": "Matrix2x2", "payoffs": [[[17,84],[16,34]],[[11,0],[0,66]]]},
"G244": {"type": "Matrix2x2", "payoffs": [[[0,47],[21,41]],[[29,50],[1,0]]]},
"G245": {"type": "Matrix2x2", "payoffs": [[[39,1],[54,63]],[[12,0],[0,19]]]},
"G246": {"type": "Matrix2x2", "payoffs": [[[80,93],[0,54]],[[30,0],[38,44]]]},
"G247": {"type": "Matrix2x2", "payoffs": [[[63,0],[36,65]],[[67,83],[0,27]]]},
"G248": {"type": "Matrix2x2", "payoffs": [[[13,30],[7,2]],[[0,0],[35,37]]]},
"G249": {"type": "Matrix2x2", "payoffs": [[[7,18],[0,4]],[[6,0],[2,5]]]},
"G250": {"type": "Matrix2x2", "payoffs": [[[60,22],[9,0]],[[13,8],[0,12]]]},
"G251": {"type": "Matrix2x2", "payoffs": [[[11,0],[0,21]],[[14,37],[13,4]]]},
"G252": {"type": "Matrix2x2", "payoffs": [[[10,7],[0,1]],[[14,0],[21,15]]]},
"G253": {"type": "Matrix2x2", "payoffs": [[[29,7],[0,0]],[[46,8],[33,6]]]},
"G254": {"type": "Matrix2x2", "payoffs": [[[91,25],[0,14]],[[40,20],[14,0]]]},
"G255": {"type": "Matrix2x2", "payoffs": [[[14,0],[24,5]],[[0,1],[3,2]]]},
"G256": {"type": "Matrix2x2", "payoffs": [[[90,67],[74,36]],[[67,49],[0,0]]]},
"G257": {"type": "Matrix2x2", "payoffs": [[[6,15],[15,32]],[[13,19],[0,0]]]},
"G258": {"type": "Matrix2x2", "payoffs": [[[53,15],[0,13]],[[35,14],[7,0]]]},
"G259": {"type": "Matrix2x2", "payoffs": [[[0,7],[4,47]],[[16,92],[2,0]]]},
"G260": {"type": "Matrix2x2", "payoffs": [[[12,44],[9,0]],[[22,47],[0,17]]]},
"G261": {"type": "Matrix2x2", "payoffs": [[[87,92],[85,0]],[[22,75],[0,32]]]},
"G262": {"type": "Matrix2x2", "payoffs": [[[24,0],[50,6]],[[0,5],[43,2]]]},
"G263": {"type": "Matrix2x2", "payoffs": [[[2,0],[0,17]],[[5,18],[4,12]]]},
"G264": {"type": "Matrix2x2", "payoffs": [[[29,2],[27,0]],[[0,5],[43,8]]]},
"G265": {"type": "Matrix2x2", "payoffs": [[[9,25],[0,11]],[[7,16],[4,0]]]},
"G266": {"type": "Matrix2x2", "payoffs": [[[19,12],[41,27]],[[0,0],[96,89]]]},
"G267": {"type": "Matrix2x2", "payoffs": [[[0,0],[53,61]],[[36,4],[14,41]]]},
"G268": {"type": "Matrix2x2", "payoffs": [[[6,21],[2,0]],[[24,27],[0,19]]]},
"G269": {"type": "Matrix2x2", "payoffs": [[[67,78],[34,66]],[[44,36],[0,0]]]},
"G270": {"type": "Matrix2x2", "payoffs": [[[0,87],[7,0]],[[12,53],[15,97]]]},
"G271": {"type": "Matrix2x2", "payoffs": [[[7,0],[36,14]],[[44,26],[0,8]]]},
"G272": {"type": "Matrix2x2", "payoffs": [[[18,64],[99,80]],[[30,77],[0,0]]]},
"G273": {"type": "Matrix2x2", "payoffs": [[[84,72],[0,41]],[[53,0],[36,9]]]},
"G274": {"type": "Matrix2x2", "payoffs": [[[15,5],[0,0]],[[13,1],[16,6]]]},
"G275": {"type": "Matrix2x2", "payoffs": [[[40,12],[25,0]],[[24,1],[0,9]]]},
"G276": {"type": "Matrix2x2", "payoffs": [[[11,59],[0,58]],[[5,45],[9,0]]]},
"G277": {"type": "Matrix2x2", "payoffs": [[[7,0],[19,66]],[[13,59],[0,64]]]},
"G278": {"type": "Matrix2x2", "payoffs": [[[93,24],[0,0]],[[33,14],[76,19]]]},
"G279": {"type": "Matrix2x2", "payoffs": [[[7,21],[0,79]],[[9,0],[39,81]]]},
"G280": {"type": "Matrix2x2", "payoffs": [[[18,86],[0,0]],[[3,27],[2,54]]]},
"G281": {"type": "Matrix2x2", "payoffs": [[[11,3],[20,61]],[[0,0],[26,86]]]},
"G282": {"type": "Matrix2x2", "payoffs": [[[3,0],[6,35]],[[8,87],[0,38]]]},
"G283": {"type": "Matrix2x2", "payoffs": [[[17,66],[11,7]],[[0,56],[2,0]]]},
"G284": {"type": "Matrix2x2", "payoffs": [[[39,38],[0,52]],[[44,56],[43,0]]]},
"G285": {"type": "Matrix2x2", "payoffs": [[[89,42],[57,35]],[[41,0],[0,23]]]},
"G286": {"type": "Matrix2x2", "payoffs": [[[44,13],[26,2]],[[0,0],[77,84]]]},
"G287": {"type": "Matrix2x2", "payoffs": [[[15,47],[20,73]],[[0,0],[7,28]]]},
"G288": {"type": "Matrix2x2", "payoffs": [[[12,0],[64,29]],[[14,3],[0,11]]]},
"G289": {"type": "Matrix2x2", "payoffs": [[[22,0],[92,29]],[[20,25],[0,14]]]},
"G290": {"type": "Matrix2x2", "payoffs": [[[4,1],[25,39]],[[7,36],[0,0]]]},
"G291": {"type": "Matrix2x2", "payoffs": [[[24,27],[36,82]],[[0,70],[3,0]]]},
"G292": {"type": "Matrix2x2", "payoffs": [[[0,0],[77,25]],[[84,80],[36,51]]]},
"G293": {"type": "Matrix2x2", "payoffs": [[[7,75],[11,0]],[[0,27],[15,78]]]},
"G294": {"type": "Matrix2x2", "payoffs": [[[6,11],[33,13]],[[14,0],[0,8]]]},
"G295": {"type": "Matrix2x2", "payoffs": [[[37,4],[83,7]],[[0,5],[63,0]]]},
"G296": {"type": "Matrix2x2", "payoffs": [[[13,8],[52,32]],[[0,0],[69,50]]]},
"G297": {"type": "Matrix2x2", "payoffs": [[[14,0],[77,66]],[[12,1],[0,37]]]},
"G298": {"type": "Matrix2x2", "payoffs": [[[0,0],[96,73]],[[45,34],[57,9]]]},
"G299": {"type": "Matrix2x2", "payoffs": [[[8,28],[4,25]],[[2,14],[0,0]]]},
"G300": {"type": "Matrix2x2", "payoffs": [[[23,4],[29,2]],[[0,0],[50,5]]]},
"G301": {"type": "Matrix2x2", "payoffs": [[[26,42],[0,0]],[[12,27],[5,7]]]},
"G302": {"type": "Matrix2x2", "payoffs": [[[1,0],[0,24]],[[9,53],[8,13]]]},
"G303": {"type": "Matrix2x2", "payoffs": [[[35,9],[0,5]],[[19,1],[12,0]]]},
"G304": {"type": "Matrix2x2", "payoffs": [[[0,12],[46,44]],[[19,0],[20,4]]]},
"G305": {"type": "Matrix2x2", "payoffs": [[[9,5],[27,36]],[[0,0],[13,23]]]},
"G306": {"type": "Matrix2x2", "payoffs": [[[0,70],[10,83]],[[3,0],[9,36]]]},
"G307": {"type": "Matrix2x2", "payoffs": [[[0,0],[1,66]],[[37,39],[61,86]]]},
"G308": {"type": "Matrix2x2", "payoffs": [[[0,39],[45,0]],[[70,40],[12,36]]]},
"G309": {"type": "Matrix2x2", "payoffs": [[[0,0],[78,5]],[[70,13],[80,14]]]},
"G310": {"type": "Matrix2x2", "payoffs": [[[42,0],[65,76]],[[0,63],[5,18]]]},
"G311": {"type": "Matrix2x2", "payoffs": [[[99,38],[82,0]],[[60,5],[0,19]]]},
"G312": {"type": "Matrix2x2", "payoffs": [[[0,0],[46,17]],[[76,22],[67,12]]]},
"G313": {"type": "Matrix2x2", "payoffs": [[[83,0],[29,18]],[[86,51],[0,47]]]},
"G314": {"type": "Matrix2x2", "payoffs": [[[22,16],[29,21]],[[0,0],[87,25]]]},
"G315": {"type": "Matrix2x2", "payoffs": [[[30,0],[34,93]],[[0,66],[16,85]]]},
"G316": {"type": "Matrix2x2", "payoffs": [[[16,23],[0,35]],[[11,0],[26,73]]]},
"G317": {"type": "Matrix2x2", "payoffs": [[[71,49],[28,0]],[[22,1],[0,8]]]},
"G318": {"type": "Matrix2x2", "payoffs": [[[27,25],[0,0]],[[72,77],[8,15]]]},
"G319": {"type": "Matrix2x2", "payoffs": [[[0,0],[44,73]],[[17,25],[31,72]]]},
"G320": {"type": "Matrix2x2", "payoffs": [[[3,5],[0,0]],[[50,24],[99,48]]]},
"G321": {"type": "Matrix2x2", "payoffs": [[[1,0],[3,26]],[[5,54],[0,39]]]},
"G322": {"type": "Matrix2x2", "payoffs": [[[79,44],[0,0]],[[50,18],[100,52]]]},
"G323": {"type": "Matrix2x2", "payoffs": [[[0,38],[22,18]],[[11,0],[65,39]]]},
"G324": {"type": "Matrix2x2", "payoffs": [[[0,39],[3,0]],[[40,33],[71,72]]]},
"G325": {"type": "Matrix2x2", "payoffs": [[[22,3],[24,32]],[[10,22],[0,0]]]},
"G326": {"type": "Matrix2x2", "payoffs": [[[97,95],[0,93]],[[72,60],[52,0]]]},
"G327": {"type": "Matrix2x2", "payoffs": [[[47,63],[43,19]],[[75,85],[0,0]]]},
"G328": {"type": "Matrix2x2", "payoffs": [[[24,53],[0,0]],[[3,32],[14,20]]]},
"G329": {"type": "Matrix2x2", "payoffs": [[[50,3],[98,86]],[[0,0],[94,41]]]},
"G330": {"type": "Matrix2x2", "payoffs": [[[5,0],[0,10]],[[1,6],[14,16]]]},
"G331": {"type": "Matrix2x2", "payoffs": [[[0,6],[44,0]],[[10,18],[60,26]]]},
"G332": {"type": "Matrix2x2", "payoffs": [[[2,0],[41,6]],[[0,21],[69,53]]]},
"G333": {"type": "Matrix2x2", "payoffs": [[[0,60],[43,64]],[[34,0],[4,28]]]},
"G334": {"type": "Matrix2x2", "payoffs": [[[81,29],[0,0]],[[88,43],[9,33]]]},
"G335": {"type": "Matrix2x2", "payoffs": [[[65,65],[45,23]],[[0,0],[22,55]]]},
"G336": {"type": "Matrix2x2", "payoffs": [[[0,9],[67,0]],[[90,24],[25,10]]]},
"G337": {"type": "Matrix2x2", "payoffs": [[[59,0],[0,63]],[[65,65],[61,53]]]},
"G338": {"type": "Matrix2x2", "payoffs": [[[0,17],[55,99]],[[24,93],[2,0]]]},
"G339": {"type": "Matrix2x2", "payoffs": [[[0,50],[74,89]],[[24,72],[4,0]]]},
"G340": {"type": "Matrix2x2", "payoffs": [[[2,4],[0,37]],[[6,0],[11,92]]]},
"G341": {"type": "Matrix2x2", "payoffs": [[[2,0],[10,59]],[[12,65],[0,20]]]},
"G342": {"type": "Matrix2x2", "payoffs": [[[5,32],[33,87]],[[26,37],[0,0]]]},
"G343": {"type": "Matrix2x2", "payoffs": [[[24,0],[0,37]],[[43,61],[18,14]]]},
"G344": {"type": "Matrix2x2", "payoffs": [[[48,17],[67,38]],[[0,0],[46,21]]]},
"G345": {"type": "Matrix2x2", "payoffs": [[[15,0],[64,96]],[[0,75],[14,30]]]},
"G346": {"type": "Matrix2x2", "payoffs": [[[40,17],[0,12]],[[15,0],[24,10]]]},
"G347": {"type": "Matrix2x2", "payoffs": [[[32,14],[19,32]],[[0,0],[93,66]]]},
"G348": {"type": "Matrix2x2", "payoffs": [[[0,47],[18,30]],[[61,69],[38,0]]]},
"G349": {"type": "Matrix2x2", "payoffs": [[[0,26],[7,78]],[[71,81],[47,0]]]},
"G350": {"type": "Matrix2x2", "payoffs": [[[9,24],[0,0]],[[5,2],[12,32]]]},
"G351": {"type": "Matrix2x2", "payoffs": [[[62,6],[0,27]],[[6,0],[88,47]]]},
"G352": {"type": "Matrix2x2", "payoffs": [[[41,1],[30,2]],[[0,0],[43,3]]]},
"G353": {"type": "Matrix2x2", "payoffs": [[[16,2],[0,11]],[[11,0],[23,15]]]},
"G354": {"type": "Matrix2x2", "payoffs": [[[23,3],[2,0]],[[0,2],[25,25]]]},
"G355": {"type": "Matrix2x2", "payoffs": [[[0,0],[4,14]],[[3,7],[1,9]]]},
"G356": {"type": "Matrix2x2", "payoffs": [[[36,43],[28,0]],[[27,15],[0,16]]]},
"G357": {"type": "Matrix2x2", "payoffs": [[[0,0],[11,19]],[[38,5],[41,32]]]},
"G358": {"type": "Matrix2x2", "payoffs": [[[27,53],[0,21]],[[24,0],[8,3]]]},
"G359": {"type": "Matrix2x2", "payoffs": [[[12,0],[43,55]],[[22,54],[0,26]]]},
"G360": {"type": "Matrix2x2", "payoffs": [[[13,1],[25,22]],[[23,0],[0,19]]]},
"G361": {"type": "Matrix2x2", "payoffs": [[[20,36],[8,3]],[[0,35],[19,0]]]},
"G362": {"type": "Matrix2x2", "payoffs": [[[42,0],[5,4]],[[0,19],[79,46]]]},
"G363": {"type": "Matrix2x2", "payoffs": [[[62,0],[74,96]],[[39,48],[0,70]]]},
"G364": {"type": "Matrix2x2", "payoffs": [[[71,29],[6,0]],[[0,25],[21,24]]]},
"G365": {"type": "Matrix2x2", "payoffs": [[[37,89],[32,74]],[[0,22],[23,0]]]},
"G366": {"type": "Matrix2x2", "payoffs": [[[0,0],[5,67]],[[44,85],[47,100]]]},
"G367": {"type": "Matrix2x2", "payoffs": [[[15,72],[14,56]],[[13,26],[0,0]]]},
"G368": {"type": "Matrix2x2", "payoffs": [[[8,0],[19,11]],[[0,12],[20,18]]]},
"G369": {"type": "Matrix2x2", "payoffs": [[[32,46],[19,0]],[[45,51],[0,21]]]},
"G370": {"type": "Matrix2x2", "payoffs": [[[13,18],[15,73]],[[0,0],[21,88]]]},
"G371": {"type": "Matrix2x2", "payoffs": [[[14,23],[8,21]],[[0,0],[4,19]]]},
"G372": {"type": "Matrix2x2", "payoffs": [[[0,13],[42,96]],[[23,85],[22,0]]]},
"G373": {"type": "Matrix2x2", "payoffs": [[[0,54],[18,26]],[[20,85],[12,0]]]},
"G374": {"type": "Matrix2x2", "payoffs": [[[0,14],[15,48]],[[11,45],[12,0]]]},
"G375": {"type": "Matrix2x2", "payoffs": [[[8,41],[25,11]],[[0,0],[68,67]]]},
"G376": {"type": "Matrix2x2", "payoffs": [[[11,46],[7,37]],[[0,16],[3,0]]]},
"G377": {"type": "Matrix2x2", "payoffs": [[[42,5],[14,0]],[[38,3],[0,1]]]},
"G378": {"type": "Matrix2x2", "payoffs": [[[13,40],[14,24]],[[93,69],[0,0]]]},
"G379": {"type": "Matrix2x2", "payoffs": [[[2,45],[30,69]],[[0,14],[22,0]]]},
"G380": {"type": "Matrix2x2", "payoffs": [[[0,0],[2,61]],[[3,46],[4,65]]]},
"G381": {"type": "Matrix2x2", "payoffs": [[[0,0],[8,41]],[[35,91],[28,81]]]},
"G382": {"type": "Matrix2x2", "payoffs": [[[0,0],[44,38]],[[17,9],[29,23]]]},
"G383": {"type": "Matrix2x2", "payoffs": [[[14,59],[0,0]],[[21,73],[36,80]]]},
"G384": {"type": "Matrix2x2", "payoffs": [[[0,0],[53,82]],[[2,77],[48,48]]]},
"G385": {"type": "Matrix2x2", "payoffs": [[[77,29],[0,0]],[[56,7],[13,6]]]},
"G386": {"type": "Matrix2x2", "payoffs": [[[44,13],[56,34]],[[0,0],[62,36]]]},
"G387": {"type": "Matrix2x2", "payoffs": [[[1,12],[35,30]],[[12,2],[0,0]]]},
"G388": {"type": "Matrix2x2", "payoffs": [[[15,3],[17,12]],[[9,7],[0,0]]]},
"G389": {"type": "Matrix2x2", "payoffs": [[[2,9],[3,25]],[[1,0],[0,12]]]},
"G390": {"type": "Matrix2x2", "payoffs": [[[15,59],[6,13]],[[14,29],[0,0]]]},
"G391": {"type": "Matrix2x2", "payoffs": [[[94,95],[8,0]],[[0,6],[69,84]]]},
"G392": {"type": "Matrix2x2", "payoffs": [[[51,7],[38,0]],[[0,10],[67,16]]]},
"G393": {"type": "Matrix2x2", "payoffs": [[[43,0],[57,1]],[[0,3],[62,64]]]},
"G394": {"type": "Matrix2x2", "payoffs": [[[66,24],[43,11]],[[0,0],[24,12]]]},
"G395": {"type": "Matrix2x2", "payoffs": [[[62,87],[36,39]],[[50,0],[0,74]]]},
"G396": {"type": "Matrix2x2", "payoffs": [[[27,10],[21,0]],[[0,9],[31,11]]]},
"G397": {"type": "Matrix2x2", "payoffs": [[[34,0],[0,15]],[[43,42],[79,92]]]},
"G398": {"type": "Matrix2x2", "payoffs": [[[66,62],[53,0]],[[0,17],[60,57]]]},
"G399": {"type": "Matrix2x2", "payoffs": [[[64,39],[19,0]],[[0,32],[55,7]]]},
"G400": {"type": "Matrix2x2", "payoffs": [[[27,1],[0,0]],[[37,3],[34,2]]]},
"G401": {"type": "Matrix2x2", "payoffs": [[[0,0],[6,28]],[[18,27],[83,51]]]},
"G402": {"type": "Matrix2x2", "payoffs": [[[22,97],[0,61]],[[21,0],[3,41]]]},
"G403": {"type": "Matrix2x2", "payoffs": [[[0,54],[38,0]],[[53,59],[50,42]]]},
"G404": {"type": "Matrix2x2", "payoffs": [[[30,57],[9,0]],[[18,7],[0,32]]]},
"G405": {"type": "Matrix2x2", "payoffs": [[[0,12],[64,23]],[[61,0],[19,11]]]},
"G406": {"type": "Matrix2x2", "payoffs": [[[0,11],[31,45]],[[29,0],[14,9]]]},
"G407": {"type": "Matrix2x2", "payoffs": [[[9,36],[23,12]],[[44,63],[0,0]]]},
"G408": {"type": "Matrix2x2", "payoffs": [[[11,0],[56,25]],[[0,6],[4,17]]]},
"G409": {"type": "Matrix2x2", "payoffs": [[[15,0],[10,38]],[[30,57],[0,31]]]},
"G410": {"type": "Matrix2x2", "payoffs": [[[72,69],[0,64]],[[43,27],[65,0]]]},
"G411": {"type": "Matrix2x2", "payoffs": [[[97,94],[44,39]],[[86,59],[0,0]]]},
"G412": {"type": "Matrix2x2", "payoffs": [[[1,54],[69,0]],[[0,40],[87,76]]]},
"G413": {"type": "Matrix2x2", "payoffs": [[[4,43],[0,27]],[[32,46],[29,0]]]},
"G414": {"type": "Matrix2x2", "payoffs": [[[0,24],[88,41]],[[16,38],[41,0]]]},
"G415": {"type": "Matrix2x2", "payoffs": [[[15,4],[36,0]],[[45,8],[0,7]]]},
"G416": {"type": "Matrix2x2", "payoffs": [[[11,23],[0,0]],[[42,90],[22,21]]]},
"G417": {"type": "Matrix2x2", "payoffs": [[[7,5],[9,3]],[[0,0],[10,7]]]},
"G418": {"type": "Matrix2x2", "payoffs": [[[0,40],[23,0]],[[64,51],[3,19]]]},
"G419": {"type": "Matrix2x2", "payoffs": [[[27,15],[9,0]],[[0,13],[4,2]]]},
"G420": {"type": "Matrix2x2", "payoffs": [[[79,0],[95,5]],[[0,2],[30,1]]]},
"G421": {"type": "Matrix2x2", "payoffs": [[[26,76],[4,19]],[[0,0],[8,5]]]},
"G422": {"type": "Matrix2x2", "payoffs": [[[53,4],[24,0]],[[33,3],[0,1]]]},
"G423": {"type": "Matrix2x2", "payoffs": [[[22,52],[0,9]],[[17,0],[26,54]]]},
"G424": {"type": "Matrix2x2", "payoffs": [[[58,0],[80,37]],[[0,15],[78,11]]]},
"G425": {"type": "Matrix2x2", "payoffs": [[[35,0],[78,69]],[[0,53],[58,17]]]},
"G426": {"type": "Matrix2x2", "payoffs": [[[35,61],[39,0]],[[0,56],[100,62]]]},
"G427": {"type": "Matrix2x2", "payoffs": [[[33,0],[0,18]],[[7,17],[88,38]]]},
"G428": {"type": "Matrix2x2", "payoffs": [[[58,83],[0,0]],[[37,15],[39,32]]]},
"G429": {"type": "Matrix2x2", "payoffs": [[[8,0],[10,15]],[[0,14],[7,9]]]},
"G430": {"type": "Matrix2x2", "payoffs": [[[12,0],[14,15]],[[2,11],[0,14]]]},
"G431": {"type": "Matrix2x2", "payoffs": [[[5,0],[0,16]],[[39,19],[63,22]]]},
"G432": {"type": "Matrix2x2", "payoffs": [[[20,95],[12,0]],[[8,63],[0,55]]]},
"G433": {"type": "Matrix2x2", "payoffs": [[[0,39],[17,69]],[[18,100],[6,0]]]},
"G434": {"type": "Matrix2x2", "payoffs": [[[2,0],[1,63]],[[0,16],[8,92]]]},
"G435": {"type": "Matrix2x2", "payoffs": [[[2,0],[5,22]],[[0,57],[8,58]]]},
"G436": {"type": "Matrix2x2", "payoffs": [[[37,1],[55,8]],[[72,11],[0,0]]]},
"G437": {"type": "Matrix2x2", "payoffs": [[[0,4],[53,0]],[[60,32],[24,27]]]},
"G438": {"type": "Matrix2x2", "payoffs": [[[85,69],[5,59]],[[33,28],[0,0]]]},
"G439": {"type": "Matrix2x2", "payoffs": [[[0,0],[5,92]],[[2,35],[4,15]]]},
"G440": {"type": "Matrix2x2", "payoffs": [[[2,0],[93,35]],[[25,20],[0,7]]]},
"G441": {"type": "Matrix2x2", "payoffs": [[[8,72],[29,85]],[[20,51],[0,0]]]},
"G442": {"type": "Matrix2x2", "payoffs": [[[12,0],[55,58]],[[40,18],[0,32]]]},
"G443": {"type": "Matrix2x2", "payoffs": [[[12,0],[0,24]],[[8,28],[60,37]]]},
"G444": {"type": "Matrix2x2", "payoffs": [[[15,22],[7,21]],[[1,13],[0,0]]]},
"G445": {"type": "Matrix2x2", "payoffs": [[[0,39],[2,0]],[[18,95],[8,74]]]},
"G446": {"type": "Matrix2x2", "payoffs": [[[30,18],[12,0]],[[0,16],[20,11]]]},
"G447": {"type": "Matrix2x2", "payoffs": [[[0,0],[73,92]],[[21,33],[41,18]]]},
"G448": {"type": "Matrix2x2", "payoffs": [[[24,12],[0,5]],[[18,0],[41,31]]]},
"G449": {"type": "Matrix2x2", "payoffs": [[[3,8],[6,10]],[[0,7],[1,0]]]},
"G450": {"type": "Matrix2x2", "payoffs": [[[53,34],[24,0]],[[0,3],[27,6]]]},
"G451": {"type": "Matrix2x2", "payoffs": [[[0,39],[58,0]],[[99,96],[60,6]]]},
"G452": {"type": "Matrix2x2", "payoffs": [[[27,0],[84,78]],[[0,20],[23,31]]]},
"G453": {"type": "Matrix2x2", "payoffs": [[[0,36],[6,0]],[[84,78],[61,17]]]},
"G454": {"type": "Matrix2x2", "payoffs": [[[73,0],[0,29]],[[78,20],[99,43]]]},
"G455": {"type": "Matrix2x2", "payoffs": [[[41,13],[0,0]],[[11,5],[87,44]]]},
"G456": {"type": "Matrix2x2", "payoffs": [[[7,32],[46,71]],[[0,0],[60,97]]]},
"G457": {"type": "Matrix2x2", "payoffs": [[[3,98],[0,34]],[[15,99],[11,0]]]},
"G458": {"type": "Matrix2x2", "payoffs": [[[22,21],[18,0]],[[0,5],[80,54]]]},
"G459": {"type": "Matrix2x2", "payoffs": [[[20,20],[11,27]],[[0,0],[57,35]]]},
"G460": {"type": "Matrix2x2", "payoffs": [[[7,15],[60,42]],[[0,0],[20,41]]]},
"G461": {"type": "Matrix2x2", "payoffs": [[[0,0],[47,20]],[[62,39],[66,41]]]},
"G462": {"type": "Matrix2x2", "payoffs": [[[85,3],[82,1]],[[97,52],[0,0]]]},
"G463": {"type": "Matrix2x2", "payoffs": [[[82,78],[0,77]],[[30,0],[28,38]]]},
"G464": {"type": "Matrix2x2", "payoffs": [[[23,0],[37,18]],[[0,7],[38,23]]]},
"G465": {"type": "Matrix2x2", "payoffs": [[[74,60],[66,3]],[[0,36],[36,0]]]},
"G466": {"type": "Matrix2x2", "payoffs": [[[0,2],[17,6]],[[24,0],[47,12]]]},
"G467": {"type": "Matrix2x2", "payoffs": [[[10,0],[14,27]],[[2,20],[0,22]]]},
"G468": {"type": "Matrix2x2", "payoffs": [[[16,0],[3,49]],[[28,50],[0,32]]]},
"G469": {"type": "Matrix2x2", "payoffs": [[[86,84],[0,65]],[[77,30],[48,0]]]},
"G470": {"type": "Matrix2x2", "payoffs": [[[9,2],[91,99]],[[4,63],[0,0]]]},
"G471": {"type": "Matrix2x2", "payoffs": [[[32,0],[0,42]],[[74,99],[35,48]]]},
"G472": {"type": "Matrix2x2", "payoffs": [[[20,0],[52,89]],[[44,51],[0,45]]]},
"G473": {"type": "Matrix2x2", "payoffs": [[[0,42],[7,58]],[[9,98],[1,0]]]},
"G474": {"type": "Matrix2x2", "payoffs": [[[17,0],[18,53]],[[0,10],[9,40]]]},
"G475": {"type": "Matrix2x2", "payoffs": [[[20,49],[0,51]],[[55,0],[86,63]]]},
"G476": {"type": "Matrix2x2", "payoffs": [[[0,1],[16,20]],[[44,32],[31,0]]]},
"G477": {"type": "Matrix2x2", "payoffs": [[[0,36],[3,30]],[[65,58],[43,0]]]},
"G478": {"type": "Matrix2x2", "payoffs": [[[50,35],[0,0]],[[35,27],[70,71]]]},
"G479": {"type": "Matrix2x2", "payoffs": [[[3,28],[1,23]],[[0,18],[2,0]]]},
"G480": {"type": "Matrix2x2", "payoffs": [[[87,0],[60,3]],[[0,2],[98,4]]]},
"G481": {"type": "Matrix2x2", "payoffs": [[[29,0],[27,17]],[[0,6],[43,25]]]},
"G482": {"type": "Matrix2x2", "payoffs": [[[28,2],[26,0]],[[0,12],[51,13]]]},
"G483": {"type": "Matrix2x2", "payoffs": [[[49,0],[85,100]],[[52,99],[0,48]]]},
"G484": {"type": "Matrix2x2", "payoffs": [[[7,15],[0,3]],[[57,0],[90,66]]]},
"G485": {"type": "Matrix2x2", "payoffs": [[[28,0],[0,57]],[[31,97],[26,25]]]},
"G486": {"type": "Matrix2x2", "payoffs": [[[10,9],[1,0]],[[11,55],[0,11]]]},
"G487": {"type": "Matrix2x2", "payoffs": [[[15,20],[0,5]],[[29,0],[33,41]]]},
"G488": {"type": "Matrix2x2", "payoffs": [[[4,19],[41,25]],[[8,0],[0,21]]]},
"G489": {"type": "Matrix2x2", "payoffs": [[[0,5],[27,22]],[[52,0],[89,49]]]},
"G490": {"type": "Matrix2x2", "payoffs": [[[36,80],[9,60]],[[17,0],[0,17]]]},
"G491": {"type": "Matrix2x2", "payoffs": [[[0,11],[30,10]],[[72,15],[70,0]]]},
"G492": {"type": "Matrix2x2", "payoffs": [[[23,0],[5,1]],[[24,95],[0,20]]]},
"G493": {"type": "Matrix2x2", "payoffs": [[[58,1],[95,14]],[[0,12],[31,0]]]},
"G494": {"type": "Matrix2x2", "payoffs": [[[2,0],[24,7]],[[0,3],[77,12]]]},
"G495": {"type": "Matrix2x2", "payoffs": [[[19,45],[4,0]],[[13,23],[0,8]]]},
"G496": {"type": "Matrix2x2", "payoffs": [[[4,1],[37,8]],[[0,2],[6,0]]]},
"G497": {"type": "Matrix2x2", "payoffs": [[[0,0],[1,9]],[[40,10],[65,14]]]},
"G498": {"type": "Matrix2x2", "payoffs": [[[2,0],[0,26]],[[4,18],[6,55]]]},
"G499": {"type": "Matrix2x2", "payoffs": [[[38,0],[54,25]],[[0,14],[16,21]]]},
"G500": {"type": "Matrix2x2", "payoffs": [[[0,0],[66,81]],[[25,16],[18,74]]]},
"G501": {"type": "Matrix2x2", "payoffs": [[[44,15],[35,0]],[[0,10],[24,7]]]},
"G502": {"type": "Matrix2x2", "payoffs": [[[27,0],[68,57]],[[81,88],[0,70]]]},
"G503": {"type": "Matrix2x2", "payoffs": [[[73,24],[76,44]],[[22,0],[0,22]]]},
"G504": {"type": "Matrix2x2", "payoffs": [[[23,0],[24,95]],[[10,79],[0,35]]]},
"G505": {"type": "Matrix2x2", "payoffs": [[[34,5],[0,0]],[[99,30],[84,23]]]},
"G506": {"type": "Matrix2x2", "payoffs": [[[64,65],[30,0]],[[0,20],[53,24]]]},
"G507": {"type": "Matrix2x2", "payoffs": [[[0,20],[18,34]],[[88,76],[64,0]]]},
"G508": {"type": "Matrix2x2", "payoffs": [[[18,10],[0,70]],[[25,0],[27,91]]]},
"G509": {"type": "Matrix2x2", "payoffs": [[[1,0],[9,9]],[[0,49],[56,72]]]},
"G510": {"type": "Matrix2x2", "payoffs": [[[18,39],[23,27]],[[0,0],[33,95]]]},
"G511": {"type": "Matrix2x2", "payoffs": [[[1,30],[15,43]],[[0,39],[9,0]]]},
"G512": {"type": "Matrix2x2", "payoffs": [[[42,0],[38,23]],[[0,47],[44,79]]]},
"G513": {"type": "Matrix2x2", "payoffs": [[[5,19],[0,17]],[[10,0],[17,20]]]},
"G514": {"type": "Matrix2x2", "payoffs": [[[27,72],[0,0]],[[9,57],[6,11]]]},
"G515": {"type": "Matrix2x2", "payoffs": [[[34,65],[0,0]],[[35,41],[71,88]]]},
"G516": {"type": "Matrix2x2", "payoffs": [[[22,76],[32,68]],[[0,0],[50,81]]]},
"G517": {"type": "Matrix2x2", "payoffs": [[[52,51],[46,0]],[[0,50],[83,85]]]},
"G518": {"type": "Matrix2x2", "payoffs": [[[83,37],[78,0]],[[20,24],[0,5]]]},
"G519": {"type": "Matrix2x2", "payoffs": [[[27,53],[0,20]],[[1,0],[4,4]]]},
"G520": {"type": "Matrix2x2", "payoffs": [[[0,82],[25,69]],[[12,0],[38,98]]]},
"G521": {"type": "Matrix2x2", "payoffs": [[[20,41],[0,0]],[[31,24],[35,61]]]},
"G522": {"type": "Matrix2x2", "payoffs": [[[79,0],[0,29]],[[91,64],[41,56]]]},
"G523": {"type": "Matrix2x2", "payoffs": [[[2,52],[29,68]],[[7,0],[0,54]]]},
"G524": {"type": "Matrix2x2", "payoffs": [[[53,70],[67,80]],[[61,0],[0,32]]]},
"G525": {"type": "Matrix2x2", "payoffs": [[[15,8],[0,62]],[[27,0],[31,69]]]},
"G526": {"type": "Matrix2x2", "payoffs": [[[16,0],[65,3]],[[69,27],[0,2]]]},
"G527": {"type": "Matrix2x2", "payoffs": [[[41,28],[36,0]],[[0,10],[86,82]]]},
"G528": {"type": "Matrix2x2", "payoffs": [[[7,6],[0,0]],[[32,50],[29,10]]]},
"G529": {"type": "Matrix2x2", "payoffs": [[[0,35],[24,92]],[[74,98],[8,0]]]},
"G530": {"type": "Matrix2x2", "payoffs": [[[64,0],[95,81]],[[0,15],[34,61]]]},
"G531": {"type": "Matrix2x2", "payoffs": [[[8,3],[0,0]],[[7,12],[9,30]]]},
"G532": {"type": "Matrix2x2", "payoffs": [[[0,0],[4,87]],[[3,10],[2,78]]]},
"G533": {"type": "Matrix2x2", "payoffs": [[[61,22],[64,0]],[[71,32],[0,9]]]},
"G534": {"type": "Matrix2x2", "payoffs": [[[51,68],[45,6]],[[8,0],[0,20]]]},
"G535": {"type": "Matrix2x2", "payoffs": [[[8,3],[6,0]],[[3,1],[0,2]]]},
"G536": {"type": "Matrix2x2", "payoffs": [[[43,48],[0,22]],[[25,0],[42,42]]]},
"G537": {"type": "Matrix2x2", "payoffs": [[[5,50],[11,0]],[[0,65],[12,83]]]},
"G538": {"type": "Matrix2x2", "payoffs": [[[11,17],[0,0]],[[28,51],[9,3]]]},
"G539": {"type": "Matrix2x2", "payoffs": [[[0,40],[32,3]],[[47,55],[3,0]]]},
"G540": {"type": "Matrix2x2", "payoffs": [[[0,3],[61,5]],[[52,0],[13,4]]]},
"G541": {"type": "Matrix2x2", "payoffs": [[[36,13],[0,1]],[[54,14],[28,0]]]},
"G542": {"type": "Matrix2x2", "payoffs": [[[0,0],[2,53]],[[5,54],[3,34]]]},
"G543": {"type": "Matrix2x2", "payoffs": [[[0,0],[3,8]],[[60,20],[10,3]]]},
"G544": {"type": "Matrix2x2", "payoffs": [[[1,16],[45,22]],[[52,47],[0,0]]]},
"G545": {"type": "Matrix2x2", "payoffs": [[[13,9],[14,1]],[[0,0],[61,13]]]},
"G546": {"type": "Matrix2x2", "payoffs": [[[0,21],[60,34]],[[27,0],[44,33]]]},
"G547": {"type": "Matrix2x2", "payoffs": [[[17,22],[0,0]],[[52,75],[43,12]]]},
"G548": {"type": "Matrix2x2", "payoffs": [[[82,10],[15,8]],[[0,0],[1,7]]]},
"G549": {"type": "Matrix2x2", "payoffs": [[[87,58],[0,45]],[[98,73],[8,0]]]},
"G550": {"type": "Matrix2x2", "payoffs": [[[0,0],[38,1]],[[18,2],[48,3]]]},
"G551": {"type": "Matrix2x2", "payoffs": [[[12,29],[79,71]],[[0,45],[3,0]]]},
"G552": {"type": "Matrix2x2", "payoffs": [[[94,95],[65,0]],[[0,89],[81,50]]]},
"G553": {"type": "Matrix2x2", "payoffs": [[[0,0],[1,11]],[[16,74],[15,19]]]},
"G554": {"type": "Matrix2x2", "payoffs": [[[0,0],[30,22]],[[6,5],[2,17]]]},
"G555": {"type": "Matrix2x2", "payoffs": [[[0,9],[28,4]],[[56,10],[35,0]]]},
"G556": {"type": "Matrix2x2", "payoffs": [[[0,76],[29,92]],[[5,89],[1,0]]]},
"G557": {"type": "Matrix2x2", "payoffs": [[[14,0],[41,81]],[[0,39],[19,33]]]},
"G558": {"type": "Matrix2x2", "payoffs": [[[0,0],[22,33]],[[38,35],[27,27]]]},
"G559": {"type": "Matrix2x2", "payoffs": [[[22,44],[37,87]],[[0,0],[39,97]]]},
"G560": {"type": "Matrix2x2", "payoffs": [[[84,83],[35,60]],[[29,0],[0,36]]]},
"G561": {"type": "Matrix2x2", "payoffs": [[[5,0],[2,95]],[[0,24],[10,100]]]},
"G562": {"type": "Matrix2x2", "payoffs": [[[0,39],[52,40]],[[15,0],[73,43]]]},
"G563": {"type": "Matrix2x2", "payoffs": [[[0,0],[91,70]],[[17,19],[38,50]]]},
"G564": {"type": "Matrix2x2", "payoffs": [[[0,0],[2,2]],[[1,34],[4,47]]]},
"G565": {"type": "Matrix2x2", "payoffs": [[[25,29],[16,24]],[[0,0],[21,21]]]},
"G566": {"type": "Matrix2x2", "payoffs": [[[29,32],[30,35]],[[0,12],[25,0]]]},
"G567": {"type": "Matrix2x2", "payoffs": [[[21,5],[0,0]],[[18,11],[23,19]]]},
"G568": {"type": "Matrix2x2", "payoffs": [[[59,4],[92,13]],[[15,5],[0,0]]]},
"G569": {"type": "Matrix2x2", "payoffs": [[[0,10],[27,93]],[[20,24],[13,0]]]},
"G570": {"type": "Matrix2x2", "payoffs": [[[40,39],[41,7]],[[0,0],[66,50]]]},
"G571": {"type": "Matrix2x2", "payoffs": [[[0,0],[1,1]],[[22,26],[26,47]]]},
"G572": {"type": "Matrix2x2", "payoffs": [[[0,65],[69,13]],[[12,0],[91,80]]]},
"G573": {"type": "Matrix2x2", "payoffs": [[[84,10],[0,3]],[[82,0],[30,2]]]},
"G574": {"type": "Matrix2x2", "payoffs": [[[60,27],[12,5]],[[58,0],[0,1]]]},
"G575": {"type": "Matrix2x2", "payoffs": [[[9,6],[0,1]],[[13,8],[1,0]]]},
"G576": {"type": "Matrix2x2", "payoffs": [[[76,43],[13,0]],[[19,36],[0,38]]]},
"G577": {"type": "Matrix2x2", "payoffs": [[[50,0],[64,69]],[[0,67],[25,27]]]},
"G578": {"type": "Matrix2x2", "payoffs": [[[6,8],[0,0]],[[2,10],[8,14]]]},
"G579": {"type": "Matrix2x2", "payoffs": [[[0,0],[90,65]],[[49,51],[66,10]]]},
"G580": {"type": "Matrix2x2", "payoffs": [[[0,0],[4,33]],[[2,5],[6,35]]]},
"G581": {"type": "Matrix2x2", "payoffs": [[[81,98],[23,97]],[[14,5],[0,0]]]},
"G582": {"type": "Matrix2x2", "payoffs": [[[0,38],[63,0]],[[93,55],[83,19]]]},
"G583": {"type": "Matrix2x2", "payoffs": [[[0,0],[13,67]],[[37,40],[53,77]]]},
"G584": {"type": "Matrix2x2", "payoffs": [[[29,1],[34,20]],[[9,5],[0,0]]]},
"G585": {"type": "Matrix2x2", "payoffs": [[[12,10],[24,11]],[[57,14],[0,0]]]},
"G586": {"type": "Matrix2x2", "payoffs": [[[0,29],[15,47]],[[4,0],[31,54]]]},
"G587": {"type": "Matrix2x2", "payoffs": [[[19,14],[55,34]],[[0,5],[26,0]]]},
"G588": {"type": "Matrix2x2", "payoffs": [[[14,80],[7,5]],[[12,69],[0,0]]]},
"G589": {"type": "Matrix2x2", "payoffs": [[[0,0],[96,17]],[[20,12],[55,15]]]},
"G590": {"type": "Matrix2x2", "payoffs": [[[21,0],[31,57]],[[0,37],[27,25]]]},
"G591": {"type": "Matrix2x2", "payoffs": [[[0,0],[25,31]],[[2,8],[7,25]]]},
"G592": {"type": "Matrix2x2", "payoffs": [[[90,86],[65,42]],[[61,25],[0,0]]]},
"G593": {"type": "Matrix2x2", "payoffs": [[[0,0],[33,3]],[[17,2],[25,1]]]},
"G594": {"type": "Matrix2x2", "payoffs": [[[15,0],[0,65]],[[29,53],[38,85]]]},
"G595": {"type": "Matrix2x2", "payoffs": [[[17,0],[4,30]],[[0,1],[32,100]]]},
"G596": {"type": "Matrix2x2", "payoffs": [[[0,37],[10,70]],[[2,61],[8,0]]]},
"G597": {"type": "Matrix2x2", "payoffs": [[[9,0],[37,83]],[[0,79],[27,75]]]},
"G598": {"type": "Matrix2x2", "payoffs": [[[3,0],[5,97]],[[0,88],[1,36]]]},
"G599": {"type": "Matrix2x2", "payoffs": [[[0,0],[20,1]],[[44,15],[45,21]]]},
"G600": {"type": "Matrix2x2", "payoffs": [[[1,0],[44,76]],[[0,40],[11,71]]]},
"G601": {"type": "Matrix2x2", "payoffs": [[[94,66],[0,0]],[[63,1],[74,9]]]},
"G602": {"type": "Matrix2x2", "payoffs": [[[8,24],[0,26]],[[19,50],[17,0]]]},
"G603": {"type": "Matrix2x2", "payoffs": [[[90,0],[22,34]],[[94,48],[0,40]]]},
"G604": {"type": "Matrix2x2", "payoffs": [[[21,49],[0,0]],[[51,54],[24,26]]]},
"G605": {"type": "Matrix2x2", "payoffs": [[[3,0],[25,46]],[[27,49],[0,23]]]},
"G606": {"type": "Matrix2x2", "payoffs": [[[37,56],[58,66]],[[6,0],[0,50]]]},
"G607": {"type": "Matrix2x2", "payoffs": [[[37,0],[16,4]],[[55,39],[0,8]]]},
"G608": {"type": "Matrix2x2", "payoffs": [[[4,35],[3,33]],[[0,0],[6,72]]]},
"G609": {"type": "Matrix2x2", "payoffs": [[[5,49],[3,0]],[[0,41],[23,53]]]},
"G610": {"type": "Matrix2x2", "payoffs": [[[53,66],[20,24]],[[0,0],[13,25]]]},
"G611": {"type": "Matrix2x2", "payoffs": [[[0,56],[34,64]],[[13,0],[32,26]]]},
"G612": {"type": "Matrix2x2", "payoffs": [[[19,23],[4,17]],[[0,15],[9,0]]]},
"G613": {"type": "Matrix2x2", "payoffs": [[[5,18],[0,0]],[[40,49],[25,21]]]},
"G614": {"type": "Matrix2x2", "payoffs": [[[57,8],[38,7]],[[23,5],[0,0]]]},
"G615": {"type": "Matrix2x2", "payoffs": [[[14,46],[8,42]],[[23,65],[0,0]]]},
"G616": {"type": "Matrix2x2", "payoffs": [[[68,22],[10,0]],[[52,13],[0,11]]]},
"G617": {"type": "Matrix2x2", "payoffs": [[[0,2],[2,0]],[[32,14],[9,8]]]},
"G618": {"type": "Matrix2x2", "payoffs": [[[27,47],[32,50]],[[0,28],[24,0]]]},
"G619": {"type": "Matrix2x2", "payoffs": [[[46,39],[8,79]],[[0,0],[88,93]]]},
"G620": {"type": "Matrix2x2", "payoffs": [[[70,0],[20,2]],[[0,1],[71,4]]]},
"G621": {"type": "Matrix2x2", "payoffs": [[[1,45],[0,78]],[[36,100],[29,0]]]},
"G622": {"type": "Matrix2x2", "payoffs": [[[6,27],[59,20]],[[65,50],[0,0]]]},
"G623": {"type": "Matrix2x2", "payoffs": [[[0,4],[14,67]],[[71,82],[25,0]]]},
"G624": {"type": "Matrix2x2", "payoffs": [[[7,93],[1,20]],[[0,0],[4,84]]]},
"G625": {"type": "Matrix2x2", "payoffs": [[[15,39],[59,64]],[[0,14],[29,0]]]},
"G626": {"type": "Matrix2x2", "payoffs": [[[55,57],[36,0]],[[0,38],[29,28]]]},
"G627": {"type": "Matrix2x2", "payoffs": [[[7,19],[0,33]],[[36,45],[9,0]]]},
"G628": {"type": "Matrix2x2", "payoffs": [[[0,12],[7,0]],[[26,17],[11,13]]]},
"G629": {"type": "Matrix2x2", "payoffs": [[[41,2],[40,0]],[[0,44],[98,86]]]},
"G630": {"type": "Matrix2x2", "payoffs": [[[70,26],[95,27]],[[0,4],[84,0]]]},
"G631": {"type": "Matrix2x2", "payoffs": [[[8,42],[3,3]],[[0,0],[1,20]]]},
"G632": {"type": "Matrix2x2", "payoffs": [[[25,16],[40,47]],[[5,36],[0,0]]]},
"G633": {"type": "Matrix2x2", "payoffs": [[[93,5],[100,61]],[[0,0],[30,27]]]},
"G634": {"type": "Matrix2x2", "payoffs": [[[50,20],[34,13]],[[0,12],[31,0]]]},
"G635": {"type": "Matrix2x2", "payoffs": [[[1,0],[0,31]],[[51,67],[5,65]]]},
"G636": {"type": "Matrix2x2", "payoffs": [[[57,50],[0,51]],[[1,0],[70,93]]]},
"G637": {"type": "Matrix2x2", "payoffs": [[[31,0],[84,5]],[[79,1],[0,4]]]},
"G638": {"type": "Matrix2x2", "payoffs": [[[40,19],[9,8]],[[29,0],[0,10]]]},
"G639": {"type": "Matrix2x2", "payoffs": [[[35,8],[41,57]],[[29,40],[0,0]]]},
"G640": {"type": "Matrix2x2", "payoffs": [[[8,0],[0,14]],[[10,23],[1,19]]]},
"G641": {"type": "Matrix2x2", "payoffs": [[[83,63],[0,16]],[[76,0],[13,41]]]},
"G642": {"type": "Matrix2x2", "payoffs": [[[21,23],[31,61]],[[16,8],[0,0]]]},
"G643": {"type": "Matrix2x2", "payoffs": [[[21,53],[10,0]],[[23,71],[0,62]]]},
"G644": {"type": "Matrix2x2", "payoffs": [[[100,91],[7,38]],[[0,0],[63,81]]]},
"G645": {"type": "Matrix2x2", "payoffs": [[[82,87],[76,29]],[[60,0],[0,60]]]},
"G646": {"type": "Matrix2x2", "payoffs": [[[4,0],[0,11]],[[1,74],[46,80]]]},
"G647": {"type": "Matrix2x2", "payoffs": [[[1,41],[0,46]],[[22,76],[16,0]]]},
"G648": {"type": "Matrix2x2", "payoffs": [[[52,58],[1,54]],[[28,0],[0,33]]]},
"G649": {"type": "Matrix2x2", "payoffs": [[[0,0],[78,49]],[[68,44],[82,51]]]},
"G650": {"type": "Matrix2x2", "payoffs": [[[96,35],[37,0]],[[0,16],[7,11]]]},
"G651": {"type": "Matrix2x2", "payoffs": [[[21,35],[0,0]],[[36,53],[2,27]]]},
"G652": {"type": "Matrix2x2", "payoffs": [[[25,12],[7,14]],[[0,0],[28,37]]]},
"G653": {"type": "Matrix2x2", "payoffs": [[[2,2],[23,11]],[[19,0],[0,8]]]},
"G654": {"type": "Matrix2x2", "payoffs": [[[58,54],[31,9]],[[0,0],[15,48]]]},
"G655": {"type": "Matrix2x2", "payoffs": [[[55,9],[0,3]],[[80,10],[62,0]]]},
"G656": {"type": "Matrix2x2", "payoffs": [[[19,30],[0,22]],[[37,51],[3,0]]]},
"G657": {"type": "Matrix2x2", "payoffs": [[[10,36],[0,0]],[[27,61],[16,27]]]},
"G658": {"type": "Matrix2x2", "payoffs": [[[10,36],[3,47]],[[19,83],[0,0]]]},
"G659": {"type": "Matrix2x2", "payoffs": [[[10,39],[0,0]],[[6,6],[23,61]]]},
"G660": {"type": "Matrix2x2", "payoffs": [[[9,12],[3,6]],[[0,0],[19,59]]]},
"G661": {"type": "Matrix2x2", "payoffs": [[[0,0],[14,7]],[[94,11],[3,4]]]},
"G662": {"type": "Matrix2x2", "payoffs": [[[48,81],[11,70]],[[9,37],[0,0]]]},
"G663": {"type": "Matrix2x2", "payoffs": [[[4,0],[49,28]],[[0,24],[23,17]]]},
"G664": {"type": "Matrix2x2", "payoffs": [[[0,15],[9,10]],[[61,43],[24,0]]]},
"G665": {"type": "Matrix2x2", "payoffs": [[[22,7],[5,0]],[[13,3],[0,2]]]},
"G666": {"type": "Matrix2x2", "payoffs": [[[1,0],[6,25]],[[0,22],[5,9]]]},
"G667": {"type": "Matrix2x2", "payoffs": [[[0,79],[70,88]],[[24,87],[53,0]]]},
"G668": {"type": "Matrix2x2", "payoffs": [[[28,0],[0,55]],[[55,79],[2,52]]]},
"G669": {"type": "Matrix2x2", "payoffs": [[[49,0],[69,90]],[[0,88],[12,52]]]},
"G670": {"type": "Matrix2x2", "payoffs": [[[58,7],[80,32]],[[0,11],[68,0]]]},
"G671": {"type": "Matrix2x2", "payoffs": [[[84,36],[57,23]],[[62,25],[0,0]]]},
"G672": {"type": "Matrix2x2", "payoffs": [[[68,0],[70,71]],[[45,11],[0,41]]]},
"G673": {"type": "Matrix2x2", "payoffs": [[[37,36],[46,0]],[[51,44],[0,8]]]},
"G674": {"type": "Matrix2x2", "payoffs": [[[0,6],[18,4]],[[44,31],[15,0]]]},
"G675": {"type": "Matrix2x2", "payoffs": [[[0,16],[22,10]],[[96,17],[32,0]]]},
"G676": {"type": "Matrix2x2", "payoffs": [[[31,0],[72,6]],[[75,34],[0,20]]]},
"G677": {"type": "Matrix2x2", "payoffs": [[[57,97],[48,15]],[[36,0],[0,18]]]},
"G678": {"type": "Matrix2x2", "payoffs": [[[58,15],[61,24]],[[16,8],[0,0]]]},
"G679": {"type": "Matrix2x2", "payoffs": [[[12,1],[0,0]],[[6,8],[16,23]]]},
"G680": {"type": "Matrix2x2", "payoffs": [[[80,4],[0,0]],[[79,67],[94,81]]]},
"G681": {"type": "Matrix2x2", "payoffs": [[[89,43],[0,4]],[[5,0],[27,29]]]},
"G682": {"type": "Matrix2x2", "payoffs": [[[13,5],[27,64]],[[0,0],[18,30]]]},
"G683": {"type": "Matrix2x2", "payoffs": [[[0,0],[66,13]],[[75,3],[83,14]]]},
"G684": {"type": "Matrix2x2", "payoffs": [[[3,47],[22,83]],[[17,0],[0,82]]]},
"G685": {"type": "Matrix2x2", "payoffs": [[[18,59],[71,57]],[[93,65],[0,0]]]},
"G686": {"type": "Matrix2x2", "payoffs": [[[0,21],[2,55]],[[5,73],[4,0]]]},
"G687": {"type": "Matrix2x2", "payoffs": [[[52,68],[44,0]],[[0,47],[11,39]]]},
"G688": {"type": "Matrix2x2", "payoffs": [[[20,0],[0,31]],[[8,22],[34,38]]]},
"G689": {"type": "Matrix2x2", "payoffs": [[[9,0],[0,39]],[[23,53],[12,21]]]},
"G690": {"type": "Matrix2x2", "payoffs": [[[14,18],[10,14]],[[3,6],[0,0]]]},
"G691": {"type": "Matrix2x2", "payoffs": [[[48,0],[11,59]],[[0,60],[77,64]]]},
"G692": {"type": "Matrix2x2", "payoffs": [[[58,0],[65,17]],[[17,13],[0,5]]]},
"G693": {"type": "Matrix2x2", "payoffs": [[[0,0],[12,13]],[[2,23],[74,63]]]},
"G694": {"type": "Matrix2x2", "payoffs": [[[0,0],[9,4]],[[24,37],[17,35]]]},
"G695": {"type": "Matrix2x2", "payoffs": [[[95,6],[56,5]],[[24,0],[0,3]]]},
"G696": {"type": "Matrix2x2", "payoffs": [[[16,13],[8,0]],[[0,23],[34,36]]]},
"G697": {"type": "Matrix2x2", "payoffs": [[[0,0],[90,5]],[[65,3],[100,35]]]},
"G698": {"type": "Matrix2x2", "payoffs": [[[0,43],[2,0]],[[20,82],[12,65]]]},
"G699": {"type": "Matrix2x2", "payoffs": [[[3,73],[2,0]],[[1,51],[0,25]]]},
"G700": {"type": "Matrix2x2", "payoffs": [[[47,79],[3,53]],[[41,56],[0,0]]]},
"G701": {"type": "Matrix2x2", "payoffs": [[[0,49],[54,55]],[[29,27],[40,0]]]},
"G702": {"type": "Matrix2x2", "payoffs": [[[83,34],[77,29]],[[0,11],[57,0]]]},
"G703": {"type": "Matrix2x2", "payoffs": [[[61,44],[93,49]],[[23,16],[0,0]]]},
"G704": {"type": "Matrix2x2", "payoffs": [[[1,39],[3,46]],[[0,0],[2,41]]]},
"G705": {"type": "Matrix2x2", "payoffs": [[[51,0],[0,11]],[[41,12],[69,27]]]},
"G706": {"type": "Matrix2x2", "payoffs": [[[20,0],[38,31]],[[8,18],[0,13]]]},
"G707": {"type": "Matrix2x2", "payoffs": [[[0,21],[25,87]],[[2,37],[23,0]]]},
"G708": {"type": "Matrix2x2", "payoffs": [[[38,64],[6,25]],[[0,0],[44,72]]]},
"G709": {"type": "Matrix2x2", "payoffs": [[[16,13],[66,0]],[[0,48],[100,54]]]},
"G710": {"type": "Matrix2x2", "payoffs": [[[65,0],[27,76]],[[83,81],[0,70]]]},
"G711": {"type": "Matrix2x2", "payoffs": [[[0,19],[24,83]],[[7,0],[13,64]]]},
"G712": {"type": "Matrix2x2", "payoffs": [[[31,78],[0,5]],[[8,29],[25,0]]]},
"G713": {"type": "Matrix2x2", "payoffs": [[[76,0],[94,34]],[[46,15],[0,9]]]},
"G714": {"type": "Matrix2x2", "payoffs": [[[22,0],[70,24]],[[63,3],[0,7]]]},
"G715": {"type": "Matrix2x2", "payoffs": [[[66,0],[0,5]],[[80,18],[5,7]]]},
"G716": {"type": "Matrix2x2", "payoffs": [[[0,14],[39,33]],[[80,52],[36,0]]]},
"G717": {"type": "Matrix2x2", "payoffs": [[[0,10],[86,35]],[[20,0],[66,15]]]},
"G718": {"type": "Matrix2x2", "payoffs": [[[45,63],[0,0]],[[11,24],[32,49]]]},
"G719": {"type": "Matrix2x2", "payoffs": [[[0,46],[19,49]],[[14,0],[12,22]]]},
"G720": {"type": "Matrix2x2", "payoffs": [[[0,12],[92,19]],[[69,0],[40,7]]]},
"G721": {"type": "Matrix2x2", "payoffs": [[[90,53],[82,17]],[[36,0],[0,5]]]},
"G722": {"type": "Matrix2x2", "payoffs": [[[80,0],[97,43]],[[77,8],[0,7]]]},
"G723": {"type": "Matrix2x2", "payoffs": [[[50,32],[25,6]],[[0,22],[9,0]]]},
"G724": {"type": "Matrix2x2", "payoffs": [[[5,66],[4,0]],[[3,12],[0,47]]]},
"G725": {"type": "Matrix2x2", "payoffs": [[[0,8],[30,0]],[[31,9],[54,12]]]},
"G726": {"type": "Matrix2x2", "payoffs": [[[2,47],[16,0]],[[19,74],[0,18]]]},
"G727": {"type": "Matrix2x2", "payoffs": [[[0,28],[30,53]],[[29,0],[28,26]]]},
"G728": {"type": "Matrix2x2", "payoffs": [[[98,22],[44,17]],[[58,0],[0,7]]]},
"G729": {"type": "Matrix2x2", "payoffs": [[[1,0],[0,41]],[[2,27],[3,49]]]},
"G730": {"type": "Matrix2x2", "payoffs": [[[9,12],[43,18]],[[0,1],[39,0]]]},
"G731": {"type": "Matrix2x2", "payoffs": [[[0,0],[2,90]],[[9,97],[8,26]]]},
"G732": {"type": "Matrix2x2", "payoffs": [[[19,0],[60,49]],[[47,11],[0,7]]]},
"G733": {"type": "Matrix2x2", "payoffs": [[[47,85],[0,0]],[[45,23],[63,99]]]},
"G734": {"type": "Matrix2x2", "payoffs": [[[4,2],[2,4]],[[0,0],[5,5]]]},
"G735": {"type": "Matrix2x2", "payoffs": [[[23,0],[0,27]],[[48,21],[60,47]]]},
"G736": {"type": "Matrix2x2", "payoffs": [[[20,5],[0,2]],[[24,0],[84,7]]]},
"G737": {"type": "Matrix2x2", "payoffs": [[[0,5],[62,29]],[[1,0],[42,22]]]},
"G738": {"type": "Matrix2x2", "payoffs": [[[61,6],[0,0]],[[26,2],[44,3]]]},
"G739": {"type": "Matrix2x2", "payoffs": [[[82,83],[79,29]],[[33,0],[0,37]]]},
"G740": {"type": "Matrix2x2", "payoffs": [[[0,0],[45,6]],[[65,68],[5,21]]]},
"G741": {"type": "Matrix2x2", "payoffs": [[[18,53],[60,0]],[[65,77],[0,26]]]},
"G742": {"type": "Matrix2x2", "payoffs": [[[41,0],[0,23]],[[43,44],[91,64]]]},
"G743": {"type": "Matrix2x2", "payoffs": [[[0,58],[68,91]],[[59,0],[36,45]]]},
"G744": {"type": "Matrix2x2", "payoffs": [[[0,7],[63,20]],[[47,0],[96,59]]]},
"G745": {"type": "Matrix2x2", "payoffs": [[[0,27],[53,79]],[[34,31],[48,0]]]},
"G746": {"type": "Matrix2x2", "payoffs": [[[85,28],[0,24]],[[9,21],[50,0]]]},
"G747": {"type": "Matrix2x2", "payoffs": [[[61,85],[31,0]],[[0,11],[8,75]]]},
"G748": {"type": "Matrix2x2", "payoffs": [[[29,0],[54,2]],[[0,13],[57,20]]]},
"G749": {"type": "Matrix2x2", "payoffs": [[[0,32],[8,21]],[[10,0],[21,42]]]},
"G750": {"type": "Matrix2x2", "payoffs": [[[5,12],[47,48]],[[0,1],[45,0]]]},
"G751": {"type": "Matrix2x2", "payoffs": [[[49,60],[0,0]],[[25,17],[18,59]]]},
"G752": {"type": "Matrix2x2", "payoffs": [[[3,55],[0,37]],[[17,0],[26,75]]]},
"G753": {"type": "Matrix2x2", "payoffs": [[[0,40],[88,44]],[[68,13],[2,0]]]},
"G754": {"type": "Matrix2x2", "payoffs": [[[46,46],[0,0]],[[86,49],[40,48]]]},
"G755": {"type": "Matrix2x2", "payoffs": [[[0,0],[39,22]],[[10,10],[18,9]]]},
"G756": {"type": "Matrix2x2", "payoffs": [[[0,36],[61,0]],[[49,56],[73,72]]]},
"G757": {"type": "Matrix2x2", "payoffs": [[[46,53],[36,17]],[[0,18],[8,0]]]},
"G758": {"type": "Matrix2x2", "payoffs": [[[66,54],[35,47]],[[79,71],[0,0]]]},
"G759": {"type": "Matrix2x2", "payoffs": [[[3,0],[2,9]],[[0,24],[5,60]]]},
"G760": {"type": "Matrix2x2", "payoffs": [[[20,25],[0,0]],[[66,44],[48,43]]]},
"G761": {"type": "Matrix2x2", "payoffs": [[[0,20],[7,35]],[[9,0],[34,79]]]},
"G762": {"type": "Matrix2x2", "payoffs": [[[17,19],[13,12]],[[1,15],[0,0]]]},
"G763": {"type": "Matrix2x2", "payoffs": [[[20,0],[87,40]],[[0,12],[70,10]]]},
"G764": {"type": "Matrix2x2", "payoffs": [[[5,71],[4,0]],[[0,68],[2,41]]]},
"G765": {"type": "Matrix2x2", "payoffs": [[[34,20],[0,19]],[[3,0],[4,16]]]},
"G766": {"type": "Matrix2x2", "payoffs": [[[4,53],[34,48]],[[59,79],[0,0]]]},
"G767": {"type": "Matrix2x2", "payoffs": [[[28,2],[40,11]],[[0,0],[14,10]]]},
"G768": {"type": "Matrix2x2", "payoffs": [[[0,0],[1,34]],[[2,22],[3,38]]]},
"G769": {"type": "Matrix2x2", "payoffs": [[[11,0],[0,10]],[[57,8],[74,25]]]},
"G770": {"type": "Matrix2x2", "payoffs": [[[0,23],[68,35]],[[6,0],[60,22]]]},
"G771": {"type": "Matrix2x2", "payoffs": [[[27,0],[0,51]],[[69,60],[71,69]]]},
"G772": {"type": "Matrix2x2", "payoffs": [[[21,80],[5,39]],[[16,1],[0,0]]]},
"G773": {"type": "Matrix2x2", "payoffs": [[[83,65],[79,0]],[[0,14],[80,24]]]},
"G774": {"type": "Matrix2x2", "payoffs": [[[35,10],[0,0]],[[13,3],[15,8]]]},
"G775": {"type": "Matrix2x2", "payoffs": [[[0,2],[85,0]],[[94,67],[74,63]]]},
"G776": {"type": "Matrix2x2", "payoffs": [[[14,89],[13,0]],[[0,55],[42,98]]]},
"G777": {"type": "Matrix2x2", "payoffs": [[[9,27],[27,16]],[[30,38],[0,0]]]},
"G778": {"type": "Matrix2x2", "payoffs": [[[20,0],[0,10]],[[26,15],[12,4]]]},
"G779": {"type": "Matrix2x2", "payoffs": [[[27,0],[0,45]],[[55,64],[15,24]]]},
"G780": {"type": "Matrix2x2", "payoffs": [[[0,58],[7,69]],[[3,30],[5,0]]]},
"G781": {"type": "Matrix2x2", "payoffs": [[[0,31],[10,48]],[[7,27],[4,0]]]},
"G782": {"type": "Matrix2x2", "payoffs": [[[50,23],[0,18]],[[69,33],[53,0]]]},
"G783": {"type": "Matrix2x2", "payoffs": [[[19,0],[31,94]],[[0,23],[15,31]]]},
"G784": {"type": "Matrix2x2", "payoffs": [[[18,29],[0,0]],[[12,20],[11,26]]]},
"G785": {"type": "Matrix2x2", "payoffs": [[[14,0],[98,32]],[[0,27],[12,25]]]},
"G786": {"type": "Matrix2x2", "payoffs": [[[0,0],[15,20]],[[48,36],[82,50]]]},
"G787": {"type": "Matrix2x2", "payoffs": [[[0,0],[39,50]],[[23,45],[96,69]]]},
"G788": {"type": "Matrix2x2", "payoffs": [[[35,37],[32,9]],[[20,21],[0,0]]]},
"G789": {"type": "Matrix2x2", "payoffs": [[[69,0],[0,1]],[[93,15],[74,7]]]},
"G790": {"type": "Matrix2x2", "payoffs": [[[8,28],[42,72]],[[38,5],[0,0]]]},
"G791": {"type": "Matrix2x2", "payoffs": [[[32,8],[82,72]],[[0,70],[80,0]]]},
"G792": {"type": "Matrix2x2", "payoffs": [[[18,0],[0,44]],[[6,7],[29,93]]]},
"G793": {"type": "Matrix2x2", "payoffs": [[[61,84],[63,95]],[[0,9],[17,0]]]},
"G794": {"type": "Matrix2x2", "payoffs": [[[0,57],[53,23]],[[35,0],[94,59]]]},
"G795": {"type": "Matrix2x2", "payoffs": [[[4,50],[0,0]],[[21,66],[8,12]]]},
"G796": {"type": "Matrix2x2", "payoffs": [[[8,0],[0,53]],[[5,4],[9,68]]]},
"G797": {"type": "Matrix2x2", "payoffs": [[[0,0],[54,19]],[[17,2],[15,17]]]},
"G798": {"type": "Matrix2x2", "payoffs": [[[1,85],[0,0]],[[3,86],[2,5]]]},
"G799": {"type": "Matrix2x2", "payoffs": [[[5,54],[2,41]],[[1,0],[0,1]]]},
"G800": {"type": "Matrix2x2", "payoffs": [[[0,30],[44,0]],[[51,63],[40,23]]]},
"G801": {"type": "Matrix2x2", "payoffs": [[[0,11],[6,0]],[[32,51],[28,29]]]},
"G802": {"type": "Matrix2x2", "payoffs": [[[0,0],[32,53]],[[4,13],[23,49]]]},
"G803": {"type": "Matrix2x2", "payoffs": [[[4,4],[0,1]],[[8,0],[43,15]]]},
"G804": {"type": "Matrix2x2", "payoffs": [[[0,47],[14,55]],[[9,54],[3,0]]]},
"G805": {"type": "Matrix2x2", "payoffs": [[[2,0],[0,7]],[[1,2],[3,8]]]},
"G806": {"type": "Matrix2x2", "payoffs": [[[10,0],[33,43]],[[2,14],[0,30]]]},
"G807": {"type": "Matrix2x2", "payoffs": [[[58,0],[50,12]],[[0,13],[61,58]]]},
"G808": {"type": "Matrix2x2", "payoffs": [[[53,100],[48,0]],[[0,4],[4,27]]]},
"G809": {"type": "Matrix2x2", "payoffs": [[[55,48],[0,5]],[[82,69],[38,0]]]},
"G810": {"type": "Matrix2x2", "payoffs": [[[34,8],[7,2]],[[23,0],[0,1]]]},
"G811": {"type": "Matrix2x2", "payoffs": [[[0,0],[1,8]],[[5,16],[3,10]]]},
"G812": {"type": "Matrix2x2", "payoffs": [[[46,0],[34,4]],[[62,9],[0,3]]]},
"G813": {"type": "Matrix2x2", "payoffs": [[[4,7],[24,92]],[[22,3],[0,0]]]},
"G814": {"type": "Matrix2x2", "payoffs": [[[21,27],[0,44]],[[5,0],[29,49]]]},
"G815": {"type": "Matrix2x2", "payoffs": [[[39,3],[0,0]],[[27,4],[60,6]]]},
"G816": {"type": "Matrix2x2", "payoffs": [[[18,44],[62,50]],[[0,0],[55,13]]]},
"G817": {"type": "Matrix2x2", "payoffs": [[[87,39],[25,18]],[[0,29],[72,0]]]},
"G818": {"type": "Matrix2x2", "payoffs": [[[0,17],[58,75]],[[52,0],[15,20]]]},
"G819": {"type": "Matrix2x2", "payoffs": [[[17,87],[1,15]],[[0,0],[3,22]]]},
"G820": {"type": "Matrix2x2", "payoffs": [[[0,1],[4,2]],[[3,0],[7,3]]]},
"G821": {"type": "Matrix2x2", "payoffs": [[[30,44],[0,0]],[[15,4],[12,14]]]},
"G822": {"type": "Matrix2x2", "payoffs": [[[0,51],[7,77]],[[1,0],[3,64]]]},
"G823": {"type": "Matrix2x2", "payoffs": [[[19,35],[6,21]],[[1,0],[0,13]]]},
"G824": {"type": "Matrix2x2", "payoffs": [[[37,98],[0,40]],[[24,0],[6,76]]]},
"G825": {"type": "Matrix2x2", "payoffs": [[[0,10],[78,14]],[[58,4],[40,0]]]},
"G826": {"type": "Matrix2x2", "payoffs": [[[16,0],[21,48]],[[0,35],[32,60]]]},
"G827": {"type": "Matrix2x2", "payoffs": [[[85,25],[0,0]],[[31,6],[30,2]]]},
"G828": {"type": "Matrix2x2", "payoffs": [[[29,0],[4,25]],[[31,78],[0,70]]]},
"G829": {"type": "Matrix2x2", "payoffs": [[[17,99],[3,84]],[[0,0],[4,76]]]},
"G830": {"type": "Matrix2x2", "payoffs": [[[16,3],[50,6]],[[63,7],[0,0]]]},
"G831": {"type": "Matrix2x2", "payoffs": [[[28,58],[0,38]],[[5,13],[2,0]]]},
"G832": {"type": "Matrix2x2", "payoffs": [[[23,78],[3,0]],[[27,79],[0,36]]]},
"G833": {"type": "Matrix2x2", "payoffs": [[[72,57],[52,7]],[[66,0],[0,54]]]},
"G834": {"type": "Matrix2x2", "payoffs": [[[24,27],[15,0]],[[10,24],[0,8]]]},
"G835": {"type": "Matrix2x2", "payoffs": [[[0,0],[5,59]],[[1,41],[8,70]]]},
"G836": {"type": "Matrix2x2", "payoffs": [[[6,0],[8,23]],[[1,22],[0,5]]]},
"G837": {"type": "Matrix2x2", "payoffs": [[[0,3],[52,0]],[[76,5],[54,2]]]},
"G838": {"type": "Matrix2x2", "payoffs": [[[0,0],[39,3]],[[44,12],[99,24]]]},
"G839": {"type": "Matrix2x2", "payoffs": [[[81,67],[43,0]],[[60,58],[0,10]]]},
"G840": {"type": "Matrix2x2", "payoffs": [[[9,0],[29,32]],[[20,4],[0,12]]]},
"G841": {"type": "Matrix2x2", "payoffs": [[[0,7],[20,14]],[[1,0],[26,15]]]},
"G842": {"type": "Matrix2x2", "payoffs": [[[0,33],[81,55]],[[53,0],[66,51]]]},
"G843": {"type": "Matrix2x2", "payoffs": [[[1,0],[0,2]],[[5,5],[4,3]]]},
"G844": {"type": "Matrix2x2", "payoffs": [[[72,91],[4,0]],[[63,30],[0,4]]]},
"G845": {"type": "Matrix2x2", "payoffs": [[[53,19],[0,14]],[[6,0],[13,9]]]},
"G846": {"type": "Matrix2x2", "payoffs": [[[23,32],[18,29]],[[0,0],[16,10]]]},
"G847": {"type": "Matrix2x2", "payoffs": [[[0,0],[10,25]],[[46,74],[34,20]]]},
"G848": {"type": "Matrix2x2", "payoffs": [[[33,78],[0,49]],[[24,32],[14,0]]]},
"G849": {"type": "Matrix2x2", "payoffs": [[[39,0],[0,4]],[[87,5],[65,1]]]},
"G850": {"type": "Matrix2x2", "payoffs": [[[13,0],[2,66]],[[63,78],[0,70]]]},
"G851": {"type": "Matrix2x2", "payoffs": [[[66,31],[52,24]],[[0,17],[11,0]]]},
"G852": {"type": "Matrix2x2", "payoffs": [[[3,0],[20,8]],[[0,5],[11,2]]]},
"G853": {"type": "Matrix2x2", "payoffs": [[[67,0],[82,60]],[[0,22],[52,11]]]},
"G854": {"type": "Matrix2x2", "payoffs": [[[59,2],[62,13]],[[0,0],[71,16]]]},
"G855": {"type": "Matrix2x2", "payoffs": [[[61,0],[62,15]],[[0,19],[82,76]]]},
"G856": {"type": "Matrix2x2", "payoffs": [[[61,65],[21,0]],[[0,64],[59,40]]]},
"G857": {"type": "Matrix2x2", "payoffs": [[[11,36],[0,44]],[[77,55],[7,0]]]},
"G858": {"type": "Matrix2x2", "payoffs": [[[0,0],[57,4]],[[63,10],[38,2]]]},
"G859": {"type": "Matrix2x2", "payoffs": [[[0,36],[5,8]],[[22,0],[34,79]]]},
"G860": {"type": "Matrix2x2", "payoffs": [[[1,7],[10,62]],[[0,0],[5,18]]]},
"G861": {"type": "Matrix2x2", "payoffs": [[[66,60],[42,28]],[[53,45],[0,0]]]},
"G862": {"type": "Matrix2x2", "payoffs": [[[31,65],[28,9]],[[37,74],[0,0]]]},
"G863": {"type": "Matrix2x2", "payoffs": [[[0,13],[30,0]],[[46,1],[70,14]]]},
"G864": {"type": "Matrix2x2", "payoffs": [[[94,93],[13,0]],[[64,19],[0,69]]]},
"G865": {"type": "Matrix2x2", "payoffs": [[[7,51],[1,0]],[[0,35],[3,39]]]},
"G866": {"type": "Matrix2x2", "payoffs": [[[5,0],[1,39]],[[0,26],[6,77]]]},
"G867": {"type": "Matrix2x2", "payoffs": [[[17,63],[0,0]],[[18,64],[7,21]]]},
"G868": {"type": "Matrix2x2", "payoffs": [[[56,14],[0,9]],[[62,63],[48,0]]]},
"G869": {"type": "Matrix2x2", "payoffs": [[[81,7],[97,25]],[[0,0],[85,2]]]},
"G870": {"type": "Matrix2x2", "payoffs": [[[1,9],[0,24]],[[17,26],[13,0]]]},
"G871": {"type": "Matrix2x2", "payoffs": [[[0,0],[57,14]],[[11,29],[67,90]]]},
"G872": {"type": "Matrix2x2", "payoffs": [[[30,16],[58,60]],[[49,0],[0,26]]]},
"G873": {"type": "Matrix2x2", "payoffs": [[[23,0],[39,58]],[[0,51],[33,31]]]},
"G874": {"type": "Matrix2x2", "payoffs": [[[18,0],[26,74]],[[0,26],[8,19]]]},
"G875": {"type": "Matrix2x2", "payoffs": [[[22,1],[60,4]],[[0,0],[34,3]]]},
"G876": {"type": "Matrix2x2", "payoffs": [[[58,0],[85,36]],[[64,13],[0,33]]]},
"G877": {"type": "Matrix2x2", "payoffs": [[[45,69],[31,0]],[[0,68],[56,81]]]},
"G878": {"type": "Matrix2x2", "payoffs": [[[16,10],[2,0]],[[5,6],[0,4]]]},
"G879": {"type": "Matrix2x2", "payoffs": [[[31,93],[5,0]],[[0,6],[18,44]]]},
"G880": {"type": "Matrix2x2", "payoffs": [[[90,42],[48,0]],[[0,16],[2,22]]]},
"G881": {"type": "Matrix2x2", "payoffs": [[[0,0],[67,46]],[[24,42],[57,31]]]},
"G882": {"type": "Matrix2x2", "payoffs": [[[55,91],[6,54]],[[50,37],[0,0]]]},
"G883": {"type": "Matrix2x2", "payoffs": [[[0,5],[13,16]],[[8,0],[2,1]]]},
"G884": {"type": "Matrix2x2", "payoffs": [[[32,66],[0,0]],[[11,44],[10,18]]]},
"G885": {"type": "Matrix2x2", "payoffs": [[[47,0],[13,7]],[[0,2],[92,28]]]},
"G886": {"type": "Matrix2x2", "payoffs": [[[7,46],[0,66]],[[10,0],[21,75]]]},
"G887": {"type": "Matrix2x2", "payoffs": [[[31,0],[56,16]],[[0,2],[42,13]]]},
"G888": {"type": "Matrix2x2", "payoffs": [[[0,26],[37,6]],[[12,0],[47,30]]]},
"G889": {"type": "Matrix2x2", "payoffs": [[[4,7],[0,38]],[[3,0],[5,65]]]},
"G890": {"type": "Matrix2x2", "payoffs": [[[14,10],[62,12]],[[43,4],[0,0]]]},
"G891": {"type": "Matrix2x2", "payoffs": [[[33,5],[11,0]],[[3,2],[0,1]]]},
"G892": {"type": "Matrix2x2", "payoffs": [[[19,6],[0,3]],[[26,14],[16,0]]]},
"G893": {"type": "Matrix2x2", "payoffs": [[[0,56],[83,0]],[[99,68],[71,37]]]},
"G894": {"type": "Matrix2x2", "payoffs": [[[28,26],[0,19]],[[64,28],[38,0]]]},
"G895": {"type": "Matrix2x2", "payoffs": [[[2,27],[22,0]],[[62,62],[0,38]]]},
"G896": {"type": "Matrix2x2", "payoffs": [[[26,47],[18,0]],[[31,100],[0,66]]]},
"G897": {"type": "Matrix2x2", "payoffs": [[[0,0],[30,88]],[[27,90],[31,99]]]},
"G898": {"type": "Matrix2x2", "payoffs": [[[4,0],[11,46]],[[3,38],[0,25]]]},
"G899": {"type": "Matrix2x2", "payoffs": [[[30,47],[0,10]],[[6,0],[37,69]]]},
"G900": {"type": "Matrix2x2", "payoffs": [[[9,0],[48,14]],[[0,6],[5,7]]]},
"G901": {"type": "Matrix2x2", "payoffs": [[[0,33],[74,88]],[[36,81],[70,0]]]},
"G902": {"type": "Matrix2x2", "payoffs": [[[4,0],[57,61]],[[45,43],[0,46]]]},
"G903": {"type": "Matrix2x2", "payoffs": [[[59,0],[48,22]],[[0,28],[75,72]]]},
"G904": {"type": "Matrix2x2", "payoffs": [[[60,0],[0,34]],[[20,10],[88,44]]]},
"G905": {"type": "Matrix2x2", "payoffs": [[[74,76],[5,40]],[[61,0],[0,68]]]},
"G906": {"type": "Matrix2x2", "payoffs": [[[2,0],[0,43]],[[3,3],[5,54]]]},
"G907": {"type": "Matrix2x2", "payoffs": [[[6,43],[25,6]],[[0,0],[61,89]]]},
"G908": {"type": "Matrix2x2", "payoffs": [[[33,24],[32,20]],[[38,37],[0,0]]]},
"G909": {"type": "Matrix2x2", "payoffs": [[[93,45],[0,24]],[[72,8],[24,0]]]},
"G910": {"type": "Matrix2x2", "payoffs": [[[31,66],[33,82]],[[12,76],[0,0]]]},
"G911": {"type": "Matrix2x2", "payoffs": [[[0,3],[22,6]],[[9,0],[5,1]]]},
"G912": {"type": "Matrix2x2", "payoffs": [[[16,85],[83,87]],[[22,0],[0,39]]]},
"G913": {"type": "Matrix2x2", "payoffs": [[[29,0],[9,4]],[[0,7],[45,8]]]},
"G914": {"type": "Matrix2x2", "payoffs": [[[10,20],[42,66]],[[0,40],[19,0]]]},
"G915": {"type": "Matrix2x2", "payoffs": [[[0,0],[25,58]],[[40,68],[22,54]]]},
"G916": {"type": "Matrix2x2", "payoffs": [[[0,7],[31,8]],[[5,2],[22,0]]]},
"G917": {"type": "Matrix2x2", "payoffs": [[[37,0],[0,64]],[[51,73],[29,13]]]},
"G918": {"type": "Matrix2x2", "payoffs": [[[14,12],[0,7]],[[12,2],[2,0]]]},
"G919": {"type": "Matrix2x2", "payoffs": [[[0,43],[3,82]],[[87,91],[28,0]]]},
"G920": {"type": "Matrix2x2", "payoffs": [[[31,0],[55,93]],[[30,43],[0,76]]]},
"G921": {"type": "Matrix2x2", "payoffs": [[[2,15],[0,26]],[[4,35],[3,0]]]},
"G922": {"type": "Matrix2x2", "payoffs": [[[0,0],[51,53]],[[92,11],[96,59]]]},
"G923": {"type": "Matrix2x2", "payoffs": [[[20,12],[38,0]],[[0,59],[40,69]]]},
"G924": {"type": "Matrix2x2", "payoffs": [[[0,10],[93,12]],[[41,8],[51,0]]]},
"G925": {"type": "Matrix2x2", "payoffs": [[[0,0],[83,97]],[[72,33],[58,51]]]},
"G926": {"type": "Matrix2x2", "payoffs": [[[41,10],[0,0]],[[24,9],[32,3]]]},
"G927": {"type": "Matrix2x2", "payoffs": [[[70,0],[0,19]],[[85,64],[35,12]]]},
"G928": {"type": "Matrix2x2", "payoffs": [[[0,46],[68,95]],[[47,9],[46,0]]]},
"G929": {"type": "Matrix2x2", "payoffs": [[[30,47],[2,17]],[[14,0],[0,21]]]},
"G930": {"type": "Matrix2x2", "payoffs": [[[8,66],[36,73]],[[29,0],[0,65]]]},
"G931": {"type": "Matrix2x2", "payoffs": [[[79,30],[69,0]],[[94,94],[0,14]]]},
"G932": {"type": "Matrix2x2", "payoffs": [[[50,0],[0,17]],[[42,12],[61,49]]]},
"G933": {"type": "Matrix2x2", "payoffs": [[[0,23],[69,71]],[[37,62],[19,0]]]},
"G934": {"type": "Matrix2x2", "payoffs": [[[11,0],[18,31]],[[7,18],[0,19]]]},
"G935": {"type": "Matrix2x2", "payoffs": [[[1,12],[45,13]],[[0,0],[24,2]]]},
"G936": {"type": "Matrix2x2", "payoffs": [[[0,0],[4,15]],[[25,55],[12,6]]]},
"G937": {"type": "Matrix2x2", "payoffs": [[[59,20],[0,0]],[[40,47],[70,96]]]},
"G938": {"type": "Matrix2x2", "payoffs": [[[7,48],[8,26]],[[0,0],[23,49]]]},
"G939": {"type": "Matrix2x2", "payoffs": [[[0,0],[19,15]],[[8,10],[33,96]]]},
"G940": {"type": "Matrix2x2", "payoffs": [[[22,1],[0,3]],[[9,0],[68,4]]]},
"G941": {"type": "Matrix2x2", "payoffs": [[[75,67],[28,0]],[[0,52],[11,11]]]},
"G942": {"type": "Matrix2x2", "payoffs": [[[0,0],[41,59]],[[32,56],[9,37]]]},
"G943": {"type": "Matrix2x2", "payoffs": [[[8,2],[13,29]],[[14,31],[0,0]]]},
"G944": {"type": "Matrix2x2", "payoffs": [[[28,77],[55,99]],[[0,0],[27,7]]]},
"G945": {"type": "Matrix2x2", "payoffs": [[[0,12],[25,49]],[[17,0],[43,89]]]},
"G946": {"type": "Matrix2x2", "payoffs": [[[24,0],[45,3]],[[0,5],[83,6]]]},
"G947": {"type": "Matrix2x2", "payoffs": [[[2,12],[39,70]],[[0,0],[6,65]]]},
"G948": {"type": "Matrix2x2", "payoffs": [[[6,46],[5,0]],[[0,29],[1,18]]]},
"G949": {"type": "Matrix2x2", "payoffs": [[[97,18],[0,0]],[[87,1],[50,16]]]},
"G950": {"type": "Matrix2x2", "payoffs": [[[63,0],[0,32]],[[66,41],[60,23]]]},
"G951": {"type": "Matrix2x2", "payoffs": [[[0,0],[44,80]],[[45,85],[7,22]]]},
"G952": {"type": "Matrix2x2", "payoffs": [[[7,17],[1,57]],[[35,58],[0,0]]]},
"G953": {"type": "Matrix2x2", "payoffs": [[[2,49],[24,86]],[[18,0],[0,21]]]},
"G954": {"type": "Matrix2x2", "payoffs": [[[0,1],[3,4]],[[75,25],[28,0]]]},
"G955": {"type": "Matrix2x2", "payoffs": [[[13,9],[36,4]],[[38,12],[0,0]]]},
"G956": {"type": "Matrix2x2", "payoffs": [[[60,72],[55,57]],[[0,0],[28,44]]]},
"G957": {"type": "Matrix2x2", "payoffs": [[[45,14],[47,29]],[[0,0],[23,11]]]},
"G958": {"type": "Matrix2x2", "payoffs": [[[6,33],[88,40]],[[72,7],[0,0]]]},
"G959": {"type": "Matrix2x2", "payoffs": [[[60,44],[0,47]],[[98,72],[8,0]]]},
"G960": {"type": "Matrix2x2", "payoffs": [[[0,4],[94,19]],[[38,0],[64,11]]]},
"G961": {"type": "Matrix2x2", "payoffs": [[[0,14],[58,28]],[[55,0],[24,21]]]},
"G962": {"type": "Matrix2x2", "payoffs": [[[91,12],[0,6]],[[99,28],[44,0]]]},
"G963": {"type": "Matrix2x2", "payoffs": [[[0,0],[80,20]],[[22,15],[34,12]]]},
"G964": {"type": "Matrix2x2", "payoffs": [[[81,16],[51,9]],[[82,20],[0,0]]]},
"G965": {"type": "Matrix2x2", "payoffs": [[[32,3],[0,0]],[[14,4],[35,5]]]},
"G966": {"type": "Matrix2x2", "payoffs": [[[0,0],[94,91]],[[37,37],[49,13]]]},
"G967": {"type": "Matrix2x2", "payoffs": [[[51,24],[58,17]],[[60,97],[0,0]]]},
"G968": {"type": "Matrix2x2", "payoffs": [[[7,0],[29,17]],[[0,42],[31,58]]]},
"G969": {"type": "Matrix2x2", "payoffs": [[[0,4],[63,25]],[[4,0],[28,2]]]},
"G970": {"type": "Matrix2x2", "payoffs": [[[0,0],[9,24]],[[92,43],[76,11]]]},
"G971": {"type": "Matrix2x2", "payoffs": [[[47,89],[0,80]],[[43,0],[30,86]]]},
"G972": {"type": "Matrix2x2", "payoffs": [[[1,42],[25,75]],[[12,37],[0,0]]]},
"G973": {"type": "Matrix2x2", "payoffs": [[[5,6],[6,7]],[[2,4],[0,0]]]},
"G974": {"type": "Matrix2x2", "payoffs": [[[19,55],[60,76]],[[12,50],[0,0]]]},
"G975": {"type": "Matrix2x2", "payoffs": [[[0,23],[63,0]],[[95,33],[35,12]]]},
"G976": {"type": "Matrix2x2", "payoffs": [[[0,0],[49,22]],[[45,21],[43,7]]]},
"G977": {"type": "Matrix2x2", "payoffs": [[[25,0],[0,11]],[[36,42],[5,31]]]},
"G978": {"type": "Matrix2x2", "payoffs": [[[0,46],[53,71]],[[47,43],[20,0]]]},
"G979": {"type": "Matrix2x2", "payoffs": [[[53,30],[0,0]],[[51,5],[36,17]]]},
"G980": {"type": "Matrix2x2", "payoffs": [[[27,14],[45,60]],[[0,0],[99,67]]]},
"G981": {"type": "Matrix2x2", "payoffs": [[[75,0],[0,8]],[[77,11],[39,7]]]},
"G982": {"type": "Matrix2x2", "payoffs": [[[48,15],[82,50]],[[0,0],[7,17]]]},
"G983": {"type": "Matrix2x2", "payoffs": [[[21,0],[28,89]],[[16,39],[0,34]]]},
"G984": {"type": "Matrix2x2", "payoffs": [[[88,52],[42,12]],[[48,6],[0,0]]]},
"G985": {"type": "Matrix2x2", "payoffs": [[[47,9],[0,2]],[[30,0],[46,1]]]},
"G986": {"type": "Matrix2x2", "payoffs": [[[2,1],[5,13]],[[0,0],[29,15]]]},
"G987": {"type": "Matrix2x2", "payoffs": [[[0,17],[47,0]],[[15,10],[57,47]]]},
"G988": {"type": "Matrix2x2", "payoffs": [[[0,0],[25,3]],[[50,46],[53,80]]]},
"G989": {"type": "Matrix2x2", "payoffs": [[[29,60],[0,0]],[[4,18],[25,23]]]},
"G990": {"type": "Matrix2x2", "payoffs": [[[0,6],[15,56]],[[13,0],[10,36]]]},
"G991": {"type": "Matrix2x2", "payoffs": [[[75,6],[99,46]],[[90,0],[0,9]]]},
"G992": {"type": "Matrix2x2", "payoffs": [[[63,33],[89,99]],[[0,0],[33,48]]]},
"G993": {"type": "Matrix2x2", "payoffs": [[[0,60],[25,52]],[[63,65],[28,0]]]},
"G994": {"type": "Matrix2x2", "payoffs": [[[57,50],[0,0]],[[4,6],[14,21]]]},
"G995": {"type": "Matrix2x2", "payoffs": [[[18,22],[19,0]],[[26,25],[0,21]]]},
"G996": {"type": "Matrix2x2", "payoffs": [[[38,11],[0,0]],[[41,16],[32,2]]]},
"G997": {"type": "Matrix2x2", "payoffs": [[[5,93],[2,36]],[[1,0],[0,8]]]},
"G998": {"type": "Matrix2x2", "payoffs": [[[78,9],[3,5]],[[39,0],[0,4]]]},
"G999": {"type": "Matrix2x2", "payoffs": [[[85,55],[88,62]],[[0,0],[42,12]]]},
"G1000": {"type": "Matrix2x2", "payoffs": [[[0,0],[99,81]],[[10,78],[74,70]]]}
}