{
"numGames": 100,
"G1": {"type": "Matrix2x2", "payoffs": [[[60,97],[32,66]],[[0,90],[53,0]]]},
"G2": {"type": "Matrix2x2", "payoffs": [[[0,40],[86,99]],[[51,0],[52,94]]]},
"G3": {"type": "Matrix2x2", "payoffs": [[[5,3],[42,12]],[[0,0],[50,17]]]},
"G4": {"type": "Matrix2x2", "payoffs": [[[0,13],[78,32]],[[31,14],[46,0]]]},
"G5": {"type": "Matrix2x2", "payoffs": [[[22,37],[0,0]],[[2,6],[15,36]]]},
"G6": {"type": "Matrix2x2", "payoffs": [[[0,55],[47,48]],[[97,67],[67,0]]]},
"G7": {"type": "Matrix2x2", "payoffs": [[[52,100],[0,26]],[[1,0],[20,28]]]},
"G8": {"type": "Matrix2x2", "payoffs": [[[54,0],[0,15]],[[77,4],[84,17]]]},
"G9": {"type": "Matrix2x2", "payoffs": [[[26,0],[0,9]],[[55,72],[35,33]]]},
"G10": {"type": "Matrix2x2", "payoffs": [[[29,0],[50,49]],[[9,5],[0,45]]]},
"G11": {"type": "Matrix2x2", "payoffs": [[[41,58],[0,0]],[[36,16],[17,19]]]},
"G12": {"type": "Matrix2x2", "payoffs": [[[82,40],[90,54]],[[0,0],[84,33]]]},
"G13": {"type": "Matrix2x2", "payoffs": [[[37,78],[0,17]],[[70,92],[62,0]]]},
"G14": {"type": "Matrix2x2", "payoffs": [[[0,3],[26,4]],[[35,7],[25,0]]]},
"G15": {"type": "Matrix2x2", "payoffs": [[[18,30],[6,23]],[[0,0],[7,27]]]},
"G16": {"type": "Matrix2x2", "payoffs": [[[78,80],[0,0]],[[4,7],[60,14]]]},
"G17": {"type": "Matrix2x2", "payoffs": [[[12,9],[28,23]],[[6,0],[0,16]]]},
"G18": {"type": "Matrix2x2", "payoffs": [[[96,4],[63,1]],[[58,3],[0,0]]]},
"G19": {"type": "Matrix2x2", "payoffs": [[[0,58],[46,61]],[[17,50],[7,0]]]},
"G20": {"type": "Matrix2x2", "payoffs": [[[6,15],[0,78]],[[28,96],[20,0]]]},
"G21": {"type": "Matrix2x2", "payoffs": [[[38,74],[17,30]],[[0,46],[22,0]]]},
"G22": {"type": "Matrix2x2", "payoffs": [[[0,0],[4,27]],[[45,4],[59,74]]]},
"G23": {"type": "Matrix2x2", "payoffs": [[[0,0],[5,20]],[[97,56],[24,11]]]},
"G24": {"type": "Matrix2x2", "payoffs": [[[35,0],[0,1]],[[69,14],[11,8]]]},
"G25": {"type": "Matrix2x2", "payoffs": [[[9,6],[0,1]],[[15,23],[7,0]]]},
"G26": {"type": "Matrix2x2", "payoffs": [[[88,31],[21,0]],[[0,18],[85,24]]]},
"G27": {"type": "Matrix2x2", "payoffs": [[[43,7],[47,2]],[[0,0],[56,12]]]},
"G28": {"type": "Matrix2x2", "payoffs": [[[88,93],[49,92]],[[87,0],[0,1]]]},
"G29": {"type": "Matrix2x2", "payoffs": [[[58,9],[99,38]],[[34,14],[0,0]]]},
"G30": {"type": "Matrix2x2", "payoffs": [[[17,67],[27,16]],[[0,0],[30,85]]]},
"G31": {"type": "Matrix2x2", "payoffs": [[[0,0],[92,59]],[[64,38],[59,40]]]},
"G32": {"type": "Matrix2x2", "payoffs": [[[1,0],[49,66]],[[42,37],[0,25]]]},
"G33": {"type": "Matrix2x2", "payoffs": [[[0,19],[40,56]],[[6,0],[13,55]]]},
"G34": {"type": "Matrix2x2", "payoffs": [[[3,58],[0,0]],[[30,95],[5,12]]]},
"G35": {"type": "Matrix2x2", "payoffs": [[[14,3],[0,4]],[[66,0],[85,25]]]},
"G36": {"type": "Matrix2x2", "payoffs": [[[2,0],[8,2]],[[11,3],[0,1]]]},
"G37": {"type": "Matrix2x2", "payoffs": [[[4,33],[23,100]],[[2,0],[0,71]]]},
"G38": {"type": "Matrix2x2", "payoffs": [[[25,70],[0,0]],[[23,4],[50,97]]]},
"G39": {"type": "Matrix2x2", "payoffs": [[[4,2],[0,0]],[[11,4],[13,6]]]},
"G40": {"type": "Matrix2x2", "payoffs": [[[41,68],[17,0]],[[0,34],[37,44]]]},
"G41": {"type": "Matrix2x2", "payoffs": [[[0,25],[18,60]],[[14,0],[9,29]]]},
"G42": {"type": "Matrix2x2", "payoffs": [[[23,18],[0,8]],[[55,45],[39,0]]]},
"G43": {"type": "Matrix2x2", "payoffs": [[[50,64],[39,51]],[[0,45],[12,0]]]},
"G44": {"type": "Matrix2x2", "payoffs": [[[53,27],[0,0]],[[39,18],[13,2]]]},
"G45": {"type": "Matrix2x2", "payoffs": [[[0,0],[38,56]],[[28,8],[2,22]]]},
"G46": {"type": "Matrix2x2", "payoffs": [[[24,34],[55,65]],[[0,8],[6,0]]]},
"G47": {"type": "Matrix2x2", "payoffs": [[[98,33],[0,0]],[[21,15],[2,4]]]},
"G48": {"type": "Matrix2x2", "payoffs": [[[0,5],[6,6]],[[14,7],[8,0]]]},
"G49": {"type": "Matrix2x2", "payoffs": [[[1,0],[46,20]],[[0,4],[38,3]]]},
"G50": {"type": "Matrix2x2", "payoffs": [[[3,11],[0,6]],[[2,0],[1,7]]]},
"G51": {"type": "Matrix2x2", "payoffs": [[[21,38],[9,29]],[[7,30],[0,0]]]},
"G52": {"type": "Matrix2x2", "payoffs": [[[22,11],[16,0]],[[0,10],[8,1]]]},
"G53": {"type": "Matrix2x2", "payoffs": [[[0,9],[37,34]],[[25,30],[36,0]]]},
"G54": {"type": "Matrix2x2", "payoffs": [[[31,30],[55,48]],[[0,0],[6,42]]]},
"G55": {"type": "Matrix2x2", "payoffs": [[[1,21],[15,8]],[[99,72],[0,0]]]},
"G56": {"type": "Matrix2x2", "payoffs": [[[23,36],[0,0]],[[14,3],[88,43]]]},
"G57": {"type": "Matrix2x2", "payoffs": [[[83,74],[76,15]],[[0,25],[25,0]]]},
"G58": {"type": "Matrix2x2", "payoffs": [[[86,15],[2,7]],[[0,0],[6,5]]]},
"G59": {"type": "Matrix2x2", "payoffs": [[[25,7],[58,8]],[[0,6],[35,0]]]},
"G60": {"type": "Matrix2x2", "payoffs": [[[15,0],[0,4]],[[5,5],[100,6]]]},
"G61": {"type": "Matrix2x2", "payoffs": [[[39,18],[0,7]],[[8,4],[38,0]]]},
"G62": {"type": "Matrix2x2", "payoffs": [[[12,25],[0,18]],[[17,0],[28,35]]]},
"G63": {"type": "Matrix2x2", "payoffs": [[[18,86],[17,0]],[[4,1],[0,36]]]},
"G64": {"type": "Matrix2x2", "payoffs": [[[0,0],[8,31]],[[35,70],[30,13]]]},
"G65": {"type": "Matrix2x2", "payoffs": [[[51,98],[0,0]],[[13,63],[25,56]]]},
"G66": {"type": "Matrix2x2", "payoffs": [[[5,7],[7,29]],[[1,0],[0,5]]]},
"G67": {"type": "Matrix2x2", "payoffs": [[[0,20],[33,88]],[[27,21],[30,0]]]},
"G68": {"type": "Matrix2x2", "payoffs": [[[25,0],[0,8]],[[38,3],[60,39]]]},
"G69": {"type": "Matrix2x2", "payoffs": [[[51,52],[13,12]],[[0,3],[3,0]]]},
"G70": {"type": "Matrix2x2", "payoffs": [[[1,2],[3,4]],[[2,1],[0,0]]]},
"G71": {"type": "Matrix2x2", "payoffs": [[[1,40],[8,42]],[[0,24],[2,0]]]},
"G72": {"type": "Matrix2x2", "payoffs": [[[93,29],[0,27]],[[55,12],[38,0]]]},
"G73": {"type": "Matrix2x2", "payoffs": [[[48,15],[0,0]],[[45,1],[34,5]]]},
"G74": {"type": "Matrix2x2", "payoffs": [[[35,29],[0,37]],[[39,0],[83,56]]]},
"G75": {"type": "Matrix2x2", "payoffs": [[[7,0],[0,61]],[[94,71],[62,67]]]},
"G76": {"type": "Matrix2x2", "payoffs": [[[3,6],[2,0]],[[0,2],[28,27]]]},
"G77": {"type": "Matrix2x2", "payoffs": [[[24,0],[0,88]],[[30,16],[47,90]]]},
"G78": {"type": "Matrix2x2", "payoffs": [[[10,4],[18,0]],[[20,72],[0,3]]]},
"G79": {"type": "Matrix2x2", "payoffs": [[[0,0],[6,47]],[[7,50],[8,84]]]},
"G80": {"type": "Matrix2x2", "payoffs": [[[0,3],[58,0]],[[43,8],[72,25]]]},
"G81": {"type": "Matrix2x2", "payoffs": [[[4,32],[24,9]],[[0,0],[51,51]]]},
"G82": {"type": "Matrix2x2", "payoffs": [[[0,0],[25,9]],[[20,14],[59,17]]]},
"G83": {"type": "Matrix2x2", "payoffs": [[[66,30],[57,0]],[[0,21],[73,37]]]},
"G84": {"type": "Matrix2x2", "payoffs": [[[6,26],[0,22]],[[1,23],[4,0]]]},
"G85": {"type": "Matrix2x2", "payoffs": [[[45,60],[0,12]],[[18,0],[55,61]]]},
"G86": {"type": "Matrix2x2", "payoffs": [[[5,0],[6,14]],[[11,98],[0,65]]]},
"G87": {"type": "Matrix2x2", "payoffs": [[[8,17],[9,43]],[[31,73],[0,0]]]},
"G88": {"type": "Matrix2x2", "payoffs": [[[14,57],[0,40]],[[7,0],[12,33]]]},
"G89": {"type": "Matrix2x2", "payoffs": [[[0,0],[90,43]],[[70,19],[71,13]]]},
"G90": {"type": "Matrix2x2", "payoffs": [[[15,0],[17,25]],[[0,23],[3,8]]]},
"G91": {"type": "Matrix2x2", "payoffs": [[[0,16],[24,0]],[[67,28],[65,15]]]},
"G92": {"type": "Matrix2x2", "payoffs": [[[58,0],[0,2]],[[15,3],[82,4]]]},
"G93": {"type": "Matrix2x2", "payoffs": [[[17,62],[0,0]],[[2,34],[1,33]]]},
"G94": {"type": "Matrix2x2", "payoffs": [[[0,4],[32,0]],[[78,63],[11,42]]]},
"G95": {"type": "Matrix2x2", "payoffs": [[[71,99],[67,0]],[[0,46],[35,74]]]},
"G96": {"type": "Matrix2x2", "payoffs": [[[3,54],[8,87]],[[0,48],[6,0]]]},
"G97": {"type": "Matrix2x2", "payoffs": [[[67,69],[0,0]],[[42,19],[39,43]]]},
"G98": {"type": "Matrix2x2", "payoffs": [[[58,100],[39,0]],[[54,25],[0,21]]]},
"G99": {"type": "Matrix2x2", "payoffs": [[[0,0],[4,43]],[[6,65],[1,22]]]},
"G100": {"type": "Matrix2x2", "payoffs": [[[0,0],[62,29]],[[33,30],[87,33]]]}
}