{
"numGames": 100,
"G1": {"type": "Matrix2x2", "payoffs": [[[4,15],[6,0]],[[0,39],[7,48]]]},
"G2": {"type": "Matrix2x2", "payoffs": [[[6,10],[8,80]],[[0,0],[2,38]]]},
"G3": {"type": "Matrix2x2", "payoffs": [[[43,0],[0,12]],[[99,54],[13,14]]]},
"G4": {"type": "Matrix2x2", "payoffs": [[[45,89],[40,60]],[[12,2],[0,0]]]},
"G5": {"type": "Matrix2x2", "payoffs": [[[19,64],[67,0]],[[0,8],[80,80]]]},
"G6": {"type": "Matrix2x2", "payoffs": [[[0,60],[54,66]],[[33,15],[41,0]]]},
"G7": {"type": "Matrix2x2", "payoffs": [[[6,39],[7,51]],[[0,0],[8,76]]]},
"G8": {"type": "Matrix2x2", "payoffs": [[[0,22],[69,7]],[[77,24],[28,0]]]},
"G9": {"type": "Matrix2x2", "payoffs": [[[0,1],[74,3]],[[29,2],[17,0]]]},
"G10": {"type": "Matrix2x2", "payoffs": [[[0,0],[93,38]],[[9,21],[10,19]]]},
"G11": {"type": "Matrix2x2", "payoffs": [[[4,0],[12,49]],[[3,3],[0,17]]]},
"G12": {"type": "Matrix2x2", "payoffs": [[[0,0],[10,16]],[[57,30],[4,27]]]},
"G13": {"type": "Matrix2x2", "payoffs": [[[0,0],[13,35]],[[54,68],[30,59]]]},
"G14": {"type": "Matrix2x2", "payoffs": [[[47,0],[0,4]],[[69,2],[70,8]]]},
"G15": {"type": "Matrix2x2", "payoffs": [[[8,6],[0,0]],[[25,53],[4,3]]]},
"G16": {"type": "Matrix2x2", "payoffs": [[[66,63],[23,17]],[[6,16],[0,0]]]},
"G17": {"type": "Matrix2x2", "payoffs": [[[26,36],[18,32]],[[0,25],[7,0]]]},
"G18": {"type": "Matrix2x2", "payoffs": [[[1,23],[80,51]],[[0,28],[79,0]]]},
"G19": {"type": "Matrix2x2", "payoffs": [[[12,0],[83,18]],[[0,14],[6,3]]]},
"G20": {"type": "Matrix2x2", "payoffs": [[[52,95],[0,0]],[[22,28],[36,89]]]},
"G21": {"type": "Matrix2x2", "payoffs": [[[50,85],[45,80]],[[0,31],[20,0]]]},
"G22": {"type": "Matrix2x2", "payoffs": [[[42,79],[15,15]],[[0,0],[11,12]]]},
"G23": {"type": "Matrix2x2", "payoffs": [[[17,7],[36,73]],[[0,0],[23,21]]]},
"G24": {"type": "Matrix2x2", "payoffs": [[[0,57],[59,85]],[[57,31],[33,0]]]},
"G25": {"type": "Matrix2x2", "payoffs": [[[0,0],[86,5]],[[7,24],[96,25]]]},
"G26": {"type": "Matrix2x2", "payoffs": [[[0,65],[48,66]],[[40,21],[42,0]]]},
"G27": {"type": "Matrix2x2", "payoffs": [[[0,15],[5,0]],[[6,84],[3,60]]]},
"G28": {"type": "Matrix2x2", "payoffs": [[[27,31],[0,0]],[[15,29],[8,24]]]},
"G29": {"type": "Matrix2x2", "payoffs": [[[0,0],[20,76]],[[9,54],[8,67]]]},
"G30": {"type": "Matrix2x2", "payoffs": [[[15,6],[61,17]],[[0,2],[36,0]]]},
"G31": {"type": "Matrix2x2", "payoffs": [[[93,49],[46,0]],[[95,88],[0,36]]]},
"G32": {"type": "Matrix2x2", "payoffs": [[[0,0],[4,7]],[[10,29],[7,23]]]},
"G33": {"type": "Matrix2x2", "payoffs": [[[6,8],[27,15]],[[0,5],[2,0]]]},
"G34": {"type": "Matrix2x2", "payoffs": [[[27,0],[21,20]],[[28,71],[0,24]]]},
"G35": {"type": "Matrix2x2", "payoffs": [[[0,0],[28,41]],[[67,85],[42,20]]]},
"G36": {"type": "Matrix2x2", "payoffs": [[[6,12],[60,26]],[[0,0],[59,10]]]},
"G37": {"type": "Matrix2x2", "payoffs": [[[39,0],[77,27]],[[0,16],[98,58]]]},
"G38": {"type": "Matrix2x2", "payoffs": [[[19,3],[8,26]],[[23,33],[0,0]]]},
"G39": {"type": "Matrix2x2", "payoffs": [[[0,63],[86,88]],[[3,0],[7,81]]]},
"G40": {"type": "Matrix2x2", "payoffs": [[[0,0],[27,22]],[[11,11],[26,20]]]},
"G41": {"type": "Matrix2x2", "payoffs": [[[29,1],[0,0]],[[48,16],[88,49]]]},
"G42": {"type": "Matrix2x2", "payoffs": [[[12,34],[11,16]],[[8,14],[0,0]]]},
"G43": {"type": "Matrix2x2", "payoffs": [[[0,38],[34,43]],[[21,0],[11,42]]]},
"G44": {"type": "Matrix2x2", "payoffs": [[[3,9],[0,1]],[[11,0],[16,23]]]},
"G45": {"type": "Matrix2x2", "payoffs": [[[90,76],[0,61]],[[68,0],[60,7]]]},
"G46": {"type": "Matrix2x2", "payoffs": [[[6,20],[70,26]],[[36,0],[0,24]]]},
"G47": {"type": "Matrix2x2", "payoffs": [[[93,31],[80,16]],[[0,0],[59,7]]]},
"G48": {"type": "Matrix2x2", "payoffs": [[[19,7],[31,57]],[[4,37],[0,0]]]},
"G49": {"type": "Matrix2x2", "payoffs": [[[6,23],[5,22]],[[0,0],[15,32]]]},
"G50": {"type": "Matrix2x2", "payoffs": [[[0,57],[18,96]],[[3,43],[12,0]]]},
"G51": {"type": "Matrix2x2", "payoffs": [[[29,26],[0,25]],[[81,0],[85,29]]]},
"G52": {"type": "Matrix2x2", "payoffs": [[[30,3],[73,7]],[[0,6],[27,0]]]},
"G53": {"type": "Matrix2x2", "payoffs": [[[0,28],[9,5]],[[44,56],[17,0]]]},
"G54": {"type": "Matrix2x2", "payoffs": [[[49,0],[11,29]],[[0,12],[78,68]]]},
"G55": {"type": "Matrix2x2", "payoffs": [[[79,58],[28,19]],[[30,0],[0,33]]]},
"G56": {"type": "Matrix2x2", "payoffs": [[[79,39],[89,55]],[[0,48],[20,0]]]},
"G57": {"type": "Matrix2x2", "payoffs": [[[78,38],[93,58]],[[48,31],[0,0]]]},
"G58": {"type": "Matrix2x2", "payoffs": [[[2,0],[7,12]],[[0,83],[15,92]]]},
"G59": {"type": "Matrix2x2", "payoffs": [[[53,92],[39,0]],[[0,31],[34,51]]]},
"G60": {"type": "Matrix2x2", "payoffs": [[[0,10],[24,6]],[[16,0],[62,15]]]},
"G61": {"type": "Matrix2x2", "payoffs": [[[63,7],[79,8]],[[0,0],[35,6]]]},
"G62": {"type": "Matrix2x2", "payoffs": [[[0,0],[16,1]],[[18,10],[25,14]]]},
"G63": {"type": "Matrix2x2", "payoffs": [[[25,70],[64,90]],[[0,61],[38,0]]]},
"G64": {"type": "Matrix2x2", "payoffs": [[[90,62],[0,58]],[[42,0],[37,11]]]},
"G65": {"type": "Matrix2x2", "payoffs": [[[0,75],[24,53]],[[75,88],[66,0]]]},
"G66": {"type": "Matrix2x2", "payoffs": [[[0,0],[66,9]],[[80,17],[39,1]]]},
"G67": {"type": "Matrix2x2", "payoffs": [[[0,10],[9,15]],[[41,16],[10,0]]]},
"G68": {"type": "Matrix2x2", "payoffs": [[[79,60],[14,0]],[[83,92],[0,72]]]},
"G69": {"type": "Matrix2x2", "payoffs": [[[0,63],[58,84]],[[14,0],[23,35]]]},
"G70": {"type": "Matrix2x2", "payoffs": [[[0,59],[31,98]],[[19,0],[28,72]]]},
"G71": {"type": "Matrix2x2", "payoffs": [[[48,54],[0,0]],[[51,61],[12,28]]]},
"G72": {"type": "Matrix2x2", "payoffs": [[[60,39],[22,5]],[[61,84],[0,0]]]},
"G73": {"type": "Matrix2x2", "payoffs": [[[0,8],[4,0]],[[24,9],[54,51]]]},
"G74": {"type": "Matrix2x2", "payoffs": [[[13,21],[0,0]],[[53,56],[72,75]]]},
"G75": {"type": "Matrix2x2", "payoffs": [[[38,17],[31,0]],[[53,47],[0,4]]]},
"G76": {"type": "Matrix2x2", "payoffs": [[[42,96],[18,20]],[[38,0],[0,43]]]},
"G77": {"type": "Matrix2x2", "payoffs": [[[0,31],[16,0]],[[65,94],[48,50]]]},
"G78": {"type": "Matrix2x2", "payoffs": [[[27,13],[30,54]],[[0,3],[18,0]]]},
"G79": {"type": "Matrix2x2", "payoffs": [[[2,29],[18,36]],[[0,0],[28,48]]]},
"G80": {"type": "Matrix2x2", "payoffs": [[[44,19],[51,27]],[[0,24],[41,0]]]},
"G81": {"type": "Matrix2x2", "payoffs": [[[4,4],[18,60]],[[0,0],[9,12]]]},
"G82": {"type": "Matrix2x2", "payoffs": [[[20,2],[1,5]],[[28,6],[0,0]]]},
"G83": {"type": "Matrix2x2", "payoffs": [[[41,0],[91,47]],[[39,16],[0,20]]]},
"G84": {"type": "Matrix2x2", "payoffs": [[[40,9],[0,4]],[[87,19],[15,0]]]},
"G85": {"type": "Matrix2x2", "payoffs": [[[10,6],[39,15]],[[0,0],[25,13]]]},
"G86": {"type": "Matrix2x2", "payoffs": [[[16,0],[24,52]],[[0,70],[29,75]]]},
"G87": {"type": "Matrix2x2", "payoffs": [[[16,32],[11,13]],[[0,0],[22,33]]]},
"G88": {"type": "Matrix2x2", "payoffs": [[[6,95],[0,0]],[[10,72],[11,99]]]},
"G89": {"type": "Matrix2x2", "payoffs": [[[12,0],[17,39]],[[0,23],[9,37]]]},
"G90": {"type": "Matrix2x2", "payoffs": [[[0,10],[2,0]],[[3,39],[16,49]]]},
"G91": {"type": "Matrix2x2", "payoffs": [[[59,74],[58,26]],[[19,21],[0,0]]]},
"G92": {"type": "Matrix2x2", "payoffs": [[[9,0],[10,45]],[[5,18],[0,31]]]},
"G93": {"type": "Matrix2x2", "payoffs": [[[3,40],[0,0]],[[2,32],[1,29]]]},
"G94": {"type": "Matrix2x2", "payoffs": [[[89,28],[56,0]],[[35,24],[0,20]]]},
"G95": {"type": "Matrix2x2", "payoffs": [[[0,2],[5,15]],[[2,1],[1,0]]]},
"G96": {"type": "Matrix2x2", "payoffs": [[[44,16],[16,11]],[[21,0],[0,15]]]},
"G97": {"type": "Matrix2x2", "payoffs": [[[32,47],[26,0]],[[18,23],[0,39]]]},
"G98": {"type": "Matrix2x2", "payoffs": [[[81,0],[89,56]],[[0,53],[32,12]]]},
"G99": {"type": "Matrix2x2", "payoffs": [[[30,3],[53,12]],[[47,0],[0,7]]]},
"G100": {"type": "Matrix2x2", "payoffs": [[[8,68],[11,0]],[[18,99],[0,44]]]}
}