{
"numGames": 100,
"G1": {"type": "Matrix2x2", "payoffs": [[[17,45],[0,0]],[[2,29],[5,6]]]},
"G2": {"type": "Matrix2x2", "payoffs": [[[85,31],[0,0]],[[40,15],[100,50]]]},
"G3": {"type": "Matrix2x2", "payoffs": [[[5,3],[0,0]],[[34,2],[35,5]]]},
"G4": {"type": "Matrix2x2", "payoffs": [[[31,0],[8,84]],[[44,89],[0,74]]]},
"G5": {"type": "Matrix2x2", "payoffs": [[[14,10],[26,14]],[[0,0],[5,3]]]},
"G6": {"type": "Matrix2x2", "payoffs": [[[74,94],[0,38]],[[51,0],[70,82]]]},
"G7": {"type": "Matrix2x2", "payoffs": [[[3,65],[1,18]],[[11,98],[0,0]]]},
"G8": {"type": "Matrix2x2", "payoffs": [[[47,0],[0,19]],[[11,59],[56,78]]]},
"G9": {"type": "Matrix2x2", "payoffs": [[[0,0],[99,60]],[[79,32],[1,36]]]},
"G10": {"type": "Matrix2x2", "payoffs": [[[0,0],[48,12]],[[8,8],[36,4]]]},
"G11": {"type": "Matrix2x2", "payoffs": [[[15,0],[0,17]],[[18,16],[37,45]]]},
"G12": {"type": "Matrix2x2", "payoffs": [[[12,0],[0,8]],[[14,24],[1,7]]]},
"G13": {"type": "Matrix2x2", "payoffs": [[[24,74],[5,0]],[[0,9],[6,27]]]},
"G14": {"type": "Matrix2x2", "payoffs": [[[0,28],[6,52]],[[78,58],[55,0]]]},
"G15": {"type": "Matrix2x2", "payoffs": [[[39,41],[52,58]],[[38,7],[0,0]]]},
"G16": {"type": "Matrix2x2", "payoffs": [[[0,6],[31,13]],[[17,4],[2,0]]]},
"G17": {"type": "Matrix2x2", "payoffs": [[[17,97],[0,30]],[[9,84],[4,0]]]},
"G18": {"type": "Matrix2x2", "payoffs": [[[19,76],[18,33]],[[17,42],[0,0]]]},
"G19": {"type": "Matrix2x2", "payoffs": [[[52,9],[0,6]],[[56,16],[36,0]]]},
"G20": {"type": "Matrix2x2", "payoffs": [[[10,0],[13,62]],[[0,52],[3,22]]]},
"G21": {"type": "Matrix2x2", "payoffs": [[[13,10],[2,1]],[[0,0],[14,11]]]},
"G22": {"type": "Matrix2x2", "payoffs": [[[0,20],[28,0]],[[11,30],[43,45]]]},
"G23": {"type": "Matrix2x2", "payoffs": [[[9,62],[3,11]],[[0,0],[11,90]]]},
"G24": {"type": "Matrix2x2", "payoffs": [[[42,0],[77,82]],[[0,43],[66,30]]]},
"G25": {"type": "Matrix2x2", "payoffs": [[[55,0],[0,4]],[[60,5],[48,1]]]},
"G26": {"type": "Matrix2x2", "payoffs": [[[35,38],[10,56]],[[51,88],[0,0]]]},
"G27": {"type": "Matrix2x2", "payoffs": [[[3,54],[0,32]],[[10,0],[11,62]]]},
"G28": {"type": "Matrix2x2", "payoffs": [[[0,15],[30,0]],[[44,74],[26,2]]]},
"G29": {"type": "Matrix2x2", "payoffs": [[[44,15],[0,3]],[[27,1],[5,0]]]},
"G30": {"type": "Matrix2x2", "payoffs": [[[35,19],[32,0]],[[38,60],[0,29]]]},
"G31": {"type": "Matrix2x2", "payoffs": [[[13,64],[82,91]],[[0,0],[63,15]]]},
"G32": {"type": "Matrix2x2", "payoffs": [[[81,16],[82,25]],[[0,8],[11,0]]]},
"G33": {"type": "Matrix2x2", "payoffs": [[[12,26],[21,33]],[[20,0],[0,6]]]},
"G34": {"type": "Matrix2x2", "payoffs": [[[23,0],[41,31]],[[0,72],[50,83]]]},
"G35": {"type": "Matrix2x2", "payoffs": [[[56,47],[34,0]],[[0,19],[44,41]]]},
"G36": {"type": "Matrix2x2", "payoffs": [[[33,0],[0,25]],[[52,13],[83,31]]]},
"G37": {"type": "Matrix2x2", "payoffs": [[[3,36],[1,23]],[[2,4],[0,0]]]},
"G38": {"type": "Matrix2x2", "payoffs": [[[14,86],[4,60]],[[0,72],[11,0]]]},
"G39": {"type": "Matrix2x2", "payoffs": [[[0,36],[15,40]],[[14,3],[13,0]]]},
"G40": {"type": "Matrix2x2", "payoffs": [[[0,62],[65,93]],[[23,0],[9,36]]]},
"G41": {"type": "Matrix2x2", "payoffs": [[[29,89],[0,20]],[[9,0],[14,83]]]},
"G42": {"type": "Matrix2x2", "payoffs": [[[41,0],[58,14]],[[0,4],[66,44]]]},
"G43": {"type": "Matrix2x2", "payoffs": [[[0,49],[50,82]],[[23,28],[1,0]]]},
"G44": {"type": "Matrix2x2", "payoffs": [[[46,19],[7,8]],[[42,0],[0,6]]]},
"G45": {"type": "Matrix2x2", "payoffs": [[[0,41],[68,0]],[[81,68],[8,18]]]},
"G46": {"type": "Matrix2x2", "payoffs": [[[0,0],[78,69]],[[10,29],[24,26]]]},
"G47": {"type": "Matrix2x2", "payoffs": [[[27,0],[74,38]],[[85,50],[0,26]]]},
"G48": {"type": "Matrix2x2", "payoffs": [[[10,15],[0,0]],[[42,22],[68,35]]]},
"G49": {"type": "Matrix2x2", "payoffs": [[[21,83],[0,5]],[[2,0],[11,52]]]},
"G50": {"type": "Matrix2x2", "payoffs": [[[0,0],[24,26]],[[63,17],[82,28]]]},
"G51": {"type": "Matrix2x2", "payoffs": [[[30,30],[53,47]],[[0,36],[16,0]]]},
"G52": {"type": "Matrix2x2", "payoffs": [[[16,39],[42,25]],[[0,0],[74,46]]]},
"G53": {"type": "Matrix2x2", "payoffs": [[[0,23],[18,0]],[[22,16],[30,32]]]},
"G54": {"type": "Matrix2x2", "payoffs": [[[0,59],[8,100]],[[7,0],[5,88]]]},
"G55": {"type": "Matrix2x2", "payoffs": [[[69,21],[50,0]],[[49,15],[0,11]]]},
"G56": {"type": "Matrix2x2", "payoffs": [[[0,0],[29,36]],[[3,30],[14,23]]]},
"G57": {"type": "Matrix2x2", "payoffs": [[[88,9],[69,0]],[[93,12],[0,1]]]},
"G58": {"type": "Matrix2x2", "payoffs": [[[33,66],[0,52]],[[36,72],[26,0]]]},
"G59": {"type": "Matrix2x2", "payoffs": [[[0,11],[4,16]],[[19,55],[6,0]]]},
"G60": {"type": "Matrix2x2", "payoffs": [[[0,0],[16,18]],[[11,12],[10,13]]]},
"G61": {"type": "Matrix2x2", "payoffs": [[[18,10],[37,27]],[[45,34],[0,0]]]},
"G62": {"type": "Matrix2x2", "payoffs": [[[0,3],[1,0]],[[5,79],[16,95]]]},
"G63": {"type": "Matrix2x2", "payoffs": [[[0,73],[89,89]],[[48,59],[32,0]]]},
"G64": {"type": "Matrix2x2", "payoffs": [[[52,7],[0,0]],[[97,42],[78,37]]]},
"G65": {"type": "Matrix2x2", "payoffs": [[[25,14],[37,32]],[[3,4],[0,0]]]},
"G66": {"type": "Matrix2x2", "payoffs": [[[0,7],[8,0]],[[53,17],[29,8]]]},
"G67": {"type": "Matrix2x2", "payoffs": [[[0,0],[58,100]],[[1,27],[45,49]]]},
"G68": {"type": "Matrix2x2", "payoffs": [[[51,93],[0,0]],[[10,26],[30,82]]]},
"G69": {"type": "Matrix2x2", "payoffs": [[[5,7],[71,42]],[[13,0],[0,35]]]},
"G70": {"type": "Matrix2x2", "payoffs": [[[34,13],[25,10]],[[37,22],[0,0]]]},
"G71": {"type": "Matrix2x2", "payoffs": [[[39,55],[0,38]],[[6,0],[4,49]]]},
"G72": {"type": "Matrix2x2", "payoffs": [[[89,68],[6,9]],[[14,19],[0,0]]]},
"G73": {"type": "Matrix2x2", "payoffs": [[[69,30],[20,0]],[[11,1],[0,8]]]},
"G74": {"type": "Matrix2x2", "payoffs": [[[10,11],[11,18]],[[3,5],[0,0]]]},
"G75": {"type": "Matrix2x2", "payoffs": [[[15,0],[42,25]],[[95,28],[0,23]]]},
"G76": {"type": "Matrix2x2", "payoffs": [[[31,88],[17,29]],[[0,0],[16,77]]]},
"G77": {"type": "Matrix2x2", "payoffs": [[[11,66],[0,0]],[[50,86],[21,13]]]},
"G78": {"type": "Matrix2x2", "payoffs": [[[0,27],[25,29]],[[13,0],[17,24]]]},
"G79": {"type": "Matrix2x2", "payoffs": [[[0,0],[4,6]],[[22,18],[48,57]]]},
"G80": {"type": "Matrix2x2", "payoffs": [[[0,5],[83,32]],[[23,30],[58,0]]]},
"G81": {"type": "Matrix2x2", "payoffs": [[[21,9],[73,77]],[[0,25],[19,0]]]},
"G82": {"type": "Matrix2x2", "payoffs": [[[96,49],[35,45]],[[0,0],[1,3]]]},
"G83": {"type": "Matrix2x2", "payoffs": [[[52,0],[0,9]],[[96,20],[39,17]]]},
"G84": {"type": "Matrix2x2", "payoffs": [[[0,14],[38,67]],[[15,63],[31,0]]]},
"G85": {"type": "Matrix2x2", "payoffs": [[[69,93],[0,91]],[[14,0],[2,78]]]},
"G86": {"type": "Matrix2x2", "payoffs": [[[95,22],[1,3]],[[0,0],[58,21]]]},
"G87": {"type": "Matrix2x2", "payoffs": [[[46,58],[47,69]],[[1,54],[0,0]]]},
"G88": {"type": "Matrix2x2", "payoffs": [[[0,13],[27,0]],[[45,39],[4,36]]]},
"G89": {"type": "Matrix2x2", "payoffs": [[[0,10],[62,0]],[[70,22],[96,29]]]},
"G90": {"type": "Matrix2x2", "payoffs": [[[5,20],[75,26]],[[0,14],[34,0]]]},
"G91": {"type": "Matrix2x2", "payoffs": [[[0,30],[23,0]],[[26,56],[2,1]]]},
"G92": {"type": "Matrix2x2", "payoffs": [[[71,0],[0,31]],[[2,36],[97,38]]]},
"G93": {"type": "Matrix2x2", "payoffs": [[[0,55],[19,0]],[[93,95],[2,86]]]},
"G94": {"type": "Matrix2x2", "payoffs": [[[0,9],[58,0]],[[57,6],[59,35]]]},
"G95": {"type": "Matrix2x2", "payoffs": [[[45,59],[24,16]],[[0,0],[12,32]]]},
"G96": {"type": "Matrix2x2", "payoffs": [[[0,32],[54,34]],[[51,0],[17,1]]]},
"G97": {"type": "Matrix2x2", "payoffs": [[[40,60],[67,74]],[[23,0],[0,44]]]},
"G98": {"type": "Matrix2x2", "payoffs": [[[18,33],[0,30]],[[5,0],[32,35]]]},
"G99": {"type": "Matrix2x2", "payoffs": [[[68,55],[54,25]],[[0,0],[33,45]]]},
"G100": {"type": "Matrix2x2", "payoffs": [[[15,6],[20,8]],[[2,2],[0,0]]]}
}