{
"numGames": 100,
"G1": {"type": "Matrix2x2", "payoffs": [[[47,24],[17,7]],[[37,6],[0,0]]]},
"G2": {"type": "Matrix2x2", "payoffs": [[[25,17],[91,42]],[[75,0],[0,37]]]},
"G3": {"type": "Matrix2x2", "payoffs": [[[59,33],[0,0]],[[29,14],[17,7]]]},
"G4": {"type": "Matrix2x2", "payoffs": [[[81,9],[88,7]],[[0,0],[93,24]]]},
"G5": {"type": "Matrix2x2", "payoffs": [[[27,13],[97,33]],[[0,29],[55,0]]]},
"G6": {"type": "Matrix2x2", "payoffs": [[[0,0],[3,89]],[[55,97],[27,32]]]},
"G7": {"type": "Matrix2x2", "payoffs": [[[4,0],[0,3]],[[11,4],[8,1]]]},
"G8": {"type": "Matrix2x2", "payoffs": [[[3,76],[1,0]],[[4,98],[0,90]]]},
"G9": {"type": "Matrix2x2", "payoffs": [[[0,11],[79,39]],[[68,32],[4,0]]]},
"G10": {"type": "Matrix2x2", "payoffs": [[[54,9],[50,8]],[[0,0],[78,10]]]},
"G11": {"type": "Matrix2x2", "payoffs": [[[13,5],[12,4]],[[9,0],[0,2]]]},
"G12": {"type": "Matrix2x2", "payoffs": [[[24,47],[40,55]],[[0,0],[37,23]]]},
"G13": {"type": "Matrix2x2", "payoffs": [[[31,44],[10,33]],[[29,0],[0,35]]]},
"G14": {"type": "Matrix2x2", "payoffs": [[[24,75],[28,0]],[[74,78],[0,52]]]},
"G15": {"type": "Matrix2x2", "payoffs": [[[5,32],[0,27]],[[20,0],[69,40]]]},
"G16": {"type": "Matrix2x2", "payoffs": [[[51,13],[0,50]],[[62,0],[77,62]]]},
"G17": {"type": "Matrix2x2", "payoffs": [[[90,37],[66,9]],[[0,0],[16,29]]]},
"G18": {"type": "Matrix2x2", "payoffs": [[[12,48],[4,28]],[[11,0],[0,9]]]},
"G19": {"type": "Matrix2x2", "payoffs": [[[21,0],[0,27]],[[23,91],[19,4]]]},
"G20": {"type": "Matrix2x2", "payoffs": [[[9,33],[13,36]],[[0,0],[11,15]]]},
"G21": {"type": "Matrix2x2", "payoffs": [[[16,0],[25,7]],[[77,89],[0,79]]]},
"G22": {"type": "Matrix2x2", "payoffs": [[[4,26],[0,0]],[[23,36],[11,2]]]},
"G23": {"type": "Matrix2x2", "payoffs": [[[5,0],[14,94]],[[0,35],[40,99]]]},
"G24": {"type": "Matrix2x2", "payoffs": [[[0,0],[63,27]],[[82,30],[4,9]]]},
"G25": {"type": "Matrix2x2", "payoffs": [[[53,87],[0,0]],[[47,79],[50,13]]]},
"G26": {"type": "Matrix2x2", "payoffs": [[[0,0],[19,28]],[[64,34],[56,17]]]},
"G27": {"type": "Matrix2x2", "payoffs": [[[47,78],[22,49]],[[88,98],[0,0]]]},
"G28": {"type": "Matrix2x2", "payoffs": [[[57,100],[45,0]],[[31,60],[0,55]]]},
"G29": {"type": "Matrix2x2", "payoffs": [[[51,42],[7,47]],[[60,61],[0,0]]]},
"G30": {"type": "Matrix2x2", "payoffs": [[[0,19],[72,40]],[[73,85],[4,0]]]},
"G31": {"type": "Matrix2x2", "payoffs": [[[25,6],[56,10]],[[61,21],[0,0]]]},
"G32": {"type": "Matrix2x2", "payoffs": [[[0,79],[38,67]],[[52,0],[54,83]]]},
"G33": {"type": "Matrix2x2", "payoffs": [[[14,3],[1,0]],[[0,10],[22,16]]]},
"G34": {"type": "Matrix2x2", "payoffs": [[[4,3],[8,21]],[[0,0],[5,13]]]},
"G35": {"type": "Matrix2x2", "payoffs": [[[66,0],[72,16]],[[96,94],[0,55]]]},
"G36": {"type": "Matrix2x2", "payoffs": [[[90,73],[0,69]],[[74,0],[32,63]]]},
"G37": {"type": "Matrix2x2", "payoffs": [[[15,48],[35,68]],[[30,4],[0,0]]]},
"G38": {"type": "Matrix2x2", "payoffs": [[[13,0],[14,84]],[[3,46],[0,39]]]},
"G39": {"type": "Matrix2x2", "payoffs": [[[29,51],[18,0]],[[0,19],[45,55]]]},
"G40": {"type": "Matrix2x2", "payoffs": [[[0,0],[8,35]],[[29,47],[5,23]]]},
"G41": {"type": "Matrix2x2", "payoffs": [[[28,14],[0,4]],[[38,0],[75,15]]]},
"G42": {"type": "Matrix2x2", "payoffs": [[[77,0],[78,65]],[[37,13],[0,52]]]},
"G43": {"type": "Matrix2x2", "payoffs": [[[71,66],[15,8]],[[0,50],[44,0]]]},
"G44": {"type": "Matrix2x2", "payoffs": [[[0,1],[36,29]],[[62,33],[22,0]]]},
"G45": {"type": "Matrix2x2", "payoffs": [[[15,43],[13,41]],[[20,60],[0,0]]]},
"G46": {"type": "Matrix2x2", "payoffs": [[[26,51],[0,0]],[[36,52],[11,42]]]},
"G47": {"type": "Matrix2x2", "payoffs": [[[20,74],[15,0]],[[0,46],[9,3]]]},
"G48": {"type": "Matrix2x2", "payoffs": [[[47,82],[13,30]],[[24,21],[0,0]]]},
"G49": {"type": "Matrix2x2", "payoffs": [[[59,44],[10,0]],[[0,35],[25,40]]]},
"G50": {"type": "Matrix2x2", "payoffs": [[[0,41],[83,43]],[[73,14],[60,0]]]},
"G51": {"type": "Matrix2x2", "payoffs": [[[43,43],[39,7]],[[0,0],[41,35]]]},
"G52": {"type": "Matrix2x2", "payoffs": [[[14,61],[8,0]],[[0,42],[3,34]]]},
"G53": {"type": "Matrix2x2", "payoffs": [[[37,40],[55,49]],[[0,0],[1,17]]]},
"G54": {"type": "Matrix2x2", "payoffs": [[[76,0],[97,27]],[[64,4],[0,6]]]},
"G55": {"type": "Matrix2x2", "payoffs": [[[31,96],[7,18]],[[30,0],[0,7]]]},
"G56": {"type": "Matrix2x2", "payoffs": [[[49,14],[13,5]],[[22,0],[0,11]]]},
"G57": {"type": "Matrix2x2", "payoffs": [[[11,34],[0,33]],[[1,1],[6,0]]]},
"G58": {"type": "Matrix2x2", "payoffs": [[[67,74],[4,4]],[[32,0],[0,51]]]},
"G59": {"type": "Matrix2x2", "payoffs": [[[12,0],[28,14]],[[5,5],[0,4]]]},
"G60": {"type": "Matrix2x2", "payoffs": [[[0,26],[98,74]],[[87,27],[33,0]]]},
"G61": {"type": "Matrix2x2", "payoffs": [[[93,13],[38,0]],[[0,12],[60,4]]]},
"G62": {"type": "Matrix2x2", "payoffs": [[[47,12],[54,68]],[[10,0],[0,53]]]},
"G63": {"type": "Matrix2x2", "payoffs": [[[38,91],[17,0]],[[18,20],[0,79]]]},
"G64": {"type": "Matrix2x2", "payoffs": [[[0,0],[4,21]],[[12,68],[5,45]]]},
"G65": {"type": "Matrix2x2", "payoffs": [[[13,18],[0,0]],[[48,31],[60,32]]]},
"G66": {"type": "Matrix2x2", "payoffs": [[[94,53],[10,18]],[[0,14],[32,0]]]},
"G67": {"type": "Matrix2x2", "payoffs": [[[6,0],[18,38]],[[0,20],[17,33]]]},
"G68": {"type": "Matrix2x2", "payoffs": [[[0,2],[39,0]],[[85,20],[33,1]]]},
"G69": {"type": "Matrix2x2", "payoffs": [[[0,3],[29,29]],[[9,1],[28,0]]]},
"G70": {"type": "Matrix2x2", "payoffs": [[[0,1],[35,0]],[[37,84],[41,97]]]},
"G71": {"type": "Matrix2x2", "payoffs": [[[21,61],[0,0]],[[63,17],[86,90]]]},
"G72": {"type": "Matrix2x2", "payoffs": [[[46,0],[71,37]],[[24,32],[0,34]]]},
"G73": {"type": "Matrix2x2", "payoffs": [[[0,1],[9,62]],[[3,25],[8,0]]]},
"G74": {"type": "Matrix2x2", "payoffs": [[[85,8],[3,5]],[[26,0],[0,7]]]},
"G75": {"type": "Matrix2x2", "payoffs": [[[0,2],[8,0]],[[17,18],[25,66]]]},
"G76": {"type": "Matrix2x2", "payoffs": [[[0,49],[30,72]],[[15,0],[4,40]]]},
"G77": {"type": "Matrix2x2", "payoffs": [[[65,17],[29,0]],[[77,27],[0,8]]]},
"G78": {"type": "Matrix2x2", "payoffs": [[[16,76],[0,51]],[[6,0],[3,41]]]},
"G79": {"type": "Matrix2x2", "payoffs": [[[7,40],[13,63]],[[5,0],[0,27]]]},
"G80": {"type": "Matrix2x2", "payoffs": [[[63,1],[0,0]],[[8,2],[86,4]]]},
"G81": {"type": "Matrix2x2", "payoffs": [[[8,23],[23,55]],[[0,0],[4,42]]]},
"G82": {"type": "Matrix2x2", "payoffs": [[[11,28],[28,19]],[[0,0],[30,32]]]},
"G83": {"type": "Matrix2x2", "payoffs": [[[3,16],[5,9]],[[0,0],[15,46]]]},
"G84": {"type": "Matrix2x2", "payoffs": [[[0,0],[57,74]],[[41,54],[51,23]]]},
"G85": {"type": "Matrix2x2", "payoffs": [[[29,3],[100,4]],[[0,1],[54,0]]]},
"G86": {"type": "Matrix2x2", "payoffs": [[[3,7],[0,17]],[[26,36],[10,0]]]},
"G87": {"type": "Matrix2x2", "payoffs": [[[15,0],[2,17]],[[27,97],[0,70]]]},
"G88": {"type": "Matrix2x2", "payoffs": [[[13,0],[0,37]],[[7,63],[58,64]]]},
"G89": {"type": "Matrix2x2", "payoffs": [[[34,0],[70,20]],[[0,16],[82,25]]]},
"G90": {"type": "Matrix2x2", "payoffs": [[[16,0],[0,7]],[[24,20],[12,10]]]},
"G91": {"type": "Matrix2x2", "payoffs": [[[13,51],[77,67]],[[2,0],[0,65]]]},
"G92": {"type": "Matrix2x2", "payoffs": [[[82,33],[45,0]],[[6,25],[0,17]]]},
"G93": {"type": "Matrix2x2", "payoffs": [[[2,31],[52,0]],[[74,81],[0,57]]]},
"G94": {"type": "Matrix2x2", "payoffs": [[[60,34],[0,0]],[[26,18],[32,6]]]},
"G95": {"type": "Matrix2x2", "payoffs": [[[0,60],[32,0]],[[20,92],[75,96]]]},
"G96": {"type": "Matrix2x2", "payoffs": [[[10,35],[0,0]],[[27,91],[32,93]]]},
"G97": {"type": "Matrix2x2", "payoffs": [[[95,63],[84,0]],[[0,26],[45,34]]]},
"G98": {"type": "Matrix2x2", "payoffs": [[[3,0],[13,77]],[[6,20],[0,16]]]},
"G99": {"type": "Matrix2x2", "payoffs": [[[0,74],[26,29]],[[61,88],[58,0]]]},
"G100": {"type": "Matrix2x2", "payoffs": [[[61,24],[0,18]],[[79,0],[85,34]]]}
}