{
"numGames": 100,
"G1": {"type": "Matrix2x2", "payoffs": [[[0,19],[49,0]],[[65,2],[80,31]]]},
"G2": {"type": "Matrix2x2", "payoffs": [[[21,0],[8,3]],[[27,12],[0,6]]]},
"G3": {"type": "Matrix2x2", "payoffs": [[[14,7],[0,0]],[[40,6],[47,13]]]},
"G4": {"type": "Matrix2x2", "payoffs": [[[9,27],[75,28]],[[0,3],[46,0]]]},
"G5": {"type": "Matrix2x2", "payoffs": [[[12,26],[0,0]],[[1,53],[37,74]]]},
"G6": {"type": "Matrix2x2", "payoffs": [[[0,21],[58,0]],[[74,28],[82,49]]]},
"G7": {"type": "Matrix2x2", "payoffs": [[[0,91],[95,100]],[[19,0],[35,90]]]},
"G8": {"type": "Matrix2x2", "payoffs": [[[40,22],[48,8]],[[52,48],[0,0]]]},
"G9": {"type": "Matrix2x2", "payoffs": [[[44,11],[69,56]],[[0,4],[34,0]]]},
"G10": {"type": "Matrix2x2", "payoffs": [[[18,9],[40,13]],[[0,0],[14,2]]]},
"G11": {"type": "Matrix2x2", "payoffs": [[[19,0],[0,11]],[[83,35],[86,85]]]},
"G12": {"type": "Matrix2x2", "payoffs": [[[9,0],[0,10]],[[21,5],[47,17]]]},
"G13": {"type": "Matrix2x2", "payoffs": [[[7,1],[1,2]],[[0,0],[15,16]]]},
"G14": {"type": "Matrix2x2", "payoffs": [[[50,18],[66,14]],[[0,0],[74,20]]]},
"G15": {"type": "Matrix2x2", "payoffs": [[[100,90],[35,72]],[[98,0],[0,13]]]},
"G16": {"type": "Matrix2x2", "payoffs": [[[5,0],[67,100]],[[0,96],[66,28]]]},
"G17": {"type": "Matrix2x2", "payoffs": [[[74,13],[0,0]],[[96,62],[6,44]]]},
"G18": {"type": "Matrix2x2", "payoffs": [[[8,5],[3,1]],[[0,2],[4,0]]]},
"G19": {"type": "Matrix2x2", "payoffs": [[[0,39],[24,0]],[[77,41],[15,31]]]},
"G20": {"type": "Matrix2x2", "payoffs": [[[0,6],[15,25]],[[7,0],[3,14]]]},
"G21": {"type": "Matrix2x2", "payoffs": [[[19,0],[96,3]],[[0,1],[90,2]]]},
"G22": {"type": "Matrix2x2", "payoffs": [[[0,41],[5,0]],[[13,68],[3,14]]]},
"G23": {"type": "Matrix2x2", "payoffs": [[[26,93],[41,16]],[[0,0],[60,98]]]},
"G24": {"type": "Matrix2x2", "payoffs": [[[81,0],[0,21]],[[97,23],[88,13]]]},
"G25": {"type": "Matrix2x2", "payoffs": [[[76,4],[0,1]],[[36,0],[46,2]]]},
"G26": {"type": "Matrix2x2", "payoffs": [[[0,0],[12,5]],[[23,10],[51,33]]]},
"G27": {"type": "Matrix2x2", "payoffs": [[[67,13],[60,0]],[[2,12],[0,7]]]},
"G28": {"type": "Matrix2x2", "payoffs": [[[37,0],[33,50]],[[0,41],[52,52]]]},
"G29": {"type": "Matrix2x2", "payoffs": [[[9,7],[0,0]],[[4,64],[11,95]]]},
"G30": {"type": "Matrix2x2", "payoffs": [[[3,20],[13,35]],[[0,24],[10,0]]]},
"G31": {"type": "Matrix2x2", "payoffs": [[[54,15],[86,0]],[[0,22],[93,24]]]},
"G32": {"type": "Matrix2x2", "payoffs": [[[28,0],[0,29]],[[33,32],[72,68]]]},
"G33": {"type": "Matrix2x2", "payoffs": [[[0,0],[9,13]],[[5,6],[6,5]]]},
"G34": {"type": "Matrix2x2", "payoffs": [[[1,3],[0,2]],[[29,0],[34,13]]]},
"G35": {"type": "Matrix2x2", "payoffs": [[[11,0],[25,30]],[[30,54],[0,15]]]},
"G36": {"type": "Matrix2x2", "payoffs": [[[18,0],[66,43]],[[1,35],[0,27]]]},
"G37": {"type": "Matrix2x2", "payoffs": [[[0,50],[21,0]],[[2,34],[47,66]]]},
"G38": {"type": "Matrix2x2", "payoffs": [[[31,0],[100,3]],[[59,2],[0,1]]]},
"G39": {"type": "Matrix2x2", "payoffs": [[[85,15],[0,13]],[[23,1],[30,0]]]},
"G40": {"type": "Matrix2x2", "payoffs": [[[14,1],[0,0]],[[43,98],[6,93]]]},
"G41": {"type": "Matrix2x2", "payoffs": [[[41,23],[48,62]],[[0,0],[69,79]]]},
"G42": {"type": "Matrix2x2", "payoffs": [[[7,24],[6,0]],[[0,26],[12,30]]]},
"G43": {"type": "Matrix2x2", "payoffs": [[[0,0],[49,89]],[[48,65],[19,80]]]},
"G44": {"type": "Matrix2x2", "payoffs": [[[10,40],[0,22]],[[4,26],[6,0]]]},
"G45": {"type": "Matrix2x2", "payoffs": [[[41,35],[30,1]],[[0,11],[10,0]]]},
"G46": {"type": "Matrix2x2", "payoffs": [[[48,6],[71,38]],[[0,33],[3,0]]]},
"G47": {"type": "Matrix2x2", "payoffs": [[[66,37],[45,19]],[[43,0],[0,26]]]},
"G48": {"type": "Matrix2x2", "payoffs": [[[5,0],[8,22]],[[0,30],[12,48]]]},
"G49": {"type": "Matrix2x2", "payoffs": [[[32,75],[61,88]],[[13,0],[0,5]]]},
"G50": {"type": "Matrix2x2", "payoffs": [[[50,20],[0,3]],[[65,37],[40,0]]]},
"G51": {"type": "Matrix2x2", "payoffs": [[[64,43],[74,73]],[[0,0],[34,14]]]},
"G52": {"type": "Matrix2x2", "payoffs": [[[0,0],[16,66]],[[43,70],[33,69]]]},
"G53": {"type": "Matrix2x2", "payoffs": [[[29,0],[71,79]],[[0,62],[46,73]]]},
"G54": {"type": "Matrix2x2", "payoffs": [[[0,5],[32,0]],[[61,7],[47,3]]]},
"G55": {"type": "Matrix2x2", "payoffs": [[[1,95],[12,100]],[[0,0],[4,56]]]},
"G56": {"type": "Matrix2x2", "payoffs": [[[42,98],[31,0]],[[0,2],[2,97]]]},
"G57": {"type": "Matrix2x2", "payoffs": [[[45,23],[93,65]],[[32,0],[0,11]]]},
"G58": {"type": "Matrix2x2", "payoffs": [[[0,0],[23,2]],[[41,73],[8,43]]]},
"G59": {"type": "Matrix2x2", "payoffs": [[[71,58],[0,16]],[[35,50],[13,0]]]},
"G60": {"type": "Matrix2x2", "payoffs": [[[60,85],[29,8]],[[0,0],[16,67]]]},
"G61": {"type": "Matrix2x2", "payoffs": [[[3,0],[54,8]],[[12,1],[0,3]]]},
"G62": {"type": "Matrix2x2", "payoffs": [[[24,1],[73,14]],[[0,0],[81,23]]]},
"G63": {"type": "Matrix2x2", "payoffs": [[[46,13],[0,8]],[[2,4],[37,0]]]},
"G64": {"type": "Matrix2x2", "payoffs": [[[0,0],[12,40]],[[82,99],[92,100]]]},
"G65": {"type": "Matrix2x2", "payoffs": [[[37,72],[5,37]],[[57,92],[0,0]]]},
"G66": {"type": "Matrix2x2", "payoffs": [[[100,87],[0,2]],[[5,37],[89,0]]]},
"G67": {"type": "Matrix2x2", "payoffs": [[[16,0],[0,32]],[[57,60],[68,86]]]},
"G68": {"type": "Matrix2x2", "payoffs": [[[6,1],[37,0]],[[0,3],[73,4]]]},
"G69": {"type": "Matrix2x2", "payoffs": [[[1,0],[0,9]],[[56,6],[74,21]]]},
"G70": {"type": "Matrix2x2", "payoffs": [[[0,0],[18,64]],[[47,96],[38,12]]]},
"G71": {"type": "Matrix2x2", "payoffs": [[[13,40],[0,36]],[[1,0],[10,18]]]},
"G72": {"type": "Matrix2x2", "payoffs": [[[91,31],[41,7]],[[65,0],[0,19]]]},
"G73": {"type": "Matrix2x2", "payoffs": [[[4,24],[1,1]],[[0,17],[2,0]]]},
"G74": {"type": "Matrix2x2", "payoffs": [[[0,4],[46,0]],[[2,18],[100,20]]]},
"G75": {"type": "Matrix2x2", "payoffs": [[[7,42],[2,29]],[[0,0],[6,14]]]},
"G76": {"type": "Matrix2x2", "payoffs": [[[27,47],[0,0]],[[49,37],[62,74]]]},
"G77": {"type": "Matrix2x2", "payoffs": [[[62,34],[0,16]],[[5,0],[32,26]]]},
"G78": {"type": "Matrix2x2", "payoffs": [[[56,0],[83,85]],[[0,15],[15,23]]]},
"G79": {"type": "Matrix2x2", "payoffs": [[[2,0],[0,2]],[[14,7],[5,5]]]},
"G80": {"type": "Matrix2x2", "payoffs": [[[0,54],[77,0]],[[47,79],[80,93]]]},
"G81": {"type": "Matrix2x2", "payoffs": [[[34,43],[11,0]],[[0,31],[29,13]]]},
"G82": {"type": "Matrix2x2", "payoffs": [[[0,69],[48,0]],[[73,6],[91,86]]]},
"G83": {"type": "Matrix2x2", "payoffs": [[[59,0],[0,7]],[[85,8],[87,14]]]},
"G84": {"type": "Matrix2x2", "payoffs": [[[34,42],[0,15]],[[39,0],[94,64]]]},
"G85": {"type": "Matrix2x2", "payoffs": [[[0,0],[65,29]],[[22,20],[59,23]]]},
"G86": {"type": "Matrix2x2", "payoffs": [[[25,0],[64,48]],[[28,36],[0,10]]]},
"G87": {"type": "Matrix2x2", "payoffs": [[[57,0],[0,57]],[[2,75],[73,98]]]},
"G88": {"type": "Matrix2x2", "payoffs": [[[10,5],[35,8]],[[0,3],[28,0]]]},
"G89": {"type": "Matrix2x2", "payoffs": [[[0,26],[56,75]],[[38,0],[20,65]]]},
"G90": {"type": "Matrix2x2", "payoffs": [[[11,0],[0,15]],[[16,85],[20,90]]]},
"G91": {"type": "Matrix2x2", "payoffs": [[[0,39],[7,38]],[[75,66],[71,0]]]},
"G92": {"type": "Matrix2x2", "payoffs": [[[38,32],[30,22]],[[36,31],[0,0]]]},
"G93": {"type": "Matrix2x2", "payoffs": [[[0,4],[14,40]],[[3,0],[11,37]]]},
"G94": {"type": "Matrix2x2", "payoffs": [[[8,59],[15,0]],[[0,15],[24,99]]]},
"G95": {"type": "Matrix2x2", "payoffs": [[[13,71],[0,0]],[[5,17],[6,30]]]},
"G96": {"type": "Matrix2x2", "payoffs": [[[98,81],[87,73]],[[0,0],[1,76]]]},
"G97": {"type": "Matrix2x2", "payoffs": [[[0,3],[33,7]],[[44,0],[100,93]]]},
"G98": {"type": "Matrix2x2", "payoffs": [[[1,0],[31,25]],[[51,31],[0,14]]]},
"G99": {"type": "Matrix2x2", "payoffs": [[[33,22],[8,0]],[[43,76],[0,40]]]},
"G100": {"type": "Matrix2x2", "payoffs": [[[62,79],[0,44]],[[4,0],[27,25]]]}
}