{
"numGames": 100,
"G1": {"type": "Matrix2x2", "payoffs": [[[67,99],[0,0]],[[37,47],[59,40]]]},
"G2": {"type": "Matrix2x2", "payoffs": [[[79,19],[48,4]],[[5,0],[0,3]]]},
"G3": {"type": "Matrix2x2", "payoffs": [[[0,6],[73,0]],[[74,19],[18,8]]]},
"G4": {"type": "Matrix2x2", "payoffs": [[[57,0],[0,52]],[[61,57],[27,36]]]},
"G5": {"type": "Matrix2x2", "payoffs": [[[14,53],[0,0]],[[52,5],[84,69]]]},
"G6": {"type": "Matrix2x2", "payoffs": [[[0,0],[12,38]],[[89,56],[85,51]]]},
"G7": {"type": "Matrix2x2", "payoffs": [[[44,0],[0,30]],[[34,60],[46,72]]]},
"G8": {"type": "Matrix2x2", "payoffs": [[[0,4],[20,33]],[[17,0],[8,1]]]},
"G9": {"type": "Matrix2x2", "payoffs": [[[18,0],[0,6]],[[14,12],[45,89]]]},
"G10": {"type": "Matrix2x2", "payoffs": [[[0,1],[86,46]],[[21,14],[47,0]]]},
"G11": {"type": "Matrix2x2", "payoffs": [[[19,53],[59,73]],[[0,2],[55,0]]]},
"G12": {"type": "Matrix2x2", "payoffs": [[[0,7],[27,10]],[[28,39],[16,0]]]},
"G13": {"type": "Matrix2x2", "payoffs": [[[5,0],[67,70]],[[0,62],[49,52]]]},
"G14": {"type": "Matrix2x2", "payoffs": [[[0,14],[11,0]],[[91,31],[23,15]]]},
"G15": {"type": "Matrix2x2", "payoffs": [[[61,99],[21,0]],[[47,66],[0,53]]]},
"G16": {"type": "Matrix2x2", "payoffs": [[[1,0],[8,43]],[[5,29],[0,21]]]},
"G17": {"type": "Matrix2x2", "payoffs": [[[17,51],[48,0]],[[73,82],[0,16]]]},
"G18": {"type": "Matrix2x2", "payoffs": [[[5,27],[8,60]],[[0,0],[6,2]]]},
"G19": {"type": "Matrix2x2", "payoffs": [[[9,0],[0,54]],[[26,55],[6,17]]]},
"G20": {"type": "Matrix2x2", "payoffs": [[[24,0],[0,6]],[[78,11],[52,7]]]},
"G21": {"type": "Matrix2x2", "payoffs": [[[0,56],[15,92]],[[1,35],[10,0]]]},
"G22": {"type": "Matrix2x2", "payoffs": [[[65,25],[28,0]],[[0,20],[38,19]]]},
"G23": {"type": "Matrix2x2", "payoffs": [[[18,0],[9,1]],[[0,2],[50,5]]]},
"G24": {"type": "Matrix2x2", "payoffs": [[[69,36],[43,21]],[[28,0],[0,31]]]},
"G25": {"type": "Matrix2x2", "payoffs": [[[5,20],[16,43]],[[0,41],[7,0]]]},
"G26": {"type": "Matrix2x2", "payoffs": [[[0,0],[76,65]],[[45,29],[56,42]]]},
"G27": {"type": "Matrix2x2", "payoffs": [[[83,68],[33,10]],[[0,0],[65,51]]]},
"G28": {"type": "Matrix2x2", "payoffs": [[[16,11],[0,66]],[[15,0],[24,78]]]},
"G29": {"type": "Matrix2x2", "payoffs": [[[0,4],[55,11]],[[95,13],[79,0]]]},
"G30": {"type": "Matrix2x2", "payoffs": [[[0,36],[32,0]],[[57,80],[25,60]]]},
"G31": {"type": "Matrix2x2", "payoffs": [[[73,53],[23,46]],[[56,52],[0,0]]]},
"G32": {"type": "Matrix2x2", "payoffs": [[[4,46],[0,0]],[[88,64],[14,38]]]},
"G33": {"type": "Matrix2x2", "payoffs": [[[31,17],[7,0]],[[28,13],[0,2]]]},
"G34": {"type": "Matrix2x2", "payoffs": [[[24,18],[20,0]],[[5,11],[0,1]]]},
"G35": {"type": "Matrix2x2", "payoffs": [[[8,36],[4,0]],[[0,38],[9,44]]]},
"G36": {"type": "Matrix2x2", "payoffs": [[[78,97],[0,0]],[[76,54],[37,65]]]},
"G37": {"type": "Matrix2x2", "payoffs": [[[0,21],[4,0]],[[15,63],[8,29]]]},
"G38": {"type": "Matrix2x2", "payoffs": [[[0,6],[47,0]],[[56,8],[4,3]]]},
"G39": {"type": "Matrix2x2", "payoffs": [[[56,62],[45,57]],[[46,0],[0,43]]]},
"G40": {"type": "Matrix2x2", "payoffs": [[[90,37],[12,3]],[[65,24],[0,0]]]},
"G41": {"type": "Matrix2x2", "payoffs": [[[90,0],[94,78]],[[0,25],[51,73]]]},
"G42": {"type": "Matrix2x2", "payoffs": [[[52,45],[10,0]],[[13,10],[0,6]]]},
"G43": {"type": "Matrix2x2", "payoffs": [[[52,62],[90,73]],[[41,0],[0,67]]]},
"G44": {"type": "Matrix2x2", "payoffs": [[[5,46],[14,99]],[[0,14],[11,0]]]},
"G45": {"type": "Matrix2x2", "payoffs": [[[0,48],[44,71]],[[38,0],[13,42]]]},
"G46": {"type": "Matrix2x2", "payoffs": [[[0,34],[26,72]],[[11,0],[5,30]]]},
"G47": {"type": "Matrix2x2", "payoffs": [[[0,6],[7,0]],[[49,7],[47,1]]]},
"G48": {"type": "Matrix2x2", "payoffs": [[[57,76],[0,41]],[[10,11],[14,0]]]},
"G49": {"type": "Matrix2x2", "payoffs": [[[11,91],[0,73]],[[22,0],[27,99]]]},
"G50": {"type": "Matrix2x2", "payoffs": [[[85,35],[26,33]],[[53,34],[0,0]]]},
"G51": {"type": "Matrix2x2", "payoffs": [[[72,17],[50,0]],[[42,3],[0,16]]]},
"G52": {"type": "Matrix2x2", "payoffs": [[[41,20],[90,23]],[[0,0],[11,8]]]},
"G53": {"type": "Matrix2x2", "payoffs": [[[13,0],[14,21]],[[0,7],[36,29]]]},
"G54": {"type": "Matrix2x2", "payoffs": [[[0,17],[6,32]],[[23,0],[89,44]]]},
"G55": {"type": "Matrix2x2", "payoffs": [[[88,73],[79,20]],[[0,0],[72,25]]]},
"G56": {"type": "Matrix2x2", "payoffs": [[[0,0],[90,89]],[[32,8],[20,24]]]},
"G57": {"type": "Matrix2x2", "payoffs": [[[0,33],[92,37]],[[66,12],[38,0]]]},
"G58": {"type": "Matrix2x2", "payoffs": [[[77,86],[23,0]],[[66,72],[0,55]]]},
"G59": {"type": "Matrix2x2", "payoffs": [[[0,0],[1,8]],[[11,7],[21,13]]]},
"G60": {"type": "Matrix2x2", "payoffs": [[[24,0],[0,32]],[[22,41],[37,53]]]},
"G61": {"type": "Matrix2x2", "payoffs": [[[45,25],[0,0]],[[42,21],[46,26]]]},
"G62": {"type": "Matrix2x2", "payoffs": [[[53,47],[0,0]],[[64,37],[80,57]]]},
"G63": {"type": "Matrix2x2", "payoffs": [[[15,35],[72,0]],[[0,9],[91,61]]]},
"G64": {"type": "Matrix2x2", "payoffs": [[[16,2],[0,0]],[[25,4],[18,3]]]},
"G65": {"type": "Matrix2x2", "payoffs": [[[2,83],[4,86]],[[0,12],[3,0]]]},
"G66": {"type": "Matrix2x2", "payoffs": [[[29,59],[20,30]],[[0,31],[10,0]]]},
"G67": {"type": "Matrix2x2", "payoffs": [[[19,48],[52,32]],[[79,89],[0,0]]]},
"G68": {"type": "Matrix2x2", "payoffs": [[[49,3],[63,7]],[[24,0],[0,5]]]},
"G69": {"type": "Matrix2x2", "payoffs": [[[20,26],[0,0]],[[57,29],[18,28]]]},
"G70": {"type": "Matrix2x2", "payoffs": [[[9,99],[5,88]],[[4,50],[0,0]]]},
"G71": {"type": "Matrix2x2", "payoffs": [[[2,10],[99,82]],[[0,0],[96,23]]]},
"G72": {"type": "Matrix2x2", "payoffs": [[[0,24],[98,50]],[[76,36],[45,0]]]},
"G73": {"type": "Matrix2x2", "payoffs": [[[7,0],[31,62]],[[11,23],[0,43]]]},
"G74": {"type": "Matrix2x2", "payoffs": [[[96,3],[97,68]],[[62,41],[0,0]]]},
"G75": {"type": "Matrix2x2", "payoffs": [[[0,0],[42,35]],[[5,27],[20,16]]]},
"G76": {"type": "Matrix2x2", "payoffs": [[[48,0],[44,46]],[[0,74],[90,89]]]},
"G77": {"type": "Matrix2x2", "payoffs": [[[1,39],[41,40]],[[0,33],[19,0]]]},
"G78": {"type": "Matrix2x2", "payoffs": [[[4,29],[0,48]],[[46,0],[88,54]]]},
"G79": {"type": "Matrix2x2", "payoffs": [[[4,8],[0,0]],[[7,10],[10,11]]]},
"G80": {"type": "Matrix2x2", "payoffs": [[[4,1],[6,0]],[[13,3],[0,2]]]},
"G81": {"type": "Matrix2x2", "payoffs": [[[2,8],[64,9]],[[0,1],[28,0]]]},
"G82": {"type": "Matrix2x2", "payoffs": [[[19,97],[2,91]],[[18,35],[0,0]]]},
"G83": {"type": "Matrix2x2", "payoffs": [[[8,0],[49,50]],[[0,28],[26,26]]]},
"G84": {"type": "Matrix2x2", "payoffs": [[[6,0],[24,84]],[[9,49],[0,69]]]},
"G85": {"type": "Matrix2x2", "payoffs": [[[34,1],[0,61]],[[45,98],[43,0]]]},
"G86": {"type": "Matrix2x2", "payoffs": [[[77,8],[20,7]],[[0,4],[21,0]]]},
"G87": {"type": "Matrix2x2", "payoffs": [[[81,26],[71,0]],[[0,13],[83,76]]]},
"G88": {"type": "Matrix2x2", "payoffs": [[[32,25],[0,0]],[[72,46],[21,19]]]},
"G89": {"type": "Matrix2x2", "payoffs": [[[16,21],[0,11]],[[35,25],[20,0]]]},
"G90": {"type": "Matrix2x2", "payoffs": [[[11,5],[56,6]],[[0,0],[13,3]]]},
"G91": {"type": "Matrix2x2", "payoffs": [[[0,0],[17,29]],[[20,75],[12,9]]]},
"G92": {"type": "Matrix2x2", "payoffs": [[[26,0],[0,14]],[[36,16],[58,19]]]},
"G93": {"type": "Matrix2x2", "payoffs": [[[57,23],[62,59]],[[0,0],[59,12]]]},
"G94": {"type": "Matrix2x2", "payoffs": [[[1,19],[18,75]],[[14,61],[0,0]]]},
"G95": {"type": "Matrix2x2", "payoffs": [[[0,0],[3,22]],[[1,21],[5,77]]]},
"G96": {"type": "Matrix2x2", "payoffs": [[[25,0],[0,71]],[[12,20],[42,78]]]},
"G97": {"type": "Matrix2x2", "payoffs": [[[9,44],[39,57]],[[12,0],[0,26]]]},
"G98": {"type": "Matrix2x2", "payoffs": [[[0,37],[34,0]],[[4,5],[38,45]]]},
"G99": {"type": "Matrix2x2", "payoffs": [[[0,0],[21,9]],[[11,24],[70,33]]]},
"G100": {"type": "Matrix2x2", "payoffs": [[[0,0],[65,9]],[[52,8],[83,11]]]}
}