{
"numGames": 100,
"G1": {"type": "Matrix2x2", "payoffs": [[[0,21],[48,0]],[[40,29],[49,37]]]},
"G2": {"type": "Matrix2x2", "payoffs": [[[45,16],[14,0]],[[0,4],[4,5]]]},
"G3": {"type": "Matrix2x2", "payoffs": [[[5,72],[15,0]],[[25,79],[0,65]]]},
"G4": {"type": "Matrix2x2", "payoffs": [[[73,24],[44,11]],[[0,0],[4,13]]]},
"G5": {"type": "Matrix2x2", "payoffs": [[[0,0],[90,4]],[[81,6],[95,21]]]},
"G6": {"type": "Matrix2x2", "payoffs": [[[24,54],[28,100]],[[13,0],[0,63]]]},
"G7": {"type": "Matrix2x2", "payoffs": [[[32,0],[0,14]],[[20,6],[44,15]]]},
"G8": {"type": "Matrix2x2", "payoffs": [[[1,11],[15,2]],[[63,23],[0,0]]]},
"G9": {"type": "Matrix2x2", "payoffs": [[[46,5],[65,9]],[[33,0],[0,4]]]},
"G10": {"type": "Matrix2x2", "payoffs": [[[20,42],[40,28]],[[43,57],[0,0]]]},
"G11": {"type": "Matrix2x2", "payoffs": [[[45,67],[26,0]],[[56,81],[0,5]]]},
"G12": {"type": "Matrix2x2", "payoffs": [[[0,0],[100,45]],[[78,41],[95,6]]]},
"G13": {"type": "Matrix2x2", "payoffs": [[[59,0],[99,14]],[[16,13],[0,8]]]},
"G14": {"type": "Matrix2x2", "payoffs": [[[88,6],[0,4]],[[40,0],[20,2]]]},
"G15": {"type": "Matrix2x2", "payoffs": [[[5,0],[0,24]],[[10,16],[34,57]]]},
"G16": {"type": "Matrix2x2", "payoffs": [[[0,22],[18,39]],[[6,0],[8,19]]]},
"G17": {"type": "Matrix2x2", "payoffs": [[[24,45],[15,0]],[[0,35],[20,20]]]},
"G18": {"type": "Matrix2x2", "payoffs": [[[1,44],[0,56]],[[94,78],[78,0]]]},
"G19": {"type": "Matrix2x2", "payoffs": [[[3,0],[63,35]],[[26,1],[0,3]]]},
"G20": {"type": "Matrix2x2", "payoffs": [[[6,4],[0,0]],[[23,8],[39,16]]]},
"G21": {"type": "Matrix2x2", "payoffs": [[[49,50],[15,19]],[[0,0],[53,97]]]},
"G22": {"type": "Matrix2x2", "payoffs": [[[38,11],[21,4]],[[0,0],[35,5]]]},
"G23": {"type": "Matrix2x2", "payoffs": [[[86,25],[87,41]],[[53,0],[0,35]]]},
"G24": {"type": "Matrix2x2", "payoffs": [[[0,14],[36,0]],[[43,35],[38,19]]]},
"G25": {"type": "Matrix2x2", "payoffs": [[[21,46],[0,45]],[[11,0],[17,5]]]},
"G26": {"type": "Matrix2x2", "payoffs": [[[0,2],[4,3]],[[1,0],[2,1]]]},
"G27": {"type": "Matrix2x2", "payoffs": [[[4,18],[0,7]],[[3,0],[1,5]]]},
"G28": {"type": "Matrix2x2", "payoffs": [[[6,2],[7,14]],[[0,0],[4,4]]]},
"G29": {"type": "Matrix2x2", "payoffs": [[[74,65],[0,2]],[[50,62],[41,0]]]},
"G30": {"type": "Matrix2x2", "payoffs": [[[10,0],[0,12]],[[12,5],[15,39]]]},
"G31": {"type": "Matrix2x2", "payoffs": [[[83,96],[0,38]],[[13,8],[38,0]]]},
"G32": {"type": "Matrix2x2", "payoffs": [[[30,23],[3,0]],[[0,10],[94,27]]]},
"G33": {"type": "Matrix2x2", "payoffs": [[[18,36],[0,23]],[[10,0],[35,44]]]},
"G34": {"type": "Matrix2x2", "payoffs": [[[37,24],[28,6]],[[2,19],[0,0]]]},
"G35": {"type": "Matrix2x2", "payoffs": [[[4,38],[14,81]],[[11,8],[0,0]]]},
"G36": {"type": "Matrix2x2", "payoffs": [[[21,4],[19,80]],[[0,0],[83,92]]]},
"G37": {"type": "Matrix2x2", "payoffs": [[[61,15],[62,87]],[[0,0],[88,88]]]},
"G38": {"type": "Matrix2x2", "payoffs": [[[63,0],[0,36]],[[62,39],[97,85]]]},
"G39": {"type": "Matrix2x2", "payoffs": [[[0,8],[23,0]],[[91,27],[41,15]]]},
"G40": {"type": "Matrix2x2", "payoffs": [[[0,49],[37,96]],[[32,48],[16,0]]]},
"G41": {"type": "Matrix2x2", "payoffs": [[[3,53],[0,0]],[[8,33],[36,55]]]},
"G42": {"type": "Matrix2x2", "payoffs": [[[57,16],[0,15]],[[44,0],[50,13]]]},
"G43": {"type": "Matrix2x2", "payoffs": [[[2,4],[32,21]],[[11,1],[0,0]]]},
"G44": {"type": "Matrix2x2", "payoffs": [[[10,15],[24,0]],[[28,54],[0,17]]]},
"G45": {"type": "Matrix2x2", "payoffs": [[[0,7],[25,0]],[[37,77],[42,78]]]},
"G46": {"type": "Matrix2x2", "payoffs": [[[1,1],[8,4]],[[4,0],[0,2]]]},
"G47": {"type": "Matrix2x2", "payoffs": [[[4,0],[0,1]],[[8,51],[5,3]]]},
"G48": {"type": "Matrix2x2", "payoffs": [[[12,77],[2,2]],[[5,9],[0,0]]]},
"G49": {"type": "Matrix2x2", "payoffs": [[[65,0],[22,24]],[[79,37],[0,26]]]},
"G50": {"type": "Matrix2x2", "payoffs": [[[2,0],[0,37]],[[1,7],[3,42]]]},
"G51": {"type": "Matrix2x2", "payoffs": [[[0,30],[16,87]],[[3,0],[13,16]]]},
"G52": {"type": "Matrix2x2", "payoffs": [[[81,33],[0,21]],[[12,23],[4,0]]]},
"G53": {"type": "Matrix2x2", "payoffs": [[[14,86],[0,34]],[[29,0],[51,87]]]},
"G54": {"type": "Matrix2x2", "payoffs": [[[0,10],[17,0]],[[4,4],[53,29]]]},
"G55": {"type": "Matrix2x2", "payoffs": [[[4,10],[69,15]],[[0,0],[73,28]]]},
"G56": {"type": "Matrix2x2", "payoffs": [[[39,9],[0,12]],[[42,30],[26,0]]]},
"G57": {"type": "Matrix2x2", "payoffs": [[[38,33],[17,30]],[[11,8],[0,0]]]},
"G58": {"type": "Matrix2x2", "payoffs": [[[0,0],[78,98]],[[62,59],[59,75]]]},
"G59": {"type": "Matrix2x2", "payoffs": [[[98,80],[29,0]],[[73,29],[0,44]]]},
"G60": {"type": "Matrix2x2", "payoffs": [[[16,5],[24,36]],[[0,0],[27,71]]]},
"G61": {"type": "Matrix2x2", "payoffs": [[[52,0],[80,53]],[[0,8],[36,45]]]},
"G62": {"type": "Matrix2x2", "payoffs": [[[0,0],[69,51]],[[77,66],[43,45]]]},
"G63": {"type": "Matrix2x2", "payoffs": [[[0,12],[71,26]],[[70,0],[52,13]]]},
"G64": {"type": "Matrix2x2", "payoffs": [[[99,96],[38,0]],[[0,6],[42,31]]]},
"G65": {"type": "Matrix2x2", "payoffs": [[[51,37],[56,41]],[[20,39],[0,0]]]},
"G66": {"type": "Matrix2x2", "payoffs": [[[55,7],[85,31]],[[0,0],[1,4]]]},
"G67": {"type": "Matrix2x2", "payoffs": [[[0,0],[88,92]],[[52,47],[82,37]]]},
"G68": {"type": "Matrix2x2", "payoffs": [[[36,0],[93,57]],[[13,56],[0,17]]]},
"G69": {"type": "Matrix2x2", "payoffs": [[[28,95],[0,69]],[[17,12],[24,0]]]},
"G70": {"type": "Matrix2x2", "payoffs": [[[54,11],[58,62]],[[0,0],[37,42]]]},
"G71": {"type": "Matrix2x2", "payoffs": [[[4,2],[0,6]],[[20,0],[21,54]]]},
"G72": {"type": "Matrix2x2", "payoffs": [[[0,30],[7,0]],[[41,59],[11,36]]]},
"G73": {"type": "Matrix2x2", "payoffs": [[[16,17],[0,0]],[[11,4],[1,9]]]},
"G74": {"type": "Matrix2x2", "payoffs": [[[53,34],[44,25]],[[0,0],[15,26]]]},
"G75": {"type": "Matrix2x2", "payoffs": [[[0,30],[1,15]],[[21,33],[12,0]]]},
"G76": {"type": "Matrix2x2", "payoffs": [[[34,0],[17,4]],[[39,72],[0,60]]]},
"G77": {"type": "Matrix2x2", "payoffs": [[[26,4],[58,1]],[[99,9],[0,0]]]},
"G78": {"type": "Matrix2x2", "payoffs": [[[25,79],[56,100]],[[54,0],[0,65]]]},
"G79": {"type": "Matrix2x2", "payoffs": [[[60,38],[7,0]],[[0,20],[56,9]]]},
"G80": {"type": "Matrix2x2", "payoffs": [[[5,14],[8,0]],[[14,21],[0,18]]]},
"G81": {"type": "Matrix2x2", "payoffs": [[[0,3],[23,83]],[[21,64],[22,0]]]},
"G82": {"type": "Matrix2x2", "payoffs": [[[11,10],[6,8]],[[35,18],[0,0]]]},
"G83": {"type": "Matrix2x2", "payoffs": [[[61,6],[32,0]],[[66,36],[0,16]]]},
"G84": {"type": "Matrix2x2", "payoffs": [[[67,9],[0,2]],[[17,1],[47,0]]]},
"G85": {"type": "Matrix2x2", "payoffs": [[[65,47],[4,1]],[[0,0],[55,21]]]},
"G86": {"type": "Matrix2x2", "payoffs": [[[23,65],[0,34]],[[2,17],[17,0]]]},
"G87": {"type": "Matrix2x2", "payoffs": [[[10,3],[19,7]],[[0,0],[14,4]]]},
"G88": {"type": "Matrix2x2", "payoffs": [[[0,3],[89,16]],[[12,11],[18,0]]]},
"G89": {"type": "Matrix2x2", "payoffs": [[[0,4],[46,0]],[[74,50],[52,29]]]},
"G90": {"type": "Matrix2x2", "payoffs": [[[62,47],[77,63]],[[0,48],[72,0]]]},
"G91": {"type": "Matrix2x2", "payoffs": [[[8,8],[0,4]],[[2,2],[5,0]]]},
"G92": {"type": "Matrix2x2", "payoffs": [[[0,17],[1,0]],[[66,33],[22,20]]]},
"G93": {"type": "Matrix2x2", "payoffs": [[[23,93],[0,82]],[[10,2],[2,0]]]},
"G94": {"type": "Matrix2x2", "payoffs": [[[26,0],[63,80]],[[0,15],[32,47]]]},
"G95": {"type": "Matrix2x2", "payoffs": [[[18,24],[0,30]],[[71,0],[89,62]]]},
"G96": {"type": "Matrix2x2", "payoffs": [[[7,15],[6,0]],[[0,1],[8,18]]]},
"G97": {"type": "Matrix2x2", "payoffs": [[[11,0],[22,6]],[[16,5],[0,2]]]},
"G98": {"type": "Matrix2x2", "payoffs": [[[6,56],[11,81]],[[2,36],[0,0]]]},
"G99": {"type": "Matrix2x2", "payoffs": [[[0,0],[5,43]],[[22,69],[10,26]]]},
"G100": {"type": "Matrix2x2", "payoffs": [[[0,0],[31,68]],[[3,70],[54,87]]]}
}