{
"numGames": 100,
"G1": {"type": "Matrix2x2", "payoffs": [[[10,35],[7,32]],[[0,0],[32,38]]]},
"G2": {"type": "Matrix2x2", "payoffs": [[[0,0],[26,19]],[[28,56],[62,77]]]},
"G3": {"type": "Matrix2x2", "payoffs": [[[0,62],[45,47]],[[53,88],[51,0]]]},
"G4": {"type": "Matrix2x2", "payoffs": [[[1,0],[5,29]],[[2,7],[0,18]]]},
"G5": {"type": "Matrix2x2", "payoffs": [[[0,4],[55,8]],[[80,9],[6,0]]]},
"G6": {"type": "Matrix2x2", "payoffs": [[[17,4],[24,10]],[[11,0],[0,5]]]},
"G7": {"type": "Matrix2x2", "payoffs": [[[36,0],[62,36]],[[70,67],[0,20]]]},
"G8": {"type": "Matrix2x2", "payoffs": [[[11,0],[0,50]],[[17,66],[32,74]]]},
"G9": {"type": "Matrix2x2", "payoffs": [[[1,0],[58,3]],[[73,14],[0,8]]]},
"G10": {"type": "Matrix2x2", "payoffs": [[[0,8],[82,5]],[[21,0],[87,35]]]},
"G11": {"type": "Matrix2x2", "payoffs": [[[39,24],[32,23]],[[0,19],[22,0]]]},
"G12": {"type": "Matrix2x2", "payoffs": [[[0,42],[77,100]],[[72,43],[56,0]]]},
"G13": {"type": "Matrix2x2", "payoffs": [[[61,21],[6,0]],[[0,14],[14,5]]]},
"G14": {"type": "Matrix2x2", "payoffs": [[[93,72],[13,36]],[[0,0],[44,20]]]},
"G15": {"type": "Matrix2x2", "payoffs": [[[17,0],[0,50]],[[43,83],[32,22]]]},
"G16": {"type": "Matrix2x2", "payoffs": [[[18,3],[29,38]],[[0,0],[34,60]]]},
"G17": {"type": "Matrix2x2", "payoffs": [[[21,2],[0,17]],[[47,31],[39,0]]]},
"G18": {"type": "Matrix2x2", "payoffs": [[[51,0],[43,80]],[[0,21],[59,96]]]},
"G19": {"type": "Matrix2x2", "payoffs": [[[88,79],[0,63]],[[62,13],[17,0]]]},
"G20": {"type": "Matrix2x2", "payoffs": [[[0,51],[24,0]],[[56,64],[41,27]]]},
"G21": {"type": "Matrix2x2", "payoffs": [[[0,4],[98,5]],[[92,1],[22,0]]]},
"G22": {"type": "Matrix2x2", "payoffs": [[[0,0],[53,17]],[[60,60],[70,67]]]},
"G23": {"type": "Matrix2x2", "payoffs": [[[32,0],[0,16]],[[94,36],[19,26]]]},
"G24": {"type": "Matrix2x2", "payoffs": [[[36,3],[0,0]],[[26,1],[37,33]]]},
"G25": {"type": "Matrix2x2", "payoffs": [[[0,15],[3,0]],[[56,39],[1,22]]]},
"G26": {"type": "Matrix2x2", "payoffs": [[[72,89],[0,31]],[[45,0],[17,7]]]},
"G27": {"type": "Matrix2x2", "payoffs": [[[1,12],[3,8]],[[49,61],[0,0]]]},
"G28": {"type": "Matrix2x2", "payoffs": [[[20,0],[22,44]],[[13,10],[0,27]]]},
"G29": {"type": "Matrix2x2", "payoffs": [[[4,0],[12,4]],[[14,29],[0,17]]]},
"G30": {"type": "Matrix2x2", "payoffs": [[[72,6],[81,85]],[[0,0],[61,83]]]},
"G31": {"type": "Matrix2x2", "payoffs": [[[22,59],[2,0]],[[0,66],[43,88]]]},
"G32": {"type": "Matrix2x2", "payoffs": [[[26,22],[16,13]],[[0,0],[32,44]]]},
"G33": {"type": "Matrix2x2", "payoffs": [[[14,10],[0,0]],[[7,9],[18,12]]]},
"G34": {"type": "Matrix2x2", "payoffs": [[[83,95],[46,4]],[[0,59],[67,0]]]},
"G35": {"type": "Matrix2x2", "payoffs": [[[64,86],[0,47]],[[28,26],[15,0]]]},
"G36": {"type": "Matrix2x2", "payoffs": [[[3,84],[22,52]],[[25,90],[0,0]]]},
"G37": {"type": "Matrix2x2", "payoffs": [[[0,62],[23,63]],[[2,45],[16,0]]]},
"G38": {"type": "Matrix2x2", "payoffs": [[[1,1],[35,14]],[[0,0],[76,41]]]},
"G39": {"type": "Matrix2x2", "payoffs": [[[6,31],[38,14]],[[0,0],[39,63]]]},
"G40": {"type": "Matrix2x2", "payoffs": [[[70,69],[0,22]],[[35,0],[89,94]]]},
"G41": {"type": "Matrix2x2", "payoffs": [[[31,7],[0,2]],[[23,0],[51,23]]]},
"G42": {"type": "Matrix2x2", "payoffs": [[[0,0],[82,86]],[[66,49],[20,76]]]},
"G43": {"type": "Matrix2x2", "payoffs": [[[3,6],[70,18]],[[0,12],[37,0]]]},
"G44": {"type": "Matrix2x2", "payoffs": [[[5,0],[0,5]],[[34,10],[42,11]]]},
"G45": {"type": "Matrix2x2", "payoffs": [[[5,34],[4,17]],[[7,50],[0,0]]]},
"G46": {"type": "Matrix2x2", "payoffs": [[[0,0],[9,4]],[[75,5],[89,6]]]},
"G47": {"type": "Matrix2x2", "payoffs": [[[82,23],[0,0]],[[59,67],[87,82]]]},
"G48": {"type": "Matrix2x2", "payoffs": [[[7,79],[9,85]],[[3,0],[0,83]]]},
"G49": {"type": "Matrix2x2", "payoffs": [[[22,0],[0,4]],[[31,19],[53,20]]]},
"G50": {"type": "Matrix2x2", "payoffs": [[[25,83],[0,24]],[[34,0],[91,96]]]},
"G51": {"type": "Matrix2x2", "payoffs": [[[84,93],[32,50]],[[6,0],[0,10]]]},
"G52": {"type": "Matrix2x2", "payoffs": [[[93,26],[56,2]],[[58,0],[0,11]]]},
"G53": {"type": "Matrix2x2", "payoffs": [[[19,0],[0,53]],[[9,73],[23,90]]]},
"G54": {"type": "Matrix2x2", "payoffs": [[[13,15],[11,13]],[[10,6],[0,0]]]},
"G55": {"type": "Matrix2x2", "payoffs": [[[0,0],[8,4]],[[57,8],[22,7]]]},
"G56": {"type": "Matrix2x2", "payoffs": [[[79,69],[58,50]],[[44,0],[0,52]]]},
"G57": {"type": "Matrix2x2", "payoffs": [[[0,50],[26,0]],[[43,86],[23,45]]]},
"G58": {"type": "Matrix2x2", "payoffs": [[[62,91],[0,72]],[[24,76],[38,0]]]},
"G59": {"type": "Matrix2x2", "payoffs": [[[41,6],[22,0]],[[0,5],[66,17]]]},
"G60": {"type": "Matrix2x2", "payoffs": [[[0,1],[61,81]],[[44,0],[47,71]]]},
"G61": {"type": "Matrix2x2", "payoffs": [[[49,44],[23,3]],[[0,0],[47,7]]]},
"G62": {"type": "Matrix2x2", "payoffs": [[[41,27],[0,0]],[[4,13],[65,41]]]},
"G63": {"type": "Matrix2x2", "payoffs": [[[8,75],[0,60]],[[5,0],[1,73]]]},
"G64": {"type": "Matrix2x2", "payoffs": [[[0,0],[25,16]],[[63,8],[73,85]]]},
"G65": {"type": "Matrix2x2", "payoffs": [[[0,47],[99,86]],[[2,0],[4,60]]]},
"G66": {"type": "Matrix2x2", "payoffs": [[[63,0],[88,32]],[[47,29],[0,1]]]},
"G67": {"type": "Matrix2x2", "payoffs": [[[42,14],[18,7]],[[31,8],[0,0]]]},
"G68": {"type": "Matrix2x2", "payoffs": [[[27,3],[36,22]],[[0,9],[26,0]]]},
"G69": {"type": "Matrix2x2", "payoffs": [[[97,96],[73,0]],[[0,53],[45,9]]]},
"G70": {"type": "Matrix2x2", "payoffs": [[[5,24],[2,8]],[[4,15],[0,0]]]},
"G71": {"type": "Matrix2x2", "payoffs": [[[0,15],[13,0]],[[16,22],[26,54]]]},
"G72": {"type": "Matrix2x2", "payoffs": [[[80,12],[0,0]],[[28,2],[71,11]]]},
"G73": {"type": "Matrix2x2", "payoffs": [[[73,37],[50,0]],[[0,10],[67,3]]]},
"G74": {"type": "Matrix2x2", "payoffs": [[[87,68],[0,66]],[[33,0],[12,25]]]},
"G75": {"type": "Matrix2x2", "payoffs": [[[6,0],[0,44]],[[59,75],[27,56]]]},
"G76": {"type": "Matrix2x2", "payoffs": [[[16,46],[33,0]],[[0,45],[47,57]]]},
"G77": {"type": "Matrix2x2", "payoffs": [[[8,35],[0,1]],[[16,0],[17,55]]]},
"G78": {"type": "Matrix2x2", "payoffs": [[[47,55],[0,0]],[[29,41],[21,6]]]},
"G79": {"type": "Matrix2x2", "payoffs": [[[21,14],[14,7]],[[8,0],[0,11]]]},
"G80": {"type": "Matrix2x2", "payoffs": [[[86,84],[77,57]],[[0,16],[75,0]]]},
"G81": {"type": "Matrix2x2", "payoffs": [[[0,33],[19,4]],[[30,0],[43,38]]]},
"G82": {"type": "Matrix2x2", "payoffs": [[[46,3],[98,36]],[[63,0],[0,30]]]},
"G83": {"type": "Matrix2x2", "payoffs": [[[74,82],[0,64]],[[38,0],[13,62]]]},
"G84": {"type": "Matrix2x2", "payoffs": [[[37,48],[9,0]],[[6,30],[0,10]]]},
"G85": {"type": "Matrix2x2", "payoffs": [[[46,0],[48,70]],[[0,19],[35,61]]]},
"G86": {"type": "Matrix2x2", "payoffs": [[[27,0],[50,5]],[[94,68],[0,64]]]},
"G87": {"type": "Matrix2x2", "payoffs": [[[53,0],[0,1]],[[18,2],[79,60]]]},
"G88": {"type": "Matrix2x2", "payoffs": [[[0,0],[68,49]],[[30,45],[62,8]]]},
"G89": {"type": "Matrix2x2", "payoffs": [[[44,0],[32,24]],[[45,38],[0,6]]]},
"G90": {"type": "Matrix2x2", "payoffs": [[[0,1],[16,26]],[[31,88],[2,0]]]},
"G91": {"type": "Matrix2x2", "payoffs": [[[23,0],[0,49]],[[43,5],[77,82]]]},
"G92": {"type": "Matrix2x2", "payoffs": [[[61,42],[32,5]],[[22,0],[0,20]]]},
"G93": {"type": "Matrix2x2", "payoffs": [[[90,87],[0,36]],[[50,0],[27,12]]]},
"G94": {"type": "Matrix2x2", "payoffs": [[[13,0],[58,73]],[[0,50],[17,67]]]},
"G95": {"type": "Matrix2x2", "payoffs": [[[0,13],[1,33]],[[34,48],[5,0]]]},
"G96": {"type": "Matrix2x2", "payoffs": [[[27,0],[33,8]],[[26,3],[0,6]]]},
"G97": {"type": "Matrix2x2", "payoffs": [[[0,47],[11,0]],[[12,45],[18,74]]]},
"G98": {"type": "Matrix2x2", "payoffs": [[[0,23],[23,50]],[[11,35],[4,0]]]},
"G99": {"type": "Matrix2x2", "payoffs": [[[12,0],[17,6]],[[92,18],[0,15]]]},
"G100": {"type": "Matrix2x2", "payoffs": [[[0,10],[2,0]],[[15,22],[10,14]]]}
}