{
"numGames": 1000,
"G1": {"type": "Matrix2x2", "payoffs": [[[0,33],[28,0]],[[15,49],[74,64]]]},
"G2": {"type": "Matrix2x2", "payoffs": [[[10,3],[9,0]],[[7,2],[0,1]]]},
"G3": {"type": "Matrix2x2", "payoffs": [[[0,0],[41,27]],[[3,22],[67,46]]]},
"G4": {"type": "Matrix2x2", "payoffs": [[[12,79],[0,0]],[[88,93],[26,57]]]},
"G5": {"type": "Matrix2x2", "payoffs": [[[46,60],[92,97]],[[0,61],[84,0]]]},
"G6": {"type": "Matrix2x2", "payoffs": [[[0,45],[7,8]],[[4,0],[94,48]]]},
"G7": {"type": "Matrix2x2", "payoffs": [[[0,17],[73,58]],[[56,2],[43,0]]]},
"G8": {"type": "Matrix2x2", "payoffs": [[[24,13],[0,0]],[[99,42],[63,20]]]},
"G9": {"type": "Matrix2x2", "payoffs": [[[96,75],[0,48]],[[85,72],[4,0]]]},
"G10": {"type": "Matrix2x2", "payoffs": [[[32,15],[29,13]],[[0,0],[18,7]]]},
"G11": {"type": "Matrix2x2", "payoffs": [[[2,75],[29,84]],[[5,0],[0,47]]]},
"G12": {"type": "Matrix2x2", "payoffs": [[[15,14],[54,0]],[[0,15],[57,21]]]},
"G13": {"type": "Matrix2x2", "payoffs": [[[11,0],[48,12]],[[0,48],[78,86]]]},
"G14": {"type": "Matrix2x2", "payoffs": [[[3,0],[6,65]],[[0,25],[79,89]]]},
"G15": {"type": "Matrix2x2", "payoffs": [[[6,19],[4,11]],[[0,14],[1,0]]]},
"G16": {"type": "Matrix2x2", "payoffs": [[[0,2],[67,10]],[[8,7],[15,0]]]},
"G17": {"type": "Matrix2x2", "payoffs": [[[1,48],[64,78]],[[42,37],[0,0]]]},
"G18": {"type": "Matrix2x2", "payoffs": [[[35,90],[11,13]],[[16,29],[0,0]]]},
"G19": {"type": "Matrix2x2", "payoffs": [[[0,7],[26,8]],[[25,0],[13,4]]]},
"G20": {"type": "Matrix2x2", "payoffs": [[[48,44],[47,38]],[[74,64],[0,0]]]},
"G21": {"type": "Matrix2x2", "payoffs": [[[59,9],[49,0]],[[10,1],[0,5]]]},
"G22": {"type": "Matrix2x2", "payoffs": [[[0,8],[21,0]],[[33,31],[3,23]]]},
"G23": {"type": "Matrix2x2", "payoffs": [[[14,7],[5,0]],[[0,19],[21,24]]]},
"G24": {"type": "Matrix2x2", "payoffs": [[[49,77],[0,56]],[[44,0],[30,39]]]},
"G25": {"type": "Matrix2x2", "payoffs": [[[84,53],[0,32]],[[15,44],[30,0]]]},
"G26": {"type": "Matrix2x2", "payoffs": [[[42,44],[17,0]],[[37,23],[0,4]]]},
"G27": {"type": "Matrix2x2", "payoffs": [[[56,0],[0,36]],[[39,34],[80,40]]]},
"G28": {"type": "Matrix2x2", "payoffs": [[[35,10],[22,4]],[[29,2],[0,0]]]},
"G29": {"type": "Matrix2x2", "payoffs": [[[73,0],[79,65]],[[0,6],[82,71]]]},
"G30": {"type": "Matrix2x2", "payoffs": [[[8,91],[0,0]],[[6,31],[7,71]]]},
"G31": {"type": "Matrix2x2", "payoffs": [[[37,20],[12,2]],[[7,0],[0,10]]]},
"G32": {"type": "Matrix2x2", "payoffs": [[[31,28],[79,91]],[[16,0],[0,33]]]},
"G33": {"type": "Matrix2x2", "payoffs": [[[93,19],[0,0]],[[97,31],[83,13]]]},
"G34": {"type": "Matrix2x2", "payoffs": [[[24,3],[72,0]],[[83,40],[0,31]]]},
"G35": {"type": "Matrix2x2", "payoffs": [[[4,0],[5,6]],[[0,2],[11,13]]]},
"G36": {"type": "Matrix2x2", "payoffs": [[[65,41],[9,0]],[[0,22],[46,18]]]},
"G37": {"type": "Matrix2x2", "payoffs": [[[11,0],[0,2]],[[86,3],[50,1]]]},
"G38": {"type": "Matrix2x2", "payoffs": [[[42,0],[33,6]],[[0,5],[44,11]]]},
"G39": {"type": "Matrix2x2", "payoffs": [[[87,88],[29,0]],[[0,54],[62,65]]]},
"G40": {"type": "Matrix2x2", "payoffs": [[[49,5],[0,2]],[[5,0],[18,4]]]},
"G41": {"type": "Matrix2x2", "payoffs": [[[20,77],[0,21]],[[19,72],[9,0]]]},
"G42": {"type": "Matrix2x2", "payoffs": [[[0,37],[8,18]],[[3,0],[11,63]]]},
"G43": {"type": "Matrix2x2", "payoffs": [[[30,4],[62,7]],[[31,0],[0,5]]]},
"G44": {"type": "Matrix2x2", "payoffs": [[[23,0],[24,79]],[[18,61],[0,2]]]},
"G45": {"type": "Matrix2x2", "payoffs": [[[28,0],[27,10]],[[0,6],[37,25]]]},
"G46": {"type": "Matrix2x2", "payoffs": [[[0,0],[9,26]],[[10,17],[21,87]]]},
"G47": {"type": "Matrix2x2", "payoffs": [[[41,80],[0,26]],[[36,34],[11,0]]]},
"G48": {"type": "Matrix2x2", "payoffs": [[[0,0],[1,11]],[[2,2],[3,12]]]},
"G49": {"type": "Matrix2x2", "payoffs": [[[21,81],[4,0]],[[3,16],[0,68]]]},
"G50": {"type": "Matrix2x2", "payoffs": [[[0,0],[75,90]],[[36,4],[9,34]]]},
"G51": {"type": "Matrix2x2", "payoffs": [[[67,22],[97,45]],[[0,0],[52,29]]]},
"G52": {"type": "Matrix2x2", "payoffs": [[[49,93],[18,16]],[[37,0],[0,18]]]},
"G53": {"type": "Matrix2x2", "payoffs": [[[42,11],[46,21]],[[0,0],[28,5]]]},
"G54": {"type": "Matrix2x2", "payoffs": [[[0,4],[13,11]],[[20,0],[24,90]]]},
"G55": {"type": "Matrix2x2", "payoffs": [[[46,52],[0,28]],[[17,0],[52,70]]]},
"G56": {"type": "Matrix2x2", "payoffs": [[[67,8],[89,51]],[[15,40],[0,0]]]},
"G57": {"type": "Matrix2x2", "payoffs": [[[12,0],[4,24]],[[0,58],[17,81]]]},
"G58": {"type": "Matrix2x2", "payoffs": [[[0,17],[8,50]],[[6,0],[3,16]]]},
"G59": {"type": "Matrix2x2", "payoffs": [[[77,33],[8,19]],[[0,2],[23,0]]]},
"G60": {"type": "Matrix2x2", "payoffs": [[[89,46],[83,39]],[[35,0],[0,30]]]},
"G61": {"type": "Matrix2x2", "payoffs": [[[0,9],[46,37]],[[69,52],[23,0]]]},
"G62": {"type": "Matrix2x2", "payoffs": [[[11,57],[0,0]],[[38,25],[60,88]]]},
"G63": {"type": "Matrix2x2", "payoffs": [[[2,15],[3,0]],[[0,4],[8,17]]]},
"G64": {"type": "Matrix2x2", "payoffs": [[[21,45],[0,0]],[[45,35],[76,47]]]},
"G65": {"type": "Matrix2x2", "payoffs": [[[35,36],[44,16]],[[51,61],[0,0]]]},
"G66": {"type": "Matrix2x2", "payoffs": [[[24,0],[0,10]],[[55,27],[77,43]]]},
"G67": {"type": "Matrix2x2", "payoffs": [[[62,61],[0,38]],[[47,0],[57,53]]]},
"G68": {"type": "Matrix2x2", "payoffs": [[[41,0],[48,28]],[[6,9],[0,25]]]},
"G69": {"type": "Matrix2x2", "payoffs": [[[0,6],[43,27]],[[2,0],[10,23]]]},
"G70": {"type": "Matrix2x2", "payoffs": [[[0,23],[56,44]],[[62,83],[4,0]]]},
"G71": {"type": "Matrix2x2", "payoffs": [[[88,15],[62,2]],[[0,10],[45,0]]]},
"G72": {"type": "Matrix2x2", "payoffs": [[[0,1],[29,0]],[[46,36],[38,4]]]},
"G73": {"type": "Matrix2x2", "payoffs": [[[0,0],[13,80]],[[91,94],[44,31]]]},
"G74": {"type": "Matrix2x2", "payoffs": [[[0,7],[40,8]],[[33,0],[15,3]]]},
"G75": {"type": "Matrix2x2", "payoffs": [[[9,97],[4,59]],[[0,58],[3,0]]]},
"G76": {"type": "Matrix2x2", "payoffs": [[[6,27],[4,33]],[[30,73],[0,0]]]},
"G77": {"type": "Matrix2x2", "payoffs": [[[95,33],[72,32]],[[83,0],[0,11]]]},
"G78": {"type": "Matrix2x2", "payoffs": [[[44,20],[49,27]],[[0,0],[11,22]]]},
"G79": {"type": "Matrix2x2", "payoffs": [[[0,11],[4,41]],[[7,0],[17,46]]]},
"G80": {"type": "Matrix2x2", "payoffs": [[[32,5],[62,9]],[[24,6],[0,0]]]},
"G81": {"type": "Matrix2x2", "payoffs": [[[3,66],[5,0]],[[15,79],[0,8]]]},
"G82": {"type": "Matrix2x2", "payoffs": [[[0,62],[41,0]],[[63,88],[17,64]]]},
"G83": {"type": "Matrix2x2", "payoffs": [[[27,0],[35,13]],[[0,34],[47,49]]]},
"G84": {"type": "Matrix2x2", "payoffs": [[[100,25],[37,0]],[[0,15],[85,10]]]},
"G85": {"type": "Matrix2x2", "payoffs": [[[0,0],[71,75]],[[2,16],[14,50]]]},
"G86": {"type": "Matrix2x2", "payoffs": [[[31,20],[22,47]],[[0,0],[45,48]]]},
"G87": {"type": "Matrix2x2", "payoffs": [[[40,20],[4,5]],[[39,14],[0,0]]]},
"G88": {"type": "Matrix2x2", "payoffs": [[[0,45],[64,24]],[[31,0],[71,64]]]},
"G89": {"type": "Matrix2x2", "payoffs": [[[17,17],[6,0]],[[0,23],[30,89]]]},
"G90": {"type": "Matrix2x2", "payoffs": [[[0,0],[28,14]],[[13,8],[89,16]]]},
"G91": {"type": "Matrix2x2", "payoffs": [[[9,47],[33,82]],[[0,0],[8,76]]]},
"G92": {"type": "Matrix2x2", "payoffs": [[[7,0],[0,8]],[[48,6],[71,14]]]},
"G93": {"type": "Matrix2x2", "payoffs": [[[2,64],[48,82]],[[0,69],[33,0]]]},
"G94": {"type": "Matrix2x2", "payoffs": [[[7,0],[76,71]],[[0,32],[26,57]]]},
"G95": {"type": "Matrix2x2", "payoffs": [[[10,25],[19,37]],[[0,12],[2,0]]]},
"G96": {"type": "Matrix2x2", "payoffs": [[[0,24],[1,0]],[[6,1],[7,36]]]},
"G97": {"type": "Matrix2x2", "payoffs": [[[2,15],[25,0]],[[62,58],[0,36]]]},
"G98": {"type": "Matrix2x2", "payoffs": [[[46,0],[93,97]],[[32,58],[0,37]]]},
"G99": {"type": "Matrix2x2", "payoffs": [[[44,30],[49,60]],[[19,0],[0,11]]]},
"G100": {"type": "Matrix2x2", "payoffs": [[[47,9],[39,4]],[[0,7],[31,0]]]},
"G101": {"type": "Matrix2x2", "payoffs": [[[2,74],[0,19]],[[32,80],[24,0]]]},
"G102": {"type": "Matrix2x2", "payoffs": [[[3,0],[0,85]],[[7,26],[16,96]]]},
"G103": {"type": "Matrix2x2", "payoffs": [[[4,29],[2,45]],[[6,61],[0,0]]]},
"G104": {"type": "Matrix2x2", "payoffs": [[[0,0],[14,92]],[[7,6],[11,28]]]},
"G105": {"type": "Matrix2x2", "payoffs": [[[77,0],[85,20]],[[94,74],[0,68]]]},
"G106": {"type": "Matrix2x2", "payoffs": [[[27,65],[12,57]],[[0,0],[6,33]]]},
"G107": {"type": "Matrix2x2", "payoffs": [[[48,6],[0,13]],[[39,0],[100,30]]]},
"G108": {"type": "Matrix2x2", "payoffs": [[[5,0],[29,4]],[[0,3],[9,1]]]},
"G109": {"type": "Matrix2x2", "payoffs": [[[64,16],[77,29]],[[48,13],[0,0]]]},
"G110": {"type": "Matrix2x2", "payoffs": [[[0,7],[6,28]],[[7,0],[22,44]]]},
"G111": {"type": "Matrix2x2", "payoffs": [[[9,2],[38,3]],[[0,0],[41,11]]]},
"G112": {"type": "Matrix2x2", "payoffs": [[[93,38],[71,22]],[[0,0],[86,28]]]},
"G113": {"type": "Matrix2x2", "payoffs": [[[0,9],[81,100]],[[31,0],[29,28]]]},
"G114": {"type": "Matrix2x2", "payoffs": [[[39,62],[38,0]],[[0,25],[27,59]]]},
"G115": {"type": "Matrix2x2", "payoffs": [[[15,1],[19,11]],[[4,0],[0,7]]]},
"G116": {"type": "Matrix2x2", "payoffs": [[[0,0],[33,21]],[[25,2],[4,1]]]},
"G117": {"type": "Matrix2x2", "payoffs": [[[0,0],[10,43]],[[8,19],[13,86]]]},
"G118": {"type": "Matrix2x2", "payoffs": [[[3,14],[0,0]],[[4,20],[2,3]]]},
"G119": {"type": "Matrix2x2", "payoffs": [[[10,60],[0,0]],[[11,84],[7,77]]]},
"G120": {"type": "Matrix2x2", "payoffs": [[[0,0],[51,53]],[[64,83],[40,66]]]},
"G121": {"type": "Matrix2x2", "payoffs": [[[41,32],[42,39]],[[0,23],[20,0]]]},
"G122": {"type": "Matrix2x2", "payoffs": [[[94,64],[7,0]],[[43,3],[0,48]]]},
"G123": {"type": "Matrix2x2", "payoffs": [[[30,11],[0,0]],[[31,35],[36,37]]]},
"G124": {"type": "Matrix2x2", "payoffs": [[[3,0],[1,22]],[[0,28],[6,39]]]},
"G125": {"type": "Matrix2x2", "payoffs": [[[28,16],[41,38]],[[0,0],[25,18]]]},
"G126": {"type": "Matrix2x2", "payoffs": [[[0,85],[56,44]],[[70,92],[52,0]]]},
"G127": {"type": "Matrix2x2", "payoffs": [[[37,0],[5,92]],[[0,79],[64,97]]]},
"G128": {"type": "Matrix2x2", "payoffs": [[[1,8],[18,19]],[[5,0],[0,10]]]},
"G129": {"type": "Matrix2x2", "payoffs": [[[7,38],[71,72]],[[0,0],[10,34]]]},
"G130": {"type": "Matrix2x2", "payoffs": [[[0,17],[17,20]],[[21,0],[26,45]]]},
"G131": {"type": "Matrix2x2", "payoffs": [[[49,100],[29,0]],[[0,37],[16,7]]]},
"G132": {"type": "Matrix2x2", "payoffs": [[[93,78],[7,23]],[[76,61],[0,0]]]},
"G133": {"type": "Matrix2x2", "payoffs": [[[22,75],[0,37]],[[73,84],[35,0]]]},
"G134": {"type": "Matrix2x2", "payoffs": [[[77,0],[97,65]],[[0,24],[34,34]]]},
"G135": {"type": "Matrix2x2", "payoffs": [[[41,55],[71,66]],[[0,63],[38,0]]]},
"G136": {"type": "Matrix2x2", "payoffs": [[[0,3],[86,4]],[[98,6],[36,0]]]},
"G137": {"type": "Matrix2x2", "payoffs": [[[46,28],[32,9]],[[0,0],[84,84]]]},
"G138": {"type": "Matrix2x2", "payoffs": [[[0,3],[59,49]],[[27,32],[6,0]]]},
"G139": {"type": "Matrix2x2", "payoffs": [[[67,19],[61,0]],[[71,25],[0,12]]]},
"G140": {"type": "Matrix2x2", "payoffs": [[[42,28],[93,38]],[[76,37],[0,0]]]},
"G141": {"type": "Matrix2x2", "payoffs": [[[49,0],[76,9]],[[0,8],[2,2]]]},
"G142": {"type": "Matrix2x2", "payoffs": [[[18,0],[0,34]],[[28,29],[31,83]]]},
"G143": {"type": "Matrix2x2", "payoffs": [[[0,0],[11,87]],[[95,100],[45,91]]]},
"G144": {"type": "Matrix2x2", "payoffs": [[[0,12],[17,27]],[[9,19],[5,0]]]},
"G145": {"type": "Matrix2x2", "payoffs": [[[0,11],[26,45]],[[17,0],[16,22]]]},
"G146": {"type": "Matrix2x2", "payoffs": [[[3,24],[5,54]],[[0,53],[1,0]]]},
"G147": {"type": "Matrix2x2", "payoffs": [[[72,9],[61,7]],[[53,8],[0,0]]]},
"G148": {"type": "Matrix2x2", "payoffs": [[[8,21],[7,18]],[[0,0],[5,17]]]},
"G149": {"type": "Matrix2x2", "payoffs": [[[0,20],[28,0]],[[38,65],[11,46]]]},
"G150": {"type": "Matrix2x2", "payoffs": [[[27,3],[0,0]],[[36,6],[5,5]]]},
"G151": {"type": "Matrix2x2", "payoffs": [[[0,21],[63,47]],[[46,27],[39,0]]]},
"G152": {"type": "Matrix2x2", "payoffs": [[[37,16],[0,46]],[[54,69],[44,0]]]},
"G153": {"type": "Matrix2x2", "payoffs": [[[0,0],[68,9]],[[21,10],[85,15]]]},
"G154": {"type": "Matrix2x2", "payoffs": [[[20,10],[0,4]],[[14,0],[46,27]]]},
"G155": {"type": "Matrix2x2", "payoffs": [[[84,0],[93,100]],[[0,78],[5,79]]]},
"G156": {"type": "Matrix2x2", "payoffs": [[[0,0],[24,35]],[[9,1],[46,81]]]},
"G157": {"type": "Matrix2x2", "payoffs": [[[11,0],[68,8]],[[69,22],[0,18]]]},
"G158": {"type": "Matrix2x2", "payoffs": [[[0,0],[7,6]],[[22,3],[29,11]]]},
"G159": {"type": "Matrix2x2", "payoffs": [[[0,25],[25,65]],[[57,67],[41,0]]]},
"G160": {"type": "Matrix2x2", "payoffs": [[[30,33],[0,8]],[[15,0],[16,24]]]},
"G161": {"type": "Matrix2x2", "payoffs": [[[4,44],[25,0]],[[85,47],[0,24]]]},
"G162": {"type": "Matrix2x2", "payoffs": [[[54,3],[0,0]],[[60,1],[71,7]]]},
"G163": {"type": "Matrix2x2", "payoffs": [[[88,83],[5,7]],[[0,10],[85,0]]]},
"G164": {"type": "Matrix2x2", "payoffs": [[[3,7],[4,0]],[[15,78],[0,73]]]},
"G165": {"type": "Matrix2x2", "payoffs": [[[0,0],[88,86]],[[12,2],[1,65]]]},
"G166": {"type": "Matrix2x2", "payoffs": [[[8,0],[9,15]],[[12,77],[0,24]]]},
"G167": {"type": "Matrix2x2", "payoffs": [[[0,5],[6,0]],[[62,38],[21,34]]]},
"G168": {"type": "Matrix2x2", "payoffs": [[[10,7],[19,54]],[[0,9],[17,0]]]},
"G169": {"type": "Matrix2x2", "payoffs": [[[16,0],[0,70]],[[27,27],[47,91]]]},
"G170": {"type": "Matrix2x2", "payoffs": [[[30,93],[5,0]],[[10,64],[0,12]]]},
"G171": {"type": "Matrix2x2", "payoffs": [[[0,29],[81,47]],[[48,8],[11,0]]]},
"G172": {"type": "Matrix2x2", "payoffs": [[[0,41],[23,27]],[[44,0],[45,67]]]},
"G173": {"type": "Matrix2x2", "payoffs": [[[0,23],[16,0]],[[17,36],[2,18]]]},
"G174": {"type": "Matrix2x2", "payoffs": [[[35,18],[64,81]],[[53,33],[0,0]]]},
"G175": {"type": "Matrix2x2", "payoffs": [[[100,63],[42,0]],[[0,60],[54,28]]]},
"G176": {"type": "Matrix2x2", "payoffs": [[[0,0],[22,1]],[[48,3],[34,2]]]},
"G177": {"type": "Matrix2x2", "payoffs": [[[93,70],[86,25]],[[73,32],[0,0]]]},
"G178": {"type": "Matrix2x2", "payoffs": [[[18,79],[14,45]],[[0,0],[6,71]]]},
"G179": {"type": "Matrix2x2", "payoffs": [[[45,0],[87,17]],[[0,12],[100,24]]]},
"G180": {"type": "Matrix2x2", "payoffs": [[[16,50],[25,26]],[[29,58],[0,0]]]},
"G181": {"type": "Matrix2x2", "payoffs": [[[13,13],[57,23]],[[0,0],[61,99]]]},
"G182": {"type": "Matrix2x2", "payoffs": [[[15,77],[23,0]],[[0,63],[27,91]]]},
"G183": {"type": "Matrix2x2", "payoffs": [[[0,0],[2,26]],[[42,43],[4,28]]]},
"G184": {"type": "Matrix2x2", "payoffs": [[[17,16],[21,92]],[[0,24],[10,0]]]},
"G185": {"type": "Matrix2x2", "payoffs": [[[0,25],[2,74]],[[32,0],[34,75]]]},
"G186": {"type": "Matrix2x2", "payoffs": [[[0,20],[100,22]],[[10,18],[62,0]]]},
"G187": {"type": "Matrix2x2", "payoffs": [[[0,6],[22,0]],[[26,18],[13,15]]]},
"G188": {"type": "Matrix2x2", "payoffs": [[[0,0],[50,90]],[[44,8],[3,69]]]},
"G189": {"type": "Matrix2x2", "payoffs": [[[67,0],[73,53]],[[60,44],[0,1]]]},
"G190": {"type": "Matrix2x2", "payoffs": [[[0,29],[6,3]],[[58,78],[26,0]]]},
"G191": {"type": "Matrix2x2", "payoffs": [[[88,10],[0,8]],[[37,0],[100,16]]]},
"G192": {"type": "Matrix2x2", "payoffs": [[[57,47],[70,82]],[[35,0],[0,64]]]},
"G193": {"type": "Matrix2x2", "payoffs": [[[51,39],[3,0]],[[47,4],[0,35]]]},
"G194": {"type": "Matrix2x2", "payoffs": [[[94,41],[95,88]],[[0,24],[3,0]]]},
"G195": {"type": "Matrix2x2", "payoffs": [[[17,15],[12,5]],[[0,0],[4,2]]]},
"G196": {"type": "Matrix2x2", "payoffs": [[[22,8],[5,4]],[[13,3],[0,0]]]},
"G197": {"type": "Matrix2x2", "payoffs": [[[2,0],[0,42]],[[20,73],[6,54]]]},
"G198": {"type": "Matrix2x2", "payoffs": [[[0,53],[94,64]],[[77,0],[56,35]]]},
"G199": {"type": "Matrix2x2", "payoffs": [[[6,0],[93,76]],[[72,18],[0,49]]]},
"G200": {"type": "Matrix2x2", "payoffs": [[[66,17],[31,28]],[[95,46],[0,0]]]},
"G201": {"type": "Matrix2x2", "payoffs": [[[0,0],[4,15]],[[69,13],[84,17]]]},
"G202": {"type": "Matrix2x2", "payoffs": [[[5,19],[0,20]],[[13,24],[10,0]]]},
"G203": {"type": "Matrix2x2", "payoffs": [[[92,75],[39,0]],[[0,66],[13,17]]]},
"G204": {"type": "Matrix2x2", "payoffs": [[[53,46],[79,89]],[[73,0],[0,23]]]},
"G205": {"type": "Matrix2x2", "payoffs": [[[5,76],[0,0]],[[6,99],[4,14]]]},
"G206": {"type": "Matrix2x2", "payoffs": [[[0,31],[12,0]],[[28,81],[5,47]]]},
"G207": {"type": "Matrix2x2", "payoffs": [[[80,27],[0,2]],[[73,14],[24,0]]]},
"G208": {"type": "Matrix2x2", "payoffs": [[[20,0],[0,10]],[[27,46],[5,19]]]},
"G209": {"type": "Matrix2x2", "payoffs": [[[0,0],[22,36]],[[28,66],[13,27]]]},
"G210": {"type": "Matrix2x2", "payoffs": [[[0,8],[3,0]],[[82,30],[13,28]]]},
"G211": {"type": "Matrix2x2", "payoffs": [[[0,58],[5,57]],[[35,62],[8,0]]]},
"G212": {"type": "Matrix2x2", "payoffs": [[[39,12],[0,5]],[[75,0],[89,15]]]},
"G213": {"type": "Matrix2x2", "payoffs": [[[72,57],[18,0]],[[70,33],[0,19]]]},
"G214": {"type": "Matrix2x2", "payoffs": [[[0,43],[50,0]],[[35,2],[75,75]]]},
"G215": {"type": "Matrix2x2", "payoffs": [[[18,52],[70,0]],[[0,33],[100,68]]]},
"G216": {"type": "Matrix2x2", "payoffs": [[[0,58],[5,64]],[[3,0],[4,23]]]},
"G217": {"type": "Matrix2x2", "payoffs": [[[3,4],[0,12]],[[1,0],[4,28]]]},
"G218": {"type": "Matrix2x2", "payoffs": [[[6,74],[0,55]],[[5,0],[2,14]]]},
"G219": {"type": "Matrix2x2", "payoffs": [[[0,54],[7,89]],[[1,0],[2,83]]]},
"G220": {"type": "Matrix2x2", "payoffs": [[[19,76],[0,0]],[[25,77],[4,40]]]},
"G221": {"type": "Matrix2x2", "payoffs": [[[2,68],[1,0]],[[3,92],[0,46]]]},
"G222": {"type": "Matrix2x2", "payoffs": [[[0,0],[36,55]],[[18,22],[21,38]]]},
"G223": {"type": "Matrix2x2", "payoffs": [[[18,0],[57,13]],[[69,97],[0,37]]]},
"G224": {"type": "Matrix2x2", "payoffs": [[[0,0],[76,62]],[[17,22],[52,35]]]},
"G225": {"type": "Matrix2x2", "payoffs": [[[39,86],[22,60]],[[0,11],[8,0]]]},
"G226": {"type": "Matrix2x2", "payoffs": [[[45,63],[5,39]],[[0,4],[2,0]]]},
"G227": {"type": "Matrix2x2", "payoffs": [[[63,29],[48,25]],[[60,0],[0,22]]]},
"G228": {"type": "Matrix2x2", "payoffs": [[[0,0],[69,77]],[[29,15],[49,1]]]},
"G229": {"type": "Matrix2x2", "payoffs": [[[28,0],[0,76]],[[11,65],[39,81]]]},
"G230": {"type": "Matrix2x2", "payoffs": [[[0,1],[71,48]],[[36,0],[69,20]]]},
"G231": {"type": "Matrix2x2", "payoffs": [[[0,0],[26,46]],[[17,49],[79,80]]]},
"G232": {"type": "Matrix2x2", "payoffs": [[[0,10],[3,0]],[[32,5],[41,22]]]},
"G233": {"type": "Matrix2x2", "payoffs": [[[34,27],[4,0]],[[5,7],[0,24]]]},
"G234": {"type": "Matrix2x2", "payoffs": [[[2,86],[10,97]],[[3,60],[0,0]]]},
"G235": {"type": "Matrix2x2", "payoffs": [[[6,9],[70,70]],[[5,0],[0,53]]]},
"G236": {"type": "Matrix2x2", "payoffs": [[[81,42],[0,23]],[[28,4],[68,0]]]},
"G237": {"type": "Matrix2x2", "payoffs": [[[95,29],[0,0]],[[54,12],[91,5]]]},
"G238": {"type": "Matrix2x2", "payoffs": [[[12,37],[0,39]],[[90,62],[78,0]]]},
"G239": {"type": "Matrix2x2", "payoffs": [[[0,31],[1,0]],[[58,7],[81,41]]]},
"G240": {"type": "Matrix2x2", "payoffs": [[[2,1],[8,2]],[[0,0],[9,24]]]},
"G241": {"type": "Matrix2x2", "payoffs": [[[3,0],[4,18]],[[0,17],[10,42]]]},
"G242": {"type": "Matrix2x2", "payoffs": [[[33,0],[37,65]],[[8,56],[0,10]]]},
"G243": {"type": "Matrix2x2", "payoffs": [[[0,28],[3,0]],[[11,57],[1,56]]]},
"G244": {"type": "Matrix2x2", "payoffs": [[[55,31],[66,71]],[[0,0],[36,21]]]},
"G245": {"type": "Matrix2x2", "payoffs": [[[0,2],[6,0]],[[7,10],[12,12]]]},
"G246": {"type": "Matrix2x2", "payoffs": [[[3,34],[37,91]],[[0,0],[35,67]]]},
"G247": {"type": "Matrix2x2", "payoffs": [[[33,5],[0,39]],[[39,0],[64,41]]]},
"G248": {"type": "Matrix2x2", "payoffs": [[[0,0],[27,36]],[[20,1],[36,47]]]},
"G249": {"type": "Matrix2x2", "payoffs": [[[47,40],[0,17]],[[24,10],[45,0]]]},
"G250": {"type": "Matrix2x2", "payoffs": [[[14,68],[10,0]],[[0,11],[8,17]]]},
"G251": {"type": "Matrix2x2", "payoffs": [[[51,25],[0,3]],[[53,0],[57,66]]]},
"G252": {"type": "Matrix2x2", "payoffs": [[[34,0],[70,60]],[[45,27],[0,5]]]},
"G253": {"type": "Matrix2x2", "payoffs": [[[0,0],[13,20]],[[22,54],[12,27]]]},
"G254": {"type": "Matrix2x2", "payoffs": [[[0,51],[94,56]],[[37,0],[57,28]]]},
"G255": {"type": "Matrix2x2", "payoffs": [[[42,27],[47,58]],[[0,56],[41,0]]]},
"G256": {"type": "Matrix2x2", "payoffs": [[[21,27],[14,9]],[[89,64],[0,0]]]},
"G257": {"type": "Matrix2x2", "payoffs": [[[57,45],[55,23]],[[21,0],[0,44]]]},
"G258": {"type": "Matrix2x2", "payoffs": [[[1,14],[29,0]],[[0,7],[94,49]]]},
"G259": {"type": "Matrix2x2", "payoffs": [[[25,7],[30,0]],[[41,9],[0,4]]]},
"G260": {"type": "Matrix2x2", "payoffs": [[[7,15],[61,29]],[[66,69],[0,0]]]},
"G261": {"type": "Matrix2x2", "payoffs": [[[69,0],[32,10]],[[78,93],[0,74]]]},
"G262": {"type": "Matrix2x2", "payoffs": [[[18,0],[66,14]],[[55,5],[0,11]]]},
"G263": {"type": "Matrix2x2", "payoffs": [[[48,24],[19,1]],[[5,16],[0,0]]]},
"G264": {"type": "Matrix2x2", "payoffs": [[[5,3],[1,6]],[[6,33],[0,0]]]},
"G265": {"type": "Matrix2x2", "payoffs": [[[61,52],[86,60]],[[0,0],[54,47]]]},
"G266": {"type": "Matrix2x2", "payoffs": [[[24,31],[8,5]],[[0,3],[18,0]]]},
"G267": {"type": "Matrix2x2", "payoffs": [[[68,16],[64,86]],[[69,89],[0,0]]]},
"G268": {"type": "Matrix2x2", "payoffs": [[[0,0],[13,96]],[[8,58],[3,1]]]},
"G269": {"type": "Matrix2x2", "payoffs": [[[54,37],[0,15]],[[11,0],[58,59]]]},
"G270": {"type": "Matrix2x2", "payoffs": [[[93,75],[69,6]],[[0,71],[76,0]]]},
"G271": {"type": "Matrix2x2", "payoffs": [[[28,21],[95,88]],[[11,0],[0,40]]]},
"G272": {"type": "Matrix2x2", "payoffs": [[[67,29],[90,79]],[[0,0],[72,13]]]},
"G273": {"type": "Matrix2x2", "payoffs": [[[15,0],[0,9]],[[67,5],[76,16]]]},
"G274": {"type": "Matrix2x2", "payoffs": [[[88,44],[0,0]],[[67,27],[54,25]]]},
"G275": {"type": "Matrix2x2", "payoffs": [[[0,1],[75,6]],[[26,0],[34,5]]]},
"G276": {"type": "Matrix2x2", "payoffs": [[[3,73],[1,0]],[[4,87],[0,2]]]},
"G277": {"type": "Matrix2x2", "payoffs": [[[84,43],[71,0]],[[0,19],[16,10]]]},
"G278": {"type": "Matrix2x2", "payoffs": [[[0,42],[15,92]],[[28,98],[16,0]]]},
"G279": {"type": "Matrix2x2", "payoffs": [[[54,0],[79,40]],[[9,6],[0,22]]]},
"G280": {"type": "Matrix2x2", "payoffs": [[[21,0],[22,98]],[[1,17],[0,2]]]},
"G281": {"type": "Matrix2x2", "payoffs": [[[0,2],[4,8]],[[3,5],[1,0]]]},
"G282": {"type": "Matrix2x2", "payoffs": [[[33,41],[3,0]],[[0,42],[34,66]]]},
"G283": {"type": "Matrix2x2", "payoffs": [[[32,8],[72,36]],[[9,26],[0,0]]]},
"G284": {"type": "Matrix2x2", "payoffs": [[[19,80],[4,43]],[[0,61],[2,0]]]},
"G285": {"type": "Matrix2x2", "payoffs": [[[16,76],[1,34]],[[17,92],[0,0]]]},
"G286": {"type": "Matrix2x2", "payoffs": [[[28,46],[18,32]],[[0,10],[25,0]]]},
"G287": {"type": "Matrix2x2", "payoffs": [[[47,2],[0,10]],[[56,26],[31,0]]]},
"G288": {"type": "Matrix2x2", "payoffs": [[[67,36],[37,0]],[[0,6],[38,2]]]},
"G289": {"type": "Matrix2x2", "payoffs": [[[83,26],[0,0]],[[94,30],[86,24]]]},
"G290": {"type": "Matrix2x2", "payoffs": [[[35,0],[31,68]],[[0,7],[44,79]]]},
"G291": {"type": "Matrix2x2", "payoffs": [[[45,51],[0,0]],[[19,14],[40,23]]]},
"G292": {"type": "Matrix2x2", "payoffs": [[[36,55],[0,37]],[[18,0],[28,52]]]},
"G293": {"type": "Matrix2x2", "payoffs": [[[4,9],[16,35]],[[0,10],[6,0]]]},
"G294": {"type": "Matrix2x2", "payoffs": [[[5,6],[8,9]],[[0,0],[6,3]]]},
"G295": {"type": "Matrix2x2", "payoffs": [[[6,0],[15,2]],[[0,3],[18,5]]]},
"G296": {"type": "Matrix2x2", "payoffs": [[[0,73],[71,86]],[[10,20],[65,0]]]},
"G297": {"type": "Matrix2x2", "payoffs": [[[19,30],[0,0]],[[34,66],[22,58]]]},
"G298": {"type": "Matrix2x2", "payoffs": [[[4,0],[21,74]],[[0,3],[2,37]]]},
"G299": {"type": "Matrix2x2", "payoffs": [[[0,0],[1,1]],[[29,95],[9,34]]]},
"G300": {"type": "Matrix2x2", "payoffs": [[[0,29],[13,1]],[[76,61],[53,0]]]},
"G301": {"type": "Matrix2x2", "payoffs": [[[0,67],[10,35]],[[78,79],[74,0]]]},
"G302": {"type": "Matrix2x2", "payoffs": [[[0,2],[61,5]],[[45,0],[27,1]]]},
"G303": {"type": "Matrix2x2", "payoffs": [[[18,0],[0,82]],[[2,83],[27,90]]]},
"G304": {"type": "Matrix2x2", "payoffs": [[[0,0],[17,9]],[[7,10],[32,11]]]},
"G305": {"type": "Matrix2x2", "payoffs": [[[55,83],[0,19]],[[45,0],[96,90]]]},
"G306": {"type": "Matrix2x2", "payoffs": [[[12,30],[14,40]],[[15,68],[0,0]]]},
"G307": {"type": "Matrix2x2", "payoffs": [[[20,0],[21,58]],[[3,40],[0,29]]]},
"G308": {"type": "Matrix2x2", "payoffs": [[[19,9],[0,0]],[[20,92],[17,52]]]},
"G309": {"type": "Matrix2x2", "payoffs": [[[0,51],[30,0]],[[61,67],[1,53]]]},
"G310": {"type": "Matrix2x2", "payoffs": [[[14,0],[0,15]],[[18,23],[26,68]]]},
"G311": {"type": "Matrix2x2", "payoffs": [[[57,0],[0,15]],[[99,83],[31,43]]]},
"G312": {"type": "Matrix2x2", "payoffs": [[[31,88],[29,14]],[[0,0],[16,40]]]},
"G313": {"type": "Matrix2x2", "payoffs": [[[9,24],[10,84]],[[0,71],[8,0]]]},
"G314": {"type": "Matrix2x2", "payoffs": [[[6,0],[0,16]],[[21,84],[1,50]]]},
"G315": {"type": "Matrix2x2", "payoffs": [[[9,69],[0,0]],[[1,13],[3,36]]]},
"G316": {"type": "Matrix2x2", "payoffs": [[[98,23],[14,0]],[[0,6],[33,4]]]},
"G317": {"type": "Matrix2x2", "payoffs": [[[28,96],[27,55]],[[16,18],[0,0]]]},
"G318": {"type": "Matrix2x2", "payoffs": [[[27,13],[33,4]],[[0,0],[45,21]]]},
"G319": {"type": "Matrix2x2", "payoffs": [[[39,19],[18,5]],[[0,0],[23,2]]]},
"G320": {"type": "Matrix2x2", "payoffs": [[[38,43],[0,22]],[[15,31],[14,0]]]},
"G321": {"type": "Matrix2x2", "payoffs": [[[0,53],[2,0]],[[7,79],[5,35]]]},
"G322": {"type": "Matrix2x2", "payoffs": [[[23,0],[0,18]],[[37,9],[44,48]]]},
"G323": {"type": "Matrix2x2", "payoffs": [[[0,19],[1,8]],[[3,0],[8,37]]]},
"G324": {"type": "Matrix2x2", "payoffs": [[[52,85],[0,62]],[[7,0],[37,29]]]},
"G325": {"type": "Matrix2x2", "payoffs": [[[0,5],[11,24]],[[6,3],[4,0]]]},
"G326": {"type": "Matrix2x2", "payoffs": [[[5,0],[7,36]],[[1,21],[0,5]]]},
"G327": {"type": "Matrix2x2", "payoffs": [[[4,17],[10,23]],[[0,18],[3,0]]]},
"G328": {"type": "Matrix2x2", "payoffs": [[[3,71],[0,12]],[[1,0],[4,75]]]},
"G329": {"type": "Matrix2x2", "payoffs": [[[26,89],[5,33]],[[0,9],[10,0]]]},
"G330": {"type": "Matrix2x2", "payoffs": [[[22,86],[4,52]],[[53,98],[0,0]]]},
"G331": {"type": "Matrix2x2", "payoffs": [[[17,35],[0,22]],[[29,42],[4,0]]]},
"G332": {"type": "Matrix2x2", "payoffs": [[[9,62],[0,0]],[[29,39],[71,67]]]},
"G333": {"type": "Matrix2x2", "payoffs": [[[9,1],[88,43]],[[0,0],[18,7]]]},
"G334": {"type": "Matrix2x2", "payoffs": [[[0,0],[25,44]],[[73,68],[22,66]]]},
"G335": {"type": "Matrix2x2", "payoffs": [[[0,27],[18,87]],[[14,14],[10,0]]]},
"G336": {"type": "Matrix2x2", "payoffs": [[[1,7],[0,0]],[[2,3],[6,45]]]},
"G337": {"type": "Matrix2x2", "payoffs": [[[0,12],[3,0]],[[67,4],[94,15]]]},
"G338": {"type": "Matrix2x2", "payoffs": [[[0,2],[29,10]],[[67,28],[61,0]]]},
"G339": {"type": "Matrix2x2", "payoffs": [[[25,15],[2,0]],[[27,80],[0,34]]]},
"G340": {"type": "Matrix2x2", "payoffs": [[[21,14],[36,20]],[[0,0],[33,8]]]},
"G341": {"type": "Matrix2x2", "payoffs": [[[98,86],[35,0]],[[0,83],[23,36]]]},
"G342": {"type": "Matrix2x2", "payoffs": [[[3,17],[33,64]],[[27,0],[0,26]]]},
"G343": {"type": "Matrix2x2", "payoffs": [[[19,0],[20,62]],[[0,54],[13,55]]]},
"G344": {"type": "Matrix2x2", "payoffs": [[[62,1],[2,3]],[[63,9],[0,0]]]},
"G345": {"type": "Matrix2x2", "payoffs": [[[0,0],[13,38]],[[90,46],[50,36]]]},
"G346": {"type": "Matrix2x2", "payoffs": [[[94,46],[0,0]],[[29,8],[52,13]]]},
"G347": {"type": "Matrix2x2", "payoffs": [[[0,0],[71,56]],[[32,31],[62,11]]]},
"G348": {"type": "Matrix2x2", "payoffs": [[[54,0],[11,35]],[[69,36],[0,2]]]},
"G349": {"type": "Matrix2x2", "payoffs": [[[79,27],[4,0]],[[0,3],[58,21]]]},
"G350": {"type": "Matrix2x2", "payoffs": [[[0,0],[32,75]],[[7,29],[12,37]]]},
"G351": {"type": "Matrix2x2", "payoffs": [[[49,0],[0,47]],[[53,18],[82,79]]]},
"G352": {"type": "Matrix2x2", "payoffs": [[[66,43],[44,0]],[[0,1],[41,13]]]},
"G353": {"type": "Matrix2x2", "payoffs": [[[4,0],[0,50]],[[15,78],[3,20]]]},
"G354": {"type": "Matrix2x2", "payoffs": [[[84,15],[75,0]],[[64,1],[0,5]]]},
"G355": {"type": "Matrix2x2", "payoffs": [[[2,51],[27,77]],[[0,0],[20,64]]]},
"G356": {"type": "Matrix2x2", "payoffs": [[[0,0],[7,5]],[[18,16],[6,6]]]},
"G357": {"type": "Matrix2x2", "payoffs": [[[35,32],[73,33]],[[0,0],[51,7]]]},
"G358": {"type": "Matrix2x2", "payoffs": [[[0,3],[7,0]],[[11,19],[14,31]]]},
"G359": {"type": "Matrix2x2", "payoffs": [[[0,0],[58,33]],[[13,19],[54,28]]]},
"G360": {"type": "Matrix2x2", "payoffs": [[[82,72],[81,48]],[[59,0],[0,43]]]},
"G361": {"type": "Matrix2x2", "payoffs": [[[11,30],[3,15]],[[8,9],[0,0]]]},
"G362": {"type": "Matrix2x2", "payoffs": [[[94,69],[44,0]],[[11,68],[0,61]]]},
"G363": {"type": "Matrix2x2", "payoffs": [[[0,21],[8,18]],[[6,0],[21,31]]]},
"G364": {"type": "Matrix2x2", "payoffs": [[[1,1],[3,11]],[[0,0],[4,22]]]},
"G365": {"type": "Matrix2x2", "payoffs": [[[25,14],[39,43]],[[0,0],[6,39]]]},
"G366": {"type": "Matrix2x2", "payoffs": [[[60,24],[24,16]],[[0,20],[37,0]]]},
"G367": {"type": "Matrix2x2", "payoffs": [[[0,3],[50,9]],[[13,0],[86,22]]]},
"G368": {"type": "Matrix2x2", "payoffs": [[[0,35],[15,12]],[[60,36],[54,0]]]},
"G369": {"type": "Matrix2x2", "payoffs": [[[65,15],[22,0]],[[11,6],[0,8]]]},
"G370": {"type": "Matrix2x2", "payoffs": [[[29,86],[0,15]],[[2,0],[8,30]]]},
"G371": {"type": "Matrix2x2", "payoffs": [[[26,0],[56,64]],[[0,59],[17,6]]]},
"G372": {"type": "Matrix2x2", "payoffs": [[[0,44],[40,71]],[[25,0],[39,47]]]},
"G373": {"type": "Matrix2x2", "payoffs": [[[0,32],[3,0]],[[4,5],[5,42]]]},
"G374": {"type": "Matrix2x2", "payoffs": [[[15,30],[1,0]],[[0,36],[69,38]]]},
"G375": {"type": "Matrix2x2", "payoffs": [[[32,3],[34,97]],[[0,83],[3,0]]]},
"G376": {"type": "Matrix2x2", "payoffs": [[[51,99],[0,0]],[[24,36],[21,89]]]},
"G377": {"type": "Matrix2x2", "payoffs": [[[61,26],[60,20]],[[33,0],[0,24]]]},
"G378": {"type": "Matrix2x2", "payoffs": [[[73,0],[74,64]],[[65,8],[0,25]]]},
"G379": {"type": "Matrix2x2", "payoffs": [[[58,12],[52,10]],[[0,11],[45,0]]]},
"G380": {"type": "Matrix2x2", "payoffs": [[[0,28],[9,0]],[[13,64],[7,38]]]},
"G381": {"type": "Matrix2x2", "payoffs": [[[0,0],[26,6]],[[24,62],[42,64]]]},
"G382": {"type": "Matrix2x2", "payoffs": [[[53,25],[0,19]],[[38,14],[31,0]]]},
"G383": {"type": "Matrix2x2", "payoffs": [[[50,76],[0,0]],[[13,24],[45,20]]]},
"G384": {"type": "Matrix2x2", "payoffs": [[[28,0],[17,2]],[[0,3],[85,4]]]},
"G385": {"type": "Matrix2x2", "payoffs": [[[13,20],[15,60]],[[0,0],[2,2]]]},
"G386": {"type": "Matrix2x2", "payoffs": [[[25,95],[19,3]],[[4,52],[0,0]]]},
"G387": {"type": "Matrix2x2", "payoffs": [[[57,1],[97,13]],[[54,0],[0,5]]]},
"G388": {"type": "Matrix2x2", "payoffs": [[[49,38],[80,45]],[[0,20],[74,0]]]},
"G389": {"type": "Matrix2x2", "payoffs": [[[10,67],[51,83]],[[17,14],[0,0]]]},
"G390": {"type": "Matrix2x2", "payoffs": [[[3,24],[2,0]],[[1,7],[0,18]]]},
"G391": {"type": "Matrix2x2", "payoffs": [[[0,0],[9,56]],[[19,44],[21,63]]]},
"G392": {"type": "Matrix2x2", "payoffs": [[[0,10],[34,28]],[[4,0],[27,13]]]},
"G393": {"type": "Matrix2x2", "payoffs": [[[57,31],[0,0]],[[94,46],[82,30]]]},
"G394": {"type": "Matrix2x2", "payoffs": [[[21,5],[7,0]],[[0,14],[26,26]]]},
"G395": {"type": "Matrix2x2", "payoffs": [[[0,0],[11,77]],[[23,38],[39,78]]]},
"G396": {"type": "Matrix2x2", "payoffs": [[[0,38],[7,0]],[[1,7],[15,41]]]},
"G397": {"type": "Matrix2x2", "payoffs": [[[2,12],[17,3]],[[0,0],[18,14]]]},
"G398": {"type": "Matrix2x2", "payoffs": [[[0,41],[55,50]],[[21,45],[10,0]]]},
"G399": {"type": "Matrix2x2", "payoffs": [[[54,98],[44,29]],[[19,61],[0,0]]]},
"G400": {"type": "Matrix2x2", "payoffs": [[[0,3],[40,7]],[[41,0],[52,8]]]},
"G401": {"type": "Matrix2x2", "payoffs": [[[0,0],[71,16]],[[94,50],[30,23]]]},
"G402": {"type": "Matrix2x2", "payoffs": [[[30,0],[0,58]],[[88,59],[46,18]]]},
"G403": {"type": "Matrix2x2", "payoffs": [[[3,18],[2,14]],[[0,2],[1,0]]]},
"G404": {"type": "Matrix2x2", "payoffs": [[[88,51],[54,0]],[[31,27],[0,7]]]},
"G405": {"type": "Matrix2x2", "payoffs": [[[97,33],[0,28]],[[1,26],[67,0]]]},
"G406": {"type": "Matrix2x2", "payoffs": [[[75,32],[0,2]],[[65,0],[62,6]]]},
"G407": {"type": "Matrix2x2", "payoffs": [[[0,29],[18,53]],[[37,0],[68,57]]]},
"G408": {"type": "Matrix2x2", "payoffs": [[[37,8],[64,17]],[[0,0],[47,11]]]},
"G409": {"type": "Matrix2x2", "payoffs": [[[0,4],[15,21]],[[70,0],[77,92]]]},
"G410": {"type": "Matrix2x2", "payoffs": [[[56,67],[11,66]],[[0,0],[61,71]]]},
"G411": {"type": "Matrix2x2", "payoffs": [[[10,0],[67,50]],[[62,10],[0,35]]]},
"G412": {"type": "Matrix2x2", "payoffs": [[[28,0],[34,27]],[[24,7],[0,5]]]},
"G413": {"type": "Matrix2x2", "payoffs": [[[32,43],[0,6]],[[63,0],[83,45]]]},
"G414": {"type": "Matrix2x2", "payoffs": [[[34,25],[59,26]],[[0,0],[20,3]]]},
"G415": {"type": "Matrix2x2", "payoffs": [[[24,49],[7,44]],[[16,16],[0,0]]]},
"G416": {"type": "Matrix2x2", "payoffs": [[[49,0],[0,33]],[[72,39],[11,14]]]},
"G417": {"type": "Matrix2x2", "payoffs": [[[93,74],[0,62]],[[64,37],[19,0]]]},
"G418": {"type": "Matrix2x2", "payoffs": [[[32,0],[0,1]],[[45,83],[20,63]]]},
"G419": {"type": "Matrix2x2", "payoffs": [[[76,94],[0,0]],[[8,11],[32,27]]]},
"G420": {"type": "Matrix2x2", "payoffs": [[[8,55],[55,78]],[[29,0],[0,70]]]},
"G421": {"type": "Matrix2x2", "payoffs": [[[0,0],[7,22]],[[97,24],[3,16]]]},
"G422": {"type": "Matrix2x2", "payoffs": [[[17,0],[0,24]],[[6,10],[20,32]]]},
"G423": {"type": "Matrix2x2", "payoffs": [[[36,18],[0,0]],[[4,17],[19,7]]]},
"G424": {"type": "Matrix2x2", "payoffs": [[[44,20],[0,44]],[[54,61],[31,0]]]},
"G425": {"type": "Matrix2x2", "payoffs": [[[0,29],[37,31]],[[14,26],[11,0]]]},
"G426": {"type": "Matrix2x2", "payoffs": [[[18,13],[37,12]],[[54,37],[0,0]]]},
"G427": {"type": "Matrix2x2", "payoffs": [[[19,44],[52,0]],[[0,19],[54,68]]]},
"G428": {"type": "Matrix2x2", "payoffs": [[[35,18],[6,54]],[[0,0],[37,59]]]},
"G429": {"type": "Matrix2x2", "payoffs": [[[66,30],[0,2]],[[90,0],[94,72]]]},
"G430": {"type": "Matrix2x2", "payoffs": [[[0,32],[11,0]],[[45,77],[43,41]]]},
"G431": {"type": "Matrix2x2", "payoffs": [[[20,45],[39,57]],[[21,0],[0,7]]]},
"G432": {"type": "Matrix2x2", "payoffs": [[[5,0],[2,10]],[[0,8],[6,72]]]},
"G433": {"type": "Matrix2x2", "payoffs": [[[0,5],[38,63]],[[26,43],[25,0]]]},
"G434": {"type": "Matrix2x2", "payoffs": [[[0,12],[60,19]],[[47,0],[7,1]]]},
"G435": {"type": "Matrix2x2", "payoffs": [[[29,58],[0,0]],[[76,95],[68,65]]]},
"G436": {"type": "Matrix2x2", "payoffs": [[[62,0],[24,5]],[[65,28],[0,4]]]},
"G437": {"type": "Matrix2x2", "payoffs": [[[2,0],[4,85]],[[0,1],[3,26]]]},
"G438": {"type": "Matrix2x2", "payoffs": [[[29,99],[19,0]],[[11,29],[0,94]]]},
"G439": {"type": "Matrix2x2", "payoffs": [[[13,17],[26,87]],[[15,16],[0,0]]]},
"G440": {"type": "Matrix2x2", "payoffs": [[[47,84],[42,0]],[[37,80],[0,11]]]},
"G441": {"type": "Matrix2x2", "payoffs": [[[27,41],[24,9]],[[0,0],[9,32]]]},
"G442": {"type": "Matrix2x2", "payoffs": [[[42,46],[12,2]],[[0,0],[62,87]]]},
"G443": {"type": "Matrix2x2", "payoffs": [[[65,49],[78,0]],[[0,24],[79,50]]]},
"G444": {"type": "Matrix2x2", "payoffs": [[[0,0],[35,35]],[[34,26],[30,32]]]},
"G445": {"type": "Matrix2x2", "payoffs": [[[82,63],[73,60]],[[0,11],[49,0]]]},
"G446": {"type": "Matrix2x2", "payoffs": [[[90,13],[0,12]],[[64,0],[44,7]]]},
"G447": {"type": "Matrix2x2", "payoffs": [[[36,18],[0,13]],[[6,0],[35,11]]]},
"G448": {"type": "Matrix2x2", "payoffs": [[[47,84],[9,42]],[[0,0],[25,71]]]},
"G449": {"type": "Matrix2x2", "payoffs": [[[0,0],[2,58]],[[1,24],[3,73]]]},
"G450": {"type": "Matrix2x2", "payoffs": [[[0,36],[92,49]],[[11,0],[65,26]]]},
"G451": {"type": "Matrix2x2", "payoffs": [[[0,74],[60,15]],[[93,76],[53,0]]]},
"G452": {"type": "Matrix2x2", "payoffs": [[[3,86],[0,0]],[[88,90],[81,47]]]},
"G453": {"type": "Matrix2x2", "payoffs": [[[0,0],[22,19]],[[32,22],[7,6]]]},
"G454": {"type": "Matrix2x2", "payoffs": [[[45,49],[0,0]],[[80,63],[27,24]]]},
"G455": {"type": "Matrix2x2", "payoffs": [[[98,17],[0,3]],[[80,0],[97,4]]]},
"G456": {"type": "Matrix2x2", "payoffs": [[[80,36],[68,5]],[[0,0],[18,25]]]},
"G457": {"type": "Matrix2x2", "payoffs": [[[9,0],[0,45]],[[8,10],[13,68]]]},
"G458": {"type": "Matrix2x2", "payoffs": [[[0,3],[38,0]],[[65,22],[62,7]]]},
"G459": {"type": "Matrix2x2", "payoffs": [[[15,9],[0,0]],[[2,10],[40,12]]]},
"G460": {"type": "Matrix2x2", "payoffs": [[[0,0],[3,31]],[[19,13],[32,82]]]},
"G461": {"type": "Matrix2x2", "payoffs": [[[11,0],[67,14]],[[44,4],[0,11]]]},
"G462": {"type": "Matrix2x2", "payoffs": [[[17,50],[0,20]],[[15,26],[12,0]]]},
"G463": {"type": "Matrix2x2", "payoffs": [[[79,20],[38,0]],[[0,10],[99,34]]]},
"G464": {"type": "Matrix2x2", "payoffs": [[[91,15],[40,2]],[[0,9],[25,0]]]},
"G465": {"type": "Matrix2x2", "payoffs": [[[24,28],[0,0]],[[30,30],[64,54]]]},
"G466": {"type": "Matrix2x2", "payoffs": [[[4,0],[41,52]],[[10,25],[0,41]]]},
"G467": {"type": "Matrix2x2", "payoffs": [[[5,0],[2,21]],[[0,27],[6,32]]]},
"G468": {"type": "Matrix2x2", "payoffs": [[[23,16],[70,49]],[[0,0],[59,31]]]},
"G469": {"type": "Matrix2x2", "payoffs": [[[25,0],[83,89]],[[0,31],[67,78]]]},
"G470": {"type": "Matrix2x2", "payoffs": [[[0,0],[2,32]],[[7,80],[1,23]]]},
"G471": {"type": "Matrix2x2", "payoffs": [[[23,12],[52,37]],[[63,38],[0,0]]]},
"G472": {"type": "Matrix2x2", "payoffs": [[[4,57],[1,0]],[[2,17],[0,24]]]},
"G473": {"type": "Matrix2x2", "payoffs": [[[0,33],[41,0]],[[88,75],[54,13]]]},
"G474": {"type": "Matrix2x2", "payoffs": [[[0,0],[100,40]],[[61,32],[95,21]]]},
"G475": {"type": "Matrix2x2", "payoffs": [[[4,0],[11,71]],[[0,10],[2,14]]]},
"G476": {"type": "Matrix2x2", "payoffs": [[[2,9],[25,10]],[[7,2],[0,0]]]},
"G477": {"type": "Matrix2x2", "payoffs": [[[35,22],[38,0]],[[0,40],[57,84]]]},
"G478": {"type": "Matrix2x2", "payoffs": [[[24,82],[7,14]],[[0,0],[4,63]]]},
"G479": {"type": "Matrix2x2", "payoffs": [[[0,4],[45,5]],[[13,0],[72,13]]]},
"G480": {"type": "Matrix2x2", "payoffs": [[[9,8],[40,75]],[[25,13],[0,0]]]},
"G481": {"type": "Matrix2x2", "payoffs": [[[33,39],[12,16]],[[0,23],[3,0]]]},
"G482": {"type": "Matrix2x2", "payoffs": [[[17,18],[19,20]],[[0,9],[16,0]]]},
"G483": {"type": "Matrix2x2", "payoffs": [[[17,46],[33,48]],[[9,15],[0,0]]]},
"G484": {"type": "Matrix2x2", "payoffs": [[[28,43],[0,1]],[[13,10],[9,0]]]},
"G485": {"type": "Matrix2x2", "payoffs": [[[1,23],[0,0]],[[4,13],[11,34]]]},
"G486": {"type": "Matrix2x2", "payoffs": [[[50,26],[2,22]],[[0,0],[65,34]]]},
"G487": {"type": "Matrix2x2", "payoffs": [[[11,0],[0,5]],[[28,26],[21,11]]]},
"G488": {"type": "Matrix2x2", "payoffs": [[[13,0],[33,51]],[[0,48],[2,12]]]},
"G489": {"type": "Matrix2x2", "payoffs": [[[2,46],[0,0]],[[4,64],[34,68]]]},
"G490": {"type": "Matrix2x2", "payoffs": [[[16,38],[10,2]],[[0,0],[36,45]]]},
"G491": {"type": "Matrix2x2", "payoffs": [[[0,13],[66,48]],[[34,0],[65,46]]]},
"G492": {"type": "Matrix2x2", "payoffs": [[[48,35],[0,0]],[[16,61],[80,77]]]},
"G493": {"type": "Matrix2x2", "payoffs": [[[5,9],[4,8]],[[0,0],[2,4]]]},
"G494": {"type": "Matrix2x2", "payoffs": [[[47,20],[0,0]],[[52,48],[31,31]]]},
"G495": {"type": "Matrix2x2", "payoffs": [[[0,14],[22,79]],[[21,8],[12,0]]]},
"G496": {"type": "Matrix2x2", "payoffs": [[[31,30],[73,81]],[[72,3],[0,0]]]},
"G497": {"type": "Matrix2x2", "payoffs": [[[0,0],[17,1]],[[23,8],[2,6]]]},
"G498": {"type": "Matrix2x2", "payoffs": [[[0,0],[40,25]],[[1,3],[36,17]]]},
"G499": {"type": "Matrix2x2", "payoffs": [[[38,6],[0,20]],[[1,0],[41,34]]]},
"G500": {"type": "Matrix2x2", "payoffs": [[[38,18],[48,0]],[[61,28],[0,5]]]},
"G501": {"type": "Matrix2x2", "payoffs": [[[0,4],[26,1]],[[47,0],[67,5]]]},
"G502": {"type": "Matrix2x2", "payoffs": [[[39,79],[43,27]],[[0,0],[81,80]]]},
"G503": {"type": "Matrix2x2", "payoffs": [[[55,0],[44,4]],[[81,61],[0,6]]]},
"G504": {"type": "Matrix2x2", "payoffs": [[[25,0],[0,24]],[[43,36],[32,7]]]},
"G505": {"type": "Matrix2x2", "payoffs": [[[32,18],[80,47]],[[65,0],[0,31]]]},
"G506": {"type": "Matrix2x2", "payoffs": [[[27,0],[8,58]],[[0,44],[30,65]]]},
"G507": {"type": "Matrix2x2", "payoffs": [[[0,18],[55,7]],[[91,75],[47,0]]]},
"G508": {"type": "Matrix2x2", "payoffs": [[[1,0],[10,22]],[[15,88],[0,29]]]},
"G509": {"type": "Matrix2x2", "payoffs": [[[46,98],[31,18]],[[0,34],[17,0]]]},
"G510": {"type": "Matrix2x2", "payoffs": [[[1,0],[0,22]],[[3,71],[2,35]]]},
"G511": {"type": "Matrix2x2", "payoffs": [[[11,41],[18,44]],[[40,45],[0,0]]]},
"G512": {"type": "Matrix2x2", "payoffs": [[[0,68],[11,87]],[[5,0],[6,83]]]},
"G513": {"type": "Matrix2x2", "payoffs": [[[0,1],[15,0]],[[20,42],[63,46]]]},
"G514": {"type": "Matrix2x2", "payoffs": [[[2,0],[33,44]],[[59,67],[0,38]]]},
"G515": {"type": "Matrix2x2", "payoffs": [[[74,37],[0,0]],[[72,55],[78,71]]]},
"G516": {"type": "Matrix2x2", "payoffs": [[[48,0],[50,5]],[[0,52],[73,66]]]},
"G517": {"type": "Matrix2x2", "payoffs": [[[0,6],[26,0]],[[16,5],[27,57]]]},
"G518": {"type": "Matrix2x2", "payoffs": [[[23,33],[1,14]],[[0,0],[53,47]]]},
"G519": {"type": "Matrix2x2", "payoffs": [[[77,46],[53,0]],[[0,29],[3,8]]]},
"G520": {"type": "Matrix2x2", "payoffs": [[[24,34],[80,53]],[[0,44],[39,0]]]},
"G521": {"type": "Matrix2x2", "payoffs": [[[18,0],[26,57]],[[16,22],[0,52]]]},
"G522": {"type": "Matrix2x2", "payoffs": [[[39,0],[0,2]],[[63,8],[70,40]]]},
"G523": {"type": "Matrix2x2", "payoffs": [[[43,0],[2,14]],[[86,94],[0,79]]]},
"G524": {"type": "Matrix2x2", "payoffs": [[[0,0],[1,1]],[[13,18],[12,14]]]},
"G525": {"type": "Matrix2x2", "payoffs": [[[5,18],[1,0]],[[0,6],[8,19]]]},
"G526": {"type": "Matrix2x2", "payoffs": [[[51,61],[22,3]],[[69,73],[0,0]]]},
"G527": {"type": "Matrix2x2", "payoffs": [[[21,37],[50,82]],[[34,27],[0,0]]]},
"G528": {"type": "Matrix2x2", "payoffs": [[[40,0],[93,67]],[[0,62],[58,43]]]},
"G529": {"type": "Matrix2x2", "payoffs": [[[0,2],[45,1]],[[97,5],[70,0]]]},
"G530": {"type": "Matrix2x2", "payoffs": [[[0,0],[55,16]],[[82,61],[43,60]]]},
"G531": {"type": "Matrix2x2", "payoffs": [[[0,0],[47,76]],[[31,29],[69,88]]]},
"G532": {"type": "Matrix2x2", "payoffs": [[[0,0],[60,41]],[[7,12],[81,54]]]},
"G533": {"type": "Matrix2x2", "payoffs": [[[45,28],[0,0]],[[5,17],[10,19]]]},
"G534": {"type": "Matrix2x2", "payoffs": [[[11,0],[33,87]],[[32,50],[0,79]]]},
"G535": {"type": "Matrix2x2", "payoffs": [[[15,20],[25,26]],[[7,5],[0,0]]]},
"G536": {"type": "Matrix2x2", "payoffs": [[[3,0],[9,3]],[[0,2],[10,5]]]},
"G537": {"type": "Matrix2x2", "payoffs": [[[11,0],[0,1]],[[17,9],[19,20]]]},
"G538": {"type": "Matrix2x2", "payoffs": [[[51,44],[42,40]],[[0,23],[9,0]]]},
"G539": {"type": "Matrix2x2", "payoffs": [[[0,29],[87,59]],[[60,0],[65,52]]]},
"G540": {"type": "Matrix2x2", "payoffs": [[[18,1],[5,0]],[[82,25],[0,14]]]},
"G541": {"type": "Matrix2x2", "payoffs": [[[20,19],[36,98]],[[0,31],[29,0]]]},
"G542": {"type": "Matrix2x2", "payoffs": [[[16,37],[0,8]],[[18,40],[8,0]]]},
"G543": {"type": "Matrix2x2", "payoffs": [[[43,42],[20,23]],[[31,0],[0,28]]]},
"G544": {"type": "Matrix2x2", "payoffs": [[[12,34],[0,74]],[[89,91],[21,0]]]},
"G545": {"type": "Matrix2x2", "payoffs": [[[0,15],[20,25]],[[2,17],[12,0]]]},
"G546": {"type": "Matrix2x2", "payoffs": [[[40,81],[0,45]],[[21,73],[4,0]]]},
"G547": {"type": "Matrix2x2", "payoffs": [[[1,77],[12,0]],[[16,83],[0,60]]]},
"G548": {"type": "Matrix2x2", "payoffs": [[[1,86],[13,83]],[[0,0],[46,91]]]},
"G549": {"type": "Matrix2x2", "payoffs": [[[52,33],[55,80]],[[44,0],[0,70]]]},
"G550": {"type": "Matrix2x2", "payoffs": [[[46,83],[51,97]],[[0,68],[23,0]]]},
"G551": {"type": "Matrix2x2", "payoffs": [[[93,5],[0,4]],[[47,1],[35,0]]]},
"G552": {"type": "Matrix2x2", "payoffs": [[[0,13],[4,23]],[[5,39],[1,0]]]},
"G553": {"type": "Matrix2x2", "payoffs": [[[25,0],[8,22]],[[0,13],[29,46]]]},
"G554": {"type": "Matrix2x2", "payoffs": [[[21,15],[82,31]],[[43,3],[0,0]]]},
"G555": {"type": "Matrix2x2", "payoffs": [[[0,36],[57,0]],[[98,98],[26,9]]]},
"G556": {"type": "Matrix2x2", "payoffs": [[[8,2],[0,18]],[[1,0],[12,30]]]},
"G557": {"type": "Matrix2x2", "payoffs": [[[100,74],[20,67]],[[0,0],[95,64]]]},
"G558": {"type": "Matrix2x2", "payoffs": [[[80,9],[94,63]],[[4,0],[0,62]]]},
"G559": {"type": "Matrix2x2", "payoffs": [[[63,0],[79,1]],[[0,2],[86,3]]]},
"G560": {"type": "Matrix2x2", "payoffs": [[[16,17],[8,3]],[[3,8],[0,0]]]},
"G561": {"type": "Matrix2x2", "payoffs": [[[25,0],[18,74]],[[44,78],[0,33]]]},
"G562": {"type": "Matrix2x2", "payoffs": [[[86,92],[61,20]],[[0,73],[1,0]]]},
"G563": {"type": "Matrix2x2", "payoffs": [[[0,12],[3,0]],[[2,19],[4,28]]]},
"G564": {"type": "Matrix2x2", "payoffs": [[[30,34],[12,32]],[[4,9],[0,0]]]},
"G565": {"type": "Matrix2x2", "payoffs": [[[30,45],[0,0]],[[7,9],[17,34]]]},
"G566": {"type": "Matrix2x2", "payoffs": [[[0,74],[25,38]],[[37,83],[27,0]]]},
"G567": {"type": "Matrix2x2", "payoffs": [[[9,0],[10,17]],[[0,6],[4,2]]]},
"G568": {"type": "Matrix2x2", "payoffs": [[[0,45],[67,89]],[[34,0],[10,63]]]},
"G569": {"type": "Matrix2x2", "payoffs": [[[0,71],[39,0]],[[81,7],[92,84]]]},
"G570": {"type": "Matrix2x2", "payoffs": [[[14,90],[11,36]],[[0,44],[8,0]]]},
"G571": {"type": "Matrix2x2", "payoffs": [[[31,68],[0,0]],[[44,72],[35,9]]]},
"G572": {"type": "Matrix2x2", "payoffs": [[[20,16],[27,35]],[[19,0],[0,30]]]},
"G573": {"type": "Matrix2x2", "payoffs": [[[33,6],[0,0]],[[49,90],[86,97]]]},
"G574": {"type": "Matrix2x2", "payoffs": [[[78,10],[57,0]],[[81,54],[0,36]]]},
"G575": {"type": "Matrix2x2", "payoffs": [[[31,16],[59,18]],[[26,8],[0,0]]]},
"G576": {"type": "Matrix2x2", "payoffs": [[[0,0],[94,20]],[[24,7],[91,14]]]},
"G577": {"type": "Matrix2x2", "payoffs": [[[73,64],[0,18]],[[38,4],[34,0]]]},
"G578": {"type": "Matrix2x2", "payoffs": [[[12,11],[15,25]],[[0,0],[10,8]]]},
"G579": {"type": "Matrix2x2", "payoffs": [[[47,26],[18,0]],[[2,22],[0,6]]]},
"G580": {"type": "Matrix2x2", "payoffs": [[[48,10],[4,5]],[[35,1],[0,0]]]},
"G581": {"type": "Matrix2x2", "payoffs": [[[0,62],[1,82]],[[6,95],[5,0]]]},
"G582": {"type": "Matrix2x2", "payoffs": [[[62,0],[61,2]],[[0,1],[74,13]]]},
"G583": {"type": "Matrix2x2", "payoffs": [[[10,44],[0,0]],[[52,71],[37,5]]]},
"G584": {"type": "Matrix2x2", "payoffs": [[[6,8],[12,17]],[[0,0],[17,65]]]},
"G585": {"type": "Matrix2x2", "payoffs": [[[4,30],[0,19]],[[82,0],[84,32]]]},
"G586": {"type": "Matrix2x2", "payoffs": [[[0,0],[2,13]],[[18,10],[20,27]]]},
"G587": {"type": "Matrix2x2", "payoffs": [[[0,2],[27,3]],[[71,7],[19,0]]]},
"G588": {"type": "Matrix2x2", "payoffs": [[[48,62],[2,0]],[[0,60],[33,3]]]},
"G589": {"type": "Matrix2x2", "payoffs": [[[28,0],[0,31]],[[38,73],[7,37]]]},
"G590": {"type": "Matrix2x2", "payoffs": [[[11,34],[13,35]],[[0,14],[2,0]]]},
"G591": {"type": "Matrix2x2", "payoffs": [[[35,2],[0,1]],[[72,9],[12,0]]]},
"G592": {"type": "Matrix2x2", "payoffs": [[[53,0],[0,18]],[[14,54],[54,60]]]},
"G593": {"type": "Matrix2x2", "payoffs": [[[27,35],[24,2]],[[47,49],[0,0]]]},
"G594": {"type": "Matrix2x2", "payoffs": [[[54,3],[15,0]],[[24,1],[0,2]]]},
"G595": {"type": "Matrix2x2", "payoffs": [[[5,33],[2,21]],[[8,36],[0,0]]]},
"G596": {"type": "Matrix2x2", "payoffs": [[[23,4],[16,2]],[[0,0],[6,1]]]},
"G597": {"type": "Matrix2x2", "payoffs": [[[38,94],[11,0]],[[0,16],[17,29]]]},
"G598": {"type": "Matrix2x2", "payoffs": [[[20,43],[0,0]],[[30,40],[64,44]]]},
"G599": {"type": "Matrix2x2", "payoffs": [[[10,80],[7,72]],[[4,0],[0,69]]]},
"G600": {"type": "Matrix2x2", "payoffs": [[[5,64],[0,0]],[[79,86],[76,27]]]},
"G601": {"type": "Matrix2x2", "payoffs": [[[14,29],[0,0]],[[65,59],[36,36]]]},
"G602": {"type": "Matrix2x2", "payoffs": [[[29,8],[44,0]],[[0,7],[51,14]]]},
"G603": {"type": "Matrix2x2", "payoffs": [[[0,0],[79,66]],[[18,16],[42,42]]]},
"G604": {"type": "Matrix2x2", "payoffs": [[[40,37],[0,87]],[[60,93],[53,0]]]},
"G605": {"type": "Matrix2x2", "payoffs": [[[15,21],[3,12]],[[0,0],[14,15]]]},
"G606": {"type": "Matrix2x2", "payoffs": [[[9,13],[0,31]],[[84,0],[89,46]]]},
"G607": {"type": "Matrix2x2", "payoffs": [[[12,72],[6,45]],[[7,0],[0,2]]]},
"G608": {"type": "Matrix2x2", "payoffs": [[[38,12],[0,33]],[[56,0],[74,47]]]},
"G609": {"type": "Matrix2x2", "payoffs": [[[31,7],[14,20]],[[63,21],[0,0]]]},
"G610": {"type": "Matrix2x2", "payoffs": [[[0,51],[94,31]],[[100,92],[21,0]]]},
"G611": {"type": "Matrix2x2", "payoffs": [[[11,52],[7,48]],[[0,37],[6,0]]]},
"G612": {"type": "Matrix2x2", "payoffs": [[[38,63],[0,58]],[[9,0],[2,33]]]},
"G613": {"type": "Matrix2x2", "payoffs": [[[4,0],[6,36]],[[3,8],[0,15]]]},
"G614": {"type": "Matrix2x2", "payoffs": [[[48,70],[43,30]],[[0,0],[6,25]]]},
"G615": {"type": "Matrix2x2", "payoffs": [[[59,90],[0,41]],[[12,69],[48,0]]]},
"G616": {"type": "Matrix2x2", "payoffs": [[[26,12],[17,6]],[[0,0],[38,42]]]},
"G617": {"type": "Matrix2x2", "payoffs": [[[100,64],[0,1]],[[21,0],[1,28]]]},
"G618": {"type": "Matrix2x2", "payoffs": [[[9,0],[14,8]],[[0,69],[18,77]]]},
"G619": {"type": "Matrix2x2", "payoffs": [[[10,19],[0,14]],[[6,0],[7,7]]]},
"G620": {"type": "Matrix2x2", "payoffs": [[[2,43],[7,83]],[[0,31],[1,0]]]},
"G621": {"type": "Matrix2x2", "payoffs": [[[12,4],[0,1]],[[24,7],[9,0]]]},
"G622": {"type": "Matrix2x2", "payoffs": [[[52,88],[0,0]],[[43,22],[14,18]]]},
"G623": {"type": "Matrix2x2", "payoffs": [[[0,1],[52,13]],[[2,6],[4,0]]]},
"G624": {"type": "Matrix2x2", "payoffs": [[[25,0],[0,21]],[[57,76],[38,31]]]},
"G625": {"type": "Matrix2x2", "payoffs": [[[8,29],[7,22]],[[34,75],[0,0]]]},
"G626": {"type": "Matrix2x2", "payoffs": [[[78,0],[90,65]],[[69,54],[0,14]]]},
"G627": {"type": "Matrix2x2", "payoffs": [[[53,11],[0,0]],[[64,13],[37,2]]]},
"G628": {"type": "Matrix2x2", "payoffs": [[[21,60],[0,0]],[[18,29],[15,24]]]},
"G629": {"type": "Matrix2x2", "payoffs": [[[15,60],[16,0]],[[0,48],[34,81]]]},
"G630": {"type": "Matrix2x2", "payoffs": [[[19,25],[30,0]],[[38,74],[0,72]]]},
"G631": {"type": "Matrix2x2", "payoffs": [[[50,1],[92,19]],[[0,14],[85,0]]]},
"G632": {"type": "Matrix2x2", "payoffs": [[[0,2],[18,1]],[[76,3],[63,0]]]},
"G633": {"type": "Matrix2x2", "payoffs": [[[39,23],[69,54]],[[0,5],[12,0]]]},
"G634": {"type": "Matrix2x2", "payoffs": [[[39,4],[27,2]],[[16,0],[0,3]]]},
"G635": {"type": "Matrix2x2", "payoffs": [[[60,0],[0,8]],[[82,26],[21,7]]]},
"G636": {"type": "Matrix2x2", "payoffs": [[[4,52],[2,0]],[[9,80],[0,70]]]},
"G637": {"type": "Matrix2x2", "payoffs": [[[8,6],[24,0]],[[29,10],[0,9]]]},
"G638": {"type": "Matrix2x2", "payoffs": [[[89,66],[74,59]],[[32,0],[0,9]]]},
"G639": {"type": "Matrix2x2", "payoffs": [[[14,63],[6,64]],[[16,95],[0,0]]]},
"G640": {"type": "Matrix2x2", "payoffs": [[[57,32],[0,17]],[[43,0],[23,18]]]},
"G641": {"type": "Matrix2x2", "payoffs": [[[38,44],[0,10]],[[3,0],[39,55]]]},
"G642": {"type": "Matrix2x2", "payoffs": [[[0,25],[12,41]],[[6,0],[11,6]]]},
"G643": {"type": "Matrix2x2", "payoffs": [[[7,0],[63,7]],[[73,53],[0,51]]]},
"G644": {"type": "Matrix2x2", "payoffs": [[[12,62],[10,43]],[[1,0],[0,38]]]},
"G645": {"type": "Matrix2x2", "payoffs": [[[0,81],[52,44]],[[66,85],[40,0]]]},
"G646": {"type": "Matrix2x2", "payoffs": [[[24,0],[34,44]],[[0,28],[13,14]]]},
"G647": {"type": "Matrix2x2", "payoffs": [[[33,18],[41,41]],[[4,0],[0,20]]]},
"G648": {"type": "Matrix2x2", "payoffs": [[[25,8],[39,4]],[[56,11],[0,0]]]},
"G649": {"type": "Matrix2x2", "payoffs": [[[17,75],[1,0]],[[0,61],[2,33]]]},
"G650": {"type": "Matrix2x2", "payoffs": [[[15,18],[0,24]],[[19,32],[2,0]]]},
"G651": {"type": "Matrix2x2", "payoffs": [[[2,0],[0,52]],[[1,80],[10,96]]]},
"G652": {"type": "Matrix2x2", "payoffs": [[[0,63],[61,98]],[[1,32],[30,0]]]},
"G653": {"type": "Matrix2x2", "payoffs": [[[89,50],[44,40]],[[0,3],[71,0]]]},
"G654": {"type": "Matrix2x2", "payoffs": [[[36,43],[0,21]],[[8,0],[19,12]]]},
"G655": {"type": "Matrix2x2", "payoffs": [[[62,80],[58,57]],[[0,0],[60,59]]]},
"G656": {"type": "Matrix2x2", "payoffs": [[[12,26],[57,28]],[[20,0],[0,11]]]},
"G657": {"type": "Matrix2x2", "payoffs": [[[0,0],[2,24]],[[19,29],[9,8]]]},
"G658": {"type": "Matrix2x2", "payoffs": [[[12,5],[0,11]],[[20,0],[39,31]]]},
"G659": {"type": "Matrix2x2", "payoffs": [[[7,75],[22,39]],[[0,0],[100,83]]]},
"G660": {"type": "Matrix2x2", "payoffs": [[[0,14],[32,20]],[[27,18],[13,0]]]},
"G661": {"type": "Matrix2x2", "payoffs": [[[28,0],[0,39]],[[22,2],[52,55]]]},
"G662": {"type": "Matrix2x2", "payoffs": [[[71,39],[42,15]],[[0,1],[64,0]]]},
"G663": {"type": "Matrix2x2", "payoffs": [[[0,39],[2,0]],[[21,67],[33,88]]]},
"G664": {"type": "Matrix2x2", "payoffs": [[[13,0],[15,78]],[[0,29],[17,79]]]},
"G665": {"type": "Matrix2x2", "payoffs": [[[2,23],[0,0]],[[6,86],[1,48]]]},
"G666": {"type": "Matrix2x2", "payoffs": [[[3,6],[2,0]],[[1,2],[0,1]]]},
"G667": {"type": "Matrix2x2", "payoffs": [[[3,0],[10,64]],[[0,34],[5,19]]]},
"G668": {"type": "Matrix2x2", "payoffs": [[[24,2],[0,19]],[[6,0],[74,48]]]},
"G669": {"type": "Matrix2x2", "payoffs": [[[2,36],[7,0]],[[0,28],[8,65]]]},
"G670": {"type": "Matrix2x2", "payoffs": [[[2,0],[28,10]],[[0,30],[38,81]]]},
"G671": {"type": "Matrix2x2", "payoffs": [[[23,0],[46,51]],[[0,40],[60,75]]]},
"G672": {"type": "Matrix2x2", "payoffs": [[[20,2],[1,10]],[[23,13],[0,0]]]},
"G673": {"type": "Matrix2x2", "payoffs": [[[21,54],[0,44]],[[39,63],[13,0]]]},
"G674": {"type": "Matrix2x2", "payoffs": [[[53,30],[0,17]],[[49,0],[24,23]]]},
"G675": {"type": "Matrix2x2", "payoffs": [[[43,90],[27,0]],[[0,84],[6,33]]]},
"G676": {"type": "Matrix2x2", "payoffs": [[[0,5],[31,2]],[[28,0],[84,7]]]},
"G677": {"type": "Matrix2x2", "payoffs": [[[11,11],[15,5]],[[45,25],[0,0]]]},
"G678": {"type": "Matrix2x2", "payoffs": [[[11,88],[10,0]],[[0,55],[6,23]]]},
"G679": {"type": "Matrix2x2", "payoffs": [[[0,0],[8,97]],[[3,16],[2,62]]]},
"G680": {"type": "Matrix2x2", "payoffs": [[[77,94],[30,0]],[[67,91],[0,48]]]},
"G681": {"type": "Matrix2x2", "payoffs": [[[79,84],[16,51]],[[0,81],[59,0]]]},
"G682": {"type": "Matrix2x2", "payoffs": [[[67,27],[74,37]],[[68,24],[0,0]]]},
"G683": {"type": "Matrix2x2", "payoffs": [[[6,9],[11,1]],[[0,0],[29,64]]]},
"G684": {"type": "Matrix2x2", "payoffs": [[[0,0],[30,25]],[[32,72],[18,64]]]},
"G685": {"type": "Matrix2x2", "payoffs": [[[27,0],[70,22]],[[0,7],[9,18]]]},
"G686": {"type": "Matrix2x2", "payoffs": [[[22,6],[46,0]],[[69,43],[0,41]]]},
"G687": {"type": "Matrix2x2", "payoffs": [[[0,0],[11,83]],[[1,6],[8,27]]]},
"G688": {"type": "Matrix2x2", "payoffs": [[[0,60],[21,73]],[[13,0],[9,22]]]},
"G689": {"type": "Matrix2x2", "payoffs": [[[3,28],[16,17]],[[23,44],[0,0]]]},
"G690": {"type": "Matrix2x2", "payoffs": [[[0,73],[36,0]],[[63,88],[14,71]]]},
"G691": {"type": "Matrix2x2", "payoffs": [[[0,14],[50,45]],[[66,55],[20,0]]]},
"G692": {"type": "Matrix2x2", "payoffs": [[[63,74],[51,58]],[[19,70],[0,0]]]},
"G693": {"type": "Matrix2x2", "payoffs": [[[35,45],[0,42]],[[23,3],[20,0]]]},
"G694": {"type": "Matrix2x2", "payoffs": [[[45,14],[0,13]],[[7,0],[38,9]]]},
"G695": {"type": "Matrix2x2", "payoffs": [[[18,32],[17,0]],[[0,3],[3,2]]]},
"G696": {"type": "Matrix2x2", "payoffs": [[[84,10],[0,9]],[[25,3],[73,0]]]},
"G697": {"type": "Matrix2x2", "payoffs": [[[33,21],[46,24]],[[29,0],[0,7]]]},
"G698": {"type": "Matrix2x2", "payoffs": [[[21,95],[17,83]],[[0,86],[5,0]]]},
"G699": {"type": "Matrix2x2", "payoffs": [[[38,0],[0,13]],[[62,8],[63,15]]]},
"G700": {"type": "Matrix2x2", "payoffs": [[[0,70],[2,0]],[[14,90],[4,85]]]},
"G701": {"type": "Matrix2x2", "payoffs": [[[36,4],[73,10]],[[8,8],[0,0]]]},
"G702": {"type": "Matrix2x2", "payoffs": [[[0,2],[62,60]],[[33,0],[78,64]]]},
"G703": {"type": "Matrix2x2", "payoffs": [[[23,19],[79,21]],[[0,9],[35,0]]]},
"G704": {"type": "Matrix2x2", "payoffs": [[[2,42],[4,99]],[[0,39],[1,0]]]},
"G705": {"type": "Matrix2x2", "payoffs": [[[0,11],[17,8]],[[20,26],[12,0]]]},
"G706": {"type": "Matrix2x2", "payoffs": [[[0,0],[71,18]],[[22,3],[87,23]]]},
"G707": {"type": "Matrix2x2", "payoffs": [[[84,21],[78,16]],[[24,0],[0,11]]]},
"G708": {"type": "Matrix2x2", "payoffs": [[[13,0],[61,60]],[[0,53],[38,2]]]},
"G709": {"type": "Matrix2x2", "payoffs": [[[84,86],[2,11]],[[0,0],[61,68]]]},
"G710": {"type": "Matrix2x2", "payoffs": [[[67,32],[21,22]],[[60,0],[0,24]]]},
"G711": {"type": "Matrix2x2", "payoffs": [[[0,39],[23,0]],[[11,19],[31,51]]]},
"G712": {"type": "Matrix2x2", "payoffs": [[[65,65],[17,0]],[[27,31],[0,20]]]},
"G713": {"type": "Matrix2x2", "payoffs": [[[0,1],[40,0]],[[60,22],[24,7]]]},
"G714": {"type": "Matrix2x2", "payoffs": [[[5,32],[0,15]],[[20,33],[14,0]]]},
"G715": {"type": "Matrix2x2", "payoffs": [[[14,0],[0,16]],[[36,8],[62,36]]]},
"G716": {"type": "Matrix2x2", "payoffs": [[[76,87],[0,0]],[[68,55],[22,66]]]},
"G717": {"type": "Matrix2x2", "payoffs": [[[0,13],[27,0]],[[45,70],[22,49]]]},
"G718": {"type": "Matrix2x2", "payoffs": [[[19,0],[0,35]],[[4,10],[23,42]]]},
"G719": {"type": "Matrix2x2", "payoffs": [[[11,1],[0,0]],[[7,3],[14,5]]]},
"G720": {"type": "Matrix2x2", "payoffs": [[[84,48],[0,37]],[[33,0],[40,33]]]},
"G721": {"type": "Matrix2x2", "payoffs": [[[9,10],[0,0]],[[12,40],[8,20]]]},
"G722": {"type": "Matrix2x2", "payoffs": [[[65,26],[93,30]],[[0,1],[1,0]]]},
"G723": {"type": "Matrix2x2", "payoffs": [[[80,69],[56,28]],[[0,0],[5,46]]]},
"G724": {"type": "Matrix2x2", "payoffs": [[[0,0],[2,15]],[[35,20],[6,11]]]},
"G725": {"type": "Matrix2x2", "payoffs": [[[0,44],[6,3]],[[2,0],[28,52]]]},
"G726": {"type": "Matrix2x2", "payoffs": [[[1,0],[0,15]],[[12,60],[10,35]]]},
"G727": {"type": "Matrix2x2", "payoffs": [[[1,0],[2,6]],[[0,5],[3,32]]]},
"G728": {"type": "Matrix2x2", "payoffs": [[[2,11],[0,29]],[[59,36],[18,0]]]},
"G729": {"type": "Matrix2x2", "payoffs": [[[91,80],[0,0]],[[71,20],[39,78]]]},
"G730": {"type": "Matrix2x2", "payoffs": [[[0,2],[12,0]],[[24,3],[19,1]]]},
"G731": {"type": "Matrix2x2", "payoffs": [[[0,21],[56,26]],[[28,8],[43,0]]]},
"G732": {"type": "Matrix2x2", "payoffs": [[[62,6],[0,2]],[[90,8],[58,0]]]},
"G733": {"type": "Matrix2x2", "payoffs": [[[92,3],[100,4]],[[0,0],[27,2]]]},
"G734": {"type": "Matrix2x2", "payoffs": [[[9,0],[37,26]],[[0,22],[79,99]]]},
"G735": {"type": "Matrix2x2", "payoffs": [[[0,50],[64,64]],[[26,51],[44,0]]]},
"G736": {"type": "Matrix2x2", "payoffs": [[[25,31],[0,0]],[[5,24],[50,71]]]},
"G737": {"type": "Matrix2x2", "payoffs": [[[26,0],[70,76]],[[40,64],[0,25]]]},
"G738": {"type": "Matrix2x2", "payoffs": [[[0,0],[3,1]],[[9,46],[1,8]]]},
"G739": {"type": "Matrix2x2", "payoffs": [[[25,58],[26,0]],[[0,21],[58,59]]]},
"G740": {"type": "Matrix2x2", "payoffs": [[[42,78],[24,20]],[[0,0],[35,29]]]},
"G741": {"type": "Matrix2x2", "payoffs": [[[49,57],[20,11]],[[36,0],[0,20]]]},
"G742": {"type": "Matrix2x2", "payoffs": [[[3,4],[26,54]],[[0,0],[6,19]]]},
"G743": {"type": "Matrix2x2", "payoffs": [[[0,0],[22,8]],[[8,26],[54,33]]]},
"G744": {"type": "Matrix2x2", "payoffs": [[[16,23],[58,93]],[[8,89],[0,0]]]},
"G745": {"type": "Matrix2x2", "payoffs": [[[0,47],[34,48]],[[23,0],[4,32]]]},
"G746": {"type": "Matrix2x2", "payoffs": [[[7,0],[54,59]],[[18,40],[0,49]]]},
"G747": {"type": "Matrix2x2", "payoffs": [[[2,40],[0,0]],[[4,42],[14,55]]]},
"G748": {"type": "Matrix2x2", "payoffs": [[[46,84],[0,32]],[[47,94],[13,0]]]},
"G749": {"type": "Matrix2x2", "payoffs": [[[0,12],[68,81]],[[30,57],[17,0]]]},
"G750": {"type": "Matrix2x2", "payoffs": [[[0,10],[3,0]],[[1,8],[5,27]]]},
"G751": {"type": "Matrix2x2", "payoffs": [[[58,14],[11,3]],[[0,0],[1,9]]]},
"G752": {"type": "Matrix2x2", "payoffs": [[[4,15],[0,39]],[[6,0],[8,49]]]},
"G753": {"type": "Matrix2x2", "payoffs": [[[0,10],[4,0]],[[78,1],[94,13]]]},
"G754": {"type": "Matrix2x2", "payoffs": [[[100,14],[77,12]],[[63,0],[0,3]]]},
"G755": {"type": "Matrix2x2", "payoffs": [[[46,0],[24,38]],[[66,47],[0,34]]]},
"G756": {"type": "Matrix2x2", "payoffs": [[[21,0],[54,97]],[[32,67],[0,3]]]},
"G757": {"type": "Matrix2x2", "payoffs": [[[15,46],[0,0]],[[6,34],[5,40]]]},
"G758": {"type": "Matrix2x2", "payoffs": [[[17,0],[0,21]],[[60,52],[49,30]]]},
"G759": {"type": "Matrix2x2", "payoffs": [[[0,3],[3,4]],[[1,0],[4,5]]]},
"G760": {"type": "Matrix2x2", "payoffs": [[[74,21],[0,0]],[[5,12],[59,17]]]},
"G761": {"type": "Matrix2x2", "payoffs": [[[3,0],[20,61]],[[7,49],[0,14]]]},
"G762": {"type": "Matrix2x2", "payoffs": [[[25,1],[77,23]],[[0,13],[50,0]]]},
"G763": {"type": "Matrix2x2", "payoffs": [[[1,11],[12,72]],[[8,51],[0,0]]]},
"G764": {"type": "Matrix2x2", "payoffs": [[[24,6],[15,0]],[[25,56],[0,4]]]},
"G765": {"type": "Matrix2x2", "payoffs": [[[58,28],[0,0]],[[8,39],[91,44]]]},
"G766": {"type": "Matrix2x2", "payoffs": [[[21,4],[0,0]],[[40,7],[16,1]]]},
"G767": {"type": "Matrix2x2", "payoffs": [[[17,0],[38,23]],[[0,25],[44,31]]]},
"G768": {"type": "Matrix2x2", "payoffs": [[[88,58],[47,0]],[[0,8],[12,38]]]},
"G769": {"type": "Matrix2x2", "payoffs": [[[37,10],[18,0]],[[0,4],[60,15]]]},
"G770": {"type": "Matrix2x2", "payoffs": [[[1,7],[25,37]],[[14,28],[0,0]]]},
"G771": {"type": "Matrix2x2", "payoffs": [[[66,17],[0,6]],[[55,10],[23,0]]]},
"G772": {"type": "Matrix2x2", "payoffs": [[[30,1],[0,2]],[[60,8],[49,0]]]},
"G773": {"type": "Matrix2x2", "payoffs": [[[27,5],[15,1]],[[0,0],[75,28]]]},
"G774": {"type": "Matrix2x2", "payoffs": [[[0,0],[75,34]],[[68,20],[29,21]]]},
"G775": {"type": "Matrix2x2", "payoffs": [[[5,14],[22,4]],[[36,16],[0,0]]]},
"G776": {"type": "Matrix2x2", "payoffs": [[[2,69],[6,0]],[[0,83],[8,99]]]},
"G777": {"type": "Matrix2x2", "payoffs": [[[66,6],[93,74]],[[71,0],[0,32]]]},
"G778": {"type": "Matrix2x2", "payoffs": [[[0,42],[58,55]],[[50,37],[54,0]]]},
"G779": {"type": "Matrix2x2", "payoffs": [[[45,0],[0,8]],[[2,50],[50,64]]]},
"G780": {"type": "Matrix2x2", "payoffs": [[[35,0],[37,3]],[[50,69],[0,60]]]},
"G781": {"type": "Matrix2x2", "payoffs": [[[21,27],[11,24]],[[0,0],[9,2]]]},
"G782": {"type": "Matrix2x2", "payoffs": [[[5,0],[0,4]],[[7,5],[24,9]]]},
"G783": {"type": "Matrix2x2", "payoffs": [[[3,0],[12,53]],[[10,44],[0,49]]]},
"G784": {"type": "Matrix2x2", "payoffs": [[[27,9],[38,10]],[[0,0],[33,4]]]},
"G785": {"type": "Matrix2x2", "payoffs": [[[27,48],[0,1]],[[45,76],[6,0]]]},
"G786": {"type": "Matrix2x2", "payoffs": [[[0,5],[49,7]],[[25,0],[7,4]]]},
"G787": {"type": "Matrix2x2", "payoffs": [[[40,0],[54,4]],[[20,3],[0,2]]]},
"G788": {"type": "Matrix2x2", "payoffs": [[[52,43],[22,0]],[[50,22],[0,35]]]},
"G789": {"type": "Matrix2x2", "payoffs": [[[18,50],[0,43]],[[8,12],[1,0]]]},
"G790": {"type": "Matrix2x2", "payoffs": [[[2,2],[0,0]],[[3,15],[35,39]]]},
"G791": {"type": "Matrix2x2", "payoffs": [[[8,91],[6,0]],[[0,41],[3,56]]]},
"G792": {"type": "Matrix2x2", "payoffs": [[[44,100],[25,0]],[[0,24],[40,15]]]},
"G793": {"type": "Matrix2x2", "payoffs": [[[37,32],[0,0]],[[39,69],[16,28]]]},
"G794": {"type": "Matrix2x2", "payoffs": [[[23,41],[20,11]],[[24,44],[0,0]]]},
"G795": {"type": "Matrix2x2", "payoffs": [[[6,77],[5,0]],[[0,66],[9,83]]]},
"G796": {"type": "Matrix2x2", "payoffs": [[[0,5],[42,2]],[[53,0],[69,36]]]},
"G797": {"type": "Matrix2x2", "payoffs": [[[21,50],[7,2]],[[17,0],[0,49]]]},
"G798": {"type": "Matrix2x2", "payoffs": [[[16,0],[0,41]],[[27,24],[39,58]]]},
"G799": {"type": "Matrix2x2", "payoffs": [[[4,9],[0,0]],[[3,46],[6,72]]]},
"G800": {"type": "Matrix2x2", "payoffs": [[[0,0],[63,50]],[[82,63],[40,40]]]},
"G801": {"type": "Matrix2x2", "payoffs": [[[7,1],[40,0]],[[69,3],[0,2]]]},
"G802": {"type": "Matrix2x2", "payoffs": [[[16,36],[0,0]],[[58,80],[49,28]]]},
"G803": {"type": "Matrix2x2", "payoffs": [[[14,30],[30,40]],[[5,0],[0,10]]]},
"G804": {"type": "Matrix2x2", "payoffs": [[[7,5],[0,0]],[[10,7],[6,2]]]},
"G805": {"type": "Matrix2x2", "payoffs": [[[17,15],[41,47]],[[0,40],[21,0]]]},
"G806": {"type": "Matrix2x2", "payoffs": [[[6,1],[0,0]],[[14,7],[1,6]]]},
"G807": {"type": "Matrix2x2", "payoffs": [[[51,13],[24,0]],[[25,1],[0,4]]]},
"G808": {"type": "Matrix2x2", "payoffs": [[[8,25],[13,38]],[[0,0],[25,56]]]},
"G809": {"type": "Matrix2x2", "payoffs": [[[24,23],[19,0]],[[0,3],[5,11]]]},
"G810": {"type": "Matrix2x2", "payoffs": [[[90,20],[0,0]],[[63,4],[72,14]]]},
"G811": {"type": "Matrix2x2", "payoffs": [[[0,0],[1,46]],[[10,47],[9,30]]]},
"G812": {"type": "Matrix2x2", "payoffs": [[[56,60],[0,0]],[[74,32],[98,73]]]},
"G813": {"type": "Matrix2x2", "payoffs": [[[33,0],[40,83]],[[19,40],[0,13]]]},
"G814": {"type": "Matrix2x2", "payoffs": [[[14,4],[10,2]],[[8,1],[0,0]]]},
"G815": {"type": "Matrix2x2", "payoffs": [[[61,64],[40,0]],[[8,53],[0,47]]]},
"G816": {"type": "Matrix2x2", "payoffs": [[[38,87],[8,0]],[[0,50],[14,71]]]},
"G817": {"type": "Matrix2x2", "payoffs": [[[61,17],[0,73]],[[70,97],[69,0]]]},
"G818": {"type": "Matrix2x2", "payoffs": [[[50,95],[22,23]],[[14,0],[0,61]]]},
"G819": {"type": "Matrix2x2", "payoffs": [[[0,46],[7,47]],[[2,0],[8,49]]]},
"G820": {"type": "Matrix2x2", "payoffs": [[[39,0],[43,38]],[[0,20],[20,15]]]},
"G821": {"type": "Matrix2x2", "payoffs": [[[0,0],[52,65]],[[39,5],[2,43]]]},
"G822": {"type": "Matrix2x2", "payoffs": [[[55,4],[40,2]],[[0,0],[2,1]]]},
"G823": {"type": "Matrix2x2", "payoffs": [[[0,20],[43,100]],[[40,0],[26,64]]]},
"G824": {"type": "Matrix2x2", "payoffs": [[[22,23],[14,14]],[[0,0],[7,3]]]},
"G825": {"type": "Matrix2x2", "payoffs": [[[37,63],[43,0]],[[44,97],[0,9]]]},
"G826": {"type": "Matrix2x2", "payoffs": [[[44,0],[0,25]],[[48,48],[60,56]]]},
"G827": {"type": "Matrix2x2", "payoffs": [[[0,0],[58,35]],[[6,3],[30,12]]]},
"G828": {"type": "Matrix2x2", "payoffs": [[[0,29],[15,0]],[[76,45],[49,4]]]},
"G829": {"type": "Matrix2x2", "payoffs": [[[0,0],[7,29]],[[15,30],[4,23]]]},
"G830": {"type": "Matrix2x2", "payoffs": [[[9,0],[26,93]],[[0,48],[3,25]]]},
"G831": {"type": "Matrix2x2", "payoffs": [[[0,0],[21,60]],[[50,65],[8,42]]]},
"G832": {"type": "Matrix2x2", "payoffs": [[[44,14],[92,63]],[[71,26],[0,0]]]},
"G833": {"type": "Matrix2x2", "payoffs": [[[4,14],[0,0]],[[89,6],[98,64]]]},
"G834": {"type": "Matrix2x2", "payoffs": [[[18,4],[8,0]],[[0,44],[22,62]]]},
"G835": {"type": "Matrix2x2", "payoffs": [[[59,8],[0,0]],[[18,18],[75,43]]]},
"G836": {"type": "Matrix2x2", "payoffs": [[[0,2],[8,7]],[[3,0],[5,4]]]},
"G837": {"type": "Matrix2x2", "payoffs": [[[11,16],[0,79]],[[17,91],[9,0]]]},
"G838": {"type": "Matrix2x2", "payoffs": [[[13,0],[0,15]],[[52,14],[60,35]]]},
"G839": {"type": "Matrix2x2", "payoffs": [[[24,6],[22,4]],[[12,0],[0,5]]]},
"G840": {"type": "Matrix2x2", "payoffs": [[[3,17],[10,57]],[[0,0],[16,85]]]},
"G841": {"type": "Matrix2x2", "payoffs": [[[7,0],[0,47]],[[9,71],[16,91]]]},
"G842": {"type": "Matrix2x2", "payoffs": [[[0,0],[5,47]],[[20,70],[12,40]]]},
"G843": {"type": "Matrix2x2", "payoffs": [[[59,27],[88,32]],[[0,0],[2,11]]]},
"G844": {"type": "Matrix2x2", "payoffs": [[[51,81],[29,13]],[[0,49],[33,0]]]},
"G845": {"type": "Matrix2x2", "payoffs": [[[38,60],[0,0]],[[37,48],[25,17]]]},
"G846": {"type": "Matrix2x2", "payoffs": [[[61,64],[0,15]],[[50,0],[34,27]]]},
"G847": {"type": "Matrix2x2", "payoffs": [[[30,77],[28,7]],[[0,48],[8,0]]]},
"G848": {"type": "Matrix2x2", "payoffs": [[[5,42],[0,27]],[[1,23],[4,0]]]},
"G849": {"type": "Matrix2x2", "payoffs": [[[3,38],[1,0]],[[2,27],[0,24]]]},
"G850": {"type": "Matrix2x2", "payoffs": [[[0,0],[4,16]],[[20,29],[5,18]]]},
"G851": {"type": "Matrix2x2", "payoffs": [[[23,25],[0,0]],[[32,37],[29,11]]]},
"G852": {"type": "Matrix2x2", "payoffs": [[[10,92],[4,36]],[[11,96],[0,0]]]},
"G853": {"type": "Matrix2x2", "payoffs": [[[55,0],[76,30]],[[6,20],[0,21]]]},
"G854": {"type": "Matrix2x2", "payoffs": [[[0,7],[47,97]],[[23,0],[8,72]]]},
"G855": {"type": "Matrix2x2", "payoffs": [[[0,77],[8,55]],[[20,86],[13,0]]]},
"G856": {"type": "Matrix2x2", "payoffs": [[[28,36],[92,83]],[[0,0],[52,41]]]},
"G857": {"type": "Matrix2x2", "payoffs": [[[14,76],[11,1]],[[0,60],[10,0]]]},
"G858": {"type": "Matrix2x2", "payoffs": [[[75,31],[0,12]],[[64,30],[59,0]]]},
"G859": {"type": "Matrix2x2", "payoffs": [[[87,34],[22,15]],[[0,3],[52,0]]]},
"G860": {"type": "Matrix2x2", "payoffs": [[[0,32],[47,0]],[[71,88],[5,50]]]},
"G861": {"type": "Matrix2x2", "payoffs": [[[40,0],[0,42]],[[76,44],[100,69]]]},
"G862": {"type": "Matrix2x2", "payoffs": [[[0,2],[12,0]],[[9,13],[32,44]]]},
"G863": {"type": "Matrix2x2", "payoffs": [[[0,0],[38,74]],[[23,48],[18,4]]]},
"G864": {"type": "Matrix2x2", "payoffs": [[[16,0],[68,79]],[[10,20],[0,47]]]},
"G865": {"type": "Matrix2x2", "payoffs": [[[24,55],[0,34]],[[5,0],[1,48]]]},
"G866": {"type": "Matrix2x2", "payoffs": [[[28,6],[25,0]],[[0,1],[5,2]]]},
"G867": {"type": "Matrix2x2", "payoffs": [[[3,40],[11,41]],[[0,0],[6,8]]]},
"G868": {"type": "Matrix2x2", "payoffs": [[[40,8],[35,0]],[[33,3],[0,4]]]},
"G869": {"type": "Matrix2x2", "payoffs": [[[0,68],[36,92]],[[6,0],[23,33]]]},
"G870": {"type": "Matrix2x2", "payoffs": [[[77,59],[49,56]],[[0,0],[66,20]]]},
"G871": {"type": "Matrix2x2", "payoffs": [[[12,0],[0,10]],[[43,16],[37,3]]]},
"G872": {"type": "Matrix2x2", "payoffs": [[[1,45],[17,0]],[[21,88],[0,14]]]},
"G873": {"type": "Matrix2x2", "payoffs": [[[2,0],[0,53]],[[4,93],[1,1]]]},
"G874": {"type": "Matrix2x2", "payoffs": [[[36,0],[0,2]],[[25,18],[37,19]]]},
"G875": {"type": "Matrix2x2", "payoffs": [[[83,62],[36,5]],[[0,18],[1,0]]]},
"G876": {"type": "Matrix2x2", "payoffs": [[[88,21],[0,14]],[[13,0],[91,42]]]},
"G877": {"type": "Matrix2x2", "payoffs": [[[6,61],[0,0]],[[4,8],[1,43]]]},
"G878": {"type": "Matrix2x2", "payoffs": [[[1,1],[3,6]],[[2,0],[0,4]]]},
"G879": {"type": "Matrix2x2", "payoffs": [[[1,0],[0,44]],[[21,21],[73,86]]]},
"G880": {"type": "Matrix2x2", "payoffs": [[[56,18],[67,0]],[[0,22],[94,81]]]},
"G881": {"type": "Matrix2x2", "payoffs": [[[57,28],[0,0]],[[45,3],[43,8]]]},
"G882": {"type": "Matrix2x2", "payoffs": [[[0,1],[34,13]],[[85,39],[45,0]]]},
"G883": {"type": "Matrix2x2", "payoffs": [[[20,29],[41,0]],[[0,7],[66,36]]]},
"G884": {"type": "Matrix2x2", "payoffs": [[[32,0],[94,27]],[[0,4],[54,18]]]},
"G885": {"type": "Matrix2x2", "payoffs": [[[35,35],[0,24]],[[33,6],[16,0]]]},
"G886": {"type": "Matrix2x2", "payoffs": [[[68,91],[40,27]],[[53,19],[0,0]]]},
"G887": {"type": "Matrix2x2", "payoffs": [[[8,0],[11,17]],[[0,7],[15,19]]]},
"G888": {"type": "Matrix2x2", "payoffs": [[[24,0],[0,18]],[[25,12],[45,23]]]},
"G889": {"type": "Matrix2x2", "payoffs": [[[13,90],[0,69]],[[5,0],[11,43]]]},
"G890": {"type": "Matrix2x2", "payoffs": [[[59,26],[0,18]],[[10,0],[23,7]]]},
"G891": {"type": "Matrix2x2", "payoffs": [[[70,19],[4,0]],[[0,17],[11,11]]]},
"G892": {"type": "Matrix2x2", "payoffs": [[[23,2],[0,1]],[[33,4],[9,0]]]},
"G893": {"type": "Matrix2x2", "payoffs": [[[0,0],[37,24]],[[55,33],[19,11]]]},
"G894": {"type": "Matrix2x2", "payoffs": [[[0,0],[7,2]],[[90,12],[47,10]]]},
"G895": {"type": "Matrix2x2", "payoffs": [[[20,18],[18,0]],[[9,10],[0,15]]]},
"G896": {"type": "Matrix2x2", "payoffs": [[[25,0],[3,3]],[[39,8],[0,6]]]},
"G897": {"type": "Matrix2x2", "payoffs": [[[0,5],[2,0]],[[4,18],[20,22]]]},
"G898": {"type": "Matrix2x2", "payoffs": [[[26,26],[0,0]],[[71,34],[18,15]]]},
"G899": {"type": "Matrix2x2", "payoffs": [[[25,0],[40,12]],[[0,47],[86,68]]]},
"G900": {"type": "Matrix2x2", "payoffs": [[[78,93],[59,8]],[[38,85],[0,0]]]},
"G901": {"type": "Matrix2x2", "payoffs": [[[0,7],[44,18]],[[9,0],[17,12]]]},
"G902": {"type": "Matrix2x2", "payoffs": [[[23,15],[30,3]],[[0,0],[78,18]]]},
"G903": {"type": "Matrix2x2", "payoffs": [[[17,64],[8,59]],[[6,6],[0,0]]]},
"G904": {"type": "Matrix2x2", "payoffs": [[[50,29],[15,52]],[[61,70],[0,0]]]},
"G905": {"type": "Matrix2x2", "payoffs": [[[11,0],[0,31]],[[42,34],[23,5]]]},
"G906": {"type": "Matrix2x2", "payoffs": [[[27,57],[0,46]],[[1,0],[9,10]]]},
"G907": {"type": "Matrix2x2", "payoffs": [[[23,0],[18,21]],[[33,25],[0,7]]]},
"G908": {"type": "Matrix2x2", "payoffs": [[[42,15],[51,36]],[[0,2],[22,0]]]},
"G909": {"type": "Matrix2x2", "payoffs": [[[0,29],[10,11]],[[2,0],[18,47]]]},
"G910": {"type": "Matrix2x2", "payoffs": [[[32,65],[0,25]],[[97,0],[98,86]]]},
"G911": {"type": "Matrix2x2", "payoffs": [[[74,35],[41,0]],[[20,16],[0,4]]]},
"G912": {"type": "Matrix2x2", "payoffs": [[[0,0],[28,27]],[[82,81],[80,15]]]},
"G913": {"type": "Matrix2x2", "payoffs": [[[42,6],[0,0]],[[47,68],[37,60]]]},
"G914": {"type": "Matrix2x2", "payoffs": [[[43,29],[22,0]],[[0,48],[44,53]]]},
"G915": {"type": "Matrix2x2", "payoffs": [[[0,6],[6,7]],[[15,0],[49,10]]]},
"G916": {"type": "Matrix2x2", "payoffs": [[[19,1],[27,55]],[[0,8],[2,0]]]},
"G917": {"type": "Matrix2x2", "payoffs": [[[32,5],[62,14]],[[0,0],[54,7]]]},
"G918": {"type": "Matrix2x2", "payoffs": [[[5,0],[6,6]],[[39,28],[0,16]]]},
"G919": {"type": "Matrix2x2", "payoffs": [[[47,79],[19,0]],[[28,28],[0,8]]]},
"G920": {"type": "Matrix2x2", "payoffs": [[[14,58],[12,0]],[[0,51],[7,45]]]},
"G921": {"type": "Matrix2x2", "payoffs": [[[7,59],[0,64]],[[9,0],[12,87]]]},
"G922": {"type": "Matrix2x2", "payoffs": [[[10,0],[73,79]],[[38,76],[0,65]]]},
"G923": {"type": "Matrix2x2", "payoffs": [[[13,31],[20,95]],[[18,0],[0,78]]]},
"G924": {"type": "Matrix2x2", "payoffs": [[[47,64],[30,55]],[[14,45],[0,0]]]},
"G925": {"type": "Matrix2x2", "payoffs": [[[23,15],[59,0]],[[0,43],[64,48]]]},
"G926": {"type": "Matrix2x2", "payoffs": [[[40,42],[81,48]],[[0,21],[8,0]]]},
"G927": {"type": "Matrix2x2", "payoffs": [[[45,72],[3,75]],[[47,100],[0,0]]]},
"G928": {"type": "Matrix2x2", "payoffs": [[[44,100],[26,67]],[[0,28],[25,0]]]},
"G929": {"type": "Matrix2x2", "payoffs": [[[0,9],[20,10]],[[1,0],[19,5]]]},
"G930": {"type": "Matrix2x2", "payoffs": [[[56,3],[21,2]],[[27,1],[0,0]]]},
"G931": {"type": "Matrix2x2", "payoffs": [[[0,40],[20,0]],[[22,56],[2,15]]]},
"G932": {"type": "Matrix2x2", "payoffs": [[[4,66],[0,0]],[[2,22],[8,71]]]},
"G933": {"type": "Matrix2x2", "payoffs": [[[41,35],[40,23]],[[27,2],[0,0]]]},
"G934": {"type": "Matrix2x2", "payoffs": [[[67,0],[0,3]],[[39,6],[70,9]]]},
"G935": {"type": "Matrix2x2", "payoffs": [[[0,0],[16,27]],[[8,9],[49,35]]]},
"G936": {"type": "Matrix2x2", "payoffs": [[[0,3],[84,2]],[[22,0],[89,54]]]},
"G937": {"type": "Matrix2x2", "payoffs": [[[2,22],[0,3]],[[84,28],[21,0]]]},
"G938": {"type": "Matrix2x2", "payoffs": [[[6,61],[2,60]],[[3,0],[0,9]]]},
"G939": {"type": "Matrix2x2", "payoffs": [[[0,0],[16,1]],[[93,14],[15,6]]]},
"G940": {"type": "Matrix2x2", "payoffs": [[[35,3],[1,81]],[[0,0],[67,96]]]},
"G941": {"type": "Matrix2x2", "payoffs": [[[0,36],[15,5]],[[12,0],[19,41]]]},
"G942": {"type": "Matrix2x2", "payoffs": [[[86,18],[0,0]],[[51,23],[95,54]]]},
"G943": {"type": "Matrix2x2", "payoffs": [[[71,82],[69,61]],[[66,0],[0,28]]]},
"G944": {"type": "Matrix2x2", "payoffs": [[[31,8],[35,15]],[[18,5],[0,0]]]},
"G945": {"type": "Matrix2x2", "payoffs": [[[51,4],[0,67]],[[47,0],[52,69]]]},
"G946": {"type": "Matrix2x2", "payoffs": [[[21,0],[46,95]],[[0,50],[43,23]]]},
"G947": {"type": "Matrix2x2", "payoffs": [[[0,1],[5,68]],[[1,56],[4,0]]]},
"G948": {"type": "Matrix2x2", "payoffs": [[[64,5],[10,20]],[[80,37],[0,0]]]},
"G949": {"type": "Matrix2x2", "payoffs": [[[25,1],[91,26]],[[0,0],[38,15]]]},
"G950": {"type": "Matrix2x2", "payoffs": [[[25,53],[24,39]],[[0,50],[17,0]]]},
"G951": {"type": "Matrix2x2", "payoffs": [[[53,5],[0,14]],[[56,15],[30,0]]]},
"G952": {"type": "Matrix2x2", "payoffs": [[[27,0],[28,50]],[[72,83],[0,1]]]},
"G953": {"type": "Matrix2x2", "payoffs": [[[62,54],[10,0]],[[0,4],[25,3]]]},
"G954": {"type": "Matrix2x2", "payoffs": [[[0,3],[2,0]],[[3,4],[1,2]]]},
"G955": {"type": "Matrix2x2", "payoffs": [[[34,34],[0,0]],[[16,13],[77,78]]]},
"G956": {"type": "Matrix2x2", "payoffs": [[[0,5],[10,0]],[[15,78],[93,88]]]},
"G957": {"type": "Matrix2x2", "payoffs": [[[39,3],[23,1]],[[35,2],[0,0]]]},
"G958": {"type": "Matrix2x2", "payoffs": [[[0,19],[40,39]],[[25,22],[11,0]]]},
"G959": {"type": "Matrix2x2", "payoffs": [[[40,18],[0,0]],[[26,9],[59,19]]]},
"G960": {"type": "Matrix2x2", "payoffs": [[[0,5],[38,0]],[[90,44],[82,37]]]},
"G961": {"type": "Matrix2x2", "payoffs": [[[1,15],[2,0]],[[0,2],[7,38]]]},
"G962": {"type": "Matrix2x2", "payoffs": [[[1,0],[0,47]],[[3,39],[6,87]]]},
"G963": {"type": "Matrix2x2", "payoffs": [[[55,23],[0,3]],[[22,13],[18,0]]]},
"G964": {"type": "Matrix2x2", "payoffs": [[[6,2],[18,12]],[[1,0],[0,8]]]},
"G965": {"type": "Matrix2x2", "payoffs": [[[1,55],[0,45]],[[19,85],[3,0]]]},
"G966": {"type": "Matrix2x2", "payoffs": [[[5,48],[0,24]],[[2,31],[4,0]]]},
"G967": {"type": "Matrix2x2", "payoffs": [[[8,4],[3,3]],[[0,0],[11,6]]]},
"G968": {"type": "Matrix2x2", "payoffs": [[[25,35],[2,0]],[[29,37],[0,4]]]},
"G969": {"type": "Matrix2x2", "payoffs": [[[45,9],[17,0]],[[0,70],[87,93]]]},
"G970": {"type": "Matrix2x2", "payoffs": [[[4,0],[25,81]],[[0,67],[17,42]]]},
"G971": {"type": "Matrix2x2", "payoffs": [[[0,10],[1,0]],[[20,30],[2,17]]]},
"G972": {"type": "Matrix2x2", "payoffs": [[[7,48],[10,0]],[[0,21],[18,78]]]},
"G973": {"type": "Matrix2x2", "payoffs": [[[0,4],[75,6]],[[73,0],[10,3]]]},
"G974": {"type": "Matrix2x2", "payoffs": [[[1,76],[10,14]],[[17,79],[0,0]]]},
"G975": {"type": "Matrix2x2", "payoffs": [[[27,19],[49,36]],[[38,0],[0,17]]]},
"G976": {"type": "Matrix2x2", "payoffs": [[[28,35],[0,0]],[[67,38],[55,9]]]},
"G977": {"type": "Matrix2x2", "payoffs": [[[0,24],[26,43]],[[1,0],[3,42]]]},
"G978": {"type": "Matrix2x2", "payoffs": [[[77,0],[0,3]],[[81,54],[21,22]]]},
"G979": {"type": "Matrix2x2", "payoffs": [[[16,38],[11,0]],[[0,32],[3,27]]]},
"G980": {"type": "Matrix2x2", "payoffs": [[[4,0],[31,6]],[[1,2],[0,1]]]},
"G981": {"type": "Matrix2x2", "payoffs": [[[27,47],[17,4]],[[0,25],[8,0]]]},
"G982": {"type": "Matrix2x2", "payoffs": [[[0,12],[66,0]],[[24,6],[87,13]]]},
"G983": {"type": "Matrix2x2", "payoffs": [[[51,1],[63,24]],[[0,0],[12,10]]]},
"G984": {"type": "Matrix2x2", "payoffs": [[[97,16],[32,8]],[[0,0],[69,13]]]},
"G985": {"type": "Matrix2x2", "payoffs": [[[0,0],[49,17]],[[32,4],[31,13]]]},
"G986": {"type": "Matrix2x2", "payoffs": [[[71,0],[65,70]],[[0,12],[75,87]]]},
"G987": {"type": "Matrix2x2", "payoffs": [[[5,9],[26,2]],[[56,43],[0,0]]]},
"G988": {"type": "Matrix2x2", "payoffs": [[[0,3],[9,0]],[[40,50],[84,56]]]},
"G989": {"type": "Matrix2x2", "payoffs": [[[0,70],[13,0]],[[5,19],[27,80]]]},
"G990": {"type": "Matrix2x2", "payoffs": [[[78,21],[0,13]],[[69,12],[46,0]]]},
"G991": {"type": "Matrix2x2", "payoffs": [[[1,0],[46,11]],[[89,32],[0,1]]]},
"G992": {"type": "Matrix2x2", "payoffs": [[[41,10],[58,53]],[[0,40],[47,0]]]},
"G993": {"type": "Matrix2x2", "payoffs": [[[2,29],[1,0]],[[0,31],[6,87]]]},
"G994": {"type": "Matrix2x2", "payoffs": [[[3,4],[2,3]],[[5,24],[0,0]]]},
"G995": {"type": "Matrix2x2", "payoffs": [[[26,0],[92,33]],[[0,3],[61,30]]]},
"G996": {"type": "Matrix2x2", "payoffs": [[[0,5],[30,56]],[[14,0],[35,88]]]},
"G997": {"type": "Matrix2x2", "payoffs": [[[27,91],[1,30]],[[19,18],[0,0]]]},
"G998": {"type": "Matrix2x2", "payoffs": [[[0,0],[19,22]],[[42,40],[31,26]]]},
"G999": {"type": "Matrix2x2", "payoffs": [[[0,21],[8,0]],[[9,22],[27,36]]]},
"G1000": {"type": "Matrix2x2", "payoffs": [[[42,23],[0,0]],[[74,100],[36,20]]]}
}