{
"numGames": 100,
"G1": {"type": "Matrix2x2", "payoffs": [[[5,15],[0,35]],[[24,0],[63,98]]]},
"G2": {"type": "Matrix2x2", "payoffs": [[[0,25],[38,0]],[[81,86],[7,61]]]},
"G3": {"type": "Matrix2x2", "payoffs": [[[0,4],[6,2]],[[62,5],[61,0]]]},
"G4": {"type": "Matrix2x2", "payoffs": [[[17,0],[0,3]],[[10,5],[20,39]]]},
"G5": {"type": "Matrix2x2", "payoffs": [[[39,59],[0,0]],[[62,25],[75,84]]]},
"G6": {"type": "Matrix2x2", "payoffs": [[[43,3],[35,1]],[[7,2],[0,0]]]},
"G7": {"type": "Matrix2x2", "payoffs": [[[13,0],[14,49]],[[22,95],[0,40]]]},
"G8": {"type": "Matrix2x2", "payoffs": [[[30,28],[35,41]],[[20,0],[0,4]]]},
"G9": {"type": "Matrix2x2", "payoffs": [[[0,40],[52,61]],[[21,0],[47,27]]]},
"G10": {"type": "Matrix2x2", "payoffs": [[[0,9],[5,0]],[[4,16],[9,54]]]},
"G11": {"type": "Matrix2x2", "payoffs": [[[68,27],[0,13]],[[48,3],[63,0]]]},
"G12": {"type": "Matrix2x2", "payoffs": [[[0,0],[78,35]],[[24,5],[47,26]]]},
"G13": {"type": "Matrix2x2", "payoffs": [[[40,6],[76,80]],[[0,77],[48,0]]]},
"G14": {"type": "Matrix2x2", "payoffs": [[[0,1],[33,0]],[[54,13],[43,12]]]},
"G15": {"type": "Matrix2x2", "payoffs": [[[20,0],[61,40]],[[62,48],[0,47]]]},
"G16": {"type": "Matrix2x2", "payoffs": [[[4,2],[0,0]],[[35,1],[75,3]]]},
"G17": {"type": "Matrix2x2", "payoffs": [[[19,91],[14,0]],[[0,40],[16,77]]]},
"G18": {"type": "Matrix2x2", "payoffs": [[[0,11],[32,3]],[[17,0],[65,33]]]},
"G19": {"type": "Matrix2x2", "payoffs": [[[0,1],[62,6]],[[22,2],[6,0]]]},
"G20": {"type": "Matrix2x2", "payoffs": [[[0,3],[88,5]],[[38,0],[58,4]]]},
"G21": {"type": "Matrix2x2", "payoffs": [[[0,0],[58,36]],[[82,43],[68,5]]]},
"G22": {"type": "Matrix2x2", "payoffs": [[[19,68],[3,0]],[[0,13],[9,19]]]},
"G23": {"type": "Matrix2x2", "payoffs": [[[49,0],[0,44]],[[19,28],[57,49]]]},
"G24": {"type": "Matrix2x2", "payoffs": [[[61,0],[0,58]],[[93,94],[15,34]]]},
"G25": {"type": "Matrix2x2", "payoffs": [[[97,48],[0,26]],[[81,35],[76,0]]]},
"G26": {"type": "Matrix2x2", "payoffs": [[[1,0],[26,79]],[[13,53],[0,77]]]},
"G27": {"type": "Matrix2x2", "payoffs": [[[0,63],[7,0]],[[10,1],[20,73]]]},
"G28": {"type": "Matrix2x2", "payoffs": [[[3,0],[0,35]],[[32,42],[9,32]]]},
"G29": {"type": "Matrix2x2", "payoffs": [[[0,22],[43,91]],[[1,66],[5,0]]]},
"G30": {"type": "Matrix2x2", "payoffs": [[[47,2],[0,0]],[[70,5],[60,1]]]},
"G31": {"type": "Matrix2x2", "payoffs": [[[0,37],[6,0]],[[5,14],[16,100]]]},
"G32": {"type": "Matrix2x2", "payoffs": [[[65,94],[52,4]],[[36,53],[0,0]]]},
"G33": {"type": "Matrix2x2", "payoffs": [[[15,0],[16,13]],[[61,69],[0,61]]]},
"G34": {"type": "Matrix2x2", "payoffs": [[[15,32],[0,0]],[[6,16],[13,8]]]},
"G35": {"type": "Matrix2x2", "payoffs": [[[0,30],[94,66]],[[65,45],[73,0]]]},
"G36": {"type": "Matrix2x2", "payoffs": [[[2,20],[67,30]],[[0,14],[6,0]]]},
"G37": {"type": "Matrix2x2", "payoffs": [[[0,0],[89,10]],[[90,12],[50,1]]]},
"G38": {"type": "Matrix2x2", "payoffs": [[[69,19],[79,46]],[[0,42],[29,0]]]},
"G39": {"type": "Matrix2x2", "payoffs": [[[100,7],[25,3]],[[7,0],[0,6]]]},
"G40": {"type": "Matrix2x2", "payoffs": [[[87,3],[0,0]],[[80,2],[45,1]]]},
"G41": {"type": "Matrix2x2", "payoffs": [[[0,1],[66,4]],[[46,3],[55,0]]]},
"G42": {"type": "Matrix2x2", "payoffs": [[[5,6],[71,31]],[[27,1],[0,0]]]},
"G43": {"type": "Matrix2x2", "payoffs": [[[24,0],[40,54]],[[0,30],[23,8]]]},
"G44": {"type": "Matrix2x2", "payoffs": [[[65,57],[34,44]],[[0,0],[26,46]]]},
"G45": {"type": "Matrix2x2", "payoffs": [[[70,12],[73,31]],[[72,6],[0,0]]]},
"G46": {"type": "Matrix2x2", "payoffs": [[[21,45],[88,50]],[[12,33],[0,0]]]},
"G47": {"type": "Matrix2x2", "payoffs": [[[10,16],[17,6]],[[0,0],[19,31]]]},
"G48": {"type": "Matrix2x2", "payoffs": [[[12,0],[0,41]],[[29,44],[48,74]]]},
"G49": {"type": "Matrix2x2", "payoffs": [[[0,0],[6,13]],[[12,2],[14,30]]]},
"G50": {"type": "Matrix2x2", "payoffs": [[[3,0],[0,30]],[[2,3],[5,66]]]},
"G51": {"type": "Matrix2x2", "payoffs": [[[65,7],[3,0]],[[0,3],[43,5]]]},
"G52": {"type": "Matrix2x2", "payoffs": [[[0,18],[7,25]],[[23,31],[14,0]]]},
"G53": {"type": "Matrix2x2", "payoffs": [[[15,0],[73,9]],[[94,40],[0,32]]]},
"G54": {"type": "Matrix2x2", "payoffs": [[[30,83],[11,33]],[[0,56],[6,0]]]},
"G55": {"type": "Matrix2x2", "payoffs": [[[0,19],[91,41]],[[41,0],[92,72]]]},
"G56": {"type": "Matrix2x2", "payoffs": [[[51,67],[0,10]],[[25,0],[24,16]]]},
"G57": {"type": "Matrix2x2", "payoffs": [[[69,0],[91,31]],[[43,6],[0,25]]]},
"G58": {"type": "Matrix2x2", "payoffs": [[[56,0],[0,1]],[[70,89],[60,64]]]},
"G59": {"type": "Matrix2x2", "payoffs": [[[26,6],[89,44]],[[75,0],[0,25]]]},
"G60": {"type": "Matrix2x2", "payoffs": [[[44,7],[0,31]],[[48,0],[58,63]]]},
"G61": {"type": "Matrix2x2", "payoffs": [[[11,33],[20,28]],[[0,0],[29,53]]]},
"G62": {"type": "Matrix2x2", "payoffs": [[[31,10],[16,0]],[[42,41],[0,9]]]},
"G63": {"type": "Matrix2x2", "payoffs": [[[51,68],[48,0]],[[41,51],[0,4]]]},
"G64": {"type": "Matrix2x2", "payoffs": [[[23,18],[0,0]],[[64,30],[33,3]]]},
"G65": {"type": "Matrix2x2", "payoffs": [[[0,1],[49,2]],[[64,0],[98,4]]]},
"G66": {"type": "Matrix2x2", "payoffs": [[[0,82],[25,0]],[[2,6],[36,87]]]},
"G67": {"type": "Matrix2x2", "payoffs": [[[54,4],[80,2]],[[0,0],[89,5]]]},
"G68": {"type": "Matrix2x2", "payoffs": [[[0,37],[2,0]],[[5,10],[6,57]]]},
"G69": {"type": "Matrix2x2", "payoffs": [[[0,0],[4,42]],[[7,49],[12,61]]]},
"G70": {"type": "Matrix2x2", "payoffs": [[[67,1],[25,0]],[[0,3],[81,4]]]},
"G71": {"type": "Matrix2x2", "payoffs": [[[28,77],[20,0]],[[4,4],[0,39]]]},
"G72": {"type": "Matrix2x2", "payoffs": [[[69,88],[26,30]],[[67,42],[0,0]]]},
"G73": {"type": "Matrix2x2", "payoffs": [[[0,0],[9,3]],[[11,1],[20,4]]]},
"G74": {"type": "Matrix2x2", "payoffs": [[[0,0],[15,14]],[[84,13],[100,16]]]},
"G75": {"type": "Matrix2x2", "payoffs": [[[0,38],[8,55]],[[23,63],[10,0]]]},
"G76": {"type": "Matrix2x2", "payoffs": [[[21,51],[0,0]],[[54,73],[42,16]]]},
"G77": {"type": "Matrix2x2", "payoffs": [[[49,81],[0,18]],[[6,0],[41,1]]]},
"G78": {"type": "Matrix2x2", "payoffs": [[[0,71],[24,3]],[[25,78],[15,0]]]},
"G79": {"type": "Matrix2x2", "payoffs": [[[88,27],[13,15]],[[1,0],[0,16]]]},
"G80": {"type": "Matrix2x2", "payoffs": [[[1,0],[0,13]],[[2,2],[3,18]]]},
"G81": {"type": "Matrix2x2", "payoffs": [[[0,54],[12,12]],[[33,92],[15,0]]]},
"G82": {"type": "Matrix2x2", "payoffs": [[[58,16],[0,2]],[[6,0],[79,40]]]},
"G83": {"type": "Matrix2x2", "payoffs": [[[21,9],[29,11]],[[0,0],[60,15]]]},
"G84": {"type": "Matrix2x2", "payoffs": [[[62,17],[57,0]],[[0,3],[77,46]]]},
"G85": {"type": "Matrix2x2", "payoffs": [[[0,6],[37,3]],[[53,24],[50,0]]]},
"G86": {"type": "Matrix2x2", "payoffs": [[[24,67],[28,72]],[[14,29],[0,0]]]},
"G87": {"type": "Matrix2x2", "payoffs": [[[43,26],[55,100]],[[0,0],[7,84]]]},
"G88": {"type": "Matrix2x2", "payoffs": [[[0,2],[32,39]],[[52,76],[11,0]]]},
"G89": {"type": "Matrix2x2", "payoffs": [[[26,42],[54,47]],[[39,33],[0,0]]]},
"G90": {"type": "Matrix2x2", "payoffs": [[[0,45],[42,37]],[[63,0],[85,67]]]},
"G91": {"type": "Matrix2x2", "payoffs": [[[0,0],[57,8]],[[75,20],[7,4]]]},
"G92": {"type": "Matrix2x2", "payoffs": [[[99,34],[46,0]],[[62,14],[0,17]]]},
"G93": {"type": "Matrix2x2", "payoffs": [[[45,5],[0,1]],[[33,4],[22,0]]]},
"G94": {"type": "Matrix2x2", "payoffs": [[[84,46],[79,0]],[[0,21],[49,3]]]},
"G95": {"type": "Matrix2x2", "payoffs": [[[0,51],[16,0]],[[3,4],[20,98]]]},
"G96": {"type": "Matrix2x2", "payoffs": [[[55,0],[59,21]],[[15,3],[0,19]]]},
"G97": {"type": "Matrix2x2", "payoffs": [[[0,5],[22,6]],[[55,0],[56,18]]]},
"G98": {"type": "Matrix2x2", "payoffs": [[[32,25],[31,23]],[[0,3],[9,0]]]},
"G99": {"type": "Matrix2x2", "payoffs": [[[5,0],[0,2]],[[8,1],[11,3]]]},
"G100": {"type": "Matrix2x2", "payoffs": [[[6,38],[0,5]],[[5,0],[2,11]]]}
}