{
"numGames": 100,
"G1": {"type": "Matrix2x2", "payoffs": [[[49,0],[81,54]],[[0,24],[29,40]]]},
"G2": {"type": "Matrix2x2", "payoffs": [[[48,35],[0,0]],[[61,46],[45,32]]]},
"G3": {"type": "Matrix2x2", "payoffs": [[[19,27],[0,16]],[[2,0],[1,12]]]},
"G4": {"type": "Matrix2x2", "payoffs": [[[72,94],[67,60]],[[56,4],[0,0]]]},
"G5": {"type": "Matrix2x2", "payoffs": [[[55,89],[23,0]],[[50,21],[0,69]]]},
"G6": {"type": "Matrix2x2", "payoffs": [[[51,31],[2,13]],[[0,0],[32,14]]]},
"G7": {"type": "Matrix2x2", "payoffs": [[[0,28],[3,0]],[[5,65],[4,30]]]},
"G8": {"type": "Matrix2x2", "payoffs": [[[14,0],[21,39]],[[13,34],[0,24]]]},
"G9": {"type": "Matrix2x2", "payoffs": [[[28,9],[10,0]],[[0,2],[18,1]]]},
"G10": {"type": "Matrix2x2", "payoffs": [[[35,20],[1,0]],[[34,3],[0,5]]]},
"G11": {"type": "Matrix2x2", "payoffs": [[[1,0],[0,67]],[[6,70],[3,55]]]},
"G12": {"type": "Matrix2x2", "payoffs": [[[85,57],[74,35]],[[0,0],[58,24]]]},
"G13": {"type": "Matrix2x2", "payoffs": [[[9,4],[7,3]],[[0,0],[22,8]]]},
"G14": {"type": "Matrix2x2", "payoffs": [[[74,0],[71,4]],[[79,29],[0,8]]]},
"G15": {"type": "Matrix2x2", "payoffs": [[[0,28],[6,19]],[[3,0],[8,49]]]},
"G16": {"type": "Matrix2x2", "payoffs": [[[34,21],[18,9]],[[12,12],[0,0]]]},
"G17": {"type": "Matrix2x2", "payoffs": [[[0,29],[48,69]],[[29,0],[15,18]]]},
"G18": {"type": "Matrix2x2", "payoffs": [[[19,29],[54,9]],[[0,0],[62,45]]]},
"G19": {"type": "Matrix2x2", "payoffs": [[[44,0],[71,89]],[[0,6],[18,50]]]},
"G20": {"type": "Matrix2x2", "payoffs": [[[16,4],[6,9]],[[51,28],[0,0]]]},
"G21": {"type": "Matrix2x2", "payoffs": [[[0,10],[15,0]],[[5,2],[34,13]]]},
"G22": {"type": "Matrix2x2", "payoffs": [[[70,61],[0,58]],[[13,0],[66,54]]]},
"G23": {"type": "Matrix2x2", "payoffs": [[[6,36],[10,60]],[[7,44],[0,0]]]},
"G24": {"type": "Matrix2x2", "payoffs": [[[60,22],[67,62]],[[89,66],[0,0]]]},
"G25": {"type": "Matrix2x2", "payoffs": [[[21,65],[86,71]],[[64,0],[0,9]]]},
"G26": {"type": "Matrix2x2", "payoffs": [[[20,17],[69,82]],[[35,0],[0,30]]]},
"G27": {"type": "Matrix2x2", "payoffs": [[[7,35],[0,3]],[[33,41],[29,0]]]},
"G28": {"type": "Matrix2x2", "payoffs": [[[0,49],[47,1]],[[94,59],[25,0]]]},
"G29": {"type": "Matrix2x2", "payoffs": [[[11,7],[1,0]],[[0,10],[44,34]]]},
"G30": {"type": "Matrix2x2", "payoffs": [[[61,14],[63,35]],[[0,0],[22,11]]]},
"G31": {"type": "Matrix2x2", "payoffs": [[[0,27],[44,64]],[[23,36],[30,0]]]},
"G32": {"type": "Matrix2x2", "payoffs": [[[34,99],[0,63]],[[19,0],[7,72]]]},
"G33": {"type": "Matrix2x2", "payoffs": [[[0,0],[26,43]],[[55,81],[14,52]]]},
"G34": {"type": "Matrix2x2", "payoffs": [[[52,20],[1,0]],[[0,39],[76,76]]]},
"G35": {"type": "Matrix2x2", "payoffs": [[[70,38],[0,60]],[[77,61],[60,0]]]},
"G36": {"type": "Matrix2x2", "payoffs": [[[21,52],[5,0]],[[0,3],[6,6]]]},
"G37": {"type": "Matrix2x2", "payoffs": [[[0,0],[3,89]],[[1,21],[5,92]]]},
"G38": {"type": "Matrix2x2", "payoffs": [[[36,17],[59,2]],[[76,27],[0,0]]]},
"G39": {"type": "Matrix2x2", "payoffs": [[[27,27],[0,0]],[[73,48],[62,23]]]},
"G40": {"type": "Matrix2x2", "payoffs": [[[0,1],[6,6]],[[23,0],[28,8]]]},
"G41": {"type": "Matrix2x2", "payoffs": [[[14,20],[0,0]],[[96,37],[29,28]]]},
"G42": {"type": "Matrix2x2", "payoffs": [[[19,0],[81,11]],[[92,19],[0,12]]]},
"G43": {"type": "Matrix2x2", "payoffs": [[[20,12],[0,9]],[[71,0],[73,20]]]},
"G44": {"type": "Matrix2x2", "payoffs": [[[54,0],[81,23]],[[27,5],[0,11]]]},
"G45": {"type": "Matrix2x2", "payoffs": [[[87,87],[19,50]],[[27,0],[0,55]]]},
"G46": {"type": "Matrix2x2", "payoffs": [[[17,0],[74,69]],[[0,28],[1,26]]]},
"G47": {"type": "Matrix2x2", "payoffs": [[[17,25],[0,23]],[[7,12],[15,0]]]},
"G48": {"type": "Matrix2x2", "payoffs": [[[2,29],[0,8]],[[3,0],[4,36]]]},
"G49": {"type": "Matrix2x2", "payoffs": [[[14,60],[11,0]],[[9,35],[0,55]]]},
"G50": {"type": "Matrix2x2", "payoffs": [[[97,41],[0,10]],[[74,0],[27,36]]]},
"G51": {"type": "Matrix2x2", "payoffs": [[[0,32],[50,39]],[[67,83],[65,0]]]},
"G52": {"type": "Matrix2x2", "payoffs": [[[70,68],[0,1]],[[19,38],[58,0]]]},
"G53": {"type": "Matrix2x2", "payoffs": [[[0,0],[23,38]],[[29,48],[21,46]]]},
"G54": {"type": "Matrix2x2", "payoffs": [[[4,28],[0,0]],[[3,3],[12,36]]]},
"G55": {"type": "Matrix2x2", "payoffs": [[[7,0],[45,58]],[[22,29],[0,45]]]},
"G56": {"type": "Matrix2x2", "payoffs": [[[48,0],[0,2]],[[61,34],[28,18]]]},
"G57": {"type": "Matrix2x2", "payoffs": [[[22,29],[61,50]],[[15,0],[0,38]]]},
"G58": {"type": "Matrix2x2", "payoffs": [[[0,0],[8,23]],[[18,37],[14,7]]]},
"G59": {"type": "Matrix2x2", "payoffs": [[[3,97],[1,0]],[[2,96],[0,89]]]},
"G60": {"type": "Matrix2x2", "payoffs": [[[36,0],[1,14]],[[0,70],[41,76]]]},
"G61": {"type": "Matrix2x2", "payoffs": [[[5,0],[0,35]],[[6,72],[2,61]]]},
"G62": {"type": "Matrix2x2", "payoffs": [[[0,17],[46,1]],[[68,24],[50,0]]]},
"G63": {"type": "Matrix2x2", "payoffs": [[[89,15],[8,0]],[[0,10],[13,5]]]},
"G64": {"type": "Matrix2x2", "payoffs": [[[44,0],[0,7]],[[94,13],[83,2]]]},
"G65": {"type": "Matrix2x2", "payoffs": [[[25,12],[0,0]],[[24,5],[1,8]]]},
"G66": {"type": "Matrix2x2", "payoffs": [[[6,0],[18,32]],[[51,35],[0,5]]]},
"G67": {"type": "Matrix2x2", "payoffs": [[[17,4],[27,0]],[[0,6],[32,9]]]},
"G68": {"type": "Matrix2x2", "payoffs": [[[10,19],[9,34]],[[28,51],[0,0]]]},
"G69": {"type": "Matrix2x2", "payoffs": [[[32,72],[0,52]],[[4,0],[26,68]]]},
"G70": {"type": "Matrix2x2", "payoffs": [[[7,45],[0,46]],[[10,56],[1,0]]]},
"G71": {"type": "Matrix2x2", "payoffs": [[[33,0],[43,18]],[[0,11],[10,14]]]},
"G72": {"type": "Matrix2x2", "payoffs": [[[90,65],[0,35]],[[24,19],[8,0]]]},
"G73": {"type": "Matrix2x2", "payoffs": [[[28,0],[76,28]],[[80,53],[0,41]]]},
"G74": {"type": "Matrix2x2", "payoffs": [[[99,36],[33,13]],[[0,0],[69,7]]]},
"G75": {"type": "Matrix2x2", "payoffs": [[[0,7],[100,12]],[[18,11],[76,0]]]},
"G76": {"type": "Matrix2x2", "payoffs": [[[0,17],[6,0]],[[2,11],[19,27]]]},
"G77": {"type": "Matrix2x2", "payoffs": [[[22,47],[29,0]],[[46,54],[0,20]]]},
"G78": {"type": "Matrix2x2", "payoffs": [[[5,12],[11,36]],[[0,29],[9,0]]]},
"G79": {"type": "Matrix2x2", "payoffs": [[[4,66],[3,0]],[[2,16],[0,44]]]},
"G80": {"type": "Matrix2x2", "payoffs": [[[0,33],[3,43]],[[2,0],[7,80]]]},
"G81": {"type": "Matrix2x2", "payoffs": [[[20,37],[0,12]],[[7,0],[2,11]]]},
"G82": {"type": "Matrix2x2", "payoffs": [[[0,46],[1,28]],[[5,0],[64,61]]]},
"G83": {"type": "Matrix2x2", "payoffs": [[[55,7],[67,8]],[[0,2],[19,0]]]},
"G84": {"type": "Matrix2x2", "payoffs": [[[19,60],[7,0]],[[1,6],[0,52]]]},
"G85": {"type": "Matrix2x2", "payoffs": [[[52,70],[48,51]],[[0,42],[2,0]]]},
"G86": {"type": "Matrix2x2", "payoffs": [[[25,6],[0,0]],[[29,65],[2,12]]]},
"G87": {"type": "Matrix2x2", "payoffs": [[[44,24],[64,56]],[[1,44],[0,0]]]},
"G88": {"type": "Matrix2x2", "payoffs": [[[99,53],[88,46]],[[0,0],[84,2]]]},
"G89": {"type": "Matrix2x2", "payoffs": [[[1,0],[18,45]],[[9,4],[0,24]]]},
"G90": {"type": "Matrix2x2", "payoffs": [[[0,6],[1,0]],[[19,8],[32,11]]]},
"G91": {"type": "Matrix2x2", "payoffs": [[[30,84],[24,0]],[[0,47],[14,29]]]},
"G92": {"type": "Matrix2x2", "payoffs": [[[9,0],[59,87]],[[0,50],[31,46]]]},
"G93": {"type": "Matrix2x2", "payoffs": [[[28,9],[89,0]],[[0,6],[91,30]]]},
"G94": {"type": "Matrix2x2", "payoffs": [[[1,0],[4,20]],[[0,1],[55,62]]]},
"G95": {"type": "Matrix2x2", "payoffs": [[[91,0],[93,95]],[[0,15],[17,49]]]},
"G96": {"type": "Matrix2x2", "payoffs": [[[0,0],[99,38]],[[5,37],[48,26]]]},
"G97": {"type": "Matrix2x2", "payoffs": [[[22,31],[24,47]],[[0,38],[18,0]]]},
"G98": {"type": "Matrix2x2", "payoffs": [[[0,27],[3,15]],[[27,35],[1,0]]]},
"G99": {"type": "Matrix2x2", "payoffs": [[[65,4],[95,40]],[[62,0],[0,32]]]},
"G100": {"type": "Matrix2x2", "payoffs": [[[6,24],[3,0]],[[0,4],[10,63]]]}
}