{
"numGames": 1000,
"G1": {"type": "Matrix2x2", "payoffs": [[[15,63],[14,25]],[[9,43],[0,0]]]},
"G2": {"type": "Matrix2x2", "payoffs": [[[0,0],[20,14]],[[73,15],[55,6]]]},
"G3": {"type": "Matrix2x2", "payoffs": [[[26,45],[0,50]],[[70,62],[30,0]]]},
"G4": {"type": "Matrix2x2", "payoffs": [[[16,0],[0,15]],[[21,10],[33,26]]]},
"G5": {"type": "Matrix2x2", "payoffs": [[[1,69],[15,18]],[[18,97],[0,0]]]},
"G6": {"type": "Matrix2x2", "payoffs": [[[25,34],[22,8]],[[0,0],[13,10]]]},
"G7": {"type": "Matrix2x2", "payoffs": [[[0,41],[3,75]],[[8,0],[20,91]]]},
"G8": {"type": "Matrix2x2", "payoffs": [[[33,0],[0,43]],[[4,9],[34,63]]]},
"G9": {"type": "Matrix2x2", "payoffs": [[[10,10],[8,0]],[[6,1],[0,9]]]},
"G10": {"type": "Matrix2x2", "payoffs": [[[45,15],[6,12]],[[0,0],[83,74]]]},
"G11": {"type": "Matrix2x2", "payoffs": [[[8,1],[13,3]],[[17,4],[0,0]]]},
"G12": {"type": "Matrix2x2", "payoffs": [[[86,80],[8,0]],[[0,69],[78,64]]]},
"G13": {"type": "Matrix2x2", "payoffs": [[[31,28],[0,46]],[[86,54],[60,0]]]},
"G14": {"type": "Matrix2x2", "payoffs": [[[0,18],[57,27]],[[22,17],[13,0]]]},
"G15": {"type": "Matrix2x2", "payoffs": [[[66,59],[5,0]],[[54,1],[0,54]]]},
"G16": {"type": "Matrix2x2", "payoffs": [[[42,0],[44,36]],[[0,41],[46,46]]]},
"G17": {"type": "Matrix2x2", "payoffs": [[[0,12],[30,42]],[[15,25],[12,0]]]},
"G18": {"type": "Matrix2x2", "payoffs": [[[75,0],[80,64]],[[0,38],[79,42]]]},
"G19": {"type": "Matrix2x2", "payoffs": [[[0,10],[7,0]],[[46,42],[16,30]]]},
"G20": {"type": "Matrix2x2", "payoffs": [[[63,0],[52,9]],[[0,3],[65,13]]]},
"G21": {"type": "Matrix2x2", "payoffs": [[[0,0],[28,93]],[[19,24],[7,3]]]},
"G22": {"type": "Matrix2x2", "payoffs": [[[0,0],[38,83]],[[9,77],[19,15]]]},
"G23": {"type": "Matrix2x2", "payoffs": [[[21,0],[22,5]],[[38,9],[0,3]]]},
"G24": {"type": "Matrix2x2", "payoffs": [[[16,23],[44,14]],[[0,0],[52,39]]]},
"G25": {"type": "Matrix2x2", "payoffs": [[[13,5],[17,6]],[[0,0],[19,9]]]},
"G26": {"type": "Matrix2x2", "payoffs": [[[14,48],[0,0]],[[2,73],[21,78]]]},
"G27": {"type": "Matrix2x2", "payoffs": [[[30,0],[6,74]],[[61,100],[0,61]]]},
"G28": {"type": "Matrix2x2", "payoffs": [[[0,0],[19,46]],[[35,74],[34,64]]]},
"G29": {"type": "Matrix2x2", "payoffs": [[[11,17],[0,1]],[[6,12],[10,0]]]},
"G30": {"type": "Matrix2x2", "payoffs": [[[19,5],[0,6]],[[18,0],[38,7]]]},
"G31": {"type": "Matrix2x2", "payoffs": [[[3,5],[4,66]],[[2,0],[0,22]]]},
"G32": {"type": "Matrix2x2", "payoffs": [[[1,15],[20,0]],[[57,25],[0,18]]]},
"G33": {"type": "Matrix2x2", "payoffs": [[[61,95],[16,53]],[[33,0],[0,92]]]},
"G34": {"type": "Matrix2x2", "payoffs": [[[11,57],[0,13]],[[5,24],[3,0]]]},
"G35": {"type": "Matrix2x2", "payoffs": [[[43,13],[0,46]],[[12,0],[93,97]]]},
"G36": {"type": "Matrix2x2", "payoffs": [[[67,89],[89,96]],[[0,47],[85,0]]]},
"G37": {"type": "Matrix2x2", "payoffs": [[[48,95],[0,91]],[[23,29],[31,0]]]},
"G38": {"type": "Matrix2x2", "payoffs": [[[9,35],[0,0]],[[15,36],[2,11]]]},
"G39": {"type": "Matrix2x2", "payoffs": [[[98,91],[0,25]],[[44,3],[45,0]]]},
"G40": {"type": "Matrix2x2", "payoffs": [[[50,0],[0,28]],[[38,34],[69,74]]]},
"G41": {"type": "Matrix2x2", "payoffs": [[[0,0],[21,3]],[[24,19],[23,4]]]},
"G42": {"type": "Matrix2x2", "payoffs": [[[0,0],[19,1]],[[11,4],[21,5]]]},
"G43": {"type": "Matrix2x2", "payoffs": [[[45,10],[2,0]],[[10,5],[0,2]]]},
"G44": {"type": "Matrix2x2", "payoffs": [[[25,2],[64,0]],[[76,13],[0,5]]]},
"G45": {"type": "Matrix2x2", "payoffs": [[[3,5],[0,8]],[[4,29],[1,0]]]},
"G46": {"type": "Matrix2x2", "payoffs": [[[35,1],[0,0]],[[47,12],[66,18]]]},
"G47": {"type": "Matrix2x2", "payoffs": [[[30,24],[11,22]],[[0,20],[24,0]]]},
"G48": {"type": "Matrix2x2", "payoffs": [[[2,10],[0,3]],[[9,0],[10,31]]]},
"G49": {"type": "Matrix2x2", "payoffs": [[[90,18],[0,7]],[[22,0],[61,14]]]},
"G50": {"type": "Matrix2x2", "payoffs": [[[0,36],[1,39]],[[49,59],[25,0]]]},
"G51": {"type": "Matrix2x2", "payoffs": [[[48,2],[49,37]],[[0,9],[27,0]]]},
"G52": {"type": "Matrix2x2", "payoffs": [[[0,0],[70,24]],[[53,16],[22,1]]]},
"G53": {"type": "Matrix2x2", "payoffs": [[[0,0],[26,41]],[[10,75],[34,91]]]},
"G54": {"type": "Matrix2x2", "payoffs": [[[22,56],[57,0]],[[0,59],[60,72]]]},
"G55": {"type": "Matrix2x2", "payoffs": [[[0,8],[35,0]],[[7,11],[72,14]]]},
"G56": {"type": "Matrix2x2", "payoffs": [[[0,50],[28,32]],[[48,60],[45,0]]]},
"G57": {"type": "Matrix2x2", "payoffs": [[[86,36],[0,15]],[[13,5],[66,0]]]},
"G58": {"type": "Matrix2x2", "payoffs": [[[0,0],[28,82]],[[18,42],[33,99]]]},
"G59": {"type": "Matrix2x2", "payoffs": [[[42,41],[0,45]],[[89,63],[8,0]]]},
"G60": {"type": "Matrix2x2", "payoffs": [[[28,0],[0,67]],[[96,71],[22,5]]]},
"G61": {"type": "Matrix2x2", "payoffs": [[[2,6],[64,15]],[[0,11],[60,0]]]},
"G62": {"type": "Matrix2x2", "payoffs": [[[42,0],[51,4]],[[0,3],[33,2]]]},
"G63": {"type": "Matrix2x2", "payoffs": [[[0,35],[57,57]],[[29,50],[14,0]]]},
"G64": {"type": "Matrix2x2", "payoffs": [[[27,26],[0,0]],[[41,42],[21,31]]]},
"G65": {"type": "Matrix2x2", "payoffs": [[[22,0],[0,5]],[[57,18],[23,6]]]},
"G66": {"type": "Matrix2x2", "payoffs": [[[14,2],[60,5]],[[51,0],[0,1]]]},
"G67": {"type": "Matrix2x2", "payoffs": [[[0,4],[4,8]],[[2,0],[5,14]]]},
"G68": {"type": "Matrix2x2", "payoffs": [[[21,0],[0,11]],[[13,17],[64,36]]]},
"G69": {"type": "Matrix2x2", "payoffs": [[[20,73],[0,24]],[[74,0],[100,82]]]},
"G70": {"type": "Matrix2x2", "payoffs": [[[0,0],[30,3]],[[18,2],[19,1]]]},
"G71": {"type": "Matrix2x2", "payoffs": [[[20,25],[62,88]],[[0,0],[39,75]]]},
"G72": {"type": "Matrix2x2", "payoffs": [[[3,50],[19,98]],[[7,21],[0,0]]]},
"G73": {"type": "Matrix2x2", "payoffs": [[[83,29],[0,0]],[[62,25],[52,9]]]},
"G74": {"type": "Matrix2x2", "payoffs": [[[0,27],[27,0]],[[58,45],[55,19]]]},
"G75": {"type": "Matrix2x2", "payoffs": [[[5,0],[0,6]],[[28,19],[40,66]]]},
"G76": {"type": "Matrix2x2", "payoffs": [[[2,0],[0,20]],[[6,9],[35,88]]]},
"G77": {"type": "Matrix2x2", "payoffs": [[[95,0],[99,39]],[[0,22],[31,1]]]},
"G78": {"type": "Matrix2x2", "payoffs": [[[0,28],[40,59]],[[7,39],[31,0]]]},
"G79": {"type": "Matrix2x2", "payoffs": [[[17,7],[20,15]],[[0,2],[1,0]]]},
"G80": {"type": "Matrix2x2", "payoffs": [[[0,0],[10,93]],[[34,8],[46,94]]]},
"G81": {"type": "Matrix2x2", "payoffs": [[[8,39],[4,8]],[[14,63],[0,0]]]},
"G82": {"type": "Matrix2x2", "payoffs": [[[96,33],[86,10]],[[28,0],[0,3]]]},
"G83": {"type": "Matrix2x2", "payoffs": [[[48,17],[74,29]],[[2,0],[0,23]]]},
"G84": {"type": "Matrix2x2", "payoffs": [[[0,0],[2,14]],[[68,69],[56,55]]]},
"G85": {"type": "Matrix2x2", "payoffs": [[[0,0],[17,76]],[[16,25],[85,81]]]},
"G86": {"type": "Matrix2x2", "payoffs": [[[35,15],[0,0]],[[42,22],[15,4]]]},
"G87": {"type": "Matrix2x2", "payoffs": [[[4,1],[0,0]],[[10,5],[23,12]]]},
"G88": {"type": "Matrix2x2", "payoffs": [[[29,0],[66,75]],[[44,54],[0,47]]]},
"G89": {"type": "Matrix2x2", "payoffs": [[[3,0],[7,69]],[[0,43],[4,37]]]},
"G90": {"type": "Matrix2x2", "payoffs": [[[45,70],[0,55]],[[27,41],[11,0]]]},
"G91": {"type": "Matrix2x2", "payoffs": [[[37,0],[84,53]],[[0,25],[67,13]]]},
"G92": {"type": "Matrix2x2", "payoffs": [[[2,1],[4,4]],[[1,0],[0,3]]]},
"G93": {"type": "Matrix2x2", "payoffs": [[[6,76],[21,86]],[[19,0],[0,29]]]},
"G94": {"type": "Matrix2x2", "payoffs": [[[33,56],[32,0]],[[0,50],[27,29]]]},
"G95": {"type": "Matrix2x2", "payoffs": [[[0,1],[66,0]],[[83,15],[25,7]]]},
"G96": {"type": "Matrix2x2", "payoffs": [[[0,0],[10,30]],[[93,67],[58,38]]]},
"G97": {"type": "Matrix2x2", "payoffs": [[[0,68],[41,100]],[[31,49],[14,0]]]},
"G98": {"type": "Matrix2x2", "payoffs": [[[31,14],[24,0]],[[0,46],[46,53]]]},
"G99": {"type": "Matrix2x2", "payoffs": [[[61,16],[23,0]],[[0,15],[29,12]]]},
"G100": {"type": "Matrix2x2", "payoffs": [[[4,0],[0,2]],[[58,3],[8,1]]]},
"G101": {"type": "Matrix2x2", "payoffs": [[[98,77],[0,18]],[[13,0],[78,62]]]},
"G102": {"type": "Matrix2x2", "payoffs": [[[54,34],[0,50]],[[4,0],[81,83]]]},
"G103": {"type": "Matrix2x2", "payoffs": [[[0,5],[4,4]],[[22,6],[5,0]]]},
"G104": {"type": "Matrix2x2", "payoffs": [[[0,36],[11,0]],[[54,94],[35,63]]]},
"G105": {"type": "Matrix2x2", "payoffs": [[[66,0],[0,2]],[[32,9],[75,13]]]},
"G106": {"type": "Matrix2x2", "payoffs": [[[2,75],[10,13]],[[0,0],[13,93]]]},
"G107": {"type": "Matrix2x2", "payoffs": [[[3,2],[25,7]],[[19,0],[0,6]]]},
"G108": {"type": "Matrix2x2", "payoffs": [[[2,0],[22,8]],[[0,3],[15,7]]]},
"G109": {"type": "Matrix2x2", "payoffs": [[[34,25],[0,15]],[[32,13],[17,0]]]},
"G110": {"type": "Matrix2x2", "payoffs": [[[58,4],[53,21]],[[0,0],[62,51]]]},
"G111": {"type": "Matrix2x2", "payoffs": [[[0,21],[43,0]],[[91,63],[76,20]]]},
"G112": {"type": "Matrix2x2", "payoffs": [[[28,4],[16,5]],[[0,0],[51,6]]]},
"G113": {"type": "Matrix2x2", "payoffs": [[[37,0],[0,19]],[[75,54],[14,13]]]},
"G114": {"type": "Matrix2x2", "payoffs": [[[20,15],[6,0]],[[0,40],[40,53]]]},
"G115": {"type": "Matrix2x2", "payoffs": [[[5,42],[2,32]],[[4,6],[0,0]]]},
"G116": {"type": "Matrix2x2", "payoffs": [[[0,0],[63,92]],[[19,53],[56,20]]]},
"G117": {"type": "Matrix2x2", "payoffs": [[[0,14],[7,9]],[[20,0],[31,37]]]},
"G118": {"type": "Matrix2x2", "payoffs": [[[0,22],[16,58]],[[47,94],[28,0]]]},
"G119": {"type": "Matrix2x2", "payoffs": [[[16,40],[51,79]],[[0,27],[25,0]]]},
"G120": {"type": "Matrix2x2", "payoffs": [[[0,0],[16,29]],[[13,63],[20,89]]]},
"G121": {"type": "Matrix2x2", "payoffs": [[[46,53],[38,43]],[[7,0],[0,20]]]},
"G122": {"type": "Matrix2x2", "payoffs": [[[22,89],[7,14]],[[20,24],[0,0]]]},
"G123": {"type": "Matrix2x2", "payoffs": [[[56,47],[86,65]],[[68,0],[0,19]]]},
"G124": {"type": "Matrix2x2", "payoffs": [[[18,13],[71,46]],[[69,44],[0,0]]]},
"G125": {"type": "Matrix2x2", "payoffs": [[[9,49],[0,0]],[[2,47],[3,35]]]},
"G126": {"type": "Matrix2x2", "payoffs": [[[0,3],[11,5]],[[27,18],[5,0]]]},
"G127": {"type": "Matrix2x2", "payoffs": [[[0,0],[22,8]],[[32,12],[21,6]]]},
"G128": {"type": "Matrix2x2", "payoffs": [[[38,62],[36,5]],[[0,0],[49,66]]]},
"G129": {"type": "Matrix2x2", "payoffs": [[[32,0],[26,2]],[[46,23],[0,6]]]},
"G130": {"type": "Matrix2x2", "payoffs": [[[0,7],[8,9]],[[7,8],[2,0]]]},
"G131": {"type": "Matrix2x2", "payoffs": [[[0,11],[14,0]],[[75,12],[10,3]]]},
"G132": {"type": "Matrix2x2", "payoffs": [[[46,92],[0,0]],[[13,62],[1,30]]]},
"G133": {"type": "Matrix2x2", "payoffs": [[[0,0],[88,40]],[[84,35],[19,22]]]},
"G134": {"type": "Matrix2x2", "payoffs": [[[0,40],[33,22]],[[55,0],[63,78]]]},
"G135": {"type": "Matrix2x2", "payoffs": [[[0,25],[61,0]],[[79,53],[81,68]]]},
"G136": {"type": "Matrix2x2", "payoffs": [[[22,3],[29,11]],[[0,0],[25,2]]]},
"G137": {"type": "Matrix2x2", "payoffs": [[[2,25],[45,65]],[[24,41],[0,0]]]},
"G138": {"type": "Matrix2x2", "payoffs": [[[0,51],[30,66]],[[14,22],[20,0]]]},
"G139": {"type": "Matrix2x2", "payoffs": [[[7,31],[0,0]],[[1,19],[9,39]]]},
"G140": {"type": "Matrix2x2", "payoffs": [[[14,48],[4,0]],[[30,64],[0,50]]]},
"G141": {"type": "Matrix2x2", "payoffs": [[[28,10],[12,45]],[[35,67],[0,0]]]},
"G142": {"type": "Matrix2x2", "payoffs": [[[39,42],[0,13]],[[30,0],[23,7]]]},
"G143": {"type": "Matrix2x2", "payoffs": [[[55,13],[0,3]],[[49,0],[16,5]]]},
"G144": {"type": "Matrix2x2", "payoffs": [[[9,50],[2,25]],[[4,29],[0,0]]]},
"G145": {"type": "Matrix2x2", "payoffs": [[[28,52],[11,29]],[[20,23],[0,0]]]},
"G146": {"type": "Matrix2x2", "payoffs": [[[27,37],[50,0]],[[52,54],[0,6]]]},
"G147": {"type": "Matrix2x2", "payoffs": [[[29,14],[6,28]],[[0,0],[31,38]]]},
"G148": {"type": "Matrix2x2", "payoffs": [[[55,37],[38,0]],[[0,2],[14,15]]]},
"G149": {"type": "Matrix2x2", "payoffs": [[[43,33],[3,6]],[[32,0],[0,22]]]},
"G150": {"type": "Matrix2x2", "payoffs": [[[76,81],[12,43]],[[0,72],[26,0]]]},
"G151": {"type": "Matrix2x2", "payoffs": [[[0,0],[20,1]],[[26,59],[13,51]]]},
"G152": {"type": "Matrix2x2", "payoffs": [[[24,0],[0,15]],[[4,33],[32,37]]]},
"G153": {"type": "Matrix2x2", "payoffs": [[[0,5],[58,6]],[[62,40],[19,0]]]},
"G154": {"type": "Matrix2x2", "payoffs": [[[39,0],[6,41]],[[0,14],[65,42]]]},
"G155": {"type": "Matrix2x2", "payoffs": [[[7,0],[0,25]],[[18,52],[20,76]]]},
"G156": {"type": "Matrix2x2", "payoffs": [[[53,0],[68,12]],[[0,4],[7,10]]]},
"G157": {"type": "Matrix2x2", "payoffs": [[[6,30],[28,25]],[[0,0],[29,36]]]},
"G158": {"type": "Matrix2x2", "payoffs": [[[71,3],[51,2]],[[0,0],[40,1]]]},
"G159": {"type": "Matrix2x2", "payoffs": [[[91,81],[50,33]],[[0,55],[90,0]]]},
"G160": {"type": "Matrix2x2", "payoffs": [[[38,77],[33,42]],[[3,44],[0,0]]]},
"G161": {"type": "Matrix2x2", "payoffs": [[[0,5],[4,23]],[[42,38],[12,0]]]},
"G162": {"type": "Matrix2x2", "payoffs": [[[36,0],[26,29]],[[99,30],[0,15]]]},
"G163": {"type": "Matrix2x2", "payoffs": [[[72,71],[19,7]],[[0,26],[5,0]]]},
"G164": {"type": "Matrix2x2", "payoffs": [[[0,57],[63,0]],[[66,59],[30,53]]]},
"G165": {"type": "Matrix2x2", "payoffs": [[[32,0],[63,53]],[[8,17],[0,11]]]},
"G166": {"type": "Matrix2x2", "payoffs": [[[10,0],[72,88]],[[17,46],[0,84]]]},
"G167": {"type": "Matrix2x2", "payoffs": [[[28,33],[38,59]],[[0,27],[33,0]]]},
"G168": {"type": "Matrix2x2", "payoffs": [[[0,39],[18,0]],[[82,63],[1,17]]]},
"G169": {"type": "Matrix2x2", "payoffs": [[[4,0],[10,2]],[[13,3],[0,1]]]},
"G170": {"type": "Matrix2x2", "payoffs": [[[0,13],[27,0]],[[66,63],[41,58]]]},
"G171": {"type": "Matrix2x2", "payoffs": [[[17,29],[0,13]],[[35,65],[3,0]]]},
"G172": {"type": "Matrix2x2", "payoffs": [[[39,69],[0,27]],[[4,0],[35,56]]]},
"G173": {"type": "Matrix2x2", "payoffs": [[[29,0],[98,10]],[[36,3],[0,1]]]},
"G174": {"type": "Matrix2x2", "payoffs": [[[73,56],[0,38]],[[15,16],[54,0]]]},
"G175": {"type": "Matrix2x2", "payoffs": [[[16,21],[6,0]],[[0,13],[21,42]]]},
"G176": {"type": "Matrix2x2", "payoffs": [[[0,1],[6,0]],[[33,3],[10,2]]]},
"G177": {"type": "Matrix2x2", "payoffs": [[[16,16],[0,0]],[[18,19],[15,4]]]},
"G178": {"type": "Matrix2x2", "payoffs": [[[65,0],[0,47]],[[35,52],[72,77]]]},
"G179": {"type": "Matrix2x2", "payoffs": [[[29,2],[0,0]],[[48,4],[34,1]]]},
"G180": {"type": "Matrix2x2", "payoffs": [[[12,24],[30,6]],[[60,29],[0,0]]]},
"G181": {"type": "Matrix2x2", "payoffs": [[[97,17],[70,14]],[[64,16],[0,0]]]},
"G182": {"type": "Matrix2x2", "payoffs": [[[56,16],[0,6]],[[25,10],[27,0]]]},
"G183": {"type": "Matrix2x2", "payoffs": [[[8,79],[5,70]],[[7,0],[0,3]]]},
"G184": {"type": "Matrix2x2", "payoffs": [[[32,1],[39,85]],[[0,0],[29,49]]]},
"G185": {"type": "Matrix2x2", "payoffs": [[[23,83],[10,36]],[[21,20],[0,0]]]},
"G186": {"type": "Matrix2x2", "payoffs": [[[0,31],[22,32]],[[62,0],[64,40]]]},
"G187": {"type": "Matrix2x2", "payoffs": [[[29,0],[0,60]],[[10,6],[63,78]]]},
"G188": {"type": "Matrix2x2", "payoffs": [[[91,29],[0,0]],[[43,31],[92,50]]]},
"G189": {"type": "Matrix2x2", "payoffs": [[[0,48],[17,0]],[[52,69],[16,24]]]},
"G190": {"type": "Matrix2x2", "payoffs": [[[90,16],[0,4]],[[66,0],[85,2]]]},
"G191": {"type": "Matrix2x2", "payoffs": [[[8,14],[1,3]],[[23,15],[0,0]]]},
"G192": {"type": "Matrix2x2", "payoffs": [[[0,40],[3,17]],[[12,62],[6,0]]]},
"G193": {"type": "Matrix2x2", "payoffs": [[[0,17],[6,10]],[[8,29],[7,0]]]},
"G194": {"type": "Matrix2x2", "payoffs": [[[78,28],[89,0]],[[0,35],[96,69]]]},
"G195": {"type": "Matrix2x2", "payoffs": [[[56,0],[100,56]],[[25,36],[0,5]]]},
"G196": {"type": "Matrix2x2", "payoffs": [[[0,18],[20,34]],[[24,43],[4,0]]]},
"G197": {"type": "Matrix2x2", "payoffs": [[[8,0],[0,4]],[[6,14],[9,15]]]},
"G198": {"type": "Matrix2x2", "payoffs": [[[0,12],[32,23]],[[19,13],[14,0]]]},
"G199": {"type": "Matrix2x2", "payoffs": [[[21,9],[53,40]],[[0,36],[38,0]]]},
"G200": {"type": "Matrix2x2", "payoffs": [[[12,0],[0,5]],[[6,4],[51,6]]]},
"G201": {"type": "Matrix2x2", "payoffs": [[[36,45],[25,37]],[[17,6],[0,0]]]},
"G202": {"type": "Matrix2x2", "payoffs": [[[98,57],[20,52]],[[0,32],[96,0]]]},
"G203": {"type": "Matrix2x2", "payoffs": [[[14,2],[0,0]],[[7,1],[25,3]]]},
"G204": {"type": "Matrix2x2", "payoffs": [[[0,10],[42,12]],[[72,17],[28,0]]]},
"G205": {"type": "Matrix2x2", "payoffs": [[[36,78],[29,0]],[[31,12],[0,5]]]},
"G206": {"type": "Matrix2x2", "payoffs": [[[12,61],[0,52]],[[10,0],[5,2]]]},
"G207": {"type": "Matrix2x2", "payoffs": [[[67,10],[0,5]],[[32,0],[19,8]]]},
"G208": {"type": "Matrix2x2", "payoffs": [[[30,13],[0,6]],[[49,19],[20,0]]]},
"G209": {"type": "Matrix2x2", "payoffs": [[[13,18],[9,12]],[[5,11],[0,0]]]},
"G210": {"type": "Matrix2x2", "payoffs": [[[0,32],[13,0]],[[41,52],[30,24]]]},
"G211": {"type": "Matrix2x2", "payoffs": [[[4,0],[23,28]],[[0,2],[29,60]]]},
"G212": {"type": "Matrix2x2", "payoffs": [[[11,3],[28,0]],[[40,4],[0,2]]]},
"G213": {"type": "Matrix2x2", "payoffs": [[[39,0],[62,38]],[[35,10],[0,29]]]},
"G214": {"type": "Matrix2x2", "payoffs": [[[9,15],[2,6]],[[0,1],[8,0]]]},
"G215": {"type": "Matrix2x2", "payoffs": [[[30,54],[0,13]],[[13,14],[17,0]]]},
"G216": {"type": "Matrix2x2", "payoffs": [[[12,19],[10,52]],[[31,76],[0,0]]]},
"G217": {"type": "Matrix2x2", "payoffs": [[[0,0],[15,61]],[[4,57],[1,39]]]},
"G218": {"type": "Matrix2x2", "payoffs": [[[12,4],[14,84]],[[0,0],[1,68]]]},
"G219": {"type": "Matrix2x2", "payoffs": [[[6,0],[28,56]],[[0,53],[66,86]]]},
"G220": {"type": "Matrix2x2", "payoffs": [[[0,6],[9,0]],[[6,51],[16,54]]]},
"G221": {"type": "Matrix2x2", "payoffs": [[[0,61],[10,32]],[[13,0],[31,98]]]},
"G222": {"type": "Matrix2x2", "payoffs": [[[0,4],[74,0]],[[60,15],[79,33]]]},
"G223": {"type": "Matrix2x2", "payoffs": [[[47,12],[0,8]],[[14,0],[80,30]]]},
"G224": {"type": "Matrix2x2", "payoffs": [[[44,92],[11,68]],[[15,0],[0,37]]]},
"G225": {"type": "Matrix2x2", "payoffs": [[[71,73],[11,0]],[[0,5],[45,6]]]},
"G226": {"type": "Matrix2x2", "payoffs": [[[19,55],[50,0]],[[0,10],[80,67]]]},
"G227": {"type": "Matrix2x2", "payoffs": [[[61,77],[15,64]],[[0,60],[46,0]]]},
"G228": {"type": "Matrix2x2", "payoffs": [[[0,3],[30,2]],[[69,4],[16,0]]]},
"G229": {"type": "Matrix2x2", "payoffs": [[[0,0],[2,1]],[[3,16],[1,2]]]},
"G230": {"type": "Matrix2x2", "payoffs": [[[21,36],[27,0]],[[0,24],[42,78]]]},
"G231": {"type": "Matrix2x2", "payoffs": [[[0,51],[3,0]],[[10,12],[37,72]]]},
"G232": {"type": "Matrix2x2", "payoffs": [[[26,0],[31,50]],[[19,4],[0,47]]]},
"G233": {"type": "Matrix2x2", "payoffs": [[[8,11],[6,8]],[[0,0],[12,16]]]},
"G234": {"type": "Matrix2x2", "payoffs": [[[0,0],[5,34]],[[1,14],[2,20]]]},
"G235": {"type": "Matrix2x2", "payoffs": [[[45,89],[12,58]],[[0,0],[37,20]]]},
"G236": {"type": "Matrix2x2", "payoffs": [[[54,38],[0,0]],[[22,1],[47,3]]]},
"G237": {"type": "Matrix2x2", "payoffs": [[[0,56],[66,82]],[[85,100],[58,0]]]},
"G238": {"type": "Matrix2x2", "payoffs": [[[0,70],[3,95]],[[2,0],[1,78]]]},
"G239": {"type": "Matrix2x2", "payoffs": [[[46,0],[53,90]],[[11,62],[0,28]]]},
"G240": {"type": "Matrix2x2", "payoffs": [[[40,0],[0,25]],[[25,58],[57,64]]]},
"G241": {"type": "Matrix2x2", "payoffs": [[[2,64],[1,0]],[[6,79],[0,12]]]},
"G242": {"type": "Matrix2x2", "payoffs": [[[28,12],[13,7]],[[21,3],[0,0]]]},
"G243": {"type": "Matrix2x2", "payoffs": [[[0,0],[5,27]],[[11,26],[14,28]]]},
"G244": {"type": "Matrix2x2", "payoffs": [[[22,0],[1,55]],[[29,71],[0,40]]]},
"G245": {"type": "Matrix2x2", "payoffs": [[[16,40],[90,67]],[[0,65],[58,0]]]},
"G246": {"type": "Matrix2x2", "payoffs": [[[17,45],[0,5]],[[7,0],[22,66]]]},
"G247": {"type": "Matrix2x2", "payoffs": [[[0,22],[73,5]],[[24,0],[94,24]]]},
"G248": {"type": "Matrix2x2", "payoffs": [[[95,72],[40,0]],[[0,43],[49,50]]]},
"G249": {"type": "Matrix2x2", "payoffs": [[[34,54],[0,3]],[[26,0],[1,39]]]},
"G250": {"type": "Matrix2x2", "payoffs": [[[17,9],[18,29]],[[0,0],[13,24]]]},
"G251": {"type": "Matrix2x2", "payoffs": [[[22,20],[6,13]],[[11,1],[0,0]]]},
"G252": {"type": "Matrix2x2", "payoffs": [[[16,22],[11,0]],[[0,10],[14,17]]]},
"G253": {"type": "Matrix2x2", "payoffs": [[[28,0],[99,52]],[[0,20],[15,47]]]},
"G254": {"type": "Matrix2x2", "payoffs": [[[2,13],[0,0]],[[4,22],[15,24]]]},
"G255": {"type": "Matrix2x2", "payoffs": [[[18,0],[0,9]],[[92,85],[78,12]]]},
"G256": {"type": "Matrix2x2", "payoffs": [[[36,96],[21,0]],[[0,30],[33,18]]]},
"G257": {"type": "Matrix2x2", "payoffs": [[[0,17],[30,52]],[[1,0],[9,6]]]},
"G258": {"type": "Matrix2x2", "payoffs": [[[12,0],[0,16]],[[19,18],[6,13]]]},
"G259": {"type": "Matrix2x2", "payoffs": [[[0,86],[9,0]],[[16,91],[12,67]]]},
"G260": {"type": "Matrix2x2", "payoffs": [[[15,22],[0,0]],[[35,53],[95,68]]]},
"G261": {"type": "Matrix2x2", "payoffs": [[[25,27],[0,43]],[[48,90],[23,0]]]},
"G262": {"type": "Matrix2x2", "payoffs": [[[0,0],[28,52]],[[17,40],[22,34]]]},
"G263": {"type": "Matrix2x2", "payoffs": [[[0,34],[46,38]],[[38,0],[26,17]]]},
"G264": {"type": "Matrix2x2", "payoffs": [[[91,5],[0,0]],[[69,2],[35,3]]]},
"G265": {"type": "Matrix2x2", "payoffs": [[[0,0],[10,79]],[[15,78],[20,81]]]},
"G266": {"type": "Matrix2x2", "payoffs": [[[28,46],[26,0]],[[12,10],[0,11]]]},
"G267": {"type": "Matrix2x2", "payoffs": [[[70,35],[48,0]],[[69,19],[0,2]]]},
"G268": {"type": "Matrix2x2", "payoffs": [[[77,76],[53,0]],[[0,1],[55,60]]]},
"G269": {"type": "Matrix2x2", "payoffs": [[[0,0],[14,97]],[[13,59],[8,15]]]},
"G270": {"type": "Matrix2x2", "payoffs": [[[0,6],[23,21]],[[16,0],[28,28]]]},
"G271": {"type": "Matrix2x2", "payoffs": [[[0,8],[17,10]],[[7,1],[5,0]]]},
"G272": {"type": "Matrix2x2", "payoffs": [[[24,48],[17,0]],[[20,40],[0,19]]]},
"G273": {"type": "Matrix2x2", "payoffs": [[[4,20],[0,0]],[[5,21],[27,51]]]},
"G274": {"type": "Matrix2x2", "payoffs": [[[39,61],[46,62]],[[28,0],[0,15]]]},
"G275": {"type": "Matrix2x2", "payoffs": [[[5,44],[4,20]],[[1,0],[0,2]]]},
"G276": {"type": "Matrix2x2", "payoffs": [[[4,0],[0,8]],[[75,5],[86,20]]]},
"G277": {"type": "Matrix2x2", "payoffs": [[[64,0],[59,12]],[[67,29],[0,19]]]},
"G278": {"type": "Matrix2x2", "payoffs": [[[0,15],[6,8]],[[7,33],[1,0]]]},
"G279": {"type": "Matrix2x2", "payoffs": [[[0,50],[14,43]],[[66,58],[44,0]]]},
"G280": {"type": "Matrix2x2", "payoffs": [[[33,91],[17,0]],[[4,64],[0,43]]]},
"G281": {"type": "Matrix2x2", "payoffs": [[[5,27],[0,0]],[[4,8],[2,7]]]},
"G282": {"type": "Matrix2x2", "payoffs": [[[0,0],[7,2]],[[8,23],[30,77]]]},
"G283": {"type": "Matrix2x2", "payoffs": [[[0,63],[72,0]],[[4,96],[73,100]]]},
"G284": {"type": "Matrix2x2", "payoffs": [[[69,55],[49,22]],[[0,11],[52,0]]]},
"G285": {"type": "Matrix2x2", "payoffs": [[[77,73],[0,8]],[[52,0],[37,28]]]},
"G286": {"type": "Matrix2x2", "payoffs": [[[58,3],[0,1]],[[56,2],[34,0]]]},
"G287": {"type": "Matrix2x2", "payoffs": [[[35,3],[0,18]],[[45,0],[92,45]]]},
"G288": {"type": "Matrix2x2", "payoffs": [[[0,0],[3,54]],[[58,12],[92,55]]]},
"G289": {"type": "Matrix2x2", "payoffs": [[[0,44],[32,42]],[[19,0],[47,61]]]},
"G290": {"type": "Matrix2x2", "payoffs": [[[53,50],[62,56]],[[0,0],[13,33]]]},
"G291": {"type": "Matrix2x2", "payoffs": [[[10,68],[27,69]],[[18,23],[0,0]]]},
"G292": {"type": "Matrix2x2", "payoffs": [[[62,14],[82,34]],[[0,1],[45,0]]]},
"G293": {"type": "Matrix2x2", "payoffs": [[[0,0],[18,18]],[[14,4],[57,24]]]},
"G294": {"type": "Matrix2x2", "payoffs": [[[76,0],[0,14]],[[99,21],[56,13]]]},
"G295": {"type": "Matrix2x2", "payoffs": [[[4,29],[0,0]],[[7,55],[12,69]]]},
"G296": {"type": "Matrix2x2", "payoffs": [[[12,68],[57,84]],[[51,0],[0,12]]]},
"G297": {"type": "Matrix2x2", "payoffs": [[[2,27],[28,0]],[[0,18],[46,43]]]},
"G298": {"type": "Matrix2x2", "payoffs": [[[6,12],[0,81]],[[16,83],[2,0]]]},
"G299": {"type": "Matrix2x2", "payoffs": [[[0,30],[36,56]],[[21,0],[18,28]]]},
"G300": {"type": "Matrix2x2", "payoffs": [[[26,61],[55,65]],[[0,23],[23,0]]]},
"G301": {"type": "Matrix2x2", "payoffs": [[[0,0],[2,63]],[[1,82],[4,83]]]},
"G302": {"type": "Matrix2x2", "payoffs": [[[0,19],[32,76]],[[18,0],[17,59]]]},
"G303": {"type": "Matrix2x2", "payoffs": [[[74,0],[100,84]],[[75,63],[0,40]]]},
"G304": {"type": "Matrix2x2", "payoffs": [[[14,41],[15,42]],[[0,0],[5,10]]]},
"G305": {"type": "Matrix2x2", "payoffs": [[[39,2],[0,0]],[[48,4],[10,3]]]},
"G306": {"type": "Matrix2x2", "payoffs": [[[1,71],[8,72]],[[9,74],[0,0]]]},
"G307": {"type": "Matrix2x2", "payoffs": [[[0,9],[60,30]],[[36,24],[55,0]]]},
"G308": {"type": "Matrix2x2", "payoffs": [[[7,2],[21,3]],[[18,0],[0,1]]]},
"G309": {"type": "Matrix2x2", "payoffs": [[[47,0],[93,3]],[[0,1],[48,2]]]},
"G310": {"type": "Matrix2x2", "payoffs": [[[63,0],[0,6]],[[40,13],[75,17]]]},
"G311": {"type": "Matrix2x2", "payoffs": [[[15,97],[8,32]],[[0,96],[4,0]]]},
"G312": {"type": "Matrix2x2", "payoffs": [[[95,5],[0,2]],[[65,4],[40,0]]]},
"G313": {"type": "Matrix2x2", "payoffs": [[[37,13],[72,23]],[[28,0],[0,1]]]},
"G314": {"type": "Matrix2x2", "payoffs": [[[0,22],[2,6]],[[1,0],[3,29]]]},
"G315": {"type": "Matrix2x2", "payoffs": [[[81,71],[44,3]],[[45,0],[0,41]]]},
"G316": {"type": "Matrix2x2", "payoffs": [[[4,47],[16,63]],[[6,56],[0,0]]]},
"G317": {"type": "Matrix2x2", "payoffs": [[[45,36],[2,48]],[[82,94],[0,0]]]},
"G318": {"type": "Matrix2x2", "payoffs": [[[0,22],[30,32]],[[38,72],[15,0]]]},
"G319": {"type": "Matrix2x2", "payoffs": [[[69,0],[0,8]],[[49,11],[84,12]]]},
"G320": {"type": "Matrix2x2", "payoffs": [[[44,30],[23,56]],[[96,59],[0,0]]]},
"G321": {"type": "Matrix2x2", "payoffs": [[[0,70],[42,100]],[[6,0],[37,90]]]},
"G322": {"type": "Matrix2x2", "payoffs": [[[71,99],[0,61]],[[52,84],[29,0]]]},
"G323": {"type": "Matrix2x2", "payoffs": [[[92,64],[0,41]],[[33,0],[25,36]]]},
"G324": {"type": "Matrix2x2", "payoffs": [[[0,0],[20,55]],[[31,11],[97,62]]]},
"G325": {"type": "Matrix2x2", "payoffs": [[[0,30],[64,24]],[[86,52],[38,0]]]},
"G326": {"type": "Matrix2x2", "payoffs": [[[29,77],[17,53]],[[0,0],[67,92]]]},
"G327": {"type": "Matrix2x2", "payoffs": [[[15,6],[0,33]],[[13,0],[49,73]]]},
"G328": {"type": "Matrix2x2", "payoffs": [[[19,26],[0,0]],[[30,50],[7,38]]]},
"G329": {"type": "Matrix2x2", "payoffs": [[[28,0],[41,31]],[[22,28],[0,20]]]},
"G330": {"type": "Matrix2x2", "payoffs": [[[0,24],[4,0]],[[3,22],[7,30]]]},
"G331": {"type": "Matrix2x2", "payoffs": [[[0,0],[20,33]],[[33,69],[1,48]]]},
"G332": {"type": "Matrix2x2", "payoffs": [[[55,86],[0,11]],[[67,95],[6,0]]]},
"G333": {"type": "Matrix2x2", "payoffs": [[[12,26],[0,0]],[[45,28],[18,24]]]},
"G334": {"type": "Matrix2x2", "payoffs": [[[39,43],[6,33]],[[32,41],[0,0]]]},
"G335": {"type": "Matrix2x2", "payoffs": [[[35,97],[21,0]],[[0,61],[17,19]]]},
"G336": {"type": "Matrix2x2", "payoffs": [[[41,55],[0,0]],[[17,25],[4,50]]]},
"G337": {"type": "Matrix2x2", "payoffs": [[[39,57],[64,78]],[[0,55],[34,0]]]},
"G338": {"type": "Matrix2x2", "payoffs": [[[3,0],[6,23]],[[0,7],[5,14]]]},
"G339": {"type": "Matrix2x2", "payoffs": [[[68,73],[30,33]],[[0,0],[47,10]]]},
"G340": {"type": "Matrix2x2", "payoffs": [[[25,54],[0,27]],[[46,80],[21,0]]]},
"G341": {"type": "Matrix2x2", "payoffs": [[[0,0],[86,37]],[[33,28],[77,22]]]},
"G342": {"type": "Matrix2x2", "payoffs": [[[0,26],[41,31]],[[63,41],[43,0]]]},
"G343": {"type": "Matrix2x2", "payoffs": [[[80,0],[96,93]],[[0,36],[25,28]]]},
"G344": {"type": "Matrix2x2", "payoffs": [[[18,2],[0,0]],[[13,6],[19,16]]]},
"G345": {"type": "Matrix2x2", "payoffs": [[[0,9],[84,14]],[[61,5],[73,0]]]},
"G346": {"type": "Matrix2x2", "payoffs": [[[27,4],[0,15]],[[49,19],[47,0]]]},
"G347": {"type": "Matrix2x2", "payoffs": [[[0,0],[3,46]],[[4,36],[5,54]]]},
"G348": {"type": "Matrix2x2", "payoffs": [[[0,1],[25,6]],[[9,4],[14,0]]]},
"G349": {"type": "Matrix2x2", "payoffs": [[[68,72],[35,18]],[[0,0],[20,35]]]},
"G350": {"type": "Matrix2x2", "payoffs": [[[32,33],[29,0]],[[31,24],[0,32]]]},
"G351": {"type": "Matrix2x2", "payoffs": [[[8,0],[24,27]],[[3,17],[0,14]]]},
"G352": {"type": "Matrix2x2", "payoffs": [[[88,49],[73,0]],[[21,48],[0,18]]]},
"G353": {"type": "Matrix2x2", "payoffs": [[[11,49],[0,5]],[[18,59],[7,0]]]},
"G354": {"type": "Matrix2x2", "payoffs": [[[45,16],[92,81]],[[60,0],[0,44]]]},
"G355": {"type": "Matrix2x2", "payoffs": [[[6,84],[23,22]],[[0,0],[71,98]]]},
"G356": {"type": "Matrix2x2", "payoffs": [[[0,31],[37,0]],[[69,4],[81,55]]]},
"G357": {"type": "Matrix2x2", "payoffs": [[[0,42],[87,53]],[[16,0],[55,46]]]},
"G358": {"type": "Matrix2x2", "payoffs": [[[55,0],[0,4]],[[58,15],[15,6]]]},
"G359": {"type": "Matrix2x2", "payoffs": [[[0,0],[3,5]],[[4,6],[1,3]]]},
"G360": {"type": "Matrix2x2", "payoffs": [[[0,0],[42,3]],[[13,7],[53,31]]]},
"G361": {"type": "Matrix2x2", "payoffs": [[[56,3],[30,0]],[[62,6],[0,1]]]},
"G362": {"type": "Matrix2x2", "payoffs": [[[97,17],[75,0]],[[0,16],[34,2]]]},
"G363": {"type": "Matrix2x2", "payoffs": [[[0,0],[9,62]],[[65,93],[36,45]]]},
"G364": {"type": "Matrix2x2", "payoffs": [[[42,22],[45,34]],[[9,23],[0,0]]]},
"G365": {"type": "Matrix2x2", "payoffs": [[[66,43],[59,12]],[[36,0],[0,38]]]},
"G366": {"type": "Matrix2x2", "payoffs": [[[95,31],[0,29]],[[16,0],[5,25]]]},
"G367": {"type": "Matrix2x2", "payoffs": [[[88,13],[18,6]],[[0,0],[14,1]]]},
"G368": {"type": "Matrix2x2", "payoffs": [[[26,17],[0,0]],[[9,4],[20,7]]]},
"G369": {"type": "Matrix2x2", "payoffs": [[[41,6],[42,21]],[[39,20],[0,0]]]},
"G370": {"type": "Matrix2x2", "payoffs": [[[0,0],[4,1]],[[15,3],[9,2]]]},
"G371": {"type": "Matrix2x2", "payoffs": [[[0,0],[5,29]],[[83,83],[47,17]]]},
"G372": {"type": "Matrix2x2", "payoffs": [[[30,1],[40,5]],[[42,66],[0,0]]]},
"G373": {"type": "Matrix2x2", "payoffs": [[[27,0],[0,6]],[[7,24],[34,54]]]},
"G374": {"type": "Matrix2x2", "payoffs": [[[21,38],[0,30]],[[25,0],[50,42]]]},
"G375": {"type": "Matrix2x2", "payoffs": [[[24,27],[32,28]],[[39,77],[0,0]]]},
"G376": {"type": "Matrix2x2", "payoffs": [[[23,0],[0,92]],[[70,95],[49,50]]]},
"G377": {"type": "Matrix2x2", "payoffs": [[[42,50],[18,12]],[[0,35],[12,0]]]},
"G378": {"type": "Matrix2x2", "payoffs": [[[34,54],[0,0]],[[15,32],[1,46]]]},
"G379": {"type": "Matrix2x2", "payoffs": [[[10,21],[23,0]],[[84,65],[0,53]]]},
"G380": {"type": "Matrix2x2", "payoffs": [[[13,0],[36,74]],[[0,60],[11,21]]]},
"G381": {"type": "Matrix2x2", "payoffs": [[[37,0],[62,17]],[[0,26],[82,52]]]},
"G382": {"type": "Matrix2x2", "payoffs": [[[23,10],[0,0]],[[36,42],[38,44]]]},
"G383": {"type": "Matrix2x2", "payoffs": [[[5,0],[74,21]],[[32,13],[0,5]]]},
"G384": {"type": "Matrix2x2", "payoffs": [[[20,0],[0,21]],[[25,38],[3,32]]]},
"G385": {"type": "Matrix2x2", "payoffs": [[[0,47],[7,0]],[[13,87],[12,65]]]},
"G386": {"type": "Matrix2x2", "payoffs": [[[34,19],[31,0]],[[0,68],[98,94]]]},
"G387": {"type": "Matrix2x2", "payoffs": [[[0,1],[28,0]],[[40,37],[13,13]]]},
"G388": {"type": "Matrix2x2", "payoffs": [[[28,0],[0,66]],[[31,83],[9,65]]]},
"G389": {"type": "Matrix2x2", "payoffs": [[[10,1],[0,19]],[[27,59],[15,0]]]},
"G390": {"type": "Matrix2x2", "payoffs": [[[78,83],[66,58]],[[0,17],[27,0]]]},
"G391": {"type": "Matrix2x2", "payoffs": [[[38,18],[0,14]],[[2,0],[3,16]]]},
"G392": {"type": "Matrix2x2", "payoffs": [[[1,3],[2,0]],[[3,44],[0,40]]]},
"G393": {"type": "Matrix2x2", "payoffs": [[[36,0],[0,8]],[[63,10],[59,7]]]},
"G394": {"type": "Matrix2x2", "payoffs": [[[42,45],[9,0]],[[0,43],[53,91]]]},
"G395": {"type": "Matrix2x2", "payoffs": [[[13,70],[38,91]],[[0,0],[33,19]]]},
"G396": {"type": "Matrix2x2", "payoffs": [[[0,9],[70,0]],[[64,16],[89,57]]]},
"G397": {"type": "Matrix2x2", "payoffs": [[[2,36],[45,28]],[[67,57],[0,0]]]},
"G398": {"type": "Matrix2x2", "payoffs": [[[56,16],[80,19]],[[95,59],[0,0]]]},
"G399": {"type": "Matrix2x2", "payoffs": [[[0,86],[80,89]],[[47,39],[27,0]]]},
"G400": {"type": "Matrix2x2", "payoffs": [[[0,52],[26,0]],[[8,68],[34,71]]]},
"G401": {"type": "Matrix2x2", "payoffs": [[[55,0],[95,4]],[[0,1],[48,3]]]},
"G402": {"type": "Matrix2x2", "payoffs": [[[1,77],[0,0]],[[39,3],[44,84]]]},
"G403": {"type": "Matrix2x2", "payoffs": [[[6,13],[5,10]],[[3,9],[0,0]]]},
"G404": {"type": "Matrix2x2", "payoffs": [[[95,44],[0,23]],[[53,0],[57,19]]]},
"G405": {"type": "Matrix2x2", "payoffs": [[[0,8],[58,27]],[[59,50],[2,0]]]},
"G406": {"type": "Matrix2x2", "payoffs": [[[12,17],[0,0]],[[44,28],[6,25]]]},
"G407": {"type": "Matrix2x2", "payoffs": [[[19,70],[67,68]],[[0,0],[69,74]]]},
"G408": {"type": "Matrix2x2", "payoffs": [[[40,14],[0,35]],[[43,41],[5,0]]]},
"G409": {"type": "Matrix2x2", "payoffs": [[[10,31],[27,38]],[[0,0],[35,90]]]},
"G410": {"type": "Matrix2x2", "payoffs": [[[9,25],[5,0]],[[4,14],[0,13]]]},
"G411": {"type": "Matrix2x2", "payoffs": [[[32,0],[58,20]],[[90,26],[0,21]]]},
"G412": {"type": "Matrix2x2", "payoffs": [[[86,64],[88,84]],[[45,0],[0,80]]]},
"G413": {"type": "Matrix2x2", "payoffs": [[[88,12],[0,3]],[[50,4],[32,0]]]},
"G414": {"type": "Matrix2x2", "payoffs": [[[51,79],[18,69]],[[40,0],[0,56]]]},
"G415": {"type": "Matrix2x2", "payoffs": [[[47,27],[1,11]],[[14,21],[0,0]]]},
"G416": {"type": "Matrix2x2", "payoffs": [[[98,48],[90,0]],[[0,31],[16,11]]]},
"G417": {"type": "Matrix2x2", "payoffs": [[[18,44],[0,41]],[[52,61],[20,0]]]},
"G418": {"type": "Matrix2x2", "payoffs": [[[45,90],[25,0]],[[41,79],[0,59]]]},
"G419": {"type": "Matrix2x2", "payoffs": [[[0,6],[27,15]],[[10,0],[32,28]]]},
"G420": {"type": "Matrix2x2", "payoffs": [[[28,88],[8,12]],[[23,87],[0,0]]]},
"G421": {"type": "Matrix2x2", "payoffs": [[[0,0],[12,96]],[[6,58],[9,21]]]},
"G422": {"type": "Matrix2x2", "payoffs": [[[16,0],[25,98]],[[0,38],[5,50]]]},
"G423": {"type": "Matrix2x2", "payoffs": [[[36,0],[0,44]],[[29,36],[49,49]]]},
"G424": {"type": "Matrix2x2", "payoffs": [[[58,19],[54,0]],[[46,7],[0,15]]]},
"G425": {"type": "Matrix2x2", "payoffs": [[[0,24],[48,10]],[[65,34],[64,0]]]},
"G426": {"type": "Matrix2x2", "payoffs": [[[47,19],[6,46]],[[91,90],[0,0]]]},
"G427": {"type": "Matrix2x2", "payoffs": [[[42,11],[0,44]],[[43,54],[29,0]]]},
"G428": {"type": "Matrix2x2", "payoffs": [[[92,4],[95,32]],[[67,0],[0,19]]]},
"G429": {"type": "Matrix2x2", "payoffs": [[[68,10],[76,29]],[[0,0],[47,5]]]},
"G430": {"type": "Matrix2x2", "payoffs": [[[95,89],[86,54]],[[0,0],[1,8]]]},
"G431": {"type": "Matrix2x2", "payoffs": [[[0,33],[68,0]],[[69,72],[33,39]]]},
"G432": {"type": "Matrix2x2", "payoffs": [[[9,92],[0,38]],[[3,74],[4,0]]]},
"G433": {"type": "Matrix2x2", "payoffs": [[[57,18],[74,94]],[[27,88],[0,0]]]},
"G434": {"type": "Matrix2x2", "payoffs": [[[15,39],[2,17]],[[0,0],[16,44]]]},
"G435": {"type": "Matrix2x2", "payoffs": [[[0,5],[10,7]],[[8,0],[25,17]]]},
"G436": {"type": "Matrix2x2", "payoffs": [[[39,2],[92,38]],[[58,0],[0,15]]]},
"G437": {"type": "Matrix2x2", "payoffs": [[[39,0],[42,23]],[[45,47],[0,33]]]},
"G438": {"type": "Matrix2x2", "payoffs": [[[62,16],[38,0]],[[0,3],[15,15]]]},
"G439": {"type": "Matrix2x2", "payoffs": [[[27,43],[98,81]],[[0,0],[11,65]]]},
"G440": {"type": "Matrix2x2", "payoffs": [[[66,0],[0,46]],[[93,92],[25,86]]]},
"G441": {"type": "Matrix2x2", "payoffs": [[[45,72],[16,3]],[[21,67],[0,0]]]},
"G442": {"type": "Matrix2x2", "payoffs": [[[6,62],[0,0]],[[45,8],[62,90]]]},
"G443": {"type": "Matrix2x2", "payoffs": [[[9,30],[30,31]],[[0,0],[29,9]]]},
"G444": {"type": "Matrix2x2", "payoffs": [[[0,29],[21,93]],[[17,0],[11,30]]]},
"G445": {"type": "Matrix2x2", "payoffs": [[[4,0],[0,29]],[[15,13],[36,49]]]},
"G446": {"type": "Matrix2x2", "payoffs": [[[1,0],[29,28]],[[18,16],[0,5]]]},
"G447": {"type": "Matrix2x2", "payoffs": [[[6,0],[0,12]],[[20,35],[17,22]]]},
"G448": {"type": "Matrix2x2", "payoffs": [[[25,35],[27,25]],[[0,0],[28,39]]]},
"G449": {"type": "Matrix2x2", "payoffs": [[[0,0],[35,44]],[[46,45],[26,4]]]},
"G450": {"type": "Matrix2x2", "payoffs": [[[12,0],[81,73]],[[53,4],[0,24]]]},
"G451": {"type": "Matrix2x2", "payoffs": [[[39,6],[0,1]],[[84,21],[27,0]]]},
"G452": {"type": "Matrix2x2", "payoffs": [[[51,59],[0,0]],[[17,50],[33,46]]]},
"G453": {"type": "Matrix2x2", "payoffs": [[[38,27],[46,38]],[[10,0],[0,30]]]},
"G454": {"type": "Matrix2x2", "payoffs": [[[0,57],[59,48]],[[85,77],[77,0]]]},
"G455": {"type": "Matrix2x2", "payoffs": [[[6,6],[47,14]],[[52,16],[0,0]]]},
"G456": {"type": "Matrix2x2", "payoffs": [[[0,0],[2,33]],[[9,87],[1,31]]]},
"G457": {"type": "Matrix2x2", "payoffs": [[[2,8],[30,27]],[[80,38],[0,0]]]},
"G458": {"type": "Matrix2x2", "payoffs": [[[5,9],[56,12]],[[0,0],[40,11]]]},
"G459": {"type": "Matrix2x2", "payoffs": [[[21,27],[52,66]],[[0,0],[42,25]]]},
"G460": {"type": "Matrix2x2", "payoffs": [[[44,72],[10,58]],[[4,0],[0,56]]]},
"G461": {"type": "Matrix2x2", "payoffs": [[[7,37],[4,34]],[[0,22],[3,0]]]},
"G462": {"type": "Matrix2x2", "payoffs": [[[1,9],[10,26]],[[14,59],[0,0]]]},
"G463": {"type": "Matrix2x2", "payoffs": [[[78,48],[98,100]],[[0,78],[17,0]]]},
"G464": {"type": "Matrix2x2", "payoffs": [[[21,34],[0,0]],[[35,37],[54,57]]]},
"G465": {"type": "Matrix2x2", "payoffs": [[[35,41],[0,25]],[[2,0],[4,39]]]},
"G466": {"type": "Matrix2x2", "payoffs": [[[0,4],[32,18]],[[64,27],[51,0]]]},
"G467": {"type": "Matrix2x2", "payoffs": [[[79,82],[49,16]],[[0,11],[60,0]]]},
"G468": {"type": "Matrix2x2", "payoffs": [[[28,59],[0,22]],[[19,0],[4,24]]]},
"G469": {"type": "Matrix2x2", "payoffs": [[[59,0],[86,56]],[[0,7],[19,3]]]},
"G470": {"type": "Matrix2x2", "payoffs": [[[0,17],[3,0]],[[35,32],[40,38]]]},
"G471": {"type": "Matrix2x2", "payoffs": [[[0,0],[42,7]],[[57,50],[72,100]]]},
"G472": {"type": "Matrix2x2", "payoffs": [[[47,0],[0,3]],[[85,15],[44,7]]]},
"G473": {"type": "Matrix2x2", "payoffs": [[[0,11],[60,24]],[[34,0],[16,8]]]},
"G474": {"type": "Matrix2x2", "payoffs": [[[35,0],[31,9]],[[74,38],[0,30]]]},
"G475": {"type": "Matrix2x2", "payoffs": [[[64,0],[0,1]],[[57,33],[74,53]]]},
"G476": {"type": "Matrix2x2", "payoffs": [[[2,0],[1,1]],[[3,42],[0,41]]]},
"G477": {"type": "Matrix2x2", "payoffs": [[[36,29],[0,0]],[[35,44],[44,78]]]},
"G478": {"type": "Matrix2x2", "payoffs": [[[2,23],[28,62]],[[22,0],[0,32]]]},
"G479": {"type": "Matrix2x2", "payoffs": [[[3,8],[68,31]],[[0,0],[58,6]]]},
"G480": {"type": "Matrix2x2", "payoffs": [[[48,0],[88,91]],[[69,47],[0,59]]]},
"G481": {"type": "Matrix2x2", "payoffs": [[[54,1],[55,24]],[[0,20],[14,0]]]},
"G482": {"type": "Matrix2x2", "payoffs": [[[0,68],[52,70]],[[45,0],[29,22]]]},
"G483": {"type": "Matrix2x2", "payoffs": [[[62,31],[0,8]],[[67,0],[90,78]]]},
"G484": {"type": "Matrix2x2", "payoffs": [[[0,6],[31,8]],[[38,0],[46,28]]]},
"G485": {"type": "Matrix2x2", "payoffs": [[[0,0],[16,57]],[[20,4],[72,74]]]},
"G486": {"type": "Matrix2x2", "payoffs": [[[80,96],[0,20]],[[7,0],[75,94]]]},
"G487": {"type": "Matrix2x2", "payoffs": [[[43,68],[79,0]],[[81,95],[0,83]]]},
"G488": {"type": "Matrix2x2", "payoffs": [[[78,0],[83,10]],[[92,53],[0,17]]]},
"G489": {"type": "Matrix2x2", "payoffs": [[[40,16],[69,47]],[[0,9],[68,0]]]},
"G490": {"type": "Matrix2x2", "payoffs": [[[0,0],[16,69]],[[11,13],[3,17]]]},
"G491": {"type": "Matrix2x2", "payoffs": [[[28,92],[0,0]],[[24,64],[4,52]]]},
"G492": {"type": "Matrix2x2", "payoffs": [[[3,92],[0,34]],[[1,0],[2,57]]]},
"G493": {"type": "Matrix2x2", "payoffs": [[[58,21],[0,16]],[[55,0],[29,2]]]},
"G494": {"type": "Matrix2x2", "payoffs": [[[31,0],[15,11]],[[0,4],[60,18]]]},
"G495": {"type": "Matrix2x2", "payoffs": [[[47,11],[59,59]],[[75,86],[0,0]]]},
"G496": {"type": "Matrix2x2", "payoffs": [[[89,71],[47,0]],[[29,41],[0,29]]]},
"G497": {"type": "Matrix2x2", "payoffs": [[[0,23],[71,62]],[[25,17],[68,0]]]},
"G498": {"type": "Matrix2x2", "payoffs": [[[11,0],[0,21]],[[17,79],[54,89]]]},
"G499": {"type": "Matrix2x2", "payoffs": [[[0,18],[13,30]],[[11,24],[2,0]]]},
"G500": {"type": "Matrix2x2", "payoffs": [[[0,0],[25,15]],[[62,16],[46,14]]]},
"G501": {"type": "Matrix2x2", "payoffs": [[[57,0],[0,36]],[[44,46],[65,74]]]},
"G502": {"type": "Matrix2x2", "payoffs": [[[25,5],[40,22]],[[0,0],[47,24]]]},
"G503": {"type": "Matrix2x2", "payoffs": [[[4,78],[2,31]],[[3,29],[0,0]]]},
"G504": {"type": "Matrix2x2", "payoffs": [[[24,39],[0,46]],[[7,0],[26,94]]]},
"G505": {"type": "Matrix2x2", "payoffs": [[[31,18],[1,53]],[[44,55],[0,0]]]},
"G506": {"type": "Matrix2x2", "payoffs": [[[88,12],[11,0]],[[59,2],[0,6]]]},
"G507": {"type": "Matrix2x2", "payoffs": [[[0,0],[27,62]],[[11,26],[8,35]]]},
"G508": {"type": "Matrix2x2", "payoffs": [[[51,55],[6,21]],[[24,22],[0,0]]]},
"G509": {"type": "Matrix2x2", "payoffs": [[[63,44],[46,0]],[[33,39],[0,22]]]},
"G510": {"type": "Matrix2x2", "payoffs": [[[80,28],[53,18]],[[15,25],[0,0]]]},
"G511": {"type": "Matrix2x2", "payoffs": [[[32,17],[14,14]],[[0,8],[29,0]]]},
"G512": {"type": "Matrix2x2", "payoffs": [[[12,9],[0,55]],[[44,82],[40,0]]]},
"G513": {"type": "Matrix2x2", "payoffs": [[[36,46],[0,0]],[[84,73],[17,30]]]},
"G514": {"type": "Matrix2x2", "payoffs": [[[11,44],[0,0]],[[6,39],[1,10]]]},
"G515": {"type": "Matrix2x2", "payoffs": [[[13,35],[10,16]],[[0,0],[9,12]]]},
"G516": {"type": "Matrix2x2", "payoffs": [[[1,23],[0,30]],[[5,0],[6,66]]]},
"G517": {"type": "Matrix2x2", "payoffs": [[[62,82],[0,21]],[[21,52],[46,0]]]},
"G518": {"type": "Matrix2x2", "payoffs": [[[35,42],[25,38]],[[0,0],[43,68]]]},
"G519": {"type": "Matrix2x2", "payoffs": [[[62,34],[96,86]],[[11,0],[0,49]]]},
"G520": {"type": "Matrix2x2", "payoffs": [[[8,0],[18,21]],[[0,12],[28,29]]]},
"G521": {"type": "Matrix2x2", "payoffs": [[[1,9],[5,31]],[[0,0],[8,55]]]},
"G522": {"type": "Matrix2x2", "payoffs": [[[0,13],[6,0]],[[25,85],[16,18]]]},
"G523": {"type": "Matrix2x2", "payoffs": [[[1,15],[0,0]],[[15,40],[27,42]]]},
"G524": {"type": "Matrix2x2", "payoffs": [[[11,11],[0,0]],[[10,8],[14,79]]]},
"G525": {"type": "Matrix2x2", "payoffs": [[[61,90],[34,75]],[[32,9],[0,0]]]},
"G526": {"type": "Matrix2x2", "payoffs": [[[0,0],[60,68]],[[8,65],[24,63]]]},
"G527": {"type": "Matrix2x2", "payoffs": [[[0,12],[87,14]],[[52,0],[71,4]]]},
"G528": {"type": "Matrix2x2", "payoffs": [[[4,70],[1,21]],[[0,26],[3,0]]]},
"G529": {"type": "Matrix2x2", "payoffs": [[[31,38],[0,0]],[[30,5],[23,18]]]},
"G530": {"type": "Matrix2x2", "payoffs": [[[25,37],[6,30]],[[0,0],[20,31]]]},
"G531": {"type": "Matrix2x2", "payoffs": [[[35,21],[32,0]],[[55,24],[0,22]]]},
"G532": {"type": "Matrix2x2", "payoffs": [[[35,0],[25,11]],[[49,21],[0,3]]]},
"G533": {"type": "Matrix2x2", "payoffs": [[[39,0],[79,7]],[[29,5],[0,3]]]},
"G534": {"type": "Matrix2x2", "payoffs": [[[0,0],[96,27]],[[97,80],[10,68]]]},
"G535": {"type": "Matrix2x2", "payoffs": [[[0,3],[47,0]],[[93,47],[50,37]]]},
"G536": {"type": "Matrix2x2", "payoffs": [[[66,80],[0,0]],[[63,30],[52,4]]]},
"G537": {"type": "Matrix2x2", "payoffs": [[[6,58],[0,59]],[[65,66],[43,0]]]},
"G538": {"type": "Matrix2x2", "payoffs": [[[84,13],[5,0]],[[60,9],[0,12]]]},
"G539": {"type": "Matrix2x2", "payoffs": [[[1,34],[34,5]],[[0,0],[66,50]]]},
"G540": {"type": "Matrix2x2", "payoffs": [[[31,50],[39,8]],[[0,0],[96,53]]]},
"G541": {"type": "Matrix2x2", "payoffs": [[[0,2],[50,33]],[[13,0],[55,61]]]},
"G542": {"type": "Matrix2x2", "payoffs": [[[0,58],[37,0]],[[81,81],[47,10]]]},
"G543": {"type": "Matrix2x2", "payoffs": [[[3,6],[16,12]],[[4,0],[0,1]]]},
"G544": {"type": "Matrix2x2", "payoffs": [[[17,0],[40,58]],[[0,20],[26,36]]]},
"G545": {"type": "Matrix2x2", "payoffs": [[[74,63],[0,27]],[[4,45],[23,0]]]},
"G546": {"type": "Matrix2x2", "payoffs": [[[37,38],[32,14]],[[0,0],[2,33]]]},
"G547": {"type": "Matrix2x2", "payoffs": [[[97,88],[69,0]],[[0,33],[63,16]]]},
"G548": {"type": "Matrix2x2", "payoffs": [[[58,39],[0,12]],[[26,0],[46,22]]]},
"G549": {"type": "Matrix2x2", "payoffs": [[[0,34],[26,68]],[[24,0],[42,75]]]},
"G550": {"type": "Matrix2x2", "payoffs": [[[0,15],[13,39]],[[30,70],[5,0]]]},
"G551": {"type": "Matrix2x2", "payoffs": [[[11,98],[3,0]],[[2,73],[0,12]]]},
"G552": {"type": "Matrix2x2", "payoffs": [[[0,10],[21,0]],[[28,56],[25,1]]]},
"G553": {"type": "Matrix2x2", "payoffs": [[[60,43],[95,0]],[[97,61],[0,41]]]},
"G554": {"type": "Matrix2x2", "payoffs": [[[40,25],[72,91]],[[0,86],[4,0]]]},
"G555": {"type": "Matrix2x2", "payoffs": [[[44,25],[1,0]],[[0,24],[50,81]]]},
"G556": {"type": "Matrix2x2", "payoffs": [[[46,51],[12,21]],[[0,41],[2,0]]]},
"G557": {"type": "Matrix2x2", "payoffs": [[[5,58],[7,96]],[[0,89],[2,0]]]},
"G558": {"type": "Matrix2x2", "payoffs": [[[79,0],[94,40]],[[0,7],[63,26]]]},
"G559": {"type": "Matrix2x2", "payoffs": [[[15,22],[0,0]],[[17,1],[74,28]]]},
"G560": {"type": "Matrix2x2", "payoffs": [[[8,6],[10,0]],[[0,5],[23,33]]]},
"G561": {"type": "Matrix2x2", "payoffs": [[[81,63],[14,0]],[[49,8],[0,5]]]},
"G562": {"type": "Matrix2x2", "payoffs": [[[42,0],[45,100]],[[32,28],[0,99]]]},
"G563": {"type": "Matrix2x2", "payoffs": [[[28,24],[0,0]],[[49,55],[20,11]]]},
"G564": {"type": "Matrix2x2", "payoffs": [[[7,25],[21,0]],[[0,29],[90,47]]]},
"G565": {"type": "Matrix2x2", "payoffs": [[[38,32],[85,40]],[[0,31],[14,0]]]},
"G566": {"type": "Matrix2x2", "payoffs": [[[8,20],[17,50]],[[11,17],[0,0]]]},
"G567": {"type": "Matrix2x2", "payoffs": [[[14,23],[1,0]],[[11,6],[0,21]]]},
"G568": {"type": "Matrix2x2", "payoffs": [[[37,0],[0,8]],[[82,16],[29,5]]]},
"G569": {"type": "Matrix2x2", "payoffs": [[[13,0],[22,38]],[[33,67],[0,1]]]},
"G570": {"type": "Matrix2x2", "payoffs": [[[2,1],[20,4]],[[12,0],[0,3]]]},
"G571": {"type": "Matrix2x2", "payoffs": [[[22,3],[26,8]],[[4,6],[0,0]]]},
"G572": {"type": "Matrix2x2", "payoffs": [[[6,28],[77,40]],[[0,3],[17,0]]]},
"G573": {"type": "Matrix2x2", "payoffs": [[[0,16],[46,58]],[[33,55],[22,0]]]},
"G574": {"type": "Matrix2x2", "payoffs": [[[20,72],[23,86]],[[5,0],[0,69]]]},
"G575": {"type": "Matrix2x2", "payoffs": [[[36,0],[0,11]],[[47,27],[22,19]]]},
"G576": {"type": "Matrix2x2", "payoffs": [[[5,0],[7,3]],[[33,6],[0,1]]]},
"G577": {"type": "Matrix2x2", "payoffs": [[[0,4],[61,6]],[[59,0],[68,12]]]},
"G578": {"type": "Matrix2x2", "payoffs": [[[3,0],[17,77]],[[10,10],[0,15]]]},
"G579": {"type": "Matrix2x2", "payoffs": [[[20,35],[6,0]],[[0,7],[39,45]]]},
"G580": {"type": "Matrix2x2", "payoffs": [[[89,95],[18,27]],[[0,18],[65,0]]]},
"G581": {"type": "Matrix2x2", "payoffs": [[[0,83],[3,77]],[[49,0],[79,96]]]},
"G582": {"type": "Matrix2x2", "payoffs": [[[0,0],[47,5]],[[53,28],[11,24]]]},
"G583": {"type": "Matrix2x2", "payoffs": [[[35,55],[5,51]],[[0,0],[61,76]]]},
"G584": {"type": "Matrix2x2", "payoffs": [[[11,0],[17,11]],[[0,26],[18,27]]]},
"G585": {"type": "Matrix2x2", "payoffs": [[[22,14],[29,63]],[[25,5],[0,0]]]},
"G586": {"type": "Matrix2x2", "payoffs": [[[0,0],[54,7]],[[55,17],[14,6]]]},
"G587": {"type": "Matrix2x2", "payoffs": [[[32,88],[31,0]],[[8,79],[0,66]]]},
"G588": {"type": "Matrix2x2", "payoffs": [[[58,24],[0,0]],[[21,8],[93,33]]]},
"G589": {"type": "Matrix2x2", "payoffs": [[[0,3],[83,6]],[[54,0],[33,5]]]},
"G590": {"type": "Matrix2x2", "payoffs": [[[25,2],[15,0]],[[0,1],[55,4]]]},
"G591": {"type": "Matrix2x2", "payoffs": [[[36,8],[81,15]],[[90,24],[0,0]]]},
"G592": {"type": "Matrix2x2", "payoffs": [[[3,9],[1,7]],[[0,0],[2,8]]]},
"G593": {"type": "Matrix2x2", "payoffs": [[[66,53],[12,11]],[[0,14],[42,0]]]},
"G594": {"type": "Matrix2x2", "payoffs": [[[79,10],[0,23]],[[88,46],[83,0]]]},
"G595": {"type": "Matrix2x2", "payoffs": [[[55,0],[99,50]],[[0,17],[45,7]]]},
"G596": {"type": "Matrix2x2", "payoffs": [[[27,0],[26,11]],[[54,20],[0,14]]]},
"G597": {"type": "Matrix2x2", "payoffs": [[[26,0],[0,16]],[[60,44],[55,30]]]},
"G598": {"type": "Matrix2x2", "payoffs": [[[92,29],[0,0]],[[46,20],[57,7]]]},
"G599": {"type": "Matrix2x2", "payoffs": [[[32,0],[38,100]],[[19,12],[0,53]]]},
"G600": {"type": "Matrix2x2", "payoffs": [[[48,0],[52,85]],[[13,82],[0,84]]]},
"G601": {"type": "Matrix2x2", "payoffs": [[[36,54],[60,33]],[[61,83],[0,0]]]},
"G602": {"type": "Matrix2x2", "payoffs": [[[75,99],[7,22]],[[0,0],[6,68]]]},
"G603": {"type": "Matrix2x2", "payoffs": [[[0,0],[42,8]],[[83,46],[11,36]]]},
"G604": {"type": "Matrix2x2", "payoffs": [[[31,93],[17,0]],[[0,62],[22,12]]]},
"G605": {"type": "Matrix2x2", "payoffs": [[[15,23],[83,47]],[[31,46],[0,0]]]},
"G606": {"type": "Matrix2x2", "payoffs": [[[92,44],[0,37]],[[14,19],[62,0]]]},
"G607": {"type": "Matrix2x2", "payoffs": [[[19,1],[51,73]],[[41,19],[0,0]]]},
"G608": {"type": "Matrix2x2", "payoffs": [[[0,27],[8,0]],[[6,13],[15,35]]]},
"G609": {"type": "Matrix2x2", "payoffs": [[[64,0],[85,59]],[[0,34],[19,56]]]},
"G610": {"type": "Matrix2x2", "payoffs": [[[36,58],[0,46]],[[31,0],[13,38]]]},
"G611": {"type": "Matrix2x2", "payoffs": [[[13,24],[23,0]],[[0,20],[64,50]]]},
"G612": {"type": "Matrix2x2", "payoffs": [[[90,87],[35,0]],[[82,73],[0,67]]]},
"G613": {"type": "Matrix2x2", "payoffs": [[[0,41],[61,73]],[[49,21],[50,0]]]},
"G614": {"type": "Matrix2x2", "payoffs": [[[0,0],[74,29]],[[4,1],[88,30]]]},
"G615": {"type": "Matrix2x2", "payoffs": [[[45,24],[22,23]],[[55,25],[0,0]]]},
"G616": {"type": "Matrix2x2", "payoffs": [[[0,2],[17,11]],[[8,10],[15,0]]]},
"G617": {"type": "Matrix2x2", "payoffs": [[[70,66],[45,5]],[[0,0],[4,52]]]},
"G618": {"type": "Matrix2x2", "payoffs": [[[64,9],[10,6]],[[0,1],[9,0]]]},
"G619": {"type": "Matrix2x2", "payoffs": [[[0,12],[6,79]],[[3,0],[4,55]]]},
"G620": {"type": "Matrix2x2", "payoffs": [[[0,41],[57,20]],[[85,45],[62,0]]]},
"G621": {"type": "Matrix2x2", "payoffs": [[[27,55],[7,17]],[[17,0],[0,29]]]},
"G622": {"type": "Matrix2x2", "payoffs": [[[9,46],[0,37]],[[21,49],[6,0]]]},
"G623": {"type": "Matrix2x2", "payoffs": [[[1,0],[41,66]],[[0,1],[22,26]]]},
"G624": {"type": "Matrix2x2", "payoffs": [[[32,32],[17,0]],[[56,39],[0,24]]]},
"G625": {"type": "Matrix2x2", "payoffs": [[[15,12],[49,16]],[[3,0],[0,15]]]},
"G626": {"type": "Matrix2x2", "payoffs": [[[33,15],[93,23]],[[66,0],[0,6]]]},
"G627": {"type": "Matrix2x2", "payoffs": [[[91,91],[17,0]],[[0,36],[74,67]]]},
"G628": {"type": "Matrix2x2", "payoffs": [[[2,7],[13,11]],[[14,21],[0,0]]]},
"G629": {"type": "Matrix2x2", "payoffs": [[[6,11],[0,0]],[[34,24],[5,6]]]},
"G630": {"type": "Matrix2x2", "payoffs": [[[11,9],[0,0]],[[6,7],[9,6]]]},
"G631": {"type": "Matrix2x2", "payoffs": [[[0,21],[16,80]],[[2,27],[9,0]]]},
"G632": {"type": "Matrix2x2", "payoffs": [[[0,5],[60,76]],[[33,0],[56,18]]]},
"G633": {"type": "Matrix2x2", "payoffs": [[[34,12],[84,0]],[[0,1],[91,14]]]},
"G634": {"type": "Matrix2x2", "payoffs": [[[7,0],[1,35]],[[13,80],[0,70]]]},
"G635": {"type": "Matrix2x2", "payoffs": [[[40,15],[37,11]],[[0,0],[64,20]]]},
"G636": {"type": "Matrix2x2", "payoffs": [[[0,0],[8,17]],[[6,11],[20,37]]]},
"G637": {"type": "Matrix2x2", "payoffs": [[[23,26],[25,70]],[[0,14],[21,0]]]},
"G638": {"type": "Matrix2x2", "payoffs": [[[2,35],[3,21]],[[9,38],[0,0]]]},
"G639": {"type": "Matrix2x2", "payoffs": [[[3,31],[16,0]],[[0,15],[65,66]]]},
"G640": {"type": "Matrix2x2", "payoffs": [[[0,2],[4,0]],[[56,10],[28,8]]]},
"G641": {"type": "Matrix2x2", "payoffs": [[[45,67],[33,38]],[[0,0],[27,12]]]},
"G642": {"type": "Matrix2x2", "payoffs": [[[0,33],[53,0]],[[90,35],[66,7]]]},
"G643": {"type": "Matrix2x2", "payoffs": [[[28,22],[16,2]],[[21,16],[0,0]]]},
"G644": {"type": "Matrix2x2", "payoffs": [[[29,31],[76,55]],[[60,42],[0,0]]]},
"G645": {"type": "Matrix2x2", "payoffs": [[[70,9],[0,0]],[[76,8],[99,91]]]},
"G646": {"type": "Matrix2x2", "payoffs": [[[66,49],[0,21]],[[62,0],[4,39]]]},
"G647": {"type": "Matrix2x2", "payoffs": [[[0,12],[59,13]],[[3,0],[44,9]]]},
"G648": {"type": "Matrix2x2", "payoffs": [[[60,53],[18,11]],[[44,9],[0,0]]]},
"G649": {"type": "Matrix2x2", "payoffs": [[[84,7],[28,46]],[[94,63],[0,0]]]},
"G650": {"type": "Matrix2x2", "payoffs": [[[0,13],[11,22]],[[13,0],[29,28]]]},
"G651": {"type": "Matrix2x2", "payoffs": [[[0,29],[62,17]],[[71,56],[7,0]]]},
"G652": {"type": "Matrix2x2", "payoffs": [[[0,0],[82,30]],[[56,6],[66,2]]]},
"G653": {"type": "Matrix2x2", "payoffs": [[[63,46],[0,28]],[[34,32],[47,0]]]},
"G654": {"type": "Matrix2x2", "payoffs": [[[93,48],[31,0]],[[0,9],[68,23]]]},
"G655": {"type": "Matrix2x2", "payoffs": [[[62,85],[41,0]],[[0,23],[35,64]]]},
"G656": {"type": "Matrix2x2", "payoffs": [[[91,21],[0,18]],[[74,0],[5,16]]]},
"G657": {"type": "Matrix2x2", "payoffs": [[[1,31],[6,0]],[[0,62],[12,68]]]},
"G658": {"type": "Matrix2x2", "payoffs": [[[15,6],[0,2]],[[6,1],[2,0]]]},
"G659": {"type": "Matrix2x2", "payoffs": [[[5,78],[0,0]],[[4,41],[6,94]]]},
"G660": {"type": "Matrix2x2", "payoffs": [[[17,95],[8,0]],[[0,18],[3,33]]]},
"G661": {"type": "Matrix2x2", "payoffs": [[[22,36],[25,51]],[[4,26],[0,0]]]},
"G662": {"type": "Matrix2x2", "payoffs": [[[69,45],[94,48]],[[74,16],[0,0]]]},
"G663": {"type": "Matrix2x2", "payoffs": [[[50,93],[29,43]],[[49,21],[0,0]]]},
"G664": {"type": "Matrix2x2", "payoffs": [[[23,0],[0,25]],[[100,39],[24,15]]]},
"G665": {"type": "Matrix2x2", "payoffs": [[[1,33],[0,18]],[[60,100],[22,0]]]},
"G666": {"type": "Matrix2x2", "payoffs": [[[86,98],[30,40]],[[64,91],[0,0]]]},
"G667": {"type": "Matrix2x2", "payoffs": [[[2,0],[0,23]],[[1,19],[64,66]]]},
"G668": {"type": "Matrix2x2", "payoffs": [[[10,3],[0,0]],[[79,13],[11,4]]]},
"G669": {"type": "Matrix2x2", "payoffs": [[[0,15],[37,0]],[[16,19],[56,91]]]},
"G670": {"type": "Matrix2x2", "payoffs": [[[5,0],[68,60]],[[9,51],[0,18]]]},
"G671": {"type": "Matrix2x2", "payoffs": [[[0,25],[37,0]],[[64,95],[76,100]]]},
"G672": {"type": "Matrix2x2", "payoffs": [[[10,74],[0,21]],[[1,0],[5,72]]]},
"G673": {"type": "Matrix2x2", "payoffs": [[[71,35],[0,0]],[[81,64],[42,60]]]},
"G674": {"type": "Matrix2x2", "payoffs": [[[7,64],[0,37]],[[6,1],[1,0]]]},
"G675": {"type": "Matrix2x2", "payoffs": [[[25,3],[82,44]],[[0,0],[84,49]]]},
"G676": {"type": "Matrix2x2", "payoffs": [[[11,82],[0,88]],[[61,90],[40,0]]]},
"G677": {"type": "Matrix2x2", "payoffs": [[[58,0],[41,62]],[[0,8],[71,79]]]},
"G678": {"type": "Matrix2x2", "payoffs": [[[98,14],[94,0]],[[10,6],[0,3]]]},
"G679": {"type": "Matrix2x2", "payoffs": [[[2,0],[0,19]],[[81,78],[3,24]]]},
"G680": {"type": "Matrix2x2", "payoffs": [[[13,6],[12,2]],[[0,5],[11,0]]]},
"G681": {"type": "Matrix2x2", "payoffs": [[[27,20],[0,22]],[[31,0],[34,25]]]},
"G682": {"type": "Matrix2x2", "payoffs": [[[0,14],[95,95]],[[38,54],[88,0]]]},
"G683": {"type": "Matrix2x2", "payoffs": [[[13,2],[0,0]],[[18,1],[27,5]]]},
"G684": {"type": "Matrix2x2", "payoffs": [[[0,0],[46,3]],[[64,11],[11,8]]]},
"G685": {"type": "Matrix2x2", "payoffs": [[[47,68],[0,39]],[[41,34],[11,0]]]},
"G686": {"type": "Matrix2x2", "payoffs": [[[0,0],[85,60]],[[41,13],[20,37]]]},
"G687": {"type": "Matrix2x2", "payoffs": [[[11,20],[44,34]],[[25,0],[0,11]]]},
"G688": {"type": "Matrix2x2", "payoffs": [[[11,31],[0,7]],[[1,0],[4,28]]]},
"G689": {"type": "Matrix2x2", "payoffs": [[[83,0],[100,12]],[[70,9],[0,5]]]},
"G690": {"type": "Matrix2x2", "payoffs": [[[5,0],[0,1]],[[94,4],[59,2]]]},
"G691": {"type": "Matrix2x2", "payoffs": [[[0,28],[93,30]],[[39,10],[40,0]]]},
"G692": {"type": "Matrix2x2", "payoffs": [[[5,5],[12,76]],[[9,17],[0,0]]]},
"G693": {"type": "Matrix2x2", "payoffs": [[[0,4],[15,0]],[[17,10],[4,8]]]},
"G694": {"type": "Matrix2x2", "payoffs": [[[58,17],[15,3]],[[83,23],[0,0]]]},
"G695": {"type": "Matrix2x2", "payoffs": [[[0,0],[13,23]],[[51,47],[88,77]]]},
"G696": {"type": "Matrix2x2", "payoffs": [[[0,52],[2,0]],[[3,36],[7,65]]]},
"G697": {"type": "Matrix2x2", "payoffs": [[[43,6],[39,0]],[[44,15],[0,10]]]},
"G698": {"type": "Matrix2x2", "payoffs": [[[47,1],[0,11]],[[40,0],[56,15]]]},
"G699": {"type": "Matrix2x2", "payoffs": [[[0,22],[11,13]],[[10,0],[19,41]]]},
"G700": {"type": "Matrix2x2", "payoffs": [[[24,0],[25,50]],[[0,49],[3,35]]]},
"G701": {"type": "Matrix2x2", "payoffs": [[[39,52],[0,3]],[[4,0],[12,24]]]},
"G702": {"type": "Matrix2x2", "payoffs": [[[24,34],[56,51]],[[10,15],[0,0]]]},
"G703": {"type": "Matrix2x2", "payoffs": [[[29,67],[14,34]],[[74,94],[0,0]]]},
"G704": {"type": "Matrix2x2", "payoffs": [[[56,0],[90,65]],[[49,8],[0,10]]]},
"G705": {"type": "Matrix2x2", "payoffs": [[[50,7],[93,8]],[[64,5],[0,0]]]},
"G706": {"type": "Matrix2x2", "payoffs": [[[17,8],[0,12]],[[14,0],[36,25]]]},
"G707": {"type": "Matrix2x2", "payoffs": [[[0,10],[44,0]],[[58,36],[56,29]]]},
"G708": {"type": "Matrix2x2", "payoffs": [[[81,54],[18,83]],[[0,0],[84,88]]]},
"G709": {"type": "Matrix2x2", "payoffs": [[[8,13],[7,61]],[[13,92],[0,0]]]},
"G710": {"type": "Matrix2x2", "payoffs": [[[57,11],[42,8]],[[0,3],[28,0]]]},
"G711": {"type": "Matrix2x2", "payoffs": [[[12,57],[11,3]],[[0,0],[37,92]]]},
"G712": {"type": "Matrix2x2", "payoffs": [[[86,41],[13,0]],[[56,4],[0,36]]]},
"G713": {"type": "Matrix2x2", "payoffs": [[[35,18],[0,24]],[[36,30],[7,0]]]},
"G714": {"type": "Matrix2x2", "payoffs": [[[11,3],[0,2]],[[31,4],[19,0]]]},
"G715": {"type": "Matrix2x2", "payoffs": [[[0,9],[7,3]],[[23,12],[3,0]]]},
"G716": {"type": "Matrix2x2", "payoffs": [[[21,31],[0,0]],[[48,94],[31,71]]]},
"G717": {"type": "Matrix2x2", "payoffs": [[[36,0],[78,25]],[[50,10],[0,8]]]},
"G718": {"type": "Matrix2x2", "payoffs": [[[35,14],[62,53]],[[50,27],[0,0]]]},
"G719": {"type": "Matrix2x2", "payoffs": [[[70,28],[48,14]],[[32,0],[0,15]]]},
"G720": {"type": "Matrix2x2", "payoffs": [[[0,0],[9,3]],[[28,1],[84,4]]]},
"G721": {"type": "Matrix2x2", "payoffs": [[[81,49],[0,11]],[[13,19],[68,0]]]},
"G722": {"type": "Matrix2x2", "payoffs": [[[24,83],[5,59]],[[0,0],[3,24]]]},
"G723": {"type": "Matrix2x2", "payoffs": [[[0,43],[35,0]],[[1,46],[50,77]]]},
"G724": {"type": "Matrix2x2", "payoffs": [[[0,18],[4,0]],[[22,25],[6,6]]]},
"G725": {"type": "Matrix2x2", "payoffs": [[[54,46],[0,0]],[[27,17],[38,34]]]},
"G726": {"type": "Matrix2x2", "payoffs": [[[33,0],[4,3]],[[45,5],[0,1]]]},
"G727": {"type": "Matrix2x2", "payoffs": [[[0,12],[72,0]],[[59,10],[80,23]]]},
"G728": {"type": "Matrix2x2", "payoffs": [[[0,1],[36,0]],[[4,5],[53,6]]]},
"G729": {"type": "Matrix2x2", "payoffs": [[[18,0],[42,59]],[[0,61],[48,65]]]},
"G730": {"type": "Matrix2x2", "payoffs": [[[68,8],[38,0]],[[77,25],[0,3]]]},
"G731": {"type": "Matrix2x2", "payoffs": [[[1,0],[3,13]],[[0,5],[5,30]]]},
"G732": {"type": "Matrix2x2", "payoffs": [[[1,11],[0,14]],[[67,42],[6,0]]]},
"G733": {"type": "Matrix2x2", "payoffs": [[[69,20],[0,0]],[[5,31],[78,53]]]},
"G734": {"type": "Matrix2x2", "payoffs": [[[0,26],[73,41]],[[74,89],[51,0]]]},
"G735": {"type": "Matrix2x2", "payoffs": [[[6,0],[21,7]],[[0,1],[1,3]]]},
"G736": {"type": "Matrix2x2", "payoffs": [[[10,80],[0,57]],[[3,0],[5,47]]]},
"G737": {"type": "Matrix2x2", "payoffs": [[[35,0],[19,17]],[[46,22],[0,10]]]},
"G738": {"type": "Matrix2x2", "payoffs": [[[0,0],[4,22]],[[93,21],[96,27]]]},
"G739": {"type": "Matrix2x2", "payoffs": [[[4,0],[2,8]],[[10,94],[0,87]]]},
"G740": {"type": "Matrix2x2", "payoffs": [[[0,3],[8,0]],[[4,1],[20,6]]]},
"G741": {"type": "Matrix2x2", "payoffs": [[[54,5],[60,18]],[[76,24],[0,0]]]},
"G742": {"type": "Matrix2x2", "payoffs": [[[57,0],[90,26]],[[0,9],[17,22]]]},
"G743": {"type": "Matrix2x2", "payoffs": [[[38,43],[0,40]],[[30,20],[22,0]]]},
"G744": {"type": "Matrix2x2", "payoffs": [[[34,59],[94,0]],[[99,92],[0,27]]]},
"G745": {"type": "Matrix2x2", "payoffs": [[[16,21],[19,28]],[[0,0],[25,95]]]},
"G746": {"type": "Matrix2x2", "payoffs": [[[17,38],[35,0]],[[0,30],[50,67]]]},
"G747": {"type": "Matrix2x2", "payoffs": [[[77,0],[8,54]],[[83,85],[0,41]]]},
"G748": {"type": "Matrix2x2", "payoffs": [[[6,62],[0,23]],[[1,0],[5,24]]]},
"G749": {"type": "Matrix2x2", "payoffs": [[[14,88],[7,0]],[[0,82],[3,5]]]},
"G750": {"type": "Matrix2x2", "payoffs": [[[0,28],[7,33]],[[6,0],[4,2]]]},
"G751": {"type": "Matrix2x2", "payoffs": [[[24,11],[29,19]],[[1,1],[0,0]]]},
"G752": {"type": "Matrix2x2", "payoffs": [[[47,49],[39,13]],[[0,0],[35,1]]]},
"G753": {"type": "Matrix2x2", "payoffs": [[[60,41],[45,0]],[[48,11],[0,12]]]},
"G754": {"type": "Matrix2x2", "payoffs": [[[69,66],[89,78]],[[73,0],[0,58]]]},
"G755": {"type": "Matrix2x2", "payoffs": [[[49,0],[16,55]],[[81,80],[0,34]]]},
"G756": {"type": "Matrix2x2", "payoffs": [[[39,6],[0,1]],[[18,0],[37,5]]]},
"G757": {"type": "Matrix2x2", "payoffs": [[[12,27],[41,83]],[[86,86],[0,0]]]},
"G758": {"type": "Matrix2x2", "payoffs": [[[47,22],[60,66]],[[28,0],[0,19]]]},
"G759": {"type": "Matrix2x2", "payoffs": [[[99,48],[0,41]],[[64,36],[61,0]]]},
"G760": {"type": "Matrix2x2", "payoffs": [[[0,4],[2,0]],[[3,14],[6,15]]]},
"G761": {"type": "Matrix2x2", "payoffs": [[[20,69],[1,0]],[[0,36],[45,71]]]},
"G762": {"type": "Matrix2x2", "payoffs": [[[90,84],[42,36]],[[76,70],[0,0]]]},
"G763": {"type": "Matrix2x2", "payoffs": [[[30,15],[64,63]],[[0,8],[8,0]]]},
"G764": {"type": "Matrix2x2", "payoffs": [[[5,49],[0,0]],[[1,7],[4,12]]]},
"G765": {"type": "Matrix2x2", "payoffs": [[[7,63],[78,74]],[[0,15],[54,0]]]},
"G766": {"type": "Matrix2x2", "payoffs": [[[0,16],[86,59]],[[84,18],[41,0]]]},
"G767": {"type": "Matrix2x2", "payoffs": [[[0,11],[88,12]],[[28,0],[39,9]]]},
"G768": {"type": "Matrix2x2", "payoffs": [[[0,7],[9,0]],[[6,1],[13,12]]]},
"G769": {"type": "Matrix2x2", "payoffs": [[[45,50],[0,0]],[[32,35],[42,42]]]},
"G770": {"type": "Matrix2x2", "payoffs": [[[0,2],[26,88]],[[15,0],[9,54]]]},
"G771": {"type": "Matrix2x2", "payoffs": [[[0,0],[21,6]],[[7,5],[11,2]]]},
"G772": {"type": "Matrix2x2", "payoffs": [[[34,57],[14,9]],[[0,15],[17,0]]]},
"G773": {"type": "Matrix2x2", "payoffs": [[[40,85],[0,11]],[[30,0],[28,30]]]},
"G774": {"type": "Matrix2x2", "payoffs": [[[0,10],[32,44]],[[54,85],[37,0]]]},
"G775": {"type": "Matrix2x2", "payoffs": [[[49,10],[67,12]],[[98,13],[0,0]]]},
"G776": {"type": "Matrix2x2", "payoffs": [[[0,5],[85,6]],[[96,8],[17,0]]]},
"G777": {"type": "Matrix2x2", "payoffs": [[[40,95],[37,2]],[[0,82],[32,0]]]},
"G778": {"type": "Matrix2x2", "payoffs": [[[61,61],[70,66]],[[46,7],[0,0]]]},
"G779": {"type": "Matrix2x2", "payoffs": [[[10,4],[22,0]],[[53,86],[0,32]]]},
"G780": {"type": "Matrix2x2", "payoffs": [[[1,22],[0,0]],[[32,2],[43,31]]]},
"G781": {"type": "Matrix2x2", "payoffs": [[[57,91],[44,0]],[[14,18],[0,79]]]},
"G782": {"type": "Matrix2x2", "payoffs": [[[18,0],[21,8]],[[23,43],[0,4]]]},
"G783": {"type": "Matrix2x2", "payoffs": [[[33,82],[25,0]],[[13,36],[0,53]]]},
"G784": {"type": "Matrix2x2", "payoffs": [[[8,48],[31,0]],[[0,58],[58,89]]]},
"G785": {"type": "Matrix2x2", "payoffs": [[[20,21],[8,7]],[[5,0],[0,18]]]},
"G786": {"type": "Matrix2x2", "payoffs": [[[0,11],[32,0]],[[75,30],[7,4]]]},
"G787": {"type": "Matrix2x2", "payoffs": [[[91,84],[0,66]],[[17,0],[57,45]]]},
"G788": {"type": "Matrix2x2", "payoffs": [[[0,7],[50,0]],[[69,21],[56,11]]]},
"G789": {"type": "Matrix2x2", "payoffs": [[[51,22],[67,86]],[[0,54],[1,0]]]},
"G790": {"type": "Matrix2x2", "payoffs": [[[49,2],[0,0]],[[90,8],[89,1]]]},
"G791": {"type": "Matrix2x2", "payoffs": [[[57,28],[99,41]],[[0,14],[5,0]]]},
"G792": {"type": "Matrix2x2", "payoffs": [[[33,30],[59,34]],[[0,0],[46,32]]]},
"G793": {"type": "Matrix2x2", "payoffs": [[[16,12],[18,8]],[[0,0],[42,20]]]},
"G794": {"type": "Matrix2x2", "payoffs": [[[51,0],[73,6]],[[56,4],[0,1]]]},
"G795": {"type": "Matrix2x2", "payoffs": [[[24,36],[30,88]],[[13,33],[0,0]]]},
"G796": {"type": "Matrix2x2", "payoffs": [[[12,51],[0,0]],[[2,4],[1,22]]]},
"G797": {"type": "Matrix2x2", "payoffs": [[[9,43],[5,0]],[[6,11],[0,17]]]},
"G798": {"type": "Matrix2x2", "payoffs": [[[3,64],[0,0]],[[23,69],[8,24]]]},
"G799": {"type": "Matrix2x2", "payoffs": [[[9,65],[34,0]],[[0,19],[37,78]]]},
"G800": {"type": "Matrix2x2", "payoffs": [[[61,3],[21,18]],[[62,48],[0,0]]]},
"G801": {"type": "Matrix2x2", "payoffs": [[[93,13],[96,15]],[[0,0],[49,3]]]},
"G802": {"type": "Matrix2x2", "payoffs": [[[13,49],[45,94]],[[0,0],[4,2]]]},
"G803": {"type": "Matrix2x2", "payoffs": [[[52,35],[71,2]],[[0,0],[72,56]]]},
"G804": {"type": "Matrix2x2", "payoffs": [[[0,0],[12,97]],[[4,12],[6,55]]]},
"G805": {"type": "Matrix2x2", "payoffs": [[[20,65],[58,68]],[[28,25],[0,0]]]},
"G806": {"type": "Matrix2x2", "payoffs": [[[0,0],[45,25]],[[97,37],[77,18]]]},
"G807": {"type": "Matrix2x2", "payoffs": [[[6,10],[0,1]],[[18,11],[10,0]]]},
"G808": {"type": "Matrix2x2", "payoffs": [[[0,3],[13,0]],[[14,45],[2,41]]]},
"G809": {"type": "Matrix2x2", "payoffs": [[[2,18],[4,32]],[[0,0],[23,43]]]},
"G810": {"type": "Matrix2x2", "payoffs": [[[0,75],[72,98]],[[17,0],[11,97]]]},
"G811": {"type": "Matrix2x2", "payoffs": [[[0,0],[7,52]],[[61,97],[56,63]]]},
"G812": {"type": "Matrix2x2", "payoffs": [[[20,0],[82,70]],[[0,2],[58,1]]]},
"G813": {"type": "Matrix2x2", "payoffs": [[[0,30],[49,32]],[[23,0],[39,12]]]},
"G814": {"type": "Matrix2x2", "payoffs": [[[57,98],[2,0]],[[50,54],[0,71]]]},
"G815": {"type": "Matrix2x2", "payoffs": [[[5,0],[8,98]],[[0,9],[2,47]]]},
"G816": {"type": "Matrix2x2", "payoffs": [[[14,89],[26,61]],[[0,0],[43,94]]]},
"G817": {"type": "Matrix2x2", "payoffs": [[[8,21],[0,0]],[[17,44],[13,19]]]},
"G818": {"type": "Matrix2x2", "payoffs": [[[0,2],[1,45]],[[22,0],[31,48]]]},
"G819": {"type": "Matrix2x2", "payoffs": [[[0,45],[14,0]],[[19,33],[87,83]]]},
"G820": {"type": "Matrix2x2", "payoffs": [[[44,100],[14,36]],[[0,3],[4,0]]]},
"G821": {"type": "Matrix2x2", "payoffs": [[[0,0],[5,84]],[[6,96],[8,99]]]},
"G822": {"type": "Matrix2x2", "payoffs": [[[6,0],[0,40]],[[13,38],[26,59]]]},
"G823": {"type": "Matrix2x2", "payoffs": [[[12,82],[8,41]],[[2,0],[0,1]]]},
"G824": {"type": "Matrix2x2", "payoffs": [[[0,11],[77,40]],[[67,19],[10,0]]]},
"G825": {"type": "Matrix2x2", "payoffs": [[[15,2],[35,0]],[[47,17],[0,9]]]},
"G826": {"type": "Matrix2x2", "payoffs": [[[22,62],[0,66]],[[80,81],[70,0]]]},
"G827": {"type": "Matrix2x2", "payoffs": [[[38,33],[34,9]],[[16,0],[0,6]]]},
"G828": {"type": "Matrix2x2", "payoffs": [[[23,20],[0,5]],[[17,11],[4,0]]]},
"G829": {"type": "Matrix2x2", "payoffs": [[[16,0],[0,11]],[[5,9],[20,14]]]},
"G830": {"type": "Matrix2x2", "payoffs": [[[0,0],[33,17]],[[47,9],[78,19]]]},
"G831": {"type": "Matrix2x2", "payoffs": [[[3,6],[0,15]],[[1,0],[4,27]]]},
"G832": {"type": "Matrix2x2", "payoffs": [[[51,53],[0,52]],[[48,0],[16,28]]]},
"G833": {"type": "Matrix2x2", "payoffs": [[[0,0],[53,86]],[[29,13],[24,1]]]},
"G834": {"type": "Matrix2x2", "payoffs": [[[0,4],[8,17]],[[51,27],[17,0]]]},
"G835": {"type": "Matrix2x2", "payoffs": [[[0,0],[9,96]],[[8,11],[1,87]]]},
"G836": {"type": "Matrix2x2", "payoffs": [[[0,17],[14,11]],[[63,30],[31,0]]]},
"G837": {"type": "Matrix2x2", "payoffs": [[[0,0],[24,16]],[[20,20],[26,51]]]},
"G838": {"type": "Matrix2x2", "payoffs": [[[30,19],[1,0]],[[65,38],[0,32]]]},
"G839": {"type": "Matrix2x2", "payoffs": [[[2,0],[42,59]],[[0,25],[33,30]]]},
"G840": {"type": "Matrix2x2", "payoffs": [[[5,0],[0,54]],[[8,58],[3,5]]]},
"G841": {"type": "Matrix2x2", "payoffs": [[[17,48],[0,6]],[[46,0],[89,50]]]},
"G842": {"type": "Matrix2x2", "payoffs": [[[0,9],[61,13]],[[27,0],[50,2]]]},
"G843": {"type": "Matrix2x2", "payoffs": [[[75,74],[0,0]],[[50,58],[59,18]]]},
"G844": {"type": "Matrix2x2", "payoffs": [[[0,27],[22,54]],[[16,19],[20,0]]]},
"G845": {"type": "Matrix2x2", "payoffs": [[[0,15],[1,0]],[[45,63],[15,52]]]},
"G846": {"type": "Matrix2x2", "payoffs": [[[15,66],[0,0]],[[14,23],[69,73]]]},
"G847": {"type": "Matrix2x2", "payoffs": [[[0,28],[18,61]],[[4,0],[7,18]]]},
"G848": {"type": "Matrix2x2", "payoffs": [[[25,22],[22,13]],[[0,0],[13,5]]]},
"G849": {"type": "Matrix2x2", "payoffs": [[[45,24],[59,28]],[[0,3],[15,0]]]},
"G850": {"type": "Matrix2x2", "payoffs": [[[38,16],[30,0]],[[3,4],[0,15]]]},
"G851": {"type": "Matrix2x2", "payoffs": [[[38,42],[0,19]],[[35,0],[1,34]]]},
"G852": {"type": "Matrix2x2", "payoffs": [[[61,3],[57,1]],[[0,2],[45,0]]]},
"G853": {"type": "Matrix2x2", "payoffs": [[[2,56],[3,70]],[[1,62],[0,0]]]},
"G854": {"type": "Matrix2x2", "payoffs": [[[9,0],[0,3]],[[1,27],[11,66]]]},
"G855": {"type": "Matrix2x2", "payoffs": [[[55,1],[93,4]],[[14,0],[0,3]]]},
"G856": {"type": "Matrix2x2", "payoffs": [[[56,82],[0,53]],[[8,0],[39,40]]]},
"G857": {"type": "Matrix2x2", "payoffs": [[[81,82],[28,4]],[[58,60],[0,0]]]},
"G858": {"type": "Matrix2x2", "payoffs": [[[52,93],[0,0]],[[18,29],[40,72]]]},
"G859": {"type": "Matrix2x2", "payoffs": [[[41,0],[61,77]],[[6,35],[0,30]]]},
"G860": {"type": "Matrix2x2", "payoffs": [[[0,0],[31,13]],[[42,14],[27,9]]]},
"G861": {"type": "Matrix2x2", "payoffs": [[[0,0],[81,60]],[[74,26],[36,45]]]},
"G862": {"type": "Matrix2x2", "payoffs": [[[0,12],[59,5]],[[64,59],[20,0]]]},
"G863": {"type": "Matrix2x2", "payoffs": [[[77,36],[48,10]],[[0,0],[81,94]]]},
"G864": {"type": "Matrix2x2", "payoffs": [[[65,62],[13,34]],[[0,0],[51,20]]]},
"G865": {"type": "Matrix2x2", "payoffs": [[[85,66],[0,0]],[[7,30],[48,60]]]},
"G866": {"type": "Matrix2x2", "payoffs": [[[33,0],[65,56]],[[0,53],[13,30]]]},
"G867": {"type": "Matrix2x2", "payoffs": [[[86,19],[63,0]],[[1,1],[0,8]]]},
"G868": {"type": "Matrix2x2", "payoffs": [[[44,22],[0,0]],[[98,71],[36,18]]]},
"G869": {"type": "Matrix2x2", "payoffs": [[[0,0],[22,59]],[[42,79],[7,60]]]},
"G870": {"type": "Matrix2x2", "payoffs": [[[71,15],[47,1]],[[0,11],[60,0]]]},
"G871": {"type": "Matrix2x2", "payoffs": [[[39,8],[45,28]],[[33,24],[0,0]]]},
"G872": {"type": "Matrix2x2", "payoffs": [[[0,0],[13,61]],[[21,81],[33,93]]]},
"G873": {"type": "Matrix2x2", "payoffs": [[[0,0],[49,82]],[[40,12],[12,24]]]},
"G874": {"type": "Matrix2x2", "payoffs": [[[68,96],[36,78]],[[0,0],[51,45]]]},
"G875": {"type": "Matrix2x2", "payoffs": [[[0,6],[55,12]],[[16,0],[30,7]]]},
"G876": {"type": "Matrix2x2", "payoffs": [[[10,16],[33,20]],[[0,14],[32,0]]]},
"G877": {"type": "Matrix2x2", "payoffs": [[[0,0],[17,1]],[[15,9],[41,11]]]},
"G878": {"type": "Matrix2x2", "payoffs": [[[37,3],[85,38]],[[0,8],[69,0]]]},
"G879": {"type": "Matrix2x2", "payoffs": [[[0,0],[8,4]],[[9,2],[15,12]]]},
"G880": {"type": "Matrix2x2", "payoffs": [[[54,0],[16,29]],[[76,56],[0,8]]]},
"G881": {"type": "Matrix2x2", "payoffs": [[[0,11],[8,6]],[[3,0],[20,34]]]},
"G882": {"type": "Matrix2x2", "payoffs": [[[72,23],[27,19]],[[0,0],[61,1]]]},
"G883": {"type": "Matrix2x2", "payoffs": [[[0,16],[58,3]],[[70,27],[46,0]]]},
"G884": {"type": "Matrix2x2", "payoffs": [[[25,0],[17,65]],[[0,73],[37,81]]]},
"G885": {"type": "Matrix2x2", "payoffs": [[[0,21],[72,0]],[[92,37],[65,14]]]},
"G886": {"type": "Matrix2x2", "payoffs": [[[15,26],[23,0]],[[27,27],[0,10]]]},
"G887": {"type": "Matrix2x2", "payoffs": [[[38,48],[31,0]],[[35,4],[0,27]]]},
"G888": {"type": "Matrix2x2", "payoffs": [[[42,8],[0,5]],[[22,1],[24,0]]]},
"G889": {"type": "Matrix2x2", "payoffs": [[[1,8],[8,13]],[[26,49],[0,0]]]},
"G890": {"type": "Matrix2x2", "payoffs": [[[59,26],[60,62]],[[0,35],[6,0]]]},
"G891": {"type": "Matrix2x2", "payoffs": [[[46,50],[0,0]],[[22,42],[19,12]]]},
"G892": {"type": "Matrix2x2", "payoffs": [[[2,0],[82,42]],[[58,30],[0,28]]]},
"G893": {"type": "Matrix2x2", "payoffs": [[[45,13],[0,0]],[[21,12],[19,8]]]},
"G894": {"type": "Matrix2x2", "payoffs": [[[9,57],[7,71]],[[14,86],[0,0]]]},
"G895": {"type": "Matrix2x2", "payoffs": [[[71,0],[0,18]],[[81,99],[9,72]]]},
"G896": {"type": "Matrix2x2", "payoffs": [[[26,11],[2,8]],[[0,6],[10,0]]]},
"G897": {"type": "Matrix2x2", "payoffs": [[[13,2],[0,0]],[[2,9],[15,10]]]},
"G898": {"type": "Matrix2x2", "payoffs": [[[43,67],[0,0]],[[56,8],[67,71]]]},
"G899": {"type": "Matrix2x2", "payoffs": [[[7,1],[3,14]],[[0,0],[9,16]]]},
"G900": {"type": "Matrix2x2", "payoffs": [[[92,71],[84,25]],[[8,0],[0,62]]]},
"G901": {"type": "Matrix2x2", "payoffs": [[[35,0],[0,4]],[[44,20],[70,54]]]},
"G902": {"type": "Matrix2x2", "payoffs": [[[82,73],[9,0]],[[45,29],[0,51]]]},
"G903": {"type": "Matrix2x2", "payoffs": [[[0,0],[85,56]],[[43,27],[35,21]]]},
"G904": {"type": "Matrix2x2", "payoffs": [[[0,38],[8,48]],[[9,0],[47,51]]]},
"G905": {"type": "Matrix2x2", "payoffs": [[[54,0],[34,1]],[[0,6],[75,7]]]},
"G906": {"type": "Matrix2x2", "payoffs": [[[85,50],[0,34]],[[56,45],[16,0]]]},
"G907": {"type": "Matrix2x2", "payoffs": [[[29,56],[22,33]],[[18,0],[0,16]]]},
"G908": {"type": "Matrix2x2", "payoffs": [[[0,0],[33,25]],[[8,16],[50,58]]]},
"G909": {"type": "Matrix2x2", "payoffs": [[[83,3],[0,1]],[[54,2],[3,0]]]},
"G910": {"type": "Matrix2x2", "payoffs": [[[17,38],[0,0]],[[15,24],[16,15]]]},
"G911": {"type": "Matrix2x2", "payoffs": [[[44,69],[18,65]],[[0,53],[11,0]]]},
"G912": {"type": "Matrix2x2", "payoffs": [[[9,0],[0,15]],[[14,2],[16,37]]]},
"G913": {"type": "Matrix2x2", "payoffs": [[[0,0],[2,3]],[[5,2],[8,14]]]},
"G914": {"type": "Matrix2x2", "payoffs": [[[30,0],[61,44]],[[41,5],[0,16]]]},
"G915": {"type": "Matrix2x2", "payoffs": [[[99,40],[51,0]],[[0,14],[12,3]]]},
"G916": {"type": "Matrix2x2", "payoffs": [[[0,56],[95,77]],[[63,0],[31,29]]]},
"G917": {"type": "Matrix2x2", "payoffs": [[[7,10],[16,16]],[[0,0],[10,9]]]},
"G918": {"type": "Matrix2x2", "payoffs": [[[24,63],[7,21]],[[20,0],[0,18]]]},
"G919": {"type": "Matrix2x2", "payoffs": [[[32,29],[39,46]],[[0,0],[13,36]]]},
"G920": {"type": "Matrix2x2", "payoffs": [[[7,16],[0,0]],[[30,49],[6,42]]]},
"G921": {"type": "Matrix2x2", "payoffs": [[[53,49],[0,36]],[[23,0],[7,47]]]},
"G922": {"type": "Matrix2x2", "payoffs": [[[8,6],[25,28]],[[0,7],[11,0]]]},
"G923": {"type": "Matrix2x2", "payoffs": [[[0,0],[28,5]],[[63,37],[40,27]]]},
"G924": {"type": "Matrix2x2", "payoffs": [[[71,4],[54,1]],[[20,2],[0,0]]]},
"G925": {"type": "Matrix2x2", "payoffs": [[[37,67],[67,69]],[[0,12],[45,0]]]},
"G926": {"type": "Matrix2x2", "payoffs": [[[0,33],[21,42]],[[13,0],[19,18]]]},
"G927": {"type": "Matrix2x2", "payoffs": [[[3,9],[1,0]],[[0,53],[5,66]]]},
"G928": {"type": "Matrix2x2", "payoffs": [[[43,29],[35,14]],[[0,0],[12,5]]]},
"G929": {"type": "Matrix2x2", "payoffs": [[[13,0],[3,19]],[[0,3],[15,23]]]},
"G930": {"type": "Matrix2x2", "payoffs": [[[2,0],[12,17]],[[0,20],[46,26]]]},
"G931": {"type": "Matrix2x2", "payoffs": [[[42,60],[0,0]],[[7,3],[33,10]]]},
"G932": {"type": "Matrix2x2", "payoffs": [[[0,28],[3,0]],[[10,42],[1,14]]]},
"G933": {"type": "Matrix2x2", "payoffs": [[[21,13],[54,58]],[[0,16],[1,0]]]},
"G934": {"type": "Matrix2x2", "payoffs": [[[35,0],[42,35]],[[0,9],[13,11]]]},
"G935": {"type": "Matrix2x2", "payoffs": [[[55,0],[52,25]],[[0,10],[62,26]]]},
"G936": {"type": "Matrix2x2", "payoffs": [[[49,68],[2,10]],[[0,0],[34,55]]]},
"G937": {"type": "Matrix2x2", "payoffs": [[[45,0],[0,12]],[[12,26],[76,37]]]},
"G938": {"type": "Matrix2x2", "payoffs": [[[0,58],[3,45]],[[6,63],[2,0]]]},
"G939": {"type": "Matrix2x2", "payoffs": [[[0,0],[52,3]],[[59,5],[86,28]]]},
"G940": {"type": "Matrix2x2", "payoffs": [[[54,11],[26,7]],[[61,15],[0,0]]]},
"G941": {"type": "Matrix2x2", "payoffs": [[[2,0],[3,14]],[[0,87],[5,91]]]},
"G942": {"type": "Matrix2x2", "payoffs": [[[0,0],[4,10]],[[75,85],[12,8]]]},
"G943": {"type": "Matrix2x2", "payoffs": [[[64,17],[48,0]],[[18,5],[0,2]]]},
"G944": {"type": "Matrix2x2", "payoffs": [[[1,25],[7,42]],[[4,14],[0,0]]]},
"G945": {"type": "Matrix2x2", "payoffs": [[[3,5],[4,9]],[[17,36],[0,0]]]},
"G946": {"type": "Matrix2x2", "payoffs": [[[56,36],[0,16]],[[51,32],[48,0]]]},
"G947": {"type": "Matrix2x2", "payoffs": [[[0,24],[1,19]],[[3,0],[7,53]]]},
"G948": {"type": "Matrix2x2", "payoffs": [[[0,23],[15,50]],[[6,0],[17,99]]]},
"G949": {"type": "Matrix2x2", "payoffs": [[[94,21],[0,0]],[[59,19],[8,8]]]},
"G950": {"type": "Matrix2x2", "payoffs": [[[57,33],[0,21]],[[91,43],[59,0]]]},
"G951": {"type": "Matrix2x2", "payoffs": [[[99,8],[0,5]],[[3,6],[88,0]]]},
"G952": {"type": "Matrix2x2", "payoffs": [[[0,0],[57,5]],[[1,3],[42,1]]]},
"G953": {"type": "Matrix2x2", "payoffs": [[[98,14],[32,0]],[[0,3],[9,13]]]},
"G954": {"type": "Matrix2x2", "payoffs": [[[51,23],[0,26]],[[87,34],[48,0]]]},
"G955": {"type": "Matrix2x2", "payoffs": [[[98,6],[0,3]],[[83,1],[53,0]]]},
"G956": {"type": "Matrix2x2", "payoffs": [[[6,35],[1,28]],[[0,0],[7,43]]]},
"G957": {"type": "Matrix2x2", "payoffs": [[[11,4],[32,21]],[[0,2],[17,0]]]},
"G958": {"type": "Matrix2x2", "payoffs": [[[41,4],[0,6]],[[52,13],[46,0]]]},
"G959": {"type": "Matrix2x2", "payoffs": [[[50,0],[47,48]],[[75,93],[0,70]]]},
"G960": {"type": "Matrix2x2", "payoffs": [[[0,29],[1,36]],[[4,39],[3,0]]]},
"G961": {"type": "Matrix2x2", "payoffs": [[[88,25],[40,15]],[[0,0],[85,23]]]},
"G962": {"type": "Matrix2x2", "payoffs": [[[0,37],[38,0]],[[57,44],[54,38]]]},
"G963": {"type": "Matrix2x2", "payoffs": [[[59,90],[58,0]],[[0,17],[24,45]]]},
"G964": {"type": "Matrix2x2", "payoffs": [[[0,37],[59,47]],[[26,0],[31,44]]]},
"G965": {"type": "Matrix2x2", "payoffs": [[[45,41],[2,34]],[[5,0],[0,32]]]},
"G966": {"type": "Matrix2x2", "payoffs": [[[75,85],[1,77]],[[0,0],[50,42]]]},
"G967": {"type": "Matrix2x2", "payoffs": [[[21,0],[0,33]],[[27,26],[44,34]]]},
"G968": {"type": "Matrix2x2", "payoffs": [[[0,16],[75,52]],[[21,7],[13,0]]]},
"G969": {"type": "Matrix2x2", "payoffs": [[[31,10],[14,0]],[[0,5],[90,41]]]},
"G970": {"type": "Matrix2x2", "payoffs": [[[0,4],[43,90]],[[15,14],[28,0]]]},
"G971": {"type": "Matrix2x2", "payoffs": [[[1,1],[19,2]],[[35,3],[0,0]]]},
"G972": {"type": "Matrix2x2", "payoffs": [[[72,31],[0,0]],[[89,99],[5,36]]]},
"G973": {"type": "Matrix2x2", "payoffs": [[[45,6],[0,0]],[[6,3],[5,4]]]},
"G974": {"type": "Matrix2x2", "payoffs": [[[1,0],[0,69]],[[47,78],[58,79]]]},
"G975": {"type": "Matrix2x2", "payoffs": [[[58,7],[33,3]],[[0,1],[6,0]]]},
"G976": {"type": "Matrix2x2", "payoffs": [[[45,29],[0,0]],[[44,42],[68,81]]]},
"G977": {"type": "Matrix2x2", "payoffs": [[[14,27],[9,7]],[[8,6],[0,0]]]},
"G978": {"type": "Matrix2x2", "payoffs": [[[0,0],[46,9]],[[37,11],[98,75]]]},
"G979": {"type": "Matrix2x2", "payoffs": [[[72,14],[60,18]],[[0,0],[95,23]]]},
"G980": {"type": "Matrix2x2", "payoffs": [[[0,16],[46,24]],[[5,17],[44,0]]]},
"G981": {"type": "Matrix2x2", "payoffs": [[[1,0],[7,69]],[[0,40],[5,61]]]},
"G982": {"type": "Matrix2x2", "payoffs": [[[11,4],[25,5]],[[56,22],[0,0]]]},
"G983": {"type": "Matrix2x2", "payoffs": [[[0,34],[14,37]],[[3,0],[19,39]]]},
"G984": {"type": "Matrix2x2", "payoffs": [[[0,0],[39,1]],[[51,60],[1,7]]]},
"G985": {"type": "Matrix2x2", "payoffs": [[[98,67],[0,1]],[[1,66],[82,0]]]},
"G986": {"type": "Matrix2x2", "payoffs": [[[34,0],[97,59]],[[0,24],[88,5]]]},
"G987": {"type": "Matrix2x2", "payoffs": [[[0,1],[23,0]],[[12,5],[58,6]]]},
"G988": {"type": "Matrix2x2", "payoffs": [[[31,54],[38,1]],[[55,66],[0,0]]]},
"G989": {"type": "Matrix2x2", "payoffs": [[[10,54],[6,29]],[[47,60],[0,0]]]},
"G990": {"type": "Matrix2x2", "payoffs": [[[29,5],[0,24]],[[60,35],[24,0]]]},
"G991": {"type": "Matrix2x2", "payoffs": [[[1,67],[0,0]],[[25,68],[7,13]]]},
"G992": {"type": "Matrix2x2", "payoffs": [[[3,0],[0,42]],[[11,51],[1,19]]]},
"G993": {"type": "Matrix2x2", "payoffs": [[[81,67],[0,31]],[[6,47],[3,0]]]},
"G994": {"type": "Matrix2x2", "payoffs": [[[19,0],[46,30]],[[79,69],[0,19]]]},
"G995": {"type": "Matrix2x2", "payoffs": [[[16,15],[40,0]],[[0,2],[65,22]]]},
"G996": {"type": "Matrix2x2", "payoffs": [[[6,73],[1,70]],[[2,0],[0,37]]]},
"G997": {"type": "Matrix2x2", "payoffs": [[[56,9],[29,2]],[[100,24],[0,0]]]},
"G998": {"type": "Matrix2x2", "payoffs": [[[0,13],[3,30]],[[4,0],[6,34]]]},
"G999": {"type": "Matrix2x2", "payoffs": [[[0,19],[21,0]],[[67,5],[77,40]]]},
"G1000": {"type": "Matrix2x2", "payoffs": [[[13,0],[0,37]],[[30,55],[19,29]]]}
}