{
"numGames": 1000,
"G1": {"type": "Matrix2x2", "payoffs": [[[14,9],[16,43]],[[23,65],[0,0]]]},
"G2": {"type": "Matrix2x2", "payoffs": [[[0,0],[76,61]],[[47,8],[15,11]]]},
"G3": {"type": "Matrix2x2", "payoffs": [[[0,6],[53,26]],[[37,3],[8,0]]]},
"G4": {"type": "Matrix2x2", "payoffs": [[[22,11],[0,0]],[[3,8],[57,45]]]},
"G5": {"type": "Matrix2x2", "payoffs": [[[0,13],[35,14]],[[23,0],[88,18]]]},
"G6": {"type": "Matrix2x2", "payoffs": [[[11,2],[3,0]],[[35,15],[0,3]]]},
"G7": {"type": "Matrix2x2", "payoffs": [[[82,46],[91,55]],[[0,0],[70,8]]]},
"G8": {"type": "Matrix2x2", "payoffs": [[[29,15],[30,16]],[[0,7],[10,0]]]},
"G9": {"type": "Matrix2x2", "payoffs": [[[6,22],[0,0]],[[1,5],[17,32]]]},
"G10": {"type": "Matrix2x2", "payoffs": [[[7,17],[6,0]],[[0,11],[3,4]]]},
"G11": {"type": "Matrix2x2", "payoffs": [[[15,69],[31,72]],[[10,63],[0,0]]]},
"G12": {"type": "Matrix2x2", "payoffs": [[[0,40],[64,46]],[[72,57],[67,0]]]},
"G13": {"type": "Matrix2x2", "payoffs": [[[0,2],[45,3]],[[49,0],[82,11]]]},
"G14": {"type": "Matrix2x2", "payoffs": [[[0,0],[12,8]],[[45,6],[48,9]]]},
"G15": {"type": "Matrix2x2", "payoffs": [[[9,56],[0,11]],[[6,0],[2,22]]]},
"G16": {"type": "Matrix2x2", "payoffs": [[[64,15],[23,10]],[[35,0],[0,11]]]},
"G17": {"type": "Matrix2x2", "payoffs": [[[77,0],[0,44]],[[20,52],[98,87]]]},
"G18": {"type": "Matrix2x2", "payoffs": [[[50,31],[0,0]],[[66,27],[91,54]]]},
"G19": {"type": "Matrix2x2", "payoffs": [[[0,0],[1,15]],[[15,58],[38,65]]]},
"G20": {"type": "Matrix2x2", "payoffs": [[[11,27],[0,12]],[[19,0],[26,53]]]},
"G21": {"type": "Matrix2x2", "payoffs": [[[0,10],[21,12]],[[55,0],[94,15]]]},
"G22": {"type": "Matrix2x2", "payoffs": [[[0,0],[4,73]],[[28,8],[53,79]]]},
"G23": {"type": "Matrix2x2", "payoffs": [[[0,0],[6,54]],[[15,74],[19,89]]]},
"G24": {"type": "Matrix2x2", "payoffs": [[[0,23],[41,95]],[[4,16],[7,0]]]},
"G25": {"type": "Matrix2x2", "payoffs": [[[4,51],[0,0]],[[7,62],[8,73]]]},
"G26": {"type": "Matrix2x2", "payoffs": [[[0,0],[18,77]],[[13,19],[15,39]]]},
"G27": {"type": "Matrix2x2", "payoffs": [[[10,24],[0,0]],[[14,91],[1,85]]]},
"G28": {"type": "Matrix2x2", "payoffs": [[[3,26],[74,29]],[[50,24],[0,0]]]},
"G29": {"type": "Matrix2x2", "payoffs": [[[1,50],[0,0]],[[28,63],[3,44]]]},
"G30": {"type": "Matrix2x2", "payoffs": [[[77,77],[11,33]],[[36,0],[0,15]]]},
"G31": {"type": "Matrix2x2", "payoffs": [[[44,37],[33,1]],[[0,34],[19,0]]]},
"G32": {"type": "Matrix2x2", "payoffs": [[[53,17],[43,14]],[[0,0],[30,10]]]},
"G33": {"type": "Matrix2x2", "payoffs": [[[35,33],[64,64]],[[58,0],[0,13]]]},
"G34": {"type": "Matrix2x2", "payoffs": [[[54,76],[0,0]],[[33,56],[21,65]]]},
"G35": {"type": "Matrix2x2", "payoffs": [[[17,42],[0,10]],[[3,0],[13,17]]]},
"G36": {"type": "Matrix2x2", "payoffs": [[[0,9],[94,15]],[[25,0],[42,6]]]},
"G37": {"type": "Matrix2x2", "payoffs": [[[23,28],[24,34]],[[0,0],[26,48]]]},
"G38": {"type": "Matrix2x2", "payoffs": [[[60,9],[51,8]],[[0,0],[90,25]]]},
"G39": {"type": "Matrix2x2", "payoffs": [[[53,37],[1,14]],[[0,27],[45,0]]]},
"G40": {"type": "Matrix2x2", "payoffs": [[[0,49],[22,75]],[[18,0],[3,29]]]},
"G41": {"type": "Matrix2x2", "payoffs": [[[23,0],[0,11]],[[73,17],[65,12]]]},
"G42": {"type": "Matrix2x2", "payoffs": [[[41,54],[6,0]],[[0,48],[75,59]]]},
"G43": {"type": "Matrix2x2", "payoffs": [[[34,6],[46,81]],[[0,17],[28,0]]]},
"G44": {"type": "Matrix2x2", "payoffs": [[[13,86],[2,28]],[[12,0],[0,61]]]},
"G45": {"type": "Matrix2x2", "payoffs": [[[12,44],[58,91]],[[33,0],[0,18]]]},
"G46": {"type": "Matrix2x2", "payoffs": [[[17,0],[95,49]],[[19,29],[0,37]]]},
"G47": {"type": "Matrix2x2", "payoffs": [[[84,61],[19,29]],[[27,0],[0,52]]]},
"G48": {"type": "Matrix2x2", "payoffs": [[[7,0],[0,35]],[[10,58],[9,44]]]},
"G49": {"type": "Matrix2x2", "payoffs": [[[0,57],[25,99]],[[24,51],[16,0]]]},
"G50": {"type": "Matrix2x2", "payoffs": [[[0,6],[60,0]],[[94,9],[78,1]]]},
"G51": {"type": "Matrix2x2", "payoffs": [[[38,62],[0,29]],[[28,0],[10,40]]]},
"G52": {"type": "Matrix2x2", "payoffs": [[[67,31],[57,5]],[[1,0],[0,22]]]},
"G53": {"type": "Matrix2x2", "payoffs": [[[47,100],[0,21]],[[43,42],[15,0]]]},
"G54": {"type": "Matrix2x2", "payoffs": [[[52,0],[0,4]],[[76,43],[12,12]]]},
"G55": {"type": "Matrix2x2", "payoffs": [[[45,3],[1,2]],[[66,4],[0,0]]]},
"G56": {"type": "Matrix2x2", "payoffs": [[[0,8],[27,18]],[[14,16],[15,0]]]},
"G57": {"type": "Matrix2x2", "payoffs": [[[88,92],[34,0]],[[0,70],[40,77]]]},
"G58": {"type": "Matrix2x2", "payoffs": [[[5,0],[44,90]],[[0,73],[12,66]]]},
"G59": {"type": "Matrix2x2", "payoffs": [[[5,0],[6,9]],[[0,1],[7,29]]]},
"G60": {"type": "Matrix2x2", "payoffs": [[[60,29],[0,14]],[[13,0],[26,1]]]},
"G61": {"type": "Matrix2x2", "payoffs": [[[22,29],[0,0]],[[99,48],[6,46]]]},
"G62": {"type": "Matrix2x2", "payoffs": [[[0,0],[33,53]],[[65,78],[46,70]]]},
"G63": {"type": "Matrix2x2", "payoffs": [[[57,0],[47,44]],[[0,14],[76,55]]]},
"G64": {"type": "Matrix2x2", "payoffs": [[[19,10],[10,0]],[[0,3],[4,1]]]},
"G65": {"type": "Matrix2x2", "payoffs": [[[48,44],[5,0]],[[0,41],[97,84]]]},
"G66": {"type": "Matrix2x2", "payoffs": [[[58,67],[12,11]],[[70,97],[0,0]]]},
"G67": {"type": "Matrix2x2", "payoffs": [[[40,12],[9,2]],[[21,0],[0,4]]]},
"G68": {"type": "Matrix2x2", "payoffs": [[[92,35],[44,9]],[[0,0],[45,26]]]},
"G69": {"type": "Matrix2x2", "payoffs": [[[53,0],[0,32]],[[5,19],[54,59]]]},
"G70": {"type": "Matrix2x2", "payoffs": [[[6,28],[0,0]],[[1,13],[5,5]]]},
"G71": {"type": "Matrix2x2", "payoffs": [[[1,25],[41,73]],[[19,1],[0,0]]]},
"G72": {"type": "Matrix2x2", "payoffs": [[[51,20],[89,93]],[[0,0],[86,24]]]},
"G73": {"type": "Matrix2x2", "payoffs": [[[1,74],[8,0]],[[21,98],[0,88]]]},
"G74": {"type": "Matrix2x2", "payoffs": [[[97,65],[86,43]],[[0,7],[57,0]]]},
"G75": {"type": "Matrix2x2", "payoffs": [[[4,19],[9,83]],[[0,0],[6,23]]]},
"G76": {"type": "Matrix2x2", "payoffs": [[[0,0],[7,13]],[[6,11],[4,12]]]},
"G77": {"type": "Matrix2x2", "payoffs": [[[19,0],[6,43]],[[97,66],[0,44]]]},
"G78": {"type": "Matrix2x2", "payoffs": [[[83,64],[0,61]],[[73,46],[11,0]]]},
"G79": {"type": "Matrix2x2", "payoffs": [[[61,14],[83,61]],[[70,51],[0,0]]]},
"G80": {"type": "Matrix2x2", "payoffs": [[[57,33],[85,40]],[[0,0],[52,11]]]},
"G81": {"type": "Matrix2x2", "payoffs": [[[0,0],[40,5]],[[80,26],[98,60]]]},
"G82": {"type": "Matrix2x2", "payoffs": [[[8,50],[78,53]],[[41,0],[0,24]]]},
"G83": {"type": "Matrix2x2", "payoffs": [[[0,69],[53,86]],[[7,79],[17,0]]]},
"G84": {"type": "Matrix2x2", "payoffs": [[[32,0],[71,85]],[[19,47],[0,55]]]},
"G85": {"type": "Matrix2x2", "payoffs": [[[78,3],[97,23]],[[0,11],[21,0]]]},
"G86": {"type": "Matrix2x2", "payoffs": [[[52,42],[43,0]],[[7,21],[0,19]]]},
"G87": {"type": "Matrix2x2", "payoffs": [[[76,2],[0,1]],[[48,0],[77,5]]]},
"G88": {"type": "Matrix2x2", "payoffs": [[[30,0],[54,21]],[[0,23],[69,84]]]},
"G89": {"type": "Matrix2x2", "payoffs": [[[66,81],[0,0]],[[21,43],[11,56]]]},
"G90": {"type": "Matrix2x2", "payoffs": [[[0,20],[5,13]],[[25,0],[56,37]]]},
"G91": {"type": "Matrix2x2", "payoffs": [[[0,24],[5,33]],[[9,46],[4,0]]]},
"G92": {"type": "Matrix2x2", "payoffs": [[[2,68],[5,82]],[[0,0],[4,76]]]},
"G93": {"type": "Matrix2x2", "payoffs": [[[6,2],[0,30]],[[65,54],[7,0]]]},
"G94": {"type": "Matrix2x2", "payoffs": [[[0,0],[46,60]],[[33,39],[39,40]]]},
"G95": {"type": "Matrix2x2", "payoffs": [[[2,0],[1,28]],[[0,5],[5,73]]]},
"G96": {"type": "Matrix2x2", "payoffs": [[[0,8],[67,0]],[[65,6],[86,11]]]},
"G97": {"type": "Matrix2x2", "payoffs": [[[3,2],[0,0]],[[53,67],[34,48]]]},
"G98": {"type": "Matrix2x2", "payoffs": [[[66,37],[0,0]],[[49,3],[18,33]]]},
"G99": {"type": "Matrix2x2", "payoffs": [[[59,57],[22,28]],[[47,0],[0,39]]]},
"G100": {"type": "Matrix2x2", "payoffs": [[[86,13],[28,4]],[[29,0],[0,9]]]},
"G101": {"type": "Matrix2x2", "payoffs": [[[0,3],[25,32]],[[4,28],[8,0]]]},
"G102": {"type": "Matrix2x2", "payoffs": [[[8,90],[0,0]],[[3,62],[14,100]]]},
"G103": {"type": "Matrix2x2", "payoffs": [[[41,43],[30,11]],[[0,9],[29,0]]]},
"G104": {"type": "Matrix2x2", "payoffs": [[[66,69],[36,62]],[[58,0],[0,54]]]},
"G105": {"type": "Matrix2x2", "payoffs": [[[19,99],[0,18]],[[7,91],[11,0]]]},
"G106": {"type": "Matrix2x2", "payoffs": [[[59,26],[43,0]],[[28,19],[0,20]]]},
"G107": {"type": "Matrix2x2", "payoffs": [[[0,42],[35,0]],[[56,43],[12,31]]]},
"G108": {"type": "Matrix2x2", "payoffs": [[[31,46],[0,29]],[[6,1],[22,0]]]},
"G109": {"type": "Matrix2x2", "payoffs": [[[75,0],[15,48]],[[84,84],[0,2]]]},
"G110": {"type": "Matrix2x2", "payoffs": [[[8,1],[7,7]],[[10,15],[0,0]]]},
"G111": {"type": "Matrix2x2", "payoffs": [[[0,25],[49,47]],[[2,3],[12,0]]]},
"G112": {"type": "Matrix2x2", "payoffs": [[[0,11],[3,0]],[[2,5],[9,40]]]},
"G113": {"type": "Matrix2x2", "payoffs": [[[24,51],[21,0]],[[0,15],[9,44]]]},
"G114": {"type": "Matrix2x2", "payoffs": [[[0,3],[99,4]],[[43,0],[22,2]]]},
"G115": {"type": "Matrix2x2", "payoffs": [[[19,55],[0,0]],[[28,63],[23,26]]]},
"G116": {"type": "Matrix2x2", "payoffs": [[[0,0],[6,76]],[[36,87],[21,36]]]},
"G117": {"type": "Matrix2x2", "payoffs": [[[4,23],[14,40]],[[0,0],[61,84]]]},
"G118": {"type": "Matrix2x2", "payoffs": [[[38,0],[67,22]],[[34,21],[0,15]]]},
"G119": {"type": "Matrix2x2", "payoffs": [[[16,1],[23,9]],[[0,0],[17,6]]]},
"G120": {"type": "Matrix2x2", "payoffs": [[[32,76],[7,34]],[[0,10],[10,0]]]},
"G121": {"type": "Matrix2x2", "payoffs": [[[0,4],[38,0]],[[25,6],[60,24]]]},
"G122": {"type": "Matrix2x2", "payoffs": [[[76,39],[36,26]],[[61,15],[0,0]]]},
"G123": {"type": "Matrix2x2", "payoffs": [[[66,72],[45,53]],[[0,0],[39,21]]]},
"G124": {"type": "Matrix2x2", "payoffs": [[[40,13],[75,69]],[[10,68],[0,0]]]},
"G125": {"type": "Matrix2x2", "payoffs": [[[0,0],[43,33]],[[73,61],[67,14]]]},
"G126": {"type": "Matrix2x2", "payoffs": [[[0,0],[12,17]],[[98,20],[4,16]]]},
"G127": {"type": "Matrix2x2", "payoffs": [[[0,0],[82,20]],[[4,3],[32,15]]]},
"G128": {"type": "Matrix2x2", "payoffs": [[[5,0],[34,5]],[[0,8],[58,11]]]},
"G129": {"type": "Matrix2x2", "payoffs": [[[63,22],[0,36]],[[72,49],[7,0]]]},
"G130": {"type": "Matrix2x2", "payoffs": [[[37,44],[6,20]],[[92,52],[0,0]]]},
"G131": {"type": "Matrix2x2", "payoffs": [[[30,15],[41,0]],[[0,20],[47,21]]]},
"G132": {"type": "Matrix2x2", "payoffs": [[[71,86],[0,69]],[[67,19],[64,0]]]},
"G133": {"type": "Matrix2x2", "payoffs": [[[26,67],[0,0]],[[30,72],[28,64]]]},
"G134": {"type": "Matrix2x2", "payoffs": [[[35,0],[81,51]],[[0,31],[40,37]]]},
"G135": {"type": "Matrix2x2", "payoffs": [[[28,28],[10,0]],[[31,99],[0,66]]]},
"G136": {"type": "Matrix2x2", "payoffs": [[[1,0],[3,13]],[[0,19],[4,96]]]},
"G137": {"type": "Matrix2x2", "payoffs": [[[0,0],[76,14]],[[40,1],[100,17]]]},
"G138": {"type": "Matrix2x2", "payoffs": [[[73,100],[19,48]],[[0,0],[62,17]]]},
"G139": {"type": "Matrix2x2", "payoffs": [[[44,10],[13,0]],[[0,6],[91,28]]]},
"G140": {"type": "Matrix2x2", "payoffs": [[[0,47],[38,63]],[[36,0],[17,57]]]},
"G141": {"type": "Matrix2x2", "payoffs": [[[59,0],[0,3]],[[62,27],[32,20]]]},
"G142": {"type": "Matrix2x2", "payoffs": [[[33,39],[31,0]],[[72,55],[0,16]]]},
"G143": {"type": "Matrix2x2", "payoffs": [[[3,2],[39,8]],[[0,0],[10,4]]]},
"G144": {"type": "Matrix2x2", "payoffs": [[[6,84],[3,30]],[[0,0],[1,51]]]},
"G145": {"type": "Matrix2x2", "payoffs": [[[9,9],[61,14]],[[59,12],[0,0]]]},
"G146": {"type": "Matrix2x2", "payoffs": [[[64,91],[8,84]],[[0,27],[44,0]]]},
"G147": {"type": "Matrix2x2", "payoffs": [[[67,19],[66,11]],[[7,13],[0,0]]]},
"G148": {"type": "Matrix2x2", "payoffs": [[[6,0],[5,22]],[[0,14],[8,30]]]},
"G149": {"type": "Matrix2x2", "payoffs": [[[0,5],[63,34]],[[57,0],[58,10]]]},
"G150": {"type": "Matrix2x2", "payoffs": [[[19,38],[17,0]],[[7,25],[0,18]]]},
"G151": {"type": "Matrix2x2", "payoffs": [[[74,98],[56,16]],[[0,0],[62,73]]]},
"G152": {"type": "Matrix2x2", "payoffs": [[[100,43],[0,0]],[[90,11],[42,21]]]},
"G153": {"type": "Matrix2x2", "payoffs": [[[0,6],[44,2]],[[57,0],[69,9]]]},
"G154": {"type": "Matrix2x2", "payoffs": [[[90,70],[65,0]],[[19,5],[0,8]]]},
"G155": {"type": "Matrix2x2", "payoffs": [[[2,29],[3,71]],[[0,11],[1,0]]]},
"G156": {"type": "Matrix2x2", "payoffs": [[[46,44],[0,18]],[[54,52],[49,0]]]},
"G157": {"type": "Matrix2x2", "payoffs": [[[56,33],[22,30]],[[19,27],[0,0]]]},
"G158": {"type": "Matrix2x2", "payoffs": [[[29,16],[35,54]],[[25,6],[0,0]]]},
"G159": {"type": "Matrix2x2", "payoffs": [[[0,3],[88,7]],[[19,4],[46,0]]]},
"G160": {"type": "Matrix2x2", "payoffs": [[[70,14],[84,41]],[[16,0],[0,11]]]},
"G161": {"type": "Matrix2x2", "payoffs": [[[65,26],[0,0]],[[60,1],[57,6]]]},
"G162": {"type": "Matrix2x2", "payoffs": [[[0,0],[61,95]],[[27,84],[50,19]]]},
"G163": {"type": "Matrix2x2", "payoffs": [[[7,3],[0,0]],[[2,2],[12,4]]]},
"G164": {"type": "Matrix2x2", "payoffs": [[[48,0],[0,12]],[[100,78],[92,52]]]},
"G165": {"type": "Matrix2x2", "payoffs": [[[64,92],[0,0]],[[44,4],[61,76]]]},
"G166": {"type": "Matrix2x2", "payoffs": [[[26,7],[95,59]],[[89,0],[0,34]]]},
"G167": {"type": "Matrix2x2", "payoffs": [[[38,10],[46,25]],[[0,12],[41,0]]]},
"G168": {"type": "Matrix2x2", "payoffs": [[[13,86],[0,27]],[[17,91],[15,0]]]},
"G169": {"type": "Matrix2x2", "payoffs": [[[78,8],[0,4]],[[81,9],[41,0]]]},
"G170": {"type": "Matrix2x2", "payoffs": [[[23,14],[63,26]],[[0,0],[33,20]]]},
"G171": {"type": "Matrix2x2", "payoffs": [[[44,0],[0,4]],[[97,21],[94,6]]]},
"G172": {"type": "Matrix2x2", "payoffs": [[[19,0],[12,28]],[[0,1],[30,94]]]},
"G173": {"type": "Matrix2x2", "payoffs": [[[31,23],[78,85]],[[0,15],[15,0]]]},
"G174": {"type": "Matrix2x2", "payoffs": [[[59,58],[53,0]],[[12,17],[0,56]]]},
"G175": {"type": "Matrix2x2", "payoffs": [[[0,0],[4,67]],[[3,88],[5,89]]]},
"G176": {"type": "Matrix2x2", "payoffs": [[[72,12],[0,0]],[[8,4],[59,7]]]},
"G177": {"type": "Matrix2x2", "payoffs": [[[31,0],[0,4]],[[12,2],[91,5]]]},
"G178": {"type": "Matrix2x2", "payoffs": [[[17,51],[32,46]],[[0,0],[37,70]]]},
"G179": {"type": "Matrix2x2", "payoffs": [[[4,6],[13,0]],[[42,16],[0,11]]]},
"G180": {"type": "Matrix2x2", "payoffs": [[[79,12],[5,0]],[[0,4],[23,2]]]},
"G181": {"type": "Matrix2x2", "payoffs": [[[83,45],[0,0]],[[95,69],[86,46]]]},
"G182": {"type": "Matrix2x2", "payoffs": [[[0,28],[1,16]],[[3,0],[4,45]]]},
"G183": {"type": "Matrix2x2", "payoffs": [[[99,41],[0,26]],[[96,11],[86,0]]]},
"G184": {"type": "Matrix2x2", "payoffs": [[[32,0],[0,4]],[[83,44],[60,33]]]},
"G185": {"type": "Matrix2x2", "payoffs": [[[10,68],[0,0]],[[2,60],[4,35]]]},
"G186": {"type": "Matrix2x2", "payoffs": [[[0,2],[59,0]],[[26,1],[61,16]]]},
"G187": {"type": "Matrix2x2", "payoffs": [[[2,52],[41,87]],[[32,0],[0,61]]]},
"G188": {"type": "Matrix2x2", "payoffs": [[[0,67],[14,70]],[[9,33],[5,0]]]},
"G189": {"type": "Matrix2x2", "payoffs": [[[31,8],[1,1]],[[0,0],[32,32]]]},
"G190": {"type": "Matrix2x2", "payoffs": [[[6,0],[4,2]],[[8,3],[0,1]]]},
"G191": {"type": "Matrix2x2", "payoffs": [[[8,34],[0,0]],[[4,19],[5,33]]]},
"G192": {"type": "Matrix2x2", "payoffs": [[[7,0],[4,10]],[[13,36],[0,9]]]},
"G193": {"type": "Matrix2x2", "payoffs": [[[6,93],[3,48]],[[2,50],[0,0]]]},
"G194": {"type": "Matrix2x2", "payoffs": [[[67,31],[0,26]],[[3,22],[17,0]]]},
"G195": {"type": "Matrix2x2", "payoffs": [[[0,0],[91,96]],[[15,22],[89,24]]]},
"G196": {"type": "Matrix2x2", "payoffs": [[[0,10],[64,70]],[[52,13],[28,0]]]},
"G197": {"type": "Matrix2x2", "payoffs": [[[54,84],[62,99]],[[0,0],[31,98]]]},
"G198": {"type": "Matrix2x2", "payoffs": [[[31,0],[0,47]],[[55,67],[4,24]]]},
"G199": {"type": "Matrix2x2", "payoffs": [[[24,36],[0,0]],[[18,65],[27,93]]]},
"G200": {"type": "Matrix2x2", "payoffs": [[[20,63],[0,0]],[[70,85],[29,14]]]},
"G201": {"type": "Matrix2x2", "payoffs": [[[0,0],[12,8]],[[19,22],[35,30]]]},
"G202": {"type": "Matrix2x2", "payoffs": [[[81,55],[51,21]],[[0,0],[8,39]]]},
"G203": {"type": "Matrix2x2", "payoffs": [[[0,0],[39,39]],[[52,54],[7,8]]]},
"G204": {"type": "Matrix2x2", "payoffs": [[[30,45],[7,14]],[[0,32],[23,0]]]},
"G205": {"type": "Matrix2x2", "payoffs": [[[29,17],[51,57]],[[24,0],[0,40]]]},
"G206": {"type": "Matrix2x2", "payoffs": [[[70,5],[79,15]],[[55,0],[0,7]]]},
"G207": {"type": "Matrix2x2", "payoffs": [[[4,15],[0,37]],[[5,39],[3,0]]]},
"G208": {"type": "Matrix2x2", "payoffs": [[[81,71],[84,88]],[[0,0],[45,55]]]},
"G209": {"type": "Matrix2x2", "payoffs": [[[0,15],[4,30]],[[2,0],[1,25]]]},
"G210": {"type": "Matrix2x2", "payoffs": [[[3,0],[10,14]],[[0,2],[19,30]]]},
"G211": {"type": "Matrix2x2", "payoffs": [[[0,5],[85,55]],[[81,0],[47,47]]]},
"G212": {"type": "Matrix2x2", "payoffs": [[[69,40],[0,30]],[[47,0],[94,58]]]},
"G213": {"type": "Matrix2x2", "payoffs": [[[79,61],[39,27]],[[0,47],[74,0]]]},
"G214": {"type": "Matrix2x2", "payoffs": [[[23,0],[45,4]],[[0,5],[88,93]]]},
"G215": {"type": "Matrix2x2", "payoffs": [[[8,78],[3,71]],[[0,0],[5,6]]]},
"G216": {"type": "Matrix2x2", "payoffs": [[[11,3],[14,5]],[[0,0],[23,6]]]},
"G217": {"type": "Matrix2x2", "payoffs": [[[0,49],[2,0]],[[3,81],[1,54]]]},
"G218": {"type": "Matrix2x2", "payoffs": [[[0,34],[28,0]],[[39,14],[72,84]]]},
"G219": {"type": "Matrix2x2", "payoffs": [[[0,4],[16,11]],[[29,0],[30,27]]]},
"G220": {"type": "Matrix2x2", "payoffs": [[[0,0],[34,10]],[[42,13],[43,85]]]},
"G221": {"type": "Matrix2x2", "payoffs": [[[5,52],[27,91]],[[24,34],[0,0]]]},
"G222": {"type": "Matrix2x2", "payoffs": [[[0,20],[65,0]],[[77,90],[45,6]]]},
"G223": {"type": "Matrix2x2", "payoffs": [[[18,7],[0,15]],[[22,18],[1,0]]]},
"G224": {"type": "Matrix2x2", "payoffs": [[[18,5],[0,0]],[[37,1],[41,36]]]},
"G225": {"type": "Matrix2x2", "payoffs": [[[21,9],[9,1]],[[0,6],[19,0]]]},
"G226": {"type": "Matrix2x2", "payoffs": [[[70,47],[82,92]],[[0,52],[9,0]]]},
"G227": {"type": "Matrix2x2", "payoffs": [[[9,0],[0,28]],[[38,79],[2,44]]]},
"G228": {"type": "Matrix2x2", "payoffs": [[[0,0],[37,48]],[[20,4],[18,16]]]},
"G229": {"type": "Matrix2x2", "payoffs": [[[19,86],[26,91]],[[11,0],[0,13]]]},
"G230": {"type": "Matrix2x2", "payoffs": [[[25,19],[27,25]],[[37,27],[0,0]]]},
"G231": {"type": "Matrix2x2", "payoffs": [[[0,7],[42,0]],[[38,6],[95,72]]]},
"G232": {"type": "Matrix2x2", "payoffs": [[[37,87],[29,35]],[[2,4],[0,0]]]},
"G233": {"type": "Matrix2x2", "payoffs": [[[6,0],[9,5]],[[5,2],[0,1]]]},
"G234": {"type": "Matrix2x2", "payoffs": [[[3,0],[24,44]],[[0,13],[11,37]]]},
"G235": {"type": "Matrix2x2", "payoffs": [[[84,16],[48,9]],[[59,0],[0,14]]]},
"G236": {"type": "Matrix2x2", "payoffs": [[[1,47],[0,56]],[[20,64],[15,0]]]},
"G237": {"type": "Matrix2x2", "payoffs": [[[0,0],[5,41]],[[13,47],[7,28]]]},
"G238": {"type": "Matrix2x2", "payoffs": [[[0,0],[3,25]],[[2,39],[5,49]]]},
"G239": {"type": "Matrix2x2", "payoffs": [[[80,12],[55,4]],[[70,6],[0,0]]]},
"G240": {"type": "Matrix2x2", "payoffs": [[[36,3],[25,43]],[[0,0],[93,90]]]},
"G241": {"type": "Matrix2x2", "payoffs": [[[0,29],[10,52]],[[1,0],[6,19]]]},
"G242": {"type": "Matrix2x2", "payoffs": [[[15,0],[38,4]],[[0,8],[69,22]]]},
"G243": {"type": "Matrix2x2", "payoffs": [[[0,6],[22,11]],[[40,13],[6,0]]]},
"G244": {"type": "Matrix2x2", "payoffs": [[[0,0],[21,58]],[[14,7],[52,70]]]},
"G245": {"type": "Matrix2x2", "payoffs": [[[0,0],[1,26]],[[7,2],[58,28]]]},
"G246": {"type": "Matrix2x2", "payoffs": [[[58,5],[76,44]],[[62,1],[0,0]]]},
"G247": {"type": "Matrix2x2", "payoffs": [[[25,21],[26,51]],[[5,12],[0,0]]]},
"G248": {"type": "Matrix2x2", "payoffs": [[[0,79],[9,0]],[[18,96],[5,33]]]},
"G249": {"type": "Matrix2x2", "payoffs": [[[11,0],[0,35]],[[16,14],[17,42]]]},
"G250": {"type": "Matrix2x2", "payoffs": [[[0,0],[58,76]],[[41,34],[21,74]]]},
"G251": {"type": "Matrix2x2", "payoffs": [[[0,0],[65,53]],[[66,55],[67,63]]]},
"G252": {"type": "Matrix2x2", "payoffs": [[[31,0],[60,19]],[[68,79],[0,65]]]},
"G253": {"type": "Matrix2x2", "payoffs": [[[100,53],[3,5]],[[1,50],[0,0]]]},
"G254": {"type": "Matrix2x2", "payoffs": [[[97,42],[0,11]],[[74,23],[71,0]]]},
"G255": {"type": "Matrix2x2", "payoffs": [[[40,54],[0,31]],[[76,57],[23,0]]]},
"G256": {"type": "Matrix2x2", "payoffs": [[[35,16],[0,22]],[[77,0],[93,92]]]},
"G257": {"type": "Matrix2x2", "payoffs": [[[5,0],[8,8]],[[0,1],[15,10]]]},
"G258": {"type": "Matrix2x2", "payoffs": [[[18,31],[23,44]],[[0,37],[15,0]]]},
"G259": {"type": "Matrix2x2", "payoffs": [[[19,0],[10,16]],[[0,30],[23,47]]]},
"G260": {"type": "Matrix2x2", "payoffs": [[[8,0],[0,30]],[[23,22],[43,54]]]},
"G261": {"type": "Matrix2x2", "payoffs": [[[19,20],[0,1]],[[75,0],[89,60]]]},
"G262": {"type": "Matrix2x2", "payoffs": [[[62,2],[77,5]],[[66,0],[0,3]]]},
"G263": {"type": "Matrix2x2", "payoffs": [[[0,11],[5,28]],[[1,0],[12,34]]]},
"G264": {"type": "Matrix2x2", "payoffs": [[[0,50],[86,58]],[[34,0],[6,6]]]},
"G265": {"type": "Matrix2x2", "payoffs": [[[5,0],[6,23]],[[4,4],[0,9]]]},
"G266": {"type": "Matrix2x2", "payoffs": [[[0,8],[19,32]],[[79,42],[70,0]]]},
"G267": {"type": "Matrix2x2", "payoffs": [[[0,0],[20,77]],[[33,81],[1,40]]]},
"G268": {"type": "Matrix2x2", "payoffs": [[[7,12],[3,9]],[[0,1],[2,0]]]},
"G269": {"type": "Matrix2x2", "payoffs": [[[0,71],[10,75]],[[7,0],[4,7]]]},
"G270": {"type": "Matrix2x2", "payoffs": [[[12,58],[3,0]],[[1,37],[0,23]]]},
"G271": {"type": "Matrix2x2", "payoffs": [[[34,18],[0,0]],[[13,7],[9,12]]]},
"G272": {"type": "Matrix2x2", "payoffs": [[[50,0],[32,24]],[[0,14],[68,25]]]},
"G273": {"type": "Matrix2x2", "payoffs": [[[0,0],[38,32]],[[37,41],[80,72]]]},
"G274": {"type": "Matrix2x2", "payoffs": [[[29,27],[0,0]],[[33,68],[8,42]]]},
"G275": {"type": "Matrix2x2", "payoffs": [[[13,38],[61,58]],[[54,0],[0,6]]]},
"G276": {"type": "Matrix2x2", "payoffs": [[[18,0],[40,45]],[[30,15],[0,36]]]},
"G277": {"type": "Matrix2x2", "payoffs": [[[50,0],[62,86]],[[0,60],[24,50]]]},
"G278": {"type": "Matrix2x2", "payoffs": [[[0,77],[7,72]],[[5,0],[45,88]]]},
"G279": {"type": "Matrix2x2", "payoffs": [[[76,16],[0,0]],[[2,11],[24,2]]]},
"G280": {"type": "Matrix2x2", "payoffs": [[[62,75],[67,89]],[[56,61],[0,0]]]},
"G281": {"type": "Matrix2x2", "payoffs": [[[0,22],[70,34]],[[5,25],[25,0]]]},
"G282": {"type": "Matrix2x2", "payoffs": [[[17,2],[0,1]],[[7,0],[29,4]]]},
"G283": {"type": "Matrix2x2", "payoffs": [[[0,3],[13,58]],[[5,18],[8,0]]]},
"G284": {"type": "Matrix2x2", "payoffs": [[[0,79],[10,0]],[[7,62],[30,94]]]},
"G285": {"type": "Matrix2x2", "payoffs": [[[48,14],[0,4]],[[30,0],[65,18]]]},
"G286": {"type": "Matrix2x2", "payoffs": [[[45,68],[31,59]],[[0,0],[32,42]]]},
"G287": {"type": "Matrix2x2", "payoffs": [[[43,13],[49,86]],[[20,0],[0,57]]]},
"G288": {"type": "Matrix2x2", "payoffs": [[[0,0],[55,37]],[[89,38],[40,10]]]},
"G289": {"type": "Matrix2x2", "payoffs": [[[0,0],[6,2]],[[24,6],[15,4]]]},
"G290": {"type": "Matrix2x2", "payoffs": [[[83,92],[36,20]],[[35,24],[0,0]]]},
"G291": {"type": "Matrix2x2", "payoffs": [[[14,60],[23,81]],[[5,74],[0,0]]]},
"G292": {"type": "Matrix2x2", "payoffs": [[[2,32],[1,0]],[[0,1],[23,66]]]},
"G293": {"type": "Matrix2x2", "payoffs": [[[6,76],[3,71]],[[2,51],[0,0]]]},
"G294": {"type": "Matrix2x2", "payoffs": [[[26,1],[0,0]],[[19,2],[89,3]]]},
"G295": {"type": "Matrix2x2", "payoffs": [[[31,1],[0,0]],[[7,3],[98,7]]]},
"G296": {"type": "Matrix2x2", "payoffs": [[[9,0],[10,84]],[[0,5],[1,83]]]},
"G297": {"type": "Matrix2x2", "payoffs": [[[22,0],[41,8]],[[0,6],[69,35]]]},
"G298": {"type": "Matrix2x2", "payoffs": [[[0,44],[17,0]],[[55,15],[66,66]]]},
"G299": {"type": "Matrix2x2", "payoffs": [[[0,16],[57,29]],[[35,27],[1,0]]]},
"G300": {"type": "Matrix2x2", "payoffs": [[[0,84],[5,90]],[[4,0],[1,33]]]},
"G301": {"type": "Matrix2x2", "payoffs": [[[21,45],[23,53]],[[0,42],[18,0]]]},
"G302": {"type": "Matrix2x2", "payoffs": [[[0,66],[34,56]],[[29,0],[47,83]]]},
"G303": {"type": "Matrix2x2", "payoffs": [[[94,49],[91,40]],[[0,0],[74,44]]]},
"G304": {"type": "Matrix2x2", "payoffs": [[[19,14],[57,38]],[[0,0],[34,1]]]},
"G305": {"type": "Matrix2x2", "payoffs": [[[81,36],[43,0]],[[0,39],[88,40]]]},
"G306": {"type": "Matrix2x2", "payoffs": [[[32,64],[10,23]],[[14,0],[0,50]]]},
"G307": {"type": "Matrix2x2", "payoffs": [[[24,19],[18,0]],[[0,10],[14,2]]]},
"G308": {"type": "Matrix2x2", "payoffs": [[[0,0],[13,4]],[[6,13],[31,20]]]},
"G309": {"type": "Matrix2x2", "payoffs": [[[70,8],[43,3]],[[0,0],[2,7]]]},
"G310": {"type": "Matrix2x2", "payoffs": [[[47,27],[68,32]],[[58,10],[0,0]]]},
"G311": {"type": "Matrix2x2", "payoffs": [[[0,4],[77,8]],[[7,1],[33,0]]]},
"G312": {"type": "Matrix2x2", "payoffs": [[[71,0],[0,24]],[[22,18],[92,33]]]},
"G313": {"type": "Matrix2x2", "payoffs": [[[4,0],[18,46]],[[11,10],[0,22]]]},
"G314": {"type": "Matrix2x2", "payoffs": [[[61,12],[73,14]],[[0,0],[15,10]]]},
"G315": {"type": "Matrix2x2", "payoffs": [[[54,15],[0,0]],[[48,11],[39,9]]]},
"G316": {"type": "Matrix2x2", "payoffs": [[[11,49],[5,0]],[[1,35],[0,38]]]},
"G317": {"type": "Matrix2x2", "payoffs": [[[16,92],[0,0]],[[19,7],[37,98]]]},
"G318": {"type": "Matrix2x2", "payoffs": [[[11,7],[0,0]],[[5,5],[13,22]]]},
"G319": {"type": "Matrix2x2", "payoffs": [[[8,58],[0,41]],[[15,0],[34,74]]]},
"G320": {"type": "Matrix2x2", "payoffs": [[[69,0],[0,23]],[[86,87],[79,34]]]},
"G321": {"type": "Matrix2x2", "payoffs": [[[24,27],[0,20]],[[13,0],[2,26]]]},
"G322": {"type": "Matrix2x2", "payoffs": [[[8,17],[97,46]],[[75,12],[0,0]]]},
"G323": {"type": "Matrix2x2", "payoffs": [[[0,0],[27,10]],[[26,14],[60,22]]]},
"G324": {"type": "Matrix2x2", "payoffs": [[[24,2],[84,12]],[[0,8],[16,0]]]},
"G325": {"type": "Matrix2x2", "payoffs": [[[15,22],[3,19]],[[7,10],[0,0]]]},
"G326": {"type": "Matrix2x2", "payoffs": [[[0,0],[70,44]],[[17,35],[59,1]]]},
"G327": {"type": "Matrix2x2", "payoffs": [[[21,87],[22,100]],[[9,16],[0,0]]]},
"G328": {"type": "Matrix2x2", "payoffs": [[[25,4],[0,1]],[[61,0],[70,5]]]},
"G329": {"type": "Matrix2x2", "payoffs": [[[0,46],[92,28]],[[93,53],[73,0]]]},
"G330": {"type": "Matrix2x2", "payoffs": [[[47,17],[0,4]],[[18,0],[42,2]]]},
"G331": {"type": "Matrix2x2", "payoffs": [[[26,5],[1,0]],[[18,1],[0,3]]]},
"G332": {"type": "Matrix2x2", "payoffs": [[[38,4],[20,2]],[[7,3],[0,0]]]},
"G333": {"type": "Matrix2x2", "payoffs": [[[40,30],[50,84]],[[35,0],[0,79]]]},
"G334": {"type": "Matrix2x2", "payoffs": [[[14,0],[0,2]],[[44,17],[31,16]]]},
"G335": {"type": "Matrix2x2", "payoffs": [[[44,47],[1,0]],[[43,11],[0,30]]]},
"G336": {"type": "Matrix2x2", "payoffs": [[[0,0],[17,97]],[[2,25],[9,50]]]},
"G337": {"type": "Matrix2x2", "payoffs": [[[0,0],[6,29]],[[95,89],[76,17]]]},
"G338": {"type": "Matrix2x2", "payoffs": [[[1,9],[3,23]],[[0,0],[2,16]]]},
"G339": {"type": "Matrix2x2", "payoffs": [[[56,2],[0,0]],[[49,28],[74,59]]]},
"G340": {"type": "Matrix2x2", "payoffs": [[[0,49],[3,0]],[[13,55],[20,93]]]},
"G341": {"type": "Matrix2x2", "payoffs": [[[55,14],[0,0]],[[86,48],[42,37]]]},
"G342": {"type": "Matrix2x2", "payoffs": [[[12,94],[5,29]],[[0,0],[1,40]]]},
"G343": {"type": "Matrix2x2", "payoffs": [[[35,91],[40,0]],[[0,22],[58,96]]]},
"G344": {"type": "Matrix2x2", "payoffs": [[[25,0],[73,67]],[[54,59],[0,31]]]},
"G345": {"type": "Matrix2x2", "payoffs": [[[11,11],[12,9]],[[0,0],[34,15]]]},
"G346": {"type": "Matrix2x2", "payoffs": [[[17,0],[31,15]],[[39,73],[0,60]]]},
"G347": {"type": "Matrix2x2", "payoffs": [[[4,13],[16,58]],[[11,16],[0,0]]]},
"G348": {"type": "Matrix2x2", "payoffs": [[[97,8],[99,19]],[[0,11],[4,0]]]},
"G349": {"type": "Matrix2x2", "payoffs": [[[28,28],[60,0]],[[62,78],[0,20]]]},
"G350": {"type": "Matrix2x2", "payoffs": [[[66,23],[100,28]],[[0,0],[42,11]]]},
"G351": {"type": "Matrix2x2", "payoffs": [[[3,75],[1,0]],[[6,95],[0,7]]]},
"G352": {"type": "Matrix2x2", "payoffs": [[[60,0],[25,29]],[[93,57],[0,44]]]},
"G353": {"type": "Matrix2x2", "payoffs": [[[30,0],[0,2]],[[18,21],[49,39]]]},
"G354": {"type": "Matrix2x2", "payoffs": [[[10,0],[24,26]],[[0,19],[46,84]]]},
"G355": {"type": "Matrix2x2", "payoffs": [[[0,53],[1,59]],[[8,0],[90,71]]]},
"G356": {"type": "Matrix2x2", "payoffs": [[[74,43],[47,0]],[[0,9],[49,28]]]},
"G357": {"type": "Matrix2x2", "payoffs": [[[46,10],[0,4]],[[98,19],[3,0]]]},
"G358": {"type": "Matrix2x2", "payoffs": [[[47,19],[0,3]],[[13,0],[23,5]]]},
"G359": {"type": "Matrix2x2", "payoffs": [[[18,17],[28,0]],[[66,25],[0,1]]]},
"G360": {"type": "Matrix2x2", "payoffs": [[[0,0],[1,11]],[[5,19],[7,27]]]},
"G361": {"type": "Matrix2x2", "payoffs": [[[97,5],[64,0]],[[100,7],[0,2]]]},
"G362": {"type": "Matrix2x2", "payoffs": [[[1,0],[2,19]],[[0,39],[3,91]]]},
"G363": {"type": "Matrix2x2", "payoffs": [[[33,3],[7,1]],[[0,2],[11,0]]]},
"G364": {"type": "Matrix2x2", "payoffs": [[[12,0],[0,43]],[[5,97],[31,99]]]},
"G365": {"type": "Matrix2x2", "payoffs": [[[58,1],[65,35]],[[0,0],[53,15]]]},
"G366": {"type": "Matrix2x2", "payoffs": [[[3,46],[0,0]],[[18,78],[6,58]]]},
"G367": {"type": "Matrix2x2", "payoffs": [[[5,13],[97,44]],[[91,19],[0,0]]]},
"G368": {"type": "Matrix2x2", "payoffs": [[[70,92],[0,0]],[[43,70],[12,29]]]},
"G369": {"type": "Matrix2x2", "payoffs": [[[6,18],[21,43]],[[5,11],[0,0]]]},
"G370": {"type": "Matrix2x2", "payoffs": [[[2,87],[0,0]],[[27,98],[25,47]]]},
"G371": {"type": "Matrix2x2", "payoffs": [[[82,60],[5,23]],[[0,33],[72,0]]]},
"G372": {"type": "Matrix2x2", "payoffs": [[[31,75],[0,0]],[[74,98],[40,84]]]},
"G373": {"type": "Matrix2x2", "payoffs": [[[13,70],[0,59]],[[12,0],[3,45]]]},
"G374": {"type": "Matrix2x2", "payoffs": [[[50,2],[96,5]],[[0,3],[22,0]]]},
"G375": {"type": "Matrix2x2", "payoffs": [[[60,26],[11,9]],[[0,5],[49,0]]]},
"G376": {"type": "Matrix2x2", "payoffs": [[[38,62],[0,12]],[[35,0],[12,48]]]},
"G377": {"type": "Matrix2x2", "payoffs": [[[99,21],[45,0]],[[0,8],[70,13]]]},
"G378": {"type": "Matrix2x2", "payoffs": [[[0,2],[7,4]],[[44,10],[37,0]]]},
"G379": {"type": "Matrix2x2", "payoffs": [[[49,7],[0,18]],[[90,26],[63,0]]]},
"G380": {"type": "Matrix2x2", "payoffs": [[[11,96],[6,0]],[[0,35],[4,63]]]},
"G381": {"type": "Matrix2x2", "payoffs": [[[5,35],[19,83]],[[10,0],[0,10]]]},
"G382": {"type": "Matrix2x2", "payoffs": [[[14,21],[7,2]],[[15,84],[0,0]]]},
"G383": {"type": "Matrix2x2", "payoffs": [[[91,89],[86,0]],[[0,64],[61,38]]]},
"G384": {"type": "Matrix2x2", "payoffs": [[[55,0],[66,23]],[[0,6],[19,17]]]},
"G385": {"type": "Matrix2x2", "payoffs": [[[0,3],[44,0]],[[45,48],[35,23]]]},
"G386": {"type": "Matrix2x2", "payoffs": [[[77,43],[32,0]],[[35,10],[0,28]]]},
"G387": {"type": "Matrix2x2", "payoffs": [[[23,4],[7,0]],[[0,18],[37,26]]]},
"G388": {"type": "Matrix2x2", "payoffs": [[[4,0],[23,41]],[[0,5],[16,28]]]},
"G389": {"type": "Matrix2x2", "payoffs": [[[28,14],[22,1]],[[6,2],[0,0]]]},
"G390": {"type": "Matrix2x2", "payoffs": [[[7,26],[12,44]],[[0,0],[9,34]]]},
"G391": {"type": "Matrix2x2", "payoffs": [[[90,73],[32,0]],[[0,22],[44,12]]]},
"G392": {"type": "Matrix2x2", "payoffs": [[[0,16],[5,0]],[[30,19],[99,52]]]},
"G393": {"type": "Matrix2x2", "payoffs": [[[37,0],[0,11]],[[45,99],[18,48]]]},
"G394": {"type": "Matrix2x2", "payoffs": [[[0,0],[48,20]],[[68,74],[89,81]]]},
"G395": {"type": "Matrix2x2", "payoffs": [[[0,66],[75,78]],[[28,0],[33,6]]]},
"G396": {"type": "Matrix2x2", "payoffs": [[[23,26],[26,31]],[[18,0],[0,28]]]},
"G397": {"type": "Matrix2x2", "payoffs": [[[45,17],[80,24]],[[51,0],[0,11]]]},
"G398": {"type": "Matrix2x2", "payoffs": [[[62,71],[60,0]],[[54,48],[0,54]]]},
"G399": {"type": "Matrix2x2", "payoffs": [[[19,37],[6,0]],[[0,6],[22,59]]]},
"G400": {"type": "Matrix2x2", "payoffs": [[[90,13],[19,0]],[[5,12],[0,1]]]},
"G401": {"type": "Matrix2x2", "payoffs": [[[26,0],[0,64]],[[37,89],[22,86]]]},
"G402": {"type": "Matrix2x2", "payoffs": [[[95,51],[69,32]],[[52,0],[0,39]]]},
"G403": {"type": "Matrix2x2", "payoffs": [[[31,28],[15,10]],[[2,0],[0,21]]]},
"G404": {"type": "Matrix2x2", "payoffs": [[[69,47],[17,19]],[[37,3],[0,0]]]},
"G405": {"type": "Matrix2x2", "payoffs": [[[0,31],[43,71]],[[38,0],[4,59]]]},
"G406": {"type": "Matrix2x2", "payoffs": [[[15,100],[0,51]],[[11,31],[6,0]]]},
"G407": {"type": "Matrix2x2", "payoffs": [[[14,0],[57,18]],[[0,69],[68,95]]]},
"G408": {"type": "Matrix2x2", "payoffs": [[[16,50],[0,41]],[[24,0],[32,100]]]},
"G409": {"type": "Matrix2x2", "payoffs": [[[0,0],[18,46]],[[15,24],[11,30]]]},
"G410": {"type": "Matrix2x2", "payoffs": [[[27,98],[25,92]],[[12,30],[0,0]]]},
"G411": {"type": "Matrix2x2", "payoffs": [[[36,69],[49,79]],[[0,58],[29,0]]]},
"G412": {"type": "Matrix2x2", "payoffs": [[[0,0],[79,26]],[[95,89],[66,68]]]},
"G413": {"type": "Matrix2x2", "payoffs": [[[41,16],[40,0]],[[54,76],[0,50]]]},
"G414": {"type": "Matrix2x2", "payoffs": [[[6,48],[0,29]],[[3,5],[4,0]]]},
"G415": {"type": "Matrix2x2", "payoffs": [[[27,80],[34,93]],[[32,54],[0,0]]]},
"G416": {"type": "Matrix2x2", "payoffs": [[[0,26],[19,8]],[[40,37],[2,0]]]},
"G417": {"type": "Matrix2x2", "payoffs": [[[60,44],[0,3]],[[10,6],[54,0]]]},
"G418": {"type": "Matrix2x2", "payoffs": [[[31,37],[21,0]],[[14,24],[0,29]]]},
"G419": {"type": "Matrix2x2", "payoffs": [[[18,74],[7,0]],[[0,27],[5,38]]]},
"G420": {"type": "Matrix2x2", "payoffs": [[[19,24],[6,0]],[[23,29],[0,8]]]},
"G421": {"type": "Matrix2x2", "payoffs": [[[0,15],[9,12]],[[26,0],[27,38]]]},
"G422": {"type": "Matrix2x2", "payoffs": [[[20,44],[56,34]],[[75,92],[0,0]]]},
"G423": {"type": "Matrix2x2", "payoffs": [[[74,35],[15,0]],[[0,17],[17,24]]]},
"G424": {"type": "Matrix2x2", "payoffs": [[[49,94],[33,0]],[[0,1],[3,75]]]},
"G425": {"type": "Matrix2x2", "payoffs": [[[33,6],[0,2]],[[52,0],[82,41]]]},
"G426": {"type": "Matrix2x2", "payoffs": [[[0,7],[61,99]],[[53,98],[41,0]]]},
"G427": {"type": "Matrix2x2", "payoffs": [[[80,61],[15,0]],[[28,29],[0,23]]]},
"G428": {"type": "Matrix2x2", "payoffs": [[[30,18],[1,24]],[[0,0],[61,49]]]},
"G429": {"type": "Matrix2x2", "payoffs": [[[39,15],[99,19]],[[50,2],[0,0]]]},
"G430": {"type": "Matrix2x2", "payoffs": [[[27,14],[0,0]],[[57,22],[6,9]]]},
"G431": {"type": "Matrix2x2", "payoffs": [[[2,0],[0,24]],[[3,9],[4,36]]]},
"G432": {"type": "Matrix2x2", "payoffs": [[[23,23],[3,0]],[[25,40],[0,6]]]},
"G433": {"type": "Matrix2x2", "payoffs": [[[0,0],[15,7]],[[5,3],[12,6]]]},
"G434": {"type": "Matrix2x2", "payoffs": [[[72,55],[65,46]],[[63,0],[0,39]]]},
"G435": {"type": "Matrix2x2", "payoffs": [[[2,63],[16,90]],[[0,0],[6,43]]]},
"G436": {"type": "Matrix2x2", "payoffs": [[[0,28],[75,57]],[[77,61],[25,0]]]},
"G437": {"type": "Matrix2x2", "payoffs": [[[0,45],[49,55]],[[40,10],[23,0]]]},
"G438": {"type": "Matrix2x2", "payoffs": [[[11,8],[0,6]],[[24,49],[9,0]]]},
"G439": {"type": "Matrix2x2", "payoffs": [[[17,3],[80,4]],[[92,8],[0,0]]]},
"G440": {"type": "Matrix2x2", "payoffs": [[[42,0],[70,94]],[[0,25],[20,43]]]},
"G441": {"type": "Matrix2x2", "payoffs": [[[0,11],[39,29]],[[66,0],[80,70]]]},
"G442": {"type": "Matrix2x2", "payoffs": [[[0,0],[51,32]],[[9,14],[29,16]]]},
"G443": {"type": "Matrix2x2", "payoffs": [[[0,67],[5,36]],[[79,75],[18,0]]]},
"G444": {"type": "Matrix2x2", "payoffs": [[[0,27],[3,74]],[[32,76],[13,0]]]},
"G445": {"type": "Matrix2x2", "payoffs": [[[6,3],[35,83]],[[1,46],[0,0]]]},
"G446": {"type": "Matrix2x2", "payoffs": [[[0,0],[20,1]],[[40,28],[10,13]]]},
"G447": {"type": "Matrix2x2", "payoffs": [[[40,59],[14,56]],[[0,1],[7,0]]]},
"G448": {"type": "Matrix2x2", "payoffs": [[[3,21],[1,14]],[[18,69],[0,0]]]},
"G449": {"type": "Matrix2x2", "payoffs": [[[0,24],[49,0]],[[84,38],[83,35]]]},
"G450": {"type": "Matrix2x2", "payoffs": [[[20,1],[0,0]],[[79,75],[6,48]]]},
"G451": {"type": "Matrix2x2", "payoffs": [[[9,0],[0,21]],[[53,28],[39,25]]]},
"G452": {"type": "Matrix2x2", "payoffs": [[[13,0],[0,67]],[[6,4],[28,79]]]},
"G453": {"type": "Matrix2x2", "payoffs": [[[4,7],[2,0]],[[0,4],[14,13]]]},
"G454": {"type": "Matrix2x2", "payoffs": [[[56,3],[12,2]],[[43,1],[0,0]]]},
"G455": {"type": "Matrix2x2", "payoffs": [[[19,2],[65,3]],[[0,0],[31,1]]]},
"G456": {"type": "Matrix2x2", "payoffs": [[[20,0],[0,19]],[[66,33],[51,20]]]},
"G457": {"type": "Matrix2x2", "payoffs": [[[0,14],[3,0]],[[28,23],[40,26]]]},
"G458": {"type": "Matrix2x2", "payoffs": [[[34,0],[33,13]],[[99,14],[0,12]]]},
"G459": {"type": "Matrix2x2", "payoffs": [[[39,61],[25,46]],[[0,25],[18,0]]]},
"G460": {"type": "Matrix2x2", "payoffs": [[[0,19],[3,0]],[[2,5],[30,49]]]},
"G461": {"type": "Matrix2x2", "payoffs": [[[22,0],[0,31]],[[93,61],[85,56]]]},
"G462": {"type": "Matrix2x2", "payoffs": [[[17,39],[40,49]],[[32,34],[0,0]]]},
"G463": {"type": "Matrix2x2", "payoffs": [[[75,25],[0,7]],[[24,2],[10,0]]]},
"G464": {"type": "Matrix2x2", "payoffs": [[[3,0],[0,7]],[[2,54],[4,56]]]},
"G465": {"type": "Matrix2x2", "payoffs": [[[66,35],[33,4]],[[13,7],[0,0]]]},
"G466": {"type": "Matrix2x2", "payoffs": [[[45,40],[0,14]],[[39,22],[27,0]]]},
"G467": {"type": "Matrix2x2", "payoffs": [[[32,7],[0,0]],[[24,3],[11,4]]]},
"G468": {"type": "Matrix2x2", "payoffs": [[[0,32],[10,0]],[[16,46],[11,42]]]},
"G469": {"type": "Matrix2x2", "payoffs": [[[0,0],[4,20]],[[3,25],[5,99]]]},
"G470": {"type": "Matrix2x2", "payoffs": [[[49,10],[0,7]],[[47,0],[21,8]]]},
"G471": {"type": "Matrix2x2", "payoffs": [[[6,2],[0,9]],[[11,13],[1,0]]]},
"G472": {"type": "Matrix2x2", "payoffs": [[[21,17],[35,8]],[[0,0],[69,19]]]},
"G473": {"type": "Matrix2x2", "payoffs": [[[3,0],[19,85]],[[0,67],[14,30]]]},
"G474": {"type": "Matrix2x2", "payoffs": [[[0,32],[19,0]],[[16,72],[31,89]]]},
"G475": {"type": "Matrix2x2", "payoffs": [[[3,14],[5,2]],[[6,37],[0,0]]]},
"G476": {"type": "Matrix2x2", "payoffs": [[[44,23],[8,37]],[[0,0],[67,79]]]},
"G477": {"type": "Matrix2x2", "payoffs": [[[47,0],[26,47]],[[0,19],[87,91]]]},
"G478": {"type": "Matrix2x2", "payoffs": [[[54,92],[15,0]],[[46,61],[0,86]]]},
"G479": {"type": "Matrix2x2", "payoffs": [[[14,25],[94,27]],[[0,0],[25,16]]]},
"G480": {"type": "Matrix2x2", "payoffs": [[[29,26],[20,10]],[[0,17],[24,0]]]},
"G481": {"type": "Matrix2x2", "payoffs": [[[26,28],[0,6]],[[5,0],[24,21]]]},
"G482": {"type": "Matrix2x2", "payoffs": [[[26,27],[0,0]],[[41,32],[18,14]]]},
"G483": {"type": "Matrix2x2", "payoffs": [[[25,54],[0,26]],[[16,21],[24,0]]]},
"G484": {"type": "Matrix2x2", "payoffs": [[[0,0],[4,1]],[[69,8],[41,2]]]},
"G485": {"type": "Matrix2x2", "payoffs": [[[0,0],[52,6]],[[74,1],[75,8]]]},
"G486": {"type": "Matrix2x2", "payoffs": [[[52,44],[0,0]],[[41,25],[47,38]]]},
"G487": {"type": "Matrix2x2", "payoffs": [[[0,27],[17,0]],[[18,11],[22,99]]]},
"G488": {"type": "Matrix2x2", "payoffs": [[[8,0],[31,40]],[[17,6],[0,29]]]},
"G489": {"type": "Matrix2x2", "payoffs": [[[0,49],[99,62]],[[68,48],[1,0]]]},
"G490": {"type": "Matrix2x2", "payoffs": [[[6,3],[37,20]],[[71,33],[0,0]]]},
"G491": {"type": "Matrix2x2", "payoffs": [[[31,16],[0,1]],[[22,7],[27,0]]]},
"G492": {"type": "Matrix2x2", "payoffs": [[[0,32],[5,38]],[[6,0],[16,55]]]},
"G493": {"type": "Matrix2x2", "payoffs": [[[5,13],[6,0]],[[0,6],[7,22]]]},
"G494": {"type": "Matrix2x2", "payoffs": [[[98,34],[44,0]],[[23,21],[0,27]]]},
"G495": {"type": "Matrix2x2", "payoffs": [[[17,82],[9,28]],[[0,0],[7,3]]]},
"G496": {"type": "Matrix2x2", "payoffs": [[[30,38],[33,98]],[[0,88],[16,0]]]},
"G497": {"type": "Matrix2x2", "payoffs": [[[13,52],[4,25]],[[0,0],[10,51]]]},
"G498": {"type": "Matrix2x2", "payoffs": [[[3,6],[0,0]],[[9,23],[2,9]]]},
"G499": {"type": "Matrix2x2", "payoffs": [[[32,55],[0,0]],[[49,12],[53,78]]]},
"G500": {"type": "Matrix2x2", "payoffs": [[[40,74],[64,96]],[[0,68],[5,0]]]},
"G501": {"type": "Matrix2x2", "payoffs": [[[72,29],[0,23]],[[26,0],[71,6]]]},
"G502": {"type": "Matrix2x2", "payoffs": [[[68,15],[10,9]],[[0,2],[56,0]]]},
"G503": {"type": "Matrix2x2", "payoffs": [[[0,0],[14,57]],[[4,56],[15,64]]]},
"G504": {"type": "Matrix2x2", "payoffs": [[[69,62],[27,26]],[[51,55],[0,0]]]},
"G505": {"type": "Matrix2x2", "payoffs": [[[15,10],[23,0]],[[0,12],[31,21]]]},
"G506": {"type": "Matrix2x2", "payoffs": [[[21,0],[19,28]],[[0,24],[26,77]]]},
"G507": {"type": "Matrix2x2", "payoffs": [[[50,8],[0,6]],[[24,3],[46,0]]]},
"G508": {"type": "Matrix2x2", "payoffs": [[[34,34],[0,0]],[[57,45],[25,16]]]},
"G509": {"type": "Matrix2x2", "payoffs": [[[11,57],[0,25]],[[3,0],[6,17]]]},
"G510": {"type": "Matrix2x2", "payoffs": [[[0,0],[8,32]],[[47,42],[4,38]]]},
"G511": {"type": "Matrix2x2", "payoffs": [[[0,0],[49,30]],[[99,70],[15,10]]]},
"G512": {"type": "Matrix2x2", "payoffs": [[[29,14],[0,13]],[[37,0],[85,19]]]},
"G513": {"type": "Matrix2x2", "payoffs": [[[27,44],[25,10]],[[11,36],[0,0]]]},
"G514": {"type": "Matrix2x2", "payoffs": [[[0,0],[10,34]],[[6,30],[1,25]]]},
"G515": {"type": "Matrix2x2", "payoffs": [[[0,7],[66,10]],[[46,3],[29,0]]]},
"G516": {"type": "Matrix2x2", "payoffs": [[[60,96],[42,70]],[[51,88],[0,0]]]},
"G517": {"type": "Matrix2x2", "payoffs": [[[70,6],[53,2]],[[11,5],[0,0]]]},
"G518": {"type": "Matrix2x2", "payoffs": [[[0,5],[5,35]],[[1,0],[6,53]]]},
"G519": {"type": "Matrix2x2", "payoffs": [[[8,92],[11,65]],[[15,99],[0,0]]]},
"G520": {"type": "Matrix2x2", "payoffs": [[[0,0],[90,9]],[[97,44],[64,8]]]},
"G521": {"type": "Matrix2x2", "payoffs": [[[14,82],[7,0]],[[0,62],[10,36]]]},
"G522": {"type": "Matrix2x2", "payoffs": [[[6,34],[55,57]],[[37,40],[0,0]]]},
"G523": {"type": "Matrix2x2", "payoffs": [[[14,25],[10,15]],[[0,0],[73,26]]]},
"G524": {"type": "Matrix2x2", "payoffs": [[[12,35],[0,37]],[[8,0],[13,69]]]},
"G525": {"type": "Matrix2x2", "payoffs": [[[28,10],[38,0]],[[61,16],[0,14]]]},
"G526": {"type": "Matrix2x2", "payoffs": [[[10,3],[17,1]],[[64,8],[0,0]]]},
"G527": {"type": "Matrix2x2", "payoffs": [[[9,77],[4,66]],[[7,52],[0,0]]]},
"G528": {"type": "Matrix2x2", "payoffs": [[[20,3],[0,0]],[[80,95],[71,19]]]},
"G529": {"type": "Matrix2x2", "payoffs": [[[0,0],[14,26]],[[27,84],[24,52]]]},
"G530": {"type": "Matrix2x2", "payoffs": [[[10,0],[48,54]],[[42,34],[0,28]]]},
"G531": {"type": "Matrix2x2", "payoffs": [[[0,36],[10,0]],[[57,69],[1,26]]]},
"G532": {"type": "Matrix2x2", "payoffs": [[[55,0],[58,98]],[[24,7],[0,52]]]},
"G533": {"type": "Matrix2x2", "payoffs": [[[0,0],[78,17]],[[23,14],[2,4]]]},
"G534": {"type": "Matrix2x2", "payoffs": [[[88,85],[19,36]],[[0,0],[52,50]]]},
"G535": {"type": "Matrix2x2", "payoffs": [[[4,0],[42,2]],[[57,7],[0,3]]]},
"G536": {"type": "Matrix2x2", "payoffs": [[[10,17],[0,8]],[[8,0],[4,1]]]},
"G537": {"type": "Matrix2x2", "payoffs": [[[10,40],[0,13]],[[88,0],[89,57]]]},
"G538": {"type": "Matrix2x2", "payoffs": [[[0,67],[37,8]],[[3,0],[39,92]]]},
"G539": {"type": "Matrix2x2", "payoffs": [[[93,78],[49,20]],[[0,49],[27,0]]]},
"G540": {"type": "Matrix2x2", "payoffs": [[[33,2],[2,0]],[[35,9],[0,3]]]},
"G541": {"type": "Matrix2x2", "payoffs": [[[96,35],[87,19]],[[50,0],[0,22]]]},
"G542": {"type": "Matrix2x2", "payoffs": [[[18,53],[0,26]],[[10,0],[4,28]]]},
"G543": {"type": "Matrix2x2", "payoffs": [[[1,0],[18,59]],[[0,7],[20,91]]]},
"G544": {"type": "Matrix2x2", "payoffs": [[[30,16],[47,17]],[[0,0],[10,12]]]},
"G545": {"type": "Matrix2x2", "payoffs": [[[70,29],[80,78]],[[0,0],[7,4]]]},
"G546": {"type": "Matrix2x2", "payoffs": [[[0,0],[20,73]],[[30,92],[24,34]]]},
"G547": {"type": "Matrix2x2", "payoffs": [[[83,34],[89,59]],[[24,0],[0,50]]]},
"G548": {"type": "Matrix2x2", "payoffs": [[[3,5],[0,0]],[[15,66],[6,48]]]},
"G549": {"type": "Matrix2x2", "payoffs": [[[0,50],[22,71]],[[16,0],[20,31]]]},
"G550": {"type": "Matrix2x2", "payoffs": [[[0,28],[65,53]],[[22,37],[38,0]]]},
"G551": {"type": "Matrix2x2", "payoffs": [[[7,16],[0,18]],[[23,20],[21,0]]]},
"G552": {"type": "Matrix2x2", "payoffs": [[[0,29],[17,0]],[[62,46],[32,38]]]},
"G553": {"type": "Matrix2x2", "payoffs": [[[6,7],[13,46]],[[0,0],[42,62]]]},
"G554": {"type": "Matrix2x2", "payoffs": [[[0,32],[2,39]],[[7,52],[4,0]]]},
"G555": {"type": "Matrix2x2", "payoffs": [[[76,0],[96,11]],[[0,2],[2,1]]]},
"G556": {"type": "Matrix2x2", "payoffs": [[[0,0],[11,2]],[[10,5],[16,6]]]},
"G557": {"type": "Matrix2x2", "payoffs": [[[49,6],[53,48]],[[32,0],[0,29]]]},
"G558": {"type": "Matrix2x2", "payoffs": [[[0,0],[49,77]],[[55,84],[30,81]]]},
"G559": {"type": "Matrix2x2", "payoffs": [[[0,0],[21,38]],[[36,48],[14,24]]]},
"G560": {"type": "Matrix2x2", "payoffs": [[[0,8],[63,0]],[[61,1],[71,9]]]},
"G561": {"type": "Matrix2x2", "payoffs": [[[18,5],[17,0]],[[0,25],[19,38]]]},
"G562": {"type": "Matrix2x2", "payoffs": [[[26,0],[0,44]],[[89,80],[62,28]]]},
"G563": {"type": "Matrix2x2", "payoffs": [[[0,8],[7,33]],[[82,65],[46,0]]]},
"G564": {"type": "Matrix2x2", "payoffs": [[[0,0],[7,23]],[[1,7],[6,14]]]},
"G565": {"type": "Matrix2x2", "payoffs": [[[47,51],[40,0]],[[0,16],[1,12]]]},
"G566": {"type": "Matrix2x2", "payoffs": [[[68,59],[26,64]],[[85,80],[0,0]]]},
"G567": {"type": "Matrix2x2", "payoffs": [[[2,25],[3,0]],[[10,31],[0,17]]]},
"G568": {"type": "Matrix2x2", "payoffs": [[[0,64],[4,11]],[[45,0],[64,69]]]},
"G569": {"type": "Matrix2x2", "payoffs": [[[22,2],[55,5]],[[0,3],[29,0]]]},
"G570": {"type": "Matrix2x2", "payoffs": [[[34,0],[100,78]],[[0,34],[72,61]]]},
"G571": {"type": "Matrix2x2", "payoffs": [[[30,33],[19,0]],[[0,16],[22,20]]]},
"G572": {"type": "Matrix2x2", "payoffs": [[[0,29],[83,39]],[[7,4],[42,0]]]},
"G573": {"type": "Matrix2x2", "payoffs": [[[4,43],[0,0]],[[17,70],[9,40]]]},
"G574": {"type": "Matrix2x2", "payoffs": [[[0,10],[3,2]],[[10,12],[7,0]]]},
"G575": {"type": "Matrix2x2", "payoffs": [[[22,31],[18,19]],[[14,9],[0,0]]]},
"G576": {"type": "Matrix2x2", "payoffs": [[[0,8],[68,4]],[[71,14],[22,0]]]},
"G577": {"type": "Matrix2x2", "payoffs": [[[47,25],[63,27]],[[56,20],[0,0]]]},
"G578": {"type": "Matrix2x2", "payoffs": [[[0,38],[33,3]],[[34,0],[62,44]]]},
"G579": {"type": "Matrix2x2", "payoffs": [[[62,0],[79,34]],[[0,2],[12,32]]]},
"G580": {"type": "Matrix2x2", "payoffs": [[[84,23],[30,21]],[[93,42],[0,0]]]},
"G581": {"type": "Matrix2x2", "payoffs": [[[0,73],[87,99]],[[22,3],[20,0]]]},
"G582": {"type": "Matrix2x2", "payoffs": [[[12,15],[60,51]],[[9,0],[0,9]]]},
"G583": {"type": "Matrix2x2", "payoffs": [[[17,53],[0,62]],[[19,67],[3,0]]]},
"G584": {"type": "Matrix2x2", "payoffs": [[[8,21],[0,30]],[[89,51],[4,0]]]},
"G585": {"type": "Matrix2x2", "payoffs": [[[1,5],[2,0]],[[8,29],[0,19]]]},
"G586": {"type": "Matrix2x2", "payoffs": [[[0,0],[67,58]],[[41,7],[5,25]]]},
"G587": {"type": "Matrix2x2", "payoffs": [[[7,0],[0,58]],[[69,88],[25,42]]]},
"G588": {"type": "Matrix2x2", "payoffs": [[[28,89],[11,2]],[[0,0],[20,48]]]},
"G589": {"type": "Matrix2x2", "payoffs": [[[10,99],[5,59]],[[9,68],[0,0]]]},
"G590": {"type": "Matrix2x2", "payoffs": [[[10,3],[17,6]],[[3,0],[0,1]]]},
"G591": {"type": "Matrix2x2", "payoffs": [[[11,4],[0,9]],[[8,0],[55,14]]]},
"G592": {"type": "Matrix2x2", "payoffs": [[[0,15],[37,32]],[[13,0],[12,24]]]},
"G593": {"type": "Matrix2x2", "payoffs": [[[14,6],[34,0]],[[68,77],[0,61]]]},
"G594": {"type": "Matrix2x2", "payoffs": [[[0,31],[49,20]],[[37,0],[90,71]]]},
"G595": {"type": "Matrix2x2", "payoffs": [[[9,16],[28,56]],[[17,0],[0,49]]]},
"G596": {"type": "Matrix2x2", "payoffs": [[[0,0],[69,33]],[[25,30],[75,63]]]},
"G597": {"type": "Matrix2x2", "payoffs": [[[65,18],[0,4]],[[46,0],[61,1]]]},
"G598": {"type": "Matrix2x2", "payoffs": [[[46,55],[0,29]],[[15,41],[18,0]]]},
"G599": {"type": "Matrix2x2", "payoffs": [[[10,2],[0,45]],[[18,50],[3,0]]]},
"G600": {"type": "Matrix2x2", "payoffs": [[[0,2],[8,20]],[[58,28],[17,0]]]},
"G601": {"type": "Matrix2x2", "payoffs": [[[0,7],[1,0]],[[17,34],[12,14]]]},
"G602": {"type": "Matrix2x2", "payoffs": [[[0,19],[44,95]],[[35,63],[6,0]]]},
"G603": {"type": "Matrix2x2", "payoffs": [[[60,68],[0,0]],[[28,67],[48,46]]]},
"G604": {"type": "Matrix2x2", "payoffs": [[[0,22],[33,24]],[[38,0],[55,28]]]},
"G605": {"type": "Matrix2x2", "payoffs": [[[5,0],[39,22]],[[41,82],[0,63]]]},
"G606": {"type": "Matrix2x2", "payoffs": [[[71,32],[91,50]],[[47,0],[0,9]]]},
"G607": {"type": "Matrix2x2", "payoffs": [[[11,15],[0,4]],[[7,0],[18,16]]]},
"G608": {"type": "Matrix2x2", "payoffs": [[[2,62],[0,75]],[[5,90],[4,0]]]},
"G609": {"type": "Matrix2x2", "payoffs": [[[21,44],[28,36]],[[51,58],[0,0]]]},
"G610": {"type": "Matrix2x2", "payoffs": [[[1,5],[32,11]],[[0,1],[25,0]]]},
"G611": {"type": "Matrix2x2", "payoffs": [[[0,13],[70,82]],[[65,0],[54,59]]]},
"G612": {"type": "Matrix2x2", "payoffs": [[[41,36],[9,0]],[[0,31],[47,53]]]},
"G613": {"type": "Matrix2x2", "payoffs": [[[5,0],[0,1]],[[4,2],[31,4]]]},
"G614": {"type": "Matrix2x2", "payoffs": [[[30,85],[26,74]],[[22,67],[0,0]]]},
"G615": {"type": "Matrix2x2", "payoffs": [[[4,46],[22,65]],[[0,0],[16,53]]]},
"G616": {"type": "Matrix2x2", "payoffs": [[[9,97],[6,0]],[[36,98],[0,58]]]},
"G617": {"type": "Matrix2x2", "payoffs": [[[0,26],[33,0]],[[11,21],[48,31]]]},
"G618": {"type": "Matrix2x2", "payoffs": [[[15,1],[52,0]],[[91,49],[0,6]]]},
"G619": {"type": "Matrix2x2", "payoffs": [[[85,76],[64,0]],[[28,29],[0,24]]]},
"G620": {"type": "Matrix2x2", "payoffs": [[[0,0],[48,5]],[[58,6],[56,1]]]},
"G621": {"type": "Matrix2x2", "payoffs": [[[1,20],[6,0]],[[0,9],[18,47]]]},
"G622": {"type": "Matrix2x2", "payoffs": [[[0,36],[8,43]],[[6,40],[7,0]]]},
"G623": {"type": "Matrix2x2", "payoffs": [[[44,2],[0,0]],[[64,16],[21,14]]]},
"G624": {"type": "Matrix2x2", "payoffs": [[[13,26],[17,24]],[[59,39],[0,0]]]},
"G625": {"type": "Matrix2x2", "payoffs": [[[49,0],[60,70]],[[0,66],[17,69]]]},
"G626": {"type": "Matrix2x2", "payoffs": [[[0,81],[24,0]],[[32,13],[56,87]]]},
"G627": {"type": "Matrix2x2", "payoffs": [[[13,0],[21,67]],[[0,62],[19,35]]]},
"G628": {"type": "Matrix2x2", "payoffs": [[[0,21],[51,75]],[[28,0],[26,12]]]},
"G629": {"type": "Matrix2x2", "payoffs": [[[0,54],[37,0]],[[65,92],[54,20]]]},
"G630": {"type": "Matrix2x2", "payoffs": [[[54,22],[17,12]],[[27,0],[0,4]]]},
"G631": {"type": "Matrix2x2", "payoffs": [[[53,31],[51,5]],[[0,0],[10,27]]]},
"G632": {"type": "Matrix2x2", "payoffs": [[[24,21],[4,26]],[[0,0],[43,60]]]},
"G633": {"type": "Matrix2x2", "payoffs": [[[65,24],[20,0]],[[0,22],[59,14]]]},
"G634": {"type": "Matrix2x2", "payoffs": [[[26,88],[84,91]],[[0,89],[5,0]]]},
"G635": {"type": "Matrix2x2", "payoffs": [[[0,44],[23,0]],[[2,50],[72,92]]]},
"G636": {"type": "Matrix2x2", "payoffs": [[[17,44],[36,59]],[[4,16],[0,0]]]},
"G637": {"type": "Matrix2x2", "payoffs": [[[0,17],[45,0]],[[30,15],[61,31]]]},
"G638": {"type": "Matrix2x2", "payoffs": [[[0,18],[61,97]],[[10,20],[9,0]]]},
"G639": {"type": "Matrix2x2", "payoffs": [[[11,0],[1,41]],[[0,23],[15,82]]]},
"G640": {"type": "Matrix2x2", "payoffs": [[[0,2],[6,21]],[[31,0],[56,62]]]},
"G641": {"type": "Matrix2x2", "payoffs": [[[7,2],[0,0]],[[3,3],[9,4]]]},
"G642": {"type": "Matrix2x2", "payoffs": [[[14,45],[10,0]],[[8,19],[0,6]]]},
"G643": {"type": "Matrix2x2", "payoffs": [[[30,2],[32,98]],[[2,0],[0,34]]]},
"G644": {"type": "Matrix2x2", "payoffs": [[[11,31],[10,14]],[[8,0],[0,26]]]},
"G645": {"type": "Matrix2x2", "payoffs": [[[45,2],[27,1]],[[0,0],[75,3]]]},
"G646": {"type": "Matrix2x2", "payoffs": [[[50,65],[34,0]],[[0,64],[29,16]]]},
"G647": {"type": "Matrix2x2", "payoffs": [[[75,33],[57,7]],[[27,3],[0,0]]]},
"G648": {"type": "Matrix2x2", "payoffs": [[[98,100],[89,31]],[[0,0],[17,1]]]},
"G649": {"type": "Matrix2x2", "payoffs": [[[0,35],[54,0]],[[87,38],[25,5]]]},
"G650": {"type": "Matrix2x2", "payoffs": [[[0,49],[29,2]],[[54,56],[23,0]]]},
"G651": {"type": "Matrix2x2", "payoffs": [[[15,3],[0,2]],[[21,9],[7,0]]]},
"G652": {"type": "Matrix2x2", "payoffs": [[[35,82],[30,53]],[[34,16],[0,0]]]},
"G653": {"type": "Matrix2x2", "payoffs": [[[0,7],[47,28]],[[75,0],[91,35]]]},
"G654": {"type": "Matrix2x2", "payoffs": [[[47,33],[81,41]],[[78,0],[0,24]]]},
"G655": {"type": "Matrix2x2", "payoffs": [[[64,42],[26,11]],[[0,0],[34,16]]]},
"G656": {"type": "Matrix2x2", "payoffs": [[[2,0],[0,19]],[[3,23],[1,11]]]},
"G657": {"type": "Matrix2x2", "payoffs": [[[33,37],[0,0]],[[48,45],[37,39]]]},
"G658": {"type": "Matrix2x2", "payoffs": [[[22,3],[49,92]],[[29,0],[0,66]]]},
"G659": {"type": "Matrix2x2", "payoffs": [[[46,12],[90,9]],[[96,33],[0,0]]]},
"G660": {"type": "Matrix2x2", "payoffs": [[[0,77],[69,83]],[[54,0],[15,56]]]},
"G661": {"type": "Matrix2x2", "payoffs": [[[61,31],[7,0]],[[35,17],[0,27]]]},
"G662": {"type": "Matrix2x2", "payoffs": [[[0,1],[22,16]],[[16,10],[6,0]]]},
"G663": {"type": "Matrix2x2", "payoffs": [[[12,0],[25,82]],[[35,86],[0,65]]]},
"G664": {"type": "Matrix2x2", "payoffs": [[[0,0],[12,7]],[[47,27],[36,1]]]},
"G665": {"type": "Matrix2x2", "payoffs": [[[0,8],[77,0]],[[70,10],[85,12]]]},
"G666": {"type": "Matrix2x2", "payoffs": [[[16,59],[76,78]],[[0,0],[72,39]]]},
"G667": {"type": "Matrix2x2", "payoffs": [[[0,30],[30,45]],[[56,80],[48,0]]]},
"G668": {"type": "Matrix2x2", "payoffs": [[[22,0],[72,85]],[[0,26],[44,17]]]},
"G669": {"type": "Matrix2x2", "payoffs": [[[92,60],[40,0]],[[0,10],[29,25]]]},
"G670": {"type": "Matrix2x2", "payoffs": [[[0,8],[46,6]],[[32,0],[51,9]]]},
"G671": {"type": "Matrix2x2", "payoffs": [[[0,13],[2,8]],[[1,0],[6,17]]]},
"G672": {"type": "Matrix2x2", "payoffs": [[[55,14],[13,6]],[[43,12],[0,0]]]},
"G673": {"type": "Matrix2x2", "payoffs": [[[61,39],[20,0]],[[0,32],[22,14]]]},
"G674": {"type": "Matrix2x2", "payoffs": [[[71,32],[0,19]],[[15,6],[68,0]]]},
"G675": {"type": "Matrix2x2", "payoffs": [[[6,54],[0,0]],[[17,36],[55,87]]]},
"G676": {"type": "Matrix2x2", "payoffs": [[[28,70],[0,0]],[[5,12],[26,49]]]},
"G677": {"type": "Matrix2x2", "payoffs": [[[0,0],[46,24]],[[45,15],[1,23]]]},
"G678": {"type": "Matrix2x2", "payoffs": [[[0,0],[69,8]],[[56,6],[1,1]]]},
"G679": {"type": "Matrix2x2", "payoffs": [[[88,14],[79,5]],[[42,0],[0,6]]]},
"G680": {"type": "Matrix2x2", "payoffs": [[[28,84],[0,15]],[[1,65],[3,0]]]},
"G681": {"type": "Matrix2x2", "payoffs": [[[0,0],[39,19]],[[18,8],[8,6]]]},
"G682": {"type": "Matrix2x2", "payoffs": [[[30,8],[0,1]],[[7,2],[8,0]]]},
"G683": {"type": "Matrix2x2", "payoffs": [[[19,0],[0,3]],[[5,4],[21,27]]]},
"G684": {"type": "Matrix2x2", "payoffs": [[[11,3],[1,5]],[[30,6],[0,0]]]},
"G685": {"type": "Matrix2x2", "payoffs": [[[0,44],[38,0]],[[52,59],[6,51]]]},
"G686": {"type": "Matrix2x2", "payoffs": [[[75,11],[0,0]],[[24,22],[84,30]]]},
"G687": {"type": "Matrix2x2", "payoffs": [[[21,0],[12,29]],[[0,65],[96,74]]]},
"G688": {"type": "Matrix2x2", "payoffs": [[[0,43],[18,27]],[[2,0],[50,88]]]},
"G689": {"type": "Matrix2x2", "payoffs": [[[0,24],[52,58]],[[55,0],[60,60]]]},
"G690": {"type": "Matrix2x2", "payoffs": [[[94,13],[0,11]],[[100,19],[48,0]]]},
"G691": {"type": "Matrix2x2", "payoffs": [[[6,7],[0,4]],[[31,8],[15,0]]]},
"G692": {"type": "Matrix2x2", "payoffs": [[[0,0],[6,18]],[[5,25],[11,72]]]},
"G693": {"type": "Matrix2x2", "payoffs": [[[4,33],[18,15]],[[20,64],[0,0]]]},
"G694": {"type": "Matrix2x2", "payoffs": [[[65,77],[0,48]],[[22,0],[58,41]]]},
"G695": {"type": "Matrix2x2", "payoffs": [[[0,0],[70,10]],[[52,7],[51,5]]]},
"G696": {"type": "Matrix2x2", "payoffs": [[[0,6],[25,13]],[[6,0],[13,4]]]},
"G697": {"type": "Matrix2x2", "payoffs": [[[45,24],[17,0]],[[21,21],[0,19]]]},
"G698": {"type": "Matrix2x2", "payoffs": [[[22,8],[0,0]],[[21,18],[41,25]]]},
"G699": {"type": "Matrix2x2", "payoffs": [[[6,16],[2,0]],[[0,86],[31,96]]]},
"G700": {"type": "Matrix2x2", "payoffs": [[[24,30],[66,16]],[[0,0],[80,35]]]},
"G701": {"type": "Matrix2x2", "payoffs": [[[0,49],[72,0]],[[76,54],[4,46]]]},
"G702": {"type": "Matrix2x2", "payoffs": [[[13,57],[0,10]],[[55,62],[18,0]]]},
"G703": {"type": "Matrix2x2", "payoffs": [[[55,72],[0,0]],[[48,24],[7,59]]]},
"G704": {"type": "Matrix2x2", "payoffs": [[[5,1],[38,7]],[[7,0],[0,5]]]},
"G705": {"type": "Matrix2x2", "payoffs": [[[6,16],[0,23]],[[23,0],[56,73]]]},
"G706": {"type": "Matrix2x2", "payoffs": [[[26,0],[36,50]],[[0,49],[2,37]]]},
"G707": {"type": "Matrix2x2", "payoffs": [[[40,79],[5,50]],[[8,45],[0,0]]]},
"G708": {"type": "Matrix2x2", "payoffs": [[[0,0],[13,8]],[[42,9],[35,7]]]},
"G709": {"type": "Matrix2x2", "payoffs": [[[29,45],[0,18]],[[48,0],[50,60]]]},
"G710": {"type": "Matrix2x2", "payoffs": [[[1,0],[3,2]],[[0,3],[4,16]]]},
"G711": {"type": "Matrix2x2", "payoffs": [[[12,34],[0,25]],[[10,7],[2,0]]]},
"G712": {"type": "Matrix2x2", "payoffs": [[[22,3],[96,9]],[[40,6],[0,0]]]},
"G713": {"type": "Matrix2x2", "payoffs": [[[94,52],[32,34]],[[0,29],[35,0]]]},
"G714": {"type": "Matrix2x2", "payoffs": [[[11,2],[3,5]],[[0,0],[22,9]]]},
"G715": {"type": "Matrix2x2", "payoffs": [[[39,2],[12,0]],[[45,3],[0,1]]]},
"G716": {"type": "Matrix2x2", "payoffs": [[[13,0],[0,7]],[[22,47],[16,28]]]},
"G717": {"type": "Matrix2x2", "payoffs": [[[14,73],[0,0]],[[15,96],[13,66]]]},
"G718": {"type": "Matrix2x2", "payoffs": [[[47,4],[85,54]],[[20,0],[0,27]]]},
"G719": {"type": "Matrix2x2", "payoffs": [[[24,71],[14,0]],[[0,59],[11,2]]]},
"G720": {"type": "Matrix2x2", "payoffs": [[[77,14],[78,15]],[[13,0],[0,2]]]},
"G721": {"type": "Matrix2x2", "payoffs": [[[24,2],[26,56]],[[0,0],[8,43]]]},
"G722": {"type": "Matrix2x2", "payoffs": [[[84,32],[74,0]],[[89,34],[0,6]]]},
"G723": {"type": "Matrix2x2", "payoffs": [[[54,56],[0,53]],[[65,76],[27,0]]]},
"G724": {"type": "Matrix2x2", "payoffs": [[[2,7],[3,0]],[[5,40],[0,1]]]},
"G725": {"type": "Matrix2x2", "payoffs": [[[0,6],[96,15]],[[38,12],[26,0]]]},
"G726": {"type": "Matrix2x2", "payoffs": [[[72,0],[22,74]],[[81,89],[0,56]]]},
"G727": {"type": "Matrix2x2", "payoffs": [[[23,19],[0,11]],[[37,0],[41,21]]]},
"G728": {"type": "Matrix2x2", "payoffs": [[[49,86],[36,0]],[[27,21],[0,54]]]},
"G729": {"type": "Matrix2x2", "payoffs": [[[17,65],[1,0]],[[0,17],[77,89]]]},
"G730": {"type": "Matrix2x2", "payoffs": [[[0,0],[32,47]],[[16,11],[28,36]]]},
"G731": {"type": "Matrix2x2", "payoffs": [[[75,19],[9,5]],[[54,0],[0,2]]]},
"G732": {"type": "Matrix2x2", "payoffs": [[[69,93],[0,17]],[[18,0],[1,53]]]},
"G733": {"type": "Matrix2x2", "payoffs": [[[41,15],[0,0]],[[33,4],[46,25]]]},
"G734": {"type": "Matrix2x2", "payoffs": [[[90,54],[0,22]],[[70,19],[8,0]]]},
"G735": {"type": "Matrix2x2", "payoffs": [[[34,0],[24,32]],[[0,6],[43,49]]]},
"G736": {"type": "Matrix2x2", "payoffs": [[[16,53],[0,20]],[[69,91],[24,0]]]},
"G737": {"type": "Matrix2x2", "payoffs": [[[6,3],[5,2]],[[0,0],[1,1]]]},
"G738": {"type": "Matrix2x2", "payoffs": [[[15,8],[41,67]],[[0,0],[27,11]]]},
"G739": {"type": "Matrix2x2", "payoffs": [[[6,0],[0,25]],[[49,31],[7,21]]]},
"G740": {"type": "Matrix2x2", "payoffs": [[[28,53],[61,79]],[[0,0],[35,51]]]},
"G741": {"type": "Matrix2x2", "payoffs": [[[82,54],[10,48]],[[0,49],[41,0]]]},
"G742": {"type": "Matrix2x2", "payoffs": [[[0,0],[19,82]],[[10,48],[9,27]]]},
"G743": {"type": "Matrix2x2", "payoffs": [[[45,48],[0,8]],[[25,41],[16,0]]]},
"G744": {"type": "Matrix2x2", "payoffs": [[[57,12],[0,1]],[[32,7],[13,0]]]},
"G745": {"type": "Matrix2x2", "payoffs": [[[0,2],[49,0]],[[22,1],[76,3]]]},
"G746": {"type": "Matrix2x2", "payoffs": [[[28,9],[94,35]],[[0,12],[56,0]]]},
"G747": {"type": "Matrix2x2", "payoffs": [[[12,8],[4,0]],[[18,92],[0,21]]]},
"G748": {"type": "Matrix2x2", "payoffs": [[[0,11],[24,57]],[[18,0],[16,1]]]},
"G749": {"type": "Matrix2x2", "payoffs": [[[2,14],[28,18]],[[0,0],[9,7]]]},
"G750": {"type": "Matrix2x2", "payoffs": [[[0,0],[24,95]],[[7,7],[15,13]]]},
"G751": {"type": "Matrix2x2", "payoffs": [[[99,29],[50,0]],[[0,1],[21,14]]]},
"G752": {"type": "Matrix2x2", "payoffs": [[[0,9],[21,17]],[[8,10],[7,0]]]},
"G753": {"type": "Matrix2x2", "payoffs": [[[24,28],[0,50]],[[61,83],[4,0]]]},
"G754": {"type": "Matrix2x2", "payoffs": [[[0,47],[16,5]],[[58,0],[66,67]]]},
"G755": {"type": "Matrix2x2", "payoffs": [[[27,16],[0,12]],[[18,0],[32,45]]]},
"G756": {"type": "Matrix2x2", "payoffs": [[[7,38],[25,37]],[[35,63],[0,0]]]},
"G757": {"type": "Matrix2x2", "payoffs": [[[0,11],[5,4]],[[8,27],[2,0]]]},
"G758": {"type": "Matrix2x2", "payoffs": [[[24,82],[5,0]],[[17,50],[0,80]]]},
"G759": {"type": "Matrix2x2", "payoffs": [[[0,61],[59,72]],[[8,0],[33,17]]]},
"G760": {"type": "Matrix2x2", "payoffs": [[[33,3],[94,5]],[[93,0],[0,1]]]},
"G761": {"type": "Matrix2x2", "payoffs": [[[0,18],[83,72]],[[42,0],[17,24]]]},
"G762": {"type": "Matrix2x2", "payoffs": [[[30,32],[11,25]],[[84,46],[0,0]]]},
"G763": {"type": "Matrix2x2", "payoffs": [[[4,8],[14,6]],[[0,0],[25,28]]]},
"G764": {"type": "Matrix2x2", "payoffs": [[[16,19],[1,12]],[[0,17],[7,0]]]},
"G765": {"type": "Matrix2x2", "payoffs": [[[0,0],[15,17]],[[93,29],[34,24]]]},
"G766": {"type": "Matrix2x2", "payoffs": [[[79,25],[0,77]],[[99,78],[3,0]]]},
"G767": {"type": "Matrix2x2", "payoffs": [[[0,86],[28,94]],[[10,50],[22,0]]]},
"G768": {"type": "Matrix2x2", "payoffs": [[[5,4],[4,0]],[[1,2],[0,1]]]},
"G769": {"type": "Matrix2x2", "payoffs": [[[0,0],[68,95]],[[27,45],[47,9]]]},
"G770": {"type": "Matrix2x2", "payoffs": [[[34,3],[0,1]],[[9,2],[27,0]]]},
"G771": {"type": "Matrix2x2", "payoffs": [[[10,0],[0,64]],[[2,59],[32,93]]]},
"G772": {"type": "Matrix2x2", "payoffs": [[[13,0],[0,9]],[[4,2],[17,11]]]},
"G773": {"type": "Matrix2x2", "payoffs": [[[85,92],[70,28]],[[0,0],[9,2]]]},
"G774": {"type": "Matrix2x2", "payoffs": [[[31,5],[12,48]],[[59,62],[0,0]]]},
"G775": {"type": "Matrix2x2", "payoffs": [[[15,51],[6,0]],[[0,12],[11,42]]]},
"G776": {"type": "Matrix2x2", "payoffs": [[[83,29],[61,7]],[[0,0],[15,1]]]},
"G777": {"type": "Matrix2x2", "payoffs": [[[39,60],[0,28]],[[34,0],[16,27]]]},
"G778": {"type": "Matrix2x2", "payoffs": [[[15,0],[31,18]],[[84,30],[0,13]]]},
"G779": {"type": "Matrix2x2", "payoffs": [[[0,22],[73,15]],[[2,0],[81,28]]]},
"G780": {"type": "Matrix2x2", "payoffs": [[[67,39],[13,36]],[[0,0],[73,54]]]},
"G781": {"type": "Matrix2x2", "payoffs": [[[75,46],[0,40]],[[6,20],[72,0]]]},
"G782": {"type": "Matrix2x2", "payoffs": [[[97,74],[0,0]],[[66,49],[3,33]]]},
"G783": {"type": "Matrix2x2", "payoffs": [[[44,2],[88,0]],[[95,6],[0,1]]]},
"G784": {"type": "Matrix2x2", "payoffs": [[[0,0],[1,26]],[[51,67],[26,60]]]},
"G785": {"type": "Matrix2x2", "payoffs": [[[59,11],[4,0]],[[0,4],[34,7]]]},
"G786": {"type": "Matrix2x2", "payoffs": [[[28,50],[45,11]],[[50,65],[0,0]]]},
"G787": {"type": "Matrix2x2", "payoffs": [[[9,30],[2,0]],[[0,66],[14,78]]]},
"G788": {"type": "Matrix2x2", "payoffs": [[[8,29],[47,76]],[[38,41],[0,0]]]},
"G789": {"type": "Matrix2x2", "payoffs": [[[32,0],[0,41]],[[23,33],[71,46]]]},
"G790": {"type": "Matrix2x2", "payoffs": [[[0,26],[25,84]],[[18,69],[12,0]]]},
"G791": {"type": "Matrix2x2", "payoffs": [[[0,3],[36,0]],[[62,36],[37,18]]]},
"G792": {"type": "Matrix2x2", "payoffs": [[[0,2],[38,3]],[[50,5],[13,0]]]},
"G793": {"type": "Matrix2x2", "payoffs": [[[6,21],[10,51]],[[5,0],[0,47]]]},
"G794": {"type": "Matrix2x2", "payoffs": [[[29,12],[12,9]],[[10,0],[0,6]]]},
"G795": {"type": "Matrix2x2", "payoffs": [[[0,0],[61,48]],[[64,81],[59,2]]]},
"G796": {"type": "Matrix2x2", "payoffs": [[[0,15],[8,0]],[[38,72],[41,82]]]},
"G797": {"type": "Matrix2x2", "payoffs": [[[0,43],[20,72]],[[10,22],[9,0]]]},
"G798": {"type": "Matrix2x2", "payoffs": [[[0,10],[17,57]],[[31,93],[28,0]]]},
"G799": {"type": "Matrix2x2", "payoffs": [[[43,24],[8,0]],[[0,31],[85,47]]]},
"G800": {"type": "Matrix2x2", "payoffs": [[[19,22],[23,0]],[[58,28],[0,6]]]},
"G801": {"type": "Matrix2x2", "payoffs": [[[0,0],[3,7]],[[52,43],[10,28]]]},
"G802": {"type": "Matrix2x2", "payoffs": [[[44,0],[52,16]],[[0,80],[91,84]]]},
"G803": {"type": "Matrix2x2", "payoffs": [[[81,22],[69,0]],[[50,2],[0,12]]]},
"G804": {"type": "Matrix2x2", "payoffs": [[[3,38],[8,37]],[[26,54],[0,0]]]},
"G805": {"type": "Matrix2x2", "payoffs": [[[22,5],[30,0]],[[0,26],[36,31]]]},
"G806": {"type": "Matrix2x2", "payoffs": [[[73,0],[0,39]],[[65,48],[84,59]]]},
"G807": {"type": "Matrix2x2", "payoffs": [[[39,22],[14,15]],[[0,8],[3,0]]]},
"G808": {"type": "Matrix2x2", "payoffs": [[[0,11],[45,0]],[[41,9],[66,24]]]},
"G809": {"type": "Matrix2x2", "payoffs": [[[27,82],[24,57]],[[0,78],[6,0]]]},
"G810": {"type": "Matrix2x2", "payoffs": [[[12,0],[2,14]],[[60,26],[0,1]]]},
"G811": {"type": "Matrix2x2", "payoffs": [[[5,0],[42,4]],[[68,8],[0,5]]]},
"G812": {"type": "Matrix2x2", "payoffs": [[[32,7],[0,0]],[[78,45],[21,34]]]},
"G813": {"type": "Matrix2x2", "payoffs": [[[40,0],[35,12]],[[86,14],[0,3]]]},
"G814": {"type": "Matrix2x2", "payoffs": [[[69,26],[55,6]],[[0,0],[26,14]]]},
"G815": {"type": "Matrix2x2", "payoffs": [[[6,27],[12,58]],[[11,12],[0,0]]]},
"G816": {"type": "Matrix2x2", "payoffs": [[[0,38],[48,0]],[[67,63],[24,11]]]},
"G817": {"type": "Matrix2x2", "payoffs": [[[0,1],[13,21]],[[18,84],[11,0]]]},
"G818": {"type": "Matrix2x2", "payoffs": [[[0,0],[9,8]],[[19,60],[3,54]]]},
"G819": {"type": "Matrix2x2", "payoffs": [[[38,0],[0,39]],[[49,50],[4,12]]]},
"G820": {"type": "Matrix2x2", "payoffs": [[[97,54],[0,0]],[[94,44],[82,33]]]},
"G821": {"type": "Matrix2x2", "payoffs": [[[17,19],[7,50]],[[0,0],[19,64]]]},
"G822": {"type": "Matrix2x2", "payoffs": [[[3,29],[0,37]],[[99,96],[71,0]]]},
"G823": {"type": "Matrix2x2", "payoffs": [[[46,81],[0,62]],[[43,0],[35,46]]]},
"G824": {"type": "Matrix2x2", "payoffs": [[[33,6],[0,0]],[[80,68],[70,40]]]},
"G825": {"type": "Matrix2x2", "payoffs": [[[0,14],[29,28]],[[32,30],[20,0]]]},
"G826": {"type": "Matrix2x2", "payoffs": [[[3,40],[0,0]],[[31,43],[78,48]]]},
"G827": {"type": "Matrix2x2", "payoffs": [[[0,10],[38,4]],[[24,0],[46,11]]]},
"G828": {"type": "Matrix2x2", "payoffs": [[[11,0],[41,95]],[[0,59],[39,69]]]},
"G829": {"type": "Matrix2x2", "payoffs": [[[63,47],[81,60]],[[7,0],[0,33]]]},
"G830": {"type": "Matrix2x2", "payoffs": [[[36,95],[0,2]],[[14,0],[9,12]]]},
"G831": {"type": "Matrix2x2", "payoffs": [[[7,25],[8,7]],[[0,0],[9,92]]]},
"G832": {"type": "Matrix2x2", "payoffs": [[[4,6],[2,0]],[[0,2],[73,7]]]},
"G833": {"type": "Matrix2x2", "payoffs": [[[39,18],[0,0]],[[6,59],[71,96]]]},
"G834": {"type": "Matrix2x2", "payoffs": [[[3,38],[0,64]],[[15,0],[31,99]]]},
"G835": {"type": "Matrix2x2", "payoffs": [[[0,0],[12,46]],[[35,31],[46,90]]]},
"G836": {"type": "Matrix2x2", "payoffs": [[[0,9],[6,0]],[[8,21],[2,8]]]},
"G837": {"type": "Matrix2x2", "payoffs": [[[15,22],[9,5]],[[6,0],[0,20]]]},
"G838": {"type": "Matrix2x2", "payoffs": [[[13,5],[89,12]],[[88,0],[0,7]]]},
"G839": {"type": "Matrix2x2", "payoffs": [[[3,0],[68,10]],[[0,4],[100,13]]]},
"G840": {"type": "Matrix2x2", "payoffs": [[[38,78],[24,0]],[[0,35],[27,76]]]},
"G841": {"type": "Matrix2x2", "payoffs": [[[25,10],[66,27]],[[49,20],[0,0]]]},
"G842": {"type": "Matrix2x2", "payoffs": [[[0,1],[31,0]],[[96,7],[57,4]]]},
"G843": {"type": "Matrix2x2", "payoffs": [[[80,26],[76,23]],[[3,12],[0,0]]]},
"G844": {"type": "Matrix2x2", "payoffs": [[[12,54],[0,0]],[[9,29],[21,95]]]},
"G845": {"type": "Matrix2x2", "payoffs": [[[16,0],[12,55]],[[75,95],[0,53]]]},
"G846": {"type": "Matrix2x2", "payoffs": [[[99,54],[7,37]],[[22,0],[0,45]]]},
"G847": {"type": "Matrix2x2", "payoffs": [[[23,2],[0,0]],[[83,76],[11,64]]]},
"G848": {"type": "Matrix2x2", "payoffs": [[[62,49],[0,33]],[[70,94],[47,0]]]},
"G849": {"type": "Matrix2x2", "payoffs": [[[0,41],[29,0]],[[32,25],[35,85]]]},
"G850": {"type": "Matrix2x2", "payoffs": [[[12,87],[0,0]],[[47,89],[42,84]]]},
"G851": {"type": "Matrix2x2", "payoffs": [[[32,76],[21,0]],[[0,66],[28,46]]]},
"G852": {"type": "Matrix2x2", "payoffs": [[[0,37],[2,4]],[[34,0],[43,48]]]},
"G853": {"type": "Matrix2x2", "payoffs": [[[0,65],[5,0]],[[23,68],[8,13]]]},
"G854": {"type": "Matrix2x2", "payoffs": [[[0,40],[5,41]],[[2,0],[12,52]]]},
"G855": {"type": "Matrix2x2", "payoffs": [[[30,43],[15,0]],[[0,31],[29,15]]]},
"G856": {"type": "Matrix2x2", "payoffs": [[[25,6],[17,0]],[[30,52],[0,21]]]},
"G857": {"type": "Matrix2x2", "payoffs": [[[4,0],[63,47]],[[0,29],[52,39]]]},
"G858": {"type": "Matrix2x2", "payoffs": [[[0,0],[4,19]],[[11,29],[7,21]]]},
"G859": {"type": "Matrix2x2", "payoffs": [[[4,5],[35,14]],[[0,7],[29,0]]]},
"G860": {"type": "Matrix2x2", "payoffs": [[[0,18],[84,31]],[[13,1],[79,0]]]},
"G861": {"type": "Matrix2x2", "payoffs": [[[75,11],[59,4]],[[0,0],[53,5]]]},
"G862": {"type": "Matrix2x2", "payoffs": [[[74,76],[26,0]],[[0,21],[68,47]]]},
"G863": {"type": "Matrix2x2", "payoffs": [[[0,9],[41,12]],[[25,0],[53,34]]]},
"G864": {"type": "Matrix2x2", "payoffs": [[[94,5],[0,2]],[[24,4],[28,0]]]},
"G865": {"type": "Matrix2x2", "payoffs": [[[2,0],[4,48]],[[1,6],[0,19]]]},
"G866": {"type": "Matrix2x2", "payoffs": [[[71,13],[68,11]],[[0,0],[63,1]]]},
"G867": {"type": "Matrix2x2", "payoffs": [[[0,0],[6,63]],[[7,67],[1,65]]]},
"G868": {"type": "Matrix2x2", "payoffs": [[[23,15],[28,51]],[[26,0],[0,7]]]},
"G869": {"type": "Matrix2x2", "payoffs": [[[58,44],[31,0]],[[15,42],[0,7]]]},
"G870": {"type": "Matrix2x2", "payoffs": [[[34,20],[4,19]],[[0,9],[3,0]]]},
"G871": {"type": "Matrix2x2", "payoffs": [[[54,0],[55,100]],[[0,40],[8,14]]]},
"G872": {"type": "Matrix2x2", "payoffs": [[[87,12],[0,1]],[[22,4],[50,0]]]},
"G873": {"type": "Matrix2x2", "payoffs": [[[0,0],[32,19]],[[38,75],[44,80]]]},
"G874": {"type": "Matrix2x2", "payoffs": [[[0,1],[1,2]],[[11,0],[22,3]]]},
"G875": {"type": "Matrix2x2", "payoffs": [[[31,10],[0,1]],[[7,0],[15,2]]]},
"G876": {"type": "Matrix2x2", "payoffs": [[[76,48],[9,0]],[[0,18],[69,4]]]},
"G877": {"type": "Matrix2x2", "payoffs": [[[51,0],[0,9]],[[66,34],[18,21]]]},
"G878": {"type": "Matrix2x2", "payoffs": [[[0,25],[16,78]],[[8,0],[1,40]]]},
"G879": {"type": "Matrix2x2", "payoffs": [[[24,0],[0,30]],[[17,59],[48,95]]]},
"G880": {"type": "Matrix2x2", "payoffs": [[[0,0],[14,33]],[[15,38],[32,54]]]},
"G881": {"type": "Matrix2x2", "payoffs": [[[14,28],[0,42]],[[51,0],[91,69]]]},
"G882": {"type": "Matrix2x2", "payoffs": [[[0,0],[48,53]],[[3,36],[26,1]]]},
"G883": {"type": "Matrix2x2", "payoffs": [[[0,1],[7,0]],[[10,15],[2,5]]]},
"G884": {"type": "Matrix2x2", "payoffs": [[[0,9],[80,21]],[[90,0],[98,53]]]},
"G885": {"type": "Matrix2x2", "payoffs": [[[34,28],[52,17]],[[0,0],[71,50]]]},
"G886": {"type": "Matrix2x2", "payoffs": [[[43,47],[0,0]],[[80,61],[50,8]]]},
"G887": {"type": "Matrix2x2", "payoffs": [[[0,64],[20,5]],[[21,76],[11,0]]]},
"G888": {"type": "Matrix2x2", "payoffs": [[[77,3],[31,2]],[[36,1],[0,0]]]},
"G889": {"type": "Matrix2x2", "payoffs": [[[18,38],[0,43]],[[27,48],[5,0]]]},
"G890": {"type": "Matrix2x2", "payoffs": [[[76,5],[0,1]],[[74,0],[28,2]]]},
"G891": {"type": "Matrix2x2", "payoffs": [[[0,0],[47,8]],[[5,19],[56,25]]]},
"G892": {"type": "Matrix2x2", "payoffs": [[[0,6],[1,0]],[[62,30],[23,24]]]},
"G893": {"type": "Matrix2x2", "payoffs": [[[52,11],[44,2]],[[4,0],[0,4]]]},
"G894": {"type": "Matrix2x2", "payoffs": [[[21,6],[0,0]],[[19,7],[28,29]]]},
"G895": {"type": "Matrix2x2", "payoffs": [[[12,100],[9,0]],[[0,43],[5,49]]]},
"G896": {"type": "Matrix2x2", "payoffs": [[[0,0],[2,34]],[[35,47],[10,25]]]},
"G897": {"type": "Matrix2x2", "payoffs": [[[50,75],[43,36]],[[52,100],[0,0]]]},
"G898": {"type": "Matrix2x2", "payoffs": [[[18,0],[32,73]],[[3,26],[0,8]]]},
"G899": {"type": "Matrix2x2", "payoffs": [[[36,16],[38,35]],[[39,79],[0,0]]]},
"G900": {"type": "Matrix2x2", "payoffs": [[[14,40],[0,0]],[[100,77],[27,52]]]},
"G901": {"type": "Matrix2x2", "payoffs": [[[0,3],[78,41]],[[75,0],[57,33]]]},
"G902": {"type": "Matrix2x2", "payoffs": [[[15,0],[17,9]],[[21,30],[0,17]]]},
"G903": {"type": "Matrix2x2", "payoffs": [[[22,0],[92,5]],[[93,13],[0,10]]]},
"G904": {"type": "Matrix2x2", "payoffs": [[[32,44],[56,61]],[[0,15],[29,0]]]},
"G905": {"type": "Matrix2x2", "payoffs": [[[25,18],[0,14]],[[62,23],[50,0]]]},
"G906": {"type": "Matrix2x2", "payoffs": [[[5,41],[1,8]],[[0,0],[38,71]]]},
"G907": {"type": "Matrix2x2", "payoffs": [[[27,22],[58,38]],[[10,20],[0,0]]]},
"G908": {"type": "Matrix2x2", "payoffs": [[[51,21],[36,0]],[[60,63],[0,23]]]},
"G909": {"type": "Matrix2x2", "payoffs": [[[0,68],[10,0]],[[8,29],[12,97]]]},
"G910": {"type": "Matrix2x2", "payoffs": [[[1,18],[0,30]],[[100,41],[91,0]]]},
"G911": {"type": "Matrix2x2", "payoffs": [[[21,24],[0,70]],[[42,0],[70,78]]]},
"G912": {"type": "Matrix2x2", "payoffs": [[[1,0],[0,19]],[[11,56],[44,73]]]},
"G913": {"type": "Matrix2x2", "payoffs": [[[12,1],[3,48]],[[0,0],[14,75]]]},
"G914": {"type": "Matrix2x2", "payoffs": [[[10,25],[0,0]],[[55,41],[17,14]]]},
"G915": {"type": "Matrix2x2", "payoffs": [[[0,0],[1,40]],[[3,45],[2,27]]]},
"G916": {"type": "Matrix2x2", "payoffs": [[[0,18],[77,27]],[[7,0],[70,9]]]},
"G917": {"type": "Matrix2x2", "payoffs": [[[12,45],[16,24]],[[0,0],[36,80]]]},
"G918": {"type": "Matrix2x2", "payoffs": [[[4,0],[31,41]],[[89,75],[0,73]]]},
"G919": {"type": "Matrix2x2", "payoffs": [[[0,22],[74,0]],[[60,18],[83,50]]]},
"G920": {"type": "Matrix2x2", "payoffs": [[[0,0],[80,75]],[[60,56],[34,31]]]},
"G921": {"type": "Matrix2x2", "payoffs": [[[21,0],[80,25]],[[0,13],[33,9]]]},
"G922": {"type": "Matrix2x2", "payoffs": [[[49,10],[30,4]],[[0,0],[61,12]]]},
"G923": {"type": "Matrix2x2", "payoffs": [[[10,45],[12,46]],[[4,0],[0,23]]]},
"G924": {"type": "Matrix2x2", "payoffs": [[[36,6],[51,63]],[[0,14],[48,0]]]},
"G925": {"type": "Matrix2x2", "payoffs": [[[21,25],[2,0]],[[0,4],[32,42]]]},
"G926": {"type": "Matrix2x2", "payoffs": [[[6,37],[4,0]],[[0,6],[2,15]]]},
"G927": {"type": "Matrix2x2", "payoffs": [[[0,37],[79,49]],[[73,0],[75,8]]]},
"G928": {"type": "Matrix2x2", "payoffs": [[[0,71],[69,5]],[[20,0],[94,77]]]},
"G929": {"type": "Matrix2x2", "payoffs": [[[33,0],[0,24]],[[44,27],[11,9]]]},
"G930": {"type": "Matrix2x2", "payoffs": [[[20,21],[24,47]],[[0,0],[27,97]]]},
"G931": {"type": "Matrix2x2", "payoffs": [[[33,6],[35,20]],[[0,2],[2,0]]]},
"G932": {"type": "Matrix2x2", "payoffs": [[[16,55],[9,0]],[[0,49],[7,36]]]},
"G933": {"type": "Matrix2x2", "payoffs": [[[0,30],[15,68]],[[2,0],[14,48]]]},
"G934": {"type": "Matrix2x2", "payoffs": [[[1,2],[0,0]],[[3,4],[5,29]]]},
"G935": {"type": "Matrix2x2", "payoffs": [[[10,33],[14,78]],[[2,0],[0,67]]]},
"G936": {"type": "Matrix2x2", "payoffs": [[[0,0],[38,2]],[[26,4],[56,6]]]},
"G937": {"type": "Matrix2x2", "payoffs": [[[0,0],[45,5]],[[47,59],[25,42]]]},
"G938": {"type": "Matrix2x2", "payoffs": [[[28,9],[30,36]],[[0,0],[35,49]]]},
"G939": {"type": "Matrix2x2", "payoffs": [[[0,35],[85,41]],[[34,15],[59,0]]]},
"G940": {"type": "Matrix2x2", "payoffs": [[[39,0],[83,69]],[[7,66],[0,9]]]},
"G941": {"type": "Matrix2x2", "payoffs": [[[6,0],[99,72]],[[24,11],[0,9]]]},
"G942": {"type": "Matrix2x2", "payoffs": [[[5,23],[0,7]],[[4,0],[1,5]]]},
"G943": {"type": "Matrix2x2", "payoffs": [[[22,28],[24,39]],[[23,35],[0,0]]]},
"G944": {"type": "Matrix2x2", "payoffs": [[[82,91],[0,67]],[[42,83],[77,0]]]},
"G945": {"type": "Matrix2x2", "payoffs": [[[41,6],[0,2]],[[73,9],[10,0]]]},
"G946": {"type": "Matrix2x2", "payoffs": [[[0,15],[8,5]],[[14,0],[18,43]]]},
"G947": {"type": "Matrix2x2", "payoffs": [[[83,11],[24,10]],[[0,9],[41,0]]]},
"G948": {"type": "Matrix2x2", "payoffs": [[[95,63],[0,52]],[[85,55],[53,0]]]},
"G949": {"type": "Matrix2x2", "payoffs": [[[0,43],[67,97]],[[15,0],[14,52]]]},
"G950": {"type": "Matrix2x2", "payoffs": [[[66,76],[0,67]],[[65,0],[3,1]]]},
"G951": {"type": "Matrix2x2", "payoffs": [[[0,35],[17,5]],[[27,44],[4,0]]]},
"G952": {"type": "Matrix2x2", "payoffs": [[[0,45],[67,0]],[[73,78],[2,55]]]},
"G953": {"type": "Matrix2x2", "payoffs": [[[0,0],[37,70]],[[39,18],[53,73]]]},
"G954": {"type": "Matrix2x2", "payoffs": [[[13,64],[9,0]],[[60,71],[0,69]]]},
"G955": {"type": "Matrix2x2", "payoffs": [[[51,100],[8,0]],[[0,52],[16,19]]]},
"G956": {"type": "Matrix2x2", "payoffs": [[[18,0],[27,6]],[[29,60],[0,22]]]},
"G957": {"type": "Matrix2x2", "payoffs": [[[0,0],[74,42]],[[97,50],[75,8]]]},
"G958": {"type": "Matrix2x2", "payoffs": [[[4,83],[0,70]],[[1,0],[3,33]]]},
"G959": {"type": "Matrix2x2", "payoffs": [[[0,5],[31,10]],[[15,0],[35,11]]]},
"G960": {"type": "Matrix2x2", "payoffs": [[[85,36],[0,0]],[[38,1],[60,8]]]},
"G961": {"type": "Matrix2x2", "payoffs": [[[32,20],[0,0]],[[98,30],[22,26]]]},
"G962": {"type": "Matrix2x2", "payoffs": [[[7,18],[0,15]],[[8,0],[48,20]]]},
"G963": {"type": "Matrix2x2", "payoffs": [[[0,0],[1,6]],[[56,7],[8,5]]]},
"G964": {"type": "Matrix2x2", "payoffs": [[[70,12],[0,0]],[[95,44],[86,19]]]},
"G965": {"type": "Matrix2x2", "payoffs": [[[93,21],[0,0]],[[69,12],[19,5]]]},
"G966": {"type": "Matrix2x2", "payoffs": [[[9,15],[31,0]],[[0,21],[70,64]]]},
"G967": {"type": "Matrix2x2", "payoffs": [[[12,0],[17,20]],[[18,26],[0,10]]]},
"G968": {"type": "Matrix2x2", "payoffs": [[[1,0],[3,99]],[[2,90],[0,87]]]},
"G969": {"type": "Matrix2x2", "payoffs": [[[2,73],[12,100]],[[1,50],[0,0]]]},
"G970": {"type": "Matrix2x2", "payoffs": [[[40,32],[0,0]],[[10,7],[41,48]]]},
"G971": {"type": "Matrix2x2", "payoffs": [[[47,20],[24,19]],[[0,0],[30,16]]]},
"G972": {"type": "Matrix2x2", "payoffs": [[[1,31],[72,95]],[[55,35],[0,0]]]},
"G973": {"type": "Matrix2x2", "payoffs": [[[0,0],[26,53]],[[33,54],[1,36]]]},
"G974": {"type": "Matrix2x2", "payoffs": [[[0,31],[3,0]],[[15,93],[6,49]]]},
"G975": {"type": "Matrix2x2", "payoffs": [[[28,44],[13,0]],[[0,18],[54,60]]]},
"G976": {"type": "Matrix2x2", "payoffs": [[[0,86],[19,89]],[[28,95],[6,0]]]},
"G977": {"type": "Matrix2x2", "payoffs": [[[77,80],[16,0]],[[0,66],[5,14]]]},
"G978": {"type": "Matrix2x2", "payoffs": [[[8,0],[23,90]],[[0,60],[10,40]]]},
"G979": {"type": "Matrix2x2", "payoffs": [[[6,14],[33,16]],[[76,34],[0,0]]]},
"G980": {"type": "Matrix2x2", "payoffs": [[[71,28],[0,0]],[[82,78],[67,3]]]},
"G981": {"type": "Matrix2x2", "payoffs": [[[14,25],[0,51]],[[34,82],[28,0]]]},
"G982": {"type": "Matrix2x2", "payoffs": [[[47,24],[36,23]],[[46,21],[0,0]]]},
"G983": {"type": "Matrix2x2", "payoffs": [[[0,1],[44,0]],[[50,16],[54,20]]]},
"G984": {"type": "Matrix2x2", "payoffs": [[[8,59],[0,0]],[[56,82],[41,61]]]},
"G985": {"type": "Matrix2x2", "payoffs": [[[41,3],[0,0]],[[5,14],[58,22]]]},
"G986": {"type": "Matrix2x2", "payoffs": [[[18,29],[37,62]],[[0,0],[56,88]]]},
"G987": {"type": "Matrix2x2", "payoffs": [[[55,75],[18,0]],[[53,15],[0,68]]]},
"G988": {"type": "Matrix2x2", "payoffs": [[[9,0],[0,12]],[[58,29],[69,59]]]},
"G989": {"type": "Matrix2x2", "payoffs": [[[14,0],[7,82]],[[16,99],[0,13]]]},
"G990": {"type": "Matrix2x2", "payoffs": [[[0,16],[2,73]],[[12,0],[28,79]]]},
"G991": {"type": "Matrix2x2", "payoffs": [[[0,0],[66,91]],[[49,31],[65,56]]]},
"G992": {"type": "Matrix2x2", "payoffs": [[[20,6],[92,50]],[[0,36],[66,0]]]},
"G993": {"type": "Matrix2x2", "payoffs": [[[8,49],[7,38]],[[0,42],[5,0]]]},
"G994": {"type": "Matrix2x2", "payoffs": [[[8,88],[4,0]],[[0,83],[1,3]]]},
"G995": {"type": "Matrix2x2", "payoffs": [[[31,83],[7,21]],[[0,0],[13,7]]]},
"G996": {"type": "Matrix2x2", "payoffs": [[[31,0],[71,46]],[[0,5],[6,36]]]},
"G997": {"type": "Matrix2x2", "payoffs": [[[0,13],[1,0]],[[3,21],[2,5]]]},
"G998": {"type": "Matrix2x2", "payoffs": [[[53,47],[38,19]],[[0,0],[35,11]]]},
"G999": {"type": "Matrix2x2", "payoffs": [[[74,66],[32,0]],[[0,17],[48,59]]]},
"G1000": {"type": "Matrix2x2", "payoffs": [[[77,71],[0,0]],[[52,47],[86,82]]]}
}