{
"numGames": 100,
"G1": {"type": "Matrix2x2", "payoffs": [[[9,3],[16,5]],[[0,4],[4,0]]]},
"G2": {"type": "Matrix2x2", "payoffs": [[[0,5],[35,4]],[[51,0],[79,9]]]},
"G3": {"type": "Matrix2x2", "payoffs": [[[2,0],[3,53]],[[0,41],[1,16]]]},
"G4": {"type": "Matrix2x2", "payoffs": [[[0,0],[7,30]],[[26,31],[35,60]]]},
"G5": {"type": "Matrix2x2", "payoffs": [[[23,31],[34,43]],[[0,36],[4,0]]]},
"G6": {"type": "Matrix2x2", "payoffs": [[[42,42],[41,23]],[[3,0],[0,28]]]},
"G7": {"type": "Matrix2x2", "payoffs": [[[93,4],[36,0]],[[0,2],[28,1]]]},
"G8": {"type": "Matrix2x2", "payoffs": [[[12,51],[77,88]],[[0,54],[64,0]]]},
"G9": {"type": "Matrix2x2", "payoffs": [[[89,2],[93,3]],[[0,1],[15,0]]]},
"G10": {"type": "Matrix2x2", "payoffs": [[[28,15],[0,12]],[[10,0],[8,8]]]},
"G11": {"type": "Matrix2x2", "payoffs": [[[45,59],[16,44]],[[19,0],[0,45]]]},
"G12": {"type": "Matrix2x2", "payoffs": [[[43,15],[49,33]],[[0,21],[5,0]]]},
"G13": {"type": "Matrix2x2", "payoffs": [[[93,12],[84,1]],[[17,0],[0,9]]]},
"G14": {"type": "Matrix2x2", "payoffs": [[[39,22],[0,0]],[[12,5],[42,39]]]},
"G15": {"type": "Matrix2x2", "payoffs": [[[36,58],[4,31]],[[91,61],[0,0]]]},
"G16": {"type": "Matrix2x2", "payoffs": [[[4,69],[65,98]],[[8,0],[0,38]]]},
"G17": {"type": "Matrix2x2", "payoffs": [[[16,1],[0,0]],[[4,5],[21,23]]]},
"G18": {"type": "Matrix2x2", "payoffs": [[[19,25],[15,21]],[[8,8],[0,0]]]},
"G19": {"type": "Matrix2x2", "payoffs": [[[0,8],[64,68]],[[1,0],[71,82]]]},
"G20": {"type": "Matrix2x2", "payoffs": [[[62,11],[34,4]],[[0,0],[47,9]]]},
"G21": {"type": "Matrix2x2", "payoffs": [[[56,66],[44,36]],[[26,13],[0,0]]]},
"G22": {"type": "Matrix2x2", "payoffs": [[[7,0],[14,83]],[[5,47],[0,70]]]},
"G23": {"type": "Matrix2x2", "payoffs": [[[0,12],[64,0]],[[61,2],[80,77]]]},
"G24": {"type": "Matrix2x2", "payoffs": [[[9,0],[11,55]],[[0,20],[6,5]]]},
"G25": {"type": "Matrix2x2", "payoffs": [[[0,0],[12,1]],[[18,66],[16,59]]]},
"G26": {"type": "Matrix2x2", "payoffs": [[[37,15],[93,23]],[[0,9],[1,0]]]},
"G27": {"type": "Matrix2x2", "payoffs": [[[46,10],[0,7]],[[31,1],[22,0]]]},
"G28": {"type": "Matrix2x2", "payoffs": [[[11,85],[0,0]],[[4,19],[7,32]]]},
"G29": {"type": "Matrix2x2", "payoffs": [[[0,0],[91,27]],[[100,78],[32,75]]]},
"G30": {"type": "Matrix2x2", "payoffs": [[[0,4],[7,0]],[[19,25],[5,24]]]},
"G31": {"type": "Matrix2x2", "payoffs": [[[17,38],[28,20]],[[62,77],[0,0]]]},
"G32": {"type": "Matrix2x2", "payoffs": [[[18,0],[23,24]],[[0,7],[21,19]]]},
"G33": {"type": "Matrix2x2", "payoffs": [[[2,0],[0,2]],[[3,8],[1,5]]]},
"G34": {"type": "Matrix2x2", "payoffs": [[[11,3],[85,5]],[[0,4],[58,0]]]},
"G35": {"type": "Matrix2x2", "payoffs": [[[6,36],[7,73]],[[13,80],[0,0]]]},
"G36": {"type": "Matrix2x2", "payoffs": [[[100,4],[0,0]],[[67,1],[99,3]]]},
"G37": {"type": "Matrix2x2", "payoffs": [[[16,0],[9,1]],[[27,12],[0,2]]]},
"G38": {"type": "Matrix2x2", "payoffs": [[[1,63],[11,92]],[[10,44],[0,0]]]},
"G39": {"type": "Matrix2x2", "payoffs": [[[13,0],[29,40]],[[0,32],[28,14]]]},
"G40": {"type": "Matrix2x2", "payoffs": [[[0,3],[67,0]],[[82,93],[34,85]]]},
"G41": {"type": "Matrix2x2", "payoffs": [[[5,0],[7,26]],[[1,21],[0,25]]]},
"G42": {"type": "Matrix2x2", "payoffs": [[[23,83],[0,0]],[[11,67],[59,87]]]},
"G43": {"type": "Matrix2x2", "payoffs": [[[2,50],[1,60]],[[0,0],[6,86]]]},
"G44": {"type": "Matrix2x2", "payoffs": [[[77,0],[0,66]],[[34,44],[92,96]]]},
"G45": {"type": "Matrix2x2", "payoffs": [[[28,0],[3,63]],[[49,90],[0,76]]]},
"G46": {"type": "Matrix2x2", "payoffs": [[[85,89],[71,35]],[[63,36],[0,0]]]},
"G47": {"type": "Matrix2x2", "payoffs": [[[31,0],[71,65]],[[0,41],[70,14]]]},
"G48": {"type": "Matrix2x2", "payoffs": [[[0,1],[5,0]],[[31,7],[37,37]]]},
"G49": {"type": "Matrix2x2", "payoffs": [[[0,29],[2,0]],[[9,70],[6,46]]]},
"G50": {"type": "Matrix2x2", "payoffs": [[[0,6],[52,52]],[[2,38],[18,0]]]},
"G51": {"type": "Matrix2x2", "payoffs": [[[29,19],[61,31]],[[0,0],[21,21]]]},
"G52": {"type": "Matrix2x2", "payoffs": [[[0,2],[10,6]],[[2,0],[13,7]]]},
"G53": {"type": "Matrix2x2", "payoffs": [[[0,76],[61,0]],[[62,78],[29,71]]]},
"G54": {"type": "Matrix2x2", "payoffs": [[[11,0],[13,15]],[[0,11],[20,22]]]},
"G55": {"type": "Matrix2x2", "payoffs": [[[63,85],[0,40]],[[23,47],[35,0]]]},
"G56": {"type": "Matrix2x2", "payoffs": [[[0,0],[10,33]],[[4,20],[9,13]]]},
"G57": {"type": "Matrix2x2", "payoffs": [[[1,0],[16,40]],[[0,16],[12,4]]]},
"G58": {"type": "Matrix2x2", "payoffs": [[[0,51],[86,64]],[[11,41],[35,0]]]},
"G59": {"type": "Matrix2x2", "payoffs": [[[38,5],[39,40]],[[0,19],[5,0]]]},
"G60": {"type": "Matrix2x2", "payoffs": [[[47,97],[43,21]],[[2,75],[0,0]]]},
"G61": {"type": "Matrix2x2", "payoffs": [[[45,77],[21,71]],[[29,3],[0,0]]]},
"G62": {"type": "Matrix2x2", "payoffs": [[[3,34],[30,63]],[[26,23],[0,0]]]},
"G63": {"type": "Matrix2x2", "payoffs": [[[30,11],[39,79]],[[6,36],[0,0]]]},
"G64": {"type": "Matrix2x2", "payoffs": [[[28,14],[49,33]],[[13,0],[0,11]]]},
"G65": {"type": "Matrix2x2", "payoffs": [[[24,22],[1,0]],[[9,10],[0,7]]]},
"G66": {"type": "Matrix2x2", "payoffs": [[[3,68],[20,92]],[[16,28],[0,0]]]},
"G67": {"type": "Matrix2x2", "payoffs": [[[78,57],[25,49]],[[0,33],[38,0]]]},
"G68": {"type": "Matrix2x2", "payoffs": [[[0,57],[26,60]],[[11,0],[2,32]]]},
"G69": {"type": "Matrix2x2", "payoffs": [[[0,0],[61,12]],[[69,92],[53,25]]]},
"G70": {"type": "Matrix2x2", "payoffs": [[[0,0],[7,13]],[[11,3],[72,26]]]},
"G71": {"type": "Matrix2x2", "payoffs": [[[47,6],[33,2]],[[5,0],[0,3]]]},
"G72": {"type": "Matrix2x2", "payoffs": [[[5,0],[35,52]],[[0,33],[63,54]]]},
"G73": {"type": "Matrix2x2", "payoffs": [[[0,24],[45,0]],[[2,18],[47,50]]]},
"G74": {"type": "Matrix2x2", "payoffs": [[[0,0],[59,95]],[[33,7],[10,76]]]},
"G75": {"type": "Matrix2x2", "payoffs": [[[16,0],[98,62]],[[0,59],[66,54]]]},
"G76": {"type": "Matrix2x2", "payoffs": [[[0,36],[10,76]],[[6,8],[8,0]]]},
"G77": {"type": "Matrix2x2", "payoffs": [[[0,27],[16,55]],[[7,10],[5,0]]]},
"G78": {"type": "Matrix2x2", "payoffs": [[[0,0],[2,9]],[[15,18],[6,15]]]},
"G79": {"type": "Matrix2x2", "payoffs": [[[22,82],[44,90]],[[5,89],[0,0]]]},
"G80": {"type": "Matrix2x2", "payoffs": [[[15,5],[0,41]],[[33,57],[7,0]]]},
"G81": {"type": "Matrix2x2", "payoffs": [[[95,77],[3,43]],[[0,0],[42,20]]]},
"G82": {"type": "Matrix2x2", "payoffs": [[[4,0],[0,74]],[[5,41],[18,94]]]},
"G83": {"type": "Matrix2x2", "payoffs": [[[8,0],[9,3]],[[13,21],[0,5]]]},
"G84": {"type": "Matrix2x2", "payoffs": [[[97,20],[0,16]],[[100,21],[19,0]]]},
"G85": {"type": "Matrix2x2", "payoffs": [[[90,37],[54,0]],[[0,2],[91,42]]]},
"G86": {"type": "Matrix2x2", "payoffs": [[[36,63],[99,83]],[[85,0],[0,24]]]},
"G87": {"type": "Matrix2x2", "payoffs": [[[31,0],[1,23]],[[0,15],[41,25]]]},
"G88": {"type": "Matrix2x2", "payoffs": [[[9,44],[16,46]],[[0,19],[14,0]]]},
"G89": {"type": "Matrix2x2", "payoffs": [[[0,0],[64,6]],[[2,38],[97,40]]]},
"G90": {"type": "Matrix2x2", "payoffs": [[[0,53],[64,81]],[[44,69],[17,0]]]},
"G91": {"type": "Matrix2x2", "payoffs": [[[0,0],[58,66]],[[66,67],[5,25]]]},
"G92": {"type": "Matrix2x2", "payoffs": [[[0,50],[55,61]],[[24,46],[1,0]]]},
"G93": {"type": "Matrix2x2", "payoffs": [[[74,60],[91,80]],[[0,0],[87,46]]]},
"G94": {"type": "Matrix2x2", "payoffs": [[[43,57],[0,0]],[[17,48],[3,3]]]},
"G95": {"type": "Matrix2x2", "payoffs": [[[40,0],[1,32]],[[59,46],[0,37]]]},
"G96": {"type": "Matrix2x2", "payoffs": [[[11,82],[56,87]],[[0,36],[39,0]]]},
"G97": {"type": "Matrix2x2", "payoffs": [[[48,47],[0,14]],[[15,0],[16,45]]]},
"G98": {"type": "Matrix2x2", "payoffs": [[[80,40],[67,0]],[[0,32],[40,16]]]},
"G99": {"type": "Matrix2x2", "payoffs": [[[64,5],[0,1]],[[2,0],[68,6]]]},
"G100": {"type": "Matrix2x2", "payoffs": [[[23,0],[24,27]],[[0,18],[9,8]]]}
}