{
"numGames": 1000,
"G1": {"type": "Matrix2x2", "payoffs": [[[0,1],[12,38]],[[7,19],[9,0]]]},
"G2": {"type": "Matrix2x2", "payoffs": [[[0,19],[48,5]],[[32,0],[55,24]]]},
"G3": {"type": "Matrix2x2", "payoffs": [[[69,5],[0,3]],[[98,7],[79,0]]]},
"G4": {"type": "Matrix2x2", "payoffs": [[[35,61],[29,32]],[[0,0],[4,1]]]},
"G5": {"type": "Matrix2x2", "payoffs": [[[0,13],[24,19]],[[9,0],[6,3]]]},
"G6": {"type": "Matrix2x2", "payoffs": [[[0,0],[23,24]],[[33,4],[94,47]]]},
"G7": {"type": "Matrix2x2", "payoffs": [[[1,10],[93,31]],[[0,0],[89,4]]]},
"G8": {"type": "Matrix2x2", "payoffs": [[[0,0],[69,6]],[[87,45],[49,17]]]},
"G9": {"type": "Matrix2x2", "payoffs": [[[8,0],[50,44]],[[41,30],[0,33]]]},
"G10": {"type": "Matrix2x2", "payoffs": [[[0,0],[20,40]],[[77,58],[29,49]]]},
"G11": {"type": "Matrix2x2", "payoffs": [[[0,25],[73,0]],[[55,2],[100,90]]]},
"G12": {"type": "Matrix2x2", "payoffs": [[[15,13],[0,0]],[[12,12],[3,3]]]},
"G13": {"type": "Matrix2x2", "payoffs": [[[24,70],[7,11]],[[15,0],[0,28]]]},
"G14": {"type": "Matrix2x2", "payoffs": [[[15,26],[0,11]],[[16,0],[18,42]]]},
"G15": {"type": "Matrix2x2", "payoffs": [[[31,73],[8,0]],[[13,36],[0,6]]]},
"G16": {"type": "Matrix2x2", "payoffs": [[[0,12],[3,0]],[[39,10],[57,25]]]},
"G17": {"type": "Matrix2x2", "payoffs": [[[20,25],[69,29]],[[29,0],[0,22]]]},
"G18": {"type": "Matrix2x2", "payoffs": [[[0,58],[6,64]],[[1,46],[4,0]]]},
"G19": {"type": "Matrix2x2", "payoffs": [[[45,0],[57,67]],[[41,18],[0,53]]]},
"G20": {"type": "Matrix2x2", "payoffs": [[[3,10],[98,68]],[[77,49],[0,0]]]},
"G21": {"type": "Matrix2x2", "payoffs": [[[0,0],[47,58]],[[37,52],[49,61]]]},
"G22": {"type": "Matrix2x2", "payoffs": [[[36,0],[93,94]],[[0,77],[3,44]]]},
"G23": {"type": "Matrix2x2", "payoffs": [[[68,32],[56,9]],[[0,0],[49,12]]]},
"G24": {"type": "Matrix2x2", "payoffs": [[[73,50],[67,48]],[[0,0],[46,28]]]},
"G25": {"type": "Matrix2x2", "payoffs": [[[29,91],[0,2]],[[27,0],[1,58]]]},
"G26": {"type": "Matrix2x2", "payoffs": [[[7,28],[3,23]],[[0,0],[10,30]]]},
"G27": {"type": "Matrix2x2", "payoffs": [[[15,86],[7,10]],[[14,0],[0,47]]]},
"G28": {"type": "Matrix2x2", "payoffs": [[[1,1],[17,9]],[[4,0],[0,3]]]},
"G29": {"type": "Matrix2x2", "payoffs": [[[0,53],[18,68]],[[75,0],[82,69]]]},
"G30": {"type": "Matrix2x2", "payoffs": [[[0,0],[6,32]],[[4,29],[2,24]]]},
"G31": {"type": "Matrix2x2", "payoffs": [[[56,17],[77,0]],[[87,31],[0,3]]]},
"G32": {"type": "Matrix2x2", "payoffs": [[[17,0],[0,4]],[[71,16],[35,12]]]},
"G33": {"type": "Matrix2x2", "payoffs": [[[21,13],[0,69]],[[34,83],[3,0]]]},
"G34": {"type": "Matrix2x2", "payoffs": [[[0,39],[24,48]],[[3,23],[8,0]]]},
"G35": {"type": "Matrix2x2", "payoffs": [[[26,2],[48,0]],[[0,4],[98,12]]]},
"G36": {"type": "Matrix2x2", "payoffs": [[[23,1],[38,5]],[[0,0],[60,7]]]},
"G37": {"type": "Matrix2x2", "payoffs": [[[16,71],[3,54]],[[0,56],[1,0]]]},
"G38": {"type": "Matrix2x2", "payoffs": [[[80,25],[31,0]],[[0,11],[100,51]]]},
"G39": {"type": "Matrix2x2", "payoffs": [[[27,0],[37,87]],[[17,37],[0,32]]]},
"G40": {"type": "Matrix2x2", "payoffs": [[[0,5],[83,70]],[[81,0],[14,1]]]},
"G41": {"type": "Matrix2x2", "payoffs": [[[68,51],[19,38]],[[0,0],[66,46]]]},
"G42": {"type": "Matrix2x2", "payoffs": [[[42,67],[22,7]],[[39,12],[0,0]]]},
"G43": {"type": "Matrix2x2", "payoffs": [[[80,9],[82,17]],[[52,11],[0,0]]]},
"G44": {"type": "Matrix2x2", "payoffs": [[[6,83],[0,18]],[[5,0],[4,74]]]},
"G45": {"type": "Matrix2x2", "payoffs": [[[0,0],[51,18]],[[16,1],[36,13]]]},
"G46": {"type": "Matrix2x2", "payoffs": [[[16,0],[57,92]],[[38,86],[0,66]]]},
"G47": {"type": "Matrix2x2", "payoffs": [[[23,0],[0,3]],[[1,17],[73,42]]]},
"G48": {"type": "Matrix2x2", "payoffs": [[[79,64],[7,3]],[[8,0],[0,8]]]},
"G49": {"type": "Matrix2x2", "payoffs": [[[5,6],[6,42]],[[0,22],[4,0]]]},
"G50": {"type": "Matrix2x2", "payoffs": [[[0,0],[43,14]],[[51,28],[86,61]]]},
"G51": {"type": "Matrix2x2", "payoffs": [[[36,31],[39,16]],[[54,94],[0,0]]]},
"G52": {"type": "Matrix2x2", "payoffs": [[[41,16],[0,11]],[[40,0],[26,4]]]},
"G53": {"type": "Matrix2x2", "payoffs": [[[64,80],[0,0]],[[41,2],[45,51]]]},
"G54": {"type": "Matrix2x2", "payoffs": [[[58,38],[26,28]],[[24,36],[0,0]]]},
"G55": {"type": "Matrix2x2", "payoffs": [[[0,0],[87,10]],[[76,4],[90,31]]]},
"G56": {"type": "Matrix2x2", "payoffs": [[[0,21],[14,26]],[[12,0],[69,32]]]},
"G57": {"type": "Matrix2x2", "payoffs": [[[30,29],[28,6]],[[22,23],[0,0]]]},
"G58": {"type": "Matrix2x2", "payoffs": [[[91,0],[74,34]],[[100,79],[0,50]]]},
"G59": {"type": "Matrix2x2", "payoffs": [[[0,18],[7,22]],[[6,21],[5,0]]]},
"G60": {"type": "Matrix2x2", "payoffs": [[[28,39],[9,55]],[[29,59],[0,0]]]},
"G61": {"type": "Matrix2x2", "payoffs": [[[57,20],[0,0]],[[24,14],[72,38]]]},
"G62": {"type": "Matrix2x2", "payoffs": [[[6,72],[11,0]],[[29,88],[0,62]]]},
"G63": {"type": "Matrix2x2", "payoffs": [[[48,20],[8,19]],[[18,0],[0,5]]]},
"G64": {"type": "Matrix2x2", "payoffs": [[[8,14],[2,12]],[[7,13],[0,0]]]},
"G65": {"type": "Matrix2x2", "payoffs": [[[51,42],[41,4]],[[0,36],[23,0]]]},
"G66": {"type": "Matrix2x2", "payoffs": [[[21,5],[0,13]],[[42,0],[69,78]]]},
"G67": {"type": "Matrix2x2", "payoffs": [[[11,20],[0,2]],[[29,0],[36,40]]]},
"G68": {"type": "Matrix2x2", "payoffs": [[[21,58],[50,0]],[[53,65],[0,19]]]},
"G69": {"type": "Matrix2x2", "payoffs": [[[16,0],[0,76]],[[2,32],[73,90]]]},
"G70": {"type": "Matrix2x2", "payoffs": [[[55,35],[0,28]],[[14,20],[12,0]]]},
"G71": {"type": "Matrix2x2", "payoffs": [[[37,13],[1,6]],[[40,42],[0,0]]]},
"G72": {"type": "Matrix2x2", "payoffs": [[[0,9],[6,0]],[[22,32],[30,49]]]},
"G73": {"type": "Matrix2x2", "payoffs": [[[63,63],[32,51]],[[0,0],[28,41]]]},
"G74": {"type": "Matrix2x2", "payoffs": [[[50,2],[11,3]],[[59,6],[0,0]]]},
"G75": {"type": "Matrix2x2", "payoffs": [[[22,0],[91,64]],[[2,23],[0,6]]]},
"G76": {"type": "Matrix2x2", "payoffs": [[[17,16],[0,41]],[[53,0],[54,82]]]},
"G77": {"type": "Matrix2x2", "payoffs": [[[0,43],[12,0]],[[13,46],[24,70]]]},
"G78": {"type": "Matrix2x2", "payoffs": [[[1,9],[12,70]],[[3,0],[0,58]]]},
"G79": {"type": "Matrix2x2", "payoffs": [[[4,14],[0,52]],[[16,59],[15,0]]]},
"G80": {"type": "Matrix2x2", "payoffs": [[[71,7],[53,16]],[[75,37],[0,0]]]},
"G81": {"type": "Matrix2x2", "payoffs": [[[38,89],[26,0]],[[0,10],[52,99]]]},
"G82": {"type": "Matrix2x2", "payoffs": [[[0,1],[90,3]],[[37,2],[64,0]]]},
"G83": {"type": "Matrix2x2", "payoffs": [[[0,64],[52,0]],[[78,80],[63,61]]]},
"G84": {"type": "Matrix2x2", "payoffs": [[[14,64],[0,0]],[[13,31],[8,21]]]},
"G85": {"type": "Matrix2x2", "payoffs": [[[54,59],[26,0]],[[42,35],[0,46]]]},
"G86": {"type": "Matrix2x2", "payoffs": [[[0,11],[65,16]],[[96,22],[29,0]]]},
"G87": {"type": "Matrix2x2", "payoffs": [[[7,75],[0,0]],[[6,39],[5,31]]]},
"G88": {"type": "Matrix2x2", "payoffs": [[[68,43],[100,64]],[[0,0],[54,18]]]},
"G89": {"type": "Matrix2x2", "payoffs": [[[56,62],[13,0]],[[40,28],[0,2]]]},
"G90": {"type": "Matrix2x2", "payoffs": [[[6,2],[69,6]],[[0,0],[21,5]]]},
"G91": {"type": "Matrix2x2", "payoffs": [[[59,94],[43,0]],[[0,54],[37,46]]]},
"G92": {"type": "Matrix2x2", "payoffs": [[[59,74],[0,0]],[[13,61],[14,55]]]},
"G93": {"type": "Matrix2x2", "payoffs": [[[8,87],[7,77]],[[5,76],[0,0]]]},
"G94": {"type": "Matrix2x2", "payoffs": [[[2,0],[57,3]],[[65,10],[0,4]]]},
"G95": {"type": "Matrix2x2", "payoffs": [[[5,27],[27,90]],[[18,64],[0,0]]]},
"G96": {"type": "Matrix2x2", "payoffs": [[[75,59],[39,5]],[[0,0],[16,13]]]},
"G97": {"type": "Matrix2x2", "payoffs": [[[4,25],[0,3]],[[8,40],[1,0]]]},
"G98": {"type": "Matrix2x2", "payoffs": [[[0,52],[4,0]],[[25,65],[10,1]]]},
"G99": {"type": "Matrix2x2", "payoffs": [[[21,33],[37,67]],[[0,0],[27,1]]]},
"G100": {"type": "Matrix2x2", "payoffs": [[[0,7],[26,31]],[[23,6],[21,0]]]},
"G101": {"type": "Matrix2x2", "payoffs": [[[0,18],[18,4]],[[86,29],[36,0]]]},
"G102": {"type": "Matrix2x2", "payoffs": [[[21,16],[0,0]],[[30,14],[72,95]]]},
"G103": {"type": "Matrix2x2", "payoffs": [[[4,15],[0,22]],[[5,0],[16,36]]]},
"G104": {"type": "Matrix2x2", "payoffs": [[[25,38],[0,0]],[[38,24],[54,54]]]},
"G105": {"type": "Matrix2x2", "payoffs": [[[0,13],[42,78]],[[2,0],[24,43]]]},
"G106": {"type": "Matrix2x2", "payoffs": [[[85,90],[0,0]],[[9,29],[15,71]]]},
"G107": {"type": "Matrix2x2", "payoffs": [[[32,0],[60,29]],[[0,8],[1,11]]]},
"G108": {"type": "Matrix2x2", "payoffs": [[[7,0],[64,84]],[[15,54],[0,52]]]},
"G109": {"type": "Matrix2x2", "payoffs": [[[0,6],[36,0]],[[75,28],[54,20]]]},
"G110": {"type": "Matrix2x2", "payoffs": [[[25,0],[0,69]],[[30,61],[72,71]]]},
"G111": {"type": "Matrix2x2", "payoffs": [[[44,0],[29,5]],[[77,12],[0,1]]]},
"G112": {"type": "Matrix2x2", "payoffs": [[[0,21],[32,80]],[[2,0],[61,83]]]},
"G113": {"type": "Matrix2x2", "payoffs": [[[91,23],[11,1]],[[0,0],[61,8]]]},
"G114": {"type": "Matrix2x2", "payoffs": [[[57,69],[0,0]],[[28,65],[36,4]]]},
"G115": {"type": "Matrix2x2", "payoffs": [[[28,2],[71,29]],[[47,24],[0,0]]]},
"G116": {"type": "Matrix2x2", "payoffs": [[[77,14],[84,19]],[[0,4],[31,0]]]},
"G117": {"type": "Matrix2x2", "payoffs": [[[61,0],[75,76]],[[0,31],[18,11]]]},
"G118": {"type": "Matrix2x2", "payoffs": [[[0,19],[59,21]],[[34,12],[28,0]]]},
"G119": {"type": "Matrix2x2", "payoffs": [[[25,24],[45,60]],[[0,0],[42,37]]]},
"G120": {"type": "Matrix2x2", "payoffs": [[[2,53],[0,0]],[[4,94],[14,97]]]},
"G121": {"type": "Matrix2x2", "payoffs": [[[25,12],[45,74]],[[4,55],[0,0]]]},
"G122": {"type": "Matrix2x2", "payoffs": [[[0,0],[4,6]],[[5,5],[9,9]]]},
"G123": {"type": "Matrix2x2", "payoffs": [[[72,40],[0,0]],[[68,8],[8,16]]]},
"G124": {"type": "Matrix2x2", "payoffs": [[[14,0],[0,26]],[[30,20],[43,31]]]},
"G125": {"type": "Matrix2x2", "payoffs": [[[0,1],[79,5]],[[71,0],[37,3]]]},
"G126": {"type": "Matrix2x2", "payoffs": [[[98,5],[83,3]],[[0,2],[79,0]]]},
"G127": {"type": "Matrix2x2", "payoffs": [[[14,1],[17,4]],[[10,0],[0,3]]]},
"G128": {"type": "Matrix2x2", "payoffs": [[[0,0],[23,38]],[[7,58],[73,65]]]},
"G129": {"type": "Matrix2x2", "payoffs": [[[40,84],[39,40]],[[31,32],[0,0]]]},
"G130": {"type": "Matrix2x2", "payoffs": [[[0,38],[29,47]],[[42,99],[22,0]]]},
"G131": {"type": "Matrix2x2", "payoffs": [[[13,0],[6,8]],[[20,11],[0,4]]]},
"G132": {"type": "Matrix2x2", "payoffs": [[[10,0],[24,21]],[[35,32],[0,29]]]},
"G133": {"type": "Matrix2x2", "payoffs": [[[2,17],[15,0]],[[30,42],[0,25]]]},
"G134": {"type": "Matrix2x2", "payoffs": [[[42,0],[20,11]],[[0,33],[43,41]]]},
"G135": {"type": "Matrix2x2", "payoffs": [[[0,0],[19,10]],[[23,27],[2,12]]]},
"G136": {"type": "Matrix2x2", "payoffs": [[[15,24],[0,4]],[[32,43],[8,0]]]},
"G137": {"type": "Matrix2x2", "payoffs": [[[26,18],[17,7]],[[0,0],[40,73]]]},
"G138": {"type": "Matrix2x2", "payoffs": [[[73,35],[37,20]],[[100,71],[0,0]]]},
"G139": {"type": "Matrix2x2", "payoffs": [[[7,0],[23,13]],[[0,1],[5,2]]]},
"G140": {"type": "Matrix2x2", "payoffs": [[[61,82],[35,20]],[[0,0],[31,13]]]},
"G141": {"type": "Matrix2x2", "payoffs": [[[23,0],[3,27]],[[83,48],[0,13]]]},
"G142": {"type": "Matrix2x2", "payoffs": [[[0,0],[54,23]],[[38,24],[59,29]]]},
"G143": {"type": "Matrix2x2", "payoffs": [[[9,47],[3,0]],[[0,16],[5,23]]]},
"G144": {"type": "Matrix2x2", "payoffs": [[[13,0],[41,21]],[[30,11],[0,3]]]},
"G145": {"type": "Matrix2x2", "payoffs": [[[5,86],[0,35]],[[18,0],[21,95]]]},
"G146": {"type": "Matrix2x2", "payoffs": [[[79,3],[0,1]],[[56,2],[43,0]]]},
"G147": {"type": "Matrix2x2", "payoffs": [[[37,48],[0,32]],[[17,0],[15,21]]]},
"G148": {"type": "Matrix2x2", "payoffs": [[[10,5],[20,16]],[[9,10],[0,0]]]},
"G149": {"type": "Matrix2x2", "payoffs": [[[0,0],[6,7]],[[64,17],[29,15]]]},
"G150": {"type": "Matrix2x2", "payoffs": [[[76,0],[0,7]],[[94,74],[5,29]]]},
"G151": {"type": "Matrix2x2", "payoffs": [[[70,23],[29,19]],[[15,15],[0,0]]]},
"G152": {"type": "Matrix2x2", "payoffs": [[[41,0],[47,10]],[[0,5],[20,1]]]},
"G153": {"type": "Matrix2x2", "payoffs": [[[13,43],[33,98]],[[0,0],[29,58]]]},
"G154": {"type": "Matrix2x2", "payoffs": [[[6,64],[3,23]],[[1,56],[0,0]]]},
"G155": {"type": "Matrix2x2", "payoffs": [[[17,32],[0,53]],[[29,0],[69,62]]]},
"G156": {"type": "Matrix2x2", "payoffs": [[[11,12],[28,31]],[[15,0],[0,26]]]},
"G157": {"type": "Matrix2x2", "payoffs": [[[0,10],[20,64]],[[9,56],[8,0]]]},
"G158": {"type": "Matrix2x2", "payoffs": [[[0,9],[13,28]],[[10,0],[9,8]]]},
"G159": {"type": "Matrix2x2", "payoffs": [[[76,100],[15,17]],[[13,6],[0,0]]]},
"G160": {"type": "Matrix2x2", "payoffs": [[[16,75],[48,85]],[[0,0],[11,79]]]},
"G161": {"type": "Matrix2x2", "payoffs": [[[20,5],[92,6]],[[45,2],[0,0]]]},
"G162": {"type": "Matrix2x2", "payoffs": [[[21,0],[0,82]],[[82,88],[72,53]]]},
"G163": {"type": "Matrix2x2", "payoffs": [[[36,34],[0,26]],[[66,0],[82,36]]]},
"G164": {"type": "Matrix2x2", "payoffs": [[[0,17],[4,0]],[[54,4],[83,23]]]},
"G165": {"type": "Matrix2x2", "payoffs": [[[0,23],[42,0]],[[87,51],[21,45]]]},
"G166": {"type": "Matrix2x2", "payoffs": [[[2,11],[30,98]],[[15,0],[0,42]]]},
"G167": {"type": "Matrix2x2", "payoffs": [[[45,51],[53,57]],[[34,34],[0,0]]]},
"G168": {"type": "Matrix2x2", "payoffs": [[[0,38],[42,0]],[[53,64],[25,49]]]},
"G169": {"type": "Matrix2x2", "payoffs": [[[11,49],[0,33]],[[12,0],[14,97]]]},
"G170": {"type": "Matrix2x2", "payoffs": [[[0,8],[7,0]],[[21,53],[4,45]]]},
"G171": {"type": "Matrix2x2", "payoffs": [[[29,88],[0,0]],[[24,76],[31,89]]]},
"G172": {"type": "Matrix2x2", "payoffs": [[[0,1],[31,31]],[[8,0],[29,14]]]},
"G173": {"type": "Matrix2x2", "payoffs": [[[34,3],[71,11]],[[19,0],[0,9]]]},
"G174": {"type": "Matrix2x2", "payoffs": [[[45,71],[0,32]],[[48,0],[90,93]]]},
"G175": {"type": "Matrix2x2", "payoffs": [[[6,18],[56,33]],[[0,0],[32,29]]]},
"G176": {"type": "Matrix2x2", "payoffs": [[[0,24],[34,9]],[[19,0],[41,69]]]},
"G177": {"type": "Matrix2x2", "payoffs": [[[46,10],[76,0]],[[0,7],[88,21]]]},
"G178": {"type": "Matrix2x2", "payoffs": [[[23,25],[0,72]],[[37,88],[22,0]]]},
"G179": {"type": "Matrix2x2", "payoffs": [[[75,61],[0,0]],[[66,44],[62,14]]]},
"G180": {"type": "Matrix2x2", "payoffs": [[[0,27],[87,28]],[[96,98],[8,0]]]},
"G181": {"type": "Matrix2x2", "payoffs": [[[0,40],[60,0]],[[29,4],[67,67]]]},
"G182": {"type": "Matrix2x2", "payoffs": [[[0,0],[28,2]],[[4,21],[35,53]]]},
"G183": {"type": "Matrix2x2", "payoffs": [[[88,29],[0,0]],[[19,28],[73,12]]]},
"G184": {"type": "Matrix2x2", "payoffs": [[[23,4],[96,21]],[[67,2],[0,0]]]},
"G185": {"type": "Matrix2x2", "payoffs": [[[0,25],[80,100]],[[73,0],[38,64]]]},
"G186": {"type": "Matrix2x2", "payoffs": [[[72,29],[74,52]],[[56,4],[0,0]]]},
"G187": {"type": "Matrix2x2", "payoffs": [[[0,0],[9,43]],[[16,14],[21,45]]]},
"G188": {"type": "Matrix2x2", "payoffs": [[[8,72],[0,42]],[[2,0],[6,54]]]},
"G189": {"type": "Matrix2x2", "payoffs": [[[47,46],[9,0]],[[0,1],[28,2]]]},
"G190": {"type": "Matrix2x2", "payoffs": [[[56,0],[0,7]],[[74,35],[31,24]]]},
"G191": {"type": "Matrix2x2", "payoffs": [[[0,0],[28,41]],[[27,5],[19,17]]]},
"G192": {"type": "Matrix2x2", "payoffs": [[[0,0],[53,44]],[[12,33],[36,32]]]},
"G193": {"type": "Matrix2x2", "payoffs": [[[0,2],[34,46]],[[26,0],[24,27]]]},
"G194": {"type": "Matrix2x2", "payoffs": [[[29,2],[70,54]],[[9,0],[0,41]]]},
"G195": {"type": "Matrix2x2", "payoffs": [[[0,0],[10,88]],[[7,77],[2,13]]]},
"G196": {"type": "Matrix2x2", "payoffs": [[[83,64],[35,20]],[[0,13],[15,0]]]},
"G197": {"type": "Matrix2x2", "payoffs": [[[0,32],[65,0]],[[69,41],[49,2]]]},
"G198": {"type": "Matrix2x2", "payoffs": [[[0,0],[11,27]],[[1,5],[4,13]]]},
"G199": {"type": "Matrix2x2", "payoffs": [[[52,9],[56,39]],[[61,48],[0,0]]]},
"G200": {"type": "Matrix2x2", "payoffs": [[[6,9],[4,24]],[[20,26],[0,0]]]},
"G201": {"type": "Matrix2x2", "payoffs": [[[0,0],[84,10]],[[16,7],[25,2]]]},
"G202": {"type": "Matrix2x2", "payoffs": [[[50,10],[0,54]],[[95,61],[56,0]]]},
"G203": {"type": "Matrix2x2", "payoffs": [[[8,5],[14,21]],[[0,0],[16,24]]]},
"G204": {"type": "Matrix2x2", "payoffs": [[[12,0],[28,2]],[[0,1],[32,3]]]},
"G205": {"type": "Matrix2x2", "payoffs": [[[36,0],[0,2]],[[27,36],[76,59]]]},
"G206": {"type": "Matrix2x2", "payoffs": [[[37,11],[0,7]],[[43,19],[39,0]]]},
"G207": {"type": "Matrix2x2", "payoffs": [[[16,3],[17,12]],[[10,2],[0,0]]]},
"G208": {"type": "Matrix2x2", "payoffs": [[[36,13],[58,12]],[[0,0],[71,28]]]},
"G209": {"type": "Matrix2x2", "payoffs": [[[43,63],[0,0]],[[40,34],[18,8]]]},
"G210": {"type": "Matrix2x2", "payoffs": [[[0,0],[20,2]],[[40,9],[8,7]]]},
"G211": {"type": "Matrix2x2", "payoffs": [[[15,0],[50,47]],[[41,26],[0,25]]]},
"G212": {"type": "Matrix2x2", "payoffs": [[[82,7],[96,57]],[[0,0],[11,37]]]},
"G213": {"type": "Matrix2x2", "payoffs": [[[27,85],[25,47]],[[5,41],[0,0]]]},
"G214": {"type": "Matrix2x2", "payoffs": [[[100,47],[47,23]],[[91,0],[0,15]]]},
"G215": {"type": "Matrix2x2", "payoffs": [[[34,24],[0,1]],[[33,0],[32,13]]]},
"G216": {"type": "Matrix2x2", "payoffs": [[[8,15],[17,43]],[[0,0],[20,51]]]},
"G217": {"type": "Matrix2x2", "payoffs": [[[48,0],[71,14]],[[21,13],[0,3]]]},
"G218": {"type": "Matrix2x2", "payoffs": [[[74,6],[72,0]],[[0,1],[23,4]]]},
"G219": {"type": "Matrix2x2", "payoffs": [[[0,1],[3,5]],[[2,2],[1,0]]]},
"G220": {"type": "Matrix2x2", "payoffs": [[[4,82],[2,0]],[[0,1],[1,6]]]},
"G221": {"type": "Matrix2x2", "payoffs": [[[15,26],[21,14]],[[26,33],[0,0]]]},
"G222": {"type": "Matrix2x2", "payoffs": [[[13,0],[0,44]],[[74,61],[70,7]]]},
"G223": {"type": "Matrix2x2", "payoffs": [[[68,15],[0,0]],[[8,6],[88,30]]]},
"G224": {"type": "Matrix2x2", "payoffs": [[[64,4],[0,0]],[[19,1],[71,5]]]},
"G225": {"type": "Matrix2x2", "payoffs": [[[34,80],[2,53]],[[0,0],[29,57]]]},
"G226": {"type": "Matrix2x2", "payoffs": [[[8,0],[1,18]],[[10,49],[0,14]]]},
"G227": {"type": "Matrix2x2", "payoffs": [[[0,41],[80,38]],[[49,0],[81,62]]]},
"G228": {"type": "Matrix2x2", "payoffs": [[[48,69],[0,60]],[[64,93],[37,0]]]},
"G229": {"type": "Matrix2x2", "payoffs": [[[4,61],[0,0]],[[1,37],[2,31]]]},
"G230": {"type": "Matrix2x2", "payoffs": [[[43,73],[0,0]],[[14,66],[26,63]]]},
"G231": {"type": "Matrix2x2", "payoffs": [[[1,30],[57,47]],[[0,4],[38,0]]]},
"G232": {"type": "Matrix2x2", "payoffs": [[[92,15],[18,0]],[[0,10],[5,9]]]},
"G233": {"type": "Matrix2x2", "payoffs": [[[59,18],[4,9]],[[45,0],[0,15]]]},
"G234": {"type": "Matrix2x2", "payoffs": [[[5,58],[0,30]],[[2,0],[4,46]]]},
"G235": {"type": "Matrix2x2", "payoffs": [[[0,22],[51,45]],[[18,0],[24,24]]]},
"G236": {"type": "Matrix2x2", "payoffs": [[[64,52],[0,23]],[[55,0],[28,18]]]},
"G237": {"type": "Matrix2x2", "payoffs": [[[0,0],[7,13]],[[2,7],[3,6]]]},
"G238": {"type": "Matrix2x2", "payoffs": [[[44,72],[0,6]],[[1,25],[13,0]]]},
"G239": {"type": "Matrix2x2", "payoffs": [[[1,1],[3,3]],[[2,0],[0,2]]]},
"G240": {"type": "Matrix2x2", "payoffs": [[[77,36],[0,2]],[[45,31],[34,0]]]},
"G241": {"type": "Matrix2x2", "payoffs": [[[0,4],[1,0]],[[21,41],[28,77]]]},
"G242": {"type": "Matrix2x2", "payoffs": [[[25,24],[13,13]],[[0,0],[3,1]]]},
"G243": {"type": "Matrix2x2", "payoffs": [[[0,63],[52,0]],[[39,17],[53,85]]]},
"G244": {"type": "Matrix2x2", "payoffs": [[[4,40],[17,63]],[[0,25],[3,0]]]},
"G245": {"type": "Matrix2x2", "payoffs": [[[32,69],[73,76]],[[0,27],[5,0]]]},
"G246": {"type": "Matrix2x2", "payoffs": [[[8,0],[18,29]],[[0,22],[9,7]]]},
"G247": {"type": "Matrix2x2", "payoffs": [[[21,77],[0,34]],[[79,97],[63,0]]]},
"G248": {"type": "Matrix2x2", "payoffs": [[[0,11],[83,57]],[[25,48],[38,0]]]},
"G249": {"type": "Matrix2x2", "payoffs": [[[41,31],[22,28]],[[0,0],[34,12]]]},
"G250": {"type": "Matrix2x2", "payoffs": [[[44,68],[0,46]],[[19,0],[9,1]]]},
"G251": {"type": "Matrix2x2", "payoffs": [[[90,92],[0,51]],[[38,41],[82,0]]]},
"G252": {"type": "Matrix2x2", "payoffs": [[[1,78],[28,83]],[[0,74],[16,0]]]},
"G253": {"type": "Matrix2x2", "payoffs": [[[4,23],[1,4]],[[2,16],[0,0]]]},
"G254": {"type": "Matrix2x2", "payoffs": [[[5,5],[0,0]],[[16,30],[15,3]]]},
"G255": {"type": "Matrix2x2", "payoffs": [[[11,57],[0,0]],[[33,12],[64,83]]]},
"G256": {"type": "Matrix2x2", "payoffs": [[[41,0],[46,58]],[[39,31],[0,18]]]},
"G257": {"type": "Matrix2x2", "payoffs": [[[26,63],[0,0]],[[25,8],[24,26]]]},
"G258": {"type": "Matrix2x2", "payoffs": [[[0,0],[36,9]],[[76,18],[2,14]]]},
"G259": {"type": "Matrix2x2", "payoffs": [[[7,7],[0,0]],[[68,32],[35,8]]]},
"G260": {"type": "Matrix2x2", "payoffs": [[[56,0],[59,20]],[[0,29],[76,96]]]},
"G261": {"type": "Matrix2x2", "payoffs": [[[0,50],[50,59]],[[34,0],[30,9]]]},
"G262": {"type": "Matrix2x2", "payoffs": [[[0,24],[10,23]],[[65,70],[59,0]]]},
"G263": {"type": "Matrix2x2", "payoffs": [[[60,0],[14,14]],[[0,68],[64,77]]]},
"G264": {"type": "Matrix2x2", "payoffs": [[[0,27],[36,0]],[[42,24],[47,53]]]},
"G265": {"type": "Matrix2x2", "payoffs": [[[1,5],[2,19]],[[9,21],[0,0]]]},
"G266": {"type": "Matrix2x2", "payoffs": [[[76,17],[59,12]],[[0,6],[69,0]]]},
"G267": {"type": "Matrix2x2", "payoffs": [[[2,0],[4,17]],[[0,5],[1,7]]]},
"G268": {"type": "Matrix2x2", "payoffs": [[[0,6],[60,7]],[[27,0],[59,4]]]},
"G269": {"type": "Matrix2x2", "payoffs": [[[55,8],[2,3]],[[7,4],[0,0]]]},
"G270": {"type": "Matrix2x2", "payoffs": [[[32,68],[26,19]],[[0,0],[10,7]]]},
"G271": {"type": "Matrix2x2", "payoffs": [[[0,37],[26,32]],[[22,0],[63,57]]]},
"G272": {"type": "Matrix2x2", "payoffs": [[[17,25],[42,73]],[[0,60],[39,0]]]},
"G273": {"type": "Matrix2x2", "payoffs": [[[62,66],[18,21]],[[53,0],[0,39]]]},
"G274": {"type": "Matrix2x2", "payoffs": [[[36,91],[0,8]],[[25,0],[26,88]]]},
"G275": {"type": "Matrix2x2", "payoffs": [[[1,58],[18,0]],[[40,81],[0,37]]]},
"G276": {"type": "Matrix2x2", "payoffs": [[[45,0],[96,9]],[[92,7],[0,8]]]},
"G277": {"type": "Matrix2x2", "payoffs": [[[6,52],[0,12]],[[78,100],[27,0]]]},
"G278": {"type": "Matrix2x2", "payoffs": [[[0,0],[38,49]],[[87,87],[82,45]]]},
"G279": {"type": "Matrix2x2", "payoffs": [[[89,46],[0,26]],[[74,2],[7,0]]]},
"G280": {"type": "Matrix2x2", "payoffs": [[[48,0],[69,71]],[[55,6],[0,28]]]},
"G281": {"type": "Matrix2x2", "payoffs": [[[2,11],[1,27]],[[3,38],[0,0]]]},
"G282": {"type": "Matrix2x2", "payoffs": [[[0,0],[61,12]],[[16,57],[71,88]]]},
"G283": {"type": "Matrix2x2", "payoffs": [[[0,0],[95,75]],[[47,19],[76,34]]]},
"G284": {"type": "Matrix2x2", "payoffs": [[[18,7],[70,13]],[[0,2],[40,0]]]},
"G285": {"type": "Matrix2x2", "payoffs": [[[0,14],[93,11]],[[75,0],[95,18]]]},
"G286": {"type": "Matrix2x2", "payoffs": [[[25,32],[7,0]],[[28,77],[0,66]]]},
"G287": {"type": "Matrix2x2", "payoffs": [[[81,47],[68,16]],[[25,0],[0,21]]]},
"G288": {"type": "Matrix2x2", "payoffs": [[[21,0],[38,37]],[[0,33],[7,10]]]},
"G289": {"type": "Matrix2x2", "payoffs": [[[17,20],[0,2]],[[7,1],[14,0]]]},
"G290": {"type": "Matrix2x2", "payoffs": [[[0,55],[6,0]],[[10,18],[17,94]]]},
"G291": {"type": "Matrix2x2", "payoffs": [[[40,27],[0,17]],[[78,0],[97,31]]]},
"G292": {"type": "Matrix2x2", "payoffs": [[[0,42],[44,0]],[[38,22],[65,55]]]},
"G293": {"type": "Matrix2x2", "payoffs": [[[38,52],[91,67]],[[1,9],[0,0]]]},
"G294": {"type": "Matrix2x2", "payoffs": [[[0,3],[29,0]],[[46,11],[92,16]]]},
"G295": {"type": "Matrix2x2", "payoffs": [[[21,16],[0,13]],[[26,0],[28,18]]]},
"G296": {"type": "Matrix2x2", "payoffs": [[[85,82],[0,79]],[[43,25],[6,0]]]},
"G297": {"type": "Matrix2x2", "payoffs": [[[0,0],[10,55]],[[6,51],[5,39]]]},
"G298": {"type": "Matrix2x2", "payoffs": [[[21,0],[5,16]],[[0,11],[24,37]]]},
"G299": {"type": "Matrix2x2", "payoffs": [[[2,24],[0,0]],[[30,42],[10,30]]]},
"G300": {"type": "Matrix2x2", "payoffs": [[[0,19],[54,0]],[[71,29],[43,13]]]},
"G301": {"type": "Matrix2x2", "payoffs": [[[81,24],[26,11]],[[0,15],[11,0]]]},
"G302": {"type": "Matrix2x2", "payoffs": [[[0,53],[28,0]],[[30,91],[7,38]]]},
"G303": {"type": "Matrix2x2", "payoffs": [[[79,91],[0,0]],[[19,76],[31,24]]]},
"G304": {"type": "Matrix2x2", "payoffs": [[[32,0],[89,47]],[[0,17],[43,36]]]},
"G305": {"type": "Matrix2x2", "payoffs": [[[23,0],[0,46]],[[14,43],[77,56]]]},
"G306": {"type": "Matrix2x2", "payoffs": [[[13,0],[0,6]],[[27,12],[6,2]]]},
"G307": {"type": "Matrix2x2", "payoffs": [[[0,0],[36,37]],[[56,73],[22,69]]]},
"G308": {"type": "Matrix2x2", "payoffs": [[[52,4],[0,1]],[[53,0],[61,6]]]},
"G309": {"type": "Matrix2x2", "payoffs": [[[4,23],[16,57]],[[5,53],[0,0]]]},
"G310": {"type": "Matrix2x2", "payoffs": [[[0,10],[17,20]],[[5,0],[34,60]]]},
"G311": {"type": "Matrix2x2", "payoffs": [[[0,0],[70,24]],[[82,38],[33,14]]]},
"G312": {"type": "Matrix2x2", "payoffs": [[[48,0],[0,53]],[[53,65],[1,61]]]},
"G313": {"type": "Matrix2x2", "payoffs": [[[0,0],[21,39]],[[61,94],[42,53]]]},
"G314": {"type": "Matrix2x2", "payoffs": [[[0,39],[80,41]],[[8,0],[75,24]]]},
"G315": {"type": "Matrix2x2", "payoffs": [[[0,15],[33,8]],[[52,0],[64,32]]]},
"G316": {"type": "Matrix2x2", "payoffs": [[[74,33],[69,20]],[[48,7],[0,0]]]},
"G317": {"type": "Matrix2x2", "payoffs": [[[0,48],[50,0]],[[5,3],[72,66]]]},
"G318": {"type": "Matrix2x2", "payoffs": [[[41,54],[0,0]],[[60,38],[98,66]]]},
"G319": {"type": "Matrix2x2", "payoffs": [[[10,21],[22,24]],[[19,0],[0,7]]]},
"G320": {"type": "Matrix2x2", "payoffs": [[[0,4],[14,7]],[[7,0],[12,1]]]},
"G321": {"type": "Matrix2x2", "payoffs": [[[7,43],[60,49]],[[46,48],[0,0]]]},
"G322": {"type": "Matrix2x2", "payoffs": [[[9,0],[31,41]],[[40,84],[0,34]]]},
"G323": {"type": "Matrix2x2", "payoffs": [[[10,2],[0,0]],[[59,37],[73,76]]]},
"G324": {"type": "Matrix2x2", "payoffs": [[[1,19],[3,0]],[[7,51],[0,29]]]},
"G325": {"type": "Matrix2x2", "payoffs": [[[58,1],[0,0]],[[68,4],[78,9]]]},
"G326": {"type": "Matrix2x2", "payoffs": [[[41,19],[0,12]],[[10,0],[20,2]]]},
"G327": {"type": "Matrix2x2", "payoffs": [[[33,1],[56,6]],[[0,4],[36,0]]]},
"G328": {"type": "Matrix2x2", "payoffs": [[[23,41],[15,30]],[[14,28],[0,0]]]},
"G329": {"type": "Matrix2x2", "payoffs": [[[18,0],[59,16]],[[57,9],[0,3]]]},
"G330": {"type": "Matrix2x2", "payoffs": [[[0,23],[27,21]],[[66,54],[2,0]]]},
"G331": {"type": "Matrix2x2", "payoffs": [[[2,9],[13,1]],[[40,10],[0,0]]]},
"G332": {"type": "Matrix2x2", "payoffs": [[[0,4],[5,0]],[[25,91],[24,72]]]},
"G333": {"type": "Matrix2x2", "payoffs": [[[77,41],[3,0]],[[7,6],[0,21]]]},
"G334": {"type": "Matrix2x2", "payoffs": [[[8,0],[0,36]],[[12,74],[17,85]]]},
"G335": {"type": "Matrix2x2", "payoffs": [[[0,0],[84,4]],[[87,12],[62,2]]]},
"G336": {"type": "Matrix2x2", "payoffs": [[[41,23],[69,29]],[[0,0],[42,3]]]},
"G337": {"type": "Matrix2x2", "payoffs": [[[85,62],[9,20]],[[0,22],[84,0]]]},
"G338": {"type": "Matrix2x2", "payoffs": [[[0,50],[13,10]],[[70,58],[44,0]]]},
"G339": {"type": "Matrix2x2", "payoffs": [[[33,55],[24,2]],[[0,33],[21,0]]]},
"G340": {"type": "Matrix2x2", "payoffs": [[[11,0],[0,51]],[[19,72],[13,31]]]},
"G341": {"type": "Matrix2x2", "payoffs": [[[34,99],[56,58]],[[0,0],[80,100]]]},
"G342": {"type": "Matrix2x2", "payoffs": [[[2,0],[0,43]],[[10,52],[5,24]]]},
"G343": {"type": "Matrix2x2", "payoffs": [[[0,5],[70,0]],[[87,9],[14,6]]]},
"G344": {"type": "Matrix2x2", "payoffs": [[[27,42],[0,0]],[[3,65],[42,79]]]},
"G345": {"type": "Matrix2x2", "payoffs": [[[1,59],[19,2]],[[20,66],[0,0]]]},
"G346": {"type": "Matrix2x2", "payoffs": [[[63,22],[0,12]],[[54,0],[73,28]]]},
"G347": {"type": "Matrix2x2", "payoffs": [[[7,0],[0,20]],[[18,53],[11,28]]]},
"G348": {"type": "Matrix2x2", "payoffs": [[[0,0],[87,33]],[[55,26],[5,23]]]},
"G349": {"type": "Matrix2x2", "payoffs": [[[41,69],[0,7]],[[21,0],[53,86]]]},
"G350": {"type": "Matrix2x2", "payoffs": [[[44,0],[0,3]],[[11,30],[73,44]]]},
"G351": {"type": "Matrix2x2", "payoffs": [[[14,0],[13,11]],[[91,77],[0,14]]]},
"G352": {"type": "Matrix2x2", "payoffs": [[[85,58],[0,4]],[[32,0],[11,24]]]},
"G353": {"type": "Matrix2x2", "payoffs": [[[13,20],[5,0]],[[0,9],[49,32]]]},
"G354": {"type": "Matrix2x2", "payoffs": [[[78,51],[75,20]],[[76,49],[0,0]]]},
"G355": {"type": "Matrix2x2", "payoffs": [[[20,78],[29,92]],[[0,0],[15,87]]]},
"G356": {"type": "Matrix2x2", "payoffs": [[[62,43],[44,26]],[[0,0],[68,60]]]},
"G357": {"type": "Matrix2x2", "payoffs": [[[48,11],[7,8]],[[0,5],[12,0]]]},
"G358": {"type": "Matrix2x2", "payoffs": [[[0,18],[48,0]],[[56,22],[24,5]]]},
"G359": {"type": "Matrix2x2", "payoffs": [[[7,17],[8,24]],[[0,23],[5,0]]]},
"G360": {"type": "Matrix2x2", "payoffs": [[[2,37],[6,0]],[[0,43],[24,58]]]},
"G361": {"type": "Matrix2x2", "payoffs": [[[99,26],[43,19]],[[0,0],[73,9]]]},
"G362": {"type": "Matrix2x2", "payoffs": [[[8,40],[27,56]],[[70,72],[0,0]]]},
"G363": {"type": "Matrix2x2", "payoffs": [[[3,38],[0,0]],[[13,81],[16,91]]]},
"G364": {"type": "Matrix2x2", "payoffs": [[[0,0],[77,9]],[[23,6],[16,4]]]},
"G365": {"type": "Matrix2x2", "payoffs": [[[0,0],[1,27]],[[16,15],[18,50]]]},
"G366": {"type": "Matrix2x2", "payoffs": [[[4,92],[42,0]],[[0,93],[90,95]]]},
"G367": {"type": "Matrix2x2", "payoffs": [[[45,5],[89,22]],[[63,0],[0,12]]]},
"G368": {"type": "Matrix2x2", "payoffs": [[[7,0],[0,2]],[[1,23],[13,37]]]},
"G369": {"type": "Matrix2x2", "payoffs": [[[97,38],[4,29]],[[0,0],[33,18]]]},
"G370": {"type": "Matrix2x2", "payoffs": [[[40,36],[45,39]],[[3,8],[0,0]]]},
"G371": {"type": "Matrix2x2", "payoffs": [[[0,34],[3,6]],[[24,38],[16,0]]]},
"G372": {"type": "Matrix2x2", "payoffs": [[[6,5],[0,0]],[[90,10],[50,4]]]},
"G373": {"type": "Matrix2x2", "payoffs": [[[28,41],[4,3]],[[63,59],[0,0]]]},
"G374": {"type": "Matrix2x2", "payoffs": [[[10,8],[0,7]],[[42,0],[68,42]]]},
"G375": {"type": "Matrix2x2", "payoffs": [[[19,37],[0,0]],[[58,53],[39,41]]]},
"G376": {"type": "Matrix2x2", "payoffs": [[[7,0],[8,45]],[[5,21],[0,26]]]},
"G377": {"type": "Matrix2x2", "payoffs": [[[26,16],[54,33]],[[79,36],[0,0]]]},
"G378": {"type": "Matrix2x2", "payoffs": [[[2,0],[0,1]],[[1,51],[3,91]]]},
"G379": {"type": "Matrix2x2", "payoffs": [[[49,0],[12,44]],[[90,46],[0,18]]]},
"G380": {"type": "Matrix2x2", "payoffs": [[[2,22],[1,0]],[[8,80],[0,61]]]},
"G381": {"type": "Matrix2x2", "payoffs": [[[0,16],[26,0]],[[36,88],[21,50]]]},
"G382": {"type": "Matrix2x2", "payoffs": [[[43,14],[25,16]],[[0,0],[71,18]]]},
"G383": {"type": "Matrix2x2", "payoffs": [[[0,20],[7,0]],[[2,35],[14,63]]]},
"G384": {"type": "Matrix2x2", "payoffs": [[[31,0],[5,81]],[[80,98],[0,30]]]},
"G385": {"type": "Matrix2x2", "payoffs": [[[0,22],[99,100]],[[51,0],[78,3]]]},
"G386": {"type": "Matrix2x2", "payoffs": [[[14,6],[23,12]],[[9,8],[0,0]]]},
"G387": {"type": "Matrix2x2", "payoffs": [[[0,15],[65,47]],[[57,0],[97,96]]]},
"G388": {"type": "Matrix2x2", "payoffs": [[[17,32],[0,0]],[[16,45],[18,70]]]},
"G389": {"type": "Matrix2x2", "payoffs": [[[11,2],[1,7]],[[21,37],[0,0]]]},
"G390": {"type": "Matrix2x2", "payoffs": [[[0,12],[13,22]],[[3,11],[4,0]]]},
"G391": {"type": "Matrix2x2", "payoffs": [[[0,0],[21,47]],[[16,42],[12,12]]]},
"G392": {"type": "Matrix2x2", "payoffs": [[[0,26],[47,33]],[[38,18],[36,0]]]},
"G393": {"type": "Matrix2x2", "payoffs": [[[0,31],[71,94]],[[66,88],[39,0]]]},
"G394": {"type": "Matrix2x2", "payoffs": [[[88,88],[24,26]],[[0,0],[40,85]]]},
"G395": {"type": "Matrix2x2", "payoffs": [[[56,17],[0,0]],[[14,16],[66,20]]]},
"G396": {"type": "Matrix2x2", "payoffs": [[[21,71],[50,94]],[[0,13],[8,0]]]},
"G397": {"type": "Matrix2x2", "payoffs": [[[39,44],[87,45]],[[0,0],[33,38]]]},
"G398": {"type": "Matrix2x2", "payoffs": [[[4,0],[47,63]],[[17,19],[0,45]]]},
"G399": {"type": "Matrix2x2", "payoffs": [[[55,22],[0,45]],[[98,63],[89,0]]]},
"G400": {"type": "Matrix2x2", "payoffs": [[[0,34],[12,10]],[[45,0],[50,72]]]},
"G401": {"type": "Matrix2x2", "payoffs": [[[52,0],[9,11]],[[0,16],[74,24]]]},
"G402": {"type": "Matrix2x2", "payoffs": [[[7,79],[5,0]],[[0,26],[6,6]]]},
"G403": {"type": "Matrix2x2", "payoffs": [[[1,26],[8,40]],[[0,2],[3,0]]]},
"G404": {"type": "Matrix2x2", "payoffs": [[[15,73],[0,70]],[[83,96],[69,0]]]},
"G405": {"type": "Matrix2x2", "payoffs": [[[0,43],[5,81]],[[2,2],[3,0]]]},
"G406": {"type": "Matrix2x2", "payoffs": [[[17,15],[9,0]],[[0,7],[14,1]]]},
"G407": {"type": "Matrix2x2", "payoffs": [[[20,0],[0,29]],[[41,58],[16,42]]]},
"G408": {"type": "Matrix2x2", "payoffs": [[[29,55],[0,0]],[[39,73],[34,70]]]},
"G409": {"type": "Matrix2x2", "payoffs": [[[8,0],[0,4]],[[35,8],[15,6]]]},
"G410": {"type": "Matrix2x2", "payoffs": [[[16,3],[0,27]],[[15,0],[17,35]]]},
"G411": {"type": "Matrix2x2", "payoffs": [[[98,34],[89,4]],[[0,0],[9,7]]]},
"G412": {"type": "Matrix2x2", "payoffs": [[[0,11],[48,29]],[[2,0],[49,44]]]},
"G413": {"type": "Matrix2x2", "payoffs": [[[0,9],[5,28]],[[1,0],[8,32]]]},
"G414": {"type": "Matrix2x2", "payoffs": [[[66,0],[10,83]],[[86,86],[0,21]]]},
"G415": {"type": "Matrix2x2", "payoffs": [[[8,13],[0,0]],[[71,72],[55,1]]]},
"G416": {"type": "Matrix2x2", "payoffs": [[[88,11],[38,0]],[[0,1],[71,10]]]},
"G417": {"type": "Matrix2x2", "payoffs": [[[38,0],[46,14]],[[68,98],[0,85]]]},
"G418": {"type": "Matrix2x2", "payoffs": [[[5,0],[27,24]],[[28,79],[0,50]]]},
"G419": {"type": "Matrix2x2", "payoffs": [[[0,55],[93,88]],[[50,0],[88,8]]]},
"G420": {"type": "Matrix2x2", "payoffs": [[[28,53],[81,94]],[[11,69],[0,0]]]},
"G421": {"type": "Matrix2x2", "payoffs": [[[31,0],[30,22]],[[0,4],[73,54]]]},
"G422": {"type": "Matrix2x2", "payoffs": [[[93,39],[17,35]],[[0,23],[70,0]]]},
"G423": {"type": "Matrix2x2", "payoffs": [[[29,70],[10,50]],[[0,28],[14,0]]]},
"G424": {"type": "Matrix2x2", "payoffs": [[[44,7],[21,1]],[[0,0],[15,5]]]},
"G425": {"type": "Matrix2x2", "payoffs": [[[7,0],[0,6]],[[30,27],[2,5]]]},
"G426": {"type": "Matrix2x2", "payoffs": [[[45,48],[0,38]],[[6,36],[18,0]]]},
"G427": {"type": "Matrix2x2", "payoffs": [[[7,40],[99,81]],[[0,0],[55,59]]]},
"G428": {"type": "Matrix2x2", "payoffs": [[[0,2],[61,0]],[[21,12],[92,16]]]},
"G429": {"type": "Matrix2x2", "payoffs": [[[15,36],[58,43]],[[30,0],[0,3]]]},
"G430": {"type": "Matrix2x2", "payoffs": [[[13,5],[18,48]],[[11,31],[0,0]]]},
"G431": {"type": "Matrix2x2", "payoffs": [[[55,58],[0,5]],[[36,0],[41,53]]]},
"G432": {"type": "Matrix2x2", "payoffs": [[[7,4],[12,0]],[[0,5],[14,12]]]},
"G433": {"type": "Matrix2x2", "payoffs": [[[1,0],[0,43]],[[10,16],[12,52]]]},
"G434": {"type": "Matrix2x2", "payoffs": [[[0,33],[41,67]],[[66,74],[5,0]]]},
"G435": {"type": "Matrix2x2", "payoffs": [[[11,69],[7,28]],[[9,0],[0,44]]]},
"G436": {"type": "Matrix2x2", "payoffs": [[[68,77],[0,0]],[[44,37],[51,67]]]},
"G437": {"type": "Matrix2x2", "payoffs": [[[0,6],[39,0]],[[67,43],[40,3]]]},
"G438": {"type": "Matrix2x2", "payoffs": [[[36,4],[99,10]],[[0,0],[62,2]]]},
"G439": {"type": "Matrix2x2", "payoffs": [[[15,0],[10,2]],[[0,5],[18,9]]]},
"G440": {"type": "Matrix2x2", "payoffs": [[[64,64],[11,0]],[[19,61],[0,35]]]},
"G441": {"type": "Matrix2x2", "payoffs": [[[0,26],[14,11]],[[4,0],[62,34]]]},
"G442": {"type": "Matrix2x2", "payoffs": [[[36,4],[39,81]],[[0,0],[33,53]]]},
"G443": {"type": "Matrix2x2", "payoffs": [[[0,10],[34,19]],[[10,0],[97,65]]]},
"G444": {"type": "Matrix2x2", "payoffs": [[[0,7],[61,72]],[[57,0],[2,10]]]},
"G445": {"type": "Matrix2x2", "payoffs": [[[0,7],[3,0]],[[12,29],[8,6]]]},
"G446": {"type": "Matrix2x2", "payoffs": [[[1,0],[25,13]],[[33,16],[0,14]]]},
"G447": {"type": "Matrix2x2", "payoffs": [[[29,8],[0,7]],[[16,0],[27,2]]]},
"G448": {"type": "Matrix2x2", "payoffs": [[[37,12],[0,0]],[[14,7],[33,9]]]},
"G449": {"type": "Matrix2x2", "payoffs": [[[49,22],[33,0]],[[0,8],[45,11]]]},
"G450": {"type": "Matrix2x2", "payoffs": [[[33,20],[63,33]],[[54,23],[0,0]]]},
"G451": {"type": "Matrix2x2", "payoffs": [[[0,76],[64,0]],[[96,92],[46,16]]]},
"G452": {"type": "Matrix2x2", "payoffs": [[[0,0],[61,5]],[[98,10],[20,3]]]},
"G453": {"type": "Matrix2x2", "payoffs": [[[25,62],[13,25]],[[0,0],[10,6]]]},
"G454": {"type": "Matrix2x2", "payoffs": [[[26,15],[39,24]],[[0,19],[1,0]]]},
"G455": {"type": "Matrix2x2", "payoffs": [[[0,0],[7,2]],[[9,55],[5,10]]]},
"G456": {"type": "Matrix2x2", "payoffs": [[[0,40],[56,25]],[[19,0],[89,85]]]},
"G457": {"type": "Matrix2x2", "payoffs": [[[66,29],[63,10]],[[0,1],[58,0]]]},
"G458": {"type": "Matrix2x2", "payoffs": [[[10,0],[49,16]],[[23,10],[0,1]]]},
"G459": {"type": "Matrix2x2", "payoffs": [[[0,7],[3,5]],[[27,13],[9,0]]]},
"G460": {"type": "Matrix2x2", "payoffs": [[[3,3],[4,4]],[[1,2],[0,0]]]},
"G461": {"type": "Matrix2x2", "payoffs": [[[48,1],[44,7]],[[0,0],[61,51]]]},
"G462": {"type": "Matrix2x2", "payoffs": [[[19,10],[22,68]],[[0,50],[14,0]]]},
"G463": {"type": "Matrix2x2", "payoffs": [[[81,28],[40,16]],[[56,0],[0,15]]]},
"G464": {"type": "Matrix2x2", "payoffs": [[[14,67],[48,79]],[[0,0],[12,29]]]},
"G465": {"type": "Matrix2x2", "payoffs": [[[13,2],[72,41]],[[0,0],[40,17]]]},
"G466": {"type": "Matrix2x2", "payoffs": [[[0,0],[73,56]],[[74,78],[44,65]]]},
"G467": {"type": "Matrix2x2", "payoffs": [[[8,83],[0,0]],[[3,17],[2,2]]]},
"G468": {"type": "Matrix2x2", "payoffs": [[[32,34],[16,29]],[[0,23],[19,0]]]},
"G469": {"type": "Matrix2x2", "payoffs": [[[12,34],[62,40]],[[87,52],[0,0]]]},
"G470": {"type": "Matrix2x2", "payoffs": [[[82,66],[5,14]],[[72,54],[0,0]]]},
"G471": {"type": "Matrix2x2", "payoffs": [[[0,0],[21,31]],[[3,24],[22,54]]]},
"G472": {"type": "Matrix2x2", "payoffs": [[[99,42],[0,0]],[[73,12],[93,3]]]},
"G473": {"type": "Matrix2x2", "payoffs": [[[0,0],[9,20]],[[34,5],[40,27]]]},
"G474": {"type": "Matrix2x2", "payoffs": [[[17,0],[0,21]],[[43,28],[39,11]]]},
"G475": {"type": "Matrix2x2", "payoffs": [[[0,11],[49,0]],[[73,32],[70,8]]]},
"G476": {"type": "Matrix2x2", "payoffs": [[[10,30],[0,8]],[[8,0],[5,29]]]},
"G477": {"type": "Matrix2x2", "payoffs": [[[20,35],[4,0]],[[0,3],[17,27]]]},
"G478": {"type": "Matrix2x2", "payoffs": [[[35,0],[0,68]],[[53,71],[12,15]]]},
"G479": {"type": "Matrix2x2", "payoffs": [[[16,0],[0,11]],[[62,12],[8,7]]]},
"G480": {"type": "Matrix2x2", "payoffs": [[[40,16],[78,61]],[[0,53],[17,0]]]},
"G481": {"type": "Matrix2x2", "payoffs": [[[9,64],[24,0]],[[0,5],[29,78]]]},
"G482": {"type": "Matrix2x2", "payoffs": [[[52,22],[0,0]],[[31,21],[42,11]]]},
"G483": {"type": "Matrix2x2", "payoffs": [[[2,23],[1,67]],[[4,77],[0,0]]]},
"G484": {"type": "Matrix2x2", "payoffs": [[[88,6],[28,0]],[[0,5],[63,3]]]},
"G485": {"type": "Matrix2x2", "payoffs": [[[0,1],[24,0]],[[16,3],[58,5]]]},
"G486": {"type": "Matrix2x2", "payoffs": [[[38,0],[17,2]],[[0,6],[87,11]]]},
"G487": {"type": "Matrix2x2", "payoffs": [[[0,17],[53,0]],[[89,38],[74,32]]]},
"G488": {"type": "Matrix2x2", "payoffs": [[[0,3],[54,15]],[[34,0],[45,6]]]},
"G489": {"type": "Matrix2x2", "payoffs": [[[9,0],[29,56]],[[0,8],[3,34]]]},
"G490": {"type": "Matrix2x2", "payoffs": [[[38,0],[0,38]],[[62,90],[4,26]]]},
"G491": {"type": "Matrix2x2", "payoffs": [[[2,8],[0,6]],[[37,36],[3,0]]]},
"G492": {"type": "Matrix2x2", "payoffs": [[[40,25],[37,0]],[[0,10],[44,34]]]},
"G493": {"type": "Matrix2x2", "payoffs": [[[0,0],[52,36]],[[15,40],[84,47]]]},
"G494": {"type": "Matrix2x2", "payoffs": [[[0,0],[11,5]],[[18,9],[54,12]]]},
"G495": {"type": "Matrix2x2", "payoffs": [[[0,72],[3,0]],[[5,97],[1,16]]]},
"G496": {"type": "Matrix2x2", "payoffs": [[[0,6],[56,0]],[[64,33],[13,18]]]},
"G497": {"type": "Matrix2x2", "payoffs": [[[2,0],[6,20]],[[8,76],[0,3]]]},
"G498": {"type": "Matrix2x2", "payoffs": [[[39,15],[0,33]],[[27,0],[41,95]]]},
"G499": {"type": "Matrix2x2", "payoffs": [[[21,0],[14,15]],[[47,99],[0,55]]]},
"G500": {"type": "Matrix2x2", "payoffs": [[[0,0],[71,50]],[[45,30],[7,16]]]},
"G501": {"type": "Matrix2x2", "payoffs": [[[0,32],[7,0]],[[33,33],[2,26]]]},
"G502": {"type": "Matrix2x2", "payoffs": [[[0,12],[15,23]],[[11,0],[17,58]]]},
"G503": {"type": "Matrix2x2", "payoffs": [[[28,96],[0,0]],[[98,100],[29,99]]]},
"G504": {"type": "Matrix2x2", "payoffs": [[[0,7],[71,15]],[[69,8],[17,0]]]},
"G505": {"type": "Matrix2x2", "payoffs": [[[0,0],[9,100]],[[3,36],[6,9]]]},
"G506": {"type": "Matrix2x2", "payoffs": [[[0,22],[11,32]],[[5,23],[1,0]]]},
"G507": {"type": "Matrix2x2", "payoffs": [[[39,12],[0,0]],[[25,10],[9,7]]]},
"G508": {"type": "Matrix2x2", "payoffs": [[[7,12],[25,95]],[[5,62],[0,0]]]},
"G509": {"type": "Matrix2x2", "payoffs": [[[3,10],[0,0]],[[5,15],[17,17]]]},
"G510": {"type": "Matrix2x2", "payoffs": [[[77,4],[96,46]],[[50,0],[0,14]]]},
"G511": {"type": "Matrix2x2", "payoffs": [[[66,47],[0,0]],[[38,26],[35,10]]]},
"G512": {"type": "Matrix2x2", "payoffs": [[[1,0],[14,26]],[[19,35],[0,15]]]},
"G513": {"type": "Matrix2x2", "payoffs": [[[44,17],[72,40]],[[0,20],[4,0]]]},
"G514": {"type": "Matrix2x2", "payoffs": [[[76,2],[67,0]],[[82,6],[0,1]]]},
"G515": {"type": "Matrix2x2", "payoffs": [[[44,34],[24,23]],[[41,0],[0,27]]]},
"G516": {"type": "Matrix2x2", "payoffs": [[[10,0],[0,43]],[[2,19],[11,58]]]},
"G517": {"type": "Matrix2x2", "payoffs": [[[10,44],[37,20]],[[0,0],[40,91]]]},
"G518": {"type": "Matrix2x2", "payoffs": [[[66,88],[11,54]],[[0,29],[47,0]]]},
"G519": {"type": "Matrix2x2", "payoffs": [[[26,0],[0,15]],[[28,40],[1,5]]]},
"G520": {"type": "Matrix2x2", "payoffs": [[[2,3],[1,10]],[[3,15],[0,0]]]},
"G521": {"type": "Matrix2x2", "payoffs": [[[28,38],[61,95]],[[0,78],[52,0]]]},
"G522": {"type": "Matrix2x2", "payoffs": [[[5,89],[2,63]],[[0,72],[1,0]]]},
"G523": {"type": "Matrix2x2", "payoffs": [[[45,25],[0,5]],[[8,7],[37,0]]]},
"G524": {"type": "Matrix2x2", "payoffs": [[[41,58],[0,30]],[[21,0],[7,29]]]},
"G525": {"type": "Matrix2x2", "payoffs": [[[13,5],[20,34]],[[0,11],[6,0]]]},
"G526": {"type": "Matrix2x2", "payoffs": [[[5,1],[8,0]],[[10,17],[0,14]]]},
"G527": {"type": "Matrix2x2", "payoffs": [[[44,84],[20,4]],[[4,0],[0,47]]]},
"G528": {"type": "Matrix2x2", "payoffs": [[[45,35],[0,0]],[[44,7],[42,29]]]},
"G529": {"type": "Matrix2x2", "payoffs": [[[0,2],[81,9]],[[92,12],[64,0]]]},
"G530": {"type": "Matrix2x2", "payoffs": [[[52,18],[0,7]],[[11,0],[94,25]]]},
"G531": {"type": "Matrix2x2", "payoffs": [[[32,10],[34,44]],[[10,30],[0,0]]]},
"G532": {"type": "Matrix2x2", "payoffs": [[[56,16],[9,13]],[[49,0],[0,8]]]},
"G533": {"type": "Matrix2x2", "payoffs": [[[97,66],[0,0]],[[49,45],[50,37]]]},
"G534": {"type": "Matrix2x2", "payoffs": [[[13,58],[0,38]],[[12,0],[17,71]]]},
"G535": {"type": "Matrix2x2", "payoffs": [[[22,1],[49,52]],[[19,16],[0,0]]]},
"G536": {"type": "Matrix2x2", "payoffs": [[[73,24],[34,12]],[[57,2],[0,0]]]},
"G537": {"type": "Matrix2x2", "payoffs": [[[74,63],[52,37]],[[23,3],[0,0]]]},
"G538": {"type": "Matrix2x2", "payoffs": [[[18,0],[36,36]],[[0,31],[60,74]]]},
"G539": {"type": "Matrix2x2", "payoffs": [[[81,67],[14,44]],[[0,0],[5,47]]]},
"G540": {"type": "Matrix2x2", "payoffs": [[[6,0],[0,13]],[[1,5],[11,86]]]},
"G541": {"type": "Matrix2x2", "payoffs": [[[48,79],[2,0]],[[27,49],[0,58]]]},
"G542": {"type": "Matrix2x2", "payoffs": [[[37,4],[0,0]],[[46,9],[17,1]]]},
"G543": {"type": "Matrix2x2", "payoffs": [[[0,17],[1,21]],[[4,0],[17,65]]]},
"G544": {"type": "Matrix2x2", "payoffs": [[[11,7],[47,8]],[[0,0],[16,2]]]},
"G545": {"type": "Matrix2x2", "payoffs": [[[23,0],[32,26]],[[4,16],[0,14]]]},
"G546": {"type": "Matrix2x2", "payoffs": [[[4,0],[23,43]],[[0,40],[8,30]]]},
"G547": {"type": "Matrix2x2", "payoffs": [[[0,1],[29,23]],[[25,0],[27,14]]]},
"G548": {"type": "Matrix2x2", "payoffs": [[[44,43],[0,2]],[[4,33],[40,0]]]},
"G549": {"type": "Matrix2x2", "payoffs": [[[33,51],[10,28]],[[7,15],[0,0]]]},
"G550": {"type": "Matrix2x2", "payoffs": [[[71,78],[0,0]],[[25,7],[49,65]]]},
"G551": {"type": "Matrix2x2", "payoffs": [[[62,25],[38,7]],[[23,17],[0,0]]]},
"G552": {"type": "Matrix2x2", "payoffs": [[[1,14],[0,10]],[[3,0],[12,16]]]},
"G553": {"type": "Matrix2x2", "payoffs": [[[0,11],[20,21]],[[13,0],[15,6]]]},
"G554": {"type": "Matrix2x2", "payoffs": [[[0,0],[9,16]],[[15,82],[19,91]]]},
"G555": {"type": "Matrix2x2", "payoffs": [[[18,69],[0,0]],[[53,74],[3,37]]]},
"G556": {"type": "Matrix2x2", "payoffs": [[[0,0],[4,14]],[[6,5],[7,38]]]},
"G557": {"type": "Matrix2x2", "payoffs": [[[65,75],[0,34]],[[49,49],[39,0]]]},
"G558": {"type": "Matrix2x2", "payoffs": [[[0,66],[33,41]],[[75,0],[80,76]]]},
"G559": {"type": "Matrix2x2", "payoffs": [[[0,0],[91,89]],[[41,19],[76,72]]]},
"G560": {"type": "Matrix2x2", "payoffs": [[[76,0],[0,59]],[[13,69],[88,85]]]},
"G561": {"type": "Matrix2x2", "payoffs": [[[0,11],[56,0]],[[67,36],[85,48]]]},
"G562": {"type": "Matrix2x2", "payoffs": [[[0,39],[3,0]],[[1,54],[6,80]]]},
"G563": {"type": "Matrix2x2", "payoffs": [[[11,0],[18,80]],[[0,22],[14,75]]]},
"G564": {"type": "Matrix2x2", "payoffs": [[[48,21],[64,28]],[[32,27],[0,0]]]},
"G565": {"type": "Matrix2x2", "payoffs": [[[17,39],[1,37]],[[7,27],[0,0]]]},
"G566": {"type": "Matrix2x2", "payoffs": [[[0,5],[39,2]],[[97,10],[72,0]]]},
"G567": {"type": "Matrix2x2", "payoffs": [[[0,9],[2,19]],[[7,0],[65,63]]]},
"G568": {"type": "Matrix2x2", "payoffs": [[[56,92],[47,15]],[[0,0],[9,31]]]},
"G569": {"type": "Matrix2x2", "payoffs": [[[43,87],[40,76]],[[0,0],[34,39]]]},
"G570": {"type": "Matrix2x2", "payoffs": [[[40,17],[59,29]],[[54,0],[0,14]]]},
"G571": {"type": "Matrix2x2", "payoffs": [[[13,17],[39,30]],[[24,18],[0,0]]]},
"G572": {"type": "Matrix2x2", "payoffs": [[[27,21],[0,5]],[[16,0],[22,13]]]},
"G573": {"type": "Matrix2x2", "payoffs": [[[25,38],[0,0]],[[14,17],[42,53]]]},
"G574": {"type": "Matrix2x2", "payoffs": [[[72,14],[14,2]],[[0,4],[22,0]]]},
"G575": {"type": "Matrix2x2", "payoffs": [[[0,11],[9,18]],[[41,69],[6,0]]]},
"G576": {"type": "Matrix2x2", "payoffs": [[[26,71],[0,0]],[[36,78],[29,10]]]},
"G577": {"type": "Matrix2x2", "payoffs": [[[1,20],[12,0]],[[42,73],[0,23]]]},
"G578": {"type": "Matrix2x2", "payoffs": [[[46,0],[10,50]],[[0,27],[69,100]]]},
"G579": {"type": "Matrix2x2", "payoffs": [[[3,33],[0,0]],[[72,45],[33,24]]]},
"G580": {"type": "Matrix2x2", "payoffs": [[[39,31],[0,4]],[[5,0],[14,29]]]},
"G581": {"type": "Matrix2x2", "payoffs": [[[86,90],[29,64]],[[53,0],[0,34]]]},
"G582": {"type": "Matrix2x2", "payoffs": [[[7,25],[25,0]],[[0,61],[35,82]]]},
"G583": {"type": "Matrix2x2", "payoffs": [[[51,15],[0,14]],[[97,21],[81,0]]]},
"G584": {"type": "Matrix2x2", "payoffs": [[[34,78],[0,66]],[[18,59],[6,0]]]},
"G585": {"type": "Matrix2x2", "payoffs": [[[0,0],[21,7]],[[91,1],[96,74]]]},
"G586": {"type": "Matrix2x2", "payoffs": [[[87,79],[26,19]],[[41,54],[0,0]]]},
"G587": {"type": "Matrix2x2", "payoffs": [[[40,0],[0,69]],[[13,11],[54,81]]]},
"G588": {"type": "Matrix2x2", "payoffs": [[[0,71],[70,13]],[[32,0],[95,98]]]},
"G589": {"type": "Matrix2x2", "payoffs": [[[89,5],[95,43]],[[69,22],[0,0]]]},
"G590": {"type": "Matrix2x2", "payoffs": [[[22,0],[0,51]],[[3,19],[35,62]]]},
"G591": {"type": "Matrix2x2", "payoffs": [[[58,16],[68,18]],[[78,59],[0,0]]]},
"G592": {"type": "Matrix2x2", "payoffs": [[[18,0],[35,6]],[[39,10],[0,5]]]},
"G593": {"type": "Matrix2x2", "payoffs": [[[16,4],[0,0]],[[9,11],[19,28]]]},
"G594": {"type": "Matrix2x2", "payoffs": [[[0,0],[64,78]],[[18,58],[5,46]]]},
"G595": {"type": "Matrix2x2", "payoffs": [[[0,88],[7,62]],[[14,95],[8,0]]]},
"G596": {"type": "Matrix2x2", "payoffs": [[[0,0],[67,75]],[[34,1],[26,57]]]},
"G597": {"type": "Matrix2x2", "payoffs": [[[26,30],[1,39]],[[0,0],[63,53]]]},
"G598": {"type": "Matrix2x2", "payoffs": [[[10,9],[0,2]],[[7,4],[9,0]]]},
"G599": {"type": "Matrix2x2", "payoffs": [[[71,0],[31,1]],[[0,5],[88,12]]]},
"G600": {"type": "Matrix2x2", "payoffs": [[[0,31],[38,0]],[[100,55],[34,40]]]},
"G601": {"type": "Matrix2x2", "payoffs": [[[0,65],[73,68]],[[5,28],[4,0]]]},
"G602": {"type": "Matrix2x2", "payoffs": [[[38,0],[44,82]],[[0,44],[21,68]]]},
"G603": {"type": "Matrix2x2", "payoffs": [[[0,16],[63,29]],[[7,14],[41,0]]]},
"G604": {"type": "Matrix2x2", "payoffs": [[[0,0],[11,31]],[[49,80],[25,19]]]},
"G605": {"type": "Matrix2x2", "payoffs": [[[88,57],[0,38]],[[71,34],[61,0]]]},
"G606": {"type": "Matrix2x2", "payoffs": [[[82,49],[0,10]],[[65,0],[14,33]]]},
"G607": {"type": "Matrix2x2", "payoffs": [[[68,24],[40,0]],[[58,10],[0,17]]]},
"G608": {"type": "Matrix2x2", "payoffs": [[[5,38],[29,59]],[[18,1],[0,0]]]},
"G609": {"type": "Matrix2x2", "payoffs": [[[49,15],[0,5]],[[22,0],[3,1]]]},
"G610": {"type": "Matrix2x2", "payoffs": [[[59,12],[1,0]],[[0,63],[75,65]]]},
"G611": {"type": "Matrix2x2", "payoffs": [[[0,0],[5,67]],[[3,70],[17,75]]]},
"G612": {"type": "Matrix2x2", "payoffs": [[[0,3],[7,0]],[[60,17],[59,8]]]},
"G613": {"type": "Matrix2x2", "payoffs": [[[59,8],[30,0]],[[75,22],[0,20]]]},
"G614": {"type": "Matrix2x2", "payoffs": [[[99,18],[86,5]],[[7,0],[0,15]]]},
"G615": {"type": "Matrix2x2", "payoffs": [[[0,0],[2,23]],[[12,31],[13,58]]]},
"G616": {"type": "Matrix2x2", "payoffs": [[[90,92],[0,43]],[[49,79],[21,0]]]},
"G617": {"type": "Matrix2x2", "payoffs": [[[0,0],[2,58]],[[7,61],[3,21]]]},
"G618": {"type": "Matrix2x2", "payoffs": [[[44,51],[12,0]],[[13,27],[0,30]]]},
"G619": {"type": "Matrix2x2", "payoffs": [[[12,67],[0,0]],[[9,10],[2,18]]]},
"G620": {"type": "Matrix2x2", "payoffs": [[[7,21],[28,31]],[[13,24],[0,0]]]},
"G621": {"type": "Matrix2x2", "payoffs": [[[0,0],[14,37]],[[1,28],[5,17]]]},
"G622": {"type": "Matrix2x2", "payoffs": [[[70,3],[21,0]],[[0,39],[94,59]]]},
"G623": {"type": "Matrix2x2", "payoffs": [[[0,2],[41,0]],[[75,19],[33,13]]]},
"G624": {"type": "Matrix2x2", "payoffs": [[[38,23],[15,0]],[[0,19],[28,16]]]},
"G625": {"type": "Matrix2x2", "payoffs": [[[0,34],[17,30]],[[36,39],[26,0]]]},
"G626": {"type": "Matrix2x2", "payoffs": [[[25,69],[1,55]],[[3,45],[0,0]]]},
"G627": {"type": "Matrix2x2", "payoffs": [[[13,17],[12,5]],[[0,0],[10,15]]]},
"G628": {"type": "Matrix2x2", "payoffs": [[[0,5],[5,45]],[[3,0],[23,60]]]},
"G629": {"type": "Matrix2x2", "payoffs": [[[5,25],[21,53]],[[16,0],[0,49]]]},
"G630": {"type": "Matrix2x2", "payoffs": [[[21,42],[23,92]],[[0,0],[6,77]]]},
"G631": {"type": "Matrix2x2", "payoffs": [[[13,32],[0,4]],[[12,0],[5,20]]]},
"G632": {"type": "Matrix2x2", "payoffs": [[[62,10],[0,0]],[[58,6],[48,1]]]},
"G633": {"type": "Matrix2x2", "payoffs": [[[9,15],[11,18]],[[0,0],[4,4]]]},
"G634": {"type": "Matrix2x2", "payoffs": [[[3,93],[0,0]],[[67,98],[15,82]]]},
"G635": {"type": "Matrix2x2", "payoffs": [[[10,12],[53,79]],[[0,0],[42,11]]]},
"G636": {"type": "Matrix2x2", "payoffs": [[[30,0],[69,24]],[[99,77],[0,45]]]},
"G637": {"type": "Matrix2x2", "payoffs": [[[13,0],[47,7]],[[0,4],[9,6]]]},
"G638": {"type": "Matrix2x2", "payoffs": [[[0,6],[14,0]],[[57,63],[23,38]]]},
"G639": {"type": "Matrix2x2", "payoffs": [[[47,1],[0,65]],[[91,72],[15,0]]]},
"G640": {"type": "Matrix2x2", "payoffs": [[[39,50],[21,0]],[[0,39],[18,28]]]},
"G641": {"type": "Matrix2x2", "payoffs": [[[70,53],[27,13]],[[49,15],[0,0]]]},
"G642": {"type": "Matrix2x2", "payoffs": [[[74,51],[3,3]],[[34,0],[0,6]]]},
"G643": {"type": "Matrix2x2", "payoffs": [[[0,9],[56,20]],[[52,11],[46,0]]]},
"G644": {"type": "Matrix2x2", "payoffs": [[[15,95],[2,58]],[[0,6],[7,0]]]},
"G645": {"type": "Matrix2x2", "payoffs": [[[80,44],[41,9]],[[0,0],[15,25]]]},
"G646": {"type": "Matrix2x2", "payoffs": [[[0,37],[9,1]],[[11,0],[78,59]]]},
"G647": {"type": "Matrix2x2", "payoffs": [[[47,42],[0,0]],[[27,13],[79,47]]]},
"G648": {"type": "Matrix2x2", "payoffs": [[[82,37],[0,18]],[[56,0],[29,12]]]},
"G649": {"type": "Matrix2x2", "payoffs": [[[20,37],[0,0]],[[10,29],[13,36]]]},
"G650": {"type": "Matrix2x2", "payoffs": [[[27,96],[13,91]],[[18,60],[0,0]]]},
"G651": {"type": "Matrix2x2", "payoffs": [[[63,68],[62,0]],[[0,43],[47,50]]]},
"G652": {"type": "Matrix2x2", "payoffs": [[[44,0],[0,75]],[[66,89],[37,7]]]},
"G653": {"type": "Matrix2x2", "payoffs": [[[21,0],[28,51]],[[10,20],[0,44]]]},
"G654": {"type": "Matrix2x2", "payoffs": [[[73,6],[0,0]],[[5,4],[64,5]]]},
"G655": {"type": "Matrix2x2", "payoffs": [[[4,5],[98,62]],[[70,0],[0,15]]]},
"G656": {"type": "Matrix2x2", "payoffs": [[[7,0],[10,37]],[[2,31],[0,14]]]},
"G657": {"type": "Matrix2x2", "payoffs": [[[11,42],[9,20]],[[10,0],[0,35]]]},
"G658": {"type": "Matrix2x2", "payoffs": [[[35,16],[14,4]],[[8,0],[0,2]]]},
"G659": {"type": "Matrix2x2", "payoffs": [[[0,0],[44,6]],[[48,27],[65,28]]]},
"G660": {"type": "Matrix2x2", "payoffs": [[[0,32],[26,0]],[[38,42],[93,56]]]},
"G661": {"type": "Matrix2x2", "payoffs": [[[0,28],[57,31]],[[28,29],[32,0]]]},
"G662": {"type": "Matrix2x2", "payoffs": [[[28,29],[0,0]],[[59,93],[12,74]]]},
"G663": {"type": "Matrix2x2", "payoffs": [[[25,0],[0,58]],[[26,75],[24,54]]]},
"G664": {"type": "Matrix2x2", "payoffs": [[[10,90],[1,36]],[[7,0],[0,50]]]},
"G665": {"type": "Matrix2x2", "payoffs": [[[19,79],[2,5]],[[0,0],[17,37]]]},
"G666": {"type": "Matrix2x2", "payoffs": [[[0,0],[82,79]],[[56,1],[25,71]]]},
"G667": {"type": "Matrix2x2", "payoffs": [[[66,39],[0,0]],[[91,91],[3,87]]]},
"G668": {"type": "Matrix2x2", "payoffs": [[[7,0],[15,17]],[[0,2],[12,5]]]},
"G669": {"type": "Matrix2x2", "payoffs": [[[37,0],[7,14]],[[49,32],[0,15]]]},
"G670": {"type": "Matrix2x2", "payoffs": [[[0,0],[78,38]],[[65,9],[44,7]]]},
"G671": {"type": "Matrix2x2", "payoffs": [[[88,62],[24,0]],[[15,61],[0,17]]]},
"G672": {"type": "Matrix2x2", "payoffs": [[[28,5],[41,30]],[[0,0],[4,1]]]},
"G673": {"type": "Matrix2x2", "payoffs": [[[0,0],[32,18]],[[5,17],[93,30]]]},
"G674": {"type": "Matrix2x2", "payoffs": [[[12,28],[52,47]],[[90,61],[0,0]]]},
"G675": {"type": "Matrix2x2", "payoffs": [[[85,98],[5,71]],[[0,0],[29,93]]]},
"G676": {"type": "Matrix2x2", "payoffs": [[[95,74],[1,0]],[[77,35],[0,72]]]},
"G677": {"type": "Matrix2x2", "payoffs": [[[21,4],[85,8]],[[0,7],[12,0]]]},
"G678": {"type": "Matrix2x2", "payoffs": [[[39,0],[0,1]],[[64,7],[96,14]]]},
"G679": {"type": "Matrix2x2", "payoffs": [[[26,92],[55,93]],[[44,45],[0,0]]]},
"G680": {"type": "Matrix2x2", "payoffs": [[[0,0],[94,14]],[[59,8],[43,1]]]},
"G681": {"type": "Matrix2x2", "payoffs": [[[0,7],[25,0]],[[53,34],[40,4]]]},
"G682": {"type": "Matrix2x2", "payoffs": [[[26,48],[37,7]],[[41,59],[0,0]]]},
"G683": {"type": "Matrix2x2", "payoffs": [[[0,16],[7,8]],[[4,0],[46,18]]]},
"G684": {"type": "Matrix2x2", "payoffs": [[[1,33],[2,0]],[[0,27],[5,65]]]},
"G685": {"type": "Matrix2x2", "payoffs": [[[96,74],[0,0]],[[51,27],[74,9]]]},
"G686": {"type": "Matrix2x2", "payoffs": [[[89,56],[0,11]],[[70,13],[88,0]]]},
"G687": {"type": "Matrix2x2", "payoffs": [[[82,1],[60,3]],[[0,0],[88,6]]]},
"G688": {"type": "Matrix2x2", "payoffs": [[[2,0],[1,13]],[[10,53],[0,46]]]},
"G689": {"type": "Matrix2x2", "payoffs": [[[44,0],[39,6]],[[45,10],[0,3]]]},
"G690": {"type": "Matrix2x2", "payoffs": [[[8,0],[0,19]],[[37,66],[16,8]]]},
"G691": {"type": "Matrix2x2", "payoffs": [[[0,10],[97,24]],[[24,7],[20,0]]]},
"G692": {"type": "Matrix2x2", "payoffs": [[[0,21],[5,0]],[[40,26],[28,3]]]},
"G693": {"type": "Matrix2x2", "payoffs": [[[3,75],[0,36]],[[2,0],[1,61]]]},
"G694": {"type": "Matrix2x2", "payoffs": [[[4,93],[0,0]],[[82,98],[19,85]]]},
"G695": {"type": "Matrix2x2", "payoffs": [[[70,51],[0,2]],[[26,0],[68,17]]]},
"G696": {"type": "Matrix2x2", "payoffs": [[[0,48],[3,0]],[[5,63],[1,3]]]},
"G697": {"type": "Matrix2x2", "payoffs": [[[35,0],[0,9]],[[70,26],[82,33]]]},
"G698": {"type": "Matrix2x2", "payoffs": [[[11,19],[45,33]],[[22,0],[0,10]]]},
"G699": {"type": "Matrix2x2", "payoffs": [[[7,46],[0,39]],[[4,0],[10,96]]]},
"G700": {"type": "Matrix2x2", "payoffs": [[[22,3],[0,0]],[[49,24],[85,28]]]},
"G701": {"type": "Matrix2x2", "payoffs": [[[0,77],[72,96]],[[15,63],[58,0]]]},
"G702": {"type": "Matrix2x2", "payoffs": [[[0,6],[6,1]],[[44,10],[9,0]]]},
"G703": {"type": "Matrix2x2", "payoffs": [[[10,33],[0,11]],[[39,47],[7,0]]]},
"G704": {"type": "Matrix2x2", "payoffs": [[[22,25],[0,22]],[[71,86],[44,0]]]},
"G705": {"type": "Matrix2x2", "payoffs": [[[28,4],[24,1]],[[0,0],[47,6]]]},
"G706": {"type": "Matrix2x2", "payoffs": [[[7,51],[26,53]],[[0,0],[4,28]]]},
"G707": {"type": "Matrix2x2", "payoffs": [[[0,18],[6,19]],[[2,0],[4,5]]]},
"G708": {"type": "Matrix2x2", "payoffs": [[[10,13],[0,17]],[[14,30],[4,0]]]},
"G709": {"type": "Matrix2x2", "payoffs": [[[85,19],[91,28]],[[0,1],[42,0]]]},
"G710": {"type": "Matrix2x2", "payoffs": [[[34,83],[0,0]],[[42,56],[66,88]]]},
"G711": {"type": "Matrix2x2", "payoffs": [[[91,66],[60,32]],[[0,0],[57,4]]]},
"G712": {"type": "Matrix2x2", "payoffs": [[[91,47],[23,0]],[[0,23],[92,63]]]},
"G713": {"type": "Matrix2x2", "payoffs": [[[16,24],[32,0]],[[0,17],[35,47]]]},
"G714": {"type": "Matrix2x2", "payoffs": [[[12,0],[0,26]],[[68,38],[55,30]]]},
"G715": {"type": "Matrix2x2", "payoffs": [[[0,6],[24,14]],[[22,11],[8,0]]]},
"G716": {"type": "Matrix2x2", "payoffs": [[[0,5],[8,7]],[[22,8],[11,0]]]},
"G717": {"type": "Matrix2x2", "payoffs": [[[0,31],[23,0]],[[66,63],[57,14]]]},
"G718": {"type": "Matrix2x2", "payoffs": [[[0,0],[72,17]],[[84,24],[90,54]]]},
"G719": {"type": "Matrix2x2", "payoffs": [[[23,12],[1,0]],[[0,35],[32,52]]]},
"G720": {"type": "Matrix2x2", "payoffs": [[[10,2],[81,15]],[[0,0],[74,12]]]},
"G721": {"type": "Matrix2x2", "payoffs": [[[55,0],[83,93]],[[0,85],[35,66]]]},
"G722": {"type": "Matrix2x2", "payoffs": [[[77,30],[0,13]],[[98,37],[65,0]]]},
"G723": {"type": "Matrix2x2", "payoffs": [[[19,15],[27,94]],[[16,0],[0,56]]]},
"G724": {"type": "Matrix2x2", "payoffs": [[[0,8],[1,0]],[[51,58],[24,3]]]},
"G725": {"type": "Matrix2x2", "payoffs": [[[36,92],[33,54]],[[0,0],[17,66]]]},
"G726": {"type": "Matrix2x2", "payoffs": [[[29,7],[0,0]],[[59,16],[1,5]]]},
"G727": {"type": "Matrix2x2", "payoffs": [[[23,4],[44,41]],[[12,0],[0,12]]]},
"G728": {"type": "Matrix2x2", "payoffs": [[[16,2],[32,0]],[[0,29],[92,57]]]},
"G729": {"type": "Matrix2x2", "payoffs": [[[11,3],[14,0]],[[15,49],[0,35]]]},
"G730": {"type": "Matrix2x2", "payoffs": [[[32,16],[5,0]],[[0,14],[22,15]]]},
"G731": {"type": "Matrix2x2", "payoffs": [[[1,0],[0,19]],[[18,29],[24,40]]]},
"G732": {"type": "Matrix2x2", "payoffs": [[[6,12],[4,10]],[[1,0],[0,8]]]},
"G733": {"type": "Matrix2x2", "payoffs": [[[0,33],[30,27]],[[18,0],[48,34]]]},
"G734": {"type": "Matrix2x2", "payoffs": [[[65,28],[24,10]],[[0,6],[16,0]]]},
"G735": {"type": "Matrix2x2", "payoffs": [[[0,1],[74,6]],[[70,0],[75,29]]]},
"G736": {"type": "Matrix2x2", "payoffs": [[[13,49],[12,11]],[[0,0],[29,63]]]},
"G737": {"type": "Matrix2x2", "payoffs": [[[26,48],[92,84]],[[0,0],[64,17]]]},
"G738": {"type": "Matrix2x2", "payoffs": [[[9,11],[54,59]],[[38,46],[0,0]]]},
"G739": {"type": "Matrix2x2", "payoffs": [[[27,48],[23,0]],[[11,18],[0,10]]]},
"G740": {"type": "Matrix2x2", "payoffs": [[[48,98],[42,0]],[[27,90],[0,43]]]},
"G741": {"type": "Matrix2x2", "payoffs": [[[86,96],[42,2]],[[30,68],[0,0]]]},
"G742": {"type": "Matrix2x2", "payoffs": [[[62,54],[0,0]],[[44,21],[91,96]]]},
"G743": {"type": "Matrix2x2", "payoffs": [[[92,29],[0,0]],[[50,24],[83,1]]]},
"G744": {"type": "Matrix2x2", "payoffs": [[[7,0],[0,39]],[[27,88],[20,67]]]},
"G745": {"type": "Matrix2x2", "payoffs": [[[79,0],[10,4]],[[97,9],[0,2]]]},
"G746": {"type": "Matrix2x2", "payoffs": [[[24,87],[14,0]],[[0,47],[7,81]]]},
"G747": {"type": "Matrix2x2", "payoffs": [[[69,33],[0,25]],[[3,0],[24,21]]]},
"G748": {"type": "Matrix2x2", "payoffs": [[[0,36],[35,0]],[[45,60],[39,18]]]},
"G749": {"type": "Matrix2x2", "payoffs": [[[26,0],[57,92]],[[0,53],[32,85]]]},
"G750": {"type": "Matrix2x2", "payoffs": [[[0,0],[6,22]],[[5,29],[11,45]]]},
"G751": {"type": "Matrix2x2", "payoffs": [[[21,77],[28,37]],[[65,86],[0,0]]]},
"G752": {"type": "Matrix2x2", "payoffs": [[[87,78],[0,61]],[[14,0],[8,9]]]},
"G753": {"type": "Matrix2x2", "payoffs": [[[0,41],[35,0]],[[80,77],[60,55]]]},
"G754": {"type": "Matrix2x2", "payoffs": [[[15,9],[36,12]],[[7,10],[0,0]]]},
"G755": {"type": "Matrix2x2", "payoffs": [[[69,54],[0,15]],[[62,39],[40,0]]]},
"G756": {"type": "Matrix2x2", "payoffs": [[[0,14],[10,55]],[[33,74],[24,0]]]},
"G757": {"type": "Matrix2x2", "payoffs": [[[0,14],[8,17]],[[26,0],[54,32]]]},
"G758": {"type": "Matrix2x2", "payoffs": [[[9,20],[0,0]],[[30,97],[21,51]]]},
"G759": {"type": "Matrix2x2", "payoffs": [[[16,62],[15,60]],[[2,0],[0,22]]]},
"G760": {"type": "Matrix2x2", "payoffs": [[[0,31],[48,0]],[[60,44],[19,41]]]},
"G761": {"type": "Matrix2x2", "payoffs": [[[10,11],[9,9]],[[1,0],[0,7]]]},
"G762": {"type": "Matrix2x2", "payoffs": [[[18,6],[23,25]],[[7,0],[0,4]]]},
"G763": {"type": "Matrix2x2", "payoffs": [[[60,3],[1,0]],[[63,99],[0,76]]]},
"G764": {"type": "Matrix2x2", "payoffs": [[[89,0],[38,2]],[[0,4],[91,11]]]},
"G765": {"type": "Matrix2x2", "payoffs": [[[21,6],[59,19]],[[10,0],[0,14]]]},
"G766": {"type": "Matrix2x2", "payoffs": [[[34,2],[0,6]],[[12,0],[42,9]]]},
"G767": {"type": "Matrix2x2", "payoffs": [[[0,23],[6,1]],[[38,32],[20,0]]]},
"G768": {"type": "Matrix2x2", "payoffs": [[[100,41],[69,7]],[[95,10],[0,0]]]},
"G769": {"type": "Matrix2x2", "payoffs": [[[7,0],[0,10]],[[3,50],[10,80]]]},
"G770": {"type": "Matrix2x2", "payoffs": [[[50,90],[49,38]],[[0,64],[7,0]]]},
"G771": {"type": "Matrix2x2", "payoffs": [[[97,91],[84,33]],[[33,63],[0,0]]]},
"G772": {"type": "Matrix2x2", "payoffs": [[[14,16],[6,4]],[[12,0],[0,7]]]},
"G773": {"type": "Matrix2x2", "payoffs": [[[3,1],[10,28]],[[2,0],[0,4]]]},
"G774": {"type": "Matrix2x2", "payoffs": [[[5,0],[9,13]],[[12,18],[0,16]]]},
"G775": {"type": "Matrix2x2", "payoffs": [[[29,0],[51,21]],[[0,2],[14,12]]]},
"G776": {"type": "Matrix2x2", "payoffs": [[[0,2],[50,6]],[[21,0],[10,1]]]},
"G777": {"type": "Matrix2x2", "payoffs": [[[0,61],[6,69]],[[74,87],[52,0]]]},
"G778": {"type": "Matrix2x2", "payoffs": [[[88,48],[84,21]],[[55,0],[0,19]]]},
"G779": {"type": "Matrix2x2", "payoffs": [[[9,24],[4,17]],[[0,11],[8,0]]]},
"G780": {"type": "Matrix2x2", "payoffs": [[[0,19],[44,69]],[[31,0],[15,23]]]},
"G781": {"type": "Matrix2x2", "payoffs": [[[50,0],[0,52]],[[81,79],[14,61]]]},
"G782": {"type": "Matrix2x2", "payoffs": [[[2,3],[12,42]],[[0,35],[9,0]]]},
"G783": {"type": "Matrix2x2", "payoffs": [[[0,32],[1,0]],[[11,46],[6,13]]]},
"G784": {"type": "Matrix2x2", "payoffs": [[[0,25],[21,32]],[[8,0],[16,31]]]},
"G785": {"type": "Matrix2x2", "payoffs": [[[0,0],[17,82]],[[13,10],[6,20]]]},
"G786": {"type": "Matrix2x2", "payoffs": [[[3,3],[30,6]],[[0,0],[26,4]]]},
"G787": {"type": "Matrix2x2", "payoffs": [[[0,9],[9,29]],[[4,0],[14,56]]]},
"G788": {"type": "Matrix2x2", "payoffs": [[[0,0],[31,6]],[[50,41],[36,10]]]},
"G789": {"type": "Matrix2x2", "payoffs": [[[49,3],[44,2]],[[18,1],[0,0]]]},
"G790": {"type": "Matrix2x2", "payoffs": [[[2,0],[18,90]],[[0,79],[5,18]]]},
"G791": {"type": "Matrix2x2", "payoffs": [[[60,9],[20,0]],[[0,10],[90,24]]]},
"G792": {"type": "Matrix2x2", "payoffs": [[[44,4],[0,0]],[[13,2],[75,11]]]},
"G793": {"type": "Matrix2x2", "payoffs": [[[90,85],[26,59]],[[22,40],[0,0]]]},
"G794": {"type": "Matrix2x2", "payoffs": [[[61,41],[0,0]],[[60,16],[83,44]]]},
"G795": {"type": "Matrix2x2", "payoffs": [[[53,2],[81,3]],[[73,0],[0,1]]]},
"G796": {"type": "Matrix2x2", "payoffs": [[[1,9],[28,0]],[[0,42],[70,51]]]},
"G797": {"type": "Matrix2x2", "payoffs": [[[0,32],[6,0]],[[21,5],[49,47]]]},
"G798": {"type": "Matrix2x2", "payoffs": [[[0,11],[50,0]],[[55,12],[40,8]]]},
"G799": {"type": "Matrix2x2", "payoffs": [[[22,47],[10,4]],[[0,0],[2,36]]]},
"G800": {"type": "Matrix2x2", "payoffs": [[[16,6],[0,37]],[[9,0],[21,43]]]},
"G801": {"type": "Matrix2x2", "payoffs": [[[0,2],[2,71]],[[41,97],[11,0]]]},
"G802": {"type": "Matrix2x2", "payoffs": [[[45,2],[0,1]],[[39,0],[66,6]]]},
"G803": {"type": "Matrix2x2", "payoffs": [[[0,0],[3,7]],[[4,11],[5,41]]]},
"G804": {"type": "Matrix2x2", "payoffs": [[[26,42],[49,49]],[[81,51],[0,0]]]},
"G805": {"type": "Matrix2x2", "payoffs": [[[55,100],[18,95]],[[11,0],[0,61]]]},
"G806": {"type": "Matrix2x2", "payoffs": [[[84,85],[32,29]],[[19,53],[0,0]]]},
"G807": {"type": "Matrix2x2", "payoffs": [[[80,20],[3,36]],[[0,0],[89,58]]]},
"G808": {"type": "Matrix2x2", "payoffs": [[[51,0],[40,12]],[[55,31],[0,5]]]},
"G809": {"type": "Matrix2x2", "payoffs": [[[0,60],[27,0]],[[31,63],[8,18]]]},
"G810": {"type": "Matrix2x2", "payoffs": [[[0,0],[24,49]],[[2,20],[4,12]]]},
"G811": {"type": "Matrix2x2", "payoffs": [[[14,0],[26,59]],[[0,58],[17,53]]]},
"G812": {"type": "Matrix2x2", "payoffs": [[[44,15],[64,44]],[[0,0],[12,31]]]},
"G813": {"type": "Matrix2x2", "payoffs": [[[66,97],[64,88]],[[0,60],[18,0]]]},
"G814": {"type": "Matrix2x2", "payoffs": [[[16,0],[0,54]],[[57,93],[55,88]]]},
"G815": {"type": "Matrix2x2", "payoffs": [[[87,14],[0,2]],[[76,7],[57,0]]]},
"G816": {"type": "Matrix2x2", "payoffs": [[[28,0],[62,94]],[[39,15],[0,44]]]},
"G817": {"type": "Matrix2x2", "payoffs": [[[36,86],[0,0]],[[34,55],[8,1]]]},
"G818": {"type": "Matrix2x2", "payoffs": [[[21,76],[12,0]],[[9,32],[0,15]]]},
"G819": {"type": "Matrix2x2", "payoffs": [[[68,78],[0,76]],[[60,71],[52,0]]]},
"G820": {"type": "Matrix2x2", "payoffs": [[[0,0],[36,18]],[[2,8],[67,19]]]},
"G821": {"type": "Matrix2x2", "payoffs": [[[32,7],[0,2]],[[23,0],[29,4]]]},
"G822": {"type": "Matrix2x2", "payoffs": [[[1,0],[11,17]],[[0,26],[12,46]]]},
"G823": {"type": "Matrix2x2", "payoffs": [[[74,56],[0,45]],[[59,13],[3,0]]]},
"G824": {"type": "Matrix2x2", "payoffs": [[[33,36],[24,3]],[[14,0],[0,4]]]},
"G825": {"type": "Matrix2x2", "payoffs": [[[2,12],[89,39]],[[63,15],[0,0]]]},
"G826": {"type": "Matrix2x2", "payoffs": [[[44,21],[0,0]],[[8,20],[38,11]]]},
"G827": {"type": "Matrix2x2", "payoffs": [[[6,19],[0,5]],[[20,72],[2,0]]]},
"G828": {"type": "Matrix2x2", "payoffs": [[[9,0],[5,6]],[[0,5],[10,41]]]},
"G829": {"type": "Matrix2x2", "payoffs": [[[0,0],[44,19]],[[22,8],[15,2]]]},
"G830": {"type": "Matrix2x2", "payoffs": [[[0,3],[10,17]],[[11,76],[4,0]]]},
"G831": {"type": "Matrix2x2", "payoffs": [[[99,98],[15,0]],[[47,21],[0,74]]]},
"G832": {"type": "Matrix2x2", "payoffs": [[[70,31],[42,21]],[[0,0],[10,7]]]},
"G833": {"type": "Matrix2x2", "payoffs": [[[20,3],[0,5]],[[18,0],[22,13]]]},
"G834": {"type": "Matrix2x2", "payoffs": [[[67,0],[72,36]],[[0,5],[38,27]]]},
"G835": {"type": "Matrix2x2", "payoffs": [[[31,60],[14,27]],[[0,0],[12,58]]]},
"G836": {"type": "Matrix2x2", "payoffs": [[[0,0],[29,75]],[[19,12],[13,19]]]},
"G837": {"type": "Matrix2x2", "payoffs": [[[23,14],[3,0]],[[42,43],[0,34]]]},
"G838": {"type": "Matrix2x2", "payoffs": [[[15,62],[10,31]],[[0,23],[8,0]]]},
"G839": {"type": "Matrix2x2", "payoffs": [[[0,1],[13,10]],[[18,26],[11,0]]]},
"G840": {"type": "Matrix2x2", "payoffs": [[[35,47],[23,0]],[[0,58],[67,63]]]},
"G841": {"type": "Matrix2x2", "payoffs": [[[5,54],[12,56]],[[9,30],[0,0]]]},
"G842": {"type": "Matrix2x2", "payoffs": [[[76,90],[75,56]],[[0,0],[42,55]]]},
"G843": {"type": "Matrix2x2", "payoffs": [[[0,5],[65,76]],[[61,0],[71,95]]]},
"G844": {"type": "Matrix2x2", "payoffs": [[[96,15],[3,1]],[[0,0],[72,11]]]},
"G845": {"type": "Matrix2x2", "payoffs": [[[20,12],[85,50]],[[9,0],[0,8]]]},
"G846": {"type": "Matrix2x2", "payoffs": [[[26,6],[0,0]],[[46,53],[30,7]]]},
"G847": {"type": "Matrix2x2", "payoffs": [[[1,11],[5,21]],[[2,0],[0,6]]]},
"G848": {"type": "Matrix2x2", "payoffs": [[[36,23],[40,81]],[[28,1],[0,0]]]},
"G849": {"type": "Matrix2x2", "payoffs": [[[69,47],[7,5]],[[0,22],[60,0]]]},
"G850": {"type": "Matrix2x2", "payoffs": [[[25,16],[72,65]],[[0,35],[36,0]]]},
"G851": {"type": "Matrix2x2", "payoffs": [[[46,16],[0,4]],[[12,6],[39,0]]]},
"G852": {"type": "Matrix2x2", "payoffs": [[[4,0],[7,9]],[[1,7],[0,5]]]},
"G853": {"type": "Matrix2x2", "payoffs": [[[40,0],[37,15]],[[50,38],[0,19]]]},
"G854": {"type": "Matrix2x2", "payoffs": [[[0,0],[73,5]],[[55,27],[86,28]]]},
"G855": {"type": "Matrix2x2", "payoffs": [[[0,39],[62,0]],[[22,13],[79,51]]]},
"G856": {"type": "Matrix2x2", "payoffs": [[[31,100],[0,0]],[[1,4],[8,17]]]},
"G857": {"type": "Matrix2x2", "payoffs": [[[45,62],[32,14]],[[43,38],[0,0]]]},
"G858": {"type": "Matrix2x2", "payoffs": [[[77,47],[18,0]],[[0,54],[85,58]]]},
"G859": {"type": "Matrix2x2", "payoffs": [[[4,0],[19,19]],[[0,13],[14,1]]]},
"G860": {"type": "Matrix2x2", "payoffs": [[[61,17],[81,47]],[[42,26],[0,0]]]},
"G861": {"type": "Matrix2x2", "payoffs": [[[4,39],[10,0]],[[14,70],[0,31]]]},
"G862": {"type": "Matrix2x2", "payoffs": [[[3,0],[6,47]],[[0,88],[19,99]]]},
"G863": {"type": "Matrix2x2", "payoffs": [[[0,16],[6,30]],[[77,48],[25,0]]]},
"G864": {"type": "Matrix2x2", "payoffs": [[[83,81],[67,13]],[[0,30],[76,0]]]},
"G865": {"type": "Matrix2x2", "payoffs": [[[84,70],[22,61]],[[5,0],[0,6]]]},
"G866": {"type": "Matrix2x2", "payoffs": [[[66,90],[37,18]],[[0,64],[30,0]]]},
"G867": {"type": "Matrix2x2", "payoffs": [[[69,11],[72,85]],[[0,0],[34,23]]]},
"G868": {"type": "Matrix2x2", "payoffs": [[[30,0],[0,6]],[[55,68],[32,37]]]},
"G869": {"type": "Matrix2x2", "payoffs": [[[1,0],[3,3]],[[0,7],[13,12]]]},
"G870": {"type": "Matrix2x2", "payoffs": [[[81,0],[95,49]],[[46,40],[0,10]]]},
"G871": {"type": "Matrix2x2", "payoffs": [[[15,96],[1,21]],[[8,0],[0,72]]]},
"G872": {"type": "Matrix2x2", "payoffs": [[[26,0],[38,16]],[[0,5],[46,62]]]},
"G873": {"type": "Matrix2x2", "payoffs": [[[27,51],[15,13]],[[19,0],[0,32]]]},
"G874": {"type": "Matrix2x2", "payoffs": [[[12,86],[27,89]],[[0,0],[1,47]]]},
"G875": {"type": "Matrix2x2", "payoffs": [[[49,24],[47,0]],[[86,66],[0,37]]]},
"G876": {"type": "Matrix2x2", "payoffs": [[[36,33],[29,12]],[[0,19],[22,0]]]},
"G877": {"type": "Matrix2x2", "payoffs": [[[20,6],[0,0]],[[85,16],[53,13]]]},
"G878": {"type": "Matrix2x2", "payoffs": [[[15,0],[0,13]],[[11,26],[37,33]]]},
"G879": {"type": "Matrix2x2", "payoffs": [[[14,16],[0,0]],[[7,29],[22,61]]]},
"G880": {"type": "Matrix2x2", "payoffs": [[[7,68],[0,0]],[[8,69],[4,21]]]},
"G881": {"type": "Matrix2x2", "payoffs": [[[0,6],[85,34]],[[98,46],[66,0]]]},
"G882": {"type": "Matrix2x2", "payoffs": [[[55,49],[45,44]],[[18,40],[0,0]]]},
"G883": {"type": "Matrix2x2", "payoffs": [[[0,8],[50,0]],[[61,12],[84,27]]]},
"G884": {"type": "Matrix2x2", "payoffs": [[[0,57],[5,48]],[[71,70],[17,0]]]},
"G885": {"type": "Matrix2x2", "payoffs": [[[42,0],[0,33]],[[31,20],[52,74]]]},
"G886": {"type": "Matrix2x2", "payoffs": [[[6,45],[0,0]],[[26,38],[75,83]]]},
"G887": {"type": "Matrix2x2", "payoffs": [[[92,1],[1,0]],[[97,11],[0,9]]]},
"G888": {"type": "Matrix2x2", "payoffs": [[[46,9],[59,23]],[[12,0],[0,18]]]},
"G889": {"type": "Matrix2x2", "payoffs": [[[3,0],[5,26]],[[0,4],[12,29]]]},
"G890": {"type": "Matrix2x2", "payoffs": [[[16,21],[12,17]],[[0,0],[22,40]]]},
"G891": {"type": "Matrix2x2", "payoffs": [[[5,0],[7,78]],[[0,58],[3,23]]]},
"G892": {"type": "Matrix2x2", "payoffs": [[[49,3],[45,0]],[[0,2],[88,4]]]},
"G893": {"type": "Matrix2x2", "payoffs": [[[37,6],[43,16]],[[29,0],[0,7]]]},
"G894": {"type": "Matrix2x2", "payoffs": [[[55,4],[0,0]],[[72,24],[83,43]]]},
"G895": {"type": "Matrix2x2", "payoffs": [[[43,0],[0,7]],[[90,60],[38,49]]]},
"G896": {"type": "Matrix2x2", "payoffs": [[[8,9],[7,0]],[[0,11],[14,14]]]},
"G897": {"type": "Matrix2x2", "payoffs": [[[12,0],[20,16]],[[0,14],[19,11]]]},
"G898": {"type": "Matrix2x2", "payoffs": [[[37,32],[0,19]],[[3,0],[4,11]]]},
"G899": {"type": "Matrix2x2", "payoffs": [[[36,1],[0,0]],[[64,11],[23,2]]]},
"G900": {"type": "Matrix2x2", "payoffs": [[[11,0],[0,5]],[[26,19],[25,17]]]},
"G901": {"type": "Matrix2x2", "payoffs": [[[40,77],[12,9]],[[16,26],[0,0]]]},
"G902": {"type": "Matrix2x2", "payoffs": [[[30,0],[0,3]],[[4,27],[46,42]]]},
"G903": {"type": "Matrix2x2", "payoffs": [[[0,5],[44,4]],[[53,10],[32,0]]]},
"G904": {"type": "Matrix2x2", "payoffs": [[[35,46],[0,0]],[[24,9],[31,20]]]},
"G905": {"type": "Matrix2x2", "payoffs": [[[0,0],[11,17]],[[6,3],[15,55]]]},
"G906": {"type": "Matrix2x2", "payoffs": [[[1,0],[0,3]],[[6,45],[2,31]]]},
"G907": {"type": "Matrix2x2", "payoffs": [[[28,100],[23,0]],[[0,62],[3,79]]]},
"G908": {"type": "Matrix2x2", "payoffs": [[[24,81],[21,0]],[[0,67],[1,36]]]},
"G909": {"type": "Matrix2x2", "payoffs": [[[20,94],[0,79]],[[10,75],[4,0]]]},
"G910": {"type": "Matrix2x2", "payoffs": [[[3,15],[17,76]],[[40,77],[0,0]]]},
"G911": {"type": "Matrix2x2", "payoffs": [[[46,45],[0,17]],[[44,5],[43,0]]]},
"G912": {"type": "Matrix2x2", "payoffs": [[[72,23],[16,0]],[[89,51],[0,4]]]},
"G913": {"type": "Matrix2x2", "payoffs": [[[78,0],[26,8]],[[95,55],[0,19]]]},
"G914": {"type": "Matrix2x2", "payoffs": [[[46,31],[75,58]],[[57,0],[0,5]]]},
"G915": {"type": "Matrix2x2", "payoffs": [[[68,87],[51,0]],[[10,26],[0,73]]]},
"G916": {"type": "Matrix2x2", "payoffs": [[[65,55],[55,40]],[[24,0],[0,47]]]},
"G917": {"type": "Matrix2x2", "payoffs": [[[51,3],[84,37]],[[12,1],[0,0]]]},
"G918": {"type": "Matrix2x2", "payoffs": [[[29,9],[0,39]],[[92,54],[30,0]]]},
"G919": {"type": "Matrix2x2", "payoffs": [[[0,0],[15,53]],[[17,3],[19,76]]]},
"G920": {"type": "Matrix2x2", "payoffs": [[[22,6],[0,3]],[[50,7],[19,0]]]},
"G921": {"type": "Matrix2x2", "payoffs": [[[43,1],[0,0]],[[67,23],[5,18]]]},
"G922": {"type": "Matrix2x2", "payoffs": [[[54,7],[96,24]],[[34,13],[0,0]]]},
"G923": {"type": "Matrix2x2", "payoffs": [[[84,13],[32,10]],[[74,7],[0,0]]]},
"G924": {"type": "Matrix2x2", "payoffs": [[[0,82],[7,0]],[[4,17],[10,83]]]},
"G925": {"type": "Matrix2x2", "payoffs": [[[100,19],[8,0]],[[71,15],[0,2]]]},
"G926": {"type": "Matrix2x2", "payoffs": [[[38,62],[0,0]],[[21,32],[82,65]]]},
"G927": {"type": "Matrix2x2", "payoffs": [[[81,0],[95,87]],[[0,83],[70,21]]]},
"G928": {"type": "Matrix2x2", "payoffs": [[[25,90],[0,0]],[[5,11],[20,81]]]},
"G929": {"type": "Matrix2x2", "payoffs": [[[6,21],[23,52]],[[8,9],[0,0]]]},
"G930": {"type": "Matrix2x2", "payoffs": [[[37,0],[62,12]],[[68,25],[0,21]]]},
"G931": {"type": "Matrix2x2", "payoffs": [[[6,0],[55,25]],[[0,10],[34,22]]]},
"G932": {"type": "Matrix2x2", "payoffs": [[[97,10],[81,8]],[[0,4],[72,0]]]},
"G933": {"type": "Matrix2x2", "payoffs": [[[4,0],[15,17]],[[0,6],[29,28]]]},
"G934": {"type": "Matrix2x2", "payoffs": [[[12,0],[32,36]],[[0,6],[2,10]]]},
"G935": {"type": "Matrix2x2", "payoffs": [[[32,13],[15,0]],[[3,12],[0,5]]]},
"G936": {"type": "Matrix2x2", "payoffs": [[[44,0],[98,81]],[[0,75],[75,9]]]},
"G937": {"type": "Matrix2x2", "payoffs": [[[37,95],[50,100]],[[18,1],[0,0]]]},
"G938": {"type": "Matrix2x2", "payoffs": [[[0,0],[13,35]],[[14,40],[12,30]]]},
"G939": {"type": "Matrix2x2", "payoffs": [[[9,15],[92,24]],[[0,14],[35,0]]]},
"G940": {"type": "Matrix2x2", "payoffs": [[[33,37],[0,3]],[[99,96],[81,0]]]},
"G941": {"type": "Matrix2x2", "payoffs": [[[0,0],[3,31]],[[9,34],[6,6]]]},
"G942": {"type": "Matrix2x2", "payoffs": [[[49,44],[0,0]],[[23,31],[92,72]]]},
"G943": {"type": "Matrix2x2", "payoffs": [[[24,24],[45,65]],[[40,0],[0,18]]]},
"G944": {"type": "Matrix2x2", "payoffs": [[[9,17],[22,100]],[[0,0],[10,31]]]},
"G945": {"type": "Matrix2x2", "payoffs": [[[48,38],[45,42]],[[62,64],[0,0]]]},
"G946": {"type": "Matrix2x2", "payoffs": [[[7,11],[4,24]],[[8,31],[0,0]]]},
"G947": {"type": "Matrix2x2", "payoffs": [[[11,0],[5,28]],[[0,31],[13,38]]]},
"G948": {"type": "Matrix2x2", "payoffs": [[[62,53],[2,34]],[[19,0],[0,22]]]},
"G949": {"type": "Matrix2x2", "payoffs": [[[0,0],[55,50]],[[57,62],[82,67]]]},
"G950": {"type": "Matrix2x2", "payoffs": [[[34,1],[16,4]],[[74,16],[0,0]]]},
"G951": {"type": "Matrix2x2", "payoffs": [[[0,41],[13,6]],[[29,0],[41,90]]]},
"G952": {"type": "Matrix2x2", "payoffs": [[[83,67],[66,10]],[[41,21],[0,0]]]},
"G953": {"type": "Matrix2x2", "payoffs": [[[0,0],[94,77]],[[48,73],[24,58]]]},
"G954": {"type": "Matrix2x2", "payoffs": [[[11,10],[12,65]],[[0,0],[61,96]]]},
"G955": {"type": "Matrix2x2", "payoffs": [[[0,1],[68,3]],[[88,30],[34,0]]]},
"G956": {"type": "Matrix2x2", "payoffs": [[[61,35],[0,30]],[[10,0],[2,16]]]},
"G957": {"type": "Matrix2x2", "payoffs": [[[0,28],[67,0]],[[77,87],[56,25]]]},
"G958": {"type": "Matrix2x2", "payoffs": [[[94,71],[0,47]],[[58,27],[15,0]]]},
"G959": {"type": "Matrix2x2", "payoffs": [[[24,10],[0,15]],[[48,31],[47,0]]]},
"G960": {"type": "Matrix2x2", "payoffs": [[[13,33],[58,44]],[[3,6],[0,0]]]},
"G961": {"type": "Matrix2x2", "payoffs": [[[59,31],[4,0]],[[55,22],[0,4]]]},
"G962": {"type": "Matrix2x2", "payoffs": [[[52,0],[70,90]],[[0,49],[20,81]]]},
"G963": {"type": "Matrix2x2", "payoffs": [[[46,0],[69,54]],[[0,47],[78,86]]]},
"G964": {"type": "Matrix2x2", "payoffs": [[[8,0],[11,9]],[[12,43],[0,16]]]},
"G965": {"type": "Matrix2x2", "payoffs": [[[0,3],[12,0]],[[24,7],[22,6]]]},
"G966": {"type": "Matrix2x2", "payoffs": [[[8,0],[73,1]],[[0,2],[75,3]]]},
"G967": {"type": "Matrix2x2", "payoffs": [[[72,94],[50,9]],[[44,0],[0,28]]]},
"G968": {"type": "Matrix2x2", "payoffs": [[[19,4],[14,3]],[[0,0],[2,2]]]},
"G969": {"type": "Matrix2x2", "payoffs": [[[0,29],[1,0]],[[7,25],[20,59]]]},
"G970": {"type": "Matrix2x2", "payoffs": [[[17,19],[54,82]],[[0,0],[10,58]]]},
"G971": {"type": "Matrix2x2", "payoffs": [[[67,34],[98,75]],[[0,67],[92,0]]]},
"G972": {"type": "Matrix2x2", "payoffs": [[[33,23],[50,58]],[[0,38],[40,0]]]},
"G973": {"type": "Matrix2x2", "payoffs": [[[18,4],[23,2]],[[40,13],[0,0]]]},
"G974": {"type": "Matrix2x2", "payoffs": [[[0,0],[53,21]],[[55,30],[76,51]]]},
"G975": {"type": "Matrix2x2", "payoffs": [[[12,4],[2,0]],[[73,14],[0,10]]]},
"G976": {"type": "Matrix2x2", "payoffs": [[[14,0],[22,19]],[[0,30],[86,32]]]},
"G977": {"type": "Matrix2x2", "payoffs": [[[47,20],[0,0]],[[84,61],[33,23]]]},
"G978": {"type": "Matrix2x2", "payoffs": [[[92,11],[71,4]],[[0,0],[88,8]]]},
"G979": {"type": "Matrix2x2", "payoffs": [[[31,91],[14,66]],[[0,0],[22,80]]]},
"G980": {"type": "Matrix2x2", "payoffs": [[[41,0],[67,3]],[[28,2],[0,1]]]},
"G981": {"type": "Matrix2x2", "payoffs": [[[0,49],[62,0]],[[82,73],[78,24]]]},
"G982": {"type": "Matrix2x2", "payoffs": [[[29,0],[81,67]],[[0,31],[57,28]]]},
"G983": {"type": "Matrix2x2", "payoffs": [[[44,80],[10,5]],[[0,0],[31,67]]]},
"G984": {"type": "Matrix2x2", "payoffs": [[[75,25],[6,0]],[[0,6],[12,9]]]},
"G985": {"type": "Matrix2x2", "payoffs": [[[1,16],[9,21]],[[17,58],[0,0]]]},
"G986": {"type": "Matrix2x2", "payoffs": [[[47,0],[0,44]],[[71,62],[8,35]]]},
"G987": {"type": "Matrix2x2", "payoffs": [[[30,0],[48,36]],[[41,29],[0,8]]]},
"G988": {"type": "Matrix2x2", "payoffs": [[[23,57],[25,79]],[[0,0],[9,36]]]},
"G989": {"type": "Matrix2x2", "payoffs": [[[20,0],[0,14]],[[35,17],[51,62]]]},
"G990": {"type": "Matrix2x2", "payoffs": [[[72,7],[0,60]],[[32,0],[82,62]]]},
"G991": {"type": "Matrix2x2", "payoffs": [[[41,17],[56,57]],[[91,83],[0,0]]]},
"G992": {"type": "Matrix2x2", "payoffs": [[[0,76],[6,38]],[[14,80],[11,0]]]},
"G993": {"type": "Matrix2x2", "payoffs": [[[28,90],[0,0]],[[44,100],[42,85]]]},
"G994": {"type": "Matrix2x2", "payoffs": [[[45,0],[50,70]],[[0,8],[6,24]]]},
"G995": {"type": "Matrix2x2", "payoffs": [[[46,3],[0,0]],[[73,14],[59,1]]]},
"G996": {"type": "Matrix2x2", "payoffs": [[[53,9],[66,15]],[[17,10],[0,0]]]},
"G997": {"type": "Matrix2x2", "payoffs": [[[0,2],[3,3]],[[22,0],[73,4]]]},
"G998": {"type": "Matrix2x2", "payoffs": [[[17,5],[0,4]],[[13,3],[14,0]]]},
"G999": {"type": "Matrix2x2", "payoffs": [[[24,88],[3,0]],[[4,77],[0,40]]]},
"G1000": {"type": "Matrix2x2", "payoffs": [[[0,17],[67,15]],[[29,0],[75,53]]]}
}