{
"numGames": 100,
"G1": {"type": "Matrix2x2", "payoffs": [[[7,0],[12,60]],[[0,54],[85,69]]]},
"G2": {"type": "Matrix2x2", "payoffs": [[[0,39],[8,0]],[[10,10],[24,61]]]},
"G3": {"type": "Matrix2x2", "payoffs": [[[46,36],[55,64]],[[0,61],[42,0]]]},
"G4": {"type": "Matrix2x2", "payoffs": [[[0,0],[28,39]],[[51,64],[24,16]]]},
"G5": {"type": "Matrix2x2", "payoffs": [[[48,0],[60,86]],[[0,53],[26,80]]]},
"G6": {"type": "Matrix2x2", "payoffs": [[[88,86],[0,0]],[[86,8],[67,55]]]},
"G7": {"type": "Matrix2x2", "payoffs": [[[37,58],[14,52]],[[15,11],[0,0]]]},
"G8": {"type": "Matrix2x2", "payoffs": [[[0,10],[8,0]],[[22,26],[91,85]]]},
"G9": {"type": "Matrix2x2", "payoffs": [[[0,0],[17,25]],[[13,15],[98,37]]]},
"G10": {"type": "Matrix2x2", "payoffs": [[[47,59],[0,14]],[[16,19],[3,0]]]},
"G11": {"type": "Matrix2x2", "payoffs": [[[14,41],[25,36]],[[54,88],[0,0]]]},
"G12": {"type": "Matrix2x2", "payoffs": [[[6,24],[0,0]],[[46,25],[36,22]]]},
"G13": {"type": "Matrix2x2", "payoffs": [[[9,0],[11,67]],[[3,4],[0,14]]]},
"G14": {"type": "Matrix2x2", "payoffs": [[[0,0],[62,9]],[[33,1],[24,4]]]},
"G15": {"type": "Matrix2x2", "payoffs": [[[96,9],[0,0]],[[22,1],[92,5]]]},
"G16": {"type": "Matrix2x2", "payoffs": [[[0,0],[69,17]],[[9,65],[89,99]]]},
"G17": {"type": "Matrix2x2", "payoffs": [[[37,97],[0,0]],[[2,24],[32,42]]]},
"G18": {"type": "Matrix2x2", "payoffs": [[[0,1],[28,31]],[[2,0],[1,26]]]},
"G19": {"type": "Matrix2x2", "payoffs": [[[0,16],[4,52]],[[43,76],[9,0]]]},
"G20": {"type": "Matrix2x2", "payoffs": [[[16,0],[22,29]],[[0,12],[15,4]]]},
"G21": {"type": "Matrix2x2", "payoffs": [[[15,78],[0,53]],[[1,26],[5,0]]]},
"G22": {"type": "Matrix2x2", "payoffs": [[[0,0],[80,1]],[[53,17],[96,20]]]},
"G23": {"type": "Matrix2x2", "payoffs": [[[0,0],[13,40]],[[27,43],[4,29]]]},
"G24": {"type": "Matrix2x2", "payoffs": [[[10,48],[0,2]],[[4,0],[41,95]]]},
"G25": {"type": "Matrix2x2", "payoffs": [[[16,29],[0,0]],[[54,24],[73,43]]]},
"G26": {"type": "Matrix2x2", "payoffs": [[[0,31],[2,3]],[[3,0],[8,33]]]},
"G27": {"type": "Matrix2x2", "payoffs": [[[11,0],[29,69]],[[0,5],[17,28]]]},
"G28": {"type": "Matrix2x2", "payoffs": [[[0,34],[23,9]],[[42,45],[1,0]]]},
"G29": {"type": "Matrix2x2", "payoffs": [[[18,0],[26,13]],[[4,4],[0,6]]]},
"G30": {"type": "Matrix2x2", "payoffs": [[[17,15],[0,0]],[[21,38],[49,59]]]},
"G31": {"type": "Matrix2x2", "payoffs": [[[0,16],[81,92]],[[15,0],[55,27]]]},
"G32": {"type": "Matrix2x2", "payoffs": [[[0,44],[11,0]],[[25,93],[13,27]]]},
"G33": {"type": "Matrix2x2", "payoffs": [[[0,0],[4,68]],[[8,4],[14,97]]]},
"G34": {"type": "Matrix2x2", "payoffs": [[[80,25],[58,7]],[[59,15],[0,0]]]},
"G35": {"type": "Matrix2x2", "payoffs": [[[0,11],[38,0]],[[1,42],[99,44]]]},
"G36": {"type": "Matrix2x2", "payoffs": [[[11,0],[43,95]],[[0,2],[37,39]]]},
"G37": {"type": "Matrix2x2", "payoffs": [[[1,0],[13,12]],[[18,31],[0,7]]]},
"G38": {"type": "Matrix2x2", "payoffs": [[[82,22],[26,9]],[[0,20],[32,0]]]},
"G39": {"type": "Matrix2x2", "payoffs": [[[0,53],[65,62]],[[18,2],[57,0]]]},
"G40": {"type": "Matrix2x2", "payoffs": [[[0,28],[11,2]],[[38,0],[71,36]]]},
"G41": {"type": "Matrix2x2", "payoffs": [[[70,71],[0,0]],[[92,84],[16,16]]]},
"G42": {"type": "Matrix2x2", "payoffs": [[[0,22],[13,0]],[[22,19],[24,28]]]},
"G43": {"type": "Matrix2x2", "payoffs": [[[84,0],[0,25]],[[89,50],[40,17]]]},
"G44": {"type": "Matrix2x2", "payoffs": [[[20,12],[40,0]],[[72,21],[0,7]]]},
"G45": {"type": "Matrix2x2", "payoffs": [[[0,31],[43,0]],[[94,93],[21,75]]]},
"G46": {"type": "Matrix2x2", "payoffs": [[[1,61],[3,12]],[[4,95],[0,0]]]},
"G47": {"type": "Matrix2x2", "payoffs": [[[0,0],[31,31]],[[96,77],[11,20]]]},
"G48": {"type": "Matrix2x2", "payoffs": [[[11,2],[3,4]],[[0,0],[15,5]]]},
"G49": {"type": "Matrix2x2", "payoffs": [[[30,22],[54,18]],[[0,0],[56,26]]]},
"G50": {"type": "Matrix2x2", "payoffs": [[[37,11],[50,14]],[[0,2],[40,0]]]},
"G51": {"type": "Matrix2x2", "payoffs": [[[22,0],[0,10]],[[17,12],[57,30]]]},
"G52": {"type": "Matrix2x2", "payoffs": [[[0,9],[45,34]],[[53,80],[51,0]]]},
"G53": {"type": "Matrix2x2", "payoffs": [[[0,0],[3,9]],[[13,7],[31,86]]]},
"G54": {"type": "Matrix2x2", "payoffs": [[[81,13],[72,31]],[[90,50],[0,0]]]},
"G55": {"type": "Matrix2x2", "payoffs": [[[18,0],[5,5]],[[19,46],[0,22]]]},
"G56": {"type": "Matrix2x2", "payoffs": [[[17,0],[11,28]],[[0,14],[45,29]]]},
"G57": {"type": "Matrix2x2", "payoffs": [[[24,11],[0,0]],[[6,6],[16,7]]]},
"G58": {"type": "Matrix2x2", "payoffs": [[[3,25],[2,1]],[[0,0],[6,30]]]},
"G59": {"type": "Matrix2x2", "payoffs": [[[33,8],[15,0]],[[0,32],[38,40]]]},
"G60": {"type": "Matrix2x2", "payoffs": [[[0,12],[19,45]],[[13,0],[8,13]]]},
"G61": {"type": "Matrix2x2", "payoffs": [[[67,1],[91,6]],[[0,0],[45,4]]]},
"G62": {"type": "Matrix2x2", "payoffs": [[[0,37],[33,73]],[[97,92],[14,0]]]},
"G63": {"type": "Matrix2x2", "payoffs": [[[55,92],[24,0]],[[28,71],[0,72]]]},
"G64": {"type": "Matrix2x2", "payoffs": [[[3,3],[8,6]],[[6,0],[0,1]]]},
"G65": {"type": "Matrix2x2", "payoffs": [[[0,0],[43,28]],[[62,51],[49,30]]]},
"G66": {"type": "Matrix2x2", "payoffs": [[[49,55],[19,9]],[[0,0],[75,73]]]},
"G67": {"type": "Matrix2x2", "payoffs": [[[15,66],[0,37]],[[10,0],[8,59]]]},
"G68": {"type": "Matrix2x2", "payoffs": [[[8,60],[7,0]],[[34,88],[0,17]]]},
"G69": {"type": "Matrix2x2", "payoffs": [[[2,61],[7,9]],[[0,0],[22,67]]]},
"G70": {"type": "Matrix2x2", "payoffs": [[[6,80],[1,61]],[[3,0],[0,23]]]},
"G71": {"type": "Matrix2x2", "payoffs": [[[72,3],[69,0]],[[58,1],[0,2]]]},
"G72": {"type": "Matrix2x2", "payoffs": [[[16,36],[4,13]],[[14,0],[0,11]]]},
"G73": {"type": "Matrix2x2", "payoffs": [[[0,0],[13,40]],[[79,41],[37,18]]]},
"G74": {"type": "Matrix2x2", "payoffs": [[[81,19],[71,18]],[[0,1],[8,0]]]},
"G75": {"type": "Matrix2x2", "payoffs": [[[0,10],[45,0]],[[60,73],[52,52]]]},
"G76": {"type": "Matrix2x2", "payoffs": [[[18,80],[17,0]],[[0,10],[11,57]]]},
"G77": {"type": "Matrix2x2", "payoffs": [[[0,46],[12,78]],[[4,0],[8,33]]]},
"G78": {"type": "Matrix2x2", "payoffs": [[[96,66],[73,45]],[[19,1],[0,0]]]},
"G79": {"type": "Matrix2x2", "payoffs": [[[34,46],[35,0]],[[72,60],[0,26]]]},
"G80": {"type": "Matrix2x2", "payoffs": [[[0,0],[43,77]],[[33,45],[26,65]]]},
"G81": {"type": "Matrix2x2", "payoffs": [[[5,9],[2,49]],[[0,0],[9,84]]]},
"G82": {"type": "Matrix2x2", "payoffs": [[[53,60],[0,0]],[[65,96],[38,31]]]},
"G83": {"type": "Matrix2x2", "payoffs": [[[0,5],[33,90]],[[17,0],[15,18]]]},
"G84": {"type": "Matrix2x2", "payoffs": [[[17,0],[0,22]],[[65,40],[77,63]]]},
"G85": {"type": "Matrix2x2", "payoffs": [[[0,3],[6,6]],[[1,0],[10,10]]]},
"G86": {"type": "Matrix2x2", "payoffs": [[[75,13],[50,2]],[[0,0],[72,1]]]},
"G87": {"type": "Matrix2x2", "payoffs": [[[18,4],[0,0]],[[24,30],[1,12]]]},
"G88": {"type": "Matrix2x2", "payoffs": [[[0,31],[22,34]],[[12,0],[77,52]]]},
"G89": {"type": "Matrix2x2", "payoffs": [[[1,0],[3,71]],[[0,64],[15,95]]]},
"G90": {"type": "Matrix2x2", "payoffs": [[[14,0],[20,50]],[[0,48],[10,37]]]},
"G91": {"type": "Matrix2x2", "payoffs": [[[67,12],[29,18]],[[0,0],[91,66]]]},
"G92": {"type": "Matrix2x2", "payoffs": [[[1,0],[0,56]],[[8,60],[4,26]]]},
"G93": {"type": "Matrix2x2", "payoffs": [[[36,5],[0,0]],[[87,52],[44,22]]]},
"G94": {"type": "Matrix2x2", "payoffs": [[[23,24],[0,0]],[[9,38],[24,43]]]},
"G95": {"type": "Matrix2x2", "payoffs": [[[43,58],[0,37]],[[4,57],[24,0]]]},
"G96": {"type": "Matrix2x2", "payoffs": [[[99,10],[70,0]],[[0,8],[73,4]]]},
"G97": {"type": "Matrix2x2", "payoffs": [[[0,0],[2,6]],[[1,45],[3,63]]]},
"G98": {"type": "Matrix2x2", "payoffs": [[[35,38],[24,0]],[[0,28],[38,75]]]},
"G99": {"type": "Matrix2x2", "payoffs": [[[0,14],[1,37]],[[34,0],[67,38]]]},
"G100": {"type": "Matrix2x2", "payoffs": [[[9,32],[0,41]],[[21,44],[17,0]]]}
}