{
"numGames": 100,
"G1": {"type": "Matrix2x2", "payoffs": [[[0,0],[88,51]],[[68,3],[33,42]]]},
"G2": {"type": "Matrix2x2", "payoffs": [[[1,0],[5,96]],[[0,95],[3,92]]]},
"G3": {"type": "Matrix2x2", "payoffs": [[[0,7],[54,0]],[[67,1],[88,9]]]},
"G4": {"type": "Matrix2x2", "payoffs": [[[7,68],[0,0]],[[4,38],[2,18]]]},
"G5": {"type": "Matrix2x2", "payoffs": [[[0,6],[14,31]],[[4,0],[21,77]]]},
"G6": {"type": "Matrix2x2", "payoffs": [[[49,79],[26,59]],[[0,0],[44,26]]]},
"G7": {"type": "Matrix2x2", "payoffs": [[[93,38],[0,0]],[[28,17],[10,6]]]},
"G8": {"type": "Matrix2x2", "payoffs": [[[72,71],[53,21]],[[46,0],[0,65]]]},
"G9": {"type": "Matrix2x2", "payoffs": [[[3,50],[7,0]],[[0,17],[11,86]]]},
"G10": {"type": "Matrix2x2", "payoffs": [[[16,30],[23,0]],[[26,52],[0,32]]]},
"G11": {"type": "Matrix2x2", "payoffs": [[[30,74],[13,26]],[[11,0],[0,9]]]},
"G12": {"type": "Matrix2x2", "payoffs": [[[50,0],[60,10]],[[0,8],[38,5]]]},
"G13": {"type": "Matrix2x2", "payoffs": [[[0,41],[4,0]],[[2,86],[6,99]]]},
"G14": {"type": "Matrix2x2", "payoffs": [[[20,6],[18,32]],[[39,34],[0,0]]]},
"G15": {"type": "Matrix2x2", "payoffs": [[[3,11],[7,0]],[[0,21],[9,41]]]},
"G16": {"type": "Matrix2x2", "payoffs": [[[39,0],[0,55]],[[53,71],[31,10]]]},
"G17": {"type": "Matrix2x2", "payoffs": [[[49,70],[4,0]],[[29,12],[0,65]]]},
"G18": {"type": "Matrix2x2", "payoffs": [[[5,18],[0,0]],[[89,15],[98,33]]]},
"G19": {"type": "Matrix2x2", "payoffs": [[[12,38],[1,18]],[[9,25],[0,0]]]},
"G20": {"type": "Matrix2x2", "payoffs": [[[91,47],[0,0]],[[15,13],[20,43]]]},
"G21": {"type": "Matrix2x2", "payoffs": [[[92,36],[94,43]],[[0,0],[57,27]]]},
"G22": {"type": "Matrix2x2", "payoffs": [[[0,8],[76,66]],[[29,0],[18,51]]]},
"G23": {"type": "Matrix2x2", "payoffs": [[[96,100],[0,0]],[[6,11],[14,56]]]},
"G24": {"type": "Matrix2x2", "payoffs": [[[5,43],[0,0]],[[2,32],[4,6]]]},
"G25": {"type": "Matrix2x2", "payoffs": [[[17,11],[5,9]],[[36,14],[0,0]]]},
"G26": {"type": "Matrix2x2", "payoffs": [[[0,10],[44,20]],[[11,0],[94,30]]]},
"G27": {"type": "Matrix2x2", "payoffs": [[[57,0],[63,8]],[[58,3],[0,4]]]},
"G28": {"type": "Matrix2x2", "payoffs": [[[0,11],[38,0]],[[43,54],[7,31]]]},
"G29": {"type": "Matrix2x2", "payoffs": [[[59,92],[16,0]],[[0,22],[1,46]]]},
"G30": {"type": "Matrix2x2", "payoffs": [[[0,55],[8,0]],[[40,78],[18,40]]]},
"G31": {"type": "Matrix2x2", "payoffs": [[[14,25],[37,63]],[[27,32],[0,0]]]},
"G32": {"type": "Matrix2x2", "payoffs": [[[20,24],[34,34]],[[23,10],[0,0]]]},
"G33": {"type": "Matrix2x2", "payoffs": [[[23,17],[81,100]],[[0,18],[16,0]]]},
"G34": {"type": "Matrix2x2", "payoffs": [[[10,4],[0,0]],[[22,45],[1,7]]]},
"G35": {"type": "Matrix2x2", "payoffs": [[[2,57],[0,34]],[[9,0],[16,70]]]},
"G36": {"type": "Matrix2x2", "payoffs": [[[4,0],[0,48]],[[2,57],[39,69]]]},
"G37": {"type": "Matrix2x2", "payoffs": [[[27,75],[0,29]],[[16,0],[25,4]]]},
"G38": {"type": "Matrix2x2", "payoffs": [[[17,1],[0,6]],[[89,0],[92,14]]]},
"G39": {"type": "Matrix2x2", "payoffs": [[[48,4],[69,0]],[[94,65],[0,41]]]},
"G40": {"type": "Matrix2x2", "payoffs": [[[0,27],[7,21]],[[20,31],[1,0]]]},
"G41": {"type": "Matrix2x2", "payoffs": [[[13,82],[0,1]],[[3,57],[6,0]]]},
"G42": {"type": "Matrix2x2", "payoffs": [[[12,10],[8,0]],[[0,4],[2,2]]]},
"G43": {"type": "Matrix2x2", "payoffs": [[[19,56],[17,26]],[[75,91],[0,0]]]},
"G44": {"type": "Matrix2x2", "payoffs": [[[0,0],[74,64]],[[60,62],[52,51]]]},
"G45": {"type": "Matrix2x2", "payoffs": [[[74,31],[0,25]],[[83,68],[31,0]]]},
"G46": {"type": "Matrix2x2", "payoffs": [[[16,0],[36,65]],[[84,92],[0,83]]]},
"G47": {"type": "Matrix2x2", "payoffs": [[[41,7],[33,2]],[[0,0],[29,6]]]},
"G48": {"type": "Matrix2x2", "payoffs": [[[0,32],[31,89]],[[8,67],[4,0]]]},
"G49": {"type": "Matrix2x2", "payoffs": [[[0,0],[42,1]],[[68,5],[82,31]]]},
"G50": {"type": "Matrix2x2", "payoffs": [[[0,0],[15,60]],[[14,20],[2,37]]]},
"G51": {"type": "Matrix2x2", "payoffs": [[[46,64],[20,59]],[[0,0],[5,46]]]},
"G52": {"type": "Matrix2x2", "payoffs": [[[1,23],[2,0]],[[6,58],[0,25]]]},
"G53": {"type": "Matrix2x2", "payoffs": [[[63,84],[59,0]],[[0,9],[8,23]]]},
"G54": {"type": "Matrix2x2", "payoffs": [[[12,69],[64,75]],[[0,0],[16,66]]]},
"G55": {"type": "Matrix2x2", "payoffs": [[[26,0],[0,32]],[[13,7],[50,50]]]},
"G56": {"type": "Matrix2x2", "payoffs": [[[60,60],[49,42]],[[0,0],[7,29]]]},
"G57": {"type": "Matrix2x2", "payoffs": [[[14,0],[25,54]],[[8,23],[0,46]]]},
"G58": {"type": "Matrix2x2", "payoffs": [[[0,0],[40,11]],[[36,15],[89,26]]]},
"G59": {"type": "Matrix2x2", "payoffs": [[[49,59],[3,0]],[[0,49],[51,77]]]},
"G60": {"type": "Matrix2x2", "payoffs": [[[26,12],[15,0]],[[27,19],[0,14]]]},
"G61": {"type": "Matrix2x2", "payoffs": [[[0,38],[28,58]],[[25,0],[3,15]]]},
"G62": {"type": "Matrix2x2", "payoffs": [[[54,52],[51,48]],[[0,11],[8,0]]]},
"G63": {"type": "Matrix2x2", "payoffs": [[[28,63],[48,100]],[[44,97],[0,0]]]},
"G64": {"type": "Matrix2x2", "payoffs": [[[2,4],[0,13]],[[1,0],[4,26]]]},
"G65": {"type": "Matrix2x2", "payoffs": [[[49,0],[24,7]],[[0,28],[61,51]]]},
"G66": {"type": "Matrix2x2", "payoffs": [[[35,49],[33,21]],[[8,28],[0,0]]]},
"G67": {"type": "Matrix2x2", "payoffs": [[[72,84],[24,21]],[[0,26],[39,0]]]},
"G68": {"type": "Matrix2x2", "payoffs": [[[98,91],[46,5]],[[80,0],[0,2]]]},
"G69": {"type": "Matrix2x2", "payoffs": [[[12,0],[23,33]],[[0,90],[54,93]]]},
"G70": {"type": "Matrix2x2", "payoffs": [[[0,55],[80,0]],[[99,86],[61,69]]]},
"G71": {"type": "Matrix2x2", "payoffs": [[[0,19],[3,0]],[[56,47],[87,93]]]},
"G72": {"type": "Matrix2x2", "payoffs": [[[9,45],[2,0]],[[0,83],[28,93]]]},
"G73": {"type": "Matrix2x2", "payoffs": [[[12,39],[99,52]],[[45,0],[0,42]]]},
"G74": {"type": "Matrix2x2", "payoffs": [[[85,16],[0,0]],[[30,13],[7,7]]]},
"G75": {"type": "Matrix2x2", "payoffs": [[[0,27],[11,15]],[[26,35],[16,0]]]},
"G76": {"type": "Matrix2x2", "payoffs": [[[3,36],[14,60]],[[13,0],[0,1]]]},
"G77": {"type": "Matrix2x2", "payoffs": [[[71,35],[8,7]],[[3,21],[0,0]]]},
"G78": {"type": "Matrix2x2", "payoffs": [[[14,44],[11,58]],[[15,66],[0,0]]]},
"G79": {"type": "Matrix2x2", "payoffs": [[[10,34],[0,13]],[[8,0],[1,26]]]},
"G80": {"type": "Matrix2x2", "payoffs": [[[3,4],[1,0]],[[2,1],[0,2]]]},
"G81": {"type": "Matrix2x2", "payoffs": [[[82,7],[0,5]],[[48,0],[80,2]]]},
"G82": {"type": "Matrix2x2", "payoffs": [[[32,13],[11,8]],[[0,12],[12,0]]]},
"G83": {"type": "Matrix2x2", "payoffs": [[[14,0],[3,2]],[[40,5],[0,1]]]},
"G84": {"type": "Matrix2x2", "payoffs": [[[22,16],[0,29]],[[38,30],[19,0]]]},
"G85": {"type": "Matrix2x2", "payoffs": [[[6,21],[0,13]],[[24,0],[35,47]]]},
"G86": {"type": "Matrix2x2", "payoffs": [[[58,58],[47,16]],[[45,29],[0,0]]]},
"G87": {"type": "Matrix2x2", "payoffs": [[[25,15],[60,24]],[[0,4],[5,0]]]},
"G88": {"type": "Matrix2x2", "payoffs": [[[40,23],[36,0]],[[3,2],[0,14]]]},
"G89": {"type": "Matrix2x2", "payoffs": [[[18,35],[14,28]],[[46,71],[0,0]]]},
"G90": {"type": "Matrix2x2", "payoffs": [[[1,0],[11,4]],[[18,46],[0,26]]]},
"G91": {"type": "Matrix2x2", "payoffs": [[[35,14],[39,0]],[[61,21],[0,6]]]},
"G92": {"type": "Matrix2x2", "payoffs": [[[0,2],[5,31]],[[13,0],[16,91]]]},
"G93": {"type": "Matrix2x2", "payoffs": [[[3,18],[5,89]],[[16,95],[0,0]]]},
"G94": {"type": "Matrix2x2", "payoffs": [[[0,6],[2,22]],[[64,80],[57,0]]]},
"G95": {"type": "Matrix2x2", "payoffs": [[[0,1],[10,0]],[[69,8],[59,6]]]},
"G96": {"type": "Matrix2x2", "payoffs": [[[5,22],[20,24]],[[3,0],[0,19]]]},
"G97": {"type": "Matrix2x2", "payoffs": [[[0,0],[55,3]],[[93,4],[94,7]]]},
"G98": {"type": "Matrix2x2", "payoffs": [[[12,22],[11,0]],[[5,3],[0,21]]]},
"G99": {"type": "Matrix2x2", "payoffs": [[[0,5],[22,0]],[[35,15],[63,34]]]},
"G100": {"type": "Matrix2x2", "payoffs": [[[78,12],[0,11]],[[91,28],[25,0]]]}
}