{
"numGames": 100,
"G1": {"type": "Matrix2x2", "payoffs": [[[0,0],[54,14]],[[97,32],[17,19]]]},
"G2": {"type": "Matrix2x2", "payoffs": [[[12,13],[10,0]],[[19,21],[0,1]]]},
"G3": {"type": "Matrix2x2", "payoffs": [[[31,94],[18,0]],[[0,15],[5,6]]]},
"G4": {"type": "Matrix2x2", "payoffs": [[[55,16],[78,42]],[[29,40],[0,0]]]},
"G5": {"type": "Matrix2x2", "payoffs": [[[72,16],[85,77]],[[0,0],[15,56]]]},
"G6": {"type": "Matrix2x2", "payoffs": [[[50,0],[0,10]],[[40,24],[87,28]]]},
"G7": {"type": "Matrix2x2", "payoffs": [[[13,28],[23,49]],[[8,3],[0,0]]]},
"G8": {"type": "Matrix2x2", "payoffs": [[[18,24],[59,0]],[[0,1],[72,74]]]},
"G9": {"type": "Matrix2x2", "payoffs": [[[0,0],[47,61]],[[30,26],[35,31]]]},
"G10": {"type": "Matrix2x2", "payoffs": [[[5,14],[16,31]],[[3,7],[0,0]]]},
"G11": {"type": "Matrix2x2", "payoffs": [[[68,30],[88,54]],[[0,1],[43,0]]]},
"G12": {"type": "Matrix2x2", "payoffs": [[[0,0],[73,62]],[[24,6],[27,26]]]},
"G13": {"type": "Matrix2x2", "payoffs": [[[4,69],[45,82]],[[22,0],[0,35]]]},
"G14": {"type": "Matrix2x2", "payoffs": [[[16,48],[56,68]],[[0,33],[39,0]]]},
"G15": {"type": "Matrix2x2", "payoffs": [[[11,52],[26,84]],[[0,0],[17,26]]]},
"G16": {"type": "Matrix2x2", "payoffs": [[[0,25],[84,52]],[[19,37],[27,0]]]},
"G17": {"type": "Matrix2x2", "payoffs": [[[56,22],[0,33]],[[30,0],[65,37]]]},
"G18": {"type": "Matrix2x2", "payoffs": [[[8,0],[3,49]],[[0,72],[18,86]]]},
"G19": {"type": "Matrix2x2", "payoffs": [[[61,90],[5,0]],[[0,48],[23,4]]]},
"G20": {"type": "Matrix2x2", "payoffs": [[[4,11],[3,0]],[[1,10],[0,2]]]},
"G21": {"type": "Matrix2x2", "payoffs": [[[62,0],[97,63]],[[51,55],[0,16]]]},
"G22": {"type": "Matrix2x2", "payoffs": [[[20,0],[2,2]],[[55,67],[0,55]]]},
"G23": {"type": "Matrix2x2", "payoffs": [[[0,36],[89,58]],[[28,0],[66,5]]]},
"G24": {"type": "Matrix2x2", "payoffs": [[[4,10],[59,24]],[[28,0],[0,17]]]},
"G25": {"type": "Matrix2x2", "payoffs": [[[15,14],[5,0]],[[0,10],[6,11]]]},
"G26": {"type": "Matrix2x2", "payoffs": [[[7,74],[0,64]],[[70,75],[32,0]]]},
"G27": {"type": "Matrix2x2", "payoffs": [[[42,1],[89,7]],[[0,6],[57,0]]]},
"G28": {"type": "Matrix2x2", "payoffs": [[[29,38],[30,88]],[[0,0],[6,78]]]},
"G29": {"type": "Matrix2x2", "payoffs": [[[2,26],[0,0]],[[4,62],[1,41]]]},
"G30": {"type": "Matrix2x2", "payoffs": [[[70,7],[0,0]],[[17,1],[62,5]]]},
"G31": {"type": "Matrix2x2", "payoffs": [[[8,20],[0,0]],[[90,40],[19,35]]]},
"G32": {"type": "Matrix2x2", "payoffs": [[[5,45],[17,0]],[[20,60],[0,22]]]},
"G33": {"type": "Matrix2x2", "payoffs": [[[27,8],[22,0]],[[39,72],[0,30]]]},
"G34": {"type": "Matrix2x2", "payoffs": [[[23,73],[0,0]],[[19,66],[7,71]]]},
"G35": {"type": "Matrix2x2", "payoffs": [[[6,30],[8,35]],[[5,34],[0,0]]]},
"G36": {"type": "Matrix2x2", "payoffs": [[[0,16],[6,23]],[[1,0],[27,25]]]},
"G37": {"type": "Matrix2x2", "payoffs": [[[34,1],[0,13]],[[23,0],[87,19]]]},
"G38": {"type": "Matrix2x2", "payoffs": [[[11,9],[0,32]],[[8,0],[17,33]]]},
"G39": {"type": "Matrix2x2", "payoffs": [[[7,7],[4,8]],[[0,0],[28,12]]]},
"G40": {"type": "Matrix2x2", "payoffs": [[[0,0],[37,52]],[[36,3],[41,94]]]},
"G41": {"type": "Matrix2x2", "payoffs": [[[34,1],[37,0]],[[56,60],[0,12]]]},
"G42": {"type": "Matrix2x2", "payoffs": [[[11,28],[20,91]],[[5,0],[0,7]]]},
"G43": {"type": "Matrix2x2", "payoffs": [[[0,32],[77,0]],[[96,33],[45,23]]]},
"G44": {"type": "Matrix2x2", "payoffs": [[[21,74],[35,0]],[[0,23],[62,81]]]},
"G45": {"type": "Matrix2x2", "payoffs": [[[7,6],[0,5]],[[4,0],[27,8]]]},
"G46": {"type": "Matrix2x2", "payoffs": [[[79,36],[0,25]],[[48,0],[89,50]]]},
"G47": {"type": "Matrix2x2", "payoffs": [[[73,53],[58,0]],[[67,37],[0,12]]]},
"G48": {"type": "Matrix2x2", "payoffs": [[[1,22],[0,0]],[[10,83],[9,73]]]},
"G49": {"type": "Matrix2x2", "payoffs": [[[0,75],[29,89]],[[27,81],[11,0]]]},
"G50": {"type": "Matrix2x2", "payoffs": [[[26,20],[66,15]],[[0,0],[94,29]]]},
"G51": {"type": "Matrix2x2", "payoffs": [[[37,17],[0,6]],[[35,0],[39,18]]]},
"G52": {"type": "Matrix2x2", "payoffs": [[[33,99],[27,26]],[[20,16],[0,0]]]},
"G53": {"type": "Matrix2x2", "payoffs": [[[46,67],[0,0]],[[80,100],[61,24]]]},
"G54": {"type": "Matrix2x2", "payoffs": [[[0,49],[88,83]],[[29,54],[85,0]]]},
"G55": {"type": "Matrix2x2", "payoffs": [[[0,2],[17,5]],[[11,4],[15,0]]]},
"G56": {"type": "Matrix2x2", "payoffs": [[[0,17],[33,45]],[[19,38],[29,0]]]},
"G57": {"type": "Matrix2x2", "payoffs": [[[19,62],[2,25]],[[0,0],[16,40]]]},
"G58": {"type": "Matrix2x2", "payoffs": [[[1,16],[3,15]],[[0,0],[6,50]]]},
"G59": {"type": "Matrix2x2", "payoffs": [[[10,16],[0,0]],[[5,22],[19,57]]]},
"G60": {"type": "Matrix2x2", "payoffs": [[[0,2],[23,18]],[[21,0],[38,33]]]},
"G61": {"type": "Matrix2x2", "payoffs": [[[0,11],[29,0]],[[77,15],[90,38]]]},
"G62": {"type": "Matrix2x2", "payoffs": [[[36,96],[19,0]],[[13,91],[0,10]]]},
"G63": {"type": "Matrix2x2", "payoffs": [[[4,89],[7,49]],[[0,0],[32,91]]]},
"G64": {"type": "Matrix2x2", "payoffs": [[[17,0],[57,22]],[[87,62],[0,4]]]},
"G65": {"type": "Matrix2x2", "payoffs": [[[0,0],[17,10]],[[1,15],[32,20]]]},
"G66": {"type": "Matrix2x2", "payoffs": [[[14,22],[26,25]],[[0,0],[74,83]]]},
"G67": {"type": "Matrix2x2", "payoffs": [[[53,17],[0,16]],[[28,3],[45,0]]]},
"G68": {"type": "Matrix2x2", "payoffs": [[[0,11],[12,50]],[[5,49],[4,0]]]},
"G69": {"type": "Matrix2x2", "payoffs": [[[21,67],[0,64]],[[53,86],[34,0]]]},
"G70": {"type": "Matrix2x2", "payoffs": [[[21,4],[0,0]],[[96,65],[52,50]]]},
"G71": {"type": "Matrix2x2", "payoffs": [[[11,80],[30,92]],[[0,0],[24,57]]]},
"G72": {"type": "Matrix2x2", "payoffs": [[[47,7],[94,89]],[[0,41],[87,0]]]},
"G73": {"type": "Matrix2x2", "payoffs": [[[52,1],[83,75]],[[69,4],[0,0]]]},
"G74": {"type": "Matrix2x2", "payoffs": [[[0,0],[93,18]],[[30,16],[38,13]]]},
"G75": {"type": "Matrix2x2", "payoffs": [[[0,0],[4,40]],[[6,71],[5,52]]]},
"G76": {"type": "Matrix2x2", "payoffs": [[[0,22],[36,0]],[[89,25],[56,2]]]},
"G77": {"type": "Matrix2x2", "payoffs": [[[4,13],[94,98]],[[0,0],[7,70]]]},
"G78": {"type": "Matrix2x2", "payoffs": [[[14,11],[4,10]],[[1,8],[0,0]]]},
"G79": {"type": "Matrix2x2", "payoffs": [[[0,0],[77,50]],[[39,11],[19,28]]]},
"G80": {"type": "Matrix2x2", "payoffs": [[[48,11],[0,4]],[[81,33],[74,0]]]},
"G81": {"type": "Matrix2x2", "payoffs": [[[2,2],[0,36]],[[1,0],[3,46]]]},
"G82": {"type": "Matrix2x2", "payoffs": [[[0,69],[5,21]],[[27,0],[36,78]]]},
"G83": {"type": "Matrix2x2", "payoffs": [[[43,19],[46,0]],[[0,8],[51,28]]]},
"G84": {"type": "Matrix2x2", "payoffs": [[[0,0],[11,59]],[[32,63],[1,17]]]},
"G85": {"type": "Matrix2x2", "payoffs": [[[54,0],[20,68]],[[94,78],[0,52]]]},
"G86": {"type": "Matrix2x2", "payoffs": [[[0,0],[20,43]],[[26,22],[74,76]]]},
"G87": {"type": "Matrix2x2", "payoffs": [[[5,0],[35,76]],[[0,34],[23,63]]]},
"G88": {"type": "Matrix2x2", "payoffs": [[[0,0],[31,77]],[[71,82],[60,45]]]},
"G89": {"type": "Matrix2x2", "payoffs": [[[33,0],[0,7]],[[48,11],[46,1]]]},
"G90": {"type": "Matrix2x2", "payoffs": [[[6,96],[3,41]],[[5,0],[0,52]]]},
"G91": {"type": "Matrix2x2", "payoffs": [[[5,15],[0,9]],[[4,0],[8,16]]]},
"G92": {"type": "Matrix2x2", "payoffs": [[[85,6],[49,0]],[[0,5],[78,3]]]},
"G93": {"type": "Matrix2x2", "payoffs": [[[0,32],[20,12]],[[3,0],[63,41]]]},
"G94": {"type": "Matrix2x2", "payoffs": [[[0,0],[10,58]],[[16,59],[6,18]]]},
"G95": {"type": "Matrix2x2", "payoffs": [[[47,26],[28,21]],[[45,19],[0,0]]]},
"G96": {"type": "Matrix2x2", "payoffs": [[[42,15],[10,6]],[[0,10],[26,0]]]},
"G97": {"type": "Matrix2x2", "payoffs": [[[12,63],[0,15]],[[11,0],[8,46]]]},
"G98": {"type": "Matrix2x2", "payoffs": [[[3,29],[88,40]],[[0,0],[32,27]]]},
"G99": {"type": "Matrix2x2", "payoffs": [[[1,6],[0,4]],[[65,26],[52,0]]]},
"G100": {"type": "Matrix2x2", "payoffs": [[[0,0],[49,15]],[[64,18],[4,13]]]}
}