{
"numGames": 100,
"G1": {"type": "Matrix2x2", "payoffs": [[[16,37],[30,68]],[[0,50],[3,0]]]},
"G2": {"type": "Matrix2x2", "payoffs": [[[26,0],[44,36]],[[0,4],[22,10]]]},
"G3": {"type": "Matrix2x2", "payoffs": [[[40,0],[74,39]],[[0,23],[68,30]]]},
"G4": {"type": "Matrix2x2", "payoffs": [[[10,10],[51,60]],[[0,0],[55,82]]]},
"G5": {"type": "Matrix2x2", "payoffs": [[[3,28],[6,89]],[[0,0],[4,82]]]},
"G6": {"type": "Matrix2x2", "payoffs": [[[74,57],[41,22]],[[0,23],[6,0]]]},
"G7": {"type": "Matrix2x2", "payoffs": [[[0,0],[35,15]],[[51,8],[60,18]]]},
"G8": {"type": "Matrix2x2", "payoffs": [[[7,10],[0,46]],[[37,68],[19,0]]]},
"G9": {"type": "Matrix2x2", "payoffs": [[[27,15],[31,92]],[[0,29],[28,0]]]},
"G10": {"type": "Matrix2x2", "payoffs": [[[71,0],[74,55]],[[43,23],[0,5]]]},
"G11": {"type": "Matrix2x2", "payoffs": [[[22,0],[53,68]],[[8,58],[0,9]]]},
"G12": {"type": "Matrix2x2", "payoffs": [[[0,8],[75,82]],[[63,20],[50,0]]]},
"G13": {"type": "Matrix2x2", "payoffs": [[[0,1],[56,0]],[[99,5],[91,2]]]},
"G14": {"type": "Matrix2x2", "payoffs": [[[55,0],[0,18]],[[66,57],[34,8]]]},
"G15": {"type": "Matrix2x2", "payoffs": [[[27,23],[20,0]],[[8,7],[0,17]]]},
"G16": {"type": "Matrix2x2", "payoffs": [[[37,0],[0,42]],[[54,99],[44,89]]]},
"G17": {"type": "Matrix2x2", "payoffs": [[[12,47],[13,79]],[[0,72],[5,0]]]},
"G18": {"type": "Matrix2x2", "payoffs": [[[49,48],[88,66]],[[26,0],[0,26]]]},
"G19": {"type": "Matrix2x2", "payoffs": [[[18,5],[19,0]],[[21,94],[0,66]]]},
"G20": {"type": "Matrix2x2", "payoffs": [[[0,0],[73,2]],[[56,67],[99,68]]]},
"G21": {"type": "Matrix2x2", "payoffs": [[[6,23],[0,0]],[[11,70],[7,52]]]},
"G22": {"type": "Matrix2x2", "payoffs": [[[42,20],[84,35]],[[52,0],[0,11]]]},
"G23": {"type": "Matrix2x2", "payoffs": [[[65,0],[96,75]],[[38,18],[0,69]]]},
"G24": {"type": "Matrix2x2", "payoffs": [[[11,33],[89,37]],[[0,24],[45,0]]]},
"G25": {"type": "Matrix2x2", "payoffs": [[[23,62],[0,0]],[[28,78],[8,50]]]},
"G26": {"type": "Matrix2x2", "payoffs": [[[0,0],[57,38]],[[69,65],[30,24]]]},
"G27": {"type": "Matrix2x2", "payoffs": [[[5,0],[7,18]],[[20,29],[0,14]]]},
"G28": {"type": "Matrix2x2", "payoffs": [[[56,44],[0,0]],[[67,58],[85,74]]]},
"G29": {"type": "Matrix2x2", "payoffs": [[[30,57],[26,36]],[[24,5],[0,0]]]},
"G30": {"type": "Matrix2x2", "payoffs": [[[34,1],[1,5]],[[0,0],[82,11]]]},
"G31": {"type": "Matrix2x2", "payoffs": [[[7,52],[9,59]],[[4,0],[0,18]]]},
"G32": {"type": "Matrix2x2", "payoffs": [[[54,27],[40,0]],[[0,47],[60,58]]]},
"G33": {"type": "Matrix2x2", "payoffs": [[[0,38],[26,0]],[[58,49],[30,22]]]},
"G34": {"type": "Matrix2x2", "payoffs": [[[3,5],[0,3]],[[1,2],[2,0]]]},
"G35": {"type": "Matrix2x2", "payoffs": [[[17,71],[0,0]],[[26,78],[35,82]]]},
"G36": {"type": "Matrix2x2", "payoffs": [[[1,0],[8,82]],[[22,90],[0,6]]]},
"G37": {"type": "Matrix2x2", "payoffs": [[[86,15],[81,1]],[[17,0],[0,14]]]},
"G38": {"type": "Matrix2x2", "payoffs": [[[3,29],[85,60]],[[0,47],[53,0]]]},
"G39": {"type": "Matrix2x2", "payoffs": [[[6,0],[1,1]],[[7,3],[0,2]]]},
"G40": {"type": "Matrix2x2", "payoffs": [[[51,54],[48,14]],[[36,11],[0,0]]]},
"G41": {"type": "Matrix2x2", "payoffs": [[[0,0],[15,2]],[[20,16],[16,6]]]},
"G42": {"type": "Matrix2x2", "payoffs": [[[14,18],[7,24]],[[0,0],[38,36]]]},
"G43": {"type": "Matrix2x2", "payoffs": [[[37,97],[24,26]],[[0,84],[11,0]]]},
"G44": {"type": "Matrix2x2", "payoffs": [[[0,0],[19,1]],[[37,11],[39,28]]]},
"G45": {"type": "Matrix2x2", "payoffs": [[[85,4],[91,19]],[[0,0],[68,9]]]},
"G46": {"type": "Matrix2x2", "payoffs": [[[34,74],[0,0]],[[29,34],[31,8]]]},
"G47": {"type": "Matrix2x2", "payoffs": [[[8,56],[0,53]],[[34,97],[10,0]]]},
"G48": {"type": "Matrix2x2", "payoffs": [[[10,31],[0,16]],[[1,0],[13,39]]]},
"G49": {"type": "Matrix2x2", "payoffs": [[[42,10],[64,13]],[[0,0],[56,5]]]},
"G50": {"type": "Matrix2x2", "payoffs": [[[63,8],[64,34]],[[0,22],[3,0]]]},
"G51": {"type": "Matrix2x2", "payoffs": [[[33,8],[0,7]],[[54,22],[51,0]]]},
"G52": {"type": "Matrix2x2", "payoffs": [[[0,0],[38,3]],[[10,1],[73,4]]]},
"G53": {"type": "Matrix2x2", "payoffs": [[[44,8],[56,35]],[[31,0],[0,32]]]},
"G54": {"type": "Matrix2x2", "payoffs": [[[7,0],[14,2]],[[29,30],[0,5]]]},
"G55": {"type": "Matrix2x2", "payoffs": [[[0,0],[22,65]],[[20,50],[14,35]]]},
"G56": {"type": "Matrix2x2", "payoffs": [[[0,6],[74,0]],[[46,3],[78,8]]]},
"G57": {"type": "Matrix2x2", "payoffs": [[[92,11],[23,7]],[[81,0],[0,3]]]},
"G58": {"type": "Matrix2x2", "payoffs": [[[32,83],[0,0]],[[2,27],[29,74]]]},
"G59": {"type": "Matrix2x2", "payoffs": [[[84,6],[94,70]],[[56,0],[0,32]]]},
"G60": {"type": "Matrix2x2", "payoffs": [[[26,5],[3,0]],[[0,3],[22,1]]]},
"G61": {"type": "Matrix2x2", "payoffs": [[[8,82],[0,45]],[[2,0],[9,99]]]},
"G62": {"type": "Matrix2x2", "payoffs": [[[24,23],[4,0]],[[0,7],[5,11]]]},
"G63": {"type": "Matrix2x2", "payoffs": [[[35,0],[61,31]],[[71,84],[0,14]]]},
"G64": {"type": "Matrix2x2", "payoffs": [[[51,32],[20,20]],[[30,3],[0,0]]]},
"G65": {"type": "Matrix2x2", "payoffs": [[[52,0],[40,11]],[[95,22],[0,10]]]},
"G66": {"type": "Matrix2x2", "payoffs": [[[65,74],[28,37]],[[11,0],[0,17]]]},
"G67": {"type": "Matrix2x2", "payoffs": [[[58,43],[0,23]],[[7,17],[25,0]]]},
"G68": {"type": "Matrix2x2", "payoffs": [[[61,0],[64,16]],[[81,46],[0,14]]]},
"G69": {"type": "Matrix2x2", "payoffs": [[[81,33],[75,0]],[[0,14],[35,28]]]},
"G70": {"type": "Matrix2x2", "payoffs": [[[11,0],[9,2]],[[15,3],[0,1]]]},
"G71": {"type": "Matrix2x2", "payoffs": [[[34,48],[15,0]],[[0,38],[89,78]]]},
"G72": {"type": "Matrix2x2", "payoffs": [[[0,93],[67,28]],[[89,100],[76,0]]]},
"G73": {"type": "Matrix2x2", "payoffs": [[[0,36],[6,0]],[[13,39],[9,14]]]},
"G74": {"type": "Matrix2x2", "payoffs": [[[0,0],[91,96]],[[33,7],[32,25]]]},
"G75": {"type": "Matrix2x2", "payoffs": [[[13,3],[0,1]],[[3,2],[10,0]]]},
"G76": {"type": "Matrix2x2", "payoffs": [[[0,29],[7,40]],[[3,0],[5,13]]]},
"G77": {"type": "Matrix2x2", "payoffs": [[[0,2],[4,0]],[[9,10],[7,7]]]},
"G78": {"type": "Matrix2x2", "payoffs": [[[1,81],[0,60]],[[4,98],[3,0]]]},
"G79": {"type": "Matrix2x2", "payoffs": [[[7,14],[0,0]],[[21,51],[26,92]]]},
"G80": {"type": "Matrix2x2", "payoffs": [[[0,30],[47,17]],[[67,0],[83,44]]]},
"G81": {"type": "Matrix2x2", "payoffs": [[[10,5],[27,6]],[[0,0],[4,2]]]},
"G82": {"type": "Matrix2x2", "payoffs": [[[64,42],[27,0]],[[0,1],[12,22]]]},
"G83": {"type": "Matrix2x2", "payoffs": [[[51,22],[0,0]],[[8,3],[91,40]]]},
"G84": {"type": "Matrix2x2", "payoffs": [[[10,20],[59,0]],[[65,33],[0,7]]]},
"G85": {"type": "Matrix2x2", "payoffs": [[[0,34],[80,6]],[[58,0],[82,75]]]},
"G86": {"type": "Matrix2x2", "payoffs": [[[7,57],[53,98]],[[0,0],[26,58]]]},
"G87": {"type": "Matrix2x2", "payoffs": [[[12,1],[68,5]],[[0,0],[34,2]]]},
"G88": {"type": "Matrix2x2", "payoffs": [[[0,11],[86,21]],[[55,0],[83,2]]]},
"G89": {"type": "Matrix2x2", "payoffs": [[[24,77],[37,91]],[[75,92],[0,0]]]},
"G90": {"type": "Matrix2x2", "payoffs": [[[0,36],[58,92]],[[16,14],[55,0]]]},
"G91": {"type": "Matrix2x2", "payoffs": [[[3,0],[0,40]],[[21,47],[15,19]]]},
"G92": {"type": "Matrix2x2", "payoffs": [[[16,4],[3,0]],[[0,7],[72,13]]]},
"G93": {"type": "Matrix2x2", "payoffs": [[[90,38],[75,0]],[[0,35],[27,29]]]},
"G94": {"type": "Matrix2x2", "payoffs": [[[71,15],[0,0]],[[52,13],[15,14]]]},
"G95": {"type": "Matrix2x2", "payoffs": [[[5,0],[67,35]],[[0,29],[69,58]]]},
"G96": {"type": "Matrix2x2", "payoffs": [[[0,8],[23,1]],[[8,0],[45,12]]]},
"G97": {"type": "Matrix2x2", "payoffs": [[[34,2],[0,0]],[[39,10],[58,15]]]},
"G98": {"type": "Matrix2x2", "payoffs": [[[0,19],[11,8]],[[10,0],[12,20]]]},
"G99": {"type": "Matrix2x2", "payoffs": [[[71,0],[0,1]],[[81,8],[48,7]]]},
"G100": {"type": "Matrix2x2", "payoffs": [[[36,0],[0,21]],[[40,52],[12,45]]]}
}