{
"numGames": 1000,
"G1": {"type": "Matrix2x2", "payoffs": [[[46,46],[3,0]],[[0,42],[20,7]]]},
"G2": {"type": "Matrix2x2", "payoffs": [[[5,7],[0,0]],[[11,43],[4,3]]]},
"G3": {"type": "Matrix2x2", "payoffs": [[[0,4],[35,41]],[[55,69],[7,0]]]},
"G4": {"type": "Matrix2x2", "payoffs": [[[12,0],[32,100]],[[4,77],[0,19]]]},
"G5": {"type": "Matrix2x2", "payoffs": [[[65,0],[57,41]],[[0,28],[70,46]]]},
"G6": {"type": "Matrix2x2", "payoffs": [[[25,0],[47,34]],[[72,52],[0,40]]]},
"G7": {"type": "Matrix2x2", "payoffs": [[[20,26],[53,82]],[[0,0],[25,39]]]},
"G8": {"type": "Matrix2x2", "payoffs": [[[85,11],[59,0]],[[27,9],[0,2]]]},
"G9": {"type": "Matrix2x2", "payoffs": [[[65,62],[14,5]],[[59,0],[0,32]]]},
"G10": {"type": "Matrix2x2", "payoffs": [[[0,37],[66,0]],[[19,22],[81,73]]]},
"G11": {"type": "Matrix2x2", "payoffs": [[[46,1],[48,9]],[[0,0],[37,6]]]},
"G12": {"type": "Matrix2x2", "payoffs": [[[8,23],[12,33]],[[0,0],[23,40]]]},
"G13": {"type": "Matrix2x2", "payoffs": [[[20,8],[0,0]],[[50,10],[25,6]]]},
"G14": {"type": "Matrix2x2", "payoffs": [[[61,0],[75,26]],[[46,14],[0,5]]]},
"G15": {"type": "Matrix2x2", "payoffs": [[[63,75],[17,59]],[[0,0],[28,22]]]},
"G16": {"type": "Matrix2x2", "payoffs": [[[2,1],[1,0]],[[3,74],[0,28]]]},
"G17": {"type": "Matrix2x2", "payoffs": [[[70,12],[31,0]],[[55,8],[0,1]]]},
"G18": {"type": "Matrix2x2", "payoffs": [[[0,0],[2,27]],[[1,11],[4,60]]]},
"G19": {"type": "Matrix2x2", "payoffs": [[[7,0],[0,3]],[[22,50],[25,54]]]},
"G20": {"type": "Matrix2x2", "payoffs": [[[59,12],[0,1]],[[48,0],[75,36]]]},
"G21": {"type": "Matrix2x2", "payoffs": [[[20,22],[0,0]],[[11,13],[12,12]]]},
"G22": {"type": "Matrix2x2", "payoffs": [[[0,3],[79,2]],[[60,0],[92,9]]]},
"G23": {"type": "Matrix2x2", "payoffs": [[[16,0],[0,2]],[[18,4],[22,6]]]},
"G24": {"type": "Matrix2x2", "payoffs": [[[12,12],[8,0]],[[14,36],[0,22]]]},
"G25": {"type": "Matrix2x2", "payoffs": [[[8,39],[6,26]],[[0,5],[7,0]]]},
"G26": {"type": "Matrix2x2", "payoffs": [[[51,7],[61,14]],[[0,0],[7,5]]]},
"G27": {"type": "Matrix2x2", "payoffs": [[[18,60],[10,27]],[[0,34],[11,0]]]},
"G28": {"type": "Matrix2x2", "payoffs": [[[29,87],[27,59]],[[12,26],[0,0]]]},
"G29": {"type": "Matrix2x2", "payoffs": [[[71,100],[30,92]],[[0,0],[31,78]]]},
"G30": {"type": "Matrix2x2", "payoffs": [[[3,0],[0,16]],[[26,19],[4,3]]]},
"G31": {"type": "Matrix2x2", "payoffs": [[[42,47],[79,83]],[[59,43],[0,0]]]},
"G32": {"type": "Matrix2x2", "payoffs": [[[70,86],[40,65]],[[0,0],[39,31]]]},
"G33": {"type": "Matrix2x2", "payoffs": [[[54,75],[0,53]],[[23,0],[42,9]]]},
"G34": {"type": "Matrix2x2", "payoffs": [[[12,63],[48,0]],[[71,72],[0,57]]]},
"G35": {"type": "Matrix2x2", "payoffs": [[[4,0],[0,55]],[[3,41],[8,71]]]},
"G36": {"type": "Matrix2x2", "payoffs": [[[65,62],[47,17]],[[0,19],[54,0]]]},
"G37": {"type": "Matrix2x2", "payoffs": [[[37,37],[89,48]],[[49,47],[0,0]]]},
"G38": {"type": "Matrix2x2", "payoffs": [[[29,4],[0,0]],[[12,41],[44,42]]]},
"G39": {"type": "Matrix2x2", "payoffs": [[[0,48],[25,0]],[[30,26],[38,50]]]},
"G40": {"type": "Matrix2x2", "payoffs": [[[6,88],[4,67]],[[5,0],[0,71]]]},
"G41": {"type": "Matrix2x2", "payoffs": [[[0,0],[14,32]],[[50,24],[52,47]]]},
"G42": {"type": "Matrix2x2", "payoffs": [[[33,20],[79,33]],[[6,23],[0,0]]]},
"G43": {"type": "Matrix2x2", "payoffs": [[[22,47],[0,0]],[[32,82],[9,18]]]},
"G44": {"type": "Matrix2x2", "payoffs": [[[0,0],[20,81]],[[11,48],[9,59]]]},
"G45": {"type": "Matrix2x2", "payoffs": [[[63,53],[18,0]],[[58,27],[0,37]]]},
"G46": {"type": "Matrix2x2", "payoffs": [[[0,40],[98,60]],[[48,0],[91,44]]]},
"G47": {"type": "Matrix2x2", "payoffs": [[[0,0],[41,58]],[[21,48],[44,79]]]},
"G48": {"type": "Matrix2x2", "payoffs": [[[0,21],[78,100]],[[28,0],[66,59]]]},
"G49": {"type": "Matrix2x2", "payoffs": [[[0,19],[16,28]],[[7,11],[8,0]]]},
"G50": {"type": "Matrix2x2", "payoffs": [[[75,14],[0,8]],[[14,11],[54,0]]]},
"G51": {"type": "Matrix2x2", "payoffs": [[[6,7],[14,10]],[[0,0],[9,8]]]},
"G52": {"type": "Matrix2x2", "payoffs": [[[12,51],[26,75]],[[0,16],[15,0]]]},
"G53": {"type": "Matrix2x2", "payoffs": [[[27,39],[6,0]],[[41,79],[0,54]]]},
"G54": {"type": "Matrix2x2", "payoffs": [[[32,8],[57,19]],[[0,0],[17,12]]]},
"G55": {"type": "Matrix2x2", "payoffs": [[[0,0],[62,16]],[[72,38],[20,19]]]},
"G56": {"type": "Matrix2x2", "payoffs": [[[73,81],[25,14]],[[6,0],[0,69]]]},
"G57": {"type": "Matrix2x2", "payoffs": [[[39,54],[14,7]],[[0,47],[17,0]]]},
"G58": {"type": "Matrix2x2", "payoffs": [[[18,78],[3,37]],[[5,61],[0,0]]]},
"G59": {"type": "Matrix2x2", "payoffs": [[[0,0],[11,51]],[[8,5],[47,100]]]},
"G60": {"type": "Matrix2x2", "payoffs": [[[33,13],[50,33]],[[0,0],[58,40]]]},
"G61": {"type": "Matrix2x2", "payoffs": [[[45,12],[0,3]],[[5,0],[75,13]]]},
"G62": {"type": "Matrix2x2", "payoffs": [[[0,0],[1,28]],[[2,20],[3,36]]]},
"G63": {"type": "Matrix2x2", "payoffs": [[[6,0],[3,16]],[[0,5],[7,24]]]},
"G64": {"type": "Matrix2x2", "payoffs": [[[38,41],[5,0]],[[0,23],[9,5]]]},
"G65": {"type": "Matrix2x2", "payoffs": [[[0,29],[10,0]],[[56,50],[44,2]]]},
"G66": {"type": "Matrix2x2", "payoffs": [[[27,35],[9,18]],[[0,10],[2,0]]]},
"G67": {"type": "Matrix2x2", "payoffs": [[[0,0],[63,11]],[[36,17],[76,33]]]},
"G68": {"type": "Matrix2x2", "payoffs": [[[0,19],[1,23]],[[40,43],[39,0]]]},
"G69": {"type": "Matrix2x2", "payoffs": [[[43,76],[2,3]],[[0,30],[24,0]]]},
"G70": {"type": "Matrix2x2", "payoffs": [[[37,0],[0,24]],[[13,39],[38,48]]]},
"G71": {"type": "Matrix2x2", "payoffs": [[[23,42],[7,18]],[[0,0],[19,24]]]},
"G72": {"type": "Matrix2x2", "payoffs": [[[68,48],[85,63]],[[41,30],[0,0]]]},
"G73": {"type": "Matrix2x2", "payoffs": [[[92,73],[3,28]],[[0,0],[6,58]]]},
"G74": {"type": "Matrix2x2", "payoffs": [[[32,74],[87,82]],[[0,81],[83,0]]]},
"G75": {"type": "Matrix2x2", "payoffs": [[[0,0],[86,56]],[[87,78],[53,77]]]},
"G76": {"type": "Matrix2x2", "payoffs": [[[0,6],[69,10]],[[14,9],[19,0]]]},
"G77": {"type": "Matrix2x2", "payoffs": [[[0,40],[8,21]],[[13,70],[7,0]]]},
"G78": {"type": "Matrix2x2", "payoffs": [[[8,21],[9,34]],[[3,0],[0,8]]]},
"G79": {"type": "Matrix2x2", "payoffs": [[[94,32],[82,29]],[[58,0],[0,5]]]},
"G80": {"type": "Matrix2x2", "payoffs": [[[41,18],[0,71]],[[65,98],[22,0]]]},
"G81": {"type": "Matrix2x2", "payoffs": [[[37,33],[64,19]],[[100,60],[0,0]]]},
"G82": {"type": "Matrix2x2", "payoffs": [[[9,43],[8,7]],[[13,100],[0,0]]]},
"G83": {"type": "Matrix2x2", "payoffs": [[[0,17],[27,0]],[[10,20],[95,37]]]},
"G84": {"type": "Matrix2x2", "payoffs": [[[0,7],[3,0]],[[45,4],[48,26]]]},
"G85": {"type": "Matrix2x2", "payoffs": [[[93,88],[27,0]],[[38,39],[0,8]]]},
"G86": {"type": "Matrix2x2", "payoffs": [[[0,59],[50,0]],[[78,70],[96,71]]]},
"G87": {"type": "Matrix2x2", "payoffs": [[[65,11],[84,23]],[[56,3],[0,0]]]},
"G88": {"type": "Matrix2x2", "payoffs": [[[0,4],[46,2]],[[55,0],[60,5]]]},
"G89": {"type": "Matrix2x2", "payoffs": [[[0,36],[10,62]],[[1,0],[9,7]]]},
"G90": {"type": "Matrix2x2", "payoffs": [[[0,70],[24,0]],[[49,71],[41,26]]]},
"G91": {"type": "Matrix2x2", "payoffs": [[[30,16],[47,70]],[[0,0],[11,33]]]},
"G92": {"type": "Matrix2x2", "payoffs": [[[8,18],[5,44]],[[22,83],[0,0]]]},
"G93": {"type": "Matrix2x2", "payoffs": [[[36,33],[11,0]],[[0,29],[5,7]]]},
"G94": {"type": "Matrix2x2", "payoffs": [[[6,24],[0,0]],[[16,38],[17,42]]]},
"G95": {"type": "Matrix2x2", "payoffs": [[[12,27],[21,0]],[[0,26],[22,46]]]},
"G96": {"type": "Matrix2x2", "payoffs": [[[27,10],[15,3]],[[0,0],[55,26]]]},
"G97": {"type": "Matrix2x2", "payoffs": [[[0,0],[56,12]],[[78,61],[79,67]]]},
"G98": {"type": "Matrix2x2", "payoffs": [[[19,10],[22,17]],[[0,13],[16,0]]]},
"G99": {"type": "Matrix2x2", "payoffs": [[[55,51],[28,16]],[[0,0],[21,17]]]},
"G100": {"type": "Matrix2x2", "payoffs": [[[4,12],[15,5]],[[0,0],[24,27]]]},
"G101": {"type": "Matrix2x2", "payoffs": [[[2,0],[55,12]],[[0,7],[29,8]]]},
"G102": {"type": "Matrix2x2", "payoffs": [[[18,0],[0,17]],[[29,75],[27,57]]]},
"G103": {"type": "Matrix2x2", "payoffs": [[[0,39],[58,6]],[[59,0],[63,51]]]},
"G104": {"type": "Matrix2x2", "payoffs": [[[0,0],[22,26]],[[55,36],[54,15]]]},
"G105": {"type": "Matrix2x2", "payoffs": [[[38,35],[0,0]],[[21,25],[67,52]]]},
"G106": {"type": "Matrix2x2", "payoffs": [[[14,97],[0,0]],[[10,39],[3,92]]]},
"G107": {"type": "Matrix2x2", "payoffs": [[[68,19],[49,0]],[[0,7],[8,17]]]},
"G108": {"type": "Matrix2x2", "payoffs": [[[38,3],[66,40]],[[0,27],[4,0]]]},
"G109": {"type": "Matrix2x2", "payoffs": [[[2,20],[11,0]],[[19,47],[0,31]]]},
"G110": {"type": "Matrix2x2", "payoffs": [[[26,54],[2,0]],[[1,37],[0,15]]]},
"G111": {"type": "Matrix2x2", "payoffs": [[[0,40],[45,0]],[[63,87],[30,10]]]},
"G112": {"type": "Matrix2x2", "payoffs": [[[0,3],[3,1]],[[8,0],[13,20]]]},
"G113": {"type": "Matrix2x2", "payoffs": [[[0,0],[10,48]],[[28,69],[7,50]]]},
"G114": {"type": "Matrix2x2", "payoffs": [[[20,25],[0,13]],[[6,6],[7,0]]]},
"G115": {"type": "Matrix2x2", "payoffs": [[[0,0],[39,36]],[[36,30],[16,20]]]},
"G116": {"type": "Matrix2x2", "payoffs": [[[76,87],[8,0]],[[69,64],[0,55]]]},
"G117": {"type": "Matrix2x2", "payoffs": [[[0,23],[38,52]],[[92,0],[93,53]]]},
"G118": {"type": "Matrix2x2", "payoffs": [[[0,16],[16,0]],[[23,64],[8,6]]]},
"G119": {"type": "Matrix2x2", "payoffs": [[[28,81],[0,13]],[[23,31],[1,0]]]},
"G120": {"type": "Matrix2x2", "payoffs": [[[60,33],[0,49]],[[63,50],[15,0]]]},
"G121": {"type": "Matrix2x2", "payoffs": [[[6,0],[0,52]],[[9,58],[13,73]]]},
"G122": {"type": "Matrix2x2", "payoffs": [[[0,20],[36,0]],[[20,15],[65,23]]]},
"G123": {"type": "Matrix2x2", "payoffs": [[[13,39],[24,46]],[[14,0],[0,42]]]},
"G124": {"type": "Matrix2x2", "payoffs": [[[3,0],[75,59]],[[60,36],[0,45]]]},
"G125": {"type": "Matrix2x2", "payoffs": [[[3,0],[41,20]],[[0,42],[91,100]]]},
"G126": {"type": "Matrix2x2", "payoffs": [[[77,3],[68,2]],[[4,1],[0,0]]]},
"G127": {"type": "Matrix2x2", "payoffs": [[[42,60],[54,94]],[[0,5],[10,0]]]},
"G128": {"type": "Matrix2x2", "payoffs": [[[53,0],[55,43]],[[0,31],[30,19]]]},
"G129": {"type": "Matrix2x2", "payoffs": [[[19,0],[0,10]],[[22,71],[23,93]]]},
"G130": {"type": "Matrix2x2", "payoffs": [[[14,0],[23,6]],[[38,16],[0,4]]]},
"G131": {"type": "Matrix2x2", "payoffs": [[[78,58],[10,42]],[[34,39],[0,0]]]},
"G132": {"type": "Matrix2x2", "payoffs": [[[0,0],[1,13]],[[34,34],[12,27]]]},
"G133": {"type": "Matrix2x2", "payoffs": [[[7,1],[0,30]],[[11,0],[55,43]]]},
"G134": {"type": "Matrix2x2", "payoffs": [[[31,0],[34,16]],[[0,5],[1,13]]]},
"G135": {"type": "Matrix2x2", "payoffs": [[[69,42],[68,1]],[[30,34],[0,0]]]},
"G136": {"type": "Matrix2x2", "payoffs": [[[6,86],[0,0]],[[7,100],[5,89]]]},
"G137": {"type": "Matrix2x2", "payoffs": [[[60,15],[78,20]],[[0,0],[41,10]]]},
"G138": {"type": "Matrix2x2", "payoffs": [[[0,50],[64,0]],[[69,24],[83,59]]]},
"G139": {"type": "Matrix2x2", "payoffs": [[[0,8],[53,16]],[[90,29],[55,0]]]},
"G140": {"type": "Matrix2x2", "payoffs": [[[0,14],[73,94]],[[65,0],[56,5]]]},
"G141": {"type": "Matrix2x2", "payoffs": [[[48,36],[0,43]],[[51,60],[11,0]]]},
"G142": {"type": "Matrix2x2", "payoffs": [[[0,1],[1,3]],[[32,8],[25,0]]]},
"G143": {"type": "Matrix2x2", "payoffs": [[[40,41],[75,0]],[[0,18],[81,47]]]},
"G144": {"type": "Matrix2x2", "payoffs": [[[51,0],[0,19]],[[56,45],[35,20]]]},
"G145": {"type": "Matrix2x2", "payoffs": [[[38,0],[6,55]],[[44,57],[0,2]]]},
"G146": {"type": "Matrix2x2", "payoffs": [[[17,19],[0,16]],[[3,0],[13,13]]]},
"G147": {"type": "Matrix2x2", "payoffs": [[[47,71],[35,60]],[[44,29],[0,0]]]},
"G148": {"type": "Matrix2x2", "payoffs": [[[0,3],[40,4]],[[17,0],[60,6]]]},
"G149": {"type": "Matrix2x2", "payoffs": [[[29,21],[0,8]],[[35,0],[85,27]]]},
"G150": {"type": "Matrix2x2", "payoffs": [[[0,0],[9,3]],[[4,17],[12,40]]]},
"G151": {"type": "Matrix2x2", "payoffs": [[[8,2],[5,0]],[[14,77],[0,38]]]},
"G152": {"type": "Matrix2x2", "payoffs": [[[46,32],[42,60]],[[0,0],[53,86]]]},
"G153": {"type": "Matrix2x2", "payoffs": [[[0,0],[23,43]],[[14,4],[13,24]]]},
"G154": {"type": "Matrix2x2", "payoffs": [[[11,0],[37,60]],[[17,22],[0,16]]]},
"G155": {"type": "Matrix2x2", "payoffs": [[[12,14],[36,61]],[[24,0],[0,36]]]},
"G156": {"type": "Matrix2x2", "payoffs": [[[76,46],[93,94]],[[0,0],[48,76]]]},
"G157": {"type": "Matrix2x2", "payoffs": [[[41,66],[0,8]],[[32,65],[25,0]]]},
"G158": {"type": "Matrix2x2", "payoffs": [[[57,4],[38,3]],[[27,1],[0,0]]]},
"G159": {"type": "Matrix2x2", "payoffs": [[[27,18],[20,45]],[[44,56],[0,0]]]},
"G160": {"type": "Matrix2x2", "payoffs": [[[73,11],[0,1]],[[46,9],[38,0]]]},
"G161": {"type": "Matrix2x2", "payoffs": [[[31,11],[1,0]],[[42,29],[0,20]]]},
"G162": {"type": "Matrix2x2", "payoffs": [[[45,37],[29,31]],[[0,0],[25,3]]]},
"G163": {"type": "Matrix2x2", "payoffs": [[[32,6],[38,68]],[[12,18],[0,0]]]},
"G164": {"type": "Matrix2x2", "payoffs": [[[0,0],[89,66]],[[71,19],[13,22]]]},
"G165": {"type": "Matrix2x2", "payoffs": [[[50,8],[17,38]],[[71,76],[0,0]]]},
"G166": {"type": "Matrix2x2", "payoffs": [[[21,2],[6,0]],[[0,47],[28,73]]]},
"G167": {"type": "Matrix2x2", "payoffs": [[[40,30],[19,11]],[[0,0],[29,13]]]},
"G168": {"type": "Matrix2x2", "payoffs": [[[6,9],[85,81]],[[46,0],[0,17]]]},
"G169": {"type": "Matrix2x2", "payoffs": [[[0,51],[2,0]],[[24,74],[28,79]]]},
"G170": {"type": "Matrix2x2", "payoffs": [[[16,0],[0,22]],[[2,23],[22,33]]]},
"G171": {"type": "Matrix2x2", "payoffs": [[[0,0],[15,31]],[[13,66],[18,74]]]},
"G172": {"type": "Matrix2x2", "payoffs": [[[51,9],[90,14]],[[0,0],[89,2]]]},
"G173": {"type": "Matrix2x2", "payoffs": [[[0,64],[39,35]],[[62,94],[51,0]]]},
"G174": {"type": "Matrix2x2", "payoffs": [[[27,16],[33,2]],[[41,26],[0,0]]]},
"G175": {"type": "Matrix2x2", "payoffs": [[[0,0],[5,29]],[[4,9],[3,6]]]},
"G176": {"type": "Matrix2x2", "payoffs": [[[74,80],[27,16]],[[53,19],[0,0]]]},
"G177": {"type": "Matrix2x2", "payoffs": [[[0,0],[81,61]],[[87,77],[83,24]]]},
"G178": {"type": "Matrix2x2", "payoffs": [[[23,21],[72,79]],[[0,76],[53,0]]]},
"G179": {"type": "Matrix2x2", "payoffs": [[[39,10],[0,6]],[[71,0],[74,28]]]},
"G180": {"type": "Matrix2x2", "payoffs": [[[0,49],[48,69]],[[10,0],[29,23]]]},
"G181": {"type": "Matrix2x2", "payoffs": [[[2,68],[19,89]],[[9,83],[0,0]]]},
"G182": {"type": "Matrix2x2", "payoffs": [[[5,0],[2,11]],[[0,21],[24,25]]]},
"G183": {"type": "Matrix2x2", "payoffs": [[[55,0],[35,22]],[[0,10],[90,71]]]},
"G184": {"type": "Matrix2x2", "payoffs": [[[15,0],[0,13]],[[14,56],[21,58]]]},
"G185": {"type": "Matrix2x2", "payoffs": [[[83,75],[82,13]],[[0,0],[17,71]]]},
"G186": {"type": "Matrix2x2", "payoffs": [[[2,8],[0,5]],[[1,0],[9,12]]]},
"G187": {"type": "Matrix2x2", "payoffs": [[[63,52],[0,0]],[[68,56],[59,7]]]},
"G188": {"type": "Matrix2x2", "payoffs": [[[49,0],[51,70]],[[23,27],[0,48]]]},
"G189": {"type": "Matrix2x2", "payoffs": [[[0,50],[2,36]],[[22,80],[17,0]]]},
"G190": {"type": "Matrix2x2", "payoffs": [[[0,38],[7,0]],[[21,70],[16,26]]]},
"G191": {"type": "Matrix2x2", "payoffs": [[[0,0],[16,36]],[[4,31],[10,27]]]},
"G192": {"type": "Matrix2x2", "payoffs": [[[16,30],[0,41]],[[10,0],[20,59]]]},
"G193": {"type": "Matrix2x2", "payoffs": [[[14,36],[0,0]],[[19,30],[34,51]]]},
"G194": {"type": "Matrix2x2", "payoffs": [[[0,5],[74,33]],[[38,0],[73,14]]]},
"G195": {"type": "Matrix2x2", "payoffs": [[[49,35],[0,17]],[[47,0],[16,20]]]},
"G196": {"type": "Matrix2x2", "payoffs": [[[82,31],[10,4]],[[0,14],[11,0]]]},
"G197": {"type": "Matrix2x2", "payoffs": [[[0,24],[24,6]],[[74,28],[57,0]]]},
"G198": {"type": "Matrix2x2", "payoffs": [[[28,43],[0,0]],[[16,6],[20,36]]]},
"G199": {"type": "Matrix2x2", "payoffs": [[[75,63],[84,73]],[[0,0],[2,33]]]},
"G200": {"type": "Matrix2x2", "payoffs": [[[5,28],[0,0]],[[11,52],[25,84]]]},
"G201": {"type": "Matrix2x2", "payoffs": [[[53,62],[41,0]],[[0,21],[77,76]]]},
"G202": {"type": "Matrix2x2", "payoffs": [[[11,65],[4,0]],[[0,17],[2,35]]]},
"G203": {"type": "Matrix2x2", "payoffs": [[[0,0],[21,52]],[[65,54],[25,30]]]},
"G204": {"type": "Matrix2x2", "payoffs": [[[0,0],[56,26]],[[3,18],[7,6]]]},
"G205": {"type": "Matrix2x2", "payoffs": [[[80,89],[0,18]],[[76,0],[10,41]]]},
"G206": {"type": "Matrix2x2", "payoffs": [[[14,42],[9,37]],[[0,0],[21,52]]]},
"G207": {"type": "Matrix2x2", "payoffs": [[[0,3],[7,12]],[[1,0],[4,4]]]},
"G208": {"type": "Matrix2x2", "payoffs": [[[27,18],[15,31]],[[0,0],[100,82]]]},
"G209": {"type": "Matrix2x2", "payoffs": [[[16,51],[0,65]],[[15,0],[19,73]]]},
"G210": {"type": "Matrix2x2", "payoffs": [[[77,87],[0,22]],[[44,0],[20,70]]]},
"G211": {"type": "Matrix2x2", "payoffs": [[[7,73],[0,52]],[[4,0],[5,12]]]},
"G212": {"type": "Matrix2x2", "payoffs": [[[0,3],[29,17]],[[16,0],[25,8]]]},
"G213": {"type": "Matrix2x2", "payoffs": [[[0,0],[8,1]],[[18,42],[4,14]]]},
"G214": {"type": "Matrix2x2", "payoffs": [[[76,44],[13,0]],[[0,6],[42,13]]]},
"G215": {"type": "Matrix2x2", "payoffs": [[[30,1],[49,5]],[[45,0],[0,3]]]},
"G216": {"type": "Matrix2x2", "payoffs": [[[85,29],[15,23]],[[30,0],[0,21]]]},
"G217": {"type": "Matrix2x2", "payoffs": [[[5,13],[7,0]],[[33,24],[0,15]]]},
"G218": {"type": "Matrix2x2", "payoffs": [[[22,0],[0,2]],[[43,4],[50,30]]]},
"G219": {"type": "Matrix2x2", "payoffs": [[[6,31],[63,0]],[[86,69],[0,42]]]},
"G220": {"type": "Matrix2x2", "payoffs": [[[0,0],[3,35]],[[37,56],[22,41]]]},
"G221": {"type": "Matrix2x2", "payoffs": [[[0,0],[25,65]],[[16,18],[6,23]]]},
"G222": {"type": "Matrix2x2", "payoffs": [[[31,68],[30,3]],[[0,0],[21,63]]]},
"G223": {"type": "Matrix2x2", "payoffs": [[[0,0],[68,58]],[[33,17],[24,26]]]},
"G224": {"type": "Matrix2x2", "payoffs": [[[17,22],[2,0]],[[18,48],[0,2]]]},
"G225": {"type": "Matrix2x2", "payoffs": [[[24,0],[38,100]],[[34,95],[0,65]]]},
"G226": {"type": "Matrix2x2", "payoffs": [[[39,14],[27,4]],[[0,11],[2,0]]]},
"G227": {"type": "Matrix2x2", "payoffs": [[[76,73],[0,0]],[[19,70],[6,29]]]},
"G228": {"type": "Matrix2x2", "payoffs": [[[79,69],[72,0]],[[39,45],[0,55]]]},
"G229": {"type": "Matrix2x2", "payoffs": [[[1,0],[0,59]],[[3,87],[2,28]]]},
"G230": {"type": "Matrix2x2", "payoffs": [[[25,46],[3,0]],[[0,16],[39,71]]]},
"G231": {"type": "Matrix2x2", "payoffs": [[[21,46],[0,5]],[[10,0],[18,23]]]},
"G232": {"type": "Matrix2x2", "payoffs": [[[2,0],[1,3]],[[0,5],[3,9]]]},
"G233": {"type": "Matrix2x2", "payoffs": [[[66,23],[64,18]],[[7,0],[0,7]]]},
"G234": {"type": "Matrix2x2", "payoffs": [[[15,0],[6,69]],[[0,65],[35,71]]]},
"G235": {"type": "Matrix2x2", "payoffs": [[[15,8],[0,0]],[[35,5],[54,9]]]},
"G236": {"type": "Matrix2x2", "payoffs": [[[4,8],[1,36]],[[0,0],[7,37]]]},
"G237": {"type": "Matrix2x2", "payoffs": [[[18,42],[20,69]],[[8,68],[0,0]]]},
"G238": {"type": "Matrix2x2", "payoffs": [[[13,0],[35,30]],[[0,26],[44,66]]]},
"G239": {"type": "Matrix2x2", "payoffs": [[[0,4],[45,41]],[[24,2],[30,0]]]},
"G240": {"type": "Matrix2x2", "payoffs": [[[3,83],[2,31]],[[1,0],[0,24]]]},
"G241": {"type": "Matrix2x2", "payoffs": [[[1,15],[0,0]],[[100,98],[73,68]]]},
"G242": {"type": "Matrix2x2", "payoffs": [[[32,0],[0,37]],[[1,5],[38,69]]]},
"G243": {"type": "Matrix2x2", "payoffs": [[[8,0],[11,41]],[[34,90],[0,34]]]},
"G244": {"type": "Matrix2x2", "payoffs": [[[3,67],[0,23]],[[9,0],[11,77]]]},
"G245": {"type": "Matrix2x2", "payoffs": [[[54,92],[0,43]],[[29,33],[2,0]]]},
"G246": {"type": "Matrix2x2", "payoffs": [[[11,10],[0,0]],[[9,1],[18,15]]]},
"G247": {"type": "Matrix2x2", "payoffs": [[[99,79],[57,52]],[[0,5],[98,0]]]},
"G248": {"type": "Matrix2x2", "payoffs": [[[0,47],[73,0]],[[14,87],[82,89]]]},
"G249": {"type": "Matrix2x2", "payoffs": [[[7,70],[8,31]],[[0,0],[15,95]]]},
"G250": {"type": "Matrix2x2", "payoffs": [[[0,0],[70,9]],[[75,6],[97,41]]]},
"G251": {"type": "Matrix2x2", "payoffs": [[[3,0],[1,11]],[[5,22],[0,6]]]},
"G252": {"type": "Matrix2x2", "payoffs": [[[8,0],[14,46]],[[0,62],[70,90]]]},
"G253": {"type": "Matrix2x2", "payoffs": [[[27,10],[0,5]],[[91,11],[12,0]]]},
"G254": {"type": "Matrix2x2", "payoffs": [[[0,4],[95,11]],[[24,3],[28,0]]]},
"G255": {"type": "Matrix2x2", "payoffs": [[[39,0],[81,79]],[[0,8],[34,75]]]},
"G256": {"type": "Matrix2x2", "payoffs": [[[17,24],[9,0]],[[8,5],[0,6]]]},
"G257": {"type": "Matrix2x2", "payoffs": [[[0,31],[92,37]],[[75,0],[66,8]]]},
"G258": {"type": "Matrix2x2", "payoffs": [[[23,0],[0,70]],[[52,10],[57,88]]]},
"G259": {"type": "Matrix2x2", "payoffs": [[[18,2],[0,0]],[[33,1],[50,3]]]},
"G260": {"type": "Matrix2x2", "payoffs": [[[0,3],[41,4]],[[7,1],[26,0]]]},
"G261": {"type": "Matrix2x2", "payoffs": [[[0,31],[7,0]],[[17,34],[23,36]]]},
"G262": {"type": "Matrix2x2", "payoffs": [[[0,0],[7,28]],[[18,85],[13,22]]]},
"G263": {"type": "Matrix2x2", "payoffs": [[[19,47],[47,0]],[[0,14],[56,65]]]},
"G264": {"type": "Matrix2x2", "payoffs": [[[15,71],[3,0]],[[0,44],[19,85]]]},
"G265": {"type": "Matrix2x2", "payoffs": [[[10,0],[16,33]],[[3,6],[0,17]]]},
"G266": {"type": "Matrix2x2", "payoffs": [[[8,55],[3,0]],[[0,22],[2,2]]]},
"G267": {"type": "Matrix2x2", "payoffs": [[[2,22],[0,0]],[[7,52],[1,35]]]},
"G268": {"type": "Matrix2x2", "payoffs": [[[98,87],[0,0]],[[29,76],[81,36]]]},
"G269": {"type": "Matrix2x2", "payoffs": [[[0,0],[46,30]],[[29,19],[41,6]]]},
"G270": {"type": "Matrix2x2", "payoffs": [[[0,13],[10,0]],[[13,16],[8,1]]]},
"G271": {"type": "Matrix2x2", "payoffs": [[[20,10],[15,0]],[[24,13],[0,12]]]},
"G272": {"type": "Matrix2x2", "payoffs": [[[5,18],[0,0]],[[25,76],[37,94]]]},
"G273": {"type": "Matrix2x2", "payoffs": [[[79,19],[67,15]],[[0,0],[69,16]]]},
"G274": {"type": "Matrix2x2", "payoffs": [[[0,0],[57,62]],[[16,49],[18,59]]]},
"G275": {"type": "Matrix2x2", "payoffs": [[[0,38],[27,88]],[[21,0],[15,43]]]},
"G276": {"type": "Matrix2x2", "payoffs": [[[3,93],[1,80]],[[2,63],[0,0]]]},
"G277": {"type": "Matrix2x2", "payoffs": [[[29,5],[11,2]],[[6,0],[0,1]]]},
"G278": {"type": "Matrix2x2", "payoffs": [[[10,10],[0,7]],[[8,8],[7,0]]]},
"G279": {"type": "Matrix2x2", "payoffs": [[[7,57],[6,0]],[[8,85],[0,50]]]},
"G280": {"type": "Matrix2x2", "payoffs": [[[31,19],[19,25]],[[0,0],[95,36]]]},
"G281": {"type": "Matrix2x2", "payoffs": [[[0,28],[25,79]],[[15,0],[3,8]]]},
"G282": {"type": "Matrix2x2", "payoffs": [[[0,53],[6,2]],[[43,81],[21,0]]]},
"G283": {"type": "Matrix2x2", "payoffs": [[[0,23],[21,42]],[[15,0],[42,50]]]},
"G284": {"type": "Matrix2x2", "payoffs": [[[79,35],[6,34]],[[20,0],[0,11]]]},
"G285": {"type": "Matrix2x2", "payoffs": [[[0,4],[11,13]],[[3,0],[10,12]]]},
"G286": {"type": "Matrix2x2", "payoffs": [[[2,37],[0,0]],[[30,49],[13,20]]]},
"G287": {"type": "Matrix2x2", "payoffs": [[[0,0],[73,10]],[[63,5],[100,40]]]},
"G288": {"type": "Matrix2x2", "payoffs": [[[18,0],[0,21]],[[58,37],[30,14]]]},
"G289": {"type": "Matrix2x2", "payoffs": [[[18,0],[15,1]],[[52,8],[0,4]]]},
"G290": {"type": "Matrix2x2", "payoffs": [[[0,0],[93,65]],[[42,33],[57,52]]]},
"G291": {"type": "Matrix2x2", "payoffs": [[[3,96],[0,37]],[[1,76],[2,0]]]},
"G292": {"type": "Matrix2x2", "payoffs": [[[62,91],[13,89]],[[52,70],[0,0]]]},
"G293": {"type": "Matrix2x2", "payoffs": [[[33,0],[0,17]],[[29,9],[75,30]]]},
"G294": {"type": "Matrix2x2", "payoffs": [[[33,19],[0,5]],[[7,12],[21,0]]]},
"G295": {"type": "Matrix2x2", "payoffs": [[[28,0],[15,13]],[[0,5],[29,17]]]},
"G296": {"type": "Matrix2x2", "payoffs": [[[34,0],[27,52]],[[0,10],[43,54]]]},
"G297": {"type": "Matrix2x2", "payoffs": [[[92,56],[47,54]],[[0,0],[100,99]]]},
"G298": {"type": "Matrix2x2", "payoffs": [[[19,75],[0,20]],[[2,0],[10,1]]]},
"G299": {"type": "Matrix2x2", "payoffs": [[[0,45],[73,0]],[[76,73],[58,55]]]},
"G300": {"type": "Matrix2x2", "payoffs": [[[0,0],[34,42]],[[5,45],[44,75]]]},
"G301": {"type": "Matrix2x2", "payoffs": [[[0,0],[15,57]],[[11,19],[48,60]]]},
"G302": {"type": "Matrix2x2", "payoffs": [[[14,0],[20,38]],[[0,16],[11,30]]]},
"G303": {"type": "Matrix2x2", "payoffs": [[[74,6],[0,5]],[[41,4],[50,0]]]},
"G304": {"type": "Matrix2x2", "payoffs": [[[78,24],[31,0]],[[0,21],[85,55]]]},
"G305": {"type": "Matrix2x2", "payoffs": [[[76,11],[64,5]],[[0,10],[33,0]]]},
"G306": {"type": "Matrix2x2", "payoffs": [[[0,12],[76,18]],[[14,0],[71,8]]]},
"G307": {"type": "Matrix2x2", "payoffs": [[[29,0],[69,26]],[[0,24],[72,35]]]},
"G308": {"type": "Matrix2x2", "payoffs": [[[0,0],[34,88]],[[21,62],[39,92]]]},
"G309": {"type": "Matrix2x2", "payoffs": [[[54,0],[65,91]],[[0,38],[33,39]]]},
"G310": {"type": "Matrix2x2", "payoffs": [[[44,58],[0,0]],[[42,50],[76,59]]]},
"G311": {"type": "Matrix2x2", "payoffs": [[[0,0],[22,58]],[[31,14],[36,59]]]},
"G312": {"type": "Matrix2x2", "payoffs": [[[35,64],[0,0]],[[33,32],[46,90]]]},
"G313": {"type": "Matrix2x2", "payoffs": [[[18,21],[15,15]],[[0,19],[5,0]]]},
"G314": {"type": "Matrix2x2", "payoffs": [[[79,64],[3,5]],[[0,0],[52,13]]]},
"G315": {"type": "Matrix2x2", "payoffs": [[[0,0],[5,13]],[[71,26],[51,11]]]},
"G316": {"type": "Matrix2x2", "payoffs": [[[63,0],[69,100]],[[0,33],[43,64]]]},
"G317": {"type": "Matrix2x2", "payoffs": [[[7,11],[26,0]],[[51,66],[0,44]]]},
"G318": {"type": "Matrix2x2", "payoffs": [[[39,53],[21,0]],[[0,12],[68,65]]]},
"G319": {"type": "Matrix2x2", "payoffs": [[[34,75],[26,0]],[[0,1],[76,95]]]},
"G320": {"type": "Matrix2x2", "payoffs": [[[23,0],[0,43]],[[49,47],[1,4]]]},
"G321": {"type": "Matrix2x2", "payoffs": [[[97,40],[79,2]],[[0,0],[52,23]]]},
"G322": {"type": "Matrix2x2", "payoffs": [[[5,0],[0,12]],[[12,58],[15,65]]]},
"G323": {"type": "Matrix2x2", "payoffs": [[[50,52],[81,53]],[[26,44],[0,0]]]},
"G324": {"type": "Matrix2x2", "payoffs": [[[4,23],[17,55]],[[11,9],[0,0]]]},
"G325": {"type": "Matrix2x2", "payoffs": [[[35,57],[44,61]],[[58,66],[0,0]]]},
"G326": {"type": "Matrix2x2", "payoffs": [[[22,0],[0,32]],[[34,65],[7,50]]]},
"G327": {"type": "Matrix2x2", "payoffs": [[[19,0],[25,86]],[[11,40],[0,9]]]},
"G328": {"type": "Matrix2x2", "payoffs": [[[94,23],[0,2]],[[61,0],[78,8]]]},
"G329": {"type": "Matrix2x2", "payoffs": [[[3,30],[4,0]],[[0,42],[5,92]]]},
"G330": {"type": "Matrix2x2", "payoffs": [[[0,0],[16,15]],[[2,26],[96,30]]]},
"G331": {"type": "Matrix2x2", "payoffs": [[[40,65],[0,42]],[[4,0],[35,63]]]},
"G332": {"type": "Matrix2x2", "payoffs": [[[8,13],[57,37]],[[34,0],[0,12]]]},
"G333": {"type": "Matrix2x2", "payoffs": [[[0,15],[7,0]],[[13,49],[6,38]]]},
"G334": {"type": "Matrix2x2", "payoffs": [[[0,0],[43,22]],[[20,27],[45,31]]]},
"G335": {"type": "Matrix2x2", "payoffs": [[[3,30],[4,57]],[[1,1],[0,0]]]},
"G336": {"type": "Matrix2x2", "payoffs": [[[3,8],[62,38]],[[0,4],[1,0]]]},
"G337": {"type": "Matrix2x2", "payoffs": [[[0,0],[39,2]],[[34,18],[45,95]]]},
"G338": {"type": "Matrix2x2", "payoffs": [[[1,0],[0,39]],[[3,84],[4,94]]]},
"G339": {"type": "Matrix2x2", "payoffs": [[[11,6],[8,1]],[[2,3],[0,0]]]},
"G340": {"type": "Matrix2x2", "payoffs": [[[2,5],[56,0]],[[0,7],[61,14]]]},
"G341": {"type": "Matrix2x2", "payoffs": [[[22,26],[60,25]],[[0,0],[64,100]]]},
"G342": {"type": "Matrix2x2", "payoffs": [[[30,39],[26,0]],[[0,8],[5,3]]]},
"G343": {"type": "Matrix2x2", "payoffs": [[[0,0],[70,26]],[[73,28],[62,10]]]},
"G344": {"type": "Matrix2x2", "payoffs": [[[11,0],[4,63]],[[15,67],[0,57]]]},
"G345": {"type": "Matrix2x2", "payoffs": [[[51,0],[0,24]],[[61,28],[56,17]]]},
"G346": {"type": "Matrix2x2", "payoffs": [[[14,1],[25,3]],[[9,0],[0,2]]]},
"G347": {"type": "Matrix2x2", "payoffs": [[[10,51],[0,41]],[[12,54],[2,0]]]},
"G348": {"type": "Matrix2x2", "payoffs": [[[4,72],[14,24]],[[49,79],[0,0]]]},
"G349": {"type": "Matrix2x2", "payoffs": [[[2,0],[8,66]],[[0,44],[7,62]]]},
"G350": {"type": "Matrix2x2", "payoffs": [[[13,97],[10,31]],[[3,32],[0,0]]]},
"G351": {"type": "Matrix2x2", "payoffs": [[[64,40],[47,3]],[[0,0],[91,59]]]},
"G352": {"type": "Matrix2x2", "payoffs": [[[35,19],[0,43]],[[36,44],[28,0]]]},
"G353": {"type": "Matrix2x2", "payoffs": [[[45,89],[14,41]],[[0,58],[40,0]]]},
"G354": {"type": "Matrix2x2", "payoffs": [[[0,0],[4,24]],[[36,61],[15,14]]]},
"G355": {"type": "Matrix2x2", "payoffs": [[[0,1],[90,28]],[[60,22],[10,0]]]},
"G356": {"type": "Matrix2x2", "payoffs": [[[0,0],[6,41]],[[12,49],[4,38]]]},
"G357": {"type": "Matrix2x2", "payoffs": [[[87,21],[82,10]],[[0,0],[27,6]]]},
"G358": {"type": "Matrix2x2", "payoffs": [[[23,56],[9,22]],[[8,9],[0,0]]]},
"G359": {"type": "Matrix2x2", "payoffs": [[[11,4],[10,0]],[[9,1],[0,2]]]},
"G360": {"type": "Matrix2x2", "payoffs": [[[45,68],[16,0]],[[28,10],[0,30]]]},
"G361": {"type": "Matrix2x2", "payoffs": [[[39,4],[53,22]],[[43,5],[0,0]]]},
"G362": {"type": "Matrix2x2", "payoffs": [[[39,18],[0,0]],[[23,17],[13,13]]]},
"G363": {"type": "Matrix2x2", "payoffs": [[[0,4],[22,0]],[[36,34],[1,21]]]},
"G364": {"type": "Matrix2x2", "payoffs": [[[42,10],[0,0]],[[95,11],[49,9]]]},
"G365": {"type": "Matrix2x2", "payoffs": [[[34,0],[0,3]],[[28,21],[71,36]]]},
"G366": {"type": "Matrix2x2", "payoffs": [[[0,0],[5,34]],[[88,44],[14,31]]]},
"G367": {"type": "Matrix2x2", "payoffs": [[[20,0],[99,89]],[[0,61],[84,28]]]},
"G368": {"type": "Matrix2x2", "payoffs": [[[5,3],[19,5]],[[13,0],[0,2]]]},
"G369": {"type": "Matrix2x2", "payoffs": [[[0,0],[76,71]],[[52,36],[58,12]]]},
"G370": {"type": "Matrix2x2", "payoffs": [[[36,76],[0,36]],[[24,39],[28,0]]]},
"G371": {"type": "Matrix2x2", "payoffs": [[[77,76],[0,37]],[[37,0],[10,53]]]},
"G372": {"type": "Matrix2x2", "payoffs": [[[3,0],[8,2]],[[0,18],[9,99]]]},
"G373": {"type": "Matrix2x2", "payoffs": [[[0,43],[13,41]],[[25,95],[2,0]]]},
"G374": {"type": "Matrix2x2", "payoffs": [[[53,0],[82,19]],[[0,6],[62,1]]]},
"G375": {"type": "Matrix2x2", "payoffs": [[[0,16],[73,66]],[[58,0],[77,84]]]},
"G376": {"type": "Matrix2x2", "payoffs": [[[0,50],[11,0]],[[15,69],[2,66]]]},
"G377": {"type": "Matrix2x2", "payoffs": [[[16,9],[0,4]],[[24,0],[35,25]]]},
"G378": {"type": "Matrix2x2", "payoffs": [[[25,39],[0,67]],[[45,86],[36,0]]]},
"G379": {"type": "Matrix2x2", "payoffs": [[[92,7],[59,6]],[[99,8],[0,0]]]},
"G380": {"type": "Matrix2x2", "payoffs": [[[91,36],[18,0]],[[0,33],[84,32]]]},
"G381": {"type": "Matrix2x2", "payoffs": [[[8,11],[27,56]],[[16,36],[0,0]]]},
"G382": {"type": "Matrix2x2", "payoffs": [[[86,3],[93,59]],[[0,0],[5,39]]]},
"G383": {"type": "Matrix2x2", "payoffs": [[[55,97],[52,11]],[[0,0],[12,44]]]},
"G384": {"type": "Matrix2x2", "payoffs": [[[0,17],[54,66]],[[30,0],[22,8]]]},
"G385": {"type": "Matrix2x2", "payoffs": [[[0,0],[4,6]],[[2,3],[3,1]]]},
"G386": {"type": "Matrix2x2", "payoffs": [[[11,0],[22,32]],[[95,83],[0,55]]]},
"G387": {"type": "Matrix2x2", "payoffs": [[[65,0],[97,62]],[[91,26],[0,17]]]},
"G388": {"type": "Matrix2x2", "payoffs": [[[78,90],[0,42]],[[26,0],[13,10]]]},
"G389": {"type": "Matrix2x2", "payoffs": [[[3,60],[0,16]],[[15,85],[10,0]]]},
"G390": {"type": "Matrix2x2", "payoffs": [[[0,1],[13,0]],[[28,4],[23,3]]]},
"G391": {"type": "Matrix2x2", "payoffs": [[[11,20],[1,0]],[[5,3],[0,12]]]},
"G392": {"type": "Matrix2x2", "payoffs": [[[44,69],[0,0]],[[19,34],[15,53]]]},
"G393": {"type": "Matrix2x2", "payoffs": [[[55,68],[71,97]],[[51,0],[0,55]]]},
"G394": {"type": "Matrix2x2", "payoffs": [[[0,1],[10,3]],[[8,2],[5,0]]]},
"G395": {"type": "Matrix2x2", "payoffs": [[[20,70],[23,0]],[[0,22],[25,91]]]},
"G396": {"type": "Matrix2x2", "payoffs": [[[49,0],[80,86]],[[67,66],[0,74]]]},
"G397": {"type": "Matrix2x2", "payoffs": [[[7,24],[0,20]],[[1,21],[5,0]]]},
"G398": {"type": "Matrix2x2", "payoffs": [[[3,3],[0,0]],[[43,55],[38,22]]]},
"G399": {"type": "Matrix2x2", "payoffs": [[[27,4],[43,0]],[[0,66],[48,93]]]},
"G400": {"type": "Matrix2x2", "payoffs": [[[0,24],[1,2]],[[70,80],[69,0]]]},
"G401": {"type": "Matrix2x2", "payoffs": [[[2,63],[3,81]],[[1,0],[0,6]]]},
"G402": {"type": "Matrix2x2", "payoffs": [[[38,12],[0,4]],[[25,0],[22,9]]]},
"G403": {"type": "Matrix2x2", "payoffs": [[[24,7],[7,0]],[[32,27],[0,9]]]},
"G404": {"type": "Matrix2x2", "payoffs": [[[0,2],[1,1]],[[4,3],[2,0]]]},
"G405": {"type": "Matrix2x2", "payoffs": [[[9,25],[0,0]],[[26,48],[10,11]]]},
"G406": {"type": "Matrix2x2", "payoffs": [[[8,0],[0,4]],[[58,8],[1,7]]]},
"G407": {"type": "Matrix2x2", "payoffs": [[[0,0],[19,77]],[[21,88],[9,28]]]},
"G408": {"type": "Matrix2x2", "payoffs": [[[98,71],[27,66]],[[80,53],[0,0]]]},
"G409": {"type": "Matrix2x2", "payoffs": [[[71,68],[9,0]],[[36,53],[0,61]]]},
"G410": {"type": "Matrix2x2", "payoffs": [[[5,0],[68,60]],[[0,35],[78,96]]]},
"G411": {"type": "Matrix2x2", "payoffs": [[[40,4],[33,0]],[[0,3],[34,1]]]},
"G412": {"type": "Matrix2x2", "payoffs": [[[0,8],[80,53]],[[58,0],[62,23]]]},
"G413": {"type": "Matrix2x2", "payoffs": [[[74,17],[81,29]],[[0,0],[43,10]]]},
"G414": {"type": "Matrix2x2", "payoffs": [[[2,41],[14,59]],[[4,0],[0,4]]]},
"G415": {"type": "Matrix2x2", "payoffs": [[[84,46],[45,24]],[[46,42],[0,0]]]},
"G416": {"type": "Matrix2x2", "payoffs": [[[10,0],[0,20]],[[50,32],[64,50]]]},
"G417": {"type": "Matrix2x2", "payoffs": [[[100,28],[48,25]],[[0,0],[38,19]]]},
"G418": {"type": "Matrix2x2", "payoffs": [[[12,0],[8,1]],[[0,29],[17,36]]]},
"G419": {"type": "Matrix2x2", "payoffs": [[[18,12],[0,1]],[[3,0],[36,14]]]},
"G420": {"type": "Matrix2x2", "payoffs": [[[77,60],[0,0]],[[28,8],[13,44]]]},
"G421": {"type": "Matrix2x2", "payoffs": [[[42,0],[0,45]],[[60,84],[45,65]]]},
"G422": {"type": "Matrix2x2", "payoffs": [[[17,51],[0,0]],[[44,85],[40,34]]]},
"G423": {"type": "Matrix2x2", "payoffs": [[[7,0],[44,5]],[[0,1],[80,6]]]},
"G424": {"type": "Matrix2x2", "payoffs": [[[0,4],[37,14]],[[5,6],[22,0]]]},
"G425": {"type": "Matrix2x2", "payoffs": [[[89,100],[0,25]],[[24,0],[71,19]]]},
"G426": {"type": "Matrix2x2", "payoffs": [[[73,96],[0,43]],[[51,39],[38,0]]]},
"G427": {"type": "Matrix2x2", "payoffs": [[[26,0],[38,31]],[[7,29],[0,1]]]},
"G428": {"type": "Matrix2x2", "payoffs": [[[10,7],[0,6]],[[64,0],[70,37]]]},
"G429": {"type": "Matrix2x2", "payoffs": [[[18,34],[0,0]],[[19,83],[1,79]]]},
"G430": {"type": "Matrix2x2", "payoffs": [[[0,69],[20,61]],[[53,81],[39,0]]]},
"G431": {"type": "Matrix2x2", "payoffs": [[[0,0],[18,1]],[[43,11],[37,4]]]},
"G432": {"type": "Matrix2x2", "payoffs": [[[46,91],[33,18]],[[41,69],[0,0]]]},
"G433": {"type": "Matrix2x2", "payoffs": [[[32,0],[0,11]],[[70,18],[39,10]]]},
"G434": {"type": "Matrix2x2", "payoffs": [[[27,0],[64,4]],[[0,5],[91,7]]]},
"G435": {"type": "Matrix2x2", "payoffs": [[[13,76],[0,55]],[[11,0],[9,67]]]},
"G436": {"type": "Matrix2x2", "payoffs": [[[81,5],[76,0]],[[15,4],[0,2]]]},
"G437": {"type": "Matrix2x2", "payoffs": [[[72,3],[44,0]],[[18,2],[0,1]]]},
"G438": {"type": "Matrix2x2", "payoffs": [[[0,14],[44,21]],[[7,12],[19,0]]]},
"G439": {"type": "Matrix2x2", "payoffs": [[[1,0],[2,25]],[[0,6],[4,60]]]},
"G440": {"type": "Matrix2x2", "payoffs": [[[49,51],[0,32]],[[58,0],[75,91]]]},
"G441": {"type": "Matrix2x2", "payoffs": [[[78,17],[26,0]],[[63,6],[0,7]]]},
"G442": {"type": "Matrix2x2", "payoffs": [[[30,10],[37,17]],[[29,8],[0,0]]]},
"G443": {"type": "Matrix2x2", "payoffs": [[[22,11],[0,1]],[[27,22],[6,0]]]},
"G444": {"type": "Matrix2x2", "payoffs": [[[74,48],[57,30]],[[37,0],[0,42]]]},
"G445": {"type": "Matrix2x2", "payoffs": [[[12,0],[11,32]],[[20,98],[0,24]]]},
"G446": {"type": "Matrix2x2", "payoffs": [[[25,23],[0,7]],[[20,0],[28,53]]]},
"G447": {"type": "Matrix2x2", "payoffs": [[[20,84],[0,76]],[[15,9],[18,0]]]},
"G448": {"type": "Matrix2x2", "payoffs": [[[17,4],[28,0]],[[32,12],[0,5]]]},
"G449": {"type": "Matrix2x2", "payoffs": [[[18,78],[33,82]],[[0,32],[27,0]]]},
"G450": {"type": "Matrix2x2", "payoffs": [[[48,98],[31,27]],[[43,78],[0,0]]]},
"G451": {"type": "Matrix2x2", "payoffs": [[[47,26],[19,11]],[[10,0],[0,2]]]},
"G452": {"type": "Matrix2x2", "payoffs": [[[0,0],[35,35]],[[2,32],[59,36]]]},
"G453": {"type": "Matrix2x2", "payoffs": [[[77,23],[42,17]],[[0,1],[75,0]]]},
"G454": {"type": "Matrix2x2", "payoffs": [[[49,1],[0,8]],[[78,24],[16,0]]]},
"G455": {"type": "Matrix2x2", "payoffs": [[[11,0],[0,30]],[[34,96],[23,13]]]},
"G456": {"type": "Matrix2x2", "payoffs": [[[4,55],[33,0]],[[60,65],[0,2]]]},
"G457": {"type": "Matrix2x2", "payoffs": [[[15,77],[0,43]],[[38,0],[49,80]]]},
"G458": {"type": "Matrix2x2", "payoffs": [[[27,88],[11,58]],[[0,0],[7,19]]]},
"G459": {"type": "Matrix2x2", "payoffs": [[[6,0],[0,11]],[[9,1],[13,13]]]},
"G460": {"type": "Matrix2x2", "payoffs": [[[37,66],[0,21]],[[16,0],[15,31]]]},
"G461": {"type": "Matrix2x2", "payoffs": [[[7,37],[40,40]],[[2,19],[0,0]]]},
"G462": {"type": "Matrix2x2", "payoffs": [[[65,61],[12,7]],[[52,49],[0,0]]]},
"G463": {"type": "Matrix2x2", "payoffs": [[[46,5],[73,6]],[[38,0],[0,1]]]},
"G464": {"type": "Matrix2x2", "payoffs": [[[77,35],[84,0]],[[0,5],[92,68]]]},
"G465": {"type": "Matrix2x2", "payoffs": [[[35,61],[26,59]],[[0,3],[16,0]]]},
"G466": {"type": "Matrix2x2", "payoffs": [[[23,1],[96,95]],[[0,41],[53,0]]]},
"G467": {"type": "Matrix2x2", "payoffs": [[[92,77],[13,8]],[[0,44],[14,0]]]},
"G468": {"type": "Matrix2x2", "payoffs": [[[98,22],[69,17]],[[0,0],[67,19]]]},
"G469": {"type": "Matrix2x2", "payoffs": [[[13,38],[4,25]],[[8,0],[0,6]]]},
"G470": {"type": "Matrix2x2", "payoffs": [[[56,0],[15,37]],[[96,53],[0,28]]]},
"G471": {"type": "Matrix2x2", "payoffs": [[[0,11],[1,0]],[[9,54],[30,56]]]},
"G472": {"type": "Matrix2x2", "payoffs": [[[83,23],[48,8]],[[0,6],[66,0]]]},
"G473": {"type": "Matrix2x2", "payoffs": [[[2,4],[19,17]],[[0,0],[24,27]]]},
"G474": {"type": "Matrix2x2", "payoffs": [[[0,38],[7,26]],[[68,62],[51,0]]]},
"G475": {"type": "Matrix2x2", "payoffs": [[[0,0],[91,86]],[[73,61],[79,5]]]},
"G476": {"type": "Matrix2x2", "payoffs": [[[81,55],[17,0]],[[0,9],[20,26]]]},
"G477": {"type": "Matrix2x2", "payoffs": [[[13,0],[4,7]],[[0,9],[14,30]]]},
"G478": {"type": "Matrix2x2", "payoffs": [[[5,83],[51,0]],[[60,96],[0,3]]]},
"G479": {"type": "Matrix2x2", "payoffs": [[[18,48],[48,90]],[[20,0],[0,35]]]},
"G480": {"type": "Matrix2x2", "payoffs": [[[0,40],[86,79]],[[2,45],[56,0]]]},
"G481": {"type": "Matrix2x2", "payoffs": [[[100,37],[91,15]],[[85,0],[0,6]]]},
"G482": {"type": "Matrix2x2", "payoffs": [[[26,6],[0,0]],[[79,37],[54,17]]]},
"G483": {"type": "Matrix2x2", "payoffs": [[[8,22],[0,14]],[[3,0],[5,18]]]},
"G484": {"type": "Matrix2x2", "payoffs": [[[5,24],[23,75]],[[12,12],[0,0]]]},
"G485": {"type": "Matrix2x2", "payoffs": [[[0,42],[67,0]],[[71,51],[11,47]]]},
"G486": {"type": "Matrix2x2", "payoffs": [[[82,83],[0,33]],[[12,0],[68,27]]]},
"G487": {"type": "Matrix2x2", "payoffs": [[[32,47],[0,53]],[[50,87],[48,0]]]},
"G488": {"type": "Matrix2x2", "payoffs": [[[2,32],[94,87]],[[0,49],[24,0]]]},
"G489": {"type": "Matrix2x2", "payoffs": [[[54,32],[0,0]],[[87,33],[66,5]]]},
"G490": {"type": "Matrix2x2", "payoffs": [[[52,89],[0,0]],[[33,67],[11,74]]]},
"G491": {"type": "Matrix2x2", "payoffs": [[[12,2],[0,8]],[[24,34],[15,0]]]},
"G492": {"type": "Matrix2x2", "payoffs": [[[0,21],[21,0]],[[28,9],[42,28]]]},
"G493": {"type": "Matrix2x2", "payoffs": [[[40,99],[0,0]],[[7,39],[39,5]]]},
"G494": {"type": "Matrix2x2", "payoffs": [[[81,31],[64,21]],[[0,0],[30,1]]]},
"G495": {"type": "Matrix2x2", "payoffs": [[[26,0],[27,3]],[[39,5],[0,2]]]},
"G496": {"type": "Matrix2x2", "payoffs": [[[9,0],[0,4]],[[20,13],[8,8]]]},
"G497": {"type": "Matrix2x2", "payoffs": [[[45,44],[13,0]],[[31,43],[0,5]]]},
"G498": {"type": "Matrix2x2", "payoffs": [[[11,89],[4,88]],[[0,0],[2,85]]]},
"G499": {"type": "Matrix2x2", "payoffs": [[[13,14],[31,16]],[[18,12],[0,0]]]},
"G500": {"type": "Matrix2x2", "payoffs": [[[54,47],[0,0]],[[21,40],[35,3]]]},
"G501": {"type": "Matrix2x2", "payoffs": [[[30,0],[47,18]],[[18,6],[0,8]]]},
"G502": {"type": "Matrix2x2", "payoffs": [[[14,32],[0,0]],[[4,35],[25,36]]]},
"G503": {"type": "Matrix2x2", "payoffs": [[[19,0],[45,58]],[[39,43],[0,39]]]},
"G504": {"type": "Matrix2x2", "payoffs": [[[3,7],[27,10]],[[0,6],[10,0]]]},
"G505": {"type": "Matrix2x2", "payoffs": [[[2,82],[3,74]],[[0,0],[6,98]]]},
"G506": {"type": "Matrix2x2", "payoffs": [[[0,9],[3,0]],[[33,18],[1,1]]]},
"G507": {"type": "Matrix2x2", "payoffs": [[[60,0],[24,21]],[[73,44],[0,17]]]},
"G508": {"type": "Matrix2x2", "payoffs": [[[71,47],[67,18]],[[19,6],[0,0]]]},
"G509": {"type": "Matrix2x2", "payoffs": [[[93,82],[0,0]],[[62,62],[18,45]]]},
"G510": {"type": "Matrix2x2", "payoffs": [[[5,1],[36,5]],[[25,0],[0,4]]]},
"G511": {"type": "Matrix2x2", "payoffs": [[[8,33],[0,0]],[[34,36],[7,16]]]},
"G512": {"type": "Matrix2x2", "payoffs": [[[64,72],[0,25]],[[52,6],[32,0]]]},
"G513": {"type": "Matrix2x2", "payoffs": [[[27,30],[0,0]],[[56,44],[50,38]]]},
"G514": {"type": "Matrix2x2", "payoffs": [[[0,45],[2,0]],[[63,52],[77,59]]]},
"G515": {"type": "Matrix2x2", "payoffs": [[[21,54],[11,3]],[[13,0],[0,45]]]},
"G516": {"type": "Matrix2x2", "payoffs": [[[3,23],[0,14]],[[58,0],[80,28]]]},
"G517": {"type": "Matrix2x2", "payoffs": [[[0,14],[35,0]],[[47,20],[70,58]]]},
"G518": {"type": "Matrix2x2", "payoffs": [[[27,0],[89,13]],[[0,12],[59,2]]]},
"G519": {"type": "Matrix2x2", "payoffs": [[[1,5],[43,11]],[[55,16],[0,0]]]},
"G520": {"type": "Matrix2x2", "payoffs": [[[37,1],[0,0]],[[45,35],[16,4]]]},
"G521": {"type": "Matrix2x2", "payoffs": [[[0,0],[35,99]],[[5,92],[8,90]]]},
"G522": {"type": "Matrix2x2", "payoffs": [[[82,8],[0,6]],[[94,27],[41,0]]]},
"G523": {"type": "Matrix2x2", "payoffs": [[[12,43],[46,71]],[[22,0],[0,61]]]},
"G524": {"type": "Matrix2x2", "payoffs": [[[27,0],[44,14]],[[21,8],[0,4]]]},
"G525": {"type": "Matrix2x2", "payoffs": [[[0,18],[10,37]],[[16,70],[9,0]]]},
"G526": {"type": "Matrix2x2", "payoffs": [[[3,47],[0,24]],[[29,0],[55,52]]]},
"G527": {"type": "Matrix2x2", "payoffs": [[[48,42],[0,1]],[[21,0],[74,45]]]},
"G528": {"type": "Matrix2x2", "payoffs": [[[32,1],[5,0]],[[41,8],[0,4]]]},
"G529": {"type": "Matrix2x2", "payoffs": [[[29,42],[0,74]],[[13,0],[47,79]]]},
"G530": {"type": "Matrix2x2", "payoffs": [[[0,44],[21,6]],[[45,45],[18,0]]]},
"G531": {"type": "Matrix2x2", "payoffs": [[[22,44],[0,25]],[[30,49],[6,0]]]},
"G532": {"type": "Matrix2x2", "payoffs": [[[36,35],[20,28]],[[0,0],[7,23]]]},
"G533": {"type": "Matrix2x2", "payoffs": [[[36,54],[33,0]],[[34,28],[0,7]]]},
"G534": {"type": "Matrix2x2", "payoffs": [[[28,0],[4,12]],[[0,3],[73,22]]]},
"G535": {"type": "Matrix2x2", "payoffs": [[[56,20],[71,0]],[[0,7],[80,32]]]},
"G536": {"type": "Matrix2x2", "payoffs": [[[9,83],[3,0]],[[0,15],[2,55]]]},
"G537": {"type": "Matrix2x2", "payoffs": [[[0,0],[35,22]],[[29,2],[57,39]]]},
"G538": {"type": "Matrix2x2", "payoffs": [[[60,0],[49,15]],[[0,20],[64,98]]]},
"G539": {"type": "Matrix2x2", "payoffs": [[[21,19],[0,0]],[[7,13],[5,6]]]},
"G540": {"type": "Matrix2x2", "payoffs": [[[6,1],[0,3]],[[4,0],[16,6]]]},
"G541": {"type": "Matrix2x2", "payoffs": [[[56,29],[55,23]],[[72,35],[0,0]]]},
"G542": {"type": "Matrix2x2", "payoffs": [[[25,0],[0,21]],[[23,13],[46,66]]]},
"G543": {"type": "Matrix2x2", "payoffs": [[[7,0],[15,74]],[[13,39],[0,25]]]},
"G544": {"type": "Matrix2x2", "payoffs": [[[18,0],[78,55]],[[0,18],[20,25]]]},
"G545": {"type": "Matrix2x2", "payoffs": [[[36,25],[5,12]],[[20,0],[0,5]]]},
"G546": {"type": "Matrix2x2", "payoffs": [[[36,21],[0,0]],[[15,9],[13,14]]]},
"G547": {"type": "Matrix2x2", "payoffs": [[[0,1],[35,36]],[[33,0],[53,44]]]},
"G548": {"type": "Matrix2x2", "payoffs": [[[84,8],[0,0]],[[99,10],[21,9]]]},
"G549": {"type": "Matrix2x2", "payoffs": [[[21,0],[25,26]],[[17,24],[0,4]]]},
"G550": {"type": "Matrix2x2", "payoffs": [[[4,0],[10,19]],[[18,46],[0,31]]]},
"G551": {"type": "Matrix2x2", "payoffs": [[[62,27],[87,90]],[[0,9],[28,0]]]},
"G552": {"type": "Matrix2x2", "payoffs": [[[24,10],[0,0]],[[3,1],[69,11]]]},
"G553": {"type": "Matrix2x2", "payoffs": [[[8,4],[22,31]],[[0,0],[1,30]]]},
"G554": {"type": "Matrix2x2", "payoffs": [[[4,7],[0,0]],[[9,24],[1,15]]]},
"G555": {"type": "Matrix2x2", "payoffs": [[[10,3],[18,5]],[[0,0],[1,1]]]},
"G556": {"type": "Matrix2x2", "payoffs": [[[87,12],[90,22]],[[58,5],[0,0]]]},
"G557": {"type": "Matrix2x2", "payoffs": [[[13,16],[0,0]],[[35,40],[44,89]]]},
"G558": {"type": "Matrix2x2", "payoffs": [[[24,76],[14,31]],[[5,0],[0,2]]]},
"G559": {"type": "Matrix2x2", "payoffs": [[[0,16],[65,18]],[[15,0],[78,25]]]},
"G560": {"type": "Matrix2x2", "payoffs": [[[99,49],[90,30]],[[0,0],[45,33]]]},
"G561": {"type": "Matrix2x2", "payoffs": [[[12,33],[22,82]],[[18,0],[0,51]]]},
"G562": {"type": "Matrix2x2", "payoffs": [[[35,45],[25,11]],[[0,23],[31,0]]]},
"G563": {"type": "Matrix2x2", "payoffs": [[[9,0],[39,59]],[[0,43],[2,50]]]},
"G564": {"type": "Matrix2x2", "payoffs": [[[20,0],[0,70]],[[68,97],[10,15]]]},
"G565": {"type": "Matrix2x2", "payoffs": [[[44,0],[2,29]],[[74,30],[0,3]]]},
"G566": {"type": "Matrix2x2", "payoffs": [[[5,32],[35,0]],[[38,35],[0,8]]]},
"G567": {"type": "Matrix2x2", "payoffs": [[[19,0],[66,46]],[[35,17],[0,14]]]},
"G568": {"type": "Matrix2x2", "payoffs": [[[55,8],[79,9]],[[0,0],[12,3]]]},
"G569": {"type": "Matrix2x2", "payoffs": [[[54,82],[7,0]],[[0,62],[74,95]]]},
"G570": {"type": "Matrix2x2", "payoffs": [[[4,26],[24,41]],[[7,20],[0,0]]]},
"G571": {"type": "Matrix2x2", "payoffs": [[[22,0],[58,93]],[[0,90],[29,37]]]},
"G572": {"type": "Matrix2x2", "payoffs": [[[3,1],[6,6]],[[5,4],[0,0]]]},
"G573": {"type": "Matrix2x2", "payoffs": [[[0,40],[27,82]],[[13,75],[6,0]]]},
"G574": {"type": "Matrix2x2", "payoffs": [[[0,9],[78,16]],[[12,0],[70,10]]]},
"G575": {"type": "Matrix2x2", "payoffs": [[[0,44],[86,17]],[[81,0],[92,91]]]},
"G576": {"type": "Matrix2x2", "payoffs": [[[7,10],[8,11]],[[6,3],[0,0]]]},
"G577": {"type": "Matrix2x2", "payoffs": [[[0,9],[37,0]],[[60,14],[41,12]]]},
"G578": {"type": "Matrix2x2", "payoffs": [[[25,91],[0,0]],[[2,40],[20,12]]]},
"G579": {"type": "Matrix2x2", "payoffs": [[[43,33],[59,34]],[[0,0],[21,20]]]},
"G580": {"type": "Matrix2x2", "payoffs": [[[39,0],[49,8]],[[0,7],[28,1]]]},
"G581": {"type": "Matrix2x2", "payoffs": [[[59,61],[51,0]],[[0,25],[31,14]]]},
"G582": {"type": "Matrix2x2", "payoffs": [[[42,63],[9,22]],[[30,0],[0,8]]]},
"G583": {"type": "Matrix2x2", "payoffs": [[[1,38],[0,51]],[[16,0],[19,87]]]},
"G584": {"type": "Matrix2x2", "payoffs": [[[34,91],[0,0]],[[4,8],[32,36]]]},
"G585": {"type": "Matrix2x2", "payoffs": [[[49,18],[90,51]],[[46,47],[0,0]]]},
"G586": {"type": "Matrix2x2", "payoffs": [[[16,1],[26,7]],[[23,4],[0,0]]]},
"G587": {"type": "Matrix2x2", "payoffs": [[[11,0],[27,54]],[[0,59],[43,72]]]},
"G588": {"type": "Matrix2x2", "payoffs": [[[17,4],[0,27]],[[28,30],[7,0]]]},
"G589": {"type": "Matrix2x2", "payoffs": [[[65,81],[0,0]],[[77,85],[14,75]]]},
"G590": {"type": "Matrix2x2", "payoffs": [[[22,69],[4,34]],[[0,42],[20,0]]]},
"G591": {"type": "Matrix2x2", "payoffs": [[[0,14],[24,36]],[[48,67],[16,0]]]},
"G592": {"type": "Matrix2x2", "payoffs": [[[76,19],[36,12]],[[9,11],[0,0]]]},
"G593": {"type": "Matrix2x2", "payoffs": [[[0,24],[9,70]],[[99,80],[57,0]]]},
"G594": {"type": "Matrix2x2", "payoffs": [[[0,41],[5,25]],[[3,0],[78,54]]]},
"G595": {"type": "Matrix2x2", "payoffs": [[[31,35],[0,24]],[[24,0],[14,34]]]},
"G596": {"type": "Matrix2x2", "payoffs": [[[11,44],[5,21]],[[3,0],[0,38]]]},
"G597": {"type": "Matrix2x2", "payoffs": [[[0,30],[14,0]],[[9,66],[17,78]]]},
"G598": {"type": "Matrix2x2", "payoffs": [[[0,0],[2,86]],[[1,31],[3,95]]]},
"G599": {"type": "Matrix2x2", "payoffs": [[[60,64],[29,17]],[[0,0],[22,62]]]},
"G600": {"type": "Matrix2x2", "payoffs": [[[29,0],[0,3]],[[26,9],[73,12]]]},
"G601": {"type": "Matrix2x2", "payoffs": [[[8,0],[3,22]],[[0,19],[26,26]]]},
"G602": {"type": "Matrix2x2", "payoffs": [[[95,78],[89,10]],[[61,11],[0,0]]]},
"G603": {"type": "Matrix2x2", "payoffs": [[[0,0],[64,82]],[[5,1],[43,5]]]},
"G604": {"type": "Matrix2x2", "payoffs": [[[1,1],[5,7]],[[0,6],[4,0]]]},
"G605": {"type": "Matrix2x2", "payoffs": [[[0,4],[36,1]],[[3,0],[58,6]]]},
"G606": {"type": "Matrix2x2", "payoffs": [[[81,59],[29,19]],[[25,0],[0,13]]]},
"G607": {"type": "Matrix2x2", "payoffs": [[[7,56],[0,10]],[[6,0],[1,12]]]},
"G608": {"type": "Matrix2x2", "payoffs": [[[17,8],[25,0]],[[0,57],[30,81]]]},
"G609": {"type": "Matrix2x2", "payoffs": [[[30,74],[0,3]],[[8,4],[17,0]]]},
"G610": {"type": "Matrix2x2", "payoffs": [[[36,16],[9,12]],[[0,0],[15,14]]]},
"G611": {"type": "Matrix2x2", "payoffs": [[[5,6],[0,65]],[[11,0],[41,85]]]},
"G612": {"type": "Matrix2x2", "payoffs": [[[3,0],[0,24]],[[9,16],[14,37]]]},
"G613": {"type": "Matrix2x2", "payoffs": [[[0,37],[11,86]],[[7,0],[4,52]]]},
"G614": {"type": "Matrix2x2", "payoffs": [[[15,17],[12,0]],[[14,6],[0,2]]]},
"G615": {"type": "Matrix2x2", "payoffs": [[[0,8],[59,18]],[[6,0],[44,6]]]},
"G616": {"type": "Matrix2x2", "payoffs": [[[81,81],[41,67]],[[27,21],[0,0]]]},
"G617": {"type": "Matrix2x2", "payoffs": [[[10,94],[5,0]],[[4,79],[0,55]]]},
"G618": {"type": "Matrix2x2", "payoffs": [[[0,1],[1,0]],[[16,2],[21,3]]]},
"G619": {"type": "Matrix2x2", "payoffs": [[[0,9],[16,10]],[[52,12],[47,0]]]},
"G620": {"type": "Matrix2x2", "payoffs": [[[8,18],[2,0]],[[12,29],[0,21]]]},
"G621": {"type": "Matrix2x2", "payoffs": [[[59,0],[42,49]],[[92,56],[0,15]]]},
"G622": {"type": "Matrix2x2", "payoffs": [[[7,11],[0,17]],[[3,0],[26,34]]]},
"G623": {"type": "Matrix2x2", "payoffs": [[[0,0],[19,7]],[[10,2],[25,12]]]},
"G624": {"type": "Matrix2x2", "payoffs": [[[0,0],[81,60]],[[15,61],[95,74]]]},
"G625": {"type": "Matrix2x2", "payoffs": [[[0,19],[51,22]],[[23,0],[56,28]]]},
"G626": {"type": "Matrix2x2", "payoffs": [[[26,5],[29,11]],[[0,0],[5,9]]]},
"G627": {"type": "Matrix2x2", "payoffs": [[[14,0],[0,38]],[[3,34],[31,99]]]},
"G628": {"type": "Matrix2x2", "payoffs": [[[0,0],[76,11]],[[12,7],[64,9]]]},
"G629": {"type": "Matrix2x2", "payoffs": [[[6,19],[4,7]],[[7,20],[0,0]]]},
"G630": {"type": "Matrix2x2", "payoffs": [[[86,15],[2,3]],[[80,8],[0,0]]]},
"G631": {"type": "Matrix2x2", "payoffs": [[[61,0],[63,1]],[[99,4],[0,3]]]},
"G632": {"type": "Matrix2x2", "payoffs": [[[0,0],[67,79]],[[19,28],[52,69]]]},
"G633": {"type": "Matrix2x2", "payoffs": [[[29,0],[5,9]],[[32,13],[0,5]]]},
"G634": {"type": "Matrix2x2", "payoffs": [[[0,28],[91,44]],[[76,33],[74,0]]]},
"G635": {"type": "Matrix2x2", "payoffs": [[[0,0],[7,25]],[[12,35],[13,39]]]},
"G636": {"type": "Matrix2x2", "payoffs": [[[20,91],[0,73]],[[15,36],[2,0]]]},
"G637": {"type": "Matrix2x2", "payoffs": [[[23,13],[16,0]],[[0,9],[9,1]]]},
"G638": {"type": "Matrix2x2", "payoffs": [[[60,61],[0,28]],[[12,16],[34,0]]]},
"G639": {"type": "Matrix2x2", "payoffs": [[[42,45],[17,20]],[[48,83],[0,0]]]},
"G640": {"type": "Matrix2x2", "payoffs": [[[14,9],[48,29]],[[0,12],[23,0]]]},
"G641": {"type": "Matrix2x2", "payoffs": [[[0,41],[47,52]],[[33,0],[44,29]]]},
"G642": {"type": "Matrix2x2", "payoffs": [[[3,50],[59,89]],[[0,0],[40,55]]]},
"G643": {"type": "Matrix2x2", "payoffs": [[[9,8],[37,36]],[[0,0],[23,24]]]},
"G644": {"type": "Matrix2x2", "payoffs": [[[0,0],[8,3]],[[57,5],[17,2]]]},
"G645": {"type": "Matrix2x2", "payoffs": [[[0,19],[20,14]],[[43,50],[11,0]]]},
"G646": {"type": "Matrix2x2", "payoffs": [[[80,40],[0,0]],[[5,9],[29,6]]]},
"G647": {"type": "Matrix2x2", "payoffs": [[[5,45],[0,0]],[[10,50],[3,23]]]},
"G648": {"type": "Matrix2x2", "payoffs": [[[0,36],[73,40]],[[76,62],[74,0]]]},
"G649": {"type": "Matrix2x2", "payoffs": [[[22,75],[18,33]],[[0,0],[7,56]]]},
"G650": {"type": "Matrix2x2", "payoffs": [[[0,0],[47,22]],[[76,43],[51,20]]]},
"G651": {"type": "Matrix2x2", "payoffs": [[[0,0],[34,24]],[[16,9],[30,20]]]},
"G652": {"type": "Matrix2x2", "payoffs": [[[28,2],[0,0]],[[7,1],[31,6]]]},
"G653": {"type": "Matrix2x2", "payoffs": [[[48,100],[0,44]],[[2,0],[36,91]]]},
"G654": {"type": "Matrix2x2", "payoffs": [[[17,59],[0,0]],[[13,73],[18,100]]]},
"G655": {"type": "Matrix2x2", "payoffs": [[[15,0],[0,59]],[[16,9],[25,76]]]},
"G656": {"type": "Matrix2x2", "payoffs": [[[92,3],[20,1]],[[0,0],[64,2]]]},
"G657": {"type": "Matrix2x2", "payoffs": [[[0,6],[24,44]],[[14,0],[27,45]]]},
"G658": {"type": "Matrix2x2", "payoffs": [[[20,0],[0,9]],[[67,97],[1,84]]]},
"G659": {"type": "Matrix2x2", "payoffs": [[[51,39],[0,4]],[[35,0],[54,43]]]},
"G660": {"type": "Matrix2x2", "payoffs": [[[40,60],[12,46]],[[29,0],[0,44]]]},
"G661": {"type": "Matrix2x2", "payoffs": [[[11,20],[0,0]],[[16,7],[24,90]]]},
"G662": {"type": "Matrix2x2", "payoffs": [[[48,57],[7,0]],[[0,29],[4,34]]]},
"G663": {"type": "Matrix2x2", "payoffs": [[[39,0],[0,83]],[[75,72],[99,90]]]},
"G664": {"type": "Matrix2x2", "payoffs": [[[0,7],[2,4]],[[29,9],[6,0]]]},
"G665": {"type": "Matrix2x2", "payoffs": [[[0,12],[89,40]],[[73,0],[33,15]]]},
"G666": {"type": "Matrix2x2", "payoffs": [[[0,3],[2,1]],[[4,0],[11,6]]]},
"G667": {"type": "Matrix2x2", "payoffs": [[[23,54],[3,0]],[[0,42],[15,30]]]},
"G668": {"type": "Matrix2x2", "payoffs": [[[1,5],[3,17]],[[0,0],[40,20]]]},
"G669": {"type": "Matrix2x2", "payoffs": [[[0,16],[6,45]],[[9,56],[3,0]]]},
"G670": {"type": "Matrix2x2", "payoffs": [[[65,15],[0,52]],[[69,92],[67,0]]]},
"G671": {"type": "Matrix2x2", "payoffs": [[[34,59],[8,19]],[[39,82],[0,0]]]},
"G672": {"type": "Matrix2x2", "payoffs": [[[73,50],[29,29]],[[58,0],[0,17]]]},
"G673": {"type": "Matrix2x2", "payoffs": [[[0,80],[58,0]],[[83,85],[79,23]]]},
"G674": {"type": "Matrix2x2", "payoffs": [[[14,0],[77,25]],[[0,35],[80,65]]]},
"G675": {"type": "Matrix2x2", "payoffs": [[[14,0],[0,23]],[[15,43],[26,89]]]},
"G676": {"type": "Matrix2x2", "payoffs": [[[23,0],[4,1]],[[0,6],[35,20]]]},
"G677": {"type": "Matrix2x2", "payoffs": [[[13,3],[0,0]],[[7,2],[3,1]]]},
"G678": {"type": "Matrix2x2", "payoffs": [[[51,33],[24,0]],[[17,8],[0,1]]]},
"G679": {"type": "Matrix2x2", "payoffs": [[[0,66],[22,58]],[[25,88],[9,0]]]},
"G680": {"type": "Matrix2x2", "payoffs": [[[0,36],[25,93]],[[12,0],[3,68]]]},
"G681": {"type": "Matrix2x2", "payoffs": [[[41,91],[0,54]],[[35,45],[11,0]]]},
"G682": {"type": "Matrix2x2", "payoffs": [[[33,4],[0,21]],[[81,0],[97,24]]]},
"G683": {"type": "Matrix2x2", "payoffs": [[[0,0],[28,8]],[[91,10],[24,7]]]},
"G684": {"type": "Matrix2x2", "payoffs": [[[8,63],[2,0]],[[0,21],[1,7]]]},
"G685": {"type": "Matrix2x2", "payoffs": [[[4,0],[6,15]],[[19,81],[0,26]]]},
"G686": {"type": "Matrix2x2", "payoffs": [[[5,18],[0,0]],[[43,57],[2,13]]]},
"G687": {"type": "Matrix2x2", "payoffs": [[[68,18],[12,14]],[[9,0],[0,3]]]},
"G688": {"type": "Matrix2x2", "payoffs": [[[81,70],[0,0]],[[58,67],[77,55]]]},
"G689": {"type": "Matrix2x2", "payoffs": [[[35,91],[25,0]],[[16,2],[0,34]]]},
"G690": {"type": "Matrix2x2", "payoffs": [[[6,8],[0,7]],[[5,0],[9,14]]]},
"G691": {"type": "Matrix2x2", "payoffs": [[[3,64],[4,67]],[[0,0],[2,47]]]},
"G692": {"type": "Matrix2x2", "payoffs": [[[72,37],[98,69]],[[0,26],[88,0]]]},
"G693": {"type": "Matrix2x2", "payoffs": [[[0,8],[15,12]],[[58,17],[33,0]]]},
"G694": {"type": "Matrix2x2", "payoffs": [[[0,23],[33,11]],[[74,33],[67,0]]]},
"G695": {"type": "Matrix2x2", "payoffs": [[[18,11],[11,4]],[[8,0],[0,2]]]},
"G696": {"type": "Matrix2x2", "payoffs": [[[55,0],[51,4]],[[57,31],[0,19]]]},
"G697": {"type": "Matrix2x2", "payoffs": [[[18,14],[0,15]],[[42,18],[28,0]]]},
"G698": {"type": "Matrix2x2", "payoffs": [[[31,68],[5,0]],[[0,1],[8,49]]]},
"G699": {"type": "Matrix2x2", "payoffs": [[[75,12],[51,0]],[[0,15],[90,27]]]},
"G700": {"type": "Matrix2x2", "payoffs": [[[0,0],[23,49]],[[7,15],[35,80]]]},
"G701": {"type": "Matrix2x2", "payoffs": [[[62,71],[0,70]],[[14,0],[39,61]]]},
"G702": {"type": "Matrix2x2", "payoffs": [[[22,1],[6,2]],[[0,0],[38,5]]]},
"G703": {"type": "Matrix2x2", "payoffs": [[[0,0],[33,25]],[[85,38],[22,34]]]},
"G704": {"type": "Matrix2x2", "payoffs": [[[3,31],[2,36]],[[0,0],[7,54]]]},
"G705": {"type": "Matrix2x2", "payoffs": [[[24,46],[5,7]],[[0,0],[4,24]]]},
"G706": {"type": "Matrix2x2", "payoffs": [[[35,2],[0,0]],[[28,1],[52,4]]]},
"G707": {"type": "Matrix2x2", "payoffs": [[[16,25],[25,62]],[[0,51],[4,0]]]},
"G708": {"type": "Matrix2x2", "payoffs": [[[3,39],[41,93]],[[35,0],[0,32]]]},
"G709": {"type": "Matrix2x2", "payoffs": [[[47,75],[46,91]],[[0,0],[54,96]]]},
"G710": {"type": "Matrix2x2", "payoffs": [[[2,0],[12,16]],[[0,37],[51,77]]]},
"G711": {"type": "Matrix2x2", "payoffs": [[[6,0],[0,9]],[[73,28],[76,33]]]},
"G712": {"type": "Matrix2x2", "payoffs": [[[6,39],[14,29]],[[19,47],[0,0]]]},
"G713": {"type": "Matrix2x2", "payoffs": [[[20,26],[10,0]],[[0,13],[8,7]]]},
"G714": {"type": "Matrix2x2", "payoffs": [[[17,6],[2,0]],[[23,10],[0,4]]]},
"G715": {"type": "Matrix2x2", "payoffs": [[[76,4],[75,3]],[[36,0],[0,2]]]},
"G716": {"type": "Matrix2x2", "payoffs": [[[11,93],[7,71]],[[5,27],[0,0]]]},
"G717": {"type": "Matrix2x2", "payoffs": [[[20,0],[0,16]],[[99,95],[54,92]]]},
"G718": {"type": "Matrix2x2", "payoffs": [[[3,5],[0,6]],[[86,10],[41,0]]]},
"G719": {"type": "Matrix2x2", "payoffs": [[[0,0],[23,3]],[[45,34],[51,83]]]},
"G720": {"type": "Matrix2x2", "payoffs": [[[82,8],[85,66]],[[0,0],[53,47]]]},
"G721": {"type": "Matrix2x2", "payoffs": [[[13,6],[25,17]],[[0,0],[36,20]]]},
"G722": {"type": "Matrix2x2", "payoffs": [[[65,2],[67,89]],[[63,3],[0,0]]]},
"G723": {"type": "Matrix2x2", "payoffs": [[[5,51],[36,60]],[[18,29],[0,0]]]},
"G724": {"type": "Matrix2x2", "payoffs": [[[0,0],[7,12]],[[2,24],[100,40]]]},
"G725": {"type": "Matrix2x2", "payoffs": [[[37,0],[9,51]],[[0,22],[45,60]]]},
"G726": {"type": "Matrix2x2", "payoffs": [[[1,2],[18,23]],[[0,0],[12,3]]]},
"G727": {"type": "Matrix2x2", "payoffs": [[[68,71],[22,42]],[[48,0],[0,3]]]},
"G728": {"type": "Matrix2x2", "payoffs": [[[0,24],[47,26]],[[33,0],[96,53]]]},
"G729": {"type": "Matrix2x2", "payoffs": [[[2,6],[29,40]],[[0,0],[7,7]]]},
"G730": {"type": "Matrix2x2", "payoffs": [[[38,10],[29,0]],[[14,2],[0,4]]]},
"G731": {"type": "Matrix2x2", "payoffs": [[[0,87],[26,0]],[[71,91],[37,9]]]},
"G732": {"type": "Matrix2x2", "payoffs": [[[11,26],[6,0]],[[0,30],[13,75]]]},
"G733": {"type": "Matrix2x2", "payoffs": [[[0,5],[23,0]],[[27,60],[14,38]]]},
"G734": {"type": "Matrix2x2", "payoffs": [[[41,2],[63,3]],[[0,0],[68,26]]]},
"G735": {"type": "Matrix2x2", "payoffs": [[[0,0],[28,56]],[[4,11],[78,93]]]},
"G736": {"type": "Matrix2x2", "payoffs": [[[6,0],[20,98]],[[2,67],[0,78]]]},
"G737": {"type": "Matrix2x2", "payoffs": [[[0,86],[9,69]],[[2,0],[14,96]]]},
"G738": {"type": "Matrix2x2", "payoffs": [[[92,96],[84,0]],[[43,43],[0,32]]]},
"G739": {"type": "Matrix2x2", "payoffs": [[[69,57],[50,29]],[[0,0],[40,1]]]},
"G740": {"type": "Matrix2x2", "payoffs": [[[6,95],[4,29]],[[1,0],[0,60]]]},
"G741": {"type": "Matrix2x2", "payoffs": [[[0,63],[16,15]],[[2,0],[19,93]]]},
"G742": {"type": "Matrix2x2", "payoffs": [[[2,6],[7,1]],[[14,8],[0,0]]]},
"G743": {"type": "Matrix2x2", "payoffs": [[[4,75],[2,20]],[[0,0],[3,62]]]},
"G744": {"type": "Matrix2x2", "payoffs": [[[0,0],[85,5]],[[98,17],[37,13]]]},
"G745": {"type": "Matrix2x2", "payoffs": [[[0,28],[40,6]],[[44,0],[63,67]]]},
"G746": {"type": "Matrix2x2", "payoffs": [[[45,0],[69,84]],[[0,21],[61,52]]]},
"G747": {"type": "Matrix2x2", "payoffs": [[[68,20],[55,14]],[[0,0],[17,15]]]},
"G748": {"type": "Matrix2x2", "payoffs": [[[15,42],[22,30]],[[96,49],[0,0]]]},
"G749": {"type": "Matrix2x2", "payoffs": [[[52,3],[0,26]],[[20,0],[89,34]]]},
"G750": {"type": "Matrix2x2", "payoffs": [[[0,62],[52,0]],[[62,30],[64,70]]]},
"G751": {"type": "Matrix2x2", "payoffs": [[[5,6],[0,5]],[[25,0],[41,9]]]},
"G752": {"type": "Matrix2x2", "payoffs": [[[75,61],[70,0]],[[0,5],[33,16]]]},
"G753": {"type": "Matrix2x2", "payoffs": [[[39,58],[0,57]],[[30,0],[36,54]]]},
"G754": {"type": "Matrix2x2", "payoffs": [[[96,97],[38,0]],[[0,31],[70,62]]]},
"G755": {"type": "Matrix2x2", "payoffs": [[[9,54],[66,75]],[[24,27],[0,0]]]},
"G756": {"type": "Matrix2x2", "payoffs": [[[17,21],[12,1]],[[0,0],[21,23]]]},
"G757": {"type": "Matrix2x2", "payoffs": [[[0,53],[46,40]],[[43,0],[65,80]]]},
"G758": {"type": "Matrix2x2", "payoffs": [[[55,12],[61,49]],[[0,0],[49,8]]]},
"G759": {"type": "Matrix2x2", "payoffs": [[[35,0],[0,22]],[[1,16],[47,37]]]},
"G760": {"type": "Matrix2x2", "payoffs": [[[0,0],[55,20]],[[45,2],[17,10]]]},
"G761": {"type": "Matrix2x2", "payoffs": [[[3,1],[0,2]],[[6,3],[5,0]]]},
"G762": {"type": "Matrix2x2", "payoffs": [[[53,100],[0,0]],[[5,46],[31,35]]]},
"G763": {"type": "Matrix2x2", "payoffs": [[[11,28],[0,0]],[[17,55],[9,45]]]},
"G764": {"type": "Matrix2x2", "payoffs": [[[0,0],[66,85]],[[64,52],[32,40]]]},
"G765": {"type": "Matrix2x2", "payoffs": [[[17,0],[86,76]],[[0,36],[20,21]]]},
"G766": {"type": "Matrix2x2", "payoffs": [[[12,0],[16,48]],[[0,28],[5,13]]]},
"G767": {"type": "Matrix2x2", "payoffs": [[[26,0],[40,12]],[[0,8],[19,10]]]},
"G768": {"type": "Matrix2x2", "payoffs": [[[63,1],[0,26]],[[82,30],[42,0]]]},
"G769": {"type": "Matrix2x2", "payoffs": [[[26,97],[18,69]],[[0,16],[22,0]]]},
"G770": {"type": "Matrix2x2", "payoffs": [[[22,92],[2,32]],[[0,74],[6,0]]]},
"G771": {"type": "Matrix2x2", "payoffs": [[[54,21],[0,10]],[[20,20],[9,0]]]},
"G772": {"type": "Matrix2x2", "payoffs": [[[7,3],[73,88]],[[13,0],[0,34]]]},
"G773": {"type": "Matrix2x2", "payoffs": [[[70,26],[72,36]],[[0,0],[41,30]]]},
"G774": {"type": "Matrix2x2", "payoffs": [[[3,0],[0,6]],[[8,7],[4,5]]]},
"G775": {"type": "Matrix2x2", "payoffs": [[[33,3],[0,33]],[[53,0],[66,36]]]},
"G776": {"type": "Matrix2x2", "payoffs": [[[25,0],[62,27]],[[0,18],[1,26]]]},
"G777": {"type": "Matrix2x2", "payoffs": [[[8,0],[0,16]],[[13,42],[2,19]]]},
"G778": {"type": "Matrix2x2", "payoffs": [[[5,0],[0,93]],[[16,86],[83,95]]]},
"G779": {"type": "Matrix2x2", "payoffs": [[[7,22],[15,35]],[[6,29],[0,0]]]},
"G780": {"type": "Matrix2x2", "payoffs": [[[10,0],[0,9]],[[23,19],[21,16]]]},
"G781": {"type": "Matrix2x2", "payoffs": [[[7,0],[59,8]],[[100,50],[0,28]]]},
"G782": {"type": "Matrix2x2", "payoffs": [[[3,3],[29,5]],[[8,0],[0,4]]]},
"G783": {"type": "Matrix2x2", "payoffs": [[[0,0],[21,21]],[[73,40],[32,2]]]},
"G784": {"type": "Matrix2x2", "payoffs": [[[94,17],[41,14]],[[42,0],[0,3]]]},
"G785": {"type": "Matrix2x2", "payoffs": [[[11,88],[37,83]],[[0,0],[91,98]]]},
"G786": {"type": "Matrix2x2", "payoffs": [[[0,0],[52,40]],[[16,25],[83,69]]]},
"G787": {"type": "Matrix2x2", "payoffs": [[[20,8],[0,0]],[[42,84],[25,57]]]},
"G788": {"type": "Matrix2x2", "payoffs": [[[59,0],[61,86]],[[0,34],[47,69]]]},
"G789": {"type": "Matrix2x2", "payoffs": [[[15,0],[38,34]],[[37,2],[0,9]]]},
"G790": {"type": "Matrix2x2", "payoffs": [[[0,0],[59,5]],[[88,49],[57,32]]]},
"G791": {"type": "Matrix2x2", "payoffs": [[[84,11],[0,9]],[[39,6],[19,0]]]},
"G792": {"type": "Matrix2x2", "payoffs": [[[39,13],[15,0]],[[49,35],[0,3]]]},
"G793": {"type": "Matrix2x2", "payoffs": [[[7,23],[32,30]],[[0,15],[8,0]]]},
"G794": {"type": "Matrix2x2", "payoffs": [[[18,33],[8,0]],[[20,78],[0,28]]]},
"G795": {"type": "Matrix2x2", "payoffs": [[[53,1],[11,0]],[[0,6],[61,9]]]},
"G796": {"type": "Matrix2x2", "payoffs": [[[27,24],[22,0]],[[31,38],[0,18]]]},
"G797": {"type": "Matrix2x2", "payoffs": [[[0,41],[67,29]],[[18,0],[81,75]]]},
"G798": {"type": "Matrix2x2", "payoffs": [[[41,8],[28,2]],[[0,3],[36,0]]]},
"G799": {"type": "Matrix2x2", "payoffs": [[[21,99],[20,0]],[[0,19],[13,84]]]},
"G800": {"type": "Matrix2x2", "payoffs": [[[3,98],[0,70]],[[1,0],[2,22]]]},
"G801": {"type": "Matrix2x2", "payoffs": [[[48,57],[0,0]],[[15,16],[30,7]]]},
"G802": {"type": "Matrix2x2", "payoffs": [[[47,84],[0,0]],[[29,78],[15,44]]]},
"G803": {"type": "Matrix2x2", "payoffs": [[[0,7],[11,55]],[[5,0],[3,3]]]},
"G804": {"type": "Matrix2x2", "payoffs": [[[31,16],[52,46]],[[32,32],[0,0]]]},
"G805": {"type": "Matrix2x2", "payoffs": [[[53,0],[10,1]],[[68,4],[0,2]]]},
"G806": {"type": "Matrix2x2", "payoffs": [[[0,11],[86,92]],[[30,0],[83,49]]]},
"G807": {"type": "Matrix2x2", "payoffs": [[[0,0],[21,9]],[[15,4],[20,6]]]},
"G808": {"type": "Matrix2x2", "payoffs": [[[11,69],[18,78]],[[16,20],[0,0]]]},
"G809": {"type": "Matrix2x2", "payoffs": [[[0,69],[45,76]],[[90,0],[91,89]]]},
"G810": {"type": "Matrix2x2", "payoffs": [[[30,0],[0,15]],[[32,65],[95,85]]]},
"G811": {"type": "Matrix2x2", "payoffs": [[[60,23],[96,54]],[[41,11],[0,0]]]},
"G812": {"type": "Matrix2x2", "payoffs": [[[0,0],[39,99]],[[19,75],[36,18]]]},
"G813": {"type": "Matrix2x2", "payoffs": [[[68,14],[34,10]],[[0,0],[62,13]]]},
"G814": {"type": "Matrix2x2", "payoffs": [[[4,9],[0,0]],[[6,20],[5,3]]]},
"G815": {"type": "Matrix2x2", "payoffs": [[[0,71],[4,17]],[[12,0],[48,74]]]},
"G816": {"type": "Matrix2x2", "payoffs": [[[0,0],[25,15]],[[9,12],[7,2]]]},
"G817": {"type": "Matrix2x2", "payoffs": [[[0,35],[26,0]],[[51,41],[58,66]]]},
"G818": {"type": "Matrix2x2", "payoffs": [[[0,0],[25,26]],[[26,20],[29,87]]]},
"G819": {"type": "Matrix2x2", "payoffs": [[[87,8],[54,0]],[[0,2],[24,7]]]},
"G820": {"type": "Matrix2x2", "payoffs": [[[0,28],[2,21]],[[7,0],[8,36]]]},
"G821": {"type": "Matrix2x2", "payoffs": [[[24,65],[23,39]],[[13,0],[0,4]]]},
"G822": {"type": "Matrix2x2", "payoffs": [[[0,0],[57,47]],[[46,84],[61,100]]]},
"G823": {"type": "Matrix2x2", "payoffs": [[[15,6],[5,3]],[[22,8],[0,0]]]},
"G824": {"type": "Matrix2x2", "payoffs": [[[54,37],[21,0]],[[0,34],[37,19]]]},
"G825": {"type": "Matrix2x2", "payoffs": [[[13,9],[17,1]],[[0,0],[21,92]]]},
"G826": {"type": "Matrix2x2", "payoffs": [[[27,94],[5,0]],[[0,93],[2,27]]]},
"G827": {"type": "Matrix2x2", "payoffs": [[[0,0],[56,35]],[[94,47],[16,15]]]},
"G828": {"type": "Matrix2x2", "payoffs": [[[57,0],[26,58]],[[0,63],[70,96]]]},
"G829": {"type": "Matrix2x2", "payoffs": [[[5,9],[0,0]],[[1,19],[7,50]]]},
"G830": {"type": "Matrix2x2", "payoffs": [[[85,99],[43,0]],[[57,61],[0,33]]]},
"G831": {"type": "Matrix2x2", "payoffs": [[[31,0],[0,5]],[[51,15],[7,7]]]},
"G832": {"type": "Matrix2x2", "payoffs": [[[9,0],[0,26]],[[92,63],[87,27]]]},
"G833": {"type": "Matrix2x2", "payoffs": [[[31,20],[45,34]],[[0,0],[33,1]]]},
"G834": {"type": "Matrix2x2", "payoffs": [[[31,58],[45,61]],[[41,0],[0,11]]]},
"G835": {"type": "Matrix2x2", "payoffs": [[[3,10],[0,0]],[[5,21],[7,28]]]},
"G836": {"type": "Matrix2x2", "payoffs": [[[0,64],[2,0]],[[15,98],[14,24]]]},
"G837": {"type": "Matrix2x2", "payoffs": [[[25,0],[73,53]],[[26,35],[0,33]]]},
"G838": {"type": "Matrix2x2", "payoffs": [[[0,0],[49,45]],[[68,91],[48,30]]]},
"G839": {"type": "Matrix2x2", "payoffs": [[[54,0],[11,8]],[[98,50],[0,13]]]},
"G840": {"type": "Matrix2x2", "payoffs": [[[8,0],[83,31]],[[0,18],[97,37]]]},
"G841": {"type": "Matrix2x2", "payoffs": [[[1,14],[2,0]],[[3,38],[0,6]]]},
"G842": {"type": "Matrix2x2", "payoffs": [[[0,3],[36,0]],[[69,18],[54,8]]]},
"G843": {"type": "Matrix2x2", "payoffs": [[[91,10],[79,0]],[[0,8],[4,7]]]},
"G844": {"type": "Matrix2x2", "payoffs": [[[14,18],[35,20]],[[0,0],[31,10]]]},
"G845": {"type": "Matrix2x2", "payoffs": [[[0,23],[80,97]],[[39,0],[42,57]]]},
"G846": {"type": "Matrix2x2", "payoffs": [[[84,9],[0,0]],[[51,2],[55,4]]]},
"G847": {"type": "Matrix2x2", "payoffs": [[[0,12],[51,27]],[[67,31],[3,0]]]},
"G848": {"type": "Matrix2x2", "payoffs": [[[43,32],[59,45]],[[0,0],[92,51]]]},
"G849": {"type": "Matrix2x2", "payoffs": [[[76,0],[54,66]],[[0,58],[80,95]]]},
"G850": {"type": "Matrix2x2", "payoffs": [[[16,16],[64,86]],[[0,8],[54,0]]]},
"G851": {"type": "Matrix2x2", "payoffs": [[[47,0],[91,44]],[[20,38],[0,2]]]},
"G852": {"type": "Matrix2x2", "payoffs": [[[45,10],[78,46]],[[0,40],[2,0]]]},
"G853": {"type": "Matrix2x2", "payoffs": [[[9,30],[16,12]],[[0,0],[62,59]]]},
"G854": {"type": "Matrix2x2", "payoffs": [[[73,6],[0,0]],[[41,4],[60,5]]]},
"G855": {"type": "Matrix2x2", "payoffs": [[[0,14],[88,28]],[[48,0],[51,11]]]},
"G856": {"type": "Matrix2x2", "payoffs": [[[0,0],[1,1]],[[3,16],[2,10]]]},
"G857": {"type": "Matrix2x2", "payoffs": [[[0,0],[84,46]],[[75,24],[79,19]]]},
"G858": {"type": "Matrix2x2", "payoffs": [[[43,84],[34,0]],[[0,81],[27,45]]]},
"G859": {"type": "Matrix2x2", "payoffs": [[[49,48],[78,75]],[[0,0],[7,54]]]},
"G860": {"type": "Matrix2x2", "payoffs": [[[49,96],[47,82]],[[42,95],[0,0]]]},
"G861": {"type": "Matrix2x2", "payoffs": [[[91,24],[0,0]],[[3,11],[72,1]]]},
"G862": {"type": "Matrix2x2", "payoffs": [[[40,0],[41,53]],[[0,11],[36,51]]]},
"G863": {"type": "Matrix2x2", "payoffs": [[[26,33],[69,34]],[[60,0],[0,9]]]},
"G864": {"type": "Matrix2x2", "payoffs": [[[25,0],[0,11]],[[28,3],[40,25]]]},
"G865": {"type": "Matrix2x2", "payoffs": [[[47,80],[17,0]],[[90,95],[0,21]]]},
"G866": {"type": "Matrix2x2", "payoffs": [[[26,27],[52,0]],[[0,5],[67,32]]]},
"G867": {"type": "Matrix2x2", "payoffs": [[[29,7],[35,22]],[[38,30],[0,0]]]},
"G868": {"type": "Matrix2x2", "payoffs": [[[98,37],[45,12]],[[0,0],[39,4]]]},
"G869": {"type": "Matrix2x2", "payoffs": [[[0,0],[27,25]],[[73,10],[88,40]]]},
"G870": {"type": "Matrix2x2", "payoffs": [[[0,54],[12,0]],[[3,67],[13,76]]]},
"G871": {"type": "Matrix2x2", "payoffs": [[[12,27],[5,17]],[[0,5],[1,0]]]},
"G872": {"type": "Matrix2x2", "payoffs": [[[46,44],[0,29]],[[99,67],[49,0]]]},
"G873": {"type": "Matrix2x2", "payoffs": [[[9,0],[0,34]],[[38,97],[5,5]]]},
"G874": {"type": "Matrix2x2", "payoffs": [[[22,13],[0,0]],[[21,18],[67,38]]]},
"G875": {"type": "Matrix2x2", "payoffs": [[[0,2],[73,4]],[[70,0],[35,1]]]},
"G876": {"type": "Matrix2x2", "payoffs": [[[6,8],[0,0]],[[23,46],[15,21]]]},
"G877": {"type": "Matrix2x2", "payoffs": [[[4,61],[1,0]],[[5,83],[0,57]]]},
"G878": {"type": "Matrix2x2", "payoffs": [[[74,96],[0,51]],[[21,37],[56,0]]]},
"G879": {"type": "Matrix2x2", "payoffs": [[[4,47],[5,91]],[[2,25],[0,0]]]},
"G880": {"type": "Matrix2x2", "payoffs": [[[8,25],[6,0]],[[0,5],[19,54]]]},
"G881": {"type": "Matrix2x2", "payoffs": [[[42,2],[0,0]],[[65,1],[66,10]]]},
"G882": {"type": "Matrix2x2", "payoffs": [[[0,40],[4,72]],[[2,0],[1,58]]]},
"G883": {"type": "Matrix2x2", "payoffs": [[[22,86],[7,37]],[[0,0],[9,64]]]},
"G884": {"type": "Matrix2x2", "payoffs": [[[1,3],[0,0]],[[2,11],[3,17]]]},
"G885": {"type": "Matrix2x2", "payoffs": [[[15,17],[68,21]],[[56,13],[0,0]]]},
"G886": {"type": "Matrix2x2", "payoffs": [[[9,11],[28,0]],[[0,9],[43,41]]]},
"G887": {"type": "Matrix2x2", "payoffs": [[[0,11],[26,0]],[[49,21],[6,14]]]},
"G888": {"type": "Matrix2x2", "payoffs": [[[12,98],[2,34]],[[5,22],[0,0]]]},
"G889": {"type": "Matrix2x2", "payoffs": [[[11,0],[0,11]],[[34,2],[86,21]]]},
"G890": {"type": "Matrix2x2", "payoffs": [[[3,14],[4,0]],[[5,27],[0,1]]]},
"G891": {"type": "Matrix2x2", "payoffs": [[[30,0],[0,36]],[[7,9],[54,78]]]},
"G892": {"type": "Matrix2x2", "payoffs": [[[54,8],[0,6]],[[66,19],[18,0]]]},
"G893": {"type": "Matrix2x2", "payoffs": [[[67,90],[43,73]],[[36,72],[0,0]]]},
"G894": {"type": "Matrix2x2", "payoffs": [[[0,48],[71,27]],[[88,93],[49,0]]]},
"G895": {"type": "Matrix2x2", "payoffs": [[[34,3],[79,4]],[[0,2],[60,0]]]},
"G896": {"type": "Matrix2x2", "payoffs": [[[23,10],[65,47]],[[0,14],[63,0]]]},
"G897": {"type": "Matrix2x2", "payoffs": [[[0,40],[33,0]],[[94,96],[27,11]]]},
"G898": {"type": "Matrix2x2", "payoffs": [[[0,22],[12,13]],[[44,68],[5,0]]]},
"G899": {"type": "Matrix2x2", "payoffs": [[[0,0],[71,41]],[[8,20],[25,38]]]},
"G900": {"type": "Matrix2x2", "payoffs": [[[84,63],[18,0]],[[0,1],[8,18]]]},
"G901": {"type": "Matrix2x2", "payoffs": [[[83,25],[28,16]],[[0,0],[48,1]]]},
"G902": {"type": "Matrix2x2", "payoffs": [[[19,0],[48,30]],[[55,33],[0,26]]]},
"G903": {"type": "Matrix2x2", "payoffs": [[[0,0],[88,89]],[[62,18],[26,87]]]},
"G904": {"type": "Matrix2x2", "payoffs": [[[0,76],[36,0]],[[86,88],[52,38]]]},
"G905": {"type": "Matrix2x2", "payoffs": [[[4,3],[9,1]],[[44,4],[0,0]]]},
"G906": {"type": "Matrix2x2", "payoffs": [[[17,14],[13,4]],[[0,6],[9,0]]]},
"G907": {"type": "Matrix2x2", "payoffs": [[[0,1],[48,0]],[[77,5],[59,3]]]},
"G908": {"type": "Matrix2x2", "payoffs": [[[93,76],[0,26]],[[84,11],[89,0]]]},
"G909": {"type": "Matrix2x2", "payoffs": [[[0,49],[4,46]],[[7,0],[33,68]]]},
"G910": {"type": "Matrix2x2", "payoffs": [[[29,0],[51,67]],[[20,58],[0,10]]]},
"G911": {"type": "Matrix2x2", "payoffs": [[[0,63],[1,0]],[[3,67],[2,14]]]},
"G912": {"type": "Matrix2x2", "payoffs": [[[0,37],[98,81]],[[5,0],[1,22]]]},
"G913": {"type": "Matrix2x2", "payoffs": [[[7,14],[0,40]],[[14,0],[42,44]]]},
"G914": {"type": "Matrix2x2", "payoffs": [[[9,83],[6,78]],[[0,58],[4,0]]]},
"G915": {"type": "Matrix2x2", "payoffs": [[[92,98],[63,17]],[[7,64],[0,0]]]},
"G916": {"type": "Matrix2x2", "payoffs": [[[12,4],[0,0]],[[2,3],[8,1]]]},
"G917": {"type": "Matrix2x2", "payoffs": [[[0,29],[17,51]],[[66,52],[1,0]]]},
"G918": {"type": "Matrix2x2", "payoffs": [[[13,40],[11,8]],[[0,0],[12,38]]]},
"G919": {"type": "Matrix2x2", "payoffs": [[[0,0],[4,4]],[[31,3],[53,5]]]},
"G920": {"type": "Matrix2x2", "payoffs": [[[82,11],[34,0]],[[8,8],[0,1]]]},
"G921": {"type": "Matrix2x2", "payoffs": [[[41,0],[55,11]],[[0,3],[77,19]]]},
"G922": {"type": "Matrix2x2", "payoffs": [[[0,37],[83,0]],[[33,27],[85,48]]]},
"G923": {"type": "Matrix2x2", "payoffs": [[[53,49],[0,0]],[[11,3],[3,34]]]},
"G924": {"type": "Matrix2x2", "payoffs": [[[11,55],[0,0]],[[23,95],[9,43]]]},
"G925": {"type": "Matrix2x2", "payoffs": [[[0,2],[28,0]],[[55,20],[20,16]]]},
"G926": {"type": "Matrix2x2", "payoffs": [[[57,48],[79,51]],[[22,14],[0,0]]]},
"G927": {"type": "Matrix2x2", "payoffs": [[[14,0],[73,51]],[[52,23],[0,20]]]},
"G928": {"type": "Matrix2x2", "payoffs": [[[0,17],[65,20]],[[45,14],[3,0]]]},
"G929": {"type": "Matrix2x2", "payoffs": [[[32,23],[19,0]],[[0,21],[29,11]]]},
"G930": {"type": "Matrix2x2", "payoffs": [[[23,58],[0,0]],[[62,10],[72,60]]]},
"G931": {"type": "Matrix2x2", "payoffs": [[[89,2],[0,0]],[[96,4],[56,1]]]},
"G932": {"type": "Matrix2x2", "payoffs": [[[0,0],[16,14]],[[20,86],[18,7]]]},
"G933": {"type": "Matrix2x2", "payoffs": [[[0,0],[25,62]],[[17,41],[2,33]]]},
"G934": {"type": "Matrix2x2", "payoffs": [[[13,28],[14,81]],[[0,0],[2,5]]]},
"G935": {"type": "Matrix2x2", "payoffs": [[[2,4],[0,0]],[[10,11],[49,69]]]},
"G936": {"type": "Matrix2x2", "payoffs": [[[17,17],[39,0]],[[0,3],[73,23]]]},
"G937": {"type": "Matrix2x2", "payoffs": [[[44,30],[2,31]],[[61,90],[0,0]]]},
"G938": {"type": "Matrix2x2", "payoffs": [[[21,45],[0,7]],[[6,0],[90,74]]]},
"G939": {"type": "Matrix2x2", "payoffs": [[[34,0],[2,13]],[[0,71],[52,81]]]},
"G940": {"type": "Matrix2x2", "payoffs": [[[0,6],[13,1]],[[58,10],[19,0]]]},
"G941": {"type": "Matrix2x2", "payoffs": [[[15,0],[2,72]],[[93,79],[0,6]]]},
"G942": {"type": "Matrix2x2", "payoffs": [[[20,13],[0,19]],[[32,22],[14,0]]]},
"G943": {"type": "Matrix2x2", "payoffs": [[[14,2],[32,8]],[[11,7],[0,0]]]},
"G944": {"type": "Matrix2x2", "payoffs": [[[0,0],[6,30]],[[1,11],[9,80]]]},
"G945": {"type": "Matrix2x2", "payoffs": [[[30,32],[13,0]],[[0,41],[48,69]]]},
"G946": {"type": "Matrix2x2", "payoffs": [[[50,0],[57,90]],[[0,46],[33,63]]]},
"G947": {"type": "Matrix2x2", "payoffs": [[[39,64],[0,0]],[[19,32],[23,8]]]},
"G948": {"type": "Matrix2x2", "payoffs": [[[0,17],[10,0]],[[22,10],[35,22]]]},
"G949": {"type": "Matrix2x2", "payoffs": [[[71,77],[33,17]],[[11,0],[0,11]]]},
"G950": {"type": "Matrix2x2", "payoffs": [[[46,98],[38,26]],[[0,0],[42,18]]]},
"G951": {"type": "Matrix2x2", "payoffs": [[[51,73],[4,59]],[[42,51],[0,0]]]},
"G952": {"type": "Matrix2x2", "payoffs": [[[2,0],[62,57]],[[65,96],[0,17]]]},
"G953": {"type": "Matrix2x2", "payoffs": [[[0,0],[4,6]],[[8,70],[3,38]]]},
"G954": {"type": "Matrix2x2", "payoffs": [[[5,86],[4,74]],[[2,0],[0,25]]]},
"G955": {"type": "Matrix2x2", "payoffs": [[[0,12],[29,55]],[[13,26],[16,0]]]},
"G956": {"type": "Matrix2x2", "payoffs": [[[0,0],[32,86]],[[42,70],[66,95]]]},
"G957": {"type": "Matrix2x2", "payoffs": [[[24,4],[30,37]],[[0,0],[29,22]]]},
"G958": {"type": "Matrix2x2", "payoffs": [[[4,3],[2,0]],[[13,39],[0,16]]]},
"G959": {"type": "Matrix2x2", "payoffs": [[[36,6],[35,0]],[[39,20],[0,5]]]},
"G960": {"type": "Matrix2x2", "payoffs": [[[65,81],[2,79]],[[0,26],[38,0]]]},
"G961": {"type": "Matrix2x2", "payoffs": [[[27,3],[21,0]],[[0,5],[30,14]]]},
"G962": {"type": "Matrix2x2", "payoffs": [[[11,26],[13,63]],[[6,0],[0,47]]]},
"G963": {"type": "Matrix2x2", "payoffs": [[[17,0],[95,13]],[[21,5],[0,12]]]},
"G964": {"type": "Matrix2x2", "payoffs": [[[31,0],[47,76]],[[13,9],[0,74]]]},
"G965": {"type": "Matrix2x2", "payoffs": [[[9,46],[52,0]],[[58,86],[0,17]]]},
"G966": {"type": "Matrix2x2", "payoffs": [[[8,52],[11,69]],[[9,8],[0,0]]]},
"G967": {"type": "Matrix2x2", "payoffs": [[[45,0],[52,14]],[[46,11],[0,9]]]},
"G968": {"type": "Matrix2x2", "payoffs": [[[23,81],[8,0]],[[20,41],[0,15]]]},
"G969": {"type": "Matrix2x2", "payoffs": [[[0,8],[33,9]],[[29,1],[18,0]]]},
"G970": {"type": "Matrix2x2", "payoffs": [[[0,0],[7,2]],[[9,5],[3,3]]]},
"G971": {"type": "Matrix2x2", "payoffs": [[[0,0],[61,4]],[[30,6],[64,7]]]},
"G972": {"type": "Matrix2x2", "payoffs": [[[16,0],[1,29]],[[18,54],[0,32]]]},
"G973": {"type": "Matrix2x2", "payoffs": [[[8,21],[5,0]],[[0,7],[12,23]]]},
"G974": {"type": "Matrix2x2", "payoffs": [[[72,0],[0,20]],[[92,43],[5,2]]]},
"G975": {"type": "Matrix2x2", "payoffs": [[[0,12],[75,0]],[[87,58],[3,37]]]},
"G976": {"type": "Matrix2x2", "payoffs": [[[37,88],[33,62]],[[0,0],[29,80]]]},
"G977": {"type": "Matrix2x2", "payoffs": [[[3,14],[16,0]],[[25,77],[0,31]]]},
"G978": {"type": "Matrix2x2", "payoffs": [[[0,19],[71,26]],[[22,0],[90,51]]]},
"G979": {"type": "Matrix2x2", "payoffs": [[[50,30],[0,0]],[[62,82],[14,18]]]},
"G980": {"type": "Matrix2x2", "payoffs": [[[35,55],[46,78]],[[9,0],[0,2]]]},
"G981": {"type": "Matrix2x2", "payoffs": [[[15,56],[59,97]],[[55,0],[0,72]]]},
"G982": {"type": "Matrix2x2", "payoffs": [[[0,14],[64,85]],[[21,81],[3,0]]]},
"G983": {"type": "Matrix2x2", "payoffs": [[[76,32],[32,31]],[[18,8],[0,0]]]},
"G984": {"type": "Matrix2x2", "payoffs": [[[91,47],[57,0]],[[52,13],[0,5]]]},
"G985": {"type": "Matrix2x2", "payoffs": [[[0,22],[89,82]],[[26,0],[61,69]]]},
"G986": {"type": "Matrix2x2", "payoffs": [[[40,33],[22,23]],[[0,19],[37,0]]]},
"G987": {"type": "Matrix2x2", "payoffs": [[[0,63],[57,24]],[[85,99],[26,0]]]},
"G988": {"type": "Matrix2x2", "payoffs": [[[58,32],[73,0]],[[0,26],[84,63]]]},
"G989": {"type": "Matrix2x2", "payoffs": [[[0,10],[42,14]],[[92,27],[90,0]]]},
"G990": {"type": "Matrix2x2", "payoffs": [[[0,51],[5,11]],[[24,0],[67,66]]]},
"G991": {"type": "Matrix2x2", "payoffs": [[[5,74],[4,0]],[[3,22],[0,15]]]},
"G992": {"type": "Matrix2x2", "payoffs": [[[100,46],[29,35]],[[0,28],[56,0]]]},
"G993": {"type": "Matrix2x2", "payoffs": [[[22,22],[9,10]],[[20,0],[0,11]]]},
"G994": {"type": "Matrix2x2", "payoffs": [[[40,0],[22,54]],[[51,93],[0,83]]]},
"G995": {"type": "Matrix2x2", "payoffs": [[[26,36],[0,0]],[[6,2],[22,32]]]},
"G996": {"type": "Matrix2x2", "payoffs": [[[0,51],[90,73]],[[83,0],[22,64]]]},
"G997": {"type": "Matrix2x2", "payoffs": [[[9,35],[8,56]],[[38,68],[0,0]]]},
"G998": {"type": "Matrix2x2", "payoffs": [[[53,41],[0,0]],[[15,37],[50,9]]]},
"G999": {"type": "Matrix2x2", "payoffs": [[[5,0],[0,45]],[[60,48],[54,24]]]},
"G1000": {"type": "Matrix2x2", "payoffs": [[[16,1],[0,0]],[[55,2],[90,5]]]}
}