{
"numGames": 100,
"G1": {"type": "Matrix2x2", "payoffs": [[[41,11],[29,0]],[[40,2],[0,8]]]},
"G2": {"type": "Matrix2x2", "payoffs": [[[12,42],[0,0]],[[46,38],[89,83]]]},
"G3": {"type": "Matrix2x2", "payoffs": [[[0,13],[55,10]],[[57,0],[97,16]]]},
"G4": {"type": "Matrix2x2", "payoffs": [[[0,56],[34,0]],[[75,83],[46,81]]]},
"G5": {"type": "Matrix2x2", "payoffs": [[[0,0],[33,61]],[[1,42],[9,59]]]},
"G6": {"type": "Matrix2x2", "payoffs": [[[30,81],[0,0]],[[15,6],[4,75]]]},
"G7": {"type": "Matrix2x2", "payoffs": [[[1,0],[0,4]],[[7,10],[2,6]]]},
"G8": {"type": "Matrix2x2", "payoffs": [[[1,64],[8,0]],[[33,78],[0,13]]]},
"G9": {"type": "Matrix2x2", "payoffs": [[[16,52],[44,66]],[[37,0],[0,26]]]},
"G10": {"type": "Matrix2x2", "payoffs": [[[0,0],[1,29]],[[21,87],[6,47]]]},
"G11": {"type": "Matrix2x2", "payoffs": [[[0,0],[38,16]],[[63,25],[37,19]]]},
"G12": {"type": "Matrix2x2", "payoffs": [[[19,3],[16,0]],[[0,1],[11,2]]]},
"G13": {"type": "Matrix2x2", "payoffs": [[[47,83],[40,54]],[[18,0],[0,79]]]},
"G14": {"type": "Matrix2x2", "payoffs": [[[49,64],[13,0]],[[0,23],[35,29]]]},
"G15": {"type": "Matrix2x2", "payoffs": [[[88,5],[46,4]],[[0,0],[33,3]]]},
"G16": {"type": "Matrix2x2", "payoffs": [[[0,0],[14,21]],[[8,6],[89,39]]]},
"G17": {"type": "Matrix2x2", "payoffs": [[[0,5],[1,0]],[[38,7],[4,6]]]},
"G18": {"type": "Matrix2x2", "payoffs": [[[14,0],[75,10]],[[13,1],[0,7]]]},
"G19": {"type": "Matrix2x2", "payoffs": [[[2,51],[0,0]],[[9,26],[27,90]]]},
"G20": {"type": "Matrix2x2", "payoffs": [[[63,15],[32,2]],[[0,0],[11,14]]]},
"G21": {"type": "Matrix2x2", "payoffs": [[[21,9],[0,5]],[[22,0],[23,19]]]},
"G22": {"type": "Matrix2x2", "payoffs": [[[29,7],[49,13]],[[0,0],[90,21]]]},
"G23": {"type": "Matrix2x2", "payoffs": [[[0,0],[36,22]],[[89,28],[70,17]]]},
"G24": {"type": "Matrix2x2", "payoffs": [[[77,78],[3,0]],[[0,3],[71,54]]]},
"G25": {"type": "Matrix2x2", "payoffs": [[[2,21],[14,48]],[[0,0],[73,98]]]},
"G26": {"type": "Matrix2x2", "payoffs": [[[32,54],[0,38]],[[1,49],[13,0]]]},
"G27": {"type": "Matrix2x2", "payoffs": [[[100,47],[47,0]],[[21,22],[0,45]]]},
"G28": {"type": "Matrix2x2", "payoffs": [[[26,34],[7,0]],[[0,31],[1,17]]]},
"G29": {"type": "Matrix2x2", "payoffs": [[[93,12],[18,9]],[[0,0],[54,4]]]},
"G30": {"type": "Matrix2x2", "payoffs": [[[21,0],[49,32]],[[0,19],[18,6]]]},
"G31": {"type": "Matrix2x2", "payoffs": [[[0,20],[50,42]],[[32,9],[28,0]]]},
"G32": {"type": "Matrix2x2", "payoffs": [[[54,24],[30,0]],[[61,40],[0,15]]]},
"G33": {"type": "Matrix2x2", "payoffs": [[[0,2],[5,0]],[[19,8],[28,10]]]},
"G34": {"type": "Matrix2x2", "payoffs": [[[57,19],[8,0]],[[0,14],[14,17]]]},
"G35": {"type": "Matrix2x2", "payoffs": [[[0,65],[48,0]],[[99,100],[51,2]]]},
"G36": {"type": "Matrix2x2", "payoffs": [[[59,2],[0,0]],[[60,4],[72,5]]]},
"G37": {"type": "Matrix2x2", "payoffs": [[[79,14],[22,0]],[[44,9],[0,1]]]},
"G38": {"type": "Matrix2x2", "payoffs": [[[0,17],[18,0]],[[62,25],[30,6]]]},
"G39": {"type": "Matrix2x2", "payoffs": [[[9,0],[32,48]],[[0,23],[2,8]]]},
"G40": {"type": "Matrix2x2", "payoffs": [[[0,38],[66,0]],[[98,47],[38,13]]]},
"G41": {"type": "Matrix2x2", "payoffs": [[[0,0],[55,31]],[[85,77],[68,29]]]},
"G42": {"type": "Matrix2x2", "payoffs": [[[22,94],[0,82]],[[2,84],[19,0]]]},
"G43": {"type": "Matrix2x2", "payoffs": [[[0,75],[67,78]],[[10,0],[47,4]]]},
"G44": {"type": "Matrix2x2", "payoffs": [[[0,0],[15,38]],[[14,46],[31,90]]]},
"G45": {"type": "Matrix2x2", "payoffs": [[[0,39],[63,28]],[[88,0],[94,85]]]},
"G46": {"type": "Matrix2x2", "payoffs": [[[50,3],[0,2]],[[20,1],[33,0]]]},
"G47": {"type": "Matrix2x2", "payoffs": [[[5,29],[12,74]],[[0,3],[8,0]]]},
"G48": {"type": "Matrix2x2", "payoffs": [[[0,0],[13,61]],[[10,18],[2,21]]]},
"G49": {"type": "Matrix2x2", "payoffs": [[[0,2],[9,6]],[[75,9],[23,0]]]},
"G50": {"type": "Matrix2x2", "payoffs": [[[5,62],[2,29]],[[9,72],[0,0]]]},
"G51": {"type": "Matrix2x2", "payoffs": [[[47,53],[36,3]],[[53,66],[0,0]]]},
"G52": {"type": "Matrix2x2", "payoffs": [[[16,83],[0,28]],[[14,17],[4,0]]]},
"G53": {"type": "Matrix2x2", "payoffs": [[[5,13],[28,21]],[[16,0],[0,14]]]},
"G54": {"type": "Matrix2x2", "payoffs": [[[46,29],[0,0]],[[80,44],[66,41]]]},
"G55": {"type": "Matrix2x2", "payoffs": [[[8,10],[16,27]],[[10,9],[0,0]]]},
"G56": {"type": "Matrix2x2", "payoffs": [[[0,16],[15,24]],[[8,19],[1,0]]]},
"G57": {"type": "Matrix2x2", "payoffs": [[[6,19],[0,60]],[[9,0],[10,82]]]},
"G58": {"type": "Matrix2x2", "payoffs": [[[35,0],[0,9]],[[5,26],[81,31]]]},
"G59": {"type": "Matrix2x2", "payoffs": [[[0,24],[4,0]],[[23,14],[38,34]]]},
"G60": {"type": "Matrix2x2", "payoffs": [[[3,0],[0,11]],[[10,19],[41,26]]]},
"G61": {"type": "Matrix2x2", "payoffs": [[[0,32],[81,0]],[[92,38],[79,19]]]},
"G62": {"type": "Matrix2x2", "payoffs": [[[11,1],[57,0]],[[0,52],[67,97]]]},
"G63": {"type": "Matrix2x2", "payoffs": [[[4,13],[0,0]],[[1,12],[3,2]]]},
"G64": {"type": "Matrix2x2", "payoffs": [[[0,0],[39,76]],[[37,56],[35,61]]]},
"G65": {"type": "Matrix2x2", "payoffs": [[[17,6],[20,43]],[[4,0],[0,13]]]},
"G66": {"type": "Matrix2x2", "payoffs": [[[9,3],[0,0]],[[12,6],[2,5]]]},
"G67": {"type": "Matrix2x2", "payoffs": [[[91,20],[33,7]],[[31,0],[0,16]]]},
"G68": {"type": "Matrix2x2", "payoffs": [[[20,7],[15,0]],[[0,8],[24,13]]]},
"G69": {"type": "Matrix2x2", "payoffs": [[[0,0],[80,11]],[[59,43],[89,45]]]},
"G70": {"type": "Matrix2x2", "payoffs": [[[29,0],[0,23]],[[36,10],[50,29]]]},
"G71": {"type": "Matrix2x2", "payoffs": [[[43,15],[29,6]],[[0,12],[2,0]]]},
"G72": {"type": "Matrix2x2", "payoffs": [[[31,11],[27,8]],[[0,0],[23,10]]]},
"G73": {"type": "Matrix2x2", "payoffs": [[[0,29],[11,0]],[[18,9],[22,40]]]},
"G74": {"type": "Matrix2x2", "payoffs": [[[17,44],[15,0]],[[19,50],[0,30]]]},
"G75": {"type": "Matrix2x2", "payoffs": [[[2,17],[0,4]],[[18,0],[19,31]]]},
"G76": {"type": "Matrix2x2", "payoffs": [[[26,51],[27,56]],[[0,0],[63,89]]]},
"G77": {"type": "Matrix2x2", "payoffs": [[[13,33],[4,24]],[[12,21],[0,0]]]},
"G78": {"type": "Matrix2x2", "payoffs": [[[26,45],[22,0]],[[0,2],[13,37]]]},
"G79": {"type": "Matrix2x2", "payoffs": [[[84,0],[0,18]],[[20,3],[100,27]]]},
"G80": {"type": "Matrix2x2", "payoffs": [[[15,0],[14,14]],[[0,2],[17,24]]]},
"G81": {"type": "Matrix2x2", "payoffs": [[[8,17],[50,41]],[[0,18],[19,0]]]},
"G82": {"type": "Matrix2x2", "payoffs": [[[19,0],[0,36]],[[33,29],[35,43]]]},
"G83": {"type": "Matrix2x2", "payoffs": [[[12,22],[8,16]],[[9,6],[0,0]]]},
"G84": {"type": "Matrix2x2", "payoffs": [[[0,8],[53,20]],[[57,0],[64,21]]]},
"G85": {"type": "Matrix2x2", "payoffs": [[[6,10],[0,0]],[[53,54],[8,3]]]},
"G86": {"type": "Matrix2x2", "payoffs": [[[1,0],[2,3]],[[3,77],[0,44]]]},
"G87": {"type": "Matrix2x2", "payoffs": [[[8,12],[30,16]],[[0,0],[28,1]]]},
"G88": {"type": "Matrix2x2", "payoffs": [[[30,66],[33,0]],[[0,40],[47,92]]]},
"G89": {"type": "Matrix2x2", "payoffs": [[[6,4],[0,25]],[[18,42],[12,0]]]},
"G90": {"type": "Matrix2x2", "payoffs": [[[54,72],[13,47]],[[0,0],[49,21]]]},
"G91": {"type": "Matrix2x2", "payoffs": [[[43,99],[0,53]],[[12,48],[32,0]]]},
"G92": {"type": "Matrix2x2", "payoffs": [[[64,37],[0,13]],[[53,0],[48,16]]]},
"G93": {"type": "Matrix2x2", "payoffs": [[[26,67],[0,62]],[[30,0],[33,79]]]},
"G94": {"type": "Matrix2x2", "payoffs": [[[53,70],[58,80]],[[0,0],[100,83]]]},
"G95": {"type": "Matrix2x2", "payoffs": [[[53,38],[16,35]],[[0,0],[66,81]]]},
"G96": {"type": "Matrix2x2", "payoffs": [[[0,7],[37,0]],[[32,6],[44,11]]]},
"G97": {"type": "Matrix2x2", "payoffs": [[[0,30],[71,0]],[[39,43],[84,77]]]},
"G98": {"type": "Matrix2x2", "payoffs": [[[0,7],[74,0]],[[41,20],[78,24]]]},
"G99": {"type": "Matrix2x2", "payoffs": [[[22,0],[50,63]],[[49,52],[0,1]]]},
"G100": {"type": "Matrix2x2", "payoffs": [[[16,38],[0,0]],[[21,73],[14,54]]]}
}