{
"numGames": 100,
"G1": {"type": "Matrix2x2", "payoffs": [[[90,16],[17,0]],[[70,1],[0,10]]]},
"G2": {"type": "Matrix2x2", "payoffs": [[[0,0],[35,14]],[[7,2],[5,4]]]},
"G3": {"type": "Matrix2x2", "payoffs": [[[22,0],[19,6]],[[0,8],[65,34]]]},
"G4": {"type": "Matrix2x2", "payoffs": [[[77,0],[99,63]],[[27,37],[0,19]]]},
"G5": {"type": "Matrix2x2", "payoffs": [[[95,9],[80,3]],[[0,2],[77,0]]]},
"G6": {"type": "Matrix2x2", "payoffs": [[[16,0],[0,3]],[[17,36],[24,65]]]},
"G7": {"type": "Matrix2x2", "payoffs": [[[9,10],[0,70]],[[30,86],[12,0]]]},
"G8": {"type": "Matrix2x2", "payoffs": [[[4,1],[7,4]],[[0,0],[1,2]]]},
"G9": {"type": "Matrix2x2", "payoffs": [[[91,63],[0,20]],[[86,0],[53,47]]]},
"G10": {"type": "Matrix2x2", "payoffs": [[[76,36],[28,0]],[[0,4],[33,16]]]},
"G11": {"type": "Matrix2x2", "payoffs": [[[58,29],[0,21]],[[35,8],[45,0]]]},
"G12": {"type": "Matrix2x2", "payoffs": [[[0,0],[19,6]],[[89,55],[47,14]]]},
"G13": {"type": "Matrix2x2", "payoffs": [[[0,59],[72,82]],[[38,36],[17,0]]]},
"G14": {"type": "Matrix2x2", "payoffs": [[[11,0],[92,98]],[[0,17],[21,31]]]},
"G15": {"type": "Matrix2x2", "payoffs": [[[0,77],[39,0]],[[29,51],[58,82]]]},
"G16": {"type": "Matrix2x2", "payoffs": [[[11,78],[16,99]],[[7,0],[0,2]]]},
"G17": {"type": "Matrix2x2", "payoffs": [[[42,64],[0,88]],[[87,95],[40,0]]]},
"G18": {"type": "Matrix2x2", "payoffs": [[[0,0],[21,71]],[[45,90],[5,72]]]},
"G19": {"type": "Matrix2x2", "payoffs": [[[86,99],[8,8]],[[10,55],[0,0]]]},
"G20": {"type": "Matrix2x2", "payoffs": [[[8,4],[29,95]],[[16,0],[0,11]]]},
"G21": {"type": "Matrix2x2", "payoffs": [[[38,14],[0,7]],[[44,0],[52,21]]]},
"G22": {"type": "Matrix2x2", "payoffs": [[[37,68],[85,98]],[[26,0],[0,43]]]},
"G23": {"type": "Matrix2x2", "payoffs": [[[4,0],[0,27]],[[5,43],[15,54]]]},
"G24": {"type": "Matrix2x2", "payoffs": [[[8,0],[0,1]],[[36,13],[50,18]]]},
"G25": {"type": "Matrix2x2", "payoffs": [[[30,56],[22,41]],[[0,18],[15,0]]]},
"G26": {"type": "Matrix2x2", "payoffs": [[[0,0],[54,4]],[[30,3],[2,2]]]},
"G27": {"type": "Matrix2x2", "payoffs": [[[54,39],[57,0]],[[0,13],[60,57]]]},
"G28": {"type": "Matrix2x2", "payoffs": [[[46,26],[0,37]],[[16,0],[63,43]]]},
"G29": {"type": "Matrix2x2", "payoffs": [[[40,0],[0,82]],[[48,5],[90,84]]]},
"G30": {"type": "Matrix2x2", "payoffs": [[[9,0],[18,30]],[[8,29],[0,3]]]},
"G31": {"type": "Matrix2x2", "payoffs": [[[15,63],[16,41]],[[0,0],[34,79]]]},
"G32": {"type": "Matrix2x2", "payoffs": [[[4,4],[21,10]],[[0,0],[10,6]]]},
"G33": {"type": "Matrix2x2", "payoffs": [[[11,0],[0,5]],[[9,6],[87,32]]]},
"G34": {"type": "Matrix2x2", "payoffs": [[[38,55],[58,0]],[[0,6],[59,60]]]},
"G35": {"type": "Matrix2x2", "payoffs": [[[11,0],[40,53]],[[0,38],[29,34]]]},
"G36": {"type": "Matrix2x2", "payoffs": [[[16,0],[23,4]],[[0,12],[77,20]]]},
"G37": {"type": "Matrix2x2", "payoffs": [[[0,23],[13,0]],[[27,89],[26,42]]]},
"G38": {"type": "Matrix2x2", "payoffs": [[[68,82],[0,15]],[[30,47],[39,0]]]},
"G39": {"type": "Matrix2x2", "payoffs": [[[8,94],[4,62]],[[5,31],[0,0]]]},
"G40": {"type": "Matrix2x2", "payoffs": [[[20,74],[0,0]],[[1,40],[45,76]]]},
"G41": {"type": "Matrix2x2", "payoffs": [[[25,97],[22,0]],[[11,34],[0,56]]]},
"G42": {"type": "Matrix2x2", "payoffs": [[[0,26],[90,31]],[[80,0],[16,17]]]},
"G43": {"type": "Matrix2x2", "payoffs": [[[4,0],[5,33]],[[0,4],[8,61]]]},
"G44": {"type": "Matrix2x2", "payoffs": [[[39,70],[0,67]],[[33,0],[15,21]]]},
"G45": {"type": "Matrix2x2", "payoffs": [[[71,33],[84,68]],[[0,59],[11,0]]]},
"G46": {"type": "Matrix2x2", "payoffs": [[[14,0],[17,78]],[[16,1],[0,60]]]},
"G47": {"type": "Matrix2x2", "payoffs": [[[0,24],[1,68]],[[22,87],[9,0]]]},
"G48": {"type": "Matrix2x2", "payoffs": [[[19,0],[29,100]],[[0,33],[1,65]]]},
"G49": {"type": "Matrix2x2", "payoffs": [[[32,51],[45,0]],[[0,30],[61,82]]]},
"G50": {"type": "Matrix2x2", "payoffs": [[[0,0],[98,97]],[[87,18],[50,88]]]},
"G51": {"type": "Matrix2x2", "payoffs": [[[9,0],[76,8]],[[0,2],[43,6]]]},
"G52": {"type": "Matrix2x2", "payoffs": [[[0,12],[24,17]],[[33,0],[83,27]]]},
"G53": {"type": "Matrix2x2", "payoffs": [[[17,8],[33,42]],[[29,0],[0,41]]]},
"G54": {"type": "Matrix2x2", "payoffs": [[[62,80],[39,12]],[[0,0],[45,19]]]},
"G55": {"type": "Matrix2x2", "payoffs": [[[21,40],[27,45]],[[0,23],[16,0]]]},
"G56": {"type": "Matrix2x2", "payoffs": [[[0,2],[20,7]],[[8,0],[18,1]]]},
"G57": {"type": "Matrix2x2", "payoffs": [[[57,60],[34,44]],[[35,0],[0,34]]]},
"G58": {"type": "Matrix2x2", "payoffs": [[[56,45],[27,0]],[[43,6],[0,31]]]},
"G59": {"type": "Matrix2x2", "payoffs": [[[0,5],[48,0]],[[79,17],[39,11]]]},
"G60": {"type": "Matrix2x2", "payoffs": [[[45,79],[20,18]],[[0,33],[23,0]]]},
"G61": {"type": "Matrix2x2", "payoffs": [[[2,0],[7,4]],[[0,1],[45,26]]]},
"G62": {"type": "Matrix2x2", "payoffs": [[[0,21],[38,42]],[[84,85],[69,0]]]},
"G63": {"type": "Matrix2x2", "payoffs": [[[12,0],[0,5]],[[16,8],[1,2]]]},
"G64": {"type": "Matrix2x2", "payoffs": [[[0,15],[69,0]],[[87,64],[49,53]]]},
"G65": {"type": "Matrix2x2", "payoffs": [[[37,22],[30,19]],[[4,0],[0,2]]]},
"G66": {"type": "Matrix2x2", "payoffs": [[[13,79],[12,0]],[[0,49],[11,77]]]},
"G67": {"type": "Matrix2x2", "payoffs": [[[4,0],[3,10]],[[0,39],[15,64]]]},
"G68": {"type": "Matrix2x2", "payoffs": [[[0,5],[52,17]],[[16,6],[36,0]]]},
"G69": {"type": "Matrix2x2", "payoffs": [[[0,6],[5,11]],[[2,7],[1,0]]]},
"G70": {"type": "Matrix2x2", "payoffs": [[[45,93],[40,45]],[[23,0],[0,5]]]},
"G71": {"type": "Matrix2x2", "payoffs": [[[0,31],[19,39]],[[7,4],[18,0]]]},
"G72": {"type": "Matrix2x2", "payoffs": [[[43,1],[0,0]],[[12,4],[88,7]]]},
"G73": {"type": "Matrix2x2", "payoffs": [[[3,87],[1,8]],[[2,29],[0,0]]]},
"G74": {"type": "Matrix2x2", "payoffs": [[[33,50],[0,27]],[[44,0],[86,57]]]},
"G75": {"type": "Matrix2x2", "payoffs": [[[17,6],[37,11]],[[0,0],[79,78]]]},
"G76": {"type": "Matrix2x2", "payoffs": [[[36,8],[56,18]],[[35,2],[0,0]]]},
"G77": {"type": "Matrix2x2", "payoffs": [[[27,0],[0,49]],[[10,79],[29,81]]]},
"G78": {"type": "Matrix2x2", "payoffs": [[[42,11],[41,8]],[[30,2],[0,0]]]},
"G79": {"type": "Matrix2x2", "payoffs": [[[0,83],[10,91]],[[2,17],[4,0]]]},
"G80": {"type": "Matrix2x2", "payoffs": [[[13,42],[5,27]],[[7,41],[0,0]]]},
"G81": {"type": "Matrix2x2", "payoffs": [[[17,89],[13,34]],[[0,30],[8,0]]]},
"G82": {"type": "Matrix2x2", "payoffs": [[[0,0],[23,34]],[[30,44],[18,24]]]},
"G83": {"type": "Matrix2x2", "payoffs": [[[1,92],[6,96]],[[0,10],[2,0]]]},
"G84": {"type": "Matrix2x2", "payoffs": [[[38,0],[10,10]],[[66,41],[0,16]]]},
"G85": {"type": "Matrix2x2", "payoffs": [[[0,44],[23,55]],[[10,0],[24,59]]]},
"G86": {"type": "Matrix2x2", "payoffs": [[[14,0],[28,79]],[[45,90],[0,56]]]},
"G87": {"type": "Matrix2x2", "payoffs": [[[10,89],[6,83]],[[0,35],[4,0]]]},
"G88": {"type": "Matrix2x2", "payoffs": [[[84,92],[0,67]],[[30,0],[67,11]]]},
"G89": {"type": "Matrix2x2", "payoffs": [[[9,86],[17,88]],[[0,0],[22,95]]]},
"G90": {"type": "Matrix2x2", "payoffs": [[[65,2],[100,9]],[[0,5],[58,0]]]},
"G91": {"type": "Matrix2x2", "payoffs": [[[7,47],[1,3]],[[3,33],[0,0]]]},
"G92": {"type": "Matrix2x2", "payoffs": [[[87,46],[0,3]],[[55,10],[31,0]]]},
"G93": {"type": "Matrix2x2", "payoffs": [[[0,0],[13,43]],[[2,30],[8,19]]]},
"G94": {"type": "Matrix2x2", "payoffs": [[[42,47],[33,0]],[[0,10],[31,29]]]},
"G95": {"type": "Matrix2x2", "payoffs": [[[8,55],[1,0]],[[0,5],[25,57]]]},
"G96": {"type": "Matrix2x2", "payoffs": [[[30,15],[66,0]],[[93,45],[0,34]]]},
"G97": {"type": "Matrix2x2", "payoffs": [[[95,0],[98,29]],[[0,9],[87,21]]]},
"G98": {"type": "Matrix2x2", "payoffs": [[[16,63],[0,0]],[[35,86],[37,90]]]},
"G99": {"type": "Matrix2x2", "payoffs": [[[0,0],[4,40]],[[73,82],[11,6]]]},
"G100": {"type": "Matrix2x2", "payoffs": [[[4,0],[32,88]],[[0,23],[2,40]]]}
}