{
"numGames": 1000,
"G1": {"type": "Matrix2x2", "payoffs": [[[0,5],[10,0]],[[34,6],[61,17]]]},
"G2": {"type": "Matrix2x2", "payoffs": [[[34,13],[0,6]],[[1,0],[33,10]]]},
"G3": {"type": "Matrix2x2", "payoffs": [[[0,0],[1,83]],[[43,89],[41,31]]]},
"G4": {"type": "Matrix2x2", "payoffs": [[[65,51],[0,32]],[[61,39],[1,0]]]},
"G5": {"type": "Matrix2x2", "payoffs": [[[3,14],[0,7]],[[1,4],[2,0]]]},
"G6": {"type": "Matrix2x2", "payoffs": [[[0,0],[13,46]],[[4,8],[11,44]]]},
"G7": {"type": "Matrix2x2", "payoffs": [[[16,13],[27,31]],[[0,0],[48,61]]]},
"G8": {"type": "Matrix2x2", "payoffs": [[[7,15],[5,1]],[[9,20],[0,0]]]},
"G9": {"type": "Matrix2x2", "payoffs": [[[39,1],[52,6]],[[19,3],[0,0]]]},
"G10": {"type": "Matrix2x2", "payoffs": [[[58,84],[56,62]],[[0,77],[11,0]]]},
"G11": {"type": "Matrix2x2", "payoffs": [[[10,43],[20,51]],[[0,35],[4,0]]]},
"G12": {"type": "Matrix2x2", "payoffs": [[[0,2],[65,0]],[[69,10],[33,1]]]},
"G13": {"type": "Matrix2x2", "payoffs": [[[0,33],[16,55]],[[9,0],[17,87]]]},
"G14": {"type": "Matrix2x2", "payoffs": [[[0,18],[1,5]],[[15,0],[22,22]]]},
"G15": {"type": "Matrix2x2", "payoffs": [[[5,23],[6,0]],[[10,85],[0,8]]]},
"G16": {"type": "Matrix2x2", "payoffs": [[[92,30],[6,6]],[[34,0],[0,19]]]},
"G17": {"type": "Matrix2x2", "payoffs": [[[0,0],[1,55]],[[4,43],[15,83]]]},
"G18": {"type": "Matrix2x2", "payoffs": [[[2,55],[4,78]],[[1,31],[0,0]]]},
"G19": {"type": "Matrix2x2", "payoffs": [[[39,71],[0,0]],[[22,65],[37,43]]]},
"G20": {"type": "Matrix2x2", "payoffs": [[[7,95],[0,0]],[[4,59],[3,51]]]},
"G21": {"type": "Matrix2x2", "payoffs": [[[2,30],[0,17]],[[14,0],[98,69]]]},
"G22": {"type": "Matrix2x2", "payoffs": [[[87,97],[26,54]],[[0,0],[33,46]]]},
"G23": {"type": "Matrix2x2", "payoffs": [[[95,10],[36,3]],[[53,8],[0,0]]]},
"G24": {"type": "Matrix2x2", "payoffs": [[[3,0],[4,30]],[[0,8],[1,17]]]},
"G25": {"type": "Matrix2x2", "payoffs": [[[29,42],[0,5]],[[24,0],[47,45]]]},
"G26": {"type": "Matrix2x2", "payoffs": [[[0,6],[82,14]],[[24,0],[32,5]]]},
"G27": {"type": "Matrix2x2", "payoffs": [[[0,0],[44,22]],[[68,75],[30,30]]]},
"G28": {"type": "Matrix2x2", "payoffs": [[[42,0],[70,39]],[[0,34],[2,25]]]},
"G29": {"type": "Matrix2x2", "payoffs": [[[80,37],[55,11]],[[0,0],[67,13]]]},
"G30": {"type": "Matrix2x2", "payoffs": [[[33,84],[26,50]],[[7,0],[0,82]]]},
"G31": {"type": "Matrix2x2", "payoffs": [[[0,0],[9,22]],[[14,80],[21,81]]]},
"G32": {"type": "Matrix2x2", "payoffs": [[[0,14],[9,30]],[[12,0],[35,33]]]},
"G33": {"type": "Matrix2x2", "payoffs": [[[0,0],[2,45]],[[1,32],[3,64]]]},
"G34": {"type": "Matrix2x2", "payoffs": [[[0,0],[10,74]],[[5,24],[14,91]]]},
"G35": {"type": "Matrix2x2", "payoffs": [[[61,29],[0,17]],[[59,13],[46,0]]]},
"G36": {"type": "Matrix2x2", "payoffs": [[[18,29],[0,0]],[[42,31],[33,4]]]},
"G37": {"type": "Matrix2x2", "payoffs": [[[36,34],[53,35]],[[20,0],[0,28]]]},
"G38": {"type": "Matrix2x2", "payoffs": [[[25,32],[19,0]],[[0,4],[61,72]]]},
"G39": {"type": "Matrix2x2", "payoffs": [[[12,0],[0,77]],[[25,95],[13,45]]]},
"G40": {"type": "Matrix2x2", "payoffs": [[[0,60],[28,91]],[[13,0],[12,22]]]},
"G41": {"type": "Matrix2x2", "payoffs": [[[97,95],[83,47]],[[0,0],[7,70]]]},
"G42": {"type": "Matrix2x2", "payoffs": [[[0,73],[41,86]],[[8,0],[4,42]]]},
"G43": {"type": "Matrix2x2", "payoffs": [[[44,2],[90,5]],[[0,0],[92,18]]]},
"G44": {"type": "Matrix2x2", "payoffs": [[[26,0],[0,9]],[[57,55],[64,60]]]},
"G45": {"type": "Matrix2x2", "payoffs": [[[96,76],[53,4]],[[35,0],[0,38]]]},
"G46": {"type": "Matrix2x2", "payoffs": [[[35,0],[31,62]],[[0,7],[36,77]]]},
"G47": {"type": "Matrix2x2", "payoffs": [[[51,98],[32,0]],[[0,74],[39,77]]]},
"G48": {"type": "Matrix2x2", "payoffs": [[[14,0],[42,72]],[[0,69],[36,41]]]},
"G49": {"type": "Matrix2x2", "payoffs": [[[19,29],[12,32]],[[24,89],[0,0]]]},
"G50": {"type": "Matrix2x2", "payoffs": [[[17,38],[0,51]],[[30,0],[70,72]]]},
"G51": {"type": "Matrix2x2", "payoffs": [[[99,11],[0,0]],[[52,4],[68,2]]]},
"G52": {"type": "Matrix2x2", "payoffs": [[[20,100],[0,96]],[[9,0],[18,8]]]},
"G53": {"type": "Matrix2x2", "payoffs": [[[27,5],[37,0]],[[0,38],[62,48]]]},
"G54": {"type": "Matrix2x2", "payoffs": [[[86,75],[46,0]],[[0,17],[82,20]]]},
"G55": {"type": "Matrix2x2", "payoffs": [[[21,10],[38,0]],[[57,92],[0,17]]]},
"G56": {"type": "Matrix2x2", "payoffs": [[[46,8],[0,6]],[[1,2],[5,0]]]},
"G57": {"type": "Matrix2x2", "payoffs": [[[4,0],[30,50]],[[60,53],[0,24]]]},
"G58": {"type": "Matrix2x2", "payoffs": [[[15,40],[2,30]],[[31,52],[0,0]]]},
"G59": {"type": "Matrix2x2", "payoffs": [[[9,65],[41,93]],[[36,0],[0,18]]]},
"G60": {"type": "Matrix2x2", "payoffs": [[[16,2],[67,15]],[[0,0],[90,31]]]},
"G61": {"type": "Matrix2x2", "payoffs": [[[17,10],[0,0]],[[41,11],[12,5]]]},
"G62": {"type": "Matrix2x2", "payoffs": [[[69,96],[27,28]],[[50,13],[0,0]]]},
"G63": {"type": "Matrix2x2", "payoffs": [[[73,13],[74,14]],[[8,0],[0,9]]]},
"G64": {"type": "Matrix2x2", "payoffs": [[[29,41],[34,55]],[[0,0],[10,29]]]},
"G65": {"type": "Matrix2x2", "payoffs": [[[20,0],[0,10]],[[98,22],[63,5]]]},
"G66": {"type": "Matrix2x2", "payoffs": [[[0,21],[11,26]],[[4,20],[3,0]]]},
"G67": {"type": "Matrix2x2", "payoffs": [[[20,3],[0,15]],[[1,0],[33,24]]]},
"G68": {"type": "Matrix2x2", "payoffs": [[[60,21],[43,19]],[[0,0],[35,12]]]},
"G69": {"type": "Matrix2x2", "payoffs": [[[0,0],[26,49]],[[46,26],[50,87]]]},
"G70": {"type": "Matrix2x2", "payoffs": [[[22,61],[9,30]],[[0,32],[4,0]]]},
"G71": {"type": "Matrix2x2", "payoffs": [[[12,18],[37,72]],[[6,0],[0,46]]]},
"G72": {"type": "Matrix2x2", "payoffs": [[[18,4],[77,16]],[[65,0],[0,5]]]},
"G73": {"type": "Matrix2x2", "payoffs": [[[25,0],[16,19]],[[0,32],[83,45]]]},
"G74": {"type": "Matrix2x2", "payoffs": [[[0,0],[68,86]],[[67,59],[31,68]]]},
"G75": {"type": "Matrix2x2", "payoffs": [[[64,2],[92,3]],[[0,0],[27,1]]]},
"G76": {"type": "Matrix2x2", "payoffs": [[[14,29],[5,0]],[[13,18],[0,13]]]},
"G77": {"type": "Matrix2x2", "payoffs": [[[67,37],[47,0]],[[37,29],[0,28]]]},
"G78": {"type": "Matrix2x2", "payoffs": [[[61,69],[49,0]],[[37,63],[0,32]]]},
"G79": {"type": "Matrix2x2", "payoffs": [[[21,42],[58,65]],[[30,38],[0,0]]]},
"G80": {"type": "Matrix2x2", "payoffs": [[[4,0],[6,9]],[[8,29],[0,5]]]},
"G81": {"type": "Matrix2x2", "payoffs": [[[76,24],[69,4]],[[53,5],[0,0]]]},
"G82": {"type": "Matrix2x2", "payoffs": [[[0,45],[46,52]],[[61,0],[85,67]]]},
"G83": {"type": "Matrix2x2", "payoffs": [[[30,41],[25,90]],[[0,0],[81,91]]]},
"G84": {"type": "Matrix2x2", "payoffs": [[[84,51],[83,41]],[[47,34],[0,0]]]},
"G85": {"type": "Matrix2x2", "payoffs": [[[9,46],[12,9]],[[0,0],[33,63]]]},
"G86": {"type": "Matrix2x2", "payoffs": [[[0,0],[5,38]],[[15,93],[1,11]]]},
"G87": {"type": "Matrix2x2", "payoffs": [[[0,15],[17,26]],[[8,14],[7,0]]]},
"G88": {"type": "Matrix2x2", "payoffs": [[[7,47],[35,59]],[[0,0],[60,70]]]},
"G89": {"type": "Matrix2x2", "payoffs": [[[0,13],[3,61]],[[1,3],[2,0]]]},
"G90": {"type": "Matrix2x2", "payoffs": [[[0,1],[53,0]],[[9,2],[73,3]]]},
"G91": {"type": "Matrix2x2", "payoffs": [[[0,7],[79,43]],[[55,0],[60,19]]]},
"G92": {"type": "Matrix2x2", "payoffs": [[[100,74],[95,15]],[[0,0],[63,44]]]},
"G93": {"type": "Matrix2x2", "payoffs": [[[94,24],[22,0]],[[11,21],[0,1]]]},
"G94": {"type": "Matrix2x2", "payoffs": [[[5,14],[0,5]],[[3,8],[2,0]]]},
"G95": {"type": "Matrix2x2", "payoffs": [[[96,71],[0,29]],[[16,18],[37,0]]]},
"G96": {"type": "Matrix2x2", "payoffs": [[[1,0],[0,13]],[[3,47],[2,1]]]},
"G97": {"type": "Matrix2x2", "payoffs": [[[16,0],[17,91]],[[0,23],[14,43]]]},
"G98": {"type": "Matrix2x2", "payoffs": [[[0,0],[16,14]],[[22,80],[15,53]]]},
"G99": {"type": "Matrix2x2", "payoffs": [[[10,26],[48,0]],[[79,84],[0,41]]]},
"G100": {"type": "Matrix2x2", "payoffs": [[[1,43],[16,54]],[[0,0],[13,28]]]},
"G101": {"type": "Matrix2x2", "payoffs": [[[4,0],[0,41]],[[63,45],[85,59]]]},
"G102": {"type": "Matrix2x2", "payoffs": [[[8,28],[0,26]],[[30,98],[21,0]]]},
"G103": {"type": "Matrix2x2", "payoffs": [[[59,65],[45,0]],[[0,11],[15,63]]]},
"G104": {"type": "Matrix2x2", "payoffs": [[[71,90],[0,50]],[[67,0],[36,45]]]},
"G105": {"type": "Matrix2x2", "payoffs": [[[21,76],[19,0]],[[86,81],[0,27]]]},
"G106": {"type": "Matrix2x2", "payoffs": [[[3,24],[2,6]],[[1,0],[0,8]]]},
"G107": {"type": "Matrix2x2", "payoffs": [[[62,0],[52,48]],[[98,86],[0,59]]]},
"G108": {"type": "Matrix2x2", "payoffs": [[[40,85],[23,0]],[[2,48],[0,7]]]},
"G109": {"type": "Matrix2x2", "payoffs": [[[28,87],[27,0]],[[0,25],[15,36]]]},
"G110": {"type": "Matrix2x2", "payoffs": [[[27,25],[0,3]],[[26,0],[7,13]]]},
"G111": {"type": "Matrix2x2", "payoffs": [[[0,55],[72,33]],[[3,0],[81,80]]]},
"G112": {"type": "Matrix2x2", "payoffs": [[[34,37],[39,27]],[[0,0],[60,73]]]},
"G113": {"type": "Matrix2x2", "payoffs": [[[32,34],[72,43]],[[0,33],[29,0]]]},
"G114": {"type": "Matrix2x2", "payoffs": [[[7,17],[12,80]],[[0,0],[4,54]]]},
"G115": {"type": "Matrix2x2", "payoffs": [[[0,72],[73,80]],[[38,9],[43,0]]]},
"G116": {"type": "Matrix2x2", "payoffs": [[[0,0],[1,5]],[[7,15],[42,22]]]},
"G117": {"type": "Matrix2x2", "payoffs": [[[21,0],[14,26]],[[0,14],[27,41]]]},
"G118": {"type": "Matrix2x2", "payoffs": [[[0,0],[5,44]],[[4,40],[1,19]]]},
"G119": {"type": "Matrix2x2", "payoffs": [[[13,25],[20,91]],[[0,24],[1,0]]]},
"G120": {"type": "Matrix2x2", "payoffs": [[[36,74],[0,12]],[[32,0],[4,4]]]},
"G121": {"type": "Matrix2x2", "payoffs": [[[9,0],[0,77]],[[55,73],[62,100]]]},
"G122": {"type": "Matrix2x2", "payoffs": [[[0,0],[23,24]],[[45,91],[1,84]]]},
"G123": {"type": "Matrix2x2", "payoffs": [[[27,45],[28,89]],[[18,0],[0,52]]]},
"G124": {"type": "Matrix2x2", "payoffs": [[[43,0],[0,28]],[[53,21],[67,67]]]},
"G125": {"type": "Matrix2x2", "payoffs": [[[74,21],[68,0]],[[77,36],[0,25]]]},
"G126": {"type": "Matrix2x2", "payoffs": [[[5,0],[4,7]],[[0,1],[7,12]]]},
"G127": {"type": "Matrix2x2", "payoffs": [[[22,36],[75,79]],[[0,0],[62,10]]]},
"G128": {"type": "Matrix2x2", "payoffs": [[[21,87],[25,88]],[[0,0],[13,76]]]},
"G129": {"type": "Matrix2x2", "payoffs": [[[12,7],[38,41]],[[36,0],[0,36]]]},
"G130": {"type": "Matrix2x2", "payoffs": [[[42,51],[0,53]],[[52,67],[48,0]]]},
"G131": {"type": "Matrix2x2", "payoffs": [[[0,34],[76,41]],[[43,0],[62,31]]]},
"G132": {"type": "Matrix2x2", "payoffs": [[[30,34],[34,56]],[[21,45],[0,0]]]},
"G133": {"type": "Matrix2x2", "payoffs": [[[13,39],[0,0]],[[58,94],[44,67]]]},
"G134": {"type": "Matrix2x2", "payoffs": [[[17,11],[15,8]],[[21,14],[0,0]]]},
"G135": {"type": "Matrix2x2", "payoffs": [[[0,0],[33,52]],[[27,2],[29,13]]]},
"G136": {"type": "Matrix2x2", "payoffs": [[[92,13],[24,10]],[[27,0],[0,11]]]},
"G137": {"type": "Matrix2x2", "payoffs": [[[51,0],[53,10]],[[0,8],[62,30]]]},
"G138": {"type": "Matrix2x2", "payoffs": [[[0,16],[68,0]],[[11,18],[76,27]]]},
"G139": {"type": "Matrix2x2", "payoffs": [[[21,0],[45,74]],[[0,13],[44,17]]]},
"G140": {"type": "Matrix2x2", "payoffs": [[[26,0],[24,5]],[[50,51],[0,38]]]},
"G141": {"type": "Matrix2x2", "payoffs": [[[36,67],[0,51]],[[10,0],[32,3]]]},
"G142": {"type": "Matrix2x2", "payoffs": [[[43,0],[17,71]],[[52,88],[0,55]]]},
"G143": {"type": "Matrix2x2", "payoffs": [[[66,34],[0,16]],[[59,0],[24,31]]]},
"G144": {"type": "Matrix2x2", "payoffs": [[[9,0],[21,33]],[[0,25],[85,59]]]},
"G145": {"type": "Matrix2x2", "payoffs": [[[12,84],[0,0]],[[9,38],[10,43]]]},
"G146": {"type": "Matrix2x2", "payoffs": [[[0,25],[34,5]],[[65,45],[30,0]]]},
"G147": {"type": "Matrix2x2", "payoffs": [[[60,12],[77,93]],[[0,50],[52,0]]]},
"G148": {"type": "Matrix2x2", "payoffs": [[[0,6],[14,0]],[[19,44],[5,25]]]},
"G149": {"type": "Matrix2x2", "payoffs": [[[0,0],[5,4]],[[21,48],[2,30]]]},
"G150": {"type": "Matrix2x2", "payoffs": [[[2,4],[25,17]],[[0,0],[36,20]]]},
"G151": {"type": "Matrix2x2", "payoffs": [[[42,92],[29,39]],[[0,0],[33,19]]]},
"G152": {"type": "Matrix2x2", "payoffs": [[[0,0],[29,46]],[[65,93],[69,94]]]},
"G153": {"type": "Matrix2x2", "payoffs": [[[0,2],[14,1]],[[81,0],[94,3]]]},
"G154": {"type": "Matrix2x2", "payoffs": [[[0,8],[19,0]],[[6,4],[39,21]]]},
"G155": {"type": "Matrix2x2", "payoffs": [[[1,7],[0,10]],[[7,0],[12,12]]]},
"G156": {"type": "Matrix2x2", "payoffs": [[[60,0],[62,54]],[[0,38],[30,6]]]},
"G157": {"type": "Matrix2x2", "payoffs": [[[65,80],[6,0]],[[63,41],[0,49]]]},
"G158": {"type": "Matrix2x2", "payoffs": [[[34,3],[0,0]],[[51,15],[77,19]]]},
"G159": {"type": "Matrix2x2", "payoffs": [[[77,90],[0,46]],[[27,31],[6,0]]]},
"G160": {"type": "Matrix2x2", "payoffs": [[[0,0],[67,68]],[[34,65],[44,29]]]},
"G161": {"type": "Matrix2x2", "payoffs": [[[0,10],[14,49]],[[24,53],[19,0]]]},
"G162": {"type": "Matrix2x2", "payoffs": [[[11,0],[28,55]],[[5,46],[0,35]]]},
"G163": {"type": "Matrix2x2", "payoffs": [[[8,0],[0,2]],[[66,13],[49,7]]]},
"G164": {"type": "Matrix2x2", "payoffs": [[[23,3],[16,27]],[[33,34],[0,0]]]},
"G165": {"type": "Matrix2x2", "payoffs": [[[1,0],[4,45]],[[0,59],[5,64]]]},
"G166": {"type": "Matrix2x2", "payoffs": [[[40,0],[43,22]],[[15,19],[0,8]]]},
"G167": {"type": "Matrix2x2", "payoffs": [[[69,77],[0,8]],[[20,0],[38,58]]]},
"G168": {"type": "Matrix2x2", "payoffs": [[[2,9],[5,11]],[[14,95],[0,0]]]},
"G169": {"type": "Matrix2x2", "payoffs": [[[76,66],[54,0]],[[0,10],[73,31]]]},
"G170": {"type": "Matrix2x2", "payoffs": [[[0,26],[43,8]],[[46,0],[51,31]]]},
"G171": {"type": "Matrix2x2", "payoffs": [[[15,5],[0,14]],[[8,0],[32,45]]]},
"G172": {"type": "Matrix2x2", "payoffs": [[[11,0],[0,1]],[[19,6],[28,8]]]},
"G173": {"type": "Matrix2x2", "payoffs": [[[77,86],[73,0]],[[0,11],[25,78]]]},
"G174": {"type": "Matrix2x2", "payoffs": [[[52,5],[63,6]],[[0,0],[98,9]]]},
"G175": {"type": "Matrix2x2", "payoffs": [[[20,33],[21,57]],[[0,0],[16,3]]]},
"G176": {"type": "Matrix2x2", "payoffs": [[[0,2],[8,0]],[[27,30],[24,16]]]},
"G177": {"type": "Matrix2x2", "payoffs": [[[37,63],[0,0]],[[18,58],[14,29]]]},
"G178": {"type": "Matrix2x2", "payoffs": [[[33,17],[31,6]],[[25,0],[0,15]]]},
"G179": {"type": "Matrix2x2", "payoffs": [[[4,13],[5,16]],[[0,0],[1,9]]]},
"G180": {"type": "Matrix2x2", "payoffs": [[[0,0],[52,44]],[[35,1],[20,33]]]},
"G181": {"type": "Matrix2x2", "payoffs": [[[5,45],[7,11]],[[8,51],[0,0]]]},
"G182": {"type": "Matrix2x2", "payoffs": [[[9,56],[43,0]],[[0,9],[47,65]]]},
"G183": {"type": "Matrix2x2", "payoffs": [[[19,3],[0,0]],[[16,1],[10,2]]]},
"G184": {"type": "Matrix2x2", "payoffs": [[[0,40],[18,0]],[[53,89],[48,65]]]},
"G185": {"type": "Matrix2x2", "payoffs": [[[43,0],[27,1]],[[79,13],[0,4]]]},
"G186": {"type": "Matrix2x2", "payoffs": [[[5,5],[6,0]],[[0,44],[8,74]]]},
"G187": {"type": "Matrix2x2", "payoffs": [[[98,73],[0,0]],[[69,9],[55,34]]]},
"G188": {"type": "Matrix2x2", "payoffs": [[[44,30],[76,49]],[[0,1],[25,0]]]},
"G189": {"type": "Matrix2x2", "payoffs": [[[0,17],[20,69]],[[3,1],[13,0]]]},
"G190": {"type": "Matrix2x2", "payoffs": [[[24,17],[0,48]],[[42,89],[6,0]]]},
"G191": {"type": "Matrix2x2", "payoffs": [[[4,26],[0,0]],[[22,45],[3,35]]]},
"G192": {"type": "Matrix2x2", "payoffs": [[[34,41],[7,36]],[[0,29],[3,0]]]},
"G193": {"type": "Matrix2x2", "payoffs": [[[20,92],[11,0]],[[12,52],[0,76]]]},
"G194": {"type": "Matrix2x2", "payoffs": [[[67,6],[48,2]],[[0,1],[11,0]]]},
"G195": {"type": "Matrix2x2", "payoffs": [[[23,40],[0,29]],[[16,33],[5,0]]]},
"G196": {"type": "Matrix2x2", "payoffs": [[[1,27],[0,0]],[[11,42],[2,41]]]},
"G197": {"type": "Matrix2x2", "payoffs": [[[90,9],[0,2]],[[5,0],[22,6]]]},
"G198": {"type": "Matrix2x2", "payoffs": [[[6,25],[0,0]],[[40,27],[17,12]]]},
"G199": {"type": "Matrix2x2", "payoffs": [[[25,93],[20,0]],[[1,77],[0,16]]]},
"G200": {"type": "Matrix2x2", "payoffs": [[[28,0],[12,36]],[[0,65],[41,66]]]},
"G201": {"type": "Matrix2x2", "payoffs": [[[54,87],[11,24]],[[0,54],[34,0]]]},
"G202": {"type": "Matrix2x2", "payoffs": [[[64,90],[0,9]],[[61,0],[14,64]]]},
"G203": {"type": "Matrix2x2", "payoffs": [[[52,39],[80,52]],[[27,0],[0,48]]]},
"G204": {"type": "Matrix2x2", "payoffs": [[[0,61],[64,81]],[[31,0],[94,89]]]},
"G205": {"type": "Matrix2x2", "payoffs": [[[42,61],[34,58]],[[0,0],[10,56]]]},
"G206": {"type": "Matrix2x2", "payoffs": [[[44,35],[0,8]],[[3,0],[11,22]]]},
"G207": {"type": "Matrix2x2", "payoffs": [[[91,86],[4,48]],[[2,0],[0,51]]]},
"G208": {"type": "Matrix2x2", "payoffs": [[[78,26],[76,17]],[[3,0],[0,3]]]},
"G209": {"type": "Matrix2x2", "payoffs": [[[85,54],[47,27]],[[60,12],[0,0]]]},
"G210": {"type": "Matrix2x2", "payoffs": [[[0,3],[15,20]],[[4,0],[20,38]]]},
"G211": {"type": "Matrix2x2", "payoffs": [[[34,25],[29,10]],[[9,0],[0,1]]]},
"G212": {"type": "Matrix2x2", "payoffs": [[[27,36],[0,22]],[[35,37],[4,0]]]},
"G213": {"type": "Matrix2x2", "payoffs": [[[26,62],[13,19]],[[0,0],[11,7]]]},
"G214": {"type": "Matrix2x2", "payoffs": [[[82,0],[0,17]],[[56,31],[88,96]]]},
"G215": {"type": "Matrix2x2", "payoffs": [[[45,35],[59,49]],[[52,0],[0,11]]]},
"G216": {"type": "Matrix2x2", "payoffs": [[[3,34],[0,0]],[[14,27],[33,46]]]},
"G217": {"type": "Matrix2x2", "payoffs": [[[78,64],[59,0]],[[0,45],[95,92]]]},
"G218": {"type": "Matrix2x2", "payoffs": [[[70,0],[12,3]],[[0,29],[75,47]]]},
"G219": {"type": "Matrix2x2", "payoffs": [[[11,34],[0,25]],[[60,0],[83,90]]]},
"G220": {"type": "Matrix2x2", "payoffs": [[[1,44],[10,38]],[[18,49],[0,0]]]},
"G221": {"type": "Matrix2x2", "payoffs": [[[0,63],[7,30]],[[17,97],[5,0]]]},
"G222": {"type": "Matrix2x2", "payoffs": [[[15,30],[14,0]],[[19,75],[0,72]]]},
"G223": {"type": "Matrix2x2", "payoffs": [[[12,4],[42,17]],[[35,0],[0,9]]]},
"G224": {"type": "Matrix2x2", "payoffs": [[[7,59],[95,81]],[[0,77],[74,0]]]},
"G225": {"type": "Matrix2x2", "payoffs": [[[23,0],[35,86]],[[0,67],[27,23]]]},
"G226": {"type": "Matrix2x2", "payoffs": [[[3,0],[9,27]],[[0,25],[2,19]]]},
"G227": {"type": "Matrix2x2", "payoffs": [[[34,11],[16,0]],[[0,9],[11,5]]]},
"G228": {"type": "Matrix2x2", "payoffs": [[[32,0],[74,37]],[[0,21],[86,88]]]},
"G229": {"type": "Matrix2x2", "payoffs": [[[84,25],[45,0]],[[68,4],[0,2]]]},
"G230": {"type": "Matrix2x2", "payoffs": [[[13,47],[6,43]],[[12,36],[0,0]]]},
"G231": {"type": "Matrix2x2", "payoffs": [[[0,38],[58,51]],[[13,0],[2,43]]]},
"G232": {"type": "Matrix2x2", "payoffs": [[[62,42],[37,0]],[[2,39],[0,23]]]},
"G233": {"type": "Matrix2x2", "payoffs": [[[0,49],[7,0]],[[5,18],[9,98]]]},
"G234": {"type": "Matrix2x2", "payoffs": [[[52,97],[16,76]],[[28,93],[0,0]]]},
"G235": {"type": "Matrix2x2", "payoffs": [[[88,43],[20,0]],[[0,33],[64,22]]]},
"G236": {"type": "Matrix2x2", "payoffs": [[[39,21],[91,46]],[[0,41],[66,0]]]},
"G237": {"type": "Matrix2x2", "payoffs": [[[27,6],[0,0]],[[24,10],[44,23]]]},
"G238": {"type": "Matrix2x2", "payoffs": [[[53,64],[38,0]],[[0,19],[30,63]]]},
"G239": {"type": "Matrix2x2", "payoffs": [[[44,6],[7,4]],[[0,5],[10,0]]]},
"G240": {"type": "Matrix2x2", "payoffs": [[[0,0],[35,72]],[[37,68],[39,93]]]},
"G241": {"type": "Matrix2x2", "payoffs": [[[52,0],[42,17]],[[78,48],[0,12]]]},
"G242": {"type": "Matrix2x2", "payoffs": [[[0,0],[41,16]],[[49,29],[2,27]]]},
"G243": {"type": "Matrix2x2", "payoffs": [[[20,95],[0,0]],[[5,73],[2,79]]]},
"G244": {"type": "Matrix2x2", "payoffs": [[[0,0],[37,60]],[[57,100],[12,85]]]},
"G245": {"type": "Matrix2x2", "payoffs": [[[59,7],[49,0]],[[7,1],[0,2]]]},
"G246": {"type": "Matrix2x2", "payoffs": [[[4,2],[0,0]],[[1,5],[58,6]]]},
"G247": {"type": "Matrix2x2", "payoffs": [[[32,0],[26,15]],[[89,27],[0,9]]]},
"G248": {"type": "Matrix2x2", "payoffs": [[[4,0],[0,10]],[[16,71],[13,18]]]},
"G249": {"type": "Matrix2x2", "payoffs": [[[9,37],[2,16]],[[1,20],[0,0]]]},
"G250": {"type": "Matrix2x2", "payoffs": [[[90,94],[44,79]],[[79,0],[0,16]]]},
"G251": {"type": "Matrix2x2", "payoffs": [[[16,7],[7,4]],[[0,2],[5,0]]]},
"G252": {"type": "Matrix2x2", "payoffs": [[[71,80],[0,0]],[[21,40],[30,50]]]},
"G253": {"type": "Matrix2x2", "payoffs": [[[1,0],[4,12]],[[5,95],[0,27]]]},
"G254": {"type": "Matrix2x2", "payoffs": [[[11,0],[24,4]],[[0,7],[31,12]]]},
"G255": {"type": "Matrix2x2", "payoffs": [[[48,0],[60,42]],[[72,46],[0,28]]]},
"G256": {"type": "Matrix2x2", "payoffs": [[[12,72],[31,87]],[[9,0],[0,6]]]},
"G257": {"type": "Matrix2x2", "payoffs": [[[92,31],[27,30]],[[88,21],[0,0]]]},
"G258": {"type": "Matrix2x2", "payoffs": [[[25,13],[18,2]],[[33,16],[0,0]]]},
"G259": {"type": "Matrix2x2", "payoffs": [[[34,14],[43,34]],[[0,33],[6,0]]]},
"G260": {"type": "Matrix2x2", "payoffs": [[[46,39],[56,82]],[[0,49],[42,0]]]},
"G261": {"type": "Matrix2x2", "payoffs": [[[0,67],[30,13]],[[33,99],[18,0]]]},
"G262": {"type": "Matrix2x2", "payoffs": [[[0,40],[18,94]],[[54,0],[79,98]]]},
"G263": {"type": "Matrix2x2", "payoffs": [[[0,52],[26,0]],[[29,55],[16,44]]]},
"G264": {"type": "Matrix2x2", "payoffs": [[[21,56],[4,0]],[[0,5],[33,63]]]},
"G265": {"type": "Matrix2x2", "payoffs": [[[55,0],[99,100]],[[97,84],[0,55]]]},
"G266": {"type": "Matrix2x2", "payoffs": [[[0,22],[9,52]],[[67,54],[16,0]]]},
"G267": {"type": "Matrix2x2", "payoffs": [[[0,0],[35,72]],[[18,46],[15,56]]]},
"G268": {"type": "Matrix2x2", "payoffs": [[[7,0],[0,34]],[[95,38],[20,4]]]},
"G269": {"type": "Matrix2x2", "payoffs": [[[33,64],[0,52]],[[24,0],[39,88]]]},
"G270": {"type": "Matrix2x2", "payoffs": [[[92,66],[74,51]],[[0,0],[49,24]]]},
"G271": {"type": "Matrix2x2", "payoffs": [[[26,0],[29,31]],[[0,36],[71,45]]]},
"G272": {"type": "Matrix2x2", "payoffs": [[[29,0],[52,60]],[[0,33],[20,21]]]},
"G273": {"type": "Matrix2x2", "payoffs": [[[45,57],[0,21]],[[37,50],[42,0]]]},
"G274": {"type": "Matrix2x2", "payoffs": [[[84,38],[87,91]],[[31,5],[0,0]]]},
"G275": {"type": "Matrix2x2", "payoffs": [[[49,0],[56,88]],[[0,2],[2,59]]]},
"G276": {"type": "Matrix2x2", "payoffs": [[[38,51],[25,22]],[[0,0],[18,7]]]},
"G277": {"type": "Matrix2x2", "payoffs": [[[3,0],[5,45]],[[2,16],[0,38]]]},
"G278": {"type": "Matrix2x2", "payoffs": [[[5,0],[21,58]],[[25,61],[0,40]]]},
"G279": {"type": "Matrix2x2", "payoffs": [[[9,7],[3,0]],[[0,2],[7,1]]]},
"G280": {"type": "Matrix2x2", "payoffs": [[[10,58],[17,0]],[[0,60],[61,64]]]},
"G281": {"type": "Matrix2x2", "payoffs": [[[64,0],[0,4]],[[23,18],[79,24]]]},
"G282": {"type": "Matrix2x2", "payoffs": [[[14,2],[5,0]],[[16,4],[0,3]]]},
"G283": {"type": "Matrix2x2", "payoffs": [[[1,17],[29,36]],[[0,0],[37,80]]]},
"G284": {"type": "Matrix2x2", "payoffs": [[[59,29],[61,66]],[[34,35],[0,0]]]},
"G285": {"type": "Matrix2x2", "payoffs": [[[49,82],[55,89]],[[0,0],[22,15]]]},
"G286": {"type": "Matrix2x2", "payoffs": [[[40,0],[47,42]],[[0,37],[35,14]]]},
"G287": {"type": "Matrix2x2", "payoffs": [[[26,13],[11,17]],[[0,0],[31,26]]]},
"G288": {"type": "Matrix2x2", "payoffs": [[[0,2],[10,5]],[[7,1],[5,0]]]},
"G289": {"type": "Matrix2x2", "payoffs": [[[45,0],[0,75]],[[61,88],[28,29]]]},
"G290": {"type": "Matrix2x2", "payoffs": [[[89,47],[0,35]],[[17,10],[9,0]]]},
"G291": {"type": "Matrix2x2", "payoffs": [[[2,0],[65,100]],[[0,11],[46,38]]]},
"G292": {"type": "Matrix2x2", "payoffs": [[[55,39],[75,48]],[[73,36],[0,0]]]},
"G293": {"type": "Matrix2x2", "payoffs": [[[40,42],[46,18]],[[0,0],[48,69]]]},
"G294": {"type": "Matrix2x2", "payoffs": [[[0,0],[5,44]],[[68,98],[20,31]]]},
"G295": {"type": "Matrix2x2", "payoffs": [[[75,6],[87,8]],[[10,7],[0,0]]]},
"G296": {"type": "Matrix2x2", "payoffs": [[[1,0],[0,61]],[[58,7],[76,91]]]},
"G297": {"type": "Matrix2x2", "payoffs": [[[0,0],[16,60]],[[15,18],[41,70]]]},
"G298": {"type": "Matrix2x2", "payoffs": [[[60,94],[19,0]],[[47,69],[0,85]]]},
"G299": {"type": "Matrix2x2", "payoffs": [[[33,0],[66,29]],[[84,38],[0,19]]]},
"G300": {"type": "Matrix2x2", "payoffs": [[[61,22],[94,40]],[[0,11],[45,0]]]},
"G301": {"type": "Matrix2x2", "payoffs": [[[4,69],[2,0]],[[3,64],[0,55]]]},
"G302": {"type": "Matrix2x2", "payoffs": [[[1,0],[3,66]],[[18,83],[0,75]]]},
"G303": {"type": "Matrix2x2", "payoffs": [[[61,29],[7,9]],[[90,33],[0,0]]]},
"G304": {"type": "Matrix2x2", "payoffs": [[[12,3],[0,0]],[[69,65],[45,20]]]},
"G305": {"type": "Matrix2x2", "payoffs": [[[16,9],[0,69]],[[20,86],[4,0]]]},
"G306": {"type": "Matrix2x2", "payoffs": [[[93,4],[0,0]],[[27,2],[40,1]]]},
"G307": {"type": "Matrix2x2", "payoffs": [[[30,0],[10,4]],[[35,25],[0,19]]]},
"G308": {"type": "Matrix2x2", "payoffs": [[[0,31],[78,7]],[[54,0],[85,32]]]},
"G309": {"type": "Matrix2x2", "payoffs": [[[36,55],[76,58]],[[0,40],[44,0]]]},
"G310": {"type": "Matrix2x2", "payoffs": [[[92,19],[0,0]],[[26,11],[78,14]]]},
"G311": {"type": "Matrix2x2", "payoffs": [[[4,8],[0,3]],[[5,0],[16,9]]]},
"G312": {"type": "Matrix2x2", "payoffs": [[[21,0],[0,2]],[[30,5],[23,4]]]},
"G313": {"type": "Matrix2x2", "payoffs": [[[42,41],[23,0]],[[0,56],[47,92]]]},
"G314": {"type": "Matrix2x2", "payoffs": [[[58,39],[32,0]],[[84,95],[0,53]]]},
"G315": {"type": "Matrix2x2", "payoffs": [[[22,0],[31,97]],[[11,5],[0,22]]]},
"G316": {"type": "Matrix2x2", "payoffs": [[[27,15],[26,0]],[[0,2],[13,3]]]},
"G317": {"type": "Matrix2x2", "payoffs": [[[58,49],[73,60]],[[0,53],[28,0]]]},
"G318": {"type": "Matrix2x2", "payoffs": [[[27,0],[44,2]],[[0,17],[52,81]]]},
"G319": {"type": "Matrix2x2", "payoffs": [[[51,51],[0,25]],[[41,0],[27,33]]]},
"G320": {"type": "Matrix2x2", "payoffs": [[[0,4],[19,5]],[[25,7],[6,0]]]},
"G321": {"type": "Matrix2x2", "payoffs": [[[0,0],[17,46]],[[14,35],[12,18]]]},
"G322": {"type": "Matrix2x2", "payoffs": [[[0,6],[72,12]],[[59,2],[11,0]]]},
"G323": {"type": "Matrix2x2", "payoffs": [[[41,15],[0,49]],[[100,100],[90,0]]]},
"G324": {"type": "Matrix2x2", "payoffs": [[[4,73],[0,0]],[[20,71],[50,84]]]},
"G325": {"type": "Matrix2x2", "payoffs": [[[0,6],[22,33]],[[68,43],[11,0]]]},
"G326": {"type": "Matrix2x2", "payoffs": [[[13,0],[37,54]],[[0,43],[18,4]]]},
"G327": {"type": "Matrix2x2", "payoffs": [[[2,0],[0,59]],[[5,93],[1,64]]]},
"G328": {"type": "Matrix2x2", "payoffs": [[[37,34],[0,17]],[[16,13],[33,0]]]},
"G329": {"type": "Matrix2x2", "payoffs": [[[0,3],[51,5]],[[19,0],[31,2]]]},
"G330": {"type": "Matrix2x2", "payoffs": [[[0,2],[29,3]],[[75,4],[36,0]]]},
"G331": {"type": "Matrix2x2", "payoffs": [[[86,20],[7,15]],[[33,0],[0,12]]]},
"G332": {"type": "Matrix2x2", "payoffs": [[[50,0],[0,6]],[[35,1],[79,9]]]},
"G333": {"type": "Matrix2x2", "payoffs": [[[58,33],[65,82]],[[8,60],[0,0]]]},
"G334": {"type": "Matrix2x2", "payoffs": [[[82,5],[20,0]],[[38,3],[0,1]]]},
"G335": {"type": "Matrix2x2", "payoffs": [[[0,12],[6,0]],[[8,52],[43,57]]]},
"G336": {"type": "Matrix2x2", "payoffs": [[[55,54],[95,98]],[[93,79],[0,0]]]},
"G337": {"type": "Matrix2x2", "payoffs": [[[0,57],[32,0]],[[72,59],[56,38]]]},
"G338": {"type": "Matrix2x2", "payoffs": [[[0,0],[7,69]],[[6,32],[4,59]]]},
"G339": {"type": "Matrix2x2", "payoffs": [[[87,72],[0,0]],[[84,64],[31,60]]]},
"G340": {"type": "Matrix2x2", "payoffs": [[[9,0],[21,29]],[[4,4],[0,28]]]},
"G341": {"type": "Matrix2x2", "payoffs": [[[0,0],[7,8]],[[4,1],[5,5]]]},
"G342": {"type": "Matrix2x2", "payoffs": [[[0,0],[19,14]],[[13,11],[53,15]]]},
"G343": {"type": "Matrix2x2", "payoffs": [[[38,97],[19,63]],[[0,0],[34,45]]]},
"G344": {"type": "Matrix2x2", "payoffs": [[[93,11],[0,1]],[[69,0],[31,3]]]},
"G345": {"type": "Matrix2x2", "payoffs": [[[79,51],[24,17]],[[46,42],[0,0]]]},
"G346": {"type": "Matrix2x2", "payoffs": [[[45,0],[0,23]],[[9,13],[73,52]]]},
"G347": {"type": "Matrix2x2", "payoffs": [[[0,14],[8,38]],[[2,0],[4,22]]]},
"G348": {"type": "Matrix2x2", "payoffs": [[[24,64],[57,0]],[[80,72],[0,39]]]},
"G349": {"type": "Matrix2x2", "payoffs": [[[28,53],[20,0]],[[0,38],[6,50]]]},
"G350": {"type": "Matrix2x2", "payoffs": [[[0,0],[59,4]],[[100,7],[91,1]]]},
"G351": {"type": "Matrix2x2", "payoffs": [[[0,0],[28,14]],[[52,33],[27,31]]]},
"G352": {"type": "Matrix2x2", "payoffs": [[[72,31],[71,25]],[[36,0],[0,23]]]},
"G353": {"type": "Matrix2x2", "payoffs": [[[6,37],[62,89]],[[57,0],[0,6]]]},
"G354": {"type": "Matrix2x2", "payoffs": [[[0,39],[5,44]],[[4,0],[2,17]]]},
"G355": {"type": "Matrix2x2", "payoffs": [[[0,47],[18,88]],[[10,0],[17,19]]]},
"G356": {"type": "Matrix2x2", "payoffs": [[[13,64],[0,12]],[[1,0],[3,23]]]},
"G357": {"type": "Matrix2x2", "payoffs": [[[95,17],[64,1]],[[84,0],[0,14]]]},
"G358": {"type": "Matrix2x2", "payoffs": [[[0,18],[16,17]],[[35,40],[13,0]]]},
"G359": {"type": "Matrix2x2", "payoffs": [[[7,4],[75,0]],[[82,15],[0,9]]]},
"G360": {"type": "Matrix2x2", "payoffs": [[[15,5],[12,0]],[[0,81],[27,94]]]},
"G361": {"type": "Matrix2x2", "payoffs": [[[47,34],[52,78]],[[41,0],[0,36]]]},
"G362": {"type": "Matrix2x2", "payoffs": [[[13,18],[0,25]],[[40,0],[85,33]]]},
"G363": {"type": "Matrix2x2", "payoffs": [[[0,13],[2,0]],[[1,17],[5,31]]]},
"G364": {"type": "Matrix2x2", "payoffs": [[[0,0],[15,64]],[[14,19],[13,48]]]},
"G365": {"type": "Matrix2x2", "payoffs": [[[7,34],[56,70]],[[47,26],[0,0]]]},
"G366": {"type": "Matrix2x2", "payoffs": [[[51,17],[18,2]],[[0,0],[74,21]]]},
"G367": {"type": "Matrix2x2", "payoffs": [[[23,41],[37,0]],[[0,31],[74,82]]]},
"G368": {"type": "Matrix2x2", "payoffs": [[[5,0],[6,12]],[[0,10],[2,2]]]},
"G369": {"type": "Matrix2x2", "payoffs": [[[0,9],[26,0]],[[43,4],[84,10]]]},
"G370": {"type": "Matrix2x2", "payoffs": [[[53,47],[1,41]],[[0,26],[47,0]]]},
"G371": {"type": "Matrix2x2", "payoffs": [[[46,10],[61,4]],[[0,0],[83,11]]]},
"G372": {"type": "Matrix2x2", "payoffs": [[[61,69],[3,0]],[[33,47],[0,58]]]},
"G373": {"type": "Matrix2x2", "payoffs": [[[90,27],[71,7]],[[0,0],[47,18]]]},
"G374": {"type": "Matrix2x2", "payoffs": [[[60,1],[0,0]],[[44,2],[81,3]]]},
"G375": {"type": "Matrix2x2", "payoffs": [[[0,0],[60,12]],[[84,90],[76,48]]]},
"G376": {"type": "Matrix2x2", "payoffs": [[[3,0],[0,2]],[[19,69],[2,24]]]},
"G377": {"type": "Matrix2x2", "payoffs": [[[19,79],[13,8]],[[0,0],[11,28]]]},
"G378": {"type": "Matrix2x2", "payoffs": [[[0,31],[30,44]],[[25,7],[5,0]]]},
"G379": {"type": "Matrix2x2", "payoffs": [[[0,0],[29,56]],[[22,25],[6,23]]]},
"G380": {"type": "Matrix2x2", "payoffs": [[[3,0],[2,69]],[[4,80],[0,64]]]},
"G381": {"type": "Matrix2x2", "payoffs": [[[34,5],[48,97]],[[27,0],[0,86]]]},
"G382": {"type": "Matrix2x2", "payoffs": [[[29,0],[0,3]],[[33,6],[21,4]]]},
"G383": {"type": "Matrix2x2", "payoffs": [[[32,89],[0,64]],[[18,0],[10,38]]]},
"G384": {"type": "Matrix2x2", "payoffs": [[[16,21],[3,0]],[[0,10],[12,2]]]},
"G385": {"type": "Matrix2x2", "payoffs": [[[3,6],[27,17]],[[0,3],[9,0]]]},
"G386": {"type": "Matrix2x2", "payoffs": [[[0,27],[44,32]],[[8,0],[11,16]]]},
"G387": {"type": "Matrix2x2", "payoffs": [[[63,40],[0,28]],[[9,0],[68,42]]]},
"G388": {"type": "Matrix2x2", "payoffs": [[[11,45],[1,0]],[[0,65],[16,79]]]},
"G389": {"type": "Matrix2x2", "payoffs": [[[6,70],[0,49]],[[1,0],[12,84]]]},
"G390": {"type": "Matrix2x2", "payoffs": [[[85,10],[64,7]],[[59,5],[0,0]]]},
"G391": {"type": "Matrix2x2", "payoffs": [[[11,8],[6,0]],[[0,17],[19,40]]]},
"G392": {"type": "Matrix2x2", "payoffs": [[[2,0],[20,41]],[[0,22],[93,91]]]},
"G393": {"type": "Matrix2x2", "payoffs": [[[21,38],[0,19]],[[57,0],[63,44]]]},
"G394": {"type": "Matrix2x2", "payoffs": [[[30,0],[62,9]],[[76,30],[0,6]]]},
"G395": {"type": "Matrix2x2", "payoffs": [[[36,0],[10,1]],[[0,7],[50,15]]]},
"G396": {"type": "Matrix2x2", "payoffs": [[[42,0],[64,36]],[[0,35],[14,15]]]},
"G397": {"type": "Matrix2x2", "payoffs": [[[87,6],[0,8]],[[38,0],[99,11]]]},
"G398": {"type": "Matrix2x2", "payoffs": [[[11,24],[0,0]],[[15,35],[7,29]]]},
"G399": {"type": "Matrix2x2", "payoffs": [[[0,26],[16,0]],[[55,92],[3,39]]]},
"G400": {"type": "Matrix2x2", "payoffs": [[[5,0],[1,59]],[[0,23],[8,72]]]},
"G401": {"type": "Matrix2x2", "payoffs": [[[81,8],[33,0]],[[0,6],[46,5]]]},
"G402": {"type": "Matrix2x2", "payoffs": [[[26,20],[22,55]],[[0,0],[29,97]]]},
"G403": {"type": "Matrix2x2", "payoffs": [[[27,17],[53,21]],[[35,16],[0,0]]]},
"G404": {"type": "Matrix2x2", "payoffs": [[[0,14],[4,16]],[[41,0],[56,94]]]},
"G405": {"type": "Matrix2x2", "payoffs": [[[0,0],[21,56]],[[32,75],[12,16]]]},
"G406": {"type": "Matrix2x2", "payoffs": [[[4,5],[15,2]],[[0,0],[24,6]]]},
"G407": {"type": "Matrix2x2", "payoffs": [[[46,56],[0,0]],[[45,45],[31,9]]]},
"G408": {"type": "Matrix2x2", "payoffs": [[[0,0],[5,3]],[[11,49],[6,6]]]},
"G409": {"type": "Matrix2x2", "payoffs": [[[0,40],[40,94]],[[19,24],[18,0]]]},
"G410": {"type": "Matrix2x2", "payoffs": [[[0,0],[17,45]],[[19,29],[74,77]]]},
"G411": {"type": "Matrix2x2", "payoffs": [[[88,16],[81,8]],[[77,0],[0,9]]]},
"G412": {"type": "Matrix2x2", "payoffs": [[[27,41],[0,1]],[[5,0],[32,66]]]},
"G413": {"type": "Matrix2x2", "payoffs": [[[68,95],[0,52]],[[44,51],[55,0]]]},
"G414": {"type": "Matrix2x2", "payoffs": [[[0,15],[48,61]],[[37,0],[68,95]]]},
"G415": {"type": "Matrix2x2", "payoffs": [[[41,27],[37,0]],[[38,21],[0,15]]]},
"G416": {"type": "Matrix2x2", "payoffs": [[[2,4],[0,0]],[[1,10],[3,13]]]},
"G417": {"type": "Matrix2x2", "payoffs": [[[0,12],[15,46]],[[13,0],[21,78]]]},
"G418": {"type": "Matrix2x2", "payoffs": [[[0,0],[84,73]],[[25,66],[47,27]]]},
"G419": {"type": "Matrix2x2", "payoffs": [[[25,14],[8,0]],[[0,3],[47,59]]]},
"G420": {"type": "Matrix2x2", "payoffs": [[[3,77],[1,54]],[[2,16],[0,0]]]},
"G421": {"type": "Matrix2x2", "payoffs": [[[84,96],[0,31]],[[67,93],[6,0]]]},
"G422": {"type": "Matrix2x2", "payoffs": [[[48,0],[59,4]],[[73,5],[0,2]]]},
"G423": {"type": "Matrix2x2", "payoffs": [[[28,30],[0,0]],[[1,20],[2,10]]]},
"G424": {"type": "Matrix2x2", "payoffs": [[[28,0],[0,35]],[[63,56],[21,28]]]},
"G425": {"type": "Matrix2x2", "payoffs": [[[91,25],[84,15]],[[0,1],[42,0]]]},
"G426": {"type": "Matrix2x2", "payoffs": [[[46,92],[23,51]],[[14,19],[0,0]]]},
"G427": {"type": "Matrix2x2", "payoffs": [[[23,26],[28,16]],[[0,0],[61,37]]]},
"G428": {"type": "Matrix2x2", "payoffs": [[[49,33],[85,55]],[[0,0],[25,38]]]},
"G429": {"type": "Matrix2x2", "payoffs": [[[96,52],[0,25]],[[66,4],[52,0]]]},
"G430": {"type": "Matrix2x2", "payoffs": [[[0,2],[55,8]],[[68,26],[43,0]]]},
"G431": {"type": "Matrix2x2", "payoffs": [[[28,52],[43,58]],[[3,41],[0,0]]]},
"G432": {"type": "Matrix2x2", "payoffs": [[[76,10],[93,73]],[[0,66],[21,0]]]},
"G433": {"type": "Matrix2x2", "payoffs": [[[60,51],[0,15]],[[52,0],[19,49]]]},
"G434": {"type": "Matrix2x2", "payoffs": [[[4,12],[72,7]],[[0,0],[77,20]]]},
"G435": {"type": "Matrix2x2", "payoffs": [[[24,31],[17,19]],[[9,0],[0,26]]]},
"G436": {"type": "Matrix2x2", "payoffs": [[[17,23],[0,6]],[[8,0],[16,2]]]},
"G437": {"type": "Matrix2x2", "payoffs": [[[0,0],[50,31]],[[35,20],[21,29]]]},
"G438": {"type": "Matrix2x2", "payoffs": [[[7,0],[8,90]],[[6,88],[0,7]]]},
"G439": {"type": "Matrix2x2", "payoffs": [[[0,37],[11,40]],[[1,2],[3,0]]]},
"G440": {"type": "Matrix2x2", "payoffs": [[[31,0],[63,76]],[[48,35],[0,33]]]},
"G441": {"type": "Matrix2x2", "payoffs": [[[0,0],[23,94]],[[16,52],[9,90]]]},
"G442": {"type": "Matrix2x2", "payoffs": [[[25,0],[6,11]],[[0,25],[97,28]]]},
"G443": {"type": "Matrix2x2", "payoffs": [[[45,0],[70,8]],[[0,10],[77,30]]]},
"G444": {"type": "Matrix2x2", "payoffs": [[[3,0],[2,11]],[[5,33],[0,16]]]},
"G445": {"type": "Matrix2x2", "payoffs": [[[0,26],[18,0]],[[29,98],[10,46]]]},
"G446": {"type": "Matrix2x2", "payoffs": [[[0,0],[6,47]],[[4,18],[14,67]]]},
"G447": {"type": "Matrix2x2", "payoffs": [[[4,71],[55,0]],[[65,94],[0,70]]]},
"G448": {"type": "Matrix2x2", "payoffs": [[[26,1],[35,10]],[[0,0],[12,4]]]},
"G449": {"type": "Matrix2x2", "payoffs": [[[8,0],[19,88]],[[9,6],[0,87]]]},
"G450": {"type": "Matrix2x2", "payoffs": [[[29,0],[27,40]],[[0,15],[34,72]]]},
"G451": {"type": "Matrix2x2", "payoffs": [[[0,28],[14,0]],[[83,4],[84,93]]]},
"G452": {"type": "Matrix2x2", "payoffs": [[[28,7],[66,12]],[[36,0],[0,8]]]},
"G453": {"type": "Matrix2x2", "payoffs": [[[77,56],[61,0]],[[35,9],[0,45]]]},
"G454": {"type": "Matrix2x2", "payoffs": [[[6,20],[0,2]],[[85,28],[20,0]]]},
"G455": {"type": "Matrix2x2", "payoffs": [[[73,54],[71,46]],[[0,18],[24,0]]]},
"G456": {"type": "Matrix2x2", "payoffs": [[[10,0],[0,11]],[[47,90],[27,52]]]},
"G457": {"type": "Matrix2x2", "payoffs": [[[14,55],[35,73]],[[0,61],[34,0]]]},
"G458": {"type": "Matrix2x2", "payoffs": [[[0,90],[7,44]],[[84,95],[54,0]]]},
"G459": {"type": "Matrix2x2", "payoffs": [[[47,94],[5,57]],[[9,74],[0,0]]]},
"G460": {"type": "Matrix2x2", "payoffs": [[[12,38],[10,0]],[[16,49],[0,30]]]},
"G461": {"type": "Matrix2x2", "payoffs": [[[4,17],[0,0]],[[1,25],[53,71]]]},
"G462": {"type": "Matrix2x2", "payoffs": [[[10,35],[8,82]],[[0,0],[36,86]]]},
"G463": {"type": "Matrix2x2", "payoffs": [[[8,6],[0,4]],[[9,0],[15,12]]]},
"G464": {"type": "Matrix2x2", "payoffs": [[[80,22],[0,0]],[[52,25],[99,55]]]},
"G465": {"type": "Matrix2x2", "payoffs": [[[89,64],[6,31]],[[0,0],[87,21]]]},
"G466": {"type": "Matrix2x2", "payoffs": [[[21,96],[2,45]],[[18,0],[0,59]]]},
"G467": {"type": "Matrix2x2", "payoffs": [[[0,19],[4,82]],[[2,0],[1,15]]]},
"G468": {"type": "Matrix2x2", "payoffs": [[[44,80],[11,0]],[[22,15],[0,33]]]},
"G469": {"type": "Matrix2x2", "payoffs": [[[26,88],[17,2]],[[0,59],[12,0]]]},
"G470": {"type": "Matrix2x2", "payoffs": [[[70,3],[41,2]],[[0,0],[99,17]]]},
"G471": {"type": "Matrix2x2", "payoffs": [[[0,0],[35,15]],[[39,2],[49,18]]]},
"G472": {"type": "Matrix2x2", "payoffs": [[[90,33],[57,23]],[[0,0],[46,19]]]},
"G473": {"type": "Matrix2x2", "payoffs": [[[20,73],[15,33]],[[8,0],[0,34]]]},
"G474": {"type": "Matrix2x2", "payoffs": [[[0,3],[40,0]],[[19,8],[78,10]]]},
"G475": {"type": "Matrix2x2", "payoffs": [[[15,38],[3,0]],[[17,77],[0,58]]]},
"G476": {"type": "Matrix2x2", "payoffs": [[[0,0],[20,3]],[[16,2],[39,18]]]},
"G477": {"type": "Matrix2x2", "payoffs": [[[3,0],[21,45]],[[0,42],[6,25]]]},
"G478": {"type": "Matrix2x2", "payoffs": [[[26,8],[19,14]],[[0,0],[38,16]]]},
"G479": {"type": "Matrix2x2", "payoffs": [[[28,18],[31,31]],[[0,0],[32,74]]]},
"G480": {"type": "Matrix2x2", "payoffs": [[[14,0],[29,71]],[[0,44],[64,80]]]},
"G481": {"type": "Matrix2x2", "payoffs": [[[77,42],[39,38]],[[0,30],[51,0]]]},
"G482": {"type": "Matrix2x2", "payoffs": [[[0,5],[10,0]],[[31,20],[3,11]]]},
"G483": {"type": "Matrix2x2", "payoffs": [[[4,19],[0,0]],[[5,43],[3,14]]]},
"G484": {"type": "Matrix2x2", "payoffs": [[[2,0],[12,29]],[[11,16],[0,2]]]},
"G485": {"type": "Matrix2x2", "payoffs": [[[0,51],[29,70]],[[30,83],[16,0]]]},
"G486": {"type": "Matrix2x2", "payoffs": [[[2,6],[0,27]],[[18,38],[14,0]]]},
"G487": {"type": "Matrix2x2", "payoffs": [[[0,0],[53,76]],[[28,22],[49,7]]]},
"G488": {"type": "Matrix2x2", "payoffs": [[[20,57],[0,39]],[[7,55],[2,0]]]},
"G489": {"type": "Matrix2x2", "payoffs": [[[0,35],[4,43]],[[3,38],[2,0]]]},
"G490": {"type": "Matrix2x2", "payoffs": [[[0,19],[3,0]],[[7,55],[26,66]]]},
"G491": {"type": "Matrix2x2", "payoffs": [[[0,11],[23,17]],[[10,0],[18,15]]]},
"G492": {"type": "Matrix2x2", "payoffs": [[[0,0],[65,8]],[[77,32],[49,7]]]},
"G493": {"type": "Matrix2x2", "payoffs": [[[37,26],[0,0]],[[77,92],[73,67]]]},
"G494": {"type": "Matrix2x2", "payoffs": [[[42,99],[0,0]],[[20,14],[46,100]]]},
"G495": {"type": "Matrix2x2", "payoffs": [[[7,25],[0,0]],[[60,20],[62,51]]]},
"G496": {"type": "Matrix2x2", "payoffs": [[[0,16],[3,19]],[[34,48],[1,0]]]},
"G497": {"type": "Matrix2x2", "payoffs": [[[19,3],[30,4]],[[0,0],[87,22]]]},
"G498": {"type": "Matrix2x2", "payoffs": [[[92,54],[95,0]],[[96,58],[0,49]]]},
"G499": {"type": "Matrix2x2", "payoffs": [[[69,70],[54,0]],[[0,30],[44,21]]]},
"G500": {"type": "Matrix2x2", "payoffs": [[[12,6],[34,17]],[[26,7],[0,0]]]},
"G501": {"type": "Matrix2x2", "payoffs": [[[0,17],[19,4]],[[29,20],[26,0]]]},
"G502": {"type": "Matrix2x2", "payoffs": [[[7,0],[8,69]],[[6,18],[0,37]]]},
"G503": {"type": "Matrix2x2", "payoffs": [[[16,9],[71,97]],[[23,0],[0,7]]]},
"G504": {"type": "Matrix2x2", "payoffs": [[[50,51],[35,0]],[[29,27],[0,38]]]},
"G505": {"type": "Matrix2x2", "payoffs": [[[0,17],[53,68]],[[12,50],[33,0]]]},
"G506": {"type": "Matrix2x2", "payoffs": [[[21,1],[30,9]],[[0,0],[35,20]]]},
"G507": {"type": "Matrix2x2", "payoffs": [[[72,33],[7,19]],[[17,0],[0,15]]]},
"G508": {"type": "Matrix2x2", "payoffs": [[[0,17],[19,0]],[[29,6],[38,34]]]},
"G509": {"type": "Matrix2x2", "payoffs": [[[96,72],[66,0]],[[44,40],[0,36]]]},
"G510": {"type": "Matrix2x2", "payoffs": [[[54,0],[0,1]],[[65,35],[57,14]]]},
"G511": {"type": "Matrix2x2", "payoffs": [[[2,30],[10,2]],[[19,38],[0,0]]]},
"G512": {"type": "Matrix2x2", "payoffs": [[[26,38],[3,0]],[[29,45],[0,5]]]},
"G513": {"type": "Matrix2x2", "payoffs": [[[21,15],[0,9]],[[31,0],[89,28]]]},
"G514": {"type": "Matrix2x2", "payoffs": [[[7,3],[62,0]],[[0,5],[71,7]]]},
"G515": {"type": "Matrix2x2", "payoffs": [[[0,0],[78,91]],[[61,67],[76,5]]]},
"G516": {"type": "Matrix2x2", "payoffs": [[[0,0],[87,80]],[[69,9],[56,17]]]},
"G517": {"type": "Matrix2x2", "payoffs": [[[16,27],[0,14]],[[9,0],[1,8]]]},
"G518": {"type": "Matrix2x2", "payoffs": [[[9,89],[7,17]],[[0,7],[3,0]]]},
"G519": {"type": "Matrix2x2", "payoffs": [[[23,21],[2,0]],[[0,1],[33,23]]]},
"G520": {"type": "Matrix2x2", "payoffs": [[[66,49],[79,61]],[[0,0],[61,54]]]},
"G521": {"type": "Matrix2x2", "payoffs": [[[16,7],[22,9]],[[0,4],[8,0]]]},
"G522": {"type": "Matrix2x2", "payoffs": [[[0,0],[1,27]],[[17,31],[15,7]]]},
"G523": {"type": "Matrix2x2", "payoffs": [[[46,56],[40,0]],[[0,55],[34,25]]]},
"G524": {"type": "Matrix2x2", "payoffs": [[[60,0],[97,41]],[[0,39],[75,24]]]},
"G525": {"type": "Matrix2x2", "payoffs": [[[0,6],[39,48]],[[20,0],[40,65]]]},
"G526": {"type": "Matrix2x2", "payoffs": [[[0,0],[1,12]],[[3,13],[2,6]]]},
"G527": {"type": "Matrix2x2", "payoffs": [[[10,27],[7,26]],[[0,0],[19,46]]]},
"G528": {"type": "Matrix2x2", "payoffs": [[[72,16],[2,0]],[[73,27],[0,20]]]},
"G529": {"type": "Matrix2x2", "payoffs": [[[74,73],[0,40]],[[51,18],[67,0]]]},
"G530": {"type": "Matrix2x2", "payoffs": [[[29,0],[69,27]],[[67,10],[0,2]]]},
"G531": {"type": "Matrix2x2", "payoffs": [[[47,0],[48,38]],[[23,6],[0,27]]]},
"G532": {"type": "Matrix2x2", "payoffs": [[[0,0],[14,79]],[[11,59],[4,20]]]},
"G533": {"type": "Matrix2x2", "payoffs": [[[10,41],[8,37]],[[0,40],[7,0]]]},
"G534": {"type": "Matrix2x2", "payoffs": [[[40,10],[79,52]],[[59,33],[0,0]]]},
"G535": {"type": "Matrix2x2", "payoffs": [[[4,47],[2,37]],[[3,0],[0,21]]]},
"G536": {"type": "Matrix2x2", "payoffs": [[[0,85],[14,58]],[[61,96],[11,0]]]},
"G537": {"type": "Matrix2x2", "payoffs": [[[0,0],[54,1]],[[25,51],[69,66]]]},
"G538": {"type": "Matrix2x2", "payoffs": [[[0,0],[32,4]],[[16,8],[55,11]]]},
"G539": {"type": "Matrix2x2", "payoffs": [[[59,1],[0,0]],[[90,93],[40,78]]]},
"G540": {"type": "Matrix2x2", "payoffs": [[[10,0],[57,29]],[[0,3],[44,2]]]},
"G541": {"type": "Matrix2x2", "payoffs": [[[0,0],[36,11]],[[58,17],[66,28]]]},
"G542": {"type": "Matrix2x2", "payoffs": [[[0,12],[26,78]],[[1,0],[22,69]]]},
"G543": {"type": "Matrix2x2", "payoffs": [[[0,5],[67,38]],[[23,0],[96,62]]]},
"G544": {"type": "Matrix2x2", "payoffs": [[[68,0],[32,10]],[[0,15],[76,16]]]},
"G545": {"type": "Matrix2x2", "payoffs": [[[1,4],[14,10]],[[0,0],[5,9]]]},
"G546": {"type": "Matrix2x2", "payoffs": [[[14,18],[0,26]],[[56,81],[24,0]]]},
"G547": {"type": "Matrix2x2", "payoffs": [[[80,55],[10,37]],[[0,0],[3,20]]]},
"G548": {"type": "Matrix2x2", "payoffs": [[[19,7],[0,2]],[[34,90],[33,0]]]},
"G549": {"type": "Matrix2x2", "payoffs": [[[16,77],[87,99]],[[11,4],[0,0]]]},
"G550": {"type": "Matrix2x2", "payoffs": [[[0,0],[24,33]],[[11,30],[12,28]]]},
"G551": {"type": "Matrix2x2", "payoffs": [[[34,10],[19,2]],[[1,0],[0,3]]]},
"G552": {"type": "Matrix2x2", "payoffs": [[[53,77],[46,3]],[[43,0],[0,1]]]},
"G553": {"type": "Matrix2x2", "payoffs": [[[0,0],[12,27]],[[30,55],[49,93]]]},
"G554": {"type": "Matrix2x2", "payoffs": [[[18,55],[0,21]],[[8,52],[9,0]]]},
"G555": {"type": "Matrix2x2", "payoffs": [[[96,98],[0,62]],[[89,36],[74,0]]]},
"G556": {"type": "Matrix2x2", "payoffs": [[[12,0],[0,37]],[[29,71],[31,72]]]},
"G557": {"type": "Matrix2x2", "payoffs": [[[66,12],[45,0]],[[0,40],[93,46]]]},
"G558": {"type": "Matrix2x2", "payoffs": [[[23,26],[8,25]],[[15,0],[0,14]]]},
"G559": {"type": "Matrix2x2", "payoffs": [[[0,0],[3,9]],[[14,98],[11,39]]]},
"G560": {"type": "Matrix2x2", "payoffs": [[[0,0],[71,49]],[[69,31],[55,48]]]},
"G561": {"type": "Matrix2x2", "payoffs": [[[72,24],[9,9]],[[0,4],[11,0]]]},
"G562": {"type": "Matrix2x2", "payoffs": [[[8,0],[24,3]],[[0,5],[67,9]]]},
"G563": {"type": "Matrix2x2", "payoffs": [[[2,36],[0,0]],[[5,35],[7,61]]]},
"G564": {"type": "Matrix2x2", "payoffs": [[[35,1],[0,10]],[[65,11],[46,0]]]},
"G565": {"type": "Matrix2x2", "payoffs": [[[16,0],[38,19]],[[0,18],[28,5]]]},
"G566": {"type": "Matrix2x2", "payoffs": [[[0,17],[75,0]],[[90,39],[72,13]]]},
"G567": {"type": "Matrix2x2", "payoffs": [[[68,42],[44,16]],[[0,0],[19,18]]]},
"G568": {"type": "Matrix2x2", "payoffs": [[[17,21],[16,6]],[[48,69],[0,0]]]},
"G569": {"type": "Matrix2x2", "payoffs": [[[23,14],[3,0]],[[0,8],[24,33]]]},
"G570": {"type": "Matrix2x2", "payoffs": [[[11,69],[0,0]],[[24,12],[47,87]]]},
"G571": {"type": "Matrix2x2", "payoffs": [[[37,11],[0,13]],[[2,0],[61,15]]]},
"G572": {"type": "Matrix2x2", "payoffs": [[[0,19],[39,0]],[[25,35],[53,48]]]},
"G573": {"type": "Matrix2x2", "payoffs": [[[0,9],[7,0]],[[20,14],[38,20]]]},
"G574": {"type": "Matrix2x2", "payoffs": [[[7,29],[5,0]],[[0,25],[52,39]]]},
"G575": {"type": "Matrix2x2", "payoffs": [[[0,57],[8,83]],[[20,98],[9,0]]]},
"G576": {"type": "Matrix2x2", "payoffs": [[[29,3],[15,0]],[[0,1],[52,7]]]},
"G577": {"type": "Matrix2x2", "payoffs": [[[4,57],[40,95]],[[0,0],[35,58]]]},
"G578": {"type": "Matrix2x2", "payoffs": [[[10,44],[30,77]],[[7,42],[0,0]]]},
"G579": {"type": "Matrix2x2", "payoffs": [[[4,49],[0,78]],[[2,0],[34,88]]]},
"G580": {"type": "Matrix2x2", "payoffs": [[[0,0],[43,55]],[[8,27],[6,29]]]},
"G581": {"type": "Matrix2x2", "payoffs": [[[15,0],[0,3]],[[34,5],[28,4]]]},
"G582": {"type": "Matrix2x2", "payoffs": [[[0,0],[88,54]],[[42,44],[12,40]]]},
"G583": {"type": "Matrix2x2", "payoffs": [[[0,27],[34,0]],[[47,70],[14,61]]]},
"G584": {"type": "Matrix2x2", "payoffs": [[[47,37],[18,0]],[[8,21],[0,33]]]},
"G585": {"type": "Matrix2x2", "payoffs": [[[69,13],[0,0]],[[79,16],[11,8]]]},
"G586": {"type": "Matrix2x2", "payoffs": [[[27,2],[34,0]],[[0,14],[62,60]]]},
"G587": {"type": "Matrix2x2", "payoffs": [[[11,14],[33,0]],[[48,72],[0,45]]]},
"G588": {"type": "Matrix2x2", "payoffs": [[[0,6],[3,0]],[[5,4],[11,14]]]},
"G589": {"type": "Matrix2x2", "payoffs": [[[0,47],[32,6]],[[97,52],[51,0]]]},
"G590": {"type": "Matrix2x2", "payoffs": [[[2,17],[0,12]],[[1,0],[3,18]]]},
"G591": {"type": "Matrix2x2", "payoffs": [[[32,6],[7,0]],[[0,2],[30,5]]]},
"G592": {"type": "Matrix2x2", "payoffs": [[[51,70],[6,0]],[[46,11],[0,33]]]},
"G593": {"type": "Matrix2x2", "payoffs": [[[0,6],[58,0]],[[19,1],[81,20]]]},
"G594": {"type": "Matrix2x2", "payoffs": [[[47,31],[85,96]],[[0,0],[17,45]]]},
"G595": {"type": "Matrix2x2", "payoffs": [[[0,3],[34,20]],[[30,0],[9,17]]]},
"G596": {"type": "Matrix2x2", "payoffs": [[[26,18],[0,4]],[[40,0],[59,24]]]},
"G597": {"type": "Matrix2x2", "payoffs": [[[0,72],[55,75]],[[30,0],[34,57]]]},
"G598": {"type": "Matrix2x2", "payoffs": [[[10,13],[0,3]],[[68,0],[82,18]]]},
"G599": {"type": "Matrix2x2", "payoffs": [[[66,70],[60,0]],[[92,76],[0,57]]]},
"G600": {"type": "Matrix2x2", "payoffs": [[[0,20],[60,36]],[[49,0],[68,94]]]},
"G601": {"type": "Matrix2x2", "payoffs": [[[40,44],[42,72]],[[23,65],[0,0]]]},
"G602": {"type": "Matrix2x2", "payoffs": [[[4,45],[15,79]],[[0,0],[17,84]]]},
"G603": {"type": "Matrix2x2", "payoffs": [[[11,35],[0,0]],[[21,100],[8,19]]]},
"G604": {"type": "Matrix2x2", "payoffs": [[[26,8],[16,12]],[[45,87],[0,0]]]},
"G605": {"type": "Matrix2x2", "payoffs": [[[12,0],[49,20]],[[0,16],[22,17]]]},
"G606": {"type": "Matrix2x2", "payoffs": [[[37,3],[90,81]],[[0,0],[56,9]]]},
"G607": {"type": "Matrix2x2", "payoffs": [[[0,11],[70,33]],[[12,17],[45,0]]]},
"G608": {"type": "Matrix2x2", "payoffs": [[[57,20],[40,38]],[[70,70],[0,0]]]},
"G609": {"type": "Matrix2x2", "payoffs": [[[52,22],[62,51]],[[0,0],[16,21]]]},
"G610": {"type": "Matrix2x2", "payoffs": [[[71,26],[30,0]],[[0,13],[87,35]]]},
"G611": {"type": "Matrix2x2", "payoffs": [[[0,0],[14,47]],[[49,85],[13,33]]]},
"G612": {"type": "Matrix2x2", "payoffs": [[[0,0],[4,19]],[[15,27],[51,32]]]},
"G613": {"type": "Matrix2x2", "payoffs": [[[98,51],[6,15]],[[0,41],[67,0]]]},
"G614": {"type": "Matrix2x2", "payoffs": [[[0,13],[9,8]],[[6,0],[85,51]]]},
"G615": {"type": "Matrix2x2", "payoffs": [[[24,88],[7,40]],[[15,0],[0,27]]]},
"G616": {"type": "Matrix2x2", "payoffs": [[[83,3],[48,0]],[[88,36],[0,22]]]},
"G617": {"type": "Matrix2x2", "payoffs": [[[0,12],[34,0]],[[42,61],[24,6]]]},
"G618": {"type": "Matrix2x2", "payoffs": [[[8,44],[12,77]],[[0,71],[1,0]]]},
"G619": {"type": "Matrix2x2", "payoffs": [[[17,0],[6,34]],[[0,37],[20,56]]]},
"G620": {"type": "Matrix2x2", "payoffs": [[[35,50],[13,36]],[[17,4],[0,0]]]},
"G621": {"type": "Matrix2x2", "payoffs": [[[21,6],[14,4]],[[0,0],[19,1]]]},
"G622": {"type": "Matrix2x2", "payoffs": [[[19,10],[72,0]],[[0,69],[93,74]]]},
"G623": {"type": "Matrix2x2", "payoffs": [[[0,0],[15,51]],[[25,7],[77,88]]]},
"G624": {"type": "Matrix2x2", "payoffs": [[[38,2],[93,0]],[[0,6],[99,8]]]},
"G625": {"type": "Matrix2x2", "payoffs": [[[0,0],[36,44]],[[12,9],[15,27]]]},
"G626": {"type": "Matrix2x2", "payoffs": [[[27,14],[28,0]],[[56,22],[0,7]]]},
"G627": {"type": "Matrix2x2", "payoffs": [[[41,2],[0,0]],[[55,4],[64,8]]]},
"G628": {"type": "Matrix2x2", "payoffs": [[[35,22],[5,16]],[[20,10],[0,0]]]},
"G629": {"type": "Matrix2x2", "payoffs": [[[14,6],[12,0]],[[0,5],[24,29]]]},
"G630": {"type": "Matrix2x2", "payoffs": [[[4,27],[1,0]],[[0,3],[3,20]]]},
"G631": {"type": "Matrix2x2", "payoffs": [[[1,16],[3,54]],[[2,15],[0,0]]]},
"G632": {"type": "Matrix2x2", "payoffs": [[[62,0],[0,19]],[[66,25],[13,10]]]},
"G633": {"type": "Matrix2x2", "payoffs": [[[2,32],[0,0]],[[1,9],[3,36]]]},
"G634": {"type": "Matrix2x2", "payoffs": [[[31,5],[88,46]],[[33,39],[0,0]]]},
"G635": {"type": "Matrix2x2", "payoffs": [[[35,98],[0,0]],[[14,43],[8,75]]]},
"G636": {"type": "Matrix2x2", "payoffs": [[[46,13],[80,41]],[[0,40],[36,0]]]},
"G637": {"type": "Matrix2x2", "payoffs": [[[20,0],[55,92]],[[0,1],[46,88]]]},
"G638": {"type": "Matrix2x2", "payoffs": [[[7,0],[54,52]],[[0,1],[23,14]]]},
"G639": {"type": "Matrix2x2", "payoffs": [[[53,95],[0,23]],[[19,49],[20,0]]]},
"G640": {"type": "Matrix2x2", "payoffs": [[[52,51],[2,16]],[[30,0],[0,12]]]},
"G641": {"type": "Matrix2x2", "payoffs": [[[0,0],[14,3]],[[69,34],[75,48]]]},
"G642": {"type": "Matrix2x2", "payoffs": [[[35,4],[10,0]],[[57,7],[0,6]]]},
"G643": {"type": "Matrix2x2", "payoffs": [[[0,0],[25,26]],[[7,43],[36,71]]]},
"G644": {"type": "Matrix2x2", "payoffs": [[[60,0],[81,37]],[[80,19],[0,1]]]},
"G645": {"type": "Matrix2x2", "payoffs": [[[22,11],[0,0]],[[28,21],[32,34]]]},
"G646": {"type": "Matrix2x2", "payoffs": [[[0,4],[96,83]],[[10,0],[5,31]]]},
"G647": {"type": "Matrix2x2", "payoffs": [[[12,7],[0,0]],[[15,18],[3,17]]]},
"G648": {"type": "Matrix2x2", "payoffs": [[[0,28],[27,91]],[[18,47],[17,0]]]},
"G649": {"type": "Matrix2x2", "payoffs": [[[0,0],[1,10]],[[5,76],[3,28]]]},
"G650": {"type": "Matrix2x2", "payoffs": [[[13,11],[0,0]],[[15,52],[20,84]]]},
"G651": {"type": "Matrix2x2", "payoffs": [[[18,63],[8,9]],[[14,21],[0,0]]]},
"G652": {"type": "Matrix2x2", "payoffs": [[[47,24],[0,0]],[[52,40],[50,2]]]},
"G653": {"type": "Matrix2x2", "payoffs": [[[47,9],[77,69]],[[71,20],[0,0]]]},
"G654": {"type": "Matrix2x2", "payoffs": [[[94,80],[22,0]],[[78,12],[0,11]]]},
"G655": {"type": "Matrix2x2", "payoffs": [[[55,92],[18,47]],[[0,0],[29,26]]]},
"G656": {"type": "Matrix2x2", "payoffs": [[[6,0],[12,8]],[[14,10],[0,2]]]},
"G657": {"type": "Matrix2x2", "payoffs": [[[0,23],[29,98]],[[22,25],[26,0]]]},
"G658": {"type": "Matrix2x2", "payoffs": [[[22,19],[20,58]],[[32,63],[0,0]]]},
"G659": {"type": "Matrix2x2", "payoffs": [[[24,0],[19,56]],[[0,1],[33,70]]]},
"G660": {"type": "Matrix2x2", "payoffs": [[[3,5],[0,0]],[[6,1],[7,6]]]},
"G661": {"type": "Matrix2x2", "payoffs": [[[89,0],[0,82]],[[74,58],[92,88]]]},
"G662": {"type": "Matrix2x2", "payoffs": [[[54,4],[76,14]],[[44,1],[0,0]]]},
"G663": {"type": "Matrix2x2", "payoffs": [[[14,15],[20,0]],[[21,20],[0,16]]]},
"G664": {"type": "Matrix2x2", "payoffs": [[[0,62],[6,0]],[[8,54],[9,67]]]},
"G665": {"type": "Matrix2x2", "payoffs": [[[28,61],[4,0]],[[0,33],[14,27]]]},
"G666": {"type": "Matrix2x2", "payoffs": [[[32,87],[1,15]],[[18,31],[0,0]]]},
"G667": {"type": "Matrix2x2", "payoffs": [[[0,0],[10,16]],[[13,100],[9,66]]]},
"G668": {"type": "Matrix2x2", "payoffs": [[[0,0],[46,20]],[[55,30],[23,11]]]},
"G669": {"type": "Matrix2x2", "payoffs": [[[17,17],[78,30]],[[0,29],[69,0]]]},
"G670": {"type": "Matrix2x2", "payoffs": [[[0,9],[18,11]],[[71,0],[96,12]]]},
"G671": {"type": "Matrix2x2", "payoffs": [[[35,0],[20,64]],[[57,100],[0,53]]]},
"G672": {"type": "Matrix2x2", "payoffs": [[[24,0],[20,12]],[[0,2],[45,55]]]},
"G673": {"type": "Matrix2x2", "payoffs": [[[0,0],[5,5]],[[53,33],[11,25]]]},
"G674": {"type": "Matrix2x2", "payoffs": [[[0,6],[31,7]],[[94,8],[32,0]]]},
"G675": {"type": "Matrix2x2", "payoffs": [[[56,28],[0,9]],[[22,17],[31,0]]]},
"G676": {"type": "Matrix2x2", "payoffs": [[[20,0],[53,5]],[[27,1],[0,3]]]},
"G677": {"type": "Matrix2x2", "payoffs": [[[0,0],[75,89]],[[23,29],[17,5]]]},
"G678": {"type": "Matrix2x2", "payoffs": [[[87,17],[63,13]],[[0,15],[26,0]]]},
"G679": {"type": "Matrix2x2", "payoffs": [[[34,39],[25,13]],[[0,0],[9,19]]]},
"G680": {"type": "Matrix2x2", "payoffs": [[[99,91],[0,54]],[[2,0],[18,29]]]},
"G681": {"type": "Matrix2x2", "payoffs": [[[0,17],[3,30]],[[25,0],[29,34]]]},
"G682": {"type": "Matrix2x2", "payoffs": [[[6,0],[15,13]],[[0,35],[19,42]]]},
"G683": {"type": "Matrix2x2", "payoffs": [[[5,0],[7,40]],[[3,17],[0,16]]]},
"G684": {"type": "Matrix2x2", "payoffs": [[[22,37],[69,58]],[[0,0],[46,6]]]},
"G685": {"type": "Matrix2x2", "payoffs": [[[10,55],[0,0]],[[7,52],[6,25]]]},
"G686": {"type": "Matrix2x2", "payoffs": [[[0,7],[8,20]],[[20,0],[38,55]]]},
"G687": {"type": "Matrix2x2", "payoffs": [[[52,31],[0,7]],[[32,12],[42,0]]]},
"G688": {"type": "Matrix2x2", "payoffs": [[[9,17],[3,1]],[[0,0],[2,3]]]},
"G689": {"type": "Matrix2x2", "payoffs": [[[22,84],[1,31]],[[0,0],[4,36]]]},
"G690": {"type": "Matrix2x2", "payoffs": [[[23,37],[49,2]],[[0,0],[84,62]]]},
"G691": {"type": "Matrix2x2", "payoffs": [[[15,44],[0,0]],[[9,27],[92,53]]]},
"G692": {"type": "Matrix2x2", "payoffs": [[[13,6],[27,4]],[[0,0],[49,8]]]},
"G693": {"type": "Matrix2x2", "payoffs": [[[0,71],[3,70]],[[49,76],[43,0]]]},
"G694": {"type": "Matrix2x2", "payoffs": [[[99,41],[18,0]],[[81,20],[0,13]]]},
"G695": {"type": "Matrix2x2", "payoffs": [[[0,32],[14,61]],[[29,0],[39,91]]]},
"G696": {"type": "Matrix2x2", "payoffs": [[[90,0],[0,38]],[[92,26],[100,47]]]},
"G697": {"type": "Matrix2x2", "payoffs": [[[43,12],[45,54]],[[0,21],[12,0]]]},
"G698": {"type": "Matrix2x2", "payoffs": [[[96,7],[25,2]],[[0,0],[32,4]]]},
"G699": {"type": "Matrix2x2", "payoffs": [[[9,2],[12,5]],[[0,4],[3,0]]]},
"G700": {"type": "Matrix2x2", "payoffs": [[[73,85],[32,45]],[[0,0],[35,35]]]},
"G701": {"type": "Matrix2x2", "payoffs": [[[0,51],[14,72]],[[10,0],[9,26]]]},
"G702": {"type": "Matrix2x2", "payoffs": [[[66,99],[44,53]],[[0,0],[20,47]]]},
"G703": {"type": "Matrix2x2", "payoffs": [[[1,5],[11,0]],[[0,82],[12,90]]]},
"G704": {"type": "Matrix2x2", "payoffs": [[[7,2],[0,21]],[[8,36],[6,0]]]},
"G705": {"type": "Matrix2x2", "payoffs": [[[35,10],[18,33]],[[49,72],[0,0]]]},
"G706": {"type": "Matrix2x2", "payoffs": [[[63,42],[0,0]],[[86,56],[67,55]]]},
"G707": {"type": "Matrix2x2", "payoffs": [[[0,90],[13,71]],[[54,100],[27,0]]]},
"G708": {"type": "Matrix2x2", "payoffs": [[[70,4],[63,2]],[[0,0],[41,1]]]},
"G709": {"type": "Matrix2x2", "payoffs": [[[63,61],[47,0]],[[0,46],[15,18]]]},
"G710": {"type": "Matrix2x2", "payoffs": [[[8,56],[0,72]],[[65,0],[93,96]]]},
"G711": {"type": "Matrix2x2", "payoffs": [[[0,4],[49,6]],[[3,2],[39,0]]]},
"G712": {"type": "Matrix2x2", "payoffs": [[[0,0],[24,6]],[[13,1],[42,10]]]},
"G713": {"type": "Matrix2x2", "payoffs": [[[17,14],[24,54]],[[0,10],[5,0]]]},
"G714": {"type": "Matrix2x2", "payoffs": [[[27,32],[28,22]],[[0,0],[83,42]]]},
"G715": {"type": "Matrix2x2", "payoffs": [[[0,0],[3,64]],[[2,6],[1,63]]]},
"G716": {"type": "Matrix2x2", "payoffs": [[[0,55],[19,0]],[[98,77],[30,59]]]},
"G717": {"type": "Matrix2x2", "payoffs": [[[62,41],[0,24]],[[57,27],[34,0]]]},
"G718": {"type": "Matrix2x2", "payoffs": [[[0,31],[16,0]],[[78,38],[26,36]]]},
"G719": {"type": "Matrix2x2", "payoffs": [[[0,23],[74,43]],[[5,2],[58,0]]]},
"G720": {"type": "Matrix2x2", "payoffs": [[[29,54],[14,0]],[[0,4],[35,70]]]},
"G721": {"type": "Matrix2x2", "payoffs": [[[24,0],[28,82]],[[0,44],[21,57]]]},
"G722": {"type": "Matrix2x2", "payoffs": [[[77,29],[43,0]],[[0,8],[4,15]]]},
"G723": {"type": "Matrix2x2", "payoffs": [[[7,3],[60,69]],[[0,32],[45,0]]]},
"G724": {"type": "Matrix2x2", "payoffs": [[[0,0],[50,24]],[[79,27],[23,2]]]},
"G725": {"type": "Matrix2x2", "payoffs": [[[5,5],[13,0]],[[0,23],[20,28]]]},
"G726": {"type": "Matrix2x2", "payoffs": [[[9,20],[0,0]],[[13,3],[16,28]]]},
"G727": {"type": "Matrix2x2", "payoffs": [[[0,42],[83,62]],[[67,35],[61,0]]]},
"G728": {"type": "Matrix2x2", "payoffs": [[[0,44],[23,0]],[[21,21],[39,64]]]},
"G729": {"type": "Matrix2x2", "payoffs": [[[56,88],[0,0]],[[37,58],[1,69]]]},
"G730": {"type": "Matrix2x2", "payoffs": [[[11,88],[10,5]],[[3,78],[0,0]]]},
"G731": {"type": "Matrix2x2", "payoffs": [[[45,46],[32,20]],[[18,26],[0,0]]]},
"G732": {"type": "Matrix2x2", "payoffs": [[[48,0],[74,23]],[[0,3],[44,17]]]},
"G733": {"type": "Matrix2x2", "payoffs": [[[40,75],[28,13]],[[35,47],[0,0]]]},
"G734": {"type": "Matrix2x2", "payoffs": [[[67,5],[13,2]],[[0,0],[33,4]]]},
"G735": {"type": "Matrix2x2", "payoffs": [[[41,0],[0,12]],[[23,22],[54,78]]]},
"G736": {"type": "Matrix2x2", "payoffs": [[[17,4],[0,2]],[[7,3],[15,0]]]},
"G737": {"type": "Matrix2x2", "payoffs": [[[58,20],[12,0]],[[0,42],[90,43]]]},
"G738": {"type": "Matrix2x2", "payoffs": [[[0,7],[9,61]],[[10,0],[13,64]]]},
"G739": {"type": "Matrix2x2", "payoffs": [[[0,0],[20,19]],[[41,59],[63,92]]]},
"G740": {"type": "Matrix2x2", "payoffs": [[[77,62],[100,80]],[[81,0],[0,11]]]},
"G741": {"type": "Matrix2x2", "payoffs": [[[4,33],[26,83]],[[0,0],[15,77]]]},
"G742": {"type": "Matrix2x2", "payoffs": [[[3,17],[22,30]],[[34,36],[0,0]]]},
"G743": {"type": "Matrix2x2", "payoffs": [[[4,8],[0,3]],[[2,0],[5,14]]]},
"G744": {"type": "Matrix2x2", "payoffs": [[[68,0],[86,92]],[[0,19],[36,76]]]},
"G745": {"type": "Matrix2x2", "payoffs": [[[0,9],[3,0]],[[1,8],[6,10]]]},
"G746": {"type": "Matrix2x2", "payoffs": [[[0,33],[40,3]],[[28,0],[48,77]]]},
"G747": {"type": "Matrix2x2", "payoffs": [[[7,40],[18,2]],[[0,0],[44,48]]]},
"G748": {"type": "Matrix2x2", "payoffs": [[[77,11],[75,9]],[[0,0],[61,10]]]},
"G749": {"type": "Matrix2x2", "payoffs": [[[55,61],[0,0]],[[80,86],[73,51]]]},
"G750": {"type": "Matrix2x2", "payoffs": [[[34,0],[4,30]],[[0,15],[56,57]]]},
"G751": {"type": "Matrix2x2", "payoffs": [[[25,0],[85,4]],[[86,24],[0,2]]]},
"G752": {"type": "Matrix2x2", "payoffs": [[[41,24],[19,1]],[[0,0],[70,52]]]},
"G753": {"type": "Matrix2x2", "payoffs": [[[58,0],[77,72]],[[60,28],[0,71]]]},
"G754": {"type": "Matrix2x2", "payoffs": [[[13,55],[0,1]],[[6,0],[9,41]]]},
"G755": {"type": "Matrix2x2", "payoffs": [[[37,0],[0,7]],[[64,17],[16,4]]]},
"G756": {"type": "Matrix2x2", "payoffs": [[[5,30],[49,98]],[[0,0],[41,2]]]},
"G757": {"type": "Matrix2x2", "payoffs": [[[0,9],[4,0]],[[9,52],[5,21]]]},
"G758": {"type": "Matrix2x2", "payoffs": [[[45,0],[94,63]],[[32,25],[0,15]]]},
"G759": {"type": "Matrix2x2", "payoffs": [[[82,60],[86,90]],[[85,0],[0,50]]]},
"G760": {"type": "Matrix2x2", "payoffs": [[[49,10],[66,29]],[[9,27],[0,0]]]},
"G761": {"type": "Matrix2x2", "payoffs": [[[20,40],[44,68]],[[0,0],[32,19]]]},
"G762": {"type": "Matrix2x2", "payoffs": [[[6,43],[0,36]],[[11,0],[20,62]]]},
"G763": {"type": "Matrix2x2", "payoffs": [[[1,5],[6,12]],[[4,0],[0,1]]]},
"G764": {"type": "Matrix2x2", "payoffs": [[[26,23],[0,0]],[[11,7],[7,8]]]},
"G765": {"type": "Matrix2x2", "payoffs": [[[22,45],[0,0]],[[51,68],[37,34]]]},
"G766": {"type": "Matrix2x2", "payoffs": [[[5,0],[50,29]],[[0,28],[48,4]]]},
"G767": {"type": "Matrix2x2", "payoffs": [[[75,76],[97,98]],[[60,49],[0,0]]]},
"G768": {"type": "Matrix2x2", "payoffs": [[[78,35],[0,0]],[[25,22],[53,28]]]},
"G769": {"type": "Matrix2x2", "payoffs": [[[28,37],[0,0]],[[48,68],[35,66]]]},
"G770": {"type": "Matrix2x2", "payoffs": [[[76,41],[46,0]],[[0,24],[93,54]]]},
"G771": {"type": "Matrix2x2", "payoffs": [[[52,0],[71,100]],[[0,46],[46,19]]]},
"G772": {"type": "Matrix2x2", "payoffs": [[[64,34],[37,17]],[[27,0],[0,30]]]},
"G773": {"type": "Matrix2x2", "payoffs": [[[82,53],[0,0]],[[6,36],[34,3]]]},
"G774": {"type": "Matrix2x2", "payoffs": [[[66,14],[61,11]],[[63,0],[0,5]]]},
"G775": {"type": "Matrix2x2", "payoffs": [[[0,63],[49,0]],[[98,84],[42,72]]]},
"G776": {"type": "Matrix2x2", "payoffs": [[[11,16],[25,0]],[[27,25],[0,4]]]},
"G777": {"type": "Matrix2x2", "payoffs": [[[4,4],[6,90]],[[5,0],[0,9]]]},
"G778": {"type": "Matrix2x2", "payoffs": [[[24,21],[11,16]],[[49,26],[0,0]]]},
"G779": {"type": "Matrix2x2", "payoffs": [[[29,1],[0,0]],[[57,3],[1,2]]]},
"G780": {"type": "Matrix2x2", "payoffs": [[[0,53],[1,0]],[[3,5],[7,63]]]},
"G781": {"type": "Matrix2x2", "payoffs": [[[12,62],[6,48]],[[0,0],[8,56]]]},
"G782": {"type": "Matrix2x2", "payoffs": [[[4,49],[5,53]],[[0,0],[1,31]]]},
"G783": {"type": "Matrix2x2", "payoffs": [[[0,65],[59,68]],[[1,0],[22,22]]]},
"G784": {"type": "Matrix2x2", "payoffs": [[[3,0],[14,3]],[[1,1],[0,2]]]},
"G785": {"type": "Matrix2x2", "payoffs": [[[1,9],[19,71]],[[7,0],[0,30]]]},
"G786": {"type": "Matrix2x2", "payoffs": [[[0,1],[40,5]],[[59,0],[98,8]]]},
"G787": {"type": "Matrix2x2", "payoffs": [[[3,29],[24,0]],[[0,15],[39,32]]]},
"G788": {"type": "Matrix2x2", "payoffs": [[[95,27],[0,0]],[[44,24],[72,18]]]},
"G789": {"type": "Matrix2x2", "payoffs": [[[0,50],[50,65]],[[32,0],[14,55]]]},
"G790": {"type": "Matrix2x2", "payoffs": [[[11,61],[10,25]],[[13,79],[0,0]]]},
"G791": {"type": "Matrix2x2", "payoffs": [[[50,2],[84,7]],[[0,0],[20,6]]]},
"G792": {"type": "Matrix2x2", "payoffs": [[[0,54],[1,18]],[[12,0],[32,63]]]},
"G793": {"type": "Matrix2x2", "payoffs": [[[0,50],[9,35]],[[13,0],[18,58]]]},
"G794": {"type": "Matrix2x2", "payoffs": [[[46,51],[28,32]],[[20,15],[0,0]]]},
"G795": {"type": "Matrix2x2", "payoffs": [[[21,42],[0,0]],[[33,52],[10,18]]]},
"G796": {"type": "Matrix2x2", "payoffs": [[[66,0],[72,90]],[[0,44],[27,46]]]},
"G797": {"type": "Matrix2x2", "payoffs": [[[89,21],[0,13]],[[26,0],[97,29]]]},
"G798": {"type": "Matrix2x2", "payoffs": [[[13,27],[5,0]],[[14,41],[0,29]]]},
"G799": {"type": "Matrix2x2", "payoffs": [[[0,0],[4,23]],[[32,17],[33,61]]]},
"G800": {"type": "Matrix2x2", "payoffs": [[[0,6],[53,0]],[[94,16],[45,9]]]},
"G801": {"type": "Matrix2x2", "payoffs": [[[0,2],[82,3]],[[41,1],[40,0]]]},
"G802": {"type": "Matrix2x2", "payoffs": [[[8,0],[10,12]],[[0,13],[21,18]]]},
"G803": {"type": "Matrix2x2", "payoffs": [[[29,0],[0,11]],[[60,33],[59,24]]]},
"G804": {"type": "Matrix2x2", "payoffs": [[[2,32],[1,4]],[[4,66],[0,0]]]},
"G805": {"type": "Matrix2x2", "payoffs": [[[0,71],[1,0]],[[8,33],[100,76]]]},
"G806": {"type": "Matrix2x2", "payoffs": [[[5,3],[46,7]],[[30,0],[0,1]]]},
"G807": {"type": "Matrix2x2", "payoffs": [[[41,96],[0,0]],[[28,8],[27,83]]]},
"G808": {"type": "Matrix2x2", "payoffs": [[[93,0],[94,93]],[[81,31],[0,61]]]},
"G809": {"type": "Matrix2x2", "payoffs": [[[52,99],[22,25]],[[0,0],[24,2]]]},
"G810": {"type": "Matrix2x2", "payoffs": [[[73,98],[0,51]],[[40,0],[60,75]]]},
"G811": {"type": "Matrix2x2", "payoffs": [[[12,1],[71,5]],[[23,0],[0,2]]]},
"G812": {"type": "Matrix2x2", "payoffs": [[[25,70],[10,0]],[[19,41],[0,7]]]},
"G813": {"type": "Matrix2x2", "payoffs": [[[41,0],[51,58]],[[0,11],[15,41]]]},
"G814": {"type": "Matrix2x2", "payoffs": [[[0,19],[30,0]],[[39,33],[23,9]]]},
"G815": {"type": "Matrix2x2", "payoffs": [[[11,5],[12,0]],[[20,7],[0,4]]]},
"G816": {"type": "Matrix2x2", "payoffs": [[[0,35],[75,0]],[[87,96],[22,77]]]},
"G817": {"type": "Matrix2x2", "payoffs": [[[25,11],[39,19]],[[0,2],[1,0]]]},
"G818": {"type": "Matrix2x2", "payoffs": [[[1,6],[12,15]],[[0,1],[10,0]]]},
"G819": {"type": "Matrix2x2", "payoffs": [[[9,21],[16,28]],[[0,0],[64,29]]]},
"G820": {"type": "Matrix2x2", "payoffs": [[[1,5],[14,18]],[[0,0],[11,15]]]},
"G821": {"type": "Matrix2x2", "payoffs": [[[17,25],[11,35]],[[0,0],[20,40]]]},
"G822": {"type": "Matrix2x2", "payoffs": [[[22,21],[1,6]],[[6,0],[0,9]]]},
"G823": {"type": "Matrix2x2", "payoffs": [[[15,16],[4,0]],[[0,30],[16,48]]]},
"G824": {"type": "Matrix2x2", "payoffs": [[[66,32],[14,31]],[[83,33],[0,0]]]},
"G825": {"type": "Matrix2x2", "payoffs": [[[0,0],[53,51]],[[46,36],[24,49]]]},
"G826": {"type": "Matrix2x2", "payoffs": [[[76,95],[0,22]],[[48,0],[30,10]]]},
"G827": {"type": "Matrix2x2", "payoffs": [[[3,13],[0,0]],[[31,26],[20,8]]]},
"G828": {"type": "Matrix2x2", "payoffs": [[[0,22],[36,0]],[[72,41],[61,7]]]},
"G829": {"type": "Matrix2x2", "payoffs": [[[0,38],[52,54]],[[3,0],[21,51]]]},
"G830": {"type": "Matrix2x2", "payoffs": [[[17,12],[41,47]],[[29,0],[0,3]]]},
"G831": {"type": "Matrix2x2", "payoffs": [[[2,0],[39,14]],[[62,86],[0,70]]]},
"G832": {"type": "Matrix2x2", "payoffs": [[[25,20],[0,33]],[[31,75],[21,0]]]},
"G833": {"type": "Matrix2x2", "payoffs": [[[0,0],[10,5]],[[26,23],[12,9]]]},
"G834": {"type": "Matrix2x2", "payoffs": [[[23,0],[0,9]],[[10,8],[31,97]]]},
"G835": {"type": "Matrix2x2", "payoffs": [[[40,4],[0,27]],[[22,0],[66,73]]]},
"G836": {"type": "Matrix2x2", "payoffs": [[[0,6],[2,83]],[[6,0],[19,97]]]},
"G837": {"type": "Matrix2x2", "payoffs": [[[55,65],[0,0]],[[26,58],[34,12]]]},
"G838": {"type": "Matrix2x2", "payoffs": [[[31,69],[28,46]],[[15,0],[0,55]]]},
"G839": {"type": "Matrix2x2", "payoffs": [[[30,19],[0,0]],[[36,10],[81,20]]]},
"G840": {"type": "Matrix2x2", "payoffs": [[[26,0],[32,53]],[[0,7],[12,24]]]},
"G841": {"type": "Matrix2x2", "payoffs": [[[1,23],[6,74]],[[0,41],[2,0]]]},
"G842": {"type": "Matrix2x2", "payoffs": [[[3,0],[0,86]],[[21,56],[52,96]]]},
"G843": {"type": "Matrix2x2", "payoffs": [[[33,9],[25,4]],[[60,55],[0,0]]]},
"G844": {"type": "Matrix2x2", "payoffs": [[[0,0],[28,6]],[[76,7],[4,3]]]},
"G845": {"type": "Matrix2x2", "payoffs": [[[42,46],[0,18]],[[26,0],[58,48]]]},
"G846": {"type": "Matrix2x2", "payoffs": [[[0,0],[46,15]],[[8,12],[47,16]]]},
"G847": {"type": "Matrix2x2", "payoffs": [[[35,38],[51,0]],[[0,28],[83,87]]]},
"G848": {"type": "Matrix2x2", "payoffs": [[[96,54],[37,0]],[[0,43],[75,30]]]},
"G849": {"type": "Matrix2x2", "payoffs": [[[53,55],[0,16]],[[9,0],[82,58]]]},
"G850": {"type": "Matrix2x2", "payoffs": [[[29,0],[67,34]],[[75,37],[0,9]]]},
"G851": {"type": "Matrix2x2", "payoffs": [[[25,5],[0,35]],[[85,44],[48,0]]]},
"G852": {"type": "Matrix2x2", "payoffs": [[[20,95],[11,15]],[[1,0],[0,48]]]},
"G853": {"type": "Matrix2x2", "payoffs": [[[10,65],[34,71]],[[18,0],[0,6]]]},
"G854": {"type": "Matrix2x2", "payoffs": [[[3,0],[4,18]],[[6,99],[0,36]]]},
"G855": {"type": "Matrix2x2", "payoffs": [[[0,0],[24,55]],[[17,43],[31,84]]]},
"G856": {"type": "Matrix2x2", "payoffs": [[[0,36],[52,0]],[[21,44],[54,90]]]},
"G857": {"type": "Matrix2x2", "payoffs": [[[0,15],[22,0]],[[16,1],[43,40]]]},
"G858": {"type": "Matrix2x2", "payoffs": [[[10,43],[5,46]],[[15,85],[0,0]]]},
"G859": {"type": "Matrix2x2", "payoffs": [[[43,39],[62,47]],[[0,0],[60,19]]]},
"G860": {"type": "Matrix2x2", "payoffs": [[[15,42],[10,0]],[[3,6],[0,37]]]},
"G861": {"type": "Matrix2x2", "payoffs": [[[81,35],[55,0]],[[51,6],[0,29]]]},
"G862": {"type": "Matrix2x2", "payoffs": [[[0,9],[7,64]],[[5,48],[6,0]]]},
"G863": {"type": "Matrix2x2", "payoffs": [[[28,26],[0,0]],[[84,41],[90,90]]]},
"G864": {"type": "Matrix2x2", "payoffs": [[[19,52],[60,92]],[[29,24],[0,0]]]},
"G865": {"type": "Matrix2x2", "payoffs": [[[46,35],[18,0]],[[75,77],[0,63]]]},
"G866": {"type": "Matrix2x2", "payoffs": [[[43,68],[0,0]],[[26,60],[28,67]]]},
"G867": {"type": "Matrix2x2", "payoffs": [[[36,25],[0,15]],[[5,0],[16,22]]]},
"G868": {"type": "Matrix2x2", "payoffs": [[[4,81],[3,24]],[[1,11],[0,0]]]},
"G869": {"type": "Matrix2x2", "payoffs": [[[16,93],[0,0]],[[2,39],[5,49]]]},
"G870": {"type": "Matrix2x2", "payoffs": [[[3,11],[48,0]],[[0,5],[70,16]]]},
"G871": {"type": "Matrix2x2", "payoffs": [[[32,35],[0,1]],[[18,0],[12,4]]]},
"G872": {"type": "Matrix2x2", "payoffs": [[[4,6],[49,12]],[[31,11],[0,0]]]},
"G873": {"type": "Matrix2x2", "payoffs": [[[29,0],[11,69]],[[34,93],[0,30]]]},
"G874": {"type": "Matrix2x2", "payoffs": [[[0,9],[25,6]],[[59,43],[58,0]]]},
"G875": {"type": "Matrix2x2", "payoffs": [[[63,86],[43,0]],[[22,53],[0,16]]]},
"G876": {"type": "Matrix2x2", "payoffs": [[[49,94],[35,0]],[[0,62],[8,41]]]},
"G877": {"type": "Matrix2x2", "payoffs": [[[8,33],[30,36]],[[3,0],[0,14]]]},
"G878": {"type": "Matrix2x2", "payoffs": [[[8,0],[0,23]],[[60,52],[20,12]]]},
"G879": {"type": "Matrix2x2", "payoffs": [[[21,18],[23,56]],[[6,39],[0,0]]]},
"G880": {"type": "Matrix2x2", "payoffs": [[[83,45],[26,19]],[[41,0],[0,28]]]},
"G881": {"type": "Matrix2x2", "payoffs": [[[18,47],[0,15]],[[19,0],[53,74]]]},
"G882": {"type": "Matrix2x2", "payoffs": [[[11,0],[12,7]],[[15,12],[0,8]]]},
"G883": {"type": "Matrix2x2", "payoffs": [[[88,60],[87,37]],[[0,0],[45,35]]]},
"G884": {"type": "Matrix2x2", "payoffs": [[[85,67],[68,0]],[[0,61],[17,45]]]},
"G885": {"type": "Matrix2x2", "payoffs": [[[34,18],[90,81]],[[86,0],[0,28]]]},
"G886": {"type": "Matrix2x2", "payoffs": [[[79,32],[12,12]],[[49,17],[0,0]]]},
"G887": {"type": "Matrix2x2", "payoffs": [[[4,0],[34,70]],[[30,31],[0,32]]]},
"G888": {"type": "Matrix2x2", "payoffs": [[[29,22],[8,18]],[[0,8],[7,0]]]},
"G889": {"type": "Matrix2x2", "payoffs": [[[90,0],[0,30]],[[100,98],[74,51]]]},
"G890": {"type": "Matrix2x2", "payoffs": [[[0,24],[22,0]],[[31,40],[20,37]]]},
"G891": {"type": "Matrix2x2", "payoffs": [[[61,0],[76,67]],[[0,43],[48,49]]]},
"G892": {"type": "Matrix2x2", "payoffs": [[[42,83],[22,6]],[[0,0],[15,49]]]},
"G893": {"type": "Matrix2x2", "payoffs": [[[3,0],[85,58]],[[37,33],[0,54]]]},
"G894": {"type": "Matrix2x2", "payoffs": [[[0,5],[5,19]],[[1,7],[3,0]]]},
"G895": {"type": "Matrix2x2", "payoffs": [[[5,0],[9,22]],[[0,5],[1,17]]]},
"G896": {"type": "Matrix2x2", "payoffs": [[[56,20],[0,12]],[[22,4],[46,0]]]},
"G897": {"type": "Matrix2x2", "payoffs": [[[0,6],[47,16]],[[14,4],[10,0]]]},
"G898": {"type": "Matrix2x2", "payoffs": [[[27,0],[20,2]],[[0,40],[28,43]]]},
"G899": {"type": "Matrix2x2", "payoffs": [[[9,11],[0,12]],[[20,35],[5,0]]]},
"G900": {"type": "Matrix2x2", "payoffs": [[[8,4],[19,9]],[[13,2],[0,0]]]},
"G901": {"type": "Matrix2x2", "payoffs": [[[43,0],[0,11]],[[20,57],[65,74]]]},
"G902": {"type": "Matrix2x2", "payoffs": [[[7,13],[2,5]],[[0,12],[5,0]]]},
"G903": {"type": "Matrix2x2", "payoffs": [[[0,16],[40,3]],[[51,0],[54,74]]]},
"G904": {"type": "Matrix2x2", "payoffs": [[[3,13],[4,9]],[[0,0],[5,19]]]},
"G905": {"type": "Matrix2x2", "payoffs": [[[0,56],[27,0]],[[1,8],[36,71]]]},
"G906": {"type": "Matrix2x2", "payoffs": [[[0,18],[32,33]],[[5,0],[37,49]]]},
"G907": {"type": "Matrix2x2", "payoffs": [[[12,0],[44,17]],[[0,5],[79,32]]]},
"G908": {"type": "Matrix2x2", "payoffs": [[[19,66],[7,9]],[[0,0],[18,61]]]},
"G909": {"type": "Matrix2x2", "payoffs": [[[16,12],[32,3]],[[0,0],[47,27]]]},
"G910": {"type": "Matrix2x2", "payoffs": [[[0,30],[25,34]],[[24,23],[1,0]]]},
"G911": {"type": "Matrix2x2", "payoffs": [[[0,7],[53,5]],[[9,0],[56,23]]]},
"G912": {"type": "Matrix2x2", "payoffs": [[[8,0],[75,46]],[[37,29],[0,34]]]},
"G913": {"type": "Matrix2x2", "payoffs": [[[0,3],[27,0]],[[36,4],[24,2]]]},
"G914": {"type": "Matrix2x2", "payoffs": [[[61,43],[31,37]],[[22,22],[0,0]]]},
"G915": {"type": "Matrix2x2", "payoffs": [[[12,89],[1,0]],[[7,37],[0,76]]]},
"G916": {"type": "Matrix2x2", "payoffs": [[[0,47],[38,12]],[[83,0],[100,49]]]},
"G917": {"type": "Matrix2x2", "payoffs": [[[70,56],[14,0]],[[83,80],[0,11]]]},
"G918": {"type": "Matrix2x2", "payoffs": [[[0,21],[15,40]],[[7,0],[17,88]]]},
"G919": {"type": "Matrix2x2", "payoffs": [[[6,71],[0,35]],[[7,0],[18,99]]]},
"G920": {"type": "Matrix2x2", "payoffs": [[[29,92],[10,41]],[[6,0],[0,30]]]},
"G921": {"type": "Matrix2x2", "payoffs": [[[46,52],[29,34]],[[0,3],[31,0]]]},
"G922": {"type": "Matrix2x2", "payoffs": [[[8,37],[0,19]],[[4,7],[5,0]]]},
"G923": {"type": "Matrix2x2", "payoffs": [[[0,5],[4,3]],[[78,6],[6,0]]]},
"G924": {"type": "Matrix2x2", "payoffs": [[[82,34],[70,3]],[[0,0],[81,10]]]},
"G925": {"type": "Matrix2x2", "payoffs": [[[94,53],[93,0]],[[26,15],[0,31]]]},
"G926": {"type": "Matrix2x2", "payoffs": [[[0,0],[30,15]],[[53,19],[17,16]]]},
"G927": {"type": "Matrix2x2", "payoffs": [[[2,30],[92,48]],[[100,51],[0,0]]]},
"G928": {"type": "Matrix2x2", "payoffs": [[[2,3],[0,15]],[[8,0],[33,23]]]},
"G929": {"type": "Matrix2x2", "payoffs": [[[30,13],[8,0]],[[0,8],[23,9]]]},
"G930": {"type": "Matrix2x2", "payoffs": [[[25,67],[26,91]],[[21,37],[0,0]]]},
"G931": {"type": "Matrix2x2", "payoffs": [[[2,12],[0,2]],[[11,17],[8,0]]]},
"G932": {"type": "Matrix2x2", "payoffs": [[[8,8],[10,35]],[[28,37],[0,0]]]},
"G933": {"type": "Matrix2x2", "payoffs": [[[28,0],[31,11]],[[0,17],[46,19]]]},
"G934": {"type": "Matrix2x2", "payoffs": [[[57,49],[0,0]],[[87,62],[13,17]]]},
"G935": {"type": "Matrix2x2", "payoffs": [[[11,0],[29,54]],[[9,26],[0,30]]]},
"G936": {"type": "Matrix2x2", "payoffs": [[[9,22],[18,56]],[[0,0],[4,23]]]},
"G937": {"type": "Matrix2x2", "payoffs": [[[24,0],[0,58]],[[51,64],[39,49]]]},
"G938": {"type": "Matrix2x2", "payoffs": [[[1,0],[2,9]],[[0,19],[3,44]]]},
"G939": {"type": "Matrix2x2", "payoffs": [[[0,0],[9,12]],[[27,47],[28,89]]]},
"G940": {"type": "Matrix2x2", "payoffs": [[[37,0],[46,16]],[[0,5],[36,6]]]},
"G941": {"type": "Matrix2x2", "payoffs": [[[75,19],[6,3]],[[28,0],[0,15]]]},
"G942": {"type": "Matrix2x2", "payoffs": [[[82,67],[33,47]],[[19,0],[0,48]]]},
"G943": {"type": "Matrix2x2", "payoffs": [[[60,0],[0,18]],[[69,25],[76,93]]]},
"G944": {"type": "Matrix2x2", "payoffs": [[[31,9],[26,5]],[[0,8],[21,0]]]},
"G945": {"type": "Matrix2x2", "payoffs": [[[28,0],[0,7]],[[30,33],[24,3]]]},
"G946": {"type": "Matrix2x2", "payoffs": [[[7,0],[2,6]],[[24,45],[0,40]]]},
"G947": {"type": "Matrix2x2", "payoffs": [[[42,0],[66,44]],[[0,4],[65,20]]]},
"G948": {"type": "Matrix2x2", "payoffs": [[[0,40],[12,10]],[[19,0],[36,79]]]},
"G949": {"type": "Matrix2x2", "payoffs": [[[28,53],[4,57]],[[57,62],[0,0]]]},
"G950": {"type": "Matrix2x2", "payoffs": [[[0,0],[72,55]],[[13,54],[6,23]]]},
"G951": {"type": "Matrix2x2", "payoffs": [[[0,48],[62,59]],[[56,0],[42,58]]]},
"G952": {"type": "Matrix2x2", "payoffs": [[[2,77],[8,0]],[[0,6],[14,96]]]},
"G953": {"type": "Matrix2x2", "payoffs": [[[0,0],[32,32]],[[55,46],[3,34]]]},
"G954": {"type": "Matrix2x2", "payoffs": [[[69,13],[0,0]],[[61,5],[32,10]]]},
"G955": {"type": "Matrix2x2", "payoffs": [[[1,56],[15,17]],[[0,0],[16,76]]]},
"G956": {"type": "Matrix2x2", "payoffs": [[[0,0],[13,53]],[[11,30],[10,43]]]},
"G957": {"type": "Matrix2x2", "payoffs": [[[0,0],[35,59]],[[18,10],[39,65]]]},
"G958": {"type": "Matrix2x2", "payoffs": [[[11,2],[0,0]],[[14,3],[90,4]]]},
"G959": {"type": "Matrix2x2", "payoffs": [[[26,5],[0,19]],[[45,0],[87,42]]]},
"G960": {"type": "Matrix2x2", "payoffs": [[[10,29],[0,56]],[[6,0],[14,78]]]},
"G961": {"type": "Matrix2x2", "payoffs": [[[61,37],[0,59]],[[46,0],[73,75]]]},
"G962": {"type": "Matrix2x2", "payoffs": [[[7,37],[2,0]],[[0,58],[15,65]]]},
"G963": {"type": "Matrix2x2", "payoffs": [[[45,0],[0,2]],[[3,1],[81,3]]]},
"G964": {"type": "Matrix2x2", "payoffs": [[[61,48],[35,0]],[[0,11],[74,54]]]},
"G965": {"type": "Matrix2x2", "payoffs": [[[0,0],[16,28]],[[29,9],[38,35]]]},
"G966": {"type": "Matrix2x2", "payoffs": [[[12,49],[10,42]],[[7,33],[0,0]]]},
"G967": {"type": "Matrix2x2", "payoffs": [[[87,65],[28,38]],[[0,48],[36,0]]]},
"G968": {"type": "Matrix2x2", "payoffs": [[[0,0],[3,16]],[[27,61],[5,28]]]},
"G969": {"type": "Matrix2x2", "payoffs": [[[31,51],[2,29]],[[0,0],[32,98]]]},
"G970": {"type": "Matrix2x2", "payoffs": [[[2,0],[5,48]],[[3,6],[0,40]]]},
"G971": {"type": "Matrix2x2", "payoffs": [[[9,51],[0,0]],[[78,90],[70,59]]]},
"G972": {"type": "Matrix2x2", "payoffs": [[[0,3],[34,8]],[[72,12],[16,0]]]},
"G973": {"type": "Matrix2x2", "payoffs": [[[2,0],[7,77]],[[6,31],[0,37]]]},
"G974": {"type": "Matrix2x2", "payoffs": [[[53,17],[97,22]],[[4,18],[0,0]]]},
"G975": {"type": "Matrix2x2", "payoffs": [[[17,1],[32,8]],[[0,0],[12,4]]]},
"G976": {"type": "Matrix2x2", "payoffs": [[[5,0],[2,85]],[[6,92],[0,72]]]},
"G977": {"type": "Matrix2x2", "payoffs": [[[18,45],[5,0]],[[0,34],[33,79]]]},
"G978": {"type": "Matrix2x2", "payoffs": [[[0,9],[2,5]],[[1,0],[5,14]]]},
"G979": {"type": "Matrix2x2", "payoffs": [[[5,22],[3,14]],[[0,20],[4,0]]]},
"G980": {"type": "Matrix2x2", "payoffs": [[[0,13],[52,0]],[[82,14],[86,15]]]},
"G981": {"type": "Matrix2x2", "payoffs": [[[66,67],[0,21]],[[54,66],[50,0]]]},
"G982": {"type": "Matrix2x2", "payoffs": [[[10,0],[80,65]],[[72,27],[0,53]]]},
"G983": {"type": "Matrix2x2", "payoffs": [[[41,27],[0,0]],[[43,46],[66,51]]]},
"G984": {"type": "Matrix2x2", "payoffs": [[[0,63],[45,77]],[[5,0],[36,9]]]},
"G985": {"type": "Matrix2x2", "payoffs": [[[0,63],[82,1]],[[61,0],[84,91]]]},
"G986": {"type": "Matrix2x2", "payoffs": [[[54,58],[0,0]],[[37,46],[35,19]]]},
"G987": {"type": "Matrix2x2", "payoffs": [[[84,40],[0,28]],[[28,24],[40,0]]]},
"G988": {"type": "Matrix2x2", "payoffs": [[[15,22],[0,15]],[[37,48],[36,0]]]},
"G989": {"type": "Matrix2x2", "payoffs": [[[0,7],[28,0]],[[8,14],[55,21]]]},
"G990": {"type": "Matrix2x2", "payoffs": [[[6,43],[54,72]],[[56,80],[0,0]]]},
"G991": {"type": "Matrix2x2", "payoffs": [[[14,93],[0,0]],[[97,96],[90,45]]]},
"G992": {"type": "Matrix2x2", "payoffs": [[[37,73],[0,0]],[[6,45],[9,65]]]},
"G993": {"type": "Matrix2x2", "payoffs": [[[71,17],[79,45]],[[20,0],[0,21]]]},
"G994": {"type": "Matrix2x2", "payoffs": [[[7,0],[2,44]],[[20,53],[0,36]]]},
"G995": {"type": "Matrix2x2", "payoffs": [[[6,4],[0,0]],[[78,5],[15,3]]]},
"G996": {"type": "Matrix2x2", "payoffs": [[[19,35],[0,0]],[[15,81],[32,87]]]},
"G997": {"type": "Matrix2x2", "payoffs": [[[17,0],[33,34]],[[0,1],[7,26]]]},
"G998": {"type": "Matrix2x2", "payoffs": [[[64,49],[95,67]],[[0,22],[40,0]]]},
"G999": {"type": "Matrix2x2", "payoffs": [[[1,23],[0,87]],[[8,0],[92,88]]]},
"G1000": {"type": "Matrix2x2", "payoffs": [[[43,34],[45,0]],[[98,47],[0,8]]]}
}