{
"numGames": 1000,
"G1": {"type": "Matrix2x2", "payoffs": [[[42,36],[30,0]],[[0,23],[39,20]]]},
"G2": {"type": "Matrix2x2", "payoffs": [[[28,83],[14,34]],[[0,0],[32,91]]]},
"G3": {"type": "Matrix2x2", "payoffs": [[[0,2],[36,3]],[[10,1],[17,0]]]},
"G4": {"type": "Matrix2x2", "payoffs": [[[0,0],[30,25]],[[35,46],[17,5]]]},
"G5": {"type": "Matrix2x2", "payoffs": [[[70,97],[66,1]],[[0,55],[49,0]]]},
"G6": {"type": "Matrix2x2", "payoffs": [[[87,54],[8,3]],[[0,0],[11,31]]]},
"G7": {"type": "Matrix2x2", "payoffs": [[[2,22],[0,9]],[[17,0],[20,82]]]},
"G8": {"type": "Matrix2x2", "payoffs": [[[27,46],[22,1]],[[0,27],[23,0]]]},
"G9": {"type": "Matrix2x2", "payoffs": [[[70,24],[32,20]],[[0,10],[53,0]]]},
"G10": {"type": "Matrix2x2", "payoffs": [[[31,11],[0,0]],[[21,13],[45,22]]]},
"G11": {"type": "Matrix2x2", "payoffs": [[[24,1],[42,3]],[[20,2],[0,0]]]},
"G12": {"type": "Matrix2x2", "payoffs": [[[1,27],[0,0]],[[20,82],[13,12]]]},
"G13": {"type": "Matrix2x2", "payoffs": [[[0,0],[49,7]],[[35,25],[80,33]]]},
"G14": {"type": "Matrix2x2", "payoffs": [[[16,24],[0,0]],[[11,5],[13,14]]]},
"G15": {"type": "Matrix2x2", "payoffs": [[[11,24],[20,0]],[[0,8],[26,26]]]},
"G16": {"type": "Matrix2x2", "payoffs": [[[60,4],[0,0]],[[51,5],[61,10]]]},
"G17": {"type": "Matrix2x2", "payoffs": [[[10,5],[0,20]],[[29,0],[64,77]]]},
"G18": {"type": "Matrix2x2", "payoffs": [[[13,3],[6,2]],[[0,0],[3,1]]]},
"G19": {"type": "Matrix2x2", "payoffs": [[[3,0],[14,88]],[[0,23],[12,29]]]},
"G20": {"type": "Matrix2x2", "payoffs": [[[25,0],[0,2]],[[69,11],[58,6]]]},
"G21": {"type": "Matrix2x2", "payoffs": [[[39,21],[0,0]],[[28,1],[37,11]]]},
"G22": {"type": "Matrix2x2", "payoffs": [[[82,0],[91,2]],[[0,3],[98,54]]]},
"G23": {"type": "Matrix2x2", "payoffs": [[[3,21],[12,20]],[[72,39],[0,0]]]},
"G24": {"type": "Matrix2x2", "payoffs": [[[31,39],[57,61]],[[13,15],[0,0]]]},
"G25": {"type": "Matrix2x2", "payoffs": [[[0,9],[7,0]],[[32,7],[35,11]]]},
"G26": {"type": "Matrix2x2", "payoffs": [[[0,0],[17,52]],[[74,71],[34,19]]]},
"G27": {"type": "Matrix2x2", "payoffs": [[[0,0],[20,90]],[[16,58],[8,17]]]},
"G28": {"type": "Matrix2x2", "payoffs": [[[30,0],[13,6]],[[0,4],[100,26]]]},
"G29": {"type": "Matrix2x2", "payoffs": [[[0,10],[18,41]],[[3,0],[10,40]]]},
"G30": {"type": "Matrix2x2", "payoffs": [[[4,2],[7,34]],[[6,0],[0,18]]]},
"G31": {"type": "Matrix2x2", "payoffs": [[[99,97],[44,0]],[[95,11],[0,46]]]},
"G32": {"type": "Matrix2x2", "payoffs": [[[43,90],[0,42]],[[29,79],[40,0]]]},
"G33": {"type": "Matrix2x2", "payoffs": [[[18,77],[17,36]],[[7,54],[0,0]]]},
"G34": {"type": "Matrix2x2", "payoffs": [[[18,20],[21,40]],[[0,0],[5,34]]]},
"G35": {"type": "Matrix2x2", "payoffs": [[[0,64],[40,89]],[[5,33],[1,0]]]},
"G36": {"type": "Matrix2x2", "payoffs": [[[0,30],[8,32]],[[77,42],[38,0]]]},
"G37": {"type": "Matrix2x2", "payoffs": [[[32,46],[54,15]],[[0,0],[66,68]]]},
"G38": {"type": "Matrix2x2", "payoffs": [[[4,0],[12,89]],[[0,50],[1,51]]]},
"G39": {"type": "Matrix2x2", "payoffs": [[[0,33],[21,51]],[[20,6],[19,0]]]},
"G40": {"type": "Matrix2x2", "payoffs": [[[11,10],[0,18]],[[91,57],[78,0]]]},
"G41": {"type": "Matrix2x2", "payoffs": [[[1,0],[4,70]],[[0,50],[5,81]]]},
"G42": {"type": "Matrix2x2", "payoffs": [[[0,53],[70,95]],[[54,0],[69,29]]]},
"G43": {"type": "Matrix2x2", "payoffs": [[[42,6],[0,0]],[[46,8],[54,13]]]},
"G44": {"type": "Matrix2x2", "payoffs": [[[7,5],[4,0]],[[49,11],[0,7]]]},
"G45": {"type": "Matrix2x2", "payoffs": [[[2,34],[0,0]],[[6,52],[5,50]]]},
"G46": {"type": "Matrix2x2", "payoffs": [[[47,76],[31,0]],[[0,71],[45,61]]]},
"G47": {"type": "Matrix2x2", "payoffs": [[[0,0],[38,67]],[[26,40],[20,12]]]},
"G48": {"type": "Matrix2x2", "payoffs": [[[0,5],[1,11]],[[7,0],[8,46]]]},
"G49": {"type": "Matrix2x2", "payoffs": [[[8,63],[5,0]],[[3,7],[0,19]]]},
"G50": {"type": "Matrix2x2", "payoffs": [[[35,57],[12,43]],[[0,3],[19,0]]]},
"G51": {"type": "Matrix2x2", "payoffs": [[[47,86],[31,62]],[[0,1],[7,0]]]},
"G52": {"type": "Matrix2x2", "payoffs": [[[8,70],[1,46]],[[0,57],[4,0]]]},
"G53": {"type": "Matrix2x2", "payoffs": [[[0,0],[72,1]],[[75,3],[78,4]]]},
"G54": {"type": "Matrix2x2", "payoffs": [[[45,15],[24,9]],[[19,0],[0,13]]]},
"G55": {"type": "Matrix2x2", "payoffs": [[[53,4],[30,0]],[[0,2],[25,1]]]},
"G56": {"type": "Matrix2x2", "payoffs": [[[52,28],[50,4]],[[39,0],[0,12]]]},
"G57": {"type": "Matrix2x2", "payoffs": [[[55,14],[19,5]],[[48,12],[0,0]]]},
"G58": {"type": "Matrix2x2", "payoffs": [[[24,26],[27,47]],[[0,0],[34,63]]]},
"G59": {"type": "Matrix2x2", "payoffs": [[[25,0],[4,53]],[[0,31],[45,86]]]},
"G60": {"type": "Matrix2x2", "payoffs": [[[2,0],[0,41]],[[6,51],[27,90]]]},
"G61": {"type": "Matrix2x2", "payoffs": [[[53,48],[18,44]],[[0,0],[29,5]]]},
"G62": {"type": "Matrix2x2", "payoffs": [[[85,2],[0,15]],[[87,33],[62,0]]]},
"G63": {"type": "Matrix2x2", "payoffs": [[[0,18],[63,84]],[[24,67],[58,0]]]},
"G64": {"type": "Matrix2x2", "payoffs": [[[6,61],[70,82]],[[0,0],[25,70]]]},
"G65": {"type": "Matrix2x2", "payoffs": [[[0,8],[34,6]],[[55,0],[63,17]]]},
"G66": {"type": "Matrix2x2", "payoffs": [[[42,18],[0,12]],[[37,16],[40,0]]]},
"G67": {"type": "Matrix2x2", "payoffs": [[[38,0],[0,63]],[[63,3],[99,100]]]},
"G68": {"type": "Matrix2x2", "payoffs": [[[0,0],[2,4]],[[20,5],[6,1]]]},
"G69": {"type": "Matrix2x2", "payoffs": [[[0,26],[41,0]],[[38,5],[78,54]]]},
"G70": {"type": "Matrix2x2", "payoffs": [[[11,95],[1,70]],[[24,98],[0,0]]]},
"G71": {"type": "Matrix2x2", "payoffs": [[[0,1],[16,0]],[[45,8],[36,6]]]},
"G72": {"type": "Matrix2x2", "payoffs": [[[0,4],[33,0]],[[76,83],[67,9]]]},
"G73": {"type": "Matrix2x2", "payoffs": [[[23,4],[29,10]],[[0,0],[26,3]]]},
"G74": {"type": "Matrix2x2", "payoffs": [[[63,35],[78,92]],[[0,0],[49,41]]]},
"G75": {"type": "Matrix2x2", "payoffs": [[[4,10],[0,36]],[[10,80],[3,0]]]},
"G76": {"type": "Matrix2x2", "payoffs": [[[0,6],[76,8]],[[36,0],[89,23]]]},
"G77": {"type": "Matrix2x2", "payoffs": [[[32,0],[62,35]],[[9,12],[0,5]]]},
"G78": {"type": "Matrix2x2", "payoffs": [[[12,10],[4,9]],[[8,0],[0,8]]]},
"G79": {"type": "Matrix2x2", "payoffs": [[[57,25],[0,0]],[[52,8],[46,5]]]},
"G80": {"type": "Matrix2x2", "payoffs": [[[16,48],[2,0]],[[5,34],[0,20]]]},
"G81": {"type": "Matrix2x2", "payoffs": [[[37,5],[0,17]],[[66,0],[100,20]]]},
"G82": {"type": "Matrix2x2", "payoffs": [[[8,0],[4,2]],[[47,14],[0,7]]]},
"G83": {"type": "Matrix2x2", "payoffs": [[[36,47],[3,12]],[[17,45],[0,0]]]},
"G84": {"type": "Matrix2x2", "payoffs": [[[11,0],[0,32]],[[50,86],[21,51]]]},
"G85": {"type": "Matrix2x2", "payoffs": [[[39,42],[24,0]],[[0,18],[55,70]]]},
"G86": {"type": "Matrix2x2", "payoffs": [[[1,1],[2,5]],[[5,16],[0,0]]]},
"G87": {"type": "Matrix2x2", "payoffs": [[[0,54],[55,95]],[[11,0],[53,81]]]},
"G88": {"type": "Matrix2x2", "payoffs": [[[0,0],[1,9]],[[3,44],[4,47]]]},
"G89": {"type": "Matrix2x2", "payoffs": [[[0,32],[60,73]],[[22,0],[24,72]]]},
"G90": {"type": "Matrix2x2", "payoffs": [[[31,98],[3,84]],[[8,0],[0,6]]]},
"G91": {"type": "Matrix2x2", "payoffs": [[[32,88],[1,0]],[[0,28],[26,66]]]},
"G92": {"type": "Matrix2x2", "payoffs": [[[81,26],[0,1]],[[64,24],[40,0]]]},
"G93": {"type": "Matrix2x2", "payoffs": [[[0,1],[27,0]],[[86,31],[16,4]]]},
"G94": {"type": "Matrix2x2", "payoffs": [[[22,0],[0,15]],[[47,67],[39,44]]]},
"G95": {"type": "Matrix2x2", "payoffs": [[[84,53],[4,30]],[[60,44],[0,0]]]},
"G96": {"type": "Matrix2x2", "payoffs": [[[23,33],[0,0]],[[43,59],[31,29]]]},
"G97": {"type": "Matrix2x2", "payoffs": [[[1,24],[4,0]],[[9,90],[0,47]]]},
"G98": {"type": "Matrix2x2", "payoffs": [[[11,11],[10,0]],[[16,12],[0,4]]]},
"G99": {"type": "Matrix2x2", "payoffs": [[[9,0],[41,1]],[[71,43],[0,19]]]},
"G100": {"type": "Matrix2x2", "payoffs": [[[24,20],[20,0]],[[3,10],[0,15]]]},
"G101": {"type": "Matrix2x2", "payoffs": [[[0,0],[48,83]],[[8,8],[23,45]]]},
"G102": {"type": "Matrix2x2", "payoffs": [[[11,42],[1,14]],[[4,0],[0,10]]]},
"G103": {"type": "Matrix2x2", "payoffs": [[[83,2],[57,5]],[[0,0],[91,6]]]},
"G104": {"type": "Matrix2x2", "payoffs": [[[36,0],[31,14]],[[85,42],[0,16]]]},
"G105": {"type": "Matrix2x2", "payoffs": [[[0,19],[39,26]],[[86,36],[9,0]]]},
"G106": {"type": "Matrix2x2", "payoffs": [[[0,1],[75,16]],[[67,2],[19,0]]]},
"G107": {"type": "Matrix2x2", "payoffs": [[[0,0],[32,22]],[[37,31],[26,2]]]},
"G108": {"type": "Matrix2x2", "payoffs": [[[29,96],[26,0]],[[0,67],[16,49]]]},
"G109": {"type": "Matrix2x2", "payoffs": [[[69,13],[91,55]],[[24,0],[0,7]]]},
"G110": {"type": "Matrix2x2", "payoffs": [[[0,13],[24,24]],[[62,30],[57,0]]]},
"G111": {"type": "Matrix2x2", "payoffs": [[[0,0],[84,70]],[[62,43],[10,3]]]},
"G112": {"type": "Matrix2x2", "payoffs": [[[92,85],[46,81]],[[41,0],[0,5]]]},
"G113": {"type": "Matrix2x2", "payoffs": [[[92,38],[34,37]],[[0,3],[44,0]]]},
"G114": {"type": "Matrix2x2", "payoffs": [[[29,35],[28,36]],[[0,0],[71,43]]]},
"G115": {"type": "Matrix2x2", "payoffs": [[[0,15],[4,0]],[[40,18],[20,12]]]},
"G116": {"type": "Matrix2x2", "payoffs": [[[26,32],[0,25]],[[25,23],[18,0]]]},
"G117": {"type": "Matrix2x2", "payoffs": [[[0,0],[19,3]],[[12,4],[23,9]]]},
"G118": {"type": "Matrix2x2", "payoffs": [[[0,3],[7,0]],[[18,6],[23,9]]]},
"G119": {"type": "Matrix2x2", "payoffs": [[[71,2],[0,0]],[[89,15],[62,6]]]},
"G120": {"type": "Matrix2x2", "payoffs": [[[13,0],[0,70]],[[15,92],[4,74]]]},
"G121": {"type": "Matrix2x2", "payoffs": [[[25,16],[17,10]],[[0,2],[18,0]]]},
"G122": {"type": "Matrix2x2", "payoffs": [[[61,97],[31,36]],[[27,0],[0,51]]]},
"G123": {"type": "Matrix2x2", "payoffs": [[[1,3],[0,12]],[[82,43],[15,0]]]},
"G124": {"type": "Matrix2x2", "payoffs": [[[7,2],[10,14]],[[0,9],[1,0]]]},
"G125": {"type": "Matrix2x2", "payoffs": [[[87,10],[0,3]],[[70,0],[35,9]]]},
"G126": {"type": "Matrix2x2", "payoffs": [[[5,7],[9,8]],[[15,14],[0,0]]]},
"G127": {"type": "Matrix2x2", "payoffs": [[[8,24],[0,68]],[[16,93],[6,0]]]},
"G128": {"type": "Matrix2x2", "payoffs": [[[25,0],[15,2]],[[46,9],[0,5]]]},
"G129": {"type": "Matrix2x2", "payoffs": [[[28,3],[10,1]],[[0,0],[34,4]]]},
"G130": {"type": "Matrix2x2", "payoffs": [[[8,0],[0,3]],[[25,19],[7,1]]]},
"G131": {"type": "Matrix2x2", "payoffs": [[[73,44],[2,41]],[[0,0],[20,14]]]},
"G132": {"type": "Matrix2x2", "payoffs": [[[44,33],[18,0]],[[78,81],[0,31]]]},
"G133": {"type": "Matrix2x2", "payoffs": [[[16,0],[0,10]],[[48,24],[61,28]]]},
"G134": {"type": "Matrix2x2", "payoffs": [[[38,0],[66,58]],[[36,40],[0,56]]]},
"G135": {"type": "Matrix2x2", "payoffs": [[[40,91],[30,16]],[[0,33],[8,0]]]},
"G136": {"type": "Matrix2x2", "payoffs": [[[0,11],[11,77]],[[4,0],[3,45]]]},
"G137": {"type": "Matrix2x2", "payoffs": [[[0,4],[58,0]],[[62,86],[29,50]]]},
"G138": {"type": "Matrix2x2", "payoffs": [[[57,9],[0,7]],[[30,0],[45,2]]]},
"G139": {"type": "Matrix2x2", "payoffs": [[[71,13],[0,6]],[[8,0],[42,3]]]},
"G140": {"type": "Matrix2x2", "payoffs": [[[77,64],[0,0]],[[49,16],[62,48]]]},
"G141": {"type": "Matrix2x2", "payoffs": [[[53,2],[0,1]],[[85,3],[80,0]]]},
"G142": {"type": "Matrix2x2", "payoffs": [[[60,23],[26,0]],[[99,25],[0,8]]]},
"G143": {"type": "Matrix2x2", "payoffs": [[[0,6],[18,95]],[[8,0],[17,67]]]},
"G144": {"type": "Matrix2x2", "payoffs": [[[22,2],[46,0]],[[80,5],[0,3]]]},
"G145": {"type": "Matrix2x2", "payoffs": [[[2,16],[0,0]],[[12,49],[16,78]]]},
"G146": {"type": "Matrix2x2", "payoffs": [[[0,0],[18,48]],[[33,89],[14,82]]]},
"G147": {"type": "Matrix2x2", "payoffs": [[[20,46],[6,35]],[[0,36],[19,0]]]},
"G148": {"type": "Matrix2x2", "payoffs": [[[0,38],[11,0]],[[7,40],[14,69]]]},
"G149": {"type": "Matrix2x2", "payoffs": [[[54,68],[20,12]],[[0,62],[50,0]]]},
"G150": {"type": "Matrix2x2", "payoffs": [[[2,0],[36,60]],[[30,7],[0,43]]]},
"G151": {"type": "Matrix2x2", "payoffs": [[[46,14],[47,21]],[[34,0],[0,10]]]},
"G152": {"type": "Matrix2x2", "payoffs": [[[2,0],[4,11]],[[5,21],[0,1]]]},
"G153": {"type": "Matrix2x2", "payoffs": [[[91,75],[0,54]],[[5,0],[3,1]]]},
"G154": {"type": "Matrix2x2", "payoffs": [[[16,0],[0,51]],[[56,56],[34,41]]]},
"G155": {"type": "Matrix2x2", "payoffs": [[[53,0],[75,28]],[[0,7],[19,14]]]},
"G156": {"type": "Matrix2x2", "payoffs": [[[0,0],[17,76]],[[24,28],[38,82]]]},
"G157": {"type": "Matrix2x2", "payoffs": [[[53,0],[85,38]],[[8,26],[0,25]]]},
"G158": {"type": "Matrix2x2", "payoffs": [[[46,86],[0,82]],[[21,0],[4,79]]]},
"G159": {"type": "Matrix2x2", "payoffs": [[[19,23],[15,0]],[[16,13],[0,12]]]},
"G160": {"type": "Matrix2x2", "payoffs": [[[14,15],[0,0]],[[35,50],[26,42]]]},
"G161": {"type": "Matrix2x2", "payoffs": [[[6,16],[2,11]],[[0,0],[3,14]]]},
"G162": {"type": "Matrix2x2", "payoffs": [[[52,12],[54,86]],[[0,0],[15,26]]]},
"G163": {"type": "Matrix2x2", "payoffs": [[[44,5],[31,0]],[[55,6],[0,3]]]},
"G164": {"type": "Matrix2x2", "payoffs": [[[0,46],[66,90]],[[4,83],[47,0]]]},
"G165": {"type": "Matrix2x2", "payoffs": [[[56,11],[97,62]],[[0,17],[49,0]]]},
"G166": {"type": "Matrix2x2", "payoffs": [[[8,0],[0,44]],[[35,59],[4,36]]]},
"G167": {"type": "Matrix2x2", "payoffs": [[[25,5],[13,0]],[[64,76],[0,39]]]},
"G168": {"type": "Matrix2x2", "payoffs": [[[57,4],[0,1]],[[37,3],[28,0]]]},
"G169": {"type": "Matrix2x2", "payoffs": [[[20,89],[0,36]],[[1,0],[13,7]]]},
"G170": {"type": "Matrix2x2", "payoffs": [[[16,0],[15,7]],[[0,8],[23,15]]]},
"G171": {"type": "Matrix2x2", "payoffs": [[[13,31],[12,58]],[[0,0],[65,94]]]},
"G172": {"type": "Matrix2x2", "payoffs": [[[0,43],[68,49]],[[13,0],[28,9]]]},
"G173": {"type": "Matrix2x2", "payoffs": [[[1,5],[0,0]],[[13,7],[8,1]]]},
"G174": {"type": "Matrix2x2", "payoffs": [[[43,43],[41,19]],[[0,23],[29,0]]]},
"G175": {"type": "Matrix2x2", "payoffs": [[[0,31],[2,0]],[[36,20],[67,45]]]},
"G176": {"type": "Matrix2x2", "payoffs": [[[53,14],[0,0]],[[15,7],[12,5]]]},
"G177": {"type": "Matrix2x2", "payoffs": [[[23,6],[37,45]],[[31,44],[0,0]]]},
"G178": {"type": "Matrix2x2", "payoffs": [[[40,6],[20,3]],[[0,2],[1,0]]]},
"G179": {"type": "Matrix2x2", "payoffs": [[[72,81],[0,35]],[[1,23],[56,0]]]},
"G180": {"type": "Matrix2x2", "payoffs": [[[12,11],[57,85]],[[6,76],[0,0]]]},
"G181": {"type": "Matrix2x2", "payoffs": [[[5,0],[0,11]],[[31,16],[41,24]]]},
"G182": {"type": "Matrix2x2", "payoffs": [[[0,0],[43,12]],[[47,29],[14,1]]]},
"G183": {"type": "Matrix2x2", "payoffs": [[[26,79],[0,0]],[[96,81],[89,71]]]},
"G184": {"type": "Matrix2x2", "payoffs": [[[6,8],[11,14]],[[0,0],[15,34]]]},
"G185": {"type": "Matrix2x2", "payoffs": [[[45,0],[29,2]],[[0,1],[95,5]]]},
"G186": {"type": "Matrix2x2", "payoffs": [[[35,60],[20,0]],[[0,39],[13,55]]]},
"G187": {"type": "Matrix2x2", "payoffs": [[[52,13],[38,7]],[[20,2],[0,0]]]},
"G188": {"type": "Matrix2x2", "payoffs": [[[9,38],[8,0]],[[6,32],[0,6]]]},
"G189": {"type": "Matrix2x2", "payoffs": [[[0,0],[56,98]],[[53,5],[54,61]]]},
"G190": {"type": "Matrix2x2", "payoffs": [[[57,77],[16,14]],[[30,31],[0,0]]]},
"G191": {"type": "Matrix2x2", "payoffs": [[[22,36],[0,26]],[[14,0],[27,61]]]},
"G192": {"type": "Matrix2x2", "payoffs": [[[35,9],[0,11]],[[59,0],[90,15]]]},
"G193": {"type": "Matrix2x2", "payoffs": [[[0,11],[7,7]],[[9,0],[47,14]]]},
"G194": {"type": "Matrix2x2", "payoffs": [[[49,90],[47,66]],[[0,0],[37,60]]]},
"G195": {"type": "Matrix2x2", "payoffs": [[[95,55],[52,36]],[[1,0],[0,16]]]},
"G196": {"type": "Matrix2x2", "payoffs": [[[4,73],[0,44]],[[3,4],[1,0]]]},
"G197": {"type": "Matrix2x2", "payoffs": [[[0,15],[80,36]],[[73,13],[70,0]]]},
"G198": {"type": "Matrix2x2", "payoffs": [[[0,21],[62,12]],[[76,35],[65,0]]]},
"G199": {"type": "Matrix2x2", "payoffs": [[[19,0],[64,84]],[[15,50],[0,74]]]},
"G200": {"type": "Matrix2x2", "payoffs": [[[97,95],[28,7]],[[0,0],[41,19]]]},
"G201": {"type": "Matrix2x2", "payoffs": [[[85,80],[55,25]],[[11,53],[0,0]]]},
"G202": {"type": "Matrix2x2", "payoffs": [[[88,47],[0,0]],[[82,32],[89,66]]]},
"G203": {"type": "Matrix2x2", "payoffs": [[[3,1],[6,49]],[[0,30],[4,0]]]},
"G204": {"type": "Matrix2x2", "payoffs": [[[20,2],[4,0]],[[0,4],[57,8]]]},
"G205": {"type": "Matrix2x2", "payoffs": [[[0,0],[10,3]],[[11,8],[13,43]]]},
"G206": {"type": "Matrix2x2", "payoffs": [[[74,83],[72,1]],[[68,0],[0,68]]]},
"G207": {"type": "Matrix2x2", "payoffs": [[[76,56],[8,23]],[[0,0],[40,48]]]},
"G208": {"type": "Matrix2x2", "payoffs": [[[14,66],[16,0]],[[21,74],[0,33]]]},
"G209": {"type": "Matrix2x2", "payoffs": [[[0,4],[21,0]],[[57,17],[66,62]]]},
"G210": {"type": "Matrix2x2", "payoffs": [[[12,0],[0,77]],[[23,98],[16,76]]]},
"G211": {"type": "Matrix2x2", "payoffs": [[[66,0],[15,31]],[[94,71],[0,62]]]},
"G212": {"type": "Matrix2x2", "payoffs": [[[0,7],[58,22]],[[27,0],[33,10]]]},
"G213": {"type": "Matrix2x2", "payoffs": [[[39,0],[0,37]],[[40,48],[25,11]]]},
"G214": {"type": "Matrix2x2", "payoffs": [[[41,3],[88,7]],[[0,0],[95,8]]]},
"G215": {"type": "Matrix2x2", "payoffs": [[[17,0],[0,23]],[[41,65],[53,67]]]},
"G216": {"type": "Matrix2x2", "payoffs": [[[0,0],[67,15]],[[10,11],[100,19]]]},
"G217": {"type": "Matrix2x2", "payoffs": [[[4,27],[0,0]],[[9,83],[7,58]]]},
"G218": {"type": "Matrix2x2", "payoffs": [[[24,15],[10,0]],[[40,20],[0,6]]]},
"G219": {"type": "Matrix2x2", "payoffs": [[[17,8],[0,0]],[[86,10],[79,4]]]},
"G220": {"type": "Matrix2x2", "payoffs": [[[16,14],[46,18]],[[22,17],[0,0]]]},
"G221": {"type": "Matrix2x2", "payoffs": [[[26,18],[0,0]],[[33,58],[31,36]]]},
"G222": {"type": "Matrix2x2", "payoffs": [[[20,51],[0,0]],[[14,48],[32,68]]]},
"G223": {"type": "Matrix2x2", "payoffs": [[[58,93],[52,91]],[[25,0],[0,24]]]},
"G224": {"type": "Matrix2x2", "payoffs": [[[84,9],[98,87]],[[53,52],[0,0]]]},
"G225": {"type": "Matrix2x2", "payoffs": [[[96,73],[56,62]],[[90,15],[0,0]]]},
"G226": {"type": "Matrix2x2", "payoffs": [[[4,0],[5,16]],[[0,50],[11,55]]]},
"G227": {"type": "Matrix2x2", "payoffs": [[[28,13],[11,7]],[[0,11],[6,0]]]},
"G228": {"type": "Matrix2x2", "payoffs": [[[10,61],[71,0]],[[0,47],[83,99]]]},
"G229": {"type": "Matrix2x2", "payoffs": [[[8,37],[10,43]],[[7,0],[0,9]]]},
"G230": {"type": "Matrix2x2", "payoffs": [[[59,61],[0,26]],[[23,60],[28,0]]]},
"G231": {"type": "Matrix2x2", "payoffs": [[[0,20],[55,22]],[[51,10],[48,0]]]},
"G232": {"type": "Matrix2x2", "payoffs": [[[0,6],[5,62]],[[4,0],[9,94]]]},
"G233": {"type": "Matrix2x2", "payoffs": [[[50,0],[0,38]],[[18,48],[94,75]]]},
"G234": {"type": "Matrix2x2", "payoffs": [[[7,9],[18,0]],[[0,15],[23,39]]]},
"G235": {"type": "Matrix2x2", "payoffs": [[[16,0],[23,21]],[[0,17],[21,5]]]},
"G236": {"type": "Matrix2x2", "payoffs": [[[24,66],[94,67]],[[0,31],[51,0]]]},
"G237": {"type": "Matrix2x2", "payoffs": [[[21,71],[2,59]],[[0,0],[12,60]]]},
"G238": {"type": "Matrix2x2", "payoffs": [[[54,2],[0,0]],[[34,1],[66,12]]]},
"G239": {"type": "Matrix2x2", "payoffs": [[[5,0],[31,31]],[[0,74],[52,85]]]},
"G240": {"type": "Matrix2x2", "payoffs": [[[100,88],[93,23]],[[92,0],[0,59]]]},
"G241": {"type": "Matrix2x2", "payoffs": [[[74,100],[44,0]],[[42,94],[0,89]]]},
"G242": {"type": "Matrix2x2", "payoffs": [[[63,4],[74,14]],[[0,9],[31,0]]]},
"G243": {"type": "Matrix2x2", "payoffs": [[[0,33],[18,0]],[[4,16],[20,52]]]},
"G244": {"type": "Matrix2x2", "payoffs": [[[38,10],[51,97]],[[44,0],[0,25]]]},
"G245": {"type": "Matrix2x2", "payoffs": [[[1,25],[0,9]],[[8,37],[3,0]]]},
"G246": {"type": "Matrix2x2", "payoffs": [[[27,37],[1,23]],[[41,45],[0,0]]]},
"G247": {"type": "Matrix2x2", "payoffs": [[[45,8],[33,0]],[[50,23],[0,16]]]},
"G248": {"type": "Matrix2x2", "payoffs": [[[7,0],[40,81]],[[0,41],[91,90]]]},
"G249": {"type": "Matrix2x2", "payoffs": [[[0,6],[95,25]],[[19,16],[92,0]]]},
"G250": {"type": "Matrix2x2", "payoffs": [[[14,0],[0,7]],[[35,1],[44,16]]]},
"G251": {"type": "Matrix2x2", "payoffs": [[[0,20],[72,37]],[[86,51],[56,0]]]},
"G252": {"type": "Matrix2x2", "payoffs": [[[22,96],[0,0]],[[19,6],[15,60]]]},
"G253": {"type": "Matrix2x2", "payoffs": [[[0,24],[54,37]],[[3,26],[44,0]]]},
"G254": {"type": "Matrix2x2", "payoffs": [[[76,80],[23,0]],[[0,13],[73,29]]]},
"G255": {"type": "Matrix2x2", "payoffs": [[[0,0],[95,47]],[[6,28],[28,5]]]},
"G256": {"type": "Matrix2x2", "payoffs": [[[35,3],[21,1]],[[0,0],[79,4]]]},
"G257": {"type": "Matrix2x2", "payoffs": [[[30,22],[66,33]],[[16,18],[0,0]]]},
"G258": {"type": "Matrix2x2", "payoffs": [[[80,34],[61,31]],[[0,0],[32,24]]]},
"G259": {"type": "Matrix2x2", "payoffs": [[[0,0],[17,13]],[[11,14],[40,22]]]},
"G260": {"type": "Matrix2x2", "payoffs": [[[50,2],[99,16]],[[54,0],[0,13]]]},
"G261": {"type": "Matrix2x2", "payoffs": [[[0,0],[35,2]],[[47,18],[57,59]]]},
"G262": {"type": "Matrix2x2", "payoffs": [[[58,47],[68,58]],[[0,26],[23,0]]]},
"G263": {"type": "Matrix2x2", "payoffs": [[[33,11],[0,16]],[[80,17],[9,0]]]},
"G264": {"type": "Matrix2x2", "payoffs": [[[0,21],[3,7]],[[15,33],[9,0]]]},
"G265": {"type": "Matrix2x2", "payoffs": [[[16,4],[43,2]],[[0,0],[79,5]]]},
"G266": {"type": "Matrix2x2", "payoffs": [[[49,0],[3,1]],[[0,5],[93,10]]]},
"G267": {"type": "Matrix2x2", "payoffs": [[[5,68],[26,5]],[[62,79],[0,0]]]},
"G268": {"type": "Matrix2x2", "payoffs": [[[0,7],[30,0]],[[69,10],[36,5]]]},
"G269": {"type": "Matrix2x2", "payoffs": [[[1,53],[9,0]],[[22,95],[0,30]]]},
"G270": {"type": "Matrix2x2", "payoffs": [[[76,13],[0,9]],[[21,0],[70,6]]]},
"G271": {"type": "Matrix2x2", "payoffs": [[[43,5],[0,0]],[[21,64],[71,74]]]},
"G272": {"type": "Matrix2x2", "payoffs": [[[18,24],[67,0]],[[80,93],[0,44]]]},
"G273": {"type": "Matrix2x2", "payoffs": [[[8,0],[0,7]],[[92,18],[88,15]]]},
"G274": {"type": "Matrix2x2", "payoffs": [[[6,17],[1,0]],[[8,20],[0,10]]]},
"G275": {"type": "Matrix2x2", "payoffs": [[[0,73],[13,0]],[[8,65],[18,97]]]},
"G276": {"type": "Matrix2x2", "payoffs": [[[39,34],[0,23]],[[32,0],[30,18]]]},
"G277": {"type": "Matrix2x2", "payoffs": [[[30,0],[6,31]],[[0,55],[71,66]]]},
"G278": {"type": "Matrix2x2", "payoffs": [[[0,1],[57,14]],[[4,11],[44,0]]]},
"G279": {"type": "Matrix2x2", "payoffs": [[[13,0],[62,39]],[[35,17],[0,35]]]},
"G280": {"type": "Matrix2x2", "payoffs": [[[0,0],[14,63]],[[30,58],[43,82]]]},
"G281": {"type": "Matrix2x2", "payoffs": [[[0,12],[41,9]],[[61,67],[34,0]]]},
"G282": {"type": "Matrix2x2", "payoffs": [[[0,0],[56,82]],[[14,31],[7,11]]]},
"G283": {"type": "Matrix2x2", "payoffs": [[[37,22],[0,0]],[[3,3],[15,9]]]},
"G284": {"type": "Matrix2x2", "payoffs": [[[0,79],[53,0]],[[72,26],[84,82]]]},
"G285": {"type": "Matrix2x2", "payoffs": [[[11,0],[0,14]],[[1,15],[28,16]]]},
"G286": {"type": "Matrix2x2", "payoffs": [[[47,0],[61,27]],[[17,3],[0,12]]]},
"G287": {"type": "Matrix2x2", "payoffs": [[[37,0],[0,21]],[[61,65],[28,2]]]},
"G288": {"type": "Matrix2x2", "payoffs": [[[2,12],[0,0]],[[5,10],[8,33]]]},
"G289": {"type": "Matrix2x2", "payoffs": [[[15,8],[0,0]],[[48,3],[93,27]]]},
"G290": {"type": "Matrix2x2", "payoffs": [[[0,26],[3,12]],[[13,0],[14,54]]]},
"G291": {"type": "Matrix2x2", "payoffs": [[[57,32],[39,0]],[[60,52],[0,46]]]},
"G292": {"type": "Matrix2x2", "payoffs": [[[59,63],[0,33]],[[14,0],[27,54]]]},
"G293": {"type": "Matrix2x2", "payoffs": [[[20,0],[0,21]],[[53,16],[70,38]]]},
"G294": {"type": "Matrix2x2", "payoffs": [[[9,28],[20,32]],[[11,0],[0,14]]]},
"G295": {"type": "Matrix2x2", "payoffs": [[[7,6],[16,27]],[[12,0],[0,17]]]},
"G296": {"type": "Matrix2x2", "payoffs": [[[30,6],[19,0]],[[0,23],[47,26]]]},
"G297": {"type": "Matrix2x2", "payoffs": [[[2,43],[0,35]],[[24,71],[8,0]]]},
"G298": {"type": "Matrix2x2", "payoffs": [[[50,1],[55,7]],[[0,0],[92,17]]]},
"G299": {"type": "Matrix2x2", "payoffs": [[[0,0],[20,1]],[[27,7],[43,14]]]},
"G300": {"type": "Matrix2x2", "payoffs": [[[1,5],[86,11]],[[97,14],[0,0]]]},
"G301": {"type": "Matrix2x2", "payoffs": [[[42,0],[71,30]],[[13,19],[0,21]]]},
"G302": {"type": "Matrix2x2", "payoffs": [[[7,1],[3,67]],[[8,82],[0,0]]]},
"G303": {"type": "Matrix2x2", "payoffs": [[[17,0],[30,9]],[[0,5],[6,2]]]},
"G304": {"type": "Matrix2x2", "payoffs": [[[0,20],[11,7]],[[17,28],[15,0]]]},
"G305": {"type": "Matrix2x2", "payoffs": [[[48,0],[13,15]],[[75,86],[0,79]]]},
"G306": {"type": "Matrix2x2", "payoffs": [[[4,0],[29,5]],[[0,3],[5,1]]]},
"G307": {"type": "Matrix2x2", "payoffs": [[[0,27],[7,0]],[[61,58],[6,44]]]},
"G308": {"type": "Matrix2x2", "payoffs": [[[21,10],[22,0]],[[65,18],[0,1]]]},
"G309": {"type": "Matrix2x2", "payoffs": [[[28,31],[62,33]],[[0,19],[25,0]]]},
"G310": {"type": "Matrix2x2", "payoffs": [[[23,12],[0,0]],[[80,35],[20,22]]]},
"G311": {"type": "Matrix2x2", "payoffs": [[[6,44],[3,23]],[[12,57],[0,0]]]},
"G312": {"type": "Matrix2x2", "payoffs": [[[0,69],[20,0]],[[30,95],[89,97]]]},
"G313": {"type": "Matrix2x2", "payoffs": [[[29,0],[99,78]],[[0,62],[44,12]]]},
"G314": {"type": "Matrix2x2", "payoffs": [[[0,51],[78,69]],[[74,34],[38,0]]]},
"G315": {"type": "Matrix2x2", "payoffs": [[[64,0],[99,16]],[[0,5],[34,7]]]},
"G316": {"type": "Matrix2x2", "payoffs": [[[8,13],[1,11]],[[7,1],[0,0]]]},
"G317": {"type": "Matrix2x2", "payoffs": [[[12,55],[13,23]],[[15,59],[0,0]]]},
"G318": {"type": "Matrix2x2", "payoffs": [[[10,0],[62,78]],[[17,72],[0,58]]]},
"G319": {"type": "Matrix2x2", "payoffs": [[[49,5],[60,6]],[[0,0],[56,1]]]},
"G320": {"type": "Matrix2x2", "payoffs": [[[0,0],[63,80]],[[19,6],[36,29]]]},
"G321": {"type": "Matrix2x2", "payoffs": [[[0,9],[1,0]],[[3,15],[2,8]]]},
"G322": {"type": "Matrix2x2", "payoffs": [[[0,0],[19,38]],[[48,41],[39,40]]]},
"G323": {"type": "Matrix2x2", "payoffs": [[[0,10],[53,34]],[[40,28],[4,0]]]},
"G324": {"type": "Matrix2x2", "payoffs": [[[40,0],[14,8]],[[57,71],[0,44]]]},
"G325": {"type": "Matrix2x2", "payoffs": [[[0,54],[18,2]],[[33,0],[64,73]]]},
"G326": {"type": "Matrix2x2", "payoffs": [[[4,0],[8,53]],[[0,12],[5,7]]]},
"G327": {"type": "Matrix2x2", "payoffs": [[[82,78],[58,25]],[[0,10],[29,0]]]},
"G328": {"type": "Matrix2x2", "payoffs": [[[22,94],[9,0]],[[5,9],[0,70]]]},
"G329": {"type": "Matrix2x2", "payoffs": [[[79,82],[58,25]],[[39,0],[0,71]]]},
"G330": {"type": "Matrix2x2", "payoffs": [[[9,0],[14,3]],[[0,2],[3,1]]]},
"G331": {"type": "Matrix2x2", "payoffs": [[[41,64],[0,0]],[[48,43],[86,73]]]},
"G332": {"type": "Matrix2x2", "payoffs": [[[54,37],[94,86]],[[35,0],[0,32]]]},
"G333": {"type": "Matrix2x2", "payoffs": [[[29,61],[16,29]],[[0,55],[25,0]]]},
"G334": {"type": "Matrix2x2", "payoffs": [[[44,49],[20,26]],[[56,58],[0,0]]]},
"G335": {"type": "Matrix2x2", "payoffs": [[[9,0],[2,42]],[[14,59],[0,55]]]},
"G336": {"type": "Matrix2x2", "payoffs": [[[76,29],[9,6]],[[0,23],[43,0]]]},
"G337": {"type": "Matrix2x2", "payoffs": [[[4,30],[57,0]],[[65,84],[0,21]]]},
"G338": {"type": "Matrix2x2", "payoffs": [[[0,0],[9,47]],[[51,82],[2,30]]]},
"G339": {"type": "Matrix2x2", "payoffs": [[[63,38],[79,0]],[[0,42],[89,74]]]},
"G340": {"type": "Matrix2x2", "payoffs": [[[39,5],[0,0]],[[46,7],[97,15]]]},
"G341": {"type": "Matrix2x2", "payoffs": [[[0,0],[3,5]],[[11,34],[13,95]]]},
"G342": {"type": "Matrix2x2", "payoffs": [[[4,0],[28,2]],[[73,3],[0,1]]]},
"G343": {"type": "Matrix2x2", "payoffs": [[[30,4],[27,0]],[[51,19],[0,3]]]},
"G344": {"type": "Matrix2x2", "payoffs": [[[49,58],[0,18]],[[36,0],[22,12]]]},
"G345": {"type": "Matrix2x2", "payoffs": [[[20,1],[0,0]],[[45,24],[74,49]]]},
"G346": {"type": "Matrix2x2", "payoffs": [[[2,0],[6,16]],[[8,32],[0,26]]]},
"G347": {"type": "Matrix2x2", "payoffs": [[[0,83],[16,94]],[[6,71],[11,0]]]},
"G348": {"type": "Matrix2x2", "payoffs": [[[69,11],[2,1]],[[0,0],[25,3]]]},
"G349": {"type": "Matrix2x2", "payoffs": [[[99,19],[70,0]],[[47,5],[0,8]]]},
"G350": {"type": "Matrix2x2", "payoffs": [[[15,0],[12,86]],[[29,96],[0,76]]]},
"G351": {"type": "Matrix2x2", "payoffs": [[[21,0],[0,22]],[[7,5],[26,38]]]},
"G352": {"type": "Matrix2x2", "payoffs": [[[36,29],[37,37]],[[61,72],[0,0]]]},
"G353": {"type": "Matrix2x2", "payoffs": [[[44,3],[0,0]],[[58,15],[3,13]]]},
"G354": {"type": "Matrix2x2", "payoffs": [[[13,16],[0,17]],[[11,0],[18,23]]]},
"G355": {"type": "Matrix2x2", "payoffs": [[[4,26],[0,0]],[[2,25],[3,2]]]},
"G356": {"type": "Matrix2x2", "payoffs": [[[14,18],[0,52]],[[22,67],[1,0]]]},
"G357": {"type": "Matrix2x2", "payoffs": [[[31,28],[73,87]],[[25,2],[0,0]]]},
"G358": {"type": "Matrix2x2", "payoffs": [[[0,30],[1,0]],[[96,75],[75,70]]]},
"G359": {"type": "Matrix2x2", "payoffs": [[[33,22],[41,94]],[[40,0],[0,93]]]},
"G360": {"type": "Matrix2x2", "payoffs": [[[14,32],[0,8]],[[6,0],[2,25]]]},
"G361": {"type": "Matrix2x2", "payoffs": [[[0,9],[25,26]],[[8,8],[1,0]]]},
"G362": {"type": "Matrix2x2", "payoffs": [[[10,11],[0,0]],[[60,64],[86,76]]]},
"G363": {"type": "Matrix2x2", "payoffs": [[[12,43],[23,53]],[[15,0],[0,11]]]},
"G364": {"type": "Matrix2x2", "payoffs": [[[67,4],[16,3]],[[25,2],[0,0]]]},
"G365": {"type": "Matrix2x2", "payoffs": [[[17,5],[2,2]],[[0,0],[3,3]]]},
"G366": {"type": "Matrix2x2", "payoffs": [[[0,7],[74,0]],[[61,9],[89,27]]]},
"G367": {"type": "Matrix2x2", "payoffs": [[[49,2],[0,1]],[[54,0],[65,3]]]},
"G368": {"type": "Matrix2x2", "payoffs": [[[0,0],[81,38]],[[7,29],[46,24]]]},
"G369": {"type": "Matrix2x2", "payoffs": [[[9,0],[0,13]],[[7,34],[30,54]]]},
"G370": {"type": "Matrix2x2", "payoffs": [[[47,92],[20,74]],[[0,0],[41,40]]]},
"G371": {"type": "Matrix2x2", "payoffs": [[[10,21],[21,44]],[[0,0],[15,24]]]},
"G372": {"type": "Matrix2x2", "payoffs": [[[0,17],[39,20]],[[27,0],[38,12]]]},
"G373": {"type": "Matrix2x2", "payoffs": [[[0,1],[67,6]],[[65,2],[43,0]]]},
"G374": {"type": "Matrix2x2", "payoffs": [[[5,57],[38,70]],[[32,0],[0,17]]]},
"G375": {"type": "Matrix2x2", "payoffs": [[[0,32],[44,41]],[[8,23],[42,0]]]},
"G376": {"type": "Matrix2x2", "payoffs": [[[16,2],[0,0]],[[2,1],[49,3]]]},
"G377": {"type": "Matrix2x2", "payoffs": [[[3,19],[0,0]],[[4,45],[1,32]]]},
"G378": {"type": "Matrix2x2", "payoffs": [[[6,61],[28,0]],[[0,30],[34,98]]]},
"G379": {"type": "Matrix2x2", "payoffs": [[[97,59],[34,24]],[[96,47],[0,0]]]},
"G380": {"type": "Matrix2x2", "payoffs": [[[68,87],[100,94]],[[86,0],[0,42]]]},
"G381": {"type": "Matrix2x2", "payoffs": [[[18,4],[40,14]],[[0,3],[10,0]]]},
"G382": {"type": "Matrix2x2", "payoffs": [[[0,0],[22,33]],[[38,34],[9,4]]]},
"G383": {"type": "Matrix2x2", "payoffs": [[[25,2],[88,10]],[[0,8],[48,0]]]},
"G384": {"type": "Matrix2x2", "payoffs": [[[4,0],[7,71]],[[0,51],[3,49]]]},
"G385": {"type": "Matrix2x2", "payoffs": [[[0,1],[24,0]],[[45,15],[90,77]]]},
"G386": {"type": "Matrix2x2", "payoffs": [[[62,56],[0,36]],[[28,0],[61,25]]]},
"G387": {"type": "Matrix2x2", "payoffs": [[[8,0],[48,93]],[[29,6],[0,80]]]},
"G388": {"type": "Matrix2x2", "payoffs": [[[2,3],[0,1]],[[3,4],[1,0]]]},
"G389": {"type": "Matrix2x2", "payoffs": [[[5,20],[11,46]],[[1,0],[0,3]]]},
"G390": {"type": "Matrix2x2", "payoffs": [[[19,5],[5,0]],[[0,3],[59,13]]]},
"G391": {"type": "Matrix2x2", "payoffs": [[[37,17],[72,72]],[[52,53],[0,0]]]},
"G392": {"type": "Matrix2x2", "payoffs": [[[0,0],[30,45]],[[42,42],[64,47]]]},
"G393": {"type": "Matrix2x2", "payoffs": [[[19,1],[0,41]],[[4,0],[31,46]]]},
"G394": {"type": "Matrix2x2", "payoffs": [[[0,0],[8,33]],[[33,37],[1,1]]]},
"G395": {"type": "Matrix2x2", "payoffs": [[[97,21],[48,3]],[[0,19],[26,0]]]},
"G396": {"type": "Matrix2x2", "payoffs": [[[0,26],[12,3]],[[68,30],[63,0]]]},
"G397": {"type": "Matrix2x2", "payoffs": [[[24,13],[0,4]],[[75,0],[88,15]]]},
"G398": {"type": "Matrix2x2", "payoffs": [[[18,51],[9,6]],[[14,0],[0,34]]]},
"G399": {"type": "Matrix2x2", "payoffs": [[[18,29],[0,15]],[[20,30],[9,0]]]},
"G400": {"type": "Matrix2x2", "payoffs": [[[35,25],[54,76]],[[0,10],[5,0]]]},
"G401": {"type": "Matrix2x2", "payoffs": [[[38,27],[11,0]],[[0,17],[31,5]]]},
"G402": {"type": "Matrix2x2", "payoffs": [[[14,0],[16,53]],[[49,82],[0,38]]]},
"G403": {"type": "Matrix2x2", "payoffs": [[[94,39],[83,16]],[[0,0],[95,59]]]},
"G404": {"type": "Matrix2x2", "payoffs": [[[0,0],[2,13]],[[60,28],[47,7]]]},
"G405": {"type": "Matrix2x2", "payoffs": [[[5,80],[0,0]],[[8,35],[11,84]]]},
"G406": {"type": "Matrix2x2", "payoffs": [[[3,45],[64,85]],[[0,0],[22,24]]]},
"G407": {"type": "Matrix2x2", "payoffs": [[[93,27],[41,8]],[[91,25],[0,0]]]},
"G408": {"type": "Matrix2x2", "payoffs": [[[0,0],[31,43]],[[76,63],[52,40]]]},
"G409": {"type": "Matrix2x2", "payoffs": [[[23,40],[0,0]],[[21,15],[62,88]]]},
"G410": {"type": "Matrix2x2", "payoffs": [[[58,56],[0,3]],[[48,0],[20,50]]]},
"G411": {"type": "Matrix2x2", "payoffs": [[[31,41],[11,0]],[[0,7],[12,14]]]},
"G412": {"type": "Matrix2x2", "payoffs": [[[11,90],[10,78]],[[4,11],[0,0]]]},
"G413": {"type": "Matrix2x2", "payoffs": [[[0,0],[78,83]],[[21,12],[17,35]]]},
"G414": {"type": "Matrix2x2", "payoffs": [[[0,0],[4,4]],[[2,2],[1,1]]]},
"G415": {"type": "Matrix2x2", "payoffs": [[[21,23],[1,13]],[[0,21],[16,0]]]},
"G416": {"type": "Matrix2x2", "payoffs": [[[27,15],[25,0]],[[16,5],[0,1]]]},
"G417": {"type": "Matrix2x2", "payoffs": [[[49,32],[43,22]],[[0,0],[23,10]]]},
"G418": {"type": "Matrix2x2", "payoffs": [[[17,30],[13,0]],[[0,23],[14,28]]]},
"G419": {"type": "Matrix2x2", "payoffs": [[[80,63],[74,0]],[[0,19],[3,30]]]},
"G420": {"type": "Matrix2x2", "payoffs": [[[0,54],[59,58]],[[32,0],[37,51]]]},
"G421": {"type": "Matrix2x2", "payoffs": [[[15,33],[0,27]],[[8,0],[3,17]]]},
"G422": {"type": "Matrix2x2", "payoffs": [[[89,0],[0,36]],[[98,71],[71,15]]]},
"G423": {"type": "Matrix2x2", "payoffs": [[[0,62],[21,39]],[[68,80],[63,0]]]},
"G424": {"type": "Matrix2x2", "payoffs": [[[71,0],[70,1]],[[0,4],[87,5]]]},
"G425": {"type": "Matrix2x2", "payoffs": [[[67,33],[0,23]],[[32,31],[58,0]]]},
"G426": {"type": "Matrix2x2", "payoffs": [[[50,0],[52,53]],[[33,20],[0,42]]]},
"G427": {"type": "Matrix2x2", "payoffs": [[[0,9],[13,49]],[[4,27],[1,0]]]},
"G428": {"type": "Matrix2x2", "payoffs": [[[47,2],[28,0]],[[0,4],[78,5]]]},
"G429": {"type": "Matrix2x2", "payoffs": [[[0,2],[24,0]],[[45,26],[29,11]]]},
"G430": {"type": "Matrix2x2", "payoffs": [[[0,0],[2,66]],[[8,94],[7,89]]]},
"G431": {"type": "Matrix2x2", "payoffs": [[[32,0],[3,3]],[[0,6],[36,11]]]},
"G432": {"type": "Matrix2x2", "payoffs": [[[60,24],[18,12]],[[53,17],[0,0]]]},
"G433": {"type": "Matrix2x2", "payoffs": [[[36,48],[0,46]],[[10,0],[5,28]]]},
"G434": {"type": "Matrix2x2", "payoffs": [[[30,61],[35,69]],[[20,40],[0,0]]]},
"G435": {"type": "Matrix2x2", "payoffs": [[[1,0],[0,43]],[[6,83],[3,57]]]},
"G436": {"type": "Matrix2x2", "payoffs": [[[63,11],[0,0]],[[99,68],[57,19]]]},
"G437": {"type": "Matrix2x2", "payoffs": [[[32,10],[2,0]],[[38,34],[0,24]]]},
"G438": {"type": "Matrix2x2", "payoffs": [[[50,32],[43,14]],[[2,9],[0,0]]]},
"G439": {"type": "Matrix2x2", "payoffs": [[[20,0],[15,26]],[[47,47],[0,44]]]},
"G440": {"type": "Matrix2x2", "payoffs": [[[78,68],[72,15]],[[8,0],[0,20]]]},
"G441": {"type": "Matrix2x2", "payoffs": [[[16,0],[38,60]],[[0,17],[36,40]]]},
"G442": {"type": "Matrix2x2", "payoffs": [[[22,4],[43,55]],[[0,30],[18,0]]]},
"G443": {"type": "Matrix2x2", "payoffs": [[[28,63],[33,65]],[[11,38],[0,0]]]},
"G444": {"type": "Matrix2x2", "payoffs": [[[37,73],[10,36]],[[4,0],[0,42]]]},
"G445": {"type": "Matrix2x2", "payoffs": [[[34,70],[1,0]],[[0,41],[43,96]]]},
"G446": {"type": "Matrix2x2", "payoffs": [[[5,7],[19,98]],[[6,0],[0,68]]]},
"G447": {"type": "Matrix2x2", "payoffs": [[[2,0],[38,25]],[[32,5],[0,6]]]},
"G448": {"type": "Matrix2x2", "payoffs": [[[34,0],[0,2]],[[14,3],[40,4]]]},
"G449": {"type": "Matrix2x2", "payoffs": [[[0,0],[1,69]],[[6,73],[5,72]]]},
"G450": {"type": "Matrix2x2", "payoffs": [[[0,0],[63,26]],[[24,8],[79,81]]]},
"G451": {"type": "Matrix2x2", "payoffs": [[[4,36],[28,54]],[[20,11],[0,0]]]},
"G452": {"type": "Matrix2x2", "payoffs": [[[0,0],[82,87]],[[77,50],[80,17]]]},
"G453": {"type": "Matrix2x2", "payoffs": [[[32,3],[70,13]],[[0,5],[8,0]]]},
"G454": {"type": "Matrix2x2", "payoffs": [[[96,64],[39,3]],[[87,33],[0,0]]]},
"G455": {"type": "Matrix2x2", "payoffs": [[[2,0],[57,2]],[[74,3],[0,1]]]},
"G456": {"type": "Matrix2x2", "payoffs": [[[40,7],[98,31]],[[0,16],[18,0]]]},
"G457": {"type": "Matrix2x2", "payoffs": [[[58,66],[53,12]],[[0,0],[12,65]]]},
"G458": {"type": "Matrix2x2", "payoffs": [[[57,49],[0,0]],[[53,26],[26,1]]]},
"G459": {"type": "Matrix2x2", "payoffs": [[[0,1],[24,3]],[[17,2],[3,0]]]},
"G460": {"type": "Matrix2x2", "payoffs": [[[7,20],[18,73]],[[0,34],[16,0]]]},
"G461": {"type": "Matrix2x2", "payoffs": [[[4,46],[0,9]],[[13,0],[40,52]]]},
"G462": {"type": "Matrix2x2", "payoffs": [[[11,3],[41,1]],[[0,0],[76,4]]]},
"G463": {"type": "Matrix2x2", "payoffs": [[[0,4],[18,16]],[[26,0],[32,59]]]},
"G464": {"type": "Matrix2x2", "payoffs": [[[43,91],[15,0]],[[33,86],[0,68]]]},
"G465": {"type": "Matrix2x2", "payoffs": [[[14,19],[17,24]],[[10,12],[0,0]]]},
"G466": {"type": "Matrix2x2", "payoffs": [[[29,15],[0,0]],[[54,18],[24,14]]]},
"G467": {"type": "Matrix2x2", "payoffs": [[[34,14],[0,10]],[[71,0],[96,43]]]},
"G468": {"type": "Matrix2x2", "payoffs": [[[7,0],[17,74]],[[13,19],[0,46]]]},
"G469": {"type": "Matrix2x2", "payoffs": [[[0,5],[11,2]],[[14,36],[10,0]]]},
"G470": {"type": "Matrix2x2", "payoffs": [[[35,29],[0,3]],[[34,0],[55,89]]]},
"G471": {"type": "Matrix2x2", "payoffs": [[[0,0],[4,7]],[[27,3],[48,15]]]},
"G472": {"type": "Matrix2x2", "payoffs": [[[50,14],[24,6]],[[0,12],[7,0]]]},
"G473": {"type": "Matrix2x2", "payoffs": [[[60,42],[51,10]],[[0,2],[55,0]]]},
"G474": {"type": "Matrix2x2", "payoffs": [[[0,0],[59,63]],[[45,12],[7,42]]]},
"G475": {"type": "Matrix2x2", "payoffs": [[[77,4],[0,0]],[[94,89],[78,86]]]},
"G476": {"type": "Matrix2x2", "payoffs": [[[0,15],[66,37]],[[63,0],[10,2]]]},
"G477": {"type": "Matrix2x2", "payoffs": [[[49,26],[16,17]],[[0,0],[20,18]]]},
"G478": {"type": "Matrix2x2", "payoffs": [[[44,0],[7,71]],[[65,72],[0,52]]]},
"G479": {"type": "Matrix2x2", "payoffs": [[[0,2],[38,12]],[[42,13],[22,0]]]},
"G480": {"type": "Matrix2x2", "payoffs": [[[0,71],[2,0]],[[7,84],[11,100]]]},
"G481": {"type": "Matrix2x2", "payoffs": [[[63,79],[54,0]],[[88,94],[0,81]]]},
"G482": {"type": "Matrix2x2", "payoffs": [[[43,80],[38,20]],[[0,0],[31,14]]]},
"G483": {"type": "Matrix2x2", "payoffs": [[[1,15],[0,0]],[[7,69],[9,86]]]},
"G484": {"type": "Matrix2x2", "payoffs": [[[6,1],[42,12]],[[22,0],[0,8]]]},
"G485": {"type": "Matrix2x2", "payoffs": [[[15,20],[0,36]],[[38,0],[52,94]]]},
"G486": {"type": "Matrix2x2", "payoffs": [[[81,40],[0,4]],[[13,5],[39,0]]]},
"G487": {"type": "Matrix2x2", "payoffs": [[[5,64],[3,54]],[[4,0],[0,20]]]},
"G488": {"type": "Matrix2x2", "payoffs": [[[3,7],[8,0]],[[10,12],[0,1]]]},
"G489": {"type": "Matrix2x2", "payoffs": [[[16,0],[0,41]],[[12,26],[28,42]]]},
"G490": {"type": "Matrix2x2", "payoffs": [[[0,6],[99,60]],[[19,12],[81,0]]]},
"G491": {"type": "Matrix2x2", "payoffs": [[[12,0],[0,17]],[[36,35],[22,3]]]},
"G492": {"type": "Matrix2x2", "payoffs": [[[0,0],[64,54]],[[48,64],[82,79]]]},
"G493": {"type": "Matrix2x2", "payoffs": [[[18,0],[15,94]],[[0,30],[23,97]]]},
"G494": {"type": "Matrix2x2", "payoffs": [[[79,10],[0,0]],[[81,34],[16,14]]]},
"G495": {"type": "Matrix2x2", "payoffs": [[[37,57],[45,98]],[[0,41],[36,0]]]},
"G496": {"type": "Matrix2x2", "payoffs": [[[11,20],[1,12]],[[0,0],[12,27]]]},
"G497": {"type": "Matrix2x2", "payoffs": [[[13,67],[5,59]],[[0,0],[32,94]]]},
"G498": {"type": "Matrix2x2", "payoffs": [[[80,27],[78,24]],[[0,16],[45,0]]]},
"G499": {"type": "Matrix2x2", "payoffs": [[[0,3],[5,2]],[[9,4],[7,0]]]},
"G500": {"type": "Matrix2x2", "payoffs": [[[86,16],[14,0]],[[1,5],[0,14]]]},
"G501": {"type": "Matrix2x2", "payoffs": [[[33,0],[18,30]],[[0,14],[36,35]]]},
"G502": {"type": "Matrix2x2", "payoffs": [[[20,85],[22,90]],[[5,34],[0,0]]]},
"G503": {"type": "Matrix2x2", "payoffs": [[[3,2],[8,0]],[[0,1],[19,3]]]},
"G504": {"type": "Matrix2x2", "payoffs": [[[6,35],[38,79]],[[0,0],[28,64]]]},
"G505": {"type": "Matrix2x2", "payoffs": [[[38,76],[29,0]],[[34,75],[0,14]]]},
"G506": {"type": "Matrix2x2", "payoffs": [[[0,8],[18,9]],[[19,10],[8,0]]]},
"G507": {"type": "Matrix2x2", "payoffs": [[[43,0],[0,23]],[[51,78],[29,29]]]},
"G508": {"type": "Matrix2x2", "payoffs": [[[27,59],[0,0]],[[21,20],[45,64]]]},
"G509": {"type": "Matrix2x2", "payoffs": [[[0,0],[40,68]],[[20,15],[24,45]]]},
"G510": {"type": "Matrix2x2", "payoffs": [[[96,1],[46,27]],[[0,0],[97,45]]]},
"G511": {"type": "Matrix2x2", "payoffs": [[[0,0],[57,28]],[[21,22],[23,24]]]},
"G512": {"type": "Matrix2x2", "payoffs": [[[50,33],[45,0]],[[68,34],[0,15]]]},
"G513": {"type": "Matrix2x2", "payoffs": [[[24,99],[7,0]],[[0,64],[18,15]]]},
"G514": {"type": "Matrix2x2", "payoffs": [[[94,67],[4,35]],[[88,0],[0,20]]]},
"G515": {"type": "Matrix2x2", "payoffs": [[[3,0],[0,8]],[[70,7],[87,29]]]},
"G516": {"type": "Matrix2x2", "payoffs": [[[78,100],[9,57]],[[55,90],[0,0]]]},
"G517": {"type": "Matrix2x2", "payoffs": [[[49,0],[86,50]],[[98,65],[0,56]]]},
"G518": {"type": "Matrix2x2", "payoffs": [[[29,56],[28,0]],[[21,15],[0,6]]]},
"G519": {"type": "Matrix2x2", "payoffs": [[[16,50],[2,0]],[[0,11],[10,47]]]},
"G520": {"type": "Matrix2x2", "payoffs": [[[34,1],[84,5]],[[47,0],[0,2]]]},
"G521": {"type": "Matrix2x2", "payoffs": [[[22,0],[45,10]],[[0,4],[23,7]]]},
"G522": {"type": "Matrix2x2", "payoffs": [[[0,0],[41,44]],[[78,98],[61,51]]]},
"G523": {"type": "Matrix2x2", "payoffs": [[[0,87],[61,95]],[[29,0],[26,66]]]},
"G524": {"type": "Matrix2x2", "payoffs": [[[94,56],[0,53]],[[87,0],[35,5]]]},
"G525": {"type": "Matrix2x2", "payoffs": [[[75,89],[70,0]],[[46,11],[0,16]]]},
"G526": {"type": "Matrix2x2", "payoffs": [[[4,0],[12,88]],[[2,68],[0,84]]]},
"G527": {"type": "Matrix2x2", "payoffs": [[[25,6],[55,12]],[[8,0],[0,2]]]},
"G528": {"type": "Matrix2x2", "payoffs": [[[21,0],[12,13]],[[37,44],[0,42]]]},
"G529": {"type": "Matrix2x2", "payoffs": [[[0,22],[2,26]],[[11,74],[1,0]]]},
"G530": {"type": "Matrix2x2", "payoffs": [[[34,24],[16,0]],[[19,20],[0,3]]]},
"G531": {"type": "Matrix2x2", "payoffs": [[[20,10],[0,2]],[[8,7],[14,0]]]},
"G532": {"type": "Matrix2x2", "payoffs": [[[0,2],[42,0]],[[7,52],[82,73]]]},
"G533": {"type": "Matrix2x2", "payoffs": [[[62,92],[45,9]],[[16,0],[0,28]]]},
"G534": {"type": "Matrix2x2", "payoffs": [[[8,0],[0,20]],[[6,4],[15,95]]]},
"G535": {"type": "Matrix2x2", "payoffs": [[[0,5],[46,11]],[[6,0],[56,20]]]},
"G536": {"type": "Matrix2x2", "payoffs": [[[0,49],[26,83]],[[2,0],[13,72]]]},
"G537": {"type": "Matrix2x2", "payoffs": [[[0,62],[10,0]],[[7,60],[11,86]]]},
"G538": {"type": "Matrix2x2", "payoffs": [[[2,45],[0,0]],[[1,6],[6,96]]]},
"G539": {"type": "Matrix2x2", "payoffs": [[[22,72],[9,0]],[[0,11],[1,19]]]},
"G540": {"type": "Matrix2x2", "payoffs": [[[13,23],[14,20]],[[29,36],[0,0]]]},
"G541": {"type": "Matrix2x2", "payoffs": [[[25,80],[0,0]],[[11,53],[14,1]]]},
"G542": {"type": "Matrix2x2", "payoffs": [[[13,6],[23,34]],[[0,21],[8,0]]]},
"G543": {"type": "Matrix2x2", "payoffs": [[[1,59],[71,74]],[[0,0],[63,55]]]},
"G544": {"type": "Matrix2x2", "payoffs": [[[11,9],[10,12]],[[0,0],[62,22]]]},
"G545": {"type": "Matrix2x2", "payoffs": [[[71,67],[50,6]],[[31,0],[0,43]]]},
"G546": {"type": "Matrix2x2", "payoffs": [[[13,64],[46,88]],[[11,0],[0,26]]]},
"G547": {"type": "Matrix2x2", "payoffs": [[[0,18],[25,26]],[[23,0],[19,14]]]},
"G548": {"type": "Matrix2x2", "payoffs": [[[0,17],[10,20]],[[66,39],[23,0]]]},
"G549": {"type": "Matrix2x2", "payoffs": [[[93,64],[0,63]],[[8,0],[32,11]]]},
"G550": {"type": "Matrix2x2", "payoffs": [[[73,46],[55,0]],[[0,41],[67,17]]]},
"G551": {"type": "Matrix2x2", "payoffs": [[[0,61],[1,44]],[[3,0],[10,64]]]},
"G552": {"type": "Matrix2x2", "payoffs": [[[2,37],[1,13]],[[0,0],[3,91]]]},
"G553": {"type": "Matrix2x2", "payoffs": [[[25,33],[10,9]],[[0,0],[16,19]]]},
"G554": {"type": "Matrix2x2", "payoffs": [[[0,41],[28,0]],[[61,73],[73,93]]]},
"G555": {"type": "Matrix2x2", "payoffs": [[[14,6],[2,0]],[[10,2],[0,4]]]},
"G556": {"type": "Matrix2x2", "payoffs": [[[18,47],[0,1]],[[1,0],[36,57]]]},
"G557": {"type": "Matrix2x2", "payoffs": [[[0,0],[12,1]],[[74,8],[4,5]]]},
"G558": {"type": "Matrix2x2", "payoffs": [[[6,6],[7,0]],[[0,3],[8,9]]]},
"G559": {"type": "Matrix2x2", "payoffs": [[[32,94],[12,0]],[[0,57],[11,20]]]},
"G560": {"type": "Matrix2x2", "payoffs": [[[13,16],[21,21]],[[19,0],[0,3]]]},
"G561": {"type": "Matrix2x2", "payoffs": [[[0,7],[1,0]],[[29,10],[21,6]]]},
"G562": {"type": "Matrix2x2", "payoffs": [[[38,2],[0,0]],[[63,4],[37,1]]]},
"G563": {"type": "Matrix2x2", "payoffs": [[[27,80],[15,60]],[[21,0],[0,73]]]},
"G564": {"type": "Matrix2x2", "payoffs": [[[0,6],[46,5]],[[92,9],[26,0]]]},
"G565": {"type": "Matrix2x2", "payoffs": [[[0,70],[51,14]],[[93,87],[59,0]]]},
"G566": {"type": "Matrix2x2", "payoffs": [[[2,0],[4,33]],[[0,29],[23,58]]]},
"G567": {"type": "Matrix2x2", "payoffs": [[[35,84],[0,34]],[[10,0],[14,25]]]},
"G568": {"type": "Matrix2x2", "payoffs": [[[24,0],[0,12]],[[8,94],[28,100]]]},
"G569": {"type": "Matrix2x2", "payoffs": [[[0,0],[2,14]],[[5,61],[6,83]]]},
"G570": {"type": "Matrix2x2", "payoffs": [[[18,73],[7,54]],[[4,0],[0,65]]]},
"G571": {"type": "Matrix2x2", "payoffs": [[[5,63],[0,53]],[[2,3],[4,0]]]},
"G572": {"type": "Matrix2x2", "payoffs": [[[7,80],[0,65]],[[3,0],[5,5]]]},
"G573": {"type": "Matrix2x2", "payoffs": [[[5,70],[36,86]],[[0,0],[3,21]]]},
"G574": {"type": "Matrix2x2", "payoffs": [[[2,0],[0,21]],[[1,82],[3,88]]]},
"G575": {"type": "Matrix2x2", "payoffs": [[[46,0],[80,81]],[[34,69],[0,14]]]},
"G576": {"type": "Matrix2x2", "payoffs": [[[70,52],[0,9]],[[35,3],[17,0]]]},
"G577": {"type": "Matrix2x2", "payoffs": [[[0,30],[35,0]],[[44,46],[67,91]]]},
"G578": {"type": "Matrix2x2", "payoffs": [[[0,0],[49,65]],[[11,21],[73,100]]]},
"G579": {"type": "Matrix2x2", "payoffs": [[[30,14],[14,0]],[[0,24],[55,61]]]},
"G580": {"type": "Matrix2x2", "payoffs": [[[25,0],[50,53]],[[0,34],[45,3]]]},
"G581": {"type": "Matrix2x2", "payoffs": [[[40,0],[0,48]],[[6,10],[51,66]]]},
"G582": {"type": "Matrix2x2", "payoffs": [[[0,57],[14,0]],[[68,36],[79,71]]]},
"G583": {"type": "Matrix2x2", "payoffs": [[[66,61],[21,0]],[[0,52],[14,3]]]},
"G584": {"type": "Matrix2x2", "payoffs": [[[0,3],[19,4]],[[51,63],[14,0]]]},
"G585": {"type": "Matrix2x2", "payoffs": [[[58,76],[31,0]],[[0,13],[56,70]]]},
"G586": {"type": "Matrix2x2", "payoffs": [[[45,6],[70,41]],[[3,5],[0,0]]]},
"G587": {"type": "Matrix2x2", "payoffs": [[[0,3],[43,7]],[[5,0],[38,6]]]},
"G588": {"type": "Matrix2x2", "payoffs": [[[14,56],[8,0]],[[0,18],[25,99]]]},
"G589": {"type": "Matrix2x2", "payoffs": [[[65,0],[72,87]],[[0,18],[30,8]]]},
"G590": {"type": "Matrix2x2", "payoffs": [[[65,13],[44,5]],[[45,0],[0,4]]]},
"G591": {"type": "Matrix2x2", "payoffs": [[[56,48],[25,35]],[[0,41],[5,0]]]},
"G592": {"type": "Matrix2x2", "payoffs": [[[0,0],[25,90]],[[8,31],[17,68]]]},
"G593": {"type": "Matrix2x2", "payoffs": [[[52,4],[0,1]],[[14,2],[12,0]]]},
"G594": {"type": "Matrix2x2", "payoffs": [[[0,0],[6,19]],[[15,55],[11,8]]]},
"G595": {"type": "Matrix2x2", "payoffs": [[[0,4],[44,3]],[[66,10],[22,0]]]},
"G596": {"type": "Matrix2x2", "payoffs": [[[34,74],[12,67]],[[0,32],[23,0]]]},
"G597": {"type": "Matrix2x2", "payoffs": [[[6,44],[2,11]],[[0,4],[5,0]]]},
"G598": {"type": "Matrix2x2", "payoffs": [[[31,10],[0,0]],[[40,14],[83,17]]]},
"G599": {"type": "Matrix2x2", "payoffs": [[[0,16],[2,22]],[[3,29],[1,0]]]},
"G600": {"type": "Matrix2x2", "payoffs": [[[25,82],[80,99]],[[37,0],[0,34]]]},
"G601": {"type": "Matrix2x2", "payoffs": [[[0,1],[23,2]],[[65,3],[3,0]]]},
"G602": {"type": "Matrix2x2", "payoffs": [[[2,7],[1,0]],[[0,19],[31,79]]]},
"G603": {"type": "Matrix2x2", "payoffs": [[[66,91],[13,89]],[[0,56],[25,0]]]},
"G604": {"type": "Matrix2x2", "payoffs": [[[5,11],[0,27]],[[6,0],[7,65]]]},
"G605": {"type": "Matrix2x2", "payoffs": [[[0,1],[7,3]],[[14,0],[16,7]]]},
"G606": {"type": "Matrix2x2", "payoffs": [[[6,26],[0,37]],[[13,71],[10,0]]]},
"G607": {"type": "Matrix2x2", "payoffs": [[[0,11],[19,0]],[[3,49],[85,98]]]},
"G608": {"type": "Matrix2x2", "payoffs": [[[23,55],[15,16]],[[0,0],[26,94]]]},
"G609": {"type": "Matrix2x2", "payoffs": [[[97,35],[0,13]],[[58,0],[12,28]]]},
"G610": {"type": "Matrix2x2", "payoffs": [[[27,21],[0,20]],[[58,32],[29,0]]]},
"G611": {"type": "Matrix2x2", "payoffs": [[[0,4],[18,0]],[[5,2],[20,8]]]},
"G612": {"type": "Matrix2x2", "payoffs": [[[15,1],[36,14]],[[0,0],[35,4]]]},
"G613": {"type": "Matrix2x2", "payoffs": [[[18,13],[0,0]],[[29,6],[46,19]]]},
"G614": {"type": "Matrix2x2", "payoffs": [[[13,12],[42,53]],[[0,3],[1,0]]]},
"G615": {"type": "Matrix2x2", "payoffs": [[[60,87],[5,0]],[[22,46],[0,73]]]},
"G616": {"type": "Matrix2x2", "payoffs": [[[58,66],[7,5]],[[23,0],[0,30]]]},
"G617": {"type": "Matrix2x2", "payoffs": [[[1,0],[0,28]],[[3,55],[5,68]]]},
"G618": {"type": "Matrix2x2", "payoffs": [[[47,44],[52,91]],[[38,0],[0,52]]]},
"G619": {"type": "Matrix2x2", "payoffs": [[[31,9],[0,0]],[[67,12],[39,5]]]},
"G620": {"type": "Matrix2x2", "payoffs": [[[0,36],[66,13]],[[34,0],[92,80]]]},
"G621": {"type": "Matrix2x2", "payoffs": [[[49,15],[26,13]],[[70,20],[0,0]]]},
"G622": {"type": "Matrix2x2", "payoffs": [[[7,20],[5,17]],[[2,18],[0,0]]]},
"G623": {"type": "Matrix2x2", "payoffs": [[[66,18],[25,0]],[[0,13],[41,9]]]},
"G624": {"type": "Matrix2x2", "payoffs": [[[33,16],[62,0]],[[98,29],[0,14]]]},
"G625": {"type": "Matrix2x2", "payoffs": [[[0,26],[14,0]],[[76,66],[44,17]]]},
"G626": {"type": "Matrix2x2", "payoffs": [[[52,12],[31,7]],[[22,0],[0,8]]]},
"G627": {"type": "Matrix2x2", "payoffs": [[[52,0],[0,17]],[[87,65],[56,16]]]},
"G628": {"type": "Matrix2x2", "payoffs": [[[0,2],[31,0]],[[49,4],[66,7]]]},
"G629": {"type": "Matrix2x2", "payoffs": [[[79,58],[41,28]],[[38,0],[0,19]]]},
"G630": {"type": "Matrix2x2", "payoffs": [[[0,19],[34,3]],[[1,0],[88,24]]]},
"G631": {"type": "Matrix2x2", "payoffs": [[[16,41],[37,43]],[[10,25],[0,0]]]},
"G632": {"type": "Matrix2x2", "payoffs": [[[66,55],[32,27]],[[0,0],[25,53]]]},
"G633": {"type": "Matrix2x2", "payoffs": [[[19,12],[8,14]],[[36,32],[0,0]]]},
"G634": {"type": "Matrix2x2", "payoffs": [[[46,21],[100,52]],[[0,29],[87,0]]]},
"G635": {"type": "Matrix2x2", "payoffs": [[[0,56],[24,44]],[[27,63],[2,0]]]},
"G636": {"type": "Matrix2x2", "payoffs": [[[0,38],[55,78]],[[50,55],[47,0]]]},
"G637": {"type": "Matrix2x2", "payoffs": [[[36,4],[0,0]],[[52,21],[78,24]]]},
"G638": {"type": "Matrix2x2", "payoffs": [[[2,39],[30,14]],[[0,0],[36,42]]]},
"G639": {"type": "Matrix2x2", "payoffs": [[[3,12],[0,80]],[[2,0],[5,83]]]},
"G640": {"type": "Matrix2x2", "payoffs": [[[0,40],[83,87]],[[68,59],[62,0]]]},
"G641": {"type": "Matrix2x2", "payoffs": [[[26,95],[10,0]],[[4,88],[0,44]]]},
"G642": {"type": "Matrix2x2", "payoffs": [[[0,0],[33,41]],[[9,29],[18,9]]]},
"G643": {"type": "Matrix2x2", "payoffs": [[[38,0],[71,28]],[[31,21],[0,27]]]},
"G644": {"type": "Matrix2x2", "payoffs": [[[82,51],[86,82]],[[78,0],[0,57]]]},
"G645": {"type": "Matrix2x2", "payoffs": [[[10,28],[0,12]],[[28,57],[15,0]]]},
"G646": {"type": "Matrix2x2", "payoffs": [[[68,17],[50,5]],[[0,0],[26,4]]]},
"G647": {"type": "Matrix2x2", "payoffs": [[[5,0],[27,92]],[[0,23],[12,19]]]},
"G648": {"type": "Matrix2x2", "payoffs": [[[5,9],[0,7]],[[11,13],[10,0]]]},
"G649": {"type": "Matrix2x2", "payoffs": [[[41,30],[36,5]],[[0,2],[32,0]]]},
"G650": {"type": "Matrix2x2", "payoffs": [[[48,95],[42,0]],[[0,73],[33,8]]]},
"G651": {"type": "Matrix2x2", "payoffs": [[[22,9],[15,5]],[[0,0],[30,14]]]},
"G652": {"type": "Matrix2x2", "payoffs": [[[0,37],[1,0]],[[15,40],[13,28]]]},
"G653": {"type": "Matrix2x2", "payoffs": [[[4,16],[3,0]],[[0,15],[1,8]]]},
"G654": {"type": "Matrix2x2", "payoffs": [[[23,28],[84,85]],[[2,0],[0,75]]]},
"G655": {"type": "Matrix2x2", "payoffs": [[[18,71],[13,49]],[[0,0],[16,33]]]},
"G656": {"type": "Matrix2x2", "payoffs": [[[14,0],[0,48]],[[22,59],[11,34]]]},
"G657": {"type": "Matrix2x2", "payoffs": [[[16,3],[51,8]],[[77,9],[0,0]]]},
"G658": {"type": "Matrix2x2", "payoffs": [[[7,3],[0,6]],[[1,0],[10,16]]]},
"G659": {"type": "Matrix2x2", "payoffs": [[[0,26],[3,45]],[[11,0],[14,54]]]},
"G660": {"type": "Matrix2x2", "payoffs": [[[59,0],[92,66]],[[0,24],[81,43]]]},
"G661": {"type": "Matrix2x2", "payoffs": [[[2,0],[0,14]],[[1,30],[3,40]]]},
"G662": {"type": "Matrix2x2", "payoffs": [[[64,56],[0,0]],[[2,49],[60,51]]]},
"G663": {"type": "Matrix2x2", "payoffs": [[[0,7],[16,0]],[[25,28],[94,50]]]},
"G664": {"type": "Matrix2x2", "payoffs": [[[64,40],[14,38]],[[0,0],[32,18]]]},
"G665": {"type": "Matrix2x2", "payoffs": [[[6,4],[0,3]],[[3,1],[1,0]]]},
"G666": {"type": "Matrix2x2", "payoffs": [[[9,0],[56,18]],[[15,5],[0,17]]]},
"G667": {"type": "Matrix2x2", "payoffs": [[[8,0],[16,53]],[[0,7],[15,36]]]},
"G668": {"type": "Matrix2x2", "payoffs": [[[0,30],[1,0]],[[3,42],[5,44]]]},
"G669": {"type": "Matrix2x2", "payoffs": [[[0,0],[47,36]],[[43,7],[26,30]]]},
"G670": {"type": "Matrix2x2", "payoffs": [[[9,45],[0,10]],[[8,0],[1,36]]]},
"G671": {"type": "Matrix2x2", "payoffs": [[[0,0],[17,58]],[[88,63],[24,36]]]},
"G672": {"type": "Matrix2x2", "payoffs": [[[4,0],[9,46]],[[10,68],[0,35]]]},
"G673": {"type": "Matrix2x2", "payoffs": [[[0,28],[8,0]],[[9,68],[6,18]]]},
"G674": {"type": "Matrix2x2", "payoffs": [[[7,0],[19,30]],[[10,24],[0,29]]]},
"G675": {"type": "Matrix2x2", "payoffs": [[[0,82],[24,91]],[[23,61],[8,0]]]},
"G676": {"type": "Matrix2x2", "payoffs": [[[61,15],[49,0]],[[71,22],[0,5]]]},
"G677": {"type": "Matrix2x2", "payoffs": [[[26,5],[15,0]],[[49,6],[0,1]]]},
"G678": {"type": "Matrix2x2", "payoffs": [[[12,0],[95,21]],[[0,8],[67,3]]]},
"G679": {"type": "Matrix2x2", "payoffs": [[[63,79],[46,41]],[[32,0],[0,58]]]},
"G680": {"type": "Matrix2x2", "payoffs": [[[62,51],[13,3]],[[38,0],[0,4]]]},
"G681": {"type": "Matrix2x2", "payoffs": [[[25,36],[23,35]],[[24,1],[0,0]]]},
"G682": {"type": "Matrix2x2", "payoffs": [[[36,77],[30,0]],[[0,65],[98,79]]]},
"G683": {"type": "Matrix2x2", "payoffs": [[[1,6],[0,28]],[[20,81],[17,0]]]},
"G684": {"type": "Matrix2x2", "payoffs": [[[19,12],[10,8]],[[0,3],[15,0]]]},
"G685": {"type": "Matrix2x2", "payoffs": [[[8,3],[68,9]],[[0,0],[47,4]]]},
"G686": {"type": "Matrix2x2", "payoffs": [[[0,0],[53,70]],[[26,3],[29,25]]]},
"G687": {"type": "Matrix2x2", "payoffs": [[[32,15],[0,9]],[[59,24],[30,0]]]},
"G688": {"type": "Matrix2x2", "payoffs": [[[69,4],[16,0]],[[0,2],[59,1]]]},
"G689": {"type": "Matrix2x2", "payoffs": [[[9,10],[5,15]],[[0,0],[55,35]]]},
"G690": {"type": "Matrix2x2", "payoffs": [[[6,34],[3,0]],[[53,69],[0,45]]]},
"G691": {"type": "Matrix2x2", "payoffs": [[[47,75],[24,26]],[[14,0],[0,30]]]},
"G692": {"type": "Matrix2x2", "payoffs": [[[0,18],[21,4]],[[58,19],[53,0]]]},
"G693": {"type": "Matrix2x2", "payoffs": [[[0,16],[5,53]],[[13,0],[18,63]]]},
"G694": {"type": "Matrix2x2", "payoffs": [[[19,3],[3,0]],[[0,2],[16,1]]]},
"G695": {"type": "Matrix2x2", "payoffs": [[[18,30],[2,26]],[[0,0],[10,7]]]},
"G696": {"type": "Matrix2x2", "payoffs": [[[28,13],[2,0]],[[31,21],[0,4]]]},
"G697": {"type": "Matrix2x2", "payoffs": [[[32,11],[17,0]],[[0,39],[47,93]]]},
"G698": {"type": "Matrix2x2", "payoffs": [[[0,21],[7,14]],[[17,26],[11,0]]]},
"G699": {"type": "Matrix2x2", "payoffs": [[[98,45],[59,20]],[[25,28],[0,0]]]},
"G700": {"type": "Matrix2x2", "payoffs": [[[10,45],[3,0]],[[0,73],[45,88]]]},
"G701": {"type": "Matrix2x2", "payoffs": [[[1,3],[37,10]],[[4,0],[0,4]]]},
"G702": {"type": "Matrix2x2", "payoffs": [[[72,52],[0,46]],[[16,21],[43,0]]]},
"G703": {"type": "Matrix2x2", "payoffs": [[[44,86],[31,0]],[[0,13],[32,38]]]},
"G704": {"type": "Matrix2x2", "payoffs": [[[37,2],[7,9]],[[44,26],[0,0]]]},
"G705": {"type": "Matrix2x2", "payoffs": [[[0,48],[98,51]],[[43,0],[31,47]]]},
"G706": {"type": "Matrix2x2", "payoffs": [[[0,4],[46,6]],[[21,3],[7,0]]]},
"G707": {"type": "Matrix2x2", "payoffs": [[[9,13],[0,0]],[[21,36],[16,26]]]},
"G708": {"type": "Matrix2x2", "payoffs": [[[10,35],[20,94]],[[0,0],[14,20]]]},
"G709": {"type": "Matrix2x2", "payoffs": [[[0,38],[7,7]],[[14,83],[8,0]]]},
"G710": {"type": "Matrix2x2", "payoffs": [[[0,0],[68,83]],[[25,51],[16,49]]]},
"G711": {"type": "Matrix2x2", "payoffs": [[[78,34],[0,5]],[[16,20],[3,0]]]},
"G712": {"type": "Matrix2x2", "payoffs": [[[34,24],[79,84]],[[27,74],[0,0]]]},
"G713": {"type": "Matrix2x2", "payoffs": [[[6,0],[33,28]],[[39,33],[0,24]]]},
"G714": {"type": "Matrix2x2", "payoffs": [[[52,23],[93,36]],[[29,3],[0,0]]]},
"G715": {"type": "Matrix2x2", "payoffs": [[[6,0],[0,27]],[[75,62],[91,91]]]},
"G716": {"type": "Matrix2x2", "payoffs": [[[23,0],[21,4]],[[0,45],[32,92]]]},
"G717": {"type": "Matrix2x2", "payoffs": [[[55,29],[10,48]],[[88,66],[0,0]]]},
"G718": {"type": "Matrix2x2", "payoffs": [[[22,39],[3,0]],[[29,64],[0,45]]]},
"G719": {"type": "Matrix2x2", "payoffs": [[[48,0],[84,14]],[[0,11],[71,3]]]},
"G720": {"type": "Matrix2x2", "payoffs": [[[0,35],[44,19]],[[43,0],[53,46]]]},
"G721": {"type": "Matrix2x2", "payoffs": [[[34,0],[66,23]],[[15,21],[0,7]]]},
"G722": {"type": "Matrix2x2", "payoffs": [[[56,70],[3,61]],[[0,9],[50,0]]]},
"G723": {"type": "Matrix2x2", "payoffs": [[[85,37],[0,5]],[[54,12],[12,0]]]},
"G724": {"type": "Matrix2x2", "payoffs": [[[73,25],[49,18]],[[15,22],[0,0]]]},
"G725": {"type": "Matrix2x2", "payoffs": [[[0,7],[28,42]],[[43,46],[29,0]]]},
"G726": {"type": "Matrix2x2", "payoffs": [[[89,82],[9,0]],[[33,32],[0,25]]]},
"G727": {"type": "Matrix2x2", "payoffs": [[[8,0],[0,13]],[[27,21],[47,48]]]},
"G728": {"type": "Matrix2x2", "payoffs": [[[0,34],[52,44]],[[33,0],[2,28]]]},
"G729": {"type": "Matrix2x2", "payoffs": [[[2,0],[22,87]],[[10,72],[0,37]]]},
"G730": {"type": "Matrix2x2", "payoffs": [[[0,27],[44,76]],[[27,0],[10,68]]]},
"G731": {"type": "Matrix2x2", "payoffs": [[[16,75],[25,0]],[[0,23],[30,78]]]},
"G732": {"type": "Matrix2x2", "payoffs": [[[0,1],[50,15]],[[10,3],[46,0]]]},
"G733": {"type": "Matrix2x2", "payoffs": [[[17,32],[11,0]],[[0,26],[26,52]]]},
"G734": {"type": "Matrix2x2", "payoffs": [[[10,57],[5,54]],[[18,72],[0,0]]]},
"G735": {"type": "Matrix2x2", "payoffs": [[[81,24],[78,17]],[[0,0],[56,4]]]},
"G736": {"type": "Matrix2x2", "payoffs": [[[0,0],[1,65]],[[4,81],[2,11]]]},
"G737": {"type": "Matrix2x2", "payoffs": [[[2,0],[3,39]],[[1,12],[0,18]]]},
"G738": {"type": "Matrix2x2", "payoffs": [[[47,0],[0,26]],[[74,39],[77,55]]]},
"G739": {"type": "Matrix2x2", "payoffs": [[[0,2],[2,1]],[[10,0],[11,3]]]},
"G740": {"type": "Matrix2x2", "payoffs": [[[10,0],[39,83]],[[32,23],[0,78]]]},
"G741": {"type": "Matrix2x2", "payoffs": [[[24,77],[16,10]],[[0,0],[13,57]]]},
"G742": {"type": "Matrix2x2", "payoffs": [[[10,13],[33,0]],[[0,68],[62,69]]]},
"G743": {"type": "Matrix2x2", "payoffs": [[[14,3],[0,0]],[[25,11],[53,13]]]},
"G744": {"type": "Matrix2x2", "payoffs": [[[62,0],[42,22]],[[0,43],[67,45]]]},
"G745": {"type": "Matrix2x2", "payoffs": [[[46,47],[8,39]],[[0,32],[20,0]]]},
"G746": {"type": "Matrix2x2", "payoffs": [[[7,38],[35,81]],[[17,5],[0,0]]]},
"G747": {"type": "Matrix2x2", "payoffs": [[[49,71],[7,6]],[[44,0],[0,9]]]},
"G748": {"type": "Matrix2x2", "payoffs": [[[13,3],[7,0]],[[9,1],[0,2]]]},
"G749": {"type": "Matrix2x2", "payoffs": [[[76,47],[0,44]],[[38,0],[97,50]]]},
"G750": {"type": "Matrix2x2", "payoffs": [[[0,0],[33,66]],[[90,92],[60,83]]]},
"G751": {"type": "Matrix2x2", "payoffs": [[[81,99],[80,84]],[[0,0],[73,59]]]},
"G752": {"type": "Matrix2x2", "payoffs": [[[46,31],[0,0]],[[69,60],[15,49]]]},
"G753": {"type": "Matrix2x2", "payoffs": [[[37,0],[22,16]],[[64,32],[0,11]]]},
"G754": {"type": "Matrix2x2", "payoffs": [[[80,39],[100,44]],[[0,0],[59,7]]]},
"G755": {"type": "Matrix2x2", "payoffs": [[[52,69],[0,58]],[[78,73],[54,0]]]},
"G756": {"type": "Matrix2x2", "payoffs": [[[0,69],[1,0]],[[38,89],[29,57]]]},
"G757": {"type": "Matrix2x2", "payoffs": [[[0,15],[21,0]],[[16,20],[74,93]]]},
"G758": {"type": "Matrix2x2", "payoffs": [[[0,38],[52,12]],[[40,0],[58,90]]]},
"G759": {"type": "Matrix2x2", "payoffs": [[[40,16],[76,22]],[[0,9],[37,0]]]},
"G760": {"type": "Matrix2x2", "payoffs": [[[39,0],[71,6]],[[0,15],[76,24]]]},
"G761": {"type": "Matrix2x2", "payoffs": [[[0,2],[20,0]],[[23,47],[16,3]]]},
"G762": {"type": "Matrix2x2", "payoffs": [[[2,5],[0,7]],[[13,8],[4,0]]]},
"G763": {"type": "Matrix2x2", "payoffs": [[[0,12],[10,11]],[[49,0],[51,17]]]},
"G764": {"type": "Matrix2x2", "payoffs": [[[25,0],[79,70]],[[0,50],[16,8]]]},
"G765": {"type": "Matrix2x2", "payoffs": [[[19,37],[16,0]],[[0,25],[13,21]]]},
"G766": {"type": "Matrix2x2", "payoffs": [[[59,44],[73,86]],[[0,0],[11,83]]]},
"G767": {"type": "Matrix2x2", "payoffs": [[[10,1],[11,49]],[[88,51],[0,0]]]},
"G768": {"type": "Matrix2x2", "payoffs": [[[0,10],[42,7]],[[95,16],[56,0]]]},
"G769": {"type": "Matrix2x2", "payoffs": [[[61,0],[76,7]],[[0,3],[98,35]]]},
"G770": {"type": "Matrix2x2", "payoffs": [[[4,35],[77,46]],[[43,41],[0,0]]]},
"G771": {"type": "Matrix2x2", "payoffs": [[[0,35],[85,51]],[[11,0],[4,26]]]},
"G772": {"type": "Matrix2x2", "payoffs": [[[46,10],[30,8]],[[0,0],[24,9]]]},
"G773": {"type": "Matrix2x2", "payoffs": [[[8,95],[1,35]],[[0,0],[4,56]]]},
"G774": {"type": "Matrix2x2", "payoffs": [[[3,0],[0,72]],[[12,38],[55,95]]]},
"G775": {"type": "Matrix2x2", "payoffs": [[[56,50],[32,36]],[[98,85],[0,0]]]},
"G776": {"type": "Matrix2x2", "payoffs": [[[12,24],[0,0]],[[3,14],[21,45]]]},
"G777": {"type": "Matrix2x2", "payoffs": [[[0,21],[71,22]],[[96,54],[90,0]]]},
"G778": {"type": "Matrix2x2", "payoffs": [[[6,0],[49,85]],[[38,35],[0,54]]]},
"G779": {"type": "Matrix2x2", "payoffs": [[[56,32],[94,57]],[[0,0],[43,12]]]},
"G780": {"type": "Matrix2x2", "payoffs": [[[28,19],[35,0]],[[0,28],[59,32]]]},
"G781": {"type": "Matrix2x2", "payoffs": [[[13,11],[6,4]],[[0,7],[9,0]]]},
"G782": {"type": "Matrix2x2", "payoffs": [[[0,0],[9,66]],[[7,78],[23,80]]]},
"G783": {"type": "Matrix2x2", "payoffs": [[[0,0],[58,64]],[[12,51],[7,9]]]},
"G784": {"type": "Matrix2x2", "payoffs": [[[67,2],[37,35]],[[70,37],[0,0]]]},
"G785": {"type": "Matrix2x2", "payoffs": [[[7,0],[11,7]],[[0,5],[2,2]]]},
"G786": {"type": "Matrix2x2", "payoffs": [[[11,6],[47,0]],[[0,9],[60,20]]]},
"G787": {"type": "Matrix2x2", "payoffs": [[[13,25],[29,0]],[[34,49],[0,20]]]},
"G788": {"type": "Matrix2x2", "payoffs": [[[2,0],[85,78]],[[39,11],[0,24]]]},
"G789": {"type": "Matrix2x2", "payoffs": [[[52,79],[23,56]],[[0,0],[45,28]]]},
"G790": {"type": "Matrix2x2", "payoffs": [[[5,7],[0,0]],[[2,21],[6,24]]]},
"G791": {"type": "Matrix2x2", "payoffs": [[[8,0],[16,69]],[[0,10],[2,27]]]},
"G792": {"type": "Matrix2x2", "payoffs": [[[0,34],[40,0]],[[46,55],[47,73]]]},
"G793": {"type": "Matrix2x2", "payoffs": [[[12,0],[0,36]],[[58,93],[53,33]]]},
"G794": {"type": "Matrix2x2", "payoffs": [[[20,13],[0,0]],[[30,46],[6,20]]]},
"G795": {"type": "Matrix2x2", "payoffs": [[[8,0],[63,72]],[[11,67],[0,49]]]},
"G796": {"type": "Matrix2x2", "payoffs": [[[1,27],[44,6]],[[0,0],[59,43]]]},
"G797": {"type": "Matrix2x2", "payoffs": [[[0,21],[79,77]],[[65,0],[76,38]]]},
"G798": {"type": "Matrix2x2", "payoffs": [[[2,0],[0,16]],[[26,42],[31,46]]]},
"G799": {"type": "Matrix2x2", "payoffs": [[[42,100],[0,96]],[[38,0],[29,21]]]},
"G800": {"type": "Matrix2x2", "payoffs": [[[96,62],[76,55]],[[0,0],[14,26]]]},
"G801": {"type": "Matrix2x2", "payoffs": [[[6,65],[0,0]],[[4,25],[5,2]]]},
"G802": {"type": "Matrix2x2", "payoffs": [[[6,83],[3,8]],[[2,30],[0,0]]]},
"G803": {"type": "Matrix2x2", "payoffs": [[[33,0],[0,23]],[[71,80],[72,95]]]},
"G804": {"type": "Matrix2x2", "payoffs": [[[0,34],[20,39]],[[2,27],[17,0]]]},
"G805": {"type": "Matrix2x2", "payoffs": [[[0,0],[94,10]],[[34,4],[38,2]]]},
"G806": {"type": "Matrix2x2", "payoffs": [[[56,84],[29,62]],[[8,0],[0,22]]]},
"G807": {"type": "Matrix2x2", "payoffs": [[[0,0],[5,45]],[[4,36],[3,16]]]},
"G808": {"type": "Matrix2x2", "payoffs": [[[8,0],[92,74]],[[36,73],[0,61]]]},
"G809": {"type": "Matrix2x2", "payoffs": [[[32,1],[29,0]],[[40,10],[0,6]]]},
"G810": {"type": "Matrix2x2", "payoffs": [[[4,71],[15,38]],[[28,87],[0,0]]]},
"G811": {"type": "Matrix2x2", "payoffs": [[[65,70],[44,59]],[[0,15],[57,0]]]},
"G812": {"type": "Matrix2x2", "payoffs": [[[55,96],[31,0]],[[49,66],[0,17]]]},
"G813": {"type": "Matrix2x2", "payoffs": [[[72,73],[62,40]],[[0,0],[4,54]]]},
"G814": {"type": "Matrix2x2", "payoffs": [[[1,2],[84,14]],[[0,0],[68,4]]]},
"G815": {"type": "Matrix2x2", "payoffs": [[[64,3],[0,2]],[[68,5],[30,0]]]},
"G816": {"type": "Matrix2x2", "payoffs": [[[3,0],[13,59]],[[0,17],[17,95]]]},
"G817": {"type": "Matrix2x2", "payoffs": [[[0,11],[5,17]],[[2,14],[3,0]]]},
"G818": {"type": "Matrix2x2", "payoffs": [[[30,0],[59,59]],[[36,49],[0,50]]]},
"G819": {"type": "Matrix2x2", "payoffs": [[[100,57],[0,0]],[[94,32],[8,48]]]},
"G820": {"type": "Matrix2x2", "payoffs": [[[0,0],[3,11]],[[9,14],[39,27]]]},
"G821": {"type": "Matrix2x2", "payoffs": [[[69,13],[48,9]],[[63,11],[0,0]]]},
"G822": {"type": "Matrix2x2", "payoffs": [[[13,59],[0,18]],[[1,21],[4,0]]]},
"G823": {"type": "Matrix2x2", "payoffs": [[[36,65],[35,0]],[[13,53],[0,49]]]},
"G824": {"type": "Matrix2x2", "payoffs": [[[0,7],[45,0]],[[68,27],[91,94]]]},
"G825": {"type": "Matrix2x2", "payoffs": [[[19,16],[15,4]],[[0,15],[13,0]]]},
"G826": {"type": "Matrix2x2", "payoffs": [[[0,0],[98,34]],[[13,28],[50,33]]]},
"G827": {"type": "Matrix2x2", "payoffs": [[[67,63],[0,20]],[[56,0],[19,54]]]},
"G828": {"type": "Matrix2x2", "payoffs": [[[40,41],[0,0]],[[33,17],[23,25]]]},
"G829": {"type": "Matrix2x2", "payoffs": [[[20,21],[13,13]],[[6,19],[0,0]]]},
"G830": {"type": "Matrix2x2", "payoffs": [[[16,68],[0,53]],[[3,0],[64,100]]]},
"G831": {"type": "Matrix2x2", "payoffs": [[[0,2],[55,20]],[[98,91],[16,0]]]},
"G832": {"type": "Matrix2x2", "payoffs": [[[1,0],[84,13]],[[0,12],[93,18]]]},
"G833": {"type": "Matrix2x2", "payoffs": [[[0,0],[87,33]],[[95,79],[63,61]]]},
"G834": {"type": "Matrix2x2", "payoffs": [[[19,10],[7,15]],[[22,81],[0,0]]]},
"G835": {"type": "Matrix2x2", "payoffs": [[[0,16],[2,22]],[[3,0],[4,77]]]},
"G836": {"type": "Matrix2x2", "payoffs": [[[0,10],[44,0]],[[41,75],[92,82]]]},
"G837": {"type": "Matrix2x2", "payoffs": [[[32,12],[13,7]],[[0,6],[28,0]]]},
"G838": {"type": "Matrix2x2", "payoffs": [[[10,83],[6,23]],[[3,0],[0,39]]]},
"G839": {"type": "Matrix2x2", "payoffs": [[[69,99],[0,63]],[[22,0],[37,96]]]},
"G840": {"type": "Matrix2x2", "payoffs": [[[0,0],[37,2]],[[51,40],[1,31]]]},
"G841": {"type": "Matrix2x2", "payoffs": [[[42,99],[21,29]],[[16,96],[0,0]]]},
"G842": {"type": "Matrix2x2", "payoffs": [[[22,0],[70,58]],[[64,11],[0,23]]]},
"G843": {"type": "Matrix2x2", "payoffs": [[[60,0],[79,9]],[[94,57],[0,6]]]},
"G844": {"type": "Matrix2x2", "payoffs": [[[0,2],[9,0]],[[67,68],[97,80]]]},
"G845": {"type": "Matrix2x2", "payoffs": [[[0,0],[4,52]],[[6,68],[2,50]]]},
"G846": {"type": "Matrix2x2", "payoffs": [[[0,6],[25,9]],[[1,0],[6,3]]]},
"G847": {"type": "Matrix2x2", "payoffs": [[[80,0],[0,69]],[[79,76],[87,81]]]},
"G848": {"type": "Matrix2x2", "payoffs": [[[13,17],[80,48]],[[0,43],[59,0]]]},
"G849": {"type": "Matrix2x2", "payoffs": [[[0,0],[1,1]],[[2,4],[5,6]]]},
"G850": {"type": "Matrix2x2", "payoffs": [[[11,6],[9,0]],[[0,18],[16,19]]]},
"G851": {"type": "Matrix2x2", "payoffs": [[[12,0],[29,18]],[[0,48],[54,54]]]},
"G852": {"type": "Matrix2x2", "payoffs": [[[72,0],[0,21]],[[82,48],[68,25]]]},
"G853": {"type": "Matrix2x2", "payoffs": [[[22,37],[0,0]],[[9,36],[17,11]]]},
"G854": {"type": "Matrix2x2", "payoffs": [[[5,19],[36,82]],[[23,67],[0,0]]]},
"G855": {"type": "Matrix2x2", "payoffs": [[[82,50],[0,4]],[[39,0],[46,7]]]},
"G856": {"type": "Matrix2x2", "payoffs": [[[81,64],[55,2]],[[73,22],[0,0]]]},
"G857": {"type": "Matrix2x2", "payoffs": [[[100,77],[77,15]],[[91,0],[0,1]]]},
"G858": {"type": "Matrix2x2", "payoffs": [[[5,20],[1,15]],[[0,14],[3,0]]]},
"G859": {"type": "Matrix2x2", "payoffs": [[[4,0],[2,22]],[[5,44],[0,25]]]},
"G860": {"type": "Matrix2x2", "payoffs": [[[0,0],[5,20]],[[2,35],[13,40]]]},
"G861": {"type": "Matrix2x2", "payoffs": [[[0,31],[14,0]],[[35,23],[75,64]]]},
"G862": {"type": "Matrix2x2", "payoffs": [[[8,0],[87,3]],[[0,6],[94,10]]]},
"G863": {"type": "Matrix2x2", "payoffs": [[[11,2],[9,0]],[[0,1],[24,3]]]},
"G864": {"type": "Matrix2x2", "payoffs": [[[86,72],[61,66]],[[0,0],[29,36]]]},
"G865": {"type": "Matrix2x2", "payoffs": [[[24,98],[13,0]],[[15,29],[0,30]]]},
"G866": {"type": "Matrix2x2", "payoffs": [[[7,50],[0,0]],[[8,86],[5,47]]]},
"G867": {"type": "Matrix2x2", "payoffs": [[[0,7],[37,25]],[[7,11],[26,0]]]},
"G868": {"type": "Matrix2x2", "payoffs": [[[28,38],[18,37]],[[23,23],[0,0]]]},
"G869": {"type": "Matrix2x2", "payoffs": [[[58,75],[41,45]],[[57,0],[0,23]]]},
"G870": {"type": "Matrix2x2", "payoffs": [[[0,0],[9,11]],[[26,27],[13,2]]]},
"G871": {"type": "Matrix2x2", "payoffs": [[[9,3],[0,1]],[[21,0],[43,20]]]},
"G872": {"type": "Matrix2x2", "payoffs": [[[39,32],[0,0]],[[18,27],[26,5]]]},
"G873": {"type": "Matrix2x2", "payoffs": [[[16,0],[0,2]],[[48,11],[8,10]]]},
"G874": {"type": "Matrix2x2", "payoffs": [[[0,6],[49,15]],[[37,0],[28,3]]]},
"G875": {"type": "Matrix2x2", "payoffs": [[[90,58],[55,34]],[[0,8],[3,0]]]},
"G876": {"type": "Matrix2x2", "payoffs": [[[67,5],[0,1]],[[39,0],[79,6]]]},
"G877": {"type": "Matrix2x2", "payoffs": [[[100,56],[0,1]],[[47,20],[90,0]]]},
"G878": {"type": "Matrix2x2", "payoffs": [[[94,100],[0,14]],[[53,0],[65,13]]]},
"G879": {"type": "Matrix2x2", "payoffs": [[[4,40],[71,73]],[[7,22],[0,0]]]},
"G880": {"type": "Matrix2x2", "payoffs": [[[0,0],[33,42]],[[89,45],[60,39]]]},
"G881": {"type": "Matrix2x2", "payoffs": [[[11,56],[2,48]],[[0,16],[3,0]]]},
"G882": {"type": "Matrix2x2", "payoffs": [[[0,0],[27,24]],[[5,5],[30,70]]]},
"G883": {"type": "Matrix2x2", "payoffs": [[[45,71],[55,96]],[[26,80],[0,0]]]},
"G884": {"type": "Matrix2x2", "payoffs": [[[1,15],[22,0]],[[33,20],[0,1]]]},
"G885": {"type": "Matrix2x2", "payoffs": [[[9,7],[15,10]],[[11,0],[0,3]]]},
"G886": {"type": "Matrix2x2", "payoffs": [[[34,28],[39,41]],[[13,40],[0,0]]]},
"G887": {"type": "Matrix2x2", "payoffs": [[[16,1],[46,56]],[[0,37],[41,0]]]},
"G888": {"type": "Matrix2x2", "payoffs": [[[38,25],[20,0]],[[1,9],[0,10]]]},
"G889": {"type": "Matrix2x2", "payoffs": [[[49,0],[28,27]],[[50,32],[0,28]]]},
"G890": {"type": "Matrix2x2", "payoffs": [[[43,11],[0,0]],[[57,64],[19,8]]]},
"G891": {"type": "Matrix2x2", "payoffs": [[[26,85],[0,51]],[[4,59],[7,0]]]},
"G892": {"type": "Matrix2x2", "payoffs": [[[16,10],[12,56]],[[78,82],[0,0]]]},
"G893": {"type": "Matrix2x2", "payoffs": [[[8,0],[0,50]],[[7,40],[12,63]]]},
"G894": {"type": "Matrix2x2", "payoffs": [[[0,11],[62,0]],[[65,60],[19,35]]]},
"G895": {"type": "Matrix2x2", "payoffs": [[[9,0],[14,14]],[[0,12],[4,2]]]},
"G896": {"type": "Matrix2x2", "payoffs": [[[2,2],[0,7]],[[4,35],[3,0]]]},
"G897": {"type": "Matrix2x2", "payoffs": [[[0,29],[35,23]],[[36,0],[82,40]]]},
"G898": {"type": "Matrix2x2", "payoffs": [[[0,5],[85,3]],[[97,6],[32,0]]]},
"G899": {"type": "Matrix2x2", "payoffs": [[[75,87],[94,88]],[[57,0],[0,84]]]},
"G900": {"type": "Matrix2x2", "payoffs": [[[13,0],[23,88]],[[15,36],[0,58]]]},
"G901": {"type": "Matrix2x2", "payoffs": [[[14,0],[30,29]],[[0,24],[98,60]]]},
"G902": {"type": "Matrix2x2", "payoffs": [[[0,0],[5,41]],[[10,63],[14,83]]]},
"G903": {"type": "Matrix2x2", "payoffs": [[[6,0],[9,74]],[[3,2],[0,62]]]},
"G904": {"type": "Matrix2x2", "payoffs": [[[8,25],[10,0]],[[0,1],[85,28]]]},
"G905": {"type": "Matrix2x2", "payoffs": [[[48,9],[75,29]],[[0,4],[67,0]]]},
"G906": {"type": "Matrix2x2", "payoffs": [[[0,30],[99,93]],[[64,0],[18,67]]]},
"G907": {"type": "Matrix2x2", "payoffs": [[[14,72],[38,88]],[[13,69],[0,0]]]},
"G908": {"type": "Matrix2x2", "payoffs": [[[36,5],[96,28]],[[0,15],[78,0]]]},
"G909": {"type": "Matrix2x2", "payoffs": [[[0,0],[11,37]],[[13,14],[26,48]]]},
"G910": {"type": "Matrix2x2", "payoffs": [[[3,17],[0,10]],[[4,39],[2,0]]]},
"G911": {"type": "Matrix2x2", "payoffs": [[[56,14],[59,30]],[[0,0],[30,24]]]},
"G912": {"type": "Matrix2x2", "payoffs": [[[74,58],[21,43]],[[71,0],[0,18]]]},
"G913": {"type": "Matrix2x2", "payoffs": [[[10,64],[37,0]],[[0,52],[52,98]]]},
"G914": {"type": "Matrix2x2", "payoffs": [[[0,13],[27,0]],[[18,15],[38,55]]]},
"G915": {"type": "Matrix2x2", "payoffs": [[[35,21],[10,9]],[[25,0],[0,10]]]},
"G916": {"type": "Matrix2x2", "payoffs": [[[81,69],[32,25]],[[45,0],[0,34]]]},
"G917": {"type": "Matrix2x2", "payoffs": [[[0,17],[25,31]],[[21,0],[38,39]]]},
"G918": {"type": "Matrix2x2", "payoffs": [[[0,8],[24,2]],[[43,16],[40,0]]]},
"G919": {"type": "Matrix2x2", "payoffs": [[[53,88],[0,0]],[[3,13],[30,41]]]},
"G920": {"type": "Matrix2x2", "payoffs": [[[0,5],[2,73]],[[3,0],[6,91]]]},
"G921": {"type": "Matrix2x2", "payoffs": [[[0,20],[28,23]],[[30,48],[22,0]]]},
"G922": {"type": "Matrix2x2", "payoffs": [[[74,0],[0,37]],[[18,24],[77,85]]]},
"G923": {"type": "Matrix2x2", "payoffs": [[[60,1],[76,0]],[[87,4],[0,3]]]},
"G924": {"type": "Matrix2x2", "payoffs": [[[0,0],[98,30]],[[90,18],[48,6]]]},
"G925": {"type": "Matrix2x2", "payoffs": [[[59,0],[0,20]],[[7,15],[83,21]]]},
"G926": {"type": "Matrix2x2", "payoffs": [[[0,57],[38,0]],[[43,74],[71,89]]]},
"G927": {"type": "Matrix2x2", "payoffs": [[[19,10],[12,16]],[[26,23],[0,0]]]},
"G928": {"type": "Matrix2x2", "payoffs": [[[44,17],[6,0]],[[0,12],[30,7]]]},
"G929": {"type": "Matrix2x2", "payoffs": [[[0,6],[22,0]],[[27,18],[38,24]]]},
"G930": {"type": "Matrix2x2", "payoffs": [[[80,73],[46,19]],[[0,0],[61,56]]]},
"G931": {"type": "Matrix2x2", "payoffs": [[[87,12],[0,8]],[[94,18],[56,0]]]},
"G932": {"type": "Matrix2x2", "payoffs": [[[0,0],[35,25]],[[86,65],[71,44]]]},
"G933": {"type": "Matrix2x2", "payoffs": [[[0,0],[33,11]],[[58,16],[36,13]]]},
"G934": {"type": "Matrix2x2", "payoffs": [[[0,0],[14,2]],[[26,3],[15,1]]]},
"G935": {"type": "Matrix2x2", "payoffs": [[[0,17],[36,0]],[[73,75],[68,70]]]},
"G936": {"type": "Matrix2x2", "payoffs": [[[72,4],[77,8]],[[0,0],[34,5]]]},
"G937": {"type": "Matrix2x2", "payoffs": [[[25,13],[0,0]],[[5,15],[64,23]]]},
"G938": {"type": "Matrix2x2", "payoffs": [[[28,4],[0,0]],[[40,1],[53,8]]]},
"G939": {"type": "Matrix2x2", "payoffs": [[[4,84],[32,0]],[[0,68],[61,98]]]},
"G940": {"type": "Matrix2x2", "payoffs": [[[73,73],[11,63]],[[69,42],[0,0]]]},
"G941": {"type": "Matrix2x2", "payoffs": [[[1,8],[0,0]],[[42,79],[21,64]]]},
"G942": {"type": "Matrix2x2", "payoffs": [[[88,16],[2,0]],[[0,11],[11,14]]]},
"G943": {"type": "Matrix2x2", "payoffs": [[[2,49],[1,0]],[[7,92],[0,41]]]},
"G944": {"type": "Matrix2x2", "payoffs": [[[55,21],[32,17]],[[0,10],[41,0]]]},
"G945": {"type": "Matrix2x2", "payoffs": [[[43,83],[3,56]],[[24,0],[0,72]]]},
"G946": {"type": "Matrix2x2", "payoffs": [[[0,0],[92,87]],[[64,27],[80,86]]]},
"G947": {"type": "Matrix2x2", "payoffs": [[[13,63],[2,55]],[[0,53],[9,0]]]},
"G948": {"type": "Matrix2x2", "payoffs": [[[79,1],[82,13]],[[0,0],[51,12]]]},
"G949": {"type": "Matrix2x2", "payoffs": [[[13,2],[52,4]],[[71,5],[0,0]]]},
"G950": {"type": "Matrix2x2", "payoffs": [[[5,0],[2,77]],[[7,98],[0,5]]]},
"G951": {"type": "Matrix2x2", "payoffs": [[[43,21],[5,10]],[[66,30],[0,0]]]},
"G952": {"type": "Matrix2x2", "payoffs": [[[47,46],[5,0]],[[0,45],[51,49]]]},
"G953": {"type": "Matrix2x2", "payoffs": [[[85,28],[68,9]],[[0,0],[3,23]]]},
"G954": {"type": "Matrix2x2", "payoffs": [[[55,3],[0,0]],[[46,2],[57,10]]]},
"G955": {"type": "Matrix2x2", "payoffs": [[[29,0],[0,1]],[[88,5],[81,2]]]},
"G956": {"type": "Matrix2x2", "payoffs": [[[0,74],[42,0]],[[74,89],[59,39]]]},
"G957": {"type": "Matrix2x2", "payoffs": [[[97,5],[20,0]],[[0,3],[92,4]]]},
"G958": {"type": "Matrix2x2", "payoffs": [[[86,63],[0,0]],[[41,10],[72,26]]]},
"G959": {"type": "Matrix2x2", "payoffs": [[[0,69],[1,43]],[[6,72],[2,0]]]},
"G960": {"type": "Matrix2x2", "payoffs": [[[39,3],[0,7]],[[43,10],[42,0]]]},
"G961": {"type": "Matrix2x2", "payoffs": [[[0,5],[30,0]],[[79,8],[2,2]]]},
"G962": {"type": "Matrix2x2", "payoffs": [[[98,73],[0,0]],[[17,26],[55,52]]]},
"G963": {"type": "Matrix2x2", "payoffs": [[[0,82],[20,0]],[[23,88],[10,75]]]},
"G964": {"type": "Matrix2x2", "payoffs": [[[2,38],[3,0]],[[4,69],[0,25]]]},
"G965": {"type": "Matrix2x2", "payoffs": [[[5,49],[47,65]],[[0,0],[12,28]]]},
"G966": {"type": "Matrix2x2", "payoffs": [[[35,0],[61,4]],[[68,6],[0,2]]]},
"G967": {"type": "Matrix2x2", "payoffs": [[[12,0],[14,88]],[[0,24],[10,57]]]},
"G968": {"type": "Matrix2x2", "payoffs": [[[55,27],[22,0]],[[0,13],[40,14]]]},
"G969": {"type": "Matrix2x2", "payoffs": [[[63,93],[0,76]],[[3,0],[39,33]]]},
"G970": {"type": "Matrix2x2", "payoffs": [[[50,14],[0,0]],[[81,85],[36,3]]]},
"G971": {"type": "Matrix2x2", "payoffs": [[[25,31],[16,0]],[[0,40],[32,62]]]},
"G972": {"type": "Matrix2x2", "payoffs": [[[52,53],[0,5]],[[64,88],[50,0]]]},
"G973": {"type": "Matrix2x2", "payoffs": [[[0,66],[74,77]],[[55,23],[16,0]]]},
"G974": {"type": "Matrix2x2", "payoffs": [[[12,100],[0,50]],[[5,0],[9,42]]]},
"G975": {"type": "Matrix2x2", "payoffs": [[[32,2],[78,5]],[[22,0],[0,1]]]},
"G976": {"type": "Matrix2x2", "payoffs": [[[13,2],[47,4]],[[59,5],[0,0]]]},
"G977": {"type": "Matrix2x2", "payoffs": [[[49,82],[13,5]],[[3,0],[0,42]]]},
"G978": {"type": "Matrix2x2", "payoffs": [[[26,10],[94,34]],[[45,0],[0,6]]]},
"G979": {"type": "Matrix2x2", "payoffs": [[[32,52],[0,0]],[[38,48],[45,66]]]},
"G980": {"type": "Matrix2x2", "payoffs": [[[8,5],[15,9]],[[0,4],[11,0]]]},
"G981": {"type": "Matrix2x2", "payoffs": [[[4,0],[96,70]],[[15,28],[0,4]]]},
"G982": {"type": "Matrix2x2", "payoffs": [[[98,50],[0,0]],[[13,13],[28,7]]]},
"G983": {"type": "Matrix2x2", "payoffs": [[[16,2],[58,4]],[[0,0],[4,3]]]},
"G984": {"type": "Matrix2x2", "payoffs": [[[29,25],[4,16]],[[0,0],[15,3]]]},
"G985": {"type": "Matrix2x2", "payoffs": [[[100,30],[0,22]],[[6,0],[90,29]]]},
"G986": {"type": "Matrix2x2", "payoffs": [[[21,25],[72,27]],[[48,2],[0,0]]]},
"G987": {"type": "Matrix2x2", "payoffs": [[[0,0],[20,21]],[[11,7],[29,60]]]},
"G988": {"type": "Matrix2x2", "payoffs": [[[9,3],[42,35]],[[79,68],[0,0]]]},
"G989": {"type": "Matrix2x2", "payoffs": [[[61,70],[70,90]],[[32,64],[0,0]]]},
"G990": {"type": "Matrix2x2", "payoffs": [[[0,0],[2,34]],[[4,28],[5,60]]]},
"G991": {"type": "Matrix2x2", "payoffs": [[[31,72],[0,0]],[[60,94],[2,73]]]},
"G992": {"type": "Matrix2x2", "payoffs": [[[59,0],[0,60]],[[50,18],[75,85]]]},
"G993": {"type": "Matrix2x2", "payoffs": [[[0,19],[17,0]],[[42,23],[46,39]]]},
"G994": {"type": "Matrix2x2", "payoffs": [[[20,42],[0,0]],[[38,79],[9,56]]]},
"G995": {"type": "Matrix2x2", "payoffs": [[[5,14],[4,13]],[[1,0],[0,6]]]},
"G996": {"type": "Matrix2x2", "payoffs": [[[0,0],[30,4]],[[35,3],[43,5]]]},
"G997": {"type": "Matrix2x2", "payoffs": [[[13,98],[26,100]],[[0,56],[18,0]]]},
"G998": {"type": "Matrix2x2", "payoffs": [[[67,79],[43,0]],[[0,60],[13,15]]]},
"G999": {"type": "Matrix2x2", "payoffs": [[[9,100],[0,0]],[[7,92],[8,77]]]},
"G1000": {"type": "Matrix2x2", "payoffs": [[[3,7],[1,0]],[[6,12],[0,3]]]}
}