{
"numGames": 1000,
"G1": {"type": "Matrix2x2", "payoffs": [[[26,30],[80,95]],[[35,0],[0,91]]]},
"G2": {"type": "Matrix2x2", "payoffs": [[[15,8],[2,0]],[[1,7],[0,5]]]},
"G3": {"type": "Matrix2x2", "payoffs": [[[45,67],[0,24]],[[91,100],[85,0]]]},
"G4": {"type": "Matrix2x2", "payoffs": [[[79,33],[0,0]],[[77,15],[86,35]]]},
"G5": {"type": "Matrix2x2", "payoffs": [[[13,22],[22,0]],[[0,34],[47,56]]]},
"G6": {"type": "Matrix2x2", "payoffs": [[[73,81],[0,5]],[[49,0],[41,58]]]},
"G7": {"type": "Matrix2x2", "payoffs": [[[24,0],[88,66]],[[0,35],[33,28]]]},
"G8": {"type": "Matrix2x2", "payoffs": [[[0,41],[30,0]],[[28,14],[42,42]]]},
"G9": {"type": "Matrix2x2", "payoffs": [[[0,21],[37,0]],[[11,16],[45,24]]]},
"G10": {"type": "Matrix2x2", "payoffs": [[[15,10],[0,0]],[[52,89],[28,82]]]},
"G11": {"type": "Matrix2x2", "payoffs": [[[59,5],[67,21]],[[0,0],[51,16]]]},
"G12": {"type": "Matrix2x2", "payoffs": [[[43,3],[51,17]],[[2,0],[0,13]]]},
"G13": {"type": "Matrix2x2", "payoffs": [[[0,0],[21,13]],[[20,14],[58,43]]]},
"G14": {"type": "Matrix2x2", "payoffs": [[[6,32],[10,37]],[[0,0],[7,5]]]},
"G15": {"type": "Matrix2x2", "payoffs": [[[0,6],[20,11]],[[4,1],[7,0]]]},
"G16": {"type": "Matrix2x2", "payoffs": [[[4,23],[14,1]],[[0,0],[30,24]]]},
"G17": {"type": "Matrix2x2", "payoffs": [[[29,17],[34,19]],[[9,0],[0,11]]]},
"G18": {"type": "Matrix2x2", "payoffs": [[[45,0],[15,20]],[[0,22],[55,25]]]},
"G19": {"type": "Matrix2x2", "payoffs": [[[16,0],[35,5]],[[24,4],[0,2]]]},
"G20": {"type": "Matrix2x2", "payoffs": [[[61,73],[59,37]],[[0,0],[52,59]]]},
"G21": {"type": "Matrix2x2", "payoffs": [[[0,27],[18,9]],[[33,33],[32,0]]]},
"G22": {"type": "Matrix2x2", "payoffs": [[[46,0],[0,7]],[[61,16],[59,4]]]},
"G23": {"type": "Matrix2x2", "payoffs": [[[48,0],[84,14]],[[0,3],[16,8]]]},
"G24": {"type": "Matrix2x2", "payoffs": [[[15,0],[0,68]],[[32,51],[59,73]]]},
"G25": {"type": "Matrix2x2", "payoffs": [[[0,19],[1,37]],[[90,97],[66,0]]]},
"G26": {"type": "Matrix2x2", "payoffs": [[[15,6],[63,22]],[[9,0],[0,17]]]},
"G27": {"type": "Matrix2x2", "payoffs": [[[7,13],[0,0]],[[2,12],[17,20]]]},
"G28": {"type": "Matrix2x2", "payoffs": [[[24,4],[0,3]],[[26,6],[20,0]]]},
"G29": {"type": "Matrix2x2", "payoffs": [[[59,33],[28,28]],[[0,0],[39,5]]]},
"G30": {"type": "Matrix2x2", "payoffs": [[[7,70],[0,0]],[[4,79],[8,89]]]},
"G31": {"type": "Matrix2x2", "payoffs": [[[98,96],[54,27]],[[0,0],[15,57]]]},
"G32": {"type": "Matrix2x2", "payoffs": [[[20,33],[7,0]],[[4,28],[0,25]]]},
"G33": {"type": "Matrix2x2", "payoffs": [[[0,8],[79,48]],[[16,38],[47,0]]]},
"G34": {"type": "Matrix2x2", "payoffs": [[[88,6],[15,3]],[[61,1],[0,0]]]},
"G35": {"type": "Matrix2x2", "payoffs": [[[37,25],[85,55]],[[0,26],[77,0]]]},
"G36": {"type": "Matrix2x2", "payoffs": [[[57,72],[50,67]],[[5,0],[0,6]]]},
"G37": {"type": "Matrix2x2", "payoffs": [[[25,0],[79,60]],[[67,49],[0,1]]]},
"G38": {"type": "Matrix2x2", "payoffs": [[[0,25],[3,44]],[[8,49],[6,0]]]},
"G39": {"type": "Matrix2x2", "payoffs": [[[0,38],[1,0]],[[7,3],[68,57]]]},
"G40": {"type": "Matrix2x2", "payoffs": [[[22,33],[13,16]],[[0,32],[15,0]]]},
"G41": {"type": "Matrix2x2", "payoffs": [[[0,0],[32,90]],[[14,51],[1,58]]]},
"G42": {"type": "Matrix2x2", "payoffs": [[[0,0],[15,14]],[[49,12],[58,25]]]},
"G43": {"type": "Matrix2x2", "payoffs": [[[30,20],[49,56]],[[0,0],[64,57]]]},
"G44": {"type": "Matrix2x2", "payoffs": [[[56,26],[0,40]],[[73,43],[58,0]]]},
"G45": {"type": "Matrix2x2", "payoffs": [[[0,11],[27,0]],[[18,1],[43,12]]]},
"G46": {"type": "Matrix2x2", "payoffs": [[[0,0],[32,25]],[[1,58],[57,62]]]},
"G47": {"type": "Matrix2x2", "payoffs": [[[26,14],[52,22]],[[47,11],[0,0]]]},
"G48": {"type": "Matrix2x2", "payoffs": [[[6,70],[4,0]],[[3,30],[0,15]]]},
"G49": {"type": "Matrix2x2", "payoffs": [[[18,19],[16,0]],[[47,34],[0,3]]]},
"G50": {"type": "Matrix2x2", "payoffs": [[[50,13],[11,0]],[[47,9],[0,8]]]},
"G51": {"type": "Matrix2x2", "payoffs": [[[27,58],[5,0]],[[0,11],[19,8]]]},
"G52": {"type": "Matrix2x2", "payoffs": [[[33,46],[79,77]],[[0,0],[27,8]]]},
"G53": {"type": "Matrix2x2", "payoffs": [[[94,80],[42,48]],[[3,0],[0,75]]]},
"G54": {"type": "Matrix2x2", "payoffs": [[[87,98],[20,3]],[[73,51],[0,0]]]},
"G55": {"type": "Matrix2x2", "payoffs": [[[49,0],[21,32]],[[64,70],[0,37]]]},
"G56": {"type": "Matrix2x2", "payoffs": [[[65,54],[0,15]],[[46,29],[30,0]]]},
"G57": {"type": "Matrix2x2", "payoffs": [[[0,24],[13,37]],[[8,0],[21,94]]]},
"G58": {"type": "Matrix2x2", "payoffs": [[[8,6],[0,0]],[[21,17],[20,14]]]},
"G59": {"type": "Matrix2x2", "payoffs": [[[27,4],[2,0]],[[0,3],[25,1]]]},
"G60": {"type": "Matrix2x2", "payoffs": [[[7,5],[0,0]],[[41,38],[13,17]]]},
"G61": {"type": "Matrix2x2", "payoffs": [[[71,86],[48,49]],[[12,44],[0,0]]]},
"G62": {"type": "Matrix2x2", "payoffs": [[[29,0],[59,21]],[[48,18],[0,1]]]},
"G63": {"type": "Matrix2x2", "payoffs": [[[44,60],[18,36]],[[0,0],[35,13]]]},
"G64": {"type": "Matrix2x2", "payoffs": [[[2,36],[0,41]],[[21,0],[52,93]]]},
"G65": {"type": "Matrix2x2", "payoffs": [[[8,61],[0,0]],[[11,10],[28,76]]]},
"G66": {"type": "Matrix2x2", "payoffs": [[[53,91],[46,38]],[[0,0],[36,55]]]},
"G67": {"type": "Matrix2x2", "payoffs": [[[66,29],[0,0]],[[31,27],[16,14]]]},
"G68": {"type": "Matrix2x2", "payoffs": [[[0,0],[43,25]],[[52,99],[36,75]]]},
"G69": {"type": "Matrix2x2", "payoffs": [[[79,6],[23,0]],[[83,8],[0,5]]]},
"G70": {"type": "Matrix2x2", "payoffs": [[[3,40],[44,41]],[[45,75],[0,0]]]},
"G71": {"type": "Matrix2x2", "payoffs": [[[38,10],[58,23]],[[0,0],[48,3]]]},
"G72": {"type": "Matrix2x2", "payoffs": [[[18,0],[0,8]],[[95,31],[32,27]]]},
"G73": {"type": "Matrix2x2", "payoffs": [[[0,20],[16,0]],[[42,42],[50,46]]]},
"G74": {"type": "Matrix2x2", "payoffs": [[[32,46],[57,0]],[[0,9],[84,52]]]},
"G75": {"type": "Matrix2x2", "payoffs": [[[26,0],[68,4]],[[90,51],[0,8]]]},
"G76": {"type": "Matrix2x2", "payoffs": [[[10,0],[98,75]],[[89,28],[0,68]]]},
"G77": {"type": "Matrix2x2", "payoffs": [[[0,0],[57,12]],[[77,17],[81,29]]]},
"G78": {"type": "Matrix2x2", "payoffs": [[[13,22],[52,69]],[[25,0],[0,52]]]},
"G79": {"type": "Matrix2x2", "payoffs": [[[12,21],[27,0]],[[0,5],[46,23]]]},
"G80": {"type": "Matrix2x2", "payoffs": [[[10,19],[7,15]],[[0,16],[9,0]]]},
"G81": {"type": "Matrix2x2", "payoffs": [[[0,0],[83,22]],[[34,8],[50,9]]]},
"G82": {"type": "Matrix2x2", "payoffs": [[[25,0],[0,6]],[[50,65],[37,1]]]},
"G83": {"type": "Matrix2x2", "payoffs": [[[9,69],[2,0]],[[0,31],[5,45]]]},
"G84": {"type": "Matrix2x2", "payoffs": [[[60,25],[58,0]],[[27,2],[0,9]]]},
"G85": {"type": "Matrix2x2", "payoffs": [[[14,0],[0,15]],[[2,86],[25,87]]]},
"G86": {"type": "Matrix2x2", "payoffs": [[[41,20],[0,0]],[[18,4],[50,29]]]},
"G87": {"type": "Matrix2x2", "payoffs": [[[0,3],[91,0]],[[92,40],[19,12]]]},
"G88": {"type": "Matrix2x2", "payoffs": [[[11,55],[30,70]],[[28,0],[0,67]]]},
"G89": {"type": "Matrix2x2", "payoffs": [[[3,57],[5,0]],[[0,41],[11,63]]]},
"G90": {"type": "Matrix2x2", "payoffs": [[[82,66],[0,0]],[[61,43],[7,31]]]},
"G91": {"type": "Matrix2x2", "payoffs": [[[31,0],[26,58]],[[0,76],[50,79]]]},
"G92": {"type": "Matrix2x2", "payoffs": [[[17,70],[11,88]],[[99,89],[0,0]]]},
"G93": {"type": "Matrix2x2", "payoffs": [[[37,21],[60,80]],[[0,0],[13,53]]]},
"G94": {"type": "Matrix2x2", "payoffs": [[[3,61],[11,100]],[[0,41],[2,0]]]},
"G95": {"type": "Matrix2x2", "payoffs": [[[0,9],[9,5]],[[39,10],[14,0]]]},
"G96": {"type": "Matrix2x2", "payoffs": [[[40,14],[13,11]],[[0,0],[33,13]]]},
"G97": {"type": "Matrix2x2", "payoffs": [[[2,60],[6,26]],[[8,82],[0,0]]]},
"G98": {"type": "Matrix2x2", "payoffs": [[[0,21],[18,6]],[[15,0],[32,24]]]},
"G99": {"type": "Matrix2x2", "payoffs": [[[91,6],[82,0]],[[0,10],[95,54]]]},
"G100": {"type": "Matrix2x2", "payoffs": [[[58,49],[0,31]],[[53,0],[39,17]]]},
"G101": {"type": "Matrix2x2", "payoffs": [[[33,100],[0,0]],[[17,68],[23,12]]]},
"G102": {"type": "Matrix2x2", "payoffs": [[[16,59],[15,44]],[[0,11],[1,0]]]},
"G103": {"type": "Matrix2x2", "payoffs": [[[0,83],[44,0]],[[13,62],[84,85]]]},
"G104": {"type": "Matrix2x2", "payoffs": [[[34,23],[0,0]],[[70,12],[79,36]]]},
"G105": {"type": "Matrix2x2", "payoffs": [[[14,13],[10,10]],[[0,8],[2,0]]]},
"G106": {"type": "Matrix2x2", "payoffs": [[[0,0],[30,30]],[[31,36],[24,22]]]},
"G107": {"type": "Matrix2x2", "payoffs": [[[29,0],[0,22]],[[2,15],[55,30]]]},
"G108": {"type": "Matrix2x2", "payoffs": [[[3,22],[4,13]],[[0,0],[16,26]]]},
"G109": {"type": "Matrix2x2", "payoffs": [[[27,29],[0,0]],[[8,28],[3,23]]]},
"G110": {"type": "Matrix2x2", "payoffs": [[[0,5],[24,0]],[[17,14],[49,23]]]},
"G111": {"type": "Matrix2x2", "payoffs": [[[8,3],[3,0]],[[9,9],[0,4]]]},
"G112": {"type": "Matrix2x2", "payoffs": [[[6,40],[0,16]],[[10,0],[15,58]]]},
"G113": {"type": "Matrix2x2", "payoffs": [[[0,4],[30,0]],[[56,91],[40,49]]]},
"G114": {"type": "Matrix2x2", "payoffs": [[[11,63],[5,0]],[[0,65],[26,83]]]},
"G115": {"type": "Matrix2x2", "payoffs": [[[0,0],[16,20]],[[62,24],[33,13]]]},
"G116": {"type": "Matrix2x2", "payoffs": [[[17,35],[2,33]],[[0,0],[18,52]]]},
"G117": {"type": "Matrix2x2", "payoffs": [[[57,20],[74,97]],[[0,0],[35,40]]]},
"G118": {"type": "Matrix2x2", "payoffs": [[[1,0],[0,22]],[[3,20],[5,25]]]},
"G119": {"type": "Matrix2x2", "payoffs": [[[43,0],[8,13]],[[0,19],[52,57]]]},
"G120": {"type": "Matrix2x2", "payoffs": [[[39,0],[86,29]],[[54,16],[0,17]]]},
"G121": {"type": "Matrix2x2", "payoffs": [[[4,3],[25,92]],[[0,0],[3,73]]]},
"G122": {"type": "Matrix2x2", "payoffs": [[[33,11],[0,1]],[[21,0],[34,12]]]},
"G123": {"type": "Matrix2x2", "payoffs": [[[74,19],[0,6]],[[20,0],[68,4]]]},
"G124": {"type": "Matrix2x2", "payoffs": [[[78,38],[0,5]],[[19,0],[11,18]]]},
"G125": {"type": "Matrix2x2", "payoffs": [[[16,4],[0,0]],[[38,10],[34,7]]]},
"G126": {"type": "Matrix2x2", "payoffs": [[[31,54],[0,2]],[[35,56],[34,0]]]},
"G127": {"type": "Matrix2x2", "payoffs": [[[25,53],[0,0]],[[11,39],[31,61]]]},
"G128": {"type": "Matrix2x2", "payoffs": [[[57,0],[71,52]],[[22,39],[0,37]]]},
"G129": {"type": "Matrix2x2", "payoffs": [[[13,15],[0,0]],[[5,9],[6,6]]]},
"G130": {"type": "Matrix2x2", "payoffs": [[[47,3],[71,70]],[[54,0],[0,51]]]},
"G131": {"type": "Matrix2x2", "payoffs": [[[17,71],[39,94]],[[0,0],[4,70]]]},
"G132": {"type": "Matrix2x2", "payoffs": [[[8,18],[38,0]],[[0,10],[99,33]]]},
"G133": {"type": "Matrix2x2", "payoffs": [[[5,0],[20,53]],[[0,8],[28,85]]]},
"G134": {"type": "Matrix2x2", "payoffs": [[[6,15],[33,44]],[[13,0],[0,6]]]},
"G135": {"type": "Matrix2x2", "payoffs": [[[0,23],[79,35]],[[67,20],[38,0]]]},
"G136": {"type": "Matrix2x2", "payoffs": [[[88,22],[0,21]],[[8,6],[23,0]]]},
"G137": {"type": "Matrix2x2", "payoffs": [[[0,19],[38,0]],[[74,11],[90,30]]]},
"G138": {"type": "Matrix2x2", "payoffs": [[[22,37],[29,53]],[[0,0],[23,47]]]},
"G139": {"type": "Matrix2x2", "payoffs": [[[3,6],[83,35]],[[0,0],[79,13]]]},
"G140": {"type": "Matrix2x2", "payoffs": [[[41,0],[30,71]],[[45,93],[0,55]]]},
"G141": {"type": "Matrix2x2", "payoffs": [[[5,33],[2,0]],[[0,44],[12,54]]]},
"G142": {"type": "Matrix2x2", "payoffs": [[[43,0],[0,19]],[[5,21],[67,38]]]},
"G143": {"type": "Matrix2x2", "payoffs": [[[6,0],[0,4]],[[2,3],[12,6]]]},
"G144": {"type": "Matrix2x2", "payoffs": [[[15,28],[14,26]],[[0,25],[12,0]]]},
"G145": {"type": "Matrix2x2", "payoffs": [[[32,9],[16,0]],[[8,4],[0,7]]]},
"G146": {"type": "Matrix2x2", "payoffs": [[[26,82],[21,69]],[[0,0],[18,46]]]},
"G147": {"type": "Matrix2x2", "payoffs": [[[9,84],[7,64]],[[0,35],[5,0]]]},
"G148": {"type": "Matrix2x2", "payoffs": [[[0,0],[53,8]],[[55,31],[22,4]]]},
"G149": {"type": "Matrix2x2", "payoffs": [[[0,0],[2,14]],[[5,89],[6,93]]]},
"G150": {"type": "Matrix2x2", "payoffs": [[[12,18],[32,10]],[[0,0],[38,24]]]},
"G151": {"type": "Matrix2x2", "payoffs": [[[40,7],[10,4]],[[19,2],[0,0]]]},
"G152": {"type": "Matrix2x2", "payoffs": [[[0,1],[59,11]],[[77,14],[37,0]]]},
"G153": {"type": "Matrix2x2", "payoffs": [[[36,0],[54,35]],[[11,10],[0,19]]]},
"G154": {"type": "Matrix2x2", "payoffs": [[[3,40],[2,46]],[[0,0],[9,68]]]},
"G155": {"type": "Matrix2x2", "payoffs": [[[21,36],[19,47]],[[0,0],[22,50]]]},
"G156": {"type": "Matrix2x2", "payoffs": [[[12,2],[26,0]],[[71,55],[0,27]]]},
"G157": {"type": "Matrix2x2", "payoffs": [[[8,39],[2,3]],[[96,80],[0,0]]]},
"G158": {"type": "Matrix2x2", "payoffs": [[[0,4],[40,0]],[[57,58],[15,17]]]},
"G159": {"type": "Matrix2x2", "payoffs": [[[0,10],[52,0]],[[67,48],[69,86]]]},
"G160": {"type": "Matrix2x2", "payoffs": [[[2,22],[0,14]],[[14,34],[8,0]]]},
"G161": {"type": "Matrix2x2", "payoffs": [[[26,84],[0,0]],[[45,86],[61,99]]]},
"G162": {"type": "Matrix2x2", "payoffs": [[[0,10],[10,0]],[[11,37],[72,67]]]},
"G163": {"type": "Matrix2x2", "payoffs": [[[0,25],[1,0]],[[17,67],[10,66]]]},
"G164": {"type": "Matrix2x2", "payoffs": [[[0,30],[25,53]],[[27,57],[1,0]]]},
"G165": {"type": "Matrix2x2", "payoffs": [[[6,28],[60,97]],[[0,0],[44,52]]]},
"G166": {"type": "Matrix2x2", "payoffs": [[[2,25],[53,63]],[[0,0],[61,65]]]},
"G167": {"type": "Matrix2x2", "payoffs": [[[0,34],[70,0]],[[6,73],[87,76]]]},
"G168": {"type": "Matrix2x2", "payoffs": [[[45,80],[0,34]],[[68,97],[12,0]]]},
"G169": {"type": "Matrix2x2", "payoffs": [[[11,2],[4,0]],[[31,3],[0,1]]]},
"G170": {"type": "Matrix2x2", "payoffs": [[[83,80],[56,2]],[[0,0],[22,71]]]},
"G171": {"type": "Matrix2x2", "payoffs": [[[0,36],[10,6]],[[17,47],[2,0]]]},
"G172": {"type": "Matrix2x2", "payoffs": [[[47,0],[0,6]],[[61,66],[21,29]]]},
"G173": {"type": "Matrix2x2", "payoffs": [[[77,74],[28,62]],[[0,51],[48,0]]]},
"G174": {"type": "Matrix2x2", "payoffs": [[[0,12],[72,46]],[[47,45],[58,0]]]},
"G175": {"type": "Matrix2x2", "payoffs": [[[32,3],[0,4]],[[75,5],[29,0]]]},
"G176": {"type": "Matrix2x2", "payoffs": [[[0,3],[2,39]],[[20,0],[35,40]]]},
"G177": {"type": "Matrix2x2", "payoffs": [[[0,30],[20,31]],[[24,80],[10,0]]]},
"G178": {"type": "Matrix2x2", "payoffs": [[[49,5],[59,7]],[[64,9],[0,0]]]},
"G179": {"type": "Matrix2x2", "payoffs": [[[0,0],[88,28]],[[39,15],[87,19]]]},
"G180": {"type": "Matrix2x2", "payoffs": [[[0,19],[67,25]],[[48,0],[17,6]]]},
"G181": {"type": "Matrix2x2", "payoffs": [[[0,0],[2,8]],[[3,76],[1,18]]]},
"G182": {"type": "Matrix2x2", "payoffs": [[[4,35],[32,22]],[[0,0],[34,58]]]},
"G183": {"type": "Matrix2x2", "payoffs": [[[66,27],[60,0]],[[0,18],[44,23]]]},
"G184": {"type": "Matrix2x2", "payoffs": [[[25,0],[30,83]],[[3,25],[0,76]]]},
"G185": {"type": "Matrix2x2", "payoffs": [[[13,100],[7,0]],[[10,48],[0,77]]]},
"G186": {"type": "Matrix2x2", "payoffs": [[[44,42],[27,19]],[[37,7],[0,0]]]},
"G187": {"type": "Matrix2x2", "payoffs": [[[5,42],[36,43]],[[0,0],[31,14]]]},
"G188": {"type": "Matrix2x2", "payoffs": [[[3,53],[0,7]],[[1,0],[2,46]]]},
"G189": {"type": "Matrix2x2", "payoffs": [[[32,38],[0,0]],[[26,24],[24,26]]]},
"G190": {"type": "Matrix2x2", "payoffs": [[[61,68],[40,61]],[[0,50],[30,0]]]},
"G191": {"type": "Matrix2x2", "payoffs": [[[61,27],[0,0]],[[74,32],[89,43]]]},
"G192": {"type": "Matrix2x2", "payoffs": [[[11,0],[0,16]],[[18,77],[8,48]]]},
"G193": {"type": "Matrix2x2", "payoffs": [[[6,10],[3,0]],[[0,24],[7,27]]]},
"G194": {"type": "Matrix2x2", "payoffs": [[[22,90],[17,71]],[[6,47],[0,0]]]},
"G195": {"type": "Matrix2x2", "payoffs": [[[10,81],[28,88]],[[8,0],[0,13]]]},
"G196": {"type": "Matrix2x2", "payoffs": [[[33,0],[82,13]],[[0,1],[49,7]]]},
"G197": {"type": "Matrix2x2", "payoffs": [[[32,92],[7,0]],[[0,76],[44,95]]]},
"G198": {"type": "Matrix2x2", "payoffs": [[[2,26],[4,0]],[[0,12],[5,44]]]},
"G199": {"type": "Matrix2x2", "payoffs": [[[29,17],[25,0]],[[0,26],[39,33]]]},
"G200": {"type": "Matrix2x2", "payoffs": [[[0,2],[23,21]],[[37,0],[63,31]]]},
"G201": {"type": "Matrix2x2", "payoffs": [[[40,24],[67,83]],[[0,0],[61,14]]]},
"G202": {"type": "Matrix2x2", "payoffs": [[[94,29],[0,0]],[[30,4],[17,12]]]},
"G203": {"type": "Matrix2x2", "payoffs": [[[0,18],[46,32]],[[25,0],[38,7]]]},
"G204": {"type": "Matrix2x2", "payoffs": [[[42,11],[58,81]],[[35,0],[0,22]]]},
"G205": {"type": "Matrix2x2", "payoffs": [[[44,3],[10,28]],[[0,0],[83,48]]]},
"G206": {"type": "Matrix2x2", "payoffs": [[[78,30],[60,27]],[[68,0],[0,28]]]},
"G207": {"type": "Matrix2x2", "payoffs": [[[79,2],[93,72]],[[25,35],[0,0]]]},
"G208": {"type": "Matrix2x2", "payoffs": [[[0,0],[29,35]],[[37,82],[27,7]]]},
"G209": {"type": "Matrix2x2", "payoffs": [[[36,0],[62,47]],[[50,35],[0,21]]]},
"G210": {"type": "Matrix2x2", "payoffs": [[[0,0],[32,49]],[[20,58],[58,68]]]},
"G211": {"type": "Matrix2x2", "payoffs": [[[74,4],[10,3]],[[0,1],[1,0]]]},
"G212": {"type": "Matrix2x2", "payoffs": [[[100,27],[68,13]],[[29,0],[0,23]]]},
"G213": {"type": "Matrix2x2", "payoffs": [[[75,0],[91,16]],[[0,1],[15,13]]]},
"G214": {"type": "Matrix2x2", "payoffs": [[[83,60],[40,40]],[[0,31],[43,0]]]},
"G215": {"type": "Matrix2x2", "payoffs": [[[0,3],[87,6]],[[58,0],[61,2]]]},
"G216": {"type": "Matrix2x2", "payoffs": [[[13,12],[0,4]],[[55,0],[57,41]]]},
"G217": {"type": "Matrix2x2", "payoffs": [[[0,0],[32,16]],[[2,7],[13,4]]]},
"G218": {"type": "Matrix2x2", "payoffs": [[[0,14],[3,0]],[[2,10],[5,15]]]},
"G219": {"type": "Matrix2x2", "payoffs": [[[0,0],[37,78]],[[35,13],[23,45]]]},
"G220": {"type": "Matrix2x2", "payoffs": [[[14,83],[56,91]],[[41,0],[0,12]]]},
"G221": {"type": "Matrix2x2", "payoffs": [[[23,0],[1,54]],[[0,77],[28,99]]]},
"G222": {"type": "Matrix2x2", "payoffs": [[[23,0],[35,40]],[[0,1],[33,39]]]},
"G223": {"type": "Matrix2x2", "payoffs": [[[1,26],[4,27]],[[0,4],[3,0]]]},
"G224": {"type": "Matrix2x2", "payoffs": [[[0,45],[72,48]],[[42,30],[56,0]]]},
"G225": {"type": "Matrix2x2", "payoffs": [[[26,0],[21,15]],[[55,18],[0,10]]]},
"G226": {"type": "Matrix2x2", "payoffs": [[[2,1],[0,2]],[[4,7],[1,0]]]},
"G227": {"type": "Matrix2x2", "payoffs": [[[83,5],[12,0]],[[0,4],[28,1]]]},
"G228": {"type": "Matrix2x2", "payoffs": [[[0,52],[13,56]],[[11,10],[12,0]]]},
"G229": {"type": "Matrix2x2", "payoffs": [[[14,1],[9,4]],[[27,7],[0,0]]]},
"G230": {"type": "Matrix2x2", "payoffs": [[[94,43],[0,0]],[[87,35],[66,2]]]},
"G231": {"type": "Matrix2x2", "payoffs": [[[0,16],[12,17]],[[22,18],[1,0]]]},
"G232": {"type": "Matrix2x2", "payoffs": [[[9,2],[14,24]],[[0,0],[8,13]]]},
"G233": {"type": "Matrix2x2", "payoffs": [[[7,22],[0,17]],[[3,10],[6,0]]]},
"G234": {"type": "Matrix2x2", "payoffs": [[[36,29],[33,14]],[[0,0],[67,55]]]},
"G235": {"type": "Matrix2x2", "payoffs": [[[51,0],[56,80]],[[0,38],[20,28]]]},
"G236": {"type": "Matrix2x2", "payoffs": [[[0,10],[19,31]],[[14,3],[4,0]]]},
"G237": {"type": "Matrix2x2", "payoffs": [[[8,0],[26,87]],[[0,58],[14,46]]]},
"G238": {"type": "Matrix2x2", "payoffs": [[[0,22],[15,50]],[[5,0],[11,12]]]},
"G239": {"type": "Matrix2x2", "payoffs": [[[0,48],[6,93]],[[2,0],[1,84]]]},
"G240": {"type": "Matrix2x2", "payoffs": [[[64,0],[89,88]],[[18,2],[0,61]]]},
"G241": {"type": "Matrix2x2", "payoffs": [[[72,100],[25,39]],[[17,0],[0,63]]]},
"G242": {"type": "Matrix2x2", "payoffs": [[[10,0],[0,10]],[[2,4],[25,22]]]},
"G243": {"type": "Matrix2x2", "payoffs": [[[65,94],[40,49]],[[66,97],[0,0]]]},
"G244": {"type": "Matrix2x2", "payoffs": [[[52,8],[67,10]],[[0,0],[48,3]]]},
"G245": {"type": "Matrix2x2", "payoffs": [[[49,13],[0,32]],[[30,0],[58,39]]]},
"G246": {"type": "Matrix2x2", "payoffs": [[[0,23],[18,59]],[[10,0],[1,7]]]},
"G247": {"type": "Matrix2x2", "payoffs": [[[37,0],[63,7]],[[73,24],[0,16]]]},
"G248": {"type": "Matrix2x2", "payoffs": [[[0,2],[74,0]],[[82,3],[49,1]]]},
"G249": {"type": "Matrix2x2", "payoffs": [[[21,0],[0,4]],[[10,13],[91,14]]]},
"G250": {"type": "Matrix2x2", "payoffs": [[[0,0],[47,7]],[[72,76],[45,53]]]},
"G251": {"type": "Matrix2x2", "payoffs": [[[0,0],[24,17]],[[23,9],[7,1]]]},
"G252": {"type": "Matrix2x2", "payoffs": [[[40,0],[0,13]],[[35,15],[84,31]]]},
"G253": {"type": "Matrix2x2", "payoffs": [[[11,76],[6,26]],[[0,0],[12,99]]]},
"G254": {"type": "Matrix2x2", "payoffs": [[[1,0],[0,41]],[[32,88],[20,8]]]},
"G255": {"type": "Matrix2x2", "payoffs": [[[76,28],[0,5]],[[43,0],[68,3]]]},
"G256": {"type": "Matrix2x2", "payoffs": [[[0,6],[71,19]],[[11,0],[3,15]]]},
"G257": {"type": "Matrix2x2", "payoffs": [[[0,44],[90,85]],[[13,9],[4,0]]]},
"G258": {"type": "Matrix2x2", "payoffs": [[[28,35],[0,0]],[[62,37],[40,20]]]},
"G259": {"type": "Matrix2x2", "payoffs": [[[94,79],[15,74]],[[0,0],[8,19]]]},
"G260": {"type": "Matrix2x2", "payoffs": [[[15,0],[4,15]],[[48,28],[0,16]]]},
"G261": {"type": "Matrix2x2", "payoffs": [[[5,97],[2,79]],[[3,59],[0,0]]]},
"G262": {"type": "Matrix2x2", "payoffs": [[[0,0],[73,10]],[[72,15],[88,31]]]},
"G263": {"type": "Matrix2x2", "payoffs": [[[0,4],[28,6]],[[62,80],[34,0]]]},
"G264": {"type": "Matrix2x2", "payoffs": [[[64,79],[0,16]],[[29,61],[53,0]]]},
"G265": {"type": "Matrix2x2", "payoffs": [[[0,16],[19,67]],[[13,44],[8,0]]]},
"G266": {"type": "Matrix2x2", "payoffs": [[[30,20],[28,16]],[[2,0],[0,13]]]},
"G267": {"type": "Matrix2x2", "payoffs": [[[0,0],[44,4]],[[25,1],[48,5]]]},
"G268": {"type": "Matrix2x2", "payoffs": [[[0,21],[10,22]],[[28,0],[34,39]]]},
"G269": {"type": "Matrix2x2", "payoffs": [[[16,54],[0,0]],[[10,40],[15,19]]]},
"G270": {"type": "Matrix2x2", "payoffs": [[[4,100],[1,0]],[[0,60],[3,77]]]},
"G271": {"type": "Matrix2x2", "payoffs": [[[58,79],[0,23]],[[85,91],[45,0]]]},
"G272": {"type": "Matrix2x2", "payoffs": [[[78,55],[22,20]],[[0,27],[8,0]]]},
"G273": {"type": "Matrix2x2", "payoffs": [[[0,0],[8,8]],[[15,27],[14,26]]]},
"G274": {"type": "Matrix2x2", "payoffs": [[[36,81],[5,31]],[[33,0],[0,56]]]},
"G275": {"type": "Matrix2x2", "payoffs": [[[8,63],[50,0]],[[56,74],[0,23]]]},
"G276": {"type": "Matrix2x2", "payoffs": [[[41,70],[33,11]],[[36,62],[0,0]]]},
"G277": {"type": "Matrix2x2", "payoffs": [[[0,0],[2,63]],[[1,81],[3,98]]]},
"G278": {"type": "Matrix2x2", "payoffs": [[[21,61],[57,98]],[[28,0],[0,5]]]},
"G279": {"type": "Matrix2x2", "payoffs": [[[2,61],[3,68]],[[0,0],[1,62]]]},
"G280": {"type": "Matrix2x2", "payoffs": [[[28,0],[0,4]],[[41,25],[12,8]]]},
"G281": {"type": "Matrix2x2", "payoffs": [[[0,3],[47,0]],[[11,26],[94,30]]]},
"G282": {"type": "Matrix2x2", "payoffs": [[[10,59],[0,0]],[[3,24],[5,15]]]},
"G283": {"type": "Matrix2x2", "payoffs": [[[43,29],[12,0]],[[0,47],[60,100]]]},
"G284": {"type": "Matrix2x2", "payoffs": [[[9,0],[0,9]],[[10,6],[28,48]]]},
"G285": {"type": "Matrix2x2", "payoffs": [[[42,28],[0,0]],[[33,16],[9,17]]]},
"G286": {"type": "Matrix2x2", "payoffs": [[[66,6],[24,2]],[[0,0],[27,3]]]},
"G287": {"type": "Matrix2x2", "payoffs": [[[22,62],[27,69]],[[18,59],[0,0]]]},
"G288": {"type": "Matrix2x2", "payoffs": [[[46,39],[16,0]],[[39,33],[0,10]]]},
"G289": {"type": "Matrix2x2", "payoffs": [[[4,76],[13,81]],[[0,0],[6,20]]]},
"G290": {"type": "Matrix2x2", "payoffs": [[[0,0],[20,7]],[[9,3],[8,2]]]},
"G291": {"type": "Matrix2x2", "payoffs": [[[17,0],[7,46]],[[72,61],[0,35]]]},
"G292": {"type": "Matrix2x2", "payoffs": [[[80,26],[38,0]],[[18,11],[0,20]]]},
"G293": {"type": "Matrix2x2", "payoffs": [[[12,0],[0,5]],[[93,10],[33,2]]]},
"G294": {"type": "Matrix2x2", "payoffs": [[[16,0],[71,86]],[[0,23],[29,5]]]},
"G295": {"type": "Matrix2x2", "payoffs": [[[89,41],[23,4]],[[0,0],[92,70]]]},
"G296": {"type": "Matrix2x2", "payoffs": [[[5,35],[12,0]],[[0,3],[22,70]]]},
"G297": {"type": "Matrix2x2", "payoffs": [[[11,10],[7,0]],[[0,1],[8,6]]]},
"G298": {"type": "Matrix2x2", "payoffs": [[[20,0],[0,42]],[[17,25],[80,93]]]},
"G299": {"type": "Matrix2x2", "payoffs": [[[17,83],[0,8]],[[10,0],[54,86]]]},
"G300": {"type": "Matrix2x2", "payoffs": [[[79,0],[8,16]],[[96,31],[0,14]]]},
"G301": {"type": "Matrix2x2", "payoffs": [[[37,10],[0,0]],[[60,51],[49,29]]]},
"G302": {"type": "Matrix2x2", "payoffs": [[[0,0],[49,20]],[[1,66],[70,80]]]},
"G303": {"type": "Matrix2x2", "payoffs": [[[14,6],[13,0]],[[0,45],[77,61]]]},
"G304": {"type": "Matrix2x2", "payoffs": [[[21,29],[25,48]],[[13,4],[0,0]]]},
"G305": {"type": "Matrix2x2", "payoffs": [[[86,76],[0,30]],[[13,0],[43,61]]]},
"G306": {"type": "Matrix2x2", "payoffs": [[[36,21],[5,0]],[[0,12],[64,33]]]},
"G307": {"type": "Matrix2x2", "payoffs": [[[27,87],[8,1]],[[0,28],[12,0]]]},
"G308": {"type": "Matrix2x2", "payoffs": [[[36,0],[0,5]],[[12,41],[67,89]]]},
"G309": {"type": "Matrix2x2", "payoffs": [[[5,55],[12,74]],[[0,33],[2,0]]]},
"G310": {"type": "Matrix2x2", "payoffs": [[[0,74],[40,0]],[[50,67],[73,79]]]},
"G311": {"type": "Matrix2x2", "payoffs": [[[76,6],[6,0]],[[77,29],[0,18]]]},
"G312": {"type": "Matrix2x2", "payoffs": [[[3,10],[18,37]],[[10,27],[0,0]]]},
"G313": {"type": "Matrix2x2", "payoffs": [[[92,28],[57,8]],[[0,0],[9,11]]]},
"G314": {"type": "Matrix2x2", "payoffs": [[[13,10],[56,0]],[[0,16],[69,24]]]},
"G315": {"type": "Matrix2x2", "payoffs": [[[2,47],[0,45]],[[8,58],[7,0]]]},
"G316": {"type": "Matrix2x2", "payoffs": [[[31,9],[1,26]],[[0,0],[56,48]]]},
"G317": {"type": "Matrix2x2", "payoffs": [[[6,0],[0,51]],[[30,91],[3,69]]]},
"G318": {"type": "Matrix2x2", "payoffs": [[[7,5],[15,0]],[[0,20],[82,27]]]},
"G319": {"type": "Matrix2x2", "payoffs": [[[81,33],[86,62]],[[0,0],[83,12]]]},
"G320": {"type": "Matrix2x2", "payoffs": [[[68,21],[41,0]],[[0,2],[97,59]]]},
"G321": {"type": "Matrix2x2", "payoffs": [[[0,14],[7,2]],[[15,0],[24,15]]]},
"G322": {"type": "Matrix2x2", "payoffs": [[[17,11],[0,15]],[[2,0],[71,37]]]},
"G323": {"type": "Matrix2x2", "payoffs": [[[25,0],[38,7]],[[0,88],[55,90]]]},
"G324": {"type": "Matrix2x2", "payoffs": [[[27,0],[17,5]],[[85,47],[0,12]]]},
"G325": {"type": "Matrix2x2", "payoffs": [[[0,14],[27,30]],[[24,0],[9,11]]]},
"G326": {"type": "Matrix2x2", "payoffs": [[[0,1],[39,0]],[[52,8],[77,12]]]},
"G327": {"type": "Matrix2x2", "payoffs": [[[39,59],[27,61]],[[0,0],[67,83]]]},
"G328": {"type": "Matrix2x2", "payoffs": [[[46,54],[0,39]],[[13,0],[30,18]]]},
"G329": {"type": "Matrix2x2", "payoffs": [[[2,0],[0,48]],[[51,92],[10,68]]]},
"G330": {"type": "Matrix2x2", "payoffs": [[[12,0],[13,54]],[[11,39],[0,42]]]},
"G331": {"type": "Matrix2x2", "payoffs": [[[4,13],[0,46]],[[10,47],[5,0]]]},
"G332": {"type": "Matrix2x2", "payoffs": [[[60,3],[81,60]],[[56,0],[0,39]]]},
"G333": {"type": "Matrix2x2", "payoffs": [[[3,9],[75,21]],[[0,15],[59,0]]]},
"G334": {"type": "Matrix2x2", "payoffs": [[[0,14],[36,7]],[[18,0],[98,19]]]},
"G335": {"type": "Matrix2x2", "payoffs": [[[34,0],[63,48]],[[0,15],[7,23]]]},
"G336": {"type": "Matrix2x2", "payoffs": [[[58,2],[0,1]],[[12,0],[83,7]]]},
"G337": {"type": "Matrix2x2", "payoffs": [[[0,26],[4,0]],[[3,9],[6,31]]]},
"G338": {"type": "Matrix2x2", "payoffs": [[[13,55],[15,0]],[[0,52],[26,70]]]},
"G339": {"type": "Matrix2x2", "payoffs": [[[0,0],[19,3]],[[31,30],[16,19]]]},
"G340": {"type": "Matrix2x2", "payoffs": [[[53,8],[7,9]],[[60,28],[0,0]]]},
"G341": {"type": "Matrix2x2", "payoffs": [[[49,0],[60,39]],[[61,60],[0,7]]]},
"G342": {"type": "Matrix2x2", "payoffs": [[[11,0],[0,16]],[[52,40],[16,21]]]},
"G343": {"type": "Matrix2x2", "payoffs": [[[22,6],[49,49]],[[81,84],[0,0]]]},
"G344": {"type": "Matrix2x2", "payoffs": [[[76,45],[70,15]],[[0,0],[81,75]]]},
"G345": {"type": "Matrix2x2", "payoffs": [[[20,50],[0,0]],[[18,86],[28,99]]]},
"G346": {"type": "Matrix2x2", "payoffs": [[[3,0],[46,56]],[[23,12],[0,28]]]},
"G347": {"type": "Matrix2x2", "payoffs": [[[0,5],[1,0]],[[7,9],[9,42]]]},
"G348": {"type": "Matrix2x2", "payoffs": [[[0,61],[7,63]],[[2,0],[5,11]]]},
"G349": {"type": "Matrix2x2", "payoffs": [[[35,82],[4,40]],[[13,56],[0,0]]]},
"G350": {"type": "Matrix2x2", "payoffs": [[[13,72],[8,3]],[[6,0],[0,62]]]},
"G351": {"type": "Matrix2x2", "payoffs": [[[10,31],[0,19]],[[2,30],[3,0]]]},
"G352": {"type": "Matrix2x2", "payoffs": [[[4,27],[0,23]],[[82,60],[23,0]]]},
"G353": {"type": "Matrix2x2", "payoffs": [[[26,0],[0,29]],[[37,9],[69,38]]]},
"G354": {"type": "Matrix2x2", "payoffs": [[[0,10],[7,8]],[[10,16],[5,0]]]},
"G355": {"type": "Matrix2x2", "payoffs": [[[6,0],[21,32]],[[5,28],[0,9]]]},
"G356": {"type": "Matrix2x2", "payoffs": [[[57,63],[52,59]],[[35,12],[0,0]]]},
"G357": {"type": "Matrix2x2", "payoffs": [[[13,64],[17,0]],[[19,83],[0,71]]]},
"G358": {"type": "Matrix2x2", "payoffs": [[[34,5],[0,41]],[[2,0],[45,82]]]},
"G359": {"type": "Matrix2x2", "payoffs": [[[51,0],[0,8]],[[56,1],[68,19]]]},
"G360": {"type": "Matrix2x2", "payoffs": [[[11,31],[13,32]],[[0,6],[12,0]]]},
"G361": {"type": "Matrix2x2", "payoffs": [[[13,56],[5,0]],[[10,53],[0,23]]]},
"G362": {"type": "Matrix2x2", "payoffs": [[[0,41],[26,0]],[[32,59],[22,3]]]},
"G363": {"type": "Matrix2x2", "payoffs": [[[29,0],[35,38]],[[24,13],[0,21]]]},
"G364": {"type": "Matrix2x2", "payoffs": [[[0,0],[15,44]],[[16,67],[9,63]]]},
"G365": {"type": "Matrix2x2", "payoffs": [[[51,8],[56,44]],[[0,0],[91,67]]]},
"G366": {"type": "Matrix2x2", "payoffs": [[[24,31],[6,0]],[[19,8],[0,29]]]},
"G367": {"type": "Matrix2x2", "payoffs": [[[8,28],[0,0]],[[4,59],[18,89]]]},
"G368": {"type": "Matrix2x2", "payoffs": [[[0,11],[37,0]],[[16,25],[45,40]]]},
"G369": {"type": "Matrix2x2", "payoffs": [[[76,51],[0,22]],[[18,0],[72,40]]]},
"G370": {"type": "Matrix2x2", "payoffs": [[[1,87],[11,0]],[[14,90],[0,43]]]},
"G371": {"type": "Matrix2x2", "payoffs": [[[4,8],[0,6]],[[3,0],[2,7]]]},
"G372": {"type": "Matrix2x2", "payoffs": [[[24,12],[0,36]],[[2,0],[60,39]]]},
"G373": {"type": "Matrix2x2", "payoffs": [[[66,88],[0,44]],[[63,0],[58,71]]]},
"G374": {"type": "Matrix2x2", "payoffs": [[[1,0],[4,94]],[[0,68],[2,12]]]},
"G375": {"type": "Matrix2x2", "payoffs": [[[55,0],[77,30]],[[99,76],[0,65]]]},
"G376": {"type": "Matrix2x2", "payoffs": [[[0,0],[46,33]],[[11,6],[2,18]]]},
"G377": {"type": "Matrix2x2", "payoffs": [[[12,0],[17,42]],[[0,31],[70,85]]]},
"G378": {"type": "Matrix2x2", "payoffs": [[[0,0],[8,23]],[[81,74],[18,47]]]},
"G379": {"type": "Matrix2x2", "payoffs": [[[0,17],[51,4]],[[75,26],[34,0]]]},
"G380": {"type": "Matrix2x2", "payoffs": [[[0,10],[12,0]],[[9,34],[24,42]]]},
"G381": {"type": "Matrix2x2", "payoffs": [[[33,46],[0,0]],[[41,78],[29,69]]]},
"G382": {"type": "Matrix2x2", "payoffs": [[[0,0],[8,46]],[[24,16],[75,55]]]},
"G383": {"type": "Matrix2x2", "payoffs": [[[31,9],[72,7]],[[96,10],[0,0]]]},
"G384": {"type": "Matrix2x2", "payoffs": [[[48,64],[22,0]],[[0,39],[82,96]]]},
"G385": {"type": "Matrix2x2", "payoffs": [[[0,10],[92,13]],[[87,1],[71,0]]]},
"G386": {"type": "Matrix2x2", "payoffs": [[[57,0],[64,2]],[[0,3],[72,6]]]},
"G387": {"type": "Matrix2x2", "payoffs": [[[18,60],[0,0]],[[5,18],[10,41]]]},
"G388": {"type": "Matrix2x2", "payoffs": [[[89,38],[33,33]],[[0,0],[85,34]]]},
"G389": {"type": "Matrix2x2", "payoffs": [[[0,52],[41,0]],[[85,21],[98,79]]]},
"G390": {"type": "Matrix2x2", "payoffs": [[[0,0],[12,11]],[[9,9],[15,33]]]},
"G391": {"type": "Matrix2x2", "payoffs": [[[0,0],[19,36]],[[17,47],[23,57]]]},
"G392": {"type": "Matrix2x2", "payoffs": [[[35,7],[0,0]],[[49,19],[7,10]]]},
"G393": {"type": "Matrix2x2", "payoffs": [[[40,0],[0,6]],[[42,23],[36,1]]]},
"G394": {"type": "Matrix2x2", "payoffs": [[[28,6],[0,10]],[[32,20],[20,0]]]},
"G395": {"type": "Matrix2x2", "payoffs": [[[12,63],[0,0]],[[14,35],[28,84]]]},
"G396": {"type": "Matrix2x2", "payoffs": [[[55,94],[4,0]],[[0,82],[11,44]]]},
"G397": {"type": "Matrix2x2", "payoffs": [[[0,2],[2,0]],[[61,1],[84,3]]]},
"G398": {"type": "Matrix2x2", "payoffs": [[[16,0],[13,59]],[[21,89],[0,26]]]},
"G399": {"type": "Matrix2x2", "payoffs": [[[0,45],[6,67]],[[4,15],[2,0]]]},
"G400": {"type": "Matrix2x2", "payoffs": [[[54,2],[59,43]],[[98,78],[0,0]]]},
"G401": {"type": "Matrix2x2", "payoffs": [[[95,35],[15,3]],[[1,27],[0,0]]]},
"G402": {"type": "Matrix2x2", "payoffs": [[[69,44],[0,0]],[[19,12],[50,35]]]},
"G403": {"type": "Matrix2x2", "payoffs": [[[69,90],[35,22]],[[13,0],[0,84]]]},
"G404": {"type": "Matrix2x2", "payoffs": [[[55,33],[50,6]],[[0,0],[20,26]]]},
"G405": {"type": "Matrix2x2", "payoffs": [[[17,28],[0,0]],[[64,29],[29,23]]]},
"G406": {"type": "Matrix2x2", "payoffs": [[[10,38],[46,42]],[[0,19],[38,0]]]},
"G407": {"type": "Matrix2x2", "payoffs": [[[4,84],[0,37]],[[3,0],[2,28]]]},
"G408": {"type": "Matrix2x2", "payoffs": [[[28,20],[21,42]],[[0,0],[45,85]]]},
"G409": {"type": "Matrix2x2", "payoffs": [[[3,2],[8,4]],[[0,0],[9,6]]]},
"G410": {"type": "Matrix2x2", "payoffs": [[[31,11],[1,0]],[[4,1],[0,10]]]},
"G411": {"type": "Matrix2x2", "payoffs": [[[0,25],[19,79]],[[5,0],[13,59]]]},
"G412": {"type": "Matrix2x2", "payoffs": [[[28,48],[14,0]],[[19,28],[0,1]]]},
"G413": {"type": "Matrix2x2", "payoffs": [[[32,26],[78,0]],[[82,73],[0,60]]]},
"G414": {"type": "Matrix2x2", "payoffs": [[[48,32],[31,0]],[[61,65],[0,56]]]},
"G415": {"type": "Matrix2x2", "payoffs": [[[34,26],[24,0]],[[52,56],[0,17]]]},
"G416": {"type": "Matrix2x2", "payoffs": [[[7,0],[59,6]],[[10,4],[0,3]]]},
"G417": {"type": "Matrix2x2", "payoffs": [[[0,22],[55,0]],[[66,27],[39,9]]]},
"G418": {"type": "Matrix2x2", "payoffs": [[[39,2],[45,66]],[[0,34],[32,0]]]},
"G419": {"type": "Matrix2x2", "payoffs": [[[20,13],[18,0]],[[0,27],[23,38]]]},
"G420": {"type": "Matrix2x2", "payoffs": [[[19,49],[0,0]],[[23,52],[72,58]]]},
"G421": {"type": "Matrix2x2", "payoffs": [[[53,19],[36,7]],[[0,0],[29,8]]]},
"G422": {"type": "Matrix2x2", "payoffs": [[[26,0],[39,7]],[[0,17],[45,26]]]},
"G423": {"type": "Matrix2x2", "payoffs": [[[0,23],[17,10]],[[32,24],[6,0]]]},
"G424": {"type": "Matrix2x2", "payoffs": [[[62,60],[50,0]],[[0,54],[57,11]]]},
"G425": {"type": "Matrix2x2", "payoffs": [[[75,29],[29,9]],[[68,8],[0,0]]]},
"G426": {"type": "Matrix2x2", "payoffs": [[[36,0],[7,12]],[[53,55],[0,41]]]},
"G427": {"type": "Matrix2x2", "payoffs": [[[15,10],[20,0]],[[36,30],[0,16]]]},
"G428": {"type": "Matrix2x2", "payoffs": [[[89,4],[35,3]],[[0,2],[77,0]]]},
"G429": {"type": "Matrix2x2", "payoffs": [[[7,0],[0,48]],[[16,4],[33,94]]]},
"G430": {"type": "Matrix2x2", "payoffs": [[[3,17],[1,5]],[[0,0],[6,18]]]},
"G431": {"type": "Matrix2x2", "payoffs": [[[0,11],[12,0]],[[17,56],[4,1]]]},
"G432": {"type": "Matrix2x2", "payoffs": [[[0,40],[99,74]],[[81,6],[31,0]]]},
"G433": {"type": "Matrix2x2", "payoffs": [[[28,24],[0,51]],[[38,0],[57,83]]]},
"G434": {"type": "Matrix2x2", "payoffs": [[[5,5],[0,35]],[[2,0],[10,50]]]},
"G435": {"type": "Matrix2x2", "payoffs": [[[0,10],[50,34]],[[38,0],[2,4]]]},
"G436": {"type": "Matrix2x2", "payoffs": [[[31,2],[92,6]],[[0,1],[22,0]]]},
"G437": {"type": "Matrix2x2", "payoffs": [[[48,0],[0,1]],[[31,11],[65,16]]]},
"G438": {"type": "Matrix2x2", "payoffs": [[[54,43],[0,32]],[[80,48],[22,0]]]},
"G439": {"type": "Matrix2x2", "payoffs": [[[0,6],[30,43]],[[44,0],[46,62]]]},
"G440": {"type": "Matrix2x2", "payoffs": [[[15,34],[28,47]],[[20,0],[0,42]]]},
"G441": {"type": "Matrix2x2", "payoffs": [[[40,69],[23,42]],[[4,0],[0,10]]]},
"G442": {"type": "Matrix2x2", "payoffs": [[[4,0],[18,12]],[[8,3],[0,6]]]},
"G443": {"type": "Matrix2x2", "payoffs": [[[61,0],[0,7]],[[69,83],[40,1]]]},
"G444": {"type": "Matrix2x2", "payoffs": [[[0,4],[67,9]],[[65,0],[81,10]]]},
"G445": {"type": "Matrix2x2", "payoffs": [[[6,49],[2,0]],[[4,17],[0,43]]]},
"G446": {"type": "Matrix2x2", "payoffs": [[[2,0],[51,74]],[[0,1],[30,65]]]},
"G447": {"type": "Matrix2x2", "payoffs": [[[98,20],[0,13]],[[14,0],[46,15]]]},
"G448": {"type": "Matrix2x2", "payoffs": [[[19,10],[0,0]],[[55,67],[91,70]]]},
"G449": {"type": "Matrix2x2", "payoffs": [[[0,51],[20,0]],[[16,61],[39,88]]]},
"G450": {"type": "Matrix2x2", "payoffs": [[[40,87],[3,82]],[[0,47],[26,0]]]},
"G451": {"type": "Matrix2x2", "payoffs": [[[95,97],[0,74]],[[65,0],[36,33]]]},
"G452": {"type": "Matrix2x2", "payoffs": [[[0,45],[6,77]],[[22,82],[9,0]]]},
"G453": {"type": "Matrix2x2", "payoffs": [[[1,0],[47,9]],[[0,2],[44,7]]]},
"G454": {"type": "Matrix2x2", "payoffs": [[[0,4],[43,5]],[[34,0],[3,1]]]},
"G455": {"type": "Matrix2x2", "payoffs": [[[41,90],[39,14]],[[14,0],[0,56]]]},
"G456": {"type": "Matrix2x2", "payoffs": [[[9,1],[55,7]],[[0,5],[53,0]]]},
"G457": {"type": "Matrix2x2", "payoffs": [[[27,3],[28,1]],[[44,6],[0,0]]]},
"G458": {"type": "Matrix2x2", "payoffs": [[[0,10],[21,14]],[[16,6],[17,0]]]},
"G459": {"type": "Matrix2x2", "payoffs": [[[3,21],[2,1]],[[0,16],[1,0]]]},
"G460": {"type": "Matrix2x2", "payoffs": [[[42,0],[57,4]],[[38,3],[0,2]]]},
"G461": {"type": "Matrix2x2", "payoffs": [[[59,0],[77,30]],[[0,1],[89,82]]]},
"G462": {"type": "Matrix2x2", "payoffs": [[[35,100],[19,6]],[[0,5],[3,0]]]},
"G463": {"type": "Matrix2x2", "payoffs": [[[85,50],[10,0]],[[77,19],[0,40]]]},
"G464": {"type": "Matrix2x2", "payoffs": [[[0,38],[7,72]],[[2,0],[1,21]]]},
"G465": {"type": "Matrix2x2", "payoffs": [[[14,0],[15,23]],[[11,6],[0,13]]]},
"G466": {"type": "Matrix2x2", "payoffs": [[[0,0],[24,15]],[[39,2],[40,65]]]},
"G467": {"type": "Matrix2x2", "payoffs": [[[0,0],[27,74]],[[40,73],[43,91]]]},
"G468": {"type": "Matrix2x2", "payoffs": [[[55,4],[0,0]],[[74,22],[59,20]]]},
"G469": {"type": "Matrix2x2", "payoffs": [[[59,41],[13,67]],[[0,0],[69,72]]]},
"G470": {"type": "Matrix2x2", "payoffs": [[[0,53],[29,59]],[[12,0],[9,38]]]},
"G471": {"type": "Matrix2x2", "payoffs": [[[99,70],[43,46]],[[0,51],[90,0]]]},
"G472": {"type": "Matrix2x2", "payoffs": [[[2,0],[3,16]],[[4,33],[0,23]]]},
"G473": {"type": "Matrix2x2", "payoffs": [[[0,2],[13,4]],[[38,26],[16,0]]]},
"G474": {"type": "Matrix2x2", "payoffs": [[[84,35],[0,27]],[[39,0],[54,18]]]},
"G475": {"type": "Matrix2x2", "payoffs": [[[27,46],[29,82]],[[0,0],[7,59]]]},
"G476": {"type": "Matrix2x2", "payoffs": [[[51,0],[0,4]],[[23,39],[75,60]]]},
"G477": {"type": "Matrix2x2", "payoffs": [[[0,0],[15,3]],[[70,11],[11,10]]]},
"G478": {"type": "Matrix2x2", "payoffs": [[[0,0],[17,40]],[[13,19],[6,24]]]},
"G479": {"type": "Matrix2x2", "payoffs": [[[0,15],[30,64]],[[15,36],[28,0]]]},
"G480": {"type": "Matrix2x2", "payoffs": [[[57,56],[20,38]],[[30,0],[0,13]]]},
"G481": {"type": "Matrix2x2", "payoffs": [[[15,0],[9,1]],[[0,2],[23,3]]]},
"G482": {"type": "Matrix2x2", "payoffs": [[[13,3],[0,45]],[[81,51],[56,0]]]},
"G483": {"type": "Matrix2x2", "payoffs": [[[30,96],[2,36]],[[0,0],[14,34]]]},
"G484": {"type": "Matrix2x2", "payoffs": [[[49,23],[100,53]],[[45,0],[0,48]]]},
"G485": {"type": "Matrix2x2", "payoffs": [[[85,68],[0,24]],[[59,0],[18,16]]]},
"G486": {"type": "Matrix2x2", "payoffs": [[[23,12],[0,1]],[[27,19],[20,0]]]},
"G487": {"type": "Matrix2x2", "payoffs": [[[0,24],[21,29]],[[20,0],[16,16]]]},
"G488": {"type": "Matrix2x2", "payoffs": [[[96,63],[8,10]],[[13,18],[0,0]]]},
"G489": {"type": "Matrix2x2", "payoffs": [[[28,0],[54,27]],[[66,50],[0,24]]]},
"G490": {"type": "Matrix2x2", "payoffs": [[[18,38],[3,0]],[[0,2],[2,36]]]},
"G491": {"type": "Matrix2x2", "payoffs": [[[2,13],[0,0]],[[7,60],[5,16]]]},
"G492": {"type": "Matrix2x2", "payoffs": [[[9,0],[51,53]],[[0,1],[32,41]]]},
"G493": {"type": "Matrix2x2", "payoffs": [[[0,8],[41,19]],[[72,49],[65,0]]]},
"G494": {"type": "Matrix2x2", "payoffs": [[[0,49],[3,0]],[[13,59],[76,96]]]},
"G495": {"type": "Matrix2x2", "payoffs": [[[42,5],[0,0]],[[26,50],[43,66]]]},
"G496": {"type": "Matrix2x2", "payoffs": [[[7,48],[12,0]],[[0,40],[28,52]]]},
"G497": {"type": "Matrix2x2", "payoffs": [[[0,0],[17,60]],[[88,74],[14,58]]]},
"G498": {"type": "Matrix2x2", "payoffs": [[[10,0],[0,7]],[[11,18],[12,64]]]},
"G499": {"type": "Matrix2x2", "payoffs": [[[85,70],[0,26]],[[78,0],[3,46]]]},
"G500": {"type": "Matrix2x2", "payoffs": [[[65,59],[87,0]],[[94,84],[0,42]]]},
"G501": {"type": "Matrix2x2", "payoffs": [[[20,8],[60,59]],[[0,0],[42,43]]]},
"G502": {"type": "Matrix2x2", "payoffs": [[[61,9],[77,87]],[[18,0],[0,29]]]},
"G503": {"type": "Matrix2x2", "payoffs": [[[62,0],[69,9]],[[16,8],[0,6]]]},
"G504": {"type": "Matrix2x2", "payoffs": [[[59,97],[0,0]],[[55,89],[3,13]]]},
"G505": {"type": "Matrix2x2", "payoffs": [[[43,47],[25,23]],[[0,0],[18,14]]]},
"G506": {"type": "Matrix2x2", "payoffs": [[[24,4],[43,53]],[[30,0],[0,34]]]},
"G507": {"type": "Matrix2x2", "payoffs": [[[2,0],[3,98]],[[0,82],[1,33]]]},
"G508": {"type": "Matrix2x2", "payoffs": [[[0,57],[74,73]],[[27,26],[66,0]]]},
"G509": {"type": "Matrix2x2", "payoffs": [[[74,0],[67,7]],[[84,8],[0,1]]]},
"G510": {"type": "Matrix2x2", "payoffs": [[[0,9],[47,62]],[[33,41],[32,0]]]},
"G511": {"type": "Matrix2x2", "payoffs": [[[5,9],[3,4]],[[0,0],[1,8]]]},
"G512": {"type": "Matrix2x2", "payoffs": [[[23,0],[24,58]],[[18,16],[0,6]]]},
"G513": {"type": "Matrix2x2", "payoffs": [[[17,19],[0,17]],[[7,0],[52,25]]]},
"G514": {"type": "Matrix2x2", "payoffs": [[[43,84],[0,30]],[[22,0],[15,63]]]},
"G515": {"type": "Matrix2x2", "payoffs": [[[27,67],[85,72]],[[38,41],[0,0]]]},
"G516": {"type": "Matrix2x2", "payoffs": [[[2,4],[0,10]],[[39,12],[25,0]]]},
"G517": {"type": "Matrix2x2", "payoffs": [[[0,9],[74,46]],[[48,40],[31,0]]]},
"G518": {"type": "Matrix2x2", "payoffs": [[[0,31],[72,40]],[[13,0],[41,18]]]},
"G519": {"type": "Matrix2x2", "payoffs": [[[39,0],[0,63]],[[41,78],[38,55]]]},
"G520": {"type": "Matrix2x2", "payoffs": [[[0,65],[69,96]],[[4,73],[44,0]]]},
"G521": {"type": "Matrix2x2", "payoffs": [[[80,5],[34,4]],[[0,1],[50,0]]]},
"G522": {"type": "Matrix2x2", "payoffs": [[[61,76],[35,0]],[[0,57],[24,69]]]},
"G523": {"type": "Matrix2x2", "payoffs": [[[27,0],[0,5]],[[17,38],[92,44]]]},
"G524": {"type": "Matrix2x2", "payoffs": [[[0,47],[6,23]],[[5,0],[9,62]]]},
"G525": {"type": "Matrix2x2", "payoffs": [[[8,52],[0,33]],[[4,0],[9,77]]]},
"G526": {"type": "Matrix2x2", "payoffs": [[[1,10],[5,95]],[[0,0],[7,98]]]},
"G527": {"type": "Matrix2x2", "payoffs": [[[4,56],[0,77]],[[79,83],[53,0]]]},
"G528": {"type": "Matrix2x2", "payoffs": [[[53,56],[40,0]],[[23,5],[0,6]]]},
"G529": {"type": "Matrix2x2", "payoffs": [[[9,9],[4,20]],[[30,27],[0,0]]]},
"G530": {"type": "Matrix2x2", "payoffs": [[[37,2],[0,6]],[[73,7],[10,0]]]},
"G531": {"type": "Matrix2x2", "payoffs": [[[34,5],[0,11]],[[29,0],[38,36]]]},
"G532": {"type": "Matrix2x2", "payoffs": [[[13,0],[57,29]],[[0,22],[65,54]]]},
"G533": {"type": "Matrix2x2", "payoffs": [[[34,0],[37,12]],[[42,28],[0,23]]]},
"G534": {"type": "Matrix2x2", "payoffs": [[[21,0],[49,34]],[[0,27],[44,31]]]},
"G535": {"type": "Matrix2x2", "payoffs": [[[0,0],[44,17]],[[66,52],[7,31]]]},
"G536": {"type": "Matrix2x2", "payoffs": [[[71,59],[73,93]],[[0,0],[67,54]]]},
"G537": {"type": "Matrix2x2", "payoffs": [[[0,0],[41,13]],[[79,49],[21,14]]]},
"G538": {"type": "Matrix2x2", "payoffs": [[[5,8],[7,0]],[[0,13],[20,94]]]},
"G539": {"type": "Matrix2x2", "payoffs": [[[22,43],[0,27]],[[24,0],[48,51]]]},
"G540": {"type": "Matrix2x2", "payoffs": [[[10,0],[25,8]],[[0,23],[53,41]]]},
"G541": {"type": "Matrix2x2", "payoffs": [[[6,38],[7,35]],[[11,40],[0,0]]]},
"G542": {"type": "Matrix2x2", "payoffs": [[[11,59],[9,23]],[[3,0],[0,30]]]},
"G543": {"type": "Matrix2x2", "payoffs": [[[52,0],[0,6]],[[56,28],[98,34]]]},
"G544": {"type": "Matrix2x2", "payoffs": [[[58,4],[74,12]],[[18,3],[0,0]]]},
"G545": {"type": "Matrix2x2", "payoffs": [[[0,0],[16,2]],[[17,13],[12,1]]]},
"G546": {"type": "Matrix2x2", "payoffs": [[[5,43],[13,0]],[[54,62],[0,21]]]},
"G547": {"type": "Matrix2x2", "payoffs": [[[2,14],[0,0]],[[90,25],[72,19]]]},
"G548": {"type": "Matrix2x2", "payoffs": [[[12,83],[3,9]],[[0,0],[1,2]]]},
"G549": {"type": "Matrix2x2", "payoffs": [[[47,1],[53,3]],[[0,2],[38,0]]]},
"G550": {"type": "Matrix2x2", "payoffs": [[[23,57],[41,50]],[[0,0],[69,66]]]},
"G551": {"type": "Matrix2x2", "payoffs": [[[0,10],[42,23]],[[48,25],[6,0]]]},
"G552": {"type": "Matrix2x2", "payoffs": [[[0,0],[15,32]],[[70,40],[34,10]]]},
"G553": {"type": "Matrix2x2", "payoffs": [[[48,0],[17,14]],[[50,77],[0,74]]]},
"G554": {"type": "Matrix2x2", "payoffs": [[[6,12],[45,13]],[[0,4],[14,0]]]},
"G555": {"type": "Matrix2x2", "payoffs": [[[61,0],[99,4]],[[48,1],[0,3]]]},
"G556": {"type": "Matrix2x2", "payoffs": [[[0,38],[52,51]],[[34,0],[26,31]]]},
"G557": {"type": "Matrix2x2", "payoffs": [[[23,20],[13,0]],[[0,3],[30,23]]]},
"G558": {"type": "Matrix2x2", "payoffs": [[[0,3],[84,76]],[[38,0],[48,13]]]},
"G559": {"type": "Matrix2x2", "payoffs": [[[0,21],[10,12]],[[36,27],[23,0]]]},
"G560": {"type": "Matrix2x2", "payoffs": [[[4,0],[2,6]],[[0,7],[5,17]]]},
"G561": {"type": "Matrix2x2", "payoffs": [[[0,0],[28,1]],[[81,4],[4,3]]]},
"G562": {"type": "Matrix2x2", "payoffs": [[[12,7],[18,36]],[[0,0],[17,8]]]},
"G563": {"type": "Matrix2x2", "payoffs": [[[2,0],[3,13]],[[0,1],[1,12]]]},
"G564": {"type": "Matrix2x2", "payoffs": [[[35,51],[73,0]],[[83,68],[0,42]]]},
"G565": {"type": "Matrix2x2", "payoffs": [[[10,0],[9,4]],[[12,7],[0,6]]]},
"G566": {"type": "Matrix2x2", "payoffs": [[[95,26],[0,16]],[[56,0],[31,4]]]},
"G567": {"type": "Matrix2x2", "payoffs": [[[75,62],[0,16]],[[54,31],[53,0]]]},
"G568": {"type": "Matrix2x2", "payoffs": [[[2,33],[0,0]],[[4,32],[6,40]]]},
"G569": {"type": "Matrix2x2", "payoffs": [[[16,0],[25,18]],[[7,9],[0,12]]]},
"G570": {"type": "Matrix2x2", "payoffs": [[[1,0],[13,31]],[[9,2],[0,30]]]},
"G571": {"type": "Matrix2x2", "payoffs": [[[63,8],[0,2]],[[39,0],[69,30]]]},
"G572": {"type": "Matrix2x2", "payoffs": [[[56,4],[81,24]],[[53,17],[0,0]]]},
"G573": {"type": "Matrix2x2", "payoffs": [[[48,30],[37,0]],[[0,3],[7,11]]]},
"G574": {"type": "Matrix2x2", "payoffs": [[[0,4],[16,72]],[[6,0],[10,14]]]},
"G575": {"type": "Matrix2x2", "payoffs": [[[87,10],[0,0]],[[16,38],[97,40]]]},
"G576": {"type": "Matrix2x2", "payoffs": [[[0,10],[7,0]],[[34,17],[32,9]]]},
"G577": {"type": "Matrix2x2", "payoffs": [[[76,14],[42,8]],[[47,0],[0,2]]]},
"G578": {"type": "Matrix2x2", "payoffs": [[[24,1],[0,2]],[[62,0],[63,7]]]},
"G579": {"type": "Matrix2x2", "payoffs": [[[1,0],[10,40]],[[9,34],[0,4]]]},
"G580": {"type": "Matrix2x2", "payoffs": [[[0,0],[7,43]],[[13,22],[37,83]]]},
"G581": {"type": "Matrix2x2", "payoffs": [[[64,28],[0,55]],[[73,0],[96,80]]]},
"G582": {"type": "Matrix2x2", "payoffs": [[[93,89],[72,0]],[[18,28],[0,74]]]},
"G583": {"type": "Matrix2x2", "payoffs": [[[9,0],[78,11]],[[24,4],[0,5]]]},
"G584": {"type": "Matrix2x2", "payoffs": [[[15,86],[11,38]],[[0,0],[4,20]]]},
"G585": {"type": "Matrix2x2", "payoffs": [[[0,1],[10,0]],[[21,2],[30,4]]]},
"G586": {"type": "Matrix2x2", "payoffs": [[[12,32],[0,24]],[[4,0],[8,7]]]},
"G587": {"type": "Matrix2x2", "payoffs": [[[35,6],[53,0]],[[0,12],[72,45]]]},
"G588": {"type": "Matrix2x2", "payoffs": [[[75,9],[0,0]],[[95,19],[33,4]]]},
"G589": {"type": "Matrix2x2", "payoffs": [[[78,8],[15,0]],[[13,5],[0,7]]]},
"G590": {"type": "Matrix2x2", "payoffs": [[[0,42],[3,32]],[[100,86],[19,0]]]},
"G591": {"type": "Matrix2x2", "payoffs": [[[5,0],[0,8]],[[21,14],[13,13]]]},
"G592": {"type": "Matrix2x2", "payoffs": [[[2,0],[0,16]],[[16,12],[18,23]]]},
"G593": {"type": "Matrix2x2", "payoffs": [[[0,13],[96,44]],[[3,0],[69,4]]]},
"G594": {"type": "Matrix2x2", "payoffs": [[[86,43],[0,38]],[[28,30],[64,0]]]},
"G595": {"type": "Matrix2x2", "payoffs": [[[92,4],[0,0]],[[25,5],[97,25]]]},
"G596": {"type": "Matrix2x2", "payoffs": [[[55,13],[23,6]],[[1,10],[0,0]]]},
"G597": {"type": "Matrix2x2", "payoffs": [[[30,26],[49,0]],[[0,17],[74,84]]]},
"G598": {"type": "Matrix2x2", "payoffs": [[[33,0],[92,32]],[[63,24],[0,2]]]},
"G599": {"type": "Matrix2x2", "payoffs": [[[0,45],[41,56]],[[35,20],[33,0]]]},
"G600": {"type": "Matrix2x2", "payoffs": [[[37,31],[85,42]],[[75,36],[0,0]]]},
"G601": {"type": "Matrix2x2", "payoffs": [[[45,11],[81,35]],[[43,13],[0,0]]]},
"G602": {"type": "Matrix2x2", "payoffs": [[[0,26],[4,68]],[[1,27],[2,0]]]},
"G603": {"type": "Matrix2x2", "payoffs": [[[33,18],[55,37]],[[0,17],[29,0]]]},
"G604": {"type": "Matrix2x2", "payoffs": [[[12,0],[0,62]],[[13,5],[80,64]]]},
"G605": {"type": "Matrix2x2", "payoffs": [[[15,0],[23,24]],[[80,38],[0,4]]]},
"G606": {"type": "Matrix2x2", "payoffs": [[[65,34],[0,25]],[[21,33],[9,0]]]},
"G607": {"type": "Matrix2x2", "payoffs": [[[57,3],[87,24]],[[38,0],[0,12]]]},
"G608": {"type": "Matrix2x2", "payoffs": [[[0,1],[1,0]],[[43,31],[88,35]]]},
"G609": {"type": "Matrix2x2", "payoffs": [[[10,43],[12,76]],[[0,0],[3,14]]]},
"G610": {"type": "Matrix2x2", "payoffs": [[[45,76],[25,66]],[[0,20],[27,0]]]},
"G611": {"type": "Matrix2x2", "payoffs": [[[23,33],[38,38]],[[8,18],[0,0]]]},
"G612": {"type": "Matrix2x2", "payoffs": [[[40,76],[0,32]],[[12,65],[14,0]]]},
"G613": {"type": "Matrix2x2", "payoffs": [[[0,0],[2,37]],[[3,44],[4,49]]]},
"G614": {"type": "Matrix2x2", "payoffs": [[[52,1],[88,3]],[[89,6],[0,0]]]},
"G615": {"type": "Matrix2x2", "payoffs": [[[8,0],[12,19]],[[27,62],[0,3]]]},
"G616": {"type": "Matrix2x2", "payoffs": [[[93,62],[5,0]],[[64,23],[0,17]]]},
"G617": {"type": "Matrix2x2", "payoffs": [[[0,0],[36,8]],[[30,16],[59,77]]]},
"G618": {"type": "Matrix2x2", "payoffs": [[[31,0],[62,8]],[[0,40],[82,44]]]},
"G619": {"type": "Matrix2x2", "payoffs": [[[0,0],[28,5]],[[39,7],[43,13]]]},
"G620": {"type": "Matrix2x2", "payoffs": [[[32,93],[20,54]],[[0,0],[41,94]]]},
"G621": {"type": "Matrix2x2", "payoffs": [[[0,70],[6,76]],[[60,85],[29,0]]]},
"G622": {"type": "Matrix2x2", "payoffs": [[[3,66],[4,0]],[[5,83],[0,8]]]},
"G623": {"type": "Matrix2x2", "payoffs": [[[29,85],[0,0]],[[68,86],[19,3]]]},
"G624": {"type": "Matrix2x2", "payoffs": [[[31,41],[0,0]],[[43,14],[59,44]]]},
"G625": {"type": "Matrix2x2", "payoffs": [[[3,0],[0,35]],[[32,36],[2,19]]]},
"G626": {"type": "Matrix2x2", "payoffs": [[[1,12],[55,42]],[[42,16],[0,0]]]},
"G627": {"type": "Matrix2x2", "payoffs": [[[14,0],[9,90]],[[0,71],[69,99]]]},
"G628": {"type": "Matrix2x2", "payoffs": [[[70,40],[0,24]],[[39,0],[28,34]]]},
"G629": {"type": "Matrix2x2", "payoffs": [[[0,0],[63,56]],[[6,17],[15,7]]]},
"G630": {"type": "Matrix2x2", "payoffs": [[[0,0],[89,39]],[[34,7],[12,12]]]},
"G631": {"type": "Matrix2x2", "payoffs": [[[0,3],[18,1]],[[45,48],[34,0]]]},
"G632": {"type": "Matrix2x2", "payoffs": [[[0,21],[16,0]],[[6,22],[89,25]]]},
"G633": {"type": "Matrix2x2", "payoffs": [[[30,0],[79,37]],[[6,12],[0,36]]]},
"G634": {"type": "Matrix2x2", "payoffs": [[[1,20],[0,8]],[[39,39],[31,0]]]},
"G635": {"type": "Matrix2x2", "payoffs": [[[46,84],[10,83]],[[0,42],[26,0]]]},
"G636": {"type": "Matrix2x2", "payoffs": [[[18,79],[13,38]],[[17,74],[0,0]]]},
"G637": {"type": "Matrix2x2", "payoffs": [[[23,21],[0,30]],[[12,0],[69,35]]]},
"G638": {"type": "Matrix2x2", "payoffs": [[[62,66],[8,0]],[[28,35],[0,8]]]},
"G639": {"type": "Matrix2x2", "payoffs": [[[25,49],[0,0]],[[2,29],[30,72]]]},
"G640": {"type": "Matrix2x2", "payoffs": [[[7,0],[17,10]],[[0,4],[50,11]]]},
"G641": {"type": "Matrix2x2", "payoffs": [[[89,34],[0,11]],[[7,0],[5,26]]]},
"G642": {"type": "Matrix2x2", "payoffs": [[[0,33],[19,12]],[[15,0],[21,39]]]},
"G643": {"type": "Matrix2x2", "payoffs": [[[8,0],[0,12]],[[17,10],[32,15]]]},
"G644": {"type": "Matrix2x2", "payoffs": [[[34,69],[0,15]],[[1,0],[29,16]]]},
"G645": {"type": "Matrix2x2", "payoffs": [[[39,50],[52,70]],[[35,55],[0,0]]]},
"G646": {"type": "Matrix2x2", "payoffs": [[[0,0],[12,18]],[[84,47],[79,24]]]},
"G647": {"type": "Matrix2x2", "payoffs": [[[4,2],[62,3]],[[42,0],[0,1]]]},
"G648": {"type": "Matrix2x2", "payoffs": [[[4,30],[0,5]],[[5,0],[10,72]]]},
"G649": {"type": "Matrix2x2", "payoffs": [[[30,43],[21,28]],[[0,0],[15,21]]]},
"G650": {"type": "Matrix2x2", "payoffs": [[[29,20],[35,23]],[[5,11],[0,0]]]},
"G651": {"type": "Matrix2x2", "payoffs": [[[6,0],[21,34]],[[0,12],[13,11]]]},
"G652": {"type": "Matrix2x2", "payoffs": [[[21,56],[0,0]],[[36,68],[31,23]]]},
"G653": {"type": "Matrix2x2", "payoffs": [[[64,0],[27,8]],[[76,38],[0,29]]]},
"G654": {"type": "Matrix2x2", "payoffs": [[[54,40],[34,17]],[[12,0],[0,7]]]},
"G655": {"type": "Matrix2x2", "payoffs": [[[27,51],[0,21]],[[40,65],[17,0]]]},
"G656": {"type": "Matrix2x2", "payoffs": [[[19,0],[39,6]],[[0,1],[28,2]]]},
"G657": {"type": "Matrix2x2", "payoffs": [[[40,0],[0,7]],[[79,51],[2,27]]]},
"G658": {"type": "Matrix2x2", "payoffs": [[[29,34],[0,1]],[[98,69],[93,0]]]},
"G659": {"type": "Matrix2x2", "payoffs": [[[19,17],[0,6]],[[11,14],[7,0]]]},
"G660": {"type": "Matrix2x2", "payoffs": [[[0,3],[20,0]],[[22,31],[2,10]]]},
"G661": {"type": "Matrix2x2", "payoffs": [[[90,20],[0,0]],[[35,3],[52,4]]]},
"G662": {"type": "Matrix2x2", "payoffs": [[[37,79],[4,45]],[[0,28],[13,0]]]},
"G663": {"type": "Matrix2x2", "payoffs": [[[0,0],[57,100]],[[51,20],[31,47]]]},
"G664": {"type": "Matrix2x2", "payoffs": [[[51,0],[39,36]],[[0,54],[64,60]]]},
"G665": {"type": "Matrix2x2", "payoffs": [[[0,33],[42,52]],[[49,62],[6,0]]]},
"G666": {"type": "Matrix2x2", "payoffs": [[[9,53],[0,0]],[[27,80],[8,78]]]},
"G667": {"type": "Matrix2x2", "payoffs": [[[64,22],[62,0]],[[85,38],[0,18]]]},
"G668": {"type": "Matrix2x2", "payoffs": [[[70,20],[0,40]],[[72,81],[55,0]]]},
"G669": {"type": "Matrix2x2", "payoffs": [[[0,0],[37,18]],[[64,35],[87,37]]]},
"G670": {"type": "Matrix2x2", "payoffs": [[[58,44],[35,0]],[[31,19],[0,18]]]},
"G671": {"type": "Matrix2x2", "payoffs": [[[60,93],[0,18]],[[25,91],[11,0]]]},
"G672": {"type": "Matrix2x2", "payoffs": [[[13,0],[0,19]],[[10,3],[65,34]]]},
"G673": {"type": "Matrix2x2", "payoffs": [[[0,27],[80,0]],[[88,32],[38,20]]]},
"G674": {"type": "Matrix2x2", "payoffs": [[[3,11],[0,10]],[[2,1],[1,0]]]},
"G675": {"type": "Matrix2x2", "payoffs": [[[0,50],[67,0]],[[100,74],[86,23]]]},
"G676": {"type": "Matrix2x2", "payoffs": [[[84,5],[23,3]],[[73,2],[0,0]]]},
"G677": {"type": "Matrix2x2", "payoffs": [[[51,40],[0,6]],[[21,20],[31,0]]]},
"G678": {"type": "Matrix2x2", "payoffs": [[[1,0],[0,34]],[[3,74],[2,15]]]},
"G679": {"type": "Matrix2x2", "payoffs": [[[15,75],[5,0]],[[31,77],[0,16]]]},
"G680": {"type": "Matrix2x2", "payoffs": [[[24,0],[51,44]],[[17,20],[0,23]]]},
"G681": {"type": "Matrix2x2", "payoffs": [[[7,11],[28,0]],[[0,18],[53,90]]]},
"G682": {"type": "Matrix2x2", "payoffs": [[[0,0],[9,49]],[[14,84],[19,95]]]},
"G683": {"type": "Matrix2x2", "payoffs": [[[30,35],[0,20]],[[6,24],[14,0]]]},
"G684": {"type": "Matrix2x2", "payoffs": [[[15,6],[16,0]],[[18,36],[0,7]]]},
"G685": {"type": "Matrix2x2", "payoffs": [[[28,78],[0,0]],[[24,49],[27,61]]]},
"G686": {"type": "Matrix2x2", "payoffs": [[[0,26],[62,73]],[[40,0],[4,49]]]},
"G687": {"type": "Matrix2x2", "payoffs": [[[41,0],[46,74]],[[15,59],[0,71]]]},
"G688": {"type": "Matrix2x2", "payoffs": [[[23,0],[12,63]],[[0,24],[27,73]]]},
"G689": {"type": "Matrix2x2", "payoffs": [[[0,33],[9,26]],[[33,0],[38,40]]]},
"G690": {"type": "Matrix2x2", "payoffs": [[[68,0],[0,45]],[[45,18],[75,80]]]},
"G691": {"type": "Matrix2x2", "payoffs": [[[93,49],[44,5]],[[88,0],[0,43]]]},
"G692": {"type": "Matrix2x2", "payoffs": [[[54,24],[41,0]],[[0,18],[60,26]]]},
"G693": {"type": "Matrix2x2", "payoffs": [[[1,0],[0,19]],[[50,65],[48,6]]]},
"G694": {"type": "Matrix2x2", "payoffs": [[[43,49],[59,0]],[[82,86],[0,46]]]},
"G695": {"type": "Matrix2x2", "payoffs": [[[19,57],[6,48]],[[0,0],[26,75]]]},
"G696": {"type": "Matrix2x2", "payoffs": [[[98,38],[100,42]],[[0,0],[82,39]]]},
"G697": {"type": "Matrix2x2", "payoffs": [[[35,87],[64,89]],[[52,0],[0,7]]]},
"G698": {"type": "Matrix2x2", "payoffs": [[[27,0],[24,1]],[[37,72],[0,60]]]},
"G699": {"type": "Matrix2x2", "payoffs": [[[0,22],[59,0]],[[60,27],[32,23]]]},
"G700": {"type": "Matrix2x2", "payoffs": [[[0,36],[1,0]],[[2,32],[3,46]]]},
"G701": {"type": "Matrix2x2", "payoffs": [[[30,81],[0,63]],[[1,0],[24,39]]]},
"G702": {"type": "Matrix2x2", "payoffs": [[[27,0],[44,30]],[[0,14],[35,15]]]},
"G703": {"type": "Matrix2x2", "payoffs": [[[10,0],[0,20]],[[30,10],[46,23]]]},
"G704": {"type": "Matrix2x2", "payoffs": [[[31,6],[30,3]],[[28,5],[0,0]]]},
"G705": {"type": "Matrix2x2", "payoffs": [[[41,0],[80,71]],[[55,10],[0,16]]]},
"G706": {"type": "Matrix2x2", "payoffs": [[[26,9],[0,4]],[[32,0],[45,10]]]},
"G707": {"type": "Matrix2x2", "payoffs": [[[9,86],[3,0]],[[0,59],[7,32]]]},
"G708": {"type": "Matrix2x2", "payoffs": [[[87,63],[0,0]],[[33,5],[50,46]]]},
"G709": {"type": "Matrix2x2", "payoffs": [[[36,62],[35,61]],[[0,0],[4,6]]]},
"G710": {"type": "Matrix2x2", "payoffs": [[[6,18],[12,52]],[[0,9],[9,0]]]},
"G711": {"type": "Matrix2x2", "payoffs": [[[9,0],[2,43]],[[0,75],[15,76]]]},
"G712": {"type": "Matrix2x2", "payoffs": [[[10,36],[6,8]],[[0,25],[7,0]]]},
"G713": {"type": "Matrix2x2", "payoffs": [[[96,20],[85,2]],[[0,0],[14,5]]]},
"G714": {"type": "Matrix2x2", "payoffs": [[[0,0],[36,59]],[[24,43],[100,66]]]},
"G715": {"type": "Matrix2x2", "payoffs": [[[54,31],[0,25]],[[34,7],[10,0]]]},
"G716": {"type": "Matrix2x2", "payoffs": [[[10,0],[0,35]],[[5,50],[100,93]]]},
"G717": {"type": "Matrix2x2", "payoffs": [[[99,78],[71,0]],[[0,12],[74,71]]]},
"G718": {"type": "Matrix2x2", "payoffs": [[[30,25],[55,40]],[[0,0],[41,7]]]},
"G719": {"type": "Matrix2x2", "payoffs": [[[0,0],[47,27]],[[87,28],[11,25]]]},
"G720": {"type": "Matrix2x2", "payoffs": [[[0,12],[66,0]],[[75,41],[73,31]]]},
"G721": {"type": "Matrix2x2", "payoffs": [[[60,0],[86,31]],[[0,27],[39,29]]]},
"G722": {"type": "Matrix2x2", "payoffs": [[[70,58],[40,50]],[[26,0],[0,40]]]},
"G723": {"type": "Matrix2x2", "payoffs": [[[92,54],[37,27]],[[79,2],[0,0]]]},
"G724": {"type": "Matrix2x2", "payoffs": [[[0,0],[5,16]],[[16,47],[12,37]]]},
"G725": {"type": "Matrix2x2", "payoffs": [[[3,2],[97,21]],[[0,0],[38,7]]]},
"G726": {"type": "Matrix2x2", "payoffs": [[[20,0],[0,2]],[[12,23],[52,36]]]},
"G727": {"type": "Matrix2x2", "payoffs": [[[28,15],[0,8]],[[21,0],[6,13]]]},
"G728": {"type": "Matrix2x2", "payoffs": [[[0,6],[19,0]],[[24,4],[66,19]]]},
"G729": {"type": "Matrix2x2", "payoffs": [[[16,0],[23,4]],[[0,12],[34,54]]]},
"G730": {"type": "Matrix2x2", "payoffs": [[[0,14],[69,0]],[[28,4],[83,55]]]},
"G731": {"type": "Matrix2x2", "payoffs": [[[0,12],[70,67]],[[59,53],[14,0]]]},
"G732": {"type": "Matrix2x2", "payoffs": [[[4,1],[32,42]],[[14,0],[0,21]]]},
"G733": {"type": "Matrix2x2", "payoffs": [[[1,67],[0,23]],[[42,0],[44,86]]]},
"G734": {"type": "Matrix2x2", "payoffs": [[[3,10],[11,29]],[[0,0],[48,32]]]},
"G735": {"type": "Matrix2x2", "payoffs": [[[1,88],[9,0]],[[0,75],[12,94]]]},
"G736": {"type": "Matrix2x2", "payoffs": [[[19,37],[16,0]],[[14,15],[0,19]]]},
"G737": {"type": "Matrix2x2", "payoffs": [[[44,4],[100,6]],[[82,0],[0,2]]]},
"G738": {"type": "Matrix2x2", "payoffs": [[[98,81],[0,63]],[[84,73],[22,0]]]},
"G739": {"type": "Matrix2x2", "payoffs": [[[7,55],[6,44]],[[2,18],[0,0]]]},
"G740": {"type": "Matrix2x2", "payoffs": [[[13,25],[0,0]],[[9,2],[14,38]]]},
"G741": {"type": "Matrix2x2", "payoffs": [[[1,45],[39,82]],[[0,0],[22,27]]]},
"G742": {"type": "Matrix2x2", "payoffs": [[[6,0],[1,45]],[[0,26],[76,51]]]},
"G743": {"type": "Matrix2x2", "payoffs": [[[0,32],[2,10]],[[3,67],[1,0]]]},
"G744": {"type": "Matrix2x2", "payoffs": [[[7,35],[0,39]],[[33,46],[29,0]]]},
"G745": {"type": "Matrix2x2", "payoffs": [[[29,46],[40,80]],[[0,6],[32,0]]]},
"G746": {"type": "Matrix2x2", "payoffs": [[[17,17],[58,18]],[[0,11],[9,0]]]},
"G747": {"type": "Matrix2x2", "payoffs": [[[13,21],[58,23]],[[0,0],[19,8]]]},
"G748": {"type": "Matrix2x2", "payoffs": [[[31,0],[40,55]],[[5,51],[0,12]]]},
"G749": {"type": "Matrix2x2", "payoffs": [[[24,0],[0,11]],[[50,33],[7,21]]]},
"G750": {"type": "Matrix2x2", "payoffs": [[[0,0],[6,7]],[[13,93],[9,91]]]},
"G751": {"type": "Matrix2x2", "payoffs": [[[70,84],[65,41]],[[0,0],[7,61]]]},
"G752": {"type": "Matrix2x2", "payoffs": [[[99,40],[69,30]],[[22,0],[0,26]]]},
"G753": {"type": "Matrix2x2", "payoffs": [[[0,56],[47,0]],[[79,80],[42,23]]]},
"G754": {"type": "Matrix2x2", "payoffs": [[[5,7],[0,0]],[[7,15],[2,6]]]},
"G755": {"type": "Matrix2x2", "payoffs": [[[0,24],[71,29]],[[15,17],[29,0]]]},
"G756": {"type": "Matrix2x2", "payoffs": [[[65,22],[31,0]],[[12,10],[0,19]]]},
"G757": {"type": "Matrix2x2", "payoffs": [[[23,15],[0,0]],[[20,14],[86,58]]]},
"G758": {"type": "Matrix2x2", "payoffs": [[[96,16],[2,10]],[[48,1],[0,0]]]},
"G759": {"type": "Matrix2x2", "payoffs": [[[81,96],[0,18]],[[15,0],[73,7]]]},
"G760": {"type": "Matrix2x2", "payoffs": [[[0,2],[49,5]],[[3,1],[31,0]]]},
"G761": {"type": "Matrix2x2", "payoffs": [[[9,86],[3,14]],[[5,0],[0,42]]]},
"G762": {"type": "Matrix2x2", "payoffs": [[[60,13],[97,22]],[[0,8],[44,0]]]},
"G763": {"type": "Matrix2x2", "payoffs": [[[77,94],[7,64]],[[0,15],[26,0]]]},
"G764": {"type": "Matrix2x2", "payoffs": [[[1,23],[0,0]],[[7,29],[13,42]]]},
"G765": {"type": "Matrix2x2", "payoffs": [[[2,7],[21,0]],[[53,19],[0,6]]]},
"G766": {"type": "Matrix2x2", "payoffs": [[[1,32],[0,0]],[[5,16],[7,61]]]},
"G767": {"type": "Matrix2x2", "payoffs": [[[0,0],[12,9]],[[55,45],[25,8]]]},
"G768": {"type": "Matrix2x2", "payoffs": [[[27,66],[47,80]],[[0,53],[13,0]]]},
"G769": {"type": "Matrix2x2", "payoffs": [[[31,16],[0,1]],[[83,17],[3,0]]]},
"G770": {"type": "Matrix2x2", "payoffs": [[[36,29],[38,76]],[[33,3],[0,0]]]},
"G771": {"type": "Matrix2x2", "payoffs": [[[3,37],[1,33]],[[2,0],[0,14]]]},
"G772": {"type": "Matrix2x2", "payoffs": [[[12,15],[16,61]],[[0,0],[4,13]]]},
"G773": {"type": "Matrix2x2", "payoffs": [[[3,23],[2,0]],[[1,18],[0,11]]]},
"G774": {"type": "Matrix2x2", "payoffs": [[[38,0],[0,49]],[[83,61],[68,29]]]},
"G775": {"type": "Matrix2x2", "payoffs": [[[98,9],[0,0]],[[2,3],[26,7]]]},
"G776": {"type": "Matrix2x2", "payoffs": [[[18,68],[31,86]],[[13,0],[0,64]]]},
"G777": {"type": "Matrix2x2", "payoffs": [[[11,16],[84,97]],[[0,0],[83,51]]]},
"G778": {"type": "Matrix2x2", "payoffs": [[[11,7],[0,2]],[[1,6],[10,0]]]},
"G779": {"type": "Matrix2x2", "payoffs": [[[16,1],[20,15]],[[35,19],[0,0]]]},
"G780": {"type": "Matrix2x2", "payoffs": [[[36,0],[12,5]],[[0,15],[37,72]]]},
"G781": {"type": "Matrix2x2", "payoffs": [[[43,10],[36,2]],[[0,0],[48,14]]]},
"G782": {"type": "Matrix2x2", "payoffs": [[[12,0],[18,59]],[[0,10],[90,61]]]},
"G783": {"type": "Matrix2x2", "payoffs": [[[16,4],[5,3]],[[7,0],[0,2]]]},
"G784": {"type": "Matrix2x2", "payoffs": [[[47,68],[0,0]],[[18,58],[44,52]]]},
"G785": {"type": "Matrix2x2", "payoffs": [[[94,31],[95,98]],[[0,4],[14,0]]]},
"G786": {"type": "Matrix2x2", "payoffs": [[[0,3],[57,6]],[[14,5],[27,0]]]},
"G787": {"type": "Matrix2x2", "payoffs": [[[2,0],[0,29]],[[37,9],[50,50]]]},
"G788": {"type": "Matrix2x2", "payoffs": [[[10,49],[5,10]],[[8,18],[0,0]]]},
"G789": {"type": "Matrix2x2", "payoffs": [[[1,80],[0,53]],[[36,93],[11,0]]]},
"G790": {"type": "Matrix2x2", "payoffs": [[[7,0],[0,40]],[[4,8],[37,53]]]},
"G791": {"type": "Matrix2x2", "payoffs": [[[84,46],[0,25]],[[66,0],[8,10]]]},
"G792": {"type": "Matrix2x2", "payoffs": [[[16,0],[0,10]],[[24,12],[23,2]]]},
"G793": {"type": "Matrix2x2", "payoffs": [[[84,82],[0,20]],[[14,0],[51,62]]]},
"G794": {"type": "Matrix2x2", "payoffs": [[[69,33],[13,0]],[[0,29],[42,8]]]},
"G795": {"type": "Matrix2x2", "payoffs": [[[68,76],[8,0]],[[0,2],[43,53]]]},
"G796": {"type": "Matrix2x2", "payoffs": [[[0,1],[1,0]],[[18,2],[38,3]]]},
"G797": {"type": "Matrix2x2", "payoffs": [[[97,65],[20,29]],[[0,11],[40,0]]]},
"G798": {"type": "Matrix2x2", "payoffs": [[[100,7],[86,0]],[[0,5],[19,1]]]},
"G799": {"type": "Matrix2x2", "payoffs": [[[33,28],[0,40]],[[39,53],[15,0]]]},
"G800": {"type": "Matrix2x2", "payoffs": [[[61,6],[27,0]],[[0,7],[68,17]]]},
"G801": {"type": "Matrix2x2", "payoffs": [[[4,38],[0,30]],[[1,0],[38,63]]]},
"G802": {"type": "Matrix2x2", "payoffs": [[[39,23],[44,24]],[[0,0],[30,21]]]},
"G803": {"type": "Matrix2x2", "payoffs": [[[0,65],[70,0]],[[100,97],[78,91]]]},
"G804": {"type": "Matrix2x2", "payoffs": [[[78,52],[13,19]],[[29,46],[0,0]]]},
"G805": {"type": "Matrix2x2", "payoffs": [[[73,6],[0,0]],[[85,19],[24,13]]]},
"G806": {"type": "Matrix2x2", "payoffs": [[[44,7],[0,0]],[[6,1],[24,3]]]},
"G807": {"type": "Matrix2x2", "payoffs": [[[94,6],[97,27]],[[45,17],[0,0]]]},
"G808": {"type": "Matrix2x2", "payoffs": [[[0,0],[75,85]],[[14,47],[66,15]]]},
"G809": {"type": "Matrix2x2", "payoffs": [[[90,11],[14,4]],[[0,0],[13,1]]]},
"G810": {"type": "Matrix2x2", "payoffs": [[[0,0],[19,29]],[[34,41],[85,84]]]},
"G811": {"type": "Matrix2x2", "payoffs": [[[0,56],[49,41]],[[56,78],[15,0]]]},
"G812": {"type": "Matrix2x2", "payoffs": [[[0,0],[36,50]],[[52,61],[29,1]]]},
"G813": {"type": "Matrix2x2", "payoffs": [[[0,20],[92,78]],[[19,25],[2,0]]]},
"G814": {"type": "Matrix2x2", "payoffs": [[[23,68],[21,0]],[[0,67],[15,57]]]},
"G815": {"type": "Matrix2x2", "payoffs": [[[87,6],[0,4]],[[89,26],[19,0]]]},
"G816": {"type": "Matrix2x2", "payoffs": [[[24,0],[0,7]],[[28,29],[19,1]]]},
"G817": {"type": "Matrix2x2", "payoffs": [[[2,0],[51,3]],[[0,1],[50,2]]]},
"G818": {"type": "Matrix2x2", "payoffs": [[[15,1],[0,3]],[[84,34],[13,0]]]},
"G819": {"type": "Matrix2x2", "payoffs": [[[85,47],[61,2]],[[51,0],[0,37]]]},
"G820": {"type": "Matrix2x2", "payoffs": [[[3,2],[8,56]],[[0,0],[1,39]]]},
"G821": {"type": "Matrix2x2", "payoffs": [[[18,0],[16,32]],[[30,60],[0,35]]]},
"G822": {"type": "Matrix2x2", "payoffs": [[[50,59],[54,61]],[[44,0],[0,7]]]},
"G823": {"type": "Matrix2x2", "payoffs": [[[0,0],[1,19]],[[3,30],[2,13]]]},
"G824": {"type": "Matrix2x2", "payoffs": [[[82,44],[0,28]],[[47,0],[32,4]]]},
"G825": {"type": "Matrix2x2", "payoffs": [[[3,72],[1,46]],[[2,0],[0,3]]]},
"G826": {"type": "Matrix2x2", "payoffs": [[[9,25],[82,89]],[[0,0],[18,4]]]},
"G827": {"type": "Matrix2x2", "payoffs": [[[0,16],[53,75]],[[42,72],[44,0]]]},
"G828": {"type": "Matrix2x2", "payoffs": [[[6,8],[27,0]],[[53,100],[0,63]]]},
"G829": {"type": "Matrix2x2", "payoffs": [[[58,0],[42,67]],[[78,77],[0,37]]]},
"G830": {"type": "Matrix2x2", "payoffs": [[[55,0],[76,27]],[[78,64],[0,21]]]},
"G831": {"type": "Matrix2x2", "payoffs": [[[1,0],[3,54]],[[2,24],[0,37]]]},
"G832": {"type": "Matrix2x2", "payoffs": [[[0,96],[28,40]],[[41,98],[13,0]]]},
"G833": {"type": "Matrix2x2", "payoffs": [[[67,19],[31,0]],[[14,18],[0,5]]]},
"G834": {"type": "Matrix2x2", "payoffs": [[[22,68],[0,0]],[[16,86],[24,96]]]},
"G835": {"type": "Matrix2x2", "payoffs": [[[61,13],[66,85]],[[47,0],[0,2]]]},
"G836": {"type": "Matrix2x2", "payoffs": [[[0,6],[93,25]],[[71,0],[85,9]]]},
"G837": {"type": "Matrix2x2", "payoffs": [[[28,59],[0,0]],[[21,24],[74,68]]]},
"G838": {"type": "Matrix2x2", "payoffs": [[[27,64],[18,27]],[[0,0],[21,50]]]},
"G839": {"type": "Matrix2x2", "payoffs": [[[32,52],[78,55]],[[0,20],[67,0]]]},
"G840": {"type": "Matrix2x2", "payoffs": [[[46,44],[89,76]],[[0,1],[45,0]]]},
"G841": {"type": "Matrix2x2", "payoffs": [[[19,23],[0,0]],[[8,20],[14,21]]]},
"G842": {"type": "Matrix2x2", "payoffs": [[[6,29],[0,46]],[[52,0],[57,61]]]},
"G843": {"type": "Matrix2x2", "payoffs": [[[0,23],[64,38]],[[8,0],[33,14]]]},
"G844": {"type": "Matrix2x2", "payoffs": [[[2,92],[9,98]],[[0,0],[8,5]]]},
"G845": {"type": "Matrix2x2", "payoffs": [[[26,4],[64,75]],[[0,0],[43,66]]]},
"G846": {"type": "Matrix2x2", "payoffs": [[[26,0],[37,3]],[[48,9],[0,6]]]},
"G847": {"type": "Matrix2x2", "payoffs": [[[0,93],[57,98]],[[21,48],[19,0]]]},
"G848": {"type": "Matrix2x2", "payoffs": [[[79,17],[24,0]],[[0,12],[99,80]]]},
"G849": {"type": "Matrix2x2", "payoffs": [[[35,98],[4,76]],[[0,35],[27,0]]]},
"G850": {"type": "Matrix2x2", "payoffs": [[[28,2],[55,4]],[[0,1],[51,0]]]},
"G851": {"type": "Matrix2x2", "payoffs": [[[2,0],[0,17]],[[1,1],[7,45]]]},
"G852": {"type": "Matrix2x2", "payoffs": [[[63,4],[57,2]],[[0,3],[27,0]]]},
"G853": {"type": "Matrix2x2", "payoffs": [[[0,4],[8,46]],[[40,93],[26,0]]]},
"G854": {"type": "Matrix2x2", "payoffs": [[[53,11],[92,39]],[[14,0],[0,22]]]},
"G855": {"type": "Matrix2x2", "payoffs": [[[21,26],[0,0]],[[89,29],[2,17]]]},
"G856": {"type": "Matrix2x2", "payoffs": [[[36,0],[0,8]],[[25,5],[81,11]]]},
"G857": {"type": "Matrix2x2", "payoffs": [[[8,49],[0,64]],[[27,0],[84,76]]]},
"G858": {"type": "Matrix2x2", "payoffs": [[[38,99],[26,0]],[[4,81],[0,41]]]},
"G859": {"type": "Matrix2x2", "payoffs": [[[0,25],[8,0]],[[14,32],[95,36]]]},
"G860": {"type": "Matrix2x2", "payoffs": [[[5,5],[22,39]],[[19,19],[0,0]]]},
"G861": {"type": "Matrix2x2", "payoffs": [[[18,36],[0,15]],[[1,0],[26,69]]]},
"G862": {"type": "Matrix2x2", "payoffs": [[[90,0],[100,87]],[[0,24],[25,41]]]},
"G863": {"type": "Matrix2x2", "payoffs": [[[12,0],[0,81]],[[5,8],[66,88]]]},
"G864": {"type": "Matrix2x2", "payoffs": [[[0,0],[51,19]],[[38,12],[36,14]]]},
"G865": {"type": "Matrix2x2", "payoffs": [[[0,14],[38,19]],[[18,5],[10,0]]]},
"G866": {"type": "Matrix2x2", "payoffs": [[[44,8],[19,0]],[[21,7],[0,5]]]},
"G867": {"type": "Matrix2x2", "payoffs": [[[91,69],[50,23]],[[29,0],[0,2]]]},
"G868": {"type": "Matrix2x2", "payoffs": [[[12,0],[0,6]],[[29,53],[34,69]]]},
"G869": {"type": "Matrix2x2", "payoffs": [[[47,5],[76,16]],[[0,8],[57,0]]]},
"G870": {"type": "Matrix2x2", "payoffs": [[[0,1],[10,0]],[[48,3],[11,2]]]},
"G871": {"type": "Matrix2x2", "payoffs": [[[2,22],[1,9]],[[0,0],[3,27]]]},
"G872": {"type": "Matrix2x2", "payoffs": [[[10,67],[2,0]],[[0,48],[3,10]]]},
"G873": {"type": "Matrix2x2", "payoffs": [[[31,49],[88,86]],[[56,0],[0,25]]]},
"G874": {"type": "Matrix2x2", "payoffs": [[[0,10],[48,0]],[[31,4],[64,13]]]},
"G875": {"type": "Matrix2x2", "payoffs": [[[74,3],[85,76]],[[10,0],[0,48]]]},
"G876": {"type": "Matrix2x2", "payoffs": [[[49,7],[0,0]],[[16,39],[55,67]]]},
"G877": {"type": "Matrix2x2", "payoffs": [[[70,0],[23,34]],[[0,7],[94,79]]]},
"G878": {"type": "Matrix2x2", "payoffs": [[[68,0],[18,24]],[[96,64],[0,21]]]},
"G879": {"type": "Matrix2x2", "payoffs": [[[57,18],[0,17]],[[4,13],[20,0]]]},
"G880": {"type": "Matrix2x2", "payoffs": [[[83,27],[92,49]],[[0,0],[91,1]]]},
"G881": {"type": "Matrix2x2", "payoffs": [[[0,0],[78,5]],[[58,2],[38,1]]]},
"G882": {"type": "Matrix2x2", "payoffs": [[[78,0],[14,7]],[[0,9],[82,10]]]},
"G883": {"type": "Matrix2x2", "payoffs": [[[0,22],[40,10]],[[17,0],[83,45]]]},
"G884": {"type": "Matrix2x2", "payoffs": [[[0,4],[65,9]],[[15,8],[27,0]]]},
"G885": {"type": "Matrix2x2", "payoffs": [[[18,66],[6,0]],[[16,35],[0,59]]]},
"G886": {"type": "Matrix2x2", "payoffs": [[[0,3],[11,7]],[[6,0],[3,1]]]},
"G887": {"type": "Matrix2x2", "payoffs": [[[0,11],[33,14]],[[35,70],[28,0]]]},
"G888": {"type": "Matrix2x2", "payoffs": [[[0,0],[1,51]],[[26,52],[7,5]]]},
"G889": {"type": "Matrix2x2", "payoffs": [[[22,57],[27,0]],[[0,20],[41,64]]]},
"G890": {"type": "Matrix2x2", "payoffs": [[[36,39],[0,0]],[[62,40],[63,41]]]},
"G891": {"type": "Matrix2x2", "payoffs": [[[3,36],[0,0]],[[1,17],[4,37]]]},
"G892": {"type": "Matrix2x2", "payoffs": [[[30,15],[10,19]],[[0,0],[61,52]]]},
"G893": {"type": "Matrix2x2", "payoffs": [[[0,15],[5,0]],[[8,10],[28,82]]]},
"G894": {"type": "Matrix2x2", "payoffs": [[[1,0],[71,57]],[[0,29],[20,52]]]},
"G895": {"type": "Matrix2x2", "payoffs": [[[0,7],[70,4]],[[93,15],[45,0]]]},
"G896": {"type": "Matrix2x2", "payoffs": [[[6,0],[0,24]],[[27,14],[35,40]]]},
"G897": {"type": "Matrix2x2", "payoffs": [[[12,47],[27,73]],[[15,0],[0,11]]]},
"G898": {"type": "Matrix2x2", "payoffs": [[[0,0],[52,66]],[[9,64],[22,47]]]},
"G899": {"type": "Matrix2x2", "payoffs": [[[37,43],[0,0]],[[21,19],[10,34]]]},
"G900": {"type": "Matrix2x2", "payoffs": [[[16,0],[19,24]],[[0,8],[2,9]]]},
"G901": {"type": "Matrix2x2", "payoffs": [[[76,76],[55,69]],[[1,0],[0,45]]]},
"G902": {"type": "Matrix2x2", "payoffs": [[[7,9],[0,14]],[[17,0],[21,15]]]},
"G903": {"type": "Matrix2x2", "payoffs": [[[0,37],[56,0]],[[27,11],[83,45]]]},
"G904": {"type": "Matrix2x2", "payoffs": [[[59,0],[90,86]],[[0,33],[69,80]]]},
"G905": {"type": "Matrix2x2", "payoffs": [[[53,45],[0,25]],[[19,12],[21,0]]]},
"G906": {"type": "Matrix2x2", "payoffs": [[[30,8],[32,80]],[[4,0],[0,32]]]},
"G907": {"type": "Matrix2x2", "payoffs": [[[11,64],[0,0]],[[10,9],[8,44]]]},
"G908": {"type": "Matrix2x2", "payoffs": [[[0,0],[12,7]],[[8,4],[4,5]]]},
"G909": {"type": "Matrix2x2", "payoffs": [[[82,48],[0,13]],[[51,0],[64,45]]]},
"G910": {"type": "Matrix2x2", "payoffs": [[[14,47],[0,55]],[[5,0],[28,59]]]},
"G911": {"type": "Matrix2x2", "payoffs": [[[22,75],[17,63]],[[15,0],[0,55]]]},
"G912": {"type": "Matrix2x2", "payoffs": [[[46,31],[0,0]],[[34,19],[39,28]]]},
"G913": {"type": "Matrix2x2", "payoffs": [[[29,2],[84,21]],[[0,0],[19,12]]]},
"G914": {"type": "Matrix2x2", "payoffs": [[[12,26],[9,12]],[[0,11],[11,0]]]},
"G915": {"type": "Matrix2x2", "payoffs": [[[12,0],[0,25]],[[15,78],[14,42]]]},
"G916": {"type": "Matrix2x2", "payoffs": [[[50,95],[2,53]],[[0,34],[28,0]]]},
"G917": {"type": "Matrix2x2", "payoffs": [[[31,2],[76,0]],[[86,61],[0,34]]]},
"G918": {"type": "Matrix2x2", "payoffs": [[[17,22],[68,8]],[[0,0],[83,90]]]},
"G919": {"type": "Matrix2x2", "payoffs": [[[41,1],[0,2]],[[43,0],[74,4]]]},
"G920": {"type": "Matrix2x2", "payoffs": [[[73,64],[40,36]],[[0,0],[39,29]]]},
"G921": {"type": "Matrix2x2", "payoffs": [[[16,0],[0,15]],[[21,85],[10,34]]]},
"G922": {"type": "Matrix2x2", "payoffs": [[[13,43],[7,36]],[[0,0],[8,28]]]},
"G923": {"type": "Matrix2x2", "payoffs": [[[50,44],[0,34]],[[9,0],[57,89]]]},
"G924": {"type": "Matrix2x2", "payoffs": [[[97,3],[0,0]],[[96,2],[72,1]]]},
"G925": {"type": "Matrix2x2", "payoffs": [[[63,0],[74,98]],[[35,35],[0,36]]]},
"G926": {"type": "Matrix2x2", "payoffs": [[[32,2],[0,28]],[[45,0],[61,39]]]},
"G927": {"type": "Matrix2x2", "payoffs": [[[3,0],[0,14]],[[32,2],[83,52]]]},
"G928": {"type": "Matrix2x2", "payoffs": [[[41,27],[74,39]],[[0,36],[38,0]]]},
"G929": {"type": "Matrix2x2", "payoffs": [[[33,67],[55,72]],[[0,0],[36,49]]]},
"G930": {"type": "Matrix2x2", "payoffs": [[[8,8],[85,32]],[[52,31],[0,0]]]},
"G931": {"type": "Matrix2x2", "payoffs": [[[0,18],[27,10]],[[38,36],[30,0]]]},
"G932": {"type": "Matrix2x2", "payoffs": [[[0,17],[9,25]],[[14,81],[5,0]]]},
"G933": {"type": "Matrix2x2", "payoffs": [[[88,13],[76,9]],[[8,10],[0,0]]]},
"G934": {"type": "Matrix2x2", "payoffs": [[[0,0],[6,14]],[[7,38],[5,36]]]},
"G935": {"type": "Matrix2x2", "payoffs": [[[28,10],[14,3]],[[0,0],[24,4]]]},
"G936": {"type": "Matrix2x2", "payoffs": [[[5,0],[65,36]],[[0,2],[27,21]]]},
"G937": {"type": "Matrix2x2", "payoffs": [[[53,57],[16,0]],[[0,18],[7,30]]]},
"G938": {"type": "Matrix2x2", "payoffs": [[[0,5],[27,30]],[[18,0],[12,15]]]},
"G939": {"type": "Matrix2x2", "payoffs": [[[0,20],[36,24]],[[34,0],[20,16]]]},
"G940": {"type": "Matrix2x2", "payoffs": [[[16,48],[0,0]],[[60,67],[63,89]]]},
"G941": {"type": "Matrix2x2", "payoffs": [[[6,14],[0,0]],[[32,43],[2,17]]]},
"G942": {"type": "Matrix2x2", "payoffs": [[[0,0],[62,87]],[[36,9],[47,37]]]},
"G943": {"type": "Matrix2x2", "payoffs": [[[6,27],[0,14]],[[4,25],[3,0]]]},
"G944": {"type": "Matrix2x2", "payoffs": [[[35,39],[0,49]],[[43,0],[83,76]]]},
"G945": {"type": "Matrix2x2", "payoffs": [[[52,65],[48,52]],[[1,36],[0,0]]]},
"G946": {"type": "Matrix2x2", "payoffs": [[[0,16],[52,3]],[[12,0],[85,24]]]},
"G947": {"type": "Matrix2x2", "payoffs": [[[47,67],[43,35]],[[0,1],[2,0]]]},
"G948": {"type": "Matrix2x2", "payoffs": [[[4,34],[92,76]],[[77,40],[0,0]]]},
"G949": {"type": "Matrix2x2", "payoffs": [[[0,0],[5,35]],[[74,38],[92,42]]]},
"G950": {"type": "Matrix2x2", "payoffs": [[[86,68],[54,13]],[[12,0],[0,63]]]},
"G951": {"type": "Matrix2x2", "payoffs": [[[22,0],[0,40]],[[13,42],[49,44]]]},
"G952": {"type": "Matrix2x2", "payoffs": [[[65,26],[0,11]],[[74,41],[70,0]]]},
"G953": {"type": "Matrix2x2", "payoffs": [[[0,22],[7,0]],[[90,52],[78,50]]]},
"G954": {"type": "Matrix2x2", "payoffs": [[[37,24],[59,66]],[[0,0],[45,45]]]},
"G955": {"type": "Matrix2x2", "payoffs": [[[94,21],[64,2]],[[5,0],[0,8]]]},
"G956": {"type": "Matrix2x2", "payoffs": [[[10,26],[5,11]],[[0,0],[1,25]]]},
"G957": {"type": "Matrix2x2", "payoffs": [[[72,31],[34,23]],[[0,0],[24,20]]]},
"G958": {"type": "Matrix2x2", "payoffs": [[[12,27],[10,0]],[[7,5],[0,18]]]},
"G959": {"type": "Matrix2x2", "payoffs": [[[81,48],[61,3]],[[3,0],[0,20]]]},
"G960": {"type": "Matrix2x2", "payoffs": [[[9,53],[0,73]],[[28,0],[69,85]]]},
"G961": {"type": "Matrix2x2", "payoffs": [[[46,85],[59,96]],[[47,63],[0,0]]]},
"G962": {"type": "Matrix2x2", "payoffs": [[[0,87],[20,0]],[[40,96],[12,57]]]},
"G963": {"type": "Matrix2x2", "payoffs": [[[66,0],[0,24]],[[77,41],[20,19]]]},
"G964": {"type": "Matrix2x2", "payoffs": [[[43,10],[0,0]],[[32,2],[56,13]]]},
"G965": {"type": "Matrix2x2", "payoffs": [[[0,1],[42,2]],[[44,0],[82,3]]]},
"G966": {"type": "Matrix2x2", "payoffs": [[[42,3],[73,11]],[[23,0],[0,2]]]},
"G967": {"type": "Matrix2x2", "payoffs": [[[28,36],[41,53]],[[26,21],[0,0]]]},
"G968": {"type": "Matrix2x2", "payoffs": [[[50,95],[3,0]],[[0,19],[47,22]]]},
"G969": {"type": "Matrix2x2", "payoffs": [[[88,67],[84,61]],[[0,42],[60,0]]]},
"G970": {"type": "Matrix2x2", "payoffs": [[[0,20],[25,36]],[[11,0],[3,22]]]},
"G971": {"type": "Matrix2x2", "payoffs": [[[3,9],[4,14]],[[8,18],[0,0]]]},
"G972": {"type": "Matrix2x2", "payoffs": [[[51,80],[43,0]],[[0,79],[30,72]]]},
"G973": {"type": "Matrix2x2", "payoffs": [[[83,66],[0,40]],[[97,82],[69,0]]]},
"G974": {"type": "Matrix2x2", "payoffs": [[[0,13],[6,0]],[[3,70],[26,91]]]},
"G975": {"type": "Matrix2x2", "payoffs": [[[2,0],[77,11]],[[0,1],[36,2]]]},
"G976": {"type": "Matrix2x2", "payoffs": [[[54,0],[55,16]],[[25,7],[0,11]]]},
"G977": {"type": "Matrix2x2", "payoffs": [[[0,0],[56,30]],[[87,96],[49,56]]]},
"G978": {"type": "Matrix2x2", "payoffs": [[[20,10],[15,0]],[[37,78],[0,26]]]},
"G979": {"type": "Matrix2x2", "payoffs": [[[0,0],[21,65]],[[5,2],[1,23]]]},
"G980": {"type": "Matrix2x2", "payoffs": [[[40,64],[39,51]],[[0,60],[38,0]]]},
"G981": {"type": "Matrix2x2", "payoffs": [[[29,0],[0,18]],[[35,23],[70,63]]]},
"G982": {"type": "Matrix2x2", "payoffs": [[[32,21],[15,0]],[[36,35],[0,14]]]},
"G983": {"type": "Matrix2x2", "payoffs": [[[50,8],[54,0]],[[0,33],[85,38]]]},
"G984": {"type": "Matrix2x2", "payoffs": [[[95,82],[14,0]],[[0,74],[54,32]]]},
"G985": {"type": "Matrix2x2", "payoffs": [[[0,0],[81,94]],[[51,76],[21,70]]]},
"G986": {"type": "Matrix2x2", "payoffs": [[[0,4],[22,3]],[[60,6],[37,0]]]},
"G987": {"type": "Matrix2x2", "payoffs": [[[48,0],[1,3]],[[0,2],[96,5]]]},
"G988": {"type": "Matrix2x2", "payoffs": [[[40,39],[0,0]],[[14,32],[5,2]]]},
"G989": {"type": "Matrix2x2", "payoffs": [[[61,15],[0,10]],[[46,11],[54,0]]]},
"G990": {"type": "Matrix2x2", "payoffs": [[[0,0],[2,5]],[[7,9],[1,1]]]},
"G991": {"type": "Matrix2x2", "payoffs": [[[50,0],[31,18]],[[76,74],[0,28]]]},
"G992": {"type": "Matrix2x2", "payoffs": [[[0,23],[60,85]],[[55,0],[52,3]]]},
"G993": {"type": "Matrix2x2", "payoffs": [[[69,4],[21,0]],[[0,18],[78,29]]]},
"G994": {"type": "Matrix2x2", "payoffs": [[[97,32],[55,11]],[[63,0],[0,4]]]},
"G995": {"type": "Matrix2x2", "payoffs": [[[13,0],[26,4]],[[84,6],[0,2]]]},
"G996": {"type": "Matrix2x2", "payoffs": [[[0,30],[35,0]],[[93,57],[91,7]]]},
"G997": {"type": "Matrix2x2", "payoffs": [[[7,6],[8,0]],[[0,1],[15,8]]]},
"G998": {"type": "Matrix2x2", "payoffs": [[[22,15],[40,64]],[[5,0],[0,45]]]},
"G999": {"type": "Matrix2x2", "payoffs": [[[47,33],[76,46]],[[0,3],[63,0]]]},
"G1000": {"type": "Matrix2x2", "payoffs": [[[0,0],[59,32]],[[38,8],[92,47]]]}
}