{
"numGames": 1000,
"G1": {"type": "Matrix2x2", "payoffs": [[[14,38],[2,0]],[[11,7],[0,21]]]},
"G2": {"type": "Matrix2x2", "payoffs": [[[13,4],[64,3]],[[94,13],[0,0]]]},
"G3": {"type": "Matrix2x2", "payoffs": [[[29,88],[16,44]],[[0,0],[14,81]]]},
"G4": {"type": "Matrix2x2", "payoffs": [[[24,0],[5,12]],[[27,44],[0,3]]]},
"G5": {"type": "Matrix2x2", "payoffs": [[[96,35],[0,24]],[[80,0],[87,34]]]},
"G6": {"type": "Matrix2x2", "payoffs": [[[33,7],[0,0]],[[21,6],[23,5]]]},
"G7": {"type": "Matrix2x2", "payoffs": [[[5,10],[31,20]],[[15,0],[0,11]]]},
"G8": {"type": "Matrix2x2", "payoffs": [[[12,7],[0,22]],[[2,0],[33,35]]]},
"G9": {"type": "Matrix2x2", "payoffs": [[[3,7],[0,0]],[[50,12],[22,2]]]},
"G10": {"type": "Matrix2x2", "payoffs": [[[0,0],[6,11]],[[7,3],[21,24]]]},
"G11": {"type": "Matrix2x2", "payoffs": [[[0,51],[18,0]],[[65,55],[37,38]]]},
"G12": {"type": "Matrix2x2", "payoffs": [[[67,6],[0,23]],[[29,0],[96,42]]]},
"G13": {"type": "Matrix2x2", "payoffs": [[[0,10],[2,34]],[[6,0],[43,58]]]},
"G14": {"type": "Matrix2x2", "payoffs": [[[20,15],[90,56]],[[48,37],[0,0]]]},
"G15": {"type": "Matrix2x2", "payoffs": [[[30,29],[32,51]],[[18,0],[0,32]]]},
"G16": {"type": "Matrix2x2", "payoffs": [[[5,54],[87,86]],[[82,0],[0,85]]]},
"G17": {"type": "Matrix2x2", "payoffs": [[[10,0],[0,22]],[[53,24],[84,69]]]},
"G18": {"type": "Matrix2x2", "payoffs": [[[27,68],[0,18]],[[24,34],[12,0]]]},
"G19": {"type": "Matrix2x2", "payoffs": [[[0,13],[59,6]],[[68,20],[49,0]]]},
"G20": {"type": "Matrix2x2", "payoffs": [[[0,12],[91,23]],[[61,0],[8,18]]]},
"G21": {"type": "Matrix2x2", "payoffs": [[[29,0],[52,26]],[[38,24],[0,19]]]},
"G22": {"type": "Matrix2x2", "payoffs": [[[11,5],[2,0]],[[0,35],[12,39]]]},
"G23": {"type": "Matrix2x2", "payoffs": [[[4,0],[55,65]],[[53,30],[0,40]]]},
"G24": {"type": "Matrix2x2", "payoffs": [[[1,1],[12,13]],[[4,4],[0,0]]]},
"G25": {"type": "Matrix2x2", "payoffs": [[[65,17],[0,5]],[[5,0],[32,7]]]},
"G26": {"type": "Matrix2x2", "payoffs": [[[0,17],[25,28]],[[15,26],[24,0]]]},
"G27": {"type": "Matrix2x2", "payoffs": [[[3,8],[0,0]],[[21,26],[16,23]]]},
"G28": {"type": "Matrix2x2", "payoffs": [[[10,2],[0,4]],[[7,0],[12,6]]]},
"G29": {"type": "Matrix2x2", "payoffs": [[[11,86],[5,41]],[[2,59],[0,0]]]},
"G30": {"type": "Matrix2x2", "payoffs": [[[1,60],[5,66]],[[2,0],[0,7]]]},
"G31": {"type": "Matrix2x2", "payoffs": [[[90,76],[68,26]],[[39,0],[0,36]]]},
"G32": {"type": "Matrix2x2", "payoffs": [[[11,0],[24,52]],[[0,11],[3,49]]]},
"G33": {"type": "Matrix2x2", "payoffs": [[[0,0],[74,74]],[[1,36],[4,50]]]},
"G34": {"type": "Matrix2x2", "payoffs": [[[0,0],[6,3]],[[24,4],[2,1]]]},
"G35": {"type": "Matrix2x2", "payoffs": [[[0,1],[41,0]],[[22,13],[49,32]]]},
"G36": {"type": "Matrix2x2", "payoffs": [[[42,67],[64,86]],[[0,0],[28,81]]]},
"G37": {"type": "Matrix2x2", "payoffs": [[[16,11],[38,18]],[[1,7],[0,0]]]},
"G38": {"type": "Matrix2x2", "payoffs": [[[0,48],[17,36]],[[68,0],[85,66]]]},
"G39": {"type": "Matrix2x2", "payoffs": [[[79,72],[0,42]],[[41,0],[55,14]]]},
"G40": {"type": "Matrix2x2", "payoffs": [[[0,4],[12,5]],[[7,0],[1,2]]]},
"G41": {"type": "Matrix2x2", "payoffs": [[[50,62],[0,0]],[[20,51],[70,68]]]},
"G42": {"type": "Matrix2x2", "payoffs": [[[15,0],[37,91]],[[19,78],[0,65]]]},
"G43": {"type": "Matrix2x2", "payoffs": [[[21,89],[0,87]],[[5,85],[8,0]]]},
"G44": {"type": "Matrix2x2", "payoffs": [[[19,0],[0,10]],[[9,15],[20,30]]]},
"G45": {"type": "Matrix2x2", "payoffs": [[[29,96],[16,0]],[[0,32],[7,14]]]},
"G46": {"type": "Matrix2x2", "payoffs": [[[3,1],[0,0]],[[47,4],[36,2]]]},
"G47": {"type": "Matrix2x2", "payoffs": [[[0,0],[1,60]],[[3,40],[4,70]]]},
"G48": {"type": "Matrix2x2", "payoffs": [[[80,25],[1,11]],[[11,10],[0,0]]]},
"G49": {"type": "Matrix2x2", "payoffs": [[[76,25],[94,37]],[[0,0],[72,33]]]},
"G50": {"type": "Matrix2x2", "payoffs": [[[78,97],[21,40]],[[28,72],[0,0]]]},
"G51": {"type": "Matrix2x2", "payoffs": [[[67,47],[0,0]],[[71,62],[59,27]]]},
"G52": {"type": "Matrix2x2", "payoffs": [[[5,10],[19,63]],[[0,0],[18,57]]]},
"G53": {"type": "Matrix2x2", "payoffs": [[[7,11],[52,31]],[[4,0],[0,3]]]},
"G54": {"type": "Matrix2x2", "payoffs": [[[8,25],[2,0]],[[5,16],[0,24]]]},
"G55": {"type": "Matrix2x2", "payoffs": [[[0,0],[53,3]],[[34,2],[40,1]]]},
"G56": {"type": "Matrix2x2", "payoffs": [[[30,0],[59,99]],[[0,74],[23,23]]]},
"G57": {"type": "Matrix2x2", "payoffs": [[[29,0],[97,34]],[[57,23],[0,20]]]},
"G58": {"type": "Matrix2x2", "payoffs": [[[36,39],[38,84]],[[6,0],[0,31]]]},
"G59": {"type": "Matrix2x2", "payoffs": [[[28,0],[36,9]],[[41,95],[0,27]]]},
"G60": {"type": "Matrix2x2", "payoffs": [[[9,25],[51,40]],[[0,0],[48,39]]]},
"G61": {"type": "Matrix2x2", "payoffs": [[[82,32],[44,0]],[[0,4],[79,19]]]},
"G62": {"type": "Matrix2x2", "payoffs": [[[92,47],[6,42]],[[0,7],[47,0]]]},
"G63": {"type": "Matrix2x2", "payoffs": [[[5,9],[10,65]],[[0,34],[1,0]]]},
"G64": {"type": "Matrix2x2", "payoffs": [[[0,27],[21,19]],[[63,31],[7,0]]]},
"G65": {"type": "Matrix2x2", "payoffs": [[[0,7],[22,4]],[[93,8],[74,0]]]},
"G66": {"type": "Matrix2x2", "payoffs": [[[11,83],[4,51]],[[0,0],[3,15]]]},
"G67": {"type": "Matrix2x2", "payoffs": [[[8,21],[4,13]],[[1,1],[0,0]]]},
"G68": {"type": "Matrix2x2", "payoffs": [[[96,15],[0,1]],[[14,3],[8,0]]]},
"G69": {"type": "Matrix2x2", "payoffs": [[[28,0],[22,81]],[[97,84],[0,15]]]},
"G70": {"type": "Matrix2x2", "payoffs": [[[0,33],[12,5]],[[13,49],[5,0]]]},
"G71": {"type": "Matrix2x2", "payoffs": [[[15,11],[77,13]],[[33,0],[0,4]]]},
"G72": {"type": "Matrix2x2", "payoffs": [[[6,0],[49,29]],[[67,44],[0,21]]]},
"G73": {"type": "Matrix2x2", "payoffs": [[[59,11],[69,0]],[[0,8],[79,29]]]},
"G74": {"type": "Matrix2x2", "payoffs": [[[0,2],[18,1]],[[15,0],[33,5]]]},
"G75": {"type": "Matrix2x2", "payoffs": [[[71,96],[0,0]],[[20,3],[35,46]]]},
"G76": {"type": "Matrix2x2", "payoffs": [[[0,7],[55,0]],[[26,42],[70,87]]]},
"G77": {"type": "Matrix2x2", "payoffs": [[[54,58],[41,0]],[[0,6],[30,46]]]},
"G78": {"type": "Matrix2x2", "payoffs": [[[66,88],[32,14]],[[59,0],[0,43]]]},
"G79": {"type": "Matrix2x2", "payoffs": [[[5,10],[3,8]],[[4,3],[0,0]]]},
"G80": {"type": "Matrix2x2", "payoffs": [[[0,14],[26,0]],[[9,10],[33,19]]]},
"G81": {"type": "Matrix2x2", "payoffs": [[[0,36],[14,19]],[[16,37],[12,0]]]},
"G82": {"type": "Matrix2x2", "payoffs": [[[28,14],[59,15]],[[0,1],[35,0]]]},
"G83": {"type": "Matrix2x2", "payoffs": [[[42,4],[22,0]],[[0,1],[71,30]]]},
"G84": {"type": "Matrix2x2", "payoffs": [[[0,48],[7,0]],[[38,85],[15,80]]]},
"G85": {"type": "Matrix2x2", "payoffs": [[[14,59],[42,78]],[[33,27],[0,0]]]},
"G86": {"type": "Matrix2x2", "payoffs": [[[0,1],[41,0]],[[21,3],[71,15]]]},
"G87": {"type": "Matrix2x2", "payoffs": [[[39,4],[26,0]],[[0,3],[12,1]]]},
"G88": {"type": "Matrix2x2", "payoffs": [[[92,37],[0,0]],[[75,2],[45,5]]]},
"G89": {"type": "Matrix2x2", "payoffs": [[[0,32],[46,0]],[[59,54],[23,47]]]},
"G90": {"type": "Matrix2x2", "payoffs": [[[24,17],[21,0]],[[25,92],[0,32]]]},
"G91": {"type": "Matrix2x2", "payoffs": [[[0,14],[64,20]],[[14,0],[17,9]]]},
"G92": {"type": "Matrix2x2", "payoffs": [[[54,10],[0,8]],[[52,7],[10,0]]]},
"G93": {"type": "Matrix2x2", "payoffs": [[[43,66],[5,0]],[[0,39],[21,24]]]},
"G94": {"type": "Matrix2x2", "payoffs": [[[2,4],[0,11]],[[3,31],[1,0]]]},
"G95": {"type": "Matrix2x2", "payoffs": [[[0,0],[34,9]],[[73,53],[12,37]]]},
"G96": {"type": "Matrix2x2", "payoffs": [[[0,19],[21,0]],[[33,18],[48,31]]]},
"G97": {"type": "Matrix2x2", "payoffs": [[[11,20],[16,75]],[[13,13],[0,0]]]},
"G98": {"type": "Matrix2x2", "payoffs": [[[77,19],[92,87]],[[0,0],[44,32]]]},
"G99": {"type": "Matrix2x2", "payoffs": [[[8,6],[44,30]],[[59,85],[0,0]]]},
"G100": {"type": "Matrix2x2", "payoffs": [[[42,25],[3,13]],[[0,16],[5,0]]]},
"G101": {"type": "Matrix2x2", "payoffs": [[[60,96],[29,54]],[[22,22],[0,0]]]},
"G102": {"type": "Matrix2x2", "payoffs": [[[0,0],[78,61]],[[70,56],[57,45]]]},
"G103": {"type": "Matrix2x2", "payoffs": [[[2,0],[12,64]],[[29,74],[0,40]]]},
"G104": {"type": "Matrix2x2", "payoffs": [[[3,0],[2,69]],[[0,38],[4,70]]]},
"G105": {"type": "Matrix2x2", "payoffs": [[[6,17],[0,0]],[[1,56],[13,68]]]},
"G106": {"type": "Matrix2x2", "payoffs": [[[31,16],[0,0]],[[11,11],[14,5]]]},
"G107": {"type": "Matrix2x2", "payoffs": [[[0,81],[64,99]],[[58,0],[29,64]]]},
"G108": {"type": "Matrix2x2", "payoffs": [[[15,22],[57,93]],[[25,74],[0,0]]]},
"G109": {"type": "Matrix2x2", "payoffs": [[[43,74],[38,1]],[[0,0],[41,12]]]},
"G110": {"type": "Matrix2x2", "payoffs": [[[60,0],[77,60]],[[0,31],[15,2]]]},
"G111": {"type": "Matrix2x2", "payoffs": [[[0,11],[9,14]],[[7,0],[12,38]]]},
"G112": {"type": "Matrix2x2", "payoffs": [[[9,0],[55,77]],[[0,3],[24,9]]]},
"G113": {"type": "Matrix2x2", "payoffs": [[[0,0],[28,36]],[[55,62],[23,8]]]},
"G114": {"type": "Matrix2x2", "payoffs": [[[8,0],[0,16]],[[10,23],[13,29]]]},
"G115": {"type": "Matrix2x2", "payoffs": [[[21,66],[12,45]],[[23,94],[0,0]]]},
"G116": {"type": "Matrix2x2", "payoffs": [[[0,7],[49,0]],[[24,4],[83,15]]]},
"G117": {"type": "Matrix2x2", "payoffs": [[[44,86],[29,0]],[[26,31],[0,66]]]},
"G118": {"type": "Matrix2x2", "payoffs": [[[28,64],[18,54]],[[96,80],[0,0]]]},
"G119": {"type": "Matrix2x2", "payoffs": [[[2,1],[0,0]],[[6,8],[1,5]]]},
"G120": {"type": "Matrix2x2", "payoffs": [[[2,6],[3,75]],[[1,29],[0,0]]]},
"G121": {"type": "Matrix2x2", "payoffs": [[[54,8],[83,48]],[[0,47],[51,0]]]},
"G122": {"type": "Matrix2x2", "payoffs": [[[34,8],[67,27]],[[60,21],[0,0]]]},
"G123": {"type": "Matrix2x2", "payoffs": [[[0,7],[19,77]],[[9,0],[1,59]]]},
"G124": {"type": "Matrix2x2", "payoffs": [[[45,0],[25,1]],[[73,27],[0,11]]]},
"G125": {"type": "Matrix2x2", "payoffs": [[[34,18],[31,15]],[[0,2],[29,0]]]},
"G126": {"type": "Matrix2x2", "payoffs": [[[37,0],[28,26]],[[0,1],[48,33]]]},
"G127": {"type": "Matrix2x2", "payoffs": [[[36,0],[61,79]],[[8,58],[0,2]]]},
"G128": {"type": "Matrix2x2", "payoffs": [[[49,7],[67,11]],[[34,1],[0,0]]]},
"G129": {"type": "Matrix2x2", "payoffs": [[[97,52],[31,45]],[[12,0],[0,30]]]},
"G130": {"type": "Matrix2x2", "payoffs": [[[45,0],[47,11]],[[55,28],[0,18]]]},
"G131": {"type": "Matrix2x2", "payoffs": [[[41,37],[79,90]],[[67,0],[0,72]]]},
"G132": {"type": "Matrix2x2", "payoffs": [[[0,4],[9,11]],[[13,13],[1,0]]]},
"G133": {"type": "Matrix2x2", "payoffs": [[[1,0],[7,24]],[[0,18],[8,79]]]},
"G134": {"type": "Matrix2x2", "payoffs": [[[2,0],[26,47]],[[0,55],[94,64]]]},
"G135": {"type": "Matrix2x2", "payoffs": [[[0,0],[27,71]],[[73,46],[95,72]]]},
"G136": {"type": "Matrix2x2", "payoffs": [[[9,46],[0,25]],[[8,0],[1,5]]]},
"G137": {"type": "Matrix2x2", "payoffs": [[[8,78],[0,47]],[[1,0],[5,64]]]},
"G138": {"type": "Matrix2x2", "payoffs": [[[0,4],[4,0]],[[1,19],[6,35]]]},
"G139": {"type": "Matrix2x2", "payoffs": [[[0,0],[32,9]],[[14,3],[11,6]]]},
"G140": {"type": "Matrix2x2", "payoffs": [[[0,0],[8,23]],[[39,24],[31,1]]]},
"G141": {"type": "Matrix2x2", "payoffs": [[[16,69],[0,22]],[[1,46],[8,0]]]},
"G142": {"type": "Matrix2x2", "payoffs": [[[1,0],[13,7]],[[0,2],[28,12]]]},
"G143": {"type": "Matrix2x2", "payoffs": [[[62,21],[58,9]],[[38,5],[0,0]]]},
"G144": {"type": "Matrix2x2", "payoffs": [[[1,55],[17,65]],[[11,0],[0,38]]]},
"G145": {"type": "Matrix2x2", "payoffs": [[[64,72],[0,27]],[[57,0],[23,69]]]},
"G146": {"type": "Matrix2x2", "payoffs": [[[17,22],[0,0]],[[63,26],[1,21]]]},
"G147": {"type": "Matrix2x2", "payoffs": [[[42,43],[57,95]],[[0,53],[55,0]]]},
"G148": {"type": "Matrix2x2", "payoffs": [[[2,27],[0,0]],[[3,40],[6,48]]]},
"G149": {"type": "Matrix2x2", "payoffs": [[[7,64],[0,0]],[[9,66],[3,58]]]},
"G150": {"type": "Matrix2x2", "payoffs": [[[0,0],[53,57]],[[27,34],[42,32]]]},
"G151": {"type": "Matrix2x2", "payoffs": [[[4,3],[14,0]],[[0,4],[30,5]]]},
"G152": {"type": "Matrix2x2", "payoffs": [[[4,26],[0,2]],[[34,0],[73,53]]]},
"G153": {"type": "Matrix2x2", "payoffs": [[[11,89],[7,41]],[[0,49],[5,0]]]},
"G154": {"type": "Matrix2x2", "payoffs": [[[2,19],[15,53]],[[3,18],[0,0]]]},
"G155": {"type": "Matrix2x2", "payoffs": [[[27,15],[0,5]],[[67,36],[44,0]]]},
"G156": {"type": "Matrix2x2", "payoffs": [[[74,0],[43,43]],[[85,60],[0,52]]]},
"G157": {"type": "Matrix2x2", "payoffs": [[[17,73],[5,39]],[[40,79],[0,0]]]},
"G158": {"type": "Matrix2x2", "payoffs": [[[9,11],[18,0]],[[32,76],[0,48]]]},
"G159": {"type": "Matrix2x2", "payoffs": [[[94,45],[3,0]],[[0,38],[32,15]]]},
"G160": {"type": "Matrix2x2", "payoffs": [[[0,0],[50,33]],[[32,12],[3,3]]]},
"G161": {"type": "Matrix2x2", "payoffs": [[[13,13],[0,0]],[[17,39],[20,82]]]},
"G162": {"type": "Matrix2x2", "payoffs": [[[9,1],[11,71]],[[0,10],[3,0]]]},
"G163": {"type": "Matrix2x2", "payoffs": [[[48,13],[0,0]],[[67,79],[46,9]]]},
"G164": {"type": "Matrix2x2", "payoffs": [[[12,87],[5,71]],[[3,75],[0,0]]]},
"G165": {"type": "Matrix2x2", "payoffs": [[[49,1],[13,13]],[[0,0],[64,30]]]},
"G166": {"type": "Matrix2x2", "payoffs": [[[0,13],[70,16]],[[39,0],[76,43]]]},
"G167": {"type": "Matrix2x2", "payoffs": [[[0,17],[76,15]],[[83,30],[16,0]]]},
"G168": {"type": "Matrix2x2", "payoffs": [[[33,26],[29,9]],[[26,0],[0,24]]]},
"G169": {"type": "Matrix2x2", "payoffs": [[[79,54],[0,11]],[[34,0],[78,28]]]},
"G170": {"type": "Matrix2x2", "payoffs": [[[86,26],[0,4]],[[44,0],[93,47]]]},
"G171": {"type": "Matrix2x2", "payoffs": [[[1,78],[0,0]],[[19,30],[37,84]]]},
"G172": {"type": "Matrix2x2", "payoffs": [[[38,93],[9,19]],[[0,0],[12,92]]]},
"G173": {"type": "Matrix2x2", "payoffs": [[[100,35],[4,0]],[[85,34],[0,7]]]},
"G174": {"type": "Matrix2x2", "payoffs": [[[0,7],[4,0]],[[10,33],[8,8]]]},
"G175": {"type": "Matrix2x2", "payoffs": [[[34,98],[13,72]],[[0,0],[8,18]]]},
"G176": {"type": "Matrix2x2", "payoffs": [[[7,48],[10,55]],[[0,12],[9,0]]]},
"G177": {"type": "Matrix2x2", "payoffs": [[[65,38],[96,54]],[[84,0],[0,12]]]},
"G178": {"type": "Matrix2x2", "payoffs": [[[67,7],[39,5]],[[24,2],[0,0]]]},
"G179": {"type": "Matrix2x2", "payoffs": [[[33,2],[0,0]],[[64,3],[1,1]]]},
"G180": {"type": "Matrix2x2", "payoffs": [[[56,95],[32,26]],[[27,47],[0,0]]]},
"G181": {"type": "Matrix2x2", "payoffs": [[[63,29],[20,23]],[[21,0],[0,16]]]},
"G182": {"type": "Matrix2x2", "payoffs": [[[28,2],[0,0]],[[30,63],[29,49]]]},
"G183": {"type": "Matrix2x2", "payoffs": [[[12,0],[0,9]],[[22,6],[39,10]]]},
"G184": {"type": "Matrix2x2", "payoffs": [[[0,5],[82,61]],[[96,93],[81,0]]]},
"G185": {"type": "Matrix2x2", "payoffs": [[[17,0],[55,47]],[[51,46],[0,20]]]},
"G186": {"type": "Matrix2x2", "payoffs": [[[4,38],[0,23]],[[2,0],[6,70]]]},
"G187": {"type": "Matrix2x2", "payoffs": [[[3,13],[21,0]],[[88,98],[0,39]]]},
"G188": {"type": "Matrix2x2", "payoffs": [[[1,24],[0,16]],[[20,0],[23,46]]]},
"G189": {"type": "Matrix2x2", "payoffs": [[[8,0],[0,27]],[[21,48],[11,5]]]},
"G190": {"type": "Matrix2x2", "payoffs": [[[41,55],[0,0]],[[37,53],[38,32]]]},
"G191": {"type": "Matrix2x2", "payoffs": [[[0,23],[97,38]],[[23,0],[73,1]]]},
"G192": {"type": "Matrix2x2", "payoffs": [[[12,36],[7,28]],[[0,0],[1,35]]]},
"G193": {"type": "Matrix2x2", "payoffs": [[[20,0],[26,11]],[[18,1],[0,5]]]},
"G194": {"type": "Matrix2x2", "payoffs": [[[2,17],[1,36]],[[5,73],[0,0]]]},
"G195": {"type": "Matrix2x2", "payoffs": [[[3,35],[4,69]],[[2,6],[0,0]]]},
"G196": {"type": "Matrix2x2", "payoffs": [[[0,0],[93,100]],[[43,85],[45,17]]]},
"G197": {"type": "Matrix2x2", "payoffs": [[[0,14],[24,53]],[[7,0],[15,35]]]},
"G198": {"type": "Matrix2x2", "payoffs": [[[7,2],[0,4]],[[17,43],[2,0]]]},
"G199": {"type": "Matrix2x2", "payoffs": [[[78,62],[53,0]],[[36,33],[0,45]]]},
"G200": {"type": "Matrix2x2", "payoffs": [[[70,98],[39,0]],[[25,13],[0,17]]]},
"G201": {"type": "Matrix2x2", "payoffs": [[[46,20],[4,36]],[[0,0],[84,37]]]},
"G202": {"type": "Matrix2x2", "payoffs": [[[0,88],[27,84]],[[11,0],[74,89]]]},
"G203": {"type": "Matrix2x2", "payoffs": [[[1,58],[14,69]],[[0,0],[4,53]]]},
"G204": {"type": "Matrix2x2", "payoffs": [[[58,39],[41,0]],[[0,7],[28,12]]]},
"G205": {"type": "Matrix2x2", "payoffs": [[[16,16],[7,13]],[[41,24],[0,0]]]},
"G206": {"type": "Matrix2x2", "payoffs": [[[3,43],[2,0]],[[4,96],[0,11]]]},
"G207": {"type": "Matrix2x2", "payoffs": [[[27,24],[0,21]],[[43,28],[32,0]]]},
"G208": {"type": "Matrix2x2", "payoffs": [[[40,74],[22,0]],[[23,26],[0,73]]]},
"G209": {"type": "Matrix2x2", "payoffs": [[[32,0],[35,35]],[[7,5],[0,16]]]},
"G210": {"type": "Matrix2x2", "payoffs": [[[0,31],[31,0]],[[47,81],[41,9]]]},
"G211": {"type": "Matrix2x2", "payoffs": [[[10,35],[12,44]],[[0,0],[1,8]]]},
"G212": {"type": "Matrix2x2", "payoffs": [[[0,21],[62,61]],[[38,0],[50,33]]]},
"G213": {"type": "Matrix2x2", "payoffs": [[[0,0],[72,12]],[[77,36],[79,56]]]},
"G214": {"type": "Matrix2x2", "payoffs": [[[24,79],[19,0]],[[0,59],[2,46]]]},
"G215": {"type": "Matrix2x2", "payoffs": [[[4,4],[0,0]],[[66,6],[11,5]]]},
"G216": {"type": "Matrix2x2", "payoffs": [[[40,33],[24,0]],[[32,11],[0,27]]]},
"G217": {"type": "Matrix2x2", "payoffs": [[[0,4],[50,0]],[[69,3],[98,5]]]},
"G218": {"type": "Matrix2x2", "payoffs": [[[69,3],[0,0]],[[85,16],[21,8]]]},
"G219": {"type": "Matrix2x2", "payoffs": [[[53,46],[62,48]],[[34,45],[0,0]]]},
"G220": {"type": "Matrix2x2", "payoffs": [[[0,0],[34,85]],[[9,82],[16,18]]]},
"G221": {"type": "Matrix2x2", "payoffs": [[[20,17],[38,0]],[[67,73],[0,53]]]},
"G222": {"type": "Matrix2x2", "payoffs": [[[27,0],[46,89]],[[30,86],[0,18]]]},
"G223": {"type": "Matrix2x2", "payoffs": [[[51,71],[3,40]],[[12,0],[0,36]]]},
"G224": {"type": "Matrix2x2", "payoffs": [[[0,0],[45,5]],[[4,7],[55,68]]]},
"G225": {"type": "Matrix2x2", "payoffs": [[[68,0],[0,24]],[[34,72],[97,85]]]},
"G226": {"type": "Matrix2x2", "payoffs": [[[38,50],[37,46]],[[16,38],[0,0]]]},
"G227": {"type": "Matrix2x2", "payoffs": [[[51,0],[0,23]],[[4,31],[87,43]]]},
"G228": {"type": "Matrix2x2", "payoffs": [[[31,0],[39,26]],[[27,10],[0,16]]]},
"G229": {"type": "Matrix2x2", "payoffs": [[[0,0],[90,4]],[[88,5],[91,17]]]},
"G230": {"type": "Matrix2x2", "payoffs": [[[0,0],[28,30]],[[3,3],[25,27]]]},
"G231": {"type": "Matrix2x2", "payoffs": [[[0,0],[86,39]],[[34,35],[96,49]]]},
"G232": {"type": "Matrix2x2", "payoffs": [[[0,28],[9,0]],[[91,41],[60,1]]]},
"G233": {"type": "Matrix2x2", "payoffs": [[[61,1],[64,0]],[[0,4],[99,9]]]},
"G234": {"type": "Matrix2x2", "payoffs": [[[5,42],[10,90]],[[0,79],[4,0]]]},
"G235": {"type": "Matrix2x2", "payoffs": [[[33,54],[46,93]],[[43,87],[0,0]]]},
"G236": {"type": "Matrix2x2", "payoffs": [[[0,12],[24,0]],[[28,77],[9,46]]]},
"G237": {"type": "Matrix2x2", "payoffs": [[[6,0],[0,30]],[[7,33],[3,12]]]},
"G238": {"type": "Matrix2x2", "payoffs": [[[77,16],[97,43]],[[0,0],[4,24]]]},
"G239": {"type": "Matrix2x2", "payoffs": [[[90,5],[21,1]],[[0,0],[5,3]]]},
"G240": {"type": "Matrix2x2", "payoffs": [[[19,9],[0,2]],[[42,0],[78,43]]]},
"G241": {"type": "Matrix2x2", "payoffs": [[[27,33],[0,40]],[[13,0],[29,72]]]},
"G242": {"type": "Matrix2x2", "payoffs": [[[0,16],[15,19]],[[11,0],[4,9]]]},
"G243": {"type": "Matrix2x2", "payoffs": [[[7,10],[51,49]],[[41,27],[0,0]]]},
"G244": {"type": "Matrix2x2", "payoffs": [[[0,23],[55,41]],[[48,0],[31,14]]]},
"G245": {"type": "Matrix2x2", "payoffs": [[[19,2],[0,58]],[[16,0],[31,93]]]},
"G246": {"type": "Matrix2x2", "payoffs": [[[74,65],[0,1]],[[49,0],[40,49]]]},
"G247": {"type": "Matrix2x2", "payoffs": [[[23,0],[39,8]],[[44,23],[0,16]]]},
"G248": {"type": "Matrix2x2", "payoffs": [[[3,26],[14,24]],[[0,0],[88,35]]]},
"G249": {"type": "Matrix2x2", "payoffs": [[[40,79],[27,0]],[[0,62],[34,69]]]},
"G250": {"type": "Matrix2x2", "payoffs": [[[19,0],[0,6]],[[57,10],[30,8]]]},
"G251": {"type": "Matrix2x2", "payoffs": [[[55,0],[0,4]],[[45,9],[85,13]]]},
"G252": {"type": "Matrix2x2", "payoffs": [[[1,36],[0,16]],[[13,52],[5,0]]]},
"G253": {"type": "Matrix2x2", "payoffs": [[[71,57],[61,27]],[[65,54],[0,0]]]},
"G254": {"type": "Matrix2x2", "payoffs": [[[0,69],[8,0]],[[56,70],[45,68]]]},
"G255": {"type": "Matrix2x2", "payoffs": [[[84,68],[69,28]],[[0,52],[2,0]]]},
"G256": {"type": "Matrix2x2", "payoffs": [[[61,32],[85,0]],[[0,61],[86,73]]]},
"G257": {"type": "Matrix2x2", "payoffs": [[[12,40],[36,71]],[[14,38],[0,0]]]},
"G258": {"type": "Matrix2x2", "payoffs": [[[0,64],[9,13]],[[98,92],[80,0]]]},
"G259": {"type": "Matrix2x2", "payoffs": [[[0,8],[32,1]],[[93,14],[36,0]]]},
"G260": {"type": "Matrix2x2", "payoffs": [[[29,65],[44,0]],[[57,98],[0,14]]]},
"G261": {"type": "Matrix2x2", "payoffs": [[[56,0],[0,21]],[[73,29],[37,22]]]},
"G262": {"type": "Matrix2x2", "payoffs": [[[0,6],[42,77]],[[21,0],[86,79]]]},
"G263": {"type": "Matrix2x2", "payoffs": [[[0,0],[3,40]],[[2,50],[20,84]]]},
"G264": {"type": "Matrix2x2", "payoffs": [[[0,36],[44,42]],[[46,0],[57,53]]]},
"G265": {"type": "Matrix2x2", "payoffs": [[[0,0],[24,19]],[[28,79],[21,22]]]},
"G266": {"type": "Matrix2x2", "payoffs": [[[0,15],[75,54]],[[82,61],[46,0]]]},
"G267": {"type": "Matrix2x2", "payoffs": [[[12,30],[47,0]],[[63,67],[0,23]]]},
"G268": {"type": "Matrix2x2", "payoffs": [[[0,11],[18,28]],[[31,44],[14,0]]]},
"G269": {"type": "Matrix2x2", "payoffs": [[[2,11],[0,0]],[[12,10],[13,38]]]},
"G270": {"type": "Matrix2x2", "payoffs": [[[0,18],[87,70]],[[86,0],[28,6]]]},
"G271": {"type": "Matrix2x2", "payoffs": [[[43,25],[48,67]],[[8,0],[0,5]]]},
"G272": {"type": "Matrix2x2", "payoffs": [[[49,0],[0,5]],[[52,6],[37,1]]]},
"G273": {"type": "Matrix2x2", "payoffs": [[[0,41],[41,24]],[[86,44],[1,0]]]},
"G274": {"type": "Matrix2x2", "payoffs": [[[0,0],[36,97]],[[11,49],[26,79]]]},
"G275": {"type": "Matrix2x2", "payoffs": [[[2,29],[45,97]],[[0,0],[18,19]]]},
"G276": {"type": "Matrix2x2", "payoffs": [[[55,17],[0,0]],[[51,5],[47,14]]]},
"G277": {"type": "Matrix2x2", "payoffs": [[[18,18],[54,0]],[[0,13],[59,49]]]},
"G278": {"type": "Matrix2x2", "payoffs": [[[15,2],[0,10]],[[35,11],[10,0]]]},
"G279": {"type": "Matrix2x2", "payoffs": [[[80,69],[22,0]],[[67,62],[0,36]]]},
"G280": {"type": "Matrix2x2", "payoffs": [[[22,0],[19,77]],[[0,19],[32,80]]]},
"G281": {"type": "Matrix2x2", "payoffs": [[[11,16],[0,0]],[[32,29],[31,25]]]},
"G282": {"type": "Matrix2x2", "payoffs": [[[7,24],[8,28]],[[0,0],[6,21]]]},
"G283": {"type": "Matrix2x2", "payoffs": [[[86,15],[70,11]],[[0,0],[98,26]]]},
"G284": {"type": "Matrix2x2", "payoffs": [[[18,56],[5,9]],[[4,42],[0,0]]]},
"G285": {"type": "Matrix2x2", "payoffs": [[[0,95],[15,0]],[[12,35],[40,97]]]},
"G286": {"type": "Matrix2x2", "payoffs": [[[68,0],[79,29]],[[0,24],[49,5]]]},
"G287": {"type": "Matrix2x2", "payoffs": [[[48,0],[43,54]],[[86,67],[0,59]]]},
"G288": {"type": "Matrix2x2", "payoffs": [[[87,20],[83,13]],[[0,3],[67,0]]]},
"G289": {"type": "Matrix2x2", "payoffs": [[[0,3],[96,8]],[[70,2],[27,0]]]},
"G290": {"type": "Matrix2x2", "payoffs": [[[93,74],[0,34]],[[61,61],[57,0]]]},
"G291": {"type": "Matrix2x2", "payoffs": [[[38,12],[82,68]],[[0,0],[34,7]]]},
"G292": {"type": "Matrix2x2", "payoffs": [[[87,27],[0,0]],[[81,24],[30,9]]]},
"G293": {"type": "Matrix2x2", "payoffs": [[[9,0],[32,3]],[[0,42],[78,69]]]},
"G294": {"type": "Matrix2x2", "payoffs": [[[12,24],[36,0]],[[41,75],[0,3]]]},
"G295": {"type": "Matrix2x2", "payoffs": [[[70,0],[84,8]],[[97,46],[0,15]]]},
"G296": {"type": "Matrix2x2", "payoffs": [[[0,50],[17,78]],[[22,0],[27,86]]]},
"G297": {"type": "Matrix2x2", "payoffs": [[[53,85],[18,54]],[[0,0],[1,4]]]},
"G298": {"type": "Matrix2x2", "payoffs": [[[0,74],[30,0]],[[58,76],[23,24]]]},
"G299": {"type": "Matrix2x2", "payoffs": [[[0,1],[48,0]],[[20,39],[60,82]]]},
"G300": {"type": "Matrix2x2", "payoffs": [[[39,0],[0,43]],[[26,45],[52,47]]]},
"G301": {"type": "Matrix2x2", "payoffs": [[[1,6],[42,8]],[[25,5],[0,0]]]},
"G302": {"type": "Matrix2x2", "payoffs": [[[72,31],[17,24]],[[0,27],[13,0]]]},
"G303": {"type": "Matrix2x2", "payoffs": [[[0,45],[4,0]],[[30,86],[14,14]]]},
"G304": {"type": "Matrix2x2", "payoffs": [[[69,8],[73,12]],[[0,0],[68,2]]]},
"G305": {"type": "Matrix2x2", "payoffs": [[[51,34],[47,2]],[[0,30],[28,0]]]},
"G306": {"type": "Matrix2x2", "payoffs": [[[5,63],[0,21]],[[7,0],[40,71]]]},
"G307": {"type": "Matrix2x2", "payoffs": [[[0,1],[74,6]],[[29,0],[58,4]]]},
"G308": {"type": "Matrix2x2", "payoffs": [[[6,8],[0,0]],[[94,92],[42,15]]]},
"G309": {"type": "Matrix2x2", "payoffs": [[[0,2],[27,71]],[[42,72],[21,0]]]},
"G310": {"type": "Matrix2x2", "payoffs": [[[6,0],[0,20]],[[44,36],[37,4]]]},
"G311": {"type": "Matrix2x2", "payoffs": [[[0,19],[14,0]],[[85,27],[72,2]]]},
"G312": {"type": "Matrix2x2", "payoffs": [[[22,66],[1,39]],[[10,0],[0,1]]]},
"G313": {"type": "Matrix2x2", "payoffs": [[[0,44],[30,0]],[[68,75],[34,60]]]},
"G314": {"type": "Matrix2x2", "payoffs": [[[14,35],[1,18]],[[2,0],[0,16]]]},
"G315": {"type": "Matrix2x2", "payoffs": [[[12,23],[0,42]],[[46,68],[23,0]]]},
"G316": {"type": "Matrix2x2", "payoffs": [[[63,6],[0,2]],[[12,1],[34,0]]]},
"G317": {"type": "Matrix2x2", "payoffs": [[[17,0],[0,9]],[[16,15],[21,17]]]},
"G318": {"type": "Matrix2x2", "payoffs": [[[50,73],[0,81]],[[78,0],[90,82]]]},
"G319": {"type": "Matrix2x2", "payoffs": [[[73,67],[96,86]],[[48,0],[0,40]]]},
"G320": {"type": "Matrix2x2", "payoffs": [[[38,62],[19,0]],[[18,13],[0,34]]]},
"G321": {"type": "Matrix2x2", "payoffs": [[[0,1],[28,0]],[[73,40],[72,5]]]},
"G322": {"type": "Matrix2x2", "payoffs": [[[0,2],[91,5]],[[47,3],[20,0]]]},
"G323": {"type": "Matrix2x2", "payoffs": [[[81,98],[35,0]],[[0,86],[42,26]]]},
"G324": {"type": "Matrix2x2", "payoffs": [[[33,76],[25,0]],[[0,72],[10,8]]]},
"G325": {"type": "Matrix2x2", "payoffs": [[[57,72],[0,0]],[[95,75],[69,38]]]},
"G326": {"type": "Matrix2x2", "payoffs": [[[16,32],[4,15]],[[0,27],[13,0]]]},
"G327": {"type": "Matrix2x2", "payoffs": [[[14,0],[28,43]],[[0,3],[17,31]]]},
"G328": {"type": "Matrix2x2", "payoffs": [[[20,37],[8,11]],[[0,0],[9,26]]]},
"G329": {"type": "Matrix2x2", "payoffs": [[[60,0],[0,7]],[[90,36],[48,21]]]},
"G330": {"type": "Matrix2x2", "payoffs": [[[44,5],[0,8]],[[5,0],[49,32]]]},
"G331": {"type": "Matrix2x2", "payoffs": [[[36,14],[0,2]],[[8,7],[9,0]]]},
"G332": {"type": "Matrix2x2", "payoffs": [[[31,26],[90,30]],[[28,10],[0,0]]]},
"G333": {"type": "Matrix2x2", "payoffs": [[[16,4],[31,0]],[[0,2],[62,5]]]},
"G334": {"type": "Matrix2x2", "payoffs": [[[0,5],[41,94]],[[32,0],[3,40]]]},
"G335": {"type": "Matrix2x2", "payoffs": [[[28,3],[0,7]],[[5,0],[69,19]]]},
"G336": {"type": "Matrix2x2", "payoffs": [[[21,0],[0,7]],[[27,30],[18,18]]]},
"G337": {"type": "Matrix2x2", "payoffs": [[[35,78],[25,37]],[[0,0],[12,28]]]},
"G338": {"type": "Matrix2x2", "payoffs": [[[40,47],[46,97]],[[0,0],[35,94]]]},
"G339": {"type": "Matrix2x2", "payoffs": [[[31,0],[45,32]],[[0,50],[62,83]]]},
"G340": {"type": "Matrix2x2", "payoffs": [[[97,16],[43,0]],[[0,12],[83,14]]]},
"G341": {"type": "Matrix2x2", "payoffs": [[[78,83],[72,32]],[[0,25],[17,0]]]},
"G342": {"type": "Matrix2x2", "payoffs": [[[10,36],[67,53]],[[59,46],[0,0]]]},
"G343": {"type": "Matrix2x2", "payoffs": [[[71,51],[0,2]],[[70,0],[72,55]]]},
"G344": {"type": "Matrix2x2", "payoffs": [[[67,22],[0,0]],[[31,13],[38,14]]]},
"G345": {"type": "Matrix2x2", "payoffs": [[[16,21],[2,7]],[[1,13],[0,0]]]},
"G346": {"type": "Matrix2x2", "payoffs": [[[0,11],[90,42]],[[78,0],[80,13]]]},
"G347": {"type": "Matrix2x2", "payoffs": [[[88,98],[28,0]],[[0,81],[5,40]]]},
"G348": {"type": "Matrix2x2", "payoffs": [[[63,0],[36,8]],[[0,5],[69,66]]]},
"G349": {"type": "Matrix2x2", "payoffs": [[[32,17],[0,13]],[[100,31],[10,0]]]},
"G350": {"type": "Matrix2x2", "payoffs": [[[38,58],[30,0]],[[58,69],[0,45]]]},
"G351": {"type": "Matrix2x2", "payoffs": [[[64,12],[0,10]],[[19,0],[73,21]]]},
"G352": {"type": "Matrix2x2", "payoffs": [[[4,0],[25,23]],[[0,49],[34,65]]]},
"G353": {"type": "Matrix2x2", "payoffs": [[[50,15],[89,17]],[[84,8],[0,0]]]},
"G354": {"type": "Matrix2x2", "payoffs": [[[1,0],[78,90]],[[9,33],[0,18]]]},
"G355": {"type": "Matrix2x2", "payoffs": [[[1,5],[51,8]],[[0,0],[18,6]]]},
"G356": {"type": "Matrix2x2", "payoffs": [[[59,54],[54,53]],[[11,16],[0,0]]]},
"G357": {"type": "Matrix2x2", "payoffs": [[[87,3],[0,0]],[[40,1],[17,2]]]},
"G358": {"type": "Matrix2x2", "payoffs": [[[44,0],[40,37]],[[91,51],[0,41]]]},
"G359": {"type": "Matrix2x2", "payoffs": [[[40,2],[0,1]],[[22,0],[42,4]]]},
"G360": {"type": "Matrix2x2", "payoffs": [[[0,0],[2,44]],[[5,77],[3,14]]]},
"G361": {"type": "Matrix2x2", "payoffs": [[[14,91],[0,0]],[[7,19],[1,13]]]},
"G362": {"type": "Matrix2x2", "payoffs": [[[25,33],[34,17]],[[45,70],[0,0]]]},
"G363": {"type": "Matrix2x2", "payoffs": [[[5,56],[0,0]],[[8,77],[2,59]]]},
"G364": {"type": "Matrix2x2", "payoffs": [[[7,41],[0,0]],[[10,16],[34,55]]]},
"G365": {"type": "Matrix2x2", "payoffs": [[[0,0],[21,45]],[[90,49],[29,26]]]},
"G366": {"type": "Matrix2x2", "payoffs": [[[5,4],[18,14]],[[29,50],[0,0]]]},
"G367": {"type": "Matrix2x2", "payoffs": [[[75,1],[41,0]],[[0,29],[84,33]]]},
"G368": {"type": "Matrix2x2", "payoffs": [[[0,13],[24,38]],[[3,0],[8,12]]]},
"G369": {"type": "Matrix2x2", "payoffs": [[[24,0],[0,42]],[[76,74],[100,78]]]},
"G370": {"type": "Matrix2x2", "payoffs": [[[7,2],[71,0]],[[72,7],[0,4]]]},
"G371": {"type": "Matrix2x2", "payoffs": [[[12,14],[0,5]],[[6,0],[9,8]]]},
"G372": {"type": "Matrix2x2", "payoffs": [[[46,21],[38,0]],[[42,8],[0,14]]]},
"G373": {"type": "Matrix2x2", "payoffs": [[[35,0],[25,22]],[[39,32],[0,5]]]},
"G374": {"type": "Matrix2x2", "payoffs": [[[0,6],[67,0]],[[100,7],[77,1]]]},
"G375": {"type": "Matrix2x2", "payoffs": [[[5,1],[87,13]],[[0,5],[53,0]]]},
"G376": {"type": "Matrix2x2", "payoffs": [[[19,0],[0,2]],[[63,12],[98,56]]]},
"G377": {"type": "Matrix2x2", "payoffs": [[[0,12],[24,19]],[[17,9],[14,0]]]},
"G378": {"type": "Matrix2x2", "payoffs": [[[0,8],[59,14]],[[37,0],[61,18]]]},
"G379": {"type": "Matrix2x2", "payoffs": [[[28,5],[0,3]],[[2,0],[80,12]]]},
"G380": {"type": "Matrix2x2", "payoffs": [[[82,12],[61,0]],[[0,3],[47,7]]]},
"G381": {"type": "Matrix2x2", "payoffs": [[[0,45],[34,55]],[[30,0],[93,61]]]},
"G382": {"type": "Matrix2x2", "payoffs": [[[76,93],[0,6]],[[57,0],[34,88]]]},
"G383": {"type": "Matrix2x2", "payoffs": [[[10,0],[7,2]],[[0,15],[12,30]]]},
"G384": {"type": "Matrix2x2", "payoffs": [[[84,94],[0,89]],[[9,0],[68,59]]]},
"G385": {"type": "Matrix2x2", "payoffs": [[[0,0],[94,16]],[[39,13],[24,1]]]},
"G386": {"type": "Matrix2x2", "payoffs": [[[19,4],[22,0]],[[30,18],[0,8]]]},
"G387": {"type": "Matrix2x2", "payoffs": [[[6,5],[5,0]],[[11,27],[0,7]]]},
"G388": {"type": "Matrix2x2", "payoffs": [[[18,47],[17,0]],[[0,40],[10,3]]]},
"G389": {"type": "Matrix2x2", "payoffs": [[[3,33],[2,71]],[[33,77],[0,0]]]},
"G390": {"type": "Matrix2x2", "payoffs": [[[26,94],[20,8]],[[8,15],[0,0]]]},
"G391": {"type": "Matrix2x2", "payoffs": [[[0,0],[27,1]],[[36,8],[5,3]]]},
"G392": {"type": "Matrix2x2", "payoffs": [[[6,23],[0,11]],[[5,0],[2,5]]]},
"G393": {"type": "Matrix2x2", "payoffs": [[[91,74],[0,0]],[[36,6],[41,67]]]},
"G394": {"type": "Matrix2x2", "payoffs": [[[0,0],[34,16]],[[48,37],[12,4]]]},
"G395": {"type": "Matrix2x2", "payoffs": [[[63,16],[46,0]],[[59,13],[0,1]]]},
"G396": {"type": "Matrix2x2", "payoffs": [[[73,97],[60,40]],[[0,21],[21,0]]]},
"G397": {"type": "Matrix2x2", "payoffs": [[[48,26],[54,59]],[[34,22],[0,0]]]},
"G398": {"type": "Matrix2x2", "payoffs": [[[0,0],[35,44]],[[7,37],[36,48]]]},
"G399": {"type": "Matrix2x2", "payoffs": [[[4,48],[21,0]],[[0,13],[29,58]]]},
"G400": {"type": "Matrix2x2", "payoffs": [[[26,5],[75,0]],[[0,9],[97,30]]]},
"G401": {"type": "Matrix2x2", "payoffs": [[[0,12],[59,37]],[[62,67],[38,0]]]},
"G402": {"type": "Matrix2x2", "payoffs": [[[0,24],[28,54]],[[19,0],[6,46]]]},
"G403": {"type": "Matrix2x2", "payoffs": [[[25,8],[0,0]],[[1,7],[26,31]]]},
"G404": {"type": "Matrix2x2", "payoffs": [[[39,1],[51,3]],[[11,2],[0,0]]]},
"G405": {"type": "Matrix2x2", "payoffs": [[[74,2],[90,8]],[[89,6],[0,0]]]},
"G406": {"type": "Matrix2x2", "payoffs": [[[42,23],[0,21]],[[57,36],[52,0]]]},
"G407": {"type": "Matrix2x2", "payoffs": [[[93,21],[65,10]],[[70,6],[0,0]]]},
"G408": {"type": "Matrix2x2", "payoffs": [[[1,72],[4,87]],[[2,0],[0,69]]]},
"G409": {"type": "Matrix2x2", "payoffs": [[[0,0],[4,52]],[[83,53],[66,10]]]},
"G410": {"type": "Matrix2x2", "payoffs": [[[67,0],[82,74]],[[0,47],[24,40]]]},
"G411": {"type": "Matrix2x2", "payoffs": [[[0,41],[26,76]],[[39,87],[23,0]]]},
"G412": {"type": "Matrix2x2", "payoffs": [[[45,21],[31,15]],[[0,0],[17,11]]]},
"G413": {"type": "Matrix2x2", "payoffs": [[[0,5],[57,19]],[[45,1],[53,0]]]},
"G414": {"type": "Matrix2x2", "payoffs": [[[2,23],[19,85]],[[0,48],[10,0]]]},
"G415": {"type": "Matrix2x2", "payoffs": [[[13,18],[20,38]],[[10,0],[0,9]]]},
"G416": {"type": "Matrix2x2", "payoffs": [[[6,65],[10,76]],[[0,0],[9,31]]]},
"G417": {"type": "Matrix2x2", "payoffs": [[[0,4],[42,9]],[[18,8],[11,0]]]},
"G418": {"type": "Matrix2x2", "payoffs": [[[87,27],[85,0]],[[0,9],[1,5]]]},
"G419": {"type": "Matrix2x2", "payoffs": [[[41,21],[37,0]],[[0,10],[48,68]]]},
"G420": {"type": "Matrix2x2", "payoffs": [[[26,92],[0,0]],[[4,26],[19,18]]]},
"G421": {"type": "Matrix2x2", "payoffs": [[[33,0],[0,8]],[[40,32],[21,30]]]},
"G422": {"type": "Matrix2x2", "payoffs": [[[56,16],[45,7]],[[24,0],[0,9]]]},
"G423": {"type": "Matrix2x2", "payoffs": [[[0,0],[1,10]],[[53,30],[7,9]]]},
"G424": {"type": "Matrix2x2", "payoffs": [[[21,28],[47,81]],[[0,43],[34,0]]]},
"G425": {"type": "Matrix2x2", "payoffs": [[[31,0],[95,100]],[[48,31],[0,86]]]},
"G426": {"type": "Matrix2x2", "payoffs": [[[88,61],[8,60]],[[0,0],[58,52]]]},
"G427": {"type": "Matrix2x2", "payoffs": [[[39,57],[0,30]],[[9,0],[34,16]]]},
"G428": {"type": "Matrix2x2", "payoffs": [[[10,0],[27,17]],[[35,38],[0,30]]]},
"G429": {"type": "Matrix2x2", "payoffs": [[[96,14],[6,1]],[[0,9],[33,0]]]},
"G430": {"type": "Matrix2x2", "payoffs": [[[4,14],[3,0]],[[33,86],[0,35]]]},
"G431": {"type": "Matrix2x2", "payoffs": [[[6,9],[7,10]],[[13,16],[0,0]]]},
"G432": {"type": "Matrix2x2", "payoffs": [[[29,28],[4,14]],[[0,0],[19,26]]]},
"G433": {"type": "Matrix2x2", "payoffs": [[[42,21],[20,18]],[[0,0],[36,5]]]},
"G434": {"type": "Matrix2x2", "payoffs": [[[0,15],[37,0]],[[51,25],[48,12]]]},
"G435": {"type": "Matrix2x2", "payoffs": [[[0,0],[3,1]],[[54,2],[97,3]]]},
"G436": {"type": "Matrix2x2", "payoffs": [[[6,87],[17,34]],[[37,91],[0,0]]]},
"G437": {"type": "Matrix2x2", "payoffs": [[[6,0],[30,25]],[[14,16],[0,8]]]},
"G438": {"type": "Matrix2x2", "payoffs": [[[53,13],[63,65]],[[0,50],[7,0]]]},
"G439": {"type": "Matrix2x2", "payoffs": [[[14,0],[0,13]],[[2,1],[35,14]]]},
"G440": {"type": "Matrix2x2", "payoffs": [[[75,20],[0,0]],[[68,16],[79,30]]]},
"G441": {"type": "Matrix2x2", "payoffs": [[[88,30],[22,13]],[[0,0],[90,40]]]},
"G442": {"type": "Matrix2x2", "payoffs": [[[13,18],[0,26]],[[84,37],[79,0]]]},
"G443": {"type": "Matrix2x2", "payoffs": [[[67,60],[60,12]],[[0,0],[92,78]]]},
"G444": {"type": "Matrix2x2", "payoffs": [[[81,96],[70,38]],[[18,94],[0,0]]]},
"G445": {"type": "Matrix2x2", "payoffs": [[[18,84],[0,56]],[[15,54],[16,0]]]},
"G446": {"type": "Matrix2x2", "payoffs": [[[52,21],[0,0]],[[15,7],[28,6]]]},
"G447": {"type": "Matrix2x2", "payoffs": [[[82,92],[35,56]],[[0,0],[24,24]]]},
"G448": {"type": "Matrix2x2", "payoffs": [[[0,27],[16,15]],[[35,0],[42,36]]]},
"G449": {"type": "Matrix2x2", "payoffs": [[[56,0],[97,69]],[[48,44],[0,1]]]},
"G450": {"type": "Matrix2x2", "payoffs": [[[64,8],[0,0]],[[18,29],[76,46]]]},
"G451": {"type": "Matrix2x2", "payoffs": [[[66,92],[19,0]],[[0,22],[36,65]]]},
"G452": {"type": "Matrix2x2", "payoffs": [[[58,67],[47,45]],[[0,0],[25,4]]]},
"G453": {"type": "Matrix2x2", "payoffs": [[[66,47],[36,6]],[[45,0],[0,3]]]},
"G454": {"type": "Matrix2x2", "payoffs": [[[38,44],[0,36]],[[23,0],[33,27]]]},
"G455": {"type": "Matrix2x2", "payoffs": [[[63,28],[57,0]],[[0,49],[65,78]]]},
"G456": {"type": "Matrix2x2", "payoffs": [[[1,49],[21,53]],[[20,0],[0,35]]]},
"G457": {"type": "Matrix2x2", "payoffs": [[[48,0],[12,14]],[[0,11],[79,52]]]},
"G458": {"type": "Matrix2x2", "payoffs": [[[7,0],[4,69]],[[24,87],[0,13]]]},
"G459": {"type": "Matrix2x2", "payoffs": [[[8,11],[49,32]],[[23,19],[0,0]]]},
"G460": {"type": "Matrix2x2", "payoffs": [[[12,0],[56,83]],[[0,8],[10,50]]]},
"G461": {"type": "Matrix2x2", "payoffs": [[[9,0],[88,68]],[[16,19],[0,52]]]},
"G462": {"type": "Matrix2x2", "payoffs": [[[19,0],[66,71]],[[0,27],[31,34]]]},
"G463": {"type": "Matrix2x2", "payoffs": [[[22,13],[28,27]],[[4,1],[0,0]]]},
"G464": {"type": "Matrix2x2", "payoffs": [[[33,0],[14,69]],[[46,86],[0,71]]]},
"G465": {"type": "Matrix2x2", "payoffs": [[[0,0],[37,15]],[[60,70],[45,12]]]},
"G466": {"type": "Matrix2x2", "payoffs": [[[15,12],[0,0]],[[9,6],[8,4]]]},
"G467": {"type": "Matrix2x2", "payoffs": [[[0,4],[6,2]],[[13,82],[10,0]]]},
"G468": {"type": "Matrix2x2", "payoffs": [[[0,0],[30,17]],[[98,60],[55,50]]]},
"G469": {"type": "Matrix2x2", "payoffs": [[[6,52],[0,0]],[[64,38],[77,54]]]},
"G470": {"type": "Matrix2x2", "payoffs": [[[5,0],[0,10]],[[7,59],[4,1]]]},
"G471": {"type": "Matrix2x2", "payoffs": [[[13,48],[0,51]],[[27,0],[37,60]]]},
"G472": {"type": "Matrix2x2", "payoffs": [[[98,64],[0,3]],[[44,60],[49,0]]]},
"G473": {"type": "Matrix2x2", "payoffs": [[[0,19],[100,46]],[[22,0],[79,32]]]},
"G474": {"type": "Matrix2x2", "payoffs": [[[0,60],[16,0]],[[26,39],[33,99]]]},
"G475": {"type": "Matrix2x2", "payoffs": [[[0,1],[87,0]],[[49,18],[92,21]]]},
"G476": {"type": "Matrix2x2", "payoffs": [[[0,0],[17,84]],[[1,7],[10,16]]]},
"G477": {"type": "Matrix2x2", "payoffs": [[[52,68],[46,0]],[[0,61],[19,12]]]},
"G478": {"type": "Matrix2x2", "payoffs": [[[20,3],[26,0]],[[0,2],[46,21]]]},
"G479": {"type": "Matrix2x2", "payoffs": [[[8,2],[36,3]],[[0,0],[13,1]]]},
"G480": {"type": "Matrix2x2", "payoffs": [[[0,0],[78,5]],[[81,19],[25,7]]]},
"G481": {"type": "Matrix2x2", "payoffs": [[[9,3],[0,0]],[[11,11],[1,10]]]},
"G482": {"type": "Matrix2x2", "payoffs": [[[71,3],[78,8]],[[66,7],[0,0]]]},
"G483": {"type": "Matrix2x2", "payoffs": [[[5,7],[37,15]],[[28,0],[0,8]]]},
"G484": {"type": "Matrix2x2", "payoffs": [[[8,46],[0,0]],[[7,31],[5,11]]]},
"G485": {"type": "Matrix2x2", "payoffs": [[[37,0],[66,8]],[[0,17],[68,18]]]},
"G486": {"type": "Matrix2x2", "payoffs": [[[12,35],[15,52]],[[0,24],[14,0]]]},
"G487": {"type": "Matrix2x2", "payoffs": [[[84,50],[36,0]],[[0,19],[35,16]]]},
"G488": {"type": "Matrix2x2", "payoffs": [[[39,13],[49,40]],[[42,31],[0,0]]]},
"G489": {"type": "Matrix2x2", "payoffs": [[[20,5],[0,2]],[[47,0],[97,30]]]},
"G490": {"type": "Matrix2x2", "payoffs": [[[43,0],[53,77]],[[29,5],[0,41]]]},
"G491": {"type": "Matrix2x2", "payoffs": [[[0,6],[11,7]],[[1,0],[3,1]]]},
"G492": {"type": "Matrix2x2", "payoffs": [[[48,38],[40,0]],[[38,17],[0,11]]]},
"G493": {"type": "Matrix2x2", "payoffs": [[[11,0],[0,5]],[[69,47],[7,43]]]},
"G494": {"type": "Matrix2x2", "payoffs": [[[29,3],[78,5]],[[40,0],[0,1]]]},
"G495": {"type": "Matrix2x2", "payoffs": [[[52,83],[23,14]],[[0,56],[18,0]]]},
"G496": {"type": "Matrix2x2", "payoffs": [[[16,0],[57,95]],[[0,36],[51,32]]]},
"G497": {"type": "Matrix2x2", "payoffs": [[[87,100],[4,0]],[[69,95],[0,97]]]},
"G498": {"type": "Matrix2x2", "payoffs": [[[0,0],[11,40]],[[52,81],[14,68]]]},
"G499": {"type": "Matrix2x2", "payoffs": [[[6,6],[0,5]],[[7,0],[11,7]]]},
"G500": {"type": "Matrix2x2", "payoffs": [[[52,0],[28,52]],[[0,54],[98,67]]]},
"G501": {"type": "Matrix2x2", "payoffs": [[[40,26],[35,0]],[[66,64],[0,29]]]},
"G502": {"type": "Matrix2x2", "payoffs": [[[61,69],[0,65]],[[13,5],[16,0]]]},
"G503": {"type": "Matrix2x2", "payoffs": [[[0,66],[75,82]],[[74,0],[50,55]]]},
"G504": {"type": "Matrix2x2", "payoffs": [[[18,38],[56,92]],[[0,63],[6,0]]]},
"G505": {"type": "Matrix2x2", "payoffs": [[[4,0],[0,14]],[[53,24],[19,16]]]},
"G506": {"type": "Matrix2x2", "payoffs": [[[15,0],[1,35]],[[17,74],[0,29]]]},
"G507": {"type": "Matrix2x2", "payoffs": [[[0,0],[35,69]],[[10,33],[46,93]]]},
"G508": {"type": "Matrix2x2", "payoffs": [[[69,21],[0,0]],[[56,2],[10,3]]]},
"G509": {"type": "Matrix2x2", "payoffs": [[[59,0],[0,15]],[[37,65],[61,84]]]},
"G510": {"type": "Matrix2x2", "payoffs": [[[36,15],[63,54]],[[0,38],[18,0]]]},
"G511": {"type": "Matrix2x2", "payoffs": [[[5,26],[2,24]],[[1,0],[0,17]]]},
"G512": {"type": "Matrix2x2", "payoffs": [[[0,0],[9,11]],[[13,27],[12,8]]]},
"G513": {"type": "Matrix2x2", "payoffs": [[[94,84],[72,0]],[[0,24],[3,45]]]},
"G514": {"type": "Matrix2x2", "payoffs": [[[83,44],[80,0]],[[50,38],[0,7]]]},
"G515": {"type": "Matrix2x2", "payoffs": [[[0,14],[100,37]],[[73,8],[89,0]]]},
"G516": {"type": "Matrix2x2", "payoffs": [[[26,78],[0,53]],[[21,36],[9,0]]]},
"G517": {"type": "Matrix2x2", "payoffs": [[[0,0],[78,17]],[[65,6],[15,2]]]},
"G518": {"type": "Matrix2x2", "payoffs": [[[0,68],[65,0]],[[72,74],[40,16]]]},
"G519": {"type": "Matrix2x2", "payoffs": [[[0,7],[78,20]],[[64,8],[33,0]]]},
"G520": {"type": "Matrix2x2", "payoffs": [[[0,41],[28,3]],[[4,0],[29,45]]]},
"G521": {"type": "Matrix2x2", "payoffs": [[[77,2],[0,52]],[[28,0],[97,54]]]},
"G522": {"type": "Matrix2x2", "payoffs": [[[0,5],[59,0]],[[72,40],[31,4]]]},
"G523": {"type": "Matrix2x2", "payoffs": [[[0,9],[22,30]],[[15,0],[12,27]]]},
"G524": {"type": "Matrix2x2", "payoffs": [[[13,6],[63,24]],[[0,0],[20,7]]]},
"G525": {"type": "Matrix2x2", "payoffs": [[[23,7],[0,0]],[[27,11],[20,9]]]},
"G526": {"type": "Matrix2x2", "payoffs": [[[39,38],[22,28]],[[0,0],[35,17]]]},
"G527": {"type": "Matrix2x2", "payoffs": [[[54,0],[64,17]],[[11,7],[0,2]]]},
"G528": {"type": "Matrix2x2", "payoffs": [[[10,41],[0,40]],[[9,0],[1,26]]]},
"G529": {"type": "Matrix2x2", "payoffs": [[[54,0],[59,49]],[[64,81],[0,48]]]},
"G530": {"type": "Matrix2x2", "payoffs": [[[0,0],[88,61]],[[23,20],[62,54]]]},
"G531": {"type": "Matrix2x2", "payoffs": [[[0,19],[27,4]],[[37,0],[39,28]]]},
"G532": {"type": "Matrix2x2", "payoffs": [[[10,0],[27,84]],[[0,15],[21,17]]]},
"G533": {"type": "Matrix2x2", "payoffs": [[[94,60],[19,33]],[[8,42],[0,0]]]},
"G534": {"type": "Matrix2x2", "payoffs": [[[85,36],[0,7]],[[34,2],[33,0]]]},
"G535": {"type": "Matrix2x2", "payoffs": [[[5,1],[11,34]],[[0,11],[8,0]]]},
"G536": {"type": "Matrix2x2", "payoffs": [[[0,10],[93,46]],[[40,16],[33,0]]]},
"G537": {"type": "Matrix2x2", "payoffs": [[[94,76],[49,62]],[[0,0],[58,56]]]},
"G538": {"type": "Matrix2x2", "payoffs": [[[9,62],[6,8]],[[2,34],[0,0]]]},
"G539": {"type": "Matrix2x2", "payoffs": [[[0,24],[17,87]],[[51,0],[55,90]]]},
"G540": {"type": "Matrix2x2", "payoffs": [[[30,35],[24,33]],[[0,0],[26,2]]]},
"G541": {"type": "Matrix2x2", "payoffs": [[[0,10],[50,95]],[[30,51],[36,0]]]},
"G542": {"type": "Matrix2x2", "payoffs": [[[71,10],[45,5]],[[54,9],[0,0]]]},
"G543": {"type": "Matrix2x2", "payoffs": [[[6,0],[0,5]],[[18,9],[15,2]]]},
"G544": {"type": "Matrix2x2", "payoffs": [[[0,0],[39,63]],[[29,19],[24,4]]]},
"G545": {"type": "Matrix2x2", "payoffs": [[[0,19],[5,0]],[[2,45],[10,49]]]},
"G546": {"type": "Matrix2x2", "payoffs": [[[0,11],[13,0]],[[12,2],[19,17]]]},
"G547": {"type": "Matrix2x2", "payoffs": [[[47,0],[6,56]],[[0,29],[58,81]]]},
"G548": {"type": "Matrix2x2", "payoffs": [[[1,4],[4,48]],[[0,0],[7,60]]]},
"G549": {"type": "Matrix2x2", "payoffs": [[[28,86],[0,0]],[[17,32],[29,100]]]},
"G550": {"type": "Matrix2x2", "payoffs": [[[0,38],[49,87]],[[15,59],[4,0]]]},
"G551": {"type": "Matrix2x2", "payoffs": [[[27,10],[7,2]],[[0,0],[48,73]]]},
"G552": {"type": "Matrix2x2", "payoffs": [[[3,16],[8,34]],[[1,0],[0,21]]]},
"G553": {"type": "Matrix2x2", "payoffs": [[[26,0],[12,8]],[[0,6],[33,20]]]},
"G554": {"type": "Matrix2x2", "payoffs": [[[70,18],[25,1]],[[77,42],[0,0]]]},
"G555": {"type": "Matrix2x2", "payoffs": [[[0,0],[23,72]],[[38,82],[7,58]]]},
"G556": {"type": "Matrix2x2", "payoffs": [[[17,15],[0,0]],[[4,13],[7,11]]]},
"G557": {"type": "Matrix2x2", "payoffs": [[[0,0],[59,96]],[[44,54],[53,39]]]},
"G558": {"type": "Matrix2x2", "payoffs": [[[65,37],[72,88]],[[0,0],[3,61]]]},
"G559": {"type": "Matrix2x2", "payoffs": [[[48,0],[8,5]],[[0,28],[80,74]]]},
"G560": {"type": "Matrix2x2", "payoffs": [[[1,0],[30,29]],[[28,25],[0,2]]]},
"G561": {"type": "Matrix2x2", "payoffs": [[[8,0],[26,97]],[[7,52],[0,80]]]},
"G562": {"type": "Matrix2x2", "payoffs": [[[76,20],[36,7]],[[0,14],[56,0]]]},
"G563": {"type": "Matrix2x2", "payoffs": [[[40,7],[0,0]],[[19,1],[22,2]]]},
"G564": {"type": "Matrix2x2", "payoffs": [[[0,63],[7,0]],[[6,85],[8,94]]]},
"G565": {"type": "Matrix2x2", "payoffs": [[[0,0],[2,9]],[[15,54],[12,47]]]},
"G566": {"type": "Matrix2x2", "payoffs": [[[53,95],[0,58]],[[12,50],[15,0]]]},
"G567": {"type": "Matrix2x2", "payoffs": [[[0,0],[95,24]],[[64,19],[74,6]]]},
"G568": {"type": "Matrix2x2", "payoffs": [[[0,13],[44,0]],[[61,83],[51,67]]]},
"G569": {"type": "Matrix2x2", "payoffs": [[[1,6],[0,0]],[[5,3],[8,8]]]},
"G570": {"type": "Matrix2x2", "payoffs": [[[55,74],[67,84]],[[0,9],[62,0]]]},
"G571": {"type": "Matrix2x2", "payoffs": [[[0,45],[25,47]],[[77,0],[78,83]]]},
"G572": {"type": "Matrix2x2", "payoffs": [[[0,0],[52,16]],[[34,13],[4,12]]]},
"G573": {"type": "Matrix2x2", "payoffs": [[[95,41],[37,36]],[[44,0],[0,38]]]},
"G574": {"type": "Matrix2x2", "payoffs": [[[86,56],[78,28]],[[0,30],[84,0]]]},
"G575": {"type": "Matrix2x2", "payoffs": [[[85,3],[26,1]],[[82,2],[0,0]]]},
"G576": {"type": "Matrix2x2", "payoffs": [[[0,0],[50,17]],[[18,11],[79,18]]]},
"G577": {"type": "Matrix2x2", "payoffs": [[[0,0],[39,68]],[[5,7],[6,29]]]},
"G578": {"type": "Matrix2x2", "payoffs": [[[43,0],[83,39]],[[14,34],[0,28]]]},
"G579": {"type": "Matrix2x2", "payoffs": [[[2,37],[8,0]],[[0,61],[37,78]]]},
"G580": {"type": "Matrix2x2", "payoffs": [[[0,30],[30,0]],[[47,59],[34,35]]]},
"G581": {"type": "Matrix2x2", "payoffs": [[[12,18],[0,0]],[[21,4],[46,32]]]},
"G582": {"type": "Matrix2x2", "payoffs": [[[10,0],[0,30]],[[27,33],[4,7]]]},
"G583": {"type": "Matrix2x2", "payoffs": [[[72,94],[0,42]],[[13,28],[26,0]]]},
"G584": {"type": "Matrix2x2", "payoffs": [[[0,16],[43,0]],[[39,18],[48,89]]]},
"G585": {"type": "Matrix2x2", "payoffs": [[[34,4],[12,1]],[[3,0],[0,2]]]},
"G586": {"type": "Matrix2x2", "payoffs": [[[91,80],[56,61]],[[0,0],[36,11]]]},
"G587": {"type": "Matrix2x2", "payoffs": [[[39,16],[34,19]],[[0,0],[67,27]]]},
"G588": {"type": "Matrix2x2", "payoffs": [[[14,0],[18,49]],[[35,59],[0,58]]]},
"G589": {"type": "Matrix2x2", "payoffs": [[[40,4],[54,0]],[[84,33],[0,15]]]},
"G590": {"type": "Matrix2x2", "payoffs": [[[0,0],[19,15]],[[10,9],[37,23]]]},
"G591": {"type": "Matrix2x2", "payoffs": [[[33,0],[45,59]],[[83,64],[0,21]]]},
"G592": {"type": "Matrix2x2", "payoffs": [[[8,40],[68,54]],[[0,41],[64,0]]]},
"G593": {"type": "Matrix2x2", "payoffs": [[[0,32],[21,41]],[[12,16],[6,0]]]},
"G594": {"type": "Matrix2x2", "payoffs": [[[7,55],[36,68]],[[5,0],[0,37]]]},
"G595": {"type": "Matrix2x2", "payoffs": [[[65,13],[0,0]],[[47,8],[32,3]]]},
"G596": {"type": "Matrix2x2", "payoffs": [[[47,12],[56,76]],[[0,0],[15,58]]]},
"G597": {"type": "Matrix2x2", "payoffs": [[[1,4],[0,73]],[[24,89],[20,0]]]},
"G598": {"type": "Matrix2x2", "payoffs": [[[5,91],[2,0]],[[0,9],[1,68]]]},
"G599": {"type": "Matrix2x2", "payoffs": [[[4,5],[0,62]],[[26,90],[8,0]]]},
"G600": {"type": "Matrix2x2", "payoffs": [[[9,0],[14,25]],[[0,10],[61,26]]]},
"G601": {"type": "Matrix2x2", "payoffs": [[[79,0],[87,4]],[[32,3],[0,2]]]},
"G602": {"type": "Matrix2x2", "payoffs": [[[16,55],[0,0]],[[5,34],[14,11]]]},
"G603": {"type": "Matrix2x2", "payoffs": [[[87,51],[0,0]],[[32,28],[4,18]]]},
"G604": {"type": "Matrix2x2", "payoffs": [[[24,42],[36,25]],[[0,0],[44,46]]]},
"G605": {"type": "Matrix2x2", "payoffs": [[[8,0],[5,2]],[[0,1],[14,13]]]},
"G606": {"type": "Matrix2x2", "payoffs": [[[35,62],[0,90]],[[71,93],[60,0]]]},
"G607": {"type": "Matrix2x2", "payoffs": [[[0,13],[22,56]],[[61,75],[28,0]]]},
"G608": {"type": "Matrix2x2", "payoffs": [[[0,11],[27,0]],[[31,98],[20,57]]]},
"G609": {"type": "Matrix2x2", "payoffs": [[[0,2],[3,1]],[[89,4],[28,0]]]},
"G610": {"type": "Matrix2x2", "payoffs": [[[48,24],[82,0]],[[88,27],[0,21]]]},
"G611": {"type": "Matrix2x2", "payoffs": [[[49,36],[44,15]],[[6,20],[0,0]]]},
"G612": {"type": "Matrix2x2", "payoffs": [[[57,0],[66,68]],[[0,50],[34,35]]]},
"G613": {"type": "Matrix2x2", "payoffs": [[[0,1],[52,2]],[[59,5],[14,0]]]},
"G614": {"type": "Matrix2x2", "payoffs": [[[39,16],[14,14]],[[0,0],[66,27]]]},
"G615": {"type": "Matrix2x2", "payoffs": [[[6,0],[23,75]],[[13,41],[0,68]]]},
"G616": {"type": "Matrix2x2", "payoffs": [[[12,28],[28,0]],[[30,45],[0,3]]]},
"G617": {"type": "Matrix2x2", "payoffs": [[[0,9],[7,0]],[[13,19],[9,10]]]},
"G618": {"type": "Matrix2x2", "payoffs": [[[51,23],[28,0]],[[0,41],[57,55]]]},
"G619": {"type": "Matrix2x2", "payoffs": [[[15,0],[0,56]],[[99,63],[38,43]]]},
"G620": {"type": "Matrix2x2", "payoffs": [[[1,29],[2,0]],[[3,54],[0,27]]]},
"G621": {"type": "Matrix2x2", "payoffs": [[[7,63],[5,0]],[[2,28],[0,26]]]},
"G622": {"type": "Matrix2x2", "payoffs": [[[50,0],[79,99]],[[0,85],[52,12]]]},
"G623": {"type": "Matrix2x2", "payoffs": [[[0,1],[18,13]],[[28,36],[9,0]]]},
"G624": {"type": "Matrix2x2", "payoffs": [[[14,0],[26,46]],[[0,41],[1,34]]]},
"G625": {"type": "Matrix2x2", "payoffs": [[[15,41],[32,72]],[[0,0],[1,1]]]},
"G626": {"type": "Matrix2x2", "payoffs": [[[71,48],[0,7]],[[2,0],[61,17]]]},
"G627": {"type": "Matrix2x2", "payoffs": [[[4,3],[0,0]],[[7,1],[10,4]]]},
"G628": {"type": "Matrix2x2", "payoffs": [[[71,6],[0,12]],[[87,14],[32,0]]]},
"G629": {"type": "Matrix2x2", "payoffs": [[[23,22],[76,43]],[[0,37],[6,0]]]},
"G630": {"type": "Matrix2x2", "payoffs": [[[22,46],[10,0]],[[7,23],[0,2]]]},
"G631": {"type": "Matrix2x2", "payoffs": [[[0,0],[23,71]],[[2,13],[20,58]]]},
"G632": {"type": "Matrix2x2", "payoffs": [[[18,35],[0,20]],[[21,95],[9,0]]]},
"G633": {"type": "Matrix2x2", "payoffs": [[[21,42],[17,0]],[[0,50],[36,51]]]},
"G634": {"type": "Matrix2x2", "payoffs": [[[94,24],[1,3]],[[85,0],[0,20]]]},
"G635": {"type": "Matrix2x2", "payoffs": [[[0,0],[29,84]],[[19,7],[12,54]]]},
"G636": {"type": "Matrix2x2", "payoffs": [[[4,0],[69,81]],[[0,20],[16,57]]]},
"G637": {"type": "Matrix2x2", "payoffs": [[[0,2],[64,0]],[[100,3],[73,1]]]},
"G638": {"type": "Matrix2x2", "payoffs": [[[29,25],[0,23]],[[7,17],[28,0]]]},
"G639": {"type": "Matrix2x2", "payoffs": [[[2,9],[3,0]],[[6,21],[0,14]]]},
"G640": {"type": "Matrix2x2", "payoffs": [[[78,3],[0,0]],[[92,43],[46,11]]]},
"G641": {"type": "Matrix2x2", "payoffs": [[[0,0],[20,10]],[[30,23],[19,5]]]},
"G642": {"type": "Matrix2x2", "payoffs": [[[0,0],[55,17]],[[63,45],[30,7]]]},
"G643": {"type": "Matrix2x2", "payoffs": [[[88,10],[0,9]],[[9,0],[89,14]]]},
"G644": {"type": "Matrix2x2", "payoffs": [[[18,47],[0,0]],[[71,25],[74,62]]]},
"G645": {"type": "Matrix2x2", "payoffs": [[[15,62],[58,65]],[[0,0],[57,25]]]},
"G646": {"type": "Matrix2x2", "payoffs": [[[0,30],[42,59]],[[14,20],[16,0]]]},
"G647": {"type": "Matrix2x2", "payoffs": [[[57,23],[38,8]],[[0,11],[31,0]]]},
"G648": {"type": "Matrix2x2", "payoffs": [[[53,22],[47,0]],[[0,14],[26,21]]]},
"G649": {"type": "Matrix2x2", "payoffs": [[[24,68],[0,34]],[[6,0],[5,26]]]},
"G650": {"type": "Matrix2x2", "payoffs": [[[71,31],[0,0]],[[87,72],[21,16]]]},
"G651": {"type": "Matrix2x2", "payoffs": [[[0,0],[54,15]],[[12,14],[31,3]]]},
"G652": {"type": "Matrix2x2", "payoffs": [[[16,14],[0,0]],[[34,30],[26,21]]]},
"G653": {"type": "Matrix2x2", "payoffs": [[[9,5],[0,0]],[[2,91],[15,99]]]},
"G654": {"type": "Matrix2x2", "payoffs": [[[56,0],[5,75]],[[76,87],[0,85]]]},
"G655": {"type": "Matrix2x2", "payoffs": [[[0,21],[2,48]],[[37,0],[39,72]]]},
"G656": {"type": "Matrix2x2", "payoffs": [[[18,77],[26,74]],[[55,92],[0,0]]]},
"G657": {"type": "Matrix2x2", "payoffs": [[[4,54],[8,93]],[[0,35],[6,0]]]},
"G658": {"type": "Matrix2x2", "payoffs": [[[16,12],[24,23]],[[4,20],[0,0]]]},
"G659": {"type": "Matrix2x2", "payoffs": [[[12,53],[11,0]],[[22,59],[0,10]]]},
"G660": {"type": "Matrix2x2", "payoffs": [[[0,37],[4,41]],[[1,0],[3,29]]]},
"G661": {"type": "Matrix2x2", "payoffs": [[[36,27],[66,35]],[[63,0],[0,8]]]},
"G662": {"type": "Matrix2x2", "payoffs": [[[18,28],[0,70]],[[15,0],[76,74]]]},
"G663": {"type": "Matrix2x2", "payoffs": [[[47,60],[42,0]],[[9,7],[0,15]]]},
"G664": {"type": "Matrix2x2", "payoffs": [[[41,0],[78,29]],[[0,9],[7,14]]]},
"G665": {"type": "Matrix2x2", "payoffs": [[[27,0],[0,3]],[[21,47],[59,58]]]},
"G666": {"type": "Matrix2x2", "payoffs": [[[89,29],[82,25]],[[0,4],[32,0]]]},
"G667": {"type": "Matrix2x2", "payoffs": [[[98,52],[91,16]],[[0,29],[84,0]]]},
"G668": {"type": "Matrix2x2", "payoffs": [[[36,0],[51,47]],[[0,8],[5,17]]]},
"G669": {"type": "Matrix2x2", "payoffs": [[[31,61],[0,1]],[[10,0],[16,28]]]},
"G670": {"type": "Matrix2x2", "payoffs": [[[49,18],[87,73]],[[0,0],[21,65]]]},
"G671": {"type": "Matrix2x2", "payoffs": [[[0,0],[64,21]],[[74,68],[86,98]]]},
"G672": {"type": "Matrix2x2", "payoffs": [[[57,18],[56,10]],[[16,0],[0,7]]]},
"G673": {"type": "Matrix2x2", "payoffs": [[[62,0],[0,6]],[[69,11],[47,8]]]},
"G674": {"type": "Matrix2x2", "payoffs": [[[1,42],[47,56]],[[0,3],[35,0]]]},
"G675": {"type": "Matrix2x2", "payoffs": [[[61,48],[49,0]],[[40,18],[0,34]]]},
"G676": {"type": "Matrix2x2", "payoffs": [[[95,62],[1,27]],[[15,0],[0,32]]]},
"G677": {"type": "Matrix2x2", "payoffs": [[[37,52],[17,0]],[[0,14],[23,34]]]},
"G678": {"type": "Matrix2x2", "payoffs": [[[60,79],[17,55]],[[4,77],[0,0]]]},
"G679": {"type": "Matrix2x2", "payoffs": [[[4,33],[0,0]],[[5,20],[14,76]]]},
"G680": {"type": "Matrix2x2", "payoffs": [[[51,64],[0,12]],[[22,3],[14,0]]]},
"G681": {"type": "Matrix2x2", "payoffs": [[[0,0],[58,22]],[[81,36],[3,34]]]},
"G682": {"type": "Matrix2x2", "payoffs": [[[13,17],[12,1]],[[4,0],[0,10]]]},
"G683": {"type": "Matrix2x2", "payoffs": [[[8,53],[0,42]],[[33,0],[50,67]]]},
"G684": {"type": "Matrix2x2", "payoffs": [[[0,65],[22,42]],[[27,82],[3,0]]]},
"G685": {"type": "Matrix2x2", "payoffs": [[[2,41],[15,58]],[[0,0],[1,51]]]},
"G686": {"type": "Matrix2x2", "payoffs": [[[7,1],[0,0]],[[100,78],[58,62]]]},
"G687": {"type": "Matrix2x2", "payoffs": [[[0,0],[84,27]],[[37,14],[70,11]]]},
"G688": {"type": "Matrix2x2", "payoffs": [[[0,0],[15,21]],[[43,49],[38,9]]]},
"G689": {"type": "Matrix2x2", "payoffs": [[[19,28],[0,26]],[[17,4],[2,0]]]},
"G690": {"type": "Matrix2x2", "payoffs": [[[67,0],[64,24]],[[0,75],[76,93]]]},
"G691": {"type": "Matrix2x2", "payoffs": [[[0,0],[22,21]],[[45,67],[39,41]]]},
"G692": {"type": "Matrix2x2", "payoffs": [[[0,2],[25,0]],[[23,1],[54,4]]]},
"G693": {"type": "Matrix2x2", "payoffs": [[[100,12],[19,4]],[[13,3],[0,0]]]},
"G694": {"type": "Matrix2x2", "payoffs": [[[37,26],[23,22]],[[7,23],[0,0]]]},
"G695": {"type": "Matrix2x2", "payoffs": [[[34,61],[22,16]],[[0,40],[5,0]]]},
"G696": {"type": "Matrix2x2", "payoffs": [[[5,22],[95,38]],[[91,35],[0,0]]]},
"G697": {"type": "Matrix2x2", "payoffs": [[[19,0],[41,93]],[[4,46],[0,11]]]},
"G698": {"type": "Matrix2x2", "payoffs": [[[0,10],[19,0]],[[9,26],[93,81]]]},
"G699": {"type": "Matrix2x2", "payoffs": [[[57,0],[70,3]],[[0,1],[53,2]]]},
"G700": {"type": "Matrix2x2", "payoffs": [[[43,0],[67,23]],[[0,18],[38,7]]]},
"G701": {"type": "Matrix2x2", "payoffs": [[[0,10],[55,52]],[[29,0],[68,58]]]},
"G702": {"type": "Matrix2x2", "payoffs": [[[16,6],[13,47]],[[0,0],[17,85]]]},
"G703": {"type": "Matrix2x2", "payoffs": [[[68,76],[0,18]],[[13,14],[28,0]]]},
"G704": {"type": "Matrix2x2", "payoffs": [[[7,70],[24,85]],[[6,6],[0,0]]]},
"G705": {"type": "Matrix2x2", "payoffs": [[[0,18],[7,42]],[[15,85],[12,0]]]},
"G706": {"type": "Matrix2x2", "payoffs": [[[73,33],[4,29]],[[0,0],[39,23]]]},
"G707": {"type": "Matrix2x2", "payoffs": [[[1,17],[37,8]],[[0,0],[42,45]]]},
"G708": {"type": "Matrix2x2", "payoffs": [[[25,0],[3,6]],[[44,14],[0,8]]]},
"G709": {"type": "Matrix2x2", "payoffs": [[[64,4],[63,0]],[[95,6],[0,1]]]},
"G710": {"type": "Matrix2x2", "payoffs": [[[0,0],[14,5]],[[25,8],[13,4]]]},
"G711": {"type": "Matrix2x2", "payoffs": [[[39,0],[23,2]],[[48,24],[0,3]]]},
"G712": {"type": "Matrix2x2", "payoffs": [[[0,20],[37,29]],[[22,9],[5,0]]]},
"G713": {"type": "Matrix2x2", "payoffs": [[[70,68],[46,62]],[[21,0],[0,4]]]},
"G714": {"type": "Matrix2x2", "payoffs": [[[0,17],[66,42]],[[52,0],[26,39]]]},
"G715": {"type": "Matrix2x2", "payoffs": [[[0,93],[5,5]],[[13,99],[4,0]]]},
"G716": {"type": "Matrix2x2", "payoffs": [[[67,79],[0,65]],[[62,0],[3,45]]]},
"G717": {"type": "Matrix2x2", "payoffs": [[[69,53],[64,49]],[[0,33],[54,0]]]},
"G718": {"type": "Matrix2x2", "payoffs": [[[79,31],[69,30]],[[59,28],[0,0]]]},
"G719": {"type": "Matrix2x2", "payoffs": [[[0,0],[13,3]],[[20,10],[14,8]]]},
"G720": {"type": "Matrix2x2", "payoffs": [[[0,45],[20,4]],[[16,0],[69,67]]]},
"G721": {"type": "Matrix2x2", "payoffs": [[[55,0],[0,10]],[[92,23],[64,17]]]},
"G722": {"type": "Matrix2x2", "payoffs": [[[10,22],[0,27]],[[80,43],[43,0]]]},
"G723": {"type": "Matrix2x2", "payoffs": [[[48,37],[38,22]],[[0,0],[68,86]]]},
"G724": {"type": "Matrix2x2", "payoffs": [[[7,27],[22,0]],[[39,73],[0,13]]]},
"G725": {"type": "Matrix2x2", "payoffs": [[[15,85],[0,0]],[[10,22],[11,77]]]},
"G726": {"type": "Matrix2x2", "payoffs": [[[14,0],[0,38]],[[21,21],[29,48]]]},
"G727": {"type": "Matrix2x2", "payoffs": [[[0,54],[4,0]],[[34,23],[50,55]]]},
"G728": {"type": "Matrix2x2", "payoffs": [[[76,100],[0,17]],[[7,0],[56,59]]]},
"G729": {"type": "Matrix2x2", "payoffs": [[[1,0],[0,50]],[[3,70],[2,34]]]},
"G730": {"type": "Matrix2x2", "payoffs": [[[24,6],[22,28]],[[0,0],[30,38]]]},
"G731": {"type": "Matrix2x2", "payoffs": [[[26,0],[40,30]],[[64,31],[0,15]]]},
"G732": {"type": "Matrix2x2", "payoffs": [[[0,7],[7,0]],[[1,67],[8,90]]]},
"G733": {"type": "Matrix2x2", "payoffs": [[[9,57],[3,9]],[[0,0],[13,78]]]},
"G734": {"type": "Matrix2x2", "payoffs": [[[9,12],[1,0]],[[26,91],[0,88]]]},
"G735": {"type": "Matrix2x2", "payoffs": [[[85,73],[37,0]],[[60,70],[0,52]]]},
"G736": {"type": "Matrix2x2", "payoffs": [[[1,2],[7,4]],[[0,0],[2,1]]]},
"G737": {"type": "Matrix2x2", "payoffs": [[[28,4],[90,24]],[[0,0],[35,14]]]},
"G738": {"type": "Matrix2x2", "payoffs": [[[23,0],[43,91]],[[0,69],[24,31]]]},
"G739": {"type": "Matrix2x2", "payoffs": [[[0,0],[55,46]],[[6,34],[28,26]]]},
"G740": {"type": "Matrix2x2", "payoffs": [[[91,0],[22,3]],[[0,50],[97,68]]]},
"G741": {"type": "Matrix2x2", "payoffs": [[[27,0],[3,27]],[[58,95],[0,45]]]},
"G742": {"type": "Matrix2x2", "payoffs": [[[34,0],[44,36]],[[0,13],[64,67]]]},
"G743": {"type": "Matrix2x2", "payoffs": [[[4,12],[3,18]],[[14,40],[0,0]]]},
"G744": {"type": "Matrix2x2", "payoffs": [[[2,43],[16,89]],[[9,78],[0,0]]]},
"G745": {"type": "Matrix2x2", "payoffs": [[[53,76],[0,0]],[[52,39],[38,60]]]},
"G746": {"type": "Matrix2x2", "payoffs": [[[7,17],[59,51]],[[32,0],[0,39]]]},
"G747": {"type": "Matrix2x2", "payoffs": [[[86,98],[55,35]],[[29,11],[0,0]]]},
"G748": {"type": "Matrix2x2", "payoffs": [[[69,41],[33,36]],[[0,23],[49,0]]]},
"G749": {"type": "Matrix2x2", "payoffs": [[[0,18],[56,37]],[[55,0],[6,31]]]},
"G750": {"type": "Matrix2x2", "payoffs": [[[2,14],[9,11]],[[29,23],[0,0]]]},
"G751": {"type": "Matrix2x2", "payoffs": [[[78,30],[0,1]],[[52,26],[67,0]]]},
"G752": {"type": "Matrix2x2", "payoffs": [[[34,96],[13,0]],[[0,60],[3,17]]]},
"G753": {"type": "Matrix2x2", "payoffs": [[[34,11],[7,5]],[[0,8],[8,0]]]},
"G754": {"type": "Matrix2x2", "payoffs": [[[0,8],[41,12]],[[76,24],[70,0]]]},
"G755": {"type": "Matrix2x2", "payoffs": [[[4,0],[0,5]],[[2,23],[11,78]]]},
"G756": {"type": "Matrix2x2", "payoffs": [[[41,3],[0,0]],[[26,1],[4,2]]]},
"G757": {"type": "Matrix2x2", "payoffs": [[[70,39],[13,0]],[[88,66],[0,48]]]},
"G758": {"type": "Matrix2x2", "payoffs": [[[0,42],[97,0]],[[100,52],[51,2]]]},
"G759": {"type": "Matrix2x2", "payoffs": [[[0,10],[30,19]],[[20,0],[38,30]]]},
"G760": {"type": "Matrix2x2", "payoffs": [[[56,47],[94,66]],[[88,42],[0,0]]]},
"G761": {"type": "Matrix2x2", "payoffs": [[[94,96],[0,27]],[[84,0],[70,78]]]},
"G762": {"type": "Matrix2x2", "payoffs": [[[0,0],[36,3]],[[43,4],[23,1]]]},
"G763": {"type": "Matrix2x2", "payoffs": [[[74,20],[0,33]],[[80,41],[48,0]]]},
"G764": {"type": "Matrix2x2", "payoffs": [[[31,4],[30,2]],[[0,0],[34,54]]]},
"G765": {"type": "Matrix2x2", "payoffs": [[[39,26],[24,0]],[[54,87],[0,70]]]},
"G766": {"type": "Matrix2x2", "payoffs": [[[40,72],[11,0]],[[37,62],[0,39]]]},
"G767": {"type": "Matrix2x2", "payoffs": [[[14,22],[58,95]],[[48,38],[0,0]]]},
"G768": {"type": "Matrix2x2", "payoffs": [[[19,0],[86,42]],[[80,22],[0,41]]]},
"G769": {"type": "Matrix2x2", "payoffs": [[[0,0],[40,23]],[[28,3],[19,9]]]},
"G770": {"type": "Matrix2x2", "payoffs": [[[0,53],[6,86]],[[2,66],[1,0]]]},
"G771": {"type": "Matrix2x2", "payoffs": [[[25,82],[14,0]],[[0,28],[82,89]]]},
"G772": {"type": "Matrix2x2", "payoffs": [[[23,10],[16,0]],[[24,20],[0,7]]]},
"G773": {"type": "Matrix2x2", "payoffs": [[[0,3],[89,5]],[[6,0],[66,2]]]},
"G774": {"type": "Matrix2x2", "payoffs": [[[53,47],[43,30]],[[27,0],[0,16]]]},
"G775": {"type": "Matrix2x2", "payoffs": [[[87,5],[74,3]],[[35,0],[0,1]]]},
"G776": {"type": "Matrix2x2", "payoffs": [[[36,1],[74,0]],[[95,24],[0,23]]]},
"G777": {"type": "Matrix2x2", "payoffs": [[[39,5],[3,0]],[[0,1],[34,3]]]},
"G778": {"type": "Matrix2x2", "payoffs": [[[11,0],[17,11]],[[14,4],[0,1]]]},
"G779": {"type": "Matrix2x2", "payoffs": [[[3,8],[12,10]],[[4,0],[0,6]]]},
"G780": {"type": "Matrix2x2", "payoffs": [[[1,0],[16,17]],[[0,78],[18,85]]]},
"G781": {"type": "Matrix2x2", "payoffs": [[[0,5],[25,0]],[[78,14],[28,2]]]},
"G782": {"type": "Matrix2x2", "payoffs": [[[0,0],[51,18]],[[66,24],[21,1]]]},
"G783": {"type": "Matrix2x2", "payoffs": [[[0,49],[2,62]],[[1,0],[3,65]]]},
"G784": {"type": "Matrix2x2", "payoffs": [[[0,64],[68,84]],[[14,26],[36,0]]]},
"G785": {"type": "Matrix2x2", "payoffs": [[[0,3],[28,11]],[[65,17],[37,0]]]},
"G786": {"type": "Matrix2x2", "payoffs": [[[0,12],[36,13]],[[74,63],[59,0]]]},
"G787": {"type": "Matrix2x2", "payoffs": [[[0,0],[68,41]],[[71,95],[1,90]]]},
"G788": {"type": "Matrix2x2", "payoffs": [[[38,24],[0,0]],[[49,65],[28,62]]]},
"G789": {"type": "Matrix2x2", "payoffs": [[[29,0],[3,15]],[[41,28],[0,5]]]},
"G790": {"type": "Matrix2x2", "payoffs": [[[0,0],[32,62]],[[24,27],[4,52]]]},
"G791": {"type": "Matrix2x2", "payoffs": [[[0,0],[25,28]],[[52,2],[64,86]]]},
"G792": {"type": "Matrix2x2", "payoffs": [[[5,5],[0,11]],[[1,0],[6,19]]]},
"G793": {"type": "Matrix2x2", "payoffs": [[[11,13],[32,27]],[[15,0],[0,7]]]},
"G794": {"type": "Matrix2x2", "payoffs": [[[41,5],[0,4]],[[6,0],[34,2]]]},
"G795": {"type": "Matrix2x2", "payoffs": [[[29,0],[0,23]],[[52,76],[50,53]]]},
"G796": {"type": "Matrix2x2", "payoffs": [[[76,38],[28,11]],[[1,0],[0,33]]]},
"G797": {"type": "Matrix2x2", "payoffs": [[[91,62],[3,25]],[[0,49],[72,0]]]},
"G798": {"type": "Matrix2x2", "payoffs": [[[22,0],[0,28]],[[6,22],[35,30]]]},
"G799": {"type": "Matrix2x2", "payoffs": [[[29,0],[87,25]],[[0,24],[97,40]]]},
"G800": {"type": "Matrix2x2", "payoffs": [[[0,12],[1,0]],[[17,77],[82,83]]]},
"G801": {"type": "Matrix2x2", "payoffs": [[[0,2],[12,6]],[[3,0],[17,7]]]},
"G802": {"type": "Matrix2x2", "payoffs": [[[32,3],[2,8]],[[56,11],[0,0]]]},
"G803": {"type": "Matrix2x2", "payoffs": [[[0,20],[65,23]],[[45,0],[20,19]]]},
"G804": {"type": "Matrix2x2", "payoffs": [[[93,22],[25,12]],[[0,0],[84,15]]]},
"G805": {"type": "Matrix2x2", "payoffs": [[[12,11],[27,22]],[[34,41],[0,0]]]},
"G806": {"type": "Matrix2x2", "payoffs": [[[12,22],[32,53]],[[24,0],[0,19]]]},
"G807": {"type": "Matrix2x2", "payoffs": [[[30,18],[0,0]],[[42,38],[52,66]]]},
"G808": {"type": "Matrix2x2", "payoffs": [[[0,36],[3,0]],[[23,9],[60,64]]]},
"G809": {"type": "Matrix2x2", "payoffs": [[[34,11],[89,47]],[[0,6],[1,0]]]},
"G810": {"type": "Matrix2x2", "payoffs": [[[63,42],[0,0]],[[37,20],[4,24]]]},
"G811": {"type": "Matrix2x2", "payoffs": [[[39,3],[0,29]],[[41,66],[22,0]]]},
"G812": {"type": "Matrix2x2", "payoffs": [[[50,8],[78,20]],[[0,3],[5,0]]]},
"G813": {"type": "Matrix2x2", "payoffs": [[[0,0],[3,34]],[[24,8],[37,53]]]},
"G814": {"type": "Matrix2x2", "payoffs": [[[36,0],[79,59]],[[16,18],[0,14]]]},
"G815": {"type": "Matrix2x2", "payoffs": [[[12,7],[55,13]],[[0,4],[29,0]]]},
"G816": {"type": "Matrix2x2", "payoffs": [[[0,0],[25,10]],[[62,14],[45,13]]]},
"G817": {"type": "Matrix2x2", "payoffs": [[[40,1],[33,2]],[[0,0],[93,3]]]},
"G818": {"type": "Matrix2x2", "payoffs": [[[0,35],[14,0]],[[12,37],[18,77]]]},
"G819": {"type": "Matrix2x2", "payoffs": [[[10,55],[7,29]],[[3,0],[0,39]]]},
"G820": {"type": "Matrix2x2", "payoffs": [[[28,56],[0,39]],[[20,0],[2,17]]]},
"G821": {"type": "Matrix2x2", "payoffs": [[[5,0],[0,26]],[[1,41],[9,72]]]},
"G822": {"type": "Matrix2x2", "payoffs": [[[47,52],[0,19]],[[33,0],[23,28]]]},
"G823": {"type": "Matrix2x2", "payoffs": [[[6,0],[9,99]],[[0,81],[3,54]]]},
"G824": {"type": "Matrix2x2", "payoffs": [[[0,0],[18,56]],[[42,93],[33,49]]]},
"G825": {"type": "Matrix2x2", "payoffs": [[[22,0],[60,19]],[[12,14],[0,12]]]},
"G826": {"type": "Matrix2x2", "payoffs": [[[12,7],[15,22]],[[11,0],[0,13]]]},
"G827": {"type": "Matrix2x2", "payoffs": [[[72,0],[22,84]],[[76,100],[0,66]]]},
"G828": {"type": "Matrix2x2", "payoffs": [[[24,84],[0,0]],[[15,9],[21,44]]]},
"G829": {"type": "Matrix2x2", "payoffs": [[[19,51],[0,0]],[[47,68],[29,58]]]},
"G830": {"type": "Matrix2x2", "payoffs": [[[53,6],[0,0]],[[16,10],[96,14]]]},
"G831": {"type": "Matrix2x2", "payoffs": [[[18,42],[96,49]],[[0,0],[86,40]]]},
"G832": {"type": "Matrix2x2", "payoffs": [[[9,79],[5,37]],[[2,74],[0,0]]]},
"G833": {"type": "Matrix2x2", "payoffs": [[[0,53],[9,94]],[[2,86],[6,0]]]},
"G834": {"type": "Matrix2x2", "payoffs": [[[26,21],[15,13]],[[31,64],[0,0]]]},
"G835": {"type": "Matrix2x2", "payoffs": [[[0,12],[6,0]],[[19,21],[11,20]]]},
"G836": {"type": "Matrix2x2", "payoffs": [[[12,32],[52,98]],[[0,24],[8,0]]]},
"G837": {"type": "Matrix2x2", "payoffs": [[[3,46],[9,97]],[[4,71],[0,0]]]},
"G838": {"type": "Matrix2x2", "payoffs": [[[0,15],[79,39]],[[73,38],[62,0]]]},
"G839": {"type": "Matrix2x2", "payoffs": [[[0,0],[5,8]],[[14,7],[22,47]]]},
"G840": {"type": "Matrix2x2", "payoffs": [[[15,58],[0,44]],[[6,0],[21,68]]]},
"G841": {"type": "Matrix2x2", "payoffs": [[[28,18],[0,0]],[[50,28],[2,19]]]},
"G842": {"type": "Matrix2x2", "payoffs": [[[72,95],[32,6]],[[59,0],[0,85]]]},
"G843": {"type": "Matrix2x2", "payoffs": [[[6,94],[2,79]],[[0,21],[1,0]]]},
"G844": {"type": "Matrix2x2", "payoffs": [[[34,33],[0,0]],[[5,20],[2,13]]]},
"G845": {"type": "Matrix2x2", "payoffs": [[[0,57],[18,0]],[[58,79],[3,30]]]},
"G846": {"type": "Matrix2x2", "payoffs": [[[19,89],[15,60]],[[1,0],[0,22]]]},
"G847": {"type": "Matrix2x2", "payoffs": [[[7,14],[9,22]],[[16,32],[0,0]]]},
"G848": {"type": "Matrix2x2", "payoffs": [[[49,0],[24,55]],[[71,99],[0,24]]]},
"G849": {"type": "Matrix2x2", "payoffs": [[[67,33],[0,0]],[[32,15],[94,50]]]},
"G850": {"type": "Matrix2x2", "payoffs": [[[29,27],[0,7]],[[14,9],[12,0]]]},
"G851": {"type": "Matrix2x2", "payoffs": [[[0,20],[65,56]],[[31,0],[82,76]]]},
"G852": {"type": "Matrix2x2", "payoffs": [[[27,9],[90,20]],[[55,18],[0,0]]]},
"G853": {"type": "Matrix2x2", "payoffs": [[[77,0],[0,61]],[[78,70],[54,29]]]},
"G854": {"type": "Matrix2x2", "payoffs": [[[0,13],[11,0]],[[1,6],[93,36]]]},
"G855": {"type": "Matrix2x2", "payoffs": [[[0,47],[21,27]],[[18,0],[22,64]]]},
"G856": {"type": "Matrix2x2", "payoffs": [[[0,39],[2,59]],[[23,81],[7,0]]]},
"G857": {"type": "Matrix2x2", "payoffs": [[[0,9],[40,0]],[[50,10],[19,1]]]},
"G858": {"type": "Matrix2x2", "payoffs": [[[31,80],[26,0]],[[25,54],[0,9]]]},
"G859": {"type": "Matrix2x2", "payoffs": [[[19,0],[14,16]],[[0,2],[42,19]]]},
"G860": {"type": "Matrix2x2", "payoffs": [[[3,0],[2,10]],[[0,41],[6,65]]]},
"G861": {"type": "Matrix2x2", "payoffs": [[[2,0],[16,78]],[[7,46],[0,30]]]},
"G862": {"type": "Matrix2x2", "payoffs": [[[57,70],[9,46]],[[0,0],[68,80]]]},
"G863": {"type": "Matrix2x2", "payoffs": [[[30,33],[4,10]],[[26,0],[0,29]]]},
"G864": {"type": "Matrix2x2", "payoffs": [[[48,12],[20,15]],[[0,0],[55,20]]]},
"G865": {"type": "Matrix2x2", "payoffs": [[[0,0],[29,9]],[[1,13],[49,31]]]},
"G866": {"type": "Matrix2x2", "payoffs": [[[8,16],[5,14]],[[0,0],[7,2]]]},
"G867": {"type": "Matrix2x2", "payoffs": [[[21,24],[0,4]],[[54,27],[38,0]]]},
"G868": {"type": "Matrix2x2", "payoffs": [[[30,10],[37,14]],[[20,0],[0,5]]]},
"G869": {"type": "Matrix2x2", "payoffs": [[[53,63],[0,7]],[[11,0],[29,43]]]},
"G870": {"type": "Matrix2x2", "payoffs": [[[42,65],[0,0]],[[14,21],[26,32]]]},
"G871": {"type": "Matrix2x2", "payoffs": [[[61,53],[19,0]],[[22,39],[0,43]]]},
"G872": {"type": "Matrix2x2", "payoffs": [[[9,78],[2,32]],[[0,0],[28,98]]]},
"G873": {"type": "Matrix2x2", "payoffs": [[[92,62],[63,53]],[[12,9],[0,0]]]},
"G874": {"type": "Matrix2x2", "payoffs": [[[3,50],[66,73]],[[0,0],[18,4]]]},
"G875": {"type": "Matrix2x2", "payoffs": [[[19,46],[0,0]],[[49,52],[51,61]]]},
"G876": {"type": "Matrix2x2", "payoffs": [[[32,0],[0,11]],[[61,15],[5,10]]]},
"G877": {"type": "Matrix2x2", "payoffs": [[[71,86],[0,0]],[[66,52],[65,72]]]},
"G878": {"type": "Matrix2x2", "payoffs": [[[2,6],[0,10]],[[3,0],[16,11]]]},
"G879": {"type": "Matrix2x2", "payoffs": [[[0,33],[66,64]],[[22,0],[58,41]]]},
"G880": {"type": "Matrix2x2", "payoffs": [[[18,14],[0,0]],[[5,34],[20,92]]]},
"G881": {"type": "Matrix2x2", "payoffs": [[[0,35],[4,0]],[[6,46],[72,95]]]},
"G882": {"type": "Matrix2x2", "payoffs": [[[63,5],[0,0]],[[42,1],[76,53]]]},
"G883": {"type": "Matrix2x2", "payoffs": [[[53,0],[56,68]],[[0,2],[51,40]]]},
"G884": {"type": "Matrix2x2", "payoffs": [[[19,91],[0,76]],[[14,0],[12,2]]]},
"G885": {"type": "Matrix2x2", "payoffs": [[[0,45],[12,2]],[[74,0],[99,54]]]},
"G886": {"type": "Matrix2x2", "payoffs": [[[19,0],[9,27]],[[0,29],[41,39]]]},
"G887": {"type": "Matrix2x2", "payoffs": [[[54,0],[0,43]],[[46,11],[80,44]]]},
"G888": {"type": "Matrix2x2", "payoffs": [[[4,27],[2,13]],[[6,28],[0,0]]]},
"G889": {"type": "Matrix2x2", "payoffs": [[[6,96],[3,49]],[[2,0],[0,68]]]},
"G890": {"type": "Matrix2x2", "payoffs": [[[80,79],[45,48]],[[60,63],[0,0]]]},
"G891": {"type": "Matrix2x2", "payoffs": [[[27,22],[0,13]],[[15,11],[12,0]]]},
"G892": {"type": "Matrix2x2", "payoffs": [[[65,0],[16,75]],[[98,97],[0,18]]]},
"G893": {"type": "Matrix2x2", "payoffs": [[[0,56],[7,0]],[[8,64],[6,14]]]},
"G894": {"type": "Matrix2x2", "payoffs": [[[28,53],[31,87]],[[0,0],[25,74]]]},
"G895": {"type": "Matrix2x2", "payoffs": [[[0,18],[40,22]],[[20,0],[4,15]]]},
"G896": {"type": "Matrix2x2", "payoffs": [[[0,1],[32,4]],[[70,0],[100,5]]]},
"G897": {"type": "Matrix2x2", "payoffs": [[[0,3],[64,52]],[[2,6],[63,0]]]},
"G898": {"type": "Matrix2x2", "payoffs": [[[5,0],[97,68]],[[0,15],[41,3]]]},
"G899": {"type": "Matrix2x2", "payoffs": [[[0,0],[43,7]],[[42,3],[11,6]]]},
"G900": {"type": "Matrix2x2", "payoffs": [[[0,0],[10,8]],[[8,6],[11,35]]]},
"G901": {"type": "Matrix2x2", "payoffs": [[[94,63],[69,12]],[[0,20],[4,0]]]},
"G902": {"type": "Matrix2x2", "payoffs": [[[8,37],[0,5]],[[3,0],[34,62]]]},
"G903": {"type": "Matrix2x2", "payoffs": [[[0,55],[7,0]],[[4,37],[9,70]]]},
"G904": {"type": "Matrix2x2", "payoffs": [[[0,62],[25,0]],[[50,45],[52,66]]]},
"G905": {"type": "Matrix2x2", "payoffs": [[[43,42],[13,50]],[[0,0],[59,62]]]},
"G906": {"type": "Matrix2x2", "payoffs": [[[0,0],[29,33]],[[15,4],[84,98]]]},
"G907": {"type": "Matrix2x2", "payoffs": [[[35,14],[10,2]],[[0,0],[24,10]]]},
"G908": {"type": "Matrix2x2", "payoffs": [[[23,0],[42,47]],[[0,32],[1,26]]]},
"G909": {"type": "Matrix2x2", "payoffs": [[[68,78],[42,0]],[[0,23],[54,25]]]},
"G910": {"type": "Matrix2x2", "payoffs": [[[39,65],[10,47]],[[8,0],[0,46]]]},
"G911": {"type": "Matrix2x2", "payoffs": [[[1,0],[5,12]],[[3,1],[0,8]]]},
"G912": {"type": "Matrix2x2", "payoffs": [[[66,7],[0,0]],[[71,59],[41,27]]]},
"G913": {"type": "Matrix2x2", "payoffs": [[[88,91],[70,0]],[[32,56],[0,25]]]},
"G914": {"type": "Matrix2x2", "payoffs": [[[28,54],[24,2]],[[71,64],[0,0]]]},
"G915": {"type": "Matrix2x2", "payoffs": [[[19,35],[79,50]],[[0,0],[7,28]]]},
"G916": {"type": "Matrix2x2", "payoffs": [[[84,16],[88,41]],[[69,0],[0,11]]]},
"G917": {"type": "Matrix2x2", "payoffs": [[[0,0],[48,34]],[[41,13],[64,38]]]},
"G918": {"type": "Matrix2x2", "payoffs": [[[3,29],[49,45]],[[0,0],[13,9]]]},
"G919": {"type": "Matrix2x2", "payoffs": [[[3,0],[35,83]],[[13,76],[0,55]]]},
"G920": {"type": "Matrix2x2", "payoffs": [[[32,0],[41,31]],[[3,5],[0,24]]]},
"G921": {"type": "Matrix2x2", "payoffs": [[[0,0],[64,7]],[[32,3],[28,5]]]},
"G922": {"type": "Matrix2x2", "payoffs": [[[62,0],[0,21]],[[91,33],[85,31]]]},
"G923": {"type": "Matrix2x2", "payoffs": [[[0,34],[6,71]],[[5,54],[3,0]]]},
"G924": {"type": "Matrix2x2", "payoffs": [[[39,20],[0,0]],[[48,7],[63,43]]]},
"G925": {"type": "Matrix2x2", "payoffs": [[[72,44],[9,5]],[[0,12],[20,0]]]},
"G926": {"type": "Matrix2x2", "payoffs": [[[7,51],[15,60]],[[0,34],[8,0]]]},
"G927": {"type": "Matrix2x2", "payoffs": [[[0,29],[47,0]],[[45,77],[84,86]]]},
"G928": {"type": "Matrix2x2", "payoffs": [[[0,54],[3,0]],[[4,25],[8,89]]]},
"G929": {"type": "Matrix2x2", "payoffs": [[[37,0],[0,87]],[[96,99],[49,34]]]},
"G930": {"type": "Matrix2x2", "payoffs": [[[5,49],[0,0]],[[18,24],[59,61]]]},
"G931": {"type": "Matrix2x2", "payoffs": [[[18,41],[0,22]],[[40,50],[21,0]]]},
"G932": {"type": "Matrix2x2", "payoffs": [[[25,41],[0,0]],[[27,56],[15,42]]]},
"G933": {"type": "Matrix2x2", "payoffs": [[[44,27],[17,0]],[[0,25],[38,5]]]},
"G934": {"type": "Matrix2x2", "payoffs": [[[0,2],[17,3]],[[26,5],[21,0]]]},
"G935": {"type": "Matrix2x2", "payoffs": [[[4,70],[0,67]],[[13,94],[8,0]]]},
"G936": {"type": "Matrix2x2", "payoffs": [[[45,22],[84,62]],[[79,0],[0,24]]]},
"G937": {"type": "Matrix2x2", "payoffs": [[[0,0],[60,3]],[[8,1],[17,2]]]},
"G938": {"type": "Matrix2x2", "payoffs": [[[7,20],[4,0]],[[8,46],[0,10]]]},
"G939": {"type": "Matrix2x2", "payoffs": [[[54,29],[0,0]],[[51,8],[42,14]]]},
"G940": {"type": "Matrix2x2", "payoffs": [[[59,26],[62,15]],[[95,53],[0,0]]]},
"G941": {"type": "Matrix2x2", "payoffs": [[[0,23],[3,41]],[[8,0],[10,72]]]},
"G942": {"type": "Matrix2x2", "payoffs": [[[5,4],[9,6]],[[4,0],[0,2]]]},
"G943": {"type": "Matrix2x2", "payoffs": [[[22,74],[9,0]],[[12,8],[0,47]]]},
"G944": {"type": "Matrix2x2", "payoffs": [[[30,10],[0,5]],[[33,0],[62,17]]]},
"G945": {"type": "Matrix2x2", "payoffs": [[[0,5],[16,70]],[[9,55],[11,0]]]},
"G946": {"type": "Matrix2x2", "payoffs": [[[1,17],[0,2]],[[2,0],[4,18]]]},
"G947": {"type": "Matrix2x2", "payoffs": [[[33,97],[32,0]],[[24,20],[0,84]]]},
"G948": {"type": "Matrix2x2", "payoffs": [[[17,87],[0,86]],[[18,0],[97,93]]]},
"G949": {"type": "Matrix2x2", "payoffs": [[[9,78],[15,90]],[[6,15],[0,0]]]},
"G950": {"type": "Matrix2x2", "payoffs": [[[1,11],[0,0]],[[5,48],[3,40]]]},
"G951": {"type": "Matrix2x2", "payoffs": [[[29,1],[0,0]],[[39,13],[6,5]]]},
"G952": {"type": "Matrix2x2", "payoffs": [[[26,0],[82,48]],[[29,42],[0,5]]]},
"G953": {"type": "Matrix2x2", "payoffs": [[[22,9],[54,20]],[[34,0],[0,4]]]},
"G954": {"type": "Matrix2x2", "payoffs": [[[18,71],[13,0]],[[8,16],[0,2]]]},
"G955": {"type": "Matrix2x2", "payoffs": [[[4,50],[1,0]],[[0,7],[2,16]]]},
"G956": {"type": "Matrix2x2", "payoffs": [[[53,17],[84,23]],[[0,6],[60,0]]]},
"G957": {"type": "Matrix2x2", "payoffs": [[[11,54],[7,46]],[[0,10],[2,0]]]},
"G958": {"type": "Matrix2x2", "payoffs": [[[20,13],[0,17]],[[72,28],[25,0]]]},
"G959": {"type": "Matrix2x2", "payoffs": [[[14,0],[0,23]],[[1,2],[15,79]]]},
"G960": {"type": "Matrix2x2", "payoffs": [[[7,48],[0,0]],[[6,35],[5,29]]]},
"G961": {"type": "Matrix2x2", "payoffs": [[[5,46],[0,0]],[[68,62],[16,35]]]},
"G962": {"type": "Matrix2x2", "payoffs": [[[16,7],[76,9]],[[24,0],[0,4]]]},
"G963": {"type": "Matrix2x2", "payoffs": [[[0,19],[1,17]],[[5,20],[2,0]]]},
"G964": {"type": "Matrix2x2", "payoffs": [[[6,45],[13,0]],[[0,58],[14,75]]]},
"G965": {"type": "Matrix2x2", "payoffs": [[[6,20],[9,27]],[[8,0],[0,22]]]},
"G966": {"type": "Matrix2x2", "payoffs": [[[13,6],[0,25]],[[85,44],[47,0]]]},
"G967": {"type": "Matrix2x2", "payoffs": [[[64,55],[11,12]],[[0,17],[22,0]]]},
"G968": {"type": "Matrix2x2", "payoffs": [[[0,72],[17,0]],[[1,29],[55,100]]]},
"G969": {"type": "Matrix2x2", "payoffs": [[[43,99],[0,41]],[[19,0],[17,65]]]},
"G970": {"type": "Matrix2x2", "payoffs": [[[7,2],[0,0]],[[15,8],[5,3]]]},
"G971": {"type": "Matrix2x2", "payoffs": [[[11,30],[0,11]],[[27,0],[36,34]]]},
"G972": {"type": "Matrix2x2", "payoffs": [[[0,35],[54,0]],[[57,63],[77,80]]]},
"G973": {"type": "Matrix2x2", "payoffs": [[[0,0],[22,8]],[[26,20],[17,2]]]},
"G974": {"type": "Matrix2x2", "payoffs": [[[88,0],[0,44]],[[12,36],[97,93]]]},
"G975": {"type": "Matrix2x2", "payoffs": [[[62,28],[32,0]],[[0,14],[68,53]]]},
"G976": {"type": "Matrix2x2", "payoffs": [[[65,38],[2,0]],[[0,25],[3,10]]]},
"G977": {"type": "Matrix2x2", "payoffs": [[[46,0],[0,13]],[[99,29],[70,1]]]},
"G978": {"type": "Matrix2x2", "payoffs": [[[0,19],[35,4]],[[46,0],[70,80]]]},
"G979": {"type": "Matrix2x2", "payoffs": [[[0,15],[76,89]],[[5,40],[41,0]]]},
"G980": {"type": "Matrix2x2", "payoffs": [[[19,12],[10,2]],[[0,0],[25,13]]]},
"G981": {"type": "Matrix2x2", "payoffs": [[[24,3],[87,25]],[[40,1],[0,0]]]},
"G982": {"type": "Matrix2x2", "payoffs": [[[80,12],[18,10]],[[92,25],[0,0]]]},
"G983": {"type": "Matrix2x2", "payoffs": [[[2,0],[35,43]],[[5,11],[0,40]]]},
"G984": {"type": "Matrix2x2", "payoffs": [[[0,0],[21,4]],[[39,20],[25,11]]]},
"G985": {"type": "Matrix2x2", "payoffs": [[[5,4],[29,10]],[[0,0],[26,7]]]},
"G986": {"type": "Matrix2x2", "payoffs": [[[67,0],[83,58]],[[0,25],[38,29]]]},
"G987": {"type": "Matrix2x2", "payoffs": [[[55,4],[56,38]],[[0,0],[4,21]]]},
"G988": {"type": "Matrix2x2", "payoffs": [[[0,0],[91,32]],[[48,9],[81,16]]]},
"G989": {"type": "Matrix2x2", "payoffs": [[[37,0],[68,63]],[[65,49],[0,45]]]},
"G990": {"type": "Matrix2x2", "payoffs": [[[81,8],[63,1]],[[0,7],[9,0]]]},
"G991": {"type": "Matrix2x2", "payoffs": [[[7,4],[94,29]],[[1,28],[0,0]]]},
"G992": {"type": "Matrix2x2", "payoffs": [[[0,5],[71,3]],[[84,6],[66,0]]]},
"G993": {"type": "Matrix2x2", "payoffs": [[[2,0],[73,5]],[[74,68],[0,62]]]},
"G994": {"type": "Matrix2x2", "payoffs": [[[5,24],[26,48]],[[25,13],[0,0]]]},
"G995": {"type": "Matrix2x2", "payoffs": [[[46,83],[38,2]],[[6,0],[0,69]]]},
"G996": {"type": "Matrix2x2", "payoffs": [[[53,21],[69,36]],[[0,0],[10,13]]]},
"G997": {"type": "Matrix2x2", "payoffs": [[[88,0],[91,48]],[[84,18],[0,13]]]},
"G998": {"type": "Matrix2x2", "payoffs": [[[18,26],[0,51]],[[90,77],[71,0]]]},
"G999": {"type": "Matrix2x2", "payoffs": [[[13,17],[61,0]],[[0,49],[71,60]]]},
"G1000": {"type": "Matrix2x2", "payoffs": [[[0,9],[31,18]],[[17,10],[12,0]]]}
}