{
"numGames": 1000,
"G1": {"type": "Matrix2x2", "payoffs": [[[0,0],[95,4]],[[81,2],[91,3]]]},
"G2": {"type": "Matrix2x2", "payoffs": [[[30,0],[12,57]],[[0,1],[71,84]]]},
"G3": {"type": "Matrix2x2", "payoffs": [[[16,58],[0,0]],[[13,24],[28,68]]]},
"G4": {"type": "Matrix2x2", "payoffs": [[[0,0],[78,32]],[[17,39],[99,43]]]},
"G5": {"type": "Matrix2x2", "payoffs": [[[78,58],[11,0]],[[38,53],[0,6]]]},
"G6": {"type": "Matrix2x2", "payoffs": [[[20,43],[4,17]],[[0,0],[9,33]]]},
"G7": {"type": "Matrix2x2", "payoffs": [[[23,14],[20,0]],[[11,6],[0,8]]]},
"G8": {"type": "Matrix2x2", "payoffs": [[[29,72],[21,39]],[[25,30],[0,0]]]},
"G9": {"type": "Matrix2x2", "payoffs": [[[33,0],[40,40]],[[0,10],[36,16]]]},
"G10": {"type": "Matrix2x2", "payoffs": [[[46,0],[30,4]],[[0,32],[48,76]]]},
"G11": {"type": "Matrix2x2", "payoffs": [[[0,6],[21,0]],[[25,38],[17,29]]]},
"G12": {"type": "Matrix2x2", "payoffs": [[[32,65],[0,0]],[[2,57],[4,27]]]},
"G13": {"type": "Matrix2x2", "payoffs": [[[0,28],[26,80]],[[29,100],[2,0]]]},
"G14": {"type": "Matrix2x2", "payoffs": [[[0,0],[69,10]],[[7,7],[75,13]]]},
"G15": {"type": "Matrix2x2", "payoffs": [[[13,28],[7,24]],[[2,0],[0,1]]]},
"G16": {"type": "Matrix2x2", "payoffs": [[[0,46],[36,52]],[[18,16],[14,0]]]},
"G17": {"type": "Matrix2x2", "payoffs": [[[73,10],[57,0]],[[0,1],[61,7]]]},
"G18": {"type": "Matrix2x2", "payoffs": [[[72,43],[0,0]],[[4,23],[5,28]]]},
"G19": {"type": "Matrix2x2", "payoffs": [[[0,30],[34,0]],[[81,86],[25,20]]]},
"G20": {"type": "Matrix2x2", "payoffs": [[[29,29],[12,14]],[[8,0],[0,9]]]},
"G21": {"type": "Matrix2x2", "payoffs": [[[19,0],[0,10]],[[85,54],[1,9]]]},
"G22": {"type": "Matrix2x2", "payoffs": [[[0,0],[9,3]],[[31,67],[24,15]]]},
"G23": {"type": "Matrix2x2", "payoffs": [[[0,0],[1,9]],[[7,18],[8,35]]]},
"G24": {"type": "Matrix2x2", "payoffs": [[[22,0],[0,7]],[[46,26],[35,15]]]},
"G25": {"type": "Matrix2x2", "payoffs": [[[6,4],[2,1]],[[0,2],[1,0]]]},
"G26": {"type": "Matrix2x2", "payoffs": [[[0,5],[7,0]],[[6,2],[15,7]]]},
"G27": {"type": "Matrix2x2", "payoffs": [[[19,91],[23,92]],[[16,47],[0,0]]]},
"G28": {"type": "Matrix2x2", "payoffs": [[[0,0],[13,36]],[[5,43],[59,44]]]},
"G29": {"type": "Matrix2x2", "payoffs": [[[70,14],[76,0]],[[83,55],[0,33]]]},
"G30": {"type": "Matrix2x2", "payoffs": [[[0,3],[8,1]],[[17,5],[15,0]]]},
"G31": {"type": "Matrix2x2", "payoffs": [[[100,76],[0,0]],[[45,74],[15,34]]]},
"G32": {"type": "Matrix2x2", "payoffs": [[[5,37],[0,19]],[[7,0],[8,67]]]},
"G33": {"type": "Matrix2x2", "payoffs": [[[0,0],[43,3]],[[16,9],[59,12]]]},
"G34": {"type": "Matrix2x2", "payoffs": [[[3,0],[0,48]],[[2,39],[4,49]]]},
"G35": {"type": "Matrix2x2", "payoffs": [[[8,32],[18,97]],[[3,0],[0,51]]]},
"G36": {"type": "Matrix2x2", "payoffs": [[[21,14],[25,2]],[[0,0],[41,29]]]},
"G37": {"type": "Matrix2x2", "payoffs": [[[0,44],[76,71]],[[9,67],[67,0]]]},
"G38": {"type": "Matrix2x2", "payoffs": [[[3,38],[0,35]],[[1,0],[2,32]]]},
"G39": {"type": "Matrix2x2", "payoffs": [[[5,4],[18,2]],[[0,0],[47,18]]]},
"G40": {"type": "Matrix2x2", "payoffs": [[[90,29],[99,61]],[[35,49],[0,0]]]},
"G41": {"type": "Matrix2x2", "payoffs": [[[68,42],[0,0]],[[51,55],[71,69]]]},
"G42": {"type": "Matrix2x2", "payoffs": [[[26,25],[60,24]],[[0,0],[94,100]]]},
"G43": {"type": "Matrix2x2", "payoffs": [[[6,90],[0,46]],[[2,0],[11,98]]]},
"G44": {"type": "Matrix2x2", "payoffs": [[[28,27],[52,88]],[[47,35],[0,0]]]},
"G45": {"type": "Matrix2x2", "payoffs": [[[0,11],[25,9]],[[17,0],[42,12]]]},
"G46": {"type": "Matrix2x2", "payoffs": [[[37,0],[0,13]],[[81,51],[20,34]]]},
"G47": {"type": "Matrix2x2", "payoffs": [[[13,3],[0,0]],[[33,5],[14,1]]]},
"G48": {"type": "Matrix2x2", "payoffs": [[[0,0],[35,97]],[[19,33],[6,64]]]},
"G49": {"type": "Matrix2x2", "payoffs": [[[48,22],[1,16]],[[0,7],[5,0]]]},
"G50": {"type": "Matrix2x2", "payoffs": [[[0,0],[1,47]],[[5,62],[3,17]]]},
"G51": {"type": "Matrix2x2", "payoffs": [[[14,38],[4,17]],[[0,0],[34,81]]]},
"G52": {"type": "Matrix2x2", "payoffs": [[[14,6],[20,0]],[[24,9],[0,2]]]},
"G53": {"type": "Matrix2x2", "payoffs": [[[0,62],[20,100]],[[8,0],[5,7]]]},
"G54": {"type": "Matrix2x2", "payoffs": [[[0,28],[93,45]],[[89,35],[78,0]]]},
"G55": {"type": "Matrix2x2", "payoffs": [[[0,45],[81,69]],[[62,20],[49,0]]]},
"G56": {"type": "Matrix2x2", "payoffs": [[[54,12],[74,29]],[[0,0],[84,31]]]},
"G57": {"type": "Matrix2x2", "payoffs": [[[46,5],[51,47]],[[58,51],[0,0]]]},
"G58": {"type": "Matrix2x2", "payoffs": [[[0,0],[49,43]],[[11,8],[43,11]]]},
"G59": {"type": "Matrix2x2", "payoffs": [[[14,42],[0,5]],[[18,71],[17,0]]]},
"G60": {"type": "Matrix2x2", "payoffs": [[[29,45],[10,0]],[[87,61],[0,43]]]},
"G61": {"type": "Matrix2x2", "payoffs": [[[2,0],[8,46]],[[0,39],[7,30]]]},
"G62": {"type": "Matrix2x2", "payoffs": [[[0,0],[17,6]],[[46,31],[25,25]]]},
"G63": {"type": "Matrix2x2", "payoffs": [[[60,66],[0,0]],[[46,46],[29,43]]]},
"G64": {"type": "Matrix2x2", "payoffs": [[[57,18],[46,16]],[[79,62],[0,0]]]},
"G65": {"type": "Matrix2x2", "payoffs": [[[72,0],[0,12]],[[91,74],[84,49]]]},
"G66": {"type": "Matrix2x2", "payoffs": [[[60,13],[82,65]],[[59,36],[0,0]]]},
"G67": {"type": "Matrix2x2", "payoffs": [[[5,42],[75,59]],[[23,3],[0,0]]]},
"G68": {"type": "Matrix2x2", "payoffs": [[[32,0],[15,7]],[[40,26],[0,17]]]},
"G69": {"type": "Matrix2x2", "payoffs": [[[0,41],[12,40]],[[26,0],[50,57]]]},
"G70": {"type": "Matrix2x2", "payoffs": [[[0,1],[8,8]],[[3,0],[1,4]]]},
"G71": {"type": "Matrix2x2", "payoffs": [[[0,7],[13,0]],[[28,9],[63,12]]]},
"G72": {"type": "Matrix2x2", "payoffs": [[[45,42],[0,1]],[[50,50],[4,0]]]},
"G73": {"type": "Matrix2x2", "payoffs": [[[0,0],[25,2]],[[44,4],[21,1]]]},
"G74": {"type": "Matrix2x2", "payoffs": [[[59,71],[39,34]],[[0,31],[52,0]]]},
"G75": {"type": "Matrix2x2", "payoffs": [[[70,94],[47,0]],[[20,45],[0,35]]]},
"G76": {"type": "Matrix2x2", "payoffs": [[[1,40],[64,66]],[[24,0],[0,49]]]},
"G77": {"type": "Matrix2x2", "payoffs": [[[0,0],[43,57]],[[27,25],[21,34]]]},
"G78": {"type": "Matrix2x2", "payoffs": [[[25,75],[0,0]],[[15,25],[10,30]]]},
"G79": {"type": "Matrix2x2", "payoffs": [[[0,62],[26,21]],[[39,0],[63,75]]]},
"G80": {"type": "Matrix2x2", "payoffs": [[[13,9],[0,0]],[[17,8],[19,51]]]},
"G81": {"type": "Matrix2x2", "payoffs": [[[82,0],[0,22]],[[68,55],[97,98]]]},
"G82": {"type": "Matrix2x2", "payoffs": [[[20,85],[0,0]],[[9,50],[34,96]]]},
"G83": {"type": "Matrix2x2", "payoffs": [[[0,0],[47,40]],[[43,30],[20,20]]]},
"G84": {"type": "Matrix2x2", "payoffs": [[[95,81],[84,51]],[[40,40],[0,0]]]},
"G85": {"type": "Matrix2x2", "payoffs": [[[36,49],[12,0]],[[0,8],[27,35]]]},
"G86": {"type": "Matrix2x2", "payoffs": [[[45,0],[77,56]],[[0,2],[23,13]]]},
"G87": {"type": "Matrix2x2", "payoffs": [[[25,4],[0,2]],[[41,0],[62,8]]]},
"G88": {"type": "Matrix2x2", "payoffs": [[[0,53],[20,57]],[[18,20],[5,0]]]},
"G89": {"type": "Matrix2x2", "payoffs": [[[47,0],[22,92]],[[0,26],[79,97]]]},
"G90": {"type": "Matrix2x2", "payoffs": [[[26,19],[0,27]],[[14,0],[51,79]]]},
"G91": {"type": "Matrix2x2", "payoffs": [[[0,0],[66,47]],[[10,40],[32,39]]]},
"G92": {"type": "Matrix2x2", "payoffs": [[[55,89],[48,8]],[[13,31],[0,0]]]},
"G93": {"type": "Matrix2x2", "payoffs": [[[33,77],[24,26]],[[27,0],[0,28]]]},
"G94": {"type": "Matrix2x2", "payoffs": [[[0,0],[5,36]],[[4,24],[7,42]]]},
"G95": {"type": "Matrix2x2", "payoffs": [[[40,39],[33,30]],[[0,0],[20,35]]]},
"G96": {"type": "Matrix2x2", "payoffs": [[[26,0],[62,22]],[[0,28],[75,35]]]},
"G97": {"type": "Matrix2x2", "payoffs": [[[9,39],[3,28]],[[0,0],[1,7]]]},
"G98": {"type": "Matrix2x2", "payoffs": [[[13,36],[4,11]],[[0,0],[65,59]]]},
"G99": {"type": "Matrix2x2", "payoffs": [[[0,0],[45,96]],[[2,73],[25,74]]]},
"G100": {"type": "Matrix2x2", "payoffs": [[[0,0],[6,28]],[[4,12],[11,29]]]},
"G101": {"type": "Matrix2x2", "payoffs": [[[77,91],[54,27]],[[47,0],[0,90]]]},
"G102": {"type": "Matrix2x2", "payoffs": [[[0,15],[15,5]],[[8,0],[22,37]]]},
"G103": {"type": "Matrix2x2", "payoffs": [[[0,0],[47,88]],[[40,66],[33,77]]]},
"G104": {"type": "Matrix2x2", "payoffs": [[[67,7],[0,4]],[[44,0],[71,44]]]},
"G105": {"type": "Matrix2x2", "payoffs": [[[81,12],[34,0]],[[0,3],[22,6]]]},
"G106": {"type": "Matrix2x2", "payoffs": [[[61,0],[51,11]],[[0,1],[65,16]]]},
"G107": {"type": "Matrix2x2", "payoffs": [[[54,78],[48,55]],[[51,39],[0,0]]]},
"G108": {"type": "Matrix2x2", "payoffs": [[[38,0],[0,58]],[[59,10],[65,69]]]},
"G109": {"type": "Matrix2x2", "payoffs": [[[63,0],[56,48]],[[69,73],[0,65]]]},
"G110": {"type": "Matrix2x2", "payoffs": [[[20,13],[13,4]],[[0,0],[32,20]]]},
"G111": {"type": "Matrix2x2", "payoffs": [[[26,87],[37,95]],[[3,0],[0,26]]]},
"G112": {"type": "Matrix2x2", "payoffs": [[[23,15],[2,7]],[[0,0],[7,13]]]},
"G113": {"type": "Matrix2x2", "payoffs": [[[0,16],[19,20]],[[20,0],[38,37]]]},
"G114": {"type": "Matrix2x2", "payoffs": [[[25,17],[0,0]],[[31,25],[34,32]]]},
"G115": {"type": "Matrix2x2", "payoffs": [[[22,13],[42,12]],[[52,29],[0,0]]]},
"G116": {"type": "Matrix2x2", "payoffs": [[[63,0],[79,2]],[[0,8],[96,40]]]},
"G117": {"type": "Matrix2x2", "payoffs": [[[86,88],[63,84]],[[0,0],[43,16]]]},
"G118": {"type": "Matrix2x2", "payoffs": [[[3,0],[7,7]],[[11,52],[0,21]]]},
"G119": {"type": "Matrix2x2", "payoffs": [[[3,22],[12,0]],[[0,10],[28,26]]]},
"G120": {"type": "Matrix2x2", "payoffs": [[[80,4],[0,0]],[[85,7],[1,1]]]},
"G121": {"type": "Matrix2x2", "payoffs": [[[0,21],[45,24]],[[7,0],[41,17]]]},
"G122": {"type": "Matrix2x2", "payoffs": [[[0,0],[37,42]],[[60,47],[93,92]]]},
"G123": {"type": "Matrix2x2", "payoffs": [[[55,63],[0,0]],[[8,22],[3,48]]]},
"G124": {"type": "Matrix2x2", "payoffs": [[[52,77],[0,44]],[[31,0],[23,11]]]},
"G125": {"type": "Matrix2x2", "payoffs": [[[43,94],[37,0]],[[27,33],[0,51]]]},
"G126": {"type": "Matrix2x2", "payoffs": [[[0,0],[25,72]],[[6,66],[93,100]]]},
"G127": {"type": "Matrix2x2", "payoffs": [[[26,36],[5,32]],[[0,0],[31,86]]]},
"G128": {"type": "Matrix2x2", "payoffs": [[[1,0],[2,30]],[[0,21],[4,60]]]},
"G129": {"type": "Matrix2x2", "payoffs": [[[10,8],[8,0]],[[12,27],[0,13]]]},
"G130": {"type": "Matrix2x2", "payoffs": [[[16,69],[0,10]],[[5,0],[6,38]]]},
"G131": {"type": "Matrix2x2", "payoffs": [[[79,72],[52,33]],[[72,24],[0,0]]]},
"G132": {"type": "Matrix2x2", "payoffs": [[[4,3],[0,4]],[[23,0],[40,6]]]},
"G133": {"type": "Matrix2x2", "payoffs": [[[0,8],[90,51]],[[3,42],[5,0]]]},
"G134": {"type": "Matrix2x2", "payoffs": [[[0,0],[4,31]],[[72,33],[41,2]]]},
"G135": {"type": "Matrix2x2", "payoffs": [[[8,15],[0,32]],[[9,0],[15,39]]]},
"G136": {"type": "Matrix2x2", "payoffs": [[[0,0],[50,33]],[[88,68],[11,44]]]},
"G137": {"type": "Matrix2x2", "payoffs": [[[10,0],[60,44]],[[32,34],[0,41]]]},
"G138": {"type": "Matrix2x2", "payoffs": [[[10,24],[39,0]],[[0,11],[52,28]]]},
"G139": {"type": "Matrix2x2", "payoffs": [[[71,52],[0,38]],[[35,34],[47,0]]]},
"G140": {"type": "Matrix2x2", "payoffs": [[[36,89],[0,61]],[[23,64],[33,0]]]},
"G141": {"type": "Matrix2x2", "payoffs": [[[73,18],[31,17]],[[32,0],[0,14]]]},
"G142": {"type": "Matrix2x2", "payoffs": [[[0,9],[17,0]],[[18,94],[5,30]]]},
"G143": {"type": "Matrix2x2", "payoffs": [[[3,95],[20,96]],[[14,70],[0,0]]]},
"G144": {"type": "Matrix2x2", "payoffs": [[[40,95],[14,0]],[[0,70],[16,40]]]},
"G145": {"type": "Matrix2x2", "payoffs": [[[0,5],[38,0]],[[35,7],[44,8]]]},
"G146": {"type": "Matrix2x2", "payoffs": [[[10,41],[45,66]],[[24,0],[0,10]]]},
"G147": {"type": "Matrix2x2", "payoffs": [[[37,38],[0,0]],[[34,43],[58,44]]]},
"G148": {"type": "Matrix2x2", "payoffs": [[[0,0],[71,96]],[[45,91],[12,92]]]},
"G149": {"type": "Matrix2x2", "payoffs": [[[0,5],[49,17]],[[2,8],[31,0]]]},
"G150": {"type": "Matrix2x2", "payoffs": [[[36,91],[20,0]],[[6,46],[0,24]]]},
"G151": {"type": "Matrix2x2", "payoffs": [[[0,4],[4,9]],[[17,46],[14,0]]]},
"G152": {"type": "Matrix2x2", "payoffs": [[[62,0],[47,21]],[[0,4],[74,30]]]},
"G153": {"type": "Matrix2x2", "payoffs": [[[84,20],[0,0]],[[88,59],[27,54]]]},
"G154": {"type": "Matrix2x2", "payoffs": [[[52,76],[25,74]],[[48,0],[0,32]]]},
"G155": {"type": "Matrix2x2", "payoffs": [[[100,80],[0,45]],[[17,0],[63,64]]]},
"G156": {"type": "Matrix2x2", "payoffs": [[[52,0],[32,43]],[[0,18],[59,47]]]},
"G157": {"type": "Matrix2x2", "payoffs": [[[3,18],[38,83]],[[24,0],[0,75]]]},
"G158": {"type": "Matrix2x2", "payoffs": [[[0,0],[2,11]],[[7,38],[4,5]]]},
"G159": {"type": "Matrix2x2", "payoffs": [[[47,16],[23,0]],[[84,18],[0,17]]]},
"G160": {"type": "Matrix2x2", "payoffs": [[[26,1],[0,0]],[[69,3],[60,2]]]},
"G161": {"type": "Matrix2x2", "payoffs": [[[0,0],[64,27]],[[59,16],[40,25]]]},
"G162": {"type": "Matrix2x2", "payoffs": [[[0,6],[23,0]],[[27,25],[61,50]]]},
"G163": {"type": "Matrix2x2", "payoffs": [[[75,50],[0,0]],[[16,43],[24,26]]]},
"G164": {"type": "Matrix2x2", "payoffs": [[[58,58],[0,0]],[[9,56],[14,24]]]},
"G165": {"type": "Matrix2x2", "payoffs": [[[22,0],[0,46]],[[40,8],[58,80]]]},
"G166": {"type": "Matrix2x2", "payoffs": [[[31,49],[0,0]],[[37,73],[59,75]]]},
"G167": {"type": "Matrix2x2", "payoffs": [[[78,56],[73,5]],[[8,0],[0,17]]]},
"G168": {"type": "Matrix2x2", "payoffs": [[[48,29],[0,72]],[[32,0],[60,92]]]},
"G169": {"type": "Matrix2x2", "payoffs": [[[0,0],[25,41]],[[42,80],[27,23]]]},
"G170": {"type": "Matrix2x2", "payoffs": [[[0,0],[63,14]],[[30,10],[80,32]]]},
"G171": {"type": "Matrix2x2", "payoffs": [[[24,35],[0,0]],[[71,55],[10,6]]]},
"G172": {"type": "Matrix2x2", "payoffs": [[[41,0],[55,69]],[[0,16],[39,11]]]},
"G173": {"type": "Matrix2x2", "payoffs": [[[33,3],[31,18]],[[0,0],[37,47]]]},
"G174": {"type": "Matrix2x2", "payoffs": [[[76,8],[0,0]],[[89,16],[77,10]]]},
"G175": {"type": "Matrix2x2", "payoffs": [[[50,15],[60,85]],[[0,46],[34,0]]]},
"G176": {"type": "Matrix2x2", "payoffs": [[[2,0],[3,56]],[[0,24],[4,71]]]},
"G177": {"type": "Matrix2x2", "payoffs": [[[5,39],[0,0]],[[1,38],[9,40]]]},
"G178": {"type": "Matrix2x2", "payoffs": [[[0,21],[95,23]],[[19,7],[63,0]]]},
"G179": {"type": "Matrix2x2", "payoffs": [[[17,23],[20,30]],[[13,0],[0,1]]]},
"G180": {"type": "Matrix2x2", "payoffs": [[[13,2],[0,9]],[[18,16],[6,0]]]},
"G181": {"type": "Matrix2x2", "payoffs": [[[16,0],[48,96]],[[0,85],[8,3]]]},
"G182": {"type": "Matrix2x2", "payoffs": [[[62,0],[93,79]],[[73,73],[0,41]]]},
"G183": {"type": "Matrix2x2", "payoffs": [[[22,0],[48,47]],[[0,6],[2,1]]]},
"G184": {"type": "Matrix2x2", "payoffs": [[[3,10],[14,21]],[[15,38],[0,0]]]},
"G185": {"type": "Matrix2x2", "payoffs": [[[0,0],[45,49]],[[76,65],[73,48]]]},
"G186": {"type": "Matrix2x2", "payoffs": [[[0,0],[1,32]],[[8,2],[14,63]]]},
"G187": {"type": "Matrix2x2", "payoffs": [[[0,27],[11,0]],[[14,25],[19,36]]]},
"G188": {"type": "Matrix2x2", "payoffs": [[[13,0],[72,20]],[[0,3],[38,2]]]},
"G189": {"type": "Matrix2x2", "payoffs": [[[82,46],[0,8]],[[98,53],[16,0]]]},
"G190": {"type": "Matrix2x2", "payoffs": [[[10,8],[0,0]],[[22,9],[4,2]]]},
"G191": {"type": "Matrix2x2", "payoffs": [[[14,0],[57,45]],[[18,17],[0,35]]]},
"G192": {"type": "Matrix2x2", "payoffs": [[[13,1],[29,7]],[[0,0],[30,15]]]},
"G193": {"type": "Matrix2x2", "payoffs": [[[62,100],[0,0]],[[61,35],[20,78]]]},
"G194": {"type": "Matrix2x2", "payoffs": [[[0,0],[49,71]],[[18,40],[98,86]]]},
"G195": {"type": "Matrix2x2", "payoffs": [[[28,0],[74,76]],[[18,28],[0,53]]]},
"G196": {"type": "Matrix2x2", "payoffs": [[[6,22],[0,27]],[[5,0],[78,44]]]},
"G197": {"type": "Matrix2x2", "payoffs": [[[0,0],[78,10]],[[4,2],[63,4]]]},
"G198": {"type": "Matrix2x2", "payoffs": [[[0,0],[13,40]],[[10,6],[17,92]]]},
"G199": {"type": "Matrix2x2", "payoffs": [[[0,14],[64,0]],[[14,6],[69,31]]]},
"G200": {"type": "Matrix2x2", "payoffs": [[[0,0],[21,9]],[[15,7],[23,39]]]},
"G201": {"type": "Matrix2x2", "payoffs": [[[54,0],[0,47]],[[61,84],[53,46]]]},
"G202": {"type": "Matrix2x2", "payoffs": [[[27,15],[0,0]],[[5,20],[36,90]]]},
"G203": {"type": "Matrix2x2", "payoffs": [[[17,89],[0,32]],[[22,96],[16,0]]]},
"G204": {"type": "Matrix2x2", "payoffs": [[[69,38],[32,0]],[[0,3],[47,8]]]},
"G205": {"type": "Matrix2x2", "payoffs": [[[17,11],[3,0]],[[0,9],[22,19]]]},
"G206": {"type": "Matrix2x2", "payoffs": [[[0,60],[95,64]],[[32,0],[6,36]]]},
"G207": {"type": "Matrix2x2", "payoffs": [[[14,26],[6,0]],[[0,14],[22,87]]]},
"G208": {"type": "Matrix2x2", "payoffs": [[[85,22],[0,17]],[[39,0],[70,7]]]},
"G209": {"type": "Matrix2x2", "payoffs": [[[6,0],[37,5]],[[85,40],[0,35]]]},
"G210": {"type": "Matrix2x2", "payoffs": [[[16,15],[4,7]],[[0,0],[11,12]]]},
"G211": {"type": "Matrix2x2", "payoffs": [[[83,69],[0,0]],[[20,34],[61,68]]]},
"G212": {"type": "Matrix2x2", "payoffs": [[[3,48],[46,0]],[[60,92],[0,86]]]},
"G213": {"type": "Matrix2x2", "payoffs": [[[9,0],[0,26]],[[29,19],[36,62]]]},
"G214": {"type": "Matrix2x2", "payoffs": [[[0,12],[15,65]],[[21,0],[30,73]]]},
"G215": {"type": "Matrix2x2", "payoffs": [[[91,57],[38,55]],[[88,41],[0,0]]]},
"G216": {"type": "Matrix2x2", "payoffs": [[[0,0],[11,14]],[[55,71],[13,16]]]},
"G217": {"type": "Matrix2x2", "payoffs": [[[0,70],[7,75]],[[2,0],[5,56]]]},
"G218": {"type": "Matrix2x2", "payoffs": [[[30,53],[54,68]],[[0,11],[4,0]]]},
"G219": {"type": "Matrix2x2", "payoffs": [[[4,24],[42,92]],[[53,100],[0,0]]]},
"G220": {"type": "Matrix2x2", "payoffs": [[[1,5],[3,16]],[[2,0],[0,10]]]},
"G221": {"type": "Matrix2x2", "payoffs": [[[5,21],[0,35]],[[3,0],[10,97]]]},
"G222": {"type": "Matrix2x2", "payoffs": [[[0,7],[48,1]],[[75,0],[76,12]]]},
"G223": {"type": "Matrix2x2", "payoffs": [[[4,13],[0,8]],[[12,15],[11,0]]]},
"G224": {"type": "Matrix2x2", "payoffs": [[[6,37],[13,58]],[[0,43],[12,0]]]},
"G225": {"type": "Matrix2x2", "payoffs": [[[0,26],[18,22]],[[21,0],[28,36]]]},
"G226": {"type": "Matrix2x2", "payoffs": [[[0,0],[6,19]],[[10,32],[9,23]]]},
"G227": {"type": "Matrix2x2", "payoffs": [[[68,18],[7,4]],[[2,8],[0,0]]]},
"G228": {"type": "Matrix2x2", "payoffs": [[[39,1],[0,52]],[[82,73],[4,0]]]},
"G229": {"type": "Matrix2x2", "payoffs": [[[77,46],[30,0]],[[39,28],[0,16]]]},
"G230": {"type": "Matrix2x2", "payoffs": [[[10,24],[76,78]],[[27,16],[0,0]]]},
"G231": {"type": "Matrix2x2", "payoffs": [[[45,47],[0,13]],[[13,2],[23,0]]]},
"G232": {"type": "Matrix2x2", "payoffs": [[[9,42],[0,0]],[[35,32],[75,89]]]},
"G233": {"type": "Matrix2x2", "payoffs": [[[13,6],[6,2]],[[22,7],[0,0]]]},
"G234": {"type": "Matrix2x2", "payoffs": [[[32,0],[0,60]],[[43,28],[44,68]]]},
"G235": {"type": "Matrix2x2", "payoffs": [[[63,3],[99,18]],[[59,6],[0,0]]]},
"G236": {"type": "Matrix2x2", "payoffs": [[[0,63],[23,32]],[[7,0],[47,64]]]},
"G237": {"type": "Matrix2x2", "payoffs": [[[0,7],[44,60]],[[43,0],[48,77]]]},
"G238": {"type": "Matrix2x2", "payoffs": [[[0,0],[25,93]],[[3,67],[13,26]]]},
"G239": {"type": "Matrix2x2", "payoffs": [[[0,56],[41,62]],[[32,0],[21,58]]]},
"G240": {"type": "Matrix2x2", "payoffs": [[[8,28],[35,0]],[[82,57],[0,24]]]},
"G241": {"type": "Matrix2x2", "payoffs": [[[10,65],[3,0]],[[6,24],[0,12]]]},
"G242": {"type": "Matrix2x2", "payoffs": [[[12,47],[11,18]],[[0,0],[2,38]]]},
"G243": {"type": "Matrix2x2", "payoffs": [[[14,0],[46,2]],[[0,38],[87,49]]]},
"G244": {"type": "Matrix2x2", "payoffs": [[[5,0],[0,5]],[[21,10],[7,4]]]},
"G245": {"type": "Matrix2x2", "payoffs": [[[0,7],[16,28]],[[49,100],[6,0]]]},
"G246": {"type": "Matrix2x2", "payoffs": [[[68,84],[0,26]],[[53,7],[38,0]]]},
"G247": {"type": "Matrix2x2", "payoffs": [[[35,48],[0,53]],[[48,66],[13,0]]]},
"G248": {"type": "Matrix2x2", "payoffs": [[[66,75],[7,11]],[[0,0],[48,62]]]},
"G249": {"type": "Matrix2x2", "payoffs": [[[46,85],[0,19]],[[18,83],[38,0]]]},
"G250": {"type": "Matrix2x2", "payoffs": [[[0,35],[4,0]],[[91,99],[90,50]]]},
"G251": {"type": "Matrix2x2", "payoffs": [[[22,0],[18,24]],[[28,50],[0,31]]]},
"G252": {"type": "Matrix2x2", "payoffs": [[[5,0],[24,21]],[[1,3],[0,11]]]},
"G253": {"type": "Matrix2x2", "payoffs": [[[15,14],[10,12]],[[0,8],[14,0]]]},
"G254": {"type": "Matrix2x2", "payoffs": [[[57,86],[0,0]],[[52,24],[45,83]]]},
"G255": {"type": "Matrix2x2", "payoffs": [[[38,4],[0,3]],[[25,2],[13,0]]]},
"G256": {"type": "Matrix2x2", "payoffs": [[[5,0],[34,14]],[[72,36],[0,30]]]},
"G257": {"type": "Matrix2x2", "payoffs": [[[82,79],[21,39]],[[0,4],[2,0]]]},
"G258": {"type": "Matrix2x2", "payoffs": [[[21,0],[59,58]],[[60,74],[0,42]]]},
"G259": {"type": "Matrix2x2", "payoffs": [[[21,13],[16,8]],[[2,0],[0,4]]]},
"G260": {"type": "Matrix2x2", "payoffs": [[[85,85],[16,19]],[[10,59],[0,0]]]},
"G261": {"type": "Matrix2x2", "payoffs": [[[30,23],[0,0]],[[16,16],[29,14]]]},
"G262": {"type": "Matrix2x2", "payoffs": [[[3,85],[0,0]],[[1,40],[11,89]]]},
"G263": {"type": "Matrix2x2", "payoffs": [[[46,80],[11,14]],[[32,7],[0,0]]]},
"G264": {"type": "Matrix2x2", "payoffs": [[[2,0],[5,64]],[[4,39],[0,63]]]},
"G265": {"type": "Matrix2x2", "payoffs": [[[69,13],[14,0]],[[0,1],[32,9]]]},
"G266": {"type": "Matrix2x2", "payoffs": [[[60,83],[0,0]],[[20,47],[13,46]]]},
"G267": {"type": "Matrix2x2", "payoffs": [[[0,3],[20,27]],[[18,0],[7,23]]]},
"G268": {"type": "Matrix2x2", "payoffs": [[[0,0],[36,4]],[[41,7],[58,8]]]},
"G269": {"type": "Matrix2x2", "payoffs": [[[36,1],[88,3]],[[87,0],[0,2]]]},
"G270": {"type": "Matrix2x2", "payoffs": [[[21,4],[0,0]],[[42,17],[75,57]]]},
"G271": {"type": "Matrix2x2", "payoffs": [[[0,0],[16,36]],[[68,51],[65,30]]]},
"G272": {"type": "Matrix2x2", "payoffs": [[[37,19],[0,30]],[[2,0],[83,85]]]},
"G273": {"type": "Matrix2x2", "payoffs": [[[55,18],[22,6]],[[0,13],[46,0]]]},
"G274": {"type": "Matrix2x2", "payoffs": [[[35,0],[44,88]],[[0,16],[28,40]]]},
"G275": {"type": "Matrix2x2", "payoffs": [[[0,8],[6,18]],[[5,14],[1,0]]]},
"G276": {"type": "Matrix2x2", "payoffs": [[[0,77],[45,87]],[[25,0],[19,73]]]},
"G277": {"type": "Matrix2x2", "payoffs": [[[3,8],[2,0]],[[6,11],[0,5]]]},
"G278": {"type": "Matrix2x2", "payoffs": [[[88,76],[0,26]],[[49,42],[9,0]]]},
"G279": {"type": "Matrix2x2", "payoffs": [[[0,0],[50,47]],[[25,42],[52,82]]]},
"G280": {"type": "Matrix2x2", "payoffs": [[[61,0],[44,1]],[[91,4],[0,3]]]},
"G281": {"type": "Matrix2x2", "payoffs": [[[50,0],[72,30]],[[47,13],[0,21]]]},
"G282": {"type": "Matrix2x2", "payoffs": [[[39,8],[0,1]],[[48,28],[1,0]]]},
"G283": {"type": "Matrix2x2", "payoffs": [[[0,12],[37,13]],[[36,0],[38,49]]]},
"G284": {"type": "Matrix2x2", "payoffs": [[[61,0],[53,49]],[[90,71],[0,33]]]},
"G285": {"type": "Matrix2x2", "payoffs": [[[17,28],[1,24]],[[0,0],[4,18]]]},
"G286": {"type": "Matrix2x2", "payoffs": [[[18,11],[3,0]],[[0,42],[20,44]]]},
"G287": {"type": "Matrix2x2", "payoffs": [[[41,5],[7,72]],[[63,79],[0,0]]]},
"G288": {"type": "Matrix2x2", "payoffs": [[[43,26],[4,13]],[[0,0],[55,51]]]},
"G289": {"type": "Matrix2x2", "payoffs": [[[0,31],[5,42]],[[2,0],[9,43]]]},
"G290": {"type": "Matrix2x2", "payoffs": [[[0,22],[45,63]],[[34,0],[23,1]]]},
"G291": {"type": "Matrix2x2", "payoffs": [[[46,2],[0,22]],[[97,46],[88,0]]]},
"G292": {"type": "Matrix2x2", "payoffs": [[[63,15],[47,2]],[[0,8],[2,0]]]},
"G293": {"type": "Matrix2x2", "payoffs": [[[53,24],[44,0]],[[0,15],[33,20]]]},
"G294": {"type": "Matrix2x2", "payoffs": [[[10,0],[17,4]],[[22,17],[0,3]]]},
"G295": {"type": "Matrix2x2", "payoffs": [[[0,37],[91,0]],[[96,61],[44,13]]]},
"G296": {"type": "Matrix2x2", "payoffs": [[[94,91],[51,0]],[[0,40],[91,49]]]},
"G297": {"type": "Matrix2x2", "payoffs": [[[22,5],[97,6]],[[0,4],[3,0]]]},
"G298": {"type": "Matrix2x2", "payoffs": [[[0,0],[3,69]],[[5,73],[7,76]]]},
"G299": {"type": "Matrix2x2", "payoffs": [[[34,0],[0,30]],[[51,34],[36,6]]]},
"G300": {"type": "Matrix2x2", "payoffs": [[[66,68],[0,62]],[[25,56],[36,0]]]},
"G301": {"type": "Matrix2x2", "payoffs": [[[8,36],[0,29]],[[11,55],[4,0]]]},
"G302": {"type": "Matrix2x2", "payoffs": [[[14,3],[0,0]],[[20,21],[7,6]]]},
"G303": {"type": "Matrix2x2", "payoffs": [[[0,0],[9,9]],[[16,30],[22,56]]]},
"G304": {"type": "Matrix2x2", "payoffs": [[[98,86],[0,76]],[[59,67],[25,0]]]},
"G305": {"type": "Matrix2x2", "payoffs": [[[10,0],[21,87]],[[14,12],[0,68]]]},
"G306": {"type": "Matrix2x2", "payoffs": [[[0,0],[68,50]],[[20,2],[47,32]]]},
"G307": {"type": "Matrix2x2", "payoffs": [[[39,74],[21,0]],[[0,59],[9,28]]]},
"G308": {"type": "Matrix2x2", "payoffs": [[[0,15],[37,58]],[[33,0],[32,51]]]},
"G309": {"type": "Matrix2x2", "payoffs": [[[12,89],[19,98]],[[0,0],[8,94]]]},
"G310": {"type": "Matrix2x2", "payoffs": [[[33,0],[38,3]],[[0,53],[64,89]]]},
"G311": {"type": "Matrix2x2", "payoffs": [[[11,19],[23,99]],[[19,0],[0,42]]]},
"G312": {"type": "Matrix2x2", "payoffs": [[[19,0],[12,59]],[[0,78],[58,95]]]},
"G313": {"type": "Matrix2x2", "payoffs": [[[4,50],[44,60]],[[0,0],[48,68]]]},
"G314": {"type": "Matrix2x2", "payoffs": [[[6,8],[0,42]],[[87,60],[65,0]]]},
"G315": {"type": "Matrix2x2", "payoffs": [[[44,83],[27,13]],[[0,0],[40,60]]]},
"G316": {"type": "Matrix2x2", "payoffs": [[[0,13],[93,51]],[[62,0],[65,18]]]},
"G317": {"type": "Matrix2x2", "payoffs": [[[40,14],[56,15]],[[0,0],[8,4]]]},
"G318": {"type": "Matrix2x2", "payoffs": [[[0,9],[6,24]],[[1,0],[5,5]]]},
"G319": {"type": "Matrix2x2", "payoffs": [[[12,2],[2,0]],[[0,51],[31,61]]]},
"G320": {"type": "Matrix2x2", "payoffs": [[[17,0],[94,82]],[[0,40],[49,63]]]},
"G321": {"type": "Matrix2x2", "payoffs": [[[19,0],[0,8]],[[52,25],[45,24]]]},
"G322": {"type": "Matrix2x2", "payoffs": [[[60,19],[69,34]],[[0,0],[32,17]]]},
"G323": {"type": "Matrix2x2", "payoffs": [[[64,34],[0,21]],[[97,44],[28,0]]]},
"G324": {"type": "Matrix2x2", "payoffs": [[[0,0],[6,20]],[[8,62],[5,21]]]},
"G325": {"type": "Matrix2x2", "payoffs": [[[47,19],[33,0]],[[0,57],[52,72]]]},
"G326": {"type": "Matrix2x2", "payoffs": [[[6,22],[33,100]],[[0,0],[24,6]]]},
"G327": {"type": "Matrix2x2", "payoffs": [[[96,10],[0,1]],[[64,0],[77,2]]]},
"G328": {"type": "Matrix2x2", "payoffs": [[[0,37],[58,40]],[[18,0],[42,20]]]},
"G329": {"type": "Matrix2x2", "payoffs": [[[46,11],[68,96]],[[0,0],[12,81]]]},
"G330": {"type": "Matrix2x2", "payoffs": [[[58,65],[0,0]],[[40,76],[94,94]]]},
"G331": {"type": "Matrix2x2", "payoffs": [[[6,0],[15,8]],[[0,6],[18,18]]]},
"G332": {"type": "Matrix2x2", "payoffs": [[[0,13],[8,21]],[[1,1],[7,0]]]},
"G333": {"type": "Matrix2x2", "payoffs": [[[35,3],[16,1]],[[0,0],[36,6]]]},
"G334": {"type": "Matrix2x2", "payoffs": [[[0,33],[33,99]],[[32,85],[6,0]]]},
"G335": {"type": "Matrix2x2", "payoffs": [[[22,0],[0,28]],[[6,75],[35,100]]]},
"G336": {"type": "Matrix2x2", "payoffs": [[[17,0],[30,60]],[[0,48],[9,37]]]},
"G337": {"type": "Matrix2x2", "payoffs": [[[75,15],[0,11]],[[50,0],[11,2]]]},
"G338": {"type": "Matrix2x2", "payoffs": [[[42,5],[48,0]],[[0,18],[49,22]]]},
"G339": {"type": "Matrix2x2", "payoffs": [[[10,2],[20,45]],[[0,14],[12,0]]]},
"G340": {"type": "Matrix2x2", "payoffs": [[[44,56],[46,78]],[[0,17],[42,0]]]},
"G341": {"type": "Matrix2x2", "payoffs": [[[0,32],[95,51]],[[17,27],[7,0]]]},
"G342": {"type": "Matrix2x2", "payoffs": [[[10,60],[0,24]],[[1,52],[5,0]]]},
"G343": {"type": "Matrix2x2", "payoffs": [[[84,59],[86,73]],[[0,0],[33,49]]]},
"G344": {"type": "Matrix2x2", "payoffs": [[[5,39],[0,0]],[[9,55],[14,80]]]},
"G345": {"type": "Matrix2x2", "payoffs": [[[0,7],[21,11]],[[15,0],[41,24]]]},
"G346": {"type": "Matrix2x2", "payoffs": [[[47,0],[0,1]],[[85,6],[90,62]]]},
"G347": {"type": "Matrix2x2", "payoffs": [[[42,59],[0,25]],[[28,0],[51,97]]]},
"G348": {"type": "Matrix2x2", "payoffs": [[[45,10],[69,0]],[[75,45],[0,6]]]},
"G349": {"type": "Matrix2x2", "payoffs": [[[42,0],[44,80]],[[3,5],[0,44]]]},
"G350": {"type": "Matrix2x2", "payoffs": [[[30,0],[67,22]],[[80,29],[0,10]]]},
"G351": {"type": "Matrix2x2", "payoffs": [[[33,0],[0,35]],[[21,34],[92,73]]]},
"G352": {"type": "Matrix2x2", "payoffs": [[[42,40],[0,12]],[[1,39],[17,0]]]},
"G353": {"type": "Matrix2x2", "payoffs": [[[39,6],[0,0]],[[10,1],[40,7]]]},
"G354": {"type": "Matrix2x2", "payoffs": [[[34,17],[45,21]],[[28,0],[0,9]]]},
"G355": {"type": "Matrix2x2", "payoffs": [[[36,47],[0,2]],[[15,0],[83,99]]]},
"G356": {"type": "Matrix2x2", "payoffs": [[[67,36],[32,31]],[[43,0],[0,10]]]},
"G357": {"type": "Matrix2x2", "payoffs": [[[17,5],[25,6]],[[0,3],[13,0]]]},
"G358": {"type": "Matrix2x2", "payoffs": [[[0,24],[11,0]],[[16,47],[6,14]]]},
"G359": {"type": "Matrix2x2", "payoffs": [[[0,8],[48,0]],[[56,43],[3,28]]]},
"G360": {"type": "Matrix2x2", "payoffs": [[[2,37],[0,0]],[[19,66],[8,53]]]},
"G361": {"type": "Matrix2x2", "payoffs": [[[0,12],[70,17]],[[52,9],[37,0]]]},
"G362": {"type": "Matrix2x2", "payoffs": [[[27,0],[44,51]],[[0,37],[37,42]]]},
"G363": {"type": "Matrix2x2", "payoffs": [[[12,15],[1,10]],[[11,0],[0,1]]]},
"G364": {"type": "Matrix2x2", "payoffs": [[[5,31],[0,14]],[[16,0],[29,60]]]},
"G365": {"type": "Matrix2x2", "payoffs": [[[0,41],[39,68]],[[9,34],[35,0]]]},
"G366": {"type": "Matrix2x2", "payoffs": [[[14,18],[0,0]],[[22,7],[58,25]]]},
"G367": {"type": "Matrix2x2", "payoffs": [[[98,58],[43,0]],[[0,41],[18,32]]]},
"G368": {"type": "Matrix2x2", "payoffs": [[[32,87],[23,53]],[[0,0],[31,19]]]},
"G369": {"type": "Matrix2x2", "payoffs": [[[0,83],[79,21]],[[95,89],[19,0]]]},
"G370": {"type": "Matrix2x2", "payoffs": [[[7,0],[52,7]],[[0,9],[53,14]]]},
"G371": {"type": "Matrix2x2", "payoffs": [[[27,1],[35,3]],[[70,4],[0,0]]]},
"G372": {"type": "Matrix2x2", "payoffs": [[[0,0],[15,9]],[[61,17],[95,18]]]},
"G373": {"type": "Matrix2x2", "payoffs": [[[70,43],[63,25]],[[52,0],[0,18]]]},
"G374": {"type": "Matrix2x2", "payoffs": [[[11,8],[3,2]],[[0,0],[4,3]]]},
"G375": {"type": "Matrix2x2", "payoffs": [[[3,75],[2,73]],[[1,0],[0,2]]]},
"G376": {"type": "Matrix2x2", "payoffs": [[[60,8],[96,23]],[[0,22],[83,0]]]},
"G377": {"type": "Matrix2x2", "payoffs": [[[53,0],[14,2]],[[61,51],[0,35]]]},
"G378": {"type": "Matrix2x2", "payoffs": [[[51,11],[16,5]],[[0,6],[2,0]]]},
"G379": {"type": "Matrix2x2", "payoffs": [[[33,31],[0,0]],[[8,27],[12,12]]]},
"G380": {"type": "Matrix2x2", "payoffs": [[[9,46],[0,36]],[[21,95],[18,0]]]},
"G381": {"type": "Matrix2x2", "payoffs": [[[55,27],[20,18]],[[48,10],[0,0]]]},
"G382": {"type": "Matrix2x2", "payoffs": [[[5,9],[1,0]],[[3,6],[0,1]]]},
"G383": {"type": "Matrix2x2", "payoffs": [[[97,15],[0,2]],[[42,0],[68,7]]]},
"G384": {"type": "Matrix2x2", "payoffs": [[[17,38],[0,15]],[[5,13],[10,0]]]},
"G385": {"type": "Matrix2x2", "payoffs": [[[23,1],[0,59]],[[38,90],[32,0]]]},
"G386": {"type": "Matrix2x2", "payoffs": [[[87,95],[84,0]],[[20,86],[0,14]]]},
"G387": {"type": "Matrix2x2", "payoffs": [[[0,0],[23,6]],[[15,38],[44,58]]]},
"G388": {"type": "Matrix2x2", "payoffs": [[[15,50],[0,0]],[[2,10],[13,39]]]},
"G389": {"type": "Matrix2x2", "payoffs": [[[6,0],[59,2]],[[0,29],[63,35]]]},
"G390": {"type": "Matrix2x2", "payoffs": [[[21,1],[3,5]],[[38,7],[0,0]]]},
"G391": {"type": "Matrix2x2", "payoffs": [[[2,25],[1,83]],[[4,95],[0,0]]]},
"G392": {"type": "Matrix2x2", "payoffs": [[[65,19],[82,31]],[[0,24],[6,0]]]},
"G393": {"type": "Matrix2x2", "payoffs": [[[57,47],[51,28]],[[0,17],[42,0]]]},
"G394": {"type": "Matrix2x2", "payoffs": [[[23,0],[0,6]],[[40,7],[29,4]]]},
"G395": {"type": "Matrix2x2", "payoffs": [[[31,10],[40,88]],[[24,0],[0,56]]]},
"G396": {"type": "Matrix2x2", "payoffs": [[[1,1],[4,85]],[[2,0],[0,62]]]},
"G397": {"type": "Matrix2x2", "payoffs": [[[44,0],[0,1]],[[48,18],[32,7]]]},
"G398": {"type": "Matrix2x2", "payoffs": [[[0,2],[100,6]],[[82,0],[54,5]]]},
"G399": {"type": "Matrix2x2", "payoffs": [[[0,1],[42,46]],[[74,0],[81,72]]]},
"G400": {"type": "Matrix2x2", "payoffs": [[[25,77],[5,0]],[[16,35],[0,53]]]},
"G401": {"type": "Matrix2x2", "payoffs": [[[41,49],[34,37]],[[0,0],[45,69]]]},
"G402": {"type": "Matrix2x2", "payoffs": [[[58,53],[22,46]],[[0,27],[10,0]]]},
"G403": {"type": "Matrix2x2", "payoffs": [[[36,33],[4,31]],[[0,8],[20,0]]]},
"G404": {"type": "Matrix2x2", "payoffs": [[[0,25],[3,36]],[[26,40],[12,0]]]},
"G405": {"type": "Matrix2x2", "payoffs": [[[0,18],[38,2]],[[48,38],[18,0]]]},
"G406": {"type": "Matrix2x2", "payoffs": [[[0,0],[91,4]],[[100,98],[57,61]]]},
"G407": {"type": "Matrix2x2", "payoffs": [[[0,0],[48,7]],[[59,99],[32,14]]]},
"G408": {"type": "Matrix2x2", "payoffs": [[[11,4],[0,2]],[[1,1],[10,0]]]},
"G409": {"type": "Matrix2x2", "payoffs": [[[79,0],[0,41]],[[55,10],[85,63]]]},
"G410": {"type": "Matrix2x2", "payoffs": [[[0,8],[35,44]],[[15,41],[23,0]]]},
"G411": {"type": "Matrix2x2", "payoffs": [[[94,39],[81,21]],[[0,25],[23,0]]]},
"G412": {"type": "Matrix2x2", "payoffs": [[[36,2],[0,3]],[[14,0],[94,7]]]},
"G413": {"type": "Matrix2x2", "payoffs": [[[0,48],[8,49]],[[19,0],[46,76]]]},
"G414": {"type": "Matrix2x2", "payoffs": [[[0,30],[65,37]],[[36,20],[52,0]]]},
"G415": {"type": "Matrix2x2", "payoffs": [[[31,57],[0,0]],[[14,36],[60,89]]]},
"G416": {"type": "Matrix2x2", "payoffs": [[[10,2],[77,3]],[[19,1],[0,0]]]},
"G417": {"type": "Matrix2x2", "payoffs": [[[9,29],[7,16]],[[0,0],[5,19]]]},
"G418": {"type": "Matrix2x2", "payoffs": [[[0,29],[20,0]],[[46,94],[6,61]]]},
"G419": {"type": "Matrix2x2", "payoffs": [[[0,0],[49,4]],[[8,1],[25,2]]]},
"G420": {"type": "Matrix2x2", "payoffs": [[[0,0],[17,31]],[[1,19],[18,67]]]},
"G421": {"type": "Matrix2x2", "payoffs": [[[10,11],[11,25]],[[0,0],[31,41]]]},
"G422": {"type": "Matrix2x2", "payoffs": [[[14,0],[0,27]],[[20,15],[64,52]]]},
"G423": {"type": "Matrix2x2", "payoffs": [[[65,13],[0,24]],[[72,43],[59,0]]]},
"G424": {"type": "Matrix2x2", "payoffs": [[[0,6],[35,0]],[[2,4],[63,13]]]},
"G425": {"type": "Matrix2x2", "payoffs": [[[61,55],[9,32]],[[0,3],[52,0]]]},
"G426": {"type": "Matrix2x2", "payoffs": [[[21,90],[2,25]],[[16,22],[0,0]]]},
"G427": {"type": "Matrix2x2", "payoffs": [[[7,36],[22,0]],[[0,14],[50,37]]]},
"G428": {"type": "Matrix2x2", "payoffs": [[[42,39],[8,0]],[[36,18],[0,21]]]},
"G429": {"type": "Matrix2x2", "payoffs": [[[34,17],[0,3]],[[62,19],[40,0]]]},
"G430": {"type": "Matrix2x2", "payoffs": [[[0,43],[84,49]],[[2,0],[25,26]]]},
"G431": {"type": "Matrix2x2", "payoffs": [[[65,27],[51,18]],[[0,0],[91,43]]]},
"G432": {"type": "Matrix2x2", "payoffs": [[[60,66],[41,0]],[[0,8],[47,56]]]},
"G433": {"type": "Matrix2x2", "payoffs": [[[18,0],[11,29]],[[49,88],[0,69]]]},
"G434": {"type": "Matrix2x2", "payoffs": [[[58,57],[50,0]],[[53,4],[0,9]]]},
"G435": {"type": "Matrix2x2", "payoffs": [[[23,38],[0,0]],[[19,44],[26,68]]]},
"G436": {"type": "Matrix2x2", "payoffs": [[[0,16],[70,0]],[[51,14],[99,40]]]},
"G437": {"type": "Matrix2x2", "payoffs": [[[0,2],[12,9]],[[2,6],[8,0]]]},
"G438": {"type": "Matrix2x2", "payoffs": [[[90,50],[0,0]],[[71,11],[63,48]]]},
"G439": {"type": "Matrix2x2", "payoffs": [[[55,59],[46,38]],[[0,10],[47,0]]]},
"G440": {"type": "Matrix2x2", "payoffs": [[[8,0],[1,17]],[[0,2],[14,46]]]},
"G441": {"type": "Matrix2x2", "payoffs": [[[47,81],[0,0]],[[26,19],[40,70]]]},
"G442": {"type": "Matrix2x2", "payoffs": [[[0,20],[2,22]],[[53,49],[41,0]]]},
"G443": {"type": "Matrix2x2", "payoffs": [[[32,81],[0,27]],[[3,0],[39,83]]]},
"G444": {"type": "Matrix2x2", "payoffs": [[[22,0],[0,31]],[[2,36],[29,52]]]},
"G445": {"type": "Matrix2x2", "payoffs": [[[77,87],[46,0]],[[0,72],[1,32]]]},
"G446": {"type": "Matrix2x2", "payoffs": [[[0,1],[20,5]],[[35,0],[98,8]]]},
"G447": {"type": "Matrix2x2", "payoffs": [[[35,0],[53,44]],[[0,9],[46,12]]]},
"G448": {"type": "Matrix2x2", "payoffs": [[[95,46],[67,42]],[[84,0],[0,22]]]},
"G449": {"type": "Matrix2x2", "payoffs": [[[41,18],[18,32]],[[50,72],[0,0]]]},
"G450": {"type": "Matrix2x2", "payoffs": [[[38,58],[41,52]],[[81,65],[0,0]]]},
"G451": {"type": "Matrix2x2", "payoffs": [[[0,11],[37,0]],[[71,15],[21,12]]]},
"G452": {"type": "Matrix2x2", "payoffs": [[[0,22],[16,0]],[[41,37],[39,28]]]},
"G453": {"type": "Matrix2x2", "payoffs": [[[28,94],[0,44]],[[20,61],[5,0]]]},
"G454": {"type": "Matrix2x2", "payoffs": [[[14,45],[8,26]],[[13,0],[0,39]]]},
"G455": {"type": "Matrix2x2", "payoffs": [[[13,0],[0,71]],[[16,68],[20,90]]]},
"G456": {"type": "Matrix2x2", "payoffs": [[[0,31],[8,0]],[[30,2],[64,41]]]},
"G457": {"type": "Matrix2x2", "payoffs": [[[0,47],[3,0]],[[14,7],[16,71]]]},
"G458": {"type": "Matrix2x2", "payoffs": [[[0,29],[1,7]],[[3,60],[2,0]]]},
"G459": {"type": "Matrix2x2", "payoffs": [[[0,0],[4,12]],[[35,90],[13,11]]]},
"G460": {"type": "Matrix2x2", "payoffs": [[[35,13],[47,0]],[[57,16],[0,14]]]},
"G461": {"type": "Matrix2x2", "payoffs": [[[0,11],[100,17]],[[27,8],[62,0]]]},
"G462": {"type": "Matrix2x2", "payoffs": [[[31,68],[24,0]],[[0,26],[39,73]]]},
"G463": {"type": "Matrix2x2", "payoffs": [[[17,26],[7,36]],[[0,0],[20,47]]]},
"G464": {"type": "Matrix2x2", "payoffs": [[[25,55],[7,50]],[[18,45],[0,0]]]},
"G465": {"type": "Matrix2x2", "payoffs": [[[16,46],[47,59]],[[36,0],[0,4]]]},
"G466": {"type": "Matrix2x2", "payoffs": [[[36,0],[0,25]],[[71,28],[35,22]]]},
"G467": {"type": "Matrix2x2", "payoffs": [[[0,15],[67,7]],[[74,67],[31,0]]]},
"G468": {"type": "Matrix2x2", "payoffs": [[[61,3],[0,0]],[[46,2],[10,1]]]},
"G469": {"type": "Matrix2x2", "payoffs": [[[54,12],[46,0]],[[9,10],[0,9]]]},
"G470": {"type": "Matrix2x2", "payoffs": [[[61,12],[0,6]],[[2,0],[68,30]]]},
"G471": {"type": "Matrix2x2", "payoffs": [[[46,36],[0,27]],[[1,0],[12,11]]]},
"G472": {"type": "Matrix2x2", "payoffs": [[[78,15],[0,0]],[[90,73],[64,17]]]},
"G473": {"type": "Matrix2x2", "payoffs": [[[2,12],[56,0]],[[0,24],[78,26]]]},
"G474": {"type": "Matrix2x2", "payoffs": [[[12,81],[7,0]],[[10,31],[0,61]]]},
"G475": {"type": "Matrix2x2", "payoffs": [[[48,16],[5,0]],[[94,59],[0,19]]]},
"G476": {"type": "Matrix2x2", "payoffs": [[[3,36],[4,7]],[[6,89],[0,0]]]},
"G477": {"type": "Matrix2x2", "payoffs": [[[35,17],[53,0]],[[0,13],[82,24]]]},
"G478": {"type": "Matrix2x2", "payoffs": [[[0,2],[12,0]],[[7,4],[23,8]]]},
"G479": {"type": "Matrix2x2", "payoffs": [[[0,31],[45,51]],[[21,0],[40,15]]]},
"G480": {"type": "Matrix2x2", "payoffs": [[[2,0],[7,18]],[[0,43],[11,75]]]},
"G481": {"type": "Matrix2x2", "payoffs": [[[0,1],[19,0]],[[33,4],[39,6]]]},
"G482": {"type": "Matrix2x2", "payoffs": [[[29,92],[0,57]],[[9,0],[3,37]]]},
"G483": {"type": "Matrix2x2", "payoffs": [[[13,34],[1,0]],[[25,69],[0,64]]]},
"G484": {"type": "Matrix2x2", "payoffs": [[[0,54],[17,66]],[[3,22],[9,0]]]},
"G485": {"type": "Matrix2x2", "payoffs": [[[0,4],[41,2]],[[75,0],[95,86]]]},
"G486": {"type": "Matrix2x2", "payoffs": [[[80,90],[21,0]],[[0,47],[58,45]]]},
"G487": {"type": "Matrix2x2", "payoffs": [[[2,58],[0,46]],[[10,0],[15,99]]]},
"G488": {"type": "Matrix2x2", "payoffs": [[[6,1],[27,55]],[[0,0],[13,52]]]},
"G489": {"type": "Matrix2x2", "payoffs": [[[6,6],[86,30]],[[0,0],[98,38]]]},
"G490": {"type": "Matrix2x2", "payoffs": [[[10,72],[2,20]],[[1,0],[0,31]]]},
"G491": {"type": "Matrix2x2", "payoffs": [[[0,5],[46,22]],[[27,0],[1,10]]]},
"G492": {"type": "Matrix2x2", "payoffs": [[[19,62],[67,81]],[[0,61],[50,0]]]},
"G493": {"type": "Matrix2x2", "payoffs": [[[7,0],[0,6]],[[6,18],[90,78]]]},
"G494": {"type": "Matrix2x2", "payoffs": [[[3,4],[0,0]],[[19,5],[42,11]]]},
"G495": {"type": "Matrix2x2", "payoffs": [[[0,0],[27,35]],[[68,36],[40,5]]]},
"G496": {"type": "Matrix2x2", "payoffs": [[[34,4],[5,43]],[[78,46],[0,0]]]},
"G497": {"type": "Matrix2x2", "payoffs": [[[34,50],[25,0]],[[0,14],[11,1]]]},
"G498": {"type": "Matrix2x2", "payoffs": [[[0,0],[30,23]],[[28,20],[29,17]]]},
"G499": {"type": "Matrix2x2", "payoffs": [[[55,19],[93,47]],[[84,27],[0,0]]]},
"G500": {"type": "Matrix2x2", "payoffs": [[[1,0],[0,10]],[[12,40],[5,15]]]},
"G501": {"type": "Matrix2x2", "payoffs": [[[93,62],[0,11]],[[87,0],[6,9]]]},
"G502": {"type": "Matrix2x2", "payoffs": [[[11,0],[17,64]],[[16,15],[0,60]]]},
"G503": {"type": "Matrix2x2", "payoffs": [[[0,6],[92,91]],[[24,40],[77,0]]]},
"G504": {"type": "Matrix2x2", "payoffs": [[[80,13],[76,7]],[[0,0],[47,4]]]},
"G505": {"type": "Matrix2x2", "payoffs": [[[72,0],[96,48]],[[59,8],[0,36]]]},
"G506": {"type": "Matrix2x2", "payoffs": [[[0,15],[18,31]],[[40,0],[65,50]]]},
"G507": {"type": "Matrix2x2", "payoffs": [[[72,33],[98,0]],[[100,53],[0,22]]]},
"G508": {"type": "Matrix2x2", "payoffs": [[[0,18],[16,19]],[[8,0],[14,1]]]},
"G509": {"type": "Matrix2x2", "payoffs": [[[83,76],[41,23]],[[12,0],[0,72]]]},
"G510": {"type": "Matrix2x2", "payoffs": [[[17,90],[1,84]],[[2,0],[0,83]]]},
"G511": {"type": "Matrix2x2", "payoffs": [[[70,51],[39,0]],[[19,19],[0,14]]]},
"G512": {"type": "Matrix2x2", "payoffs": [[[1,0],[0,58]],[[13,51],[54,72]]]},
"G513": {"type": "Matrix2x2", "payoffs": [[[0,32],[37,66]],[[21,0],[12,18]]]},
"G514": {"type": "Matrix2x2", "payoffs": [[[86,25],[0,9]],[[33,13],[2,0]]]},
"G515": {"type": "Matrix2x2", "payoffs": [[[59,16],[95,23]],[[72,2],[0,0]]]},
"G516": {"type": "Matrix2x2", "payoffs": [[[18,0],[78,16]],[[0,13],[38,8]]]},
"G517": {"type": "Matrix2x2", "payoffs": [[[56,0],[50,8]],[[91,83],[0,39]]]},
"G518": {"type": "Matrix2x2", "payoffs": [[[0,84],[49,46]],[[58,0],[61,85]]]},
"G519": {"type": "Matrix2x2", "payoffs": [[[0,9],[18,6]],[[71,12],[3,0]]]},
"G520": {"type": "Matrix2x2", "payoffs": [[[0,0],[19,5]],[[88,94],[64,19]]]},
"G521": {"type": "Matrix2x2", "payoffs": [[[7,30],[6,21]],[[1,0],[0,17]]]},
"G522": {"type": "Matrix2x2", "payoffs": [[[0,0],[10,34]],[[8,33],[1,25]]]},
"G523": {"type": "Matrix2x2", "payoffs": [[[83,64],[0,0]],[[56,45],[42,51]]]},
"G524": {"type": "Matrix2x2", "payoffs": [[[5,15],[21,30]],[[0,22],[10,0]]]},
"G525": {"type": "Matrix2x2", "payoffs": [[[62,9],[70,76]],[[0,0],[24,3]]]},
"G526": {"type": "Matrix2x2", "payoffs": [[[38,0],[4,17]],[[51,46],[0,41]]]},
"G527": {"type": "Matrix2x2", "payoffs": [[[35,31],[13,28]],[[21,0],[0,17]]]},
"G528": {"type": "Matrix2x2", "payoffs": [[[22,9],[12,17]],[[24,42],[0,0]]]},
"G529": {"type": "Matrix2x2", "payoffs": [[[1,66],[0,0]],[[15,74],[11,6]]]},
"G530": {"type": "Matrix2x2", "payoffs": [[[5,12],[7,94]],[[6,31],[0,0]]]},
"G531": {"type": "Matrix2x2", "payoffs": [[[98,27],[2,18]],[[19,9],[0,0]]]},
"G532": {"type": "Matrix2x2", "payoffs": [[[2,0],[45,87]],[[0,11],[3,31]]]},
"G533": {"type": "Matrix2x2", "payoffs": [[[6,3],[0,0]],[[51,5],[43,2]]]},
"G534": {"type": "Matrix2x2", "payoffs": [[[26,89],[0,0]],[[17,45],[18,61]]]},
"G535": {"type": "Matrix2x2", "payoffs": [[[23,74],[22,0]],[[0,41],[21,10]]]},
"G536": {"type": "Matrix2x2", "payoffs": [[[12,0],[0,62]],[[55,64],[52,23]]]},
"G537": {"type": "Matrix2x2", "payoffs": [[[78,71],[0,0]],[[12,54],[57,49]]]},
"G538": {"type": "Matrix2x2", "payoffs": [[[2,62],[3,71]],[[1,23],[0,0]]]},
"G539": {"type": "Matrix2x2", "payoffs": [[[4,5],[3,37]],[[7,45],[0,0]]]},
"G540": {"type": "Matrix2x2", "payoffs": [[[42,55],[12,0]],[[0,14],[20,47]]]},
"G541": {"type": "Matrix2x2", "payoffs": [[[96,6],[73,2]],[[0,0],[50,1]]]},
"G542": {"type": "Matrix2x2", "payoffs": [[[25,19],[0,0]],[[7,13],[20,3]]]},
"G543": {"type": "Matrix2x2", "payoffs": [[[84,0],[0,2]],[[85,10],[54,7]]]},
"G544": {"type": "Matrix2x2", "payoffs": [[[20,3],[0,0]],[[48,6],[62,11]]]},
"G545": {"type": "Matrix2x2", "payoffs": [[[0,4],[81,51]],[[31,0],[41,14]]]},
"G546": {"type": "Matrix2x2", "payoffs": [[[0,45],[3,49]],[[5,92],[2,0]]]},
"G547": {"type": "Matrix2x2", "payoffs": [[[4,41],[12,74]],[[0,24],[2,0]]]},
"G548": {"type": "Matrix2x2", "payoffs": [[[10,36],[0,0]],[[31,97],[7,29]]]},
"G549": {"type": "Matrix2x2", "payoffs": [[[64,51],[82,66]],[[29,0],[0,8]]]},
"G550": {"type": "Matrix2x2", "payoffs": [[[7,79],[0,7]],[[29,0],[92,88]]]},
"G551": {"type": "Matrix2x2", "payoffs": [[[6,12],[1,3]],[[0,2],[3,0]]]},
"G552": {"type": "Matrix2x2", "payoffs": [[[96,39],[85,7]],[[0,8],[31,0]]]},
"G553": {"type": "Matrix2x2", "payoffs": [[[29,66],[0,65]],[[23,0],[6,13]]]},
"G554": {"type": "Matrix2x2", "payoffs": [[[0,0],[6,6]],[[7,3],[10,80]]]},
"G555": {"type": "Matrix2x2", "payoffs": [[[0,6],[39,0]],[[43,8],[19,3]]]},
"G556": {"type": "Matrix2x2", "payoffs": [[[12,70],[24,0]],[[34,96],[0,84]]]},
"G557": {"type": "Matrix2x2", "payoffs": [[[0,0],[24,16]],[[16,10],[26,23]]]},
"G558": {"type": "Matrix2x2", "payoffs": [[[18,61],[0,36]],[[53,85],[9,0]]]},
"G559": {"type": "Matrix2x2", "payoffs": [[[91,96],[51,0]],[[36,85],[0,58]]]},
"G560": {"type": "Matrix2x2", "payoffs": [[[0,7],[41,58]],[[82,65],[21,0]]]},
"G561": {"type": "Matrix2x2", "payoffs": [[[84,15],[73,1]],[[89,21],[0,0]]]},
"G562": {"type": "Matrix2x2", "payoffs": [[[23,62],[6,8]],[[0,0],[4,58]]]},
"G563": {"type": "Matrix2x2", "payoffs": [[[0,26],[21,92]],[[42,93],[15,0]]]},
"G564": {"type": "Matrix2x2", "payoffs": [[[61,21],[11,12]],[[0,6],[17,0]]]},
"G565": {"type": "Matrix2x2", "payoffs": [[[0,29],[37,59]],[[52,0],[60,61]]]},
"G566": {"type": "Matrix2x2", "payoffs": [[[40,7],[0,0]],[[12,25],[44,37]]]},
"G567": {"type": "Matrix2x2", "payoffs": [[[57,64],[0,63]],[[81,90],[23,0]]]},
"G568": {"type": "Matrix2x2", "payoffs": [[[75,97],[0,6]],[[53,0],[25,72]]]},
"G569": {"type": "Matrix2x2", "payoffs": [[[2,0],[33,31]],[[0,35],[75,43]]]},
"G570": {"type": "Matrix2x2", "payoffs": [[[0,6],[10,10]],[[13,19],[12,0]]]},
"G571": {"type": "Matrix2x2", "payoffs": [[[8,21],[33,78]],[[0,73],[31,0]]]},
"G572": {"type": "Matrix2x2", "payoffs": [[[0,7],[65,0]],[[40,36],[96,54]]]},
"G573": {"type": "Matrix2x2", "payoffs": [[[43,50],[32,42]],[[0,0],[37,34]]]},
"G574": {"type": "Matrix2x2", "payoffs": [[[11,75],[17,78]],[[0,43],[8,0]]]},
"G575": {"type": "Matrix2x2", "payoffs": [[[5,65],[0,53]],[[2,0],[4,41]]]},
"G576": {"type": "Matrix2x2", "payoffs": [[[0,1],[92,16]],[[64,0],[77,4]]]},
"G577": {"type": "Matrix2x2", "payoffs": [[[31,36],[0,0]],[[19,17],[59,64]]]},
"G578": {"type": "Matrix2x2", "payoffs": [[[67,43],[30,30]],[[31,0],[0,25]]]},
"G579": {"type": "Matrix2x2", "payoffs": [[[97,30],[0,0]],[[90,20],[50,9]]]},
"G580": {"type": "Matrix2x2", "payoffs": [[[66,0],[91,26]],[[0,19],[71,8]]]},
"G581": {"type": "Matrix2x2", "payoffs": [[[14,26],[24,33]],[[0,25],[13,0]]]},
"G582": {"type": "Matrix2x2", "payoffs": [[[62,8],[0,41]],[[30,0],[65,50]]]},
"G583": {"type": "Matrix2x2", "payoffs": [[[3,71],[0,0]],[[19,57],[45,79]]]},
"G584": {"type": "Matrix2x2", "payoffs": [[[20,0],[54,46]],[[0,26],[27,8]]]},
"G585": {"type": "Matrix2x2", "payoffs": [[[12,0],[0,39]],[[3,67],[28,76]]]},
"G586": {"type": "Matrix2x2", "payoffs": [[[0,0],[4,31]],[[33,39],[32,2]]]},
"G587": {"type": "Matrix2x2", "payoffs": [[[0,0],[48,59]],[[5,48],[4,49]]]},
"G588": {"type": "Matrix2x2", "payoffs": [[[9,87],[7,31]],[[8,10],[0,0]]]},
"G589": {"type": "Matrix2x2", "payoffs": [[[6,18],[2,10]],[[5,3],[0,0]]]},
"G590": {"type": "Matrix2x2", "payoffs": [[[72,0],[0,2]],[[42,13],[73,86]]]},
"G591": {"type": "Matrix2x2", "payoffs": [[[0,26],[36,36]],[[8,0],[30,5]]]},
"G592": {"type": "Matrix2x2", "payoffs": [[[0,10],[12,0]],[[53,49],[7,28]]]},
"G593": {"type": "Matrix2x2", "payoffs": [[[8,0],[12,26]],[[9,14],[0,7]]]},
"G594": {"type": "Matrix2x2", "payoffs": [[[52,49],[0,22]],[[10,0],[44,26]]]},
"G595": {"type": "Matrix2x2", "payoffs": [[[62,22],[87,33]],[[2,8],[0,0]]]},
"G596": {"type": "Matrix2x2", "payoffs": [[[21,12],[53,91]],[[0,41],[43,0]]]},
"G597": {"type": "Matrix2x2", "payoffs": [[[14,0],[34,11]],[[37,50],[0,33]]]},
"G598": {"type": "Matrix2x2", "payoffs": [[[59,13],[16,6]],[[0,0],[36,9]]]},
"G599": {"type": "Matrix2x2", "payoffs": [[[29,91],[0,0]],[[11,77],[28,5]]]},
"G600": {"type": "Matrix2x2", "payoffs": [[[10,0],[31,18]],[[22,2],[0,10]]]},
"G601": {"type": "Matrix2x2", "payoffs": [[[58,0],[0,3]],[[76,30],[87,47]]]},
"G602": {"type": "Matrix2x2", "payoffs": [[[48,32],[0,0]],[[64,13],[86,66]]]},
"G603": {"type": "Matrix2x2", "payoffs": [[[85,88],[21,34]],[[0,37],[61,0]]]},
"G604": {"type": "Matrix2x2", "payoffs": [[[55,91],[18,0]],[[0,54],[38,75]]]},
"G605": {"type": "Matrix2x2", "payoffs": [[[15,0],[40,19]],[[0,5],[95,38]]]},
"G606": {"type": "Matrix2x2", "payoffs": [[[20,10],[41,0]],[[0,85],[75,99]]]},
"G607": {"type": "Matrix2x2", "payoffs": [[[74,21],[42,0]],[[53,19],[0,3]]]},
"G608": {"type": "Matrix2x2", "payoffs": [[[5,22],[0,0]],[[3,1],[4,16]]]},
"G609": {"type": "Matrix2x2", "payoffs": [[[79,18],[80,43]],[[0,0],[73,29]]]},
"G610": {"type": "Matrix2x2", "payoffs": [[[77,1],[45,0]],[[90,18],[0,6]]]},
"G611": {"type": "Matrix2x2", "payoffs": [[[78,16],[4,9]],[[0,6],[68,0]]]},
"G612": {"type": "Matrix2x2", "payoffs": [[[4,0],[8,35]],[[0,23],[10,91]]]},
"G613": {"type": "Matrix2x2", "payoffs": [[[5,0],[36,89]],[[0,4],[13,20]]]},
"G614": {"type": "Matrix2x2", "payoffs": [[[19,24],[0,43]],[[11,0],[59,44]]]},
"G615": {"type": "Matrix2x2", "payoffs": [[[76,2],[0,38]],[[8,0],[100,89]]]},
"G616": {"type": "Matrix2x2", "payoffs": [[[45,0],[0,6]],[[47,51],[12,22]]]},
"G617": {"type": "Matrix2x2", "payoffs": [[[0,25],[68,32]],[[98,74],[7,0]]]},
"G618": {"type": "Matrix2x2", "payoffs": [[[0,33],[4,26]],[[18,37],[9,0]]]},
"G619": {"type": "Matrix2x2", "payoffs": [[[4,1],[24,2]],[[26,3],[0,0]]]},
"G620": {"type": "Matrix2x2", "payoffs": [[[38,95],[15,21]],[[0,78],[31,0]]]},
"G621": {"type": "Matrix2x2", "payoffs": [[[0,27],[7,0]],[[17,42],[13,38]]]},
"G622": {"type": "Matrix2x2", "payoffs": [[[34,64],[30,31]],[[29,39],[0,0]]]},
"G623": {"type": "Matrix2x2", "payoffs": [[[10,4],[17,0]],[[0,2],[18,6]]]},
"G624": {"type": "Matrix2x2", "payoffs": [[[0,63],[60,7]],[[64,0],[81,83]]]},
"G625": {"type": "Matrix2x2", "payoffs": [[[4,5],[0,0]],[[32,4],[33,9]]]},
"G626": {"type": "Matrix2x2", "payoffs": [[[40,5],[0,0]],[[7,4],[17,1]]]},
"G627": {"type": "Matrix2x2", "payoffs": [[[46,37],[42,8]],[[0,0],[91,43]]]},
"G628": {"type": "Matrix2x2", "payoffs": [[[0,5],[16,7]],[[4,0],[18,15]]]},
"G629": {"type": "Matrix2x2", "payoffs": [[[58,9],[0,0]],[[51,22],[72,52]]]},
"G630": {"type": "Matrix2x2", "payoffs": [[[0,14],[98,27]],[[6,0],[87,4]]]},
"G631": {"type": "Matrix2x2", "payoffs": [[[41,89],[31,54]],[[0,64],[23,0]]]},
"G632": {"type": "Matrix2x2", "payoffs": [[[18,64],[7,28]],[[0,16],[3,0]]]},
"G633": {"type": "Matrix2x2", "payoffs": [[[22,34],[38,37]],[[0,0],[54,41]]]},
"G634": {"type": "Matrix2x2", "payoffs": [[[33,92],[26,0]],[[28,69],[0,81]]]},
"G635": {"type": "Matrix2x2", "payoffs": [[[0,6],[19,3]],[[46,0],[73,66]]]},
"G636": {"type": "Matrix2x2", "payoffs": [[[5,5],[6,67]],[[0,0],[3,45]]]},
"G637": {"type": "Matrix2x2", "payoffs": [[[0,6],[63,17]],[[22,1],[34,0]]]},
"G638": {"type": "Matrix2x2", "payoffs": [[[17,12],[40,20]],[[39,0],[0,6]]]},
"G639": {"type": "Matrix2x2", "payoffs": [[[58,10],[87,34]],[[39,0],[0,18]]]},
"G640": {"type": "Matrix2x2", "payoffs": [[[19,2],[97,7]],[[69,5],[0,0]]]},
"G641": {"type": "Matrix2x2", "payoffs": [[[65,83],[63,39]],[[59,79],[0,0]]]},
"G642": {"type": "Matrix2x2", "payoffs": [[[19,9],[8,7]],[[0,2],[14,0]]]},
"G643": {"type": "Matrix2x2", "payoffs": [[[7,33],[0,6]],[[1,0],[9,39]]]},
"G644": {"type": "Matrix2x2", "payoffs": [[[2,41],[5,0]],[[0,19],[10,42]]]},
"G645": {"type": "Matrix2x2", "payoffs": [[[33,27],[0,0]],[[85,44],[24,21]]]},
"G646": {"type": "Matrix2x2", "payoffs": [[[8,6],[0,8]],[[16,0],[38,45]]]},
"G647": {"type": "Matrix2x2", "payoffs": [[[23,19],[27,47]],[[0,0],[10,36]]]},
"G648": {"type": "Matrix2x2", "payoffs": [[[6,5],[3,2]],[[5,1],[0,0]]]},
"G649": {"type": "Matrix2x2", "payoffs": [[[87,86],[0,0]],[[77,13],[55,50]]]},
"G650": {"type": "Matrix2x2", "payoffs": [[[68,0],[77,37]],[[0,4],[50,30]]]},
"G651": {"type": "Matrix2x2", "payoffs": [[[9,0],[72,76]],[[0,23],[8,14]]]},
"G652": {"type": "Matrix2x2", "payoffs": [[[11,3],[57,17]],[[0,12],[48,0]]]},
"G653": {"type": "Matrix2x2", "payoffs": [[[41,23],[4,34]],[[44,60],[0,0]]]},
"G654": {"type": "Matrix2x2", "payoffs": [[[7,80],[12,91]],[[0,43],[9,0]]]},
"G655": {"type": "Matrix2x2", "payoffs": [[[0,27],[90,37]],[[80,0],[92,46]]]},
"G656": {"type": "Matrix2x2", "payoffs": [[[37,0],[16,35]],[[39,62],[0,13]]]},
"G657": {"type": "Matrix2x2", "payoffs": [[[0,0],[38,57]],[[31,26],[24,12]]]},
"G658": {"type": "Matrix2x2", "payoffs": [[[56,4],[0,0]],[[1,1],[28,3]]]},
"G659": {"type": "Matrix2x2", "payoffs": [[[0,78],[87,94]],[[22,90],[16,0]]]},
"G660": {"type": "Matrix2x2", "payoffs": [[[0,19],[59,20]],[[27,17],[57,0]]]},
"G661": {"type": "Matrix2x2", "payoffs": [[[23,0],[33,21]],[[51,76],[0,13]]]},
"G662": {"type": "Matrix2x2", "payoffs": [[[7,15],[33,0]],[[51,87],[0,26]]]},
"G663": {"type": "Matrix2x2", "payoffs": [[[5,4],[0,12]],[[22,13],[17,0]]]},
"G664": {"type": "Matrix2x2", "payoffs": [[[9,75],[0,81]],[[21,91],[13,0]]]},
"G665": {"type": "Matrix2x2", "payoffs": [[[39,87],[26,0]],[[29,4],[0,62]]]},
"G666": {"type": "Matrix2x2", "payoffs": [[[63,83],[24,77]],[[0,48],[34,0]]]},
"G667": {"type": "Matrix2x2", "payoffs": [[[0,8],[6,9]],[[8,23],[2,0]]]},
"G668": {"type": "Matrix2x2", "payoffs": [[[13,0],[0,7]],[[42,8],[62,15]]]},
"G669": {"type": "Matrix2x2", "payoffs": [[[4,9],[1,2]],[[0,1],[2,0]]]},
"G670": {"type": "Matrix2x2", "payoffs": [[[38,0],[47,36]],[[0,25],[40,26]]]},
"G671": {"type": "Matrix2x2", "payoffs": [[[0,28],[5,67]],[[94,71],[23,0]]]},
"G672": {"type": "Matrix2x2", "payoffs": [[[34,21],[10,15]],[[0,0],[30,20]]]},
"G673": {"type": "Matrix2x2", "payoffs": [[[91,6],[0,18]],[[51,0],[100,64]]]},
"G674": {"type": "Matrix2x2", "payoffs": [[[39,60],[83,78]],[[0,69],[33,0]]]},
"G675": {"type": "Matrix2x2", "payoffs": [[[24,34],[0,0]],[[15,19],[23,18]]]},
"G676": {"type": "Matrix2x2", "payoffs": [[[32,11],[51,43]],[[0,0],[41,22]]]},
"G677": {"type": "Matrix2x2", "payoffs": [[[12,60],[0,10]],[[9,9],[11,0]]]},
"G678": {"type": "Matrix2x2", "payoffs": [[[0,23],[23,0]],[[67,72],[16,13]]]},
"G679": {"type": "Matrix2x2", "payoffs": [[[13,0],[42,28]],[[44,99],[0,55]]]},
"G680": {"type": "Matrix2x2", "payoffs": [[[0,0],[20,32]],[[4,18],[49,83]]]},
"G681": {"type": "Matrix2x2", "payoffs": [[[34,2],[7,0]],[[39,10],[0,5]]]},
"G682": {"type": "Matrix2x2", "payoffs": [[[51,0],[72,54]],[[48,25],[0,6]]]},
"G683": {"type": "Matrix2x2", "payoffs": [[[20,3],[35,0]],[[45,5],[0,2]]]},
"G684": {"type": "Matrix2x2", "payoffs": [[[0,45],[22,5]],[[95,93],[28,0]]]},
"G685": {"type": "Matrix2x2", "payoffs": [[[25,86],[17,0]],[[0,22],[14,79]]]},
"G686": {"type": "Matrix2x2", "payoffs": [[[11,5],[49,57]],[[40,0],[0,33]]]},
"G687": {"type": "Matrix2x2", "payoffs": [[[90,43],[0,4]],[[30,0],[59,33]]]},
"G688": {"type": "Matrix2x2", "payoffs": [[[21,95],[0,42]],[[2,46],[16,0]]]},
"G689": {"type": "Matrix2x2", "payoffs": [[[0,6],[19,42]],[[20,0],[34,52]]]},
"G690": {"type": "Matrix2x2", "payoffs": [[[5,5],[2,6]],[[0,0],[6,10]]]},
"G691": {"type": "Matrix2x2", "payoffs": [[[69,49],[51,0]],[[82,59],[0,44]]]},
"G692": {"type": "Matrix2x2", "payoffs": [[[0,28],[9,46]],[[15,0],[19,98]]]},
"G693": {"type": "Matrix2x2", "payoffs": [[[89,9],[15,7]],[[38,2],[0,0]]]},
"G694": {"type": "Matrix2x2", "payoffs": [[[33,61],[0,45]],[[35,80],[30,0]]]},
"G695": {"type": "Matrix2x2", "payoffs": [[[19,0],[61,71]],[[0,96],[80,100]]]},
"G696": {"type": "Matrix2x2", "payoffs": [[[2,55],[84,82]],[[78,41],[0,0]]]},
"G697": {"type": "Matrix2x2", "payoffs": [[[92,25],[47,2]],[[27,20],[0,0]]]},
"G698": {"type": "Matrix2x2", "payoffs": [[[26,0],[9,11]],[[70,13],[0,9]]]},
"G699": {"type": "Matrix2x2", "payoffs": [[[2,21],[7,32]],[[0,0],[5,6]]]},
"G700": {"type": "Matrix2x2", "payoffs": [[[19,11],[31,90]],[[0,45],[11,0]]]},
"G701": {"type": "Matrix2x2", "payoffs": [[[27,22],[21,0]],[[5,4],[0,8]]]},
"G702": {"type": "Matrix2x2", "payoffs": [[[47,91],[35,25]],[[0,0],[46,15]]]},
"G703": {"type": "Matrix2x2", "payoffs": [[[0,52],[50,68]],[[5,22],[23,0]]]},
"G704": {"type": "Matrix2x2", "payoffs": [[[0,5],[32,0]],[[88,25],[48,13]]]},
"G705": {"type": "Matrix2x2", "payoffs": [[[53,36],[1,0]],[[54,99],[0,7]]]},
"G706": {"type": "Matrix2x2", "payoffs": [[[20,6],[0,7]],[[8,0],[26,15]]]},
"G707": {"type": "Matrix2x2", "payoffs": [[[0,13],[35,8]],[[55,21],[7,0]]]},
"G708": {"type": "Matrix2x2", "payoffs": [[[0,2],[45,45]],[[3,0],[35,12]]]},
"G709": {"type": "Matrix2x2", "payoffs": [[[2,7],[26,0]],[[42,78],[0,62]]]},
"G710": {"type": "Matrix2x2", "payoffs": [[[46,0],[68,56]],[[35,50],[0,52]]]},
"G711": {"type": "Matrix2x2", "payoffs": [[[31,76],[14,64]],[[0,0],[9,34]]]},
"G712": {"type": "Matrix2x2", "payoffs": [[[0,65],[32,59]],[[86,66],[22,0]]]},
"G713": {"type": "Matrix2x2", "payoffs": [[[28,0],[0,3]],[[35,4],[16,2]]]},
"G714": {"type": "Matrix2x2", "payoffs": [[[22,4],[0,0]],[[2,1],[18,3]]]},
"G715": {"type": "Matrix2x2", "payoffs": [[[0,9],[35,12]],[[22,0],[9,5]]]},
"G716": {"type": "Matrix2x2", "payoffs": [[[0,8],[15,9]],[[42,16],[9,0]]]},
"G717": {"type": "Matrix2x2", "payoffs": [[[0,0],[20,6]],[[9,5],[26,39]]]},
"G718": {"type": "Matrix2x2", "payoffs": [[[6,68],[0,0]],[[15,52],[29,75]]]},
"G719": {"type": "Matrix2x2", "payoffs": [[[48,71],[1,62]],[[0,0],[33,44]]]},
"G720": {"type": "Matrix2x2", "payoffs": [[[0,28],[6,26]],[[2,0],[10,29]]]},
"G721": {"type": "Matrix2x2", "payoffs": [[[3,22],[33,70]],[[0,12],[17,0]]]},
"G722": {"type": "Matrix2x2", "payoffs": [[[93,91],[0,71]],[[44,0],[2,81]]]},
"G723": {"type": "Matrix2x2", "payoffs": [[[58,0],[87,78]],[[66,58],[0,67]]]},
"G724": {"type": "Matrix2x2", "payoffs": [[[19,92],[4,0]],[[0,17],[13,59]]]},
"G725": {"type": "Matrix2x2", "payoffs": [[[36,3],[55,10]],[[0,5],[35,0]]]},
"G726": {"type": "Matrix2x2", "payoffs": [[[51,0],[0,37]],[[24,21],[52,85]]]},
"G727": {"type": "Matrix2x2", "payoffs": [[[7,1],[0,7]],[[8,12],[4,0]]]},
"G728": {"type": "Matrix2x2", "payoffs": [[[58,51],[51,72]],[[0,0],[88,85]]]},
"G729": {"type": "Matrix2x2", "payoffs": [[[7,55],[1,0]],[[3,16],[0,41]]]},
"G730": {"type": "Matrix2x2", "payoffs": [[[45,14],[23,0]],[[0,13],[55,19]]]},
"G731": {"type": "Matrix2x2", "payoffs": [[[0,12],[55,80]],[[19,0],[38,58]]]},
"G732": {"type": "Matrix2x2", "payoffs": [[[10,73],[0,0]],[[12,100],[6,64]]]},
"G733": {"type": "Matrix2x2", "payoffs": [[[0,19],[84,59]],[[30,55],[51,0]]]},
"G734": {"type": "Matrix2x2", "payoffs": [[[0,48],[90,59]],[[53,0],[11,18]]]},
"G735": {"type": "Matrix2x2", "payoffs": [[[62,21],[0,8]],[[34,14],[40,0]]]},
"G736": {"type": "Matrix2x2", "payoffs": [[[1,0],[38,14]],[[47,55],[0,48]]]},
"G737": {"type": "Matrix2x2", "payoffs": [[[0,32],[9,0]],[[51,11],[83,73]]]},
"G738": {"type": "Matrix2x2", "payoffs": [[[46,4],[50,7]],[[0,1],[32,0]]]},
"G739": {"type": "Matrix2x2", "payoffs": [[[14,11],[7,0]],[[0,4],[8,7]]]},
"G740": {"type": "Matrix2x2", "payoffs": [[[62,44],[44,0]],[[0,35],[21,8]]]},
"G741": {"type": "Matrix2x2", "payoffs": [[[14,31],[0,17]],[[24,41],[9,0]]]},
"G742": {"type": "Matrix2x2", "payoffs": [[[5,55],[79,61]],[[60,0],[0,40]]]},
"G743": {"type": "Matrix2x2", "payoffs": [[[0,2],[95,0]],[[98,13],[17,4]]]},
"G744": {"type": "Matrix2x2", "payoffs": [[[0,0],[13,9]],[[16,78],[5,41]]]},
"G745": {"type": "Matrix2x2", "payoffs": [[[90,81],[25,0]],[[0,31],[18,43]]]},
"G746": {"type": "Matrix2x2", "payoffs": [[[38,64],[27,56]],[[0,0],[15,2]]]},
"G747": {"type": "Matrix2x2", "payoffs": [[[26,13],[22,3]],[[25,0],[0,10]]]},
"G748": {"type": "Matrix2x2", "payoffs": [[[25,56],[21,20]],[[0,51],[23,0]]]},
"G749": {"type": "Matrix2x2", "payoffs": [[[11,71],[0,0]],[[42,93],[20,17]]]},
"G750": {"type": "Matrix2x2", "payoffs": [[[0,32],[5,45]],[[8,0],[10,89]]]},
"G751": {"type": "Matrix2x2", "payoffs": [[[25,59],[31,72]],[[0,0],[13,35]]]},
"G752": {"type": "Matrix2x2", "payoffs": [[[1,0],[28,6]],[[33,26],[0,1]]]},
"G753": {"type": "Matrix2x2", "payoffs": [[[27,0],[4,26]],[[29,28],[0,19]]]},
"G754": {"type": "Matrix2x2", "payoffs": [[[50,0],[37,26]],[[54,59],[0,52]]]},
"G755": {"type": "Matrix2x2", "payoffs": [[[10,73],[6,19]],[[21,75],[0,0]]]},
"G756": {"type": "Matrix2x2", "payoffs": [[[6,0],[0,29]],[[27,36],[3,1]]]},
"G757": {"type": "Matrix2x2", "payoffs": [[[0,7],[29,0]],[[77,48],[57,42]]]},
"G758": {"type": "Matrix2x2", "payoffs": [[[9,1],[91,91]],[[0,0],[7,59]]]},
"G759": {"type": "Matrix2x2", "payoffs": [[[50,46],[100,72]],[[0,50],[92,0]]]},
"G760": {"type": "Matrix2x2", "payoffs": [[[5,52],[4,40]],[[0,0],[1,6]]]},
"G761": {"type": "Matrix2x2", "payoffs": [[[7,18],[0,0]],[[27,41],[6,22]]]},
"G762": {"type": "Matrix2x2", "payoffs": [[[16,6],[0,2]],[[10,1],[6,0]]]},
"G763": {"type": "Matrix2x2", "payoffs": [[[0,4],[30,0]],[[31,21],[12,13]]]},
"G764": {"type": "Matrix2x2", "payoffs": [[[0,43],[11,31]],[[73,49],[45,0]]]},
"G765": {"type": "Matrix2x2", "payoffs": [[[9,4],[0,0]],[[42,51],[31,49]]]},
"G766": {"type": "Matrix2x2", "payoffs": [[[79,80],[0,70]],[[19,0],[65,52]]]},
"G767": {"type": "Matrix2x2", "payoffs": [[[0,26],[3,0]],[[4,72],[2,45]]]},
"G768": {"type": "Matrix2x2", "payoffs": [[[0,35],[20,0]],[[31,30],[64,37]]]},
"G769": {"type": "Matrix2x2", "payoffs": [[[0,21],[54,0]],[[57,68],[24,16]]]},
"G770": {"type": "Matrix2x2", "payoffs": [[[18,40],[15,41]],[[0,0],[19,86]]]},
"G771": {"type": "Matrix2x2", "payoffs": [[[4,28],[55,0]],[[71,59],[0,52]]]},
"G772": {"type": "Matrix2x2", "payoffs": [[[8,15],[0,0]],[[61,16],[33,6]]]},
"G773": {"type": "Matrix2x2", "payoffs": [[[41,24],[48,26]],[[0,21],[14,0]]]},
"G774": {"type": "Matrix2x2", "payoffs": [[[36,14],[38,34]],[[0,0],[16,24]]]},
"G775": {"type": "Matrix2x2", "payoffs": [[[2,0],[4,15]],[[0,1],[1,7]]]},
"G776": {"type": "Matrix2x2", "payoffs": [[[22,87],[0,85]],[[7,77],[1,0]]]},
"G777": {"type": "Matrix2x2", "payoffs": [[[55,56],[31,27]],[[45,45],[0,0]]]},
"G778": {"type": "Matrix2x2", "payoffs": [[[38,0],[99,72]],[[0,46],[85,61]]]},
"G779": {"type": "Matrix2x2", "payoffs": [[[3,35],[5,37]],[[1,20],[0,0]]]},
"G780": {"type": "Matrix2x2", "payoffs": [[[4,0],[23,97]],[[0,34],[16,28]]]},
"G781": {"type": "Matrix2x2", "payoffs": [[[20,40],[18,50]],[[27,81],[0,0]]]},
"G782": {"type": "Matrix2x2", "payoffs": [[[0,5],[20,2]],[[32,38],[24,0]]]},
"G783": {"type": "Matrix2x2", "payoffs": [[[46,0],[0,7]],[[47,49],[22,21]]]},
"G784": {"type": "Matrix2x2", "payoffs": [[[22,0],[47,70]],[[0,5],[41,50]]]},
"G785": {"type": "Matrix2x2", "payoffs": [[[0,0],[7,51]],[[25,41],[33,70]]]},
"G786": {"type": "Matrix2x2", "payoffs": [[[28,19],[0,0]],[[77,34],[45,13]]]},
"G787": {"type": "Matrix2x2", "payoffs": [[[59,10],[0,2]],[[32,0],[66,22]]]},
"G788": {"type": "Matrix2x2", "payoffs": [[[6,0],[0,48]],[[3,51],[9,52]]]},
"G789": {"type": "Matrix2x2", "payoffs": [[[6,1],[4,0]],[[0,16],[11,17]]]},
"G790": {"type": "Matrix2x2", "payoffs": [[[22,4],[35,21]],[[12,0],[0,8]]]},
"G791": {"type": "Matrix2x2", "payoffs": [[[27,12],[4,9]],[[1,6],[0,0]]]},
"G792": {"type": "Matrix2x2", "payoffs": [[[10,48],[4,0]],[[0,21],[25,55]]]},
"G793": {"type": "Matrix2x2", "payoffs": [[[66,0],[6,45]],[[0,21],[74,58]]]},
"G794": {"type": "Matrix2x2", "payoffs": [[[0,33],[61,58]],[[93,70],[25,0]]]},
"G795": {"type": "Matrix2x2", "payoffs": [[[59,11],[98,26]],[[5,0],[0,10]]]},
"G796": {"type": "Matrix2x2", "payoffs": [[[0,78],[2,67]],[[1,0],[3,88]]]},
"G797": {"type": "Matrix2x2", "payoffs": [[[26,19],[34,63]],[[0,0],[15,46]]]},
"G798": {"type": "Matrix2x2", "payoffs": [[[51,71],[0,0]],[[27,41],[21,54]]]},
"G799": {"type": "Matrix2x2", "payoffs": [[[5,9],[28,13]],[[0,0],[13,5]]]},
"G800": {"type": "Matrix2x2", "payoffs": [[[0,63],[4,0]],[[67,36],[79,67]]]},
"G801": {"type": "Matrix2x2", "payoffs": [[[28,0],[0,40]],[[64,58],[53,3]]]},
"G802": {"type": "Matrix2x2", "payoffs": [[[92,80],[79,0]],[[0,50],[16,2]]]},
"G803": {"type": "Matrix2x2", "payoffs": [[[0,60],[29,90]],[[23,88],[9,0]]]},
"G804": {"type": "Matrix2x2", "payoffs": [[[23,37],[0,0]],[[5,20],[18,12]]]},
"G805": {"type": "Matrix2x2", "payoffs": [[[71,80],[64,70]],[[0,78],[44,0]]]},
"G806": {"type": "Matrix2x2", "payoffs": [[[6,15],[0,0]],[[1,44],[11,79]]]},
"G807": {"type": "Matrix2x2", "payoffs": [[[12,50],[6,4]],[[17,89],[0,0]]]},
"G808": {"type": "Matrix2x2", "payoffs": [[[26,0],[69,55]],[[40,54],[0,11]]]},
"G809": {"type": "Matrix2x2", "payoffs": [[[13,8],[30,9]],[[0,0],[17,5]]]},
"G810": {"type": "Matrix2x2", "payoffs": [[[33,75],[0,2]],[[2,0],[13,15]]]},
"G811": {"type": "Matrix2x2", "payoffs": [[[49,1],[82,10]],[[65,0],[0,2]]]},
"G812": {"type": "Matrix2x2", "payoffs": [[[0,4],[51,0]],[[23,2],[56,6]]]},
"G813": {"type": "Matrix2x2", "payoffs": [[[0,30],[11,21]],[[16,82],[1,0]]]},
"G814": {"type": "Matrix2x2", "payoffs": [[[58,74],[0,62]],[[42,0],[50,55]]]},
"G815": {"type": "Matrix2x2", "payoffs": [[[69,93],[33,85]],[[0,78],[36,0]]]},
"G816": {"type": "Matrix2x2", "payoffs": [[[87,0],[94,42]],[[0,31],[43,29]]]},
"G817": {"type": "Matrix2x2", "payoffs": [[[9,2],[17,4]],[[18,10],[0,0]]]},
"G818": {"type": "Matrix2x2", "payoffs": [[[0,0],[29,2]],[[91,14],[43,3]]]},
"G819": {"type": "Matrix2x2", "payoffs": [[[27,33],[0,0]],[[19,21],[2,31]]]},
"G820": {"type": "Matrix2x2", "payoffs": [[[33,66],[71,87]],[[0,8],[49,0]]]},
"G821": {"type": "Matrix2x2", "payoffs": [[[49,4],[21,0]],[[6,1],[0,2]]]},
"G822": {"type": "Matrix2x2", "payoffs": [[[0,3],[68,0]],[[54,5],[72,6]]]},
"G823": {"type": "Matrix2x2", "payoffs": [[[13,59],[42,66]],[[60,85],[0,0]]]},
"G824": {"type": "Matrix2x2", "payoffs": [[[7,0],[0,46]],[[11,69],[15,84]]]},
"G825": {"type": "Matrix2x2", "payoffs": [[[0,74],[19,0]],[[36,28],[69,77]]]},
"G826": {"type": "Matrix2x2", "payoffs": [[[4,0],[46,4]],[[0,2],[81,19]]]},
"G827": {"type": "Matrix2x2", "payoffs": [[[0,62],[20,71]],[[14,0],[11,56]]]},
"G828": {"type": "Matrix2x2", "payoffs": [[[13,0],[27,63]],[[0,7],[19,56]]]},
"G829": {"type": "Matrix2x2", "payoffs": [[[28,2],[53,8]],[[0,0],[20,6]]]},
"G830": {"type": "Matrix2x2", "payoffs": [[[0,5],[5,6]],[[3,0],[2,1]]]},
"G831": {"type": "Matrix2x2", "payoffs": [[[17,25],[7,10]],[[11,8],[0,0]]]},
"G832": {"type": "Matrix2x2", "payoffs": [[[42,0],[28,1]],[[0,4],[48,17]]]},
"G833": {"type": "Matrix2x2", "payoffs": [[[79,2],[0,1]],[[82,3],[40,0]]]},
"G834": {"type": "Matrix2x2", "payoffs": [[[50,16],[26,12]],[[0,0],[28,4]]]},
"G835": {"type": "Matrix2x2", "payoffs": [[[20,36],[0,1]],[[49,85],[45,0]]]},
"G836": {"type": "Matrix2x2", "payoffs": [[[0,0],[70,69]],[[22,9],[31,11]]]},
"G837": {"type": "Matrix2x2", "payoffs": [[[13,15],[8,0]],[[0,17],[14,22]]]},
"G838": {"type": "Matrix2x2", "payoffs": [[[55,31],[0,2]],[[43,0],[42,27]]]},
"G839": {"type": "Matrix2x2", "payoffs": [[[0,0],[69,80]],[[51,71],[25,48]]]},
"G840": {"type": "Matrix2x2", "payoffs": [[[0,14],[20,0]],[[51,46],[44,35]]]},
"G841": {"type": "Matrix2x2", "payoffs": [[[37,100],[2,73]],[[0,50],[24,0]]]},
"G842": {"type": "Matrix2x2", "payoffs": [[[13,16],[19,24]],[[14,17],[0,0]]]},
"G843": {"type": "Matrix2x2", "payoffs": [[[72,55],[83,78]],[[31,54],[0,0]]]},
"G844": {"type": "Matrix2x2", "payoffs": [[[11,26],[15,0]],[[23,91],[0,83]]]},
"G845": {"type": "Matrix2x2", "payoffs": [[[3,22],[81,45]],[[0,1],[63,0]]]},
"G846": {"type": "Matrix2x2", "payoffs": [[[50,29],[8,11]],[[36,14],[0,0]]]},
"G847": {"type": "Matrix2x2", "payoffs": [[[28,0],[94,8]],[[65,3],[0,7]]]},
"G848": {"type": "Matrix2x2", "payoffs": [[[0,18],[36,4]],[[56,19],[54,0]]]},
"G849": {"type": "Matrix2x2", "payoffs": [[[25,37],[0,0]],[[84,17],[96,40]]]},
"G850": {"type": "Matrix2x2", "payoffs": [[[51,75],[17,0]],[[0,54],[49,13]]]},
"G851": {"type": "Matrix2x2", "payoffs": [[[2,61],[39,83]],[[0,65],[19,0]]]},
"G852": {"type": "Matrix2x2", "payoffs": [[[0,42],[99,50]],[[34,0],[90,47]]]},
"G853": {"type": "Matrix2x2", "payoffs": [[[0,0],[13,6]],[[4,9],[38,11]]]},
"G854": {"type": "Matrix2x2", "payoffs": [[[0,2],[28,24]],[[13,0],[31,38]]]},
"G855": {"type": "Matrix2x2", "payoffs": [[[0,0],[39,5]],[[3,21],[59,96]]]},
"G856": {"type": "Matrix2x2", "payoffs": [[[20,15],[52,62]],[[8,42],[0,0]]]},
"G857": {"type": "Matrix2x2", "payoffs": [[[90,33],[81,0]],[[0,21],[76,15]]]},
"G858": {"type": "Matrix2x2", "payoffs": [[[0,16],[10,14]],[[38,27],[16,0]]]},
"G859": {"type": "Matrix2x2", "payoffs": [[[24,1],[9,22]],[[0,0],[51,37]]]},
"G860": {"type": "Matrix2x2", "payoffs": [[[21,9],[0,40]],[[86,55],[84,0]]]},
"G861": {"type": "Matrix2x2", "payoffs": [[[0,64],[32,0]],[[87,67],[55,66]]]},
"G862": {"type": "Matrix2x2", "payoffs": [[[44,89],[0,76]],[[6,64],[37,0]]]},
"G863": {"type": "Matrix2x2", "payoffs": [[[65,3],[84,5]],[[66,4],[0,0]]]},
"G864": {"type": "Matrix2x2", "payoffs": [[[12,1],[26,21]],[[16,0],[0,3]]]},
"G865": {"type": "Matrix2x2", "payoffs": [[[16,58],[0,79]],[[19,100],[7,0]]]},
"G866": {"type": "Matrix2x2", "payoffs": [[[82,22],[81,20]],[[98,67],[0,0]]]},
"G867": {"type": "Matrix2x2", "payoffs": [[[40,26],[19,0]],[[9,21],[0,20]]]},
"G868": {"type": "Matrix2x2", "payoffs": [[[37,21],[27,0]],[[0,14],[35,15]]]},
"G869": {"type": "Matrix2x2", "payoffs": [[[0,0],[16,25]],[[24,78],[2,15]]]},
"G870": {"type": "Matrix2x2", "payoffs": [[[0,17],[28,0]],[[25,23],[36,32]]]},
"G871": {"type": "Matrix2x2", "payoffs": [[[92,90],[2,0]],[[76,79],[0,28]]]},
"G872": {"type": "Matrix2x2", "payoffs": [[[17,0],[0,37]],[[94,44],[89,12]]]},
"G873": {"type": "Matrix2x2", "payoffs": [[[55,24],[25,32]],[[60,66],[0,0]]]},
"G874": {"type": "Matrix2x2", "payoffs": [[[0,0],[1,27]],[[2,51],[3,65]]]},
"G875": {"type": "Matrix2x2", "payoffs": [[[47,60],[3,33]],[[0,0],[42,46]]]},
"G876": {"type": "Matrix2x2", "payoffs": [[[0,5],[49,0]],[[27,30],[64,72]]]},
"G877": {"type": "Matrix2x2", "payoffs": [[[19,46],[0,35]],[[12,24],[5,0]]]},
"G878": {"type": "Matrix2x2", "payoffs": [[[3,18],[23,0]],[[0,28],[52,32]]]},
"G879": {"type": "Matrix2x2", "payoffs": [[[4,31],[8,71]],[[0,0],[5,29]]]},
"G880": {"type": "Matrix2x2", "payoffs": [[[0,79],[24,0]],[[27,80],[19,59]]]},
"G881": {"type": "Matrix2x2", "payoffs": [[[0,37],[74,86]],[[44,0],[2,66]]]},
"G882": {"type": "Matrix2x2", "payoffs": [[[0,0],[27,19]],[[7,20],[71,36]]]},
"G883": {"type": "Matrix2x2", "payoffs": [[[0,39],[18,46]],[[12,0],[17,33]]]},
"G884": {"type": "Matrix2x2", "payoffs": [[[21,41],[0,20]],[[60,68],[29,0]]]},
"G885": {"type": "Matrix2x2", "payoffs": [[[82,57],[18,50]],[[0,4],[34,0]]]},
"G886": {"type": "Matrix2x2", "payoffs": [[[48,20],[27,0]],[[37,11],[0,18]]]},
"G887": {"type": "Matrix2x2", "payoffs": [[[0,14],[17,40]],[[43,41],[9,0]]]},
"G888": {"type": "Matrix2x2", "payoffs": [[[1,58],[6,72]],[[5,47],[0,0]]]},
"G889": {"type": "Matrix2x2", "payoffs": [[[56,27],[86,54]],[[0,22],[45,0]]]},
"G890": {"type": "Matrix2x2", "payoffs": [[[78,28],[0,18]],[[20,0],[69,1]]]},
"G891": {"type": "Matrix2x2", "payoffs": [[[0,0],[50,8]],[[49,3],[15,5]]]},
"G892": {"type": "Matrix2x2", "payoffs": [[[27,28],[0,0]],[[14,21],[13,22]]]},
"G893": {"type": "Matrix2x2", "payoffs": [[[74,37],[0,36]],[[68,0],[60,3]]]},
"G894": {"type": "Matrix2x2", "payoffs": [[[27,78],[3,0]],[[26,60],[0,37]]]},
"G895": {"type": "Matrix2x2", "payoffs": [[[50,30],[0,0]],[[36,1],[30,11]]]},
"G896": {"type": "Matrix2x2", "payoffs": [[[30,0],[10,71]],[[0,25],[51,95]]]},
"G897": {"type": "Matrix2x2", "payoffs": [[[65,8],[39,45]],[[0,0],[74,84]]]},
"G898": {"type": "Matrix2x2", "payoffs": [[[12,1],[0,0]],[[38,3],[31,2]]]},
"G899": {"type": "Matrix2x2", "payoffs": [[[70,53],[79,77]],[[0,0],[46,43]]]},
"G900": {"type": "Matrix2x2", "payoffs": [[[2,0],[8,56]],[[0,20],[5,21]]]},
"G901": {"type": "Matrix2x2", "payoffs": [[[7,0],[19,52]],[[10,21],[0,8]]]},
"G902": {"type": "Matrix2x2", "payoffs": [[[0,0],[8,93]],[[1,58],[11,95]]]},
"G903": {"type": "Matrix2x2", "payoffs": [[[36,13],[26,0]],[[0,10],[35,7]]]},
"G904": {"type": "Matrix2x2", "payoffs": [[[73,38],[44,4]],[[0,0],[80,92]]]},
"G905": {"type": "Matrix2x2", "payoffs": [[[0,16],[49,88]],[[9,0],[23,75]]]},
"G906": {"type": "Matrix2x2", "payoffs": [[[27,0],[42,13]],[[16,2],[0,4]]]},
"G907": {"type": "Matrix2x2", "payoffs": [[[0,0],[99,39]],[[45,23],[37,37]]]},
"G908": {"type": "Matrix2x2", "payoffs": [[[55,0],[71,5]],[[94,44],[0,16]]]},
"G909": {"type": "Matrix2x2", "payoffs": [[[15,0],[46,62]],[[42,54],[0,41]]]},
"G910": {"type": "Matrix2x2", "payoffs": [[[13,41],[15,0]],[[0,70],[20,76]]]},
"G911": {"type": "Matrix2x2", "payoffs": [[[5,5],[26,49]],[[0,23],[20,0]]]},
"G912": {"type": "Matrix2x2", "payoffs": [[[16,66],[39,76]],[[0,75],[34,0]]]},
"G913": {"type": "Matrix2x2", "payoffs": [[[82,93],[68,69]],[[0,92],[42,0]]]},
"G914": {"type": "Matrix2x2", "payoffs": [[[0,62],[59,0]],[[37,35],[77,71]]]},
"G915": {"type": "Matrix2x2", "payoffs": [[[55,20],[0,9]],[[20,0],[59,22]]]},
"G916": {"type": "Matrix2x2", "payoffs": [[[12,86],[1,20]],[[0,0],[3,64]]]},
"G917": {"type": "Matrix2x2", "payoffs": [[[38,6],[0,5]],[[25,0],[43,12]]]},
"G918": {"type": "Matrix2x2", "payoffs": [[[95,61],[73,0]],[[0,56],[20,4]]]},
"G919": {"type": "Matrix2x2", "payoffs": [[[39,92],[30,5]],[[27,0],[0,30]]]},
"G920": {"type": "Matrix2x2", "payoffs": [[[53,98],[41,0]],[[0,29],[1,88]]]},
"G921": {"type": "Matrix2x2", "payoffs": [[[0,1],[37,74]],[[12,73],[23,0]]]},
"G922": {"type": "Matrix2x2", "payoffs": [[[70,17],[0,4]],[[40,0],[48,11]]]},
"G923": {"type": "Matrix2x2", "payoffs": [[[29,63],[11,0]],[[0,52],[25,55]]]},
"G924": {"type": "Matrix2x2", "payoffs": [[[27,0],[1,16]],[[0,3],[38,49]]]},
"G925": {"type": "Matrix2x2", "payoffs": [[[5,0],[49,93]],[[0,87],[34,47]]]},
"G926": {"type": "Matrix2x2", "payoffs": [[[66,31],[22,23]],[[84,45],[0,0]]]},
"G927": {"type": "Matrix2x2", "payoffs": [[[0,80],[18,0]],[[3,41],[27,81]]]},
"G928": {"type": "Matrix2x2", "payoffs": [[[14,0],[52,26]],[[4,4],[0,7]]]},
"G929": {"type": "Matrix2x2", "payoffs": [[[0,34],[43,0]],[[41,1],[82,53]]]},
"G930": {"type": "Matrix2x2", "payoffs": [[[47,9],[43,0]],[[0,7],[29,3]]]},
"G931": {"type": "Matrix2x2", "payoffs": [[[25,0],[0,34]],[[69,57],[22,10]]]},
"G932": {"type": "Matrix2x2", "payoffs": [[[36,56],[28,9]],[[10,53],[0,0]]]},
"G933": {"type": "Matrix2x2", "payoffs": [[[5,0],[4,11]],[[7,38],[0,9]]]},
"G934": {"type": "Matrix2x2", "payoffs": [[[51,93],[0,1]],[[22,3],[3,0]]]},
"G935": {"type": "Matrix2x2", "payoffs": [[[81,87],[52,0]],[[0,16],[61,37]]]},
"G936": {"type": "Matrix2x2", "payoffs": [[[10,26],[44,54]],[[15,0],[0,23]]]},
"G937": {"type": "Matrix2x2", "payoffs": [[[21,0],[56,67]],[[2,24],[0,49]]]},
"G938": {"type": "Matrix2x2", "payoffs": [[[46,0],[57,38]],[[63,97],[0,10]]]},
"G939": {"type": "Matrix2x2", "payoffs": [[[0,0],[11,1]],[[28,2],[48,4]]]},
"G940": {"type": "Matrix2x2", "payoffs": [[[91,86],[0,28]],[[27,0],[55,12]]]},
"G941": {"type": "Matrix2x2", "payoffs": [[[38,48],[0,67]],[[89,91],[87,0]]]},
"G942": {"type": "Matrix2x2", "payoffs": [[[0,0],[9,15]],[[31,62],[21,41]]]},
"G943": {"type": "Matrix2x2", "payoffs": [[[0,0],[79,5]],[[98,55],[93,23]]]},
"G944": {"type": "Matrix2x2", "payoffs": [[[85,0],[0,14]],[[89,62],[46,27]]]},
"G945": {"type": "Matrix2x2", "payoffs": [[[0,42],[6,0]],[[7,24],[92,73]]]},
"G946": {"type": "Matrix2x2", "payoffs": [[[96,83],[60,40]],[[35,30],[0,0]]]},
"G947": {"type": "Matrix2x2", "payoffs": [[[55,47],[28,37]],[[0,45],[14,0]]]},
"G948": {"type": "Matrix2x2", "payoffs": [[[75,4],[23,0]],[[87,6],[0,2]]]},
"G949": {"type": "Matrix2x2", "payoffs": [[[22,0],[49,64]],[[28,29],[0,16]]]},
"G950": {"type": "Matrix2x2", "payoffs": [[[0,22],[32,19]],[[34,54],[28,0]]]},
"G951": {"type": "Matrix2x2", "payoffs": [[[0,2],[7,0]],[[19,1],[50,8]]]},
"G952": {"type": "Matrix2x2", "payoffs": [[[2,0],[0,2]],[[17,1],[34,8]]]},
"G953": {"type": "Matrix2x2", "payoffs": [[[98,41],[19,17]],[[0,0],[36,10]]]},
"G954": {"type": "Matrix2x2", "payoffs": [[[98,55],[0,20]],[[19,0],[10,42]]]},
"G955": {"type": "Matrix2x2", "payoffs": [[[0,15],[10,0]],[[18,57],[14,51]]]},
"G956": {"type": "Matrix2x2", "payoffs": [[[0,0],[36,51]],[[47,72],[57,87]]]},
"G957": {"type": "Matrix2x2", "payoffs": [[[0,26],[16,0]],[[74,60],[67,57]]]},
"G958": {"type": "Matrix2x2", "payoffs": [[[0,6],[82,4]],[[40,0],[92,34]]]},
"G959": {"type": "Matrix2x2", "payoffs": [[[7,1],[0,2]],[[36,0],[46,3]]]},
"G960": {"type": "Matrix2x2", "payoffs": [[[76,7],[0,1]],[[66,0],[56,4]]]},
"G961": {"type": "Matrix2x2", "payoffs": [[[0,30],[1,0]],[[2,7],[3,42]]]},
"G962": {"type": "Matrix2x2", "payoffs": [[[82,0],[86,19]],[[0,7],[10,11]]]},
"G963": {"type": "Matrix2x2", "payoffs": [[[97,23],[17,3]],[[39,0],[0,13]]]},
"G964": {"type": "Matrix2x2", "payoffs": [[[23,0],[53,54]],[[35,10],[0,44]]]},
"G965": {"type": "Matrix2x2", "payoffs": [[[0,33],[2,37]],[[16,0],[45,43]]]},
"G966": {"type": "Matrix2x2", "payoffs": [[[35,77],[30,0]],[[28,8],[0,63]]]},
"G967": {"type": "Matrix2x2", "payoffs": [[[8,0],[92,70]],[[0,12],[80,40]]]},
"G968": {"type": "Matrix2x2", "payoffs": [[[13,0],[23,35]],[[0,31],[19,26]]]},
"G969": {"type": "Matrix2x2", "payoffs": [[[12,19],[10,6]],[[0,17],[9,0]]]},
"G970": {"type": "Matrix2x2", "payoffs": [[[11,41],[0,0]],[[12,82],[4,67]]]},
"G971": {"type": "Matrix2x2", "payoffs": [[[94,52],[85,41]],[[78,0],[0,5]]]},
"G972": {"type": "Matrix2x2", "payoffs": [[[23,1],[58,7]],[[0,0],[49,6]]]},
"G973": {"type": "Matrix2x2", "payoffs": [[[0,41],[22,69]],[[11,18],[4,0]]]},
"G974": {"type": "Matrix2x2", "payoffs": [[[62,8],[81,12]],[[61,0],[0,7]]]},
"G975": {"type": "Matrix2x2", "payoffs": [[[4,58],[11,39]],[[0,0],[27,76]]]},
"G976": {"type": "Matrix2x2", "payoffs": [[[0,45],[65,0]],[[33,54],[81,86]]]},
"G977": {"type": "Matrix2x2", "payoffs": [[[6,3],[11,19]],[[8,0],[0,15]]]},
"G978": {"type": "Matrix2x2", "payoffs": [[[0,0],[91,29]],[[70,7],[19,23]]]},
"G979": {"type": "Matrix2x2", "payoffs": [[[67,0],[74,99]],[[65,70],[0,57]]]},
"G980": {"type": "Matrix2x2", "payoffs": [[[65,42],[35,6]],[[15,28],[0,0]]]},
"G981": {"type": "Matrix2x2", "payoffs": [[[18,63],[0,20]],[[25,0],[34,100]]]},
"G982": {"type": "Matrix2x2", "payoffs": [[[20,27],[3,22]],[[0,6],[16,0]]]},
"G983": {"type": "Matrix2x2", "payoffs": [[[0,0],[23,30]],[[57,34],[29,13]]]},
"G984": {"type": "Matrix2x2", "payoffs": [[[1,1],[4,51]],[[0,0],[3,8]]]},
"G985": {"type": "Matrix2x2", "payoffs": [[[31,47],[70,23]],[[0,0],[88,49]]]},
"G986": {"type": "Matrix2x2", "payoffs": [[[17,29],[98,39]],[[0,17],[34,0]]]},
"G987": {"type": "Matrix2x2", "payoffs": [[[32,1],[0,0]],[[40,14],[62,15]]]},
"G988": {"type": "Matrix2x2", "payoffs": [[[12,0],[0,12]],[[24,34],[21,17]]]},
"G989": {"type": "Matrix2x2", "payoffs": [[[10,41],[0,0]],[[5,63],[11,73]]]},
"G990": {"type": "Matrix2x2", "payoffs": [[[0,71],[32,27]],[[59,0],[99,96]]]},
"G991": {"type": "Matrix2x2", "payoffs": [[[73,19],[38,24]],[[0,0],[90,47]]]},
"G992": {"type": "Matrix2x2", "payoffs": [[[0,0],[89,28]],[[15,3],[85,21]]]},
"G993": {"type": "Matrix2x2", "payoffs": [[[62,25],[58,0]],[[90,56],[0,20]]]},
"G994": {"type": "Matrix2x2", "payoffs": [[[12,0],[0,63]],[[23,14],[40,92]]]},
"G995": {"type": "Matrix2x2", "payoffs": [[[75,18],[0,0]],[[71,17],[41,9]]]},
"G996": {"type": "Matrix2x2", "payoffs": [[[0,37],[27,38]],[[22,16],[3,0]]]},
"G997": {"type": "Matrix2x2", "payoffs": [[[45,77],[32,30]],[[0,0],[15,40]]]},
"G998": {"type": "Matrix2x2", "payoffs": [[[28,51],[11,15]],[[25,0],[0,34]]]},
"G999": {"type": "Matrix2x2", "payoffs": [[[14,27],[0,66]],[[63,78],[57,0]]]},
"G1000": {"type": "Matrix2x2", "payoffs": [[[48,39],[21,23]],[[0,0],[22,32]]]}
}