{
"numGames": 100,
"G1": {"type": "Matrix2x2", "payoffs": [[[3,8],[76,12]],[[66,0],[0,3]]]},
"G2": {"type": "Matrix2x2", "payoffs": [[[1,1],[5,2]],[[21,3],[0,0]]]},
"G3": {"type": "Matrix2x2", "payoffs": [[[0,0],[52,13]],[[50,34],[58,42]]]},
"G4": {"type": "Matrix2x2", "payoffs": [[[0,7],[42,5]],[[88,60],[31,0]]]},
"G5": {"type": "Matrix2x2", "payoffs": [[[11,60],[79,99]],[[57,79],[0,0]]]},
"G6": {"type": "Matrix2x2", "payoffs": [[[6,54],[0,79]],[[49,0],[70,92]]]},
"G7": {"type": "Matrix2x2", "payoffs": [[[6,8],[0,22]],[[32,0],[40,27]]]},
"G8": {"type": "Matrix2x2", "payoffs": [[[49,64],[0,1]],[[24,0],[34,61]]]},
"G9": {"type": "Matrix2x2", "payoffs": [[[44,14],[77,45]],[[94,91],[0,0]]]},
"G10": {"type": "Matrix2x2", "payoffs": [[[0,55],[12,61]],[[18,0],[90,81]]]},
"G11": {"type": "Matrix2x2", "payoffs": [[[77,0],[47,51]],[[0,45],[99,60]]]},
"G12": {"type": "Matrix2x2", "payoffs": [[[0,0],[71,10]],[[43,3],[97,26]]]},
"G13": {"type": "Matrix2x2", "payoffs": [[[56,28],[75,0]],[[94,91],[0,7]]]},
"G14": {"type": "Matrix2x2", "payoffs": [[[34,43],[0,0]],[[37,75],[3,35]]]},
"G15": {"type": "Matrix2x2", "payoffs": [[[90,100],[71,47]],[[41,27],[0,0]]]},
"G16": {"type": "Matrix2x2", "payoffs": [[[41,43],[72,68]],[[0,0],[39,44]]]},
"G17": {"type": "Matrix2x2", "payoffs": [[[31,39],[41,0]],[[0,11],[92,95]]]},
"G18": {"type": "Matrix2x2", "payoffs": [[[47,11],[0,21]],[[54,47],[39,0]]]},
"G19": {"type": "Matrix2x2", "payoffs": [[[39,66],[15,50]],[[0,6],[35,0]]]},
"G20": {"type": "Matrix2x2", "payoffs": [[[36,68],[4,48]],[[30,32],[0,0]]]},
"G21": {"type": "Matrix2x2", "payoffs": [[[17,84],[0,0]],[[23,15],[28,99]]]},
"G22": {"type": "Matrix2x2", "payoffs": [[[9,0],[23,24]],[[0,9],[47,27]]]},
"G23": {"type": "Matrix2x2", "payoffs": [[[12,43],[5,0]],[[0,17],[2,15]]]},
"G24": {"type": "Matrix2x2", "payoffs": [[[40,0],[3,72]],[[61,97],[0,26]]]},
"G25": {"type": "Matrix2x2", "payoffs": [[[0,0],[67,40]],[[94,81],[74,75]]]},
"G26": {"type": "Matrix2x2", "payoffs": [[[89,0],[88,56]],[[90,91],[0,68]]]},
"G27": {"type": "Matrix2x2", "payoffs": [[[0,28],[2,39]],[[28,0],[33,51]]]},
"G28": {"type": "Matrix2x2", "payoffs": [[[13,6],[38,41]],[[44,100],[0,0]]]},
"G29": {"type": "Matrix2x2", "payoffs": [[[4,39],[24,68]],[[83,98],[0,0]]]},
"G30": {"type": "Matrix2x2", "payoffs": [[[37,9],[0,8]],[[20,4],[4,0]]]},
"G31": {"type": "Matrix2x2", "payoffs": [[[80,6],[0,3]],[[40,4],[61,0]]]},
"G32": {"type": "Matrix2x2", "payoffs": [[[1,0],[0,3]],[[29,66],[10,50]]]},
"G33": {"type": "Matrix2x2", "payoffs": [[[23,32],[38,85]],[[0,0],[28,19]]]},
"G34": {"type": "Matrix2x2", "payoffs": [[[10,74],[8,13]],[[1,0],[0,21]]]},
"G35": {"type": "Matrix2x2", "payoffs": [[[23,4],[59,31]],[[31,25],[0,0]]]},
"G36": {"type": "Matrix2x2", "payoffs": [[[26,59],[62,0]],[[77,100],[0,95]]]},
"G37": {"type": "Matrix2x2", "payoffs": [[[32,76],[0,26]],[[25,0],[7,2]]]},
"G38": {"type": "Matrix2x2", "payoffs": [[[39,22],[0,18]],[[13,10],[35,0]]]},
"G39": {"type": "Matrix2x2", "payoffs": [[[0,65],[39,77]],[[12,0],[42,80]]]},
"G40": {"type": "Matrix2x2", "payoffs": [[[0,0],[5,6]],[[6,19],[7,52]]]},
"G41": {"type": "Matrix2x2", "payoffs": [[[60,42],[33,44]],[[84,50],[0,0]]]},
"G42": {"type": "Matrix2x2", "payoffs": [[[0,28],[75,0]],[[87,45],[41,11]]]},
"G43": {"type": "Matrix2x2", "payoffs": [[[44,87],[0,51]],[[41,0],[1,72]]]},
"G44": {"type": "Matrix2x2", "payoffs": [[[0,31],[2,0]],[[5,30],[46,41]]]},
"G45": {"type": "Matrix2x2", "payoffs": [[[55,37],[46,0]],[[81,66],[0,50]]]},
"G46": {"type": "Matrix2x2", "payoffs": [[[67,26],[55,4]],[[59,0],[0,1]]]},
"G47": {"type": "Matrix2x2", "payoffs": [[[5,0],[48,97]],[[0,77],[1,28]]]},
"G48": {"type": "Matrix2x2", "payoffs": [[[7,47],[0,45]],[[6,0],[4,34]]]},
"G49": {"type": "Matrix2x2", "payoffs": [[[0,0],[33,20]],[[27,42],[48,47]]]},
"G50": {"type": "Matrix2x2", "payoffs": [[[52,88],[47,0]],[[0,56],[4,65]]]},
"G51": {"type": "Matrix2x2", "payoffs": [[[55,18],[0,16]],[[18,0],[62,31]]]},
"G52": {"type": "Matrix2x2", "payoffs": [[[83,73],[12,0]],[[0,15],[75,62]]]},
"G53": {"type": "Matrix2x2", "payoffs": [[[0,2],[50,4]],[[32,0],[7,3]]]},
"G54": {"type": "Matrix2x2", "payoffs": [[[0,17],[100,41]],[[43,7],[40,0]]]},
"G55": {"type": "Matrix2x2", "payoffs": [[[11,0],[58,31]],[[72,51],[0,30]]]},
"G56": {"type": "Matrix2x2", "payoffs": [[[17,36],[0,30]],[[14,0],[31,37]]]},
"G57": {"type": "Matrix2x2", "payoffs": [[[21,19],[0,0]],[[9,2],[30,20]]]},
"G58": {"type": "Matrix2x2", "payoffs": [[[12,46],[39,0]],[[51,95],[0,59]]]},
"G59": {"type": "Matrix2x2", "payoffs": [[[77,70],[5,11]],[[0,61],[67,0]]]},
"G60": {"type": "Matrix2x2", "payoffs": [[[0,0],[13,6]],[[36,1],[89,14]]]},
"G61": {"type": "Matrix2x2", "payoffs": [[[16,9],[35,0]],[[41,92],[0,24]]]},
"G62": {"type": "Matrix2x2", "payoffs": [[[37,34],[25,0]],[[0,2],[97,80]]]},
"G63": {"type": "Matrix2x2", "payoffs": [[[52,0],[68,8]],[[0,1],[18,4]]]},
"G64": {"type": "Matrix2x2", "payoffs": [[[1,14],[0,0]],[[16,62],[8,61]]]},
"G65": {"type": "Matrix2x2", "payoffs": [[[56,66],[74,77]],[[29,0],[0,63]]]},
"G66": {"type": "Matrix2x2", "payoffs": [[[17,38],[46,55]],[[12,31],[0,0]]]},
"G67": {"type": "Matrix2x2", "payoffs": [[[61,61],[38,0]],[[22,33],[0,29]]]},
"G68": {"type": "Matrix2x2", "payoffs": [[[0,41],[6,0]],[[13,22],[58,43]]]},
"G69": {"type": "Matrix2x2", "payoffs": [[[5,5],[25,4]],[[0,0],[57,8]]]},
"G70": {"type": "Matrix2x2", "payoffs": [[[50,94],[32,29]],[[0,79],[19,0]]]},
"G71": {"type": "Matrix2x2", "payoffs": [[[71,0],[73,63]],[[0,62],[38,25]]]},
"G72": {"type": "Matrix2x2", "payoffs": [[[77,31],[12,29]],[[0,0],[19,13]]]},
"G73": {"type": "Matrix2x2", "payoffs": [[[21,3],[55,7]],[[0,0],[1,6]]]},
"G74": {"type": "Matrix2x2", "payoffs": [[[21,0],[65,33]],[[74,96],[0,59]]]},
"G75": {"type": "Matrix2x2", "payoffs": [[[0,48],[10,26]],[[72,58],[71,0]]]},
"G76": {"type": "Matrix2x2", "payoffs": [[[1,0],[0,56]],[[77,92],[41,51]]]},
"G77": {"type": "Matrix2x2", "payoffs": [[[25,21],[0,10]],[[65,0],[76,71]]]},
"G78": {"type": "Matrix2x2", "payoffs": [[[3,69],[2,17]],[[0,10],[1,0]]]},
"G79": {"type": "Matrix2x2", "payoffs": [[[55,14],[53,0]],[[58,31],[0,29]]]},
"G80": {"type": "Matrix2x2", "payoffs": [[[0,7],[68,96]],[[47,2],[41,0]]]},
"G81": {"type": "Matrix2x2", "payoffs": [[[93,98],[84,0]],[[41,3],[0,57]]]},
"G82": {"type": "Matrix2x2", "payoffs": [[[0,0],[9,11]],[[27,28],[57,44]]]},
"G83": {"type": "Matrix2x2", "payoffs": [[[49,22],[0,48]],[[87,50],[59,0]]]},
"G84": {"type": "Matrix2x2", "payoffs": [[[0,21],[70,49]],[[31,0],[4,43]]]},
"G85": {"type": "Matrix2x2", "payoffs": [[[29,20],[0,0]],[[35,48],[48,58]]]},
"G86": {"type": "Matrix2x2", "payoffs": [[[0,9],[5,0]],[[95,15],[90,6]]]},
"G87": {"type": "Matrix2x2", "payoffs": [[[48,47],[11,30]],[[62,64],[0,0]]]},
"G88": {"type": "Matrix2x2", "payoffs": [[[32,65],[23,3]],[[0,0],[8,41]]]},
"G89": {"type": "Matrix2x2", "payoffs": [[[74,58],[0,2]],[[19,13],[25,0]]]},
"G90": {"type": "Matrix2x2", "payoffs": [[[28,0],[30,24]],[[5,14],[0,16]]]},
"G91": {"type": "Matrix2x2", "payoffs": [[[0,0],[2,38]],[[1,25],[3,62]]]},
"G92": {"type": "Matrix2x2", "payoffs": [[[11,24],[6,9]],[[4,0],[0,5]]]},
"G93": {"type": "Matrix2x2", "payoffs": [[[46,4],[34,0]],[[0,1],[32,2]]]},
"G94": {"type": "Matrix2x2", "payoffs": [[[0,4],[27,0]],[[56,5],[26,3]]]},
"G95": {"type": "Matrix2x2", "payoffs": [[[14,31],[39,97]],[[10,0],[0,5]]]},
"G96": {"type": "Matrix2x2", "payoffs": [[[26,10],[0,0]],[[46,32],[50,40]]]},
"G97": {"type": "Matrix2x2", "payoffs": [[[0,37],[28,39]],[[18,0],[25,12]]]},
"G98": {"type": "Matrix2x2", "payoffs": [[[0,0],[50,53]],[[45,48],[16,7]]]},
"G99": {"type": "Matrix2x2", "payoffs": [[[0,0],[6,29]],[[7,66],[5,49]]]},
"G100": {"type": "Matrix2x2", "payoffs": [[[0,5],[2,13]],[[68,0],[82,64]]]}
}