{
"numGames": 1000,
"G1": {"type": "Matrix2x2", "payoffs": [[[33,9],[0,7]],[[30,0],[10,5]]]},
"G2": {"type": "Matrix2x2", "payoffs": [[[0,25],[78,33]],[[22,0],[5,31]]]},
"G3": {"type": "Matrix2x2", "payoffs": [[[0,0],[20,69]],[[39,71],[25,34]]]},
"G4": {"type": "Matrix2x2", "payoffs": [[[54,76],[15,48]],[[2,15],[0,0]]]},
"G5": {"type": "Matrix2x2", "payoffs": [[[24,9],[91,24]],[[32,0],[0,17]]]},
"G6": {"type": "Matrix2x2", "payoffs": [[[0,0],[1,30]],[[7,19],[8,55]]]},
"G7": {"type": "Matrix2x2", "payoffs": [[[15,18],[33,0]],[[0,14],[53,21]]]},
"G8": {"type": "Matrix2x2", "payoffs": [[[32,0],[45,2]],[[0,1],[57,4]]]},
"G9": {"type": "Matrix2x2", "payoffs": [[[95,33],[0,0]],[[71,22],[3,10]]]},
"G10": {"type": "Matrix2x2", "payoffs": [[[51,2],[95,44]],[[0,0],[86,40]]]},
"G11": {"type": "Matrix2x2", "payoffs": [[[1,0],[6,9]],[[0,27],[8,38]]]},
"G12": {"type": "Matrix2x2", "payoffs": [[[19,0],[58,19]],[[11,17],[0,2]]]},
"G13": {"type": "Matrix2x2", "payoffs": [[[33,52],[0,22]],[[27,37],[21,0]]]},
"G14": {"type": "Matrix2x2", "payoffs": [[[19,0],[0,1]],[[78,3],[27,2]]]},
"G15": {"type": "Matrix2x2", "payoffs": [[[72,43],[84,56]],[[0,0],[2,46]]]},
"G16": {"type": "Matrix2x2", "payoffs": [[[16,7],[6,1]],[[4,0],[0,4]]]},
"G17": {"type": "Matrix2x2", "payoffs": [[[12,33],[95,48]],[[0,0],[96,67]]]},
"G18": {"type": "Matrix2x2", "payoffs": [[[15,12],[83,0]],[[85,22],[0,20]]]},
"G19": {"type": "Matrix2x2", "payoffs": [[[0,34],[5,0]],[[1,41],[9,42]]]},
"G20": {"type": "Matrix2x2", "payoffs": [[[13,30],[0,40]],[[24,43],[18,0]]]},
"G21": {"type": "Matrix2x2", "payoffs": [[[0,29],[16,33]],[[20,0],[30,48]]]},
"G22": {"type": "Matrix2x2", "payoffs": [[[42,25],[88,98]],[[49,0],[0,10]]]},
"G23": {"type": "Matrix2x2", "payoffs": [[[8,26],[0,0]],[[9,62],[4,18]]]},
"G24": {"type": "Matrix2x2", "payoffs": [[[86,15],[23,0]],[[0,7],[5,10]]]},
"G25": {"type": "Matrix2x2", "payoffs": [[[4,47],[54,79]],[[0,38],[16,0]]]},
"G26": {"type": "Matrix2x2", "payoffs": [[[0,25],[23,26]],[[53,0],[76,27]]]},
"G27": {"type": "Matrix2x2", "payoffs": [[[15,20],[1,19]],[[0,1],[11,0]]]},
"G28": {"type": "Matrix2x2", "payoffs": [[[67,68],[54,70]],[[92,80],[0,0]]]},
"G29": {"type": "Matrix2x2", "payoffs": [[[50,79],[40,29]],[[46,0],[0,13]]]},
"G30": {"type": "Matrix2x2", "payoffs": [[[93,85],[68,49]],[[0,0],[16,3]]]},
"G31": {"type": "Matrix2x2", "payoffs": [[[38,11],[0,1]],[[27,0],[6,7]]]},
"G32": {"type": "Matrix2x2", "payoffs": [[[0,0],[38,8]],[[32,5],[44,10]]]},
"G33": {"type": "Matrix2x2", "payoffs": [[[76,63],[18,52]],[[0,0],[10,29]]]},
"G34": {"type": "Matrix2x2", "payoffs": [[[60,16],[0,6]],[[27,0],[61,25]]]},
"G35": {"type": "Matrix2x2", "payoffs": [[[0,0],[2,3]],[[12,4],[13,5]]]},
"G36": {"type": "Matrix2x2", "payoffs": [[[26,37],[81,61]],[[2,0],[0,45]]]},
"G37": {"type": "Matrix2x2", "payoffs": [[[17,3],[31,0]],[[63,10],[0,2]]]},
"G38": {"type": "Matrix2x2", "payoffs": [[[95,61],[85,18]],[[38,46],[0,0]]]},
"G39": {"type": "Matrix2x2", "payoffs": [[[0,9],[2,0]],[[17,74],[44,80]]]},
"G40": {"type": "Matrix2x2", "payoffs": [[[38,2],[0,5]],[[81,6],[14,0]]]},
"G41": {"type": "Matrix2x2", "payoffs": [[[0,0],[47,31]],[[37,16],[62,73]]]},
"G42": {"type": "Matrix2x2", "payoffs": [[[1,67],[4,97]],[[0,59],[3,0]]]},
"G43": {"type": "Matrix2x2", "payoffs": [[[91,22],[70,3]],[[92,46],[0,0]]]},
"G44": {"type": "Matrix2x2", "payoffs": [[[11,5],[25,0]],[[60,34],[0,15]]]},
"G45": {"type": "Matrix2x2", "payoffs": [[[60,8],[12,11]],[[0,0],[69,13]]]},
"G46": {"type": "Matrix2x2", "payoffs": [[[0,0],[11,3]],[[9,22],[12,47]]]},
"G47": {"type": "Matrix2x2", "payoffs": [[[0,1],[2,4]],[[44,5],[14,0]]]},
"G48": {"type": "Matrix2x2", "payoffs": [[[47,6],[32,65]],[[0,0],[53,75]]]},
"G49": {"type": "Matrix2x2", "payoffs": [[[75,50],[53,29]],[[0,0],[34,1]]]},
"G50": {"type": "Matrix2x2", "payoffs": [[[0,0],[59,15]],[[47,11],[6,2]]]},
"G51": {"type": "Matrix2x2", "payoffs": [[[38,3],[84,6]],[[0,0],[39,4]]]},
"G52": {"type": "Matrix2x2", "payoffs": [[[31,21],[5,0]],[[16,8],[0,7]]]},
"G53": {"type": "Matrix2x2", "payoffs": [[[45,12],[0,52]],[[57,88],[26,0]]]},
"G54": {"type": "Matrix2x2", "payoffs": [[[31,13],[0,0]],[[82,70],[84,88]]]},
"G55": {"type": "Matrix2x2", "payoffs": [[[49,92],[16,38]],[[25,0],[0,83]]]},
"G56": {"type": "Matrix2x2", "payoffs": [[[0,0],[2,23]],[[12,29],[7,6]]]},
"G57": {"type": "Matrix2x2", "payoffs": [[[45,40],[33,33]],[[2,16],[0,0]]]},
"G58": {"type": "Matrix2x2", "payoffs": [[[89,7],[42,5]],[[0,6],[71,0]]]},
"G59": {"type": "Matrix2x2", "payoffs": [[[15,59],[7,51]],[[3,31],[0,0]]]},
"G60": {"type": "Matrix2x2", "payoffs": [[[11,0],[0,8]],[[81,73],[20,60]]]},
"G61": {"type": "Matrix2x2", "payoffs": [[[1,0],[0,4]],[[2,67],[7,68]]]},
"G62": {"type": "Matrix2x2", "payoffs": [[[3,47],[2,0]],[[0,3],[7,60]]]},
"G63": {"type": "Matrix2x2", "payoffs": [[[47,36],[0,0]],[[49,75],[10,54]]]},
"G64": {"type": "Matrix2x2", "payoffs": [[[0,3],[94,45]],[[24,0],[21,16]]]},
"G65": {"type": "Matrix2x2", "payoffs": [[[56,5],[18,4]],[[68,6],[0,0]]]},
"G66": {"type": "Matrix2x2", "payoffs": [[[0,42],[53,14]],[[38,0],[59,43]]]},
"G67": {"type": "Matrix2x2", "payoffs": [[[47,0],[91,37]],[[2,15],[0,28]]]},
"G68": {"type": "Matrix2x2", "payoffs": [[[10,55],[7,0]],[[0,42],[2,21]]]},
"G69": {"type": "Matrix2x2", "payoffs": [[[18,31],[0,7]],[[8,0],[11,10]]]},
"G70": {"type": "Matrix2x2", "payoffs": [[[0,0],[23,85]],[[18,54],[12,67]]]},
"G71": {"type": "Matrix2x2", "payoffs": [[[3,0],[0,5]],[[31,33],[72,60]]]},
"G72": {"type": "Matrix2x2", "payoffs": [[[0,0],[33,31]],[[5,22],[53,44]]]},
"G73": {"type": "Matrix2x2", "payoffs": [[[13,18],[0,0]],[[79,11],[85,26]]]},
"G74": {"type": "Matrix2x2", "payoffs": [[[0,25],[18,0]],[[24,6],[26,29]]]},
"G75": {"type": "Matrix2x2", "payoffs": [[[0,14],[23,20]],[[22,0],[4,19]]]},
"G76": {"type": "Matrix2x2", "payoffs": [[[74,0],[0,68]],[[86,35],[98,70]]]},
"G77": {"type": "Matrix2x2", "payoffs": [[[12,47],[0,32]],[[84,87],[1,0]]]},
"G78": {"type": "Matrix2x2", "payoffs": [[[28,49],[9,0]],[[27,3],[0,32]]]},
"G79": {"type": "Matrix2x2", "payoffs": [[[19,1],[40,41]],[[0,16],[28,0]]]},
"G80": {"type": "Matrix2x2", "payoffs": [[[23,77],[0,0]],[[1,4],[4,25]]]},
"G81": {"type": "Matrix2x2", "payoffs": [[[3,19],[5,76]],[[2,0],[0,34]]]},
"G82": {"type": "Matrix2x2", "payoffs": [[[11,1],[77,4]],[[44,3],[0,0]]]},
"G83": {"type": "Matrix2x2", "payoffs": [[[0,62],[16,0]],[[53,67],[47,16]]]},
"G84": {"type": "Matrix2x2", "payoffs": [[[50,7],[31,0]],[[66,86],[0,39]]]},
"G85": {"type": "Matrix2x2", "payoffs": [[[53,12],[0,2]],[[68,24],[59,0]]]},
"G86": {"type": "Matrix2x2", "payoffs": [[[0,88],[17,0]],[[8,81],[23,90]]]},
"G87": {"type": "Matrix2x2", "payoffs": [[[4,0],[45,28]],[[0,6],[2,21]]]},
"G88": {"type": "Matrix2x2", "payoffs": [[[62,62],[0,52]],[[51,16],[32,0]]]},
"G89": {"type": "Matrix2x2", "payoffs": [[[51,35],[28,0]],[[0,19],[46,11]]]},
"G90": {"type": "Matrix2x2", "payoffs": [[[86,96],[0,48]],[[29,87],[16,0]]]},
"G91": {"type": "Matrix2x2", "payoffs": [[[0,36],[9,77]],[[4,0],[8,34]]]},
"G92": {"type": "Matrix2x2", "payoffs": [[[0,45],[68,86]],[[57,0],[1,77]]]},
"G93": {"type": "Matrix2x2", "payoffs": [[[72,77],[0,0]],[[2,15],[64,61]]]},
"G94": {"type": "Matrix2x2", "payoffs": [[[70,13],[74,24]],[[0,0],[11,23]]]},
"G95": {"type": "Matrix2x2", "payoffs": [[[0,25],[12,0]],[[50,66],[19,2]]]},
"G96": {"type": "Matrix2x2", "payoffs": [[[7,4],[13,0]],[[26,89],[0,17]]]},
"G97": {"type": "Matrix2x2", "payoffs": [[[24,0],[0,11]],[[26,50],[55,85]]]},
"G98": {"type": "Matrix2x2", "payoffs": [[[16,36],[24,35]],[[0,0],[47,45]]]},
"G99": {"type": "Matrix2x2", "payoffs": [[[11,33],[0,0]],[[14,86],[5,54]]]},
"G100": {"type": "Matrix2x2", "payoffs": [[[50,41],[0,35]],[[21,18],[40,0]]]},
"G101": {"type": "Matrix2x2", "payoffs": [[[3,3],[1,10]],[[4,12],[0,0]]]},
"G102": {"type": "Matrix2x2", "payoffs": [[[0,46],[39,31]],[[91,61],[47,0]]]},
"G103": {"type": "Matrix2x2", "payoffs": [[[0,0],[7,9]],[[9,49],[1,34]]]},
"G104": {"type": "Matrix2x2", "payoffs": [[[0,44],[56,26]],[[40,0],[85,58]]]},
"G105": {"type": "Matrix2x2", "payoffs": [[[87,75],[20,0]],[[23,18],[0,37]]]},
"G106": {"type": "Matrix2x2", "payoffs": [[[6,1],[20,15]],[[0,0],[15,11]]]},
"G107": {"type": "Matrix2x2", "payoffs": [[[11,0],[0,15]],[[1,16],[40,27]]]},
"G108": {"type": "Matrix2x2", "payoffs": [[[12,0],[0,23]],[[13,87],[3,1]]]},
"G109": {"type": "Matrix2x2", "payoffs": [[[0,26],[63,35]],[[23,0],[49,25]]]},
"G110": {"type": "Matrix2x2", "payoffs": [[[9,3],[21,0]],[[0,23],[62,26]]]},
"G111": {"type": "Matrix2x2", "payoffs": [[[0,6],[24,10]],[[22,5],[23,0]]]},
"G112": {"type": "Matrix2x2", "payoffs": [[[3,1],[14,10]],[[5,0],[0,6]]]},
"G113": {"type": "Matrix2x2", "payoffs": [[[29,36],[94,77]],[[0,0],[17,76]]]},
"G114": {"type": "Matrix2x2", "payoffs": [[[76,22],[0,16]],[[48,0],[53,9]]]},
"G115": {"type": "Matrix2x2", "payoffs": [[[100,39],[33,19]],[[0,0],[41,31]]]},
"G116": {"type": "Matrix2x2", "payoffs": [[[9,14],[10,42]],[[4,12],[0,0]]]},
"G117": {"type": "Matrix2x2", "payoffs": [[[30,98],[0,0]],[[13,30],[2,50]]]},
"G118": {"type": "Matrix2x2", "payoffs": [[[40,65],[0,14]],[[9,0],[33,20]]]},
"G119": {"type": "Matrix2x2", "payoffs": [[[0,0],[48,28]],[[64,30],[16,15]]]},
"G120": {"type": "Matrix2x2", "payoffs": [[[0,51],[79,0]],[[88,98],[53,65]]]},
"G121": {"type": "Matrix2x2", "payoffs": [[[71,95],[0,14]],[[24,0],[12,48]]]},
"G122": {"type": "Matrix2x2", "payoffs": [[[0,35],[35,0]],[[85,61],[77,41]]]},
"G123": {"type": "Matrix2x2", "payoffs": [[[70,0],[91,58]],[[0,11],[57,14]]]},
"G124": {"type": "Matrix2x2", "payoffs": [[[0,0],[30,76]],[[22,2],[25,15]]]},
"G125": {"type": "Matrix2x2", "payoffs": [[[20,0],[37,24]],[[16,7],[0,1]]]},
"G126": {"type": "Matrix2x2", "payoffs": [[[55,5],[97,38]],[[94,14],[0,0]]]},
"G127": {"type": "Matrix2x2", "payoffs": [[[19,20],[11,6]],[[1,17],[0,0]]]},
"G128": {"type": "Matrix2x2", "payoffs": [[[36,27],[41,5]],[[0,0],[54,51]]]},
"G129": {"type": "Matrix2x2", "payoffs": [[[0,33],[15,72]],[[10,0],[11,52]]]},
"G130": {"type": "Matrix2x2", "payoffs": [[[47,18],[65,24]],[[4,11],[0,0]]]},
"G131": {"type": "Matrix2x2", "payoffs": [[[0,39],[70,45]],[[10,0],[36,28]]]},
"G132": {"type": "Matrix2x2", "payoffs": [[[13,0],[33,7]],[[50,27],[0,1]]]},
"G133": {"type": "Matrix2x2", "payoffs": [[[7,0],[10,14]],[[11,17],[0,6]]]},
"G134": {"type": "Matrix2x2", "payoffs": [[[52,90],[30,17]],[[0,0],[11,67]]]},
"G135": {"type": "Matrix2x2", "payoffs": [[[10,0],[17,31]],[[0,30],[4,1]]]},
"G136": {"type": "Matrix2x2", "payoffs": [[[0,20],[20,35]],[[37,0],[92,67]]]},
"G137": {"type": "Matrix2x2", "payoffs": [[[29,16],[0,0]],[[10,1],[76,36]]]},
"G138": {"type": "Matrix2x2", "payoffs": [[[0,0],[43,9]],[[57,10],[34,4]]]},
"G139": {"type": "Matrix2x2", "payoffs": [[[60,12],[0,5]],[[43,0],[79,22]]]},
"G140": {"type": "Matrix2x2", "payoffs": [[[7,27],[0,6]],[[10,77],[6,0]]]},
"G141": {"type": "Matrix2x2", "payoffs": [[[0,0],[3,12]],[[1,19],[18,21]]]},
"G142": {"type": "Matrix2x2", "payoffs": [[[74,36],[0,0]],[[58,26],[33,11]]]},
"G143": {"type": "Matrix2x2", "payoffs": [[[3,14],[16,27]],[[10,0],[0,8]]]},
"G144": {"type": "Matrix2x2", "payoffs": [[[17,71],[69,87]],[[0,0],[13,45]]]},
"G145": {"type": "Matrix2x2", "payoffs": [[[0,0],[15,6]],[[4,9],[16,11]]]},
"G146": {"type": "Matrix2x2", "payoffs": [[[4,3],[0,0]],[[16,79],[7,75]]]},
"G147": {"type": "Matrix2x2", "payoffs": [[[6,0],[0,63]],[[11,68],[8,7]]]},
"G148": {"type": "Matrix2x2", "payoffs": [[[80,4],[0,0]],[[14,21],[81,34]]]},
"G149": {"type": "Matrix2x2", "payoffs": [[[4,6],[1,0]],[[5,25],[0,17]]]},
"G150": {"type": "Matrix2x2", "payoffs": [[[49,10],[24,4]],[[42,5],[0,0]]]},
"G151": {"type": "Matrix2x2", "payoffs": [[[33,53],[1,26]],[[2,20],[0,0]]]},
"G152": {"type": "Matrix2x2", "payoffs": [[[0,0],[57,62]],[[52,29],[46,17]]]},
"G153": {"type": "Matrix2x2", "payoffs": [[[10,4],[0,3]],[[82,29],[55,0]]]},
"G154": {"type": "Matrix2x2", "payoffs": [[[26,0],[0,19]],[[28,58],[99,66]]]},
"G155": {"type": "Matrix2x2", "payoffs": [[[17,0],[4,27]],[[27,40],[0,1]]]},
"G156": {"type": "Matrix2x2", "payoffs": [[[95,30],[51,0]],[[39,24],[0,25]]]},
"G157": {"type": "Matrix2x2", "payoffs": [[[15,0],[25,45]],[[0,12],[4,28]]]},
"G158": {"type": "Matrix2x2", "payoffs": [[[8,0],[10,11]],[[0,58],[18,82]]]},
"G159": {"type": "Matrix2x2", "payoffs": [[[0,46],[68,79]],[[48,0],[28,1]]]},
"G160": {"type": "Matrix2x2", "payoffs": [[[0,0],[34,24]],[[12,10],[41,27]]]},
"G161": {"type": "Matrix2x2", "payoffs": [[[57,0],[0,35]],[[99,71],[23,51]]]},
"G162": {"type": "Matrix2x2", "payoffs": [[[15,0],[4,19]],[[0,46],[29,48]]]},
"G163": {"type": "Matrix2x2", "payoffs": [[[28,3],[40,0]],[[0,32],[61,39]]]},
"G164": {"type": "Matrix2x2", "payoffs": [[[0,4],[63,10]],[[13,0],[64,11]]]},
"G165": {"type": "Matrix2x2", "payoffs": [[[31,32],[0,38]],[[13,0],[70,56]]]},
"G166": {"type": "Matrix2x2", "payoffs": [[[36,17],[41,72]],[[38,23],[0,0]]]},
"G167": {"type": "Matrix2x2", "payoffs": [[[20,19],[26,0]],[[0,21],[45,37]]]},
"G168": {"type": "Matrix2x2", "payoffs": [[[63,10],[0,0]],[[66,31],[20,21]]]},
"G169": {"type": "Matrix2x2", "payoffs": [[[55,34],[0,0]],[[59,8],[76,71]]]},
"G170": {"type": "Matrix2x2", "payoffs": [[[94,20],[71,0]],[[61,13],[0,9]]]},
"G171": {"type": "Matrix2x2", "payoffs": [[[0,0],[91,9]],[[99,17],[13,2]]]},
"G172": {"type": "Matrix2x2", "payoffs": [[[13,21],[1,24]],[[0,0],[14,27]]]},
"G173": {"type": "Matrix2x2", "payoffs": [[[10,0],[17,1]],[[20,20],[0,13]]]},
"G174": {"type": "Matrix2x2", "payoffs": [[[9,48],[6,0]],[[16,56],[0,19]]]},
"G175": {"type": "Matrix2x2", "payoffs": [[[79,0],[0,2]],[[69,3],[87,8]]]},
"G176": {"type": "Matrix2x2", "payoffs": [[[0,0],[24,35]],[[12,1],[47,63]]]},
"G177": {"type": "Matrix2x2", "payoffs": [[[0,4],[39,28]],[[38,26],[18,0]]]},
"G178": {"type": "Matrix2x2", "payoffs": [[[57,78],[24,0]],[[0,29],[29,45]]]},
"G179": {"type": "Matrix2x2", "payoffs": [[[26,31],[68,3]],[[0,0],[85,34]]]},
"G180": {"type": "Matrix2x2", "payoffs": [[[60,9],[51,6]],[[0,0],[67,19]]]},
"G181": {"type": "Matrix2x2", "payoffs": [[[0,0],[75,14]],[[63,9],[10,1]]]},
"G182": {"type": "Matrix2x2", "payoffs": [[[0,0],[85,42]],[[25,27],[89,44]]]},
"G183": {"type": "Matrix2x2", "payoffs": [[[74,0],[68,29]],[[99,42],[0,2]]]},
"G184": {"type": "Matrix2x2", "payoffs": [[[8,19],[9,13]],[[0,0],[24,36]]]},
"G185": {"type": "Matrix2x2", "payoffs": [[[0,0],[16,4]],[[23,10],[25,55]]]},
"G186": {"type": "Matrix2x2", "payoffs": [[[83,17],[22,8]],[[0,0],[74,5]]]},
"G187": {"type": "Matrix2x2", "payoffs": [[[8,14],[16,24]],[[17,92],[0,0]]]},
"G188": {"type": "Matrix2x2", "payoffs": [[[0,21],[40,7]],[[18,0],[100,56]]]},
"G189": {"type": "Matrix2x2", "payoffs": [[[21,10],[0,3]],[[34,80],[29,0]]]},
"G190": {"type": "Matrix2x2", "payoffs": [[[0,0],[50,2]],[[3,3],[75,4]]]},
"G191": {"type": "Matrix2x2", "payoffs": [[[3,0],[33,86]],[[0,27],[32,72]]]},
"G192": {"type": "Matrix2x2", "payoffs": [[[1,32],[60,7]],[[62,38],[0,0]]]},
"G193": {"type": "Matrix2x2", "payoffs": [[[0,32],[61,35]],[[17,0],[5,17]]]},
"G194": {"type": "Matrix2x2", "payoffs": [[[15,5],[0,4]],[[5,0],[17,7]]]},
"G195": {"type": "Matrix2x2", "payoffs": [[[22,74],[6,65]],[[0,22],[2,0]]]},
"G196": {"type": "Matrix2x2", "payoffs": [[[9,42],[66,78]],[[0,0],[36,65]]]},
"G197": {"type": "Matrix2x2", "payoffs": [[[0,0],[1,4]],[[85,6],[39,2]]]},
"G198": {"type": "Matrix2x2", "payoffs": [[[63,2],[0,0]],[[80,3],[17,1]]]},
"G199": {"type": "Matrix2x2", "payoffs": [[[36,60],[25,44]],[[0,0],[15,48]]]},
"G200": {"type": "Matrix2x2", "payoffs": [[[54,29],[0,20]],[[4,0],[31,6]]]},
"G201": {"type": "Matrix2x2", "payoffs": [[[8,52],[11,73]],[[0,0],[5,47]]]},
"G202": {"type": "Matrix2x2", "payoffs": [[[70,17],[59,12]],[[33,11],[0,0]]]},
"G203": {"type": "Matrix2x2", "payoffs": [[[89,82],[44,66]],[[0,13],[36,0]]]},
"G204": {"type": "Matrix2x2", "payoffs": [[[0,23],[56,38]],[[89,0],[94,43]]]},
"G205": {"type": "Matrix2x2", "payoffs": [[[72,20],[45,31]],[[98,45],[0,0]]]},
"G206": {"type": "Matrix2x2", "payoffs": [[[16,0],[37,4]],[[58,8],[0,3]]]},
"G207": {"type": "Matrix2x2", "payoffs": [[[15,22],[0,19]],[[25,72],[24,0]]]},
"G208": {"type": "Matrix2x2", "payoffs": [[[54,5],[76,17]],[[0,0],[9,2]]]},
"G209": {"type": "Matrix2x2", "payoffs": [[[3,51],[2,5]],[[1,6],[0,0]]]},
"G210": {"type": "Matrix2x2", "payoffs": [[[35,83],[17,6]],[[34,14],[0,0]]]},
"G211": {"type": "Matrix2x2", "payoffs": [[[3,6],[0,0]],[[13,14],[31,19]]]},
"G212": {"type": "Matrix2x2", "payoffs": [[[15,56],[6,0]],[[0,43],[13,30]]]},
"G213": {"type": "Matrix2x2", "payoffs": [[[21,4],[0,88]],[[67,100],[29,0]]]},
"G214": {"type": "Matrix2x2", "payoffs": [[[26,15],[46,16]],[[0,0],[8,4]]]},
"G215": {"type": "Matrix2x2", "payoffs": [[[89,45],[99,47]],[[0,31],[33,0]]]},
"G216": {"type": "Matrix2x2", "payoffs": [[[94,69],[60,0]],[[7,45],[0,33]]]},
"G217": {"type": "Matrix2x2", "payoffs": [[[22,0],[11,76]],[[39,98],[0,84]]]},
"G218": {"type": "Matrix2x2", "payoffs": [[[6,68],[0,0]],[[10,62],[11,74]]]},
"G219": {"type": "Matrix2x2", "payoffs": [[[30,71],[0,57]],[[9,0],[2,31]]]},
"G220": {"type": "Matrix2x2", "payoffs": [[[17,0],[62,43]],[[34,16],[0,24]]]},
"G221": {"type": "Matrix2x2", "payoffs": [[[13,17],[9,34]],[[0,0],[30,40]]]},
"G222": {"type": "Matrix2x2", "payoffs": [[[0,18],[6,16]],[[15,35],[4,0]]]},
"G223": {"type": "Matrix2x2", "payoffs": [[[0,5],[64,17]],[[14,8],[63,0]]]},
"G224": {"type": "Matrix2x2", "payoffs": [[[80,31],[0,2]],[[62,0],[9,23]]]},
"G225": {"type": "Matrix2x2", "payoffs": [[[3,7],[37,13]],[[14,10],[0,0]]]},
"G226": {"type": "Matrix2x2", "payoffs": [[[65,0],[70,78]],[[51,31],[0,13]]]},
"G227": {"type": "Matrix2x2", "payoffs": [[[0,16],[85,8]],[[86,17],[7,0]]]},
"G228": {"type": "Matrix2x2", "payoffs": [[[0,18],[7,8]],[[15,24],[10,0]]]},
"G229": {"type": "Matrix2x2", "payoffs": [[[0,17],[39,16]],[[19,0],[58,27]]]},
"G230": {"type": "Matrix2x2", "payoffs": [[[0,0],[35,70]],[[5,66],[14,35]]]},
"G231": {"type": "Matrix2x2", "payoffs": [[[25,0],[15,4]],[[0,31],[29,46]]]},
"G232": {"type": "Matrix2x2", "payoffs": [[[30,3],[31,32]],[[0,0],[4,7]]]},
"G233": {"type": "Matrix2x2", "payoffs": [[[58,67],[10,31]],[[12,28],[0,0]]]},
"G234": {"type": "Matrix2x2", "payoffs": [[[5,0],[72,50]],[[42,19],[0,48]]]},
"G235": {"type": "Matrix2x2", "payoffs": [[[0,0],[46,51]],[[91,91],[51,48]]]},
"G236": {"type": "Matrix2x2", "payoffs": [[[46,22],[0,0]],[[45,34],[53,63]]]},
"G237": {"type": "Matrix2x2", "payoffs": [[[0,55],[98,66]],[[57,0],[64,38]]]},
"G238": {"type": "Matrix2x2", "payoffs": [[[22,46],[17,0]],[[27,81],[0,60]]]},
"G239": {"type": "Matrix2x2", "payoffs": [[[0,9],[22,65]],[[29,0],[75,69]]]},
"G240": {"type": "Matrix2x2", "payoffs": [[[0,3],[59,2]],[[81,0],[93,92]]]},
"G241": {"type": "Matrix2x2", "payoffs": [[[3,0],[0,29]],[[2,9],[4,37]]]},
"G242": {"type": "Matrix2x2", "payoffs": [[[24,25],[9,33]],[[0,0],[48,41]]]},
"G243": {"type": "Matrix2x2", "payoffs": [[[2,0],[5,11]],[[0,3],[1,1]]]},
"G244": {"type": "Matrix2x2", "payoffs": [[[0,11],[9,22]],[[94,25],[72,0]]]},
"G245": {"type": "Matrix2x2", "payoffs": [[[56,12],[5,0]],[[0,3],[66,16]]]},
"G246": {"type": "Matrix2x2", "payoffs": [[[10,3],[34,62]],[[32,20],[0,0]]]},
"G247": {"type": "Matrix2x2", "payoffs": [[[0,11],[10,0]],[[24,32],[14,4]]]},
"G248": {"type": "Matrix2x2", "payoffs": [[[30,0],[0,24]],[[77,43],[8,16]]]},
"G249": {"type": "Matrix2x2", "payoffs": [[[35,33],[77,98]],[[28,0],[0,48]]]},
"G250": {"type": "Matrix2x2", "payoffs": [[[0,47],[10,49]],[[12,0],[13,69]]]},
"G251": {"type": "Matrix2x2", "payoffs": [[[0,39],[5,0]],[[2,25],[17,97]]]},
"G252": {"type": "Matrix2x2", "payoffs": [[[77,99],[0,0]],[[67,18],[76,10]]]},
"G253": {"type": "Matrix2x2", "payoffs": [[[2,87],[0,45]],[[10,99],[1,0]]]},
"G254": {"type": "Matrix2x2", "payoffs": [[[0,5],[5,0]],[[4,22],[7,53]]]},
"G255": {"type": "Matrix2x2", "payoffs": [[[87,58],[62,0]],[[61,21],[0,40]]]},
"G256": {"type": "Matrix2x2", "payoffs": [[[3,0],[11,95]],[[0,3],[8,46]]]},
"G257": {"type": "Matrix2x2", "payoffs": [[[47,11],[13,0]],[[0,1],[45,9]]]},
"G258": {"type": "Matrix2x2", "payoffs": [[[12,83],[7,50]],[[6,0],[0,52]]]},
"G259": {"type": "Matrix2x2", "payoffs": [[[93,15],[0,57]],[[99,65],[71,0]]]},
"G260": {"type": "Matrix2x2", "payoffs": [[[62,10],[63,12]],[[25,0],[0,8]]]},
"G261": {"type": "Matrix2x2", "payoffs": [[[0,48],[23,51]],[[15,39],[21,0]]]},
"G262": {"type": "Matrix2x2", "payoffs": [[[0,50],[17,62]],[[29,88],[24,0]]]},
"G263": {"type": "Matrix2x2", "payoffs": [[[76,74],[7,0]],[[19,43],[0,30]]]},
"G264": {"type": "Matrix2x2", "payoffs": [[[88,55],[83,0]],[[0,10],[55,52]]]},
"G265": {"type": "Matrix2x2", "payoffs": [[[0,35],[88,49]],[[38,20],[6,0]]]},
"G266": {"type": "Matrix2x2", "payoffs": [[[0,0],[10,9]],[[35,12],[36,36]]]},
"G267": {"type": "Matrix2x2", "payoffs": [[[0,13],[3,6]],[[44,35],[2,0]]]},
"G268": {"type": "Matrix2x2", "payoffs": [[[0,33],[17,40]],[[1,0],[14,9]]]},
"G269": {"type": "Matrix2x2", "payoffs": [[[40,0],[0,14]],[[54,38],[38,29]]]},
"G270": {"type": "Matrix2x2", "payoffs": [[[45,13],[8,3]],[[12,0],[0,2]]]},
"G271": {"type": "Matrix2x2", "payoffs": [[[0,1],[76,70]],[[10,10],[68,0]]]},
"G272": {"type": "Matrix2x2", "payoffs": [[[15,97],[2,0]],[[0,73],[14,47]]]},
"G273": {"type": "Matrix2x2", "payoffs": [[[69,100],[12,0]],[[0,35],[16,27]]]},
"G274": {"type": "Matrix2x2", "payoffs": [[[2,49],[0,94]],[[92,95],[4,0]]]},
"G275": {"type": "Matrix2x2", "payoffs": [[[23,0],[0,39]],[[24,18],[95,51]]]},
"G276": {"type": "Matrix2x2", "payoffs": [[[2,36],[3,46]],[[5,75],[0,0]]]},
"G277": {"type": "Matrix2x2", "payoffs": [[[20,0],[24,13]],[[25,25],[0,12]]]},
"G278": {"type": "Matrix2x2", "payoffs": [[[8,1],[0,0]],[[77,12],[38,6]]]},
"G279": {"type": "Matrix2x2", "payoffs": [[[40,13],[87,41]],[[0,0],[32,37]]]},
"G280": {"type": "Matrix2x2", "payoffs": [[[52,42],[0,0]],[[30,38],[29,20]]]},
"G281": {"type": "Matrix2x2", "payoffs": [[[40,32],[47,35]],[[0,0],[66,100]]]},
"G282": {"type": "Matrix2x2", "payoffs": [[[7,81],[23,0]],[[91,93],[0,33]]]},
"G283": {"type": "Matrix2x2", "payoffs": [[[14,0],[29,53]],[[0,22],[12,48]]]},
"G284": {"type": "Matrix2x2", "payoffs": [[[7,44],[53,0]],[[59,77],[0,37]]]},
"G285": {"type": "Matrix2x2", "payoffs": [[[0,1],[59,7]],[[11,0],[90,16]]]},
"G286": {"type": "Matrix2x2", "payoffs": [[[0,13],[95,1]],[[59,0],[96,30]]]},
"G287": {"type": "Matrix2x2", "payoffs": [[[0,0],[13,8]],[[32,11],[76,15]]]},
"G288": {"type": "Matrix2x2", "payoffs": [[[28,23],[6,14]],[[0,19],[26,0]]]},
"G289": {"type": "Matrix2x2", "payoffs": [[[7,1],[2,0]],[[39,47],[0,8]]]},
"G290": {"type": "Matrix2x2", "payoffs": [[[18,14],[49,62]],[[0,42],[2,0]]]},
"G291": {"type": "Matrix2x2", "payoffs": [[[59,15],[32,4]],[[0,0],[60,17]]]},
"G292": {"type": "Matrix2x2", "payoffs": [[[0,48],[68,0]],[[73,55],[2,16]]]},
"G293": {"type": "Matrix2x2", "payoffs": [[[53,13],[65,58]],[[1,0],[0,18]]]},
"G294": {"type": "Matrix2x2", "payoffs": [[[38,0],[9,4]],[[46,28],[0,19]]]},
"G295": {"type": "Matrix2x2", "payoffs": [[[20,96],[0,47]],[[14,4],[7,0]]]},
"G296": {"type": "Matrix2x2", "payoffs": [[[0,45],[18,78]],[[11,0],[17,10]]]},
"G297": {"type": "Matrix2x2", "payoffs": [[[9,37],[24,0]],[[27,54],[0,33]]]},
"G298": {"type": "Matrix2x2", "payoffs": [[[21,66],[0,0]],[[65,40],[74,71]]]},
"G299": {"type": "Matrix2x2", "payoffs": [[[0,37],[16,82]],[[7,0],[13,23]]]},
"G300": {"type": "Matrix2x2", "payoffs": [[[0,31],[70,0]],[[27,8],[73,38]]]},
"G301": {"type": "Matrix2x2", "payoffs": [[[35,90],[31,55]],[[9,0],[0,56]]]},
"G302": {"type": "Matrix2x2", "payoffs": [[[61,14],[0,0]],[[59,6],[93,25]]]},
"G303": {"type": "Matrix2x2", "payoffs": [[[15,32],[53,14]],[[89,77],[0,0]]]},
"G304": {"type": "Matrix2x2", "payoffs": [[[0,0],[38,83]],[[11,28],[6,81]]]},
"G305": {"type": "Matrix2x2", "payoffs": [[[0,0],[5,4]],[[1,3],[2,2]]]},
"G306": {"type": "Matrix2x2", "payoffs": [[[14,21],[2,0]],[[50,59],[0,54]]]},
"G307": {"type": "Matrix2x2", "payoffs": [[[0,0],[59,8]],[[75,24],[9,11]]]},
"G308": {"type": "Matrix2x2", "payoffs": [[[0,0],[58,40]],[[60,37],[88,54]]]},
"G309": {"type": "Matrix2x2", "payoffs": [[[50,27],[86,73]],[[61,0],[0,60]]]},
"G310": {"type": "Matrix2x2", "payoffs": [[[0,11],[69,8]],[[20,0],[73,47]]]},
"G311": {"type": "Matrix2x2", "payoffs": [[[0,3],[54,27]],[[1,0],[55,44]]]},
"G312": {"type": "Matrix2x2", "payoffs": [[[0,52],[8,0]],[[91,89],[37,26]]]},
"G313": {"type": "Matrix2x2", "payoffs": [[[0,0],[10,21]],[[5,31],[12,40]]]},
"G314": {"type": "Matrix2x2", "payoffs": [[[64,43],[2,2]],[[0,10],[32,0]]]},
"G315": {"type": "Matrix2x2", "payoffs": [[[13,33],[0,15]],[[5,0],[10,7]]]},
"G316": {"type": "Matrix2x2", "payoffs": [[[21,8],[10,0]],[[22,13],[0,10]]]},
"G317": {"type": "Matrix2x2", "payoffs": [[[57,81],[0,0]],[[83,62],[92,100]]]},
"G318": {"type": "Matrix2x2", "payoffs": [[[18,58],[2,0]],[[25,81],[0,75]]]},
"G319": {"type": "Matrix2x2", "payoffs": [[[19,0],[0,26]],[[86,45],[17,40]]]},
"G320": {"type": "Matrix2x2", "payoffs": [[[0,0],[89,4]],[[12,2],[56,1]]]},
"G321": {"type": "Matrix2x2", "payoffs": [[[1,10],[14,18]],[[10,11],[0,0]]]},
"G322": {"type": "Matrix2x2", "payoffs": [[[24,9],[32,19]],[[0,0],[31,17]]]},
"G323": {"type": "Matrix2x2", "payoffs": [[[51,42],[62,0]],[[0,61],[85,83]]]},
"G324": {"type": "Matrix2x2", "payoffs": [[[7,53],[4,40]],[[6,51],[0,0]]]},
"G325": {"type": "Matrix2x2", "payoffs": [[[97,18],[42,5]],[[27,15],[0,0]]]},
"G326": {"type": "Matrix2x2", "payoffs": [[[10,17],[5,0]],[[0,40],[40,58]]]},
"G327": {"type": "Matrix2x2", "payoffs": [[[100,79],[96,0]],[[70,74],[0,36]]]},
"G328": {"type": "Matrix2x2", "payoffs": [[[0,1],[8,14]],[[4,7],[2,0]]]},
"G329": {"type": "Matrix2x2", "payoffs": [[[95,8],[87,4]],[[93,7],[0,0]]]},
"G330": {"type": "Matrix2x2", "payoffs": [[[40,97],[2,0]],[[16,48],[0,35]]]},
"G331": {"type": "Matrix2x2", "payoffs": [[[6,15],[0,8]],[[5,10],[4,0]]]},
"G332": {"type": "Matrix2x2", "payoffs": [[[10,16],[8,7]],[[0,0],[13,17]]]},
"G333": {"type": "Matrix2x2", "payoffs": [[[67,18],[93,79]],[[90,0],[0,22]]]},
"G334": {"type": "Matrix2x2", "payoffs": [[[28,36],[0,0]],[[30,42],[7,37]]]},
"G335": {"type": "Matrix2x2", "payoffs": [[[34,0],[0,2]],[[6,4],[44,12]]]},
"G336": {"type": "Matrix2x2", "payoffs": [[[100,89],[43,23]],[[6,0],[0,33]]]},
"G337": {"type": "Matrix2x2", "payoffs": [[[16,6],[93,0]],[[0,18],[97,28]]]},
"G338": {"type": "Matrix2x2", "payoffs": [[[96,27],[64,0]],[[0,22],[15,18]]]},
"G339": {"type": "Matrix2x2", "payoffs": [[[51,34],[2,30]],[[0,0],[44,22]]]},
"G340": {"type": "Matrix2x2", "payoffs": [[[0,17],[61,28]],[[55,7],[4,0]]]},
"G341": {"type": "Matrix2x2", "payoffs": [[[8,7],[3,50]],[[35,74],[0,0]]]},
"G342": {"type": "Matrix2x2", "payoffs": [[[9,40],[25,74]],[[8,14],[0,0]]]},
"G343": {"type": "Matrix2x2", "payoffs": [[[14,2],[0,5]],[[49,14],[12,0]]]},
"G344": {"type": "Matrix2x2", "payoffs": [[[25,33],[10,14]],[[0,0],[14,19]]]},
"G345": {"type": "Matrix2x2", "payoffs": [[[43,99],[0,0]],[[23,96],[19,82]]]},
"G346": {"type": "Matrix2x2", "payoffs": [[[60,47],[0,21]],[[32,0],[10,26]]]},
"G347": {"type": "Matrix2x2", "payoffs": [[[62,0],[0,44]],[[84,98],[65,23]]]},
"G348": {"type": "Matrix2x2", "payoffs": [[[0,0],[6,13]],[[39,26],[56,83]]]},
"G349": {"type": "Matrix2x2", "payoffs": [[[0,23],[57,0]],[[39,1],[79,29]]]},
"G350": {"type": "Matrix2x2", "payoffs": [[[14,41],[0,0]],[[60,55],[99,62]]]},
"G351": {"type": "Matrix2x2", "payoffs": [[[64,11],[51,0]],[[0,1],[49,10]]]},
"G352": {"type": "Matrix2x2", "payoffs": [[[9,0],[17,19]],[[0,1],[14,16]]]},
"G353": {"type": "Matrix2x2", "payoffs": [[[0,37],[7,43]],[[1,0],[19,72]]]},
"G354": {"type": "Matrix2x2", "payoffs": [[[0,21],[67,0]],[[63,22],[99,41]]]},
"G355": {"type": "Matrix2x2", "payoffs": [[[73,8],[15,3]],[[33,0],[0,4]]]},
"G356": {"type": "Matrix2x2", "payoffs": [[[13,1],[57,15]],[[84,24],[0,0]]]},
"G357": {"type": "Matrix2x2", "payoffs": [[[12,0],[33,40]],[[0,78],[53,90]]]},
"G358": {"type": "Matrix2x2", "payoffs": [[[15,68],[30,93]],[[0,91],[11,0]]]},
"G359": {"type": "Matrix2x2", "payoffs": [[[79,18],[0,0]],[[66,25],[99,39]]]},
"G360": {"type": "Matrix2x2", "payoffs": [[[0,42],[98,93]],[[78,88],[65,0]]]},
"G361": {"type": "Matrix2x2", "payoffs": [[[72,31],[0,28]],[[65,0],[50,11]]]},
"G362": {"type": "Matrix2x2", "payoffs": [[[54,15],[95,34]],[[0,33],[88,0]]]},
"G363": {"type": "Matrix2x2", "payoffs": [[[30,0],[44,5]],[[0,9],[96,10]]]},
"G364": {"type": "Matrix2x2", "payoffs": [[[0,0],[33,56]],[[58,93],[57,30]]]},
"G365": {"type": "Matrix2x2", "payoffs": [[[49,92],[0,85]],[[39,0],[21,34]]]},
"G366": {"type": "Matrix2x2", "payoffs": [[[0,6],[65,7]],[[9,3],[55,0]]]},
"G367": {"type": "Matrix2x2", "payoffs": [[[0,0],[16,36]],[[5,39],[17,58]]]},
"G368": {"type": "Matrix2x2", "payoffs": [[[0,19],[83,20]],[[5,0],[32,17]]]},
"G369": {"type": "Matrix2x2", "payoffs": [[[0,59],[5,0]],[[7,85],[1,77]]]},
"G370": {"type": "Matrix2x2", "payoffs": [[[10,12],[0,11]],[[23,13],[13,0]]]},
"G371": {"type": "Matrix2x2", "payoffs": [[[40,7],[97,13]],[[0,10],[9,0]]]},
"G372": {"type": "Matrix2x2", "payoffs": [[[0,24],[12,72]],[[27,97],[10,0]]]},
"G373": {"type": "Matrix2x2", "payoffs": [[[31,0],[36,50]],[[62,71],[0,25]]]},
"G374": {"type": "Matrix2x2", "payoffs": [[[0,18],[8,0]],[[42,94],[4,19]]]},
"G375": {"type": "Matrix2x2", "payoffs": [[[12,19],[5,14]],[[0,15],[6,0]]]},
"G376": {"type": "Matrix2x2", "payoffs": [[[19,0],[0,3]],[[72,4],[2,2]]]},
"G377": {"type": "Matrix2x2", "payoffs": [[[45,45],[76,41]],[[89,53],[0,0]]]},
"G378": {"type": "Matrix2x2", "payoffs": [[[26,34],[0,11]],[[63,61],[4,0]]]},
"G379": {"type": "Matrix2x2", "payoffs": [[[23,15],[0,0]],[[7,28],[88,73]]]},
"G380": {"type": "Matrix2x2", "payoffs": [[[95,7],[58,2]],[[93,0],[0,1]]]},
"G381": {"type": "Matrix2x2", "payoffs": [[[2,0],[56,96]],[[0,79],[43,57]]]},
"G382": {"type": "Matrix2x2", "payoffs": [[[11,2],[0,0]],[[24,9],[9,8]]]},
"G383": {"type": "Matrix2x2", "payoffs": [[[18,7],[15,0]],[[33,34],[0,9]]]},
"G384": {"type": "Matrix2x2", "payoffs": [[[0,55],[70,26]],[[92,64],[20,0]]]},
"G385": {"type": "Matrix2x2", "payoffs": [[[90,32],[51,3]],[[40,4],[0,0]]]},
"G386": {"type": "Matrix2x2", "payoffs": [[[50,40],[0,0]],[[8,19],[15,5]]]},
"G387": {"type": "Matrix2x2", "payoffs": [[[27,2],[30,0]],[[0,11],[55,27]]]},
"G388": {"type": "Matrix2x2", "payoffs": [[[15,7],[51,0]],[[0,15],[88,35]]]},
"G389": {"type": "Matrix2x2", "payoffs": [[[20,4],[0,0]],[[6,42],[27,69]]]},
"G390": {"type": "Matrix2x2", "payoffs": [[[32,0],[0,6]],[[20,13],[34,14]]]},
"G391": {"type": "Matrix2x2", "payoffs": [[[13,3],[3,0]],[[63,36],[0,11]]]},
"G392": {"type": "Matrix2x2", "payoffs": [[[37,0],[7,54]],[[56,68],[0,38]]]},
"G393": {"type": "Matrix2x2", "payoffs": [[[0,17],[4,0]],[[24,87],[17,70]]]},
"G394": {"type": "Matrix2x2", "payoffs": [[[74,60],[52,6]],[[0,0],[21,19]]]},
"G395": {"type": "Matrix2x2", "payoffs": [[[23,10],[0,0]],[[27,30],[10,5]]]},
"G396": {"type": "Matrix2x2", "payoffs": [[[0,14],[30,17]],[[16,0],[36,37]]]},
"G397": {"type": "Matrix2x2", "payoffs": [[[0,19],[57,29]],[[45,27],[10,0]]]},
"G398": {"type": "Matrix2x2", "payoffs": [[[26,50],[41,0]],[[81,61],[0,33]]]},
"G399": {"type": "Matrix2x2", "payoffs": [[[8,0],[0,21]],[[94,33],[81,8]]]},
"G400": {"type": "Matrix2x2", "payoffs": [[[0,0],[4,17]],[[5,54],[1,20]]]},
"G401": {"type": "Matrix2x2", "payoffs": [[[0,19],[38,0]],[[73,20],[52,17]]]},
"G402": {"type": "Matrix2x2", "payoffs": [[[47,74],[41,7]],[[0,68],[25,0]]]},
"G403": {"type": "Matrix2x2", "payoffs": [[[9,0],[0,37]],[[33,11],[34,54]]]},
"G404": {"type": "Matrix2x2", "payoffs": [[[42,56],[67,98]],[[51,71],[0,0]]]},
"G405": {"type": "Matrix2x2", "payoffs": [[[12,45],[0,59]],[[80,69],[50,0]]]},
"G406": {"type": "Matrix2x2", "payoffs": [[[12,0],[29,5]],[[52,53],[0,29]]]},
"G407": {"type": "Matrix2x2", "payoffs": [[[20,0],[25,19]],[[0,11],[4,2]]]},
"G408": {"type": "Matrix2x2", "payoffs": [[[29,79],[91,90]],[[0,0],[80,87]]]},
"G409": {"type": "Matrix2x2", "payoffs": [[[18,0],[0,27]],[[20,75],[5,45]]]},
"G410": {"type": "Matrix2x2", "payoffs": [[[0,0],[71,62]],[[8,7],[45,47]]]},
"G411": {"type": "Matrix2x2", "payoffs": [[[0,0],[2,21]],[[66,22],[46,2]]]},
"G412": {"type": "Matrix2x2", "payoffs": [[[39,7],[26,3]],[[25,6],[0,0]]]},
"G413": {"type": "Matrix2x2", "payoffs": [[[0,4],[7,45]],[[2,7],[6,0]]]},
"G414": {"type": "Matrix2x2", "payoffs": [[[0,4],[3,36]],[[11,75],[10,0]]]},
"G415": {"type": "Matrix2x2", "payoffs": [[[40,20],[38,0]],[[17,2],[0,5]]]},
"G416": {"type": "Matrix2x2", "payoffs": [[[2,0],[6,1]],[[0,6],[8,33]]]},
"G417": {"type": "Matrix2x2", "payoffs": [[[39,25],[10,0]],[[17,15],[0,3]]]},
"G418": {"type": "Matrix2x2", "payoffs": [[[52,49],[40,0]],[[51,6],[0,18]]]},
"G419": {"type": "Matrix2x2", "payoffs": [[[14,83],[7,42]],[[0,20],[5,0]]]},
"G420": {"type": "Matrix2x2", "payoffs": [[[67,9],[0,0]],[[96,23],[36,14]]]},
"G421": {"type": "Matrix2x2", "payoffs": [[[0,54],[1,0]],[[12,43],[48,66]]]},
"G422": {"type": "Matrix2x2", "payoffs": [[[93,59],[98,95]],[[0,0],[4,44]]]},
"G423": {"type": "Matrix2x2", "payoffs": [[[34,63],[4,0]],[[0,24],[18,25]]]},
"G424": {"type": "Matrix2x2", "payoffs": [[[3,0],[4,24]],[[1,15],[0,13]]]},
"G425": {"type": "Matrix2x2", "payoffs": [[[0,0],[34,7]],[[47,11],[86,18]]]},
"G426": {"type": "Matrix2x2", "payoffs": [[[0,21],[42,0]],[[52,71],[19,55]]]},
"G427": {"type": "Matrix2x2", "payoffs": [[[23,59],[3,0]],[[0,41],[52,97]]]},
"G428": {"type": "Matrix2x2", "payoffs": [[[0,8],[24,15]],[[57,98],[28,0]]]},
"G429": {"type": "Matrix2x2", "payoffs": [[[2,0],[0,15]],[[4,14],[5,38]]]},
"G430": {"type": "Matrix2x2", "payoffs": [[[0,37],[84,0]],[[34,34],[92,70]]]},
"G431": {"type": "Matrix2x2", "payoffs": [[[11,0],[35,25]],[[8,12],[0,23]]]},
"G432": {"type": "Matrix2x2", "payoffs": [[[0,21],[40,43]],[[15,35],[27,0]]]},
"G433": {"type": "Matrix2x2", "payoffs": [[[1,14],[0,0]],[[8,32],[12,36]]]},
"G434": {"type": "Matrix2x2", "payoffs": [[[0,10],[33,64]],[[51,0],[66,89]]]},
"G435": {"type": "Matrix2x2", "payoffs": [[[0,20],[14,14]],[[13,0],[16,29]]]},
"G436": {"type": "Matrix2x2", "payoffs": [[[59,12],[0,0]],[[28,8],[30,6]]]},
"G437": {"type": "Matrix2x2", "payoffs": [[[89,28],[10,7]],[[68,0],[0,19]]]},
"G438": {"type": "Matrix2x2", "payoffs": [[[32,38],[15,0]],[[11,26],[0,27]]]},
"G439": {"type": "Matrix2x2", "payoffs": [[[47,10],[0,6]],[[52,0],[59,48]]]},
"G440": {"type": "Matrix2x2", "payoffs": [[[52,49],[0,0]],[[80,64],[24,23]]]},
"G441": {"type": "Matrix2x2", "payoffs": [[[75,12],[83,51]],[[0,4],[3,0]]]},
"G442": {"type": "Matrix2x2", "payoffs": [[[31,34],[0,2]],[[42,41],[29,0]]]},
"G443": {"type": "Matrix2x2", "payoffs": [[[6,0],[0,9]],[[71,18],[17,16]]]},
"G444": {"type": "Matrix2x2", "payoffs": [[[60,98],[29,7]],[[46,26],[0,0]]]},
"G445": {"type": "Matrix2x2", "payoffs": [[[30,6],[41,13]],[[5,0],[0,2]]]},
"G446": {"type": "Matrix2x2", "payoffs": [[[3,0],[36,64]],[[0,27],[15,40]]]},
"G447": {"type": "Matrix2x2", "payoffs": [[[49,9],[14,24]],[[0,0],[51,32]]]},
"G448": {"type": "Matrix2x2", "payoffs": [[[30,0],[2,15]],[[0,17],[48,39]]]},
"G449": {"type": "Matrix2x2", "payoffs": [[[20,14],[36,33]],[[49,65],[0,0]]]},
"G450": {"type": "Matrix2x2", "payoffs": [[[36,17],[8,0]],[[0,26],[87,52]]]},
"G451": {"type": "Matrix2x2", "payoffs": [[[3,7],[9,9]],[[0,4],[7,0]]]},
"G452": {"type": "Matrix2x2", "payoffs": [[[75,55],[31,0]],[[81,85],[0,1]]]},
"G453": {"type": "Matrix2x2", "payoffs": [[[29,11],[0,9]],[[6,3],[20,0]]]},
"G454": {"type": "Matrix2x2", "payoffs": [[[90,64],[0,61]],[[60,13],[70,0]]]},
"G455": {"type": "Matrix2x2", "payoffs": [[[0,64],[24,34]],[[70,0],[83,100]]]},
"G456": {"type": "Matrix2x2", "payoffs": [[[8,39],[0,0]],[[16,54],[4,47]]]},
"G457": {"type": "Matrix2x2", "payoffs": [[[4,0],[34,61]],[[26,33],[0,36]]]},
"G458": {"type": "Matrix2x2", "payoffs": [[[0,0],[35,39]],[[12,37],[33,1]]]},
"G459": {"type": "Matrix2x2", "payoffs": [[[2,30],[9,49]],[[0,0],[3,45]]]},
"G460": {"type": "Matrix2x2", "payoffs": [[[28,15],[60,77]],[[0,14],[8,0]]]},
"G461": {"type": "Matrix2x2", "payoffs": [[[0,57],[29,89]],[[6,58],[13,0]]]},
"G462": {"type": "Matrix2x2", "payoffs": [[[93,25],[83,0]],[[46,21],[0,22]]]},
"G463": {"type": "Matrix2x2", "payoffs": [[[14,10],[31,4]],[[82,19],[0,0]]]},
"G464": {"type": "Matrix2x2", "payoffs": [[[0,0],[87,12]],[[98,16],[13,7]]]},
"G465": {"type": "Matrix2x2", "payoffs": [[[4,9],[0,0]],[[2,10],[5,91]]]},
"G466": {"type": "Matrix2x2", "payoffs": [[[0,14],[16,33]],[[23,38],[19,0]]]},
"G467": {"type": "Matrix2x2", "payoffs": [[[17,0],[0,31]],[[34,41],[43,80]]]},
"G468": {"type": "Matrix2x2", "payoffs": [[[25,63],[89,41]],[[96,81],[0,0]]]},
"G469": {"type": "Matrix2x2", "payoffs": [[[6,0],[3,1]],[[0,2],[7,8]]]},
"G470": {"type": "Matrix2x2", "payoffs": [[[29,98],[4,45]],[[0,95],[8,0]]]},
"G471": {"type": "Matrix2x2", "payoffs": [[[0,0],[46,23]],[[42,21],[10,17]]]},
"G472": {"type": "Matrix2x2", "payoffs": [[[6,0],[0,24]],[[15,44],[3,26]]]},
"G473": {"type": "Matrix2x2", "payoffs": [[[0,87],[22,0]],[[33,100],[5,20]]]},
"G474": {"type": "Matrix2x2", "payoffs": [[[1,2],[10,46]],[[9,0],[0,24]]]},
"G475": {"type": "Matrix2x2", "payoffs": [[[0,0],[2,77]],[[53,91],[98,99]]]},
"G476": {"type": "Matrix2x2", "payoffs": [[[33,22],[16,0]],[[71,38],[0,9]]]},
"G477": {"type": "Matrix2x2", "payoffs": [[[4,39],[6,0]],[[0,30],[7,49]]]},
"G478": {"type": "Matrix2x2", "payoffs": [[[13,1],[21,0]],[[25,14],[0,2]]]},
"G479": {"type": "Matrix2x2", "payoffs": [[[63,71],[0,13]],[[1,0],[41,7]]]},
"G480": {"type": "Matrix2x2", "payoffs": [[[40,0],[30,57]],[[0,26],[52,75]]]},
"G481": {"type": "Matrix2x2", "payoffs": [[[4,19],[21,11]],[[50,36],[0,0]]]},
"G482": {"type": "Matrix2x2", "payoffs": [[[19,43],[0,0]],[[42,5],[92,45]]]},
"G483": {"type": "Matrix2x2", "payoffs": [[[38,43],[35,0]],[[0,39],[44,98]]]},
"G484": {"type": "Matrix2x2", "payoffs": [[[75,38],[44,61]],[[0,0],[95,94]]]},
"G485": {"type": "Matrix2x2", "payoffs": [[[1,20],[7,0]],[[0,28],[13,52]]]},
"G486": {"type": "Matrix2x2", "payoffs": [[[2,25],[0,24]],[[4,0],[43,31]]]},
"G487": {"type": "Matrix2x2", "payoffs": [[[12,2],[16,3]],[[15,0],[0,1]]]},
"G488": {"type": "Matrix2x2", "payoffs": [[[14,0],[26,88]],[[12,70],[0,64]]]},
"G489": {"type": "Matrix2x2", "payoffs": [[[5,0],[18,50]],[[98,94],[0,39]]]},
"G490": {"type": "Matrix2x2", "payoffs": [[[24,0],[0,72]],[[28,41],[59,82]]]},
"G491": {"type": "Matrix2x2", "payoffs": [[[21,25],[33,33]],[[26,0],[0,30]]]},
"G492": {"type": "Matrix2x2", "payoffs": [[[59,48],[0,38]],[[45,0],[93,98]]]},
"G493": {"type": "Matrix2x2", "payoffs": [[[23,79],[0,0]],[[17,59],[37,89]]]},
"G494": {"type": "Matrix2x2", "payoffs": [[[5,28],[3,5]],[[0,0],[1,26]]]},
"G495": {"type": "Matrix2x2", "payoffs": [[[15,2],[58,22]],[[7,0],[0,11]]]},
"G496": {"type": "Matrix2x2", "payoffs": [[[0,0],[1,31]],[[42,52],[40,22]]]},
"G497": {"type": "Matrix2x2", "payoffs": [[[57,91],[0,70]],[[31,0],[18,52]]]},
"G498": {"type": "Matrix2x2", "payoffs": [[[12,0],[51,6]],[[0,3],[20,5]]]},
"G499": {"type": "Matrix2x2", "payoffs": [[[40,68],[22,66]],[[37,27],[0,0]]]},
"G500": {"type": "Matrix2x2", "payoffs": [[[0,42],[1,5]],[[91,58],[43,0]]]},
"G501": {"type": "Matrix2x2", "payoffs": [[[0,63],[34,0]],[[44,76],[29,37]]]},
"G502": {"type": "Matrix2x2", "payoffs": [[[18,59],[0,44]],[[13,13],[16,0]]]},
"G503": {"type": "Matrix2x2", "payoffs": [[[62,41],[0,40]],[[37,0],[52,5]]]},
"G504": {"type": "Matrix2x2", "payoffs": [[[0,0],[88,26]],[[11,16],[8,13]]]},
"G505": {"type": "Matrix2x2", "payoffs": [[[1,10],[24,11]],[[52,52],[0,0]]]},
"G506": {"type": "Matrix2x2", "payoffs": [[[13,40],[10,25]],[[14,44],[0,0]]]},
"G507": {"type": "Matrix2x2", "payoffs": [[[11,0],[0,24]],[[12,37],[2,30]]]},
"G508": {"type": "Matrix2x2", "payoffs": [[[0,9],[35,21]],[[45,41],[26,0]]]},
"G509": {"type": "Matrix2x2", "payoffs": [[[53,0],[54,58]],[[0,12],[25,29]]]},
"G510": {"type": "Matrix2x2", "payoffs": [[[52,24],[0,0]],[[75,25],[58,18]]]},
"G511": {"type": "Matrix2x2", "payoffs": [[[0,13],[26,68]],[[24,46],[23,0]]]},
"G512": {"type": "Matrix2x2", "payoffs": [[[11,0],[0,49]],[[20,17],[34,74]]]},
"G513": {"type": "Matrix2x2", "payoffs": [[[56,0],[29,42]],[[84,85],[0,1]]]},
"G514": {"type": "Matrix2x2", "payoffs": [[[14,45],[0,69]],[[32,98],[7,0]]]},
"G515": {"type": "Matrix2x2", "payoffs": [[[5,63],[25,12]],[[0,0],[46,94]]]},
"G516": {"type": "Matrix2x2", "payoffs": [[[0,0],[29,11]],[[23,1],[25,10]]]},
"G517": {"type": "Matrix2x2", "payoffs": [[[61,56],[0,19]],[[21,0],[3,1]]]},
"G518": {"type": "Matrix2x2", "payoffs": [[[0,0],[7,70]],[[18,55],[21,84]]]},
"G519": {"type": "Matrix2x2", "payoffs": [[[4,0],[0,6]],[[13,18],[8,3]]]},
"G520": {"type": "Matrix2x2", "payoffs": [[[60,95],[0,0]],[[9,62],[4,48]]]},
"G521": {"type": "Matrix2x2", "payoffs": [[[2,24],[0,0]],[[15,50],[18,52]]]},
"G522": {"type": "Matrix2x2", "payoffs": [[[9,22],[36,31]],[[0,0],[8,6]]]},
"G523": {"type": "Matrix2x2", "payoffs": [[[0,0],[29,57]],[[54,81],[31,12]]]},
"G524": {"type": "Matrix2x2", "payoffs": [[[55,39],[0,0]],[[23,24],[92,41]]]},
"G525": {"type": "Matrix2x2", "payoffs": [[[0,68],[56,5]],[[90,71],[31,0]]]},
"G526": {"type": "Matrix2x2", "payoffs": [[[58,14],[88,79]],[[0,2],[5,0]]]},
"G527": {"type": "Matrix2x2", "payoffs": [[[29,5],[67,74]],[[0,0],[20,38]]]},
"G528": {"type": "Matrix2x2", "payoffs": [[[30,15],[76,31]],[[0,26],[68,0]]]},
"G529": {"type": "Matrix2x2", "payoffs": [[[2,0],[22,42]],[[0,14],[70,43]]]},
"G530": {"type": "Matrix2x2", "payoffs": [[[0,10],[12,0]],[[8,6],[75,17]]]},
"G531": {"type": "Matrix2x2", "payoffs": [[[0,7],[55,0]],[[57,85],[53,33]]]},
"G532": {"type": "Matrix2x2", "payoffs": [[[19,0],[0,8]],[[13,46],[26,62]]]},
"G533": {"type": "Matrix2x2", "payoffs": [[[27,52],[45,98]],[[0,0],[4,70]]]},
"G534": {"type": "Matrix2x2", "payoffs": [[[5,11],[9,0]],[[0,20],[10,22]]]},
"G535": {"type": "Matrix2x2", "payoffs": [[[15,7],[42,5]],[[0,0],[48,92]]]},
"G536": {"type": "Matrix2x2", "payoffs": [[[17,24],[70,92]],[[0,80],[5,0]]]},
"G537": {"type": "Matrix2x2", "payoffs": [[[0,18],[21,55]],[[31,79],[13,0]]]},
"G538": {"type": "Matrix2x2", "payoffs": [[[94,49],[92,0]],[[0,42],[84,30]]]},
"G539": {"type": "Matrix2x2", "payoffs": [[[2,33],[0,27]],[[17,49],[6,0]]]},
"G540": {"type": "Matrix2x2", "payoffs": [[[9,24],[5,22]],[[3,0],[0,20]]]},
"G541": {"type": "Matrix2x2", "payoffs": [[[0,0],[47,42]],[[61,47],[17,25]]]},
"G542": {"type": "Matrix2x2", "payoffs": [[[58,86],[15,0]],[[0,3],[10,29]]]},
"G543": {"type": "Matrix2x2", "payoffs": [[[67,85],[41,72]],[[12,84],[0,0]]]},
"G544": {"type": "Matrix2x2", "payoffs": [[[0,0],[39,14]],[[27,10],[52,62]]]},
"G545": {"type": "Matrix2x2", "payoffs": [[[0,1],[11,0]],[[72,39],[25,13]]]},
"G546": {"type": "Matrix2x2", "payoffs": [[[54,7],[56,0]],[[90,17],[0,12]]]},
"G547": {"type": "Matrix2x2", "payoffs": [[[0,8],[76,72]],[[66,60],[4,0]]]},
"G548": {"type": "Matrix2x2", "payoffs": [[[15,2],[25,3]],[[14,1],[0,0]]]},
"G549": {"type": "Matrix2x2", "payoffs": [[[13,12],[12,2]],[[11,11],[0,0]]]},
"G550": {"type": "Matrix2x2", "payoffs": [[[28,14],[55,71]],[[0,0],[21,8]]]},
"G551": {"type": "Matrix2x2", "payoffs": [[[0,0],[5,16]],[[8,23],[12,72]]]},
"G552": {"type": "Matrix2x2", "payoffs": [[[66,2],[0,0]],[[82,30],[37,8]]]},
"G553": {"type": "Matrix2x2", "payoffs": [[[34,0],[49,68]],[[0,11],[38,57]]]},
"G554": {"type": "Matrix2x2", "payoffs": [[[85,30],[0,28]],[[38,27],[78,0]]]},
"G555": {"type": "Matrix2x2", "payoffs": [[[16,0],[15,75]],[[0,51],[49,84]]]},
"G556": {"type": "Matrix2x2", "payoffs": [[[26,17],[19,15]],[[0,0],[40,80]]]},
"G557": {"type": "Matrix2x2", "payoffs": [[[53,12],[93,80]],[[0,0],[58,63]]]},
"G558": {"type": "Matrix2x2", "payoffs": [[[61,27],[41,0]],[[0,13],[59,22]]]},
"G559": {"type": "Matrix2x2", "payoffs": [[[0,0],[6,2]],[[8,8],[9,14]]]},
"G560": {"type": "Matrix2x2", "payoffs": [[[53,88],[22,0]],[[0,19],[10,66]]]},
"G561": {"type": "Matrix2x2", "payoffs": [[[0,0],[1,25]],[[16,4],[21,59]]]},
"G562": {"type": "Matrix2x2", "payoffs": [[[51,91],[44,8]],[[0,0],[12,35]]]},
"G563": {"type": "Matrix2x2", "payoffs": [[[24,0],[74,15]],[[21,10],[0,4]]]},
"G564": {"type": "Matrix2x2", "payoffs": [[[22,9],[30,75]],[[0,0],[5,61]]]},
"G565": {"type": "Matrix2x2", "payoffs": [[[0,0],[67,44]],[[3,43],[46,30]]]},
"G566": {"type": "Matrix2x2", "payoffs": [[[17,24],[0,0]],[[14,37],[27,66]]]},
"G567": {"type": "Matrix2x2", "payoffs": [[[1,23],[2,30]],[[0,0],[3,53]]]},
"G568": {"type": "Matrix2x2", "payoffs": [[[10,20],[13,67]],[[1,0],[0,49]]]},
"G569": {"type": "Matrix2x2", "payoffs": [[[20,26],[24,4]],[[32,39],[0,0]]]},
"G570": {"type": "Matrix2x2", "payoffs": [[[85,63],[0,5]],[[15,18],[43,0]]]},
"G571": {"type": "Matrix2x2", "payoffs": [[[0,15],[7,0]],[[9,53],[10,66]]]},
"G572": {"type": "Matrix2x2", "payoffs": [[[0,12],[23,0]],[[24,18],[97,42]]]},
"G573": {"type": "Matrix2x2", "payoffs": [[[1,29],[25,99]],[[0,17],[17,0]]]},
"G574": {"type": "Matrix2x2", "payoffs": [[[5,0],[7,20]],[[10,40],[0,26]]]},
"G575": {"type": "Matrix2x2", "payoffs": [[[52,0],[0,17]],[[96,79],[36,52]]]},
"G576": {"type": "Matrix2x2", "payoffs": [[[0,0],[8,6]],[[64,49],[25,29]]]},
"G577": {"type": "Matrix2x2", "payoffs": [[[11,42],[0,0]],[[32,89],[23,53]]]},
"G578": {"type": "Matrix2x2", "payoffs": [[[61,23],[66,25]],[[0,0],[45,3]]]},
"G579": {"type": "Matrix2x2", "payoffs": [[[4,15],[7,37]],[[0,7],[5,0]]]},
"G580": {"type": "Matrix2x2", "payoffs": [[[30,39],[37,63]],[[0,0],[32,37]]]},
"G581": {"type": "Matrix2x2", "payoffs": [[[92,0],[25,8]],[[100,22],[0,6]]]},
"G582": {"type": "Matrix2x2", "payoffs": [[[0,33],[29,46]],[[71,65],[5,0]]]},
"G583": {"type": "Matrix2x2", "payoffs": [[[40,7],[2,38]],[[89,88],[0,0]]]},
"G584": {"type": "Matrix2x2", "payoffs": [[[1,0],[52,1]],[[58,37],[0,9]]]},
"G585": {"type": "Matrix2x2", "payoffs": [[[32,58],[6,34]],[[38,70],[0,0]]]},
"G586": {"type": "Matrix2x2", "payoffs": [[[50,16],[64,30]],[[0,0],[57,18]]]},
"G587": {"type": "Matrix2x2", "payoffs": [[[0,44],[3,0]],[[23,72],[20,28]]]},
"G588": {"type": "Matrix2x2", "payoffs": [[[12,48],[0,6]],[[2,21],[1,0]]]},
"G589": {"type": "Matrix2x2", "payoffs": [[[30,0],[0,32]],[[32,42],[75,86]]]},
"G590": {"type": "Matrix2x2", "payoffs": [[[16,2],[54,4]],[[7,0],[0,3]]]},
"G591": {"type": "Matrix2x2", "payoffs": [[[0,27],[15,45]],[[23,89],[10,0]]]},
"G592": {"type": "Matrix2x2", "payoffs": [[[41,28],[17,9]],[[0,3],[31,0]]]},
"G593": {"type": "Matrix2x2", "payoffs": [[[89,35],[0,25]],[[41,0],[20,31]]]},
"G594": {"type": "Matrix2x2", "payoffs": [[[3,0],[4,17]],[[0,1],[11,31]]]},
"G595": {"type": "Matrix2x2", "payoffs": [[[6,30],[0,0]],[[7,40],[24,45]]]},
"G596": {"type": "Matrix2x2", "payoffs": [[[59,79],[0,0]],[[54,69],[3,20]]]},
"G597": {"type": "Matrix2x2", "payoffs": [[[68,78],[27,46]],[[17,38],[0,0]]]},
"G598": {"type": "Matrix2x2", "payoffs": [[[11,64],[80,84]],[[0,39],[2,0]]]},
"G599": {"type": "Matrix2x2", "payoffs": [[[0,5],[11,14]],[[7,2],[6,0]]]},
"G600": {"type": "Matrix2x2", "payoffs": [[[29,51],[2,0]],[[30,63],[0,30]]]},
"G601": {"type": "Matrix2x2", "payoffs": [[[3,7],[0,5]],[[31,13],[24,0]]]},
"G602": {"type": "Matrix2x2", "payoffs": [[[10,15],[1,9]],[[0,1],[3,0]]]},
"G603": {"type": "Matrix2x2", "payoffs": [[[41,0],[0,11]],[[37,20],[62,27]]]},
"G604": {"type": "Matrix2x2", "payoffs": [[[45,88],[31,74]],[[44,0],[0,27]]]},
"G605": {"type": "Matrix2x2", "payoffs": [[[25,0],[28,65]],[[0,10],[18,32]]]},
"G606": {"type": "Matrix2x2", "payoffs": [[[72,0],[82,86]],[[0,41],[81,45]]]},
"G607": {"type": "Matrix2x2", "payoffs": [[[0,0],[6,81]],[[21,99],[17,43]]]},
"G608": {"type": "Matrix2x2", "payoffs": [[[0,43],[21,14]],[[11,0],[36,58]]]},
"G609": {"type": "Matrix2x2", "payoffs": [[[0,15],[56,0]],[[66,78],[51,32]]]},
"G610": {"type": "Matrix2x2", "payoffs": [[[26,8],[61,19]],[[0,0],[65,29]]]},
"G611": {"type": "Matrix2x2", "payoffs": [[[62,58],[0,25]],[[34,1],[1,0]]]},
"G612": {"type": "Matrix2x2", "payoffs": [[[80,100],[39,31]],[[0,26],[18,0]]]},
"G613": {"type": "Matrix2x2", "payoffs": [[[2,0],[45,5]],[[0,2],[17,1]]]},
"G614": {"type": "Matrix2x2", "payoffs": [[[78,22],[40,0]],[[65,19],[0,13]]]},
"G615": {"type": "Matrix2x2", "payoffs": [[[39,0],[0,1]],[[56,21],[29,14]]]},
"G616": {"type": "Matrix2x2", "payoffs": [[[75,64],[14,0]],[[0,1],[58,47]]]},
"G617": {"type": "Matrix2x2", "payoffs": [[[15,66],[0,15]],[[31,74],[5,0]]]},
"G618": {"type": "Matrix2x2", "payoffs": [[[5,0],[0,36]],[[3,23],[9,41]]]},
"G619": {"type": "Matrix2x2", "payoffs": [[[95,14],[78,13]],[[92,0],[0,8]]]},
"G620": {"type": "Matrix2x2", "payoffs": [[[71,93],[32,50]],[[13,5],[0,0]]]},
"G621": {"type": "Matrix2x2", "payoffs": [[[29,0],[0,19]],[[45,57],[8,22]]]},
"G622": {"type": "Matrix2x2", "payoffs": [[[58,10],[24,0]],[[60,42],[0,33]]]},
"G623": {"type": "Matrix2x2", "payoffs": [[[26,6],[31,13]],[[0,2],[18,0]]]},
"G624": {"type": "Matrix2x2", "payoffs": [[[10,81],[9,0]],[[0,33],[7,50]]]},
"G625": {"type": "Matrix2x2", "payoffs": [[[0,0],[6,30]],[[1,31],[15,77]]]},
"G626": {"type": "Matrix2x2", "payoffs": [[[5,0],[44,44]],[[0,34],[9,42]]]},
"G627": {"type": "Matrix2x2", "payoffs": [[[0,19],[19,46]],[[26,0],[84,66]]]},
"G628": {"type": "Matrix2x2", "payoffs": [[[3,0],[0,48]],[[63,52],[29,46]]]},
"G629": {"type": "Matrix2x2", "payoffs": [[[73,0],[96,63]],[[0,46],[52,33]]]},
"G630": {"type": "Matrix2x2", "payoffs": [[[0,0],[14,29]],[[3,10],[2,3]]]},
"G631": {"type": "Matrix2x2", "payoffs": [[[0,0],[42,29]],[[91,80],[33,56]]]},
"G632": {"type": "Matrix2x2", "payoffs": [[[0,0],[35,28]],[[5,24],[34,11]]]},
"G633": {"type": "Matrix2x2", "payoffs": [[[57,0],[21,17]],[[90,76],[0,4]]]},
"G634": {"type": "Matrix2x2", "payoffs": [[[5,85],[0,5]],[[4,57],[3,0]]]},
"G635": {"type": "Matrix2x2", "payoffs": [[[1,28],[2,6]],[[3,40],[0,0]]]},
"G636": {"type": "Matrix2x2", "payoffs": [[[3,34],[5,36]],[[4,0],[0,21]]]},
"G637": {"type": "Matrix2x2", "payoffs": [[[43,35],[0,0]],[[31,42],[44,95]]]},
"G638": {"type": "Matrix2x2", "payoffs": [[[33,34],[9,18]],[[0,0],[17,8]]]},
"G639": {"type": "Matrix2x2", "payoffs": [[[4,47],[0,0]],[[3,4],[1,41]]]},
"G640": {"type": "Matrix2x2", "payoffs": [[[0,0],[42,51]],[[8,48],[59,65]]]},
"G641": {"type": "Matrix2x2", "payoffs": [[[17,0],[94,65]],[[0,34],[100,72]]]},
"G642": {"type": "Matrix2x2", "payoffs": [[[21,28],[61,22]],[[69,51],[0,0]]]},
"G643": {"type": "Matrix2x2", "payoffs": [[[9,41],[0,37]],[[8,31],[7,0]]]},
"G644": {"type": "Matrix2x2", "payoffs": [[[0,12],[29,0]],[[79,32],[1,13]]]},
"G645": {"type": "Matrix2x2", "payoffs": [[[0,51],[83,0]],[[30,18],[92,53]]]},
"G646": {"type": "Matrix2x2", "payoffs": [[[0,8],[26,11]],[[2,0],[1,4]]]},
"G647": {"type": "Matrix2x2", "payoffs": [[[17,49],[26,0]],[[0,7],[48,56]]]},
"G648": {"type": "Matrix2x2", "payoffs": [[[39,7],[40,10]],[[25,1],[0,0]]]},
"G649": {"type": "Matrix2x2", "payoffs": [[[25,0],[30,2]],[[0,9],[34,34]]]},
"G650": {"type": "Matrix2x2", "payoffs": [[[21,62],[20,13]],[[17,35],[0,0]]]},
"G651": {"type": "Matrix2x2", "payoffs": [[[1,0],[0,23]],[[2,12],[8,61]]]},
"G652": {"type": "Matrix2x2", "payoffs": [[[0,36],[27,34]],[[35,84],[29,0]]]},
"G653": {"type": "Matrix2x2", "payoffs": [[[7,36],[0,0]],[[8,48],[6,29]]]},
"G654": {"type": "Matrix2x2", "payoffs": [[[23,3],[0,0]],[[25,2],[41,5]]]},
"G655": {"type": "Matrix2x2", "payoffs": [[[68,9],[61,1]],[[0,0],[81,12]]]},
"G656": {"type": "Matrix2x2", "payoffs": [[[7,0],[0,8]],[[3,9],[9,11]]]},
"G657": {"type": "Matrix2x2", "payoffs": [[[55,17],[58,33]],[[0,4],[28,0]]]},
"G658": {"type": "Matrix2x2", "payoffs": [[[0,6],[1,0]],[[27,24],[19,5]]]},
"G659": {"type": "Matrix2x2", "payoffs": [[[53,28],[0,32]],[[96,86],[90,0]]]},
"G660": {"type": "Matrix2x2", "payoffs": [[[53,27],[32,0]],[[0,13],[50,8]]]},
"G661": {"type": "Matrix2x2", "payoffs": [[[15,16],[26,32]],[[72,86],[0,0]]]},
"G662": {"type": "Matrix2x2", "payoffs": [[[0,76],[10,58]],[[12,0],[34,79]]]},
"G663": {"type": "Matrix2x2", "payoffs": [[[67,76],[0,0]],[[12,10],[47,19]]]},
"G664": {"type": "Matrix2x2", "payoffs": [[[11,1],[17,77]],[[13,14],[0,0]]]},
"G665": {"type": "Matrix2x2", "payoffs": [[[96,23],[32,2]],[[16,7],[0,0]]]},
"G666": {"type": "Matrix2x2", "payoffs": [[[52,55],[7,53]],[[41,0],[0,42]]]},
"G667": {"type": "Matrix2x2", "payoffs": [[[44,34],[0,0]],[[65,39],[18,19]]]},
"G668": {"type": "Matrix2x2", "payoffs": [[[97,24],[45,0]],[[62,11],[0,14]]]},
"G669": {"type": "Matrix2x2", "payoffs": [[[7,0],[0,5]],[[14,48],[4,2]]]},
"G670": {"type": "Matrix2x2", "payoffs": [[[38,44],[80,88]],[[47,0],[0,35]]]},
"G671": {"type": "Matrix2x2", "payoffs": [[[42,85],[18,0]],[[0,69],[7,54]]]},
"G672": {"type": "Matrix2x2", "payoffs": [[[71,8],[0,10]],[[49,0],[100,34]]]},
"G673": {"type": "Matrix2x2", "payoffs": [[[24,4],[34,35]],[[0,0],[4,29]]]},
"G674": {"type": "Matrix2x2", "payoffs": [[[68,26],[53,15]],[[0,0],[20,5]]]},
"G675": {"type": "Matrix2x2", "payoffs": [[[0,20],[26,0]],[[36,12],[39,34]]]},
"G676": {"type": "Matrix2x2", "payoffs": [[[48,4],[0,3]],[[27,0],[50,9]]]},
"G677": {"type": "Matrix2x2", "payoffs": [[[22,84],[11,0]],[[0,16],[10,45]]]},
"G678": {"type": "Matrix2x2", "payoffs": [[[9,0],[22,37]],[[0,17],[24,46]]]},
"G679": {"type": "Matrix2x2", "payoffs": [[[50,0],[79,48]],[[0,56],[90,96]]]},
"G680": {"type": "Matrix2x2", "payoffs": [[[76,41],[15,39]],[[4,21],[0,0]]]},
"G681": {"type": "Matrix2x2", "payoffs": [[[30,2],[94,10]],[[14,0],[0,8]]]},
"G682": {"type": "Matrix2x2", "payoffs": [[[97,32],[57,13]],[[0,11],[52,0]]]},
"G683": {"type": "Matrix2x2", "payoffs": [[[0,0],[60,7]],[[72,11],[67,1]]]},
"G684": {"type": "Matrix2x2", "payoffs": [[[72,20],[21,0]],[[19,2],[0,3]]]},
"G685": {"type": "Matrix2x2", "payoffs": [[[49,0],[96,7]],[[18,6],[0,5]]]},
"G686": {"type": "Matrix2x2", "payoffs": [[[29,0],[16,41]],[[0,37],[42,44]]]},
"G687": {"type": "Matrix2x2", "payoffs": [[[48,13],[7,6]],[[58,28],[0,0]]]},
"G688": {"type": "Matrix2x2", "payoffs": [[[2,0],[9,57]],[[0,27],[7,16]]]},
"G689": {"type": "Matrix2x2", "payoffs": [[[48,7],[0,0]],[[55,11],[13,5]]]},
"G690": {"type": "Matrix2x2", "payoffs": [[[42,0],[0,62]],[[79,85],[77,8]]]},
"G691": {"type": "Matrix2x2", "payoffs": [[[0,88],[1,0]],[[5,96],[3,14]]]},
"G692": {"type": "Matrix2x2", "payoffs": [[[81,33],[78,31]],[[0,19],[34,0]]]},
"G693": {"type": "Matrix2x2", "payoffs": [[[33,3],[0,2]],[[45,8],[4,0]]]},
"G694": {"type": "Matrix2x2", "payoffs": [[[0,20],[76,30]],[[73,25],[21,0]]]},
"G695": {"type": "Matrix2x2", "payoffs": [[[27,0],[34,32]],[[0,26],[52,71]]]},
"G696": {"type": "Matrix2x2", "payoffs": [[[1,0],[8,38]],[[46,96],[0,43]]]},
"G697": {"type": "Matrix2x2", "payoffs": [[[87,17],[62,6]],[[44,0],[0,15]]]},
"G698": {"type": "Matrix2x2", "payoffs": [[[27,15],[4,5]],[[0,9],[9,0]]]},
"G699": {"type": "Matrix2x2", "payoffs": [[[0,0],[24,1]],[[15,11],[51,24]]]},
"G700": {"type": "Matrix2x2", "payoffs": [[[0,9],[1,2]],[[3,33],[2,0]]]},
"G701": {"type": "Matrix2x2", "payoffs": [[[61,62],[0,10]],[[37,0],[19,54]]]},
"G702": {"type": "Matrix2x2", "payoffs": [[[49,24],[22,52]],[[88,74],[0,0]]]},
"G703": {"type": "Matrix2x2", "payoffs": [[[0,0],[38,29]],[[39,38],[18,3]]]},
"G704": {"type": "Matrix2x2", "payoffs": [[[81,16],[3,1]],[[0,0],[15,7]]]},
"G705": {"type": "Matrix2x2", "payoffs": [[[2,18],[0,12]],[[27,0],[58,56]]]},
"G706": {"type": "Matrix2x2", "payoffs": [[[0,23],[13,38]],[[1,0],[25,41]]]},
"G707": {"type": "Matrix2x2", "payoffs": [[[0,9],[46,25]],[[50,28],[23,0]]]},
"G708": {"type": "Matrix2x2", "payoffs": [[[2,4],[14,5]],[[22,7],[0,0]]]},
"G709": {"type": "Matrix2x2", "payoffs": [[[9,3],[0,2]],[[8,0],[11,96]]]},
"G710": {"type": "Matrix2x2", "payoffs": [[[13,73],[36,99]],[[0,0],[30,55]]]},
"G711": {"type": "Matrix2x2", "payoffs": [[[21,19],[0,12]],[[17,0],[14,14]]]},
"G712": {"type": "Matrix2x2", "payoffs": [[[0,0],[56,12]],[[35,4],[53,1]]]},
"G713": {"type": "Matrix2x2", "payoffs": [[[0,29],[69,39]],[[26,0],[44,30]]]},
"G714": {"type": "Matrix2x2", "payoffs": [[[13,0],[4,17]],[[0,23],[22,41]]]},
"G715": {"type": "Matrix2x2", "payoffs": [[[0,0],[17,34]],[[77,65],[20,61]]]},
"G716": {"type": "Matrix2x2", "payoffs": [[[3,4],[2,8]],[[6,11],[0,0]]]},
"G717": {"type": "Matrix2x2", "payoffs": [[[0,71],[72,0]],[[91,83],[85,55]]]},
"G718": {"type": "Matrix2x2", "payoffs": [[[74,95],[0,26]],[[2,46],[73,0]]]},
"G719": {"type": "Matrix2x2", "payoffs": [[[19,31],[30,25]],[[45,32],[0,0]]]},
"G720": {"type": "Matrix2x2", "payoffs": [[[12,3],[0,14]],[[6,0],[17,58]]]},
"G721": {"type": "Matrix2x2", "payoffs": [[[0,0],[5,32]],[[10,11],[53,38]]]},
"G722": {"type": "Matrix2x2", "payoffs": [[[0,0],[14,5]],[[22,17],[6,1]]]},
"G723": {"type": "Matrix2x2", "payoffs": [[[0,79],[49,0]],[[51,91],[10,22]]]},
"G724": {"type": "Matrix2x2", "payoffs": [[[0,73],[3,79]],[[35,94],[14,0]]]},
"G725": {"type": "Matrix2x2", "payoffs": [[[20,3],[9,0]],[[0,2],[5,1]]]},
"G726": {"type": "Matrix2x2", "payoffs": [[[35,16],[0,0]],[[24,15],[38,41]]]},
"G727": {"type": "Matrix2x2", "payoffs": [[[0,2],[25,0]],[[74,8],[20,7]]]},
"G728": {"type": "Matrix2x2", "payoffs": [[[71,8],[0,6]],[[69,0],[18,1]]]},
"G729": {"type": "Matrix2x2", "payoffs": [[[57,0],[62,17]],[[0,3],[82,18]]]},
"G730": {"type": "Matrix2x2", "payoffs": [[[19,29],[13,10]],[[0,0],[5,25]]]},
"G731": {"type": "Matrix2x2", "payoffs": [[[0,0],[4,28]],[[29,38],[30,50]]]},
"G732": {"type": "Matrix2x2", "payoffs": [[[61,0],[0,18]],[[39,12],[88,37]]]},
"G733": {"type": "Matrix2x2", "payoffs": [[[15,0],[0,33]],[[10,30],[23,41]]]},
"G734": {"type": "Matrix2x2", "payoffs": [[[18,8],[12,0]],[[43,11],[0,3]]]},
"G735": {"type": "Matrix2x2", "payoffs": [[[61,79],[17,0]],[[0,47],[7,50]]]},
"G736": {"type": "Matrix2x2", "payoffs": [[[0,0],[50,48]],[[38,41],[92,57]]]},
"G737": {"type": "Matrix2x2", "payoffs": [[[40,79],[0,5]],[[30,0],[94,80]]]},
"G738": {"type": "Matrix2x2", "payoffs": [[[21,24],[9,23]],[[0,0],[32,31]]]},
"G739": {"type": "Matrix2x2", "payoffs": [[[0,0],[1,48]],[[7,72],[4,63]]]},
"G740": {"type": "Matrix2x2", "payoffs": [[[27,61],[0,0]],[[18,9],[26,29]]]},
"G741": {"type": "Matrix2x2", "payoffs": [[[57,46],[0,0]],[[40,74],[67,77]]]},
"G742": {"type": "Matrix2x2", "payoffs": [[[0,16],[19,0]],[[71,54],[39,29]]]},
"G743": {"type": "Matrix2x2", "payoffs": [[[43,0],[0,51]],[[75,57],[44,29]]]},
"G744": {"type": "Matrix2x2", "payoffs": [[[15,88],[0,0]],[[11,46],[14,87]]]},
"G745": {"type": "Matrix2x2", "payoffs": [[[0,0],[27,98]],[[8,60],[22,90]]]},
"G746": {"type": "Matrix2x2", "payoffs": [[[0,2],[7,16]],[[13,44],[4,0]]]},
"G747": {"type": "Matrix2x2", "payoffs": [[[35,52],[14,39]],[[0,47],[33,0]]]},
"G748": {"type": "Matrix2x2", "payoffs": [[[5,38],[4,13]],[[3,0],[0,35]]]},
"G749": {"type": "Matrix2x2", "payoffs": [[[1,0],[0,45]],[[69,31],[73,53]]]},
"G750": {"type": "Matrix2x2", "payoffs": [[[59,1],[99,86]],[[0,0],[56,77]]]},
"G751": {"type": "Matrix2x2", "payoffs": [[[57,0],[97,41]],[[0,14],[93,5]]]},
"G752": {"type": "Matrix2x2", "payoffs": [[[35,0],[63,88]],[[56,13],[0,27]]]},
"G753": {"type": "Matrix2x2", "payoffs": [[[3,0],[4,16]],[[0,13],[1,2]]]},
"G754": {"type": "Matrix2x2", "payoffs": [[[15,78],[2,68]],[[0,24],[10,0]]]},
"G755": {"type": "Matrix2x2", "payoffs": [[[11,40],[22,50]],[[0,0],[59,71]]]},
"G756": {"type": "Matrix2x2", "payoffs": [[[0,28],[5,23]],[[21,31],[2,0]]]},
"G757": {"type": "Matrix2x2", "payoffs": [[[0,0],[20,1]],[[12,57],[34,88]]]},
"G758": {"type": "Matrix2x2", "payoffs": [[[4,31],[0,30]],[[8,0],[64,51]]]},
"G759": {"type": "Matrix2x2", "payoffs": [[[32,16],[25,0]],[[21,12],[0,1]]]},
"G760": {"type": "Matrix2x2", "payoffs": [[[0,20],[71,67]],[[68,32],[17,0]]]},
"G761": {"type": "Matrix2x2", "payoffs": [[[0,17],[9,0]],[[16,19],[12,15]]]},
"G762": {"type": "Matrix2x2", "payoffs": [[[14,4],[0,2]],[[12,0],[27,5]]]},
"G763": {"type": "Matrix2x2", "payoffs": [[[68,38],[0,16]],[[59,0],[5,29]]]},
"G764": {"type": "Matrix2x2", "payoffs": [[[0,43],[19,55]],[[11,54],[13,0]]]},
"G765": {"type": "Matrix2x2", "payoffs": [[[14,48],[0,0]],[[24,65],[21,34]]]},
"G766": {"type": "Matrix2x2", "payoffs": [[[86,78],[0,70]],[[83,46],[65,0]]]},
"G767": {"type": "Matrix2x2", "payoffs": [[[66,0],[0,9]],[[80,13],[75,2]]]},
"G768": {"type": "Matrix2x2", "payoffs": [[[1,0],[0,8]],[[2,71],[3,96]]]},
"G769": {"type": "Matrix2x2", "payoffs": [[[21,30],[4,12]],[[24,44],[0,0]]]},
"G770": {"type": "Matrix2x2", "payoffs": [[[61,23],[0,9]],[[11,8],[8,0]]]},
"G771": {"type": "Matrix2x2", "payoffs": [[[54,63],[38,14]],[[16,49],[0,0]]]},
"G772": {"type": "Matrix2x2", "payoffs": [[[0,0],[34,29]],[[66,30],[60,21]]]},
"G773": {"type": "Matrix2x2", "payoffs": [[[21,61],[6,42]],[[0,0],[14,12]]]},
"G774": {"type": "Matrix2x2", "payoffs": [[[28,30],[0,9]],[[44,0],[55,52]]]},
"G775": {"type": "Matrix2x2", "payoffs": [[[19,9],[0,3]],[[22,19],[11,0]]]},
"G776": {"type": "Matrix2x2", "payoffs": [[[50,24],[41,0]],[[52,64],[0,14]]]},
"G777": {"type": "Matrix2x2", "payoffs": [[[28,0],[6,14]],[[38,18],[0,16]]]},
"G778": {"type": "Matrix2x2", "payoffs": [[[56,0],[100,5]],[[57,1],[0,3]]]},
"G779": {"type": "Matrix2x2", "payoffs": [[[7,4],[16,24]],[[0,0],[62,60]]]},
"G780": {"type": "Matrix2x2", "payoffs": [[[1,0],[7,12]],[[0,3],[28,36]]]},
"G781": {"type": "Matrix2x2", "payoffs": [[[12,27],[0,12]],[[28,35],[23,0]]]},
"G782": {"type": "Matrix2x2", "payoffs": [[[0,14],[38,0]],[[95,48],[85,23]]]},
"G783": {"type": "Matrix2x2", "payoffs": [[[31,41],[3,0]],[[66,85],[0,58]]]},
"G784": {"type": "Matrix2x2", "payoffs": [[[48,78],[20,52]],[[30,0],[0,2]]]},
"G785": {"type": "Matrix2x2", "payoffs": [[[3,0],[77,15]],[[0,13],[20,2]]]},
"G786": {"type": "Matrix2x2", "payoffs": [[[0,0],[31,19]],[[43,34],[9,17]]]},
"G787": {"type": "Matrix2x2", "payoffs": [[[57,11],[0,40]],[[79,55],[61,0]]]},
"G788": {"type": "Matrix2x2", "payoffs": [[[3,0],[51,64]],[[5,19],[0,47]]]},
"G789": {"type": "Matrix2x2", "payoffs": [[[13,18],[2,40]],[[32,82],[0,0]]]},
"G790": {"type": "Matrix2x2", "payoffs": [[[46,0],[59,2]],[[66,9],[0,4]]]},
"G791": {"type": "Matrix2x2", "payoffs": [[[3,10],[0,0]],[[8,62],[6,61]]]},
"G792": {"type": "Matrix2x2", "payoffs": [[[38,58],[9,8]],[[0,39],[6,0]]]},
"G793": {"type": "Matrix2x2", "payoffs": [[[31,43],[82,50]],[[91,99],[0,0]]]},
"G794": {"type": "Matrix2x2", "payoffs": [[[4,1],[0,8]],[[19,16],[8,0]]]},
"G795": {"type": "Matrix2x2", "payoffs": [[[72,0],[0,28]],[[68,8],[85,29]]]},
"G796": {"type": "Matrix2x2", "payoffs": [[[55,40],[1,20]],[[0,38],[3,0]]]},
"G797": {"type": "Matrix2x2", "payoffs": [[[15,0],[27,55]],[[14,15],[0,7]]]},
"G798": {"type": "Matrix2x2", "payoffs": [[[18,0],[21,25]],[[23,73],[0,10]]]},
"G799": {"type": "Matrix2x2", "payoffs": [[[2,0],[0,51]],[[13,67],[10,10]]]},
"G800": {"type": "Matrix2x2", "payoffs": [[[24,36],[6,31]],[[3,13],[0,0]]]},
"G801": {"type": "Matrix2x2", "payoffs": [[[0,60],[37,0]],[[48,24],[50,72]]]},
"G802": {"type": "Matrix2x2", "payoffs": [[[56,34],[23,72]],[[0,0],[80,82]]]},
"G803": {"type": "Matrix2x2", "payoffs": [[[14,33],[45,67]],[[3,3],[0,0]]]},
"G804": {"type": "Matrix2x2", "payoffs": [[[5,26],[4,18]],[[0,0],[6,31]]]},
"G805": {"type": "Matrix2x2", "payoffs": [[[14,0],[18,95]],[[0,47],[13,53]]]},
"G806": {"type": "Matrix2x2", "payoffs": [[[0,0],[57,88]],[[8,46],[4,74]]]},
"G807": {"type": "Matrix2x2", "payoffs": [[[2,0],[0,10]],[[55,49],[80,63]]]},
"G808": {"type": "Matrix2x2", "payoffs": [[[0,0],[9,5]],[[19,31],[6,20]]]},
"G809": {"type": "Matrix2x2", "payoffs": [[[28,29],[36,96]],[[0,0],[12,90]]]},
"G810": {"type": "Matrix2x2", "payoffs": [[[65,46],[0,23]],[[95,97],[80,0]]]},
"G811": {"type": "Matrix2x2", "payoffs": [[[46,0],[0,46]],[[36,7],[71,53]]]},
"G812": {"type": "Matrix2x2", "payoffs": [[[51,90],[30,88]],[[0,0],[26,28]]]},
"G813": {"type": "Matrix2x2", "payoffs": [[[13,2],[34,5]],[[0,0],[28,3]]]},
"G814": {"type": "Matrix2x2", "payoffs": [[[49,24],[0,9]],[[33,0],[37,16]]]},
"G815": {"type": "Matrix2x2", "payoffs": [[[31,2],[16,0]],[[0,40],[77,97]]]},
"G816": {"type": "Matrix2x2", "payoffs": [[[0,2],[3,0]],[[7,10],[6,4]]]},
"G817": {"type": "Matrix2x2", "payoffs": [[[76,24],[8,9]],[[0,13],[4,0]]]},
"G818": {"type": "Matrix2x2", "payoffs": [[[29,43],[8,17]],[[0,0],[28,35]]]},
"G819": {"type": "Matrix2x2", "payoffs": [[[0,0],[5,26]],[[2,14],[1,16]]]},
"G820": {"type": "Matrix2x2", "payoffs": [[[0,0],[7,36]],[[6,13],[3,31]]]},
"G821": {"type": "Matrix2x2", "payoffs": [[[87,54],[70,32]],[[0,41],[42,0]]]},
"G822": {"type": "Matrix2x2", "payoffs": [[[1,0],[0,38]],[[50,3],[58,54]]]},
"G823": {"type": "Matrix2x2", "payoffs": [[[0,35],[83,37]],[[51,0],[69,34]]]},
"G824": {"type": "Matrix2x2", "payoffs": [[[0,0],[16,9]],[[46,24],[94,50]]]},
"G825": {"type": "Matrix2x2", "payoffs": [[[58,29],[63,0]],[[0,51],[91,91]]]},
"G826": {"type": "Matrix2x2", "payoffs": [[[73,9],[58,27]],[[0,0],[95,29]]]},
"G827": {"type": "Matrix2x2", "payoffs": [[[95,41],[5,29]],[[0,38],[36,0]]]},
"G828": {"type": "Matrix2x2", "payoffs": [[[36,25],[12,18]],[[17,22],[0,0]]]},
"G829": {"type": "Matrix2x2", "payoffs": [[[0,21],[12,38]],[[15,82],[6,0]]]},
"G830": {"type": "Matrix2x2", "payoffs": [[[49,84],[13,0]],[[19,15],[0,26]]]},
"G831": {"type": "Matrix2x2", "payoffs": [[[86,49],[55,34]],[[0,0],[24,21]]]},
"G832": {"type": "Matrix2x2", "payoffs": [[[3,86],[0,9]],[[2,27],[1,0]]]},
"G833": {"type": "Matrix2x2", "payoffs": [[[80,3],[0,21]],[[20,0],[94,27]]]},
"G834": {"type": "Matrix2x2", "payoffs": [[[8,0],[7,15]],[[0,23],[10,61]]]},
"G835": {"type": "Matrix2x2", "payoffs": [[[26,64],[16,50]],[[0,0],[25,30]]]},
"G836": {"type": "Matrix2x2", "payoffs": [[[32,42],[73,0]],[[0,34],[87,52]]]},
"G837": {"type": "Matrix2x2", "payoffs": [[[73,0],[80,31]],[[3,16],[0,28]]]},
"G838": {"type": "Matrix2x2", "payoffs": [[[2,8],[51,16]],[[0,0],[23,5]]]},
"G839": {"type": "Matrix2x2", "payoffs": [[[33,39],[88,44]],[[18,0],[0,1]]]},
"G840": {"type": "Matrix2x2", "payoffs": [[[0,0],[17,15]],[[30,18],[2,1]]]},
"G841": {"type": "Matrix2x2", "payoffs": [[[48,30],[0,54]],[[64,92],[54,0]]]},
"G842": {"type": "Matrix2x2", "payoffs": [[[55,59],[2,0]],[[0,49],[1,48]]]},
"G843": {"type": "Matrix2x2", "payoffs": [[[0,21],[18,32]],[[16,0],[1,13]]]},
"G844": {"type": "Matrix2x2", "payoffs": [[[73,0],[30,49]],[[0,30],[82,93]]]},
"G845": {"type": "Matrix2x2", "payoffs": [[[9,3],[0,0]],[[13,71],[21,99]]]},
"G846": {"type": "Matrix2x2", "payoffs": [[[71,19],[0,35]],[[35,0],[92,37]]]},
"G847": {"type": "Matrix2x2", "payoffs": [[[42,22],[0,0]],[[46,72],[40,67]]]},
"G848": {"type": "Matrix2x2", "payoffs": [[[26,89],[0,49]],[[2,45],[24,0]]]},
"G849": {"type": "Matrix2x2", "payoffs": [[[31,40],[38,69]],[[0,59],[22,0]]]},
"G850": {"type": "Matrix2x2", "payoffs": [[[45,9],[13,4]],[[0,8],[12,0]]]},
"G851": {"type": "Matrix2x2", "payoffs": [[[2,2],[5,3]],[[0,0],[1,1]]]},
"G852": {"type": "Matrix2x2", "payoffs": [[[47,0],[0,56]],[[1,18],[50,96]]]},
"G853": {"type": "Matrix2x2", "payoffs": [[[1,16],[62,0]],[[0,11],[99,54]]]},
"G854": {"type": "Matrix2x2", "payoffs": [[[2,0],[1,76]],[[0,57],[3,98]]]},
"G855": {"type": "Matrix2x2", "payoffs": [[[38,43],[46,88]],[[0,22],[23,0]]]},
"G856": {"type": "Matrix2x2", "payoffs": [[[87,72],[0,14]],[[22,28],[53,0]]]},
"G857": {"type": "Matrix2x2", "payoffs": [[[35,0],[25,2]],[[0,1],[46,3]]]},
"G858": {"type": "Matrix2x2", "payoffs": [[[55,7],[0,8]],[[51,0],[63,22]]]},
"G859": {"type": "Matrix2x2", "payoffs": [[[20,9],[1,0]],[[3,6],[0,8]]]},
"G860": {"type": "Matrix2x2", "payoffs": [[[38,1],[2,3]],[[55,6],[0,0]]]},
"G861": {"type": "Matrix2x2", "payoffs": [[[45,48],[8,39]],[[0,0],[27,41]]]},
"G862": {"type": "Matrix2x2", "payoffs": [[[0,17],[23,9]],[[76,0],[81,20]]]},
"G863": {"type": "Matrix2x2", "payoffs": [[[22,24],[38,38]],[[0,0],[67,47]]]},
"G864": {"type": "Matrix2x2", "payoffs": [[[0,30],[32,90]],[[23,42],[3,0]]]},
"G865": {"type": "Matrix2x2", "payoffs": [[[11,0],[0,4]],[[40,23],[38,6]]]},
"G866": {"type": "Matrix2x2", "payoffs": [[[40,0],[48,6]],[[0,1],[75,10]]]},
"G867": {"type": "Matrix2x2", "payoffs": [[[9,25],[0,10]],[[7,20],[1,0]]]},
"G868": {"type": "Matrix2x2", "payoffs": [[[47,53],[37,0]],[[0,25],[29,47]]]},
"G869": {"type": "Matrix2x2", "payoffs": [[[0,48],[18,0]],[[42,79],[14,9]]]},
"G870": {"type": "Matrix2x2", "payoffs": [[[0,0],[80,16]],[[82,19],[81,5]]]},
"G871": {"type": "Matrix2x2", "payoffs": [[[0,4],[34,0]],[[98,46],[26,34]]]},
"G872": {"type": "Matrix2x2", "payoffs": [[[85,19],[90,49]],[[28,0],[0,26]]]},
"G873": {"type": "Matrix2x2", "payoffs": [[[53,64],[30,60]],[[0,0],[1,37]]]},
"G874": {"type": "Matrix2x2", "payoffs": [[[0,17],[18,0]],[[46,83],[15,6]]]},
"G875": {"type": "Matrix2x2", "payoffs": [[[81,70],[15,0]],[[49,27],[0,68]]]},
"G876": {"type": "Matrix2x2", "payoffs": [[[13,26],[20,30]],[[0,0],[3,25]]]},
"G877": {"type": "Matrix2x2", "payoffs": [[[72,35],[63,52]],[[0,0],[83,56]]]},
"G878": {"type": "Matrix2x2", "payoffs": [[[25,20],[35,0]],[[78,72],[0,58]]]},
"G879": {"type": "Matrix2x2", "payoffs": [[[50,96],[0,11]],[[24,0],[11,14]]]},
"G880": {"type": "Matrix2x2", "payoffs": [[[5,20],[6,22]],[[0,0],[3,8]]]},
"G881": {"type": "Matrix2x2", "payoffs": [[[23,9],[75,89]],[[0,87],[41,0]]]},
"G882": {"type": "Matrix2x2", "payoffs": [[[0,56],[95,29]],[[60,0],[98,63]]]},
"G883": {"type": "Matrix2x2", "payoffs": [[[43,17],[0,0]],[[71,21],[52,13]]]},
"G884": {"type": "Matrix2x2", "payoffs": [[[14,93],[12,80]],[[3,25],[0,0]]]},
"G885": {"type": "Matrix2x2", "payoffs": [[[2,10],[9,0]],[[16,59],[0,46]]]},
"G886": {"type": "Matrix2x2", "payoffs": [[[40,0],[58,48]],[[85,95],[0,38]]]},
"G887": {"type": "Matrix2x2", "payoffs": [[[91,72],[84,0]],[[0,69],[43,24]]]},
"G888": {"type": "Matrix2x2", "payoffs": [[[51,0],[56,8]],[[52,2],[0,5]]]},
"G889": {"type": "Matrix2x2", "payoffs": [[[78,3],[45,2]],[[0,1],[22,0]]]},
"G890": {"type": "Matrix2x2", "payoffs": [[[87,92],[66,37]],[[0,0],[52,53]]]},
"G891": {"type": "Matrix2x2", "payoffs": [[[27,0],[23,43]],[[45,53],[0,35]]]},
"G892": {"type": "Matrix2x2", "payoffs": [[[0,0],[14,1]],[[5,4],[20,5]]]},
"G893": {"type": "Matrix2x2", "payoffs": [[[15,35],[0,23]],[[35,49],[22,0]]]},
"G894": {"type": "Matrix2x2", "payoffs": [[[0,10],[25,95]],[[20,0],[4,40]]]},
"G895": {"type": "Matrix2x2", "payoffs": [[[0,0],[65,86]],[[22,32],[39,19]]]},
"G896": {"type": "Matrix2x2", "payoffs": [[[11,1],[12,3]],[[9,0],[0,2]]]},
"G897": {"type": "Matrix2x2", "payoffs": [[[51,47],[28,5]],[[0,44],[44,0]]]},
"G898": {"type": "Matrix2x2", "payoffs": [[[33,0],[7,53]],[[50,85],[0,74]]]},
"G899": {"type": "Matrix2x2", "payoffs": [[[46,49],[14,0]],[[0,35],[41,39]]]},
"G900": {"type": "Matrix2x2", "payoffs": [[[0,0],[19,11]],[[18,9],[15,4]]]},
"G901": {"type": "Matrix2x2", "payoffs": [[[83,23],[0,0]],[[90,70],[50,37]]]},
"G902": {"type": "Matrix2x2", "payoffs": [[[1,4],[0,6]],[[5,8],[3,0]]]},
"G903": {"type": "Matrix2x2", "payoffs": [[[28,0],[78,36]],[[54,20],[0,34]]]},
"G904": {"type": "Matrix2x2", "payoffs": [[[19,0],[44,54]],[[0,41],[5,16]]]},
"G905": {"type": "Matrix2x2", "payoffs": [[[0,52],[15,15]],[[28,76],[6,0]]]},
"G906": {"type": "Matrix2x2", "payoffs": [[[28,73],[0,0]],[[36,21],[75,77]]]},
"G907": {"type": "Matrix2x2", "payoffs": [[[2,1],[73,24]],[[0,0],[46,21]]]},
"G908": {"type": "Matrix2x2", "payoffs": [[[58,0],[73,2]],[[97,54],[0,49]]]},
"G909": {"type": "Matrix2x2", "payoffs": [[[0,0],[8,18]],[[74,38],[90,83]]]},
"G910": {"type": "Matrix2x2", "payoffs": [[[37,0],[0,36]],[[40,17],[54,75]]]},
"G911": {"type": "Matrix2x2", "payoffs": [[[27,96],[23,0]],[[17,11],[0,80]]]},
"G912": {"type": "Matrix2x2", "payoffs": [[[10,64],[0,0]],[[7,9],[1,54]]]},
"G913": {"type": "Matrix2x2", "payoffs": [[[47,0],[0,17]],[[70,28],[57,9]]]},
"G914": {"type": "Matrix2x2", "payoffs": [[[35,27],[0,30]],[[65,64],[48,0]]]},
"G915": {"type": "Matrix2x2", "payoffs": [[[0,0],[16,7]],[[17,23],[33,29]]]},
"G916": {"type": "Matrix2x2", "payoffs": [[[0,17],[13,0]],[[16,10],[17,47]]]},
"G917": {"type": "Matrix2x2", "payoffs": [[[64,7],[22,6]],[[44,0],[0,4]]]},
"G918": {"type": "Matrix2x2", "payoffs": [[[0,47],[32,78]],[[26,0],[12,58]]]},
"G919": {"type": "Matrix2x2", "payoffs": [[[0,68],[27,22]],[[16,0],[39,80]]]},
"G920": {"type": "Matrix2x2", "payoffs": [[[1,50],[12,0]],[[17,84],[0,6]]]},
"G921": {"type": "Matrix2x2", "payoffs": [[[53,5],[92,28]],[[67,0],[0,23]]]},
"G922": {"type": "Matrix2x2", "payoffs": [[[53,31],[79,55]],[[0,38],[49,0]]]},
"G923": {"type": "Matrix2x2", "payoffs": [[[0,6],[14,33]],[[2,30],[1,0]]]},
"G924": {"type": "Matrix2x2", "payoffs": [[[0,5],[11,1]],[[17,0],[31,20]]]},
"G925": {"type": "Matrix2x2", "payoffs": [[[4,0],[66,73]],[[0,49],[9,57]]]},
"G926": {"type": "Matrix2x2", "payoffs": [[[11,50],[1,77]],[[0,0],[12,83]]]},
"G927": {"type": "Matrix2x2", "payoffs": [[[76,11],[22,5]],[[0,0],[95,21]]]},
"G928": {"type": "Matrix2x2", "payoffs": [[[8,91],[7,22]],[[0,0],[28,97]]]},
"G929": {"type": "Matrix2x2", "payoffs": [[[0,29],[41,4]],[[94,42],[88,0]]]},
"G930": {"type": "Matrix2x2", "payoffs": [[[41,1],[0,0]],[[66,16],[12,6]]]},
"G931": {"type": "Matrix2x2", "payoffs": [[[61,3],[71,8]],[[0,0],[15,5]]]},
"G932": {"type": "Matrix2x2", "payoffs": [[[69,39],[0,12]],[[12,0],[5,31]]]},
"G933": {"type": "Matrix2x2", "payoffs": [[[0,2],[29,0]],[[50,3],[13,1]]]},
"G934": {"type": "Matrix2x2", "payoffs": [[[63,91],[57,57]],[[0,0],[16,30]]]},
"G935": {"type": "Matrix2x2", "payoffs": [[[1,25],[0,5]],[[5,0],[22,60]]]},
"G936": {"type": "Matrix2x2", "payoffs": [[[7,8],[29,31]],[[0,0],[19,3]]]},
"G937": {"type": "Matrix2x2", "payoffs": [[[33,8],[100,43]],[[18,1],[0,0]]]},
"G938": {"type": "Matrix2x2", "payoffs": [[[55,14],[93,48]],[[49,0],[0,1]]]},
"G939": {"type": "Matrix2x2", "payoffs": [[[24,13],[41,30]],[[10,0],[0,26]]]},
"G940": {"type": "Matrix2x2", "payoffs": [[[3,66],[8,70]],[[13,98],[0,0]]]},
"G941": {"type": "Matrix2x2", "payoffs": [[[0,0],[2,1]],[[13,2],[15,3]]]},
"G942": {"type": "Matrix2x2", "payoffs": [[[0,7],[8,33]],[[14,0],[16,35]]]},
"G943": {"type": "Matrix2x2", "payoffs": [[[43,39],[51,53]],[[48,0],[0,10]]]},
"G944": {"type": "Matrix2x2", "payoffs": [[[83,97],[8,0]],[[0,22],[54,81]]]},
"G945": {"type": "Matrix2x2", "payoffs": [[[20,46],[64,81]],[[38,0],[0,61]]]},
"G946": {"type": "Matrix2x2", "payoffs": [[[0,0],[16,11]],[[15,55],[26,73]]]},
"G947": {"type": "Matrix2x2", "payoffs": [[[49,16],[19,0]],[[0,17],[95,35]]]},
"G948": {"type": "Matrix2x2", "payoffs": [[[16,18],[0,35]],[[3,0],[20,57]]]},
"G949": {"type": "Matrix2x2", "payoffs": [[[6,0],[56,81]],[[46,57],[0,10]]]},
"G950": {"type": "Matrix2x2", "payoffs": [[[36,93],[24,91]],[[32,0],[0,10]]]},
"G951": {"type": "Matrix2x2", "payoffs": [[[0,28],[3,0]],[[1,1],[4,47]]]},
"G952": {"type": "Matrix2x2", "payoffs": [[[81,52],[0,23]],[[66,0],[17,50]]]},
"G953": {"type": "Matrix2x2", "payoffs": [[[37,56],[23,21]],[[14,44],[0,0]]]},
"G954": {"type": "Matrix2x2", "payoffs": [[[0,21],[87,43]],[[8,7],[48,0]]]},
"G955": {"type": "Matrix2x2", "payoffs": [[[3,17],[10,16]],[[0,0],[18,29]]]},
"G956": {"type": "Matrix2x2", "payoffs": [[[15,0],[0,11]],[[24,17],[52,92]]]},
"G957": {"type": "Matrix2x2", "payoffs": [[[0,1],[13,0]],[[56,23],[17,2]]]},
"G958": {"type": "Matrix2x2", "payoffs": [[[24,4],[0,0]],[[22,70],[56,78]]]},
"G959": {"type": "Matrix2x2", "payoffs": [[[3,53],[2,41]],[[1,4],[0,0]]]},
"G960": {"type": "Matrix2x2", "payoffs": [[[33,6],[39,0]],[[0,54],[93,85]]]},
"G961": {"type": "Matrix2x2", "payoffs": [[[43,18],[3,10]],[[16,11],[0,0]]]},
"G962": {"type": "Matrix2x2", "payoffs": [[[59,0],[73,29]],[[0,16],[72,19]]]},
"G963": {"type": "Matrix2x2", "payoffs": [[[0,20],[69,71]],[[53,19],[15,0]]]},
"G964": {"type": "Matrix2x2", "payoffs": [[[0,11],[13,0]],[[16,77],[1,29]]]},
"G965": {"type": "Matrix2x2", "payoffs": [[[0,19],[64,21]],[[81,0],[95,94]]]},
"G966": {"type": "Matrix2x2", "payoffs": [[[33,0],[55,70]],[[0,31],[30,56]]]},
"G967": {"type": "Matrix2x2", "payoffs": [[[4,0],[0,6]],[[24,21],[23,2]]]},
"G968": {"type": "Matrix2x2", "payoffs": [[[0,2],[17,20]],[[21,24],[1,0]]]},
"G969": {"type": "Matrix2x2", "payoffs": [[[18,40],[84,60]],[[0,0],[44,21]]]},
"G970": {"type": "Matrix2x2", "payoffs": [[[12,0],[65,50]],[[53,38],[0,1]]]},
"G971": {"type": "Matrix2x2", "payoffs": [[[15,37],[0,11]],[[19,75],[10,0]]]},
"G972": {"type": "Matrix2x2", "payoffs": [[[11,5],[27,15]],[[21,1],[0,0]]]},
"G973": {"type": "Matrix2x2", "payoffs": [[[58,81],[0,0]],[[38,58],[23,13]]]},
"G974": {"type": "Matrix2x2", "payoffs": [[[0,0],[45,53]],[[82,56],[77,18]]]},
"G975": {"type": "Matrix2x2", "payoffs": [[[15,1],[35,86]],[[6,40],[0,0]]]},
"G976": {"type": "Matrix2x2", "payoffs": [[[37,29],[0,0]],[[39,82],[16,2]]]},
"G977": {"type": "Matrix2x2", "payoffs": [[[96,93],[76,57]],[[52,0],[0,77]]]},
"G978": {"type": "Matrix2x2", "payoffs": [[[44,78],[0,66]],[[24,0],[25,6]]]},
"G979": {"type": "Matrix2x2", "payoffs": [[[82,1],[75,2]],[[99,4],[0,0]]]},
"G980": {"type": "Matrix2x2", "payoffs": [[[94,20],[96,81]],[[0,0],[83,5]]]},
"G981": {"type": "Matrix2x2", "payoffs": [[[24,3],[78,23]],[[0,16],[15,0]]]},
"G982": {"type": "Matrix2x2", "payoffs": [[[16,32],[74,34]],[[0,0],[67,7]]]},
"G983": {"type": "Matrix2x2", "payoffs": [[[36,34],[23,0]],[[62,47],[0,4]]]},
"G984": {"type": "Matrix2x2", "payoffs": [[[46,56],[43,0]],[[10,48],[0,1]]]},
"G985": {"type": "Matrix2x2", "payoffs": [[[5,67],[0,0]],[[19,78],[11,40]]]},
"G986": {"type": "Matrix2x2", "payoffs": [[[27,9],[0,0]],[[82,33],[31,15]]]},
"G987": {"type": "Matrix2x2", "payoffs": [[[0,27],[24,19]],[[28,0],[35,96]]]},
"G988": {"type": "Matrix2x2", "payoffs": [[[0,6],[74,32]],[[39,0],[4,29]]]},
"G989": {"type": "Matrix2x2", "payoffs": [[[41,38],[34,0]],[[31,3],[0,36]]]},
"G990": {"type": "Matrix2x2", "payoffs": [[[13,0],[35,68]],[[39,88],[0,59]]]},
"G991": {"type": "Matrix2x2", "payoffs": [[[51,13],[0,6]],[[9,0],[38,3]]]},
"G992": {"type": "Matrix2x2", "payoffs": [[[60,10],[33,0]],[[0,1],[91,11]]]},
"G993": {"type": "Matrix2x2", "payoffs": [[[11,6],[5,3]],[[2,2],[0,0]]]},
"G994": {"type": "Matrix2x2", "payoffs": [[[0,0],[11,4]],[[30,15],[28,10]]]},
"G995": {"type": "Matrix2x2", "payoffs": [[[4,3],[1,0]],[[0,1],[3,2]]]},
"G996": {"type": "Matrix2x2", "payoffs": [[[0,23],[72,87]],[[15,0],[65,49]]]},
"G997": {"type": "Matrix2x2", "payoffs": [[[29,32],[1,26]],[[0,0],[4,23]]]},
"G998": {"type": "Matrix2x2", "payoffs": [[[13,0],[15,12]],[[8,11],[0,6]]]},
"G999": {"type": "Matrix2x2", "payoffs": [[[0,3],[35,1]],[[22,0],[44,9]]]},
"G1000": {"type": "Matrix2x2", "payoffs": [[[54,0],[0,33]],[[58,28],[61,49]]]}
}