{
"numGames": 100,
"G1": {"type": "Matrix2x2", "payoffs": [[[15,22],[29,0]],[[0,46],[62,99]]]},
"G2": {"type": "Matrix2x2", "payoffs": [[[45,76],[1,0]],[[0,27],[54,84]]]},
"G3": {"type": "Matrix2x2", "payoffs": [[[23,88],[2,14]],[[22,0],[0,7]]]},
"G4": {"type": "Matrix2x2", "payoffs": [[[0,12],[35,19]],[[70,25],[59,0]]]},
"G5": {"type": "Matrix2x2", "payoffs": [[[0,1],[16,58]],[[29,0],[99,65]]]},
"G6": {"type": "Matrix2x2", "payoffs": [[[36,49],[10,0]],[[13,17],[0,23]]]},
"G7": {"type": "Matrix2x2", "payoffs": [[[13,0],[17,12]],[[24,44],[0,36]]]},
"G8": {"type": "Matrix2x2", "payoffs": [[[7,0],[5,1]],[[14,22],[0,15]]]},
"G9": {"type": "Matrix2x2", "payoffs": [[[26,17],[27,45]],[[0,0],[13,13]]]},
"G10": {"type": "Matrix2x2", "payoffs": [[[6,0],[5,14]],[[0,27],[7,36]]]},
"G11": {"type": "Matrix2x2", "payoffs": [[[24,5],[50,19]],[[19,0],[0,15]]]},
"G12": {"type": "Matrix2x2", "payoffs": [[[0,0],[26,56]],[[55,21],[71,92]]]},
"G13": {"type": "Matrix2x2", "payoffs": [[[42,45],[0,0]],[[30,16],[38,10]]]},
"G14": {"type": "Matrix2x2", "payoffs": [[[100,6],[60,1]],[[0,2],[95,0]]]},
"G15": {"type": "Matrix2x2", "payoffs": [[[4,7],[2,4]],[[1,5],[0,0]]]},
"G16": {"type": "Matrix2x2", "payoffs": [[[11,23],[12,62]],[[0,0],[9,6]]]},
"G17": {"type": "Matrix2x2", "payoffs": [[[19,19],[35,20]],[[74,33],[0,0]]]},
"G18": {"type": "Matrix2x2", "payoffs": [[[6,89],[5,0]],[[0,13],[3,59]]]},
"G19": {"type": "Matrix2x2", "payoffs": [[[12,0],[9,23]],[[61,94],[0,11]]]},
"G20": {"type": "Matrix2x2", "payoffs": [[[0,20],[7,60]],[[1,0],[13,79]]]},
"G21": {"type": "Matrix2x2", "payoffs": [[[23,6],[15,0]],[[0,30],[59,43]]]},
"G22": {"type": "Matrix2x2", "payoffs": [[[50,4],[51,74]],[[45,34],[0,0]]]},
"G23": {"type": "Matrix2x2", "payoffs": [[[48,0],[41,7]],[[55,35],[0,14]]]},
"G24": {"type": "Matrix2x2", "payoffs": [[[29,46],[0,37]],[[18,2],[28,0]]]},
"G25": {"type": "Matrix2x2", "payoffs": [[[0,0],[7,18]],[[37,76],[67,95]]]},
"G26": {"type": "Matrix2x2", "payoffs": [[[0,0],[22,51]],[[10,15],[34,56]]]},
"G27": {"type": "Matrix2x2", "payoffs": [[[19,35],[4,27]],[[10,0],[0,24]]]},
"G28": {"type": "Matrix2x2", "payoffs": [[[0,11],[62,20]],[[40,0],[77,53]]]},
"G29": {"type": "Matrix2x2", "payoffs": [[[16,21],[34,87]],[[0,0],[24,61]]]},
"G30": {"type": "Matrix2x2", "payoffs": [[[0,59],[29,3]],[[55,69],[1,0]]]},
"G31": {"type": "Matrix2x2", "payoffs": [[[89,0],[90,42]],[[0,25],[37,12]]]},
"G32": {"type": "Matrix2x2", "payoffs": [[[75,12],[55,0]],[[18,10],[0,1]]]},
"G33": {"type": "Matrix2x2", "payoffs": [[[7,0],[0,28]],[[17,53],[12,7]]]},
"G34": {"type": "Matrix2x2", "payoffs": [[[46,56],[0,13]],[[44,15],[8,0]]]},
"G35": {"type": "Matrix2x2", "payoffs": [[[0,0],[18,17]],[[76,44],[1,12]]]},
"G36": {"type": "Matrix2x2", "payoffs": [[[0,0],[51,25]],[[56,20],[71,63]]]},
"G37": {"type": "Matrix2x2", "payoffs": [[[3,1],[2,2]],[[0,0],[4,5]]]},
"G38": {"type": "Matrix2x2", "payoffs": [[[47,40],[0,29]],[[78,46],[57,0]]]},
"G39": {"type": "Matrix2x2", "payoffs": [[[80,7],[39,0]],[[0,2],[71,6]]]},
"G40": {"type": "Matrix2x2", "payoffs": [[[32,8],[8,0]],[[0,1],[1,6]]]},
"G41": {"type": "Matrix2x2", "payoffs": [[[25,0],[0,42]],[[54,45],[66,65]]]},
"G42": {"type": "Matrix2x2", "payoffs": [[[25,26],[8,4]],[[20,17],[0,0]]]},
"G43": {"type": "Matrix2x2", "payoffs": [[[3,86],[0,18]],[[1,0],[2,15]]]},
"G44": {"type": "Matrix2x2", "payoffs": [[[0,0],[35,97]],[[2,75],[7,43]]]},
"G45": {"type": "Matrix2x2", "payoffs": [[[16,82],[93,88]],[[71,68],[0,0]]]},
"G46": {"type": "Matrix2x2", "payoffs": [[[13,49],[5,0]],[[0,3],[9,27]]]},
"G47": {"type": "Matrix2x2", "payoffs": [[[34,4],[19,3]],[[0,1],[6,0]]]},
"G48": {"type": "Matrix2x2", "payoffs": [[[19,4],[0,2]],[[15,0],[17,1]]]},
"G49": {"type": "Matrix2x2", "payoffs": [[[0,15],[48,16]],[[27,0],[28,13]]]},
"G50": {"type": "Matrix2x2", "payoffs": [[[36,0],[40,45]],[[0,18],[41,55]]]},
"G51": {"type": "Matrix2x2", "payoffs": [[[0,40],[17,4]],[[31,58],[10,0]]]},
"G52": {"type": "Matrix2x2", "payoffs": [[[0,10],[48,85]],[[37,25],[12,0]]]},
"G53": {"type": "Matrix2x2", "payoffs": [[[70,62],[68,13]],[[26,33],[0,0]]]},
"G54": {"type": "Matrix2x2", "payoffs": [[[2,0],[5,6]],[[0,33],[7,60]]]},
"G55": {"type": "Matrix2x2", "payoffs": [[[42,78],[12,59]],[[22,21],[0,0]]]},
"G56": {"type": "Matrix2x2", "payoffs": [[[17,5],[56,55]],[[2,0],[0,53]]]},
"G57": {"type": "Matrix2x2", "payoffs": [[[76,80],[0,0]],[[69,5],[38,59]]]},
"G58": {"type": "Matrix2x2", "payoffs": [[[51,57],[31,27]],[[0,0],[16,8]]]},
"G59": {"type": "Matrix2x2", "payoffs": [[[0,0],[41,35]],[[35,19],[21,15]]]},
"G60": {"type": "Matrix2x2", "payoffs": [[[39,8],[2,0]],[[0,3],[47,51]]]},
"G61": {"type": "Matrix2x2", "payoffs": [[[59,7],[22,6]],[[9,0],[0,2]]]},
"G62": {"type": "Matrix2x2", "payoffs": [[[0,5],[26,38]],[[4,0],[20,2]]]},
"G63": {"type": "Matrix2x2", "payoffs": [[[33,61],[0,3]],[[21,12],[11,0]]]},
"G64": {"type": "Matrix2x2", "payoffs": [[[5,0],[19,40]],[[14,17],[0,34]]]},
"G65": {"type": "Matrix2x2", "payoffs": [[[0,51],[51,0]],[[16,66],[78,86]]]},
"G66": {"type": "Matrix2x2", "payoffs": [[[2,0],[0,3]],[[4,4],[1,1]]]},
"G67": {"type": "Matrix2x2", "payoffs": [[[50,87],[72,88]],[[17,9],[0,0]]]},
"G68": {"type": "Matrix2x2", "payoffs": [[[4,92],[1,5]],[[2,64],[0,0]]]},
"G69": {"type": "Matrix2x2", "payoffs": [[[58,46],[66,3]],[[74,47],[0,0]]]},
"G70": {"type": "Matrix2x2", "payoffs": [[[0,7],[33,11]],[[23,0],[28,2]]]},
"G71": {"type": "Matrix2x2", "payoffs": [[[13,0],[0,4]],[[9,6],[34,9]]]},
"G72": {"type": "Matrix2x2", "payoffs": [[[20,0],[0,85]],[[58,4],[91,99]]]},
"G73": {"type": "Matrix2x2", "payoffs": [[[0,0],[7,62]],[[5,7],[6,12]]]},
"G74": {"type": "Matrix2x2", "payoffs": [[[9,0],[0,9]],[[10,3],[56,16]]]},
"G75": {"type": "Matrix2x2", "payoffs": [[[76,13],[0,21]],[[79,0],[80,78]]]},
"G76": {"type": "Matrix2x2", "payoffs": [[[12,24],[0,20]],[[50,43],[39,0]]]},
"G77": {"type": "Matrix2x2", "payoffs": [[[7,0],[51,35]],[[0,31],[53,68]]]},
"G78": {"type": "Matrix2x2", "payoffs": [[[0,0],[52,54]],[[19,52],[85,74]]]},
"G79": {"type": "Matrix2x2", "payoffs": [[[24,44],[12,0]],[[0,53],[36,55]]]},
"G80": {"type": "Matrix2x2", "payoffs": [[[50,0],[74,51]],[[0,1],[6,31]]]},
"G81": {"type": "Matrix2x2", "payoffs": [[[58,10],[0,0]],[[88,11],[63,4]]]},
"G82": {"type": "Matrix2x2", "payoffs": [[[60,4],[0,14]],[[35,0],[72,58]]]},
"G83": {"type": "Matrix2x2", "payoffs": [[[65,93],[16,0]],[[46,4],[0,40]]]},
"G84": {"type": "Matrix2x2", "payoffs": [[[16,0],[14,62]],[[21,76],[0,12]]]},
"G85": {"type": "Matrix2x2", "payoffs": [[[10,83],[0,0]],[[16,84],[5,35]]]},
"G86": {"type": "Matrix2x2", "payoffs": [[[100,79],[0,22]],[[55,0],[9,54]]]},
"G87": {"type": "Matrix2x2", "payoffs": [[[0,6],[1,9]],[[32,61],[15,0]]]},
"G88": {"type": "Matrix2x2", "payoffs": [[[0,0],[28,6]],[[8,4],[25,3]]]},
"G89": {"type": "Matrix2x2", "payoffs": [[[0,0],[33,27]],[[63,41],[10,19]]]},
"G90": {"type": "Matrix2x2", "payoffs": [[[0,4],[6,0]],[[41,3],[48,54]]]},
"G91": {"type": "Matrix2x2", "payoffs": [[[10,50],[5,0]],[[1,5],[0,4]]]},
"G92": {"type": "Matrix2x2", "payoffs": [[[50,41],[0,27]],[[70,0],[76,48]]]},
"G93": {"type": "Matrix2x2", "payoffs": [[[3,21],[46,37]],[[32,0],[0,16]]]},
"G94": {"type": "Matrix2x2", "payoffs": [[[66,50],[37,36]],[[0,6],[12,0]]]},
"G95": {"type": "Matrix2x2", "payoffs": [[[0,0],[33,21]],[[85,32],[8,14]]]},
"G96": {"type": "Matrix2x2", "payoffs": [[[0,15],[25,0]],[[56,38],[14,25]]]},
"G97": {"type": "Matrix2x2", "payoffs": [[[44,80],[0,0]],[[37,51],[15,39]]]},
"G98": {"type": "Matrix2x2", "payoffs": [[[8,10],[0,12]],[[15,31],[11,0]]]},
"G99": {"type": "Matrix2x2", "payoffs": [[[54,0],[0,54]],[[73,67],[12,18]]]},
"G100": {"type": "Matrix2x2", "payoffs": [[[46,18],[13,0]],[[88,27],[0,10]]]}
}