{
"numGames": 100,
"G1": {"type": "Matrix2x2", "payoffs": [[[0,24],[8,0]],[[9,62],[10,89]]]},
"G2": {"type": "Matrix2x2", "payoffs": [[[81,12],[17,9]],[[0,0],[95,18]]]},
"G3": {"type": "Matrix2x2", "payoffs": [[[20,0],[0,34]],[[21,58],[16,2]]]},
"G4": {"type": "Matrix2x2", "payoffs": [[[18,84],[9,0]],[[0,82],[14,14]]]},
"G5": {"type": "Matrix2x2", "payoffs": [[[32,38],[27,0]],[[2,24],[0,27]]]},
"G6": {"type": "Matrix2x2", "payoffs": [[[74,6],[88,57]],[[10,0],[0,41]]]},
"G7": {"type": "Matrix2x2", "payoffs": [[[31,0],[0,87]],[[42,92],[20,61]]]},
"G8": {"type": "Matrix2x2", "payoffs": [[[17,11],[0,0]],[[18,17],[13,13]]]},
"G9": {"type": "Matrix2x2", "payoffs": [[[32,2],[0,0]],[[35,95],[7,84]]]},
"G10": {"type": "Matrix2x2", "payoffs": [[[12,21],[82,24]],[[0,8],[53,0]]]},
"G11": {"type": "Matrix2x2", "payoffs": [[[7,0],[11,59]],[[0,3],[3,9]]]},
"G12": {"type": "Matrix2x2", "payoffs": [[[4,27],[7,37]],[[0,0],[2,28]]]},
"G13": {"type": "Matrix2x2", "payoffs": [[[45,46],[32,0]],[[18,41],[0,35]]]},
"G14": {"type": "Matrix2x2", "payoffs": [[[6,57],[41,47]],[[0,0],[65,81]]]},
"G15": {"type": "Matrix2x2", "payoffs": [[[15,72],[0,0]],[[57,95],[24,40]]]},
"G16": {"type": "Matrix2x2", "payoffs": [[[3,0],[94,29]],[[28,18],[0,5]]]},
"G17": {"type": "Matrix2x2", "payoffs": [[[73,23],[0,3]],[[24,0],[39,21]]]},
"G18": {"type": "Matrix2x2", "payoffs": [[[0,0],[3,94]],[[25,99],[15,36]]]},
"G19": {"type": "Matrix2x2", "payoffs": [[[9,2],[14,0]],[[16,70],[0,68]]]},
"G20": {"type": "Matrix2x2", "payoffs": [[[63,58],[53,0]],[[21,1],[0,20]]]},
"G21": {"type": "Matrix2x2", "payoffs": [[[0,24],[36,20]],[[49,0],[51,34]]]},
"G22": {"type": "Matrix2x2", "payoffs": [[[30,0],[0,37]],[[36,63],[21,45]]]},
"G23": {"type": "Matrix2x2", "payoffs": [[[12,76],[3,25]],[[37,82],[0,0]]]},
"G24": {"type": "Matrix2x2", "payoffs": [[[16,6],[19,22]],[[20,74],[0,0]]]},
"G25": {"type": "Matrix2x2", "payoffs": [[[21,0],[43,29]],[[0,12],[1,16]]]},
"G26": {"type": "Matrix2x2", "payoffs": [[[8,0],[0,74]],[[27,4],[71,80]]]},
"G27": {"type": "Matrix2x2", "payoffs": [[[0,31],[6,29]],[[21,77],[10,0]]]},
"G28": {"type": "Matrix2x2", "payoffs": [[[0,57],[58,0]],[[69,91],[49,42]]]},
"G29": {"type": "Matrix2x2", "payoffs": [[[0,17],[6,60]],[[3,53],[1,0]]]},
"G30": {"type": "Matrix2x2", "payoffs": [[[10,0],[19,13]],[[0,4],[15,7]]]},
"G31": {"type": "Matrix2x2", "payoffs": [[[9,0],[0,4]],[[2,8],[10,64]]]},
"G32": {"type": "Matrix2x2", "payoffs": [[[8,0],[0,45]],[[13,95],[5,16]]]},
"G33": {"type": "Matrix2x2", "payoffs": [[[0,8],[27,0]],[[70,27],[48,9]]]},
"G34": {"type": "Matrix2x2", "payoffs": [[[0,0],[35,21]],[[11,25],[72,28]]]},
"G35": {"type": "Matrix2x2", "payoffs": [[[38,52],[67,67]],[[0,61],[8,0]]]},
"G36": {"type": "Matrix2x2", "payoffs": [[[26,61],[0,33]],[[44,74],[31,0]]]},
"G37": {"type": "Matrix2x2", "payoffs": [[[1,0],[15,81]],[[0,69],[14,33]]]},
"G38": {"type": "Matrix2x2", "payoffs": [[[0,0],[17,11]],[[43,18],[8,10]]]},
"G39": {"type": "Matrix2x2", "payoffs": [[[14,59],[99,100]],[[0,96],[66,0]]]},
"G40": {"type": "Matrix2x2", "payoffs": [[[47,2],[0,0]],[[78,7],[40,4]]]},
"G41": {"type": "Matrix2x2", "payoffs": [[[75,39],[0,28]],[[64,18],[54,0]]]},
"G42": {"type": "Matrix2x2", "payoffs": [[[0,0],[17,2]],[[29,57],[50,86]]]},
"G43": {"type": "Matrix2x2", "payoffs": [[[71,71],[0,0]],[[17,27],[2,53]]]},
"G44": {"type": "Matrix2x2", "payoffs": [[[66,30],[0,0]],[[35,10],[42,11]]]},
"G45": {"type": "Matrix2x2", "payoffs": [[[5,36],[43,80]],[[0,0],[35,61]]]},
"G46": {"type": "Matrix2x2", "payoffs": [[[65,24],[23,0]],[[70,32],[0,2]]]},
"G47": {"type": "Matrix2x2", "payoffs": [[[26,0],[98,72]],[[0,16],[72,44]]]},
"G48": {"type": "Matrix2x2", "payoffs": [[[12,26],[15,9]],[[0,0],[23,82]]]},
"G49": {"type": "Matrix2x2", "payoffs": [[[4,0],[8,14]],[[0,1],[2,6]]]},
"G50": {"type": "Matrix2x2", "payoffs": [[[14,0],[0,13]],[[62,47],[99,51]]]},
"G51": {"type": "Matrix2x2", "payoffs": [[[0,3],[5,22]],[[2,0],[4,14]]]},
"G52": {"type": "Matrix2x2", "payoffs": [[[44,74],[28,40]],[[23,0],[0,72]]]},
"G53": {"type": "Matrix2x2", "payoffs": [[[0,11],[31,0]],[[59,4],[97,14]]]},
"G54": {"type": "Matrix2x2", "payoffs": [[[65,56],[15,52]],[[56,9],[0,0]]]},
"G55": {"type": "Matrix2x2", "payoffs": [[[0,10],[45,62]],[[58,63],[32,0]]]},
"G56": {"type": "Matrix2x2", "payoffs": [[[67,72],[0,68]],[[63,3],[47,0]]]},
"G57": {"type": "Matrix2x2", "payoffs": [[[0,0],[96,87]],[[87,61],[7,34]]]},
"G58": {"type": "Matrix2x2", "payoffs": [[[16,22],[20,20]],[[0,0],[39,42]]]},
"G59": {"type": "Matrix2x2", "payoffs": [[[18,7],[68,3]],[[80,11],[0,0]]]},
"G60": {"type": "Matrix2x2", "payoffs": [[[15,0],[0,26]],[[82,58],[79,38]]]},
"G61": {"type": "Matrix2x2", "payoffs": [[[46,0],[99,88]],[[82,70],[0,19]]]},
"G62": {"type": "Matrix2x2", "payoffs": [[[1,1],[86,8]],[[34,0],[0,6]]]},
"G63": {"type": "Matrix2x2", "payoffs": [[[0,18],[18,0]],[[24,20],[43,22]]]},
"G64": {"type": "Matrix2x2", "payoffs": [[[0,47],[83,48]],[[23,35],[26,0]]]},
"G65": {"type": "Matrix2x2", "payoffs": [[[0,1],[6,2]],[[13,12],[7,0]]]},
"G66": {"type": "Matrix2x2", "payoffs": [[[5,10],[43,64]],[[33,0],[0,2]]]},
"G67": {"type": "Matrix2x2", "payoffs": [[[52,60],[41,16]],[[0,0],[17,9]]]},
"G68": {"type": "Matrix2x2", "payoffs": [[[96,63],[83,26]],[[31,39],[0,0]]]},
"G69": {"type": "Matrix2x2", "payoffs": [[[99,85],[0,0]],[[68,57],[93,54]]]},
"G70": {"type": "Matrix2x2", "payoffs": [[[13,52],[0,64]],[[18,79],[8,0]]]},
"G71": {"type": "Matrix2x2", "payoffs": [[[44,74],[31,0]],[[1,60],[0,55]]]},
"G72": {"type": "Matrix2x2", "payoffs": [[[39,63],[57,17]],[[86,98],[0,0]]]},
"G73": {"type": "Matrix2x2", "payoffs": [[[0,45],[74,46]],[[14,0],[68,19]]]},
"G74": {"type": "Matrix2x2", "payoffs": [[[0,31],[35,0]],[[74,32],[9,30]]]},
"G75": {"type": "Matrix2x2", "payoffs": [[[6,12],[42,67]],[[0,0],[9,21]]]},
"G76": {"type": "Matrix2x2", "payoffs": [[[17,11],[0,0]],[[37,5],[50,59]]]},
"G77": {"type": "Matrix2x2", "payoffs": [[[9,0],[4,17]],[[11,44],[0,31]]]},
"G78": {"type": "Matrix2x2", "payoffs": [[[0,71],[23,0]],[[8,78],[73,88]]]},
"G79": {"type": "Matrix2x2", "payoffs": [[[0,0],[27,2]],[[30,5],[34,6]]]},
"G80": {"type": "Matrix2x2", "payoffs": [[[50,7],[58,0]],[[0,4],[84,12]]]},
"G81": {"type": "Matrix2x2", "payoffs": [[[1,49],[0,6]],[[21,57],[17,0]]]},
"G82": {"type": "Matrix2x2", "payoffs": [[[6,35],[23,71]],[[0,6],[19,0]]]},
"G83": {"type": "Matrix2x2", "payoffs": [[[48,46],[97,79]],[[68,49],[0,0]]]},
"G84": {"type": "Matrix2x2", "payoffs": [[[70,40],[24,14]],[[44,0],[0,35]]]},
"G85": {"type": "Matrix2x2", "payoffs": [[[16,90],[0,42]],[[13,78],[11,0]]]},
"G86": {"type": "Matrix2x2", "payoffs": [[[72,98],[0,66]],[[64,0],[34,7]]]},
"G87": {"type": "Matrix2x2", "payoffs": [[[0,33],[90,87]],[[64,0],[80,85]]]},
"G88": {"type": "Matrix2x2", "payoffs": [[[19,71],[14,0]],[[0,57],[24,76]]]},
"G89": {"type": "Matrix2x2", "payoffs": [[[0,37],[23,13]],[[43,45],[12,0]]]},
"G90": {"type": "Matrix2x2", "payoffs": [[[2,0],[1,24]],[[0,14],[6,44]]]},
"G91": {"type": "Matrix2x2", "payoffs": [[[20,0],[71,79]],[[24,33],[0,69]]]},
"G92": {"type": "Matrix2x2", "payoffs": [[[7,5],[8,71]],[[90,82],[0,0]]]},
"G93": {"type": "Matrix2x2", "payoffs": [[[21,0],[33,60]],[[28,5],[0,55]]]},
"G94": {"type": "Matrix2x2", "payoffs": [[[45,54],[0,0]],[[19,30],[61,70]]]},
"G95": {"type": "Matrix2x2", "payoffs": [[[28,89],[0,88]],[[9,0],[14,48]]]},
"G96": {"type": "Matrix2x2", "payoffs": [[[6,0],[0,37]],[[12,48],[13,65]]]},
"G97": {"type": "Matrix2x2", "payoffs": [[[56,0],[0,6]],[[16,5],[76,10]]]},
"G98": {"type": "Matrix2x2", "payoffs": [[[0,26],[51,40]],[[72,0],[78,63]]]},
"G99": {"type": "Matrix2x2", "payoffs": [[[0,26],[51,57]],[[14,0],[53,87]]]},
"G100": {"type": "Matrix2x2", "payoffs": [[[6,0],[81,68]],[[0,28],[45,49]]]}
}