{
"numGames": 1000,
"G1": {"type": "Matrix2x2", "payoffs": [[[39,96],[30,74]],[[0,60],[37,0]]]},
"G2": {"type": "Matrix2x2", "payoffs": [[[60,76],[0,0]],[[35,19],[7,34]]]},
"G3": {"type": "Matrix2x2", "payoffs": [[[0,59],[64,0]],[[76,91],[49,54]]]},
"G4": {"type": "Matrix2x2", "payoffs": [[[31,85],[42,90]],[[0,0],[13,82]]]},
"G5": {"type": "Matrix2x2", "payoffs": [[[57,5],[0,0]],[[18,3],[10,1]]]},
"G6": {"type": "Matrix2x2", "payoffs": [[[21,2],[0,0]],[[35,4],[50,6]]]},
"G7": {"type": "Matrix2x2", "payoffs": [[[73,10],[48,1]],[[42,7],[0,0]]]},
"G8": {"type": "Matrix2x2", "payoffs": [[[75,98],[44,0]],[[0,71],[2,62]]]},
"G9": {"type": "Matrix2x2", "payoffs": [[[12,23],[9,0]],[[0,11],[4,14]]]},
"G10": {"type": "Matrix2x2", "payoffs": [[[79,56],[0,21]],[[67,29],[72,0]]]},
"G11": {"type": "Matrix2x2", "payoffs": [[[21,0],[0,21]],[[73,20],[87,26]]]},
"G12": {"type": "Matrix2x2", "payoffs": [[[100,44],[58,24]],[[85,28],[0,0]]]},
"G13": {"type": "Matrix2x2", "payoffs": [[[17,0],[0,34]],[[1,14],[69,64]]]},
"G14": {"type": "Matrix2x2", "payoffs": [[[15,62],[0,0]],[[9,32],[12,60]]]},
"G15": {"type": "Matrix2x2", "payoffs": [[[55,0],[0,86]],[[33,30],[56,87]]]},
"G16": {"type": "Matrix2x2", "payoffs": [[[31,0],[18,11]],[[0,10],[33,14]]]},
"G17": {"type": "Matrix2x2", "payoffs": [[[78,2],[0,5]],[[84,9],[13,0]]]},
"G18": {"type": "Matrix2x2", "payoffs": [[[17,7],[0,0]],[[45,30],[13,15]]]},
"G19": {"type": "Matrix2x2", "payoffs": [[[0,8],[12,62]],[[1,42],[11,0]]]},
"G20": {"type": "Matrix2x2", "payoffs": [[[0,12],[11,0]],[[42,77],[28,18]]]},
"G21": {"type": "Matrix2x2", "payoffs": [[[2,2],[8,5]],[[10,10],[0,0]]]},
"G22": {"type": "Matrix2x2", "payoffs": [[[0,36],[79,71]],[[71,0],[50,61]]]},
"G23": {"type": "Matrix2x2", "payoffs": [[[1,63],[0,0]],[[11,98],[2,58]]]},
"G24": {"type": "Matrix2x2", "payoffs": [[[8,0],[14,77]],[[1,14],[0,16]]]},
"G25": {"type": "Matrix2x2", "payoffs": [[[99,82],[3,27]],[[0,0],[4,12]]]},
"G26": {"type": "Matrix2x2", "payoffs": [[[57,78],[0,71]],[[5,0],[48,20]]]},
"G27": {"type": "Matrix2x2", "payoffs": [[[0,17],[28,28]],[[78,39],[49,0]]]},
"G28": {"type": "Matrix2x2", "payoffs": [[[32,0],[39,89]],[[0,34],[1,67]]]},
"G29": {"type": "Matrix2x2", "payoffs": [[[20,33],[32,0]],[[0,8],[96,52]]]},
"G30": {"type": "Matrix2x2", "payoffs": [[[0,0],[60,9]],[[62,43],[41,23]]]},
"G31": {"type": "Matrix2x2", "payoffs": [[[46,24],[24,11]],[[31,0],[0,9]]]},
"G32": {"type": "Matrix2x2", "payoffs": [[[71,92],[62,39]],[[11,0],[0,26]]]},
"G33": {"type": "Matrix2x2", "payoffs": [[[54,8],[31,2]],[[0,0],[84,82]]]},
"G34": {"type": "Matrix2x2", "payoffs": [[[31,0],[0,49]],[[63,79],[5,24]]]},
"G35": {"type": "Matrix2x2", "payoffs": [[[49,38],[0,0]],[[30,14],[13,7]]]},
"G36": {"type": "Matrix2x2", "payoffs": [[[15,0],[38,11]],[[93,54],[0,36]]]},
"G37": {"type": "Matrix2x2", "payoffs": [[[99,59],[9,2]],[[72,25],[0,0]]]},
"G38": {"type": "Matrix2x2", "payoffs": [[[15,0],[9,54]],[[16,57],[0,14]]]},
"G39": {"type": "Matrix2x2", "payoffs": [[[0,30],[25,79]],[[12,69],[22,0]]]},
"G40": {"type": "Matrix2x2", "payoffs": [[[0,83],[9,0]],[[81,91],[21,88]]]},
"G41": {"type": "Matrix2x2", "payoffs": [[[69,24],[36,6]],[[26,14],[0,0]]]},
"G42": {"type": "Matrix2x2", "payoffs": [[[62,13],[48,11]],[[0,0],[38,8]]]},
"G43": {"type": "Matrix2x2", "payoffs": [[[0,0],[9,3]],[[32,5],[13,1]]]},
"G44": {"type": "Matrix2x2", "payoffs": [[[80,81],[0,76]],[[4,0],[19,26]]]},
"G45": {"type": "Matrix2x2", "payoffs": [[[13,68],[0,29]],[[14,0],[56,96]]]},
"G46": {"type": "Matrix2x2", "payoffs": [[[19,77],[0,0]],[[18,59],[14,33]]]},
"G47": {"type": "Matrix2x2", "payoffs": [[[58,56],[25,23]],[[0,30],[27,0]]]},
"G48": {"type": "Matrix2x2", "payoffs": [[[42,67],[10,6]],[[15,46],[0,0]]]},
"G49": {"type": "Matrix2x2", "payoffs": [[[0,15],[18,0]],[[54,46],[70,52]]]},
"G50": {"type": "Matrix2x2", "payoffs": [[[14,0],[0,1]],[[29,12],[59,20]]]},
"G51": {"type": "Matrix2x2", "payoffs": [[[35,0],[26,28]],[[60,91],[0,82]]]},
"G52": {"type": "Matrix2x2", "payoffs": [[[35,0],[45,79]],[[0,75],[6,52]]]},
"G53": {"type": "Matrix2x2", "payoffs": [[[0,41],[37,38]],[[75,57],[29,0]]]},
"G54": {"type": "Matrix2x2", "payoffs": [[[26,35],[0,0]],[[68,82],[73,93]]]},
"G55": {"type": "Matrix2x2", "payoffs": [[[0,0],[79,7]],[[1,4],[42,3]]]},
"G56": {"type": "Matrix2x2", "payoffs": [[[6,0],[0,2]],[[8,24],[9,28]]]},
"G57": {"type": "Matrix2x2", "payoffs": [[[34,48],[41,52]],[[6,18],[0,0]]]},
"G58": {"type": "Matrix2x2", "payoffs": [[[10,0],[0,3]],[[25,62],[16,20]]]},
"G59": {"type": "Matrix2x2", "payoffs": [[[0,0],[92,63]],[[94,75],[18,38]]]},
"G60": {"type": "Matrix2x2", "payoffs": [[[0,6],[35,25]],[[29,0],[10,17]]]},
"G61": {"type": "Matrix2x2", "payoffs": [[[59,0],[0,63]],[[12,26],[92,67]]]},
"G62": {"type": "Matrix2x2", "payoffs": [[[4,14],[8,22]],[[10,43],[0,0]]]},
"G63": {"type": "Matrix2x2", "payoffs": [[[44,0],[1,2]],[[73,21],[0,11]]]},
"G64": {"type": "Matrix2x2", "payoffs": [[[0,1],[68,4]],[[95,5],[92,0]]]},
"G65": {"type": "Matrix2x2", "payoffs": [[[21,5],[95,12]],[[27,0],[0,6]]]},
"G66": {"type": "Matrix2x2", "payoffs": [[[2,48],[0,28]],[[1,0],[6,94]]]},
"G67": {"type": "Matrix2x2", "payoffs": [[[4,41],[0,0]],[[2,20],[3,29]]]},
"G68": {"type": "Matrix2x2", "payoffs": [[[0,9],[58,17]],[[62,30],[17,0]]]},
"G69": {"type": "Matrix2x2", "payoffs": [[[12,72],[10,18]],[[0,0],[19,92]]]},
"G70": {"type": "Matrix2x2", "payoffs": [[[0,30],[3,0]],[[10,4],[11,53]]]},
"G71": {"type": "Matrix2x2", "payoffs": [[[0,2],[8,1]],[[17,11],[12,0]]]},
"G72": {"type": "Matrix2x2", "payoffs": [[[0,6],[27,0]],[[57,47],[52,15]]]},
"G73": {"type": "Matrix2x2", "payoffs": [[[11,43],[0,44]],[[20,0],[33,46]]]},
"G74": {"type": "Matrix2x2", "payoffs": [[[0,39],[27,0]],[[59,41],[19,38]]]},
"G75": {"type": "Matrix2x2", "payoffs": [[[22,0],[0,44]],[[49,51],[84,53]]]},
"G76": {"type": "Matrix2x2", "payoffs": [[[5,25],[0,16]],[[62,70],[39,0]]]},
"G77": {"type": "Matrix2x2", "payoffs": [[[0,2],[57,0]],[[67,54],[47,3]]]},
"G78": {"type": "Matrix2x2", "payoffs": [[[8,14],[1,5]],[[6,0],[0,2]]]},
"G79": {"type": "Matrix2x2", "payoffs": [[[0,14],[31,0]],[[49,66],[22,58]]]},
"G80": {"type": "Matrix2x2", "payoffs": [[[72,42],[0,13]],[[17,39],[2,0]]]},
"G81": {"type": "Matrix2x2", "payoffs": [[[27,39],[24,0]],[[26,4],[0,24]]]},
"G82": {"type": "Matrix2x2", "payoffs": [[[0,73],[32,95]],[[19,49],[23,0]]]},
"G83": {"type": "Matrix2x2", "payoffs": [[[25,43],[0,8]],[[10,38],[7,0]]]},
"G84": {"type": "Matrix2x2", "payoffs": [[[0,58],[37,24]],[[46,0],[59,59]]]},
"G85": {"type": "Matrix2x2", "payoffs": [[[0,0],[38,8]],[[55,44],[33,4]]]},
"G86": {"type": "Matrix2x2", "payoffs": [[[52,51],[14,24]],[[0,0],[50,43]]]},
"G87": {"type": "Matrix2x2", "payoffs": [[[47,51],[74,96]],[[16,25],[0,0]]]},
"G88": {"type": "Matrix2x2", "payoffs": [[[5,41],[3,25]],[[0,0],[21,42]]]},
"G89": {"type": "Matrix2x2", "payoffs": [[[15,62],[0,0]],[[9,29],[5,56]]]},
"G90": {"type": "Matrix2x2", "payoffs": [[[65,6],[100,27]],[[94,0],[0,2]]]},
"G91": {"type": "Matrix2x2", "payoffs": [[[48,16],[99,99]],[[0,0],[61,63]]]},
"G92": {"type": "Matrix2x2", "payoffs": [[[9,7],[0,0]],[[17,1],[39,14]]]},
"G93": {"type": "Matrix2x2", "payoffs": [[[88,19],[0,11]],[[2,0],[82,14]]]},
"G94": {"type": "Matrix2x2", "payoffs": [[[33,0],[1,19]],[[0,30],[49,58]]]},
"G95": {"type": "Matrix2x2", "payoffs": [[[1,22],[5,1]],[[0,0],[6,29]]]},
"G96": {"type": "Matrix2x2", "payoffs": [[[35,21],[3,0]],[[0,68],[59,94]]]},
"G97": {"type": "Matrix2x2", "payoffs": [[[68,0],[0,10]],[[89,16],[87,13]]]},
"G98": {"type": "Matrix2x2", "payoffs": [[[23,31],[0,17]],[[21,0],[17,19]]]},
"G99": {"type": "Matrix2x2", "payoffs": [[[7,36],[0,6]],[[32,0],[39,68]]]},
"G100": {"type": "Matrix2x2", "payoffs": [[[97,79],[40,0]],[[0,22],[81,11]]]},
"G101": {"type": "Matrix2x2", "payoffs": [[[3,3],[0,0]],[[26,52],[24,8]]]},
"G102": {"type": "Matrix2x2", "payoffs": [[[2,16],[16,22]],[[6,0],[0,12]]]},
"G103": {"type": "Matrix2x2", "payoffs": [[[0,63],[41,75]],[[91,100],[57,0]]]},
"G104": {"type": "Matrix2x2", "payoffs": [[[33,0],[78,93]],[[0,27],[58,25]]]},
"G105": {"type": "Matrix2x2", "payoffs": [[[9,0],[0,2]],[[73,6],[13,3]]]},
"G106": {"type": "Matrix2x2", "payoffs": [[[2,37],[63,49]],[[82,66],[0,0]]]},
"G107": {"type": "Matrix2x2", "payoffs": [[[63,31],[72,54]],[[0,0],[79,61]]]},
"G108": {"type": "Matrix2x2", "payoffs": [[[16,41],[8,0]],[[0,24],[31,43]]]},
"G109": {"type": "Matrix2x2", "payoffs": [[[64,25],[39,10]],[[0,3],[52,0]]]},
"G110": {"type": "Matrix2x2", "payoffs": [[[0,0],[6,1]],[[13,4],[3,2]]]},
"G111": {"type": "Matrix2x2", "payoffs": [[[0,39],[33,57]],[[30,29],[29,0]]]},
"G112": {"type": "Matrix2x2", "payoffs": [[[41,10],[0,0]],[[5,7],[27,5]]]},
"G113": {"type": "Matrix2x2", "payoffs": [[[0,10],[38,0]],[[47,30],[4,4]]]},
"G114": {"type": "Matrix2x2", "payoffs": [[[0,0],[1,5]],[[15,25],[4,23]]]},
"G115": {"type": "Matrix2x2", "payoffs": [[[15,31],[0,0]],[[38,45],[42,70]]]},
"G116": {"type": "Matrix2x2", "payoffs": [[[0,4],[54,91]],[[53,28],[7,0]]]},
"G117": {"type": "Matrix2x2", "payoffs": [[[49,70],[18,17]],[[0,0],[69,71]]]},
"G118": {"type": "Matrix2x2", "payoffs": [[[13,44],[10,0]],[[0,21],[34,72]]]},
"G119": {"type": "Matrix2x2", "payoffs": [[[14,11],[0,10]],[[12,0],[11,2]]]},
"G120": {"type": "Matrix2x2", "payoffs": [[[52,61],[36,45]],[[43,32],[0,0]]]},
"G121": {"type": "Matrix2x2", "payoffs": [[[16,73],[23,0]],[[0,35],[89,85]]]},
"G122": {"type": "Matrix2x2", "payoffs": [[[56,99],[25,62]],[[34,45],[0,0]]]},
"G123": {"type": "Matrix2x2", "payoffs": [[[11,25],[0,0]],[[15,83],[10,39]]]},
"G124": {"type": "Matrix2x2", "payoffs": [[[0,44],[40,46]],[[29,30],[6,0]]]},
"G125": {"type": "Matrix2x2", "payoffs": [[[10,11],[2,55]],[[14,76],[0,0]]]},
"G126": {"type": "Matrix2x2", "payoffs": [[[59,0],[21,9]],[[61,10],[0,6]]]},
"G127": {"type": "Matrix2x2", "payoffs": [[[74,78],[9,7]],[[2,0],[0,27]]]},
"G128": {"type": "Matrix2x2", "payoffs": [[[0,23],[35,19]],[[4,0],[49,62]]]},
"G129": {"type": "Matrix2x2", "payoffs": [[[70,12],[99,96]],[[23,0],[0,20]]]},
"G130": {"type": "Matrix2x2", "payoffs": [[[49,32],[19,13]],[[18,4],[0,0]]]},
"G131": {"type": "Matrix2x2", "payoffs": [[[7,72],[0,7]],[[6,60],[3,0]]]},
"G132": {"type": "Matrix2x2", "payoffs": [[[47,5],[20,3]],[[33,1],[0,0]]]},
"G133": {"type": "Matrix2x2", "payoffs": [[[0,0],[6,18]],[[10,42],[1,9]]]},
"G134": {"type": "Matrix2x2", "payoffs": [[[0,2],[25,0]],[[23,7],[39,11]]]},
"G135": {"type": "Matrix2x2", "payoffs": [[[12,9],[43,93]],[[7,11],[0,0]]]},
"G136": {"type": "Matrix2x2", "payoffs": [[[73,0],[0,45]],[[96,48],[24,8]]]},
"G137": {"type": "Matrix2x2", "payoffs": [[[7,49],[17,0]],[[85,80],[0,1]]]},
"G138": {"type": "Matrix2x2", "payoffs": [[[29,0],[0,2]],[[12,9],[33,24]]]},
"G139": {"type": "Matrix2x2", "payoffs": [[[33,19],[65,38]],[[0,0],[77,54]]]},
"G140": {"type": "Matrix2x2", "payoffs": [[[62,26],[90,63]],[[5,5],[0,0]]]},
"G141": {"type": "Matrix2x2", "payoffs": [[[0,0],[42,1]],[[60,45],[37,7]]]},
"G142": {"type": "Matrix2x2", "payoffs": [[[91,45],[12,32]],[[43,0],[0,42]]]},
"G143": {"type": "Matrix2x2", "payoffs": [[[70,68],[20,0]],[[39,11],[0,55]]]},
"G144": {"type": "Matrix2x2", "payoffs": [[[0,3],[67,70]],[[47,0],[61,42]]]},
"G145": {"type": "Matrix2x2", "payoffs": [[[22,77],[0,0]],[[21,46],[46,90]]]},
"G146": {"type": "Matrix2x2", "payoffs": [[[0,0],[85,61]],[[14,50],[39,49]]]},
"G147": {"type": "Matrix2x2", "payoffs": [[[15,22],[0,0]],[[14,33],[21,49]]]},
"G148": {"type": "Matrix2x2", "payoffs": [[[70,86],[54,0]],[[7,22],[0,69]]]},
"G149": {"type": "Matrix2x2", "payoffs": [[[0,0],[96,53]],[[86,19],[17,4]]]},
"G150": {"type": "Matrix2x2", "payoffs": [[[6,28],[5,26]],[[3,6],[0,0]]]},
"G151": {"type": "Matrix2x2", "payoffs": [[[0,85],[28,30]],[[94,98],[8,0]]]},
"G152": {"type": "Matrix2x2", "payoffs": [[[41,80],[38,0]],[[37,14],[0,59]]]},
"G153": {"type": "Matrix2x2", "payoffs": [[[10,0],[28,76]],[[20,12],[0,42]]]},
"G154": {"type": "Matrix2x2", "payoffs": [[[11,13],[0,5]],[[38,0],[83,14]]]},
"G155": {"type": "Matrix2x2", "payoffs": [[[62,20],[0,2]],[[8,8],[38,0]]]},
"G156": {"type": "Matrix2x2", "payoffs": [[[1,23],[3,52]],[[36,61],[0,0]]]},
"G157": {"type": "Matrix2x2", "payoffs": [[[36,12],[19,0]],[[83,22],[0,5]]]},
"G158": {"type": "Matrix2x2", "payoffs": [[[17,3],[60,98]],[[30,0],[0,75]]]},
"G159": {"type": "Matrix2x2", "payoffs": [[[50,23],[52,27]],[[42,0],[0,3]]]},
"G160": {"type": "Matrix2x2", "payoffs": [[[0,23],[8,40]],[[1,0],[9,88]]]},
"G161": {"type": "Matrix2x2", "payoffs": [[[43,79],[21,0]],[[0,25],[31,30]]]},
"G162": {"type": "Matrix2x2", "payoffs": [[[2,36],[0,26]],[[20,43],[19,0]]]},
"G163": {"type": "Matrix2x2", "payoffs": [[[0,13],[31,0]],[[37,53],[10,2]]]},
"G164": {"type": "Matrix2x2", "payoffs": [[[2,28],[0,0]],[[95,35],[25,26]]]},
"G165": {"type": "Matrix2x2", "payoffs": [[[13,0],[0,6]],[[23,17],[5,4]]]},
"G166": {"type": "Matrix2x2", "payoffs": [[[20,25],[13,4]],[[0,14],[10,0]]]},
"G167": {"type": "Matrix2x2", "payoffs": [[[63,10],[0,0]],[[10,3],[32,2]]]},
"G168": {"type": "Matrix2x2", "payoffs": [[[4,0],[22,29]],[[0,8],[8,14]]]},
"G169": {"type": "Matrix2x2", "payoffs": [[[32,32],[27,17]],[[0,18],[20,0]]]},
"G170": {"type": "Matrix2x2", "payoffs": [[[0,0],[48,4]],[[31,3],[44,2]]]},
"G171": {"type": "Matrix2x2", "payoffs": [[[63,20],[50,0]],[[85,64],[0,14]]]},
"G172": {"type": "Matrix2x2", "payoffs": [[[42,75],[35,25]],[[0,0],[34,5]]]},
"G173": {"type": "Matrix2x2", "payoffs": [[[23,19],[95,62]],[[60,0],[0,53]]]},
"G174": {"type": "Matrix2x2", "payoffs": [[[0,0],[27,10]],[[34,57],[23,24]]]},
"G175": {"type": "Matrix2x2", "payoffs": [[[0,0],[3,53]],[[4,84],[2,12]]]},
"G176": {"type": "Matrix2x2", "payoffs": [[[27,30],[18,24]],[[11,0],[0,4]]]},
"G177": {"type": "Matrix2x2", "payoffs": [[[31,2],[0,0]],[[36,31],[81,52]]]},
"G178": {"type": "Matrix2x2", "payoffs": [[[34,21],[0,16]],[[3,7],[2,0]]]},
"G179": {"type": "Matrix2x2", "payoffs": [[[8,0],[6,76]],[[0,69],[9,97]]]},
"G180": {"type": "Matrix2x2", "payoffs": [[[0,33],[32,27]],[[13,0],[46,48]]]},
"G181": {"type": "Matrix2x2", "payoffs": [[[18,26],[7,21]],[[0,0],[14,6]]]},
"G182": {"type": "Matrix2x2", "payoffs": [[[61,61],[81,66]],[[40,6],[0,0]]]},
"G183": {"type": "Matrix2x2", "payoffs": [[[44,17],[0,0]],[[46,29],[24,15]]]},
"G184": {"type": "Matrix2x2", "payoffs": [[[55,3],[14,4]],[[90,7],[0,0]]]},
"G185": {"type": "Matrix2x2", "payoffs": [[[0,17],[49,14]],[[76,0],[96,87]]]},
"G186": {"type": "Matrix2x2", "payoffs": [[[19,79],[15,21]],[[0,3],[17,0]]]},
"G187": {"type": "Matrix2x2", "payoffs": [[[2,7],[0,0]],[[17,4],[90,40]]]},
"G188": {"type": "Matrix2x2", "payoffs": [[[87,81],[0,65]],[[11,77],[62,0]]]},
"G189": {"type": "Matrix2x2", "payoffs": [[[10,2],[11,7]],[[0,0],[20,12]]]},
"G190": {"type": "Matrix2x2", "payoffs": [[[77,2],[69,0]],[[82,6],[0,1]]]},
"G191": {"type": "Matrix2x2", "payoffs": [[[3,50],[4,60]],[[2,16],[0,0]]]},
"G192": {"type": "Matrix2x2", "payoffs": [[[3,23],[8,31]],[[0,9],[5,0]]]},
"G193": {"type": "Matrix2x2", "payoffs": [[[7,48],[0,24]],[[4,0],[6,31]]]},
"G194": {"type": "Matrix2x2", "payoffs": [[[0,23],[13,73]],[[21,0],[28,80]]]},
"G195": {"type": "Matrix2x2", "payoffs": [[[0,22],[28,0]],[[36,8],[47,65]]]},
"G196": {"type": "Matrix2x2", "payoffs": [[[38,24],[12,0]],[[0,23],[78,28]]]},
"G197": {"type": "Matrix2x2", "payoffs": [[[56,33],[3,0]],[[22,28],[0,12]]]},
"G198": {"type": "Matrix2x2", "payoffs": [[[0,40],[7,61]],[[4,48],[1,0]]]},
"G199": {"type": "Matrix2x2", "payoffs": [[[76,91],[51,18]],[[0,0],[35,25]]]},
"G200": {"type": "Matrix2x2", "payoffs": [[[0,2],[12,25]],[[20,0],[35,28]]]},
"G201": {"type": "Matrix2x2", "payoffs": [[[21,0],[0,5]],[[5,18],[32,34]]]},
"G202": {"type": "Matrix2x2", "payoffs": [[[33,96],[3,17]],[[5,0],[0,53]]]},
"G203": {"type": "Matrix2x2", "payoffs": [[[83,13],[86,0]],[[0,38],[88,39]]]},
"G204": {"type": "Matrix2x2", "payoffs": [[[60,14],[0,12]],[[69,23],[36,0]]]},
"G205": {"type": "Matrix2x2", "payoffs": [[[5,45],[16,32]],[[0,0],[19,53]]]},
"G206": {"type": "Matrix2x2", "payoffs": [[[54,47],[28,0]],[[14,1],[0,18]]]},
"G207": {"type": "Matrix2x2", "payoffs": [[[0,0],[83,31]],[[59,12],[20,26]]]},
"G208": {"type": "Matrix2x2", "payoffs": [[[0,23],[17,5]],[[29,0],[76,38]]]},
"G209": {"type": "Matrix2x2", "payoffs": [[[39,63],[0,0]],[[67,69],[57,48]]]},
"G210": {"type": "Matrix2x2", "payoffs": [[[0,0],[27,58]],[[68,92],[50,6]]]},
"G211": {"type": "Matrix2x2", "payoffs": [[[0,6],[51,12]],[[10,0],[66,21]]]},
"G212": {"type": "Matrix2x2", "payoffs": [[[30,20],[58,22]],[[0,0],[46,16]]]},
"G213": {"type": "Matrix2x2", "payoffs": [[[0,11],[4,35]],[[55,0],[91,69]]]},
"G214": {"type": "Matrix2x2", "payoffs": [[[65,72],[17,0]],[[0,30],[32,64]]]},
"G215": {"type": "Matrix2x2", "payoffs": [[[0,0],[36,37]],[[34,33],[58,64]]]},
"G216": {"type": "Matrix2x2", "payoffs": [[[7,4],[57,39]],[[0,31],[18,0]]]},
"G217": {"type": "Matrix2x2", "payoffs": [[[0,0],[11,10]],[[19,28],[3,22]]]},
"G218": {"type": "Matrix2x2", "payoffs": [[[89,10],[0,5]],[[23,0],[30,2]]]},
"G219": {"type": "Matrix2x2", "payoffs": [[[39,26],[33,2]],[[2,8],[0,0]]]},
"G220": {"type": "Matrix2x2", "payoffs": [[[14,2],[37,8]],[[0,0],[24,5]]]},
"G221": {"type": "Matrix2x2", "payoffs": [[[18,0],[37,65]],[[7,7],[0,32]]]},
"G222": {"type": "Matrix2x2", "payoffs": [[[71,74],[62,0]],[[53,18],[0,67]]]},
"G223": {"type": "Matrix2x2", "payoffs": [[[0,2],[1,49]],[[5,54],[4,0]]]},
"G224": {"type": "Matrix2x2", "payoffs": [[[36,74],[58,99]],[[43,0],[0,57]]]},
"G225": {"type": "Matrix2x2", "payoffs": [[[0,14],[88,19]],[[24,15],[28,0]]]},
"G226": {"type": "Matrix2x2", "payoffs": [[[8,31],[0,0]],[[63,55],[75,84]]]},
"G227": {"type": "Matrix2x2", "payoffs": [[[85,57],[64,0]],[[25,30],[0,56]]]},
"G228": {"type": "Matrix2x2", "payoffs": [[[1,4],[12,57]],[[48,68],[0,0]]]},
"G229": {"type": "Matrix2x2", "payoffs": [[[40,48],[0,43]],[[4,0],[39,35]]]},
"G230": {"type": "Matrix2x2", "payoffs": [[[0,25],[40,22]],[[49,35],[5,0]]]},
"G231": {"type": "Matrix2x2", "payoffs": [[[43,27],[26,0]],[[0,22],[91,48]]]},
"G232": {"type": "Matrix2x2", "payoffs": [[[78,8],[24,6]],[[62,0],[0,4]]]},
"G233": {"type": "Matrix2x2", "payoffs": [[[0,0],[50,1]],[[61,54],[76,55]]]},
"G234": {"type": "Matrix2x2", "payoffs": [[[11,16],[0,33]],[[22,0],[26,67]]]},
"G235": {"type": "Matrix2x2", "payoffs": [[[90,24],[44,0]],[[0,17],[91,41]]]},
"G236": {"type": "Matrix2x2", "payoffs": [[[27,21],[0,0]],[[35,10],[41,32]]]},
"G237": {"type": "Matrix2x2", "payoffs": [[[44,91],[27,46]],[[18,0],[0,51]]]},
"G238": {"type": "Matrix2x2", "payoffs": [[[0,17],[70,73]],[[2,0],[36,56]]]},
"G239": {"type": "Matrix2x2", "payoffs": [[[47,0],[69,91]],[[46,32],[0,34]]]},
"G240": {"type": "Matrix2x2", "payoffs": [[[0,61],[21,4]],[[28,63],[18,0]]]},
"G241": {"type": "Matrix2x2", "payoffs": [[[0,15],[7,54]],[[78,100],[53,0]]]},
"G242": {"type": "Matrix2x2", "payoffs": [[[7,40],[0,0]],[[8,54],[10,56]]]},
"G243": {"type": "Matrix2x2", "payoffs": [[[4,37],[5,39]],[[1,26],[0,0]]]},
"G244": {"type": "Matrix2x2", "payoffs": [[[21,0],[0,59]],[[22,90],[99,92]]]},
"G245": {"type": "Matrix2x2", "payoffs": [[[41,4],[43,0]],[[51,55],[0,21]]]},
"G246": {"type": "Matrix2x2", "payoffs": [[[13,0],[12,58]],[[16,100],[0,39]]]},
"G247": {"type": "Matrix2x2", "payoffs": [[[4,0],[5,8]],[[24,10],[0,9]]]},
"G248": {"type": "Matrix2x2", "payoffs": [[[0,23],[18,31]],[[9,0],[54,37]]]},
"G249": {"type": "Matrix2x2", "payoffs": [[[0,20],[54,73]],[[35,0],[38,25]]]},
"G250": {"type": "Matrix2x2", "payoffs": [[[7,17],[8,0]],[[15,74],[0,19]]]},
"G251": {"type": "Matrix2x2", "payoffs": [[[23,4],[0,2]],[[70,0],[75,5]]]},
"G252": {"type": "Matrix2x2", "payoffs": [[[1,26],[17,0]],[[28,86],[0,11]]]},
"G253": {"type": "Matrix2x2", "payoffs": [[[31,0],[0,1]],[[36,10],[15,7]]]},
"G254": {"type": "Matrix2x2", "payoffs": [[[28,38],[7,0]],[[17,18],[0,1]]]},
"G255": {"type": "Matrix2x2", "payoffs": [[[25,38],[1,37]],[[4,0],[0,15]]]},
"G256": {"type": "Matrix2x2", "payoffs": [[[0,85],[53,96]],[[31,0],[33,26]]]},
"G257": {"type": "Matrix2x2", "payoffs": [[[85,45],[0,0]],[[61,36],[60,27]]]},
"G258": {"type": "Matrix2x2", "payoffs": [[[8,46],[0,0]],[[11,45],[29,81]]]},
"G259": {"type": "Matrix2x2", "payoffs": [[[73,72],[15,13]],[[6,54],[0,0]]]},
"G260": {"type": "Matrix2x2", "payoffs": [[[30,35],[3,12]],[[13,0],[0,19]]]},
"G261": {"type": "Matrix2x2", "payoffs": [[[2,0],[3,40]],[[0,33],[9,44]]]},
"G262": {"type": "Matrix2x2", "payoffs": [[[76,82],[0,0]],[[4,66],[3,60]]]},
"G263": {"type": "Matrix2x2", "payoffs": [[[4,4],[11,47]],[[0,7],[9,0]]]},
"G264": {"type": "Matrix2x2", "payoffs": [[[5,16],[14,48]],[[0,0],[12,4]]]},
"G265": {"type": "Matrix2x2", "payoffs": [[[89,15],[53,5]],[[47,1],[0,0]]]},
"G266": {"type": "Matrix2x2", "payoffs": [[[14,11],[0,13]],[[81,48],[19,0]]]},
"G267": {"type": "Matrix2x2", "payoffs": [[[84,24],[97,86]],[[0,32],[61,0]]]},
"G268": {"type": "Matrix2x2", "payoffs": [[[58,0],[43,51]],[[0,40],[69,57]]]},
"G269": {"type": "Matrix2x2", "payoffs": [[[0,0],[9,18]],[[65,34],[56,3]]]},
"G270": {"type": "Matrix2x2", "payoffs": [[[23,0],[10,5]],[[0,13],[26,14]]]},
"G271": {"type": "Matrix2x2", "payoffs": [[[5,0],[13,35]],[[0,3],[34,38]]]},
"G272": {"type": "Matrix2x2", "payoffs": [[[29,30],[20,29]],[[0,13],[9,0]]]},
"G273": {"type": "Matrix2x2", "payoffs": [[[31,10],[93,37]],[[39,0],[0,30]]]},
"G274": {"type": "Matrix2x2", "payoffs": [[[48,10],[2,33]],[[59,40],[0,0]]]},
"G275": {"type": "Matrix2x2", "payoffs": [[[8,95],[5,22]],[[0,0],[3,19]]]},
"G276": {"type": "Matrix2x2", "payoffs": [[[59,3],[9,0]],[[0,2],[64,5]]]},
"G277": {"type": "Matrix2x2", "payoffs": [[[15,68],[56,92]],[[0,6],[19,0]]]},
"G278": {"type": "Matrix2x2", "payoffs": [[[22,24],[44,0]],[[61,48],[0,4]]]},
"G279": {"type": "Matrix2x2", "payoffs": [[[12,0],[72,27]],[[0,26],[98,29]]]},
"G280": {"type": "Matrix2x2", "payoffs": [[[0,28],[80,35]],[[18,32],[63,0]]]},
"G281": {"type": "Matrix2x2", "payoffs": [[[84,3],[14,2]],[[0,1],[6,0]]]},
"G282": {"type": "Matrix2x2", "payoffs": [[[0,23],[70,11]],[[76,58],[61,0]]]},
"G283": {"type": "Matrix2x2", "payoffs": [[[19,47],[31,45]],[[0,0],[51,76]]]},
"G284": {"type": "Matrix2x2", "payoffs": [[[60,0],[73,45]],[[0,25],[8,36]]]},
"G285": {"type": "Matrix2x2", "payoffs": [[[0,0],[79,46]],[[23,3],[8,33]]]},
"G286": {"type": "Matrix2x2", "payoffs": [[[0,0],[19,35]],[[3,16],[14,32]]]},
"G287": {"type": "Matrix2x2", "payoffs": [[[33,58],[28,0]],[[0,31],[17,29]]]},
"G288": {"type": "Matrix2x2", "payoffs": [[[96,100],[83,0]],[[0,62],[27,38]]]},
"G289": {"type": "Matrix2x2", "payoffs": [[[60,5],[0,0]],[[32,3],[16,1]]]},
"G290": {"type": "Matrix2x2", "payoffs": [[[0,2],[8,0]],[[13,100],[3,19]]]},
"G291": {"type": "Matrix2x2", "payoffs": [[[1,0],[3,8]],[[0,21],[6,34]]]},
"G292": {"type": "Matrix2x2", "payoffs": [[[8,0],[0,18]],[[16,30],[36,75]]]},
"G293": {"type": "Matrix2x2", "payoffs": [[[21,9],[0,58]],[[43,0],[82,94]]]},
"G294": {"type": "Matrix2x2", "payoffs": [[[33,52],[8,32]],[[0,0],[24,23]]]},
"G295": {"type": "Matrix2x2", "payoffs": [[[8,0],[9,37]],[[57,57],[0,48]]]},
"G296": {"type": "Matrix2x2", "payoffs": [[[1,47],[4,97]],[[2,55],[0,0]]]},
"G297": {"type": "Matrix2x2", "payoffs": [[[71,42],[0,0]],[[23,8],[21,41]]]},
"G298": {"type": "Matrix2x2", "payoffs": [[[45,74],[32,35]],[[0,31],[28,0]]]},
"G299": {"type": "Matrix2x2", "payoffs": [[[69,53],[24,29]],[[0,37],[62,0]]]},
"G300": {"type": "Matrix2x2", "payoffs": [[[15,0],[0,82]],[[86,100],[53,3]]]},
"G301": {"type": "Matrix2x2", "payoffs": [[[35,41],[0,12]],[[62,63],[37,0]]]},
"G302": {"type": "Matrix2x2", "payoffs": [[[26,0],[46,33]],[[16,16],[0,14]]]},
"G303": {"type": "Matrix2x2", "payoffs": [[[17,31],[4,0]],[[10,16],[0,5]]]},
"G304": {"type": "Matrix2x2", "payoffs": [[[40,0],[0,67]],[[49,100],[32,37]]]},
"G305": {"type": "Matrix2x2", "payoffs": [[[0,34],[40,60]],[[22,12],[9,0]]]},
"G306": {"type": "Matrix2x2", "payoffs": [[[20,32],[0,72]],[[45,96],[27,0]]]},
"G307": {"type": "Matrix2x2", "payoffs": [[[0,3],[8,80]],[[13,0],[15,83]]]},
"G308": {"type": "Matrix2x2", "payoffs": [[[42,7],[0,4]],[[59,0],[61,13]]]},
"G309": {"type": "Matrix2x2", "payoffs": [[[29,0],[0,16]],[[43,17],[67,87]]]},
"G310": {"type": "Matrix2x2", "payoffs": [[[40,0],[0,2]],[[64,37],[16,16]]]},
"G311": {"type": "Matrix2x2", "payoffs": [[[4,50],[1,0]],[[2,25],[0,19]]]},
"G312": {"type": "Matrix2x2", "payoffs": [[[62,75],[0,0]],[[3,41],[11,37]]]},
"G313": {"type": "Matrix2x2", "payoffs": [[[3,15],[2,10]],[[1,12],[0,0]]]},
"G314": {"type": "Matrix2x2", "payoffs": [[[0,6],[65,12]],[[4,2],[42,0]]]},
"G315": {"type": "Matrix2x2", "payoffs": [[[18,8],[0,0]],[[40,15],[94,35]]]},
"G316": {"type": "Matrix2x2", "payoffs": [[[0,50],[12,89]],[[4,74],[3,0]]]},
"G317": {"type": "Matrix2x2", "payoffs": [[[62,26],[46,0]],[[0,53],[77,59]]]},
"G318": {"type": "Matrix2x2", "payoffs": [[[5,0],[11,27]],[[0,11],[2,21]]]},
"G319": {"type": "Matrix2x2", "payoffs": [[[24,0],[14,43]],[[34,45],[0,12]]]},
"G320": {"type": "Matrix2x2", "payoffs": [[[0,0],[12,64]],[[5,35],[3,13]]]},
"G321": {"type": "Matrix2x2", "payoffs": [[[35,0],[77,17]],[[26,10],[0,6]]]},
"G322": {"type": "Matrix2x2", "payoffs": [[[9,72],[2,15]],[[15,73],[0,0]]]},
"G323": {"type": "Matrix2x2", "payoffs": [[[6,0],[65,7]],[[16,6],[0,2]]]},
"G324": {"type": "Matrix2x2", "payoffs": [[[0,91],[73,98]],[[54,62],[36,0]]]},
"G325": {"type": "Matrix2x2", "payoffs": [[[91,26],[0,2]],[[63,8],[41,0]]]},
"G326": {"type": "Matrix2x2", "payoffs": [[[0,11],[68,16]],[[64,3],[20,0]]]},
"G327": {"type": "Matrix2x2", "payoffs": [[[10,2],[44,100]],[[0,0],[32,88]]]},
"G328": {"type": "Matrix2x2", "payoffs": [[[9,0],[63,46]],[[8,25],[0,21]]]},
"G329": {"type": "Matrix2x2", "payoffs": [[[26,2],[31,34]],[[0,0],[34,53]]]},
"G330": {"type": "Matrix2x2", "payoffs": [[[5,59],[8,85]],[[1,0],[0,41]]]},
"G331": {"type": "Matrix2x2", "payoffs": [[[0,36],[89,0]],[[27,28],[93,92]]]},
"G332": {"type": "Matrix2x2", "payoffs": [[[0,9],[31,3]],[[43,11],[32,0]]]},
"G333": {"type": "Matrix2x2", "payoffs": [[[75,34],[0,4]],[[58,0],[29,20]]]},
"G334": {"type": "Matrix2x2", "payoffs": [[[2,0],[29,45]],[[0,1],[84,55]]]},
"G335": {"type": "Matrix2x2", "payoffs": [[[6,57],[3,21]],[[0,0],[2,25]]]},
"G336": {"type": "Matrix2x2", "payoffs": [[[64,39],[71,47]],[[0,37],[51,0]]]},
"G337": {"type": "Matrix2x2", "payoffs": [[[4,10],[19,13]],[[13,0],[0,3]]]},
"G338": {"type": "Matrix2x2", "payoffs": [[[79,39],[0,4]],[[13,28],[35,0]]]},
"G339": {"type": "Matrix2x2", "payoffs": [[[0,13],[2,14]],[[3,0],[4,25]]]},
"G340": {"type": "Matrix2x2", "payoffs": [[[14,79],[1,0]],[[0,46],[34,91]]]},
"G341": {"type": "Matrix2x2", "payoffs": [[[0,12],[1,0]],[[37,73],[22,8]]]},
"G342": {"type": "Matrix2x2", "payoffs": [[[0,76],[22,0]],[[60,60],[69,84]]]},
"G343": {"type": "Matrix2x2", "payoffs": [[[40,29],[0,0]],[[38,36],[52,55]]]},
"G344": {"type": "Matrix2x2", "payoffs": [[[64,0],[0,28]],[[65,38],[54,6]]]},
"G345": {"type": "Matrix2x2", "payoffs": [[[10,0],[0,4]],[[15,20],[38,25]]]},
"G346": {"type": "Matrix2x2", "payoffs": [[[76,21],[0,0]],[[5,9],[3,8]]]},
"G347": {"type": "Matrix2x2", "payoffs": [[[5,22],[3,33]],[[9,41],[0,0]]]},
"G348": {"type": "Matrix2x2", "payoffs": [[[36,0],[0,64]],[[81,67],[62,8]]]},
"G349": {"type": "Matrix2x2", "payoffs": [[[58,8],[0,1]],[[22,3],[50,0]]]},
"G350": {"type": "Matrix2x2", "payoffs": [[[64,94],[31,2]],[[62,0],[0,59]]]},
"G351": {"type": "Matrix2x2", "payoffs": [[[80,13],[40,10]],[[22,12],[0,0]]]},
"G352": {"type": "Matrix2x2", "payoffs": [[[1,15],[4,1]],[[0,0],[5,19]]]},
"G353": {"type": "Matrix2x2", "payoffs": [[[0,0],[12,77]],[[11,37],[9,75]]]},
"G354": {"type": "Matrix2x2", "payoffs": [[[0,36],[76,89]],[[14,70],[72,0]]]},
"G355": {"type": "Matrix2x2", "payoffs": [[[0,5],[8,2]],[[42,0],[52,18]]]},
"G356": {"type": "Matrix2x2", "payoffs": [[[0,34],[89,40]],[[14,9],[52,0]]]},
"G357": {"type": "Matrix2x2", "payoffs": [[[7,42],[34,44]],[[0,0],[28,37]]]},
"G358": {"type": "Matrix2x2", "payoffs": [[[0,2],[68,6]],[[62,1],[24,0]]]},
"G359": {"type": "Matrix2x2", "payoffs": [[[43,0],[46,3]],[[0,1],[44,2]]]},
"G360": {"type": "Matrix2x2", "payoffs": [[[17,65],[87,79]],[[2,0],[0,73]]]},
"G361": {"type": "Matrix2x2", "payoffs": [[[0,0],[25,9]],[[19,35],[94,39]]]},
"G362": {"type": "Matrix2x2", "payoffs": [[[5,31],[3,23]],[[1,19],[0,0]]]},
"G363": {"type": "Matrix2x2", "payoffs": [[[62,81],[0,0]],[[45,74],[3,79]]]},
"G364": {"type": "Matrix2x2", "payoffs": [[[25,28],[0,21]],[[12,0],[14,17]]]},
"G365": {"type": "Matrix2x2", "payoffs": [[[0,4],[71,0]],[[79,55],[80,87]]]},
"G366": {"type": "Matrix2x2", "payoffs": [[[4,0],[12,70]],[[10,54],[0,61]]]},
"G367": {"type": "Matrix2x2", "payoffs": [[[39,0],[43,74]],[[0,70],[33,11]]]},
"G368": {"type": "Matrix2x2", "payoffs": [[[87,43],[43,15]],[[0,0],[10,39]]]},
"G369": {"type": "Matrix2x2", "payoffs": [[[13,3],[9,25]],[[0,0],[88,29]]]},
"G370": {"type": "Matrix2x2", "payoffs": [[[79,0],[0,31]],[[6,28],[95,41]]]},
"G371": {"type": "Matrix2x2", "payoffs": [[[0,22],[9,26]],[[15,43],[14,0]]]},
"G372": {"type": "Matrix2x2", "payoffs": [[[7,74],[1,0]],[[0,36],[5,11]]]},
"G373": {"type": "Matrix2x2", "payoffs": [[[97,26],[81,11]],[[0,0],[77,13]]]},
"G374": {"type": "Matrix2x2", "payoffs": [[[8,1],[9,5]],[[5,3],[0,0]]]},
"G375": {"type": "Matrix2x2", "payoffs": [[[10,1],[29,11]],[[75,14],[0,0]]]},
"G376": {"type": "Matrix2x2", "payoffs": [[[37,5],[6,0]],[[40,9],[0,1]]]},
"G377": {"type": "Matrix2x2", "payoffs": [[[98,63],[91,52]],[[82,47],[0,0]]]},
"G378": {"type": "Matrix2x2", "payoffs": [[[0,5],[16,15]],[[94,29],[31,0]]]},
"G379": {"type": "Matrix2x2", "payoffs": [[[0,41],[50,30]],[[85,94],[71,0]]]},
"G380": {"type": "Matrix2x2", "payoffs": [[[7,7],[32,58]],[[12,27],[0,0]]]},
"G381": {"type": "Matrix2x2", "payoffs": [[[23,68],[2,51]],[[15,0],[0,43]]]},
"G382": {"type": "Matrix2x2", "payoffs": [[[36,0],[7,61]],[[0,45],[66,80]]]},
"G383": {"type": "Matrix2x2", "payoffs": [[[47,2],[53,3]],[[45,0],[0,1]]]},
"G384": {"type": "Matrix2x2", "payoffs": [[[0,4],[61,0]],[[86,13],[49,1]]]},
"G385": {"type": "Matrix2x2", "payoffs": [[[29,0],[0,8]],[[52,53],[54,63]]]},
"G386": {"type": "Matrix2x2", "payoffs": [[[75,0],[61,10]],[[0,4],[88,29]]]},
"G387": {"type": "Matrix2x2", "payoffs": [[[0,32],[66,40]],[[70,62],[34,0]]]},
"G388": {"type": "Matrix2x2", "payoffs": [[[88,34],[4,15]],[[0,0],[61,1]]]},
"G389": {"type": "Matrix2x2", "payoffs": [[[62,77],[55,0]],[[54,31],[0,41]]]},
"G390": {"type": "Matrix2x2", "payoffs": [[[50,79],[49,0]],[[30,58],[0,30]]]},
"G391": {"type": "Matrix2x2", "payoffs": [[[0,35],[7,0]],[[5,24],[12,63]]]},
"G392": {"type": "Matrix2x2", "payoffs": [[[42,43],[54,18]],[[0,0],[91,58]]]},
"G393": {"type": "Matrix2x2", "payoffs": [[[0,7],[12,0]],[[63,65],[52,64]]]},
"G394": {"type": "Matrix2x2", "payoffs": [[[63,71],[75,75]],[[0,0],[59,58]]]},
"G395": {"type": "Matrix2x2", "payoffs": [[[15,88],[0,0]],[[2,24],[8,31]]]},
"G396": {"type": "Matrix2x2", "payoffs": [[[96,60],[57,38]],[[0,55],[94,0]]]},
"G397": {"type": "Matrix2x2", "payoffs": [[[15,5],[77,11]],[[0,0],[78,13]]]},
"G398": {"type": "Matrix2x2", "payoffs": [[[90,26],[79,21]],[[0,0],[9,4]]]},
"G399": {"type": "Matrix2x2", "payoffs": [[[8,0],[12,45]],[[72,79],[0,58]]]},
"G400": {"type": "Matrix2x2", "payoffs": [[[14,3],[0,0]],[[11,7],[54,33]]]},
"G401": {"type": "Matrix2x2", "payoffs": [[[6,0],[8,19]],[[0,62],[64,64]]]},
"G402": {"type": "Matrix2x2", "payoffs": [[[0,0],[11,16]],[[27,31],[22,8]]]},
"G403": {"type": "Matrix2x2", "payoffs": [[[53,33],[0,0]],[[67,50],[87,96]]]},
"G404": {"type": "Matrix2x2", "payoffs": [[[0,6],[9,11]],[[91,20],[46,0]]]},
"G405": {"type": "Matrix2x2", "payoffs": [[[23,4],[9,3]],[[3,2],[0,0]]]},
"G406": {"type": "Matrix2x2", "payoffs": [[[58,36],[0,35]],[[36,15],[48,0]]]},
"G407": {"type": "Matrix2x2", "payoffs": [[[17,51],[9,9]],[[0,0],[14,29]]]},
"G408": {"type": "Matrix2x2", "payoffs": [[[16,0],[0,34]],[[7,94],[22,96]]]},
"G409": {"type": "Matrix2x2", "payoffs": [[[92,48],[15,25]],[[82,34],[0,0]]]},
"G410": {"type": "Matrix2x2", "payoffs": [[[76,57],[43,26]],[[15,0],[0,40]]]},
"G411": {"type": "Matrix2x2", "payoffs": [[[0,0],[21,37]],[[77,43],[8,29]]]},
"G412": {"type": "Matrix2x2", "payoffs": [[[19,36],[0,27]],[[90,46],[51,0]]]},
"G413": {"type": "Matrix2x2", "payoffs": [[[21,45],[0,0]],[[2,32],[14,24]]]},
"G414": {"type": "Matrix2x2", "payoffs": [[[49,11],[74,16]],[[0,12],[26,0]]]},
"G415": {"type": "Matrix2x2", "payoffs": [[[2,54],[0,0]],[[29,73],[10,64]]]},
"G416": {"type": "Matrix2x2", "payoffs": [[[21,0],[29,12]],[[28,5],[0,4]]]},
"G417": {"type": "Matrix2x2", "payoffs": [[[43,14],[0,12]],[[54,0],[100,22]]]},
"G418": {"type": "Matrix2x2", "payoffs": [[[0,0],[8,22]],[[100,39],[53,27]]]},
"G419": {"type": "Matrix2x2", "payoffs": [[[87,71],[19,17]],[[13,0],[0,57]]]},
"G420": {"type": "Matrix2x2", "payoffs": [[[61,95],[36,25]],[[10,69],[0,0]]]},
"G421": {"type": "Matrix2x2", "payoffs": [[[69,54],[23,28]],[[51,0],[0,29]]]},
"G422": {"type": "Matrix2x2", "payoffs": [[[85,27],[0,0]],[[100,61],[82,43]]]},
"G423": {"type": "Matrix2x2", "payoffs": [[[51,3],[93,4]],[[52,0],[0,2]]]},
"G424": {"type": "Matrix2x2", "payoffs": [[[0,6],[2,0]],[[7,30],[38,57]]]},
"G425": {"type": "Matrix2x2", "payoffs": [[[16,0],[15,66]],[[17,91],[0,67]]]},
"G426": {"type": "Matrix2x2", "payoffs": [[[0,51],[60,0]],[[73,8],[77,61]]]},
"G427": {"type": "Matrix2x2", "payoffs": [[[0,11],[73,12]],[[10,10],[21,0]]]},
"G428": {"type": "Matrix2x2", "payoffs": [[[0,10],[19,12]],[[14,0],[36,47]]]},
"G429": {"type": "Matrix2x2", "payoffs": [[[18,69],[30,0]],[[31,93],[0,79]]]},
"G430": {"type": "Matrix2x2", "payoffs": [[[3,21],[1,5]],[[5,32],[0,0]]]},
"G431": {"type": "Matrix2x2", "payoffs": [[[25,9],[0,10]],[[84,0],[92,13]]]},
"G432": {"type": "Matrix2x2", "payoffs": [[[0,66],[32,52]],[[27,0],[45,90]]]},
"G433": {"type": "Matrix2x2", "payoffs": [[[21,5],[42,3]],[[0,0],[49,8]]]},
"G434": {"type": "Matrix2x2", "payoffs": [[[0,0],[47,17]],[[31,11],[44,5]]]},
"G435": {"type": "Matrix2x2", "payoffs": [[[11,0],[25,43]],[[68,66],[0,30]]]},
"G436": {"type": "Matrix2x2", "payoffs": [[[0,0],[20,72]],[[11,24],[13,58]]]},
"G437": {"type": "Matrix2x2", "payoffs": [[[31,36],[0,4]],[[13,14],[9,0]]]},
"G438": {"type": "Matrix2x2", "payoffs": [[[55,15],[43,8]],[[29,3],[0,0]]]},
"G439": {"type": "Matrix2x2", "payoffs": [[[28,35],[37,90]],[[12,0],[0,71]]]},
"G440": {"type": "Matrix2x2", "payoffs": [[[0,0],[74,53]],[[25,44],[59,16]]]},
"G441": {"type": "Matrix2x2", "payoffs": [[[30,14],[31,17]],[[23,0],[0,12]]]},
"G442": {"type": "Matrix2x2", "payoffs": [[[17,7],[11,4]],[[0,3],[12,0]]]},
"G443": {"type": "Matrix2x2", "payoffs": [[[26,0],[43,78]],[[0,14],[83,85]]]},
"G444": {"type": "Matrix2x2", "payoffs": [[[7,0],[98,82]],[[39,7],[0,29]]]},
"G445": {"type": "Matrix2x2", "payoffs": [[[47,0],[0,1]],[[75,11],[52,3]]]},
"G446": {"type": "Matrix2x2", "payoffs": [[[13,35],[10,16]],[[2,6],[0,0]]]},
"G447": {"type": "Matrix2x2", "payoffs": [[[44,0],[21,9]],[[100,13],[0,8]]]},
"G448": {"type": "Matrix2x2", "payoffs": [[[0,1],[41,6]],[[19,0],[55,25]]]},
"G449": {"type": "Matrix2x2", "payoffs": [[[5,0],[7,12]],[[8,72],[0,36]]]},
"G450": {"type": "Matrix2x2", "payoffs": [[[46,42],[0,31]],[[21,21],[40,0]]]},
"G451": {"type": "Matrix2x2", "payoffs": [[[52,57],[32,60]],[[0,0],[69,94]]]},
"G452": {"type": "Matrix2x2", "payoffs": [[[0,4],[34,22]],[[42,0],[100,23]]]},
"G453": {"type": "Matrix2x2", "payoffs": [[[0,0],[2,60]],[[39,41],[53,72]]]},
"G454": {"type": "Matrix2x2", "payoffs": [[[0,0],[2,9]],[[16,26],[7,3]]]},
"G455": {"type": "Matrix2x2", "payoffs": [[[30,12],[48,29]],[[99,70],[0,0]]]},
"G456": {"type": "Matrix2x2", "payoffs": [[[37,19],[50,0]],[[0,90],[82,94]]]},
"G457": {"type": "Matrix2x2", "payoffs": [[[1,34],[2,1]],[[9,72],[0,0]]]},
"G458": {"type": "Matrix2x2", "payoffs": [[[3,0],[8,12]],[[0,4],[7,8]]]},
"G459": {"type": "Matrix2x2", "payoffs": [[[36,41],[25,32]],[[0,0],[32,6]]]},
"G460": {"type": "Matrix2x2", "payoffs": [[[0,9],[46,16]],[[19,0],[10,14]]]},
"G461": {"type": "Matrix2x2", "payoffs": [[[51,30],[20,0]],[[0,7],[23,2]]]},
"G462": {"type": "Matrix2x2", "payoffs": [[[28,1],[30,37]],[[22,0],[0,13]]]},
"G463": {"type": "Matrix2x2", "payoffs": [[[4,21],[11,56]],[[0,7],[1,0]]]},
"G464": {"type": "Matrix2x2", "payoffs": [[[0,0],[38,50]],[[32,12],[14,29]]]},
"G465": {"type": "Matrix2x2", "payoffs": [[[94,62],[63,32]],[[0,16],[52,0]]]},
"G466": {"type": "Matrix2x2", "payoffs": [[[9,42],[0,0]],[[4,28],[38,54]]]},
"G467": {"type": "Matrix2x2", "payoffs": [[[35,10],[92,0]],[[100,20],[0,8]]]},
"G468": {"type": "Matrix2x2", "payoffs": [[[13,37],[5,31]],[[2,1],[0,0]]]},
"G469": {"type": "Matrix2x2", "payoffs": [[[10,30],[0,8]],[[1,0],[12,32]]]},
"G470": {"type": "Matrix2x2", "payoffs": [[[0,38],[61,29]],[[83,58],[33,0]]]},
"G471": {"type": "Matrix2x2", "payoffs": [[[92,88],[0,7]],[[5,0],[45,14]]]},
"G472": {"type": "Matrix2x2", "payoffs": [[[67,22],[61,1]],[[25,3],[0,0]]]},
"G473": {"type": "Matrix2x2", "payoffs": [[[24,4],[0,11]],[[8,0],[64,18]]]},
"G474": {"type": "Matrix2x2", "payoffs": [[[81,5],[0,0]],[[46,4],[30,1]]]},
"G475": {"type": "Matrix2x2", "payoffs": [[[0,0],[15,71]],[[4,20],[17,77]]]},
"G476": {"type": "Matrix2x2", "payoffs": [[[0,0],[22,4]],[[82,57],[6,52]]]},
"G477": {"type": "Matrix2x2", "payoffs": [[[0,0],[34,56]],[[40,74],[5,47]]]},
"G478": {"type": "Matrix2x2", "payoffs": [[[18,0],[0,6]],[[10,26],[45,29]]]},
"G479": {"type": "Matrix2x2", "payoffs": [[[0,0],[34,43]],[[59,27],[63,49]]]},
"G480": {"type": "Matrix2x2", "payoffs": [[[7,50],[2,23]],[[4,0],[0,49]]]},
"G481": {"type": "Matrix2x2", "payoffs": [[[3,22],[2,9]],[[1,0],[0,20]]]},
"G482": {"type": "Matrix2x2", "payoffs": [[[73,95],[54,43]],[[40,0],[0,19]]]},
"G483": {"type": "Matrix2x2", "payoffs": [[[26,85],[0,3]],[[59,92],[51,0]]]},
"G484": {"type": "Matrix2x2", "payoffs": [[[55,0],[0,29]],[[99,60],[48,20]]]},
"G485": {"type": "Matrix2x2", "payoffs": [[[3,47],[1,28]],[[2,41],[0,0]]]},
"G486": {"type": "Matrix2x2", "payoffs": [[[14,0],[34,5]],[[67,11],[0,6]]]},
"G487": {"type": "Matrix2x2", "payoffs": [[[10,10],[17,69]],[[0,13],[14,0]]]},
"G488": {"type": "Matrix2x2", "payoffs": [[[0,18],[40,59]],[[13,0],[12,51]]]},
"G489": {"type": "Matrix2x2", "payoffs": [[[12,65],[40,97]],[[28,0],[0,31]]]},
"G490": {"type": "Matrix2x2", "payoffs": [[[29,55],[14,0]],[[22,4],[0,3]]]},
"G491": {"type": "Matrix2x2", "payoffs": [[[6,19],[0,0]],[[8,54],[2,31]]]},
"G492": {"type": "Matrix2x2", "payoffs": [[[0,8],[11,43]],[[10,0],[2,30]]]},
"G493": {"type": "Matrix2x2", "payoffs": [[[0,48],[14,0]],[[8,38],[79,55]]]},
"G494": {"type": "Matrix2x2", "payoffs": [[[76,0],[10,40]],[[0,11],[77,41]]]},
"G495": {"type": "Matrix2x2", "payoffs": [[[42,36],[51,0]],[[0,15],[81,58]]]},
"G496": {"type": "Matrix2x2", "payoffs": [[[4,0],[46,86]],[[3,1],[0,32]]]},
"G497": {"type": "Matrix2x2", "payoffs": [[[0,65],[89,99]],[[27,70],[4,0]]]},
"G498": {"type": "Matrix2x2", "payoffs": [[[0,0],[76,97]],[[22,2],[68,28]]]},
"G499": {"type": "Matrix2x2", "payoffs": [[[19,0],[0,15]],[[32,41],[5,10]]]},
"G500": {"type": "Matrix2x2", "payoffs": [[[17,1],[80,19]],[[0,18],[19,0]]]},
"G501": {"type": "Matrix2x2", "payoffs": [[[39,7],[88,12]],[[15,0],[0,1]]]},
"G502": {"type": "Matrix2x2", "payoffs": [[[4,36],[11,0]],[[0,10],[33,59]]]},
"G503": {"type": "Matrix2x2", "payoffs": [[[36,28],[30,38]],[[0,0],[52,50]]]},
"G504": {"type": "Matrix2x2", "payoffs": [[[0,12],[1,0]],[[3,15],[2,6]]]},
"G505": {"type": "Matrix2x2", "payoffs": [[[6,2],[0,1]],[[54,3],[22,0]]]},
"G506": {"type": "Matrix2x2", "payoffs": [[[0,0],[11,84]],[[38,89],[31,40]]]},
"G507": {"type": "Matrix2x2", "payoffs": [[[6,6],[0,0]],[[20,14],[95,20]]]},
"G508": {"type": "Matrix2x2", "payoffs": [[[66,0],[63,22]],[[0,14],[82,51]]]},
"G509": {"type": "Matrix2x2", "payoffs": [[[4,13],[0,0]],[[43,32],[81,44]]]},
"G510": {"type": "Matrix2x2", "payoffs": [[[25,16],[0,1]],[[14,0],[6,5]]]},
"G511": {"type": "Matrix2x2", "payoffs": [[[3,4],[16,35]],[[14,24],[0,0]]]},
"G512": {"type": "Matrix2x2", "payoffs": [[[0,0],[57,34]],[[10,8],[25,32]]]},
"G513": {"type": "Matrix2x2", "payoffs": [[[20,0],[0,32]],[[1,61],[77,97]]]},
"G514": {"type": "Matrix2x2", "payoffs": [[[0,4],[50,0]],[[80,21],[55,1]]]},
"G515": {"type": "Matrix2x2", "payoffs": [[[65,21],[39,0]],[[0,14],[92,29]]]},
"G516": {"type": "Matrix2x2", "payoffs": [[[1,10],[5,35]],[[4,2],[0,0]]]},
"G517": {"type": "Matrix2x2", "payoffs": [[[53,0],[3,59]],[[0,52],[55,62]]]},
"G518": {"type": "Matrix2x2", "payoffs": [[[5,4],[12,0]],[[0,2],[18,6]]]},
"G519": {"type": "Matrix2x2", "payoffs": [[[64,40],[35,8]],[[50,37],[0,0]]]},
"G520": {"type": "Matrix2x2", "payoffs": [[[0,24],[6,0]],[[2,90],[7,97]]]},
"G521": {"type": "Matrix2x2", "payoffs": [[[26,0],[0,29]],[[46,52],[66,89]]]},
"G522": {"type": "Matrix2x2", "payoffs": [[[0,55],[6,97]],[[20,99],[2,0]]]},
"G523": {"type": "Matrix2x2", "payoffs": [[[72,45],[0,0]],[[100,97],[77,21]]]},
"G524": {"type": "Matrix2x2", "payoffs": [[[15,66],[5,0]],[[0,45],[22,92]]]},
"G525": {"type": "Matrix2x2", "payoffs": [[[49,57],[44,43]],[[32,0],[0,56]]]},
"G526": {"type": "Matrix2x2", "payoffs": [[[31,22],[0,0]],[[86,65],[41,38]]]},
"G527": {"type": "Matrix2x2", "payoffs": [[[8,93],[0,18]],[[2,0],[1,14]]]},
"G528": {"type": "Matrix2x2", "payoffs": [[[0,0],[55,32]],[[74,33],[52,6]]]},
"G529": {"type": "Matrix2x2", "payoffs": [[[7,75],[0,51]],[[3,72],[6,0]]]},
"G530": {"type": "Matrix2x2", "payoffs": [[[74,66],[1,23]],[[0,54],[56,0]]]},
"G531": {"type": "Matrix2x2", "payoffs": [[[0,0],[13,15]],[[17,1],[29,17]]]},
"G532": {"type": "Matrix2x2", "payoffs": [[[60,99],[10,0]],[[48,93],[0,3]]]},
"G533": {"type": "Matrix2x2", "payoffs": [[[30,0],[0,4]],[[22,3],[53,8]]]},
"G534": {"type": "Matrix2x2", "payoffs": [[[39,25],[37,0]],[[0,17],[4,16]]]},
"G535": {"type": "Matrix2x2", "payoffs": [[[9,0],[0,5]],[[16,25],[38,52]]]},
"G536": {"type": "Matrix2x2", "payoffs": [[[48,31],[64,46]],[[0,0],[6,43]]]},
"G537": {"type": "Matrix2x2", "payoffs": [[[13,58],[9,0]],[[4,47],[0,25]]]},
"G538": {"type": "Matrix2x2", "payoffs": [[[0,5],[44,0]],[[68,7],[66,6]]]},
"G539": {"type": "Matrix2x2", "payoffs": [[[45,49],[16,0]],[[46,69],[0,37]]]},
"G540": {"type": "Matrix2x2", "payoffs": [[[9,27],[0,0]],[[14,32],[19,59]]]},
"G541": {"type": "Matrix2x2", "payoffs": [[[5,32],[8,77]],[[0,23],[4,0]]]},
"G542": {"type": "Matrix2x2", "payoffs": [[[22,1],[0,0]],[[2,5],[70,25]]]},
"G543": {"type": "Matrix2x2", "payoffs": [[[5,63],[0,36]],[[1,44],[4,0]]]},
"G544": {"type": "Matrix2x2", "payoffs": [[[1,5],[44,15]],[[29,11],[0,0]]]},
"G545": {"type": "Matrix2x2", "payoffs": [[[26,24],[22,0]],[[58,37],[0,14]]]},
"G546": {"type": "Matrix2x2", "payoffs": [[[45,58],[0,13]],[[25,55],[16,0]]]},
"G547": {"type": "Matrix2x2", "payoffs": [[[32,93],[26,0]],[[0,12],[23,6]]]},
"G548": {"type": "Matrix2x2", "payoffs": [[[13,32],[75,37]],[[66,12],[0,0]]]},
"G549": {"type": "Matrix2x2", "payoffs": [[[7,26],[15,29]],[[0,0],[14,27]]]},
"G550": {"type": "Matrix2x2", "payoffs": [[[0,69],[51,0]],[[67,98],[11,48]]]},
"G551": {"type": "Matrix2x2", "payoffs": [[[50,0],[73,9]],[[32,1],[0,4]]]},
"G552": {"type": "Matrix2x2", "payoffs": [[[15,14],[29,73]],[[0,0],[18,13]]]},
"G553": {"type": "Matrix2x2", "payoffs": [[[0,3],[37,5]],[[72,12],[55,0]]]},
"G554": {"type": "Matrix2x2", "payoffs": [[[22,31],[59,11]],[[95,68],[0,0]]]},
"G555": {"type": "Matrix2x2", "payoffs": [[[50,73],[0,0]],[[16,14],[8,45]]]},
"G556": {"type": "Matrix2x2", "payoffs": [[[0,0],[75,19]],[[33,4],[18,9]]]},
"G557": {"type": "Matrix2x2", "payoffs": [[[5,39],[4,0]],[[6,89],[0,13]]]},
"G558": {"type": "Matrix2x2", "payoffs": [[[0,29],[32,0]],[[39,39],[33,25]]]},
"G559": {"type": "Matrix2x2", "payoffs": [[[69,54],[0,6]],[[36,21],[8,0]]]},
"G560": {"type": "Matrix2x2", "payoffs": [[[8,0],[18,82]],[[13,33],[0,67]]]},
"G561": {"type": "Matrix2x2", "payoffs": [[[0,22],[50,0]],[[65,27],[32,20]]]},
"G562": {"type": "Matrix2x2", "payoffs": [[[46,0],[0,7]],[[67,64],[32,15]]]},
"G563": {"type": "Matrix2x2", "payoffs": [[[7,0],[81,33]],[[70,14],[0,3]]]},
"G564": {"type": "Matrix2x2", "payoffs": [[[25,84],[15,0]],[[6,43],[0,15]]]},
"G565": {"type": "Matrix2x2", "payoffs": [[[74,95],[0,72]],[[32,0],[45,94]]]},
"G566": {"type": "Matrix2x2", "payoffs": [[[0,65],[22,69]],[[12,0],[11,20]]]},
"G567": {"type": "Matrix2x2", "payoffs": [[[62,94],[7,0]],[[0,70],[51,59]]]},
"G568": {"type": "Matrix2x2", "payoffs": [[[11,27],[0,0]],[[5,10],[12,46]]]},
"G569": {"type": "Matrix2x2", "payoffs": [[[57,8],[0,11]],[[25,0],[100,18]]]},
"G570": {"type": "Matrix2x2", "payoffs": [[[0,8],[58,6]],[[24,0],[90,16]]]},
"G571": {"type": "Matrix2x2", "payoffs": [[[0,0],[81,40]],[[23,1],[5,4]]]},
"G572": {"type": "Matrix2x2", "payoffs": [[[46,5],[59,73]],[[0,70],[13,0]]]},
"G573": {"type": "Matrix2x2", "payoffs": [[[21,13],[0,41]],[[67,62],[24,0]]]},
"G574": {"type": "Matrix2x2", "payoffs": [[[0,0],[16,3]],[[27,66],[21,27]]]},
"G575": {"type": "Matrix2x2", "payoffs": [[[15,36],[74,55]],[[0,44],[39,0]]]},
"G576": {"type": "Matrix2x2", "payoffs": [[[14,15],[0,18]],[[9,0],[17,54]]]},
"G577": {"type": "Matrix2x2", "payoffs": [[[9,51],[0,0]],[[25,58],[19,33]]]},
"G578": {"type": "Matrix2x2", "payoffs": [[[8,2],[12,70]],[[0,23],[5,0]]]},
"G579": {"type": "Matrix2x2", "payoffs": [[[47,7],[0,0]],[[86,16],[41,11]]]},
"G580": {"type": "Matrix2x2", "payoffs": [[[8,0],[12,58]],[[0,11],[2,43]]]},
"G581": {"type": "Matrix2x2", "payoffs": [[[6,71],[0,61]],[[7,0],[11,83]]]},
"G582": {"type": "Matrix2x2", "payoffs": [[[16,4],[0,11]],[[41,0],[70,12]]]},
"G583": {"type": "Matrix2x2", "payoffs": [[[23,0],[1,32]],[[45,100],[0,1]]]},
"G584": {"type": "Matrix2x2", "payoffs": [[[69,37],[47,28]],[[10,0],[0,22]]]},
"G585": {"type": "Matrix2x2", "payoffs": [[[38,9],[70,0]],[[86,44],[0,35]]]},
"G586": {"type": "Matrix2x2", "payoffs": [[[15,7],[21,59]],[[0,0],[18,26]]]},
"G587": {"type": "Matrix2x2", "payoffs": [[[48,44],[35,1]],[[13,7],[0,0]]]},
"G588": {"type": "Matrix2x2", "payoffs": [[[29,0],[46,32]],[[41,22],[0,27]]]},
"G589": {"type": "Matrix2x2", "payoffs": [[[70,42],[80,47]],[[0,0],[11,28]]]},
"G590": {"type": "Matrix2x2", "payoffs": [[[15,87],[17,0]],[[0,53],[19,95]]]},
"G591": {"type": "Matrix2x2", "payoffs": [[[27,70],[17,46]],[[9,0],[0,26]]]},
"G592": {"type": "Matrix2x2", "payoffs": [[[76,66],[7,50]],[[57,64],[0,0]]]},
"G593": {"type": "Matrix2x2", "payoffs": [[[47,54],[0,7]],[[45,0],[29,45]]]},
"G594": {"type": "Matrix2x2", "payoffs": [[[0,0],[2,26]],[[1,77],[3,87]]]},
"G595": {"type": "Matrix2x2", "payoffs": [[[0,7],[1,61]],[[5,72],[3,0]]]},
"G596": {"type": "Matrix2x2", "payoffs": [[[9,56],[4,0]],[[0,33],[3,2]]]},
"G597": {"type": "Matrix2x2", "payoffs": [[[81,0],[91,85]],[[0,76],[17,66]]]},
"G598": {"type": "Matrix2x2", "payoffs": [[[5,27],[0,33]],[[77,42],[47,0]]]},
"G599": {"type": "Matrix2x2", "payoffs": [[[4,11],[13,30]],[[1,4],[0,0]]]},
"G600": {"type": "Matrix2x2", "payoffs": [[[39,87],[19,69]],[[16,25],[0,0]]]},
"G601": {"type": "Matrix2x2", "payoffs": [[[2,60],[8,92]],[[0,0],[1,35]]]},
"G602": {"type": "Matrix2x2", "payoffs": [[[0,0],[24,22]],[[4,17],[19,7]]]},
"G603": {"type": "Matrix2x2", "payoffs": [[[33,0],[71,81]],[[40,56],[0,7]]]},
"G604": {"type": "Matrix2x2", "payoffs": [[[0,2],[26,3]],[[1,0],[5,1]]]},
"G605": {"type": "Matrix2x2", "payoffs": [[[15,0],[69,56]],[[0,15],[31,40]]]},
"G606": {"type": "Matrix2x2", "payoffs": [[[6,67],[0,36]],[[32,0],[98,74]]]},
"G607": {"type": "Matrix2x2", "payoffs": [[[84,86],[0,23]],[[17,0],[70,83]]]},
"G608": {"type": "Matrix2x2", "payoffs": [[[27,43],[0,30]],[[20,0],[7,26]]]},
"G609": {"type": "Matrix2x2", "payoffs": [[[11,9],[25,11]],[[0,3],[22,0]]]},
"G610": {"type": "Matrix2x2", "payoffs": [[[57,34],[0,7]],[[54,0],[24,1]]]},
"G611": {"type": "Matrix2x2", "payoffs": [[[0,0],[31,94]],[[9,87],[30,12]]]},
"G612": {"type": "Matrix2x2", "payoffs": [[[0,32],[69,59]],[[53,28],[31,0]]]},
"G613": {"type": "Matrix2x2", "payoffs": [[[12,23],[16,0]],[[0,11],[54,26]]]},
"G614": {"type": "Matrix2x2", "payoffs": [[[18,6],[88,17]],[[1,0],[0,9]]]},
"G615": {"type": "Matrix2x2", "payoffs": [[[0,61],[32,6]],[[52,89],[51,0]]]},
"G616": {"type": "Matrix2x2", "payoffs": [[[0,0],[58,87]],[[56,13],[40,53]]]},
"G617": {"type": "Matrix2x2", "payoffs": [[[97,85],[24,0]],[[0,11],[60,26]]]},
"G618": {"type": "Matrix2x2", "payoffs": [[[0,0],[1,30]],[[6,34],[2,15]]]},
"G619": {"type": "Matrix2x2", "payoffs": [[[22,9],[54,0]],[[0,7],[88,19]]]},
"G620": {"type": "Matrix2x2", "payoffs": [[[0,0],[78,65]],[[19,25],[1,21]]]},
"G621": {"type": "Matrix2x2", "payoffs": [[[13,13],[38,0]],[[0,60],[41,65]]]},
"G622": {"type": "Matrix2x2", "payoffs": [[[13,0],[0,23]],[[65,59],[50,58]]]},
"G623": {"type": "Matrix2x2", "payoffs": [[[95,38],[0,0]],[[34,30],[80,16]]]},
"G624": {"type": "Matrix2x2", "payoffs": [[[0,13],[23,0]],[[49,15],[59,38]]]},
"G625": {"type": "Matrix2x2", "payoffs": [[[0,30],[27,31]],[[40,47],[19,0]]]},
"G626": {"type": "Matrix2x2", "payoffs": [[[90,80],[0,57]],[[2,19],[71,0]]]},
"G627": {"type": "Matrix2x2", "payoffs": [[[2,8],[3,48]],[[1,12],[0,0]]]},
"G628": {"type": "Matrix2x2", "payoffs": [[[61,0],[0,17]],[[52,1],[85,53]]]},
"G629": {"type": "Matrix2x2", "payoffs": [[[12,4],[0,0]],[[7,3],[2,2]]]},
"G630": {"type": "Matrix2x2", "payoffs": [[[0,1],[28,0]],[[43,3],[12,2]]]},
"G631": {"type": "Matrix2x2", "payoffs": [[[0,7],[28,28]],[[23,0],[7,3]]]},
"G632": {"type": "Matrix2x2", "payoffs": [[[42,37],[87,79]],[[0,0],[50,68]]]},
"G633": {"type": "Matrix2x2", "payoffs": [[[78,0],[91,50]],[[13,9],[0,4]]]},
"G634": {"type": "Matrix2x2", "payoffs": [[[0,1],[74,23]],[[54,0],[59,11]]]},
"G635": {"type": "Matrix2x2", "payoffs": [[[65,7],[24,4]],[[40,6],[0,0]]]},
"G636": {"type": "Matrix2x2", "payoffs": [[[16,8],[1,0]],[[49,11],[0,6]]]},
"G637": {"type": "Matrix2x2", "payoffs": [[[72,9],[8,0]],[[0,22],[100,36]]]},
"G638": {"type": "Matrix2x2", "payoffs": [[[0,1],[49,3]],[[16,2],[29,0]]]},
"G639": {"type": "Matrix2x2", "payoffs": [[[0,0],[86,56]],[[2,4],[21,52]]]},
"G640": {"type": "Matrix2x2", "payoffs": [[[39,8],[66,27]],[[28,0],[0,20]]]},
"G641": {"type": "Matrix2x2", "payoffs": [[[0,0],[80,40]],[[59,20],[63,22]]]},
"G642": {"type": "Matrix2x2", "payoffs": [[[17,74],[0,41]],[[13,5],[7,0]]]},
"G643": {"type": "Matrix2x2", "payoffs": [[[81,88],[0,0]],[[72,35],[10,82]]]},
"G644": {"type": "Matrix2x2", "payoffs": [[[5,46],[0,34]],[[2,0],[23,69]]]},
"G645": {"type": "Matrix2x2", "payoffs": [[[94,93],[0,0]],[[15,40],[53,82]]]},
"G646": {"type": "Matrix2x2", "payoffs": [[[42,0],[0,10]],[[45,19],[37,17]]]},
"G647": {"type": "Matrix2x2", "payoffs": [[[78,63],[34,7]],[[0,47],[76,0]]]},
"G648": {"type": "Matrix2x2", "payoffs": [[[27,16],[13,0]],[[0,4],[50,19]]]},
"G649": {"type": "Matrix2x2", "payoffs": [[[39,37],[29,0]],[[7,18],[0,3]]]},
"G650": {"type": "Matrix2x2", "payoffs": [[[0,0],[4,2]],[[13,9],[3,5]]]},
"G651": {"type": "Matrix2x2", "payoffs": [[[76,58],[22,3]],[[0,0],[67,8]]]},
"G652": {"type": "Matrix2x2", "payoffs": [[[2,6],[4,0]],[[11,70],[0,35]]]},
"G653": {"type": "Matrix2x2", "payoffs": [[[75,0],[0,34]],[[68,76],[85,77]]]},
"G654": {"type": "Matrix2x2", "payoffs": [[[6,63],[15,60]],[[0,0],[16,67]]]},
"G655": {"type": "Matrix2x2", "payoffs": [[[0,12],[15,31]],[[1,22],[10,0]]]},
"G656": {"type": "Matrix2x2", "payoffs": [[[55,61],[0,12]],[[51,0],[22,23]]]},
"G657": {"type": "Matrix2x2", "payoffs": [[[3,71],[0,65]],[[2,0],[1,28]]]},
"G658": {"type": "Matrix2x2", "payoffs": [[[2,0],[24,21]],[[59,51],[0,41]]]},
"G659": {"type": "Matrix2x2", "payoffs": [[[10,0],[20,9]],[[0,3],[11,5]]]},
"G660": {"type": "Matrix2x2", "payoffs": [[[27,53],[64,77]],[[85,78],[0,0]]]},
"G661": {"type": "Matrix2x2", "payoffs": [[[32,0],[63,38]],[[0,9],[61,6]]]},
"G662": {"type": "Matrix2x2", "payoffs": [[[35,0],[43,2]],[[0,32],[94,51]]]},
"G663": {"type": "Matrix2x2", "payoffs": [[[9,72],[0,11]],[[5,0],[3,30]]]},
"G664": {"type": "Matrix2x2", "payoffs": [[[51,0],[56,82]],[[50,38],[0,36]]]},
"G665": {"type": "Matrix2x2", "payoffs": [[[88,34],[0,30]],[[13,10],[60,0]]]},
"G666": {"type": "Matrix2x2", "payoffs": [[[0,42],[36,23]],[[82,43],[30,0]]]},
"G667": {"type": "Matrix2x2", "payoffs": [[[85,24],[0,0]],[[5,6],[83,11]]]},
"G668": {"type": "Matrix2x2", "payoffs": [[[20,2],[74,0]],[[98,19],[0,9]]]},
"G669": {"type": "Matrix2x2", "payoffs": [[[0,0],[21,16]],[[70,14],[95,28]]]},
"G670": {"type": "Matrix2x2", "payoffs": [[[0,0],[79,32]],[[27,15],[33,26]]]},
"G671": {"type": "Matrix2x2", "payoffs": [[[6,47],[10,30]],[[0,0],[14,48]]]},
"G672": {"type": "Matrix2x2", "payoffs": [[[92,45],[33,51]],[[0,0],[98,60]]]},
"G673": {"type": "Matrix2x2", "payoffs": [[[0,17],[58,66]],[[42,0],[51,54]]]},
"G674": {"type": "Matrix2x2", "payoffs": [[[5,27],[0,0]],[[10,62],[15,70]]]},
"G675": {"type": "Matrix2x2", "payoffs": [[[16,0],[28,10]],[[66,17],[0,2]]]},
"G676": {"type": "Matrix2x2", "payoffs": [[[87,46],[68,0]],[[97,81],[0,70]]]},
"G677": {"type": "Matrix2x2", "payoffs": [[[48,34],[0,0]],[[1,17],[15,19]]]},
"G678": {"type": "Matrix2x2", "payoffs": [[[64,30],[0,0]],[[25,8],[18,16]]]},
"G679": {"type": "Matrix2x2", "payoffs": [[[5,9],[0,0]],[[7,24],[4,5]]]},
"G680": {"type": "Matrix2x2", "payoffs": [[[14,3],[28,78]],[[5,4],[0,0]]]},
"G681": {"type": "Matrix2x2", "payoffs": [[[0,35],[79,46]],[[52,0],[42,18]]]},
"G682": {"type": "Matrix2x2", "payoffs": [[[4,26],[6,55]],[[0,0],[2,2]]]},
"G683": {"type": "Matrix2x2", "payoffs": [[[61,0],[0,35]],[[38,37],[63,45]]]},
"G684": {"type": "Matrix2x2", "payoffs": [[[51,59],[6,0]],[[0,16],[20,55]]]},
"G685": {"type": "Matrix2x2", "payoffs": [[[39,0],[100,14]],[[0,2],[8,6]]]},
"G686": {"type": "Matrix2x2", "payoffs": [[[12,55],[80,74]],[[21,2],[0,0]]]},
"G687": {"type": "Matrix2x2", "payoffs": [[[21,0],[0,34]],[[35,55],[6,2]]]},
"G688": {"type": "Matrix2x2", "payoffs": [[[47,83],[8,72]],[[43,0],[0,54]]]},
"G689": {"type": "Matrix2x2", "payoffs": [[[26,43],[34,0]],[[55,51],[0,18]]]},
"G690": {"type": "Matrix2x2", "payoffs": [[[4,20],[1,19]],[[0,0],[6,35]]]},
"G691": {"type": "Matrix2x2", "payoffs": [[[13,0],[96,10]],[[54,1],[0,5]]]},
"G692": {"type": "Matrix2x2", "payoffs": [[[12,84],[4,53]],[[6,55],[0,0]]]},
"G693": {"type": "Matrix2x2", "payoffs": [[[5,3],[2,2]],[[0,1],[4,0]]]},
"G694": {"type": "Matrix2x2", "payoffs": [[[99,60],[33,42]],[[6,0],[0,18]]]},
"G695": {"type": "Matrix2x2", "payoffs": [[[0,63],[13,30]],[[19,0],[21,65]]]},
"G696": {"type": "Matrix2x2", "payoffs": [[[80,16],[75,5]],[[0,0],[35,8]]]},
"G697": {"type": "Matrix2x2", "payoffs": [[[99,50],[0,28]],[[60,0],[2,20]]]},
"G698": {"type": "Matrix2x2", "payoffs": [[[96,34],[76,23]],[[0,10],[63,0]]]},
"G699": {"type": "Matrix2x2", "payoffs": [[[13,0],[18,17]],[[72,49],[0,19]]]},
"G700": {"type": "Matrix2x2", "payoffs": [[[9,0],[10,15]],[[0,12],[60,34]]]},
"G701": {"type": "Matrix2x2", "payoffs": [[[0,0],[22,30]],[[13,29],[26,59]]]},
"G702": {"type": "Matrix2x2", "payoffs": [[[15,24],[0,12]],[[8,0],[27,41]]]},
"G703": {"type": "Matrix2x2", "payoffs": [[[39,0],[22,27]],[[0,13],[56,95]]]},
"G704": {"type": "Matrix2x2", "payoffs": [[[0,20],[4,0]],[[46,25],[34,3]]]},
"G705": {"type": "Matrix2x2", "payoffs": [[[30,31],[0,0]],[[20,30],[1,23]]]},
"G706": {"type": "Matrix2x2", "payoffs": [[[2,0],[1,27]],[[0,36],[6,62]]]},
"G707": {"type": "Matrix2x2", "payoffs": [[[18,0],[69,49]],[[0,16],[42,35]]]},
"G708": {"type": "Matrix2x2", "payoffs": [[[13,52],[16,29]],[[17,65],[0,0]]]},
"G709": {"type": "Matrix2x2", "payoffs": [[[24,0],[74,35]],[[44,18],[0,26]]]},
"G710": {"type": "Matrix2x2", "payoffs": [[[54,66],[16,50]],[[0,11],[9,0]]]},
"G711": {"type": "Matrix2x2", "payoffs": [[[2,52],[69,65]],[[0,0],[3,29]]]},
"G712": {"type": "Matrix2x2", "payoffs": [[[4,0],[0,4]],[[6,5],[2,3]]]},
"G713": {"type": "Matrix2x2", "payoffs": [[[0,9],[34,14]],[[8,0],[4,5]]]},
"G714": {"type": "Matrix2x2", "payoffs": [[[56,0],[65,30]],[[0,7],[21,1]]]},
"G715": {"type": "Matrix2x2", "payoffs": [[[11,8],[54,70]],[[0,0],[19,65]]]},
"G716": {"type": "Matrix2x2", "payoffs": [[[17,87],[12,80]],[[16,25],[0,0]]]},
"G717": {"type": "Matrix2x2", "payoffs": [[[19,0],[28,8]],[[0,6],[23,5]]]},
"G718": {"type": "Matrix2x2", "payoffs": [[[18,0],[0,32]],[[19,47],[7,11]]]},
"G719": {"type": "Matrix2x2", "payoffs": [[[7,17],[6,7]],[[0,9],[5,0]]]},
"G720": {"type": "Matrix2x2", "payoffs": [[[44,0],[3,10]],[[96,19],[0,3]]]},
"G721": {"type": "Matrix2x2", "payoffs": [[[0,0],[25,98]],[[13,28],[11,6]]]},
"G722": {"type": "Matrix2x2", "payoffs": [[[37,2],[9,0]],[[93,15],[0,10]]]},
"G723": {"type": "Matrix2x2", "payoffs": [[[87,87],[0,19]],[[36,78],[46,0]]]},
"G724": {"type": "Matrix2x2", "payoffs": [[[0,36],[53,44]],[[31,0],[49,4]]]},
"G725": {"type": "Matrix2x2", "payoffs": [[[23,70],[0,33]],[[19,65],[1,0]]]},
"G726": {"type": "Matrix2x2", "payoffs": [[[5,4],[0,7]],[[59,8],[24,0]]]},
"G727": {"type": "Matrix2x2", "payoffs": [[[30,5],[54,0]],[[57,49],[0,36]]]},
"G728": {"type": "Matrix2x2", "payoffs": [[[61,98],[6,63]],[[57,26],[0,0]]]},
"G729": {"type": "Matrix2x2", "payoffs": [[[0,28],[3,0]],[[1,3],[9,53]]]},
"G730": {"type": "Matrix2x2", "payoffs": [[[0,11],[75,42]],[[19,0],[73,34]]]},
"G731": {"type": "Matrix2x2", "payoffs": [[[36,89],[12,30]],[[22,35],[0,0]]]},
"G732": {"type": "Matrix2x2", "payoffs": [[[37,0],[0,43]],[[5,69],[50,83]]]},
"G733": {"type": "Matrix2x2", "payoffs": [[[8,24],[0,0]],[[24,89],[7,66]]]},
"G734": {"type": "Matrix2x2", "payoffs": [[[85,20],[78,0]],[[34,4],[0,15]]]},
"G735": {"type": "Matrix2x2", "payoffs": [[[3,36],[35,58]],[[0,22],[8,0]]]},
"G736": {"type": "Matrix2x2", "payoffs": [[[0,0],[52,3]],[[27,1],[24,2]]]},
"G737": {"type": "Matrix2x2", "payoffs": [[[28,0],[0,9]],[[13,68],[29,79]]]},
"G738": {"type": "Matrix2x2", "payoffs": [[[0,0],[3,32]],[[27,98],[6,62]]]},
"G739": {"type": "Matrix2x2", "payoffs": [[[41,23],[51,49]],[[0,0],[52,88]]]},
"G740": {"type": "Matrix2x2", "payoffs": [[[0,7],[2,0]],[[7,36],[6,28]]]},
"G741": {"type": "Matrix2x2", "payoffs": [[[26,8],[0,53]],[[30,0],[56,66]]]},
"G742": {"type": "Matrix2x2", "payoffs": [[[1,67],[3,0]],[[0,8],[6,77]]]},
"G743": {"type": "Matrix2x2", "payoffs": [[[0,0],[31,17]],[[29,13],[93,22]]]},
"G744": {"type": "Matrix2x2", "payoffs": [[[0,24],[14,19]],[[41,0],[45,39]]]},
"G745": {"type": "Matrix2x2", "payoffs": [[[22,0],[0,14]],[[2,20],[33,23]]]},
"G746": {"type": "Matrix2x2", "payoffs": [[[0,20],[52,29]],[[54,0],[84,32]]]},
"G747": {"type": "Matrix2x2", "payoffs": [[[5,19],[13,35]],[[0,0],[9,13]]]},
"G748": {"type": "Matrix2x2", "payoffs": [[[6,0],[56,92]],[[0,65],[40,15]]]},
"G749": {"type": "Matrix2x2", "payoffs": [[[71,22],[0,23]],[[94,41],[27,0]]]},
"G750": {"type": "Matrix2x2", "payoffs": [[[27,0],[80,45]],[[10,35],[0,44]]]},
"G751": {"type": "Matrix2x2", "payoffs": [[[15,13],[10,8]],[[0,12],[14,0]]]},
"G752": {"type": "Matrix2x2", "payoffs": [[[36,0],[0,7]],[[71,8],[90,47]]]},
"G753": {"type": "Matrix2x2", "payoffs": [[[30,34],[0,29]],[[17,0],[27,24]]]},
"G754": {"type": "Matrix2x2", "payoffs": [[[52,0],[0,1]],[[66,2],[92,3]]]},
"G755": {"type": "Matrix2x2", "payoffs": [[[19,64],[0,0]],[[18,20],[6,58]]]},
"G756": {"type": "Matrix2x2", "payoffs": [[[47,56],[31,31]],[[22,0],[0,14]]]},
"G757": {"type": "Matrix2x2", "payoffs": [[[4,64],[0,0]],[[15,74],[5,26]]]},
"G758": {"type": "Matrix2x2", "payoffs": [[[0,0],[71,27]],[[14,8],[29,6]]]},
"G759": {"type": "Matrix2x2", "payoffs": [[[66,46],[63,32]],[[14,0],[0,28]]]},
"G760": {"type": "Matrix2x2", "payoffs": [[[50,32],[5,0]],[[0,15],[63,77]]]},
"G761": {"type": "Matrix2x2", "payoffs": [[[0,47],[19,11]],[[52,62],[39,0]]]},
"G762": {"type": "Matrix2x2", "payoffs": [[[29,0],[0,87]],[[30,44],[41,99]]]},
"G763": {"type": "Matrix2x2", "payoffs": [[[42,48],[10,0]],[[0,70],[48,86]]]},
"G764": {"type": "Matrix2x2", "payoffs": [[[86,69],[0,33]],[[11,38],[65,0]]]},
"G765": {"type": "Matrix2x2", "payoffs": [[[22,15],[0,13]],[[11,0],[4,10]]]},
"G766": {"type": "Matrix2x2", "payoffs": [[[15,16],[17,64]],[[28,98],[0,0]]]},
"G767": {"type": "Matrix2x2", "payoffs": [[[22,15],[6,0]],[[0,66],[94,81]]]},
"G768": {"type": "Matrix2x2", "payoffs": [[[0,4],[25,0]],[[45,42],[3,18]]]},
"G769": {"type": "Matrix2x2", "payoffs": [[[1,28],[0,0]],[[9,68],[3,48]]]},
"G770": {"type": "Matrix2x2", "payoffs": [[[16,0],[7,35]],[[26,48],[0,10]]]},
"G771": {"type": "Matrix2x2", "payoffs": [[[31,0],[47,44]],[[16,4],[0,11]]]},
"G772": {"type": "Matrix2x2", "payoffs": [[[29,1],[0,0]],[[8,48],[91,51]]]},
"G773": {"type": "Matrix2x2", "payoffs": [[[48,13],[47,0]],[[12,7],[0,11]]]},
"G774": {"type": "Matrix2x2", "payoffs": [[[22,23],[8,9]],[[0,0],[36,57]]]},
"G775": {"type": "Matrix2x2", "payoffs": [[[87,48],[99,57]],[[60,0],[0,2]]]},
"G776": {"type": "Matrix2x2", "payoffs": [[[73,0],[77,3]],[[52,1],[0,2]]]},
"G777": {"type": "Matrix2x2", "payoffs": [[[17,75],[4,0]],[[35,91],[0,85]]]},
"G778": {"type": "Matrix2x2", "payoffs": [[[0,8],[2,0]],[[3,4],[4,20]]]},
"G779": {"type": "Matrix2x2", "payoffs": [[[63,8],[0,13]],[[87,28],[15,0]]]},
"G780": {"type": "Matrix2x2", "payoffs": [[[0,26],[1,24]],[[14,0],[26,48]]]},
"G781": {"type": "Matrix2x2", "payoffs": [[[32,37],[13,4]],[[20,8],[0,0]]]},
"G782": {"type": "Matrix2x2", "payoffs": [[[55,11],[65,14]],[[63,0],[0,8]]]},
"G783": {"type": "Matrix2x2", "payoffs": [[[4,8],[0,20]],[[19,27],[2,0]]]},
"G784": {"type": "Matrix2x2", "payoffs": [[[0,0],[7,19]],[[87,87],[10,75]]]},
"G785": {"type": "Matrix2x2", "payoffs": [[[5,2],[10,4]],[[12,17],[0,0]]]},
"G786": {"type": "Matrix2x2", "payoffs": [[[69,36],[99,88]],[[0,0],[61,34]]]},
"G787": {"type": "Matrix2x2", "payoffs": [[[0,0],[19,97]],[[18,83],[10,73]]]},
"G788": {"type": "Matrix2x2", "payoffs": [[[0,0],[23,49]],[[1,28],[19,35]]]},
"G789": {"type": "Matrix2x2", "payoffs": [[[88,38],[81,4]],[[0,17],[64,0]]]},
"G790": {"type": "Matrix2x2", "payoffs": [[[0,3],[62,5]],[[6,0],[9,4]]]},
"G791": {"type": "Matrix2x2", "payoffs": [[[10,62],[7,28]],[[0,0],[3,20]]]},
"G792": {"type": "Matrix2x2", "payoffs": [[[0,27],[5,23]],[[6,0],[11,68]]]},
"G793": {"type": "Matrix2x2", "payoffs": [[[20,0],[0,19]],[[51,5],[71,22]]]},
"G794": {"type": "Matrix2x2", "payoffs": [[[80,12],[32,0]],[[63,1],[0,5]]]},
"G795": {"type": "Matrix2x2", "payoffs": [[[0,54],[60,86]],[[38,0],[78,94]]]},
"G796": {"type": "Matrix2x2", "payoffs": [[[53,80],[3,79]],[[37,0],[0,57]]]},
"G797": {"type": "Matrix2x2", "payoffs": [[[0,1],[29,20]],[[37,0],[84,44]]]},
"G798": {"type": "Matrix2x2", "payoffs": [[[11,42],[0,0]],[[28,60],[23,51]]]},
"G799": {"type": "Matrix2x2", "payoffs": [[[39,8],[14,3]],[[0,0],[40,10]]]},
"G800": {"type": "Matrix2x2", "payoffs": [[[76,79],[21,26]],[[0,0],[19,29]]]},
"G801": {"type": "Matrix2x2", "payoffs": [[[4,2],[5,31]],[[2,0],[0,28]]]},
"G802": {"type": "Matrix2x2", "payoffs": [[[0,0],[54,86]],[[7,6],[9,23]]]},
"G803": {"type": "Matrix2x2", "payoffs": [[[0,34],[2,0]],[[31,57],[21,51]]]},
"G804": {"type": "Matrix2x2", "payoffs": [[[33,38],[2,29]],[[0,0],[6,35]]]},
"G805": {"type": "Matrix2x2", "payoffs": [[[34,21],[43,95]],[[0,67],[12,0]]]},
"G806": {"type": "Matrix2x2", "payoffs": [[[24,0],[0,14]],[[78,75],[55,30]]]},
"G807": {"type": "Matrix2x2", "payoffs": [[[0,0],[51,95]],[[16,83],[40,86]]]},
"G808": {"type": "Matrix2x2", "payoffs": [[[12,56],[21,83]],[[0,75],[6,0]]]},
"G809": {"type": "Matrix2x2", "payoffs": [[[72,96],[5,0]],[[0,13],[30,45]]]},
"G810": {"type": "Matrix2x2", "payoffs": [[[0,5],[41,12]],[[5,0],[6,11]]]},
"G811": {"type": "Matrix2x2", "payoffs": [[[66,91],[37,70]],[[33,5],[0,0]]]},
"G812": {"type": "Matrix2x2", "payoffs": [[[28,23],[0,20]],[[1,21],[12,0]]]},
"G813": {"type": "Matrix2x2", "payoffs": [[[84,20],[0,0]],[[53,50],[86,53]]]},
"G814": {"type": "Matrix2x2", "payoffs": [[[6,16],[25,98]],[[5,0],[0,30]]]},
"G815": {"type": "Matrix2x2", "payoffs": [[[0,15],[17,68]],[[14,0],[9,11]]]},
"G816": {"type": "Matrix2x2", "payoffs": [[[0,18],[4,0]],[[5,90],[3,56]]]},
"G817": {"type": "Matrix2x2", "payoffs": [[[35,0],[0,15]],[[43,27],[25,19]]]},
"G818": {"type": "Matrix2x2", "payoffs": [[[43,0],[0,36]],[[39,8],[55,99]]]},
"G819": {"type": "Matrix2x2", "payoffs": [[[13,57],[9,0]],[[0,8],[3,51]]]},
"G820": {"type": "Matrix2x2", "payoffs": [[[47,77],[28,68]],[[3,24],[0,0]]]},
"G821": {"type": "Matrix2x2", "payoffs": [[[0,0],[16,29]],[[14,12],[9,27]]]},
"G822": {"type": "Matrix2x2", "payoffs": [[[30,0],[18,32]],[[0,29],[37,51]]]},
"G823": {"type": "Matrix2x2", "payoffs": [[[12,38],[5,24]],[[0,13],[4,0]]]},
"G824": {"type": "Matrix2x2", "payoffs": [[[5,1],[4,0]],[[7,4],[0,3]]]},
"G825": {"type": "Matrix2x2", "payoffs": [[[41,0],[0,1]],[[62,9],[45,8]]]},
"G826": {"type": "Matrix2x2", "payoffs": [[[19,12],[0,21]],[[73,0],[86,22]]]},
"G827": {"type": "Matrix2x2", "payoffs": [[[0,15],[24,0]],[[28,31],[33,46]]]},
"G828": {"type": "Matrix2x2", "payoffs": [[[0,68],[18,24]],[[1,0],[25,99]]]},
"G829": {"type": "Matrix2x2", "payoffs": [[[0,0],[22,60]],[[12,27],[4,40]]]},
"G830": {"type": "Matrix2x2", "payoffs": [[[23,89],[0,79]],[[2,16],[6,0]]]},
"G831": {"type": "Matrix2x2", "payoffs": [[[88,6],[94,35]],[[0,0],[21,7]]]},
"G832": {"type": "Matrix2x2", "payoffs": [[[0,49],[7,58]],[[13,0],[19,97]]]},
"G833": {"type": "Matrix2x2", "payoffs": [[[19,1],[32,5]],[[25,0],[0,3]]]},
"G834": {"type": "Matrix2x2", "payoffs": [[[21,23],[0,0]],[[83,25],[57,15]]]},
"G835": {"type": "Matrix2x2", "payoffs": [[[55,0],[64,3]],[[47,2],[0,1]]]},
"G836": {"type": "Matrix2x2", "payoffs": [[[65,86],[0,0]],[[6,25],[36,77]]]},
"G837": {"type": "Matrix2x2", "payoffs": [[[10,2],[0,0]],[[22,39],[50,49]]]},
"G838": {"type": "Matrix2x2", "payoffs": [[[14,0],[11,14]],[[28,80],[0,31]]]},
"G839": {"type": "Matrix2x2", "payoffs": [[[13,2],[8,12]],[[0,0],[35,61]]]},
"G840": {"type": "Matrix2x2", "payoffs": [[[31,33],[0,0]],[[64,57],[32,13]]]},
"G841": {"type": "Matrix2x2", "payoffs": [[[22,14],[0,28]],[[48,0],[60,39]]]},
"G842": {"type": "Matrix2x2", "payoffs": [[[56,1],[22,0]],[[79,4],[0,2]]]},
"G843": {"type": "Matrix2x2", "payoffs": [[[91,92],[59,9]],[[73,0],[0,7]]]},
"G844": {"type": "Matrix2x2", "payoffs": [[[34,17],[0,28]],[[38,0],[96,34]]]},
"G845": {"type": "Matrix2x2", "payoffs": [[[42,87],[31,43]],[[0,55],[33,0]]]},
"G846": {"type": "Matrix2x2", "payoffs": [[[58,8],[34,7]],[[33,3],[0,0]]]},
"G847": {"type": "Matrix2x2", "payoffs": [[[7,96],[6,65]],[[0,57],[1,0]]]},
"G848": {"type": "Matrix2x2", "payoffs": [[[0,34],[31,0]],[[78,41],[62,31]]]},
"G849": {"type": "Matrix2x2", "payoffs": [[[8,9],[57,0]],[[0,30],[83,41]]]},
"G850": {"type": "Matrix2x2", "payoffs": [[[0,23],[56,39]],[[49,0],[64,55]]]},
"G851": {"type": "Matrix2x2", "payoffs": [[[35,56],[0,50]],[[3,0],[12,10]]]},
"G852": {"type": "Matrix2x2", "payoffs": [[[0,0],[43,61]],[[26,26],[3,9]]]},
"G853": {"type": "Matrix2x2", "payoffs": [[[95,74],[59,64]],[[10,26],[0,0]]]},
"G854": {"type": "Matrix2x2", "payoffs": [[[18,0],[36,61]],[[24,28],[0,30]]]},
"G855": {"type": "Matrix2x2", "payoffs": [[[0,0],[45,5]],[[13,6],[56,8]]]},
"G856": {"type": "Matrix2x2", "payoffs": [[[43,4],[13,3]],[[0,0],[37,2]]]},
"G857": {"type": "Matrix2x2", "payoffs": [[[0,12],[7,0]],[[13,100],[10,41]]]},
"G858": {"type": "Matrix2x2", "payoffs": [[[49,0],[55,54]],[[0,13],[31,32]]]},
"G859": {"type": "Matrix2x2", "payoffs": [[[21,29],[73,38]],[[49,25],[0,0]]]},
"G860": {"type": "Matrix2x2", "payoffs": [[[30,0],[0,30]],[[13,10],[33,37]]]},
"G861": {"type": "Matrix2x2", "payoffs": [[[11,7],[21,15]],[[20,0],[0,2]]]},
"G862": {"type": "Matrix2x2", "payoffs": [[[75,86],[50,46]],[[0,0],[15,69]]]},
"G863": {"type": "Matrix2x2", "payoffs": [[[3,49],[0,0]],[[2,19],[1,3]]]},
"G864": {"type": "Matrix2x2", "payoffs": [[[47,27],[0,41]],[[51,55],[29,0]]]},
"G865": {"type": "Matrix2x2", "payoffs": [[[0,0],[45,13]],[[33,12],[58,45]]]},
"G866": {"type": "Matrix2x2", "payoffs": [[[21,44],[52,0]],[[0,14],[81,46]]]},
"G867": {"type": "Matrix2x2", "payoffs": [[[9,8],[0,0]],[[52,15],[83,38]]]},
"G868": {"type": "Matrix2x2", "payoffs": [[[0,18],[19,0]],[[18,15],[36,22]]]},
"G869": {"type": "Matrix2x2", "payoffs": [[[5,0],[21,13]],[[0,27],[33,30]]]},
"G870": {"type": "Matrix2x2", "payoffs": [[[14,17],[13,2]],[[0,0],[8,10]]]},
"G871": {"type": "Matrix2x2", "payoffs": [[[31,0],[26,47]],[[35,58],[0,18]]]},
"G872": {"type": "Matrix2x2", "payoffs": [[[40,38],[84,88]],[[0,56],[26,0]]]},
"G873": {"type": "Matrix2x2", "payoffs": [[[23,0],[0,14]],[[15,30],[24,54]]]},
"G874": {"type": "Matrix2x2", "payoffs": [[[5,21],[56,15]],[[63,25],[0,0]]]},
"G875": {"type": "Matrix2x2", "payoffs": [[[37,0],[0,58]],[[56,76],[32,5]]]},
"G876": {"type": "Matrix2x2", "payoffs": [[[33,0],[53,22]],[[50,4],[0,6]]]},
"G877": {"type": "Matrix2x2", "payoffs": [[[13,0],[4,96]],[[36,97],[0,76]]]},
"G878": {"type": "Matrix2x2", "payoffs": [[[81,3],[71,67]],[[0,0],[86,68]]]},
"G879": {"type": "Matrix2x2", "payoffs": [[[39,7],[40,21]],[[96,29],[0,0]]]},
"G880": {"type": "Matrix2x2", "payoffs": [[[72,49],[32,0]],[[19,35],[0,34]]]},
"G881": {"type": "Matrix2x2", "payoffs": [[[22,70],[84,0]],[[88,80],[0,72]]]},
"G882": {"type": "Matrix2x2", "payoffs": [[[16,13],[66,31]],[[0,0],[11,9]]]},
"G883": {"type": "Matrix2x2", "payoffs": [[[7,69],[14,81]],[[10,51],[0,0]]]},
"G884": {"type": "Matrix2x2", "payoffs": [[[28,0],[50,6]],[[0,5],[84,27]]]},
"G885": {"type": "Matrix2x2", "payoffs": [[[12,9],[0,3]],[[1,0],[8,6]]]},
"G886": {"type": "Matrix2x2", "payoffs": [[[16,46],[0,0]],[[14,37],[8,9]]]},
"G887": {"type": "Matrix2x2", "payoffs": [[[46,0],[0,75]],[[2,23],[49,90]]]},
"G888": {"type": "Matrix2x2", "payoffs": [[[0,0],[19,88]],[[16,2],[1,21]]]},
"G889": {"type": "Matrix2x2", "payoffs": [[[10,24],[21,30]],[[7,4],[0,0]]]},
"G890": {"type": "Matrix2x2", "payoffs": [[[14,2],[0,0]],[[16,4],[15,3]]]},
"G891": {"type": "Matrix2x2", "payoffs": [[[12,92],[0,66]],[[25,99],[11,0]]]},
"G892": {"type": "Matrix2x2", "payoffs": [[[50,18],[36,0]],[[0,3],[4,12]]]},
"G893": {"type": "Matrix2x2", "payoffs": [[[10,0],[32,11]],[[0,9],[29,10]]]},
"G894": {"type": "Matrix2x2", "payoffs": [[[74,51],[6,41]],[[34,0],[0,29]]]},
"G895": {"type": "Matrix2x2", "payoffs": [[[69,62],[38,60]],[[68,0],[0,36]]]},
"G896": {"type": "Matrix2x2", "payoffs": [[[60,19],[0,0]],[[78,23],[30,15]]]},
"G897": {"type": "Matrix2x2", "payoffs": [[[12,32],[13,0]],[[62,34],[0,25]]]},
"G898": {"type": "Matrix2x2", "payoffs": [[[1,0],[0,45]],[[18,17],[47,90]]]},
"G899": {"type": "Matrix2x2", "payoffs": [[[15,15],[0,0]],[[10,31],[74,71]]]},
"G900": {"type": "Matrix2x2", "payoffs": [[[2,3],[3,32]],[[0,0],[1,28]]]},
"G901": {"type": "Matrix2x2", "payoffs": [[[48,0],[0,3]],[[13,16],[72,49]]]},
"G902": {"type": "Matrix2x2", "payoffs": [[[0,25],[19,0]],[[8,11],[31,44]]]},
"G903": {"type": "Matrix2x2", "payoffs": [[[22,54],[38,86]],[[23,0],[0,17]]]},
"G904": {"type": "Matrix2x2", "payoffs": [[[54,10],[0,0]],[[18,7],[27,3]]]},
"G905": {"type": "Matrix2x2", "payoffs": [[[4,9],[0,0]],[[17,12],[1,2]]]},
"G906": {"type": "Matrix2x2", "payoffs": [[[0,43],[32,83]],[[19,0],[11,57]]]},
"G907": {"type": "Matrix2x2", "payoffs": [[[6,0],[7,4]],[[1,2],[0,1]]]},
"G908": {"type": "Matrix2x2", "payoffs": [[[61,90],[28,0]],[[0,71],[48,57]]]},
"G909": {"type": "Matrix2x2", "payoffs": [[[0,0],[22,32]],[[28,3],[33,42]]]},
"G910": {"type": "Matrix2x2", "payoffs": [[[88,40],[5,39]],[[68,0],[0,24]]]},
"G911": {"type": "Matrix2x2", "payoffs": [[[0,4],[75,5]],[[100,6],[99,0]]]},
"G912": {"type": "Matrix2x2", "payoffs": [[[7,19],[6,12]],[[0,0],[13,33]]]},
"G913": {"type": "Matrix2x2", "payoffs": [[[0,44],[71,24]],[[73,92],[69,0]]]},
"G914": {"type": "Matrix2x2", "payoffs": [[[13,51],[8,0]],[[0,6],[27,56]]]},
"G915": {"type": "Matrix2x2", "payoffs": [[[0,3],[5,24]],[[16,0],[58,85]]]},
"G916": {"type": "Matrix2x2", "payoffs": [[[7,24],[0,4]],[[14,0],[44,45]]]},
"G917": {"type": "Matrix2x2", "payoffs": [[[6,14],[0,0]],[[24,15],[26,48]]]},
"G918": {"type": "Matrix2x2", "payoffs": [[[0,0],[49,2]],[[67,26],[15,17]]]},
"G919": {"type": "Matrix2x2", "payoffs": [[[12,27],[9,0]],[[0,47],[39,53]]]},
"G920": {"type": "Matrix2x2", "payoffs": [[[14,10],[44,0]],[[0,1],[75,53]]]},
"G921": {"type": "Matrix2x2", "payoffs": [[[77,57],[45,26]],[[35,47],[0,0]]]},
"G922": {"type": "Matrix2x2", "payoffs": [[[10,46],[94,32]],[[0,0],[100,58]]]},
"G923": {"type": "Matrix2x2", "payoffs": [[[22,17],[0,83]],[[19,0],[23,93]]]},
"G924": {"type": "Matrix2x2", "payoffs": [[[47,0],[60,44]],[[51,29],[0,34]]]},
"G925": {"type": "Matrix2x2", "payoffs": [[[0,46],[41,98]],[[23,59],[33,0]]]},
"G926": {"type": "Matrix2x2", "payoffs": [[[0,36],[4,37]],[[16,96],[3,0]]]},
"G927": {"type": "Matrix2x2", "payoffs": [[[10,0],[15,13]],[[7,5],[0,11]]]},
"G928": {"type": "Matrix2x2", "payoffs": [[[17,3],[0,23]],[[28,48],[24,0]]]},
"G929": {"type": "Matrix2x2", "payoffs": [[[23,44],[0,0]],[[69,49],[3,18]]]},
"G930": {"type": "Matrix2x2", "payoffs": [[[78,18],[49,9]],[[0,2],[56,0]]]},
"G931": {"type": "Matrix2x2", "payoffs": [[[0,38],[74,56]],[[69,47],[30,0]]]},
"G932": {"type": "Matrix2x2", "payoffs": [[[10,36],[18,0]],[[0,53],[19,64]]]},
"G933": {"type": "Matrix2x2", "payoffs": [[[12,12],[0,13]],[[53,0],[58,25]]]},
"G934": {"type": "Matrix2x2", "payoffs": [[[72,64],[90,67]],[[11,0],[0,40]]]},
"G935": {"type": "Matrix2x2", "payoffs": [[[42,22],[7,17]],[[38,13],[0,0]]]},
"G936": {"type": "Matrix2x2", "payoffs": [[[2,37],[5,99]],[[0,4],[1,0]]]},
"G937": {"type": "Matrix2x2", "payoffs": [[[0,59],[17,61]],[[4,0],[2,41]]]},
"G938": {"type": "Matrix2x2", "payoffs": [[[34,1],[41,9]],[[0,0],[52,11]]]},
"G939": {"type": "Matrix2x2", "payoffs": [[[0,0],[97,42]],[[60,19],[27,5]]]},
"G940": {"type": "Matrix2x2", "payoffs": [[[38,71],[11,0]],[[0,58],[39,72]]]},
"G941": {"type": "Matrix2x2", "payoffs": [[[8,53],[6,36]],[[5,43],[0,0]]]},
"G942": {"type": "Matrix2x2", "payoffs": [[[5,0],[0,5]],[[60,8],[49,1]]]},
"G943": {"type": "Matrix2x2", "payoffs": [[[0,39],[25,65]],[[10,64],[11,0]]]},
"G944": {"type": "Matrix2x2", "payoffs": [[[18,72],[0,34]],[[1,4],[10,0]]]},
"G945": {"type": "Matrix2x2", "payoffs": [[[22,0],[72,21]],[[28,13],[0,16]]]},
"G946": {"type": "Matrix2x2", "payoffs": [[[0,64],[11,12]],[[96,88],[69,0]]]},
"G947": {"type": "Matrix2x2", "payoffs": [[[52,52],[4,31]],[[0,50],[31,0]]]},
"G948": {"type": "Matrix2x2", "payoffs": [[[9,83],[0,25]],[[15,88],[11,0]]]},
"G949": {"type": "Matrix2x2", "payoffs": [[[70,36],[99,62]],[[62,37],[0,0]]]},
"G950": {"type": "Matrix2x2", "payoffs": [[[23,5],[38,7]],[[27,0],[0,4]]]},
"G951": {"type": "Matrix2x2", "payoffs": [[[20,8],[3,0]],[[43,24],[0,22]]]},
"G952": {"type": "Matrix2x2", "payoffs": [[[22,0],[14,31]],[[45,38],[0,26]]]},
"G953": {"type": "Matrix2x2", "payoffs": [[[83,47],[81,0]],[[0,68],[95,82]]]},
"G954": {"type": "Matrix2x2", "payoffs": [[[7,0],[0,11]],[[9,27],[16,61]]]},
"G955": {"type": "Matrix2x2", "payoffs": [[[0,30],[16,0]],[[76,41],[44,2]]]},
"G956": {"type": "Matrix2x2", "payoffs": [[[82,8],[14,0]],[[10,3],[0,2]]]},
"G957": {"type": "Matrix2x2", "payoffs": [[[0,5],[10,0]],[[21,10],[16,4]]]},
"G958": {"type": "Matrix2x2", "payoffs": [[[56,96],[53,0]],[[0,5],[3,45]]]},
"G959": {"type": "Matrix2x2", "payoffs": [[[0,1],[22,6]],[[6,3],[20,0]]]},
"G960": {"type": "Matrix2x2", "payoffs": [[[3,0],[0,37]],[[32,77],[30,5]]]},
"G961": {"type": "Matrix2x2", "payoffs": [[[100,12],[58,0]],[[64,10],[0,11]]]},
"G962": {"type": "Matrix2x2", "payoffs": [[[9,11],[0,0]],[[1,16],[12,46]]]},
"G963": {"type": "Matrix2x2", "payoffs": [[[42,47],[64,83]],[[0,0],[25,14]]]},
"G964": {"type": "Matrix2x2", "payoffs": [[[54,86],[28,1]],[[1,39],[0,0]]]},
"G965": {"type": "Matrix2x2", "payoffs": [[[19,3],[32,63]],[[0,0],[11,47]]]},
"G966": {"type": "Matrix2x2", "payoffs": [[[0,0],[16,4]],[[40,98],[15,65]]]},
"G967": {"type": "Matrix2x2", "payoffs": [[[0,12],[31,0]],[[42,3],[87,14]]]},
"G968": {"type": "Matrix2x2", "payoffs": [[[8,6],[4,0]],[[0,1],[41,10]]]},
"G969": {"type": "Matrix2x2", "payoffs": [[[0,8],[77,18]],[[47,7],[17,0]]]},
"G970": {"type": "Matrix2x2", "payoffs": [[[4,8],[6,0]],[[0,11],[10,27]]]},
"G971": {"type": "Matrix2x2", "payoffs": [[[3,0],[1,3]],[[15,8],[0,6]]]},
"G972": {"type": "Matrix2x2", "payoffs": [[[66,39],[46,9]],[[0,12],[54,0]]]},
"G973": {"type": "Matrix2x2", "payoffs": [[[70,22],[6,11]],[[39,0],[0,19]]]},
"G974": {"type": "Matrix2x2", "payoffs": [[[58,0],[94,45]],[[1,37],[0,41]]]},
"G975": {"type": "Matrix2x2", "payoffs": [[[2,0],[6,18]],[[11,68],[0,46]]]},
"G976": {"type": "Matrix2x2", "payoffs": [[[77,3],[0,1]],[[53,2],[46,0]]]},
"G977": {"type": "Matrix2x2", "payoffs": [[[46,1],[0,0]],[[72,2],[76,3]]]},
"G978": {"type": "Matrix2x2", "payoffs": [[[0,0],[43,19]],[[42,10],[19,3]]]},
"G979": {"type": "Matrix2x2", "payoffs": [[[13,0],[75,46]],[[55,19],[0,25]]]},
"G980": {"type": "Matrix2x2", "payoffs": [[[0,0],[3,65]],[[1,53],[2,56]]]},
"G981": {"type": "Matrix2x2", "payoffs": [[[71,17],[76,40]],[[0,3],[15,0]]]},
"G982": {"type": "Matrix2x2", "payoffs": [[[14,0],[56,52]],[[0,12],[15,48]]]},
"G983": {"type": "Matrix2x2", "payoffs": [[[31,0],[0,20]],[[7,30],[47,36]]]},
"G984": {"type": "Matrix2x2", "payoffs": [[[59,74],[11,13]],[[63,99],[0,0]]]},
"G985": {"type": "Matrix2x2", "payoffs": [[[93,86],[83,0]],[[0,79],[91,1]]]},
"G986": {"type": "Matrix2x2", "payoffs": [[[97,7],[0,4]],[[22,0],[9,1]]]},
"G987": {"type": "Matrix2x2", "payoffs": [[[45,18],[11,65]],[[0,0],[47,81]]]},
"G988": {"type": "Matrix2x2", "payoffs": [[[11,83],[4,1]],[[8,0],[0,33]]]},
"G989": {"type": "Matrix2x2", "payoffs": [[[0,5],[46,0]],[[68,49],[12,3]]]},
"G990": {"type": "Matrix2x2", "payoffs": [[[59,22],[0,14]],[[38,12],[41,0]]]},
"G991": {"type": "Matrix2x2", "payoffs": [[[31,18],[19,17]],[[38,21],[0,0]]]},
"G992": {"type": "Matrix2x2", "payoffs": [[[7,0],[37,47]],[[0,24],[28,4]]]},
"G993": {"type": "Matrix2x2", "payoffs": [[[5,3],[0,1]],[[29,24],[11,0]]]},
"G994": {"type": "Matrix2x2", "payoffs": [[[18,87],[5,0]],[[24,98],[0,83]]]},
"G995": {"type": "Matrix2x2", "payoffs": [[[7,0],[56,56]],[[48,12],[0,17]]]},
"G996": {"type": "Matrix2x2", "payoffs": [[[82,0],[84,16]],[[77,3],[0,10]]]},
"G997": {"type": "Matrix2x2", "payoffs": [[[0,38],[6,14]],[[21,41],[5,0]]]},
"G998": {"type": "Matrix2x2", "payoffs": [[[79,6],[97,71]],[[35,31],[0,0]]]},
"G999": {"type": "Matrix2x2", "payoffs": [[[64,81],[13,48]],[[34,68],[0,0]]]},
"G1000": {"type": "Matrix2x2", "payoffs": [[[12,10],[78,22]],[[96,84],[0,0]]]}
}