{
"numGames": 1000,
"G1": {"type": "Matrix2x2", "payoffs": [[[22,22],[17,0]],[[1,19],[0,6]]]},
"G2": {"type": "Matrix2x2", "payoffs": [[[77,68],[21,36]],[[60,10],[0,0]]]},
"G3": {"type": "Matrix2x2", "payoffs": [[[2,33],[24,18]],[[0,0],[31,41]]]},
"G4": {"type": "Matrix2x2", "payoffs": [[[11,25],[29,40]],[[1,1],[0,0]]]},
"G5": {"type": "Matrix2x2", "payoffs": [[[30,45],[0,0]],[[8,44],[9,26]]]},
"G6": {"type": "Matrix2x2", "payoffs": [[[4,52],[3,21]],[[8,68],[0,0]]]},
"G7": {"type": "Matrix2x2", "payoffs": [[[59,96],[0,0]],[[33,95],[5,1]]]},
"G8": {"type": "Matrix2x2", "payoffs": [[[1,37],[6,64]],[[0,51],[4,0]]]},
"G9": {"type": "Matrix2x2", "payoffs": [[[0,0],[47,15]],[[58,69],[45,26]]]},
"G10": {"type": "Matrix2x2", "payoffs": [[[9,19],[22,56]],[[1,0],[0,21]]]},
"G11": {"type": "Matrix2x2", "payoffs": [[[0,9],[50,59]],[[16,58],[6,0]]]},
"G12": {"type": "Matrix2x2", "payoffs": [[[86,79],[0,77]],[[11,17],[63,0]]]},
"G13": {"type": "Matrix2x2", "payoffs": [[[10,14],[40,44]],[[0,0],[37,40]]]},
"G14": {"type": "Matrix2x2", "payoffs": [[[17,4],[62,6]],[[0,0],[8,2]]]},
"G15": {"type": "Matrix2x2", "payoffs": [[[0,20],[38,72]],[[10,28],[25,0]]]},
"G16": {"type": "Matrix2x2", "payoffs": [[[24,11],[23,0]],[[0,29],[27,45]]]},
"G17": {"type": "Matrix2x2", "payoffs": [[[0,43],[57,0]],[[82,78],[67,62]]]},
"G18": {"type": "Matrix2x2", "payoffs": [[[5,38],[35,65]],[[15,13],[0,0]]]},
"G19": {"type": "Matrix2x2", "payoffs": [[[59,0],[28,43]],[[0,11],[74,51]]]},
"G20": {"type": "Matrix2x2", "payoffs": [[[63,75],[0,37]],[[13,0],[33,25]]]},
"G21": {"type": "Matrix2x2", "payoffs": [[[53,11],[0,0]],[[70,18],[1,17]]]},
"G22": {"type": "Matrix2x2", "payoffs": [[[42,8],[26,3]],[[0,0],[36,5]]]},
"G23": {"type": "Matrix2x2", "payoffs": [[[51,70],[7,62]],[[16,0],[0,20]]]},
"G24": {"type": "Matrix2x2", "payoffs": [[[27,27],[13,12]],[[79,32],[0,0]]]},
"G25": {"type": "Matrix2x2", "payoffs": [[[15,87],[7,46]],[[8,0],[0,27]]]},
"G26": {"type": "Matrix2x2", "payoffs": [[[20,18],[48,80]],[[43,67],[0,0]]]},
"G27": {"type": "Matrix2x2", "payoffs": [[[0,10],[11,18]],[[2,8],[8,0]]]},
"G28": {"type": "Matrix2x2", "payoffs": [[[13,31],[9,0]],[[0,1],[19,34]]]},
"G29": {"type": "Matrix2x2", "payoffs": [[[14,25],[6,0]],[[15,38],[0,32]]]},
"G30": {"type": "Matrix2x2", "payoffs": [[[0,0],[6,9]],[[16,30],[1,18]]]},
"G31": {"type": "Matrix2x2", "payoffs": [[[11,15],[0,0]],[[79,81],[61,8]]]},
"G32": {"type": "Matrix2x2", "payoffs": [[[79,0],[99,17]],[[0,11],[62,8]]]},
"G33": {"type": "Matrix2x2", "payoffs": [[[51,19],[60,21]],[[0,0],[59,7]]]},
"G34": {"type": "Matrix2x2", "payoffs": [[[0,22],[52,19]],[[65,30],[43,0]]]},
"G35": {"type": "Matrix2x2", "payoffs": [[[12,35],[0,3]],[[48,54],[1,0]]]},
"G36": {"type": "Matrix2x2", "payoffs": [[[68,59],[19,0]],[[0,30],[60,47]]]},
"G37": {"type": "Matrix2x2", "payoffs": [[[19,26],[0,21]],[[38,46],[4,0]]]},
"G38": {"type": "Matrix2x2", "payoffs": [[[3,47],[1,1]],[[27,62],[0,0]]]},
"G39": {"type": "Matrix2x2", "payoffs": [[[43,86],[0,7]],[[5,0],[4,16]]]},
"G40": {"type": "Matrix2x2", "payoffs": [[[36,7],[46,35]],[[0,0],[47,54]]]},
"G41": {"type": "Matrix2x2", "payoffs": [[[7,0],[15,59]],[[0,5],[1,38]]]},
"G42": {"type": "Matrix2x2", "payoffs": [[[0,8],[7,0]],[[12,11],[67,20]]]},
"G43": {"type": "Matrix2x2", "payoffs": [[[75,69],[46,58]],[[2,53],[0,0]]]},
"G44": {"type": "Matrix2x2", "payoffs": [[[1,5],[0,0]],[[4,12],[14,15]]]},
"G45": {"type": "Matrix2x2", "payoffs": [[[16,33],[5,0]],[[0,22],[4,9]]]},
"G46": {"type": "Matrix2x2", "payoffs": [[[3,61],[0,0]],[[6,86],[63,98]]]},
"G47": {"type": "Matrix2x2", "payoffs": [[[24,12],[4,0]],[[9,11],[0,1]]]},
"G48": {"type": "Matrix2x2", "payoffs": [[[2,2],[6,5]],[[5,0],[0,1]]]},
"G49": {"type": "Matrix2x2", "payoffs": [[[7,16],[0,0]],[[24,26],[34,32]]]},
"G50": {"type": "Matrix2x2", "payoffs": [[[1,0],[22,74]],[[40,85],[0,23]]]},
"G51": {"type": "Matrix2x2", "payoffs": [[[15,5],[0,3]],[[14,0],[4,1]]]},
"G52": {"type": "Matrix2x2", "payoffs": [[[0,0],[58,35]],[[13,10],[98,83]]]},
"G53": {"type": "Matrix2x2", "payoffs": [[[0,17],[15,69]],[[4,21],[9,0]]]},
"G54": {"type": "Matrix2x2", "payoffs": [[[14,0],[35,23]],[[0,58],[42,72]]]},
"G55": {"type": "Matrix2x2", "payoffs": [[[41,35],[54,0]],[[73,55],[0,22]]]},
"G56": {"type": "Matrix2x2", "payoffs": [[[0,1],[48,91]],[[5,34],[14,0]]]},
"G57": {"type": "Matrix2x2", "payoffs": [[[87,85],[57,0]],[[61,11],[0,72]]]},
"G58": {"type": "Matrix2x2", "payoffs": [[[46,90],[32,0]],[[24,75],[0,67]]]},
"G59": {"type": "Matrix2x2", "payoffs": [[[8,28],[16,84]],[[12,27],[0,0]]]},
"G60": {"type": "Matrix2x2", "payoffs": [[[17,7],[30,61]],[[0,0],[26,23]]]},
"G61": {"type": "Matrix2x2", "payoffs": [[[87,12],[0,7]],[[67,3],[47,0]]]},
"G62": {"type": "Matrix2x2", "payoffs": [[[0,0],[73,77]],[[12,76],[6,58]]]},
"G63": {"type": "Matrix2x2", "payoffs": [[[62,1],[0,2]],[[96,4],[37,0]]]},
"G64": {"type": "Matrix2x2", "payoffs": [[[95,89],[20,0]],[[0,18],[86,68]]]},
"G65": {"type": "Matrix2x2", "payoffs": [[[72,14],[75,56]],[[0,46],[52,0]]]},
"G66": {"type": "Matrix2x2", "payoffs": [[[3,2],[0,0]],[[52,4],[25,1]]]},
"G67": {"type": "Matrix2x2", "payoffs": [[[72,26],[0,18]],[[14,0],[44,4]]]},
"G68": {"type": "Matrix2x2", "payoffs": [[[0,9],[23,0]],[[55,6],[64,22]]]},
"G69": {"type": "Matrix2x2", "payoffs": [[[0,2],[83,31]],[[40,0],[19,22]]]},
"G70": {"type": "Matrix2x2", "payoffs": [[[4,0],[0,34]],[[35,7],[91,36]]]},
"G71": {"type": "Matrix2x2", "payoffs": [[[42,0],[5,23]],[[0,18],[46,58]]]},
"G72": {"type": "Matrix2x2", "payoffs": [[[16,19],[27,75]],[[0,0],[18,35]]]},
"G73": {"type": "Matrix2x2", "payoffs": [[[3,88],[4,49]],[[0,0],[16,89]]]},
"G74": {"type": "Matrix2x2", "payoffs": [[[0,42],[5,14]],[[3,0],[6,55]]]},
"G75": {"type": "Matrix2x2", "payoffs": [[[11,0],[0,49]],[[13,37],[36,66]]]},
"G76": {"type": "Matrix2x2", "payoffs": [[[57,35],[0,41]],[[45,0],[79,75]]]},
"G77": {"type": "Matrix2x2", "payoffs": [[[6,88],[5,0]],[[1,10],[0,43]]]},
"G78": {"type": "Matrix2x2", "payoffs": [[[76,40],[33,34]],[[0,27],[13,0]]]},
"G79": {"type": "Matrix2x2", "payoffs": [[[41,0],[44,29]],[[0,8],[25,19]]]},
"G80": {"type": "Matrix2x2", "payoffs": [[[0,0],[5,8]],[[4,6],[3,5]]]},
"G81": {"type": "Matrix2x2", "payoffs": [[[0,0],[53,25]],[[31,19],[15,8]]]},
"G82": {"type": "Matrix2x2", "payoffs": [[[15,18],[0,0]],[[33,14],[52,21]]]},
"G83": {"type": "Matrix2x2", "payoffs": [[[79,46],[0,35]],[[7,0],[60,10]]]},
"G84": {"type": "Matrix2x2", "payoffs": [[[28,0],[39,49]],[[19,15],[0,8]]]},
"G85": {"type": "Matrix2x2", "payoffs": [[[3,35],[0,0]],[[50,40],[4,12]]]},
"G86": {"type": "Matrix2x2", "payoffs": [[[35,0],[46,10]],[[0,1],[20,3]]]},
"G87": {"type": "Matrix2x2", "payoffs": [[[2,0],[1,36]],[[0,41],[8,46]]]},
"G88": {"type": "Matrix2x2", "payoffs": [[[79,0],[83,59]],[[37,53],[0,55]]]},
"G89": {"type": "Matrix2x2", "payoffs": [[[2,0],[3,25]],[[5,71],[0,36]]]},
"G90": {"type": "Matrix2x2", "payoffs": [[[3,0],[4,9]],[[0,7],[1,5]]]},
"G91": {"type": "Matrix2x2", "payoffs": [[[13,20],[9,18]],[[1,9],[0,0]]]},
"G92": {"type": "Matrix2x2", "payoffs": [[[38,0],[15,26]],[[0,27],[64,28]]]},
"G93": {"type": "Matrix2x2", "payoffs": [[[12,11],[7,14]],[[14,17],[0,0]]]},
"G94": {"type": "Matrix2x2", "payoffs": [[[54,41],[20,0]],[[8,17],[0,28]]]},
"G95": {"type": "Matrix2x2", "payoffs": [[[39,24],[60,33]],[[33,0],[0,29]]]},
"G96": {"type": "Matrix2x2", "payoffs": [[[14,3],[42,38]],[[0,0],[27,24]]]},
"G97": {"type": "Matrix2x2", "payoffs": [[[80,0],[0,47]],[[4,52],[94,81]]]},
"G98": {"type": "Matrix2x2", "payoffs": [[[11,0],[31,92]],[[0,13],[25,88]]]},
"G99": {"type": "Matrix2x2", "payoffs": [[[4,28],[12,89]],[[10,19],[0,0]]]},
"G100": {"type": "Matrix2x2", "payoffs": [[[0,21],[28,83]],[[22,52],[12,0]]]},
"G101": {"type": "Matrix2x2", "payoffs": [[[23,28],[49,85]],[[0,0],[6,73]]]},
"G102": {"type": "Matrix2x2", "payoffs": [[[99,96],[0,66]],[[16,0],[54,22]]]},
"G103": {"type": "Matrix2x2", "payoffs": [[[29,30],[31,39]],[[0,0],[60,45]]]},
"G104": {"type": "Matrix2x2", "payoffs": [[[54,11],[0,0]],[[88,14],[67,4]]]},
"G105": {"type": "Matrix2x2", "payoffs": [[[21,30],[12,0]],[[0,4],[8,20]]]},
"G106": {"type": "Matrix2x2", "payoffs": [[[37,60],[80,90]],[[4,0],[0,16]]]},
"G107": {"type": "Matrix2x2", "payoffs": [[[19,0],[43,1]],[[0,9],[75,52]]]},
"G108": {"type": "Matrix2x2", "payoffs": [[[8,6],[0,34]],[[54,36],[20,0]]]},
"G109": {"type": "Matrix2x2", "payoffs": [[[51,30],[37,0]],[[0,22],[4,20]]]},
"G110": {"type": "Matrix2x2", "payoffs": [[[17,0],[29,47]],[[0,26],[12,44]]]},
"G111": {"type": "Matrix2x2", "payoffs": [[[47,37],[19,17]],[[0,0],[6,10]]]},
"G112": {"type": "Matrix2x2", "payoffs": [[[72,87],[0,39]],[[67,25],[27,0]]]},
"G113": {"type": "Matrix2x2", "payoffs": [[[0,70],[77,12]],[[53,0],[100,72]]]},
"G114": {"type": "Matrix2x2", "payoffs": [[[0,9],[94,53]],[[11,0],[63,24]]]},
"G115": {"type": "Matrix2x2", "payoffs": [[[34,0],[25,52]],[[58,82],[0,79]]]},
"G116": {"type": "Matrix2x2", "payoffs": [[[62,0],[74,12]],[[36,8],[0,3]]]},
"G117": {"type": "Matrix2x2", "payoffs": [[[11,7],[41,60]],[[0,0],[82,74]]]},
"G118": {"type": "Matrix2x2", "payoffs": [[[84,64],[0,61]],[[40,0],[63,33]]]},
"G119": {"type": "Matrix2x2", "payoffs": [[[4,0],[94,57]],[[2,6],[0,34]]]},
"G120": {"type": "Matrix2x2", "payoffs": [[[54,50],[0,48]],[[41,7],[3,0]]]},
"G121": {"type": "Matrix2x2", "payoffs": [[[36,59],[31,0]],[[12,35],[0,44]]]},
"G122": {"type": "Matrix2x2", "payoffs": [[[89,27],[24,0]],[[69,8],[0,17]]]},
"G123": {"type": "Matrix2x2", "payoffs": [[[0,0],[5,5]],[[57,73],[33,33]]]},
"G124": {"type": "Matrix2x2", "payoffs": [[[76,37],[28,0]],[[0,15],[4,31]]]},
"G125": {"type": "Matrix2x2", "payoffs": [[[0,4],[4,26]],[[7,0],[29,53]]]},
"G126": {"type": "Matrix2x2", "payoffs": [[[37,51],[20,48]],[[11,5],[0,0]]]},
"G127": {"type": "Matrix2x2", "payoffs": [[[11,0],[92,60]],[[91,47],[0,50]]]},
"G128": {"type": "Matrix2x2", "payoffs": [[[13,0],[0,67]],[[68,85],[36,5]]]},
"G129": {"type": "Matrix2x2", "payoffs": [[[63,79],[20,43]],[[57,0],[0,19]]]},
"G130": {"type": "Matrix2x2", "payoffs": [[[10,62],[24,67]],[[17,0],[0,22]]]},
"G131": {"type": "Matrix2x2", "payoffs": [[[61,48],[0,46]],[[87,52],[68,0]]]},
"G132": {"type": "Matrix2x2", "payoffs": [[[27,42],[0,74]],[[35,75],[2,0]]]},
"G133": {"type": "Matrix2x2", "payoffs": [[[59,65],[0,0]],[[61,91],[44,38]]]},
"G134": {"type": "Matrix2x2", "payoffs": [[[5,26],[57,42]],[[0,0],[16,35]]]},
"G135": {"type": "Matrix2x2", "payoffs": [[[0,72],[89,87]],[[57,28],[6,0]]]},
"G136": {"type": "Matrix2x2", "payoffs": [[[0,3],[9,0]],[[66,96],[47,57]]]},
"G137": {"type": "Matrix2x2", "payoffs": [[[1,6],[5,47]],[[0,40],[4,0]]]},
"G138": {"type": "Matrix2x2", "payoffs": [[[40,85],[4,0]],[[0,17],[34,44]]]},
"G139": {"type": "Matrix2x2", "payoffs": [[[0,0],[54,13]],[[38,11],[48,9]]]},
"G140": {"type": "Matrix2x2", "payoffs": [[[80,58],[0,0]],[[20,8],[57,18]]]},
"G141": {"type": "Matrix2x2", "payoffs": [[[32,9],[0,12]],[[28,0],[33,24]]]},
"G142": {"type": "Matrix2x2", "payoffs": [[[0,14],[5,11]],[[10,25],[2,0]]]},
"G143": {"type": "Matrix2x2", "payoffs": [[[63,61],[0,44]],[[3,0],[78,97]]]},
"G144": {"type": "Matrix2x2", "payoffs": [[[0,0],[16,35]],[[2,87],[31,92]]]},
"G145": {"type": "Matrix2x2", "payoffs": [[[0,31],[39,0]],[[41,35],[24,24]]]},
"G146": {"type": "Matrix2x2", "payoffs": [[[0,0],[59,15]],[[16,2],[99,29]]]},
"G147": {"type": "Matrix2x2", "payoffs": [[[16,16],[0,0]],[[28,3],[31,21]]]},
"G148": {"type": "Matrix2x2", "payoffs": [[[91,45],[0,21]],[[1,0],[11,19]]]},
"G149": {"type": "Matrix2x2", "payoffs": [[[68,32],[0,0]],[[75,54],[74,1]]]},
"G150": {"type": "Matrix2x2", "payoffs": [[[61,5],[62,0]],[[0,4],[70,50]]]},
"G151": {"type": "Matrix2x2", "payoffs": [[[0,1],[4,18]],[[29,0],[39,49]]]},
"G152": {"type": "Matrix2x2", "payoffs": [[[10,39],[56,0]],[[77,52],[0,17]]]},
"G153": {"type": "Matrix2x2", "payoffs": [[[2,25],[4,85]],[[1,45],[0,0]]]},
"G154": {"type": "Matrix2x2", "payoffs": [[[5,0],[0,22]],[[16,47],[4,31]]]},
"G155": {"type": "Matrix2x2", "payoffs": [[[30,9],[16,7]],[[23,4],[0,0]]]},
"G156": {"type": "Matrix2x2", "payoffs": [[[43,71],[0,16]],[[39,9],[8,0]]]},
"G157": {"type": "Matrix2x2", "payoffs": [[[4,8],[12,7]],[[22,10],[0,0]]]},
"G158": {"type": "Matrix2x2", "payoffs": [[[38,65],[0,44]],[[4,0],[15,20]]]},
"G159": {"type": "Matrix2x2", "payoffs": [[[69,18],[0,14]],[[53,13],[38,0]]]},
"G160": {"type": "Matrix2x2", "payoffs": [[[25,33],[0,25]],[[14,0],[11,26]]]},
"G161": {"type": "Matrix2x2", "payoffs": [[[58,93],[31,79]],[[0,70],[3,0]]]},
"G162": {"type": "Matrix2x2", "payoffs": [[[24,11],[0,0]],[[41,5],[78,12]]]},
"G163": {"type": "Matrix2x2", "payoffs": [[[8,0],[97,49]],[[0,41],[48,47]]]},
"G164": {"type": "Matrix2x2", "payoffs": [[[0,15],[55,66]],[[26,13],[31,0]]]},
"G165": {"type": "Matrix2x2", "payoffs": [[[0,23],[7,0]],[[13,73],[9,1]]]},
"G166": {"type": "Matrix2x2", "payoffs": [[[53,27],[67,75]],[[0,24],[61,0]]]},
"G167": {"type": "Matrix2x2", "payoffs": [[[7,12],[0,35]],[[9,42],[1,0]]]},
"G168": {"type": "Matrix2x2", "payoffs": [[[8,36],[14,0]],[[25,61],[0,23]]]},
"G169": {"type": "Matrix2x2", "payoffs": [[[57,7],[0,0]],[[92,32],[78,1]]]},
"G170": {"type": "Matrix2x2", "payoffs": [[[9,31],[17,40]],[[0,3],[8,0]]]},
"G171": {"type": "Matrix2x2", "payoffs": [[[75,29],[8,24]],[[0,3],[10,0]]]},
"G172": {"type": "Matrix2x2", "payoffs": [[[0,0],[3,40]],[[31,85],[7,54]]]},
"G173": {"type": "Matrix2x2", "payoffs": [[[42,52],[0,0]],[[37,7],[40,19]]]},
"G174": {"type": "Matrix2x2", "payoffs": [[[51,23],[8,11]],[[0,0],[38,3]]]},
"G175": {"type": "Matrix2x2", "payoffs": [[[29,4],[0,2]],[[32,5],[28,0]]]},
"G176": {"type": "Matrix2x2", "payoffs": [[[19,87],[5,86]],[[0,0],[16,48]]]},
"G177": {"type": "Matrix2x2", "payoffs": [[[4,26],[84,50]],[[0,1],[37,0]]]},
"G178": {"type": "Matrix2x2", "payoffs": [[[0,0],[71,37]],[[32,26],[21,18]]]},
"G179": {"type": "Matrix2x2", "payoffs": [[[1,31],[0,0]],[[3,44],[2,39]]]},
"G180": {"type": "Matrix2x2", "payoffs": [[[11,0],[28,3]],[[20,2],[0,1]]]},
"G181": {"type": "Matrix2x2", "payoffs": [[[0,9],[65,46]],[[12,0],[77,52]]]},
"G182": {"type": "Matrix2x2", "payoffs": [[[7,0],[0,46]],[[8,15],[9,49]]]},
"G183": {"type": "Matrix2x2", "payoffs": [[[0,78],[76,88]],[[63,26],[16,0]]]},
"G184": {"type": "Matrix2x2", "payoffs": [[[0,26],[89,37]],[[43,0],[70,4]]]},
"G185": {"type": "Matrix2x2", "payoffs": [[[90,37],[54,29]],[[82,0],[0,14]]]},
"G186": {"type": "Matrix2x2", "payoffs": [[[0,5],[31,0]],[[94,33],[8,25]]]},
"G187": {"type": "Matrix2x2", "payoffs": [[[0,0],[56,56]],[[1,43],[13,25]]]},
"G188": {"type": "Matrix2x2", "payoffs": [[[64,48],[90,60]],[[0,0],[75,25]]]},
"G189": {"type": "Matrix2x2", "payoffs": [[[17,57],[5,10]],[[0,29],[11,0]]]},
"G190": {"type": "Matrix2x2", "payoffs": [[[80,97],[44,9]],[[72,28],[0,0]]]},
"G191": {"type": "Matrix2x2", "payoffs": [[[2,1],[71,29]],[[35,0],[0,7]]]},
"G192": {"type": "Matrix2x2", "payoffs": [[[20,5],[0,0]],[[52,2],[93,6]]]},
"G193": {"type": "Matrix2x2", "payoffs": [[[52,73],[67,0]],[[74,100],[0,66]]]},
"G194": {"type": "Matrix2x2", "payoffs": [[[44,40],[41,0]],[[0,36],[16,5]]]},
"G195": {"type": "Matrix2x2", "payoffs": [[[57,16],[59,17]],[[0,1],[41,0]]]},
"G196": {"type": "Matrix2x2", "payoffs": [[[38,23],[56,30]],[[17,22],[0,0]]]},
"G197": {"type": "Matrix2x2", "payoffs": [[[40,11],[36,0]],[[72,79],[0,39]]]},
"G198": {"type": "Matrix2x2", "payoffs": [[[31,16],[11,0]],[[13,10],[0,14]]]},
"G199": {"type": "Matrix2x2", "payoffs": [[[8,0],[11,2]],[[0,1],[19,3]]]},
"G200": {"type": "Matrix2x2", "payoffs": [[[25,5],[56,6]],[[0,0],[40,2]]]},
"G201": {"type": "Matrix2x2", "payoffs": [[[7,19],[0,0]],[[19,68],[61,100]]]},
"G202": {"type": "Matrix2x2", "payoffs": [[[17,60],[18,62]],[[0,0],[5,20]]]},
"G203": {"type": "Matrix2x2", "payoffs": [[[21,20],[0,0]],[[27,10],[36,43]]]},
"G204": {"type": "Matrix2x2", "payoffs": [[[0,11],[26,6]],[[14,0],[40,21]]]},
"G205": {"type": "Matrix2x2", "payoffs": [[[43,1],[0,0]],[[50,52],[1,28]]]},
"G206": {"type": "Matrix2x2", "payoffs": [[[7,5],[1,2]],[[6,0],[0,4]]]},
"G207": {"type": "Matrix2x2", "payoffs": [[[76,20],[9,7]],[[21,0],[0,11]]]},
"G208": {"type": "Matrix2x2", "payoffs": [[[99,31],[0,27]],[[39,0],[4,8]]]},
"G209": {"type": "Matrix2x2", "payoffs": [[[6,74],[4,23]],[[3,53],[0,0]]]},
"G210": {"type": "Matrix2x2", "payoffs": [[[20,48],[0,0]],[[28,23],[49,51]]]},
"G211": {"type": "Matrix2x2", "payoffs": [[[11,2],[71,8]],[[0,6],[70,0]]]},
"G212": {"type": "Matrix2x2", "payoffs": [[[67,90],[26,0]],[[0,47],[15,42]]]},
"G213": {"type": "Matrix2x2", "payoffs": [[[13,0],[55,31]],[[0,23],[9,5]]]},
"G214": {"type": "Matrix2x2", "payoffs": [[[24,0],[0,8]],[[79,72],[49,21]]]},
"G215": {"type": "Matrix2x2", "payoffs": [[[46,56],[22,37]],[[0,0],[77,62]]]},
"G216": {"type": "Matrix2x2", "payoffs": [[[9,7],[0,12]],[[17,45],[4,0]]]},
"G217": {"type": "Matrix2x2", "payoffs": [[[7,0],[36,85]],[[26,17],[0,3]]]},
"G218": {"type": "Matrix2x2", "payoffs": [[[11,0],[0,16]],[[14,26],[2,20]]]},
"G219": {"type": "Matrix2x2", "payoffs": [[[81,8],[57,2]],[[0,0],[44,7]]]},
"G220": {"type": "Matrix2x2", "payoffs": [[[0,60],[88,70]],[[57,0],[26,63]]]},
"G221": {"type": "Matrix2x2", "payoffs": [[[50,30],[11,0]],[[77,45],[0,42]]]},
"G222": {"type": "Matrix2x2", "payoffs": [[[75,18],[0,1]],[[76,46],[61,0]]]},
"G223": {"type": "Matrix2x2", "payoffs": [[[0,0],[1,55]],[[6,4],[8,67]]]},
"G224": {"type": "Matrix2x2", "payoffs": [[[63,48],[0,15]],[[60,26],[43,0]]]},
"G225": {"type": "Matrix2x2", "payoffs": [[[17,0],[35,71]],[[0,61],[74,82]]]},
"G226": {"type": "Matrix2x2", "payoffs": [[[5,0],[0,50]],[[1,1],[9,76]]]},
"G227": {"type": "Matrix2x2", "payoffs": [[[17,49],[0,17]],[[6,0],[2,33]]]},
"G228": {"type": "Matrix2x2", "payoffs": [[[0,36],[39,86]],[[55,91],[25,0]]]},
"G229": {"type": "Matrix2x2", "payoffs": [[[38,57],[0,0]],[[1,8],[44,82]]]},
"G230": {"type": "Matrix2x2", "payoffs": [[[22,75],[42,89]],[[0,0],[21,13]]]},
"G231": {"type": "Matrix2x2", "payoffs": [[[80,97],[0,23]],[[25,19],[8,0]]]},
"G232": {"type": "Matrix2x2", "payoffs": [[[16,2],[3,0]],[[87,5],[0,1]]]},
"G233": {"type": "Matrix2x2", "payoffs": [[[30,0],[0,15]],[[10,10],[81,19]]]},
"G234": {"type": "Matrix2x2", "payoffs": [[[3,58],[21,99]],[[6,0],[0,20]]]},
"G235": {"type": "Matrix2x2", "payoffs": [[[74,49],[0,16]],[[22,0],[58,11]]]},
"G236": {"type": "Matrix2x2", "payoffs": [[[44,80],[0,17]],[[47,88],[2,0]]]},
"G237": {"type": "Matrix2x2", "payoffs": [[[0,17],[44,0]],[[49,26],[10,4]]]},
"G238": {"type": "Matrix2x2", "payoffs": [[[32,92],[0,0]],[[55,94],[10,66]]]},
"G239": {"type": "Matrix2x2", "payoffs": [[[2,0],[0,10]],[[7,23],[4,9]]]},
"G240": {"type": "Matrix2x2", "payoffs": [[[0,2],[1,0]],[[10,3],[14,4]]]},
"G241": {"type": "Matrix2x2", "payoffs": [[[35,0],[0,42]],[[82,46],[36,2]]]},
"G242": {"type": "Matrix2x2", "payoffs": [[[0,8],[22,27]],[[17,2],[6,0]]]},
"G243": {"type": "Matrix2x2", "payoffs": [[[0,32],[66,40]],[[62,0],[45,28]]]},
"G244": {"type": "Matrix2x2", "payoffs": [[[1,0],[0,76]],[[2,83],[3,92]]]},
"G245": {"type": "Matrix2x2", "payoffs": [[[0,0],[29,17]],[[52,21],[7,18]]]},
"G246": {"type": "Matrix2x2", "payoffs": [[[44,23],[5,15]],[[0,12],[27,0]]]},
"G247": {"type": "Matrix2x2", "payoffs": [[[0,24],[14,3]],[[20,53],[2,0]]]},
"G248": {"type": "Matrix2x2", "payoffs": [[[0,18],[4,60]],[[1,50],[2,0]]]},
"G249": {"type": "Matrix2x2", "payoffs": [[[0,59],[47,83]],[[7,40],[2,0]]]},
"G250": {"type": "Matrix2x2", "payoffs": [[[15,14],[41,50]],[[39,39],[0,0]]]},
"G251": {"type": "Matrix2x2", "payoffs": [[[7,16],[6,20]],[[71,35],[0,0]]]},
"G252": {"type": "Matrix2x2", "payoffs": [[[0,0],[8,7]],[[14,13],[32,16]]]},
"G253": {"type": "Matrix2x2", "payoffs": [[[0,1],[10,0]],[[22,15],[57,19]]]},
"G254": {"type": "Matrix2x2", "payoffs": [[[0,0],[56,95]],[[21,68],[26,15]]]},
"G255": {"type": "Matrix2x2", "payoffs": [[[11,19],[66,0]],[[68,99],[0,15]]]},
"G256": {"type": "Matrix2x2", "payoffs": [[[9,27],[0,25]],[[12,0],[77,35]]]},
"G257": {"type": "Matrix2x2", "payoffs": [[[67,38],[68,67]],[[0,0],[3,35]]]},
"G258": {"type": "Matrix2x2", "payoffs": [[[90,7],[0,5]],[[1,0],[73,6]]]},
"G259": {"type": "Matrix2x2", "payoffs": [[[85,63],[68,3]],[[0,21],[21,0]]]},
"G260": {"type": "Matrix2x2", "payoffs": [[[24,7],[76,74]],[[0,66],[49,0]]]},
"G261": {"type": "Matrix2x2", "payoffs": [[[8,0],[44,78]],[[40,24],[0,18]]]},
"G262": {"type": "Matrix2x2", "payoffs": [[[0,0],[36,79]],[[16,69],[29,25]]]},
"G263": {"type": "Matrix2x2", "payoffs": [[[13,69],[56,72]],[[0,17],[34,0]]]},
"G264": {"type": "Matrix2x2", "payoffs": [[[9,0],[0,5]],[[49,77],[42,36]]]},
"G265": {"type": "Matrix2x2", "payoffs": [[[0,0],[32,7]],[[61,35],[46,32]]]},
"G266": {"type": "Matrix2x2", "payoffs": [[[0,22],[86,33]],[[59,4],[31,0]]]},
"G267": {"type": "Matrix2x2", "payoffs": [[[87,17],[60,12]],[[75,0],[0,15]]]},
"G268": {"type": "Matrix2x2", "payoffs": [[[87,98],[28,92]],[[27,0],[0,41]]]},
"G269": {"type": "Matrix2x2", "payoffs": [[[2,0],[4,25]],[[5,37],[0,7]]]},
"G270": {"type": "Matrix2x2", "payoffs": [[[79,48],[0,0]],[[25,1],[22,35]]]},
"G271": {"type": "Matrix2x2", "payoffs": [[[23,0],[17,32]],[[0,34],[58,76]]]},
"G272": {"type": "Matrix2x2", "payoffs": [[[88,74],[20,3]],[[46,0],[0,11]]]},
"G273": {"type": "Matrix2x2", "payoffs": [[[32,18],[0,0]],[[20,9],[85,22]]]},
"G274": {"type": "Matrix2x2", "payoffs": [[[0,1],[27,2]],[[88,3],[18,0]]]},
"G275": {"type": "Matrix2x2", "payoffs": [[[3,13],[0,0]],[[16,51],[15,27]]]},
"G276": {"type": "Matrix2x2", "payoffs": [[[88,28],[38,0]],[[0,6],[89,29]]]},
"G277": {"type": "Matrix2x2", "payoffs": [[[45,65],[26,45]],[[5,0],[0,32]]]},
"G278": {"type": "Matrix2x2", "payoffs": [[[81,64],[0,0]],[[68,39],[3,54]]]},
"G279": {"type": "Matrix2x2", "payoffs": [[[0,0],[18,78]],[[52,7],[97,90]]]},
"G280": {"type": "Matrix2x2", "payoffs": [[[2,71],[0,78]],[[5,83],[1,0]]]},
"G281": {"type": "Matrix2x2", "payoffs": [[[55,26],[14,0]],[[0,30],[76,44]]]},
"G282": {"type": "Matrix2x2", "payoffs": [[[88,82],[0,75]],[[74,0],[63,16]]]},
"G283": {"type": "Matrix2x2", "payoffs": [[[0,5],[50,83]],[[33,71],[32,0]]]},
"G284": {"type": "Matrix2x2", "payoffs": [[[13,2],[16,9]],[[9,6],[0,0]]]},
"G285": {"type": "Matrix2x2", "payoffs": [[[17,10],[0,6]],[[15,2],[11,0]]]},
"G286": {"type": "Matrix2x2", "payoffs": [[[3,15],[10,23]],[[8,3],[0,0]]]},
"G287": {"type": "Matrix2x2", "payoffs": [[[11,0],[22,49]],[[0,10],[8,26]]]},
"G288": {"type": "Matrix2x2", "payoffs": [[[0,81],[95,96]],[[26,0],[71,14]]]},
"G289": {"type": "Matrix2x2", "payoffs": [[[7,44],[0,83]],[[18,0],[19,89]]]},
"G290": {"type": "Matrix2x2", "payoffs": [[[90,45],[0,26]],[[55,0],[47,27]]]},
"G291": {"type": "Matrix2x2", "payoffs": [[[0,0],[44,8]],[[96,10],[86,2]]]},
"G292": {"type": "Matrix2x2", "payoffs": [[[3,13],[0,0]],[[11,29],[6,27]]]},
"G293": {"type": "Matrix2x2", "payoffs": [[[55,14],[44,0]],[[0,7],[6,10]]]},
"G294": {"type": "Matrix2x2", "payoffs": [[[5,21],[0,24]],[[4,0],[21,53]]]},
"G295": {"type": "Matrix2x2", "payoffs": [[[6,85],[0,3]],[[22,89],[12,0]]]},
"G296": {"type": "Matrix2x2", "payoffs": [[[67,22],[49,15]],[[0,0],[59,4]]]},
"G297": {"type": "Matrix2x2", "payoffs": [[[0,26],[4,0]],[[18,25],[79,45]]]},
"G298": {"type": "Matrix2x2", "payoffs": [[[13,55],[17,82]],[[5,0],[0,62]]]},
"G299": {"type": "Matrix2x2", "payoffs": [[[17,0],[47,84]],[[33,63],[0,59]]]},
"G300": {"type": "Matrix2x2", "payoffs": [[[100,91],[0,0]],[[60,50],[51,88]]]},
"G301": {"type": "Matrix2x2", "payoffs": [[[18,4],[0,0]],[[49,2],[65,6]]]},
"G302": {"type": "Matrix2x2", "payoffs": [[[11,0],[0,7]],[[8,5],[12,9]]]},
"G303": {"type": "Matrix2x2", "payoffs": [[[86,47],[0,0]],[[69,35],[34,16]]]},
"G304": {"type": "Matrix2x2", "payoffs": [[[20,2],[34,3]],[[0,1],[21,0]]]},
"G305": {"type": "Matrix2x2", "payoffs": [[[62,0],[49,50]],[[0,47],[86,70]]]},
"G306": {"type": "Matrix2x2", "payoffs": [[[19,0],[23,26]],[[65,81],[0,58]]]},
"G307": {"type": "Matrix2x2", "payoffs": [[[6,1],[53,0]],[[56,8],[0,4]]]},
"G308": {"type": "Matrix2x2", "payoffs": [[[0,43],[26,0]],[[50,55],[19,18]]]},
"G309": {"type": "Matrix2x2", "payoffs": [[[0,1],[67,4]],[[33,3],[53,0]]]},
"G310": {"type": "Matrix2x2", "payoffs": [[[20,0],[42,66]],[[4,51],[0,4]]]},
"G311": {"type": "Matrix2x2", "payoffs": [[[22,29],[34,86]],[[27,37],[0,0]]]},
"G312": {"type": "Matrix2x2", "payoffs": [[[0,5],[9,9]],[[1,0],[4,8]]]},
"G313": {"type": "Matrix2x2", "payoffs": [[[35,38],[0,37]],[[37,42],[2,0]]]},
"G314": {"type": "Matrix2x2", "payoffs": [[[0,1],[52,6]],[[8,0],[35,4]]]},
"G315": {"type": "Matrix2x2", "payoffs": [[[58,48],[0,50]],[[77,0],[82,53]]]},
"G316": {"type": "Matrix2x2", "payoffs": [[[71,19],[56,0]],[[21,17],[0,8]]]},
"G317": {"type": "Matrix2x2", "payoffs": [[[51,21],[36,16]],[[0,0],[77,69]]]},
"G318": {"type": "Matrix2x2", "payoffs": [[[55,9],[24,14]],[[67,65],[0,0]]]},
"G319": {"type": "Matrix2x2", "payoffs": [[[70,100],[43,22]],[[0,59],[28,0]]]},
"G320": {"type": "Matrix2x2", "payoffs": [[[0,61],[40,0]],[[69,87],[39,32]]]},
"G321": {"type": "Matrix2x2", "payoffs": [[[0,18],[51,36]],[[2,24],[32,0]]]},
"G322": {"type": "Matrix2x2", "payoffs": [[[0,0],[16,54]],[[4,32],[29,94]]]},
"G323": {"type": "Matrix2x2", "payoffs": [[[15,92],[10,11]],[[9,70],[0,0]]]},
"G324": {"type": "Matrix2x2", "payoffs": [[[23,0],[91,36]],[[14,5],[0,9]]]},
"G325": {"type": "Matrix2x2", "payoffs": [[[29,15],[85,53]],[[0,0],[6,1]]]},
"G326": {"type": "Matrix2x2", "payoffs": [[[41,73],[0,0]],[[13,52],[28,34]]]},
"G327": {"type": "Matrix2x2", "payoffs": [[[34,80],[7,0]],[[0,20],[20,19]]]},
"G328": {"type": "Matrix2x2", "payoffs": [[[18,25],[0,10]],[[72,0],[95,73]]]},
"G329": {"type": "Matrix2x2", "payoffs": [[[5,30],[0,12]],[[6,0],[9,47]]]},
"G330": {"type": "Matrix2x2", "payoffs": [[[1,28],[43,40]],[[41,27],[0,0]]]},
"G331": {"type": "Matrix2x2", "payoffs": [[[0,0],[19,6]],[[37,51],[36,24]]]},
"G332": {"type": "Matrix2x2", "payoffs": [[[0,0],[60,16]],[[8,9],[15,4]]]},
"G333": {"type": "Matrix2x2", "payoffs": [[[52,31],[18,27]],[[69,35],[0,0]]]},
"G334": {"type": "Matrix2x2", "payoffs": [[[89,18],[0,0]],[[58,12],[5,13]]]},
"G335": {"type": "Matrix2x2", "payoffs": [[[46,48],[0,0]],[[10,16],[62,54]]]},
"G336": {"type": "Matrix2x2", "payoffs": [[[31,26],[25,8]],[[0,0],[80,38]]]},
"G337": {"type": "Matrix2x2", "payoffs": [[[93,52],[60,20]],[[0,0],[7,37]]]},
"G338": {"type": "Matrix2x2", "payoffs": [[[3,1],[70,10]],[[0,0],[19,8]]]},
"G339": {"type": "Matrix2x2", "payoffs": [[[23,22],[7,53]],[[55,83],[0,0]]]},
"G340": {"type": "Matrix2x2", "payoffs": [[[53,0],[84,40]],[[0,13],[24,34]]]},
"G341": {"type": "Matrix2x2", "payoffs": [[[24,0],[0,4]],[[43,6],[51,9]]]},
"G342": {"type": "Matrix2x2", "payoffs": [[[26,14],[0,29]],[[39,34],[11,0]]]},
"G343": {"type": "Matrix2x2", "payoffs": [[[39,0],[76,67]],[[0,38],[57,64]]]},
"G344": {"type": "Matrix2x2", "payoffs": [[[0,8],[1,0]],[[3,55],[2,15]]]},
"G345": {"type": "Matrix2x2", "payoffs": [[[71,50],[47,21]],[[35,0],[0,25]]]},
"G346": {"type": "Matrix2x2", "payoffs": [[[64,93],[5,31]],[[27,0],[0,92]]]},
"G347": {"type": "Matrix2x2", "payoffs": [[[0,15],[100,33]],[[55,21],[6,0]]]},
"G348": {"type": "Matrix2x2", "payoffs": [[[0,0],[70,33]],[[48,13],[26,18]]]},
"G349": {"type": "Matrix2x2", "payoffs": [[[40,49],[13,28]],[[5,0],[0,23]]]},
"G350": {"type": "Matrix2x2", "payoffs": [[[8,77],[0,31]],[[6,0],[3,26]]]},
"G351": {"type": "Matrix2x2", "payoffs": [[[84,28],[52,9]],[[0,20],[48,0]]]},
"G352": {"type": "Matrix2x2", "payoffs": [[[13,23],[0,0]],[[47,72],[42,46]]]},
"G353": {"type": "Matrix2x2", "payoffs": [[[0,54],[9,74]],[[2,5],[3,0]]]},
"G354": {"type": "Matrix2x2", "payoffs": [[[35,18],[5,20]],[[60,99],[0,0]]]},
"G355": {"type": "Matrix2x2", "payoffs": [[[59,63],[0,0]],[[31,21],[50,46]]]},
"G356": {"type": "Matrix2x2", "payoffs": [[[17,0],[22,87]],[[11,42],[0,39]]]},
"G357": {"type": "Matrix2x2", "payoffs": [[[10,0],[0,28]],[[30,89],[27,71]]]},
"G358": {"type": "Matrix2x2", "payoffs": [[[0,3],[1,17]],[[27,0],[50,18]]]},
"G359": {"type": "Matrix2x2", "payoffs": [[[0,39],[55,28]],[[93,40],[92,0]]]},
"G360": {"type": "Matrix2x2", "payoffs": [[[4,72],[0,46]],[[1,24],[3,0]]]},
"G361": {"type": "Matrix2x2", "payoffs": [[[29,1],[30,2]],[[0,0],[44,3]]]},
"G362": {"type": "Matrix2x2", "payoffs": [[[5,18],[23,57]],[[19,9],[0,0]]]},
"G363": {"type": "Matrix2x2", "payoffs": [[[94,13],[72,0]],[[89,7],[0,11]]]},
"G364": {"type": "Matrix2x2", "payoffs": [[[94,48],[64,0]],[[0,21],[9,38]]]},
"G365": {"type": "Matrix2x2", "payoffs": [[[96,76],[90,61]],[[0,0],[71,22]]]},
"G366": {"type": "Matrix2x2", "payoffs": [[[57,0],[42,70]],[[73,94],[0,38]]]},
"G367": {"type": "Matrix2x2", "payoffs": [[[32,0],[71,71]],[[12,10],[0,64]]]},
"G368": {"type": "Matrix2x2", "payoffs": [[[0,0],[55,2]],[[64,17],[25,6]]]},
"G369": {"type": "Matrix2x2", "payoffs": [[[75,0],[74,5]],[[0,2],[85,6]]]},
"G370": {"type": "Matrix2x2", "payoffs": [[[75,39],[56,22]],[[34,0],[0,29]]]},
"G371": {"type": "Matrix2x2", "payoffs": [[[2,0],[4,35]],[[0,18],[3,33]]]},
"G372": {"type": "Matrix2x2", "payoffs": [[[0,54],[14,0]],[[82,71],[76,27]]]},
"G373": {"type": "Matrix2x2", "payoffs": [[[77,54],[59,0]],[[96,64],[0,2]]]},
"G374": {"type": "Matrix2x2", "payoffs": [[[14,33],[17,60]],[[22,63],[0,0]]]},
"G375": {"type": "Matrix2x2", "payoffs": [[[0,4],[3,0]],[[40,10],[23,5]]]},
"G376": {"type": "Matrix2x2", "payoffs": [[[12,72],[1,0]],[[3,65],[0,8]]]},
"G377": {"type": "Matrix2x2", "payoffs": [[[40,88],[0,35]],[[26,0],[29,43]]]},
"G378": {"type": "Matrix2x2", "payoffs": [[[0,0],[37,3]],[[40,24],[22,23]]]},
"G379": {"type": "Matrix2x2", "payoffs": [[[10,0],[12,5]],[[20,7],[0,2]]]},
"G380": {"type": "Matrix2x2", "payoffs": [[[56,0],[94,81]],[[0,50],[87,25]]]},
"G381": {"type": "Matrix2x2", "payoffs": [[[5,6],[28,0]],[[0,9],[31,50]]]},
"G382": {"type": "Matrix2x2", "payoffs": [[[6,0],[3,4]],[[0,20],[12,30]]]},
"G383": {"type": "Matrix2x2", "payoffs": [[[10,0],[23,66]],[[0,48],[73,75]]]},
"G384": {"type": "Matrix2x2", "payoffs": [[[99,92],[0,80]],[[93,51],[32,0]]]},
"G385": {"type": "Matrix2x2", "payoffs": [[[45,82],[32,29]],[[0,0],[36,14]]]},
"G386": {"type": "Matrix2x2", "payoffs": [[[0,2],[56,0]],[[58,13],[35,6]]]},
"G387": {"type": "Matrix2x2", "payoffs": [[[0,0],[26,75]],[[37,42],[53,83]]]},
"G388": {"type": "Matrix2x2", "payoffs": [[[75,37],[0,18]],[[25,12],[68,0]]]},
"G389": {"type": "Matrix2x2", "payoffs": [[[10,43],[5,7]],[[3,0],[0,37]]]},
"G390": {"type": "Matrix2x2", "payoffs": [[[61,34],[50,10]],[[35,1],[0,0]]]},
"G391": {"type": "Matrix2x2", "payoffs": [[[25,0],[36,98]],[[0,40],[6,42]]]},
"G392": {"type": "Matrix2x2", "payoffs": [[[3,9],[0,57]],[[2,0],[7,58]]]},
"G393": {"type": "Matrix2x2", "payoffs": [[[0,9],[67,10]],[[89,11],[79,0]]]},
"G394": {"type": "Matrix2x2", "payoffs": [[[47,95],[2,5]],[[0,0],[8,88]]]},
"G395": {"type": "Matrix2x2", "payoffs": [[[27,36],[42,41]],[[71,56],[0,0]]]},
"G396": {"type": "Matrix2x2", "payoffs": [[[24,77],[19,68]],[[2,0],[0,13]]]},
"G397": {"type": "Matrix2x2", "payoffs": [[[52,54],[53,0]],[[82,69],[0,11]]]},
"G398": {"type": "Matrix2x2", "payoffs": [[[3,0],[1,5]],[[4,51],[0,42]]]},
"G399": {"type": "Matrix2x2", "payoffs": [[[71,67],[0,4]],[[43,0],[29,10]]]},
"G400": {"type": "Matrix2x2", "payoffs": [[[0,0],[54,94]],[[100,96],[24,70]]]},
"G401": {"type": "Matrix2x2", "payoffs": [[[12,0],[7,29]],[[0,3],[27,38]]]},
"G402": {"type": "Matrix2x2", "payoffs": [[[1,22],[19,0]],[[24,74],[0,51]]]},
"G403": {"type": "Matrix2x2", "payoffs": [[[12,6],[70,18]],[[16,0],[0,17]]]},
"G404": {"type": "Matrix2x2", "payoffs": [[[6,3],[0,0]],[[31,26],[4,1]]]},
"G405": {"type": "Matrix2x2", "payoffs": [[[72,54],[66,0]],[[8,6],[0,33]]]},
"G406": {"type": "Matrix2x2", "payoffs": [[[64,4],[77,96]],[[0,39],[35,0]]]},
"G407": {"type": "Matrix2x2", "payoffs": [[[57,33],[97,55]],[[34,0],[0,17]]]},
"G408": {"type": "Matrix2x2", "payoffs": [[[51,0],[17,17]],[[82,50],[0,23]]]},
"G409": {"type": "Matrix2x2", "payoffs": [[[0,13],[64,0]],[[30,8],[73,30]]]},
"G410": {"type": "Matrix2x2", "payoffs": [[[45,16],[0,0]],[[67,51],[89,57]]]},
"G411": {"type": "Matrix2x2", "payoffs": [[[0,62],[45,79]],[[39,47],[20,0]]]},
"G412": {"type": "Matrix2x2", "payoffs": [[[15,0],[14,25]],[[0,95],[31,100]]]},
"G413": {"type": "Matrix2x2", "payoffs": [[[12,44],[52,86]],[[44,0],[0,71]]]},
"G414": {"type": "Matrix2x2", "payoffs": [[[6,1],[2,0]],[[8,5],[0,3]]]},
"G415": {"type": "Matrix2x2", "payoffs": [[[50,14],[20,11]],[[0,0],[48,4]]]},
"G416": {"type": "Matrix2x2", "payoffs": [[[21,17],[0,0]],[[2,14],[3,16]]]},
"G417": {"type": "Matrix2x2", "payoffs": [[[41,59],[3,3]],[[36,19],[0,0]]]},
"G418": {"type": "Matrix2x2", "payoffs": [[[0,68],[54,33]],[[56,80],[12,0]]]},
"G419": {"type": "Matrix2x2", "payoffs": [[[0,11],[92,31]],[[16,0],[45,17]]]},
"G420": {"type": "Matrix2x2", "payoffs": [[[0,16],[11,0]],[[57,99],[19,20]]]},
"G421": {"type": "Matrix2x2", "payoffs": [[[7,13],[2,7]],[[32,90],[0,0]]]},
"G422": {"type": "Matrix2x2", "payoffs": [[[37,42],[0,9]],[[54,0],[73,56]]]},
"G423": {"type": "Matrix2x2", "payoffs": [[[14,14],[22,32]],[[0,31],[1,0]]]},
"G424": {"type": "Matrix2x2", "payoffs": [[[0,0],[38,29]],[[41,17],[51,30]]]},
"G425": {"type": "Matrix2x2", "payoffs": [[[2,78],[5,0]],[[0,38],[9,82]]]},
"G426": {"type": "Matrix2x2", "payoffs": [[[51,0],[62,39]],[[23,31],[0,20]]]},
"G427": {"type": "Matrix2x2", "payoffs": [[[7,4],[0,0]],[[30,5],[6,2]]]},
"G428": {"type": "Matrix2x2", "payoffs": [[[35,0],[0,23]],[[78,41],[27,2]]]},
"G429": {"type": "Matrix2x2", "payoffs": [[[0,0],[2,27]],[[16,6],[20,52]]]},
"G430": {"type": "Matrix2x2", "payoffs": [[[0,7],[57,67]],[[51,0],[23,13]]]},
"G431": {"type": "Matrix2x2", "payoffs": [[[0,0],[56,77]],[[23,2],[15,11]]]},
"G432": {"type": "Matrix2x2", "payoffs": [[[24,0],[25,32]],[[36,74],[0,70]]]},
"G433": {"type": "Matrix2x2", "payoffs": [[[78,3],[0,0]],[[79,24],[31,23]]]},
"G434": {"type": "Matrix2x2", "payoffs": [[[2,29],[7,71]],[[3,0],[0,33]]]},
"G435": {"type": "Matrix2x2", "payoffs": [[[10,0],[26,97]],[[14,27],[0,56]]]},
"G436": {"type": "Matrix2x2", "payoffs": [[[0,0],[31,31]],[[67,14],[79,43]]]},
"G437": {"type": "Matrix2x2", "payoffs": [[[18,0],[0,11]],[[73,94],[41,75]]]},
"G438": {"type": "Matrix2x2", "payoffs": [[[0,0],[16,17]],[[46,36],[37,12]]]},
"G439": {"type": "Matrix2x2", "payoffs": [[[30,0],[0,27]],[[6,5],[64,40]]]},
"G440": {"type": "Matrix2x2", "payoffs": [[[63,2],[90,5]],[[0,1],[10,0]]]},
"G441": {"type": "Matrix2x2", "payoffs": [[[11,6],[0,0]],[[51,86],[29,39]]]},
"G442": {"type": "Matrix2x2", "payoffs": [[[17,4],[26,6]],[[0,0],[41,9]]]},
"G443": {"type": "Matrix2x2", "payoffs": [[[7,0],[0,56]],[[26,67],[17,3]]]},
"G444": {"type": "Matrix2x2", "payoffs": [[[0,10],[78,26]],[[4,0],[69,8]]]},
"G445": {"type": "Matrix2x2", "payoffs": [[[1,13],[2,0]],[[4,26],[0,12]]]},
"G446": {"type": "Matrix2x2", "payoffs": [[[22,8],[0,58]],[[18,0],[58,96]]]},
"G447": {"type": "Matrix2x2", "payoffs": [[[89,48],[100,83]],[[0,65],[83,0]]]},
"G448": {"type": "Matrix2x2", "payoffs": [[[37,0],[0,78]],[[43,86],[27,10]]]},
"G449": {"type": "Matrix2x2", "payoffs": [[[66,5],[0,3]],[[50,0],[24,1]]]},
"G450": {"type": "Matrix2x2", "payoffs": [[[4,1],[53,4]],[[22,3],[0,0]]]},
"G451": {"type": "Matrix2x2", "payoffs": [[[0,27],[44,48]],[[41,10],[7,0]]]},
"G452": {"type": "Matrix2x2", "payoffs": [[[0,16],[16,0]],[[9,8],[57,24]]]},
"G453": {"type": "Matrix2x2", "payoffs": [[[29,0],[0,41]],[[33,4],[96,81]]]},
"G454": {"type": "Matrix2x2", "payoffs": [[[84,3],[85,1]],[[0,0],[93,4]]]},
"G455": {"type": "Matrix2x2", "payoffs": [[[20,0],[0,58]],[[31,72],[11,32]]]},
"G456": {"type": "Matrix2x2", "payoffs": [[[0,22],[67,87]],[[48,0],[26,26]]]},
"G457": {"type": "Matrix2x2", "payoffs": [[[2,0],[7,46]],[[0,5],[6,23]]]},
"G458": {"type": "Matrix2x2", "payoffs": [[[8,11],[13,14]],[[78,20],[0,0]]]},
"G459": {"type": "Matrix2x2", "payoffs": [[[74,49],[38,0]],[[94,58],[0,5]]]},
"G460": {"type": "Matrix2x2", "payoffs": [[[84,84],[39,15]],[[62,0],[0,33]]]},
"G461": {"type": "Matrix2x2", "payoffs": [[[29,20],[24,31]],[[33,36],[0,0]]]},
"G462": {"type": "Matrix2x2", "payoffs": [[[0,0],[13,2]],[[81,7],[91,10]]]},
"G463": {"type": "Matrix2x2", "payoffs": [[[1,34],[0,0]],[[3,18],[6,63]]]},
"G464": {"type": "Matrix2x2", "payoffs": [[[0,70],[11,0]],[[13,77],[7,23]]]},
"G465": {"type": "Matrix2x2", "payoffs": [[[31,48],[0,0]],[[53,57],[17,50]]]},
"G466": {"type": "Matrix2x2", "payoffs": [[[0,30],[1,34]],[[8,0],[15,73]]]},
"G467": {"type": "Matrix2x2", "payoffs": [[[46,25],[0,0]],[[76,71],[48,63]]]},
"G468": {"type": "Matrix2x2", "payoffs": [[[8,47],[7,0]],[[0,38],[2,7]]]},
"G469": {"type": "Matrix2x2", "payoffs": [[[16,0],[0,10]],[[93,12],[50,11]]]},
"G470": {"type": "Matrix2x2", "payoffs": [[[0,6],[48,0]],[[23,16],[59,51]]]},
"G471": {"type": "Matrix2x2", "payoffs": [[[0,42],[58,30]],[[63,43],[61,0]]]},
"G472": {"type": "Matrix2x2", "payoffs": [[[0,0],[8,18]],[[10,6],[18,67]]]},
"G473": {"type": "Matrix2x2", "payoffs": [[[97,30],[19,0]],[[0,1],[27,19]]]},
"G474": {"type": "Matrix2x2", "payoffs": [[[32,15],[4,0]],[[0,11],[28,9]]]},
"G475": {"type": "Matrix2x2", "payoffs": [[[27,17],[0,0]],[[9,4],[70,18]]]},
"G476": {"type": "Matrix2x2", "payoffs": [[[7,0],[10,63]],[[22,100],[0,79]]]},
"G477": {"type": "Matrix2x2", "payoffs": [[[20,27],[28,45]],[[39,47],[0,0]]]},
"G478": {"type": "Matrix2x2", "payoffs": [[[0,61],[67,0]],[[23,65],[72,97]]]},
"G479": {"type": "Matrix2x2", "payoffs": [[[14,93],[55,94]],[[0,0],[42,31]]]},
"G480": {"type": "Matrix2x2", "payoffs": [[[15,0],[20,44]],[[23,75],[0,48]]]},
"G481": {"type": "Matrix2x2", "payoffs": [[[32,63],[45,0]],[[0,5],[99,69]]]},
"G482": {"type": "Matrix2x2", "payoffs": [[[14,3],[0,14]],[[8,0],[26,63]]]},
"G483": {"type": "Matrix2x2", "payoffs": [[[17,2],[0,0]],[[61,35],[57,26]]]},
"G484": {"type": "Matrix2x2", "payoffs": [[[44,79],[24,28]],[[9,0],[0,24]]]},
"G485": {"type": "Matrix2x2", "payoffs": [[[38,29],[24,0]],[[44,41],[0,9]]]},
"G486": {"type": "Matrix2x2", "payoffs": [[[0,2],[5,0]],[[22,35],[13,9]]]},
"G487": {"type": "Matrix2x2", "payoffs": [[[39,18],[0,12]],[[14,0],[8,3]]]},
"G488": {"type": "Matrix2x2", "payoffs": [[[4,95],[0,0]],[[1,24],[3,22]]]},
"G489": {"type": "Matrix2x2", "payoffs": [[[54,0],[73,51]],[[15,44],[0,30]]]},
"G490": {"type": "Matrix2x2", "payoffs": [[[37,26],[4,1]],[[81,27],[0,0]]]},
"G491": {"type": "Matrix2x2", "payoffs": [[[2,9],[0,14]],[[6,0],[7,16]]]},
"G492": {"type": "Matrix2x2", "payoffs": [[[80,77],[56,20]],[[0,0],[90,79]]]},
"G493": {"type": "Matrix2x2", "payoffs": [[[44,36],[0,2]],[[40,0],[89,40]]]},
"G494": {"type": "Matrix2x2", "payoffs": [[[20,71],[0,70]],[[1,13],[5,0]]]},
"G495": {"type": "Matrix2x2", "payoffs": [[[0,20],[37,61]],[[23,0],[3,33]]]},
"G496": {"type": "Matrix2x2", "payoffs": [[[30,25],[0,0]],[[20,11],[37,45]]]},
"G497": {"type": "Matrix2x2", "payoffs": [[[14,2],[95,4]],[[0,0],[69,3]]]},
"G498": {"type": "Matrix2x2", "payoffs": [[[29,21],[43,65]],[[14,54],[0,0]]]},
"G499": {"type": "Matrix2x2", "payoffs": [[[16,10],[41,34]],[[0,29],[13,0]]]},
"G500": {"type": "Matrix2x2", "payoffs": [[[65,87],[26,0]],[[0,20],[30,5]]]},
"G501": {"type": "Matrix2x2", "payoffs": [[[0,0],[9,6]],[[24,21],[71,24]]]},
"G502": {"type": "Matrix2x2", "payoffs": [[[41,26],[11,7]],[[19,0],[0,22]]]},
"G503": {"type": "Matrix2x2", "payoffs": [[[6,1],[72,16]],[[0,0],[5,14]]]},
"G504": {"type": "Matrix2x2", "payoffs": [[[58,11],[0,10]],[[78,16],[50,0]]]},
"G505": {"type": "Matrix2x2", "payoffs": [[[0,0],[77,25]],[[73,15],[14,2]]]},
"G506": {"type": "Matrix2x2", "payoffs": [[[0,0],[6,11]],[[31,17],[48,55]]]},
"G507": {"type": "Matrix2x2", "payoffs": [[[23,0],[0,8]],[[73,47],[4,19]]]},
"G508": {"type": "Matrix2x2", "payoffs": [[[76,63],[54,12]],[[0,0],[36,57]]]},
"G509": {"type": "Matrix2x2", "payoffs": [[[0,2],[2,0]],[[21,71],[38,100]]]},
"G510": {"type": "Matrix2x2", "payoffs": [[[6,89],[4,54]],[[0,9],[3,0]]]},
"G511": {"type": "Matrix2x2", "payoffs": [[[54,54],[20,48]],[[1,0],[0,35]]]},
"G512": {"type": "Matrix2x2", "payoffs": [[[4,11],[7,13]],[[0,0],[24,17]]]},
"G513": {"type": "Matrix2x2", "payoffs": [[[38,0],[36,54]],[[43,58],[0,4]]]},
"G514": {"type": "Matrix2x2", "payoffs": [[[62,44],[0,27]],[[20,5],[27,0]]]},
"G515": {"type": "Matrix2x2", "payoffs": [[[64,66],[39,12]],[[24,7],[0,0]]]},
"G516": {"type": "Matrix2x2", "payoffs": [[[92,16],[0,5]],[[71,0],[32,12]]]},
"G517": {"type": "Matrix2x2", "payoffs": [[[71,64],[27,55]],[[0,30],[50,0]]]},
"G518": {"type": "Matrix2x2", "payoffs": [[[28,74],[5,59]],[[25,20],[0,0]]]},
"G519": {"type": "Matrix2x2", "payoffs": [[[0,25],[1,0]],[[86,34],[26,28]]]},
"G520": {"type": "Matrix2x2", "payoffs": [[[0,12],[55,90]],[[32,0],[19,65]]]},
"G521": {"type": "Matrix2x2", "payoffs": [[[6,40],[0,0]],[[9,23],[50,61]]]},
"G522": {"type": "Matrix2x2", "payoffs": [[[39,0],[17,80]],[[54,100],[0,71]]]},
"G523": {"type": "Matrix2x2", "payoffs": [[[0,41],[29,37]],[[19,0],[35,77]]]},
"G524": {"type": "Matrix2x2", "payoffs": [[[67,78],[0,31]],[[50,71],[3,0]]]},
"G525": {"type": "Matrix2x2", "payoffs": [[[15,0],[0,54]],[[28,60],[24,52]]]},
"G526": {"type": "Matrix2x2", "payoffs": [[[34,0],[42,40]],[[0,43],[45,54]]]},
"G527": {"type": "Matrix2x2", "payoffs": [[[26,0],[44,68]],[[0,42],[2,65]]]},
"G528": {"type": "Matrix2x2", "payoffs": [[[67,43],[66,15]],[[0,42],[5,0]]]},
"G529": {"type": "Matrix2x2", "payoffs": [[[38,34],[29,16]],[[24,0],[0,19]]]},
"G530": {"type": "Matrix2x2", "payoffs": [[[22,22],[0,0]],[[25,76],[21,17]]]},
"G531": {"type": "Matrix2x2", "payoffs": [[[0,55],[26,0]],[[67,57],[38,51]]]},
"G532": {"type": "Matrix2x2", "payoffs": [[[5,20],[66,97]],[[0,21],[57,0]]]},
"G533": {"type": "Matrix2x2", "payoffs": [[[0,24],[67,36]],[[42,26],[50,0]]]},
"G534": {"type": "Matrix2x2", "payoffs": [[[20,2],[3,23]],[[62,34],[0,0]]]},
"G535": {"type": "Matrix2x2", "payoffs": [[[74,96],[0,33]],[[30,41],[42,0]]]},
"G536": {"type": "Matrix2x2", "payoffs": [[[86,21],[26,12]],[[6,1],[0,0]]]},
"G537": {"type": "Matrix2x2", "payoffs": [[[82,25],[31,0]],[[29,2],[0,4]]]},
"G538": {"type": "Matrix2x2", "payoffs": [[[62,94],[0,46]],[[10,1],[60,0]]]},
"G539": {"type": "Matrix2x2", "payoffs": [[[0,9],[10,16]],[[19,17],[6,0]]]},
"G540": {"type": "Matrix2x2", "payoffs": [[[0,4],[87,18]],[[16,0],[65,15]]]},
"G541": {"type": "Matrix2x2", "payoffs": [[[44,8],[0,6]],[[8,0],[2,1]]]},
"G542": {"type": "Matrix2x2", "payoffs": [[[85,6],[0,3]],[[79,0],[16,1]]]},
"G543": {"type": "Matrix2x2", "payoffs": [[[6,0],[26,3]],[[0,11],[37,35]]]},
"G544": {"type": "Matrix2x2", "payoffs": [[[20,0],[29,36]],[[0,27],[17,21]]]},
"G545": {"type": "Matrix2x2", "payoffs": [[[0,0],[51,95]],[[31,50],[47,82]]]},
"G546": {"type": "Matrix2x2", "payoffs": [[[8,45],[55,96]],[[16,0],[0,51]]]},
"G547": {"type": "Matrix2x2", "payoffs": [[[10,0],[11,22]],[[0,6],[18,40]]]},
"G548": {"type": "Matrix2x2", "payoffs": [[[80,74],[31,0]],[[2,63],[0,65]]]},
"G549": {"type": "Matrix2x2", "payoffs": [[[65,8],[43,0]],[[0,64],[70,94]]]},
"G550": {"type": "Matrix2x2", "payoffs": [[[35,27],[3,42]],[[0,0],[49,99]]]},
"G551": {"type": "Matrix2x2", "payoffs": [[[4,0],[51,22]],[[98,30],[0,5]]]},
"G552": {"type": "Matrix2x2", "payoffs": [[[54,71],[40,0]],[[0,48],[41,43]]]},
"G553": {"type": "Matrix2x2", "payoffs": [[[0,0],[4,6]],[[58,8],[1,3]]]},
"G554": {"type": "Matrix2x2", "payoffs": [[[74,25],[68,24]],[[0,0],[77,29]]]},
"G555": {"type": "Matrix2x2", "payoffs": [[[51,54],[0,41]],[[8,17],[36,0]]]},
"G556": {"type": "Matrix2x2", "payoffs": [[[83,92],[8,85]],[[32,45],[0,0]]]},
"G557": {"type": "Matrix2x2", "payoffs": [[[48,98],[1,0]],[[45,6],[0,14]]]},
"G558": {"type": "Matrix2x2", "payoffs": [[[26,64],[0,0]],[[36,68],[59,89]]]},
"G559": {"type": "Matrix2x2", "payoffs": [[[61,31],[16,27]],[[36,5],[0,0]]]},
"G560": {"type": "Matrix2x2", "payoffs": [[[0,23],[50,11]],[[57,0],[89,24]]]},
"G561": {"type": "Matrix2x2", "payoffs": [[[0,0],[2,4]],[[37,2],[95,17]]]},
"G562": {"type": "Matrix2x2", "payoffs": [[[31,0],[1,16]],[[0,20],[36,49]]]},
"G563": {"type": "Matrix2x2", "payoffs": [[[0,0],[90,87]],[[26,11],[10,53]]]},
"G564": {"type": "Matrix2x2", "payoffs": [[[56,62],[62,99]],[[0,21],[19,0]]]},
"G565": {"type": "Matrix2x2", "payoffs": [[[45,6],[74,8]],[[96,14],[0,0]]]},
"G566": {"type": "Matrix2x2", "payoffs": [[[95,85],[59,0]],[[0,2],[84,26]]]},
"G567": {"type": "Matrix2x2", "payoffs": [[[1,30],[0,0]],[[9,100],[2,13]]]},
"G568": {"type": "Matrix2x2", "payoffs": [[[83,84],[0,79]],[[49,55],[75,0]]]},
"G569": {"type": "Matrix2x2", "payoffs": [[[57,14],[0,0]],[[20,7],[53,9]]]},
"G570": {"type": "Matrix2x2", "payoffs": [[[48,23],[0,19]],[[52,36],[12,0]]]},
"G571": {"type": "Matrix2x2", "payoffs": [[[57,20],[43,0]],[[15,12],[0,3]]]},
"G572": {"type": "Matrix2x2", "payoffs": [[[35,0],[33,10]],[[36,67],[0,15]]]},
"G573": {"type": "Matrix2x2", "payoffs": [[[4,21],[14,24]],[[2,0],[0,10]]]},
"G574": {"type": "Matrix2x2", "payoffs": [[[10,16],[0,10]],[[4,14],[8,0]]]},
"G575": {"type": "Matrix2x2", "payoffs": [[[23,1],[29,94]],[[6,0],[0,52]]]},
"G576": {"type": "Matrix2x2", "payoffs": [[[35,25],[3,0]],[[0,10],[4,24]]]},
"G577": {"type": "Matrix2x2", "payoffs": [[[37,55],[0,0]],[[1,20],[7,9]]]},
"G578": {"type": "Matrix2x2", "payoffs": [[[35,58],[0,33]],[[27,48],[21,0]]]},
"G579": {"type": "Matrix2x2", "payoffs": [[[13,35],[0,40]],[[8,0],[17,55]]]},
"G580": {"type": "Matrix2x2", "payoffs": [[[92,55],[0,6]],[[72,20],[69,0]]]},
"G581": {"type": "Matrix2x2", "payoffs": [[[65,21],[28,0]],[[0,17],[32,7]]]},
"G582": {"type": "Matrix2x2", "payoffs": [[[4,6],[10,4]],[[0,0],[15,42]]]},
"G583": {"type": "Matrix2x2", "payoffs": [[[16,21],[51,60]],[[0,0],[48,58]]]},
"G584": {"type": "Matrix2x2", "payoffs": [[[0,1],[56,6]],[[19,0],[5,3]]]},
"G585": {"type": "Matrix2x2", "payoffs": [[[0,1],[20,0]],[[4,3],[21,6]]]},
"G586": {"type": "Matrix2x2", "payoffs": [[[6,0],[28,57]],[[1,33],[0,55]]]},
"G587": {"type": "Matrix2x2", "payoffs": [[[0,9],[21,11]],[[86,18],[29,0]]]},
"G588": {"type": "Matrix2x2", "payoffs": [[[0,11],[33,0]],[[55,25],[47,2]]]},
"G589": {"type": "Matrix2x2", "payoffs": [[[40,80],[71,86]],[[57,58],[0,0]]]},
"G590": {"type": "Matrix2x2", "payoffs": [[[25,0],[18,26]],[[0,17],[28,49]]]},
"G591": {"type": "Matrix2x2", "payoffs": [[[74,76],[90,88]],[[0,37],[66,0]]]},
"G592": {"type": "Matrix2x2", "payoffs": [[[71,39],[24,24]],[[20,0],[0,21]]]},
"G593": {"type": "Matrix2x2", "payoffs": [[[50,31],[45,14]],[[4,21],[0,0]]]},
"G594": {"type": "Matrix2x2", "payoffs": [[[30,55],[64,67]],[[0,53],[49,0]]]},
"G595": {"type": "Matrix2x2", "payoffs": [[[0,0],[50,95]],[[22,71],[41,48]]]},
"G596": {"type": "Matrix2x2", "payoffs": [[[0,16],[62,22]],[[28,0],[14,2]]]},
"G597": {"type": "Matrix2x2", "payoffs": [[[0,82],[14,29]],[[21,93],[18,0]]]},
"G598": {"type": "Matrix2x2", "payoffs": [[[49,1],[17,0]],[[78,12],[0,3]]]},
"G599": {"type": "Matrix2x2", "payoffs": [[[63,5],[0,0]],[[75,26],[18,3]]]},
"G600": {"type": "Matrix2x2", "payoffs": [[[8,15],[0,81]],[[50,85],[15,0]]]},
"G601": {"type": "Matrix2x2", "payoffs": [[[0,0],[87,20]],[[21,4],[81,3]]]},
"G602": {"type": "Matrix2x2", "payoffs": [[[0,6],[21,0]],[[26,11],[58,16]]]},
"G603": {"type": "Matrix2x2", "payoffs": [[[41,0],[0,13]],[[73,16],[58,1]]]},
"G604": {"type": "Matrix2x2", "payoffs": [[[0,0],[35,7]],[[24,11],[51,57]]]},
"G605": {"type": "Matrix2x2", "payoffs": [[[36,2],[22,0]],[[52,3],[0,1]]]},
"G606": {"type": "Matrix2x2", "payoffs": [[[0,33],[2,0]],[[8,35],[28,50]]]},
"G607": {"type": "Matrix2x2", "payoffs": [[[1,10],[7,76]],[[6,4],[0,0]]]},
"G608": {"type": "Matrix2x2", "payoffs": [[[14,7],[40,6]],[[58,10],[0,0]]]},
"G609": {"type": "Matrix2x2", "payoffs": [[[7,50],[29,58]],[[12,14],[0,0]]]},
"G610": {"type": "Matrix2x2", "payoffs": [[[44,0],[0,44]],[[71,57],[61,27]]]},
"G611": {"type": "Matrix2x2", "payoffs": [[[67,84],[0,56]],[[64,40],[29,0]]]},
"G612": {"type": "Matrix2x2", "payoffs": [[[0,8],[7,0]],[[31,22],[6,3]]]},
"G613": {"type": "Matrix2x2", "payoffs": [[[11,22],[0,14]],[[5,15],[1,0]]]},
"G614": {"type": "Matrix2x2", "payoffs": [[[53,18],[78,33]],[[0,3],[5,0]]]},
"G615": {"type": "Matrix2x2", "payoffs": [[[14,23],[8,0]],[[0,29],[34,34]]]},
"G616": {"type": "Matrix2x2", "payoffs": [[[0,0],[65,81]],[[71,84],[5,33]]]},
"G617": {"type": "Matrix2x2", "payoffs": [[[20,57],[16,0]],[[31,74],[0,45]]]},
"G618": {"type": "Matrix2x2", "payoffs": [[[16,6],[98,12]],[[39,0],[0,1]]]},
"G619": {"type": "Matrix2x2", "payoffs": [[[0,23],[40,28]],[[25,0],[32,18]]]},
"G620": {"type": "Matrix2x2", "payoffs": [[[4,1],[6,3]],[[0,0],[1,2]]]},
"G621": {"type": "Matrix2x2", "payoffs": [[[2,42],[28,52]],[[56,97],[0,0]]]},
"G622": {"type": "Matrix2x2", "payoffs": [[[65,0],[96,80]],[[97,100],[0,10]]]},
"G623": {"type": "Matrix2x2", "payoffs": [[[35,6],[24,4]],[[9,3],[0,0]]]},
"G624": {"type": "Matrix2x2", "payoffs": [[[49,0],[25,17]],[[0,8],[54,23]]]},
"G625": {"type": "Matrix2x2", "payoffs": [[[8,22],[0,0]],[[6,94],[14,99]]]},
"G626": {"type": "Matrix2x2", "payoffs": [[[69,74],[29,40]],[[0,50],[1,0]]]},
"G627": {"type": "Matrix2x2", "payoffs": [[[0,31],[10,0]],[[67,72],[11,42]]]},
"G628": {"type": "Matrix2x2", "payoffs": [[[52,20],[12,0]],[[99,52],[0,26]]]},
"G629": {"type": "Matrix2x2", "payoffs": [[[0,58],[68,67]],[[26,27],[40,0]]]},
"G630": {"type": "Matrix2x2", "payoffs": [[[49,8],[59,16]],[[0,0],[35,12]]]},
"G631": {"type": "Matrix2x2", "payoffs": [[[6,59],[9,72]],[[0,6],[4,0]]]},
"G632": {"type": "Matrix2x2", "payoffs": [[[0,52],[7,0]],[[32,62],[80,86]]]},
"G633": {"type": "Matrix2x2", "payoffs": [[[96,29],[0,26]],[[63,15],[82,0]]]},
"G634": {"type": "Matrix2x2", "payoffs": [[[18,4],[11,2]],[[5,0],[0,1]]]},
"G635": {"type": "Matrix2x2", "payoffs": [[[0,39],[51,40]],[[45,19],[11,0]]]},
"G636": {"type": "Matrix2x2", "payoffs": [[[92,0],[0,6]],[[61,3],[95,11]]]},
"G637": {"type": "Matrix2x2", "payoffs": [[[76,86],[11,57]],[[52,0],[0,76]]]},
"G638": {"type": "Matrix2x2", "payoffs": [[[34,0],[14,18]],[[47,26],[0,25]]]},
"G639": {"type": "Matrix2x2", "payoffs": [[[32,49],[81,73]],[[0,0],[60,44]]]},
"G640": {"type": "Matrix2x2", "payoffs": [[[0,0],[15,76]],[[39,70],[76,92]]]},
"G641": {"type": "Matrix2x2", "payoffs": [[[24,75],[20,0]],[[0,68],[8,36]]]},
"G642": {"type": "Matrix2x2", "payoffs": [[[1,10],[0,27]],[[2,0],[7,28]]]},
"G643": {"type": "Matrix2x2", "payoffs": [[[46,0],[0,58]],[[52,78],[40,16]]]},
"G644": {"type": "Matrix2x2", "payoffs": [[[14,24],[0,40]],[[35,93],[9,0]]]},
"G645": {"type": "Matrix2x2", "payoffs": [[[42,64],[72,0]],[[78,69],[0,42]]]},
"G646": {"type": "Matrix2x2", "payoffs": [[[63,35],[0,0]],[[43,70],[80,78]]]},
"G647": {"type": "Matrix2x2", "payoffs": [[[0,18],[48,87]],[[57,96],[7,0]]]},
"G648": {"type": "Matrix2x2", "payoffs": [[[40,29],[0,20]],[[1,0],[41,59]]]},
"G649": {"type": "Matrix2x2", "payoffs": [[[1,10],[0,0]],[[2,2],[3,12]]]},
"G650": {"type": "Matrix2x2", "payoffs": [[[20,31],[1,12]],[[15,28],[0,0]]]},
"G651": {"type": "Matrix2x2", "payoffs": [[[0,69],[7,0]],[[8,92],[6,54]]]},
"G652": {"type": "Matrix2x2", "payoffs": [[[20,35],[26,78]],[[6,0],[0,64]]]},
"G653": {"type": "Matrix2x2", "payoffs": [[[10,23],[0,0]],[[7,18],[2,16]]]},
"G654": {"type": "Matrix2x2", "payoffs": [[[0,25],[16,38]],[[4,0],[28,62]]]},
"G655": {"type": "Matrix2x2", "payoffs": [[[82,46],[45,45]],[[0,19],[62,0]]]},
"G656": {"type": "Matrix2x2", "payoffs": [[[76,0],[0,26]],[[81,27],[24,25]]]},
"G657": {"type": "Matrix2x2", "payoffs": [[[0,1],[65,0]],[[19,3],[66,5]]]},
"G658": {"type": "Matrix2x2", "payoffs": [[[34,39],[0,37]],[[22,24],[25,0]]]},
"G659": {"type": "Matrix2x2", "payoffs": [[[1,10],[0,42]],[[2,0],[3,91]]]},
"G660": {"type": "Matrix2x2", "payoffs": [[[0,0],[19,62]],[[24,98],[3,51]]]},
"G661": {"type": "Matrix2x2", "payoffs": [[[25,37],[21,36]],[[0,0],[24,15]]]},
"G662": {"type": "Matrix2x2", "payoffs": [[[89,61],[57,8]],[[0,9],[30,0]]]},
"G663": {"type": "Matrix2x2", "payoffs": [[[0,36],[47,0]],[[55,77],[37,63]]]},
"G664": {"type": "Matrix2x2", "payoffs": [[[24,0],[33,99]],[[0,35],[30,22]]]},
"G665": {"type": "Matrix2x2", "payoffs": [[[75,28],[20,20]],[[36,26],[0,0]]]},
"G666": {"type": "Matrix2x2", "payoffs": [[[0,41],[9,48]],[[6,10],[3,0]]]},
"G667": {"type": "Matrix2x2", "payoffs": [[[2,43],[43,71]],[[0,15],[34,0]]]},
"G668": {"type": "Matrix2x2", "payoffs": [[[27,36],[85,93]],[[0,80],[55,0]]]},
"G669": {"type": "Matrix2x2", "payoffs": [[[16,7],[25,32]],[[0,0],[43,37]]]},
"G670": {"type": "Matrix2x2", "payoffs": [[[39,83],[34,20]],[[58,97],[0,0]]]},
"G671": {"type": "Matrix2x2", "payoffs": [[[58,9],[17,0]],[[6,2],[0,6]]]},
"G672": {"type": "Matrix2x2", "payoffs": [[[65,26],[32,62]],[[0,0],[76,64]]]},
"G673": {"type": "Matrix2x2", "payoffs": [[[42,63],[44,0]],[[62,70],[0,9]]]},
"G674": {"type": "Matrix2x2", "payoffs": [[[0,6],[83,91]],[[50,47],[28,0]]]},
"G675": {"type": "Matrix2x2", "payoffs": [[[25,0],[63,32]],[[18,17],[0,31]]]},
"G676": {"type": "Matrix2x2", "payoffs": [[[46,7],[0,0]],[[40,2],[8,4]]]},
"G677": {"type": "Matrix2x2", "payoffs": [[[0,0],[31,4]],[[54,43],[9,19]]]},
"G678": {"type": "Matrix2x2", "payoffs": [[[11,55],[0,0]],[[10,64],[40,77]]]},
"G679": {"type": "Matrix2x2", "payoffs": [[[24,0],[22,59]],[[0,45],[57,78]]]},
"G680": {"type": "Matrix2x2", "payoffs": [[[4,21],[0,4]],[[32,45],[11,0]]]},
"G681": {"type": "Matrix2x2", "payoffs": [[[27,20],[83,18]],[[99,22],[0,0]]]},
"G682": {"type": "Matrix2x2", "payoffs": [[[21,71],[13,51]],[[0,52],[8,0]]]},
"G683": {"type": "Matrix2x2", "payoffs": [[[30,19],[12,18]],[[0,0],[11,10]]]},
"G684": {"type": "Matrix2x2", "payoffs": [[[0,4],[49,11]],[[36,0],[27,10]]]},
"G685": {"type": "Matrix2x2", "payoffs": [[[4,13],[0,23]],[[2,0],[56,32]]]},
"G686": {"type": "Matrix2x2", "payoffs": [[[0,0],[66,16]],[[52,7],[65,10]]]},
"G687": {"type": "Matrix2x2", "payoffs": [[[28,4],[26,0]],[[62,17],[0,6]]]},
"G688": {"type": "Matrix2x2", "payoffs": [[[3,8],[35,0]],[[0,2],[55,38]]]},
"G689": {"type": "Matrix2x2", "payoffs": [[[69,85],[32,57]],[[1,75],[0,0]]]},
"G690": {"type": "Matrix2x2", "payoffs": [[[0,0],[44,6]],[[33,1],[79,12]]]},
"G691": {"type": "Matrix2x2", "payoffs": [[[53,75],[30,8]],[[76,96],[0,0]]]},
"G692": {"type": "Matrix2x2", "payoffs": [[[0,24],[31,60]],[[82,95],[10,0]]]},
"G693": {"type": "Matrix2x2", "payoffs": [[[89,0],[92,24]],[[16,13],[0,23]]]},
"G694": {"type": "Matrix2x2", "payoffs": [[[14,64],[0,76]],[[17,0],[37,94]]]},
"G695": {"type": "Matrix2x2", "payoffs": [[[0,0],[1,79]],[[17,100],[13,97]]]},
"G696": {"type": "Matrix2x2", "payoffs": [[[1,0],[24,17]],[[63,29],[0,13]]]},
"G697": {"type": "Matrix2x2", "payoffs": [[[50,3],[39,45]],[[89,50],[0,0]]]},
"G698": {"type": "Matrix2x2", "payoffs": [[[0,0],[45,10]],[[77,73],[55,42]]]},
"G699": {"type": "Matrix2x2", "payoffs": [[[53,81],[17,61]],[[0,62],[38,0]]]},
"G700": {"type": "Matrix2x2", "payoffs": [[[15,67],[10,46]],[[3,0],[0,18]]]},
"G701": {"type": "Matrix2x2", "payoffs": [[[59,0],[90,65]],[[57,21],[0,64]]]},
"G702": {"type": "Matrix2x2", "payoffs": [[[29,0],[0,2]],[[58,3],[26,1]]]},
"G703": {"type": "Matrix2x2", "payoffs": [[[69,68],[0,54]],[[21,0],[71,81]]]},
"G704": {"type": "Matrix2x2", "payoffs": [[[13,60],[0,49]],[[17,0],[45,65]]]},
"G705": {"type": "Matrix2x2", "payoffs": [[[21,87],[20,14]],[[19,43],[0,0]]]},
"G706": {"type": "Matrix2x2", "payoffs": [[[2,30],[0,0]],[[7,17],[18,37]]]},
"G707": {"type": "Matrix2x2", "payoffs": [[[12,17],[0,0]],[[90,99],[18,95]]]},
"G708": {"type": "Matrix2x2", "payoffs": [[[3,60],[0,0]],[[6,95],[2,15]]]},
"G709": {"type": "Matrix2x2", "payoffs": [[[8,29],[0,15]],[[21,68],[3,0]]]},
"G710": {"type": "Matrix2x2", "payoffs": [[[36,52],[0,0]],[[4,10],[28,3]]]},
"G711": {"type": "Matrix2x2", "payoffs": [[[10,0],[1,24]],[[0,55],[22,69]]]},
"G712": {"type": "Matrix2x2", "payoffs": [[[90,56],[56,47]],[[11,0],[0,23]]]},
"G713": {"type": "Matrix2x2", "payoffs": [[[30,66],[0,35]],[[11,50],[12,0]]]},
"G714": {"type": "Matrix2x2", "payoffs": [[[0,0],[26,2]],[[51,5],[56,18]]]},
"G715": {"type": "Matrix2x2", "payoffs": [[[4,0],[17,95]],[[0,59],[16,4]]]},
"G716": {"type": "Matrix2x2", "payoffs": [[[89,71],[0,0]],[[56,46],[31,50]]]},
"G717": {"type": "Matrix2x2", "payoffs": [[[24,2],[0,1]],[[37,3],[1,0]]]},
"G718": {"type": "Matrix2x2", "payoffs": [[[92,27],[64,16]],[[0,0],[10,10]]]},
"G719": {"type": "Matrix2x2", "payoffs": [[[0,40],[5,76]],[[4,0],[1,47]]]},
"G720": {"type": "Matrix2x2", "payoffs": [[[32,10],[0,26]],[[34,0],[68,29]]]},
"G721": {"type": "Matrix2x2", "payoffs": [[[0,41],[7,0]],[[67,52],[44,43]]]},
"G722": {"type": "Matrix2x2", "payoffs": [[[0,5],[3,1]],[[4,0],[6,9]]]},
"G723": {"type": "Matrix2x2", "payoffs": [[[0,25],[28,9]],[[2,0],[81,37]]]},
"G724": {"type": "Matrix2x2", "payoffs": [[[9,55],[0,14]],[[37,0],[60,64]]]},
"G725": {"type": "Matrix2x2", "payoffs": [[[51,68],[0,0]],[[41,58],[27,6]]]},
"G726": {"type": "Matrix2x2", "payoffs": [[[74,70],[66,50]],[[0,0],[19,68]]]},
"G727": {"type": "Matrix2x2", "payoffs": [[[39,96],[0,0]],[[35,76],[4,27]]]},
"G728": {"type": "Matrix2x2", "payoffs": [[[46,0],[59,41]],[[0,12],[16,33]]]},
"G729": {"type": "Matrix2x2", "payoffs": [[[62,31],[56,27]],[[0,0],[48,21]]]},
"G730": {"type": "Matrix2x2", "payoffs": [[[4,95],[3,52]],[[1,89],[0,0]]]},
"G731": {"type": "Matrix2x2", "payoffs": [[[0,4],[10,0]],[[18,15],[23,19]]]},
"G732": {"type": "Matrix2x2", "payoffs": [[[0,38],[11,29]],[[3,0],[13,43]]]},
"G733": {"type": "Matrix2x2", "payoffs": [[[3,0],[0,35]],[[100,42],[8,24]]]},
"G734": {"type": "Matrix2x2", "payoffs": [[[33,38],[34,60]],[[0,0],[35,76]]]},
"G735": {"type": "Matrix2x2", "payoffs": [[[12,0],[35,86]],[[17,69],[0,46]]]},
"G736": {"type": "Matrix2x2", "payoffs": [[[57,56],[49,0]],[[64,60],[0,14]]]},
"G737": {"type": "Matrix2x2", "payoffs": [[[0,0],[4,7]],[[60,10],[18,8]]]},
"G738": {"type": "Matrix2x2", "payoffs": [[[52,18],[0,48]],[[64,67],[48,0]]]},
"G739": {"type": "Matrix2x2", "payoffs": [[[3,17],[32,60]],[[0,38],[1,0]]]},
"G740": {"type": "Matrix2x2", "payoffs": [[[66,4],[0,2]],[[52,1],[62,0]]]},
"G741": {"type": "Matrix2x2", "payoffs": [[[10,21],[6,12]],[[1,18],[0,0]]]},
"G742": {"type": "Matrix2x2", "payoffs": [[[68,94],[65,0]],[[0,36],[57,42]]]},
"G743": {"type": "Matrix2x2", "payoffs": [[[0,0],[39,49]],[[38,44],[8,8]]]},
"G744": {"type": "Matrix2x2", "payoffs": [[[0,63],[12,5]],[[37,0],[84,89]]]},
"G745": {"type": "Matrix2x2", "payoffs": [[[75,60],[50,0]],[[48,3],[0,21]]]},
"G746": {"type": "Matrix2x2", "payoffs": [[[39,60],[0,34]],[[65,79],[57,0]]]},
"G747": {"type": "Matrix2x2", "payoffs": [[[0,0],[40,69]],[[39,67],[25,44]]]},
"G748": {"type": "Matrix2x2", "payoffs": [[[0,7],[3,0]],[[2,2],[7,11]]]},
"G749": {"type": "Matrix2x2", "payoffs": [[[80,0],[89,4]],[[0,3],[92,15]]]},
"G750": {"type": "Matrix2x2", "payoffs": [[[10,41],[21,47]],[[0,0],[6,13]]]},
"G751": {"type": "Matrix2x2", "payoffs": [[[2,0],[0,22]],[[60,37],[63,84]]]},
"G752": {"type": "Matrix2x2", "payoffs": [[[21,85],[14,50]],[[11,0],[0,16]]]},
"G753": {"type": "Matrix2x2", "payoffs": [[[0,2],[19,3]],[[16,1],[12,0]]]},
"G754": {"type": "Matrix2x2", "payoffs": [[[0,54],[1,76]],[[8,92],[2,0]]]},
"G755": {"type": "Matrix2x2", "payoffs": [[[0,9],[6,0]],[[10,6],[29,14]]]},
"G756": {"type": "Matrix2x2", "payoffs": [[[85,12],[42,57]],[[0,0],[93,89]]]},
"G757": {"type": "Matrix2x2", "payoffs": [[[2,0],[1,31]],[[3,52],[0,45]]]},
"G758": {"type": "Matrix2x2", "payoffs": [[[29,63],[0,0]],[[14,26],[13,34]]]},
"G759": {"type": "Matrix2x2", "payoffs": [[[0,35],[33,46]],[[28,0],[40,59]]]},
"G760": {"type": "Matrix2x2", "payoffs": [[[0,86],[9,0]],[[46,42],[76,91]]]},
"G761": {"type": "Matrix2x2", "payoffs": [[[0,33],[5,24]],[[35,0],[72,45]]]},
"G762": {"type": "Matrix2x2", "payoffs": [[[6,63],[0,0]],[[1,52],[2,4]]]},
"G763": {"type": "Matrix2x2", "payoffs": [[[10,0],[0,15]],[[42,2],[55,19]]]},
"G764": {"type": "Matrix2x2", "payoffs": [[[51,23],[0,5]],[[3,0],[13,6]]]},
"G765": {"type": "Matrix2x2", "payoffs": [[[60,0],[0,5]],[[77,41],[7,2]]]},
"G766": {"type": "Matrix2x2", "payoffs": [[[10,4],[61,8]],[[0,0],[57,7]]]},
"G767": {"type": "Matrix2x2", "payoffs": [[[1,12],[21,40]],[[30,52],[0,0]]]},
"G768": {"type": "Matrix2x2", "payoffs": [[[40,86],[5,3]],[[26,35],[0,0]]]},
"G769": {"type": "Matrix2x2", "payoffs": [[[8,48],[0,0]],[[10,60],[30,65]]]},
"G770": {"type": "Matrix2x2", "payoffs": [[[1,75],[97,82]],[[6,34],[0,0]]]},
"G771": {"type": "Matrix2x2", "payoffs": [[[9,14],[0,13]],[[63,47],[13,0]]]},
"G772": {"type": "Matrix2x2", "payoffs": [[[18,66],[11,0]],[[0,57],[2,1]]]},
"G773": {"type": "Matrix2x2", "payoffs": [[[64,23],[13,36]],[[89,54],[0,0]]]},
"G774": {"type": "Matrix2x2", "payoffs": [[[2,60],[4,47]],[[0,0],[11,92]]]},
"G775": {"type": "Matrix2x2", "payoffs": [[[16,21],[0,0]],[[57,37],[19,22]]]},
"G776": {"type": "Matrix2x2", "payoffs": [[[13,0],[11,42]],[[0,39],[26,64]]]},
"G777": {"type": "Matrix2x2", "payoffs": [[[0,27],[11,20]],[[71,37],[7,0]]]},
"G778": {"type": "Matrix2x2", "payoffs": [[[0,20],[77,85]],[[41,43],[47,0]]]},
"G779": {"type": "Matrix2x2", "payoffs": [[[0,1],[2,68]],[[20,78],[8,0]]]},
"G780": {"type": "Matrix2x2", "payoffs": [[[0,41],[23,0]],[[43,89],[20,63]]]},
"G781": {"type": "Matrix2x2", "payoffs": [[[33,20],[10,8]],[[0,0],[24,19]]]},
"G782": {"type": "Matrix2x2", "payoffs": [[[6,9],[18,20]],[[49,38],[0,0]]]},
"G783": {"type": "Matrix2x2", "payoffs": [[[0,36],[11,14]],[[3,0],[48,42]]]},
"G784": {"type": "Matrix2x2", "payoffs": [[[13,19],[56,37]],[[11,17],[0,0]]]},
"G785": {"type": "Matrix2x2", "payoffs": [[[57,0],[14,3]],[[74,4],[0,1]]]},
"G786": {"type": "Matrix2x2", "payoffs": [[[0,0],[93,79]],[[91,12],[32,60]]]},
"G787": {"type": "Matrix2x2", "payoffs": [[[11,35],[1,28]],[[0,11],[6,0]]]},
"G788": {"type": "Matrix2x2", "payoffs": [[[0,36],[30,54]],[[5,4],[16,0]]]},
"G789": {"type": "Matrix2x2", "payoffs": [[[98,67],[30,0]],[[0,8],[2,66]]]},
"G790": {"type": "Matrix2x2", "payoffs": [[[61,3],[0,7]],[[69,10],[24,0]]]},
"G791": {"type": "Matrix2x2", "payoffs": [[[0,14],[29,10]],[[39,55],[21,0]]]},
"G792": {"type": "Matrix2x2", "payoffs": [[[25,76],[17,0]],[[27,79],[0,64]]]},
"G793": {"type": "Matrix2x2", "payoffs": [[[1,50],[48,55]],[[0,0],[30,28]]]},
"G794": {"type": "Matrix2x2", "payoffs": [[[51,0],[0,37]],[[22,44],[80,61]]]},
"G795": {"type": "Matrix2x2", "payoffs": [[[53,69],[51,0]],[[0,37],[16,48]]]},
"G796": {"type": "Matrix2x2", "payoffs": [[[5,0],[0,20]],[[96,39],[72,11]]]},
"G797": {"type": "Matrix2x2", "payoffs": [[[3,4],[7,0]],[[30,54],[0,11]]]},
"G798": {"type": "Matrix2x2", "payoffs": [[[9,66],[1,44]],[[2,0],[0,19]]]},
"G799": {"type": "Matrix2x2", "payoffs": [[[98,74],[37,0]],[[57,31],[0,36]]]},
"G800": {"type": "Matrix2x2", "payoffs": [[[0,0],[44,1]],[[23,7],[45,8]]]},
"G801": {"type": "Matrix2x2", "payoffs": [[[14,82],[0,10]],[[8,23],[12,0]]]},
"G802": {"type": "Matrix2x2", "payoffs": [[[48,43],[0,0]],[[32,6],[19,5]]]},
"G803": {"type": "Matrix2x2", "payoffs": [[[61,0],[15,17]],[[0,28],[67,44]]]},
"G804": {"type": "Matrix2x2", "payoffs": [[[0,41],[98,99]],[[59,49],[24,0]]]},
"G805": {"type": "Matrix2x2", "payoffs": [[[60,0],[90,37]],[[0,13],[3,36]]]},
"G806": {"type": "Matrix2x2", "payoffs": [[[30,23],[0,0]],[[41,25],[48,33]]]},
"G807": {"type": "Matrix2x2", "payoffs": [[[11,23],[0,0]],[[34,27],[9,17]]]},
"G808": {"type": "Matrix2x2", "payoffs": [[[72,21],[0,0]],[[54,7],[17,18]]]},
"G809": {"type": "Matrix2x2", "payoffs": [[[33,15],[43,17]],[[5,14],[0,0]]]},
"G810": {"type": "Matrix2x2", "payoffs": [[[19,63],[49,19]],[[0,0],[84,98]]]},
"G811": {"type": "Matrix2x2", "payoffs": [[[32,89],[28,0]],[[22,25],[0,52]]]},
"G812": {"type": "Matrix2x2", "payoffs": [[[12,91],[2,1]],[[0,0],[6,25]]]},
"G813": {"type": "Matrix2x2", "payoffs": [[[6,0],[19,9]],[[0,8],[5,1]]]},
"G814": {"type": "Matrix2x2", "payoffs": [[[59,18],[0,0]],[[23,62],[91,70]]]},
"G815": {"type": "Matrix2x2", "payoffs": [[[73,0],[98,49]],[[79,2],[0,1]]]},
"G816": {"type": "Matrix2x2", "payoffs": [[[6,0],[1,94]],[[9,96],[0,93]]]},
"G817": {"type": "Matrix2x2", "payoffs": [[[0,36],[89,68]],[[60,0],[14,29]]]},
"G818": {"type": "Matrix2x2", "payoffs": [[[24,0],[61,15]],[[60,14],[0,13]]]},
"G819": {"type": "Matrix2x2", "payoffs": [[[53,22],[90,63]],[[80,59],[0,0]]]},
"G820": {"type": "Matrix2x2", "payoffs": [[[10,14],[0,24]],[[12,0],[15,28]]]},
"G821": {"type": "Matrix2x2", "payoffs": [[[31,17],[0,0]],[[51,36],[16,13]]]},
"G822": {"type": "Matrix2x2", "payoffs": [[[6,2],[65,0]],[[0,49],[73,83]]]},
"G823": {"type": "Matrix2x2", "payoffs": [[[55,24],[0,0]],[[8,27],[64,100]]]},
"G824": {"type": "Matrix2x2", "payoffs": [[[0,3],[10,0]],[[56,10],[65,12]]]},
"G825": {"type": "Matrix2x2", "payoffs": [[[34,96],[24,0]],[[0,72],[9,51]]]},
"G826": {"type": "Matrix2x2", "payoffs": [[[56,8],[29,7]],[[38,0],[0,2]]]},
"G827": {"type": "Matrix2x2", "payoffs": [[[57,65],[21,42]],[[24,57],[0,0]]]},
"G828": {"type": "Matrix2x2", "payoffs": [[[0,0],[24,60]],[[10,24],[23,26]]]},
"G829": {"type": "Matrix2x2", "payoffs": [[[35,98],[32,48]],[[33,32],[0,0]]]},
"G830": {"type": "Matrix2x2", "payoffs": [[[44,36],[0,0]],[[70,63],[57,15]]]},
"G831": {"type": "Matrix2x2", "payoffs": [[[6,32],[36,76]],[[12,59],[0,0]]]},
"G832": {"type": "Matrix2x2", "payoffs": [[[93,6],[12,3]],[[0,0],[78,1]]]},
"G833": {"type": "Matrix2x2", "payoffs": [[[34,0],[61,10]],[[0,7],[12,5]]]},
"G834": {"type": "Matrix2x2", "payoffs": [[[15,0],[0,31]],[[52,71],[36,45]]]},
"G835": {"type": "Matrix2x2", "payoffs": [[[57,0],[8,38]],[[81,43],[0,7]]]},
"G836": {"type": "Matrix2x2", "payoffs": [[[27,95],[0,81]],[[3,0],[23,15]]]},
"G837": {"type": "Matrix2x2", "payoffs": [[[5,36],[44,66]],[[0,33],[21,0]]]},
"G838": {"type": "Matrix2x2", "payoffs": [[[0,0],[45,6]],[[53,60],[41,41]]]},
"G839": {"type": "Matrix2x2", "payoffs": [[[30,0],[26,36]],[[34,39],[0,25]]]},
"G840": {"type": "Matrix2x2", "payoffs": [[[39,84],[9,0]],[[0,48],[22,32]]]},
"G841": {"type": "Matrix2x2", "payoffs": [[[32,10],[0,9]],[[63,11],[39,0]]]},
"G842": {"type": "Matrix2x2", "payoffs": [[[9,77],[0,0]],[[23,95],[3,55]]]},
"G843": {"type": "Matrix2x2", "payoffs": [[[0,23],[21,64]],[[29,0],[46,69]]]},
"G844": {"type": "Matrix2x2", "payoffs": [[[70,70],[31,45]],[[0,0],[7,51]]]},
"G845": {"type": "Matrix2x2", "payoffs": [[[0,0],[46,8]],[[34,7],[2,5]]]},
"G846": {"type": "Matrix2x2", "payoffs": [[[49,20],[55,40]],[[68,45],[0,0]]]},
"G847": {"type": "Matrix2x2", "payoffs": [[[0,32],[41,40]],[[40,0],[9,15]]]},
"G848": {"type": "Matrix2x2", "payoffs": [[[32,13],[21,11]],[[53,16],[0,0]]]},
"G849": {"type": "Matrix2x2", "payoffs": [[[0,57],[21,62]],[[5,8],[18,0]]]},
"G850": {"type": "Matrix2x2", "payoffs": [[[15,0],[17,3]],[[0,1],[7,2]]]},
"G851": {"type": "Matrix2x2", "payoffs": [[[5,72],[3,46]],[[0,0],[2,62]]]},
"G852": {"type": "Matrix2x2", "payoffs": [[[51,14],[76,19]],[[13,0],[0,6]]]},
"G853": {"type": "Matrix2x2", "payoffs": [[[0,5],[1,0]],[[2,6],[4,14]]]},
"G854": {"type": "Matrix2x2", "payoffs": [[[0,8],[4,18]],[[2,12],[1,0]]]},
"G855": {"type": "Matrix2x2", "payoffs": [[[18,34],[9,3]],[[0,0],[17,1]]]},
"G856": {"type": "Matrix2x2", "payoffs": [[[10,0],[8,1]],[[13,3],[0,2]]]},
"G857": {"type": "Matrix2x2", "payoffs": [[[42,20],[37,0]],[[0,5],[6,16]]]},
"G858": {"type": "Matrix2x2", "payoffs": [[[22,51],[0,0]],[[21,26],[6,15]]]},
"G859": {"type": "Matrix2x2", "payoffs": [[[23,14],[4,5]],[[66,20],[0,0]]]},
"G860": {"type": "Matrix2x2", "payoffs": [[[0,6],[21,0]],[[53,18],[9,3]]]},
"G861": {"type": "Matrix2x2", "payoffs": [[[0,34],[45,88]],[[6,24],[29,0]]]},
"G862": {"type": "Matrix2x2", "payoffs": [[[4,0],[0,18]],[[22,43],[14,1]]]},
"G863": {"type": "Matrix2x2", "payoffs": [[[0,20],[27,45]],[[21,37],[16,0]]]},
"G864": {"type": "Matrix2x2", "payoffs": [[[28,0],[54,97]],[[53,53],[0,45]]]},
"G865": {"type": "Matrix2x2", "payoffs": [[[0,0],[70,90]],[[4,69],[24,13]]]},
"G866": {"type": "Matrix2x2", "payoffs": [[[2,4],[56,66]],[[53,9],[0,0]]]},
"G867": {"type": "Matrix2x2", "payoffs": [[[53,63],[7,0]],[[0,17],[69,85]]]},
"G868": {"type": "Matrix2x2", "payoffs": [[[0,0],[9,31]],[[2,6],[5,24]]]},
"G869": {"type": "Matrix2x2", "payoffs": [[[44,69],[0,3]],[[20,51],[13,0]]]},
"G870": {"type": "Matrix2x2", "payoffs": [[[16,8],[43,0]],[[47,14],[0,9]]]},
"G871": {"type": "Matrix2x2", "payoffs": [[[23,44],[0,9]],[[17,0],[4,43]]]},
"G872": {"type": "Matrix2x2", "payoffs": [[[8,0],[0,27]],[[9,36],[16,43]]]},
"G873": {"type": "Matrix2x2", "payoffs": [[[40,13],[86,18]],[[4,0],[0,10]]]},
"G874": {"type": "Matrix2x2", "payoffs": [[[0,5],[41,0]],[[31,3],[48,47]]]},
"G875": {"type": "Matrix2x2", "payoffs": [[[0,0],[31,3]],[[30,1],[11,2]]]},
"G876": {"type": "Matrix2x2", "payoffs": [[[0,1],[69,0]],[[70,19],[12,12]]]},
"G877": {"type": "Matrix2x2", "payoffs": [[[2,52],[37,91]],[[1,0],[0,19]]]},
"G878": {"type": "Matrix2x2", "payoffs": [[[82,87],[26,61]],[[0,65],[80,0]]]},
"G879": {"type": "Matrix2x2", "payoffs": [[[19,40],[0,33]],[[38,0],[51,43]]]},
"G880": {"type": "Matrix2x2", "payoffs": [[[37,11],[0,0]],[[41,17],[40,13]]]},
"G881": {"type": "Matrix2x2", "payoffs": [[[5,0],[6,75]],[[3,74],[0,21]]]},
"G882": {"type": "Matrix2x2", "payoffs": [[[0,0],[22,78]],[[69,88],[4,7]]]},
"G883": {"type": "Matrix2x2", "payoffs": [[[36,3],[49,19]],[[0,0],[9,15]]]},
"G884": {"type": "Matrix2x2", "payoffs": [[[43,94],[45,0]],[[61,98],[0,11]]]},
"G885": {"type": "Matrix2x2", "payoffs": [[[10,68],[0,0]],[[9,45],[2,62]]]},
"G886": {"type": "Matrix2x2", "payoffs": [[[3,33],[1,0]],[[0,2],[2,19]]]},
"G887": {"type": "Matrix2x2", "payoffs": [[[53,58],[24,0]],[[14,52],[0,30]]]},
"G888": {"type": "Matrix2x2", "payoffs": [[[30,75],[0,86]],[[44,98],[28,0]]]},
"G889": {"type": "Matrix2x2", "payoffs": [[[6,37],[0,14]],[[1,0],[5,4]]]},
"G890": {"type": "Matrix2x2", "payoffs": [[[85,11],[0,10]],[[13,0],[31,1]]]},
"G891": {"type": "Matrix2x2", "payoffs": [[[72,99],[7,0]],[[55,75],[0,63]]]},
"G892": {"type": "Matrix2x2", "payoffs": [[[13,14],[4,0]],[[0,1],[25,20]]]},
"G893": {"type": "Matrix2x2", "payoffs": [[[13,98],[0,54]],[[6,32],[5,0]]]},
"G894": {"type": "Matrix2x2", "payoffs": [[[63,18],[0,16]],[[76,0],[82,44]]]},
"G895": {"type": "Matrix2x2", "payoffs": [[[32,6],[6,4]],[[58,42],[0,0]]]},
"G896": {"type": "Matrix2x2", "payoffs": [[[21,8],[20,0]],[[12,7],[0,1]]]},
"G897": {"type": "Matrix2x2", "payoffs": [[[13,0],[7,3]],[[0,1],[16,4]]]},
"G898": {"type": "Matrix2x2", "payoffs": [[[44,0],[81,61]],[[51,36],[0,41]]]},
"G899": {"type": "Matrix2x2", "payoffs": [[[3,0],[18,5]],[[19,8],[0,2]]]},
"G900": {"type": "Matrix2x2", "payoffs": [[[13,23],[11,18]],[[0,0],[48,57]]]},
"G901": {"type": "Matrix2x2", "payoffs": [[[0,66],[10,0]],[[40,3],[59,69]]]},
"G902": {"type": "Matrix2x2", "payoffs": [[[0,50],[20,0]],[[28,66],[37,85]]]},
"G903": {"type": "Matrix2x2", "payoffs": [[[62,93],[0,13]],[[2,0],[3,19]]]},
"G904": {"type": "Matrix2x2", "payoffs": [[[81,0],[88,62]],[[0,56],[73,47]]]},
"G905": {"type": "Matrix2x2", "payoffs": [[[13,10],[14,75]],[[0,0],[12,18]]]},
"G906": {"type": "Matrix2x2", "payoffs": [[[18,86],[0,0]],[[31,87],[2,39]]]},
"G907": {"type": "Matrix2x2", "payoffs": [[[1,6],[9,0]],[[0,15],[36,16]]]},
"G908": {"type": "Matrix2x2", "payoffs": [[[37,91],[27,0]],[[0,82],[36,76]]]},
"G909": {"type": "Matrix2x2", "payoffs": [[[0,15],[20,3]],[[16,0],[29,21]]]},
"G910": {"type": "Matrix2x2", "payoffs": [[[0,0],[10,70]],[[4,35],[36,83]]]},
"G911": {"type": "Matrix2x2", "payoffs": [[[98,47],[18,34]],[[97,41],[0,0]]]},
"G912": {"type": "Matrix2x2", "payoffs": [[[25,0],[3,7]],[[0,9],[27,43]]]},
"G913": {"type": "Matrix2x2", "payoffs": [[[18,0],[62,10]],[[0,20],[94,92]]]},
"G914": {"type": "Matrix2x2", "payoffs": [[[5,44],[2,0]],[[47,62],[0,8]]]},
"G915": {"type": "Matrix2x2", "payoffs": [[[0,0],[25,16]],[[54,45],[9,43]]]},
"G916": {"type": "Matrix2x2", "payoffs": [[[0,59],[52,35]],[[96,89],[72,0]]]},
"G917": {"type": "Matrix2x2", "payoffs": [[[78,60],[61,35]],[[62,47],[0,0]]]},
"G918": {"type": "Matrix2x2", "payoffs": [[[60,15],[0,0]],[[81,18],[28,10]]]},
"G919": {"type": "Matrix2x2", "payoffs": [[[3,0],[2,47]],[[9,82],[0,56]]]},
"G920": {"type": "Matrix2x2", "payoffs": [[[8,2],[9,1]],[[0,0],[18,3]]]},
"G921": {"type": "Matrix2x2", "payoffs": [[[12,0],[1,7]],[[0,11],[35,42]]]},
"G922": {"type": "Matrix2x2", "payoffs": [[[0,39],[30,41]],[[32,61],[8,0]]]},
"G923": {"type": "Matrix2x2", "payoffs": [[[0,32],[13,0]],[[12,24],[17,75]]]},
"G924": {"type": "Matrix2x2", "payoffs": [[[16,0],[86,31]],[[23,23],[0,24]]]},
"G925": {"type": "Matrix2x2", "payoffs": [[[0,0],[84,40]],[[87,90],[32,81]]]},
"G926": {"type": "Matrix2x2", "payoffs": [[[3,7],[0,0]],[[63,18],[59,8]]]},
"G927": {"type": "Matrix2x2", "payoffs": [[[54,1],[81,3]],[[80,2],[0,0]]]},
"G928": {"type": "Matrix2x2", "payoffs": [[[22,23],[0,7]],[[18,22],[5,0]]]},
"G929": {"type": "Matrix2x2", "payoffs": [[[14,0],[0,50]],[[17,59],[7,52]]]},
"G930": {"type": "Matrix2x2", "payoffs": [[[63,7],[37,3]],[[0,0],[20,2]]]},
"G931": {"type": "Matrix2x2", "payoffs": [[[1,21],[64,43]],[[36,0],[0,31]]]},
"G932": {"type": "Matrix2x2", "payoffs": [[[0,0],[7,21]],[[17,6],[45,33]]]},
"G933": {"type": "Matrix2x2", "payoffs": [[[48,27],[0,18]],[[35,0],[45,23]]]},
"G934": {"type": "Matrix2x2", "payoffs": [[[88,89],[68,0]],[[0,69],[66,10]]]},
"G935": {"type": "Matrix2x2", "payoffs": [[[0,11],[8,0]],[[3,1],[20,16]]]},
"G936": {"type": "Matrix2x2", "payoffs": [[[33,0],[0,26]],[[3,16],[36,55]]]},
"G937": {"type": "Matrix2x2", "payoffs": [[[0,1],[58,19]],[[3,0],[74,29]]]},
"G938": {"type": "Matrix2x2", "payoffs": [[[0,0],[3,37]],[[5,14],[24,87]]]},
"G939": {"type": "Matrix2x2", "payoffs": [[[59,84],[47,10]],[[0,0],[20,21]]]},
"G940": {"type": "Matrix2x2", "payoffs": [[[5,0],[0,1]],[[50,2],[63,4]]]},
"G941": {"type": "Matrix2x2", "payoffs": [[[47,72],[41,74]],[[49,86],[0,0]]]},
"G942": {"type": "Matrix2x2", "payoffs": [[[4,59],[2,0]],[[6,80],[0,13]]]},
"G943": {"type": "Matrix2x2", "payoffs": [[[16,12],[14,10]],[[0,0],[35,34]]]},
"G944": {"type": "Matrix2x2", "payoffs": [[[39,3],[0,2]],[[32,1],[20,0]]]},
"G945": {"type": "Matrix2x2", "payoffs": [[[11,56],[0,0]],[[3,22],[10,33]]]},
"G946": {"type": "Matrix2x2", "payoffs": [[[15,18],[0,14]],[[66,60],[49,0]]]},
"G947": {"type": "Matrix2x2", "payoffs": [[[11,0],[0,5]],[[19,10],[14,3]]]},
"G948": {"type": "Matrix2x2", "payoffs": [[[10,10],[21,6]],[[46,13],[0,0]]]},
"G949": {"type": "Matrix2x2", "payoffs": [[[34,50],[0,0]],[[9,32],[24,28]]]},
"G950": {"type": "Matrix2x2", "payoffs": [[[0,11],[5,0]],[[20,6],[96,12]]]},
"G951": {"type": "Matrix2x2", "payoffs": [[[0,43],[10,69]],[[32,88],[24,0]]]},
"G952": {"type": "Matrix2x2", "payoffs": [[[65,24],[26,14]],[[0,17],[64,0]]]},
"G953": {"type": "Matrix2x2", "payoffs": [[[4,0],[0,41]],[[2,43],[12,52]]]},
"G954": {"type": "Matrix2x2", "payoffs": [[[62,56],[6,15]],[[49,0],[0,14]]]},
"G955": {"type": "Matrix2x2", "payoffs": [[[0,13],[27,10]],[[56,24],[34,0]]]},
"G956": {"type": "Matrix2x2", "payoffs": [[[61,26],[40,0]],[[52,11],[0,1]]]},
"G957": {"type": "Matrix2x2", "payoffs": [[[0,2],[22,0]],[[41,5],[49,7]]]},
"G958": {"type": "Matrix2x2", "payoffs": [[[10,2],[65,0]],[[0,34],[79,35]]]},
"G959": {"type": "Matrix2x2", "payoffs": [[[52,37],[0,1]],[[17,0],[10,7]]]},
"G960": {"type": "Matrix2x2", "payoffs": [[[76,0],[0,20]],[[84,95],[71,79]]]},
"G961": {"type": "Matrix2x2", "payoffs": [[[36,3],[0,2]],[[69,6],[43,0]]]},
"G962": {"type": "Matrix2x2", "payoffs": [[[4,24],[35,96]],[[30,65],[0,0]]]},
"G963": {"type": "Matrix2x2", "payoffs": [[[11,78],[0,0]],[[10,57],[5,75]]]},
"G964": {"type": "Matrix2x2", "payoffs": [[[0,36],[32,53]],[[31,0],[46,54]]]},
"G965": {"type": "Matrix2x2", "payoffs": [[[11,85],[5,0]],[[0,86],[37,91]]]},
"G966": {"type": "Matrix2x2", "payoffs": [[[1,6],[4,15]],[[0,0],[3,3]]]},
"G967": {"type": "Matrix2x2", "payoffs": [[[0,0],[12,2]],[[3,22],[22,26]]]},
"G968": {"type": "Matrix2x2", "payoffs": [[[0,0],[24,3]],[[93,67],[38,31]]]},
"G969": {"type": "Matrix2x2", "payoffs": [[[7,75],[13,0]],[[42,82],[0,20]]]},
"G970": {"type": "Matrix2x2", "payoffs": [[[7,4],[16,6]],[[0,0],[6,1]]]},
"G971": {"type": "Matrix2x2", "payoffs": [[[0,19],[24,23]],[[8,0],[21,16]]]},
"G972": {"type": "Matrix2x2", "payoffs": [[[0,12],[26,0]],[[52,17],[20,13]]]},
"G973": {"type": "Matrix2x2", "payoffs": [[[18,58],[82,81]],[[81,41],[0,0]]]},
"G974": {"type": "Matrix2x2", "payoffs": [[[18,14],[0,0]],[[21,17],[15,16]]]},
"G975": {"type": "Matrix2x2", "payoffs": [[[0,15],[2,5]],[[4,16],[1,0]]]},
"G976": {"type": "Matrix2x2", "payoffs": [[[5,4],[57,6]],[[0,2],[10,0]]]},
"G977": {"type": "Matrix2x2", "payoffs": [[[65,49],[16,48]],[[0,0],[15,9]]]},
"G978": {"type": "Matrix2x2", "payoffs": [[[0,0],[34,26]],[[15,11],[83,45]]]},
"G979": {"type": "Matrix2x2", "payoffs": [[[0,25],[14,34]],[[5,33],[8,0]]]},
"G980": {"type": "Matrix2x2", "payoffs": [[[1,80],[6,61]],[[0,0],[43,97]]]},
"G981": {"type": "Matrix2x2", "payoffs": [[[17,4],[0,10]],[[71,22],[15,0]]]},
"G982": {"type": "Matrix2x2", "payoffs": [[[43,0],[93,54]],[[0,11],[87,49]]]},
"G983": {"type": "Matrix2x2", "payoffs": [[[9,37],[0,69]],[[11,0],[39,90]]]},
"G984": {"type": "Matrix2x2", "payoffs": [[[22,46],[0,0]],[[21,8],[25,82]]]},
"G985": {"type": "Matrix2x2", "payoffs": [[[23,0],[1,77]],[[34,100],[0,98]]]},
"G986": {"type": "Matrix2x2", "payoffs": [[[0,52],[25,71]],[[9,0],[26,80]]]},
"G987": {"type": "Matrix2x2", "payoffs": [[[22,0],[26,12]],[[0,11],[46,20]]]},
"G988": {"type": "Matrix2x2", "payoffs": [[[68,89],[92,91]],[[0,0],[46,35]]]},
"G989": {"type": "Matrix2x2", "payoffs": [[[6,5],[9,8]],[[11,69],[0,0]]]},
"G990": {"type": "Matrix2x2", "payoffs": [[[1,0],[0,5]],[[7,20],[3,18]]]},
"G991": {"type": "Matrix2x2", "payoffs": [[[42,27],[27,0]],[[70,80],[0,19]]]},
"G992": {"type": "Matrix2x2", "payoffs": [[[43,6],[22,0]],[[20,4],[0,1]]]},
"G993": {"type": "Matrix2x2", "payoffs": [[[9,38],[46,24]],[[0,0],[61,77]]]},
"G994": {"type": "Matrix2x2", "payoffs": [[[85,81],[0,45]],[[14,0],[50,25]]]},
"G995": {"type": "Matrix2x2", "payoffs": [[[8,0],[55,88]],[[0,39],[32,76]]]},
"G996": {"type": "Matrix2x2", "payoffs": [[[18,23],[93,29]],[[55,0],[0,12]]]},
"G997": {"type": "Matrix2x2", "payoffs": [[[20,0],[23,3]],[[22,2],[0,1]]]},
"G998": {"type": "Matrix2x2", "payoffs": [[[8,24],[5,0]],[[0,47],[49,52]]]},
"G999": {"type": "Matrix2x2", "payoffs": [[[49,6],[58,7]],[[34,0],[0,1]]]},
"G1000": {"type": "Matrix2x2", "payoffs": [[[41,70],[0,48]],[[55,85],[48,0]]]}
}