{
"numGames": 1000,
"G1": {"type": "Matrix2x2", "payoffs": [[[27,0],[0,21]],[[20,7],[35,59]]]},
"G2": {"type": "Matrix2x2", "payoffs": [[[0,0],[60,23]],[[36,1],[17,22]]]},
"G3": {"type": "Matrix2x2", "payoffs": [[[0,0],[7,99]],[[3,55],[4,10]]]},
"G4": {"type": "Matrix2x2", "payoffs": [[[24,55],[43,15]],[[0,0],[78,68]]]},
"G5": {"type": "Matrix2x2", "payoffs": [[[26,0],[0,3]],[[45,4],[71,53]]]},
"G6": {"type": "Matrix2x2", "payoffs": [[[28,0],[35,42]],[[0,38],[15,26]]]},
"G7": {"type": "Matrix2x2", "payoffs": [[[23,0],[19,19]],[[0,2],[55,26]]]},
"G8": {"type": "Matrix2x2", "payoffs": [[[14,33],[0,25]],[[8,22],[6,0]]]},
"G9": {"type": "Matrix2x2", "payoffs": [[[0,21],[46,22]],[[11,0],[28,4]]]},
"G10": {"type": "Matrix2x2", "payoffs": [[[25,4],[36,14]],[[35,0],[0,6]]]},
"G11": {"type": "Matrix2x2", "payoffs": [[[21,25],[77,31]],[[0,0],[45,14]]]},
"G12": {"type": "Matrix2x2", "payoffs": [[[0,20],[14,98]],[[7,0],[10,76]]]},
"G13": {"type": "Matrix2x2", "payoffs": [[[75,11],[24,8]],[[0,1],[2,0]]]},
"G14": {"type": "Matrix2x2", "payoffs": [[[31,1],[33,0]],[[89,40],[0,11]]]},
"G15": {"type": "Matrix2x2", "payoffs": [[[79,62],[0,0]],[[57,38],[5,44]]]},
"G16": {"type": "Matrix2x2", "payoffs": [[[10,43],[53,72]],[[44,0],[0,40]]]},
"G17": {"type": "Matrix2x2", "payoffs": [[[1,29],[7,59]],[[3,0],[0,23]]]},
"G18": {"type": "Matrix2x2", "payoffs": [[[0,9],[25,0]],[[21,22],[47,40]]]},
"G19": {"type": "Matrix2x2", "payoffs": [[[77,4],[0,2]],[[9,0],[45,1]]]},
"G20": {"type": "Matrix2x2", "payoffs": [[[6,68],[13,0]],[[23,91],[0,34]]]},
"G21": {"type": "Matrix2x2", "payoffs": [[[26,29],[80,40]],[[34,35],[0,0]]]},
"G22": {"type": "Matrix2x2", "payoffs": [[[0,88],[9,61]],[[59,95],[5,0]]]},
"G23": {"type": "Matrix2x2", "payoffs": [[[7,3],[12,82]],[[8,43],[0,0]]]},
"G24": {"type": "Matrix2x2", "payoffs": [[[45,1],[53,40]],[[12,9],[0,0]]]},
"G25": {"type": "Matrix2x2", "payoffs": [[[48,88],[0,63]],[[35,25],[38,0]]]},
"G26": {"type": "Matrix2x2", "payoffs": [[[14,25],[0,0]],[[48,34],[85,51]]]},
"G27": {"type": "Matrix2x2", "payoffs": [[[0,0],[16,43]],[[15,23],[6,6]]]},
"G28": {"type": "Matrix2x2", "payoffs": [[[32,56],[39,70]],[[34,0],[0,9]]]},
"G29": {"type": "Matrix2x2", "payoffs": [[[53,42],[14,0]],[[12,27],[0,41]]]},
"G30": {"type": "Matrix2x2", "payoffs": [[[9,0],[0,28]],[[8,26],[12,42]]]},
"G31": {"type": "Matrix2x2", "payoffs": [[[0,41],[95,73]],[[80,50],[88,0]]]},
"G32": {"type": "Matrix2x2", "payoffs": [[[46,0],[10,7]],[[0,17],[48,33]]]},
"G33": {"type": "Matrix2x2", "payoffs": [[[37,17],[0,0]],[[42,24],[14,23]]]},
"G34": {"type": "Matrix2x2", "payoffs": [[[60,0],[94,20]],[[52,11],[0,5]]]},
"G35": {"type": "Matrix2x2", "payoffs": [[[28,93],[15,0]],[[0,35],[12,32]]]},
"G36": {"type": "Matrix2x2", "payoffs": [[[83,3],[99,25]],[[43,16],[0,0]]]},
"G37": {"type": "Matrix2x2", "payoffs": [[[56,58],[19,16]],[[0,0],[46,38]]]},
"G38": {"type": "Matrix2x2", "payoffs": [[[18,60],[61,63]],[[42,25],[0,0]]]},
"G39": {"type": "Matrix2x2", "payoffs": [[[0,0],[1,1]],[[61,10],[67,25]]]},
"G40": {"type": "Matrix2x2", "payoffs": [[[0,0],[11,46]],[[65,73],[55,29]]]},
"G41": {"type": "Matrix2x2", "payoffs": [[[18,99],[8,95]],[[0,0],[11,1]]]},
"G42": {"type": "Matrix2x2", "payoffs": [[[21,7],[0,1]],[[18,0],[34,10]]]},
"G43": {"type": "Matrix2x2", "payoffs": [[[25,12],[0,0]],[[30,1],[54,23]]]},
"G44": {"type": "Matrix2x2", "payoffs": [[[0,47],[21,0]],[[71,78],[17,2]]]},
"G45": {"type": "Matrix2x2", "payoffs": [[[26,55],[25,0]],[[40,85],[0,82]]]},
"G46": {"type": "Matrix2x2", "payoffs": [[[42,11],[0,6]],[[74,12],[45,0]]]},
"G47": {"type": "Matrix2x2", "payoffs": [[[42,22],[7,0]],[[0,14],[47,38]]]},
"G48": {"type": "Matrix2x2", "payoffs": [[[11,0],[80,33]],[[0,18],[7,3]]]},
"G49": {"type": "Matrix2x2", "payoffs": [[[22,17],[40,33]],[[0,0],[65,59]]]},
"G50": {"type": "Matrix2x2", "payoffs": [[[0,79],[78,85]],[[55,0],[20,80]]]},
"G51": {"type": "Matrix2x2", "payoffs": [[[3,15],[0,0]],[[19,19],[8,5]]]},
"G52": {"type": "Matrix2x2", "payoffs": [[[16,49],[0,61]],[[15,0],[18,66]]]},
"G53": {"type": "Matrix2x2", "payoffs": [[[3,2],[0,0]],[[36,1],[42,14]]]},
"G54": {"type": "Matrix2x2", "payoffs": [[[42,85],[7,71]],[[0,70],[29,0]]]},
"G55": {"type": "Matrix2x2", "payoffs": [[[19,82],[0,0]],[[59,92],[5,57]]]},
"G56": {"type": "Matrix2x2", "payoffs": [[[10,0],[44,16]],[[14,11],[0,14]]]},
"G57": {"type": "Matrix2x2", "payoffs": [[[11,24],[29,0]],[[36,46],[0,5]]]},
"G58": {"type": "Matrix2x2", "payoffs": [[[7,0],[8,47]],[[14,94],[0,54]]]},
"G59": {"type": "Matrix2x2", "payoffs": [[[30,46],[0,31]],[[33,50],[20,0]]]},
"G60": {"type": "Matrix2x2", "payoffs": [[[4,2],[0,50]],[[92,61],[51,0]]]},
"G61": {"type": "Matrix2x2", "payoffs": [[[77,38],[78,39]],[[4,0],[0,16]]]},
"G62": {"type": "Matrix2x2", "payoffs": [[[0,18],[1,0]],[[40,7],[61,83]]]},
"G63": {"type": "Matrix2x2", "payoffs": [[[0,50],[16,12]],[[67,76],[5,0]]]},
"G64": {"type": "Matrix2x2", "payoffs": [[[37,1],[0,9]],[[70,10],[60,0]]]},
"G65": {"type": "Matrix2x2", "payoffs": [[[0,37],[3,0]],[[1,67],[4,100]]]},
"G66": {"type": "Matrix2x2", "payoffs": [[[35,0],[67,8]],[[64,2],[0,7]]]},
"G67": {"type": "Matrix2x2", "payoffs": [[[47,0],[52,45]],[[20,3],[0,28]]]},
"G68": {"type": "Matrix2x2", "payoffs": [[[1,23],[7,37]],[[0,27],[6,0]]]},
"G69": {"type": "Matrix2x2", "payoffs": [[[71,49],[0,1]],[[22,0],[80,69]]]},
"G70": {"type": "Matrix2x2", "payoffs": [[[0,26],[22,0]],[[31,35],[19,12]]]},
"G71": {"type": "Matrix2x2", "payoffs": [[[0,8],[15,0]],[[23,7],[32,11]]]},
"G72": {"type": "Matrix2x2", "payoffs": [[[0,0],[53,42]],[[18,23],[54,50]]]},
"G73": {"type": "Matrix2x2", "payoffs": [[[61,14],[13,0]],[[0,12],[10,6]]]},
"G74": {"type": "Matrix2x2", "payoffs": [[[30,91],[17,32]],[[28,23],[0,0]]]},
"G75": {"type": "Matrix2x2", "payoffs": [[[7,16],[0,14]],[[45,23],[18,0]]]},
"G76": {"type": "Matrix2x2", "payoffs": [[[0,0],[19,15]],[[35,30],[4,18]]]},
"G77": {"type": "Matrix2x2", "payoffs": [[[0,44],[93,0]],[[98,55],[37,14]]]},
"G78": {"type": "Matrix2x2", "payoffs": [[[30,7],[89,43]],[[46,23],[0,0]]]},
"G79": {"type": "Matrix2x2", "payoffs": [[[66,0],[0,31]],[[100,77],[68,52]]]},
"G80": {"type": "Matrix2x2", "payoffs": [[[7,73],[10,74]],[[3,0],[0,57]]]},
"G81": {"type": "Matrix2x2", "payoffs": [[[19,2],[20,0]],[[94,97],[0,53]]]},
"G82": {"type": "Matrix2x2", "payoffs": [[[89,9],[0,0]],[[9,5],[90,12]]]},
"G83": {"type": "Matrix2x2", "payoffs": [[[0,10],[49,54]],[[17,26],[43,0]]]},
"G84": {"type": "Matrix2x2", "payoffs": [[[76,79],[5,2]],[[19,69],[0,0]]]},
"G85": {"type": "Matrix2x2", "payoffs": [[[0,0],[7,16]],[[5,52],[8,58]]]},
"G86": {"type": "Matrix2x2", "payoffs": [[[90,68],[60,0]],[[0,27],[79,56]]]},
"G87": {"type": "Matrix2x2", "payoffs": [[[19,0],[22,80]],[[0,66],[11,46]]]},
"G88": {"type": "Matrix2x2", "payoffs": [[[49,7],[0,5]],[[10,1],[16,0]]]},
"G89": {"type": "Matrix2x2", "payoffs": [[[72,58],[0,25]],[[49,39],[14,0]]]},
"G90": {"type": "Matrix2x2", "payoffs": [[[69,1],[0,4]],[[72,0],[86,12]]]},
"G91": {"type": "Matrix2x2", "payoffs": [[[47,8],[0,0]],[[48,38],[22,1]]]},
"G92": {"type": "Matrix2x2", "payoffs": [[[14,58],[80,98]],[[73,0],[0,83]]]},
"G93": {"type": "Matrix2x2", "payoffs": [[[18,0],[50,10]],[[0,11],[63,13]]]},
"G94": {"type": "Matrix2x2", "payoffs": [[[69,62],[10,24]],[[0,23],[22,0]]]},
"G95": {"type": "Matrix2x2", "payoffs": [[[32,30],[65,35]],[[59,11],[0,0]]]},
"G96": {"type": "Matrix2x2", "payoffs": [[[47,98],[13,0]],[[0,32],[26,55]]]},
"G97": {"type": "Matrix2x2", "payoffs": [[[20,70],[0,45]],[[76,78],[28,0]]]},
"G98": {"type": "Matrix2x2", "payoffs": [[[0,0],[56,59]],[[39,64],[80,70]]]},
"G99": {"type": "Matrix2x2", "payoffs": [[[10,22],[100,58]],[[0,0],[81,17]]]},
"G100": {"type": "Matrix2x2", "payoffs": [[[41,65],[0,22]],[[9,21],[14,0]]]},
"G101": {"type": "Matrix2x2", "payoffs": [[[0,0],[88,36]],[[31,28],[64,21]]]},
"G102": {"type": "Matrix2x2", "payoffs": [[[0,23],[42,52]],[[39,0],[64,56]]]},
"G103": {"type": "Matrix2x2", "payoffs": [[[28,31],[1,0]],[[0,20],[66,58]]]},
"G104": {"type": "Matrix2x2", "payoffs": [[[23,50],[33,89]],[[0,0],[18,43]]]},
"G105": {"type": "Matrix2x2", "payoffs": [[[0,58],[13,0]],[[51,11],[85,79]]]},
"G106": {"type": "Matrix2x2", "payoffs": [[[36,37],[49,0]],[[0,21],[55,38]]]},
"G107": {"type": "Matrix2x2", "payoffs": [[[24,68],[30,0]],[[0,83],[33,94]]]},
"G108": {"type": "Matrix2x2", "payoffs": [[[75,9],[90,16]],[[0,11],[66,0]]]},
"G109": {"type": "Matrix2x2", "payoffs": [[[31,0],[93,23]],[[13,13],[0,9]]]},
"G110": {"type": "Matrix2x2", "payoffs": [[[46,67],[14,0]],[[57,85],[0,70]]]},
"G111": {"type": "Matrix2x2", "payoffs": [[[21,0],[15,18]],[[0,7],[53,25]]]},
"G112": {"type": "Matrix2x2", "payoffs": [[[0,46],[28,48]],[[13,11],[18,0]]]},
"G113": {"type": "Matrix2x2", "payoffs": [[[10,0],[24,10]],[[0,9],[1,5]]]},
"G114": {"type": "Matrix2x2", "payoffs": [[[74,73],[0,29]],[[80,99],[8,0]]]},
"G115": {"type": "Matrix2x2", "payoffs": [[[2,0],[9,62]],[[3,52],[0,17]]]},
"G116": {"type": "Matrix2x2", "payoffs": [[[0,50],[82,94]],[[58,57],[16,0]]]},
"G117": {"type": "Matrix2x2", "payoffs": [[[3,14],[0,28]],[[32,46],[24,0]]]},
"G118": {"type": "Matrix2x2", "payoffs": [[[0,18],[38,0]],[[46,52],[30,25]]]},
"G119": {"type": "Matrix2x2", "payoffs": [[[42,72],[0,0]],[[56,94],[14,55]]]},
"G120": {"type": "Matrix2x2", "payoffs": [[[4,61],[15,0]],[[16,93],[0,81]]]},
"G121": {"type": "Matrix2x2", "payoffs": [[[22,28],[11,10]],[[13,0],[0,2]]]},
"G122": {"type": "Matrix2x2", "payoffs": [[[0,23],[53,33]],[[36,0],[21,30]]]},
"G123": {"type": "Matrix2x2", "payoffs": [[[94,77],[0,18]],[[31,0],[11,34]]]},
"G124": {"type": "Matrix2x2", "payoffs": [[[5,15],[61,93]],[[0,24],[41,0]]]},
"G125": {"type": "Matrix2x2", "payoffs": [[[15,2],[47,3]],[[0,1],[20,0]]]},
"G126": {"type": "Matrix2x2", "payoffs": [[[77,65],[68,45]],[[0,0],[35,42]]]},
"G127": {"type": "Matrix2x2", "payoffs": [[[13,0],[0,11]],[[23,24],[8,2]]]},
"G128": {"type": "Matrix2x2", "payoffs": [[[87,86],[49,10]],[[0,39],[73,0]]]},
"G129": {"type": "Matrix2x2", "payoffs": [[[0,9],[52,1]],[[99,12],[75,0]]]},
"G130": {"type": "Matrix2x2", "payoffs": [[[9,10],[79,4]],[[82,24],[0,0]]]},
"G131": {"type": "Matrix2x2", "payoffs": [[[18,9],[0,6]],[[32,42],[7,0]]]},
"G132": {"type": "Matrix2x2", "payoffs": [[[15,48],[0,47]],[[13,0],[6,1]]]},
"G133": {"type": "Matrix2x2", "payoffs": [[[1,27],[59,76]],[[51,0],[0,54]]]},
"G134": {"type": "Matrix2x2", "payoffs": [[[69,66],[27,21]],[[0,0],[91,100]]]},
"G135": {"type": "Matrix2x2", "payoffs": [[[3,69],[1,15]],[[2,11],[0,0]]]},
"G136": {"type": "Matrix2x2", "payoffs": [[[63,18],[60,0]],[[18,8],[0,2]]]},
"G137": {"type": "Matrix2x2", "payoffs": [[[40,0],[1,5]],[[42,23],[0,1]]]},
"G138": {"type": "Matrix2x2", "payoffs": [[[15,2],[26,8]],[[14,0],[0,7]]]},
"G139": {"type": "Matrix2x2", "payoffs": [[[21,0],[23,90]],[[14,19],[0,43]]]},
"G140": {"type": "Matrix2x2", "payoffs": [[[10,33],[0,0]],[[12,23],[25,62]]]},
"G141": {"type": "Matrix2x2", "payoffs": [[[32,18],[68,54]],[[15,0],[0,34]]]},
"G142": {"type": "Matrix2x2", "payoffs": [[[60,77],[58,62]],[[0,60],[39,0]]]},
"G143": {"type": "Matrix2x2", "payoffs": [[[16,3],[68,72]],[[0,0],[45,6]]]},
"G144": {"type": "Matrix2x2", "payoffs": [[[0,15],[7,0]],[[45,32],[49,77]]]},
"G145": {"type": "Matrix2x2", "payoffs": [[[77,19],[0,11]],[[83,22],[33,0]]]},
"G146": {"type": "Matrix2x2", "payoffs": [[[0,0],[62,4]],[[98,98],[40,1]]]},
"G147": {"type": "Matrix2x2", "payoffs": [[[0,30],[3,0]],[[44,55],[12,47]]]},
"G148": {"type": "Matrix2x2", "payoffs": [[[86,90],[32,72]],[[0,69],[17,0]]]},
"G149": {"type": "Matrix2x2", "payoffs": [[[5,0],[0,2]],[[21,18],[4,17]]]},
"G150": {"type": "Matrix2x2", "payoffs": [[[1,20],[6,42]],[[5,15],[0,0]]]},
"G151": {"type": "Matrix2x2", "payoffs": [[[26,6],[19,16]],[[60,17],[0,0]]]},
"G152": {"type": "Matrix2x2", "payoffs": [[[87,95],[84,0]],[[39,77],[0,81]]]},
"G153": {"type": "Matrix2x2", "payoffs": [[[8,31],[0,0]],[[75,38],[72,32]]]},
"G154": {"type": "Matrix2x2", "payoffs": [[[57,77],[47,0]],[[0,60],[10,13]]]},
"G155": {"type": "Matrix2x2", "payoffs": [[[48,43],[0,0]],[[9,39],[43,31]]]},
"G156": {"type": "Matrix2x2", "payoffs": [[[50,76],[14,74]],[[0,0],[25,50]]]},
"G157": {"type": "Matrix2x2", "payoffs": [[[52,70],[0,0]],[[42,4],[47,35]]]},
"G158": {"type": "Matrix2x2", "payoffs": [[[0,0],[49,6]],[[98,7],[52,1]]]},
"G159": {"type": "Matrix2x2", "payoffs": [[[0,0],[91,59]],[[24,7],[39,41]]]},
"G160": {"type": "Matrix2x2", "payoffs": [[[24,13],[28,27]],[[2,0],[0,3]]]},
"G161": {"type": "Matrix2x2", "payoffs": [[[9,61],[0,0]],[[29,17],[45,98]]]},
"G162": {"type": "Matrix2x2", "payoffs": [[[17,44],[6,42]],[[8,15],[0,0]]]},
"G163": {"type": "Matrix2x2", "payoffs": [[[15,45],[78,49]],[[0,0],[61,13]]]},
"G164": {"type": "Matrix2x2", "payoffs": [[[3,63],[0,0]],[[2,57],[1,7]]]},
"G165": {"type": "Matrix2x2", "payoffs": [[[10,14],[0,45]],[[12,0],[32,48]]]},
"G166": {"type": "Matrix2x2", "payoffs": [[[0,65],[26,64]],[[48,99],[14,0]]]},
"G167": {"type": "Matrix2x2", "payoffs": [[[0,63],[16,0]],[[17,37],[23,71]]]},
"G168": {"type": "Matrix2x2", "payoffs": [[[15,19],[0,0]],[[49,13],[67,23]]]},
"G169": {"type": "Matrix2x2", "payoffs": [[[32,51],[0,0]],[[18,29],[11,31]]]},
"G170": {"type": "Matrix2x2", "payoffs": [[[53,38],[16,0]],[[15,29],[0,15]]]},
"G171": {"type": "Matrix2x2", "payoffs": [[[9,28],[0,15]],[[4,0],[58,37]]]},
"G172": {"type": "Matrix2x2", "payoffs": [[[3,0],[43,4]],[[15,2],[0,3]]]},
"G173": {"type": "Matrix2x2", "payoffs": [[[4,9],[6,0]],[[0,17],[13,18]]]},
"G174": {"type": "Matrix2x2", "payoffs": [[[0,0],[12,19]],[[29,25],[40,26]]]},
"G175": {"type": "Matrix2x2", "payoffs": [[[0,0],[89,38]],[[13,15],[39,7]]]},
"G176": {"type": "Matrix2x2", "payoffs": [[[0,36],[56,41]],[[46,0],[43,24]]]},
"G177": {"type": "Matrix2x2", "payoffs": [[[29,37],[0,15]],[[48,50],[21,0]]]},
"G178": {"type": "Matrix2x2", "payoffs": [[[15,42],[11,6]],[[19,52],[0,0]]]},
"G179": {"type": "Matrix2x2", "payoffs": [[[0,84],[4,100]],[[1,0],[3,93]]]},
"G180": {"type": "Matrix2x2", "payoffs": [[[31,0],[23,18]],[[0,17],[66,42]]]},
"G181": {"type": "Matrix2x2", "payoffs": [[[0,0],[33,92]],[[29,14],[27,64]]]},
"G182": {"type": "Matrix2x2", "payoffs": [[[12,11],[0,0]],[[4,63],[37,86]]]},
"G183": {"type": "Matrix2x2", "payoffs": [[[0,7],[93,21]],[[20,0],[62,14]]]},
"G184": {"type": "Matrix2x2", "payoffs": [[[3,47],[6,59]],[[1,30],[0,0]]]},
"G185": {"type": "Matrix2x2", "payoffs": [[[25,9],[10,5]],[[24,3],[0,0]]]},
"G186": {"type": "Matrix2x2", "payoffs": [[[0,19],[8,65]],[[4,23],[6,0]]]},
"G187": {"type": "Matrix2x2", "payoffs": [[[28,0],[20,32]],[[0,71],[44,73]]]},
"G188": {"type": "Matrix2x2", "payoffs": [[[35,2],[20,0]],[[0,1],[73,8]]]},
"G189": {"type": "Matrix2x2", "payoffs": [[[16,0],[36,3]],[[42,83],[0,21]]]},
"G190": {"type": "Matrix2x2", "payoffs": [[[9,13],[8,25]],[[25,31],[0,0]]]},
"G191": {"type": "Matrix2x2", "payoffs": [[[0,0],[36,45]],[[3,26],[23,18]]]},
"G192": {"type": "Matrix2x2", "payoffs": [[[58,34],[21,10]],[[44,0],[0,29]]]},
"G193": {"type": "Matrix2x2", "payoffs": [[[0,1],[1,0]],[[3,5],[5,55]]]},
"G194": {"type": "Matrix2x2", "payoffs": [[[66,77],[57,0]],[[20,76],[0,15]]]},
"G195": {"type": "Matrix2x2", "payoffs": [[[1,7],[0,3]],[[12,0],[21,8]]]},
"G196": {"type": "Matrix2x2", "payoffs": [[[3,11],[5,13]],[[4,0],[0,6]]]},
"G197": {"type": "Matrix2x2", "payoffs": [[[44,0],[68,80]],[[0,34],[63,38]]]},
"G198": {"type": "Matrix2x2", "payoffs": [[[0,0],[99,30]],[[85,25],[66,16]]]},
"G199": {"type": "Matrix2x2", "payoffs": [[[6,0],[18,24]],[[39,33],[0,10]]]},
"G200": {"type": "Matrix2x2", "payoffs": [[[34,59],[1,52]],[[28,0],[0,57]]]},
"G201": {"type": "Matrix2x2", "payoffs": [[[56,5],[0,0]],[[66,15],[61,10]]]},
"G202": {"type": "Matrix2x2", "payoffs": [[[54,97],[14,0]],[[0,82],[37,3]]]},
"G203": {"type": "Matrix2x2", "payoffs": [[[6,11],[14,0]],[[0,44],[15,52]]]},
"G204": {"type": "Matrix2x2", "payoffs": [[[10,30],[51,53]],[[35,47],[0,0]]]},
"G205": {"type": "Matrix2x2", "payoffs": [[[60,55],[0,72]],[[62,98],[14,0]]]},
"G206": {"type": "Matrix2x2", "payoffs": [[[2,28],[0,24]],[[1,0],[3,36]]]},
"G207": {"type": "Matrix2x2", "payoffs": [[[0,0],[88,20]],[[70,29],[98,45]]]},
"G208": {"type": "Matrix2x2", "payoffs": [[[45,6],[0,4]],[[33,0],[10,3]]]},
"G209": {"type": "Matrix2x2", "payoffs": [[[50,2],[23,4]],[[80,10],[0,0]]]},
"G210": {"type": "Matrix2x2", "payoffs": [[[1,0],[3,96]],[[0,46],[2,31]]]},
"G211": {"type": "Matrix2x2", "payoffs": [[[32,0],[4,31]],[[70,46],[0,32]]]},
"G212": {"type": "Matrix2x2", "payoffs": [[[39,0],[67,40]],[[0,9],[5,37]]]},
"G213": {"type": "Matrix2x2", "payoffs": [[[0,11],[54,25]],[[17,0],[64,33]]]},
"G214": {"type": "Matrix2x2", "payoffs": [[[76,0],[0,48]],[[85,89],[81,37]]]},
"G215": {"type": "Matrix2x2", "payoffs": [[[9,0],[5,13]],[[45,35],[0,30]]]},
"G216": {"type": "Matrix2x2", "payoffs": [[[0,0],[24,12]],[[66,16],[13,7]]]},
"G217": {"type": "Matrix2x2", "payoffs": [[[3,20],[2,0]],[[0,36],[4,82]]]},
"G218": {"type": "Matrix2x2", "payoffs": [[[0,36],[24,0]],[[26,9],[85,76]]]},
"G219": {"type": "Matrix2x2", "payoffs": [[[75,14],[0,0]],[[91,20],[47,2]]]},
"G220": {"type": "Matrix2x2", "payoffs": [[[0,7],[1,0]],[[56,38],[22,33]]]},
"G221": {"type": "Matrix2x2", "payoffs": [[[1,0],[0,71]],[[5,19],[6,80]]]},
"G222": {"type": "Matrix2x2", "payoffs": [[[2,0],[0,10]],[[41,8],[61,13]]]},
"G223": {"type": "Matrix2x2", "payoffs": [[[6,14],[88,0]],[[0,12],[95,20]]]},
"G224": {"type": "Matrix2x2", "payoffs": [[[16,33],[0,26]],[[37,48],[15,0]]]},
"G225": {"type": "Matrix2x2", "payoffs": [[[27,0],[94,19]],[[57,4],[0,3]]]},
"G226": {"type": "Matrix2x2", "payoffs": [[[69,42],[16,4]],[[0,29],[56,0]]]},
"G227": {"type": "Matrix2x2", "payoffs": [[[13,28],[0,0]],[[18,50],[74,100]]]},
"G228": {"type": "Matrix2x2", "payoffs": [[[39,0],[55,32]],[[20,4],[0,5]]]},
"G229": {"type": "Matrix2x2", "payoffs": [[[4,0],[7,89]],[[8,92],[0,20]]]},
"G230": {"type": "Matrix2x2", "payoffs": [[[13,0],[0,18]],[[25,23],[8,6]]]},
"G231": {"type": "Matrix2x2", "payoffs": [[[15,0],[0,45]],[[18,69],[10,16]]]},
"G232": {"type": "Matrix2x2", "payoffs": [[[11,4],[20,74]],[[13,0],[0,51]]]},
"G233": {"type": "Matrix2x2", "payoffs": [[[21,34],[0,0]],[[30,6],[45,81]]]},
"G234": {"type": "Matrix2x2", "payoffs": [[[3,12],[0,0]],[[24,26],[20,4]]]},
"G235": {"type": "Matrix2x2", "payoffs": [[[0,65],[84,0]],[[9,64],[87,86]]]},
"G236": {"type": "Matrix2x2", "payoffs": [[[4,0],[18,28]],[[0,10],[27,45]]]},
"G237": {"type": "Matrix2x2", "payoffs": [[[0,9],[39,26]],[[11,0],[1,19]]]},
"G238": {"type": "Matrix2x2", "payoffs": [[[84,36],[67,9]],[[10,0],[0,11]]]},
"G239": {"type": "Matrix2x2", "payoffs": [[[32,2],[70,74]],[[65,22],[0,0]]]},
"G240": {"type": "Matrix2x2", "payoffs": [[[56,36],[23,0]],[[0,21],[38,7]]]},
"G241": {"type": "Matrix2x2", "payoffs": [[[3,47],[14,93]],[[11,60],[0,0]]]},
"G242": {"type": "Matrix2x2", "payoffs": [[[28,31],[0,20]],[[6,0],[8,12]]]},
"G243": {"type": "Matrix2x2", "payoffs": [[[5,73],[9,80]],[[12,83],[0,0]]]},
"G244": {"type": "Matrix2x2", "payoffs": [[[71,23],[32,1]],[[0,12],[62,0]]]},
"G245": {"type": "Matrix2x2", "payoffs": [[[0,33],[2,14]],[[58,66],[7,0]]]},
"G246": {"type": "Matrix2x2", "payoffs": [[[20,10],[53,15]],[[7,11],[0,0]]]},
"G247": {"type": "Matrix2x2", "payoffs": [[[59,40],[47,0]],[[8,29],[0,35]]]},
"G248": {"type": "Matrix2x2", "payoffs": [[[67,46],[0,37]],[[14,0],[57,29]]]},
"G249": {"type": "Matrix2x2", "payoffs": [[[81,40],[41,5]],[[0,0],[94,84]]]},
"G250": {"type": "Matrix2x2", "payoffs": [[[0,13],[4,7]],[[12,21],[7,0]]]},
"G251": {"type": "Matrix2x2", "payoffs": [[[0,59],[28,90]],[[12,20],[15,0]]]},
"G252": {"type": "Matrix2x2", "payoffs": [[[27,36],[0,0]],[[33,7],[42,40]]]},
"G253": {"type": "Matrix2x2", "payoffs": [[[0,0],[31,24]],[[54,64],[39,9]]]},
"G254": {"type": "Matrix2x2", "payoffs": [[[9,32],[2,0]],[[3,16],[0,30]]]},
"G255": {"type": "Matrix2x2", "payoffs": [[[42,89],[0,62]],[[3,19],[41,0]]]},
"G256": {"type": "Matrix2x2", "payoffs": [[[3,5],[1,7]],[[0,0],[4,13]]]},
"G257": {"type": "Matrix2x2", "payoffs": [[[0,0],[35,88]],[[15,61],[27,70]]]},
"G258": {"type": "Matrix2x2", "payoffs": [[[33,0],[26,22]],[[85,28],[0,12]]]},
"G259": {"type": "Matrix2x2", "payoffs": [[[27,18],[30,26]],[[25,25],[0,0]]]},
"G260": {"type": "Matrix2x2", "payoffs": [[[36,0],[35,19]],[[0,37],[45,72]]]},
"G261": {"type": "Matrix2x2", "payoffs": [[[0,0],[29,51]],[[60,98],[17,4]]]},
"G262": {"type": "Matrix2x2", "payoffs": [[[0,21],[12,0]],[[45,83],[15,54]]]},
"G263": {"type": "Matrix2x2", "payoffs": [[[61,4],[80,24]],[[12,0],[0,12]]]},
"G264": {"type": "Matrix2x2", "payoffs": [[[27,0],[93,28]],[[0,19],[61,10]]]},
"G265": {"type": "Matrix2x2", "payoffs": [[[98,18],[28,0]],[[41,5],[0,15]]]},
"G266": {"type": "Matrix2x2", "payoffs": [[[4,56],[0,34]],[[19,0],[20,75]]]},
"G267": {"type": "Matrix2x2", "payoffs": [[[2,0],[5,19]],[[0,25],[24,26]]]},
"G268": {"type": "Matrix2x2", "payoffs": [[[3,20],[18,87]],[[5,68],[0,0]]]},
"G269": {"type": "Matrix2x2", "payoffs": [[[0,72],[73,82]],[[29,0],[41,21]]]},
"G270": {"type": "Matrix2x2", "payoffs": [[[60,4],[45,0]],[[0,1],[100,8]]]},
"G271": {"type": "Matrix2x2", "payoffs": [[[0,0],[53,59]],[[54,84],[35,2]]]},
"G272": {"type": "Matrix2x2", "payoffs": [[[25,64],[0,0]],[[84,70],[56,33]]]},
"G273": {"type": "Matrix2x2", "payoffs": [[[12,68],[11,50]],[[0,0],[2,54]]]},
"G274": {"type": "Matrix2x2", "payoffs": [[[0,8],[42,12]],[[60,59],[18,0]]]},
"G275": {"type": "Matrix2x2", "payoffs": [[[30,9],[25,5]],[[26,4],[0,0]]]},
"G276": {"type": "Matrix2x2", "payoffs": [[[0,0],[62,30]],[[19,19],[33,28]]]},
"G277": {"type": "Matrix2x2", "payoffs": [[[5,9],[0,16]],[[29,34],[27,0]]]},
"G278": {"type": "Matrix2x2", "payoffs": [[[95,45],[0,16]],[[76,0],[21,31]]]},
"G279": {"type": "Matrix2x2", "payoffs": [[[81,17],[66,10]],[[0,0],[68,4]]]},
"G280": {"type": "Matrix2x2", "payoffs": [[[71,100],[18,0]],[[0,72],[29,51]]]},
"G281": {"type": "Matrix2x2", "payoffs": [[[2,0],[3,68]],[[1,18],[0,35]]]},
"G282": {"type": "Matrix2x2", "payoffs": [[[86,94],[80,27]],[[0,32],[11,0]]]},
"G283": {"type": "Matrix2x2", "payoffs": [[[0,0],[45,83]],[[90,97],[64,91]]]},
"G284": {"type": "Matrix2x2", "payoffs": [[[0,75],[4,87]],[[1,5],[3,0]]]},
"G285": {"type": "Matrix2x2", "payoffs": [[[0,0],[22,19]],[[50,27],[13,22]]]},
"G286": {"type": "Matrix2x2", "payoffs": [[[52,24],[4,14]],[[0,0],[46,16]]]},
"G287": {"type": "Matrix2x2", "payoffs": [[[39,31],[84,48]],[[19,0],[0,37]]]},
"G288": {"type": "Matrix2x2", "payoffs": [[[6,62],[0,0]],[[79,93],[59,67]]]},
"G289": {"type": "Matrix2x2", "payoffs": [[[42,0],[21,35]],[[78,53],[0,44]]]},
"G290": {"type": "Matrix2x2", "payoffs": [[[28,3],[0,0]],[[48,8],[51,9]]]},
"G291": {"type": "Matrix2x2", "payoffs": [[[25,22],[47,76]],[[0,0],[100,79]]]},
"G292": {"type": "Matrix2x2", "payoffs": [[[23,31],[31,93]],[[0,74],[1,0]]]},
"G293": {"type": "Matrix2x2", "payoffs": [[[0,19],[8,7]],[[25,0],[29,42]]]},
"G294": {"type": "Matrix2x2", "payoffs": [[[2,1],[3,11]],[[34,14],[0,0]]]},
"G295": {"type": "Matrix2x2", "payoffs": [[[63,33],[0,0]],[[9,6],[43,12]]]},
"G296": {"type": "Matrix2x2", "payoffs": [[[30,31],[0,0]],[[59,48],[43,34]]]},
"G297": {"type": "Matrix2x2", "payoffs": [[[6,6],[15,23]],[[0,0],[11,8]]]},
"G298": {"type": "Matrix2x2", "payoffs": [[[90,36],[37,5]],[[56,16],[0,0]]]},
"G299": {"type": "Matrix2x2", "payoffs": [[[27,34],[0,19]],[[10,0],[35,39]]]},
"G300": {"type": "Matrix2x2", "payoffs": [[[62,76],[57,40]],[[0,57],[50,0]]]},
"G301": {"type": "Matrix2x2", "payoffs": [[[0,0],[34,22]],[[50,37],[31,30]]]},
"G302": {"type": "Matrix2x2", "payoffs": [[[13,45],[23,96]],[[11,0],[0,5]]]},
"G303": {"type": "Matrix2x2", "payoffs": [[[86,22],[77,11]],[[0,18],[79,0]]]},
"G304": {"type": "Matrix2x2", "payoffs": [[[0,0],[2,7]],[[6,96],[4,46]]]},
"G305": {"type": "Matrix2x2", "payoffs": [[[3,8],[7,26]],[[0,0],[6,7]]]},
"G306": {"type": "Matrix2x2", "payoffs": [[[23,20],[61,55]],[[0,48],[56,0]]]},
"G307": {"type": "Matrix2x2", "payoffs": [[[0,0],[3,24]],[[7,8],[15,72]]]},
"G308": {"type": "Matrix2x2", "payoffs": [[[38,0],[79,36]],[[22,6],[0,22]]]},
"G309": {"type": "Matrix2x2", "payoffs": [[[57,15],[0,0]],[[47,1],[48,7]]]},
"G310": {"type": "Matrix2x2", "payoffs": [[[0,35],[22,0]],[[37,15],[53,36]]]},
"G311": {"type": "Matrix2x2", "payoffs": [[[36,71],[20,23]],[[0,0],[29,4]]]},
"G312": {"type": "Matrix2x2", "payoffs": [[[74,23],[0,10]],[[62,19],[3,0]]]},
"G313": {"type": "Matrix2x2", "payoffs": [[[23,0],[11,1]],[[67,3],[0,2]]]},
"G314": {"type": "Matrix2x2", "payoffs": [[[3,0],[30,11]],[[2,5],[0,2]]]},
"G315": {"type": "Matrix2x2", "payoffs": [[[87,89],[52,30]],[[0,34],[10,0]]]},
"G316": {"type": "Matrix2x2", "payoffs": [[[0,7],[10,29]],[[4,0],[15,99]]]},
"G317": {"type": "Matrix2x2", "payoffs": [[[26,14],[60,18]],[[0,0],[64,30]]]},
"G318": {"type": "Matrix2x2", "payoffs": [[[28,73],[0,4]],[[11,0],[12,12]]]},
"G319": {"type": "Matrix2x2", "payoffs": [[[17,0],[33,65]],[[0,76],[36,92]]]},
"G320": {"type": "Matrix2x2", "payoffs": [[[0,0],[30,19]],[[48,27],[23,12]]]},
"G321": {"type": "Matrix2x2", "payoffs": [[[44,24],[10,20]],[[0,13],[43,0]]]},
"G322": {"type": "Matrix2x2", "payoffs": [[[43,4],[2,42]],[[90,92],[0,0]]]},
"G323": {"type": "Matrix2x2", "payoffs": [[[68,68],[9,24]],[[62,60],[0,0]]]},
"G324": {"type": "Matrix2x2", "payoffs": [[[19,22],[35,42]],[[0,33],[12,0]]]},
"G325": {"type": "Matrix2x2", "payoffs": [[[24,27],[71,45]],[[0,8],[31,0]]]},
"G326": {"type": "Matrix2x2", "payoffs": [[[65,90],[22,3]],[[31,86],[0,0]]]},
"G327": {"type": "Matrix2x2", "payoffs": [[[57,84],[49,58]],[[31,0],[0,23]]]},
"G328": {"type": "Matrix2x2", "payoffs": [[[61,25],[20,0]],[[0,44],[75,53]]]},
"G329": {"type": "Matrix2x2", "payoffs": [[[12,7],[7,0]],[[4,3],[0,2]]]},
"G330": {"type": "Matrix2x2", "payoffs": [[[4,21],[5,42]],[[0,0],[7,51]]]},
"G331": {"type": "Matrix2x2", "payoffs": [[[14,13],[0,0]],[[22,17],[84,57]]]},
"G332": {"type": "Matrix2x2", "payoffs": [[[46,0],[51,26]],[[48,13],[0,5]]]},
"G333": {"type": "Matrix2x2", "payoffs": [[[28,0],[0,25]],[[100,38],[20,16]]]},
"G334": {"type": "Matrix2x2", "payoffs": [[[1,0],[2,14]],[[19,98],[0,36]]]},
"G335": {"type": "Matrix2x2", "payoffs": [[[42,1],[44,0]],[[60,3],[0,2]]]},
"G336": {"type": "Matrix2x2", "payoffs": [[[55,0],[0,1]],[[22,39],[75,90]]]},
"G337": {"type": "Matrix2x2", "payoffs": [[[4,18],[0,16]],[[1,0],[20,24]]]},
"G338": {"type": "Matrix2x2", "payoffs": [[[1,23],[2,39]],[[0,0],[4,79]]]},
"G339": {"type": "Matrix2x2", "payoffs": [[[14,59],[0,0]],[[3,14],[9,2]]]},
"G340": {"type": "Matrix2x2", "payoffs": [[[5,0],[0,4]],[[23,23],[14,18]]]},
"G341": {"type": "Matrix2x2", "payoffs": [[[4,0],[41,1]],[[0,3],[45,4]]]},
"G342": {"type": "Matrix2x2", "payoffs": [[[21,0],[0,14]],[[12,15],[44,29]]]},
"G343": {"type": "Matrix2x2", "payoffs": [[[4,26],[0,20]],[[3,0],[8,93]]]},
"G344": {"type": "Matrix2x2", "payoffs": [[[41,28],[7,11]],[[0,13],[14,0]]]},
"G345": {"type": "Matrix2x2", "payoffs": [[[0,0],[21,32]],[[31,41],[38,57]]]},
"G346": {"type": "Matrix2x2", "payoffs": [[[0,7],[68,27]],[[62,0],[93,40]]]},
"G347": {"type": "Matrix2x2", "payoffs": [[[90,56],[18,16]],[[68,0],[0,5]]]},
"G348": {"type": "Matrix2x2", "payoffs": [[[53,25],[0,7]],[[14,9],[34,0]]]},
"G349": {"type": "Matrix2x2", "payoffs": [[[4,56],[16,65]],[[0,61],[10,0]]]},
"G350": {"type": "Matrix2x2", "payoffs": [[[28,81],[4,9]],[[0,18],[16,0]]]},
"G351": {"type": "Matrix2x2", "payoffs": [[[0,2],[23,24]],[[9,0],[14,5]]]},
"G352": {"type": "Matrix2x2", "payoffs": [[[10,5],[0,0]],[[47,9],[1,8]]]},
"G353": {"type": "Matrix2x2", "payoffs": [[[63,60],[32,0]],[[53,14],[0,55]]]},
"G354": {"type": "Matrix2x2", "payoffs": [[[0,20],[3,5]],[[20,0],[41,22]]]},
"G355": {"type": "Matrix2x2", "payoffs": [[[55,12],[37,0]],[[8,2],[0,9]]]},
"G356": {"type": "Matrix2x2", "payoffs": [[[29,45],[9,40]],[[0,0],[3,1]]]},
"G357": {"type": "Matrix2x2", "payoffs": [[[8,67],[1,53]],[[16,94],[0,0]]]},
"G358": {"type": "Matrix2x2", "payoffs": [[[21,25],[0,0]],[[4,18],[7,24]]]},
"G359": {"type": "Matrix2x2", "payoffs": [[[6,35],[11,36]],[[0,29],[7,0]]]},
"G360": {"type": "Matrix2x2", "payoffs": [[[0,43],[77,93]],[[47,0],[22,70]]]},
"G361": {"type": "Matrix2x2", "payoffs": [[[67,98],[21,49]],[[0,56],[58,0]]]},
"G362": {"type": "Matrix2x2", "payoffs": [[[80,54],[29,17]],[[0,0],[14,44]]]},
"G363": {"type": "Matrix2x2", "payoffs": [[[7,0],[0,27]],[[15,19],[57,97]]]},
"G364": {"type": "Matrix2x2", "payoffs": [[[15,68],[23,0]],[[0,62],[57,78]]]},
"G365": {"type": "Matrix2x2", "payoffs": [[[0,0],[69,72]],[[11,59],[42,40]]]},
"G366": {"type": "Matrix2x2", "payoffs": [[[33,12],[21,0]],[[4,7],[0,11]]]},
"G367": {"type": "Matrix2x2", "payoffs": [[[0,22],[6,35]],[[22,63],[17,0]]]},
"G368": {"type": "Matrix2x2", "payoffs": [[[35,10],[0,2]],[[70,0],[82,59]]]},
"G369": {"type": "Matrix2x2", "payoffs": [[[44,24],[26,0]],[[18,23],[0,9]]]},
"G370": {"type": "Matrix2x2", "payoffs": [[[19,68],[16,66]],[[15,0],[0,53]]]},
"G371": {"type": "Matrix2x2", "payoffs": [[[37,17],[0,14]],[[97,23],[1,0]]]},
"G372": {"type": "Matrix2x2", "payoffs": [[[32,0],[33,3]],[[37,73],[0,48]]]},
"G373": {"type": "Matrix2x2", "payoffs": [[[15,75],[14,4]],[[4,0],[0,68]]]},
"G374": {"type": "Matrix2x2", "payoffs": [[[20,23],[19,4]],[[8,0],[0,1]]]},
"G375": {"type": "Matrix2x2", "payoffs": [[[3,30],[35,61]],[[0,25],[30,0]]]},
"G376": {"type": "Matrix2x2", "payoffs": [[[0,0],[43,4]],[[13,8],[64,9]]]},
"G377": {"type": "Matrix2x2", "payoffs": [[[69,20],[5,0]],[[0,4],[39,9]]]},
"G378": {"type": "Matrix2x2", "payoffs": [[[68,91],[53,13]],[[0,8],[63,0]]]},
"G379": {"type": "Matrix2x2", "payoffs": [[[0,3],[12,0]],[[41,28],[23,25]]]},
"G380": {"type": "Matrix2x2", "payoffs": [[[30,9],[84,59]],[[21,16],[0,0]]]},
"G381": {"type": "Matrix2x2", "payoffs": [[[18,13],[10,11]],[[0,0],[73,14]]]},
"G382": {"type": "Matrix2x2", "payoffs": [[[29,4],[0,0]],[[63,47],[51,30]]]},
"G383": {"type": "Matrix2x2", "payoffs": [[[33,1],[48,0]],[[0,6],[75,17]]]},
"G384": {"type": "Matrix2x2", "payoffs": [[[41,74],[8,60]],[[19,52],[0,0]]]},
"G385": {"type": "Matrix2x2", "payoffs": [[[67,0],[0,3]],[[52,7],[89,10]]]},
"G386": {"type": "Matrix2x2", "payoffs": [[[28,13],[3,0]],[[7,7],[0,2]]]},
"G387": {"type": "Matrix2x2", "payoffs": [[[86,72],[81,0]],[[0,49],[83,15]]]},
"G388": {"type": "Matrix2x2", "payoffs": [[[18,0],[2,29]],[[66,56],[0,38]]]},
"G389": {"type": "Matrix2x2", "payoffs": [[[0,5],[6,0]],[[24,11],[9,7]]]},
"G390": {"type": "Matrix2x2", "payoffs": [[[85,31],[4,0]],[[0,19],[30,8]]]},
"G391": {"type": "Matrix2x2", "payoffs": [[[24,0],[45,26]],[[51,75],[0,24]]]},
"G392": {"type": "Matrix2x2", "payoffs": [[[38,53],[21,27]],[[0,0],[42,67]]]},
"G393": {"type": "Matrix2x2", "payoffs": [[[0,10],[1,68]],[[6,92],[4,0]]]},
"G394": {"type": "Matrix2x2", "payoffs": [[[0,6],[50,7]],[[4,3],[12,0]]]},
"G395": {"type": "Matrix2x2", "payoffs": [[[75,22],[0,8]],[[20,9],[70,0]]]},
"G396": {"type": "Matrix2x2", "payoffs": [[[0,32],[95,81]],[[36,0],[12,8]]]},
"G397": {"type": "Matrix2x2", "payoffs": [[[2,0],[3,91]],[[1,23],[0,41]]]},
"G398": {"type": "Matrix2x2", "payoffs": [[[12,20],[16,98]],[[2,0],[0,91]]]},
"G399": {"type": "Matrix2x2", "payoffs": [[[55,31],[0,13]],[[35,5],[52,0]]]},
"G400": {"type": "Matrix2x2", "payoffs": [[[0,27],[75,0]],[[61,11],[99,41]]]},
"G401": {"type": "Matrix2x2", "payoffs": [[[28,100],[12,49]],[[23,0],[0,59]]]},
"G402": {"type": "Matrix2x2", "payoffs": [[[37,45],[1,20]],[[0,28],[36,0]]]},
"G403": {"type": "Matrix2x2", "payoffs": [[[0,0],[6,25]],[[12,26],[11,9]]]},
"G404": {"type": "Matrix2x2", "payoffs": [[[56,51],[60,52]],[[5,0],[0,34]]]},
"G405": {"type": "Matrix2x2", "payoffs": [[[19,21],[17,0]],[[0,9],[25,24]]]},
"G406": {"type": "Matrix2x2", "payoffs": [[[16,55],[13,33]],[[0,24],[2,0]]]},
"G407": {"type": "Matrix2x2", "payoffs": [[[0,0],[13,83]],[[48,96],[40,43]]]},
"G408": {"type": "Matrix2x2", "payoffs": [[[11,14],[56,38]],[[0,2],[14,0]]]},
"G409": {"type": "Matrix2x2", "payoffs": [[[6,83],[0,0]],[[2,16],[1,54]]]},
"G410": {"type": "Matrix2x2", "payoffs": [[[0,22],[4,0]],[[21,84],[2,21]]]},
"G411": {"type": "Matrix2x2", "payoffs": [[[42,32],[48,51]],[[32,0],[0,9]]]},
"G412": {"type": "Matrix2x2", "payoffs": [[[10,5],[14,22]],[[0,0],[6,19]]]},
"G413": {"type": "Matrix2x2", "payoffs": [[[0,77],[1,0]],[[3,17],[6,98]]]},
"G414": {"type": "Matrix2x2", "payoffs": [[[0,0],[25,27]],[[32,17],[36,70]]]},
"G415": {"type": "Matrix2x2", "payoffs": [[[11,27],[39,28]],[[0,1],[9,0]]]},
"G416": {"type": "Matrix2x2", "payoffs": [[[0,49],[84,80]],[[25,0],[15,58]]]},
"G417": {"type": "Matrix2x2", "payoffs": [[[0,0],[23,14]],[[24,30],[7,28]]]},
"G418": {"type": "Matrix2x2", "payoffs": [[[60,30],[48,5]],[[7,0],[0,21]]]},
"G419": {"type": "Matrix2x2", "payoffs": [[[23,97],[0,4]],[[22,92],[5,0]]]},
"G420": {"type": "Matrix2x2", "payoffs": [[[0,0],[48,65]],[[69,83],[8,10]]]},
"G421": {"type": "Matrix2x2", "payoffs": [[[0,3],[1,12]],[[3,14],[2,0]]]},
"G422": {"type": "Matrix2x2", "payoffs": [[[7,94],[3,41]],[[2,53],[0,0]]]},
"G423": {"type": "Matrix2x2", "payoffs": [[[0,0],[53,38]],[[58,92],[31,45]]]},
"G424": {"type": "Matrix2x2", "payoffs": [[[56,7],[76,15]],[[0,0],[15,13]]]},
"G425": {"type": "Matrix2x2", "payoffs": [[[4,3],[0,1]],[[8,4],[5,0]]]},
"G426": {"type": "Matrix2x2", "payoffs": [[[2,46],[7,0]],[[0,11],[11,81]]]},
"G427": {"type": "Matrix2x2", "payoffs": [[[66,93],[6,0]],[[34,35],[0,92]]]},
"G428": {"type": "Matrix2x2", "payoffs": [[[3,2],[7,6]],[[0,0],[6,3]]]},
"G429": {"type": "Matrix2x2", "payoffs": [[[0,11],[69,7]],[[65,0],[93,15]]]},
"G430": {"type": "Matrix2x2", "payoffs": [[[56,3],[94,89]],[[47,0],[0,11]]]},
"G431": {"type": "Matrix2x2", "payoffs": [[[50,88],[33,6]],[[17,57],[0,0]]]},
"G432": {"type": "Matrix2x2", "payoffs": [[[31,29],[0,15]],[[74,65],[41,0]]]},
"G433": {"type": "Matrix2x2", "payoffs": [[[4,18],[1,0]],[[0,40],[5,94]]]},
"G434": {"type": "Matrix2x2", "payoffs": [[[1,0],[3,26]],[[6,47],[0,22]]]},
"G435": {"type": "Matrix2x2", "payoffs": [[[0,0],[20,34]],[[60,3],[70,54]]]},
"G436": {"type": "Matrix2x2", "payoffs": [[[0,38],[6,0]],[[48,74],[50,87]]]},
"G437": {"type": "Matrix2x2", "payoffs": [[[40,42],[49,71]],[[12,0],[0,68]]]},
"G438": {"type": "Matrix2x2", "payoffs": [[[81,10],[0,0]],[[94,12],[62,11]]]},
"G439": {"type": "Matrix2x2", "payoffs": [[[6,10],[0,0]],[[2,1],[5,2]]]},
"G440": {"type": "Matrix2x2", "payoffs": [[[4,6],[96,23]],[[13,19],[0,0]]]},
"G441": {"type": "Matrix2x2", "payoffs": [[[70,0],[77,25]],[[43,11],[0,1]]]},
"G442": {"type": "Matrix2x2", "payoffs": [[[38,16],[65,26]],[[71,27],[0,0]]]},
"G443": {"type": "Matrix2x2", "payoffs": [[[12,16],[40,24]],[[2,10],[0,0]]]},
"G444": {"type": "Matrix2x2", "payoffs": [[[17,19],[0,5]],[[9,8],[3,0]]]},
"G445": {"type": "Matrix2x2", "payoffs": [[[0,0],[4,76]],[[3,48],[1,37]]]},
"G446": {"type": "Matrix2x2", "payoffs": [[[10,11],[3,3]],[[0,0],[7,2]]]},
"G447": {"type": "Matrix2x2", "payoffs": [[[94,0],[47,33]],[[96,38],[0,29]]]},
"G448": {"type": "Matrix2x2", "payoffs": [[[19,1],[63,87]],[[52,50],[0,0]]]},
"G449": {"type": "Matrix2x2", "payoffs": [[[28,29],[17,0]],[[80,59],[0,13]]]},
"G450": {"type": "Matrix2x2", "payoffs": [[[0,6],[16,0]],[[9,74],[19,93]]]},
"G451": {"type": "Matrix2x2", "payoffs": [[[46,0],[49,96]],[[0,63],[30,28]]]},
"G452": {"type": "Matrix2x2", "payoffs": [[[8,2],[0,13]],[[15,14],[3,0]]]},
"G453": {"type": "Matrix2x2", "payoffs": [[[34,4],[1,0]],[[33,3],[0,1]]]},
"G454": {"type": "Matrix2x2", "payoffs": [[[7,21],[8,28]],[[0,0],[4,7]]]},
"G455": {"type": "Matrix2x2", "payoffs": [[[52,8],[0,13]],[[10,0],[54,59]]]},
"G456": {"type": "Matrix2x2", "payoffs": [[[1,0],[0,52]],[[5,43],[6,96]]]},
"G457": {"type": "Matrix2x2", "payoffs": [[[0,4],[21,0]],[[29,3],[42,12]]]},
"G458": {"type": "Matrix2x2", "payoffs": [[[0,2],[45,0]],[[66,9],[33,7]]]},
"G459": {"type": "Matrix2x2", "payoffs": [[[46,82],[24,49]],[[10,67],[0,0]]]},
"G460": {"type": "Matrix2x2", "payoffs": [[[3,61],[0,0]],[[1,2],[2,46]]]},
"G461": {"type": "Matrix2x2", "payoffs": [[[68,6],[0,44]],[[100,78],[65,0]]]},
"G462": {"type": "Matrix2x2", "payoffs": [[[19,30],[0,28]],[[21,58],[20,0]]]},
"G463": {"type": "Matrix2x2", "payoffs": [[[6,0],[2,13]],[[0,48],[7,73]]]},
"G464": {"type": "Matrix2x2", "payoffs": [[[0,12],[5,71]],[[3,0],[1,22]]]},
"G465": {"type": "Matrix2x2", "payoffs": [[[0,0],[47,74]],[[27,68],[17,16]]]},
"G466": {"type": "Matrix2x2", "payoffs": [[[0,49],[17,0]],[[60,86],[23,30]]]},
"G467": {"type": "Matrix2x2", "payoffs": [[[12,1],[0,0]],[[17,11],[16,7]]]},
"G468": {"type": "Matrix2x2", "payoffs": [[[16,26],[24,0]],[[0,15],[43,36]]]},
"G469": {"type": "Matrix2x2", "payoffs": [[[0,46],[8,0]],[[5,23],[10,75]]]},
"G470": {"type": "Matrix2x2", "payoffs": [[[12,0],[0,2]],[[16,3],[21,6]]]},
"G471": {"type": "Matrix2x2", "payoffs": [[[15,13],[0,0]],[[7,6],[10,10]]]},
"G472": {"type": "Matrix2x2", "payoffs": [[[94,54],[12,22]],[[0,0],[50,41]]]},
"G473": {"type": "Matrix2x2", "payoffs": [[[5,0],[0,3]],[[9,9],[14,24]]]},
"G474": {"type": "Matrix2x2", "payoffs": [[[7,19],[5,0]],[[3,18],[0,15]]]},
"G475": {"type": "Matrix2x2", "payoffs": [[[44,39],[64,56]],[[31,35],[0,0]]]},
"G476": {"type": "Matrix2x2", "payoffs": [[[30,0],[0,43]],[[74,76],[10,56]]]},
"G477": {"type": "Matrix2x2", "payoffs": [[[4,66],[1,0]],[[0,23],[3,8]]]},
"G478": {"type": "Matrix2x2", "payoffs": [[[0,63],[9,71]],[[25,0],[30,95]]]},
"G479": {"type": "Matrix2x2", "payoffs": [[[90,66],[63,46]],[[0,0],[64,63]]]},
"G480": {"type": "Matrix2x2", "payoffs": [[[0,26],[37,32]],[[96,38],[32,0]]]},
"G481": {"type": "Matrix2x2", "payoffs": [[[51,58],[0,18]],[[10,9],[13,0]]]},
"G482": {"type": "Matrix2x2", "payoffs": [[[7,6],[1,0]],[[0,25],[8,55]]]},
"G483": {"type": "Matrix2x2", "payoffs": [[[12,3],[0,0]],[[60,4],[26,2]]]},
"G484": {"type": "Matrix2x2", "payoffs": [[[32,52],[21,0]],[[0,16],[18,28]]]},
"G485": {"type": "Matrix2x2", "payoffs": [[[5,80],[13,2]],[[0,0],[48,95]]]},
"G486": {"type": "Matrix2x2", "payoffs": [[[0,25],[2,30]],[[32,0],[92,81]]]},
"G487": {"type": "Matrix2x2", "payoffs": [[[12,79],[6,45]],[[0,0],[7,55]]]},
"G488": {"type": "Matrix2x2", "payoffs": [[[6,21],[0,0]],[[36,49],[12,33]]]},
"G489": {"type": "Matrix2x2", "payoffs": [[[0,68],[2,11]],[[31,0],[39,90]]]},
"G490": {"type": "Matrix2x2", "payoffs": [[[2,11],[0,0]],[[4,1],[7,25]]]},
"G491": {"type": "Matrix2x2", "payoffs": [[[32,5],[0,4]],[[22,0],[85,17]]]},
"G492": {"type": "Matrix2x2", "payoffs": [[[2,0],[4,54]],[[0,25],[1,8]]]},
"G493": {"type": "Matrix2x2", "payoffs": [[[66,13],[0,0]],[[81,19],[10,18]]]},
"G494": {"type": "Matrix2x2", "payoffs": [[[51,0],[0,14]],[[33,30],[81,33]]]},
"G495": {"type": "Matrix2x2", "payoffs": [[[0,0],[99,85]],[[60,9],[28,26]]]},
"G496": {"type": "Matrix2x2", "payoffs": [[[4,35],[7,50]],[[0,0],[38,91]]]},
"G497": {"type": "Matrix2x2", "payoffs": [[[9,47],[12,0]],[[0,21],[19,60]]]},
"G498": {"type": "Matrix2x2", "payoffs": [[[1,80],[0,58]],[[4,88],[2,0]]]},
"G499": {"type": "Matrix2x2", "payoffs": [[[64,10],[55,0]],[[0,9],[17,2]]]},
"G500": {"type": "Matrix2x2", "payoffs": [[[1,6],[2,0]],[[0,15],[4,34]]]},
"G501": {"type": "Matrix2x2", "payoffs": [[[26,42],[21,57]],[[36,64],[0,0]]]},
"G502": {"type": "Matrix2x2", "payoffs": [[[36,33],[0,7]],[[34,0],[42,60]]]},
"G503": {"type": "Matrix2x2", "payoffs": [[[0,2],[10,0]],[[71,79],[60,44]]]},
"G504": {"type": "Matrix2x2", "payoffs": [[[5,71],[8,0]],[[10,96],[0,54]]]},
"G505": {"type": "Matrix2x2", "payoffs": [[[15,32],[0,0]],[[73,49],[38,33]]]},
"G506": {"type": "Matrix2x2", "payoffs": [[[7,0],[0,7]],[[14,32],[12,17]]]},
"G507": {"type": "Matrix2x2", "payoffs": [[[10,0],[80,3]],[[0,2],[11,1]]]},
"G508": {"type": "Matrix2x2", "payoffs": [[[5,22],[0,75]],[[24,98],[11,0]]]},
"G509": {"type": "Matrix2x2", "payoffs": [[[0,4],[8,0]],[[26,26],[16,16]]]},
"G510": {"type": "Matrix2x2", "payoffs": [[[30,0],[0,23]],[[31,63],[10,60]]]},
"G511": {"type": "Matrix2x2", "payoffs": [[[61,13],[0,56]],[[31,0],[72,59]]]},
"G512": {"type": "Matrix2x2", "payoffs": [[[18,0],[0,3]],[[20,8],[15,6]]]},
"G513": {"type": "Matrix2x2", "payoffs": [[[71,78],[65,72]],[[0,0],[7,44]]]},
"G514": {"type": "Matrix2x2", "payoffs": [[[27,1],[6,0]],[[32,34],[0,4]]]},
"G515": {"type": "Matrix2x2", "payoffs": [[[43,0],[85,24]],[[0,21],[53,9]]]},
"G516": {"type": "Matrix2x2", "payoffs": [[[38,13],[67,76]],[[0,0],[24,53]]]},
"G517": {"type": "Matrix2x2", "payoffs": [[[49,35],[64,90]],[[0,38],[31,0]]]},
"G518": {"type": "Matrix2x2", "payoffs": [[[3,0],[82,11]],[[38,1],[0,10]]]},
"G519": {"type": "Matrix2x2", "payoffs": [[[6,74],[0,0]],[[1,42],[2,45]]]},
"G520": {"type": "Matrix2x2", "payoffs": [[[0,0],[33,57]],[[23,35],[19,10]]]},
"G521": {"type": "Matrix2x2", "payoffs": [[[6,0],[0,36]],[[48,68],[10,45]]]},
"G522": {"type": "Matrix2x2", "payoffs": [[[31,44],[6,34]],[[51,54],[0,0]]]},
"G523": {"type": "Matrix2x2", "payoffs": [[[77,43],[0,0]],[[49,12],[48,2]]]},
"G524": {"type": "Matrix2x2", "payoffs": [[[0,4],[20,0]],[[34,7],[72,15]]]},
"G525": {"type": "Matrix2x2", "payoffs": [[[59,0],[77,62]],[[71,57],[0,20]]]},
"G526": {"type": "Matrix2x2", "payoffs": [[[12,9],[14,7]],[[0,0],[17,15]]]},
"G527": {"type": "Matrix2x2", "payoffs": [[[100,69],[0,0]],[[62,22],[18,2]]]},
"G528": {"type": "Matrix2x2", "payoffs": [[[1,20],[4,0]],[[6,29],[0,15]]]},
"G529": {"type": "Matrix2x2", "payoffs": [[[36,83],[13,80]],[[19,11],[0,0]]]},
"G530": {"type": "Matrix2x2", "payoffs": [[[38,0],[64,13]],[[0,2],[85,40]]]},
"G531": {"type": "Matrix2x2", "payoffs": [[[51,25],[97,90]],[[90,0],[0,14]]]},
"G532": {"type": "Matrix2x2", "payoffs": [[[9,45],[18,65]],[[5,0],[0,4]]]},
"G533": {"type": "Matrix2x2", "payoffs": [[[35,0],[28,82]],[[0,34],[38,96]]]},
"G534": {"type": "Matrix2x2", "payoffs": [[[23,59],[7,0]],[[28,85],[0,7]]]},
"G535": {"type": "Matrix2x2", "payoffs": [[[41,0],[0,7]],[[85,30],[91,34]]]},
"G536": {"type": "Matrix2x2", "payoffs": [[[46,53],[31,39]],[[0,0],[30,34]]]},
"G537": {"type": "Matrix2x2", "payoffs": [[[55,92],[47,2]],[[51,0],[0,49]]]},
"G538": {"type": "Matrix2x2", "payoffs": [[[0,12],[38,19]],[[90,56],[66,0]]]},
"G539": {"type": "Matrix2x2", "payoffs": [[[4,27],[40,54]],[[0,0],[15,15]]]},
"G540": {"type": "Matrix2x2", "payoffs": [[[21,36],[53,73]],[[51,69],[0,0]]]},
"G541": {"type": "Matrix2x2", "payoffs": [[[3,32],[13,50]],[[0,0],[8,33]]]},
"G542": {"type": "Matrix2x2", "payoffs": [[[23,8],[32,90]],[[74,91],[0,0]]]},
"G543": {"type": "Matrix2x2", "payoffs": [[[0,11],[27,80]],[[23,35],[2,0]]]},
"G544": {"type": "Matrix2x2", "payoffs": [[[0,28],[58,80]],[[19,0],[21,57]]]},
"G545": {"type": "Matrix2x2", "payoffs": [[[0,32],[24,58]],[[36,66],[1,0]]]},
"G546": {"type": "Matrix2x2", "payoffs": [[[0,0],[10,5]],[[1,93],[37,98]]]},
"G547": {"type": "Matrix2x2", "payoffs": [[[65,24],[36,0]],[[9,5],[0,7]]]},
"G548": {"type": "Matrix2x2", "payoffs": [[[80,0],[94,88]],[[67,36],[0,22]]]},
"G549": {"type": "Matrix2x2", "payoffs": [[[31,21],[15,0]],[[40,39],[0,2]]]},
"G550": {"type": "Matrix2x2", "payoffs": [[[0,69],[25,76]],[[34,87],[27,0]]]},
"G551": {"type": "Matrix2x2", "payoffs": [[[68,11],[10,21]],[[72,26],[0,0]]]},
"G552": {"type": "Matrix2x2", "payoffs": [[[43,0],[0,19]],[[72,39],[23,10]]]},
"G553": {"type": "Matrix2x2", "payoffs": [[[14,0],[0,1]],[[84,11],[36,5]]]},
"G554": {"type": "Matrix2x2", "payoffs": [[[39,79],[49,77]],[[75,81],[0,0]]]},
"G555": {"type": "Matrix2x2", "payoffs": [[[0,22],[12,0]],[[60,44],[91,63]]]},
"G556": {"type": "Matrix2x2", "payoffs": [[[0,0],[96,17]],[[32,14],[11,10]]]},
"G557": {"type": "Matrix2x2", "payoffs": [[[0,0],[46,15]],[[68,53],[35,10]]]},
"G558": {"type": "Matrix2x2", "payoffs": [[[16,80],[0,0]],[[2,24],[12,25]]]},
"G559": {"type": "Matrix2x2", "payoffs": [[[0,9],[28,14]],[[48,86],[38,0]]]},
"G560": {"type": "Matrix2x2", "payoffs": [[[22,0],[33,57]],[[0,62],[44,84]]]},
"G561": {"type": "Matrix2x2", "payoffs": [[[27,41],[23,26]],[[22,4],[0,0]]]},
"G562": {"type": "Matrix2x2", "payoffs": [[[38,79],[32,32]],[[34,64],[0,0]]]},
"G563": {"type": "Matrix2x2", "payoffs": [[[12,37],[0,0]],[[59,50],[25,33]]]},
"G564": {"type": "Matrix2x2", "payoffs": [[[85,15],[13,7]],[[0,0],[92,45]]]},
"G565": {"type": "Matrix2x2", "payoffs": [[[54,3],[4,4]],[[0,0],[75,6]]]},
"G566": {"type": "Matrix2x2", "payoffs": [[[22,0],[0,49]],[[76,62],[61,43]]]},
"G567": {"type": "Matrix2x2", "payoffs": [[[85,57],[80,0]],[[49,31],[0,41]]]},
"G568": {"type": "Matrix2x2", "payoffs": [[[6,40],[0,0]],[[21,52],[28,65]]]},
"G569": {"type": "Matrix2x2", "payoffs": [[[45,66],[10,41]],[[0,0],[5,50]]]},
"G570": {"type": "Matrix2x2", "payoffs": [[[17,49],[1,0]],[[0,31],[43,79]]]},
"G571": {"type": "Matrix2x2", "payoffs": [[[91,66],[77,38]],[[0,45],[55,0]]]},
"G572": {"type": "Matrix2x2", "payoffs": [[[9,12],[0,9]],[[13,28],[2,0]]]},
"G573": {"type": "Matrix2x2", "payoffs": [[[0,47],[47,84]],[[33,66],[13,0]]]},
"G574": {"type": "Matrix2x2", "payoffs": [[[0,0],[22,17]],[[19,16],[23,45]]]},
"G575": {"type": "Matrix2x2", "payoffs": [[[51,12],[66,31]],[[1,0],[0,29]]]},
"G576": {"type": "Matrix2x2", "payoffs": [[[70,7],[92,54]],[[0,49],[25,0]]]},
"G577": {"type": "Matrix2x2", "payoffs": [[[13,71],[14,97]],[[5,0],[0,23]]]},
"G578": {"type": "Matrix2x2", "payoffs": [[[0,17],[64,74]],[[80,0],[87,91]]]},
"G579": {"type": "Matrix2x2", "payoffs": [[[0,24],[21,28]],[[7,19],[4,0]]]},
"G580": {"type": "Matrix2x2", "payoffs": [[[61,0],[54,2]],[[80,3],[0,1]]]},
"G581": {"type": "Matrix2x2", "payoffs": [[[51,0],[7,17]],[[0,6],[86,29]]]},
"G582": {"type": "Matrix2x2", "payoffs": [[[81,99],[49,10]],[[36,82],[0,0]]]},
"G583": {"type": "Matrix2x2", "payoffs": [[[24,58],[0,31]],[[19,0],[3,8]]]},
"G584": {"type": "Matrix2x2", "payoffs": [[[0,0],[79,72]],[[32,50],[37,7]]]},
"G585": {"type": "Matrix2x2", "payoffs": [[[0,23],[26,0]],[[41,31],[2,2]]]},
"G586": {"type": "Matrix2x2", "payoffs": [[[8,37],[0,0]],[[6,28],[2,30]]]},
"G587": {"type": "Matrix2x2", "payoffs": [[[0,0],[24,49]],[[23,6],[77,50]]]},
"G588": {"type": "Matrix2x2", "payoffs": [[[18,5],[0,2]],[[4,0],[1,1]]]},
"G589": {"type": "Matrix2x2", "payoffs": [[[16,0],[0,12]],[[31,81],[25,79]]]},
"G590": {"type": "Matrix2x2", "payoffs": [[[18,0],[16,15]],[[0,66],[43,92]]]},
"G591": {"type": "Matrix2x2", "payoffs": [[[8,85],[0,45]],[[4,0],[6,73]]]},
"G592": {"type": "Matrix2x2", "payoffs": [[[6,5],[36,0]],[[45,69],[0,66]]]},
"G593": {"type": "Matrix2x2", "payoffs": [[[60,0],[0,3]],[[74,75],[45,11]]]},
"G594": {"type": "Matrix2x2", "payoffs": [[[61,45],[0,10]],[[80,85],[24,0]]]},
"G595": {"type": "Matrix2x2", "payoffs": [[[38,74],[31,0]],[[3,42],[0,5]]]},
"G596": {"type": "Matrix2x2", "payoffs": [[[75,8],[83,13]],[[0,0],[90,24]]]},
"G597": {"type": "Matrix2x2", "payoffs": [[[77,11],[0,0]],[[43,18],[92,22]]]},
"G598": {"type": "Matrix2x2", "payoffs": [[[20,3],[0,0]],[[12,2],[23,4]]]},
"G599": {"type": "Matrix2x2", "payoffs": [[[49,9],[0,0]],[[79,10],[7,6]]]},
"G600": {"type": "Matrix2x2", "payoffs": [[[17,99],[8,16]],[[0,0],[7,57]]]},
"G601": {"type": "Matrix2x2", "payoffs": [[[10,50],[3,15]],[[2,32],[0,0]]]},
"G602": {"type": "Matrix2x2", "payoffs": [[[99,94],[59,69]],[[53,14],[0,0]]]},
"G603": {"type": "Matrix2x2", "payoffs": [[[14,34],[12,10]],[[0,0],[26,55]]]},
"G604": {"type": "Matrix2x2", "payoffs": [[[73,71],[0,52]],[[30,0],[26,57]]]},
"G605": {"type": "Matrix2x2", "payoffs": [[[69,14],[0,1]],[[95,47],[4,0]]]},
"G606": {"type": "Matrix2x2", "payoffs": [[[64,36],[0,13]],[[9,7],[1,0]]]},
"G607": {"type": "Matrix2x2", "payoffs": [[[54,48],[0,0]],[[42,44],[7,21]]]},
"G608": {"type": "Matrix2x2", "payoffs": [[[0,22],[46,38]],[[27,0],[25,36]]]},
"G609": {"type": "Matrix2x2", "payoffs": [[[0,51],[9,0]],[[45,77],[36,12]]]},
"G610": {"type": "Matrix2x2", "payoffs": [[[88,47],[0,0]],[[54,46],[50,42]]]},
"G611": {"type": "Matrix2x2", "payoffs": [[[0,10],[49,11]],[[6,5],[19,0]]]},
"G612": {"type": "Matrix2x2", "payoffs": [[[0,72],[9,0]],[[41,87],[38,5]]]},
"G613": {"type": "Matrix2x2", "payoffs": [[[24,56],[6,20]],[[0,0],[10,55]]]},
"G614": {"type": "Matrix2x2", "payoffs": [[[31,0],[91,83]],[[24,73],[0,71]]]},
"G615": {"type": "Matrix2x2", "payoffs": [[[0,0],[61,70]],[[7,12],[16,49]]]},
"G616": {"type": "Matrix2x2", "payoffs": [[[23,28],[0,10]],[[8,0],[27,56]]]},
"G617": {"type": "Matrix2x2", "payoffs": [[[36,0],[0,45]],[[60,53],[15,18]]]},
"G618": {"type": "Matrix2x2", "payoffs": [[[68,35],[20,0]],[[0,29],[7,15]]]},
"G619": {"type": "Matrix2x2", "payoffs": [[[17,0],[0,33]],[[72,100],[42,37]]]},
"G620": {"type": "Matrix2x2", "payoffs": [[[32,0],[54,41]],[[47,34],[0,21]]]},
"G621": {"type": "Matrix2x2", "payoffs": [[[0,65],[43,0]],[[48,40],[73,66]]]},
"G622": {"type": "Matrix2x2", "payoffs": [[[4,2],[0,0]],[[49,18],[56,24]]]},
"G623": {"type": "Matrix2x2", "payoffs": [[[0,41],[9,0]],[[8,13],[16,49]]]},
"G624": {"type": "Matrix2x2", "payoffs": [[[18,62],[0,0]],[[16,38],[1,56]]]},
"G625": {"type": "Matrix2x2", "payoffs": [[[52,94],[0,22]],[[2,9],[29,0]]]},
"G626": {"type": "Matrix2x2", "payoffs": [[[30,46],[0,36]],[[59,79],[10,0]]]},
"G627": {"type": "Matrix2x2", "payoffs": [[[2,47],[1,0]],[[3,82],[0,62]]]},
"G628": {"type": "Matrix2x2", "payoffs": [[[10,12],[0,0]],[[3,11],[64,21]]]},
"G629": {"type": "Matrix2x2", "payoffs": [[[11,17],[0,0]],[[20,8],[36,21]]]},
"G630": {"type": "Matrix2x2", "payoffs": [[[22,20],[79,56]],[[57,50],[0,0]]]},
"G631": {"type": "Matrix2x2", "payoffs": [[[20,7],[0,0]],[[40,16],[82,39]]]},
"G632": {"type": "Matrix2x2", "payoffs": [[[22,39],[0,0]],[[30,77],[4,2]]]},
"G633": {"type": "Matrix2x2", "payoffs": [[[0,9],[56,6]],[[2,0],[90,10]]]},
"G634": {"type": "Matrix2x2", "payoffs": [[[0,2],[23,0]],[[62,4],[77,6]]]},
"G635": {"type": "Matrix2x2", "payoffs": [[[0,0],[58,46]],[[5,26],[53,7]]]},
"G636": {"type": "Matrix2x2", "payoffs": [[[10,0],[71,68]],[[0,40],[50,66]]]},
"G637": {"type": "Matrix2x2", "payoffs": [[[0,0],[36,21]],[[42,85],[15,76]]]},
"G638": {"type": "Matrix2x2", "payoffs": [[[0,35],[9,24]],[[78,60],[76,0]]]},
"G639": {"type": "Matrix2x2", "payoffs": [[[3,21],[90,31]],[[0,23],[68,0]]]},
"G640": {"type": "Matrix2x2", "payoffs": [[[15,0],[25,47]],[[4,12],[0,42]]]},
"G641": {"type": "Matrix2x2", "payoffs": [[[0,0],[27,21]],[[21,44],[34,81]]]},
"G642": {"type": "Matrix2x2", "payoffs": [[[23,18],[7,0]],[[0,10],[20,12]]]},
"G643": {"type": "Matrix2x2", "payoffs": [[[3,0],[5,11]],[[0,44],[46,66]]]},
"G644": {"type": "Matrix2x2", "payoffs": [[[73,9],[0,0]],[[24,2],[27,6]]]},
"G645": {"type": "Matrix2x2", "payoffs": [[[12,0],[25,6]],[[0,3],[42,24]]]},
"G646": {"type": "Matrix2x2", "payoffs": [[[0,13],[16,0]],[[4,33],[30,42]]]},
"G647": {"type": "Matrix2x2", "payoffs": [[[2,0],[0,12]],[[6,5],[7,17]]]},
"G648": {"type": "Matrix2x2", "payoffs": [[[36,0],[89,3]],[[77,2],[0,1]]]},
"G649": {"type": "Matrix2x2", "payoffs": [[[0,27],[48,0]],[[58,24],[77,36]]]},
"G650": {"type": "Matrix2x2", "payoffs": [[[52,0],[0,1]],[[66,2],[77,3]]]},
"G651": {"type": "Matrix2x2", "payoffs": [[[15,70],[0,62]],[[18,71],[6,0]]]},
"G652": {"type": "Matrix2x2", "payoffs": [[[25,32],[15,6]],[[0,0],[14,25]]]},
"G653": {"type": "Matrix2x2", "payoffs": [[[0,19],[20,1]],[[42,0],[48,32]]]},
"G654": {"type": "Matrix2x2", "payoffs": [[[10,14],[46,95]],[[44,0],[0,74]]]},
"G655": {"type": "Matrix2x2", "payoffs": [[[55,4],[74,39]],[[19,0],[0,19]]]},
"G656": {"type": "Matrix2x2", "payoffs": [[[56,48],[31,0]],[[77,49],[0,45]]]},
"G657": {"type": "Matrix2x2", "payoffs": [[[13,0],[26,99]],[[16,96],[0,62]]]},
"G658": {"type": "Matrix2x2", "payoffs": [[[28,0],[0,39]],[[95,70],[21,29]]]},
"G659": {"type": "Matrix2x2", "payoffs": [[[0,88],[53,100]],[[13,74],[35,0]]]},
"G660": {"type": "Matrix2x2", "payoffs": [[[0,0],[6,23]],[[55,49],[7,27]]]},
"G661": {"type": "Matrix2x2", "payoffs": [[[19,88],[0,83]],[[12,0],[16,33]]]},
"G662": {"type": "Matrix2x2", "payoffs": [[[6,0],[0,36]],[[24,30],[51,55]]]},
"G663": {"type": "Matrix2x2", "payoffs": [[[19,25],[0,55]],[[40,0],[48,70]]]},
"G664": {"type": "Matrix2x2", "payoffs": [[[41,0],[34,12]],[[54,57],[0,9]]]},
"G665": {"type": "Matrix2x2", "payoffs": [[[20,48],[65,54]],[[0,17],[7,0]]]},
"G666": {"type": "Matrix2x2", "payoffs": [[[50,16],[67,0]],[[0,15],[97,77]]]},
"G667": {"type": "Matrix2x2", "payoffs": [[[0,56],[33,57]],[[28,0],[31,20]]]},
"G668": {"type": "Matrix2x2", "payoffs": [[[30,40],[13,0]],[[0,19],[55,55]]]},
"G669": {"type": "Matrix2x2", "payoffs": [[[36,0],[77,2]],[[93,3],[0,1]]]},
"G670": {"type": "Matrix2x2", "payoffs": [[[2,19],[16,0]],[[17,54],[0,3]]]},
"G671": {"type": "Matrix2x2", "payoffs": [[[6,1],[25,3]],[[0,0],[24,2]]]},
"G672": {"type": "Matrix2x2", "payoffs": [[[0,23],[79,52]],[[19,49],[51,0]]]},
"G673": {"type": "Matrix2x2", "payoffs": [[[39,9],[2,2]],[[0,0],[7,4]]]},
"G674": {"type": "Matrix2x2", "payoffs": [[[33,10],[0,0]],[[21,8],[3,3]]]},
"G675": {"type": "Matrix2x2", "payoffs": [[[0,0],[23,28]],[[22,10],[14,1]]]},
"G676": {"type": "Matrix2x2", "payoffs": [[[90,46],[55,25]],[[0,19],[51,0]]]},
"G677": {"type": "Matrix2x2", "payoffs": [[[48,38],[0,12]],[[67,86],[49,0]]]},
"G678": {"type": "Matrix2x2", "payoffs": [[[11,37],[39,48]],[[10,26],[0,0]]]},
"G679": {"type": "Matrix2x2", "payoffs": [[[22,28],[0,0]],[[17,71],[33,91]]]},
"G680": {"type": "Matrix2x2", "payoffs": [[[2,24],[13,30]],[[6,2],[0,0]]]},
"G681": {"type": "Matrix2x2", "payoffs": [[[20,67],[22,81]],[[11,0],[0,17]]]},
"G682": {"type": "Matrix2x2", "payoffs": [[[0,73],[67,85]],[[28,68],[41,0]]]},
"G683": {"type": "Matrix2x2", "payoffs": [[[14,0],[10,41]],[[23,89],[0,35]]]},
"G684": {"type": "Matrix2x2", "payoffs": [[[4,15],[2,4]],[[1,0],[0,11]]]},
"G685": {"type": "Matrix2x2", "payoffs": [[[7,0],[47,64]],[[22,60],[0,18]]]},
"G686": {"type": "Matrix2x2", "payoffs": [[[64,31],[35,0]],[[0,8],[53,16]]]},
"G687": {"type": "Matrix2x2", "payoffs": [[[69,66],[8,0]],[[0,56],[23,40]]]},
"G688": {"type": "Matrix2x2", "payoffs": [[[9,53],[13,65]],[[0,41],[4,0]]]},
"G689": {"type": "Matrix2x2", "payoffs": [[[40,4],[70,5]],[[68,0],[0,1]]]},
"G690": {"type": "Matrix2x2", "payoffs": [[[6,31],[39,33]],[[0,0],[24,20]]]},
"G691": {"type": "Matrix2x2", "payoffs": [[[21,3],[35,46]],[[4,6],[0,0]]]},
"G692": {"type": "Matrix2x2", "payoffs": [[[3,35],[2,0]],[[6,54],[0,8]]]},
"G693": {"type": "Matrix2x2", "payoffs": [[[13,11],[14,36]],[[0,27],[1,0]]]},
"G694": {"type": "Matrix2x2", "payoffs": [[[14,5],[0,0]],[[57,31],[73,61]]]},
"G695": {"type": "Matrix2x2", "payoffs": [[[40,0],[0,1]],[[24,24],[82,45]]]},
"G696": {"type": "Matrix2x2", "payoffs": [[[7,5],[0,0]],[[12,97],[1,51]]]},
"G697": {"type": "Matrix2x2", "payoffs": [[[18,0],[0,6]],[[24,7],[5,4]]]},
"G698": {"type": "Matrix2x2", "payoffs": [[[5,49],[28,74]],[[21,40],[0,0]]]},
"G699": {"type": "Matrix2x2", "payoffs": [[[1,58],[11,0]],[[14,71],[0,35]]]},
"G700": {"type": "Matrix2x2", "payoffs": [[[28,26],[0,12]],[[16,0],[56,54]]]},
"G701": {"type": "Matrix2x2", "payoffs": [[[0,0],[30,2]],[[12,1],[99,4]]]},
"G702": {"type": "Matrix2x2", "payoffs": [[[24,0],[93,65]],[[79,12],[0,28]]]},
"G703": {"type": "Matrix2x2", "payoffs": [[[22,10],[0,25]],[[43,45],[11,0]]]},
"G704": {"type": "Matrix2x2", "payoffs": [[[60,27],[15,22]],[[0,9],[25,0]]]},
"G705": {"type": "Matrix2x2", "payoffs": [[[28,33],[0,0]],[[14,22],[23,10]]]},
"G706": {"type": "Matrix2x2", "payoffs": [[[0,4],[51,1]],[[98,21],[87,0]]]},
"G707": {"type": "Matrix2x2", "payoffs": [[[37,40],[18,23]],[[0,0],[47,86]]]},
"G708": {"type": "Matrix2x2", "payoffs": [[[10,71],[4,53]],[[28,75],[0,0]]]},
"G709": {"type": "Matrix2x2", "payoffs": [[[15,50],[13,48]],[[9,37],[0,0]]]},
"G710": {"type": "Matrix2x2", "payoffs": [[[71,36],[0,0]],[[35,39],[82,40]]]},
"G711": {"type": "Matrix2x2", "payoffs": [[[6,10],[0,9]],[[27,11],[7,0]]]},
"G712": {"type": "Matrix2x2", "payoffs": [[[55,55],[0,0]],[[4,13],[59,59]]]},
"G713": {"type": "Matrix2x2", "payoffs": [[[0,1],[59,0]],[[45,2],[80,5]]]},
"G714": {"type": "Matrix2x2", "payoffs": [[[5,62],[0,0]],[[4,38],[1,60]]]},
"G715": {"type": "Matrix2x2", "payoffs": [[[0,3],[63,0]],[[71,28],[54,6]]]},
"G716": {"type": "Matrix2x2", "payoffs": [[[0,12],[25,10]],[[77,74],[57,0]]]},
"G717": {"type": "Matrix2x2", "payoffs": [[[0,0],[15,36]],[[26,32],[37,81]]]},
"G718": {"type": "Matrix2x2", "payoffs": [[[43,18],[18,0]],[[0,5],[63,37]]]},
"G719": {"type": "Matrix2x2", "payoffs": [[[14,39],[71,44]],[[56,4],[0,0]]]},
"G720": {"type": "Matrix2x2", "payoffs": [[[0,23],[7,27]],[[8,70],[5,0]]]},
"G721": {"type": "Matrix2x2", "payoffs": [[[19,7],[5,1]],[[9,2],[0,0]]]},
"G722": {"type": "Matrix2x2", "payoffs": [[[67,49],[91,35]],[[100,69],[0,0]]]},
"G723": {"type": "Matrix2x2", "payoffs": [[[4,42],[0,0]],[[3,18],[2,33]]]},
"G724": {"type": "Matrix2x2", "payoffs": [[[34,0],[31,14]],[[0,6],[49,15]]]},
"G725": {"type": "Matrix2x2", "payoffs": [[[4,45],[17,0]],[[66,97],[0,6]]]},
"G726": {"type": "Matrix2x2", "payoffs": [[[2,59],[3,89]],[[0,22],[1,0]]]},
"G727": {"type": "Matrix2x2", "payoffs": [[[65,80],[0,0]],[[92,89],[87,26]]]},
"G728": {"type": "Matrix2x2", "payoffs": [[[0,12],[4,0]],[[2,1],[24,29]]]},
"G729": {"type": "Matrix2x2", "payoffs": [[[45,34],[25,61]],[[78,81],[0,0]]]},
"G730": {"type": "Matrix2x2", "payoffs": [[[80,74],[41,1]],[[7,8],[0,0]]]},
"G731": {"type": "Matrix2x2", "payoffs": [[[45,88],[29,0]],[[0,63],[5,34]]]},
"G732": {"type": "Matrix2x2", "payoffs": [[[11,32],[2,26]],[[0,0],[55,51]]]},
"G733": {"type": "Matrix2x2", "payoffs": [[[13,0],[16,67]],[[0,39],[11,9]]]},
"G734": {"type": "Matrix2x2", "payoffs": [[[0,10],[49,0]],[[77,37],[67,35]]]},
"G735": {"type": "Matrix2x2", "payoffs": [[[12,25],[88,26]],[[0,0],[4,6]]]},
"G736": {"type": "Matrix2x2", "payoffs": [[[11,31],[0,0]],[[13,5],[24,55]]]},
"G737": {"type": "Matrix2x2", "payoffs": [[[0,0],[52,6]],[[63,9],[1,5]]]},
"G738": {"type": "Matrix2x2", "payoffs": [[[6,34],[26,6]],[[0,0],[33,60]]]},
"G739": {"type": "Matrix2x2", "payoffs": [[[21,36],[87,63]],[[67,0],[0,31]]]},
"G740": {"type": "Matrix2x2", "payoffs": [[[4,0],[2,3]],[[0,12],[6,20]]]},
"G741": {"type": "Matrix2x2", "payoffs": [[[50,64],[25,25]],[[16,0],[0,22]]]},
"G742": {"type": "Matrix2x2", "payoffs": [[[48,0],[54,28]],[[56,35],[0,33]]]},
"G743": {"type": "Matrix2x2", "payoffs": [[[0,47],[76,73]],[[49,0],[33,25]]]},
"G744": {"type": "Matrix2x2", "payoffs": [[[0,32],[56,0]],[[42,79],[83,81]]]},
"G745": {"type": "Matrix2x2", "payoffs": [[[83,98],[79,14]],[[0,0],[40,50]]]},
"G746": {"type": "Matrix2x2", "payoffs": [[[25,14],[48,22]],[[37,12],[0,0]]]},
"G747": {"type": "Matrix2x2", "payoffs": [[[0,63],[64,26]],[[79,0],[91,66]]]},
"G748": {"type": "Matrix2x2", "payoffs": [[[3,52],[5,64]],[[1,0],[0,47]]]},
"G749": {"type": "Matrix2x2", "payoffs": [[[19,87],[9,0]],[[0,27],[17,3]]]},
"G750": {"type": "Matrix2x2", "payoffs": [[[28,49],[13,37]],[[4,0],[0,46]]]},
"G751": {"type": "Matrix2x2", "payoffs": [[[52,66],[0,21]],[[23,50],[35,0]]]},
"G752": {"type": "Matrix2x2", "payoffs": [[[77,3],[0,6]],[[100,29],[61,0]]]},
"G753": {"type": "Matrix2x2", "payoffs": [[[38,7],[15,2]],[[9,4],[0,0]]]},
"G754": {"type": "Matrix2x2", "payoffs": [[[23,4],[35,0]],[[0,33],[62,51]]]},
"G755": {"type": "Matrix2x2", "payoffs": [[[0,0],[54,7]],[[88,63],[10,9]]]},
"G756": {"type": "Matrix2x2", "payoffs": [[[27,69],[24,0]],[[0,51],[13,11]]]},
"G757": {"type": "Matrix2x2", "payoffs": [[[1,2],[0,22]],[[23,0],[74,87]]]},
"G758": {"type": "Matrix2x2", "payoffs": [[[0,22],[13,0]],[[14,18],[27,23]]]},
"G759": {"type": "Matrix2x2", "payoffs": [[[0,0],[5,27]],[[88,39],[83,4]]]},
"G760": {"type": "Matrix2x2", "payoffs": [[[61,61],[76,90]],[[11,62],[0,0]]]},
"G761": {"type": "Matrix2x2", "payoffs": [[[59,57],[0,79]],[[62,0],[79,100]]]},
"G762": {"type": "Matrix2x2", "payoffs": [[[25,18],[35,48]],[[31,0],[0,30]]]},
"G763": {"type": "Matrix2x2", "payoffs": [[[71,47],[0,0]],[[92,95],[72,50]]]},
"G764": {"type": "Matrix2x2", "payoffs": [[[30,71],[0,11]],[[1,0],[10,26]]]},
"G765": {"type": "Matrix2x2", "payoffs": [[[16,44],[7,5]],[[11,30],[0,0]]]},
"G766": {"type": "Matrix2x2", "payoffs": [[[20,59],[0,0]],[[18,17],[15,7]]]},
"G767": {"type": "Matrix2x2", "payoffs": [[[18,11],[25,26]],[[0,24],[24,0]]]},
"G768": {"type": "Matrix2x2", "payoffs": [[[47,5],[0,0]],[[19,2],[69,10]]]},
"G769": {"type": "Matrix2x2", "payoffs": [[[3,0],[0,28]],[[14,24],[20,31]]]},
"G770": {"type": "Matrix2x2", "payoffs": [[[61,48],[28,0]],[[9,14],[0,7]]]},
"G771": {"type": "Matrix2x2", "payoffs": [[[56,46],[0,16]],[[60,48],[22,0]]]},
"G772": {"type": "Matrix2x2", "payoffs": [[[17,85],[11,49]],[[14,17],[0,0]]]},
"G773": {"type": "Matrix2x2", "payoffs": [[[57,23],[23,6]],[[99,25],[0,0]]]},
"G774": {"type": "Matrix2x2", "payoffs": [[[42,51],[0,0]],[[29,14],[17,11]]]},
"G775": {"type": "Matrix2x2", "payoffs": [[[46,24],[12,20]],[[0,0],[38,15]]]},
"G776": {"type": "Matrix2x2", "payoffs": [[[17,10],[1,0]],[[32,69],[0,17]]]},
"G777": {"type": "Matrix2x2", "payoffs": [[[47,14],[64,0]],[[0,28],[72,41]]]},
"G778": {"type": "Matrix2x2", "payoffs": [[[90,15],[91,19]],[[97,24],[0,0]]]},
"G779": {"type": "Matrix2x2", "payoffs": [[[0,0],[11,2]],[[20,5],[34,14]]]},
"G780": {"type": "Matrix2x2", "payoffs": [[[3,0],[4,67]],[[13,86],[0,78]]]},
"G781": {"type": "Matrix2x2", "payoffs": [[[58,41],[5,0]],[[94,67],[0,50]]]},
"G782": {"type": "Matrix2x2", "payoffs": [[[0,19],[12,28]],[[9,15],[3,0]]]},
"G783": {"type": "Matrix2x2", "payoffs": [[[9,7],[11,8]],[[5,0],[0,2]]]},
"G784": {"type": "Matrix2x2", "payoffs": [[[73,41],[69,30]],[[8,0],[0,18]]]},
"G785": {"type": "Matrix2x2", "payoffs": [[[69,0],[4,21]],[[85,63],[0,26]]]},
"G786": {"type": "Matrix2x2", "payoffs": [[[0,0],[37,34]],[[66,36],[28,2]]]},
"G787": {"type": "Matrix2x2", "payoffs": [[[0,29],[11,27]],[[36,61],[19,0]]]},
"G788": {"type": "Matrix2x2", "payoffs": [[[79,12],[33,0]],[[76,7],[0,9]]]},
"G789": {"type": "Matrix2x2", "payoffs": [[[59,0],[33,84]],[[0,51],[68,90]]]},
"G790": {"type": "Matrix2x2", "payoffs": [[[0,9],[48,0]],[[70,34],[22,15]]]},
"G791": {"type": "Matrix2x2", "payoffs": [[[60,17],[34,0]],[[0,1],[17,12]]]},
"G792": {"type": "Matrix2x2", "payoffs": [[[14,30],[6,0]],[[0,87],[21,95]]]},
"G793": {"type": "Matrix2x2", "payoffs": [[[53,65],[14,45]],[[0,0],[54,69]]]},
"G794": {"type": "Matrix2x2", "payoffs": [[[7,93],[0,0]],[[27,100],[8,92]]]},
"G795": {"type": "Matrix2x2", "payoffs": [[[23,52],[59,0]],[[0,47],[80,84]]]},
"G796": {"type": "Matrix2x2", "payoffs": [[[25,74],[0,27]],[[28,0],[68,91]]]},
"G797": {"type": "Matrix2x2", "payoffs": [[[30,5],[67,6]],[[40,0],[0,3]]]},
"G798": {"type": "Matrix2x2", "payoffs": [[[10,0],[0,8]],[[22,95],[17,62]]]},
"G799": {"type": "Matrix2x2", "payoffs": [[[0,6],[41,1]],[[33,0],[45,10]]]},
"G800": {"type": "Matrix2x2", "payoffs": [[[0,2],[21,0]],[[28,76],[3,51]]]},
"G801": {"type": "Matrix2x2", "payoffs": [[[0,8],[62,13]],[[35,0],[22,6]]]},
"G802": {"type": "Matrix2x2", "payoffs": [[[37,26],[47,68]],[[0,0],[27,37]]]},
"G803": {"type": "Matrix2x2", "payoffs": [[[0,11],[13,12]],[[1,2],[11,0]]]},
"G804": {"type": "Matrix2x2", "payoffs": [[[23,11],[18,0]],[[4,5],[0,8]]]},
"G805": {"type": "Matrix2x2", "payoffs": [[[0,0],[18,74]],[[16,18],[13,57]]]},
"G806": {"type": "Matrix2x2", "payoffs": [[[0,83],[4,25]],[[12,90],[7,0]]]},
"G807": {"type": "Matrix2x2", "payoffs": [[[28,24],[31,38]],[[0,0],[26,19]]]},
"G808": {"type": "Matrix2x2", "payoffs": [[[0,30],[51,55]],[[50,0],[20,49]]]},
"G809": {"type": "Matrix2x2", "payoffs": [[[50,88],[0,0]],[[49,36],[19,16]]]},
"G810": {"type": "Matrix2x2", "payoffs": [[[0,0],[36,43]],[[30,32],[31,19]]]},
"G811": {"type": "Matrix2x2", "payoffs": [[[0,0],[44,34]],[[49,71],[39,8]]]},
"G812": {"type": "Matrix2x2", "payoffs": [[[0,0],[24,14]],[[91,42],[19,34]]]},
"G813": {"type": "Matrix2x2", "payoffs": [[[16,0],[0,2]],[[19,78],[11,23]]]},
"G814": {"type": "Matrix2x2", "payoffs": [[[80,40],[55,23]],[[26,3],[0,0]]]},
"G815": {"type": "Matrix2x2", "payoffs": [[[0,2],[7,7]],[[15,0],[20,37]]]},
"G816": {"type": "Matrix2x2", "payoffs": [[[75,0],[0,17]],[[99,40],[18,2]]]},
"G817": {"type": "Matrix2x2", "payoffs": [[[79,67],[57,18]],[[0,0],[13,32]]]},
"G818": {"type": "Matrix2x2", "payoffs": [[[11,6],[88,12]],[[85,11],[0,0]]]},
"G819": {"type": "Matrix2x2", "payoffs": [[[1,0],[17,80]],[[14,79],[0,14]]]},
"G820": {"type": "Matrix2x2", "payoffs": [[[10,21],[0,16]],[[67,28],[64,0]]]},
"G821": {"type": "Matrix2x2", "payoffs": [[[6,73],[27,0]],[[0,59],[40,99]]]},
"G822": {"type": "Matrix2x2", "payoffs": [[[0,46],[13,0]],[[71,61],[25,22]]]},
"G823": {"type": "Matrix2x2", "payoffs": [[[3,18],[35,54]],[[0,47],[28,0]]]},
"G824": {"type": "Matrix2x2", "payoffs": [[[0,0],[79,71]],[[61,69],[29,50]]]},
"G825": {"type": "Matrix2x2", "payoffs": [[[25,24],[9,40]],[[65,67],[0,0]]]},
"G826": {"type": "Matrix2x2", "payoffs": [[[8,50],[0,0]],[[21,34],[23,76]]]},
"G827": {"type": "Matrix2x2", "payoffs": [[[21,0],[22,46]],[[0,24],[11,42]]]},
"G828": {"type": "Matrix2x2", "payoffs": [[[18,41],[0,0]],[[26,34],[39,45]]]},
"G829": {"type": "Matrix2x2", "payoffs": [[[11,45],[0,0]],[[72,73],[47,22]]]},
"G830": {"type": "Matrix2x2", "payoffs": [[[76,34],[0,10]],[[34,0],[80,61]]]},
"G831": {"type": "Matrix2x2", "payoffs": [[[17,21],[26,0]],[[0,19],[34,40]]]},
"G832": {"type": "Matrix2x2", "payoffs": [[[0,0],[31,7]],[[57,19],[52,12]]]},
"G833": {"type": "Matrix2x2", "payoffs": [[[0,8],[2,0]],[[3,14],[4,42]]]},
"G834": {"type": "Matrix2x2", "payoffs": [[[0,14],[26,22]],[[48,27],[6,0]]]},
"G835": {"type": "Matrix2x2", "payoffs": [[[0,0],[3,6]],[[7,7],[9,54]]]},
"G836": {"type": "Matrix2x2", "payoffs": [[[37,23],[0,7]],[[7,20],[26,0]]]},
"G837": {"type": "Matrix2x2", "payoffs": [[[3,3],[0,10]],[[10,0],[12,33]]]},
"G838": {"type": "Matrix2x2", "payoffs": [[[25,40],[92,0]],[[96,93],[0,33]]]},
"G839": {"type": "Matrix2x2", "payoffs": [[[22,2],[0,0]],[[10,40],[27,60]]]},
"G840": {"type": "Matrix2x2", "payoffs": [[[65,89],[0,0]],[[44,4],[9,37]]]},
"G841": {"type": "Matrix2x2", "payoffs": [[[22,13],[46,0]],[[54,66],[0,64]]]},
"G842": {"type": "Matrix2x2", "payoffs": [[[55,7],[15,0]],[[0,5],[81,32]]]},
"G843": {"type": "Matrix2x2", "payoffs": [[[56,48],[25,0]],[[19,39],[0,33]]]},
"G844": {"type": "Matrix2x2", "payoffs": [[[0,19],[40,45]],[[37,0],[61,70]]]},
"G845": {"type": "Matrix2x2", "payoffs": [[[1,0],[34,92]],[[0,45],[6,29]]]},
"G846": {"type": "Matrix2x2", "payoffs": [[[1,16],[0,28]],[[22,0],[25,62]]]},
"G847": {"type": "Matrix2x2", "payoffs": [[[46,36],[58,72]],[[26,52],[0,0]]]},
"G848": {"type": "Matrix2x2", "payoffs": [[[45,95],[27,0]],[[5,70],[0,82]]]},
"G849": {"type": "Matrix2x2", "payoffs": [[[0,0],[9,68]],[[2,17],[4,62]]]},
"G850": {"type": "Matrix2x2", "payoffs": [[[83,22],[51,0]],[[91,45],[0,24]]]},
"G851": {"type": "Matrix2x2", "payoffs": [[[17,44],[14,36]],[[0,15],[13,0]]]},
"G852": {"type": "Matrix2x2", "payoffs": [[[13,37],[6,4]],[[4,0],[0,11]]]},
"G853": {"type": "Matrix2x2", "payoffs": [[[4,8],[2,2]],[[0,0],[5,69]]]},
"G854": {"type": "Matrix2x2", "payoffs": [[[28,9],[0,8]],[[80,15],[17,0]]]},
"G855": {"type": "Matrix2x2", "payoffs": [[[71,13],[19,10]],[[0,0],[69,7]]]},
"G856": {"type": "Matrix2x2", "payoffs": [[[0,0],[1,81]],[[5,95],[2,30]]]},
"G857": {"type": "Matrix2x2", "payoffs": [[[16,14],[11,0]],[[0,1],[21,16]]]},
"G858": {"type": "Matrix2x2", "payoffs": [[[41,48],[3,0]],[[29,44],[0,11]]]},
"G859": {"type": "Matrix2x2", "payoffs": [[[25,8],[0,24]],[[29,27],[28,0]]]},
"G860": {"type": "Matrix2x2", "payoffs": [[[34,4],[0,27]],[[27,0],[47,66]]]},
"G861": {"type": "Matrix2x2", "payoffs": [[[26,78],[25,56]],[[7,64],[0,0]]]},
"G862": {"type": "Matrix2x2", "payoffs": [[[0,0],[12,19]],[[9,4],[8,17]]]},
"G863": {"type": "Matrix2x2", "payoffs": [[[7,82],[0,18]],[[6,27],[2,0]]]},
"G864": {"type": "Matrix2x2", "payoffs": [[[68,77],[53,0]],[[0,3],[15,59]]]},
"G865": {"type": "Matrix2x2", "payoffs": [[[2,11],[0,0]],[[10,12],[12,25]]]},
"G866": {"type": "Matrix2x2", "payoffs": [[[54,87],[53,37]],[[5,61],[0,0]]]},
"G867": {"type": "Matrix2x2", "payoffs": [[[24,35],[25,0]],[[0,36],[41,38]]]},
"G868": {"type": "Matrix2x2", "payoffs": [[[0,14],[55,15]],[[82,19],[72,0]]]},
"G869": {"type": "Matrix2x2", "payoffs": [[[9,0],[51,5]],[[39,1],[0,2]]]},
"G870": {"type": "Matrix2x2", "payoffs": [[[18,0],[10,8]],[[0,4],[49,14]]]},
"G871": {"type": "Matrix2x2", "payoffs": [[[2,24],[0,50]],[[1,0],[4,54]]]},
"G872": {"type": "Matrix2x2", "payoffs": [[[16,0],[80,34]],[[29,11],[0,4]]]},
"G873": {"type": "Matrix2x2", "payoffs": [[[84,57],[0,51]],[[85,58],[63,0]]]},
"G874": {"type": "Matrix2x2", "payoffs": [[[30,73],[29,37]],[[0,36],[8,0]]]},
"G875": {"type": "Matrix2x2", "payoffs": [[[39,88],[21,50]],[[29,86],[0,0]]]},
"G876": {"type": "Matrix2x2", "payoffs": [[[73,6],[0,0]],[[91,38],[48,2]]]},
"G877": {"type": "Matrix2x2", "payoffs": [[[6,20],[2,0]],[[0,16],[7,45]]]},
"G878": {"type": "Matrix2x2", "payoffs": [[[23,11],[0,12]],[[54,16],[30,0]]]},
"G879": {"type": "Matrix2x2", "payoffs": [[[17,0],[68,11]],[[77,36],[0,20]]]},
"G880": {"type": "Matrix2x2", "payoffs": [[[97,52],[3,0]],[[17,47],[0,1]]]},
"G881": {"type": "Matrix2x2", "payoffs": [[[64,0],[62,20]],[[0,23],[72,63]]]},
"G882": {"type": "Matrix2x2", "payoffs": [[[0,1],[24,3]],[[6,0],[26,4]]]},
"G883": {"type": "Matrix2x2", "payoffs": [[[13,36],[0,0]],[[12,22],[8,34]]]},
"G884": {"type": "Matrix2x2", "payoffs": [[[0,7],[8,28]],[[4,11],[7,0]]]},
"G885": {"type": "Matrix2x2", "payoffs": [[[7,44],[0,3]],[[1,42],[2,0]]]},
"G886": {"type": "Matrix2x2", "payoffs": [[[0,3],[44,0]],[[89,5],[45,1]]]},
"G887": {"type": "Matrix2x2", "payoffs": [[[0,25],[39,0]],[[46,78],[18,11]]]},
"G888": {"type": "Matrix2x2", "payoffs": [[[90,97],[0,55]],[[46,81],[69,0]]]},
"G889": {"type": "Matrix2x2", "payoffs": [[[0,51],[76,81]],[[54,0],[12,52]]]},
"G890": {"type": "Matrix2x2", "payoffs": [[[0,5],[83,99]],[[80,40],[37,0]]]},
"G891": {"type": "Matrix2x2", "payoffs": [[[76,50],[94,59]],[[60,3],[0,0]]]},
"G892": {"type": "Matrix2x2", "payoffs": [[[68,0],[15,19]],[[89,30],[0,25]]]},
"G893": {"type": "Matrix2x2", "payoffs": [[[90,97],[33,0]],[[0,52],[27,39]]]},
"G894": {"type": "Matrix2x2", "payoffs": [[[55,43],[48,6]],[[11,26],[0,0]]]},
"G895": {"type": "Matrix2x2", "payoffs": [[[32,15],[0,33]],[[16,0],[57,40]]]},
"G896": {"type": "Matrix2x2", "payoffs": [[[0,3],[36,0]],[[63,76],[21,7]]]},
"G897": {"type": "Matrix2x2", "payoffs": [[[5,0],[0,91]],[[95,94],[50,1]]]},
"G898": {"type": "Matrix2x2", "payoffs": [[[0,0],[28,13]],[[81,16],[22,10]]]},
"G899": {"type": "Matrix2x2", "payoffs": [[[6,0],[11,22]],[[5,9],[0,14]]]},
"G900": {"type": "Matrix2x2", "payoffs": [[[60,6],[70,67]],[[0,57],[52,0]]]},
"G901": {"type": "Matrix2x2", "payoffs": [[[0,0],[49,76]],[[41,43],[14,46]]]},
"G902": {"type": "Matrix2x2", "payoffs": [[[79,21],[59,15]],[[20,1],[0,0]]]},
"G903": {"type": "Matrix2x2", "payoffs": [[[46,22],[35,9]],[[0,7],[15,0]]]},
"G904": {"type": "Matrix2x2", "payoffs": [[[14,2],[0,0]],[[19,9],[24,11]]]},
"G905": {"type": "Matrix2x2", "payoffs": [[[14,43],[0,33]],[[5,37],[10,0]]]},
"G906": {"type": "Matrix2x2", "payoffs": [[[1,2],[23,0]],[[0,1],[26,4]]]},
"G907": {"type": "Matrix2x2", "payoffs": [[[14,79],[0,0]],[[1,62],[3,73]]]},
"G908": {"type": "Matrix2x2", "payoffs": [[[36,4],[0,6]],[[66,22],[24,0]]]},
"G909": {"type": "Matrix2x2", "payoffs": [[[33,0],[19,11]],[[0,6],[70,37]]]},
"G910": {"type": "Matrix2x2", "payoffs": [[[73,16],[0,5]],[[96,57],[82,0]]]},
"G911": {"type": "Matrix2x2", "payoffs": [[[28,34],[1,0]],[[8,17],[0,9]]]},
"G912": {"type": "Matrix2x2", "payoffs": [[[0,2],[15,17]],[[4,0],[14,14]]]},
"G913": {"type": "Matrix2x2", "payoffs": [[[41,27],[78,66]],[[32,0],[0,9]]]},
"G914": {"type": "Matrix2x2", "payoffs": [[[41,100],[0,0]],[[17,45],[32,74]]]},
"G915": {"type": "Matrix2x2", "payoffs": [[[56,78],[45,34]],[[36,0],[0,66]]]},
"G916": {"type": "Matrix2x2", "payoffs": [[[91,25],[0,3]],[[1,0],[38,7]]]},
"G917": {"type": "Matrix2x2", "payoffs": [[[39,91],[37,0]],[[6,50],[0,66]]]},
"G918": {"type": "Matrix2x2", "payoffs": [[[0,3],[4,17]],[[34,0],[42,75]]]},
"G919": {"type": "Matrix2x2", "payoffs": [[[0,15],[48,56]],[[16,53],[46,0]]]},
"G920": {"type": "Matrix2x2", "payoffs": [[[27,35],[57,39]],[[39,0],[0,3]]]},
"G921": {"type": "Matrix2x2", "payoffs": [[[70,0],[39,9]],[[82,92],[0,20]]]},
"G922": {"type": "Matrix2x2", "payoffs": [[[2,65],[0,0]],[[25,79],[52,93]]]},
"G923": {"type": "Matrix2x2", "payoffs": [[[27,20],[36,17]],[[43,29],[0,0]]]},
"G924": {"type": "Matrix2x2", "payoffs": [[[0,73],[11,0]],[[5,43],[14,96]]]},
"G925": {"type": "Matrix2x2", "payoffs": [[[86,50],[0,48]],[[5,0],[47,23]]]},
"G926": {"type": "Matrix2x2", "payoffs": [[[29,0],[0,41]],[[88,82],[6,47]]]},
"G927": {"type": "Matrix2x2", "payoffs": [[[33,7],[0,0]],[[13,4],[46,11]]]},
"G928": {"type": "Matrix2x2", "payoffs": [[[18,0],[83,100]],[[33,5],[0,14]]]},
"G929": {"type": "Matrix2x2", "payoffs": [[[28,26],[0,22]],[[5,0],[27,1]]]},
"G930": {"type": "Matrix2x2", "payoffs": [[[96,8],[99,24]],[[15,15],[0,0]]]},
"G931": {"type": "Matrix2x2", "payoffs": [[[0,0],[9,15]],[[16,25],[14,8]]]},
"G932": {"type": "Matrix2x2", "payoffs": [[[87,72],[0,0]],[[14,2],[21,21]]]},
"G933": {"type": "Matrix2x2", "payoffs": [[[54,61],[49,50]],[[64,78],[0,0]]]},
"G934": {"type": "Matrix2x2", "payoffs": [[[13,27],[0,0]],[[10,13],[5,24]]]},
"G935": {"type": "Matrix2x2", "payoffs": [[[86,32],[0,0]],[[68,25],[87,59]]]},
"G936": {"type": "Matrix2x2", "payoffs": [[[0,0],[20,5]],[[42,16],[84,77]]]},
"G937": {"type": "Matrix2x2", "payoffs": [[[0,0],[21,56]],[[24,89],[12,41]]]},
"G938": {"type": "Matrix2x2", "payoffs": [[[59,0],[0,14]],[[75,47],[57,19]]]},
"G939": {"type": "Matrix2x2", "payoffs": [[[0,0],[1,14]],[[2,63],[3,80]]]},
"G940": {"type": "Matrix2x2", "payoffs": [[[0,6],[32,0]],[[44,3],[99,10]]]},
"G941": {"type": "Matrix2x2", "payoffs": [[[0,3],[6,2]],[[49,0],[65,4]]]},
"G942": {"type": "Matrix2x2", "payoffs": [[[0,40],[6,23]],[[14,0],[19,71]]]},
"G943": {"type": "Matrix2x2", "payoffs": [[[1,18],[71,67]],[[37,32],[0,0]]]},
"G944": {"type": "Matrix2x2", "payoffs": [[[45,62],[0,20]],[[39,38],[29,0]]]},
"G945": {"type": "Matrix2x2", "payoffs": [[[75,58],[98,66]],[[29,12],[0,0]]]},
"G946": {"type": "Matrix2x2", "payoffs": [[[44,5],[49,59]],[[0,0],[34,36]]]},
"G947": {"type": "Matrix2x2", "payoffs": [[[88,88],[87,66]],[[0,0],[65,54]]]},
"G948": {"type": "Matrix2x2", "payoffs": [[[42,83],[26,67]],[[0,77],[28,0]]]},
"G949": {"type": "Matrix2x2", "payoffs": [[[1,64],[8,65]],[[2,17],[0,0]]]},
"G950": {"type": "Matrix2x2", "payoffs": [[[0,30],[84,32]],[[70,27],[49,0]]]},
"G951": {"type": "Matrix2x2", "payoffs": [[[87,64],[63,22]],[[0,43],[36,0]]]},
"G952": {"type": "Matrix2x2", "payoffs": [[[0,3],[44,18]],[[43,4],[15,0]]]},
"G953": {"type": "Matrix2x2", "payoffs": [[[29,3],[28,0]],[[0,2],[27,1]]]},
"G954": {"type": "Matrix2x2", "payoffs": [[[0,42],[66,82]],[[44,0],[4,50]]]},
"G955": {"type": "Matrix2x2", "payoffs": [[[9,0],[0,41]],[[10,46],[4,5]]]},
"G956": {"type": "Matrix2x2", "payoffs": [[[52,77],[46,34]],[[24,0],[0,36]]]},
"G957": {"type": "Matrix2x2", "payoffs": [[[0,47],[82,0]],[[25,65],[94,99]]]},
"G958": {"type": "Matrix2x2", "payoffs": [[[39,64],[0,52]],[[35,48],[1,0]]]},
"G959": {"type": "Matrix2x2", "payoffs": [[[75,9],[49,7]],[[0,0],[97,17]]]},
"G960": {"type": "Matrix2x2", "payoffs": [[[23,37],[9,14]],[[10,0],[0,29]]]},
"G961": {"type": "Matrix2x2", "payoffs": [[[78,58],[0,0]],[[40,48],[19,46]]]},
"G962": {"type": "Matrix2x2", "payoffs": [[[0,0],[57,18]],[[84,31],[87,68]]]},
"G963": {"type": "Matrix2x2", "payoffs": [[[34,7],[47,33]],[[11,19],[0,0]]]},
"G964": {"type": "Matrix2x2", "payoffs": [[[0,0],[6,8]],[[15,66],[14,65]]]},
"G965": {"type": "Matrix2x2", "payoffs": [[[53,0],[68,43]],[[90,48],[0,39]]]},
"G966": {"type": "Matrix2x2", "payoffs": [[[0,0],[33,16]],[[35,92],[37,96]]]},
"G967": {"type": "Matrix2x2", "payoffs": [[[0,0],[2,28]],[[17,41],[23,66]]]},
"G968": {"type": "Matrix2x2", "payoffs": [[[0,0],[90,92]],[[12,35],[36,66]]]},
"G969": {"type": "Matrix2x2", "payoffs": [[[2,32],[0,81]],[[8,0],[32,95]]]},
"G970": {"type": "Matrix2x2", "payoffs": [[[16,47],[7,29]],[[0,0],[3,26]]]},
"G971": {"type": "Matrix2x2", "payoffs": [[[0,0],[100,83]],[[42,50],[30,14]]]},
"G972": {"type": "Matrix2x2", "payoffs": [[[0,14],[66,32]],[[55,0],[39,10]]]},
"G973": {"type": "Matrix2x2", "payoffs": [[[10,44],[4,0]],[[12,65],[0,59]]]},
"G974": {"type": "Matrix2x2", "payoffs": [[[3,37],[20,0]],[[21,89],[0,71]]]},
"G975": {"type": "Matrix2x2", "payoffs": [[[0,36],[23,0]],[[41,53],[19,52]]]},
"G976": {"type": "Matrix2x2", "payoffs": [[[62,6],[0,35]],[[81,0],[83,54]]]},
"G977": {"type": "Matrix2x2", "payoffs": [[[55,20],[46,14]],[[31,0],[0,17]]]},
"G978": {"type": "Matrix2x2", "payoffs": [[[0,54],[48,35]],[[68,95],[13,0]]]},
"G979": {"type": "Matrix2x2", "payoffs": [[[46,84],[43,69]],[[36,74],[0,0]]]},
"G980": {"type": "Matrix2x2", "payoffs": [[[4,20],[1,23]],[[0,0],[5,25]]]},
"G981": {"type": "Matrix2x2", "payoffs": [[[70,7],[16,4]],[[0,0],[43,5]]]},
"G982": {"type": "Matrix2x2", "payoffs": [[[0,0],[14,7]],[[29,4],[55,42]]]},
"G983": {"type": "Matrix2x2", "payoffs": [[[38,41],[21,0]],[[0,40],[31,38]]]},
"G984": {"type": "Matrix2x2", "payoffs": [[[77,0],[4,18]],[[86,29],[0,10]]]},
"G985": {"type": "Matrix2x2", "payoffs": [[[97,61],[0,23]],[[36,0],[21,14]]]},
"G986": {"type": "Matrix2x2", "payoffs": [[[0,30],[39,0]],[[65,40],[45,36]]]},
"G987": {"type": "Matrix2x2", "payoffs": [[[0,8],[77,25]],[[22,0],[48,14]]]},
"G988": {"type": "Matrix2x2", "payoffs": [[[18,0],[13,23]],[[0,41],[27,42]]]},
"G989": {"type": "Matrix2x2", "payoffs": [[[0,0],[25,2]],[[71,9],[67,6]]]},
"G990": {"type": "Matrix2x2", "payoffs": [[[4,23],[8,30]],[[0,0],[5,5]]]},
"G991": {"type": "Matrix2x2", "payoffs": [[[20,75],[75,36]],[[95,95],[0,0]]]},
"G992": {"type": "Matrix2x2", "payoffs": [[[65,27],[0,31]],[[19,0],[98,32]]]},
"G993": {"type": "Matrix2x2", "payoffs": [[[16,0],[19,93]],[[0,89],[15,36]]]},
"G994": {"type": "Matrix2x2", "payoffs": [[[0,0],[12,30]],[[22,39],[24,58]]]},
"G995": {"type": "Matrix2x2", "payoffs": [[[0,31],[28,61]],[[17,0],[25,43]]]},
"G996": {"type": "Matrix2x2", "payoffs": [[[39,0],[84,54]],[[0,7],[79,25]]]},
"G997": {"type": "Matrix2x2", "payoffs": [[[0,0],[73,33]],[[68,13],[61,5]]]},
"G998": {"type": "Matrix2x2", "payoffs": [[[14,48],[11,15]],[[13,0],[0,16]]]},
"G999": {"type": "Matrix2x2", "payoffs": [[[71,75],[12,42]],[[63,0],[0,28]]]},
"G1000": {"type": "Matrix2x2", "payoffs": [[[0,0],[58,8]],[[81,46],[54,42]]]}
}