{
"numGames": 1000,
"G1": {"type": "Matrix2x2", "payoffs": [[[10,18],[0,47]],[[40,68],[5,0]]]},
"G2": {"type": "Matrix2x2", "payoffs": [[[17,16],[0,0]],[[41,34],[80,57]]]},
"G3": {"type": "Matrix2x2", "payoffs": [[[3,65],[0,0]],[[11,87],[2,66]]]},
"G4": {"type": "Matrix2x2", "payoffs": [[[0,7],[46,0]],[[65,10],[27,8]]]},
"G5": {"type": "Matrix2x2", "payoffs": [[[21,9],[4,3]],[[0,0],[3,7]]]},
"G6": {"type": "Matrix2x2", "payoffs": [[[0,12],[15,10]],[[42,14],[25,0]]]},
"G7": {"type": "Matrix2x2", "payoffs": [[[53,17],[13,0]],[[0,58],[58,75]]]},
"G8": {"type": "Matrix2x2", "payoffs": [[[11,41],[21,47]],[[7,0],[0,21]]]},
"G9": {"type": "Matrix2x2", "payoffs": [[[24,0],[33,99]],[[0,24],[2,91]]]},
"G10": {"type": "Matrix2x2", "payoffs": [[[51,86],[0,0]],[[4,75],[32,10]]]},
"G11": {"type": "Matrix2x2", "payoffs": [[[66,31],[28,24]],[[11,2],[0,0]]]},
"G12": {"type": "Matrix2x2", "payoffs": [[[0,0],[48,6]],[[45,3],[9,2]]]},
"G13": {"type": "Matrix2x2", "payoffs": [[[0,5],[17,0]],[[63,11],[29,6]]]},
"G14": {"type": "Matrix2x2", "payoffs": [[[36,0],[5,16]],[[0,56],[66,59]]]},
"G15": {"type": "Matrix2x2", "payoffs": [[[30,30],[8,21]],[[0,13],[26,0]]]},
"G16": {"type": "Matrix2x2", "payoffs": [[[21,0],[0,9]],[[47,4],[92,15]]]},
"G17": {"type": "Matrix2x2", "payoffs": [[[24,44],[0,21]],[[17,13],[7,0]]]},
"G18": {"type": "Matrix2x2", "payoffs": [[[0,7],[28,0]],[[68,27],[53,5]]]},
"G19": {"type": "Matrix2x2", "payoffs": [[[5,0],[19,86]],[[17,30],[0,10]]]},
"G20": {"type": "Matrix2x2", "payoffs": [[[24,0],[0,2]],[[25,7],[7,1]]]},
"G21": {"type": "Matrix2x2", "payoffs": [[[41,4],[57,1]],[[0,0],[73,5]]]},
"G22": {"type": "Matrix2x2", "payoffs": [[[18,6],[22,32]],[[10,0],[0,12]]]},
"G23": {"type": "Matrix2x2", "payoffs": [[[16,35],[0,0]],[[9,15],[10,27]]]},
"G24": {"type": "Matrix2x2", "payoffs": [[[62,0],[0,7]],[[84,30],[17,23]]]},
"G25": {"type": "Matrix2x2", "payoffs": [[[0,0],[36,36]],[[7,34],[25,26]]]},
"G26": {"type": "Matrix2x2", "payoffs": [[[49,10],[59,82]],[[13,59],[0,0]]]},
"G27": {"type": "Matrix2x2", "payoffs": [[[13,5],[2,45]],[[31,52],[0,0]]]},
"G28": {"type": "Matrix2x2", "payoffs": [[[57,34],[0,0]],[[51,1],[21,16]]]},
"G29": {"type": "Matrix2x2", "payoffs": [[[1,10],[30,0]],[[64,51],[0,48]]]},
"G30": {"type": "Matrix2x2", "payoffs": [[[0,13],[9,11]],[[3,0],[22,19]]]},
"G31": {"type": "Matrix2x2", "payoffs": [[[0,0],[58,36]],[[28,30],[53,9]]]},
"G32": {"type": "Matrix2x2", "payoffs": [[[79,74],[0,0]],[[84,86],[38,36]]]},
"G33": {"type": "Matrix2x2", "payoffs": [[[5,0],[17,71]],[[0,50],[36,75]]]},
"G34": {"type": "Matrix2x2", "payoffs": [[[19,91],[9,81]],[[11,0],[0,79]]]},
"G35": {"type": "Matrix2x2", "payoffs": [[[0,23],[5,0]],[[1,11],[13,42]]]},
"G36": {"type": "Matrix2x2", "payoffs": [[[14,0],[6,5]],[[0,3],[44,6]]]},
"G37": {"type": "Matrix2x2", "payoffs": [[[63,98],[44,0]],[[0,17],[57,33]]]},
"G38": {"type": "Matrix2x2", "payoffs": [[[54,50],[0,0]],[[82,66],[15,8]]]},
"G39": {"type": "Matrix2x2", "payoffs": [[[64,38],[9,0]],[[84,59],[0,20]]]},
"G40": {"type": "Matrix2x2", "payoffs": [[[28,2],[0,14]],[[38,38],[27,0]]]},
"G41": {"type": "Matrix2x2", "payoffs": [[[97,63],[1,0]],[[47,24],[0,31]]]},
"G42": {"type": "Matrix2x2", "payoffs": [[[76,3],[71,34]],[[0,0],[98,41]]]},
"G43": {"type": "Matrix2x2", "payoffs": [[[11,0],[62,100]],[[16,57],[0,41]]]},
"G44": {"type": "Matrix2x2", "payoffs": [[[0,58],[41,10]],[[47,62],[23,0]]]},
"G45": {"type": "Matrix2x2", "payoffs": [[[3,12],[47,11]],[[0,0],[65,18]]]},
"G46": {"type": "Matrix2x2", "payoffs": [[[39,19],[43,31]],[[0,16],[13,0]]]},
"G47": {"type": "Matrix2x2", "payoffs": [[[24,81],[6,74]],[[0,29],[3,0]]]},
"G48": {"type": "Matrix2x2", "payoffs": [[[54,0],[37,13]],[[0,58],[56,95]]]},
"G49": {"type": "Matrix2x2", "payoffs": [[[47,2],[0,27]],[[70,29],[43,0]]]},
"G50": {"type": "Matrix2x2", "payoffs": [[[0,51],[70,54]],[[42,0],[41,34]]]},
"G51": {"type": "Matrix2x2", "payoffs": [[[48,29],[61,0]],[[0,64],[73,97]]]},
"G52": {"type": "Matrix2x2", "payoffs": [[[68,7],[30,0]],[[0,2],[92,9]]]},
"G53": {"type": "Matrix2x2", "payoffs": [[[57,86],[3,24]],[[10,0],[0,25]]]},
"G54": {"type": "Matrix2x2", "payoffs": [[[81,66],[6,55]],[[55,0],[0,5]]]},
"G55": {"type": "Matrix2x2", "payoffs": [[[0,0],[21,60]],[[3,2],[13,31]]]},
"G56": {"type": "Matrix2x2", "payoffs": [[[35,39],[31,13]],[[0,0],[24,19]]]},
"G57": {"type": "Matrix2x2", "payoffs": [[[0,38],[4,0]],[[25,95],[11,77]]]},
"G58": {"type": "Matrix2x2", "payoffs": [[[0,0],[17,33]],[[2,8],[1,19]]]},
"G59": {"type": "Matrix2x2", "payoffs": [[[0,15],[5,0]],[[27,33],[23,16]]]},
"G60": {"type": "Matrix2x2", "payoffs": [[[24,79],[9,56]],[[0,0],[22,9]]]},
"G61": {"type": "Matrix2x2", "payoffs": [[[0,25],[35,27]],[[10,0],[15,8]]]},
"G62": {"type": "Matrix2x2", "payoffs": [[[0,75],[17,22]],[[34,0],[86,87]]]},
"G63": {"type": "Matrix2x2", "payoffs": [[[9,1],[0,14]],[[5,0],[18,41]]]},
"G64": {"type": "Matrix2x2", "payoffs": [[[8,77],[0,59]],[[9,88],[6,0]]]},
"G65": {"type": "Matrix2x2", "payoffs": [[[0,8],[90,10]],[[13,0],[50,3]]]},
"G66": {"type": "Matrix2x2", "payoffs": [[[26,16],[63,18]],[[0,0],[59,11]]]},
"G67": {"type": "Matrix2x2", "payoffs": [[[85,85],[0,59]],[[14,53],[70,0]]]},
"G68": {"type": "Matrix2x2", "payoffs": [[[47,51],[0,34]],[[17,0],[70,78]]]},
"G69": {"type": "Matrix2x2", "payoffs": [[[0,40],[11,47]],[[4,22],[2,0]]]},
"G70": {"type": "Matrix2x2", "payoffs": [[[10,24],[6,20]],[[74,63],[0,0]]]},
"G71": {"type": "Matrix2x2", "payoffs": [[[0,7],[8,45]],[[6,0],[3,3]]]},
"G72": {"type": "Matrix2x2", "payoffs": [[[6,15],[0,6]],[[45,0],[47,35]]]},
"G73": {"type": "Matrix2x2", "payoffs": [[[2,63],[22,0]],[[28,66],[0,37]]]},
"G74": {"type": "Matrix2x2", "payoffs": [[[37,43],[28,16]],[[8,0],[0,25]]]},
"G75": {"type": "Matrix2x2", "payoffs": [[[0,0],[49,64]],[[3,45],[40,15]]]},
"G76": {"type": "Matrix2x2", "payoffs": [[[30,32],[15,26]],[[0,0],[19,24]]]},
"G77": {"type": "Matrix2x2", "payoffs": [[[83,65],[33,0]],[[0,28],[11,46]]]},
"G78": {"type": "Matrix2x2", "payoffs": [[[0,1],[7,51]],[[3,0],[2,34]]]},
"G79": {"type": "Matrix2x2", "payoffs": [[[0,6],[83,3]],[[81,0],[84,9]]]},
"G80": {"type": "Matrix2x2", "payoffs": [[[60,69],[2,11]],[[0,24],[41,0]]]},
"G81": {"type": "Matrix2x2", "payoffs": [[[0,33],[2,0]],[[3,29],[11,98]]]},
"G82": {"type": "Matrix2x2", "payoffs": [[[51,10],[18,14]],[[0,0],[62,46]]]},
"G83": {"type": "Matrix2x2", "payoffs": [[[89,21],[53,13]],[[72,0],[0,12]]]},
"G84": {"type": "Matrix2x2", "payoffs": [[[59,0],[0,3]],[[80,28],[7,25]]]},
"G85": {"type": "Matrix2x2", "payoffs": [[[0,0],[32,1]],[[4,8],[62,9]]]},
"G86": {"type": "Matrix2x2", "payoffs": [[[0,0],[38,44]],[[14,27],[19,32]]]},
"G87": {"type": "Matrix2x2", "payoffs": [[[81,15],[98,52]],[[0,0],[67,32]]]},
"G88": {"type": "Matrix2x2", "payoffs": [[[19,20],[93,45]],[[0,13],[54,0]]]},
"G89": {"type": "Matrix2x2", "payoffs": [[[11,43],[0,30]],[[1,0],[9,1]]]},
"G90": {"type": "Matrix2x2", "payoffs": [[[20,3],[43,40]],[[0,0],[22,27]]]},
"G91": {"type": "Matrix2x2", "payoffs": [[[16,5],[19,22]],[[0,9],[15,0]]]},
"G92": {"type": "Matrix2x2", "payoffs": [[[4,37],[0,23]],[[2,0],[3,24]]]},
"G93": {"type": "Matrix2x2", "payoffs": [[[45,17],[89,2]],[[0,0],[98,71]]]},
"G94": {"type": "Matrix2x2", "payoffs": [[[54,10],[33,8]],[[0,3],[2,0]]]},
"G95": {"type": "Matrix2x2", "payoffs": [[[2,0],[0,38]],[[5,52],[84,63]]]},
"G96": {"type": "Matrix2x2", "payoffs": [[[0,62],[83,84]],[[13,20],[68,0]]]},
"G97": {"type": "Matrix2x2", "payoffs": [[[3,5],[6,9]],[[7,16],[0,0]]]},
"G98": {"type": "Matrix2x2", "payoffs": [[[4,31],[28,58]],[[0,20],[16,0]]]},
"G99": {"type": "Matrix2x2", "payoffs": [[[22,23],[11,0]],[[12,7],[0,22]]]},
"G100": {"type": "Matrix2x2", "payoffs": [[[5,80],[0,0]],[[33,100],[24,65]]]},
"G101": {"type": "Matrix2x2", "payoffs": [[[11,0],[8,1]],[[0,40],[67,65]]]},
"G102": {"type": "Matrix2x2", "payoffs": [[[16,80],[0,62]],[[1,0],[2,6]]]},
"G103": {"type": "Matrix2x2", "payoffs": [[[4,17],[3,0]],[[0,72],[7,77]]]},
"G104": {"type": "Matrix2x2", "payoffs": [[[48,74],[0,0]],[[17,54],[36,20]]]},
"G105": {"type": "Matrix2x2", "payoffs": [[[12,0],[25,56]],[[5,22],[0,46]]]},
"G106": {"type": "Matrix2x2", "payoffs": [[[45,0],[98,76]],[[0,57],[87,20]]]},
"G107": {"type": "Matrix2x2", "payoffs": [[[59,17],[86,38]],[[66,8],[0,0]]]},
"G108": {"type": "Matrix2x2", "payoffs": [[[27,0],[0,10]],[[69,26],[32,14]]]},
"G109": {"type": "Matrix2x2", "payoffs": [[[0,7],[9,0]],[[10,1],[39,76]]]},
"G110": {"type": "Matrix2x2", "payoffs": [[[0,0],[99,16]],[[71,10],[7,6]]]},
"G111": {"type": "Matrix2x2", "payoffs": [[[41,0],[2,17]],[[50,18],[0,8]]]},
"G112": {"type": "Matrix2x2", "payoffs": [[[24,100],[23,77]],[[0,0],[15,93]]]},
"G113": {"type": "Matrix2x2", "payoffs": [[[0,0],[22,12]],[[14,9],[10,6]]]},
"G114": {"type": "Matrix2x2", "payoffs": [[[14,35],[19,0]],[[0,32],[78,36]]]},
"G115": {"type": "Matrix2x2", "payoffs": [[[0,0],[81,15]],[[67,8],[90,90]]]},
"G116": {"type": "Matrix2x2", "payoffs": [[[8,38],[0,0]],[[17,72],[21,74]]]},
"G117": {"type": "Matrix2x2", "payoffs": [[[74,6],[24,2]],[[30,5],[0,0]]]},
"G118": {"type": "Matrix2x2", "payoffs": [[[73,71],[0,15]],[[63,34],[56,0]]]},
"G119": {"type": "Matrix2x2", "payoffs": [[[22,68],[2,0]],[[0,13],[1,36]]]},
"G120": {"type": "Matrix2x2", "payoffs": [[[6,47],[8,78]],[[7,35],[0,0]]]},
"G121": {"type": "Matrix2x2", "payoffs": [[[46,52],[10,0]],[[14,2],[0,28]]]},
"G122": {"type": "Matrix2x2", "payoffs": [[[65,75],[21,0]],[[2,47],[0,35]]]},
"G123": {"type": "Matrix2x2", "payoffs": [[[0,9],[6,0]],[[16,55],[5,42]]]},
"G124": {"type": "Matrix2x2", "payoffs": [[[50,3],[0,1]],[[41,2],[8,0]]]},
"G125": {"type": "Matrix2x2", "payoffs": [[[63,46],[44,0]],[[0,2],[12,10]]]},
"G126": {"type": "Matrix2x2", "payoffs": [[[3,77],[5,1]],[[6,83],[0,0]]]},
"G127": {"type": "Matrix2x2", "payoffs": [[[12,1],[20,13]],[[0,0],[7,7]]]},
"G128": {"type": "Matrix2x2", "payoffs": [[[0,0],[16,19]],[[13,1],[6,13]]]},
"G129": {"type": "Matrix2x2", "payoffs": [[[12,42],[5,38]],[[6,7],[0,0]]]},
"G130": {"type": "Matrix2x2", "payoffs": [[[0,3],[7,13]],[[21,0],[23,48]]]},
"G131": {"type": "Matrix2x2", "payoffs": [[[21,80],[3,0]],[[15,47],[0,12]]]},
"G132": {"type": "Matrix2x2", "payoffs": [[[72,42],[55,0]],[[0,11],[25,13]]]},
"G133": {"type": "Matrix2x2", "payoffs": [[[21,3],[35,48]],[[0,0],[42,70]]]},
"G134": {"type": "Matrix2x2", "payoffs": [[[12,0],[63,45]],[[80,88],[0,87]]]},
"G135": {"type": "Matrix2x2", "payoffs": [[[5,35],[0,28]],[[12,36],[11,0]]]},
"G136": {"type": "Matrix2x2", "payoffs": [[[41,41],[0,38]],[[25,22],[29,0]]]},
"G137": {"type": "Matrix2x2", "payoffs": [[[74,0],[86,72]],[[0,8],[54,63]]]},
"G138": {"type": "Matrix2x2", "payoffs": [[[2,57],[0,64]],[[8,0],[29,100]]]},
"G139": {"type": "Matrix2x2", "payoffs": [[[0,0],[81,28]],[[2,20],[40,25]]]},
"G140": {"type": "Matrix2x2", "payoffs": [[[54,11],[90,60]],[[0,27],[24,0]]]},
"G141": {"type": "Matrix2x2", "payoffs": [[[89,3],[32,2]],[[88,0],[0,1]]]},
"G142": {"type": "Matrix2x2", "payoffs": [[[9,11],[11,0]],[[0,20],[22,23]]]},
"G143": {"type": "Matrix2x2", "payoffs": [[[24,0],[41,11]],[[0,5],[25,6]]]},
"G144": {"type": "Matrix2x2", "payoffs": [[[13,0],[37,41]],[[36,19],[0,36]]]},
"G145": {"type": "Matrix2x2", "payoffs": [[[13,76],[0,0]],[[4,35],[8,5]]]},
"G146": {"type": "Matrix2x2", "payoffs": [[[94,86],[0,0]],[[23,70],[22,6]]]},
"G147": {"type": "Matrix2x2", "payoffs": [[[0,48],[20,34]],[[23,87],[21,0]]]},
"G148": {"type": "Matrix2x2", "payoffs": [[[0,6],[17,54]],[[10,28],[7,0]]]},
"G149": {"type": "Matrix2x2", "payoffs": [[[24,0],[35,93]],[[40,96],[0,10]]]},
"G150": {"type": "Matrix2x2", "payoffs": [[[14,33],[19,66]],[[8,0],[0,28]]]},
"G151": {"type": "Matrix2x2", "payoffs": [[[53,97],[0,64]],[[44,5],[34,0]]]},
"G152": {"type": "Matrix2x2", "payoffs": [[[23,51],[73,91]],[[13,10],[0,0]]]},
"G153": {"type": "Matrix2x2", "payoffs": [[[0,0],[57,83]],[[38,48],[36,16]]]},
"G154": {"type": "Matrix2x2", "payoffs": [[[0,22],[46,0]],[[96,44],[71,42]]]},
"G155": {"type": "Matrix2x2", "payoffs": [[[20,81],[11,0]],[[0,65],[4,72]]]},
"G156": {"type": "Matrix2x2", "payoffs": [[[56,8],[91,14]],[[66,11],[0,0]]]},
"G157": {"type": "Matrix2x2", "payoffs": [[[23,0],[55,35]],[[0,5],[25,27]]]},
"G158": {"type": "Matrix2x2", "payoffs": [[[9,0],[21,11]],[[0,23],[27,27]]]},
"G159": {"type": "Matrix2x2", "payoffs": [[[0,0],[90,19]],[[47,6],[89,4]]]},
"G160": {"type": "Matrix2x2", "payoffs": [[[33,3],[0,0]],[[12,1],[6,2]]]},
"G161": {"type": "Matrix2x2", "payoffs": [[[28,80],[0,11]],[[7,72],[4,0]]]},
"G162": {"type": "Matrix2x2", "payoffs": [[[13,4],[0,0]],[[38,5],[70,7]]]},
"G163": {"type": "Matrix2x2", "payoffs": [[[6,0],[16,17]],[[0,18],[31,29]]]},
"G164": {"type": "Matrix2x2", "payoffs": [[[0,2],[60,42]],[[48,21],[34,0]]]},
"G165": {"type": "Matrix2x2", "payoffs": [[[18,7],[11,0]],[[0,53],[46,54]]]},
"G166": {"type": "Matrix2x2", "payoffs": [[[31,37],[23,0]],[[16,16],[0,32]]]},
"G167": {"type": "Matrix2x2", "payoffs": [[[2,0],[3,58]],[[1,57],[0,38]]]},
"G168": {"type": "Matrix2x2", "payoffs": [[[0,59],[83,69]],[[73,34],[41,0]]]},
"G169": {"type": "Matrix2x2", "payoffs": [[[0,0],[34,59]],[[28,24],[27,26]]]},
"G170": {"type": "Matrix2x2", "payoffs": [[[9,100],[4,78]],[[5,86],[0,0]]]},
"G171": {"type": "Matrix2x2", "payoffs": [[[29,0],[8,61]],[[43,74],[0,32]]]},
"G172": {"type": "Matrix2x2", "payoffs": [[[54,29],[0,42]],[[64,46],[26,0]]]},
"G173": {"type": "Matrix2x2", "payoffs": [[[0,74],[73,0]],[[92,94],[32,44]]]},
"G174": {"type": "Matrix2x2", "payoffs": [[[1,0],[0,54]],[[11,12],[17,69]]]},
"G175": {"type": "Matrix2x2", "payoffs": [[[0,1],[24,95]],[[23,75],[8,0]]]},
"G176": {"type": "Matrix2x2", "payoffs": [[[20,0],[94,84]],[[39,12],[0,15]]]},
"G177": {"type": "Matrix2x2", "payoffs": [[[28,19],[13,14]],[[52,66],[0,0]]]},
"G178": {"type": "Matrix2x2", "payoffs": [[[11,0],[0,20]],[[3,24],[12,45]]]},
"G179": {"type": "Matrix2x2", "payoffs": [[[15,1],[28,21]],[[9,0],[0,18]]]},
"G180": {"type": "Matrix2x2", "payoffs": [[[7,92],[38,99]],[[35,0],[0,35]]]},
"G181": {"type": "Matrix2x2", "payoffs": [[[27,0],[0,56]],[[16,27],[88,85]]]},
"G182": {"type": "Matrix2x2", "payoffs": [[[0,0],[20,46]],[[9,18],[19,34]]]},
"G183": {"type": "Matrix2x2", "payoffs": [[[31,13],[23,3]],[[0,0],[11,5]]]},
"G184": {"type": "Matrix2x2", "payoffs": [[[45,85],[0,36]],[[15,0],[26,4]]]},
"G185": {"type": "Matrix2x2", "payoffs": [[[30,7],[0,0]],[[52,14],[23,9]]]},
"G186": {"type": "Matrix2x2", "payoffs": [[[0,63],[28,14]],[[35,87],[27,0]]]},
"G187": {"type": "Matrix2x2", "payoffs": [[[0,41],[27,0]],[[17,14],[34,54]]]},
"G188": {"type": "Matrix2x2", "payoffs": [[[0,0],[56,36]],[[34,30],[88,78]]]},
"G189": {"type": "Matrix2x2", "payoffs": [[[0,0],[19,4]],[[25,24],[21,6]]]},
"G190": {"type": "Matrix2x2", "payoffs": [[[0,9],[93,56]],[[77,37],[68,0]]]},
"G191": {"type": "Matrix2x2", "payoffs": [[[9,9],[10,0]],[[0,16],[11,22]]]},
"G192": {"type": "Matrix2x2", "payoffs": [[[0,29],[33,37]],[[37,40],[17,0]]]},
"G193": {"type": "Matrix2x2", "payoffs": [[[70,69],[0,48]],[[46,55],[66,0]]]},
"G194": {"type": "Matrix2x2", "payoffs": [[[10,0],[0,4]],[[2,43],[14,73]]]},
"G195": {"type": "Matrix2x2", "payoffs": [[[6,8],[7,0]],[[11,70],[0,30]]]},
"G196": {"type": "Matrix2x2", "payoffs": [[[84,6],[50,3]],[[0,4],[78,0]]]},
"G197": {"type": "Matrix2x2", "payoffs": [[[0,57],[1,78]],[[11,0],[24,98]]]},
"G198": {"type": "Matrix2x2", "payoffs": [[[19,2],[98,22]],[[67,0],[0,11]]]},
"G199": {"type": "Matrix2x2", "payoffs": [[[6,35],[0,86]],[[22,87],[17,0]]]},
"G200": {"type": "Matrix2x2", "payoffs": [[[2,17],[32,41]],[[0,0],[12,13]]]},
"G201": {"type": "Matrix2x2", "payoffs": [[[0,28],[15,23]],[[44,0],[60,48]]]},
"G202": {"type": "Matrix2x2", "payoffs": [[[29,18],[16,11]],[[0,4],[28,0]]]},
"G203": {"type": "Matrix2x2", "payoffs": [[[6,3],[0,37]],[[9,53],[7,0]]]},
"G204": {"type": "Matrix2x2", "payoffs": [[[0,0],[44,11]],[[48,17],[11,6]]]},
"G205": {"type": "Matrix2x2", "payoffs": [[[0,0],[24,18]],[[9,5],[5,9]]]},
"G206": {"type": "Matrix2x2", "payoffs": [[[0,20],[16,22]],[[9,11],[14,0]]]},
"G207": {"type": "Matrix2x2", "payoffs": [[[0,0],[4,55]],[[11,90],[9,53]]]},
"G208": {"type": "Matrix2x2", "payoffs": [[[69,60],[9,0]],[[61,16],[0,45]]]},
"G209": {"type": "Matrix2x2", "payoffs": [[[64,79],[0,56]],[[27,28],[44,0]]]},
"G210": {"type": "Matrix2x2", "payoffs": [[[0,15],[6,18]],[[1,16],[3,0]]]},
"G211": {"type": "Matrix2x2", "payoffs": [[[0,0],[19,17]],[[24,86],[23,3]]]},
"G212": {"type": "Matrix2x2", "payoffs": [[[30,41],[40,61]],[[0,48],[33,0]]]},
"G213": {"type": "Matrix2x2", "payoffs": [[[0,37],[39,76]],[[2,53],[23,0]]]},
"G214": {"type": "Matrix2x2", "payoffs": [[[95,100],[3,45]],[[78,0],[0,35]]]},
"G215": {"type": "Matrix2x2", "payoffs": [[[8,21],[11,44]],[[0,0],[7,14]]]},
"G216": {"type": "Matrix2x2", "payoffs": [[[62,0],[71,11]],[[20,9],[0,7]]]},
"G217": {"type": "Matrix2x2", "payoffs": [[[4,3],[0,38]],[[5,0],[7,41]]]},
"G218": {"type": "Matrix2x2", "payoffs": [[[9,18],[0,0]],[[2,5],[49,32]]]},
"G219": {"type": "Matrix2x2", "payoffs": [[[0,32],[10,16]],[[59,0],[76,45]]]},
"G220": {"type": "Matrix2x2", "payoffs": [[[49,22],[5,9]],[[0,0],[40,11]]]},
"G221": {"type": "Matrix2x2", "payoffs": [[[7,11],[66,33]],[[0,0],[46,29]]]},
"G222": {"type": "Matrix2x2", "payoffs": [[[7,1],[0,2]],[[99,6],[27,0]]]},
"G223": {"type": "Matrix2x2", "payoffs": [[[17,69],[22,78]],[[13,0],[0,10]]]},
"G224": {"type": "Matrix2x2", "payoffs": [[[0,0],[78,11]],[[79,14],[32,13]]]},
"G225": {"type": "Matrix2x2", "payoffs": [[[42,41],[19,5]],[[36,3],[0,0]]]},
"G226": {"type": "Matrix2x2", "payoffs": [[[0,42],[70,98]],[[15,48],[58,0]]]},
"G227": {"type": "Matrix2x2", "payoffs": [[[0,0],[33,40]],[[91,95],[5,32]]]},
"G228": {"type": "Matrix2x2", "payoffs": [[[26,96],[25,22]],[[17,87],[0,0]]]},
"G229": {"type": "Matrix2x2", "payoffs": [[[29,100],[14,81]],[[0,32],[15,0]]]},
"G230": {"type": "Matrix2x2", "payoffs": [[[6,27],[2,18]],[[0,0],[8,76]]]},
"G231": {"type": "Matrix2x2", "payoffs": [[[0,4],[22,30]],[[47,0],[86,36]]]},
"G232": {"type": "Matrix2x2", "payoffs": [[[5,90],[4,23]],[[1,83],[0,0]]]},
"G233": {"type": "Matrix2x2", "payoffs": [[[34,41],[0,0]],[[14,21],[71,52]]]},
"G234": {"type": "Matrix2x2", "payoffs": [[[25,24],[0,1]],[[1,0],[29,79]]]},
"G235": {"type": "Matrix2x2", "payoffs": [[[86,11],[67,4]],[[78,5],[0,0]]]},
"G236": {"type": "Matrix2x2", "payoffs": [[[96,68],[0,25]],[[85,39],[31,0]]]},
"G237": {"type": "Matrix2x2", "payoffs": [[[44,30],[5,0]],[[18,20],[0,14]]]},
"G238": {"type": "Matrix2x2", "payoffs": [[[0,0],[61,38]],[[55,3],[13,8]]]},
"G239": {"type": "Matrix2x2", "payoffs": [[[46,46],[29,0]],[[16,11],[0,7]]]},
"G240": {"type": "Matrix2x2", "payoffs": [[[95,41],[19,0]],[[88,19],[0,4]]]},
"G241": {"type": "Matrix2x2", "payoffs": [[[9,9],[25,46]],[[0,32],[8,0]]]},
"G242": {"type": "Matrix2x2", "payoffs": [[[41,1],[48,0]],[[0,3],[87,10]]]},
"G243": {"type": "Matrix2x2", "payoffs": [[[73,28],[9,22]],[[0,0],[34,9]]]},
"G244": {"type": "Matrix2x2", "payoffs": [[[61,54],[17,4]],[[0,0],[25,23]]]},
"G245": {"type": "Matrix2x2", "payoffs": [[[0,0],[66,59]],[[27,39],[58,25]]]},
"G246": {"type": "Matrix2x2", "payoffs": [[[0,0],[22,65]],[[17,30],[19,14]]]},
"G247": {"type": "Matrix2x2", "payoffs": [[[0,0],[20,5]],[[15,4],[44,14]]]},
"G248": {"type": "Matrix2x2", "payoffs": [[[0,0],[14,53]],[[26,35],[59,56]]]},
"G249": {"type": "Matrix2x2", "payoffs": [[[0,0],[15,59]],[[51,44],[95,79]]]},
"G250": {"type": "Matrix2x2", "payoffs": [[[76,77],[0,89]],[[19,0],[82,97]]]},
"G251": {"type": "Matrix2x2", "payoffs": [[[2,0],[14,34]],[[37,88],[0,28]]]},
"G252": {"type": "Matrix2x2", "payoffs": [[[75,70],[56,24]],[[0,0],[43,44]]]},
"G253": {"type": "Matrix2x2", "payoffs": [[[15,0],[0,24]],[[58,1],[60,27]]]},
"G254": {"type": "Matrix2x2", "payoffs": [[[9,0],[0,6]],[[24,54],[23,50]]]},
"G255": {"type": "Matrix2x2", "payoffs": [[[23,6],[39,18]],[[40,91],[0,0]]]},
"G256": {"type": "Matrix2x2", "payoffs": [[[86,34],[21,6]],[[75,0],[0,22]]]},
"G257": {"type": "Matrix2x2", "payoffs": [[[69,100],[54,84]],[[0,72],[4,0]]]},
"G258": {"type": "Matrix2x2", "payoffs": [[[0,0],[84,25]],[[46,17],[56,11]]]},
"G259": {"type": "Matrix2x2", "payoffs": [[[0,22],[1,12]],[[24,73],[20,0]]]},
"G260": {"type": "Matrix2x2", "payoffs": [[[0,15],[6,2]],[[13,0],[15,24]]]},
"G261": {"type": "Matrix2x2", "payoffs": [[[75,70],[23,17]],[[0,0],[3,11]]]},
"G262": {"type": "Matrix2x2", "payoffs": [[[40,57],[21,0]],[[7,34],[0,53]]]},
"G263": {"type": "Matrix2x2", "payoffs": [[[11,42],[0,39]],[[16,0],[24,61]]]},
"G264": {"type": "Matrix2x2", "payoffs": [[[0,1],[10,0]],[[25,2],[45,3]]]},
"G265": {"type": "Matrix2x2", "payoffs": [[[8,96],[0,67]],[[2,0],[4,91]]]},
"G266": {"type": "Matrix2x2", "payoffs": [[[13,61],[0,20]],[[11,33],[9,0]]]},
"G267": {"type": "Matrix2x2", "payoffs": [[[0,19],[62,70]],[[55,67],[37,0]]]},
"G268": {"type": "Matrix2x2", "payoffs": [[[10,52],[1,27]],[[0,40],[2,0]]]},
"G269": {"type": "Matrix2x2", "payoffs": [[[48,7],[56,11]],[[50,5],[0,0]]]},
"G270": {"type": "Matrix2x2", "payoffs": [[[66,94],[50,80]],[[0,90],[22,0]]]},
"G271": {"type": "Matrix2x2", "payoffs": [[[57,0],[0,7]],[[79,3],[85,13]]]},
"G272": {"type": "Matrix2x2", "payoffs": [[[54,70],[79,0]],[[83,91],[0,41]]]},
"G273": {"type": "Matrix2x2", "payoffs": [[[49,2],[0,0]],[[87,33],[42,28]]]},
"G274": {"type": "Matrix2x2", "payoffs": [[[22,0],[0,88]],[[11,23],[76,91]]]},
"G275": {"type": "Matrix2x2", "payoffs": [[[0,7],[8,27]],[[10,0],[39,28]]]},
"G276": {"type": "Matrix2x2", "payoffs": [[[0,0],[52,34]],[[37,29],[29,19]]]},
"G277": {"type": "Matrix2x2", "payoffs": [[[0,0],[9,77]],[[8,76],[10,79]]]},
"G278": {"type": "Matrix2x2", "payoffs": [[[13,0],[21,4]],[[5,3],[0,1]]]},
"G279": {"type": "Matrix2x2", "payoffs": [[[0,0],[7,62]],[[4,20],[1,8]]]},
"G280": {"type": "Matrix2x2", "payoffs": [[[37,3],[41,24]],[[0,14],[34,0]]]},
"G281": {"type": "Matrix2x2", "payoffs": [[[26,69],[18,0]],[[0,12],[16,7]]]},
"G282": {"type": "Matrix2x2", "payoffs": [[[0,39],[1,0]],[[3,4],[50,85]]]},
"G283": {"type": "Matrix2x2", "payoffs": [[[3,10],[0,0]],[[64,18],[42,9]]]},
"G284": {"type": "Matrix2x2", "payoffs": [[[3,0],[0,28]],[[26,12],[28,42]]]},
"G285": {"type": "Matrix2x2", "payoffs": [[[0,8],[2,0]],[[3,56],[5,76]]]},
"G286": {"type": "Matrix2x2", "payoffs": [[[0,0],[81,97]],[[53,77],[63,41]]]},
"G287": {"type": "Matrix2x2", "payoffs": [[[46,92],[29,19]],[[0,25],[35,0]]]},
"G288": {"type": "Matrix2x2", "payoffs": [[[25,91],[4,76]],[[13,57],[0,0]]]},
"G289": {"type": "Matrix2x2", "payoffs": [[[62,42],[9,15]],[[16,0],[0,13]]]},
"G290": {"type": "Matrix2x2", "payoffs": [[[13,71],[15,89]],[[0,65],[11,0]]]},
"G291": {"type": "Matrix2x2", "payoffs": [[[14,63],[7,0]],[[0,45],[19,74]]]},
"G292": {"type": "Matrix2x2", "payoffs": [[[0,38],[76,92]],[[71,0],[21,23]]]},
"G293": {"type": "Matrix2x2", "payoffs": [[[63,76],[0,0]],[[35,74],[71,80]]]},
"G294": {"type": "Matrix2x2", "payoffs": [[[92,34],[13,29]],[[0,0],[48,8]]]},
"G295": {"type": "Matrix2x2", "payoffs": [[[25,37],[49,57]],[[20,11],[0,0]]]},
"G296": {"type": "Matrix2x2", "payoffs": [[[0,0],[57,21]],[[7,7],[31,11]]]},
"G297": {"type": "Matrix2x2", "payoffs": [[[5,0],[0,19]],[[3,22],[7,24]]]},
"G298": {"type": "Matrix2x2", "payoffs": [[[78,66],[0,16]],[[21,0],[24,7]]]},
"G299": {"type": "Matrix2x2", "payoffs": [[[0,0],[7,49]],[[5,25],[3,28]]]},
"G300": {"type": "Matrix2x2", "payoffs": [[[3,0],[4,88]],[[2,50],[0,34]]]},
"G301": {"type": "Matrix2x2", "payoffs": [[[100,87],[14,0]],[[46,65],[0,19]]]},
"G302": {"type": "Matrix2x2", "payoffs": [[[15,68],[3,0]],[[0,52],[12,62]]]},
"G303": {"type": "Matrix2x2", "payoffs": [[[0,7],[16,0]],[[21,2],[25,14]]]},
"G304": {"type": "Matrix2x2", "payoffs": [[[0,0],[47,2]],[[94,40],[62,23]]]},
"G305": {"type": "Matrix2x2", "payoffs": [[[0,89],[88,94]],[[75,0],[49,21]]]},
"G306": {"type": "Matrix2x2", "payoffs": [[[59,0],[69,9]],[[82,31],[0,18]]]},
"G307": {"type": "Matrix2x2", "payoffs": [[[27,29],[39,59]],[[32,48],[0,0]]]},
"G308": {"type": "Matrix2x2", "payoffs": [[[26,8],[12,0]],[[18,1],[0,6]]]},
"G309": {"type": "Matrix2x2", "payoffs": [[[57,4],[93,5]],[[0,0],[4,2]]]},
"G310": {"type": "Matrix2x2", "payoffs": [[[0,0],[26,32]],[[56,34],[63,58]]]},
"G311": {"type": "Matrix2x2", "payoffs": [[[72,47],[0,0]],[[39,19],[44,3]]]},
"G312": {"type": "Matrix2x2", "payoffs": [[[33,86],[21,75]],[[8,0],[0,57]]]},
"G313": {"type": "Matrix2x2", "payoffs": [[[27,3],[0,23]],[[63,0],[94,39]]]},
"G314": {"type": "Matrix2x2", "payoffs": [[[22,14],[0,8]],[[3,0],[18,1]]]},
"G315": {"type": "Matrix2x2", "payoffs": [[[4,36],[7,0]],[[25,60],[0,20]]]},
"G316": {"type": "Matrix2x2", "payoffs": [[[0,0],[36,16]],[[28,11],[79,50]]]},
"G317": {"type": "Matrix2x2", "payoffs": [[[7,0],[0,44]],[[1,63],[29,78]]]},
"G318": {"type": "Matrix2x2", "payoffs": [[[90,81],[54,0]],[[44,32],[0,22]]]},
"G319": {"type": "Matrix2x2", "payoffs": [[[6,30],[36,60]],[[49,76],[0,0]]]},
"G320": {"type": "Matrix2x2", "payoffs": [[[0,24],[27,0]],[[49,33],[53,40]]]},
"G321": {"type": "Matrix2x2", "payoffs": [[[13,46],[20,0]],[[0,51],[74,79]]]},
"G322": {"type": "Matrix2x2", "payoffs": [[[25,53],[61,83]],[[0,0],[34,48]]]},
"G323": {"type": "Matrix2x2", "payoffs": [[[0,0],[28,89]],[[5,66],[18,64]]]},
"G324": {"type": "Matrix2x2", "payoffs": [[[62,15],[10,6]],[[0,0],[74,18]]]},
"G325": {"type": "Matrix2x2", "payoffs": [[[3,25],[6,0]],[[0,65],[12,79]]]},
"G326": {"type": "Matrix2x2", "payoffs": [[[39,20],[0,25]],[[61,32],[19,0]]]},
"G327": {"type": "Matrix2x2", "payoffs": [[[100,81],[33,0]],[[0,32],[91,63]]]},
"G328": {"type": "Matrix2x2", "payoffs": [[[15,38],[18,45]],[[0,18],[10,0]]]},
"G329": {"type": "Matrix2x2", "payoffs": [[[32,25],[47,36]],[[0,9],[17,0]]]},
"G330": {"type": "Matrix2x2", "payoffs": [[[99,100],[0,76]],[[48,15],[85,0]]]},
"G331": {"type": "Matrix2x2", "payoffs": [[[2,0],[7,8]],[[0,9],[35,11]]]},
"G332": {"type": "Matrix2x2", "payoffs": [[[96,57],[62,24]],[[86,0],[0,35]]]},
"G333": {"type": "Matrix2x2", "payoffs": [[[0,60],[26,0]],[[98,86],[72,12]]]},
"G334": {"type": "Matrix2x2", "payoffs": [[[0,0],[76,56]],[[91,62],[5,21]]]},
"G335": {"type": "Matrix2x2", "payoffs": [[[95,29],[0,1]],[[9,0],[74,22]]]},
"G336": {"type": "Matrix2x2", "payoffs": [[[11,21],[37,63]],[[0,0],[32,38]]]},
"G337": {"type": "Matrix2x2", "payoffs": [[[5,39],[2,28]],[[4,0],[0,10]]]},
"G338": {"type": "Matrix2x2", "payoffs": [[[0,19],[5,0]],[[8,96],[6,34]]]},
"G339": {"type": "Matrix2x2", "payoffs": [[[0,46],[82,100]],[[75,0],[55,85]]]},
"G340": {"type": "Matrix2x2", "payoffs": [[[0,1],[10,0]],[[29,3],[5,2]]]},
"G341": {"type": "Matrix2x2", "payoffs": [[[27,23],[3,0]],[[0,15],[20,17]]]},
"G342": {"type": "Matrix2x2", "payoffs": [[[0,54],[74,56]],[[11,31],[16,0]]]},
"G343": {"type": "Matrix2x2", "payoffs": [[[21,99],[20,0]],[[0,86],[5,79]]]},
"G344": {"type": "Matrix2x2", "payoffs": [[[0,74],[23,79]],[[43,87],[5,0]]]},
"G345": {"type": "Matrix2x2", "payoffs": [[[22,77],[17,72]],[[3,0],[0,59]]]},
"G346": {"type": "Matrix2x2", "payoffs": [[[16,0],[0,31]],[[3,21],[25,52]]]},
"G347": {"type": "Matrix2x2", "payoffs": [[[16,0],[25,62]],[[42,63],[0,40]]]},
"G348": {"type": "Matrix2x2", "payoffs": [[[2,1],[0,0]],[[51,29],[28,2]]]},
"G349": {"type": "Matrix2x2", "payoffs": [[[12,36],[76,41]],[[21,0],[0,26]]]},
"G350": {"type": "Matrix2x2", "payoffs": [[[26,64],[15,39]],[[24,0],[0,33]]]},
"G351": {"type": "Matrix2x2", "payoffs": [[[87,82],[78,77]],[[0,0],[76,81]]]},
"G352": {"type": "Matrix2x2", "payoffs": [[[31,62],[6,28]],[[0,0],[5,36]]]},
"G353": {"type": "Matrix2x2", "payoffs": [[[48,50],[1,21]],[[73,52],[0,0]]]},
"G354": {"type": "Matrix2x2", "payoffs": [[[26,39],[52,41]],[[2,0],[0,18]]]},
"G355": {"type": "Matrix2x2", "payoffs": [[[9,13],[0,28]],[[4,0],[13,33]]]},
"G356": {"type": "Matrix2x2", "payoffs": [[[14,2],[0,1]],[[66,6],[24,0]]]},
"G357": {"type": "Matrix2x2", "payoffs": [[[0,0],[37,62]],[[41,68],[51,96]]]},
"G358": {"type": "Matrix2x2", "payoffs": [[[76,41],[5,35]],[[0,36],[70,0]]]},
"G359": {"type": "Matrix2x2", "payoffs": [[[7,61],[31,6]],[[74,83],[0,0]]]},
"G360": {"type": "Matrix2x2", "payoffs": [[[5,86],[4,0]],[[6,100],[0,95]]]},
"G361": {"type": "Matrix2x2", "payoffs": [[[29,25],[11,45]],[[0,0],[74,57]]]},
"G362": {"type": "Matrix2x2", "payoffs": [[[0,1],[31,6]],[[34,0],[44,9]]]},
"G363": {"type": "Matrix2x2", "payoffs": [[[0,21],[29,1]],[[46,0],[87,24]]]},
"G364": {"type": "Matrix2x2", "payoffs": [[[7,0],[8,46]],[[0,11],[2,39]]]},
"G365": {"type": "Matrix2x2", "payoffs": [[[30,80],[16,0]],[[65,96],[0,79]]]},
"G366": {"type": "Matrix2x2", "payoffs": [[[37,0],[0,68]],[[83,75],[45,41]]]},
"G367": {"type": "Matrix2x2", "payoffs": [[[41,0],[0,3]],[[42,2],[44,4]]]},
"G368": {"type": "Matrix2x2", "payoffs": [[[40,0],[51,97]],[[0,84],[28,38]]]},
"G369": {"type": "Matrix2x2", "payoffs": [[[58,30],[0,0]],[[42,18],[23,2]]]},
"G370": {"type": "Matrix2x2", "payoffs": [[[0,56],[54,60]],[[8,0],[33,25]]]},
"G371": {"type": "Matrix2x2", "payoffs": [[[22,28],[1,51]],[[24,62],[0,0]]]},
"G372": {"type": "Matrix2x2", "payoffs": [[[40,38],[0,18]],[[3,20],[39,0]]]},
"G373": {"type": "Matrix2x2", "payoffs": [[[0,48],[29,94]],[[7,0],[3,38]]]},
"G374": {"type": "Matrix2x2", "payoffs": [[[30,59],[0,0]],[[34,94],[26,40]]]},
"G375": {"type": "Matrix2x2", "payoffs": [[[37,0],[0,21]],[[42,29],[18,14]]]},
"G376": {"type": "Matrix2x2", "payoffs": [[[14,71],[18,0]],[[0,8],[22,86]]]},
"G377": {"type": "Matrix2x2", "payoffs": [[[18,83],[0,0]],[[3,41],[14,11]]]},
"G378": {"type": "Matrix2x2", "payoffs": [[[94,90],[0,34]],[[39,75],[33,0]]]},
"G379": {"type": "Matrix2x2", "payoffs": [[[46,0],[80,42]],[[50,40],[0,12]]]},
"G380": {"type": "Matrix2x2", "payoffs": [[[7,8],[10,7]],[[30,10],[0,0]]]},
"G381": {"type": "Matrix2x2", "payoffs": [[[42,20],[57,47]],[[0,0],[28,27]]]},
"G382": {"type": "Matrix2x2", "payoffs": [[[0,0],[62,18]],[[75,20],[1,17]]]},
"G383": {"type": "Matrix2x2", "payoffs": [[[39,28],[0,0]],[[28,6],[17,23]]]},
"G384": {"type": "Matrix2x2", "payoffs": [[[23,0],[0,20]],[[31,17],[49,24]]]},
"G385": {"type": "Matrix2x2", "payoffs": [[[52,93],[0,0]],[[15,47],[42,37]]]},
"G386": {"type": "Matrix2x2", "payoffs": [[[96,52],[21,19]],[[56,0],[0,8]]]},
"G387": {"type": "Matrix2x2", "payoffs": [[[19,16],[20,78]],[[15,0],[0,67]]]},
"G388": {"type": "Matrix2x2", "payoffs": [[[86,47],[3,0]],[[0,43],[23,6]]]},
"G389": {"type": "Matrix2x2", "payoffs": [[[93,89],[0,0]],[[11,71],[90,55]]]},
"G390": {"type": "Matrix2x2", "payoffs": [[[2,45],[50,0]],[[0,48],[79,91]]]},
"G391": {"type": "Matrix2x2", "payoffs": [[[0,0],[10,1]],[[18,7],[93,9]]]},
"G392": {"type": "Matrix2x2", "payoffs": [[[0,35],[7,0]],[[10,34],[18,48]]]},
"G393": {"type": "Matrix2x2", "payoffs": [[[53,54],[9,19]],[[11,0],[0,45]]]},
"G394": {"type": "Matrix2x2", "payoffs": [[[0,11],[9,0]],[[12,34],[4,33]]]},
"G395": {"type": "Matrix2x2", "payoffs": [[[39,26],[0,0]],[[24,1],[45,27]]]},
"G396": {"type": "Matrix2x2", "payoffs": [[[1,7],[0,0]],[[11,72],[6,42]]]},
"G397": {"type": "Matrix2x2", "payoffs": [[[45,73],[1,18]],[[0,37],[42,0]]]},
"G398": {"type": "Matrix2x2", "payoffs": [[[41,54],[36,41]],[[10,0],[0,46]]]},
"G399": {"type": "Matrix2x2", "payoffs": [[[8,1],[74,0]],[[0,3],[76,4]]]},
"G400": {"type": "Matrix2x2", "payoffs": [[[4,80],[2,5]],[[0,0],[1,76]]]},
"G401": {"type": "Matrix2x2", "payoffs": [[[62,47],[0,11]],[[47,0],[5,43]]]},
"G402": {"type": "Matrix2x2", "payoffs": [[[70,48],[0,13]],[[72,49],[2,0]]]},
"G403": {"type": "Matrix2x2", "payoffs": [[[3,1],[0,33]],[[40,58],[12,0]]]},
"G404": {"type": "Matrix2x2", "payoffs": [[[8,31],[14,51]],[[0,21],[13,0]]]},
"G405": {"type": "Matrix2x2", "payoffs": [[[0,0],[9,1]],[[55,7],[16,6]]]},
"G406": {"type": "Matrix2x2", "payoffs": [[[0,3],[15,2]],[[1,0],[49,16]]]},
"G407": {"type": "Matrix2x2", "payoffs": [[[6,6],[1,0]],[[8,85],[0,45]]]},
"G408": {"type": "Matrix2x2", "payoffs": [[[31,56],[19,0]],[[14,7],[0,13]]]},
"G409": {"type": "Matrix2x2", "payoffs": [[[19,20],[83,0]],[[90,58],[0,45]]]},
"G410": {"type": "Matrix2x2", "payoffs": [[[85,79],[27,13]],[[0,32],[50,0]]]},
"G411": {"type": "Matrix2x2", "payoffs": [[[9,85],[0,0]],[[5,46],[3,61]]]},
"G412": {"type": "Matrix2x2", "payoffs": [[[0,9],[48,16]],[[26,10],[2,0]]]},
"G413": {"type": "Matrix2x2", "payoffs": [[[93,0],[95,9]],[[61,3],[0,6]]]},
"G414": {"type": "Matrix2x2", "payoffs": [[[18,0],[0,19]],[[38,6],[73,25]]]},
"G415": {"type": "Matrix2x2", "payoffs": [[[3,0],[71,33]],[[0,26],[19,10]]]},
"G416": {"type": "Matrix2x2", "payoffs": [[[96,18],[0,9]],[[87,0],[92,3]]]},
"G417": {"type": "Matrix2x2", "payoffs": [[[90,27],[0,0]],[[15,17],[40,4]]]},
"G418": {"type": "Matrix2x2", "payoffs": [[[95,55],[94,25]],[[90,31],[0,0]]]},
"G419": {"type": "Matrix2x2", "payoffs": [[[10,6],[0,2]],[[15,10],[5,0]]]},
"G420": {"type": "Matrix2x2", "payoffs": [[[80,34],[7,0]],[[31,21],[0,16]]]},
"G421": {"type": "Matrix2x2", "payoffs": [[[38,37],[0,0]],[[34,70],[45,91]]]},
"G422": {"type": "Matrix2x2", "payoffs": [[[40,60],[8,17]],[[0,0],[10,25]]]},
"G423": {"type": "Matrix2x2", "payoffs": [[[3,47],[0,20]],[[2,0],[1,9]]]},
"G424": {"type": "Matrix2x2", "payoffs": [[[26,10],[0,0]],[[55,40],[6,28]]]},
"G425": {"type": "Matrix2x2", "payoffs": [[[4,49],[2,6]],[[55,59],[0,0]]]},
"G426": {"type": "Matrix2x2", "payoffs": [[[41,7],[47,4]],[[68,8],[0,0]]]},
"G427": {"type": "Matrix2x2", "payoffs": [[[0,0],[7,79]],[[46,80],[4,55]]]},
"G428": {"type": "Matrix2x2", "payoffs": [[[4,90],[0,23]],[[2,55],[1,0]]]},
"G429": {"type": "Matrix2x2", "payoffs": [[[70,50],[0,0]],[[62,37],[17,42]]]},
"G430": {"type": "Matrix2x2", "payoffs": [[[94,69],[56,35]],[[53,13],[0,0]]]},
"G431": {"type": "Matrix2x2", "payoffs": [[[61,16],[23,0]],[[73,56],[0,9]]]},
"G432": {"type": "Matrix2x2", "payoffs": [[[62,34],[79,90]],[[0,0],[23,15]]]},
"G433": {"type": "Matrix2x2", "payoffs": [[[10,0],[0,26]],[[13,80],[6,51]]]},
"G434": {"type": "Matrix2x2", "payoffs": [[[99,89],[0,0]],[[96,76],[62,25]]]},
"G435": {"type": "Matrix2x2", "payoffs": [[[34,94],[0,0]],[[4,37],[16,78]]]},
"G436": {"type": "Matrix2x2", "payoffs": [[[82,86],[77,0]],[[5,53],[0,45]]]},
"G437": {"type": "Matrix2x2", "payoffs": [[[8,20],[0,10]],[[3,6],[6,0]]]},
"G438": {"type": "Matrix2x2", "payoffs": [[[7,39],[16,60]],[[0,0],[36,94]]]},
"G439": {"type": "Matrix2x2", "payoffs": [[[50,50],[16,0]],[[0,47],[1,26]]]},
"G440": {"type": "Matrix2x2", "payoffs": [[[15,70],[3,42]],[[0,21],[9,0]]]},
"G441": {"type": "Matrix2x2", "payoffs": [[[76,0],[78,40]],[[90,52],[0,14]]]},
"G442": {"type": "Matrix2x2", "payoffs": [[[74,13],[35,6]],[[32,0],[0,12]]]},
"G443": {"type": "Matrix2x2", "payoffs": [[[6,11],[5,12]],[[0,0],[9,32]]]},
"G444": {"type": "Matrix2x2", "payoffs": [[[0,16],[44,0]],[[71,45],[95,51]]]},
"G445": {"type": "Matrix2x2", "payoffs": [[[0,9],[50,16]],[[53,18],[45,0]]]},
"G446": {"type": "Matrix2x2", "payoffs": [[[0,0],[54,18]],[[80,49],[6,14]]]},
"G447": {"type": "Matrix2x2", "payoffs": [[[40,10],[7,0]],[[0,5],[17,2]]]},
"G448": {"type": "Matrix2x2", "payoffs": [[[12,8],[53,37]],[[0,18],[14,0]]]},
"G449": {"type": "Matrix2x2", "payoffs": [[[0,33],[39,45]],[[51,0],[63,63]]]},
"G450": {"type": "Matrix2x2", "payoffs": [[[16,24],[34,0]],[[0,9],[42,32]]]},
"G451": {"type": "Matrix2x2", "payoffs": [[[14,0],[0,1]],[[7,2],[15,5]]]},
"G452": {"type": "Matrix2x2", "payoffs": [[[60,0],[0,35]],[[69,79],[33,36]]]},
"G453": {"type": "Matrix2x2", "payoffs": [[[34,80],[26,63]],[[24,0],[0,54]]]},
"G454": {"type": "Matrix2x2", "payoffs": [[[26,12],[0,44]],[[55,85],[48,0]]]},
"G455": {"type": "Matrix2x2", "payoffs": [[[55,10],[33,6]],[[38,0],[0,4]]]},
"G456": {"type": "Matrix2x2", "payoffs": [[[2,12],[4,0]],[[20,41],[0,10]]]},
"G457": {"type": "Matrix2x2", "payoffs": [[[35,0],[0,23]],[[7,34],[83,43]]]},
"G458": {"type": "Matrix2x2", "payoffs": [[[0,51],[73,0]],[[20,8],[83,59]]]},
"G459": {"type": "Matrix2x2", "payoffs": [[[0,0],[23,54]],[[15,43],[14,36]]]},
"G460": {"type": "Matrix2x2", "payoffs": [[[0,17],[37,38]],[[33,8],[18,0]]]},
"G461": {"type": "Matrix2x2", "payoffs": [[[93,67],[0,2]],[[10,7],[34,0]]]},
"G462": {"type": "Matrix2x2", "payoffs": [[[0,0],[30,4]],[[12,39],[41,65]]]},
"G463": {"type": "Matrix2x2", "payoffs": [[[1,0],[0,4]],[[100,30],[36,2]]]},
"G464": {"type": "Matrix2x2", "payoffs": [[[20,0],[0,35]],[[27,59],[30,70]]]},
"G465": {"type": "Matrix2x2", "payoffs": [[[0,75],[15,0]],[[44,96],[30,30]]]},
"G466": {"type": "Matrix2x2", "payoffs": [[[14,84],[7,15]],[[10,3],[0,0]]]},
"G467": {"type": "Matrix2x2", "payoffs": [[[29,53],[0,28]],[[7,0],[22,49]]]},
"G468": {"type": "Matrix2x2", "payoffs": [[[50,55],[45,0]],[[0,34],[20,46]]]},
"G469": {"type": "Matrix2x2", "payoffs": [[[8,46],[0,8]],[[2,0],[7,12]]]},
"G470": {"type": "Matrix2x2", "payoffs": [[[20,0],[3,9]],[[0,12],[41,13]]]},
"G471": {"type": "Matrix2x2", "payoffs": [[[6,29],[0,0]],[[80,51],[11,48]]]},
"G472": {"type": "Matrix2x2", "payoffs": [[[83,47],[0,0]],[[100,64],[41,21]]]},
"G473": {"type": "Matrix2x2", "payoffs": [[[23,6],[55,78]],[[47,0],[0,15]]]},
"G474": {"type": "Matrix2x2", "payoffs": [[[0,0],[36,11]],[[55,44],[15,32]]]},
"G475": {"type": "Matrix2x2", "payoffs": [[[20,10],[32,0]],[[46,58],[0,9]]]},
"G476": {"type": "Matrix2x2", "payoffs": [[[0,3],[22,4]],[[29,5],[5,0]]]},
"G477": {"type": "Matrix2x2", "payoffs": [[[12,17],[0,0]],[[86,48],[13,46]]]},
"G478": {"type": "Matrix2x2", "payoffs": [[[46,48],[85,72]],[[0,0],[21,66]]]},
"G479": {"type": "Matrix2x2", "payoffs": [[[25,0],[0,13]],[[22,8],[50,18]]]},
"G480": {"type": "Matrix2x2", "payoffs": [[[41,0],[0,8]],[[1,10],[75,93]]]},
"G481": {"type": "Matrix2x2", "payoffs": [[[0,7],[3,1]],[[30,0],[61,18]]]},
"G482": {"type": "Matrix2x2", "payoffs": [[[7,14],[1,8]],[[2,9],[0,0]]]},
"G483": {"type": "Matrix2x2", "payoffs": [[[0,22],[18,6]],[[19,0],[29,55]]]},
"G484": {"type": "Matrix2x2", "payoffs": [[[41,0],[0,7]],[[28,6],[53,10]]]},
"G485": {"type": "Matrix2x2", "payoffs": [[[67,55],[55,0]],[[47,19],[0,15]]]},
"G486": {"type": "Matrix2x2", "payoffs": [[[0,14],[2,45]],[[1,0],[3,47]]]},
"G487": {"type": "Matrix2x2", "payoffs": [[[97,79],[78,7]],[[80,38],[0,0]]]},
"G488": {"type": "Matrix2x2", "payoffs": [[[95,100],[91,65]],[[73,52],[0,0]]]},
"G489": {"type": "Matrix2x2", "payoffs": [[[18,82],[7,0]],[[19,92],[0,73]]]},
"G490": {"type": "Matrix2x2", "payoffs": [[[36,94],[0,55]],[[24,85],[34,0]]]},
"G491": {"type": "Matrix2x2", "payoffs": [[[3,60],[0,55]],[[27,65],[26,0]]]},
"G492": {"type": "Matrix2x2", "payoffs": [[[36,14],[2,3]],[[0,0],[61,37]]]},
"G493": {"type": "Matrix2x2", "payoffs": [[[0,0],[1,8]],[[10,30],[8,23]]]},
"G494": {"type": "Matrix2x2", "payoffs": [[[37,23],[0,0]],[[95,85],[62,36]]]},
"G495": {"type": "Matrix2x2", "payoffs": [[[0,0],[3,39]],[[4,55],[1,21]]]},
"G496": {"type": "Matrix2x2", "payoffs": [[[0,13],[58,66]],[[28,0],[37,32]]]},
"G497": {"type": "Matrix2x2", "payoffs": [[[13,34],[58,0]],[[0,15],[59,51]]]},
"G498": {"type": "Matrix2x2", "payoffs": [[[16,4],[5,5]],[[40,12],[0,0]]]},
"G499": {"type": "Matrix2x2", "payoffs": [[[72,0],[60,43]],[[0,59],[90,69]]]},
"G500": {"type": "Matrix2x2", "payoffs": [[[0,0],[14,24]],[[21,33],[12,28]]]},
"G501": {"type": "Matrix2x2", "payoffs": [[[7,0],[44,64]],[[0,56],[70,74]]]},
"G502": {"type": "Matrix2x2", "payoffs": [[[0,8],[24,2]],[[30,9],[16,0]]]},
"G503": {"type": "Matrix2x2", "payoffs": [[[25,43],[21,0]],[[0,25],[2,22]]]},
"G504": {"type": "Matrix2x2", "payoffs": [[[11,19],[29,52]],[[0,18],[17,0]]]},
"G505": {"type": "Matrix2x2", "payoffs": [[[0,0],[29,21]],[[82,100],[58,76]]]},
"G506": {"type": "Matrix2x2", "payoffs": [[[49,7],[53,24]],[[0,0],[10,3]]]},
"G507": {"type": "Matrix2x2", "payoffs": [[[2,16],[8,32]],[[5,0],[0,12]]]},
"G508": {"type": "Matrix2x2", "payoffs": [[[0,11],[2,0]],[[83,34],[51,18]]]},
"G509": {"type": "Matrix2x2", "payoffs": [[[72,40],[34,16]],[[0,11],[26,0]]]},
"G510": {"type": "Matrix2x2", "payoffs": [[[7,39],[6,52]],[[0,0],[9,77]]]},
"G511": {"type": "Matrix2x2", "payoffs": [[[0,42],[50,52]],[[23,0],[18,41]]]},
"G512": {"type": "Matrix2x2", "payoffs": [[[0,22],[93,26]],[[29,0],[92,4]]]},
"G513": {"type": "Matrix2x2", "payoffs": [[[5,0],[34,53]],[[0,16],[25,42]]]},
"G514": {"type": "Matrix2x2", "payoffs": [[[17,38],[5,0]],[[9,10],[0,14]]]},
"G515": {"type": "Matrix2x2", "payoffs": [[[9,16],[1,15]],[[5,10],[0,0]]]},
"G516": {"type": "Matrix2x2", "payoffs": [[[0,23],[52,35]],[[22,22],[26,0]]]},
"G517": {"type": "Matrix2x2", "payoffs": [[[97,85],[79,66]],[[0,0],[80,44]]]},
"G518": {"type": "Matrix2x2", "payoffs": [[[31,50],[24,4]],[[0,42],[1,0]]]},
"G519": {"type": "Matrix2x2", "payoffs": [[[0,3],[54,6]],[[70,10],[65,0]]]},
"G520": {"type": "Matrix2x2", "payoffs": [[[68,0],[0,78]],[[40,20],[86,85]]]},
"G521": {"type": "Matrix2x2", "payoffs": [[[15,21],[89,62]],[[0,0],[57,58]]]},
"G522": {"type": "Matrix2x2", "payoffs": [[[87,32],[0,19]],[[1,0],[98,65]]]},
"G523": {"type": "Matrix2x2", "payoffs": [[[38,8],[73,20]],[[70,0],[0,19]]]},
"G524": {"type": "Matrix2x2", "payoffs": [[[22,18],[1,16]],[[12,14],[0,0]]]},
"G525": {"type": "Matrix2x2", "payoffs": [[[4,66],[24,69]],[[23,32],[0,0]]]},
"G526": {"type": "Matrix2x2", "payoffs": [[[0,5],[82,73]],[[31,71],[33,0]]]},
"G527": {"type": "Matrix2x2", "payoffs": [[[0,0],[47,32]],[[43,31],[13,1]]]},
"G528": {"type": "Matrix2x2", "payoffs": [[[13,16],[14,0]],[[0,25],[35,46]]]},
"G529": {"type": "Matrix2x2", "payoffs": [[[51,6],[0,3]],[[41,1],[44,0]]]},
"G530": {"type": "Matrix2x2", "payoffs": [[[7,24],[1,0]],[[2,9],[0,8]]]},
"G531": {"type": "Matrix2x2", "payoffs": [[[84,37],[97,48]],[[56,30],[0,0]]]},
"G532": {"type": "Matrix2x2", "payoffs": [[[7,2],[10,0]],[[25,6],[0,4]]]},
"G533": {"type": "Matrix2x2", "payoffs": [[[29,0],[0,32]],[[45,17],[63,62]]]},
"G534": {"type": "Matrix2x2", "payoffs": [[[0,32],[20,8]],[[38,37],[34,0]]]},
"G535": {"type": "Matrix2x2", "payoffs": [[[0,8],[8,0]],[[78,42],[15,38]]]},
"G536": {"type": "Matrix2x2", "payoffs": [[[20,68],[0,0]],[[65,88],[42,43]]]},
"G537": {"type": "Matrix2x2", "payoffs": [[[0,0],[34,3]],[[4,6],[50,8]]]},
"G538": {"type": "Matrix2x2", "payoffs": [[[69,49],[31,34]],[[0,0],[81,62]]]},
"G539": {"type": "Matrix2x2", "payoffs": [[[12,32],[0,0]],[[9,28],[6,30]]]},
"G540": {"type": "Matrix2x2", "payoffs": [[[20,75],[0,43]],[[5,56],[17,0]]]},
"G541": {"type": "Matrix2x2", "payoffs": [[[4,43],[1,4]],[[0,0],[9,46]]]},
"G542": {"type": "Matrix2x2", "payoffs": [[[2,0],[0,1]],[[6,9],[10,13]]]},
"G543": {"type": "Matrix2x2", "payoffs": [[[60,3],[0,0]],[[63,1],[78,4]]]},
"G544": {"type": "Matrix2x2", "payoffs": [[[97,71],[32,9]],[[12,61],[0,0]]]},
"G545": {"type": "Matrix2x2", "payoffs": [[[95,59],[0,12]],[[21,11],[13,0]]]},
"G546": {"type": "Matrix2x2", "payoffs": [[[10,24],[22,73]],[[19,10],[0,0]]]},
"G547": {"type": "Matrix2x2", "payoffs": [[[24,38],[30,58]],[[32,78],[0,0]]]},
"G548": {"type": "Matrix2x2", "payoffs": [[[70,87],[10,59]],[[0,76],[42,0]]]},
"G549": {"type": "Matrix2x2", "payoffs": [[[7,27],[8,61]],[[0,0],[6,32]]]},
"G550": {"type": "Matrix2x2", "payoffs": [[[0,0],[3,1]],[[4,8],[5,25]]]},
"G551": {"type": "Matrix2x2", "payoffs": [[[0,0],[37,83]],[[33,41],[36,62]]]},
"G552": {"type": "Matrix2x2", "payoffs": [[[0,0],[80,82]],[[27,26],[16,56]]]},
"G553": {"type": "Matrix2x2", "payoffs": [[[8,67],[10,81]],[[0,0],[3,57]]]},
"G554": {"type": "Matrix2x2", "payoffs": [[[54,3],[0,0]],[[37,19],[76,21]]]},
"G555": {"type": "Matrix2x2", "payoffs": [[[40,87],[21,84]],[[0,0],[23,45]]]},
"G556": {"type": "Matrix2x2", "payoffs": [[[3,51],[11,71]],[[0,0],[14,100]]]},
"G557": {"type": "Matrix2x2", "payoffs": [[[33,28],[0,2]],[[8,23],[9,0]]]},
"G558": {"type": "Matrix2x2", "payoffs": [[[57,42],[41,14]],[[54,30],[0,0]]]},
"G559": {"type": "Matrix2x2", "payoffs": [[[48,74],[28,40]],[[0,0],[40,72]]]},
"G560": {"type": "Matrix2x2", "payoffs": [[[0,0],[51,7]],[[67,28],[20,13]]]},
"G561": {"type": "Matrix2x2", "payoffs": [[[0,0],[29,26]],[[5,13],[91,61]]]},
"G562": {"type": "Matrix2x2", "payoffs": [[[0,32],[32,26]],[[26,0],[86,60]]]},
"G563": {"type": "Matrix2x2", "payoffs": [[[43,0],[35,39]],[[87,81],[0,3]]]},
"G564": {"type": "Matrix2x2", "payoffs": [[[97,33],[0,0]],[[44,4],[63,7]]]},
"G565": {"type": "Matrix2x2", "payoffs": [[[0,0],[16,1]],[[23,3],[12,2]]]},
"G566": {"type": "Matrix2x2", "payoffs": [[[83,55],[23,52]],[[79,8],[0,0]]]},
"G567": {"type": "Matrix2x2", "payoffs": [[[2,37],[4,0]],[[0,27],[11,46]]]},
"G568": {"type": "Matrix2x2", "payoffs": [[[0,13],[15,0]],[[86,49],[6,39]]]},
"G569": {"type": "Matrix2x2", "payoffs": [[[0,7],[53,0]],[[56,5],[59,8]]]},
"G570": {"type": "Matrix2x2", "payoffs": [[[37,9],[48,17]],[[0,0],[43,16]]]},
"G571": {"type": "Matrix2x2", "payoffs": [[[36,0],[0,28]],[[61,47],[56,33]]]},
"G572": {"type": "Matrix2x2", "payoffs": [[[0,34],[29,45]],[[14,0],[13,13]]]},
"G573": {"type": "Matrix2x2", "payoffs": [[[80,19],[50,17]],[[75,16],[0,0]]]},
"G574": {"type": "Matrix2x2", "payoffs": [[[11,29],[0,0]],[[4,4],[12,34]]]},
"G575": {"type": "Matrix2x2", "payoffs": [[[16,0],[0,55]],[[58,64],[1,15]]]},
"G576": {"type": "Matrix2x2", "payoffs": [[[0,0],[76,68]],[[59,67],[38,38]]]},
"G577": {"type": "Matrix2x2", "payoffs": [[[7,28],[16,32]],[[0,0],[18,74]]]},
"G578": {"type": "Matrix2x2", "payoffs": [[[14,9],[0,0]],[[56,38],[4,23]]]},
"G579": {"type": "Matrix2x2", "payoffs": [[[9,10],[40,13]],[[5,0],[0,11]]]},
"G580": {"type": "Matrix2x2", "payoffs": [[[5,9],[9,16]],[[4,6],[0,0]]]},
"G581": {"type": "Matrix2x2", "payoffs": [[[35,25],[18,14]],[[0,21],[24,0]]]},
"G582": {"type": "Matrix2x2", "payoffs": [[[79,32],[54,0]],[[0,20],[17,21]]]},
"G583": {"type": "Matrix2x2", "payoffs": [[[0,0],[47,5]],[[49,18],[13,17]]]},
"G584": {"type": "Matrix2x2", "payoffs": [[[13,57],[5,15]],[[0,0],[6,50]]]},
"G585": {"type": "Matrix2x2", "payoffs": [[[7,36],[0,0]],[[1,34],[19,88]]]},
"G586": {"type": "Matrix2x2", "payoffs": [[[21,0],[36,20]],[[23,3],[0,14]]]},
"G587": {"type": "Matrix2x2", "payoffs": [[[37,0],[42,15]],[[94,16],[0,11]]]},
"G588": {"type": "Matrix2x2", "payoffs": [[[4,0],[82,6]],[[0,7],[94,38]]]},
"G589": {"type": "Matrix2x2", "payoffs": [[[3,4],[30,7]],[[16,1],[0,0]]]},
"G590": {"type": "Matrix2x2", "payoffs": [[[45,31],[0,15]],[[21,0],[33,20]]]},
"G591": {"type": "Matrix2x2", "payoffs": [[[7,28],[20,96]],[[0,15],[10,0]]]},
"G592": {"type": "Matrix2x2", "payoffs": [[[20,0],[0,39]],[[32,93],[19,37]]]},
"G593": {"type": "Matrix2x2", "payoffs": [[[22,80],[4,4]],[[8,0],[0,18]]]},
"G594": {"type": "Matrix2x2", "payoffs": [[[61,57],[98,82]],[[75,67],[0,0]]]},
"G595": {"type": "Matrix2x2", "payoffs": [[[2,40],[1,42]],[[0,0],[3,55]]]},
"G596": {"type": "Matrix2x2", "payoffs": [[[14,0],[12,4]],[[0,9],[15,24]]]},
"G597": {"type": "Matrix2x2", "payoffs": [[[0,42],[39,7]],[[43,0],[59,50]]]},
"G598": {"type": "Matrix2x2", "payoffs": [[[2,33],[33,0]],[[45,70],[0,28]]]},
"G599": {"type": "Matrix2x2", "payoffs": [[[52,46],[9,0]],[[0,21],[19,27]]]},
"G600": {"type": "Matrix2x2", "payoffs": [[[0,0],[59,50]],[[20,11],[46,1]]]},
"G601": {"type": "Matrix2x2", "payoffs": [[[26,84],[22,0]],[[0,50],[16,46]]]},
"G602": {"type": "Matrix2x2", "payoffs": [[[74,53],[26,21]],[[0,27],[61,0]]]},
"G603": {"type": "Matrix2x2", "payoffs": [[[64,81],[0,17]],[[62,0],[19,30]]]},
"G604": {"type": "Matrix2x2", "payoffs": [[[7,5],[59,45]],[[41,0],[0,36]]]},
"G605": {"type": "Matrix2x2", "payoffs": [[[0,69],[4,0]],[[6,19],[14,79]]]},
"G606": {"type": "Matrix2x2", "payoffs": [[[28,23],[46,40]],[[0,15],[12,0]]]},
"G607": {"type": "Matrix2x2", "payoffs": [[[13,19],[33,54]],[[0,7],[24,0]]]},
"G608": {"type": "Matrix2x2", "payoffs": [[[45,0],[0,63]],[[39,13],[51,69]]]},
"G609": {"type": "Matrix2x2", "payoffs": [[[0,0],[51,1]],[[65,20],[1,8]]]},
"G610": {"type": "Matrix2x2", "payoffs": [[[32,20],[0,28]],[[76,29],[1,0]]]},
"G611": {"type": "Matrix2x2", "payoffs": [[[2,1],[0,6]],[[6,0],[8,9]]]},
"G612": {"type": "Matrix2x2", "payoffs": [[[91,57],[9,78]],[[92,86],[0,0]]]},
"G613": {"type": "Matrix2x2", "payoffs": [[[4,0],[6,64]],[[5,21],[0,15]]]},
"G614": {"type": "Matrix2x2", "payoffs": [[[42,8],[26,0]],[[0,22],[43,42]]]},
"G615": {"type": "Matrix2x2", "payoffs": [[[11,15],[0,2]],[[12,0],[50,30]]]},
"G616": {"type": "Matrix2x2", "payoffs": [[[12,1],[14,3]],[[0,0],[3,2]]]},
"G617": {"type": "Matrix2x2", "payoffs": [[[0,0],[6,10]],[[97,66],[91,34]]]},
"G618": {"type": "Matrix2x2", "payoffs": [[[0,4],[9,0]],[[78,27],[4,18]]]},
"G619": {"type": "Matrix2x2", "payoffs": [[[46,46],[10,0]],[[13,19],[0,31]]]},
"G620": {"type": "Matrix2x2", "payoffs": [[[86,78],[30,70]],[[0,7],[20,0]]]},
"G621": {"type": "Matrix2x2", "payoffs": [[[10,2],[19,46]],[[16,0],[0,14]]]},
"G622": {"type": "Matrix2x2", "payoffs": [[[58,7],[0,9]],[[69,0],[83,15]]]},
"G623": {"type": "Matrix2x2", "payoffs": [[[0,0],[6,10]],[[29,17],[5,6]]]},
"G624": {"type": "Matrix2x2", "payoffs": [[[26,0],[39,60]],[[0,26],[33,36]]]},
"G625": {"type": "Matrix2x2", "payoffs": [[[49,36],[0,8]],[[41,0],[47,18]]]},
"G626": {"type": "Matrix2x2", "payoffs": [[[0,0],[86,76]],[[49,53],[21,19]]]},
"G627": {"type": "Matrix2x2", "payoffs": [[[4,94],[0,41]],[[6,100],[5,0]]]},
"G628": {"type": "Matrix2x2", "payoffs": [[[0,0],[16,17]],[[83,52],[79,25]]]},
"G629": {"type": "Matrix2x2", "payoffs": [[[22,4],[86,7]],[[0,0],[54,3]]]},
"G630": {"type": "Matrix2x2", "payoffs": [[[32,0],[68,23]],[[88,44],[0,7]]]},
"G631": {"type": "Matrix2x2", "payoffs": [[[37,53],[20,43]],[[15,27],[0,0]]]},
"G632": {"type": "Matrix2x2", "payoffs": [[[15,8],[51,0]],[[79,37],[0,20]]]},
"G633": {"type": "Matrix2x2", "payoffs": [[[18,34],[0,22]],[[10,8],[17,0]]]},
"G634": {"type": "Matrix2x2", "payoffs": [[[0,21],[61,0]],[[14,11],[76,36]]]},
"G635": {"type": "Matrix2x2", "payoffs": [[[23,87],[15,0]],[[13,26],[0,74]]]},
"G636": {"type": "Matrix2x2", "payoffs": [[[1,1],[21,37]],[[13,25],[0,0]]]},
"G637": {"type": "Matrix2x2", "payoffs": [[[11,12],[0,7]],[[28,0],[50,18]]]},
"G638": {"type": "Matrix2x2", "payoffs": [[[61,87],[0,79]],[[19,0],[43,66]]]},
"G639": {"type": "Matrix2x2", "payoffs": [[[73,48],[2,35]],[[13,0],[0,21]]]},
"G640": {"type": "Matrix2x2", "payoffs": [[[65,0],[70,66]],[[0,8],[51,32]]]},
"G641": {"type": "Matrix2x2", "payoffs": [[[13,48],[22,64]],[[0,0],[17,18]]]},
"G642": {"type": "Matrix2x2", "payoffs": [[[40,0],[13,24]],[[0,17],[62,35]]]},
"G643": {"type": "Matrix2x2", "payoffs": [[[0,0],[9,41]],[[25,14],[56,76]]]},
"G644": {"type": "Matrix2x2", "payoffs": [[[15,76],[5,38]],[[11,70],[0,0]]]},
"G645": {"type": "Matrix2x2", "payoffs": [[[30,58],[0,0]],[[13,14],[11,33]]]},
"G646": {"type": "Matrix2x2", "payoffs": [[[26,38],[8,0]],[[0,28],[15,20]]]},
"G647": {"type": "Matrix2x2", "payoffs": [[[26,16],[0,0]],[[37,26],[27,20]]]},
"G648": {"type": "Matrix2x2", "payoffs": [[[17,68],[0,64]],[[22,0],[39,75]]]},
"G649": {"type": "Matrix2x2", "payoffs": [[[11,16],[0,11]],[[6,0],[10,8]]]},
"G650": {"type": "Matrix2x2", "payoffs": [[[0,22],[4,44]],[[6,0],[7,45]]]},
"G651": {"type": "Matrix2x2", "payoffs": [[[7,28],[0,23]],[[85,79],[60,0]]]},
"G652": {"type": "Matrix2x2", "payoffs": [[[32,34],[0,14]],[[26,7],[21,0]]]},
"G653": {"type": "Matrix2x2", "payoffs": [[[0,83],[75,0]],[[93,93],[64,81]]]},
"G654": {"type": "Matrix2x2", "payoffs": [[[45,26],[51,41]],[[21,35],[0,0]]]},
"G655": {"type": "Matrix2x2", "payoffs": [[[6,20],[0,23]],[[8,61],[7,0]]]},
"G656": {"type": "Matrix2x2", "payoffs": [[[92,72],[0,37]],[[79,0],[45,33]]]},
"G657": {"type": "Matrix2x2", "payoffs": [[[30,0],[9,29]],[[0,20],[53,56]]]},
"G658": {"type": "Matrix2x2", "payoffs": [[[92,0],[88,13]],[[0,10],[97,27]]]},
"G659": {"type": "Matrix2x2", "payoffs": [[[0,56],[51,77]],[[15,33],[30,0]]]},
"G660": {"type": "Matrix2x2", "payoffs": [[[16,81],[6,37]],[[10,69],[0,0]]]},
"G661": {"type": "Matrix2x2", "payoffs": [[[70,63],[100,87]],[[87,0],[0,18]]]},
"G662": {"type": "Matrix2x2", "payoffs": [[[40,68],[42,58]],[[82,81],[0,0]]]},
"G663": {"type": "Matrix2x2", "payoffs": [[[22,94],[15,65]],[[0,66],[3,0]]]},
"G664": {"type": "Matrix2x2", "payoffs": [[[14,0],[8,14]],[[0,18],[26,20]]]},
"G665": {"type": "Matrix2x2", "payoffs": [[[22,1],[100,25]],[[0,0],[31,16]]]},
"G666": {"type": "Matrix2x2", "payoffs": [[[71,18],[22,0]],[[0,14],[18,13]]]},
"G667": {"type": "Matrix2x2", "payoffs": [[[8,11],[0,68]],[[13,79],[9,0]]]},
"G668": {"type": "Matrix2x2", "payoffs": [[[4,33],[47,85]],[[0,58],[13,0]]]},
"G669": {"type": "Matrix2x2", "payoffs": [[[77,2],[0,0]],[[96,82],[95,29]]]},
"G670": {"type": "Matrix2x2", "payoffs": [[[6,46],[93,48]],[[0,0],[46,26]]]},
"G671": {"type": "Matrix2x2", "payoffs": [[[22,5],[34,2]],[[36,6],[0,0]]]},
"G672": {"type": "Matrix2x2", "payoffs": [[[81,62],[64,0]],[[47,42],[0,35]]]},
"G673": {"type": "Matrix2x2", "payoffs": [[[14,43],[5,0]],[[79,48],[0,47]]]},
"G674": {"type": "Matrix2x2", "payoffs": [[[0,7],[12,0]],[[9,11],[17,22]]]},
"G675": {"type": "Matrix2x2", "payoffs": [[[53,20],[27,0]],[[0,18],[34,2]]]},
"G676": {"type": "Matrix2x2", "payoffs": [[[92,8],[52,0]],[[0,4],[47,5]]]},
"G677": {"type": "Matrix2x2", "payoffs": [[[3,57],[2,0]],[[1,37],[0,16]]]},
"G678": {"type": "Matrix2x2", "payoffs": [[[27,35],[0,19]],[[43,95],[7,0]]]},
"G679": {"type": "Matrix2x2", "payoffs": [[[0,5],[6,1]],[[4,0],[11,39]]]},
"G680": {"type": "Matrix2x2", "payoffs": [[[17,64],[0,31]],[[12,0],[5,35]]]},
"G681": {"type": "Matrix2x2", "payoffs": [[[50,67],[5,0]],[[40,7],[0,32]]]},
"G682": {"type": "Matrix2x2", "payoffs": [[[17,80],[0,41]],[[7,33],[10,0]]]},
"G683": {"type": "Matrix2x2", "payoffs": [[[79,24],[81,89]],[[65,0],[0,67]]]},
"G684": {"type": "Matrix2x2", "payoffs": [[[38,33],[59,41]],[[0,5],[52,0]]]},
"G685": {"type": "Matrix2x2", "payoffs": [[[0,40],[18,66]],[[16,57],[3,0]]]},
"G686": {"type": "Matrix2x2", "payoffs": [[[0,55],[1,0]],[[10,44],[52,77]]]},
"G687": {"type": "Matrix2x2", "payoffs": [[[0,15],[7,0]],[[8,62],[3,43]]]},
"G688": {"type": "Matrix2x2", "payoffs": [[[28,19],[37,32]],[[17,28],[0,0]]]},
"G689": {"type": "Matrix2x2", "payoffs": [[[2,6],[0,0]],[[7,58],[3,32]]]},
"G690": {"type": "Matrix2x2", "payoffs": [[[0,2],[23,14]],[[13,0],[38,85]]]},
"G691": {"type": "Matrix2x2", "payoffs": [[[3,14],[8,21]],[[2,0],[0,9]]]},
"G692": {"type": "Matrix2x2", "payoffs": [[[21,9],[59,19]],[[69,31],[0,0]]]},
"G693": {"type": "Matrix2x2", "payoffs": [[[86,5],[33,1]],[[13,0],[0,4]]]},
"G694": {"type": "Matrix2x2", "payoffs": [[[65,64],[13,57]],[[52,16],[0,0]]]},
"G695": {"type": "Matrix2x2", "payoffs": [[[11,0],[33,24]],[[0,19],[36,67]]]},
"G696": {"type": "Matrix2x2", "payoffs": [[[8,6],[55,10]],[[80,17],[0,0]]]},
"G697": {"type": "Matrix2x2", "payoffs": [[[62,40],[0,18]],[[23,0],[24,22]]]},
"G698": {"type": "Matrix2x2", "payoffs": [[[0,49],[6,46]],[[30,0],[71,68]]]},
"G699": {"type": "Matrix2x2", "payoffs": [[[98,54],[56,41]],[[0,0],[89,2]]]},
"G700": {"type": "Matrix2x2", "payoffs": [[[10,33],[22,64]],[[3,35],[0,0]]]},
"G701": {"type": "Matrix2x2", "payoffs": [[[48,15],[1,0]],[[0,13],[91,36]]]},
"G702": {"type": "Matrix2x2", "payoffs": [[[42,69],[0,54]],[[9,8],[18,0]]]},
"G703": {"type": "Matrix2x2", "payoffs": [[[0,12],[39,62]],[[14,0],[22,38]]]},
"G704": {"type": "Matrix2x2", "payoffs": [[[3,0],[7,45]],[[10,86],[0,2]]]},
"G705": {"type": "Matrix2x2", "payoffs": [[[73,75],[0,73]],[[14,0],[37,53]]]},
"G706": {"type": "Matrix2x2", "payoffs": [[[91,15],[24,1]],[[23,12],[0,0]]]},
"G707": {"type": "Matrix2x2", "payoffs": [[[37,0],[41,26]],[[62,32],[0,1]]]},
"G708": {"type": "Matrix2x2", "payoffs": [[[38,0],[75,18]],[[0,5],[29,10]]]},
"G709": {"type": "Matrix2x2", "payoffs": [[[1,6],[0,1]],[[29,7],[13,0]]]},
"G710": {"type": "Matrix2x2", "payoffs": [[[9,86],[0,0]],[[46,89],[41,42]]]},
"G711": {"type": "Matrix2x2", "payoffs": [[[49,4],[76,10]],[[46,6],[0,0]]]},
"G712": {"type": "Matrix2x2", "payoffs": [[[18,37],[0,43]],[[13,0],[22,44]]]},
"G713": {"type": "Matrix2x2", "payoffs": [[[16,0],[70,51]],[[0,28],[10,7]]]},
"G714": {"type": "Matrix2x2", "payoffs": [[[16,61],[0,0]],[[10,2],[20,65]]]},
"G715": {"type": "Matrix2x2", "payoffs": [[[73,28],[35,0]],[[29,7],[0,4]]]},
"G716": {"type": "Matrix2x2", "payoffs": [[[25,76],[6,0]],[[0,70],[19,4]]]},
"G717": {"type": "Matrix2x2", "payoffs": [[[5,11],[2,6]],[[0,2],[3,0]]]},
"G718": {"type": "Matrix2x2", "payoffs": [[[0,2],[4,0]],[[10,4],[3,3]]]},
"G719": {"type": "Matrix2x2", "payoffs": [[[69,40],[36,12]],[[22,0],[0,35]]]},
"G720": {"type": "Matrix2x2", "payoffs": [[[3,0],[5,53]],[[1,30],[0,8]]]},
"G721": {"type": "Matrix2x2", "payoffs": [[[29,70],[11,31]],[[9,0],[0,51]]]},
"G722": {"type": "Matrix2x2", "payoffs": [[[42,0],[66,1]],[[67,15],[0,11]]]},
"G723": {"type": "Matrix2x2", "payoffs": [[[40,8],[100,42]],[[0,0],[90,34]]]},
"G724": {"type": "Matrix2x2", "payoffs": [[[0,0],[89,15]],[[63,14],[91,18]]]},
"G725": {"type": "Matrix2x2", "payoffs": [[[48,92],[0,68]],[[43,0],[20,61]]]},
"G726": {"type": "Matrix2x2", "payoffs": [[[4,97],[0,89]],[[3,0],[2,81]]]},
"G727": {"type": "Matrix2x2", "payoffs": [[[0,4],[27,0]],[[30,10],[9,8]]]},
"G728": {"type": "Matrix2x2", "payoffs": [[[11,25],[23,54]],[[6,0],[0,37]]]},
"G729": {"type": "Matrix2x2", "payoffs": [[[10,96],[0,0]],[[5,80],[11,97]]]},
"G730": {"type": "Matrix2x2", "payoffs": [[[0,35],[13,45]],[[10,0],[12,28]]]},
"G731": {"type": "Matrix2x2", "payoffs": [[[52,1],[56,35]],[[54,7],[0,0]]]},
"G732": {"type": "Matrix2x2", "payoffs": [[[0,47],[44,85]],[[32,57],[36,0]]]},
"G733": {"type": "Matrix2x2", "payoffs": [[[71,0],[0,4]],[[93,89],[59,3]]]},
"G734": {"type": "Matrix2x2", "payoffs": [[[1,68],[8,92]],[[4,0],[0,74]]]},
"G735": {"type": "Matrix2x2", "payoffs": [[[26,31],[30,48]],[[0,0],[27,26]]]},
"G736": {"type": "Matrix2x2", "payoffs": [[[8,1],[9,5]],[[0,2],[6,0]]]},
"G737": {"type": "Matrix2x2", "payoffs": [[[40,13],[0,0]],[[18,9],[24,5]]]},
"G738": {"type": "Matrix2x2", "payoffs": [[[29,82],[10,62]],[[0,0],[24,38]]]},
"G739": {"type": "Matrix2x2", "payoffs": [[[7,0],[0,21]],[[46,33],[29,15]]]},
"G740": {"type": "Matrix2x2", "payoffs": [[[4,0],[0,8]],[[2,12],[10,50]]]},
"G741": {"type": "Matrix2x2", "payoffs": [[[18,5],[48,23]],[[0,0],[83,54]]]},
"G742": {"type": "Matrix2x2", "payoffs": [[[5,0],[3,11]],[[0,10],[48,86]]]},
"G743": {"type": "Matrix2x2", "payoffs": [[[12,44],[1,26]],[[0,0],[21,96]]]},
"G744": {"type": "Matrix2x2", "payoffs": [[[6,42],[7,49]],[[0,4],[2,0]]]},
"G745": {"type": "Matrix2x2", "payoffs": [[[0,60],[20,24]],[[91,61],[30,0]]]},
"G746": {"type": "Matrix2x2", "payoffs": [[[3,0],[0,20]],[[98,23],[58,1]]]},
"G747": {"type": "Matrix2x2", "payoffs": [[[30,2],[45,0]],[[73,86],[0,31]]]},
"G748": {"type": "Matrix2x2", "payoffs": [[[31,74],[22,13]],[[0,24],[15,0]]]},
"G749": {"type": "Matrix2x2", "payoffs": [[[23,14],[0,33]],[[33,0],[66,43]]]},
"G750": {"type": "Matrix2x2", "payoffs": [[[36,94],[32,0]],[[0,82],[8,32]]]},
"G751": {"type": "Matrix2x2", "payoffs": [[[32,1],[0,33]],[[48,0],[83,100]]]},
"G752": {"type": "Matrix2x2", "payoffs": [[[82,68],[44,0]],[[0,34],[28,58]]]},
"G753": {"type": "Matrix2x2", "payoffs": [[[0,11],[27,0]],[[33,17],[32,5]]]},
"G754": {"type": "Matrix2x2", "payoffs": [[[0,36],[12,0]],[[40,31],[59,45]]]},
"G755": {"type": "Matrix2x2", "payoffs": [[[33,0],[38,58]],[[0,29],[25,38]]]},
"G756": {"type": "Matrix2x2", "payoffs": [[[8,0],[63,10]],[[0,4],[21,9]]]},
"G757": {"type": "Matrix2x2", "payoffs": [[[40,29],[55,86]],[[30,0],[0,37]]]},
"G758": {"type": "Matrix2x2", "payoffs": [[[10,43],[4,6]],[[11,47],[0,0]]]},
"G759": {"type": "Matrix2x2", "payoffs": [[[45,0],[32,36]],[[46,74],[0,64]]]},
"G760": {"type": "Matrix2x2", "payoffs": [[[11,31],[57,82]],[[40,0],[0,69]]]},
"G761": {"type": "Matrix2x2", "payoffs": [[[2,55],[32,71]],[[0,43],[11,0]]]},
"G762": {"type": "Matrix2x2", "payoffs": [[[10,37],[11,4]],[[24,93],[0,0]]]},
"G763": {"type": "Matrix2x2", "payoffs": [[[0,0],[29,70]],[[57,94],[36,8]]]},
"G764": {"type": "Matrix2x2", "payoffs": [[[25,30],[55,66]],[[0,49],[36,0]]]},
"G765": {"type": "Matrix2x2", "payoffs": [[[79,82],[0,0]],[[77,20],[6,34]]]},
"G766": {"type": "Matrix2x2", "payoffs": [[[35,11],[45,0]],[[0,95],[46,97]]]},
"G767": {"type": "Matrix2x2", "payoffs": [[[45,67],[0,40]],[[14,43],[4,0]]]},
"G768": {"type": "Matrix2x2", "payoffs": [[[51,80],[27,4]],[[21,29],[0,0]]]},
"G769": {"type": "Matrix2x2", "payoffs": [[[27,4],[0,1]],[[21,0],[15,3]]]},
"G770": {"type": "Matrix2x2", "payoffs": [[[68,17],[0,16]],[[66,0],[3,6]]]},
"G771": {"type": "Matrix2x2", "payoffs": [[[0,0],[10,26]],[[67,7],[80,37]]]},
"G772": {"type": "Matrix2x2", "payoffs": [[[12,49],[69,45]],[[81,51],[0,0]]]},
"G773": {"type": "Matrix2x2", "payoffs": [[[0,12],[63,22]],[[99,80],[3,0]]]},
"G774": {"type": "Matrix2x2", "payoffs": [[[13,28],[59,0]],[[88,98],[0,56]]]},
"G775": {"type": "Matrix2x2", "payoffs": [[[38,38],[56,89]],[[7,0],[0,83]]]},
"G776": {"type": "Matrix2x2", "payoffs": [[[15,4],[21,15]],[[34,29],[0,0]]]},
"G777": {"type": "Matrix2x2", "payoffs": [[[0,2],[93,36]],[[72,0],[4,15]]]},
"G778": {"type": "Matrix2x2", "payoffs": [[[67,7],[0,0]],[[91,44],[57,9]]]},
"G779": {"type": "Matrix2x2", "payoffs": [[[4,100],[3,7]],[[1,0],[0,52]]]},
"G780": {"type": "Matrix2x2", "payoffs": [[[17,10],[0,63]],[[75,91],[7,0]]]},
"G781": {"type": "Matrix2x2", "payoffs": [[[56,11],[10,0]],[[0,91],[67,95]]]},
"G782": {"type": "Matrix2x2", "payoffs": [[[47,21],[77,62]],[[0,0],[65,32]]]},
"G783": {"type": "Matrix2x2", "payoffs": [[[0,6],[14,15]],[[18,19],[11,0]]]},
"G784": {"type": "Matrix2x2", "payoffs": [[[44,38],[41,19]],[[31,7],[0,0]]]},
"G785": {"type": "Matrix2x2", "payoffs": [[[17,58],[44,100]],[[4,66],[0,0]]]},
"G786": {"type": "Matrix2x2", "payoffs": [[[31,0],[53,59]],[[16,30],[0,4]]]},
"G787": {"type": "Matrix2x2", "payoffs": [[[91,23],[0,0]],[[15,11],[60,5]]]},
"G788": {"type": "Matrix2x2", "payoffs": [[[55,28],[0,8]],[[43,0],[63,34]]]},
"G789": {"type": "Matrix2x2", "payoffs": [[[54,0],[68,89]],[[10,66],[0,71]]]},
"G790": {"type": "Matrix2x2", "payoffs": [[[0,3],[34,5]],[[11,1],[13,0]]]},
"G791": {"type": "Matrix2x2", "payoffs": [[[0,24],[71,94]],[[67,72],[23,0]]]},
"G792": {"type": "Matrix2x2", "payoffs": [[[8,5],[0,11]],[[14,14],[6,0]]]},
"G793": {"type": "Matrix2x2", "payoffs": [[[25,17],[37,0]],[[0,2],[91,54]]]},
"G794": {"type": "Matrix2x2", "payoffs": [[[37,1],[61,7]],[[25,5],[0,0]]]},
"G795": {"type": "Matrix2x2", "payoffs": [[[60,3],[71,67]],[[28,4],[0,0]]]},
"G796": {"type": "Matrix2x2", "payoffs": [[[6,0],[24,60]],[[0,31],[4,42]]]},
"G797": {"type": "Matrix2x2", "payoffs": [[[0,21],[49,64]],[[6,12],[19,0]]]},
"G798": {"type": "Matrix2x2", "payoffs": [[[11,0],[15,38]],[[16,49],[0,46]]]},
"G799": {"type": "Matrix2x2", "payoffs": [[[42,63],[59,64]],[[0,32],[39,0]]]},
"G800": {"type": "Matrix2x2", "payoffs": [[[100,20],[0,2]],[[57,0],[95,7]]]},
"G801": {"type": "Matrix2x2", "payoffs": [[[45,40],[68,70]],[[0,56],[55,0]]]},
"G802": {"type": "Matrix2x2", "payoffs": [[[94,30],[92,17]],[[59,23],[0,0]]]},
"G803": {"type": "Matrix2x2", "payoffs": [[[47,57],[0,0]],[[8,71],[97,78]]]},
"G804": {"type": "Matrix2x2", "payoffs": [[[9,71],[20,72]],[[16,0],[0,64]]]},
"G805": {"type": "Matrix2x2", "payoffs": [[[80,15],[95,18]],[[0,0],[20,17]]]},
"G806": {"type": "Matrix2x2", "payoffs": [[[0,37],[40,44]],[[18,0],[46,91]]]},
"G807": {"type": "Matrix2x2", "payoffs": [[[50,0],[55,81]],[[17,5],[0,30]]]},
"G808": {"type": "Matrix2x2", "payoffs": [[[26,92],[0,25]],[[23,31],[25,0]]]},
"G809": {"type": "Matrix2x2", "payoffs": [[[78,14],[8,0]],[[12,7],[0,11]]]},
"G810": {"type": "Matrix2x2", "payoffs": [[[0,4],[93,25]],[[26,0],[57,2]]]},
"G811": {"type": "Matrix2x2", "payoffs": [[[0,0],[5,24]],[[21,75],[15,37]]]},
"G812": {"type": "Matrix2x2", "payoffs": [[[95,77],[0,20]],[[39,13],[5,0]]]},
"G813": {"type": "Matrix2x2", "payoffs": [[[18,0],[0,60]],[[39,12],[43,70]]]},
"G814": {"type": "Matrix2x2", "payoffs": [[[73,25],[23,0]],[[0,18],[48,4]]]},
"G815": {"type": "Matrix2x2", "payoffs": [[[26,59],[36,78]],[[0,0],[29,38]]]},
"G816": {"type": "Matrix2x2", "payoffs": [[[29,1],[56,5]],[[0,3],[11,0]]]},
"G817": {"type": "Matrix2x2", "payoffs": [[[0,95],[2,0]],[[9,40],[50,99]]]},
"G818": {"type": "Matrix2x2", "payoffs": [[[0,17],[95,35]],[[28,0],[32,22]]]},
"G819": {"type": "Matrix2x2", "payoffs": [[[0,69],[8,0]],[[4,47],[9,76]]]},
"G820": {"type": "Matrix2x2", "payoffs": [[[16,0],[5,49]],[[19,87],[0,65]]]},
"G821": {"type": "Matrix2x2", "payoffs": [[[1,20],[5,53]],[[11,86],[0,0]]]},
"G822": {"type": "Matrix2x2", "payoffs": [[[87,4],[0,1]],[[9,3],[80,0]]]},
"G823": {"type": "Matrix2x2", "payoffs": [[[1,15],[50,37]],[[10,0],[0,16]]]},
"G824": {"type": "Matrix2x2", "payoffs": [[[56,15],[0,49]],[[59,72],[42,0]]]},
"G825": {"type": "Matrix2x2", "payoffs": [[[93,27],[0,20]],[[62,0],[23,12]]]},
"G826": {"type": "Matrix2x2", "payoffs": [[[0,24],[50,0]],[[81,28],[55,7]]]},
"G827": {"type": "Matrix2x2", "payoffs": [[[0,61],[5,0]],[[8,83],[3,32]]]},
"G828": {"type": "Matrix2x2", "payoffs": [[[0,23],[21,0]],[[2,12],[78,68]]]},
"G829": {"type": "Matrix2x2", "payoffs": [[[0,34],[77,43]],[[21,2],[41,0]]]},
"G830": {"type": "Matrix2x2", "payoffs": [[[0,5],[86,0]],[[93,60],[38,15]]]},
"G831": {"type": "Matrix2x2", "payoffs": [[[87,17],[0,13]],[[64,16],[37,0]]]},
"G832": {"type": "Matrix2x2", "payoffs": [[[0,29],[55,0]],[[73,62],[50,2]]]},
"G833": {"type": "Matrix2x2", "payoffs": [[[0,0],[64,2]],[[16,7],[67,8]]]},
"G834": {"type": "Matrix2x2", "payoffs": [[[0,7],[41,99]],[[35,0],[28,31]]]},
"G835": {"type": "Matrix2x2", "payoffs": [[[0,63],[58,95]],[[39,36],[2,0]]]},
"G836": {"type": "Matrix2x2", "payoffs": [[[64,87],[8,24]],[[14,72],[0,0]]]},
"G837": {"type": "Matrix2x2", "payoffs": [[[71,80],[22,30]],[[19,32],[0,0]]]},
"G838": {"type": "Matrix2x2", "payoffs": [[[7,0],[0,26]],[[33,85],[12,53]]]},
"G839": {"type": "Matrix2x2", "payoffs": [[[29,20],[86,65]],[[30,0],[0,27]]]},
"G840": {"type": "Matrix2x2", "payoffs": [[[0,19],[9,4]],[[20,0],[25,25]]]},
"G841": {"type": "Matrix2x2", "payoffs": [[[0,20],[20,11]],[[1,0],[70,29]]]},
"G842": {"type": "Matrix2x2", "payoffs": [[[51,4],[32,0]],[[0,11],[59,13]]]},
"G843": {"type": "Matrix2x2", "payoffs": [[[64,13],[72,43]],[[0,30],[19,0]]]},
"G844": {"type": "Matrix2x2", "payoffs": [[[44,19],[0,6]],[[28,0],[79,23]]]},
"G845": {"type": "Matrix2x2", "payoffs": [[[70,57],[64,20]],[[0,0],[46,2]]]},
"G846": {"type": "Matrix2x2", "payoffs": [[[3,14],[0,0]],[[5,32],[2,28]]]},
"G847": {"type": "Matrix2x2", "payoffs": [[[15,45],[0,31]],[[39,75],[36,0]]]},
"G848": {"type": "Matrix2x2", "payoffs": [[[0,0],[8,11]],[[4,3],[1,5]]]},
"G849": {"type": "Matrix2x2", "payoffs": [[[0,29],[72,93]],[[11,0],[64,10]]]},
"G850": {"type": "Matrix2x2", "payoffs": [[[23,7],[28,8]],[[4,0],[0,1]]]},
"G851": {"type": "Matrix2x2", "payoffs": [[[0,2],[43,85]],[[24,0],[16,40]]]},
"G852": {"type": "Matrix2x2", "payoffs": [[[0,43],[12,7]],[[15,73],[7,0]]]},
"G853": {"type": "Matrix2x2", "payoffs": [[[4,8],[0,0]],[[17,19],[31,22]]]},
"G854": {"type": "Matrix2x2", "payoffs": [[[4,0],[15,13]],[[16,68],[0,58]]]},
"G855": {"type": "Matrix2x2", "payoffs": [[[50,56],[28,1]],[[0,0],[22,12]]]},
"G856": {"type": "Matrix2x2", "payoffs": [[[25,0],[57,46]],[[0,44],[50,45]]]},
"G857": {"type": "Matrix2x2", "payoffs": [[[24,0],[46,63]],[[0,44],[37,52]]]},
"G858": {"type": "Matrix2x2", "payoffs": [[[6,46],[40,0]],[[46,56],[0,21]]]},
"G859": {"type": "Matrix2x2", "payoffs": [[[99,25],[0,8]],[[77,0],[90,19]]]},
"G860": {"type": "Matrix2x2", "payoffs": [[[1,0],[0,28]],[[4,33],[6,41]]]},
"G861": {"type": "Matrix2x2", "payoffs": [[[0,0],[20,31]],[[1,25],[3,7]]]},
"G862": {"type": "Matrix2x2", "payoffs": [[[16,25],[0,0]],[[1,23],[4,12]]]},
"G863": {"type": "Matrix2x2", "payoffs": [[[83,4],[31,2]],[[0,1],[9,0]]]},
"G864": {"type": "Matrix2x2", "payoffs": [[[5,4],[0,0]],[[3,5],[28,13]]]},
"G865": {"type": "Matrix2x2", "payoffs": [[[0,27],[77,32]],[[68,21],[71,0]]]},
"G866": {"type": "Matrix2x2", "payoffs": [[[44,50],[33,47]],[[25,15],[0,0]]]},
"G867": {"type": "Matrix2x2", "payoffs": [[[26,4],[40,54]],[[0,32],[11,0]]]},
"G868": {"type": "Matrix2x2", "payoffs": [[[0,0],[21,21]],[[55,37],[95,43]]]},
"G869": {"type": "Matrix2x2", "payoffs": [[[47,0],[64,48]],[[0,17],[14,27]]]},
"G870": {"type": "Matrix2x2", "payoffs": [[[54,2],[72,8]],[[7,0],[0,5]]]},
"G871": {"type": "Matrix2x2", "payoffs": [[[60,7],[1,11]],[[0,0],[79,83]]]},
"G872": {"type": "Matrix2x2", "payoffs": [[[2,0],[0,66]],[[4,75],[7,95]]]},
"G873": {"type": "Matrix2x2", "payoffs": [[[0,0],[59,37]],[[26,22],[20,18]]]},
"G874": {"type": "Matrix2x2", "payoffs": [[[11,2],[32,3]],[[33,4],[0,0]]]},
"G875": {"type": "Matrix2x2", "payoffs": [[[0,2],[45,69]],[[1,50],[20,0]]]},
"G876": {"type": "Matrix2x2", "payoffs": [[[67,87],[65,54]],[[0,0],[60,59]]]},
"G877": {"type": "Matrix2x2", "payoffs": [[[8,6],[21,42]],[[0,13],[19,0]]]},
"G878": {"type": "Matrix2x2", "payoffs": [[[93,28],[27,0]],[[0,9],[7,24]]]},
"G879": {"type": "Matrix2x2", "payoffs": [[[16,16],[21,22]],[[0,0],[45,83]]]},
"G880": {"type": "Matrix2x2", "payoffs": [[[0,0],[17,6]],[[2,5],[20,21]]]},
"G881": {"type": "Matrix2x2", "payoffs": [[[35,2],[59,14]],[[0,4],[51,0]]]},
"G882": {"type": "Matrix2x2", "payoffs": [[[0,0],[38,55]],[[17,6],[63,98]]]},
"G883": {"type": "Matrix2x2", "payoffs": [[[0,3],[24,8]],[[10,4],[14,0]]]},
"G884": {"type": "Matrix2x2", "payoffs": [[[0,1],[39,2]],[[72,0],[83,3]]]},
"G885": {"type": "Matrix2x2", "payoffs": [[[15,57],[54,75]],[[0,0],[22,71]]]},
"G886": {"type": "Matrix2x2", "payoffs": [[[53,4],[88,10]],[[95,15],[0,0]]]},
"G887": {"type": "Matrix2x2", "payoffs": [[[0,62],[50,0]],[[5,29],[68,75]]]},
"G888": {"type": "Matrix2x2", "payoffs": [[[43,6],[47,16]],[[0,0],[24,9]]]},
"G889": {"type": "Matrix2x2", "payoffs": [[[54,8],[29,7]],[[0,0],[56,12]]]},
"G890": {"type": "Matrix2x2", "payoffs": [[[1,0],[45,1]],[[0,6],[55,8]]]},
"G891": {"type": "Matrix2x2", "payoffs": [[[0,11],[15,0]],[[13,29],[61,30]]]},
"G892": {"type": "Matrix2x2", "payoffs": [[[39,91],[4,19]],[[37,72],[0,0]]]},
"G893": {"type": "Matrix2x2", "payoffs": [[[0,1],[10,0]],[[20,39],[8,31]]]},
"G894": {"type": "Matrix2x2", "payoffs": [[[0,20],[7,36]],[[57,0],[67,90]]]},
"G895": {"type": "Matrix2x2", "payoffs": [[[14,27],[5,0]],[[0,13],[11,24]]]},
"G896": {"type": "Matrix2x2", "payoffs": [[[1,12],[0,0]],[[44,48],[41,8]]]},
"G897": {"type": "Matrix2x2", "payoffs": [[[0,0],[30,76]],[[4,62],[9,36]]]},
"G898": {"type": "Matrix2x2", "payoffs": [[[0,45],[64,98]],[[21,71],[15,0]]]},
"G899": {"type": "Matrix2x2", "payoffs": [[[7,14],[16,0]],[[25,95],[0,32]]]},
"G900": {"type": "Matrix2x2", "payoffs": [[[56,31],[48,3]],[[14,10],[0,0]]]},
"G901": {"type": "Matrix2x2", "payoffs": [[[0,0],[53,4]],[[13,3],[64,8]]]},
"G902": {"type": "Matrix2x2", "payoffs": [[[0,0],[88,42]],[[22,7],[64,14]]]},
"G903": {"type": "Matrix2x2", "payoffs": [[[0,0],[92,1]],[[51,3],[96,10]]]},
"G904": {"type": "Matrix2x2", "payoffs": [[[0,0],[34,8]],[[25,3],[97,38]]]},
"G905": {"type": "Matrix2x2", "payoffs": [[[45,13],[32,8]],[[0,11],[7,0]]]},
"G906": {"type": "Matrix2x2", "payoffs": [[[19,99],[18,0]],[[11,55],[0,6]]]},
"G907": {"type": "Matrix2x2", "payoffs": [[[13,34],[6,36]],[[0,0],[39,50]]]},
"G908": {"type": "Matrix2x2", "payoffs": [[[48,0],[0,2]],[[50,27],[97,32]]]},
"G909": {"type": "Matrix2x2", "payoffs": [[[0,24],[15,0]],[[38,99],[31,55]]]},
"G910": {"type": "Matrix2x2", "payoffs": [[[0,0],[39,22]],[[23,23],[40,43]]]},
"G911": {"type": "Matrix2x2", "payoffs": [[[45,0],[36,2]],[[55,4],[0,3]]]},
"G912": {"type": "Matrix2x2", "payoffs": [[[15,0],[0,12]],[[56,41],[29,37]]]},
"G913": {"type": "Matrix2x2", "payoffs": [[[0,65],[40,0]],[[66,29],[73,69]]]},
"G914": {"type": "Matrix2x2", "payoffs": [[[0,0],[72,53]],[[15,43],[65,40]]]},
"G915": {"type": "Matrix2x2", "payoffs": [[[2,31],[0,50]],[[70,66],[38,0]]]},
"G916": {"type": "Matrix2x2", "payoffs": [[[13,18],[14,0]],[[0,7],[86,29]]]},
"G917": {"type": "Matrix2x2", "payoffs": [[[12,55],[0,0]],[[20,9],[37,57]]]},
"G918": {"type": "Matrix2x2", "payoffs": [[[43,50],[0,0]],[[100,71],[71,64]]]},
"G919": {"type": "Matrix2x2", "payoffs": [[[0,54],[33,95]],[[17,91],[31,0]]]},
"G920": {"type": "Matrix2x2", "payoffs": [[[22,9],[41,7]],[[46,20],[0,0]]]},
"G921": {"type": "Matrix2x2", "payoffs": [[[54,63],[1,5]],[[15,50],[0,0]]]},
"G922": {"type": "Matrix2x2", "payoffs": [[[38,67],[43,75]],[[22,0],[0,37]]]},
"G923": {"type": "Matrix2x2", "payoffs": [[[37,59],[6,16]],[[29,42],[0,0]]]},
"G924": {"type": "Matrix2x2", "payoffs": [[[13,11],[4,0]],[[6,10],[0,5]]]},
"G925": {"type": "Matrix2x2", "payoffs": [[[21,0],[0,18]],[[63,33],[51,2]]]},
"G926": {"type": "Matrix2x2", "payoffs": [[[7,45],[19,75]],[[0,2],[17,0]]]},
"G927": {"type": "Matrix2x2", "payoffs": [[[0,0],[9,14]],[[2,5],[3,11]]]},
"G928": {"type": "Matrix2x2", "payoffs": [[[59,49],[78,64]],[[65,0],[0,62]]]},
"G929": {"type": "Matrix2x2", "payoffs": [[[0,10],[55,22]],[[22,0],[30,8]]]},
"G930": {"type": "Matrix2x2", "payoffs": [[[0,0],[34,40]],[[39,80],[35,23]]]},
"G931": {"type": "Matrix2x2", "payoffs": [[[8,29],[66,0]],[[0,5],[72,52]]]},
"G932": {"type": "Matrix2x2", "payoffs": [[[0,0],[26,58]],[[97,91],[10,36]]]},
"G933": {"type": "Matrix2x2", "payoffs": [[[0,15],[12,3]],[[21,26],[1,0]]]},
"G934": {"type": "Matrix2x2", "payoffs": [[[16,28],[5,0]],[[11,5],[0,21]]]},
"G935": {"type": "Matrix2x2", "payoffs": [[[23,62],[0,0]],[[14,13],[21,3]]]},
"G936": {"type": "Matrix2x2", "payoffs": [[[0,10],[38,23]],[[14,0],[27,11]]]},
"G937": {"type": "Matrix2x2", "payoffs": [[[10,0],[2,43]],[[0,24],[15,45]]]},
"G938": {"type": "Matrix2x2", "payoffs": [[[60,90],[34,0]],[[0,85],[55,33]]]},
"G939": {"type": "Matrix2x2", "payoffs": [[[0,0],[40,12]],[[45,1],[98,19]]]},
"G940": {"type": "Matrix2x2", "payoffs": [[[21,98],[0,0]],[[4,9],[46,99]]]},
"G941": {"type": "Matrix2x2", "payoffs": [[[34,2],[11,1]],[[41,7],[0,0]]]},
"G942": {"type": "Matrix2x2", "payoffs": [[[5,29],[0,0]],[[6,36],[2,18]]]},
"G943": {"type": "Matrix2x2", "payoffs": [[[0,11],[9,16]],[[3,0],[21,25]]]},
"G944": {"type": "Matrix2x2", "payoffs": [[[33,66],[40,0]],[[65,100],[0,25]]]},
"G945": {"type": "Matrix2x2", "payoffs": [[[27,36],[26,34]],[[6,0],[0,10]]]},
"G946": {"type": "Matrix2x2", "payoffs": [[[10,85],[53,0]],[[59,86],[0,70]]]},
"G947": {"type": "Matrix2x2", "payoffs": [[[29,34],[19,1]],[[0,27],[9,0]]]},
"G948": {"type": "Matrix2x2", "payoffs": [[[49,0],[0,39]],[[39,23],[55,90]]]},
"G949": {"type": "Matrix2x2", "payoffs": [[[24,11],[5,0]],[[0,16],[39,33]]]},
"G950": {"type": "Matrix2x2", "payoffs": [[[0,68],[42,0]],[[12,46],[51,98]]]},
"G951": {"type": "Matrix2x2", "payoffs": [[[15,15],[0,0]],[[6,11],[8,6]]]},
"G952": {"type": "Matrix2x2", "payoffs": [[[57,51],[0,0]],[[50,20],[75,74]]]},
"G953": {"type": "Matrix2x2", "payoffs": [[[0,55],[15,0]],[[39,65],[7,53]]]},
"G954": {"type": "Matrix2x2", "payoffs": [[[0,0],[8,6]],[[36,52],[32,46]]]},
"G955": {"type": "Matrix2x2", "payoffs": [[[0,55],[29,0]],[[72,68],[28,54]]]},
"G956": {"type": "Matrix2x2", "payoffs": [[[0,27],[41,92]],[[16,2],[4,0]]]},
"G957": {"type": "Matrix2x2", "payoffs": [[[0,22],[1,0]],[[3,32],[21,41]]]},
"G958": {"type": "Matrix2x2", "payoffs": [[[9,9],[50,11]],[[34,0],[0,6]]]},
"G959": {"type": "Matrix2x2", "payoffs": [[[11,0],[0,1]],[[16,12],[25,23]]]},
"G960": {"type": "Matrix2x2", "payoffs": [[[60,35],[0,0]],[[16,20],[35,11]]]},
"G961": {"type": "Matrix2x2", "payoffs": [[[11,7],[71,17]],[[68,15],[0,0]]]},
"G962": {"type": "Matrix2x2", "payoffs": [[[49,0],[44,10]],[[0,21],[54,58]]]},
"G963": {"type": "Matrix2x2", "payoffs": [[[53,2],[0,32]],[[16,0],[90,35]]]},
"G964": {"type": "Matrix2x2", "payoffs": [[[0,10],[13,57]],[[41,0],[54,84]]]},
"G965": {"type": "Matrix2x2", "payoffs": [[[64,1],[72,96]],[[62,0],[0,17]]]},
"G966": {"type": "Matrix2x2", "payoffs": [[[10,15],[5,8]],[[0,7],[2,0]]]},
"G967": {"type": "Matrix2x2", "payoffs": [[[12,0],[66,27]],[[13,20],[0,1]]]},
"G968": {"type": "Matrix2x2", "payoffs": [[[51,21],[17,6]],[[7,0],[0,12]]]},
"G969": {"type": "Matrix2x2", "payoffs": [[[0,11],[62,58]],[[38,50],[2,0]]]},
"G970": {"type": "Matrix2x2", "payoffs": [[[1,0],[2,25]],[[0,71],[89,94]]]},
"G971": {"type": "Matrix2x2", "payoffs": [[[1,36],[23,62]],[[0,0],[55,72]]]},
"G972": {"type": "Matrix2x2", "payoffs": [[[0,30],[38,49]],[[93,73],[47,0]]]},
"G973": {"type": "Matrix2x2", "payoffs": [[[70,0],[14,59]],[[0,5],[84,87]]]},
"G974": {"type": "Matrix2x2", "payoffs": [[[90,83],[86,82]],[[38,69],[0,0]]]},
"G975": {"type": "Matrix2x2", "payoffs": [[[18,9],[19,88]],[[14,0],[0,3]]]},
"G976": {"type": "Matrix2x2", "payoffs": [[[56,47],[0,44]],[[47,0],[48,26]]]},
"G977": {"type": "Matrix2x2", "payoffs": [[[87,19],[62,18]],[[0,0],[11,4]]]},
"G978": {"type": "Matrix2x2", "payoffs": [[[2,57],[1,41]],[[0,0],[8,65]]]},
"G979": {"type": "Matrix2x2", "payoffs": [[[63,23],[20,0]],[[41,16],[0,4]]]},
"G980": {"type": "Matrix2x2", "payoffs": [[[20,0],[0,31]],[[78,53],[54,28]]]},
"G981": {"type": "Matrix2x2", "payoffs": [[[13,44],[75,57]],[[41,1],[0,0]]]},
"G982": {"type": "Matrix2x2", "payoffs": [[[72,99],[0,0]],[[4,3],[13,80]]]},
"G983": {"type": "Matrix2x2", "payoffs": [[[36,42],[14,0]],[[0,6],[34,10]]]},
"G984": {"type": "Matrix2x2", "payoffs": [[[32,0],[82,98]],[[72,1],[0,25]]]},
"G985": {"type": "Matrix2x2", "payoffs": [[[54,4],[0,0]],[[73,8],[63,3]]]},
"G986": {"type": "Matrix2x2", "payoffs": [[[78,11],[30,0]],[[0,3],[74,6]]]},
"G987": {"type": "Matrix2x2", "payoffs": [[[21,80],[0,0]],[[39,86],[5,69]]]},
"G988": {"type": "Matrix2x2", "payoffs": [[[0,19],[78,40]],[[11,13],[32,0]]]},
"G989": {"type": "Matrix2x2", "payoffs": [[[58,7],[27,0]],[[0,3],[51,2]]]},
"G990": {"type": "Matrix2x2", "payoffs": [[[30,92],[29,1]],[[24,91],[0,0]]]},
"G991": {"type": "Matrix2x2", "payoffs": [[[7,23],[33,15]],[[0,0],[60,26]]]},
"G992": {"type": "Matrix2x2", "payoffs": [[[50,41],[55,71]],[[71,72],[0,0]]]},
"G993": {"type": "Matrix2x2", "payoffs": [[[40,11],[45,2]],[[0,0],[84,37]]]},
"G994": {"type": "Matrix2x2", "payoffs": [[[3,0],[11,79]],[[0,56],[4,51]]]},
"G995": {"type": "Matrix2x2", "payoffs": [[[0,10],[45,46]],[[58,53],[51,0]]]},
"G996": {"type": "Matrix2x2", "payoffs": [[[49,27],[15,70]],[[63,72],[0,0]]]},
"G997": {"type": "Matrix2x2", "payoffs": [[[25,8],[0,1]],[[32,10],[11,0]]]},
"G998": {"type": "Matrix2x2", "payoffs": [[[28,38],[14,0]],[[2,14],[0,25]]]},
"G999": {"type": "Matrix2x2", "payoffs": [[[57,26],[35,21]],[[0,23],[2,0]]]},
"G1000": {"type": "Matrix2x2", "payoffs": [[[36,0],[12,6]],[[0,22],[39,29]]]}
}