{
"numGames": 100,
"G1": {"type": "Matrix2x2", "payoffs": [[[19,66],[14,36]],[[16,0],[0,16]]]},
"G2": {"type": "Matrix2x2", "payoffs": [[[28,0],[0,17]],[[1,45],[43,97]]]},
"G3": {"type": "Matrix2x2", "payoffs": [[[89,30],[40,0]],[[95,31],[0,27]]]},
"G4": {"type": "Matrix2x2", "payoffs": [[[0,80],[9,86]],[[5,0],[14,90]]]},
"G5": {"type": "Matrix2x2", "payoffs": [[[0,88],[69,95]],[[16,7],[28,0]]]},
"G6": {"type": "Matrix2x2", "payoffs": [[[16,2],[9,0]],[[0,6],[23,9]]]},
"G7": {"type": "Matrix2x2", "payoffs": [[[94,80],[0,38]],[[11,19],[31,0]]]},
"G8": {"type": "Matrix2x2", "payoffs": [[[50,14],[67,37]],[[89,74],[0,0]]]},
"G9": {"type": "Matrix2x2", "payoffs": [[[50,23],[47,24]],[[87,26],[0,0]]]},
"G10": {"type": "Matrix2x2", "payoffs": [[[2,1],[0,3]],[[27,0],[40,11]]]},
"G11": {"type": "Matrix2x2", "payoffs": [[[7,28],[11,0]],[[0,11],[47,32]]]},
"G12": {"type": "Matrix2x2", "payoffs": [[[12,27],[11,7]],[[10,25],[0,0]]]},
"G13": {"type": "Matrix2x2", "payoffs": [[[0,62],[20,24]],[[71,65],[61,0]]]},
"G14": {"type": "Matrix2x2", "payoffs": [[[0,4],[58,18]],[[5,14],[4,0]]]},
"G15": {"type": "Matrix2x2", "payoffs": [[[0,19],[42,2]],[[19,0],[52,55]]]},
"G16": {"type": "Matrix2x2", "payoffs": [[[0,0],[55,1]],[[75,6],[35,4]]]},
"G17": {"type": "Matrix2x2", "payoffs": [[[83,59],[0,0]],[[77,29],[90,62]]]},
"G18": {"type": "Matrix2x2", "payoffs": [[[0,8],[75,7]],[[77,0],[83,10]]]},
"G19": {"type": "Matrix2x2", "payoffs": [[[0,0],[60,19]],[[69,92],[22,58]]]},
"G20": {"type": "Matrix2x2", "payoffs": [[[79,97],[0,11]],[[5,0],[7,57]]]},
"G21": {"type": "Matrix2x2", "payoffs": [[[54,15],[46,3]],[[16,0],[0,11]]]},
"G22": {"type": "Matrix2x2", "payoffs": [[[0,5],[37,6]],[[1,0],[4,2]]]},
"G23": {"type": "Matrix2x2", "payoffs": [[[2,0],[37,51]],[[0,26],[6,46]]]},
"G24": {"type": "Matrix2x2", "payoffs": [[[0,56],[7,0]],[[9,71],[5,10]]]},
"G25": {"type": "Matrix2x2", "payoffs": [[[56,75],[0,52]],[[52,0],[39,8]]]},
"G26": {"type": "Matrix2x2", "payoffs": [[[0,40],[74,57]],[[60,16],[64,0]]]},
"G27": {"type": "Matrix2x2", "payoffs": [[[6,5],[13,7]],[[0,3],[3,0]]]},
"G28": {"type": "Matrix2x2", "payoffs": [[[0,3],[1,25]],[[8,53],[5,0]]]},
"G29": {"type": "Matrix2x2", "payoffs": [[[19,69],[11,6]],[[0,7],[12,0]]]},
"G30": {"type": "Matrix2x2", "payoffs": [[[79,5],[65,2]],[[0,4],[30,0]]]},
"G31": {"type": "Matrix2x2", "payoffs": [[[0,59],[41,94]],[[34,22],[24,0]]]},
"G32": {"type": "Matrix2x2", "payoffs": [[[67,30],[0,0]],[[57,8],[24,22]]]},
"G33": {"type": "Matrix2x2", "payoffs": [[[17,30],[2,0]],[[0,17],[3,18]]]},
"G34": {"type": "Matrix2x2", "payoffs": [[[0,14],[100,24]],[[36,0],[28,19]]]},
"G35": {"type": "Matrix2x2", "payoffs": [[[42,57],[39,47]],[[33,18],[0,0]]]},
"G36": {"type": "Matrix2x2", "payoffs": [[[0,0],[13,62]],[[20,5],[22,64]]]},
"G37": {"type": "Matrix2x2", "payoffs": [[[0,15],[58,30]],[[40,20],[50,0]]]},
"G38": {"type": "Matrix2x2", "payoffs": [[[87,76],[49,74]],[[25,64],[0,0]]]},
"G39": {"type": "Matrix2x2", "payoffs": [[[0,65],[54,79]],[[63,0],[90,97]]]},
"G40": {"type": "Matrix2x2", "payoffs": [[[90,95],[0,27]],[[56,31],[75,0]]]},
"G41": {"type": "Matrix2x2", "payoffs": [[[1,0],[0,64]],[[58,58],[76,96]]]},
"G42": {"type": "Matrix2x2", "payoffs": [[[0,0],[11,6]],[[1,7],[87,8]]]},
"G43": {"type": "Matrix2x2", "payoffs": [[[73,16],[0,0]],[[60,2],[31,9]]]},
"G44": {"type": "Matrix2x2", "payoffs": [[[57,5],[71,0]],[[86,13],[0,8]]]},
"G45": {"type": "Matrix2x2", "payoffs": [[[0,45],[17,25]],[[45,0],[53,75]]]},
"G46": {"type": "Matrix2x2", "payoffs": [[[1,0],[2,12]],[[4,20],[0,4]]]},
"G47": {"type": "Matrix2x2", "payoffs": [[[15,46],[0,9]],[[33,52],[22,0]]]},
"G48": {"type": "Matrix2x2", "payoffs": [[[52,3],[0,21]],[[6,0],[60,74]]]},
"G49": {"type": "Matrix2x2", "payoffs": [[[22,0],[17,6]],[[24,59],[0,26]]]},
"G50": {"type": "Matrix2x2", "payoffs": [[[0,0],[47,79]],[[24,2],[16,19]]]},
"G51": {"type": "Matrix2x2", "payoffs": [[[62,12],[20,0]],[[0,5],[43,6]]]},
"G52": {"type": "Matrix2x2", "payoffs": [[[0,0],[30,56]],[[48,57],[40,47]]]},
"G53": {"type": "Matrix2x2", "payoffs": [[[0,9],[6,38]],[[11,51],[5,0]]]},
"G54": {"type": "Matrix2x2", "payoffs": [[[27,21],[30,40]],[[0,0],[28,19]]]},
"G55": {"type": "Matrix2x2", "payoffs": [[[21,13],[42,95]],[[0,2],[19,0]]]},
"G56": {"type": "Matrix2x2", "payoffs": [[[45,3],[46,12]],[[0,0],[39,11]]]},
"G57": {"type": "Matrix2x2", "payoffs": [[[45,39],[0,3]],[[20,0],[58,70]]]},
"G58": {"type": "Matrix2x2", "payoffs": [[[6,0],[0,21]],[[7,45],[8,67]]]},
"G59": {"type": "Matrix2x2", "payoffs": [[[8,98],[0,52]],[[5,57],[4,0]]]},
"G60": {"type": "Matrix2x2", "payoffs": [[[29,56],[0,0]],[[1,1],[14,17]]]},
"G61": {"type": "Matrix2x2", "payoffs": [[[8,0],[0,35]],[[3,18],[54,64]]]},
"G62": {"type": "Matrix2x2", "payoffs": [[[0,28],[6,19]],[[3,0],[16,69]]]},
"G63": {"type": "Matrix2x2", "payoffs": [[[13,52],[0,18]],[[41,0],[57,80]]]},
"G64": {"type": "Matrix2x2", "payoffs": [[[3,52],[30,73]],[[0,64],[7,0]]]},
"G65": {"type": "Matrix2x2", "payoffs": [[[27,0],[20,69]],[[0,71],[28,78]]]},
"G66": {"type": "Matrix2x2", "payoffs": [[[42,3],[0,0]],[[14,57],[50,72]]]},
"G67": {"type": "Matrix2x2", "payoffs": [[[57,13],[0,0]],[[12,35],[70,37]]]},
"G68": {"type": "Matrix2x2", "payoffs": [[[39,0],[0,1]],[[62,2],[93,3]]]},
"G69": {"type": "Matrix2x2", "payoffs": [[[38,5],[66,15]],[[0,11],[53,0]]]},
"G70": {"type": "Matrix2x2", "payoffs": [[[0,0],[89,8]],[[37,5],[55,3]]]},
"G71": {"type": "Matrix2x2", "payoffs": [[[2,23],[6,0]],[[0,26],[22,31]]]},
"G72": {"type": "Matrix2x2", "payoffs": [[[32,24],[82,42]],[[0,13],[13,0]]]},
"G73": {"type": "Matrix2x2", "payoffs": [[[48,23],[70,46]],[[57,25],[0,0]]]},
"G74": {"type": "Matrix2x2", "payoffs": [[[12,73],[3,54]],[[0,63],[8,0]]]},
"G75": {"type": "Matrix2x2", "payoffs": [[[42,3],[51,26]],[[1,0],[0,6]]]},
"G76": {"type": "Matrix2x2", "payoffs": [[[54,0],[40,5]],[[75,45],[0,39]]]},
"G77": {"type": "Matrix2x2", "payoffs": [[[0,22],[8,0]],[[69,67],[22,9]]]},
"G78": {"type": "Matrix2x2", "payoffs": [[[0,0],[1,5]],[[33,65],[18,34]]]},
"G79": {"type": "Matrix2x2", "payoffs": [[[34,6],[61,46]],[[0,0],[44,13]]]},
"G80": {"type": "Matrix2x2", "payoffs": [[[29,0],[0,14]],[[12,7],[32,49]]]},
"G81": {"type": "Matrix2x2", "payoffs": [[[41,0],[0,25]],[[89,70],[28,68]]]},
"G82": {"type": "Matrix2x2", "payoffs": [[[63,8],[34,0]],[[74,31],[0,12]]]},
"G83": {"type": "Matrix2x2", "payoffs": [[[0,59],[51,91]],[[12,76],[31,0]]]},
"G84": {"type": "Matrix2x2", "payoffs": [[[7,79],[5,59]],[[0,0],[11,80]]]},
"G85": {"type": "Matrix2x2", "payoffs": [[[88,33],[95,89]],[[0,0],[33,17]]]},
"G86": {"type": "Matrix2x2", "payoffs": [[[0,0],[2,17]],[[10,83],[7,13]]]},
"G87": {"type": "Matrix2x2", "payoffs": [[[7,9],[21,0]],[[0,61],[25,92]]]},
"G88": {"type": "Matrix2x2", "payoffs": [[[34,7],[0,4]],[[44,11],[5,0]]]},
"G89": {"type": "Matrix2x2", "payoffs": [[[0,57],[9,37]],[[87,82],[1,0]]]},
"G90": {"type": "Matrix2x2", "payoffs": [[[5,0],[51,51]],[[0,87],[64,91]]]},
"G91": {"type": "Matrix2x2", "payoffs": [[[0,21],[49,26]],[[52,67],[1,0]]]},
"G92": {"type": "Matrix2x2", "payoffs": [[[2,41],[0,64]],[[3,81],[1,0]]]},
"G93": {"type": "Matrix2x2", "payoffs": [[[9,78],[0,46]],[[5,0],[8,63]]]},
"G94": {"type": "Matrix2x2", "payoffs": [[[36,0],[53,98]],[[26,81],[0,80]]]},
"G95": {"type": "Matrix2x2", "payoffs": [[[15,16],[3,75]],[[21,97],[0,0]]]},
"G96": {"type": "Matrix2x2", "payoffs": [[[16,16],[0,0]],[[96,100],[54,24]]]},
"G97": {"type": "Matrix2x2", "payoffs": [[[3,10],[0,0]],[[9,44],[2,3]]]},
"G98": {"type": "Matrix2x2", "payoffs": [[[1,2],[39,31]],[[18,12],[0,0]]]},
"G99": {"type": "Matrix2x2", "payoffs": [[[50,18],[75,50]],[[0,0],[14,13]]]},
"G100": {"type": "Matrix2x2", "payoffs": [[[4,49],[12,99]],[[3,0],[0,6]]]}
}