{
"numGames": 1000,
"G1": {"type": "Matrix2x2", "payoffs": [[[9,17],[40,48]],[[2,0],[0,12]]]},
"G2": {"type": "Matrix2x2", "payoffs": [[[33,4],[0,1]],[[26,0],[1,2]]]},
"G3": {"type": "Matrix2x2", "payoffs": [[[0,0],[1,82]],[[48,88],[46,65]]]},
"G4": {"type": "Matrix2x2", "payoffs": [[[2,0],[1,66]],[[0,35],[3,79]]]},
"G5": {"type": "Matrix2x2", "payoffs": [[[0,9],[49,1]],[[57,32],[6,0]]]},
"G6": {"type": "Matrix2x2", "payoffs": [[[48,12],[100,91]],[[12,0],[0,39]]]},
"G7": {"type": "Matrix2x2", "payoffs": [[[31,0],[32,61]],[[20,55],[0,11]]]},
"G8": {"type": "Matrix2x2", "payoffs": [[[2,0],[3,59]],[[9,63],[0,4]]]},
"G9": {"type": "Matrix2x2", "payoffs": [[[65,64],[42,0]],[[0,60],[44,6]]]},
"G10": {"type": "Matrix2x2", "payoffs": [[[0,0],[7,36]],[[2,86],[28,98]]]},
"G11": {"type": "Matrix2x2", "payoffs": [[[12,38],[19,0]],[[0,75],[24,90]]]},
"G12": {"type": "Matrix2x2", "payoffs": [[[12,89],[11,59]],[[0,88],[1,0]]]},
"G13": {"type": "Matrix2x2", "payoffs": [[[37,17],[61,18]],[[0,2],[31,0]]]},
"G14": {"type": "Matrix2x2", "payoffs": [[[6,0],[54,23]],[[37,8],[0,13]]]},
"G15": {"type": "Matrix2x2", "payoffs": [[[0,35],[5,23]],[[22,100],[1,0]]]},
"G16": {"type": "Matrix2x2", "payoffs": [[[0,7],[52,86]],[[74,92],[23,0]]]},
"G17": {"type": "Matrix2x2", "payoffs": [[[19,0],[0,59]],[[42,63],[26,19]]]},
"G18": {"type": "Matrix2x2", "payoffs": [[[9,0],[8,16]],[[11,55],[0,42]]]},
"G19": {"type": "Matrix2x2", "payoffs": [[[17,3],[0,1]],[[6,2],[1,0]]]},
"G20": {"type": "Matrix2x2", "payoffs": [[[0,1],[9,0]],[[50,7],[30,6]]]},
"G21": {"type": "Matrix2x2", "payoffs": [[[65,19],[0,26]],[[8,0],[71,32]]]},
"G22": {"type": "Matrix2x2", "payoffs": [[[0,33],[48,2]],[[96,50],[85,0]]]},
"G23": {"type": "Matrix2x2", "payoffs": [[[20,29],[32,59]],[[27,0],[0,42]]]},
"G24": {"type": "Matrix2x2", "payoffs": [[[20,17],[0,12]],[[15,0],[76,21]]]},
"G25": {"type": "Matrix2x2", "payoffs": [[[65,3],[27,0]],[[0,4],[68,6]]]},
"G26": {"type": "Matrix2x2", "payoffs": [[[44,98],[39,55]],[[25,0],[0,81]]]},
"G27": {"type": "Matrix2x2", "payoffs": [[[54,0],[0,7]],[[63,35],[11,22]]]},
"G28": {"type": "Matrix2x2", "payoffs": [[[0,8],[55,0]],[[99,55],[75,33]]]},
"G29": {"type": "Matrix2x2", "payoffs": [[[4,9],[10,0]],[[83,53],[0,32]]]},
"G30": {"type": "Matrix2x2", "payoffs": [[[6,17],[49,18]],[[0,11],[2,0]]]},
"G31": {"type": "Matrix2x2", "payoffs": [[[51,0],[48,20]],[[0,10],[55,28]]]},
"G32": {"type": "Matrix2x2", "payoffs": [[[9,44],[0,4]],[[3,0],[6,41]]]},
"G33": {"type": "Matrix2x2", "payoffs": [[[26,1],[0,28]],[[14,0],[47,29]]]},
"G34": {"type": "Matrix2x2", "payoffs": [[[30,18],[88,31]],[[76,13],[0,0]]]},
"G35": {"type": "Matrix2x2", "payoffs": [[[33,0],[61,74]],[[81,78],[0,49]]]},
"G36": {"type": "Matrix2x2", "payoffs": [[[0,92],[99,97]],[[71,0],[92,48]]]},
"G37": {"type": "Matrix2x2", "payoffs": [[[42,29],[53,99]],[[1,0],[0,96]]]},
"G38": {"type": "Matrix2x2", "payoffs": [[[21,69],[12,55]],[[11,10],[0,0]]]},
"G39": {"type": "Matrix2x2", "payoffs": [[[60,18],[23,14]],[[44,0],[0,15]]]},
"G40": {"type": "Matrix2x2", "payoffs": [[[40,0],[51,64]],[[23,55],[0,1]]]},
"G41": {"type": "Matrix2x2", "payoffs": [[[45,86],[0,16]],[[92,0],[94,87]]]},
"G42": {"type": "Matrix2x2", "payoffs": [[[22,15],[28,56]],[[0,32],[20,0]]]},
"G43": {"type": "Matrix2x2", "payoffs": [[[39,35],[0,1]],[[78,51],[69,0]]]},
"G44": {"type": "Matrix2x2", "payoffs": [[[32,0],[0,2]],[[54,83],[35,82]]]},
"G45": {"type": "Matrix2x2", "payoffs": [[[0,0],[5,1]],[[8,4],[2,3]]]},
"G46": {"type": "Matrix2x2", "payoffs": [[[71,37],[95,62]],[[0,0],[86,44]]]},
"G47": {"type": "Matrix2x2", "payoffs": [[[2,51],[0,53]],[[14,0],[52,90]]]},
"G48": {"type": "Matrix2x2", "payoffs": [[[0,0],[54,8]],[[67,18],[69,19]]]},
"G49": {"type": "Matrix2x2", "payoffs": [[[0,24],[24,46]],[[23,0],[19,35]]]},
"G50": {"type": "Matrix2x2", "payoffs": [[[41,12],[0,0]],[[24,10],[52,23]]]},
"G51": {"type": "Matrix2x2", "payoffs": [[[17,2],[24,26]],[[29,28],[0,0]]]},
"G52": {"type": "Matrix2x2", "payoffs": [[[10,13],[0,1]],[[69,22],[4,0]]]},
"G53": {"type": "Matrix2x2", "payoffs": [[[0,0],[65,22]],[[81,24],[89,28]]]},
"G54": {"type": "Matrix2x2", "payoffs": [[[0,32],[31,65]],[[19,22],[21,0]]]},
"G55": {"type": "Matrix2x2", "payoffs": [[[45,0],[19,4]],[[56,27],[0,20]]]},
"G56": {"type": "Matrix2x2", "payoffs": [[[0,54],[30,0]],[[79,88],[57,50]]]},
"G57": {"type": "Matrix2x2", "payoffs": [[[44,49],[5,0]],[[0,13],[28,45]]]},
"G58": {"type": "Matrix2x2", "payoffs": [[[32,75],[39,0]],[[45,87],[0,60]]]},
"G59": {"type": "Matrix2x2", "payoffs": [[[0,0],[36,48]],[[28,30],[6,38]]]},
"G60": {"type": "Matrix2x2", "payoffs": [[[1,0],[14,56]],[[7,52],[0,3]]]},
"G61": {"type": "Matrix2x2", "payoffs": [[[0,5],[14,0]],[[21,1],[34,6]]]},
"G62": {"type": "Matrix2x2", "payoffs": [[[34,5],[0,0]],[[65,8],[45,2]]]},
"G63": {"type": "Matrix2x2", "payoffs": [[[38,82],[0,19]],[[6,54],[3,0]]]},
"G64": {"type": "Matrix2x2", "payoffs": [[[0,0],[27,10]],[[49,9],[53,75]]]},
"G65": {"type": "Matrix2x2", "payoffs": [[[0,0],[28,25]],[[69,45],[44,42]]]},
"G66": {"type": "Matrix2x2", "payoffs": [[[0,8],[49,0]],[[26,46],[54,77]]]},
"G67": {"type": "Matrix2x2", "payoffs": [[[0,12],[12,90]],[[4,0],[35,94]]]},
"G68": {"type": "Matrix2x2", "payoffs": [[[0,6],[18,0]],[[1,5],[42,14]]]},
"G69": {"type": "Matrix2x2", "payoffs": [[[0,0],[79,4]],[[43,6],[91,31]]]},
"G70": {"type": "Matrix2x2", "payoffs": [[[36,8],[24,6]],[[0,0],[26,5]]]},
"G71": {"type": "Matrix2x2", "payoffs": [[[80,24],[42,17]],[[0,11],[39,0]]]},
"G72": {"type": "Matrix2x2", "payoffs": [[[23,24],[41,2]],[[66,37],[0,0]]]},
"G73": {"type": "Matrix2x2", "payoffs": [[[27,78],[0,26]],[[31,0],[37,94]]]},
"G74": {"type": "Matrix2x2", "payoffs": [[[59,24],[41,12]],[[0,0],[9,11]]]},
"G75": {"type": "Matrix2x2", "payoffs": [[[39,7],[0,0]],[[80,32],[47,27]]]},
"G76": {"type": "Matrix2x2", "payoffs": [[[10,18],[17,25]],[[2,0],[0,7]]]},
"G77": {"type": "Matrix2x2", "payoffs": [[[63,0],[64,19]],[[0,49],[79,95]]]},
"G78": {"type": "Matrix2x2", "payoffs": [[[3,0],[29,79]],[[23,39],[0,16]]]},
"G79": {"type": "Matrix2x2", "payoffs": [[[21,1],[76,6]],[[0,4],[34,0]]]},
"G80": {"type": "Matrix2x2", "payoffs": [[[37,11],[14,0]],[[9,7],[0,6]]]},
"G81": {"type": "Matrix2x2", "payoffs": [[[40,0],[11,56]],[[82,86],[0,78]]]},
"G82": {"type": "Matrix2x2", "payoffs": [[[19,21],[0,3]],[[5,17],[13,0]]]},
"G83": {"type": "Matrix2x2", "payoffs": [[[83,59],[21,5]],[[0,0],[69,12]]]},
"G84": {"type": "Matrix2x2", "payoffs": [[[0,18],[20,0]],[[16,9],[24,50]]]},
"G85": {"type": "Matrix2x2", "payoffs": [[[12,61],[17,15]],[[39,64],[0,0]]]},
"G86": {"type": "Matrix2x2", "payoffs": [[[14,0],[0,11]],[[71,23],[63,19]]]},
"G87": {"type": "Matrix2x2", "payoffs": [[[7,7],[4,0]],[[0,4],[72,26]]]},
"G88": {"type": "Matrix2x2", "payoffs": [[[0,34],[83,36]],[[25,0],[76,4]]]},
"G89": {"type": "Matrix2x2", "payoffs": [[[24,35],[0,0]],[[35,89],[12,4]]]},
"G90": {"type": "Matrix2x2", "payoffs": [[[14,23],[0,20]],[[6,16],[3,0]]]},
"G91": {"type": "Matrix2x2", "payoffs": [[[0,27],[7,92]],[[10,95],[5,0]]]},
"G92": {"type": "Matrix2x2", "payoffs": [[[40,66],[19,33]],[[0,40],[3,0]]]},
"G93": {"type": "Matrix2x2", "payoffs": [[[17,0],[20,30]],[[32,32],[0,21]]]},
"G94": {"type": "Matrix2x2", "payoffs": [[[15,23],[49,44]],[[24,0],[0,30]]]},
"G95": {"type": "Matrix2x2", "payoffs": [[[18,0],[21,79]],[[0,4],[2,3]]]},
"G96": {"type": "Matrix2x2", "payoffs": [[[9,0],[2,2]],[[24,18],[0,6]]]},
"G97": {"type": "Matrix2x2", "payoffs": [[[63,19],[72,98]],[[71,0],[0,25]]]},
"G98": {"type": "Matrix2x2", "payoffs": [[[30,60],[0,26]],[[38,0],[62,85]]]},
"G99": {"type": "Matrix2x2", "payoffs": [[[2,0],[23,18]],[[7,6],[0,8]]]},
"G100": {"type": "Matrix2x2", "payoffs": [[[46,69],[1,67]],[[22,0],[0,35]]]},
"G101": {"type": "Matrix2x2", "payoffs": [[[12,0],[53,65]],[[8,29],[0,56]]]},
"G102": {"type": "Matrix2x2", "payoffs": [[[35,72],[34,0]],[[39,85],[0,49]]]},
"G103": {"type": "Matrix2x2", "payoffs": [[[3,18],[0,7]],[[1,0],[2,2]]]},
"G104": {"type": "Matrix2x2", "payoffs": [[[96,44],[0,1]],[[32,31],[21,0]]]},
"G105": {"type": "Matrix2x2", "payoffs": [[[8,65],[6,48]],[[5,0],[0,32]]]},
"G106": {"type": "Matrix2x2", "payoffs": [[[36,0],[29,8]],[[0,7],[75,16]]]},
"G107": {"type": "Matrix2x2", "payoffs": [[[36,96],[14,2]],[[7,65],[0,0]]]},
"G108": {"type": "Matrix2x2", "payoffs": [[[39,0],[11,21]],[[65,56],[0,41]]]},
"G109": {"type": "Matrix2x2", "payoffs": [[[0,16],[10,0]],[[15,21],[39,69]]]},
"G110": {"type": "Matrix2x2", "payoffs": [[[4,29],[17,0]],[[0,24],[33,36]]]},
"G111": {"type": "Matrix2x2", "payoffs": [[[24,64],[13,0]],[[14,5],[0,28]]]},
"G112": {"type": "Matrix2x2", "payoffs": [[[72,55],[5,52]],[[60,54],[0,0]]]},
"G113": {"type": "Matrix2x2", "payoffs": [[[27,43],[61,59]],[[0,29],[32,0]]]},
"G114": {"type": "Matrix2x2", "payoffs": [[[0,0],[17,28]],[[33,84],[37,90]]]},
"G115": {"type": "Matrix2x2", "payoffs": [[[5,7],[0,0]],[[16,11],[61,34]]]},
"G116": {"type": "Matrix2x2", "payoffs": [[[29,17],[0,0]],[[52,39],[26,27]]]},
"G117": {"type": "Matrix2x2", "payoffs": [[[24,60],[67,73]],[[0,0],[3,4]]]},
"G118": {"type": "Matrix2x2", "payoffs": [[[20,25],[17,34]],[[0,0],[24,41]]]},
"G119": {"type": "Matrix2x2", "payoffs": [[[0,1],[89,9]],[[94,10],[82,0]]]},
"G120": {"type": "Matrix2x2", "payoffs": [[[27,36],[70,83]],[[0,0],[10,64]]]},
"G121": {"type": "Matrix2x2", "payoffs": [[[17,0],[7,23]],[[0,13],[49,35]]]},
"G122": {"type": "Matrix2x2", "payoffs": [[[17,14],[1,4]],[[37,17],[0,0]]]},
"G123": {"type": "Matrix2x2", "payoffs": [[[0,25],[14,0]],[[35,34],[23,18]]]},
"G124": {"type": "Matrix2x2", "payoffs": [[[8,49],[12,68]],[[0,7],[9,0]]]},
"G125": {"type": "Matrix2x2", "payoffs": [[[0,0],[31,71]],[[9,45],[36,91]]]},
"G126": {"type": "Matrix2x2", "payoffs": [[[2,0],[21,2]],[[0,48],[47,50]]]},
"G127": {"type": "Matrix2x2", "payoffs": [[[78,44],[0,8]],[[70,39],[41,0]]]},
"G128": {"type": "Matrix2x2", "payoffs": [[[5,25],[3,1]],[[0,19],[4,0]]]},
"G129": {"type": "Matrix2x2", "payoffs": [[[0,13],[84,33]],[[28,17],[58,0]]]},
"G130": {"type": "Matrix2x2", "payoffs": [[[1,9],[6,4]],[[0,0],[19,25]]]},
"G131": {"type": "Matrix2x2", "payoffs": [[[0,24],[60,0]],[[8,54],[61,78]]]},
"G132": {"type": "Matrix2x2", "payoffs": [[[13,2],[69,22]],[[0,10],[62,0]]]},
"G133": {"type": "Matrix2x2", "payoffs": [[[88,50],[0,13]],[[49,0],[42,20]]]},
"G134": {"type": "Matrix2x2", "payoffs": [[[0,11],[47,0]],[[12,46],[62,49]]]},
"G135": {"type": "Matrix2x2", "payoffs": [[[55,0],[0,46]],[[38,23],[64,58]]]},
"G136": {"type": "Matrix2x2", "payoffs": [[[11,12],[10,9]],[[8,0],[0,2]]]},
"G137": {"type": "Matrix2x2", "payoffs": [[[49,5],[0,2]],[[5,0],[23,3]]]},
"G138": {"type": "Matrix2x2", "payoffs": [[[1,21],[5,4]],[[0,0],[20,36]]]},
"G139": {"type": "Matrix2x2", "payoffs": [[[19,41],[7,39]],[[4,11],[0,0]]]},
"G140": {"type": "Matrix2x2", "payoffs": [[[56,33],[16,16]],[[70,47],[0,0]]]},
"G141": {"type": "Matrix2x2", "payoffs": [[[74,41],[48,20]],[[45,1],[0,0]]]},
"G142": {"type": "Matrix2x2", "payoffs": [[[18,25],[0,0]],[[7,19],[19,34]]]},
"G143": {"type": "Matrix2x2", "payoffs": [[[4,0],[7,7]],[[9,95],[0,71]]]},
"G144": {"type": "Matrix2x2", "payoffs": [[[11,0],[69,32]],[[23,24],[0,13]]]},
"G145": {"type": "Matrix2x2", "payoffs": [[[7,43],[0,16]],[[18,77],[12,0]]]},
"G146": {"type": "Matrix2x2", "payoffs": [[[35,0],[59,72]],[[0,30],[46,8]]]},
"G147": {"type": "Matrix2x2", "payoffs": [[[0,0],[4,84]],[[9,88],[5,70]]]},
"G148": {"type": "Matrix2x2", "payoffs": [[[74,20],[0,0]],[[73,1],[28,4]]]},
"G149": {"type": "Matrix2x2", "payoffs": [[[19,16],[12,9]],[[5,4],[0,0]]]},
"G150": {"type": "Matrix2x2", "payoffs": [[[1,29],[12,0]],[[0,30],[31,52]]]},
"G151": {"type": "Matrix2x2", "payoffs": [[[40,1],[30,3]],[[0,0],[42,30]]]},
"G152": {"type": "Matrix2x2", "payoffs": [[[30,22],[0,0]],[[15,13],[25,7]]]},
"G153": {"type": "Matrix2x2", "payoffs": [[[21,1],[10,2]],[[92,9],[0,0]]]},
"G154": {"type": "Matrix2x2", "payoffs": [[[6,6],[0,0]],[[11,37],[9,21]]]},
"G155": {"type": "Matrix2x2", "payoffs": [[[24,20],[9,12]],[[4,0],[0,17]]]},
"G156": {"type": "Matrix2x2", "payoffs": [[[42,4],[0,0]],[[28,7],[94,10]]]},
"G157": {"type": "Matrix2x2", "payoffs": [[[40,77],[0,0]],[[49,99],[15,89]]]},
"G158": {"type": "Matrix2x2", "payoffs": [[[9,17],[12,39]],[[0,35],[1,0]]]},
"G159": {"type": "Matrix2x2", "payoffs": [[[0,28],[46,70]],[[38,4],[18,0]]]},
"G160": {"type": "Matrix2x2", "payoffs": [[[7,0],[9,3]],[[0,4],[11,5]]]},
"G161": {"type": "Matrix2x2", "payoffs": [[[19,24],[82,43]],[[21,28],[0,0]]]},
"G162": {"type": "Matrix2x2", "payoffs": [[[75,80],[42,67]],[[24,12],[0,0]]]},
"G163": {"type": "Matrix2x2", "payoffs": [[[24,29],[0,8]],[[11,0],[14,22]]]},
"G164": {"type": "Matrix2x2", "payoffs": [[[0,0],[2,6]],[[57,10],[34,9]]]},
"G165": {"type": "Matrix2x2", "payoffs": [[[9,0],[18,15]],[[91,19],[0,7]]]},
"G166": {"type": "Matrix2x2", "payoffs": [[[39,37],[1,15]],[[19,20],[0,0]]]},
"G167": {"type": "Matrix2x2", "payoffs": [[[0,0],[58,70]],[[69,89],[36,68]]]},
"G168": {"type": "Matrix2x2", "payoffs": [[[62,91],[82,71]],[[84,95],[0,0]]]},
"G169": {"type": "Matrix2x2", "payoffs": [[[54,88],[42,0]],[[29,21],[0,66]]]},
"G170": {"type": "Matrix2x2", "payoffs": [[[30,29],[100,49]],[[0,30],[70,0]]]},
"G171": {"type": "Matrix2x2", "payoffs": [[[12,20],[27,21]],[[0,19],[13,0]]]},
"G172": {"type": "Matrix2x2", "payoffs": [[[8,9],[2,6]],[[0,1],[3,0]]]},
"G173": {"type": "Matrix2x2", "payoffs": [[[3,0],[0,23]],[[14,69],[8,42]]]},
"G174": {"type": "Matrix2x2", "payoffs": [[[44,74],[29,0]],[[0,2],[78,99]]]},
"G175": {"type": "Matrix2x2", "payoffs": [[[71,12],[0,15]],[[83,17],[54,0]]]},
"G176": {"type": "Matrix2x2", "payoffs": [[[18,20],[0,19]],[[50,27],[5,0]]]},
"G177": {"type": "Matrix2x2", "payoffs": [[[23,82],[2,44]],[[0,0],[68,91]]]},
"G178": {"type": "Matrix2x2", "payoffs": [[[0,0],[50,24]],[[3,1],[14,7]]]},
"G179": {"type": "Matrix2x2", "payoffs": [[[6,68],[0,17]],[[4,0],[21,95]]]},
"G180": {"type": "Matrix2x2", "payoffs": [[[39,0],[14,29]],[[0,21],[64,34]]]},
"G181": {"type": "Matrix2x2", "payoffs": [[[33,33],[0,0]],[[51,78],[25,42]]]},
"G182": {"type": "Matrix2x2", "payoffs": [[[39,24],[0,0]],[[14,2],[23,23]]]},
"G183": {"type": "Matrix2x2", "payoffs": [[[0,3],[20,0]],[[27,5],[8,2]]]},
"G184": {"type": "Matrix2x2", "payoffs": [[[55,55],[41,33]],[[0,4],[15,0]]]},
"G185": {"type": "Matrix2x2", "payoffs": [[[100,84],[81,17]],[[53,0],[0,58]]]},
"G186": {"type": "Matrix2x2", "payoffs": [[[5,21],[1,0]],[[11,28],[0,11]]]},
"G187": {"type": "Matrix2x2", "payoffs": [[[3,0],[0,7]],[[8,10],[1,1]]]},
"G188": {"type": "Matrix2x2", "payoffs": [[[27,0],[0,2]],[[4,12],[61,13]]]},
"G189": {"type": "Matrix2x2", "payoffs": [[[0,57],[44,0]],[[80,73],[81,77]]]},
"G190": {"type": "Matrix2x2", "payoffs": [[[2,30],[1,55]],[[3,66],[0,0]]]},
"G191": {"type": "Matrix2x2", "payoffs": [[[0,22],[56,0]],[[90,29],[25,24]]]},
"G192": {"type": "Matrix2x2", "payoffs": [[[28,26],[11,2]],[[8,0],[0,14]]]},
"G193": {"type": "Matrix2x2", "payoffs": [[[0,35],[30,4]],[[54,43],[2,0]]]},
"G194": {"type": "Matrix2x2", "payoffs": [[[68,18],[0,1]],[[8,0],[55,17]]]},
"G195": {"type": "Matrix2x2", "payoffs": [[[27,0],[38,12]],[[0,32],[42,80]]]},
"G196": {"type": "Matrix2x2", "payoffs": [[[36,76],[28,0]],[[0,64],[3,59]]]},
"G197": {"type": "Matrix2x2", "payoffs": [[[23,17],[0,15]],[[19,0],[5,14]]]},
"G198": {"type": "Matrix2x2", "payoffs": [[[0,0],[90,100]],[[28,25],[67,2]]]},
"G199": {"type": "Matrix2x2", "payoffs": [[[0,85],[28,29]],[[72,0],[78,88]]]},
"G200": {"type": "Matrix2x2", "payoffs": [[[2,23],[0,16]],[[16,0],[19,26]]]},
"G201": {"type": "Matrix2x2", "payoffs": [[[13,0],[48,82]],[[45,61],[0,37]]]},
"G202": {"type": "Matrix2x2", "payoffs": [[[32,0],[94,72]],[[0,67],[49,20]]]},
"G203": {"type": "Matrix2x2", "payoffs": [[[0,44],[13,28]],[[67,84],[27,0]]]},
"G204": {"type": "Matrix2x2", "payoffs": [[[0,27],[21,0]],[[75,47],[62,34]]]},
"G205": {"type": "Matrix2x2", "payoffs": [[[78,93],[67,0]],[[0,85],[20,31]]]},
"G206": {"type": "Matrix2x2", "payoffs": [[[4,22],[75,28]],[[97,34],[0,0]]]},
"G207": {"type": "Matrix2x2", "payoffs": [[[27,0],[54,83]],[[0,24],[1,74]]]},
"G208": {"type": "Matrix2x2", "payoffs": [[[71,99],[51,9]],[[0,15],[1,0]]]},
"G209": {"type": "Matrix2x2", "payoffs": [[[79,40],[74,14]],[[55,0],[0,7]]]},
"G210": {"type": "Matrix2x2", "payoffs": [[[31,38],[4,9]],[[0,14],[7,0]]]},
"G211": {"type": "Matrix2x2", "payoffs": [[[0,32],[7,78]],[[2,1],[3,0]]]},
"G212": {"type": "Matrix2x2", "payoffs": [[[41,0],[0,25]],[[57,53],[50,29]]]},
"G213": {"type": "Matrix2x2", "payoffs": [[[0,28],[39,31]],[[56,0],[66,32]]]},
"G214": {"type": "Matrix2x2", "payoffs": [[[16,30],[25,28]],[[0,0],[64,40]]]},
"G215": {"type": "Matrix2x2", "payoffs": [[[24,0],[5,16]],[[37,17],[0,15]]]},
"G216": {"type": "Matrix2x2", "payoffs": [[[0,15],[3,0]],[[6,48],[4,27]]]},
"G217": {"type": "Matrix2x2", "payoffs": [[[0,0],[13,44]],[[67,81],[19,16]]]},
"G218": {"type": "Matrix2x2", "payoffs": [[[6,1],[0,21]],[[1,0],[7,46]]]},
"G219": {"type": "Matrix2x2", "payoffs": [[[0,1],[15,0]],[[3,18],[22,20]]]},
"G220": {"type": "Matrix2x2", "payoffs": [[[29,10],[27,0]],[[48,91],[0,74]]]},
"G221": {"type": "Matrix2x2", "payoffs": [[[68,0],[64,47]],[[0,38],[97,65]]]},
"G222": {"type": "Matrix2x2", "payoffs": [[[71,1],[0,0]],[[78,3],[80,4]]]},
"G223": {"type": "Matrix2x2", "payoffs": [[[0,0],[40,61]],[[34,33],[6,45]]]},
"G224": {"type": "Matrix2x2", "payoffs": [[[89,0],[96,73]],[[69,67],[0,70]]]},
"G225": {"type": "Matrix2x2", "payoffs": [[[48,0],[20,59]],[[75,84],[0,26]]]},
"G226": {"type": "Matrix2x2", "payoffs": [[[46,27],[0,23]],[[14,0],[66,32]]]},
"G227": {"type": "Matrix2x2", "payoffs": [[[1,36],[76,38]],[[68,0],[0,26]]]},
"G228": {"type": "Matrix2x2", "payoffs": [[[0,0],[7,1]],[[24,16],[38,49]]]},
"G229": {"type": "Matrix2x2", "payoffs": [[[60,6],[47,2]],[[0,0],[51,1]]]},
"G230": {"type": "Matrix2x2", "payoffs": [[[69,0],[84,13]],[[0,8],[37,10]]]},
"G231": {"type": "Matrix2x2", "payoffs": [[[73,58],[18,2]],[[0,0],[12,23]]]},
"G232": {"type": "Matrix2x2", "payoffs": [[[23,56],[11,0]],[[32,92],[0,89]]]},
"G233": {"type": "Matrix2x2", "payoffs": [[[12,15],[72,19]],[[67,0],[0,13]]]},
"G234": {"type": "Matrix2x2", "payoffs": [[[0,31],[26,56]],[[18,0],[21,11]]]},
"G235": {"type": "Matrix2x2", "payoffs": [[[0,13],[16,0]],[[24,8],[86,16]]]},
"G236": {"type": "Matrix2x2", "payoffs": [[[0,5],[96,36]],[[89,0],[28,34]]]},
"G237": {"type": "Matrix2x2", "payoffs": [[[0,7],[8,5]],[[43,16],[42,0]]]},
"G238": {"type": "Matrix2x2", "payoffs": [[[50,0],[93,57]],[[0,55],[6,5]]]},
"G239": {"type": "Matrix2x2", "payoffs": [[[77,30],[28,0]],[[0,1],[8,8]]]},
"G240": {"type": "Matrix2x2", "payoffs": [[[66,58],[95,71]],[[0,56],[11,0]]]},
"G241": {"type": "Matrix2x2", "payoffs": [[[0,8],[28,6]],[[86,27],[45,0]]]},
"G242": {"type": "Matrix2x2", "payoffs": [[[0,40],[92,19]],[[98,67],[80,0]]]},
"G243": {"type": "Matrix2x2", "payoffs": [[[19,31],[33,0]],[[0,22],[40,76]]]},
"G244": {"type": "Matrix2x2", "payoffs": [[[85,75],[0,73]],[[55,35],[30,0]]]},
"G245": {"type": "Matrix2x2", "payoffs": [[[0,0],[59,12]],[[52,18],[77,29]]]},
"G246": {"type": "Matrix2x2", "payoffs": [[[0,2],[23,5]],[[14,0],[2,3]]]},
"G247": {"type": "Matrix2x2", "payoffs": [[[0,3],[4,7]],[[34,15],[32,0]]]},
"G248": {"type": "Matrix2x2", "payoffs": [[[11,20],[0,19]],[[13,23],[2,0]]]},
"G249": {"type": "Matrix2x2", "payoffs": [[[0,2],[70,0]],[[61,10],[94,36]]]},
"G250": {"type": "Matrix2x2", "payoffs": [[[42,0],[0,19]],[[50,38],[96,42]]]},
"G251": {"type": "Matrix2x2", "payoffs": [[[13,88],[19,25]],[[61,91],[0,0]]]},
"G252": {"type": "Matrix2x2", "payoffs": [[[35,33],[0,0]],[[22,48],[57,99]]]},
"G253": {"type": "Matrix2x2", "payoffs": [[[3,0],[15,83]],[[0,78],[5,67]]]},
"G254": {"type": "Matrix2x2", "payoffs": [[[21,0],[30,86]],[[0,67],[26,80]]]},
"G255": {"type": "Matrix2x2", "payoffs": [[[10,13],[12,3]],[[24,97],[0,0]]]},
"G256": {"type": "Matrix2x2", "payoffs": [[[0,76],[91,96]],[[22,0],[2,43]]]},
"G257": {"type": "Matrix2x2", "payoffs": [[[0,19],[26,90]],[[6,64],[3,0]]]},
"G258": {"type": "Matrix2x2", "payoffs": [[[19,24],[0,41]],[[38,95],[36,0]]]},
"G259": {"type": "Matrix2x2", "payoffs": [[[1,13],[5,0]],[[0,37],[9,90]]]},
"G260": {"type": "Matrix2x2", "payoffs": [[[24,6],[20,0]],[[3,4],[0,3]]]},
"G261": {"type": "Matrix2x2", "payoffs": [[[37,10],[53,0]],[[0,8],[70,29]]]},
"G262": {"type": "Matrix2x2", "payoffs": [[[0,11],[34,12]],[[55,14],[44,0]]]},
"G263": {"type": "Matrix2x2", "payoffs": [[[8,0],[0,2]],[[89,3],[29,1]]]},
"G264": {"type": "Matrix2x2", "payoffs": [[[0,10],[27,0]],[[69,17],[10,2]]]},
"G265": {"type": "Matrix2x2", "payoffs": [[[0,29],[10,16]],[[17,0],[19,44]]]},
"G266": {"type": "Matrix2x2", "payoffs": [[[18,0],[56,20]],[[0,1],[47,16]]]},
"G267": {"type": "Matrix2x2", "payoffs": [[[0,24],[24,38]],[[2,0],[6,26]]]},
"G268": {"type": "Matrix2x2", "payoffs": [[[11,17],[0,28]],[[28,34],[8,0]]]},
"G269": {"type": "Matrix2x2", "payoffs": [[[81,25],[94,65]],[[0,0],[53,18]]]},
"G270": {"type": "Matrix2x2", "payoffs": [[[42,22],[41,8]],[[28,18],[0,0]]]},
"G271": {"type": "Matrix2x2", "payoffs": [[[88,77],[38,0]],[[62,67],[0,29]]]},
"G272": {"type": "Matrix2x2", "payoffs": [[[79,46],[0,0]],[[4,22],[45,43]]]},
"G273": {"type": "Matrix2x2", "payoffs": [[[26,7],[0,4]],[[3,3],[1,0]]]},
"G274": {"type": "Matrix2x2", "payoffs": [[[21,19],[10,0]],[[43,87],[0,49]]]},
"G275": {"type": "Matrix2x2", "payoffs": [[[0,0],[1,21]],[[4,16],[5,25]]]},
"G276": {"type": "Matrix2x2", "payoffs": [[[21,4],[13,0]],[[0,14],[33,21]]]},
"G277": {"type": "Matrix2x2", "payoffs": [[[23,95],[1,80]],[[8,78],[0,0]]]},
"G278": {"type": "Matrix2x2", "payoffs": [[[0,0],[89,13]],[[100,40],[96,32]]]},
"G279": {"type": "Matrix2x2", "payoffs": [[[0,2],[48,1]],[[83,3],[42,0]]]},
"G280": {"type": "Matrix2x2", "payoffs": [[[0,93],[51,0]],[[20,74],[54,96]]]},
"G281": {"type": "Matrix2x2", "payoffs": [[[15,0],[20,13]],[[17,7],[0,9]]]},
"G282": {"type": "Matrix2x2", "payoffs": [[[56,0],[1,73]],[[0,36],[63,100]]]},
"G283": {"type": "Matrix2x2", "payoffs": [[[10,2],[39,0]],[[0,3],[49,4]]]},
"G284": {"type": "Matrix2x2", "payoffs": [[[3,3],[12,0]],[[31,5],[0,4]]]},
"G285": {"type": "Matrix2x2", "payoffs": [[[6,8],[26,31]],[[0,29],[2,0]]]},
"G286": {"type": "Matrix2x2", "payoffs": [[[83,5],[93,10]],[[90,6],[0,0]]]},
"G287": {"type": "Matrix2x2", "payoffs": [[[2,0],[19,31]],[[34,86],[0,63]]]},
"G288": {"type": "Matrix2x2", "payoffs": [[[91,5],[23,2]],[[77,4],[0,0]]]},
"G289": {"type": "Matrix2x2", "payoffs": [[[16,56],[39,11]],[[63,95],[0,0]]]},
"G290": {"type": "Matrix2x2", "payoffs": [[[54,41],[0,47]],[[7,0],[60,66]]]},
"G291": {"type": "Matrix2x2", "payoffs": [[[28,1],[51,0]],[[84,5],[0,3]]]},
"G292": {"type": "Matrix2x2", "payoffs": [[[39,69],[0,0]],[[18,1],[24,18]]]},
"G293": {"type": "Matrix2x2", "payoffs": [[[0,54],[12,20]],[[38,0],[96,61]]]},
"G294": {"type": "Matrix2x2", "payoffs": [[[0,0],[39,11]],[[46,81],[18,34]]]},
"G295": {"type": "Matrix2x2", "payoffs": [[[82,0],[88,39]],[[86,27],[0,35]]]},
"G296": {"type": "Matrix2x2", "payoffs": [[[79,7],[9,42]],[[93,49],[0,0]]]},
"G297": {"type": "Matrix2x2", "payoffs": [[[0,0],[8,4]],[[19,1],[36,5]]]},
"G298": {"type": "Matrix2x2", "payoffs": [[[33,98],[0,69]],[[2,0],[32,22]]]},
"G299": {"type": "Matrix2x2", "payoffs": [[[0,1],[15,0]],[[79,7],[87,9]]]},
"G300": {"type": "Matrix2x2", "payoffs": [[[4,76],[5,95]],[[0,0],[1,33]]]},
"G301": {"type": "Matrix2x2", "payoffs": [[[37,87],[19,40]],[[35,0],[0,38]]]},
"G302": {"type": "Matrix2x2", "payoffs": [[[26,11],[9,0]],[[80,31],[0,3]]]},
"G303": {"type": "Matrix2x2", "payoffs": [[[48,26],[63,51]],[[0,0],[97,63]]]},
"G304": {"type": "Matrix2x2", "payoffs": [[[65,14],[97,23]],[[43,19],[0,0]]]},
"G305": {"type": "Matrix2x2", "payoffs": [[[0,4],[36,0]],[[18,2],[57,8]]]},
"G306": {"type": "Matrix2x2", "payoffs": [[[16,0],[45,5]],[[0,4],[60,10]]]},
"G307": {"type": "Matrix2x2", "payoffs": [[[36,8],[40,92]],[[0,13],[5,0]]]},
"G308": {"type": "Matrix2x2", "payoffs": [[[80,33],[8,0]],[[41,20],[0,14]]]},
"G309": {"type": "Matrix2x2", "payoffs": [[[37,12],[31,0]],[[43,35],[0,4]]]},
"G310": {"type": "Matrix2x2", "payoffs": [[[64,91],[41,66]],[[50,0],[0,35]]]},
"G311": {"type": "Matrix2x2", "payoffs": [[[49,55],[0,6]],[[37,16],[36,0]]]},
"G312": {"type": "Matrix2x2", "payoffs": [[[62,46],[65,0]],[[100,48],[0,17]]]},
"G313": {"type": "Matrix2x2", "payoffs": [[[0,1],[82,6]],[[68,2],[21,0]]]},
"G314": {"type": "Matrix2x2", "payoffs": [[[0,3],[27,8]],[[81,0],[100,16]]]},
"G315": {"type": "Matrix2x2", "payoffs": [[[5,0],[0,58]],[[3,15],[36,67]]]},
"G316": {"type": "Matrix2x2", "payoffs": [[[6,0],[65,15]],[[0,13],[8,4]]]},
"G317": {"type": "Matrix2x2", "payoffs": [[[7,24],[17,91]],[[10,0],[0,68]]]},
"G318": {"type": "Matrix2x2", "payoffs": [[[0,9],[6,30]],[[2,26],[1,0]]]},
"G319": {"type": "Matrix2x2", "payoffs": [[[72,0],[0,2]],[[86,45],[28,35]]]},
"G320": {"type": "Matrix2x2", "payoffs": [[[0,57],[88,69]],[[64,0],[67,2]]]},
"G321": {"type": "Matrix2x2", "payoffs": [[[19,0],[30,3]],[[0,5],[58,7]]]},
"G322": {"type": "Matrix2x2", "payoffs": [[[0,36],[33,7]],[[55,0],[63,60]]]},
"G323": {"type": "Matrix2x2", "payoffs": [[[4,23],[7,25]],[[0,14],[3,0]]]},
"G324": {"type": "Matrix2x2", "payoffs": [[[12,41],[28,0]],[[0,27],[39,71]]]},
"G325": {"type": "Matrix2x2", "payoffs": [[[58,44],[100,64]],[[0,59],[61,0]]]},
"G326": {"type": "Matrix2x2", "payoffs": [[[0,19],[49,32]],[[41,2],[35,0]]]},
"G327": {"type": "Matrix2x2", "payoffs": [[[67,32],[44,0]],[[94,43],[0,36]]]},
"G328": {"type": "Matrix2x2", "payoffs": [[[39,43],[24,34]],[[19,0],[0,29]]]},
"G329": {"type": "Matrix2x2", "payoffs": [[[6,98],[0,2]],[[3,18],[1,0]]]},
"G330": {"type": "Matrix2x2", "payoffs": [[[39,0],[98,33]],[[54,7],[0,16]]]},
"G331": {"type": "Matrix2x2", "payoffs": [[[29,50],[93,58]],[[28,47],[0,0]]]},
"G332": {"type": "Matrix2x2", "payoffs": [[[79,25],[2,2]],[[0,20],[5,0]]]},
"G333": {"type": "Matrix2x2", "payoffs": [[[8,83],[24,11]],[[0,0],[27,95]]]},
"G334": {"type": "Matrix2x2", "payoffs": [[[97,61],[61,41]],[[0,0],[7,14]]]},
"G335": {"type": "Matrix2x2", "payoffs": [[[24,13],[47,0]],[[0,42],[87,61]]]},
"G336": {"type": "Matrix2x2", "payoffs": [[[30,45],[0,27]],[[19,34],[22,0]]]},
"G337": {"type": "Matrix2x2", "payoffs": [[[2,11],[1,0]],[[3,64],[0,57]]]},
"G338": {"type": "Matrix2x2", "payoffs": [[[66,0],[97,77]],[[24,6],[0,51]]]},
"G339": {"type": "Matrix2x2", "payoffs": [[[11,0],[36,85]],[[14,79],[0,28]]]},
"G340": {"type": "Matrix2x2", "payoffs": [[[11,5],[19,35]],[[0,0],[14,8]]]},
"G341": {"type": "Matrix2x2", "payoffs": [[[0,12],[9,0]],[[8,31],[13,61]]]},
"G342": {"type": "Matrix2x2", "payoffs": [[[14,25],[22,50]],[[0,28],[7,0]]]},
"G343": {"type": "Matrix2x2", "payoffs": [[[92,33],[97,60]],[[93,0],[0,22]]]},
"G344": {"type": "Matrix2x2", "payoffs": [[[29,1],[0,0]],[[39,21],[34,17]]]},
"G345": {"type": "Matrix2x2", "payoffs": [[[4,13],[1,27]],[[13,49],[0,0]]]},
"G346": {"type": "Matrix2x2", "payoffs": [[[17,57],[55,81]],[[30,43],[0,0]]]},
"G347": {"type": "Matrix2x2", "payoffs": [[[0,9],[20,5]],[[16,0],[48,28]]]},
"G348": {"type": "Matrix2x2", "payoffs": [[[20,26],[0,0]],[[31,69],[3,20]]]},
"G349": {"type": "Matrix2x2", "payoffs": [[[28,95],[10,87]],[[0,0],[15,35]]]},
"G350": {"type": "Matrix2x2", "payoffs": [[[3,10],[5,73]],[[0,0],[51,77]]]},
"G351": {"type": "Matrix2x2", "payoffs": [[[5,4],[0,5]],[[16,0],[21,8]]]},
"G352": {"type": "Matrix2x2", "payoffs": [[[43,0],[62,68]],[[0,63],[31,27]]]},
"G353": {"type": "Matrix2x2", "payoffs": [[[1,0],[3,78]],[[2,20],[0,30]]]},
"G354": {"type": "Matrix2x2", "payoffs": [[[20,8],[61,0]],[[84,47],[0,26]]]},
"G355": {"type": "Matrix2x2", "payoffs": [[[0,54],[18,6]],[[37,60],[14,0]]]},
"G356": {"type": "Matrix2x2", "payoffs": [[[9,0],[4,73]],[[98,95],[0,27]]]},
"G357": {"type": "Matrix2x2", "payoffs": [[[0,2],[31,0]],[[77,19],[98,77]]]},
"G358": {"type": "Matrix2x2", "payoffs": [[[50,5],[68,77]],[[0,0],[43,23]]]},
"G359": {"type": "Matrix2x2", "payoffs": [[[5,26],[6,0]],[[0,42],[7,48]]]},
"G360": {"type": "Matrix2x2", "payoffs": [[[6,40],[10,36]],[[0,0],[15,52]]]},
"G361": {"type": "Matrix2x2", "payoffs": [[[1,76],[0,62]],[[4,0],[6,82]]]},
"G362": {"type": "Matrix2x2", "payoffs": [[[45,0],[0,33]],[[53,95],[9,21]]]},
"G363": {"type": "Matrix2x2", "payoffs": [[[39,0],[54,28]],[[68,88],[0,33]]]},
"G364": {"type": "Matrix2x2", "payoffs": [[[8,0],[20,27]],[[4,1],[0,15]]]},
"G365": {"type": "Matrix2x2", "payoffs": [[[0,84],[23,0]],[[29,89],[6,63]]]},
"G366": {"type": "Matrix2x2", "payoffs": [[[15,0],[9,12]],[[0,7],[18,13]]]},
"G367": {"type": "Matrix2x2", "payoffs": [[[18,70],[2,53]],[[0,12],[13,0]]]},
"G368": {"type": "Matrix2x2", "payoffs": [[[21,0],[0,11]],[[22,42],[3,6]]]},
"G369": {"type": "Matrix2x2", "payoffs": [[[19,7],[7,6]],[[2,0],[0,3]]]},
"G370": {"type": "Matrix2x2", "payoffs": [[[65,18],[88,93]],[[0,43],[61,0]]]},
"G371": {"type": "Matrix2x2", "payoffs": [[[0,7],[6,61]],[[60,90],[39,0]]]},
"G372": {"type": "Matrix2x2", "payoffs": [[[91,69],[63,56]],[[71,5],[0,0]]]},
"G373": {"type": "Matrix2x2", "payoffs": [[[0,0],[59,11]],[[65,26],[19,9]]]},
"G374": {"type": "Matrix2x2", "payoffs": [[[0,74],[60,83]],[[57,17],[25,0]]]},
"G375": {"type": "Matrix2x2", "payoffs": [[[0,2],[37,7]],[[20,5],[12,0]]]},
"G376": {"type": "Matrix2x2", "payoffs": [[[59,100],[0,0]],[[32,69],[25,28]]]},
"G377": {"type": "Matrix2x2", "payoffs": [[[86,81],[0,19]],[[84,0],[48,50]]]},
"G378": {"type": "Matrix2x2", "payoffs": [[[73,24],[0,18]],[[39,7],[68,0]]]},
"G379": {"type": "Matrix2x2", "payoffs": [[[0,15],[11,9]],[[20,0],[26,21]]]},
"G380": {"type": "Matrix2x2", "payoffs": [[[12,0],[16,34]],[[0,8],[100,91]]]},
"G381": {"type": "Matrix2x2", "payoffs": [[[76,55],[2,0]],[[25,20],[0,7]]]},
"G382": {"type": "Matrix2x2", "payoffs": [[[0,42],[19,33]],[[35,0],[75,75]]]},
"G383": {"type": "Matrix2x2", "payoffs": [[[60,44],[9,2]],[[43,16],[0,0]]]},
"G384": {"type": "Matrix2x2", "payoffs": [[[0,11],[35,0]],[[66,19],[59,17]]]},
"G385": {"type": "Matrix2x2", "payoffs": [[[0,11],[46,0]],[[21,21],[84,27]]]},
"G386": {"type": "Matrix2x2", "payoffs": [[[0,51],[4,77]],[[1,0],[9,87]]]},
"G387": {"type": "Matrix2x2", "payoffs": [[[44,13],[31,0]],[[0,1],[51,28]]]},
"G388": {"type": "Matrix2x2", "payoffs": [[[96,84],[27,0]],[[50,13],[0,14]]]},
"G389": {"type": "Matrix2x2", "payoffs": [[[0,16],[40,27]],[[8,0],[46,49]]]},
"G390": {"type": "Matrix2x2", "payoffs": [[[0,46],[100,50]],[[30,0],[23,33]]]},
"G391": {"type": "Matrix2x2", "payoffs": [[[0,0],[29,14]],[[20,3],[24,8]]]},
"G392": {"type": "Matrix2x2", "payoffs": [[[56,34],[84,55]],[[0,31],[47,0]]]},
"G393": {"type": "Matrix2x2", "payoffs": [[[20,40],[2,36]],[[0,5],[1,0]]]},
"G394": {"type": "Matrix2x2", "payoffs": [[[28,40],[0,27]],[[17,0],[4,15]]]},
"G395": {"type": "Matrix2x2", "payoffs": [[[11,64],[0,42]],[[4,0],[3,36]]]},
"G396": {"type": "Matrix2x2", "payoffs": [[[0,0],[30,55]],[[5,87],[49,98]]]},
"G397": {"type": "Matrix2x2", "payoffs": [[[14,18],[80,87]],[[0,19],[52,0]]]},
"G398": {"type": "Matrix2x2", "payoffs": [[[0,17],[2,0]],[[65,62],[8,28]]]},
"G399": {"type": "Matrix2x2", "payoffs": [[[34,0],[0,1]],[[95,15],[85,5]]]},
"G400": {"type": "Matrix2x2", "payoffs": [[[52,0],[66,26]],[[0,21],[48,6]]]},
"G401": {"type": "Matrix2x2", "payoffs": [[[37,8],[0,6]],[[16,0],[77,58]]]},
"G402": {"type": "Matrix2x2", "payoffs": [[[0,0],[75,69]],[[13,12],[89,77]]]},
"G403": {"type": "Matrix2x2", "payoffs": [[[53,27],[37,16]],[[24,0],[0,2]]]},
"G404": {"type": "Matrix2x2", "payoffs": [[[39,0],[23,40]],[[48,55],[0,23]]]},
"G405": {"type": "Matrix2x2", "payoffs": [[[0,0],[22,14]],[[26,20],[23,8]]]},
"G406": {"type": "Matrix2x2", "payoffs": [[[0,32],[25,23]],[[56,0],[67,34]]]},
"G407": {"type": "Matrix2x2", "payoffs": [[[0,0],[58,10]],[[3,81],[73,95]]]},
"G408": {"type": "Matrix2x2", "payoffs": [[[37,11],[72,33]],[[35,32],[0,0]]]},
"G409": {"type": "Matrix2x2", "payoffs": [[[0,17],[2,39]],[[29,0],[34,46]]]},
"G410": {"type": "Matrix2x2", "payoffs": [[[8,5],[13,15]],[[11,3],[0,0]]]},
"G411": {"type": "Matrix2x2", "payoffs": [[[13,3],[32,17]],[[0,0],[3,6]]]},
"G412": {"type": "Matrix2x2", "payoffs": [[[33,1],[58,13]],[[0,6],[57,0]]]},
"G413": {"type": "Matrix2x2", "payoffs": [[[34,44],[19,21]],[[0,0],[21,11]]]},
"G414": {"type": "Matrix2x2", "payoffs": [[[75,55],[3,41]],[[0,0],[18,21]]]},
"G415": {"type": "Matrix2x2", "payoffs": [[[36,3],[41,38]],[[15,0],[0,13]]]},
"G416": {"type": "Matrix2x2", "payoffs": [[[4,12],[0,0]],[[11,32],[6,16]]]},
"G417": {"type": "Matrix2x2", "payoffs": [[[68,57],[0,0]],[[67,14],[60,50]]]},
"G418": {"type": "Matrix2x2", "payoffs": [[[0,0],[3,56]],[[60,23],[62,95]]]},
"G419": {"type": "Matrix2x2", "payoffs": [[[40,19],[0,0]],[[4,22],[83,32]]]},
"G420": {"type": "Matrix2x2", "payoffs": [[[2,5],[0,21]],[[25,41],[17,0]]]},
"G421": {"type": "Matrix2x2", "payoffs": [[[3,0],[8,3]],[[32,13],[0,11]]]},
"G422": {"type": "Matrix2x2", "payoffs": [[[30,0],[0,55]],[[95,66],[61,34]]]},
"G423": {"type": "Matrix2x2", "payoffs": [[[44,0],[27,5]],[[0,24],[86,51]]]},
"G424": {"type": "Matrix2x2", "payoffs": [[[19,0],[0,1]],[[22,2],[55,6]]]},
"G425": {"type": "Matrix2x2", "payoffs": [[[44,79],[53,96]],[[0,15],[52,0]]]},
"G426": {"type": "Matrix2x2", "payoffs": [[[44,3],[0,0]],[[20,2],[28,1]]]},
"G427": {"type": "Matrix2x2", "payoffs": [[[9,5],[12,4]],[[0,0],[18,8]]]},
"G428": {"type": "Matrix2x2", "payoffs": [[[7,15],[37,63]],[[0,38],[21,0]]]},
"G429": {"type": "Matrix2x2", "payoffs": [[[45,45],[36,0]],[[98,62],[0,53]]]},
"G430": {"type": "Matrix2x2", "payoffs": [[[33,11],[62,17]],[[55,0],[0,7]]]},
"G431": {"type": "Matrix2x2", "payoffs": [[[0,0],[22,40]],[[61,59],[31,58]]]},
"G432": {"type": "Matrix2x2", "payoffs": [[[45,68],[0,0]],[[67,22],[68,80]]]},
"G433": {"type": "Matrix2x2", "payoffs": [[[62,16],[0,0]],[[19,2],[53,6]]]},
"G434": {"type": "Matrix2x2", "payoffs": [[[30,58],[15,0]],[[5,27],[0,17]]]},
"G435": {"type": "Matrix2x2", "payoffs": [[[60,0],[0,50]],[[75,73],[17,9]]]},
"G436": {"type": "Matrix2x2", "payoffs": [[[7,38],[9,0]],[[12,60],[0,21]]]},
"G437": {"type": "Matrix2x2", "payoffs": [[[0,1],[6,0]],[[7,3],[12,58]]]},
"G438": {"type": "Matrix2x2", "payoffs": [[[11,16],[0,6]],[[5,3],[9,0]]]},
"G439": {"type": "Matrix2x2", "payoffs": [[[74,26],[43,0]],[[60,1],[0,21]]]},
"G440": {"type": "Matrix2x2", "payoffs": [[[28,82],[0,18]],[[2,0],[12,70]]]},
"G441": {"type": "Matrix2x2", "payoffs": [[[0,34],[1,35]],[[5,0],[15,91]]]},
"G442": {"type": "Matrix2x2", "payoffs": [[[69,12],[90,15]],[[0,1],[31,0]]]},
"G443": {"type": "Matrix2x2", "payoffs": [[[31,32],[37,82]],[[0,0],[7,23]]]},
"G444": {"type": "Matrix2x2", "payoffs": [[[0,16],[19,0]],[[25,45],[12,39]]]},
"G445": {"type": "Matrix2x2", "payoffs": [[[0,3],[20,18]],[[14,0],[61,26]]]},
"G446": {"type": "Matrix2x2", "payoffs": [[[12,22],[0,0]],[[24,24],[11,3]]]},
"G447": {"type": "Matrix2x2", "payoffs": [[[0,0],[42,7]],[[7,6],[18,5]]]},
"G448": {"type": "Matrix2x2", "payoffs": [[[0,3],[41,0]],[[89,53],[67,17]]]},
"G449": {"type": "Matrix2x2", "payoffs": [[[7,0],[0,60]],[[9,66],[4,28]]]},
"G450": {"type": "Matrix2x2", "payoffs": [[[11,41],[27,0]],[[0,56],[36,65]]]},
"G451": {"type": "Matrix2x2", "payoffs": [[[70,0],[74,23]],[[0,1],[4,13]]]},
"G452": {"type": "Matrix2x2", "payoffs": [[[12,24],[0,9]],[[84,37],[64,0]]]},
"G453": {"type": "Matrix2x2", "payoffs": [[[81,100],[12,58]],[[77,23],[0,0]]]},
"G454": {"type": "Matrix2x2", "payoffs": [[[9,6],[39,29]],[[19,27],[0,0]]]},
"G455": {"type": "Matrix2x2", "payoffs": [[[39,21],[2,0]],[[3,4],[0,16]]]},
"G456": {"type": "Matrix2x2", "payoffs": [[[37,38],[11,11]],[[23,15],[0,0]]]},
"G457": {"type": "Matrix2x2", "payoffs": [[[23,76],[0,0]],[[57,88],[11,67]]]},
"G458": {"type": "Matrix2x2", "payoffs": [[[81,2],[86,4]],[[46,0],[0,1]]]},
"G459": {"type": "Matrix2x2", "payoffs": [[[16,22],[46,91]],[[8,66],[0,0]]]},
"G460": {"type": "Matrix2x2", "payoffs": [[[0,4],[61,0]],[[77,11],[14,7]]]},
"G461": {"type": "Matrix2x2", "payoffs": [[[83,56],[18,49]],[[0,0],[25,51]]]},
"G462": {"type": "Matrix2x2", "payoffs": [[[66,6],[53,0]],[[0,1],[46,4]]]},
"G463": {"type": "Matrix2x2", "payoffs": [[[4,0],[16,41]],[[12,29],[0,21]]]},
"G464": {"type": "Matrix2x2", "payoffs": [[[70,17],[0,0]],[[10,11],[47,7]]]},
"G465": {"type": "Matrix2x2", "payoffs": [[[9,61],[0,14]],[[1,0],[3,10]]]},
"G466": {"type": "Matrix2x2", "payoffs": [[[5,74],[9,92]],[[3,29],[0,0]]]},
"G467": {"type": "Matrix2x2", "payoffs": [[[31,7],[15,21]],[[53,32],[0,0]]]},
"G468": {"type": "Matrix2x2", "payoffs": [[[55,20],[44,7]],[[5,0],[0,8]]]},
"G469": {"type": "Matrix2x2", "payoffs": [[[0,21],[40,22]],[[86,43],[21,0]]]},
"G470": {"type": "Matrix2x2", "payoffs": [[[54,76],[9,5]],[[0,0],[19,67]]]},
"G471": {"type": "Matrix2x2", "payoffs": [[[21,83],[6,0]],[[69,84],[0,26]]]},
"G472": {"type": "Matrix2x2", "payoffs": [[[54,80],[3,0]],[[10,29],[0,76]]]},
"G473": {"type": "Matrix2x2", "payoffs": [[[16,58],[6,0]],[[8,24],[0,49]]]},
"G474": {"type": "Matrix2x2", "payoffs": [[[0,0],[7,28]],[[22,35],[43,54]]]},
"G475": {"type": "Matrix2x2", "payoffs": [[[0,16],[27,4]],[[87,24],[29,0]]]},
"G476": {"type": "Matrix2x2", "payoffs": [[[80,1],[45,6]],[[99,20],[0,0]]]},
"G477": {"type": "Matrix2x2", "payoffs": [[[22,50],[77,12]],[[95,83],[0,0]]]},
"G478": {"type": "Matrix2x2", "payoffs": [[[78,65],[0,43]],[[38,0],[68,19]]]},
"G479": {"type": "Matrix2x2", "payoffs": [[[81,94],[18,0]],[[72,62],[0,54]]]},
"G480": {"type": "Matrix2x2", "payoffs": [[[38,17],[77,19]],[[7,0],[0,12]]]},
"G481": {"type": "Matrix2x2", "payoffs": [[[0,12],[30,0]],[[60,15],[11,4]]]},
"G482": {"type": "Matrix2x2", "payoffs": [[[66,0],[55,18]],[[0,31],[88,34]]]},
"G483": {"type": "Matrix2x2", "payoffs": [[[17,0],[0,8]],[[23,62],[46,73]]]},
"G484": {"type": "Matrix2x2", "payoffs": [[[0,0],[11,60]],[[8,9],[12,65]]]},
"G485": {"type": "Matrix2x2", "payoffs": [[[5,49],[0,0]],[[12,34],[56,100]]]},
"G486": {"type": "Matrix2x2", "payoffs": [[[100,90],[37,48]],[[0,11],[87,0]]]},
"G487": {"type": "Matrix2x2", "payoffs": [[[13,0],[56,12]],[[73,28],[0,7]]]},
"G488": {"type": "Matrix2x2", "payoffs": [[[0,17],[29,1]],[[63,0],[66,25]]]},
"G489": {"type": "Matrix2x2", "payoffs": [[[0,11],[24,51]],[[45,69],[8,0]]]},
"G490": {"type": "Matrix2x2", "payoffs": [[[71,32],[0,25]],[[34,0],[81,60]]]},
"G491": {"type": "Matrix2x2", "payoffs": [[[95,21],[0,5]],[[10,0],[83,2]]]},
"G492": {"type": "Matrix2x2", "payoffs": [[[23,37],[9,67]],[[88,86],[0,0]]]},
"G493": {"type": "Matrix2x2", "payoffs": [[[0,31],[16,30]],[[42,34],[30,0]]]},
"G494": {"type": "Matrix2x2", "payoffs": [[[75,36],[72,15]],[[0,21],[63,0]]]},
"G495": {"type": "Matrix2x2", "payoffs": [[[26,48],[15,4]],[[0,32],[21,0]]]},
"G496": {"type": "Matrix2x2", "payoffs": [[[0,26],[41,52]],[[29,13],[25,0]]]},
"G497": {"type": "Matrix2x2", "payoffs": [[[0,0],[28,43]],[[71,7],[72,53]]]},
"G498": {"type": "Matrix2x2", "payoffs": [[[0,46],[28,50]],[[18,0],[24,44]]]},
"G499": {"type": "Matrix2x2", "payoffs": [[[0,0],[89,91]],[[37,66],[29,13]]]},
"G500": {"type": "Matrix2x2", "payoffs": [[[1,0],[10,19]],[[0,7],[16,27]]]},
"G501": {"type": "Matrix2x2", "payoffs": [[[49,1],[21,0]],[[59,75],[0,52]]]},
"G502": {"type": "Matrix2x2", "payoffs": [[[29,16],[8,0]],[[15,14],[0,5]]]},
"G503": {"type": "Matrix2x2", "payoffs": [[[16,0],[7,2]],[[0,19],[22,35]]]},
"G504": {"type": "Matrix2x2", "payoffs": [[[3,29],[4,16]],[[7,45],[0,0]]]},
"G505": {"type": "Matrix2x2", "payoffs": [[[36,0],[0,48]],[[44,60],[23,36]]]},
"G506": {"type": "Matrix2x2", "payoffs": [[[52,41],[31,0]],[[0,58],[69,75]]]},
"G507": {"type": "Matrix2x2", "payoffs": [[[49,53],[58,64]],[[10,51],[0,0]]]},
"G508": {"type": "Matrix2x2", "payoffs": [[[9,36],[4,28]],[[0,0],[5,5]]]},
"G509": {"type": "Matrix2x2", "payoffs": [[[60,16],[10,13]],[[0,0],[57,12]]]},
"G510": {"type": "Matrix2x2", "payoffs": [[[1,0],[8,75]],[[0,50],[16,92]]]},
"G511": {"type": "Matrix2x2", "payoffs": [[[2,24],[12,59]],[[0,47],[4,0]]]},
"G512": {"type": "Matrix2x2", "payoffs": [[[13,2],[30,1]],[[0,0],[36,3]]]},
"G513": {"type": "Matrix2x2", "payoffs": [[[9,64],[13,0]],[[0,72],[26,86]]]},
"G514": {"type": "Matrix2x2", "payoffs": [[[51,65],[3,0]],[[48,45],[0,6]]]},
"G515": {"type": "Matrix2x2", "payoffs": [[[0,37],[11,0]],[[75,50],[13,13]]]},
"G516": {"type": "Matrix2x2", "payoffs": [[[62,53],[10,29]],[[0,0],[31,6]]]},
"G517": {"type": "Matrix2x2", "payoffs": [[[21,14],[17,9]],[[14,0],[0,10]]]},
"G518": {"type": "Matrix2x2", "payoffs": [[[0,0],[5,8]],[[70,15],[11,13]]]},
"G519": {"type": "Matrix2x2", "payoffs": [[[30,13],[0,5]],[[2,4],[11,0]]]},
"G520": {"type": "Matrix2x2", "payoffs": [[[14,15],[0,5]],[[13,0],[6,13]]]},
"G521": {"type": "Matrix2x2", "payoffs": [[[6,0],[36,11]],[[0,34],[77,37]]]},
"G522": {"type": "Matrix2x2", "payoffs": [[[0,4],[31,1]],[[90,74],[2,0]]]},
"G523": {"type": "Matrix2x2", "payoffs": [[[97,25],[67,16]],[[0,22],[1,0]]]},
"G524": {"type": "Matrix2x2", "payoffs": [[[0,51],[5,0]],[[7,58],[20,63]]]},
"G525": {"type": "Matrix2x2", "payoffs": [[[4,6],[58,37]],[[11,34],[0,0]]]},
"G526": {"type": "Matrix2x2", "payoffs": [[[0,18],[70,32]],[[65,0],[31,22]]]},
"G527": {"type": "Matrix2x2", "payoffs": [[[0,15],[77,18]],[[55,0],[17,17]]]},
"G528": {"type": "Matrix2x2", "payoffs": [[[0,75],[28,41]],[[65,79],[12,0]]]},
"G529": {"type": "Matrix2x2", "payoffs": [[[0,0],[21,2]],[[57,3],[5,1]]]},
"G530": {"type": "Matrix2x2", "payoffs": [[[29,48],[99,55]],[[0,0],[56,24]]]},
"G531": {"type": "Matrix2x2", "payoffs": [[[8,59],[0,0]],[[22,42],[23,72]]]},
"G532": {"type": "Matrix2x2", "payoffs": [[[39,0],[0,28]],[[77,33],[7,10]]]},
"G533": {"type": "Matrix2x2", "payoffs": [[[51,71],[0,59]],[[6,0],[50,27]]]},
"G534": {"type": "Matrix2x2", "payoffs": [[[0,0],[24,30]],[[29,37],[10,6]]]},
"G535": {"type": "Matrix2x2", "payoffs": [[[0,14],[71,4]],[[89,82],[54,0]]]},
"G536": {"type": "Matrix2x2", "payoffs": [[[45,41],[54,77]],[[23,0],[0,9]]]},
"G537": {"type": "Matrix2x2", "payoffs": [[[22,4],[0,0]],[[28,23],[7,16]]]},
"G538": {"type": "Matrix2x2", "payoffs": [[[0,21],[36,84]],[[34,67],[12,0]]]},
"G539": {"type": "Matrix2x2", "payoffs": [[[0,30],[13,43]],[[3,29],[6,0]]]},
"G540": {"type": "Matrix2x2", "payoffs": [[[12,0],[0,59]],[[81,34],[88,94]]]},
"G541": {"type": "Matrix2x2", "payoffs": [[[0,1],[63,12]],[[44,0],[54,4]]]},
"G542": {"type": "Matrix2x2", "payoffs": [[[50,48],[37,0]],[[100,62],[0,6]]]},
"G543": {"type": "Matrix2x2", "payoffs": [[[3,25],[0,0]],[[7,59],[6,17]]]},
"G544": {"type": "Matrix2x2", "payoffs": [[[12,48],[9,25]],[[3,0],[0,29]]]},
"G545": {"type": "Matrix2x2", "payoffs": [[[0,24],[34,0]],[[63,60],[28,48]]]},
"G546": {"type": "Matrix2x2", "payoffs": [[[0,8],[70,33]],[[61,0],[99,78]]]},
"G547": {"type": "Matrix2x2", "payoffs": [[[20,18],[92,26]],[[0,0],[12,4]]]},
"G548": {"type": "Matrix2x2", "payoffs": [[[10,94],[9,64]],[[4,0],[0,82]]]},
"G549": {"type": "Matrix2x2", "payoffs": [[[52,17],[36,2]],[[34,0],[0,4]]]},
"G550": {"type": "Matrix2x2", "payoffs": [[[70,0],[78,41]],[[0,29],[14,1]]]},
"G551": {"type": "Matrix2x2", "payoffs": [[[4,0],[0,42]],[[22,25],[57,85]]]},
"G552": {"type": "Matrix2x2", "payoffs": [[[29,3],[7,0]],[[0,2],[23,1]]]},
"G553": {"type": "Matrix2x2", "payoffs": [[[34,0],[22,29]],[[0,49],[45,88]]]},
"G554": {"type": "Matrix2x2", "payoffs": [[[13,43],[51,86]],[[11,0],[0,60]]]},
"G555": {"type": "Matrix2x2", "payoffs": [[[63,16],[87,56]],[[91,84],[0,0]]]},
"G556": {"type": "Matrix2x2", "payoffs": [[[0,28],[85,74]],[[60,10],[24,0]]]},
"G557": {"type": "Matrix2x2", "payoffs": [[[7,0],[18,6]],[[11,2],[0,1]]]},
"G558": {"type": "Matrix2x2", "payoffs": [[[52,0],[54,37]],[[86,71],[0,18]]]},
"G559": {"type": "Matrix2x2", "payoffs": [[[0,0],[1,46]],[[6,62],[2,12]]]},
"G560": {"type": "Matrix2x2", "payoffs": [[[3,11],[4,15]],[[0,9],[1,0]]]},
"G561": {"type": "Matrix2x2", "payoffs": [[[5,100],[0,30]],[[2,0],[4,59]]]},
"G562": {"type": "Matrix2x2", "payoffs": [[[40,0],[86,66]],[[0,11],[62,35]]]},
"G563": {"type": "Matrix2x2", "payoffs": [[[0,39],[62,51]],[[61,0],[79,56]]]},
"G564": {"type": "Matrix2x2", "payoffs": [[[29,40],[0,0]],[[62,48],[21,20]]]},
"G565": {"type": "Matrix2x2", "payoffs": [[[43,26],[0,0]],[[39,60],[86,65]]]},
"G566": {"type": "Matrix2x2", "payoffs": [[[8,50],[2,33]],[[0,28],[3,0]]]},
"G567": {"type": "Matrix2x2", "payoffs": [[[0,19],[39,32]],[[17,0],[10,3]]]},
"G568": {"type": "Matrix2x2", "payoffs": [[[94,94],[58,7]],[[0,0],[77,64]]]},
"G569": {"type": "Matrix2x2", "payoffs": [[[3,0],[0,12]],[[6,98],[2,58]]]},
"G570": {"type": "Matrix2x2", "payoffs": [[[0,7],[15,13]],[[49,21],[24,0]]]},
"G571": {"type": "Matrix2x2", "payoffs": [[[0,22],[56,37]],[[53,28],[14,0]]]},
"G572": {"type": "Matrix2x2", "payoffs": [[[0,19],[37,23]],[[19,0],[30,22]]]},
"G573": {"type": "Matrix2x2", "payoffs": [[[54,8],[19,4]],[[0,0],[32,7]]]},
"G574": {"type": "Matrix2x2", "payoffs": [[[56,39],[41,22]],[[13,17],[0,0]]]},
"G575": {"type": "Matrix2x2", "payoffs": [[[0,44],[2,0]],[[8,55],[6,14]]]},
"G576": {"type": "Matrix2x2", "payoffs": [[[0,41],[2,52]],[[3,0],[4,63]]]},
"G577": {"type": "Matrix2x2", "payoffs": [[[0,45],[31,15]],[[32,55],[6,0]]]},
"G578": {"type": "Matrix2x2", "payoffs": [[[30,46],[0,14]],[[5,0],[11,18]]]},
"G579": {"type": "Matrix2x2", "payoffs": [[[9,2],[10,3]],[[0,0],[2,1]]]},
"G580": {"type": "Matrix2x2", "payoffs": [[[21,4],[0,0]],[[6,2],[25,5]]]},
"G581": {"type": "Matrix2x2", "payoffs": [[[100,83],[12,8]],[[86,0],[0,18]]]},
"G582": {"type": "Matrix2x2", "payoffs": [[[31,4],[48,0]],[[0,7],[58,40]]]},
"G583": {"type": "Matrix2x2", "payoffs": [[[0,0],[4,10]],[[27,1],[35,34]]]},
"G584": {"type": "Matrix2x2", "payoffs": [[[0,5],[7,0]],[[34,74],[59,76]]]},
"G585": {"type": "Matrix2x2", "payoffs": [[[36,10],[0,0]],[[40,28],[13,7]]]},
"G586": {"type": "Matrix2x2", "payoffs": [[[79,72],[78,19]],[[23,70],[0,0]]]},
"G587": {"type": "Matrix2x2", "payoffs": [[[95,34],[93,9]],[[68,0],[0,5]]]},
"G588": {"type": "Matrix2x2", "payoffs": [[[25,3],[0,0]],[[9,7],[28,19]]]},
"G589": {"type": "Matrix2x2", "payoffs": [[[29,7],[31,20]],[[18,0],[0,17]]]},
"G590": {"type": "Matrix2x2", "payoffs": [[[6,18],[12,0]],[[14,45],[0,16]]]},
"G591": {"type": "Matrix2x2", "payoffs": [[[5,5],[4,0]],[[0,1],[2,2]]]},
"G592": {"type": "Matrix2x2", "payoffs": [[[0,7],[70,0]],[[71,19],[98,54]]]},
"G593": {"type": "Matrix2x2", "payoffs": [[[44,6],[51,55]],[[0,45],[26,0]]]},
"G594": {"type": "Matrix2x2", "payoffs": [[[0,0],[8,29]],[[9,10],[10,42]]]},
"G595": {"type": "Matrix2x2", "payoffs": [[[52,22],[0,18]],[[6,0],[21,3]]]},
"G596": {"type": "Matrix2x2", "payoffs": [[[1,10],[2,52]],[[0,0],[3,54]]]},
"G597": {"type": "Matrix2x2", "payoffs": [[[3,0],[24,13]],[[0,18],[44,19]]]},
"G598": {"type": "Matrix2x2", "payoffs": [[[49,19],[85,99]],[[84,71],[0,0]]]},
"G599": {"type": "Matrix2x2", "payoffs": [[[0,30],[92,45]],[[44,0],[23,6]]]},
"G600": {"type": "Matrix2x2", "payoffs": [[[5,0],[93,12]],[[46,4],[0,9]]]},
"G601": {"type": "Matrix2x2", "payoffs": [[[16,35],[42,80]],[[33,0],[0,66]]]},
"G602": {"type": "Matrix2x2", "payoffs": [[[40,28],[94,73]],[[0,0],[19,31]]]},
"G603": {"type": "Matrix2x2", "payoffs": [[[0,0],[58,19]],[[19,2],[73,23]]]},
"G604": {"type": "Matrix2x2", "payoffs": [[[0,0],[25,51]],[[24,50],[71,53]]]},
"G605": {"type": "Matrix2x2", "payoffs": [[[85,7],[41,0]],[[0,3],[69,4]]]},
"G606": {"type": "Matrix2x2", "payoffs": [[[96,79],[30,0]],[[0,47],[59,78]]]},
"G607": {"type": "Matrix2x2", "payoffs": [[[16,10],[31,15]],[[2,12],[0,0]]]},
"G608": {"type": "Matrix2x2", "payoffs": [[[11,4],[27,0]],[[56,33],[0,14]]]},
"G609": {"type": "Matrix2x2", "payoffs": [[[25,30],[9,2]],[[2,5],[0,0]]]},
"G610": {"type": "Matrix2x2", "payoffs": [[[0,1],[1,3]],[[5,0],[19,14]]]},
"G611": {"type": "Matrix2x2", "payoffs": [[[6,69],[0,0]],[[10,72],[8,1]]]},
"G612": {"type": "Matrix2x2", "payoffs": [[[17,42],[38,0]],[[0,63],[55,96]]]},
"G613": {"type": "Matrix2x2", "payoffs": [[[61,0],[80,45]],[[0,37],[59,21]]]},
"G614": {"type": "Matrix2x2", "payoffs": [[[0,39],[1,0]],[[29,53],[48,55]]]},
"G615": {"type": "Matrix2x2", "payoffs": [[[89,39],[95,50]],[[0,19],[73,0]]]},
"G616": {"type": "Matrix2x2", "payoffs": [[[8,1],[14,19]],[[19,26],[0,0]]]},
"G617": {"type": "Matrix2x2", "payoffs": [[[0,8],[1,0]],[[2,6],[5,9]]]},
"G618": {"type": "Matrix2x2", "payoffs": [[[35,0],[60,26]],[[0,23],[17,13]]]},
"G619": {"type": "Matrix2x2", "payoffs": [[[0,36],[75,8]],[[29,0],[86,39]]]},
"G620": {"type": "Matrix2x2", "payoffs": [[[0,42],[9,52]],[[4,31],[5,0]]]},
"G621": {"type": "Matrix2x2", "payoffs": [[[12,0],[0,41]],[[13,72],[6,43]]]},
"G622": {"type": "Matrix2x2", "payoffs": [[[24,0],[84,4]],[[37,3],[0,1]]]},
"G623": {"type": "Matrix2x2", "payoffs": [[[5,0],[7,13]],[[23,19],[0,12]]]},
"G624": {"type": "Matrix2x2", "payoffs": [[[5,8],[29,0]],[[40,9],[0,5]]]},
"G625": {"type": "Matrix2x2", "payoffs": [[[80,28],[0,24]],[[77,3],[60,0]]]},
"G626": {"type": "Matrix2x2", "payoffs": [[[7,100],[0,82]],[[5,60],[3,0]]]},
"G627": {"type": "Matrix2x2", "payoffs": [[[10,8],[5,0]],[[1,2],[0,5]]]},
"G628": {"type": "Matrix2x2", "payoffs": [[[12,0],[5,47]],[[0,41],[15,62]]]},
"G629": {"type": "Matrix2x2", "payoffs": [[[49,62],[0,0]],[[42,47],[15,46]]]},
"G630": {"type": "Matrix2x2", "payoffs": [[[0,1],[46,2]],[[61,0],[73,4]]]},
"G631": {"type": "Matrix2x2", "payoffs": [[[26,63],[14,20]],[[0,47],[16,0]]]},
"G632": {"type": "Matrix2x2", "payoffs": [[[0,0],[53,10]],[[48,45],[79,66]]]},
"G633": {"type": "Matrix2x2", "payoffs": [[[9,12],[0,1]],[[5,4],[3,0]]]},
"G634": {"type": "Matrix2x2", "payoffs": [[[23,15],[36,17]],[[3,14],[0,0]]]},
"G635": {"type": "Matrix2x2", "payoffs": [[[74,66],[0,0]],[[66,57],[12,51]]]},
"G636": {"type": "Matrix2x2", "payoffs": [[[0,17],[23,33]],[[14,19],[6,0]]]},
"G637": {"type": "Matrix2x2", "payoffs": [[[19,44],[29,66]],[[21,0],[0,39]]]},
"G638": {"type": "Matrix2x2", "payoffs": [[[15,20],[0,28]],[[32,0],[40,37]]]},
"G639": {"type": "Matrix2x2", "payoffs": [[[16,0],[7,5]],[[0,17],[33,19]]]},
"G640": {"type": "Matrix2x2", "payoffs": [[[9,83],[0,72]],[[7,0],[6,23]]]},
"G641": {"type": "Matrix2x2", "payoffs": [[[13,30],[8,0]],[[45,85],[0,57]]]},
"G642": {"type": "Matrix2x2", "payoffs": [[[0,0],[52,7]],[[56,29],[75,33]]]},
"G643": {"type": "Matrix2x2", "payoffs": [[[60,3],[8,2]],[[83,4],[0,0]]]},
"G644": {"type": "Matrix2x2", "payoffs": [[[0,0],[16,38]],[[6,82],[21,89]]]},
"G645": {"type": "Matrix2x2", "payoffs": [[[58,0],[0,50]],[[62,74],[20,45]]]},
"G646": {"type": "Matrix2x2", "payoffs": [[[3,14],[0,23]],[[5,60],[2,0]]]},
"G647": {"type": "Matrix2x2", "payoffs": [[[0,0],[18,47]],[[26,87],[22,13]]]},
"G648": {"type": "Matrix2x2", "payoffs": [[[7,0],[2,17]],[[8,18],[0,6]]]},
"G649": {"type": "Matrix2x2", "payoffs": [[[17,0],[98,99]],[[81,20],[0,43]]]},
"G650": {"type": "Matrix2x2", "payoffs": [[[20,73],[0,8]],[[34,75],[12,0]]]},
"G651": {"type": "Matrix2x2", "payoffs": [[[0,49],[33,30]],[[56,59],[36,0]]]},
"G652": {"type": "Matrix2x2", "payoffs": [[[49,3],[89,4]],[[60,0],[0,2]]]},
"G653": {"type": "Matrix2x2", "payoffs": [[[39,7],[22,1]],[[42,55],[0,0]]]},
"G654": {"type": "Matrix2x2", "payoffs": [[[15,34],[20,0]],[[21,61],[0,7]]]},
"G655": {"type": "Matrix2x2", "payoffs": [[[85,39],[27,0]],[[0,18],[7,38]]]},
"G656": {"type": "Matrix2x2", "payoffs": [[[0,27],[14,28]],[[10,0],[3,10]]]},
"G657": {"type": "Matrix2x2", "payoffs": [[[35,3],[8,2]],[[20,0],[0,1]]]},
"G658": {"type": "Matrix2x2", "payoffs": [[[0,48],[28,0]],[[83,81],[46,4]]]},
"G659": {"type": "Matrix2x2", "payoffs": [[[29,6],[28,3]],[[11,0],[0,4]]]},
"G660": {"type": "Matrix2x2", "payoffs": [[[49,15],[60,14]],[[0,0],[77,79]]]},
"G661": {"type": "Matrix2x2", "payoffs": [[[0,0],[27,13]],[[31,37],[20,5]]]},
"G662": {"type": "Matrix2x2", "payoffs": [[[60,32],[37,0]],[[52,12],[0,8]]]},
"G663": {"type": "Matrix2x2", "payoffs": [[[1,70],[0,29]],[[3,79],[2,0]]]},
"G664": {"type": "Matrix2x2", "payoffs": [[[1,60],[0,34]],[[3,65],[2,0]]]},
"G665": {"type": "Matrix2x2", "payoffs": [[[0,51],[47,0]],[[80,84],[51,62]]]},
"G666": {"type": "Matrix2x2", "payoffs": [[[1,5],[4,6]],[[3,0],[0,2]]]},
"G667": {"type": "Matrix2x2", "payoffs": [[[63,16],[97,28]],[[2,0],[0,18]]]},
"G668": {"type": "Matrix2x2", "payoffs": [[[58,18],[23,0]],[[65,91],[0,22]]]},
"G669": {"type": "Matrix2x2", "payoffs": [[[13,33],[90,43]],[[0,0],[2,32]]]},
"G670": {"type": "Matrix2x2", "payoffs": [[[18,0],[71,23]],[[0,19],[22,11]]]},
"G671": {"type": "Matrix2x2", "payoffs": [[[3,0],[23,43]],[[0,21],[6,42]]]},
"G672": {"type": "Matrix2x2", "payoffs": [[[86,98],[54,0]],[[68,50],[0,39]]]},
"G673": {"type": "Matrix2x2", "payoffs": [[[19,5],[82,6]],[[0,0],[5,1]]]},
"G674": {"type": "Matrix2x2", "payoffs": [[[94,53],[9,3]],[[0,0],[68,48]]]},
"G675": {"type": "Matrix2x2", "payoffs": [[[8,12],[9,0]],[[19,30],[0,9]]]},
"G676": {"type": "Matrix2x2", "payoffs": [[[60,0],[76,81]],[[69,80],[0,30]]]},
"G677": {"type": "Matrix2x2", "payoffs": [[[30,65],[0,28]],[[24,0],[28,7]]]},
"G678": {"type": "Matrix2x2", "payoffs": [[[42,47],[0,0]],[[55,68],[34,26]]]},
"G679": {"type": "Matrix2x2", "payoffs": [[[0,18],[10,0]],[[80,56],[52,23]]]},
"G680": {"type": "Matrix2x2", "payoffs": [[[11,2],[0,0]],[[12,47],[10,39]]]},
"G681": {"type": "Matrix2x2", "payoffs": [[[10,35],[0,16]],[[97,70],[33,0]]]},
"G682": {"type": "Matrix2x2", "payoffs": [[[68,97],[62,9]],[[0,0],[36,20]]]},
"G683": {"type": "Matrix2x2", "payoffs": [[[0,0],[49,15]],[[10,62],[61,85]]]},
"G684": {"type": "Matrix2x2", "payoffs": [[[24,15],[36,24]],[[0,7],[4,0]]]},
"G685": {"type": "Matrix2x2", "payoffs": [[[5,21],[0,0]],[[1,15],[9,61]]]},
"G686": {"type": "Matrix2x2", "payoffs": [[[94,62],[52,12]],[[38,51],[0,0]]]},
"G687": {"type": "Matrix2x2", "payoffs": [[[15,48],[0,0]],[[4,70],[31,88]]]},
"G688": {"type": "Matrix2x2", "payoffs": [[[44,12],[0,30]],[[2,0],[77,31]]]},
"G689": {"type": "Matrix2x2", "payoffs": [[[17,0],[37,32]],[[0,12],[98,36]]]},
"G690": {"type": "Matrix2x2", "payoffs": [[[0,7],[59,8]],[[14,3],[50,0]]]},
"G691": {"type": "Matrix2x2", "payoffs": [[[11,0],[22,64]],[[39,70],[0,30]]]},
"G692": {"type": "Matrix2x2", "payoffs": [[[58,2],[67,0]],[[0,9],[98,17]]]},
"G693": {"type": "Matrix2x2", "payoffs": [[[5,0],[47,31]],[[0,43],[67,82]]]},
"G694": {"type": "Matrix2x2", "payoffs": [[[15,1],[0,2]],[[58,4],[31,0]]]},
"G695": {"type": "Matrix2x2", "payoffs": [[[24,23],[0,15]],[[19,21],[9,0]]]},
"G696": {"type": "Matrix2x2", "payoffs": [[[23,24],[0,10]],[[12,0],[24,48]]]},
"G697": {"type": "Matrix2x2", "payoffs": [[[41,69],[29,0]],[[0,20],[22,53]]]},
"G698": {"type": "Matrix2x2", "payoffs": [[[86,26],[16,9]],[[79,7],[0,0]]]},
"G699": {"type": "Matrix2x2", "payoffs": [[[0,25],[5,0]],[[7,94],[6,7]]]},
"G700": {"type": "Matrix2x2", "payoffs": [[[96,54],[37,9]],[[5,3],[0,0]]]},
"G701": {"type": "Matrix2x2", "payoffs": [[[11,11],[7,13]],[[0,0],[19,17]]]},
"G702": {"type": "Matrix2x2", "payoffs": [[[12,97],[10,51]],[[0,76],[7,0]]]},
"G703": {"type": "Matrix2x2", "payoffs": [[[3,32],[61,0]],[[100,35],[0,12]]]},
"G704": {"type": "Matrix2x2", "payoffs": [[[10,0],[70,43]],[[0,45],[76,64]]]},
"G705": {"type": "Matrix2x2", "payoffs": [[[12,77],[9,0]],[[0,16],[19,95]]]},
"G706": {"type": "Matrix2x2", "payoffs": [[[19,0],[23,61]],[[0,5],[7,18]]]},
"G707": {"type": "Matrix2x2", "payoffs": [[[0,15],[84,0]],[[96,50],[44,5]]]},
"G708": {"type": "Matrix2x2", "payoffs": [[[9,17],[0,0]],[[31,26],[16,23]]]},
"G709": {"type": "Matrix2x2", "payoffs": [[[0,0],[26,84]],[[9,26],[12,10]]]},
"G710": {"type": "Matrix2x2", "payoffs": [[[60,0],[0,37]],[[77,52],[13,32]]]},
"G711": {"type": "Matrix2x2", "payoffs": [[[49,10],[53,6]],[[60,12],[0,0]]]},
"G712": {"type": "Matrix2x2", "payoffs": [[[0,0],[7,1]],[[11,33],[32,36]]]},
"G713": {"type": "Matrix2x2", "payoffs": [[[0,21],[51,70]],[[25,15],[45,0]]]},
"G714": {"type": "Matrix2x2", "payoffs": [[[58,45],[48,37]],[[0,22],[34,0]]]},
"G715": {"type": "Matrix2x2", "payoffs": [[[13,18],[0,0]],[[46,40],[24,7]]]},
"G716": {"type": "Matrix2x2", "payoffs": [[[42,65],[0,39]],[[79,95],[46,0]]]},
"G717": {"type": "Matrix2x2", "payoffs": [[[59,13],[0,0]],[[87,33],[70,8]]]},
"G718": {"type": "Matrix2x2", "payoffs": [[[18,88],[7,0]],[[0,72],[4,41]]]},
"G719": {"type": "Matrix2x2", "payoffs": [[[35,30],[0,0]],[[42,26],[53,37]]]},
"G720": {"type": "Matrix2x2", "payoffs": [[[0,1],[39,4]],[[45,0],[51,7]]]},
"G721": {"type": "Matrix2x2", "payoffs": [[[6,78],[18,83]],[[0,0],[2,15]]]},
"G722": {"type": "Matrix2x2", "payoffs": [[[4,80],[2,13]],[[0,0],[3,59]]]},
"G723": {"type": "Matrix2x2", "payoffs": [[[62,55],[0,15]],[[1,0],[41,4]]]},
"G724": {"type": "Matrix2x2", "payoffs": [[[45,0],[0,18]],[[81,34],[28,26]]]},
"G725": {"type": "Matrix2x2", "payoffs": [[[17,10],[20,11]],[[18,0],[0,9]]]},
"G726": {"type": "Matrix2x2", "payoffs": [[[28,35],[0,7]],[[9,34],[2,0]]]},
"G727": {"type": "Matrix2x2", "payoffs": [[[72,0],[0,1]],[[77,3],[4,2]]]},
"G728": {"type": "Matrix2x2", "payoffs": [[[26,76],[34,84]],[[0,0],[3,17]]]},
"G729": {"type": "Matrix2x2", "payoffs": [[[64,9],[78,52]],[[0,23],[16,0]]]},
"G730": {"type": "Matrix2x2", "payoffs": [[[44,31],[23,17]],[[0,0],[41,4]]]},
"G731": {"type": "Matrix2x2", "payoffs": [[[0,6],[65,7]],[[40,0],[24,3]]]},
"G732": {"type": "Matrix2x2", "payoffs": [[[38,9],[0,5]],[[9,0],[10,4]]]},
"G733": {"type": "Matrix2x2", "payoffs": [[[49,43],[5,19]],[[1,0],[0,34]]]},
"G734": {"type": "Matrix2x2", "payoffs": [[[0,0],[15,1]],[[21,19],[7,14]]]},
"G735": {"type": "Matrix2x2", "payoffs": [[[3,20],[0,0]],[[59,67],[25,2]]]},
"G736": {"type": "Matrix2x2", "payoffs": [[[95,25],[53,3]],[[64,0],[0,16]]]},
"G737": {"type": "Matrix2x2", "payoffs": [[[29,17],[0,0]],[[47,39],[10,20]]]},
"G738": {"type": "Matrix2x2", "payoffs": [[[12,0],[0,22]],[[3,3],[35,61]]]},
"G739": {"type": "Matrix2x2", "payoffs": [[[20,78],[8,0]],[[0,28],[21,88]]]},
"G740": {"type": "Matrix2x2", "payoffs": [[[44,0],[17,15]],[[72,28],[0,1]]]},
"G741": {"type": "Matrix2x2", "payoffs": [[[4,0],[0,2]],[[7,26],[5,22]]]},
"G742": {"type": "Matrix2x2", "payoffs": [[[83,30],[4,3]],[[34,0],[0,29]]]},
"G743": {"type": "Matrix2x2", "payoffs": [[[1,0],[0,24]],[[67,78],[34,12]]]},
"G744": {"type": "Matrix2x2", "payoffs": [[[66,13],[0,1]],[[32,0],[33,6]]]},
"G745": {"type": "Matrix2x2", "payoffs": [[[7,42],[29,35]],[[0,0],[32,59]]]},
"G746": {"type": "Matrix2x2", "payoffs": [[[7,0],[0,6]],[[17,13],[77,23]]]},
"G747": {"type": "Matrix2x2", "payoffs": [[[6,36],[57,61]],[[0,0],[36,37]]]},
"G748": {"type": "Matrix2x2", "payoffs": [[[33,24],[0,4]],[[40,0],[87,69]]]},
"G749": {"type": "Matrix2x2", "payoffs": [[[10,0],[20,97]],[[0,16],[19,73]]]},
"G750": {"type": "Matrix2x2", "payoffs": [[[32,23],[21,21]],[[0,0],[48,50]]]},
"G751": {"type": "Matrix2x2", "payoffs": [[[9,11],[11,0]],[[0,26],[17,78]]]},
"G752": {"type": "Matrix2x2", "payoffs": [[[94,90],[15,84]],[[0,0],[10,59]]]},
"G753": {"type": "Matrix2x2", "payoffs": [[[0,3],[35,0]],[[77,17],[20,9]]]},
"G754": {"type": "Matrix2x2", "payoffs": [[[49,40],[63,49]],[[0,21],[21,0]]]},
"G755": {"type": "Matrix2x2", "payoffs": [[[34,0],[55,83]],[[0,71],[49,30]]]},
"G756": {"type": "Matrix2x2", "payoffs": [[[0,0],[7,27]],[[63,16],[67,61]]]},
"G757": {"type": "Matrix2x2", "payoffs": [[[32,9],[0,0]],[[98,82],[50,18]]]},
"G758": {"type": "Matrix2x2", "payoffs": [[[4,0],[0,37]],[[11,40],[6,4]]]},
"G759": {"type": "Matrix2x2", "payoffs": [[[33,0],[14,43]],[[72,62],[0,20]]]},
"G760": {"type": "Matrix2x2", "payoffs": [[[58,28],[0,5]],[[22,0],[84,100]]]},
"G761": {"type": "Matrix2x2", "payoffs": [[[52,55],[0,3]],[[57,70],[49,0]]]},
"G762": {"type": "Matrix2x2", "payoffs": [[[29,18],[20,7]],[[2,14],[0,0]]]},
"G763": {"type": "Matrix2x2", "payoffs": [[[64,77],[53,59]],[[0,42],[34,0]]]},
"G764": {"type": "Matrix2x2", "payoffs": [[[0,0],[48,91]],[[6,39],[47,26]]]},
"G765": {"type": "Matrix2x2", "payoffs": [[[0,13],[30,0]],[[31,17],[4,6]]]},
"G766": {"type": "Matrix2x2", "payoffs": [[[84,11],[3,0]],[[24,7],[0,5]]]},
"G767": {"type": "Matrix2x2", "payoffs": [[[34,21],[38,70]],[[0,0],[11,69]]]},
"G768": {"type": "Matrix2x2", "payoffs": [[[99,29],[68,19]],[[0,28],[92,0]]]},
"G769": {"type": "Matrix2x2", "payoffs": [[[3,36],[1,26]],[[0,30],[2,0]]]},
"G770": {"type": "Matrix2x2", "payoffs": [[[0,10],[20,0]],[[100,62],[11,28]]]},
"G771": {"type": "Matrix2x2", "payoffs": [[[0,12],[9,74]],[[23,0],[27,100]]]},
"G772": {"type": "Matrix2x2", "payoffs": [[[43,0],[47,50]],[[65,62],[0,28]]]},
"G773": {"type": "Matrix2x2", "payoffs": [[[13,0],[0,20]],[[14,40],[2,15]]]},
"G774": {"type": "Matrix2x2", "payoffs": [[[91,16],[46,0]],[[0,6],[9,15]]]},
"G775": {"type": "Matrix2x2", "payoffs": [[[92,4],[4,0]],[[22,1],[0,3]]]},
"G776": {"type": "Matrix2x2", "payoffs": [[[19,0],[0,12]],[[30,22],[32,25]]]},
"G777": {"type": "Matrix2x2", "payoffs": [[[8,81],[0,1]],[[15,98],[4,0]]]},
"G778": {"type": "Matrix2x2", "payoffs": [[[21,1],[6,2]],[[0,0],[92,3]]]},
"G779": {"type": "Matrix2x2", "payoffs": [[[64,61],[0,60]],[[16,9],[34,0]]]},
"G780": {"type": "Matrix2x2", "payoffs": [[[30,2],[0,0]],[[31,15],[48,20]]]},
"G781": {"type": "Matrix2x2", "payoffs": [[[4,17],[10,23]],[[0,0],[26,24]]]},
"G782": {"type": "Matrix2x2", "payoffs": [[[46,79],[0,0]],[[9,65],[43,26]]]},
"G783": {"type": "Matrix2x2", "payoffs": [[[46,0],[34,52]],[[0,62],[51,86]]]},
"G784": {"type": "Matrix2x2", "payoffs": [[[0,15],[13,22]],[[33,41],[10,0]]]},
"G785": {"type": "Matrix2x2", "payoffs": [[[100,41],[10,0]],[[0,9],[47,37]]]},
"G786": {"type": "Matrix2x2", "payoffs": [[[0,0],[20,6]],[[22,87],[12,57]]]},
"G787": {"type": "Matrix2x2", "payoffs": [[[0,6],[14,9]],[[8,0],[4,7]]]},
"G788": {"type": "Matrix2x2", "payoffs": [[[1,8],[0,9]],[[46,12],[39,0]]]},
"G789": {"type": "Matrix2x2", "payoffs": [[[68,64],[29,0]],[[64,53],[0,47]]]},
"G790": {"type": "Matrix2x2", "payoffs": [[[9,25],[0,0]],[[6,5],[4,1]]]},
"G791": {"type": "Matrix2x2", "payoffs": [[[46,1],[0,10]],[[18,0],[57,46]]]},
"G792": {"type": "Matrix2x2", "payoffs": [[[13,5],[0,1]],[[16,6],[9,0]]]},
"G793": {"type": "Matrix2x2", "payoffs": [[[0,0],[17,45]],[[7,11],[5,13]]]},
"G794": {"type": "Matrix2x2", "payoffs": [[[33,20],[0,0]],[[3,24],[77,39]]]},
"G795": {"type": "Matrix2x2", "payoffs": [[[0,67],[29,0]],[[24,82],[46,92]]]},
"G796": {"type": "Matrix2x2", "payoffs": [[[0,2],[4,26]],[[8,57],[1,0]]]},
"G797": {"type": "Matrix2x2", "payoffs": [[[20,7],[37,93]],[[16,20],[0,0]]]},
"G798": {"type": "Matrix2x2", "payoffs": [[[54,52],[0,50]],[[46,0],[34,40]]]},
"G799": {"type": "Matrix2x2", "payoffs": [[[6,59],[3,28]],[[1,0],[0,9]]]},
"G800": {"type": "Matrix2x2", "payoffs": [[[56,18],[81,41]],[[0,0],[51,8]]]},
"G801": {"type": "Matrix2x2", "payoffs": [[[9,0],[1,30]],[[95,60],[0,3]]]},
"G802": {"type": "Matrix2x2", "payoffs": [[[74,59],[20,51]],[[0,0],[1,57]]]},
"G803": {"type": "Matrix2x2", "payoffs": [[[0,75],[38,98]],[[29,0],[30,47]]]},
"G804": {"type": "Matrix2x2", "payoffs": [[[0,3],[67,20]],[[35,0],[50,9]]]},
"G805": {"type": "Matrix2x2", "payoffs": [[[10,0],[17,89]],[[4,85],[0,17]]]},
"G806": {"type": "Matrix2x2", "payoffs": [[[35,48],[18,39]],[[78,67],[0,0]]]},
"G807": {"type": "Matrix2x2", "payoffs": [[[22,17],[0,34]],[[46,66],[7,0]]]},
"G808": {"type": "Matrix2x2", "payoffs": [[[3,9],[0,0]],[[15,24],[51,89]]]},
"G809": {"type": "Matrix2x2", "payoffs": [[[5,44],[0,0]],[[12,49],[13,99]]]},
"G810": {"type": "Matrix2x2", "payoffs": [[[2,0],[5,29]],[[0,23],[7,32]]]},
"G811": {"type": "Matrix2x2", "payoffs": [[[0,0],[58,12]],[[71,33],[5,23]]]},
"G812": {"type": "Matrix2x2", "payoffs": [[[15,4],[27,17]],[[25,0],[0,8]]]},
"G813": {"type": "Matrix2x2", "payoffs": [[[18,67],[15,61]],[[0,0],[7,27]]]},
"G814": {"type": "Matrix2x2", "payoffs": [[[2,38],[28,0]],[[52,57],[0,54]]]},
"G815": {"type": "Matrix2x2", "payoffs": [[[0,47],[8,0]],[[19,15],[24,54]]]},
"G816": {"type": "Matrix2x2", "payoffs": [[[5,0],[29,67]],[[0,27],[21,52]]]},
"G817": {"type": "Matrix2x2", "payoffs": [[[75,13],[72,5]],[[16,9],[0,0]]]},
"G818": {"type": "Matrix2x2", "payoffs": [[[0,58],[12,70]],[[1,0],[8,4]]]},
"G819": {"type": "Matrix2x2", "payoffs": [[[36,59],[0,0]],[[5,5],[66,80]]]},
"G820": {"type": "Matrix2x2", "payoffs": [[[1,45],[2,38]],[[0,0],[3,65]]]},
"G821": {"type": "Matrix2x2", "payoffs": [[[19,8],[63,25]],[[55,0],[0,5]]]},
"G822": {"type": "Matrix2x2", "payoffs": [[[29,0],[64,20]],[[0,26],[66,95]]]},
"G823": {"type": "Matrix2x2", "payoffs": [[[68,0],[80,4]],[[99,42],[0,34]]]},
"G824": {"type": "Matrix2x2", "payoffs": [[[0,0],[44,12]],[[98,24],[40,20]]]},
"G825": {"type": "Matrix2x2", "payoffs": [[[35,90],[10,77]],[[0,0],[34,18]]]},
"G826": {"type": "Matrix2x2", "payoffs": [[[13,52],[68,72]],[[8,47],[0,0]]]},
"G827": {"type": "Matrix2x2", "payoffs": [[[7,16],[64,1]],[[0,0],[65,54]]]},
"G828": {"type": "Matrix2x2", "payoffs": [[[2,0],[1,7]],[[4,70],[0,13]]]},
"G829": {"type": "Matrix2x2", "payoffs": [[[15,0],[19,12]],[[8,4],[0,5]]]},
"G830": {"type": "Matrix2x2", "payoffs": [[[4,21],[36,36]],[[0,0],[93,62]]]},
"G831": {"type": "Matrix2x2", "payoffs": [[[57,23],[41,50]],[[0,0],[61,81]]]},
"G832": {"type": "Matrix2x2", "payoffs": [[[0,0],[32,49]],[[16,8],[66,90]]]},
"G833": {"type": "Matrix2x2", "payoffs": [[[12,0],[10,1]],[[0,2],[43,5]]]},
"G834": {"type": "Matrix2x2", "payoffs": [[[12,32],[3,20]],[[0,0],[4,23]]]},
"G835": {"type": "Matrix2x2", "payoffs": [[[1,0],[35,29]],[[0,17],[5,10]]]},
"G836": {"type": "Matrix2x2", "payoffs": [[[0,0],[4,14]],[[9,6],[57,31]]]},
"G837": {"type": "Matrix2x2", "payoffs": [[[40,0],[0,15]],[[30,5],[56,85]]]},
"G838": {"type": "Matrix2x2", "payoffs": [[[14,41],[0,9]],[[38,76],[37,0]]]},
"G839": {"type": "Matrix2x2", "payoffs": [[[8,0],[0,6]],[[28,61],[9,23]]]},
"G840": {"type": "Matrix2x2", "payoffs": [[[19,0],[72,67]],[[67,25],[0,66]]]},
"G841": {"type": "Matrix2x2", "payoffs": [[[12,19],[0,18]],[[28,0],[31,23]]]},
"G842": {"type": "Matrix2x2", "payoffs": [[[41,96],[0,66]],[[23,6],[15,0]]]},
"G843": {"type": "Matrix2x2", "payoffs": [[[32,26],[46,82]],[[0,54],[13,0]]]},
"G844": {"type": "Matrix2x2", "payoffs": [[[9,4],[2,10]],[[40,19],[0,0]]]},
"G845": {"type": "Matrix2x2", "payoffs": [[[0,6],[25,0]],[[36,14],[23,1]]]},
"G846": {"type": "Matrix2x2", "payoffs": [[[37,12],[33,0]],[[35,2],[0,3]]]},
"G847": {"type": "Matrix2x2", "payoffs": [[[25,1],[0,0]],[[4,3],[30,10]]]},
"G848": {"type": "Matrix2x2", "payoffs": [[[3,1],[15,0]],[[18,36],[0,28]]]},
"G849": {"type": "Matrix2x2", "payoffs": [[[23,0],[10,32]],[[0,16],[33,34]]]},
"G850": {"type": "Matrix2x2", "payoffs": [[[44,32],[0,0]],[[72,35],[56,6]]]},
"G851": {"type": "Matrix2x2", "payoffs": [[[2,34],[3,100]],[[0,0],[1,95]]]},
"G852": {"type": "Matrix2x2", "payoffs": [[[0,2],[11,20]],[[4,16],[1,0]]]},
"G853": {"type": "Matrix2x2", "payoffs": [[[0,0],[57,10]],[[29,9],[64,22]]]},
"G854": {"type": "Matrix2x2", "payoffs": [[[0,0],[9,3]],[[10,7],[6,2]]]},
"G855": {"type": "Matrix2x2", "payoffs": [[[29,25],[35,27]],[[0,0],[41,29]]]},
"G856": {"type": "Matrix2x2", "payoffs": [[[6,0],[37,89]],[[36,38],[0,64]]]},
"G857": {"type": "Matrix2x2", "payoffs": [[[64,78],[8,82]],[[78,99],[0,0]]]},
"G858": {"type": "Matrix2x2", "payoffs": [[[55,0],[85,26]],[[25,20],[0,6]]]},
"G859": {"type": "Matrix2x2", "payoffs": [[[83,40],[0,1]],[[46,35],[25,0]]]},
"G860": {"type": "Matrix2x2", "payoffs": [[[1,6],[0,0]],[[2,33],[4,49]]]},
"G861": {"type": "Matrix2x2", "payoffs": [[[5,54],[8,0]],[[0,31],[16,56]]]},
"G862": {"type": "Matrix2x2", "payoffs": [[[9,83],[26,89]],[[45,92],[0,0]]]},
"G863": {"type": "Matrix2x2", "payoffs": [[[14,81],[13,31]],[[3,0],[0,58]]]},
"G864": {"type": "Matrix2x2", "payoffs": [[[41,15],[0,1]],[[53,25],[9,0]]]},
"G865": {"type": "Matrix2x2", "payoffs": [[[14,8],[0,0]],[[47,48],[9,20]]]},
"G866": {"type": "Matrix2x2", "payoffs": [[[37,72],[3,0]],[[0,64],[9,17]]]},
"G867": {"type": "Matrix2x2", "payoffs": [[[39,56],[32,0]],[[0,32],[38,50]]]},
"G868": {"type": "Matrix2x2", "payoffs": [[[13,12],[26,94]],[[3,28],[0,0]]]},
"G869": {"type": "Matrix2x2", "payoffs": [[[48,98],[4,31]],[[0,92],[39,0]]]},
"G870": {"type": "Matrix2x2", "payoffs": [[[14,0],[0,35]],[[33,43],[11,22]]]},
"G871": {"type": "Matrix2x2", "payoffs": [[[0,0],[49,2]],[[67,4],[59,3]]]},
"G872": {"type": "Matrix2x2", "payoffs": [[[97,96],[13,20]],[[65,0],[0,44]]]},
"G873": {"type": "Matrix2x2", "payoffs": [[[3,74],[15,81]],[[10,35],[0,0]]]},
"G874": {"type": "Matrix2x2", "payoffs": [[[40,65],[51,0]],[[61,82],[0,54]]]},
"G875": {"type": "Matrix2x2", "payoffs": [[[22,53],[37,54]],[[14,25],[0,0]]]},
"G876": {"type": "Matrix2x2", "payoffs": [[[6,65],[1,0]],[[5,62],[0,48]]]},
"G877": {"type": "Matrix2x2", "payoffs": [[[18,9],[0,17]],[[72,20],[45,0]]]},
"G878": {"type": "Matrix2x2", "payoffs": [[[68,44],[93,47]],[[85,27],[0,0]]]},
"G879": {"type": "Matrix2x2", "payoffs": [[[78,17],[83,25]],[[100,43],[0,0]]]},
"G880": {"type": "Matrix2x2", "payoffs": [[[86,17],[0,0]],[[22,16],[34,14]]]},
"G881": {"type": "Matrix2x2", "payoffs": [[[9,0],[15,15]],[[0,13],[3,4]]]},
"G882": {"type": "Matrix2x2", "payoffs": [[[27,71],[12,2]],[[0,0],[45,78]]]},
"G883": {"type": "Matrix2x2", "payoffs": [[[70,4],[45,0]],[[0,34],[71,91]]]},
"G884": {"type": "Matrix2x2", "payoffs": [[[70,5],[98,83]],[[0,26],[94,0]]]},
"G885": {"type": "Matrix2x2", "payoffs": [[[77,40],[99,64]],[[49,12],[0,0]]]},
"G886": {"type": "Matrix2x2", "payoffs": [[[0,0],[38,75]],[[30,67],[15,46]]]},
"G887": {"type": "Matrix2x2", "payoffs": [[[43,1],[42,0]],[[91,31],[0,7]]]},
"G888": {"type": "Matrix2x2", "payoffs": [[[91,0],[100,70]],[[9,28],[0,18]]]},
"G889": {"type": "Matrix2x2", "payoffs": [[[24,17],[25,15]],[[0,0],[38,52]]]},
"G890": {"type": "Matrix2x2", "payoffs": [[[12,18],[98,32]],[[67,9],[0,0]]]},
"G891": {"type": "Matrix2x2", "payoffs": [[[70,29],[45,22]],[[1,10],[0,0]]]},
"G892": {"type": "Matrix2x2", "payoffs": [[[51,40],[19,4]],[[0,0],[22,30]]]},
"G893": {"type": "Matrix2x2", "payoffs": [[[10,0],[49,19]],[[0,14],[2,13]]]},
"G894": {"type": "Matrix2x2", "payoffs": [[[13,13],[0,0]],[[42,19],[83,93]]]},
"G895": {"type": "Matrix2x2", "payoffs": [[[40,47],[28,11]],[[49,51],[0,0]]]},
"G896": {"type": "Matrix2x2", "payoffs": [[[0,23],[14,0]],[[39,31],[44,44]]]},
"G897": {"type": "Matrix2x2", "payoffs": [[[30,0],[46,1]],[[100,82],[0,38]]]},
"G898": {"type": "Matrix2x2", "payoffs": [[[0,49],[88,77]],[[50,0],[64,53]]]},
"G899": {"type": "Matrix2x2", "payoffs": [[[51,89],[41,0]],[[0,19],[3,9]]]},
"G900": {"type": "Matrix2x2", "payoffs": [[[18,54],[2,24]],[[0,0],[11,39]]]},
"G901": {"type": "Matrix2x2", "payoffs": [[[19,4],[3,2]],[[0,0],[5,1]]]},
"G902": {"type": "Matrix2x2", "payoffs": [[[75,38],[44,0]],[[36,12],[0,22]]]},
"G903": {"type": "Matrix2x2", "payoffs": [[[0,22],[37,0]],[[9,30],[59,57]]]},
"G904": {"type": "Matrix2x2", "payoffs": [[[76,9],[0,5]],[[2,8],[50,0]]]},
"G905": {"type": "Matrix2x2", "payoffs": [[[19,41],[33,0]],[[0,36],[36,62]]]},
"G906": {"type": "Matrix2x2", "payoffs": [[[0,4],[63,0]],[[85,14],[83,7]]]},
"G907": {"type": "Matrix2x2", "payoffs": [[[35,11],[0,0]],[[57,47],[41,34]]]},
"G908": {"type": "Matrix2x2", "payoffs": [[[34,6],[63,79]],[[31,0],[0,15]]]},
"G909": {"type": "Matrix2x2", "payoffs": [[[0,9],[56,0]],[[49,45],[61,91]]]},
"G910": {"type": "Matrix2x2", "payoffs": [[[32,56],[45,79]],[[0,43],[29,0]]]},
"G911": {"type": "Matrix2x2", "payoffs": [[[60,63],[0,37]],[[49,45],[44,0]]]},
"G912": {"type": "Matrix2x2", "payoffs": [[[1,0],[0,5]],[[6,99],[3,75]]]},
"G913": {"type": "Matrix2x2", "payoffs": [[[5,0],[4,32]],[[0,20],[7,54]]]},
"G914": {"type": "Matrix2x2", "payoffs": [[[52,24],[38,0]],[[59,95],[0,56]]]},
"G915": {"type": "Matrix2x2", "payoffs": [[[80,61],[42,0]],[[7,9],[0,26]]]},
"G916": {"type": "Matrix2x2", "payoffs": [[[7,15],[0,62]],[[31,0],[46,72]]]},
"G917": {"type": "Matrix2x2", "payoffs": [[[68,4],[0,1]],[[8,2],[53,0]]]},
"G918": {"type": "Matrix2x2", "payoffs": [[[16,0],[41,94]],[[8,82],[0,69]]]},
"G919": {"type": "Matrix2x2", "payoffs": [[[17,12],[62,17]],[[1,16],[0,0]]]},
"G920": {"type": "Matrix2x2", "payoffs": [[[43,42],[2,11]],[[0,0],[55,66]]]},
"G921": {"type": "Matrix2x2", "payoffs": [[[0,24],[18,45]],[[12,0],[2,17]]]},
"G922": {"type": "Matrix2x2", "payoffs": [[[0,0],[62,96]],[[50,25],[43,27]]]},
"G923": {"type": "Matrix2x2", "payoffs": [[[57,33],[0,0]],[[29,16],[51,28]]]},
"G924": {"type": "Matrix2x2", "payoffs": [[[32,0],[24,29]],[[0,1],[40,45]]]},
"G925": {"type": "Matrix2x2", "payoffs": [[[6,0],[20,44]],[[0,35],[10,2]]]},
"G926": {"type": "Matrix2x2", "payoffs": [[[33,71],[29,0]],[[1,10],[0,54]]]},
"G927": {"type": "Matrix2x2", "payoffs": [[[5,0],[6,12]],[[4,2],[0,5]]]},
"G928": {"type": "Matrix2x2", "payoffs": [[[40,12],[7,7]],[[0,4],[19,0]]]},
"G929": {"type": "Matrix2x2", "payoffs": [[[0,22],[91,33]],[[36,0],[64,16]]]},
"G930": {"type": "Matrix2x2", "payoffs": [[[63,91],[52,70]],[[0,0],[43,83]]]},
"G931": {"type": "Matrix2x2", "payoffs": [[[0,0],[46,18]],[[27,15],[50,37]]]},
"G932": {"type": "Matrix2x2", "payoffs": [[[0,84],[7,0]],[[9,41],[15,94]]]},
"G933": {"type": "Matrix2x2", "payoffs": [[[0,15],[2,0]],[[19,23],[46,86]]]},
"G934": {"type": "Matrix2x2", "payoffs": [[[37,0],[24,3]],[[57,4],[0,2]]]},
"G935": {"type": "Matrix2x2", "payoffs": [[[0,0],[12,6]],[[30,73],[2,33]]]},
"G936": {"type": "Matrix2x2", "payoffs": [[[59,18],[73,28]],[[79,65],[0,0]]]},
"G937": {"type": "Matrix2x2", "payoffs": [[[13,3],[56,9]],[[0,7],[14,0]]]},
"G938": {"type": "Matrix2x2", "payoffs": [[[1,0],[0,11]],[[3,70],[2,39]]]},
"G939": {"type": "Matrix2x2", "payoffs": [[[22,0],[41,69]],[[25,5],[0,46]]]},
"G940": {"type": "Matrix2x2", "payoffs": [[[27,24],[10,3]],[[0,0],[91,37]]]},
"G941": {"type": "Matrix2x2", "payoffs": [[[73,4],[89,41]],[[0,0],[55,2]]]},
"G942": {"type": "Matrix2x2", "payoffs": [[[58,33],[53,0]],[[0,9],[61,47]]]},
"G943": {"type": "Matrix2x2", "payoffs": [[[68,18],[96,50]],[[0,0],[66,8]]]},
"G944": {"type": "Matrix2x2", "payoffs": [[[18,44],[16,42]],[[1,8],[0,0]]]},
"G945": {"type": "Matrix2x2", "payoffs": [[[35,0],[20,63]],[[43,68],[0,33]]]},
"G946": {"type": "Matrix2x2", "payoffs": [[[35,21],[0,8]],[[5,0],[24,20]]]},
"G947": {"type": "Matrix2x2", "payoffs": [[[30,9],[0,0]],[[48,14],[45,4]]]},
"G948": {"type": "Matrix2x2", "payoffs": [[[0,64],[48,74]],[[63,98],[37,0]]]},
"G949": {"type": "Matrix2x2", "payoffs": [[[67,48],[75,1]],[[0,0],[92,67]]]},
"G950": {"type": "Matrix2x2", "payoffs": [[[7,0],[27,30]],[[0,21],[9,5]]]},
"G951": {"type": "Matrix2x2", "payoffs": [[[85,33],[27,11]],[[0,0],[42,24]]]},
"G952": {"type": "Matrix2x2", "payoffs": [[[0,0],[10,52]],[[71,70],[45,20]]]},
"G953": {"type": "Matrix2x2", "payoffs": [[[69,36],[0,34]],[[6,0],[33,18]]]},
"G954": {"type": "Matrix2x2", "payoffs": [[[73,13],[47,0]],[[0,6],[20,12]]]},
"G955": {"type": "Matrix2x2", "payoffs": [[[51,23],[83,60]],[[26,0],[0,11]]]},
"G956": {"type": "Matrix2x2", "payoffs": [[[0,18],[40,49]],[[39,41],[35,0]]]},
"G957": {"type": "Matrix2x2", "payoffs": [[[75,40],[41,14]],[[0,27],[19,0]]]},
"G958": {"type": "Matrix2x2", "payoffs": [[[11,27],[30,36]],[[14,0],[0,17]]]},
"G959": {"type": "Matrix2x2", "payoffs": [[[0,37],[15,0]],[[60,48],[58,1]]]},
"G960": {"type": "Matrix2x2", "payoffs": [[[100,53],[57,15]],[[0,32],[14,0]]]},
"G961": {"type": "Matrix2x2", "payoffs": [[[1,12],[9,71]],[[7,0],[0,49]]]},
"G962": {"type": "Matrix2x2", "payoffs": [[[32,17],[6,21]],[[0,0],[63,46]]]},
"G963": {"type": "Matrix2x2", "payoffs": [[[26,79],[14,43]],[[3,0],[0,30]]]},
"G964": {"type": "Matrix2x2", "payoffs": [[[3,15],[0,8]],[[4,0],[7,16]]]},
"G965": {"type": "Matrix2x2", "payoffs": [[[9,82],[0,66]],[[74,99],[43,0]]]},
"G966": {"type": "Matrix2x2", "payoffs": [[[0,0],[20,2]],[[5,3],[32,6]]]},
"G967": {"type": "Matrix2x2", "payoffs": [[[36,81],[31,26]],[[6,0],[0,29]]]},
"G968": {"type": "Matrix2x2", "payoffs": [[[81,75],[14,22]],[[65,0],[0,69]]]},
"G969": {"type": "Matrix2x2", "payoffs": [[[0,0],[8,38]],[[7,9],[1,30]]]},
"G970": {"type": "Matrix2x2", "payoffs": [[[7,5],[3,12]],[[9,14],[0,0]]]},
"G971": {"type": "Matrix2x2", "payoffs": [[[0,19],[11,35]],[[6,13],[1,0]]]},
"G972": {"type": "Matrix2x2", "payoffs": [[[1,18],[41,25]],[[0,0],[55,46]]]},
"G973": {"type": "Matrix2x2", "payoffs": [[[88,62],[34,21]],[[82,0],[0,49]]]},
"G974": {"type": "Matrix2x2", "payoffs": [[[2,22],[5,34]],[[19,37],[0,0]]]},
"G975": {"type": "Matrix2x2", "payoffs": [[[76,46],[0,61]],[[92,66],[15,0]]]},
"G976": {"type": "Matrix2x2", "payoffs": [[[1,0],[40,13]],[[0,7],[18,5]]]},
"G977": {"type": "Matrix2x2", "payoffs": [[[2,17],[10,58]],[[3,8],[0,0]]]},
"G978": {"type": "Matrix2x2", "payoffs": [[[34,81],[18,0]],[[0,47],[26,80]]]},
"G979": {"type": "Matrix2x2", "payoffs": [[[39,0],[0,50]],[[57,61],[37,55]]]},
"G980": {"type": "Matrix2x2", "payoffs": [[[4,0],[0,46]],[[18,8],[29,86]]]},
"G981": {"type": "Matrix2x2", "payoffs": [[[0,16],[6,0]],[[60,75],[77,84]]]},
"G982": {"type": "Matrix2x2", "payoffs": [[[73,38],[0,0]],[[37,3],[10,33]]]},
"G983": {"type": "Matrix2x2", "payoffs": [[[0,0],[65,10]],[[86,17],[58,16]]]},
"G984": {"type": "Matrix2x2", "payoffs": [[[1,19],[6,23]],[[5,0],[0,7]]]},
"G985": {"type": "Matrix2x2", "payoffs": [[[26,3],[13,0]],[[0,1],[37,4]]]},
"G986": {"type": "Matrix2x2", "payoffs": [[[41,0],[45,7]],[[44,6],[0,4]]]},
"G987": {"type": "Matrix2x2", "payoffs": [[[93,75],[98,85]],[[0,34],[28,0]]]},
"G988": {"type": "Matrix2x2", "payoffs": [[[0,6],[81,54]],[[45,0],[32,39]]]},
"G989": {"type": "Matrix2x2", "payoffs": [[[52,77],[34,0]],[[0,26],[45,66]]]},
"G990": {"type": "Matrix2x2", "payoffs": [[[55,60],[0,26]],[[30,40],[12,0]]]},
"G991": {"type": "Matrix2x2", "payoffs": [[[0,29],[95,45]],[[86,17],[1,0]]]},
"G992": {"type": "Matrix2x2", "payoffs": [[[16,0],[20,1]],[[0,2],[43,4]]]},
"G993": {"type": "Matrix2x2", "payoffs": [[[29,0],[0,26]],[[48,27],[3,5]]]},
"G994": {"type": "Matrix2x2", "payoffs": [[[31,0],[93,67]],[[14,52],[0,14]]]},
"G995": {"type": "Matrix2x2", "payoffs": [[[22,0],[0,16]],[[67,48],[99,66]]]},
"G996": {"type": "Matrix2x2", "payoffs": [[[37,21],[0,0]],[[20,5],[26,1]]]},
"G997": {"type": "Matrix2x2", "payoffs": [[[50,86],[46,0]],[[62,100],[0,60]]]},
"G998": {"type": "Matrix2x2", "payoffs": [[[56,4],[30,3]],[[0,0],[45,2]]]},
"G999": {"type": "Matrix2x2", "payoffs": [[[24,79],[45,97]],[[28,27],[0,0]]]},
"G1000": {"type": "Matrix2x2", "payoffs": [[[100,19],[0,6]],[[74,7],[53,0]]]}
}