{
"numGames": 100,
"G1": {"type": "Matrix2x2", "payoffs": [[[9,68],[0,0]],[[8,62],[2,31]]]},
"G2": {"type": "Matrix2x2", "payoffs": [[[2,3],[0,0]],[[8,62],[6,44]]]},
"G3": {"type": "Matrix2x2", "payoffs": [[[0,9],[3,76]],[[2,58],[1,0]]]},
"G4": {"type": "Matrix2x2", "payoffs": [[[12,0],[0,39]],[[20,41],[2,37]]]},
"G5": {"type": "Matrix2x2", "payoffs": [[[61,58],[91,62]],[[0,0],[78,59]]]},
"G6": {"type": "Matrix2x2", "payoffs": [[[0,0],[4,14]],[[32,20],[9,9]]]},
"G7": {"type": "Matrix2x2", "payoffs": [[[71,0],[33,1]],[[74,19],[0,8]]]},
"G8": {"type": "Matrix2x2", "payoffs": [[[36,42],[18,0]],[[0,81],[38,94]]]},
"G9": {"type": "Matrix2x2", "payoffs": [[[0,0],[4,25]],[[84,30],[95,76]]]},
"G10": {"type": "Matrix2x2", "payoffs": [[[9,62],[74,56]],[[0,0],[90,69]]]},
"G11": {"type": "Matrix2x2", "payoffs": [[[2,0],[10,8]],[[0,11],[21,63]]]},
"G12": {"type": "Matrix2x2", "payoffs": [[[90,77],[79,27]],[[87,0],[0,22]]]},
"G13": {"type": "Matrix2x2", "payoffs": [[[11,38],[34,64]],[[1,0],[0,14]]]},
"G14": {"type": "Matrix2x2", "payoffs": [[[30,0],[0,75]],[[39,82],[53,86]]]},
"G15": {"type": "Matrix2x2", "payoffs": [[[3,58],[2,39]],[[0,32],[1,0]]]},
"G16": {"type": "Matrix2x2", "payoffs": [[[60,12],[0,0]],[[57,9],[89,34]]]},
"G17": {"type": "Matrix2x2", "payoffs": [[[39,9],[32,0]],[[0,26],[41,63]]]},
"G18": {"type": "Matrix2x2", "payoffs": [[[4,0],[11,35]],[[16,56],[0,30]]]},
"G19": {"type": "Matrix2x2", "payoffs": [[[35,0],[13,1]],[[43,8],[0,5]]]},
"G20": {"type": "Matrix2x2", "payoffs": [[[1,8],[0,5]],[[3,0],[4,9]]]},
"G21": {"type": "Matrix2x2", "payoffs": [[[90,83],[0,0]],[[12,37],[77,65]]]},
"G22": {"type": "Matrix2x2", "payoffs": [[[87,88],[19,0]],[[0,23],[53,22]]]},
"G23": {"type": "Matrix2x2", "payoffs": [[[7,0],[0,27]],[[17,31],[6,29]]]},
"G24": {"type": "Matrix2x2", "payoffs": [[[0,46],[83,68]],[[9,0],[15,63]]]},
"G25": {"type": "Matrix2x2", "payoffs": [[[9,10],[0,0]],[[3,1],[1,3]]]},
"G26": {"type": "Matrix2x2", "payoffs": [[[2,58],[0,0]],[[7,61],[1,42]]]},
"G27": {"type": "Matrix2x2", "payoffs": [[[37,0],[42,7]],[[0,2],[18,5]]]},
"G28": {"type": "Matrix2x2", "payoffs": [[[40,4],[30,25]],[[0,0],[47,54]]]},
"G29": {"type": "Matrix2x2", "payoffs": [[[0,5],[86,3]],[[78,0],[97,6]]]},
"G30": {"type": "Matrix2x2", "payoffs": [[[55,80],[48,47]],[[18,0],[0,21]]]},
"G31": {"type": "Matrix2x2", "payoffs": [[[0,1],[3,2]],[[4,0],[18,3]]]},
"G32": {"type": "Matrix2x2", "payoffs": [[[87,36],[0,0]],[[54,16],[31,10]]]},
"G33": {"type": "Matrix2x2", "payoffs": [[[40,5],[0,0]],[[85,6],[6,1]]]},
"G34": {"type": "Matrix2x2", "payoffs": [[[49,24],[33,5]],[[0,9],[27,0]]]},
"G35": {"type": "Matrix2x2", "payoffs": [[[7,0],[29,57]],[[11,22],[0,44]]]},
"G36": {"type": "Matrix2x2", "payoffs": [[[4,13],[2,15]],[[19,19],[0,0]]]},
"G37": {"type": "Matrix2x2", "payoffs": [[[5,70],[0,0]],[[1,33],[2,12]]]},
"G38": {"type": "Matrix2x2", "payoffs": [[[47,6],[0,2]],[[22,4],[40,0]]]},
"G39": {"type": "Matrix2x2", "payoffs": [[[0,12],[31,74]],[[25,53],[24,0]]]},
"G40": {"type": "Matrix2x2", "payoffs": [[[20,3],[62,35]],[[0,9],[37,0]]]},
"G41": {"type": "Matrix2x2", "payoffs": [[[25,47],[30,3]],[[70,62],[0,0]]]},
"G42": {"type": "Matrix2x2", "payoffs": [[[15,65],[0,42]],[[18,67],[8,0]]]},
"G43": {"type": "Matrix2x2", "payoffs": [[[17,48],[33,0]],[[0,27],[47,89]]]},
"G44": {"type": "Matrix2x2", "payoffs": [[[0,8],[29,22]],[[28,11],[12,0]]]},
"G45": {"type": "Matrix2x2", "payoffs": [[[0,58],[31,0]],[[37,71],[35,21]]]},
"G46": {"type": "Matrix2x2", "payoffs": [[[65,78],[0,0]],[[18,33],[52,43]]]},
"G47": {"type": "Matrix2x2", "payoffs": [[[58,36],[0,7]],[[34,0],[21,16]]]},
"G48": {"type": "Matrix2x2", "payoffs": [[[7,26],[0,32]],[[58,53],[42,0]]]},
"G49": {"type": "Matrix2x2", "payoffs": [[[38,0],[19,18]],[[51,60],[0,5]]]},
"G50": {"type": "Matrix2x2", "payoffs": [[[0,31],[50,90]],[[1,50],[33,0]]]},
"G51": {"type": "Matrix2x2", "payoffs": [[[71,12],[17,1]],[[0,0],[51,6]]]},
"G52": {"type": "Matrix2x2", "payoffs": [[[0,6],[25,0]],[[19,3],[27,8]]]},
"G53": {"type": "Matrix2x2", "payoffs": [[[0,19],[48,63]],[[20,0],[5,36]]]},
"G54": {"type": "Matrix2x2", "payoffs": [[[83,34],[18,15]],[[47,3],[0,0]]]},
"G55": {"type": "Matrix2x2", "payoffs": [[[13,38],[11,0]],[[0,15],[2,32]]]},
"G56": {"type": "Matrix2x2", "payoffs": [[[89,76],[0,75]],[[56,62],[3,0]]]},
"G57": {"type": "Matrix2x2", "payoffs": [[[47,60],[40,0]],[[23,33],[0,36]]]},
"G58": {"type": "Matrix2x2", "payoffs": [[[67,48],[0,0]],[[57,5],[11,29]]]},
"G59": {"type": "Matrix2x2", "payoffs": [[[0,0],[4,22]],[[5,12],[12,45]]]},
"G60": {"type": "Matrix2x2", "payoffs": [[[0,0],[38,23]],[[4,11],[22,2]]]},
"G61": {"type": "Matrix2x2", "payoffs": [[[43,58],[0,0]],[[51,70],[55,81]]]},
"G62": {"type": "Matrix2x2", "payoffs": [[[31,10],[68,52]],[[49,50],[0,0]]]},
"G63": {"type": "Matrix2x2", "payoffs": [[[0,14],[40,26]],[[25,0],[24,22]]]},
"G64": {"type": "Matrix2x2", "payoffs": [[[32,0],[0,3]],[[64,55],[16,1]]]},
"G65": {"type": "Matrix2x2", "payoffs": [[[3,85],[59,0]],[[0,95],[65,96]]]},
"G66": {"type": "Matrix2x2", "payoffs": [[[0,0],[84,98]],[[81,85],[69,97]]]},
"G67": {"type": "Matrix2x2", "payoffs": [[[26,5],[99,19]],[[0,12],[37,0]]]},
"G68": {"type": "Matrix2x2", "payoffs": [[[31,2],[62,33]],[[52,0],[0,14]]]},
"G69": {"type": "Matrix2x2", "payoffs": [[[44,80],[8,10]],[[28,31],[0,0]]]},
"G70": {"type": "Matrix2x2", "payoffs": [[[6,0],[9,10]],[[11,58],[0,20]]]},
"G71": {"type": "Matrix2x2", "payoffs": [[[100,28],[0,0]],[[98,20],[2,10]]]},
"G72": {"type": "Matrix2x2", "payoffs": [[[0,20],[3,10]],[[6,0],[17,62]]]},
"G73": {"type": "Matrix2x2", "payoffs": [[[0,0],[64,12]],[[3,4],[31,8]]]},
"G74": {"type": "Matrix2x2", "payoffs": [[[49,0],[12,44]],[[73,82],[0,77]]]},
"G75": {"type": "Matrix2x2", "payoffs": [[[0,5],[85,0]],[[90,99],[39,68]]]},
"G76": {"type": "Matrix2x2", "payoffs": [[[66,20],[99,37]],[[0,0],[14,5]]]},
"G77": {"type": "Matrix2x2", "payoffs": [[[2,0],[0,11]],[[3,13],[1,7]]]},
"G78": {"type": "Matrix2x2", "payoffs": [[[13,15],[16,29]],[[0,14],[3,0]]]},
"G79": {"type": "Matrix2x2", "payoffs": [[[88,59],[73,32]],[[0,18],[32,0]]]},
"G80": {"type": "Matrix2x2", "payoffs": [[[0,0],[52,7]],[[76,25],[29,23]]]},
"G81": {"type": "Matrix2x2", "payoffs": [[[8,0],[0,1]],[[45,5],[44,3]]]},
"G82": {"type": "Matrix2x2", "payoffs": [[[30,7],[45,11]],[[68,45],[0,0]]]},
"G83": {"type": "Matrix2x2", "payoffs": [[[19,0],[0,8]],[[100,13],[48,12]]]},
"G84": {"type": "Matrix2x2", "payoffs": [[[0,67],[6,6]],[[17,76],[9,0]]]},
"G85": {"type": "Matrix2x2", "payoffs": [[[0,0],[63,5]],[[36,2],[11,3]]]},
"G86": {"type": "Matrix2x2", "payoffs": [[[0,5],[95,24]],[[23,7],[51,0]]]},
"G87": {"type": "Matrix2x2", "payoffs": [[[4,0],[8,58]],[[5,17],[0,21]]]},
"G88": {"type": "Matrix2x2", "payoffs": [[[9,1],[0,0]],[[1,31],[20,66]]]},
"G89": {"type": "Matrix2x2", "payoffs": [[[8,0],[42,87]],[[25,13],[0,50]]]},
"G90": {"type": "Matrix2x2", "payoffs": [[[0,0],[15,29]],[[3,20],[12,3]]]},
"G91": {"type": "Matrix2x2", "payoffs": [[[56,13],[100,93]],[[0,53],[45,0]]]},
"G92": {"type": "Matrix2x2", "payoffs": [[[49,28],[41,0]],[[0,34],[71,65]]]},
"G93": {"type": "Matrix2x2", "payoffs": [[[99,20],[73,0]],[[98,10],[0,8]]]},
"G94": {"type": "Matrix2x2", "payoffs": [[[11,44],[0,35]],[[25,59],[4,0]]]},
"G95": {"type": "Matrix2x2", "payoffs": [[[0,3],[90,24]],[[72,0],[23,15]]]},
"G96": {"type": "Matrix2x2", "payoffs": [[[0,6],[27,21]],[[10,10],[19,0]]]},
"G97": {"type": "Matrix2x2", "payoffs": [[[0,48],[64,55]],[[50,12],[43,0]]]},
"G98": {"type": "Matrix2x2", "payoffs": [[[77,4],[13,5]],[[82,7],[0,0]]]},
"G99": {"type": "Matrix2x2", "payoffs": [[[9,0],[19,7]],[[0,4],[5,1]]]},
"G100": {"type": "Matrix2x2", "payoffs": [[[64,29],[22,18]],[[37,12],[0,0]]]}
}