{
"numGames": 1000,
"G1": {"type": "Matrix2x2", "payoffs": [[[7,16],[0,11]],[[9,0],[11,17]]]},
"G2": {"type": "Matrix2x2", "payoffs": [[[0,0],[7,40]],[[4,6],[6,33]]]},
"G3": {"type": "Matrix2x2", "payoffs": [[[0,28],[4,2]],[[21,29],[16,0]]]},
"G4": {"type": "Matrix2x2", "payoffs": [[[98,33],[0,0]],[[94,5],[83,21]]]},
"G5": {"type": "Matrix2x2", "payoffs": [[[19,30],[0,0]],[[77,32],[12,12]]]},
"G6": {"type": "Matrix2x2", "payoffs": [[[0,52],[13,0]],[[33,64],[21,35]]]},
"G7": {"type": "Matrix2x2", "payoffs": [[[3,0],[1,49]],[[10,97],[0,3]]]},
"G8": {"type": "Matrix2x2", "payoffs": [[[7,0],[0,4]],[[4,56],[14,66]]]},
"G9": {"type": "Matrix2x2", "payoffs": [[[7,14],[28,19]],[[0,0],[81,28]]]},
"G10": {"type": "Matrix2x2", "payoffs": [[[19,13],[12,12]],[[0,0],[6,10]]]},
"G11": {"type": "Matrix2x2", "payoffs": [[[19,38],[5,27]],[[4,16],[0,0]]]},
"G12": {"type": "Matrix2x2", "payoffs": [[[38,35],[22,32]],[[0,0],[47,94]]]},
"G13": {"type": "Matrix2x2", "payoffs": [[[4,0],[0,14]],[[52,9],[71,79]]]},
"G14": {"type": "Matrix2x2", "payoffs": [[[17,0],[19,34]],[[9,18],[0,7]]]},
"G15": {"type": "Matrix2x2", "payoffs": [[[12,24],[0,30]],[[51,0],[80,37]]]},
"G16": {"type": "Matrix2x2", "payoffs": [[[12,24],[0,0]],[[13,19],[47,86]]]},
"G17": {"type": "Matrix2x2", "payoffs": [[[14,38],[27,53]],[[0,0],[5,4]]]},
"G18": {"type": "Matrix2x2", "payoffs": [[[25,30],[3,0]],[[5,15],[0,1]]]},
"G19": {"type": "Matrix2x2", "payoffs": [[[43,0],[70,65]],[[56,20],[0,49]]]},
"G20": {"type": "Matrix2x2", "payoffs": [[[81,21],[0,1]],[[48,0],[40,20]]]},
"G21": {"type": "Matrix2x2", "payoffs": [[[19,54],[3,35]],[[0,5],[17,0]]]},
"G22": {"type": "Matrix2x2", "payoffs": [[[40,57],[0,13]],[[21,0],[25,5]]]},
"G23": {"type": "Matrix2x2", "payoffs": [[[0,0],[18,13]],[[2,3],[15,1]]]},
"G24": {"type": "Matrix2x2", "payoffs": [[[0,0],[48,56]],[[47,21],[44,26]]]},
"G25": {"type": "Matrix2x2", "payoffs": [[[14,13],[31,0]],[[51,21],[0,9]]]},
"G26": {"type": "Matrix2x2", "payoffs": [[[0,0],[68,22]],[[62,12],[2,16]]]},
"G27": {"type": "Matrix2x2", "payoffs": [[[9,23],[0,17]],[[12,43],[7,0]]]},
"G28": {"type": "Matrix2x2", "payoffs": [[[35,76],[9,73]],[[20,0],[0,8]]]},
"G29": {"type": "Matrix2x2", "payoffs": [[[11,12],[0,5]],[[21,0],[37,13]]]},
"G30": {"type": "Matrix2x2", "payoffs": [[[0,64],[60,0]],[[39,62],[89,86]]]},
"G31": {"type": "Matrix2x2", "payoffs": [[[71,79],[67,6]],[[10,0],[0,73]]]},
"G32": {"type": "Matrix2x2", "payoffs": [[[23,27],[52,38]],[[39,0],[0,22]]]},
"G33": {"type": "Matrix2x2", "payoffs": [[[32,51],[0,4]],[[6,0],[19,34]]]},
"G34": {"type": "Matrix2x2", "payoffs": [[[85,51],[21,31]],[[38,0],[0,9]]]},
"G35": {"type": "Matrix2x2", "payoffs": [[[96,60],[62,55]],[[55,0],[0,5]]]},
"G36": {"type": "Matrix2x2", "payoffs": [[[0,0],[72,45]],[[55,16],[8,43]]]},
"G37": {"type": "Matrix2x2", "payoffs": [[[31,9],[7,3]],[[0,0],[5,1]]]},
"G38": {"type": "Matrix2x2", "payoffs": [[[9,2],[2,8]],[[19,15],[0,0]]]},
"G39": {"type": "Matrix2x2", "payoffs": [[[0,0],[56,32]],[[18,18],[54,5]]]},
"G40": {"type": "Matrix2x2", "payoffs": [[[7,43],[0,42]],[[16,48],[2,0]]]},
"G41": {"type": "Matrix2x2", "payoffs": [[[32,22],[28,0]],[[26,7],[0,5]]]},
"G42": {"type": "Matrix2x2", "payoffs": [[[0,0],[88,55]],[[54,53],[20,21]]]},
"G43": {"type": "Matrix2x2", "payoffs": [[[5,88],[4,11]],[[0,22],[2,0]]]},
"G44": {"type": "Matrix2x2", "payoffs": [[[3,0],[0,61]],[[4,15],[5,92]]]},
"G45": {"type": "Matrix2x2", "payoffs": [[[3,2],[8,0]],[[21,3],[0,1]]]},
"G46": {"type": "Matrix2x2", "payoffs": [[[80,9],[57,1]],[[0,3],[68,0]]]},
"G47": {"type": "Matrix2x2", "payoffs": [[[0,89],[42,97]],[[29,32],[24,0]]]},
"G48": {"type": "Matrix2x2", "payoffs": [[[0,1],[24,2]],[[28,8],[19,0]]]},
"G49": {"type": "Matrix2x2", "payoffs": [[[27,20],[0,19]],[[8,9],[11,0]]]},
"G50": {"type": "Matrix2x2", "payoffs": [[[15,94],[9,21]],[[12,89],[0,0]]]},
"G51": {"type": "Matrix2x2", "payoffs": [[[0,0],[13,89]],[[15,98],[12,45]]]},
"G52": {"type": "Matrix2x2", "payoffs": [[[14,40],[79,43]],[[60,0],[0,38]]]},
"G53": {"type": "Matrix2x2", "payoffs": [[[14,32],[53,52]],[[0,0],[29,3]]]},
"G54": {"type": "Matrix2x2", "payoffs": [[[60,15],[96,45]],[[45,25],[0,0]]]},
"G55": {"type": "Matrix2x2", "payoffs": [[[8,1],[63,5]],[[0,0],[58,4]]]},
"G56": {"type": "Matrix2x2", "payoffs": [[[71,12],[43,0]],[[0,7],[52,11]]]},
"G57": {"type": "Matrix2x2", "payoffs": [[[0,0],[37,20]],[[39,38],[1,28]]]},
"G58": {"type": "Matrix2x2", "payoffs": [[[93,84],[89,55]],[[25,0],[0,74]]]},
"G59": {"type": "Matrix2x2", "payoffs": [[[0,15],[56,17]],[[51,0],[14,14]]]},
"G60": {"type": "Matrix2x2", "payoffs": [[[0,0],[43,26]],[[41,6],[8,20]]]},
"G61": {"type": "Matrix2x2", "payoffs": [[[3,36],[0,40]],[[4,0],[8,44]]]},
"G62": {"type": "Matrix2x2", "payoffs": [[[40,62],[30,0]],[[12,55],[0,46]]]},
"G63": {"type": "Matrix2x2", "payoffs": [[[84,45],[12,0]],[[0,21],[45,34]]]},
"G64": {"type": "Matrix2x2", "payoffs": [[[3,58],[0,30]],[[58,72],[40,0]]]},
"G65": {"type": "Matrix2x2", "payoffs": [[[95,8],[56,6]],[[0,5],[78,0]]]},
"G66": {"type": "Matrix2x2", "payoffs": [[[21,0],[0,36]],[[23,42],[28,76]]]},
"G67": {"type": "Matrix2x2", "payoffs": [[[29,0],[25,14]],[[0,71],[40,79]]]},
"G68": {"type": "Matrix2x2", "payoffs": [[[74,39],[0,0]],[[10,1],[39,9]]]},
"G69": {"type": "Matrix2x2", "payoffs": [[[70,33],[13,7]],[[41,15],[0,0]]]},
"G70": {"type": "Matrix2x2", "payoffs": [[[74,12],[31,0]],[[46,1],[0,11]]]},
"G71": {"type": "Matrix2x2", "payoffs": [[[46,0],[20,29]],[[50,32],[0,26]]]},
"G72": {"type": "Matrix2x2", "payoffs": [[[39,0],[0,15]],[[40,44],[31,2]]]},
"G73": {"type": "Matrix2x2", "payoffs": [[[11,0],[14,5]],[[21,6],[0,4]]]},
"G74": {"type": "Matrix2x2", "payoffs": [[[0,0],[88,66]],[[43,34],[39,60]]]},
"G75": {"type": "Matrix2x2", "payoffs": [[[0,0],[8,47]],[[7,57],[34,67]]]},
"G76": {"type": "Matrix2x2", "payoffs": [[[44,75],[0,0]],[[8,71],[47,89]]]},
"G77": {"type": "Matrix2x2", "payoffs": [[[14,15],[24,0]],[[0,6],[34,47]]]},
"G78": {"type": "Matrix2x2", "payoffs": [[[100,57],[22,45]],[[0,51],[55,0]]]},
"G79": {"type": "Matrix2x2", "payoffs": [[[62,31],[94,90]],[[67,82],[0,0]]]},
"G80": {"type": "Matrix2x2", "payoffs": [[[27,50],[0,22]],[[9,0],[5,26]]]},
"G81": {"type": "Matrix2x2", "payoffs": [[[3,54],[0,82]],[[2,0],[8,83]]]},
"G82": {"type": "Matrix2x2", "payoffs": [[[100,7],[45,2]],[[0,4],[66,0]]]},
"G83": {"type": "Matrix2x2", "payoffs": [[[20,5],[0,4]],[[17,0],[5,3]]]},
"G84": {"type": "Matrix2x2", "payoffs": [[[0,71],[6,0]],[[24,21],[44,79]]]},
"G85": {"type": "Matrix2x2", "payoffs": [[[69,81],[86,88]],[[23,78],[0,0]]]},
"G86": {"type": "Matrix2x2", "payoffs": [[[77,58],[8,21]],[[0,0],[22,44]]]},
"G87": {"type": "Matrix2x2", "payoffs": [[[52,13],[0,6]],[[71,30],[18,0]]]},
"G88": {"type": "Matrix2x2", "payoffs": [[[0,48],[9,0]],[[36,74],[56,100]]]},
"G89": {"type": "Matrix2x2", "payoffs": [[[14,5],[15,19]],[[9,10],[0,0]]]},
"G90": {"type": "Matrix2x2", "payoffs": [[[0,4],[93,16]],[[14,0],[94,31]]]},
"G91": {"type": "Matrix2x2", "payoffs": [[[37,59],[0,0]],[[16,31],[25,43]]]},
"G92": {"type": "Matrix2x2", "payoffs": [[[0,0],[22,26]],[[32,36],[24,11]]]},
"G93": {"type": "Matrix2x2", "payoffs": [[[19,2],[28,1]],[[0,0],[31,3]]]},
"G94": {"type": "Matrix2x2", "payoffs": [[[19,78],[7,28]],[[0,0],[17,35]]]},
"G95": {"type": "Matrix2x2", "payoffs": [[[0,0],[20,67]],[[52,80],[27,36]]]},
"G96": {"type": "Matrix2x2", "payoffs": [[[9,0],[64,71]],[[51,66],[0,42]]]},
"G97": {"type": "Matrix2x2", "payoffs": [[[47,26],[11,25]],[[1,0],[0,4]]]},
"G98": {"type": "Matrix2x2", "payoffs": [[[75,9],[64,4]],[[46,8],[0,0]]]},
"G99": {"type": "Matrix2x2", "payoffs": [[[5,0],[7,48]],[[16,99],[0,50]]]},
"G100": {"type": "Matrix2x2", "payoffs": [[[47,40],[31,36]],[[0,0],[10,6]]]},
"G101": {"type": "Matrix2x2", "payoffs": [[[0,8],[4,0]],[[3,3],[44,19]]]},
"G102": {"type": "Matrix2x2", "payoffs": [[[0,0],[64,37]],[[73,52],[40,24]]]},
"G103": {"type": "Matrix2x2", "payoffs": [[[22,33],[0,0]],[[29,2],[37,58]]]},
"G104": {"type": "Matrix2x2", "payoffs": [[[5,6],[6,0]],[[62,13],[0,12]]]},
"G105": {"type": "Matrix2x2", "payoffs": [[[9,9],[0,0]],[[42,36],[4,32]]]},
"G106": {"type": "Matrix2x2", "payoffs": [[[4,38],[28,0]],[[0,48],[30,60]]]},
"G107": {"type": "Matrix2x2", "payoffs": [[[60,31],[0,20]],[[3,19],[11,0]]]},
"G108": {"type": "Matrix2x2", "payoffs": [[[57,0],[73,38]],[[1,14],[0,27]]]},
"G109": {"type": "Matrix2x2", "payoffs": [[[10,29],[0,42]],[[3,0],[66,76]]]},
"G110": {"type": "Matrix2x2", "payoffs": [[[21,62],[14,47]],[[19,2],[0,0]]]},
"G111": {"type": "Matrix2x2", "payoffs": [[[0,47],[9,0]],[[86,76],[71,20]]]},
"G112": {"type": "Matrix2x2", "payoffs": [[[0,0],[21,47]],[[8,41],[3,28]]]},
"G113": {"type": "Matrix2x2", "payoffs": [[[55,27],[47,45]],[[61,54],[0,0]]]},
"G114": {"type": "Matrix2x2", "payoffs": [[[61,72],[8,55]],[[0,0],[38,20]]]},
"G115": {"type": "Matrix2x2", "payoffs": [[[71,0],[7,1]],[[81,9],[0,3]]]},
"G116": {"type": "Matrix2x2", "payoffs": [[[17,58],[70,0]],[[97,88],[0,48]]]},
"G117": {"type": "Matrix2x2", "payoffs": [[[61,0],[64,18]],[[0,4],[14,9]]]},
"G118": {"type": "Matrix2x2", "payoffs": [[[60,25],[0,0]],[[73,9],[95,69]]]},
"G119": {"type": "Matrix2x2", "payoffs": [[[33,0],[0,9]],[[40,80],[27,40]]]},
"G120": {"type": "Matrix2x2", "payoffs": [[[0,0],[27,57]],[[2,5],[12,14]]]},
"G121": {"type": "Matrix2x2", "payoffs": [[[31,0],[16,22]],[[46,39],[0,17]]]},
"G122": {"type": "Matrix2x2", "payoffs": [[[23,28],[15,5]],[[0,24],[3,0]]]},
"G123": {"type": "Matrix2x2", "payoffs": [[[0,2],[16,0]],[[40,21],[29,17]]]},
"G124": {"type": "Matrix2x2", "payoffs": [[[38,21],[51,29]],[[45,0],[0,18]]]},
"G125": {"type": "Matrix2x2", "payoffs": [[[23,0],[4,3]],[[29,29],[0,14]]]},
"G126": {"type": "Matrix2x2", "payoffs": [[[0,1],[60,6]],[[52,2],[44,0]]]},
"G127": {"type": "Matrix2x2", "payoffs": [[[35,19],[1,0]],[[38,43],[0,7]]]},
"G128": {"type": "Matrix2x2", "payoffs": [[[48,0],[75,14]],[[0,1],[77,30]]]},
"G129": {"type": "Matrix2x2", "payoffs": [[[70,91],[0,20]],[[17,0],[32,32]]]},
"G130": {"type": "Matrix2x2", "payoffs": [[[57,20],[9,17]],[[14,0],[0,3]]]},
"G131": {"type": "Matrix2x2", "payoffs": [[[8,13],[0,0]],[[12,15],[10,7]]]},
"G132": {"type": "Matrix2x2", "payoffs": [[[91,17],[32,3]],[[0,0],[72,12]]]},
"G133": {"type": "Matrix2x2", "payoffs": [[[0,5],[24,12]],[[37,18],[4,0]]]},
"G134": {"type": "Matrix2x2", "payoffs": [[[17,0],[21,19]],[[0,7],[24,66]]]},
"G135": {"type": "Matrix2x2", "payoffs": [[[41,43],[20,33]],[[36,30],[0,0]]]},
"G136": {"type": "Matrix2x2", "payoffs": [[[11,0],[4,2]],[[13,91],[0,30]]]},
"G137": {"type": "Matrix2x2", "payoffs": [[[0,3],[18,0]],[[44,17],[80,54]]]},
"G138": {"type": "Matrix2x2", "payoffs": [[[19,0],[35,2]],[[0,1],[83,13]]]},
"G139": {"type": "Matrix2x2", "payoffs": [[[20,93],[50,98]],[[0,0],[33,32]]]},
"G140": {"type": "Matrix2x2", "payoffs": [[[13,67],[9,6]],[[0,0],[3,43]]]},
"G141": {"type": "Matrix2x2", "payoffs": [[[35,1],[0,14]],[[7,0],[69,36]]]},
"G142": {"type": "Matrix2x2", "payoffs": [[[39,81],[37,3]],[[0,14],[17,0]]]},
"G143": {"type": "Matrix2x2", "payoffs": [[[0,76],[81,61]],[[94,92],[79,0]]]},
"G144": {"type": "Matrix2x2", "payoffs": [[[14,9],[0,40]],[[31,51],[16,0]]]},
"G145": {"type": "Matrix2x2", "payoffs": [[[2,21],[0,0]],[[1,1],[3,37]]]},
"G146": {"type": "Matrix2x2", "payoffs": [[[0,29],[3,17]],[[27,43],[25,0]]]},
"G147": {"type": "Matrix2x2", "payoffs": [[[0,20],[4,26]],[[28,74],[22,0]]]},
"G148": {"type": "Matrix2x2", "payoffs": [[[0,0],[73,21]],[[18,11],[61,19]]]},
"G149": {"type": "Matrix2x2", "payoffs": [[[0,26],[45,0]],[[87,30],[58,6]]]},
"G150": {"type": "Matrix2x2", "payoffs": [[[12,3],[25,16]],[[0,0],[17,9]]]},
"G151": {"type": "Matrix2x2", "payoffs": [[[0,5],[10,0]],[[98,62],[46,56]]]},
"G152": {"type": "Matrix2x2", "payoffs": [[[73,47],[0,69]],[[83,88],[52,0]]]},
"G153": {"type": "Matrix2x2", "payoffs": [[[0,19],[96,74]],[[91,0],[56,69]]]},
"G154": {"type": "Matrix2x2", "payoffs": [[[80,41],[0,0]],[[12,25],[11,12]]]},
"G155": {"type": "Matrix2x2", "payoffs": [[[0,45],[15,37]],[[25,61],[22,0]]]},
"G156": {"type": "Matrix2x2", "payoffs": [[[33,0],[73,9]],[[34,4],[0,3]]]},
"G157": {"type": "Matrix2x2", "payoffs": [[[5,40],[0,29]],[[15,44],[3,0]]]},
"G158": {"type": "Matrix2x2", "payoffs": [[[5,0],[0,15]],[[18,28],[9,2]]]},
"G159": {"type": "Matrix2x2", "payoffs": [[[28,30],[0,0]],[[29,61],[9,57]]]},
"G160": {"type": "Matrix2x2", "payoffs": [[[52,0],[0,57]],[[53,75],[6,38]]]},
"G161": {"type": "Matrix2x2", "payoffs": [[[56,0],[61,33]],[[0,31],[86,61]]]},
"G162": {"type": "Matrix2x2", "payoffs": [[[22,37],[13,14]],[[17,36],[0,0]]]},
"G163": {"type": "Matrix2x2", "payoffs": [[[5,6],[11,0]],[[0,1],[19,9]]]},
"G164": {"type": "Matrix2x2", "payoffs": [[[68,40],[5,0]],[[81,56],[0,22]]]},
"G165": {"type": "Matrix2x2", "payoffs": [[[75,34],[12,6]],[[0,23],[14,0]]]},
"G166": {"type": "Matrix2x2", "payoffs": [[[0,35],[11,30]],[[29,51],[15,0]]]},
"G167": {"type": "Matrix2x2", "payoffs": [[[5,19],[25,0]],[[0,33],[53,35]]]},
"G168": {"type": "Matrix2x2", "payoffs": [[[0,26],[14,18]],[[82,63],[52,0]]]},
"G169": {"type": "Matrix2x2", "payoffs": [[[100,34],[32,20]],[[13,4],[0,0]]]},
"G170": {"type": "Matrix2x2", "payoffs": [[[35,0],[89,29]],[[0,24],[36,4]]]},
"G171": {"type": "Matrix2x2", "payoffs": [[[94,60],[90,0]],[[0,42],[85,17]]]},
"G172": {"type": "Matrix2x2", "payoffs": [[[39,21],[9,14]],[[0,0],[11,10]]]},
"G173": {"type": "Matrix2x2", "payoffs": [[[97,83],[31,0]],[[73,72],[0,79]]]},
"G174": {"type": "Matrix2x2", "payoffs": [[[11,30],[6,0]],[[14,65],[0,5]]]},
"G175": {"type": "Matrix2x2", "payoffs": [[[74,26],[82,76]],[[45,0],[0,11]]]},
"G176": {"type": "Matrix2x2", "payoffs": [[[35,76],[0,68]],[[18,21],[33,0]]]},
"G177": {"type": "Matrix2x2", "payoffs": [[[0,0],[49,82]],[[29,46],[76,100]]]},
"G178": {"type": "Matrix2x2", "payoffs": [[[7,12],[0,0]],[[9,13],[1,7]]]},
"G179": {"type": "Matrix2x2", "payoffs": [[[48,7],[0,0]],[[47,2],[11,1]]]},
"G180": {"type": "Matrix2x2", "payoffs": [[[2,13],[0,6]],[[53,17],[21,0]]]},
"G181": {"type": "Matrix2x2", "payoffs": [[[37,0],[91,60]],[[57,59],[0,20]]]},
"G182": {"type": "Matrix2x2", "payoffs": [[[11,27],[44,82]],[[0,55],[16,0]]]},
"G183": {"type": "Matrix2x2", "payoffs": [[[3,0],[10,31]],[[0,1],[9,29]]]},
"G184": {"type": "Matrix2x2", "payoffs": [[[2,70],[5,83]],[[0,38],[3,0]]]},
"G185": {"type": "Matrix2x2", "payoffs": [[[13,23],[19,35]],[[0,0],[29,75]]]},
"G186": {"type": "Matrix2x2", "payoffs": [[[12,81],[0,0]],[[13,78],[46,94]]]},
"G187": {"type": "Matrix2x2", "payoffs": [[[13,53],[14,67]],[[0,64],[4,0]]]},
"G188": {"type": "Matrix2x2", "payoffs": [[[85,0],[0,8]],[[56,1],[91,17]]]},
"G189": {"type": "Matrix2x2", "payoffs": [[[54,55],[0,0]],[[51,42],[53,48]]]},
"G190": {"type": "Matrix2x2", "payoffs": [[[0,0],[13,11]],[[28,79],[14,70]]]},
"G191": {"type": "Matrix2x2", "payoffs": [[[45,48],[84,15]],[[87,60],[0,0]]]},
"G192": {"type": "Matrix2x2", "payoffs": [[[41,0],[47,11]],[[42,4],[0,2]]]},
"G193": {"type": "Matrix2x2", "payoffs": [[[3,33],[21,34]],[[9,0],[0,2]]]},
"G194": {"type": "Matrix2x2", "payoffs": [[[90,65],[65,33]],[[0,0],[51,34]]]},
"G195": {"type": "Matrix2x2", "payoffs": [[[0,0],[11,12]],[[92,26],[2,24]]]},
"G196": {"type": "Matrix2x2", "payoffs": [[[0,20],[24,27]],[[9,0],[17,3]]]},
"G197": {"type": "Matrix2x2", "payoffs": [[[38,26],[0,6]],[[11,0],[20,21]]]},
"G198": {"type": "Matrix2x2", "payoffs": [[[16,21],[0,13]],[[20,37],[19,0]]]},
"G199": {"type": "Matrix2x2", "payoffs": [[[43,44],[91,61]],[[0,0],[1,30]]]},
"G200": {"type": "Matrix2x2", "payoffs": [[[36,28],[29,0]],[[0,26],[25,14]]]},
"G201": {"type": "Matrix2x2", "payoffs": [[[0,37],[39,30]],[[13,0],[51,39]]]},
"G202": {"type": "Matrix2x2", "payoffs": [[[81,32],[0,1]],[[23,11],[47,0]]]},
"G203": {"type": "Matrix2x2", "payoffs": [[[6,2],[43,0]],[[0,5],[90,13]]]},
"G204": {"type": "Matrix2x2", "payoffs": [[[5,40],[0,15]],[[8,0],[13,67]]]},
"G205": {"type": "Matrix2x2", "payoffs": [[[65,30],[0,10]],[[47,0],[88,42]]]},
"G206": {"type": "Matrix2x2", "payoffs": [[[78,73],[0,0]],[[43,10],[16,69]]]},
"G207": {"type": "Matrix2x2", "payoffs": [[[27,5],[40,3]],[[0,0],[47,6]]]},
"G208": {"type": "Matrix2x2", "payoffs": [[[39,30],[32,22]],[[20,27],[0,0]]]},
"G209": {"type": "Matrix2x2", "payoffs": [[[52,73],[0,0]],[[16,8],[46,48]]]},
"G210": {"type": "Matrix2x2", "payoffs": [[[0,0],[26,13]],[[35,32],[15,29]]]},
"G211": {"type": "Matrix2x2", "payoffs": [[[76,19],[0,2]],[[84,30],[55,0]]]},
"G212": {"type": "Matrix2x2", "payoffs": [[[34,96],[3,0]],[[0,90],[13,77]]]},
"G213": {"type": "Matrix2x2", "payoffs": [[[13,9],[22,38]],[[0,0],[32,47]]]},
"G214": {"type": "Matrix2x2", "payoffs": [[[2,0],[41,14]],[[0,18],[60,47]]]},
"G215": {"type": "Matrix2x2", "payoffs": [[[11,24],[21,28]],[[10,0],[0,22]]]},
"G216": {"type": "Matrix2x2", "payoffs": [[[38,13],[0,0]],[[13,7],[88,44]]]},
"G217": {"type": "Matrix2x2", "payoffs": [[[93,95],[87,91]],[[0,25],[28,0]]]},
"G218": {"type": "Matrix2x2", "payoffs": [[[51,0],[43,33]],[[54,35],[0,31]]]},
"G219": {"type": "Matrix2x2", "payoffs": [[[0,0],[48,53]],[[15,10],[59,57]]]},
"G220": {"type": "Matrix2x2", "payoffs": [[[24,0],[0,10]],[[46,9],[65,23]]]},
"G221": {"type": "Matrix2x2", "payoffs": [[[4,2],[0,1]],[[7,0],[19,27]]]},
"G222": {"type": "Matrix2x2", "payoffs": [[[91,52],[64,16]],[[0,0],[81,47]]]},
"G223": {"type": "Matrix2x2", "payoffs": [[[14,1],[29,52]],[[27,0],[0,2]]]},
"G224": {"type": "Matrix2x2", "payoffs": [[[40,35],[0,1]],[[37,0],[17,3]]]},
"G225": {"type": "Matrix2x2", "payoffs": [[[1,23],[14,40]],[[41,75],[0,0]]]},
"G226": {"type": "Matrix2x2", "payoffs": [[[1,1],[7,43]],[[0,32],[3,0]]]},
"G227": {"type": "Matrix2x2", "payoffs": [[[88,22],[74,13]],[[0,0],[6,3]]]},
"G228": {"type": "Matrix2x2", "payoffs": [[[57,0],[53,4]],[[0,18],[63,25]]]},
"G229": {"type": "Matrix2x2", "payoffs": [[[80,89],[1,22]],[[0,14],[58,0]]]},
"G230": {"type": "Matrix2x2", "payoffs": [[[70,62],[31,47]],[[35,0],[0,13]]]},
"G231": {"type": "Matrix2x2", "payoffs": [[[0,86],[50,95]],[[15,0],[4,45]]]},
"G232": {"type": "Matrix2x2", "payoffs": [[[24,70],[17,20]],[[0,0],[16,54]]]},
"G233": {"type": "Matrix2x2", "payoffs": [[[29,0],[0,5]],[[58,36],[100,58]]]},
"G234": {"type": "Matrix2x2", "payoffs": [[[1,29],[11,31]],[[0,0],[10,5]]]},
"G235": {"type": "Matrix2x2", "payoffs": [[[7,20],[22,45]],[[16,26],[0,0]]]},
"G236": {"type": "Matrix2x2", "payoffs": [[[0,18],[5,23]],[[21,0],[35,56]]]},
"G237": {"type": "Matrix2x2", "payoffs": [[[63,36],[66,100]],[[0,32],[14,0]]]},
"G238": {"type": "Matrix2x2", "payoffs": [[[2,4],[16,2]],[[27,5],[0,0]]]},
"G239": {"type": "Matrix2x2", "payoffs": [[[42,6],[0,0]],[[36,5],[96,14]]]},
"G240": {"type": "Matrix2x2", "payoffs": [[[48,4],[13,0]],[[0,2],[38,3]]]},
"G241": {"type": "Matrix2x2", "payoffs": [[[5,60],[47,78]],[[0,26],[35,0]]]},
"G242": {"type": "Matrix2x2", "payoffs": [[[14,7],[0,6]],[[12,5],[2,0]]]},
"G243": {"type": "Matrix2x2", "payoffs": [[[14,32],[0,0]],[[2,1],[11,2]]]},
"G244": {"type": "Matrix2x2", "payoffs": [[[9,0],[11,84]],[[0,48],[1,7]]]},
"G245": {"type": "Matrix2x2", "payoffs": [[[24,36],[88,0]],[[94,46],[0,21]]]},
"G246": {"type": "Matrix2x2", "payoffs": [[[15,58],[9,41]],[[0,0],[36,63]]]},
"G247": {"type": "Matrix2x2", "payoffs": [[[7,57],[1,16]],[[0,0],[3,56]]]},
"G248": {"type": "Matrix2x2", "payoffs": [[[28,28],[38,44]],[[11,29],[0,0]]]},
"G249": {"type": "Matrix2x2", "payoffs": [[[0,0],[56,22]],[[67,34],[8,32]]]},
"G250": {"type": "Matrix2x2", "payoffs": [[[32,47],[0,0]],[[64,29],[85,56]]]},
"G251": {"type": "Matrix2x2", "payoffs": [[[27,0],[74,58]],[[65,25],[0,44]]]},
"G252": {"type": "Matrix2x2", "payoffs": [[[68,0],[95,10]],[[44,7],[0,3]]]},
"G253": {"type": "Matrix2x2", "payoffs": [[[21,0],[53,4]],[[20,2],[0,3]]]},
"G254": {"type": "Matrix2x2", "payoffs": [[[34,0],[0,46]],[[58,3],[80,50]]]},
"G255": {"type": "Matrix2x2", "payoffs": [[[3,0],[0,27]],[[5,61],[4,58]]]},
"G256": {"type": "Matrix2x2", "payoffs": [[[6,0],[31,21]],[[43,57],[0,40]]]},
"G257": {"type": "Matrix2x2", "payoffs": [[[53,23],[0,0]],[[83,49],[37,47]]]},
"G258": {"type": "Matrix2x2", "payoffs": [[[25,89],[0,78]],[[2,48],[15,0]]]},
"G259": {"type": "Matrix2x2", "payoffs": [[[45,39],[34,0]],[[0,20],[51,56]]]},
"G260": {"type": "Matrix2x2", "payoffs": [[[85,37],[22,36]],[[0,0],[67,34]]]},
"G261": {"type": "Matrix2x2", "payoffs": [[[24,28],[19,0]],[[0,81],[48,99]]]},
"G262": {"type": "Matrix2x2", "payoffs": [[[8,9],[1,3]],[[0,0],[6,1]]]},
"G263": {"type": "Matrix2x2", "payoffs": [[[0,90],[33,95]],[[19,94],[27,0]]]},
"G264": {"type": "Matrix2x2", "payoffs": [[[63,5],[28,0]],[[72,8],[0,7]]]},
"G265": {"type": "Matrix2x2", "payoffs": [[[64,27],[28,19]],[[0,0],[40,13]]]},
"G266": {"type": "Matrix2x2", "payoffs": [[[0,4],[19,37]],[[4,0],[55,61]]]},
"G267": {"type": "Matrix2x2", "payoffs": [[[3,45],[0,0]],[[44,75],[4,55]]]},
"G268": {"type": "Matrix2x2", "payoffs": [[[48,60],[0,0]],[[25,16],[5,2]]]},
"G269": {"type": "Matrix2x2", "payoffs": [[[8,51],[28,8]],[[29,96],[0,0]]]},
"G270": {"type": "Matrix2x2", "payoffs": [[[12,5],[58,10]],[[0,0],[35,1]]]},
"G271": {"type": "Matrix2x2", "payoffs": [[[11,57],[9,0]],[[12,98],[0,29]]]},
"G272": {"type": "Matrix2x2", "payoffs": [[[0,0],[2,40]],[[12,47],[7,46]]]},
"G273": {"type": "Matrix2x2", "payoffs": [[[32,2],[0,4]],[[60,0],[79,5]]]},
"G274": {"type": "Matrix2x2", "payoffs": [[[0,0],[23,11]],[[26,32],[40,52]]]},
"G275": {"type": "Matrix2x2", "payoffs": [[[0,0],[100,30]],[[68,19],[23,6]]]},
"G276": {"type": "Matrix2x2", "payoffs": [[[23,0],[11,6]],[[29,34],[0,16]]]},
"G277": {"type": "Matrix2x2", "payoffs": [[[18,61],[17,54]],[[0,0],[9,14]]]},
"G278": {"type": "Matrix2x2", "payoffs": [[[84,78],[0,63]],[[36,2],[27,0]]]},
"G279": {"type": "Matrix2x2", "payoffs": [[[0,67],[65,0]],[[73,85],[27,55]]]},
"G280": {"type": "Matrix2x2", "payoffs": [[[0,69],[33,0]],[[9,5],[45,80]]]},
"G281": {"type": "Matrix2x2", "payoffs": [[[35,5],[0,0]],[[8,35],[36,46]]]},
"G282": {"type": "Matrix2x2", "payoffs": [[[20,0],[92,62]],[[42,21],[0,1]]]},
"G283": {"type": "Matrix2x2", "payoffs": [[[1,16],[2,0]],[[0,12],[4,44]]]},
"G284": {"type": "Matrix2x2", "payoffs": [[[91,57],[53,12]],[[0,20],[89,0]]]},
"G285": {"type": "Matrix2x2", "payoffs": [[[75,94],[0,22]],[[57,0],[51,54]]]},
"G286": {"type": "Matrix2x2", "payoffs": [[[0,0],[19,22]],[[17,17],[33,23]]]},
"G287": {"type": "Matrix2x2", "payoffs": [[[29,6],[59,38]],[[0,3],[14,0]]]},
"G288": {"type": "Matrix2x2", "payoffs": [[[76,38],[0,16]],[[93,81],[49,0]]]},
"G289": {"type": "Matrix2x2", "payoffs": [[[0,0],[4,3]],[[13,69],[7,18]]]},
"G290": {"type": "Matrix2x2", "payoffs": [[[26,8],[0,14]],[[39,17],[30,0]]]},
"G291": {"type": "Matrix2x2", "payoffs": [[[63,88],[0,0]],[[14,33],[9,14]]]},
"G292": {"type": "Matrix2x2", "payoffs": [[[36,23],[0,36]],[[50,44],[29,0]]]},
"G293": {"type": "Matrix2x2", "payoffs": [[[0,2],[3,0]],[[5,23],[6,35]]]},
"G294": {"type": "Matrix2x2", "payoffs": [[[86,12],[87,30]],[[0,18],[53,0]]]},
"G295": {"type": "Matrix2x2", "payoffs": [[[1,0],[36,71]],[[38,75],[0,72]]]},
"G296": {"type": "Matrix2x2", "payoffs": [[[49,10],[0,6]],[[10,0],[18,2]]]},
"G297": {"type": "Matrix2x2", "payoffs": [[[45,47],[47,80]],[[0,0],[34,63]]]},
"G298": {"type": "Matrix2x2", "payoffs": [[[88,14],[0,7]],[[38,11],[22,0]]]},
"G299": {"type": "Matrix2x2", "payoffs": [[[27,43],[10,3]],[[18,0],[0,40]]]},
"G300": {"type": "Matrix2x2", "payoffs": [[[30,67],[5,59]],[[14,56],[0,0]]]},
"G301": {"type": "Matrix2x2", "payoffs": [[[75,24],[74,4]],[[0,9],[19,0]]]},
"G302": {"type": "Matrix2x2", "payoffs": [[[20,75],[9,0]],[[18,13],[0,26]]]},
"G303": {"type": "Matrix2x2", "payoffs": [[[17,0],[7,28]],[[40,80],[0,63]]]},
"G304": {"type": "Matrix2x2", "payoffs": [[[41,30],[38,6]],[[92,32],[0,0]]]},
"G305": {"type": "Matrix2x2", "payoffs": [[[51,49],[20,18]],[[22,19],[0,0]]]},
"G306": {"type": "Matrix2x2", "payoffs": [[[0,35],[65,78]],[[40,0],[4,57]]]},
"G307": {"type": "Matrix2x2", "payoffs": [[[0,16],[86,17]],[[71,0],[78,11]]]},
"G308": {"type": "Matrix2x2", "payoffs": [[[76,70],[17,55]],[[71,0],[0,50]]]},
"G309": {"type": "Matrix2x2", "payoffs": [[[0,0],[100,85]],[[23,61],[22,41]]]},
"G310": {"type": "Matrix2x2", "payoffs": [[[84,28],[22,13]],[[78,24],[0,0]]]},
"G311": {"type": "Matrix2x2", "payoffs": [[[27,22],[29,27]],[[0,0],[24,23]]]},
"G312": {"type": "Matrix2x2", "payoffs": [[[35,40],[5,29]],[[0,0],[12,4]]]},
"G313": {"type": "Matrix2x2", "payoffs": [[[3,10],[7,0]],[[8,36],[0,21]]]},
"G314": {"type": "Matrix2x2", "payoffs": [[[33,71],[9,8]],[[15,0],[0,16]]]},
"G315": {"type": "Matrix2x2", "payoffs": [[[10,0],[23,26]],[[0,57],[41,71]]]},
"G316": {"type": "Matrix2x2", "payoffs": [[[0,0],[8,5]],[[3,3],[9,7]]]},
"G317": {"type": "Matrix2x2", "payoffs": [[[43,90],[34,0]],[[3,60],[0,21]]]},
"G318": {"type": "Matrix2x2", "payoffs": [[[55,49],[0,0]],[[17,7],[65,83]]]},
"G319": {"type": "Matrix2x2", "payoffs": [[[4,2],[0,0]],[[3,3],[7,6]]]},
"G320": {"type": "Matrix2x2", "payoffs": [[[100,31],[0,2]],[[18,14],[30,0]]]},
"G321": {"type": "Matrix2x2", "payoffs": [[[58,7],[55,0]],[[65,21],[0,2]]]},
"G322": {"type": "Matrix2x2", "payoffs": [[[16,0],[33,12]],[[53,14],[0,8]]]},
"G323": {"type": "Matrix2x2", "payoffs": [[[4,54],[0,57]],[[13,70],[5,0]]]},
"G324": {"type": "Matrix2x2", "payoffs": [[[57,40],[63,45]],[[0,12],[36,0]]]},
"G325": {"type": "Matrix2x2", "payoffs": [[[0,0],[25,58]],[[16,9],[1,5]]]},
"G326": {"type": "Matrix2x2", "payoffs": [[[5,84],[2,0]],[[0,48],[3,23]]]},
"G327": {"type": "Matrix2x2", "payoffs": [[[16,2],[22,7]],[[78,35],[0,0]]]},
"G328": {"type": "Matrix2x2", "payoffs": [[[7,5],[52,0]],[[0,22],[82,59]]]},
"G329": {"type": "Matrix2x2", "payoffs": [[[36,73],[8,56]],[[35,36],[0,0]]]},
"G330": {"type": "Matrix2x2", "payoffs": [[[18,0],[0,37]],[[21,6],[32,73]]]},
"G331": {"type": "Matrix2x2", "payoffs": [[[16,6],[0,4]],[[30,7],[7,0]]]},
"G332": {"type": "Matrix2x2", "payoffs": [[[4,0],[0,60]],[[31,61],[12,53]]]},
"G333": {"type": "Matrix2x2", "payoffs": [[[7,0],[17,58]],[[0,9],[1,53]]]},
"G334": {"type": "Matrix2x2", "payoffs": [[[0,2],[63,24]],[[51,7],[39,0]]]},
"G335": {"type": "Matrix2x2", "payoffs": [[[29,1],[31,41]],[[12,6],[0,0]]]},
"G336": {"type": "Matrix2x2", "payoffs": [[[15,0],[0,4]],[[8,3],[64,9]]]},
"G337": {"type": "Matrix2x2", "payoffs": [[[84,3],[56,0]],[[0,1],[57,2]]]},
"G338": {"type": "Matrix2x2", "payoffs": [[[32,34],[16,0]],[[25,3],[0,7]]]},
"G339": {"type": "Matrix2x2", "payoffs": [[[7,1],[0,5]],[[8,0],[31,8]]]},
"G340": {"type": "Matrix2x2", "payoffs": [[[42,35],[57,74]],[[0,63],[40,0]]]},
"G341": {"type": "Matrix2x2", "payoffs": [[[0,0],[18,9]],[[6,3],[30,12]]]},
"G342": {"type": "Matrix2x2", "payoffs": [[[88,79],[0,75]],[[6,3],[38,0]]]},
"G343": {"type": "Matrix2x2", "payoffs": [[[62,0],[33,16]],[[0,20],[92,28]]]},
"G344": {"type": "Matrix2x2", "payoffs": [[[8,3],[98,4]],[[27,1],[0,0]]]},
"G345": {"type": "Matrix2x2", "payoffs": [[[0,0],[83,45]],[[42,22],[65,28]]]},
"G346": {"type": "Matrix2x2", "payoffs": [[[15,15],[47,39]],[[45,8],[0,0]]]},
"G347": {"type": "Matrix2x2", "payoffs": [[[68,21],[0,16]],[[53,10],[64,0]]]},
"G348": {"type": "Matrix2x2", "payoffs": [[[17,84],[19,91]],[[0,0],[16,73]]]},
"G349": {"type": "Matrix2x2", "payoffs": [[[0,39],[53,0]],[[65,67],[26,5]]]},
"G350": {"type": "Matrix2x2", "payoffs": [[[0,3],[35,6]],[[64,10],[47,0]]]},
"G351": {"type": "Matrix2x2", "payoffs": [[[0,58],[4,42]],[[7,65],[2,0]]]},
"G352": {"type": "Matrix2x2", "payoffs": [[[0,4],[8,0]],[[12,14],[25,15]]]},
"G353": {"type": "Matrix2x2", "payoffs": [[[0,65],[2,0]],[[62,59],[91,67]]]},
"G354": {"type": "Matrix2x2", "payoffs": [[[2,0],[15,65]],[[0,15],[56,73]]]},
"G355": {"type": "Matrix2x2", "payoffs": [[[82,33],[30,0]],[[0,26],[99,38]]]},
"G356": {"type": "Matrix2x2", "payoffs": [[[70,44],[0,0]],[[23,33],[68,22]]]},
"G357": {"type": "Matrix2x2", "payoffs": [[[6,33],[2,0]],[[0,16],[19,58]]]},
"G358": {"type": "Matrix2x2", "payoffs": [[[52,0],[93,79]],[[62,23],[0,67]]]},
"G359": {"type": "Matrix2x2", "payoffs": [[[58,85],[41,80]],[[0,78],[5,0]]]},
"G360": {"type": "Matrix2x2", "payoffs": [[[7,0],[53,42]],[[0,32],[38,23]]]},
"G361": {"type": "Matrix2x2", "payoffs": [[[67,10],[14,1]],[[37,3],[0,0]]]},
"G362": {"type": "Matrix2x2", "payoffs": [[[59,0],[17,19]],[[0,7],[89,87]]]},
"G363": {"type": "Matrix2x2", "payoffs": [[[10,0],[16,16]],[[0,7],[8,14]]]},
"G364": {"type": "Matrix2x2", "payoffs": [[[26,9],[52,25]],[[47,23],[0,0]]]},
"G365": {"type": "Matrix2x2", "payoffs": [[[48,31],[56,54]],[[9,0],[0,52]]]},
"G366": {"type": "Matrix2x2", "payoffs": [[[0,11],[4,9]],[[1,0],[55,14]]]},
"G367": {"type": "Matrix2x2", "payoffs": [[[22,36],[15,0]],[[3,3],[0,30]]]},
"G368": {"type": "Matrix2x2", "payoffs": [[[20,1],[0,30]],[[60,0],[65,31]]]},
"G369": {"type": "Matrix2x2", "payoffs": [[[21,43],[0,38]],[[7,31],[14,0]]]},
"G370": {"type": "Matrix2x2", "payoffs": [[[34,46],[26,0]],[[0,23],[14,6]]]},
"G371": {"type": "Matrix2x2", "payoffs": [[[31,48],[0,0]],[[40,1],[50,57]]]},
"G372": {"type": "Matrix2x2", "payoffs": [[[15,0],[0,26]],[[92,22],[97,32]]]},
"G373": {"type": "Matrix2x2", "payoffs": [[[64,21],[45,3]],[[37,0],[0,16]]]},
"G374": {"type": "Matrix2x2", "payoffs": [[[0,6],[1,8]],[[3,10],[2,0]]]},
"G375": {"type": "Matrix2x2", "payoffs": [[[38,30],[44,41]],[[29,0],[0,29]]]},
"G376": {"type": "Matrix2x2", "payoffs": [[[4,41],[12,0]],[[0,9],[36,52]]]},
"G377": {"type": "Matrix2x2", "payoffs": [[[59,0],[9,13]],[[0,11],[71,23]]]},
"G378": {"type": "Matrix2x2", "payoffs": [[[36,42],[66,46]],[[27,0],[0,15]]]},
"G379": {"type": "Matrix2x2", "payoffs": [[[15,0],[0,74]],[[81,92],[39,14]]]},
"G380": {"type": "Matrix2x2", "payoffs": [[[0,0],[75,81]],[[27,9],[50,63]]]},
"G381": {"type": "Matrix2x2", "payoffs": [[[32,0],[40,3]],[[0,2],[41,4]]]},
"G382": {"type": "Matrix2x2", "payoffs": [[[38,0],[29,25]],[[0,29],[52,40]]]},
"G383": {"type": "Matrix2x2", "payoffs": [[[11,36],[31,63]],[[2,0],[0,58]]]},
"G384": {"type": "Matrix2x2", "payoffs": [[[21,25],[15,32]],[[28,37],[0,0]]]},
"G385": {"type": "Matrix2x2", "payoffs": [[[31,19],[58,62]],[[0,47],[19,0]]]},
"G386": {"type": "Matrix2x2", "payoffs": [[[0,67],[1,8]],[[5,0],[10,88]]]},
"G387": {"type": "Matrix2x2", "payoffs": [[[0,0],[77,65]],[[62,62],[34,18]]]},
"G388": {"type": "Matrix2x2", "payoffs": [[[71,98],[0,0]],[[46,66],[63,60]]]},
"G389": {"type": "Matrix2x2", "payoffs": [[[10,74],[18,100]],[[6,83],[0,0]]]},
"G390": {"type": "Matrix2x2", "payoffs": [[[67,0],[92,15]],[[0,12],[69,9]]]},
"G391": {"type": "Matrix2x2", "payoffs": [[[0,14],[84,5]],[[100,52],[26,0]]]},
"G392": {"type": "Matrix2x2", "payoffs": [[[37,23],[0,43]],[[30,0],[48,86]]]},
"G393": {"type": "Matrix2x2", "payoffs": [[[22,22],[17,12]],[[7,18],[0,0]]]},
"G394": {"type": "Matrix2x2", "payoffs": [[[0,14],[8,65]],[[4,57],[2,0]]]},
"G395": {"type": "Matrix2x2", "payoffs": [[[53,0],[0,1]],[[91,30],[77,3]]]},
"G396": {"type": "Matrix2x2", "payoffs": [[[86,32],[24,0]],[[78,3],[0,6]]]},
"G397": {"type": "Matrix2x2", "payoffs": [[[38,4],[69,60]],[[0,50],[62,0]]]},
"G398": {"type": "Matrix2x2", "payoffs": [[[21,52],[62,56]],[[0,0],[14,32]]]},
"G399": {"type": "Matrix2x2", "payoffs": [[[41,11],[100,19]],[[0,0],[4,14]]]},
"G400": {"type": "Matrix2x2", "payoffs": [[[0,14],[63,22]],[[16,5],[47,0]]]},
"G401": {"type": "Matrix2x2", "payoffs": [[[44,12],[77,19]],[[72,0],[0,3]]]},
"G402": {"type": "Matrix2x2", "payoffs": [[[0,1],[41,0]],[[27,4],[100,5]]]},
"G403": {"type": "Matrix2x2", "payoffs": [[[3,33],[8,0]],[[0,2],[32,39]]]},
"G404": {"type": "Matrix2x2", "payoffs": [[[0,1],[45,0]],[[20,5],[76,7]]]},
"G405": {"type": "Matrix2x2", "payoffs": [[[0,20],[1,0]],[[3,55],[4,64]]]},
"G406": {"type": "Matrix2x2", "payoffs": [[[78,70],[0,34]],[[22,1],[70,0]]]},
"G407": {"type": "Matrix2x2", "payoffs": [[[61,94],[2,13]],[[0,65],[32,0]]]},
"G408": {"type": "Matrix2x2", "payoffs": [[[0,0],[20,1]],[[23,5],[84,9]]]},
"G409": {"type": "Matrix2x2", "payoffs": [[[46,0],[71,49]],[[0,21],[54,32]]]},
"G410": {"type": "Matrix2x2", "payoffs": [[[0,36],[20,0]],[[51,68],[10,7]]]},
"G411": {"type": "Matrix2x2", "payoffs": [[[71,9],[0,42]],[[85,86],[52,0]]]},
"G412": {"type": "Matrix2x2", "payoffs": [[[0,0],[12,63]],[[3,4],[10,57]]]},
"G413": {"type": "Matrix2x2", "payoffs": [[[0,38],[35,0]],[[60,74],[18,51]]]},
"G414": {"type": "Matrix2x2", "payoffs": [[[0,64],[38,0]],[[87,85],[14,2]]]},
"G415": {"type": "Matrix2x2", "payoffs": [[[6,0],[23,51]],[[0,27],[4,50]]]},
"G416": {"type": "Matrix2x2", "payoffs": [[[5,6],[0,2]],[[1,0],[4,4]]]},
"G417": {"type": "Matrix2x2", "payoffs": [[[77,11],[63,0]],[[10,7],[0,5]]]},
"G418": {"type": "Matrix2x2", "payoffs": [[[0,63],[68,0]],[[89,55],[99,75]]]},
"G419": {"type": "Matrix2x2", "payoffs": [[[65,77],[0,27]],[[27,41],[14,0]]]},
"G420": {"type": "Matrix2x2", "payoffs": [[[0,35],[56,21]],[[59,66],[41,0]]]},
"G421": {"type": "Matrix2x2", "payoffs": [[[46,0],[99,80]],[[0,34],[29,45]]]},
"G422": {"type": "Matrix2x2", "payoffs": [[[87,80],[0,62]],[[13,0],[38,44]]]},
"G423": {"type": "Matrix2x2", "payoffs": [[[10,41],[7,1]],[[0,0],[8,35]]]},
"G424": {"type": "Matrix2x2", "payoffs": [[[45,91],[28,30]],[[0,80],[3,0]]]},
"G425": {"type": "Matrix2x2", "payoffs": [[[19,19],[37,22]],[[87,57],[0,0]]]},
"G426": {"type": "Matrix2x2", "payoffs": [[[0,37],[63,29]],[[20,0],[93,81]]]},
"G427": {"type": "Matrix2x2", "payoffs": [[[42,76],[0,23]],[[14,0],[26,60]]]},
"G428": {"type": "Matrix2x2", "payoffs": [[[29,9],[67,26]],[[94,54],[0,0]]]},
"G429": {"type": "Matrix2x2", "payoffs": [[[8,19],[0,0]],[[89,52],[58,20]]]},
"G430": {"type": "Matrix2x2", "payoffs": [[[13,3],[14,0]],[[0,1],[31,5]]]},
"G431": {"type": "Matrix2x2", "payoffs": [[[12,24],[40,40]],[[9,7],[0,0]]]},
"G432": {"type": "Matrix2x2", "payoffs": [[[21,0],[0,13]],[[39,17],[62,23]]]},
"G433": {"type": "Matrix2x2", "payoffs": [[[14,0],[59,51]],[[0,48],[34,11]]]},
"G434": {"type": "Matrix2x2", "payoffs": [[[0,0],[1,31]],[[16,45],[24,92]]]},
"G435": {"type": "Matrix2x2", "payoffs": [[[86,19],[58,15]],[[61,0],[0,11]]]},
"G436": {"type": "Matrix2x2", "payoffs": [[[0,0],[93,21]],[[88,1],[49,15]]]},
"G437": {"type": "Matrix2x2", "payoffs": [[[53,0],[99,76]],[[63,71],[0,26]]]},
"G438": {"type": "Matrix2x2", "payoffs": [[[64,95],[0,16]],[[16,0],[48,22]]]},
"G439": {"type": "Matrix2x2", "payoffs": [[[0,18],[19,27]],[[2,2],[12,0]]]},
"G440": {"type": "Matrix2x2", "payoffs": [[[10,0],[0,16]],[[29,11],[37,23]]]},
"G441": {"type": "Matrix2x2", "payoffs": [[[94,58],[51,0]],[[0,40],[11,36]]]},
"G442": {"type": "Matrix2x2", "payoffs": [[[0,0],[51,81]],[[1,42],[47,46]]]},
"G443": {"type": "Matrix2x2", "payoffs": [[[8,19],[0,17]],[[7,0],[6,16]]]},
"G444": {"type": "Matrix2x2", "payoffs": [[[57,51],[17,42]],[[0,0],[69,81]]]},
"G445": {"type": "Matrix2x2", "payoffs": [[[20,66],[13,59]],[[2,0],[0,34]]]},
"G446": {"type": "Matrix2x2", "payoffs": [[[63,67],[7,0]],[[0,17],[53,21]]]},
"G447": {"type": "Matrix2x2", "payoffs": [[[4,64],[17,89]],[[0,0],[6,4]]]},
"G448": {"type": "Matrix2x2", "payoffs": [[[72,31],[62,16]],[[12,7],[0,0]]]},
"G449": {"type": "Matrix2x2", "payoffs": [[[0,7],[49,0]],[[29,15],[50,32]]]},
"G450": {"type": "Matrix2x2", "payoffs": [[[7,0],[45,87]],[[24,11],[0,85]]]},
"G451": {"type": "Matrix2x2", "payoffs": [[[53,3],[0,2]],[[4,1],[18,0]]]},
"G452": {"type": "Matrix2x2", "payoffs": [[[15,42],[25,70]],[[17,1],[0,0]]]},
"G453": {"type": "Matrix2x2", "payoffs": [[[7,73],[5,65]],[[0,0],[2,63]]]},
"G454": {"type": "Matrix2x2", "payoffs": [[[93,0],[0,4]],[[99,94],[84,6]]]},
"G455": {"type": "Matrix2x2", "payoffs": [[[3,34],[0,0]],[[7,51],[9,99]]]},
"G456": {"type": "Matrix2x2", "payoffs": [[[0,76],[75,79]],[[5,0],[20,4]]]},
"G457": {"type": "Matrix2x2", "payoffs": [[[0,0],[42,41]],[[30,9],[27,6]]]},
"G458": {"type": "Matrix2x2", "payoffs": [[[80,5],[0,0]],[[87,11],[8,7]]]},
"G459": {"type": "Matrix2x2", "payoffs": [[[5,34],[67,91]],[[0,0],[10,2]]]},
"G460": {"type": "Matrix2x2", "payoffs": [[[30,7],[32,0]],[[0,2],[48,12]]]},
"G461": {"type": "Matrix2x2", "payoffs": [[[49,50],[0,26]],[[89,53],[7,0]]]},
"G462": {"type": "Matrix2x2", "payoffs": [[[7,28],[55,0]],[[60,91],[0,86]]]},
"G463": {"type": "Matrix2x2", "payoffs": [[[7,68],[5,76]],[[42,77],[0,0]]]},
"G464": {"type": "Matrix2x2", "payoffs": [[[2,21],[25,0]],[[0,13],[51,47]]]},
"G465": {"type": "Matrix2x2", "payoffs": [[[3,8],[1,7]],[[7,9],[0,0]]]},
"G466": {"type": "Matrix2x2", "payoffs": [[[1,6],[0,0]],[[10,17],[6,14]]]},
"G467": {"type": "Matrix2x2", "payoffs": [[[0,22],[56,65]],[[26,37],[8,0]]]},
"G468": {"type": "Matrix2x2", "payoffs": [[[67,51],[34,1]],[[79,67],[0,0]]]},
"G469": {"type": "Matrix2x2", "payoffs": [[[0,0],[13,19]],[[27,25],[9,13]]]},
"G470": {"type": "Matrix2x2", "payoffs": [[[14,68],[16,59]],[[0,0],[37,86]]]},
"G471": {"type": "Matrix2x2", "payoffs": [[[75,39],[44,0]],[[0,16],[12,33]]]},
"G472": {"type": "Matrix2x2", "payoffs": [[[65,31],[27,5]],[[21,8],[0,0]]]},
"G473": {"type": "Matrix2x2", "payoffs": [[[0,0],[50,10]],[[22,55],[75,83]]]},
"G474": {"type": "Matrix2x2", "payoffs": [[[5,0],[0,17]],[[39,65],[67,72]]]},
"G475": {"type": "Matrix2x2", "payoffs": [[[7,0],[15,43]],[[8,7],[0,41]]]},
"G476": {"type": "Matrix2x2", "payoffs": [[[37,47],[3,10]],[[30,26],[0,0]]]},
"G477": {"type": "Matrix2x2", "payoffs": [[[0,6],[58,16]],[[3,2],[42,0]]]},
"G478": {"type": "Matrix2x2", "payoffs": [[[51,0],[0,20]],[[36,22],[61,35]]]},
"G479": {"type": "Matrix2x2", "payoffs": [[[91,0],[0,4]],[[94,15],[14,3]]]},
"G480": {"type": "Matrix2x2", "payoffs": [[[0,0],[92,41]],[[44,13],[59,16]]]},
"G481": {"type": "Matrix2x2", "payoffs": [[[67,55],[21,0]],[[66,15],[0,31]]]},
"G482": {"type": "Matrix2x2", "payoffs": [[[36,90],[0,0]],[[25,62],[21,63]]]},
"G483": {"type": "Matrix2x2", "payoffs": [[[0,7],[7,31]],[[8,0],[9,36]]]},
"G484": {"type": "Matrix2x2", "payoffs": [[[26,35],[27,25]],[[0,0],[68,67]]]},
"G485": {"type": "Matrix2x2", "payoffs": [[[1,0],[0,55]],[[24,88],[39,99]]]},
"G486": {"type": "Matrix2x2", "payoffs": [[[13,14],[44,36]],[[0,0],[20,1]]]},
"G487": {"type": "Matrix2x2", "payoffs": [[[58,5],[0,0]],[[70,22],[6,13]]]},
"G488": {"type": "Matrix2x2", "payoffs": [[[1,21],[25,69]],[[16,0],[0,68]]]},
"G489": {"type": "Matrix2x2", "payoffs": [[[88,95],[66,2]],[[40,0],[0,90]]]},
"G490": {"type": "Matrix2x2", "payoffs": [[[46,35],[16,31]],[[37,23],[0,0]]]},
"G491": {"type": "Matrix2x2", "payoffs": [[[42,0],[13,15]],[[0,29],[68,45]]]},
"G492": {"type": "Matrix2x2", "payoffs": [[[1,23],[2,30]],[[0,0],[4,36]]]},
"G493": {"type": "Matrix2x2", "payoffs": [[[22,3],[0,1]],[[40,6],[36,0]]]},
"G494": {"type": "Matrix2x2", "payoffs": [[[38,74],[91,77]],[[74,0],[0,33]]]},
"G495": {"type": "Matrix2x2", "payoffs": [[[32,16],[0,0]],[[26,22],[73,47]]]},
"G496": {"type": "Matrix2x2", "payoffs": [[[89,48],[20,47]],[[11,0],[0,30]]]},
"G497": {"type": "Matrix2x2", "payoffs": [[[55,51],[0,44]],[[30,34],[7,0]]]},
"G498": {"type": "Matrix2x2", "payoffs": [[[1,0],[0,2]],[[10,78],[3,57]]]},
"G499": {"type": "Matrix2x2", "payoffs": [[[0,0],[26,6]],[[23,1],[14,2]]]},
"G500": {"type": "Matrix2x2", "payoffs": [[[14,0],[1,68]],[[0,28],[16,100]]]},
"G501": {"type": "Matrix2x2", "payoffs": [[[8,6],[68,8]],[[30,0],[0,1]]]},
"G502": {"type": "Matrix2x2", "payoffs": [[[21,22],[2,0]],[[0,9],[4,3]]]},
"G503": {"type": "Matrix2x2", "payoffs": [[[0,0],[67,1]],[[79,20],[48,15]]]},
"G504": {"type": "Matrix2x2", "payoffs": [[[16,47],[0,11]],[[28,0],[83,68]]]},
"G505": {"type": "Matrix2x2", "payoffs": [[[70,13],[100,45]],[[23,0],[0,28]]]},
"G506": {"type": "Matrix2x2", "payoffs": [[[18,63],[12,0]],[[2,3],[0,12]]]},
"G507": {"type": "Matrix2x2", "payoffs": [[[35,25],[48,3]],[[0,0],[98,59]]]},
"G508": {"type": "Matrix2x2", "payoffs": [[[35,52],[0,0]],[[26,32],[10,31]]]},
"G509": {"type": "Matrix2x2", "payoffs": [[[6,0],[27,1]],[[0,11],[48,12]]]},
"G510": {"type": "Matrix2x2", "payoffs": [[[0,56],[87,74]],[[26,0],[34,49]]]},
"G511": {"type": "Matrix2x2", "payoffs": [[[49,6],[0,0]],[[4,2],[13,5]]]},
"G512": {"type": "Matrix2x2", "payoffs": [[[0,0],[28,60]],[[39,67],[7,50]]]},
"G513": {"type": "Matrix2x2", "payoffs": [[[27,14],[0,0]],[[19,4],[28,18]]]},
"G514": {"type": "Matrix2x2", "payoffs": [[[77,5],[0,0]],[[55,1],[87,7]]]},
"G515": {"type": "Matrix2x2", "payoffs": [[[37,0],[51,93]],[[40,85],[0,48]]]},
"G516": {"type": "Matrix2x2", "payoffs": [[[9,9],[0,47]],[[21,83],[4,0]]]},
"G517": {"type": "Matrix2x2", "payoffs": [[[4,35],[3,0]],[[0,53],[5,63]]]},
"G518": {"type": "Matrix2x2", "payoffs": [[[28,0],[33,92]],[[19,67],[0,20]]]},
"G519": {"type": "Matrix2x2", "payoffs": [[[29,0],[1,50]],[[0,46],[37,57]]]},
"G520": {"type": "Matrix2x2", "payoffs": [[[88,91],[26,18]],[[48,0],[0,42]]]},
"G521": {"type": "Matrix2x2", "payoffs": [[[15,28],[43,66]],[[17,0],[0,63]]]},
"G522": {"type": "Matrix2x2", "payoffs": [[[55,59],[15,21]],[[1,18],[0,0]]]},
"G523": {"type": "Matrix2x2", "payoffs": [[[28,32],[43,60]],[[39,14],[0,0]]]},
"G524": {"type": "Matrix2x2", "payoffs": [[[7,28],[46,81]],[[0,7],[13,0]]]},
"G525": {"type": "Matrix2x2", "payoffs": [[[91,3],[85,0]],[[75,1],[0,2]]]},
"G526": {"type": "Matrix2x2", "payoffs": [[[39,99],[0,0]],[[26,60],[32,64]]]},
"G527": {"type": "Matrix2x2", "payoffs": [[[0,4],[25,14]],[[30,26],[9,0]]]},
"G528": {"type": "Matrix2x2", "payoffs": [[[30,0],[3,30]],[[38,31],[0,8]]]},
"G529": {"type": "Matrix2x2", "payoffs": [[[13,57],[0,21]],[[9,0],[14,92]]]},
"G530": {"type": "Matrix2x2", "payoffs": [[[60,57],[0,2]],[[23,0],[37,56]]]},
"G531": {"type": "Matrix2x2", "payoffs": [[[89,13],[62,11]],[[15,0],[0,8]]]},
"G532": {"type": "Matrix2x2", "payoffs": [[[1,3],[3,6]],[[0,0],[2,4]]]},
"G533": {"type": "Matrix2x2", "payoffs": [[[15,16],[0,0]],[[16,9],[64,20]]]},
"G534": {"type": "Matrix2x2", "payoffs": [[[22,30],[18,0]],[[37,86],[0,23]]]},
"G535": {"type": "Matrix2x2", "payoffs": [[[0,4],[73,0]],[[90,9],[33,7]]]},
"G536": {"type": "Matrix2x2", "payoffs": [[[20,0],[28,1]],[[0,6],[35,12]]]},
"G537": {"type": "Matrix2x2", "payoffs": [[[2,4],[0,0]],[[3,21],[1,3]]]},
"G538": {"type": "Matrix2x2", "payoffs": [[[2,2],[18,48]],[[14,46],[0,0]]]},
"G539": {"type": "Matrix2x2", "payoffs": [[[9,0],[8,57]],[[0,51],[15,100]]]},
"G540": {"type": "Matrix2x2", "payoffs": [[[3,50],[7,0]],[[0,40],[9,82]]]},
"G541": {"type": "Matrix2x2", "payoffs": [[[0,0],[28,57]],[[55,3],[64,79]]]},
"G542": {"type": "Matrix2x2", "payoffs": [[[23,14],[0,16]],[[7,0],[51,23]]]},
"G543": {"type": "Matrix2x2", "payoffs": [[[0,56],[13,61]],[[45,84],[17,0]]]},
"G544": {"type": "Matrix2x2", "payoffs": [[[9,28],[18,30]],[[0,0],[25,81]]]},
"G545": {"type": "Matrix2x2", "payoffs": [[[10,10],[90,82]],[[87,35],[0,0]]]},
"G546": {"type": "Matrix2x2", "payoffs": [[[1,55],[0,0]],[[6,84],[5,64]]]},
"G547": {"type": "Matrix2x2", "payoffs": [[[18,1],[0,4]],[[53,6],[51,0]]]},
"G548": {"type": "Matrix2x2", "payoffs": [[[0,20],[88,59]],[[76,0],[65,8]]]},
"G549": {"type": "Matrix2x2", "payoffs": [[[0,13],[28,5]],[[13,0],[63,14]]]},
"G550": {"type": "Matrix2x2", "payoffs": [[[0,25],[5,47]],[[3,45],[2,0]]]},
"G551": {"type": "Matrix2x2", "payoffs": [[[10,0],[12,56]],[[0,18],[8,39]]]},
"G552": {"type": "Matrix2x2", "payoffs": [[[0,5],[50,32]],[[48,12],[26,0]]]},
"G553": {"type": "Matrix2x2", "payoffs": [[[3,0],[5,9]],[[6,36],[0,29]]]},
"G554": {"type": "Matrix2x2", "payoffs": [[[1,6],[12,0]],[[20,20],[0,8]]]},
"G555": {"type": "Matrix2x2", "payoffs": [[[24,17],[0,22]],[[2,0],[25,25]]]},
"G556": {"type": "Matrix2x2", "payoffs": [[[0,0],[21,17]],[[46,45],[20,33]]]},
"G557": {"type": "Matrix2x2", "payoffs": [[[12,0],[11,58]],[[0,74],[16,90]]]},
"G558": {"type": "Matrix2x2", "payoffs": [[[4,7],[0,18]],[[6,0],[8,27]]]},
"G559": {"type": "Matrix2x2", "payoffs": [[[3,0],[0,44]],[[1,76],[5,79]]]},
"G560": {"type": "Matrix2x2", "payoffs": [[[9,0],[0,59]],[[17,98],[15,87]]]},
"G561": {"type": "Matrix2x2", "payoffs": [[[30,17],[7,7]],[[49,33],[0,0]]]},
"G562": {"type": "Matrix2x2", "payoffs": [[[28,23],[15,12]],[[18,9],[0,0]]]},
"G563": {"type": "Matrix2x2", "payoffs": [[[2,0],[85,33]],[[91,56],[0,25]]]},
"G564": {"type": "Matrix2x2", "payoffs": [[[94,70],[68,12]],[[0,0],[57,47]]]},
"G565": {"type": "Matrix2x2", "payoffs": [[[17,9],[12,43]],[[0,0],[69,52]]]},
"G566": {"type": "Matrix2x2", "payoffs": [[[74,94],[16,51]],[[9,73],[0,0]]]},
"G567": {"type": "Matrix2x2", "payoffs": [[[77,48],[71,34]],[[0,0],[35,44]]]},
"G568": {"type": "Matrix2x2", "payoffs": [[[13,68],[0,45]],[[14,72],[5,0]]]},
"G569": {"type": "Matrix2x2", "payoffs": [[[4,30],[15,0]],[[0,14],[18,43]]]},
"G570": {"type": "Matrix2x2", "payoffs": [[[0,87],[39,38]],[[28,0],[100,96]]]},
"G571": {"type": "Matrix2x2", "payoffs": [[[4,61],[1,0]],[[6,98],[0,88]]]},
"G572": {"type": "Matrix2x2", "payoffs": [[[85,69],[15,22]],[[27,0],[0,29]]]},
"G573": {"type": "Matrix2x2", "payoffs": [[[25,41],[56,64]],[[85,71],[0,0]]]},
"G574": {"type": "Matrix2x2", "payoffs": [[[6,80],[0,0]],[[5,74],[2,54]]]},
"G575": {"type": "Matrix2x2", "payoffs": [[[4,12],[2,39]],[[43,40],[0,0]]]},
"G576": {"type": "Matrix2x2", "payoffs": [[[0,9],[24,0]],[[60,29],[14,22]]]},
"G577": {"type": "Matrix2x2", "payoffs": [[[18,25],[0,0]],[[20,35],[8,29]]]},
"G578": {"type": "Matrix2x2", "payoffs": [[[38,0],[90,97]],[[81,77],[0,23]]]},
"G579": {"type": "Matrix2x2", "payoffs": [[[3,26],[1,24]],[[2,0],[0,12]]]},
"G580": {"type": "Matrix2x2", "payoffs": [[[20,0],[0,66]],[[17,19],[97,67]]]},
"G581": {"type": "Matrix2x2", "payoffs": [[[76,0],[49,10]],[[92,30],[0,8]]]},
"G582": {"type": "Matrix2x2", "payoffs": [[[38,0],[0,1]],[[29,11],[72,20]]]},
"G583": {"type": "Matrix2x2", "payoffs": [[[0,7],[58,19]],[[32,3],[49,0]]]},
"G584": {"type": "Matrix2x2", "payoffs": [[[12,0],[0,4]],[[41,98],[21,3]]]},
"G585": {"type": "Matrix2x2", "payoffs": [[[32,8],[0,0]],[[18,5],[21,7]]]},
"G586": {"type": "Matrix2x2", "payoffs": [[[64,2],[0,0]],[[69,12],[81,48]]]},
"G587": {"type": "Matrix2x2", "payoffs": [[[26,14],[5,15]],[[0,0],[36,30]]]},
"G588": {"type": "Matrix2x2", "payoffs": [[[13,2],[36,3]],[[4,1],[0,0]]]},
"G589": {"type": "Matrix2x2", "payoffs": [[[39,32],[22,0]],[[0,38],[78,73]]]},
"G590": {"type": "Matrix2x2", "payoffs": [[[10,72],[7,1]],[[9,0],[0,34]]]},
"G591": {"type": "Matrix2x2", "payoffs": [[[15,62],[54,34]],[[0,0],[63,78]]]},
"G592": {"type": "Matrix2x2", "payoffs": [[[22,0],[46,29]],[[38,15],[0,22]]]},
"G593": {"type": "Matrix2x2", "payoffs": [[[20,3],[33,0]],[[40,24],[0,11]]]},
"G594": {"type": "Matrix2x2", "payoffs": [[[21,1],[2,4]],[[89,6],[0,0]]]},
"G595": {"type": "Matrix2x2", "payoffs": [[[63,89],[49,2]],[[0,67],[56,0]]]},
"G596": {"type": "Matrix2x2", "payoffs": [[[28,0],[3,32]],[[85,58],[0,22]]]},
"G597": {"type": "Matrix2x2", "payoffs": [[[13,0],[79,71]],[[74,21],[0,1]]]},
"G598": {"type": "Matrix2x2", "payoffs": [[[39,11],[0,8]],[[17,5],[6,0]]]},
"G599": {"type": "Matrix2x2", "payoffs": [[[0,6],[46,0]],[[54,7],[59,15]]]},
"G600": {"type": "Matrix2x2", "payoffs": [[[62,0],[95,81]],[[0,55],[35,9]]]},
"G601": {"type": "Matrix2x2", "payoffs": [[[32,0],[76,31]],[[0,11],[52,25]]]},
"G602": {"type": "Matrix2x2", "payoffs": [[[0,0],[40,14]],[[100,92],[36,83]]]},
"G603": {"type": "Matrix2x2", "payoffs": [[[12,37],[0,34]],[[1,0],[11,1]]]},
"G604": {"type": "Matrix2x2", "payoffs": [[[80,81],[1,29]],[[33,0],[0,58]]]},
"G605": {"type": "Matrix2x2", "payoffs": [[[0,10],[4,7]],[[1,0],[6,17]]]},
"G606": {"type": "Matrix2x2", "payoffs": [[[0,80],[25,82]],[[91,93],[37,0]]]},
"G607": {"type": "Matrix2x2", "payoffs": [[[36,12],[61,71]],[[0,27],[44,0]]]},
"G608": {"type": "Matrix2x2", "payoffs": [[[10,34],[0,33]],[[4,0],[18,62]]]},
"G609": {"type": "Matrix2x2", "payoffs": [[[15,0],[22,100]],[[0,7],[1,83]]]},
"G610": {"type": "Matrix2x2", "payoffs": [[[6,12],[5,15]],[[0,0],[7,23]]]},
"G611": {"type": "Matrix2x2", "payoffs": [[[57,19],[47,0]],[[6,10],[0,13]]]},
"G612": {"type": "Matrix2x2", "payoffs": [[[4,0],[0,2]],[[20,40],[19,15]]]},
"G613": {"type": "Matrix2x2", "payoffs": [[[74,95],[36,7]],[[0,92],[33,0]]]},
"G614": {"type": "Matrix2x2", "payoffs": [[[0,0],[49,9]],[[25,3],[69,12]]]},
"G615": {"type": "Matrix2x2", "payoffs": [[[41,74],[0,19]],[[38,13],[10,0]]]},
"G616": {"type": "Matrix2x2", "payoffs": [[[24,25],[60,64]],[[0,3],[41,0]]]},
"G617": {"type": "Matrix2x2", "payoffs": [[[20,0],[90,11]],[[88,10],[0,2]]]},
"G618": {"type": "Matrix2x2", "payoffs": [[[5,2],[4,4]],[[9,5],[0,0]]]},
"G619": {"type": "Matrix2x2", "payoffs": [[[16,42],[0,15]],[[8,9],[15,0]]]},
"G620": {"type": "Matrix2x2", "payoffs": [[[0,4],[82,28]],[[60,0],[97,49]]]},
"G621": {"type": "Matrix2x2", "payoffs": [[[98,80],[33,0]],[[0,19],[34,20]]]},
"G622": {"type": "Matrix2x2", "payoffs": [[[9,25],[0,12]],[[8,0],[64,27]]]},
"G623": {"type": "Matrix2x2", "payoffs": [[[6,35],[41,0]],[[76,36],[0,32]]]},
"G624": {"type": "Matrix2x2", "payoffs": [[[44,15],[29,12]],[[17,9],[0,0]]]},
"G625": {"type": "Matrix2x2", "payoffs": [[[0,49],[9,52]],[[5,10],[2,0]]]},
"G626": {"type": "Matrix2x2", "payoffs": [[[0,17],[3,0]],[[9,29],[15,60]]]},
"G627": {"type": "Matrix2x2", "payoffs": [[[69,42],[11,34]],[[28,37],[0,0]]]},
"G628": {"type": "Matrix2x2", "payoffs": [[[14,74],[75,8]],[[94,95],[0,0]]]},
"G629": {"type": "Matrix2x2", "payoffs": [[[31,0],[37,66]],[[25,13],[0,34]]]},
"G630": {"type": "Matrix2x2", "payoffs": [[[0,42],[26,14]],[[36,0],[59,94]]]},
"G631": {"type": "Matrix2x2", "payoffs": [[[6,25],[0,29]],[[50,85],[17,0]]]},
"G632": {"type": "Matrix2x2", "payoffs": [[[0,0],[1,15]],[[8,5],[29,29]]]},
"G633": {"type": "Matrix2x2", "payoffs": [[[5,3],[49,54]],[[42,2],[0,0]]]},
"G634": {"type": "Matrix2x2", "payoffs": [[[3,0],[26,13]],[[8,11],[0,1]]]},
"G635": {"type": "Matrix2x2", "payoffs": [[[80,0],[89,33]],[[0,6],[67,11]]]},
"G636": {"type": "Matrix2x2", "payoffs": [[[35,0],[18,52]],[[0,7],[60,81]]]},
"G637": {"type": "Matrix2x2", "payoffs": [[[0,45],[12,0]],[[16,80],[9,19]]]},
"G638": {"type": "Matrix2x2", "payoffs": [[[28,4],[1,0]],[[33,8],[0,1]]]},
"G639": {"type": "Matrix2x2", "payoffs": [[[0,52],[74,0]],[[77,96],[45,54]]]},
"G640": {"type": "Matrix2x2", "payoffs": [[[4,3],[33,0]],[[43,10],[0,4]]]},
"G641": {"type": "Matrix2x2", "payoffs": [[[11,49],[74,68]],[[0,0],[47,50]]]},
"G642": {"type": "Matrix2x2", "payoffs": [[[55,61],[0,0]],[[5,59],[17,17]]]},
"G643": {"type": "Matrix2x2", "payoffs": [[[47,28],[0,30]],[[32,0],[49,40]]]},
"G644": {"type": "Matrix2x2", "payoffs": [[[27,0],[28,32]],[[17,14],[0,29]]]},
"G645": {"type": "Matrix2x2", "payoffs": [[[49,25],[0,19]],[[34,0],[32,3]]]},
"G646": {"type": "Matrix2x2", "payoffs": [[[27,58],[0,12]],[[9,0],[35,84]]]},
"G647": {"type": "Matrix2x2", "payoffs": [[[76,4],[79,5]],[[40,0],[0,1]]]},
"G648": {"type": "Matrix2x2", "payoffs": [[[0,1],[25,10]],[[16,2],[21,0]]]},
"G649": {"type": "Matrix2x2", "payoffs": [[[68,72],[14,70]],[[4,41],[0,0]]]},
"G650": {"type": "Matrix2x2", "payoffs": [[[9,43],[6,35]],[[5,0],[0,3]]]},
"G651": {"type": "Matrix2x2", "payoffs": [[[0,0],[66,3]],[[70,16],[41,8]]]},
"G652": {"type": "Matrix2x2", "payoffs": [[[19,0],[4,10]],[[54,17],[0,3]]]},
"G653": {"type": "Matrix2x2", "payoffs": [[[12,6],[67,8]],[[0,2],[5,0]]]},
"G654": {"type": "Matrix2x2", "payoffs": [[[0,0],[4,20]],[[58,1],[67,55]]]},
"G655": {"type": "Matrix2x2", "payoffs": [[[37,32],[0,0]],[[1,42],[67,48]]]},
"G656": {"type": "Matrix2x2", "payoffs": [[[73,0],[10,9]],[[86,21],[0,20]]]},
"G657": {"type": "Matrix2x2", "payoffs": [[[0,8],[66,5]],[[5,0],[84,11]]]},
"G658": {"type": "Matrix2x2", "payoffs": [[[51,30],[0,20]],[[20,17],[2,0]]]},
"G659": {"type": "Matrix2x2", "payoffs": [[[26,66],[0,0]],[[19,44],[47,69]]]},
"G660": {"type": "Matrix2x2", "payoffs": [[[43,9],[49,18]],[[0,0],[9,8]]]},
"G661": {"type": "Matrix2x2", "payoffs": [[[0,63],[19,45]],[[36,0],[76,78]]]},
"G662": {"type": "Matrix2x2", "payoffs": [[[23,17],[0,0]],[[32,84],[19,26]]]},
"G663": {"type": "Matrix2x2", "payoffs": [[[0,14],[68,23]],[[67,0],[40,13]]]},
"G664": {"type": "Matrix2x2", "payoffs": [[[25,0],[47,27]],[[49,33],[0,12]]]},
"G665": {"type": "Matrix2x2", "payoffs": [[[2,0],[0,28]],[[30,65],[16,14]]]},
"G666": {"type": "Matrix2x2", "payoffs": [[[0,0],[36,46]],[[14,22],[31,13]]]},
"G667": {"type": "Matrix2x2", "payoffs": [[[15,56],[3,0]],[[2,50],[0,47]]]},
"G668": {"type": "Matrix2x2", "payoffs": [[[0,0],[77,73]],[[35,14],[27,28]]]},
"G669": {"type": "Matrix2x2", "payoffs": [[[23,0],[0,66]],[[34,49],[47,71]]]},
"G670": {"type": "Matrix2x2", "payoffs": [[[82,11],[0,7]],[[55,10],[19,0]]]},
"G671": {"type": "Matrix2x2", "payoffs": [[[0,39],[19,0]],[[41,50],[1,27]]]},
"G672": {"type": "Matrix2x2", "payoffs": [[[14,0],[19,86]],[[0,55],[17,44]]]},
"G673": {"type": "Matrix2x2", "payoffs": [[[26,0],[20,6]],[[0,16],[86,68]]]},
"G674": {"type": "Matrix2x2", "payoffs": [[[36,0],[53,29]],[[0,20],[47,15]]]},
"G675": {"type": "Matrix2x2", "payoffs": [[[0,11],[21,0]],[[39,5],[46,21]]]},
"G676": {"type": "Matrix2x2", "payoffs": [[[20,0],[0,25]],[[85,34],[97,37]]]},
"G677": {"type": "Matrix2x2", "payoffs": [[[2,0],[21,44]],[[0,19],[12,43]]]},
"G678": {"type": "Matrix2x2", "payoffs": [[[22,80],[15,57]],[[18,56],[0,0]]]},
"G679": {"type": "Matrix2x2", "payoffs": [[[22,83],[5,63]],[[0,44],[7,0]]]},
"G680": {"type": "Matrix2x2", "payoffs": [[[10,0],[20,14]],[[0,50],[48,69]]]},
"G681": {"type": "Matrix2x2", "payoffs": [[[49,17],[73,53]],[[0,0],[32,22]]]},
"G682": {"type": "Matrix2x2", "payoffs": [[[0,1],[1,0]],[[3,95],[2,82]]]},
"G683": {"type": "Matrix2x2", "payoffs": [[[28,36],[0,0]],[[4,12],[6,21]]]},
"G684": {"type": "Matrix2x2", "payoffs": [[[0,47],[1,0]],[[28,57],[18,19]]]},
"G685": {"type": "Matrix2x2", "payoffs": [[[41,88],[1,69]],[[0,0],[40,76]]]},
"G686": {"type": "Matrix2x2", "payoffs": [[[2,29],[3,5]],[[0,0],[4,41]]]},
"G687": {"type": "Matrix2x2", "payoffs": [[[60,83],[0,15]],[[92,99],[54,0]]]},
"G688": {"type": "Matrix2x2", "payoffs": [[[25,15],[2,0]],[[0,19],[28,22]]]},
"G689": {"type": "Matrix2x2", "payoffs": [[[33,0],[0,1]],[[68,52],[21,44]]]},
"G690": {"type": "Matrix2x2", "payoffs": [[[0,8],[55,0]],[[65,17],[8,7]]]},
"G691": {"type": "Matrix2x2", "payoffs": [[[68,39],[45,0]],[[24,26],[0,20]]]},
"G692": {"type": "Matrix2x2", "payoffs": [[[0,15],[35,9]],[[96,21],[2,0]]]},
"G693": {"type": "Matrix2x2", "payoffs": [[[0,0],[61,81]],[[17,65],[7,11]]]},
"G694": {"type": "Matrix2x2", "payoffs": [[[13,12],[20,0]],[[0,5],[31,20]]]},
"G695": {"type": "Matrix2x2", "payoffs": [[[40,0],[0,34]],[[75,38],[71,31]]]},
"G696": {"type": "Matrix2x2", "payoffs": [[[15,4],[0,10]],[[19,0],[25,22]]]},
"G697": {"type": "Matrix2x2", "payoffs": [[[18,39],[13,0]],[[0,15],[8,6]]]},
"G698": {"type": "Matrix2x2", "payoffs": [[[0,5],[75,28]],[[47,0],[98,80]]]},
"G699": {"type": "Matrix2x2", "payoffs": [[[56,27],[52,22]],[[0,15],[8,0]]]},
"G700": {"type": "Matrix2x2", "payoffs": [[[1,41],[0,26]],[[22,50],[9,0]]]},
"G701": {"type": "Matrix2x2", "payoffs": [[[8,11],[7,0]],[[2,8],[0,6]]]},
"G702": {"type": "Matrix2x2", "payoffs": [[[41,3],[0,2]],[[25,0],[77,5]]]},
"G703": {"type": "Matrix2x2", "payoffs": [[[0,0],[7,4]],[[50,33],[34,20]]]},
"G704": {"type": "Matrix2x2", "payoffs": [[[7,41],[10,51]],[[1,0],[0,11]]]},
"G705": {"type": "Matrix2x2", "payoffs": [[[7,36],[5,0]],[[10,83],[0,11]]]},
"G706": {"type": "Matrix2x2", "payoffs": [[[2,0],[57,16]],[[93,23],[0,17]]]},
"G707": {"type": "Matrix2x2", "payoffs": [[[14,89],[2,37]],[[0,0],[3,68]]]},
"G708": {"type": "Matrix2x2", "payoffs": [[[12,14],[25,6]],[[0,0],[41,39]]]},
"G709": {"type": "Matrix2x2", "payoffs": [[[20,25],[23,75]],[[19,0],[0,67]]]},
"G710": {"type": "Matrix2x2", "payoffs": [[[0,0],[15,1]],[[39,12],[35,9]]]},
"G711": {"type": "Matrix2x2", "payoffs": [[[1,24],[0,4]],[[59,0],[77,42]]]},
"G712": {"type": "Matrix2x2", "payoffs": [[[23,8],[12,29]],[[36,36],[0,0]]]},
"G713": {"type": "Matrix2x2", "payoffs": [[[0,0],[67,7]],[[64,4],[38,5]]]},
"G714": {"type": "Matrix2x2", "payoffs": [[[0,56],[46,0]],[[25,27],[80,80]]]},
"G715": {"type": "Matrix2x2", "payoffs": [[[0,67],[64,32]],[[99,73],[54,0]]]},
"G716": {"type": "Matrix2x2", "payoffs": [[[0,12],[9,0]],[[4,28],[74,67]]]},
"G717": {"type": "Matrix2x2", "payoffs": [[[28,28],[0,7]],[[21,0],[13,26]]]},
"G718": {"type": "Matrix2x2", "payoffs": [[[14,39],[0,0]],[[33,13],[44,70]]]},
"G719": {"type": "Matrix2x2", "payoffs": [[[0,34],[34,13]],[[13,0],[47,64]]]},
"G720": {"type": "Matrix2x2", "payoffs": [[[23,0],[0,40]],[[49,76],[74,86]]]},
"G721": {"type": "Matrix2x2", "payoffs": [[[9,52],[10,0]],[[14,99],[0,68]]]},
"G722": {"type": "Matrix2x2", "payoffs": [[[2,0],[34,21]],[[7,14],[0,9]]]},
"G723": {"type": "Matrix2x2", "payoffs": [[[59,63],[0,0]],[[67,87],[39,65]]]},
"G724": {"type": "Matrix2x2", "payoffs": [[[9,25],[59,75]],[[0,0],[24,21]]]},
"G725": {"type": "Matrix2x2", "payoffs": [[[0,0],[41,25]],[[14,68],[77,81]]]},
"G726": {"type": "Matrix2x2", "payoffs": [[[85,0],[8,13]],[[0,77],[96,96]]]},
"G727": {"type": "Matrix2x2", "payoffs": [[[45,0],[0,47]],[[59,79],[21,1]]]},
"G728": {"type": "Matrix2x2", "payoffs": [[[33,4],[40,0]],[[53,19],[0,18]]]},
"G729": {"type": "Matrix2x2", "payoffs": [[[14,23],[59,0]],[[75,52],[0,38]]]},
"G730": {"type": "Matrix2x2", "payoffs": [[[70,28],[14,16]],[[0,7],[54,0]]]},
"G731": {"type": "Matrix2x2", "payoffs": [[[19,0],[30,40]],[[52,72],[0,6]]]},
"G732": {"type": "Matrix2x2", "payoffs": [[[54,71],[6,0]],[[36,11],[0,10]]]},
"G733": {"type": "Matrix2x2", "payoffs": [[[0,3],[11,0]],[[50,7],[60,14]]]},
"G734": {"type": "Matrix2x2", "payoffs": [[[0,3],[1,0]],[[16,25],[8,22]]]},
"G735": {"type": "Matrix2x2", "payoffs": [[[97,19],[19,0]],[[0,4],[53,6]]]},
"G736": {"type": "Matrix2x2", "payoffs": [[[63,22],[61,6]],[[0,19],[18,0]]]},
"G737": {"type": "Matrix2x2", "payoffs": [[[0,5],[22,0]],[[52,11],[68,12]]]},
"G738": {"type": "Matrix2x2", "payoffs": [[[0,0],[74,25]],[[91,30],[29,8]]]},
"G739": {"type": "Matrix2x2", "payoffs": [[[19,13],[21,0]],[[0,7],[23,14]]]},
"G740": {"type": "Matrix2x2", "payoffs": [[[14,2],[27,3]],[[26,0],[0,1]]]},
"G741": {"type": "Matrix2x2", "payoffs": [[[0,21],[28,0]],[[22,31],[40,75]]]},
"G742": {"type": "Matrix2x2", "payoffs": [[[80,77],[69,0]],[[59,32],[0,33]]]},
"G743": {"type": "Matrix2x2", "payoffs": [[[46,68],[15,54]],[[0,42],[45,0]]]},
"G744": {"type": "Matrix2x2", "payoffs": [[[12,0],[16,79]],[[0,55],[13,31]]]},
"G745": {"type": "Matrix2x2", "payoffs": [[[35,12],[93,25]],[[14,0],[0,18]]]},
"G746": {"type": "Matrix2x2", "payoffs": [[[62,32],[98,67]],[[26,18],[0,0]]]},
"G747": {"type": "Matrix2x2", "payoffs": [[[11,46],[0,40]],[[3,0],[5,15]]]},
"G748": {"type": "Matrix2x2", "payoffs": [[[36,47],[14,18]],[[2,0],[0,4]]]},
"G749": {"type": "Matrix2x2", "payoffs": [[[8,9],[9,14]],[[5,0],[0,7]]]},
"G750": {"type": "Matrix2x2", "payoffs": [[[0,33],[4,19]],[[6,0],[7,71]]]},
"G751": {"type": "Matrix2x2", "payoffs": [[[74,0],[100,4]],[[0,2],[18,1]]]},
"G752": {"type": "Matrix2x2", "payoffs": [[[11,7],[0,0]],[[84,88],[17,25]]]},
"G753": {"type": "Matrix2x2", "payoffs": [[[0,0],[20,2]],[[27,5],[3,4]]]},
"G754": {"type": "Matrix2x2", "payoffs": [[[16,0],[12,6]],[[77,92],[0,10]]]},
"G755": {"type": "Matrix2x2", "payoffs": [[[0,0],[41,43]],[[75,86],[19,78]]]},
"G756": {"type": "Matrix2x2", "payoffs": [[[0,71],[69,100]],[[11,0],[55,87]]]},
"G757": {"type": "Matrix2x2", "payoffs": [[[45,29],[23,3]],[[11,0],[0,12]]]},
"G758": {"type": "Matrix2x2", "payoffs": [[[0,37],[38,48]],[[100,67],[47,0]]]},
"G759": {"type": "Matrix2x2", "payoffs": [[[11,3],[20,25]],[[2,5],[0,0]]]},
"G760": {"type": "Matrix2x2", "payoffs": [[[0,0],[1,56]],[[34,86],[6,18]]]},
"G761": {"type": "Matrix2x2", "payoffs": [[[51,34],[59,63]],[[37,0],[0,43]]]},
"G762": {"type": "Matrix2x2", "payoffs": [[[25,21],[28,50]],[[15,0],[0,9]]]},
"G763": {"type": "Matrix2x2", "payoffs": [[[0,12],[5,43]],[[1,0],[4,28]]]},
"G764": {"type": "Matrix2x2", "payoffs": [[[3,39],[0,0]],[[44,17],[65,81]]]},
"G765": {"type": "Matrix2x2", "payoffs": [[[36,15],[52,17]],[[0,0],[31,2]]]},
"G766": {"type": "Matrix2x2", "payoffs": [[[13,0],[16,88]],[[7,6],[0,75]]]},
"G767": {"type": "Matrix2x2", "payoffs": [[[31,62],[46,64]],[[28,46],[0,0]]]},
"G768": {"type": "Matrix2x2", "payoffs": [[[0,27],[6,0]],[[1,34],[9,55]]]},
"G769": {"type": "Matrix2x2", "payoffs": [[[7,38],[0,0]],[[49,92],[47,52]]]},
"G770": {"type": "Matrix2x2", "payoffs": [[[89,58],[0,0]],[[99,84],[82,52]]]},
"G771": {"type": "Matrix2x2", "payoffs": [[[36,0],[0,39]],[[85,60],[37,22]]]},
"G772": {"type": "Matrix2x2", "payoffs": [[[9,71],[15,74]],[[2,69],[0,0]]]},
"G773": {"type": "Matrix2x2", "payoffs": [[[68,52],[10,21]],[[28,0],[0,25]]]},
"G774": {"type": "Matrix2x2", "payoffs": [[[3,25],[4,13]],[[0,0],[5,47]]]},
"G775": {"type": "Matrix2x2", "payoffs": [[[36,15],[37,54]],[[17,44],[0,0]]]},
"G776": {"type": "Matrix2x2", "payoffs": [[[22,39],[13,14]],[[0,0],[30,80]]]},
"G777": {"type": "Matrix2x2", "payoffs": [[[10,42],[52,67]],[[8,38],[0,0]]]},
"G778": {"type": "Matrix2x2", "payoffs": [[[0,29],[20,46]],[[3,0],[14,10]]]},
"G779": {"type": "Matrix2x2", "payoffs": [[[20,0],[95,42]],[[0,27],[79,19]]]},
"G780": {"type": "Matrix2x2", "payoffs": [[[25,7],[0,2]],[[99,12],[36,0]]]},
"G781": {"type": "Matrix2x2", "payoffs": [[[16,43],[18,95]],[[0,93],[11,0]]]},
"G782": {"type": "Matrix2x2", "payoffs": [[[4,0],[31,13]],[[21,11],[0,5]]]},
"G783": {"type": "Matrix2x2", "payoffs": [[[57,5],[0,6]],[[29,0],[58,15]]]},
"G784": {"type": "Matrix2x2", "payoffs": [[[62,3],[54,0]],[[25,1],[0,2]]]},
"G785": {"type": "Matrix2x2", "payoffs": [[[0,41],[21,66]],[[30,0],[34,71]]]},
"G786": {"type": "Matrix2x2", "payoffs": [[[60,3],[25,9]],[[0,0],[90,24]]]},
"G787": {"type": "Matrix2x2", "payoffs": [[[58,0],[0,9]],[[21,3],[82,18]]]},
"G788": {"type": "Matrix2x2", "payoffs": [[[0,0],[29,8]],[[62,6],[80,21]]]},
"G789": {"type": "Matrix2x2", "payoffs": [[[66,15],[2,0]],[[13,9],[0,13]]]},
"G790": {"type": "Matrix2x2", "payoffs": [[[19,33],[18,4]],[[0,0],[71,63]]]},
"G791": {"type": "Matrix2x2", "payoffs": [[[3,50],[22,99]],[[21,96],[0,0]]]},
"G792": {"type": "Matrix2x2", "payoffs": [[[52,84],[32,11]],[[48,0],[0,54]]]},
"G793": {"type": "Matrix2x2", "payoffs": [[[3,85],[0,24]],[[1,0],[2,82]]]},
"G794": {"type": "Matrix2x2", "payoffs": [[[0,6],[27,47]],[[20,0],[23,38]]]},
"G795": {"type": "Matrix2x2", "payoffs": [[[0,0],[90,78]],[[71,75],[41,65]]]},
"G796": {"type": "Matrix2x2", "payoffs": [[[5,67],[19,0]],[[20,80],[0,16]]]},
"G797": {"type": "Matrix2x2", "payoffs": [[[97,59],[0,3]],[[4,41],[9,0]]]},
"G798": {"type": "Matrix2x2", "payoffs": [[[0,1],[90,39]],[[46,3],[43,0]]]},
"G799": {"type": "Matrix2x2", "payoffs": [[[9,8],[20,0]],[[0,6],[37,67]]]},
"G800": {"type": "Matrix2x2", "payoffs": [[[2,62],[45,97]],[[17,0],[0,44]]]},
"G801": {"type": "Matrix2x2", "payoffs": [[[15,0],[0,16]],[[28,97],[25,13]]]},
"G802": {"type": "Matrix2x2", "payoffs": [[[7,59],[1,0]],[[4,10],[0,35]]]},
"G803": {"type": "Matrix2x2", "payoffs": [[[32,5],[99,12]],[[86,0],[0,4]]]},
"G804": {"type": "Matrix2x2", "payoffs": [[[0,22],[19,4]],[[40,32],[12,0]]]},
"G805": {"type": "Matrix2x2", "payoffs": [[[60,55],[9,32]],[[37,45],[0,0]]]},
"G806": {"type": "Matrix2x2", "payoffs": [[[7,0],[3,30]],[[0,18],[12,56]]]},
"G807": {"type": "Matrix2x2", "payoffs": [[[34,38],[5,9]],[[0,4],[7,0]]]},
"G808": {"type": "Matrix2x2", "payoffs": [[[7,0],[25,9]],[[59,17],[0,14]]]},
"G809": {"type": "Matrix2x2", "payoffs": [[[11,1],[86,53]],[[2,0],[0,13]]]},
"G810": {"type": "Matrix2x2", "payoffs": [[[99,100],[59,0]],[[0,1],[94,54]]]},
"G811": {"type": "Matrix2x2", "payoffs": [[[0,19],[16,45]],[[31,0],[42,91]]]},
"G812": {"type": "Matrix2x2", "payoffs": [[[0,0],[81,2]],[[96,28],[28,9]]]},
"G813": {"type": "Matrix2x2", "payoffs": [[[0,14],[16,33]],[[13,19],[14,0]]]},
"G814": {"type": "Matrix2x2", "payoffs": [[[67,80],[64,0]],[[0,53],[55,30]]]},
"G815": {"type": "Matrix2x2", "payoffs": [[[73,68],[0,0]],[[55,65],[15,46]]]},
"G816": {"type": "Matrix2x2", "payoffs": [[[11,23],[4,15]],[[0,0],[7,5]]]},
"G817": {"type": "Matrix2x2", "payoffs": [[[0,0],[31,62]],[[79,39],[85,75]]]},
"G818": {"type": "Matrix2x2", "payoffs": [[[65,94],[0,0]],[[41,82],[11,2]]]},
"G819": {"type": "Matrix2x2", "payoffs": [[[37,4],[0,12]],[[56,0],[90,22]]]},
"G820": {"type": "Matrix2x2", "payoffs": [[[12,86],[11,0]],[[3,24],[0,10]]]},
"G821": {"type": "Matrix2x2", "payoffs": [[[83,34],[0,0]],[[47,21],[25,17]]]},
"G822": {"type": "Matrix2x2", "payoffs": [[[73,77],[0,0]],[[60,40],[47,13]]]},
"G823": {"type": "Matrix2x2", "payoffs": [[[0,35],[53,61]],[[44,0],[33,58]]]},
"G824": {"type": "Matrix2x2", "payoffs": [[[10,3],[0,0]],[[12,13],[20,28]]]},
"G825": {"type": "Matrix2x2", "payoffs": [[[26,52],[0,0]],[[45,71],[32,6]]]},
"G826": {"type": "Matrix2x2", "payoffs": [[[58,93],[0,79]],[[47,0],[46,71]]]},
"G827": {"type": "Matrix2x2", "payoffs": [[[0,3],[69,48]],[[94,54],[73,0]]]},
"G828": {"type": "Matrix2x2", "payoffs": [[[0,10],[5,25]],[[6,0],[58,67]]]},
"G829": {"type": "Matrix2x2", "payoffs": [[[88,11],[28,1]],[[41,0],[0,4]]]},
"G830": {"type": "Matrix2x2", "payoffs": [[[49,5],[33,3]],[[0,1],[3,0]]]},
"G831": {"type": "Matrix2x2", "payoffs": [[[97,44],[92,0]],[[49,7],[0,12]]]},
"G832": {"type": "Matrix2x2", "payoffs": [[[57,66],[23,35]],[[0,7],[30,0]]]},
"G833": {"type": "Matrix2x2", "payoffs": [[[17,2],[0,7]],[[3,0],[21,16]]]},
"G834": {"type": "Matrix2x2", "payoffs": [[[34,0],[0,13]],[[94,74],[31,57]]]},
"G835": {"type": "Matrix2x2", "payoffs": [[[89,88],[7,83]],[[0,0],[43,21]]]},
"G836": {"type": "Matrix2x2", "payoffs": [[[0,7],[7,20]],[[10,32],[3,0]]]},
"G837": {"type": "Matrix2x2", "payoffs": [[[30,0],[39,81]],[[62,84],[0,65]]]},
"G838": {"type": "Matrix2x2", "payoffs": [[[76,35],[34,0]],[[39,21],[0,28]]]},
"G839": {"type": "Matrix2x2", "payoffs": [[[85,0],[0,19]],[[67,49],[93,53]]]},
"G840": {"type": "Matrix2x2", "payoffs": [[[87,70],[96,85]],[[22,0],[0,63]]]},
"G841": {"type": "Matrix2x2", "payoffs": [[[2,78],[0,0]],[[7,76],[9,80]]]},
"G842": {"type": "Matrix2x2", "payoffs": [[[4,16],[0,0]],[[33,11],[38,44]]]},
"G843": {"type": "Matrix2x2", "payoffs": [[[47,13],[42,6]],[[11,0],[0,7]]]},
"G844": {"type": "Matrix2x2", "payoffs": [[[35,4],[49,9]],[[12,0],[0,7]]]},
"G845": {"type": "Matrix2x2", "payoffs": [[[0,0],[35,57]],[[16,35],[19,16]]]},
"G846": {"type": "Matrix2x2", "payoffs": [[[30,41],[21,21]],[[0,0],[2,15]]]},
"G847": {"type": "Matrix2x2", "payoffs": [[[0,3],[14,0]],[[27,19],[18,14]]]},
"G848": {"type": "Matrix2x2", "payoffs": [[[0,0],[1,18]],[[35,37],[56,43]]]},
"G849": {"type": "Matrix2x2", "payoffs": [[[19,2],[0,8]],[[60,15],[55,0]]]},
"G850": {"type": "Matrix2x2", "payoffs": [[[4,65],[6,74]],[[0,17],[3,0]]]},
"G851": {"type": "Matrix2x2", "payoffs": [[[79,6],[69,1]],[[0,3],[53,0]]]},
"G852": {"type": "Matrix2x2", "payoffs": [[[59,0],[0,31]],[[43,24],[93,58]]]},
"G853": {"type": "Matrix2x2", "payoffs": [[[41,1],[75,46]],[[54,44],[0,0]]]},
"G854": {"type": "Matrix2x2", "payoffs": [[[4,45],[6,62]],[[29,97],[0,0]]]},
"G855": {"type": "Matrix2x2", "payoffs": [[[37,23],[10,9]],[[0,0],[6,14]]]},
"G856": {"type": "Matrix2x2", "payoffs": [[[17,0],[27,6]],[[30,21],[0,20]]]},
"G857": {"type": "Matrix2x2", "payoffs": [[[0,33],[40,78]],[[13,0],[35,77]]]},
"G858": {"type": "Matrix2x2", "payoffs": [[[0,8],[39,26]],[[20,0],[85,35]]]},
"G859": {"type": "Matrix2x2", "payoffs": [[[9,13],[13,0]],[[0,26],[16,45]]]},
"G860": {"type": "Matrix2x2", "payoffs": [[[16,0],[24,14]],[[23,3],[0,8]]]},
"G861": {"type": "Matrix2x2", "payoffs": [[[0,26],[43,71]],[[24,0],[46,82]]]},
"G862": {"type": "Matrix2x2", "payoffs": [[[25,32],[0,17]],[[10,6],[17,0]]]},
"G863": {"type": "Matrix2x2", "payoffs": [[[4,16],[38,13]],[[94,20],[0,0]]]},
"G864": {"type": "Matrix2x2", "payoffs": [[[0,47],[8,16]],[[60,0],[70,51]]]},
"G865": {"type": "Matrix2x2", "payoffs": [[[0,52],[20,76]],[[14,34],[13,0]]]},
"G866": {"type": "Matrix2x2", "payoffs": [[[0,0],[20,24]],[[38,50],[78,94]]]},
"G867": {"type": "Matrix2x2", "payoffs": [[[85,3],[100,79]],[[10,45],[0,0]]]},
"G868": {"type": "Matrix2x2", "payoffs": [[[56,41],[0,40]],[[27,0],[40,38]]]},
"G869": {"type": "Matrix2x2", "payoffs": [[[0,43],[7,0]],[[63,59],[42,49]]]},
"G870": {"type": "Matrix2x2", "payoffs": [[[85,64],[0,54]],[[50,0],[11,23]]]},
"G871": {"type": "Matrix2x2", "payoffs": [[[70,32],[46,20]],[[33,14],[0,0]]]},
"G872": {"type": "Matrix2x2", "payoffs": [[[39,30],[0,40]],[[20,0],[62,41]]]},
"G873": {"type": "Matrix2x2", "payoffs": [[[67,32],[0,16]],[[8,17],[14,0]]]},
"G874": {"type": "Matrix2x2", "payoffs": [[[43,15],[0,42]],[[3,0],[53,70]]]},
"G875": {"type": "Matrix2x2", "payoffs": [[[31,47],[18,2]],[[0,0],[34,56]]]},
"G876": {"type": "Matrix2x2", "payoffs": [[[20,0],[0,9]],[[28,18],[29,19]]]},
"G877": {"type": "Matrix2x2", "payoffs": [[[39,0],[0,38]],[[96,79],[42,61]]]},
"G878": {"type": "Matrix2x2", "payoffs": [[[0,76],[39,0]],[[21,50],[84,80]]]},
"G879": {"type": "Matrix2x2", "payoffs": [[[13,3],[6,2]],[[12,1],[0,0]]]},
"G880": {"type": "Matrix2x2", "payoffs": [[[28,0],[31,44]],[[23,25],[0,21]]]},
"G881": {"type": "Matrix2x2", "payoffs": [[[31,65],[8,45]],[[0,0],[19,60]]]},
"G882": {"type": "Matrix2x2", "payoffs": [[[30,71],[14,4]],[[0,31],[18,0]]]},
"G883": {"type": "Matrix2x2", "payoffs": [[[91,83],[24,0]],[[51,40],[0,1]]]},
"G884": {"type": "Matrix2x2", "payoffs": [[[13,21],[0,22]],[[3,0],[51,41]]]},
"G885": {"type": "Matrix2x2", "payoffs": [[[17,35],[1,0]],[[37,82],[0,23]]]},
"G886": {"type": "Matrix2x2", "payoffs": [[[36,15],[0,0]],[[85,83],[52,42]]]},
"G887": {"type": "Matrix2x2", "payoffs": [[[3,2],[18,0]],[[0,6],[27,10]]]},
"G888": {"type": "Matrix2x2", "payoffs": [[[32,50],[0,0]],[[50,74],[14,55]]]},
"G889": {"type": "Matrix2x2", "payoffs": [[[42,11],[24,72]],[[46,97],[0,0]]]},
"G890": {"type": "Matrix2x2", "payoffs": [[[56,93],[43,59]],[[0,0],[18,9]]]},
"G891": {"type": "Matrix2x2", "payoffs": [[[36,0],[71,19]],[[0,11],[1,3]]]},
"G892": {"type": "Matrix2x2", "payoffs": [[[0,2],[6,1]],[[8,0],[35,3]]]},
"G893": {"type": "Matrix2x2", "payoffs": [[[0,0],[19,8]],[[22,38],[26,95]]]},
"G894": {"type": "Matrix2x2", "payoffs": [[[81,42],[61,5]],[[24,31],[0,0]]]},
"G895": {"type": "Matrix2x2", "payoffs": [[[31,0],[12,4]],[[0,3],[45,6]]]},
"G896": {"type": "Matrix2x2", "payoffs": [[[88,0],[0,22]],[[95,60],[22,27]]]},
"G897": {"type": "Matrix2x2", "payoffs": [[[3,7],[0,19]],[[46,0],[47,42]]]},
"G898": {"type": "Matrix2x2", "payoffs": [[[31,0],[6,17]],[[71,54],[0,38]]]},
"G899": {"type": "Matrix2x2", "payoffs": [[[18,25],[21,26]],[[10,0],[0,13]]]},
"G900": {"type": "Matrix2x2", "payoffs": [[[63,46],[11,0]],[[0,18],[99,49]]]},
"G901": {"type": "Matrix2x2", "payoffs": [[[25,7],[27,10]],[[0,0],[16,8]]]},
"G902": {"type": "Matrix2x2", "payoffs": [[[0,47],[87,55]],[[34,29],[82,0]]]},
"G903": {"type": "Matrix2x2", "payoffs": [[[6,14],[0,0]],[[24,12],[57,28]]]},
"G904": {"type": "Matrix2x2", "payoffs": [[[54,26],[0,7]],[[10,3],[46,0]]]},
"G905": {"type": "Matrix2x2", "payoffs": [[[14,0],[0,7]],[[23,17],[6,5]]]},
"G906": {"type": "Matrix2x2", "payoffs": [[[3,0],[23,70]],[[7,69],[0,13]]]},
"G907": {"type": "Matrix2x2", "payoffs": [[[43,6],[65,15]],[[71,45],[0,0]]]},
"G908": {"type": "Matrix2x2", "payoffs": [[[35,87],[0,31]],[[11,1],[6,0]]]},
"G909": {"type": "Matrix2x2", "payoffs": [[[69,90],[48,3]],[[0,78],[5,0]]]},
"G910": {"type": "Matrix2x2", "payoffs": [[[0,0],[22,40]],[[7,13],[1,16]]]},
"G911": {"type": "Matrix2x2", "payoffs": [[[32,0],[0,71]],[[1,58],[75,96]]]},
"G912": {"type": "Matrix2x2", "payoffs": [[[0,38],[5,24]],[[19,91],[12,0]]]},
"G913": {"type": "Matrix2x2", "payoffs": [[[51,57],[4,0]],[[44,30],[0,49]]]},
"G914": {"type": "Matrix2x2", "payoffs": [[[19,57],[7,0]],[[0,7],[1,2]]]},
"G915": {"type": "Matrix2x2", "payoffs": [[[56,0],[0,41]],[[60,54],[83,92]]]},
"G916": {"type": "Matrix2x2", "payoffs": [[[46,38],[26,0]],[[48,46],[0,39]]]},
"G917": {"type": "Matrix2x2", "payoffs": [[[63,9],[2,7]],[[16,0],[0,5]]]},
"G918": {"type": "Matrix2x2", "payoffs": [[[24,34],[8,36]],[[47,54],[0,0]]]},
"G919": {"type": "Matrix2x2", "payoffs": [[[39,22],[0,39]],[[14,0],[52,53]]]},
"G920": {"type": "Matrix2x2", "payoffs": [[[39,6],[41,55]],[[2,0],[0,5]]]},
"G921": {"type": "Matrix2x2", "payoffs": [[[4,46],[0,43]],[[19,73],[10,0]]]},
"G922": {"type": "Matrix2x2", "payoffs": [[[0,0],[36,18]],[[75,33],[35,14]]]},
"G923": {"type": "Matrix2x2", "payoffs": [[[76,39],[12,0]],[[0,15],[92,44]]]},
"G924": {"type": "Matrix2x2", "payoffs": [[[2,0],[90,57]],[[0,9],[49,42]]]},
"G925": {"type": "Matrix2x2", "payoffs": [[[0,0],[90,39]],[[100,73],[19,12]]]},
"G926": {"type": "Matrix2x2", "payoffs": [[[44,68],[0,46]],[[5,0],[65,84]]]},
"G927": {"type": "Matrix2x2", "payoffs": [[[89,90],[16,65]],[[0,20],[80,0]]]},
"G928": {"type": "Matrix2x2", "payoffs": [[[27,5],[100,37]],[[23,17],[0,0]]]},
"G929": {"type": "Matrix2x2", "payoffs": [[[32,49],[0,0]],[[11,85],[51,89]]]},
"G930": {"type": "Matrix2x2", "payoffs": [[[10,68],[93,90]],[[0,12],[75,0]]]},
"G931": {"type": "Matrix2x2", "payoffs": [[[42,92],[0,66]],[[36,20],[21,0]]]},
"G932": {"type": "Matrix2x2", "payoffs": [[[0,1],[21,3]],[[49,17],[48,0]]]},
"G933": {"type": "Matrix2x2", "payoffs": [[[54,31],[29,0]],[[0,27],[9,2]]]},
"G934": {"type": "Matrix2x2", "payoffs": [[[1,7],[2,35]],[[0,0],[3,50]]]},
"G935": {"type": "Matrix2x2", "payoffs": [[[78,47],[14,0]],[[0,1],[61,12]]]},
"G936": {"type": "Matrix2x2", "payoffs": [[[28,0],[25,18]],[[29,20],[0,13]]]},
"G937": {"type": "Matrix2x2", "payoffs": [[[23,30],[4,3]],[[0,15],[2,0]]]},
"G938": {"type": "Matrix2x2", "payoffs": [[[27,41],[0,0]],[[25,10],[3,18]]]},
"G939": {"type": "Matrix2x2", "payoffs": [[[29,0],[60,92]],[[8,51],[0,63]]]},
"G940": {"type": "Matrix2x2", "payoffs": [[[27,51],[0,18]],[[16,0],[47,53]]]},
"G941": {"type": "Matrix2x2", "payoffs": [[[81,90],[35,86]],[[67,26],[0,0]]]},
"G942": {"type": "Matrix2x2", "payoffs": [[[7,15],[11,17]],[[13,33],[0,0]]]},
"G943": {"type": "Matrix2x2", "payoffs": [[[35,9],[95,62]],[[62,0],[0,46]]]},
"G944": {"type": "Matrix2x2", "payoffs": [[[0,0],[1,1]],[[2,10],[3,15]]]},
"G945": {"type": "Matrix2x2", "payoffs": [[[25,17],[7,11]],[[6,0],[0,15]]]},
"G946": {"type": "Matrix2x2", "payoffs": [[[14,61],[10,25]],[[2,0],[0,17]]]},
"G947": {"type": "Matrix2x2", "payoffs": [[[13,12],[19,38]],[[0,33],[15,0]]]},
"G948": {"type": "Matrix2x2", "payoffs": [[[33,70],[25,0]],[[77,89],[0,20]]]},
"G949": {"type": "Matrix2x2", "payoffs": [[[6,6],[55,8]],[[0,0],[66,10]]]},
"G950": {"type": "Matrix2x2", "payoffs": [[[0,3],[35,1]],[[77,5],[48,0]]]},
"G951": {"type": "Matrix2x2", "payoffs": [[[35,19],[0,23]],[[65,0],[66,29]]]},
"G952": {"type": "Matrix2x2", "payoffs": [[[8,64],[0,33]],[[22,93],[2,0]]]},
"G953": {"type": "Matrix2x2", "payoffs": [[[0,0],[4,17]],[[2,7],[11,19]]]},
"G954": {"type": "Matrix2x2", "payoffs": [[[0,0],[33,22]],[[14,16],[46,39]]]},
"G955": {"type": "Matrix2x2", "payoffs": [[[95,28],[90,27]],[[0,19],[27,0]]]},
"G956": {"type": "Matrix2x2", "payoffs": [[[63,0],[1,4]],[[75,66],[0,9]]]},
"G957": {"type": "Matrix2x2", "payoffs": [[[17,19],[0,0]],[[43,34],[39,31]]]},
"G958": {"type": "Matrix2x2", "payoffs": [[[0,0],[79,15]],[[58,10],[46,13]]]},
"G959": {"type": "Matrix2x2", "payoffs": [[[21,12],[97,29]],[[73,16],[0,0]]]},
"G960": {"type": "Matrix2x2", "payoffs": [[[83,32],[11,0]],[[0,2],[56,14]]]},
"G961": {"type": "Matrix2x2", "payoffs": [[[5,32],[0,8]],[[3,0],[29,40]]]},
"G962": {"type": "Matrix2x2", "payoffs": [[[7,0],[0,31]],[[54,38],[40,15]]]},
"G963": {"type": "Matrix2x2", "payoffs": [[[0,0],[33,6]],[[11,2],[14,4]]]},
"G964": {"type": "Matrix2x2", "payoffs": [[[4,22],[3,52]],[[0,0],[7,68]]]},
"G965": {"type": "Matrix2x2", "payoffs": [[[32,98],[1,63]],[[31,10],[0,0]]]},
"G966": {"type": "Matrix2x2", "payoffs": [[[0,42],[66,0]],[[23,5],[69,47]]]},
"G967": {"type": "Matrix2x2", "payoffs": [[[14,0],[0,58]],[[19,75],[34,96]]]},
"G968": {"type": "Matrix2x2", "payoffs": [[[7,0],[38,17]],[[0,9],[11,15]]]},
"G969": {"type": "Matrix2x2", "payoffs": [[[32,33],[10,0]],[[0,39],[89,51]]]},
"G970": {"type": "Matrix2x2", "payoffs": [[[19,9],[13,5]],[[0,8],[14,0]]]},
"G971": {"type": "Matrix2x2", "payoffs": [[[16,0],[0,24]],[[84,37],[82,3]]]},
"G972": {"type": "Matrix2x2", "payoffs": [[[0,0],[29,7]],[[16,29],[59,77]]]},
"G973": {"type": "Matrix2x2", "payoffs": [[[19,0],[0,22]],[[18,2],[33,34]]]},
"G974": {"type": "Matrix2x2", "payoffs": [[[6,8],[43,0]],[[0,2],[93,12]]]},
"G975": {"type": "Matrix2x2", "payoffs": [[[38,1],[4,0]],[[0,2],[45,3]]]},
"G976": {"type": "Matrix2x2", "payoffs": [[[41,0],[0,15]],[[48,24],[22,22]]]},
"G977": {"type": "Matrix2x2", "payoffs": [[[43,21],[8,0]],[[0,2],[10,16]]]},
"G978": {"type": "Matrix2x2", "payoffs": [[[55,0],[0,13]],[[5,10],[88,19]]]},
"G979": {"type": "Matrix2x2", "payoffs": [[[41,3],[0,25]],[[42,0],[62,39]]]},
"G980": {"type": "Matrix2x2", "payoffs": [[[19,48],[63,77]],[[0,26],[4,0]]]},
"G981": {"type": "Matrix2x2", "payoffs": [[[1,36],[5,64]],[[0,46],[2,0]]]},
"G982": {"type": "Matrix2x2", "payoffs": [[[45,32],[0,0]],[[73,92],[49,18]]]},
"G983": {"type": "Matrix2x2", "payoffs": [[[11,69],[0,74]],[[55,100],[35,0]]]},
"G984": {"type": "Matrix2x2", "payoffs": [[[0,0],[6,11]],[[1,64],[27,99]]]},
"G985": {"type": "Matrix2x2", "payoffs": [[[13,11],[14,73]],[[0,0],[10,14]]]},
"G986": {"type": "Matrix2x2", "payoffs": [[[21,4],[0,1]],[[79,7],[20,0]]]},
"G987": {"type": "Matrix2x2", "payoffs": [[[5,0],[0,1]],[[21,16],[29,21]]]},
"G988": {"type": "Matrix2x2", "payoffs": [[[0,5],[31,0]],[[3,18],[39,52]]]},
"G989": {"type": "Matrix2x2", "payoffs": [[[3,9],[21,68]],[[0,0],[20,25]]]},
"G990": {"type": "Matrix2x2", "payoffs": [[[11,9],[55,31]],[[3,13],[0,0]]]},
"G991": {"type": "Matrix2x2", "payoffs": [[[11,82],[0,0]],[[8,44],[7,11]]]},
"G992": {"type": "Matrix2x2", "payoffs": [[[41,72],[50,87]],[[2,0],[0,27]]]},
"G993": {"type": "Matrix2x2", "payoffs": [[[17,6],[13,0]],[[56,38],[0,36]]]},
"G994": {"type": "Matrix2x2", "payoffs": [[[1,0],[0,18]],[[34,31],[16,8]]]},
"G995": {"type": "Matrix2x2", "payoffs": [[[24,51],[0,0]],[[8,30],[20,16]]]},
"G996": {"type": "Matrix2x2", "payoffs": [[[0,0],[8,20]],[[21,21],[2,1]]]},
"G997": {"type": "Matrix2x2", "payoffs": [[[7,0],[12,11]],[[22,73],[0,16]]]},
"G998": {"type": "Matrix2x2", "payoffs": [[[0,0],[26,28]],[[52,62],[16,26]]]},
"G999": {"type": "Matrix2x2", "payoffs": [[[59,31],[0,17]],[[40,11],[45,0]]]},
"G1000": {"type": "Matrix2x2", "payoffs": [[[86,88],[29,0]],[[40,23],[0,30]]]}
}