{
"numGames": 1000,
"G1": {"type": "Matrix2x2", "payoffs": [[[11,0],[48,38]],[[49,62],[0,42]]]},
"G2": {"type": "Matrix2x2", "payoffs": [[[1,56],[84,92]],[[59,0],[0,49]]]},
"G3": {"type": "Matrix2x2", "payoffs": [[[1,23],[9,7]],[[0,0],[28,36]]]},
"G4": {"type": "Matrix2x2", "payoffs": [[[44,0],[66,35]],[[0,84],[81,87]]]},
"G5": {"type": "Matrix2x2", "payoffs": [[[21,78],[12,0]],[[0,46],[13,11]]]},
"G6": {"type": "Matrix2x2", "payoffs": [[[0,11],[25,0]],[[30,12],[23,6]]]},
"G7": {"type": "Matrix2x2", "payoffs": [[[0,0],[19,6]],[[25,1],[27,7]]]},
"G8": {"type": "Matrix2x2", "payoffs": [[[21,0],[60,86]],[[0,17],[10,2]]]},
"G9": {"type": "Matrix2x2", "payoffs": [[[12,0],[6,11]],[[0,9],[23,48]]]},
"G10": {"type": "Matrix2x2", "payoffs": [[[13,24],[0,2]],[[66,0],[97,58]]]},
"G11": {"type": "Matrix2x2", "payoffs": [[[0,2],[34,0]],[[26,25],[60,37]]]},
"G12": {"type": "Matrix2x2", "payoffs": [[[0,1],[3,2]],[[2,0],[6,3]]]},
"G13": {"type": "Matrix2x2", "payoffs": [[[0,8],[6,6]],[[64,17],[47,0]]]},
"G14": {"type": "Matrix2x2", "payoffs": [[[0,11],[83,5]],[[31,0],[86,33]]]},
"G15": {"type": "Matrix2x2", "payoffs": [[[0,3],[48,47]],[[44,43],[14,0]]]},
"G16": {"type": "Matrix2x2", "payoffs": [[[12,29],[31,42]],[[0,0],[6,2]]]},
"G17": {"type": "Matrix2x2", "payoffs": [[[6,71],[4,23]],[[5,0],[0,69]]]},
"G18": {"type": "Matrix2x2", "payoffs": [[[15,0],[57,94]],[[47,20],[0,88]]]},
"G19": {"type": "Matrix2x2", "payoffs": [[[0,0],[22,36]],[[29,6],[96,45]]]},
"G20": {"type": "Matrix2x2", "payoffs": [[[89,100],[20,0]],[[88,24],[0,23]]]},
"G21": {"type": "Matrix2x2", "payoffs": [[[3,94],[2,0]],[[1,26],[0,87]]]},
"G22": {"type": "Matrix2x2", "payoffs": [[[0,0],[22,26]],[[11,53],[69,82]]]},
"G23": {"type": "Matrix2x2", "payoffs": [[[19,19],[1,6]],[[17,1],[0,0]]]},
"G24": {"type": "Matrix2x2", "payoffs": [[[0,0],[54,43]],[[7,39],[91,45]]]},
"G25": {"type": "Matrix2x2", "payoffs": [[[45,16],[0,3]],[[35,8],[33,0]]]},
"G26": {"type": "Matrix2x2", "payoffs": [[[36,0],[24,24]],[[0,5],[56,25]]]},
"G27": {"type": "Matrix2x2", "payoffs": [[[98,93],[0,0]],[[25,56],[39,80]]]},
"G28": {"type": "Matrix2x2", "payoffs": [[[0,22],[77,30]],[[3,0],[19,25]]]},
"G29": {"type": "Matrix2x2", "payoffs": [[[26,1],[48,2]],[[57,21],[0,0]]]},
"G30": {"type": "Matrix2x2", "payoffs": [[[70,83],[0,0]],[[19,28],[4,10]]]},
"G31": {"type": "Matrix2x2", "payoffs": [[[0,90],[15,0]],[[72,92],[50,88]]]},
"G32": {"type": "Matrix2x2", "payoffs": [[[39,52],[63,72]],[[0,0],[12,68]]]},
"G33": {"type": "Matrix2x2", "payoffs": [[[100,59],[0,0]],[[38,20],[43,27]]]},
"G34": {"type": "Matrix2x2", "payoffs": [[[4,16],[3,1]],[[71,50],[0,0]]]},
"G35": {"type": "Matrix2x2", "payoffs": [[[0,14],[64,0]],[[44,25],[91,38]]]},
"G36": {"type": "Matrix2x2", "payoffs": [[[32,6],[4,0]],[[34,30],[0,28]]]},
"G37": {"type": "Matrix2x2", "payoffs": [[[1,0],[0,16]],[[3,62],[2,46]]]},
"G38": {"type": "Matrix2x2", "payoffs": [[[16,0],[0,25]],[[17,38],[15,11]]]},
"G39": {"type": "Matrix2x2", "payoffs": [[[22,12],[15,5]],[[0,0],[54,22]]]},
"G40": {"type": "Matrix2x2", "payoffs": [[[6,0],[0,64]],[[30,88],[9,47]]]},
"G41": {"type": "Matrix2x2", "payoffs": [[[8,0],[33,99]],[[31,21],[0,49]]]},
"G42": {"type": "Matrix2x2", "payoffs": [[[2,0],[32,89]],[[0,46],[9,84]]]},
"G43": {"type": "Matrix2x2", "payoffs": [[[0,12],[32,63]],[[41,78],[16,0]]]},
"G44": {"type": "Matrix2x2", "payoffs": [[[0,0],[26,79]],[[20,48],[10,37]]]},
"G45": {"type": "Matrix2x2", "payoffs": [[[2,3],[0,0]],[[42,5],[66,10]]]},
"G46": {"type": "Matrix2x2", "payoffs": [[[6,11],[21,0]],[[0,13],[25,19]]]},
"G47": {"type": "Matrix2x2", "payoffs": [[[99,19],[61,18]],[[0,17],[10,0]]]},
"G48": {"type": "Matrix2x2", "payoffs": [[[29,13],[10,1]],[[0,0],[95,29]]]},
"G49": {"type": "Matrix2x2", "payoffs": [[[0,0],[22,5]],[[6,72],[23,81]]]},
"G50": {"type": "Matrix2x2", "payoffs": [[[82,54],[21,45]],[[0,48],[4,0]]]},
"G51": {"type": "Matrix2x2", "payoffs": [[[51,0],[32,26]],[[65,37],[0,15]]]},
"G52": {"type": "Matrix2x2", "payoffs": [[[48,58],[12,0]],[[0,40],[44,41]]]},
"G53": {"type": "Matrix2x2", "payoffs": [[[26,25],[0,30]],[[65,71],[3,0]]]},
"G54": {"type": "Matrix2x2", "payoffs": [[[45,88],[8,51]],[[11,38],[0,0]]]},
"G55": {"type": "Matrix2x2", "payoffs": [[[0,0],[61,4]],[[38,68],[84,74]]]},
"G56": {"type": "Matrix2x2", "payoffs": [[[3,1],[4,28]],[[1,0],[0,26]]]},
"G57": {"type": "Matrix2x2", "payoffs": [[[20,3],[0,0]],[[49,2],[97,7]]]},
"G58": {"type": "Matrix2x2", "payoffs": [[[20,0],[0,48]],[[87,74],[9,22]]]},
"G59": {"type": "Matrix2x2", "payoffs": [[[0,39],[9,71]],[[31,99],[26,0]]]},
"G60": {"type": "Matrix2x2", "payoffs": [[[9,74],[0,32]],[[6,0],[3,27]]]},
"G61": {"type": "Matrix2x2", "payoffs": [[[27,79],[38,95]],[[33,74],[0,0]]]},
"G62": {"type": "Matrix2x2", "payoffs": [[[12,40],[0,57]],[[98,71],[24,0]]]},
"G63": {"type": "Matrix2x2", "payoffs": [[[50,8],[42,0]],[[24,2],[0,6]]]},
"G64": {"type": "Matrix2x2", "payoffs": [[[77,1],[0,0]],[[84,4],[80,3]]]},
"G65": {"type": "Matrix2x2", "payoffs": [[[20,29],[36,45]],[[64,72],[0,0]]]},
"G66": {"type": "Matrix2x2", "payoffs": [[[56,0],[67,4]],[[23,2],[0,1]]]},
"G67": {"type": "Matrix2x2", "payoffs": [[[21,18],[16,4]],[[23,33],[0,0]]]},
"G68": {"type": "Matrix2x2", "payoffs": [[[1,0],[0,72]],[[15,18],[29,99]]]},
"G69": {"type": "Matrix2x2", "payoffs": [[[0,45],[31,97]],[[17,0],[15,61]]]},
"G70": {"type": "Matrix2x2", "payoffs": [[[24,51],[19,35]],[[0,0],[15,36]]]},
"G71": {"type": "Matrix2x2", "payoffs": [[[0,21],[45,1]],[[76,0],[83,44]]]},
"G72": {"type": "Matrix2x2", "payoffs": [[[0,57],[34,0]],[[83,87],[41,48]]]},
"G73": {"type": "Matrix2x2", "payoffs": [[[68,90],[0,0]],[[10,79],[53,59]]]},
"G74": {"type": "Matrix2x2", "payoffs": [[[3,19],[16,0]],[[0,25],[17,59]]]},
"G75": {"type": "Matrix2x2", "payoffs": [[[86,11],[0,6]],[[26,0],[95,16]]]},
"G76": {"type": "Matrix2x2", "payoffs": [[[13,8],[0,21]],[[28,38],[8,0]]]},
"G77": {"type": "Matrix2x2", "payoffs": [[[88,85],[0,0]],[[58,56],[25,15]]]},
"G78": {"type": "Matrix2x2", "payoffs": [[[41,41],[23,36]],[[8,25],[0,0]]]},
"G79": {"type": "Matrix2x2", "payoffs": [[[46,24],[26,23]],[[43,0],[0,16]]]},
"G80": {"type": "Matrix2x2", "payoffs": [[[31,21],[7,1]],[[0,0],[12,19]]]},
"G81": {"type": "Matrix2x2", "payoffs": [[[7,0],[20,33]],[[14,23],[0,26]]]},
"G82": {"type": "Matrix2x2", "payoffs": [[[24,36],[41,93]],[[0,0],[15,19]]]},
"G83": {"type": "Matrix2x2", "payoffs": [[[0,0],[1,10]],[[2,28],[3,75]]]},
"G84": {"type": "Matrix2x2", "payoffs": [[[9,0],[25,10]],[[0,7],[7,8]]]},
"G85": {"type": "Matrix2x2", "payoffs": [[[18,82],[0,0]],[[9,78],[13,11]]]},
"G86": {"type": "Matrix2x2", "payoffs": [[[5,9],[2,0]],[[4,1],[0,8]]]},
"G87": {"type": "Matrix2x2", "payoffs": [[[0,0],[26,3]],[[38,1],[43,10]]]},
"G88": {"type": "Matrix2x2", "payoffs": [[[0,10],[25,87]],[[6,0],[14,13]]]},
"G89": {"type": "Matrix2x2", "payoffs": [[[50,41],[0,90]],[[67,0],[74,94]]]},
"G90": {"type": "Matrix2x2", "payoffs": [[[71,68],[70,0]],[[0,41],[100,70]]]},
"G91": {"type": "Matrix2x2", "payoffs": [[[1,31],[3,45]],[[2,39],[0,0]]]},
"G92": {"type": "Matrix2x2", "payoffs": [[[13,0],[0,21]],[[32,22],[14,16]]]},
"G93": {"type": "Matrix2x2", "payoffs": [[[1,0],[14,93]],[[13,64],[0,45]]]},
"G94": {"type": "Matrix2x2", "payoffs": [[[18,66],[23,83]],[[7,37],[0,0]]]},
"G95": {"type": "Matrix2x2", "payoffs": [[[1,0],[3,87]],[[2,24],[0,7]]]},
"G96": {"type": "Matrix2x2", "payoffs": [[[38,0],[0,6]],[[41,39],[40,16]]]},
"G97": {"type": "Matrix2x2", "payoffs": [[[68,51],[9,0]],[[0,38],[18,18]]]},
"G98": {"type": "Matrix2x2", "payoffs": [[[21,27],[0,0]],[[92,73],[73,22]]]},
"G99": {"type": "Matrix2x2", "payoffs": [[[40,63],[19,0]],[[8,59],[0,17]]]},
"G100": {"type": "Matrix2x2", "payoffs": [[[24,47],[2,5]],[[23,0],[0,39]]]},
"G101": {"type": "Matrix2x2", "payoffs": [[[13,0],[44,21]],[[21,3],[0,14]]]},
"G102": {"type": "Matrix2x2", "payoffs": [[[61,48],[58,28]],[[37,8],[0,0]]]},
"G103": {"type": "Matrix2x2", "payoffs": [[[0,4],[69,10]],[[13,0],[38,5]]]},
"G104": {"type": "Matrix2x2", "payoffs": [[[1,0],[23,16]],[[95,24],[0,23]]]},
"G105": {"type": "Matrix2x2", "payoffs": [[[0,0],[5,17]],[[22,9],[35,54]]]},
"G106": {"type": "Matrix2x2", "payoffs": [[[42,37],[40,0]],[[0,15],[36,26]]]},
"G107": {"type": "Matrix2x2", "payoffs": [[[44,28],[0,0]],[[54,50],[71,76]]]},
"G108": {"type": "Matrix2x2", "payoffs": [[[24,0],[0,30]],[[47,54],[31,40]]]},
"G109": {"type": "Matrix2x2", "payoffs": [[[41,6],[18,0]],[[42,10],[0,5]]]},
"G110": {"type": "Matrix2x2", "payoffs": [[[1,50],[50,29]],[[87,82],[0,0]]]},
"G111": {"type": "Matrix2x2", "payoffs": [[[80,63],[58,27]],[[26,0],[0,36]]]},
"G112": {"type": "Matrix2x2", "payoffs": [[[13,2],[2,0]],[[14,17],[0,11]]]},
"G113": {"type": "Matrix2x2", "payoffs": [[[2,59],[9,78]],[[0,11],[7,0]]]},
"G114": {"type": "Matrix2x2", "payoffs": [[[59,15],[0,0]],[[65,9],[82,32]]]},
"G115": {"type": "Matrix2x2", "payoffs": [[[0,24],[77,77]],[[58,30],[12,0]]]},
"G116": {"type": "Matrix2x2", "payoffs": [[[13,14],[95,81]],[[0,23],[91,0]]]},
"G117": {"type": "Matrix2x2", "payoffs": [[[0,15],[5,18]],[[9,0],[14,35]]]},
"G118": {"type": "Matrix2x2", "payoffs": [[[70,28],[0,0]],[[47,18],[53,25]]]},
"G119": {"type": "Matrix2x2", "payoffs": [[[0,23],[38,0]],[[5,21],[47,49]]]},
"G120": {"type": "Matrix2x2", "payoffs": [[[8,0],[0,1]],[[16,5],[19,14]]]},
"G121": {"type": "Matrix2x2", "payoffs": [[[0,0],[2,13]],[[7,46],[1,8]]]},
"G122": {"type": "Matrix2x2", "payoffs": [[[62,42],[15,20]],[[0,41],[59,0]]]},
"G123": {"type": "Matrix2x2", "payoffs": [[[92,63],[80,32]],[[82,47],[0,0]]]},
"G124": {"type": "Matrix2x2", "payoffs": [[[18,17],[0,0]],[[84,31],[40,28]]]},
"G125": {"type": "Matrix2x2", "payoffs": [[[16,37],[72,89]],[[60,0],[0,16]]]},
"G126": {"type": "Matrix2x2", "payoffs": [[[88,14],[0,10]],[[24,0],[51,6]]]},
"G127": {"type": "Matrix2x2", "payoffs": [[[3,0],[10,28]],[[8,8],[0,16]]]},
"G128": {"type": "Matrix2x2", "payoffs": [[[21,34],[41,25]],[[0,0],[65,85]]]},
"G129": {"type": "Matrix2x2", "payoffs": [[[39,18],[0,17]],[[11,3],[1,0]]]},
"G130": {"type": "Matrix2x2", "payoffs": [[[45,0],[0,3]],[[31,2],[47,4]]]},
"G131": {"type": "Matrix2x2", "payoffs": [[[0,0],[74,36]],[[83,39],[80,24]]]},
"G132": {"type": "Matrix2x2", "payoffs": [[[0,0],[20,3]],[[75,92],[55,76]]]},
"G133": {"type": "Matrix2x2", "payoffs": [[[71,74],[0,60]],[[41,0],[34,33]]]},
"G134": {"type": "Matrix2x2", "payoffs": [[[30,17],[21,66]],[[0,0],[31,69]]]},
"G135": {"type": "Matrix2x2", "payoffs": [[[72,28],[0,0]],[[75,35],[85,56]]]},
"G136": {"type": "Matrix2x2", "payoffs": [[[91,55],[22,15]],[[82,0],[0,44]]]},
"G137": {"type": "Matrix2x2", "payoffs": [[[15,74],[3,0]],[[0,8],[6,2]]]},
"G138": {"type": "Matrix2x2", "payoffs": [[[2,6],[4,15]],[[0,0],[5,19]]]},
"G139": {"type": "Matrix2x2", "payoffs": [[[0,55],[2,54]],[[55,72],[47,0]]]},
"G140": {"type": "Matrix2x2", "payoffs": [[[0,47],[5,79]],[[9,81],[6,0]]]},
"G141": {"type": "Matrix2x2", "payoffs": [[[9,58],[0,52]],[[62,77],[42,0]]]},
"G142": {"type": "Matrix2x2", "payoffs": [[[10,19],[0,0]],[[4,4],[62,24]]]},
"G143": {"type": "Matrix2x2", "payoffs": [[[26,14],[8,8]],[[0,9],[18,0]]]},
"G144": {"type": "Matrix2x2", "payoffs": [[[0,18],[74,0]],[[13,13],[93,21]]]},
"G145": {"type": "Matrix2x2", "payoffs": [[[0,8],[36,10]],[[41,0],[63,13]]]},
"G146": {"type": "Matrix2x2", "payoffs": [[[0,26],[11,0]],[[64,69],[28,46]]]},
"G147": {"type": "Matrix2x2", "payoffs": [[[22,0],[11,5]],[[26,6],[0,4]]]},
"G148": {"type": "Matrix2x2", "payoffs": [[[7,18],[0,5]],[[27,28],[5,0]]]},
"G149": {"type": "Matrix2x2", "payoffs": [[[4,34],[5,0]],[[11,69],[0,31]]]},
"G150": {"type": "Matrix2x2", "payoffs": [[[5,51],[11,0]],[[28,76],[0,37]]]},
"G151": {"type": "Matrix2x2", "payoffs": [[[0,4],[87,91]],[[21,76],[57,0]]]},
"G152": {"type": "Matrix2x2", "payoffs": [[[20,7],[33,67]],[[0,21],[7,0]]]},
"G153": {"type": "Matrix2x2", "payoffs": [[[1,0],[0,22]],[[40,97],[26,68]]]},
"G154": {"type": "Matrix2x2", "payoffs": [[[0,6],[42,16]],[[17,0],[44,43]]]},
"G155": {"type": "Matrix2x2", "payoffs": [[[9,0],[12,86]],[[4,11],[0,68]]]},
"G156": {"type": "Matrix2x2", "payoffs": [[[14,84],[0,51]],[[12,38],[5,0]]]},
"G157": {"type": "Matrix2x2", "payoffs": [[[10,0],[13,74]],[[0,32],[4,25]]]},
"G158": {"type": "Matrix2x2", "payoffs": [[[19,48],[10,30]],[[0,41],[7,0]]]},
"G159": {"type": "Matrix2x2", "payoffs": [[[27,0],[0,4]],[[99,52],[62,40]]]},
"G160": {"type": "Matrix2x2", "payoffs": [[[76,15],[94,71]],[[89,61],[0,0]]]},
"G161": {"type": "Matrix2x2", "payoffs": [[[22,0],[19,6]],[[37,12],[0,4]]]},
"G162": {"type": "Matrix2x2", "payoffs": [[[24,78],[3,48]],[[20,0],[0,13]]]},
"G163": {"type": "Matrix2x2", "payoffs": [[[24,27],[0,9]],[[11,0],[5,26]]]},
"G164": {"type": "Matrix2x2", "payoffs": [[[16,23],[12,8]],[[17,41],[0,0]]]},
"G165": {"type": "Matrix2x2", "payoffs": [[[2,0],[3,2]],[[0,1],[15,4]]]},
"G166": {"type": "Matrix2x2", "payoffs": [[[79,92],[44,72]],[[0,0],[49,39]]]},
"G167": {"type": "Matrix2x2", "payoffs": [[[18,1],[27,3]],[[22,0],[0,2]]]},
"G168": {"type": "Matrix2x2", "payoffs": [[[0,0],[8,27]],[[74,30],[33,11]]]},
"G169": {"type": "Matrix2x2", "payoffs": [[[15,4],[32,21]],[[10,20],[0,0]]]},
"G170": {"type": "Matrix2x2", "payoffs": [[[4,0],[15,27]],[[7,13],[0,14]]]},
"G171": {"type": "Matrix2x2", "payoffs": [[[0,5],[21,11]],[[14,9],[16,0]]]},
"G172": {"type": "Matrix2x2", "payoffs": [[[4,33],[44,0]],[[0,68],[47,83]]]},
"G173": {"type": "Matrix2x2", "payoffs": [[[15,0],[0,44]],[[8,13],[26,71]]]},
"G174": {"type": "Matrix2x2", "payoffs": [[[31,27],[37,40]],[[0,0],[49,49]]]},
"G175": {"type": "Matrix2x2", "payoffs": [[[18,50],[7,43]],[[19,89],[0,0]]]},
"G176": {"type": "Matrix2x2", "payoffs": [[[80,24],[0,11]],[[61,0],[76,23]]]},
"G177": {"type": "Matrix2x2", "payoffs": [[[92,41],[0,0]],[[12,7],[52,4]]]},
"G178": {"type": "Matrix2x2", "payoffs": [[[0,51],[13,69]],[[7,0],[10,32]]]},
"G179": {"type": "Matrix2x2", "payoffs": [[[21,0],[28,55]],[[0,31],[18,53]]]},
"G180": {"type": "Matrix2x2", "payoffs": [[[0,50],[12,1]],[[23,73],[8,0]]]},
"G181": {"type": "Matrix2x2", "payoffs": [[[0,67],[94,71]],[[74,46],[62,0]]]},
"G182": {"type": "Matrix2x2", "payoffs": [[[0,7],[13,0]],[[19,41],[42,42]]]},
"G183": {"type": "Matrix2x2", "payoffs": [[[4,83],[0,0]],[[42,97],[12,34]]]},
"G184": {"type": "Matrix2x2", "payoffs": [[[48,0],[74,27]],[[0,17],[66,5]]]},
"G185": {"type": "Matrix2x2", "payoffs": [[[44,18],[16,3]],[[31,0],[0,5]]]},
"G186": {"type": "Matrix2x2", "payoffs": [[[68,82],[13,59]],[[0,0],[32,44]]]},
"G187": {"type": "Matrix2x2", "payoffs": [[[69,13],[34,6]],[[53,11],[0,0]]]},
"G188": {"type": "Matrix2x2", "payoffs": [[[13,1],[22,25]],[[0,0],[25,31]]]},
"G189": {"type": "Matrix2x2", "payoffs": [[[22,92],[20,78]],[[0,64],[6,0]]]},
"G190": {"type": "Matrix2x2", "payoffs": [[[0,2],[23,0]],[[2,46],[82,58]]]},
"G191": {"type": "Matrix2x2", "payoffs": [[[56,42],[1,4]],[[11,0],[0,35]]]},
"G192": {"type": "Matrix2x2", "payoffs": [[[0,9],[51,33]],[[9,0],[28,14]]]},
"G193": {"type": "Matrix2x2", "payoffs": [[[4,65],[2,6]],[[0,11],[1,0]]]},
"G194": {"type": "Matrix2x2", "payoffs": [[[4,0],[29,17]],[[32,57],[0,48]]]},
"G195": {"type": "Matrix2x2", "payoffs": [[[4,0],[0,48]],[[1,3],[8,72]]]},
"G196": {"type": "Matrix2x2", "payoffs": [[[40,15],[78,28]],[[0,27],[52,0]]]},
"G197": {"type": "Matrix2x2", "payoffs": [[[0,31],[28,0]],[[54,88],[11,85]]]},
"G198": {"type": "Matrix2x2", "payoffs": [[[49,1],[0,0]],[[84,7],[70,4]]]},
"G199": {"type": "Matrix2x2", "payoffs": [[[36,0],[0,25]],[[37,41],[17,39]]]},
"G200": {"type": "Matrix2x2", "payoffs": [[[31,0],[51,6]],[[21,3],[0,2]]]},
"G201": {"type": "Matrix2x2", "payoffs": [[[0,1],[6,24]],[[28,46],[21,0]]]},
"G202": {"type": "Matrix2x2", "payoffs": [[[7,1],[0,2]],[[36,0],[44,3]]]},
"G203": {"type": "Matrix2x2", "payoffs": [[[31,81],[0,46]],[[47,98],[35,0]]]},
"G204": {"type": "Matrix2x2", "payoffs": [[[0,9],[41,42]],[[25,36],[22,0]]]},
"G205": {"type": "Matrix2x2", "payoffs": [[[29,74],[31,98]],[[13,0],[0,39]]]},
"G206": {"type": "Matrix2x2", "payoffs": [[[7,2],[0,1]],[[9,43],[1,0]]]},
"G207": {"type": "Matrix2x2", "payoffs": [[[40,72],[26,33]],[[19,0],[0,59]]]},
"G208": {"type": "Matrix2x2", "payoffs": [[[0,16],[40,0]],[[74,30],[56,14]]]},
"G209": {"type": "Matrix2x2", "payoffs": [[[9,3],[0,2]],[[50,13],[33,0]]]},
"G210": {"type": "Matrix2x2", "payoffs": [[[12,53],[0,0]],[[31,99],[23,23]]]},
"G211": {"type": "Matrix2x2", "payoffs": [[[12,15],[0,0]],[[41,87],[21,28]]]},
"G212": {"type": "Matrix2x2", "payoffs": [[[66,3],[12,4]],[[0,0],[82,5]]]},
"G213": {"type": "Matrix2x2", "payoffs": [[[0,15],[31,33]],[[41,47],[10,0]]]},
"G214": {"type": "Matrix2x2", "payoffs": [[[8,38],[23,80]],[[0,0],[4,16]]]},
"G215": {"type": "Matrix2x2", "payoffs": [[[20,51],[39,24]],[[0,0],[44,64]]]},
"G216": {"type": "Matrix2x2", "payoffs": [[[21,0],[54,90]],[[0,37],[81,91]]]},
"G217": {"type": "Matrix2x2", "payoffs": [[[0,10],[18,0]],[[48,53],[22,21]]]},
"G218": {"type": "Matrix2x2", "payoffs": [[[33,0],[0,83]],[[16,19],[69,94]]]},
"G219": {"type": "Matrix2x2", "payoffs": [[[37,1],[0,0]],[[56,43],[54,33]]]},
"G220": {"type": "Matrix2x2", "payoffs": [[[51,10],[16,0]],[[0,17],[92,58]]]},
"G221": {"type": "Matrix2x2", "payoffs": [[[22,1],[10,13]],[[0,0],[64,14]]]},
"G222": {"type": "Matrix2x2", "payoffs": [[[45,7],[56,37]],[[0,0],[9,18]]]},
"G223": {"type": "Matrix2x2", "payoffs": [[[51,95],[0,0]],[[9,36],[60,98]]]},
"G224": {"type": "Matrix2x2", "payoffs": [[[32,19],[14,0]],[[0,6],[41,39]]]},
"G225": {"type": "Matrix2x2", "payoffs": [[[30,0],[36,19]],[[0,18],[22,15]]]},
"G226": {"type": "Matrix2x2", "payoffs": [[[54,0],[0,40]],[[69,48],[86,86]]]},
"G227": {"type": "Matrix2x2", "payoffs": [[[28,0],[0,37]],[[6,39],[50,58]]]},
"G228": {"type": "Matrix2x2", "payoffs": [[[0,0],[36,28]],[[16,3],[3,11]]]},
"G229": {"type": "Matrix2x2", "payoffs": [[[46,15],[47,0]],[[0,71],[69,83]]]},
"G230": {"type": "Matrix2x2", "payoffs": [[[22,0],[41,98]],[[0,23],[20,20]]]},
"G231": {"type": "Matrix2x2", "payoffs": [[[75,31],[0,0]],[[68,5],[32,4]]]},
"G232": {"type": "Matrix2x2", "payoffs": [[[24,78],[1,52]],[[0,0],[17,38]]]},
"G233": {"type": "Matrix2x2", "payoffs": [[[0,93],[66,4]],[[64,0],[90,98]]]},
"G234": {"type": "Matrix2x2", "payoffs": [[[0,0],[2,5]],[[1,8],[3,32]]]},
"G235": {"type": "Matrix2x2", "payoffs": [[[8,94],[9,95]],[[0,0],[7,4]]]},
"G236": {"type": "Matrix2x2", "payoffs": [[[45,21],[0,13]],[[2,0],[34,12]]]},
"G237": {"type": "Matrix2x2", "payoffs": [[[86,0],[0,73]],[[79,23],[98,74]]]},
"G238": {"type": "Matrix2x2", "payoffs": [[[32,0],[69,47]],[[0,19],[17,14]]]},
"G239": {"type": "Matrix2x2", "payoffs": [[[74,1],[75,2]],[[91,3],[0,0]]]},
"G240": {"type": "Matrix2x2", "payoffs": [[[18,42],[82,44]],[[0,13],[22,0]]]},
"G241": {"type": "Matrix2x2", "payoffs": [[[81,87],[0,0]],[[8,36],[79,17]]]},
"G242": {"type": "Matrix2x2", "payoffs": [[[53,3],[0,5]],[[60,34],[25,0]]]},
"G243": {"type": "Matrix2x2", "payoffs": [[[33,0],[0,10]],[[37,39],[1,21]]]},
"G244": {"type": "Matrix2x2", "payoffs": [[[46,89],[0,88]],[[4,83],[42,0]]]},
"G245": {"type": "Matrix2x2", "payoffs": [[[0,4],[5,10]],[[3,0],[6,15]]]},
"G246": {"type": "Matrix2x2", "payoffs": [[[39,0],[0,9]],[[53,31],[26,18]]]},
"G247": {"type": "Matrix2x2", "payoffs": [[[10,31],[8,0]],[[2,19],[0,29]]]},
"G248": {"type": "Matrix2x2", "payoffs": [[[21,27],[67,0]],[[0,43],[78,98]]]},
"G249": {"type": "Matrix2x2", "payoffs": [[[59,43],[0,20]],[[52,0],[22,11]]]},
"G250": {"type": "Matrix2x2", "payoffs": [[[68,6],[82,1]],[[91,10],[0,0]]]},
"G251": {"type": "Matrix2x2", "payoffs": [[[0,15],[40,17]],[[22,12],[34,0]]]},
"G252": {"type": "Matrix2x2", "payoffs": [[[0,44],[89,48]],[[31,3],[81,0]]]},
"G253": {"type": "Matrix2x2", "payoffs": [[[8,0],[50,20]],[[0,2],[26,18]]]},
"G254": {"type": "Matrix2x2", "payoffs": [[[3,69],[0,0]],[[5,85],[1,13]]]},
"G255": {"type": "Matrix2x2", "payoffs": [[[0,54],[46,4]],[[26,0],[71,74]]]},
"G256": {"type": "Matrix2x2", "payoffs": [[[15,10],[0,0]],[[1,11],[21,19]]]},
"G257": {"type": "Matrix2x2", "payoffs": [[[5,39],[0,0]],[[4,5],[1,8]]]},
"G258": {"type": "Matrix2x2", "payoffs": [[[79,50],[0,65]],[[74,0],[84,68]]]},
"G259": {"type": "Matrix2x2", "payoffs": [[[91,7],[83,28]],[[93,41],[0,0]]]},
"G260": {"type": "Matrix2x2", "payoffs": [[[0,42],[19,46]],[[78,0],[83,67]]]},
"G261": {"type": "Matrix2x2", "payoffs": [[[15,27],[0,0]],[[1,18],[11,8]]]},
"G262": {"type": "Matrix2x2", "payoffs": [[[8,12],[0,40]],[[10,46],[2,0]]]},
"G263": {"type": "Matrix2x2", "payoffs": [[[38,80],[0,12]],[[31,0],[12,36]]]},
"G264": {"type": "Matrix2x2", "payoffs": [[[0,42],[8,0]],[[31,95],[25,89]]]},
"G265": {"type": "Matrix2x2", "payoffs": [[[8,65],[7,2]],[[0,0],[6,37]]]},
"G266": {"type": "Matrix2x2", "payoffs": [[[36,1],[12,3]],[[57,4],[0,0]]]},
"G267": {"type": "Matrix2x2", "payoffs": [[[78,8],[29,1]],[[0,5],[61,0]]]},
"G268": {"type": "Matrix2x2", "payoffs": [[[3,0],[0,1]],[[94,61],[76,30]]]},
"G269": {"type": "Matrix2x2", "payoffs": [[[58,16],[77,31]],[[15,30],[0,0]]]},
"G270": {"type": "Matrix2x2", "payoffs": [[[0,2],[45,5]],[[21,3],[15,0]]]},
"G271": {"type": "Matrix2x2", "payoffs": [[[6,15],[22,17]],[[0,0],[42,23]]]},
"G272": {"type": "Matrix2x2", "payoffs": [[[23,21],[12,0]],[[5,11],[0,1]]]},
"G273": {"type": "Matrix2x2", "payoffs": [[[0,0],[7,19]],[[4,14],[6,10]]]},
"G274": {"type": "Matrix2x2", "payoffs": [[[4,51],[7,28]],[[0,0],[20,98]]]},
"G275": {"type": "Matrix2x2", "payoffs": [[[84,17],[30,10]],[[0,0],[85,23]]]},
"G276": {"type": "Matrix2x2", "payoffs": [[[0,18],[24,49]],[[27,0],[30,61]]]},
"G277": {"type": "Matrix2x2", "payoffs": [[[27,36],[0,0]],[[44,39],[10,12]]]},
"G278": {"type": "Matrix2x2", "payoffs": [[[4,10],[0,0]],[[16,38],[20,41]]]},
"G279": {"type": "Matrix2x2", "payoffs": [[[1,10],[8,18]],[[0,0],[4,4]]]},
"G280": {"type": "Matrix2x2", "payoffs": [[[16,43],[25,85]],[[9,79],[0,0]]]},
"G281": {"type": "Matrix2x2", "payoffs": [[[9,7],[3,0]],[[11,57],[0,16]]]},
"G282": {"type": "Matrix2x2", "payoffs": [[[28,4],[44,58]],[[0,0],[56,87]]]},
"G283": {"type": "Matrix2x2", "payoffs": [[[0,11],[36,0]],[[26,2],[37,15]]]},
"G284": {"type": "Matrix2x2", "payoffs": [[[90,15],[85,0]],[[0,10],[16,4]]]},
"G285": {"type": "Matrix2x2", "payoffs": [[[7,90],[8,92]],[[0,75],[6,0]]]},
"G286": {"type": "Matrix2x2", "payoffs": [[[7,10],[0,0]],[[43,47],[40,35]]]},
"G287": {"type": "Matrix2x2", "payoffs": [[[11,79],[0,39]],[[8,56],[5,0]]]},
"G288": {"type": "Matrix2x2", "payoffs": [[[55,11],[82,29]],[[0,18],[71,0]]]},
"G289": {"type": "Matrix2x2", "payoffs": [[[0,12],[26,4]],[[60,13],[58,0]]]},
"G290": {"type": "Matrix2x2", "payoffs": [[[0,0],[48,64]],[[57,73],[15,53]]]},
"G291": {"type": "Matrix2x2", "payoffs": [[[24,79],[22,8]],[[13,0],[0,42]]]},
"G292": {"type": "Matrix2x2", "payoffs": [[[92,10],[0,6]],[[41,0],[91,3]]]},
"G293": {"type": "Matrix2x2", "payoffs": [[[32,0],[58,7]],[[0,1],[67,10]]]},
"G294": {"type": "Matrix2x2", "payoffs": [[[44,15],[7,5]],[[5,0],[0,12]]]},
"G295": {"type": "Matrix2x2", "payoffs": [[[6,79],[5,16]],[[0,0],[4,24]]]},
"G296": {"type": "Matrix2x2", "payoffs": [[[0,52],[20,61]],[[11,26],[18,0]]]},
"G297": {"type": "Matrix2x2", "payoffs": [[[36,0],[40,73]],[[0,44],[31,42]]]},
"G298": {"type": "Matrix2x2", "payoffs": [[[88,60],[25,26]],[[0,0],[4,15]]]},
"G299": {"type": "Matrix2x2", "payoffs": [[[36,78],[9,42]],[[0,68],[25,0]]]},
"G300": {"type": "Matrix2x2", "payoffs": [[[0,0],[7,14]],[[34,8],[51,16]]]},
"G301": {"type": "Matrix2x2", "payoffs": [[[29,58],[68,59]],[[0,0],[81,73]]]},
"G302": {"type": "Matrix2x2", "payoffs": [[[81,58],[77,16]],[[92,70],[0,0]]]},
"G303": {"type": "Matrix2x2", "payoffs": [[[66,5],[65,2]],[[0,0],[86,13]]]},
"G304": {"type": "Matrix2x2", "payoffs": [[[11,0],[31,92]],[[21,64],[0,79]]]},
"G305": {"type": "Matrix2x2", "payoffs": [[[4,51],[0,18]],[[3,0],[2,50]]]},
"G306": {"type": "Matrix2x2", "payoffs": [[[24,38],[0,0]],[[6,15],[2,11]]]},
"G307": {"type": "Matrix2x2", "payoffs": [[[65,0],[0,50]],[[61,86],[87,87]]]},
"G308": {"type": "Matrix2x2", "payoffs": [[[40,16],[0,11]],[[29,4],[19,0]]]},
"G309": {"type": "Matrix2x2", "payoffs": [[[20,21],[0,0]],[[44,67],[41,6]]]},
"G310": {"type": "Matrix2x2", "payoffs": [[[83,15],[0,8]],[[3,0],[63,1]]]},
"G311": {"type": "Matrix2x2", "payoffs": [[[45,19],[0,16]],[[12,0],[31,15]]]},
"G312": {"type": "Matrix2x2", "payoffs": [[[16,0],[0,1]],[[18,61],[30,68]]]},
"G313": {"type": "Matrix2x2", "payoffs": [[[0,42],[68,74]],[[39,3],[55,0]]]},
"G314": {"type": "Matrix2x2", "payoffs": [[[0,8],[8,0]],[[16,14],[20,29]]]},
"G315": {"type": "Matrix2x2", "payoffs": [[[54,73],[36,0]],[[48,50],[0,26]]]},
"G316": {"type": "Matrix2x2", "payoffs": [[[32,14],[38,2]],[[0,0],[59,17]]]},
"G317": {"type": "Matrix2x2", "payoffs": [[[9,2],[6,5]],[[0,0],[19,40]]]},
"G318": {"type": "Matrix2x2", "payoffs": [[[18,72],[60,99]],[[1,78],[0,0]]]},
"G319": {"type": "Matrix2x2", "payoffs": [[[0,0],[51,7]],[[42,10],[57,18]]]},
"G320": {"type": "Matrix2x2", "payoffs": [[[0,63],[2,0]],[[3,99],[1,11]]]},
"G321": {"type": "Matrix2x2", "payoffs": [[[82,16],[0,3]],[[15,7],[21,0]]]},
"G322": {"type": "Matrix2x2", "payoffs": [[[0,4],[30,3]],[[88,6],[48,0]]]},
"G323": {"type": "Matrix2x2", "payoffs": [[[0,0],[65,68]],[[53,23],[86,96]]]},
"G324": {"type": "Matrix2x2", "payoffs": [[[7,77],[6,0]],[[5,60],[0,25]]]},
"G325": {"type": "Matrix2x2", "payoffs": [[[0,80],[19,96]],[[16,27],[18,0]]]},
"G326": {"type": "Matrix2x2", "payoffs": [[[13,2],[23,0]],[[30,15],[0,6]]]},
"G327": {"type": "Matrix2x2", "payoffs": [[[34,14],[0,3]],[[28,4],[6,0]]]},
"G328": {"type": "Matrix2x2", "payoffs": [[[43,6],[47,13]],[[0,4],[30,0]]]},
"G329": {"type": "Matrix2x2", "payoffs": [[[83,11],[0,0]],[[95,44],[85,3]]]},
"G330": {"type": "Matrix2x2", "payoffs": [[[0,74],[15,90]],[[16,91],[3,0]]]},
"G331": {"type": "Matrix2x2", "payoffs": [[[20,92],[65,93]],[[51,31],[0,0]]]},
"G332": {"type": "Matrix2x2", "payoffs": [[[0,8],[2,0]],[[4,20],[1,14]]]},
"G333": {"type": "Matrix2x2", "payoffs": [[[0,1],[23,4]],[[18,3],[15,0]]]},
"G334": {"type": "Matrix2x2", "payoffs": [[[8,0],[9,2]],[[11,25],[0,12]]]},
"G335": {"type": "Matrix2x2", "payoffs": [[[37,100],[9,18]],[[0,0],[11,29]]]},
"G336": {"type": "Matrix2x2", "payoffs": [[[62,0],[18,47]],[[66,74],[0,55]]]},
"G337": {"type": "Matrix2x2", "payoffs": [[[50,86],[14,8]],[[0,0],[60,90]]]},
"G338": {"type": "Matrix2x2", "payoffs": [[[1,1],[0,0]],[[3,4],[2,3]]]},
"G339": {"type": "Matrix2x2", "payoffs": [[[71,65],[59,11]],[[40,0],[0,51]]]},
"G340": {"type": "Matrix2x2", "payoffs": [[[8,8],[13,39]],[[0,0],[12,14]]]},
"G341": {"type": "Matrix2x2", "payoffs": [[[52,23],[80,53]],[[0,3],[73,0]]]},
"G342": {"type": "Matrix2x2", "payoffs": [[[33,69],[14,25]],[[0,0],[34,77]]]},
"G343": {"type": "Matrix2x2", "payoffs": [[[15,12],[45,34]],[[0,0],[51,45]]]},
"G344": {"type": "Matrix2x2", "payoffs": [[[13,12],[0,15]],[[35,0],[90,38]]]},
"G345": {"type": "Matrix2x2", "payoffs": [[[76,67],[35,0]],[[87,91],[0,78]]]},
"G346": {"type": "Matrix2x2", "payoffs": [[[35,60],[26,41]],[[0,0],[22,35]]]},
"G347": {"type": "Matrix2x2", "payoffs": [[[0,0],[47,4]],[[96,40],[98,58]]]},
"G348": {"type": "Matrix2x2", "payoffs": [[[60,74],[38,35]],[[24,0],[0,41]]]},
"G349": {"type": "Matrix2x2", "payoffs": [[[100,12],[3,0]],[[0,6],[21,4]]]},
"G350": {"type": "Matrix2x2", "payoffs": [[[0,23],[33,18]],[[28,0],[92,30]]]},
"G351": {"type": "Matrix2x2", "payoffs": [[[0,0],[32,44]],[[94,60],[85,7]]]},
"G352": {"type": "Matrix2x2", "payoffs": [[[5,56],[2,30]],[[25,66],[0,0]]]},
"G353": {"type": "Matrix2x2", "payoffs": [[[13,0],[0,28]],[[61,48],[47,35]]]},
"G354": {"type": "Matrix2x2", "payoffs": [[[0,0],[25,7]],[[28,19],[10,12]]]},
"G355": {"type": "Matrix2x2", "payoffs": [[[0,0],[4,12]],[[18,17],[43,57]]]},
"G356": {"type": "Matrix2x2", "payoffs": [[[20,0],[0,6]],[[61,2],[63,43]]]},
"G357": {"type": "Matrix2x2", "payoffs": [[[8,62],[6,53]],[[12,75],[0,0]]]},
"G358": {"type": "Matrix2x2", "payoffs": [[[98,17],[0,8]],[[87,16],[49,0]]]},
"G359": {"type": "Matrix2x2", "payoffs": [[[8,0],[10,7]],[[0,21],[11,92]]]},
"G360": {"type": "Matrix2x2", "payoffs": [[[12,14],[0,11]],[[18,0],[26,34]]]},
"G361": {"type": "Matrix2x2", "payoffs": [[[21,7],[100,26]],[[0,0],[57,20]]]},
"G362": {"type": "Matrix2x2", "payoffs": [[[0,0],[36,61]],[[82,44],[84,74]]]},
"G363": {"type": "Matrix2x2", "payoffs": [[[74,56],[99,65]],[[2,59],[0,0]]]},
"G364": {"type": "Matrix2x2", "payoffs": [[[0,23],[30,20]],[[29,0],[39,70]]]},
"G365": {"type": "Matrix2x2", "payoffs": [[[13,0],[37,94]],[[20,81],[0,69]]]},
"G366": {"type": "Matrix2x2", "payoffs": [[[4,24],[25,0]],[[0,19],[47,43]]]},
"G367": {"type": "Matrix2x2", "payoffs": [[[14,0],[36,73]],[[4,60],[0,7]]]},
"G368": {"type": "Matrix2x2", "payoffs": [[[30,43],[55,46]],[[0,0],[11,31]]]},
"G369": {"type": "Matrix2x2", "payoffs": [[[17,0],[9,17]],[[40,56],[0,13]]]},
"G370": {"type": "Matrix2x2", "payoffs": [[[14,85],[9,59]],[[2,0],[0,67]]]},
"G371": {"type": "Matrix2x2", "payoffs": [[[40,98],[0,69]],[[38,0],[19,87]]]},
"G372": {"type": "Matrix2x2", "payoffs": [[[6,0],[0,7]],[[62,14],[64,44]]]},
"G373": {"type": "Matrix2x2", "payoffs": [[[10,0],[21,18]],[[38,23],[0,3]]]},
"G374": {"type": "Matrix2x2", "payoffs": [[[0,35],[98,87]],[[6,0],[35,24]]]},
"G375": {"type": "Matrix2x2", "payoffs": [[[19,59],[11,0]],[[18,32],[0,26]]]},
"G376": {"type": "Matrix2x2", "payoffs": [[[20,74],[10,65]],[[0,0],[8,25]]]},
"G377": {"type": "Matrix2x2", "payoffs": [[[9,0],[0,10]],[[28,69],[26,27]]]},
"G378": {"type": "Matrix2x2", "payoffs": [[[71,51],[59,0]],[[66,10],[0,7]]]},
"G379": {"type": "Matrix2x2", "payoffs": [[[0,20],[15,28]],[[11,1],[9,0]]]},
"G380": {"type": "Matrix2x2", "payoffs": [[[58,0],[46,20]],[[65,65],[0,24]]]},
"G381": {"type": "Matrix2x2", "payoffs": [[[4,11],[0,19]],[[55,62],[1,0]]]},
"G382": {"type": "Matrix2x2", "payoffs": [[[22,0],[29,19]],[[36,40],[0,33]]]},
"G383": {"type": "Matrix2x2", "payoffs": [[[30,3],[63,7]],[[44,0],[0,5]]]},
"G384": {"type": "Matrix2x2", "payoffs": [[[0,24],[84,89]],[[49,0],[14,27]]]},
"G385": {"type": "Matrix2x2", "payoffs": [[[79,56],[0,22]],[[15,0],[23,23]]]},
"G386": {"type": "Matrix2x2", "payoffs": [[[0,36],[28,49]],[[30,58],[3,0]]]},
"G387": {"type": "Matrix2x2", "payoffs": [[[65,24],[0,0]],[[21,21],[38,11]]]},
"G388": {"type": "Matrix2x2", "payoffs": [[[92,98],[0,93]],[[38,0],[62,74]]]},
"G389": {"type": "Matrix2x2", "payoffs": [[[73,20],[53,0]],[[0,7],[43,1]]]},
"G390": {"type": "Matrix2x2", "payoffs": [[[9,33],[26,83]],[[0,0],[5,24]]]},
"G391": {"type": "Matrix2x2", "payoffs": [[[79,61],[71,6]],[[76,52],[0,0]]]},
"G392": {"type": "Matrix2x2", "payoffs": [[[50,36],[0,0]],[[97,77],[83,32]]]},
"G393": {"type": "Matrix2x2", "payoffs": [[[28,0],[0,13]],[[23,39],[44,64]]]},
"G394": {"type": "Matrix2x2", "payoffs": [[[0,58],[80,86]],[[61,0],[79,13]]]},
"G395": {"type": "Matrix2x2", "payoffs": [[[19,36],[7,9]],[[0,0],[2,27]]]},
"G396": {"type": "Matrix2x2", "payoffs": [[[0,0],[32,42]],[[57,62],[27,48]]]},
"G397": {"type": "Matrix2x2", "payoffs": [[[33,46],[26,70]],[[0,0],[91,87]]]},
"G398": {"type": "Matrix2x2", "payoffs": [[[0,32],[25,0]],[[27,38],[35,89]]]},
"G399": {"type": "Matrix2x2", "payoffs": [[[17,6],[0,0]],[[38,58],[24,47]]]},
"G400": {"type": "Matrix2x2", "payoffs": [[[18,6],[0,0]],[[11,34],[29,57]]]},
"G401": {"type": "Matrix2x2", "payoffs": [[[0,58],[7,64]],[[5,45],[3,0]]]},
"G402": {"type": "Matrix2x2", "payoffs": [[[10,0],[60,44]],[[0,15],[32,5]]]},
"G403": {"type": "Matrix2x2", "payoffs": [[[0,17],[23,89]],[[13,0],[21,31]]]},
"G404": {"type": "Matrix2x2", "payoffs": [[[32,10],[12,0]],[[60,95],[0,93]]]},
"G405": {"type": "Matrix2x2", "payoffs": [[[10,0],[0,5]],[[43,16],[47,26]]]},
"G406": {"type": "Matrix2x2", "payoffs": [[[10,0],[23,84]],[[0,78],[16,49]]]},
"G407": {"type": "Matrix2x2", "payoffs": [[[9,64],[95,91]],[[0,76],[27,0]]]},
"G408": {"type": "Matrix2x2", "payoffs": [[[14,5],[36,11]],[[0,0],[40,37]]]},
"G409": {"type": "Matrix2x2", "payoffs": [[[83,99],[73,86]],[[19,0],[0,44]]]},
"G410": {"type": "Matrix2x2", "payoffs": [[[53,72],[0,24]],[[42,0],[25,35]]]},
"G411": {"type": "Matrix2x2", "payoffs": [[[46,74],[16,32]],[[2,23],[0,0]]]},
"G412": {"type": "Matrix2x2", "payoffs": [[[0,33],[12,35]],[[20,0],[68,47]]]},
"G413": {"type": "Matrix2x2", "payoffs": [[[50,0],[39,34]],[[0,43],[77,73]]]},
"G414": {"type": "Matrix2x2", "payoffs": [[[12,27],[0,0]],[[20,50],[44,57]]]},
"G415": {"type": "Matrix2x2", "payoffs": [[[26,1],[54,42]],[[33,21],[0,0]]]},
"G416": {"type": "Matrix2x2", "payoffs": [[[53,37],[78,93]],[[43,0],[0,19]]]},
"G417": {"type": "Matrix2x2", "payoffs": [[[86,58],[0,0]],[[30,43],[62,49]]]},
"G418": {"type": "Matrix2x2", "payoffs": [[[87,70],[0,0]],[[3,31],[91,92]]]},
"G419": {"type": "Matrix2x2", "payoffs": [[[0,12],[6,0]],[[1,19],[34,43]]]},
"G420": {"type": "Matrix2x2", "payoffs": [[[0,3],[36,30]],[[2,0],[22,12]]]},
"G421": {"type": "Matrix2x2", "payoffs": [[[22,5],[42,23]],[[59,35],[0,0]]]},
"G422": {"type": "Matrix2x2", "payoffs": [[[0,0],[59,56]],[[57,52],[22,46]]]},
"G423": {"type": "Matrix2x2", "payoffs": [[[15,0],[26,78]],[[24,16],[0,5]]]},
"G424": {"type": "Matrix2x2", "payoffs": [[[39,48],[36,10]],[[0,0],[26,18]]]},
"G425": {"type": "Matrix2x2", "payoffs": [[[2,82],[0,8]],[[5,88],[3,0]]]},
"G426": {"type": "Matrix2x2", "payoffs": [[[25,0],[53,37]],[[5,18],[0,28]]]},
"G427": {"type": "Matrix2x2", "payoffs": [[[48,67],[46,0]],[[34,10],[0,35]]]},
"G428": {"type": "Matrix2x2", "payoffs": [[[62,10],[0,0]],[[60,5],[54,6]]]},
"G429": {"type": "Matrix2x2", "payoffs": [[[0,36],[86,39]],[[66,13],[10,0]]]},
"G430": {"type": "Matrix2x2", "payoffs": [[[16,16],[0,10]],[[38,76],[21,0]]]},
"G431": {"type": "Matrix2x2", "payoffs": [[[25,27],[0,0]],[[52,47],[1,12]]]},
"G432": {"type": "Matrix2x2", "payoffs": [[[55,11],[45,0]],[[0,3],[53,4]]]},
"G433": {"type": "Matrix2x2", "payoffs": [[[0,0],[28,92]],[[1,22],[19,46]]]},
"G434": {"type": "Matrix2x2", "payoffs": [[[24,9],[0,0]],[[1,3],[46,13]]]},
"G435": {"type": "Matrix2x2", "payoffs": [[[94,86],[60,8]],[[62,0],[0,10]]]},
"G436": {"type": "Matrix2x2", "payoffs": [[[37,71],[3,0]],[[0,51],[12,31]]]},
"G437": {"type": "Matrix2x2", "payoffs": [[[5,0],[0,4]],[[34,7],[9,3]]]},
"G438": {"type": "Matrix2x2", "payoffs": [[[80,86],[0,57]],[[36,0],[2,58]]]},
"G439": {"type": "Matrix2x2", "payoffs": [[[5,0],[6,43]],[[30,95],[0,38]]]},
"G440": {"type": "Matrix2x2", "payoffs": [[[20,0],[35,6]],[[0,10],[74,72]]]},
"G441": {"type": "Matrix2x2", "payoffs": [[[6,19],[0,16]],[[3,8],[4,0]]]},
"G442": {"type": "Matrix2x2", "payoffs": [[[0,13],[41,30]],[[12,0],[3,8]]]},
"G443": {"type": "Matrix2x2", "payoffs": [[[2,0],[14,82]],[[1,34],[0,69]]]},
"G444": {"type": "Matrix2x2", "payoffs": [[[40,84],[0,9]],[[33,52],[34,0]]]},
"G445": {"type": "Matrix2x2", "payoffs": [[[49,75],[42,27]],[[25,0],[0,62]]]},
"G446": {"type": "Matrix2x2", "payoffs": [[[100,60],[4,36]],[[0,12],[58,0]]]},
"G447": {"type": "Matrix2x2", "payoffs": [[[0,0],[25,17]],[[73,21],[58,18]]]},
"G448": {"type": "Matrix2x2", "payoffs": [[[16,3],[0,0]],[[30,6],[1,5]]]},
"G449": {"type": "Matrix2x2", "payoffs": [[[32,9],[27,0]],[[0,2],[53,10]]]},
"G450": {"type": "Matrix2x2", "payoffs": [[[62,24],[50,19]],[[0,0],[13,4]]]},
"G451": {"type": "Matrix2x2", "payoffs": [[[9,55],[29,32]],[[95,66],[0,0]]]},
"G452": {"type": "Matrix2x2", "payoffs": [[[31,55],[0,0]],[[23,22],[7,10]]]},
"G453": {"type": "Matrix2x2", "payoffs": [[[54,32],[10,10]],[[32,0],[0,22]]]},
"G454": {"type": "Matrix2x2", "payoffs": [[[71,58],[87,59]],[[0,0],[24,13]]]},
"G455": {"type": "Matrix2x2", "payoffs": [[[0,17],[66,18]],[[4,0],[12,13]]]},
"G456": {"type": "Matrix2x2", "payoffs": [[[31,0],[42,9]],[[45,13],[0,4]]]},
"G457": {"type": "Matrix2x2", "payoffs": [[[0,3],[60,8]],[[42,1],[45,0]]]},
"G458": {"type": "Matrix2x2", "payoffs": [[[13,58],[0,49]],[[9,17],[7,0]]]},
"G459": {"type": "Matrix2x2", "payoffs": [[[18,90],[31,91]],[[12,0],[0,56]]]},
"G460": {"type": "Matrix2x2", "payoffs": [[[32,2],[6,1]],[[0,0],[33,5]]]},
"G461": {"type": "Matrix2x2", "payoffs": [[[0,30],[3,34]],[[26,0],[32,42]]]},
"G462": {"type": "Matrix2x2", "payoffs": [[[0,26],[13,0]],[[34,31],[3,28]]]},
"G463": {"type": "Matrix2x2", "payoffs": [[[0,5],[84,92]],[[39,15],[57,0]]]},
"G464": {"type": "Matrix2x2", "payoffs": [[[2,10],[23,66]],[[0,4],[17,0]]]},
"G465": {"type": "Matrix2x2", "payoffs": [[[12,0],[0,18]],[[32,47],[72,54]]]},
"G466": {"type": "Matrix2x2", "payoffs": [[[81,75],[0,68]],[[72,46],[65,0]]]},
"G467": {"type": "Matrix2x2", "payoffs": [[[57,18],[19,0]],[[60,92],[0,49]]]},
"G468": {"type": "Matrix2x2", "payoffs": [[[0,23],[100,97]],[[20,0],[69,65]]]},
"G469": {"type": "Matrix2x2", "payoffs": [[[24,3],[8,0]],[[0,4],[29,11]]]},
"G470": {"type": "Matrix2x2", "payoffs": [[[87,9],[0,2]],[[25,0],[30,8]]]},
"G471": {"type": "Matrix2x2", "payoffs": [[[12,0],[0,17]],[[54,34],[23,29]]]},
"G472": {"type": "Matrix2x2", "payoffs": [[[17,11],[51,78]],[[0,0],[11,71]]]},
"G473": {"type": "Matrix2x2", "payoffs": [[[14,47],[40,64]],[[0,0],[7,14]]]},
"G474": {"type": "Matrix2x2", "payoffs": [[[51,80],[34,0]],[[13,28],[0,61]]]},
"G475": {"type": "Matrix2x2", "payoffs": [[[17,1],[0,0]],[[19,85],[6,67]]]},
"G476": {"type": "Matrix2x2", "payoffs": [[[23,18],[0,0]],[[13,15],[21,6]]]},
"G477": {"type": "Matrix2x2", "payoffs": [[[11,15],[20,38]],[[17,22],[0,0]]]},
"G478": {"type": "Matrix2x2", "payoffs": [[[13,7],[0,0]],[[15,2],[18,8]]]},
"G479": {"type": "Matrix2x2", "payoffs": [[[33,7],[20,0]],[[84,14],[0,11]]]},
"G480": {"type": "Matrix2x2", "payoffs": [[[67,81],[59,0]],[[0,53],[57,16]]]},
"G481": {"type": "Matrix2x2", "payoffs": [[[50,4],[61,31]],[[14,0],[0,12]]]},
"G482": {"type": "Matrix2x2", "payoffs": [[[61,30],[54,0]],[[27,15],[0,27]]]},
"G483": {"type": "Matrix2x2", "payoffs": [[[0,0],[40,2]],[[61,25],[60,12]]]},
"G484": {"type": "Matrix2x2", "payoffs": [[[8,0],[70,77]],[[66,65],[0,4]]]},
"G485": {"type": "Matrix2x2", "payoffs": [[[79,55],[0,0]],[[10,5],[45,34]]]},
"G486": {"type": "Matrix2x2", "payoffs": [[[37,98],[6,51]],[[31,0],[0,21]]]},
"G487": {"type": "Matrix2x2", "payoffs": [[[0,0],[40,84]],[[5,55],[13,72]]]},
"G488": {"type": "Matrix2x2", "payoffs": [[[13,6],[7,8]],[[0,0],[74,19]]]},
"G489": {"type": "Matrix2x2", "payoffs": [[[39,35],[0,43]],[[43,65],[38,0]]]},
"G490": {"type": "Matrix2x2", "payoffs": [[[10,37],[13,39]],[[8,21],[0,0]]]},
"G491": {"type": "Matrix2x2", "payoffs": [[[11,21],[18,98]],[[16,90],[0,0]]]},
"G492": {"type": "Matrix2x2", "payoffs": [[[26,0],[0,5]],[[27,7],[84,16]]]},
"G493": {"type": "Matrix2x2", "payoffs": [[[6,0],[71,53]],[[0,40],[47,14]]]},
"G494": {"type": "Matrix2x2", "payoffs": [[[30,66],[0,0]],[[48,5],[68,92]]]},
"G495": {"type": "Matrix2x2", "payoffs": [[[35,30],[0,0]],[[2,29],[30,2]]]},
"G496": {"type": "Matrix2x2", "payoffs": [[[2,2],[5,0]],[[0,3],[6,4]]]},
"G497": {"type": "Matrix2x2", "payoffs": [[[31,60],[0,0]],[[6,56],[29,3]]]},
"G498": {"type": "Matrix2x2", "payoffs": [[[28,91],[5,0]],[[0,10],[15,76]]]},
"G499": {"type": "Matrix2x2", "payoffs": [[[0,0],[50,18]],[[32,7],[43,2]]]},
"G500": {"type": "Matrix2x2", "payoffs": [[[11,42],[16,0]],[[17,73],[0,21]]]},
"G501": {"type": "Matrix2x2", "payoffs": [[[27,19],[0,14]],[[99,23],[70,0]]]},
"G502": {"type": "Matrix2x2", "payoffs": [[[0,25],[62,0]],[[94,33],[57,17]]]},
"G503": {"type": "Matrix2x2", "payoffs": [[[85,44],[77,0]],[[0,11],[75,43]]]},
"G504": {"type": "Matrix2x2", "payoffs": [[[0,22],[33,7]],[[65,37],[31,0]]]},
"G505": {"type": "Matrix2x2", "payoffs": [[[0,0],[42,53]],[[57,73],[41,33]]]},
"G506": {"type": "Matrix2x2", "payoffs": [[[0,9],[22,11]],[[27,33],[2,0]]]},
"G507": {"type": "Matrix2x2", "payoffs": [[[0,29],[33,0]],[[22,21],[41,62]]]},
"G508": {"type": "Matrix2x2", "payoffs": [[[3,62],[98,77]],[[0,11],[17,0]]]},
"G509": {"type": "Matrix2x2", "payoffs": [[[91,26],[22,7]],[[0,0],[66,23]]]},
"G510": {"type": "Matrix2x2", "payoffs": [[[25,0],[0,6]],[[61,41],[27,19]]]},
"G511": {"type": "Matrix2x2", "payoffs": [[[0,95],[27,98]],[[8,0],[17,36]]]},
"G512": {"type": "Matrix2x2", "payoffs": [[[2,0],[0,19]],[[81,72],[16,52]]]},
"G513": {"type": "Matrix2x2", "payoffs": [[[3,1],[0,2]],[[96,80],[22,0]]]},
"G514": {"type": "Matrix2x2", "payoffs": [[[0,19],[47,29]],[[31,20],[34,0]]]},
"G515": {"type": "Matrix2x2", "payoffs": [[[95,45],[40,38]],[[2,0],[0,13]]]},
"G516": {"type": "Matrix2x2", "payoffs": [[[67,33],[100,38]],[[0,0],[80,26]]]},
"G517": {"type": "Matrix2x2", "payoffs": [[[32,26],[22,3]],[[36,79],[0,0]]]},
"G518": {"type": "Matrix2x2", "payoffs": [[[6,38],[69,36]],[[0,0],[93,43]]]},
"G519": {"type": "Matrix2x2", "payoffs": [[[37,0],[72,16]],[[0,59],[74,73]]]},
"G520": {"type": "Matrix2x2", "payoffs": [[[14,0],[0,48]],[[64,92],[25,78]]]},
"G521": {"type": "Matrix2x2", "payoffs": [[[15,69],[48,72]],[[0,1],[45,0]]]},
"G522": {"type": "Matrix2x2", "payoffs": [[[23,18],[10,57]],[[35,69],[0,0]]]},
"G523": {"type": "Matrix2x2", "payoffs": [[[61,8],[4,30]],[[77,32],[0,0]]]},
"G524": {"type": "Matrix2x2", "payoffs": [[[3,19],[7,25]],[[1,21],[0,0]]]},
"G525": {"type": "Matrix2x2", "payoffs": [[[31,2],[41,12]],[[24,0],[0,11]]]},
"G526": {"type": "Matrix2x2", "payoffs": [[[81,88],[72,52]],[[6,69],[0,0]]]},
"G527": {"type": "Matrix2x2", "payoffs": [[[68,95],[57,62]],[[13,0],[0,42]]]},
"G528": {"type": "Matrix2x2", "payoffs": [[[30,0],[75,12]],[[32,7],[0,8]]]},
"G529": {"type": "Matrix2x2", "payoffs": [[[9,40],[29,42]],[[8,0],[0,22]]]},
"G530": {"type": "Matrix2x2", "payoffs": [[[59,0],[67,93]],[[3,90],[0,2]]]},
"G531": {"type": "Matrix2x2", "payoffs": [[[45,24],[0,0]],[[96,63],[33,14]]]},
"G532": {"type": "Matrix2x2", "payoffs": [[[9,36],[4,0]],[[8,6],[0,29]]]},
"G533": {"type": "Matrix2x2", "payoffs": [[[0,16],[11,0]],[[20,32],[60,52]]]},
"G534": {"type": "Matrix2x2", "payoffs": [[[56,7],[74,8]],[[82,12],[0,0]]]},
"G535": {"type": "Matrix2x2", "payoffs": [[[0,5],[91,29]],[[40,12],[50,0]]]},
"G536": {"type": "Matrix2x2", "payoffs": [[[26,0],[63,84]],[[0,15],[22,29]]]},
"G537": {"type": "Matrix2x2", "payoffs": [[[0,8],[9,39]],[[5,29],[7,0]]]},
"G538": {"type": "Matrix2x2", "payoffs": [[[33,36],[55,37]],[[39,0],[0,31]]]},
"G539": {"type": "Matrix2x2", "payoffs": [[[51,51],[0,0]],[[57,16],[82,63]]]},
"G540": {"type": "Matrix2x2", "payoffs": [[[46,7],[3,1]],[[73,9],[0,0]]]},
"G541": {"type": "Matrix2x2", "payoffs": [[[1,30],[48,49]],[[0,11],[27,0]]]},
"G542": {"type": "Matrix2x2", "payoffs": [[[44,0],[0,4]],[[95,15],[89,10]]]},
"G543": {"type": "Matrix2x2", "payoffs": [[[33,0],[55,30]],[[0,6],[38,19]]]},
"G544": {"type": "Matrix2x2", "payoffs": [[[4,39],[52,17]],[[0,0],[62,45]]]},
"G545": {"type": "Matrix2x2", "payoffs": [[[1,0],[0,47]],[[19,98],[17,51]]]},
"G546": {"type": "Matrix2x2", "payoffs": [[[16,35],[0,0]],[[21,31],[26,84]]]},
"G547": {"type": "Matrix2x2", "payoffs": [[[23,23],[0,0]],[[39,62],[41,98]]]},
"G548": {"type": "Matrix2x2", "payoffs": [[[0,26],[48,44]],[[8,37],[10,0]]]},
"G549": {"type": "Matrix2x2", "payoffs": [[[2,52],[0,15]],[[5,0],[8,84]]]},
"G550": {"type": "Matrix2x2", "payoffs": [[[45,23],[0,18]],[[70,0],[75,26]]]},
"G551": {"type": "Matrix2x2", "payoffs": [[[6,8],[82,37]],[[71,0],[0,11]]]},
"G552": {"type": "Matrix2x2", "payoffs": [[[30,26],[51,57]],[[9,45],[0,0]]]},
"G553": {"type": "Matrix2x2", "payoffs": [[[2,3],[0,47]],[[8,0],[11,60]]]},
"G554": {"type": "Matrix2x2", "payoffs": [[[27,11],[45,0]],[[51,99],[0,87]]]},
"G555": {"type": "Matrix2x2", "payoffs": [[[29,15],[25,1]],[[28,6],[0,0]]]},
"G556": {"type": "Matrix2x2", "payoffs": [[[18,16],[0,0]],[[3,14],[6,10]]]},
"G557": {"type": "Matrix2x2", "payoffs": [[[1,0],[0,7]],[[2,4],[9,9]]]},
"G558": {"type": "Matrix2x2", "payoffs": [[[0,0],[94,54]],[[87,25],[62,36]]]},
"G559": {"type": "Matrix2x2", "payoffs": [[[0,25],[73,54]],[[45,0],[84,88]]]},
"G560": {"type": "Matrix2x2", "payoffs": [[[28,15],[32,41]],[[0,0],[24,24]]]},
"G561": {"type": "Matrix2x2", "payoffs": [[[0,0],[8,89]],[[2,43],[3,15]]]},
"G562": {"type": "Matrix2x2", "payoffs": [[[0,25],[28,79]],[[6,58],[22,0]]]},
"G563": {"type": "Matrix2x2", "payoffs": [[[37,11],[32,3]],[[17,0],[0,8]]]},
"G564": {"type": "Matrix2x2", "payoffs": [[[77,12],[79,2]],[[80,19],[0,0]]]},
"G565": {"type": "Matrix2x2", "payoffs": [[[16,22],[6,1]],[[58,29],[0,0]]]},
"G566": {"type": "Matrix2x2", "payoffs": [[[40,18],[51,36]],[[28,14],[0,0]]]},
"G567": {"type": "Matrix2x2", "payoffs": [[[14,23],[38,33]],[[0,0],[25,22]]]},
"G568": {"type": "Matrix2x2", "payoffs": [[[0,22],[13,73]],[[26,76],[9,0]]]},
"G569": {"type": "Matrix2x2", "payoffs": [[[0,15],[11,23]],[[25,0],[54,27]]]},
"G570": {"type": "Matrix2x2", "payoffs": [[[0,51],[69,82]],[[31,0],[53,50]]]},
"G571": {"type": "Matrix2x2", "payoffs": [[[1,0],[9,14]],[[0,9],[2,3]]]},
"G572": {"type": "Matrix2x2", "payoffs": [[[24,0],[0,24]],[[37,87],[21,47]]]},
"G573": {"type": "Matrix2x2", "payoffs": [[[36,6],[69,85]],[[49,28],[0,0]]]},
"G574": {"type": "Matrix2x2", "payoffs": [[[0,2],[21,29]],[[1,0],[3,24]]]},
"G575": {"type": "Matrix2x2", "payoffs": [[[20,34],[0,83]],[[78,94],[41,0]]]},
"G576": {"type": "Matrix2x2", "payoffs": [[[10,30],[16,59]],[[0,46],[5,0]]]},
"G577": {"type": "Matrix2x2", "payoffs": [[[89,0],[0,56]],[[42,37],[94,79]]]},
"G578": {"type": "Matrix2x2", "payoffs": [[[0,38],[22,27]],[[24,77],[10,0]]]},
"G579": {"type": "Matrix2x2", "payoffs": [[[9,35],[30,49]],[[23,10],[0,0]]]},
"G580": {"type": "Matrix2x2", "payoffs": [[[1,8],[3,1]],[[4,10],[0,0]]]},
"G581": {"type": "Matrix2x2", "payoffs": [[[0,0],[17,8]],[[61,11],[40,2]]]},
"G582": {"type": "Matrix2x2", "payoffs": [[[4,50],[2,46]],[[0,0],[10,99]]]},
"G583": {"type": "Matrix2x2", "payoffs": [[[51,0],[40,24]],[[0,9],[54,84]]]},
"G584": {"type": "Matrix2x2", "payoffs": [[[0,59],[11,0]],[[4,58],[44,72]]]},
"G585": {"type": "Matrix2x2", "payoffs": [[[47,77],[1,11]],[[0,0],[20,42]]]},
"G586": {"type": "Matrix2x2", "payoffs": [[[39,89],[38,0]],[[0,18],[17,47]]]},
"G587": {"type": "Matrix2x2", "payoffs": [[[52,43],[0,0]],[[17,23],[42,3]]]},
"G588": {"type": "Matrix2x2", "payoffs": [[[48,10],[52,15]],[[40,14],[0,0]]]},
"G589": {"type": "Matrix2x2", "payoffs": [[[34,22],[0,18]],[[17,0],[30,2]]]},
"G590": {"type": "Matrix2x2", "payoffs": [[[73,21],[0,20]],[[17,2],[53,0]]]},
"G591": {"type": "Matrix2x2", "payoffs": [[[8,39],[5,24]],[[1,0],[0,27]]]},
"G592": {"type": "Matrix2x2", "payoffs": [[[49,11],[0,0]],[[36,9],[70,16]]]},
"G593": {"type": "Matrix2x2", "payoffs": [[[0,0],[5,55]],[[3,33],[1,48]]]},
"G594": {"type": "Matrix2x2", "payoffs": [[[15,27],[5,0]],[[32,87],[0,7]]]},
"G595": {"type": "Matrix2x2", "payoffs": [[[31,21],[17,18]],[[5,0],[0,11]]]},
"G596": {"type": "Matrix2x2", "payoffs": [[[20,33],[34,65]],[[0,0],[61,84]]]},
"G597": {"type": "Matrix2x2", "payoffs": [[[30,65],[0,0]],[[35,90],[46,91]]]},
"G598": {"type": "Matrix2x2", "payoffs": [[[7,4],[9,14]],[[0,0],[5,5]]]},
"G599": {"type": "Matrix2x2", "payoffs": [[[35,2],[47,24]],[[0,12],[9,0]]]},
"G600": {"type": "Matrix2x2", "payoffs": [[[28,22],[0,29]],[[21,0],[56,31]]]},
"G601": {"type": "Matrix2x2", "payoffs": [[[42,23],[0,11]],[[25,20],[32,0]]]},
"G602": {"type": "Matrix2x2", "payoffs": [[[1,17],[3,62]],[[2,0],[0,45]]]},
"G603": {"type": "Matrix2x2", "payoffs": [[[16,0],[25,80]],[[0,59],[6,66]]]},
"G604": {"type": "Matrix2x2", "payoffs": [[[12,2],[47,17]],[[75,68],[0,0]]]},
"G605": {"type": "Matrix2x2", "payoffs": [[[38,9],[0,3]],[[50,10],[34,0]]]},
"G606": {"type": "Matrix2x2", "payoffs": [[[57,29],[96,82]],[[68,77],[0,0]]]},
"G607": {"type": "Matrix2x2", "payoffs": [[[7,4],[41,31]],[[10,7],[0,0]]]},
"G608": {"type": "Matrix2x2", "payoffs": [[[13,3],[14,36]],[[0,0],[3,21]]]},
"G609": {"type": "Matrix2x2", "payoffs": [[[45,5],[0,0]],[[41,3],[81,6]]]},
"G610": {"type": "Matrix2x2", "payoffs": [[[16,41],[1,0]],[[0,35],[29,78]]]},
"G611": {"type": "Matrix2x2", "payoffs": [[[0,28],[68,38]],[[2,0],[8,20]]]},
"G612": {"type": "Matrix2x2", "payoffs": [[[1,0],[89,35]],[[40,26],[0,9]]]},
"G613": {"type": "Matrix2x2", "payoffs": [[[56,19],[5,17]],[[83,26],[0,0]]]},
"G614": {"type": "Matrix2x2", "payoffs": [[[0,20],[59,77]],[[27,0],[4,44]]]},
"G615": {"type": "Matrix2x2", "payoffs": [[[7,0],[0,13]],[[24,4],[64,58]]]},
"G616": {"type": "Matrix2x2", "payoffs": [[[17,28],[0,0]],[[5,9],[9,4]]]},
"G617": {"type": "Matrix2x2", "payoffs": [[[7,44],[36,86]],[[0,0],[26,57]]]},
"G618": {"type": "Matrix2x2", "payoffs": [[[1,32],[3,68]],[[2,46],[0,0]]]},
"G619": {"type": "Matrix2x2", "payoffs": [[[19,12],[25,9]],[[44,24],[0,0]]]},
"G620": {"type": "Matrix2x2", "payoffs": [[[15,12],[0,10]],[[55,35],[48,0]]]},
"G621": {"type": "Matrix2x2", "payoffs": [[[0,63],[54,88]],[[19,0],[48,57]]]},
"G622": {"type": "Matrix2x2", "payoffs": [[[97,40],[0,21]],[[59,9],[88,0]]]},
"G623": {"type": "Matrix2x2", "payoffs": [[[28,98],[3,56]],[[0,32],[10,0]]]},
"G624": {"type": "Matrix2x2", "payoffs": [[[0,12],[24,8]],[[28,13],[16,0]]]},
"G625": {"type": "Matrix2x2", "payoffs": [[[7,0],[21,51]],[[0,9],[34,70]]]},
"G626": {"type": "Matrix2x2", "payoffs": [[[60,37],[0,24]],[[1,0],[86,66]]]},
"G627": {"type": "Matrix2x2", "payoffs": [[[0,0],[42,41]],[[88,56],[43,45]]]},
"G628": {"type": "Matrix2x2", "payoffs": [[[0,0],[4,4]],[[7,18],[3,14]]]},
"G629": {"type": "Matrix2x2", "payoffs": [[[43,34],[0,0]],[[16,43],[56,92]]]},
"G630": {"type": "Matrix2x2", "payoffs": [[[7,51],[10,57]],[[0,0],[11,95]]]},
"G631": {"type": "Matrix2x2", "payoffs": [[[36,51],[0,42]],[[11,0],[23,16]]]},
"G632": {"type": "Matrix2x2", "payoffs": [[[67,10],[47,0]],[[0,8],[52,6]]]},
"G633": {"type": "Matrix2x2", "payoffs": [[[1,46],[3,84]],[[0,24],[2,0]]]},
"G634": {"type": "Matrix2x2", "payoffs": [[[18,35],[0,0]],[[9,11],[7,28]]]},
"G635": {"type": "Matrix2x2", "payoffs": [[[40,83],[93,93]],[[91,0],[0,31]]]},
"G636": {"type": "Matrix2x2", "payoffs": [[[3,29],[10,0]],[[12,46],[0,26]]]},
"G637": {"type": "Matrix2x2", "payoffs": [[[85,73],[15,66]],[[43,0],[0,72]]]},
"G638": {"type": "Matrix2x2", "payoffs": [[[7,55],[0,69]],[[39,0],[45,77]]]},
"G639": {"type": "Matrix2x2", "payoffs": [[[81,21],[0,10]],[[45,0],[78,5]]]},
"G640": {"type": "Matrix2x2", "payoffs": [[[13,0],[18,16]],[[0,7],[41,58]]]},
"G641": {"type": "Matrix2x2", "payoffs": [[[6,67],[10,83]],[[1,57],[0,0]]]},
"G642": {"type": "Matrix2x2", "payoffs": [[[6,14],[45,33]],[[0,4],[31,0]]]},
"G643": {"type": "Matrix2x2", "payoffs": [[[60,70],[24,44]],[[3,48],[0,0]]]},
"G644": {"type": "Matrix2x2", "payoffs": [[[3,75],[0,0]],[[75,41],[97,79]]]},
"G645": {"type": "Matrix2x2", "payoffs": [[[14,2],[0,6]],[[55,18],[32,0]]]},
"G646": {"type": "Matrix2x2", "payoffs": [[[30,0],[24,13]],[[87,27],[0,4]]]},
"G647": {"type": "Matrix2x2", "payoffs": [[[0,0],[48,2]],[[50,8],[36,4]]]},
"G648": {"type": "Matrix2x2", "payoffs": [[[77,59],[0,25]],[[72,0],[82,82]]]},
"G649": {"type": "Matrix2x2", "payoffs": [[[47,67],[14,44]],[[28,0],[0,24]]]},
"G650": {"type": "Matrix2x2", "payoffs": [[[0,58],[67,86]],[[48,0],[63,27]]]},
"G651": {"type": "Matrix2x2", "payoffs": [[[44,66],[0,22]],[[36,16],[15,0]]]},
"G652": {"type": "Matrix2x2", "payoffs": [[[0,0],[10,17]],[[51,22],[48,11]]]},
"G653": {"type": "Matrix2x2", "payoffs": [[[0,0],[5,24]],[[7,37],[10,38]]]},
"G654": {"type": "Matrix2x2", "payoffs": [[[9,21],[13,0]],[[68,38],[0,3]]]},
"G655": {"type": "Matrix2x2", "payoffs": [[[11,0],[17,62]],[[0,59],[8,15]]]},
"G656": {"type": "Matrix2x2", "payoffs": [[[74,34],[58,33]],[[69,1],[0,0]]]},
"G657": {"type": "Matrix2x2", "payoffs": [[[0,39],[19,46]],[[92,65],[76,0]]]},
"G658": {"type": "Matrix2x2", "payoffs": [[[0,1],[11,4]],[[14,0],[39,10]]]},
"G659": {"type": "Matrix2x2", "payoffs": [[[36,86],[14,0]],[[0,85],[35,15]]]},
"G660": {"type": "Matrix2x2", "payoffs": [[[37,21],[12,75]],[[0,0],[49,81]]]},
"G661": {"type": "Matrix2x2", "payoffs": [[[16,26],[30,0]],[[63,64],[0,23]]]},
"G662": {"type": "Matrix2x2", "payoffs": [[[39,5],[83,9]],[[0,0],[62,6]]]},
"G663": {"type": "Matrix2x2", "payoffs": [[[9,47],[0,0]],[[7,70],[10,71]]]},
"G664": {"type": "Matrix2x2", "payoffs": [[[7,54],[1,0]],[[0,25],[2,16]]]},
"G665": {"type": "Matrix2x2", "payoffs": [[[81,98],[50,0]],[[0,40],[49,35]]]},
"G666": {"type": "Matrix2x2", "payoffs": [[[72,100],[29,53]],[[0,35],[8,0]]]},
"G667": {"type": "Matrix2x2", "payoffs": [[[15,21],[74,86]],[[24,8],[0,0]]]},
"G668": {"type": "Matrix2x2", "payoffs": [[[31,0],[49,65]],[[0,26],[35,9]]]},
"G669": {"type": "Matrix2x2", "payoffs": [[[0,12],[81,96]],[[1,0],[9,58]]]},
"G670": {"type": "Matrix2x2", "payoffs": [[[41,29],[0,0]],[[9,15],[40,19]]]},
"G671": {"type": "Matrix2x2", "payoffs": [[[0,15],[1,0]],[[29,47],[6,44]]]},
"G672": {"type": "Matrix2x2", "payoffs": [[[67,78],[6,51]],[[8,49],[0,0]]]},
"G673": {"type": "Matrix2x2", "payoffs": [[[3,73],[0,0]],[[16,77],[5,31]]]},
"G674": {"type": "Matrix2x2", "payoffs": [[[31,13],[58,0]],[[81,23],[0,14]]]},
"G675": {"type": "Matrix2x2", "payoffs": [[[37,6],[0,3]],[[90,10],[52,0]]]},
"G676": {"type": "Matrix2x2", "payoffs": [[[19,0],[6,72]],[[0,33],[23,84]]]},
"G677": {"type": "Matrix2x2", "payoffs": [[[4,17],[0,9]],[[16,19],[14,0]]]},
"G678": {"type": "Matrix2x2", "payoffs": [[[65,98],[23,92]],[[32,0],[0,16]]]},
"G679": {"type": "Matrix2x2", "payoffs": [[[69,0],[0,14]],[[85,48],[38,23]]]},
"G680": {"type": "Matrix2x2", "payoffs": [[[97,68],[81,66]],[[91,0],[0,6]]]},
"G681": {"type": "Matrix2x2", "payoffs": [[[19,14],[0,29]],[[38,0],[52,76]]]},
"G682": {"type": "Matrix2x2", "payoffs": [[[0,0],[21,40]],[[67,58],[37,18]]]},
"G683": {"type": "Matrix2x2", "payoffs": [[[28,81],[4,9]],[[22,8],[0,0]]]},
"G684": {"type": "Matrix2x2", "payoffs": [[[0,0],[68,22]],[[28,2],[10,20]]]},
"G685": {"type": "Matrix2x2", "payoffs": [[[10,1],[15,0]],[[0,5],[18,8]]]},
"G686": {"type": "Matrix2x2", "payoffs": [[[0,0],[16,15]],[[66,19],[55,6]]]},
"G687": {"type": "Matrix2x2", "payoffs": [[[78,20],[0,0]],[[88,25],[67,9]]]},
"G688": {"type": "Matrix2x2", "payoffs": [[[62,36],[0,0]],[[91,52],[57,35]]]},
"G689": {"type": "Matrix2x2", "payoffs": [[[16,0],[88,8]],[[39,4],[0,2]]]},
"G690": {"type": "Matrix2x2", "payoffs": [[[66,47],[56,0]],[[0,21],[44,28]]]},
"G691": {"type": "Matrix2x2", "payoffs": [[[94,85],[61,0]],[[0,77],[78,45]]]},
"G692": {"type": "Matrix2x2", "payoffs": [[[1,22],[9,0]],[[0,59],[14,74]]]},
"G693": {"type": "Matrix2x2", "payoffs": [[[40,6],[7,4]],[[59,7],[0,0]]]},
"G694": {"type": "Matrix2x2", "payoffs": [[[0,18],[52,63]],[[18,21],[27,0]]]},
"G695": {"type": "Matrix2x2", "payoffs": [[[0,11],[36,24]],[[30,17],[8,0]]]},
"G696": {"type": "Matrix2x2", "payoffs": [[[10,85],[2,9]],[[0,81],[4,0]]]},
"G697": {"type": "Matrix2x2", "payoffs": [[[0,0],[66,50]],[[71,61],[51,59]]]},
"G698": {"type": "Matrix2x2", "payoffs": [[[13,47],[1,3]],[[0,0],[20,97]]]},
"G699": {"type": "Matrix2x2", "payoffs": [[[0,0],[2,22]],[[1,2],[24,42]]]},
"G700": {"type": "Matrix2x2", "payoffs": [[[73,90],[0,76]],[[22,0],[1,72]]]},
"G701": {"type": "Matrix2x2", "payoffs": [[[81,23],[68,10]],[[77,1],[0,0]]]},
"G702": {"type": "Matrix2x2", "payoffs": [[[38,15],[4,0]],[[39,19],[0,12]]]},
"G703": {"type": "Matrix2x2", "payoffs": [[[10,3],[0,0]],[[20,97],[6,32]]]},
"G704": {"type": "Matrix2x2", "payoffs": [[[40,11],[79,59]],[[0,0],[32,10]]]},
"G705": {"type": "Matrix2x2", "payoffs": [[[84,38],[59,8]],[[0,6],[43,0]]]},
"G706": {"type": "Matrix2x2", "payoffs": [[[44,5],[39,0]],[[64,17],[0,14]]]},
"G707": {"type": "Matrix2x2", "payoffs": [[[0,0],[90,12]],[[1,9],[98,39]]]},
"G708": {"type": "Matrix2x2", "payoffs": [[[59,64],[72,85]],[[0,7],[16,0]]]},
"G709": {"type": "Matrix2x2", "payoffs": [[[5,44],[0,0]],[[25,61],[12,49]]]},
"G710": {"type": "Matrix2x2", "payoffs": [[[4,6],[9,35]],[[0,14],[6,0]]]},
"G711": {"type": "Matrix2x2", "payoffs": [[[0,2],[28,0]],[[57,46],[15,15]]]},
"G712": {"type": "Matrix2x2", "payoffs": [[[9,52],[0,42]],[[25,56],[23,0]]]},
"G713": {"type": "Matrix2x2", "payoffs": [[[48,82],[22,0]],[[0,52],[28,10]]]},
"G714": {"type": "Matrix2x2", "payoffs": [[[0,0],[7,62]],[[51,84],[45,60]]]},
"G715": {"type": "Matrix2x2", "payoffs": [[[9,17],[19,18]],[[0,0],[8,12]]]},
"G716": {"type": "Matrix2x2", "payoffs": [[[64,81],[4,23]],[[0,73],[61,0]]]},
"G717": {"type": "Matrix2x2", "payoffs": [[[74,31],[2,5]],[[29,0],[0,9]]]},
"G718": {"type": "Matrix2x2", "payoffs": [[[12,32],[4,15]],[[0,19],[8,0]]]},
"G719": {"type": "Matrix2x2", "payoffs": [[[0,71],[78,80]],[[37,60],[26,0]]]},
"G720": {"type": "Matrix2x2", "payoffs": [[[82,33],[0,0]],[[68,21],[4,1]]]},
"G721": {"type": "Matrix2x2", "payoffs": [[[1,15],[9,89]],[[0,0],[7,59]]]},
"G722": {"type": "Matrix2x2", "payoffs": [[[5,4],[7,0]],[[0,39],[12,67]]]},
"G723": {"type": "Matrix2x2", "payoffs": [[[46,12],[48,39]],[[2,0],[0,25]]]},
"G724": {"type": "Matrix2x2", "payoffs": [[[54,54],[66,96]],[[30,0],[0,77]]]},
"G725": {"type": "Matrix2x2", "payoffs": [[[19,53],[0,0]],[[73,94],[32,84]]]},
"G726": {"type": "Matrix2x2", "payoffs": [[[72,0],[14,54]],[[87,59],[0,5]]]},
"G727": {"type": "Matrix2x2", "payoffs": [[[0,0],[86,76]],[[79,33],[22,12]]]},
"G728": {"type": "Matrix2x2", "payoffs": [[[0,66],[41,0]],[[59,94],[55,67]]]},
"G729": {"type": "Matrix2x2", "payoffs": [[[3,8],[6,3]],[[0,0],[8,10]]]},
"G730": {"type": "Matrix2x2", "payoffs": [[[24,12],[15,11]],[[38,13],[0,0]]]},
"G731": {"type": "Matrix2x2", "payoffs": [[[69,46],[44,13]],[[51,44],[0,0]]]},
"G732": {"type": "Matrix2x2", "payoffs": [[[0,66],[31,24]],[[35,75],[27,0]]]},
"G733": {"type": "Matrix2x2", "payoffs": [[[36,40],[100,64]],[[0,0],[89,21]]]},
"G734": {"type": "Matrix2x2", "payoffs": [[[0,71],[3,95]],[[1,0],[2,54]]]},
"G735": {"type": "Matrix2x2", "payoffs": [[[18,10],[42,44]],[[38,0],[0,38]]]},
"G736": {"type": "Matrix2x2", "payoffs": [[[0,0],[5,13]],[[4,1],[14,31]]]},
"G737": {"type": "Matrix2x2", "payoffs": [[[48,9],[39,0]],[[0,2],[47,8]]]},
"G738": {"type": "Matrix2x2", "payoffs": [[[38,3],[31,2]],[[0,0],[6,1]]]},
"G739": {"type": "Matrix2x2", "payoffs": [[[23,0],[0,12]],[[57,18],[43,13]]]},
"G740": {"type": "Matrix2x2", "payoffs": [[[0,7],[56,10]],[[35,1],[32,0]]]},
"G741": {"type": "Matrix2x2", "payoffs": [[[96,46],[0,9]],[[98,59],[49,0]]]},
"G742": {"type": "Matrix2x2", "payoffs": [[[31,77],[5,7]],[[3,0],[0,76]]]},
"G743": {"type": "Matrix2x2", "payoffs": [[[0,0],[14,1]],[[35,3],[43,4]]]},
"G744": {"type": "Matrix2x2", "payoffs": [[[33,42],[23,3]],[[41,46],[0,0]]]},
"G745": {"type": "Matrix2x2", "payoffs": [[[73,4],[82,10]],[[70,5],[0,0]]]},
"G746": {"type": "Matrix2x2", "payoffs": [[[44,93],[2,50]],[[19,27],[0,0]]]},
"G747": {"type": "Matrix2x2", "payoffs": [[[87,86],[0,31]],[[34,79],[2,0]]]},
"G748": {"type": "Matrix2x2", "payoffs": [[[9,54],[58,3]],[[0,0],[63,67]]]},
"G749": {"type": "Matrix2x2", "payoffs": [[[25,7],[0,2]],[[10,0],[63,9]]]},
"G750": {"type": "Matrix2x2", "payoffs": [[[0,35],[5,22]],[[12,57],[8,0]]]},
"G751": {"type": "Matrix2x2", "payoffs": [[[0,38],[39,34]],[[42,0],[44,40]]]},
"G752": {"type": "Matrix2x2", "payoffs": [[[10,0],[12,11]],[[0,8],[6,4]]]},
"G753": {"type": "Matrix2x2", "payoffs": [[[0,40],[4,0]],[[19,68],[3,30]]]},
"G754": {"type": "Matrix2x2", "payoffs": [[[69,33],[22,29]],[[0,0],[68,27]]]},
"G755": {"type": "Matrix2x2", "payoffs": [[[81,30],[0,0]],[[69,8],[30,5]]]},
"G756": {"type": "Matrix2x2", "payoffs": [[[0,2],[3,0]],[[65,10],[35,5]]]},
"G757": {"type": "Matrix2x2", "payoffs": [[[8,41],[41,50]],[[0,0],[49,95]]]},
"G758": {"type": "Matrix2x2", "payoffs": [[[36,5],[0,23]],[[54,50],[25,0]]]},
"G759": {"type": "Matrix2x2", "payoffs": [[[7,9],[2,0]],[[0,13],[9,14]]]},
"G760": {"type": "Matrix2x2", "payoffs": [[[93,4],[50,0]],[[99,25],[0,9]]]},
"G761": {"type": "Matrix2x2", "payoffs": [[[29,45],[25,0]],[[0,37],[14,39]]]},
"G762": {"type": "Matrix2x2", "payoffs": [[[14,40],[0,0]],[[29,44],[3,25]]]},
"G763": {"type": "Matrix2x2", "payoffs": [[[38,22],[32,44]],[[41,47],[0,0]]]},
"G764": {"type": "Matrix2x2", "payoffs": [[[56,0],[4,16]],[[0,5],[63,22]]]},
"G765": {"type": "Matrix2x2", "payoffs": [[[50,58],[39,1]],[[0,2],[4,0]]]},
"G766": {"type": "Matrix2x2", "payoffs": [[[44,18],[0,0]],[[18,8],[8,15]]]},
"G767": {"type": "Matrix2x2", "payoffs": [[[22,24],[25,48]],[[11,27],[0,0]]]},
"G768": {"type": "Matrix2x2", "payoffs": [[[0,0],[1,2]],[[3,24],[2,22]]]},
"G769": {"type": "Matrix2x2", "payoffs": [[[12,0],[73,17]],[[0,10],[67,6]]]},
"G770": {"type": "Matrix2x2", "payoffs": [[[0,32],[28,42]],[[38,53],[25,0]]]},
"G771": {"type": "Matrix2x2", "payoffs": [[[15,27],[36,89]],[[0,5],[4,0]]]},
"G772": {"type": "Matrix2x2", "payoffs": [[[0,14],[2,43]],[[1,0],[15,48]]]},
"G773": {"type": "Matrix2x2", "payoffs": [[[49,0],[0,37]],[[71,57],[56,24]]]},
"G774": {"type": "Matrix2x2", "payoffs": [[[46,33],[0,6]],[[27,0],[47,55]]]},
"G775": {"type": "Matrix2x2", "payoffs": [[[10,2],[0,0]],[[23,10],[8,8]]]},
"G776": {"type": "Matrix2x2", "payoffs": [[[39,81],[0,0]],[[47,93],[29,55]]]},
"G777": {"type": "Matrix2x2", "payoffs": [[[0,0],[52,8]],[[62,17],[61,9]]]},
"G778": {"type": "Matrix2x2", "payoffs": [[[34,42],[1,9]],[[33,26],[0,0]]]},
"G779": {"type": "Matrix2x2", "payoffs": [[[0,0],[100,39]],[[32,35],[24,1]]]},
"G780": {"type": "Matrix2x2", "payoffs": [[[11,0],[26,20]],[[28,21],[0,4]]]},
"G781": {"type": "Matrix2x2", "payoffs": [[[27,4],[0,0]],[[41,9],[20,5]]]},
"G782": {"type": "Matrix2x2", "payoffs": [[[0,0],[4,68]],[[8,89],[1,4]]]},
"G783": {"type": "Matrix2x2", "payoffs": [[[64,20],[26,7]],[[0,0],[16,4]]]},
"G784": {"type": "Matrix2x2", "payoffs": [[[66,48],[0,5]],[[25,0],[17,47]]]},
"G785": {"type": "Matrix2x2", "payoffs": [[[0,13],[88,37]],[[50,0],[32,21]]]},
"G786": {"type": "Matrix2x2", "payoffs": [[[41,32],[12,0]],[[0,8],[33,26]]]},
"G787": {"type": "Matrix2x2", "payoffs": [[[24,84],[0,0]],[[22,8],[10,2]]]},
"G788": {"type": "Matrix2x2", "payoffs": [[[0,0],[31,22]],[[32,28],[13,2]]]},
"G789": {"type": "Matrix2x2", "payoffs": [[[17,58],[7,0]],[[0,9],[14,26]]]},
"G790": {"type": "Matrix2x2", "payoffs": [[[0,1],[12,0]],[[41,4],[40,2]]]},
"G791": {"type": "Matrix2x2", "payoffs": [[[35,82],[0,53]],[[39,100],[1,0]]]},
"G792": {"type": "Matrix2x2", "payoffs": [[[36,0],[3,75]],[[46,81],[0,65]]]},
"G793": {"type": "Matrix2x2", "payoffs": [[[9,58],[0,1]],[[5,0],[1,11]]]},
"G794": {"type": "Matrix2x2", "payoffs": [[[0,29],[2,0]],[[72,36],[39,17]]]},
"G795": {"type": "Matrix2x2", "payoffs": [[[37,49],[64,79]],[[58,0],[0,10]]]},
"G796": {"type": "Matrix2x2", "payoffs": [[[94,74],[0,41]],[[6,66],[28,0]]]},
"G797": {"type": "Matrix2x2", "payoffs": [[[44,39],[0,0]],[[45,12],[62,41]]]},
"G798": {"type": "Matrix2x2", "payoffs": [[[56,12],[80,39]],[[98,56],[0,0]]]},
"G799": {"type": "Matrix2x2", "payoffs": [[[55,65],[10,58]],[[0,45],[48,0]]]},
"G800": {"type": "Matrix2x2", "payoffs": [[[0,25],[32,87]],[[18,68],[2,0]]]},
"G801": {"type": "Matrix2x2", "payoffs": [[[17,5],[74,15]],[[0,0],[50,2]]]},
"G802": {"type": "Matrix2x2", "payoffs": [[[32,34],[69,36]],[[0,0],[35,5]]]},
"G803": {"type": "Matrix2x2", "payoffs": [[[30,10],[15,0]],[[0,4],[52,36]]]},
"G804": {"type": "Matrix2x2", "payoffs": [[[28,6],[100,41]],[[0,0],[60,36]]]},
"G805": {"type": "Matrix2x2", "payoffs": [[[13,6],[16,0]],[[76,8],[0,4]]]},
"G806": {"type": "Matrix2x2", "payoffs": [[[2,0],[12,20]],[[16,75],[0,55]]]},
"G807": {"type": "Matrix2x2", "payoffs": [[[0,27],[9,0]],[[7,2],[10,61]]]},
"G808": {"type": "Matrix2x2", "payoffs": [[[90,19],[82,15]],[[0,4],[19,0]]]},
"G809": {"type": "Matrix2x2", "payoffs": [[[90,93],[0,6]],[[32,0],[11,51]]]},
"G810": {"type": "Matrix2x2", "payoffs": [[[7,20],[30,28]],[[0,0],[17,6]]]},
"G811": {"type": "Matrix2x2", "payoffs": [[[36,0],[84,43]],[[54,10],[0,2]]]},
"G812": {"type": "Matrix2x2", "payoffs": [[[26,16],[15,0]],[[0,35],[35,37]]]},
"G813": {"type": "Matrix2x2", "payoffs": [[[21,38],[86,39]],[[8,0],[0,37]]]},
"G814": {"type": "Matrix2x2", "payoffs": [[[0,69],[1,0]],[[3,27],[7,76]]]},
"G815": {"type": "Matrix2x2", "payoffs": [[[5,0],[0,37]],[[8,75],[6,55]]]},
"G816": {"type": "Matrix2x2", "payoffs": [[[5,0],[0,1]],[[84,3],[35,2]]]},
"G817": {"type": "Matrix2x2", "payoffs": [[[3,5],[0,0]],[[13,12],[8,1]]]},
"G818": {"type": "Matrix2x2", "payoffs": [[[4,67],[6,88]],[[2,0],[0,28]]]},
"G819": {"type": "Matrix2x2", "payoffs": [[[21,0],[59,55]],[[0,11],[30,40]]]},
"G820": {"type": "Matrix2x2", "payoffs": [[[41,0],[0,7]],[[18,34],[57,74]]]},
"G821": {"type": "Matrix2x2", "payoffs": [[[52,16],[0,22]],[[60,0],[98,58]]]},
"G822": {"type": "Matrix2x2", "payoffs": [[[7,34],[0,0]],[[17,47],[13,6]]]},
"G823": {"type": "Matrix2x2", "payoffs": [[[64,73],[53,64]],[[0,0],[5,69]]]},
"G824": {"type": "Matrix2x2", "payoffs": [[[99,29],[17,21]],[[0,24],[34,0]]]},
"G825": {"type": "Matrix2x2", "payoffs": [[[76,4],[92,16]],[[43,8],[0,0]]]},
"G826": {"type": "Matrix2x2", "payoffs": [[[33,3],[0,9]],[[30,0],[35,18]]]},
"G827": {"type": "Matrix2x2", "payoffs": [[[80,94],[0,46]],[[13,0],[2,30]]]},
"G828": {"type": "Matrix2x2", "payoffs": [[[0,0],[31,50]],[[39,51],[25,25]]]},
"G829": {"type": "Matrix2x2", "payoffs": [[[0,0],[26,28]],[[28,45],[66,69]]]},
"G830": {"type": "Matrix2x2", "payoffs": [[[58,12],[0,38]],[[80,45],[21,0]]]},
"G831": {"type": "Matrix2x2", "payoffs": [[[0,2],[10,45]],[[95,59],[78,0]]]},
"G832": {"type": "Matrix2x2", "payoffs": [[[68,38],[63,0]],[[23,20],[0,25]]]},
"G833": {"type": "Matrix2x2", "payoffs": [[[74,86],[8,75]],[[61,0],[0,31]]]},
"G834": {"type": "Matrix2x2", "payoffs": [[[73,0],[0,15]],[[81,18],[69,2]]]},
"G835": {"type": "Matrix2x2", "payoffs": [[[0,7],[98,32]],[[45,0],[46,9]]]},
"G836": {"type": "Matrix2x2", "payoffs": [[[48,0],[9,28]],[[78,38],[0,2]]]},
"G837": {"type": "Matrix2x2", "payoffs": [[[0,35],[93,88]],[[53,0],[79,51]]]},
"G838": {"type": "Matrix2x2", "payoffs": [[[51,96],[43,89]],[[0,74],[30,0]]]},
"G839": {"type": "Matrix2x2", "payoffs": [[[76,77],[0,75]],[[75,1],[57,0]]]},
"G840": {"type": "Matrix2x2", "payoffs": [[[64,52],[38,2]],[[0,0],[15,50]]]},
"G841": {"type": "Matrix2x2", "payoffs": [[[30,33],[0,7]],[[48,39],[35,0]]]},
"G842": {"type": "Matrix2x2", "payoffs": [[[20,76],[1,17]],[[0,22],[4,0]]]},
"G843": {"type": "Matrix2x2", "payoffs": [[[39,69],[15,13]],[[0,67],[32,0]]]},
"G844": {"type": "Matrix2x2", "payoffs": [[[97,72],[92,51]],[[0,46],[69,0]]]},
"G845": {"type": "Matrix2x2", "payoffs": [[[6,0],[18,15]],[[0,3],[23,17]]]},
"G846": {"type": "Matrix2x2", "payoffs": [[[1,3],[3,26]],[[0,0],[2,15]]]},
"G847": {"type": "Matrix2x2", "payoffs": [[[0,2],[22,14]],[[17,0],[4,4]]]},
"G848": {"type": "Matrix2x2", "payoffs": [[[46,0],[0,17]],[[33,18],[75,32]]]},
"G849": {"type": "Matrix2x2", "payoffs": [[[7,0],[0,1]],[[31,27],[27,25]]]},
"G850": {"type": "Matrix2x2", "payoffs": [[[28,13],[0,24]],[[87,62],[41,0]]]},
"G851": {"type": "Matrix2x2", "payoffs": [[[0,14],[7,57]],[[26,66],[24,0]]]},
"G852": {"type": "Matrix2x2", "payoffs": [[[2,0],[3,36]],[[4,55],[0,5]]]},
"G853": {"type": "Matrix2x2", "payoffs": [[[5,27],[40,41]],[[55,62],[0,0]]]},
"G854": {"type": "Matrix2x2", "payoffs": [[[59,64],[0,0]],[[25,59],[51,23]]]},
"G855": {"type": "Matrix2x2", "payoffs": [[[15,48],[3,0]],[[7,31],[0,8]]]},
"G856": {"type": "Matrix2x2", "payoffs": [[[9,0],[0,20]],[[15,21],[3,6]]]},
"G857": {"type": "Matrix2x2", "payoffs": [[[0,62],[14,8]],[[43,97],[20,0]]]},
"G858": {"type": "Matrix2x2", "payoffs": [[[57,38],[82,68]],[[0,0],[68,47]]]},
"G859": {"type": "Matrix2x2", "payoffs": [[[21,0],[42,7]],[[0,3],[3,6]]]},
"G860": {"type": "Matrix2x2", "payoffs": [[[3,84],[0,80]],[[21,86],[16,0]]]},
"G861": {"type": "Matrix2x2", "payoffs": [[[28,48],[0,27]],[[5,0],[17,38]]]},
"G862": {"type": "Matrix2x2", "payoffs": [[[0,0],[4,53]],[[10,51],[20,99]]]},
"G863": {"type": "Matrix2x2", "payoffs": [[[8,15],[0,1]],[[2,0],[6,9]]]},
"G864": {"type": "Matrix2x2", "payoffs": [[[0,0],[4,5]],[[46,53],[36,50]]]},
"G865": {"type": "Matrix2x2", "payoffs": [[[0,13],[20,10]],[[10,0],[37,19]]]},
"G866": {"type": "Matrix2x2", "payoffs": [[[36,76],[18,11]],[[19,48],[0,0]]]},
"G867": {"type": "Matrix2x2", "payoffs": [[[50,64],[29,22]],[[0,2],[5,0]]]},
"G868": {"type": "Matrix2x2", "payoffs": [[[0,0],[32,38]],[[31,45],[36,52]]]},
"G869": {"type": "Matrix2x2", "payoffs": [[[0,0],[1,5]],[[8,24],[22,28]]]},
"G870": {"type": "Matrix2x2", "payoffs": [[[2,15],[5,22]],[[0,3],[3,0]]]},
"G871": {"type": "Matrix2x2", "payoffs": [[[3,43],[0,16]],[[6,56],[4,0]]]},
"G872": {"type": "Matrix2x2", "payoffs": [[[0,54],[78,98]],[[41,21],[43,0]]]},
"G873": {"type": "Matrix2x2", "payoffs": [[[64,84],[0,58]],[[50,6],[2,0]]]},
"G874": {"type": "Matrix2x2", "payoffs": [[[35,48],[21,0]],[[0,8],[16,5]]]},
"G875": {"type": "Matrix2x2", "payoffs": [[[37,27],[80,50]],[[64,13],[0,0]]]},
"G876": {"type": "Matrix2x2", "payoffs": [[[10,1],[0,5]],[[51,6],[17,0]]]},
"G877": {"type": "Matrix2x2", "payoffs": [[[32,0],[33,8]],[[0,28],[44,30]]]},
"G878": {"type": "Matrix2x2", "payoffs": [[[0,0],[63,33]],[[86,60],[51,43]]]},
"G879": {"type": "Matrix2x2", "payoffs": [[[46,6],[45,0]],[[21,1],[0,3]]]},
"G880": {"type": "Matrix2x2", "payoffs": [[[0,0],[29,12]],[[10,34],[36,40]]]},
"G881": {"type": "Matrix2x2", "payoffs": [[[36,83],[21,59]],[[0,50],[11,0]]]},
"G882": {"type": "Matrix2x2", "payoffs": [[[3,64],[4,0]],[[16,92],[0,90]]]},
"G883": {"type": "Matrix2x2", "payoffs": [[[30,50],[65,58]],[[36,40],[0,0]]]},
"G884": {"type": "Matrix2x2", "payoffs": [[[49,28],[65,71]],[[60,0],[0,70]]]},
"G885": {"type": "Matrix2x2", "payoffs": [[[3,0],[1,9]],[[7,92],[0,20]]]},
"G886": {"type": "Matrix2x2", "payoffs": [[[16,0],[36,8]],[[75,79],[0,33]]]},
"G887": {"type": "Matrix2x2", "payoffs": [[[91,27],[58,19]],[[62,0],[0,16]]]},
"G888": {"type": "Matrix2x2", "payoffs": [[[47,51],[33,14]],[[6,0],[0,12]]]},
"G889": {"type": "Matrix2x2", "payoffs": [[[0,15],[92,25]],[[48,0],[36,11]]]},
"G890": {"type": "Matrix2x2", "payoffs": [[[3,33],[2,0]],[[0,31],[39,39]]]},
"G891": {"type": "Matrix2x2", "payoffs": [[[0,7],[5,16]],[[3,6],[4,0]]]},
"G892": {"type": "Matrix2x2", "payoffs": [[[0,30],[42,91]],[[22,0],[18,42]]]},
"G893": {"type": "Matrix2x2", "payoffs": [[[37,30],[15,0]],[[0,2],[10,6]]]},
"G894": {"type": "Matrix2x2", "payoffs": [[[72,2],[0,0]],[[15,5],[94,10]]]},
"G895": {"type": "Matrix2x2", "payoffs": [[[7,0],[59,62]],[[32,41],[0,13]]]},
"G896": {"type": "Matrix2x2", "payoffs": [[[97,94],[0,0]],[[69,76],[6,90]]]},
"G897": {"type": "Matrix2x2", "payoffs": [[[0,0],[48,58]],[[43,37],[41,26]]]},
"G898": {"type": "Matrix2x2", "payoffs": [[[60,48],[0,36]],[[3,28],[16,0]]]},
"G899": {"type": "Matrix2x2", "payoffs": [[[0,0],[38,23]],[[36,6],[39,24]]]},
"G900": {"type": "Matrix2x2", "payoffs": [[[0,2],[41,0]],[[44,10],[92,19]]]},
"G901": {"type": "Matrix2x2", "payoffs": [[[63,38],[75,48]],[[0,25],[19,0]]]},
"G902": {"type": "Matrix2x2", "payoffs": [[[18,0],[0,70]],[[52,94],[44,57]]]},
"G903": {"type": "Matrix2x2", "payoffs": [[[11,0],[25,58]],[[0,56],[17,47]]]},
"G904": {"type": "Matrix2x2", "payoffs": [[[5,48],[45,99]],[[1,0],[0,80]]]},
"G905": {"type": "Matrix2x2", "payoffs": [[[69,3],[53,0]],[[0,1],[20,2]]]},
"G906": {"type": "Matrix2x2", "payoffs": [[[14,44],[12,7]],[[0,0],[6,10]]]},
"G907": {"type": "Matrix2x2", "payoffs": [[[4,35],[42,24]],[[99,51],[0,0]]]},
"G908": {"type": "Matrix2x2", "payoffs": [[[49,18],[16,4]],[[10,16],[0,0]]]},
"G909": {"type": "Matrix2x2", "payoffs": [[[0,23],[88,34]],[[39,0],[91,71]]]},
"G910": {"type": "Matrix2x2", "payoffs": [[[58,11],[52,0]],[[0,5],[62,15]]]},
"G911": {"type": "Matrix2x2", "payoffs": [[[0,78],[44,27]],[[52,85],[6,0]]]},
"G912": {"type": "Matrix2x2", "payoffs": [[[1,70],[0,0]],[[33,75],[27,71]]]},
"G913": {"type": "Matrix2x2", "payoffs": [[[0,8],[7,16]],[[22,19],[15,0]]]},
"G914": {"type": "Matrix2x2", "payoffs": [[[82,48],[38,27]],[[57,0],[0,41]]]},
"G915": {"type": "Matrix2x2", "payoffs": [[[11,4],[55,0]],[[78,5],[0,3]]]},
"G916": {"type": "Matrix2x2", "payoffs": [[[42,9],[3,0]],[[0,79],[74,87]]]},
"G917": {"type": "Matrix2x2", "payoffs": [[[70,28],[6,0]],[[0,16],[27,14]]]},
"G918": {"type": "Matrix2x2", "payoffs": [[[47,21],[74,45]],[[0,26],[28,0]]]},
"G919": {"type": "Matrix2x2", "payoffs": [[[96,47],[72,0]],[[0,11],[54,46]]]},
"G920": {"type": "Matrix2x2", "payoffs": [[[0,0],[5,6]],[[12,14],[80,27]]]},
"G921": {"type": "Matrix2x2", "payoffs": [[[52,0],[82,14]],[[92,25],[0,2]]]},
"G922": {"type": "Matrix2x2", "payoffs": [[[68,6],[25,4]],[[19,0],[0,3]]]},
"G923": {"type": "Matrix2x2", "payoffs": [[[5,12],[17,9]],[[0,0],[63,36]]]},
"G924": {"type": "Matrix2x2", "payoffs": [[[2,4],[10,49]],[[9,2],[0,0]]]},
"G925": {"type": "Matrix2x2", "payoffs": [[[4,0],[0,56]],[[3,52],[6,97]]]},
"G926": {"type": "Matrix2x2", "payoffs": [[[0,16],[85,36]],[[10,0],[87,89]]]},
"G927": {"type": "Matrix2x2", "payoffs": [[[2,52],[12,79]],[[0,0],[4,2]]]},
"G928": {"type": "Matrix2x2", "payoffs": [[[50,0],[0,57]],[[89,71],[19,8]]]},
"G929": {"type": "Matrix2x2", "payoffs": [[[0,13],[37,2]],[[72,26],[53,0]]]},
"G930": {"type": "Matrix2x2", "payoffs": [[[1,0],[54,3]],[[0,17],[64,29]]]},
"G931": {"type": "Matrix2x2", "payoffs": [[[29,0],[72,51]],[[0,47],[59,30]]]},
"G932": {"type": "Matrix2x2", "payoffs": [[[12,4],[32,0]],[[0,1],[60,10]]]},
"G933": {"type": "Matrix2x2", "payoffs": [[[41,0],[0,4]],[[61,17],[23,6]]]},
"G934": {"type": "Matrix2x2", "payoffs": [[[85,30],[79,27]],[[0,0],[19,24]]]},
"G935": {"type": "Matrix2x2", "payoffs": [[[0,0],[6,4]],[[23,21],[58,47]]]},
"G936": {"type": "Matrix2x2", "payoffs": [[[0,14],[3,0]],[[2,4],[4,23]]]},
"G937": {"type": "Matrix2x2", "payoffs": [[[0,0],[53,1]],[[70,9],[99,14]]]},
"G938": {"type": "Matrix2x2", "payoffs": [[[7,34],[15,69]],[[0,8],[13,0]]]},
"G939": {"type": "Matrix2x2", "payoffs": [[[6,3],[2,5]],[[0,0],[8,8]]]},
"G940": {"type": "Matrix2x2", "payoffs": [[[1,29],[0,74]],[[4,77],[2,0]]]},
"G941": {"type": "Matrix2x2", "payoffs": [[[0,48],[25,82]],[[1,80],[23,0]]]},
"G942": {"type": "Matrix2x2", "payoffs": [[[0,0],[49,27]],[[23,76],[80,86]]]},
"G943": {"type": "Matrix2x2", "payoffs": [[[7,16],[1,0]],[[10,29],[0,23]]]},
"G944": {"type": "Matrix2x2", "payoffs": [[[100,63],[18,12]],[[38,0],[0,42]]]},
"G945": {"type": "Matrix2x2", "payoffs": [[[3,1],[80,3]],[[0,0],[96,11]]]},
"G946": {"type": "Matrix2x2", "payoffs": [[[57,86],[9,8]],[[0,62],[38,0]]]},
"G947": {"type": "Matrix2x2", "payoffs": [[[57,3],[40,1]],[[67,5],[0,0]]]},
"G948": {"type": "Matrix2x2", "payoffs": [[[0,25],[40,0]],[[42,56],[4,2]]]},
"G949": {"type": "Matrix2x2", "payoffs": [[[14,16],[0,0]],[[93,32],[31,26]]]},
"G950": {"type": "Matrix2x2", "payoffs": [[[27,28],[0,0]],[[39,36],[2,10]]]},
"G951": {"type": "Matrix2x2", "payoffs": [[[28,17],[11,7]],[[0,0],[39,53]]]},
"G952": {"type": "Matrix2x2", "payoffs": [[[5,15],[10,66]],[[0,0],[19,70]]]},
"G953": {"type": "Matrix2x2", "payoffs": [[[32,40],[0,22]],[[9,38],[31,0]]]},
"G954": {"type": "Matrix2x2", "payoffs": [[[0,21],[13,0]],[[62,47],[5,44]]]},
"G955": {"type": "Matrix2x2", "payoffs": [[[10,1],[11,3]],[[8,2],[0,0]]]},
"G956": {"type": "Matrix2x2", "payoffs": [[[45,44],[56,0]],[[62,91],[0,75]]]},
"G957": {"type": "Matrix2x2", "payoffs": [[[13,0],[20,68]],[[0,42],[50,74]]]},
"G958": {"type": "Matrix2x2", "payoffs": [[[15,16],[40,17]],[[0,0],[33,9]]]},
"G959": {"type": "Matrix2x2", "payoffs": [[[14,12],[77,88]],[[0,64],[30,0]]]},
"G960": {"type": "Matrix2x2", "payoffs": [[[40,51],[26,9]],[[16,0],[0,3]]]},
"G961": {"type": "Matrix2x2", "payoffs": [[[17,12],[24,3]],[[25,26],[0,0]]]},
"G962": {"type": "Matrix2x2", "payoffs": [[[2,2],[5,0]],[[9,4],[0,1]]]},
"G963": {"type": "Matrix2x2", "payoffs": [[[0,0],[92,41]],[[55,2],[85,9]]]},
"G964": {"type": "Matrix2x2", "payoffs": [[[0,34],[7,31]],[[54,51],[39,0]]]},
"G965": {"type": "Matrix2x2", "payoffs": [[[0,0],[20,19]],[[30,92],[21,61]]]},
"G966": {"type": "Matrix2x2", "payoffs": [[[0,35],[99,53]],[[14,24],[2,0]]]},
"G967": {"type": "Matrix2x2", "payoffs": [[[40,0],[60,58]],[[32,25],[0,34]]]},
"G968": {"type": "Matrix2x2", "payoffs": [[[89,95],[0,10]],[[38,22],[5,0]]]},
"G969": {"type": "Matrix2x2", "payoffs": [[[80,77],[27,0]],[[57,46],[0,74]]]},
"G970": {"type": "Matrix2x2", "payoffs": [[[0,61],[50,0]],[[39,77],[63,82]]]},
"G971": {"type": "Matrix2x2", "payoffs": [[[0,36],[24,43]],[[19,2],[1,0]]]},
"G972": {"type": "Matrix2x2", "payoffs": [[[0,0],[66,83]],[[37,7],[30,64]]]},
"G973": {"type": "Matrix2x2", "payoffs": [[[47,0],[0,15]],[[57,22],[58,43]]]},
"G974": {"type": "Matrix2x2", "payoffs": [[[17,4],[15,0]],[[19,6],[0,2]]]},
"G975": {"type": "Matrix2x2", "payoffs": [[[22,19],[53,38]],[[0,0],[96,51]]]},
"G976": {"type": "Matrix2x2", "payoffs": [[[6,3],[2,2]],[[0,0],[5,1]]]},
"G977": {"type": "Matrix2x2", "payoffs": [[[30,23],[23,8]],[[0,15],[14,0]]]},
"G978": {"type": "Matrix2x2", "payoffs": [[[30,42],[7,0]],[[0,1],[19,4]]]},
"G979": {"type": "Matrix2x2", "payoffs": [[[57,31],[0,17]],[[36,0],[33,10]]]},
"G980": {"type": "Matrix2x2", "payoffs": [[[54,0],[42,35]],[[0,58],[61,59]]]},
"G981": {"type": "Matrix2x2", "payoffs": [[[20,0],[0,1]],[[25,3],[7,2]]]},
"G982": {"type": "Matrix2x2", "payoffs": [[[2,0],[31,22]],[[68,71],[0,35]]]},
"G983": {"type": "Matrix2x2", "payoffs": [[[34,71],[21,64]],[[12,36],[0,0]]]},
"G984": {"type": "Matrix2x2", "payoffs": [[[67,0],[62,36]],[[81,45],[0,31]]]},
"G985": {"type": "Matrix2x2", "payoffs": [[[0,21],[5,38]],[[1,7],[2,0]]]},
"G986": {"type": "Matrix2x2", "payoffs": [[[37,64],[10,39]],[[6,0],[0,42]]]},
"G987": {"type": "Matrix2x2", "payoffs": [[[0,16],[55,9]],[[49,0],[68,21]]]},
"G988": {"type": "Matrix2x2", "payoffs": [[[4,0],[6,83]],[[3,62],[0,36]]]},
"G989": {"type": "Matrix2x2", "payoffs": [[[38,12],[16,3]],[[55,36],[0,0]]]},
"G990": {"type": "Matrix2x2", "payoffs": [[[12,26],[87,50]],[[0,27],[16,0]]]},
"G991": {"type": "Matrix2x2", "payoffs": [[[0,0],[64,31]],[[43,25],[48,27]]]},
"G992": {"type": "Matrix2x2", "payoffs": [[[5,26],[0,0]],[[8,36],[2,3]]]},
"G993": {"type": "Matrix2x2", "payoffs": [[[2,0],[10,9]],[[0,14],[21,91]]]},
"G994": {"type": "Matrix2x2", "payoffs": [[[3,0],[0,8]],[[58,14],[25,7]]]},
"G995": {"type": "Matrix2x2", "payoffs": [[[27,4],[0,0]],[[50,38],[33,37]]]},
"G996": {"type": "Matrix2x2", "payoffs": [[[5,36],[42,52]],[[3,9],[0,0]]]},
"G997": {"type": "Matrix2x2", "payoffs": [[[65,35],[30,54]],[[89,69],[0,0]]]},
"G998": {"type": "Matrix2x2", "payoffs": [[[26,31],[1,38]],[[0,0],[89,61]]]},
"G999": {"type": "Matrix2x2", "payoffs": [[[0,0],[14,3]],[[6,15],[43,23]]]},
"G1000": {"type": "Matrix2x2", "payoffs": [[[33,1],[37,0]],[[44,16],[0,15]]]}
}