{
"numGames": 100,
"G1": {"type": "Matrix2x2", "payoffs": [[[0,0],[23,23]],[[44,11],[49,24]]]},
"G2": {"type": "Matrix2x2", "payoffs": [[[44,1],[50,6]],[[0,2],[46,0]]]},
"G3": {"type": "Matrix2x2", "payoffs": [[[3,44],[0,6]],[[28,0],[57,76]]]},
"G4": {"type": "Matrix2x2", "payoffs": [[[49,36],[0,0]],[[44,19],[39,10]]]},
"G5": {"type": "Matrix2x2", "payoffs": [[[29,44],[0,0]],[[24,12],[28,3]]]},
"G6": {"type": "Matrix2x2", "payoffs": [[[0,14],[37,0]],[[67,58],[64,11]]]},
"G7": {"type": "Matrix2x2", "payoffs": [[[64,32],[59,12]],[[0,0],[85,35]]]},
"G8": {"type": "Matrix2x2", "payoffs": [[[0,43],[1,0]],[[16,100],[2,15]]]},
"G9": {"type": "Matrix2x2", "payoffs": [[[14,51],[12,0]],[[2,26],[0,25]]]},
"G10": {"type": "Matrix2x2", "payoffs": [[[2,2],[0,24]],[[1,0],[3,44]]]},
"G11": {"type": "Matrix2x2", "payoffs": [[[44,39],[0,12]],[[30,24],[33,0]]]},
"G12": {"type": "Matrix2x2", "payoffs": [[[24,10],[11,1]],[[0,0],[35,26]]]},
"G13": {"type": "Matrix2x2", "payoffs": [[[29,0],[0,50]],[[74,90],[49,12]]]},
"G14": {"type": "Matrix2x2", "payoffs": [[[41,22],[0,16]],[[94,23],[54,0]]]},
"G15": {"type": "Matrix2x2", "payoffs": [[[82,1],[3,2]],[[0,0],[87,9]]]},
"G16": {"type": "Matrix2x2", "payoffs": [[[27,10],[0,0]],[[53,5],[59,11]]]},
"G17": {"type": "Matrix2x2", "payoffs": [[[63,0],[0,15]],[[65,100],[23,31]]]},
"G18": {"type": "Matrix2x2", "payoffs": [[[57,45],[0,0]],[[2,5],[61,47]]]},
"G19": {"type": "Matrix2x2", "payoffs": [[[83,0],[86,24]],[[82,14],[0,8]]]},
"G20": {"type": "Matrix2x2", "payoffs": [[[28,58],[42,28]],[[63,60],[0,0]]]},
"G21": {"type": "Matrix2x2", "payoffs": [[[86,0],[0,4]],[[78,29],[89,35]]]},
"G22": {"type": "Matrix2x2", "payoffs": [[[56,14],[15,3]],[[0,2],[22,0]]]},
"G23": {"type": "Matrix2x2", "payoffs": [[[0,0],[8,86]],[[7,56],[5,81]]]},
"G24": {"type": "Matrix2x2", "payoffs": [[[0,9],[72,56]],[[61,19],[29,0]]]},
"G25": {"type": "Matrix2x2", "payoffs": [[[38,17],[39,0]],[[0,23],[43,45]]]},
"G26": {"type": "Matrix2x2", "payoffs": [[[79,66],[93,88]],[[55,21],[0,0]]]},
"G27": {"type": "Matrix2x2", "payoffs": [[[64,76],[0,73]],[[41,0],[10,29]]]},
"G28": {"type": "Matrix2x2", "payoffs": [[[20,89],[14,74]],[[0,0],[4,21]]]},
"G29": {"type": "Matrix2x2", "payoffs": [[[0,23],[16,0]],[[51,63],[73,83]]]},
"G30": {"type": "Matrix2x2", "payoffs": [[[0,10],[40,15]],[[10,0],[34,12]]]},
"G31": {"type": "Matrix2x2", "payoffs": [[[0,21],[90,55]],[[20,0],[16,5]]]},
"G32": {"type": "Matrix2x2", "payoffs": [[[39,13],[8,7]],[[13,0],[0,1]]]},
"G33": {"type": "Matrix2x2", "payoffs": [[[0,0],[14,22]],[[19,36],[28,48]]]},
"G34": {"type": "Matrix2x2", "payoffs": [[[97,10],[0,7]],[[17,2],[89,0]]]},
"G35": {"type": "Matrix2x2", "payoffs": [[[44,87],[36,10]],[[0,0],[19,43]]]},
"G36": {"type": "Matrix2x2", "payoffs": [[[67,25],[0,10]],[[68,0],[91,52]]]},
"G37": {"type": "Matrix2x2", "payoffs": [[[1,0],[3,22]],[[35,28],[0,3]]]},
"G38": {"type": "Matrix2x2", "payoffs": [[[0,0],[2,66]],[[3,90],[22,98]]]},
"G39": {"type": "Matrix2x2", "payoffs": [[[48,59],[24,57]],[[13,0],[0,49]]]},
"G40": {"type": "Matrix2x2", "payoffs": [[[0,0],[12,38]],[[30,20],[31,41]]]},
"G41": {"type": "Matrix2x2", "payoffs": [[[93,92],[0,0]],[[3,18],[46,2]]]},
"G42": {"type": "Matrix2x2", "payoffs": [[[28,7],[41,10]],[[0,0],[45,28]]]},
"G43": {"type": "Matrix2x2", "payoffs": [[[71,57],[0,0]],[[47,15],[40,40]]]},
"G44": {"type": "Matrix2x2", "payoffs": [[[2,6],[0,1]],[[4,0],[21,9]]]},
"G45": {"type": "Matrix2x2", "payoffs": [[[31,5],[0,0]],[[36,2],[64,6]]]},
"G46": {"type": "Matrix2x2", "payoffs": [[[84,0],[89,25]],[[0,3],[4,6]]]},
"G47": {"type": "Matrix2x2", "payoffs": [[[16,3],[19,25]],[[5,12],[0,0]]]},
"G48": {"type": "Matrix2x2", "payoffs": [[[82,64],[37,0]],[[51,41],[0,38]]]},
"G49": {"type": "Matrix2x2", "payoffs": [[[17,37],[44,40]],[[0,0],[35,8]]]},
"G50": {"type": "Matrix2x2", "payoffs": [[[0,0],[8,28]],[[12,40],[7,36]]]},
"G51": {"type": "Matrix2x2", "payoffs": [[[0,8],[59,13]],[[35,0],[75,30]]]},
"G52": {"type": "Matrix2x2", "payoffs": [[[0,27],[29,46]],[[23,18],[7,0]]]},
"G53": {"type": "Matrix2x2", "payoffs": [[[0,0],[58,4]],[[49,2],[20,1]]]},
"G54": {"type": "Matrix2x2", "payoffs": [[[11,0],[15,98]],[[0,15],[12,67]]]},
"G55": {"type": "Matrix2x2", "payoffs": [[[51,15],[12,4]],[[0,5],[22,0]]]},
"G56": {"type": "Matrix2x2", "payoffs": [[[88,29],[0,0]],[[57,8],[58,19]]]},
"G57": {"type": "Matrix2x2", "payoffs": [[[0,54],[31,60]],[[19,0],[1,59]]]},
"G58": {"type": "Matrix2x2", "payoffs": [[[53,81],[0,71]],[[26,0],[47,36]]]},
"G59": {"type": "Matrix2x2", "payoffs": [[[3,31],[8,41]],[[5,30],[0,0]]]},
"G60": {"type": "Matrix2x2", "payoffs": [[[83,8],[15,0]],[[45,3],[0,4]]]},
"G61": {"type": "Matrix2x2", "payoffs": [[[0,10],[61,19]],[[19,0],[12,2]]]},
"G62": {"type": "Matrix2x2", "payoffs": [[[15,3],[0,4]],[[4,0],[37,11]]]},
"G63": {"type": "Matrix2x2", "payoffs": [[[0,44],[27,29]],[[21,0],[30,52]]]},
"G64": {"type": "Matrix2x2", "payoffs": [[[0,53],[3,47]],[[14,0],[78,60]]]},
"G65": {"type": "Matrix2x2", "payoffs": [[[3,0],[18,68]],[[21,76],[0,55]]]},
"G66": {"type": "Matrix2x2", "payoffs": [[[4,18],[3,15]],[[0,0],[7,24]]]},
"G67": {"type": "Matrix2x2", "payoffs": [[[89,73],[0,6]],[[27,0],[38,27]]]},
"G68": {"type": "Matrix2x2", "payoffs": [[[0,15],[6,87]],[[2,0],[3,20]]]},
"G69": {"type": "Matrix2x2", "payoffs": [[[23,0],[26,43]],[[0,35],[17,41]]]},
"G70": {"type": "Matrix2x2", "payoffs": [[[0,0],[30,53]],[[10,10],[38,97]]]},
"G71": {"type": "Matrix2x2", "payoffs": [[[81,97],[0,42]],[[54,71],[28,0]]]},
"G72": {"type": "Matrix2x2", "payoffs": [[[82,15],[25,22]],[[99,82],[0,0]]]},
"G73": {"type": "Matrix2x2", "payoffs": [[[32,6],[36,12]],[[29,0],[0,2]]]},
"G74": {"type": "Matrix2x2", "payoffs": [[[28,40],[36,6]],[[0,0],[74,78]]]},
"G75": {"type": "Matrix2x2", "payoffs": [[[0,0],[76,47]],[[24,12],[37,9]]]},
"G76": {"type": "Matrix2x2", "payoffs": [[[0,33],[31,51]],[[7,7],[5,0]]]},
"G77": {"type": "Matrix2x2", "payoffs": [[[73,59],[0,18]],[[13,27],[24,0]]]},
"G78": {"type": "Matrix2x2", "payoffs": [[[4,4],[6,16]],[[0,13],[3,0]]]},
"G79": {"type": "Matrix2x2", "payoffs": [[[17,0],[63,9]],[[99,58],[0,29]]]},
"G80": {"type": "Matrix2x2", "payoffs": [[[2,29],[7,27]],[[36,49],[0,0]]]},
"G81": {"type": "Matrix2x2", "payoffs": [[[13,40],[29,0]],[[0,33],[38,64]]]},
"G82": {"type": "Matrix2x2", "payoffs": [[[30,0],[0,16]],[[36,9],[40,19]]]},
"G83": {"type": "Matrix2x2", "payoffs": [[[0,14],[42,24]],[[17,0],[37,5]]]},
"G84": {"type": "Matrix2x2", "payoffs": [[[50,100],[19,29]],[[31,33],[0,0]]]},
"G85": {"type": "Matrix2x2", "payoffs": [[[33,0],[43,76]],[[17,45],[0,5]]]},
"G86": {"type": "Matrix2x2", "payoffs": [[[22,3],[37,0]],[[0,19],[45,47]]]},
"G87": {"type": "Matrix2x2", "payoffs": [[[27,13],[0,6]],[[8,0],[23,3]]]},
"G88": {"type": "Matrix2x2", "payoffs": [[[44,20],[0,12]],[[13,0],[90,22]]]},
"G89": {"type": "Matrix2x2", "payoffs": [[[13,42],[0,0]],[[5,35],[15,73]]]},
"G90": {"type": "Matrix2x2", "payoffs": [[[18,15],[93,38]],[[0,18],[19,0]]]},
"G91": {"type": "Matrix2x2", "payoffs": [[[41,30],[6,0]],[[0,1],[76,41]]]},
"G92": {"type": "Matrix2x2", "payoffs": [[[0,6],[20,0]],[[32,9],[33,10]]]},
"G93": {"type": "Matrix2x2", "payoffs": [[[1,21],[0,0]],[[3,9],[6,23]]]},
"G94": {"type": "Matrix2x2", "payoffs": [[[17,30],[0,23]],[[25,50],[21,0]]]},
"G95": {"type": "Matrix2x2", "payoffs": [[[47,35],[19,21]],[[0,0],[31,23]]]},
"G96": {"type": "Matrix2x2", "payoffs": [[[56,19],[15,34]],[[91,57],[0,0]]]},
"G97": {"type": "Matrix2x2", "payoffs": [[[5,46],[0,0]],[[3,14],[4,36]]]},
"G98": {"type": "Matrix2x2", "payoffs": [[[10,61],[6,37]],[[0,0],[9,54]]]},
"G99": {"type": "Matrix2x2", "payoffs": [[[0,9],[48,82]],[[9,0],[32,54]]]},
"G100": {"type": "Matrix2x2", "payoffs": [[[0,18],[52,0]],[[39,4],[88,19]]]}
}