{
"numGames": 1000,
"G1": {"type": "Matrix2x2", "payoffs": [[[41,38],[48,93]],[[45,0],[0,88]]]},
"G2": {"type": "Matrix2x2", "payoffs": [[[48,1],[60,41]],[[9,0],[0,13]]]},
"G3": {"type": "Matrix2x2", "payoffs": [[[23,72],[1,59]],[[8,3],[0,0]]]},
"G4": {"type": "Matrix2x2", "payoffs": [[[40,0],[21,50]],[[46,85],[0,28]]]},
"G5": {"type": "Matrix2x2", "payoffs": [[[75,19],[82,22]],[[87,24],[0,0]]]},
"G6": {"type": "Matrix2x2", "payoffs": [[[0,24],[63,29]],[[37,4],[46,0]]]},
"G7": {"type": "Matrix2x2", "payoffs": [[[3,0],[16,20]],[[0,12],[24,89]]]},
"G8": {"type": "Matrix2x2", "payoffs": [[[15,69],[7,13]],[[0,0],[10,57]]]},
"G9": {"type": "Matrix2x2", "payoffs": [[[81,70],[21,0]],[[62,52],[0,31]]]},
"G10": {"type": "Matrix2x2", "payoffs": [[[22,0],[59,6]],[[0,1],[20,3]]]},
"G11": {"type": "Matrix2x2", "payoffs": [[[6,12],[1,0]],[[17,50],[0,29]]]},
"G12": {"type": "Matrix2x2", "payoffs": [[[85,0],[54,38]],[[0,15],[95,97]]]},
"G13": {"type": "Matrix2x2", "payoffs": [[[12,6],[0,0]],[[21,54],[10,1]]]},
"G14": {"type": "Matrix2x2", "payoffs": [[[6,84],[3,0]],[[4,65],[0,34]]]},
"G15": {"type": "Matrix2x2", "payoffs": [[[0,0],[8,28]],[[29,36],[28,3]]]},
"G16": {"type": "Matrix2x2", "payoffs": [[[6,0],[88,21]],[[53,3],[0,2]]]},
"G17": {"type": "Matrix2x2", "payoffs": [[[2,56],[10,85]],[[6,0],[0,64]]]},
"G18": {"type": "Matrix2x2", "payoffs": [[[0,0],[16,92]],[[10,48],[14,82]]]},
"G19": {"type": "Matrix2x2", "payoffs": [[[4,17],[3,11]],[[21,30],[0,0]]]},
"G20": {"type": "Matrix2x2", "payoffs": [[[22,52],[4,43]],[[6,25],[0,0]]]},
"G21": {"type": "Matrix2x2", "payoffs": [[[82,79],[0,22]],[[11,0],[51,31]]]},
"G22": {"type": "Matrix2x2", "payoffs": [[[0,9],[68,14]],[[67,0],[27,10]]]},
"G23": {"type": "Matrix2x2", "payoffs": [[[70,75],[0,38]],[[57,0],[45,36]]]},
"G24": {"type": "Matrix2x2", "payoffs": [[[51,15],[19,4]],[[52,71],[0,0]]]},
"G25": {"type": "Matrix2x2", "payoffs": [[[2,44],[0,0]],[[1,21],[65,45]]]},
"G26": {"type": "Matrix2x2", "payoffs": [[[0,0],[69,16]],[[3,14],[38,1]]]},
"G27": {"type": "Matrix2x2", "payoffs": [[[52,0],[93,39]],[[60,6],[0,7]]]},
"G28": {"type": "Matrix2x2", "payoffs": [[[7,9],[0,2]],[[11,11],[1,0]]]},
"G29": {"type": "Matrix2x2", "payoffs": [[[16,30],[0,3]],[[20,0],[21,36]]]},
"G30": {"type": "Matrix2x2", "payoffs": [[[0,0],[2,41]],[[62,72],[40,62]]]},
"G31": {"type": "Matrix2x2", "payoffs": [[[36,0],[62,67]],[[0,4],[33,57]]]},
"G32": {"type": "Matrix2x2", "payoffs": [[[13,38],[49,57]],[[9,8],[0,0]]]},
"G33": {"type": "Matrix2x2", "payoffs": [[[23,0],[0,59]],[[56,78],[4,7]]]},
"G34": {"type": "Matrix2x2", "payoffs": [[[66,0],[0,24]],[[72,32],[60,9]]]},
"G35": {"type": "Matrix2x2", "payoffs": [[[8,1],[4,0]],[[0,7],[10,24]]]},
"G36": {"type": "Matrix2x2", "payoffs": [[[0,7],[71,8]],[[63,2],[45,0]]]},
"G37": {"type": "Matrix2x2", "payoffs": [[[29,15],[14,6]],[[0,0],[36,16]]]},
"G38": {"type": "Matrix2x2", "payoffs": [[[1,0],[0,13]],[[9,16],[7,11]]]},
"G39": {"type": "Matrix2x2", "payoffs": [[[0,0],[2,66]],[[3,91],[15,97]]]},
"G40": {"type": "Matrix2x2", "payoffs": [[[64,70],[58,61]],[[0,51],[29,0]]]},
"G41": {"type": "Matrix2x2", "payoffs": [[[13,43],[0,0]],[[35,80],[19,22]]]},
"G42": {"type": "Matrix2x2", "payoffs": [[[7,56],[36,98]],[[31,24],[0,0]]]},
"G43": {"type": "Matrix2x2", "payoffs": [[[0,33],[5,0]],[[78,40],[34,20]]]},
"G44": {"type": "Matrix2x2", "payoffs": [[[0,77],[36,92]],[[17,8],[34,0]]]},
"G45": {"type": "Matrix2x2", "payoffs": [[[53,0],[43,25]],[[78,39],[0,24]]]},
"G46": {"type": "Matrix2x2", "payoffs": [[[24,2],[41,53]],[[0,0],[54,57]]]},
"G47": {"type": "Matrix2x2", "payoffs": [[[41,7],[6,66]],[[51,69],[0,0]]]},
"G48": {"type": "Matrix2x2", "payoffs": [[[83,0],[84,90]],[[76,67],[0,61]]]},
"G49": {"type": "Matrix2x2", "payoffs": [[[72,0],[85,9]],[[0,2],[4,8]]]},
"G50": {"type": "Matrix2x2", "payoffs": [[[76,33],[0,0]],[[77,61],[43,25]]]},
"G51": {"type": "Matrix2x2", "payoffs": [[[63,51],[0,0]],[[33,12],[82,75]]]},
"G52": {"type": "Matrix2x2", "payoffs": [[[80,28],[22,0]],[[0,21],[5,23]]]},
"G53": {"type": "Matrix2x2", "payoffs": [[[0,40],[5,0]],[[3,38],[7,96]]]},
"G54": {"type": "Matrix2x2", "payoffs": [[[0,15],[50,0]],[[68,58],[35,2]]]},
"G55": {"type": "Matrix2x2", "payoffs": [[[29,0],[0,41]],[[35,98],[7,28]]]},
"G56": {"type": "Matrix2x2", "payoffs": [[[27,61],[7,31]],[[4,0],[0,51]]]},
"G57": {"type": "Matrix2x2", "payoffs": [[[50,0],[78,50]],[[0,23],[19,2]]]},
"G58": {"type": "Matrix2x2", "payoffs": [[[82,99],[0,49]],[[70,0],[72,87]]]},
"G59": {"type": "Matrix2x2", "payoffs": [[[13,10],[33,0]],[[65,63],[0,52]]]},
"G60": {"type": "Matrix2x2", "payoffs": [[[42,8],[0,0]],[[72,9],[99,14]]]},
"G61": {"type": "Matrix2x2", "payoffs": [[[29,17],[48,41]],[[0,13],[13,0]]]},
"G62": {"type": "Matrix2x2", "payoffs": [[[30,11],[4,0]],[[0,3],[52,43]]]},
"G63": {"type": "Matrix2x2", "payoffs": [[[11,37],[0,0]],[[51,50],[20,18]]]},
"G64": {"type": "Matrix2x2", "payoffs": [[[52,82],[12,69]],[[36,24],[0,0]]]},
"G65": {"type": "Matrix2x2", "payoffs": [[[10,0],[0,22]],[[6,37],[11,48]]]},
"G66": {"type": "Matrix2x2", "payoffs": [[[48,0],[42,32]],[[0,9],[97,39]]]},
"G67": {"type": "Matrix2x2", "payoffs": [[[0,24],[24,46]],[[23,0],[4,39]]]},
"G68": {"type": "Matrix2x2", "payoffs": [[[70,93],[5,50]],[[8,0],[0,1]]]},
"G69": {"type": "Matrix2x2", "payoffs": [[[7,92],[2,0]],[[3,59],[0,87]]]},
"G70": {"type": "Matrix2x2", "payoffs": [[[4,42],[0,2]],[[1,25],[2,0]]]},
"G71": {"type": "Matrix2x2", "payoffs": [[[0,0],[6,4]],[[57,10],[15,5]]]},
"G72": {"type": "Matrix2x2", "payoffs": [[[0,12],[1,0]],[[19,51],[29,61]]]},
"G73": {"type": "Matrix2x2", "payoffs": [[[0,3],[45,21]],[[20,2],[1,0]]]},
"G74": {"type": "Matrix2x2", "payoffs": [[[50,0],[78,4]],[[81,50],[0,11]]]},
"G75": {"type": "Matrix2x2", "payoffs": [[[63,59],[0,0]],[[25,28],[16,30]]]},
"G76": {"type": "Matrix2x2", "payoffs": [[[7,37],[1,0]],[[0,15],[5,30]]]},
"G77": {"type": "Matrix2x2", "payoffs": [[[11,0],[6,16]],[[0,76],[12,98]]]},
"G78": {"type": "Matrix2x2", "payoffs": [[[5,47],[0,0]],[[13,60],[6,1]]]},
"G79": {"type": "Matrix2x2", "payoffs": [[[9,7],[0,0]],[[3,45],[27,99]]]},
"G80": {"type": "Matrix2x2", "payoffs": [[[4,0],[0,26]],[[20,95],[13,51]]]},
"G81": {"type": "Matrix2x2", "payoffs": [[[0,1],[77,23]],[[64,0],[93,53]]]},
"G82": {"type": "Matrix2x2", "payoffs": [[[7,0],[0,6]],[[1,18],[8,36]]]},
"G83": {"type": "Matrix2x2", "payoffs": [[[12,0],[2,13]],[[0,8],[56,22]]]},
"G84": {"type": "Matrix2x2", "payoffs": [[[77,1],[79,84]],[[40,54],[0,0]]]},
"G85": {"type": "Matrix2x2", "payoffs": [[[0,5],[40,28]],[[10,9],[26,0]]]},
"G86": {"type": "Matrix2x2", "payoffs": [[[21,66],[19,0]],[[0,46],[13,44]]]},
"G87": {"type": "Matrix2x2", "payoffs": [[[6,0],[0,76]],[[10,83],[9,35]]]},
"G88": {"type": "Matrix2x2", "payoffs": [[[31,4],[0,0]],[[58,32],[53,31]]]},
"G89": {"type": "Matrix2x2", "payoffs": [[[59,3],[0,0]],[[44,9],[100,12]]]},
"G90": {"type": "Matrix2x2", "payoffs": [[[0,0],[19,18]],[[56,23],[16,5]]]},
"G91": {"type": "Matrix2x2", "payoffs": [[[19,75],[0,12]],[[16,0],[10,53]]]},
"G92": {"type": "Matrix2x2", "payoffs": [[[0,12],[25,0]],[[16,43],[28,59]]]},
"G93": {"type": "Matrix2x2", "payoffs": [[[0,0],[1,20]],[[2,66],[3,78]]]},
"G94": {"type": "Matrix2x2", "payoffs": [[[0,0],[10,87]],[[6,25],[49,90]]]},
"G95": {"type": "Matrix2x2", "payoffs": [[[21,0],[27,66]],[[0,47],[54,72]]]},
"G96": {"type": "Matrix2x2", "payoffs": [[[31,47],[23,37]],[[2,0],[0,22]]]},
"G97": {"type": "Matrix2x2", "payoffs": [[[45,22],[0,45]],[[58,98],[54,0]]]},
"G98": {"type": "Matrix2x2", "payoffs": [[[89,18],[0,93]],[[49,0],[94,94]]]},
"G99": {"type": "Matrix2x2", "payoffs": [[[44,0],[0,13]],[[35,7],[50,19]]]},
"G100": {"type": "Matrix2x2", "payoffs": [[[40,17],[32,7]],[[9,6],[0,0]]]},
"G101": {"type": "Matrix2x2", "payoffs": [[[0,69],[8,17]],[[5,0],[14,79]]]},
"G102": {"type": "Matrix2x2", "payoffs": [[[0,0],[10,37]],[[32,1],[37,97]]]},
"G103": {"type": "Matrix2x2", "payoffs": [[[11,0],[40,30]],[[9,5],[0,20]]]},
"G104": {"type": "Matrix2x2", "payoffs": [[[4,0],[0,38]],[[3,28],[6,40]]]},
"G105": {"type": "Matrix2x2", "payoffs": [[[2,22],[3,73]],[[0,0],[1,15]]]},
"G106": {"type": "Matrix2x2", "payoffs": [[[0,8],[3,42]],[[2,0],[1,28]]]},
"G107": {"type": "Matrix2x2", "payoffs": [[[82,29],[0,17]],[[83,32],[12,0]]]},
"G108": {"type": "Matrix2x2", "payoffs": [[[12,96],[4,9]],[[0,0],[8,7]]]},
"G109": {"type": "Matrix2x2", "payoffs": [[[4,0],[0,19]],[[6,25],[3,22]]]},
"G110": {"type": "Matrix2x2", "payoffs": [[[34,65],[0,5]],[[1,0],[28,28]]]},
"G111": {"type": "Matrix2x2", "payoffs": [[[0,45],[11,0]],[[13,54],[12,19]]]},
"G112": {"type": "Matrix2x2", "payoffs": [[[73,47],[85,50]],[[63,25],[0,0]]]},
"G113": {"type": "Matrix2x2", "payoffs": [[[27,32],[32,52]],[[57,98],[0,0]]]},
"G114": {"type": "Matrix2x2", "payoffs": [[[4,0],[0,21]],[[36,11],[53,29]]]},
"G115": {"type": "Matrix2x2", "payoffs": [[[0,13],[18,7]],[[25,32],[14,0]]]},
"G116": {"type": "Matrix2x2", "payoffs": [[[28,0],[0,3]],[[58,7],[23,4]]]},
"G117": {"type": "Matrix2x2", "payoffs": [[[22,46],[96,57]],[[0,0],[80,19]]]},
"G118": {"type": "Matrix2x2", "payoffs": [[[40,9],[57,36]],[[23,0],[0,15]]]},
"G119": {"type": "Matrix2x2", "payoffs": [[[0,46],[4,14]],[[1,0],[7,73]]]},
"G120": {"type": "Matrix2x2", "payoffs": [[[20,0],[4,18]],[[0,49],[49,58]]]},
"G121": {"type": "Matrix2x2", "payoffs": [[[27,0],[88,11]],[[73,4],[0,7]]]},
"G122": {"type": "Matrix2x2", "payoffs": [[[0,41],[42,3]],[[67,0],[70,47]]]},
"G123": {"type": "Matrix2x2", "payoffs": [[[62,5],[35,4]],[[80,7],[0,0]]]},
"G124": {"type": "Matrix2x2", "payoffs": [[[33,8],[17,4]],[[0,0],[34,10]]]},
"G125": {"type": "Matrix2x2", "payoffs": [[[28,10],[61,14]],[[39,2],[0,0]]]},
"G126": {"type": "Matrix2x2", "payoffs": [[[38,47],[0,22]],[[25,36],[22,0]]]},
"G127": {"type": "Matrix2x2", "payoffs": [[[0,0],[49,27]],[[61,47],[62,58]]]},
"G128": {"type": "Matrix2x2", "payoffs": [[[0,42],[43,0]],[[59,37],[76,72]]]},
"G129": {"type": "Matrix2x2", "payoffs": [[[35,0],[46,89]],[[0,66],[31,21]]]},
"G130": {"type": "Matrix2x2", "payoffs": [[[50,77],[17,0]],[[0,71],[10,22]]]},
"G131": {"type": "Matrix2x2", "payoffs": [[[4,0],[1,76]],[[5,79],[0,25]]]},
"G132": {"type": "Matrix2x2", "payoffs": [[[4,11],[6,0]],[[17,47],[0,13]]]},
"G133": {"type": "Matrix2x2", "payoffs": [[[45,21],[28,0]],[[0,14],[40,9]]]},
"G134": {"type": "Matrix2x2", "payoffs": [[[9,7],[0,43]],[[11,0],[20,58]]]},
"G135": {"type": "Matrix2x2", "payoffs": [[[30,21],[83,53]],[[0,16],[80,0]]]},
"G136": {"type": "Matrix2x2", "payoffs": [[[0,9],[27,0]],[[8,1],[35,23]]]},
"G137": {"type": "Matrix2x2", "payoffs": [[[16,4],[0,3]],[[29,5],[15,0]]]},
"G138": {"type": "Matrix2x2", "payoffs": [[[67,20],[34,19]],[[21,6],[0,0]]]},
"G139": {"type": "Matrix2x2", "payoffs": [[[10,95],[5,0]],[[0,48],[8,83]]]},
"G140": {"type": "Matrix2x2", "payoffs": [[[0,0],[2,11]],[[1,30],[3,33]]]},
"G141": {"type": "Matrix2x2", "payoffs": [[[16,30],[13,26]],[[0,17],[2,0]]]},
"G142": {"type": "Matrix2x2", "payoffs": [[[11,83],[4,72]],[[0,21],[3,0]]]},
"G143": {"type": "Matrix2x2", "payoffs": [[[19,3],[9,1]],[[3,2],[0,0]]]},
"G144": {"type": "Matrix2x2", "payoffs": [[[6,13],[0,5]],[[3,0],[12,81]]]},
"G145": {"type": "Matrix2x2", "payoffs": [[[21,0],[0,28]],[[16,42],[24,49]]]},
"G146": {"type": "Matrix2x2", "payoffs": [[[32,0],[1,8]],[[0,7],[37,12]]]},
"G147": {"type": "Matrix2x2", "payoffs": [[[60,24],[55,17]],[[9,11],[0,0]]]},
"G148": {"type": "Matrix2x2", "payoffs": [[[0,2],[68,62]],[[9,0],[54,7]]]},
"G149": {"type": "Matrix2x2", "payoffs": [[[24,88],[17,0]],[[0,16],[23,58]]]},
"G150": {"type": "Matrix2x2", "payoffs": [[[14,40],[29,60]],[[0,27],[27,0]]]},
"G151": {"type": "Matrix2x2", "payoffs": [[[73,7],[62,2]],[[47,3],[0,0]]]},
"G152": {"type": "Matrix2x2", "payoffs": [[[0,0],[24,5]],[[52,34],[66,53]]]},
"G153": {"type": "Matrix2x2", "payoffs": [[[15,3],[31,28]],[[14,0],[0,4]]]},
"G154": {"type": "Matrix2x2", "payoffs": [[[0,32],[8,0]],[[29,19],[59,33]]]},
"G155": {"type": "Matrix2x2", "payoffs": [[[5,0],[0,1]],[[17,14],[1,9]]]},
"G156": {"type": "Matrix2x2", "payoffs": [[[19,8],[1,0]],[[14,1],[0,4]]]},
"G157": {"type": "Matrix2x2", "payoffs": [[[12,0],[37,51]],[[41,63],[0,2]]]},
"G158": {"type": "Matrix2x2", "payoffs": [[[0,6],[16,7]],[[7,0],[9,4]]]},
"G159": {"type": "Matrix2x2", "payoffs": [[[5,36],[9,52]],[[0,35],[3,0]]]},
"G160": {"type": "Matrix2x2", "payoffs": [[[2,0],[3,99]],[[1,38],[0,15]]]},
"G161": {"type": "Matrix2x2", "payoffs": [[[0,0],[16,22]],[[9,33],[25,57]]]},
"G162": {"type": "Matrix2x2", "payoffs": [[[45,17],[0,9]],[[75,0],[86,34]]]},
"G163": {"type": "Matrix2x2", "payoffs": [[[25,4],[52,12]],[[78,24],[0,0]]]},
"G164": {"type": "Matrix2x2", "payoffs": [[[11,44],[10,0]],[[6,1],[0,35]]]},
"G165": {"type": "Matrix2x2", "payoffs": [[[57,43],[54,39]],[[0,0],[11,32]]]},
"G166": {"type": "Matrix2x2", "payoffs": [[[47,0],[46,17]],[[71,37],[0,14]]]},
"G167": {"type": "Matrix2x2", "payoffs": [[[3,30],[16,51]],[[6,0],[0,26]]]},
"G168": {"type": "Matrix2x2", "payoffs": [[[0,0],[12,28]],[[15,41],[13,32]]]},
"G169": {"type": "Matrix2x2", "payoffs": [[[0,60],[12,0]],[[7,10],[51,65]]]},
"G170": {"type": "Matrix2x2", "payoffs": [[[58,21],[8,0]],[[0,72],[68,73]]]},
"G171": {"type": "Matrix2x2", "payoffs": [[[54,0],[77,11]],[[0,5],[80,62]]]},
"G172": {"type": "Matrix2x2", "payoffs": [[[0,15],[18,7]],[[24,0],[37,25]]]},
"G173": {"type": "Matrix2x2", "payoffs": [[[96,56],[79,11]],[[42,0],[0,32]]]},
"G174": {"type": "Matrix2x2", "payoffs": [[[0,0],[24,35]],[[25,46],[22,37]]]},
"G175": {"type": "Matrix2x2", "payoffs": [[[16,0],[0,54]],[[62,19],[94,65]]]},
"G176": {"type": "Matrix2x2", "payoffs": [[[54,17],[0,0]],[[60,58],[55,50]]]},
"G177": {"type": "Matrix2x2", "payoffs": [[[41,0],[0,13]],[[42,80],[38,34]]]},
"G178": {"type": "Matrix2x2", "payoffs": [[[74,74],[32,34]],[[44,0],[0,9]]]},
"G179": {"type": "Matrix2x2", "payoffs": [[[50,23],[13,0]],[[31,4],[0,9]]]},
"G180": {"type": "Matrix2x2", "payoffs": [[[0,0],[43,56]],[[8,30],[32,19]]]},
"G181": {"type": "Matrix2x2", "payoffs": [[[0,68],[10,74]],[[2,18],[1,0]]]},
"G182": {"type": "Matrix2x2", "payoffs": [[[57,56],[83,94]],[[0,54],[60,0]]]},
"G183": {"type": "Matrix2x2", "payoffs": [[[55,2],[0,0]],[[84,11],[80,5]]]},
"G184": {"type": "Matrix2x2", "payoffs": [[[13,50],[31,65]],[[78,75],[0,0]]]},
"G185": {"type": "Matrix2x2", "payoffs": [[[87,21],[47,0]],[[0,2],[43,13]]]},
"G186": {"type": "Matrix2x2", "payoffs": [[[77,28],[37,2]],[[69,0],[0,10]]]},
"G187": {"type": "Matrix2x2", "payoffs": [[[0,9],[35,2]],[[61,10],[42,0]]]},
"G188": {"type": "Matrix2x2", "payoffs": [[[44,20],[65,68]],[[23,21],[0,0]]]},
"G189": {"type": "Matrix2x2", "payoffs": [[[1,0],[51,2]],[[0,11],[61,16]]]},
"G190": {"type": "Matrix2x2", "payoffs": [[[25,9],[9,5]],[[21,7],[0,0]]]},
"G191": {"type": "Matrix2x2", "payoffs": [[[1,0],[2,19]],[[3,39],[0,15]]]},
"G192": {"type": "Matrix2x2", "payoffs": [[[37,40],[13,0]],[[33,2],[0,23]]]},
"G193": {"type": "Matrix2x2", "payoffs": [[[0,0],[45,1]],[[30,9],[61,18]]]},
"G194": {"type": "Matrix2x2", "payoffs": [[[72,81],[55,79]],[[61,0],[0,65]]]},
"G195": {"type": "Matrix2x2", "payoffs": [[[0,29],[36,39]],[[29,1],[1,0]]]},
"G196": {"type": "Matrix2x2", "payoffs": [[[0,0],[36,47]],[[30,2],[10,44]]]},
"G197": {"type": "Matrix2x2", "payoffs": [[[76,2],[0,0]],[[62,7],[79,11]]]},
"G198": {"type": "Matrix2x2", "payoffs": [[[33,96],[5,84]],[[0,66],[15,0]]]},
"G199": {"type": "Matrix2x2", "payoffs": [[[0,79],[18,0]],[[40,85],[39,70]]]},
"G200": {"type": "Matrix2x2", "payoffs": [[[0,0],[38,18]],[[13,15],[36,7]]]},
"G201": {"type": "Matrix2x2", "payoffs": [[[77,61],[4,0]],[[0,32],[17,37]]]},
"G202": {"type": "Matrix2x2", "payoffs": [[[0,15],[41,4]],[[57,62],[55,0]]]},
"G203": {"type": "Matrix2x2", "payoffs": [[[50,48],[45,0]],[[0,24],[30,6]]]},
"G204": {"type": "Matrix2x2", "payoffs": [[[23,77],[2,0]],[[0,13],[20,54]]]},
"G205": {"type": "Matrix2x2", "payoffs": [[[17,54],[0,0]],[[1,17],[38,59]]]},
"G206": {"type": "Matrix2x2", "payoffs": [[[11,0],[17,20]],[[0,10],[21,90]]]},
"G207": {"type": "Matrix2x2", "payoffs": [[[0,21],[14,0]],[[37,34],[31,8]]]},
"G208": {"type": "Matrix2x2", "payoffs": [[[0,0],[20,23]],[[85,28],[40,11]]]},
"G209": {"type": "Matrix2x2", "payoffs": [[[28,15],[0,0]],[[71,43],[22,16]]]},
"G210": {"type": "Matrix2x2", "payoffs": [[[18,83],[0,61]],[[9,79],[15,0]]]},
"G211": {"type": "Matrix2x2", "payoffs": [[[7,18],[31,0]],[[100,24],[0,11]]]},
"G212": {"type": "Matrix2x2", "payoffs": [[[39,58],[12,0]],[[0,19],[17,31]]]},
"G213": {"type": "Matrix2x2", "payoffs": [[[0,0],[17,57]],[[8,53],[6,12]]]},
"G214": {"type": "Matrix2x2", "payoffs": [[[0,39],[11,31]],[[23,0],[53,51]]]},
"G215": {"type": "Matrix2x2", "payoffs": [[[21,0],[23,1]],[[49,26],[0,8]]]},
"G216": {"type": "Matrix2x2", "payoffs": [[[0,63],[60,0]],[[96,94],[67,5]]]},
"G217": {"type": "Matrix2x2", "payoffs": [[[0,40],[39,0]],[[96,66],[87,6]]]},
"G218": {"type": "Matrix2x2", "payoffs": [[[59,91],[0,16]],[[22,24],[28,0]]]},
"G219": {"type": "Matrix2x2", "payoffs": [[[0,23],[11,100]],[[5,91],[1,0]]]},
"G220": {"type": "Matrix2x2", "payoffs": [[[32,25],[0,0]],[[40,24],[91,28]]]},
"G221": {"type": "Matrix2x2", "payoffs": [[[50,12],[4,0]],[[36,3],[0,2]]]},
"G222": {"type": "Matrix2x2", "payoffs": [[[6,10],[5,0]],[[15,22],[0,21]]]},
"G223": {"type": "Matrix2x2", "payoffs": [[[22,12],[0,0]],[[100,90],[96,58]]]},
"G224": {"type": "Matrix2x2", "payoffs": [[[39,46],[71,50]],[[52,17],[0,0]]]},
"G225": {"type": "Matrix2x2", "payoffs": [[[61,36],[83,92]],[[0,13],[57,0]]]},
"G226": {"type": "Matrix2x2", "payoffs": [[[56,15],[24,0]],[[0,35],[89,79]]]},
"G227": {"type": "Matrix2x2", "payoffs": [[[51,0],[12,25]],[[85,50],[0,5]]]},
"G228": {"type": "Matrix2x2", "payoffs": [[[9,7],[25,26]],[[12,20],[0,0]]]},
"G229": {"type": "Matrix2x2", "payoffs": [[[33,25],[15,5]],[[0,17],[26,0]]]},
"G230": {"type": "Matrix2x2", "payoffs": [[[16,64],[4,31]],[[0,12],[3,0]]]},
"G231": {"type": "Matrix2x2", "payoffs": [[[5,5],[8,13]],[[0,0],[6,2]]]},
"G232": {"type": "Matrix2x2", "payoffs": [[[35,93],[0,5]],[[12,0],[31,22]]]},
"G233": {"type": "Matrix2x2", "payoffs": [[[9,0],[43,5]],[[0,1],[48,6]]]},
"G234": {"type": "Matrix2x2", "payoffs": [[[3,79],[50,83]],[[0,0],[14,37]]]},
"G235": {"type": "Matrix2x2", "payoffs": [[[0,28],[34,6]],[[3,0],[44,41]]]},
"G236": {"type": "Matrix2x2", "payoffs": [[[47,24],[0,14]],[[24,0],[65,74]]]},
"G237": {"type": "Matrix2x2", "payoffs": [[[0,18],[49,25]],[[25,0],[58,26]]]},
"G238": {"type": "Matrix2x2", "payoffs": [[[62,79],[20,16]],[[0,48],[52,0]]]},
"G239": {"type": "Matrix2x2", "payoffs": [[[39,23],[0,0]],[[59,31],[41,2]]]},
"G240": {"type": "Matrix2x2", "payoffs": [[[25,66],[10,0]],[[0,6],[23,53]]]},
"G241": {"type": "Matrix2x2", "payoffs": [[[32,97],[7,87]],[[0,0],[28,88]]]},
"G242": {"type": "Matrix2x2", "payoffs": [[[13,75],[3,47]],[[6,29],[0,0]]]},
"G243": {"type": "Matrix2x2", "payoffs": [[[0,3],[54,0]],[[45,12],[58,35]]]},
"G244": {"type": "Matrix2x2", "payoffs": [[[93,40],[36,5]],[[0,0],[91,37]]]},
"G245": {"type": "Matrix2x2", "payoffs": [[[3,4],[19,26]],[[0,13],[14,0]]]},
"G246": {"type": "Matrix2x2", "payoffs": [[[50,52],[35,28]],[[51,58],[0,0]]]},
"G247": {"type": "Matrix2x2", "payoffs": [[[85,56],[3,29]],[[54,0],[0,52]]]},
"G248": {"type": "Matrix2x2", "payoffs": [[[12,5],[47,0]],[[50,21],[0,13]]]},
"G249": {"type": "Matrix2x2", "payoffs": [[[0,0],[26,7]],[[34,3],[78,8]]]},
"G250": {"type": "Matrix2x2", "payoffs": [[[36,7],[25,19]],[[46,47],[0,0]]]},
"G251": {"type": "Matrix2x2", "payoffs": [[[0,6],[32,15]],[[25,0],[23,8]]]},
"G252": {"type": "Matrix2x2", "payoffs": [[[5,21],[0,20]],[[10,43],[7,0]]]},
"G253": {"type": "Matrix2x2", "payoffs": [[[63,0],[20,1]],[[70,17],[0,12]]]},
"G254": {"type": "Matrix2x2", "payoffs": [[[15,0],[0,2]],[[62,28],[45,25]]]},
"G255": {"type": "Matrix2x2", "payoffs": [[[0,10],[14,27]],[[30,58],[5,0]]]},
"G256": {"type": "Matrix2x2", "payoffs": [[[72,43],[0,0]],[[5,28],[20,19]]]},
"G257": {"type": "Matrix2x2", "payoffs": [[[57,0],[0,90]],[[62,94],[43,72]]]},
"G258": {"type": "Matrix2x2", "payoffs": [[[29,2],[35,13]],[[0,0],[13,6]]]},
"G259": {"type": "Matrix2x2", "payoffs": [[[9,56],[0,29]],[[55,61],[2,0]]]},
"G260": {"type": "Matrix2x2", "payoffs": [[[0,11],[39,28]],[[17,24],[20,0]]]},
"G261": {"type": "Matrix2x2", "payoffs": [[[0,0],[76,84]],[[68,34],[75,81]]]},
"G262": {"type": "Matrix2x2", "payoffs": [[[50,81],[24,0]],[[25,24],[0,17]]]},
"G263": {"type": "Matrix2x2", "payoffs": [[[19,99],[27,100]],[[0,32],[26,0]]]},
"G264": {"type": "Matrix2x2", "payoffs": [[[53,0],[21,37]],[[0,2],[72,39]]]},
"G265": {"type": "Matrix2x2", "payoffs": [[[0,80],[77,86]],[[24,0],[3,47]]]},
"G266": {"type": "Matrix2x2", "payoffs": [[[8,57],[0,0]],[[52,76],[12,44]]]},
"G267": {"type": "Matrix2x2", "payoffs": [[[1,1],[9,0]],[[0,2],[10,18]]]},
"G268": {"type": "Matrix2x2", "payoffs": [[[0,11],[6,24]],[[65,45],[38,0]]]},
"G269": {"type": "Matrix2x2", "payoffs": [[[58,57],[98,60]],[[76,0],[0,48]]]},
"G270": {"type": "Matrix2x2", "payoffs": [[[77,92],[1,30]],[[16,55],[0,0]]]},
"G271": {"type": "Matrix2x2", "payoffs": [[[33,1],[69,30]],[[0,21],[32,0]]]},
"G272": {"type": "Matrix2x2", "payoffs": [[[0,0],[17,29]],[[1,65],[18,97]]]},
"G273": {"type": "Matrix2x2", "payoffs": [[[78,89],[4,49]],[[0,0],[53,75]]]},
"G274": {"type": "Matrix2x2", "payoffs": [[[18,0],[0,61]],[[38,66],[36,1]]]},
"G275": {"type": "Matrix2x2", "payoffs": [[[74,25],[35,2]],[[58,0],[0,13]]]},
"G276": {"type": "Matrix2x2", "payoffs": [[[1,0],[0,38]],[[8,17],[31,54]]]},
"G277": {"type": "Matrix2x2", "payoffs": [[[99,31],[0,0]],[[59,8],[15,20]]]},
"G278": {"type": "Matrix2x2", "payoffs": [[[26,51],[62,57]],[[0,0],[20,50]]]},
"G279": {"type": "Matrix2x2", "payoffs": [[[0,0],[7,70]],[[86,25],[93,88]]]},
"G280": {"type": "Matrix2x2", "payoffs": [[[35,21],[34,17]],[[0,0],[7,12]]]},
"G281": {"type": "Matrix2x2", "payoffs": [[[0,10],[46,11]],[[8,9],[45,0]]]},
"G282": {"type": "Matrix2x2", "payoffs": [[[32,16],[23,20]],[[0,0],[36,43]]]},
"G283": {"type": "Matrix2x2", "payoffs": [[[94,13],[0,0]],[[63,8],[56,3]]]},
"G284": {"type": "Matrix2x2", "payoffs": [[[56,68],[0,6]],[[90,89],[20,0]]]},
"G285": {"type": "Matrix2x2", "payoffs": [[[23,4],[35,0]],[[0,7],[93,31]]]},
"G286": {"type": "Matrix2x2", "payoffs": [[[0,21],[3,0]],[[13,37],[33,62]]]},
"G287": {"type": "Matrix2x2", "payoffs": [[[52,95],[50,23]],[[0,0],[20,30]]]},
"G288": {"type": "Matrix2x2", "payoffs": [[[6,64],[0,12]],[[5,3],[2,0]]]},
"G289": {"type": "Matrix2x2", "payoffs": [[[0,0],[92,41]],[[14,28],[15,13]]]},
"G290": {"type": "Matrix2x2", "payoffs": [[[22,1],[43,18]],[[91,41],[0,0]]]},
"G291": {"type": "Matrix2x2", "payoffs": [[[0,4],[18,5]],[[8,0],[21,7]]]},
"G292": {"type": "Matrix2x2", "payoffs": [[[0,2],[51,23]],[[16,0],[23,10]]]},
"G293": {"type": "Matrix2x2", "payoffs": [[[0,0],[19,31]],[[69,95],[40,65]]]},
"G294": {"type": "Matrix2x2", "payoffs": [[[60,81],[44,0]],[[13,19],[0,54]]]},
"G295": {"type": "Matrix2x2", "payoffs": [[[40,47],[0,37]],[[16,0],[39,4]]]},
"G296": {"type": "Matrix2x2", "payoffs": [[[10,5],[88,6]],[[82,3],[0,0]]]},
"G297": {"type": "Matrix2x2", "payoffs": [[[0,89],[2,0]],[[7,93],[4,36]]]},
"G298": {"type": "Matrix2x2", "payoffs": [[[0,2],[60,16]],[[47,0],[72,53]]]},
"G299": {"type": "Matrix2x2", "payoffs": [[[3,45],[1,49]],[[9,64],[0,0]]]},
"G300": {"type": "Matrix2x2", "payoffs": [[[3,55],[25,50]],[[27,81],[0,0]]]},
"G301": {"type": "Matrix2x2", "payoffs": [[[0,0],[90,31]],[[51,25],[32,12]]]},
"G302": {"type": "Matrix2x2", "payoffs": [[[9,48],[3,22]],[[6,16],[0,0]]]},
"G303": {"type": "Matrix2x2", "payoffs": [[[0,0],[12,58]],[[8,15],[3,37]]]},
"G304": {"type": "Matrix2x2", "payoffs": [[[0,0],[31,25]],[[41,45],[40,9]]]},
"G305": {"type": "Matrix2x2", "payoffs": [[[20,0],[13,36]],[[45,74],[0,60]]]},
"G306": {"type": "Matrix2x2", "payoffs": [[[0,1],[81,48]],[[57,32],[52,0]]]},
"G307": {"type": "Matrix2x2", "payoffs": [[[0,16],[60,0]],[[14,9],[65,34]]]},
"G308": {"type": "Matrix2x2", "payoffs": [[[34,0],[44,16]],[[18,10],[0,5]]]},
"G309": {"type": "Matrix2x2", "payoffs": [[[24,7],[5,5]],[[86,19],[0,0]]]},
"G310": {"type": "Matrix2x2", "payoffs": [[[31,5],[0,2]],[[15,4],[13,0]]]},
"G311": {"type": "Matrix2x2", "payoffs": [[[0,1],[41,58]],[[4,43],[20,0]]]},
"G312": {"type": "Matrix2x2", "payoffs": [[[0,43],[12,30]],[[74,66],[70,0]]]},
"G313": {"type": "Matrix2x2", "payoffs": [[[42,28],[47,57]],[[0,0],[23,18]]]},
"G314": {"type": "Matrix2x2", "payoffs": [[[45,1],[85,18]],[[0,2],[80,0]]]},
"G315": {"type": "Matrix2x2", "payoffs": [[[20,6],[0,0]],[[23,4],[35,19]]]},
"G316": {"type": "Matrix2x2", "payoffs": [[[0,47],[80,53]],[[64,0],[73,12]]]},
"G317": {"type": "Matrix2x2", "payoffs": [[[1,8],[70,40]],[[54,32],[0,0]]]},
"G318": {"type": "Matrix2x2", "payoffs": [[[38,8],[0,1]],[[27,0],[28,6]]]},
"G319": {"type": "Matrix2x2", "payoffs": [[[11,31],[25,22]],[[35,70],[0,0]]]},
"G320": {"type": "Matrix2x2", "payoffs": [[[25,37],[88,44]],[[0,0],[43,21]]]},
"G321": {"type": "Matrix2x2", "payoffs": [[[59,57],[0,56]],[[42,45],[33,0]]]},
"G322": {"type": "Matrix2x2", "payoffs": [[[42,10],[60,37]],[[39,0],[0,6]]]},
"G323": {"type": "Matrix2x2", "payoffs": [[[1,66],[7,0]],[[0,63],[29,97]]]},
"G324": {"type": "Matrix2x2", "payoffs": [[[38,62],[92,80]],[[4,38],[0,0]]]},
"G325": {"type": "Matrix2x2", "payoffs": [[[2,39],[5,45]],[[0,8],[1,0]]]},
"G326": {"type": "Matrix2x2", "payoffs": [[[0,11],[38,15]],[[51,51],[39,0]]]},
"G327": {"type": "Matrix2x2", "payoffs": [[[62,76],[47,52]],[[42,27],[0,0]]]},
"G328": {"type": "Matrix2x2", "payoffs": [[[79,53],[92,75]],[[13,0],[0,13]]]},
"G329": {"type": "Matrix2x2", "payoffs": [[[22,23],[0,17]],[[18,0],[32,43]]]},
"G330": {"type": "Matrix2x2", "payoffs": [[[31,0],[13,7]],[[95,9],[0,8]]]},
"G331": {"type": "Matrix2x2", "payoffs": [[[18,3],[21,0]],[[24,6],[0,5]]]},
"G332": {"type": "Matrix2x2", "payoffs": [[[21,40],[36,64]],[[0,0],[17,37]]]},
"G333": {"type": "Matrix2x2", "payoffs": [[[0,0],[27,51]],[[14,15],[6,5]]]},
"G334": {"type": "Matrix2x2", "payoffs": [[[18,25],[16,0]],[[20,34],[0,28]]]},
"G335": {"type": "Matrix2x2", "payoffs": [[[10,0],[78,84]],[[24,63],[0,52]]]},
"G336": {"type": "Matrix2x2", "payoffs": [[[30,38],[66,45]],[[0,0],[8,25]]]},
"G337": {"type": "Matrix2x2", "payoffs": [[[2,0],[4,60]],[[0,44],[3,52]]]},
"G338": {"type": "Matrix2x2", "payoffs": [[[23,0],[5,77]],[[38,92],[0,24]]]},
"G339": {"type": "Matrix2x2", "payoffs": [[[46,1],[59,5]],[[0,0],[84,6]]]},
"G340": {"type": "Matrix2x2", "payoffs": [[[0,10],[50,33]],[[63,39],[62,0]]]},
"G341": {"type": "Matrix2x2", "payoffs": [[[4,49],[0,38]],[[100,77],[23,0]]]},
"G342": {"type": "Matrix2x2", "payoffs": [[[0,57],[4,26]],[[18,91],[11,0]]]},
"G343": {"type": "Matrix2x2", "payoffs": [[[33,26],[24,15]],[[0,4],[14,0]]]},
"G344": {"type": "Matrix2x2", "payoffs": [[[77,32],[0,21]],[[28,0],[78,53]]]},
"G345": {"type": "Matrix2x2", "payoffs": [[[96,43],[58,37]],[[0,12],[12,0]]]},
"G346": {"type": "Matrix2x2", "payoffs": [[[0,24],[3,0]],[[41,7],[76,30]]]},
"G347": {"type": "Matrix2x2", "payoffs": [[[0,91],[3,99]],[[66,0],[81,100]]]},
"G348": {"type": "Matrix2x2", "payoffs": [[[6,0],[5,85]],[[8,90],[0,51]]]},
"G349": {"type": "Matrix2x2", "payoffs": [[[0,28],[91,31]],[[23,0],[84,4]]]},
"G350": {"type": "Matrix2x2", "payoffs": [[[98,24],[0,23]],[[44,0],[14,16]]]},
"G351": {"type": "Matrix2x2", "payoffs": [[[8,8],[0,0]],[[10,9],[5,6]]]},
"G352": {"type": "Matrix2x2", "payoffs": [[[0,15],[59,42]],[[13,0],[36,4]]]},
"G353": {"type": "Matrix2x2", "payoffs": [[[25,15],[0,11]],[[41,16],[31,0]]]},
"G354": {"type": "Matrix2x2", "payoffs": [[[59,38],[17,14]],[[0,11],[58,0]]]},
"G355": {"type": "Matrix2x2", "payoffs": [[[81,69],[0,0]],[[34,58],[32,13]]]},
"G356": {"type": "Matrix2x2", "payoffs": [[[81,0],[33,38]],[[0,25],[100,91]]]},
"G357": {"type": "Matrix2x2", "payoffs": [[[84,13],[0,0]],[[9,10],[74,7]]]},
"G358": {"type": "Matrix2x2", "payoffs": [[[13,79],[7,10]],[[0,63],[9,0]]]},
"G359": {"type": "Matrix2x2", "payoffs": [[[20,0],[41,88]],[[0,23],[4,63]]]},
"G360": {"type": "Matrix2x2", "payoffs": [[[24,94],[0,0]],[[20,44],[5,67]]]},
"G361": {"type": "Matrix2x2", "payoffs": [[[17,0],[57,65]],[[0,47],[45,63]]]},
"G362": {"type": "Matrix2x2", "payoffs": [[[0,3],[70,11]],[[72,0],[74,40]]]},
"G363": {"type": "Matrix2x2", "payoffs": [[[64,94],[0,0]],[[58,40],[5,80]]]},
"G364": {"type": "Matrix2x2", "payoffs": [[[63,81],[89,0]],[[0,27],[90,83]]]},
"G365": {"type": "Matrix2x2", "payoffs": [[[48,13],[0,1]],[[21,0],[4,12]]]},
"G366": {"type": "Matrix2x2", "payoffs": [[[11,0],[0,4]],[[14,6],[7,2]]]},
"G367": {"type": "Matrix2x2", "payoffs": [[[37,5],[96,99]],[[20,63],[0,0]]]},
"G368": {"type": "Matrix2x2", "payoffs": [[[21,48],[100,78]],[[27,73],[0,0]]]},
"G369": {"type": "Matrix2x2", "payoffs": [[[0,0],[11,4]],[[86,52],[26,44]]]},
"G370": {"type": "Matrix2x2", "payoffs": [[[0,6],[4,5]],[[40,43],[5,0]]]},
"G371": {"type": "Matrix2x2", "payoffs": [[[58,2],[0,0]],[[18,17],[71,82]]]},
"G372": {"type": "Matrix2x2", "payoffs": [[[21,0],[4,52]],[[0,26],[63,53]]]},
"G373": {"type": "Matrix2x2", "payoffs": [[[34,3],[54,6]],[[0,0],[76,12]]]},
"G374": {"type": "Matrix2x2", "payoffs": [[[24,86],[14,71]],[[0,20],[6,0]]]},
"G375": {"type": "Matrix2x2", "payoffs": [[[97,14],[59,13]],[[40,11],[0,0]]]},
"G376": {"type": "Matrix2x2", "payoffs": [[[27,62],[7,46]],[[0,4],[15,0]]]},
"G377": {"type": "Matrix2x2", "payoffs": [[[30,84],[6,9]],[[19,38],[0,0]]]},
"G378": {"type": "Matrix2x2", "payoffs": [[[0,12],[81,0]],[[87,18],[97,37]]]},
"G379": {"type": "Matrix2x2", "payoffs": [[[9,27],[5,0]],[[80,51],[0,12]]]},
"G380": {"type": "Matrix2x2", "payoffs": [[[1,4],[91,69]],[[0,34],[53,0]]]},
"G381": {"type": "Matrix2x2", "payoffs": [[[41,0],[50,44]],[[33,28],[0,35]]]},
"G382": {"type": "Matrix2x2", "payoffs": [[[4,0],[25,59]],[[0,10],[10,28]]]},
"G383": {"type": "Matrix2x2", "payoffs": [[[9,9],[57,56]],[[18,0],[0,24]]]},
"G384": {"type": "Matrix2x2", "payoffs": [[[9,4],[15,0]],[[0,6],[16,7]]]},
"G385": {"type": "Matrix2x2", "payoffs": [[[72,85],[12,70]],[[41,0],[0,35]]]},
"G386": {"type": "Matrix2x2", "payoffs": [[[5,41],[0,0]],[[17,100],[15,44]]]},
"G387": {"type": "Matrix2x2", "payoffs": [[[5,14],[63,26]],[[0,12],[39,0]]]},
"G388": {"type": "Matrix2x2", "payoffs": [[[54,9],[68,63]],[[0,0],[18,62]]]},
"G389": {"type": "Matrix2x2", "payoffs": [[[20,1],[16,0]],[[0,2],[40,7]]]},
"G390": {"type": "Matrix2x2", "payoffs": [[[0,0],[54,21]],[[70,25],[33,1]]]},
"G391": {"type": "Matrix2x2", "payoffs": [[[8,0],[31,39]],[[0,34],[14,19]]]},
"G392": {"type": "Matrix2x2", "payoffs": [[[0,52],[10,0]],[[11,85],[28,89]]]},
"G393": {"type": "Matrix2x2", "payoffs": [[[65,83],[26,0]],[[49,74],[0,27]]]},
"G394": {"type": "Matrix2x2", "payoffs": [[[0,1],[11,2]],[[57,0],[72,3]]]},
"G395": {"type": "Matrix2x2", "payoffs": [[[0,1],[16,0]],[[3,28],[53,29]]]},
"G396": {"type": "Matrix2x2", "payoffs": [[[0,9],[7,32]],[[5,14],[3,0]]]},
"G397": {"type": "Matrix2x2", "payoffs": [[[89,76],[0,23]],[[51,45],[78,0]]]},
"G398": {"type": "Matrix2x2", "payoffs": [[[2,51],[14,74]],[[0,0],[9,23]]]},
"G399": {"type": "Matrix2x2", "payoffs": [[[0,0],[7,5]],[[24,49],[26,76]]]},
"G400": {"type": "Matrix2x2", "payoffs": [[[8,8],[28,40]],[[0,0],[31,96]]]},
"G401": {"type": "Matrix2x2", "payoffs": [[[15,21],[13,0]],[[4,6],[0,15]]]},
"G402": {"type": "Matrix2x2", "payoffs": [[[33,0],[59,11]],[[0,23],[88,35]]]},
"G403": {"type": "Matrix2x2", "payoffs": [[[22,3],[46,11]],[[0,0],[51,20]]]},
"G404": {"type": "Matrix2x2", "payoffs": [[[28,2],[57,68]],[[0,33],[19,0]]]},
"G405": {"type": "Matrix2x2", "payoffs": [[[54,90],[0,32]],[[18,0],[21,60]]]},
"G406": {"type": "Matrix2x2", "payoffs": [[[81,99],[0,33]],[[17,0],[10,83]]]},
"G407": {"type": "Matrix2x2", "payoffs": [[[88,48],[0,0]],[[62,44],[9,12]]]},
"G408": {"type": "Matrix2x2", "payoffs": [[[8,0],[0,49]],[[21,80],[1,66]]]},
"G409": {"type": "Matrix2x2", "payoffs": [[[35,0],[100,24]],[[27,18],[0,21]]]},
"G410": {"type": "Matrix2x2", "payoffs": [[[1,8],[12,9]],[[0,6],[2,0]]]},
"G411": {"type": "Matrix2x2", "payoffs": [[[49,0],[0,2]],[[48,9],[50,12]]]},
"G412": {"type": "Matrix2x2", "payoffs": [[[0,4],[81,0]],[[87,7],[83,2]]]},
"G413": {"type": "Matrix2x2", "payoffs": [[[4,33],[0,0]],[[13,39],[10,23]]]},
"G414": {"type": "Matrix2x2", "payoffs": [[[12,0],[17,14]],[[0,37],[27,69]]]},
"G415": {"type": "Matrix2x2", "payoffs": [[[66,36],[0,34]],[[3,3],[21,0]]]},
"G416": {"type": "Matrix2x2", "payoffs": [[[69,45],[73,51]],[[86,52],[0,0]]]},
"G417": {"type": "Matrix2x2", "payoffs": [[[30,51],[12,6]],[[0,0],[2,3]]]},
"G418": {"type": "Matrix2x2", "payoffs": [[[4,69],[3,44]],[[0,0],[31,92]]]},
"G419": {"type": "Matrix2x2", "payoffs": [[[97,48],[53,33]],[[75,8],[0,0]]]},
"G420": {"type": "Matrix2x2", "payoffs": [[[100,64],[0,0]],[[90,18],[15,41]]]},
"G421": {"type": "Matrix2x2", "payoffs": [[[8,22],[2,65]],[[39,71],[0,0]]]},
"G422": {"type": "Matrix2x2", "payoffs": [[[23,5],[25,79]],[[0,0],[14,63]]]},
"G423": {"type": "Matrix2x2", "payoffs": [[[0,43],[91,75]],[[83,0],[64,8]]]},
"G424": {"type": "Matrix2x2", "payoffs": [[[0,16],[27,34]],[[75,42],[45,0]]]},
"G425": {"type": "Matrix2x2", "payoffs": [[[90,17],[0,7]],[[93,34],[54,0]]]},
"G426": {"type": "Matrix2x2", "payoffs": [[[0,24],[5,70]],[[2,67],[1,0]]]},
"G427": {"type": "Matrix2x2", "payoffs": [[[13,0],[8,18]],[[17,58],[0,32]]]},
"G428": {"type": "Matrix2x2", "payoffs": [[[39,14],[67,0]],[[0,21],[96,89]]]},
"G429": {"type": "Matrix2x2", "payoffs": [[[70,44],[0,37]],[[54,0],[18,39]]]},
"G430": {"type": "Matrix2x2", "payoffs": [[[32,73],[15,34]],[[6,0],[0,62]]]},
"G431": {"type": "Matrix2x2", "payoffs": [[[19,0],[0,3]],[[37,11],[30,7]]]},
"G432": {"type": "Matrix2x2", "payoffs": [[[0,3],[73,4]],[[47,0],[45,1]]]},
"G433": {"type": "Matrix2x2", "payoffs": [[[0,9],[1,0]],[[10,2],[20,23]]]},
"G434": {"type": "Matrix2x2", "payoffs": [[[8,0],[10,77]],[[0,8],[7,20]]]},
"G435": {"type": "Matrix2x2", "payoffs": [[[0,9],[32,0]],[[20,37],[33,39]]]},
"G436": {"type": "Matrix2x2", "payoffs": [[[16,64],[0,0]],[[14,17],[13,20]]]},
"G437": {"type": "Matrix2x2", "payoffs": [[[32,0],[26,5]],[[0,3],[65,6]]]},
"G438": {"type": "Matrix2x2", "payoffs": [[[13,63],[44,98]],[[22,81],[0,0]]]},
"G439": {"type": "Matrix2x2", "payoffs": [[[51,11],[0,6]],[[3,2],[22,0]]]},
"G440": {"type": "Matrix2x2", "payoffs": [[[68,63],[0,42]],[[14,0],[64,36]]]},
"G441": {"type": "Matrix2x2", "payoffs": [[[65,0],[91,20]],[[0,30],[98,37]]]},
"G442": {"type": "Matrix2x2", "payoffs": [[[7,43],[0,5]],[[33,0],[56,64]]]},
"G443": {"type": "Matrix2x2", "payoffs": [[[48,2],[86,12]],[[79,0],[0,5]]]},
"G444": {"type": "Matrix2x2", "payoffs": [[[0,39],[11,0]],[[74,40],[58,37]]]},
"G445": {"type": "Matrix2x2", "payoffs": [[[20,4],[0,0]],[[26,100],[15,95]]]},
"G446": {"type": "Matrix2x2", "payoffs": [[[20,2],[0,1]],[[26,0],[85,3]]]},
"G447": {"type": "Matrix2x2", "payoffs": [[[28,0],[0,20]],[[95,67],[10,38]]]},
"G448": {"type": "Matrix2x2", "payoffs": [[[24,0],[16,1]],[[29,28],[0,11]]]},
"G449": {"type": "Matrix2x2", "payoffs": [[[2,36],[28,51]],[[9,0],[0,46]]]},
"G450": {"type": "Matrix2x2", "payoffs": [[[6,99],[4,98]],[[3,0],[0,16]]]},
"G451": {"type": "Matrix2x2", "payoffs": [[[0,4],[10,0]],[[100,21],[17,3]]]},
"G452": {"type": "Matrix2x2", "payoffs": [[[0,15],[11,19]],[[10,11],[7,0]]]},
"G453": {"type": "Matrix2x2", "payoffs": [[[0,0],[32,8]],[[71,62],[41,36]]]},
"G454": {"type": "Matrix2x2", "payoffs": [[[38,83],[24,60]],[[0,43],[8,0]]]},
"G455": {"type": "Matrix2x2", "payoffs": [[[54,55],[0,79]],[[23,0],[56,92]]]},
"G456": {"type": "Matrix2x2", "payoffs": [[[0,83],[3,9]],[[5,92],[1,0]]]},
"G457": {"type": "Matrix2x2", "payoffs": [[[0,19],[87,82]],[[83,0],[23,1]]]},
"G458": {"type": "Matrix2x2", "payoffs": [[[59,33],[0,16]],[[15,0],[61,83]]]},
"G459": {"type": "Matrix2x2", "payoffs": [[[21,0],[0,9]],[[23,10],[5,2]]]},
"G460": {"type": "Matrix2x2", "payoffs": [[[7,16],[12,0]],[[22,34],[0,17]]]},
"G461": {"type": "Matrix2x2", "payoffs": [[[57,13],[40,36]],[[66,55],[0,0]]]},
"G462": {"type": "Matrix2x2", "payoffs": [[[21,7],[80,0]],[[81,16],[0,8]]]},
"G463": {"type": "Matrix2x2", "payoffs": [[[9,0],[0,42]],[[34,85],[47,100]]]},
"G464": {"type": "Matrix2x2", "payoffs": [[[19,69],[64,72]],[[0,53],[18,0]]]},
"G465": {"type": "Matrix2x2", "payoffs": [[[12,0],[0,68]],[[42,93],[2,3]]]},
"G466": {"type": "Matrix2x2", "payoffs": [[[0,0],[6,82]],[[5,16],[3,32]]]},
"G467": {"type": "Matrix2x2", "payoffs": [[[2,0],[19,70]],[[10,65],[0,19]]]},
"G468": {"type": "Matrix2x2", "payoffs": [[[53,0],[0,29]],[[69,5],[73,85]]]},
"G469": {"type": "Matrix2x2", "payoffs": [[[1,0],[3,27]],[[2,13],[0,4]]]},
"G470": {"type": "Matrix2x2", "payoffs": [[[65,98],[37,17]],[[0,49],[50,0]]]},
"G471": {"type": "Matrix2x2", "payoffs": [[[27,13],[33,43]],[[0,10],[20,0]]]},
"G472": {"type": "Matrix2x2", "payoffs": [[[0,0],[24,2]],[[35,3],[8,1]]]},
"G473": {"type": "Matrix2x2", "payoffs": [[[0,10],[61,0]],[[68,60],[62,28]]]},
"G474": {"type": "Matrix2x2", "payoffs": [[[80,72],[87,83]],[[0,0],[50,50]]]},
"G475": {"type": "Matrix2x2", "payoffs": [[[9,0],[45,90]],[[63,92],[0,50]]]},
"G476": {"type": "Matrix2x2", "payoffs": [[[57,25],[59,0]],[[66,30],[0,28]]]},
"G477": {"type": "Matrix2x2", "payoffs": [[[25,0],[11,1]],[[27,7],[0,6]]]},
"G478": {"type": "Matrix2x2", "payoffs": [[[78,19],[11,0]],[[57,18],[0,10]]]},
"G479": {"type": "Matrix2x2", "payoffs": [[[5,55],[0,70]],[[88,74],[80,0]]]},
"G480": {"type": "Matrix2x2", "payoffs": [[[0,0],[66,29]],[[65,25],[17,19]]]},
"G481": {"type": "Matrix2x2", "payoffs": [[[32,0],[55,79]],[[35,7],[0,33]]]},
"G482": {"type": "Matrix2x2", "payoffs": [[[19,6],[0,0]],[[62,84],[46,11]]]},
"G483": {"type": "Matrix2x2", "payoffs": [[[46,58],[20,0]],[[0,40],[27,51]]]},
"G484": {"type": "Matrix2x2", "payoffs": [[[17,0],[56,57]],[[53,40],[0,19]]]},
"G485": {"type": "Matrix2x2", "payoffs": [[[91,89],[0,62]],[[51,0],[7,6]]]},
"G486": {"type": "Matrix2x2", "payoffs": [[[43,53],[20,0]],[[0,21],[72,74]]]},
"G487": {"type": "Matrix2x2", "payoffs": [[[45,0],[47,15]],[[77,58],[0,39]]]},
"G488": {"type": "Matrix2x2", "payoffs": [[[2,0],[70,50]],[[0,35],[91,57]]]},
"G489": {"type": "Matrix2x2", "payoffs": [[[27,2],[0,86]],[[44,100],[6,0]]]},
"G490": {"type": "Matrix2x2", "payoffs": [[[27,43],[3,0]],[[0,37],[15,29]]]},
"G491": {"type": "Matrix2x2", "payoffs": [[[68,42],[97,87]],[[47,0],[0,85]]]},
"G492": {"type": "Matrix2x2", "payoffs": [[[42,51],[12,28]],[[21,0],[0,3]]]},
"G493": {"type": "Matrix2x2", "payoffs": [[[28,0],[50,3]],[[0,6],[52,44]]]},
"G494": {"type": "Matrix2x2", "payoffs": [[[23,13],[29,0]],[[33,79],[0,22]]]},
"G495": {"type": "Matrix2x2", "payoffs": [[[44,54],[40,14]],[[20,0],[0,7]]]},
"G496": {"type": "Matrix2x2", "payoffs": [[[48,98],[0,0]],[[47,61],[36,95]]]},
"G497": {"type": "Matrix2x2", "payoffs": [[[51,0],[20,49]],[[0,45],[69,54]]]},
"G498": {"type": "Matrix2x2", "payoffs": [[[36,14],[63,6]],[[0,0],[69,15]]]},
"G499": {"type": "Matrix2x2", "payoffs": [[[75,0],[0,17]],[[83,37],[37,33]]]},
"G500": {"type": "Matrix2x2", "payoffs": [[[57,59],[58,87]],[[24,46],[0,0]]]},
"G501": {"type": "Matrix2x2", "payoffs": [[[8,7],[11,61]],[[0,39],[10,0]]]},
"G502": {"type": "Matrix2x2", "payoffs": [[[0,0],[23,10]],[[55,41],[40,38]]]},
"G503": {"type": "Matrix2x2", "payoffs": [[[89,20],[23,0]],[[0,14],[49,9]]]},
"G504": {"type": "Matrix2x2", "payoffs": [[[24,42],[0,31]],[[81,85],[62,0]]]},
"G505": {"type": "Matrix2x2", "payoffs": [[[5,24],[4,0]],[[9,45],[0,6]]]},
"G506": {"type": "Matrix2x2", "payoffs": [[[0,4],[8,20]],[[5,3],[7,0]]]},
"G507": {"type": "Matrix2x2", "payoffs": [[[27,14],[0,0]],[[76,93],[65,73]]]},
"G508": {"type": "Matrix2x2", "payoffs": [[[0,25],[40,14]],[[94,32],[28,0]]]},
"G509": {"type": "Matrix2x2", "payoffs": [[[68,47],[60,41]],[[9,0],[0,9]]]},
"G510": {"type": "Matrix2x2", "payoffs": [[[20,0],[23,31]],[[0,20],[56,42]]]},
"G511": {"type": "Matrix2x2", "payoffs": [[[27,0],[62,96]],[[52,5],[0,69]]]},
"G512": {"type": "Matrix2x2", "payoffs": [[[11,20],[18,74]],[[0,65],[15,0]]]},
"G513": {"type": "Matrix2x2", "payoffs": [[[0,0],[25,15]],[[32,43],[7,13]]]},
"G514": {"type": "Matrix2x2", "payoffs": [[[0,0],[24,55]],[[49,91],[31,12]]]},
"G515": {"type": "Matrix2x2", "payoffs": [[[0,45],[80,0]],[[31,33],[85,74]]]},
"G516": {"type": "Matrix2x2", "payoffs": [[[69,39],[0,0]],[[44,23],[61,8]]]},
"G517": {"type": "Matrix2x2", "payoffs": [[[0,14],[89,37]],[[53,24],[17,0]]]},
"G518": {"type": "Matrix2x2", "payoffs": [[[0,0],[9,2]],[[39,10],[67,14]]]},
"G519": {"type": "Matrix2x2", "payoffs": [[[3,0],[1,39]],[[0,28],[6,58]]]},
"G520": {"type": "Matrix2x2", "payoffs": [[[41,18],[0,11]],[[32,0],[48,59]]]},
"G521": {"type": "Matrix2x2", "payoffs": [[[11,3],[0,6]],[[12,7],[3,0]]]},
"G522": {"type": "Matrix2x2", "payoffs": [[[0,40],[40,0]],[[50,58],[74,64]]]},
"G523": {"type": "Matrix2x2", "payoffs": [[[0,0],[25,73]],[[85,99],[74,62]]]},
"G524": {"type": "Matrix2x2", "payoffs": [[[0,11],[9,0]],[[24,28],[8,19]]]},
"G525": {"type": "Matrix2x2", "payoffs": [[[19,63],[0,60]],[[12,12],[10,0]]]},
"G526": {"type": "Matrix2x2", "payoffs": [[[94,90],[0,0]],[[84,61],[32,82]]]},
"G527": {"type": "Matrix2x2", "payoffs": [[[0,0],[52,23]],[[25,18],[65,52]]]},
"G528": {"type": "Matrix2x2", "payoffs": [[[14,1],[0,0]],[[9,15],[27,21]]]},
"G529": {"type": "Matrix2x2", "payoffs": [[[8,2],[11,77]],[[0,0],[4,24]]]},
"G530": {"type": "Matrix2x2", "payoffs": [[[0,47],[6,20]],[[20,0],[24,69]]]},
"G531": {"type": "Matrix2x2", "payoffs": [[[11,35],[98,94]],[[91,24],[0,0]]]},
"G532": {"type": "Matrix2x2", "payoffs": [[[0,25],[71,39]],[[65,0],[44,26]]]},
"G533": {"type": "Matrix2x2", "payoffs": [[[0,7],[19,5]],[[5,0],[49,10]]]},
"G534": {"type": "Matrix2x2", "payoffs": [[[41,66],[42,79]],[[39,3],[0,0]]]},
"G535": {"type": "Matrix2x2", "payoffs": [[[1,43],[6,75]],[[0,0],[4,33]]]},
"G536": {"type": "Matrix2x2", "payoffs": [[[76,9],[81,14]],[[2,11],[0,0]]]},
"G537": {"type": "Matrix2x2", "payoffs": [[[0,13],[17,0]],[[40,23],[87,84]]]},
"G538": {"type": "Matrix2x2", "payoffs": [[[0,6],[2,36]],[[75,38],[3,0]]]},
"G539": {"type": "Matrix2x2", "payoffs": [[[0,0],[8,11]],[[13,35],[5,6]]]},
"G540": {"type": "Matrix2x2", "payoffs": [[[22,33],[20,18]],[[10,6],[0,0]]]},
"G541": {"type": "Matrix2x2", "payoffs": [[[5,0],[8,3]],[[11,22],[0,2]]]},
"G542": {"type": "Matrix2x2", "payoffs": [[[0,64],[50,71]],[[56,83],[7,0]]]},
"G543": {"type": "Matrix2x2", "payoffs": [[[40,0],[70,89]],[[21,11],[0,24]]]},
"G544": {"type": "Matrix2x2", "payoffs": [[[2,0],[0,61]],[[7,8],[33,87]]]},
"G545": {"type": "Matrix2x2", "payoffs": [[[21,0],[16,46]],[[0,18],[31,53]]]},
"G546": {"type": "Matrix2x2", "payoffs": [[[61,0],[80,37]],[[0,2],[31,12]]]},
"G547": {"type": "Matrix2x2", "payoffs": [[[1,56],[0,42]],[[4,95],[3,0]]]},
"G548": {"type": "Matrix2x2", "payoffs": [[[81,72],[49,50]],[[22,0],[0,21]]]},
"G549": {"type": "Matrix2x2", "payoffs": [[[6,25],[60,52]],[[0,10],[8,0]]]},
"G550": {"type": "Matrix2x2", "payoffs": [[[0,23],[43,36]],[[40,19],[35,0]]]},
"G551": {"type": "Matrix2x2", "payoffs": [[[65,24],[0,0]],[[97,31],[6,5]]]},
"G552": {"type": "Matrix2x2", "payoffs": [[[6,51],[13,27]],[[0,0],[14,53]]]},
"G553": {"type": "Matrix2x2", "payoffs": [[[5,1],[86,8]],[[35,2],[0,0]]]},
"G554": {"type": "Matrix2x2", "payoffs": [[[35,0],[71,79]],[[28,41],[0,44]]]},
"G555": {"type": "Matrix2x2", "payoffs": [[[0,27],[11,55]],[[8,52],[9,0]]]},
"G556": {"type": "Matrix2x2", "payoffs": [[[15,46],[5,11]],[[52,88],[0,0]]]},
"G557": {"type": "Matrix2x2", "payoffs": [[[93,64],[5,0]],[[78,21],[0,5]]]},
"G558": {"type": "Matrix2x2", "payoffs": [[[47,28],[40,1]],[[0,16],[18,0]]]},
"G559": {"type": "Matrix2x2", "payoffs": [[[0,0],[44,41]],[[46,51],[38,44]]]},
"G560": {"type": "Matrix2x2", "payoffs": [[[0,66],[43,0]],[[96,69],[91,51]]]},
"G561": {"type": "Matrix2x2", "payoffs": [[[47,37],[64,42]],[[17,29],[0,0]]]},
"G562": {"type": "Matrix2x2", "payoffs": [[[28,3],[4,2]],[[0,1],[12,0]]]},
"G563": {"type": "Matrix2x2", "payoffs": [[[0,0],[14,18]],[[24,66],[13,17]]]},
"G564": {"type": "Matrix2x2", "payoffs": [[[37,18],[0,0]],[[71,33],[16,9]]]},
"G565": {"type": "Matrix2x2", "payoffs": [[[17,82],[4,58]],[[11,0],[0,17]]]},
"G566": {"type": "Matrix2x2", "payoffs": [[[0,42],[41,46]],[[53,79],[43,0]]]},
"G567": {"type": "Matrix2x2", "payoffs": [[[61,65],[5,2]],[[0,0],[48,14]]]},
"G568": {"type": "Matrix2x2", "payoffs": [[[76,46],[0,8]],[[34,41],[64,0]]]},
"G569": {"type": "Matrix2x2", "payoffs": [[[62,28],[65,33]],[[0,0],[27,19]]]},
"G570": {"type": "Matrix2x2", "payoffs": [[[0,20],[37,10]],[[88,21],[75,0]]]},
"G571": {"type": "Matrix2x2", "payoffs": [[[2,0],[1,45]],[[0,1],[4,70]]]},
"G572": {"type": "Matrix2x2", "payoffs": [[[76,78],[28,0]],[[0,29],[14,37]]]},
"G573": {"type": "Matrix2x2", "payoffs": [[[12,5],[22,96]],[[0,0],[14,15]]]},
"G574": {"type": "Matrix2x2", "payoffs": [[[2,11],[1,0]],[[0,25],[4,40]]]},
"G575": {"type": "Matrix2x2", "payoffs": [[[2,55],[4,59]],[[1,0],[0,14]]]},
"G576": {"type": "Matrix2x2", "payoffs": [[[1,0],[5,48]],[[0,34],[11,80]]]},
"G577": {"type": "Matrix2x2", "payoffs": [[[67,2],[0,0]],[[97,3],[91,1]]]},
"G578": {"type": "Matrix2x2", "payoffs": [[[0,22],[25,21]],[[63,0],[73,43]]]},
"G579": {"type": "Matrix2x2", "payoffs": [[[8,0],[12,2]],[[0,54],[13,57]]]},
"G580": {"type": "Matrix2x2", "payoffs": [[[19,0],[0,46]],[[28,88],[16,77]]]},
"G581": {"type": "Matrix2x2", "payoffs": [[[14,24],[0,9]],[[40,50],[12,0]]]},
"G582": {"type": "Matrix2x2", "payoffs": [[[3,38],[59,0]],[[0,27],[71,42]]]},
"G583": {"type": "Matrix2x2", "payoffs": [[[24,19],[14,17]],[[2,0],[0,8]]]},
"G584": {"type": "Matrix2x2", "payoffs": [[[36,14],[0,8]],[[9,11],[2,0]]]},
"G585": {"type": "Matrix2x2", "payoffs": [[[10,0],[0,25]],[[22,27],[50,29]]]},
"G586": {"type": "Matrix2x2", "payoffs": [[[12,1],[16,7]],[[0,6],[15,0]]]},
"G587": {"type": "Matrix2x2", "payoffs": [[[52,51],[30,15]],[[24,0],[0,48]]]},
"G588": {"type": "Matrix2x2", "payoffs": [[[4,6],[0,54]],[[64,74],[31,0]]]},
"G589": {"type": "Matrix2x2", "payoffs": [[[24,0],[0,3]],[[46,23],[29,1]]]},
"G590": {"type": "Matrix2x2", "payoffs": [[[0,3],[43,6]],[[55,17],[7,0]]]},
"G591": {"type": "Matrix2x2", "payoffs": [[[0,62],[4,61]],[[66,79],[54,0]]]},
"G592": {"type": "Matrix2x2", "payoffs": [[[33,78],[0,0]],[[24,55],[70,91]]]},
"G593": {"type": "Matrix2x2", "payoffs": [[[56,99],[7,18]],[[0,88],[21,0]]]},
"G594": {"type": "Matrix2x2", "payoffs": [[[56,0],[74,12]],[[61,8],[0,10]]]},
"G595": {"type": "Matrix2x2", "payoffs": [[[0,0],[37,44]],[[5,2],[25,17]]]},
"G596": {"type": "Matrix2x2", "payoffs": [[[76,100],[65,38]],[[0,0],[74,28]]]},
"G597": {"type": "Matrix2x2", "payoffs": [[[1,0],[10,8]],[[14,13],[0,11]]]},
"G598": {"type": "Matrix2x2", "payoffs": [[[0,15],[32,4]],[[12,0],[39,34]]]},
"G599": {"type": "Matrix2x2", "payoffs": [[[0,4],[59,22]],[[89,42],[82,0]]]},
"G600": {"type": "Matrix2x2", "payoffs": [[[34,51],[0,36]],[[13,10],[20,0]]]},
"G601": {"type": "Matrix2x2", "payoffs": [[[6,0],[49,48]],[[91,84],[0,30]]]},
"G602": {"type": "Matrix2x2", "payoffs": [[[3,0],[32,28]],[[0,1],[12,24]]]},
"G603": {"type": "Matrix2x2", "payoffs": [[[86,34],[83,18]],[[73,32],[0,0]]]},
"G604": {"type": "Matrix2x2", "payoffs": [[[7,31],[0,0]],[[56,35],[58,85]]]},
"G605": {"type": "Matrix2x2", "payoffs": [[[12,14],[10,0]],[[14,30],[0,19]]]},
"G606": {"type": "Matrix2x2", "payoffs": [[[27,0],[31,5]],[[0,3],[32,36]]]},
"G607": {"type": "Matrix2x2", "payoffs": [[[4,36],[2,0]],[[0,32],[1,14]]]},
"G608": {"type": "Matrix2x2", "payoffs": [[[10,73],[0,19]],[[1,40],[5,0]]]},
"G609": {"type": "Matrix2x2", "payoffs": [[[65,11],[0,9]],[[34,0],[32,4]]]},
"G610": {"type": "Matrix2x2", "payoffs": [[[24,23],[9,0]],[[97,48],[0,27]]]},
"G611": {"type": "Matrix2x2", "payoffs": [[[37,11],[0,0]],[[95,89],[80,65]]]},
"G612": {"type": "Matrix2x2", "payoffs": [[[15,3],[8,2]],[[0,1],[5,0]]]},
"G613": {"type": "Matrix2x2", "payoffs": [[[0,0],[50,54]],[[59,5],[69,95]]]},
"G614": {"type": "Matrix2x2", "payoffs": [[[3,0],[32,68]],[[0,1],[28,9]]]},
"G615": {"type": "Matrix2x2", "payoffs": [[[45,19],[42,22]],[[0,0],[100,29]]]},
"G616": {"type": "Matrix2x2", "payoffs": [[[50,15],[21,0]],[[97,36],[0,26]]]},
"G617": {"type": "Matrix2x2", "payoffs": [[[24,74],[0,65]],[[100,78],[58,0]]]},
"G618": {"type": "Matrix2x2", "payoffs": [[[0,38],[12,0]],[[52,19],[56,89]]]},
"G619": {"type": "Matrix2x2", "payoffs": [[[0,11],[7,69]],[[3,0],[4,41]]]},
"G620": {"type": "Matrix2x2", "payoffs": [[[5,17],[0,0]],[[15,24],[6,2]]]},
"G621": {"type": "Matrix2x2", "payoffs": [[[55,16],[83,44]],[[74,0],[0,25]]]},
"G622": {"type": "Matrix2x2", "payoffs": [[[0,61],[25,0]],[[44,17],[46,69]]]},
"G623": {"type": "Matrix2x2", "payoffs": [[[0,75],[13,41]],[[14,0],[15,91]]]},
"G624": {"type": "Matrix2x2", "payoffs": [[[60,49],[50,0]],[[0,20],[42,42]]]},
"G625": {"type": "Matrix2x2", "payoffs": [[[2,9],[0,0]],[[11,14],[8,12]]]},
"G626": {"type": "Matrix2x2", "payoffs": [[[38,12],[39,13]],[[0,0],[46,27]]]},
"G627": {"type": "Matrix2x2", "payoffs": [[[12,61],[6,0]],[[8,4],[0,5]]]},
"G628": {"type": "Matrix2x2", "payoffs": [[[44,5],[26,2]],[[8,1],[0,0]]]},
"G629": {"type": "Matrix2x2", "payoffs": [[[19,2],[0,72]],[[75,0],[96,90]]]},
"G630": {"type": "Matrix2x2", "payoffs": [[[7,0],[0,24]],[[76,35],[11,7]]]},
"G631": {"type": "Matrix2x2", "payoffs": [[[0,5],[30,9]],[[51,22],[11,0]]]},
"G632": {"type": "Matrix2x2", "payoffs": [[[26,8],[92,10]],[[0,0],[58,7]]]},
"G633": {"type": "Matrix2x2", "payoffs": [[[1,13],[6,18]],[[0,0],[54,29]]]},
"G634": {"type": "Matrix2x2", "payoffs": [[[5,41],[11,42]],[[1,38],[0,0]]]},
"G635": {"type": "Matrix2x2", "payoffs": [[[38,17],[34,8]],[[8,7],[0,0]]]},
"G636": {"type": "Matrix2x2", "payoffs": [[[2,57],[31,0]],[[66,58],[0,37]]]},
"G637": {"type": "Matrix2x2", "payoffs": [[[0,20],[31,0]],[[36,10],[78,41]]]},
"G638": {"type": "Matrix2x2", "payoffs": [[[39,5],[29,3]],[[0,4],[38,0]]]},
"G639": {"type": "Matrix2x2", "payoffs": [[[5,14],[2,0]],[[0,4],[1,13]]]},
"G640": {"type": "Matrix2x2", "payoffs": [[[0,0],[50,5]],[[27,3],[37,1]]]},
"G641": {"type": "Matrix2x2", "payoffs": [[[24,61],[0,0]],[[20,59],[31,62]]]},
"G642": {"type": "Matrix2x2", "payoffs": [[[42,5],[16,18]],[[47,19],[0,0]]]},
"G643": {"type": "Matrix2x2", "payoffs": [[[0,14],[37,24]],[[65,0],[95,48]]]},
"G644": {"type": "Matrix2x2", "payoffs": [[[8,45],[0,0]],[[2,3],[6,40]]]},
"G645": {"type": "Matrix2x2", "payoffs": [[[3,6],[14,0]],[[25,68],[0,34]]]},
"G646": {"type": "Matrix2x2", "payoffs": [[[29,0],[57,19]],[[0,17],[9,1]]]},
"G647": {"type": "Matrix2x2", "payoffs": [[[28,2],[0,0]],[[81,17],[90,22]]]},
"G648": {"type": "Matrix2x2", "payoffs": [[[43,49],[0,0]],[[21,38],[30,35]]]},
"G649": {"type": "Matrix2x2", "payoffs": [[[1,36],[9,0]],[[0,28],[21,65]]]},
"G650": {"type": "Matrix2x2", "payoffs": [[[0,0],[16,40]],[[6,5],[15,16]]]},
"G651": {"type": "Matrix2x2", "payoffs": [[[19,7],[69,11]],[[22,1],[0,0]]]},
"G652": {"type": "Matrix2x2", "payoffs": [[[12,35],[2,0]],[[0,10],[10,16]]]},
"G653": {"type": "Matrix2x2", "payoffs": [[[37,64],[0,46]],[[35,58],[12,0]]]},
"G654": {"type": "Matrix2x2", "payoffs": [[[13,14],[18,25]],[[24,27],[0,0]]]},
"G655": {"type": "Matrix2x2", "payoffs": [[[0,8],[16,0]],[[27,12],[18,6]]]},
"G656": {"type": "Matrix2x2", "payoffs": [[[54,70],[47,0]],[[0,35],[74,77]]]},
"G657": {"type": "Matrix2x2", "payoffs": [[[5,43],[1,5]],[[4,33],[0,0]]]},
"G658": {"type": "Matrix2x2", "payoffs": [[[44,0],[10,50]],[[0,19],[45,68]]]},
"G659": {"type": "Matrix2x2", "payoffs": [[[0,0],[88,44]],[[73,16],[15,17]]]},
"G660": {"type": "Matrix2x2", "payoffs": [[[53,50],[45,25]],[[83,98],[0,0]]]},
"G661": {"type": "Matrix2x2", "payoffs": [[[40,27],[0,30]],[[12,0],[59,31]]]},
"G662": {"type": "Matrix2x2", "payoffs": [[[98,24],[99,68]],[[64,28],[0,0]]]},
"G663": {"type": "Matrix2x2", "payoffs": [[[13,6],[0,2]],[[16,0],[33,10]]]},
"G664": {"type": "Matrix2x2", "payoffs": [[[0,0],[5,11]],[[2,2],[1,10]]]},
"G665": {"type": "Matrix2x2", "payoffs": [[[17,0],[25,6]],[[6,4],[0,1]]]},
"G666": {"type": "Matrix2x2", "payoffs": [[[29,27],[0,0]],[[90,28],[84,7]]]},
"G667": {"type": "Matrix2x2", "payoffs": [[[10,21],[0,0]],[[42,84],[27,33]]]},
"G668": {"type": "Matrix2x2", "payoffs": [[[9,0],[6,6]],[[15,48],[0,23]]]},
"G669": {"type": "Matrix2x2", "payoffs": [[[4,53],[97,91]],[[73,84],[0,0]]]},
"G670": {"type": "Matrix2x2", "payoffs": [[[1,0],[0,3]],[[5,9],[3,8]]]},
"G671": {"type": "Matrix2x2", "payoffs": [[[15,65],[5,0]],[[9,59],[0,5]]]},
"G672": {"type": "Matrix2x2", "payoffs": [[[66,42],[0,0]],[[15,24],[52,1]]]},
"G673": {"type": "Matrix2x2", "payoffs": [[[23,0],[0,33]],[[78,69],[76,29]]]},
"G674": {"type": "Matrix2x2", "payoffs": [[[61,0],[100,59]],[[0,15],[89,17]]]},
"G675": {"type": "Matrix2x2", "payoffs": [[[0,1],[3,0]],[[1,9],[7,11]]]},
"G676": {"type": "Matrix2x2", "payoffs": [[[0,8],[33,0]],[[47,12],[50,65]]]},
"G677": {"type": "Matrix2x2", "payoffs": [[[58,20],[0,0]],[[2,11],[72,23]]]},
"G678": {"type": "Matrix2x2", "payoffs": [[[5,64],[2,41]],[[3,12],[0,0]]]},
"G679": {"type": "Matrix2x2", "payoffs": [[[11,0],[41,22]],[[0,7],[32,15]]]},
"G680": {"type": "Matrix2x2", "payoffs": [[[33,41],[25,0]],[[6,6],[0,38]]]},
"G681": {"type": "Matrix2x2", "payoffs": [[[39,4],[0,25]],[[3,0],[93,30]]]},
"G682": {"type": "Matrix2x2", "payoffs": [[[46,93],[0,88]],[[8,27],[29,0]]]},
"G683": {"type": "Matrix2x2", "payoffs": [[[21,64],[0,0]],[[16,6],[3,61]]]},
"G684": {"type": "Matrix2x2", "payoffs": [[[16,22],[14,21]],[[0,0],[58,31]]]},
"G685": {"type": "Matrix2x2", "payoffs": [[[16,0],[22,85]],[[0,12],[68,96]]]},
"G686": {"type": "Matrix2x2", "payoffs": [[[26,24],[31,28]],[[15,15],[0,0]]]},
"G687": {"type": "Matrix2x2", "payoffs": [[[47,61],[36,47]],[[0,26],[24,0]]]},
"G688": {"type": "Matrix2x2", "payoffs": [[[13,0],[9,27]],[[26,36],[0,12]]]},
"G689": {"type": "Matrix2x2", "payoffs": [[[0,8],[14,12]],[[25,0],[97,41]]]},
"G690": {"type": "Matrix2x2", "payoffs": [[[13,21],[3,6]],[[0,0],[1,2]]]},
"G691": {"type": "Matrix2x2", "payoffs": [[[25,82],[21,8]],[[0,0],[67,87]]]},
"G692": {"type": "Matrix2x2", "payoffs": [[[44,5],[89,7]],[[0,4],[13,0]]]},
"G693": {"type": "Matrix2x2", "payoffs": [[[0,0],[2,32]],[[3,97],[1,90]]]},
"G694": {"type": "Matrix2x2", "payoffs": [[[23,0],[65,92]],[[22,14],[0,66]]]},
"G695": {"type": "Matrix2x2", "payoffs": [[[1,0],[2,20]],[[0,3],[3,52]]]},
"G696": {"type": "Matrix2x2", "payoffs": [[[44,43],[52,81]],[[15,0],[0,73]]]},
"G697": {"type": "Matrix2x2", "payoffs": [[[7,11],[3,0]],[[9,21],[0,18]]]},
"G698": {"type": "Matrix2x2", "payoffs": [[[28,23],[14,4]],[[0,0],[86,32]]]},
"G699": {"type": "Matrix2x2", "payoffs": [[[16,31],[22,34]],[[0,0],[1,25]]]},
"G700": {"type": "Matrix2x2", "payoffs": [[[0,16],[14,47]],[[59,98],[58,0]]]},
"G701": {"type": "Matrix2x2", "payoffs": [[[0,0],[30,20]],[[85,36],[6,28]]]},
"G702": {"type": "Matrix2x2", "payoffs": [[[35,52],[49,63]],[[31,0],[0,10]]]},
"G703": {"type": "Matrix2x2", "payoffs": [[[76,0],[0,2]],[[12,55],[87,56]]]},
"G704": {"type": "Matrix2x2", "payoffs": [[[26,23],[60,79]],[[10,0],[0,59]]]},
"G705": {"type": "Matrix2x2", "payoffs": [[[27,32],[0,0]],[[40,60],[9,12]]]},
"G706": {"type": "Matrix2x2", "payoffs": [[[50,78],[45,0]],[[25,51],[0,11]]]},
"G707": {"type": "Matrix2x2", "payoffs": [[[0,0],[1,49]],[[7,54],[4,3]]]},
"G708": {"type": "Matrix2x2", "payoffs": [[[8,51],[3,11]],[[4,0],[0,19]]]},
"G709": {"type": "Matrix2x2", "payoffs": [[[1,90],[15,62]],[[0,0],[71,91]]]},
"G710": {"type": "Matrix2x2", "payoffs": [[[0,36],[11,0]],[[19,95],[7,92]]]},
"G711": {"type": "Matrix2x2", "payoffs": [[[0,0],[6,71]],[[2,60],[1,24]]]},
"G712": {"type": "Matrix2x2", "payoffs": [[[40,38],[31,0]],[[0,79],[50,96]]]},
"G713": {"type": "Matrix2x2", "payoffs": [[[66,73],[54,0]],[[45,69],[0,8]]]},
"G714": {"type": "Matrix2x2", "payoffs": [[[0,5],[27,4]],[[10,0],[33,14]]]},
"G715": {"type": "Matrix2x2", "payoffs": [[[70,30],[16,22]],[[0,0],[44,27]]]},
"G716": {"type": "Matrix2x2", "payoffs": [[[0,27],[39,65]],[[19,24],[36,0]]]},
"G717": {"type": "Matrix2x2", "payoffs": [[[76,4],[73,3]],[[0,0],[7,2]]]},
"G718": {"type": "Matrix2x2", "payoffs": [[[0,1],[18,9]],[[23,18],[20,0]]]},
"G719": {"type": "Matrix2x2", "payoffs": [[[19,0],[98,41]],[[87,6],[0,25]]]},
"G720": {"type": "Matrix2x2", "payoffs": [[[0,8],[7,0]],[[18,19],[15,16]]]},
"G721": {"type": "Matrix2x2", "payoffs": [[[0,0],[57,47]],[[29,35],[27,22]]]},
"G722": {"type": "Matrix2x2", "payoffs": [[[3,0],[16,44]],[[0,19],[11,5]]]},
"G723": {"type": "Matrix2x2", "payoffs": [[[0,17],[37,7]],[[89,0],[93,57]]]},
"G724": {"type": "Matrix2x2", "payoffs": [[[20,3],[41,70]],[[0,0],[5,15]]]},
"G725": {"type": "Matrix2x2", "payoffs": [[[0,15],[14,55]],[[9,0],[86,100]]]},
"G726": {"type": "Matrix2x2", "payoffs": [[[59,68],[35,0]],[[2,54],[0,51]]]},
"G727": {"type": "Matrix2x2", "payoffs": [[[3,46],[32,98]],[[11,5],[0,0]]]},
"G728": {"type": "Matrix2x2", "payoffs": [[[0,0],[48,55]],[[49,97],[8,80]]]},
"G729": {"type": "Matrix2x2", "payoffs": [[[0,0],[65,17]],[[36,8],[3,12]]]},
"G730": {"type": "Matrix2x2", "payoffs": [[[0,68],[13,41]],[[15,0],[29,86]]]},
"G731": {"type": "Matrix2x2", "payoffs": [[[0,37],[26,52]],[[72,91],[70,0]]]},
"G732": {"type": "Matrix2x2", "payoffs": [[[39,5],[0,0]],[[10,4],[80,6]]]},
"G733": {"type": "Matrix2x2", "payoffs": [[[0,64],[26,78]],[[70,0],[93,80]]]},
"G734": {"type": "Matrix2x2", "payoffs": [[[36,26],[0,8]],[[32,20],[17,0]]]},
"G735": {"type": "Matrix2x2", "payoffs": [[[60,0],[10,11]],[[0,3],[90,41]]]},
"G736": {"type": "Matrix2x2", "payoffs": [[[21,0],[64,9]],[[0,3],[2,8]]]},
"G737": {"type": "Matrix2x2", "payoffs": [[[21,49],[0,17]],[[13,0],[10,37]]]},
"G738": {"type": "Matrix2x2", "payoffs": [[[50,1],[35,0]],[[0,2],[51,8]]]},
"G739": {"type": "Matrix2x2", "payoffs": [[[2,42],[0,52]],[[16,98],[12,0]]]},
"G740": {"type": "Matrix2x2", "payoffs": [[[37,19],[2,0]],[[0,58],[39,69]]]},
"G741": {"type": "Matrix2x2", "payoffs": [[[0,0],[12,35]],[[14,73],[39,78]]]},
"G742": {"type": "Matrix2x2", "payoffs": [[[66,0],[0,55]],[[15,4],[99,75]]]},
"G743": {"type": "Matrix2x2", "payoffs": [[[1,0],[0,43]],[[3,39],[12,87]]]},
"G744": {"type": "Matrix2x2", "payoffs": [[[0,40],[84,60]],[[37,25],[68,0]]]},
"G745": {"type": "Matrix2x2", "payoffs": [[[0,11],[94,85]],[[39,72],[21,0]]]},
"G746": {"type": "Matrix2x2", "payoffs": [[[6,32],[0,0]],[[3,21],[12,49]]]},
"G747": {"type": "Matrix2x2", "payoffs": [[[72,0],[42,50]],[[73,69],[0,62]]]},
"G748": {"type": "Matrix2x2", "payoffs": [[[0,0],[7,63]],[[19,96],[11,35]]]},
"G749": {"type": "Matrix2x2", "payoffs": [[[62,42],[45,28]],[[0,0],[76,87]]]},
"G750": {"type": "Matrix2x2", "payoffs": [[[0,0],[37,1]],[[20,2],[41,3]]]},
"G751": {"type": "Matrix2x2", "payoffs": [[[0,1],[16,0]],[[27,11],[1,4]]]},
"G752": {"type": "Matrix2x2", "payoffs": [[[97,25],[95,1]],[[40,0],[0,21]]]},
"G753": {"type": "Matrix2x2", "payoffs": [[[21,32],[9,0]],[[59,71],[0,3]]]},
"G754": {"type": "Matrix2x2", "payoffs": [[[0,0],[79,48]],[[80,77],[32,43]]]},
"G755": {"type": "Matrix2x2", "payoffs": [[[54,14],[9,0]],[[43,3],[0,9]]]},
"G756": {"type": "Matrix2x2", "payoffs": [[[0,67],[65,0]],[[2,51],[74,87]]]},
"G757": {"type": "Matrix2x2", "payoffs": [[[6,40],[0,0]],[[4,29],[36,77]]]},
"G758": {"type": "Matrix2x2", "payoffs": [[[0,7],[22,12]],[[16,9],[19,0]]]},
"G759": {"type": "Matrix2x2", "payoffs": [[[44,25],[7,17]],[[0,0],[58,31]]]},
"G760": {"type": "Matrix2x2", "payoffs": [[[10,0],[31,11]],[[0,7],[32,16]]]},
"G761": {"type": "Matrix2x2", "payoffs": [[[94,82],[0,0]],[[39,14],[44,69]]]},
"G762": {"type": "Matrix2x2", "payoffs": [[[33,99],[19,41]],[[4,0],[0,39]]]},
"G763": {"type": "Matrix2x2", "payoffs": [[[48,49],[0,0]],[[52,68],[26,51]]]},
"G764": {"type": "Matrix2x2", "payoffs": [[[49,0],[0,48]],[[3,41],[55,49]]]},
"G765": {"type": "Matrix2x2", "payoffs": [[[35,0],[0,77]],[[48,86],[31,5]]]},
"G766": {"type": "Matrix2x2", "payoffs": [[[49,0],[68,3]],[[0,11],[86,13]]]},
"G767": {"type": "Matrix2x2", "payoffs": [[[0,0],[59,18]],[[92,8],[95,20]]]},
"G768": {"type": "Matrix2x2", "payoffs": [[[3,7],[0,0]],[[19,8],[8,2]]]},
"G769": {"type": "Matrix2x2", "payoffs": [[[0,6],[49,13]],[[7,0],[21,11]]]},
"G770": {"type": "Matrix2x2", "payoffs": [[[46,0],[26,19]],[[55,34],[0,31]]]},
"G771": {"type": "Matrix2x2", "payoffs": [[[44,19],[38,0]],[[0,17],[70,42]]]},
"G772": {"type": "Matrix2x2", "payoffs": [[[0,0],[89,11]],[[97,12],[32,4]]]},
"G773": {"type": "Matrix2x2", "payoffs": [[[0,1],[23,33]],[[20,0],[12,31]]]},
"G774": {"type": "Matrix2x2", "payoffs": [[[75,34],[9,11]],[[19,0],[0,25]]]},
"G775": {"type": "Matrix2x2", "payoffs": [[[0,33],[39,47]],[[48,77],[37,0]]]},
"G776": {"type": "Matrix2x2", "payoffs": [[[44,4],[0,2]],[[73,6],[70,0]]]},
"G777": {"type": "Matrix2x2", "payoffs": [[[0,0],[9,27]],[[1,47],[10,77]]]},
"G778": {"type": "Matrix2x2", "payoffs": [[[26,94],[9,0]],[[0,69],[5,56]]]},
"G779": {"type": "Matrix2x2", "payoffs": [[[69,0],[9,75]],[[0,52],[87,99]]]},
"G780": {"type": "Matrix2x2", "payoffs": [[[2,74],[0,0]],[[13,14],[57,98]]]},
"G781": {"type": "Matrix2x2", "payoffs": [[[56,0],[0,92]],[[48,82],[69,95]]]},
"G782": {"type": "Matrix2x2", "payoffs": [[[47,19],[0,10]],[[14,0],[15,6]]]},
"G783": {"type": "Matrix2x2", "payoffs": [[[84,0],[0,66]],[[54,70],[97,93]]]},
"G784": {"type": "Matrix2x2", "payoffs": [[[3,0],[9,19]],[[5,13],[0,9]]]},
"G785": {"type": "Matrix2x2", "payoffs": [[[20,96],[17,5]],[[0,0],[5,85]]]},
"G786": {"type": "Matrix2x2", "payoffs": [[[18,0],[21,98]],[[12,24],[0,65]]]},
"G787": {"type": "Matrix2x2", "payoffs": [[[57,34],[89,54]],[[50,20],[0,0]]]},
"G788": {"type": "Matrix2x2", "payoffs": [[[20,27],[28,28]],[[17,0],[0,19]]]},
"G789": {"type": "Matrix2x2", "payoffs": [[[0,0],[18,100]],[[3,74],[4,20]]]},
"G790": {"type": "Matrix2x2", "payoffs": [[[21,49],[0,38]],[[93,55],[18,0]]]},
"G791": {"type": "Matrix2x2", "payoffs": [[[62,84],[1,69]],[[57,61],[0,0]]]},
"G792": {"type": "Matrix2x2", "payoffs": [[[0,5],[24,0]],[[66,25],[10,13]]]},
"G793": {"type": "Matrix2x2", "payoffs": [[[0,10],[4,30]],[[3,0],[5,71]]]},
"G794": {"type": "Matrix2x2", "payoffs": [[[0,6],[42,0]],[[33,4],[80,8]]]},
"G795": {"type": "Matrix2x2", "payoffs": [[[0,8],[79,12]],[[48,0],[35,11]]]},
"G796": {"type": "Matrix2x2", "payoffs": [[[51,0],[65,55]],[[55,19],[0,11]]]},
"G797": {"type": "Matrix2x2", "payoffs": [[[33,8],[19,0]],[[49,59],[0,23]]]},
"G798": {"type": "Matrix2x2", "payoffs": [[[4,71],[23,93]],[[5,36],[0,0]]]},
"G799": {"type": "Matrix2x2", "payoffs": [[[43,22],[0,14]],[[30,21],[8,0]]]},
"G800": {"type": "Matrix2x2", "payoffs": [[[11,0],[76,56]],[[0,12],[37,36]]]},
"G801": {"type": "Matrix2x2", "payoffs": [[[1,2],[4,3]],[[0,0],[3,1]]]},
"G802": {"type": "Matrix2x2", "payoffs": [[[0,0],[29,23]],[[13,2],[17,19]]]},
"G803": {"type": "Matrix2x2", "payoffs": [[[38,100],[3,0]],[[0,42],[15,58]]]},
"G804": {"type": "Matrix2x2", "payoffs": [[[20,0],[26,58]],[[22,1],[0,31]]]},
"G805": {"type": "Matrix2x2", "payoffs": [[[7,11],[24,18]],[[30,30],[0,0]]]},
"G806": {"type": "Matrix2x2", "payoffs": [[[3,66],[0,60]],[[2,0],[7,80]]]},
"G807": {"type": "Matrix2x2", "payoffs": [[[3,8],[0,0]],[[21,3],[25,35]]]},
"G808": {"type": "Matrix2x2", "payoffs": [[[9,98],[6,0]],[[0,40],[3,4]]]},
"G809": {"type": "Matrix2x2", "payoffs": [[[6,66],[0,0]],[[3,9],[1,13]]]},
"G810": {"type": "Matrix2x2", "payoffs": [[[74,4],[0,0]],[[77,6],[90,8]]]},
"G811": {"type": "Matrix2x2", "payoffs": [[[7,0],[0,16]],[[15,12],[17,66]]]},
"G812": {"type": "Matrix2x2", "payoffs": [[[0,0],[61,2]],[[86,24],[64,16]]]},
"G813": {"type": "Matrix2x2", "payoffs": [[[49,89],[27,20]],[[14,0],[0,49]]]},
"G814": {"type": "Matrix2x2", "payoffs": [[[0,0],[9,40]],[[16,82],[1,1]]]},
"G815": {"type": "Matrix2x2", "payoffs": [[[22,95],[9,70]],[[5,0],[0,78]]]},
"G816": {"type": "Matrix2x2", "payoffs": [[[0,46],[4,0]],[[46,19],[95,54]]]},
"G817": {"type": "Matrix2x2", "payoffs": [[[73,100],[12,91]],[[0,0],[61,50]]]},
"G818": {"type": "Matrix2x2", "payoffs": [[[0,4],[56,0]],[[63,3],[85,11]]]},
"G819": {"type": "Matrix2x2", "payoffs": [[[0,0],[45,1]],[[13,19],[69,47]]]},
"G820": {"type": "Matrix2x2", "payoffs": [[[0,0],[13,4]],[[21,12],[16,6]]]},
"G821": {"type": "Matrix2x2", "payoffs": [[[33,31],[18,15]],[[0,0],[47,32]]]},
"G822": {"type": "Matrix2x2", "payoffs": [[[21,64],[0,25]],[[4,0],[74,88]]]},
"G823": {"type": "Matrix2x2", "payoffs": [[[12,29],[16,36]],[[3,0],[0,33]]]},
"G824": {"type": "Matrix2x2", "payoffs": [[[62,60],[5,0]],[[0,85],[77,100]]]},
"G825": {"type": "Matrix2x2", "payoffs": [[[30,0],[90,73]],[[62,47],[0,1]]]},
"G826": {"type": "Matrix2x2", "payoffs": [[[5,0],[8,29]],[[0,48],[13,55]]]},
"G827": {"type": "Matrix2x2", "payoffs": [[[37,75],[24,0]],[[21,57],[0,59]]]},
"G828": {"type": "Matrix2x2", "payoffs": [[[60,0],[77,94]],[[70,75],[0,20]]]},
"G829": {"type": "Matrix2x2", "payoffs": [[[71,65],[61,8]],[[0,48],[43,0]]]},
"G830": {"type": "Matrix2x2", "payoffs": [[[65,0],[0,5]],[[10,3],[77,14]]]},
"G831": {"type": "Matrix2x2", "payoffs": [[[15,7],[78,8]],[[0,5],[50,0]]]},
"G832": {"type": "Matrix2x2", "payoffs": [[[80,30],[17,2]],[[0,0],[74,26]]]},
"G833": {"type": "Matrix2x2", "payoffs": [[[0,5],[49,0]],[[7,24],[51,30]]]},
"G834": {"type": "Matrix2x2", "payoffs": [[[0,0],[60,83]],[[49,7],[16,47]]]},
"G835": {"type": "Matrix2x2", "payoffs": [[[50,11],[14,58]],[[76,68],[0,0]]]},
"G836": {"type": "Matrix2x2", "payoffs": [[[3,33],[0,0]],[[55,19],[94,49]]]},
"G837": {"type": "Matrix2x2", "payoffs": [[[16,28],[33,54]],[[11,0],[0,21]]]},
"G838": {"type": "Matrix2x2", "payoffs": [[[56,4],[28,0]],[[0,11],[73,12]]]},
"G839": {"type": "Matrix2x2", "payoffs": [[[0,0],[8,48]],[[49,6],[91,61]]]},
"G840": {"type": "Matrix2x2", "payoffs": [[[0,3],[1,0]],[[2,5],[17,7]]]},
"G841": {"type": "Matrix2x2", "payoffs": [[[3,0],[0,4]],[[28,5],[34,7]]]},
"G842": {"type": "Matrix2x2", "payoffs": [[[4,1],[27,0]],[[0,2],[28,3]]]},
"G843": {"type": "Matrix2x2", "payoffs": [[[0,0],[11,31]],[[4,20],[9,15]]]},
"G844": {"type": "Matrix2x2", "payoffs": [[[46,6],[0,0]],[[11,5],[1,1]]]},
"G845": {"type": "Matrix2x2", "payoffs": [[[43,56],[41,13]],[[0,0],[21,32]]]},
"G846": {"type": "Matrix2x2", "payoffs": [[[0,0],[49,89]],[[15,53],[39,63]]]},
"G847": {"type": "Matrix2x2", "payoffs": [[[0,45],[22,9]],[[5,0],[32,82]]]},
"G848": {"type": "Matrix2x2", "payoffs": [[[0,39],[33,0]],[[71,78],[59,54]]]},
"G849": {"type": "Matrix2x2", "payoffs": [[[95,43],[90,13]],[[0,16],[86,0]]]},
"G850": {"type": "Matrix2x2", "payoffs": [[[30,81],[16,21]],[[0,8],[23,0]]]},
"G851": {"type": "Matrix2x2", "payoffs": [[[44,0],[0,1]],[[2,2],[100,3]]]},
"G852": {"type": "Matrix2x2", "payoffs": [[[79,46],[26,23]],[[0,0],[25,9]]]},
"G853": {"type": "Matrix2x2", "payoffs": [[[5,45],[0,17]],[[49,51],[1,0]]]},
"G854": {"type": "Matrix2x2", "payoffs": [[[44,19],[22,11]],[[0,0],[75,21]]]},
"G855": {"type": "Matrix2x2", "payoffs": [[[43,9],[97,12]],[[58,4],[0,0]]]},
"G856": {"type": "Matrix2x2", "payoffs": [[[47,7],[42,1]],[[36,3],[0,0]]]},
"G857": {"type": "Matrix2x2", "payoffs": [[[30,16],[39,84]],[[8,0],[0,2]]]},
"G858": {"type": "Matrix2x2", "payoffs": [[[0,13],[21,0]],[[45,7],[59,15]]]},
"G859": {"type": "Matrix2x2", "payoffs": [[[99,37],[0,14]],[[52,0],[1,34]]]},
"G860": {"type": "Matrix2x2", "payoffs": [[[9,33],[0,0]],[[5,2],[4,23]]]},
"G861": {"type": "Matrix2x2", "payoffs": [[[0,1],[13,0]],[[46,12],[43,5]]]},
"G862": {"type": "Matrix2x2", "payoffs": [[[0,0],[9,13]],[[100,76],[99,6]]]},
"G863": {"type": "Matrix2x2", "payoffs": [[[96,72],[0,1]],[[55,55],[20,0]]]},
"G864": {"type": "Matrix2x2", "payoffs": [[[0,1],[78,6]],[[53,4],[11,0]]]},
"G865": {"type": "Matrix2x2", "payoffs": [[[0,0],[22,59]],[[85,80],[66,70]]]},
"G866": {"type": "Matrix2x2", "payoffs": [[[44,55],[0,48]],[[41,42],[1,0]]]},
"G867": {"type": "Matrix2x2", "payoffs": [[[0,4],[41,42]],[[54,48],[24,0]]]},
"G868": {"type": "Matrix2x2", "payoffs": [[[28,88],[50,89]],[[0,0],[20,42]]]},
"G869": {"type": "Matrix2x2", "payoffs": [[[54,33],[0,37]],[[57,64],[6,0]]]},
"G870": {"type": "Matrix2x2", "payoffs": [[[0,81],[15,90]],[[46,99],[30,0]]]},
"G871": {"type": "Matrix2x2", "payoffs": [[[52,64],[0,0]],[[45,43],[96,87]]]},
"G872": {"type": "Matrix2x2", "payoffs": [[[90,71],[72,2]],[[88,69],[0,0]]]},
"G873": {"type": "Matrix2x2", "payoffs": [[[33,52],[0,68]],[[43,0],[77,72]]]},
"G874": {"type": "Matrix2x2", "payoffs": [[[65,0],[74,10]],[[43,1],[0,8]]]},
"G875": {"type": "Matrix2x2", "payoffs": [[[13,6],[38,23]],[[5,2],[0,0]]]},
"G876": {"type": "Matrix2x2", "payoffs": [[[0,2],[7,1]],[[32,3],[20,0]]]},
"G877": {"type": "Matrix2x2", "payoffs": [[[29,40],[18,0]],[[11,20],[0,3]]]},
"G878": {"type": "Matrix2x2", "payoffs": [[[71,18],[0,14]],[[50,2],[58,0]]]},
"G879": {"type": "Matrix2x2", "payoffs": [[[72,63],[22,59]],[[80,75],[0,0]]]},
"G880": {"type": "Matrix2x2", "payoffs": [[[54,72],[0,0]],[[23,16],[48,13]]]},
"G881": {"type": "Matrix2x2", "payoffs": [[[47,62],[42,8]],[[0,0],[54,68]]]},
"G882": {"type": "Matrix2x2", "payoffs": [[[78,86],[0,20]],[[56,0],[34,11]]]},
"G883": {"type": "Matrix2x2", "payoffs": [[[0,21],[74,0]],[[93,30],[23,22]]]},
"G884": {"type": "Matrix2x2", "payoffs": [[[22,17],[11,10]],[[2,0],[0,13]]]},
"G885": {"type": "Matrix2x2", "payoffs": [[[28,14],[0,17]],[[34,22],[3,0]]]},
"G886": {"type": "Matrix2x2", "payoffs": [[[92,100],[3,81]],[[0,0],[39,19]]]},
"G887": {"type": "Matrix2x2", "payoffs": [[[13,1],[0,0]],[[14,26],[6,14]]]},
"G888": {"type": "Matrix2x2", "payoffs": [[[0,40],[55,55]],[[13,0],[4,30]]]},
"G889": {"type": "Matrix2x2", "payoffs": [[[7,19],[0,28]],[[66,0],[86,35]]]},
"G890": {"type": "Matrix2x2", "payoffs": [[[46,17],[44,9]],[[4,0],[0,16]]]},
"G891": {"type": "Matrix2x2", "payoffs": [[[6,0],[1,4]],[[7,40],[0,16]]]},
"G892": {"type": "Matrix2x2", "payoffs": [[[3,22],[4,39]],[[12,48],[0,0]]]},
"G893": {"type": "Matrix2x2", "payoffs": [[[4,0],[6,6]],[[2,2],[0,4]]]},
"G894": {"type": "Matrix2x2", "payoffs": [[[4,5],[1,0]],[[7,13],[0,2]]]},
"G895": {"type": "Matrix2x2", "payoffs": [[[36,0],[70,88]],[[63,15],[0,8]]]},
"G896": {"type": "Matrix2x2", "payoffs": [[[42,0],[80,83]],[[0,66],[34,63]]]},
"G897": {"type": "Matrix2x2", "payoffs": [[[38,64],[0,58]],[[15,0],[31,50]]]},
"G898": {"type": "Matrix2x2", "payoffs": [[[74,57],[13,0]],[[25,28],[0,55]]]},
"G899": {"type": "Matrix2x2", "payoffs": [[[21,93],[9,0]],[[0,83],[4,91]]]},
"G900": {"type": "Matrix2x2", "payoffs": [[[30,0],[55,60]],[[0,47],[99,79]]]},
"G901": {"type": "Matrix2x2", "payoffs": [[[5,0],[0,11]],[[10,7],[17,13]]]},
"G902": {"type": "Matrix2x2", "payoffs": [[[0,0],[61,24]],[[28,20],[3,12]]]},
"G903": {"type": "Matrix2x2", "payoffs": [[[80,0],[83,53]],[[70,42],[0,7]]]},
"G904": {"type": "Matrix2x2", "payoffs": [[[69,71],[66,0]],[[0,31],[32,67]]]},
"G905": {"type": "Matrix2x2", "payoffs": [[[65,0],[71,39]],[[49,6],[0,2]]]},
"G906": {"type": "Matrix2x2", "payoffs": [[[12,10],[33,43]],[[1,0],[0,12]]]},
"G907": {"type": "Matrix2x2", "payoffs": [[[0,8],[24,0]],[[7,11],[57,39]]]},
"G908": {"type": "Matrix2x2", "payoffs": [[[5,51],[2,5]],[[1,0],[0,32]]]},
"G909": {"type": "Matrix2x2", "payoffs": [[[14,41],[0,17]],[[50,54],[23,0]]]},
"G910": {"type": "Matrix2x2", "payoffs": [[[32,92],[0,31]],[[27,36],[9,0]]]},
"G911": {"type": "Matrix2x2", "payoffs": [[[60,7],[0,55]],[[47,0],[76,97]]]},
"G912": {"type": "Matrix2x2", "payoffs": [[[0,16],[14,0]],[[27,52],[15,19]]]},
"G913": {"type": "Matrix2x2", "payoffs": [[[0,0],[39,73]],[[38,75],[55,85]]]},
"G914": {"type": "Matrix2x2", "payoffs": [[[0,32],[2,0]],[[8,63],[4,26]]]},
"G915": {"type": "Matrix2x2", "payoffs": [[[0,56],[5,0]],[[1,73],[7,96]]]},
"G916": {"type": "Matrix2x2", "payoffs": [[[4,31],[0,0]],[[22,36],[7,33]]]},
"G917": {"type": "Matrix2x2", "payoffs": [[[0,7],[12,0]],[[14,14],[24,23]]]},
"G918": {"type": "Matrix2x2", "payoffs": [[[54,34],[66,63]],[[0,0],[29,19]]]},
"G919": {"type": "Matrix2x2", "payoffs": [[[33,6],[0,0]],[[75,89],[16,10]]]},
"G920": {"type": "Matrix2x2", "payoffs": [[[22,1],[12,0]],[[34,14],[0,11]]]},
"G921": {"type": "Matrix2x2", "payoffs": [[[63,45],[0,5]],[[94,98],[77,0]]]},
"G922": {"type": "Matrix2x2", "payoffs": [[[18,17],[53,22]],[[0,0],[10,2]]]},
"G923": {"type": "Matrix2x2", "payoffs": [[[78,36],[51,6]],[[72,0],[0,15]]]},
"G924": {"type": "Matrix2x2", "payoffs": [[[0,7],[85,20]],[[98,26],[66,0]]]},
"G925": {"type": "Matrix2x2", "payoffs": [[[4,0],[46,35]],[[0,26],[3,4]]]},
"G926": {"type": "Matrix2x2", "payoffs": [[[84,89],[56,28]],[[0,0],[75,75]]]},
"G927": {"type": "Matrix2x2", "payoffs": [[[2,4],[0,7]],[[1,0],[4,9]]]},
"G928": {"type": "Matrix2x2", "payoffs": [[[28,0],[50,10]],[[61,18],[0,4]]]},
"G929": {"type": "Matrix2x2", "payoffs": [[[54,0],[0,13]],[[51,6],[70,32]]]},
"G930": {"type": "Matrix2x2", "payoffs": [[[61,36],[0,0]],[[16,18],[8,6]]]},
"G931": {"type": "Matrix2x2", "payoffs": [[[43,3],[95,25]],[[0,0],[17,4]]]},
"G932": {"type": "Matrix2x2", "payoffs": [[[76,24],[84,30]],[[0,0],[47,16]]]},
"G933": {"type": "Matrix2x2", "payoffs": [[[18,0],[0,44]],[[12,3],[28,53]]]},
"G934": {"type": "Matrix2x2", "payoffs": [[[87,9],[68,4]],[[0,6],[63,0]]]},
"G935": {"type": "Matrix2x2", "payoffs": [[[6,29],[55,0]],[[0,36],[96,96]]]},
"G936": {"type": "Matrix2x2", "payoffs": [[[3,76],[15,72]],[[25,79],[0,0]]]},
"G937": {"type": "Matrix2x2", "payoffs": [[[10,3],[8,11]],[[0,0],[11,19]]]},
"G938": {"type": "Matrix2x2", "payoffs": [[[0,4],[27,0]],[[1,1],[37,5]]]},
"G939": {"type": "Matrix2x2", "payoffs": [[[26,72],[18,50]],[[0,43],[23,0]]]},
"G940": {"type": "Matrix2x2", "payoffs": [[[0,68],[38,0]],[[45,79],[34,19]]]},
"G941": {"type": "Matrix2x2", "payoffs": [[[20,20],[39,21]],[[0,1],[30,0]]]},
"G942": {"type": "Matrix2x2", "payoffs": [[[9,37],[0,83]],[[16,0],[19,89]]]},
"G943": {"type": "Matrix2x2", "payoffs": [[[8,0],[0,3]],[[99,19],[87,6]]]},
"G944": {"type": "Matrix2x2", "payoffs": [[[11,15],[14,26]],[[13,11],[0,0]]]},
"G945": {"type": "Matrix2x2", "payoffs": [[[18,72],[49,0]],[[0,82],[56,85]]]},
"G946": {"type": "Matrix2x2", "payoffs": [[[0,2],[36,36]],[[29,1],[27,0]]]},
"G947": {"type": "Matrix2x2", "payoffs": [[[82,98],[0,16]],[[76,51],[62,0]]]},
"G948": {"type": "Matrix2x2", "payoffs": [[[60,0],[100,97]],[[0,30],[66,54]]]},
"G949": {"type": "Matrix2x2", "payoffs": [[[0,0],[5,33]],[[1,79],[36,90]]]},
"G950": {"type": "Matrix2x2", "payoffs": [[[9,70],[4,41]],[[7,0],[0,21]]]},
"G951": {"type": "Matrix2x2", "payoffs": [[[6,12],[79,17]],[[0,0],[62,9]]]},
"G952": {"type": "Matrix2x2", "payoffs": [[[2,0],[1,17]],[[6,28],[0,23]]]},
"G953": {"type": "Matrix2x2", "payoffs": [[[0,77],[68,86]],[[15,57],[1,0]]]},
"G954": {"type": "Matrix2x2", "payoffs": [[[2,23],[49,42]],[[0,1],[16,0]]]},
"G955": {"type": "Matrix2x2", "payoffs": [[[28,9],[47,19]],[[0,0],[62,73]]]},
"G956": {"type": "Matrix2x2", "payoffs": [[[0,23],[38,45]],[[19,16],[5,0]]]},
"G957": {"type": "Matrix2x2", "payoffs": [[[3,24],[0,0]],[[91,11],[92,58]]]},
"G958": {"type": "Matrix2x2", "payoffs": [[[48,33],[0,0]],[[38,24],[15,2]]]},
"G959": {"type": "Matrix2x2", "payoffs": [[[0,24],[51,0]],[[3,17],[71,28]]]},
"G960": {"type": "Matrix2x2", "payoffs": [[[66,0],[70,18]],[[74,82],[0,74]]]},
"G961": {"type": "Matrix2x2", "payoffs": [[[0,40],[100,98]],[[47,0],[74,37]]]},
"G962": {"type": "Matrix2x2", "payoffs": [[[64,2],[94,60]],[[0,0],[29,7]]]},
"G963": {"type": "Matrix2x2", "payoffs": [[[27,11],[0,20]],[[22,0],[68,32]]]},
"G964": {"type": "Matrix2x2", "payoffs": [[[6,71],[1,0]],[[2,37],[0,6]]]},
"G965": {"type": "Matrix2x2", "payoffs": [[[72,64],[0,0]],[[33,38],[16,40]]]},
"G966": {"type": "Matrix2x2", "payoffs": [[[27,2],[99,6]],[[0,3],[20,0]]]},
"G967": {"type": "Matrix2x2", "payoffs": [[[6,76],[0,10]],[[17,97],[5,0]]]},
"G968": {"type": "Matrix2x2", "payoffs": [[[0,0],[59,59]],[[10,32],[68,79]]]},
"G969": {"type": "Matrix2x2", "payoffs": [[[25,0],[71,51]],[[17,49],[0,19]]]},
"G970": {"type": "Matrix2x2", "payoffs": [[[12,1],[0,0]],[[1,5],[29,8]]]},
"G971": {"type": "Matrix2x2", "payoffs": [[[32,81],[65,3]],[[0,0],[71,88]]]},
"G972": {"type": "Matrix2x2", "payoffs": [[[0,10],[4,29]],[[1,5],[3,0]]]},
"G973": {"type": "Matrix2x2", "payoffs": [[[33,38],[8,10]],[[4,37],[0,0]]]},
"G974": {"type": "Matrix2x2", "payoffs": [[[1,1],[6,3]],[[17,7],[0,0]]]},
"G975": {"type": "Matrix2x2", "payoffs": [[[73,58],[17,9]],[[14,55],[0,0]]]},
"G976": {"type": "Matrix2x2", "payoffs": [[[10,31],[42,6]],[[53,81],[0,0]]]},
"G977": {"type": "Matrix2x2", "payoffs": [[[31,29],[0,2]],[[22,0],[69,40]]]},
"G978": {"type": "Matrix2x2", "payoffs": [[[64,46],[11,0]],[[0,42],[16,40]]]},
"G979": {"type": "Matrix2x2", "payoffs": [[[0,2],[4,4]],[[10,0],[11,21]]]},
"G980": {"type": "Matrix2x2", "payoffs": [[[39,17],[15,2]],[[3,0],[0,3]]]},
"G981": {"type": "Matrix2x2", "payoffs": [[[63,19],[54,16]],[[26,0],[0,15]]]},
"G982": {"type": "Matrix2x2", "payoffs": [[[26,100],[7,0]],[[0,55],[10,95]]]},
"G983": {"type": "Matrix2x2", "payoffs": [[[32,17],[20,14]],[[0,0],[6,11]]]},
"G984": {"type": "Matrix2x2", "payoffs": [[[1,3],[44,13]],[[0,7],[32,0]]]},
"G985": {"type": "Matrix2x2", "payoffs": [[[45,35],[0,56]],[[47,0],[83,83]]]},
"G986": {"type": "Matrix2x2", "payoffs": [[[20,4],[22,53]],[[15,0],[0,8]]]},
"G987": {"type": "Matrix2x2", "payoffs": [[[49,30],[17,0]],[[37,19],[0,8]]]},
"G988": {"type": "Matrix2x2", "payoffs": [[[3,73],[7,0]],[[0,51],[29,92]]]},
"G989": {"type": "Matrix2x2", "payoffs": [[[83,20],[11,5]],[[0,15],[33,0]]]},
"G990": {"type": "Matrix2x2", "payoffs": [[[5,0],[13,64]],[[0,15],[10,46]]]},
"G991": {"type": "Matrix2x2", "payoffs": [[[0,25],[20,0]],[[86,91],[5,22]]]},
"G992": {"type": "Matrix2x2", "payoffs": [[[0,0],[57,56]],[[19,95],[96,96]]]},
"G993": {"type": "Matrix2x2", "payoffs": [[[79,30],[0,19]],[[3,0],[65,25]]]},
"G994": {"type": "Matrix2x2", "payoffs": [[[0,0],[26,3]],[[61,75],[89,92]]]},
"G995": {"type": "Matrix2x2", "payoffs": [[[5,14],[2,0]],[[7,16],[0,9]]]},
"G996": {"type": "Matrix2x2", "payoffs": [[[55,0],[53,10]],[[94,20],[0,9]]]},
"G997": {"type": "Matrix2x2", "payoffs": [[[0,61],[18,0]],[[39,27],[57,98]]]},
"G998": {"type": "Matrix2x2", "payoffs": [[[17,10],[0,0]],[[50,1],[61,18]]]},
"G999": {"type": "Matrix2x2", "payoffs": [[[0,0],[30,23]],[[57,89],[54,25]]]},
"G1000": {"type": "Matrix2x2", "payoffs": [[[50,11],[0,0]],[[5,4],[19,8]]]}
}