{
"numGames": 100,
"G1": {"type": "Matrix2x2", "payoffs": [[[49,22],[0,14]],[[72,27],[40,0]]]},
"G2": {"type": "Matrix2x2", "payoffs": [[[5,10],[6,88]],[[0,2],[2,0]]]},
"G3": {"type": "Matrix2x2", "payoffs": [[[87,16],[69,5]],[[76,8],[0,0]]]},
"G4": {"type": "Matrix2x2", "payoffs": [[[3,92],[78,98]],[[75,0],[0,81]]]},
"G5": {"type": "Matrix2x2", "payoffs": [[[67,93],[8,14]],[[11,0],[0,84]]]},
"G6": {"type": "Matrix2x2", "payoffs": [[[3,1],[7,12]],[[6,0],[0,3]]]},
"G7": {"type": "Matrix2x2", "payoffs": [[[0,0],[9,35]],[[65,56],[25,10]]]},
"G8": {"type": "Matrix2x2", "payoffs": [[[94,92],[6,73]],[[82,46],[0,0]]]},
"G9": {"type": "Matrix2x2", "payoffs": [[[0,0],[85,75]],[[71,71],[19,10]]]},
"G10": {"type": "Matrix2x2", "payoffs": [[[3,75],[1,69]],[[0,37],[2,0]]]},
"G11": {"type": "Matrix2x2", "payoffs": [[[0,9],[7,23]],[[5,0],[3,7]]]},
"G12": {"type": "Matrix2x2", "payoffs": [[[9,6],[62,16]],[[0,8],[10,0]]]},
"G13": {"type": "Matrix2x2", "payoffs": [[[51,0],[43,61]],[[0,16],[77,90]]]},
"G14": {"type": "Matrix2x2", "payoffs": [[[96,37],[0,0]],[[7,10],[85,32]]]},
"G15": {"type": "Matrix2x2", "payoffs": [[[4,12],[7,23]],[[1,0],[0,18]]]},
"G16": {"type": "Matrix2x2", "payoffs": [[[0,85],[1,54]],[[6,99],[4,0]]]},
"G17": {"type": "Matrix2x2", "payoffs": [[[4,11],[8,18]],[[10,20],[0,0]]]},
"G18": {"type": "Matrix2x2", "payoffs": [[[15,4],[0,0]],[[48,1],[65,32]]]},
"G19": {"type": "Matrix2x2", "payoffs": [[[56,68],[0,5]],[[49,9],[23,0]]]},
"G20": {"type": "Matrix2x2", "payoffs": [[[58,11],[0,13]],[[27,0],[68,62]]]},
"G21": {"type": "Matrix2x2", "payoffs": [[[6,14],[0,15]],[[3,0],[11,64]]]},
"G22": {"type": "Matrix2x2", "payoffs": [[[0,14],[79,27]],[[39,0],[71,21]]]},
"G23": {"type": "Matrix2x2", "payoffs": [[[0,41],[77,75]],[[10,0],[30,42]]]},
"G24": {"type": "Matrix2x2", "payoffs": [[[30,2],[32,0]],[[41,30],[0,21]]]},
"G25": {"type": "Matrix2x2", "payoffs": [[[71,63],[70,0]],[[77,64],[0,6]]]},
"G26": {"type": "Matrix2x2", "payoffs": [[[38,0],[44,99]],[[2,28],[0,64]]]},
"G27": {"type": "Matrix2x2", "payoffs": [[[14,0],[0,59]],[[44,80],[33,46]]]},
"G28": {"type": "Matrix2x2", "payoffs": [[[10,73],[2,0]],[[8,4],[0,17]]]},
"G29": {"type": "Matrix2x2", "payoffs": [[[76,37],[0,0]],[[23,2],[90,40]]]},
"G30": {"type": "Matrix2x2", "payoffs": [[[2,40],[51,44]],[[0,35],[15,0]]]},
"G31": {"type": "Matrix2x2", "payoffs": [[[52,54],[22,32]],[[0,0],[31,33]]]},
"G32": {"type": "Matrix2x2", "payoffs": [[[0,14],[24,68]],[[84,80],[75,0]]]},
"G33": {"type": "Matrix2x2", "payoffs": [[[16,13],[0,0]],[[4,11],[13,5]]]},
"G34": {"type": "Matrix2x2", "payoffs": [[[15,52],[0,0]],[[96,83],[22,15]]]},
"G35": {"type": "Matrix2x2", "payoffs": [[[45,13],[0,19]],[[62,26],[19,0]]]},
"G36": {"type": "Matrix2x2", "payoffs": [[[35,39],[23,18]],[[36,58],[0,0]]]},
"G37": {"type": "Matrix2x2", "payoffs": [[[71,99],[0,0]],[[40,84],[24,80]]]},
"G38": {"type": "Matrix2x2", "payoffs": [[[70,97],[20,95]],[[14,0],[0,40]]]},
"G39": {"type": "Matrix2x2", "payoffs": [[[23,21],[0,3]],[[28,30],[8,0]]]},
"G40": {"type": "Matrix2x2", "payoffs": [[[79,22],[0,18]],[[65,0],[36,6]]]},
"G41": {"type": "Matrix2x2", "payoffs": [[[56,6],[41,5]],[[53,1],[0,0]]]},
"G42": {"type": "Matrix2x2", "payoffs": [[[12,0],[76,99]],[[49,45],[0,27]]]},
"G43": {"type": "Matrix2x2", "payoffs": [[[35,8],[26,0]],[[0,6],[29,1]]]},
"G44": {"type": "Matrix2x2", "payoffs": [[[55,44],[0,2]],[[42,43],[49,0]]]},
"G45": {"type": "Matrix2x2", "payoffs": [[[9,8],[14,0]],[[0,31],[18,39]]]},
"G46": {"type": "Matrix2x2", "payoffs": [[[2,55],[0,0]],[[1,39],[4,76]]]},
"G47": {"type": "Matrix2x2", "payoffs": [[[73,0],[77,70]],[[0,2],[62,26]]]},
"G48": {"type": "Matrix2x2", "payoffs": [[[0,0],[56,25]],[[39,45],[69,87]]]},
"G49": {"type": "Matrix2x2", "payoffs": [[[0,0],[15,21]],[[4,8],[8,6]]]},
"G50": {"type": "Matrix2x2", "payoffs": [[[61,50],[53,49]],[[0,0],[26,10]]]},
"G51": {"type": "Matrix2x2", "payoffs": [[[30,43],[0,23]],[[26,0],[37,88]]]},
"G52": {"type": "Matrix2x2", "payoffs": [[[1,0],[0,21]],[[4,38],[3,34]]]},
"G53": {"type": "Matrix2x2", "payoffs": [[[0,31],[26,94]],[[13,0],[43,100]]]},
"G54": {"type": "Matrix2x2", "payoffs": [[[14,19],[0,15]],[[91,20],[42,0]]]},
"G55": {"type": "Matrix2x2", "payoffs": [[[0,9],[4,0]],[[8,11],[26,24]]]},
"G56": {"type": "Matrix2x2", "payoffs": [[[0,58],[16,50]],[[18,0],[28,77]]]},
"G57": {"type": "Matrix2x2", "payoffs": [[[0,12],[32,0]],[[66,46],[24,20]]]},
"G58": {"type": "Matrix2x2", "payoffs": [[[14,11],[0,14]],[[3,0],[19,23]]]},
"G59": {"type": "Matrix2x2", "payoffs": [[[59,4],[0,3]],[[58,0],[37,2]]]},
"G60": {"type": "Matrix2x2", "payoffs": [[[32,31],[21,10]],[[14,0],[0,28]]]},
"G61": {"type": "Matrix2x2", "payoffs": [[[31,7],[0,5]],[[35,9],[32,0]]]},
"G62": {"type": "Matrix2x2", "payoffs": [[[0,2],[24,4]],[[19,0],[34,8]]]},
"G63": {"type": "Matrix2x2", "payoffs": [[[82,18],[40,0]],[[32,9],[0,16]]]},
"G64": {"type": "Matrix2x2", "payoffs": [[[35,26],[0,0]],[[71,98],[23,33]]]},
"G65": {"type": "Matrix2x2", "payoffs": [[[45,61],[82,0]],[[83,80],[0,44]]]},
"G66": {"type": "Matrix2x2", "payoffs": [[[9,45],[47,85]],[[39,0],[0,21]]]},
"G67": {"type": "Matrix2x2", "payoffs": [[[0,20],[78,30]],[[56,23],[71,0]]]},
"G68": {"type": "Matrix2x2", "payoffs": [[[51,34],[14,0]],[[45,8],[0,11]]]},
"G69": {"type": "Matrix2x2", "payoffs": [[[0,9],[38,96]],[[13,44],[25,0]]]},
"G70": {"type": "Matrix2x2", "payoffs": [[[32,33],[54,98]],[[0,29],[12,0]]]},
"G71": {"type": "Matrix2x2", "payoffs": [[[57,0],[77,83]],[[35,76],[0,7]]]},
"G72": {"type": "Matrix2x2", "payoffs": [[[37,23],[7,2]],[[0,22],[29,0]]]},
"G73": {"type": "Matrix2x2", "payoffs": [[[23,18],[33,24]],[[7,0],[0,7]]]},
"G74": {"type": "Matrix2x2", "payoffs": [[[48,24],[36,0]],[[0,20],[58,35]]]},
"G75": {"type": "Matrix2x2", "payoffs": [[[5,19],[4,18]],[[3,0],[0,17]]]},
"G76": {"type": "Matrix2x2", "payoffs": [[[4,49],[3,40]],[[0,30],[2,0]]]},
"G77": {"type": "Matrix2x2", "payoffs": [[[74,58],[30,40]],[[0,3],[18,0]]]},
"G78": {"type": "Matrix2x2", "payoffs": [[[19,0],[26,6]],[[0,4],[10,5]]]},
"G79": {"type": "Matrix2x2", "payoffs": [[[0,22],[24,0]],[[5,37],[43,77]]]},
"G80": {"type": "Matrix2x2", "payoffs": [[[0,13],[41,11]],[[34,0],[63,59]]]},
"G81": {"type": "Matrix2x2", "payoffs": [[[10,0],[1,10]],[[36,48],[0,38]]]},
"G82": {"type": "Matrix2x2", "payoffs": [[[17,2],[8,0]],[[21,3],[0,1]]]},
"G83": {"type": "Matrix2x2", "payoffs": [[[11,0],[4,37]],[[25,70],[0,49]]]},
"G84": {"type": "Matrix2x2", "payoffs": [[[81,14],[0,11]],[[84,0],[94,34]]]},
"G85": {"type": "Matrix2x2", "payoffs": [[[3,36],[0,19]],[[10,37],[5,0]]]},
"G86": {"type": "Matrix2x2", "payoffs": [[[67,54],[63,36]],[[0,0],[86,68]]]},
"G87": {"type": "Matrix2x2", "payoffs": [[[0,0],[22,74]],[[17,17],[7,35]]]},
"G88": {"type": "Matrix2x2", "payoffs": [[[99,55],[0,39]],[[8,0],[27,14]]]},
"G89": {"type": "Matrix2x2", "payoffs": [[[34,48],[15,39]],[[0,7],[33,0]]]},
"G90": {"type": "Matrix2x2", "payoffs": [[[7,15],[0,0]],[[52,32],[36,7]]]},
"G91": {"type": "Matrix2x2", "payoffs": [[[0,21],[68,61]],[[21,0],[97,90]]]},
"G92": {"type": "Matrix2x2", "payoffs": [[[23,89],[14,0]],[[0,34],[21,65]]]},
"G93": {"type": "Matrix2x2", "payoffs": [[[9,51],[72,99]],[[0,27],[38,0]]]},
"G94": {"type": "Matrix2x2", "payoffs": [[[64,98],[23,0]],[[55,22],[0,95]]]},
"G95": {"type": "Matrix2x2", "payoffs": [[[86,66],[0,26]],[[61,0],[49,9]]]},
"G96": {"type": "Matrix2x2", "payoffs": [[[58,0],[0,26]],[[19,17],[66,29]]]},
"G97": {"type": "Matrix2x2", "payoffs": [[[52,89],[30,67]],[[25,12],[0,0]]]},
"G98": {"type": "Matrix2x2", "payoffs": [[[13,50],[0,24]],[[37,0],[73,82]]]},
"G99": {"type": "Matrix2x2", "payoffs": [[[62,11],[40,24]],[[0,0],[66,27]]]},
"G100": {"type": "Matrix2x2", "payoffs": [[[0,1],[10,9]],[[7,0],[29,14]]]}
}