{
"numGames": 100,
"G1": {"type": "Matrix2x2", "payoffs": [[[45,0],[62,10]],[[66,11],[0,2]]]},
"G2": {"type": "Matrix2x2", "payoffs": [[[66,63],[0,0]],[[45,35],[62,10]]]},
"G3": {"type": "Matrix2x2", "payoffs": [[[1,0],[3,1]],[[4,96],[0,94]]]},
"G4": {"type": "Matrix2x2", "payoffs": [[[0,48],[57,51]],[[21,36],[42,0]]]},
"G5": {"type": "Matrix2x2", "payoffs": [[[27,13],[0,1]],[[23,10],[6,0]]]},
"G6": {"type": "Matrix2x2", "payoffs": [[[0,31],[28,0]],[[29,10],[39,94]]]},
"G7": {"type": "Matrix2x2", "payoffs": [[[6,31],[8,33]],[[0,17],[3,0]]]},
"G8": {"type": "Matrix2x2", "payoffs": [[[0,0],[41,52]],[[70,61],[86,64]]]},
"G9": {"type": "Matrix2x2", "payoffs": [[[21,40],[6,13]],[[0,25],[15,0]]]},
"G10": {"type": "Matrix2x2", "payoffs": [[[26,39],[39,48]],[[28,26],[0,0]]]},
"G11": {"type": "Matrix2x2", "payoffs": [[[0,0],[97,72]],[[26,59],[71,22]]]},
"G12": {"type": "Matrix2x2", "payoffs": [[[15,58],[7,21]],[[8,0],[0,2]]]},
"G13": {"type": "Matrix2x2", "payoffs": [[[14,48],[0,16]],[[1,0],[3,40]]]},
"G14": {"type": "Matrix2x2", "payoffs": [[[8,54],[0,30]],[[1,2],[3,0]]]},
"G15": {"type": "Matrix2x2", "payoffs": [[[20,32],[7,0]],[[14,23],[0,17]]]},
"G16": {"type": "Matrix2x2", "payoffs": [[[20,25],[42,46]],[[24,44],[0,0]]]},
"G17": {"type": "Matrix2x2", "payoffs": [[[84,14],[0,0]],[[13,6],[37,11]]]},
"G18": {"type": "Matrix2x2", "payoffs": [[[0,79],[80,95]],[[3,0],[46,37]]]},
"G19": {"type": "Matrix2x2", "payoffs": [[[25,65],[14,0]],[[0,64],[8,17]]]},
"G20": {"type": "Matrix2x2", "payoffs": [[[11,40],[37,0]],[[0,9],[40,79]]]},
"G21": {"type": "Matrix2x2", "payoffs": [[[5,4],[9,100]],[[0,17],[6,0]]]},
"G22": {"type": "Matrix2x2", "payoffs": [[[35,93],[0,0]],[[33,38],[20,23]]]},
"G23": {"type": "Matrix2x2", "payoffs": [[[50,74],[0,0]],[[34,20],[45,26]]]},
"G24": {"type": "Matrix2x2", "payoffs": [[[18,15],[48,0]],[[57,18],[0,4]]]},
"G25": {"type": "Matrix2x2", "payoffs": [[[10,0],[16,66]],[[0,11],[28,72]]]},
"G26": {"type": "Matrix2x2", "payoffs": [[[0,0],[75,20]],[[86,80],[63,64]]]},
"G27": {"type": "Matrix2x2", "payoffs": [[[29,1],[0,0]],[[44,16],[24,8]]]},
"G28": {"type": "Matrix2x2", "payoffs": [[[0,46],[89,65]],[[9,12],[47,0]]]},
"G29": {"type": "Matrix2x2", "payoffs": [[[8,2],[0,1]],[[4,0],[9,3]]]},
"G30": {"type": "Matrix2x2", "payoffs": [[[5,6],[2,0]],[[0,2],[4,1]]]},
"G31": {"type": "Matrix2x2", "payoffs": [[[0,26],[27,31]],[[6,0],[14,14]]]},
"G32": {"type": "Matrix2x2", "payoffs": [[[0,7],[44,66]],[[8,0],[75,87]]]},
"G33": {"type": "Matrix2x2", "payoffs": [[[65,95],[34,0]],[[24,46],[0,71]]]},
"G34": {"type": "Matrix2x2", "payoffs": [[[5,40],[8,56]],[[0,0],[9,84]]]},
"G35": {"type": "Matrix2x2", "payoffs": [[[75,24],[34,22]],[[45,21],[0,0]]]},
"G36": {"type": "Matrix2x2", "payoffs": [[[84,28],[70,12]],[[9,0],[0,8]]]},
"G37": {"type": "Matrix2x2", "payoffs": [[[42,52],[17,47]],[[0,0],[2,20]]]},
"G38": {"type": "Matrix2x2", "payoffs": [[[84,32],[0,31]],[[22,6],[40,0]]]},
"G39": {"type": "Matrix2x2", "payoffs": [[[8,0],[44,43]],[[57,60],[0,38]]]},
"G40": {"type": "Matrix2x2", "payoffs": [[[0,27],[36,36]],[[16,28],[18,0]]]},
"G41": {"type": "Matrix2x2", "payoffs": [[[49,3],[0,1]],[[11,2],[19,0]]]},
"G42": {"type": "Matrix2x2", "payoffs": [[[0,4],[88,9]],[[95,37],[36,0]]]},
"G43": {"type": "Matrix2x2", "payoffs": [[[0,7],[9,4]],[[18,0],[20,37]]]},
"G44": {"type": "Matrix2x2", "payoffs": [[[0,0],[8,2]],[[83,6],[9,3]]]},
"G45": {"type": "Matrix2x2", "payoffs": [[[58,49],[57,37]],[[3,0],[0,9]]]},
"G46": {"type": "Matrix2x2", "payoffs": [[[8,26],[4,17]],[[0,18],[1,0]]]},
"G47": {"type": "Matrix2x2", "payoffs": [[[13,48],[0,79]],[[14,0],[35,99]]]},
"G48": {"type": "Matrix2x2", "payoffs": [[[65,49],[0,0]],[[77,63],[25,58]]]},
"G49": {"type": "Matrix2x2", "payoffs": [[[30,2],[0,35]],[[51,58],[8,0]]]},
"G50": {"type": "Matrix2x2", "payoffs": [[[0,64],[39,0]],[[6,16],[47,77]]]},
"G51": {"type": "Matrix2x2", "payoffs": [[[67,21],[71,41]],[[60,0],[0,34]]]},
"G52": {"type": "Matrix2x2", "payoffs": [[[13,0],[0,17]],[[72,85],[54,46]]]},
"G53": {"type": "Matrix2x2", "payoffs": [[[0,0],[44,47]],[[22,53],[78,63]]]},
"G54": {"type": "Matrix2x2", "payoffs": [[[0,4],[21,9]],[[17,5],[5,0]]]},
"G55": {"type": "Matrix2x2", "payoffs": [[[42,42],[30,0]],[[0,25],[10,11]]]},
"G56": {"type": "Matrix2x2", "payoffs": [[[89,33],[0,4]],[[36,0],[8,25]]]},
"G57": {"type": "Matrix2x2", "payoffs": [[[16,8],[3,0]],[[0,6],[2,7]]]},
"G58": {"type": "Matrix2x2", "payoffs": [[[0,50],[68,53]],[[64,0],[26,32]]]},
"G59": {"type": "Matrix2x2", "payoffs": [[[44,25],[40,23]],[[0,0],[9,8]]]},
"G60": {"type": "Matrix2x2", "payoffs": [[[0,33],[47,0]],[[99,75],[22,3]]]},
"G61": {"type": "Matrix2x2", "payoffs": [[[80,100],[58,0]],[[0,9],[22,83]]]},
"G62": {"type": "Matrix2x2", "payoffs": [[[0,0],[13,35]],[[25,64],[19,49]]]},
"G63": {"type": "Matrix2x2", "payoffs": [[[30,22],[0,20]],[[5,0],[78,30]]]},
"G64": {"type": "Matrix2x2", "payoffs": [[[31,41],[51,68]],[[0,0],[22,12]]]},
"G65": {"type": "Matrix2x2", "payoffs": [[[7,70],[0,48]],[[6,15],[3,0]]]},
"G66": {"type": "Matrix2x2", "payoffs": [[[0,0],[97,23]],[[7,10],[15,16]]]},
"G67": {"type": "Matrix2x2", "payoffs": [[[34,5],[11,25]],[[0,0],[67,70]]]},
"G68": {"type": "Matrix2x2", "payoffs": [[[29,13],[3,0]],[[32,18],[0,7]]]},
"G69": {"type": "Matrix2x2", "payoffs": [[[6,0],[8,86]],[[5,68],[0,54]]]},
"G70": {"type": "Matrix2x2", "payoffs": [[[28,0],[0,49]],[[42,19],[90,94]]]},
"G71": {"type": "Matrix2x2", "payoffs": [[[97,8],[69,0]],[[17,2],[0,6]]]},
"G72": {"type": "Matrix2x2", "payoffs": [[[0,0],[28,11]],[[63,29],[11,21]]]},
"G73": {"type": "Matrix2x2", "payoffs": [[[18,0],[29,67]],[[16,47],[0,12]]]},
"G74": {"type": "Matrix2x2", "payoffs": [[[0,39],[2,37]],[[16,68],[7,0]]]},
"G75": {"type": "Matrix2x2", "payoffs": [[[0,7],[59,92]],[[30,47],[37,0]]]},
"G76": {"type": "Matrix2x2", "payoffs": [[[50,61],[0,3]],[[20,10],[22,0]]]},
"G77": {"type": "Matrix2x2", "payoffs": [[[0,27],[49,64]],[[40,0],[41,61]]]},
"G78": {"type": "Matrix2x2", "payoffs": [[[27,25],[5,10]],[[0,11],[14,0]]]},
"G79": {"type": "Matrix2x2", "payoffs": [[[11,0],[6,34]],[[13,67],[0,62]]]},
"G80": {"type": "Matrix2x2", "payoffs": [[[49,48],[29,0]],[[0,55],[64,66]]]},
"G81": {"type": "Matrix2x2", "payoffs": [[[35,72],[0,12]],[[31,0],[26,18]]]},
"G82": {"type": "Matrix2x2", "payoffs": [[[15,72],[11,17]],[[0,36],[14,0]]]},
"G83": {"type": "Matrix2x2", "payoffs": [[[68,8],[2,2]],[[42,0],[0,4]]]},
"G84": {"type": "Matrix2x2", "payoffs": [[[0,0],[5,48]],[[65,53],[28,49]]]},
"G85": {"type": "Matrix2x2", "payoffs": [[[10,8],[16,7]],[[0,0],[27,24]]]},
"G86": {"type": "Matrix2x2", "payoffs": [[[5,0],[9,50]],[[0,27],[12,57]]]},
"G87": {"type": "Matrix2x2", "payoffs": [[[0,12],[2,0]],[[17,59],[20,68]]]},
"G88": {"type": "Matrix2x2", "payoffs": [[[0,0],[81,23]],[[54,3],[64,9]]]},
"G89": {"type": "Matrix2x2", "payoffs": [[[0,39],[57,42]],[[24,9],[1,0]]]},
"G90": {"type": "Matrix2x2", "payoffs": [[[7,0],[47,7]],[[0,2],[37,4]]]},
"G91": {"type": "Matrix2x2", "payoffs": [[[0,0],[28,41]],[[55,85],[36,26]]]},
"G92": {"type": "Matrix2x2", "payoffs": [[[44,66],[50,80]],[[0,0],[32,17]]]},
"G93": {"type": "Matrix2x2", "payoffs": [[[15,33],[0,15]],[[23,40],[19,0]]]},
"G94": {"type": "Matrix2x2", "payoffs": [[[5,59],[6,54]],[[0,0],[18,60]]]},
"G95": {"type": "Matrix2x2", "payoffs": [[[73,79],[18,0]],[[0,51],[54,25]]]},
"G96": {"type": "Matrix2x2", "payoffs": [[[2,32],[0,13]],[[31,0],[57,39]]]},
"G97": {"type": "Matrix2x2", "payoffs": [[[0,1],[47,2]],[[31,0],[54,3]]]},
"G98": {"type": "Matrix2x2", "payoffs": [[[47,1],[68,3]],[[65,2],[0,0]]]},
"G99": {"type": "Matrix2x2", "payoffs": [[[39,12],[31,0]],[[0,4],[27,11]]]},
"G100": {"type": "Matrix2x2", "payoffs": [[[46,24],[32,0]],[[0,16],[47,46]]]}
}