{
"numGames": 100,
"G1": {"type": "Matrix2x2", "payoffs": [[[57,89],[14,0]],[[0,76],[4,30]]]},
"G2": {"type": "Matrix2x2", "payoffs": [[[29,2],[35,3]],[[0,0],[73,4]]]},
"G3": {"type": "Matrix2x2", "payoffs": [[[11,47],[0,25]],[[8,0],[25,50]]]},
"G4": {"type": "Matrix2x2", "payoffs": [[[53,68],[34,13]],[[23,0],[0,62]]]},
"G5": {"type": "Matrix2x2", "payoffs": [[[19,89],[0,0]],[[10,30],[14,51]]]},
"G6": {"type": "Matrix2x2", "payoffs": [[[0,21],[9,95]],[[1,22],[6,0]]]},
"G7": {"type": "Matrix2x2", "payoffs": [[[26,6],[6,0]],[[0,23],[31,27]]]},
"G8": {"type": "Matrix2x2", "payoffs": [[[0,0],[88,16]],[[56,5],[12,14]]]},
"G9": {"type": "Matrix2x2", "payoffs": [[[54,56],[0,34]],[[85,94],[7,0]]]},
"G10": {"type": "Matrix2x2", "payoffs": [[[75,0],[22,37]],[[97,79],[0,28]]]},
"G11": {"type": "Matrix2x2", "payoffs": [[[2,1],[33,64]],[[0,0],[21,9]]]},
"G12": {"type": "Matrix2x2", "payoffs": [[[13,0],[27,25]],[[0,40],[36,76]]]},
"G13": {"type": "Matrix2x2", "payoffs": [[[18,7],[0,0]],[[24,26],[28,37]]]},
"G14": {"type": "Matrix2x2", "payoffs": [[[0,21],[97,0]],[[75,17],[98,85]]]},
"G15": {"type": "Matrix2x2", "payoffs": [[[27,62],[0,0]],[[21,33],[19,30]]]},
"G16": {"type": "Matrix2x2", "payoffs": [[[0,27],[16,8]],[[56,64],[31,0]]]},
"G17": {"type": "Matrix2x2", "payoffs": [[[74,58],[28,34]],[[43,1],[0,0]]]},
"G18": {"type": "Matrix2x2", "payoffs": [[[0,40],[78,0]],[[99,50],[32,42]]]},
"G19": {"type": "Matrix2x2", "payoffs": [[[27,44],[71,66]],[[0,0],[40,52]]]},
"G20": {"type": "Matrix2x2", "payoffs": [[[92,21],[69,0]],[[0,19],[25,2]]]},
"G21": {"type": "Matrix2x2", "payoffs": [[[55,64],[36,0]],[[1,27],[0,59]]]},
"G22": {"type": "Matrix2x2", "payoffs": [[[0,0],[56,2]],[[99,5],[86,1]]]},
"G23": {"type": "Matrix2x2", "payoffs": [[[0,2],[1,5]],[[3,6],[2,0]]]},
"G24": {"type": "Matrix2x2", "payoffs": [[[64,81],[14,62]],[[0,23],[50,0]]]},
"G25": {"type": "Matrix2x2", "payoffs": [[[38,35],[41,0]],[[0,5],[57,52]]]},
"G26": {"type": "Matrix2x2", "payoffs": [[[33,9],[0,0]],[[24,67],[35,74]]]},
"G27": {"type": "Matrix2x2", "payoffs": [[[46,9],[18,20]],[[65,54],[0,0]]]},
"G28": {"type": "Matrix2x2", "payoffs": [[[21,95],[15,56]],[[0,84],[5,0]]]},
"G29": {"type": "Matrix2x2", "payoffs": [[[56,62],[45,37]],[[91,68],[0,0]]]},
"G30": {"type": "Matrix2x2", "payoffs": [[[47,74],[19,10]],[[26,0],[0,16]]]},
"G31": {"type": "Matrix2x2", "payoffs": [[[8,0],[31,74]],[[0,38],[89,80]]]},
"G32": {"type": "Matrix2x2", "payoffs": [[[76,75],[1,0]],[[0,54],[51,63]]]},
"G33": {"type": "Matrix2x2", "payoffs": [[[2,18],[6,0]],[[7,19],[0,6]]]},
"G34": {"type": "Matrix2x2", "payoffs": [[[7,15],[9,75]],[[3,0],[0,18]]]},
"G35": {"type": "Matrix2x2", "payoffs": [[[95,33],[0,0]],[[81,25],[49,12]]]},
"G36": {"type": "Matrix2x2", "payoffs": [[[48,22],[0,3]],[[73,52],[8,0]]]},
"G37": {"type": "Matrix2x2", "payoffs": [[[51,65],[0,51]],[[21,4],[18,0]]]},
"G38": {"type": "Matrix2x2", "payoffs": [[[27,50],[0,0]],[[96,53],[12,27]]]},
"G39": {"type": "Matrix2x2", "payoffs": [[[12,2],[0,0]],[[27,3],[15,1]]]},
"G40": {"type": "Matrix2x2", "payoffs": [[[71,34],[57,17]],[[0,0],[91,64]]]},
"G41": {"type": "Matrix2x2", "payoffs": [[[0,8],[81,29]],[[26,14],[5,0]]]},
"G42": {"type": "Matrix2x2", "payoffs": [[[0,0],[21,50]],[[13,10],[16,30]]]},
"G43": {"type": "Matrix2x2", "payoffs": [[[72,52],[0,24]],[[23,2],[9,0]]]},
"G44": {"type": "Matrix2x2", "payoffs": [[[2,7],[3,0]],[[0,10],[5,12]]]},
"G45": {"type": "Matrix2x2", "payoffs": [[[26,65],[14,56]],[[1,0],[0,58]]]},
"G46": {"type": "Matrix2x2", "payoffs": [[[55,10],[82,60]],[[14,19],[0,0]]]},
"G47": {"type": "Matrix2x2", "payoffs": [[[1,33],[28,20]],[[0,0],[37,83]]]},
"G48": {"type": "Matrix2x2", "payoffs": [[[31,0],[6,47]],[[78,74],[0,28]]]},
"G49": {"type": "Matrix2x2", "payoffs": [[[8,65],[9,0]],[[14,90],[0,43]]]},
"G50": {"type": "Matrix2x2", "payoffs": [[[0,3],[39,7]],[[10,0],[32,6]]]},
"G51": {"type": "Matrix2x2", "payoffs": [[[27,7],[74,54]],[[58,1],[0,0]]]},
"G52": {"type": "Matrix2x2", "payoffs": [[[0,0],[5,1]],[[91,11],[50,10]]]},
"G53": {"type": "Matrix2x2", "payoffs": [[[35,8],[36,16]],[[0,10],[1,0]]]},
"G54": {"type": "Matrix2x2", "payoffs": [[[3,45],[0,13]],[[5,60],[4,0]]]},
"G55": {"type": "Matrix2x2", "payoffs": [[[11,26],[6,0]],[[8,1],[0,19]]]},
"G56": {"type": "Matrix2x2", "payoffs": [[[9,35],[15,0]],[[0,70],[75,79]]]},
"G57": {"type": "Matrix2x2", "payoffs": [[[56,26],[12,6]],[[19,12],[0,0]]]},
"G58": {"type": "Matrix2x2", "payoffs": [[[3,0],[0,2]],[[1,1],[5,5]]]},
"G59": {"type": "Matrix2x2", "payoffs": [[[0,0],[47,31]],[[54,47],[7,17]]]},
"G60": {"type": "Matrix2x2", "payoffs": [[[8,4],[3,3]],[[1,2],[0,0]]]},
"G61": {"type": "Matrix2x2", "payoffs": [[[24,78],[0,5]],[[16,0],[21,9]]]},
"G62": {"type": "Matrix2x2", "payoffs": [[[11,72],[7,0]],[[3,34],[0,7]]]},
"G63": {"type": "Matrix2x2", "payoffs": [[[17,0],[0,59]],[[11,79],[38,96]]]},
"G64": {"type": "Matrix2x2", "payoffs": [[[40,0],[28,16]],[[0,18],[98,27]]]},
"G65": {"type": "Matrix2x2", "payoffs": [[[16,0],[0,88]],[[11,16],[24,94]]]},
"G66": {"type": "Matrix2x2", "payoffs": [[[32,49],[91,72]],[[0,26],[11,0]]]},
"G67": {"type": "Matrix2x2", "payoffs": [[[12,24],[0,0]],[[19,88],[5,48]]]},
"G68": {"type": "Matrix2x2", "payoffs": [[[7,21],[0,7]],[[4,0],[18,23]]]},
"G69": {"type": "Matrix2x2", "payoffs": [[[59,51],[20,9]],[[58,0],[0,17]]]},
"G70": {"type": "Matrix2x2", "payoffs": [[[8,73],[6,0]],[[0,17],[7,56]]]},
"G71": {"type": "Matrix2x2", "payoffs": [[[16,10],[0,6]],[[43,55],[40,0]]]},
"G72": {"type": "Matrix2x2", "payoffs": [[[28,6],[60,0]],[[63,21],[0,13]]]},
"G73": {"type": "Matrix2x2", "payoffs": [[[28,19],[5,0]],[[0,2],[19,14]]]},
"G74": {"type": "Matrix2x2", "payoffs": [[[6,41],[0,0]],[[5,84],[12,89]]]},
"G75": {"type": "Matrix2x2", "payoffs": [[[66,6],[5,3]],[[0,0],[26,2]]]},
"G76": {"type": "Matrix2x2", "payoffs": [[[11,16],[24,98]],[[23,0],[0,72]]]},
"G77": {"type": "Matrix2x2", "payoffs": [[[55,0],[0,26]],[[38,31],[92,72]]]},
"G78": {"type": "Matrix2x2", "payoffs": [[[29,0],[13,14]],[[34,15],[0,7]]]},
"G79": {"type": "Matrix2x2", "payoffs": [[[0,0],[27,65]],[[25,60],[11,37]]]},
"G80": {"type": "Matrix2x2", "payoffs": [[[19,82],[0,0]],[[16,24],[18,17]]]},
"G81": {"type": "Matrix2x2", "payoffs": [[[37,48],[0,0]],[[9,21],[78,81]]]},
"G82": {"type": "Matrix2x2", "payoffs": [[[26,10],[27,0]],[[38,53],[0,33]]]},
"G83": {"type": "Matrix2x2", "payoffs": [[[14,0],[11,62]],[[48,97],[0,6]]]},
"G84": {"type": "Matrix2x2", "payoffs": [[[67,90],[10,23]],[[0,0],[33,67]]]},
"G85": {"type": "Matrix2x2", "payoffs": [[[19,18],[51,65]],[[34,0],[0,55]]]},
"G86": {"type": "Matrix2x2", "payoffs": [[[0,47],[74,61]],[[77,71],[15,0]]]},
"G87": {"type": "Matrix2x2", "payoffs": [[[49,38],[0,0]],[[56,83],[16,14]]]},
"G88": {"type": "Matrix2x2", "payoffs": [[[3,67],[0,0]],[[8,73],[4,61]]]},
"G89": {"type": "Matrix2x2", "payoffs": [[[81,0],[69,77]],[[0,50],[83,95]]]},
"G90": {"type": "Matrix2x2", "payoffs": [[[0,0],[5,24]],[[3,5],[8,25]]]},
"G91": {"type": "Matrix2x2", "payoffs": [[[28,1],[37,9]],[[16,0],[0,8]]]},
"G92": {"type": "Matrix2x2", "payoffs": [[[96,67],[0,0]],[[47,63],[81,5]]]},
"G93": {"type": "Matrix2x2", "payoffs": [[[18,90],[0,13]],[[2,0],[4,80]]]},
"G94": {"type": "Matrix2x2", "payoffs": [[[35,48],[44,75]],[[18,72],[0,0]]]},
"G95": {"type": "Matrix2x2", "payoffs": [[[57,48],[11,0]],[[27,15],[0,12]]]},
"G96": {"type": "Matrix2x2", "payoffs": [[[50,22],[71,49]],[[0,0],[73,55]]]},
"G97": {"type": "Matrix2x2", "payoffs": [[[0,48],[61,68]],[[52,0],[90,69]]]},
"G98": {"type": "Matrix2x2", "payoffs": [[[16,24],[29,41]],[[17,0],[0,36]]]},
"G99": {"type": "Matrix2x2", "payoffs": [[[68,58],[0,47]],[[62,0],[60,39]]]},
"G100": {"type": "Matrix2x2", "payoffs": [[[5,44],[17,76]],[[13,0],[0,7]]]}
}