{
"numGames": 100,
"G1": {"type": "Matrix2x2", "payoffs": [[[0,22],[10,65]],[[18,73],[3,0]]]},
"G2": {"type": "Matrix2x2", "payoffs": [[[10,0],[82,25]],[[0,3],[94,35]]]},
"G3": {"type": "Matrix2x2", "payoffs": [[[43,30],[0,0]],[[11,29],[54,57]]]},
"G4": {"type": "Matrix2x2", "payoffs": [[[0,26],[9,40]],[[15,0],[24,68]]]},
"G5": {"type": "Matrix2x2", "payoffs": [[[22,86],[10,59]],[[1,0],[0,4]]]},
"G6": {"type": "Matrix2x2", "payoffs": [[[43,0],[0,55]],[[38,54],[89,84]]]},
"G7": {"type": "Matrix2x2", "payoffs": [[[26,35],[0,41]],[[2,0],[30,60]]]},
"G8": {"type": "Matrix2x2", "payoffs": [[[15,9],[29,44]],[[0,0],[86,52]]]},
"G9": {"type": "Matrix2x2", "payoffs": [[[15,32],[0,0]],[[16,76],[4,1]]]},
"G10": {"type": "Matrix2x2", "payoffs": [[[11,25],[8,3]],[[0,6],[10,0]]]},
"G11": {"type": "Matrix2x2", "payoffs": [[[30,69],[0,36]],[[3,0],[73,100]]]},
"G12": {"type": "Matrix2x2", "payoffs": [[[17,8],[39,57]],[[36,0],[0,11]]]},
"G13": {"type": "Matrix2x2", "payoffs": [[[7,0],[0,38]],[[22,29],[40,40]]]},
"G14": {"type": "Matrix2x2", "payoffs": [[[36,37],[17,17]],[[34,18],[0,0]]]},
"G15": {"type": "Matrix2x2", "payoffs": [[[15,38],[0,11]],[[39,0],[50,47]]]},
"G16": {"type": "Matrix2x2", "payoffs": [[[95,23],[69,0]],[[41,5],[0,21]]]},
"G17": {"type": "Matrix2x2", "payoffs": [[[34,5],[1,1]],[[0,4],[32,0]]]},
"G18": {"type": "Matrix2x2", "payoffs": [[[3,60],[0,0]],[[2,12],[1,30]]]},
"G19": {"type": "Matrix2x2", "payoffs": [[[0,30],[75,0]],[[88,90],[8,77]]]},
"G20": {"type": "Matrix2x2", "payoffs": [[[8,51],[53,93]],[[51,35],[0,0]]]},
"G21": {"type": "Matrix2x2", "payoffs": [[[37,39],[35,0]],[[13,30],[0,38]]]},
"G22": {"type": "Matrix2x2", "payoffs": [[[26,0],[57,48]],[[49,18],[0,15]]]},
"G23": {"type": "Matrix2x2", "payoffs": [[[68,0],[13,31]],[[0,12],[78,78]]]},
"G24": {"type": "Matrix2x2", "payoffs": [[[0,27],[8,0]],[[9,45],[7,43]]]},
"G25": {"type": "Matrix2x2", "payoffs": [[[30,0],[0,57]],[[53,70],[16,17]]]},
"G26": {"type": "Matrix2x2", "payoffs": [[[7,33],[0,0]],[[3,32],[1,8]]]},
"G27": {"type": "Matrix2x2", "payoffs": [[[26,10],[0,0]],[[1,14],[32,23]]]},
"G28": {"type": "Matrix2x2", "payoffs": [[[63,32],[0,0]],[[43,4],[61,22]]]},
"G29": {"type": "Matrix2x2", "payoffs": [[[73,30],[0,0]],[[53,24],[47,12]]]},
"G30": {"type": "Matrix2x2", "payoffs": [[[32,15],[0,9]],[[7,0],[3,11]]]},
"G31": {"type": "Matrix2x2", "payoffs": [[[5,50],[97,61]],[[0,32],[85,0]]]},
"G32": {"type": "Matrix2x2", "payoffs": [[[99,58],[86,0]],[[37,39],[0,7]]]},
"G33": {"type": "Matrix2x2", "payoffs": [[[0,0],[73,24]],[[12,20],[41,2]]]},
"G34": {"type": "Matrix2x2", "payoffs": [[[89,25],[28,0]],[[92,73],[0,39]]]},
"G35": {"type": "Matrix2x2", "payoffs": [[[55,58],[75,100]],[[0,11],[41,0]]]},
"G36": {"type": "Matrix2x2", "payoffs": [[[22,0],[31,92]],[[0,82],[12,21]]]},
"G37": {"type": "Matrix2x2", "payoffs": [[[11,84],[1,13]],[[4,43],[0,0]]]},
"G38": {"type": "Matrix2x2", "payoffs": [[[63,40],[13,38]],[[18,21],[0,0]]]},
"G39": {"type": "Matrix2x2", "payoffs": [[[86,75],[23,0]],[[0,16],[41,56]]]},
"G40": {"type": "Matrix2x2", "payoffs": [[[31,22],[22,0]],[[58,38],[0,30]]]},
"G41": {"type": "Matrix2x2", "payoffs": [[[54,97],[0,0]],[[38,28],[25,71]]]},
"G42": {"type": "Matrix2x2", "payoffs": [[[0,0],[73,33]],[[24,21],[98,47]]]},
"G43": {"type": "Matrix2x2", "payoffs": [[[0,0],[72,70]],[[25,66],[65,27]]]},
"G44": {"type": "Matrix2x2", "payoffs": [[[31,0],[90,59]],[[4,48],[0,3]]]},
"G45": {"type": "Matrix2x2", "payoffs": [[[1,61],[5,13]],[[0,0],[56,62]]]},
"G46": {"type": "Matrix2x2", "payoffs": [[[0,0],[38,18]],[[53,8],[100,21]]]},
"G47": {"type": "Matrix2x2", "payoffs": [[[20,0],[0,15]],[[28,4],[51,20]]]},
"G48": {"type": "Matrix2x2", "payoffs": [[[9,50],[6,0]],[[7,31],[0,3]]]},
"G49": {"type": "Matrix2x2", "payoffs": [[[78,0],[100,35]],[[10,25],[0,9]]]},
"G50": {"type": "Matrix2x2", "payoffs": [[[0,16],[27,0]],[[96,27],[19,23]]]},
"G51": {"type": "Matrix2x2", "payoffs": [[[67,69],[0,12]],[[40,0],[36,28]]]},
"G52": {"type": "Matrix2x2", "payoffs": [[[26,0],[20,39]],[[40,90],[0,89]]]},
"G53": {"type": "Matrix2x2", "payoffs": [[[61,0],[0,67]],[[67,70],[40,45]]]},
"G54": {"type": "Matrix2x2", "payoffs": [[[0,1],[57,0]],[[46,11],[80,23]]]},
"G55": {"type": "Matrix2x2", "payoffs": [[[19,3],[29,0]],[[0,29],[31,33]]]},
"G56": {"type": "Matrix2x2", "payoffs": [[[77,0],[19,49]],[[0,3],[79,72]]]},
"G57": {"type": "Matrix2x2", "payoffs": [[[0,0],[11,58]],[[5,16],[39,77]]]},
"G58": {"type": "Matrix2x2", "payoffs": [[[0,20],[41,0]],[[2,29],[42,77]]]},
"G59": {"type": "Matrix2x2", "payoffs": [[[7,29],[0,0]],[[12,30],[17,50]]]},
"G60": {"type": "Matrix2x2", "payoffs": [[[30,12],[47,26]],[[0,24],[44,0]]]},
"G61": {"type": "Matrix2x2", "payoffs": [[[3,36],[0,0]],[[1,20],[2,27]]]},
"G62": {"type": "Matrix2x2", "payoffs": [[[0,12],[13,7]],[[1,0],[37,54]]]},
"G63": {"type": "Matrix2x2", "payoffs": [[[20,44],[30,18]],[[62,67],[0,0]]]},
"G64": {"type": "Matrix2x2", "payoffs": [[[0,9],[62,0]],[[42,31],[94,71]]]},
"G65": {"type": "Matrix2x2", "payoffs": [[[0,0],[65,91]],[[32,36],[20,39]]]},
"G66": {"type": "Matrix2x2", "payoffs": [[[0,15],[45,87]],[[20,0],[15,54]]]},
"G67": {"type": "Matrix2x2", "payoffs": [[[7,0],[47,81]],[[0,77],[8,34]]]},
"G68": {"type": "Matrix2x2", "payoffs": [[[0,0],[19,68]],[[11,14],[12,25]]]},
"G69": {"type": "Matrix2x2", "payoffs": [[[32,40],[46,41]],[[0,0],[25,8]]]},
"G70": {"type": "Matrix2x2", "payoffs": [[[87,28],[42,0]],[[0,7],[81,5]]]},
"G71": {"type": "Matrix2x2", "payoffs": [[[34,40],[42,79]],[[0,9],[17,0]]]},
"G72": {"type": "Matrix2x2", "payoffs": [[[2,61],[19,6]],[[33,75],[0,0]]]},
"G73": {"type": "Matrix2x2", "payoffs": [[[23,21],[4,0]],[[8,3],[0,4]]]},
"G74": {"type": "Matrix2x2", "payoffs": [[[27,94],[0,2]],[[8,58],[5,0]]]},
"G75": {"type": "Matrix2x2", "payoffs": [[[12,0],[100,10]],[[58,2],[0,5]]]},
"G76": {"type": "Matrix2x2", "payoffs": [[[27,6],[0,1]],[[21,3],[16,0]]]},
"G77": {"type": "Matrix2x2", "payoffs": [[[34,0],[35,78]],[[16,24],[0,33]]]},
"G78": {"type": "Matrix2x2", "payoffs": [[[11,34],[59,0]],[[0,52],[89,98]]]},
"G79": {"type": "Matrix2x2", "payoffs": [[[58,10],[18,4]],[[43,0],[0,9]]]},
"G80": {"type": "Matrix2x2", "payoffs": [[[79,38],[0,8]],[[54,0],[6,18]]]},
"G81": {"type": "Matrix2x2", "payoffs": [[[0,0],[12,26]],[[19,3],[30,65]]]},
"G82": {"type": "Matrix2x2", "payoffs": [[[0,0],[51,6]],[[93,7],[33,1]]]},
"G83": {"type": "Matrix2x2", "payoffs": [[[92,96],[36,63]],[[47,0],[0,86]]]},
"G84": {"type": "Matrix2x2", "payoffs": [[[0,14],[75,40]],[[21,0],[63,13]]]},
"G85": {"type": "Matrix2x2", "payoffs": [[[0,27],[6,0]],[[38,72],[7,65]]]},
"G86": {"type": "Matrix2x2", "payoffs": [[[0,0],[14,13]],[[15,9],[78,15]]]},
"G87": {"type": "Matrix2x2", "payoffs": [[[0,0],[72,27]],[[61,16],[74,90]]]},
"G88": {"type": "Matrix2x2", "payoffs": [[[10,25],[6,7]],[[4,0],[0,9]]]},
"G89": {"type": "Matrix2x2", "payoffs": [[[1,0],[5,59]],[[0,34],[4,39]]]},
"G90": {"type": "Matrix2x2", "payoffs": [[[0,30],[20,17]],[[17,0],[49,57]]]},
"G91": {"type": "Matrix2x2", "payoffs": [[[15,26],[0,0]],[[54,31],[1,3]]]},
"G92": {"type": "Matrix2x2", "payoffs": [[[2,86],[0,0]],[[30,32],[40,87]]]},
"G93": {"type": "Matrix2x2", "payoffs": [[[0,19],[21,0]],[[19,13],[25,39]]]},
"G94": {"type": "Matrix2x2", "payoffs": [[[27,7],[75,0]],[[81,65],[0,58]]]},
"G95": {"type": "Matrix2x2", "payoffs": [[[20,75],[69,0]],[[0,45],[70,86]]]},
"G96": {"type": "Matrix2x2", "payoffs": [[[18,29],[52,9]],[[78,64],[0,0]]]},
"G97": {"type": "Matrix2x2", "payoffs": [[[7,51],[0,34]],[[91,71],[37,0]]]},
"G98": {"type": "Matrix2x2", "payoffs": [[[9,37],[58,39]],[[52,0],[0,11]]]},
"G99": {"type": "Matrix2x2", "payoffs": [[[5,7],[11,21]],[[20,22],[0,0]]]},
"G100": {"type": "Matrix2x2", "payoffs": [[[92,40],[72,0]],[[0,24],[11,15]]]}
}