{
"numGames": 100,
"G1": {"type": "Matrix2x2", "payoffs": [[[0,0],[62,22]],[[78,9],[84,79]]]},
"G2": {"type": "Matrix2x2", "payoffs": [[[51,0],[0,10]],[[25,11],[79,61]]]},
"G3": {"type": "Matrix2x2", "payoffs": [[[21,7],[10,3]],[[0,0],[13,5]]]},
"G4": {"type": "Matrix2x2", "payoffs": [[[46,57],[0,0]],[[19,56],[31,12]]]},
"G5": {"type": "Matrix2x2", "payoffs": [[[17,79],[0,0]],[[41,82],[39,16]]]},
"G6": {"type": "Matrix2x2", "payoffs": [[[8,9],[0,11]],[[12,45],[4,0]]]},
"G7": {"type": "Matrix2x2", "payoffs": [[[0,0],[27,42]],[[29,67],[21,16]]]},
"G8": {"type": "Matrix2x2", "payoffs": [[[26,38],[61,0]],[[0,23],[95,65]]]},
"G9": {"type": "Matrix2x2", "payoffs": [[[77,0],[0,45]],[[73,27],[100,57]]]},
"G10": {"type": "Matrix2x2", "payoffs": [[[90,71],[0,0]],[[51,35],[20,8]]]},
"G11": {"type": "Matrix2x2", "payoffs": [[[0,6],[15,0]],[[98,10],[70,1]]]},
"G12": {"type": "Matrix2x2", "payoffs": [[[1,23],[0,0]],[[21,16],[34,36]]]},
"G13": {"type": "Matrix2x2", "payoffs": [[[0,67],[10,0]],[[21,83],[18,42]]]},
"G14": {"type": "Matrix2x2", "payoffs": [[[9,0],[1,2]],[[0,15],[10,43]]]},
"G15": {"type": "Matrix2x2", "payoffs": [[[91,88],[84,5]],[[57,0],[0,17]]]},
"G16": {"type": "Matrix2x2", "payoffs": [[[10,8],[0,0]],[[58,48],[8,2]]]},
"G17": {"type": "Matrix2x2", "payoffs": [[[1,0],[54,68]],[[0,17],[38,13]]]},
"G18": {"type": "Matrix2x2", "payoffs": [[[2,30],[0,0]],[[5,26],[8,33]]]},
"G19": {"type": "Matrix2x2", "payoffs": [[[2,4],[27,50]],[[0,1],[15,0]]]},
"G20": {"type": "Matrix2x2", "payoffs": [[[0,2],[51,3]],[[41,0],[26,1]]]},
"G21": {"type": "Matrix2x2", "payoffs": [[[24,39],[21,0]],[[28,82],[0,44]]]},
"G22": {"type": "Matrix2x2", "payoffs": [[[22,26],[0,0]],[[54,38],[31,23]]]},
"G23": {"type": "Matrix2x2", "payoffs": [[[16,4],[12,60]],[[0,0],[22,78]]]},
"G24": {"type": "Matrix2x2", "payoffs": [[[22,21],[11,6]],[[0,0],[2,19]]]},
"G25": {"type": "Matrix2x2", "payoffs": [[[20,90],[0,18]],[[19,0],[5,66]]]},
"G26": {"type": "Matrix2x2", "payoffs": [[[63,51],[0,41]],[[49,34],[8,0]]]},
"G27": {"type": "Matrix2x2", "payoffs": [[[4,54],[2,12]],[[5,65],[0,0]]]},
"G28": {"type": "Matrix2x2", "payoffs": [[[71,18],[62,11]],[[66,0],[0,6]]]},
"G29": {"type": "Matrix2x2", "payoffs": [[[13,0],[59,11]],[[0,10],[12,3]]]},
"G30": {"type": "Matrix2x2", "payoffs": [[[0,24],[10,37]],[[6,20],[9,0]]]},
"G31": {"type": "Matrix2x2", "payoffs": [[[21,10],[11,7]],[[6,6],[0,0]]]},
"G32": {"type": "Matrix2x2", "payoffs": [[[32,43],[0,15]],[[19,0],[34,58]]]},
"G33": {"type": "Matrix2x2", "payoffs": [[[82,14],[0,0]],[[40,46],[92,71]]]},
"G34": {"type": "Matrix2x2", "payoffs": [[[0,0],[20,32]],[[46,40],[1,22]]]},
"G35": {"type": "Matrix2x2", "payoffs": [[[35,64],[71,92]],[[25,0],[0,10]]]},
"G36": {"type": "Matrix2x2", "payoffs": [[[55,42],[0,18]],[[10,3],[16,0]]]},
"G37": {"type": "Matrix2x2", "payoffs": [[[25,0],[0,14]],[[18,18],[39,20]]]},
"G38": {"type": "Matrix2x2", "payoffs": [[[37,20],[27,12]],[[0,0],[24,17]]]},
"G39": {"type": "Matrix2x2", "payoffs": [[[15,0],[44,64]],[[0,29],[33,30]]]},
"G40": {"type": "Matrix2x2", "payoffs": [[[3,39],[2,0]],[[0,36],[21,85]]]},
"G41": {"type": "Matrix2x2", "payoffs": [[[0,0],[33,2]],[[68,4],[67,3]]]},
"G42": {"type": "Matrix2x2", "payoffs": [[[0,17],[29,13]],[[41,0],[63,73]]]},
"G43": {"type": "Matrix2x2", "payoffs": [[[13,7],[0,4]],[[2,6],[7,0]]]},
"G44": {"type": "Matrix2x2", "payoffs": [[[0,11],[63,66]],[[56,0],[37,3]]]},
"G45": {"type": "Matrix2x2", "payoffs": [[[8,6],[9,3]],[[0,0],[18,8]]]},
"G46": {"type": "Matrix2x2", "payoffs": [[[59,8],[30,4]],[[0,0],[41,5]]]},
"G47": {"type": "Matrix2x2", "payoffs": [[[57,14],[0,9]],[[52,0],[51,1]]]},
"G48": {"type": "Matrix2x2", "payoffs": [[[0,28],[62,0]],[[72,35],[66,2]]]},
"G49": {"type": "Matrix2x2", "payoffs": [[[25,19],[29,66]],[[22,51],[0,0]]]},
"G50": {"type": "Matrix2x2", "payoffs": [[[6,0],[48,46]],[[21,39],[0,21]]]},
"G51": {"type": "Matrix2x2", "payoffs": [[[25,22],[0,0]],[[4,49],[64,56]]]},
"G52": {"type": "Matrix2x2", "payoffs": [[[46,0],[0,66]],[[31,71],[60,98]]]},
"G53": {"type": "Matrix2x2", "payoffs": [[[7,63],[0,23]],[[8,0],[22,93]]]},
"G54": {"type": "Matrix2x2", "payoffs": [[[84,12],[45,11]],[[35,4],[0,0]]]},
"G55": {"type": "Matrix2x2", "payoffs": [[[41,23],[45,71]],[[0,0],[37,50]]]},
"G56": {"type": "Matrix2x2", "payoffs": [[[22,13],[0,12]],[[7,0],[41,16]]]},
"G57": {"type": "Matrix2x2", "payoffs": [[[6,23],[7,16]],[[10,28],[0,0]]]},
"G58": {"type": "Matrix2x2", "payoffs": [[[84,19],[40,0]],[[0,45],[87,64]]]},
"G59": {"type": "Matrix2x2", "payoffs": [[[28,45],[17,0]],[[38,57],[0,17]]]},
"G60": {"type": "Matrix2x2", "payoffs": [[[0,0],[7,6]],[[81,21],[68,12]]]},
"G61": {"type": "Matrix2x2", "payoffs": [[[73,26],[36,16]],[[20,0],[0,14]]]},
"G62": {"type": "Matrix2x2", "payoffs": [[[26,16],[44,25]],[[0,0],[56,30]]]},
"G63": {"type": "Matrix2x2", "payoffs": [[[61,0],[0,15]],[[72,40],[9,35]]]},
"G64": {"type": "Matrix2x2", "payoffs": [[[4,18],[25,35]],[[0,0],[7,32]]]},
"G65": {"type": "Matrix2x2", "payoffs": [[[2,0],[0,7]],[[11,9],[25,33]]]},
"G66": {"type": "Matrix2x2", "payoffs": [[[72,62],[71,36]],[[3,0],[0,51]]]},
"G67": {"type": "Matrix2x2", "payoffs": [[[0,0],[45,62]],[[98,80],[46,46]]]},
"G68": {"type": "Matrix2x2", "payoffs": [[[5,5],[37,0]],[[53,8],[0,7]]]},
"G69": {"type": "Matrix2x2", "payoffs": [[[0,56],[11,68]],[[6,16],[10,0]]]},
"G70": {"type": "Matrix2x2", "payoffs": [[[12,16],[63,82]],[[11,56],[0,0]]]},
"G71": {"type": "Matrix2x2", "payoffs": [[[33,0],[58,71]],[[0,62],[43,53]]]},
"G72": {"type": "Matrix2x2", "payoffs": [[[24,0],[40,3]],[[0,2],[13,1]]]},
"G73": {"type": "Matrix2x2", "payoffs": [[[0,27],[53,19]],[[42,0],[68,29]]]},
"G74": {"type": "Matrix2x2", "payoffs": [[[75,56],[71,15]],[[85,95],[0,0]]]},
"G75": {"type": "Matrix2x2", "payoffs": [[[13,0],[44,61]],[[0,55],[10,17]]]},
"G76": {"type": "Matrix2x2", "payoffs": [[[0,18],[15,0]],[[50,25],[24,22]]]},
"G77": {"type": "Matrix2x2", "payoffs": [[[9,29],[0,0]],[[3,59],[22,68]]]},
"G78": {"type": "Matrix2x2", "payoffs": [[[10,53],[4,66]],[[0,0],[17,79]]]},
"G79": {"type": "Matrix2x2", "payoffs": [[[1,0],[0,50]],[[11,66],[5,36]]]},
"G80": {"type": "Matrix2x2", "payoffs": [[[84,39],[51,13]],[[0,0],[20,1]]]},
"G81": {"type": "Matrix2x2", "payoffs": [[[0,98],[64,100]],[[58,0],[5,3]]]},
"G82": {"type": "Matrix2x2", "payoffs": [[[3,7],[27,5]],[[0,0],[58,13]]]},
"G83": {"type": "Matrix2x2", "payoffs": [[[0,63],[17,0]],[[100,83],[18,3]]]},
"G84": {"type": "Matrix2x2", "payoffs": [[[91,95],[58,12]],[[5,43],[0,0]]]},
"G85": {"type": "Matrix2x2", "payoffs": [[[0,14],[16,16]],[[2,0],[6,3]]]},
"G86": {"type": "Matrix2x2", "payoffs": [[[52,29],[83,30]],[[26,0],[0,1]]]},
"G87": {"type": "Matrix2x2", "payoffs": [[[1,0],[8,16]],[[0,7],[18,55]]]},
"G88": {"type": "Matrix2x2", "payoffs": [[[0,0],[3,5]],[[4,9],[1,4]]]},
"G89": {"type": "Matrix2x2", "payoffs": [[[21,29],[3,0]],[[1,19],[0,27]]]},
"G90": {"type": "Matrix2x2", "payoffs": [[[0,22],[13,0]],[[33,41],[9,39]]]},
"G91": {"type": "Matrix2x2", "payoffs": [[[30,46],[48,81]],[[20,0],[0,59]]]},
"G92": {"type": "Matrix2x2", "payoffs": [[[0,4],[1,2]],[[10,8],[8,0]]]},
"G93": {"type": "Matrix2x2", "payoffs": [[[95,39],[0,15]],[[7,29],[31,0]]]},
"G94": {"type": "Matrix2x2", "payoffs": [[[4,80],[0,0]],[[1,61],[2,43]]]},
"G95": {"type": "Matrix2x2", "payoffs": [[[64,66],[20,15]],[[0,62],[48,0]]]},
"G96": {"type": "Matrix2x2", "payoffs": [[[38,37],[3,20]],[[0,7],[27,0]]]},
"G97": {"type": "Matrix2x2", "payoffs": [[[19,3],[2,1]],[[21,5],[0,0]]]},
"G98": {"type": "Matrix2x2", "payoffs": [[[74,21],[0,13]],[[60,8],[65,0]]]},
"G99": {"type": "Matrix2x2", "payoffs": [[[8,10],[7,0]],[[2,7],[0,8]]]},
"G100": {"type": "Matrix2x2", "payoffs": [[[11,52],[46,100]],[[0,28],[24,0]]]}
}