{
"numGames": 1000,
"G1": {"type": "Matrix2x2", "payoffs": [[[2,0],[0,43]],[[1,41],[8,47]]]},
"G2": {"type": "Matrix2x2", "payoffs": [[[12,82],[0,0]],[[3,14],[4,2]]]},
"G3": {"type": "Matrix2x2", "payoffs": [[[28,0],[99,17]],[[0,2],[82,16]]]},
"G4": {"type": "Matrix2x2", "payoffs": [[[14,0],[59,44]],[[0,27],[25,18]]]},
"G5": {"type": "Matrix2x2", "payoffs": [[[0,48],[15,37]],[[52,53],[27,0]]]},
"G6": {"type": "Matrix2x2", "payoffs": [[[17,3],[0,41]],[[36,71],[19,0]]]},
"G7": {"type": "Matrix2x2", "payoffs": [[[0,3],[12,0]],[[2,1],[16,7]]]},
"G8": {"type": "Matrix2x2", "payoffs": [[[36,0],[24,26]],[[96,54],[0,8]]]},
"G9": {"type": "Matrix2x2", "payoffs": [[[0,19],[36,20]],[[15,0],[27,1]]]},
"G10": {"type": "Matrix2x2", "payoffs": [[[58,78],[0,51]],[[23,0],[32,20]]]},
"G11": {"type": "Matrix2x2", "payoffs": [[[10,73],[0,51]],[[7,13],[1,0]]]},
"G12": {"type": "Matrix2x2", "payoffs": [[[6,0],[0,29]],[[10,70],[9,23]]]},
"G13": {"type": "Matrix2x2", "payoffs": [[[22,2],[13,20]],[[0,0],[25,21]]]},
"G14": {"type": "Matrix2x2", "payoffs": [[[64,19],[73,27]],[[56,12],[0,0]]]},
"G15": {"type": "Matrix2x2", "payoffs": [[[50,33],[0,32]],[[32,6],[27,0]]]},
"G16": {"type": "Matrix2x2", "payoffs": [[[43,4],[22,3]],[[36,2],[0,0]]]},
"G17": {"type": "Matrix2x2", "payoffs": [[[10,64],[6,23]],[[12,70],[0,0]]]},
"G18": {"type": "Matrix2x2", "payoffs": [[[3,8],[0,0]],[[4,10],[1,1]]]},
"G19": {"type": "Matrix2x2", "payoffs": [[[82,52],[0,38]],[[17,0],[59,48]]]},
"G20": {"type": "Matrix2x2", "payoffs": [[[0,0],[13,14]],[[8,47],[20,52]]]},
"G21": {"type": "Matrix2x2", "payoffs": [[[3,0],[2,25]],[[4,48],[0,2]]]},
"G22": {"type": "Matrix2x2", "payoffs": [[[4,25],[0,19]],[[2,0],[5,60]]]},
"G23": {"type": "Matrix2x2", "payoffs": [[[36,1],[0,36]],[[20,0],[76,50]]]},
"G24": {"type": "Matrix2x2", "payoffs": [[[26,39],[77,49]],[[37,38],[0,0]]]},
"G25": {"type": "Matrix2x2", "payoffs": [[[64,1],[92,7]],[[0,0],[20,2]]]},
"G26": {"type": "Matrix2x2", "payoffs": [[[21,53],[22,60]],[[17,46],[0,0]]]},
"G27": {"type": "Matrix2x2", "payoffs": [[[18,10],[11,0]],[[34,25],[0,15]]]},
"G28": {"type": "Matrix2x2", "payoffs": [[[1,21],[2,0]],[[0,14],[10,48]]]},
"G29": {"type": "Matrix2x2", "payoffs": [[[12,28],[10,10]],[[0,0],[21,32]]]},
"G30": {"type": "Matrix2x2", "payoffs": [[[28,57],[10,0]],[[0,28],[46,90]]]},
"G31": {"type": "Matrix2x2", "payoffs": [[[0,26],[30,51]],[[7,0],[10,1]]]},
"G32": {"type": "Matrix2x2", "payoffs": [[[37,18],[0,0]],[[12,10],[25,17]]]},
"G33": {"type": "Matrix2x2", "payoffs": [[[6,61],[0,24]],[[15,82],[12,0]]]},
"G34": {"type": "Matrix2x2", "payoffs": [[[8,54],[25,55]],[[7,0],[0,14]]]},
"G35": {"type": "Matrix2x2", "payoffs": [[[0,38],[29,0]],[[1,23],[35,49]]]},
"G36": {"type": "Matrix2x2", "payoffs": [[[0,0],[20,22]],[[71,54],[54,32]]]},
"G37": {"type": "Matrix2x2", "payoffs": [[[10,0],[1,7]],[[0,6],[21,35]]]},
"G38": {"type": "Matrix2x2", "payoffs": [[[50,0],[0,32]],[[40,52],[72,70]]]},
"G39": {"type": "Matrix2x2", "payoffs": [[[40,38],[11,14]],[[28,36],[0,0]]]},
"G40": {"type": "Matrix2x2", "payoffs": [[[31,0],[46,46]],[[84,53],[0,37]]]},
"G41": {"type": "Matrix2x2", "payoffs": [[[16,14],[0,0]],[[33,17],[54,22]]]},
"G42": {"type": "Matrix2x2", "payoffs": [[[5,12],[0,0]],[[13,2],[27,17]]]},
"G43": {"type": "Matrix2x2", "payoffs": [[[66,72],[45,65]],[[0,0],[81,89]]]},
"G44": {"type": "Matrix2x2", "payoffs": [[[31,3],[13,2]],[[5,0],[0,1]]]},
"G45": {"type": "Matrix2x2", "payoffs": [[[9,0],[17,72]],[[0,3],[3,18]]]},
"G46": {"type": "Matrix2x2", "payoffs": [[[74,68],[58,0]],[[0,8],[9,55]]]},
"G47": {"type": "Matrix2x2", "payoffs": [[[13,58],[0,0]],[[10,27],[8,10]]]},
"G48": {"type": "Matrix2x2", "payoffs": [[[0,85],[25,0]],[[85,92],[9,54]]]},
"G49": {"type": "Matrix2x2", "payoffs": [[[21,99],[10,88]],[[1,79],[0,0]]]},
"G50": {"type": "Matrix2x2", "payoffs": [[[6,34],[8,0]],[[0,35],[14,53]]]},
"G51": {"type": "Matrix2x2", "payoffs": [[[34,18],[21,11]],[[0,12],[11,0]]]},
"G52": {"type": "Matrix2x2", "payoffs": [[[2,72],[0,0]],[[7,39],[21,91]]]},
"G53": {"type": "Matrix2x2", "payoffs": [[[93,0],[0,3]],[[29,4],[94,9]]]},
"G54": {"type": "Matrix2x2", "payoffs": [[[0,4],[24,45]],[[13,8],[1,0]]]},
"G55": {"type": "Matrix2x2", "payoffs": [[[68,98],[39,0]],[[0,35],[24,38]]]},
"G56": {"type": "Matrix2x2", "payoffs": [[[82,45],[6,21]],[[13,25],[0,0]]]},
"G57": {"type": "Matrix2x2", "payoffs": [[[6,11],[0,5]],[[4,8],[5,0]]]},
"G58": {"type": "Matrix2x2", "payoffs": [[[0,20],[23,5]],[[78,23],[18,0]]]},
"G59": {"type": "Matrix2x2", "payoffs": [[[34,58],[0,0]],[[6,11],[31,16]]]},
"G60": {"type": "Matrix2x2", "payoffs": [[[0,9],[75,15]],[[31,0],[3,4]]]},
"G61": {"type": "Matrix2x2", "payoffs": [[[0,19],[58,7]],[[62,41],[53,0]]]},
"G62": {"type": "Matrix2x2", "payoffs": [[[70,56],[7,43]],[[17,0],[0,3]]]},
"G63": {"type": "Matrix2x2", "payoffs": [[[0,0],[46,48]],[[31,67],[66,70]]]},
"G64": {"type": "Matrix2x2", "payoffs": [[[1,34],[0,0]],[[9,97],[4,91]]]},
"G65": {"type": "Matrix2x2", "payoffs": [[[80,44],[0,2]],[[42,4],[24,0]]]},
"G66": {"type": "Matrix2x2", "payoffs": [[[59,12],[64,29]],[[0,0],[49,25]]]},
"G67": {"type": "Matrix2x2", "payoffs": [[[32,79],[0,19]],[[7,0],[3,66]]]},
"G68": {"type": "Matrix2x2", "payoffs": [[[77,30],[0,0]],[[43,1],[63,5]]]},
"G69": {"type": "Matrix2x2", "payoffs": [[[82,68],[0,38]],[[36,0],[8,14]]]},
"G70": {"type": "Matrix2x2", "payoffs": [[[0,11],[8,0]],[[5,10],[17,35]]]},
"G71": {"type": "Matrix2x2", "payoffs": [[[72,15],[0,13]],[[68,8],[30,0]]]},
"G72": {"type": "Matrix2x2", "payoffs": [[[0,1],[58,30]],[[44,28],[7,0]]]},
"G73": {"type": "Matrix2x2", "payoffs": [[[0,0],[26,97]],[[4,65],[10,90]]]},
"G74": {"type": "Matrix2x2", "payoffs": [[[27,16],[45,61]],[[0,56],[22,0]]]},
"G75": {"type": "Matrix2x2", "payoffs": [[[0,3],[15,10]],[[6,0],[56,17]]]},
"G76": {"type": "Matrix2x2", "payoffs": [[[54,0],[0,2]],[[56,4],[74,8]]]},
"G77": {"type": "Matrix2x2", "payoffs": [[[32,18],[96,20]],[[83,0],[0,17]]]},
"G78": {"type": "Matrix2x2", "payoffs": [[[90,13],[0,0]],[[31,9],[7,12]]]},
"G79": {"type": "Matrix2x2", "payoffs": [[[3,40],[7,50]],[[21,54],[0,0]]]},
"G80": {"type": "Matrix2x2", "payoffs": [[[63,12],[40,0]],[[0,4],[98,21]]]},
"G81": {"type": "Matrix2x2", "payoffs": [[[14,15],[17,0]],[[20,48],[0,33]]]},
"G82": {"type": "Matrix2x2", "payoffs": [[[60,6],[25,0]],[[88,55],[0,21]]]},
"G83": {"type": "Matrix2x2", "payoffs": [[[82,88],[63,0]],[[0,26],[3,77]]]},
"G84": {"type": "Matrix2x2", "payoffs": [[[9,2],[32,4]],[[5,0],[0,3]]]},
"G85": {"type": "Matrix2x2", "payoffs": [[[64,69],[88,76]],[[77,59],[0,0]]]},
"G86": {"type": "Matrix2x2", "payoffs": [[[31,0],[98,100]],[[65,19],[0,90]]]},
"G87": {"type": "Matrix2x2", "payoffs": [[[3,0],[8,20]],[[15,76],[0,52]]]},
"G88": {"type": "Matrix2x2", "payoffs": [[[8,29],[18,0]],[[27,30],[0,11]]]},
"G89": {"type": "Matrix2x2", "payoffs": [[[0,33],[21,80]],[[1,0],[16,37]]]},
"G90": {"type": "Matrix2x2", "payoffs": [[[39,10],[60,43]],[[0,14],[26,0]]]},
"G91": {"type": "Matrix2x2", "payoffs": [[[0,41],[1,21]],[[18,77],[4,0]]]},
"G92": {"type": "Matrix2x2", "payoffs": [[[35,0],[0,24]],[[39,56],[12,51]]]},
"G93": {"type": "Matrix2x2", "payoffs": [[[60,98],[0,46]],[[9,0],[33,86]]]},
"G94": {"type": "Matrix2x2", "payoffs": [[[0,25],[41,27]],[[24,8],[11,0]]]},
"G95": {"type": "Matrix2x2", "payoffs": [[[100,35],[49,4]],[[0,8],[55,0]]]},
"G96": {"type": "Matrix2x2", "payoffs": [[[24,74],[0,0]],[[10,38],[23,50]]]},
"G97": {"type": "Matrix2x2", "payoffs": [[[47,20],[99,56]],[[28,9],[0,0]]]},
"G98": {"type": "Matrix2x2", "payoffs": [[[63,0],[89,14]],[[5,2],[0,6]]]},
"G99": {"type": "Matrix2x2", "payoffs": [[[37,0],[0,6]],[[39,4],[42,7]]]},
"G100": {"type": "Matrix2x2", "payoffs": [[[2,5],[10,0]],[[0,6],[41,7]]]},
"G101": {"type": "Matrix2x2", "payoffs": [[[46,87],[43,29]],[[39,83],[0,0]]]},
"G102": {"type": "Matrix2x2", "payoffs": [[[75,7],[71,6]],[[1,3],[0,0]]]},
"G103": {"type": "Matrix2x2", "payoffs": [[[14,24],[84,56]],[[0,0],[6,26]]]},
"G104": {"type": "Matrix2x2", "payoffs": [[[66,97],[51,93]],[[0,0],[45,26]]]},
"G105": {"type": "Matrix2x2", "payoffs": [[[59,30],[81,54]],[[9,0],[0,38]]]},
"G106": {"type": "Matrix2x2", "payoffs": [[[64,52],[30,0]],[[0,44],[53,17]]]},
"G107": {"type": "Matrix2x2", "payoffs": [[[10,39],[0,52]],[[9,0],[19,57]]]},
"G108": {"type": "Matrix2x2", "payoffs": [[[0,40],[17,48]],[[19,0],[74,53]]]},
"G109": {"type": "Matrix2x2", "payoffs": [[[59,24],[0,0]],[[51,53],[100,71]]]},
"G110": {"type": "Matrix2x2", "payoffs": [[[0,71],[10,0]],[[8,8],[36,84]]]},
"G111": {"type": "Matrix2x2", "payoffs": [[[65,61],[0,0]],[[27,52],[74,66]]]},
"G112": {"type": "Matrix2x2", "payoffs": [[[5,16],[35,22]],[[0,10],[13,0]]]},
"G113": {"type": "Matrix2x2", "payoffs": [[[70,43],[61,0]],[[0,36],[10,19]]]},
"G114": {"type": "Matrix2x2", "payoffs": [[[43,33],[0,0]],[[47,90],[18,4]]]},
"G115": {"type": "Matrix2x2", "payoffs": [[[6,0],[16,89]],[[5,73],[0,10]]]},
"G116": {"type": "Matrix2x2", "payoffs": [[[76,53],[0,24]],[[67,15],[8,0]]]},
"G117": {"type": "Matrix2x2", "payoffs": [[[32,50],[4,42]],[[0,43],[23,0]]]},
"G118": {"type": "Matrix2x2", "payoffs": [[[6,6],[0,20]],[[7,0],[15,29]]]},
"G119": {"type": "Matrix2x2", "payoffs": [[[0,53],[1,0]],[[36,87],[97,94]]]},
"G120": {"type": "Matrix2x2", "payoffs": [[[0,7],[17,36]],[[10,18],[12,0]]]},
"G121": {"type": "Matrix2x2", "payoffs": [[[0,9],[88,18]],[[55,0],[31,5]]]},
"G122": {"type": "Matrix2x2", "payoffs": [[[0,0],[23,47]],[[65,56],[13,30]]]},
"G123": {"type": "Matrix2x2", "payoffs": [[[32,3],[0,2]],[[6,0],[2,1]]]},
"G124": {"type": "Matrix2x2", "payoffs": [[[81,0],[0,55]],[[16,24],[89,70]]]},
"G125": {"type": "Matrix2x2", "payoffs": [[[0,0],[32,1]],[[62,3],[23,2]]]},
"G126": {"type": "Matrix2x2", "payoffs": [[[47,59],[0,0]],[[59,90],[35,17]]]},
"G127": {"type": "Matrix2x2", "payoffs": [[[25,0],[0,80]],[[7,90],[99,100]]]},
"G128": {"type": "Matrix2x2", "payoffs": [[[1,21],[22,1]],[[23,37],[0,0]]]},
"G129": {"type": "Matrix2x2", "payoffs": [[[50,16],[75,31]],[[0,0],[60,19]]]},
"G130": {"type": "Matrix2x2", "payoffs": [[[33,37],[0,9]],[[29,0],[19,29]]]},
"G131": {"type": "Matrix2x2", "payoffs": [[[18,80],[23,69]],[[0,0],[24,88]]]},
"G132": {"type": "Matrix2x2", "payoffs": [[[43,34],[0,0]],[[39,20],[64,42]]]},
"G133": {"type": "Matrix2x2", "payoffs": [[[13,8],[23,17]],[[17,0],[0,11]]]},
"G134": {"type": "Matrix2x2", "payoffs": [[[0,0],[3,5]],[[28,7],[38,10]]]},
"G135": {"type": "Matrix2x2", "payoffs": [[[26,32],[31,0]],[[32,35],[0,13]]]},
"G136": {"type": "Matrix2x2", "payoffs": [[[53,10],[0,0]],[[64,29],[55,11]]]},
"G137": {"type": "Matrix2x2", "payoffs": [[[75,49],[39,0]],[[0,13],[11,2]]]},
"G138": {"type": "Matrix2x2", "payoffs": [[[0,0],[44,14]],[[49,90],[42,9]]]},
"G139": {"type": "Matrix2x2", "payoffs": [[[26,56],[20,16]],[[0,0],[9,55]]]},
"G140": {"type": "Matrix2x2", "payoffs": [[[4,0],[21,68]],[[0,31],[11,4]]]},
"G141": {"type": "Matrix2x2", "payoffs": [[[28,58],[0,85]],[[98,87],[7,0]]]},
"G142": {"type": "Matrix2x2", "payoffs": [[[17,27],[0,0]],[[14,24],[12,18]]]},
"G143": {"type": "Matrix2x2", "payoffs": [[[32,81],[0,0]],[[24,29],[15,54]]]},
"G144": {"type": "Matrix2x2", "payoffs": [[[3,17],[20,31]],[[0,22],[8,0]]]},
"G145": {"type": "Matrix2x2", "payoffs": [[[27,0],[59,33]],[[0,14],[68,52]]]},
"G146": {"type": "Matrix2x2", "payoffs": [[[9,0],[7,23]],[[0,45],[25,58]]]},
"G147": {"type": "Matrix2x2", "payoffs": [[[2,0],[1,45]],[[0,34],[3,54]]]},
"G148": {"type": "Matrix2x2", "payoffs": [[[53,16],[41,19]],[[56,36],[0,0]]]},
"G149": {"type": "Matrix2x2", "payoffs": [[[80,63],[83,27]],[[93,64],[0,0]]]},
"G150": {"type": "Matrix2x2", "payoffs": [[[63,65],[0,58]],[[1,0],[17,52]]]},
"G151": {"type": "Matrix2x2", "payoffs": [[[73,72],[88,91]],[[86,0],[0,59]]]},
"G152": {"type": "Matrix2x2", "payoffs": [[[0,37],[13,58]],[[68,74],[5,0]]]},
"G153": {"type": "Matrix2x2", "payoffs": [[[88,35],[0,6]],[[8,9],[46,0]]]},
"G154": {"type": "Matrix2x2", "payoffs": [[[23,48],[0,22]],[[5,0],[82,49]]]},
"G155": {"type": "Matrix2x2", "payoffs": [[[51,8],[49,9]],[[0,0],[98,12]]]},
"G156": {"type": "Matrix2x2", "payoffs": [[[54,0],[68,11]],[[0,6],[93,27]]]},
"G157": {"type": "Matrix2x2", "payoffs": [[[0,84],[95,100]],[[84,14],[28,0]]]},
"G158": {"type": "Matrix2x2", "payoffs": [[[11,97],[5,15]],[[0,0],[10,2]]]},
"G159": {"type": "Matrix2x2", "payoffs": [[[52,36],[0,17]],[[63,37],[47,0]]]},
"G160": {"type": "Matrix2x2", "payoffs": [[[0,17],[56,0]],[[73,32],[58,27]]]},
"G161": {"type": "Matrix2x2", "payoffs": [[[51,41],[10,0]],[[0,40],[44,4]]]},
"G162": {"type": "Matrix2x2", "payoffs": [[[5,21],[7,19]],[[19,24],[0,0]]]},
"G163": {"type": "Matrix2x2", "payoffs": [[[0,7],[18,3]],[[9,0],[43,56]]]},
"G164": {"type": "Matrix2x2", "payoffs": [[[1,13],[3,17]],[[2,15],[0,0]]]},
"G165": {"type": "Matrix2x2", "payoffs": [[[43,100],[6,76]],[[0,50],[27,0]]]},
"G166": {"type": "Matrix2x2", "payoffs": [[[6,0],[7,76]],[[4,68],[0,25]]]},
"G167": {"type": "Matrix2x2", "payoffs": [[[5,0],[0,32]],[[53,67],[32,60]]]},
"G168": {"type": "Matrix2x2", "payoffs": [[[0,0],[10,18]],[[29,69],[26,32]]]},
"G169": {"type": "Matrix2x2", "payoffs": [[[27,2],[43,0]],[[0,43],[63,76]]]},
"G170": {"type": "Matrix2x2", "payoffs": [[[44,94],[32,70]],[[0,0],[3,88]]]},
"G171": {"type": "Matrix2x2", "payoffs": [[[38,5],[2,4]],[[0,3],[14,0]]]},
"G172": {"type": "Matrix2x2", "payoffs": [[[0,0],[39,45]],[[38,13],[40,58]]]},
"G173": {"type": "Matrix2x2", "payoffs": [[[47,37],[0,28]],[[26,0],[42,1]]]},
"G174": {"type": "Matrix2x2", "payoffs": [[[29,0],[88,24]],[[0,8],[20,19]]]},
"G175": {"type": "Matrix2x2", "payoffs": [[[61,0],[28,4]],[[0,13],[98,73]]]},
"G176": {"type": "Matrix2x2", "payoffs": [[[15,0],[60,99]],[[53,5],[0,59]]]},
"G177": {"type": "Matrix2x2", "payoffs": [[[92,30],[27,0]],[[65,8],[0,11]]]},
"G178": {"type": "Matrix2x2", "payoffs": [[[0,62],[96,73]],[[44,72],[51,0]]]},
"G179": {"type": "Matrix2x2", "payoffs": [[[7,24],[35,71]],[[10,0],[0,70]]]},
"G180": {"type": "Matrix2x2", "payoffs": [[[12,19],[13,0]],[[0,17],[34,21]]]},
"G181": {"type": "Matrix2x2", "payoffs": [[[0,2],[97,62]],[[45,0],[38,26]]]},
"G182": {"type": "Matrix2x2", "payoffs": [[[48,0],[17,61]],[[50,80],[0,33]]]},
"G183": {"type": "Matrix2x2", "payoffs": [[[80,87],[0,71]],[[45,0],[6,43]]]},
"G184": {"type": "Matrix2x2", "payoffs": [[[81,50],[0,0]],[[56,35],[87,63]]]},
"G185": {"type": "Matrix2x2", "payoffs": [[[49,8],[51,55]],[[0,43],[35,0]]]},
"G186": {"type": "Matrix2x2", "payoffs": [[[88,15],[49,0]],[[0,1],[68,12]]]},
"G187": {"type": "Matrix2x2", "payoffs": [[[28,84],[0,21]],[[3,0],[10,50]]]},
"G188": {"type": "Matrix2x2", "payoffs": [[[35,36],[0,40]],[[53,44],[12,0]]]},
"G189": {"type": "Matrix2x2", "payoffs": [[[69,65],[52,39]],[[18,0],[0,4]]]},
"G190": {"type": "Matrix2x2", "payoffs": [[[0,26],[54,37]],[[50,34],[33,0]]]},
"G191": {"type": "Matrix2x2", "payoffs": [[[8,0],[0,3]],[[4,2],[11,5]]]},
"G192": {"type": "Matrix2x2", "payoffs": [[[8,48],[0,11]],[[5,0],[6,3]]]},
"G193": {"type": "Matrix2x2", "payoffs": [[[73,87],[15,38]],[[0,0],[72,62]]]},
"G194": {"type": "Matrix2x2", "payoffs": [[[0,25],[30,61]],[[60,0],[80,87]]]},
"G195": {"type": "Matrix2x2", "payoffs": [[[17,89],[0,76]],[[6,67],[9,0]]]},
"G196": {"type": "Matrix2x2", "payoffs": [[[0,0],[11,41]],[[3,47],[21,100]]]},
"G197": {"type": "Matrix2x2", "payoffs": [[[39,54],[99,94]],[[0,0],[93,49]]]},
"G198": {"type": "Matrix2x2", "payoffs": [[[0,31],[33,79]],[[22,63],[29,0]]]},
"G199": {"type": "Matrix2x2", "payoffs": [[[40,8],[1,0]],[[0,48],[86,50]]]},
"G200": {"type": "Matrix2x2", "payoffs": [[[0,36],[29,0]],[[80,68],[58,56]]]},
"G201": {"type": "Matrix2x2", "payoffs": [[[6,77],[1,47]],[[3,0],[0,74]]]},
"G202": {"type": "Matrix2x2", "payoffs": [[[16,37],[19,45]],[[2,0],[0,11]]]},
"G203": {"type": "Matrix2x2", "payoffs": [[[22,15],[6,60]],[[0,0],[89,63]]]},
"G204": {"type": "Matrix2x2", "payoffs": [[[6,87],[5,0]],[[4,62],[0,9]]]},
"G205": {"type": "Matrix2x2", "payoffs": [[[2,0],[0,6]],[[5,26],[3,3]]]},
"G206": {"type": "Matrix2x2", "payoffs": [[[1,0],[4,1]],[[0,12],[7,45]]]},
"G207": {"type": "Matrix2x2", "payoffs": [[[0,73],[13,0]],[[19,88],[8,7]]]},
"G208": {"type": "Matrix2x2", "payoffs": [[[94,2],[0,0]],[[95,4],[91,1]]]},
"G209": {"type": "Matrix2x2", "payoffs": [[[40,4],[78,49]],[[0,23],[67,0]]]},
"G210": {"type": "Matrix2x2", "payoffs": [[[60,35],[0,28]],[[3,11],[4,0]]]},
"G211": {"type": "Matrix2x2", "payoffs": [[[49,60],[29,44]],[[0,52],[36,0]]]},
"G212": {"type": "Matrix2x2", "payoffs": [[[54,51],[2,31]],[[0,39],[30,0]]]},
"G213": {"type": "Matrix2x2", "payoffs": [[[57,13],[0,0]],[[65,35],[5,21]]]},
"G214": {"type": "Matrix2x2", "payoffs": [[[54,77],[0,61]],[[48,0],[45,55]]]},
"G215": {"type": "Matrix2x2", "payoffs": [[[2,5],[54,15]],[[0,0],[10,6]]]},
"G216": {"type": "Matrix2x2", "payoffs": [[[5,83],[0,0]],[[9,100],[2,28]]]},
"G217": {"type": "Matrix2x2", "payoffs": [[[0,0],[7,69]],[[4,23],[1,13]]]},
"G218": {"type": "Matrix2x2", "payoffs": [[[56,3],[0,0]],[[90,24],[74,11]]]},
"G219": {"type": "Matrix2x2", "payoffs": [[[0,0],[38,32]],[[37,17],[4,5]]]},
"G220": {"type": "Matrix2x2", "payoffs": [[[92,10],[81,0]],[[0,8],[79,4]]]},
"G221": {"type": "Matrix2x2", "payoffs": [[[0,18],[19,0]],[[33,37],[14,2]]]},
"G222": {"type": "Matrix2x2", "payoffs": [[[33,27],[21,16]],[[0,0],[28,4]]]},
"G223": {"type": "Matrix2x2", "payoffs": [[[97,73],[61,65]],[[22,0],[0,25]]]},
"G224": {"type": "Matrix2x2", "payoffs": [[[0,0],[53,17]],[[98,26],[59,13]]]},
"G225": {"type": "Matrix2x2", "payoffs": [[[0,0],[2,37]],[[5,66],[3,42]]]},
"G226": {"type": "Matrix2x2", "payoffs": [[[11,71],[7,3]],[[0,0],[9,7]]]},
"G227": {"type": "Matrix2x2", "payoffs": [[[57,70],[0,27]],[[42,35],[31,0]]]},
"G228": {"type": "Matrix2x2", "payoffs": [[[30,13],[34,0]],[[0,19],[63,21]]]},
"G229": {"type": "Matrix2x2", "payoffs": [[[0,29],[71,17]],[[62,0],[73,40]]]},
"G230": {"type": "Matrix2x2", "payoffs": [[[51,10],[41,0]],[[0,39],[98,91]]]},
"G231": {"type": "Matrix2x2", "payoffs": [[[0,26],[89,0]],[[92,80],[11,27]]]},
"G232": {"type": "Matrix2x2", "payoffs": [[[0,54],[74,99]],[[70,0],[42,63]]]},
"G233": {"type": "Matrix2x2", "payoffs": [[[0,0],[10,53]],[[14,79],[74,82]]]},
"G234": {"type": "Matrix2x2", "payoffs": [[[76,0],[0,1]],[[78,3],[3,2]]]},
"G235": {"type": "Matrix2x2", "payoffs": [[[60,5],[26,1]],[[0,0],[5,4]]]},
"G236": {"type": "Matrix2x2", "payoffs": [[[11,0],[19,72]],[[0,43],[16,37]]]},
"G237": {"type": "Matrix2x2", "payoffs": [[[90,16],[0,4]],[[71,0],[3,12]]]},
"G238": {"type": "Matrix2x2", "payoffs": [[[33,45],[37,21]],[[0,0],[53,59]]]},
"G239": {"type": "Matrix2x2", "payoffs": [[[37,94],[11,0]],[[0,55],[12,44]]]},
"G240": {"type": "Matrix2x2", "payoffs": [[[45,51],[52,63]],[[2,0],[0,17]]]},
"G241": {"type": "Matrix2x2", "payoffs": [[[57,62],[10,54]],[[6,0],[0,4]]]},
"G242": {"type": "Matrix2x2", "payoffs": [[[0,0],[44,1]],[[45,34],[8,14]]]},
"G243": {"type": "Matrix2x2", "payoffs": [[[0,9],[33,10]],[[3,0],[30,1]]]},
"G244": {"type": "Matrix2x2", "payoffs": [[[0,29],[14,42]],[[13,0],[9,6]]]},
"G245": {"type": "Matrix2x2", "payoffs": [[[3,45],[4,94]],[[0,0],[1,47]]]},
"G246": {"type": "Matrix2x2", "payoffs": [[[48,0],[35,24]],[[0,38],[70,58]]]},
"G247": {"type": "Matrix2x2", "payoffs": [[[0,10],[9,0]],[[17,14],[20,15]]]},
"G248": {"type": "Matrix2x2", "payoffs": [[[15,1],[0,0]],[[9,10],[66,51]]]},
"G249": {"type": "Matrix2x2", "payoffs": [[[8,0],[46,7]],[[95,65],[0,23]]]},
"G250": {"type": "Matrix2x2", "payoffs": [[[2,18],[0,0]],[[3,90],[4,92]]]},
"G251": {"type": "Matrix2x2", "payoffs": [[[79,91],[9,0]],[[0,31],[10,51]]]},
"G252": {"type": "Matrix2x2", "payoffs": [[[73,7],[0,0]],[[33,12],[96,71]]]},
"G253": {"type": "Matrix2x2", "payoffs": [[[21,14],[37,25]],[[0,22],[34,0]]]},
"G254": {"type": "Matrix2x2", "payoffs": [[[24,26],[15,17]],[[0,0],[1,5]]]},
"G255": {"type": "Matrix2x2", "payoffs": [[[57,14],[0,0]],[[47,5],[77,16]]]},
"G256": {"type": "Matrix2x2", "payoffs": [[[0,0],[34,34]],[[14,26],[35,40]]]},
"G257": {"type": "Matrix2x2", "payoffs": [[[60,7],[78,17]],[[24,0],[0,14]]]},
"G258": {"type": "Matrix2x2", "payoffs": [[[0,21],[56,63]],[[21,0],[57,70]]]},
"G259": {"type": "Matrix2x2", "payoffs": [[[0,0],[74,33]],[[9,20],[85,91]]]},
"G260": {"type": "Matrix2x2", "payoffs": [[[13,97],[10,28]],[[11,66],[0,0]]]},
"G261": {"type": "Matrix2x2", "payoffs": [[[48,94],[0,4]],[[38,0],[43,17]]]},
"G262": {"type": "Matrix2x2", "payoffs": [[[82,69],[42,30]],[[20,53],[0,0]]]},
"G263": {"type": "Matrix2x2", "payoffs": [[[13,76],[8,44]],[[0,0],[9,31]]]},
"G264": {"type": "Matrix2x2", "payoffs": [[[8,23],[10,0]],[[17,41],[0,8]]]},
"G265": {"type": "Matrix2x2", "payoffs": [[[2,45],[13,77]],[[3,0],[0,73]]]},
"G266": {"type": "Matrix2x2", "payoffs": [[[62,43],[75,0]],[[99,84],[0,61]]]},
"G267": {"type": "Matrix2x2", "payoffs": [[[0,0],[46,4]],[[76,1],[90,8]]]},
"G268": {"type": "Matrix2x2", "payoffs": [[[53,0],[0,21]],[[60,66],[72,72]]]},
"G269": {"type": "Matrix2x2", "payoffs": [[[14,5],[35,17]],[[0,8],[7,0]]]},
"G270": {"type": "Matrix2x2", "payoffs": [[[80,34],[68,0]],[[98,88],[0,11]]]},
"G271": {"type": "Matrix2x2", "payoffs": [[[19,30],[16,12]],[[22,53],[0,0]]]},
"G272": {"type": "Matrix2x2", "payoffs": [[[23,15],[40,9]],[[0,0],[42,18]]]},
"G273": {"type": "Matrix2x2", "payoffs": [[[11,94],[0,90]],[[12,0],[22,100]]]},
"G274": {"type": "Matrix2x2", "payoffs": [[[0,3],[52,5]],[[46,0],[41,4]]]},
"G275": {"type": "Matrix2x2", "payoffs": [[[31,13],[20,11]],[[44,14],[0,0]]]},
"G276": {"type": "Matrix2x2", "payoffs": [[[0,1],[1,4]],[[3,0],[5,6]]]},
"G277": {"type": "Matrix2x2", "payoffs": [[[9,69],[26,84]],[[11,23],[0,0]]]},
"G278": {"type": "Matrix2x2", "payoffs": [[[0,9],[12,0]],[[66,16],[52,6]]]},
"G279": {"type": "Matrix2x2", "payoffs": [[[86,59],[66,0]],[[0,57],[19,17]]]},
"G280": {"type": "Matrix2x2", "payoffs": [[[0,31],[95,48]],[[11,26],[2,0]]]},
"G281": {"type": "Matrix2x2", "payoffs": [[[69,86],[27,45]],[[0,29],[56,0]]]},
"G282": {"type": "Matrix2x2", "payoffs": [[[22,0],[26,15]],[[23,3],[0,7]]]},
"G283": {"type": "Matrix2x2", "payoffs": [[[30,0],[8,27]],[[0,39],[65,48]]]},
"G284": {"type": "Matrix2x2", "payoffs": [[[21,53],[0,37]],[[7,0],[8,35]]]},
"G285": {"type": "Matrix2x2", "payoffs": [[[28,0],[31,83]],[[0,11],[9,40]]]},
"G286": {"type": "Matrix2x2", "payoffs": [[[5,0],[0,29]],[[6,71],[3,6]]]},
"G287": {"type": "Matrix2x2", "payoffs": [[[36,14],[80,66]],[[23,63],[0,0]]]},
"G288": {"type": "Matrix2x2", "payoffs": [[[46,47],[0,0]],[[31,40],[17,7]]]},
"G289": {"type": "Matrix2x2", "payoffs": [[[49,29],[26,24]],[[0,0],[3,10]]]},
"G290": {"type": "Matrix2x2", "payoffs": [[[0,1],[1,2]],[[46,5],[42,0]]]},
"G291": {"type": "Matrix2x2", "payoffs": [[[90,86],[0,54]],[[2,14],[60,0]]]},
"G292": {"type": "Matrix2x2", "payoffs": [[[0,0],[9,17]],[[85,55],[71,32]]]},
"G293": {"type": "Matrix2x2", "payoffs": [[[3,4],[15,0]],[[0,5],[41,11]]]},
"G294": {"type": "Matrix2x2", "payoffs": [[[23,15],[0,6]],[[5,0],[15,2]]]},
"G295": {"type": "Matrix2x2", "payoffs": [[[14,8],[42,50]],[[0,3],[21,0]]]},
"G296": {"type": "Matrix2x2", "payoffs": [[[0,1],[72,38]],[[12,0],[90,41]]]},
"G297": {"type": "Matrix2x2", "payoffs": [[[11,11],[1,22]],[[0,0],[13,56]]]},
"G298": {"type": "Matrix2x2", "payoffs": [[[18,0],[0,16]],[[39,9],[59,18]]]},
"G299": {"type": "Matrix2x2", "payoffs": [[[61,66],[54,64]],[[0,0],[43,48]]]},
"G300": {"type": "Matrix2x2", "payoffs": [[[0,6],[4,70]],[[1,0],[3,67]]]},
"G301": {"type": "Matrix2x2", "payoffs": [[[8,0],[14,81]],[[19,84],[0,60]]]},
"G302": {"type": "Matrix2x2", "payoffs": [[[9,3],[8,0]],[[29,7],[0,1]]]},
"G303": {"type": "Matrix2x2", "payoffs": [[[9,27],[45,11]],[[88,87],[0,0]]]},
"G304": {"type": "Matrix2x2", "payoffs": [[[56,6],[76,13]],[[0,0],[29,9]]]},
"G305": {"type": "Matrix2x2", "payoffs": [[[0,0],[17,11]],[[48,24],[61,48]]]},
"G306": {"type": "Matrix2x2", "payoffs": [[[8,6],[64,17]],[[0,0],[62,16]]]},
"G307": {"type": "Matrix2x2", "payoffs": [[[0,0],[24,52]],[[19,41],[14,34]]]},
"G308": {"type": "Matrix2x2", "payoffs": [[[36,61],[14,51]],[[18,5],[0,0]]]},
"G309": {"type": "Matrix2x2", "payoffs": [[[24,49],[14,16]],[[0,21],[2,0]]]},
"G310": {"type": "Matrix2x2", "payoffs": [[[0,3],[5,7]],[[35,0],[39,10]]]},
"G311": {"type": "Matrix2x2", "payoffs": [[[0,0],[36,50]],[[37,51],[31,7]]]},
"G312": {"type": "Matrix2x2", "payoffs": [[[0,0],[65,54]],[[24,24],[35,25]]]},
"G313": {"type": "Matrix2x2", "payoffs": [[[70,65],[27,55]],[[0,0],[81,89]]]},
"G314": {"type": "Matrix2x2", "payoffs": [[[8,48],[37,0]],[[48,77],[0,12]]]},
"G315": {"type": "Matrix2x2", "payoffs": [[[41,34],[0,11]],[[35,20],[11,0]]]},
"G316": {"type": "Matrix2x2", "payoffs": [[[58,16],[56,0]],[[67,48],[0,1]]]},
"G317": {"type": "Matrix2x2", "payoffs": [[[62,72],[93,0]],[[0,26],[99,100]]]},
"G318": {"type": "Matrix2x2", "payoffs": [[[91,6],[70,2]],[[0,3],[67,0]]]},
"G319": {"type": "Matrix2x2", "payoffs": [[[16,8],[0,7]],[[89,0],[98,11]]]},
"G320": {"type": "Matrix2x2", "payoffs": [[[14,0],[0,1]],[[33,21],[72,91]]]},
"G321": {"type": "Matrix2x2", "payoffs": [[[0,58],[36,0]],[[37,79],[27,31]]]},
"G322": {"type": "Matrix2x2", "payoffs": [[[2,90],[1,89]],[[3,95],[0,0]]]},
"G323": {"type": "Matrix2x2", "payoffs": [[[49,8],[0,17]],[[20,0],[53,23]]]},
"G324": {"type": "Matrix2x2", "payoffs": [[[49,68],[100,73]],[[25,0],[0,34]]]},
"G325": {"type": "Matrix2x2", "payoffs": [[[2,33],[0,0]],[[8,39],[6,11]]]},
"G326": {"type": "Matrix2x2", "payoffs": [[[0,48],[75,86]],[[28,9],[24,0]]]},
"G327": {"type": "Matrix2x2", "payoffs": [[[82,97],[0,12]],[[15,77],[29,0]]]},
"G328": {"type": "Matrix2x2", "payoffs": [[[28,41],[92,76]],[[0,0],[66,12]]]},
"G329": {"type": "Matrix2x2", "payoffs": [[[2,6],[0,16]],[[10,0],[66,19]]]},
"G330": {"type": "Matrix2x2", "payoffs": [[[0,2],[41,6]],[[29,1],[5,0]]]},
"G331": {"type": "Matrix2x2", "payoffs": [[[37,50],[45,80]],[[0,0],[3,25]]]},
"G332": {"type": "Matrix2x2", "payoffs": [[[18,4],[28,21]],[[24,11],[0,0]]]},
"G333": {"type": "Matrix2x2", "payoffs": [[[0,70],[82,80]],[[79,68],[81,0]]]},
"G334": {"type": "Matrix2x2", "payoffs": [[[6,6],[88,55]],[[40,0],[0,34]]]},
"G335": {"type": "Matrix2x2", "payoffs": [[[89,0],[0,26]],[[91,49],[100,91]]]},
"G336": {"type": "Matrix2x2", "payoffs": [[[9,6],[0,18]],[[26,26],[18,0]]]},
"G337": {"type": "Matrix2x2", "payoffs": [[[15,0],[0,13]],[[26,98],[16,39]]]},
"G338": {"type": "Matrix2x2", "payoffs": [[[4,32],[0,0]],[[16,4],[19,82]]]},
"G339": {"type": "Matrix2x2", "payoffs": [[[43,70],[0,0]],[[24,27],[15,41]]]},
"G340": {"type": "Matrix2x2", "payoffs": [[[38,5],[98,21]],[[0,4],[67,0]]]},
"G341": {"type": "Matrix2x2", "payoffs": [[[0,0],[52,7]],[[11,5],[61,9]]]},
"G342": {"type": "Matrix2x2", "payoffs": [[[0,0],[46,52]],[[11,22],[31,3]]]},
"G343": {"type": "Matrix2x2", "payoffs": [[[27,0],[0,37]],[[42,21],[64,99]]]},
"G344": {"type": "Matrix2x2", "payoffs": [[[71,0],[97,43]],[[0,9],[45,19]]]},
"G345": {"type": "Matrix2x2", "payoffs": [[[0,0],[27,10]],[[43,31],[5,27]]]},
"G346": {"type": "Matrix2x2", "payoffs": [[[6,38],[3,0]],[[0,14],[9,49]]]},
"G347": {"type": "Matrix2x2", "payoffs": [[[0,0],[35,9]],[[20,39],[45,56]]]},
"G348": {"type": "Matrix2x2", "payoffs": [[[0,15],[13,48]],[[4,8],[11,0]]]},
"G349": {"type": "Matrix2x2", "payoffs": [[[1,3],[6,4]],[[0,0],[13,8]]]},
"G350": {"type": "Matrix2x2", "payoffs": [[[40,1],[46,0]],[[73,19],[0,5]]]},
"G351": {"type": "Matrix2x2", "payoffs": [[[64,0],[0,2]],[[69,10],[23,3]]]},
"G352": {"type": "Matrix2x2", "payoffs": [[[4,0],[0,6]],[[12,9],[8,5]]]},
"G353": {"type": "Matrix2x2", "payoffs": [[[5,16],[7,29]],[[1,0],[0,26]]]},
"G354": {"type": "Matrix2x2", "payoffs": [[[70,24],[0,9]],[[82,26],[14,0]]]},
"G355": {"type": "Matrix2x2", "payoffs": [[[22,75],[14,27]],[[0,6],[19,0]]]},
"G356": {"type": "Matrix2x2", "payoffs": [[[18,68],[38,99]],[[0,0],[29,41]]]},
"G357": {"type": "Matrix2x2", "payoffs": [[[73,16],[70,15]],[[25,11],[0,0]]]},
"G358": {"type": "Matrix2x2", "payoffs": [[[0,1],[32,0]],[[12,2],[74,4]]]},
"G359": {"type": "Matrix2x2", "payoffs": [[[0,72],[81,90]],[[44,0],[7,28]]]},
"G360": {"type": "Matrix2x2", "payoffs": [[[96,51],[83,42]],[[34,0],[0,12]]]},
"G361": {"type": "Matrix2x2", "payoffs": [[[43,6],[46,52]],[[0,0],[22,43]]]},
"G362": {"type": "Matrix2x2", "payoffs": [[[8,0],[62,1]],[[68,17],[0,13]]]},
"G363": {"type": "Matrix2x2", "payoffs": [[[81,40],[0,0]],[[63,3],[75,36]]]},
"G364": {"type": "Matrix2x2", "payoffs": [[[5,5],[0,18]],[[51,27],[6,0]]]},
"G365": {"type": "Matrix2x2", "payoffs": [[[57,65],[56,17]],[[0,0],[76,91]]]},
"G366": {"type": "Matrix2x2", "payoffs": [[[0,13],[12,0]],[[22,63],[17,7]]]},
"G367": {"type": "Matrix2x2", "payoffs": [[[7,21],[3,7]],[[6,0],[0,1]]]},
"G368": {"type": "Matrix2x2", "payoffs": [[[18,34],[0,0]],[[11,7],[8,4]]]},
"G369": {"type": "Matrix2x2", "payoffs": [[[3,74],[0,0]],[[6,82],[10,86]]]},
"G370": {"type": "Matrix2x2", "payoffs": [[[45,8],[56,85]],[[39,77],[0,0]]]},
"G371": {"type": "Matrix2x2", "payoffs": [[[0,13],[96,51]],[[99,63],[1,0]]]},
"G372": {"type": "Matrix2x2", "payoffs": [[[19,24],[17,88]],[[22,92],[0,0]]]},
"G373": {"type": "Matrix2x2", "payoffs": [[[6,3],[36,75]],[[54,84],[0,0]]]},
"G374": {"type": "Matrix2x2", "payoffs": [[[0,0],[27,28]],[[8,20],[52,34]]]},
"G375": {"type": "Matrix2x2", "payoffs": [[[27,0],[35,13]],[[52,31],[0,6]]]},
"G376": {"type": "Matrix2x2", "payoffs": [[[57,0],[0,85]],[[72,27],[94,91]]]},
"G377": {"type": "Matrix2x2", "payoffs": [[[32,0],[50,21]],[[0,28],[100,65]]]},
"G378": {"type": "Matrix2x2", "payoffs": [[[63,14],[59,0]],[[0,4],[17,1]]]},
"G379": {"type": "Matrix2x2", "payoffs": [[[67,23],[0,12]],[[76,86],[56,0]]]},
"G380": {"type": "Matrix2x2", "payoffs": [[[31,32],[8,0]],[[0,49],[38,53]]]},
"G381": {"type": "Matrix2x2", "payoffs": [[[0,0],[11,6]],[[3,12],[14,19]]]},
"G382": {"type": "Matrix2x2", "payoffs": [[[70,9],[25,0]],[[75,12],[0,11]]]},
"G383": {"type": "Matrix2x2", "payoffs": [[[11,16],[25,20]],[[0,0],[13,9]]]},
"G384": {"type": "Matrix2x2", "payoffs": [[[39,16],[0,7]],[[28,0],[4,12]]]},
"G385": {"type": "Matrix2x2", "payoffs": [[[9,50],[7,52]],[[0,0],[25,53]]]},
"G386": {"type": "Matrix2x2", "payoffs": [[[26,73],[0,22]],[[8,63],[7,0]]]},
"G387": {"type": "Matrix2x2", "payoffs": [[[17,0],[53,81]],[[16,54],[0,36]]]},
"G388": {"type": "Matrix2x2", "payoffs": [[[1,0],[7,21]],[[16,96],[0,55]]]},
"G389": {"type": "Matrix2x2", "payoffs": [[[11,9],[17,76]],[[12,0],[0,67]]]},
"G390": {"type": "Matrix2x2", "payoffs": [[[0,0],[3,24]],[[34,45],[15,30]]]},
"G391": {"type": "Matrix2x2", "payoffs": [[[0,0],[48,10]],[[43,2],[30,6]]]},
"G392": {"type": "Matrix2x2", "payoffs": [[[68,19],[82,85]],[[0,23],[6,0]]]},
"G393": {"type": "Matrix2x2", "payoffs": [[[27,30],[44,31]],[[32,27],[0,0]]]},
"G394": {"type": "Matrix2x2", "payoffs": [[[1,0],[51,26]],[[25,18],[0,13]]]},
"G395": {"type": "Matrix2x2", "payoffs": [[[37,9],[91,61]],[[0,13],[8,0]]]},
"G396": {"type": "Matrix2x2", "payoffs": [[[3,5],[0,38]],[[17,100],[2,0]]]},
"G397": {"type": "Matrix2x2", "payoffs": [[[47,0],[3,5]],[[98,23],[0,11]]]},
"G398": {"type": "Matrix2x2", "payoffs": [[[2,38],[9,93]],[[5,0],[0,1]]]},
"G399": {"type": "Matrix2x2", "payoffs": [[[20,64],[78,91]],[[5,0],[0,78]]]},
"G400": {"type": "Matrix2x2", "payoffs": [[[6,8],[0,16]],[[36,0],[38,38]]]},
"G401": {"type": "Matrix2x2", "payoffs": [[[81,69],[42,0]],[[30,64],[0,10]]]},
"G402": {"type": "Matrix2x2", "payoffs": [[[0,68],[9,35]],[[25,99],[16,0]]]},
"G403": {"type": "Matrix2x2", "payoffs": [[[39,0],[0,23]],[[67,26],[83,39]]]},
"G404": {"type": "Matrix2x2", "payoffs": [[[47,0],[0,31]],[[83,48],[56,21]]]},
"G405": {"type": "Matrix2x2", "payoffs": [[[0,33],[39,16]],[[71,0],[79,78]]]},
"G406": {"type": "Matrix2x2", "payoffs": [[[0,0],[43,2]],[[70,7],[83,9]]]},
"G407": {"type": "Matrix2x2", "payoffs": [[[6,0],[0,73]],[[13,91],[12,81]]]},
"G408": {"type": "Matrix2x2", "payoffs": [[[7,14],[20,26]],[[1,0],[0,4]]]},
"G409": {"type": "Matrix2x2", "payoffs": [[[69,14],[44,0]],[[0,4],[16,3]]]},
"G410": {"type": "Matrix2x2", "payoffs": [[[13,0],[4,11]],[[16,18],[0,14]]]},
"G411": {"type": "Matrix2x2", "payoffs": [[[52,33],[60,69]],[[31,0],[0,15]]]},
"G412": {"type": "Matrix2x2", "payoffs": [[[5,61],[0,0]],[[28,24],[59,99]]]},
"G413": {"type": "Matrix2x2", "payoffs": [[[22,11],[0,0]],[[18,1],[91,14]]]},
"G414": {"type": "Matrix2x2", "payoffs": [[[77,7],[96,0]],[[97,23],[0,18]]]},
"G415": {"type": "Matrix2x2", "payoffs": [[[56,61],[40,0]],[[15,22],[0,24]]]},
"G416": {"type": "Matrix2x2", "payoffs": [[[20,0],[86,58]],[[0,5],[9,38]]]},
"G417": {"type": "Matrix2x2", "payoffs": [[[78,65],[69,49]],[[0,0],[48,46]]]},
"G418": {"type": "Matrix2x2", "payoffs": [[[6,72],[5,0]],[[0,10],[10,88]]]},
"G419": {"type": "Matrix2x2", "payoffs": [[[42,27],[62,61]],[[0,3],[28,0]]]},
"G420": {"type": "Matrix2x2", "payoffs": [[[26,3],[64,4]],[[73,14],[0,0]]]},
"G421": {"type": "Matrix2x2", "payoffs": [[[0,27],[45,30]],[[28,0],[32,6]]]},
"G422": {"type": "Matrix2x2", "payoffs": [[[17,89],[5,0]],[[36,97],[0,88]]]},
"G423": {"type": "Matrix2x2", "payoffs": [[[13,0],[25,11]],[[0,7],[16,9]]]},
"G424": {"type": "Matrix2x2", "payoffs": [[[9,47],[0,0]],[[4,40],[6,25]]]},
"G425": {"type": "Matrix2x2", "payoffs": [[[62,0],[28,18]],[[69,85],[0,65]]]},
"G426": {"type": "Matrix2x2", "payoffs": [[[44,0],[0,13]],[[58,25],[9,16]]]},
"G427": {"type": "Matrix2x2", "payoffs": [[[72,0],[0,1]],[[80,60],[97,95]]]},
"G428": {"type": "Matrix2x2", "payoffs": [[[0,0],[68,49]],[[78,51],[44,6]]]},
"G429": {"type": "Matrix2x2", "payoffs": [[[8,0],[12,44]],[[25,95],[0,6]]]},
"G430": {"type": "Matrix2x2", "payoffs": [[[99,11],[56,1]],[[0,2],[67,0]]]},
"G431": {"type": "Matrix2x2", "payoffs": [[[24,0],[39,85]],[[31,13],[0,48]]]},
"G432": {"type": "Matrix2x2", "payoffs": [[[71,50],[0,28]],[[7,0],[21,6]]]},
"G433": {"type": "Matrix2x2", "payoffs": [[[13,0],[32,24]],[[0,19],[25,12]]]},
"G434": {"type": "Matrix2x2", "payoffs": [[[3,99],[0,16]],[[2,55],[1,0]]]},
"G435": {"type": "Matrix2x2", "payoffs": [[[0,0],[66,19]],[[35,2],[92,40]]]},
"G436": {"type": "Matrix2x2", "payoffs": [[[21,30],[68,47]],[[0,0],[62,15]]]},
"G437": {"type": "Matrix2x2", "payoffs": [[[0,27],[13,81]],[[1,8],[10,0]]]},
"G438": {"type": "Matrix2x2", "payoffs": [[[3,6],[0,3]],[[45,7],[35,0]]]},
"G439": {"type": "Matrix2x2", "payoffs": [[[6,4],[0,9]],[[10,0],[15,11]]]},
"G440": {"type": "Matrix2x2", "payoffs": [[[19,0],[53,20]],[[0,44],[82,49]]]},
"G441": {"type": "Matrix2x2", "payoffs": [[[11,8],[6,24]],[[0,0],[16,44]]]},
"G442": {"type": "Matrix2x2", "payoffs": [[[13,14],[0,0]],[[40,11],[73,57]]]},
"G443": {"type": "Matrix2x2", "payoffs": [[[53,1],[74,5]],[[0,0],[55,4]]]},
"G444": {"type": "Matrix2x2", "payoffs": [[[24,93],[22,53]],[[13,0],[0,79]]]},
"G445": {"type": "Matrix2x2", "payoffs": [[[61,45],[27,41]],[[47,0],[0,15]]]},
"G446": {"type": "Matrix2x2", "payoffs": [[[67,87],[78,91]],[[0,0],[75,15]]]},
"G447": {"type": "Matrix2x2", "payoffs": [[[23,11],[37,8]],[[42,19],[0,0]]]},
"G448": {"type": "Matrix2x2", "payoffs": [[[100,24],[68,4]],[[59,20],[0,0]]]},
"G449": {"type": "Matrix2x2", "payoffs": [[[29,38],[77,56]],[[0,0],[39,7]]]},
"G450": {"type": "Matrix2x2", "payoffs": [[[0,90],[19,0]],[[5,82],[53,100]]]},
"G451": {"type": "Matrix2x2", "payoffs": [[[43,38],[35,27]],[[0,0],[5,33]]]},
"G452": {"type": "Matrix2x2", "payoffs": [[[52,51],[36,44]],[[31,46],[0,0]]]},
"G453": {"type": "Matrix2x2", "payoffs": [[[21,0],[43,72]],[[0,17],[36,51]]]},
"G454": {"type": "Matrix2x2", "payoffs": [[[0,8],[73,0]],[[92,38],[16,2]]]},
"G455": {"type": "Matrix2x2", "payoffs": [[[0,73],[23,66]],[[40,87],[10,0]]]},
"G456": {"type": "Matrix2x2", "payoffs": [[[67,0],[0,25]],[[61,12],[96,31]]]},
"G457": {"type": "Matrix2x2", "payoffs": [[[0,0],[92,15]],[[91,4],[23,13]]]},
"G458": {"type": "Matrix2x2", "payoffs": [[[68,0],[0,4]],[[73,12],[1,11]]]},
"G459": {"type": "Matrix2x2", "payoffs": [[[67,90],[45,38]],[[52,10],[0,0]]]},
"G460": {"type": "Matrix2x2", "payoffs": [[[34,0],[42,49]],[[0,4],[21,38]]]},
"G461": {"type": "Matrix2x2", "payoffs": [[[0,52],[60,67]],[[5,0],[82,97]]]},
"G462": {"type": "Matrix2x2", "payoffs": [[[46,80],[29,0]],[[0,7],[41,12]]]},
"G463": {"type": "Matrix2x2", "payoffs": [[[0,0],[9,15]],[[32,60],[16,45]]]},
"G464": {"type": "Matrix2x2", "payoffs": [[[18,0],[19,50]],[[30,59],[0,51]]]},
"G465": {"type": "Matrix2x2", "payoffs": [[[0,0],[26,3]],[[32,5],[55,7]]]},
"G466": {"type": "Matrix2x2", "payoffs": [[[97,82],[54,3]],[[0,0],[3,18]]]},
"G467": {"type": "Matrix2x2", "payoffs": [[[0,0],[30,32]],[[10,29],[98,81]]]},
"G468": {"type": "Matrix2x2", "payoffs": [[[0,0],[14,33]],[[9,20],[12,11]]]},
"G469": {"type": "Matrix2x2", "payoffs": [[[0,87],[3,0]],[[9,90],[5,10]]]},
"G470": {"type": "Matrix2x2", "payoffs": [[[24,96],[0,0]],[[2,78],[11,6]]]},
"G471": {"type": "Matrix2x2", "payoffs": [[[1,0],[3,75]],[[2,8],[0,21]]]},
"G472": {"type": "Matrix2x2", "payoffs": [[[0,0],[31,37]],[[24,11],[10,32]]]},
"G473": {"type": "Matrix2x2", "payoffs": [[[0,3],[82,77]],[[58,0],[1,71]]]},
"G474": {"type": "Matrix2x2", "payoffs": [[[0,20],[90,49]],[[44,0],[89,46]]]},
"G475": {"type": "Matrix2x2", "payoffs": [[[0,24],[28,0]],[[22,8],[40,33]]]},
"G476": {"type": "Matrix2x2", "payoffs": [[[27,36],[30,0]],[[53,69],[0,4]]]},
"G477": {"type": "Matrix2x2", "payoffs": [[[14,6],[39,10]],[[0,0],[72,19]]]},
"G478": {"type": "Matrix2x2", "payoffs": [[[92,4],[0,27]],[[100,73],[19,0]]]},
"G479": {"type": "Matrix2x2", "payoffs": [[[19,92],[0,24]],[[14,25],[5,0]]]},
"G480": {"type": "Matrix2x2", "payoffs": [[[0,0],[97,4]],[[72,1],[91,3]]]},
"G481": {"type": "Matrix2x2", "payoffs": [[[30,12],[45,18]],[[0,0],[6,14]]]},
"G482": {"type": "Matrix2x2", "payoffs": [[[0,0],[24,2]],[[41,7],[46,9]]]},
"G483": {"type": "Matrix2x2", "payoffs": [[[0,0],[22,17]],[[11,10],[40,25]]]},
"G484": {"type": "Matrix2x2", "payoffs": [[[49,90],[60,91]],[[19,0],[0,1]]]},
"G485": {"type": "Matrix2x2", "payoffs": [[[0,0],[29,26]],[[45,32],[33,5]]]},
"G486": {"type": "Matrix2x2", "payoffs": [[[73,70],[42,9]],[[50,0],[0,15]]]},
"G487": {"type": "Matrix2x2", "payoffs": [[[8,0],[60,64]],[[55,27],[0,38]]]},
"G488": {"type": "Matrix2x2", "payoffs": [[[1,0],[3,3]],[[4,76],[0,61]]]},
"G489": {"type": "Matrix2x2", "payoffs": [[[0,0],[79,17]],[[53,15],[12,3]]]},
"G490": {"type": "Matrix2x2", "payoffs": [[[34,25],[56,32]],[[3,8],[0,0]]]},
"G491": {"type": "Matrix2x2", "payoffs": [[[44,64],[14,1]],[[17,0],[0,39]]]},
"G492": {"type": "Matrix2x2", "payoffs": [[[5,2],[0,0]],[[15,36],[14,30]]]},
"G493": {"type": "Matrix2x2", "payoffs": [[[0,43],[19,12]],[[68,91],[48,0]]]},
"G494": {"type": "Matrix2x2", "payoffs": [[[0,20],[6,0]],[[7,56],[5,37]]]},
"G495": {"type": "Matrix2x2", "payoffs": [[[85,42],[77,25]],[[0,17],[45,0]]]},
"G496": {"type": "Matrix2x2", "payoffs": [[[77,64],[0,51]],[[17,0],[5,20]]]},
"G497": {"type": "Matrix2x2", "payoffs": [[[0,8],[50,0]],[[54,14],[14,7]]]},
"G498": {"type": "Matrix2x2", "payoffs": [[[75,0],[0,2]],[[61,9],[89,14]]]},
"G499": {"type": "Matrix2x2", "payoffs": [[[39,12],[41,34]],[[40,26],[0,0]]]},
"G500": {"type": "Matrix2x2", "payoffs": [[[0,0],[28,26]],[[5,15],[19,6]]]},
"G501": {"type": "Matrix2x2", "payoffs": [[[20,0],[47,1]],[[0,8],[50,22]]]},
"G502": {"type": "Matrix2x2", "payoffs": [[[66,3],[0,0]],[[70,5],[21,1]]]},
"G503": {"type": "Matrix2x2", "payoffs": [[[0,3],[21,0]],[[10,2],[76,9]]]},
"G504": {"type": "Matrix2x2", "payoffs": [[[12,8],[36,76]],[[0,53],[4,0]]]},
"G505": {"type": "Matrix2x2", "payoffs": [[[11,0],[0,8]],[[89,11],[33,6]]]},
"G506": {"type": "Matrix2x2", "payoffs": [[[0,0],[40,16]],[[28,2],[1,4]]]},
"G507": {"type": "Matrix2x2", "payoffs": [[[76,36],[0,22]],[[33,0],[5,19]]]},
"G508": {"type": "Matrix2x2", "payoffs": [[[0,0],[37,21]],[[65,36],[44,29]]]},
"G509": {"type": "Matrix2x2", "payoffs": [[[0,1],[11,0]],[[28,12],[35,23]]]},
"G510": {"type": "Matrix2x2", "payoffs": [[[2,0],[0,13]],[[3,14],[1,2]]]},
"G511": {"type": "Matrix2x2", "payoffs": [[[0,0],[1,22]],[[45,93],[9,29]]]},
"G512": {"type": "Matrix2x2", "payoffs": [[[0,0],[42,47]],[[72,63],[31,58]]]},
"G513": {"type": "Matrix2x2", "payoffs": [[[0,0],[37,1]],[[39,68],[31,48]]]},
"G514": {"type": "Matrix2x2", "payoffs": [[[0,0],[56,70]],[[91,73],[49,20]]]},
"G515": {"type": "Matrix2x2", "payoffs": [[[5,10],[44,17]],[[0,6],[4,0]]]},
"G516": {"type": "Matrix2x2", "payoffs": [[[51,0],[0,12]],[[93,28],[80,5]]]},
"G517": {"type": "Matrix2x2", "payoffs": [[[5,20],[0,0]],[[13,50],[1,18]]]},
"G518": {"type": "Matrix2x2", "payoffs": [[[6,72],[4,34]],[[10,87],[0,0]]]},
"G519": {"type": "Matrix2x2", "payoffs": [[[22,2],[0,0]],[[9,51],[32,61]]]},
"G520": {"type": "Matrix2x2", "payoffs": [[[11,0],[12,35]],[[16,50],[0,26]]]},
"G521": {"type": "Matrix2x2", "payoffs": [[[8,19],[10,20]],[[0,17],[9,0]]]},
"G522": {"type": "Matrix2x2", "payoffs": [[[0,0],[5,84]],[[3,74],[1,20]]]},
"G523": {"type": "Matrix2x2", "payoffs": [[[0,4],[35,95]],[[13,0],[16,3]]]},
"G524": {"type": "Matrix2x2", "payoffs": [[[12,0],[30,10]],[[85,32],[0,8]]]},
"G525": {"type": "Matrix2x2", "payoffs": [[[5,3],[96,4]],[[12,0],[0,2]]]},
"G526": {"type": "Matrix2x2", "payoffs": [[[18,0],[32,65]],[[45,73],[0,32]]]},
"G527": {"type": "Matrix2x2", "payoffs": [[[51,0],[60,31]],[[0,36],[64,48]]]},
"G528": {"type": "Matrix2x2", "payoffs": [[[19,36],[16,8]],[[0,16],[8,0]]]},
"G529": {"type": "Matrix2x2", "payoffs": [[[36,50],[82,100]],[[3,0],[0,35]]]},
"G530": {"type": "Matrix2x2", "payoffs": [[[30,72],[22,0]],[[4,66],[0,26]]]},
"G531": {"type": "Matrix2x2", "payoffs": [[[6,28],[0,37]],[[73,55],[36,0]]]},
"G532": {"type": "Matrix2x2", "payoffs": [[[10,4],[0,6]],[[9,0],[26,22]]]},
"G533": {"type": "Matrix2x2", "payoffs": [[[0,60],[68,71]],[[59,56],[10,0]]]},
"G534": {"type": "Matrix2x2", "payoffs": [[[15,24],[22,44]],[[0,0],[1,5]]]},
"G535": {"type": "Matrix2x2", "payoffs": [[[82,8],[46,6]],[[14,2],[0,0]]]},
"G536": {"type": "Matrix2x2", "payoffs": [[[59,0],[38,11]],[[0,8],[89,86]]]},
"G537": {"type": "Matrix2x2", "payoffs": [[[0,4],[1,2]],[[8,0],[24,13]]]},
"G538": {"type": "Matrix2x2", "payoffs": [[[0,17],[74,66]],[[37,0],[5,8]]]},
"G539": {"type": "Matrix2x2", "payoffs": [[[3,0],[0,1]],[[8,22],[5,5]]]},
"G540": {"type": "Matrix2x2", "payoffs": [[[0,0],[13,33]],[[8,10],[26,46]]]},
"G541": {"type": "Matrix2x2", "payoffs": [[[1,0],[19,62]],[[11,18],[0,37]]]},
"G542": {"type": "Matrix2x2", "payoffs": [[[9,12],[43,51]],[[0,34],[37,0]]]},
"G543": {"type": "Matrix2x2", "payoffs": [[[17,0],[13,18]],[[42,19],[0,17]]]},
"G544": {"type": "Matrix2x2", "payoffs": [[[44,0],[16,23]],[[76,50],[0,7]]]},
"G545": {"type": "Matrix2x2", "payoffs": [[[1,0],[0,10]],[[8,11],[9,13]]]},
"G546": {"type": "Matrix2x2", "payoffs": [[[12,15],[8,0]],[[0,17],[34,48]]]},
"G547": {"type": "Matrix2x2", "payoffs": [[[85,40],[25,6]],[[0,19],[30,0]]]},
"G548": {"type": "Matrix2x2", "payoffs": [[[42,47],[0,9]],[[17,0],[3,32]]]},
"G549": {"type": "Matrix2x2", "payoffs": [[[35,11],[0,0]],[[46,12],[90,79]]]},
"G550": {"type": "Matrix2x2", "payoffs": [[[81,41],[0,12]],[[59,0],[83,57]]]},
"G551": {"type": "Matrix2x2", "payoffs": [[[0,0],[22,37]],[[59,50],[77,58]]]},
"G552": {"type": "Matrix2x2", "payoffs": [[[0,13],[27,0]],[[51,23],[2,15]]]},
"G553": {"type": "Matrix2x2", "payoffs": [[[47,24],[40,0]],[[0,13],[60,44]]]},
"G554": {"type": "Matrix2x2", "payoffs": [[[7,0],[36,21]],[[0,16],[5,9]]]},
"G555": {"type": "Matrix2x2", "payoffs": [[[4,0],[67,14]],[[68,30],[0,5]]]},
"G556": {"type": "Matrix2x2", "payoffs": [[[35,14],[0,6]],[[92,22],[36,0]]]},
"G557": {"type": "Matrix2x2", "payoffs": [[[8,88],[2,74]],[[0,79],[1,0]]]},
"G558": {"type": "Matrix2x2", "payoffs": [[[4,0],[14,54]],[[0,20],[18,76]]]},
"G559": {"type": "Matrix2x2", "payoffs": [[[0,28],[68,52]],[[20,0],[60,13]]]},
"G560": {"type": "Matrix2x2", "payoffs": [[[12,19],[0,0]],[[24,39],[80,61]]]},
"G561": {"type": "Matrix2x2", "payoffs": [[[0,28],[30,37]],[[63,42],[20,0]]]},
"G562": {"type": "Matrix2x2", "payoffs": [[[0,1],[35,10]],[[26,0],[24,8]]]},
"G563": {"type": "Matrix2x2", "payoffs": [[[55,22],[0,9]],[[9,0],[22,14]]]},
"G564": {"type": "Matrix2x2", "payoffs": [[[15,0],[0,93]],[[34,33],[45,94]]]},
"G565": {"type": "Matrix2x2", "payoffs": [[[46,34],[0,41]],[[15,0],[68,55]]]},
"G566": {"type": "Matrix2x2", "payoffs": [[[15,74],[2,70]],[[0,0],[12,24]]]},
"G567": {"type": "Matrix2x2", "payoffs": [[[0,32],[48,21]],[[85,74],[52,0]]]},
"G568": {"type": "Matrix2x2", "payoffs": [[[21,0],[47,9]],[[0,3],[73,18]]]},
"G569": {"type": "Matrix2x2", "payoffs": [[[6,0],[3,23]],[[13,39],[0,14]]]},
"G570": {"type": "Matrix2x2", "payoffs": [[[37,7],[16,0]],[[0,14],[49,19]]]},
"G571": {"type": "Matrix2x2", "payoffs": [[[0,0],[53,12]],[[88,45],[50,36]]]},
"G572": {"type": "Matrix2x2", "payoffs": [[[70,29],[0,0]],[[41,20],[61,17]]]},
"G573": {"type": "Matrix2x2", "payoffs": [[[25,77],[0,38]],[[26,0],[45,81]]]},
"G574": {"type": "Matrix2x2", "payoffs": [[[15,86],[0,45]],[[37,98],[28,0]]]},
"G575": {"type": "Matrix2x2", "payoffs": [[[0,0],[25,64]],[[28,90],[13,47]]]},
"G576": {"type": "Matrix2x2", "payoffs": [[[24,18],[0,0]],[[66,23],[88,28]]]},
"G577": {"type": "Matrix2x2", "payoffs": [[[26,59],[23,0]],[[0,22],[29,92]]]},
"G578": {"type": "Matrix2x2", "payoffs": [[[0,29],[10,88]],[[6,0],[3,70]]]},
"G579": {"type": "Matrix2x2", "payoffs": [[[0,29],[28,62]],[[24,0],[21,8]]]},
"G580": {"type": "Matrix2x2", "payoffs": [[[1,0],[3,13]],[[5,14],[0,10]]]},
"G581": {"type": "Matrix2x2", "payoffs": [[[7,4],[0,0]],[[17,6],[5,2]]]},
"G582": {"type": "Matrix2x2", "payoffs": [[[1,25],[33,80]],[[0,0],[3,54]]]},
"G583": {"type": "Matrix2x2", "payoffs": [[[0,6],[29,9]],[[35,38],[27,0]]]},
"G584": {"type": "Matrix2x2", "payoffs": [[[73,80],[34,68]],[[0,30],[25,0]]]},
"G585": {"type": "Matrix2x2", "payoffs": [[[6,91],[1,64]],[[0,77],[3,0]]]},
"G586": {"type": "Matrix2x2", "payoffs": [[[0,6],[25,0]],[[35,58],[28,54]]]},
"G587": {"type": "Matrix2x2", "payoffs": [[[25,0],[0,23]],[[45,34],[9,1]]]},
"G588": {"type": "Matrix2x2", "payoffs": [[[28,9],[32,26]],[[0,11],[10,0]]]},
"G589": {"type": "Matrix2x2", "payoffs": [[[31,21],[0,0]],[[63,8],[72,27]]]},
"G590": {"type": "Matrix2x2", "payoffs": [[[0,0],[22,56]],[[7,2],[10,17]]]},
"G591": {"type": "Matrix2x2", "payoffs": [[[3,4],[14,40]],[[0,2],[1,0]]]},
"G592": {"type": "Matrix2x2", "payoffs": [[[50,0],[35,17]],[[59,21],[0,5]]]},
"G593": {"type": "Matrix2x2", "payoffs": [[[12,96],[9,43]],[[3,10],[0,0]]]},
"G594": {"type": "Matrix2x2", "payoffs": [[[7,62],[0,28]],[[5,24],[3,0]]]},
"G595": {"type": "Matrix2x2", "payoffs": [[[34,39],[6,64]],[[0,0],[93,72]]]},
"G596": {"type": "Matrix2x2", "payoffs": [[[0,38],[33,0]],[[56,39],[37,23]]]},
"G597": {"type": "Matrix2x2", "payoffs": [[[86,20],[99,30]],[[0,0],[67,26]]]},
"G598": {"type": "Matrix2x2", "payoffs": [[[75,5],[9,0]],[[0,4],[57,2]]]},
"G599": {"type": "Matrix2x2", "payoffs": [[[24,2],[36,0]],[[72,81],[0,51]]]},
"G600": {"type": "Matrix2x2", "payoffs": [[[19,60],[79,99]],[[0,48],[15,0]]]},
"G601": {"type": "Matrix2x2", "payoffs": [[[46,66],[0,0]],[[11,90],[81,99]]]},
"G602": {"type": "Matrix2x2", "payoffs": [[[0,58],[47,39]],[[42,0],[62,68]]]},
"G603": {"type": "Matrix2x2", "payoffs": [[[67,32],[0,0]],[[39,9],[55,16]]]},
"G604": {"type": "Matrix2x2", "payoffs": [[[14,24],[49,90]],[[34,0],[0,4]]]},
"G605": {"type": "Matrix2x2", "payoffs": [[[0,12],[25,72]],[[35,0],[66,84]]]},
"G606": {"type": "Matrix2x2", "payoffs": [[[0,56],[20,0]],[[21,35],[54,83]]]},
"G607": {"type": "Matrix2x2", "payoffs": [[[0,17],[79,0]],[[85,35],[21,34]]]},
"G608": {"type": "Matrix2x2", "payoffs": [[[82,26],[27,12]],[[20,0],[0,5]]]},
"G609": {"type": "Matrix2x2", "payoffs": [[[16,72],[2,0]],[[23,79],[0,26]]]},
"G610": {"type": "Matrix2x2", "payoffs": [[[0,12],[8,10]],[[14,0],[21,19]]]},
"G611": {"type": "Matrix2x2", "payoffs": [[[26,34],[7,29]],[[25,0],[0,2]]]},
"G612": {"type": "Matrix2x2", "payoffs": [[[72,76],[42,11]],[[0,26],[8,0]]]},
"G613": {"type": "Matrix2x2", "payoffs": [[[21,0],[0,6]],[[86,15],[85,4]]]},
"G614": {"type": "Matrix2x2", "payoffs": [[[23,1],[46,0]],[[0,4],[78,16]]]},
"G615": {"type": "Matrix2x2", "payoffs": [[[50,49],[0,26]],[[8,0],[19,48]]]},
"G616": {"type": "Matrix2x2", "payoffs": [[[1,40],[0,0]],[[8,25],[31,71]]]},
"G617": {"type": "Matrix2x2", "payoffs": [[[35,74],[28,0]],[[6,4],[0,44]]]},
"G618": {"type": "Matrix2x2", "payoffs": [[[56,76],[32,43]],[[46,0],[0,72]]]},
"G619": {"type": "Matrix2x2", "payoffs": [[[97,18],[0,0]],[[85,2],[14,5]]]},
"G620": {"type": "Matrix2x2", "payoffs": [[[16,20],[11,0]],[[2,10],[0,11]]]},
"G621": {"type": "Matrix2x2", "payoffs": [[[17,0],[59,56]],[[20,9],[0,38]]]},
"G622": {"type": "Matrix2x2", "payoffs": [[[21,76],[9,46]],[[8,0],[0,4]]]},
"G623": {"type": "Matrix2x2", "payoffs": [[[0,6],[84,13]],[[21,11],[8,0]]]},
"G624": {"type": "Matrix2x2", "payoffs": [[[38,0],[82,26]],[[79,18],[0,5]]]},
"G625": {"type": "Matrix2x2", "payoffs": [[[26,83],[0,73]],[[16,23],[8,0]]]},
"G626": {"type": "Matrix2x2", "payoffs": [[[0,36],[78,62]],[[63,0],[40,20]]]},
"G627": {"type": "Matrix2x2", "payoffs": [[[96,45],[0,0]],[[29,38],[35,13]]]},
"G628": {"type": "Matrix2x2", "payoffs": [[[63,56],[0,11]],[[29,0],[99,64]]]},
"G629": {"type": "Matrix2x2", "payoffs": [[[0,35],[24,0]],[[78,36],[44,5]]]},
"G630": {"type": "Matrix2x2", "payoffs": [[[2,0],[3,54]],[[0,13],[5,66]]]},
"G631": {"type": "Matrix2x2", "payoffs": [[[0,22],[49,0]],[[44,17],[60,52]]]},
"G632": {"type": "Matrix2x2", "payoffs": [[[10,0],[48,3]],[[0,59],[92,66]]]},
"G633": {"type": "Matrix2x2", "payoffs": [[[11,53],[10,0]],[[6,47],[0,37]]]},
"G634": {"type": "Matrix2x2", "payoffs": [[[8,81],[5,61]],[[4,79],[0,0]]]},
"G635": {"type": "Matrix2x2", "payoffs": [[[82,37],[56,12]],[[0,0],[43,32]]]},
"G636": {"type": "Matrix2x2", "payoffs": [[[0,45],[31,56]],[[77,0],[90,93]]]},
"G637": {"type": "Matrix2x2", "payoffs": [[[0,0],[50,43]],[[98,61],[17,58]]]},
"G638": {"type": "Matrix2x2", "payoffs": [[[0,0],[80,25]],[[70,9],[13,8]]]},
"G639": {"type": "Matrix2x2", "payoffs": [[[57,8],[0,6]],[[35,7],[6,0]]]},
"G640": {"type": "Matrix2x2", "payoffs": [[[62,35],[11,0]],[[0,25],[40,13]]]},
"G641": {"type": "Matrix2x2", "payoffs": [[[0,0],[48,26]],[[87,59],[78,22]]]},
"G642": {"type": "Matrix2x2", "payoffs": [[[8,0],[26,70]],[[7,2],[0,21]]]},
"G643": {"type": "Matrix2x2", "payoffs": [[[10,79],[11,90]],[[0,44],[9,0]]]},
"G644": {"type": "Matrix2x2", "payoffs": [[[64,86],[0,74]],[[26,45],[46,0]]]},
"G645": {"type": "Matrix2x2", "payoffs": [[[2,9],[71,6]],[[0,0],[98,17]]]},
"G646": {"type": "Matrix2x2", "payoffs": [[[22,34],[75,41]],[[0,15],[47,0]]]},
"G647": {"type": "Matrix2x2", "payoffs": [[[5,12],[7,28]],[[0,0],[1,9]]]},
"G648": {"type": "Matrix2x2", "payoffs": [[[0,6],[9,1]],[[4,0],[28,9]]]},
"G649": {"type": "Matrix2x2", "payoffs": [[[59,38],[39,7]],[[0,17],[56,0]]]},
"G650": {"type": "Matrix2x2", "payoffs": [[[25,0],[20,59]],[[31,84],[0,23]]]},
"G651": {"type": "Matrix2x2", "payoffs": [[[0,0],[2,1]],[[7,4],[4,3]]]},
"G652": {"type": "Matrix2x2", "payoffs": [[[0,9],[95,0]],[[97,92],[33,34]]]},
"G653": {"type": "Matrix2x2", "payoffs": [[[57,0],[72,37]],[[66,13],[0,20]]]},
"G654": {"type": "Matrix2x2", "payoffs": [[[0,2],[68,0]],[[71,22],[28,14]]]},
"G655": {"type": "Matrix2x2", "payoffs": [[[7,83],[6,71]],[[0,0],[15,93]]]},
"G656": {"type": "Matrix2x2", "payoffs": [[[2,0],[1,61]],[[0,13],[3,63]]]},
"G657": {"type": "Matrix2x2", "payoffs": [[[9,38],[0,8]],[[8,0],[3,1]]]},
"G658": {"type": "Matrix2x2", "payoffs": [[[1,48],[0,54]],[[18,57],[7,0]]]},
"G659": {"type": "Matrix2x2", "payoffs": [[[27,23],[10,0]],[[0,51],[28,66]]]},
"G660": {"type": "Matrix2x2", "payoffs": [[[36,54],[23,33]],[[0,49],[32,0]]]},
"G661": {"type": "Matrix2x2", "payoffs": [[[15,48],[2,35]],[[7,15],[0,0]]]},
"G662": {"type": "Matrix2x2", "payoffs": [[[0,18],[10,30]],[[2,0],[5,25]]]},
"G663": {"type": "Matrix2x2", "payoffs": [[[36,80],[5,67]],[[0,0],[16,76]]]},
"G664": {"type": "Matrix2x2", "payoffs": [[[26,68],[74,4]],[[0,0],[97,69]]]},
"G665": {"type": "Matrix2x2", "payoffs": [[[32,66],[0,6]],[[12,22],[18,0]]]},
"G666": {"type": "Matrix2x2", "payoffs": [[[36,10],[47,15]],[[44,0],[0,6]]]},
"G667": {"type": "Matrix2x2", "payoffs": [[[53,59],[0,33]],[[93,60],[86,0]]]},
"G668": {"type": "Matrix2x2", "payoffs": [[[30,0],[0,58]],[[91,83],[17,47]]]},
"G669": {"type": "Matrix2x2", "payoffs": [[[11,32],[0,22]],[[59,0],[75,35]]]},
"G670": {"type": "Matrix2x2", "payoffs": [[[92,87],[11,0]],[[0,28],[40,5]]]},
"G671": {"type": "Matrix2x2", "payoffs": [[[20,30],[0,3]],[[17,0],[28,61]]]},
"G672": {"type": "Matrix2x2", "payoffs": [[[0,27],[34,0]],[[39,20],[56,97]]]},
"G673": {"type": "Matrix2x2", "payoffs": [[[6,9],[0,0]],[[9,22],[1,16]]]},
"G674": {"type": "Matrix2x2", "payoffs": [[[0,0],[12,14]],[[16,17],[42,25]]]},
"G675": {"type": "Matrix2x2", "payoffs": [[[2,0],[24,70]],[[0,12],[6,21]]]},
"G676": {"type": "Matrix2x2", "payoffs": [[[17,31],[4,0]],[[0,3],[2,6]]]},
"G677": {"type": "Matrix2x2", "payoffs": [[[39,0],[31,21]],[[98,33],[0,16]]]},
"G678": {"type": "Matrix2x2", "payoffs": [[[15,9],[20,0]],[[0,52],[24,81]]]},
"G679": {"type": "Matrix2x2", "payoffs": [[[68,0],[43,24]],[[90,58],[0,52]]]},
"G680": {"type": "Matrix2x2", "payoffs": [[[42,90],[7,24]],[[0,80],[18,0]]]},
"G681": {"type": "Matrix2x2", "payoffs": [[[13,12],[35,31]],[[9,0],[0,23]]]},
"G682": {"type": "Matrix2x2", "payoffs": [[[1,42],[2,0]],[[3,93],[0,13]]]},
"G683": {"type": "Matrix2x2", "payoffs": [[[0,20],[42,42]],[[37,14],[29,0]]]},
"G684": {"type": "Matrix2x2", "payoffs": [[[0,46],[16,0]],[[44,44],[59,87]]]},
"G685": {"type": "Matrix2x2", "payoffs": [[[21,66],[0,16]],[[54,0],[74,74]]]},
"G686": {"type": "Matrix2x2", "payoffs": [[[17,0],[0,8]],[[59,19],[31,11]]]},
"G687": {"type": "Matrix2x2", "payoffs": [[[6,57],[22,0]],[[0,45],[25,63]]]},
"G688": {"type": "Matrix2x2", "payoffs": [[[2,0],[5,77]],[[4,2],[0,70]]]},
"G689": {"type": "Matrix2x2", "payoffs": [[[47,0],[65,46]],[[0,42],[40,12]]]},
"G690": {"type": "Matrix2x2", "payoffs": [[[10,28],[0,0]],[[54,50],[75,51]]]},
"G691": {"type": "Matrix2x2", "payoffs": [[[11,26],[0,23]],[[3,7],[4,0]]]},
"G692": {"type": "Matrix2x2", "payoffs": [[[17,0],[31,24]],[[0,17],[80,41]]]},
"G693": {"type": "Matrix2x2", "payoffs": [[[24,0],[0,43]],[[34,7],[77,51]]]},
"G694": {"type": "Matrix2x2", "payoffs": [[[62,98],[0,5]],[[20,63],[60,0]]]},
"G695": {"type": "Matrix2x2", "payoffs": [[[14,42],[0,45]],[[70,65],[50,0]]]},
"G696": {"type": "Matrix2x2", "payoffs": [[[1,3],[0,12]],[[55,18],[5,0]]]},
"G697": {"type": "Matrix2x2", "payoffs": [[[52,67],[42,47]],[[0,0],[50,7]]]},
"G698": {"type": "Matrix2x2", "payoffs": [[[0,0],[77,33]],[[20,4],[55,8]]]},
"G699": {"type": "Matrix2x2", "payoffs": [[[25,0],[0,31]],[[10,48],[28,61]]]},
"G700": {"type": "Matrix2x2", "payoffs": [[[0,6],[4,0]],[[8,7],[71,8]]]},
"G701": {"type": "Matrix2x2", "payoffs": [[[6,19],[1,17]],[[0,0],[9,43]]]},
"G702": {"type": "Matrix2x2", "payoffs": [[[70,79],[76,89]],[[0,0],[6,5]]]},
"G703": {"type": "Matrix2x2", "payoffs": [[[4,2],[18,1]],[[0,0],[24,3]]]},
"G704": {"type": "Matrix2x2", "payoffs": [[[23,0],[0,17]],[[9,3],[85,24]]]},
"G705": {"type": "Matrix2x2", "payoffs": [[[0,75],[32,24]],[[95,77],[42,0]]]},
"G706": {"type": "Matrix2x2", "payoffs": [[[93,13],[0,5]],[[37,2],[52,0]]]},
"G707": {"type": "Matrix2x2", "payoffs": [[[50,59],[41,0]],[[0,34],[4,7]]]},
"G708": {"type": "Matrix2x2", "payoffs": [[[1,79],[20,93]],[[4,0],[0,54]]]},
"G709": {"type": "Matrix2x2", "payoffs": [[[14,65],[13,46]],[[0,0],[21,77]]]},
"G710": {"type": "Matrix2x2", "payoffs": [[[3,78],[27,55]],[[31,93],[0,0]]]},
"G711": {"type": "Matrix2x2", "payoffs": [[[0,37],[24,43]],[[20,0],[17,8]]]},
"G712": {"type": "Matrix2x2", "payoffs": [[[26,71],[52,81]],[[98,84],[0,0]]]},
"G713": {"type": "Matrix2x2", "payoffs": [[[0,0],[55,24]],[[39,15],[19,1]]]},
"G714": {"type": "Matrix2x2", "payoffs": [[[0,82],[23,0]],[[25,78],[64,85]]]},
"G715": {"type": "Matrix2x2", "payoffs": [[[33,65],[0,0]],[[49,91],[35,12]]]},
"G716": {"type": "Matrix2x2", "payoffs": [[[0,19],[82,20]],[[13,7],[59,0]]]},
"G717": {"type": "Matrix2x2", "payoffs": [[[89,100],[0,40]],[[75,73],[44,0]]]},
"G718": {"type": "Matrix2x2", "payoffs": [[[17,36],[5,0]],[[0,76],[24,77]]]},
"G719": {"type": "Matrix2x2", "payoffs": [[[3,0],[0,48]],[[43,17],[48,66]]]},
"G720": {"type": "Matrix2x2", "payoffs": [[[51,44],[0,18]],[[35,26],[47,0]]]},
"G721": {"type": "Matrix2x2", "payoffs": [[[9,40],[4,0]],[[5,7],[0,16]]]},
"G722": {"type": "Matrix2x2", "payoffs": [[[70,18],[7,0]],[[0,12],[46,17]]]},
"G723": {"type": "Matrix2x2", "payoffs": [[[46,38],[0,20]],[[40,0],[29,19]]]},
"G724": {"type": "Matrix2x2", "payoffs": [[[0,3],[69,67]],[[9,0],[10,16]]]},
"G725": {"type": "Matrix2x2", "payoffs": [[[0,0],[16,1]],[[28,2],[82,3]]]},
"G726": {"type": "Matrix2x2", "payoffs": [[[67,0],[0,25]],[[76,39],[90,57]]]},
"G727": {"type": "Matrix2x2", "payoffs": [[[8,0],[27,30]],[[64,34],[0,15]]]},
"G728": {"type": "Matrix2x2", "payoffs": [[[4,26],[0,0]],[[21,43],[13,7]]]},
"G729": {"type": "Matrix2x2", "payoffs": [[[19,98],[5,43]],[[10,12],[0,0]]]},
"G730": {"type": "Matrix2x2", "payoffs": [[[0,31],[59,10]],[[66,39],[32,0]]]},
"G731": {"type": "Matrix2x2", "payoffs": [[[94,47],[14,0]],[[0,13],[73,5]]]},
"G732": {"type": "Matrix2x2", "payoffs": [[[68,4],[31,11]],[[78,18],[0,0]]]},
"G733": {"type": "Matrix2x2", "payoffs": [[[41,64],[0,0]],[[19,6],[34,44]]]},
"G734": {"type": "Matrix2x2", "payoffs": [[[28,0],[52,3]],[[63,54],[0,27]]]},
"G735": {"type": "Matrix2x2", "payoffs": [[[18,81],[1,25]],[[17,0],[0,6]]]},
"G736": {"type": "Matrix2x2", "payoffs": [[[0,0],[72,26]],[[17,27],[83,39]]]},
"G737": {"type": "Matrix2x2", "payoffs": [[[3,0],[44,47]],[[0,2],[35,6]]]},
"G738": {"type": "Matrix2x2", "payoffs": [[[45,0],[52,45]],[[0,9],[20,3]]]},
"G739": {"type": "Matrix2x2", "payoffs": [[[43,12],[0,3]],[[69,29],[44,0]]]},
"G740": {"type": "Matrix2x2", "payoffs": [[[44,0],[0,4]],[[11,11],[71,18]]]},
"G741": {"type": "Matrix2x2", "payoffs": [[[57,46],[64,81]],[[0,0],[48,20]]]},
"G742": {"type": "Matrix2x2", "payoffs": [[[0,73],[36,20]],[[82,92],[49,0]]]},
"G743": {"type": "Matrix2x2", "payoffs": [[[11,14],[66,0]],[[0,5],[87,76]]]},
"G744": {"type": "Matrix2x2", "payoffs": [[[0,4],[45,0]],[[57,28],[19,1]]]},
"G745": {"type": "Matrix2x2", "payoffs": [[[31,8],[0,0]],[[35,45],[45,50]]]},
"G746": {"type": "Matrix2x2", "payoffs": [[[81,11],[0,0]],[[5,6],[13,1]]]},
"G747": {"type": "Matrix2x2", "payoffs": [[[77,23],[63,0]],[[65,6],[0,3]]]},
"G748": {"type": "Matrix2x2", "payoffs": [[[1,79],[19,92]],[[0,0],[5,63]]]},
"G749": {"type": "Matrix2x2", "payoffs": [[[1,0],[0,5]],[[35,46],[6,16]]]},
"G750": {"type": "Matrix2x2", "payoffs": [[[0,0],[39,17]],[[49,47],[62,100]]]},
"G751": {"type": "Matrix2x2", "payoffs": [[[43,12],[29,9]],[[0,5],[22,0]]]},
"G752": {"type": "Matrix2x2", "payoffs": [[[30,77],[21,0]],[[0,61],[7,56]]]},
"G753": {"type": "Matrix2x2", "payoffs": [[[0,5],[13,0]],[[10,4],[21,8]]]},
"G754": {"type": "Matrix2x2", "payoffs": [[[0,32],[86,25]],[[96,34],[29,0]]]},
"G755": {"type": "Matrix2x2", "payoffs": [[[1,11],[0,0]],[[7,3],[12,12]]]},
"G756": {"type": "Matrix2x2", "payoffs": [[[10,9],[0,0]],[[42,13],[72,16]]]},
"G757": {"type": "Matrix2x2", "payoffs": [[[25,36],[17,30]],[[3,13],[0,0]]]},
"G758": {"type": "Matrix2x2", "payoffs": [[[27,0],[79,44]],[[15,31],[0,35]]]},
"G759": {"type": "Matrix2x2", "payoffs": [[[38,7],[69,14]],[[0,0],[83,28]]]},
"G760": {"type": "Matrix2x2", "payoffs": [[[29,41],[0,20]],[[57,84],[7,0]]]},
"G761": {"type": "Matrix2x2", "payoffs": [[[20,0],[0,30]],[[19,33],[25,37]]]},
"G762": {"type": "Matrix2x2", "payoffs": [[[35,0],[0,31]],[[55,18],[88,40]]]},
"G763": {"type": "Matrix2x2", "payoffs": [[[85,97],[0,0]],[[20,77],[69,44]]]},
"G764": {"type": "Matrix2x2", "payoffs": [[[49,30],[0,28]],[[43,0],[52,31]]]},
"G765": {"type": "Matrix2x2", "payoffs": [[[0,89],[29,94]],[[10,70],[2,0]]]},
"G766": {"type": "Matrix2x2", "payoffs": [[[0,0],[21,31]],[[11,14],[2,26]]]},
"G767": {"type": "Matrix2x2", "payoffs": [[[0,84],[9,98]],[[29,100],[1,0]]]},
"G768": {"type": "Matrix2x2", "payoffs": [[[1,54],[52,16]],[[66,64],[0,0]]]},
"G769": {"type": "Matrix2x2", "payoffs": [[[53,62],[76,77]],[[0,61],[65,0]]]},
"G770": {"type": "Matrix2x2", "payoffs": [[[10,57],[8,39]],[[0,56],[7,0]]]},
"G771": {"type": "Matrix2x2", "payoffs": [[[30,11],[38,50]],[[16,0],[0,39]]]},
"G772": {"type": "Matrix2x2", "payoffs": [[[7,9],[22,0]],[[24,13],[0,10]]]},
"G773": {"type": "Matrix2x2", "payoffs": [[[81,24],[0,11]],[[13,14],[3,0]]]},
"G774": {"type": "Matrix2x2", "payoffs": [[[66,5],[0,3]],[[16,0],[23,2]]]},
"G775": {"type": "Matrix2x2", "payoffs": [[[67,49],[4,42]],[[0,0],[65,24]]]},
"G776": {"type": "Matrix2x2", "payoffs": [[[0,45],[32,0]],[[97,52],[65,8]]]},
"G777": {"type": "Matrix2x2", "payoffs": [[[81,24],[21,21]],[[0,19],[55,0]]]},
"G778": {"type": "Matrix2x2", "payoffs": [[[37,37],[4,0]],[[0,12],[16,24]]]},
"G779": {"type": "Matrix2x2", "payoffs": [[[23,32],[0,1]],[[15,29],[7,0]]]},
"G780": {"type": "Matrix2x2", "payoffs": [[[43,0],[71,100]],[[0,21],[20,28]]]},
"G781": {"type": "Matrix2x2", "payoffs": [[[0,10],[79,11]],[[49,7],[56,0]]]},
"G782": {"type": "Matrix2x2", "payoffs": [[[73,0],[0,26]],[[52,60],[75,71]]]},
"G783": {"type": "Matrix2x2", "payoffs": [[[99,97],[0,54]],[[6,0],[40,56]]]},
"G784": {"type": "Matrix2x2", "payoffs": [[[0,0],[10,27]],[[19,48],[18,43]]]},
"G785": {"type": "Matrix2x2", "payoffs": [[[2,5],[0,0]],[[26,22],[60,26]]]},
"G786": {"type": "Matrix2x2", "payoffs": [[[4,0],[80,52]],[[0,13],[64,49]]]},
"G787": {"type": "Matrix2x2", "payoffs": [[[52,88],[0,17]],[[12,0],[49,36]]]},
"G788": {"type": "Matrix2x2", "payoffs": [[[0,65],[23,85]],[[13,0],[17,58]]]},
"G789": {"type": "Matrix2x2", "payoffs": [[[0,70],[5,0]],[[10,95],[4,10]]]},
"G790": {"type": "Matrix2x2", "payoffs": [[[40,5],[60,9]],[[49,0],[0,1]]]},
"G791": {"type": "Matrix2x2", "payoffs": [[[100,97],[49,18]],[[0,41],[21,0]]]},
"G792": {"type": "Matrix2x2", "payoffs": [[[69,44],[0,37]],[[61,0],[54,26]]]},
"G793": {"type": "Matrix2x2", "payoffs": [[[88,0],[90,13]],[[34,3],[0,12]]]},
"G794": {"type": "Matrix2x2", "payoffs": [[[86,81],[2,19]],[[30,0],[0,52]]]},
"G795": {"type": "Matrix2x2", "payoffs": [[[25,42],[28,97]],[[27,26],[0,0]]]},
"G796": {"type": "Matrix2x2", "payoffs": [[[0,34],[6,0]],[[11,21],[12,96]]]},
"G797": {"type": "Matrix2x2", "payoffs": [[[28,1],[68,42]],[[0,0],[41,26]]]},
"G798": {"type": "Matrix2x2", "payoffs": [[[38,62],[0,29]],[[32,0],[5,39]]]},
"G799": {"type": "Matrix2x2", "payoffs": [[[26,42],[0,0]],[[66,53],[38,22]]]},
"G800": {"type": "Matrix2x2", "payoffs": [[[93,96],[0,44]],[[66,0],[67,95]]]},
"G801": {"type": "Matrix2x2", "payoffs": [[[34,4],[44,0]],[[50,62],[0,49]]]},
"G802": {"type": "Matrix2x2", "payoffs": [[[97,86],[0,64]],[[4,55],[58,0]]]},
"G803": {"type": "Matrix2x2", "payoffs": [[[73,18],[0,58]],[[15,0],[75,70]]]},
"G804": {"type": "Matrix2x2", "payoffs": [[[46,3],[0,48]],[[56,0],[66,59]]]},
"G805": {"type": "Matrix2x2", "payoffs": [[[63,24],[47,7]],[[0,16],[3,0]]]},
"G806": {"type": "Matrix2x2", "payoffs": [[[12,0],[0,10]],[[14,19],[59,32]]]},
"G807": {"type": "Matrix2x2", "payoffs": [[[0,0],[88,23]],[[19,6],[87,4]]]},
"G808": {"type": "Matrix2x2", "payoffs": [[[2,21],[0,53]],[[44,90],[11,0]]]},
"G809": {"type": "Matrix2x2", "payoffs": [[[99,41],[35,0]],[[0,37],[78,19]]]},
"G810": {"type": "Matrix2x2", "payoffs": [[[12,67],[22,94]],[[0,0],[32,98]]]},
"G811": {"type": "Matrix2x2", "payoffs": [[[37,51],[78,57]],[[0,9],[50,0]]]},
"G812": {"type": "Matrix2x2", "payoffs": [[[4,0],[20,31]],[[0,26],[16,21]]]},
"G813": {"type": "Matrix2x2", "payoffs": [[[9,77],[43,80]],[[0,0],[19,49]]]},
"G814": {"type": "Matrix2x2", "payoffs": [[[35,61],[52,74]],[[39,16],[0,0]]]},
"G815": {"type": "Matrix2x2", "payoffs": [[[0,6],[53,2]],[[94,7],[58,0]]]},
"G816": {"type": "Matrix2x2", "payoffs": [[[0,0],[70,46]],[[63,27],[32,13]]]},
"G817": {"type": "Matrix2x2", "payoffs": [[[51,27],[0,0]],[[54,39],[20,22]]]},
"G818": {"type": "Matrix2x2", "payoffs": [[[6,15],[2,21]],[[0,0],[9,34]]]},
"G819": {"type": "Matrix2x2", "payoffs": [[[0,46],[6,40]],[[44,0],[62,91]]]},
"G820": {"type": "Matrix2x2", "payoffs": [[[1,17],[3,90]],[[2,50],[0,0]]]},
"G821": {"type": "Matrix2x2", "payoffs": [[[0,12],[22,98]],[[3,70],[12,0]]]},
"G822": {"type": "Matrix2x2", "payoffs": [[[0,1],[29,54]],[[8,0],[3,43]]]},
"G823": {"type": "Matrix2x2", "payoffs": [[[0,8],[13,0]],[[70,100],[15,15]]]},
"G824": {"type": "Matrix2x2", "payoffs": [[[0,21],[90,55]],[[18,0],[12,35]]]},
"G825": {"type": "Matrix2x2", "payoffs": [[[8,0],[4,70]],[[0,37],[10,72]]]},
"G826": {"type": "Matrix2x2", "payoffs": [[[0,0],[14,25]],[[8,8],[13,6]]]},
"G827": {"type": "Matrix2x2", "payoffs": [[[41,11],[60,81]],[[0,0],[31,12]]]},
"G828": {"type": "Matrix2x2", "payoffs": [[[0,15],[28,0]],[[47,47],[37,31]]]},
"G829": {"type": "Matrix2x2", "payoffs": [[[100,67],[26,0]],[[33,30],[0,60]]]},
"G830": {"type": "Matrix2x2", "payoffs": [[[78,78],[0,34]],[[63,43],[9,0]]]},
"G831": {"type": "Matrix2x2", "payoffs": [[[51,9],[37,5]],[[0,0],[22,7]]]},
"G832": {"type": "Matrix2x2", "payoffs": [[[51,0],[0,1]],[[93,7],[32,3]]]},
"G833": {"type": "Matrix2x2", "payoffs": [[[50,17],[0,18]],[[23,0],[93,44]]]},
"G834": {"type": "Matrix2x2", "payoffs": [[[68,0],[98,32]],[[36,25],[0,27]]]},
"G835": {"type": "Matrix2x2", "payoffs": [[[4,93],[7,99]],[[5,21],[0,0]]]},
"G836": {"type": "Matrix2x2", "payoffs": [[[18,1],[37,9]],[[0,7],[7,0]]]},
"G837": {"type": "Matrix2x2", "payoffs": [[[61,78],[3,0]],[[0,70],[36,56]]]},
"G838": {"type": "Matrix2x2", "payoffs": [[[14,16],[16,80]],[[0,0],[3,59]]]},
"G839": {"type": "Matrix2x2", "payoffs": [[[19,56],[0,43]],[[1,17],[18,0]]]},
"G840": {"type": "Matrix2x2", "payoffs": [[[50,27],[14,0]],[[37,12],[0,16]]]},
"G841": {"type": "Matrix2x2", "payoffs": [[[55,9],[5,4]],[[7,6],[0,0]]]},
"G842": {"type": "Matrix2x2", "payoffs": [[[17,52],[6,41]],[[19,92],[0,0]]]},
"G843": {"type": "Matrix2x2", "payoffs": [[[0,0],[60,39]],[[8,31],[61,61]]]},
"G844": {"type": "Matrix2x2", "payoffs": [[[73,77],[2,14]],[[54,71],[0,0]]]},
"G845": {"type": "Matrix2x2", "payoffs": [[[0,46],[19,19]],[[24,0],[33,51]]]},
"G846": {"type": "Matrix2x2", "payoffs": [[[7,3],[1,4]],[[66,10],[0,0]]]},
"G847": {"type": "Matrix2x2", "payoffs": [[[59,35],[100,43]],[[80,10],[0,0]]]},
"G848": {"type": "Matrix2x2", "payoffs": [[[26,5],[0,0]],[[32,10],[10,2]]]},
"G849": {"type": "Matrix2x2", "payoffs": [[[36,45],[60,59]],[[0,0],[30,25]]]},
"G850": {"type": "Matrix2x2", "payoffs": [[[37,17],[51,79]],[[0,42],[50,0]]]},
"G851": {"type": "Matrix2x2", "payoffs": [[[2,21],[43,26]],[[0,11],[28,0]]]},
"G852": {"type": "Matrix2x2", "payoffs": [[[0,9],[17,11]],[[20,14],[8,0]]]},
"G853": {"type": "Matrix2x2", "payoffs": [[[11,17],[3,0]],[[0,6],[7,16]]]},
"G854": {"type": "Matrix2x2", "payoffs": [[[0,39],[1,0]],[[58,44],[32,11]]]},
"G855": {"type": "Matrix2x2", "payoffs": [[[80,81],[53,0]],[[27,79],[0,21]]]},
"G856": {"type": "Matrix2x2", "payoffs": [[[24,25],[28,66]],[[0,0],[13,4]]]},
"G857": {"type": "Matrix2x2", "payoffs": [[[13,44],[12,35]],[[6,0],[0,17]]]},
"G858": {"type": "Matrix2x2", "payoffs": [[[16,0],[73,75]],[[0,42],[59,61]]]},
"G859": {"type": "Matrix2x2", "payoffs": [[[44,38],[0,0]],[[78,100],[53,74]]]},
"G860": {"type": "Matrix2x2", "payoffs": [[[70,96],[0,38]],[[67,3],[22,0]]]},
"G861": {"type": "Matrix2x2", "payoffs": [[[27,11],[42,2]],[[0,0],[87,26]]]},
"G862": {"type": "Matrix2x2", "payoffs": [[[8,87],[0,0]],[[6,2],[7,58]]]},
"G863": {"type": "Matrix2x2", "payoffs": [[[60,25],[28,6]],[[0,8],[3,0]]]},
"G864": {"type": "Matrix2x2", "payoffs": [[[0,0],[63,93]],[[44,68],[40,70]]]},
"G865": {"type": "Matrix2x2", "payoffs": [[[0,55],[32,85]],[[4,76],[21,0]]]},
"G866": {"type": "Matrix2x2", "payoffs": [[[4,82],[0,0]],[[12,57],[60,87]]]},
"G867": {"type": "Matrix2x2", "payoffs": [[[6,58],[34,78]],[[0,47],[19,0]]]},
"G868": {"type": "Matrix2x2", "payoffs": [[[64,43],[0,1]],[[4,13],[29,0]]]},
"G869": {"type": "Matrix2x2", "payoffs": [[[25,0],[8,57]],[[0,39],[48,93]]]},
"G870": {"type": "Matrix2x2", "payoffs": [[[32,80],[0,75]],[[98,82],[33,0]]]},
"G871": {"type": "Matrix2x2", "payoffs": [[[7,61],[9,62]],[[0,0],[3,34]]]},
"G872": {"type": "Matrix2x2", "payoffs": [[[32,0],[0,5]],[[64,45],[69,100]]]},
"G873": {"type": "Matrix2x2", "payoffs": [[[54,11],[18,0]],[[46,5],[0,7]]]},
"G874": {"type": "Matrix2x2", "payoffs": [[[49,0],[0,30]],[[51,32],[57,45]]]},
"G875": {"type": "Matrix2x2", "payoffs": [[[82,83],[18,74]],[[0,79],[68,0]]]},
"G876": {"type": "Matrix2x2", "payoffs": [[[0,3],[15,0]],[[4,4],[17,5]]]},
"G877": {"type": "Matrix2x2", "payoffs": [[[64,94],[0,67]],[[24,66],[31,0]]]},
"G878": {"type": "Matrix2x2", "payoffs": [[[15,84],[4,0]],[[0,41],[3,16]]]},
"G879": {"type": "Matrix2x2", "payoffs": [[[16,23],[75,0]],[[82,25],[0,22]]]},
"G880": {"type": "Matrix2x2", "payoffs": [[[17,1],[0,0]],[[8,18],[20,20]]]},
"G881": {"type": "Matrix2x2", "payoffs": [[[85,73],[79,28]],[[60,0],[0,33]]]},
"G882": {"type": "Matrix2x2", "payoffs": [[[0,3],[49,4]],[[61,0],[96,5]]]},
"G883": {"type": "Matrix2x2", "payoffs": [[[0,7],[95,61]],[[14,0],[57,50]]]},
"G884": {"type": "Matrix2x2", "payoffs": [[[3,6],[21,14]],[[69,70],[0,0]]]},
"G885": {"type": "Matrix2x2", "payoffs": [[[35,0],[64,90]],[[0,36],[62,64]]]},
"G886": {"type": "Matrix2x2", "payoffs": [[[13,40],[0,31]],[[81,0],[96,47]]]},
"G887": {"type": "Matrix2x2", "payoffs": [[[0,0],[6,9]],[[8,17],[7,6]]]},
"G888": {"type": "Matrix2x2", "payoffs": [[[7,6],[39,10]],[[22,1],[0,0]]]},
"G889": {"type": "Matrix2x2", "payoffs": [[[0,9],[17,48]],[[2,35],[12,0]]]},
"G890": {"type": "Matrix2x2", "payoffs": [[[0,69],[24,76]],[[1,0],[4,22]]]},
"G891": {"type": "Matrix2x2", "payoffs": [[[0,0],[26,15]],[[2,7],[18,2]]]},
"G892": {"type": "Matrix2x2", "payoffs": [[[0,1],[57,80]],[[24,0],[48,35]]]},
"G893": {"type": "Matrix2x2", "payoffs": [[[5,0],[14,77]],[[0,65],[6,51]]]},
"G894": {"type": "Matrix2x2", "payoffs": [[[4,4],[14,18]],[[45,23],[0,0]]]},
"G895": {"type": "Matrix2x2", "payoffs": [[[0,2],[14,6]],[[9,3],[11,0]]]},
"G896": {"type": "Matrix2x2", "payoffs": [[[0,68],[46,0]],[[11,14],[52,94]]]},
"G897": {"type": "Matrix2x2", "payoffs": [[[72,58],[24,0]],[[14,35],[0,14]]]},
"G898": {"type": "Matrix2x2", "payoffs": [[[1,9],[0,0]],[[21,98],[6,81]]]},
"G899": {"type": "Matrix2x2", "payoffs": [[[3,2],[31,39]],[[11,21],[0,0]]]},
"G900": {"type": "Matrix2x2", "payoffs": [[[71,45],[50,0]],[[23,1],[0,34]]]},
"G901": {"type": "Matrix2x2", "payoffs": [[[15,5],[0,3]],[[3,0],[13,1]]]},
"G902": {"type": "Matrix2x2", "payoffs": [[[36,8],[61,35]],[[0,23],[8,0]]]},
"G903": {"type": "Matrix2x2", "payoffs": [[[39,9],[0,0]],[[13,6],[6,3]]]},
"G904": {"type": "Matrix2x2", "payoffs": [[[83,19],[0,0]],[[16,37],[92,93]]]},
"G905": {"type": "Matrix2x2", "payoffs": [[[3,70],[21,83]],[[0,19],[19,0]]]},
"G906": {"type": "Matrix2x2", "payoffs": [[[6,77],[1,0]],[[0,63],[2,49]]]},
"G907": {"type": "Matrix2x2", "payoffs": [[[83,52],[25,0]],[[0,39],[27,32]]]},
"G908": {"type": "Matrix2x2", "payoffs": [[[25,43],[0,0]],[[79,52],[34,19]]]},
"G909": {"type": "Matrix2x2", "payoffs": [[[7,0],[0,8]],[[8,30],[10,80]]]},
"G910": {"type": "Matrix2x2", "payoffs": [[[6,9],[9,91]],[[3,41],[0,0]]]},
"G911": {"type": "Matrix2x2", "payoffs": [[[77,26],[65,10]],[[0,17],[19,0]]]},
"G912": {"type": "Matrix2x2", "payoffs": [[[78,11],[0,6]],[[25,10],[74,0]]]},
"G913": {"type": "Matrix2x2", "payoffs": [[[0,30],[43,0]],[[32,29],[59,77]]]},
"G914": {"type": "Matrix2x2", "payoffs": [[[74,46],[0,0]],[[43,21],[3,18]]]},
"G915": {"type": "Matrix2x2", "payoffs": [[[9,0],[0,5]],[[55,15],[3,9]]]},
"G916": {"type": "Matrix2x2", "payoffs": [[[12,0],[68,33]],[[0,6],[65,20]]]},
"G917": {"type": "Matrix2x2", "payoffs": [[[10,2],[89,9]],[[0,0],[40,1]]]},
"G918": {"type": "Matrix2x2", "payoffs": [[[24,74],[19,0]],[[0,14],[36,86]]]},
"G919": {"type": "Matrix2x2", "payoffs": [[[28,97],[0,82]],[[11,0],[6,23]]]},
"G920": {"type": "Matrix2x2", "payoffs": [[[29,45],[6,11]],[[0,0],[26,35]]]},
"G921": {"type": "Matrix2x2", "payoffs": [[[18,13],[4,9]],[[5,7],[0,0]]]},
"G922": {"type": "Matrix2x2", "payoffs": [[[5,9],[10,18]],[[0,17],[3,0]]]},
"G923": {"type": "Matrix2x2", "payoffs": [[[9,58],[0,50]],[[10,94],[4,0]]]},
"G924": {"type": "Matrix2x2", "payoffs": [[[100,86],[0,84]],[[73,0],[94,78]]]},
"G925": {"type": "Matrix2x2", "payoffs": [[[98,58],[0,24]],[[15,5],[6,0]]]},
"G926": {"type": "Matrix2x2", "payoffs": [[[76,65],[41,45]],[[29,0],[0,28]]]},
"G927": {"type": "Matrix2x2", "payoffs": [[[12,0],[14,55]],[[16,79],[0,1]]]},
"G928": {"type": "Matrix2x2", "payoffs": [[[60,78],[2,0]],[[0,47],[22,44]]]},
"G929": {"type": "Matrix2x2", "payoffs": [[[0,35],[44,0]],[[60,54],[24,14]]]},
"G930": {"type": "Matrix2x2", "payoffs": [[[0,0],[15,3]],[[28,1],[30,7]]]},
"G931": {"type": "Matrix2x2", "payoffs": [[[0,0],[9,59]],[[31,66],[17,35]]]},
"G932": {"type": "Matrix2x2", "payoffs": [[[79,82],[18,17]],[[0,26],[72,0]]]},
"G933": {"type": "Matrix2x2", "payoffs": [[[11,17],[4,0]],[[88,46],[0,6]]]},
"G934": {"type": "Matrix2x2", "payoffs": [[[0,36],[74,40]],[[13,20],[20,0]]]},
"G935": {"type": "Matrix2x2", "payoffs": [[[32,30],[0,21]],[[51,40],[16,0]]]},
"G936": {"type": "Matrix2x2", "payoffs": [[[45,0],[56,43]],[[0,12],[53,7]]]},
"G937": {"type": "Matrix2x2", "payoffs": [[[5,29],[6,0]],[[0,44],[7,53]]]},
"G938": {"type": "Matrix2x2", "payoffs": [[[0,3],[36,0]],[[5,5],[70,13]]]},
"G939": {"type": "Matrix2x2", "payoffs": [[[18,10],[10,7]],[[0,0],[22,77]]]},
"G940": {"type": "Matrix2x2", "payoffs": [[[58,14],[16,5]],[[11,0],[0,9]]]},
"G941": {"type": "Matrix2x2", "payoffs": [[[76,98],[0,30]],[[58,0],[40,11]]]},
"G942": {"type": "Matrix2x2", "payoffs": [[[24,25],[0,13]],[[52,26],[25,0]]]},
"G943": {"type": "Matrix2x2", "payoffs": [[[7,0],[0,27]],[[32,25],[46,94]]]},
"G944": {"type": "Matrix2x2", "payoffs": [[[52,20],[0,0]],[[37,5],[22,6]]]},
"G945": {"type": "Matrix2x2", "payoffs": [[[8,2],[19,11]],[[0,1],[2,0]]]},
"G946": {"type": "Matrix2x2", "payoffs": [[[16,0],[0,12]],[[17,6],[30,22]]]},
"G947": {"type": "Matrix2x2", "payoffs": [[[54,23],[22,6]],[[50,10],[0,0]]]},
"G948": {"type": "Matrix2x2", "payoffs": [[[24,0],[27,13]],[[10,6],[0,4]]]},
"G949": {"type": "Matrix2x2", "payoffs": [[[39,81],[28,34]],[[1,0],[0,29]]]},
"G950": {"type": "Matrix2x2", "payoffs": [[[39,42],[48,0]],[[0,70],[77,72]]]},
"G951": {"type": "Matrix2x2", "payoffs": [[[0,9],[31,0]],[[55,23],[21,20]]]},
"G952": {"type": "Matrix2x2", "payoffs": [[[86,41],[32,0]],[[0,1],[65,9]]]},
"G953": {"type": "Matrix2x2", "payoffs": [[[21,8],[0,0]],[[100,14],[87,4]]]},
"G954": {"type": "Matrix2x2", "payoffs": [[[31,1],[52,18]],[[77,37],[0,0]]]},
"G955": {"type": "Matrix2x2", "payoffs": [[[0,0],[35,31]],[[47,74],[3,54]]]},
"G956": {"type": "Matrix2x2", "payoffs": [[[18,22],[23,66]],[[27,87],[0,0]]]},
"G957": {"type": "Matrix2x2", "payoffs": [[[71,40],[60,0]],[[17,35],[0,26]]]},
"G958": {"type": "Matrix2x2", "payoffs": [[[32,17],[0,0]],[[34,20],[54,80]]]},
"G959": {"type": "Matrix2x2", "payoffs": [[[35,50],[0,3]],[[13,21],[31,0]]]},
"G960": {"type": "Matrix2x2", "payoffs": [[[76,0],[88,8]],[[0,5],[38,2]]]},
"G961": {"type": "Matrix2x2", "payoffs": [[[11,9],[20,49]],[[8,18],[0,0]]]},
"G962": {"type": "Matrix2x2", "payoffs": [[[17,0],[22,75]],[[4,49],[0,1]]]},
"G963": {"type": "Matrix2x2", "payoffs": [[[11,38],[65,0]],[[0,10],[70,71]]]},
"G964": {"type": "Matrix2x2", "payoffs": [[[12,46],[36,0]],[[96,71],[0,44]]]},
"G965": {"type": "Matrix2x2", "payoffs": [[[0,17],[9,0]],[[35,35],[29,14]]]},
"G966": {"type": "Matrix2x2", "payoffs": [[[22,2],[59,59]],[[5,0],[0,23]]]},
"G967": {"type": "Matrix2x2", "payoffs": [[[0,43],[7,56]],[[6,4],[3,0]]]},
"G968": {"type": "Matrix2x2", "payoffs": [[[34,0],[46,38]],[[49,91],[0,65]]]},
"G969": {"type": "Matrix2x2", "payoffs": [[[12,0],[1,23]],[[15,41],[0,31]]]},
"G970": {"type": "Matrix2x2", "payoffs": [[[43,0],[14,5]],[[53,8],[0,1]]]},
"G971": {"type": "Matrix2x2", "payoffs": [[[0,0],[27,16]],[[18,12],[20,6]]]},
"G972": {"type": "Matrix2x2", "payoffs": [[[27,0],[67,18]],[[0,9],[96,29]]]},
"G973": {"type": "Matrix2x2", "payoffs": [[[2,3],[0,0]],[[1,9],[4,22]]]},
"G974": {"type": "Matrix2x2", "payoffs": [[[21,0],[45,12]],[[0,17],[61,18]]]},
"G975": {"type": "Matrix2x2", "payoffs": [[[7,11],[5,9]],[[1,2],[0,0]]]},
"G976": {"type": "Matrix2x2", "payoffs": [[[3,0],[0,42]],[[9,47],[25,63]]]},
"G977": {"type": "Matrix2x2", "payoffs": [[[81,65],[69,0]],[[0,36],[71,26]]]},
"G978": {"type": "Matrix2x2", "payoffs": [[[13,21],[0,0]],[[28,7],[93,44]]]},
"G979": {"type": "Matrix2x2", "payoffs": [[[4,2],[0,0]],[[43,3],[1,1]]]},
"G980": {"type": "Matrix2x2", "payoffs": [[[57,37],[71,1]],[[72,47],[0,0]]]},
"G981": {"type": "Matrix2x2", "payoffs": [[[48,17],[41,43]],[[55,77],[0,0]]]},
"G982": {"type": "Matrix2x2", "payoffs": [[[0,18],[16,50]],[[6,0],[5,13]]]},
"G983": {"type": "Matrix2x2", "payoffs": [[[64,33],[0,0]],[[47,4],[42,6]]]},
"G984": {"type": "Matrix2x2", "payoffs": [[[0,5],[4,0]],[[10,75],[2,28]]]},
"G985": {"type": "Matrix2x2", "payoffs": [[[39,70],[40,81]],[[0,0],[12,5]]]},
"G986": {"type": "Matrix2x2", "payoffs": [[[2,30],[8,45]],[[0,0],[6,15]]]},
"G987": {"type": "Matrix2x2", "payoffs": [[[12,0],[42,33]],[[0,4],[8,15]]]},
"G988": {"type": "Matrix2x2", "payoffs": [[[0,0],[1,51]],[[2,8],[6,83]]]},
"G989": {"type": "Matrix2x2", "payoffs": [[[28,10],[16,7]],[[4,6],[0,0]]]},
"G990": {"type": "Matrix2x2", "payoffs": [[[34,48],[26,36]],[[33,0],[0,8]]]},
"G991": {"type": "Matrix2x2", "payoffs": [[[65,0],[0,18]],[[58,21],[76,48]]]},
"G992": {"type": "Matrix2x2", "payoffs": [[[12,69],[0,56]],[[1,0],[5,58]]]},
"G993": {"type": "Matrix2x2", "payoffs": [[[15,18],[57,43]],[[0,0],[77,76]]]},
"G994": {"type": "Matrix2x2", "payoffs": [[[3,0],[0,9]],[[34,16],[53,17]]]},
"G995": {"type": "Matrix2x2", "payoffs": [[[36,0],[0,63]],[[16,51],[81,67]]]},
"G996": {"type": "Matrix2x2", "payoffs": [[[0,16],[94,26]],[[10,17],[29,0]]]},
"G997": {"type": "Matrix2x2", "payoffs": [[[17,58],[11,41]],[[7,38],[0,0]]]},
"G998": {"type": "Matrix2x2", "payoffs": [[[7,54],[28,61]],[[10,23],[0,0]]]},
"G999": {"type": "Matrix2x2", "payoffs": [[[11,19],[40,0]],[[0,15],[41,22]]]},
"G1000": {"type": "Matrix2x2", "payoffs": [[[0,45],[84,64]],[[19,0],[52,41]]]}
}