{
"numGames": 100,
"G1": {"type": "Matrix2x2", "payoffs": [[[59,4],[0,10]],[[73,0],[85,24]]]},
"G2": {"type": "Matrix2x2", "payoffs": [[[90,6],[0,0]],[[30,5],[13,4]]]},
"G3": {"type": "Matrix2x2", "payoffs": [[[54,15],[0,5]],[[49,6],[41,0]]]},
"G4": {"type": "Matrix2x2", "payoffs": [[[78,51],[75,0]],[[0,37],[74,4]]]},
"G5": {"type": "Matrix2x2", "payoffs": [[[0,16],[65,87]],[[22,0],[25,24]]]},
"G6": {"type": "Matrix2x2", "payoffs": [[[63,40],[6,21]],[[0,32],[33,0]]]},
"G7": {"type": "Matrix2x2", "payoffs": [[[12,17],[0,3]],[[8,0],[5,5]]]},
"G8": {"type": "Matrix2x2", "payoffs": [[[3,32],[71,80]],[[45,73],[0,0]]]},
"G9": {"type": "Matrix2x2", "payoffs": [[[57,10],[18,2]],[[21,6],[0,0]]]},
"G10": {"type": "Matrix2x2", "payoffs": [[[83,76],[0,12]],[[67,10],[44,0]]]},
"G11": {"type": "Matrix2x2", "payoffs": [[[2,2],[76,4]],[[0,0],[48,1]]]},
"G12": {"type": "Matrix2x2", "payoffs": [[[0,46],[98,89]],[[1,10],[67,0]]]},
"G13": {"type": "Matrix2x2", "payoffs": [[[9,2],[0,7]],[[12,0],[41,9]]]},
"G14": {"type": "Matrix2x2", "payoffs": [[[0,3],[4,0]],[[47,80],[1,4]]]},
"G15": {"type": "Matrix2x2", "payoffs": [[[27,0],[19,7]],[[58,62],[0,58]]]},
"G16": {"type": "Matrix2x2", "payoffs": [[[0,0],[13,14]],[[27,10],[98,15]]]},
"G17": {"type": "Matrix2x2", "payoffs": [[[51,92],[21,65]],[[0,0],[81,99]]]},
"G18": {"type": "Matrix2x2", "payoffs": [[[64,33],[92,99]],[[0,7],[68,0]]]},
"G19": {"type": "Matrix2x2", "payoffs": [[[28,9],[32,39]],[[17,0],[0,26]]]},
"G20": {"type": "Matrix2x2", "payoffs": [[[52,49],[5,1]],[[24,30],[0,0]]]},
"G21": {"type": "Matrix2x2", "payoffs": [[[8,0],[1,7]],[[0,38],[9,40]]]},
"G22": {"type": "Matrix2x2", "payoffs": [[[30,76],[0,0]],[[11,22],[12,66]]]},
"G23": {"type": "Matrix2x2", "payoffs": [[[0,0],[14,21]],[[84,42],[22,5]]]},
"G24": {"type": "Matrix2x2", "payoffs": [[[0,5],[45,0]],[[46,26],[30,14]]]},
"G25": {"type": "Matrix2x2", "payoffs": [[[34,72],[1,6]],[[0,33],[32,0]]]},
"G26": {"type": "Matrix2x2", "payoffs": [[[0,34],[4,0]],[[17,38],[7,37]]]},
"G27": {"type": "Matrix2x2", "payoffs": [[[35,0],[48,3]],[[0,2],[76,4]]]},
"G28": {"type": "Matrix2x2", "payoffs": [[[37,67],[0,0]],[[54,37],[83,84]]]},
"G29": {"type": "Matrix2x2", "payoffs": [[[0,0],[1,13]],[[30,52],[14,14]]]},
"G30": {"type": "Matrix2x2", "payoffs": [[[0,6],[4,4]],[[11,8],[8,0]]]},
"G31": {"type": "Matrix2x2", "payoffs": [[[3,34],[4,85]],[[2,67],[0,0]]]},
"G32": {"type": "Matrix2x2", "payoffs": [[[37,11],[0,0]],[[26,6],[65,23]]]},
"G33": {"type": "Matrix2x2", "payoffs": [[[52,48],[86,60]],[[48,0],[0,43]]]},
"G34": {"type": "Matrix2x2", "payoffs": [[[96,7],[75,4]],[[0,0],[8,1]]]},
"G35": {"type": "Matrix2x2", "payoffs": [[[55,9],[0,6]],[[11,7],[16,0]]]},
"G36": {"type": "Matrix2x2", "payoffs": [[[13,24],[14,73]],[[1,0],[0,4]]]},
"G37": {"type": "Matrix2x2", "payoffs": [[[0,10],[16,44]],[[28,52],[24,0]]]},
"G38": {"type": "Matrix2x2", "payoffs": [[[89,43],[43,2]],[[0,0],[47,42]]]},
"G39": {"type": "Matrix2x2", "payoffs": [[[26,89],[25,82]],[[3,56],[0,0]]]},
"G40": {"type": "Matrix2x2", "payoffs": [[[6,0],[2,7]],[[0,9],[7,13]]]},
"G41": {"type": "Matrix2x2", "payoffs": [[[59,15],[0,0]],[[64,68],[1,45]]]},
"G42": {"type": "Matrix2x2", "payoffs": [[[0,0],[30,70]],[[28,30],[5,11]]]},
"G43": {"type": "Matrix2x2", "payoffs": [[[63,23],[74,52]],[[35,0],[0,6]]]},
"G44": {"type": "Matrix2x2", "payoffs": [[[26,0],[16,35]],[[73,39],[0,13]]]},
"G45": {"type": "Matrix2x2", "payoffs": [[[8,36],[0,0]],[[16,91],[2,26]]]},
"G46": {"type": "Matrix2x2", "payoffs": [[[0,39],[37,0]],[[48,77],[29,59]]]},
"G47": {"type": "Matrix2x2", "payoffs": [[[15,0],[88,46]],[[0,23],[56,44]]]},
"G48": {"type": "Matrix2x2", "payoffs": [[[0,0],[17,18]],[[25,93],[24,68]]]},
"G49": {"type": "Matrix2x2", "payoffs": [[[87,71],[71,0]],[[0,15],[44,60]]]},
"G50": {"type": "Matrix2x2", "payoffs": [[[31,48],[21,0]],[[0,8],[14,39]]]},
"G51": {"type": "Matrix2x2", "payoffs": [[[63,69],[34,49]],[[0,13],[7,0]]]},
"G52": {"type": "Matrix2x2", "payoffs": [[[29,0],[6,61]],[[0,53],[46,79]]]},
"G53": {"type": "Matrix2x2", "payoffs": [[[39,0],[41,13]],[[29,11],[0,8]]]},
"G54": {"type": "Matrix2x2", "payoffs": [[[51,9],[75,0]],[[85,11],[0,8]]]},
"G55": {"type": "Matrix2x2", "payoffs": [[[10,23],[16,0]],[[32,50],[0,33]]]},
"G56": {"type": "Matrix2x2", "payoffs": [[[3,10],[0,9]],[[6,14],[5,0]]]},
"G57": {"type": "Matrix2x2", "payoffs": [[[45,0],[68,35]],[[43,7],[0,21]]]},
"G58": {"type": "Matrix2x2", "payoffs": [[[64,25],[57,0]],[[0,9],[11,10]]]},
"G59": {"type": "Matrix2x2", "payoffs": [[[33,0],[25,30]],[[67,76],[0,41]]]},
"G60": {"type": "Matrix2x2", "payoffs": [[[3,36],[4,0]],[[0,7],[6,45]]]},
"G61": {"type": "Matrix2x2", "payoffs": [[[61,0],[0,1]],[[63,29],[52,6]]]},
"G62": {"type": "Matrix2x2", "payoffs": [[[78,53],[11,31]],[[0,0],[52,32]]]},
"G63": {"type": "Matrix2x2", "payoffs": [[[0,13],[21,77]],[[93,90],[73,0]]]},
"G64": {"type": "Matrix2x2", "payoffs": [[[0,7],[19,4]],[[45,8],[9,0]]]},
"G65": {"type": "Matrix2x2", "payoffs": [[[30,0],[100,51]],[[63,1],[0,9]]]},
"G66": {"type": "Matrix2x2", "payoffs": [[[41,0],[13,18]],[[0,2],[55,21]]]},
"G67": {"type": "Matrix2x2", "payoffs": [[[35,43],[25,59]],[[37,80],[0,0]]]},
"G68": {"type": "Matrix2x2", "payoffs": [[[30,13],[45,55]],[[43,53],[0,0]]]},
"G69": {"type": "Matrix2x2", "payoffs": [[[0,85],[8,91]],[[2,0],[7,60]]]},
"G70": {"type": "Matrix2x2", "payoffs": [[[14,31],[0,0]],[[10,16],[35,38]]]},
"G71": {"type": "Matrix2x2", "payoffs": [[[16,0],[32,23]],[[63,24],[0,16]]]},
"G72": {"type": "Matrix2x2", "payoffs": [[[19,0],[11,11]],[[20,51],[0,42]]]},
"G73": {"type": "Matrix2x2", "payoffs": [[[59,0],[67,38]],[[0,31],[70,52]]]},
"G74": {"type": "Matrix2x2", "payoffs": [[[2,0],[0,78]],[[10,89],[5,58]]]},
"G75": {"type": "Matrix2x2", "payoffs": [[[27,18],[56,83]],[[54,53],[0,0]]]},
"G76": {"type": "Matrix2x2", "payoffs": [[[0,0],[61,14]],[[40,9],[26,4]]]},
"G77": {"type": "Matrix2x2", "payoffs": [[[46,63],[0,0]],[[80,67],[66,4]]]},
"G78": {"type": "Matrix2x2", "payoffs": [[[21,6],[0,25]],[[40,0],[74,30]]]},
"G79": {"type": "Matrix2x2", "payoffs": [[[3,0],[0,27]],[[1,30],[4,55]]]},
"G80": {"type": "Matrix2x2", "payoffs": [[[4,2],[31,0]],[[0,3],[36,8]]]},
"G81": {"type": "Matrix2x2", "payoffs": [[[0,0],[2,27]],[[4,8],[5,36]]]},
"G82": {"type": "Matrix2x2", "payoffs": [[[29,1],[91,8]],[[86,3],[0,0]]]},
"G83": {"type": "Matrix2x2", "payoffs": [[[19,60],[69,89]],[[18,0],[0,9]]]},
"G84": {"type": "Matrix2x2", "payoffs": [[[31,5],[40,13]],[[21,0],[0,7]]]},
"G85": {"type": "Matrix2x2", "payoffs": [[[0,0],[74,15]],[[41,2],[95,29]]]},
"G86": {"type": "Matrix2x2", "payoffs": [[[46,48],[37,33]],[[69,49],[0,0]]]},
"G87": {"type": "Matrix2x2", "payoffs": [[[5,4],[91,17]],[[0,9],[22,0]]]},
"G88": {"type": "Matrix2x2", "payoffs": [[[0,28],[9,94]],[[7,0],[1,19]]]},
"G89": {"type": "Matrix2x2", "payoffs": [[[89,12],[0,7]],[[63,0],[48,10]]]},
"G90": {"type": "Matrix2x2", "payoffs": [[[20,0],[64,19]],[[51,11],[0,13]]]},
"G91": {"type": "Matrix2x2", "payoffs": [[[56,32],[0,0]],[[8,2],[40,15]]]},
"G92": {"type": "Matrix2x2", "payoffs": [[[1,23],[8,16]],[[52,36],[0,0]]]},
"G93": {"type": "Matrix2x2", "payoffs": [[[0,75],[12,0]],[[2,71],[14,79]]]},
"G94": {"type": "Matrix2x2", "payoffs": [[[14,60],[26,80]],[[13,0],[0,63]]]},
"G95": {"type": "Matrix2x2", "payoffs": [[[26,30],[0,0]],[[96,56],[43,25]]]},
"G96": {"type": "Matrix2x2", "payoffs": [[[0,0],[42,97]],[[21,19],[26,77]]]},
"G97": {"type": "Matrix2x2", "payoffs": [[[18,0],[66,23]],[[69,25],[0,24]]]},
"G98": {"type": "Matrix2x2", "payoffs": [[[3,0],[71,2]],[[90,7],[0,6]]]},
"G99": {"type": "Matrix2x2", "payoffs": [[[14,62],[54,88]],[[0,0],[53,81]]]},
"G100": {"type": "Matrix2x2", "payoffs": [[[37,77],[16,68]],[[0,0],[26,30]]]}
}