{
"numGames": 1000,
"G1": {"type": "Matrix2x2", "payoffs": [[[43,85],[0,81]],[[35,72],[37,0]]]},
"G2": {"type": "Matrix2x2", "payoffs": [[[0,3],[11,21]],[[35,28],[30,0]]]},
"G3": {"type": "Matrix2x2", "payoffs": [[[14,53],[44,64]],[[38,0],[0,32]]]},
"G4": {"type": "Matrix2x2", "payoffs": [[[22,0],[97,35]],[[0,38],[99,97]]]},
"G5": {"type": "Matrix2x2", "payoffs": [[[42,83],[3,28]],[[11,43],[0,0]]]},
"G6": {"type": "Matrix2x2", "payoffs": [[[39,31],[16,21]],[[0,0],[34,11]]]},
"G7": {"type": "Matrix2x2", "payoffs": [[[0,0],[7,3]],[[8,24],[5,8]]]},
"G8": {"type": "Matrix2x2", "payoffs": [[[4,0],[40,26]],[[16,3],[0,9]]]},
"G9": {"type": "Matrix2x2", "payoffs": [[[18,0],[86,13]],[[24,12],[0,2]]]},
"G10": {"type": "Matrix2x2", "payoffs": [[[19,0],[23,23]],[[0,3],[27,27]]]},
"G11": {"type": "Matrix2x2", "payoffs": [[[33,15],[67,35]],[[0,0],[41,1]]]},
"G12": {"type": "Matrix2x2", "payoffs": [[[0,50],[68,0]],[[92,88],[22,54]]]},
"G13": {"type": "Matrix2x2", "payoffs": [[[83,55],[89,5]],[[0,0],[99,68]]]},
"G14": {"type": "Matrix2x2", "payoffs": [[[37,30],[0,0]],[[24,23],[23,17]]]},
"G15": {"type": "Matrix2x2", "payoffs": [[[17,2],[90,85]],[[70,0],[0,66]]]},
"G16": {"type": "Matrix2x2", "payoffs": [[[0,0],[21,49]],[[5,14],[10,48]]]},
"G17": {"type": "Matrix2x2", "payoffs": [[[24,0],[0,18]],[[6,6],[48,41]]]},
"G18": {"type": "Matrix2x2", "payoffs": [[[7,36],[6,0]],[[0,15],[2,29]]]},
"G19": {"type": "Matrix2x2", "payoffs": [[[4,20],[53,95]],[[20,82],[0,0]]]},
"G20": {"type": "Matrix2x2", "payoffs": [[[0,73],[49,77]],[[11,0],[6,21]]]},
"G21": {"type": "Matrix2x2", "payoffs": [[[30,0],[0,12]],[[35,91],[4,22]]]},
"G22": {"type": "Matrix2x2", "payoffs": [[[5,36],[2,16]],[[0,7],[4,0]]]},
"G23": {"type": "Matrix2x2", "payoffs": [[[7,24],[0,3]],[[36,0],[76,44]]]},
"G24": {"type": "Matrix2x2", "payoffs": [[[0,14],[23,0]],[[45,19],[47,21]]]},
"G25": {"type": "Matrix2x2", "payoffs": [[[18,0],[39,74]],[[0,66],[46,97]]]},
"G26": {"type": "Matrix2x2", "payoffs": [[[22,0],[99,18]],[[0,1],[9,17]]]},
"G27": {"type": "Matrix2x2", "payoffs": [[[77,40],[25,2]],[[51,20],[0,0]]]},
"G28": {"type": "Matrix2x2", "payoffs": [[[0,9],[39,0]],[[63,10],[36,2]]]},
"G29": {"type": "Matrix2x2", "payoffs": [[[53,24],[0,0]],[[44,9],[14,15]]]},
"G30": {"type": "Matrix2x2", "payoffs": [[[4,66],[3,56]],[[0,0],[5,78]]]},
"G31": {"type": "Matrix2x2", "payoffs": [[[0,35],[29,22]],[[53,57],[4,0]]]},
"G32": {"type": "Matrix2x2", "payoffs": [[[22,75],[18,6]],[[0,0],[8,61]]]},
"G33": {"type": "Matrix2x2", "payoffs": [[[47,14],[0,0]],[[51,13],[59,17]]]},
"G34": {"type": "Matrix2x2", "payoffs": [[[30,61],[25,28]],[[0,21],[1,0]]]},
"G35": {"type": "Matrix2x2", "payoffs": [[[14,8],[0,24]],[[92,50],[81,0]]]},
"G36": {"type": "Matrix2x2", "payoffs": [[[36,2],[93,19]],[[79,10],[0,0]]]},
"G37": {"type": "Matrix2x2", "payoffs": [[[0,51],[77,83]],[[57,78],[58,0]]]},
"G38": {"type": "Matrix2x2", "payoffs": [[[0,0],[22,11]],[[73,54],[56,45]]]},
"G39": {"type": "Matrix2x2", "payoffs": [[[52,99],[22,12]],[[33,55],[0,0]]]},
"G40": {"type": "Matrix2x2", "payoffs": [[[20,13],[7,9]],[[21,20],[0,0]]]},
"G41": {"type": "Matrix2x2", "payoffs": [[[0,23],[79,69]],[[10,45],[59,0]]]},
"G42": {"type": "Matrix2x2", "payoffs": [[[86,79],[48,7]],[[0,0],[51,72]]]},
"G43": {"type": "Matrix2x2", "payoffs": [[[4,0],[35,33]],[[18,14],[0,26]]]},
"G44": {"type": "Matrix2x2", "payoffs": [[[0,24],[21,0]],[[12,62],[40,66]]]},
"G45": {"type": "Matrix2x2", "payoffs": [[[0,0],[86,29]],[[20,14],[39,16]]]},
"G46": {"type": "Matrix2x2", "payoffs": [[[97,33],[40,10]],[[0,7],[70,0]]]},
"G47": {"type": "Matrix2x2", "payoffs": [[[0,0],[4,6]],[[20,19],[22,21]]]},
"G48": {"type": "Matrix2x2", "payoffs": [[[18,7],[94,9]],[[0,0],[8,8]]]},
"G49": {"type": "Matrix2x2", "payoffs": [[[15,0],[5,26]],[[0,35],[16,36]]]},
"G50": {"type": "Matrix2x2", "payoffs": [[[56,63],[0,10]],[[28,0],[18,9]]]},
"G51": {"type": "Matrix2x2", "payoffs": [[[71,29],[0,0]],[[60,1],[51,18]]]},
"G52": {"type": "Matrix2x2", "payoffs": [[[11,3],[0,0]],[[14,62],[6,37]]]},
"G53": {"type": "Matrix2x2", "payoffs": [[[69,97],[0,14]],[[57,0],[2,31]]]},
"G54": {"type": "Matrix2x2", "payoffs": [[[72,50],[57,33]],[[0,0],[43,31]]]},
"G55": {"type": "Matrix2x2", "payoffs": [[[8,16],[0,5]],[[29,55],[15,0]]]},
"G56": {"type": "Matrix2x2", "payoffs": [[[15,0],[21,28]],[[0,25],[20,17]]]},
"G57": {"type": "Matrix2x2", "payoffs": [[[4,19],[9,76]],[[0,0],[42,97]]]},
"G58": {"type": "Matrix2x2", "payoffs": [[[50,0],[85,75]],[[0,20],[46,61]]]},
"G59": {"type": "Matrix2x2", "payoffs": [[[8,7],[0,0]],[[3,10],[13,86]]]},
"G60": {"type": "Matrix2x2", "payoffs": [[[8,6],[83,34]],[[0,0],[73,4]]]},
"G61": {"type": "Matrix2x2", "payoffs": [[[9,17],[51,63]],[[44,54],[0,0]]]},
"G62": {"type": "Matrix2x2", "payoffs": [[[35,10],[2,8]],[[39,16],[0,0]]]},
"G63": {"type": "Matrix2x2", "payoffs": [[[0,24],[9,55]],[[21,73],[18,0]]]},
"G64": {"type": "Matrix2x2", "payoffs": [[[6,42],[7,62]],[[0,45],[2,0]]]},
"G65": {"type": "Matrix2x2", "payoffs": [[[32,75],[59,93]],[[29,49],[0,0]]]},
"G66": {"type": "Matrix2x2", "payoffs": [[[31,92],[30,6]],[[26,4],[0,0]]]},
"G67": {"type": "Matrix2x2", "payoffs": [[[36,17],[17,8]],[[0,6],[25,0]]]},
"G68": {"type": "Matrix2x2", "payoffs": [[[0,38],[45,0]],[[99,72],[36,1]]]},
"G69": {"type": "Matrix2x2", "payoffs": [[[71,66],[0,0]],[[48,37],[25,54]]]},
"G70": {"type": "Matrix2x2", "payoffs": [[[0,25],[28,29]],[[98,51],[53,0]]]},
"G71": {"type": "Matrix2x2", "payoffs": [[[40,2],[41,5]],[[0,3],[8,0]]]},
"G72": {"type": "Matrix2x2", "payoffs": [[[28,1],[6,0]],[[31,13],[0,10]]]},
"G73": {"type": "Matrix2x2", "payoffs": [[[0,73],[24,21]],[[39,74],[13,0]]]},
"G74": {"type": "Matrix2x2", "payoffs": [[[0,0],[62,60]],[[47,29],[60,53]]]},
"G75": {"type": "Matrix2x2", "payoffs": [[[83,65],[0,56]],[[62,28],[66,0]]]},
"G76": {"type": "Matrix2x2", "payoffs": [[[22,40],[9,0]],[[0,17],[3,14]]]},
"G77": {"type": "Matrix2x2", "payoffs": [[[55,11],[0,21]],[[28,0],[60,29]]]},
"G78": {"type": "Matrix2x2", "payoffs": [[[10,0],[0,28]],[[62,61],[56,13]]]},
"G79": {"type": "Matrix2x2", "payoffs": [[[0,2],[1,17]],[[13,0],[28,51]]]},
"G80": {"type": "Matrix2x2", "payoffs": [[[16,12],[0,6]],[[11,0],[15,3]]]},
"G81": {"type": "Matrix2x2", "payoffs": [[[3,0],[0,51]],[[33,57],[6,28]]]},
"G82": {"type": "Matrix2x2", "payoffs": [[[0,0],[58,44]],[[69,99],[21,5]]]},
"G83": {"type": "Matrix2x2", "payoffs": [[[58,14],[66,53]],[[0,37],[33,0]]]},
"G84": {"type": "Matrix2x2", "payoffs": [[[0,0],[66,8]],[[46,7],[67,16]]]},
"G85": {"type": "Matrix2x2", "payoffs": [[[0,70],[10,36]],[[11,85],[3,0]]]},
"G86": {"type": "Matrix2x2", "payoffs": [[[47,26],[5,33]],[[0,0],[56,76]]]},
"G87": {"type": "Matrix2x2", "payoffs": [[[0,3],[42,1]],[[14,0],[97,5]]]},
"G88": {"type": "Matrix2x2", "payoffs": [[[20,5],[0,0]],[[28,18],[45,22]]]},
"G89": {"type": "Matrix2x2", "payoffs": [[[18,0],[83,71]],[[6,5],[0,2]]]},
"G90": {"type": "Matrix2x2", "payoffs": [[[84,3],[0,0]],[[15,1],[70,2]]]},
"G91": {"type": "Matrix2x2", "payoffs": [[[35,51],[0,0]],[[15,25],[28,43]]]},
"G92": {"type": "Matrix2x2", "payoffs": [[[1,0],[22,39]],[[9,2],[0,14]]]},
"G93": {"type": "Matrix2x2", "payoffs": [[[0,1],[2,0]],[[45,83],[15,36]]]},
"G94": {"type": "Matrix2x2", "payoffs": [[[63,43],[13,0]],[[0,80],[70,81]]]},
"G95": {"type": "Matrix2x2", "payoffs": [[[0,67],[3,0]],[[24,85],[38,91]]]},
"G96": {"type": "Matrix2x2", "payoffs": [[[0,1],[23,3]],[[42,4],[9,0]]]},
"G97": {"type": "Matrix2x2", "payoffs": [[[16,14],[9,0]],[[12,8],[0,5]]]},
"G98": {"type": "Matrix2x2", "payoffs": [[[34,18],[14,0]],[[0,8],[96,54]]]},
"G99": {"type": "Matrix2x2", "payoffs": [[[0,52],[31,60]],[[7,0],[19,36]]]},
"G100": {"type": "Matrix2x2", "payoffs": [[[44,94],[14,37]],[[4,0],[0,29]]]},
"G101": {"type": "Matrix2x2", "payoffs": [[[30,3],[32,0]],[[34,83],[0,13]]]},
"G102": {"type": "Matrix2x2", "payoffs": [[[0,20],[3,2]],[[11,27],[8,0]]]},
"G103": {"type": "Matrix2x2", "payoffs": [[[4,57],[2,0]],[[1,8],[0,51]]]},
"G104": {"type": "Matrix2x2", "payoffs": [[[3,41],[2,15]],[[1,25],[0,0]]]},
"G105": {"type": "Matrix2x2", "payoffs": [[[0,0],[43,36]],[[61,63],[12,39]]]},
"G106": {"type": "Matrix2x2", "payoffs": [[[59,33],[34,14]],[[26,0],[0,9]]]},
"G107": {"type": "Matrix2x2", "payoffs": [[[0,36],[29,0]],[[26,33],[40,61]]]},
"G108": {"type": "Matrix2x2", "payoffs": [[[11,0],[0,29]],[[25,6],[27,32]]]},
"G109": {"type": "Matrix2x2", "payoffs": [[[33,0],[3,5]],[[0,8],[47,22]]]},
"G110": {"type": "Matrix2x2", "payoffs": [[[88,87],[86,50]],[[0,39],[71,0]]]},
"G111": {"type": "Matrix2x2", "payoffs": [[[51,5],[49,0]],[[0,4],[16,1]]]},
"G112": {"type": "Matrix2x2", "payoffs": [[[0,43],[80,64]],[[70,45],[33,0]]]},
"G113": {"type": "Matrix2x2", "payoffs": [[[0,22],[5,0]],[[44,42],[61,55]]]},
"G114": {"type": "Matrix2x2", "payoffs": [[[0,6],[7,0]],[[45,12],[29,9]]]},
"G115": {"type": "Matrix2x2", "payoffs": [[[16,15],[19,18]],[[0,0],[9,17]]]},
"G116": {"type": "Matrix2x2", "payoffs": [[[51,24],[0,0]],[[49,25],[66,49]]]},
"G117": {"type": "Matrix2x2", "payoffs": [[[65,78],[0,37]],[[29,0],[27,9]]]},
"G118": {"type": "Matrix2x2", "payoffs": [[[13,0],[14,6]],[[0,17],[21,21]]]},
"G119": {"type": "Matrix2x2", "payoffs": [[[0,0],[16,77]],[[23,86],[10,46]]]},
"G120": {"type": "Matrix2x2", "payoffs": [[[68,7],[59,0]],[[0,5],[70,12]]]},
"G121": {"type": "Matrix2x2", "payoffs": [[[42,27],[41,9]],[[0,0],[39,23]]]},
"G122": {"type": "Matrix2x2", "payoffs": [[[0,1],[16,17]],[[14,0],[22,48]]]},
"G123": {"type": "Matrix2x2", "payoffs": [[[15,71],[1,0]],[[5,9],[0,62]]]},
"G124": {"type": "Matrix2x2", "payoffs": [[[4,0],[5,66]],[[1,44],[0,49]]]},
"G125": {"type": "Matrix2x2", "payoffs": [[[2,0],[8,25]],[[0,23],[7,5]]]},
"G126": {"type": "Matrix2x2", "payoffs": [[[41,0],[57,11]],[[23,10],[0,5]]]},
"G127": {"type": "Matrix2x2", "payoffs": [[[44,86],[33,0]],[[60,97],[0,66]]]},
"G128": {"type": "Matrix2x2", "payoffs": [[[58,77],[19,60]],[[40,0],[0,32]]]},
"G129": {"type": "Matrix2x2", "payoffs": [[[0,12],[66,68]],[[35,1],[32,0]]]},
"G130": {"type": "Matrix2x2", "payoffs": [[[28,39],[8,6]],[[83,50],[0,0]]]},
"G131": {"type": "Matrix2x2", "payoffs": [[[38,0],[65,55]],[[9,13],[0,35]]]},
"G132": {"type": "Matrix2x2", "payoffs": [[[0,29],[9,32]],[[44,51],[15,0]]]},
"G133": {"type": "Matrix2x2", "payoffs": [[[0,34],[4,5]],[[98,65],[6,0]]]},
"G134": {"type": "Matrix2x2", "payoffs": [[[4,11],[22,89]],[[0,40],[6,0]]]},
"G135": {"type": "Matrix2x2", "payoffs": [[[2,0],[0,14]],[[5,46],[3,27]]]},
"G136": {"type": "Matrix2x2", "payoffs": [[[3,74],[0,22]],[[13,78],[1,0]]]},
"G137": {"type": "Matrix2x2", "payoffs": [[[12,0],[8,37]],[[0,39],[65,41]]]},
"G138": {"type": "Matrix2x2", "payoffs": [[[67,0],[80,81]],[[34,60],[0,10]]]},
"G139": {"type": "Matrix2x2", "payoffs": [[[38,47],[13,0]],[[0,9],[36,24]]]},
"G140": {"type": "Matrix2x2", "payoffs": [[[7,0],[32,43]],[[28,36],[0,6]]]},
"G141": {"type": "Matrix2x2", "payoffs": [[[36,80],[0,25]],[[17,0],[15,38]]]},
"G142": {"type": "Matrix2x2", "payoffs": [[[22,4],[7,14]],[[83,22],[0,0]]]},
"G143": {"type": "Matrix2x2", "payoffs": [[[92,9],[0,3]],[[79,0],[12,2]]]},
"G144": {"type": "Matrix2x2", "payoffs": [[[0,20],[80,13]],[[84,27],[51,0]]]},
"G145": {"type": "Matrix2x2", "payoffs": [[[0,64],[6,0]],[[1,69],[8,82]]]},
"G146": {"type": "Matrix2x2", "payoffs": [[[33,75],[0,72]],[[19,0],[3,20]]]},
"G147": {"type": "Matrix2x2", "payoffs": [[[0,38],[5,9]],[[52,39],[44,0]]]},
"G148": {"type": "Matrix2x2", "payoffs": [[[0,0],[22,34]],[[53,47],[52,3]]]},
"G149": {"type": "Matrix2x2", "payoffs": [[[82,0],[60,32]],[[94,49],[0,31]]]},
"G150": {"type": "Matrix2x2", "payoffs": [[[1,7],[2,6]],[[3,14],[0,0]]]},
"G151": {"type": "Matrix2x2", "payoffs": [[[26,95],[2,0]],[[0,23],[8,86]]]},
"G152": {"type": "Matrix2x2", "payoffs": [[[40,47],[47,74]],[[39,17],[0,0]]]},
"G153": {"type": "Matrix2x2", "payoffs": [[[0,3],[52,0]],[[62,90],[28,16]]]},
"G154": {"type": "Matrix2x2", "payoffs": [[[60,34],[0,6]],[[68,68],[35,0]]]},
"G155": {"type": "Matrix2x2", "payoffs": [[[25,10],[71,12]],[[0,0],[62,2]]]},
"G156": {"type": "Matrix2x2", "payoffs": [[[37,11],[79,0]],[[91,36],[0,4]]]},
"G157": {"type": "Matrix2x2", "payoffs": [[[57,46],[0,9]],[[27,0],[15,19]]]},
"G158": {"type": "Matrix2x2", "payoffs": [[[93,16],[84,0]],[[0,4],[85,10]]]},
"G159": {"type": "Matrix2x2", "payoffs": [[[0,10],[2,21]],[[11,25],[1,0]]]},
"G160": {"type": "Matrix2x2", "payoffs": [[[86,63],[82,37]],[[19,35],[0,0]]]},
"G161": {"type": "Matrix2x2", "payoffs": [[[6,82],[18,86]],[[0,53],[17,0]]]},
"G162": {"type": "Matrix2x2", "payoffs": [[[11,63],[0,0]],[[31,84],[15,70]]]},
"G163": {"type": "Matrix2x2", "payoffs": [[[17,0],[0,6]],[[73,100],[3,52]]]},
"G164": {"type": "Matrix2x2", "payoffs": [[[16,0],[36,44]],[[0,10],[51,54]]]},
"G165": {"type": "Matrix2x2", "payoffs": [[[0,3],[93,12]],[[33,0],[31,1]]]},
"G166": {"type": "Matrix2x2", "payoffs": [[[30,0],[47,5]],[[10,2],[0,3]]]},
"G167": {"type": "Matrix2x2", "payoffs": [[[99,45],[68,21]],[[0,0],[5,24]]]},
"G168": {"type": "Matrix2x2", "payoffs": [[[22,59],[16,0]],[[0,17],[10,10]]]},
"G169": {"type": "Matrix2x2", "payoffs": [[[0,0],[15,10]],[[27,18],[46,44]]]},
"G170": {"type": "Matrix2x2", "payoffs": [[[0,33],[76,32]],[[19,0],[100,58]]]},
"G171": {"type": "Matrix2x2", "payoffs": [[[42,0],[0,36]],[[14,4],[81,41]]]},
"G172": {"type": "Matrix2x2", "payoffs": [[[86,4],[93,22]],[[0,5],[69,0]]]},
"G173": {"type": "Matrix2x2", "payoffs": [[[47,0],[0,4]],[[16,31],[86,59]]]},
"G174": {"type": "Matrix2x2", "payoffs": [[[0,4],[61,3]],[[16,0],[91,11]]]},
"G175": {"type": "Matrix2x2", "payoffs": [[[5,3],[0,0]],[[14,26],[6,23]]]},
"G176": {"type": "Matrix2x2", "payoffs": [[[0,0],[93,11]],[[36,8],[71,2]]]},
"G177": {"type": "Matrix2x2", "payoffs": [[[18,13],[38,21]],[[0,0],[9,18]]]},
"G178": {"type": "Matrix2x2", "payoffs": [[[18,21],[0,0]],[[38,7],[50,22]]]},
"G179": {"type": "Matrix2x2", "payoffs": [[[0,10],[88,41]],[[90,85],[39,0]]]},
"G180": {"type": "Matrix2x2", "payoffs": [[[0,1],[14,12]],[[63,17],[13,0]]]},
"G181": {"type": "Matrix2x2", "payoffs": [[[85,49],[59,22]],[[0,0],[84,31]]]},
"G182": {"type": "Matrix2x2", "payoffs": [[[0,63],[86,76]],[[69,0],[68,33]]]},
"G183": {"type": "Matrix2x2", "payoffs": [[[5,0],[0,7]],[[24,100],[15,11]]]},
"G184": {"type": "Matrix2x2", "payoffs": [[[59,45],[0,0]],[[30,23],[23,31]]]},
"G185": {"type": "Matrix2x2", "payoffs": [[[36,2],[44,0]],[[55,57],[0,45]]]},
"G186": {"type": "Matrix2x2", "payoffs": [[[9,0],[0,33]],[[11,32],[17,41]]]},
"G187": {"type": "Matrix2x2", "payoffs": [[[19,0],[66,43]],[[0,2],[60,36]]]},
"G188": {"type": "Matrix2x2", "payoffs": [[[80,71],[43,2]],[[33,0],[0,9]]]},
"G189": {"type": "Matrix2x2", "payoffs": [[[0,33],[94,39]],[[54,0],[36,13]]]},
"G190": {"type": "Matrix2x2", "payoffs": [[[46,72],[48,79]],[[0,37],[35,0]]]},
"G191": {"type": "Matrix2x2", "payoffs": [[[5,2],[25,4]],[[0,0],[52,5]]]},
"G192": {"type": "Matrix2x2", "payoffs": [[[12,8],[54,31]],[[29,0],[0,15]]]},
"G193": {"type": "Matrix2x2", "payoffs": [[[11,36],[9,5]],[[0,0],[12,90]]]},
"G194": {"type": "Matrix2x2", "payoffs": [[[98,16],[94,3]],[[92,14],[0,0]]]},
"G195": {"type": "Matrix2x2", "payoffs": [[[0,2],[8,0]],[[20,7],[5,3]]]},
"G196": {"type": "Matrix2x2", "payoffs": [[[29,0],[37,22]],[[0,16],[40,27]]]},
"G197": {"type": "Matrix2x2", "payoffs": [[[63,0],[81,92]],[[45,62],[0,39]]]},
"G198": {"type": "Matrix2x2", "payoffs": [[[96,40],[15,4]],[[12,0],[0,36]]]},
"G199": {"type": "Matrix2x2", "payoffs": [[[0,0],[20,2]],[[27,49],[4,29]]]},
"G200": {"type": "Matrix2x2", "payoffs": [[[35,53],[18,0]],[[24,52],[0,39]]]},
"G201": {"type": "Matrix2x2", "payoffs": [[[0,14],[6,33]],[[42,45],[35,0]]]},
"G202": {"type": "Matrix2x2", "payoffs": [[[55,50],[25,17]],[[10,0],[0,28]]]},
"G203": {"type": "Matrix2x2", "payoffs": [[[12,6],[3,1]],[[6,0],[0,3]]]},
"G204": {"type": "Matrix2x2", "payoffs": [[[88,68],[0,63]],[[64,1],[15,0]]]},
"G205": {"type": "Matrix2x2", "payoffs": [[[3,0],[0,10]],[[1,2],[7,28]]]},
"G206": {"type": "Matrix2x2", "payoffs": [[[6,49],[18,0]],[[51,75],[0,57]]]},
"G207": {"type": "Matrix2x2", "payoffs": [[[96,20],[18,19]],[[0,0],[79,14]]]},
"G208": {"type": "Matrix2x2", "payoffs": [[[48,13],[29,8]],[[0,7],[16,0]]]},
"G209": {"type": "Matrix2x2", "payoffs": [[[30,75],[19,50]],[[55,95],[0,0]]]},
"G210": {"type": "Matrix2x2", "payoffs": [[[51,1],[0,0]],[[66,50],[19,30]]]},
"G211": {"type": "Matrix2x2", "payoffs": [[[0,0],[32,41]],[[73,68],[41,16]]]},
"G212": {"type": "Matrix2x2", "payoffs": [[[0,9],[1,1]],[[3,20],[2,0]]]},
"G213": {"type": "Matrix2x2", "payoffs": [[[45,4],[0,0]],[[62,8],[1,7]]]},
"G214": {"type": "Matrix2x2", "payoffs": [[[38,70],[0,0]],[[17,73],[41,86]]]},
"G215": {"type": "Matrix2x2", "payoffs": [[[9,33],[100,84]],[[11,0],[0,19]]]},
"G216": {"type": "Matrix2x2", "payoffs": [[[65,93],[15,61]],[[0,0],[25,88]]]},
"G217": {"type": "Matrix2x2", "payoffs": [[[82,68],[0,18]],[[49,33],[81,0]]]},
"G218": {"type": "Matrix2x2", "payoffs": [[[0,26],[8,50]],[[16,68],[2,0]]]},
"G219": {"type": "Matrix2x2", "payoffs": [[[23,6],[92,3]],[[0,0],[93,9]]]},
"G220": {"type": "Matrix2x2", "payoffs": [[[49,84],[0,53]],[[20,0],[31,23]]]},
"G221": {"type": "Matrix2x2", "payoffs": [[[34,8],[59,16]],[[0,0],[4,12]]]},
"G222": {"type": "Matrix2x2", "payoffs": [[[0,17],[6,21]],[[12,0],[34,29]]]},
"G223": {"type": "Matrix2x2", "payoffs": [[[0,65],[22,23]],[[32,77],[6,0]]]},
"G224": {"type": "Matrix2x2", "payoffs": [[[1,18],[0,0]],[[11,19],[12,26]]]},
"G225": {"type": "Matrix2x2", "payoffs": [[[12,79],[0,0]],[[25,87],[22,1]]]},
"G226": {"type": "Matrix2x2", "payoffs": [[[0,0],[55,6]],[[38,22],[97,32]]]},
"G227": {"type": "Matrix2x2", "payoffs": [[[18,22],[0,5]],[[39,42],[13,0]]]},
"G228": {"type": "Matrix2x2", "payoffs": [[[12,28],[0,0]],[[19,72],[17,66]]]},
"G229": {"type": "Matrix2x2", "payoffs": [[[3,0],[0,18]],[[5,34],[2,30]]]},
"G230": {"type": "Matrix2x2", "payoffs": [[[67,15],[0,0]],[[98,75],[60,8]]]},
"G231": {"type": "Matrix2x2", "payoffs": [[[15,0],[50,3]],[[18,2],[0,1]]]},
"G232": {"type": "Matrix2x2", "payoffs": [[[0,4],[11,0]],[[68,45],[12,5]]]},
"G233": {"type": "Matrix2x2", "payoffs": [[[90,25],[0,19]],[[89,0],[95,26]]]},
"G234": {"type": "Matrix2x2", "payoffs": [[[1,0],[0,16]],[[22,17],[43,41]]]},
"G235": {"type": "Matrix2x2", "payoffs": [[[0,50],[42,95]],[[72,99],[21,0]]]},
"G236": {"type": "Matrix2x2", "payoffs": [[[0,0],[25,9]],[[31,10],[88,24]]]},
"G237": {"type": "Matrix2x2", "payoffs": [[[0,0],[85,46]],[[74,38],[36,37]]]},
"G238": {"type": "Matrix2x2", "payoffs": [[[12,0],[19,22]],[[31,27],[0,5]]]},
"G239": {"type": "Matrix2x2", "payoffs": [[[0,0],[15,21]],[[38,66],[13,45]]]},
"G240": {"type": "Matrix2x2", "payoffs": [[[85,99],[40,65]],[[69,0],[0,69]]]},
"G241": {"type": "Matrix2x2", "payoffs": [[[18,25],[0,4]],[[8,20],[15,0]]]},
"G242": {"type": "Matrix2x2", "payoffs": [[[78,66],[0,43]],[[77,0],[69,51]]]},
"G243": {"type": "Matrix2x2", "payoffs": [[[11,25],[29,0]],[[0,13],[38,38]]]},
"G244": {"type": "Matrix2x2", "payoffs": [[[83,45],[75,0]],[[0,20],[64,7]]]},
"G245": {"type": "Matrix2x2", "payoffs": [[[75,82],[62,71]],[[0,66],[72,0]]]},
"G246": {"type": "Matrix2x2", "payoffs": [[[0,0],[6,42]],[[15,88],[30,98]]]},
"G247": {"type": "Matrix2x2", "payoffs": [[[7,1],[12,30]],[[3,0],[0,14]]]},
"G248": {"type": "Matrix2x2", "payoffs": [[[11,16],[13,5]],[[0,0],[15,40]]]},
"G249": {"type": "Matrix2x2", "payoffs": [[[78,38],[19,37]],[[12,16],[0,0]]]},
"G250": {"type": "Matrix2x2", "payoffs": [[[82,61],[27,22]],[[0,35],[53,0]]]},
"G251": {"type": "Matrix2x2", "payoffs": [[[0,36],[20,68]],[[12,0],[6,62]]]},
"G252": {"type": "Matrix2x2", "payoffs": [[[0,21],[26,81]],[[5,60],[4,0]]]},
"G253": {"type": "Matrix2x2", "payoffs": [[[7,89],[4,0]],[[5,53],[0,20]]]},
"G254": {"type": "Matrix2x2", "payoffs": [[[0,16],[27,0]],[[72,48],[45,7]]]},
"G255": {"type": "Matrix2x2", "payoffs": [[[0,0],[10,4]],[[17,19],[32,35]]]},
"G256": {"type": "Matrix2x2", "payoffs": [[[5,0],[0,8]],[[7,75],[6,35]]]},
"G257": {"type": "Matrix2x2", "payoffs": [[[5,44],[15,0]],[[74,65],[0,9]]]},
"G258": {"type": "Matrix2x2", "payoffs": [[[22,24],[47,41]],[[0,0],[27,28]]]},
"G259": {"type": "Matrix2x2", "payoffs": [[[83,90],[0,53]],[[80,0],[37,9]]]},
"G260": {"type": "Matrix2x2", "payoffs": [[[0,1],[1,20]],[[32,35],[11,0]]]},
"G261": {"type": "Matrix2x2", "payoffs": [[[48,0],[56,86]],[[42,50],[0,39]]]},
"G262": {"type": "Matrix2x2", "payoffs": [[[0,27],[82,7]],[[1,0],[87,59]]]},
"G263": {"type": "Matrix2x2", "payoffs": [[[51,79],[1,0]],[[14,59],[0,65]]]},
"G264": {"type": "Matrix2x2", "payoffs": [[[28,4],[65,26]],[[0,0],[25,19]]]},
"G265": {"type": "Matrix2x2", "payoffs": [[[56,0],[0,56]],[[85,100],[52,32]]]},
"G266": {"type": "Matrix2x2", "payoffs": [[[58,9],[1,2]],[[0,0],[20,7]]]},
"G267": {"type": "Matrix2x2", "payoffs": [[[7,13],[8,17]],[[1,0],[0,3]]]},
"G268": {"type": "Matrix2x2", "payoffs": [[[0,0],[2,11]],[[68,16],[14,4]]]},
"G269": {"type": "Matrix2x2", "payoffs": [[[94,11],[0,0]],[[70,7],[63,6]]]},
"G270": {"type": "Matrix2x2", "payoffs": [[[69,14],[50,8]],[[0,6],[66,0]]]},
"G271": {"type": "Matrix2x2", "payoffs": [[[0,15],[9,21]],[[2,0],[4,18]]]},
"G272": {"type": "Matrix2x2", "payoffs": [[[0,26],[21,34]],[[10,27],[13,0]]]},
"G273": {"type": "Matrix2x2", "payoffs": [[[13,15],[78,49]],[[0,0],[64,22]]]},
"G274": {"type": "Matrix2x2", "payoffs": [[[0,13],[13,0]],[[34,35],[3,2]]]},
"G275": {"type": "Matrix2x2", "payoffs": [[[0,0],[7,74]],[[4,23],[2,26]]]},
"G276": {"type": "Matrix2x2", "payoffs": [[[17,38],[0,0]],[[3,20],[27,70]]]},
"G277": {"type": "Matrix2x2", "payoffs": [[[30,0],[67,14]],[[0,4],[58,12]]]},
"G278": {"type": "Matrix2x2", "payoffs": [[[8,50],[52,68]],[[0,0],[46,43]]]},
"G279": {"type": "Matrix2x2", "payoffs": [[[52,65],[29,12]],[[33,33],[0,0]]]},
"G280": {"type": "Matrix2x2", "payoffs": [[[0,0],[15,70]],[[2,19],[12,46]]]},
"G281": {"type": "Matrix2x2", "payoffs": [[[20,0],[39,31]],[[77,64],[0,18]]]},
"G282": {"type": "Matrix2x2", "payoffs": [[[77,100],[12,0]],[[0,52],[17,92]]]},
"G283": {"type": "Matrix2x2", "payoffs": [[[26,0],[13,5]],[[0,3],[64,6]]]},
"G284": {"type": "Matrix2x2", "payoffs": [[[80,41],[36,0]],[[0,17],[77,29]]]},
"G285": {"type": "Matrix2x2", "payoffs": [[[52,53],[0,14]],[[27,0],[26,46]]]},
"G286": {"type": "Matrix2x2", "payoffs": [[[0,1],[33,3]],[[25,0],[1,2]]]},
"G287": {"type": "Matrix2x2", "payoffs": [[[34,83],[10,81]],[[19,0],[0,76]]]},
"G288": {"type": "Matrix2x2", "payoffs": [[[9,21],[3,0]],[[0,32],[11,68]]]},
"G289": {"type": "Matrix2x2", "payoffs": [[[0,21],[99,26]],[[12,19],[65,0]]]},
"G290": {"type": "Matrix2x2", "payoffs": [[[7,0],[19,22]],[[0,12],[20,26]]]},
"G291": {"type": "Matrix2x2", "payoffs": [[[97,73],[67,18]],[[36,42],[0,0]]]},
"G292": {"type": "Matrix2x2", "payoffs": [[[25,0],[14,42]],[[55,62],[0,26]]]},
"G293": {"type": "Matrix2x2", "payoffs": [[[54,40],[39,18]],[[94,97],[0,0]]]},
"G294": {"type": "Matrix2x2", "payoffs": [[[22,37],[0,0]],[[29,54],[7,18]]]},
"G295": {"type": "Matrix2x2", "payoffs": [[[9,15],[0,0]],[[42,17],[21,14]]]},
"G296": {"type": "Matrix2x2", "payoffs": [[[0,20],[49,0]],[[63,94],[18,42]]]},
"G297": {"type": "Matrix2x2", "payoffs": [[[83,0],[93,18]],[[0,16],[53,13]]]},
"G298": {"type": "Matrix2x2", "payoffs": [[[0,0],[9,7]],[[12,2],[27,10]]]},
"G299": {"type": "Matrix2x2", "payoffs": [[[36,33],[0,14]],[[32,0],[2,1]]]},
"G300": {"type": "Matrix2x2", "payoffs": [[[8,4],[13,0]],[[0,18],[31,19]]]},
"G301": {"type": "Matrix2x2", "payoffs": [[[7,25],[0,0]],[[10,10],[13,26]]]},
"G302": {"type": "Matrix2x2", "payoffs": [[[27,3],[34,31]],[[0,0],[2,2]]]},
"G303": {"type": "Matrix2x2", "payoffs": [[[0,62],[62,86]],[[55,46],[5,0]]]},
"G304": {"type": "Matrix2x2", "payoffs": [[[79,0],[0,29]],[[40,31],[90,51]]]},
"G305": {"type": "Matrix2x2", "payoffs": [[[21,31],[18,8]],[[39,71],[0,0]]]},
"G306": {"type": "Matrix2x2", "payoffs": [[[0,52],[21,75]],[[15,12],[10,0]]]},
"G307": {"type": "Matrix2x2", "payoffs": [[[54,10],[5,5]],[[56,12],[0,0]]]},
"G308": {"type": "Matrix2x2", "payoffs": [[[36,7],[42,43]],[[0,33],[39,0]]]},
"G309": {"type": "Matrix2x2", "payoffs": [[[3,0],[8,15]],[[2,10],[0,12]]]},
"G310": {"type": "Matrix2x2", "payoffs": [[[6,53],[26,62]],[[25,0],[0,45]]]},
"G311": {"type": "Matrix2x2", "payoffs": [[[6,8],[0,0]],[[5,13],[7,16]]]},
"G312": {"type": "Matrix2x2", "payoffs": [[[0,0],[91,63]],[[38,26],[19,36]]]},
"G313": {"type": "Matrix2x2", "payoffs": [[[78,45],[50,0]],[[0,18],[60,17]]]},
"G314": {"type": "Matrix2x2", "payoffs": [[[17,0],[72,48]],[[0,42],[14,39]]]},
"G315": {"type": "Matrix2x2", "payoffs": [[[0,12],[92,35]],[[27,9],[50,0]]]},
"G316": {"type": "Matrix2x2", "payoffs": [[[0,21],[64,0]],[[81,32],[42,11]]]},
"G317": {"type": "Matrix2x2", "payoffs": [[[31,0],[0,12]],[[14,7],[76,22]]]},
"G318": {"type": "Matrix2x2", "payoffs": [[[95,20],[99,34]],[[0,1],[34,0]]]},
"G319": {"type": "Matrix2x2", "payoffs": [[[0,28],[10,59]],[[9,54],[5,0]]]},
"G320": {"type": "Matrix2x2", "payoffs": [[[30,22],[29,0]],[[0,29],[55,40]]]},
"G321": {"type": "Matrix2x2", "payoffs": [[[0,33],[1,7]],[[6,41],[5,0]]]},
"G322": {"type": "Matrix2x2", "payoffs": [[[47,9],[0,0]],[[64,26],[76,32]]]},
"G323": {"type": "Matrix2x2", "payoffs": [[[12,5],[21,17]],[[2,15],[0,0]]]},
"G324": {"type": "Matrix2x2", "payoffs": [[[20,0],[30,26]],[[22,21],[0,2]]]},
"G325": {"type": "Matrix2x2", "payoffs": [[[52,0],[63,49]],[[0,35],[46,2]]]},
"G326": {"type": "Matrix2x2", "payoffs": [[[22,4],[0,0]],[[25,2],[34,5]]]},
"G327": {"type": "Matrix2x2", "payoffs": [[[14,82],[8,0]],[[11,7],[0,23]]]},
"G328": {"type": "Matrix2x2", "payoffs": [[[44,48],[41,32]],[[52,69],[0,0]]]},
"G329": {"type": "Matrix2x2", "payoffs": [[[65,21],[5,0]],[[0,6],[67,25]]]},
"G330": {"type": "Matrix2x2", "payoffs": [[[24,6],[0,0]],[[28,4],[42,7]]]},
"G331": {"type": "Matrix2x2", "payoffs": [[[79,36],[36,0]],[[0,8],[83,37]]]},
"G332": {"type": "Matrix2x2", "payoffs": [[[12,73],[2,58]],[[0,4],[8,0]]]},
"G333": {"type": "Matrix2x2", "payoffs": [[[0,45],[4,97]],[[2,5],[1,0]]]},
"G334": {"type": "Matrix2x2", "payoffs": [[[79,26],[20,0]],[[69,15],[0,21]]]},
"G335": {"type": "Matrix2x2", "payoffs": [[[5,80],[8,53]],[[0,0],[9,90]]]},
"G336": {"type": "Matrix2x2", "payoffs": [[[63,70],[0,39]],[[50,0],[40,36]]]},
"G337": {"type": "Matrix2x2", "payoffs": [[[0,45],[23,0]],[[41,54],[13,19]]]},
"G338": {"type": "Matrix2x2", "payoffs": [[[3,62],[18,21]],[[91,99],[0,0]]]},
"G339": {"type": "Matrix2x2", "payoffs": [[[0,4],[8,39]],[[86,44],[59,0]]]},
"G340": {"type": "Matrix2x2", "payoffs": [[[3,0],[9,76]],[[0,5],[5,54]]]},
"G341": {"type": "Matrix2x2", "payoffs": [[[0,1],[72,5]],[[20,0],[52,2]]]},
"G342": {"type": "Matrix2x2", "payoffs": [[[37,24],[0,44]],[[90,82],[16,0]]]},
"G343": {"type": "Matrix2x2", "payoffs": [[[57,0],[89,48]],[[0,40],[36,30]]]},
"G344": {"type": "Matrix2x2", "payoffs": [[[20,11],[1,1]],[[0,6],[8,0]]]},
"G345": {"type": "Matrix2x2", "payoffs": [[[0,0],[29,58]],[[95,77],[15,75]]]},
"G346": {"type": "Matrix2x2", "payoffs": [[[17,12],[56,38]],[[2,0],[0,8]]]},
"G347": {"type": "Matrix2x2", "payoffs": [[[3,43],[4,58]],[[0,0],[2,23]]]},
"G348": {"type": "Matrix2x2", "payoffs": [[[10,0],[0,11]],[[4,3],[16,52]]]},
"G349": {"type": "Matrix2x2", "payoffs": [[[0,13],[12,0]],[[52,14],[64,41]]]},
"G350": {"type": "Matrix2x2", "payoffs": [[[0,10],[99,71]],[[33,68],[2,0]]]},
"G351": {"type": "Matrix2x2", "payoffs": [[[77,33],[47,5]],[[0,19],[26,0]]]},
"G352": {"type": "Matrix2x2", "payoffs": [[[7,15],[14,96]],[[0,32],[4,0]]]},
"G353": {"type": "Matrix2x2", "payoffs": [[[5,2],[19,49]],[[4,0],[0,41]]]},
"G354": {"type": "Matrix2x2", "payoffs": [[[23,27],[34,51]],[[48,84],[0,0]]]},
"G355": {"type": "Matrix2x2", "payoffs": [[[13,0],[9,55]],[[15,73],[0,31]]]},
"G356": {"type": "Matrix2x2", "payoffs": [[[2,2],[21,0]],[[0,9],[34,12]]]},
"G357": {"type": "Matrix2x2", "payoffs": [[[10,0],[3,43]],[[12,74],[0,15]]]},
"G358": {"type": "Matrix2x2", "payoffs": [[[25,15],[34,0]],[[72,36],[0,24]]]},
"G359": {"type": "Matrix2x2", "payoffs": [[[92,19],[0,6]],[[61,0],[89,13]]]},
"G360": {"type": "Matrix2x2", "payoffs": [[[0,0],[11,20]],[[8,13],[17,30]]]},
"G361": {"type": "Matrix2x2", "payoffs": [[[0,0],[9,6]],[[1,32],[24,46]]]},
"G362": {"type": "Matrix2x2", "payoffs": [[[3,5],[17,22]],[[9,0],[0,20]]]},
"G363": {"type": "Matrix2x2", "payoffs": [[[29,55],[5,4]],[[43,87],[0,0]]]},
"G364": {"type": "Matrix2x2", "payoffs": [[[4,10],[3,18]],[[0,0],[5,26]]]},
"G365": {"type": "Matrix2x2", "payoffs": [[[88,45],[69,1]],[[0,10],[50,0]]]},
"G366": {"type": "Matrix2x2", "payoffs": [[[0,4],[73,2]],[[59,0],[81,7]]]},
"G367": {"type": "Matrix2x2", "payoffs": [[[0,4],[19,0]],[[79,39],[61,2]]]},
"G368": {"type": "Matrix2x2", "payoffs": [[[67,46],[98,96]],[[47,88],[0,0]]]},
"G369": {"type": "Matrix2x2", "payoffs": [[[100,39],[24,10]],[[0,2],[57,0]]]},
"G370": {"type": "Matrix2x2", "payoffs": [[[22,10],[60,27]],[[0,0],[40,9]]]},
"G371": {"type": "Matrix2x2", "payoffs": [[[97,93],[30,0]],[[0,17],[31,68]]]},
"G372": {"type": "Matrix2x2", "payoffs": [[[5,5],[10,0]],[[14,60],[0,1]]]},
"G373": {"type": "Matrix2x2", "payoffs": [[[0,26],[25,71]],[[13,70],[20,0]]]},
"G374": {"type": "Matrix2x2", "payoffs": [[[92,49],[91,0]],[[22,25],[0,28]]]},
"G375": {"type": "Matrix2x2", "payoffs": [[[34,24],[0,8]],[[10,0],[12,23]]]},
"G376": {"type": "Matrix2x2", "payoffs": [[[4,3],[7,6]],[[3,4],[0,0]]]},
"G377": {"type": "Matrix2x2", "payoffs": [[[0,0],[11,14]],[[38,18],[90,19]]]},
"G378": {"type": "Matrix2x2", "payoffs": [[[27,0],[0,2]],[[28,84],[2,35]]]},
"G379": {"type": "Matrix2x2", "payoffs": [[[0,43],[62,88]],[[50,0],[19,76]]]},
"G380": {"type": "Matrix2x2", "payoffs": [[[18,0],[38,11]],[[40,66],[0,53]]]},
"G381": {"type": "Matrix2x2", "payoffs": [[[0,0],[56,3]],[[69,62],[67,56]]]},
"G382": {"type": "Matrix2x2", "payoffs": [[[0,0],[85,26]],[[50,17],[11,14]]]},
"G383": {"type": "Matrix2x2", "payoffs": [[[0,23],[16,25]],[[3,12],[4,0]]]},
"G384": {"type": "Matrix2x2", "payoffs": [[[78,52],[66,0]],[[24,34],[0,16]]]},
"G385": {"type": "Matrix2x2", "payoffs": [[[45,0],[0,15]],[[92,85],[58,29]]]},
"G386": {"type": "Matrix2x2", "payoffs": [[[19,0],[0,37]],[[6,24],[59,79]]]},
"G387": {"type": "Matrix2x2", "payoffs": [[[84,42],[62,7]],[[63,0],[0,15]]]},
"G388": {"type": "Matrix2x2", "payoffs": [[[75,21],[27,0]],[[0,17],[20,5]]]},
"G389": {"type": "Matrix2x2", "payoffs": [[[7,86],[14,91]],[[9,76],[0,0]]]},
"G390": {"type": "Matrix2x2", "payoffs": [[[33,13],[0,0]],[[29,2],[34,30]]]},
"G391": {"type": "Matrix2x2", "payoffs": [[[0,0],[6,1]],[[19,3],[30,5]]]},
"G392": {"type": "Matrix2x2", "payoffs": [[[0,40],[81,0]],[[68,12],[100,58]]]},
"G393": {"type": "Matrix2x2", "payoffs": [[[2,19],[45,0]],[[46,31],[0,2]]]},
"G394": {"type": "Matrix2x2", "payoffs": [[[42,0],[48,98]],[[0,30],[22,95]]]},
"G395": {"type": "Matrix2x2", "payoffs": [[[2,24],[14,70]],[[0,1],[5,0]]]},
"G396": {"type": "Matrix2x2", "payoffs": [[[16,16],[61,44]],[[50,0],[0,40]]]},
"G397": {"type": "Matrix2x2", "payoffs": [[[0,0],[56,8]],[[4,5],[9,2]]]},
"G398": {"type": "Matrix2x2", "payoffs": [[[19,3],[4,0]],[[0,2],[65,4]]]},
"G399": {"type": "Matrix2x2", "payoffs": [[[0,13],[23,20]],[[62,31],[18,0]]]},
"G400": {"type": "Matrix2x2", "payoffs": [[[15,26],[2,0]],[[4,4],[0,21]]]},
"G401": {"type": "Matrix2x2", "payoffs": [[[16,98],[15,0]],[[3,1],[0,39]]]},
"G402": {"type": "Matrix2x2", "payoffs": [[[4,12],[0,0]],[[14,5],[39,23]]]},
"G403": {"type": "Matrix2x2", "payoffs": [[[17,63],[0,0]],[[12,10],[4,15]]]},
"G404": {"type": "Matrix2x2", "payoffs": [[[29,0],[0,29]],[[40,46],[34,28]]]},
"G405": {"type": "Matrix2x2", "payoffs": [[[0,2],[45,73]],[[2,0],[52,80]]]},
"G406": {"type": "Matrix2x2", "payoffs": [[[95,94],[58,53]],[[0,0],[75,74]]]},
"G407": {"type": "Matrix2x2", "payoffs": [[[39,20],[2,8]],[[3,0],[0,10]]]},
"G408": {"type": "Matrix2x2", "payoffs": [[[42,2],[51,1]],[[66,3],[0,0]]]},
"G409": {"type": "Matrix2x2", "payoffs": [[[57,35],[49,1]],[[0,34],[46,0]]]},
"G410": {"type": "Matrix2x2", "payoffs": [[[7,28],[0,0]],[[5,17],[1,4]]]},
"G411": {"type": "Matrix2x2", "payoffs": [[[33,56],[0,55]],[[7,32],[23,0]]]},
"G412": {"type": "Matrix2x2", "payoffs": [[[3,17],[0,32]],[[14,37],[11,0]]]},
"G413": {"type": "Matrix2x2", "payoffs": [[[45,2],[3,1]],[[59,3],[0,0]]]},
"G414": {"type": "Matrix2x2", "payoffs": [[[0,23],[81,6]],[[94,34],[25,0]]]},
"G415": {"type": "Matrix2x2", "payoffs": [[[0,0],[92,94]],[[50,45],[42,71]]]},
"G416": {"type": "Matrix2x2", "payoffs": [[[99,8],[42,0]],[[66,5],[0,2]]]},
"G417": {"type": "Matrix2x2", "payoffs": [[[2,68],[0,29]],[[4,0],[5,88]]]},
"G418": {"type": "Matrix2x2", "payoffs": [[[48,32],[38,31]],[[0,0],[23,25]]]},
"G419": {"type": "Matrix2x2", "payoffs": [[[0,59],[18,66]],[[11,0],[12,43]]]},
"G420": {"type": "Matrix2x2", "payoffs": [[[22,2],[0,69]],[[81,86],[28,0]]]},
"G421": {"type": "Matrix2x2", "payoffs": [[[0,41],[81,48]],[[33,0],[13,37]]]},
"G422": {"type": "Matrix2x2", "payoffs": [[[53,8],[0,0]],[[91,7],[96,13]]]},
"G423": {"type": "Matrix2x2", "payoffs": [[[59,73],[58,0]],[[0,19],[40,50]]]},
"G424": {"type": "Matrix2x2", "payoffs": [[[60,13],[0,0]],[[11,4],[38,5]]]},
"G425": {"type": "Matrix2x2", "payoffs": [[[4,0],[43,12]],[[0,8],[82,15]]]},
"G426": {"type": "Matrix2x2", "payoffs": [[[0,0],[28,18]],[[11,16],[9,2]]]},
"G427": {"type": "Matrix2x2", "payoffs": [[[36,7],[59,20]],[[0,5],[44,0]]]},
"G428": {"type": "Matrix2x2", "payoffs": [[[3,58],[1,1]],[[0,0],[2,50]]]},
"G429": {"type": "Matrix2x2", "payoffs": [[[15,7],[0,0]],[[6,66],[23,71]]]},
"G430": {"type": "Matrix2x2", "payoffs": [[[2,0],[0,48]],[[41,87],[19,30]]]},
"G431": {"type": "Matrix2x2", "payoffs": [[[66,23],[12,0]],[[70,37],[0,2]]]},
"G432": {"type": "Matrix2x2", "payoffs": [[[97,49],[0,30]],[[41,0],[92,22]]]},
"G433": {"type": "Matrix2x2", "payoffs": [[[61,50],[52,16]],[[0,0],[23,20]]]},
"G434": {"type": "Matrix2x2", "payoffs": [[[34,71],[0,59]],[[22,2],[10,0]]]},
"G435": {"type": "Matrix2x2", "payoffs": [[[36,40],[99,89]],[[24,0],[0,14]]]},
"G436": {"type": "Matrix2x2", "payoffs": [[[71,94],[0,0]],[[58,72],[39,43]]]},
"G437": {"type": "Matrix2x2", "payoffs": [[[13,0],[0,1]],[[61,3],[52,2]]]},
"G438": {"type": "Matrix2x2", "payoffs": [[[0,15],[62,48]],[[45,46],[54,0]]]},
"G439": {"type": "Matrix2x2", "payoffs": [[[0,0],[4,26]],[[16,53],[12,24]]]},
"G440": {"type": "Matrix2x2", "payoffs": [[[7,33],[2,23]],[[4,8],[0,0]]]},
"G441": {"type": "Matrix2x2", "payoffs": [[[69,14],[0,4]],[[42,5],[17,0]]]},
"G442": {"type": "Matrix2x2", "payoffs": [[[2,59],[16,70]],[[0,69],[4,0]]]},
"G443": {"type": "Matrix2x2", "payoffs": [[[0,0],[46,41]],[[90,54],[2,24]]]},
"G444": {"type": "Matrix2x2", "payoffs": [[[0,0],[9,70]],[[81,81],[63,8]]]},
"G445": {"type": "Matrix2x2", "payoffs": [[[48,19],[35,13]],[[41,0],[0,9]]]},
"G446": {"type": "Matrix2x2", "payoffs": [[[0,0],[6,44]],[[2,23],[5,42]]]},
"G447": {"type": "Matrix2x2", "payoffs": [[[37,47],[26,20]],[[0,38],[27,0]]]},
"G448": {"type": "Matrix2x2", "payoffs": [[[0,0],[78,17]],[[7,8],[93,50]]]},
"G449": {"type": "Matrix2x2", "payoffs": [[[43,75],[19,41]],[[0,0],[59,98]]]},
"G450": {"type": "Matrix2x2", "payoffs": [[[0,12],[33,0]],[[70,39],[39,37]]]},
"G451": {"type": "Matrix2x2", "payoffs": [[[7,0],[0,12]],[[10,18],[2,8]]]},
"G452": {"type": "Matrix2x2", "payoffs": [[[12,39],[24,65]],[[0,25],[23,0]]]},
"G453": {"type": "Matrix2x2", "payoffs": [[[10,6],[0,0]],[[30,24],[38,51]]]},
"G454": {"type": "Matrix2x2", "payoffs": [[[0,1],[20,0]],[[41,22],[11,16]]]},
"G455": {"type": "Matrix2x2", "payoffs": [[[25,7],[0,3]],[[16,0],[49,19]]]},
"G456": {"type": "Matrix2x2", "payoffs": [[[72,68],[0,0]],[[85,85],[11,25]]]},
"G457": {"type": "Matrix2x2", "payoffs": [[[0,28],[86,66]],[[48,0],[82,59]]]},
"G458": {"type": "Matrix2x2", "payoffs": [[[0,0],[89,9]],[[57,7],[16,1]]]},
"G459": {"type": "Matrix2x2", "payoffs": [[[9,33],[57,23]],[[78,98],[0,0]]]},
"G460": {"type": "Matrix2x2", "payoffs": [[[46,4],[23,86]],[[76,99],[0,0]]]},
"G461": {"type": "Matrix2x2", "payoffs": [[[36,15],[79,19]],[[75,2],[0,0]]]},
"G462": {"type": "Matrix2x2", "payoffs": [[[16,47],[0,0]],[[26,64],[22,4]]]},
"G463": {"type": "Matrix2x2", "payoffs": [[[6,63],[5,13]],[[1,20],[0,0]]]},
"G464": {"type": "Matrix2x2", "payoffs": [[[98,42],[0,0]],[[82,40],[64,16]]]},
"G465": {"type": "Matrix2x2", "payoffs": [[[44,1],[89,84]],[[0,82],[60,0]]]},
"G466": {"type": "Matrix2x2", "payoffs": [[[38,67],[0,0]],[[36,38],[19,25]]]},
"G467": {"type": "Matrix2x2", "payoffs": [[[0,20],[26,32]],[[50,0],[59,51]]]},
"G468": {"type": "Matrix2x2", "payoffs": [[[73,71],[11,4]],[[0,0],[19,19]]]},
"G469": {"type": "Matrix2x2", "payoffs": [[[0,37],[58,77]],[[49,63],[40,0]]]},
"G470": {"type": "Matrix2x2", "payoffs": [[[0,33],[84,68]],[[30,0],[83,56]]]},
"G471": {"type": "Matrix2x2", "payoffs": [[[0,73],[21,64]],[[27,0],[61,77]]]},
"G472": {"type": "Matrix2x2", "payoffs": [[[44,57],[6,69]],[[96,81],[0,0]]]},
"G473": {"type": "Matrix2x2", "payoffs": [[[62,14],[49,0]],[[73,16],[0,9]]]},
"G474": {"type": "Matrix2x2", "payoffs": [[[8,0],[4,27]],[[10,83],[0,30]]]},
"G475": {"type": "Matrix2x2", "payoffs": [[[11,0],[27,10]],[[7,9],[0,7]]]},
"G476": {"type": "Matrix2x2", "payoffs": [[[54,78],[34,41]],[[0,48],[1,0]]]},
"G477": {"type": "Matrix2x2", "payoffs": [[[0,34],[13,0]],[[11,28],[15,95]]]},
"G478": {"type": "Matrix2x2", "payoffs": [[[40,66],[0,21]],[[17,0],[14,54]]]},
"G479": {"type": "Matrix2x2", "payoffs": [[[0,0],[21,62]],[[13,16],[11,19]]]},
"G480": {"type": "Matrix2x2", "payoffs": [[[32,15],[44,0]],[[0,38],[71,93]]]},
"G481": {"type": "Matrix2x2", "payoffs": [[[0,0],[8,13]],[[3,11],[21,14]]]},
"G482": {"type": "Matrix2x2", "payoffs": [[[1,47],[7,85]],[[3,0],[0,2]]]},
"G483": {"type": "Matrix2x2", "payoffs": [[[6,57],[17,53]],[[65,72],[0,0]]]},
"G484": {"type": "Matrix2x2", "payoffs": [[[62,49],[15,35]],[[89,59],[0,0]]]},
"G485": {"type": "Matrix2x2", "payoffs": [[[27,55],[55,69]],[[49,0],[0,61]]]},
"G486": {"type": "Matrix2x2", "payoffs": [[[44,0],[27,46]],[[0,21],[52,49]]]},
"G487": {"type": "Matrix2x2", "payoffs": [[[48,23],[0,17]],[[50,0],[58,31]]]},
"G488": {"type": "Matrix2x2", "payoffs": [[[0,0],[6,66]],[[31,83],[8,68]]]},
"G489": {"type": "Matrix2x2", "payoffs": [[[58,26],[0,14]],[[26,3],[9,0]]]},
"G490": {"type": "Matrix2x2", "payoffs": [[[0,1],[3,0]],[[63,4],[22,2]]]},
"G491": {"type": "Matrix2x2", "payoffs": [[[75,62],[13,31]],[[0,0],[9,23]]]},
"G492": {"type": "Matrix2x2", "payoffs": [[[0,3],[14,38]],[[29,51],[3,0]]]},
"G493": {"type": "Matrix2x2", "payoffs": [[[1,5],[4,24]],[[2,0],[0,17]]]},
"G494": {"type": "Matrix2x2", "payoffs": [[[3,0],[11,10]],[[67,38],[0,31]]]},
"G495": {"type": "Matrix2x2", "payoffs": [[[14,33],[18,0]],[[0,31],[68,54]]]},
"G496": {"type": "Matrix2x2", "payoffs": [[[4,22],[3,0]],[[0,5],[1,6]]]},
"G497": {"type": "Matrix2x2", "payoffs": [[[0,52],[56,0]],[[45,8],[89,82]]]},
"G498": {"type": "Matrix2x2", "payoffs": [[[0,0],[62,16]],[[80,13],[88,21]]]},
"G499": {"type": "Matrix2x2", "payoffs": [[[4,0],[0,4]],[[24,9],[5,8]]]},
"G500": {"type": "Matrix2x2", "payoffs": [[[99,32],[76,26]],[[44,0],[0,28]]]},
"G501": {"type": "Matrix2x2", "payoffs": [[[34,6],[0,16]],[[24,0],[40,17]]]},
"G502": {"type": "Matrix2x2", "payoffs": [[[21,1],[0,2]],[[11,0],[43,3]]]},
"G503": {"type": "Matrix2x2", "payoffs": [[[6,12],[0,0]],[[7,36],[1,6]]]},
"G504": {"type": "Matrix2x2", "payoffs": [[[3,18],[19,0]],[[0,32],[56,79]]]},
"G505": {"type": "Matrix2x2", "payoffs": [[[56,60],[13,41]],[[8,0],[0,27]]]},
"G506": {"type": "Matrix2x2", "payoffs": [[[1,0],[0,53]],[[7,64],[2,36]]]},
"G507": {"type": "Matrix2x2", "payoffs": [[[53,41],[4,0]],[[22,22],[0,30]]]},
"G508": {"type": "Matrix2x2", "payoffs": [[[6,0],[7,42]],[[4,10],[0,41]]]},
"G509": {"type": "Matrix2x2", "payoffs": [[[0,20],[44,66]],[[73,89],[60,0]]]},
"G510": {"type": "Matrix2x2", "payoffs": [[[36,77],[24,39]],[[35,35],[0,0]]]},
"G511": {"type": "Matrix2x2", "payoffs": [[[0,66],[37,71]],[[20,0],[31,28]]]},
"G512": {"type": "Matrix2x2", "payoffs": [[[14,11],[89,68]],[[0,22],[28,0]]]},
"G513": {"type": "Matrix2x2", "payoffs": [[[7,0],[0,3]],[[23,9],[56,27]]]},
"G514": {"type": "Matrix2x2", "payoffs": [[[0,18],[5,24]],[[3,2],[2,0]]]},
"G515": {"type": "Matrix2x2", "payoffs": [[[0,44],[26,0]],[[100,54],[23,52]]]},
"G516": {"type": "Matrix2x2", "payoffs": [[[44,23],[0,27]],[[96,0],[97,35]]]},
"G517": {"type": "Matrix2x2", "payoffs": [[[97,64],[9,50]],[[65,0],[0,6]]]},
"G518": {"type": "Matrix2x2", "payoffs": [[[18,73],[23,30]],[[0,0],[52,79]]]},
"G519": {"type": "Matrix2x2", "payoffs": [[[31,9],[63,75]],[[0,0],[5,15]]]},
"G520": {"type": "Matrix2x2", "payoffs": [[[61,20],[0,12]],[[51,0],[3,4]]]},
"G521": {"type": "Matrix2x2", "payoffs": [[[2,0],[79,41]],[[0,40],[3,37]]]},
"G522": {"type": "Matrix2x2", "payoffs": [[[18,2],[14,1]],[[0,0],[21,6]]]},
"G523": {"type": "Matrix2x2", "payoffs": [[[0,0],[75,24]],[[28,8],[80,27]]]},
"G524": {"type": "Matrix2x2", "payoffs": [[[56,80],[0,37]],[[88,0],[100,82]]]},
"G525": {"type": "Matrix2x2", "payoffs": [[[90,35],[59,22]],[[0,7],[29,0]]]},
"G526": {"type": "Matrix2x2", "payoffs": [[[56,62],[0,48]],[[40,0],[89,64]]]},
"G527": {"type": "Matrix2x2", "payoffs": [[[47,36],[65,65]],[[0,0],[5,47]]]},
"G528": {"type": "Matrix2x2", "payoffs": [[[10,15],[22,21]],[[0,0],[6,3]]]},
"G529": {"type": "Matrix2x2", "payoffs": [[[0,0],[83,21]],[[7,8],[37,18]]]},
"G530": {"type": "Matrix2x2", "payoffs": [[[38,5],[32,0]],[[82,11],[0,6]]]},
"G531": {"type": "Matrix2x2", "payoffs": [[[0,23],[27,74]],[[26,44],[22,0]]]},
"G532": {"type": "Matrix2x2", "payoffs": [[[4,5],[2,33]],[[9,50],[0,0]]]},
"G533": {"type": "Matrix2x2", "payoffs": [[[0,0],[51,34]],[[49,33],[8,25]]]},
"G534": {"type": "Matrix2x2", "payoffs": [[[24,45],[0,33]],[[26,0],[34,47]]]},
"G535": {"type": "Matrix2x2", "payoffs": [[[32,25],[0,10]],[[98,27],[68,0]]]},
"G536": {"type": "Matrix2x2", "payoffs": [[[0,1],[55,44]],[[12,4],[51,0]]]},
"G537": {"type": "Matrix2x2", "payoffs": [[[0,37],[1,0]],[[32,30],[70,50]]]},
"G538": {"type": "Matrix2x2", "payoffs": [[[0,0],[2,17]],[[6,21],[18,56]]]},
"G539": {"type": "Matrix2x2", "payoffs": [[[26,54],[29,84]],[[0,0],[3,6]]]},
"G540": {"type": "Matrix2x2", "payoffs": [[[8,0],[14,98]],[[0,61],[7,38]]]},
"G541": {"type": "Matrix2x2", "payoffs": [[[55,4],[15,3]],[[57,14],[0,0]]]},
"G542": {"type": "Matrix2x2", "payoffs": [[[3,53],[2,0]],[[0,10],[1,31]]]},
"G543": {"type": "Matrix2x2", "payoffs": [[[5,14],[0,0]],[[38,22],[55,44]]]},
"G544": {"type": "Matrix2x2", "payoffs": [[[66,37],[25,0]],[[0,11],[26,20]]]},
"G545": {"type": "Matrix2x2", "payoffs": [[[12,37],[11,0]],[[0,57],[47,91]]]},
"G546": {"type": "Matrix2x2", "payoffs": [[[31,88],[14,0]],[[30,3],[0,57]]]},
"G547": {"type": "Matrix2x2", "payoffs": [[[0,3],[25,5]],[[18,0],[38,6]]]},
"G548": {"type": "Matrix2x2", "payoffs": [[[0,0],[97,52]],[[64,46],[20,44]]]},
"G549": {"type": "Matrix2x2", "payoffs": [[[0,0],[1,8]],[[26,28],[62,37]]]},
"G550": {"type": "Matrix2x2", "payoffs": [[[14,90],[0,7]],[[7,0],[9,59]]]},
"G551": {"type": "Matrix2x2", "payoffs": [[[55,42],[18,17]],[[0,31],[39,0]]]},
"G552": {"type": "Matrix2x2", "payoffs": [[[42,0],[7,8]],[[45,65],[0,32]]]},
"G553": {"type": "Matrix2x2", "payoffs": [[[0,8],[1,0]],[[4,9],[5,18]]]},
"G554": {"type": "Matrix2x2", "payoffs": [[[2,0],[28,9]],[[0,5],[14,6]]]},
"G555": {"type": "Matrix2x2", "payoffs": [[[27,22],[51,27]],[[2,0],[0,16]]]},
"G556": {"type": "Matrix2x2", "payoffs": [[[88,86],[5,0]],[[0,18],[36,43]]]},
"G557": {"type": "Matrix2x2", "payoffs": [[[0,0],[5,51]],[[28,54],[15,22]]]},
"G558": {"type": "Matrix2x2", "payoffs": [[[75,5],[84,20]],[[0,6],[73,0]]]},
"G559": {"type": "Matrix2x2", "payoffs": [[[0,16],[24,0]],[[32,36],[23,12]]]},
"G560": {"type": "Matrix2x2", "payoffs": [[[90,61],[0,20]],[[46,57],[17,0]]]},
"G561": {"type": "Matrix2x2", "payoffs": [[[0,5],[38,0]],[[60,8],[53,3]]]},
"G562": {"type": "Matrix2x2", "payoffs": [[[0,36],[25,33]],[[54,38],[9,0]]]},
"G563": {"type": "Matrix2x2", "payoffs": [[[21,0],[0,10]],[[24,32],[14,13]]]},
"G564": {"type": "Matrix2x2", "payoffs": [[[47,57],[0,51]],[[1,48],[46,0]]]},
"G565": {"type": "Matrix2x2", "payoffs": [[[2,23],[4,38]],[[3,0],[0,8]]]},
"G566": {"type": "Matrix2x2", "payoffs": [[[41,37],[0,0]],[[78,78],[26,22]]]},
"G567": {"type": "Matrix2x2", "payoffs": [[[28,0],[0,28]],[[46,19],[49,56]]]},
"G568": {"type": "Matrix2x2", "payoffs": [[[0,0],[64,58]],[[30,14],[53,25]]]},
"G569": {"type": "Matrix2x2", "payoffs": [[[68,14],[0,0]],[[81,15],[7,5]]]},
"G570": {"type": "Matrix2x2", "payoffs": [[[67,82],[0,13]],[[10,0],[2,80]]]},
"G571": {"type": "Matrix2x2", "payoffs": [[[43,25],[0,0]],[[46,23],[65,27]]]},
"G572": {"type": "Matrix2x2", "payoffs": [[[21,35],[0,5]],[[70,0],[81,44]]]},
"G573": {"type": "Matrix2x2", "payoffs": [[[1,22],[0,0]],[[90,17],[92,40]]]},
"G574": {"type": "Matrix2x2", "payoffs": [[[90,0],[93,36]],[[5,14],[0,26]]]},
"G575": {"type": "Matrix2x2", "payoffs": [[[6,87],[0,40]],[[3,44],[5,0]]]},
"G576": {"type": "Matrix2x2", "payoffs": [[[9,5],[33,64]],[[0,4],[27,0]]]},
"G577": {"type": "Matrix2x2", "payoffs": [[[5,13],[0,0]],[[6,41],[3,26]]]},
"G578": {"type": "Matrix2x2", "payoffs": [[[48,3],[31,0]],[[6,1],[0,2]]]},
"G579": {"type": "Matrix2x2", "payoffs": [[[24,88],[0,0]],[[50,100],[27,42]]]},
"G580": {"type": "Matrix2x2", "payoffs": [[[99,81],[66,41]],[[0,0],[13,5]]]},
"G581": {"type": "Matrix2x2", "payoffs": [[[61,57],[47,21]],[[2,0],[0,55]]]},
"G582": {"type": "Matrix2x2", "payoffs": [[[0,58],[13,48]],[[43,0],[49,89]]]},
"G583": {"type": "Matrix2x2", "payoffs": [[[0,5],[1,3]],[[29,0],[46,9]]]},
"G584": {"type": "Matrix2x2", "payoffs": [[[0,9],[64,23]],[[14,4],[61,0]]]},
"G585": {"type": "Matrix2x2", "payoffs": [[[0,2],[14,0]],[[16,8],[21,10]]]},
"G586": {"type": "Matrix2x2", "payoffs": [[[41,37],[40,7]],[[0,0],[75,39]]]},
"G587": {"type": "Matrix2x2", "payoffs": [[[0,0],[43,41]],[[27,7],[51,55]]]},
"G588": {"type": "Matrix2x2", "payoffs": [[[0,36],[50,41]],[[29,24],[35,0]]]},
"G589": {"type": "Matrix2x2", "payoffs": [[[0,1],[57,42]],[[46,0],[1,8]]]},
"G590": {"type": "Matrix2x2", "payoffs": [[[66,56],[57,47]],[[0,0],[22,39]]]},
"G591": {"type": "Matrix2x2", "payoffs": [[[11,0],[1,4]],[[0,1],[21,6]]]},
"G592": {"type": "Matrix2x2", "payoffs": [[[93,18],[0,8]],[[63,0],[76,1]]]},
"G593": {"type": "Matrix2x2", "payoffs": [[[42,55],[22,54]],[[0,0],[10,23]]]},
"G594": {"type": "Matrix2x2", "payoffs": [[[4,56],[5,98]],[[0,16],[1,0]]]},
"G595": {"type": "Matrix2x2", "payoffs": [[[40,0],[8,28]],[[66,84],[0,24]]]},
"G596": {"type": "Matrix2x2", "payoffs": [[[9,15],[0,0]],[[22,37],[29,46]]]},
"G597": {"type": "Matrix2x2", "payoffs": [[[26,93],[22,67]],[[3,29],[0,0]]]},
"G598": {"type": "Matrix2x2", "payoffs": [[[60,38],[34,31]],[[0,0],[45,17]]]},
"G599": {"type": "Matrix2x2", "payoffs": [[[23,5],[51,11]],[[0,7],[10,0]]]},
"G600": {"type": "Matrix2x2", "payoffs": [[[8,0],[0,20]],[[23,3],[84,67]]]},
"G601": {"type": "Matrix2x2", "payoffs": [[[40,35],[0,0]],[[69,94],[54,14]]]},
"G602": {"type": "Matrix2x2", "payoffs": [[[17,87],[6,46]],[[13,54],[0,0]]]},
"G603": {"type": "Matrix2x2", "payoffs": [[[0,0],[21,40]],[[23,63],[6,44]]]},
"G604": {"type": "Matrix2x2", "payoffs": [[[23,2],[12,5]],[[0,0],[30,13]]]},
"G605": {"type": "Matrix2x2", "payoffs": [[[92,8],[96,89]],[[0,23],[43,0]]]},
"G606": {"type": "Matrix2x2", "payoffs": [[[9,20],[99,21]],[[56,7],[0,0]]]},
"G607": {"type": "Matrix2x2", "payoffs": [[[0,1],[59,3]],[[45,0],[36,2]]]},
"G608": {"type": "Matrix2x2", "payoffs": [[[35,32],[0,0]],[[24,38],[40,44]]]},
"G609": {"type": "Matrix2x2", "payoffs": [[[57,36],[30,0]],[[0,23],[71,49]]]},
"G610": {"type": "Matrix2x2", "payoffs": [[[44,0],[7,18]],[[50,31],[0,20]]]},
"G611": {"type": "Matrix2x2", "payoffs": [[[22,7],[57,59]],[[0,9],[47,0]]]},
"G612": {"type": "Matrix2x2", "payoffs": [[[72,65],[0,0]],[[36,38],[96,94]]]},
"G613": {"type": "Matrix2x2", "payoffs": [[[11,49],[18,14]],[[0,0],[21,77]]]},
"G614": {"type": "Matrix2x2", "payoffs": [[[13,30],[3,32]],[[55,36],[0,0]]]},
"G615": {"type": "Matrix2x2", "payoffs": [[[8,1],[0,0]],[[10,3],[33,6]]]},
"G616": {"type": "Matrix2x2", "payoffs": [[[46,27],[82,33]],[[0,11],[63,0]]]},
"G617": {"type": "Matrix2x2", "payoffs": [[[3,0],[53,63]],[[10,60],[0,27]]]},
"G618": {"type": "Matrix2x2", "payoffs": [[[13,28],[75,76]],[[0,20],[59,0]]]},
"G619": {"type": "Matrix2x2", "payoffs": [[[33,47],[24,0]],[[0,29],[30,14]]]},
"G620": {"type": "Matrix2x2", "payoffs": [[[15,0],[0,52]],[[35,85],[32,84]]]},
"G621": {"type": "Matrix2x2", "payoffs": [[[5,13],[0,45]],[[15,0],[26,61]]]},
"G622": {"type": "Matrix2x2", "payoffs": [[[36,7],[11,6]],[[0,4],[20,0]]]},
"G623": {"type": "Matrix2x2", "payoffs": [[[0,21],[40,98]],[[6,0],[27,56]]]},
"G624": {"type": "Matrix2x2", "payoffs": [[[27,39],[31,27]],[[32,41],[0,0]]]},
"G625": {"type": "Matrix2x2", "payoffs": [[[76,13],[91,0]],[[0,36],[99,38]]]},
"G626": {"type": "Matrix2x2", "payoffs": [[[25,0],[46,53]],[[66,74],[0,51]]]},
"G627": {"type": "Matrix2x2", "payoffs": [[[2,0],[15,41]],[[0,27],[14,7]]]},
"G628": {"type": "Matrix2x2", "payoffs": [[[58,14],[48,9]],[[0,0],[34,1]]]},
"G629": {"type": "Matrix2x2", "payoffs": [[[32,0],[0,27]],[[39,50],[7,49]]]},
"G630": {"type": "Matrix2x2", "payoffs": [[[37,57],[95,28]],[[99,61],[0,0]]]},
"G631": {"type": "Matrix2x2", "payoffs": [[[0,0],[9,3]],[[15,37],[17,39]]]},
"G632": {"type": "Matrix2x2", "payoffs": [[[62,69],[0,20]],[[29,22],[16,0]]]},
"G633": {"type": "Matrix2x2", "payoffs": [[[2,37],[0,0]],[[7,87],[3,55]]]},
"G634": {"type": "Matrix2x2", "payoffs": [[[0,0],[16,48]],[[54,18],[84,70]]]},
"G635": {"type": "Matrix2x2", "payoffs": [[[30,83],[8,16]],[[0,54],[17,0]]]},
"G636": {"type": "Matrix2x2", "payoffs": [[[0,39],[62,98]],[[70,0],[74,99]]]},
"G637": {"type": "Matrix2x2", "payoffs": [[[0,8],[19,0]],[[24,21],[17,13]]]},
"G638": {"type": "Matrix2x2", "payoffs": [[[73,44],[24,0]],[[0,34],[42,38]]]},
"G639": {"type": "Matrix2x2", "payoffs": [[[81,5],[34,4]],[[39,2],[0,0]]]},
"G640": {"type": "Matrix2x2", "payoffs": [[[0,25],[5,0]],[[6,27],[93,29]]]},
"G641": {"type": "Matrix2x2", "payoffs": [[[46,18],[8,0]],[[35,17],[0,9]]]},
"G642": {"type": "Matrix2x2", "payoffs": [[[0,1],[17,0]],[[21,4],[36,12]]]},
"G643": {"type": "Matrix2x2", "payoffs": [[[20,51],[65,63]],[[0,0],[7,47]]]},
"G644": {"type": "Matrix2x2", "payoffs": [[[1,50],[25,51]],[[0,39],[11,0]]]},
"G645": {"type": "Matrix2x2", "payoffs": [[[71,0],[76,26]],[[35,14],[0,17]]]},
"G646": {"type": "Matrix2x2", "payoffs": [[[45,71],[0,0]],[[23,46],[3,2]]]},
"G647": {"type": "Matrix2x2", "payoffs": [[[6,36],[14,38]],[[19,73],[0,0]]]},
"G648": {"type": "Matrix2x2", "payoffs": [[[0,15],[74,19]],[[9,2],[29,0]]]},
"G649": {"type": "Matrix2x2", "payoffs": [[[0,12],[26,13]],[[13,0],[38,35]]]},
"G650": {"type": "Matrix2x2", "payoffs": [[[0,0],[17,14]],[[4,5],[10,6]]]},
"G651": {"type": "Matrix2x2", "payoffs": [[[12,0],[0,1]],[[85,19],[47,16]]]},
"G652": {"type": "Matrix2x2", "payoffs": [[[11,48],[5,0]],[[0,34],[14,90]]]},
"G653": {"type": "Matrix2x2", "payoffs": [[[25,27],[52,75]],[[38,0],[0,39]]]},
"G654": {"type": "Matrix2x2", "payoffs": [[[90,0],[0,55]],[[47,52],[95,59]]]},
"G655": {"type": "Matrix2x2", "payoffs": [[[0,34],[18,37]],[[41,92],[7,0]]]},
"G656": {"type": "Matrix2x2", "payoffs": [[[0,63],[44,0]],[[41,73],[45,87]]]},
"G657": {"type": "Matrix2x2", "payoffs": [[[9,0],[35,49]],[[0,32],[68,82]]]},
"G658": {"type": "Matrix2x2", "payoffs": [[[0,0],[79,25]],[[59,15],[23,4]]]},
"G659": {"type": "Matrix2x2", "payoffs": [[[0,11],[2,0]],[[45,31],[21,6]]]},
"G660": {"type": "Matrix2x2", "payoffs": [[[0,2],[66,6]],[[13,5],[63,0]]]},
"G661": {"type": "Matrix2x2", "payoffs": [[[32,31],[0,3]],[[38,67],[10,0]]]},
"G662": {"type": "Matrix2x2", "payoffs": [[[3,0],[5,10]],[[4,7],[0,2]]]},
"G663": {"type": "Matrix2x2", "payoffs": [[[60,62],[0,0]],[[13,40],[51,36]]]},
"G664": {"type": "Matrix2x2", "payoffs": [[[0,0],[18,60]],[[8,77],[84,87]]]},
"G665": {"type": "Matrix2x2", "payoffs": [[[0,26],[83,0]],[[52,23],[91,27]]]},
"G666": {"type": "Matrix2x2", "payoffs": [[[19,32],[34,25]],[[42,79],[0,0]]]},
"G667": {"type": "Matrix2x2", "payoffs": [[[47,0],[0,64]],[[50,68],[16,50]]]},
"G668": {"type": "Matrix2x2", "payoffs": [[[87,13],[93,15]],[[75,0],[0,14]]]},
"G669": {"type": "Matrix2x2", "payoffs": [[[1,0],[14,47]],[[5,21],[0,16]]]},
"G670": {"type": "Matrix2x2", "payoffs": [[[19,6],[0,0]],[[40,24],[20,8]]]},
"G671": {"type": "Matrix2x2", "payoffs": [[[18,40],[55,97]],[[50,55],[0,0]]]},
"G672": {"type": "Matrix2x2", "payoffs": [[[3,64],[8,0]],[[21,97],[0,57]]]},
"G673": {"type": "Matrix2x2", "payoffs": [[[0,0],[31,3]],[[30,6],[49,10]]]},
"G674": {"type": "Matrix2x2", "payoffs": [[[54,0],[0,12]],[[60,86],[4,68]]]},
"G675": {"type": "Matrix2x2", "payoffs": [[[60,0],[0,40]],[[65,50],[52,23]]]},
"G676": {"type": "Matrix2x2", "payoffs": [[[0,15],[60,64]],[[33,0],[61,91]]]},
"G677": {"type": "Matrix2x2", "payoffs": [[[0,26],[36,0]],[[41,48],[42,59]]]},
"G678": {"type": "Matrix2x2", "payoffs": [[[0,22],[63,0]],[[3,21],[66,36]]]},
"G679": {"type": "Matrix2x2", "payoffs": [[[0,54],[47,72]],[[44,64],[20,0]]]},
"G680": {"type": "Matrix2x2", "payoffs": [[[68,84],[0,65]],[[33,0],[1,66]]]},
"G681": {"type": "Matrix2x2", "payoffs": [[[40,0],[61,16]],[[0,6],[50,13]]]},
"G682": {"type": "Matrix2x2", "payoffs": [[[0,61],[13,53]],[[45,89],[24,0]]]},
"G683": {"type": "Matrix2x2", "payoffs": [[[0,0],[36,9]],[[74,20],[16,1]]]},
"G684": {"type": "Matrix2x2", "payoffs": [[[13,0],[61,47]],[[0,14],[35,39]]]},
"G685": {"type": "Matrix2x2", "payoffs": [[[21,62],[14,50]],[[0,56],[4,0]]]},
"G686": {"type": "Matrix2x2", "payoffs": [[[21,10],[0,0]],[[91,60],[52,15]]]},
"G687": {"type": "Matrix2x2", "payoffs": [[[60,4],[0,0]],[[21,1],[30,3]]]},
"G688": {"type": "Matrix2x2", "payoffs": [[[32,58],[37,44]],[[47,93],[0,0]]]},
"G689": {"type": "Matrix2x2", "payoffs": [[[8,7],[0,19]],[[45,0],[90,24]]]},
"G690": {"type": "Matrix2x2", "payoffs": [[[75,90],[0,70]],[[12,0],[59,43]]]},
"G691": {"type": "Matrix2x2", "payoffs": [[[94,51],[24,3]],[[0,45],[76,0]]]},
"G692": {"type": "Matrix2x2", "payoffs": [[[0,15],[13,0]],[[23,29],[10,1]]]},
"G693": {"type": "Matrix2x2", "payoffs": [[[16,55],[4,8]],[[0,0],[14,35]]]},
"G694": {"type": "Matrix2x2", "payoffs": [[[0,1],[8,5]],[[14,0],[36,7]]]},
"G695": {"type": "Matrix2x2", "payoffs": [[[0,0],[59,15]],[[99,63],[71,14]]]},
"G696": {"type": "Matrix2x2", "payoffs": [[[4,16],[0,0]],[[40,23],[32,21]]]},
"G697": {"type": "Matrix2x2", "payoffs": [[[2,14],[51,0]],[[59,17],[0,11]]]},
"G698": {"type": "Matrix2x2", "payoffs": [[[40,21],[59,29]],[[16,0],[0,2]]]},
"G699": {"type": "Matrix2x2", "payoffs": [[[73,18],[0,0]],[[79,38],[50,28]]]},
"G700": {"type": "Matrix2x2", "payoffs": [[[67,14],[49,2]],[[32,0],[0,6]]]},
"G701": {"type": "Matrix2x2", "payoffs": [[[7,54],[9,0]],[[0,55],[15,67]]]},
"G702": {"type": "Matrix2x2", "payoffs": [[[88,9],[69,6]],[[61,3],[0,0]]]},
"G703": {"type": "Matrix2x2", "payoffs": [[[47,16],[15,11]],[[53,39],[0,0]]]},
"G704": {"type": "Matrix2x2", "payoffs": [[[1,27],[0,34]],[[20,0],[23,43]]]},
"G705": {"type": "Matrix2x2", "payoffs": [[[4,9],[0,12]],[[27,14],[23,0]]]},
"G706": {"type": "Matrix2x2", "payoffs": [[[0,0],[54,14]],[[24,10],[32,12]]]},
"G707": {"type": "Matrix2x2", "payoffs": [[[42,0],[43,31]],[[0,33],[51,55]]]},
"G708": {"type": "Matrix2x2", "payoffs": [[[30,0],[0,18]],[[41,25],[1,14]]]},
"G709": {"type": "Matrix2x2", "payoffs": [[[0,11],[19,5]],[[35,15],[23,0]]]},
"G710": {"type": "Matrix2x2", "payoffs": [[[0,10],[52,0]],[[27,14],[62,16]]]},
"G711": {"type": "Matrix2x2", "payoffs": [[[79,17],[41,12]],[[0,2],[78,0]]]},
"G712": {"type": "Matrix2x2", "payoffs": [[[1,43],[0,0]],[[5,31],[13,88]]]},
"G713": {"type": "Matrix2x2", "payoffs": [[[93,9],[0,0]],[[100,17],[69,2]]]},
"G714": {"type": "Matrix2x2", "payoffs": [[[44,19],[1,14]],[[16,0],[0,5]]]},
"G715": {"type": "Matrix2x2", "payoffs": [[[21,40],[0,19]],[[7,0],[13,17]]]},
"G716": {"type": "Matrix2x2", "payoffs": [[[15,29],[24,0]],[[49,77],[0,39]]]},
"G717": {"type": "Matrix2x2", "payoffs": [[[8,29],[1,0]],[[0,46],[12,91]]]},
"G718": {"type": "Matrix2x2", "payoffs": [[[0,31],[9,0]],[[10,3],[11,57]]]},
"G719": {"type": "Matrix2x2", "payoffs": [[[0,10],[86,41]],[[66,32],[33,0]]]},
"G720": {"type": "Matrix2x2", "payoffs": [[[69,3],[66,0]],[[20,1],[0,2]]]},
"G721": {"type": "Matrix2x2", "payoffs": [[[26,0],[0,36]],[[98,80],[51,27]]]},
"G722": {"type": "Matrix2x2", "payoffs": [[[0,5],[20,24]],[[18,0],[45,62]]]},
"G723": {"type": "Matrix2x2", "payoffs": [[[59,25],[47,0]],[[49,21],[0,11]]]},
"G724": {"type": "Matrix2x2", "payoffs": [[[0,0],[54,75]],[[23,35],[4,5]]]},
"G725": {"type": "Matrix2x2", "payoffs": [[[6,13],[11,17]],[[15,22],[0,0]]]},
"G726": {"type": "Matrix2x2", "payoffs": [[[9,20],[14,0]],[[0,7],[19,31]]]},
"G727": {"type": "Matrix2x2", "payoffs": [[[97,59],[0,0]],[[7,39],[43,29]]]},
"G728": {"type": "Matrix2x2", "payoffs": [[[0,21],[18,12]],[[30,0],[52,26]]]},
"G729": {"type": "Matrix2x2", "payoffs": [[[0,0],[36,96]],[[24,62],[29,53]]]},
"G730": {"type": "Matrix2x2", "payoffs": [[[47,0],[86,80]],[[43,22],[0,15]]]},
"G731": {"type": "Matrix2x2", "payoffs": [[[0,0],[45,6]],[[43,4],[68,59]]]},
"G732": {"type": "Matrix2x2", "payoffs": [[[77,36],[28,0]],[[0,31],[53,35]]]},
"G733": {"type": "Matrix2x2", "payoffs": [[[86,7],[35,1]],[[0,0],[96,21]]]},
"G734": {"type": "Matrix2x2", "payoffs": [[[66,80],[0,58]],[[32,0],[98,90]]]},
"G735": {"type": "Matrix2x2", "payoffs": [[[21,95],[12,0]],[[1,77],[0,46]]]},
"G736": {"type": "Matrix2x2", "payoffs": [[[14,0],[3,46]],[[41,94],[0,19]]]},
"G737": {"type": "Matrix2x2", "payoffs": [[[57,59],[49,25]],[[7,0],[0,4]]]},
"G738": {"type": "Matrix2x2", "payoffs": [[[6,3],[13,0]],[[27,54],[0,49]]]},
"G739": {"type": "Matrix2x2", "payoffs": [[[50,44],[39,10]],[[17,0],[0,38]]]},
"G740": {"type": "Matrix2x2", "payoffs": [[[12,0],[0,69]],[[69,90],[28,63]]]},
"G741": {"type": "Matrix2x2", "payoffs": [[[61,35],[52,0]],[[69,38],[0,13]]]},
"G742": {"type": "Matrix2x2", "payoffs": [[[4,0],[14,81]],[[0,13],[1,25]]]},
"G743": {"type": "Matrix2x2", "payoffs": [[[62,0],[40,45]],[[97,60],[0,4]]]},
"G744": {"type": "Matrix2x2", "payoffs": [[[7,0],[28,12]],[[66,21],[0,19]]]},
"G745": {"type": "Matrix2x2", "payoffs": [[[18,88],[0,42]],[[43,96],[21,0]]]},
"G746": {"type": "Matrix2x2", "payoffs": [[[5,45],[2,42]],[[0,0],[3,32]]]},
"G747": {"type": "Matrix2x2", "payoffs": [[[7,0],[11,47]],[[8,9],[0,23]]]},
"G748": {"type": "Matrix2x2", "payoffs": [[[47,28],[12,0]],[[26,13],[0,5]]]},
"G749": {"type": "Matrix2x2", "payoffs": [[[4,42],[0,71]],[[23,73],[16,0]]]},
"G750": {"type": "Matrix2x2", "payoffs": [[[19,3],[5,0]],[[7,1],[0,2]]]},
"G751": {"type": "Matrix2x2", "payoffs": [[[0,19],[10,0]],[[70,53],[27,31]]]},
"G752": {"type": "Matrix2x2", "payoffs": [[[95,10],[33,0]],[[0,4],[13,5]]]},
"G753": {"type": "Matrix2x2", "payoffs": [[[13,37],[10,38]],[[42,96],[0,0]]]},
"G754": {"type": "Matrix2x2", "payoffs": [[[0,0],[91,97]],[[21,87],[61,24]]]},
"G755": {"type": "Matrix2x2", "payoffs": [[[20,13],[19,70]],[[49,76],[0,0]]]},
"G756": {"type": "Matrix2x2", "payoffs": [[[0,0],[31,42]],[[29,13],[21,12]]]},
"G757": {"type": "Matrix2x2", "payoffs": [[[57,83],[18,71]],[[0,74],[52,0]]]},
"G758": {"type": "Matrix2x2", "payoffs": [[[33,96],[0,0]],[[22,14],[11,48]]]},
"G759": {"type": "Matrix2x2", "payoffs": [[[0,12],[22,15]],[[90,23],[67,0]]]},
"G760": {"type": "Matrix2x2", "payoffs": [[[0,48],[39,0]],[[21,2],[48,50]]]},
"G761": {"type": "Matrix2x2", "payoffs": [[[59,14],[0,0]],[[73,48],[47,16]]]},
"G762": {"type": "Matrix2x2", "payoffs": [[[38,0],[75,63]],[[35,35],[0,21]]]},
"G763": {"type": "Matrix2x2", "payoffs": [[[0,11],[4,67]],[[21,90],[2,0]]]},
"G764": {"type": "Matrix2x2", "payoffs": [[[0,0],[19,4]],[[5,14],[60,58]]]},
"G765": {"type": "Matrix2x2", "payoffs": [[[0,0],[47,50]],[[51,83],[44,59]]]},
"G766": {"type": "Matrix2x2", "payoffs": [[[37,56],[22,40]],[[17,18],[0,0]]]},
"G767": {"type": "Matrix2x2", "payoffs": [[[58,54],[42,19]],[[34,8],[0,0]]]},
"G768": {"type": "Matrix2x2", "payoffs": [[[19,0],[0,15]],[[29,10],[55,26]]]},
"G769": {"type": "Matrix2x2", "payoffs": [[[6,46],[100,63]],[[22,0],[0,21]]]},
"G770": {"type": "Matrix2x2", "payoffs": [[[65,82],[40,19]],[[13,0],[0,24]]]},
"G771": {"type": "Matrix2x2", "payoffs": [[[27,78],[0,0]],[[25,59],[15,73]]]},
"G772": {"type": "Matrix2x2", "payoffs": [[[1,1],[7,0]],[[14,87],[0,40]]]},
"G773": {"type": "Matrix2x2", "payoffs": [[[83,65],[34,22]],[[70,29],[0,0]]]},
"G774": {"type": "Matrix2x2", "payoffs": [[[43,0],[0,17]],[[46,29],[21,23]]]},
"G775": {"type": "Matrix2x2", "payoffs": [[[0,9],[50,18]],[[47,0],[99,29]]]},
"G776": {"type": "Matrix2x2", "payoffs": [[[0,0],[72,30]],[[74,59],[10,54]]]},
"G777": {"type": "Matrix2x2", "payoffs": [[[7,49],[54,87]],[[26,0],[0,14]]]},
"G778": {"type": "Matrix2x2", "payoffs": [[[0,5],[30,21]],[[46,42],[17,0]]]},
"G779": {"type": "Matrix2x2", "payoffs": [[[0,15],[90,94]],[[69,38],[48,0]]]},
"G780": {"type": "Matrix2x2", "payoffs": [[[0,0],[42,74]],[[5,2],[25,31]]]},
"G781": {"type": "Matrix2x2", "payoffs": [[[44,31],[0,0]],[[1,9],[49,94]]]},
"G782": {"type": "Matrix2x2", "payoffs": [[[1,18],[0,21]],[[7,0],[8,48]]]},
"G783": {"type": "Matrix2x2", "payoffs": [[[90,38],[40,17]],[[60,0],[0,24]]]},
"G784": {"type": "Matrix2x2", "payoffs": [[[14,0],[0,2]],[[68,83],[60,32]]]},
"G785": {"type": "Matrix2x2", "payoffs": [[[46,28],[64,89]],[[30,0],[0,66]]]},
"G786": {"type": "Matrix2x2", "payoffs": [[[40,0],[0,31]],[[60,82],[50,1]]]},
"G787": {"type": "Matrix2x2", "payoffs": [[[30,33],[69,0]],[[0,81],[99,88]]]},
"G788": {"type": "Matrix2x2", "payoffs": [[[8,0],[2,32]],[[9,33],[0,6]]]},
"G789": {"type": "Matrix2x2", "payoffs": [[[63,13],[90,14]],[[8,0],[0,6]]]},
"G790": {"type": "Matrix2x2", "payoffs": [[[45,46],[41,19]],[[0,0],[29,34]]]},
"G791": {"type": "Matrix2x2", "payoffs": [[[0,0],[62,29]],[[50,43],[70,60]]]},
"G792": {"type": "Matrix2x2", "payoffs": [[[21,99],[17,89]],[[2,33],[0,0]]]},
"G793": {"type": "Matrix2x2", "payoffs": [[[0,0],[18,23]],[[51,39],[32,7]]]},
"G794": {"type": "Matrix2x2", "payoffs": [[[4,0],[15,27]],[[0,9],[2,23]]]},
"G795": {"type": "Matrix2x2", "payoffs": [[[0,55],[81,59]],[[87,67],[43,0]]]},
"G796": {"type": "Matrix2x2", "payoffs": [[[40,6],[27,5]],[[0,3],[6,0]]]},
"G797": {"type": "Matrix2x2", "payoffs": [[[5,34],[0,45]],[[15,49],[8,0]]]},
"G798": {"type": "Matrix2x2", "payoffs": [[[75,89],[0,77]],[[52,65],[62,0]]]},
"G799": {"type": "Matrix2x2", "payoffs": [[[68,18],[52,14]],[[0,4],[61,0]]]},
"G800": {"type": "Matrix2x2", "payoffs": [[[32,0],[88,4]],[[93,17],[0,2]]]},
"G801": {"type": "Matrix2x2", "payoffs": [[[9,0],[21,75]],[[20,69],[0,53]]]},
"G802": {"type": "Matrix2x2", "payoffs": [[[0,0],[2,17]],[[4,15],[16,61]]]},
"G803": {"type": "Matrix2x2", "payoffs": [[[0,70],[16,49]],[[13,0],[24,98]]]},
"G804": {"type": "Matrix2x2", "payoffs": [[[29,96],[20,62]],[[5,0],[0,69]]]},
"G805": {"type": "Matrix2x2", "payoffs": [[[51,18],[11,0]],[[0,16],[18,13]]]},
"G806": {"type": "Matrix2x2", "payoffs": [[[17,36],[3,0]],[[74,70],[0,14]]]},
"G807": {"type": "Matrix2x2", "payoffs": [[[0,37],[35,0]],[[58,62],[38,45]]]},
"G808": {"type": "Matrix2x2", "payoffs": [[[53,24],[57,78]],[[33,0],[0,52]]]},
"G809": {"type": "Matrix2x2", "payoffs": [[[40,67],[12,40]],[[15,46],[0,0]]]},
"G810": {"type": "Matrix2x2", "payoffs": [[[0,0],[48,28]],[[90,41],[67,2]]]},
"G811": {"type": "Matrix2x2", "payoffs": [[[36,0],[62,41]],[[85,98],[0,28]]]},
"G812": {"type": "Matrix2x2", "payoffs": [[[0,0],[9,75]],[[5,63],[4,38]]]},
"G813": {"type": "Matrix2x2", "payoffs": [[[34,18],[18,34]],[[0,0],[36,35]]]},
"G814": {"type": "Matrix2x2", "payoffs": [[[36,21],[79,69]],[[33,0],[0,41]]]},
"G815": {"type": "Matrix2x2", "payoffs": [[[3,85],[0,69]],[[1,0],[2,11]]]},
"G816": {"type": "Matrix2x2", "payoffs": [[[70,9],[46,0]],[[47,5],[0,6]]]},
"G817": {"type": "Matrix2x2", "payoffs": [[[0,0],[16,10]],[[1,14],[17,18]]]},
"G818": {"type": "Matrix2x2", "payoffs": [[[64,100],[37,88]],[[49,0],[0,27]]]},
"G819": {"type": "Matrix2x2", "payoffs": [[[0,22],[7,0]],[[1,36],[14,42]]]},
"G820": {"type": "Matrix2x2", "payoffs": [[[70,63],[40,24]],[[3,10],[0,0]]]},
"G821": {"type": "Matrix2x2", "payoffs": [[[1,55],[17,67]],[[5,33],[0,0]]]},
"G822": {"type": "Matrix2x2", "payoffs": [[[43,99],[22,96]],[[0,0],[20,89]]]},
"G823": {"type": "Matrix2x2", "payoffs": [[[93,65],[0,47]],[[78,0],[68,38]]]},
"G824": {"type": "Matrix2x2", "payoffs": [[[0,55],[8,29]],[[87,0],[91,88]]]},
"G825": {"type": "Matrix2x2", "payoffs": [[[0,18],[37,39]],[[4,10],[24,0]]]},
"G826": {"type": "Matrix2x2", "payoffs": [[[82,79],[93,83]],[[0,0],[49,82]]]},
"G827": {"type": "Matrix2x2", "payoffs": [[[31,55],[1,35]],[[21,41],[0,0]]]},
"G828": {"type": "Matrix2x2", "payoffs": [[[0,0],[4,43]],[[2,52],[6,78]]]},
"G829": {"type": "Matrix2x2", "payoffs": [[[68,72],[61,0]],[[0,51],[59,8]]]},
"G830": {"type": "Matrix2x2", "payoffs": [[[0,17],[27,7]],[[39,0],[68,30]]]},
"G831": {"type": "Matrix2x2", "payoffs": [[[72,9],[60,0]],[[0,7],[27,6]]]},
"G832": {"type": "Matrix2x2", "payoffs": [[[13,14],[0,8]],[[33,17],[18,0]]]},
"G833": {"type": "Matrix2x2", "payoffs": [[[61,35],[0,0]],[[4,13],[68,87]]]},
"G834": {"type": "Matrix2x2", "payoffs": [[[17,0],[93,65]],[[0,56],[11,24]]]},
"G835": {"type": "Matrix2x2", "payoffs": [[[27,98],[5,0]],[[0,67],[11,83]]]},
"G836": {"type": "Matrix2x2", "payoffs": [[[34,64],[42,50]],[[0,0],[94,66]]]},
"G837": {"type": "Matrix2x2", "payoffs": [[[2,21],[7,40]],[[4,0],[0,7]]]},
"G838": {"type": "Matrix2x2", "payoffs": [[[17,0],[0,25]],[[36,30],[6,16]]]},
"G839": {"type": "Matrix2x2", "payoffs": [[[73,5],[25,3]],[[51,0],[0,4]]]},
"G840": {"type": "Matrix2x2", "payoffs": [[[25,53],[26,55]],[[40,56],[0,0]]]},
"G841": {"type": "Matrix2x2", "payoffs": [[[0,19],[2,0]],[[4,97],[1,71]]]},
"G842": {"type": "Matrix2x2", "payoffs": [[[23,0],[40,42]],[[0,17],[55,48]]]},
"G843": {"type": "Matrix2x2", "payoffs": [[[41,0],[30,14]],[[0,18],[46,23]]]},
"G844": {"type": "Matrix2x2", "payoffs": [[[34,100],[18,36]],[[0,0],[30,77]]]},
"G845": {"type": "Matrix2x2", "payoffs": [[[0,0],[56,75]],[[54,71],[51,55]]]},
"G846": {"type": "Matrix2x2", "payoffs": [[[2,0],[0,39]],[[4,28],[7,41]]]},
"G847": {"type": "Matrix2x2", "payoffs": [[[1,44],[2,0]],[[0,39],[6,94]]]},
"G848": {"type": "Matrix2x2", "payoffs": [[[50,35],[79,8]],[[0,0],[85,83]]]},
"G849": {"type": "Matrix2x2", "payoffs": [[[2,54],[0,0]],[[5,45],[16,93]]]},
"G850": {"type": "Matrix2x2", "payoffs": [[[52,31],[0,2]],[[51,0],[48,3]]]},
"G851": {"type": "Matrix2x2", "payoffs": [[[61,24],[11,19]],[[0,7],[23,0]]]},
"G852": {"type": "Matrix2x2", "payoffs": [[[35,30],[0,0]],[[22,26],[4,25]]]},
"G853": {"type": "Matrix2x2", "payoffs": [[[17,0],[18,11]],[[21,53],[0,33]]]},
"G854": {"type": "Matrix2x2", "payoffs": [[[64,13],[0,0]],[[65,31],[10,19]]]},
"G855": {"type": "Matrix2x2", "payoffs": [[[86,79],[56,77]],[[1,0],[0,25]]]},
"G856": {"type": "Matrix2x2", "payoffs": [[[38,35],[81,54]],[[0,0],[17,28]]]},
"G857": {"type": "Matrix2x2", "payoffs": [[[9,15],[0,0]],[[33,26],[99,45]]]},
"G858": {"type": "Matrix2x2", "payoffs": [[[11,10],[21,22]],[[0,0],[16,17]]]},
"G859": {"type": "Matrix2x2", "payoffs": [[[0,0],[17,65]],[[12,72],[22,83]]]},
"G860": {"type": "Matrix2x2", "payoffs": [[[43,69],[32,29]],[[0,26],[17,0]]]},
"G861": {"type": "Matrix2x2", "payoffs": [[[0,0],[73,76]],[[23,23],[12,26]]]},
"G862": {"type": "Matrix2x2", "payoffs": [[[91,5],[60,3]],[[89,2],[0,0]]]},
"G863": {"type": "Matrix2x2", "payoffs": [[[0,25],[74,0]],[[75,64],[53,10]]]},
"G864": {"type": "Matrix2x2", "payoffs": [[[15,0],[39,28]],[[55,29],[0,2]]]},
"G865": {"type": "Matrix2x2", "payoffs": [[[0,53],[78,69]],[[75,45],[61,0]]]},
"G866": {"type": "Matrix2x2", "payoffs": [[[78,17],[0,8]],[[24,0],[79,19]]]},
"G867": {"type": "Matrix2x2", "payoffs": [[[2,0],[5,17]],[[6,88],[0,83]]]},
"G868": {"type": "Matrix2x2", "payoffs": [[[45,0],[9,12]],[[0,10],[73,13]]]},
"G869": {"type": "Matrix2x2", "payoffs": [[[22,9],[0,18]],[[39,0],[90,27]]]},
"G870": {"type": "Matrix2x2", "payoffs": [[[0,48],[92,68]],[[46,0],[67,36]]]},
"G871": {"type": "Matrix2x2", "payoffs": [[[20,32],[31,52]],[[0,14],[11,0]]]},
"G872": {"type": "Matrix2x2", "payoffs": [[[3,0],[27,40]],[[7,4],[0,2]]]},
"G873": {"type": "Matrix2x2", "payoffs": [[[39,0],[0,26]],[[69,55],[45,42]]]},
"G874": {"type": "Matrix2x2", "payoffs": [[[2,58],[6,86]],[[0,0],[11,100]]]},
"G875": {"type": "Matrix2x2", "payoffs": [[[96,69],[45,0]],[[0,54],[80,45]]]},
"G876": {"type": "Matrix2x2", "payoffs": [[[2,2],[7,3]],[[0,0],[5,1]]]},
"G877": {"type": "Matrix2x2", "payoffs": [[[52,16],[19,8]],[[0,15],[7,0]]]},
"G878": {"type": "Matrix2x2", "payoffs": [[[39,10],[0,6]],[[82,14],[46,0]]]},
"G879": {"type": "Matrix2x2", "payoffs": [[[10,6],[22,19]],[[0,8],[8,0]]]},
"G880": {"type": "Matrix2x2", "payoffs": [[[58,43],[18,0]],[[0,4],[67,45]]]},
"G881": {"type": "Matrix2x2", "payoffs": [[[63,0],[8,13]],[[71,25],[0,2]]]},
"G882": {"type": "Matrix2x2", "payoffs": [[[0,11],[98,92]],[[27,21],[75,0]]]},
"G883": {"type": "Matrix2x2", "payoffs": [[[100,69],[0,0]],[[52,20],[9,41]]]},
"G884": {"type": "Matrix2x2", "payoffs": [[[14,49],[9,29]],[[3,45],[0,0]]]},
"G885": {"type": "Matrix2x2", "payoffs": [[[26,33],[23,29]],[[0,10],[12,0]]]},
"G886": {"type": "Matrix2x2", "payoffs": [[[22,0],[50,10]],[[89,14],[0,3]]]},
"G887": {"type": "Matrix2x2", "payoffs": [[[0,0],[20,68]],[[2,34],[5,40]]]},
"G888": {"type": "Matrix2x2", "payoffs": [[[1,45],[45,96]],[[0,0],[21,53]]]},
"G889": {"type": "Matrix2x2", "payoffs": [[[0,51],[44,92]],[[9,0],[8,70]]]},
"G890": {"type": "Matrix2x2", "payoffs": [[[25,1],[0,24]],[[6,0],[47,42]]]},
"G891": {"type": "Matrix2x2", "payoffs": [[[0,36],[15,65]],[[1,0],[14,5]]]},
"G892": {"type": "Matrix2x2", "payoffs": [[[90,27],[0,10]],[[19,23],[64,0]]]},
"G893": {"type": "Matrix2x2", "payoffs": [[[20,11],[78,14]],[[0,2],[26,0]]]},
"G894": {"type": "Matrix2x2", "payoffs": [[[8,73],[5,18]],[[0,0],[6,66]]]},
"G895": {"type": "Matrix2x2", "payoffs": [[[3,0],[41,8]],[[0,5],[37,6]]]},
"G896": {"type": "Matrix2x2", "payoffs": [[[0,8],[13,10]],[[9,9],[5,0]]]},
"G897": {"type": "Matrix2x2", "payoffs": [[[14,0],[43,6]],[[75,42],[0,21]]]},
"G898": {"type": "Matrix2x2", "payoffs": [[[13,37],[12,0]],[[0,32],[2,12]]]},
"G899": {"type": "Matrix2x2", "payoffs": [[[0,0],[8,28]],[[53,43],[64,46]]]},
"G900": {"type": "Matrix2x2", "payoffs": [[[3,0],[4,26]],[[7,54],[0,7]]]},
"G901": {"type": "Matrix2x2", "payoffs": [[[0,0],[13,10]],[[11,6],[28,19]]]},
"G902": {"type": "Matrix2x2", "payoffs": [[[7,43],[4,14]],[[0,21],[2,0]]]},
"G903": {"type": "Matrix2x2", "payoffs": [[[13,35],[0,0]],[[41,65],[24,13]]]},
"G904": {"type": "Matrix2x2", "payoffs": [[[0,0],[3,44]],[[52,62],[79,84]]]},
"G905": {"type": "Matrix2x2", "payoffs": [[[4,0],[55,54]],[[0,14],[26,8]]]},
"G906": {"type": "Matrix2x2", "payoffs": [[[0,12],[10,5]],[[34,13],[28,0]]]},
"G907": {"type": "Matrix2x2", "payoffs": [[[0,0],[12,37]],[[23,98],[1,44]]]},
"G908": {"type": "Matrix2x2", "payoffs": [[[20,75],[19,38]],[[1,49],[0,0]]]},
"G909": {"type": "Matrix2x2", "payoffs": [[[80,45],[0,48]],[[99,73],[34,0]]]},
"G910": {"type": "Matrix2x2", "payoffs": [[[11,0],[14,27]],[[0,7],[23,46]]]},
"G911": {"type": "Matrix2x2", "payoffs": [[[16,12],[24,51]],[[0,24],[3,0]]]},
"G912": {"type": "Matrix2x2", "payoffs": [[[5,91],[2,0]],[[0,69],[3,39]]]},
"G913": {"type": "Matrix2x2", "payoffs": [[[29,9],[67,19]],[[28,13],[0,0]]]},
"G914": {"type": "Matrix2x2", "payoffs": [[[24,2],[41,4]],[[35,0],[0,3]]]},
"G915": {"type": "Matrix2x2", "payoffs": [[[58,4],[17,0]],[[82,10],[0,8]]]},
"G916": {"type": "Matrix2x2", "payoffs": [[[0,27],[5,15]],[[12,0],[60,71]]]},
"G917": {"type": "Matrix2x2", "payoffs": [[[50,56],[0,1]],[[44,16],[41,0]]]},
"G918": {"type": "Matrix2x2", "payoffs": [[[0,45],[96,67]],[[59,0],[25,9]]]},
"G919": {"type": "Matrix2x2", "payoffs": [[[40,0],[33,15]],[[0,19],[51,41]]]},
"G920": {"type": "Matrix2x2", "payoffs": [[[8,7],[26,35]],[[18,24],[0,0]]]},
"G921": {"type": "Matrix2x2", "payoffs": [[[0,0],[50,30]],[[86,46],[23,17]]]},
"G922": {"type": "Matrix2x2", "payoffs": [[[5,24],[3,18]],[[4,2],[0,0]]]},
"G923": {"type": "Matrix2x2", "payoffs": [[[0,41],[1,38]],[[54,58],[36,0]]]},
"G924": {"type": "Matrix2x2", "payoffs": [[[1,25],[24,93]],[[5,0],[0,23]]]},
"G925": {"type": "Matrix2x2", "payoffs": [[[26,36],[10,4]],[[9,34],[0,0]]]},
"G926": {"type": "Matrix2x2", "payoffs": [[[0,80],[66,96]],[[34,44],[8,0]]]},
"G927": {"type": "Matrix2x2", "payoffs": [[[0,12],[21,31]],[[14,0],[17,21]]]},
"G928": {"type": "Matrix2x2", "payoffs": [[[0,0],[94,24]],[[74,10],[83,7]]]},
"G929": {"type": "Matrix2x2", "payoffs": [[[10,17],[0,5]],[[8,0],[25,53]]]},
"G930": {"type": "Matrix2x2", "payoffs": [[[38,3],[14,2]],[[0,0],[33,1]]]},
"G931": {"type": "Matrix2x2", "payoffs": [[[25,12],[0,1]],[[57,0],[91,15]]]},
"G932": {"type": "Matrix2x2", "payoffs": [[[58,35],[0,14]],[[68,96],[12,0]]]},
"G933": {"type": "Matrix2x2", "payoffs": [[[47,1],[69,15]],[[0,0],[51,8]]]},
"G934": {"type": "Matrix2x2", "payoffs": [[[75,7],[0,3]],[[51,0],[19,2]]]},
"G935": {"type": "Matrix2x2", "payoffs": [[[0,9],[2,0]],[[33,3],[36,10]]]},
"G936": {"type": "Matrix2x2", "payoffs": [[[18,72],[1,13]],[[13,68],[0,0]]]},
"G937": {"type": "Matrix2x2", "payoffs": [[[4,24],[21,43]],[[0,0],[18,25]]]},
"G938": {"type": "Matrix2x2", "payoffs": [[[0,86],[1,0]],[[46,39],[70,90]]]},
"G939": {"type": "Matrix2x2", "payoffs": [[[16,59],[0,0]],[[3,39],[9,34]]]},
"G940": {"type": "Matrix2x2", "payoffs": [[[14,8],[71,22]],[[0,11],[34,0]]]},
"G941": {"type": "Matrix2x2", "payoffs": [[[65,8],[0,14]],[[79,0],[85,30]]]},
"G942": {"type": "Matrix2x2", "payoffs": [[[0,6],[22,4]],[[77,9],[63,0]]]},
"G943": {"type": "Matrix2x2", "payoffs": [[[6,35],[9,85]],[[0,0],[7,8]]]},
"G944": {"type": "Matrix2x2", "payoffs": [[[94,23],[69,0]],[[0,17],[19,10]]]},
"G945": {"type": "Matrix2x2", "payoffs": [[[26,0],[0,10]],[[14,12],[62,23]]]},
"G946": {"type": "Matrix2x2", "payoffs": [[[87,5],[90,19]],[[11,0],[0,3]]]},
"G947": {"type": "Matrix2x2", "payoffs": [[[99,83],[0,0]],[[17,80],[62,42]]]},
"G948": {"type": "Matrix2x2", "payoffs": [[[8,17],[24,0]],[[33,28],[0,6]]]},
"G949": {"type": "Matrix2x2", "payoffs": [[[38,32],[5,27]],[[0,15],[7,0]]]},
"G950": {"type": "Matrix2x2", "payoffs": [[[12,0],[0,31]],[[69,12],[72,75]]]},
"G951": {"type": "Matrix2x2", "payoffs": [[[4,4],[3,0]],[[11,55],[0,38]]]},
"G952": {"type": "Matrix2x2", "payoffs": [[[0,0],[17,23]],[[3,55],[51,81]]]},
"G953": {"type": "Matrix2x2", "payoffs": [[[61,81],[55,13]],[[0,0],[27,71]]]},
"G954": {"type": "Matrix2x2", "payoffs": [[[87,42],[0,0]],[[36,3],[21,39]]]},
"G955": {"type": "Matrix2x2", "payoffs": [[[0,10],[1,2]],[[15,16],[9,0]]]},
"G956": {"type": "Matrix2x2", "payoffs": [[[13,0],[4,69]],[[16,92],[0,24]]]},
"G957": {"type": "Matrix2x2", "payoffs": [[[0,44],[43,36]],[[17,0],[46,81]]]},
"G958": {"type": "Matrix2x2", "payoffs": [[[6,0],[0,27]],[[17,55],[11,35]]]},
"G959": {"type": "Matrix2x2", "payoffs": [[[92,80],[51,23]],[[0,26],[12,0]]]},
"G960": {"type": "Matrix2x2", "payoffs": [[[0,25],[22,62]],[[20,0],[19,8]]]},
"G961": {"type": "Matrix2x2", "payoffs": [[[0,6],[15,8]],[[62,0],[79,10]]]},
"G962": {"type": "Matrix2x2", "payoffs": [[[0,0],[19,17]],[[25,2],[37,20]]]},
"G963": {"type": "Matrix2x2", "payoffs": [[[40,69],[16,59]],[[21,0],[0,65]]]},
"G964": {"type": "Matrix2x2", "payoffs": [[[0,69],[97,96]],[[37,84],[28,0]]]},
"G965": {"type": "Matrix2x2", "payoffs": [[[27,35],[0,19]],[[4,0],[9,17]]]},
"G966": {"type": "Matrix2x2", "payoffs": [[[34,84],[0,0]],[[84,88],[72,45]]]},
"G967": {"type": "Matrix2x2", "payoffs": [[[13,0],[56,13]],[[73,22],[0,5]]]},
"G968": {"type": "Matrix2x2", "payoffs": [[[54,0],[5,16]],[[84,20],[0,14]]]},
"G969": {"type": "Matrix2x2", "payoffs": [[[1,0],[32,45]],[[0,19],[15,4]]]},
"G970": {"type": "Matrix2x2", "payoffs": [[[70,12],[29,0]],[[34,9],[0,5]]]},
"G971": {"type": "Matrix2x2", "payoffs": [[[0,42],[97,79]],[[26,0],[18,49]]]},
"G972": {"type": "Matrix2x2", "payoffs": [[[13,14],[96,69]],[[3,32],[0,0]]]},
"G973": {"type": "Matrix2x2", "payoffs": [[[16,0],[0,1]],[[43,3],[29,2]]]},
"G974": {"type": "Matrix2x2", "payoffs": [[[0,58],[97,77]],[[73,60],[10,0]]]},
"G975": {"type": "Matrix2x2", "payoffs": [[[2,0],[24,62]],[[11,17],[0,18]]]},
"G976": {"type": "Matrix2x2", "payoffs": [[[20,2],[21,3]],[[0,0],[9,1]]]},
"G977": {"type": "Matrix2x2", "payoffs": [[[100,31],[0,18]],[[41,26],[74,0]]]},
"G978": {"type": "Matrix2x2", "payoffs": [[[52,38],[38,5]],[[49,0],[0,29]]]},
"G979": {"type": "Matrix2x2", "payoffs": [[[8,35],[0,33]],[[3,11],[4,0]]]},
"G980": {"type": "Matrix2x2", "payoffs": [[[30,22],[84,81]],[[6,0],[0,44]]]},
"G981": {"type": "Matrix2x2", "payoffs": [[[21,5],[26,86]],[[16,0],[0,62]]]},
"G982": {"type": "Matrix2x2", "payoffs": [[[21,0],[0,11]],[[71,95],[17,41]]]},
"G983": {"type": "Matrix2x2", "payoffs": [[[66,24],[0,0]],[[47,30],[85,32]]]},
"G984": {"type": "Matrix2x2", "payoffs": [[[7,4],[6,0]],[[2,1],[0,2]]]},
"G985": {"type": "Matrix2x2", "payoffs": [[[66,0],[23,8]],[[67,31],[0,29]]]},
"G986": {"type": "Matrix2x2", "payoffs": [[[1,0],[3,28]],[[5,29],[0,11]]]},
"G987": {"type": "Matrix2x2", "payoffs": [[[32,40],[5,39]],[[13,0],[0,5]]]},
"G988": {"type": "Matrix2x2", "payoffs": [[[7,72],[78,94]],[[68,26],[0,0]]]},
"G989": {"type": "Matrix2x2", "payoffs": [[[12,20],[40,39]],[[30,0],[0,37]]]},
"G990": {"type": "Matrix2x2", "payoffs": [[[7,2],[17,0]],[[0,6],[24,10]]]},
"G991": {"type": "Matrix2x2", "payoffs": [[[35,90],[1,12]],[[31,0],[0,1]]]},
"G992": {"type": "Matrix2x2", "payoffs": [[[33,0],[23,47]],[[0,76],[37,97]]]},
"G993": {"type": "Matrix2x2", "payoffs": [[[10,5],[0,0]],[[91,9],[5,3]]]},
"G994": {"type": "Matrix2x2", "payoffs": [[[7,18],[0,6]],[[24,27],[23,0]]]},
"G995": {"type": "Matrix2x2", "payoffs": [[[0,8],[89,28]],[[36,0],[30,5]]]},
"G996": {"type": "Matrix2x2", "payoffs": [[[38,52],[49,93]],[[0,76],[35,0]]]},
"G997": {"type": "Matrix2x2", "payoffs": [[[11,3],[4,0]],[[13,8],[0,1]]]},
"G998": {"type": "Matrix2x2", "payoffs": [[[0,0],[7,36]],[[41,50],[42,73]]]},
"G999": {"type": "Matrix2x2", "payoffs": [[[9,0],[0,28]],[[6,79],[18,90]]]},
"G1000": {"type": "Matrix2x2", "payoffs": [[[10,14],[0,0]],[[62,27],[64,83]]]}
}