{
"numGames": 100,
"G1": {"type": "Matrix2x2", "payoffs": [[[24,94],[23,0]],[[11,61],[0,88]]]},
"G2": {"type": "Matrix2x2", "payoffs": [[[41,9],[0,4]],[[19,0],[27,6]]]},
"G3": {"type": "Matrix2x2", "payoffs": [[[9,99],[0,90]],[[6,49],[2,0]]]},
"G4": {"type": "Matrix2x2", "payoffs": [[[60,0],[69,80]],[[0,2],[74,100]]]},
"G5": {"type": "Matrix2x2", "payoffs": [[[3,0],[5,14]],[[8,15],[0,13]]]},
"G6": {"type": "Matrix2x2", "payoffs": [[[59,44],[63,77]],[[46,22],[0,0]]]},
"G7": {"type": "Matrix2x2", "payoffs": [[[0,0],[18,8]],[[10,3],[4,2]]]},
"G8": {"type": "Matrix2x2", "payoffs": [[[41,55],[34,0]],[[0,51],[19,30]]]},
"G9": {"type": "Matrix2x2", "payoffs": [[[65,92],[0,41]],[[43,0],[40,81]]]},
"G10": {"type": "Matrix2x2", "payoffs": [[[96,16],[46,8]],[[0,0],[55,12]]]},
"G11": {"type": "Matrix2x2", "payoffs": [[[0,0],[96,14]],[[92,4],[78,13]]]},
"G12": {"type": "Matrix2x2", "payoffs": [[[40,64],[78,96]],[[48,0],[0,72]]]},
"G13": {"type": "Matrix2x2", "payoffs": [[[15,0],[98,7]],[[3,1],[0,4]]]},
"G14": {"type": "Matrix2x2", "payoffs": [[[78,0],[13,12]],[[0,66],[82,81]]]},
"G15": {"type": "Matrix2x2", "payoffs": [[[97,74],[0,23]],[[2,24],[73,0]]]},
"G16": {"type": "Matrix2x2", "payoffs": [[[70,41],[9,8]],[[29,0],[0,40]]]},
"G17": {"type": "Matrix2x2", "payoffs": [[[1,60],[0,14]],[[12,0],[24,96]]]},
"G18": {"type": "Matrix2x2", "payoffs": [[[0,11],[26,12]],[[35,38],[15,0]]]},
"G19": {"type": "Matrix2x2", "payoffs": [[[33,31],[99,63]],[[0,0],[92,34]]]},
"G20": {"type": "Matrix2x2", "payoffs": [[[24,3],[36,0]],[[52,34],[0,11]]]},
"G21": {"type": "Matrix2x2", "payoffs": [[[24,32],[31,53]],[[2,0],[0,9]]]},
"G22": {"type": "Matrix2x2", "payoffs": [[[0,11],[32,0]],[[24,2],[80,24]]]},
"G23": {"type": "Matrix2x2", "payoffs": [[[1,24],[51,54]],[[0,0],[38,20]]]},
"G24": {"type": "Matrix2x2", "payoffs": [[[60,13],[78,30]],[[28,21],[0,0]]]},
"G25": {"type": "Matrix2x2", "payoffs": [[[52,35],[0,0]],[[32,3],[49,5]]]},
"G26": {"type": "Matrix2x2", "payoffs": [[[0,0],[55,61]],[[29,6],[34,24]]]},
"G27": {"type": "Matrix2x2", "payoffs": [[[12,57],[13,0]],[[15,74],[0,9]]]},
"G28": {"type": "Matrix2x2", "payoffs": [[[70,36],[58,17]],[[12,24],[0,0]]]},
"G29": {"type": "Matrix2x2", "payoffs": [[[29,6],[76,18]],[[12,2],[0,0]]]},
"G30": {"type": "Matrix2x2", "payoffs": [[[0,24],[6,0]],[[43,36],[18,9]]]},
"G31": {"type": "Matrix2x2", "payoffs": [[[12,30],[1,0]],[[0,4],[10,22]]]},
"G32": {"type": "Matrix2x2", "payoffs": [[[4,39],[58,52]],[[0,0],[100,86]]]},
"G33": {"type": "Matrix2x2", "payoffs": [[[0,3],[83,49]],[[53,47],[13,0]]]},
"G34": {"type": "Matrix2x2", "payoffs": [[[31,40],[14,27]],[[27,0],[0,18]]]},
"G35": {"type": "Matrix2x2", "payoffs": [[[65,1],[0,0]],[[30,12],[82,22]]]},
"G36": {"type": "Matrix2x2", "payoffs": [[[38,2],[97,90]],[[74,52],[0,0]]]},
"G37": {"type": "Matrix2x2", "payoffs": [[[0,6],[21,7]],[[18,2],[13,0]]]},
"G38": {"type": "Matrix2x2", "payoffs": [[[0,29],[66,38]],[[3,14],[61,0]]]},
"G39": {"type": "Matrix2x2", "payoffs": [[[71,88],[0,83]],[[52,0],[82,98]]]},
"G40": {"type": "Matrix2x2", "payoffs": [[[2,4],[22,5]],[[14,1],[0,0]]]},
"G41": {"type": "Matrix2x2", "payoffs": [[[0,47],[67,100]],[[11,6],[15,0]]]},
"G42": {"type": "Matrix2x2", "payoffs": [[[0,7],[48,1]],[[28,0],[87,15]]]},
"G43": {"type": "Matrix2x2", "payoffs": [[[38,0],[25,47]],[[71,82],[0,54]]]},
"G44": {"type": "Matrix2x2", "payoffs": [[[80,9],[93,11]],[[20,8],[0,0]]]},
"G45": {"type": "Matrix2x2", "payoffs": [[[10,85],[0,20]],[[7,0],[8,15]]]},
"G46": {"type": "Matrix2x2", "payoffs": [[[37,22],[0,29]],[[13,0],[94,39]]]},
"G47": {"type": "Matrix2x2", "payoffs": [[[47,59],[0,23]],[[15,0],[27,11]]]},
"G48": {"type": "Matrix2x2", "payoffs": [[[93,45],[0,35]],[[90,0],[63,41]]]},
"G49": {"type": "Matrix2x2", "payoffs": [[[0,0],[56,12]],[[54,4],[43,7]]]},
"G50": {"type": "Matrix2x2", "payoffs": [[[38,58],[0,16]],[[72,68],[43,0]]]},
"G51": {"type": "Matrix2x2", "payoffs": [[[6,46],[2,0]],[[1,23],[0,2]]]},
"G52": {"type": "Matrix2x2", "payoffs": [[[33,0],[0,9]],[[45,26],[36,12]]]},
"G53": {"type": "Matrix2x2", "payoffs": [[[68,10],[0,0]],[[88,44],[74,16]]]},
"G54": {"type": "Matrix2x2", "payoffs": [[[0,43],[5,0]],[[10,15],[28,50]]]},
"G55": {"type": "Matrix2x2", "payoffs": [[[24,0],[29,7]],[[0,2],[10,4]]]},
"G56": {"type": "Matrix2x2", "payoffs": [[[4,35],[5,82]],[[0,14],[2,0]]]},
"G57": {"type": "Matrix2x2", "payoffs": [[[51,14],[66,31]],[[0,7],[14,0]]]},
"G58": {"type": "Matrix2x2", "payoffs": [[[0,0],[83,3]],[[31,1],[43,2]]]},
"G59": {"type": "Matrix2x2", "payoffs": [[[16,46],[0,35]],[[3,0],[5,1]]]},
"G60": {"type": "Matrix2x2", "payoffs": [[[54,0],[1,1]],[[0,3],[64,6]]]},
"G61": {"type": "Matrix2x2", "payoffs": [[[74,56],[64,0]],[[32,12],[0,9]]]},
"G62": {"type": "Matrix2x2", "payoffs": [[[39,1],[0,0]],[[99,51],[76,21]]]},
"G63": {"type": "Matrix2x2", "payoffs": [[[54,9],[0,12]],[[68,20],[30,0]]]},
"G64": {"type": "Matrix2x2", "payoffs": [[[50,39],[47,27]],[[0,0],[22,34]]]},
"G65": {"type": "Matrix2x2", "payoffs": [[[31,52],[23,48]],[[33,71],[0,0]]]},
"G66": {"type": "Matrix2x2", "payoffs": [[[40,5],[62,23]],[[0,6],[48,0]]]},
"G67": {"type": "Matrix2x2", "payoffs": [[[57,7],[58,89]],[[8,6],[0,0]]]},
"G68": {"type": "Matrix2x2", "payoffs": [[[0,0],[75,16]],[[85,78],[82,62]]]},
"G69": {"type": "Matrix2x2", "payoffs": [[[29,48],[0,0]],[[63,49],[41,41]]]},
"G70": {"type": "Matrix2x2", "payoffs": [[[81,62],[74,0]],[[70,5],[0,27]]]},
"G71": {"type": "Matrix2x2", "payoffs": [[[19,0],[0,9]],[[87,30],[30,23]]]},
"G72": {"type": "Matrix2x2", "payoffs": [[[0,7],[9,0]],[[11,9],[3,2]]]},
"G73": {"type": "Matrix2x2", "payoffs": [[[18,47],[44,79]],[[10,54],[0,0]]]},
"G74": {"type": "Matrix2x2", "payoffs": [[[8,80],[9,75]],[[0,0],[49,91]]]},
"G75": {"type": "Matrix2x2", "payoffs": [[[0,14],[35,6]],[[40,0],[82,53]]]},
"G76": {"type": "Matrix2x2", "payoffs": [[[91,10],[0,7]],[[11,8],[57,0]]]},
"G77": {"type": "Matrix2x2", "payoffs": [[[7,59],[0,0]],[[2,39],[6,1]]]},
"G78": {"type": "Matrix2x2", "payoffs": [[[80,6],[82,39]],[[18,15],[0,0]]]},
"G79": {"type": "Matrix2x2", "payoffs": [[[58,47],[20,0]],[[0,37],[54,16]]]},
"G80": {"type": "Matrix2x2", "payoffs": [[[13,5],[61,10]],[[0,0],[60,8]]]},
"G81": {"type": "Matrix2x2", "payoffs": [[[8,6],[42,7]],[[22,2],[0,0]]]},
"G82": {"type": "Matrix2x2", "payoffs": [[[20,86],[0,25]],[[7,0],[6,38]]]},
"G83": {"type": "Matrix2x2", "payoffs": [[[0,24],[1,0]],[[2,8],[13,27]]]},
"G84": {"type": "Matrix2x2", "payoffs": [[[0,0],[44,41]],[[4,33],[36,32]]]},
"G85": {"type": "Matrix2x2", "payoffs": [[[0,7],[11,2]],[[2,0],[15,30]]]},
"G86": {"type": "Matrix2x2", "payoffs": [[[87,52],[0,43]],[[65,0],[12,22]]]},
"G87": {"type": "Matrix2x2", "payoffs": [[[76,35],[0,23]],[[61,19],[50,0]]]},
"G88": {"type": "Matrix2x2", "payoffs": [[[24,28],[28,69]],[[0,0],[14,7]]]},
"G89": {"type": "Matrix2x2", "payoffs": [[[78,2],[23,3]],[[86,4],[0,0]]]},
"G90": {"type": "Matrix2x2", "payoffs": [[[18,23],[54,50]],[[0,6],[1,0]]]},
"G91": {"type": "Matrix2x2", "payoffs": [[[21,7],[22,34]],[[0,0],[19,33]]]},
"G92": {"type": "Matrix2x2", "payoffs": [[[23,38],[0,66]],[[1,0],[38,92]]]},
"G93": {"type": "Matrix2x2", "payoffs": [[[22,18],[31,0]],[[33,27],[0,20]]]},
"G94": {"type": "Matrix2x2", "payoffs": [[[29,0],[37,15]],[[30,2],[0,1]]]},
"G95": {"type": "Matrix2x2", "payoffs": [[[0,6],[9,7]],[[8,1],[3,0]]]},
"G96": {"type": "Matrix2x2", "payoffs": [[[0,0],[17,36]],[[25,31],[43,85]]]},
"G97": {"type": "Matrix2x2", "payoffs": [[[0,7],[3,0]],[[11,3],[59,8]]]},
"G98": {"type": "Matrix2x2", "payoffs": [[[43,93],[27,52]],[[40,55],[0,0]]]},
"G99": {"type": "Matrix2x2", "payoffs": [[[83,20],[57,0]],[[0,2],[58,6]]]},
"G100": {"type": "Matrix2x2", "payoffs": [[[0,1],[13,4]],[[10,3],[4,0]]]}
}