{
"numGames": 1000,
"G1": {"type": "Matrix2x2", "payoffs": [[[0,66],[1,0]],[[73,70],[82,77]]]},
"G2": {"type": "Matrix2x2", "payoffs": [[[0,39],[15,0]],[[13,38],[28,55]]]},
"G3": {"type": "Matrix2x2", "payoffs": [[[22,6],[62,55]],[[0,20],[4,0]]]},
"G4": {"type": "Matrix2x2", "payoffs": [[[67,67],[66,9]],[[0,0],[24,14]]]},
"G5": {"type": "Matrix2x2", "payoffs": [[[10,97],[0,77]],[[8,0],[9,68]]]},
"G6": {"type": "Matrix2x2", "payoffs": [[[12,48],[7,0]],[[0,17],[8,33]]]},
"G7": {"type": "Matrix2x2", "payoffs": [[[0,24],[12,8]],[[62,66],[20,0]]]},
"G8": {"type": "Matrix2x2", "payoffs": [[[0,3],[25,10]],[[84,23],[20,0]]]},
"G9": {"type": "Matrix2x2", "payoffs": [[[53,39],[0,0]],[[73,71],[49,69]]]},
"G10": {"type": "Matrix2x2", "payoffs": [[[53,24],[9,0]],[[0,35],[93,85]]]},
"G11": {"type": "Matrix2x2", "payoffs": [[[46,0],[35,2]],[[0,1],[67,3]]]},
"G12": {"type": "Matrix2x2", "payoffs": [[[0,13],[28,14]],[[44,0],[59,21]]]},
"G13": {"type": "Matrix2x2", "payoffs": [[[2,54],[9,63]],[[3,0],[0,56]]]},
"G14": {"type": "Matrix2x2", "payoffs": [[[23,0],[28,83]],[[2,73],[0,22]]]},
"G15": {"type": "Matrix2x2", "payoffs": [[[0,0],[11,15]],[[44,22],[13,7]]]},
"G16": {"type": "Matrix2x2", "payoffs": [[[75,76],[57,0]],[[0,2],[70,73]]]},
"G17": {"type": "Matrix2x2", "payoffs": [[[20,50],[19,39]],[[0,0],[2,41]]]},
"G18": {"type": "Matrix2x2", "payoffs": [[[3,40],[9,76]],[[6,45],[0,0]]]},
"G19": {"type": "Matrix2x2", "payoffs": [[[89,25],[11,2]],[[67,0],[0,5]]]},
"G20": {"type": "Matrix2x2", "payoffs": [[[4,40],[16,42]],[[0,34],[5,0]]]},
"G21": {"type": "Matrix2x2", "payoffs": [[[23,24],[26,58]],[[9,0],[0,30]]]},
"G22": {"type": "Matrix2x2", "payoffs": [[[41,7],[28,14]],[[0,0],[77,31]]]},
"G23": {"type": "Matrix2x2", "payoffs": [[[0,57],[22,24]],[[44,0],[71,81]]]},
"G24": {"type": "Matrix2x2", "payoffs": [[[65,16],[50,3]],[[0,0],[4,4]]]},
"G25": {"type": "Matrix2x2", "payoffs": [[[1,48],[4,63]],[[0,40],[3,0]]]},
"G26": {"type": "Matrix2x2", "payoffs": [[[5,34],[30,0]],[[0,12],[37,62]]]},
"G27": {"type": "Matrix2x2", "payoffs": [[[21,95],[0,0]],[[18,57],[15,61]]]},
"G28": {"type": "Matrix2x2", "payoffs": [[[15,16],[26,92]],[[12,34],[0,0]]]},
"G29": {"type": "Matrix2x2", "payoffs": [[[0,0],[29,18]],[[62,93],[15,85]]]},
"G30": {"type": "Matrix2x2", "payoffs": [[[12,9],[0,0]],[[26,57],[3,43]]]},
"G31": {"type": "Matrix2x2", "payoffs": [[[31,63],[9,0]],[[28,46],[0,43]]]},
"G32": {"type": "Matrix2x2", "payoffs": [[[70,26],[0,2]],[[14,9],[40,0]]]},
"G33": {"type": "Matrix2x2", "payoffs": [[[53,12],[95,46]],[[0,0],[73,19]]]},
"G34": {"type": "Matrix2x2", "payoffs": [[[53,15],[1,14]],[[67,24],[0,0]]]},
"G35": {"type": "Matrix2x2", "payoffs": [[[50,53],[0,20]],[[13,10],[20,0]]]},
"G36": {"type": "Matrix2x2", "payoffs": [[[12,41],[11,0]],[[22,52],[0,47]]]},
"G37": {"type": "Matrix2x2", "payoffs": [[[7,3],[0,0]],[[28,61],[42,64]]]},
"G38": {"type": "Matrix2x2", "payoffs": [[[29,3],[18,0]],[[0,14],[69,19]]]},
"G39": {"type": "Matrix2x2", "payoffs": [[[5,0],[29,1]],[[51,67],[0,23]]]},
"G40": {"type": "Matrix2x2", "payoffs": [[[8,2],[20,0]],[[0,59],[44,83]]]},
"G41": {"type": "Matrix2x2", "payoffs": [[[0,0],[12,1]],[[22,5],[17,3]]]},
"G42": {"type": "Matrix2x2", "payoffs": [[[38,6],[48,78]],[[0,0],[10,70]]]},
"G43": {"type": "Matrix2x2", "payoffs": [[[25,37],[44,95]],[[0,43],[2,0]]]},
"G44": {"type": "Matrix2x2", "payoffs": [[[87,19],[99,53]],[[0,41],[81,0]]]},
"G45": {"type": "Matrix2x2", "payoffs": [[[8,5],[0,3]],[[58,12],[45,0]]]},
"G46": {"type": "Matrix2x2", "payoffs": [[[33,30],[0,23]],[[41,0],[48,74]]]},
"G47": {"type": "Matrix2x2", "payoffs": [[[21,3],[0,6]],[[59,0],[99,21]]]},
"G48": {"type": "Matrix2x2", "payoffs": [[[1,15],[21,61]],[[0,23],[7,0]]]},
"G49": {"type": "Matrix2x2", "payoffs": [[[0,12],[9,0]],[[10,14],[11,17]]]},
"G50": {"type": "Matrix2x2", "payoffs": [[[18,70],[8,16]],[[16,0],[0,63]]]},
"G51": {"type": "Matrix2x2", "payoffs": [[[0,0],[63,24]],[[39,7],[67,47]]]},
"G52": {"type": "Matrix2x2", "payoffs": [[[29,4],[0,0]],[[46,1],[48,14]]]},
"G53": {"type": "Matrix2x2", "payoffs": [[[3,2],[0,0]],[[18,3],[23,4]]]},
"G54": {"type": "Matrix2x2", "payoffs": [[[85,27],[0,16]],[[6,22],[75,0]]]},
"G55": {"type": "Matrix2x2", "payoffs": [[[0,20],[28,0]],[[38,45],[25,19]]]},
"G56": {"type": "Matrix2x2", "payoffs": [[[18,0],[0,19]],[[13,42],[84,70]]]},
"G57": {"type": "Matrix2x2", "payoffs": [[[46,68],[41,30]],[[1,25],[0,0]]]},
"G58": {"type": "Matrix2x2", "payoffs": [[[0,13],[38,18]],[[14,17],[13,0]]]},
"G59": {"type": "Matrix2x2", "payoffs": [[[14,2],[64,4]],[[0,0],[34,3]]]},
"G60": {"type": "Matrix2x2", "payoffs": [[[3,0],[17,17]],[[0,8],[19,51]]]},
"G61": {"type": "Matrix2x2", "payoffs": [[[67,31],[34,0]],[[36,3],[0,19]]]},
"G62": {"type": "Matrix2x2", "payoffs": [[[14,73],[55,83]],[[47,0],[0,78]]]},
"G63": {"type": "Matrix2x2", "payoffs": [[[50,45],[0,18]],[[25,22],[23,0]]]},
"G64": {"type": "Matrix2x2", "payoffs": [[[3,31],[52,73]],[[0,44],[6,0]]]},
"G65": {"type": "Matrix2x2", "payoffs": [[[12,2],[0,0]],[[2,10],[14,12]]]},
"G66": {"type": "Matrix2x2", "payoffs": [[[43,16],[38,0]],[[0,6],[64,20]]]},
"G67": {"type": "Matrix2x2", "payoffs": [[[22,15],[11,0]],[[0,14],[5,4]]]},
"G68": {"type": "Matrix2x2", "payoffs": [[[11,0],[6,24]],[[0,7],[25,44]]]},
"G69": {"type": "Matrix2x2", "payoffs": [[[0,39],[46,51]],[[20,15],[9,0]]]},
"G70": {"type": "Matrix2x2", "payoffs": [[[0,10],[44,14]],[[35,2],[12,0]]]},
"G71": {"type": "Matrix2x2", "payoffs": [[[96,17],[0,16]],[[95,13],[27,0]]]},
"G72": {"type": "Matrix2x2", "payoffs": [[[0,36],[62,40]],[[51,2],[29,0]]]},
"G73": {"type": "Matrix2x2", "payoffs": [[[86,87],[0,39]],[[40,10],[31,0]]]},
"G74": {"type": "Matrix2x2", "payoffs": [[[51,94],[39,60]],[[0,91],[20,0]]]},
"G75": {"type": "Matrix2x2", "payoffs": [[[16,5],[19,21]],[[0,0],[6,18]]]},
"G76": {"type": "Matrix2x2", "payoffs": [[[38,91],[30,38]],[[0,53],[19,0]]]},
"G77": {"type": "Matrix2x2", "payoffs": [[[0,0],[23,33]],[[45,36],[36,31]]]},
"G78": {"type": "Matrix2x2", "payoffs": [[[60,57],[11,0]],[[0,53],[9,47]]]},
"G79": {"type": "Matrix2x2", "payoffs": [[[93,20],[0,17]],[[39,10],[10,0]]]},
"G80": {"type": "Matrix2x2", "payoffs": [[[0,0],[91,47]],[[48,31],[29,4]]]},
"G81": {"type": "Matrix2x2", "payoffs": [[[19,37],[16,0]],[[11,35],[0,10]]]},
"G82": {"type": "Matrix2x2", "payoffs": [[[9,15],[0,23]],[[99,70],[86,0]]]},
"G83": {"type": "Matrix2x2", "payoffs": [[[36,3],[25,0]],[[61,8],[0,1]]]},
"G84": {"type": "Matrix2x2", "payoffs": [[[0,0],[61,92]],[[14,38],[38,67]]]},
"G85": {"type": "Matrix2x2", "payoffs": [[[55,32],[34,18]],[[17,6],[0,0]]]},
"G86": {"type": "Matrix2x2", "payoffs": [[[91,6],[27,2]],[[67,1],[0,0]]]},
"G87": {"type": "Matrix2x2", "payoffs": [[[0,23],[5,0]],[[7,32],[20,59]]]},
"G88": {"type": "Matrix2x2", "payoffs": [[[54,56],[47,0]],[[86,58],[0,43]]]},
"G89": {"type": "Matrix2x2", "payoffs": [[[19,0],[0,21]],[[80,39],[11,17]]]},
"G90": {"type": "Matrix2x2", "payoffs": [[[9,0],[10,11]],[[31,48],[0,45]]]},
"G91": {"type": "Matrix2x2", "payoffs": [[[33,70],[93,80]],[[12,0],[0,23]]]},
"G92": {"type": "Matrix2x2", "payoffs": [[[28,84],[0,65]],[[24,64],[5,0]]]},
"G93": {"type": "Matrix2x2", "payoffs": [[[8,0],[9,31]],[[34,80],[0,14]]]},
"G94": {"type": "Matrix2x2", "payoffs": [[[0,0],[92,12]],[[97,34],[50,22]]]},
"G95": {"type": "Matrix2x2", "payoffs": [[[69,89],[33,86]],[[16,0],[0,52]]]},
"G96": {"type": "Matrix2x2", "payoffs": [[[11,3],[57,0]],[[0,2],[87,10]]]},
"G97": {"type": "Matrix2x2", "payoffs": [[[85,24],[94,47]],[[0,0],[75,5]]]},
"G98": {"type": "Matrix2x2", "payoffs": [[[8,32],[0,10]],[[9,69],[5,0]]]},
"G99": {"type": "Matrix2x2", "payoffs": [[[46,13],[0,15]],[[20,0],[67,41]]]},
"G100": {"type": "Matrix2x2", "payoffs": [[[0,33],[16,0]],[[5,14],[66,40]]]},
"G101": {"type": "Matrix2x2", "payoffs": [[[36,0],[0,1]],[[3,6],[37,7]]]},
"G102": {"type": "Matrix2x2", "payoffs": [[[55,0],[0,21]],[[59,60],[21,27]]]},
"G103": {"type": "Matrix2x2", "payoffs": [[[0,13],[10,36]],[[52,54],[1,0]]]},
"G104": {"type": "Matrix2x2", "payoffs": [[[37,0],[0,66]],[[43,70],[4,51]]]},
"G105": {"type": "Matrix2x2", "payoffs": [[[0,78],[19,81]],[[1,34],[16,0]]]},
"G106": {"type": "Matrix2x2", "payoffs": [[[4,5],[0,0]],[[3,7],[31,46]]]},
"G107": {"type": "Matrix2x2", "payoffs": [[[0,4],[3,12]],[[6,0],[13,23]]]},
"G108": {"type": "Matrix2x2", "payoffs": [[[32,0],[6,24]],[[0,48],[51,52]]]},
"G109": {"type": "Matrix2x2", "payoffs": [[[0,1],[11,0]],[[41,23],[42,34]]]},
"G110": {"type": "Matrix2x2", "payoffs": [[[3,37],[2,0]],[[0,26],[4,46]]]},
"G111": {"type": "Matrix2x2", "payoffs": [[[0,0],[6,10]],[[4,7],[7,11]]]},
"G112": {"type": "Matrix2x2", "payoffs": [[[0,43],[50,4]],[[70,80],[7,0]]]},
"G113": {"type": "Matrix2x2", "payoffs": [[[17,26],[0,0]],[[8,8],[67,30]]]},
"G114": {"type": "Matrix2x2", "payoffs": [[[0,43],[16,0]],[[40,33],[81,57]]]},
"G115": {"type": "Matrix2x2", "payoffs": [[[14,35],[9,0]],[[0,22],[1,7]]]},
"G116": {"type": "Matrix2x2", "payoffs": [[[10,13],[63,22]],[[0,0],[25,10]]]},
"G117": {"type": "Matrix2x2", "payoffs": [[[0,18],[62,9]],[[7,0],[72,22]]]},
"G118": {"type": "Matrix2x2", "payoffs": [[[77,26],[24,20]],[[58,5],[0,0]]]},
"G119": {"type": "Matrix2x2", "payoffs": [[[25,8],[0,0]],[[39,52],[26,23]]]},
"G120": {"type": "Matrix2x2", "payoffs": [[[3,0],[5,79]],[[1,51],[0,4]]]},
"G121": {"type": "Matrix2x2", "payoffs": [[[42,74],[11,56]],[[0,0],[28,27]]]},
"G122": {"type": "Matrix2x2", "payoffs": [[[50,16],[52,19]],[[32,4],[0,0]]]},
"G123": {"type": "Matrix2x2", "payoffs": [[[7,18],[0,5]],[[5,0],[44,23]]]},
"G124": {"type": "Matrix2x2", "payoffs": [[[80,51],[0,23]],[[21,0],[34,24]]]},
"G125": {"type": "Matrix2x2", "payoffs": [[[5,8],[81,10]],[[0,9],[8,0]]]},
"G126": {"type": "Matrix2x2", "payoffs": [[[28,2],[19,0]],[[0,3],[53,4]]]},
"G127": {"type": "Matrix2x2", "payoffs": [[[86,74],[25,0]],[[57,19],[0,16]]]},
"G128": {"type": "Matrix2x2", "payoffs": [[[63,46],[7,40]],[[0,42],[8,0]]]},
"G129": {"type": "Matrix2x2", "payoffs": [[[44,42],[32,40]],[[0,37],[13,0]]]},
"G130": {"type": "Matrix2x2", "payoffs": [[[41,0],[0,24]],[[37,26],[59,46]]]},
"G131": {"type": "Matrix2x2", "payoffs": [[[42,21],[0,17]],[[26,0],[16,8]]]},
"G132": {"type": "Matrix2x2", "payoffs": [[[7,0],[0,12]],[[10,39],[4,14]]]},
"G133": {"type": "Matrix2x2", "payoffs": [[[41,0],[85,15]],[[80,3],[0,13]]]},
"G134": {"type": "Matrix2x2", "payoffs": [[[73,12],[0,0]],[[12,3],[41,8]]]},
"G135": {"type": "Matrix2x2", "payoffs": [[[4,14],[41,43]],[[0,0],[7,7]]]},
"G136": {"type": "Matrix2x2", "payoffs": [[[0,17],[1,0]],[[8,40],[4,30]]]},
"G137": {"type": "Matrix2x2", "payoffs": [[[16,0],[0,42]],[[55,90],[48,27]]]},
"G138": {"type": "Matrix2x2", "payoffs": [[[0,68],[13,70]],[[60,71],[51,0]]]},
"G139": {"type": "Matrix2x2", "payoffs": [[[0,25],[54,0]],[[11,16],[59,26]]]},
"G140": {"type": "Matrix2x2", "payoffs": [[[68,19],[39,13]],[[0,4],[40,0]]]},
"G141": {"type": "Matrix2x2", "payoffs": [[[19,71],[8,0]],[[6,14],[0,9]]]},
"G142": {"type": "Matrix2x2", "payoffs": [[[51,47],[0,22]],[[25,0],[42,43]]]},
"G143": {"type": "Matrix2x2", "payoffs": [[[46,17],[0,7]],[[11,0],[26,8]]]},
"G144": {"type": "Matrix2x2", "payoffs": [[[0,51],[1,41]],[[2,0],[3,81]]]},
"G145": {"type": "Matrix2x2", "payoffs": [[[19,26],[10,10]],[[23,51],[0,0]]]},
"G146": {"type": "Matrix2x2", "payoffs": [[[0,27],[28,0]],[[8,59],[82,89]]]},
"G147": {"type": "Matrix2x2", "payoffs": [[[0,0],[12,12]],[[55,10],[74,16]]]},
"G148": {"type": "Matrix2x2", "payoffs": [[[13,26],[64,37]],[[32,35],[0,0]]]},
"G149": {"type": "Matrix2x2", "payoffs": [[[50,62],[0,71]],[[86,80],[83,0]]]},
"G150": {"type": "Matrix2x2", "payoffs": [[[0,0],[20,3]],[[5,27],[51,40]]]},
"G151": {"type": "Matrix2x2", "payoffs": [[[79,60],[0,43]],[[16,0],[52,25]]]},
"G152": {"type": "Matrix2x2", "payoffs": [[[0,0],[71,48]],[[26,29],[47,18]]]},
"G153": {"type": "Matrix2x2", "payoffs": [[[41,0],[1,21]],[[0,48],[45,92]]]},
"G154": {"type": "Matrix2x2", "payoffs": [[[66,0],[19,11]],[[0,48],[86,82]]]},
"G155": {"type": "Matrix2x2", "payoffs": [[[3,0],[0,72]],[[10,78],[1,52]]]},
"G156": {"type": "Matrix2x2", "payoffs": [[[0,6],[49,0]],[[100,54],[22,10]]]},
"G157": {"type": "Matrix2x2", "payoffs": [[[35,26],[0,0]],[[76,78],[45,1]]]},
"G158": {"type": "Matrix2x2", "payoffs": [[[10,4],[0,0]],[[11,7],[18,9]]]},
"G159": {"type": "Matrix2x2", "payoffs": [[[62,61],[13,49]],[[16,0],[0,14]]]},
"G160": {"type": "Matrix2x2", "payoffs": [[[9,35],[19,83]],[[0,7],[8,0]]]},
"G161": {"type": "Matrix2x2", "payoffs": [[[20,76],[23,83]],[[0,0],[17,7]]]},
"G162": {"type": "Matrix2x2", "payoffs": [[[90,2],[0,0]],[[71,20],[93,25]]]},
"G163": {"type": "Matrix2x2", "payoffs": [[[69,77],[3,19]],[[0,61],[10,0]]]},
"G164": {"type": "Matrix2x2", "payoffs": [[[8,80],[2,57]],[[0,0],[3,47]]]},
"G165": {"type": "Matrix2x2", "payoffs": [[[61,64],[80,88]],[[15,52],[0,0]]]},
"G166": {"type": "Matrix2x2", "payoffs": [[[16,5],[0,22]],[[68,39],[35,0]]]},
"G167": {"type": "Matrix2x2", "payoffs": [[[2,7],[5,43]],[[1,37],[0,0]]]},
"G168": {"type": "Matrix2x2", "payoffs": [[[22,73],[1,0]],[[0,75],[25,78]]]},
"G169": {"type": "Matrix2x2", "payoffs": [[[10,27],[34,0]],[[69,30],[0,29]]]},
"G170": {"type": "Matrix2x2", "payoffs": [[[68,46],[5,6]],[[32,0],[0,32]]]},
"G171": {"type": "Matrix2x2", "payoffs": [[[15,0],[18,85]],[[12,53],[0,30]]]},
"G172": {"type": "Matrix2x2", "payoffs": [[[0,0],[37,55]],[[44,65],[21,30]]]},
"G173": {"type": "Matrix2x2", "payoffs": [[[55,7],[34,2]],[[35,1],[0,0]]]},
"G174": {"type": "Matrix2x2", "payoffs": [[[12,0],[0,55]],[[51,63],[50,37]]]},
"G175": {"type": "Matrix2x2", "payoffs": [[[81,79],[0,1]],[[62,0],[64,59]]]},
"G176": {"type": "Matrix2x2", "payoffs": [[[0,34],[52,62]],[[33,0],[36,44]]]},
"G177": {"type": "Matrix2x2", "payoffs": [[[19,49],[9,42]],[[0,0],[6,3]]]},
"G178": {"type": "Matrix2x2", "payoffs": [[[13,22],[0,24]],[[42,0],[54,50]]]},
"G179": {"type": "Matrix2x2", "payoffs": [[[14,7],[27,19]],[[6,0],[0,11]]]},
"G180": {"type": "Matrix2x2", "payoffs": [[[6,8],[50,49]],[[21,38],[0,0]]]},
"G181": {"type": "Matrix2x2", "payoffs": [[[11,88],[0,0]],[[7,65],[5,17]]]},
"G182": {"type": "Matrix2x2", "payoffs": [[[5,0],[15,32]],[[0,19],[94,93]]]},
"G183": {"type": "Matrix2x2", "payoffs": [[[62,96],[3,76]],[[61,23],[0,0]]]},
"G184": {"type": "Matrix2x2", "payoffs": [[[67,0],[82,88]],[[0,12],[23,70]]]},
"G185": {"type": "Matrix2x2", "payoffs": [[[0,0],[11,1]],[[6,5],[20,14]]]},
"G186": {"type": "Matrix2x2", "payoffs": [[[8,72],[0,0]],[[26,54],[58,74]]]},
"G187": {"type": "Matrix2x2", "payoffs": [[[74,33],[75,46]],[[0,0],[55,10]]]},
"G188": {"type": "Matrix2x2", "payoffs": [[[0,52],[21,24]],[[4,0],[73,65]]]},
"G189": {"type": "Matrix2x2", "payoffs": [[[84,3],[32,7]],[[0,0],[93,67]]]},
"G190": {"type": "Matrix2x2", "payoffs": [[[1,37],[6,40]],[[4,0],[0,14]]]},
"G191": {"type": "Matrix2x2", "payoffs": [[[62,3],[0,2]],[[30,0],[28,1]]]},
"G192": {"type": "Matrix2x2", "payoffs": [[[46,23],[75,76]],[[0,0],[62,53]]]},
"G193": {"type": "Matrix2x2", "payoffs": [[[0,29],[87,92]],[[59,0],[78,42]]]},
"G194": {"type": "Matrix2x2", "payoffs": [[[10,0],[0,15]],[[62,24],[74,26]]]},
"G195": {"type": "Matrix2x2", "payoffs": [[[16,45],[0,20]],[[33,76],[17,0]]]},
"G196": {"type": "Matrix2x2", "payoffs": [[[78,15],[25,11]],[[9,9],[0,0]]]},
"G197": {"type": "Matrix2x2", "payoffs": [[[55,21],[0,10]],[[18,0],[60,28]]]},
"G198": {"type": "Matrix2x2", "payoffs": [[[20,0],[27,54]],[[17,44],[0,2]]]},
"G199": {"type": "Matrix2x2", "payoffs": [[[62,4],[3,2]],[[57,0],[0,1]]]},
"G200": {"type": "Matrix2x2", "payoffs": [[[39,0],[50,14]],[[57,57],[0,9]]]},
"G201": {"type": "Matrix2x2", "payoffs": [[[63,72],[0,45]],[[58,0],[40,5]]]},
"G202": {"type": "Matrix2x2", "payoffs": [[[5,14],[0,0]],[[22,64],[21,11]]]},
"G203": {"type": "Matrix2x2", "payoffs": [[[19,41],[0,14]],[[10,0],[11,25]]]},
"G204": {"type": "Matrix2x2", "payoffs": [[[73,77],[40,34]],[[0,62],[30,0]]]},
"G205": {"type": "Matrix2x2", "payoffs": [[[0,10],[38,25]],[[20,0],[16,4]]]},
"G206": {"type": "Matrix2x2", "payoffs": [[[4,2],[12,19]],[[0,0],[26,35]]]},
"G207": {"type": "Matrix2x2", "payoffs": [[[1,1],[0,2]],[[3,0],[4,10]]]},
"G208": {"type": "Matrix2x2", "payoffs": [[[0,0],[55,95]],[[6,75],[17,85]]]},
"G209": {"type": "Matrix2x2", "payoffs": [[[39,28],[56,35]],[[15,0],[0,22]]]},
"G210": {"type": "Matrix2x2", "payoffs": [[[8,0],[9,30]],[[0,23],[18,77]]]},
"G211": {"type": "Matrix2x2", "payoffs": [[[39,87],[32,49]],[[7,0],[0,15]]]},
"G212": {"type": "Matrix2x2", "payoffs": [[[13,19],[0,0]],[[77,39],[62,27]]]},
"G213": {"type": "Matrix2x2", "payoffs": [[[96,10],[0,4]],[[78,0],[58,2]]]},
"G214": {"type": "Matrix2x2", "payoffs": [[[29,37],[4,29]],[[25,0],[0,28]]]},
"G215": {"type": "Matrix2x2", "payoffs": [[[5,0],[6,54]],[[4,13],[0,4]]]},
"G216": {"type": "Matrix2x2", "payoffs": [[[94,26],[0,0]],[[86,12],[61,25]]]},
"G217": {"type": "Matrix2x2", "payoffs": [[[11,83],[4,47]],[[6,0],[0,14]]]},
"G218": {"type": "Matrix2x2", "payoffs": [[[14,0],[23,35]],[[50,39],[0,26]]]},
"G219": {"type": "Matrix2x2", "payoffs": [[[7,0],[77,38]],[[0,33],[55,13]]]},
"G220": {"type": "Matrix2x2", "payoffs": [[[35,79],[0,0]],[[24,36],[2,72]]]},
"G221": {"type": "Matrix2x2", "payoffs": [[[41,0],[42,97]],[[0,91],[4,81]]]},
"G222": {"type": "Matrix2x2", "payoffs": [[[6,9],[0,0]],[[24,10],[7,5]]]},
"G223": {"type": "Matrix2x2", "payoffs": [[[11,25],[9,30]],[[0,0],[46,55]]]},
"G224": {"type": "Matrix2x2", "payoffs": [[[0,20],[39,57]],[[25,38],[21,0]]]},
"G225": {"type": "Matrix2x2", "payoffs": [[[13,24],[0,14]],[[30,32],[7,0]]]},
"G226": {"type": "Matrix2x2", "payoffs": [[[61,0],[68,66]],[[49,50],[0,18]]]},
"G227": {"type": "Matrix2x2", "payoffs": [[[61,0],[67,93]],[[0,58],[4,33]]]},
"G228": {"type": "Matrix2x2", "payoffs": [[[9,3],[0,0]],[[7,2],[3,1]]]},
"G229": {"type": "Matrix2x2", "payoffs": [[[9,32],[5,0]],[[0,22],[4,11]]]},
"G230": {"type": "Matrix2x2", "payoffs": [[[0,19],[10,17]],[[31,0],[49,40]]]},
"G231": {"type": "Matrix2x2", "payoffs": [[[2,53],[6,62]],[[0,7],[4,0]]]},
"G232": {"type": "Matrix2x2", "payoffs": [[[90,14],[0,12]],[[88,0],[47,11]]]},
"G233": {"type": "Matrix2x2", "payoffs": [[[77,59],[0,0]],[[19,5],[44,35]]]},
"G234": {"type": "Matrix2x2", "payoffs": [[[61,0],[0,36]],[[84,41],[88,46]]]},
"G235": {"type": "Matrix2x2", "payoffs": [[[28,50],[0,0]],[[2,55],[71,89]]]},
"G236": {"type": "Matrix2x2", "payoffs": [[[0,0],[14,14]],[[49,19],[31,7]]]},
"G237": {"type": "Matrix2x2", "payoffs": [[[0,28],[13,39]],[[90,97],[85,0]]]},
"G238": {"type": "Matrix2x2", "payoffs": [[[0,1],[4,5]],[[1,4],[3,0]]]},
"G239": {"type": "Matrix2x2", "payoffs": [[[0,0],[58,66]],[[18,65],[51,58]]]},
"G240": {"type": "Matrix2x2", "payoffs": [[[1,12],[0,0]],[[2,15],[4,16]]]},
"G241": {"type": "Matrix2x2", "payoffs": [[[63,3],[0,4]],[[65,9],[7,0]]]},
"G242": {"type": "Matrix2x2", "payoffs": [[[35,49],[40,88]],[[0,65],[4,0]]]},
"G243": {"type": "Matrix2x2", "payoffs": [[[79,59],[49,12]],[[22,10],[0,0]]]},
"G244": {"type": "Matrix2x2", "payoffs": [[[0,0],[17,45]],[[9,47],[56,67]]]},
"G245": {"type": "Matrix2x2", "payoffs": [[[43,2],[0,1]],[[48,4],[36,0]]]},
"G246": {"type": "Matrix2x2", "payoffs": [[[37,12],[42,0]],[[0,14],[50,15]]]},
"G247": {"type": "Matrix2x2", "payoffs": [[[79,16],[2,0]],[[0,1],[37,8]]]},
"G248": {"type": "Matrix2x2", "payoffs": [[[2,42],[4,0]],[[0,14],[6,95]]]},
"G249": {"type": "Matrix2x2", "payoffs": [[[12,0],[53,40]],[[97,70],[0,16]]]},
"G250": {"type": "Matrix2x2", "payoffs": [[[67,77],[47,0]],[[0,21],[1,70]]]},
"G251": {"type": "Matrix2x2", "payoffs": [[[39,0],[62,32]],[[69,54],[0,26]]]},
"G252": {"type": "Matrix2x2", "payoffs": [[[4,38],[34,0]],[[88,41],[0,2]]]},
"G253": {"type": "Matrix2x2", "payoffs": [[[0,4],[17,0]],[[9,1],[18,5]]]},
"G254": {"type": "Matrix2x2", "payoffs": [[[38,0],[0,18]],[[65,37],[28,6]]]},
"G255": {"type": "Matrix2x2", "payoffs": [[[17,0],[18,6]],[[27,34],[0,14]]]},
"G256": {"type": "Matrix2x2", "payoffs": [[[51,0],[22,17]],[[0,15],[62,23]]]},
"G257": {"type": "Matrix2x2", "payoffs": [[[0,16],[68,92]],[[45,0],[83,96]]]},
"G258": {"type": "Matrix2x2", "payoffs": [[[0,20],[82,87]],[[41,33],[56,0]]]},
"G259": {"type": "Matrix2x2", "payoffs": [[[53,19],[21,26]],[[56,30],[0,0]]]},
"G260": {"type": "Matrix2x2", "payoffs": [[[43,40],[0,11]],[[3,0],[21,17]]]},
"G261": {"type": "Matrix2x2", "payoffs": [[[23,19],[0,35]],[[44,0],[45,53]]]},
"G262": {"type": "Matrix2x2", "payoffs": [[[33,66],[28,65]],[[19,41],[0,0]]]},
"G263": {"type": "Matrix2x2", "payoffs": [[[62,79],[6,0]],[[3,55],[0,70]]]},
"G264": {"type": "Matrix2x2", "payoffs": [[[0,0],[7,64]],[[4,4],[1,46]]]},
"G265": {"type": "Matrix2x2", "payoffs": [[[32,6],[0,4]],[[8,0],[25,5]]]},
"G266": {"type": "Matrix2x2", "payoffs": [[[37,0],[0,20]],[[95,23],[81,22]]]},
"G267": {"type": "Matrix2x2", "payoffs": [[[0,21],[97,59]],[[41,31],[39,0]]]},
"G268": {"type": "Matrix2x2", "payoffs": [[[9,0],[36,26]],[[0,20],[34,23]]]},
"G269": {"type": "Matrix2x2", "payoffs": [[[73,41],[9,32]],[[0,0],[60,12]]]},
"G270": {"type": "Matrix2x2", "payoffs": [[[0,2],[73,0]],[[19,11],[99,25]]]},
"G271": {"type": "Matrix2x2", "payoffs": [[[0,21],[22,88]],[[3,27],[8,0]]]},
"G272": {"type": "Matrix2x2", "payoffs": [[[8,93],[4,4]],[[0,0],[3,10]]]},
"G273": {"type": "Matrix2x2", "payoffs": [[[30,63],[24,32]],[[0,0],[8,35]]]},
"G274": {"type": "Matrix2x2", "payoffs": [[[24,98],[0,10]],[[64,0],[100,100]]]},
"G275": {"type": "Matrix2x2", "payoffs": [[[0,0],[7,38]],[[16,94],[11,90]]]},
"G276": {"type": "Matrix2x2", "payoffs": [[[0,2],[56,0]],[[36,34],[89,71]]]},
"G277": {"type": "Matrix2x2", "payoffs": [[[20,15],[36,24]],[[0,16],[1,0]]]},
"G278": {"type": "Matrix2x2", "payoffs": [[[21,0],[51,84]],[[0,31],[34,37]]]},
"G279": {"type": "Matrix2x2", "payoffs": [[[82,17],[100,22]],[[11,19],[0,0]]]},
"G280": {"type": "Matrix2x2", "payoffs": [[[0,45],[51,0]],[[19,74],[68,85]]]},
"G281": {"type": "Matrix2x2", "payoffs": [[[0,30],[15,67]],[[13,0],[5,46]]]},
"G282": {"type": "Matrix2x2", "payoffs": [[[0,0],[27,1]],[[48,46],[21,5]]]},
"G283": {"type": "Matrix2x2", "payoffs": [[[51,12],[0,11]],[[44,6],[6,0]]]},
"G284": {"type": "Matrix2x2", "payoffs": [[[13,47],[0,20]],[[24,0],[38,59]]]},
"G285": {"type": "Matrix2x2", "payoffs": [[[0,0],[29,82]],[[47,89],[100,92]]]},
"G286": {"type": "Matrix2x2", "payoffs": [[[15,0],[0,8]],[[24,15],[20,12]]]},
"G287": {"type": "Matrix2x2", "payoffs": [[[98,37],[0,3]],[[45,0],[2,27]]]},
"G288": {"type": "Matrix2x2", "payoffs": [[[5,0],[6,45]],[[7,58],[0,50]]]},
"G289": {"type": "Matrix2x2", "payoffs": [[[52,15],[24,18]],[[95,41],[0,0]]]},
"G290": {"type": "Matrix2x2", "payoffs": [[[12,14],[0,25]],[[29,37],[20,0]]]},
"G291": {"type": "Matrix2x2", "payoffs": [[[22,18],[0,0]],[[25,8],[36,19]]]},
"G292": {"type": "Matrix2x2", "payoffs": [[[0,14],[51,30]],[[36,0],[19,23]]]},
"G293": {"type": "Matrix2x2", "payoffs": [[[0,9],[81,13]],[[56,12],[5,0]]]},
"G294": {"type": "Matrix2x2", "payoffs": [[[0,0],[26,8]],[[95,13],[65,9]]]},
"G295": {"type": "Matrix2x2", "payoffs": [[[34,30],[18,6]],[[0,0],[31,4]]]},
"G296": {"type": "Matrix2x2", "payoffs": [[[41,0],[45,84]],[[38,51],[0,30]]]},
"G297": {"type": "Matrix2x2", "payoffs": [[[25,24],[0,0]],[[54,37],[49,32]]]},
"G298": {"type": "Matrix2x2", "payoffs": [[[0,0],[3,39]],[[51,46],[40,19]]]},
"G299": {"type": "Matrix2x2", "payoffs": [[[5,55],[10,65]],[[9,0],[0,5]]]},
"G300": {"type": "Matrix2x2", "payoffs": [[[12,21],[6,4]],[[0,0],[55,100]]]},
"G301": {"type": "Matrix2x2", "payoffs": [[[21,8],[40,0]],[[0,2],[45,11]]]},
"G302": {"type": "Matrix2x2", "payoffs": [[[0,0],[8,17]],[[20,21],[4,6]]]},
"G303": {"type": "Matrix2x2", "payoffs": [[[0,0],[10,22]],[[32,27],[11,1]]]},
"G304": {"type": "Matrix2x2", "payoffs": [[[42,41],[0,37]],[[49,55],[8,0]]]},
"G305": {"type": "Matrix2x2", "payoffs": [[[23,0],[54,14]],[[1,7],[0,8]]]},
"G306": {"type": "Matrix2x2", "payoffs": [[[24,42],[96,51]],[[73,46],[0,0]]]},
"G307": {"type": "Matrix2x2", "payoffs": [[[0,72],[55,0]],[[37,50],[87,100]]]},
"G308": {"type": "Matrix2x2", "payoffs": [[[77,17],[75,14]],[[0,0],[46,10]]]},
"G309": {"type": "Matrix2x2", "payoffs": [[[0,19],[62,48]],[[27,0],[51,15]]]},
"G310": {"type": "Matrix2x2", "payoffs": [[[11,30],[0,28]],[[9,0],[17,92]]]},
"G311": {"type": "Matrix2x2", "payoffs": [[[12,64],[9,33]],[[0,0],[20,94]]]},
"G312": {"type": "Matrix2x2", "payoffs": [[[8,0],[0,54]],[[16,88],[6,4]]]},
"G313": {"type": "Matrix2x2", "payoffs": [[[0,2],[1,3]],[[16,0],[29,6]]]},
"G314": {"type": "Matrix2x2", "payoffs": [[[0,0],[16,20]],[[29,47],[21,34]]]},
"G315": {"type": "Matrix2x2", "payoffs": [[[32,70],[0,39]],[[36,0],[45,81]]]},
"G316": {"type": "Matrix2x2", "payoffs": [[[32,98],[30,71]],[[29,0],[0,13]]]},
"G317": {"type": "Matrix2x2", "payoffs": [[[0,0],[1,81]],[[3,82],[2,36]]]},
"G318": {"type": "Matrix2x2", "payoffs": [[[0,54],[18,0]],[[69,60],[58,50]]]},
"G319": {"type": "Matrix2x2", "payoffs": [[[26,46],[64,63]],[[0,0],[61,12]]]},
"G320": {"type": "Matrix2x2", "payoffs": [[[15,1],[0,2]],[[36,3],[2,0]]]},
"G321": {"type": "Matrix2x2", "payoffs": [[[49,0],[97,15]],[[5,12],[0,2]]]},
"G322": {"type": "Matrix2x2", "payoffs": [[[24,27],[15,11]],[[12,0],[0,1]]]},
"G323": {"type": "Matrix2x2", "payoffs": [[[7,0],[11,14]],[[0,38],[17,49]]]},
"G324": {"type": "Matrix2x2", "payoffs": [[[25,0],[0,46]],[[43,54],[6,35]]]},
"G325": {"type": "Matrix2x2", "payoffs": [[[40,73],[10,70]],[[12,15],[0,0]]]},
"G326": {"type": "Matrix2x2", "payoffs": [[[0,26],[78,0]],[[76,45],[85,59]]]},
"G327": {"type": "Matrix2x2", "payoffs": [[[27,60],[30,88]],[[0,43],[2,0]]]},
"G328": {"type": "Matrix2x2", "payoffs": [[[9,22],[28,77]],[[0,39],[20,0]]]},
"G329": {"type": "Matrix2x2", "payoffs": [[[0,2],[4,7]],[[1,0],[2,1]]]},
"G330": {"type": "Matrix2x2", "payoffs": [[[15,86],[7,68]],[[13,0],[0,33]]]},
"G331": {"type": "Matrix2x2", "payoffs": [[[0,53],[87,88]],[[40,0],[73,65]]]},
"G332": {"type": "Matrix2x2", "payoffs": [[[39,15],[0,45]],[[81,46],[59,0]]]},
"G333": {"type": "Matrix2x2", "payoffs": [[[0,3],[30,0]],[[90,36],[16,2]]]},
"G334": {"type": "Matrix2x2", "payoffs": [[[0,1],[57,5]],[[82,0],[85,7]]]},
"G335": {"type": "Matrix2x2", "payoffs": [[[43,5],[0,4]],[[34,2],[2,0]]]},
"G336": {"type": "Matrix2x2", "payoffs": [[[0,0],[41,28]],[[24,62],[72,77]]]},
"G337": {"type": "Matrix2x2", "payoffs": [[[13,22],[14,83]],[[10,0],[0,11]]]},
"G338": {"type": "Matrix2x2", "payoffs": [[[6,3],[0,0]],[[29,12],[39,89]]]},
"G339": {"type": "Matrix2x2", "payoffs": [[[0,32],[55,60]],[[63,99],[37,0]]]},
"G340": {"type": "Matrix2x2", "payoffs": [[[11,0],[12,29]],[[45,36],[0,33]]]},
"G341": {"type": "Matrix2x2", "payoffs": [[[0,0],[22,27]],[[33,40],[27,30]]]},
"G342": {"type": "Matrix2x2", "payoffs": [[[48,23],[3,14]],[[37,0],[0,18]]]},
"G343": {"type": "Matrix2x2", "payoffs": [[[35,4],[25,0]],[[84,6],[0,2]]]},
"G344": {"type": "Matrix2x2", "payoffs": [[[13,94],[9,0]],[[0,90],[6,89]]]},
"G345": {"type": "Matrix2x2", "payoffs": [[[0,11],[35,0]],[[33,56],[51,68]]]},
"G346": {"type": "Matrix2x2", "payoffs": [[[11,1],[19,0]],[[0,4],[20,6]]]},
"G347": {"type": "Matrix2x2", "payoffs": [[[0,19],[59,54]],[[50,45],[39,0]]]},
"G348": {"type": "Matrix2x2", "payoffs": [[[44,0],[51,4]],[[63,18],[0,2]]]},
"G349": {"type": "Matrix2x2", "payoffs": [[[14,65],[2,50]],[[0,0],[7,64]]]},
"G350": {"type": "Matrix2x2", "payoffs": [[[15,41],[100,43]],[[0,15],[56,0]]]},
"G351": {"type": "Matrix2x2", "payoffs": [[[20,12],[30,36]],[[6,0],[0,15]]]},
"G352": {"type": "Matrix2x2", "payoffs": [[[0,12],[42,0]],[[56,50],[53,36]]]},
"G353": {"type": "Matrix2x2", "payoffs": [[[88,41],[61,0]],[[48,20],[0,22]]]},
"G354": {"type": "Matrix2x2", "payoffs": [[[32,15],[28,64]],[[0,0],[39,89]]]},
"G355": {"type": "Matrix2x2", "payoffs": [[[73,55],[14,0]],[[0,2],[41,11]]]},
"G356": {"type": "Matrix2x2", "payoffs": [[[55,54],[11,0]],[[0,38],[30,44]]]},
"G357": {"type": "Matrix2x2", "payoffs": [[[18,9],[33,4]],[[0,0],[44,14]]]},
"G358": {"type": "Matrix2x2", "payoffs": [[[30,33],[7,0]],[[26,2],[0,1]]]},
"G359": {"type": "Matrix2x2", "payoffs": [[[39,0],[60,52]],[[14,3],[0,35]]]},
"G360": {"type": "Matrix2x2", "payoffs": [[[49,8],[0,6]],[[18,0],[74,27]]]},
"G361": {"type": "Matrix2x2", "payoffs": [[[3,71],[19,73]],[[0,35],[17,0]]]},
"G362": {"type": "Matrix2x2", "payoffs": [[[10,3],[5,0]],[[11,5],[0,2]]]},
"G363": {"type": "Matrix2x2", "payoffs": [[[4,26],[3,11]],[[0,0],[1,3]]]},
"G364": {"type": "Matrix2x2", "payoffs": [[[0,0],[34,52]],[[31,32],[29,19]]]},
"G365": {"type": "Matrix2x2", "payoffs": [[[94,83],[46,21]],[[88,0],[0,11]]]},
"G366": {"type": "Matrix2x2", "payoffs": [[[90,61],[35,26]],[[0,0],[38,4]]]},
"G367": {"type": "Matrix2x2", "payoffs": [[[11,8],[14,4]],[[18,15],[0,0]]]},
"G368": {"type": "Matrix2x2", "payoffs": [[[27,11],[0,0]],[[75,74],[71,1]]]},
"G369": {"type": "Matrix2x2", "payoffs": [[[14,91],[0,0]],[[4,73],[7,42]]]},
"G370": {"type": "Matrix2x2", "payoffs": [[[1,70],[12,0]],[[0,23],[62,74]]]},
"G371": {"type": "Matrix2x2", "payoffs": [[[12,7],[16,0]],[[38,27],[0,3]]]},
"G372": {"type": "Matrix2x2", "payoffs": [[[0,2],[29,0]],[[70,18],[71,70]]]},
"G373": {"type": "Matrix2x2", "payoffs": [[[55,4],[0,16]],[[22,0],[67,35]]]},
"G374": {"type": "Matrix2x2", "payoffs": [[[0,0],[73,100]],[[24,3],[37,66]]]},
"G375": {"type": "Matrix2x2", "payoffs": [[[30,48],[10,0]],[[0,29],[9,30]]]},
"G376": {"type": "Matrix2x2", "payoffs": [[[14,73],[3,29]],[[0,24],[5,0]]]},
"G377": {"type": "Matrix2x2", "payoffs": [[[27,77],[40,89]],[[0,0],[24,17]]]},
"G378": {"type": "Matrix2x2", "payoffs": [[[10,52],[0,0]],[[72,60],[16,4]]]},
"G379": {"type": "Matrix2x2", "payoffs": [[[0,0],[49,32]],[[89,89],[74,9]]]},
"G380": {"type": "Matrix2x2", "payoffs": [[[42,0],[6,27]],[[0,6],[44,31]]]},
"G381": {"type": "Matrix2x2", "payoffs": [[[38,0],[11,53]],[[0,11],[42,58]]]},
"G382": {"type": "Matrix2x2", "payoffs": [[[19,84],[7,0]],[[0,24],[12,83]]]},
"G383": {"type": "Matrix2x2", "payoffs": [[[3,11],[0,0]],[[20,20],[13,10]]]},
"G384": {"type": "Matrix2x2", "payoffs": [[[33,55],[0,0]],[[31,29],[17,20]]]},
"G385": {"type": "Matrix2x2", "payoffs": [[[16,40],[0,0]],[[29,72],[13,44]]]},
"G386": {"type": "Matrix2x2", "payoffs": [[[0,22],[17,86]],[[11,0],[6,40]]]},
"G387": {"type": "Matrix2x2", "payoffs": [[[0,56],[36,71]],[[20,19],[27,0]]]},
"G388": {"type": "Matrix2x2", "payoffs": [[[47,47],[17,54]],[[61,78],[0,0]]]},
"G389": {"type": "Matrix2x2", "payoffs": [[[0,0],[37,11]],[[87,19],[24,1]]]},
"G390": {"type": "Matrix2x2", "payoffs": [[[100,61],[58,2]],[[0,3],[89,0]]]},
"G391": {"type": "Matrix2x2", "payoffs": [[[0,0],[40,86]],[[27,69],[69,97]]]},
"G392": {"type": "Matrix2x2", "payoffs": [[[80,86],[0,47]],[[37,0],[9,13]]]},
"G393": {"type": "Matrix2x2", "payoffs": [[[4,3],[0,2]],[[1,1],[3,0]]]},
"G394": {"type": "Matrix2x2", "payoffs": [[[8,0],[4,8]],[[12,12],[0,3]]]},
"G395": {"type": "Matrix2x2", "payoffs": [[[1,40],[28,0]],[[60,58],[0,50]]]},
"G396": {"type": "Matrix2x2", "payoffs": [[[0,59],[7,16]],[[15,0],[25,95]]]},
"G397": {"type": "Matrix2x2", "payoffs": [[[0,12],[38,7]],[[50,22],[42,0]]]},
"G398": {"type": "Matrix2x2", "payoffs": [[[17,18],[15,3]],[[7,7],[0,0]]]},
"G399": {"type": "Matrix2x2", "payoffs": [[[50,70],[11,32]],[[0,51],[32,0]]]},
"G400": {"type": "Matrix2x2", "payoffs": [[[94,28],[64,17]],[[0,2],[35,0]]]},
"G401": {"type": "Matrix2x2", "payoffs": [[[84,42],[93,67]],[[0,0],[29,24]]]},
"G402": {"type": "Matrix2x2", "payoffs": [[[61,53],[17,24]],[[13,12],[0,0]]]},
"G403": {"type": "Matrix2x2", "payoffs": [[[0,0],[27,5]],[[61,61],[28,49]]]},
"G404": {"type": "Matrix2x2", "payoffs": [[[0,0],[9,23]],[[27,26],[14,24]]]},
"G405": {"type": "Matrix2x2", "payoffs": [[[28,0],[56,6]],[[61,70],[0,59]]]},
"G406": {"type": "Matrix2x2", "payoffs": [[[82,24],[39,22]],[[0,0],[36,11]]]},
"G407": {"type": "Matrix2x2", "payoffs": [[[2,0],[25,28]],[[0,18],[28,63]]]},
"G408": {"type": "Matrix2x2", "payoffs": [[[57,15],[74,66]],[[12,64],[0,0]]]},
"G409": {"type": "Matrix2x2", "payoffs": [[[16,0],[38,49]],[[0,18],[29,21]]]},
"G410": {"type": "Matrix2x2", "payoffs": [[[41,0],[72,58]],[[37,1],[0,46]]]},
"G411": {"type": "Matrix2x2", "payoffs": [[[12,59],[0,20]],[[52,68],[13,0]]]},
"G412": {"type": "Matrix2x2", "payoffs": [[[39,0],[0,11]],[[34,7],[65,41]]]},
"G413": {"type": "Matrix2x2", "payoffs": [[[0,4],[80,13]],[[31,11],[13,0]]]},
"G414": {"type": "Matrix2x2", "payoffs": [[[30,6],[66,0]],[[89,23],[0,13]]]},
"G415": {"type": "Matrix2x2", "payoffs": [[[25,16],[0,44]],[[91,77],[84,0]]]},
"G416": {"type": "Matrix2x2", "payoffs": [[[47,5],[0,1]],[[37,2],[38,0]]]},
"G417": {"type": "Matrix2x2", "payoffs": [[[0,87],[38,95]],[[16,0],[3,93]]]},
"G418": {"type": "Matrix2x2", "payoffs": [[[12,86],[21,87]],[[0,0],[7,85]]]},
"G419": {"type": "Matrix2x2", "payoffs": [[[15,26],[26,40]],[[0,0],[34,77]]]},
"G420": {"type": "Matrix2x2", "payoffs": [[[2,27],[0,0]],[[13,37],[63,62]]]},
"G421": {"type": "Matrix2x2", "payoffs": [[[0,71],[5,11]],[[6,90],[3,0]]]},
"G422": {"type": "Matrix2x2", "payoffs": [[[48,93],[28,27]],[[42,90],[0,0]]]},
"G423": {"type": "Matrix2x2", "payoffs": [[[69,3],[9,1]],[[22,0],[0,2]]]},
"G424": {"type": "Matrix2x2", "payoffs": [[[0,23],[1,0]],[[27,76],[12,57]]]},
"G425": {"type": "Matrix2x2", "payoffs": [[[18,17],[0,0]],[[2,62],[24,75]]]},
"G426": {"type": "Matrix2x2", "payoffs": [[[10,0],[90,43]],[[0,48],[97,53]]]},
"G427": {"type": "Matrix2x2", "payoffs": [[[26,1],[10,0]],[[32,95],[0,88]]]},
"G428": {"type": "Matrix2x2", "payoffs": [[[0,0],[6,92]],[[3,37],[4,61]]]},
"G429": {"type": "Matrix2x2", "payoffs": [[[0,15],[34,0]],[[69,57],[5,45]]]},
"G430": {"type": "Matrix2x2", "payoffs": [[[13,6],[22,0]],[[77,58],[0,15]]]},
"G431": {"type": "Matrix2x2", "payoffs": [[[27,2],[58,9]],[[76,10],[0,0]]]},
"G432": {"type": "Matrix2x2", "payoffs": [[[0,30],[34,1]],[[44,68],[16,0]]]},
"G433": {"type": "Matrix2x2", "payoffs": [[[0,0],[5,42]],[[3,37],[2,3]]]},
"G434": {"type": "Matrix2x2", "payoffs": [[[0,0],[5,34]],[[3,5],[7,37]]]},
"G435": {"type": "Matrix2x2", "payoffs": [[[0,3],[20,2]],[[14,0],[76,4]]]},
"G436": {"type": "Matrix2x2", "payoffs": [[[28,0],[85,69]],[[53,42],[0,11]]]},
"G437": {"type": "Matrix2x2", "payoffs": [[[28,69],[0,12]],[[4,0],[25,48]]]},
"G438": {"type": "Matrix2x2", "payoffs": [[[0,2],[30,0]],[[65,17],[20,9]]]},
"G439": {"type": "Matrix2x2", "payoffs": [[[50,26],[0,5]],[[27,0],[70,69]]]},
"G440": {"type": "Matrix2x2", "payoffs": [[[0,0],[14,37]],[[2,35],[7,32]]]},
"G441": {"type": "Matrix2x2", "payoffs": [[[8,12],[5,19]],[[0,0],[24,25]]]},
"G442": {"type": "Matrix2x2", "payoffs": [[[6,0],[59,38]],[[64,71],[0,22]]]},
"G443": {"type": "Matrix2x2", "payoffs": [[[36,36],[60,65]],[[0,38],[48,0]]]},
"G444": {"type": "Matrix2x2", "payoffs": [[[36,28],[0,0]],[[40,12],[49,41]]]},
"G445": {"type": "Matrix2x2", "payoffs": [[[0,65],[13,69]],[[1,0],[14,96]]]},
"G446": {"type": "Matrix2x2", "payoffs": [[[66,10],[0,0]],[[43,7],[36,2]]]},
"G447": {"type": "Matrix2x2", "payoffs": [[[0,15],[24,66]],[[21,28],[2,0]]]},
"G448": {"type": "Matrix2x2", "payoffs": [[[47,71],[33,4]],[[9,0],[0,43]]]},
"G449": {"type": "Matrix2x2", "payoffs": [[[14,15],[92,56]],[[0,0],[100,87]]]},
"G450": {"type": "Matrix2x2", "payoffs": [[[2,6],[9,3]],[[0,0],[16,8]]]},
"G451": {"type": "Matrix2x2", "payoffs": [[[0,5],[2,6]],[[3,9],[1,0]]]},
"G452": {"type": "Matrix2x2", "payoffs": [[[85,34],[94,41]],[[10,4],[0,0]]]},
"G453": {"type": "Matrix2x2", "payoffs": [[[51,1],[0,0]],[[73,2],[75,3]]]},
"G454": {"type": "Matrix2x2", "payoffs": [[[7,18],[10,68]],[[0,0],[4,20]]]},
"G455": {"type": "Matrix2x2", "payoffs": [[[1,3],[23,10]],[[9,7],[0,0]]]},
"G456": {"type": "Matrix2x2", "payoffs": [[[1,0],[0,7]],[[8,83],[6,15]]]},
"G457": {"type": "Matrix2x2", "payoffs": [[[7,0],[32,5]],[[0,4],[72,8]]]},
"G458": {"type": "Matrix2x2", "payoffs": [[[16,13],[11,9]],[[10,10],[0,0]]]},
"G459": {"type": "Matrix2x2", "payoffs": [[[16,71],[0,36]],[[22,81],[13,0]]]},
"G460": {"type": "Matrix2x2", "payoffs": [[[20,0],[30,92]],[[0,43],[2,69]]]},
"G461": {"type": "Matrix2x2", "payoffs": [[[2,9],[9,51]],[[0,0],[5,49]]]},
"G462": {"type": "Matrix2x2", "payoffs": [[[22,0],[15,2]],[[26,57],[0,3]]]},
"G463": {"type": "Matrix2x2", "payoffs": [[[14,0],[0,15]],[[56,21],[5,12]]]},
"G464": {"type": "Matrix2x2", "payoffs": [[[0,53],[87,91]],[[54,0],[34,90]]]},
"G465": {"type": "Matrix2x2", "payoffs": [[[44,14],[7,9]],[[0,0],[40,7]]]},
"G466": {"type": "Matrix2x2", "payoffs": [[[80,30],[7,0]],[[50,18],[0,14]]]},
"G467": {"type": "Matrix2x2", "payoffs": [[[19,56],[0,0]],[[4,13],[11,12]]]},
"G468": {"type": "Matrix2x2", "payoffs": [[[0,0],[9,15]],[[30,12],[66,46]]]},
"G469": {"type": "Matrix2x2", "payoffs": [[[13,33],[64,10]],[[0,0],[69,66]]]},
"G470": {"type": "Matrix2x2", "payoffs": [[[38,99],[7,97]],[[32,12],[0,0]]]},
"G471": {"type": "Matrix2x2", "payoffs": [[[0,6],[54,14]],[[45,0],[39,4]]]},
"G472": {"type": "Matrix2x2", "payoffs": [[[3,2],[0,3]],[[2,0],[5,6]]]},
"G473": {"type": "Matrix2x2", "payoffs": [[[14,0],[3,2]],[[17,23],[0,8]]]},
"G474": {"type": "Matrix2x2", "payoffs": [[[7,38],[8,0]],[[0,17],[35,62]]]},
"G475": {"type": "Matrix2x2", "payoffs": [[[0,19],[37,25]],[[16,21],[12,0]]]},
"G476": {"type": "Matrix2x2", "payoffs": [[[46,43],[11,0]],[[0,3],[52,54]]]},
"G477": {"type": "Matrix2x2", "payoffs": [[[0,12],[1,45]],[[21,74],[2,0]]]},
"G478": {"type": "Matrix2x2", "payoffs": [[[10,4],[0,0]],[[31,3],[36,18]]]},
"G479": {"type": "Matrix2x2", "payoffs": [[[2,8],[47,57]],[[0,5],[13,0]]]},
"G480": {"type": "Matrix2x2", "payoffs": [[[56,6],[55,0]],[[59,8],[0,3]]]},
"G481": {"type": "Matrix2x2", "payoffs": [[[95,92],[0,77]],[[85,88],[74,0]]]},
"G482": {"type": "Matrix2x2", "payoffs": [[[57,63],[0,61]],[[11,0],[8,21]]]},
"G483": {"type": "Matrix2x2", "payoffs": [[[51,63],[47,79]],[[0,0],[75,88]]]},
"G484": {"type": "Matrix2x2", "payoffs": [[[0,43],[46,33]],[[54,0],[79,53]]]},
"G485": {"type": "Matrix2x2", "payoffs": [[[24,17],[43,24]],[[0,9],[41,0]]]},
"G486": {"type": "Matrix2x2", "payoffs": [[[42,36],[16,32]],[[0,0],[40,2]]]},
"G487": {"type": "Matrix2x2", "payoffs": [[[55,65],[6,64]],[[23,52],[0,0]]]},
"G488": {"type": "Matrix2x2", "payoffs": [[[6,13],[4,3]],[[3,0],[0,7]]]},
"G489": {"type": "Matrix2x2", "payoffs": [[[20,0],[51,3]],[[63,6],[0,5]]]},
"G490": {"type": "Matrix2x2", "payoffs": [[[5,22],[8,0]],[[16,25],[0,8]]]},
"G491": {"type": "Matrix2x2", "payoffs": [[[0,44],[15,80]],[[1,6],[4,0]]]},
"G492": {"type": "Matrix2x2", "payoffs": [[[6,0],[13,5]],[[0,19],[24,48]]]},
"G493": {"type": "Matrix2x2", "payoffs": [[[0,12],[18,0]],[[19,49],[4,37]]]},
"G494": {"type": "Matrix2x2", "payoffs": [[[0,3],[72,5]],[[17,0],[55,4]]]},
"G495": {"type": "Matrix2x2", "payoffs": [[[3,38],[34,49]],[[0,0],[51,51]]]},
"G496": {"type": "Matrix2x2", "payoffs": [[[66,35],[95,41]],[[61,11],[0,0]]]},
"G497": {"type": "Matrix2x2", "payoffs": [[[53,26],[64,37]],[[0,0],[79,84]]]},
"G498": {"type": "Matrix2x2", "payoffs": [[[13,0],[25,1]],[[0,3],[48,4]]]},
"G499": {"type": "Matrix2x2", "payoffs": [[[0,0],[24,26]],[[34,94],[27,21]]]},
"G500": {"type": "Matrix2x2", "payoffs": [[[17,81],[8,54]],[[10,0],[0,56]]]},
"G501": {"type": "Matrix2x2", "payoffs": [[[42,14],[68,28]],[[0,11],[66,0]]]},
"G502": {"type": "Matrix2x2", "payoffs": [[[0,31],[23,63]],[[4,34],[16,0]]]},
"G503": {"type": "Matrix2x2", "payoffs": [[[0,58],[30,68]],[[26,60],[12,0]]]},
"G504": {"type": "Matrix2x2", "payoffs": [[[68,63],[59,5]],[[66,14],[0,0]]]},
"G505": {"type": "Matrix2x2", "payoffs": [[[47,78],[13,27]],[[19,54],[0,0]]]},
"G506": {"type": "Matrix2x2", "payoffs": [[[51,2],[0,0]],[[60,3],[38,1]]]},
"G507": {"type": "Matrix2x2", "payoffs": [[[0,27],[13,18]],[[31,51],[21,0]]]},
"G508": {"type": "Matrix2x2", "payoffs": [[[44,0],[57,37]],[[0,59],[99,87]]]},
"G509": {"type": "Matrix2x2", "payoffs": [[[77,9],[82,12]],[[46,5],[0,0]]]},
"G510": {"type": "Matrix2x2", "payoffs": [[[39,6],[0,0]],[[49,94],[3,29]]]},
"G511": {"type": "Matrix2x2", "payoffs": [[[0,11],[70,0]],[[79,1],[83,16]]]},
"G512": {"type": "Matrix2x2", "payoffs": [[[11,62],[0,3]],[[7,0],[57,81]]]},
"G513": {"type": "Matrix2x2", "payoffs": [[[39,64],[79,70]],[[71,0],[0,19]]]},
"G514": {"type": "Matrix2x2", "payoffs": [[[3,1],[10,3]],[[0,0],[8,2]]]},
"G515": {"type": "Matrix2x2", "payoffs": [[[6,14],[27,42]],[[13,0],[0,17]]]},
"G516": {"type": "Matrix2x2", "payoffs": [[[12,44],[81,18]],[[94,50],[0,0]]]},
"G517": {"type": "Matrix2x2", "payoffs": [[[64,0],[20,1]],[[0,11],[71,12]]]},
"G518": {"type": "Matrix2x2", "payoffs": [[[43,0],[0,34]],[[61,54],[30,26]]]},
"G519": {"type": "Matrix2x2", "payoffs": [[[98,71],[96,43]],[[0,33],[11,0]]]},
"G520": {"type": "Matrix2x2", "payoffs": [[[55,10],[17,2]],[[0,0],[36,5]]]},
"G521": {"type": "Matrix2x2", "payoffs": [[[58,81],[4,22]],[[0,60],[49,0]]]},
"G522": {"type": "Matrix2x2", "payoffs": [[[11,29],[0,61]],[[80,74],[59,0]]]},
"G523": {"type": "Matrix2x2", "payoffs": [[[54,97],[35,0]],[[13,81],[0,18]]]},
"G524": {"type": "Matrix2x2", "payoffs": [[[0,32],[74,0]],[[22,85],[100,93]]]},
"G525": {"type": "Matrix2x2", "payoffs": [[[0,0],[4,2]],[[5,8],[1,5]]]},
"G526": {"type": "Matrix2x2", "payoffs": [[[13,0],[0,75]],[[23,79],[71,88]]]},
"G527": {"type": "Matrix2x2", "payoffs": [[[47,0],[0,75]],[[54,97],[26,18]]]},
"G528": {"type": "Matrix2x2", "payoffs": [[[0,44],[22,68]],[[21,27],[13,0]]]},
"G529": {"type": "Matrix2x2", "payoffs": [[[16,23],[20,40]],[[12,0],[0,38]]]},
"G530": {"type": "Matrix2x2", "payoffs": [[[0,44],[43,33]],[[72,86],[69,0]]]},
"G531": {"type": "Matrix2x2", "payoffs": [[[0,33],[28,0]],[[45,65],[39,10]]]},
"G532": {"type": "Matrix2x2", "payoffs": [[[11,11],[13,56]],[[9,0],[0,46]]]},
"G533": {"type": "Matrix2x2", "payoffs": [[[16,77],[3,0]],[[70,93],[0,92]]]},
"G534": {"type": "Matrix2x2", "payoffs": [[[0,0],[14,24]],[[83,51],[34,12]]]},
"G535": {"type": "Matrix2x2", "payoffs": [[[0,13],[29,32]],[[25,0],[3,14]]]},
"G536": {"type": "Matrix2x2", "payoffs": [[[6,47],[0,0]],[[12,11],[14,58]]]},
"G537": {"type": "Matrix2x2", "payoffs": [[[0,0],[18,71]],[[23,21],[70,100]]]},
"G538": {"type": "Matrix2x2", "payoffs": [[[0,29],[8,27]],[[13,0],[44,59]]]},
"G539": {"type": "Matrix2x2", "payoffs": [[[31,7],[45,55]],[[27,0],[0,53]]]},
"G540": {"type": "Matrix2x2", "payoffs": [[[23,20],[82,37]],[[0,14],[45,0]]]},
"G541": {"type": "Matrix2x2", "payoffs": [[[0,35],[20,43]],[[25,89],[8,0]]]},
"G542": {"type": "Matrix2x2", "payoffs": [[[0,0],[23,2]],[[26,55],[78,89]]]},
"G543": {"type": "Matrix2x2", "payoffs": [[[25,10],[39,0]],[[0,22],[61,23]]]},
"G544": {"type": "Matrix2x2", "payoffs": [[[5,34],[43,5]],[[0,0],[51,94]]]},
"G545": {"type": "Matrix2x2", "payoffs": [[[11,0],[0,13]],[[3,8],[13,15]]]},
"G546": {"type": "Matrix2x2", "payoffs": [[[69,86],[65,1]],[[0,0],[7,68]]]},
"G547": {"type": "Matrix2x2", "payoffs": [[[32,14],[18,10]],[[12,1],[0,0]]]},
"G548": {"type": "Matrix2x2", "payoffs": [[[38,0],[9,53]],[[89,99],[0,66]]]},
"G549": {"type": "Matrix2x2", "payoffs": [[[61,24],[85,79]],[[0,17],[29,0]]]},
"G550": {"type": "Matrix2x2", "payoffs": [[[6,50],[0,0]],[[35,55],[8,20]]]},
"G551": {"type": "Matrix2x2", "payoffs": [[[73,25],[82,65]],[[19,59],[0,0]]]},
"G552": {"type": "Matrix2x2", "payoffs": [[[29,5],[25,43]],[[0,0],[55,52]]]},
"G553": {"type": "Matrix2x2", "payoffs": [[[0,0],[6,1]],[[1,8],[7,57]]]},
"G554": {"type": "Matrix2x2", "payoffs": [[[39,93],[0,72]],[[50,94],[40,0]]]},
"G555": {"type": "Matrix2x2", "payoffs": [[[0,0],[81,23]],[[70,20],[22,19]]]},
"G556": {"type": "Matrix2x2", "payoffs": [[[15,18],[55,73]],[[46,70],[0,0]]]},
"G557": {"type": "Matrix2x2", "payoffs": [[[0,0],[21,30]],[[56,16],[62,55]]]},
"G558": {"type": "Matrix2x2", "payoffs": [[[2,58],[0,0]],[[1,60],[3,73]]]},
"G559": {"type": "Matrix2x2", "payoffs": [[[39,20],[0,0]],[[65,95],[54,25]]]},
"G560": {"type": "Matrix2x2", "payoffs": [[[0,7],[31,47]],[[43,0],[75,97]]]},
"G561": {"type": "Matrix2x2", "payoffs": [[[29,79],[1,24]],[[0,0],[4,15]]]},
"G562": {"type": "Matrix2x2", "payoffs": [[[30,0],[0,32]],[[1,34],[52,46]]]},
"G563": {"type": "Matrix2x2", "payoffs": [[[2,44],[0,26]],[[5,53],[3,0]]]},
"G564": {"type": "Matrix2x2", "payoffs": [[[93,41],[0,10]],[[82,32],[60,0]]]},
"G565": {"type": "Matrix2x2", "payoffs": [[[22,57],[0,40]],[[10,50],[16,0]]]},
"G566": {"type": "Matrix2x2", "payoffs": [[[65,29],[39,13]],[[61,2],[0,0]]]},
"G567": {"type": "Matrix2x2", "payoffs": [[[8,27],[12,0]],[[33,66],[0,21]]]},
"G568": {"type": "Matrix2x2", "payoffs": [[[9,4],[40,17]],[[31,0],[0,11]]]},
"G569": {"type": "Matrix2x2", "payoffs": [[[0,0],[12,25]],[[19,36],[66,93]]]},
"G570": {"type": "Matrix2x2", "payoffs": [[[33,90],[0,0]],[[22,67],[7,22]]]},
"G571": {"type": "Matrix2x2", "payoffs": [[[3,1],[0,4]],[[88,0],[97,8]]]},
"G572": {"type": "Matrix2x2", "payoffs": [[[33,3],[0,11]],[[49,35],[13,0]]]},
"G573": {"type": "Matrix2x2", "payoffs": [[[14,1],[53,3]],[[0,2],[22,0]]]},
"G574": {"type": "Matrix2x2", "payoffs": [[[79,94],[20,0]],[[34,55],[0,77]]]},
"G575": {"type": "Matrix2x2", "payoffs": [[[4,97],[1,13]],[[0,9],[3,0]]]},
"G576": {"type": "Matrix2x2", "payoffs": [[[0,0],[7,26]],[[5,3],[3,8]]]},
"G577": {"type": "Matrix2x2", "payoffs": [[[57,3],[0,0]],[[24,2],[35,1]]]},
"G578": {"type": "Matrix2x2", "payoffs": [[[0,0],[35,76]],[[13,2],[3,32]]]},
"G579": {"type": "Matrix2x2", "payoffs": [[[45,10],[0,8]],[[23,9],[13,0]]]},
"G580": {"type": "Matrix2x2", "payoffs": [[[10,17],[15,23]],[[2,9],[0,0]]]},
"G581": {"type": "Matrix2x2", "payoffs": [[[46,19],[2,1]],[[0,0],[20,4]]]},
"G582": {"type": "Matrix2x2", "payoffs": [[[0,35],[21,9]],[[19,0],[27,36]]]},
"G583": {"type": "Matrix2x2", "payoffs": [[[29,51],[30,72]],[[13,0],[0,47]]]},
"G584": {"type": "Matrix2x2", "payoffs": [[[34,0],[52,35]],[[0,34],[39,4]]]},
"G585": {"type": "Matrix2x2", "payoffs": [[[7,16],[0,0]],[[26,29],[2,7]]]},
"G586": {"type": "Matrix2x2", "payoffs": [[[20,0],[58,36]],[[0,21],[76,40]]]},
"G587": {"type": "Matrix2x2", "payoffs": [[[41,6],[5,0]],[[68,96],[0,57]]]},
"G588": {"type": "Matrix2x2", "payoffs": [[[3,0],[22,10]],[[27,65],[0,23]]]},
"G589": {"type": "Matrix2x2", "payoffs": [[[0,10],[11,6]],[[12,0],[30,22]]]},
"G590": {"type": "Matrix2x2", "payoffs": [[[34,9],[13,0]],[[84,14],[0,1]]]},
"G591": {"type": "Matrix2x2", "payoffs": [[[31,0],[45,8]],[[94,9],[0,3]]]},
"G592": {"type": "Matrix2x2", "payoffs": [[[29,68],[0,58]],[[9,0],[7,51]]]},
"G593": {"type": "Matrix2x2", "payoffs": [[[36,75],[0,47]],[[1,0],[19,39]]]},
"G594": {"type": "Matrix2x2", "payoffs": [[[34,6],[0,22]],[[70,62],[59,0]]]},
"G595": {"type": "Matrix2x2", "payoffs": [[[32,58],[3,0]],[[0,53],[5,50]]]},
"G596": {"type": "Matrix2x2", "payoffs": [[[55,67],[52,27]],[[11,63],[0,0]]]},
"G597": {"type": "Matrix2x2", "payoffs": [[[47,49],[40,13]],[[29,48],[0,0]]]},
"G598": {"type": "Matrix2x2", "payoffs": [[[0,12],[1,23]],[[53,92],[51,0]]]},
"G599": {"type": "Matrix2x2", "payoffs": [[[2,9],[5,60]],[[0,0],[1,13]]]},
"G600": {"type": "Matrix2x2", "payoffs": [[[27,70],[12,30]],[[67,81],[0,0]]]},
"G601": {"type": "Matrix2x2", "payoffs": [[[31,0],[48,16]],[[0,4],[44,12]]]},
"G602": {"type": "Matrix2x2", "payoffs": [[[53,62],[87,63]],[[0,0],[24,2]]]},
"G603": {"type": "Matrix2x2", "payoffs": [[[17,21],[70,78]],[[24,0],[0,18]]]},
"G604": {"type": "Matrix2x2", "payoffs": [[[0,49],[64,72]],[[61,4],[33,0]]]},
"G605": {"type": "Matrix2x2", "payoffs": [[[51,0],[0,48]],[[43,4],[87,55]]]},
"G606": {"type": "Matrix2x2", "payoffs": [[[3,24],[0,23]],[[2,0],[1,5]]]},
"G607": {"type": "Matrix2x2", "payoffs": [[[0,30],[26,60]],[[14,38],[25,0]]]},
"G608": {"type": "Matrix2x2", "payoffs": [[[0,0],[20,14]],[[83,80],[47,28]]]},
"G609": {"type": "Matrix2x2", "payoffs": [[[6,80],[2,37]],[[1,0],[0,53]]]},
"G610": {"type": "Matrix2x2", "payoffs": [[[4,1],[8,6]],[[0,0],[3,5]]]},
"G611": {"type": "Matrix2x2", "payoffs": [[[19,15],[23,44]],[[3,0],[0,34]]]},
"G612": {"type": "Matrix2x2", "payoffs": [[[0,53],[11,85]],[[5,65],[6,0]]]},
"G613": {"type": "Matrix2x2", "payoffs": [[[1,0],[2,39]],[[3,75],[0,28]]]},
"G614": {"type": "Matrix2x2", "payoffs": [[[89,43],[49,0]],[[11,25],[0,12]]]},
"G615": {"type": "Matrix2x2", "payoffs": [[[0,10],[77,18]],[[31,12],[38,0]]]},
"G616": {"type": "Matrix2x2", "payoffs": [[[89,77],[74,27]],[[0,0],[51,32]]]},
"G617": {"type": "Matrix2x2", "payoffs": [[[38,0],[8,35]],[[88,65],[0,51]]]},
"G618": {"type": "Matrix2x2", "payoffs": [[[0,47],[47,84]],[[37,0],[43,33]]]},
"G619": {"type": "Matrix2x2", "payoffs": [[[13,68],[6,9]],[[7,0],[0,46]]]},
"G620": {"type": "Matrix2x2", "payoffs": [[[2,0],[0,14]],[[5,11],[7,19]]]},
"G621": {"type": "Matrix2x2", "payoffs": [[[74,86],[65,72]],[[0,0],[67,53]]]},
"G622": {"type": "Matrix2x2", "payoffs": [[[1,78],[30,94]],[[0,88],[20,0]]]},
"G623": {"type": "Matrix2x2", "payoffs": [[[0,56],[15,57]],[[12,0],[11,49]]]},
"G624": {"type": "Matrix2x2", "payoffs": [[[88,25],[73,0]],[[38,6],[0,9]]]},
"G625": {"type": "Matrix2x2", "payoffs": [[[88,0],[44,8]],[[0,7],[98,11]]]},
"G626": {"type": "Matrix2x2", "payoffs": [[[4,9],[7,0]],[[0,17],[13,34]]]},
"G627": {"type": "Matrix2x2", "payoffs": [[[0,3],[27,0]],[[17,7],[32,10]]]},
"G628": {"type": "Matrix2x2", "payoffs": [[[0,5],[45,0]],[[58,10],[50,1]]]},
"G629": {"type": "Matrix2x2", "payoffs": [[[4,6],[40,71]],[[0,0],[42,80]]]},
"G630": {"type": "Matrix2x2", "payoffs": [[[0,21],[2,14]],[[51,91],[14,0]]]},
"G631": {"type": "Matrix2x2", "payoffs": [[[52,0],[80,70]],[[0,33],[57,68]]]},
"G632": {"type": "Matrix2x2", "payoffs": [[[0,27],[18,0]],[[35,58],[33,5]]]},
"G633": {"type": "Matrix2x2", "payoffs": [[[0,2],[3,0]],[[15,39],[14,9]]]},
"G634": {"type": "Matrix2x2", "payoffs": [[[52,7],[65,62]],[[0,60],[57,0]]]},
"G635": {"type": "Matrix2x2", "payoffs": [[[0,24],[41,56]],[[8,25],[22,0]]]},
"G636": {"type": "Matrix2x2", "payoffs": [[[9,0],[0,44]],[[89,41],[92,85]]]},
"G637": {"type": "Matrix2x2", "payoffs": [[[8,6],[0,1]],[[39,7],[38,0]]]},
"G638": {"type": "Matrix2x2", "payoffs": [[[0,43],[44,86]],[[26,0],[20,9]]]},
"G639": {"type": "Matrix2x2", "payoffs": [[[1,54],[0,0]],[[2,39],[53,79]]]},
"G640": {"type": "Matrix2x2", "payoffs": [[[0,7],[16,5]],[[22,0],[40,10]]]},
"G641": {"type": "Matrix2x2", "payoffs": [[[78,69],[0,11]],[[20,0],[62,33]]]},
"G642": {"type": "Matrix2x2", "payoffs": [[[90,58],[22,27]],[[7,36],[0,0]]]},
"G643": {"type": "Matrix2x2", "payoffs": [[[84,0],[0,13]],[[93,78],[5,43]]]},
"G644": {"type": "Matrix2x2", "payoffs": [[[28,0],[35,51]],[[23,24],[0,7]]]},
"G645": {"type": "Matrix2x2", "payoffs": [[[42,12],[0,14]],[[89,19],[82,0]]]},
"G646": {"type": "Matrix2x2", "payoffs": [[[82,86],[0,26]],[[51,0],[7,22]]]},
"G647": {"type": "Matrix2x2", "payoffs": [[[0,0],[91,41]],[[87,12],[34,21]]]},
"G648": {"type": "Matrix2x2", "payoffs": [[[6,7],[2,5]],[[4,4],[0,0]]]},
"G649": {"type": "Matrix2x2", "payoffs": [[[83,44],[33,30]],[[0,39],[73,0]]]},
"G650": {"type": "Matrix2x2", "payoffs": [[[49,42],[50,70]],[[0,9],[38,0]]]},
"G651": {"type": "Matrix2x2", "payoffs": [[[6,90],[1,9]],[[0,78],[4,0]]]},
"G652": {"type": "Matrix2x2", "payoffs": [[[1,32],[7,72]],[[4,0],[0,69]]]},
"G653": {"type": "Matrix2x2", "payoffs": [[[15,94],[53,97]],[[11,87],[0,0]]]},
"G654": {"type": "Matrix2x2", "payoffs": [[[48,38],[25,30]],[[42,20],[0,0]]]},
"G655": {"type": "Matrix2x2", "payoffs": [[[24,54],[34,60]],[[5,24],[0,0]]]},
"G656": {"type": "Matrix2x2", "payoffs": [[[62,55],[45,0]],[[48,36],[0,13]]]},
"G657": {"type": "Matrix2x2", "payoffs": [[[9,70],[7,13]],[[0,0],[4,1]]]},
"G658": {"type": "Matrix2x2", "payoffs": [[[0,65],[53,98]],[[24,6],[21,0]]]},
"G659": {"type": "Matrix2x2", "payoffs": [[[6,19],[79,46]],[[0,45],[65,0]]]},
"G660": {"type": "Matrix2x2", "payoffs": [[[27,28],[15,19]],[[0,0],[54,61]]]},
"G661": {"type": "Matrix2x2", "payoffs": [[[2,0],[40,95]],[[0,68],[16,27]]]},
"G662": {"type": "Matrix2x2", "payoffs": [[[0,0],[24,49]],[[52,68],[20,65]]]},
"G663": {"type": "Matrix2x2", "payoffs": [[[23,72],[0,22]],[[35,76],[1,0]]]},
"G664": {"type": "Matrix2x2", "payoffs": [[[0,14],[13,7]],[[4,0],[22,83]]]},
"G665": {"type": "Matrix2x2", "payoffs": [[[43,1],[25,2]],[[0,0],[94,4]]]},
"G666": {"type": "Matrix2x2", "payoffs": [[[0,0],[23,45]],[[18,44],[3,23]]]},
"G667": {"type": "Matrix2x2", "payoffs": [[[0,16],[93,45]],[[8,41],[30,0]]]},
"G668": {"type": "Matrix2x2", "payoffs": [[[48,57],[0,23]],[[29,0],[14,35]]]},
"G669": {"type": "Matrix2x2", "payoffs": [[[15,6],[28,36]],[[0,20],[13,0]]]},
"G670": {"type": "Matrix2x2", "payoffs": [[[40,0],[96,43]],[[0,38],[11,35]]]},
"G671": {"type": "Matrix2x2", "payoffs": [[[0,56],[78,61]],[[20,0],[82,64]]]},
"G672": {"type": "Matrix2x2", "payoffs": [[[0,9],[58,17]],[[4,6],[39,0]]]},
"G673": {"type": "Matrix2x2", "payoffs": [[[22,68],[0,53]],[[3,0],[17,46]]]},
"G674": {"type": "Matrix2x2", "payoffs": [[[33,79],[14,36]],[[0,21],[17,0]]]},
"G675": {"type": "Matrix2x2", "payoffs": [[[15,0],[57,12]],[[41,5],[0,10]]]},
"G676": {"type": "Matrix2x2", "payoffs": [[[37,58],[0,54]],[[11,11],[4,0]]]},
"G677": {"type": "Matrix2x2", "payoffs": [[[43,18],[0,9]],[[76,80],[27,0]]]},
"G678": {"type": "Matrix2x2", "payoffs": [[[26,18],[93,44]],[[0,0],[43,36]]]},
"G679": {"type": "Matrix2x2", "payoffs": [[[81,5],[0,1]],[[71,0],[1,4]]]},
"G680": {"type": "Matrix2x2", "payoffs": [[[58,75],[0,8]],[[98,76],[69,0]]]},
"G681": {"type": "Matrix2x2", "payoffs": [[[84,79],[22,18]],[[0,2],[23,0]]]},
"G682": {"type": "Matrix2x2", "payoffs": [[[0,0],[82,85]],[[40,48],[52,56]]]},
"G683": {"type": "Matrix2x2", "payoffs": [[[30,2],[65,33]],[[48,7],[0,0]]]},
"G684": {"type": "Matrix2x2", "payoffs": [[[23,0],[0,3]],[[7,2],[60,4]]]},
"G685": {"type": "Matrix2x2", "payoffs": [[[51,0],[82,73]],[[0,10],[52,21]]]},
"G686": {"type": "Matrix2x2", "payoffs": [[[34,4],[0,0]],[[2,22],[40,28]]]},
"G687": {"type": "Matrix2x2", "payoffs": [[[4,19],[38,10]],[[0,0],[46,23]]]},
"G688": {"type": "Matrix2x2", "payoffs": [[[7,19],[17,26]],[[10,0],[0,5]]]},
"G689": {"type": "Matrix2x2", "payoffs": [[[3,43],[5,65]],[[0,55],[2,0]]]},
"G690": {"type": "Matrix2x2", "payoffs": [[[14,23],[10,0]],[[17,32],[0,14]]]},
"G691": {"type": "Matrix2x2", "payoffs": [[[2,4],[0,0]],[[10,14],[27,48]]]},
"G692": {"type": "Matrix2x2", "payoffs": [[[0,0],[92,29]],[[8,15],[84,8]]]},
"G693": {"type": "Matrix2x2", "payoffs": [[[0,32],[53,41]],[[16,6],[48,0]]]},
"G694": {"type": "Matrix2x2", "payoffs": [[[4,52],[1,48]],[[2,27],[0,0]]]},
"G695": {"type": "Matrix2x2", "payoffs": [[[25,61],[53,70]],[[38,0],[0,18]]]},
"G696": {"type": "Matrix2x2", "payoffs": [[[27,33],[8,65]],[[59,74],[0,0]]]},
"G697": {"type": "Matrix2x2", "payoffs": [[[87,34],[0,28]],[[6,14],[74,0]]]},
"G698": {"type": "Matrix2x2", "payoffs": [[[32,2],[20,0]],[[0,7],[40,8]]]},
"G699": {"type": "Matrix2x2", "payoffs": [[[0,0],[15,3]],[[19,2],[37,14]]]},
"G700": {"type": "Matrix2x2", "payoffs": [[[30,50],[0,0]],[[16,23],[17,48]]]},
"G701": {"type": "Matrix2x2", "payoffs": [[[65,94],[38,0]],[[60,44],[0,41]]]},
"G702": {"type": "Matrix2x2", "payoffs": [[[39,0],[47,19]],[[0,14],[46,7]]]},
"G703": {"type": "Matrix2x2", "payoffs": [[[71,0],[0,25]],[[18,13],[99,94]]]},
"G704": {"type": "Matrix2x2", "payoffs": [[[19,89],[13,37]],[[0,0],[2,43]]]},
"G705": {"type": "Matrix2x2", "payoffs": [[[0,2],[3,0]],[[2,7],[4,20]]]},
"G706": {"type": "Matrix2x2", "payoffs": [[[45,34],[22,21]],[[0,0],[2,27]]]},
"G707": {"type": "Matrix2x2", "payoffs": [[[81,50],[30,0]],[[0,32],[40,39]]]},
"G708": {"type": "Matrix2x2", "payoffs": [[[84,35],[0,26]],[[5,10],[9,0]]]},
"G709": {"type": "Matrix2x2", "payoffs": [[[39,83],[34,0]],[[35,69],[0,52]]]},
"G710": {"type": "Matrix2x2", "payoffs": [[[0,54],[1,0]],[[80,94],[35,41]]]},
"G711": {"type": "Matrix2x2", "payoffs": [[[8,0],[21,6]],[[0,4],[53,28]]]},
"G712": {"type": "Matrix2x2", "payoffs": [[[9,0],[0,72]],[[43,77],[36,23]]]},
"G713": {"type": "Matrix2x2", "payoffs": [[[19,0],[15,4]],[[0,18],[22,19]]]},
"G714": {"type": "Matrix2x2", "payoffs": [[[17,27],[0,0]],[[68,41],[37,33]]]},
"G715": {"type": "Matrix2x2", "payoffs": [[[0,4],[64,12]],[[46,0],[98,22]]]},
"G716": {"type": "Matrix2x2", "payoffs": [[[32,33],[16,8]],[[0,12],[31,0]]]},
"G717": {"type": "Matrix2x2", "payoffs": [[[14,5],[0,1]],[[35,11],[20,0]]]},
"G718": {"type": "Matrix2x2", "payoffs": [[[2,2],[1,0]],[[0,4],[5,52]]]},
"G719": {"type": "Matrix2x2", "payoffs": [[[15,27],[0,0]],[[33,45],[49,55]]]},
"G720": {"type": "Matrix2x2", "payoffs": [[[89,48],[4,12]],[[8,42],[0,0]]]},
"G721": {"type": "Matrix2x2", "payoffs": [[[0,0],[3,56]],[[12,23],[14,63]]]},
"G722": {"type": "Matrix2x2", "payoffs": [[[27,0],[24,7]],[[61,81],[0,38]]]},
"G723": {"type": "Matrix2x2", "payoffs": [[[38,88],[4,0]],[[0,5],[24,4]]]},
"G724": {"type": "Matrix2x2", "payoffs": [[[2,0],[3,62]],[[37,76],[0,39]]]},
"G725": {"type": "Matrix2x2", "payoffs": [[[33,12],[36,52]],[[0,29],[29,0]]]},
"G726": {"type": "Matrix2x2", "payoffs": [[[34,100],[4,19]],[[13,0],[0,1]]]},
"G727": {"type": "Matrix2x2", "payoffs": [[[2,0],[11,87]],[[0,70],[6,69]]]},
"G728": {"type": "Matrix2x2", "payoffs": [[[3,0],[22,3]],[[12,1],[0,2]]]},
"G729": {"type": "Matrix2x2", "payoffs": [[[35,45],[32,26]],[[62,83],[0,0]]]},
"G730": {"type": "Matrix2x2", "payoffs": [[[0,27],[11,0]],[[90,68],[62,50]]]},
"G731": {"type": "Matrix2x2", "payoffs": [[[27,2],[70,0]],[[81,6],[0,5]]]},
"G732": {"type": "Matrix2x2", "payoffs": [[[0,12],[22,0]],[[26,97],[14,38]]]},
"G733": {"type": "Matrix2x2", "payoffs": [[[41,72],[3,0]],[[0,30],[53,83]]]},
"G734": {"type": "Matrix2x2", "payoffs": [[[65,11],[90,66]],[[0,0],[75,36]]]},
"G735": {"type": "Matrix2x2", "payoffs": [[[81,49],[13,10]],[[0,0],[16,5]]]},
"G736": {"type": "Matrix2x2", "payoffs": [[[4,42],[2,0]],[[0,25],[3,40]]]},
"G737": {"type": "Matrix2x2", "payoffs": [[[70,2],[80,27]],[[0,20],[48,0]]]},
"G738": {"type": "Matrix2x2", "payoffs": [[[0,24],[40,31]],[[20,0],[19,4]]]},
"G739": {"type": "Matrix2x2", "payoffs": [[[53,79],[9,56]],[[0,77],[34,0]]]},
"G740": {"type": "Matrix2x2", "payoffs": [[[0,0],[28,18]],[[4,6],[27,16]]]},
"G741": {"type": "Matrix2x2", "payoffs": [[[60,91],[40,0]],[[0,52],[30,20]]]},
"G742": {"type": "Matrix2x2", "payoffs": [[[21,0],[0,36]],[[56,70],[48,62]]]},
"G743": {"type": "Matrix2x2", "payoffs": [[[0,28],[38,47]],[[46,94],[25,0]]]},
"G744": {"type": "Matrix2x2", "payoffs": [[[12,17],[5,12]],[[3,7],[0,0]]]},
"G745": {"type": "Matrix2x2", "payoffs": [[[12,0],[43,21]],[[0,16],[6,5]]]},
"G746": {"type": "Matrix2x2", "payoffs": [[[45,76],[0,70]],[[32,0],[7,62]]]},
"G747": {"type": "Matrix2x2", "payoffs": [[[98,0],[0,16]],[[63,36],[100,74]]]},
"G748": {"type": "Matrix2x2", "payoffs": [[[11,0],[4,9]],[[55,46],[0,22]]]},
"G749": {"type": "Matrix2x2", "payoffs": [[[25,0],[37,81]],[[0,41],[43,82]]]},
"G750": {"type": "Matrix2x2", "payoffs": [[[13,23],[0,18]],[[23,0],[25,43]]]},
"G751": {"type": "Matrix2x2", "payoffs": [[[0,0],[57,42]],[[76,64],[20,3]]]},
"G752": {"type": "Matrix2x2", "payoffs": [[[21,0],[97,75]],[[15,55],[0,50]]]},
"G753": {"type": "Matrix2x2", "payoffs": [[[15,26],[14,0]],[[0,80],[18,87]]]},
"G754": {"type": "Matrix2x2", "payoffs": [[[0,13],[8,27]],[[56,0],[81,33]]]},
"G755": {"type": "Matrix2x2", "payoffs": [[[9,7],[0,0]],[[13,59],[2,34]]]},
"G756": {"type": "Matrix2x2", "payoffs": [[[0,2],[11,4]],[[2,0],[5,3]]]},
"G757": {"type": "Matrix2x2", "payoffs": [[[7,13],[4,0]],[[0,23],[8,59]]]},
"G758": {"type": "Matrix2x2", "payoffs": [[[37,19],[47,26]],[[3,25],[0,0]]]},
"G759": {"type": "Matrix2x2", "payoffs": [[[2,17],[15,44]],[[0,21],[10,0]]]},
"G760": {"type": "Matrix2x2", "payoffs": [[[0,70],[15,96]],[[13,1],[3,0]]]},
"G761": {"type": "Matrix2x2", "payoffs": [[[4,0],[0,50]],[[5,91],[3,64]]]},
"G762": {"type": "Matrix2x2", "payoffs": [[[21,0],[40,83]],[[5,76],[0,3]]]},
"G763": {"type": "Matrix2x2", "payoffs": [[[72,92],[38,10]],[[0,33],[65,0]]]},
"G764": {"type": "Matrix2x2", "payoffs": [[[34,11],[0,0]],[[97,27],[64,5]]]},
"G765": {"type": "Matrix2x2", "payoffs": [[[0,47],[42,80]],[[40,38],[38,0]]]},
"G766": {"type": "Matrix2x2", "payoffs": [[[16,91],[8,9]],[[0,0],[9,88]]]},
"G767": {"type": "Matrix2x2", "payoffs": [[[21,72],[91,74]],[[0,0],[59,29]]]},
"G768": {"type": "Matrix2x2", "payoffs": [[[11,0],[27,38]],[[0,12],[41,97]]]},
"G769": {"type": "Matrix2x2", "payoffs": [[[34,31],[0,0]],[[37,42],[55,86]]]},
"G770": {"type": "Matrix2x2", "payoffs": [[[0,24],[58,16]],[[95,27],[92,0]]]},
"G771": {"type": "Matrix2x2", "payoffs": [[[47,47],[0,0]],[[18,28],[14,38]]]},
"G772": {"type": "Matrix2x2", "payoffs": [[[21,1],[19,2]],[[0,0],[25,3]]]},
"G773": {"type": "Matrix2x2", "payoffs": [[[8,39],[3,0]],[[0,4],[43,45]]]},
"G774": {"type": "Matrix2x2", "payoffs": [[[0,0],[54,16]],[[59,19],[30,7]]]},
"G775": {"type": "Matrix2x2", "payoffs": [[[37,44],[13,0]],[[0,79],[93,80]]]},
"G776": {"type": "Matrix2x2", "payoffs": [[[3,0],[36,12]],[[45,23],[0,17]]]},
"G777": {"type": "Matrix2x2", "payoffs": [[[0,37],[4,12]],[[19,0],[40,44]]]},
"G778": {"type": "Matrix2x2", "payoffs": [[[63,58],[55,24]],[[35,6],[0,0]]]},
"G779": {"type": "Matrix2x2", "payoffs": [[[7,16],[22,19]],[[0,0],[8,1]]]},
"G780": {"type": "Matrix2x2", "payoffs": [[[7,0],[0,22]],[[5,19],[32,67]]]},
"G781": {"type": "Matrix2x2", "payoffs": [[[0,0],[58,7]],[[69,26],[64,10]]]},
"G782": {"type": "Matrix2x2", "payoffs": [[[53,24],[0,3]],[[35,6],[19,0]]]},
"G783": {"type": "Matrix2x2", "payoffs": [[[53,35],[0,83]],[[66,0],[73,99]]]},
"G784": {"type": "Matrix2x2", "payoffs": [[[31,4],[69,46]],[[0,39],[28,0]]]},
"G785": {"type": "Matrix2x2", "payoffs": [[[59,2],[0,0]],[[72,26],[84,54]]]},
"G786": {"type": "Matrix2x2", "payoffs": [[[84,28],[50,44]],[[0,0],[86,45]]]},
"G787": {"type": "Matrix2x2", "payoffs": [[[63,3],[0,0]],[[33,2],[73,6]]]},
"G788": {"type": "Matrix2x2", "payoffs": [[[9,7],[0,2]],[[25,0],[65,21]]]},
"G789": {"type": "Matrix2x2", "payoffs": [[[38,0],[45,17]],[[46,43],[0,18]]]},
"G790": {"type": "Matrix2x2", "payoffs": [[[30,21],[50,0]],[[55,34],[0,23]]]},
"G791": {"type": "Matrix2x2", "payoffs": [[[38,1],[54,3]],[[0,0],[80,4]]]},
"G792": {"type": "Matrix2x2", "payoffs": [[[6,2],[42,1]],[[0,0],[49,10]]]},
"G793": {"type": "Matrix2x2", "payoffs": [[[82,43],[10,10]],[[4,0],[0,26]]]},
"G794": {"type": "Matrix2x2", "payoffs": [[[7,42],[0,70]],[[20,75],[18,0]]]},
"G795": {"type": "Matrix2x2", "payoffs": [[[88,90],[38,71]],[[0,0],[9,78]]]},
"G796": {"type": "Matrix2x2", "payoffs": [[[34,15],[0,65]],[[32,0],[60,67]]]},
"G797": {"type": "Matrix2x2", "payoffs": [[[46,0],[71,4]],[[65,2],[0,3]]]},
"G798": {"type": "Matrix2x2", "payoffs": [[[35,44],[0,20]],[[46,54],[24,0]]]},
"G799": {"type": "Matrix2x2", "payoffs": [[[16,4],[54,0]],[[0,2],[90,13]]]},
"G800": {"type": "Matrix2x2", "payoffs": [[[7,7],[18,56]],[[10,30],[0,0]]]},
"G801": {"type": "Matrix2x2", "payoffs": [[[46,25],[27,0]],[[97,68],[0,66]]]},
"G802": {"type": "Matrix2x2", "payoffs": [[[0,31],[15,0]],[[40,6],[54,50]]]},
"G803": {"type": "Matrix2x2", "payoffs": [[[0,0],[41,13]],[[9,4],[26,5]]]},
"G804": {"type": "Matrix2x2", "payoffs": [[[0,2],[6,32]],[[5,27],[2,0]]]},
"G805": {"type": "Matrix2x2", "payoffs": [[[1,9],[3,0]],[[4,19],[0,13]]]},
"G806": {"type": "Matrix2x2", "payoffs": [[[45,3],[0,0]],[[50,93],[36,77]]]},
"G807": {"type": "Matrix2x2", "payoffs": [[[90,16],[12,0]],[[48,10],[0,2]]]},
"G808": {"type": "Matrix2x2", "payoffs": [[[90,97],[47,52]],[[0,30],[40,0]]]},
"G809": {"type": "Matrix2x2", "payoffs": [[[44,1],[78,0]],[[96,3],[0,2]]]},
"G810": {"type": "Matrix2x2", "payoffs": [[[0,0],[68,48]],[[9,46],[16,5]]]},
"G811": {"type": "Matrix2x2", "payoffs": [[[0,79],[80,93]],[[14,0],[34,58]]]},
"G812": {"type": "Matrix2x2", "payoffs": [[[0,16],[92,23]],[[24,0],[70,18]]]},
"G813": {"type": "Matrix2x2", "payoffs": [[[0,21],[25,0]],[[10,6],[43,98]]]},
"G814": {"type": "Matrix2x2", "payoffs": [[[61,14],[85,64]],[[74,0],[0,33]]]},
"G815": {"type": "Matrix2x2", "payoffs": [[[93,0],[76,35]],[[99,76],[0,24]]]},
"G816": {"type": "Matrix2x2", "payoffs": [[[30,0],[53,22]],[[84,79],[0,78]]]},
"G817": {"type": "Matrix2x2", "payoffs": [[[0,26],[11,73]],[[16,0],[27,92]]]},
"G818": {"type": "Matrix2x2", "payoffs": [[[92,96],[72,66]],[[44,0],[0,32]]]},
"G819": {"type": "Matrix2x2", "payoffs": [[[4,4],[0,0]],[[14,6],[7,1]]]},
"G820": {"type": "Matrix2x2", "payoffs": [[[26,19],[18,16]],[[11,0],[0,4]]]},
"G821": {"type": "Matrix2x2", "payoffs": [[[0,12],[20,16]],[[79,39],[23,0]]]},
"G822": {"type": "Matrix2x2", "payoffs": [[[2,0],[3,39]],[[1,16],[0,9]]]},
"G823": {"type": "Matrix2x2", "payoffs": [[[20,69],[15,39]],[[19,0],[0,40]]]},
"G824": {"type": "Matrix2x2", "payoffs": [[[12,30],[32,41]],[[0,0],[24,15]]]},
"G825": {"type": "Matrix2x2", "payoffs": [[[0,32],[36,51]],[[12,0],[22,40]]]},
"G826": {"type": "Matrix2x2", "payoffs": [[[10,0],[70,54]],[[56,41],[0,44]]]},
"G827": {"type": "Matrix2x2", "payoffs": [[[84,1],[83,0]],[[98,8],[0,3]]]},
"G828": {"type": "Matrix2x2", "payoffs": [[[36,26],[84,3]],[[85,51],[0,0]]]},
"G829": {"type": "Matrix2x2", "payoffs": [[[1,0],[10,22]],[[14,44],[0,36]]]},
"G830": {"type": "Matrix2x2", "payoffs": [[[38,34],[8,17]],[[0,15],[27,0]]]},
"G831": {"type": "Matrix2x2", "payoffs": [[[57,2],[93,5]],[[0,3],[75,0]]]},
"G832": {"type": "Matrix2x2", "payoffs": [[[74,11],[34,0]],[[0,5],[52,8]]]},
"G833": {"type": "Matrix2x2", "payoffs": [[[0,27],[8,20]],[[17,0],[20,54]]]},
"G834": {"type": "Matrix2x2", "payoffs": [[[0,2],[91,18]],[[22,0],[23,12]]]},
"G835": {"type": "Matrix2x2", "payoffs": [[[39,2],[7,39]],[[73,50],[0,0]]]},
"G836": {"type": "Matrix2x2", "payoffs": [[[0,0],[31,46]],[[78,94],[28,57]]]},
"G837": {"type": "Matrix2x2", "payoffs": [[[18,78],[16,0]],[[0,49],[8,46]]]},
"G838": {"type": "Matrix2x2", "payoffs": [[[70,25],[31,0]],[[0,24],[57,21]]]},
"G839": {"type": "Matrix2x2", "payoffs": [[[75,76],[0,10]],[[69,30],[19,0]]]},
"G840": {"type": "Matrix2x2", "payoffs": [[[6,0],[0,17]],[[21,26],[13,2]]]},
"G841": {"type": "Matrix2x2", "payoffs": [[[0,0],[10,5]],[[28,29],[2,24]]]},
"G842": {"type": "Matrix2x2", "payoffs": [[[81,99],[0,75]],[[65,80],[79,0]]]},
"G843": {"type": "Matrix2x2", "payoffs": [[[18,0],[83,80]],[[0,2],[69,42]]]},
"G844": {"type": "Matrix2x2", "payoffs": [[[0,25],[7,31]],[[3,27],[2,0]]]},
"G845": {"type": "Matrix2x2", "payoffs": [[[22,97],[3,67]],[[0,48],[21,0]]]},
"G846": {"type": "Matrix2x2", "payoffs": [[[52,77],[40,0]],[[3,75],[0,17]]]},
"G847": {"type": "Matrix2x2", "payoffs": [[[24,0],[44,22]],[[0,18],[66,47]]]},
"G848": {"type": "Matrix2x2", "payoffs": [[[0,59],[89,92]],[[75,0],[69,34]]]},
"G849": {"type": "Matrix2x2", "payoffs": [[[0,1],[38,0]],[[56,7],[45,5]]]},
"G850": {"type": "Matrix2x2", "payoffs": [[[0,23],[6,62]],[[2,0],[7,89]]]},
"G851": {"type": "Matrix2x2", "payoffs": [[[0,6],[11,0]],[[31,21],[28,14]]]},
"G852": {"type": "Matrix2x2", "payoffs": [[[0,2],[34,10]],[[24,0],[15,3]]]},
"G853": {"type": "Matrix2x2", "payoffs": [[[20,51],[62,42]],[[0,0],[69,72]]]},
"G854": {"type": "Matrix2x2", "payoffs": [[[0,32],[59,38]],[[23,0],[48,21]]]},
"G855": {"type": "Matrix2x2", "payoffs": [[[88,18],[46,0]],[[49,2],[0,11]]]},
"G856": {"type": "Matrix2x2", "payoffs": [[[10,0],[25,38]],[[0,32],[88,53]]]},
"G857": {"type": "Matrix2x2", "payoffs": [[[0,9],[2,0]],[[34,63],[19,60]]]},
"G858": {"type": "Matrix2x2", "payoffs": [[[23,11],[30,0]],[[0,21],[66,31]]]},
"G859": {"type": "Matrix2x2", "payoffs": [[[12,51],[10,0]],[[0,44],[3,1]]]},
"G860": {"type": "Matrix2x2", "payoffs": [[[82,18],[0,8]],[[58,0],[51,13]]]},
"G861": {"type": "Matrix2x2", "payoffs": [[[63,47],[27,35]],[[11,0],[0,5]]]},
"G862": {"type": "Matrix2x2", "payoffs": [[[51,68],[33,0]],[[0,46],[44,66]]]},
"G863": {"type": "Matrix2x2", "payoffs": [[[41,0],[78,98]],[[68,56],[0,2]]]},
"G864": {"type": "Matrix2x2", "payoffs": [[[0,2],[3,13]],[[1,6],[2,0]]]},
"G865": {"type": "Matrix2x2", "payoffs": [[[6,37],[3,1]],[[5,0],[0,34]]]},
"G866": {"type": "Matrix2x2", "payoffs": [[[12,16],[0,11]],[[6,0],[3,5]]]},
"G867": {"type": "Matrix2x2", "payoffs": [[[69,4],[74,11]],[[0,8],[28,0]]]},
"G868": {"type": "Matrix2x2", "payoffs": [[[19,15],[0,0]],[[55,25],[15,14]]]},
"G869": {"type": "Matrix2x2", "payoffs": [[[60,10],[17,0]],[[0,6],[15,2]]]},
"G870": {"type": "Matrix2x2", "payoffs": [[[0,19],[11,20]],[[17,27],[16,0]]]},
"G871": {"type": "Matrix2x2", "payoffs": [[[8,7],[45,16]],[[0,0],[2,4]]]},
"G872": {"type": "Matrix2x2", "payoffs": [[[0,0],[9,98]],[[4,49],[7,31]]]},
"G873": {"type": "Matrix2x2", "payoffs": [[[12,15],[0,3]],[[1,0],[14,16]]]},
"G874": {"type": "Matrix2x2", "payoffs": [[[0,0],[15,8]],[[1,1],[20,13]]]},
"G875": {"type": "Matrix2x2", "payoffs": [[[58,53],[45,45]],[[0,50],[4,0]]]},
"G876": {"type": "Matrix2x2", "payoffs": [[[0,1],[71,20]],[[55,0],[99,30]]]},
"G877": {"type": "Matrix2x2", "payoffs": [[[38,5],[54,6]],[[17,1],[0,0]]]},
"G878": {"type": "Matrix2x2", "payoffs": [[[74,53],[17,25]],[[20,3],[0,0]]]},
"G879": {"type": "Matrix2x2", "payoffs": [[[69,46],[95,68]],[[0,7],[19,0]]]},
"G880": {"type": "Matrix2x2", "payoffs": [[[0,0],[31,9]],[[55,17],[51,1]]]},
"G881": {"type": "Matrix2x2", "payoffs": [[[72,10],[0,0]],[[71,3],[8,7]]]},
"G882": {"type": "Matrix2x2", "payoffs": [[[71,0],[0,13]],[[70,4],[93,16]]]},
"G883": {"type": "Matrix2x2", "payoffs": [[[18,1],[0,3]],[[89,0],[98,16]]]},
"G884": {"type": "Matrix2x2", "payoffs": [[[0,0],[70,44]],[[63,1],[49,36]]]},
"G885": {"type": "Matrix2x2", "payoffs": [[[0,11],[23,13]],[[43,30],[35,0]]]},
"G886": {"type": "Matrix2x2", "payoffs": [[[0,0],[8,2]],[[3,1],[11,41]]]},
"G887": {"type": "Matrix2x2", "payoffs": [[[7,0],[13,79]],[[0,40],[2,7]]]},
"G888": {"type": "Matrix2x2", "payoffs": [[[3,0],[1,40]],[[6,95],[0,33]]]},
"G889": {"type": "Matrix2x2", "payoffs": [[[47,46],[0,18]],[[3,0],[46,23]]]},
"G890": {"type": "Matrix2x2", "payoffs": [[[19,8],[99,21]],[[0,19],[95,0]]]},
"G891": {"type": "Matrix2x2", "payoffs": [[[48,6],[24,12]],[[59,16],[0,0]]]},
"G892": {"type": "Matrix2x2", "payoffs": [[[0,3],[15,0]],[[16,67],[52,83]]]},
"G893": {"type": "Matrix2x2", "payoffs": [[[34,31],[26,41]],[[0,0],[77,61]]]},
"G894": {"type": "Matrix2x2", "payoffs": [[[39,26],[33,18]],[[48,85],[0,0]]]},
"G895": {"type": "Matrix2x2", "payoffs": [[[0,74],[52,0]],[[49,76],[68,92]]]},
"G896": {"type": "Matrix2x2", "payoffs": [[[3,16],[16,69]],[[2,0],[0,14]]]},
"G897": {"type": "Matrix2x2", "payoffs": [[[85,99],[2,61]],[[77,39],[0,0]]]},
"G898": {"type": "Matrix2x2", "payoffs": [[[64,20],[27,0]],[[2,1],[0,19]]]},
"G899": {"type": "Matrix2x2", "payoffs": [[[66,38],[11,21]],[[0,0],[29,17]]]},
"G900": {"type": "Matrix2x2", "payoffs": [[[34,24],[36,27]],[[18,0],[0,26]]]},
"G901": {"type": "Matrix2x2", "payoffs": [[[12,48],[0,60]],[[94,0],[95,70]]]},
"G902": {"type": "Matrix2x2", "payoffs": [[[33,5],[0,0]],[[97,6],[68,1]]]},
"G903": {"type": "Matrix2x2", "payoffs": [[[0,8],[59,56]],[[54,0],[3,43]]]},
"G904": {"type": "Matrix2x2", "payoffs": [[[0,50],[47,11]],[[62,54],[4,0]]]},
"G905": {"type": "Matrix2x2", "payoffs": [[[23,14],[49,0]],[[0,33],[71,38]]]},
"G906": {"type": "Matrix2x2", "payoffs": [[[0,56],[61,25]],[[67,59],[42,0]]]},
"G907": {"type": "Matrix2x2", "payoffs": [[[18,1],[44,2]],[[0,0],[62,4]]]},
"G908": {"type": "Matrix2x2", "payoffs": [[[0,0],[13,19]],[[38,1],[93,34]]]},
"G909": {"type": "Matrix2x2", "payoffs": [[[0,35],[14,2]],[[27,0],[67,64]]]},
"G910": {"type": "Matrix2x2", "payoffs": [[[12,19],[0,8]],[[8,6],[6,0]]]},
"G911": {"type": "Matrix2x2", "payoffs": [[[19,14],[91,0]],[[93,55],[0,42]]]},
"G912": {"type": "Matrix2x2", "payoffs": [[[25,58],[3,0]],[[17,28],[0,27]]]},
"G913": {"type": "Matrix2x2", "payoffs": [[[3,48],[52,94]],[[51,78],[0,0]]]},
"G914": {"type": "Matrix2x2", "payoffs": [[[76,0],[0,4]],[[91,8],[79,2]]]},
"G915": {"type": "Matrix2x2", "payoffs": [[[0,0],[22,11]],[[32,12],[90,21]]]},
"G916": {"type": "Matrix2x2", "payoffs": [[[0,66],[89,70]],[[47,0],[87,20]]]},
"G917": {"type": "Matrix2x2", "payoffs": [[[0,30],[1,33]],[[2,0],[3,72]]]},
"G918": {"type": "Matrix2x2", "payoffs": [[[50,46],[0,0]],[[49,41],[12,4]]]},
"G919": {"type": "Matrix2x2", "payoffs": [[[13,21],[16,35]],[[0,0],[7,7]]]},
"G920": {"type": "Matrix2x2", "payoffs": [[[17,0],[53,77]],[[27,10],[0,66]]]},
"G921": {"type": "Matrix2x2", "payoffs": [[[81,61],[0,36]],[[3,38],[78,0]]]},
"G922": {"type": "Matrix2x2", "payoffs": [[[19,0],[30,42]],[[0,39],[2,3]]]},
"G923": {"type": "Matrix2x2", "payoffs": [[[40,24],[39,9]],[[0,0],[29,18]]]},
"G924": {"type": "Matrix2x2", "payoffs": [[[6,0],[0,34]],[[86,46],[56,12]]]},
"G925": {"type": "Matrix2x2", "payoffs": [[[0,41],[70,0]],[[83,51],[28,20]]]},
"G926": {"type": "Matrix2x2", "payoffs": [[[67,5],[18,2]],[[0,0],[49,4]]]},
"G927": {"type": "Matrix2x2", "payoffs": [[[0,9],[16,63]],[[58,71],[53,0]]]},
"G928": {"type": "Matrix2x2", "payoffs": [[[42,0],[13,5]],[[0,8],[59,15]]]},
"G929": {"type": "Matrix2x2", "payoffs": [[[52,23],[57,0]],[[89,46],[0,31]]]},
"G930": {"type": "Matrix2x2", "payoffs": [[[38,45],[4,58]],[[0,0],[44,66]]]},
"G931": {"type": "Matrix2x2", "payoffs": [[[47,50],[71,0]],[[73,94],[0,25]]]},
"G932": {"type": "Matrix2x2", "payoffs": [[[2,29],[0,0]],[[1,65],[3,74]]]},
"G933": {"type": "Matrix2x2", "payoffs": [[[0,10],[50,45]],[[46,0],[38,40]]]},
"G934": {"type": "Matrix2x2", "payoffs": [[[57,71],[30,0]],[[29,48],[0,32]]]},
"G935": {"type": "Matrix2x2", "payoffs": [[[0,0],[60,64]],[[54,54],[30,29]]]},
"G936": {"type": "Matrix2x2", "payoffs": [[[0,0],[7,45]],[[84,37],[95,81]]]},
"G937": {"type": "Matrix2x2", "payoffs": [[[47,79],[16,54]],[[0,39],[10,0]]]},
"G938": {"type": "Matrix2x2", "payoffs": [[[36,76],[11,69]],[[0,0],[19,8]]]},
"G939": {"type": "Matrix2x2", "payoffs": [[[26,15],[40,0]],[[72,60],[0,20]]]},
"G940": {"type": "Matrix2x2", "payoffs": [[[57,56],[0,53]],[[15,0],[36,28]]]},
"G941": {"type": "Matrix2x2", "payoffs": [[[31,46],[36,0]],[[53,57],[0,24]]]},
"G942": {"type": "Matrix2x2", "payoffs": [[[31,1],[0,36]],[[25,0],[37,38]]]},
"G943": {"type": "Matrix2x2", "payoffs": [[[68,34],[0,0]],[[26,10],[70,49]]]},
"G944": {"type": "Matrix2x2", "payoffs": [[[48,0],[61,21]],[[0,3],[83,37]]]},
"G945": {"type": "Matrix2x2", "payoffs": [[[19,0],[40,3]],[[83,7],[0,1]]]},
"G946": {"type": "Matrix2x2", "payoffs": [[[37,0],[0,27]],[[67,46],[8,22]]]},
"G947": {"type": "Matrix2x2", "payoffs": [[[3,7],[0,20]],[[18,0],[23,42]]]},
"G948": {"type": "Matrix2x2", "payoffs": [[[22,12],[54,58]],[[48,0],[0,39]]]},
"G949": {"type": "Matrix2x2", "payoffs": [[[58,0],[0,8]],[[79,25],[73,23]]]},
"G950": {"type": "Matrix2x2", "payoffs": [[[0,23],[96,40]],[[22,3],[25,0]]]},
"G951": {"type": "Matrix2x2", "payoffs": [[[7,52],[13,54]],[[14,59],[0,0]]]},
"G952": {"type": "Matrix2x2", "payoffs": [[[4,74],[9,92]],[[5,0],[0,61]]]},
"G953": {"type": "Matrix2x2", "payoffs": [[[0,0],[1,38]],[[12,46],[21,61]]]},
"G954": {"type": "Matrix2x2", "payoffs": [[[72,0],[18,16]],[[0,46],[95,72]]]},
"G955": {"type": "Matrix2x2", "payoffs": [[[43,0],[0,7]],[[42,12],[72,95]]]},
"G956": {"type": "Matrix2x2", "payoffs": [[[93,15],[70,0]],[[12,3],[0,7]]]},
"G957": {"type": "Matrix2x2", "payoffs": [[[6,0],[23,61]],[[0,30],[11,44]]]},
"G958": {"type": "Matrix2x2", "payoffs": [[[53,8],[64,16]],[[25,0],[0,9]]]},
"G959": {"type": "Matrix2x2", "payoffs": [[[23,87],[15,0]],[[0,41],[33,96]]]},
"G960": {"type": "Matrix2x2", "payoffs": [[[85,49],[0,40]],[[93,0],[97,67]]]},
"G961": {"type": "Matrix2x2", "payoffs": [[[15,0],[77,24]],[[27,22],[0,4]]]},
"G962": {"type": "Matrix2x2", "payoffs": [[[84,19],[66,10]],[[88,90],[0,0]]]},
"G963": {"type": "Matrix2x2", "payoffs": [[[5,0],[46,28]],[[0,16],[25,6]]]},
"G964": {"type": "Matrix2x2", "payoffs": [[[5,10],[0,0]],[[3,7],[4,3]]]},
"G965": {"type": "Matrix2x2", "payoffs": [[[12,0],[33,28]],[[11,20],[0,10]]]},
"G966": {"type": "Matrix2x2", "payoffs": [[[29,3],[44,14]],[[2,0],[0,13]]]},
"G967": {"type": "Matrix2x2", "payoffs": [[[12,0],[10,22]],[[15,95],[0,71]]]},
"G968": {"type": "Matrix2x2", "payoffs": [[[19,1],[21,22]],[[2,6],[0,0]]]},
"G969": {"type": "Matrix2x2", "payoffs": [[[77,74],[69,50]],[[0,25],[49,0]]]},
"G970": {"type": "Matrix2x2", "payoffs": [[[3,2],[53,10]],[[75,86],[0,0]]]},
"G971": {"type": "Matrix2x2", "payoffs": [[[0,0],[23,59]],[[31,72],[28,50]]]},
"G972": {"type": "Matrix2x2", "payoffs": [[[0,0],[18,3]],[[5,13],[36,17]]]},
"G973": {"type": "Matrix2x2", "payoffs": [[[9,19],[7,0]],[[0,11],[5,7]]]},
"G974": {"type": "Matrix2x2", "payoffs": [[[8,0],[0,32]],[[35,54],[29,35]]]},
"G975": {"type": "Matrix2x2", "payoffs": [[[1,22],[0,15]],[[22,26],[9,0]]]},
"G976": {"type": "Matrix2x2", "payoffs": [[[5,9],[4,0]],[[0,8],[15,10]]]},
"G977": {"type": "Matrix2x2", "payoffs": [[[0,36],[97,68]],[[61,0],[15,7]]]},
"G978": {"type": "Matrix2x2", "payoffs": [[[10,2],[5,0]],[[0,9],[12,11]]]},
"G979": {"type": "Matrix2x2", "payoffs": [[[39,0],[28,26]],[[0,41],[46,42]]]},
"G980": {"type": "Matrix2x2", "payoffs": [[[72,18],[0,75]],[[90,100],[79,0]]]},
"G981": {"type": "Matrix2x2", "payoffs": [[[85,27],[95,40]],[[58,3],[0,0]]]},
"G982": {"type": "Matrix2x2", "payoffs": [[[3,6],[36,37]],[[0,0],[10,4]]]},
"G983": {"type": "Matrix2x2", "payoffs": [[[27,34],[0,8]],[[10,0],[70,43]]]},
"G984": {"type": "Matrix2x2", "payoffs": [[[73,21],[0,14]],[[56,0],[7,10]]]},
"G985": {"type": "Matrix2x2", "payoffs": [[[8,0],[32,54]],[[0,71],[35,74]]]},
"G986": {"type": "Matrix2x2", "payoffs": [[[0,41],[35,23]],[[63,43],[22,0]]]},
"G987": {"type": "Matrix2x2", "payoffs": [[[0,69],[45,4]],[[50,80],[23,0]]]},
"G988": {"type": "Matrix2x2", "payoffs": [[[13,0],[58,75]],[[27,58],[0,51]]]},
"G989": {"type": "Matrix2x2", "payoffs": [[[30,57],[0,0]],[[40,89],[35,79]]]},
"G990": {"type": "Matrix2x2", "payoffs": [[[6,79],[0,0]],[[9,97],[4,85]]]},
"G991": {"type": "Matrix2x2", "payoffs": [[[27,18],[92,19]],[[26,0],[0,6]]]},
"G992": {"type": "Matrix2x2", "payoffs": [[[91,64],[73,16]],[[34,32],[0,0]]]},
"G993": {"type": "Matrix2x2", "payoffs": [[[11,82],[0,0]],[[3,44],[5,40]]]},
"G994": {"type": "Matrix2x2", "payoffs": [[[24,10],[42,9]],[[0,0],[67,18]]]},
"G995": {"type": "Matrix2x2", "payoffs": [[[28,16],[52,0]],[[57,41],[0,33]]]},
"G996": {"type": "Matrix2x2", "payoffs": [[[54,96],[3,61]],[[0,0],[9,80]]]},
"G997": {"type": "Matrix2x2", "payoffs": [[[3,19],[0,2]],[[16,24],[6,0]]]},
"G998": {"type": "Matrix2x2", "payoffs": [[[0,30],[35,12]],[[15,0],[38,46]]]},
"G999": {"type": "Matrix2x2", "payoffs": [[[11,3],[47,0]],[[53,43],[0,21]]]},
"G1000": {"type": "Matrix2x2", "payoffs": [[[0,2],[67,1]],[[68,0],[72,3]]]}
}