{
"numGames": 100,
"G1": {"type": "Matrix2x2", "payoffs": [[[21,26],[98,29]],[[55,0],[0,19]]]},
"G2": {"type": "Matrix2x2", "payoffs": [[[1,3],[23,36]],[[20,0],[0,22]]]},
"G3": {"type": "Matrix2x2", "payoffs": [[[17,2],[0,3]],[[30,24],[3,0]]]},
"G4": {"type": "Matrix2x2", "payoffs": [[[85,82],[0,59]],[[35,0],[74,4]]]},
"G5": {"type": "Matrix2x2", "payoffs": [[[7,5],[0,0]],[[56,7],[48,6]]]},
"G6": {"type": "Matrix2x2", "payoffs": [[[0,21],[84,22]],[[54,18],[67,0]]]},
"G7": {"type": "Matrix2x2", "payoffs": [[[14,0],[13,23]],[[30,54],[0,52]]]},
"G8": {"type": "Matrix2x2", "payoffs": [[[0,0],[47,52]],[[10,84],[97,99]]]},
"G9": {"type": "Matrix2x2", "payoffs": [[[78,44],[0,0]],[[32,39],[43,37]]]},
"G10": {"type": "Matrix2x2", "payoffs": [[[45,5],[48,8]],[[0,4],[16,0]]]},
"G11": {"type": "Matrix2x2", "payoffs": [[[80,87],[34,14]],[[57,17],[0,0]]]},
"G12": {"type": "Matrix2x2", "payoffs": [[[5,0],[3,78]],[[0,33],[10,99]]]},
"G13": {"type": "Matrix2x2", "payoffs": [[[98,62],[71,28]],[[0,37],[12,0]]]},
"G14": {"type": "Matrix2x2", "payoffs": [[[4,59],[2,0]],[[11,98],[0,95]]]},
"G15": {"type": "Matrix2x2", "payoffs": [[[29,74],[1,0]],[[0,68],[27,2]]]},
"G16": {"type": "Matrix2x2", "payoffs": [[[7,0],[3,5]],[[21,35],[0,11]]]},
"G17": {"type": "Matrix2x2", "payoffs": [[[0,0],[67,72]],[[39,13],[36,58]]]},
"G18": {"type": "Matrix2x2", "payoffs": [[[20,34],[0,20]],[[8,0],[1,33]]]},
"G19": {"type": "Matrix2x2", "payoffs": [[[81,19],[0,7]],[[40,0],[5,13]]]},
"G20": {"type": "Matrix2x2", "payoffs": [[[72,73],[0,0]],[[68,32],[52,44]]]},
"G21": {"type": "Matrix2x2", "payoffs": [[[44,29],[38,27]],[[23,0],[0,6]]]},
"G22": {"type": "Matrix2x2", "payoffs": [[[4,0],[1,12]],[[7,14],[0,7]]]},
"G23": {"type": "Matrix2x2", "payoffs": [[[6,0],[0,66]],[[42,68],[60,82]]]},
"G24": {"type": "Matrix2x2", "payoffs": [[[0,4],[14,0]],[[31,6],[42,9]]]},
"G25": {"type": "Matrix2x2", "payoffs": [[[0,37],[39,0]],[[10,17],[47,81]]]},
"G26": {"type": "Matrix2x2", "payoffs": [[[39,90],[10,83]],[[18,18],[0,0]]]},
"G27": {"type": "Matrix2x2", "payoffs": [[[2,2],[11,1]],[[0,0],[45,4]]]},
"G28": {"type": "Matrix2x2", "payoffs": [[[0,0],[13,10]],[[22,19],[2,12]]]},
"G29": {"type": "Matrix2x2", "payoffs": [[[48,11],[59,16]],[[1,0],[0,5]]]},
"G30": {"type": "Matrix2x2", "payoffs": [[[95,89],[11,20]],[[0,75],[4,0]]]},
"G31": {"type": "Matrix2x2", "payoffs": [[[25,13],[0,5]],[[47,14],[37,0]]]},
"G32": {"type": "Matrix2x2", "payoffs": [[[0,0],[79,80]],[[59,75],[72,41]]]},
"G33": {"type": "Matrix2x2", "payoffs": [[[0,31],[98,51]],[[62,0],[39,6]]]},
"G34": {"type": "Matrix2x2", "payoffs": [[[31,69],[15,0]],[[11,50],[0,35]]]},
"G35": {"type": "Matrix2x2", "payoffs": [[[19,2],[0,0]],[[28,29],[37,36]]]},
"G36": {"type": "Matrix2x2", "payoffs": [[[0,0],[69,95]],[[60,24],[4,65]]]},
"G37": {"type": "Matrix2x2", "payoffs": [[[0,53],[67,58]],[[73,66],[48,0]]]},
"G38": {"type": "Matrix2x2", "payoffs": [[[35,8],[0,1]],[[34,0],[58,9]]]},
"G39": {"type": "Matrix2x2", "payoffs": [[[0,0],[36,10]],[[29,16],[50,24]]]},
"G40": {"type": "Matrix2x2", "payoffs": [[[4,8],[19,25]],[[0,0],[12,12]]]},
"G41": {"type": "Matrix2x2", "payoffs": [[[28,70],[0,80]],[[2,0],[68,98]]]},
"G42": {"type": "Matrix2x2", "payoffs": [[[1,30],[0,31]],[[41,65],[5,0]]]},
"G43": {"type": "Matrix2x2", "payoffs": [[[31,43],[0,0]],[[6,28],[23,3]]]},
"G44": {"type": "Matrix2x2", "payoffs": [[[10,0],[0,16]],[[16,41],[29,76]]]},
"G45": {"type": "Matrix2x2", "payoffs": [[[43,0],[0,16]],[[35,39],[56,49]]]},
"G46": {"type": "Matrix2x2", "payoffs": [[[23,0],[78,25]],[[97,59],[0,36]]]},
"G47": {"type": "Matrix2x2", "payoffs": [[[40,34],[15,28]],[[0,0],[23,11]]]},
"G48": {"type": "Matrix2x2", "payoffs": [[[16,1],[0,2]],[[9,0],[81,6]]]},
"G49": {"type": "Matrix2x2", "payoffs": [[[85,42],[18,5]],[[92,57],[0,0]]]},
"G50": {"type": "Matrix2x2", "payoffs": [[[43,98],[21,41]],[[14,0],[0,18]]]},
"G51": {"type": "Matrix2x2", "payoffs": [[[46,8],[96,68]],[[35,0],[0,47]]]},
"G52": {"type": "Matrix2x2", "payoffs": [[[64,1],[57,0]],[[0,12],[70,19]]]},
"G53": {"type": "Matrix2x2", "payoffs": [[[98,58],[72,45]],[[10,34],[0,0]]]},
"G54": {"type": "Matrix2x2", "payoffs": [[[6,11],[3,33]],[[21,78],[0,0]]]},
"G55": {"type": "Matrix2x2", "payoffs": [[[37,86],[3,18]],[[1,52],[0,0]]]},
"G56": {"type": "Matrix2x2", "payoffs": [[[24,33],[0,14]],[[17,8],[15,0]]]},
"G57": {"type": "Matrix2x2", "payoffs": [[[46,84],[6,0]],[[29,24],[0,60]]]},
"G58": {"type": "Matrix2x2", "payoffs": [[[11,24],[15,26]],[[17,52],[0,0]]]},
"G59": {"type": "Matrix2x2", "payoffs": [[[70,81],[62,3]],[[21,0],[0,69]]]},
"G60": {"type": "Matrix2x2", "payoffs": [[[32,23],[17,0]],[[0,4],[29,8]]]},
"G61": {"type": "Matrix2x2", "payoffs": [[[4,3],[3,0]],[[0,9],[5,10]]]},
"G62": {"type": "Matrix2x2", "payoffs": [[[0,0],[3,30]],[[27,82],[14,53]]]},
"G63": {"type": "Matrix2x2", "payoffs": [[[68,23],[14,2]],[[51,10],[0,0]]]},
"G64": {"type": "Matrix2x2", "payoffs": [[[95,87],[39,29]],[[0,0],[85,39]]]},
"G65": {"type": "Matrix2x2", "payoffs": [[[27,34],[63,95]],[[0,56],[37,0]]]},
"G66": {"type": "Matrix2x2", "payoffs": [[[57,84],[0,0]],[[35,24],[12,37]]]},
"G67": {"type": "Matrix2x2", "payoffs": [[[0,22],[15,47]],[[11,0],[18,50]]]},
"G68": {"type": "Matrix2x2", "payoffs": [[[79,60],[65,22]],[[0,0],[31,38]]]},
"G69": {"type": "Matrix2x2", "payoffs": [[[8,0],[13,95]],[[0,4],[12,35]]]},
"G70": {"type": "Matrix2x2", "payoffs": [[[59,6],[47,27]],[[0,0],[62,28]]]},
"G71": {"type": "Matrix2x2", "payoffs": [[[14,34],[73,6]],[[88,100],[0,0]]]},
"G72": {"type": "Matrix2x2", "payoffs": [[[0,0],[8,76]],[[3,54],[2,52]]]},
"G73": {"type": "Matrix2x2", "payoffs": [[[36,97],[0,3]],[[3,63],[4,0]]]},
"G74": {"type": "Matrix2x2", "payoffs": [[[13,0],[60,57]],[[0,52],[78,97]]]},
"G75": {"type": "Matrix2x2", "payoffs": [[[11,0],[0,2]],[[89,8],[2,1]]]},
"G76": {"type": "Matrix2x2", "payoffs": [[[11,1],[79,4]],[[0,3],[3,0]]]},
"G77": {"type": "Matrix2x2", "payoffs": [[[63,62],[14,34]],[[0,0],[18,43]]]},
"G78": {"type": "Matrix2x2", "payoffs": [[[18,4],[0,1]],[[77,21],[40,0]]]},
"G79": {"type": "Matrix2x2", "payoffs": [[[24,22],[0,12]],[[61,0],[71,23]]]},
"G80": {"type": "Matrix2x2", "payoffs": [[[25,45],[0,34]],[[46,51],[8,0]]]},
"G81": {"type": "Matrix2x2", "payoffs": [[[62,65],[0,0]],[[9,46],[54,15]]]},
"G82": {"type": "Matrix2x2", "payoffs": [[[0,52],[58,85]],[[39,74],[48,0]]]},
"G83": {"type": "Matrix2x2", "payoffs": [[[62,24],[0,0]],[[24,23],[11,1]]]},
"G84": {"type": "Matrix2x2", "payoffs": [[[15,0],[58,20]],[[0,19],[37,8]]]},
"G85": {"type": "Matrix2x2", "payoffs": [[[34,80],[13,0]],[[17,63],[0,53]]]},
"G86": {"type": "Matrix2x2", "payoffs": [[[2,0],[0,92]],[[3,96],[1,9]]]},
"G87": {"type": "Matrix2x2", "payoffs": [[[9,5],[66,0]],[[0,2],[88,14]]]},
"G88": {"type": "Matrix2x2", "payoffs": [[[0,32],[71,0]],[[88,58],[82,23]]]},
"G89": {"type": "Matrix2x2", "payoffs": [[[76,3],[25,1]],[[0,0],[52,2]]]},
"G90": {"type": "Matrix2x2", "payoffs": [[[58,34],[3,0]],[[20,1],[0,27]]]},
"G91": {"type": "Matrix2x2", "payoffs": [[[14,14],[0,0]],[[20,34],[33,51]]]},
"G92": {"type": "Matrix2x2", "payoffs": [[[0,16],[7,48]],[[8,0],[14,62]]]},
"G93": {"type": "Matrix2x2", "payoffs": [[[0,40],[42,24]],[[56,97],[18,0]]]},
"G94": {"type": "Matrix2x2", "payoffs": [[[65,40],[30,8]],[[0,0],[88,52]]]},
"G95": {"type": "Matrix2x2", "payoffs": [[[49,0],[59,34]],[[67,47],[0,40]]]},
"G96": {"type": "Matrix2x2", "payoffs": [[[49,23],[37,22]],[[25,0],[0,7]]]},
"G97": {"type": "Matrix2x2", "payoffs": [[[4,26],[53,4]],[[0,0],[69,45]]]},
"G98": {"type": "Matrix2x2", "payoffs": [[[38,25],[0,0]],[[54,31],[35,6]]]},
"G99": {"type": "Matrix2x2", "payoffs": [[[36,34],[5,0]],[[67,48],[0,20]]]},
"G100": {"type": "Matrix2x2", "payoffs": [[[64,8],[8,0]],[[33,4],[0,5]]]}
}