{
"numGames": 1000,
"G1": {"type": "Matrix2x2", "payoffs": [[[66,38],[89,39]],[[22,0],[0,37]]]},
"G2": {"type": "Matrix2x2", "payoffs": [[[12,1],[2,2]],[[28,3],[0,0]]]},
"G3": {"type": "Matrix2x2", "payoffs": [[[24,0],[14,4]],[[0,22],[36,25]]]},
"G4": {"type": "Matrix2x2", "payoffs": [[[55,49],[66,50]],[[16,6],[0,0]]]},
"G5": {"type": "Matrix2x2", "payoffs": [[[0,0],[26,9]],[[6,18],[74,76]]]},
"G6": {"type": "Matrix2x2", "payoffs": [[[76,7],[78,0]],[[0,16],[80,36]]]},
"G7": {"type": "Matrix2x2", "payoffs": [[[21,48],[6,0]],[[37,59],[0,32]]]},
"G8": {"type": "Matrix2x2", "payoffs": [[[26,11],[32,38]],[[0,4],[4,0]]]},
"G9": {"type": "Matrix2x2", "payoffs": [[[56,0],[0,69]],[[73,80],[13,42]]]},
"G10": {"type": "Matrix2x2", "payoffs": [[[33,0],[63,77]],[[25,6],[0,3]]]},
"G11": {"type": "Matrix2x2", "payoffs": [[[49,16],[52,40]],[[39,28],[0,0]]]},
"G12": {"type": "Matrix2x2", "payoffs": [[[54,5],[49,49]],[[0,0],[94,80]]]},
"G13": {"type": "Matrix2x2", "payoffs": [[[0,0],[2,11]],[[43,43],[48,60]]]},
"G14": {"type": "Matrix2x2", "payoffs": [[[14,0],[19,26]],[[47,40],[0,38]]]},
"G15": {"type": "Matrix2x2", "payoffs": [[[100,100],[95,11]],[[0,30],[1,0]]]},
"G16": {"type": "Matrix2x2", "payoffs": [[[0,0],[6,14]],[[3,6],[4,7]]]},
"G17": {"type": "Matrix2x2", "payoffs": [[[7,0],[0,35]],[[42,8],[95,62]]]},
"G18": {"type": "Matrix2x2", "payoffs": [[[53,68],[14,8]],[[0,2],[40,0]]]},
"G19": {"type": "Matrix2x2", "payoffs": [[[48,0],[58,21]],[[0,43],[85,61]]]},
"G20": {"type": "Matrix2x2", "payoffs": [[[15,7],[18,30]],[[0,0],[5,23]]]},
"G21": {"type": "Matrix2x2", "payoffs": [[[0,1],[92,4]],[[52,3],[19,0]]]},
"G22": {"type": "Matrix2x2", "payoffs": [[[65,8],[95,89]],[[13,83],[0,0]]]},
"G23": {"type": "Matrix2x2", "payoffs": [[[0,2],[26,3]],[[5,1],[16,0]]]},
"G24": {"type": "Matrix2x2", "payoffs": [[[1,0],[0,29]],[[2,39],[7,69]]]},
"G25": {"type": "Matrix2x2", "payoffs": [[[84,0],[91,87]],[[85,39],[0,69]]]},
"G26": {"type": "Matrix2x2", "payoffs": [[[0,3],[24,10]],[[52,13],[21,0]]]},
"G27": {"type": "Matrix2x2", "payoffs": [[[94,42],[52,13]],[[13,4],[0,0]]]},
"G28": {"type": "Matrix2x2", "payoffs": [[[69,93],[61,0]],[[0,39],[9,42]]]},
"G29": {"type": "Matrix2x2", "payoffs": [[[3,0],[0,1]],[[14,24],[12,14]]]},
"G30": {"type": "Matrix2x2", "payoffs": [[[31,3],[57,7]],[[55,6],[0,0]]]},
"G31": {"type": "Matrix2x2", "payoffs": [[[0,1],[43,5]],[[56,18],[29,0]]]},
"G32": {"type": "Matrix2x2", "payoffs": [[[40,25],[0,0]],[[91,28],[1,1]]]},
"G33": {"type": "Matrix2x2", "payoffs": [[[21,45],[0,8]],[[32,97],[31,0]]]},
"G34": {"type": "Matrix2x2", "payoffs": [[[6,85],[43,97]],[[23,91],[0,0]]]},
"G35": {"type": "Matrix2x2", "payoffs": [[[22,0],[29,35]],[[31,61],[0,8]]]},
"G36": {"type": "Matrix2x2", "payoffs": [[[33,0],[22,85]],[[0,11],[47,95]]]},
"G37": {"type": "Matrix2x2", "payoffs": [[[29,63],[0,0]],[[26,52],[10,23]]]},
"G38": {"type": "Matrix2x2", "payoffs": [[[12,0],[5,18]],[[0,27],[27,28]]]},
"G39": {"type": "Matrix2x2", "payoffs": [[[61,4],[0,0]],[[90,7],[54,2]]]},
"G40": {"type": "Matrix2x2", "payoffs": [[[12,6],[19,42]],[[95,96],[0,0]]]},
"G41": {"type": "Matrix2x2", "payoffs": [[[0,16],[62,44]],[[4,13],[11,0]]]},
"G42": {"type": "Matrix2x2", "payoffs": [[[22,0],[0,74]],[[29,83],[8,21]]]},
"G43": {"type": "Matrix2x2", "payoffs": [[[39,12],[54,7]],[[79,15],[0,0]]]},
"G44": {"type": "Matrix2x2", "payoffs": [[[0,15],[39,30]],[[33,0],[10,14]]]},
"G45": {"type": "Matrix2x2", "payoffs": [[[71,17],[92,70]],[[0,30],[82,0]]]},
"G46": {"type": "Matrix2x2", "payoffs": [[[76,39],[25,3]],[[0,0],[38,21]]]},
"G47": {"type": "Matrix2x2", "payoffs": [[[20,57],[0,26]],[[10,12],[17,0]]]},
"G48": {"type": "Matrix2x2", "payoffs": [[[4,23],[2,0]],[[0,45],[5,62]]]},
"G49": {"type": "Matrix2x2", "payoffs": [[[0,0],[8,97]],[[7,88],[6,82]]]},
"G50": {"type": "Matrix2x2", "payoffs": [[[5,14],[6,6]],[[0,0],[10,34]]]},
"G51": {"type": "Matrix2x2", "payoffs": [[[53,34],[0,30]],[[49,18],[11,0]]]},
"G52": {"type": "Matrix2x2", "payoffs": [[[5,3],[0,0]],[[6,25],[1,8]]]},
"G53": {"type": "Matrix2x2", "payoffs": [[[10,38],[0,7]],[[5,2],[3,0]]]},
"G54": {"type": "Matrix2x2", "payoffs": [[[8,78],[7,0]],[[33,89],[0,75]]]},
"G55": {"type": "Matrix2x2", "payoffs": [[[0,12],[89,24]],[[28,0],[64,21]]]},
"G56": {"type": "Matrix2x2", "payoffs": [[[12,0],[55,33]],[[0,20],[64,49]]]},
"G57": {"type": "Matrix2x2", "payoffs": [[[25,4],[0,68]],[[74,71],[1,0]]]},
"G58": {"type": "Matrix2x2", "payoffs": [[[0,10],[9,58]],[[1,0],[22,66]]]},
"G59": {"type": "Matrix2x2", "payoffs": [[[20,35],[36,1]],[[0,0],[40,43]]]},
"G60": {"type": "Matrix2x2", "payoffs": [[[13,6],[0,3]],[[36,23],[18,0]]]},
"G61": {"type": "Matrix2x2", "payoffs": [[[5,0],[95,8]],[[69,1],[0,4]]]},
"G62": {"type": "Matrix2x2", "payoffs": [[[27,56],[0,24]],[[22,0],[1,7]]]},
"G63": {"type": "Matrix2x2", "payoffs": [[[88,100],[0,30]],[[55,68],[11,0]]]},
"G64": {"type": "Matrix2x2", "payoffs": [[[0,0],[82,20]],[[63,43],[86,66]]]},
"G65": {"type": "Matrix2x2", "payoffs": [[[0,0],[3,30]],[[9,54],[20,62]]]},
"G66": {"type": "Matrix2x2", "payoffs": [[[40,0],[0,65]],[[43,73],[29,69]]]},
"G67": {"type": "Matrix2x2", "payoffs": [[[5,50],[6,0]],[[0,9],[20,72]]]},
"G68": {"type": "Matrix2x2", "payoffs": [[[0,32],[3,0]],[[4,55],[1,1]]]},
"G69": {"type": "Matrix2x2", "payoffs": [[[44,26],[0,5]],[[35,18],[4,0]]]},
"G70": {"type": "Matrix2x2", "payoffs": [[[0,0],[8,62]],[[16,91],[10,5]]]},
"G71": {"type": "Matrix2x2", "payoffs": [[[48,0],[0,27]],[[28,53],[59,61]]]},
"G72": {"type": "Matrix2x2", "payoffs": [[[18,16],[54,76]],[[0,2],[50,0]]]},
"G73": {"type": "Matrix2x2", "payoffs": [[[61,22],[13,59]],[[89,80],[0,0]]]},
"G74": {"type": "Matrix2x2", "payoffs": [[[87,0],[88,76]],[[0,70],[30,12]]]},
"G75": {"type": "Matrix2x2", "payoffs": [[[5,0],[0,3]],[[34,15],[22,4]]]},
"G76": {"type": "Matrix2x2", "payoffs": [[[73,0],[78,37]],[[0,11],[30,26]]]},
"G77": {"type": "Matrix2x2", "payoffs": [[[76,59],[26,0]],[[0,51],[30,29]]]},
"G78": {"type": "Matrix2x2", "payoffs": [[[0,14],[91,20]],[[51,18],[7,0]]]},
"G79": {"type": "Matrix2x2", "payoffs": [[[85,10],[77,0]],[[0,5],[28,9]]]},
"G80": {"type": "Matrix2x2", "payoffs": [[[62,17],[0,0]],[[97,64],[76,11]]]},
"G81": {"type": "Matrix2x2", "payoffs": [[[0,15],[31,0]],[[12,41],[35,42]]]},
"G82": {"type": "Matrix2x2", "payoffs": [[[29,0],[47,14]],[[0,24],[50,57]]]},
"G83": {"type": "Matrix2x2", "payoffs": [[[0,38],[24,0]],[[20,23],[26,89]]]},
"G84": {"type": "Matrix2x2", "payoffs": [[[83,33],[0,8]],[[13,0],[18,22]]]},
"G85": {"type": "Matrix2x2", "payoffs": [[[90,8],[0,7]],[[86,4],[5,0]]]},
"G86": {"type": "Matrix2x2", "payoffs": [[[0,0],[76,92]],[[64,20],[47,71]]]},
"G87": {"type": "Matrix2x2", "payoffs": [[[0,26],[17,0]],[[64,60],[10,46]]]},
"G88": {"type": "Matrix2x2", "payoffs": [[[0,79],[30,56]],[[41,85],[23,0]]]},
"G89": {"type": "Matrix2x2", "payoffs": [[[4,0],[5,11]],[[0,27],[6,29]]]},
"G90": {"type": "Matrix2x2", "payoffs": [[[19,32],[45,39]],[[18,38],[0,0]]]},
"G91": {"type": "Matrix2x2", "payoffs": [[[19,57],[36,64]],[[35,0],[0,29]]]},
"G92": {"type": "Matrix2x2", "payoffs": [[[17,81],[6,21]],[[0,0],[42,98]]]},
"G93": {"type": "Matrix2x2", "payoffs": [[[35,22],[0,0]],[[32,82],[84,84]]]},
"G94": {"type": "Matrix2x2", "payoffs": [[[0,5],[3,6]],[[5,0],[6,7]]]},
"G95": {"type": "Matrix2x2", "payoffs": [[[17,78],[0,0]],[[15,15],[14,70]]]},
"G96": {"type": "Matrix2x2", "payoffs": [[[3,39],[9,0]],[[15,46],[0,5]]]},
"G97": {"type": "Matrix2x2", "payoffs": [[[0,8],[47,0]],[[24,37],[64,58]]]},
"G98": {"type": "Matrix2x2", "payoffs": [[[28,15],[10,0]],[[7,14],[0,5]]]},
"G99": {"type": "Matrix2x2", "payoffs": [[[57,88],[40,0]],[[0,47],[32,15]]]},
"G100": {"type": "Matrix2x2", "payoffs": [[[0,10],[38,0]],[[69,91],[6,71]]]},
"G101": {"type": "Matrix2x2", "payoffs": [[[15,2],[6,11]],[[23,18],[0,0]]]},
"G102": {"type": "Matrix2x2", "payoffs": [[[1,39],[4,70]],[[0,0],[2,42]]]},
"G103": {"type": "Matrix2x2", "payoffs": [[[63,18],[33,0]],[[77,33],[0,29]]]},
"G104": {"type": "Matrix2x2", "payoffs": [[[57,29],[65,72]],[[50,0],[0,57]]]},
"G105": {"type": "Matrix2x2", "payoffs": [[[40,14],[71,17]],[[0,15],[6,0]]]},
"G106": {"type": "Matrix2x2", "payoffs": [[[36,96],[9,22]],[[34,30],[0,0]]]},
"G107": {"type": "Matrix2x2", "payoffs": [[[59,0],[17,1]],[[88,3],[0,2]]]},
"G108": {"type": "Matrix2x2", "payoffs": [[[0,37],[1,0]],[[7,12],[8,40]]]},
"G109": {"type": "Matrix2x2", "payoffs": [[[0,0],[30,16]],[[16,33],[38,35]]]},
"G110": {"type": "Matrix2x2", "payoffs": [[[4,19],[0,15]],[[8,21],[5,0]]]},
"G111": {"type": "Matrix2x2", "payoffs": [[[24,0],[0,29]],[[93,63],[12,14]]]},
"G112": {"type": "Matrix2x2", "payoffs": [[[1,17],[0,47]],[[2,0],[20,55]]]},
"G113": {"type": "Matrix2x2", "payoffs": [[[1,45],[4,0]],[[8,51],[0,39]]]},
"G114": {"type": "Matrix2x2", "payoffs": [[[96,62],[23,32]],[[0,26],[50,0]]]},
"G115": {"type": "Matrix2x2", "payoffs": [[[60,30],[0,0]],[[53,12],[31,13]]]},
"G116": {"type": "Matrix2x2", "payoffs": [[[24,17],[40,48]],[[0,23],[1,0]]]},
"G117": {"type": "Matrix2x2", "payoffs": [[[0,65],[17,74]],[[46,0],[94,79]]]},
"G118": {"type": "Matrix2x2", "payoffs": [[[0,5],[18,11]],[[8,3],[12,0]]]},
"G119": {"type": "Matrix2x2", "payoffs": [[[0,0],[7,26]],[[33,4],[44,48]]]},
"G120": {"type": "Matrix2x2", "payoffs": [[[12,0],[21,79]],[[0,37],[13,40]]]},
"G121": {"type": "Matrix2x2", "payoffs": [[[15,23],[0,0]],[[9,24],[16,70]]]},
"G122": {"type": "Matrix2x2", "payoffs": [[[71,13],[38,0]],[[60,8],[0,1]]]},
"G123": {"type": "Matrix2x2", "payoffs": [[[71,26],[84,61]],[[0,60],[41,0]]]},
"G124": {"type": "Matrix2x2", "payoffs": [[[21,60],[20,6]],[[0,34],[12,0]]]},
"G125": {"type": "Matrix2x2", "payoffs": [[[0,8],[1,1]],[[14,0],[15,9]]]},
"G126": {"type": "Matrix2x2", "payoffs": [[[9,1],[0,0]],[[29,11],[26,4]]]},
"G127": {"type": "Matrix2x2", "payoffs": [[[12,41],[41,58]],[[82,100],[0,0]]]},
"G128": {"type": "Matrix2x2", "payoffs": [[[0,4],[29,0]],[[33,6],[47,11]]]},
"G129": {"type": "Matrix2x2", "payoffs": [[[68,0],[70,38]],[[0,91],[84,98]]]},
"G130": {"type": "Matrix2x2", "payoffs": [[[46,0],[71,23]],[[0,1],[85,70]]]},
"G131": {"type": "Matrix2x2", "payoffs": [[[19,0],[26,45]],[[35,77],[0,47]]]},
"G132": {"type": "Matrix2x2", "payoffs": [[[76,0],[0,5]],[[51,8],[77,11]]]},
"G133": {"type": "Matrix2x2", "payoffs": [[[7,0],[0,6]],[[25,65],[1,56]]]},
"G134": {"type": "Matrix2x2", "payoffs": [[[43,75],[29,60]],[[0,0],[16,24]]]},
"G135": {"type": "Matrix2x2", "payoffs": [[[72,26],[37,0]],[[78,69],[0,29]]]},
"G136": {"type": "Matrix2x2", "payoffs": [[[30,48],[26,31]],[[77,53],[0,0]]]},
"G137": {"type": "Matrix2x2", "payoffs": [[[0,18],[21,0]],[[39,33],[14,4]]]},
"G138": {"type": "Matrix2x2", "payoffs": [[[9,62],[12,63]],[[0,35],[5,0]]]},
"G139": {"type": "Matrix2x2", "payoffs": [[[7,0],[0,6]],[[9,25],[4,9]]]},
"G140": {"type": "Matrix2x2", "payoffs": [[[69,41],[0,0]],[[79,3],[97,43]]]},
"G141": {"type": "Matrix2x2", "payoffs": [[[18,40],[17,12]],[[21,43],[0,0]]]},
"G142": {"type": "Matrix2x2", "payoffs": [[[93,50],[65,23]],[[13,0],[0,40]]]},
"G143": {"type": "Matrix2x2", "payoffs": [[[0,47],[38,29]],[[6,0],[54,49]]]},
"G144": {"type": "Matrix2x2", "payoffs": [[[12,0],[24,80]],[[0,4],[28,100]]]},
"G145": {"type": "Matrix2x2", "payoffs": [[[2,45],[4,0]],[[5,66],[0,58]]]},
"G146": {"type": "Matrix2x2", "payoffs": [[[0,0],[34,20]],[[24,15],[15,9]]]},
"G147": {"type": "Matrix2x2", "payoffs": [[[46,3],[99,20]],[[0,10],[21,0]]]},
"G148": {"type": "Matrix2x2", "payoffs": [[[11,31],[0,0]],[[34,11],[38,48]]]},
"G149": {"type": "Matrix2x2", "payoffs": [[[27,6],[23,23]],[[77,26],[0,0]]]},
"G150": {"type": "Matrix2x2", "payoffs": [[[6,70],[0,82]],[[65,94],[58,0]]]},
"G151": {"type": "Matrix2x2", "payoffs": [[[0,26],[56,29]],[[47,0],[57,39]]]},
"G152": {"type": "Matrix2x2", "payoffs": [[[41,29],[77,57]],[[64,0],[0,11]]]},
"G153": {"type": "Matrix2x2", "payoffs": [[[4,38],[17,0]],[[0,33],[18,48]]]},
"G154": {"type": "Matrix2x2", "payoffs": [[[21,53],[33,3]],[[0,0],[60,73]]]},
"G155": {"type": "Matrix2x2", "payoffs": [[[7,55],[84,89]],[[46,13],[0,0]]]},
"G156": {"type": "Matrix2x2", "payoffs": [[[77,20],[1,0]],[[55,12],[0,3]]]},
"G157": {"type": "Matrix2x2", "payoffs": [[[72,0],[0,1]],[[63,26],[81,31]]]},
"G158": {"type": "Matrix2x2", "payoffs": [[[2,0],[1,34]],[[0,16],[4,37]]]},
"G159": {"type": "Matrix2x2", "payoffs": [[[0,3],[61,7]],[[36,2],[60,0]]]},
"G160": {"type": "Matrix2x2", "payoffs": [[[14,0],[3,49]],[[31,75],[0,24]]]},
"G161": {"type": "Matrix2x2", "payoffs": [[[34,88],[0,81]],[[4,45],[27,0]]]},
"G162": {"type": "Matrix2x2", "payoffs": [[[21,9],[0,6]],[[71,41],[34,0]]]},
"G163": {"type": "Matrix2x2", "payoffs": [[[96,32],[44,3]],[[0,0],[3,19]]]},
"G164": {"type": "Matrix2x2", "payoffs": [[[31,42],[5,26]],[[29,24],[0,0]]]},
"G165": {"type": "Matrix2x2", "payoffs": [[[95,51],[42,0]],[[0,24],[83,16]]]},
"G166": {"type": "Matrix2x2", "payoffs": [[[54,0],[1,26]],[[0,17],[65,27]]]},
"G167": {"type": "Matrix2x2", "payoffs": [[[52,44],[11,11]],[[0,0],[51,14]]]},
"G168": {"type": "Matrix2x2", "payoffs": [[[67,76],[64,53]],[[55,36],[0,0]]]},
"G169": {"type": "Matrix2x2", "payoffs": [[[58,0],[64,76]],[[13,63],[0,41]]]},
"G170": {"type": "Matrix2x2", "payoffs": [[[0,0],[37,38]],[[31,73],[71,93]]]},
"G171": {"type": "Matrix2x2", "payoffs": [[[8,16],[29,0]],[[53,93],[0,54]]]},
"G172": {"type": "Matrix2x2", "payoffs": [[[0,81],[66,97]],[[58,0],[5,71]]]},
"G173": {"type": "Matrix2x2", "payoffs": [[[12,0],[0,7]],[[10,2],[16,74]]]},
"G174": {"type": "Matrix2x2", "payoffs": [[[12,46],[49,82]],[[0,0],[48,34]]]},
"G175": {"type": "Matrix2x2", "payoffs": [[[4,0],[72,7]],[[86,10],[0,3]]]},
"G176": {"type": "Matrix2x2", "payoffs": [[[0,0],[6,24]],[[33,51],[7,27]]]},
"G177": {"type": "Matrix2x2", "payoffs": [[[41,24],[1,36]],[[0,0],[45,56]]]},
"G178": {"type": "Matrix2x2", "payoffs": [[[33,1],[0,0]],[[30,15],[41,22]]]},
"G179": {"type": "Matrix2x2", "payoffs": [[[12,48],[0,47]],[[5,34],[3,0]]]},
"G180": {"type": "Matrix2x2", "payoffs": [[[90,14],[47,0]],[[99,19],[0,16]]]},
"G181": {"type": "Matrix2x2", "payoffs": [[[17,60],[1,40]],[[0,0],[33,69]]]},
"G182": {"type": "Matrix2x2", "payoffs": [[[55,91],[42,78]],[[5,88],[0,0]]]},
"G183": {"type": "Matrix2x2", "payoffs": [[[0,0],[3,14]],[[6,62],[1,24]]]},
"G184": {"type": "Matrix2x2", "payoffs": [[[6,100],[3,73]],[[1,5],[0,0]]]},
"G185": {"type": "Matrix2x2", "payoffs": [[[28,3],[30,62]],[[0,61],[4,0]]]},
"G186": {"type": "Matrix2x2", "payoffs": [[[4,4],[66,5]],[[0,2],[5,0]]]},
"G187": {"type": "Matrix2x2", "payoffs": [[[86,94],[7,59]],[[0,72],[84,0]]]},
"G188": {"type": "Matrix2x2", "payoffs": [[[65,50],[0,21]],[[23,0],[97,77]]]},
"G189": {"type": "Matrix2x2", "payoffs": [[[71,58],[49,6]],[[5,38],[0,0]]]},
"G190": {"type": "Matrix2x2", "payoffs": [[[4,13],[17,16]],[[0,0],[25,38]]]},
"G191": {"type": "Matrix2x2", "payoffs": [[[11,0],[0,47]],[[24,20],[49,56]]]},
"G192": {"type": "Matrix2x2", "payoffs": [[[78,59],[62,39]],[[0,0],[26,52]]]},
"G193": {"type": "Matrix2x2", "payoffs": [[[73,30],[0,14]],[[3,0],[76,59]]]},
"G194": {"type": "Matrix2x2", "payoffs": [[[0,0],[9,22]],[[45,32],[17,4]]]},
"G195": {"type": "Matrix2x2", "payoffs": [[[0,3],[25,6]],[[17,5],[1,0]]]},
"G196": {"type": "Matrix2x2", "payoffs": [[[5,0],[0,70]],[[3,68],[19,100]]]},
"G197": {"type": "Matrix2x2", "payoffs": [[[6,0],[26,52]],[[2,43],[0,47]]]},
"G198": {"type": "Matrix2x2", "payoffs": [[[2,1],[0,0]],[[17,3],[1,2]]]},
"G199": {"type": "Matrix2x2", "payoffs": [[[0,55],[7,9]],[[18,0],[98,67]]]},
"G200": {"type": "Matrix2x2", "payoffs": [[[0,0],[44,61]],[[13,3],[42,28]]]},
"G201": {"type": "Matrix2x2", "payoffs": [[[75,80],[67,0]],[[0,25],[47,31]]]},
"G202": {"type": "Matrix2x2", "payoffs": [[[2,78],[0,77]],[[19,88],[11,0]]]},
"G203": {"type": "Matrix2x2", "payoffs": [[[0,1],[71,4]],[[39,0],[68,2]]]},
"G204": {"type": "Matrix2x2", "payoffs": [[[0,0],[23,81]],[[18,15],[1,19]]]},
"G205": {"type": "Matrix2x2", "payoffs": [[[2,0],[32,30]],[[0,48],[67,72]]]},
"G206": {"type": "Matrix2x2", "payoffs": [[[15,0],[60,43]],[[99,76],[0,9]]]},
"G207": {"type": "Matrix2x2", "payoffs": [[[75,59],[70,11]],[[0,57],[74,0]]]},
"G208": {"type": "Matrix2x2", "payoffs": [[[0,6],[6,3]],[[1,0],[8,9]]]},
"G209": {"type": "Matrix2x2", "payoffs": [[[88,95],[0,13]],[[85,0],[45,58]]]},
"G210": {"type": "Matrix2x2", "payoffs": [[[14,11],[7,12]],[[25,18],[0,0]]]},
"G211": {"type": "Matrix2x2", "payoffs": [[[0,2],[38,10]],[[55,70],[18,0]]]},
"G212": {"type": "Matrix2x2", "payoffs": [[[16,0],[17,24]],[[1,17],[0,9]]]},
"G213": {"type": "Matrix2x2", "payoffs": [[[21,6],[0,0]],[[36,10],[20,1]]]},
"G214": {"type": "Matrix2x2", "payoffs": [[[8,1],[4,0]],[[10,3],[0,2]]]},
"G215": {"type": "Matrix2x2", "payoffs": [[[55,76],[16,0]],[[0,54],[73,81]]]},
"G216": {"type": "Matrix2x2", "payoffs": [[[34,0],[11,21]],[[0,18],[36,46]]]},
"G217": {"type": "Matrix2x2", "payoffs": [[[8,1],[0,0]],[[20,3],[7,2]]]},
"G218": {"type": "Matrix2x2", "payoffs": [[[32,11],[40,14]],[[0,4],[12,0]]]},
"G219": {"type": "Matrix2x2", "payoffs": [[[47,43],[0,41]],[[51,47],[3,0]]]},
"G220": {"type": "Matrix2x2", "payoffs": [[[0,44],[36,85]],[[19,84],[8,0]]]},
"G221": {"type": "Matrix2x2", "payoffs": [[[44,46],[0,0]],[[68,7],[90,95]]]},
"G222": {"type": "Matrix2x2", "payoffs": [[[10,18],[27,15]],[[0,0],[92,25]]]},
"G223": {"type": "Matrix2x2", "payoffs": [[[60,35],[0,0]],[[53,15],[59,25]]]},
"G224": {"type": "Matrix2x2", "payoffs": [[[61,9],[0,7]],[[55,6],[21,0]]]},
"G225": {"type": "Matrix2x2", "payoffs": [[[1,4],[0,3]],[[11,8],[2,0]]]},
"G226": {"type": "Matrix2x2", "payoffs": [[[13,34],[0,0]],[[12,8],[5,23]]]},
"G227": {"type": "Matrix2x2", "payoffs": [[[10,0],[20,8]],[[0,21],[56,27]]]},
"G228": {"type": "Matrix2x2", "payoffs": [[[31,13],[15,12]],[[0,0],[87,40]]]},
"G229": {"type": "Matrix2x2", "payoffs": [[[7,0],[0,69]],[[23,25],[30,86]]]},
"G230": {"type": "Matrix2x2", "payoffs": [[[0,0],[100,65]],[[7,16],[14,30]]]},
"G231": {"type": "Matrix2x2", "payoffs": [[[90,93],[32,44]],[[0,50],[44,0]]]},
"G232": {"type": "Matrix2x2", "payoffs": [[[46,0],[39,40]],[[0,88],[74,97]]]},
"G233": {"type": "Matrix2x2", "payoffs": [[[8,89],[4,0]],[[7,88],[0,61]]]},
"G234": {"type": "Matrix2x2", "payoffs": [[[20,0],[0,6]],[[36,19],[7,14]]]},
"G235": {"type": "Matrix2x2", "payoffs": [[[66,6],[59,5]],[[16,0],[0,3]]]},
"G236": {"type": "Matrix2x2", "payoffs": [[[19,7],[65,6]],[[78,9],[0,0]]]},
"G237": {"type": "Matrix2x2", "payoffs": [[[88,45],[95,56]],[[29,0],[0,54]]]},
"G238": {"type": "Matrix2x2", "payoffs": [[[93,90],[25,0]],[[29,70],[0,38]]]},
"G239": {"type": "Matrix2x2", "payoffs": [[[0,16],[56,22]],[[43,0],[35,3]]]},
"G240": {"type": "Matrix2x2", "payoffs": [[[10,13],[17,0]],[[18,40],[0,8]]]},
"G241": {"type": "Matrix2x2", "payoffs": [[[48,11],[11,0]],[[0,8],[89,20]]]},
"G242": {"type": "Matrix2x2", "payoffs": [[[8,14],[0,11]],[[21,17],[18,0]]]},
"G243": {"type": "Matrix2x2", "payoffs": [[[0,90],[17,0]],[[1,6],[35,97]]]},
"G244": {"type": "Matrix2x2", "payoffs": [[[58,88],[23,5]],[[44,87],[0,0]]]},
"G245": {"type": "Matrix2x2", "payoffs": [[[5,51],[33,19]],[[0,0],[53,54]]]},
"G246": {"type": "Matrix2x2", "payoffs": [[[50,0],[79,46]],[[0,34],[41,17]]]},
"G247": {"type": "Matrix2x2", "payoffs": [[[7,32],[21,77]],[[0,0],[1,43]]]},
"G248": {"type": "Matrix2x2", "payoffs": [[[5,39],[0,0]],[[6,21],[7,65]]]},
"G249": {"type": "Matrix2x2", "payoffs": [[[0,1],[30,0]],[[3,29],[89,57]]]},
"G250": {"type": "Matrix2x2", "payoffs": [[[37,82],[5,0]],[[10,48],[0,3]]]},
"G251": {"type": "Matrix2x2", "payoffs": [[[1,9],[0,21]],[[11,33],[7,0]]]},
"G252": {"type": "Matrix2x2", "payoffs": [[[6,92],[0,11]],[[5,0],[2,68]]]},
"G253": {"type": "Matrix2x2", "payoffs": [[[23,60],[25,35]],[[0,0],[27,69]]]},
"G254": {"type": "Matrix2x2", "payoffs": [[[56,0],[69,86]],[[0,56],[31,38]]]},
"G255": {"type": "Matrix2x2", "payoffs": [[[0,26],[5,36]],[[54,0],[77,61]]]},
"G256": {"type": "Matrix2x2", "payoffs": [[[45,52],[2,0]],[[0,3],[11,6]]]},
"G257": {"type": "Matrix2x2", "payoffs": [[[20,29],[0,0]],[[12,67],[42,96]]]},
"G258": {"type": "Matrix2x2", "payoffs": [[[19,61],[0,0]],[[40,25],[69,72]]]},
"G259": {"type": "Matrix2x2", "payoffs": [[[72,67],[37,54]],[[0,33],[9,0]]]},
"G260": {"type": "Matrix2x2", "payoffs": [[[0,53],[35,74]],[[28,7],[23,0]]]},
"G261": {"type": "Matrix2x2", "payoffs": [[[12,0],[72,7]],[[0,1],[36,6]]]},
"G262": {"type": "Matrix2x2", "payoffs": [[[18,62],[3,50]],[[0,0],[19,86]]]},
"G263": {"type": "Matrix2x2", "payoffs": [[[43,59],[2,4]],[[0,1],[32,0]]]},
"G264": {"type": "Matrix2x2", "payoffs": [[[0,57],[5,0]],[[3,48],[20,75]]]},
"G265": {"type": "Matrix2x2", "payoffs": [[[9,20],[22,4]],[[36,58],[0,0]]]},
"G266": {"type": "Matrix2x2", "payoffs": [[[11,87],[6,76]],[[0,0],[8,75]]]},
"G267": {"type": "Matrix2x2", "payoffs": [[[0,8],[24,30]],[[29,65],[3,0]]]},
"G268": {"type": "Matrix2x2", "payoffs": [[[0,32],[33,0]],[[37,12],[41,35]]]},
"G269": {"type": "Matrix2x2", "payoffs": [[[15,25],[7,0]],[[13,15],[0,10]]]},
"G270": {"type": "Matrix2x2", "payoffs": [[[4,21],[22,43]],[[0,0],[18,9]]]},
"G271": {"type": "Matrix2x2", "payoffs": [[[15,1],[17,14]],[[21,20],[0,0]]]},
"G272": {"type": "Matrix2x2", "payoffs": [[[0,28],[5,55]],[[4,12],[3,0]]]},
"G273": {"type": "Matrix2x2", "payoffs": [[[0,6],[9,2]],[[30,0],[32,31]]]},
"G274": {"type": "Matrix2x2", "payoffs": [[[6,55],[14,36]],[[0,0],[47,73]]]},
"G275": {"type": "Matrix2x2", "payoffs": [[[0,16],[4,0]],[[26,1],[32,27]]]},
"G276": {"type": "Matrix2x2", "payoffs": [[[61,43],[13,29]],[[0,0],[64,79]]]},
"G277": {"type": "Matrix2x2", "payoffs": [[[0,0],[22,7]],[[11,2],[15,1]]]},
"G278": {"type": "Matrix2x2", "payoffs": [[[6,30],[0,0]],[[1,10],[5,1]]]},
"G279": {"type": "Matrix2x2", "payoffs": [[[49,0],[15,1]],[[0,44],[51,63]]]},
"G280": {"type": "Matrix2x2", "payoffs": [[[44,0],[53,40]],[[0,14],[16,21]]]},
"G281": {"type": "Matrix2x2", "payoffs": [[[0,37],[69,79]],[[76,91],[35,0]]]},
"G282": {"type": "Matrix2x2", "payoffs": [[[72,83],[19,0]],[[1,72],[0,73]]]},
"G283": {"type": "Matrix2x2", "payoffs": [[[0,2],[11,0]],[[20,34],[24,94]]]},
"G284": {"type": "Matrix2x2", "payoffs": [[[58,4],[93,13]],[[51,8],[0,0]]]},
"G285": {"type": "Matrix2x2", "payoffs": [[[16,0],[0,5]],[[20,4],[21,6]]]},
"G286": {"type": "Matrix2x2", "payoffs": [[[25,11],[0,0]],[[24,9],[14,10]]]},
"G287": {"type": "Matrix2x2", "payoffs": [[[3,24],[1,0]],[[2,14],[0,11]]]},
"G288": {"type": "Matrix2x2", "payoffs": [[[20,9],[0,8]],[[72,55],[43,0]]]},
"G289": {"type": "Matrix2x2", "payoffs": [[[27,97],[0,16]],[[19,0],[13,89]]]},
"G290": {"type": "Matrix2x2", "payoffs": [[[23,18],[30,22]],[[4,0],[0,9]]]},
"G291": {"type": "Matrix2x2", "payoffs": [[[70,0],[0,7]],[[72,47],[66,24]]]},
"G292": {"type": "Matrix2x2", "payoffs": [[[41,31],[0,6]],[[14,14],[13,0]]]},
"G293": {"type": "Matrix2x2", "payoffs": [[[59,10],[0,0]],[[29,1],[42,3]]]},
"G294": {"type": "Matrix2x2", "payoffs": [[[13,19],[0,0]],[[18,16],[19,81]]]},
"G295": {"type": "Matrix2x2", "payoffs": [[[56,81],[11,53]],[[37,0],[0,1]]]},
"G296": {"type": "Matrix2x2", "payoffs": [[[49,40],[53,50]],[[18,1],[0,0]]]},
"G297": {"type": "Matrix2x2", "payoffs": [[[2,0],[14,25]],[[0,13],[23,58]]]},
"G298": {"type": "Matrix2x2", "payoffs": [[[21,4],[51,64]],[[0,0],[36,31]]]},
"G299": {"type": "Matrix2x2", "payoffs": [[[1,47],[0,0]],[[23,89],[14,30]]]},
"G300": {"type": "Matrix2x2", "payoffs": [[[47,0],[30,26]],[[0,91],[52,100]]]},
"G301": {"type": "Matrix2x2", "payoffs": [[[90,30],[93,42]],[[0,0],[17,9]]]},
"G302": {"type": "Matrix2x2", "payoffs": [[[84,22],[0,0]],[[4,32],[96,39]]]},
"G303": {"type": "Matrix2x2", "payoffs": [[[27,26],[0,23]],[[34,0],[36,31]]]},
"G304": {"type": "Matrix2x2", "payoffs": [[[0,63],[15,80]],[[13,78],[4,0]]]},
"G305": {"type": "Matrix2x2", "payoffs": [[[0,0],[12,34]],[[34,25],[50,35]]]},
"G306": {"type": "Matrix2x2", "payoffs": [[[51,40],[15,6]],[[0,27],[14,0]]]},
"G307": {"type": "Matrix2x2", "payoffs": [[[0,2],[26,1]],[[28,0],[70,3]]]},
"G308": {"type": "Matrix2x2", "payoffs": [[[35,8],[13,0]],[[96,9],[0,2]]]},
"G309": {"type": "Matrix2x2", "payoffs": [[[7,19],[6,0]],[[14,24],[0,11]]]},
"G310": {"type": "Matrix2x2", "payoffs": [[[99,34],[94,10]],[[0,0],[33,16]]]},
"G311": {"type": "Matrix2x2", "payoffs": [[[28,22],[0,0]],[[82,64],[76,24]]]},
"G312": {"type": "Matrix2x2", "payoffs": [[[0,0],[37,1]],[[29,2],[72,3]]]},
"G313": {"type": "Matrix2x2", "payoffs": [[[3,0],[0,32]],[[1,29],[4,41]]]},
"G314": {"type": "Matrix2x2", "payoffs": [[[0,1],[46,2]],[[39,0],[47,49]]]},
"G315": {"type": "Matrix2x2", "payoffs": [[[61,9],[18,0]],[[23,1],[0,6]]]},
"G316": {"type": "Matrix2x2", "payoffs": [[[6,54],[0,30]],[[22,0],[25,71]]]},
"G317": {"type": "Matrix2x2", "payoffs": [[[49,0],[0,7]],[[68,39],[20,11]]]},
"G318": {"type": "Matrix2x2", "payoffs": [[[42,85],[22,55]],[[0,0],[35,31]]]},
"G319": {"type": "Matrix2x2", "payoffs": [[[3,0],[14,54]],[[0,15],[8,16]]]},
"G320": {"type": "Matrix2x2", "payoffs": [[[0,0],[9,17]],[[31,28],[42,41]]]},
"G321": {"type": "Matrix2x2", "payoffs": [[[89,0],[54,1]],[[90,85],[0,58]]]},
"G322": {"type": "Matrix2x2", "payoffs": [[[69,33],[19,10]],[[0,8],[53,0]]]},
"G323": {"type": "Matrix2x2", "payoffs": [[[0,18],[3,26]],[[5,77],[2,0]]]},
"G324": {"type": "Matrix2x2", "payoffs": [[[8,29],[25,40]],[[0,0],[6,33]]]},
"G325": {"type": "Matrix2x2", "payoffs": [[[61,58],[62,92]],[[35,0],[0,68]]]},
"G326": {"type": "Matrix2x2", "payoffs": [[[53,20],[0,6]],[[29,0],[62,72]]]},
"G327": {"type": "Matrix2x2", "payoffs": [[[49,21],[0,0]],[[62,13],[68,27]]]},
"G328": {"type": "Matrix2x2", "payoffs": [[[0,0],[46,43]],[[5,40],[80,54]]]},
"G329": {"type": "Matrix2x2", "payoffs": [[[45,1],[54,78]],[[0,0],[5,60]]]},
"G330": {"type": "Matrix2x2", "payoffs": [[[77,0],[38,21]],[[79,53],[0,2]]]},
"G331": {"type": "Matrix2x2", "payoffs": [[[26,30],[95,85]],[[0,44],[22,0]]]},
"G332": {"type": "Matrix2x2", "payoffs": [[[21,9],[0,0]],[[53,22],[37,6]]]},
"G333": {"type": "Matrix2x2", "payoffs": [[[74,0],[0,16]],[[86,30],[66,8]]]},
"G334": {"type": "Matrix2x2", "payoffs": [[[32,66],[83,74]],[[66,11],[0,0]]]},
"G335": {"type": "Matrix2x2", "payoffs": [[[73,79],[67,0]],[[0,2],[6,36]]]},
"G336": {"type": "Matrix2x2", "payoffs": [[[0,15],[3,16]],[[16,45],[10,0]]]},
"G337": {"type": "Matrix2x2", "payoffs": [[[51,73],[40,45]],[[0,0],[48,22]]]},
"G338": {"type": "Matrix2x2", "payoffs": [[[19,28],[0,0]],[[88,69],[53,61]]]},
"G339": {"type": "Matrix2x2", "payoffs": [[[67,46],[0,24]],[[99,51],[83,0]]]},
"G340": {"type": "Matrix2x2", "payoffs": [[[16,47],[32,0]],[[62,64],[0,51]]]},
"G341": {"type": "Matrix2x2", "payoffs": [[[17,15],[36,29]],[[13,19],[0,0]]]},
"G342": {"type": "Matrix2x2", "payoffs": [[[0,21],[13,29]],[[12,0],[7,24]]]},
"G343": {"type": "Matrix2x2", "payoffs": [[[7,0],[8,20]],[[3,9],[0,10]]]},
"G344": {"type": "Matrix2x2", "payoffs": [[[1,22],[2,0]],[[3,31],[0,15]]]},
"G345": {"type": "Matrix2x2", "payoffs": [[[25,97],[8,42]],[[0,89],[4,0]]]},
"G346": {"type": "Matrix2x2", "payoffs": [[[40,53],[0,0]],[[47,86],[27,3]]]},
"G347": {"type": "Matrix2x2", "payoffs": [[[92,48],[0,36]],[[75,19],[36,0]]]},
"G348": {"type": "Matrix2x2", "payoffs": [[[0,0],[2,60]],[[3,62],[1,42]]]},
"G349": {"type": "Matrix2x2", "payoffs": [[[12,97],[1,0]],[[4,92],[0,19]]]},
"G350": {"type": "Matrix2x2", "payoffs": [[[44,0],[0,41]],[[47,73],[42,17]]]},
"G351": {"type": "Matrix2x2", "payoffs": [[[19,0],[41,33]],[[96,94],[0,77]]]},
"G352": {"type": "Matrix2x2", "payoffs": [[[93,9],[46,8]],[[0,7],[27,0]]]},
"G353": {"type": "Matrix2x2", "payoffs": [[[33,36],[0,0]],[[69,55],[53,12]]]},
"G354": {"type": "Matrix2x2", "payoffs": [[[39,77],[0,68]],[[35,22],[21,0]]]},
"G355": {"type": "Matrix2x2", "payoffs": [[[1,35],[11,92]],[[2,0],[0,84]]]},
"G356": {"type": "Matrix2x2", "payoffs": [[[40,41],[41,0]],[[0,29],[98,55]]]},
"G357": {"type": "Matrix2x2", "payoffs": [[[10,34],[1,7]],[[7,24],[0,0]]]},
"G358": {"type": "Matrix2x2", "payoffs": [[[30,4],[29,39]],[[0,0],[48,44]]]},
"G359": {"type": "Matrix2x2", "payoffs": [[[43,2],[14,0]],[[0,13],[73,64]]]},
"G360": {"type": "Matrix2x2", "payoffs": [[[0,12],[52,0]],[[25,22],[55,43]]]},
"G361": {"type": "Matrix2x2", "payoffs": [[[93,92],[0,23]],[[30,83],[25,0]]]},
"G362": {"type": "Matrix2x2", "payoffs": [[[0,5],[86,8]],[[40,7],[77,0]]]},
"G363": {"type": "Matrix2x2", "payoffs": [[[32,32],[0,0]],[[21,26],[28,17]]]},
"G364": {"type": "Matrix2x2", "payoffs": [[[4,21],[12,34]],[[0,0],[1,7]]]},
"G365": {"type": "Matrix2x2", "payoffs": [[[0,30],[19,61]],[[4,0],[14,60]]]},
"G366": {"type": "Matrix2x2", "payoffs": [[[58,67],[0,0]],[[51,54],[5,34]]]},
"G367": {"type": "Matrix2x2", "payoffs": [[[0,3],[7,0]],[[8,5],[1,2]]]},
"G368": {"type": "Matrix2x2", "payoffs": [[[19,19],[45,0]],[[100,74],[0,7]]]},
"G369": {"type": "Matrix2x2", "payoffs": [[[24,16],[39,63]],[[5,0],[0,32]]]},
"G370": {"type": "Matrix2x2", "payoffs": [[[22,46],[13,20]],[[0,0],[5,40]]]},
"G371": {"type": "Matrix2x2", "payoffs": [[[18,35],[8,6]],[[0,0],[3,32]]]},
"G372": {"type": "Matrix2x2", "payoffs": [[[43,8],[13,3]],[[65,21],[0,0]]]},
"G373": {"type": "Matrix2x2", "payoffs": [[[0,88],[21,0]],[[43,98],[33,10]]]},
"G374": {"type": "Matrix2x2", "payoffs": [[[0,4],[15,2]],[[19,0],[76,19]]]},
"G375": {"type": "Matrix2x2", "payoffs": [[[0,30],[43,92]],[[18,0],[40,61]]]},
"G376": {"type": "Matrix2x2", "payoffs": [[[7,73],[5,0]],[[0,17],[1,61]]]},
"G377": {"type": "Matrix2x2", "payoffs": [[[0,0],[13,12]],[[23,96],[7,18]]]},
"G378": {"type": "Matrix2x2", "payoffs": [[[0,19],[79,21]],[[49,5],[7,0]]]},
"G379": {"type": "Matrix2x2", "payoffs": [[[0,0],[5,1]],[[10,2],[22,4]]]},
"G380": {"type": "Matrix2x2", "payoffs": [[[0,18],[85,0]],[[8,24],[100,27]]]},
"G381": {"type": "Matrix2x2", "payoffs": [[[0,21],[74,22]],[[1,13],[17,0]]]},
"G382": {"type": "Matrix2x2", "payoffs": [[[0,21],[83,0]],[[91,65],[86,25]]]},
"G383": {"type": "Matrix2x2", "payoffs": [[[4,22],[9,0]],[[0,15],[15,56]]]},
"G384": {"type": "Matrix2x2", "payoffs": [[[4,0],[9,36]],[[18,65],[0,26]]]},
"G385": {"type": "Matrix2x2", "payoffs": [[[26,53],[39,17]],[[0,0],[43,54]]]},
"G386": {"type": "Matrix2x2", "payoffs": [[[83,99],[20,0]],[[0,66],[51,68]]]},
"G387": {"type": "Matrix2x2", "payoffs": [[[50,26],[13,0]],[[0,22],[3,24]]]},
"G388": {"type": "Matrix2x2", "payoffs": [[[0,48],[81,98]],[[74,0],[7,88]]]},
"G389": {"type": "Matrix2x2", "payoffs": [[[5,9],[50,76]],[[0,0],[15,48]]]},
"G390": {"type": "Matrix2x2", "payoffs": [[[14,41],[25,87]],[[21,0],[0,20]]]},
"G391": {"type": "Matrix2x2", "payoffs": [[[0,11],[54,0]],[[32,10],[79,21]]]},
"G392": {"type": "Matrix2x2", "payoffs": [[[0,57],[28,65]],[[3,34],[1,0]]]},
"G393": {"type": "Matrix2x2", "payoffs": [[[44,35],[0,30]],[[29,0],[3,10]]]},
"G394": {"type": "Matrix2x2", "payoffs": [[[3,4],[1,39]],[[4,46],[0,0]]]},
"G395": {"type": "Matrix2x2", "payoffs": [[[3,0],[5,42]],[[0,6],[4,1]]]},
"G396": {"type": "Matrix2x2", "payoffs": [[[44,86],[39,12]],[[33,0],[0,73]]]},
"G397": {"type": "Matrix2x2", "payoffs": [[[17,0],[0,17]],[[21,29],[18,28]]]},
"G398": {"type": "Matrix2x2", "payoffs": [[[0,6],[10,38]],[[7,0],[5,28]]]},
"G399": {"type": "Matrix2x2", "payoffs": [[[0,20],[63,81]],[[22,65],[28,0]]]},
"G400": {"type": "Matrix2x2", "payoffs": [[[36,79],[0,0]],[[10,12],[33,73]]]},
"G401": {"type": "Matrix2x2", "payoffs": [[[0,33],[12,63]],[[11,45],[6,0]]]},
"G402": {"type": "Matrix2x2", "payoffs": [[[86,80],[0,18]],[[18,12],[62,0]]]},
"G403": {"type": "Matrix2x2", "payoffs": [[[11,95],[5,84]],[[0,0],[8,51]]]},
"G404": {"type": "Matrix2x2", "payoffs": [[[73,60],[42,10]],[[0,0],[41,30]]]},
"G405": {"type": "Matrix2x2", "payoffs": [[[26,77],[4,19]],[[10,0],[0,17]]]},
"G406": {"type": "Matrix2x2", "payoffs": [[[16,0],[0,17]],[[47,52],[58,76]]]},
"G407": {"type": "Matrix2x2", "payoffs": [[[0,34],[56,100]],[[36,17],[53,0]]]},
"G408": {"type": "Matrix2x2", "payoffs": [[[0,35],[29,0]],[[19,24],[74,41]]]},
"G409": {"type": "Matrix2x2", "payoffs": [[[13,70],[6,4]],[[8,0],[0,19]]]},
"G410": {"type": "Matrix2x2", "payoffs": [[[0,33],[15,20]],[[44,0],[57,58]]]},
"G411": {"type": "Matrix2x2", "payoffs": [[[35,15],[0,0]],[[34,2],[6,11]]]},
"G412": {"type": "Matrix2x2", "payoffs": [[[7,5],[85,17]],[[75,11],[0,0]]]},
"G413": {"type": "Matrix2x2", "payoffs": [[[0,0],[6,3]],[[22,32],[19,21]]]},
"G414": {"type": "Matrix2x2", "payoffs": [[[86,62],[0,52]],[[45,0],[3,26]]]},
"G415": {"type": "Matrix2x2", "payoffs": [[[43,11],[11,0]],[[50,31],[0,27]]]},
"G416": {"type": "Matrix2x2", "payoffs": [[[62,49],[0,0]],[[51,27],[34,20]]]},
"G417": {"type": "Matrix2x2", "payoffs": [[[13,55],[12,47]],[[11,1],[0,0]]]},
"G418": {"type": "Matrix2x2", "payoffs": [[[71,35],[5,29]],[[66,0],[0,3]]]},
"G419": {"type": "Matrix2x2", "payoffs": [[[18,0],[0,53]],[[21,64],[6,6]]]},
"G420": {"type": "Matrix2x2", "payoffs": [[[5,30],[10,0]],[[0,25],[16,46]]]},
"G421": {"type": "Matrix2x2", "payoffs": [[[0,44],[56,86]],[[39,63],[7,0]]]},
"G422": {"type": "Matrix2x2", "payoffs": [[[22,19],[0,0]],[[59,72],[11,22]]]},
"G423": {"type": "Matrix2x2", "payoffs": [[[11,25],[7,54]],[[13,56],[0,0]]]},
"G424": {"type": "Matrix2x2", "payoffs": [[[16,68],[0,82]],[[41,0],[46,87]]]},
"G425": {"type": "Matrix2x2", "payoffs": [[[25,0],[0,1]],[[72,8],[1,7]]]},
"G426": {"type": "Matrix2x2", "payoffs": [[[51,51],[21,33]],[[0,0],[40,35]]]},
"G427": {"type": "Matrix2x2", "payoffs": [[[0,46],[32,0]],[[68,97],[11,63]]]},
"G428": {"type": "Matrix2x2", "payoffs": [[[15,24],[43,56]],[[0,0],[54,76]]]},
"G429": {"type": "Matrix2x2", "payoffs": [[[40,0],[8,79]],[[0,13],[47,91]]]},
"G430": {"type": "Matrix2x2", "payoffs": [[[0,67],[15,22]],[[54,0],[55,99]]]},
"G431": {"type": "Matrix2x2", "payoffs": [[[0,1],[51,28]],[[38,0],[54,83]]]},
"G432": {"type": "Matrix2x2", "payoffs": [[[67,0],[0,90]],[[87,92],[79,28]]]},
"G433": {"type": "Matrix2x2", "payoffs": [[[0,0],[24,56]],[[42,61],[25,5]]]},
"G434": {"type": "Matrix2x2", "payoffs": [[[10,46],[45,61]],[[55,90],[0,0]]]},
"G435": {"type": "Matrix2x2", "payoffs": [[[66,36],[20,0]],[[32,28],[0,34]]]},
"G436": {"type": "Matrix2x2", "payoffs": [[[56,73],[15,25]],[[0,38],[26,0]]]},
"G437": {"type": "Matrix2x2", "payoffs": [[[0,1],[81,12]],[[79,0],[50,8]]]},
"G438": {"type": "Matrix2x2", "payoffs": [[[0,0],[11,99]],[[2,98],[1,90]]]},
"G439": {"type": "Matrix2x2", "payoffs": [[[59,44],[52,0]],[[0,7],[6,29]]]},
"G440": {"type": "Matrix2x2", "payoffs": [[[0,35],[72,0]],[[96,49],[54,9]]]},
"G441": {"type": "Matrix2x2", "payoffs": [[[76,47],[7,0]],[[0,31],[12,12]]]},
"G442": {"type": "Matrix2x2", "payoffs": [[[3,0],[1,47]],[[14,97],[0,27]]]},
"G443": {"type": "Matrix2x2", "payoffs": [[[0,28],[22,86]],[[15,74],[21,0]]]},
"G444": {"type": "Matrix2x2", "payoffs": [[[24,6],[28,9]],[[0,2],[5,0]]]},
"G445": {"type": "Matrix2x2", "payoffs": [[[10,26],[6,8]],[[1,2],[0,0]]]},
"G446": {"type": "Matrix2x2", "payoffs": [[[0,79],[49,98]],[[23,1],[33,0]]]},
"G447": {"type": "Matrix2x2", "payoffs": [[[52,19],[43,1]],[[53,25],[0,0]]]},
"G448": {"type": "Matrix2x2", "payoffs": [[[0,9],[35,35]],[[18,0],[24,14]]]},
"G449": {"type": "Matrix2x2", "payoffs": [[[0,0],[7,43]],[[5,30],[2,36]]]},
"G450": {"type": "Matrix2x2", "payoffs": [[[0,0],[6,28]],[[5,1],[3,27]]]},
"G451": {"type": "Matrix2x2", "payoffs": [[[57,34],[0,0]],[[90,13],[92,41]]]},
"G452": {"type": "Matrix2x2", "payoffs": [[[15,7],[42,87]],[[0,0],[23,12]]]},
"G453": {"type": "Matrix2x2", "payoffs": [[[0,7],[2,15]],[[8,46],[5,0]]]},
"G454": {"type": "Matrix2x2", "payoffs": [[[87,25],[92,43]],[[0,0],[9,39]]]},
"G455": {"type": "Matrix2x2", "payoffs": [[[23,64],[72,0]],[[0,55],[77,67]]]},
"G456": {"type": "Matrix2x2", "payoffs": [[[86,28],[59,27]],[[13,26],[0,0]]]},
"G457": {"type": "Matrix2x2", "payoffs": [[[27,4],[1,18]],[[28,25],[0,0]]]},
"G458": {"type": "Matrix2x2", "payoffs": [[[17,4],[7,0]],[[31,19],[0,8]]]},
"G459": {"type": "Matrix2x2", "payoffs": [[[7,0],[11,39]],[[0,31],[9,9]]]},
"G460": {"type": "Matrix2x2", "payoffs": [[[26,47],[0,0]],[[55,50],[49,46]]]},
"G461": {"type": "Matrix2x2", "payoffs": [[[0,46],[6,26]],[[21,47],[11,0]]]},
"G462": {"type": "Matrix2x2", "payoffs": [[[45,9],[30,0]],[[0,1],[52,46]]]},
"G463": {"type": "Matrix2x2", "payoffs": [[[88,78],[0,69]],[[43,31],[2,0]]]},
"G464": {"type": "Matrix2x2", "payoffs": [[[22,68],[7,37]],[[0,0],[11,58]]]},
"G465": {"type": "Matrix2x2", "payoffs": [[[8,58],[4,0]],[[0,22],[16,87]]]},
"G466": {"type": "Matrix2x2", "payoffs": [[[39,55],[6,0]],[[11,33],[0,51]]]},
"G467": {"type": "Matrix2x2", "payoffs": [[[32,7],[79,22]],[[25,0],[0,3]]]},
"G468": {"type": "Matrix2x2", "payoffs": [[[23,56],[1,21]],[[8,0],[0,5]]]},
"G469": {"type": "Matrix2x2", "payoffs": [[[81,96],[6,51]],[[0,0],[75,74]]]},
"G470": {"type": "Matrix2x2", "payoffs": [[[34,3],[26,0]],[[17,1],[0,2]]]},
"G471": {"type": "Matrix2x2", "payoffs": [[[11,24],[33,0]],[[0,26],[69,66]]]},
"G472": {"type": "Matrix2x2", "payoffs": [[[1,40],[25,39]],[[0,0],[27,43]]]},
"G473": {"type": "Matrix2x2", "payoffs": [[[8,3],[0,0]],[[54,14],[5,5]]]},
"G474": {"type": "Matrix2x2", "payoffs": [[[0,30],[9,56]],[[63,100],[12,0]]]},
"G475": {"type": "Matrix2x2", "payoffs": [[[13,34],[56,69]],[[16,0],[0,53]]]},
"G476": {"type": "Matrix2x2", "payoffs": [[[1,16],[0,0]],[[10,94],[2,63]]]},
"G477": {"type": "Matrix2x2", "payoffs": [[[48,42],[37,0]],[[7,22],[0,28]]]},
"G478": {"type": "Matrix2x2", "payoffs": [[[9,55],[58,73]],[[0,60],[42,0]]]},
"G479": {"type": "Matrix2x2", "payoffs": [[[0,20],[8,13]],[[86,26],[70,0]]]},
"G480": {"type": "Matrix2x2", "payoffs": [[[26,35],[0,37]],[[14,0],[60,47]]]},
"G481": {"type": "Matrix2x2", "payoffs": [[[3,8],[0,0]],[[11,40],[2,23]]]},
"G482": {"type": "Matrix2x2", "payoffs": [[[58,39],[80,46]],[[3,0],[0,17]]]},
"G483": {"type": "Matrix2x2", "payoffs": [[[21,0],[57,97]],[[0,19],[4,4]]]},
"G484": {"type": "Matrix2x2", "payoffs": [[[26,63],[1,15]],[[0,0],[42,84]]]},
"G485": {"type": "Matrix2x2", "payoffs": [[[7,0],[0,29]],[[72,78],[13,6]]]},
"G486": {"type": "Matrix2x2", "payoffs": [[[2,15],[0,66]],[[4,80],[1,0]]]},
"G487": {"type": "Matrix2x2", "payoffs": [[[0,26],[1,0]],[[25,20],[81,33]]]},
"G488": {"type": "Matrix2x2", "payoffs": [[[10,0],[0,23]],[[34,29],[25,27]]]},
"G489": {"type": "Matrix2x2", "payoffs": [[[4,0],[14,13]],[[0,6],[1,7]]]},
"G490": {"type": "Matrix2x2", "payoffs": [[[0,0],[6,70]],[[7,85],[5,65]]]},
"G491": {"type": "Matrix2x2", "payoffs": [[[0,20],[65,0]],[[37,37],[73,68]]]},
"G492": {"type": "Matrix2x2", "payoffs": [[[99,36],[0,0]],[[69,5],[15,2]]]},
"G493": {"type": "Matrix2x2", "payoffs": [[[0,35],[70,21]],[[80,44],[34,0]]]},
"G494": {"type": "Matrix2x2", "payoffs": [[[45,18],[15,24]],[[0,0],[79,47]]]},
"G495": {"type": "Matrix2x2", "payoffs": [[[3,46],[13,0]],[[0,1],[19,55]]]},
"G496": {"type": "Matrix2x2", "payoffs": [[[98,84],[83,67]],[[7,0],[0,55]]]},
"G497": {"type": "Matrix2x2", "payoffs": [[[8,3],[24,19]],[[10,6],[0,0]]]},
"G498": {"type": "Matrix2x2", "payoffs": [[[62,19],[0,60]],[[88,0],[89,81]]]},
"G499": {"type": "Matrix2x2", "payoffs": [[[86,4],[56,2]],[[0,0],[88,5]]]},
"G500": {"type": "Matrix2x2", "payoffs": [[[10,18],[11,30]],[[0,9],[9,0]]]},
"G501": {"type": "Matrix2x2", "payoffs": [[[30,83],[9,33]],[[1,50],[0,0]]]},
"G502": {"type": "Matrix2x2", "payoffs": [[[14,47],[22,43]],[[63,78],[0,0]]]},
"G503": {"type": "Matrix2x2", "payoffs": [[[73,56],[0,0]],[[77,66],[5,16]]]},
"G504": {"type": "Matrix2x2", "payoffs": [[[49,11],[89,48]],[[0,30],[56,0]]]},
"G505": {"type": "Matrix2x2", "payoffs": [[[10,60],[17,0]],[[0,48],[59,91]]]},
"G506": {"type": "Matrix2x2", "payoffs": [[[16,46],[0,0]],[[1,1],[40,85]]]},
"G507": {"type": "Matrix2x2", "payoffs": [[[27,0],[79,3]],[[0,2],[83,4]]]},
"G508": {"type": "Matrix2x2", "payoffs": [[[71,65],[42,0]],[[0,43],[66,4]]]},
"G509": {"type": "Matrix2x2", "payoffs": [[[26,0],[0,2]],[[17,1],[52,3]]]},
"G510": {"type": "Matrix2x2", "payoffs": [[[43,17],[0,12]],[[22,0],[65,21]]]},
"G511": {"type": "Matrix2x2", "payoffs": [[[21,3],[0,0]],[[19,23],[22,72]]]},
"G512": {"type": "Matrix2x2", "payoffs": [[[4,19],[11,45]],[[10,2],[0,0]]]},
"G513": {"type": "Matrix2x2", "payoffs": [[[30,17],[76,58]],[[42,43],[0,0]]]},
"G514": {"type": "Matrix2x2", "payoffs": [[[55,80],[0,71]],[[23,65],[43,0]]]},
"G515": {"type": "Matrix2x2", "payoffs": [[[27,57],[31,60]],[[0,46],[22,0]]]},
"G516": {"type": "Matrix2x2", "payoffs": [[[17,0],[18,26]],[[0,11],[13,2]]]},
"G517": {"type": "Matrix2x2", "payoffs": [[[32,69],[28,14]],[[0,0],[6,45]]]},
"G518": {"type": "Matrix2x2", "payoffs": [[[0,9],[33,0]],[[44,2],[51,97]]]},
"G519": {"type": "Matrix2x2", "payoffs": [[[93,4],[0,0]],[[60,3],[57,1]]]},
"G520": {"type": "Matrix2x2", "payoffs": [[[11,55],[9,98]],[[0,0],[39,100]]]},
"G521": {"type": "Matrix2x2", "payoffs": [[[14,11],[9,3]],[[0,0],[32,50]]]},
"G522": {"type": "Matrix2x2", "payoffs": [[[20,26],[33,76]],[[10,0],[0,31]]]},
"G523": {"type": "Matrix2x2", "payoffs": [[[13,0],[0,27]],[[88,16],[91,62]]]},
"G524": {"type": "Matrix2x2", "payoffs": [[[36,100],[0,0]],[[23,82],[24,20]]]},
"G525": {"type": "Matrix2x2", "payoffs": [[[27,43],[28,69]],[[0,0],[17,57]]]},
"G526": {"type": "Matrix2x2", "payoffs": [[[46,0],[61,81]],[[5,36],[0,6]]]},
"G527": {"type": "Matrix2x2", "payoffs": [[[97,67],[54,0]],[[0,65],[20,15]]]},
"G528": {"type": "Matrix2x2", "payoffs": [[[0,0],[52,2]],[[48,36],[58,53]]]},
"G529": {"type": "Matrix2x2", "payoffs": [[[43,70],[87,73]],[[24,36],[0,0]]]},
"G530": {"type": "Matrix2x2", "payoffs": [[[26,0],[46,99]],[[0,51],[36,52]]]},
"G531": {"type": "Matrix2x2", "payoffs": [[[23,15],[0,17]],[[30,88],[9,0]]]},
"G532": {"type": "Matrix2x2", "payoffs": [[[0,0],[25,11]],[[75,14],[33,10]]]},
"G533": {"type": "Matrix2x2", "payoffs": [[[23,2],[0,0]],[[52,74],[20,65]]]},
"G534": {"type": "Matrix2x2", "payoffs": [[[1,0],[0,12]],[[3,30],[13,50]]]},
"G535": {"type": "Matrix2x2", "payoffs": [[[20,52],[0,62]],[[89,88],[43,0]]]},
"G536": {"type": "Matrix2x2", "payoffs": [[[22,51],[9,48]],[[0,30],[5,0]]]},
"G537": {"type": "Matrix2x2", "payoffs": [[[92,19],[30,18]],[[0,8],[15,0]]]},
"G538": {"type": "Matrix2x2", "payoffs": [[[19,36],[90,46]],[[26,0],[0,10]]]},
"G539": {"type": "Matrix2x2", "payoffs": [[[97,22],[33,0]],[[0,7],[22,19]]]},
"G540": {"type": "Matrix2x2", "payoffs": [[[0,0],[17,15]],[[42,18],[11,12]]]},
"G541": {"type": "Matrix2x2", "payoffs": [[[24,16],[38,25]],[[26,0],[0,13]]]},
"G542": {"type": "Matrix2x2", "payoffs": [[[87,88],[0,0]],[[75,8],[45,6]]]},
"G543": {"type": "Matrix2x2", "payoffs": [[[0,2],[67,58]],[[27,43],[32,0]]]},
"G544": {"type": "Matrix2x2", "payoffs": [[[3,39],[16,68]],[[28,76],[0,0]]]},
"G545": {"type": "Matrix2x2", "payoffs": [[[7,1],[77,3]],[[0,2],[50,0]]]},
"G546": {"type": "Matrix2x2", "payoffs": [[[75,4],[83,8]],[[57,1],[0,0]]]},
"G547": {"type": "Matrix2x2", "payoffs": [[[67,93],[20,56]],[[0,17],[58,0]]]},
"G548": {"type": "Matrix2x2", "payoffs": [[[44,4],[42,0]],[[0,3],[20,2]]]},
"G549": {"type": "Matrix2x2", "payoffs": [[[21,23],[8,0]],[[27,90],[0,60]]]},
"G550": {"type": "Matrix2x2", "payoffs": [[[0,13],[13,21]],[[10,0],[35,23]]]},
"G551": {"type": "Matrix2x2", "payoffs": [[[87,35],[56,0]],[[96,85],[0,46]]]},
"G552": {"type": "Matrix2x2", "payoffs": [[[0,0],[27,14]],[[32,52],[37,72]]]},
"G553": {"type": "Matrix2x2", "payoffs": [[[4,21],[0,0]],[[9,54],[11,61]]]},
"G554": {"type": "Matrix2x2", "payoffs": [[[41,0],[0,12]],[[3,13],[48,42]]]},
"G555": {"type": "Matrix2x2", "payoffs": [[[39,28],[0,17]],[[65,82],[52,0]]]},
"G556": {"type": "Matrix2x2", "payoffs": [[[21,0],[34,49]],[[44,70],[0,50]]]},
"G557": {"type": "Matrix2x2", "payoffs": [[[16,11],[4,3]],[[15,0],[0,5]]]},
"G558": {"type": "Matrix2x2", "payoffs": [[[0,3],[1,16]],[[6,17],[2,0]]]},
"G559": {"type": "Matrix2x2", "payoffs": [[[20,0],[0,3]],[[7,1],[41,4]]]},
"G560": {"type": "Matrix2x2", "payoffs": [[[0,0],[59,12]],[[75,5],[78,17]]]},
"G561": {"type": "Matrix2x2", "payoffs": [[[39,0],[0,24]],[[70,28],[11,2]]]},
"G562": {"type": "Matrix2x2", "payoffs": [[[0,10],[18,11]],[[10,0],[6,6]]]},
"G563": {"type": "Matrix2x2", "payoffs": [[[92,28],[0,0]],[[57,22],[26,14]]]},
"G564": {"type": "Matrix2x2", "payoffs": [[[92,96],[72,48]],[[48,0],[0,23]]]},
"G565": {"type": "Matrix2x2", "payoffs": [[[5,35],[6,42]],[[0,0],[4,37]]]},
"G566": {"type": "Matrix2x2", "payoffs": [[[30,0],[0,24]],[[54,38],[21,16]]]},
"G567": {"type": "Matrix2x2", "payoffs": [[[0,22],[5,16]],[[10,0],[96,34]]]},
"G568": {"type": "Matrix2x2", "payoffs": [[[39,9],[83,31]],[[0,0],[44,2]]]},
"G569": {"type": "Matrix2x2", "payoffs": [[[1,0],[0,52]],[[14,94],[8,86]]]},
"G570": {"type": "Matrix2x2", "payoffs": [[[60,81],[3,68]],[[28,0],[0,67]]]},
"G571": {"type": "Matrix2x2", "payoffs": [[[64,29],[0,45]],[[72,91],[47,0]]]},
"G572": {"type": "Matrix2x2", "payoffs": [[[30,26],[17,0]],[[0,10],[68,29]]]},
"G573": {"type": "Matrix2x2", "payoffs": [[[2,24],[9,66]],[[13,82],[0,0]]]},
"G574": {"type": "Matrix2x2", "payoffs": [[[78,21],[6,10]],[[0,3],[8,0]]]},
"G575": {"type": "Matrix2x2", "payoffs": [[[34,85],[16,8]],[[0,72],[20,0]]]},
"G576": {"type": "Matrix2x2", "payoffs": [[[10,25],[0,27]],[[40,0],[72,33]]]},
"G577": {"type": "Matrix2x2", "payoffs": [[[33,32],[0,74]],[[2,0],[47,82]]]},
"G578": {"type": "Matrix2x2", "payoffs": [[[78,96],[0,84]],[[27,24],[8,0]]]},
"G579": {"type": "Matrix2x2", "payoffs": [[[56,40],[16,0]],[[0,27],[10,8]]]},
"G580": {"type": "Matrix2x2", "payoffs": [[[21,8],[43,14]],[[0,1],[36,0]]]},
"G581": {"type": "Matrix2x2", "payoffs": [[[16,46],[13,25]],[[0,0],[11,6]]]},
"G582": {"type": "Matrix2x2", "payoffs": [[[61,0],[67,87]],[[0,70],[30,18]]]},
"G583": {"type": "Matrix2x2", "payoffs": [[[72,0],[66,10]],[[0,21],[79,28]]]},
"G584": {"type": "Matrix2x2", "payoffs": [[[61,34],[69,13]],[[78,38],[0,0]]]},
"G585": {"type": "Matrix2x2", "payoffs": [[[40,43],[42,62]],[[0,0],[11,23]]]},
"G586": {"type": "Matrix2x2", "payoffs": [[[0,30],[33,0]],[[42,26],[64,40]]]},
"G587": {"type": "Matrix2x2", "payoffs": [[[6,1],[12,0]],[[16,57],[0,3]]]},
"G588": {"type": "Matrix2x2", "payoffs": [[[8,2],[42,0]],[[0,16],[48,97]]]},
"G589": {"type": "Matrix2x2", "payoffs": [[[62,0],[79,56]],[[76,13],[0,37]]]},
"G590": {"type": "Matrix2x2", "payoffs": [[[6,74],[0,0]],[[15,19],[48,77]]]},
"G591": {"type": "Matrix2x2", "payoffs": [[[4,0],[15,45]],[[35,48],[0,32]]]},
"G592": {"type": "Matrix2x2", "payoffs": [[[0,54],[6,0]],[[12,19],[23,61]]]},
"G593": {"type": "Matrix2x2", "payoffs": [[[0,0],[10,8]],[[3,39],[26,45]]]},
"G594": {"type": "Matrix2x2", "payoffs": [[[0,9],[66,28]],[[2,0],[48,2]]]},
"G595": {"type": "Matrix2x2", "payoffs": [[[15,26],[0,25]],[[19,0],[79,47]]]},
"G596": {"type": "Matrix2x2", "payoffs": [[[0,0],[12,50]],[[9,13],[6,12]]]},
"G597": {"type": "Matrix2x2", "payoffs": [[[36,0],[0,25]],[[85,53],[42,37]]]},
"G598": {"type": "Matrix2x2", "payoffs": [[[97,12],[0,0]],[[27,1],[35,3]]]},
"G599": {"type": "Matrix2x2", "payoffs": [[[77,8],[24,4]],[[0,0],[56,1]]]},
"G600": {"type": "Matrix2x2", "payoffs": [[[93,74],[0,63]],[[9,10],[78,0]]]},
"G601": {"type": "Matrix2x2", "payoffs": [[[44,21],[39,0]],[[7,15],[0,10]]]},
"G602": {"type": "Matrix2x2", "payoffs": [[[3,8],[2,0]],[[0,3],[4,99]]]},
"G603": {"type": "Matrix2x2", "payoffs": [[[0,0],[73,26]],[[46,22],[6,18]]]},
"G604": {"type": "Matrix2x2", "payoffs": [[[33,16],[2,10]],[[16,0],[0,1]]]},
"G605": {"type": "Matrix2x2", "payoffs": [[[0,9],[27,0]],[[28,18],[12,12]]]},
"G606": {"type": "Matrix2x2", "payoffs": [[[5,20],[0,61]],[[67,0],[91,94]]]},
"G607": {"type": "Matrix2x2", "payoffs": [[[11,4],[99,31]],[[0,7],[46,0]]]},
"G608": {"type": "Matrix2x2", "payoffs": [[[25,0],[0,9]],[[92,58],[1,27]]]},
"G609": {"type": "Matrix2x2", "payoffs": [[[3,0],[0,89]],[[8,43],[12,90]]]},
"G610": {"type": "Matrix2x2", "payoffs": [[[0,30],[68,0]],[[13,62],[97,72]]]},
"G611": {"type": "Matrix2x2", "payoffs": [[[68,9],[88,73]],[[0,0],[18,69]]]},
"G612": {"type": "Matrix2x2", "payoffs": [[[5,72],[0,7]],[[4,0],[1,30]]]},
"G613": {"type": "Matrix2x2", "payoffs": [[[4,1],[8,4]],[[7,0],[0,2]]]},
"G614": {"type": "Matrix2x2", "payoffs": [[[0,0],[40,2]],[[58,5],[14,1]]]},
"G615": {"type": "Matrix2x2", "payoffs": [[[2,0],[0,7]],[[81,30],[38,20]]]},
"G616": {"type": "Matrix2x2", "payoffs": [[[42,0],[15,27]],[[74,30],[0,29]]]},
"G617": {"type": "Matrix2x2", "payoffs": [[[0,6],[86,8]],[[70,4],[16,0]]]},
"G618": {"type": "Matrix2x2", "payoffs": [[[0,12],[6,18]],[[32,0],[36,24]]]},
"G619": {"type": "Matrix2x2", "payoffs": [[[64,0],[0,39]],[[77,57],[59,2]]]},
"G620": {"type": "Matrix2x2", "payoffs": [[[0,0],[79,33]],[[57,9],[28,18]]]},
"G621": {"type": "Matrix2x2", "payoffs": [[[3,0],[5,11]],[[0,5],[1,9]]]},
"G622": {"type": "Matrix2x2", "payoffs": [[[66,39],[21,0]],[[69,88],[0,57]]]},
"G623": {"type": "Matrix2x2", "payoffs": [[[30,3],[0,23]],[[29,0],[42,40]]]},
"G624": {"type": "Matrix2x2", "payoffs": [[[0,1],[32,49]],[[41,85],[30,0]]]},
"G625": {"type": "Matrix2x2", "payoffs": [[[23,0],[31,68]],[[0,54],[19,44]]]},
"G626": {"type": "Matrix2x2", "payoffs": [[[67,4],[7,0]],[[85,73],[0,13]]]},
"G627": {"type": "Matrix2x2", "payoffs": [[[6,39],[0,0]],[[3,14],[1,4]]]},
"G628": {"type": "Matrix2x2", "payoffs": [[[0,0],[32,14]],[[2,25],[44,29]]]},
"G629": {"type": "Matrix2x2", "payoffs": [[[54,68],[20,33]],[[9,0],[0,26]]]},
"G630": {"type": "Matrix2x2", "payoffs": [[[48,23],[23,20]],[[42,18],[0,0]]]},
"G631": {"type": "Matrix2x2", "payoffs": [[[14,22],[45,37]],[[19,0],[0,36]]]},
"G632": {"type": "Matrix2x2", "payoffs": [[[0,0],[69,69]],[[51,45],[45,58]]]},
"G633": {"type": "Matrix2x2", "payoffs": [[[16,28],[0,0]],[[29,17],[30,52]]]},
"G634": {"type": "Matrix2x2", "payoffs": [[[18,31],[0,0]],[[39,63],[32,55]]]},
"G635": {"type": "Matrix2x2", "payoffs": [[[89,26],[0,16]],[[34,0],[81,8]]]},
"G636": {"type": "Matrix2x2", "payoffs": [[[3,72],[7,0]],[[0,41],[22,98]]]},
"G637": {"type": "Matrix2x2", "payoffs": [[[0,0],[5,3]],[[40,44],[60,100]]]},
"G638": {"type": "Matrix2x2", "payoffs": [[[18,80],[50,9]],[[82,91],[0,0]]]},
"G639": {"type": "Matrix2x2", "payoffs": [[[17,8],[0,39]],[[55,50],[38,0]]]},
"G640": {"type": "Matrix2x2", "payoffs": [[[45,22],[12,2]],[[0,14],[5,0]]]},
"G641": {"type": "Matrix2x2", "payoffs": [[[28,54],[0,11]],[[37,83],[33,0]]]},
"G642": {"type": "Matrix2x2", "payoffs": [[[46,34],[70,22]],[[84,35],[0,0]]]},
"G643": {"type": "Matrix2x2", "payoffs": [[[59,66],[12,0]],[[76,87],[0,73]]]},
"G644": {"type": "Matrix2x2", "payoffs": [[[8,24],[29,0]],[[36,65],[0,40]]]},
"G645": {"type": "Matrix2x2", "payoffs": [[[22,13],[0,8]],[[6,9],[10,0]]]},
"G646": {"type": "Matrix2x2", "payoffs": [[[10,19],[38,14]],[[0,0],[74,35]]]},
"G647": {"type": "Matrix2x2", "payoffs": [[[5,0],[0,2]],[[43,21],[8,19]]]},
"G648": {"type": "Matrix2x2", "payoffs": [[[0,14],[23,0]],[[37,66],[29,52]]]},
"G649": {"type": "Matrix2x2", "payoffs": [[[74,1],[93,29]],[[23,0],[0,8]]]},
"G650": {"type": "Matrix2x2", "payoffs": [[[0,25],[69,97]],[[62,0],[10,3]]]},
"G651": {"type": "Matrix2x2", "payoffs": [[[3,50],[2,0]],[[4,69],[0,54]]]},
"G652": {"type": "Matrix2x2", "payoffs": [[[1,49],[18,60]],[[14,0],[0,35]]]},
"G653": {"type": "Matrix2x2", "payoffs": [[[0,0],[9,31]],[[28,42],[27,40]]]},
"G654": {"type": "Matrix2x2", "payoffs": [[[50,0],[0,95]],[[51,96],[2,82]]]},
"G655": {"type": "Matrix2x2", "payoffs": [[[3,11],[0,0]],[[14,51],[34,59]]]},
"G656": {"type": "Matrix2x2", "payoffs": [[[88,21],[65,15]],[[0,13],[63,0]]]},
"G657": {"type": "Matrix2x2", "payoffs": [[[6,1],[46,0]],[[0,46],[47,53]]]},
"G658": {"type": "Matrix2x2", "payoffs": [[[21,57],[5,27]],[[0,0],[41,92]]]},
"G659": {"type": "Matrix2x2", "payoffs": [[[0,37],[59,53]],[[18,18],[24,0]]]},
"G660": {"type": "Matrix2x2", "payoffs": [[[14,16],[8,0]],[[1,2],[0,14]]]},
"G661": {"type": "Matrix2x2", "payoffs": [[[78,100],[0,75]],[[29,49],[51,0]]]},
"G662": {"type": "Matrix2x2", "payoffs": [[[46,24],[45,14]],[[0,0],[9,18]]]},
"G663": {"type": "Matrix2x2", "payoffs": [[[15,0],[16,3]],[[0,23],[20,41]]]},
"G664": {"type": "Matrix2x2", "payoffs": [[[31,87],[0,23]],[[6,0],[2,70]]]},
"G665": {"type": "Matrix2x2", "payoffs": [[[16,10],[0,1]],[[12,0],[5,7]]]},
"G666": {"type": "Matrix2x2", "payoffs": [[[12,6],[0,0]],[[10,2],[19,9]]]},
"G667": {"type": "Matrix2x2", "payoffs": [[[85,0],[55,54]],[[87,78],[0,49]]]},
"G668": {"type": "Matrix2x2", "payoffs": [[[1,17],[6,0]],[[7,63],[0,53]]]},
"G669": {"type": "Matrix2x2", "payoffs": [[[52,10],[77,15]],[[92,61],[0,0]]]},
"G670": {"type": "Matrix2x2", "payoffs": [[[48,0],[70,3]],[[0,2],[7,1]]]},
"G671": {"type": "Matrix2x2", "payoffs": [[[0,81],[6,33]],[[4,0],[11,91]]]},
"G672": {"type": "Matrix2x2", "payoffs": [[[3,17],[34,37]],[[9,0],[0,26]]]},
"G673": {"type": "Matrix2x2", "payoffs": [[[18,69],[1,58]],[[0,0],[13,17]]]},
"G674": {"type": "Matrix2x2", "payoffs": [[[0,0],[81,3]],[[98,5],[1,4]]]},
"G675": {"type": "Matrix2x2", "payoffs": [[[13,0],[100,50]],[[0,31],[7,2]]]},
"G676": {"type": "Matrix2x2", "payoffs": [[[28,22],[42,71]],[[49,81],[0,0]]]},
"G677": {"type": "Matrix2x2", "payoffs": [[[0,97],[3,0]],[[8,100],[7,48]]]},
"G678": {"type": "Matrix2x2", "payoffs": [[[14,34],[7,32]],[[1,0],[0,24]]]},
"G679": {"type": "Matrix2x2", "payoffs": [[[58,9],[44,1]],[[54,0],[0,5]]]},
"G680": {"type": "Matrix2x2", "payoffs": [[[65,31],[48,0]],[[55,22],[0,7]]]},
"G681": {"type": "Matrix2x2", "payoffs": [[[2,8],[0,22]],[[3,24],[1,0]]]},
"G682": {"type": "Matrix2x2", "payoffs": [[[0,2],[34,3]],[[47,0],[48,4]]]},
"G683": {"type": "Matrix2x2", "payoffs": [[[0,60],[13,0]],[[68,6],[81,76]]]},
"G684": {"type": "Matrix2x2", "payoffs": [[[65,12],[53,5]],[[0,1],[5,0]]]},
"G685": {"type": "Matrix2x2", "payoffs": [[[79,66],[0,40]],[[36,62],[2,0]]]},
"G686": {"type": "Matrix2x2", "payoffs": [[[6,27],[8,38]],[[0,30],[4,0]]]},
"G687": {"type": "Matrix2x2", "payoffs": [[[4,13],[15,0]],[[0,11],[25,30]]]},
"G688": {"type": "Matrix2x2", "payoffs": [[[2,0],[0,14]],[[8,20],[21,21]]]},
"G689": {"type": "Matrix2x2", "payoffs": [[[25,36],[0,58]],[[17,0],[27,66]]]},
"G690": {"type": "Matrix2x2", "payoffs": [[[22,18],[30,25]],[[35,41],[0,0]]]},
"G691": {"type": "Matrix2x2", "payoffs": [[[26,11],[6,3]],[[0,0],[28,13]]]},
"G692": {"type": "Matrix2x2", "payoffs": [[[65,11],[4,5]],[[0,0],[75,28]]]},
"G693": {"type": "Matrix2x2", "payoffs": [[[59,0],[0,56]],[[67,77],[22,70]]]},
"G694": {"type": "Matrix2x2", "payoffs": [[[20,69],[56,81]],[[0,0],[8,38]]]},
"G695": {"type": "Matrix2x2", "payoffs": [[[11,9],[0,0]],[[35,14],[21,8]]]},
"G696": {"type": "Matrix2x2", "payoffs": [[[0,64],[64,70]],[[37,0],[53,68]]]},
"G697": {"type": "Matrix2x2", "payoffs": [[[0,0],[76,48]],[[10,45],[3,23]]]},
"G698": {"type": "Matrix2x2", "payoffs": [[[18,99],[8,82]],[[13,28],[0,0]]]},
"G699": {"type": "Matrix2x2", "payoffs": [[[54,1],[2,2]],[[74,7],[0,0]]]},
"G700": {"type": "Matrix2x2", "payoffs": [[[4,53],[0,0]],[[10,75],[14,76]]]},
"G701": {"type": "Matrix2x2", "payoffs": [[[0,27],[32,39]],[[38,0],[88,76]]]},
"G702": {"type": "Matrix2x2", "payoffs": [[[0,2],[1,9]],[[8,0],[50,18]]]},
"G703": {"type": "Matrix2x2", "payoffs": [[[68,54],[0,6]],[[56,43],[37,0]]]},
"G704": {"type": "Matrix2x2", "payoffs": [[[0,20],[9,13]],[[52,0],[98,33]]]},
"G705": {"type": "Matrix2x2", "payoffs": [[[98,3],[46,1]],[[20,2],[0,0]]]},
"G706": {"type": "Matrix2x2", "payoffs": [[[9,92],[0,0]],[[8,22],[5,65]]]},
"G707": {"type": "Matrix2x2", "payoffs": [[[22,16],[26,20]],[[0,13],[5,0]]]},
"G708": {"type": "Matrix2x2", "payoffs": [[[61,0],[68,15]],[[0,37],[93,49]]]},
"G709": {"type": "Matrix2x2", "payoffs": [[[85,95],[69,86]],[[0,0],[58,47]]]},
"G710": {"type": "Matrix2x2", "payoffs": [[[51,0],[57,86]],[[0,3],[42,82]]]},
"G711": {"type": "Matrix2x2", "payoffs": [[[97,32],[51,0]],[[92,10],[0,22]]]},
"G712": {"type": "Matrix2x2", "payoffs": [[[0,64],[25,28]],[[93,66],[70,0]]]},
"G713": {"type": "Matrix2x2", "payoffs": [[[11,63],[87,70]],[[0,45],[34,0]]]},
"G714": {"type": "Matrix2x2", "payoffs": [[[7,38],[3,12]],[[0,0],[6,32]]]},
"G715": {"type": "Matrix2x2", "payoffs": [[[82,89],[0,64]],[[60,39],[66,0]]]},
"G716": {"type": "Matrix2x2", "payoffs": [[[24,25],[53,68]],[[40,16],[0,0]]]},
"G717": {"type": "Matrix2x2", "payoffs": [[[21,20],[9,18]],[[0,0],[11,1]]]},
"G718": {"type": "Matrix2x2", "payoffs": [[[50,10],[60,22]],[[27,14],[0,0]]]},
"G719": {"type": "Matrix2x2", "payoffs": [[[35,46],[0,4]],[[42,76],[29,0]]]},
"G720": {"type": "Matrix2x2", "payoffs": [[[27,34],[43,0]],[[0,21],[60,49]]]},
"G721": {"type": "Matrix2x2", "payoffs": [[[0,27],[3,40]],[[30,60],[17,0]]]},
"G722": {"type": "Matrix2x2", "payoffs": [[[45,44],[38,0]],[[89,96],[0,82]]]},
"G723": {"type": "Matrix2x2", "payoffs": [[[91,88],[0,46]],[[36,0],[59,13]]]},
"G724": {"type": "Matrix2x2", "payoffs": [[[8,10],[21,36]],[[9,0],[0,16]]]},
"G725": {"type": "Matrix2x2", "payoffs": [[[1,0],[0,11]],[[8,14],[2,9]]]},
"G726": {"type": "Matrix2x2", "payoffs": [[[71,4],[38,2]],[[0,0],[13,3]]]},
"G727": {"type": "Matrix2x2", "payoffs": [[[38,0],[0,35]],[[56,60],[6,19]]]},
"G728": {"type": "Matrix2x2", "payoffs": [[[17,0],[6,16]],[[18,77],[0,46]]]},
"G729": {"type": "Matrix2x2", "payoffs": [[[4,22],[3,67]],[[0,0],[5,86]]]},
"G730": {"type": "Matrix2x2", "payoffs": [[[0,43],[29,45]],[[1,25],[25,0]]]},
"G731": {"type": "Matrix2x2", "payoffs": [[[42,0],[0,36]],[[12,9],[59,67]]]},
"G732": {"type": "Matrix2x2", "payoffs": [[[36,0],[41,91]],[[0,55],[3,67]]]},
"G733": {"type": "Matrix2x2", "payoffs": [[[24,0],[28,25]],[[0,30],[40,34]]]},
"G734": {"type": "Matrix2x2", "payoffs": [[[100,10],[83,2]],[[0,0],[78,7]]]},
"G735": {"type": "Matrix2x2", "payoffs": [[[77,21],[98,25]],[[57,6],[0,0]]]},
"G736": {"type": "Matrix2x2", "payoffs": [[[55,8],[25,0]],[[11,5],[0,3]]]},
"G737": {"type": "Matrix2x2", "payoffs": [[[0,0],[21,74]],[[28,75],[16,56]]]},
"G738": {"type": "Matrix2x2", "payoffs": [[[40,28],[7,0]],[[0,78],[41,84]]]},
"G739": {"type": "Matrix2x2", "payoffs": [[[21,29],[38,33]],[[0,0],[29,23]]]},
"G740": {"type": "Matrix2x2", "payoffs": [[[16,4],[23,0]],[[0,6],[44,8]]]},
"G741": {"type": "Matrix2x2", "payoffs": [[[63,0],[81,26]],[[0,32],[94,94]]]},
"G742": {"type": "Matrix2x2", "payoffs": [[[51,9],[76,21]],[[61,0],[0,10]]]},
"G743": {"type": "Matrix2x2", "payoffs": [[[36,3],[0,0]],[[29,5],[72,13]]]},
"G744": {"type": "Matrix2x2", "payoffs": [[[3,88],[0,79]],[[91,93],[52,0]]]},
"G745": {"type": "Matrix2x2", "payoffs": [[[56,0],[11,42]],[[65,82],[0,9]]]},
"G746": {"type": "Matrix2x2", "payoffs": [[[57,81],[0,0]],[[36,42],[39,51]]]},
"G747": {"type": "Matrix2x2", "payoffs": [[[4,51],[0,0]],[[3,21],[2,49]]]},
"G748": {"type": "Matrix2x2", "payoffs": [[[27,30],[0,0]],[[23,12],[8,17]]]},
"G749": {"type": "Matrix2x2", "payoffs": [[[0,0],[89,20]],[[11,5],[74,8]]]},
"G750": {"type": "Matrix2x2", "payoffs": [[[0,83],[29,7]],[[63,93],[32,0]]]},
"G751": {"type": "Matrix2x2", "payoffs": [[[5,10],[4,15]],[[25,56],[0,0]]]},
"G752": {"type": "Matrix2x2", "payoffs": [[[2,28],[1,10]],[[3,75],[0,0]]]},
"G753": {"type": "Matrix2x2", "payoffs": [[[0,0],[1,18]],[[8,34],[6,7]]]},
"G754": {"type": "Matrix2x2", "payoffs": [[[0,51],[17,0]],[[22,90],[18,3]]]},
"G755": {"type": "Matrix2x2", "payoffs": [[[6,69],[0,8]],[[57,0],[73,95]]]},
"G756": {"type": "Matrix2x2", "payoffs": [[[0,4],[96,8]],[[49,3],[94,0]]]},
"G757": {"type": "Matrix2x2", "payoffs": [[[78,64],[0,41]],[[68,12],[73,0]]]},
"G758": {"type": "Matrix2x2", "payoffs": [[[21,12],[6,0]],[[7,10],[0,7]]]},
"G759": {"type": "Matrix2x2", "payoffs": [[[57,26],[19,4]],[[46,9],[0,0]]]},
"G760": {"type": "Matrix2x2", "payoffs": [[[1,3],[42,11]],[[0,0],[65,12]]]},
"G761": {"type": "Matrix2x2", "payoffs": [[[59,0],[67,37]],[[19,31],[0,3]]]},
"G762": {"type": "Matrix2x2", "payoffs": [[[27,0],[39,59]],[[0,5],[24,4]]]},
"G763": {"type": "Matrix2x2", "payoffs": [[[0,16],[30,20]],[[15,10],[17,0]]]},
"G764": {"type": "Matrix2x2", "payoffs": [[[31,9],[0,35]],[[81,55],[62,0]]]},
"G765": {"type": "Matrix2x2", "payoffs": [[[5,10],[19,86]],[[3,78],[0,0]]]},
"G766": {"type": "Matrix2x2", "payoffs": [[[6,0],[14,8]],[[15,37],[0,14]]]},
"G767": {"type": "Matrix2x2", "payoffs": [[[0,43],[86,83]],[[57,0],[12,44]]]},
"G768": {"type": "Matrix2x2", "payoffs": [[[58,30],[0,0]],[[8,39],[60,45]]]},
"G769": {"type": "Matrix2x2", "payoffs": [[[30,46],[13,0]],[[0,49],[37,89]]]},
"G770": {"type": "Matrix2x2", "payoffs": [[[80,9],[83,11]],[[0,3],[49,0]]]},
"G771": {"type": "Matrix2x2", "payoffs": [[[0,11],[36,22]],[[2,0],[46,33]]]},
"G772": {"type": "Matrix2x2", "payoffs": [[[5,0],[21,54]],[[70,60],[0,24]]]},
"G773": {"type": "Matrix2x2", "payoffs": [[[58,30],[78,39]],[[48,22],[0,0]]]},
"G774": {"type": "Matrix2x2", "payoffs": [[[67,90],[0,19]],[[28,73],[8,0]]]},
"G775": {"type": "Matrix2x2", "payoffs": [[[42,0],[0,21]],[[2,2],[68,97]]]},
"G776": {"type": "Matrix2x2", "payoffs": [[[11,2],[66,46]],[[0,0],[25,12]]]},
"G777": {"type": "Matrix2x2", "payoffs": [[[0,78],[62,40]],[[3,0],[68,86]]]},
"G778": {"type": "Matrix2x2", "payoffs": [[[14,1],[54,3]],[[38,0],[0,2]]]},
"G779": {"type": "Matrix2x2", "payoffs": [[[10,53],[0,32]],[[59,0],[81,75]]]},
"G780": {"type": "Matrix2x2", "payoffs": [[[0,24],[8,29]],[[23,0],[30,36]]]},
"G781": {"type": "Matrix2x2", "payoffs": [[[54,0],[0,3]],[[75,8],[10,7]]]},
"G782": {"type": "Matrix2x2", "payoffs": [[[7,0],[0,42]],[[1,20],[17,51]]]},
"G783": {"type": "Matrix2x2", "payoffs": [[[25,8],[26,0]],[[0,2],[28,9]]]},
"G784": {"type": "Matrix2x2", "payoffs": [[[18,0],[24,48]],[[1,23],[0,24]]]},
"G785": {"type": "Matrix2x2", "payoffs": [[[58,0],[0,9]],[[9,20],[87,21]]]},
"G786": {"type": "Matrix2x2", "payoffs": [[[0,0],[38,13]],[[12,2],[27,3]]]},
"G787": {"type": "Matrix2x2", "payoffs": [[[20,0],[26,6]],[[0,15],[53,46]]]},
"G788": {"type": "Matrix2x2", "payoffs": [[[11,81],[0,7]],[[14,0],[25,86]]]},
"G789": {"type": "Matrix2x2", "payoffs": [[[0,34],[67,35]],[[11,0],[3,30]]]},
"G790": {"type": "Matrix2x2", "payoffs": [[[7,48],[0,0]],[[66,78],[57,23]]]},
"G791": {"type": "Matrix2x2", "payoffs": [[[19,23],[0,7]],[[15,0],[17,2]]]},
"G792": {"type": "Matrix2x2", "payoffs": [[[0,0],[13,51]],[[56,21],[62,99]]]},
"G793": {"type": "Matrix2x2", "payoffs": [[[27,26],[79,56]],[[31,0],[0,45]]]},
"G794": {"type": "Matrix2x2", "payoffs": [[[13,0],[0,86]],[[73,93],[72,76]]]},
"G795": {"type": "Matrix2x2", "payoffs": [[[100,61],[6,4]],[[0,0],[65,12]]]},
"G796": {"type": "Matrix2x2", "payoffs": [[[32,34],[64,87]],[[12,0],[0,23]]]},
"G797": {"type": "Matrix2x2", "payoffs": [[[8,19],[0,0]],[[12,38],[14,56]]]},
"G798": {"type": "Matrix2x2", "payoffs": [[[0,0],[3,4]],[[10,6],[18,9]]]},
"G799": {"type": "Matrix2x2", "payoffs": [[[48,0],[90,54]],[[0,11],[40,46]]]},
"G800": {"type": "Matrix2x2", "payoffs": [[[37,21],[6,16]],[[42,31],[0,0]]]},
"G801": {"type": "Matrix2x2", "payoffs": [[[19,99],[0,0]],[[14,27],[18,91]]]},
"G802": {"type": "Matrix2x2", "payoffs": [[[7,19],[12,36]],[[28,42],[0,0]]]},
"G803": {"type": "Matrix2x2", "payoffs": [[[0,8],[71,22]],[[73,0],[94,28]]]},
"G804": {"type": "Matrix2x2", "payoffs": [[[0,0],[19,50]],[[12,29],[2,43]]]},
"G805": {"type": "Matrix2x2", "payoffs": [[[0,0],[8,10]],[[21,24],[4,19]]]},
"G806": {"type": "Matrix2x2", "payoffs": [[[80,99],[73,17]],[[0,79],[71,0]]]},
"G807": {"type": "Matrix2x2", "payoffs": [[[0,45],[13,49]],[[12,0],[4,19]]]},
"G808": {"type": "Matrix2x2", "payoffs": [[[0,73],[7,0]],[[83,87],[74,86]]]},
"G809": {"type": "Matrix2x2", "payoffs": [[[58,94],[0,31]],[[19,0],[50,23]]]},
"G810": {"type": "Matrix2x2", "payoffs": [[[35,27],[99,99]],[[0,19],[82,0]]]},
"G811": {"type": "Matrix2x2", "payoffs": [[[19,36],[0,27]],[[14,0],[9,33]]]},
"G812": {"type": "Matrix2x2", "payoffs": [[[23,39],[11,0]],[[30,95],[0,44]]]},
"G813": {"type": "Matrix2x2", "payoffs": [[[16,47],[0,55]],[[92,61],[82,0]]]},
"G814": {"type": "Matrix2x2", "payoffs": [[[60,66],[52,44]],[[5,0],[0,26]]]},
"G815": {"type": "Matrix2x2", "payoffs": [[[17,72],[0,71]],[[16,0],[44,77]]]},
"G816": {"type": "Matrix2x2", "payoffs": [[[5,23],[11,85]],[[0,6],[8,0]]]},
"G817": {"type": "Matrix2x2", "payoffs": [[[80,79],[0,35]],[[2,0],[38,24]]]},
"G818": {"type": "Matrix2x2", "payoffs": [[[0,0],[4,96]],[[2,74],[1,36]]]},
"G819": {"type": "Matrix2x2", "payoffs": [[[6,12],[0,1]],[[31,0],[41,49]]]},
"G820": {"type": "Matrix2x2", "payoffs": [[[60,57],[58,0]],[[15,39],[0,7]]]},
"G821": {"type": "Matrix2x2", "payoffs": [[[2,19],[3,0]],[[0,32],[5,74]]]},
"G822": {"type": "Matrix2x2", "payoffs": [[[0,18],[4,38]],[[1,0],[3,19]]]},
"G823": {"type": "Matrix2x2", "payoffs": [[[9,69],[0,8]],[[8,1],[3,0]]]},
"G824": {"type": "Matrix2x2", "payoffs": [[[89,62],[66,12]],[[67,5],[0,0]]]},
"G825": {"type": "Matrix2x2", "payoffs": [[[0,24],[80,0]],[[82,35],[41,21]]]},
"G826": {"type": "Matrix2x2", "payoffs": [[[7,0],[0,1]],[[2,9],[10,18]]]},
"G827": {"type": "Matrix2x2", "payoffs": [[[12,40],[35,21]],[[0,0],[54,79]]]},
"G828": {"type": "Matrix2x2", "payoffs": [[[74,16],[0,0]],[[72,5],[59,7]]]},
"G829": {"type": "Matrix2x2", "payoffs": [[[0,0],[57,26]],[[44,25],[27,23]]]},
"G830": {"type": "Matrix2x2", "payoffs": [[[4,2],[35,32]],[[0,0],[18,12]]]},
"G831": {"type": "Matrix2x2", "payoffs": [[[0,32],[45,46]],[[20,19],[39,0]]]},
"G832": {"type": "Matrix2x2", "payoffs": [[[11,66],[21,0]],[[28,93],[0,7]]]},
"G833": {"type": "Matrix2x2", "payoffs": [[[5,2],[6,6]],[[4,0],[0,1]]]},
"G834": {"type": "Matrix2x2", "payoffs": [[[11,3],[83,4]],[[0,2],[13,0]]]},
"G835": {"type": "Matrix2x2", "payoffs": [[[93,6],[0,3]],[[81,0],[43,1]]]},
"G836": {"type": "Matrix2x2", "payoffs": [[[11,73],[14,25]],[[0,0],[17,82]]]},
"G837": {"type": "Matrix2x2", "payoffs": [[[28,0],[0,1]],[[33,20],[6,5]]]},
"G838": {"type": "Matrix2x2", "payoffs": [[[0,24],[33,0]],[[37,30],[15,11]]]},
"G839": {"type": "Matrix2x2", "payoffs": [[[1,0],[14,55]],[[0,36],[17,61]]]},
"G840": {"type": "Matrix2x2", "payoffs": [[[0,12],[25,0]],[[91,34],[63,30]]]},
"G841": {"type": "Matrix2x2", "payoffs": [[[26,0],[0,4]],[[33,17],[31,3]]]},
"G842": {"type": "Matrix2x2", "payoffs": [[[7,67],[12,97]],[[0,87],[11,0]]]},
"G843": {"type": "Matrix2x2", "payoffs": [[[42,0],[0,59]],[[6,6],[43,84]]]},
"G844": {"type": "Matrix2x2", "payoffs": [[[0,18],[41,10]],[[26,0],[56,22]]]},
"G845": {"type": "Matrix2x2", "payoffs": [[[55,0],[0,21]],[[58,30],[70,60]]]},
"G846": {"type": "Matrix2x2", "payoffs": [[[0,24],[11,9]],[[8,0],[13,25]]]},
"G847": {"type": "Matrix2x2", "payoffs": [[[46,9],[34,0]],[[10,8],[0,6]]]},
"G848": {"type": "Matrix2x2", "payoffs": [[[0,0],[73,7]],[[20,3],[98,12]]]},
"G849": {"type": "Matrix2x2", "payoffs": [[[0,0],[72,33]],[[23,17],[34,28]]]},
"G850": {"type": "Matrix2x2", "payoffs": [[[64,0],[71,69]],[[84,97],[0,46]]]},
"G851": {"type": "Matrix2x2", "payoffs": [[[0,6],[11,0]],[[25,20],[40,73]]]},
"G852": {"type": "Matrix2x2", "payoffs": [[[9,0],[0,2]],[[99,99],[2,37]]]},
"G853": {"type": "Matrix2x2", "payoffs": [[[57,43],[40,0]],[[59,86],[0,47]]]},
"G854": {"type": "Matrix2x2", "payoffs": [[[9,50],[6,46]],[[0,0],[17,64]]]},
"G855": {"type": "Matrix2x2", "payoffs": [[[0,96],[22,100]],[[6,0],[16,25]]]},
"G856": {"type": "Matrix2x2", "payoffs": [[[94,31],[9,0]],[[80,17],[0,15]]]},
"G857": {"type": "Matrix2x2", "payoffs": [[[41,21],[2,7]],[[31,0],[0,20]]]},
"G858": {"type": "Matrix2x2", "payoffs": [[[0,30],[66,0]],[[58,27],[72,37]]]},
"G859": {"type": "Matrix2x2", "payoffs": [[[28,55],[45,71]],[[22,0],[0,17]]]},
"G860": {"type": "Matrix2x2", "payoffs": [[[10,12],[13,89]],[[11,13],[0,0]]]},
"G861": {"type": "Matrix2x2", "payoffs": [[[26,1],[0,0]],[[25,65],[35,87]]]},
"G862": {"type": "Matrix2x2", "payoffs": [[[18,62],[22,0]],[[45,74],[0,45]]]},
"G863": {"type": "Matrix2x2", "payoffs": [[[62,0],[73,38]],[[56,3],[0,24]]]},
"G864": {"type": "Matrix2x2", "payoffs": [[[0,0],[76,13]],[[77,29],[78,62]]]},
"G865": {"type": "Matrix2x2", "payoffs": [[[14,0],[1,2]],[[45,62],[0,55]]]},
"G866": {"type": "Matrix2x2", "payoffs": [[[17,0],[52,3]],[[74,30],[0,17]]]},
"G867": {"type": "Matrix2x2", "payoffs": [[[28,62],[0,38]],[[11,0],[8,34]]]},
"G868": {"type": "Matrix2x2", "payoffs": [[[16,6],[18,0]],[[36,19],[0,9]]]},
"G869": {"type": "Matrix2x2", "payoffs": [[[7,14],[0,0]],[[96,28],[60,25]]]},
"G870": {"type": "Matrix2x2", "payoffs": [[[35,0],[8,27]],[[0,25],[57,47]]]},
"G871": {"type": "Matrix2x2", "payoffs": [[[25,20],[0,0]],[[35,69],[28,59]]]},
"G872": {"type": "Matrix2x2", "payoffs": [[[2,50],[23,99]],[[10,18],[0,0]]]},
"G873": {"type": "Matrix2x2", "payoffs": [[[25,5],[17,2]],[[7,1],[0,0]]]},
"G874": {"type": "Matrix2x2", "payoffs": [[[1,11],[6,7]],[[0,0],[7,16]]]},
"G875": {"type": "Matrix2x2", "payoffs": [[[47,12],[60,57]],[[0,0],[28,11]]]},
"G876": {"type": "Matrix2x2", "payoffs": [[[0,10],[81,27]],[[9,0],[68,26]]]},
"G877": {"type": "Matrix2x2", "payoffs": [[[86,0],[98,22]],[[82,14],[0,2]]]},
"G878": {"type": "Matrix2x2", "payoffs": [[[3,29],[18,67]],[[0,7],[6,0]]]},
"G879": {"type": "Matrix2x2", "payoffs": [[[10,0],[0,7]],[[83,43],[20,15]]]},
"G880": {"type": "Matrix2x2", "payoffs": [[[13,100],[11,8]],[[0,0],[10,84]]]},
"G881": {"type": "Matrix2x2", "payoffs": [[[28,46],[20,0]],[[0,22],[16,24]]]},
"G882": {"type": "Matrix2x2", "payoffs": [[[77,87],[18,31]],[[32,63],[0,0]]]},
"G883": {"type": "Matrix2x2", "payoffs": [[[3,0],[39,4]],[[33,1],[0,3]]]},
"G884": {"type": "Matrix2x2", "payoffs": [[[23,44],[35,28]],[[0,0],[40,80]]]},
"G885": {"type": "Matrix2x2", "payoffs": [[[0,0],[17,95]],[[8,40],[12,74]]]},
"G886": {"type": "Matrix2x2", "payoffs": [[[6,29],[9,40]],[[10,88],[0,0]]]},
"G887": {"type": "Matrix2x2", "payoffs": [[[22,60],[45,52]],[[0,0],[49,61]]]},
"G888": {"type": "Matrix2x2", "payoffs": [[[43,90],[0,34]],[[6,23],[23,0]]]},
"G889": {"type": "Matrix2x2", "payoffs": [[[35,64],[19,17]],[[0,21],[15,0]]]},
"G890": {"type": "Matrix2x2", "payoffs": [[[18,41],[21,3]],[[0,0],[43,71]]]},
"G891": {"type": "Matrix2x2", "payoffs": [[[21,3],[0,12]],[[43,0],[62,13]]]},
"G892": {"type": "Matrix2x2", "payoffs": [[[0,4],[29,14]],[[1,0],[56,83]]]},
"G893": {"type": "Matrix2x2", "payoffs": [[[0,12],[5,5]],[[21,0],[49,50]]]},
"G894": {"type": "Matrix2x2", "payoffs": [[[34,14],[0,0]],[[82,31],[27,3]]]},
"G895": {"type": "Matrix2x2", "payoffs": [[[0,9],[30,0]],[[20,18],[31,24]]]},
"G896": {"type": "Matrix2x2", "payoffs": [[[83,32],[0,30]],[[81,24],[52,0]]]},
"G897": {"type": "Matrix2x2", "payoffs": [[[8,63],[5,60]],[[0,17],[7,0]]]},
"G898": {"type": "Matrix2x2", "payoffs": [[[42,40],[0,12]],[[43,0],[90,52]]]},
"G899": {"type": "Matrix2x2", "payoffs": [[[0,28],[8,22]],[[1,0],[31,34]]]},
"G900": {"type": "Matrix2x2", "payoffs": [[[65,28],[64,0]],[[37,19],[0,16]]]},
"G901": {"type": "Matrix2x2", "payoffs": [[[12,28],[5,14]],[[2,9],[0,0]]]},
"G902": {"type": "Matrix2x2", "payoffs": [[[84,33],[26,0]],[[56,1],[0,26]]]},
"G903": {"type": "Matrix2x2", "payoffs": [[[4,0],[13,64]],[[28,73],[0,68]]]},
"G904": {"type": "Matrix2x2", "payoffs": [[[6,2],[9,12]],[[1,0],[0,3]]]},
"G905": {"type": "Matrix2x2", "payoffs": [[[0,21],[14,6]],[[22,0],[23,36]]]},
"G906": {"type": "Matrix2x2", "payoffs": [[[0,1],[7,15]],[[9,72],[5,0]]]},
"G907": {"type": "Matrix2x2", "payoffs": [[[97,59],[0,34]],[[44,55],[9,0]]]},
"G908": {"type": "Matrix2x2", "payoffs": [[[7,9],[0,40]],[[17,0],[31,62]]]},
"G909": {"type": "Matrix2x2", "payoffs": [[[0,34],[1,53]],[[63,95],[49,0]]]},
"G910": {"type": "Matrix2x2", "payoffs": [[[23,0],[38,55]],[[0,49],[11,10]]]},
"G911": {"type": "Matrix2x2", "payoffs": [[[0,45],[16,0]],[[41,71],[17,66]]]},
"G912": {"type": "Matrix2x2", "payoffs": [[[76,62],[0,18]],[[29,35],[6,0]]]},
"G913": {"type": "Matrix2x2", "payoffs": [[[7,21],[22,0]],[[0,30],[25,33]]]},
"G914": {"type": "Matrix2x2", "payoffs": [[[0,6],[7,48]],[[19,0],[36,63]]]},
"G915": {"type": "Matrix2x2", "payoffs": [[[22,12],[0,26]],[[1,0],[34,92]]]},
"G916": {"type": "Matrix2x2", "payoffs": [[[33,74],[40,75]],[[0,46],[39,0]]]},
"G917": {"type": "Matrix2x2", "payoffs": [[[0,70],[3,0]],[[62,79],[35,53]]]},
"G918": {"type": "Matrix2x2", "payoffs": [[[0,0],[28,25]],[[98,79],[85,57]]]},
"G919": {"type": "Matrix2x2", "payoffs": [[[64,47],[24,39]],[[5,10],[0,0]]]},
"G920": {"type": "Matrix2x2", "payoffs": [[[16,11],[0,25]],[[10,0],[23,71]]]},
"G921": {"type": "Matrix2x2", "payoffs": [[[14,75],[25,92]],[[0,49],[17,0]]]},
"G922": {"type": "Matrix2x2", "payoffs": [[[78,84],[0,40]],[[85,91],[74,0]]]},
"G923": {"type": "Matrix2x2", "payoffs": [[[69,0],[0,3]],[[93,78],[35,37]]]},
"G924": {"type": "Matrix2x2", "payoffs": [[[82,77],[0,12]],[[18,0],[58,11]]]},
"G925": {"type": "Matrix2x2", "payoffs": [[[0,0],[32,7]],[[31,3],[8,6]]]},
"G926": {"type": "Matrix2x2", "payoffs": [[[76,15],[40,0]],[[45,2],[0,11]]]},
"G927": {"type": "Matrix2x2", "payoffs": [[[4,0],[10,100]],[[8,69],[0,63]]]},
"G928": {"type": "Matrix2x2", "payoffs": [[[69,32],[21,0]],[[0,27],[7,18]]]},
"G929": {"type": "Matrix2x2", "payoffs": [[[80,79],[64,75]],[[0,27],[18,0]]]},
"G930": {"type": "Matrix2x2", "payoffs": [[[14,41],[0,0]],[[38,57],[44,66]]]},
"G931": {"type": "Matrix2x2", "payoffs": [[[0,0],[37,25]],[[38,96],[16,87]]]},
"G932": {"type": "Matrix2x2", "payoffs": [[[6,11],[1,0]],[[0,8],[4,6]]]},
"G933": {"type": "Matrix2x2", "payoffs": [[[0,32],[89,64]],[[77,0],[59,12]]]},
"G934": {"type": "Matrix2x2", "payoffs": [[[0,0],[32,69]],[[64,70],[3,44]]]},
"G935": {"type": "Matrix2x2", "payoffs": [[[79,69],[0,20]],[[33,18],[10,0]]]},
"G936": {"type": "Matrix2x2", "payoffs": [[[0,28],[87,0]],[[92,81],[14,61]]]},
"G937": {"type": "Matrix2x2", "payoffs": [[[10,7],[0,2]],[[6,0],[13,30]]]},
"G938": {"type": "Matrix2x2", "payoffs": [[[0,4],[27,7]],[[19,5],[12,0]]]},
"G939": {"type": "Matrix2x2", "payoffs": [[[0,3],[50,95]],[[14,62],[43,0]]]},
"G940": {"type": "Matrix2x2", "payoffs": [[[25,64],[79,0]],[[0,27],[83,92]]]},
"G941": {"type": "Matrix2x2", "payoffs": [[[56,48],[33,26]],[[23,21],[0,0]]]},
"G942": {"type": "Matrix2x2", "payoffs": [[[62,38],[38,0]],[[0,1],[82,74]]]},
"G943": {"type": "Matrix2x2", "payoffs": [[[29,0],[45,34]],[[0,23],[37,16]]]},
"G944": {"type": "Matrix2x2", "payoffs": [[[53,40],[0,0]],[[36,28],[58,41]]]},
"G945": {"type": "Matrix2x2", "payoffs": [[[0,31],[4,87]],[[2,2],[3,0]]]},
"G946": {"type": "Matrix2x2", "payoffs": [[[66,12],[39,0]],[[76,75],[0,38]]]},
"G947": {"type": "Matrix2x2", "payoffs": [[[9,24],[29,49]],[[2,0],[0,33]]]},
"G948": {"type": "Matrix2x2", "payoffs": [[[6,5],[48,6]],[[0,4],[29,0]]]},
"G949": {"type": "Matrix2x2", "payoffs": [[[3,16],[0,11]],[[2,0],[1,6]]]},
"G950": {"type": "Matrix2x2", "payoffs": [[[39,0],[93,19]],[[0,18],[68,13]]]},
"G951": {"type": "Matrix2x2", "payoffs": [[[69,100],[67,91]],[[0,0],[66,20]]]},
"G952": {"type": "Matrix2x2", "payoffs": [[[69,0],[75,72]],[[19,61],[0,5]]]},
"G953": {"type": "Matrix2x2", "payoffs": [[[52,0],[99,61]],[[0,37],[39,40]]]},
"G954": {"type": "Matrix2x2", "payoffs": [[[71,16],[0,2]],[[24,0],[13,10]]]},
"G955": {"type": "Matrix2x2", "payoffs": [[[0,49],[81,29]],[[91,56],[7,0]]]},
"G956": {"type": "Matrix2x2", "payoffs": [[[0,14],[21,0]],[[18,21],[28,53]]]},
"G957": {"type": "Matrix2x2", "payoffs": [[[18,98],[13,0]],[[0,57],[6,82]]]},
"G958": {"type": "Matrix2x2", "payoffs": [[[39,0],[77,36]],[[0,35],[64,12]]]},
"G959": {"type": "Matrix2x2", "payoffs": [[[0,40],[56,48]],[[27,0],[14,33]]]},
"G960": {"type": "Matrix2x2", "payoffs": [[[55,58],[24,36]],[[23,0],[0,13]]]},
"G961": {"type": "Matrix2x2", "payoffs": [[[12,4],[0,0]],[[17,41],[7,23]]]},
"G962": {"type": "Matrix2x2", "payoffs": [[[63,0],[0,29]],[[43,8],[65,34]]]},
"G963": {"type": "Matrix2x2", "payoffs": [[[17,72],[11,46]],[[9,68],[0,0]]]},
"G964": {"type": "Matrix2x2", "payoffs": [[[92,8],[2,0]],[[98,18],[0,17]]]},
"G965": {"type": "Matrix2x2", "payoffs": [[[0,14],[4,13]],[[11,0],[23,21]]]},
"G966": {"type": "Matrix2x2", "payoffs": [[[26,86],[14,0]],[[5,20],[0,19]]]},
"G967": {"type": "Matrix2x2", "payoffs": [[[3,0],[1,32]],[[0,11],[7,95]]]},
"G968": {"type": "Matrix2x2", "payoffs": [[[20,0],[0,70]],[[32,81],[10,73]]]},
"G969": {"type": "Matrix2x2", "payoffs": [[[8,0],[3,18]],[[13,73],[0,63]]]},
"G970": {"type": "Matrix2x2", "payoffs": [[[51,86],[72,87]],[[0,0],[61,57]]]},
"G971": {"type": "Matrix2x2", "payoffs": [[[0,25],[22,55]],[[21,20],[4,0]]]},
"G972": {"type": "Matrix2x2", "payoffs": [[[22,33],[19,8]],[[0,0],[58,57]]]},
"G973": {"type": "Matrix2x2", "payoffs": [[[12,22],[0,0]],[[59,25],[44,2]]]},
"G974": {"type": "Matrix2x2", "payoffs": [[[21,0],[11,15]],[[0,4],[89,32]]]},
"G975": {"type": "Matrix2x2", "payoffs": [[[41,16],[7,12]],[[0,8],[16,0]]]},
"G976": {"type": "Matrix2x2", "payoffs": [[[0,89],[4,92]],[[2,56],[1,0]]]},
"G977": {"type": "Matrix2x2", "payoffs": [[[25,80],[1,69]],[[0,12],[24,0]]]},
"G978": {"type": "Matrix2x2", "payoffs": [[[11,12],[10,10]],[[0,0],[12,19]]]},
"G979": {"type": "Matrix2x2", "payoffs": [[[55,88],[13,0]],[[2,67],[0,16]]]},
"G980": {"type": "Matrix2x2", "payoffs": [[[37,0],[0,1]],[[67,4],[17,3]]]},
"G981": {"type": "Matrix2x2", "payoffs": [[[58,25],[8,0]],[[28,13],[0,11]]]},
"G982": {"type": "Matrix2x2", "payoffs": [[[0,0],[12,7]],[[7,21],[22,35]]]},
"G983": {"type": "Matrix2x2", "payoffs": [[[36,53],[31,18]],[[15,0],[0,12]]]},
"G984": {"type": "Matrix2x2", "payoffs": [[[0,78],[6,44]],[[96,81],[23,0]]]},
"G985": {"type": "Matrix2x2", "payoffs": [[[55,43],[88,50]],[[0,0],[34,15]]]},
"G986": {"type": "Matrix2x2", "payoffs": [[[0,39],[7,33]],[[14,56],[4,0]]]},
"G987": {"type": "Matrix2x2", "payoffs": [[[0,15],[2,39]],[[9,57],[3,0]]]},
"G988": {"type": "Matrix2x2", "payoffs": [[[68,0],[75,65]],[[0,9],[61,45]]]},
"G989": {"type": "Matrix2x2", "payoffs": [[[2,1],[4,71]],[[21,86],[0,0]]]},
"G990": {"type": "Matrix2x2", "payoffs": [[[38,44],[87,49]],[[0,0],[12,31]]]},
"G991": {"type": "Matrix2x2", "payoffs": [[[7,3],[2,0]],[[0,77],[50,95]]]},
"G992": {"type": "Matrix2x2", "payoffs": [[[0,0],[2,48]],[[17,25],[24,88]]]},
"G993": {"type": "Matrix2x2", "payoffs": [[[2,48],[6,67]],[[0,20],[5,0]]]},
"G994": {"type": "Matrix2x2", "payoffs": [[[41,0],[92,88]],[[0,74],[58,44]]]},
"G995": {"type": "Matrix2x2", "payoffs": [[[26,57],[0,0]],[[5,46],[37,63]]]},
"G996": {"type": "Matrix2x2", "payoffs": [[[38,8],[17,7]],[[89,69],[0,0]]]},
"G997": {"type": "Matrix2x2", "payoffs": [[[30,0],[56,83]],[[35,23],[0,52]]]},
"G998": {"type": "Matrix2x2", "payoffs": [[[24,8],[0,0]],[[28,9],[10,4]]]},
"G999": {"type": "Matrix2x2", "payoffs": [[[64,12],[0,19]],[[74,25],[71,0]]]},
"G1000": {"type": "Matrix2x2", "payoffs": [[[35,36],[98,55]],[[71,26],[0,0]]]}
}