{
"numGames": 1000,
"G1": {"type": "Matrix2x2", "payoffs": [[[15,30],[0,19]],[[13,22],[1,0]]]},
"G2": {"type": "Matrix2x2", "payoffs": [[[30,28],[20,21]],[[0,0],[18,18]]]},
"G3": {"type": "Matrix2x2", "payoffs": [[[12,8],[51,12]],[[19,0],[0,3]]]},
"G4": {"type": "Matrix2x2", "payoffs": [[[30,0],[0,2]],[[92,17],[45,9]]]},
"G5": {"type": "Matrix2x2", "payoffs": [[[5,34],[19,90]],[[0,48],[4,0]]]},
"G6": {"type": "Matrix2x2", "payoffs": [[[16,16],[17,28]],[[3,0],[0,4]]]},
"G7": {"type": "Matrix2x2", "payoffs": [[[57,26],[24,35]],[[71,46],[0,0]]]},
"G8": {"type": "Matrix2x2", "payoffs": [[[48,27],[0,0]],[[28,49],[50,51]]]},
"G9": {"type": "Matrix2x2", "payoffs": [[[22,79],[9,0]],[[0,24],[13,23]]]},
"G10": {"type": "Matrix2x2", "payoffs": [[[0,36],[51,41]],[[27,38],[24,0]]]},
"G11": {"type": "Matrix2x2", "payoffs": [[[6,3],[2,0]],[[9,5],[0,1]]]},
"G12": {"type": "Matrix2x2", "payoffs": [[[56,12],[14,0]],[[0,10],[36,6]]]},
"G13": {"type": "Matrix2x2", "payoffs": [[[13,0],[0,23]],[[94,33],[31,3]]]},
"G14": {"type": "Matrix2x2", "payoffs": [[[44,80],[6,26]],[[0,41],[3,0]]]},
"G15": {"type": "Matrix2x2", "payoffs": [[[48,20],[15,0]],[[0,10],[60,27]]]},
"G16": {"type": "Matrix2x2", "payoffs": [[[26,0],[0,20]],[[37,22],[39,74]]]},
"G17": {"type": "Matrix2x2", "payoffs": [[[34,56],[0,0]],[[5,35],[8,41]]]},
"G18": {"type": "Matrix2x2", "payoffs": [[[6,39],[0,34]],[[3,0],[5,10]]]},
"G19": {"type": "Matrix2x2", "payoffs": [[[83,7],[54,1]],[[0,0],[30,3]]]},
"G20": {"type": "Matrix2x2", "payoffs": [[[94,49],[55,0]],[[0,11],[92,23]]]},
"G21": {"type": "Matrix2x2", "payoffs": [[[17,5],[0,28]],[[14,0],[26,32]]]},
"G22": {"type": "Matrix2x2", "payoffs": [[[3,8],[56,28]],[[0,0],[41,19]]]},
"G23": {"type": "Matrix2x2", "payoffs": [[[24,14],[18,0]],[[53,33],[0,8]]]},
"G24": {"type": "Matrix2x2", "payoffs": [[[44,74],[0,0]],[[62,51],[91,86]]]},
"G25": {"type": "Matrix2x2", "payoffs": [[[61,3],[49,1]],[[0,0],[13,2]]]},
"G26": {"type": "Matrix2x2", "payoffs": [[[0,3],[34,0]],[[5,1],[96,5]]]},
"G27": {"type": "Matrix2x2", "payoffs": [[[0,3],[16,93]],[[15,52],[1,0]]]},
"G28": {"type": "Matrix2x2", "payoffs": [[[0,9],[12,7]],[[24,12],[13,0]]]},
"G29": {"type": "Matrix2x2", "payoffs": [[[55,9],[75,15]],[[0,7],[34,0]]]},
"G30": {"type": "Matrix2x2", "payoffs": [[[10,7],[17,0]],[[25,22],[0,1]]]},
"G31": {"type": "Matrix2x2", "payoffs": [[[93,27],[45,0]],[[0,21],[49,17]]]},
"G32": {"type": "Matrix2x2", "payoffs": [[[19,45],[1,0]],[[0,53],[20,92]]]},
"G33": {"type": "Matrix2x2", "payoffs": [[[82,5],[92,42]],[[0,30],[60,0]]]},
"G34": {"type": "Matrix2x2", "payoffs": [[[42,9],[0,17]],[[19,0],[73,28]]]},
"G35": {"type": "Matrix2x2", "payoffs": [[[42,25],[0,10]],[[45,0],[73,31]]]},
"G36": {"type": "Matrix2x2", "payoffs": [[[17,0],[71,80]],[[9,61],[0,35]]]},
"G37": {"type": "Matrix2x2", "payoffs": [[[99,23],[0,0]],[[62,17],[22,13]]]},
"G38": {"type": "Matrix2x2", "payoffs": [[[65,4],[88,6]],[[39,0],[0,1]]]},
"G39": {"type": "Matrix2x2", "payoffs": [[[59,15],[47,8]],[[36,0],[0,5]]]},
"G40": {"type": "Matrix2x2", "payoffs": [[[0,74],[93,98]],[[8,0],[15,29]]]},
"G41": {"type": "Matrix2x2", "payoffs": [[[23,0],[25,22]],[[0,6],[42,64]]]},
"G42": {"type": "Matrix2x2", "payoffs": [[[0,0],[33,80]],[[16,48],[22,16]]]},
"G43": {"type": "Matrix2x2", "payoffs": [[[6,66],[30,0]],[[0,24],[48,68]]]},
"G44": {"type": "Matrix2x2", "payoffs": [[[2,5],[63,20]],[[34,0],[0,2]]]},
"G45": {"type": "Matrix2x2", "payoffs": [[[1,0],[0,32]],[[19,33],[37,57]]]},
"G46": {"type": "Matrix2x2", "payoffs": [[[2,37],[0,64]],[[4,86],[3,0]]]},
"G47": {"type": "Matrix2x2", "payoffs": [[[0,6],[71,0]],[[29,2],[83,33]]]},
"G48": {"type": "Matrix2x2", "payoffs": [[[3,91],[1,0]],[[2,11],[0,26]]]},
"G49": {"type": "Matrix2x2", "payoffs": [[[19,87],[0,0]],[[9,18],[15,80]]]},
"G50": {"type": "Matrix2x2", "payoffs": [[[73,79],[0,0]],[[47,44],[8,37]]]},
"G51": {"type": "Matrix2x2", "payoffs": [[[97,24],[0,20]],[[87,13],[79,0]]]},
"G52": {"type": "Matrix2x2", "payoffs": [[[25,0],[7,32]],[[34,88],[0,74]]]},
"G53": {"type": "Matrix2x2", "payoffs": [[[58,73],[0,0]],[[52,47],[43,42]]]},
"G54": {"type": "Matrix2x2", "payoffs": [[[4,7],[26,0]],[[0,5],[31,11]]]},
"G55": {"type": "Matrix2x2", "payoffs": [[[9,0],[12,14]],[[17,50],[0,22]]]},
"G56": {"type": "Matrix2x2", "payoffs": [[[6,0],[0,81]],[[19,96],[8,61]]]},
"G57": {"type": "Matrix2x2", "payoffs": [[[0,46],[71,13]],[[94,89],[27,0]]]},
"G58": {"type": "Matrix2x2", "payoffs": [[[0,16],[84,63]],[[8,37],[79,0]]]},
"G59": {"type": "Matrix2x2", "payoffs": [[[0,0],[16,31]],[[67,23],[71,64]]]},
"G60": {"type": "Matrix2x2", "payoffs": [[[0,36],[2,52]],[[75,0],[78,55]]]},
"G61": {"type": "Matrix2x2", "payoffs": [[[55,87],[0,0]],[[22,12],[39,74]]]},
"G62": {"type": "Matrix2x2", "payoffs": [[[33,0],[42,45]],[[15,23],[0,25]]]},
"G63": {"type": "Matrix2x2", "payoffs": [[[84,39],[75,0]],[[53,9],[0,38]]]},
"G64": {"type": "Matrix2x2", "payoffs": [[[88,0],[44,1]],[[0,3],[91,4]]]},
"G65": {"type": "Matrix2x2", "payoffs": [[[11,0],[14,69]],[[15,91],[0,46]]]},
"G66": {"type": "Matrix2x2", "payoffs": [[[0,2],[5,0]],[[12,3],[15,24]]]},
"G67": {"type": "Matrix2x2", "payoffs": [[[25,2],[0,40]],[[75,49],[66,0]]]},
"G68": {"type": "Matrix2x2", "payoffs": [[[44,86],[47,0]],[[63,98],[0,40]]]},
"G69": {"type": "Matrix2x2", "payoffs": [[[13,0],[38,42]],[[0,26],[63,86]]]},
"G70": {"type": "Matrix2x2", "payoffs": [[[17,21],[3,0]],[[0,4],[13,17]]]},
"G71": {"type": "Matrix2x2", "payoffs": [[[97,50],[92,39]],[[5,28],[0,0]]]},
"G72": {"type": "Matrix2x2", "payoffs": [[[0,7],[28,2]],[[34,41],[33,0]]]},
"G73": {"type": "Matrix2x2", "payoffs": [[[11,70],[0,72]],[[77,75],[52,0]]]},
"G74": {"type": "Matrix2x2", "payoffs": [[[65,41],[25,19]],[[0,0],[5,8]]]},
"G75": {"type": "Matrix2x2", "payoffs": [[[42,0],[77,94]],[[49,64],[0,78]]]},
"G76": {"type": "Matrix2x2", "payoffs": [[[40,5],[56,14]],[[24,7],[0,0]]]},
"G77": {"type": "Matrix2x2", "payoffs": [[[0,38],[13,16]],[[10,0],[58,96]]]},
"G78": {"type": "Matrix2x2", "payoffs": [[[93,83],[26,16]],[[0,0],[61,46]]]},
"G79": {"type": "Matrix2x2", "payoffs": [[[29,0],[0,31]],[[6,35],[35,49]]]},
"G80": {"type": "Matrix2x2", "payoffs": [[[96,67],[0,13]],[[80,0],[21,62]]]},
"G81": {"type": "Matrix2x2", "payoffs": [[[36,30],[7,40]],[[0,0],[54,52]]]},
"G82": {"type": "Matrix2x2", "payoffs": [[[3,0],[0,10]],[[4,14],[2,6]]]},
"G83": {"type": "Matrix2x2", "payoffs": [[[62,44],[51,4]],[[42,3],[0,0]]]},
"G84": {"type": "Matrix2x2", "payoffs": [[[0,10],[5,17]],[[3,7],[2,0]]]},
"G85": {"type": "Matrix2x2", "payoffs": [[[35,1],[100,13]],[[73,10],[0,0]]]},
"G86": {"type": "Matrix2x2", "payoffs": [[[6,13],[0,8]],[[31,45],[24,0]]]},
"G87": {"type": "Matrix2x2", "payoffs": [[[44,64],[10,6]],[[0,53],[30,0]]]},
"G88": {"type": "Matrix2x2", "payoffs": [[[0,1],[8,0]],[[24,34],[3,2]]]},
"G89": {"type": "Matrix2x2", "payoffs": [[[20,3],[84,4]],[[41,1],[0,0]]]},
"G90": {"type": "Matrix2x2", "payoffs": [[[0,25],[28,39]],[[13,0],[2,9]]]},
"G91": {"type": "Matrix2x2", "payoffs": [[[0,40],[14,60]],[[10,22],[9,0]]]},
"G92": {"type": "Matrix2x2", "payoffs": [[[0,0],[37,38]],[[58,94],[18,7]]]},
"G93": {"type": "Matrix2x2", "payoffs": [[[66,0],[75,25]],[[59,19],[0,12]]]},
"G94": {"type": "Matrix2x2", "payoffs": [[[39,21],[0,0]],[[74,7],[92,46]]]},
"G95": {"type": "Matrix2x2", "payoffs": [[[30,58],[0,56]],[[20,53],[26,0]]]},
"G96": {"type": "Matrix2x2", "payoffs": [[[15,8],[0,0]],[[28,12],[29,50]]]},
"G97": {"type": "Matrix2x2", "payoffs": [[[0,6],[14,15]],[[12,0],[10,5]]]},
"G98": {"type": "Matrix2x2", "payoffs": [[[0,4],[85,2]],[[33,0],[88,5]]]},
"G99": {"type": "Matrix2x2", "payoffs": [[[66,8],[85,16]],[[0,0],[67,7]]]},
"G100": {"type": "Matrix2x2", "payoffs": [[[66,0],[71,15]],[[51,12],[0,9]]]},
"G101": {"type": "Matrix2x2", "payoffs": [[[0,0],[52,4]],[[31,1],[11,2]]]},
"G102": {"type": "Matrix2x2", "payoffs": [[[4,15],[3,14]],[[0,13],[2,0]]]},
"G103": {"type": "Matrix2x2", "payoffs": [[[90,64],[12,59]],[[0,0],[22,42]]]},
"G104": {"type": "Matrix2x2", "payoffs": [[[83,35],[0,14]],[[75,0],[52,16]]]},
"G105": {"type": "Matrix2x2", "payoffs": [[[66,37],[72,0]],[[88,57],[0,47]]]},
"G106": {"type": "Matrix2x2", "payoffs": [[[61,11],[8,0]],[[86,70],[0,39]]]},
"G107": {"type": "Matrix2x2", "payoffs": [[[0,9],[3,78]],[[79,0],[80,95]]]},
"G108": {"type": "Matrix2x2", "payoffs": [[[73,82],[23,29]],[[0,0],[66,70]]]},
"G109": {"type": "Matrix2x2", "payoffs": [[[27,0],[0,33]],[[3,14],[55,40]]]},
"G110": {"type": "Matrix2x2", "payoffs": [[[46,0],[14,7]],[[0,45],[90,50]]]},
"G111": {"type": "Matrix2x2", "payoffs": [[[26,32],[48,81]],[[4,58],[0,0]]]},
"G112": {"type": "Matrix2x2", "payoffs": [[[25,0],[0,37]],[[35,27],[39,79]]]},
"G113": {"type": "Matrix2x2", "payoffs": [[[0,56],[40,86]],[[31,68],[18,0]]]},
"G114": {"type": "Matrix2x2", "payoffs": [[[0,3],[20,13]],[[17,0],[10,5]]]},
"G115": {"type": "Matrix2x2", "payoffs": [[[17,64],[3,57]],[[0,0],[39,68]]]},
"G116": {"type": "Matrix2x2", "payoffs": [[[48,15],[23,0]],[[97,27],[0,18]]]},
"G117": {"type": "Matrix2x2", "payoffs": [[[0,0],[1,11]],[[29,12],[11,3]]]},
"G118": {"type": "Matrix2x2", "payoffs": [[[73,25],[51,9]],[[84,73],[0,0]]]},
"G119": {"type": "Matrix2x2", "payoffs": [[[35,1],[0,0]],[[48,10],[5,9]]]},
"G120": {"type": "Matrix2x2", "payoffs": [[[0,24],[82,89]],[[27,18],[29,0]]]},
"G121": {"type": "Matrix2x2", "payoffs": [[[52,9],[5,7]],[[0,2],[14,0]]]},
"G122": {"type": "Matrix2x2", "payoffs": [[[0,0],[46,43]],[[32,5],[54,60]]]},
"G123": {"type": "Matrix2x2", "payoffs": [[[0,10],[42,64]],[[22,0],[10,12]]]},
"G124": {"type": "Matrix2x2", "payoffs": [[[10,23],[15,98]],[[11,51],[0,0]]]},
"G125": {"type": "Matrix2x2", "payoffs": [[[0,44],[7,0]],[[12,81],[6,57]]]},
"G126": {"type": "Matrix2x2", "payoffs": [[[9,11],[22,70]],[[13,0],[0,10]]]},
"G127": {"type": "Matrix2x2", "payoffs": [[[9,0],[5,11]],[[11,21],[0,16]]]},
"G128": {"type": "Matrix2x2", "payoffs": [[[2,10],[0,0]],[[11,78],[8,34]]]},
"G129": {"type": "Matrix2x2", "payoffs": [[[10,2],[0,67]],[[14,81],[9,0]]]},
"G130": {"type": "Matrix2x2", "payoffs": [[[30,0],[90,81]],[[70,8],[0,17]]]},
"G131": {"type": "Matrix2x2", "payoffs": [[[7,0],[39,18]],[[0,16],[9,2]]]},
"G132": {"type": "Matrix2x2", "payoffs": [[[0,39],[33,0]],[[55,61],[40,32]]]},
"G133": {"type": "Matrix2x2", "payoffs": [[[6,0],[0,71]],[[10,39],[12,91]]]},
"G134": {"type": "Matrix2x2", "payoffs": [[[0,2],[18,6]],[[14,5],[16,0]]]},
"G135": {"type": "Matrix2x2", "payoffs": [[[12,26],[30,88]],[[13,0],[0,83]]]},
"G136": {"type": "Matrix2x2", "payoffs": [[[39,67],[0,45]],[[14,0],[5,58]]]},
"G137": {"type": "Matrix2x2", "payoffs": [[[0,38],[26,0]],[[25,15],[85,89]]]},
"G138": {"type": "Matrix2x2", "payoffs": [[[16,86],[0,0]],[[5,79],[10,42]]]},
"G139": {"type": "Matrix2x2", "payoffs": [[[12,1],[0,0]],[[6,45],[70,50]]]},
"G140": {"type": "Matrix2x2", "payoffs": [[[0,0],[17,23]],[[36,28],[13,22]]]},
"G141": {"type": "Matrix2x2", "payoffs": [[[5,22],[93,97]],[[29,0],[0,56]]]},
"G142": {"type": "Matrix2x2", "payoffs": [[[52,1],[64,15]],[[0,10],[11,0]]]},
"G143": {"type": "Matrix2x2", "payoffs": [[[0,0],[65,68]],[[32,37],[40,58]]]},
"G144": {"type": "Matrix2x2", "payoffs": [[[15,56],[11,0]],[[64,92],[0,27]]]},
"G145": {"type": "Matrix2x2", "payoffs": [[[37,0],[32,26]],[[57,42],[0,27]]]},
"G146": {"type": "Matrix2x2", "payoffs": [[[0,0],[25,4]],[[56,59],[20,29]]]},
"G147": {"type": "Matrix2x2", "payoffs": [[[26,0],[33,1]],[[37,5],[0,2]]]},
"G148": {"type": "Matrix2x2", "payoffs": [[[25,0],[41,51]],[[0,14],[24,11]]]},
"G149": {"type": "Matrix2x2", "payoffs": [[[10,4],[0,1]],[[43,0],[46,5]]]},
"G150": {"type": "Matrix2x2", "payoffs": [[[76,88],[74,28]],[[68,75],[0,0]]]},
"G151": {"type": "Matrix2x2", "payoffs": [[[48,39],[0,0]],[[33,6],[31,5]]]},
"G152": {"type": "Matrix2x2", "payoffs": [[[1,28],[8,0]],[[11,34],[0,13]]]},
"G153": {"type": "Matrix2x2", "payoffs": [[[0,4],[55,0]],[[28,13],[95,92]]]},
"G154": {"type": "Matrix2x2", "payoffs": [[[37,88],[0,81]],[[35,38],[12,0]]]},
"G155": {"type": "Matrix2x2", "payoffs": [[[50,10],[53,55]],[[1,30],[0,0]]]},
"G156": {"type": "Matrix2x2", "payoffs": [[[5,22],[34,24]],[[58,29],[0,0]]]},
"G157": {"type": "Matrix2x2", "payoffs": [[[2,24],[5,17]],[[0,0],[6,34]]]},
"G158": {"type": "Matrix2x2", "payoffs": [[[0,7],[10,0]],[[11,28],[6,20]]]},
"G159": {"type": "Matrix2x2", "payoffs": [[[21,16],[0,0]],[[96,58],[59,19]]]},
"G160": {"type": "Matrix2x2", "payoffs": [[[0,26],[77,11]],[[90,66],[2,0]]]},
"G161": {"type": "Matrix2x2", "payoffs": [[[26,36],[11,20]],[[13,0],[0,33]]]},
"G162": {"type": "Matrix2x2", "payoffs": [[[7,0],[0,58]],[[14,63],[5,52]]]},
"G163": {"type": "Matrix2x2", "payoffs": [[[75,35],[0,0]],[[74,30],[13,16]]]},
"G164": {"type": "Matrix2x2", "payoffs": [[[0,1],[37,0]],[[41,24],[24,16]]]},
"G165": {"type": "Matrix2x2", "payoffs": [[[3,27],[0,16]],[[1,0],[2,5]]]},
"G166": {"type": "Matrix2x2", "payoffs": [[[0,0],[2,39]],[[6,19],[8,63]]]},
"G167": {"type": "Matrix2x2", "payoffs": [[[0,1],[6,0]],[[16,49],[14,18]]]},
"G168": {"type": "Matrix2x2", "payoffs": [[[56,28],[25,50]],[[83,69],[0,0]]]},
"G169": {"type": "Matrix2x2", "payoffs": [[[3,0],[55,49]],[[92,60],[0,11]]]},
"G170": {"type": "Matrix2x2", "payoffs": [[[38,15],[80,28]],[[2,0],[0,19]]]},
"G171": {"type": "Matrix2x2", "payoffs": [[[0,36],[2,56]],[[1,0],[3,74]]]},
"G172": {"type": "Matrix2x2", "payoffs": [[[50,0],[56,39]],[[54,16],[0,3]]]},
"G173": {"type": "Matrix2x2", "payoffs": [[[48,5],[2,8]],[[49,11],[0,0]]]},
"G174": {"type": "Matrix2x2", "payoffs": [[[0,21],[53,0]],[[61,10],[76,31]]]},
"G175": {"type": "Matrix2x2", "payoffs": [[[11,3],[5,1]],[[0,0],[22,5]]]},
"G176": {"type": "Matrix2x2", "payoffs": [[[46,0],[93,96]],[[27,28],[0,90]]]},
"G177": {"type": "Matrix2x2", "payoffs": [[[0,4],[57,38]],[[9,0],[11,25]]]},
"G178": {"type": "Matrix2x2", "payoffs": [[[81,68],[44,60]],[[6,0],[0,62]]]},
"G179": {"type": "Matrix2x2", "payoffs": [[[0,13],[19,0]],[[33,96],[10,2]]]},
"G180": {"type": "Matrix2x2", "payoffs": [[[32,28],[0,0]],[[12,10],[34,58]]]},
"G181": {"type": "Matrix2x2", "payoffs": [[[66,0],[96,9]],[[0,2],[50,3]]]},
"G182": {"type": "Matrix2x2", "payoffs": [[[0,0],[2,2]],[[3,9],[5,48]]]},
"G183": {"type": "Matrix2x2", "payoffs": [[[30,0],[0,15]],[[37,82],[6,33]]]},
"G184": {"type": "Matrix2x2", "payoffs": [[[45,13],[25,2]],[[38,8],[0,0]]]},
"G185": {"type": "Matrix2x2", "payoffs": [[[31,59],[32,68]],[[0,10],[28,0]]]},
"G186": {"type": "Matrix2x2", "payoffs": [[[98,3],[36,1]],[[32,0],[0,2]]]},
"G187": {"type": "Matrix2x2", "payoffs": [[[2,0],[13,14]],[[14,31],[0,25]]]},
"G188": {"type": "Matrix2x2", "payoffs": [[[100,5],[0,2]],[[47,0],[40,1]]]},
"G189": {"type": "Matrix2x2", "payoffs": [[[62,0],[80,84]],[[43,37],[0,34]]]},
"G190": {"type": "Matrix2x2", "payoffs": [[[65,20],[40,0]],[[0,50],[82,97]]]},
"G191": {"type": "Matrix2x2", "payoffs": [[[3,74],[1,14]],[[2,0],[0,17]]]},
"G192": {"type": "Matrix2x2", "payoffs": [[[30,1],[34,4]],[[4,2],[0,0]]]},
"G193": {"type": "Matrix2x2", "payoffs": [[[48,1],[0,0]],[[42,5],[65,8]]]},
"G194": {"type": "Matrix2x2", "payoffs": [[[0,85],[46,35]],[[69,0],[77,92]]]},
"G195": {"type": "Matrix2x2", "payoffs": [[[45,21],[13,6]],[[0,2],[29,0]]]},
"G196": {"type": "Matrix2x2", "payoffs": [[[3,1],[45,17]],[[42,0],[0,11]]]},
"G197": {"type": "Matrix2x2", "payoffs": [[[0,50],[29,0]],[[62,55],[21,2]]]},
"G198": {"type": "Matrix2x2", "payoffs": [[[10,0],[56,5]],[[76,23],[0,16]]]},
"G199": {"type": "Matrix2x2", "payoffs": [[[0,3],[56,21]],[[40,20],[20,0]]]},
"G200": {"type": "Matrix2x2", "payoffs": [[[34,77],[0,43]],[[26,57],[15,0]]]},
"G201": {"type": "Matrix2x2", "payoffs": [[[2,0],[0,72]],[[3,88],[1,5]]]},
"G202": {"type": "Matrix2x2", "payoffs": [[[21,53],[0,0]],[[15,38],[91,87]]]},
"G203": {"type": "Matrix2x2", "payoffs": [[[61,3],[29,0]],[[0,22],[81,65]]]},
"G204": {"type": "Matrix2x2", "payoffs": [[[35,29],[0,18]],[[39,0],[43,31]]]},
"G205": {"type": "Matrix2x2", "payoffs": [[[90,66],[60,0]],[[80,4],[0,24]]]},
"G206": {"type": "Matrix2x2", "payoffs": [[[8,5],[0,0]],[[39,16],[51,26]]]},
"G207": {"type": "Matrix2x2", "payoffs": [[[0,56],[3,88]],[[4,90],[1,0]]]},
"G208": {"type": "Matrix2x2", "payoffs": [[[26,0],[0,46]],[[20,11],[28,47]]]},
"G209": {"type": "Matrix2x2", "payoffs": [[[68,23],[83,40]],[[36,21],[0,0]]]},
"G210": {"type": "Matrix2x2", "payoffs": [[[16,2],[0,0]],[[74,12],[39,1]]]},
"G211": {"type": "Matrix2x2", "payoffs": [[[34,0],[3,18]],[[0,16],[56,23]]]},
"G212": {"type": "Matrix2x2", "payoffs": [[[25,10],[41,70]],[[14,0],[0,67]]]},
"G213": {"type": "Matrix2x2", "payoffs": [[[51,51],[12,50]],[[0,24],[32,0]]]},
"G214": {"type": "Matrix2x2", "payoffs": [[[14,46],[0,29]],[[8,6],[1,0]]]},
"G215": {"type": "Matrix2x2", "payoffs": [[[55,0],[75,22]],[[0,20],[8,2]]]},
"G216": {"type": "Matrix2x2", "payoffs": [[[0,38],[15,16]],[[17,0],[22,60]]]},
"G217": {"type": "Matrix2x2", "payoffs": [[[2,21],[1,42]],[[7,79],[0,0]]]},
"G218": {"type": "Matrix2x2", "payoffs": [[[0,13],[57,2]],[[9,0],[66,19]]]},
"G219": {"type": "Matrix2x2", "payoffs": [[[52,46],[0,63]],[[34,0],[53,90]]]},
"G220": {"type": "Matrix2x2", "payoffs": [[[23,95],[11,16]],[[0,74],[21,0]]]},
"G221": {"type": "Matrix2x2", "payoffs": [[[7,5],[3,4]],[[55,19],[0,0]]]},
"G222": {"type": "Matrix2x2", "payoffs": [[[0,63],[1,0]],[[23,54],[43,64]]]},
"G223": {"type": "Matrix2x2", "payoffs": [[[70,22],[0,2]],[[53,6],[24,0]]]},
"G224": {"type": "Matrix2x2", "payoffs": [[[66,2],[0,0]],[[71,7],[16,5]]]},
"G225": {"type": "Matrix2x2", "payoffs": [[[72,91],[62,0]],[[67,66],[0,8]]]},
"G226": {"type": "Matrix2x2", "payoffs": [[[83,17],[31,0]],[[40,1],[0,16]]]},
"G227": {"type": "Matrix2x2", "payoffs": [[[1,0],[0,75]],[[3,81],[13,97]]]},
"G228": {"type": "Matrix2x2", "payoffs": [[[9,10],[0,0]],[[42,14],[76,35]]]},
"G229": {"type": "Matrix2x2", "payoffs": [[[0,0],[31,20]],[[33,58],[17,57]]]},
"G230": {"type": "Matrix2x2", "payoffs": [[[64,15],[3,0]],[[0,12],[48,11]]]},
"G231": {"type": "Matrix2x2", "payoffs": [[[26,74],[10,65]],[[0,39],[4,0]]]},
"G232": {"type": "Matrix2x2", "payoffs": [[[10,77],[0,0]],[[8,20],[5,12]]]},
"G233": {"type": "Matrix2x2", "payoffs": [[[0,36],[67,0]],[[69,54],[54,41]]]},
"G234": {"type": "Matrix2x2", "payoffs": [[[22,18],[0,0]],[[4,14],[2,6]]]},
"G235": {"type": "Matrix2x2", "payoffs": [[[7,0],[20,82]],[[14,2],[0,26]]]},
"G236": {"type": "Matrix2x2", "payoffs": [[[62,81],[50,0]],[[47,50],[0,38]]]},
"G237": {"type": "Matrix2x2", "payoffs": [[[18,0],[30,84]],[[3,2],[0,48]]]},
"G238": {"type": "Matrix2x2", "payoffs": [[[11,36],[56,75]],[[0,54],[22,0]]]},
"G239": {"type": "Matrix2x2", "payoffs": [[[46,9],[17,0]],[[0,1],[50,10]]]},
"G240": {"type": "Matrix2x2", "payoffs": [[[2,21],[3,73]],[[0,61],[1,0]]]},
"G241": {"type": "Matrix2x2", "payoffs": [[[35,66],[0,81]],[[14,0],[92,92]]]},
"G242": {"type": "Matrix2x2", "payoffs": [[[51,95],[36,74]],[[22,0],[0,38]]]},
"G243": {"type": "Matrix2x2", "payoffs": [[[11,5],[4,0]],[[0,15],[40,21]]]},
"G244": {"type": "Matrix2x2", "payoffs": [[[43,6],[0,0]],[[45,3],[58,38]]]},
"G245": {"type": "Matrix2x2", "payoffs": [[[45,97],[30,4]],[[0,0],[23,70]]]},
"G246": {"type": "Matrix2x2", "payoffs": [[[4,3],[63,0]],[[0,4],[76,12]]]},
"G247": {"type": "Matrix2x2", "payoffs": [[[0,73],[2,0]],[[1,61],[4,76]]]},
"G248": {"type": "Matrix2x2", "payoffs": [[[4,0],[2,16]],[[0,14],[7,24]]]},
"G249": {"type": "Matrix2x2", "payoffs": [[[19,81],[7,25]],[[0,0],[16,1]]]},
"G250": {"type": "Matrix2x2", "payoffs": [[[1,15],[0,0]],[[38,64],[20,5]]]},
"G251": {"type": "Matrix2x2", "payoffs": [[[0,9],[16,0]],[[22,24],[38,46]]]},
"G252": {"type": "Matrix2x2", "payoffs": [[[69,15],[0,0]],[[74,29],[50,22]]]},
"G253": {"type": "Matrix2x2", "payoffs": [[[39,31],[54,33]],[[23,4],[0,0]]]},
"G254": {"type": "Matrix2x2", "payoffs": [[[22,83],[9,76]],[[12,0],[0,16]]]},
"G255": {"type": "Matrix2x2", "payoffs": [[[44,69],[41,28]],[[0,0],[23,54]]]},
"G256": {"type": "Matrix2x2", "payoffs": [[[0,75],[22,0]],[[35,76],[23,46]]]},
"G257": {"type": "Matrix2x2", "payoffs": [[[64,18],[0,7]],[[45,0],[22,4]]]},
"G258": {"type": "Matrix2x2", "payoffs": [[[19,56],[5,0]],[[0,41],[14,48]]]},
"G259": {"type": "Matrix2x2", "payoffs": [[[0,0],[49,4]],[[74,5],[77,9]]]},
"G260": {"type": "Matrix2x2", "payoffs": [[[72,100],[26,23]],[[12,76],[0,0]]]},
"G261": {"type": "Matrix2x2", "payoffs": [[[8,62],[1,0]],[[0,29],[4,7]]]},
"G262": {"type": "Matrix2x2", "payoffs": [[[26,12],[0,0]],[[21,28],[64,42]]]},
"G263": {"type": "Matrix2x2", "payoffs": [[[33,10],[79,11]],[[0,0],[91,14]]]},
"G264": {"type": "Matrix2x2", "payoffs": [[[87,48],[74,0]],[[0,11],[66,35]]]},
"G265": {"type": "Matrix2x2", "payoffs": [[[33,4],[84,68]],[[0,21],[66,0]]]},
"G266": {"type": "Matrix2x2", "payoffs": [[[22,16],[0,0]],[[54,42],[25,32]]]},
"G267": {"type": "Matrix2x2", "payoffs": [[[19,40],[16,37]],[[11,28],[0,0]]]},
"G268": {"type": "Matrix2x2", "payoffs": [[[40,56],[30,0]],[[0,48],[22,1]]]},
"G269": {"type": "Matrix2x2", "payoffs": [[[32,0],[0,4]],[[27,16],[49,95]]]},
"G270": {"type": "Matrix2x2", "payoffs": [[[0,16],[29,0]],[[38,31],[28,19]]]},
"G271": {"type": "Matrix2x2", "payoffs": [[[0,82],[61,0]],[[77,88],[39,25]]]},
"G272": {"type": "Matrix2x2", "payoffs": [[[21,5],[69,20]],[[0,0],[33,2]]]},
"G273": {"type": "Matrix2x2", "payoffs": [[[61,0],[69,74]],[[12,68],[0,51]]]},
"G274": {"type": "Matrix2x2", "payoffs": [[[79,17],[33,11]],[[0,0],[66,10]]]},
"G275": {"type": "Matrix2x2", "payoffs": [[[5,40],[20,88]],[[3,43],[0,0]]]},
"G276": {"type": "Matrix2x2", "payoffs": [[[2,54],[3,98]],[[0,62],[1,0]]]},
"G277": {"type": "Matrix2x2", "payoffs": [[[0,0],[61,37]],[[88,25],[98,46]]]},
"G278": {"type": "Matrix2x2", "payoffs": [[[0,0],[53,55]],[[27,11],[25,35]]]},
"G279": {"type": "Matrix2x2", "payoffs": [[[95,34],[0,15]],[[81,9],[3,0]]]},
"G280": {"type": "Matrix2x2", "payoffs": [[[0,2],[57,6]],[[16,0],[35,5]]]},
"G281": {"type": "Matrix2x2", "payoffs": [[[25,4],[96,12]],[[40,10],[0,0]]]},
"G282": {"type": "Matrix2x2", "payoffs": [[[3,0],[16,66]],[[0,40],[12,15]]]},
"G283": {"type": "Matrix2x2", "payoffs": [[[51,45],[0,8]],[[4,0],[43,2]]]},
"G284": {"type": "Matrix2x2", "payoffs": [[[9,0],[2,26]],[[0,19],[17,31]]]},
"G285": {"type": "Matrix2x2", "payoffs": [[[0,0],[47,22]],[[67,74],[41,7]]]},
"G286": {"type": "Matrix2x2", "payoffs": [[[0,32],[20,0]],[[44,58],[25,43]]]},
"G287": {"type": "Matrix2x2", "payoffs": [[[25,25],[7,0]],[[0,17],[44,43]]]},
"G288": {"type": "Matrix2x2", "payoffs": [[[64,61],[0,0]],[[41,44],[10,10]]]},
"G289": {"type": "Matrix2x2", "payoffs": [[[35,0],[0,38]],[[82,53],[80,16]]]},
"G290": {"type": "Matrix2x2", "payoffs": [[[7,35],[19,66]],[[12,0],[0,28]]]},
"G291": {"type": "Matrix2x2", "payoffs": [[[45,46],[18,13]],[[37,2],[0,0]]]},
"G292": {"type": "Matrix2x2", "payoffs": [[[0,10],[8,0]],[[99,62],[44,50]]]},
"G293": {"type": "Matrix2x2", "payoffs": [[[34,0],[0,1]],[[2,18],[36,25]]]},
"G294": {"type": "Matrix2x2", "payoffs": [[[25,99],[0,87]],[[4,0],[9,18]]]},
"G295": {"type": "Matrix2x2", "payoffs": [[[3,0],[7,11]],[[1,4],[0,2]]]},
"G296": {"type": "Matrix2x2", "payoffs": [[[47,0],[0,50]],[[50,87],[25,86]]]},
"G297": {"type": "Matrix2x2", "payoffs": [[[61,6],[0,0]],[[34,3],[40,5]]]},
"G298": {"type": "Matrix2x2", "payoffs": [[[55,0],[10,22]],[[57,42],[0,28]]]},
"G299": {"type": "Matrix2x2", "payoffs": [[[41,0],[20,30]],[[0,81],[43,88]]]},
"G300": {"type": "Matrix2x2", "payoffs": [[[2,1],[14,17]],[[10,4],[0,0]]]},
"G301": {"type": "Matrix2x2", "payoffs": [[[19,12],[54,69]],[[21,0],[0,62]]]},
"G302": {"type": "Matrix2x2", "payoffs": [[[97,36],[0,0]],[[48,18],[89,22]]]},
"G303": {"type": "Matrix2x2", "payoffs": [[[13,0],[27,12]],[[0,11],[4,6]]]},
"G304": {"type": "Matrix2x2", "payoffs": [[[27,8],[14,0]],[[0,41],[78,77]]]},
"G305": {"type": "Matrix2x2", "payoffs": [[[1,72],[4,40]],[[0,0],[30,76]]]},
"G306": {"type": "Matrix2x2", "payoffs": [[[2,21],[1,0]],[[0,3],[3,34]]]},
"G307": {"type": "Matrix2x2", "payoffs": [[[46,5],[0,4]],[[33,0],[20,1]]]},
"G308": {"type": "Matrix2x2", "payoffs": [[[65,25],[0,42]],[[69,49],[61,0]]]},
"G309": {"type": "Matrix2x2", "payoffs": [[[60,55],[28,0]],[[0,4],[52,36]]]},
"G310": {"type": "Matrix2x2", "payoffs": [[[14,10],[16,0]],[[0,69],[24,79]]]},
"G311": {"type": "Matrix2x2", "payoffs": [[[0,0],[49,2]],[[30,24],[67,80]]]},
"G312": {"type": "Matrix2x2", "payoffs": [[[22,0],[38,77]],[[65,79],[0,47]]]},
"G313": {"type": "Matrix2x2", "payoffs": [[[0,16],[36,15]],[[92,44],[51,0]]]},
"G314": {"type": "Matrix2x2", "payoffs": [[[30,0],[0,6]],[[59,9],[45,5]]]},
"G315": {"type": "Matrix2x2", "payoffs": [[[0,0],[55,70]],[[91,84],[51,42]]]},
"G316": {"type": "Matrix2x2", "payoffs": [[[0,0],[6,27]],[[57,35],[22,11]]]},
"G317": {"type": "Matrix2x2", "payoffs": [[[41,1],[77,5]],[[30,0],[0,4]]]},
"G318": {"type": "Matrix2x2", "payoffs": [[[96,91],[95,76]],[[20,67],[0,0]]]},
"G319": {"type": "Matrix2x2", "payoffs": [[[96,70],[4,0]],[[40,12],[0,66]]]},
"G320": {"type": "Matrix2x2", "payoffs": [[[99,5],[0,3]],[[27,0],[98,4]]]},
"G321": {"type": "Matrix2x2", "payoffs": [[[0,3],[4,0]],[[29,4],[53,8]]]},
"G322": {"type": "Matrix2x2", "payoffs": [[[0,78],[96,93]],[[82,30],[21,0]]]},
"G323": {"type": "Matrix2x2", "payoffs": [[[12,64],[7,26]],[[0,0],[14,91]]]},
"G324": {"type": "Matrix2x2", "payoffs": [[[35,4],[37,0]],[[0,2],[45,7]]]},
"G325": {"type": "Matrix2x2", "payoffs": [[[14,8],[28,0]],[[0,6],[61,40]]]},
"G326": {"type": "Matrix2x2", "payoffs": [[[3,0],[14,91]],[[18,92],[0,22]]]},
"G327": {"type": "Matrix2x2", "payoffs": [[[42,57],[0,55]],[[4,0],[57,72]]]},
"G328": {"type": "Matrix2x2", "payoffs": [[[0,4],[41,0]],[[6,8],[73,89]]]},
"G329": {"type": "Matrix2x2", "payoffs": [[[42,0],[33,30]],[[0,17],[64,46]]]},
"G330": {"type": "Matrix2x2", "payoffs": [[[34,0],[0,10]],[[35,17],[39,34]]]},
"G331": {"type": "Matrix2x2", "payoffs": [[[31,14],[10,0]],[[0,57],[35,63]]]},
"G332": {"type": "Matrix2x2", "payoffs": [[[68,83],[0,71]],[[25,0],[60,18]]]},
"G333": {"type": "Matrix2x2", "payoffs": [[[30,0],[31,32]],[[23,21],[0,8]]]},
"G334": {"type": "Matrix2x2", "payoffs": [[[43,36],[55,38]],[[0,37],[29,0]]]},
"G335": {"type": "Matrix2x2", "payoffs": [[[37,28],[0,29]],[[53,84],[27,0]]]},
"G336": {"type": "Matrix2x2", "payoffs": [[[0,0],[39,93]],[[35,83],[25,64]]]},
"G337": {"type": "Matrix2x2", "payoffs": [[[2,0],[3,15]],[[4,26],[0,2]]]},
"G338": {"type": "Matrix2x2", "payoffs": [[[89,0],[100,60]],[[80,25],[0,26]]]},
"G339": {"type": "Matrix2x2", "payoffs": [[[36,0],[0,11]],[[51,48],[23,41]]]},
"G340": {"type": "Matrix2x2", "payoffs": [[[91,10],[30,7]],[[64,0],[0,3]]]},
"G341": {"type": "Matrix2x2", "payoffs": [[[76,0],[92,24]],[[69,22],[0,21]]]},
"G342": {"type": "Matrix2x2", "payoffs": [[[34,30],[30,0]],[[0,84],[73,89]]]},
"G343": {"type": "Matrix2x2", "payoffs": [[[0,0],[18,27]],[[23,82],[11,57]]]},
"G344": {"type": "Matrix2x2", "payoffs": [[[18,0],[0,16]],[[51,12],[52,17]]]},
"G345": {"type": "Matrix2x2", "payoffs": [[[0,0],[14,44]],[[13,47],[30,70]]]},
"G346": {"type": "Matrix2x2", "payoffs": [[[0,0],[11,9]],[[24,84],[13,38]]]},
"G347": {"type": "Matrix2x2", "payoffs": [[[0,67],[47,72]],[[4,69],[38,0]]]},
"G348": {"type": "Matrix2x2", "payoffs": [[[35,4],[59,7]],[[0,2],[41,0]]]},
"G349": {"type": "Matrix2x2", "payoffs": [[[14,88],[5,42]],[[0,82],[12,0]]]},
"G350": {"type": "Matrix2x2", "payoffs": [[[30,67],[4,0]],[[0,7],[18,5]]]},
"G351": {"type": "Matrix2x2", "payoffs": [[[34,71],[20,16]],[[24,14],[0,0]]]},
"G352": {"type": "Matrix2x2", "payoffs": [[[4,1],[2,2]],[[5,3],[0,0]]]},
"G353": {"type": "Matrix2x2", "payoffs": [[[23,73],[15,59]],[[0,0],[18,64]]]},
"G354": {"type": "Matrix2x2", "payoffs": [[[40,29],[8,6]],[[0,0],[34,10]]]},
"G355": {"type": "Matrix2x2", "payoffs": [[[96,80],[49,0]],[[0,7],[36,41]]]},
"G356": {"type": "Matrix2x2", "payoffs": [[[12,49],[56,88]],[[0,24],[28,0]]]},
"G357": {"type": "Matrix2x2", "payoffs": [[[2,56],[12,97]],[[0,0],[6,89]]]},
"G358": {"type": "Matrix2x2", "payoffs": [[[21,0],[18,8]],[[33,32],[0,21]]]},
"G359": {"type": "Matrix2x2", "payoffs": [[[16,1],[42,12]],[[0,0],[7,8]]]},
"G360": {"type": "Matrix2x2", "payoffs": [[[17,0],[0,41]],[[12,19],[28,52]]]},
"G361": {"type": "Matrix2x2", "payoffs": [[[21,0],[56,40]],[[29,22],[0,20]]]},
"G362": {"type": "Matrix2x2", "payoffs": [[[13,11],[0,0]],[[5,10],[14,37]]]},
"G363": {"type": "Matrix2x2", "payoffs": [[[100,64],[26,58]],[[10,43],[0,0]]]},
"G364": {"type": "Matrix2x2", "payoffs": [[[0,37],[9,0]],[[60,62],[37,54]]]},
"G365": {"type": "Matrix2x2", "payoffs": [[[46,3],[62,48]],[[22,0],[0,7]]]},
"G366": {"type": "Matrix2x2", "payoffs": [[[56,40],[0,0]],[[18,31],[11,3]]]},
"G367": {"type": "Matrix2x2", "payoffs": [[[42,48],[0,0]],[[51,64],[25,38]]]},
"G368": {"type": "Matrix2x2", "payoffs": [[[0,5],[18,4]],[[55,0],[74,49]]]},
"G369": {"type": "Matrix2x2", "payoffs": [[[0,9],[9,17]],[[2,0],[80,30]]]},
"G370": {"type": "Matrix2x2", "payoffs": [[[17,6],[0,7]],[[69,14],[33,0]]]},
"G371": {"type": "Matrix2x2", "payoffs": [[[97,38],[0,6]],[[32,11],[50,0]]]},
"G372": {"type": "Matrix2x2", "payoffs": [[[3,0],[2,17]],[[0,12],[15,26]]]},
"G373": {"type": "Matrix2x2", "payoffs": [[[4,18],[36,32]],[[26,0],[0,5]]]},
"G374": {"type": "Matrix2x2", "payoffs": [[[6,0],[13,25]],[[0,21],[28,49]]]},
"G375": {"type": "Matrix2x2", "payoffs": [[[7,3],[90,9]],[[0,0],[62,7]]]},
"G376": {"type": "Matrix2x2", "payoffs": [[[38,49],[51,11]],[[0,0],[73,66]]]},
"G377": {"type": "Matrix2x2", "payoffs": [[[24,0],[0,4]],[[79,40],[29,1]]]},
"G378": {"type": "Matrix2x2", "payoffs": [[[3,12],[0,0]],[[4,16],[15,82]]]},
"G379": {"type": "Matrix2x2", "payoffs": [[[11,45],[2,87]],[[23,95],[0,0]]]},
"G380": {"type": "Matrix2x2", "payoffs": [[[32,88],[8,0]],[[0,63],[25,64]]]},
"G381": {"type": "Matrix2x2", "payoffs": [[[23,53],[66,81]],[[0,0],[27,64]]]},
"G382": {"type": "Matrix2x2", "payoffs": [[[7,100],[6,0]],[[0,56],[2,43]]]},
"G383": {"type": "Matrix2x2", "payoffs": [[[34,17],[14,15]],[[0,0],[25,7]]]},
"G384": {"type": "Matrix2x2", "payoffs": [[[0,85],[6,0]],[[12,58],[47,87]]]},
"G385": {"type": "Matrix2x2", "payoffs": [[[3,97],[0,47]],[[1,0],[2,40]]]},
"G386": {"type": "Matrix2x2", "payoffs": [[[70,73],[0,0]],[[41,5],[48,24]]]},
"G387": {"type": "Matrix2x2", "payoffs": [[[75,49],[0,23]],[[42,0],[46,2]]]},
"G388": {"type": "Matrix2x2", "payoffs": [[[22,0],[75,1]],[[86,96],[0,87]]]},
"G389": {"type": "Matrix2x2", "payoffs": [[[79,0],[0,15]],[[90,90],[41,30]]]},
"G390": {"type": "Matrix2x2", "payoffs": [[[56,8],[0,1]],[[25,0],[45,2]]]},
"G391": {"type": "Matrix2x2", "payoffs": [[[44,25],[0,0]],[[31,7],[89,38]]]},
"G392": {"type": "Matrix2x2", "payoffs": [[[57,87],[0,70]],[[18,0],[3,69]]]},
"G393": {"type": "Matrix2x2", "payoffs": [[[0,0],[3,11]],[[65,15],[61,9]]]},
"G394": {"type": "Matrix2x2", "payoffs": [[[35,58],[37,8]],[[62,73],[0,0]]]},
"G395": {"type": "Matrix2x2", "payoffs": [[[0,22],[46,48]],[[8,18],[23,0]]]},
"G396": {"type": "Matrix2x2", "payoffs": [[[59,10],[0,6]],[[56,1],[31,0]]]},
"G397": {"type": "Matrix2x2", "payoffs": [[[0,19],[4,0]],[[3,7],[14,23]]]},
"G398": {"type": "Matrix2x2", "payoffs": [[[44,58],[0,45]],[[15,20],[35,0]]]},
"G399": {"type": "Matrix2x2", "payoffs": [[[26,81],[6,0]],[[38,85],[0,20]]]},
"G400": {"type": "Matrix2x2", "payoffs": [[[0,70],[4,59]],[[37,0],[47,85]]]},
"G401": {"type": "Matrix2x2", "payoffs": [[[87,35],[0,17]],[[81,0],[14,3]]]},
"G402": {"type": "Matrix2x2", "payoffs": [[[16,33],[99,38]],[[27,0],[0,2]]]},
"G403": {"type": "Matrix2x2", "payoffs": [[[43,49],[10,25]],[[0,0],[24,13]]]},
"G404": {"type": "Matrix2x2", "payoffs": [[[0,2],[42,0]],[[8,4],[67,7]]]},
"G405": {"type": "Matrix2x2", "payoffs": [[[13,23],[0,0]],[[29,28],[17,6]]]},
"G406": {"type": "Matrix2x2", "payoffs": [[[12,0],[0,64]],[[2,5],[86,67]]]},
"G407": {"type": "Matrix2x2", "payoffs": [[[0,0],[36,25]],[[26,14],[15,13]]]},
"G408": {"type": "Matrix2x2", "payoffs": [[[4,0],[10,99]],[[8,53],[0,10]]]},
"G409": {"type": "Matrix2x2", "payoffs": [[[1,40],[8,80]],[[0,28],[7,0]]]},
"G410": {"type": "Matrix2x2", "payoffs": [[[24,48],[0,0]],[[25,24],[46,52]]]},
"G411": {"type": "Matrix2x2", "payoffs": [[[60,30],[0,21]],[[94,37],[15,0]]]},
"G412": {"type": "Matrix2x2", "payoffs": [[[27,21],[0,0]],[[38,19],[40,27]]]},
"G413": {"type": "Matrix2x2", "payoffs": [[[41,0],[0,36]],[[68,99],[20,74]]]},
"G414": {"type": "Matrix2x2", "payoffs": [[[100,69],[0,60]],[[57,0],[9,58]]]},
"G415": {"type": "Matrix2x2", "payoffs": [[[15,0],[0,6]],[[13,1],[19,7]]]},
"G416": {"type": "Matrix2x2", "payoffs": [[[0,2],[49,4]],[[83,16],[5,0]]]},
"G417": {"type": "Matrix2x2", "payoffs": [[[27,0],[51,21]],[[0,40],[100,47]]]},
"G418": {"type": "Matrix2x2", "payoffs": [[[13,6],[0,0]],[[87,45],[17,33]]]},
"G419": {"type": "Matrix2x2", "payoffs": [[[1,0],[8,5]],[[0,18],[10,19]]]},
"G420": {"type": "Matrix2x2", "payoffs": [[[93,47],[2,0]],[[0,31],[46,4]]]},
"G421": {"type": "Matrix2x2", "payoffs": [[[26,30],[59,56]],[[55,44],[0,0]]]},
"G422": {"type": "Matrix2x2", "payoffs": [[[16,40],[6,74]],[[25,81],[0,0]]]},
"G423": {"type": "Matrix2x2", "payoffs": [[[0,9],[42,0]],[[65,19],[8,12]]]},
"G424": {"type": "Matrix2x2", "payoffs": [[[34,24],[0,14]],[[3,0],[45,47]]]},
"G425": {"type": "Matrix2x2", "payoffs": [[[76,41],[13,4]],[[0,0],[100,62]]]},
"G426": {"type": "Matrix2x2", "payoffs": [[[46,41],[0,2]],[[56,57],[51,0]]]},
"G427": {"type": "Matrix2x2", "payoffs": [[[3,87],[0,0]],[[4,98],[2,59]]]},
"G428": {"type": "Matrix2x2", "payoffs": [[[0,20],[28,27]],[[6,0],[25,12]]]},
"G429": {"type": "Matrix2x2", "payoffs": [[[24,58],[22,0]],[[21,22],[0,4]]]},
"G430": {"type": "Matrix2x2", "payoffs": [[[5,0],[0,8]],[[4,75],[18,99]]]},
"G431": {"type": "Matrix2x2", "payoffs": [[[34,37],[7,18]],[[12,0],[0,20]]]},
"G432": {"type": "Matrix2x2", "payoffs": [[[46,0],[11,61]],[[0,35],[54,65]]]},
"G433": {"type": "Matrix2x2", "payoffs": [[[7,21],[0,0]],[[2,5],[5,16]]]},
"G434": {"type": "Matrix2x2", "payoffs": [[[11,37],[12,0]],[[0,59],[18,66]]]},
"G435": {"type": "Matrix2x2", "payoffs": [[[52,89],[0,70]],[[26,64],[11,0]]]},
"G436": {"type": "Matrix2x2", "payoffs": [[[60,54],[46,53]],[[0,12],[9,0]]]},
"G437": {"type": "Matrix2x2", "payoffs": [[[0,0],[65,8]],[[55,7],[14,2]]]},
"G438": {"type": "Matrix2x2", "payoffs": [[[54,3],[0,0]],[[34,1],[89,4]]]},
"G439": {"type": "Matrix2x2", "payoffs": [[[29,11],[6,0]],[[7,5],[0,9]]]},
"G440": {"type": "Matrix2x2", "payoffs": [[[29,33],[0,0]],[[90,84],[7,23]]]},
"G441": {"type": "Matrix2x2", "payoffs": [[[11,0],[39,22]],[[0,11],[5,17]]]},
"G442": {"type": "Matrix2x2", "payoffs": [[[0,7],[35,4]],[[7,0],[86,19]]]},
"G443": {"type": "Matrix2x2", "payoffs": [[[0,9],[28,38]],[[12,29],[18,0]]]},
"G444": {"type": "Matrix2x2", "payoffs": [[[0,20],[78,72]],[[48,0],[18,55]]]},
"G445": {"type": "Matrix2x2", "payoffs": [[[51,72],[0,0]],[[30,69],[39,6]]]},
"G446": {"type": "Matrix2x2", "payoffs": [[[44,11],[14,10]],[[0,0],[77,17]]]},
"G447": {"type": "Matrix2x2", "payoffs": [[[4,41],[6,0]],[[16,100],[0,20]]]},
"G448": {"type": "Matrix2x2", "payoffs": [[[0,0],[68,41]],[[55,14],[39,4]]]},
"G449": {"type": "Matrix2x2", "payoffs": [[[11,19],[47,85]],[[46,0],[0,22]]]},
"G450": {"type": "Matrix2x2", "payoffs": [[[36,79],[6,20]],[[29,28],[0,0]]]},
"G451": {"type": "Matrix2x2", "payoffs": [[[8,27],[22,0]],[[0,20],[44,41]]]},
"G452": {"type": "Matrix2x2", "payoffs": [[[53,0],[6,59]],[[0,14],[72,71]]]},
"G453": {"type": "Matrix2x2", "payoffs": [[[33,4],[0,1]],[[55,0],[76,46]]]},
"G454": {"type": "Matrix2x2", "payoffs": [[[35,32],[0,0]],[[70,39],[28,18]]]},
"G455": {"type": "Matrix2x2", "payoffs": [[[12,15],[0,0]],[[23,7],[29,50]]]},
"G456": {"type": "Matrix2x2", "payoffs": [[[0,43],[64,84]],[[15,0],[59,35]]]},
"G457": {"type": "Matrix2x2", "payoffs": [[[0,10],[69,26]],[[41,0],[44,13]]]},
"G458": {"type": "Matrix2x2", "payoffs": [[[63,0],[64,67]],[[30,39],[0,10]]]},
"G459": {"type": "Matrix2x2", "payoffs": [[[24,57],[30,0]],[[0,50],[31,81]]]},
"G460": {"type": "Matrix2x2", "payoffs": [[[11,29],[0,0]],[[25,99],[14,80]]]},
"G461": {"type": "Matrix2x2", "payoffs": [[[36,48],[0,40]],[[4,0],[28,46]]]},
"G462": {"type": "Matrix2x2", "payoffs": [[[2,34],[24,32]],[[0,0],[32,70]]]},
"G463": {"type": "Matrix2x2", "payoffs": [[[0,42],[35,0]],[[22,61],[51,86]]]},
"G464": {"type": "Matrix2x2", "payoffs": [[[19,4],[50,26]],[[72,39],[0,0]]]},
"G465": {"type": "Matrix2x2", "payoffs": [[[0,0],[68,57]],[[1,48],[3,24]]]},
"G466": {"type": "Matrix2x2", "payoffs": [[[5,29],[0,0]],[[17,97],[7,67]]]},
"G467": {"type": "Matrix2x2", "payoffs": [[[18,46],[42,75]],[[11,0],[0,4]]]},
"G468": {"type": "Matrix2x2", "payoffs": [[[76,0],[4,51]],[[78,69],[0,63]]]},
"G469": {"type": "Matrix2x2", "payoffs": [[[26,6],[0,10]],[[50,44],[17,0]]]},
"G470": {"type": "Matrix2x2", "payoffs": [[[0,0],[19,4]],[[28,15],[74,21]]]},
"G471": {"type": "Matrix2x2", "payoffs": [[[12,0],[6,5]],[[22,17],[0,11]]]},
"G472": {"type": "Matrix2x2", "payoffs": [[[0,19],[15,29]],[[14,28],[5,0]]]},
"G473": {"type": "Matrix2x2", "payoffs": [[[25,21],[12,0]],[[0,29],[35,71]]]},
"G474": {"type": "Matrix2x2", "payoffs": [[[82,33],[0,27]],[[35,14],[72,0]]]},
"G475": {"type": "Matrix2x2", "payoffs": [[[36,17],[47,46]],[[0,11],[18,0]]]},
"G476": {"type": "Matrix2x2", "payoffs": [[[1,30],[0,42]],[[4,0],[11,49]]]},
"G477": {"type": "Matrix2x2", "payoffs": [[[3,61],[7,67]],[[2,5],[0,0]]]},
"G478": {"type": "Matrix2x2", "payoffs": [[[53,43],[18,6]],[[0,0],[48,10]]]},
"G479": {"type": "Matrix2x2", "payoffs": [[[15,7],[9,0]],[[0,5],[5,6]]]},
"G480": {"type": "Matrix2x2", "payoffs": [[[30,0],[0,7]],[[14,16],[40,20]]]},
"G481": {"type": "Matrix2x2", "payoffs": [[[10,37],[40,34]],[[0,0],[74,68]]]},
"G482": {"type": "Matrix2x2", "payoffs": [[[0,0],[32,18]],[[33,92],[1,85]]]},
"G483": {"type": "Matrix2x2", "payoffs": [[[43,71],[11,15]],[[0,0],[17,20]]]},
"G484": {"type": "Matrix2x2", "payoffs": [[[15,0],[0,17]],[[16,33],[9,18]]]},
"G485": {"type": "Matrix2x2", "payoffs": [[[19,44],[39,57]],[[0,0],[20,45]]]},
"G486": {"type": "Matrix2x2", "payoffs": [[[48,0],[0,60]],[[77,84],[49,47]]]},
"G487": {"type": "Matrix2x2", "payoffs": [[[4,68],[1,29]],[[2,0],[0,67]]]},
"G488": {"type": "Matrix2x2", "payoffs": [[[19,1],[0,0]],[[18,9],[45,18]]]},
"G489": {"type": "Matrix2x2", "payoffs": [[[0,28],[3,0]],[[6,36],[2,35]]]},
"G490": {"type": "Matrix2x2", "payoffs": [[[58,0],[33,50]],[[90,68],[0,42]]]},
"G491": {"type": "Matrix2x2", "payoffs": [[[86,46],[65,5]],[[10,0],[0,41]]]},
"G492": {"type": "Matrix2x2", "payoffs": [[[66,28],[34,52]],[[0,0],[67,62]]]},
"G493": {"type": "Matrix2x2", "payoffs": [[[68,87],[20,79]],[[55,0],[0,67]]]},
"G494": {"type": "Matrix2x2", "payoffs": [[[55,31],[0,28]],[[16,4],[18,0]]]},
"G495": {"type": "Matrix2x2", "payoffs": [[[0,2],[43,0]],[[66,46],[18,20]]]},
"G496": {"type": "Matrix2x2", "payoffs": [[[3,47],[1,19]],[[0,0],[2,29]]]},
"G497": {"type": "Matrix2x2", "payoffs": [[[59,27],[18,2]],[[0,14],[15,0]]]},
"G498": {"type": "Matrix2x2", "payoffs": [[[24,16],[0,4]],[[14,13],[22,0]]]},
"G499": {"type": "Matrix2x2", "payoffs": [[[34,30],[26,20]],[[24,0],[0,8]]]},
"G500": {"type": "Matrix2x2", "payoffs": [[[0,0],[4,38]],[[7,29],[10,40]]]},
"G501": {"type": "Matrix2x2", "payoffs": [[[3,24],[9,1]],[[0,0],[16,51]]]},
"G502": {"type": "Matrix2x2", "payoffs": [[[4,32],[0,0]],[[68,58],[74,74]]]},
"G503": {"type": "Matrix2x2", "payoffs": [[[10,57],[15,84]],[[7,0],[0,69]]]},
"G504": {"type": "Matrix2x2", "payoffs": [[[11,30],[0,29]],[[20,0],[26,32]]]},
"G505": {"type": "Matrix2x2", "payoffs": [[[7,14],[1,0]],[[0,3],[2,2]]]},
"G506": {"type": "Matrix2x2", "payoffs": [[[40,0],[17,20]],[[71,40],[0,6]]]},
"G507": {"type": "Matrix2x2", "payoffs": [[[85,45],[0,37]],[[64,0],[67,21]]]},
"G508": {"type": "Matrix2x2", "payoffs": [[[14,0],[15,16]],[[17,26],[0,4]]]},
"G509": {"type": "Matrix2x2", "payoffs": [[[3,0],[0,42]],[[11,95],[2,71]]]},
"G510": {"type": "Matrix2x2", "payoffs": [[[0,0],[4,18]],[[5,77],[3,76]]]},
"G511": {"type": "Matrix2x2", "payoffs": [[[21,0],[0,34]],[[85,77],[67,15]]]},
"G512": {"type": "Matrix2x2", "payoffs": [[[67,75],[26,38]],[[32,63],[0,0]]]},
"G513": {"type": "Matrix2x2", "payoffs": [[[0,36],[19,50]],[[25,80],[11,0]]]},
"G514": {"type": "Matrix2x2", "payoffs": [[[28,0],[20,6]],[[33,18],[0,7]]]},
"G515": {"type": "Matrix2x2", "payoffs": [[[14,0],[42,63]],[[59,79],[0,31]]]},
"G516": {"type": "Matrix2x2", "payoffs": [[[50,99],[19,72]],[[0,24],[23,0]]]},
"G517": {"type": "Matrix2x2", "payoffs": [[[17,11],[0,0]],[[99,12],[58,6]]]},
"G518": {"type": "Matrix2x2", "payoffs": [[[73,0],[46,31]],[[0,13],[86,37]]]},
"G519": {"type": "Matrix2x2", "payoffs": [[[97,41],[48,24]],[[70,4],[0,0]]]},
"G520": {"type": "Matrix2x2", "payoffs": [[[0,0],[29,23]],[[3,30],[31,32]]]},
"G521": {"type": "Matrix2x2", "payoffs": [[[0,0],[31,25]],[[86,45],[78,26]]]},
"G522": {"type": "Matrix2x2", "payoffs": [[[5,55],[14,82]],[[0,0],[7,49]]]},
"G523": {"type": "Matrix2x2", "payoffs": [[[32,36],[0,0]],[[49,47],[21,4]]]},
"G524": {"type": "Matrix2x2", "payoffs": [[[64,41],[0,12]],[[10,0],[24,15]]]},
"G525": {"type": "Matrix2x2", "payoffs": [[[18,0],[5,4]],[[26,22],[0,7]]]},
"G526": {"type": "Matrix2x2", "payoffs": [[[22,0],[0,1]],[[90,3],[9,2]]]},
"G527": {"type": "Matrix2x2", "payoffs": [[[87,79],[0,0]],[[30,65],[58,50]]]},
"G528": {"type": "Matrix2x2", "payoffs": [[[0,4],[61,0]],[[23,8],[80,19]]]},
"G529": {"type": "Matrix2x2", "payoffs": [[[58,50],[0,15]],[[31,23],[43,0]]]},
"G530": {"type": "Matrix2x2", "payoffs": [[[0,0],[7,63]],[[29,77],[18,35]]]},
"G531": {"type": "Matrix2x2", "payoffs": [[[60,56],[0,0]],[[43,68],[81,83]]]},
"G532": {"type": "Matrix2x2", "payoffs": [[[0,13],[95,21]],[[18,5],[78,0]]]},
"G533": {"type": "Matrix2x2", "payoffs": [[[0,27],[14,0]],[[96,97],[63,84]]]},
"G534": {"type": "Matrix2x2", "payoffs": [[[0,72],[9,52]],[[1,0],[19,79]]]},
"G535": {"type": "Matrix2x2", "payoffs": [[[19,95],[24,98]],[[0,0],[2,17]]]},
"G536": {"type": "Matrix2x2", "payoffs": [[[40,27],[80,57]],[[19,39],[0,0]]]},
"G537": {"type": "Matrix2x2", "payoffs": [[[37,0],[57,39]],[[12,3],[0,17]]]},
"G538": {"type": "Matrix2x2", "payoffs": [[[77,0],[80,16]],[[81,70],[0,61]]]},
"G539": {"type": "Matrix2x2", "payoffs": [[[11,0],[0,26]],[[38,73],[36,14]]]},
"G540": {"type": "Matrix2x2", "payoffs": [[[23,76],[0,49]],[[17,0],[10,73]]]},
"G541": {"type": "Matrix2x2", "payoffs": [[[4,20],[14,71]],[[9,0],[0,7]]]},
"G542": {"type": "Matrix2x2", "payoffs": [[[28,88],[5,0]],[[0,15],[10,9]]]},
"G543": {"type": "Matrix2x2", "payoffs": [[[16,0],[32,12]],[[0,3],[23,1]]]},
"G544": {"type": "Matrix2x2", "payoffs": [[[15,0],[0,11]],[[6,26],[47,27]]]},
"G545": {"type": "Matrix2x2", "payoffs": [[[28,32],[31,38]],[[0,0],[19,8]]]},
"G546": {"type": "Matrix2x2", "payoffs": [[[51,13],[0,11]],[[48,2],[37,0]]]},
"G547": {"type": "Matrix2x2", "payoffs": [[[46,19],[94,32]],[[0,3],[51,0]]]},
"G548": {"type": "Matrix2x2", "payoffs": [[[0,0],[32,12]],[[31,11],[14,1]]]},
"G549": {"type": "Matrix2x2", "payoffs": [[[61,20],[19,11]],[[0,6],[16,0]]]},
"G550": {"type": "Matrix2x2", "payoffs": [[[40,6],[63,56]],[[48,22],[0,0]]]},
"G551": {"type": "Matrix2x2", "payoffs": [[[4,17],[31,6]],[[0,0],[33,43]]]},
"G552": {"type": "Matrix2x2", "payoffs": [[[52,48],[53,75]],[[0,0],[31,3]]]},
"G553": {"type": "Matrix2x2", "payoffs": [[[8,0],[0,51]],[[17,63],[5,4]]]},
"G554": {"type": "Matrix2x2", "payoffs": [[[16,37],[39,50]],[[24,0],[0,33]]]},
"G555": {"type": "Matrix2x2", "payoffs": [[[2,37],[9,32]],[[0,0],[21,85]]]},
"G556": {"type": "Matrix2x2", "payoffs": [[[36,2],[99,10]],[[0,0],[47,4]]]},
"G557": {"type": "Matrix2x2", "payoffs": [[[60,0],[20,20]],[[77,24],[0,3]]]},
"G558": {"type": "Matrix2x2", "payoffs": [[[16,0],[0,1]],[[35,5],[72,10]]]},
"G559": {"type": "Matrix2x2", "payoffs": [[[52,0],[0,79]],[[62,81],[1,43]]]},
"G560": {"type": "Matrix2x2", "payoffs": [[[28,11],[75,37]],[[69,35],[0,0]]]},
"G561": {"type": "Matrix2x2", "payoffs": [[[5,0],[4,8]],[[0,31],[34,83]]]},
"G562": {"type": "Matrix2x2", "payoffs": [[[70,0],[83,18]],[[66,2],[0,8]]]},
"G563": {"type": "Matrix2x2", "payoffs": [[[6,24],[17,42]],[[12,0],[0,6]]]},
"G564": {"type": "Matrix2x2", "payoffs": [[[8,89],[6,27]],[[0,0],[2,22]]]},
"G565": {"type": "Matrix2x2", "payoffs": [[[9,0],[57,59]],[[0,50],[21,16]]]},
"G566": {"type": "Matrix2x2", "payoffs": [[[83,6],[7,2]],[[15,1],[0,0]]]},
"G567": {"type": "Matrix2x2", "payoffs": [[[51,57],[12,0]],[[31,9],[0,35]]]},
"G568": {"type": "Matrix2x2", "payoffs": [[[20,8],[0,6]],[[26,17],[10,0]]]},
"G569": {"type": "Matrix2x2", "payoffs": [[[6,6],[0,3]],[[12,43],[1,0]]]},
"G570": {"type": "Matrix2x2", "payoffs": [[[75,55],[85,0]],[[0,74],[95,81]]]},
"G571": {"type": "Matrix2x2", "payoffs": [[[17,44],[24,48]],[[0,45],[1,0]]]},
"G572": {"type": "Matrix2x2", "payoffs": [[[0,0],[81,12]],[[100,15],[11,2]]]},
"G573": {"type": "Matrix2x2", "payoffs": [[[0,0],[20,1]],[[30,13],[10,7]]]},
"G574": {"type": "Matrix2x2", "payoffs": [[[36,58],[0,0]],[[8,17],[57,66]]]},
"G575": {"type": "Matrix2x2", "payoffs": [[[27,51],[0,10]],[[5,0],[3,14]]]},
"G576": {"type": "Matrix2x2", "payoffs": [[[41,60],[79,98]],[[32,28],[0,0]]]},
"G577": {"type": "Matrix2x2", "payoffs": [[[33,28],[64,68]],[[0,0],[50,29]]]},
"G578": {"type": "Matrix2x2", "payoffs": [[[19,100],[13,0]],[[16,47],[0,7]]]},
"G579": {"type": "Matrix2x2", "payoffs": [[[0,16],[4,0]],[[7,19],[5,12]]]},
"G580": {"type": "Matrix2x2", "payoffs": [[[53,22],[43,2]],[[0,0],[9,3]]]},
"G581": {"type": "Matrix2x2", "payoffs": [[[41,1],[0,5]],[[44,11],[7,0]]]},
"G582": {"type": "Matrix2x2", "payoffs": [[[0,2],[35,5]],[[30,0],[19,3]]]},
"G583": {"type": "Matrix2x2", "payoffs": [[[41,42],[0,24]],[[35,19],[19,0]]]},
"G584": {"type": "Matrix2x2", "payoffs": [[[0,0],[60,71]],[[44,3],[50,40]]]},
"G585": {"type": "Matrix2x2", "payoffs": [[[0,48],[13,0]],[[15,66],[29,76]]]},
"G586": {"type": "Matrix2x2", "payoffs": [[[0,1],[87,7]],[[86,4],[41,0]]]},
"G587": {"type": "Matrix2x2", "payoffs": [[[67,79],[0,0]],[[18,32],[4,73]]]},
"G588": {"type": "Matrix2x2", "payoffs": [[[23,66],[0,61]],[[71,67],[62,0]]]},
"G589": {"type": "Matrix2x2", "payoffs": [[[62,3],[100,5]],[[5,4],[0,0]]]},
"G590": {"type": "Matrix2x2", "payoffs": [[[99,6],[0,0]],[[48,5],[91,1]]]},
"G591": {"type": "Matrix2x2", "payoffs": [[[83,18],[35,11]],[[19,14],[0,0]]]},
"G592": {"type": "Matrix2x2", "payoffs": [[[0,0],[43,48]],[[6,64],[63,91]]]},
"G593": {"type": "Matrix2x2", "payoffs": [[[97,98],[80,34]],[[27,55],[0,0]]]},
"G594": {"type": "Matrix2x2", "payoffs": [[[77,77],[75,30]],[[0,44],[42,0]]]},
"G595": {"type": "Matrix2x2", "payoffs": [[[0,85],[8,23]],[[90,91],[18,0]]]},
"G596": {"type": "Matrix2x2", "payoffs": [[[0,0],[31,58]],[[67,82],[9,75]]]},
"G597": {"type": "Matrix2x2", "payoffs": [[[14,10],[21,0]],[[0,26],[40,36]]]},
"G598": {"type": "Matrix2x2", "payoffs": [[[66,37],[62,0]],[[59,3],[0,33]]]},
"G599": {"type": "Matrix2x2", "payoffs": [[[4,0],[1,3]],[[0,12],[9,19]]]},
"G600": {"type": "Matrix2x2", "payoffs": [[[58,4],[0,0]],[[63,12],[48,5]]]},
"G601": {"type": "Matrix2x2", "payoffs": [[[29,57],[0,0]],[[87,94],[61,84]]]},
"G602": {"type": "Matrix2x2", "payoffs": [[[0,20],[43,16]],[[70,21],[15,0]]]},
"G603": {"type": "Matrix2x2", "payoffs": [[[43,16],[0,0]],[[85,34],[65,25]]]},
"G604": {"type": "Matrix2x2", "payoffs": [[[12,92],[0,90]],[[6,22],[7,0]]]},
"G605": {"type": "Matrix2x2", "payoffs": [[[36,32],[0,16]],[[96,65],[21,0]]]},
"G606": {"type": "Matrix2x2", "payoffs": [[[100,93],[18,18]],[[0,92],[81,0]]]},
"G607": {"type": "Matrix2x2", "payoffs": [[[19,0],[0,4]],[[42,12],[89,15]]]},
"G608": {"type": "Matrix2x2", "payoffs": [[[3,38],[22,64]],[[18,45],[0,0]]]},
"G609": {"type": "Matrix2x2", "payoffs": [[[31,24],[20,21]],[[0,0],[32,25]]]},
"G610": {"type": "Matrix2x2", "payoffs": [[[8,0],[0,38]],[[54,41],[27,1]]]},
"G611": {"type": "Matrix2x2", "payoffs": [[[0,7],[47,24]],[[84,39],[13,0]]]},
"G612": {"type": "Matrix2x2", "payoffs": [[[7,0],[0,8]],[[9,34],[45,86]]]},
"G613": {"type": "Matrix2x2", "payoffs": [[[68,75],[0,0]],[[45,25],[58,45]]]},
"G614": {"type": "Matrix2x2", "payoffs": [[[55,11],[81,38]],[[0,0],[6,9]]]},
"G615": {"type": "Matrix2x2", "payoffs": [[[16,42],[41,0]],[[73,68],[0,54]]]},
"G616": {"type": "Matrix2x2", "payoffs": [[[0,0],[36,31]],[[29,28],[9,8]]]},
"G617": {"type": "Matrix2x2", "payoffs": [[[66,68],[21,27]],[[43,0],[0,16]]]},
"G618": {"type": "Matrix2x2", "payoffs": [[[91,0],[42,86]],[[94,98],[0,97]]]},
"G619": {"type": "Matrix2x2", "payoffs": [[[58,34],[50,23]],[[46,0],[0,12]]]},
"G620": {"type": "Matrix2x2", "payoffs": [[[7,29],[3,18]],[[0,21],[1,0]]]},
"G621": {"type": "Matrix2x2", "payoffs": [[[0,1],[3,9]],[[5,13],[2,0]]]},
"G622": {"type": "Matrix2x2", "payoffs": [[[14,0],[9,50]],[[16,93],[0,26]]]},
"G623": {"type": "Matrix2x2", "payoffs": [[[57,71],[65,95]],[[48,0],[0,76]]]},
"G624": {"type": "Matrix2x2", "payoffs": [[[14,0],[17,26]],[[21,70],[0,19]]]},
"G625": {"type": "Matrix2x2", "payoffs": [[[0,0],[27,61]],[[57,10],[75,65]]]},
"G626": {"type": "Matrix2x2", "payoffs": [[[0,13],[21,20]],[[17,14],[12,0]]]},
"G627": {"type": "Matrix2x2", "payoffs": [[[66,11],[41,4]],[[0,0],[4,1]]]},
"G628": {"type": "Matrix2x2", "payoffs": [[[88,32],[91,67]],[[9,38],[0,0]]]},
"G629": {"type": "Matrix2x2", "payoffs": [[[68,3],[0,0]],[[73,29],[69,22]]]},
"G630": {"type": "Matrix2x2", "payoffs": [[[29,59],[14,17]],[[6,0],[0,9]]]},
"G631": {"type": "Matrix2x2", "payoffs": [[[11,0],[25,15]],[[13,12],[0,4]]]},
"G632": {"type": "Matrix2x2", "payoffs": [[[0,0],[4,20]],[[56,7],[70,47]]]},
"G633": {"type": "Matrix2x2", "payoffs": [[[34,7],[0,0]],[[94,43],[53,34]]]},
"G634": {"type": "Matrix2x2", "payoffs": [[[1,20],[3,36]],[[0,22],[2,0]]]},
"G635": {"type": "Matrix2x2", "payoffs": [[[36,81],[23,0]],[[19,8],[0,31]]]},
"G636": {"type": "Matrix2x2", "payoffs": [[[0,51],[56,6]],[[74,99],[3,0]]]},
"G637": {"type": "Matrix2x2", "payoffs": [[[4,0],[76,24]],[[72,22],[0,2]]]},
"G638": {"type": "Matrix2x2", "payoffs": [[[0,8],[8,5]],[[4,0],[19,9]]]},
"G639": {"type": "Matrix2x2", "payoffs": [[[34,0],[0,12]],[[62,28],[38,19]]]},
"G640": {"type": "Matrix2x2", "payoffs": [[[41,71],[48,0]],[[63,90],[0,65]]]},
"G641": {"type": "Matrix2x2", "payoffs": [[[0,0],[2,2]],[[42,39],[8,18]]]},
"G642": {"type": "Matrix2x2", "payoffs": [[[41,8],[38,10]],[[0,0],[92,79]]]},
"G643": {"type": "Matrix2x2", "payoffs": [[[6,32],[25,59]],[[22,0],[0,28]]]},
"G644": {"type": "Matrix2x2", "payoffs": [[[47,5],[84,94]],[[0,0],[38,49]]]},
"G645": {"type": "Matrix2x2", "payoffs": [[[9,14],[29,34]],[[50,40],[0,0]]]},
"G646": {"type": "Matrix2x2", "payoffs": [[[85,0],[63,2]],[[0,14],[95,50]]]},
"G647": {"type": "Matrix2x2", "payoffs": [[[0,3],[5,0]],[[12,4],[37,19]]]},
"G648": {"type": "Matrix2x2", "payoffs": [[[93,60],[0,0]],[[68,59],[67,19]]]},
"G649": {"type": "Matrix2x2", "payoffs": [[[65,90],[45,0]],[[51,53],[0,33]]]},
"G650": {"type": "Matrix2x2", "payoffs": [[[84,83],[12,49]],[[0,0],[61,75]]]},
"G651": {"type": "Matrix2x2", "payoffs": [[[33,62],[22,0]],[[36,79],[0,20]]]},
"G652": {"type": "Matrix2x2", "payoffs": [[[0,5],[54,7]],[[6,4],[14,0]]]},
"G653": {"type": "Matrix2x2", "payoffs": [[[28,0],[0,42]],[[12,3],[49,61]]]},
"G654": {"type": "Matrix2x2", "payoffs": [[[3,0],[12,73]],[[0,26],[8,47]]]},
"G655": {"type": "Matrix2x2", "payoffs": [[[24,14],[25,0]],[[26,24],[0,18]]]},
"G656": {"type": "Matrix2x2", "payoffs": [[[39,62],[0,35]],[[7,0],[28,41]]]},
"G657": {"type": "Matrix2x2", "payoffs": [[[0,15],[29,0]],[[59,26],[57,1]]]},
"G658": {"type": "Matrix2x2", "payoffs": [[[16,0],[0,58]],[[36,99],[14,27]]]},
"G659": {"type": "Matrix2x2", "payoffs": [[[98,81],[0,42]],[[89,14],[75,0]]]},
"G660": {"type": "Matrix2x2", "payoffs": [[[77,42],[42,43]],[[85,79],[0,0]]]},
"G661": {"type": "Matrix2x2", "payoffs": [[[9,35],[0,0]],[[1,6],[4,2]]]},
"G662": {"type": "Matrix2x2", "payoffs": [[[9,96],[0,49]],[[6,89],[1,0]]]},
"G663": {"type": "Matrix2x2", "payoffs": [[[7,0],[12,15]],[[0,22],[21,30]]]},
"G664": {"type": "Matrix2x2", "payoffs": [[[19,38],[0,21]],[[9,15],[10,0]]]},
"G665": {"type": "Matrix2x2", "payoffs": [[[0,47],[22,65]],[[10,0],[1,56]]]},
"G666": {"type": "Matrix2x2", "payoffs": [[[32,24],[13,0]],[[0,42],[44,60]]]},
"G667": {"type": "Matrix2x2", "payoffs": [[[8,0],[16,42]],[[13,21],[0,41]]]},
"G668": {"type": "Matrix2x2", "payoffs": [[[0,0],[30,6]],[[19,5],[16,2]]]},
"G669": {"type": "Matrix2x2", "payoffs": [[[42,6],[0,1]],[[81,8],[62,0]]]},
"G670": {"type": "Matrix2x2", "payoffs": [[[64,59],[84,75]],[[0,0],[45,5]]]},
"G671": {"type": "Matrix2x2", "payoffs": [[[0,0],[15,2]],[[8,1],[19,3]]]},
"G672": {"type": "Matrix2x2", "payoffs": [[[98,7],[0,0]],[[21,1],[2,3]]]},
"G673": {"type": "Matrix2x2", "payoffs": [[[4,0],[0,92]],[[54,93],[48,68]]]},
"G674": {"type": "Matrix2x2", "payoffs": [[[32,12],[7,10]],[[1,0],[0,6]]]},
"G675": {"type": "Matrix2x2", "payoffs": [[[67,91],[0,32]],[[24,50],[44,0]]]},
"G676": {"type": "Matrix2x2", "payoffs": [[[53,25],[40,0]],[[0,6],[13,7]]]},
"G677": {"type": "Matrix2x2", "payoffs": [[[10,18],[3,14]],[[5,0],[0,16]]]},
"G678": {"type": "Matrix2x2", "payoffs": [[[76,59],[43,15]],[[0,53],[16,0]]]},
"G679": {"type": "Matrix2x2", "payoffs": [[[8,81],[1,19]],[[0,0],[5,64]]]},
"G680": {"type": "Matrix2x2", "payoffs": [[[3,0],[0,30]],[[22,33],[20,20]]]},
"G681": {"type": "Matrix2x2", "payoffs": [[[42,8],[0,19]],[[55,0],[63,29]]]},
"G682": {"type": "Matrix2x2", "payoffs": [[[10,60],[13,71]],[[8,0],[0,17]]]},
"G683": {"type": "Matrix2x2", "payoffs": [[[18,3],[40,16]],[[42,17],[0,0]]]},
"G684": {"type": "Matrix2x2", "payoffs": [[[34,37],[16,27]],[[2,7],[0,0]]]},
"G685": {"type": "Matrix2x2", "payoffs": [[[33,17],[0,19]],[[43,33],[18,0]]]},
"G686": {"type": "Matrix2x2", "payoffs": [[[0,5],[6,14]],[[18,15],[10,0]]]},
"G687": {"type": "Matrix2x2", "payoffs": [[[0,30],[12,0]],[[19,53],[21,65]]]},
"G688": {"type": "Matrix2x2", "payoffs": [[[0,48],[51,0]],[[54,11],[58,72]]]},
"G689": {"type": "Matrix2x2", "payoffs": [[[0,0],[49,31]],[[11,15],[43,22]]]},
"G690": {"type": "Matrix2x2", "payoffs": [[[54,44],[9,30]],[[0,2],[13,0]]]},
"G691": {"type": "Matrix2x2", "payoffs": [[[80,13],[0,4]],[[30,6],[6,0]]]},
"G692": {"type": "Matrix2x2", "payoffs": [[[10,88],[9,61]],[[0,68],[7,0]]]},
"G693": {"type": "Matrix2x2", "payoffs": [[[14,54],[0,1]],[[1,5],[11,0]]]},
"G694": {"type": "Matrix2x2", "payoffs": [[[0,0],[23,12]],[[51,31],[85,51]]]},
"G695": {"type": "Matrix2x2", "payoffs": [[[3,39],[0,29]],[[18,0],[23,100]]]},
"G696": {"type": "Matrix2x2", "payoffs": [[[29,24],[76,51]],[[0,0],[23,25]]]},
"G697": {"type": "Matrix2x2", "payoffs": [[[21,0],[80,17]],[[0,4],[71,16]]]},
"G698": {"type": "Matrix2x2", "payoffs": [[[91,94],[32,66]],[[69,0],[0,20]]]},
"G699": {"type": "Matrix2x2", "payoffs": [[[21,4],[45,10]],[[0,3],[2,0]]]},
"G700": {"type": "Matrix2x2", "payoffs": [[[84,5],[77,26]],[[0,0],[87,46]]]},
"G701": {"type": "Matrix2x2", "payoffs": [[[0,9],[7,0]],[[26,13],[60,38]]]},
"G702": {"type": "Matrix2x2", "payoffs": [[[66,80],[0,54]],[[61,7],[32,0]]]},
"G703": {"type": "Matrix2x2", "payoffs": [[[7,56],[4,33]],[[0,1],[6,0]]]},
"G704": {"type": "Matrix2x2", "payoffs": [[[0,0],[9,3]],[[23,4],[27,10]]]},
"G705": {"type": "Matrix2x2", "payoffs": [[[1,4],[9,10]],[[0,6],[5,0]]]},
"G706": {"type": "Matrix2x2", "payoffs": [[[39,1],[59,21]],[[56,16],[0,0]]]},
"G707": {"type": "Matrix2x2", "payoffs": [[[19,0],[0,20]],[[44,4],[45,23]]]},
"G708": {"type": "Matrix2x2", "payoffs": [[[0,0],[2,20]],[[5,82],[4,16]]]},
"G709": {"type": "Matrix2x2", "payoffs": [[[42,96],[0,47]],[[22,0],[40,59]]]},
"G710": {"type": "Matrix2x2", "payoffs": [[[5,12],[0,3]],[[12,0],[15,17]]]},
"G711": {"type": "Matrix2x2", "payoffs": [[[13,3],[12,0]],[[34,59],[0,54]]]},
"G712": {"type": "Matrix2x2", "payoffs": [[[8,20],[2,0]],[[10,48],[0,16]]]},
"G713": {"type": "Matrix2x2", "payoffs": [[[69,33],[23,32]],[[0,0],[7,12]]]},
"G714": {"type": "Matrix2x2", "payoffs": [[[86,90],[37,6]],[[7,0],[0,54]]]},
"G715": {"type": "Matrix2x2", "payoffs": [[[4,13],[39,16]],[[0,5],[12,0]]]},
"G716": {"type": "Matrix2x2", "payoffs": [[[4,54],[2,40]],[[7,71],[0,0]]]},
"G717": {"type": "Matrix2x2", "payoffs": [[[32,15],[15,20]],[[0,0],[34,22]]]},
"G718": {"type": "Matrix2x2", "payoffs": [[[24,9],[83,33]],[[0,0],[41,10]]]},
"G719": {"type": "Matrix2x2", "payoffs": [[[8,80],[4,20]],[[5,0],[0,72]]]},
"G720": {"type": "Matrix2x2", "payoffs": [[[29,24],[58,54]],[[0,0],[59,96]]]},
"G721": {"type": "Matrix2x2", "payoffs": [[[91,56],[57,27]],[[17,0],[0,49]]]},
"G722": {"type": "Matrix2x2", "payoffs": [[[19,11],[15,6]],[[2,0],[0,8]]]},
"G723": {"type": "Matrix2x2", "payoffs": [[[0,2],[13,0]],[[17,18],[3,12]]]},
"G724": {"type": "Matrix2x2", "payoffs": [[[0,67],[31,0]],[[65,80],[58,38]]]},
"G725": {"type": "Matrix2x2", "payoffs": [[[0,8],[69,0]],[[84,11],[21,2]]]},
"G726": {"type": "Matrix2x2", "payoffs": [[[20,9],[14,0]],[[24,10],[0,3]]]},
"G727": {"type": "Matrix2x2", "payoffs": [[[18,23],[11,13]],[[0,18],[15,0]]]},
"G728": {"type": "Matrix2x2", "payoffs": [[[78,66],[10,8]],[[0,40],[7,0]]]},
"G729": {"type": "Matrix2x2", "payoffs": [[[3,31],[0,0]],[[2,26],[8,38]]]},
"G730": {"type": "Matrix2x2", "payoffs": [[[48,67],[84,96]],[[0,28],[7,0]]]},
"G731": {"type": "Matrix2x2", "payoffs": [[[56,75],[54,72]],[[0,65],[2,0]]]},
"G732": {"type": "Matrix2x2", "payoffs": [[[58,77],[0,72]],[[44,0],[49,19]]]},
"G733": {"type": "Matrix2x2", "payoffs": [[[38,2],[0,0]],[[30,67],[49,75]]]},
"G734": {"type": "Matrix2x2", "payoffs": [[[2,84],[0,0]],[[3,92],[1,63]]]},
"G735": {"type": "Matrix2x2", "payoffs": [[[0,0],[39,97]],[[5,96],[26,38]]]},
"G736": {"type": "Matrix2x2", "payoffs": [[[0,79],[11,41]],[[38,84],[18,0]]]},
"G737": {"type": "Matrix2x2", "payoffs": [[[0,0],[43,100]],[[16,13],[32,95]]]},
"G738": {"type": "Matrix2x2", "payoffs": [[[0,0],[20,13]],[[21,15],[37,59]]]},
"G739": {"type": "Matrix2x2", "payoffs": [[[36,0],[0,29]],[[100,48],[67,9]]]},
"G740": {"type": "Matrix2x2", "payoffs": [[[0,0],[41,38]],[[33,27],[65,51]]]},
"G741": {"type": "Matrix2x2", "payoffs": [[[41,0],[56,73]],[[6,61],[0,4]]]},
"G742": {"type": "Matrix2x2", "payoffs": [[[0,2],[19,3]],[[8,0],[3,1]]]},
"G743": {"type": "Matrix2x2", "payoffs": [[[0,0],[12,15]],[[28,38],[17,1]]]},
"G744": {"type": "Matrix2x2", "payoffs": [[[90,82],[0,0]],[[86,49],[6,23]]]},
"G745": {"type": "Matrix2x2", "payoffs": [[[9,78],[8,0]],[[3,11],[0,43]]]},
"G746": {"type": "Matrix2x2", "payoffs": [[[26,0],[0,15]],[[27,80],[8,20]]]},
"G747": {"type": "Matrix2x2", "payoffs": [[[55,79],[0,0]],[[28,4],[3,69]]]},
"G748": {"type": "Matrix2x2", "payoffs": [[[40,53],[28,71]],[[50,76],[0,0]]]},
"G749": {"type": "Matrix2x2", "payoffs": [[[17,68],[4,28]],[[0,0],[48,83]]]},
"G750": {"type": "Matrix2x2", "payoffs": [[[0,13],[13,0]],[[18,43],[14,41]]]},
"G751": {"type": "Matrix2x2", "payoffs": [[[0,21],[5,19]],[[8,25],[4,0]]]},
"G752": {"type": "Matrix2x2", "payoffs": [[[78,53],[0,42]],[[35,31],[21,0]]]},
"G753": {"type": "Matrix2x2", "payoffs": [[[43,29],[26,6]],[[25,0],[0,27]]]},
"G754": {"type": "Matrix2x2", "payoffs": [[[6,82],[5,67]],[[1,0],[0,49]]]},
"G755": {"type": "Matrix2x2", "payoffs": [[[43,48],[0,7]],[[28,0],[45,58]]]},
"G756": {"type": "Matrix2x2", "payoffs": [[[17,0],[18,65]],[[0,56],[8,20]]]},
"G757": {"type": "Matrix2x2", "payoffs": [[[56,52],[36,3]],[[49,0],[0,9]]]},
"G758": {"type": "Matrix2x2", "payoffs": [[[0,21],[9,3]],[[10,0],[13,73]]]},
"G759": {"type": "Matrix2x2", "payoffs": [[[19,0],[0,10]],[[17,16],[62,17]]]},
"G760": {"type": "Matrix2x2", "payoffs": [[[6,0],[7,44]],[[0,12],[31,48]]]},
"G761": {"type": "Matrix2x2", "payoffs": [[[85,36],[67,31]],[[0,10],[10,0]]]},
"G762": {"type": "Matrix2x2", "payoffs": [[[0,27],[25,79]],[[10,61],[4,0]]]},
"G763": {"type": "Matrix2x2", "payoffs": [[[65,79],[14,5]],[[0,0],[61,78]]]},
"G764": {"type": "Matrix2x2", "payoffs": [[[57,1],[58,17]],[[0,0],[96,71]]]},
"G765": {"type": "Matrix2x2", "payoffs": [[[22,15],[0,8]],[[56,28],[41,0]]]},
"G766": {"type": "Matrix2x2", "payoffs": [[[31,0],[5,1]],[[32,39],[0,13]]]},
"G767": {"type": "Matrix2x2", "payoffs": [[[51,33],[20,0]],[[0,27],[11,23]]]},
"G768": {"type": "Matrix2x2", "payoffs": [[[0,25],[72,0]],[[82,83],[67,29]]]},
"G769": {"type": "Matrix2x2", "payoffs": [[[1,57],[0,0]],[[11,55],[95,68]]]},
"G770": {"type": "Matrix2x2", "payoffs": [[[0,22],[67,0]],[[4,1],[75,74]]]},
"G771": {"type": "Matrix2x2", "payoffs": [[[24,6],[0,0]],[[53,11],[49,8]]]},
"G772": {"type": "Matrix2x2", "payoffs": [[[90,46],[37,21]],[[60,18],[0,0]]]},
"G773": {"type": "Matrix2x2", "payoffs": [[[7,0],[18,16]],[[0,14],[14,8]]]},
"G774": {"type": "Matrix2x2", "payoffs": [[[91,54],[0,0]],[[90,51],[62,29]]]},
"G775": {"type": "Matrix2x2", "payoffs": [[[2,7],[6,47]],[[5,12],[0,0]]]},
"G776": {"type": "Matrix2x2", "payoffs": [[[37,18],[27,44]],[[0,0],[100,69]]]},
"G777": {"type": "Matrix2x2", "payoffs": [[[46,0],[0,32]],[[81,63],[34,61]]]},
"G778": {"type": "Matrix2x2", "payoffs": [[[96,82],[0,0]],[[86,28],[46,24]]]},
"G779": {"type": "Matrix2x2", "payoffs": [[[64,98],[4,6]],[[13,35],[0,0]]]},
"G780": {"type": "Matrix2x2", "payoffs": [[[98,49],[81,13]],[[45,0],[0,20]]]},
"G781": {"type": "Matrix2x2", "payoffs": [[[0,5],[2,0]],[[3,7],[4,39]]]},
"G782": {"type": "Matrix2x2", "payoffs": [[[100,38],[49,26]],[[26,2],[0,0]]]},
"G783": {"type": "Matrix2x2", "payoffs": [[[31,0],[50,4]],[[80,7],[0,3]]]},
"G784": {"type": "Matrix2x2", "payoffs": [[[55,0],[49,25]],[[88,57],[0,40]]]},
"G785": {"type": "Matrix2x2", "payoffs": [[[0,0],[1,4]],[[20,9],[22,19]]]},
"G786": {"type": "Matrix2x2", "payoffs": [[[2,45],[19,54]],[[15,0],[0,50]]]},
"G787": {"type": "Matrix2x2", "payoffs": [[[5,58],[29,0]],[[0,20],[90,63]]]},
"G788": {"type": "Matrix2x2", "payoffs": [[[2,8],[27,100]],[[0,55],[23,0]]]},
"G789": {"type": "Matrix2x2", "payoffs": [[[18,58],[26,0]],[[0,47],[27,96]]]},
"G790": {"type": "Matrix2x2", "payoffs": [[[0,0],[64,64]],[[56,9],[39,40]]]},
"G791": {"type": "Matrix2x2", "payoffs": [[[0,59],[26,25]],[[49,71],[44,0]]]},
"G792": {"type": "Matrix2x2", "payoffs": [[[0,36],[7,57]],[[4,25],[3,0]]]},
"G793": {"type": "Matrix2x2", "payoffs": [[[61,34],[56,3]],[[0,30],[47,0]]]},
"G794": {"type": "Matrix2x2", "payoffs": [[[86,3],[5,1]],[[0,0],[16,2]]]},
"G795": {"type": "Matrix2x2", "payoffs": [[[0,79],[94,96]],[[16,67],[74,0]]]},
"G796": {"type": "Matrix2x2", "payoffs": [[[9,0],[0,63]],[[22,83],[20,72]]]},
"G797": {"type": "Matrix2x2", "payoffs": [[[23,0],[3,2]],[[33,17],[0,7]]]},
"G798": {"type": "Matrix2x2", "payoffs": [[[2,76],[0,44]],[[8,95],[5,0]]]},
"G799": {"type": "Matrix2x2", "payoffs": [[[16,39],[5,0]],[[0,62],[22,96]]]},
"G800": {"type": "Matrix2x2", "payoffs": [[[3,26],[86,51]],[[16,3],[0,0]]]},
"G801": {"type": "Matrix2x2", "payoffs": [[[0,22],[5,25]],[[22,51],[14,0]]]},
"G802": {"type": "Matrix2x2", "payoffs": [[[25,0],[0,42]],[[30,78],[16,15]]]},
"G803": {"type": "Matrix2x2", "payoffs": [[[39,22],[0,0]],[[45,36],[14,14]]]},
"G804": {"type": "Matrix2x2", "payoffs": [[[58,0],[59,92]],[[37,69],[0,44]]]},
"G805": {"type": "Matrix2x2", "payoffs": [[[47,39],[0,57]],[[10,0],[58,69]]]},
"G806": {"type": "Matrix2x2", "payoffs": [[[34,0],[53,91]],[[42,71],[0,62]]]},
"G807": {"type": "Matrix2x2", "payoffs": [[[8,0],[76,4]],[[9,1],[0,2]]]},
"G808": {"type": "Matrix2x2", "payoffs": [[[0,19],[55,38]],[[25,0],[26,24]]]},
"G809": {"type": "Matrix2x2", "payoffs": [[[7,44],[0,0]],[[40,7],[48,59]]]},
"G810": {"type": "Matrix2x2", "payoffs": [[[42,0],[0,26]],[[59,36],[61,83]]]},
"G811": {"type": "Matrix2x2", "payoffs": [[[34,0],[48,10]],[[96,71],[0,28]]]},
"G812": {"type": "Matrix2x2", "payoffs": [[[13,1],[22,0]],[[37,3],[0,2]]]},
"G813": {"type": "Matrix2x2", "payoffs": [[[42,70],[0,2]],[[59,89],[7,0]]]},
"G814": {"type": "Matrix2x2", "payoffs": [[[0,6],[59,7]],[[84,40],[66,0]]]},
"G815": {"type": "Matrix2x2", "payoffs": [[[30,91],[0,0]],[[28,37],[13,21]]]},
"G816": {"type": "Matrix2x2", "payoffs": [[[0,8],[59,99]],[[11,0],[27,51]]]},
"G817": {"type": "Matrix2x2", "payoffs": [[[0,1],[93,10]],[[89,0],[70,8]]]},
"G818": {"type": "Matrix2x2", "payoffs": [[[98,34],[0,13]],[[4,0],[34,6]]]},
"G819": {"type": "Matrix2x2", "payoffs": [[[9,32],[1,28]],[[12,61],[0,0]]]},
"G820": {"type": "Matrix2x2", "payoffs": [[[13,36],[3,0]],[[30,51],[0,19]]]},
"G821": {"type": "Matrix2x2", "payoffs": [[[90,76],[13,34]],[[84,0],[0,29]]]},
"G822": {"type": "Matrix2x2", "payoffs": [[[56,61],[25,60]],[[46,0],[0,37]]]},
"G823": {"type": "Matrix2x2", "payoffs": [[[41,9],[0,0]],[[49,16],[2,2]]]},
"G824": {"type": "Matrix2x2", "payoffs": [[[34,4],[6,2]],[[25,1],[0,0]]]},
"G825": {"type": "Matrix2x2", "payoffs": [[[0,0],[24,16]],[[25,40],[15,24]]]},
"G826": {"type": "Matrix2x2", "payoffs": [[[59,1],[0,6]],[[36,0],[70,8]]]},
"G827": {"type": "Matrix2x2", "payoffs": [[[33,77],[0,36]],[[32,0],[1,65]]]},
"G828": {"type": "Matrix2x2", "payoffs": [[[91,87],[0,21]],[[41,0],[43,39]]]},
"G829": {"type": "Matrix2x2", "payoffs": [[[32,31],[37,77]],[[0,0],[2,36]]]},
"G830": {"type": "Matrix2x2", "payoffs": [[[56,1],[37,37]],[[0,0],[63,42]]]},
"G831": {"type": "Matrix2x2", "payoffs": [[[17,42],[1,0]],[[0,30],[9,7]]]},
"G832": {"type": "Matrix2x2", "payoffs": [[[8,0],[42,74]],[[0,25],[36,47]]]},
"G833": {"type": "Matrix2x2", "payoffs": [[[0,2],[54,4]],[[30,0],[22,1]]]},
"G834": {"type": "Matrix2x2", "payoffs": [[[0,6],[4,0]],[[98,47],[89,46]]]},
"G835": {"type": "Matrix2x2", "payoffs": [[[15,35],[12,24]],[[0,0],[18,52]]]},
"G836": {"type": "Matrix2x2", "payoffs": [[[41,74],[14,0]],[[0,52],[5,37]]]},
"G837": {"type": "Matrix2x2", "payoffs": [[[6,31],[13,12]],[[0,0],[21,36]]]},
"G838": {"type": "Matrix2x2", "payoffs": [[[44,29],[0,26]],[[65,59],[4,0]]]},
"G839": {"type": "Matrix2x2", "payoffs": [[[0,0],[43,4]],[[46,33],[55,39]]]},
"G840": {"type": "Matrix2x2", "payoffs": [[[37,28],[68,44]],[[60,0],[0,42]]]},
"G841": {"type": "Matrix2x2", "payoffs": [[[19,51],[7,0]],[[15,10],[0,44]]]},
"G842": {"type": "Matrix2x2", "payoffs": [[[0,19],[4,0]],[[37,46],[40,48]]]},
"G843": {"type": "Matrix2x2", "payoffs": [[[75,38],[93,86]],[[0,33],[14,0]]]},
"G844": {"type": "Matrix2x2", "payoffs": [[[3,73],[0,0]],[[2,30],[1,4]]]},
"G845": {"type": "Matrix2x2", "payoffs": [[[20,38],[37,0]],[[45,64],[0,15]]]},
"G846": {"type": "Matrix2x2", "payoffs": [[[0,9],[32,0]],[[92,39],[85,24]]]},
"G847": {"type": "Matrix2x2", "payoffs": [[[1,0],[2,10]],[[3,30],[0,21]]]},
"G848": {"type": "Matrix2x2", "payoffs": [[[77,8],[0,0]],[[79,66],[100,77]]]},
"G849": {"type": "Matrix2x2", "payoffs": [[[4,35],[26,78]],[[0,0],[77,79]]]},
"G850": {"type": "Matrix2x2", "payoffs": [[[24,0],[57,19]],[[63,56],[0,26]]]},
"G851": {"type": "Matrix2x2", "payoffs": [[[20,7],[65,3]],[[69,14],[0,0]]]},
"G852": {"type": "Matrix2x2", "payoffs": [[[0,0],[29,4]],[[43,14],[50,17]]]},
"G853": {"type": "Matrix2x2", "payoffs": [[[6,0],[13,53]],[[15,68],[0,11]]]},
"G854": {"type": "Matrix2x2", "payoffs": [[[31,62],[64,0]],[[78,85],[0,20]]]},
"G855": {"type": "Matrix2x2", "payoffs": [[[43,0],[0,76]],[[70,12],[74,88]]]},
"G856": {"type": "Matrix2x2", "payoffs": [[[0,22],[35,15]],[[89,33],[22,0]]]},
"G857": {"type": "Matrix2x2", "payoffs": [[[52,4],[4,10]],[[0,0],[53,14]]]},
"G858": {"type": "Matrix2x2", "payoffs": [[[26,3],[8,1]],[[25,0],[0,2]]]},
"G859": {"type": "Matrix2x2", "payoffs": [[[5,2],[10,1]],[[25,4],[0,0]]]},
"G860": {"type": "Matrix2x2", "payoffs": [[[0,86],[54,60]],[[45,0],[95,97]]]},
"G861": {"type": "Matrix2x2", "payoffs": [[[67,87],[0,0]],[[100,96],[37,23]]]},
"G862": {"type": "Matrix2x2", "payoffs": [[[0,35],[7,0]],[[8,38],[4,13]]]},
"G863": {"type": "Matrix2x2", "payoffs": [[[12,56],[59,76]],[[26,0],[0,73]]]},
"G864": {"type": "Matrix2x2", "payoffs": [[[0,33],[11,42]],[[37,0],[40,59]]]},
"G865": {"type": "Matrix2x2", "payoffs": [[[8,0],[39,30]],[[40,90],[0,15]]]},
"G866": {"type": "Matrix2x2", "payoffs": [[[0,4],[3,0]],[[12,61],[6,44]]]},
"G867": {"type": "Matrix2x2", "payoffs": [[[48,3],[9,1]],[[0,0],[58,13]]]},
"G868": {"type": "Matrix2x2", "payoffs": [[[1,10],[5,55]],[[0,0],[2,43]]]},
"G869": {"type": "Matrix2x2", "payoffs": [[[0,71],[95,96]],[[30,0],[9,78]]]},
"G870": {"type": "Matrix2x2", "payoffs": [[[13,0],[20,2]],[[23,3],[0,1]]]},
"G871": {"type": "Matrix2x2", "payoffs": [[[0,0],[54,5]],[[74,3],[98,36]]]},
"G872": {"type": "Matrix2x2", "payoffs": [[[7,1],[4,0]],[[0,5],[11,13]]]},
"G873": {"type": "Matrix2x2", "payoffs": [[[11,65],[0,54]],[[7,0],[1,33]]]},
"G874": {"type": "Matrix2x2", "payoffs": [[[36,83],[2,20]],[[10,56],[0,0]]]},
"G875": {"type": "Matrix2x2", "payoffs": [[[62,0],[80,2]],[[83,74],[0,35]]]},
"G876": {"type": "Matrix2x2", "payoffs": [[[8,15],[35,9]],[[0,0],[55,96]]]},
"G877": {"type": "Matrix2x2", "payoffs": [[[0,0],[10,19]],[[43,12],[92,52]]]},
"G878": {"type": "Matrix2x2", "payoffs": [[[26,59],[2,65]],[[75,68],[0,0]]]},
"G879": {"type": "Matrix2x2", "payoffs": [[[31,1],[0,61]],[[36,0],[86,80]]]},
"G880": {"type": "Matrix2x2", "payoffs": [[[10,2],[11,3]],[[0,0],[9,1]]]},
"G881": {"type": "Matrix2x2", "payoffs": [[[0,11],[26,17]],[[5,0],[83,38]]]},
"G882": {"type": "Matrix2x2", "payoffs": [[[2,0],[0,49]],[[14,99],[4,1]]]},
"G883": {"type": "Matrix2x2", "payoffs": [[[44,28],[29,0]],[[0,26],[6,21]]]},
"G884": {"type": "Matrix2x2", "payoffs": [[[81,12],[0,0]],[[80,20],[87,22]]]},
"G885": {"type": "Matrix2x2", "payoffs": [[[5,84],[0,69]],[[4,3],[1,0]]]},
"G886": {"type": "Matrix2x2", "payoffs": [[[27,0],[45,15]],[[50,56],[0,10]]]},
"G887": {"type": "Matrix2x2", "payoffs": [[[16,22],[29,4]],[[59,54],[0,0]]]},
"G888": {"type": "Matrix2x2", "payoffs": [[[0,0],[22,41]],[[33,70],[18,40]]]},
"G889": {"type": "Matrix2x2", "payoffs": [[[70,1],[85,3]],[[48,2],[0,0]]]},
"G890": {"type": "Matrix2x2", "payoffs": [[[0,11],[7,37]],[[6,0],[3,8]]]},
"G891": {"type": "Matrix2x2", "payoffs": [[[12,24],[4,20]],[[0,0],[13,25]]]},
"G892": {"type": "Matrix2x2", "payoffs": [[[54,0],[77,35]],[[33,2],[0,32]]]},
"G893": {"type": "Matrix2x2", "payoffs": [[[44,0],[0,18]],[[68,47],[12,30]]]},
"G894": {"type": "Matrix2x2", "payoffs": [[[8,9],[0,5]],[[1,0],[3,6]]]},
"G895": {"type": "Matrix2x2", "payoffs": [[[0,48],[64,53]],[[35,24],[17,0]]]},
"G896": {"type": "Matrix2x2", "payoffs": [[[4,0],[9,48]],[[0,15],[3,31]]]},
"G897": {"type": "Matrix2x2", "payoffs": [[[11,12],[0,61]],[[20,0],[24,69]]]},
"G898": {"type": "Matrix2x2", "payoffs": [[[93,42],[9,26]],[[80,0],[0,16]]]},
"G899": {"type": "Matrix2x2", "payoffs": [[[12,65],[21,78]],[[0,0],[13,24]]]},
"G900": {"type": "Matrix2x2", "payoffs": [[[3,0],[5,17]],[[9,81],[0,32]]]},
"G901": {"type": "Matrix2x2", "payoffs": [[[0,0],[4,75]],[[1,42],[3,10]]]},
"G902": {"type": "Matrix2x2", "payoffs": [[[63,17],[0,16]],[[9,0],[25,9]]]},
"G903": {"type": "Matrix2x2", "payoffs": [[[0,5],[81,9]],[[42,0],[96,25]]]},
"G904": {"type": "Matrix2x2", "payoffs": [[[48,1],[0,0]],[[82,85],[21,72]]]},
"G905": {"type": "Matrix2x2", "payoffs": [[[16,20],[6,0]],[[27,73],[0,61]]]},
"G906": {"type": "Matrix2x2", "payoffs": [[[42,20],[0,5]],[[7,15],[1,0]]]},
"G907": {"type": "Matrix2x2", "payoffs": [[[51,0],[76,39]],[[0,32],[11,34]]]},
"G908": {"type": "Matrix2x2", "payoffs": [[[13,54],[10,0]],[[4,6],[0,4]]]},
"G909": {"type": "Matrix2x2", "payoffs": [[[15,0],[16,65]],[[0,70],[41,81]]]},
"G910": {"type": "Matrix2x2", "payoffs": [[[4,51],[7,0]],[[12,73],[0,32]]]},
"G911": {"type": "Matrix2x2", "payoffs": [[[95,100],[0,47]],[[2,65],[4,0]]]},
"G912": {"type": "Matrix2x2", "payoffs": [[[0,8],[42,0]],[[77,51],[74,45]]]},
"G913": {"type": "Matrix2x2", "payoffs": [[[0,41],[18,19]],[[22,54],[17,0]]]},
"G914": {"type": "Matrix2x2", "payoffs": [[[73,72],[72,62]],[[39,0],[0,14]]]},
"G915": {"type": "Matrix2x2", "payoffs": [[[44,22],[0,15]],[[5,0],[48,81]]]},
"G916": {"type": "Matrix2x2", "payoffs": [[[87,79],[59,42]],[[0,0],[25,32]]]},
"G917": {"type": "Matrix2x2", "payoffs": [[[41,8],[86,17]],[[0,11],[50,0]]]},
"G918": {"type": "Matrix2x2", "payoffs": [[[34,94],[0,0]],[[8,20],[4,85]]]},
"G919": {"type": "Matrix2x2", "payoffs": [[[60,0],[68,62]],[[51,20],[0,1]]]},
"G920": {"type": "Matrix2x2", "payoffs": [[[23,58],[2,57]],[[6,0],[0,43]]]},
"G921": {"type": "Matrix2x2", "payoffs": [[[0,2],[71,76]],[[50,0],[5,36]]]},
"G922": {"type": "Matrix2x2", "payoffs": [[[68,16],[95,81]],[[0,0],[17,71]]]},
"G923": {"type": "Matrix2x2", "payoffs": [[[25,55],[38,64]],[[0,45],[6,0]]]},
"G924": {"type": "Matrix2x2", "payoffs": [[[48,79],[0,64]],[[20,0],[16,22]]]},
"G925": {"type": "Matrix2x2", "payoffs": [[[0,30],[40,88]],[[8,0],[34,84]]]},
"G926": {"type": "Matrix2x2", "payoffs": [[[0,6],[4,0]],[[2,29],[8,67]]]},
"G927": {"type": "Matrix2x2", "payoffs": [[[18,6],[39,7]],[[0,0],[27,3]]]},
"G928": {"type": "Matrix2x2", "payoffs": [[[0,0],[1,29]],[[12,87],[9,82]]]},
"G929": {"type": "Matrix2x2", "payoffs": [[[1,18],[70,67]],[[4,36],[0,0]]]},
"G930": {"type": "Matrix2x2", "payoffs": [[[20,0],[0,11]],[[7,70],[21,93]]]},
"G931": {"type": "Matrix2x2", "payoffs": [[[0,1],[5,5]],[[20,0],[24,6]]]},
"G932": {"type": "Matrix2x2", "payoffs": [[[0,0],[28,36]],[[24,32],[4,1]]]},
"G933": {"type": "Matrix2x2", "payoffs": [[[14,8],[27,11]],[[0,0],[7,1]]]},
"G934": {"type": "Matrix2x2", "payoffs": [[[58,100],[0,0]],[[39,20],[47,81]]]},
"G935": {"type": "Matrix2x2", "payoffs": [[[100,9],[23,8]],[[81,3],[0,0]]]},
"G936": {"type": "Matrix2x2", "payoffs": [[[65,55],[0,3]],[[36,19],[59,0]]]},
"G937": {"type": "Matrix2x2", "payoffs": [[[7,34],[6,20]],[[1,16],[0,0]]]},
"G938": {"type": "Matrix2x2", "payoffs": [[[24,53],[0,74]],[[2,0],[29,79]]]},
"G939": {"type": "Matrix2x2", "payoffs": [[[34,0],[64,73]],[[0,69],[49,27]]]},
"G940": {"type": "Matrix2x2", "payoffs": [[[73,4],[4,3]],[[0,1],[31,0]]]},
"G941": {"type": "Matrix2x2", "payoffs": [[[1,0],[14,49]],[[34,76],[0,65]]]},
"G942": {"type": "Matrix2x2", "payoffs": [[[78,43],[65,28]],[[0,0],[10,23]]]},
"G943": {"type": "Matrix2x2", "payoffs": [[[66,3],[0,1]],[[29,0],[22,2]]]},
"G944": {"type": "Matrix2x2", "payoffs": [[[42,0],[0,2]],[[79,9],[40,7]]]},
"G945": {"type": "Matrix2x2", "payoffs": [[[11,58],[0,22]],[[20,68],[15,0]]]},
"G946": {"type": "Matrix2x2", "payoffs": [[[81,95],[0,77]],[[50,0],[20,35]]]},
"G947": {"type": "Matrix2x2", "payoffs": [[[32,51],[0,1]],[[26,0],[6,4]]]},
"G948": {"type": "Matrix2x2", "payoffs": [[[91,95],[44,0]],[[0,87],[30,10]]]},
"G949": {"type": "Matrix2x2", "payoffs": [[[0,18],[19,95]],[[4,52],[14,0]]]},
"G950": {"type": "Matrix2x2", "payoffs": [[[0,0],[14,40]],[[23,76],[99,83]]]},
"G951": {"type": "Matrix2x2", "payoffs": [[[12,2],[0,9]],[[16,17],[11,0]]]},
"G952": {"type": "Matrix2x2", "payoffs": [[[0,30],[98,57]],[[85,0],[94,36]]]},
"G953": {"type": "Matrix2x2", "payoffs": [[[0,23],[86,93]],[[15,71],[66,0]]]},
"G954": {"type": "Matrix2x2", "payoffs": [[[1,0],[2,33]],[[0,51],[12,77]]]},
"G955": {"type": "Matrix2x2", "payoffs": [[[9,0],[0,21]],[[29,41],[2,20]]]},
"G956": {"type": "Matrix2x2", "payoffs": [[[64,48],[41,0]],[[0,5],[60,19]]]},
"G957": {"type": "Matrix2x2", "payoffs": [[[0,35],[71,3]],[[83,36],[29,0]]]},
"G958": {"type": "Matrix2x2", "payoffs": [[[26,1],[11,0]],[[62,93],[0,74]]]},
"G959": {"type": "Matrix2x2", "payoffs": [[[0,9],[21,19]],[[16,0],[66,35]]]},
"G960": {"type": "Matrix2x2", "payoffs": [[[6,60],[0,0]],[[4,7],[3,47]]]},
"G961": {"type": "Matrix2x2", "payoffs": [[[47,53],[0,0]],[[65,68],[79,69]]]},
"G962": {"type": "Matrix2x2", "payoffs": [[[0,43],[34,67]],[[21,0],[29,55]]]},
"G963": {"type": "Matrix2x2", "payoffs": [[[0,6],[7,0]],[[37,2],[44,8]]]},
"G964": {"type": "Matrix2x2", "payoffs": [[[65,51],[39,16]],[[0,0],[47,36]]]},
"G965": {"type": "Matrix2x2", "payoffs": [[[6,36],[0,15]],[[4,0],[41,51]]]},
"G966": {"type": "Matrix2x2", "payoffs": [[[2,14],[0,2]],[[4,0],[5,35]]]},
"G967": {"type": "Matrix2x2", "payoffs": [[[18,17],[0,9]],[[29,18],[2,0]]]},
"G968": {"type": "Matrix2x2", "payoffs": [[[3,45],[9,71]],[[4,46],[0,0]]]},
"G969": {"type": "Matrix2x2", "payoffs": [[[65,29],[0,0]],[[26,17],[33,12]]]},
"G970": {"type": "Matrix2x2", "payoffs": [[[76,66],[0,0]],[[1,33],[52,32]]]},
"G971": {"type": "Matrix2x2", "payoffs": [[[13,0],[87,64]],[[0,3],[59,48]]]},
"G972": {"type": "Matrix2x2", "payoffs": [[[4,77],[3,68]],[[2,49],[0,0]]]},
"G973": {"type": "Matrix2x2", "payoffs": [[[0,47],[60,97]],[[2,0],[54,25]]]},
"G974": {"type": "Matrix2x2", "payoffs": [[[37,18],[41,15]],[[0,0],[46,23]]]},
"G975": {"type": "Matrix2x2", "payoffs": [[[11,0],[0,11]],[[1,27],[26,35]]]},
"G976": {"type": "Matrix2x2", "payoffs": [[[0,5],[79,20]],[[99,91],[26,0]]]},
"G977": {"type": "Matrix2x2", "payoffs": [[[18,8],[87,41]],[[0,0],[16,30]]]},
"G978": {"type": "Matrix2x2", "payoffs": [[[12,0],[45,94]],[[0,19],[21,30]]]},
"G979": {"type": "Matrix2x2", "payoffs": [[[0,0],[7,52]],[[2,63],[16,75]]]},
"G980": {"type": "Matrix2x2", "payoffs": [[[33,4],[0,36]],[[56,0],[90,60]]]},
"G981": {"type": "Matrix2x2", "payoffs": [[[10,12],[0,0]],[[93,15],[80,10]]]},
"G982": {"type": "Matrix2x2", "payoffs": [[[6,64],[19,91]],[[11,2],[0,0]]]},
"G983": {"type": "Matrix2x2", "payoffs": [[[19,15],[11,1]],[[0,0],[22,55]]]},
"G984": {"type": "Matrix2x2", "payoffs": [[[29,75],[0,30]],[[46,92],[24,0]]]},
"G985": {"type": "Matrix2x2", "payoffs": [[[0,26],[25,0]],[[36,33],[57,42]]]},
"G986": {"type": "Matrix2x2", "payoffs": [[[0,30],[82,23]],[[97,0],[99,63]]]},
"G987": {"type": "Matrix2x2", "payoffs": [[[15,24],[0,4]],[[25,0],[42,48]]]},
"G988": {"type": "Matrix2x2", "payoffs": [[[21,0],[0,1]],[[34,14],[24,4]]]},
"G989": {"type": "Matrix2x2", "payoffs": [[[0,43],[1,60]],[[3,95],[2,0]]]},
"G990": {"type": "Matrix2x2", "payoffs": [[[1,0],[0,34]],[[3,4],[7,60]]]},
"G991": {"type": "Matrix2x2", "payoffs": [[[18,56],[0,0]],[[66,61],[63,12]]]},
"G992": {"type": "Matrix2x2", "payoffs": [[[0,39],[18,0]],[[23,96],[3,40]]]},
"G993": {"type": "Matrix2x2", "payoffs": [[[10,2],[18,37]],[[4,14],[0,0]]]},
"G994": {"type": "Matrix2x2", "payoffs": [[[37,31],[0,29]],[[88,42],[38,0]]]},
"G995": {"type": "Matrix2x2", "payoffs": [[[3,0],[0,12]],[[34,20],[58,22]]]},
"G996": {"type": "Matrix2x2", "payoffs": [[[9,0],[24,13]],[[0,15],[32,19]]]},
"G997": {"type": "Matrix2x2", "payoffs": [[[0,48],[20,23]],[[14,0],[63,51]]]},
"G998": {"type": "Matrix2x2", "payoffs": [[[72,29],[0,11]],[[51,17],[49,0]]]},
"G999": {"type": "Matrix2x2", "payoffs": [[[41,52],[10,12]],[[24,25],[0,0]]]},
"G1000": {"type": "Matrix2x2", "payoffs": [[[19,53],[9,0]],[[0,28],[5,6]]]}
}