{
"numGames": 1000,
"G1": {"type": "Matrix2x2", "payoffs": [[[0,76],[3,0]],[[4,87],[1,81]]]},
"G2": {"type": "Matrix2x2", "payoffs": [[[47,45],[4,31]],[[39,3],[0,0]]]},
"G3": {"type": "Matrix2x2", "payoffs": [[[0,80],[81,100]],[[61,86],[70,0]]]},
"G4": {"type": "Matrix2x2", "payoffs": [[[6,39],[88,56]],[[85,48],[0,0]]]},
"G5": {"type": "Matrix2x2", "payoffs": [[[38,51],[0,66]],[[55,73],[5,0]]]},
"G6": {"type": "Matrix2x2", "payoffs": [[[0,0],[87,64]],[[60,10],[84,28]]]},
"G7": {"type": "Matrix2x2", "payoffs": [[[22,40],[19,14]],[[0,0],[61,52]]]},
"G8": {"type": "Matrix2x2", "payoffs": [[[39,50],[35,0]],[[2,4],[0,32]]]},
"G9": {"type": "Matrix2x2", "payoffs": [[[0,0],[89,80]],[[41,61],[94,88]]]},
"G10": {"type": "Matrix2x2", "payoffs": [[[80,6],[3,0]],[[99,27],[0,3]]]},
"G11": {"type": "Matrix2x2", "payoffs": [[[68,57],[59,64]],[[84,69],[0,0]]]},
"G12": {"type": "Matrix2x2", "payoffs": [[[11,7],[0,9]],[[89,12],[1,0]]]},
"G13": {"type": "Matrix2x2", "payoffs": [[[0,0],[12,2]],[[24,52],[25,82]]]},
"G14": {"type": "Matrix2x2", "payoffs": [[[34,8],[17,2]],[[0,5],[10,0]]]},
"G15": {"type": "Matrix2x2", "payoffs": [[[37,47],[0,0]],[[6,11],[4,18]]]},
"G16": {"type": "Matrix2x2", "payoffs": [[[41,2],[43,97]],[[24,0],[0,49]]]},
"G17": {"type": "Matrix2x2", "payoffs": [[[8,50],[1,0]],[[0,18],[2,21]]]},
"G18": {"type": "Matrix2x2", "payoffs": [[[88,0],[82,65]],[[0,33],[96,68]]]},
"G19": {"type": "Matrix2x2", "payoffs": [[[21,6],[69,68]],[[40,61],[0,0]]]},
"G20": {"type": "Matrix2x2", "payoffs": [[[2,0],[0,18]],[[6,43],[65,66]]]},
"G21": {"type": "Matrix2x2", "payoffs": [[[0,0],[84,78]],[[69,69],[65,11]]]},
"G22": {"type": "Matrix2x2", "payoffs": [[[0,47],[2,20]],[[85,0],[100,58]]]},
"G23": {"type": "Matrix2x2", "payoffs": [[[18,0],[83,2]],[[0,1],[93,3]]]},
"G24": {"type": "Matrix2x2", "payoffs": [[[0,57],[11,0]],[[13,30],[14,94]]]},
"G25": {"type": "Matrix2x2", "payoffs": [[[12,42],[0,30]],[[9,0],[1,22]]]},
"G26": {"type": "Matrix2x2", "payoffs": [[[7,0],[0,3]],[[6,14],[14,21]]]},
"G27": {"type": "Matrix2x2", "payoffs": [[[0,0],[2,11]],[[22,25],[27,29]]]},
"G28": {"type": "Matrix2x2", "payoffs": [[[47,19],[7,0]],[[11,3],[0,6]]]},
"G29": {"type": "Matrix2x2", "payoffs": [[[54,9],[31,21]],[[0,0],[55,25]]]},
"G30": {"type": "Matrix2x2", "payoffs": [[[93,88],[86,0]],[[0,22],[77,32]]]},
"G31": {"type": "Matrix2x2", "payoffs": [[[5,3],[1,8]],[[0,0],[10,10]]]},
"G32": {"type": "Matrix2x2", "payoffs": [[[4,18],[8,51]],[[0,0],[15,59]]]},
"G33": {"type": "Matrix2x2", "payoffs": [[[4,0],[29,48]],[[0,25],[34,54]]]},
"G34": {"type": "Matrix2x2", "payoffs": [[[11,0],[79,6]],[[64,4],[0,5]]]},
"G35": {"type": "Matrix2x2", "payoffs": [[[22,11],[0,17]],[[11,0],[82,19]]]},
"G36": {"type": "Matrix2x2", "payoffs": [[[90,45],[0,23]],[[3,0],[71,10]]]},
"G37": {"type": "Matrix2x2", "payoffs": [[[0,70],[71,0]],[[6,63],[86,85]]]},
"G38": {"type": "Matrix2x2", "payoffs": [[[28,93],[0,0]],[[7,18],[15,55]]]},
"G39": {"type": "Matrix2x2", "payoffs": [[[0,0],[39,5]],[[17,1],[57,6]]]},
"G40": {"type": "Matrix2x2", "payoffs": [[[0,0],[56,12]],[[69,19],[42,2]]]},
"G41": {"type": "Matrix2x2", "payoffs": [[[0,23],[69,0]],[[80,65],[96,67]]]},
"G42": {"type": "Matrix2x2", "payoffs": [[[60,31],[0,0]],[[100,63],[43,27]]]},
"G43": {"type": "Matrix2x2", "payoffs": [[[0,14],[7,9]],[[27,17],[22,0]]]},
"G44": {"type": "Matrix2x2", "payoffs": [[[15,17],[9,0]],[[0,33],[19,37]]]},
"G45": {"type": "Matrix2x2", "payoffs": [[[2,0],[0,22]],[[10,24],[19,36]]]},
"G46": {"type": "Matrix2x2", "payoffs": [[[0,0],[71,1]],[[72,64],[32,51]]]},
"G47": {"type": "Matrix2x2", "payoffs": [[[64,0],[63,22]],[[73,46],[0,40]]]},
"G48": {"type": "Matrix2x2", "payoffs": [[[47,5],[48,0]],[[62,48],[0,39]]]},
"G49": {"type": "Matrix2x2", "payoffs": [[[34,34],[0,22]],[[51,0],[87,36]]]},
"G50": {"type": "Matrix2x2", "payoffs": [[[23,75],[0,0]],[[8,8],[28,83]]]},
"G51": {"type": "Matrix2x2", "payoffs": [[[8,23],[50,3]],[[83,31],[0,0]]]},
"G52": {"type": "Matrix2x2", "payoffs": [[[23,79],[12,73]],[[0,0],[14,59]]]},
"G53": {"type": "Matrix2x2", "payoffs": [[[0,36],[2,25]],[[25,85],[13,0]]]},
"G54": {"type": "Matrix2x2", "payoffs": [[[5,0],[38,100]],[[31,92],[0,64]]]},
"G55": {"type": "Matrix2x2", "payoffs": [[[14,3],[35,6]],[[0,2],[15,0]]]},
"G56": {"type": "Matrix2x2", "payoffs": [[[0,10],[35,0]],[[67,12],[26,5]]]},
"G57": {"type": "Matrix2x2", "payoffs": [[[82,10],[100,79]],[[40,4],[0,0]]]},
"G58": {"type": "Matrix2x2", "payoffs": [[[0,0],[69,42]],[[40,8],[63,38]]]},
"G59": {"type": "Matrix2x2", "payoffs": [[[4,0],[6,25]],[[14,36],[0,31]]]},
"G60": {"type": "Matrix2x2", "payoffs": [[[0,0],[7,7]],[[3,63],[11,92]]]},
"G61": {"type": "Matrix2x2", "payoffs": [[[40,4],[41,7]],[[0,5],[22,0]]]},
"G62": {"type": "Matrix2x2", "payoffs": [[[13,22],[96,41]],[[0,0],[29,23]]]},
"G63": {"type": "Matrix2x2", "payoffs": [[[0,59],[91,87]],[[45,0],[39,27]]]},
"G64": {"type": "Matrix2x2", "payoffs": [[[76,39],[78,36]],[[92,90],[0,0]]]},
"G65": {"type": "Matrix2x2", "payoffs": [[[0,2],[90,6]],[[62,3],[89,0]]]},
"G66": {"type": "Matrix2x2", "payoffs": [[[60,0],[50,5]],[[96,16],[0,3]]]},
"G67": {"type": "Matrix2x2", "payoffs": [[[1,22],[32,20]],[[34,27],[0,0]]]},
"G68": {"type": "Matrix2x2", "payoffs": [[[30,8],[0,0]],[[21,5],[16,1]]]},
"G69": {"type": "Matrix2x2", "payoffs": [[[1,48],[0,84]],[[12,0],[56,92]]]},
"G70": {"type": "Matrix2x2", "payoffs": [[[45,70],[0,2]],[[31,0],[12,16]]]},
"G71": {"type": "Matrix2x2", "payoffs": [[[50,33],[76,42]],[[0,0],[57,23]]]},
"G72": {"type": "Matrix2x2", "payoffs": [[[21,15],[31,62]],[[0,50],[5,0]]]},
"G73": {"type": "Matrix2x2", "payoffs": [[[18,29],[3,0]],[[0,26],[16,18]]]},
"G74": {"type": "Matrix2x2", "payoffs": [[[18,14],[13,3]],[[0,0],[39,43]]]},
"G75": {"type": "Matrix2x2", "payoffs": [[[12,31],[0,0]],[[20,23],[45,36]]]},
"G76": {"type": "Matrix2x2", "payoffs": [[[68,2],[1,43]],[[96,52],[0,0]]]},
"G77": {"type": "Matrix2x2", "payoffs": [[[0,0],[70,99]],[[1,61],[63,89]]]},
"G78": {"type": "Matrix2x2", "payoffs": [[[0,48],[76,71]],[[33,61],[5,0]]]},
"G79": {"type": "Matrix2x2", "payoffs": [[[34,0],[39,30]],[[0,21],[26,18]]]},
"G80": {"type": "Matrix2x2", "payoffs": [[[0,92],[20,95]],[[86,98],[40,0]]]},
"G81": {"type": "Matrix2x2", "payoffs": [[[16,1],[20,23]],[[3,12],[0,0]]]},
"G82": {"type": "Matrix2x2", "payoffs": [[[0,0],[18,80]],[[6,30],[11,40]]]},
"G83": {"type": "Matrix2x2", "payoffs": [[[0,0],[7,9]],[[26,14],[35,32]]]},
"G84": {"type": "Matrix2x2", "payoffs": [[[0,0],[23,10]],[[40,11],[49,18]]]},
"G85": {"type": "Matrix2x2", "payoffs": [[[0,31],[1,0]],[[3,13],[5,35]]]},
"G86": {"type": "Matrix2x2", "payoffs": [[[2,44],[0,3]],[[3,0],[4,75]]]},
"G87": {"type": "Matrix2x2", "payoffs": [[[0,0],[22,91]],[[20,57],[10,20]]]},
"G88": {"type": "Matrix2x2", "payoffs": [[[60,0],[13,22]],[[79,36],[0,6]]]},
"G89": {"type": "Matrix2x2", "payoffs": [[[37,52],[14,0]],[[0,51],[20,11]]]},
"G90": {"type": "Matrix2x2", "payoffs": [[[87,4],[0,20]],[[100,88],[33,0]]]},
"G91": {"type": "Matrix2x2", "payoffs": [[[29,88],[6,0]],[[28,61],[0,81]]]},
"G92": {"type": "Matrix2x2", "payoffs": [[[0,19],[82,91]],[[54,0],[6,77]]]},
"G93": {"type": "Matrix2x2", "payoffs": [[[6,0],[12,84]],[[9,12],[0,6]]]},
"G94": {"type": "Matrix2x2", "payoffs": [[[47,34],[5,3]],[[0,20],[22,0]]]},
"G95": {"type": "Matrix2x2", "payoffs": [[[0,9],[17,82]],[[12,27],[15,0]]]},
"G96": {"type": "Matrix2x2", "payoffs": [[[0,0],[1,50]],[[9,68],[5,61]]]},
"G97": {"type": "Matrix2x2", "payoffs": [[[44,0],[0,7]],[[88,54],[15,21]]]},
"G98": {"type": "Matrix2x2", "payoffs": [[[52,22],[98,32]],[[0,24],[94,0]]]},
"G99": {"type": "Matrix2x2", "payoffs": [[[25,0],[21,1]],[[0,2],[41,5]]]},
"G100": {"type": "Matrix2x2", "payoffs": [[[0,0],[64,24]],[[60,13],[23,2]]]},
"G101": {"type": "Matrix2x2", "payoffs": [[[49,9],[60,26]],[[28,0],[0,7]]]},
"G102": {"type": "Matrix2x2", "payoffs": [[[8,83],[0,42]],[[55,100],[23,0]]]},
"G103": {"type": "Matrix2x2", "payoffs": [[[69,6],[0,0]],[[76,32],[38,16]]]},
"G104": {"type": "Matrix2x2", "payoffs": [[[2,20],[0,56]],[[4,94],[1,0]]]},
"G105": {"type": "Matrix2x2", "payoffs": [[[41,19],[79,44]],[[0,0],[60,32]]]},
"G106": {"type": "Matrix2x2", "payoffs": [[[92,54],[0,0]],[[39,4],[90,38]]]},
"G107": {"type": "Matrix2x2", "payoffs": [[[14,37],[28,0]],[[59,68],[0,22]]]},
"G108": {"type": "Matrix2x2", "payoffs": [[[17,33],[39,6]],[[90,53],[0,0]]]},
"G109": {"type": "Matrix2x2", "payoffs": [[[0,8],[58,82]],[[12,0],[72,95]]]},
"G110": {"type": "Matrix2x2", "payoffs": [[[0,22],[16,0]],[[27,94],[8,37]]]},
"G111": {"type": "Matrix2x2", "payoffs": [[[0,0],[1,21]],[[3,27],[2,24]]]},
"G112": {"type": "Matrix2x2", "payoffs": [[[23,44],[15,0]],[[65,67],[0,64]]]},
"G113": {"type": "Matrix2x2", "payoffs": [[[0,37],[53,0]],[[54,64],[34,51]]]},
"G114": {"type": "Matrix2x2", "payoffs": [[[30,33],[0,26]],[[18,0],[22,4]]]},
"G115": {"type": "Matrix2x2", "payoffs": [[[0,26],[86,31]],[[40,25],[31,0]]]},
"G116": {"type": "Matrix2x2", "payoffs": [[[0,10],[5,1]],[[15,16],[13,0]]]},
"G117": {"type": "Matrix2x2", "payoffs": [[[0,19],[50,0]],[[54,9],[91,28]]]},
"G118": {"type": "Matrix2x2", "payoffs": [[[44,27],[0,5]],[[39,4],[1,0]]]},
"G119": {"type": "Matrix2x2", "payoffs": [[[65,40],[28,0]],[[0,28],[85,70]]]},
"G120": {"type": "Matrix2x2", "payoffs": [[[41,1],[0,0]],[[35,4],[54,81]]]},
"G121": {"type": "Matrix2x2", "payoffs": [[[75,24],[93,35]],[[49,0],[0,10]]]},
"G122": {"type": "Matrix2x2", "payoffs": [[[35,8],[89,14]],[[63,0],[0,1]]]},
"G123": {"type": "Matrix2x2", "payoffs": [[[59,2],[58,4]],[[0,0],[69,6]]]},
"G124": {"type": "Matrix2x2", "payoffs": [[[47,55],[0,72]],[[95,0],[96,74]]]},
"G125": {"type": "Matrix2x2", "payoffs": [[[0,58],[24,78]],[[36,95],[13,0]]]},
"G126": {"type": "Matrix2x2", "payoffs": [[[44,50],[0,14]],[[17,0],[27,45]]]},
"G127": {"type": "Matrix2x2", "payoffs": [[[25,40],[11,0]],[[0,24],[17,25]]]},
"G128": {"type": "Matrix2x2", "payoffs": [[[0,1],[66,86]],[[47,0],[20,57]]]},
"G129": {"type": "Matrix2x2", "payoffs": [[[43,23],[0,16]],[[16,0],[42,15]]]},
"G130": {"type": "Matrix2x2", "payoffs": [[[7,82],[0,75]],[[3,37],[1,0]]]},
"G131": {"type": "Matrix2x2", "payoffs": [[[74,63],[0,31]],[[71,40],[62,0]]]},
"G132": {"type": "Matrix2x2", "payoffs": [[[0,14],[11,0]],[[12,16],[15,21]]]},
"G133": {"type": "Matrix2x2", "payoffs": [[[68,26],[62,0]],[[0,12],[89,32]]]},
"G134": {"type": "Matrix2x2", "payoffs": [[[18,12],[0,0]],[[6,7],[2,2]]]},
"G135": {"type": "Matrix2x2", "payoffs": [[[0,67],[9,3]],[[49,68],[13,0]]]},
"G136": {"type": "Matrix2x2", "payoffs": [[[15,32],[0,0]],[[7,15],[16,47]]]},
"G137": {"type": "Matrix2x2", "payoffs": [[[22,26],[57,62]],[[5,13],[0,0]]]},
"G138": {"type": "Matrix2x2", "payoffs": [[[85,69],[0,54]],[[43,0],[55,35]]]},
"G139": {"type": "Matrix2x2", "payoffs": [[[1,0],[21,73]],[[0,96],[28,100]]]},
"G140": {"type": "Matrix2x2", "payoffs": [[[66,39],[13,0]],[[80,93],[0,52]]]},
"G141": {"type": "Matrix2x2", "payoffs": [[[10,39],[0,37]],[[4,16],[9,0]]]},
"G142": {"type": "Matrix2x2", "payoffs": [[[0,5],[52,20]],[[28,0],[9,3]]]},
"G143": {"type": "Matrix2x2", "payoffs": [[[0,56],[43,81]],[[14,2],[32,0]]]},
"G144": {"type": "Matrix2x2", "payoffs": [[[2,10],[10,58]],[[8,31],[0,0]]]},
"G145": {"type": "Matrix2x2", "payoffs": [[[0,0],[9,2]],[[21,6],[2,4]]]},
"G146": {"type": "Matrix2x2", "payoffs": [[[82,21],[98,71]],[[0,0],[92,12]]]},
"G147": {"type": "Matrix2x2", "payoffs": [[[2,67],[1,0]],[[3,69],[0,52]]]},
"G148": {"type": "Matrix2x2", "payoffs": [[[0,34],[96,47]],[[56,0],[83,32]]]},
"G149": {"type": "Matrix2x2", "payoffs": [[[0,24],[40,6]],[[39,0],[45,37]]]},
"G150": {"type": "Matrix2x2", "payoffs": [[[44,0],[5,2]],[[0,1],[49,4]]]},
"G151": {"type": "Matrix2x2", "payoffs": [[[88,56],[24,0]],[[0,16],[4,53]]]},
"G152": {"type": "Matrix2x2", "payoffs": [[[0,44],[9,0]],[[32,91],[22,50]]]},
"G153": {"type": "Matrix2x2", "payoffs": [[[0,20],[37,0]],[[19,21],[39,33]]]},
"G154": {"type": "Matrix2x2", "payoffs": [[[2,57],[5,58]],[[0,0],[4,6]]]},
"G155": {"type": "Matrix2x2", "payoffs": [[[0,0],[95,29]],[[72,22],[32,7]]]},
"G156": {"type": "Matrix2x2", "payoffs": [[[3,18],[8,25]],[[15,31],[0,0]]]},
"G157": {"type": "Matrix2x2", "payoffs": [[[7,0],[36,5]],[[69,35],[0,30]]]},
"G158": {"type": "Matrix2x2", "payoffs": [[[11,0],[5,29]],[[0,16],[13,50]]]},
"G159": {"type": "Matrix2x2", "payoffs": [[[28,1],[0,15]],[[56,16],[23,0]]]},
"G160": {"type": "Matrix2x2", "payoffs": [[[21,0],[7,8]],[[28,76],[0,5]]]},
"G161": {"type": "Matrix2x2", "payoffs": [[[25,3],[37,0]],[[75,27],[0,12]]]},
"G162": {"type": "Matrix2x2", "payoffs": [[[26,14],[41,79]],[[27,0],[0,25]]]},
"G163": {"type": "Matrix2x2", "payoffs": [[[4,60],[0,70]],[[8,71],[3,0]]]},
"G164": {"type": "Matrix2x2", "payoffs": [[[0,89],[15,31]],[[12,0],[18,91]]]},
"G165": {"type": "Matrix2x2", "payoffs": [[[9,5],[10,62]],[[3,20],[0,0]]]},
"G166": {"type": "Matrix2x2", "payoffs": [[[0,12],[80,90]],[[49,36],[77,0]]]},
"G167": {"type": "Matrix2x2", "payoffs": [[[38,70],[41,19]],[[0,0],[45,74]]]},
"G168": {"type": "Matrix2x2", "payoffs": [[[70,5],[0,0]],[[100,66],[60,24]]]},
"G169": {"type": "Matrix2x2", "payoffs": [[[34,0],[84,45]],[[100,78],[0,22]]]},
"G170": {"type": "Matrix2x2", "payoffs": [[[36,75],[14,0]],[[15,52],[0,38]]]},
"G171": {"type": "Matrix2x2", "payoffs": [[[76,32],[21,0]],[[10,23],[0,24]]]},
"G172": {"type": "Matrix2x2", "payoffs": [[[13,62],[12,54]],[[6,0],[0,32]]]},
"G173": {"type": "Matrix2x2", "payoffs": [[[41,55],[17,24]],[[70,89],[0,0]]]},
"G174": {"type": "Matrix2x2", "payoffs": [[[69,0],[82,75]],[[0,37],[62,33]]]},
"G175": {"type": "Matrix2x2", "payoffs": [[[50,79],[34,40]],[[42,6],[0,0]]]},
"G176": {"type": "Matrix2x2", "payoffs": [[[56,0],[45,28]],[[0,79],[100,88]]]},
"G177": {"type": "Matrix2x2", "payoffs": [[[72,8],[0,4]],[[20,0],[82,10]]]},
"G178": {"type": "Matrix2x2", "payoffs": [[[26,0],[44,33]],[[0,4],[23,15]]]},
"G179": {"type": "Matrix2x2", "payoffs": [[[44,30],[0,0]],[[6,3],[26,17]]]},
"G180": {"type": "Matrix2x2", "payoffs": [[[0,12],[76,29]],[[51,10],[11,0]]]},
"G181": {"type": "Matrix2x2", "payoffs": [[[92,20],[100,93]],[[61,0],[0,16]]]},
"G182": {"type": "Matrix2x2", "payoffs": [[[13,22],[1,14]],[[0,0],[7,7]]]},
"G183": {"type": "Matrix2x2", "payoffs": [[[65,2],[11,0]],[[85,17],[0,3]]]},
"G184": {"type": "Matrix2x2", "payoffs": [[[6,0],[39,42]],[[0,26],[25,8]]]},
"G185": {"type": "Matrix2x2", "payoffs": [[[19,16],[9,0]],[[42,37],[0,20]]]},
"G186": {"type": "Matrix2x2", "payoffs": [[[10,0],[18,5]],[[20,94],[0,79]]]},
"G187": {"type": "Matrix2x2", "payoffs": [[[11,63],[24,85]],[[0,0],[13,2]]]},
"G188": {"type": "Matrix2x2", "payoffs": [[[53,0],[61,63]],[[14,20],[0,6]]]},
"G189": {"type": "Matrix2x2", "payoffs": [[[72,0],[88,3]],[[0,2],[26,1]]]},
"G190": {"type": "Matrix2x2", "payoffs": [[[0,0],[13,53]],[[37,34],[66,73]]]},
"G191": {"type": "Matrix2x2", "payoffs": [[[8,0],[0,47]],[[21,66],[2,21]]]},
"G192": {"type": "Matrix2x2", "payoffs": [[[6,0],[4,6]],[[9,16],[0,1]]]},
"G193": {"type": "Matrix2x2", "payoffs": [[[44,15],[0,0]],[[2,36],[64,46]]]},
"G194": {"type": "Matrix2x2", "payoffs": [[[36,16],[79,53]],[[5,0],[0,24]]]},
"G195": {"type": "Matrix2x2", "payoffs": [[[0,39],[77,87]],[[18,0],[61,44]]]},
"G196": {"type": "Matrix2x2", "payoffs": [[[30,15],[60,31]],[[0,4],[47,0]]]},
"G197": {"type": "Matrix2x2", "payoffs": [[[32,4],[38,5]],[[14,2],[0,0]]]},
"G198": {"type": "Matrix2x2", "payoffs": [[[16,0],[53,85]],[[13,43],[0,2]]]},
"G199": {"type": "Matrix2x2", "payoffs": [[[32,54],[14,0]],[[0,70],[62,72]]]},
"G200": {"type": "Matrix2x2", "payoffs": [[[24,31],[91,35]],[[0,0],[18,14]]]},
"G201": {"type": "Matrix2x2", "payoffs": [[[0,18],[18,19]],[[49,65],[48,0]]]},
"G202": {"type": "Matrix2x2", "payoffs": [[[30,23],[17,0]],[[9,6],[0,3]]]},
"G203": {"type": "Matrix2x2", "payoffs": [[[0,68],[65,77]],[[52,0],[23,30]]]},
"G204": {"type": "Matrix2x2", "payoffs": [[[0,14],[83,98]],[[74,0],[60,33]]]},
"G205": {"type": "Matrix2x2", "payoffs": [[[15,9],[1,0]],[[82,28],[0,25]]]},
"G206": {"type": "Matrix2x2", "payoffs": [[[85,22],[0,0]],[[100,43],[32,14]]]},
"G207": {"type": "Matrix2x2", "payoffs": [[[87,77],[58,15]],[[81,0],[0,19]]]},
"G208": {"type": "Matrix2x2", "payoffs": [[[6,8],[0,0]],[[35,11],[7,7]]]},
"G209": {"type": "Matrix2x2", "payoffs": [[[0,13],[17,15]],[[7,5],[12,0]]]},
"G210": {"type": "Matrix2x2", "payoffs": [[[90,28],[0,23]],[[4,21],[46,0]]]},
"G211": {"type": "Matrix2x2", "payoffs": [[[18,46],[34,0]],[[0,64],[48,85]]]},
"G212": {"type": "Matrix2x2", "payoffs": [[[0,0],[30,25]],[[47,43],[37,34]]]},
"G213": {"type": "Matrix2x2", "payoffs": [[[0,0],[7,83]],[[3,23],[4,8]]]},
"G214": {"type": "Matrix2x2", "payoffs": [[[69,1],[40,5]],[[0,0],[78,6]]]},
"G215": {"type": "Matrix2x2", "payoffs": [[[25,0],[0,31]],[[57,73],[29,17]]]},
"G216": {"type": "Matrix2x2", "payoffs": [[[5,0],[9,59]],[[0,57],[32,61]]]},
"G217": {"type": "Matrix2x2", "payoffs": [[[64,2],[14,0]],[[82,61],[0,39]]]},
"G218": {"type": "Matrix2x2", "payoffs": [[[0,80],[2,2]],[[76,84],[12,0]]]},
"G219": {"type": "Matrix2x2", "payoffs": [[[28,0],[31,60]],[[6,19],[0,37]]]},
"G220": {"type": "Matrix2x2", "payoffs": [[[44,88],[19,0]],[[0,57],[20,76]]]},
"G221": {"type": "Matrix2x2", "payoffs": [[[5,0],[0,10]],[[4,9],[26,11]]]},
"G222": {"type": "Matrix2x2", "payoffs": [[[79,76],[0,17]],[[86,96],[50,0]]]},
"G223": {"type": "Matrix2x2", "payoffs": [[[5,3],[11,51]],[[12,94],[0,0]]]},
"G224": {"type": "Matrix2x2", "payoffs": [[[0,48],[27,0]],[[11,27],[32,59]]]},
"G225": {"type": "Matrix2x2", "payoffs": [[[12,11],[29,6]],[[0,0],[77,12]]]},
"G226": {"type": "Matrix2x2", "payoffs": [[[15,78],[37,86]],[[0,64],[13,0]]]},
"G227": {"type": "Matrix2x2", "payoffs": [[[20,44],[48,91]],[[0,39],[3,0]]]},
"G228": {"type": "Matrix2x2", "payoffs": [[[27,0],[30,88]],[[0,58],[25,14]]]},
"G229": {"type": "Matrix2x2", "payoffs": [[[57,0],[77,8]],[[0,3],[81,59]]]},
"G230": {"type": "Matrix2x2", "payoffs": [[[1,6],[3,3]],[[0,0],[9,7]]]},
"G231": {"type": "Matrix2x2", "payoffs": [[[20,8],[51,0]],[[80,49],[0,47]]]},
"G232": {"type": "Matrix2x2", "payoffs": [[[16,42],[20,45]],[[0,6],[11,0]]]},
"G233": {"type": "Matrix2x2", "payoffs": [[[18,3],[56,14]],[[0,1],[40,0]]]},
"G234": {"type": "Matrix2x2", "payoffs": [[[4,20],[0,16]],[[1,0],[3,19]]]},
"G235": {"type": "Matrix2x2", "payoffs": [[[3,47],[0,23]],[[2,0],[5,63]]]},
"G236": {"type": "Matrix2x2", "payoffs": [[[0,0],[10,94]],[[3,85],[6,28]]]},
"G237": {"type": "Matrix2x2", "payoffs": [[[0,0],[7,11]],[[22,63],[19,9]]]},
"G238": {"type": "Matrix2x2", "payoffs": [[[0,7],[9,11]],[[8,4],[4,0]]]},
"G239": {"type": "Matrix2x2", "payoffs": [[[29,38],[11,18]],[[0,31],[15,0]]]},
"G240": {"type": "Matrix2x2", "payoffs": [[[43,31],[0,57]],[[48,73],[2,0]]]},
"G241": {"type": "Matrix2x2", "payoffs": [[[0,9],[13,0]],[[40,13],[27,12]]]},
"G242": {"type": "Matrix2x2", "payoffs": [[[0,0],[14,21]],[[11,15],[28,43]]]},
"G243": {"type": "Matrix2x2", "payoffs": [[[0,19],[63,0]],[[100,97],[60,51]]]},
"G244": {"type": "Matrix2x2", "payoffs": [[[67,29],[56,4]],[[0,0],[51,25]]]},
"G245": {"type": "Matrix2x2", "payoffs": [[[4,0],[72,34]],[[32,5],[0,30]]]},
"G246": {"type": "Matrix2x2", "payoffs": [[[6,21],[1,0]],[[5,16],[0,13]]]},
"G247": {"type": "Matrix2x2", "payoffs": [[[10,0],[0,22]],[[25,35],[7,21]]]},
"G248": {"type": "Matrix2x2", "payoffs": [[[40,65],[12,0]],[[0,41],[35,55]]]},
"G249": {"type": "Matrix2x2", "payoffs": [[[32,44],[15,0]],[[35,49],[0,22]]]},
"G250": {"type": "Matrix2x2", "payoffs": [[[29,81],[12,14]],[[0,30],[16,0]]]},
"G251": {"type": "Matrix2x2", "payoffs": [[[17,42],[0,0]],[[73,23],[90,65]]]},
"G252": {"type": "Matrix2x2", "payoffs": [[[10,63],[2,42]],[[5,39],[0,0]]]},
"G253": {"type": "Matrix2x2", "payoffs": [[[80,40],[75,14]],[[46,0],[0,1]]]},
"G254": {"type": "Matrix2x2", "payoffs": [[[70,73],[57,41]],[[47,69],[0,0]]]},
"G255": {"type": "Matrix2x2", "payoffs": [[[0,24],[14,0]],[[46,51],[38,33]]]},
"G256": {"type": "Matrix2x2", "payoffs": [[[33,5],[3,0]],[[22,3],[0,2]]]},
"G257": {"type": "Matrix2x2", "payoffs": [[[0,6],[8,0]],[[28,49],[11,4]]]},
"G258": {"type": "Matrix2x2", "payoffs": [[[52,34],[30,72]],[[0,0],[67,86]]]},
"G259": {"type": "Matrix2x2", "payoffs": [[[63,8],[0,0]],[[24,3],[10,1]]]},
"G260": {"type": "Matrix2x2", "payoffs": [[[10,0],[0,2]],[[46,22],[11,11]]]},
"G261": {"type": "Matrix2x2", "payoffs": [[[40,14],[0,0]],[[2,11],[46,50]]]},
"G262": {"type": "Matrix2x2", "payoffs": [[[24,7],[0,4]],[[12,0],[55,49]]]},
"G263": {"type": "Matrix2x2", "payoffs": [[[0,0],[10,5]],[[20,1],[25,6]]]},
"G264": {"type": "Matrix2x2", "payoffs": [[[0,14],[33,0]],[[38,6],[44,21]]]},
"G265": {"type": "Matrix2x2", "payoffs": [[[0,0],[15,34]],[[10,4],[16,98]]]},
"G266": {"type": "Matrix2x2", "payoffs": [[[13,0],[0,8]],[[19,11],[27,16]]]},
"G267": {"type": "Matrix2x2", "payoffs": [[[43,0],[65,28]],[[51,13],[0,11]]]},
"G268": {"type": "Matrix2x2", "payoffs": [[[0,0],[17,6]],[[74,8],[91,9]]]},
"G269": {"type": "Matrix2x2", "payoffs": [[[68,48],[59,8]],[[36,3],[0,0]]]},
"G270": {"type": "Matrix2x2", "payoffs": [[[78,78],[23,48]],[[0,0],[18,65]]]},
"G271": {"type": "Matrix2x2", "payoffs": [[[2,40],[32,89]],[[28,71],[0,0]]]},
"G272": {"type": "Matrix2x2", "payoffs": [[[21,12],[49,0]],[[67,15],[0,2]]]},
"G273": {"type": "Matrix2x2", "payoffs": [[[0,1],[7,0]],[[58,4],[21,3]]]},
"G274": {"type": "Matrix2x2", "payoffs": [[[27,0],[0,21]],[[62,77],[53,36]]]},
"G275": {"type": "Matrix2x2", "payoffs": [[[28,17],[33,0]],[[38,37],[0,29]]]},
"G276": {"type": "Matrix2x2", "payoffs": [[[32,6],[30,14]],[[35,30],[0,0]]]},
"G277": {"type": "Matrix2x2", "payoffs": [[[38,0],[0,32]],[[77,7],[99,47]]]},
"G278": {"type": "Matrix2x2", "payoffs": [[[0,11],[4,0]],[[19,27],[10,7]]]},
"G279": {"type": "Matrix2x2", "payoffs": [[[0,3],[32,0]],[[4,16],[76,28]]]},
"G280": {"type": "Matrix2x2", "payoffs": [[[43,9],[86,17]],[[0,0],[69,6]]]},
"G281": {"type": "Matrix2x2", "payoffs": [[[93,99],[65,65]],[[0,0],[13,53]]]},
"G282": {"type": "Matrix2x2", "payoffs": [[[34,41],[0,16]],[[7,9],[17,0]]]},
"G283": {"type": "Matrix2x2", "payoffs": [[[52,47],[0,61]],[[47,0],[79,68]]]},
"G284": {"type": "Matrix2x2", "payoffs": [[[2,12],[3,33]],[[1,0],[0,14]]]},
"G285": {"type": "Matrix2x2", "payoffs": [[[5,15],[37,4]],[[39,24],[0,0]]]},
"G286": {"type": "Matrix2x2", "payoffs": [[[51,0],[34,3]],[[0,19],[80,55]]]},
"G287": {"type": "Matrix2x2", "payoffs": [[[36,61],[29,40]],[[24,0],[0,58]]]},
"G288": {"type": "Matrix2x2", "payoffs": [[[21,40],[0,0]],[[18,30],[16,17]]]},
"G289": {"type": "Matrix2x2", "payoffs": [[[2,2],[13,26]],[[0,0],[1,14]]]},
"G290": {"type": "Matrix2x2", "payoffs": [[[78,2],[0,0]],[[44,1],[82,9]]]},
"G291": {"type": "Matrix2x2", "payoffs": [[[0,4],[18,46]],[[34,85],[15,0]]]},
"G292": {"type": "Matrix2x2", "payoffs": [[[14,47],[25,20]],[[50,56],[0,0]]]},
"G293": {"type": "Matrix2x2", "payoffs": [[[93,59],[0,0]],[[77,53],[25,27]]]},
"G294": {"type": "Matrix2x2", "payoffs": [[[2,62],[0,31]],[[1,0],[3,78]]]},
"G295": {"type": "Matrix2x2", "payoffs": [[[0,0],[49,69]],[[87,78],[72,68]]]},
"G296": {"type": "Matrix2x2", "payoffs": [[[9,18],[23,33]],[[21,4],[0,0]]]},
"G297": {"type": "Matrix2x2", "payoffs": [[[0,0],[2,18]],[[17,21],[24,36]]]},
"G298": {"type": "Matrix2x2", "payoffs": [[[16,19],[23,51]],[[0,43],[13,0]]]},
"G299": {"type": "Matrix2x2", "payoffs": [[[5,78],[46,0]],[[0,74],[59,81]]]},
"G300": {"type": "Matrix2x2", "payoffs": [[[6,0],[0,22]],[[37,25],[92,69]]]},
"G301": {"type": "Matrix2x2", "payoffs": [[[21,51],[38,81]],[[3,0],[0,49]]]},
"G302": {"type": "Matrix2x2", "payoffs": [[[81,35],[65,15]],[[0,23],[43,0]]]},
"G303": {"type": "Matrix2x2", "payoffs": [[[0,19],[4,0]],[[35,24],[10,12]]]},
"G304": {"type": "Matrix2x2", "payoffs": [[[45,67],[10,36]],[[0,0],[29,50]]]},
"G305": {"type": "Matrix2x2", "payoffs": [[[71,25],[54,0]],[[0,68],[74,70]]]},
"G306": {"type": "Matrix2x2", "payoffs": [[[75,6],[97,70]],[[0,65],[51,0]]]},
"G307": {"type": "Matrix2x2", "payoffs": [[[25,6],[0,92]],[[33,94],[29,0]]]},
"G308": {"type": "Matrix2x2", "payoffs": [[[0,6],[20,0]],[[42,25],[38,3]]]},
"G309": {"type": "Matrix2x2", "payoffs": [[[3,5],[8,40]],[[5,20],[0,0]]]},
"G310": {"type": "Matrix2x2", "payoffs": [[[17,62],[74,85]],[[0,34],[8,0]]]},
"G311": {"type": "Matrix2x2", "payoffs": [[[54,43],[0,27]],[[73,51],[66,0]]]},
"G312": {"type": "Matrix2x2", "payoffs": [[[2,19],[4,0]],[[8,28],[0,12]]]},
"G313": {"type": "Matrix2x2", "payoffs": [[[0,43],[35,0]],[[60,20],[67,65]]]},
"G314": {"type": "Matrix2x2", "payoffs": [[[9,60],[0,0]],[[15,80],[5,59]]]},
"G315": {"type": "Matrix2x2", "payoffs": [[[15,13],[10,56]],[[48,92],[0,0]]]},
"G316": {"type": "Matrix2x2", "payoffs": [[[18,0],[0,11]],[[42,16],[39,15]]]},
"G317": {"type": "Matrix2x2", "payoffs": [[[6,6],[0,2]],[[80,9],[38,0]]]},
"G318": {"type": "Matrix2x2", "payoffs": [[[6,75],[0,2]],[[12,94],[11,0]]]},
"G319": {"type": "Matrix2x2", "payoffs": [[[11,57],[47,18]],[[95,69],[0,0]]]},
"G320": {"type": "Matrix2x2", "payoffs": [[[78,64],[77,17]],[[70,40],[0,0]]]},
"G321": {"type": "Matrix2x2", "payoffs": [[[32,35],[52,53]],[[15,25],[0,0]]]},
"G322": {"type": "Matrix2x2", "payoffs": [[[0,60],[2,0]],[[36,76],[14,39]]]},
"G323": {"type": "Matrix2x2", "payoffs": [[[8,0],[0,6]],[[23,7],[25,20]]]},
"G324": {"type": "Matrix2x2", "payoffs": [[[15,12],[21,22]],[[0,0],[2,18]]]},
"G325": {"type": "Matrix2x2", "payoffs": [[[97,5],[0,0]],[[36,2],[57,1]]]},
"G326": {"type": "Matrix2x2", "payoffs": [[[24,88],[36,91]],[[0,0],[9,16]]]},
"G327": {"type": "Matrix2x2", "payoffs": [[[10,24],[33,21]],[[51,28],[0,0]]]},
"G328": {"type": "Matrix2x2", "payoffs": [[[1,44],[4,45]],[[24,68],[0,0]]]},
"G329": {"type": "Matrix2x2", "payoffs": [[[0,0],[76,82]],[[6,31],[46,58]]]},
"G330": {"type": "Matrix2x2", "payoffs": [[[34,39],[31,4]],[[9,31],[0,0]]]},
"G331": {"type": "Matrix2x2", "payoffs": [[[0,0],[2,68]],[[42,19],[57,92]]]},
"G332": {"type": "Matrix2x2", "payoffs": [[[20,3],[5,28]],[[55,38],[0,0]]]},
"G333": {"type": "Matrix2x2", "payoffs": [[[4,4],[10,44]],[[0,0],[8,6]]]},
"G334": {"type": "Matrix2x2", "payoffs": [[[51,43],[0,35]],[[90,0],[97,55]]]},
"G335": {"type": "Matrix2x2", "payoffs": [[[50,52],[91,97]],[[0,0],[47,63]]]},
"G336": {"type": "Matrix2x2", "payoffs": [[[33,45],[54,23]],[[57,74],[0,0]]]},
"G337": {"type": "Matrix2x2", "payoffs": [[[91,52],[84,0]],[[38,41],[0,28]]]},
"G338": {"type": "Matrix2x2", "payoffs": [[[4,66],[10,59]],[[14,70],[0,0]]]},
"G339": {"type": "Matrix2x2", "payoffs": [[[2,36],[3,79]],[[1,0],[0,61]]]},
"G340": {"type": "Matrix2x2", "payoffs": [[[24,10],[0,42]],[[30,0],[68,48]]]},
"G341": {"type": "Matrix2x2", "payoffs": [[[13,46],[91,71]],[[0,0],[18,70]]]},
"G342": {"type": "Matrix2x2", "payoffs": [[[27,0],[25,36]],[[93,38],[0,24]]]},
"G343": {"type": "Matrix2x2", "payoffs": [[[32,0],[36,6]],[[39,7],[0,4]]]},
"G344": {"type": "Matrix2x2", "payoffs": [[[1,6],[24,14]],[[20,0],[0,4]]]},
"G345": {"type": "Matrix2x2", "payoffs": [[[0,40],[3,41]],[[1,0],[2,2]]]},
"G346": {"type": "Matrix2x2", "payoffs": [[[0,9],[56,0]],[[75,12],[59,2]]]},
"G347": {"type": "Matrix2x2", "payoffs": [[[0,0],[28,97]],[[19,27],[12,88]]]},
"G348": {"type": "Matrix2x2", "payoffs": [[[82,81],[37,0]],[[8,36],[0,23]]]},
"G349": {"type": "Matrix2x2", "payoffs": [[[79,95],[0,0]],[[59,22],[29,13]]]},
"G350": {"type": "Matrix2x2", "payoffs": [[[5,9],[0,0]],[[4,32],[10,34]]]},
"G351": {"type": "Matrix2x2", "payoffs": [[[38,0],[76,50]],[[0,4],[100,64]]]},
"G352": {"type": "Matrix2x2", "payoffs": [[[37,51],[72,82]],[[0,0],[34,8]]]},
"G353": {"type": "Matrix2x2", "payoffs": [[[0,2],[3,10]],[[28,0],[36,11]]]},
"G354": {"type": "Matrix2x2", "payoffs": [[[25,1],[81,5]],[[0,3],[65,0]]]},
"G355": {"type": "Matrix2x2", "payoffs": [[[43,53],[24,0]],[[0,7],[2,48]]]},
"G356": {"type": "Matrix2x2", "payoffs": [[[0,43],[82,0]],[[90,91],[10,12]]]},
"G357": {"type": "Matrix2x2", "payoffs": [[[13,0],[0,1]],[[39,41],[100,65]]]},
"G358": {"type": "Matrix2x2", "payoffs": [[[30,0],[46,70]],[[0,20],[31,34]]]},
"G359": {"type": "Matrix2x2", "payoffs": [[[4,32],[35,39]],[[6,0],[0,18]]]},
"G360": {"type": "Matrix2x2", "payoffs": [[[0,3],[86,70]],[[42,0],[75,24]]]},
"G361": {"type": "Matrix2x2", "payoffs": [[[0,0],[15,10]],[[20,5],[59,61]]]},
"G362": {"type": "Matrix2x2", "payoffs": [[[14,0],[15,40]],[[2,24],[0,15]]]},
"G363": {"type": "Matrix2x2", "payoffs": [[[71,15],[10,38]],[[81,68],[0,0]]]},
"G364": {"type": "Matrix2x2", "payoffs": [[[0,58],[46,65]],[[4,0],[10,52]]]},
"G365": {"type": "Matrix2x2", "payoffs": [[[22,2],[58,0]],[[0,5],[64,9]]]},
"G366": {"type": "Matrix2x2", "payoffs": [[[4,5],[13,7]],[[0,6],[10,0]]]},
"G367": {"type": "Matrix2x2", "payoffs": [[[4,48],[0,41]],[[2,0],[1,37]]]},
"G368": {"type": "Matrix2x2", "payoffs": [[[0,0],[49,1]],[[61,12],[13,10]]]},
"G369": {"type": "Matrix2x2", "payoffs": [[[82,15],[70,8]],[[10,13],[0,0]]]},
"G370": {"type": "Matrix2x2", "payoffs": [[[100,66],[0,0]],[[31,10],[53,58]]]},
"G371": {"type": "Matrix2x2", "payoffs": [[[0,0],[29,3]],[[4,1],[61,20]]]},
"G372": {"type": "Matrix2x2", "payoffs": [[[3,51],[0,21]],[[9,0],[10,88]]]},
"G373": {"type": "Matrix2x2", "payoffs": [[[0,0],[18,28]],[[17,13],[1,15]]]},
"G374": {"type": "Matrix2x2", "payoffs": [[[36,26],[54,66]],[[9,0],[0,11]]]},
"G375": {"type": "Matrix2x2", "payoffs": [[[64,14],[21,0]],[[0,8],[46,6]]]},
"G376": {"type": "Matrix2x2", "payoffs": [[[1,24],[10,91]],[[0,0],[9,53]]]},
"G377": {"type": "Matrix2x2", "payoffs": [[[10,13],[0,3]],[[7,0],[16,14]]]},
"G378": {"type": "Matrix2x2", "payoffs": [[[22,4],[0,0]],[[2,9],[28,20]]]},
"G379": {"type": "Matrix2x2", "payoffs": [[[42,0],[0,21]],[[79,49],[57,5]]]},
"G380": {"type": "Matrix2x2", "payoffs": [[[39,13],[87,70]],[[0,50],[53,0]]]},
"G381": {"type": "Matrix2x2", "payoffs": [[[26,28],[44,56]],[[0,11],[6,0]]]},
"G382": {"type": "Matrix2x2", "payoffs": [[[66,34],[76,76]],[[68,73],[0,0]]]},
"G383": {"type": "Matrix2x2", "payoffs": [[[5,62],[0,12]],[[8,0],[14,64]]]},
"G384": {"type": "Matrix2x2", "payoffs": [[[44,100],[9,12]],[[0,8],[10,0]]]},
"G385": {"type": "Matrix2x2", "payoffs": [[[0,0],[38,6]],[[58,11],[53,2]]]},
"G386": {"type": "Matrix2x2", "payoffs": [[[0,30],[5,0]],[[31,98],[17,8]]]},
"G387": {"type": "Matrix2x2", "payoffs": [[[0,15],[16,0]],[[15,3],[52,79]]]},
"G388": {"type": "Matrix2x2", "payoffs": [[[12,17],[86,80]],[[0,25],[1,0]]]},
"G389": {"type": "Matrix2x2", "payoffs": [[[4,0],[30,17]],[[59,49],[0,31]]]},
"G390": {"type": "Matrix2x2", "payoffs": [[[31,83],[8,32]],[[24,21],[0,0]]]},
"G391": {"type": "Matrix2x2", "payoffs": [[[0,25],[14,66]],[[3,22],[13,0]]]},
"G392": {"type": "Matrix2x2", "payoffs": [[[0,8],[13,0]],[[46,10],[35,9]]]},
"G393": {"type": "Matrix2x2", "payoffs": [[[0,10],[64,7]],[[27,0],[77,33]]]},
"G394": {"type": "Matrix2x2", "payoffs": [[[68,42],[61,32]],[[0,33],[37,0]]]},
"G395": {"type": "Matrix2x2", "payoffs": [[[21,19],[85,60]],[[69,7],[0,0]]]},
"G396": {"type": "Matrix2x2", "payoffs": [[[86,53],[82,3]],[[0,1],[80,0]]]},
"G397": {"type": "Matrix2x2", "payoffs": [[[55,0],[0,45]],[[87,50],[9,47]]]},
"G398": {"type": "Matrix2x2", "payoffs": [[[10,2],[0,0]],[[13,20],[14,48]]]},
"G399": {"type": "Matrix2x2", "payoffs": [[[0,0],[37,49]],[[44,71],[50,96]]]},
"G400": {"type": "Matrix2x2", "payoffs": [[[0,25],[42,0]],[[56,24],[59,29]]]},
"G401": {"type": "Matrix2x2", "payoffs": [[[26,64],[15,54]],[[0,0],[8,7]]]},
"G402": {"type": "Matrix2x2", "payoffs": [[[2,0],[0,26]],[[27,37],[8,9]]]},
"G403": {"type": "Matrix2x2", "payoffs": [[[25,70],[18,18]],[[24,45],[0,0]]]},
"G404": {"type": "Matrix2x2", "payoffs": [[[7,0],[10,24]],[[0,21],[45,37]]]},
"G405": {"type": "Matrix2x2", "payoffs": [[[18,80],[34,85]],[[0,50],[25,0]]]},
"G406": {"type": "Matrix2x2", "payoffs": [[[41,8],[46,11]],[[43,9],[0,0]]]},
"G407": {"type": "Matrix2x2", "payoffs": [[[21,0],[78,48]],[[20,19],[0,25]]]},
"G408": {"type": "Matrix2x2", "payoffs": [[[78,8],[19,0]],[[0,1],[52,7]]]},
"G409": {"type": "Matrix2x2", "payoffs": [[[20,2],[47,29]],[[2,0],[0,10]]]},
"G410": {"type": "Matrix2x2", "payoffs": [[[0,18],[34,31]],[[40,0],[43,59]]]},
"G411": {"type": "Matrix2x2", "payoffs": [[[50,21],[20,28]],[[0,0],[71,44]]]},
"G412": {"type": "Matrix2x2", "payoffs": [[[5,0],[9,96]],[[2,35],[0,89]]]},
"G413": {"type": "Matrix2x2", "payoffs": [[[10,42],[45,85]],[[0,77],[22,0]]]},
"G414": {"type": "Matrix2x2", "payoffs": [[[0,17],[4,0]],[[6,32],[2,28]]]},
"G415": {"type": "Matrix2x2", "payoffs": [[[33,0],[0,71]],[[57,77],[61,89]]]},
"G416": {"type": "Matrix2x2", "payoffs": [[[30,1],[67,6]],[[0,5],[35,0]]]},
"G417": {"type": "Matrix2x2", "payoffs": [[[73,65],[5,0]],[[56,25],[0,45]]]},
"G418": {"type": "Matrix2x2", "payoffs": [[[11,0],[0,12]],[[21,15],[12,13]]]},
"G419": {"type": "Matrix2x2", "payoffs": [[[53,34],[22,4]],[[72,96],[0,0]]]},
"G420": {"type": "Matrix2x2", "payoffs": [[[18,54],[0,28]],[[60,91],[46,0]]]},
"G421": {"type": "Matrix2x2", "payoffs": [[[10,30],[22,36]],[[0,18],[2,0]]]},
"G422": {"type": "Matrix2x2", "payoffs": [[[32,6],[53,7]],[[0,0],[25,2]]]},
"G423": {"type": "Matrix2x2", "payoffs": [[[0,5],[12,19]],[[86,39],[67,0]]]},
"G424": {"type": "Matrix2x2", "payoffs": [[[7,45],[0,10]],[[4,0],[11,55]]]},
"G425": {"type": "Matrix2x2", "payoffs": [[[36,0],[66,40]],[[33,15],[0,24]]]},
"G426": {"type": "Matrix2x2", "payoffs": [[[9,31],[22,35]],[[7,16],[0,0]]]},
"G427": {"type": "Matrix2x2", "payoffs": [[[65,31],[0,0]],[[9,21],[80,84]]]},
"G428": {"type": "Matrix2x2", "payoffs": [[[77,0],[83,45]],[[49,1],[0,13]]]},
"G429": {"type": "Matrix2x2", "payoffs": [[[16,0],[72,60]],[[57,18],[0,27]]]},
"G430": {"type": "Matrix2x2", "payoffs": [[[96,19],[41,0]],[[11,16],[0,6]]]},
"G431": {"type": "Matrix2x2", "payoffs": [[[61,0],[4,41]],[[94,42],[0,15]]]},
"G432": {"type": "Matrix2x2", "payoffs": [[[35,22],[76,28]],[[0,0],[94,59]]]},
"G433": {"type": "Matrix2x2", "payoffs": [[[84,8],[71,6]],[[0,3],[80,0]]]},
"G434": {"type": "Matrix2x2", "payoffs": [[[20,0],[70,41]],[[0,33],[77,84]]]},
"G435": {"type": "Matrix2x2", "payoffs": [[[54,51],[0,63]],[[29,0],[70,74]]]},
"G436": {"type": "Matrix2x2", "payoffs": [[[12,0],[5,24]],[[23,52],[0,41]]]},
"G437": {"type": "Matrix2x2", "payoffs": [[[9,47],[1,30]],[[6,0],[0,19]]]},
"G438": {"type": "Matrix2x2", "payoffs": [[[28,60],[1,0]],[[4,32],[0,1]]]},
"G439": {"type": "Matrix2x2", "payoffs": [[[0,21],[67,22]],[[69,0],[85,61]]]},
"G440": {"type": "Matrix2x2", "payoffs": [[[57,50],[99,75]],[[0,4],[39,0]]]},
"G441": {"type": "Matrix2x2", "payoffs": [[[36,16],[0,0]],[[49,42],[43,35]]]},
"G442": {"type": "Matrix2x2", "payoffs": [[[33,11],[55,33]],[[0,0],[15,5]]]},
"G443": {"type": "Matrix2x2", "payoffs": [[[0,0],[9,67]],[[6,30],[1,7]]]},
"G444": {"type": "Matrix2x2", "payoffs": [[[9,0],[13,71]],[[0,46],[6,18]]]},
"G445": {"type": "Matrix2x2", "payoffs": [[[0,5],[1,39]],[[12,89],[3,0]]]},
"G446": {"type": "Matrix2x2", "payoffs": [[[4,38],[3,0]],[[0,33],[2,24]]]},
"G447": {"type": "Matrix2x2", "payoffs": [[[3,2],[0,0]],[[4,6],[2,5]]]},
"G448": {"type": "Matrix2x2", "payoffs": [[[14,87],[0,31]],[[13,47],[12,0]]]},
"G449": {"type": "Matrix2x2", "payoffs": [[[37,25],[70,44]],[[0,42],[39,0]]]},
"G450": {"type": "Matrix2x2", "payoffs": [[[0,0],[5,2]],[[64,56],[1,6]]]},
"G451": {"type": "Matrix2x2", "payoffs": [[[88,10],[96,26]],[[0,11],[36,0]]]},
"G452": {"type": "Matrix2x2", "payoffs": [[[0,12],[25,27]],[[13,0],[28,34]]]},
"G453": {"type": "Matrix2x2", "payoffs": [[[39,22],[0,0]],[[21,8],[34,6]]]},
"G454": {"type": "Matrix2x2", "payoffs": [[[8,13],[1,0]],[[0,1],[12,35]]]},
"G455": {"type": "Matrix2x2", "payoffs": [[[29,67],[14,0]],[[0,51],[11,15]]]},
"G456": {"type": "Matrix2x2", "payoffs": [[[0,2],[86,31]],[[53,0],[32,11]]]},
"G457": {"type": "Matrix2x2", "payoffs": [[[0,50],[15,82]],[[9,75],[5,0]]]},
"G458": {"type": "Matrix2x2", "payoffs": [[[25,36],[91,55]],[[0,53],[87,0]]]},
"G459": {"type": "Matrix2x2", "payoffs": [[[73,0],[87,54]],[[0,6],[71,9]]]},
"G460": {"type": "Matrix2x2", "payoffs": [[[71,47],[26,0]],[[29,10],[0,45]]]},
"G461": {"type": "Matrix2x2", "payoffs": [[[10,0],[0,33]],[[7,12],[44,49]]]},
"G462": {"type": "Matrix2x2", "payoffs": [[[56,98],[8,0]],[[0,18],[33,71]]]},
"G463": {"type": "Matrix2x2", "payoffs": [[[45,26],[9,12]],[[33,10],[0,0]]]},
"G464": {"type": "Matrix2x2", "payoffs": [[[5,22],[63,49]],[[0,0],[27,38]]]},
"G465": {"type": "Matrix2x2", "payoffs": [[[48,16],[63,42]],[[0,12],[15,0]]]},
"G466": {"type": "Matrix2x2", "payoffs": [[[42,87],[35,56]],[[0,0],[5,67]]]},
"G467": {"type": "Matrix2x2", "payoffs": [[[19,35],[95,51]],[[0,0],[83,8]]]},
"G468": {"type": "Matrix2x2", "payoffs": [[[0,0],[32,24]],[[11,36],[38,47]]]},
"G469": {"type": "Matrix2x2", "payoffs": [[[6,31],[2,5]],[[21,34],[0,0]]]},
"G470": {"type": "Matrix2x2", "payoffs": [[[18,0],[0,7]],[[73,16],[21,13]]]},
"G471": {"type": "Matrix2x2", "payoffs": [[[12,0],[29,6]],[[0,4],[24,1]]]},
"G472": {"type": "Matrix2x2", "payoffs": [[[18,60],[11,24]],[[0,0],[16,15]]]},
"G473": {"type": "Matrix2x2", "payoffs": [[[1,23],[6,0]],[[0,59],[33,99]]]},
"G474": {"type": "Matrix2x2", "payoffs": [[[31,61],[37,92]],[[4,46],[0,0]]]},
"G475": {"type": "Matrix2x2", "payoffs": [[[0,0],[12,31]],[[74,8],[95,37]]]},
"G476": {"type": "Matrix2x2", "payoffs": [[[0,0],[16,12]],[[11,1],[29,22]]]},
"G477": {"type": "Matrix2x2", "payoffs": [[[50,17],[0,9]],[[55,33],[2,0]]]},
"G478": {"type": "Matrix2x2", "payoffs": [[[49,48],[23,22]],[[0,19],[24,0]]]},
"G479": {"type": "Matrix2x2", "payoffs": [[[86,91],[9,31]],[[0,45],[68,0]]]},
"G480": {"type": "Matrix2x2", "payoffs": [[[48,32],[0,0]],[[30,19],[20,6]]]},
"G481": {"type": "Matrix2x2", "payoffs": [[[44,29],[0,31]],[[97,39],[29,0]]]},
"G482": {"type": "Matrix2x2", "payoffs": [[[0,0],[35,6]],[[37,47],[24,4]]]},
"G483": {"type": "Matrix2x2", "payoffs": [[[39,3],[58,11]],[[22,0],[0,4]]]},
"G484": {"type": "Matrix2x2", "payoffs": [[[56,12],[0,0]],[[4,3],[11,5]]]},
"G485": {"type": "Matrix2x2", "payoffs": [[[51,4],[21,0]],[[88,10],[0,1]]]},
"G486": {"type": "Matrix2x2", "payoffs": [[[27,29],[56,14]],[[0,0],[76,71]]]},
"G487": {"type": "Matrix2x2", "payoffs": [[[87,46],[41,30]],[[0,0],[67,21]]]},
"G488": {"type": "Matrix2x2", "payoffs": [[[21,93],[0,0]],[[1,37],[8,43]]]},
"G489": {"type": "Matrix2x2", "payoffs": [[[43,9],[87,26]],[[72,25],[0,0]]]},
"G490": {"type": "Matrix2x2", "payoffs": [[[30,19],[0,6]],[[15,0],[4,8]]]},
"G491": {"type": "Matrix2x2", "payoffs": [[[46,7],[53,1]],[[87,51],[0,0]]]},
"G492": {"type": "Matrix2x2", "payoffs": [[[2,67],[5,87]],[[1,0],[0,11]]]},
"G493": {"type": "Matrix2x2", "payoffs": [[[1,1],[7,21]],[[3,16],[0,0]]]},
"G494": {"type": "Matrix2x2", "payoffs": [[[52,0],[79,38]],[[55,29],[0,36]]]},
"G495": {"type": "Matrix2x2", "payoffs": [[[42,7],[0,0]],[[55,5],[60,46]]]},
"G496": {"type": "Matrix2x2", "payoffs": [[[1,2],[0,3]],[[12,4],[9,0]]]},
"G497": {"type": "Matrix2x2", "payoffs": [[[30,2],[89,100]],[[11,70],[0,0]]]},
"G498": {"type": "Matrix2x2", "payoffs": [[[24,0],[43,2]],[[0,43],[82,78]]]},
"G499": {"type": "Matrix2x2", "payoffs": [[[0,85],[11,8]],[[22,0],[96,86]]]},
"G500": {"type": "Matrix2x2", "payoffs": [[[5,0],[0,28]],[[6,75],[4,19]]]},
"G501": {"type": "Matrix2x2", "payoffs": [[[60,5],[77,51]],[[32,0],[0,47]]]},
"G502": {"type": "Matrix2x2", "payoffs": [[[0,19],[12,0]],[[25,14],[30,73]]]},
"G503": {"type": "Matrix2x2", "payoffs": [[[11,0],[35,6]],[[41,18],[0,16]]]},
"G504": {"type": "Matrix2x2", "payoffs": [[[0,49],[53,52]],[[28,7],[6,0]]]},
"G505": {"type": "Matrix2x2", "payoffs": [[[61,0],[44,3]],[[82,23],[0,2]]]},
"G506": {"type": "Matrix2x2", "payoffs": [[[75,16],[92,28]],[[20,27],[0,0]]]},
"G507": {"type": "Matrix2x2", "payoffs": [[[24,79],[31,81]],[[0,23],[15,0]]]},
"G508": {"type": "Matrix2x2", "payoffs": [[[0,0],[10,68]],[[4,62],[9,55]]]},
"G509": {"type": "Matrix2x2", "payoffs": [[[19,46],[16,23]],[[0,0],[28,89]]]},
"G510": {"type": "Matrix2x2", "payoffs": [[[11,0],[0,8]],[[96,47],[87,35]]]},
"G511": {"type": "Matrix2x2", "payoffs": [[[0,56],[32,0]],[[15,35],[41,69]]]},
"G512": {"type": "Matrix2x2", "payoffs": [[[13,48],[40,100]],[[31,49],[0,0]]]},
"G513": {"type": "Matrix2x2", "payoffs": [[[88,15],[26,2]],[[82,0],[0,5]]]},
"G514": {"type": "Matrix2x2", "payoffs": [[[0,17],[20,29]],[[18,0],[1,19]]]},
"G515": {"type": "Matrix2x2", "payoffs": [[[62,45],[16,0]],[[0,32],[43,13]]]},
"G516": {"type": "Matrix2x2", "payoffs": [[[0,68],[34,76]],[[7,35],[24,0]]]},
"G517": {"type": "Matrix2x2", "payoffs": [[[5,0],[2,45]],[[0,41],[6,79]]]},
"G518": {"type": "Matrix2x2", "payoffs": [[[21,0],[0,1]],[[19,5],[22,9]]]},
"G519": {"type": "Matrix2x2", "payoffs": [[[14,57],[43,40]],[[0,0],[82,60]]]},
"G520": {"type": "Matrix2x2", "payoffs": [[[55,39],[0,7]],[[39,20],[1,0]]]},
"G521": {"type": "Matrix2x2", "payoffs": [[[0,0],[19,3]],[[47,93],[36,9]]]},
"G522": {"type": "Matrix2x2", "payoffs": [[[0,56],[62,0]],[[73,10],[92,58]]]},
"G523": {"type": "Matrix2x2", "payoffs": [[[21,0],[63,44]],[[0,46],[84,85]]]},
"G524": {"type": "Matrix2x2", "payoffs": [[[5,3],[44,12]],[[35,4],[0,0]]]},
"G525": {"type": "Matrix2x2", "payoffs": [[[3,4],[0,19]],[[4,40],[2,0]]]},
"G526": {"type": "Matrix2x2", "payoffs": [[[4,22],[8,70]],[[5,28],[0,0]]]},
"G527": {"type": "Matrix2x2", "payoffs": [[[74,96],[0,59]],[[34,46],[50,0]]]},
"G528": {"type": "Matrix2x2", "payoffs": [[[20,7],[54,11]],[[7,2],[0,0]]]},
"G529": {"type": "Matrix2x2", "payoffs": [[[31,0],[0,55]],[[35,57],[29,17]]]},
"G530": {"type": "Matrix2x2", "payoffs": [[[5,51],[4,8]],[[0,0],[3,14]]]},
"G531": {"type": "Matrix2x2", "payoffs": [[[95,49],[0,45]],[[55,41],[46,0]]]},
"G532": {"type": "Matrix2x2", "payoffs": [[[17,35],[1,27]],[[0,24],[12,0]]]},
"G533": {"type": "Matrix2x2", "payoffs": [[[30,0],[70,86]],[[81,89],[0,74]]]},
"G534": {"type": "Matrix2x2", "payoffs": [[[15,0],[0,15]],[[28,14],[47,25]]]},
"G535": {"type": "Matrix2x2", "payoffs": [[[18,0],[23,40]],[[0,9],[1,26]]]},
"G536": {"type": "Matrix2x2", "payoffs": [[[0,25],[5,42]],[[18,0],[34,71]]]},
"G537": {"type": "Matrix2x2", "payoffs": [[[0,8],[21,30]],[[16,0],[10,18]]]},
"G538": {"type": "Matrix2x2", "payoffs": [[[16,15],[0,0]],[[35,12],[44,23]]]},
"G539": {"type": "Matrix2x2", "payoffs": [[[60,0],[59,24]],[[0,9],[98,32]]]},
"G540": {"type": "Matrix2x2", "payoffs": [[[0,8],[95,0]],[[5,1],[99,16]]]},
"G541": {"type": "Matrix2x2", "payoffs": [[[70,27],[65,5]],[[0,15],[46,0]]]},
"G542": {"type": "Matrix2x2", "payoffs": [[[0,0],[19,40]],[[87,69],[78,6]]]},
"G543": {"type": "Matrix2x2", "payoffs": [[[29,34],[19,0]],[[2,26],[0,31]]]},
"G544": {"type": "Matrix2x2", "payoffs": [[[5,84],[0,23]],[[3,0],[8,90]]]},
"G545": {"type": "Matrix2x2", "payoffs": [[[26,41],[55,53]],[[0,0],[49,6]]]},
"G546": {"type": "Matrix2x2", "payoffs": [[[36,5],[76,28]],[[0,0],[60,8]]]},
"G547": {"type": "Matrix2x2", "payoffs": [[[10,0],[31,61]],[[0,31],[32,82]]]},
"G548": {"type": "Matrix2x2", "payoffs": [[[0,0],[10,21]],[[5,15],[2,2]]]},
"G549": {"type": "Matrix2x2", "payoffs": [[[0,40],[21,70]],[[36,0],[63,83]]]},
"G550": {"type": "Matrix2x2", "payoffs": [[[94,12],[98,99]],[[29,50],[0,0]]]},
"G551": {"type": "Matrix2x2", "payoffs": [[[0,0],[22,6]],[[42,59],[34,20]]]},
"G552": {"type": "Matrix2x2", "payoffs": [[[48,0],[0,46]],[[70,49],[5,4]]]},
"G553": {"type": "Matrix2x2", "payoffs": [[[36,52],[0,55]],[[2,0],[74,56]]]},
"G554": {"type": "Matrix2x2", "payoffs": [[[31,52],[0,43]],[[24,36],[8,0]]]},
"G555": {"type": "Matrix2x2", "payoffs": [[[34,0],[23,24]],[[0,7],[38,27]]]},
"G556": {"type": "Matrix2x2", "payoffs": [[[93,0],[99,81]],[[0,6],[51,31]]]},
"G557": {"type": "Matrix2x2", "payoffs": [[[60,4],[86,14]],[[47,12],[0,0]]]},
"G558": {"type": "Matrix2x2", "payoffs": [[[2,0],[0,83]],[[1,75],[6,85]]]},
"G559": {"type": "Matrix2x2", "payoffs": [[[9,0],[0,23]],[[29,63],[17,60]]]},
"G560": {"type": "Matrix2x2", "payoffs": [[[0,12],[2,33]],[[15,34],[9,0]]]},
"G561": {"type": "Matrix2x2", "payoffs": [[[0,27],[5,15]],[[30,51],[1,0]]]},
"G562": {"type": "Matrix2x2", "payoffs": [[[71,27],[54,0]],[[0,31],[74,34]]]},
"G563": {"type": "Matrix2x2", "payoffs": [[[83,8],[0,0]],[[80,6],[88,17]]]},
"G564": {"type": "Matrix2x2", "payoffs": [[[19,99],[0,60]],[[3,0],[12,83]]]},
"G565": {"type": "Matrix2x2", "payoffs": [[[88,92],[80,0]],[[42,41],[0,82]]]},
"G566": {"type": "Matrix2x2", "payoffs": [[[0,5],[75,74]],[[50,0],[55,28]]]},
"G567": {"type": "Matrix2x2", "payoffs": [[[95,52],[27,37]],[[0,0],[50,36]]]},
"G568": {"type": "Matrix2x2", "payoffs": [[[0,3],[12,0]],[[11,31],[17,37]]]},
"G569": {"type": "Matrix2x2", "payoffs": [[[0,45],[98,49]],[[34,8],[21,0]]]},
"G570": {"type": "Matrix2x2", "payoffs": [[[2,0],[0,13]],[[7,7],[9,64]]]},
"G571": {"type": "Matrix2x2", "payoffs": [[[21,46],[64,64]],[[0,1],[14,0]]]},
"G572": {"type": "Matrix2x2", "payoffs": [[[21,21],[58,0]],[[68,79],[0,18]]]},
"G573": {"type": "Matrix2x2", "payoffs": [[[33,21],[2,27]],[[42,59],[0,0]]]},
"G574": {"type": "Matrix2x2", "payoffs": [[[77,3],[96,36]],[[89,8],[0,0]]]},
"G575": {"type": "Matrix2x2", "payoffs": [[[69,39],[83,99]],[[0,0],[58,24]]]},
"G576": {"type": "Matrix2x2", "payoffs": [[[47,0],[0,13]],[[52,23],[5,4]]]},
"G577": {"type": "Matrix2x2", "payoffs": [[[0,0],[5,95]],[[1,73],[3,20]]]},
"G578": {"type": "Matrix2x2", "payoffs": [[[6,5],[62,0]],[[72,33],[0,6]]]},
"G579": {"type": "Matrix2x2", "payoffs": [[[7,3],[14,2]],[[21,18],[0,0]]]},
"G580": {"type": "Matrix2x2", "payoffs": [[[8,75],[0,0]],[[63,85],[20,56]]]},
"G581": {"type": "Matrix2x2", "payoffs": [[[0,41],[5,32]],[[46,0],[51,97]]]},
"G582": {"type": "Matrix2x2", "payoffs": [[[0,0],[67,19]],[[86,53],[65,47]]]},
"G583": {"type": "Matrix2x2", "payoffs": [[[96,33],[0,13]],[[58,14],[23,0]]]},
"G584": {"type": "Matrix2x2", "payoffs": [[[6,91],[1,23]],[[0,20],[3,0]]]},
"G585": {"type": "Matrix2x2", "payoffs": [[[2,0],[71,68]],[[63,46],[0,47]]]},
"G586": {"type": "Matrix2x2", "payoffs": [[[6,35],[82,96]],[[0,0],[23,63]]]},
"G587": {"type": "Matrix2x2", "payoffs": [[[91,37],[61,34]],[[80,16],[0,0]]]},
"G588": {"type": "Matrix2x2", "payoffs": [[[27,0],[30,35]],[[0,17],[29,2]]]},
"G589": {"type": "Matrix2x2", "payoffs": [[[74,6],[0,2]],[[87,13],[58,0]]]},
"G590": {"type": "Matrix2x2", "payoffs": [[[29,0],[18,64]],[[0,19],[33,71]]]},
"G591": {"type": "Matrix2x2", "payoffs": [[[4,0],[0,74]],[[82,78],[74,3]]]},
"G592": {"type": "Matrix2x2", "payoffs": [[[72,41],[21,0]],[[0,22],[22,40]]]},
"G593": {"type": "Matrix2x2", "payoffs": [[[0,20],[57,91]],[[33,25],[38,0]]]},
"G594": {"type": "Matrix2x2", "payoffs": [[[0,11],[41,26]],[[63,0],[68,40]]]},
"G595": {"type": "Matrix2x2", "payoffs": [[[32,6],[29,22]],[[0,0],[36,33]]]},
"G596": {"type": "Matrix2x2", "payoffs": [[[4,0],[13,44]],[[55,63],[0,31]]]},
"G597": {"type": "Matrix2x2", "payoffs": [[[14,61],[0,0]],[[82,82],[35,17]]]},
"G598": {"type": "Matrix2x2", "payoffs": [[[7,0],[19,40]],[[0,47],[21,60]]]},
"G599": {"type": "Matrix2x2", "payoffs": [[[98,10],[63,2]],[[95,0],[0,4]]]},
"G600": {"type": "Matrix2x2", "payoffs": [[[76,82],[0,50]],[[16,78],[11,0]]]},
"G601": {"type": "Matrix2x2", "payoffs": [[[64,3],[67,38]],[[1,0],[0,32]]]},
"G602": {"type": "Matrix2x2", "payoffs": [[[57,10],[0,8]],[[42,7],[17,0]]]},
"G603": {"type": "Matrix2x2", "payoffs": [[[93,98],[0,65]],[[86,40],[68,0]]]},
"G604": {"type": "Matrix2x2", "payoffs": [[[37,76],[0,52]],[[14,12],[17,0]]]},
"G605": {"type": "Matrix2x2", "payoffs": [[[34,3],[14,0]],[[0,2],[40,4]]]},
"G606": {"type": "Matrix2x2", "payoffs": [[[94,69],[32,55]],[[0,3],[81,0]]]},
"G607": {"type": "Matrix2x2", "payoffs": [[[43,0],[51,44]],[[0,85],[72,94]]]},
"G608": {"type": "Matrix2x2", "payoffs": [[[27,0],[0,64]],[[77,68],[31,53]]]},
"G609": {"type": "Matrix2x2", "payoffs": [[[8,25],[0,29]],[[9,0],[16,40]]]},
"G610": {"type": "Matrix2x2", "payoffs": [[[75,33],[0,0]],[[72,28],[52,30]]]},
"G611": {"type": "Matrix2x2", "payoffs": [[[22,57],[18,45]],[[0,13],[20,0]]]},
"G612": {"type": "Matrix2x2", "payoffs": [[[64,10],[0,1]],[[85,13],[43,0]]]},
"G613": {"type": "Matrix2x2", "payoffs": [[[45,17],[30,36]],[[0,0],[54,67]]]},
"G614": {"type": "Matrix2x2", "payoffs": [[[25,52],[53,26]],[[54,62],[0,0]]]},
"G615": {"type": "Matrix2x2", "payoffs": [[[59,85],[0,0]],[[44,1],[43,58]]]},
"G616": {"type": "Matrix2x2", "payoffs": [[[0,36],[25,83]],[[16,0],[2,73]]]},
"G617": {"type": "Matrix2x2", "payoffs": [[[3,0],[22,15]],[[0,20],[58,55]]]},
"G618": {"type": "Matrix2x2", "payoffs": [[[6,66],[0,0]],[[17,20],[58,73]]]},
"G619": {"type": "Matrix2x2", "payoffs": [[[0,0],[82,69]],[[14,3],[62,26]]]},
"G620": {"type": "Matrix2x2", "payoffs": [[[8,44],[50,49]],[[47,12],[0,0]]]},
"G621": {"type": "Matrix2x2", "payoffs": [[[3,46],[4,14]],[[5,53],[0,0]]]},
"G622": {"type": "Matrix2x2", "payoffs": [[[84,9],[66,2]],[[12,6],[0,0]]]},
"G623": {"type": "Matrix2x2", "payoffs": [[[44,18],[27,0]],[[0,6],[43,4]]]},
"G624": {"type": "Matrix2x2", "payoffs": [[[8,50],[5,0]],[[4,48],[0,7]]]},
"G625": {"type": "Matrix2x2", "payoffs": [[[0,1],[48,20]],[[22,2],[39,0]]]},
"G626": {"type": "Matrix2x2", "payoffs": [[[6,18],[44,6]],[[62,45],[0,0]]]},
"G627": {"type": "Matrix2x2", "payoffs": [[[0,0],[32,29]],[[29,6],[20,17]]]},
"G628": {"type": "Matrix2x2", "payoffs": [[[2,42],[46,0]],[[94,80],[0,21]]]},
"G629": {"type": "Matrix2x2", "payoffs": [[[32,37],[0,4]],[[25,0],[14,8]]]},
"G630": {"type": "Matrix2x2", "payoffs": [[[29,55],[0,30]],[[28,0],[15,17]]]},
"G631": {"type": "Matrix2x2", "payoffs": [[[13,0],[35,17]],[[0,6],[5,5]]]},
"G632": {"type": "Matrix2x2", "payoffs": [[[10,13],[0,7]],[[1,6],[9,0]]]},
"G633": {"type": "Matrix2x2", "payoffs": [[[0,8],[39,11]],[[14,5],[18,0]]]},
"G634": {"type": "Matrix2x2", "payoffs": [[[0,17],[19,0]],[[100,39],[95,8]]]},
"G635": {"type": "Matrix2x2", "payoffs": [[[22,0],[30,56]],[[0,92],[74,95]]]},
"G636": {"type": "Matrix2x2", "payoffs": [[[12,11],[17,43]],[[0,0],[8,32]]]},
"G637": {"type": "Matrix2x2", "payoffs": [[[0,17],[1,0]],[[56,66],[49,63]]]},
"G638": {"type": "Matrix2x2", "payoffs": [[[0,61],[14,21]],[[35,0],[57,63]]]},
"G639": {"type": "Matrix2x2", "payoffs": [[[1,35],[60,0]],[[99,93],[0,58]]]},
"G640": {"type": "Matrix2x2", "payoffs": [[[0,34],[12,20]],[[14,42],[5,0]]]},
"G641": {"type": "Matrix2x2", "payoffs": [[[1,3],[20,6]],[[0,0],[12,5]]]},
"G642": {"type": "Matrix2x2", "payoffs": [[[34,0],[28,13]],[[0,14],[35,17]]]},
"G643": {"type": "Matrix2x2", "payoffs": [[[34,5],[32,4]],[[30,0],[0,3]]]},
"G644": {"type": "Matrix2x2", "payoffs": [[[0,80],[61,43]],[[34,0],[69,82]]]},
"G645": {"type": "Matrix2x2", "payoffs": [[[0,69],[10,0]],[[53,74],[7,64]]]},
"G646": {"type": "Matrix2x2", "payoffs": [[[6,86],[0,23]],[[1,0],[4,5]]]},
"G647": {"type": "Matrix2x2", "payoffs": [[[10,0],[0,16]],[[24,31],[1,30]]]},
"G648": {"type": "Matrix2x2", "payoffs": [[[22,31],[0,4]],[[5,0],[26,36]]]},
"G649": {"type": "Matrix2x2", "payoffs": [[[75,79],[0,0]],[[58,30],[82,82]]]},
"G650": {"type": "Matrix2x2", "payoffs": [[[44,0],[50,5]],[[0,2],[17,3]]]},
"G651": {"type": "Matrix2x2", "payoffs": [[[0,17],[70,50]],[[43,0],[9,43]]]},
"G652": {"type": "Matrix2x2", "payoffs": [[[13,0],[22,36]],[[0,1],[9,27]]]},
"G653": {"type": "Matrix2x2", "payoffs": [[[0,5],[88,6]],[[48,0],[5,1]]]},
"G654": {"type": "Matrix2x2", "payoffs": [[[49,16],[0,0]],[[21,21],[86,24]]]},
"G655": {"type": "Matrix2x2", "payoffs": [[[95,17],[0,28]],[[97,87],[58,0]]]},
"G656": {"type": "Matrix2x2", "payoffs": [[[23,26],[38,23]],[[44,40],[0,0]]]},
"G657": {"type": "Matrix2x2", "payoffs": [[[97,77],[0,29]],[[75,0],[1,15]]]},
"G658": {"type": "Matrix2x2", "payoffs": [[[51,82],[0,0]],[[35,6],[5,44]]]},
"G659": {"type": "Matrix2x2", "payoffs": [[[57,24],[14,8]],[[50,0],[0,7]]]},
"G660": {"type": "Matrix2x2", "payoffs": [[[67,70],[17,69]],[[0,25],[37,0]]]},
"G661": {"type": "Matrix2x2", "payoffs": [[[8,85],[1,78]],[[5,28],[0,0]]]},
"G662": {"type": "Matrix2x2", "payoffs": [[[12,39],[10,2]],[[8,19],[0,0]]]},
"G663": {"type": "Matrix2x2", "payoffs": [[[83,39],[0,0]],[[100,73],[91,46]]]},
"G664": {"type": "Matrix2x2", "payoffs": [[[25,0],[0,11]],[[91,45],[27,38]]]},
"G665": {"type": "Matrix2x2", "payoffs": [[[23,13],[0,4]],[[4,11],[10,0]]]},
"G666": {"type": "Matrix2x2", "payoffs": [[[58,9],[60,12]],[[0,0],[3,4]]]},
"G667": {"type": "Matrix2x2", "payoffs": [[[0,47],[11,0]],[[35,8],[52,53]]]},
"G668": {"type": "Matrix2x2", "payoffs": [[[36,19],[44,67]],[[0,0],[42,42]]]},
"G669": {"type": "Matrix2x2", "payoffs": [[[0,36],[86,66]],[[47,0],[72,37]]]},
"G670": {"type": "Matrix2x2", "payoffs": [[[0,0],[92,37]],[[85,64],[99,67]]]},
"G671": {"type": "Matrix2x2", "payoffs": [[[27,0],[74,27]],[[0,30],[79,41]]]},
"G672": {"type": "Matrix2x2", "payoffs": [[[22,8],[24,10]],[[0,0],[17,3]]]},
"G673": {"type": "Matrix2x2", "payoffs": [[[0,41],[40,60]],[[11,0],[44,69]]]},
"G674": {"type": "Matrix2x2", "payoffs": [[[90,35],[74,31]],[[17,0],[0,30]]]},
"G675": {"type": "Matrix2x2", "payoffs": [[[13,46],[12,0]],[[0,13],[17,75]]]},
"G676": {"type": "Matrix2x2", "payoffs": [[[37,13],[35,0]],[[0,8],[7,5]]]},
"G677": {"type": "Matrix2x2", "payoffs": [[[5,46],[2,0]],[[4,15],[0,6]]]},
"G678": {"type": "Matrix2x2", "payoffs": [[[0,8],[10,0]],[[60,15],[77,32]]]},
"G679": {"type": "Matrix2x2", "payoffs": [[[12,51],[0,59]],[[30,0],[35,76]]]},
"G680": {"type": "Matrix2x2", "payoffs": [[[0,43],[6,0]],[[1,13],[7,73]]]},
"G681": {"type": "Matrix2x2", "payoffs": [[[11,0],[10,12]],[[15,22],[0,10]]]},
"G682": {"type": "Matrix2x2", "payoffs": [[[67,24],[16,20]],[[38,0],[0,3]]]},
"G683": {"type": "Matrix2x2", "payoffs": [[[0,0],[4,46]],[[13,66],[11,37]]]},
"G684": {"type": "Matrix2x2", "payoffs": [[[7,30],[1,2]],[[5,12],[0,0]]]},
"G685": {"type": "Matrix2x2", "payoffs": [[[0,0],[21,19]],[[19,2],[5,1]]]},
"G686": {"type": "Matrix2x2", "payoffs": [[[0,0],[8,66]],[[26,70],[3,69]]]},
"G687": {"type": "Matrix2x2", "payoffs": [[[0,18],[27,19]],[[22,16],[17,0]]]},
"G688": {"type": "Matrix2x2", "payoffs": [[[0,16],[1,8]],[[37,18],[12,0]]]},
"G689": {"type": "Matrix2x2", "payoffs": [[[55,100],[0,47]],[[29,0],[15,34]]]},
"G690": {"type": "Matrix2x2", "payoffs": [[[2,46],[0,75]],[[9,79],[4,0]]]},
"G691": {"type": "Matrix2x2", "payoffs": [[[14,0],[0,4]],[[63,3],[74,5]]]},
"G692": {"type": "Matrix2x2", "payoffs": [[[42,63],[26,0]],[[0,24],[16,58]]]},
"G693": {"type": "Matrix2x2", "payoffs": [[[50,90],[0,77]],[[2,0],[29,64]]]},
"G694": {"type": "Matrix2x2", "payoffs": [[[69,27],[0,14]],[[2,25],[52,0]]]},
"G695": {"type": "Matrix2x2", "payoffs": [[[20,61],[46,14]],[[84,63],[0,0]]]},
"G696": {"type": "Matrix2x2", "payoffs": [[[18,56],[0,0]],[[6,25],[14,17]]]},
"G697": {"type": "Matrix2x2", "payoffs": [[[3,50],[2,24]],[[1,26],[0,0]]]},
"G698": {"type": "Matrix2x2", "payoffs": [[[16,56],[18,73]],[[0,30],[2,0]]]},
"G699": {"type": "Matrix2x2", "payoffs": [[[36,27],[19,9]],[[30,0],[0,13]]]},
"G700": {"type": "Matrix2x2", "payoffs": [[[32,45],[6,40]],[[10,26],[0,0]]]},
"G701": {"type": "Matrix2x2", "payoffs": [[[3,1],[42,0]],[[0,2],[59,3]]]},
"G702": {"type": "Matrix2x2", "payoffs": [[[47,19],[19,0]],[[46,12],[0,1]]]},
"G703": {"type": "Matrix2x2", "payoffs": [[[3,1],[18,3]],[[14,2],[0,0]]]},
"G704": {"type": "Matrix2x2", "payoffs": [[[19,0],[26,23]],[[20,6],[0,22]]]},
"G705": {"type": "Matrix2x2", "payoffs": [[[3,10],[0,87]],[[2,0],[5,99]]]},
"G706": {"type": "Matrix2x2", "payoffs": [[[62,41],[52,23]],[[0,0],[28,2]]]},
"G707": {"type": "Matrix2x2", "payoffs": [[[0,20],[89,28]],[[26,0],[21,14]]]},
"G708": {"type": "Matrix2x2", "payoffs": [[[1,2],[43,22]],[[0,0],[21,19]]]},
"G709": {"type": "Matrix2x2", "payoffs": [[[11,0],[0,32]],[[13,52],[9,39]]]},
"G710": {"type": "Matrix2x2", "payoffs": [[[30,0],[0,53]],[[11,27],[91,74]]]},
"G711": {"type": "Matrix2x2", "payoffs": [[[0,0],[11,14]],[[27,36],[29,81]]]},
"G712": {"type": "Matrix2x2", "payoffs": [[[85,55],[0,5]],[[65,27],[39,0]]]},
"G713": {"type": "Matrix2x2", "payoffs": [[[0,5],[38,15]],[[20,0],[91,36]]]},
"G714": {"type": "Matrix2x2", "payoffs": [[[0,11],[3,0]],[[15,1],[38,12]]]},
"G715": {"type": "Matrix2x2", "payoffs": [[[19,1],[95,3]],[[70,0],[0,2]]]},
"G716": {"type": "Matrix2x2", "payoffs": [[[27,28],[28,0]],[[31,79],[0,34]]]},
"G717": {"type": "Matrix2x2", "payoffs": [[[0,57],[32,85]],[[29,30],[18,0]]]},
"G718": {"type": "Matrix2x2", "payoffs": [[[22,4],[0,15]],[[2,0],[46,16]]]},
"G719": {"type": "Matrix2x2", "payoffs": [[[2,36],[55,46]],[[35,0],[0,10]]]},
"G720": {"type": "Matrix2x2", "payoffs": [[[1,0],[10,6]],[[0,2],[14,13]]]},
"G721": {"type": "Matrix2x2", "payoffs": [[[0,48],[34,0]],[[12,43],[39,50]]]},
"G722": {"type": "Matrix2x2", "payoffs": [[[96,10],[50,3]],[[0,1],[28,0]]]},
"G723": {"type": "Matrix2x2", "payoffs": [[[11,85],[43,96]],[[0,0],[40,24]]]},
"G724": {"type": "Matrix2x2", "payoffs": [[[7,0],[38,58]],[[44,94],[0,91]]]},
"G725": {"type": "Matrix2x2", "payoffs": [[[14,58],[10,8]],[[0,0],[3,36]]]},
"G726": {"type": "Matrix2x2", "payoffs": [[[0,25],[2,0]],[[4,11],[6,37]]]},
"G727": {"type": "Matrix2x2", "payoffs": [[[73,2],[99,3]],[[61,1],[0,0]]]},
"G728": {"type": "Matrix2x2", "payoffs": [[[54,18],[0,0]],[[12,7],[33,5]]]},
"G729": {"type": "Matrix2x2", "payoffs": [[[22,0],[0,16]],[[69,88],[16,70]]]},
"G730": {"type": "Matrix2x2", "payoffs": [[[2,15],[11,19]],[[0,17],[9,0]]]},
"G731": {"type": "Matrix2x2", "payoffs": [[[97,6],[0,5]],[[16,1],[93,0]]]},
"G732": {"type": "Matrix2x2", "payoffs": [[[37,14],[16,0]],[[0,8],[6,5]]]},
"G733": {"type": "Matrix2x2", "payoffs": [[[69,60],[0,0]],[[80,87],[25,25]]]},
"G734": {"type": "Matrix2x2", "payoffs": [[[0,13],[10,23]],[[2,0],[17,59]]]},
"G735": {"type": "Matrix2x2", "payoffs": [[[0,0],[56,92]],[[61,65],[89,99]]]},
"G736": {"type": "Matrix2x2", "payoffs": [[[42,0],[61,7]],[[0,43],[82,48]]]},
"G737": {"type": "Matrix2x2", "payoffs": [[[0,0],[50,3]],[[20,2],[92,4]]]},
"G738": {"type": "Matrix2x2", "payoffs": [[[1,0],[0,30]],[[28,89],[8,19]]]},
"G739": {"type": "Matrix2x2", "payoffs": [[[0,1],[39,6]],[[41,7],[17,0]]]},
"G740": {"type": "Matrix2x2", "payoffs": [[[0,0],[27,2]],[[64,1],[95,4]]]},
"G741": {"type": "Matrix2x2", "payoffs": [[[13,3],[6,0]],[[1,2],[0,1]]]},
"G742": {"type": "Matrix2x2", "payoffs": [[[33,0],[0,19]],[[100,86],[66,60]]]},
"G743": {"type": "Matrix2x2", "payoffs": [[[70,96],[40,91]],[[23,0],[0,18]]]},
"G744": {"type": "Matrix2x2", "payoffs": [[[39,4],[92,5]],[[0,0],[61,3]]]},
"G745": {"type": "Matrix2x2", "payoffs": [[[0,62],[25,0]],[[46,79],[33,49]]]},
"G746": {"type": "Matrix2x2", "payoffs": [[[5,97],[0,0]],[[9,55],[14,98]]]},
"G747": {"type": "Matrix2x2", "payoffs": [[[0,35],[73,0]],[[95,37],[16,4]]]},
"G748": {"type": "Matrix2x2", "payoffs": [[[89,2],[0,18]],[[18,0],[100,19]]]},
"G749": {"type": "Matrix2x2", "payoffs": [[[39,0],[48,66]],[[0,9],[62,78]]]},
"G750": {"type": "Matrix2x2", "payoffs": [[[55,36],[42,0]],[[90,58],[0,3]]]},
"G751": {"type": "Matrix2x2", "payoffs": [[[22,13],[41,45]],[[0,0],[16,10]]]},
"G752": {"type": "Matrix2x2", "payoffs": [[[92,28],[0,0]],[[57,17],[79,26]]]},
"G753": {"type": "Matrix2x2", "payoffs": [[[0,0],[69,31]],[[38,15],[26,10]]]},
"G754": {"type": "Matrix2x2", "payoffs": [[[34,0],[0,9]],[[63,13],[64,30]]]},
"G755": {"type": "Matrix2x2", "payoffs": [[[12,49],[5,0]],[[0,31],[27,65]]]},
"G756": {"type": "Matrix2x2", "payoffs": [[[0,17],[77,0]],[[78,56],[41,25]]]},
"G757": {"type": "Matrix2x2", "payoffs": [[[4,22],[0,0]],[[36,20],[55,23]]]},
"G758": {"type": "Matrix2x2", "payoffs": [[[2,0],[0,19]],[[13,91],[10,25]]]},
"G759": {"type": "Matrix2x2", "payoffs": [[[0,0],[55,72]],[[12,5],[42,63]]]},
"G760": {"type": "Matrix2x2", "payoffs": [[[70,71],[32,0]],[[0,12],[19,52]]]},
"G761": {"type": "Matrix2x2", "payoffs": [[[9,28],[0,17]],[[10,0],[19,33]]]},
"G762": {"type": "Matrix2x2", "payoffs": [[[0,2],[2,25]],[[1,0],[3,51]]]},
"G763": {"type": "Matrix2x2", "payoffs": [[[1,36],[0,19]],[[4,0],[18,49]]]},
"G764": {"type": "Matrix2x2", "payoffs": [[[94,0],[11,27]],[[99,46],[0,6]]]},
"G765": {"type": "Matrix2x2", "payoffs": [[[0,1],[17,0]],[[7,2],[50,3]]]},
"G766": {"type": "Matrix2x2", "payoffs": [[[0,44],[35,58]],[[72,80],[57,0]]]},
"G767": {"type": "Matrix2x2", "payoffs": [[[32,21],[12,9]],[[0,0],[6,6]]]},
"G768": {"type": "Matrix2x2", "payoffs": [[[76,69],[0,0]],[[35,44],[68,15]]]},
"G769": {"type": "Matrix2x2", "payoffs": [[[27,10],[0,2]],[[64,0],[88,17]]]},
"G770": {"type": "Matrix2x2", "payoffs": [[[5,32],[35,39]],[[1,0],[0,13]]]},
"G771": {"type": "Matrix2x2", "payoffs": [[[39,51],[82,60]],[[64,0],[0,38]]]},
"G772": {"type": "Matrix2x2", "payoffs": [[[0,3],[14,0]],[[53,100],[40,58]]]},
"G773": {"type": "Matrix2x2", "payoffs": [[[49,14],[0,5]],[[18,0],[30,12]]]},
"G774": {"type": "Matrix2x2", "payoffs": [[[18,12],[0,0]],[[30,50],[20,35]]]},
"G775": {"type": "Matrix2x2", "payoffs": [[[16,74],[9,0]],[[0,36],[12,10]]]},
"G776": {"type": "Matrix2x2", "payoffs": [[[0,44],[37,35]],[[17,0],[68,89]]]},
"G777": {"type": "Matrix2x2", "payoffs": [[[3,22],[10,58]],[[0,0],[8,54]]]},
"G778": {"type": "Matrix2x2", "payoffs": [[[59,24],[28,14]],[[0,5],[5,0]]]},
"G779": {"type": "Matrix2x2", "payoffs": [[[5,25],[0,23]],[[2,24],[1,0]]]},
"G780": {"type": "Matrix2x2", "payoffs": [[[0,12],[8,16]],[[60,0],[88,36]]]},
"G781": {"type": "Matrix2x2", "payoffs": [[[0,0],[81,64]],[[57,18],[8,15]]]},
"G782": {"type": "Matrix2x2", "payoffs": [[[8,58],[6,0]],[[0,44],[2,55]]]},
"G783": {"type": "Matrix2x2", "payoffs": [[[0,6],[57,12]],[[18,7],[7,0]]]},
"G784": {"type": "Matrix2x2", "payoffs": [[[2,30],[23,59]],[[6,42],[0,0]]]},
"G785": {"type": "Matrix2x2", "payoffs": [[[20,34],[47,7]],[[59,47],[0,0]]]},
"G786": {"type": "Matrix2x2", "payoffs": [[[0,0],[72,24]],[[70,1],[65,3]]]},
"G787": {"type": "Matrix2x2", "payoffs": [[[11,12],[0,0]],[[17,20],[74,31]]]},
"G788": {"type": "Matrix2x2", "payoffs": [[[0,11],[21,64]],[[7,40],[3,0]]]},
"G789": {"type": "Matrix2x2", "payoffs": [[[77,42],[61,0]],[[0,1],[51,38]]]},
"G790": {"type": "Matrix2x2", "payoffs": [[[54,52],[32,38]],[[22,17],[0,0]]]},
"G791": {"type": "Matrix2x2", "payoffs": [[[94,9],[88,6]],[[0,0],[55,5]]]},
"G792": {"type": "Matrix2x2", "payoffs": [[[3,17],[34,79]],[[16,33],[0,0]]]},
"G793": {"type": "Matrix2x2", "payoffs": [[[8,35],[26,0]],[[44,61],[0,7]]]},
"G794": {"type": "Matrix2x2", "payoffs": [[[0,8],[35,0]],[[38,9],[47,11]]]},
"G795": {"type": "Matrix2x2", "payoffs": [[[0,0],[86,96]],[[47,11],[27,95]]]},
"G796": {"type": "Matrix2x2", "payoffs": [[[81,0],[0,10]],[[7,12],[84,29]]]},
"G797": {"type": "Matrix2x2", "payoffs": [[[33,86],[0,0]],[[14,51],[19,38]]]},
"G798": {"type": "Matrix2x2", "payoffs": [[[43,75],[35,66]],[[0,39],[34,0]]]},
"G799": {"type": "Matrix2x2", "payoffs": [[[26,8],[2,0]],[[0,33],[86,34]]]},
"G800": {"type": "Matrix2x2", "payoffs": [[[0,0],[27,34]],[[20,19],[18,26]]]},
"G801": {"type": "Matrix2x2", "payoffs": [[[0,0],[28,51]],[[39,96],[27,14]]]},
"G802": {"type": "Matrix2x2", "payoffs": [[[0,35],[7,0]],[[1,41],[11,79]]]},
"G803": {"type": "Matrix2x2", "payoffs": [[[24,0],[63,67]],[[37,8],[0,21]]]},
"G804": {"type": "Matrix2x2", "payoffs": [[[0,0],[5,45]],[[22,23],[40,73]]]},
"G805": {"type": "Matrix2x2", "payoffs": [[[0,28],[6,0]],[[7,1],[18,84]]]},
"G806": {"type": "Matrix2x2", "payoffs": [[[26,81],[7,78]],[[0,59],[8,0]]]},
"G807": {"type": "Matrix2x2", "payoffs": [[[2,49],[46,48]],[[0,0],[72,67]]]},
"G808": {"type": "Matrix2x2", "payoffs": [[[24,85],[0,0]],[[60,95],[1,94]]]},
"G809": {"type": "Matrix2x2", "payoffs": [[[0,0],[9,1]],[[34,68],[16,27]]]},
"G810": {"type": "Matrix2x2", "payoffs": [[[0,18],[51,2]],[[93,23],[90,0]]]},
"G811": {"type": "Matrix2x2", "payoffs": [[[65,30],[0,0]],[[6,14],[25,10]]]},
"G812": {"type": "Matrix2x2", "payoffs": [[[16,22],[0,0]],[[21,19],[26,45]]]},
"G813": {"type": "Matrix2x2", "payoffs": [[[88,64],[73,0]],[[7,58],[0,13]]]},
"G814": {"type": "Matrix2x2", "payoffs": [[[33,21],[31,9]],[[32,0],[0,16]]]},
"G815": {"type": "Matrix2x2", "payoffs": [[[98,62],[10,30]],[[17,0],[0,49]]]},
"G816": {"type": "Matrix2x2", "payoffs": [[[0,0],[19,68]],[[16,13],[11,40]]]},
"G817": {"type": "Matrix2x2", "payoffs": [[[0,0],[82,78]],[[57,44],[76,59]]]},
"G818": {"type": "Matrix2x2", "payoffs": [[[8,22],[20,55]],[[0,0],[4,5]]]},
"G819": {"type": "Matrix2x2", "payoffs": [[[50,0],[72,4]],[[0,2],[27,1]]]},
"G820": {"type": "Matrix2x2", "payoffs": [[[0,0],[80,36]],[[75,2],[41,34]]]},
"G821": {"type": "Matrix2x2", "payoffs": [[[0,35],[30,0]],[[59,40],[21,39]]]},
"G822": {"type": "Matrix2x2", "payoffs": [[[1,59],[0,0]],[[3,39],[37,97]]]},
"G823": {"type": "Matrix2x2", "payoffs": [[[0,12],[91,18]],[[63,0],[41,17]]]},
"G824": {"type": "Matrix2x2", "payoffs": [[[37,59],[0,0]],[[55,78],[47,37]]]},
"G825": {"type": "Matrix2x2", "payoffs": [[[65,0],[26,76]],[[0,43],[68,80]]]},
"G826": {"type": "Matrix2x2", "payoffs": [[[0,62],[28,0]],[[50,64],[47,34]]]},
"G827": {"type": "Matrix2x2", "payoffs": [[[23,10],[27,0]],[[43,23],[0,22]]]},
"G828": {"type": "Matrix2x2", "payoffs": [[[19,0],[35,44]],[[8,11],[0,7]]]},
"G829": {"type": "Matrix2x2", "payoffs": [[[38,66],[10,38]],[[0,0],[16,17]]]},
"G830": {"type": "Matrix2x2", "payoffs": [[[0,62],[20,43]],[[25,75],[16,0]]]},
"G831": {"type": "Matrix2x2", "payoffs": [[[80,15],[90,32]],[[1,29],[0,0]]]},
"G832": {"type": "Matrix2x2", "payoffs": [[[0,0],[13,16]],[[6,29],[26,55]]]},
"G833": {"type": "Matrix2x2", "payoffs": [[[4,0],[13,58]],[[6,45],[0,37]]]},
"G834": {"type": "Matrix2x2", "payoffs": [[[0,14],[54,0]],[[67,21],[94,52]]]},
"G835": {"type": "Matrix2x2", "payoffs": [[[0,13],[48,65]],[[12,20],[33,0]]]},
"G836": {"type": "Matrix2x2", "payoffs": [[[0,24],[17,26]],[[35,29],[31,0]]]},
"G837": {"type": "Matrix2x2", "payoffs": [[[93,15],[86,2]],[[0,12],[32,0]]]},
"G838": {"type": "Matrix2x2", "payoffs": [[[53,0],[12,13]],[[84,84],[0,41]]]},
"G839": {"type": "Matrix2x2", "payoffs": [[[74,43],[0,0]],[[99,52],[11,4]]]},
"G840": {"type": "Matrix2x2", "payoffs": [[[46,0],[0,4]],[[33,2],[88,52]]]},
"G841": {"type": "Matrix2x2", "payoffs": [[[68,50],[30,40]],[[0,9],[16,0]]]},
"G842": {"type": "Matrix2x2", "payoffs": [[[19,0],[23,7]],[[0,2],[93,78]]]},
"G843": {"type": "Matrix2x2", "payoffs": [[[0,59],[16,68]],[[5,44],[10,0]]]},
"G844": {"type": "Matrix2x2", "payoffs": [[[26,46],[23,0]],[[16,13],[0,4]]]},
"G845": {"type": "Matrix2x2", "payoffs": [[[0,0],[6,50]],[[4,39],[16,98]]]},
"G846": {"type": "Matrix2x2", "payoffs": [[[11,14],[8,9]],[[0,0],[3,1]]]},
"G847": {"type": "Matrix2x2", "payoffs": [[[19,0],[32,84]],[[0,38],[11,24]]]},
"G848": {"type": "Matrix2x2", "payoffs": [[[12,0],[1,2]],[[23,4],[0,3]]]},
"G849": {"type": "Matrix2x2", "payoffs": [[[81,33],[22,20]],[[18,31],[0,0]]]},
"G850": {"type": "Matrix2x2", "payoffs": [[[0,65],[18,22]],[[24,85],[15,0]]]},
"G851": {"type": "Matrix2x2", "payoffs": [[[82,0],[0,26]],[[11,39],[94,54]]]},
"G852": {"type": "Matrix2x2", "payoffs": [[[0,0],[10,95]],[[8,7],[4,69]]]},
"G853": {"type": "Matrix2x2", "payoffs": [[[0,66],[39,35]],[[29,0],[45,80]]]},
"G854": {"type": "Matrix2x2", "payoffs": [[[1,40],[0,0]],[[4,38],[11,79]]]},
"G855": {"type": "Matrix2x2", "payoffs": [[[1,0],[19,95]],[[0,9],[8,61]]]},
"G856": {"type": "Matrix2x2", "payoffs": [[[0,2],[6,0]],[[56,1],[80,3]]]},
"G857": {"type": "Matrix2x2", "payoffs": [[[30,94],[24,0]],[[5,90],[0,93]]]},
"G858": {"type": "Matrix2x2", "payoffs": [[[27,1],[0,0]],[[32,4],[25,3]]]},
"G859": {"type": "Matrix2x2", "payoffs": [[[16,21],[58,44]],[[0,8],[28,0]]]},
"G860": {"type": "Matrix2x2", "payoffs": [[[36,0],[94,47]],[[40,6],[0,20]]]},
"G861": {"type": "Matrix2x2", "payoffs": [[[12,16],[0,0]],[[15,19],[41,53]]]},
"G862": {"type": "Matrix2x2", "payoffs": [[[90,3],[34,0]],[[0,2],[78,1]]]},
"G863": {"type": "Matrix2x2", "payoffs": [[[76,74],[63,69]],[[3,0],[0,40]]]},
"G864": {"type": "Matrix2x2", "payoffs": [[[30,55],[0,0]],[[51,36],[58,90]]]},
"G865": {"type": "Matrix2x2", "payoffs": [[[24,0],[35,16]],[[0,6],[9,13]]]},
"G866": {"type": "Matrix2x2", "payoffs": [[[54,38],[0,37]],[[55,68],[45,0]]]},
"G867": {"type": "Matrix2x2", "payoffs": [[[0,2],[11,25]],[[16,0],[27,27]]]},
"G868": {"type": "Matrix2x2", "payoffs": [[[26,38],[17,12]],[[0,0],[12,7]]]},
"G869": {"type": "Matrix2x2", "payoffs": [[[0,8],[35,10]],[[91,11],[56,0]]]},
"G870": {"type": "Matrix2x2", "payoffs": [[[5,0],[13,37]],[[19,46],[0,15]]]},
"G871": {"type": "Matrix2x2", "payoffs": [[[32,46],[0,0]],[[5,26],[8,35]]]},
"G872": {"type": "Matrix2x2", "payoffs": [[[3,36],[4,20]],[[0,0],[6,60]]]},
"G873": {"type": "Matrix2x2", "payoffs": [[[62,0],[0,11]],[[84,31],[54,16]]]},
"G874": {"type": "Matrix2x2", "payoffs": [[[6,30],[9,94]],[[7,0],[0,63]]]},
"G875": {"type": "Matrix2x2", "payoffs": [[[0,15],[30,25]],[[33,44],[13,0]]]},
"G876": {"type": "Matrix2x2", "payoffs": [[[0,40],[18,0]],[[74,45],[44,1]]]},
"G877": {"type": "Matrix2x2", "payoffs": [[[0,0],[16,36]],[[30,17],[53,42]]]},
"G878": {"type": "Matrix2x2", "payoffs": [[[58,13],[21,6]],[[0,0],[10,1]]]},
"G879": {"type": "Matrix2x2", "payoffs": [[[54,9],[62,44]],[[28,3],[0,0]]]},
"G880": {"type": "Matrix2x2", "payoffs": [[[20,45],[90,40]],[[95,67],[0,0]]]},
"G881": {"type": "Matrix2x2", "payoffs": [[[38,0],[39,19]],[[0,15],[8,17]]]},
"G882": {"type": "Matrix2x2", "payoffs": [[[7,0],[0,13]],[[6,14],[27,29]]]},
"G883": {"type": "Matrix2x2", "payoffs": [[[0,51],[82,97]],[[72,24],[73,0]]]},
"G884": {"type": "Matrix2x2", "payoffs": [[[93,56],[68,0]],[[0,42],[91,21]]]},
"G885": {"type": "Matrix2x2", "payoffs": [[[5,84],[0,4]],[[4,75],[2,0]]]},
"G886": {"type": "Matrix2x2", "payoffs": [[[93,91],[21,64]],[[38,0],[0,9]]]},
"G887": {"type": "Matrix2x2", "payoffs": [[[26,1],[92,36]],[[57,0],[0,32]]]},
"G888": {"type": "Matrix2x2", "payoffs": [[[36,0],[0,28]],[[35,17],[37,45]]]},
"G889": {"type": "Matrix2x2", "payoffs": [[[61,5],[32,1]],[[0,0],[56,3]]]},
"G890": {"type": "Matrix2x2", "payoffs": [[[0,46],[25,0]],[[36,100],[8,57]]]},
"G891": {"type": "Matrix2x2", "payoffs": [[[19,12],[0,0]],[[47,38],[7,7]]]},
"G892": {"type": "Matrix2x2", "payoffs": [[[22,25],[50,57]],[[12,0],[0,54]]]},
"G893": {"type": "Matrix2x2", "payoffs": [[[0,25],[40,0]],[[37,2],[95,26]]]},
"G894": {"type": "Matrix2x2", "payoffs": [[[30,0],[55,9]],[[0,13],[62,14]]]},
"G895": {"type": "Matrix2x2", "payoffs": [[[0,8],[5,0]],[[7,37],[6,1]]]},
"G896": {"type": "Matrix2x2", "payoffs": [[[61,45],[0,0]],[[96,95],[36,66]]]},
"G897": {"type": "Matrix2x2", "payoffs": [[[42,0],[52,3]],[[93,14],[0,11]]]},
"G898": {"type": "Matrix2x2", "payoffs": [[[0,0],[1,34]],[[3,16],[15,91]]]},
"G899": {"type": "Matrix2x2", "payoffs": [[[24,83],[0,68]],[[16,0],[12,8]]]},
"G900": {"type": "Matrix2x2", "payoffs": [[[0,0],[35,30]],[[27,16],[16,28]]]},
"G901": {"type": "Matrix2x2", "payoffs": [[[2,3],[46,10]],[[0,2],[40,0]]]},
"G902": {"type": "Matrix2x2", "payoffs": [[[44,9],[43,0]],[[0,2],[26,8]]]},
"G903": {"type": "Matrix2x2", "payoffs": [[[0,4],[84,13]],[[38,0],[37,11]]]},
"G904": {"type": "Matrix2x2", "payoffs": [[[23,14],[45,8]],[[0,0],[50,15]]]},
"G905": {"type": "Matrix2x2", "payoffs": [[[2,0],[0,17]],[[65,65],[43,4]]]},
"G906": {"type": "Matrix2x2", "payoffs": [[[38,21],[14,11]],[[0,0],[33,12]]]},
"G907": {"type": "Matrix2x2", "payoffs": [[[4,12],[0,0]],[[11,93],[9,35]]]},
"G908": {"type": "Matrix2x2", "payoffs": [[[0,2],[13,17]],[[2,0],[5,5]]]},
"G909": {"type": "Matrix2x2", "payoffs": [[[3,28],[5,0]],[[0,11],[11,48]]]},
"G910": {"type": "Matrix2x2", "payoffs": [[[0,32],[97,35]],[[11,0],[32,17]]]},
"G911": {"type": "Matrix2x2", "payoffs": [[[50,0],[60,55]],[[0,38],[48,16]]]},
"G912": {"type": "Matrix2x2", "payoffs": [[[0,0],[2,43]],[[1,72],[3,75]]]},
"G913": {"type": "Matrix2x2", "payoffs": [[[61,17],[72,0]],[[87,83],[0,2]]]},
"G914": {"type": "Matrix2x2", "payoffs": [[[0,0],[37,16]],[[30,13],[17,11]]]},
"G915": {"type": "Matrix2x2", "payoffs": [[[2,0],[83,46]],[[70,43],[0,13]]]},
"G916": {"type": "Matrix2x2", "payoffs": [[[13,0],[0,48]],[[79,87],[55,64]]]},
"G917": {"type": "Matrix2x2", "payoffs": [[[25,43],[0,0]],[[13,41],[12,27]]]},
"G918": {"type": "Matrix2x2", "payoffs": [[[5,1],[6,32]],[[0,0],[1,31]]]},
"G919": {"type": "Matrix2x2", "payoffs": [[[0,66],[10,55]],[[14,100],[1,0]]]},
"G920": {"type": "Matrix2x2", "payoffs": [[[21,70],[35,95]],[[0,82],[12,0]]]},
"G921": {"type": "Matrix2x2", "payoffs": [[[0,36],[60,0]],[[11,27],[67,50]]]},
"G922": {"type": "Matrix2x2", "payoffs": [[[81,29],[69,8]],[[0,17],[8,0]]]},
"G923": {"type": "Matrix2x2", "payoffs": [[[10,0],[0,52]],[[36,87],[23,81]]]},
"G924": {"type": "Matrix2x2", "payoffs": [[[69,94],[0,0]],[[40,9],[28,80]]]},
"G925": {"type": "Matrix2x2", "payoffs": [[[46,96],[37,31]],[[6,58],[0,0]]]},
"G926": {"type": "Matrix2x2", "payoffs": [[[0,17],[64,0]],[[67,38],[55,14]]]},
"G927": {"type": "Matrix2x2", "payoffs": [[[91,23],[14,14]],[[0,0],[99,84]]]},
"G928": {"type": "Matrix2x2", "payoffs": [[[38,27],[18,21]],[[0,0],[28,9]]]},
"G929": {"type": "Matrix2x2", "payoffs": [[[4,46],[0,0]],[[3,94],[8,97]]]},
"G930": {"type": "Matrix2x2", "payoffs": [[[42,14],[62,18]],[[0,0],[65,61]]]},
"G931": {"type": "Matrix2x2", "payoffs": [[[66,10],[28,4]],[[41,0],[0,6]]]},
"G932": {"type": "Matrix2x2", "payoffs": [[[72,19],[50,2]],[[29,18],[0,0]]]},
"G933": {"type": "Matrix2x2", "payoffs": [[[9,80],[2,0]],[[0,78],[7,20]]]},
"G934": {"type": "Matrix2x2", "payoffs": [[[0,9],[64,92]],[[43,0],[1,62]]]},
"G935": {"type": "Matrix2x2", "payoffs": [[[32,36],[46,24]],[[53,44],[0,0]]]},
"G936": {"type": "Matrix2x2", "payoffs": [[[21,12],[78,42]],[[59,14],[0,0]]]},
"G937": {"type": "Matrix2x2", "payoffs": [[[66,21],[20,15]],[[48,0],[0,3]]]},
"G938": {"type": "Matrix2x2", "payoffs": [[[57,16],[0,10]],[[36,0],[16,15]]]},
"G939": {"type": "Matrix2x2", "payoffs": [[[63,0],[0,28]],[[85,76],[34,53]]]},
"G940": {"type": "Matrix2x2", "payoffs": [[[53,0],[69,18]],[[65,3],[0,17]]]},
"G941": {"type": "Matrix2x2", "payoffs": [[[18,100],[13,0]],[[0,80],[12,26]]]},
"G942": {"type": "Matrix2x2", "payoffs": [[[0,17],[100,27]],[[78,4],[22,0]]]},
"G943": {"type": "Matrix2x2", "payoffs": [[[48,4],[0,2]],[[29,0],[60,80]]]},
"G944": {"type": "Matrix2x2", "payoffs": [[[22,18],[5,6]],[[0,0],[25,94]]]},
"G945": {"type": "Matrix2x2", "payoffs": [[[1,42],[19,89]],[[0,0],[7,26]]]},
"G946": {"type": "Matrix2x2", "payoffs": [[[85,98],[27,21]],[[0,0],[2,49]]]},
"G947": {"type": "Matrix2x2", "payoffs": [[[12,19],[64,24]],[[0,0],[27,21]]]},
"G948": {"type": "Matrix2x2", "payoffs": [[[0,0],[23,12]],[[76,19],[9,16]]]},
"G949": {"type": "Matrix2x2", "payoffs": [[[68,81],[8,34]],[[32,45],[0,0]]]},
"G950": {"type": "Matrix2x2", "payoffs": [[[87,60],[0,14]],[[9,37],[79,0]]]},
"G951": {"type": "Matrix2x2", "payoffs": [[[0,44],[3,0]],[[1,38],[8,60]]]},
"G952": {"type": "Matrix2x2", "payoffs": [[[84,15],[0,0]],[[56,7],[35,4]]]},
"G953": {"type": "Matrix2x2", "payoffs": [[[94,6],[0,3]],[[72,4],[62,0]]]},
"G954": {"type": "Matrix2x2", "payoffs": [[[32,94],[14,0]],[[0,29],[13,50]]]},
"G955": {"type": "Matrix2x2", "payoffs": [[[7,0],[0,53]],[[74,100],[14,4]]]},
"G956": {"type": "Matrix2x2", "payoffs": [[[4,97],[0,0]],[[1,59],[3,16]]]},
"G957": {"type": "Matrix2x2", "payoffs": [[[47,14],[74,17]],[[63,0],[0,12]]]},
"G958": {"type": "Matrix2x2", "payoffs": [[[0,0],[68,1]],[[42,2],[74,4]]]},
"G959": {"type": "Matrix2x2", "payoffs": [[[15,0],[0,2]],[[29,24],[14,6]]]},
"G960": {"type": "Matrix2x2", "payoffs": [[[12,62],[21,71]],[[0,0],[8,38]]]},
"G961": {"type": "Matrix2x2", "payoffs": [[[17,0],[4,6]],[[19,52],[0,18]]]},
"G962": {"type": "Matrix2x2", "payoffs": [[[3,20],[32,92]],[[16,67],[0,0]]]},
"G963": {"type": "Matrix2x2", "payoffs": [[[63,22],[79,23]],[[0,4],[71,0]]]},
"G964": {"type": "Matrix2x2", "payoffs": [[[1,27],[0,0]],[[3,57],[19,87]]]},
"G965": {"type": "Matrix2x2", "payoffs": [[[29,77],[0,52]],[[18,51],[22,0]]]},
"G966": {"type": "Matrix2x2", "payoffs": [[[7,30],[5,10]],[[0,6],[6,0]]]},
"G967": {"type": "Matrix2x2", "payoffs": [[[72,25],[21,5]],[[64,0],[0,23]]]},
"G968": {"type": "Matrix2x2", "payoffs": [[[24,81],[18,0]],[[9,63],[0,28]]]},
"G969": {"type": "Matrix2x2", "payoffs": [[[0,41],[11,0]],[[87,59],[71,20]]]},
"G970": {"type": "Matrix2x2", "payoffs": [[[17,0],[19,68]],[[0,35],[20,78]]]},
"G971": {"type": "Matrix2x2", "payoffs": [[[10,4],[37,60]],[[4,0],[0,34]]]},
"G972": {"type": "Matrix2x2", "payoffs": [[[76,43],[63,35]],[[0,0],[49,16]]]},
"G973": {"type": "Matrix2x2", "payoffs": [[[31,11],[39,24]],[[0,14],[21,0]]]},
"G974": {"type": "Matrix2x2", "payoffs": [[[1,1],[0,0]],[[6,90],[5,44]]]},
"G975": {"type": "Matrix2x2", "payoffs": [[[31,0],[29,18]],[[0,23],[36,35]]]},
"G976": {"type": "Matrix2x2", "payoffs": [[[0,42],[1,52]],[[13,82],[8,0]]]},
"G977": {"type": "Matrix2x2", "payoffs": [[[25,44],[8,0]],[[17,27],[0,20]]]},
"G978": {"type": "Matrix2x2", "payoffs": [[[2,25],[33,67]],[[0,0],[14,19]]]},
"G979": {"type": "Matrix2x2", "payoffs": [[[0,4],[25,0]],[[17,2],[52,16]]]},
"G980": {"type": "Matrix2x2", "payoffs": [[[1,0],[9,8]],[[12,64],[0,61]]]},
"G981": {"type": "Matrix2x2", "payoffs": [[[2,4],[4,31]],[[0,0],[6,49]]]},
"G982": {"type": "Matrix2x2", "payoffs": [[[83,94],[0,0]],[[51,73],[59,75]]]},
"G983": {"type": "Matrix2x2", "payoffs": [[[16,32],[0,0]],[[12,2],[17,39]]]},
"G984": {"type": "Matrix2x2", "payoffs": [[[19,51],[0,0]],[[69,52],[62,10]]]},
"G985": {"type": "Matrix2x2", "payoffs": [[[0,0],[40,75]],[[6,72],[29,3]]]},
"G986": {"type": "Matrix2x2", "payoffs": [[[1,0],[4,42]],[[0,14],[17,47]]]},
"G987": {"type": "Matrix2x2", "payoffs": [[[12,0],[51,57]],[[0,47],[22,11]]]},
"G988": {"type": "Matrix2x2", "payoffs": [[[0,0],[28,2]],[[91,6],[44,5]]]},
"G989": {"type": "Matrix2x2", "payoffs": [[[49,16],[50,26]],[[0,0],[31,15]]]},
"G990": {"type": "Matrix2x2", "payoffs": [[[16,0],[15,68]],[[23,92],[0,84]]]},
"G991": {"type": "Matrix2x2", "payoffs": [[[2,4],[0,2]],[[5,9],[3,0]]]},
"G992": {"type": "Matrix2x2", "payoffs": [[[0,9],[96,89]],[[33,27],[67,0]]]},
"G993": {"type": "Matrix2x2", "payoffs": [[[61,42],[0,13]],[[7,41],[36,0]]]},
"G994": {"type": "Matrix2x2", "payoffs": [[[0,0],[17,3]],[[19,10],[21,82]]]},
"G995": {"type": "Matrix2x2", "payoffs": [[[0,67],[61,78]],[[32,0],[35,75]]]},
"G996": {"type": "Matrix2x2", "payoffs": [[[81,44],[100,70]],[[0,45],[25,0]]]},
"G997": {"type": "Matrix2x2", "payoffs": [[[0,0],[41,25]],[[28,46],[51,66]]]},
"G998": {"type": "Matrix2x2", "payoffs": [[[46,46],[0,0]],[[49,34],[56,96]]]},
"G999": {"type": "Matrix2x2", "payoffs": [[[0,0],[17,10]],[[77,29],[8,27]]]},
"G1000": {"type": "Matrix2x2", "payoffs": [[[7,14],[3,0]],[[0,12],[6,8]]]}
}