{
"numGames": 1000,
"G1": {"type": "Matrix2x2", "payoffs": [[[33,0],[85,7]],[[92,20],[0,6]]]},
"G2": {"type": "Matrix2x2", "payoffs": [[[0,13],[4,0]],[[23,30],[59,66]]]},
"G3": {"type": "Matrix2x2", "payoffs": [[[5,86],[0,4]],[[4,80],[1,0]]]},
"G4": {"type": "Matrix2x2", "payoffs": [[[59,39],[0,0]],[[1,24],[21,36]]]},
"G5": {"type": "Matrix2x2", "payoffs": [[[64,98],[0,23]],[[31,0],[37,92]]]},
"G6": {"type": "Matrix2x2", "payoffs": [[[17,0],[23,35]],[[89,54],[0,19]]]},
"G7": {"type": "Matrix2x2", "payoffs": [[[58,4],[67,5]],[[0,0],[72,9]]]},
"G8": {"type": "Matrix2x2", "payoffs": [[[47,0],[89,33]],[[0,8],[31,32]]]},
"G9": {"type": "Matrix2x2", "payoffs": [[[18,0],[55,68]],[[0,40],[56,82]]]},
"G10": {"type": "Matrix2x2", "payoffs": [[[2,0],[0,2]],[[3,24],[1,4]]]},
"G11": {"type": "Matrix2x2", "payoffs": [[[5,1],[66,23]],[[0,0],[72,24]]]},
"G12": {"type": "Matrix2x2", "payoffs": [[[0,18],[65,27]],[[21,21],[3,0]]]},
"G13": {"type": "Matrix2x2", "payoffs": [[[15,3],[24,5]],[[48,6],[0,0]]]},
"G14": {"type": "Matrix2x2", "payoffs": [[[94,3],[70,1]],[[0,0],[44,2]]]},
"G15": {"type": "Matrix2x2", "payoffs": [[[0,0],[71,24]],[[22,10],[93,30]]]},
"G16": {"type": "Matrix2x2", "payoffs": [[[75,51],[0,31]],[[50,41],[3,0]]]},
"G17": {"type": "Matrix2x2", "payoffs": [[[8,0],[0,4]],[[11,31],[67,67]]]},
"G18": {"type": "Matrix2x2", "payoffs": [[[0,32],[61,39]],[[9,0],[85,54]]]},
"G19": {"type": "Matrix2x2", "payoffs": [[[34,95],[0,8]],[[6,34],[30,0]]]},
"G20": {"type": "Matrix2x2", "payoffs": [[[17,6],[0,36]],[[18,0],[28,66]]]},
"G21": {"type": "Matrix2x2", "payoffs": [[[81,87],[0,12]],[[47,0],[74,62]]]},
"G22": {"type": "Matrix2x2", "payoffs": [[[47,76],[37,0]],[[8,46],[0,51]]]},
"G23": {"type": "Matrix2x2", "payoffs": [[[0,0],[45,68]],[[14,57],[3,40]]]},
"G24": {"type": "Matrix2x2", "payoffs": [[[8,0],[72,59]],[[0,45],[32,44]]]},
"G25": {"type": "Matrix2x2", "payoffs": [[[0,0],[10,23]],[[41,87],[7,72]]]},
"G26": {"type": "Matrix2x2", "payoffs": [[[64,0],[25,33]],[[77,52],[0,16]]]},
"G27": {"type": "Matrix2x2", "payoffs": [[[15,45],[65,97]],[[60,76],[0,0]]]},
"G28": {"type": "Matrix2x2", "payoffs": [[[2,0],[4,47]],[[0,12],[1,31]]]},
"G29": {"type": "Matrix2x2", "payoffs": [[[0,15],[62,19]],[[33,11],[11,0]]]},
"G30": {"type": "Matrix2x2", "payoffs": [[[0,13],[19,33]],[[7,0],[51,48]]]},
"G31": {"type": "Matrix2x2", "payoffs": [[[1,45],[13,0]],[[28,67],[0,19]]]},
"G32": {"type": "Matrix2x2", "payoffs": [[[1,21],[13,28]],[[0,0],[50,38]]]},
"G33": {"type": "Matrix2x2", "payoffs": [[[76,22],[24,0]],[[0,10],[7,19]]]},
"G34": {"type": "Matrix2x2", "payoffs": [[[39,13],[52,11]],[[69,33],[0,0]]]},
"G35": {"type": "Matrix2x2", "payoffs": [[[0,0],[11,88]],[[2,40],[5,80]]]},
"G36": {"type": "Matrix2x2", "payoffs": [[[9,0],[10,3]],[[8,1],[0,2]]]},
"G37": {"type": "Matrix2x2", "payoffs": [[[0,0],[19,1]],[[22,59],[6,37]]]},
"G38": {"type": "Matrix2x2", "payoffs": [[[65,22],[82,0]],[[97,54],[0,8]]]},
"G39": {"type": "Matrix2x2", "payoffs": [[[75,33],[7,6]],[[0,28],[35,0]]]},
"G40": {"type": "Matrix2x2", "payoffs": [[[0,0],[82,46]],[[86,53],[71,20]]]},
"G41": {"type": "Matrix2x2", "payoffs": [[[62,0],[77,7]],[[0,5],[37,2]]]},
"G42": {"type": "Matrix2x2", "payoffs": [[[3,3],[0,0]],[[4,44],[1,10]]]},
"G43": {"type": "Matrix2x2", "payoffs": [[[3,13],[0,0]],[[7,12],[25,33]]]},
"G44": {"type": "Matrix2x2", "payoffs": [[[71,39],[0,79]],[[53,0],[90,88]]]},
"G45": {"type": "Matrix2x2", "payoffs": [[[92,53],[83,0]],[[86,24],[0,20]]]},
"G46": {"type": "Matrix2x2", "payoffs": [[[25,0],[41,82]],[[0,22],[28,38]]]},
"G47": {"type": "Matrix2x2", "payoffs": [[[3,27],[58,51]],[[55,18],[0,0]]]},
"G48": {"type": "Matrix2x2", "payoffs": [[[43,8],[0,12]],[[52,14],[20,0]]]},
"G49": {"type": "Matrix2x2", "payoffs": [[[0,0],[31,2]],[[67,25],[24,9]]]},
"G50": {"type": "Matrix2x2", "payoffs": [[[0,54],[36,58]],[[25,28],[20,0]]]},
"G51": {"type": "Matrix2x2", "payoffs": [[[38,47],[46,63]],[[0,53],[27,0]]]},
"G52": {"type": "Matrix2x2", "payoffs": [[[0,9],[2,0]],[[44,90],[21,65]]]},
"G53": {"type": "Matrix2x2", "payoffs": [[[7,6],[1,0]],[[0,30],[10,41]]]},
"G54": {"type": "Matrix2x2", "payoffs": [[[8,53],[0,12]],[[6,22],[1,0]]]},
"G55": {"type": "Matrix2x2", "payoffs": [[[0,93],[43,0]],[[60,97],[45,45]]]},
"G56": {"type": "Matrix2x2", "payoffs": [[[54,16],[77,0]],[[0,72],[86,97]]]},
"G57": {"type": "Matrix2x2", "payoffs": [[[45,29],[100,49]],[[56,0],[0,15]]]},
"G58": {"type": "Matrix2x2", "payoffs": [[[48,0],[75,54]],[[71,50],[0,36]]]},
"G59": {"type": "Matrix2x2", "payoffs": [[[9,18],[0,25]],[[1,0],[42,44]]]},
"G60": {"type": "Matrix2x2", "payoffs": [[[0,33],[97,73]],[[65,66],[51,0]]]},
"G61": {"type": "Matrix2x2", "payoffs": [[[23,1],[64,82]],[[0,0],[7,48]]]},
"G62": {"type": "Matrix2x2", "payoffs": [[[0,0],[23,100]],[[12,28],[13,70]]]},
"G63": {"type": "Matrix2x2", "payoffs": [[[0,54],[3,23]],[[16,83],[9,0]]]},
"G64": {"type": "Matrix2x2", "payoffs": [[[5,5],[0,0]],[[11,21],[35,74]]]},
"G65": {"type": "Matrix2x2", "payoffs": [[[34,64],[29,0]],[[60,69],[0,51]]]},
"G66": {"type": "Matrix2x2", "payoffs": [[[36,0],[87,23]],[[5,4],[0,3]]]},
"G67": {"type": "Matrix2x2", "payoffs": [[[16,78],[0,68]],[[23,90],[14,0]]]},
"G68": {"type": "Matrix2x2", "payoffs": [[[100,76],[0,41]],[[83,67],[37,0]]]},
"G69": {"type": "Matrix2x2", "payoffs": [[[0,53],[14,76]],[[8,73],[13,0]]]},
"G70": {"type": "Matrix2x2", "payoffs": [[[8,8],[0,0]],[[16,17],[47,43]]]},
"G71": {"type": "Matrix2x2", "payoffs": [[[19,5],[0,14]],[[46,0],[49,49]]]},
"G72": {"type": "Matrix2x2", "payoffs": [[[18,4],[12,1]],[[0,0],[35,7]]]},
"G73": {"type": "Matrix2x2", "payoffs": [[[85,21],[83,2]],[[0,15],[72,0]]]},
"G74": {"type": "Matrix2x2", "payoffs": [[[21,0],[16,21]],[[0,43],[23,63]]]},
"G75": {"type": "Matrix2x2", "payoffs": [[[7,0],[65,29]],[[41,9],[0,26]]]},
"G76": {"type": "Matrix2x2", "payoffs": [[[3,15],[19,0]],[[0,2],[41,21]]]},
"G77": {"type": "Matrix2x2", "payoffs": [[[22,28],[50,21]],[[76,36],[0,0]]]},
"G78": {"type": "Matrix2x2", "payoffs": [[[0,31],[37,58]],[[27,0],[46,96]]]},
"G79": {"type": "Matrix2x2", "payoffs": [[[26,18],[0,0]],[[15,7],[100,19]]]},
"G80": {"type": "Matrix2x2", "payoffs": [[[0,0],[92,29]],[[74,25],[19,11]]]},
"G81": {"type": "Matrix2x2", "payoffs": [[[64,35],[54,0]],[[27,2],[0,8]]]},
"G82": {"type": "Matrix2x2", "payoffs": [[[82,13],[70,3]],[[76,0],[0,2]]]},
"G83": {"type": "Matrix2x2", "payoffs": [[[76,15],[1,7]],[[29,10],[0,0]]]},
"G84": {"type": "Matrix2x2", "payoffs": [[[72,91],[22,0]],[[46,43],[0,39]]]},
"G85": {"type": "Matrix2x2", "payoffs": [[[2,1],[0,0]],[[6,27],[4,24]]]},
"G86": {"type": "Matrix2x2", "payoffs": [[[28,11],[0,0]],[[26,6],[32,14]]]},
"G87": {"type": "Matrix2x2", "payoffs": [[[60,34],[0,23]],[[17,22],[52,0]]]},
"G88": {"type": "Matrix2x2", "payoffs": [[[26,88],[2,56]],[[21,0],[0,80]]]},
"G89": {"type": "Matrix2x2", "payoffs": [[[73,2],[99,3]],[[38,1],[0,0]]]},
"G90": {"type": "Matrix2x2", "payoffs": [[[0,4],[19,8]],[[14,0],[34,18]]]},
"G91": {"type": "Matrix2x2", "payoffs": [[[58,0],[65,63]],[[62,8],[0,54]]]},
"G92": {"type": "Matrix2x2", "payoffs": [[[94,24],[90,10]],[[6,0],[0,2]]]},
"G93": {"type": "Matrix2x2", "payoffs": [[[0,3],[27,12]],[[57,0],[60,14]]]},
"G94": {"type": "Matrix2x2", "payoffs": [[[3,26],[0,2]],[[50,57],[6,0]]]},
"G95": {"type": "Matrix2x2", "payoffs": [[[41,19],[7,34]],[[53,39],[0,0]]]},
"G96": {"type": "Matrix2x2", "payoffs": [[[0,28],[8,0]],[[14,37],[9,32]]]},
"G97": {"type": "Matrix2x2", "payoffs": [[[1,2],[3,1]],[[86,3],[0,0]]]},
"G98": {"type": "Matrix2x2", "payoffs": [[[46,24],[16,16]],[[0,19],[3,0]]]},
"G99": {"type": "Matrix2x2", "payoffs": [[[85,90],[77,6]],[[31,1],[0,0]]]},
"G100": {"type": "Matrix2x2", "payoffs": [[[58,73],[0,0]],[[15,30],[51,3]]]},
"G101": {"type": "Matrix2x2", "payoffs": [[[15,1],[100,87]],[[0,0],[88,46]]]},
"G102": {"type": "Matrix2x2", "payoffs": [[[13,0],[15,1]],[[18,8],[0,6]]]},
"G103": {"type": "Matrix2x2", "payoffs": [[[0,0],[18,17]],[[34,35],[36,41]]]},
"G104": {"type": "Matrix2x2", "payoffs": [[[49,80],[0,0]],[[22,33],[13,4]]]},
"G105": {"type": "Matrix2x2", "payoffs": [[[9,28],[18,0]],[[0,58],[43,82]]]},
"G106": {"type": "Matrix2x2", "payoffs": [[[90,78],[76,33]],[[0,0],[84,60]]]},
"G107": {"type": "Matrix2x2", "payoffs": [[[0,59],[28,45]],[[39,70],[2,0]]]},
"G108": {"type": "Matrix2x2", "payoffs": [[[11,13],[39,0]],[[0,91],[47,92]]]},
"G109": {"type": "Matrix2x2", "payoffs": [[[72,56],[47,0]],[[0,45],[17,40]]]},
"G110": {"type": "Matrix2x2", "payoffs": [[[22,46],[10,0]],[[0,27],[1,29]]]},
"G111": {"type": "Matrix2x2", "payoffs": [[[7,0],[53,6]],[[0,2],[44,4]]]},
"G112": {"type": "Matrix2x2", "payoffs": [[[0,41],[19,72]],[[13,0],[15,22]]]},
"G113": {"type": "Matrix2x2", "payoffs": [[[37,16],[55,89]],[[0,13],[11,0]]]},
"G114": {"type": "Matrix2x2", "payoffs": [[[0,71],[57,0]],[[37,88],[71,93]]]},
"G115": {"type": "Matrix2x2", "payoffs": [[[0,0],[61,90]],[[13,86],[16,13]]]},
"G116": {"type": "Matrix2x2", "payoffs": [[[10,54],[22,0]],[[89,56],[0,17]]]},
"G117": {"type": "Matrix2x2", "payoffs": [[[22,0],[33,82]],[[0,32],[3,4]]]},
"G118": {"type": "Matrix2x2", "payoffs": [[[71,87],[0,64]],[[19,0],[49,32]]]},
"G119": {"type": "Matrix2x2", "payoffs": [[[69,22],[72,80]],[[46,0],[0,50]]]},
"G120": {"type": "Matrix2x2", "payoffs": [[[0,2],[10,1]],[[1,0],[15,6]]]},
"G121": {"type": "Matrix2x2", "payoffs": [[[12,0],[0,46]],[[10,4],[31,54]]]},
"G122": {"type": "Matrix2x2", "payoffs": [[[53,0],[98,95]],[[0,79],[86,10]]]},
"G123": {"type": "Matrix2x2", "payoffs": [[[58,19],[20,0]],[[0,12],[39,14]]]},
"G124": {"type": "Matrix2x2", "payoffs": [[[0,0],[42,96]],[[17,2],[14,1]]]},
"G125": {"type": "Matrix2x2", "payoffs": [[[5,33],[0,32]],[[4,0],[1,17]]]},
"G126": {"type": "Matrix2x2", "payoffs": [[[0,50],[9,13]],[[11,53],[7,0]]]},
"G127": {"type": "Matrix2x2", "payoffs": [[[76,50],[4,44]],[[0,29],[67,0]]]},
"G128": {"type": "Matrix2x2", "payoffs": [[[8,48],[33,95]],[[0,0],[28,19]]]},
"G129": {"type": "Matrix2x2", "payoffs": [[[20,2],[27,11]],[[21,7],[0,0]]]},
"G130": {"type": "Matrix2x2", "payoffs": [[[4,26],[3,5]],[[2,1],[0,0]]]},
"G131": {"type": "Matrix2x2", "payoffs": [[[0,0],[34,65]],[[92,78],[75,39]]]},
"G132": {"type": "Matrix2x2", "payoffs": [[[48,0],[58,72]],[[50,7],[0,55]]]},
"G133": {"type": "Matrix2x2", "payoffs": [[[2,6],[8,40]],[[6,0],[0,35]]]},
"G134": {"type": "Matrix2x2", "payoffs": [[[58,22],[0,68]],[[84,100],[49,0]]]},
"G135": {"type": "Matrix2x2", "payoffs": [[[6,62],[5,0]],[[8,97],[0,31]]]},
"G136": {"type": "Matrix2x2", "payoffs": [[[9,0],[66,21]],[[13,20],[0,7]]]},
"G137": {"type": "Matrix2x2", "payoffs": [[[80,52],[28,8]],[[36,51],[0,0]]]},
"G138": {"type": "Matrix2x2", "payoffs": [[[3,58],[0,1]],[[4,0],[5,71]]]},
"G139": {"type": "Matrix2x2", "payoffs": [[[67,42],[0,21]],[[47,0],[35,15]]]},
"G140": {"type": "Matrix2x2", "payoffs": [[[0,0],[7,4]],[[1,12],[17,37]]]},
"G141": {"type": "Matrix2x2", "payoffs": [[[0,12],[49,99]],[[31,0],[20,11]]]},
"G142": {"type": "Matrix2x2", "payoffs": [[[61,0],[62,66]],[[0,42],[25,16]]]},
"G143": {"type": "Matrix2x2", "payoffs": [[[9,3],[0,0]],[[8,2],[3,1]]]},
"G144": {"type": "Matrix2x2", "payoffs": [[[82,46],[24,32]],[[0,0],[12,42]]]},
"G145": {"type": "Matrix2x2", "payoffs": [[[74,57],[49,0]],[[1,4],[0,39]]]},
"G146": {"type": "Matrix2x2", "payoffs": [[[0,68],[4,92]],[[2,0],[1,18]]]},
"G147": {"type": "Matrix2x2", "payoffs": [[[0,45],[69,33]],[[42,0],[77,53]]]},
"G148": {"type": "Matrix2x2", "payoffs": [[[26,96],[68,98]],[[22,79],[0,0]]]},
"G149": {"type": "Matrix2x2", "payoffs": [[[24,67],[0,0]],[[20,60],[8,63]]]},
"G150": {"type": "Matrix2x2", "payoffs": [[[34,15],[9,8]],[[25,0],[0,12]]]},
"G151": {"type": "Matrix2x2", "payoffs": [[[20,0],[86,58]],[[0,29],[31,21]]]},
"G152": {"type": "Matrix2x2", "payoffs": [[[22,48],[0,0]],[[28,90],[8,3]]]},
"G153": {"type": "Matrix2x2", "payoffs": [[[18,0],[15,5]],[[0,7],[35,10]]]},
"G154": {"type": "Matrix2x2", "payoffs": [[[1,0],[0,2]],[[65,29],[6,26]]]},
"G155": {"type": "Matrix2x2", "payoffs": [[[0,0],[6,35]],[[11,43],[15,48]]]},
"G156": {"type": "Matrix2x2", "payoffs": [[[38,95],[14,36]],[[0,84],[9,0]]]},
"G157": {"type": "Matrix2x2", "payoffs": [[[33,0],[0,22]],[[7,2],[57,40]]]},
"G158": {"type": "Matrix2x2", "payoffs": [[[49,66],[71,96]],[[45,0],[0,40]]]},
"G159": {"type": "Matrix2x2", "payoffs": [[[22,0],[0,59]],[[42,100],[1,57]]]},
"G160": {"type": "Matrix2x2", "payoffs": [[[13,63],[61,70]],[[20,0],[0,8]]]},
"G161": {"type": "Matrix2x2", "payoffs": [[[92,0],[0,3]],[[48,2],[100,9]]]},
"G162": {"type": "Matrix2x2", "payoffs": [[[26,3],[37,29]],[[0,0],[61,38]]]},
"G163": {"type": "Matrix2x2", "payoffs": [[[7,8],[25,68]],[[0,0],[9,27]]]},
"G164": {"type": "Matrix2x2", "payoffs": [[[0,0],[14,62]],[[44,12],[57,86]]]},
"G165": {"type": "Matrix2x2", "payoffs": [[[66,13],[50,0]],[[49,7],[0,11]]]},
"G166": {"type": "Matrix2x2", "payoffs": [[[41,0],[59,64]],[[30,14],[0,35]]]},
"G167": {"type": "Matrix2x2", "payoffs": [[[0,78],[75,97]],[[52,0],[9,83]]]},
"G168": {"type": "Matrix2x2", "payoffs": [[[2,5],[4,0]],[[0,1],[5,7]]]},
"G169": {"type": "Matrix2x2", "payoffs": [[[16,5],[0,6]],[[23,0],[28,7]]]},
"G170": {"type": "Matrix2x2", "payoffs": [[[26,0],[39,89]],[[15,7],[0,50]]]},
"G171": {"type": "Matrix2x2", "payoffs": [[[17,45],[8,18]],[[15,0],[0,29]]]},
"G172": {"type": "Matrix2x2", "payoffs": [[[26,46],[0,0]],[[7,4],[48,88]]]},
"G173": {"type": "Matrix2x2", "payoffs": [[[2,31],[95,73]],[[0,8],[17,0]]]},
"G174": {"type": "Matrix2x2", "payoffs": [[[1,0],[17,30]],[[0,29],[62,47]]]},
"G175": {"type": "Matrix2x2", "payoffs": [[[0,27],[58,0]],[[18,16],[68,38]]]},
"G176": {"type": "Matrix2x2", "payoffs": [[[7,21],[0,0]],[[12,66],[5,3]]]},
"G177": {"type": "Matrix2x2", "payoffs": [[[2,20],[3,38]],[[1,12],[0,0]]]},
"G178": {"type": "Matrix2x2", "payoffs": [[[97,85],[99,100]],[[0,0],[42,51]]]},
"G179": {"type": "Matrix2x2", "payoffs": [[[92,46],[0,0]],[[29,11],[28,31]]]},
"G180": {"type": "Matrix2x2", "payoffs": [[[43,75],[94,93]],[[0,28],[31,0]]]},
"G181": {"type": "Matrix2x2", "payoffs": [[[0,0],[65,25]],[[38,2],[79,56]]]},
"G182": {"type": "Matrix2x2", "payoffs": [[[0,0],[10,41]],[[33,56],[7,49]]]},
"G183": {"type": "Matrix2x2", "payoffs": [[[0,0],[2,19]],[[10,63],[8,23]]]},
"G184": {"type": "Matrix2x2", "payoffs": [[[7,0],[59,63]],[[0,5],[50,50]]]},
"G185": {"type": "Matrix2x2", "payoffs": [[[4,7],[3,43]],[[17,46],[0,0]]]},
"G186": {"type": "Matrix2x2", "payoffs": [[[32,0],[0,53]],[[3,63],[74,82]]]},
"G187": {"type": "Matrix2x2", "payoffs": [[[7,32],[0,44]],[[11,0],[14,52]]]},
"G188": {"type": "Matrix2x2", "payoffs": [[[54,12],[14,0]],[[56,86],[0,17]]]},
"G189": {"type": "Matrix2x2", "payoffs": [[[0,32],[2,0]],[[1,54],[7,77]]]},
"G190": {"type": "Matrix2x2", "payoffs": [[[10,10],[63,15]],[[11,0],[0,2]]]},
"G191": {"type": "Matrix2x2", "payoffs": [[[0,54],[16,46]],[[68,0],[71,66]]]},
"G192": {"type": "Matrix2x2", "payoffs": [[[81,76],[32,0]],[[0,68],[49,74]]]},
"G193": {"type": "Matrix2x2", "payoffs": [[[0,32],[56,0]],[[75,55],[9,53]]]},
"G194": {"type": "Matrix2x2", "payoffs": [[[3,79],[34,98]],[[5,6],[0,0]]]},
"G195": {"type": "Matrix2x2", "payoffs": [[[7,27],[0,32]],[[31,0],[32,59]]]},
"G196": {"type": "Matrix2x2", "payoffs": [[[82,3],[47,0]],[[0,34],[94,45]]]},
"G197": {"type": "Matrix2x2", "payoffs": [[[2,45],[9,75]],[[0,0],[26,82]]]},
"G198": {"type": "Matrix2x2", "payoffs": [[[79,73],[7,0]],[[0,50],[61,43]]]},
"G199": {"type": "Matrix2x2", "payoffs": [[[74,31],[45,0]],[[0,9],[68,21]]]},
"G200": {"type": "Matrix2x2", "payoffs": [[[0,1],[92,27]],[[66,16],[38,0]]]},
"G201": {"type": "Matrix2x2", "payoffs": [[[42,25],[17,13]],[[0,9],[15,0]]]},
"G202": {"type": "Matrix2x2", "payoffs": [[[0,0],[49,93]],[[18,38],[11,70]]]},
"G203": {"type": "Matrix2x2", "payoffs": [[[9,9],[4,0]],[[5,3],[0,8]]]},
"G204": {"type": "Matrix2x2", "payoffs": [[[13,54],[1,12]],[[0,0],[5,38]]]},
"G205": {"type": "Matrix2x2", "payoffs": [[[31,46],[4,0]],[[0,89],[54,96]]]},
"G206": {"type": "Matrix2x2", "payoffs": [[[71,62],[57,48]],[[25,0],[0,35]]]},
"G207": {"type": "Matrix2x2", "payoffs": [[[83,83],[55,0]],[[0,54],[31,61]]]},
"G208": {"type": "Matrix2x2", "payoffs": [[[0,42],[2,67]],[[18,72],[6,0]]]},
"G209": {"type": "Matrix2x2", "payoffs": [[[58,0],[0,17]],[[81,74],[5,16]]]},
"G210": {"type": "Matrix2x2", "payoffs": [[[31,0],[60,61]],[[54,25],[0,56]]]},
"G211": {"type": "Matrix2x2", "payoffs": [[[0,0],[48,32]],[[5,52],[53,68]]]},
"G212": {"type": "Matrix2x2", "payoffs": [[[23,67],[14,21]],[[24,94],[0,0]]]},
"G213": {"type": "Matrix2x2", "payoffs": [[[0,0],[10,24]],[[7,8],[9,11]]]},
"G214": {"type": "Matrix2x2", "payoffs": [[[11,23],[68,42]],[[0,0],[16,26]]]},
"G215": {"type": "Matrix2x2", "payoffs": [[[74,60],[35,0]],[[0,39],[57,7]]]},
"G216": {"type": "Matrix2x2", "payoffs": [[[52,15],[9,9]],[[14,1],[0,0]]]},
"G217": {"type": "Matrix2x2", "payoffs": [[[3,18],[24,0]],[[0,17],[58,21]]]},
"G218": {"type": "Matrix2x2", "payoffs": [[[60,42],[46,39]],[[0,24],[12,0]]]},
"G219": {"type": "Matrix2x2", "payoffs": [[[10,12],[34,29]],[[0,8],[6,0]]]},
"G220": {"type": "Matrix2x2", "payoffs": [[[77,1],[0,0]],[[99,8],[40,2]]]},
"G221": {"type": "Matrix2x2", "payoffs": [[[0,25],[29,0]],[[65,35],[52,30]]]},
"G222": {"type": "Matrix2x2", "payoffs": [[[0,1],[30,12]],[[53,41],[33,0]]]},
"G223": {"type": "Matrix2x2", "payoffs": [[[0,18],[17,21]],[[15,16],[8,0]]]},
"G224": {"type": "Matrix2x2", "payoffs": [[[13,76],[0,72]],[[7,38],[5,0]]]},
"G225": {"type": "Matrix2x2", "payoffs": [[[58,97],[46,13]],[[16,0],[0,68]]]},
"G226": {"type": "Matrix2x2", "payoffs": [[[58,0],[66,92]],[[37,51],[0,78]]]},
"G227": {"type": "Matrix2x2", "payoffs": [[[1,0],[12,16]],[[0,7],[34,19]]]},
"G228": {"type": "Matrix2x2", "payoffs": [[[84,79],[40,0]],[[42,55],[0,48]]]},
"G229": {"type": "Matrix2x2", "payoffs": [[[26,37],[0,69]],[[43,0],[51,75]]]},
"G230": {"type": "Matrix2x2", "payoffs": [[[49,3],[85,10]],[[78,0],[0,1]]]},
"G231": {"type": "Matrix2x2", "payoffs": [[[30,9],[58,63]],[[56,23],[0,0]]]},
"G232": {"type": "Matrix2x2", "payoffs": [[[24,0],[28,45]],[[44,46],[0,44]]]},
"G233": {"type": "Matrix2x2", "payoffs": [[[31,0],[89,33]],[[0,16],[85,18]]]},
"G234": {"type": "Matrix2x2", "payoffs": [[[94,67],[39,45]],[[90,12],[0,0]]]},
"G235": {"type": "Matrix2x2", "payoffs": [[[0,0],[17,26]],[[3,2],[92,34]]]},
"G236": {"type": "Matrix2x2", "payoffs": [[[10,33],[0,20]],[[91,41],[29,0]]]},
"G237": {"type": "Matrix2x2", "payoffs": [[[36,0],[14,33]],[[41,35],[0,1]]]},
"G238": {"type": "Matrix2x2", "payoffs": [[[83,4],[39,1]],[[78,0],[0,2]]]},
"G239": {"type": "Matrix2x2", "payoffs": [[[0,0],[13,30]],[[75,35],[30,24]]]},
"G240": {"type": "Matrix2x2", "payoffs": [[[5,14],[50,37]],[[31,26],[0,0]]]},
"G241": {"type": "Matrix2x2", "payoffs": [[[0,58],[31,21]],[[42,100],[15,0]]]},
"G242": {"type": "Matrix2x2", "payoffs": [[[57,71],[0,46]],[[8,11],[43,0]]]},
"G243": {"type": "Matrix2x2", "payoffs": [[[74,24],[9,0]],[[32,9],[0,6]]]},
"G244": {"type": "Matrix2x2", "payoffs": [[[34,23],[0,0]],[[10,39],[37,41]]]},
"G245": {"type": "Matrix2x2", "payoffs": [[[7,0],[56,51]],[[33,3],[0,16]]]},
"G246": {"type": "Matrix2x2", "payoffs": [[[3,56],[9,99]],[[1,0],[0,7]]]},
"G247": {"type": "Matrix2x2", "payoffs": [[[19,43],[20,19]],[[0,0],[32,53]]]},
"G248": {"type": "Matrix2x2", "payoffs": [[[1,31],[2,6]],[[3,58],[0,0]]]},
"G249": {"type": "Matrix2x2", "payoffs": [[[85,67],[35,63]],[[78,65],[0,0]]]},
"G250": {"type": "Matrix2x2", "payoffs": [[[12,26],[0,0]],[[10,9],[23,51]]]},
"G251": {"type": "Matrix2x2", "payoffs": [[[1,0],[0,30]],[[3,50],[4,61]]]},
"G252": {"type": "Matrix2x2", "payoffs": [[[20,55],[16,10]],[[0,0],[19,6]]]},
"G253": {"type": "Matrix2x2", "payoffs": [[[58,24],[37,16]],[[18,0],[0,9]]]},
"G254": {"type": "Matrix2x2", "payoffs": [[[0,0],[30,1]],[[64,49],[75,52]]]},
"G255": {"type": "Matrix2x2", "payoffs": [[[19,68],[31,71]],[[0,0],[3,55]]]},
"G256": {"type": "Matrix2x2", "payoffs": [[[37,24],[43,33]],[[31,29],[0,0]]]},
"G257": {"type": "Matrix2x2", "payoffs": [[[70,18],[0,5]],[[20,0],[84,76]]]},
"G258": {"type": "Matrix2x2", "payoffs": [[[30,22],[13,0]],[[1,15],[0,13]]]},
"G259": {"type": "Matrix2x2", "payoffs": [[[0,0],[6,68]],[[8,19],[9,93]]]},
"G260": {"type": "Matrix2x2", "payoffs": [[[0,0],[71,1]],[[95,3],[46,2]]]},
"G261": {"type": "Matrix2x2", "payoffs": [[[60,4],[86,82]],[[42,0],[0,52]]]},
"G262": {"type": "Matrix2x2", "payoffs": [[[40,89],[0,0]],[[11,4],[48,91]]]},
"G263": {"type": "Matrix2x2", "payoffs": [[[9,0],[14,95]],[[0,47],[13,32]]]},
"G264": {"type": "Matrix2x2", "payoffs": [[[0,21],[90,0]],[[92,44],[91,41]]]},
"G265": {"type": "Matrix2x2", "payoffs": [[[90,23],[75,0]],[[82,18],[0,19]]]},
"G266": {"type": "Matrix2x2", "payoffs": [[[48,6],[67,48]],[[0,0],[53,44]]]},
"G267": {"type": "Matrix2x2", "payoffs": [[[67,53],[0,0]],[[59,27],[5,10]]]},
"G268": {"type": "Matrix2x2", "payoffs": [[[63,43],[0,0]],[[73,48],[65,46]]]},
"G269": {"type": "Matrix2x2", "payoffs": [[[19,22],[0,5]],[[9,0],[7,1]]]},
"G270": {"type": "Matrix2x2", "payoffs": [[[93,12],[33,2]],[[87,6],[0,0]]]},
"G271": {"type": "Matrix2x2", "payoffs": [[[0,72],[40,75]],[[39,10],[12,0]]]},
"G272": {"type": "Matrix2x2", "payoffs": [[[18,0],[57,29]],[[0,3],[45,28]]]},
"G273": {"type": "Matrix2x2", "payoffs": [[[0,0],[33,51]],[[45,44],[47,98]]]},
"G274": {"type": "Matrix2x2", "payoffs": [[[10,60],[40,77]],[[33,10],[0,0]]]},
"G275": {"type": "Matrix2x2", "payoffs": [[[36,25],[0,0]],[[86,60],[57,2]]]},
"G276": {"type": "Matrix2x2", "payoffs": [[[24,0],[45,80]],[[0,72],[28,34]]]},
"G277": {"type": "Matrix2x2", "payoffs": [[[0,7],[19,0]],[[42,3],[57,9]]]},
"G278": {"type": "Matrix2x2", "payoffs": [[[39,0],[21,33]],[[44,39],[0,24]]]},
"G279": {"type": "Matrix2x2", "payoffs": [[[2,10],[15,1]],[[19,13],[0,0]]]},
"G280": {"type": "Matrix2x2", "payoffs": [[[65,96],[61,0]],[[2,33],[0,62]]]},
"G281": {"type": "Matrix2x2", "payoffs": [[[17,2],[0,8]],[[18,0],[74,24]]]},
"G282": {"type": "Matrix2x2", "payoffs": [[[14,0],[18,20]],[[0,13],[7,19]]]},
"G283": {"type": "Matrix2x2", "payoffs": [[[4,10],[0,17]],[[19,33],[2,0]]]},
"G284": {"type": "Matrix2x2", "payoffs": [[[19,74],[25,0]],[[0,19],[42,83]]]},
"G285": {"type": "Matrix2x2", "payoffs": [[[12,0],[6,2]],[[0,6],[16,14]]]},
"G286": {"type": "Matrix2x2", "payoffs": [[[11,0],[23,44]],[[0,42],[28,72]]]},
"G287": {"type": "Matrix2x2", "payoffs": [[[21,13],[0,0]],[[67,36],[6,29]]]},
"G288": {"type": "Matrix2x2", "payoffs": [[[11,0],[0,72]],[[51,86],[89,95]]]},
"G289": {"type": "Matrix2x2", "payoffs": [[[0,13],[13,0]],[[45,29],[10,4]]]},
"G290": {"type": "Matrix2x2", "payoffs": [[[2,9],[6,92]],[[0,0],[3,52]]]},
"G291": {"type": "Matrix2x2", "payoffs": [[[4,8],[0,0]],[[22,5],[57,14]]]},
"G292": {"type": "Matrix2x2", "payoffs": [[[5,6],[0,0]],[[6,36],[2,13]]]},
"G293": {"type": "Matrix2x2", "payoffs": [[[0,31],[20,0]],[[62,43],[94,53]]]},
"G294": {"type": "Matrix2x2", "payoffs": [[[21,5],[0,0]],[[18,6],[42,7]]]},
"G295": {"type": "Matrix2x2", "payoffs": [[[1,12],[0,0]],[[38,8],[73,13]]]},
"G296": {"type": "Matrix2x2", "payoffs": [[[0,0],[26,15]],[[25,44],[46,52]]]},
"G297": {"type": "Matrix2x2", "payoffs": [[[13,0],[0,34]],[[32,18],[51,46]]]},
"G298": {"type": "Matrix2x2", "payoffs": [[[0,0],[18,21]],[[42,84],[31,46]]]},
"G299": {"type": "Matrix2x2", "payoffs": [[[79,31],[73,12]],[[46,24],[0,0]]]},
"G300": {"type": "Matrix2x2", "payoffs": [[[13,29],[4,27]],[[0,0],[16,50]]]},
"G301": {"type": "Matrix2x2", "payoffs": [[[83,55],[76,0]],[[0,15],[59,18]]]},
"G302": {"type": "Matrix2x2", "payoffs": [[[1,94],[0,31]],[[3,99],[2,0]]]},
"G303": {"type": "Matrix2x2", "payoffs": [[[17,3],[11,10]],[[0,0],[29,42]]]},
"G304": {"type": "Matrix2x2", "payoffs": [[[0,0],[11,16]],[[5,12],[10,3]]]},
"G305": {"type": "Matrix2x2", "payoffs": [[[20,3],[0,0]],[[74,61],[64,56]]]},
"G306": {"type": "Matrix2x2", "payoffs": [[[4,0],[30,7]],[[0,4],[5,5]]]},
"G307": {"type": "Matrix2x2", "payoffs": [[[4,3],[35,25]],[[0,0],[14,10]]]},
"G308": {"type": "Matrix2x2", "payoffs": [[[59,1],[4,0]],[[75,14],[0,8]]]},
"G309": {"type": "Matrix2x2", "payoffs": [[[57,5],[39,0]],[[58,11],[0,8]]]},
"G310": {"type": "Matrix2x2", "payoffs": [[[5,0],[6,33]],[[0,24],[3,9]]]},
"G311": {"type": "Matrix2x2", "payoffs": [[[82,3],[9,1]],[[20,0],[0,2]]]},
"G312": {"type": "Matrix2x2", "payoffs": [[[18,15],[0,11]],[[8,5],[15,0]]]},
"G313": {"type": "Matrix2x2", "payoffs": [[[36,19],[0,5]],[[6,0],[28,17]]]},
"G314": {"type": "Matrix2x2", "payoffs": [[[1,0],[3,88]],[[2,65],[0,35]]]},
"G315": {"type": "Matrix2x2", "payoffs": [[[0,12],[94,75]],[[80,14],[89,0]]]},
"G316": {"type": "Matrix2x2", "payoffs": [[[87,68],[47,47]],[[71,14],[0,0]]]},
"G317": {"type": "Matrix2x2", "payoffs": [[[0,8],[66,43]],[[15,18],[26,0]]]},
"G318": {"type": "Matrix2x2", "payoffs": [[[5,87],[2,0]],[[0,49],[3,18]]]},
"G319": {"type": "Matrix2x2", "payoffs": [[[46,0],[85,100]],[[29,60],[0,18]]]},
"G320": {"type": "Matrix2x2", "payoffs": [[[77,78],[0,0]],[[21,20],[66,41]]]},
"G321": {"type": "Matrix2x2", "payoffs": [[[87,0],[0,2]],[[67,1],[95,3]]]},
"G322": {"type": "Matrix2x2", "payoffs": [[[6,0],[9,98]],[[0,38],[2,27]]]},
"G323": {"type": "Matrix2x2", "payoffs": [[[4,18],[0,0]],[[36,71],[3,33]]]},
"G324": {"type": "Matrix2x2", "payoffs": [[[63,0],[83,90]],[[0,75],[78,17]]]},
"G325": {"type": "Matrix2x2", "payoffs": [[[16,42],[8,0]],[[17,53],[0,36]]]},
"G326": {"type": "Matrix2x2", "payoffs": [[[16,26],[0,2]],[[12,0],[14,6]]]},
"G327": {"type": "Matrix2x2", "payoffs": [[[73,72],[61,15]],[[40,3],[0,0]]]},
"G328": {"type": "Matrix2x2", "payoffs": [[[0,14],[37,57]],[[6,2],[11,0]]]},
"G329": {"type": "Matrix2x2", "payoffs": [[[15,0],[7,6]],[[50,16],[0,8]]]},
"G330": {"type": "Matrix2x2", "payoffs": [[[0,0],[14,31]],[[32,55],[13,32]]]},
"G331": {"type": "Matrix2x2", "payoffs": [[[80,58],[17,0]],[[0,13],[65,21]]]},
"G332": {"type": "Matrix2x2", "payoffs": [[[63,15],[0,0]],[[13,14],[41,5]]]},
"G333": {"type": "Matrix2x2", "payoffs": [[[21,87],[0,51]],[[10,72],[4,0]]]},
"G334": {"type": "Matrix2x2", "payoffs": [[[4,0],[0,1]],[[15,13],[28,50]]]},
"G335": {"type": "Matrix2x2", "payoffs": [[[14,23],[18,31]],[[1,2],[0,0]]]},
"G336": {"type": "Matrix2x2", "payoffs": [[[0,0],[90,46]],[[66,19],[5,27]]]},
"G337": {"type": "Matrix2x2", "payoffs": [[[11,68],[0,64]],[[10,38],[5,0]]]},
"G338": {"type": "Matrix2x2", "payoffs": [[[0,0],[42,77]],[[72,79],[59,11]]]},
"G339": {"type": "Matrix2x2", "payoffs": [[[21,4],[17,0]],[[0,3],[6,1]]]},
"G340": {"type": "Matrix2x2", "payoffs": [[[69,0],[0,55]],[[81,58],[30,15]]]},
"G341": {"type": "Matrix2x2", "payoffs": [[[0,18],[36,7]],[[38,46],[31,0]]]},
"G342": {"type": "Matrix2x2", "payoffs": [[[45,4],[68,47]],[[8,15],[0,0]]]},
"G343": {"type": "Matrix2x2", "payoffs": [[[22,60],[0,6]],[[16,0],[13,48]]]},
"G344": {"type": "Matrix2x2", "payoffs": [[[9,4],[16,69]],[[3,8],[0,0]]]},
"G345": {"type": "Matrix2x2", "payoffs": [[[37,38],[0,28]],[[59,0],[92,43]]]},
"G346": {"type": "Matrix2x2", "payoffs": [[[0,45],[53,5]],[[68,46],[37,0]]]},
"G347": {"type": "Matrix2x2", "payoffs": [[[0,0],[2,59]],[[4,83],[1,80]]]},
"G348": {"type": "Matrix2x2", "payoffs": [[[2,0],[1,51]],[[5,55],[0,49]]]},
"G349": {"type": "Matrix2x2", "payoffs": [[[80,23],[63,18]],[[0,0],[29,20]]]},
"G350": {"type": "Matrix2x2", "payoffs": [[[58,0],[0,48]],[[82,3],[97,86]]]},
"G351": {"type": "Matrix2x2", "payoffs": [[[91,9],[19,0]],[[32,3],[0,5]]]},
"G352": {"type": "Matrix2x2", "payoffs": [[[0,60],[21,0]],[[82,95],[19,7]]]},
"G353": {"type": "Matrix2x2", "payoffs": [[[0,34],[62,52]],[[39,31],[58,0]]]},
"G354": {"type": "Matrix2x2", "payoffs": [[[37,62],[0,46]],[[26,29],[13,0]]]},
"G355": {"type": "Matrix2x2", "payoffs": [[[84,24],[0,0]],[[94,38],[10,15]]]},
"G356": {"type": "Matrix2x2", "payoffs": [[[0,0],[10,51]],[[9,32],[1,35]]]},
"G357": {"type": "Matrix2x2", "payoffs": [[[19,0],[67,50]],[[24,29],[0,8]]]},
"G358": {"type": "Matrix2x2", "payoffs": [[[45,0],[0,74]],[[68,40],[87,92]]]},
"G359": {"type": "Matrix2x2", "payoffs": [[[61,99],[27,39]],[[0,30],[13,0]]]},
"G360": {"type": "Matrix2x2", "payoffs": [[[28,69],[25,16]],[[21,38],[0,0]]]},
"G361": {"type": "Matrix2x2", "payoffs": [[[35,22],[33,7]],[[12,0],[0,1]]]},
"G362": {"type": "Matrix2x2", "payoffs": [[[0,0],[34,13]],[[39,31],[54,74]]]},
"G363": {"type": "Matrix2x2", "payoffs": [[[51,20],[32,7]],[[0,0],[73,31]]]},
"G364": {"type": "Matrix2x2", "payoffs": [[[0,0],[18,5]],[[29,12],[8,9]]]},
"G365": {"type": "Matrix2x2", "payoffs": [[[0,0],[32,77]],[[31,69],[27,57]]]},
"G366": {"type": "Matrix2x2", "payoffs": [[[2,0],[0,76]],[[5,4],[18,88]]]},
"G367": {"type": "Matrix2x2", "payoffs": [[[0,31],[37,12]],[[18,0],[84,68]]]},
"G368": {"type": "Matrix2x2", "payoffs": [[[8,0],[0,24]],[[39,67],[30,58]]]},
"G369": {"type": "Matrix2x2", "payoffs": [[[0,0],[35,70]],[[22,52],[96,94]]]},
"G370": {"type": "Matrix2x2", "payoffs": [[[51,0],[0,2]],[[57,3],[33,1]]]},
"G371": {"type": "Matrix2x2", "payoffs": [[[46,90],[30,69]],[[8,0],[0,72]]]},
"G372": {"type": "Matrix2x2", "payoffs": [[[6,35],[12,0]],[[0,8],[26,42]]]},
"G373": {"type": "Matrix2x2", "payoffs": [[[71,75],[41,0]],[[1,15],[0,18]]]},
"G374": {"type": "Matrix2x2", "payoffs": [[[23,62],[19,0]],[[64,71],[0,52]]]},
"G375": {"type": "Matrix2x2", "payoffs": [[[0,27],[29,29]],[[19,23],[23,0]]]},
"G376": {"type": "Matrix2x2", "payoffs": [[[94,75],[30,26]],[[7,58],[0,0]]]},
"G377": {"type": "Matrix2x2", "payoffs": [[[53,2],[46,21]],[[0,0],[80,56]]]},
"G378": {"type": "Matrix2x2", "payoffs": [[[1,44],[0,68]],[[3,82],[2,0]]]},
"G379": {"type": "Matrix2x2", "payoffs": [[[100,48],[51,0]],[[0,11],[32,40]]]},
"G380": {"type": "Matrix2x2", "payoffs": [[[9,63],[18,0]],[[0,24],[29,95]]]},
"G381": {"type": "Matrix2x2", "payoffs": [[[99,100],[0,6]],[[65,0],[90,33]]]},
"G382": {"type": "Matrix2x2", "payoffs": [[[21,68],[29,77]],[[4,0],[0,72]]]},
"G383": {"type": "Matrix2x2", "payoffs": [[[0,13],[50,64]],[[42,47],[23,0]]]},
"G384": {"type": "Matrix2x2", "payoffs": [[[0,15],[84,0]],[[86,22],[36,5]]]},
"G385": {"type": "Matrix2x2", "payoffs": [[[40,10],[0,0]],[[62,62],[75,73]]]},
"G386": {"type": "Matrix2x2", "payoffs": [[[32,0],[0,20]],[[15,15],[40,99]]]},
"G387": {"type": "Matrix2x2", "payoffs": [[[0,10],[82,52]],[[78,0],[35,19]]]},
"G388": {"type": "Matrix2x2", "payoffs": [[[0,0],[88,87]],[[78,42],[22,41]]]},
"G389": {"type": "Matrix2x2", "payoffs": [[[25,80],[0,34]],[[7,0],[13,56]]]},
"G390": {"type": "Matrix2x2", "payoffs": [[[0,0],[30,8]],[[70,19],[80,31]]]},
"G391": {"type": "Matrix2x2", "payoffs": [[[53,29],[19,0]],[[41,10],[0,15]]]},
"G392": {"type": "Matrix2x2", "payoffs": [[[0,5],[7,0]],[[1,12],[12,43]]]},
"G393": {"type": "Matrix2x2", "payoffs": [[[25,81],[14,32]],[[8,59],[0,0]]]},
"G394": {"type": "Matrix2x2", "payoffs": [[[21,87],[13,30]],[[0,0],[3,62]]]},
"G395": {"type": "Matrix2x2", "payoffs": [[[3,22],[0,0]],[[2,3],[1,4]]]},
"G396": {"type": "Matrix2x2", "payoffs": [[[53,27],[0,0]],[[85,83],[48,55]]]},
"G397": {"type": "Matrix2x2", "payoffs": [[[0,18],[74,27]],[[87,48],[51,0]]]},
"G398": {"type": "Matrix2x2", "payoffs": [[[5,26],[1,25]],[[0,12],[2,0]]]},
"G399": {"type": "Matrix2x2", "payoffs": [[[3,38],[0,0]],[[4,35],[8,54]]]},
"G400": {"type": "Matrix2x2", "payoffs": [[[24,37],[0,0]],[[25,15],[34,60]]]},
"G401": {"type": "Matrix2x2", "payoffs": [[[42,42],[37,0]],[[0,15],[23,4]]]},
"G402": {"type": "Matrix2x2", "payoffs": [[[0,28],[55,13]],[[91,0],[94,66]]]},
"G403": {"type": "Matrix2x2", "payoffs": [[[9,45],[0,68]],[[2,0],[12,75]]]},
"G404": {"type": "Matrix2x2", "payoffs": [[[7,0],[0,44]],[[1,63],[12,80]]]},
"G405": {"type": "Matrix2x2", "payoffs": [[[0,8],[59,69]],[[23,32],[7,0]]]},
"G406": {"type": "Matrix2x2", "payoffs": [[[15,2],[2,0]],[[20,65],[0,23]]]},
"G407": {"type": "Matrix2x2", "payoffs": [[[0,23],[38,0]],[[81,31],[9,21]]]},
"G408": {"type": "Matrix2x2", "payoffs": [[[0,0],[72,61]],[[18,38],[94,88]]]},
"G409": {"type": "Matrix2x2", "payoffs": [[[0,0],[2,52]],[[1,89],[3,94]]]},
"G410": {"type": "Matrix2x2", "payoffs": [[[6,85],[4,2]],[[12,90],[0,0]]]},
"G411": {"type": "Matrix2x2", "payoffs": [[[39,32],[25,0]],[[22,27],[0,30]]]},
"G412": {"type": "Matrix2x2", "payoffs": [[[0,0],[24,22]],[[14,12],[4,2]]]},
"G413": {"type": "Matrix2x2", "payoffs": [[[7,84],[0,69]],[[1,0],[5,5]]]},
"G414": {"type": "Matrix2x2", "payoffs": [[[4,0],[5,34]],[[14,42],[0,2]]]},
"G415": {"type": "Matrix2x2", "payoffs": [[[59,0],[92,56]],[[11,19],[0,14]]]},
"G416": {"type": "Matrix2x2", "payoffs": [[[22,54],[54,59]],[[50,22],[0,0]]]},
"G417": {"type": "Matrix2x2", "payoffs": [[[68,89],[66,0]],[[0,12],[10,33]]]},
"G418": {"type": "Matrix2x2", "payoffs": [[[10,82],[9,39]],[[0,0],[1,58]]]},
"G419": {"type": "Matrix2x2", "payoffs": [[[4,21],[1,14]],[[3,0],[0,18]]]},
"G420": {"type": "Matrix2x2", "payoffs": [[[83,14],[0,10]],[[76,0],[10,9]]]},
"G421": {"type": "Matrix2x2", "payoffs": [[[63,6],[59,3]],[[0,1],[15,0]]]},
"G422": {"type": "Matrix2x2", "payoffs": [[[87,71],[79,29]],[[0,0],[52,35]]]},
"G423": {"type": "Matrix2x2", "payoffs": [[[9,13],[0,0]],[[7,38],[17,60]]]},
"G424": {"type": "Matrix2x2", "payoffs": [[[84,36],[50,0]],[[0,24],[76,7]]]},
"G425": {"type": "Matrix2x2", "payoffs": [[[10,0],[0,7]],[[1,3],[13,9]]]},
"G426": {"type": "Matrix2x2", "payoffs": [[[53,10],[0,2]],[[50,0],[89,14]]]},
"G427": {"type": "Matrix2x2", "payoffs": [[[1,57],[4,0]],[[0,38],[44,62]]]},
"G428": {"type": "Matrix2x2", "payoffs": [[[0,13],[34,14]],[[80,23],[73,0]]]},
"G429": {"type": "Matrix2x2", "payoffs": [[[47,87],[56,91]],[[0,0],[25,59]]]},
"G430": {"type": "Matrix2x2", "payoffs": [[[0,47],[62,16]],[[77,76],[21,0]]]},
"G431": {"type": "Matrix2x2", "payoffs": [[[11,10],[18,19]],[[0,0],[16,3]]]},
"G432": {"type": "Matrix2x2", "payoffs": [[[0,20],[46,92]],[[1,0],[39,27]]]},
"G433": {"type": "Matrix2x2", "payoffs": [[[40,34],[20,0]],[[35,24],[0,15]]]},
"G434": {"type": "Matrix2x2", "payoffs": [[[1,3],[16,53]],[[10,0],[0,39]]]},
"G435": {"type": "Matrix2x2", "payoffs": [[[47,28],[0,0]],[[80,33],[25,27]]]},
"G436": {"type": "Matrix2x2", "payoffs": [[[0,47],[10,0]],[[23,10],[26,79]]]},
"G437": {"type": "Matrix2x2", "payoffs": [[[0,0],[56,6]],[[80,4],[81,9]]]},
"G438": {"type": "Matrix2x2", "payoffs": [[[0,0],[42,29]],[[9,4],[17,27]]]},
"G439": {"type": "Matrix2x2", "payoffs": [[[1,14],[21,40]],[[9,4],[0,0]]]},
"G440": {"type": "Matrix2x2", "payoffs": [[[100,31],[69,0]],[[0,28],[86,9]]]},
"G441": {"type": "Matrix2x2", "payoffs": [[[43,0],[8,57]],[[53,72],[0,35]]]},
"G442": {"type": "Matrix2x2", "payoffs": [[[45,76],[83,97]],[[61,19],[0,0]]]},
"G443": {"type": "Matrix2x2", "payoffs": [[[71,47],[53,31]],[[0,27],[14,0]]]},
"G444": {"type": "Matrix2x2", "payoffs": [[[0,0],[3,61]],[[4,91],[1,7]]]},
"G445": {"type": "Matrix2x2", "payoffs": [[[5,0],[0,1]],[[12,4],[37,6]]]},
"G446": {"type": "Matrix2x2", "payoffs": [[[0,97],[43,100]],[[14,83],[36,0]]]},
"G447": {"type": "Matrix2x2", "payoffs": [[[50,33],[4,0]],[[35,15],[0,3]]]},
"G448": {"type": "Matrix2x2", "payoffs": [[[0,60],[47,17]],[[28,0],[78,62]]]},
"G449": {"type": "Matrix2x2", "payoffs": [[[60,27],[0,53]],[[29,0],[67,76]]]},
"G450": {"type": "Matrix2x2", "payoffs": [[[22,15],[0,7]],[[6,0],[5,13]]]},
"G451": {"type": "Matrix2x2", "payoffs": [[[0,0],[35,30]],[[98,76],[60,50]]]},
"G452": {"type": "Matrix2x2", "payoffs": [[[55,90],[0,61]],[[20,31],[26,0]]]},
"G453": {"type": "Matrix2x2", "payoffs": [[[72,84],[0,79]],[[39,73],[59,0]]]},
"G454": {"type": "Matrix2x2", "payoffs": [[[63,17],[22,0]],[[98,44],[0,29]]]},
"G455": {"type": "Matrix2x2", "payoffs": [[[3,0],[14,95]],[[0,12],[6,31]]]},
"G456": {"type": "Matrix2x2", "payoffs": [[[41,8],[49,36]],[[7,4],[0,0]]]},
"G457": {"type": "Matrix2x2", "payoffs": [[[28,6],[4,41]],[[67,54],[0,0]]]},
"G458": {"type": "Matrix2x2", "payoffs": [[[31,0],[51,66]],[[11,25],[0,60]]]},
"G459": {"type": "Matrix2x2", "payoffs": [[[70,75],[64,4]],[[0,0],[61,16]]]},
"G460": {"type": "Matrix2x2", "payoffs": [[[18,5],[61,0]],[[0,3],[64,12]]]},
"G461": {"type": "Matrix2x2", "payoffs": [[[17,6],[15,5]],[[31,19],[0,0]]]},
"G462": {"type": "Matrix2x2", "payoffs": [[[9,31],[1,28]],[[2,6],[0,0]]]},
"G463": {"type": "Matrix2x2", "payoffs": [[[16,25],[38,0]],[[51,28],[0,1]]]},
"G464": {"type": "Matrix2x2", "payoffs": [[[4,20],[0,0]],[[30,30],[9,21]]]},
"G465": {"type": "Matrix2x2", "payoffs": [[[16,76],[0,69]],[[23,92],[11,0]]]},
"G466": {"type": "Matrix2x2", "payoffs": [[[0,33],[51,16]],[[21,0],[56,34]]]},
"G467": {"type": "Matrix2x2", "payoffs": [[[0,0],[50,26]],[[67,46],[63,39]]]},
"G468": {"type": "Matrix2x2", "payoffs": [[[26,17],[81,68]],[[0,0],[67,67]]]},
"G469": {"type": "Matrix2x2", "payoffs": [[[0,0],[13,91]],[[5,2],[8,60]]]},
"G470": {"type": "Matrix2x2", "payoffs": [[[32,51],[66,79]],[[50,32],[0,0]]]},
"G471": {"type": "Matrix2x2", "payoffs": [[[0,24],[16,49]],[[10,0],[15,27]]]},
"G472": {"type": "Matrix2x2", "payoffs": [[[22,57],[0,72]],[[30,78],[19,0]]]},
"G473": {"type": "Matrix2x2", "payoffs": [[[0,46],[17,21]],[[92,89],[14,0]]]},
"G474": {"type": "Matrix2x2", "payoffs": [[[12,0],[45,36]],[[66,54],[0,28]]]},
"G475": {"type": "Matrix2x2", "payoffs": [[[2,8],[1,0]],[[3,15],[0,1]]]},
"G476": {"type": "Matrix2x2", "payoffs": [[[0,0],[20,10]],[[85,13],[2,1]]]},
"G477": {"type": "Matrix2x2", "payoffs": [[[43,5],[0,0]],[[49,10],[73,21]]]},
"G478": {"type": "Matrix2x2", "payoffs": [[[0,7],[29,20]],[[55,31],[3,0]]]},
"G479": {"type": "Matrix2x2", "payoffs": [[[30,93],[3,29]],[[0,82],[7,0]]]},
"G480": {"type": "Matrix2x2", "payoffs": [[[67,56],[29,50]],[[0,14],[54,0]]]},
"G481": {"type": "Matrix2x2", "payoffs": [[[6,0],[9,14]],[[12,58],[0,50]]]},
"G482": {"type": "Matrix2x2", "payoffs": [[[8,20],[0,0]],[[12,22],[3,17]]]},
"G483": {"type": "Matrix2x2", "payoffs": [[[32,44],[0,39]],[[24,6],[11,0]]]},
"G484": {"type": "Matrix2x2", "payoffs": [[[0,0],[53,1]],[[73,53],[48,6]]]},
"G485": {"type": "Matrix2x2", "payoffs": [[[0,0],[5,13]],[[9,39],[7,11]]]},
"G486": {"type": "Matrix2x2", "payoffs": [[[61,99],[0,60]],[[41,83],[53,0]]]},
"G487": {"type": "Matrix2x2", "payoffs": [[[76,5],[95,7]],[[56,1],[0,0]]]},
"G488": {"type": "Matrix2x2", "payoffs": [[[29,60],[21,46]],[[0,0],[4,49]]]},
"G489": {"type": "Matrix2x2", "payoffs": [[[0,41],[80,75]],[[21,0],[50,58]]]},
"G490": {"type": "Matrix2x2", "payoffs": [[[0,21],[30,17]],[[39,0],[49,59]]]},
"G491": {"type": "Matrix2x2", "payoffs": [[[0,8],[13,10]],[[10,6],[5,0]]]},
"G492": {"type": "Matrix2x2", "payoffs": [[[25,0],[39,55]],[[0,33],[32,18]]]},
"G493": {"type": "Matrix2x2", "payoffs": [[[79,29],[7,0]],[[66,28],[0,2]]]},
"G494": {"type": "Matrix2x2", "payoffs": [[[0,0],[29,50]],[[8,9],[16,8]]]},
"G495": {"type": "Matrix2x2", "payoffs": [[[29,0],[0,33]],[[27,34],[48,82]]]},
"G496": {"type": "Matrix2x2", "payoffs": [[[0,11],[25,28]],[[27,96],[21,0]]]},
"G497": {"type": "Matrix2x2", "payoffs": [[[13,47],[19,0]],[[23,91],[0,44]]]},
"G498": {"type": "Matrix2x2", "payoffs": [[[10,16],[4,0]],[[12,22],[0,2]]]},
"G499": {"type": "Matrix2x2", "payoffs": [[[20,0],[0,15]],[[41,42],[18,17]]]},
"G500": {"type": "Matrix2x2", "payoffs": [[[28,0],[10,41]],[[41,42],[0,2]]]},
"G501": {"type": "Matrix2x2", "payoffs": [[[53,21],[0,20]],[[33,2],[7,0]]]},
"G502": {"type": "Matrix2x2", "payoffs": [[[18,77],[53,100]],[[37,0],[0,69]]]},
"G503": {"type": "Matrix2x2", "payoffs": [[[8,0],[0,6]],[[42,24],[35,9]]]},
"G504": {"type": "Matrix2x2", "payoffs": [[[11,0],[0,29]],[[5,40],[12,58]]]},
"G505": {"type": "Matrix2x2", "payoffs": [[[0,0],[85,35]],[[96,60],[56,31]]]},
"G506": {"type": "Matrix2x2", "payoffs": [[[0,5],[11,1]],[[19,6],[3,0]]]},
"G507": {"type": "Matrix2x2", "payoffs": [[[57,42],[53,0]],[[47,10],[0,37]]]},
"G508": {"type": "Matrix2x2", "payoffs": [[[76,0],[84,77]],[[0,6],[64,11]]]},
"G509": {"type": "Matrix2x2", "payoffs": [[[0,54],[7,0]],[[2,36],[11,66]]]},
"G510": {"type": "Matrix2x2", "payoffs": [[[3,34],[26,75]],[[21,40],[0,0]]]},
"G511": {"type": "Matrix2x2", "payoffs": [[[0,0],[43,2]],[[51,37],[14,29]]]},
"G512": {"type": "Matrix2x2", "payoffs": [[[33,0],[25,9]],[[0,7],[40,15]]]},
"G513": {"type": "Matrix2x2", "payoffs": [[[39,6],[58,13]],[[50,0],[0,7]]]},
"G514": {"type": "Matrix2x2", "payoffs": [[[16,57],[13,0]],[[0,52],[10,26]]]},
"G515": {"type": "Matrix2x2", "payoffs": [[[49,33],[0,44]],[[92,94],[65,0]]]},
"G516": {"type": "Matrix2x2", "payoffs": [[[41,71],[31,3]],[[0,0],[37,6]]]},
"G517": {"type": "Matrix2x2", "payoffs": [[[12,23],[76,52]],[[0,0],[53,30]]]},
"G518": {"type": "Matrix2x2", "payoffs": [[[91,6],[81,3]],[[0,4],[2,0]]]},
"G519": {"type": "Matrix2x2", "payoffs": [[[49,52],[0,45]],[[64,56],[39,0]]]},
"G520": {"type": "Matrix2x2", "payoffs": [[[22,19],[3,0]],[[21,6],[0,3]]]},
"G521": {"type": "Matrix2x2", "payoffs": [[[2,0],[0,40]],[[9,45],[53,49]]]},
"G522": {"type": "Matrix2x2", "payoffs": [[[49,5],[68,8]],[[24,6],[0,0]]]},
"G523": {"type": "Matrix2x2", "payoffs": [[[23,9],[33,42]],[[5,0],[0,4]]]},
"G524": {"type": "Matrix2x2", "payoffs": [[[4,97],[5,75]],[[6,100],[0,0]]]},
"G525": {"type": "Matrix2x2", "payoffs": [[[82,12],[0,9]],[[39,6],[47,0]]]},
"G526": {"type": "Matrix2x2", "payoffs": [[[0,25],[30,18]],[[8,0],[69,29]]]},
"G527": {"type": "Matrix2x2", "payoffs": [[[38,50],[0,2]],[[8,0],[66,75]]]},
"G528": {"type": "Matrix2x2", "payoffs": [[[15,4],[20,36]],[[0,18],[18,0]]]},
"G529": {"type": "Matrix2x2", "payoffs": [[[0,0],[10,64]],[[58,70],[40,12]]]},
"G530": {"type": "Matrix2x2", "payoffs": [[[66,1],[72,0]],[[0,55],[77,58]]]},
"G531": {"type": "Matrix2x2", "payoffs": [[[0,28],[86,41]],[[16,0],[43,27]]]},
"G532": {"type": "Matrix2x2", "payoffs": [[[11,0],[0,10]],[[9,11],[13,12]]]},
"G533": {"type": "Matrix2x2", "payoffs": [[[92,0],[96,76]],[[60,54],[0,21]]]},
"G534": {"type": "Matrix2x2", "payoffs": [[[50,9],[42,0]],[[0,20],[58,24]]]},
"G535": {"type": "Matrix2x2", "payoffs": [[[0,3],[98,21]],[[34,0],[49,2]]]},
"G536": {"type": "Matrix2x2", "payoffs": [[[17,57],[33,96]],[[29,52],[0,0]]]},
"G537": {"type": "Matrix2x2", "payoffs": [[[58,16],[28,24]],[[60,28],[0,0]]]},
"G538": {"type": "Matrix2x2", "payoffs": [[[32,2],[38,10]],[[0,0],[16,7]]]},
"G539": {"type": "Matrix2x2", "payoffs": [[[28,36],[0,6]],[[25,0],[31,44]]]},
"G540": {"type": "Matrix2x2", "payoffs": [[[7,64],[2,39]],[[6,0],[0,52]]]},
"G541": {"type": "Matrix2x2", "payoffs": [[[0,0],[15,8]],[[24,12],[47,14]]]},
"G542": {"type": "Matrix2x2", "payoffs": [[[90,5],[70,0]],[[88,1],[0,3]]]},
"G543": {"type": "Matrix2x2", "payoffs": [[[55,64],[2,42]],[[0,8],[42,0]]]},
"G544": {"type": "Matrix2x2", "payoffs": [[[0,74],[42,1]],[[80,87],[74,0]]]},
"G545": {"type": "Matrix2x2", "payoffs": [[[65,13],[42,0]],[[0,2],[45,8]]]},
"G546": {"type": "Matrix2x2", "payoffs": [[[13,15],[7,0]],[[6,11],[0,4]]]},
"G547": {"type": "Matrix2x2", "payoffs": [[[0,0],[23,91]],[[11,60],[12,78]]]},
"G548": {"type": "Matrix2x2", "payoffs": [[[4,1],[69,2]],[[79,7],[0,0]]]},
"G549": {"type": "Matrix2x2", "payoffs": [[[16,26],[0,21]],[[40,46],[20,0]]]},
"G550": {"type": "Matrix2x2", "payoffs": [[[90,95],[89,33]],[[0,72],[51,0]]]},
"G551": {"type": "Matrix2x2", "payoffs": [[[0,51],[46,82]],[[38,0],[10,30]]]},
"G552": {"type": "Matrix2x2", "payoffs": [[[16,58],[10,0]],[[0,5],[8,14]]]},
"G553": {"type": "Matrix2x2", "payoffs": [[[0,0],[19,30]],[[1,18],[13,21]]]},
"G554": {"type": "Matrix2x2", "payoffs": [[[40,84],[0,0]],[[70,11],[73,98]]]},
"G555": {"type": "Matrix2x2", "payoffs": [[[15,4],[0,2]],[[84,29],[39,0]]]},
"G556": {"type": "Matrix2x2", "payoffs": [[[0,17],[32,34]],[[68,0],[78,37]]]},
"G557": {"type": "Matrix2x2", "payoffs": [[[74,0],[0,24]],[[39,31],[79,64]]]},
"G558": {"type": "Matrix2x2", "payoffs": [[[85,0],[0,65]],[[51,23],[98,91]]]},
"G559": {"type": "Matrix2x2", "payoffs": [[[44,5],[0,21]],[[75,23],[63,0]]]},
"G560": {"type": "Matrix2x2", "payoffs": [[[28,79],[0,46]],[[27,0],[23,40]]]},
"G561": {"type": "Matrix2x2", "payoffs": [[[4,0],[0,34]],[[11,51],[5,25]]]},
"G562": {"type": "Matrix2x2", "payoffs": [[[0,0],[39,85]],[[74,92],[26,17]]]},
"G563": {"type": "Matrix2x2", "payoffs": [[[9,9],[21,4]],[[80,99],[0,0]]]},
"G564": {"type": "Matrix2x2", "payoffs": [[[79,7],[71,2]],[[49,0],[0,6]]]},
"G565": {"type": "Matrix2x2", "payoffs": [[[0,77],[20,0]],[[47,83],[45,31]]]},
"G566": {"type": "Matrix2x2", "payoffs": [[[0,40],[4,82]],[[5,98],[2,0]]]},
"G567": {"type": "Matrix2x2", "payoffs": [[[36,23],[0,5]],[[6,12],[28,0]]]},
"G568": {"type": "Matrix2x2", "payoffs": [[[59,7],[0,2]],[[4,0],[68,29]]]},
"G569": {"type": "Matrix2x2", "payoffs": [[[8,0],[10,80]],[[9,3],[0,37]]]},
"G570": {"type": "Matrix2x2", "payoffs": [[[0,34],[27,0]],[[8,49],[51,77]]]},
"G571": {"type": "Matrix2x2", "payoffs": [[[57,0],[84,20]],[[44,5],[0,13]]]},
"G572": {"type": "Matrix2x2", "payoffs": [[[0,0],[9,45]],[[2,32],[8,1]]]},
"G573": {"type": "Matrix2x2", "payoffs": [[[93,98],[66,69]],[[14,23],[0,0]]]},
"G574": {"type": "Matrix2x2", "payoffs": [[[48,62],[13,75]],[[0,0],[89,77]]]},
"G575": {"type": "Matrix2x2", "payoffs": [[[56,4],[14,1]],[[55,0],[0,3]]]},
"G576": {"type": "Matrix2x2", "payoffs": [[[52,18],[0,0]],[[64,51],[41,12]]]},
"G577": {"type": "Matrix2x2", "payoffs": [[[27,55],[0,7]],[[3,24],[19,0]]]},
"G578": {"type": "Matrix2x2", "payoffs": [[[0,2],[96,10]],[[26,0],[8,5]]]},
"G579": {"type": "Matrix2x2", "payoffs": [[[12,86],[0,75]],[[5,0],[1,66]]]},
"G580": {"type": "Matrix2x2", "payoffs": [[[0,53],[22,0]],[[63,89],[40,62]]]},
"G581": {"type": "Matrix2x2", "payoffs": [[[0,13],[11,0]],[[56,26],[47,9]]]},
"G582": {"type": "Matrix2x2", "payoffs": [[[77,0],[30,19]],[[0,37],[78,43]]]},
"G583": {"type": "Matrix2x2", "payoffs": [[[33,60],[5,51]],[[36,83],[0,0]]]},
"G584": {"type": "Matrix2x2", "payoffs": [[[52,21],[40,8]],[[76,97],[0,0]]]},
"G585": {"type": "Matrix2x2", "payoffs": [[[70,0],[0,8]],[[48,51],[81,82]]]},
"G586": {"type": "Matrix2x2", "payoffs": [[[56,0],[0,84]],[[17,11],[94,86]]]},
"G587": {"type": "Matrix2x2", "payoffs": [[[23,11],[24,30]],[[0,21],[8,0]]]},
"G588": {"type": "Matrix2x2", "payoffs": [[[16,25],[43,0]],[[0,11],[51,38]]]},
"G589": {"type": "Matrix2x2", "payoffs": [[[0,14],[38,45]],[[58,48],[7,0]]]},
"G590": {"type": "Matrix2x2", "payoffs": [[[0,70],[27,0]],[[7,79],[36,93]]]},
"G591": {"type": "Matrix2x2", "payoffs": [[[3,3],[11,4]],[[2,1],[0,0]]]},
"G592": {"type": "Matrix2x2", "payoffs": [[[28,9],[36,33]],[[32,0],[0,7]]]},
"G593": {"type": "Matrix2x2", "payoffs": [[[38,34],[32,43]],[[0,0],[76,50]]]},
"G594": {"type": "Matrix2x2", "payoffs": [[[68,34],[0,22]],[[14,7],[35,0]]]},
"G595": {"type": "Matrix2x2", "payoffs": [[[69,46],[0,0]],[[4,35],[6,2]]]},
"G596": {"type": "Matrix2x2", "payoffs": [[[80,87],[21,86]],[[27,79],[0,0]]]},
"G597": {"type": "Matrix2x2", "payoffs": [[[94,41],[0,17]],[[58,0],[70,8]]]},
"G598": {"type": "Matrix2x2", "payoffs": [[[36,5],[0,82]],[[37,83],[3,0]]]},
"G599": {"type": "Matrix2x2", "payoffs": [[[0,26],[7,1]],[[72,31],[57,0]]]},
"G600": {"type": "Matrix2x2", "payoffs": [[[8,0],[15,2]],[[0,43],[34,89]]]},
"G601": {"type": "Matrix2x2", "payoffs": [[[14,0],[22,7]],[[0,45],[46,70]]]},
"G602": {"type": "Matrix2x2", "payoffs": [[[83,48],[37,8]],[[0,0],[80,28]]]},
"G603": {"type": "Matrix2x2", "payoffs": [[[0,0],[95,25]],[[33,15],[49,14]]]},
"G604": {"type": "Matrix2x2", "payoffs": [[[75,69],[54,0]],[[0,49],[40,6]]]},
"G605": {"type": "Matrix2x2", "payoffs": [[[62,12],[0,10]],[[26,0],[9,9]]]},
"G606": {"type": "Matrix2x2", "payoffs": [[[0,0],[53,19]],[[65,68],[8,66]]]},
"G607": {"type": "Matrix2x2", "payoffs": [[[10,0],[43,60]],[[0,45],[6,12]]]},
"G608": {"type": "Matrix2x2", "payoffs": [[[94,81],[0,15]],[[93,0],[76,80]]]},
"G609": {"type": "Matrix2x2", "payoffs": [[[0,69],[27,37]],[[50,79],[22,0]]]},
"G610": {"type": "Matrix2x2", "payoffs": [[[11,14],[10,12]],[[3,3],[0,0]]]},
"G611": {"type": "Matrix2x2", "payoffs": [[[0,0],[52,31]],[[73,68],[7,21]]]},
"G612": {"type": "Matrix2x2", "payoffs": [[[0,0],[19,3]],[[80,96],[9,23]]]},
"G613": {"type": "Matrix2x2", "payoffs": [[[16,1],[0,2]],[[51,7],[12,0]]]},
"G614": {"type": "Matrix2x2", "payoffs": [[[13,2],[0,0]],[[35,1],[53,4]]]},
"G615": {"type": "Matrix2x2", "payoffs": [[[71,5],[0,28]],[[73,0],[81,31]]]},
"G616": {"type": "Matrix2x2", "payoffs": [[[48,0],[0,7]],[[50,37],[27,11]]]},
"G617": {"type": "Matrix2x2", "payoffs": [[[0,1],[3,4]],[[2,3],[1,0]]]},
"G618": {"type": "Matrix2x2", "payoffs": [[[0,10],[2,0]],[[8,54],[6,40]]]},
"G619": {"type": "Matrix2x2", "payoffs": [[[15,31],[2,14]],[[3,0],[0,16]]]},
"G620": {"type": "Matrix2x2", "payoffs": [[[85,91],[0,0]],[[69,59],[31,8]]]},
"G621": {"type": "Matrix2x2", "payoffs": [[[0,26],[93,16]],[[85,0],[94,43]]]},
"G622": {"type": "Matrix2x2", "payoffs": [[[37,15],[0,30]],[[51,0],[65,40]]]},
"G623": {"type": "Matrix2x2", "payoffs": [[[3,42],[5,2]],[[0,0],[33,81]]]},
"G624": {"type": "Matrix2x2", "payoffs": [[[2,0],[20,22]],[[0,8],[37,31]]]},
"G625": {"type": "Matrix2x2", "payoffs": [[[21,33],[0,19]],[[35,49],[8,0]]]},
"G626": {"type": "Matrix2x2", "payoffs": [[[50,89],[0,0]],[[35,72],[40,70]]]},
"G627": {"type": "Matrix2x2", "payoffs": [[[66,0],[9,36]],[[83,43],[0,37]]]},
"G628": {"type": "Matrix2x2", "payoffs": [[[0,47],[45,60]],[[55,0],[62,80]]]},
"G629": {"type": "Matrix2x2", "payoffs": [[[1,18],[31,61]],[[0,22],[11,0]]]},
"G630": {"type": "Matrix2x2", "payoffs": [[[51,23],[0,37]],[[76,40],[48,0]]]},
"G631": {"type": "Matrix2x2", "payoffs": [[[35,55],[17,0]],[[24,4],[0,32]]]},
"G632": {"type": "Matrix2x2", "payoffs": [[[80,31],[50,30]],[[0,0],[37,5]]]},
"G633": {"type": "Matrix2x2", "payoffs": [[[33,99],[2,56]],[[0,82],[17,0]]]},
"G634": {"type": "Matrix2x2", "payoffs": [[[25,0],[38,60]],[[0,59],[27,8]]]},
"G635": {"type": "Matrix2x2", "payoffs": [[[70,0],[43,18]],[[0,64],[75,65]]]},
"G636": {"type": "Matrix2x2", "payoffs": [[[32,0],[0,54]],[[14,19],[33,94]]]},
"G637": {"type": "Matrix2x2", "payoffs": [[[39,85],[31,64]],[[22,13],[0,0]]]},
"G638": {"type": "Matrix2x2", "payoffs": [[[69,64],[6,63]],[[13,21],[0,0]]]},
"G639": {"type": "Matrix2x2", "payoffs": [[[23,21],[0,0]],[[81,25],[13,23]]]},
"G640": {"type": "Matrix2x2", "payoffs": [[[20,76],[60,34]],[[0,0],[63,87]]]},
"G641": {"type": "Matrix2x2", "payoffs": [[[4,53],[0,73]],[[46,76],[26,0]]]},
"G642": {"type": "Matrix2x2", "payoffs": [[[62,21],[98,34]],[[0,0],[5,3]]]},
"G643": {"type": "Matrix2x2", "payoffs": [[[28,30],[16,25]],[[5,17],[0,0]]]},
"G644": {"type": "Matrix2x2", "payoffs": [[[73,22],[1,31]],[[0,0],[88,63]]]},
"G645": {"type": "Matrix2x2", "payoffs": [[[73,93],[1,0]],[[0,91],[67,76]]]},
"G646": {"type": "Matrix2x2", "payoffs": [[[83,74],[74,12]],[[0,0],[69,40]]]},
"G647": {"type": "Matrix2x2", "payoffs": [[[50,20],[0,0]],[[12,14],[46,10]]]},
"G648": {"type": "Matrix2x2", "payoffs": [[[76,70],[98,77]],[[0,0],[60,40]]]},
"G649": {"type": "Matrix2x2", "payoffs": [[[27,64],[1,22]],[[0,61],[7,0]]]},
"G650": {"type": "Matrix2x2", "payoffs": [[[0,0],[39,70]],[[22,6],[30,43]]]},
"G651": {"type": "Matrix2x2", "payoffs": [[[72,47],[48,0]],[[66,40],[0,12]]]},
"G652": {"type": "Matrix2x2", "payoffs": [[[23,20],[36,29]],[[0,9],[16,0]]]},
"G653": {"type": "Matrix2x2", "payoffs": [[[7,15],[0,4]],[[68,0],[91,18]]]},
"G654": {"type": "Matrix2x2", "payoffs": [[[0,47],[38,87]],[[26,0],[19,37]]]},
"G655": {"type": "Matrix2x2", "payoffs": [[[100,30],[24,22]],[[4,13],[0,0]]]},
"G656": {"type": "Matrix2x2", "payoffs": [[[29,24],[0,0]],[[89,32],[18,5]]]},
"G657": {"type": "Matrix2x2", "payoffs": [[[92,76],[0,12]],[[7,0],[89,74]]]},
"G658": {"type": "Matrix2x2", "payoffs": [[[31,79],[0,43]],[[11,31],[24,0]]]},
"G659": {"type": "Matrix2x2", "payoffs": [[[36,79],[9,0]],[[0,2],[22,69]]]},
"G660": {"type": "Matrix2x2", "payoffs": [[[67,53],[77,71]],[[0,58],[75,0]]]},
"G661": {"type": "Matrix2x2", "payoffs": [[[23,0],[55,17]],[[20,15],[0,12]]]},
"G662": {"type": "Matrix2x2", "payoffs": [[[0,0],[96,66]],[[93,1],[62,52]]]},
"G663": {"type": "Matrix2x2", "payoffs": [[[0,7],[11,60]],[[3,34],[1,0]]]},
"G664": {"type": "Matrix2x2", "payoffs": [[[13,41],[21,58]],[[0,7],[18,0]]]},
"G665": {"type": "Matrix2x2", "payoffs": [[[33,64],[25,56]],[[19,0],[0,31]]]},
"G666": {"type": "Matrix2x2", "payoffs": [[[68,3],[11,1]],[[8,0],[0,2]]]},
"G667": {"type": "Matrix2x2", "payoffs": [[[0,3],[20,12]],[[61,0],[64,16]]]},
"G668": {"type": "Matrix2x2", "payoffs": [[[63,34],[0,22]],[[20,0],[75,51]]]},
"G669": {"type": "Matrix2x2", "payoffs": [[[3,6],[0,2]],[[7,0],[11,11]]]},
"G670": {"type": "Matrix2x2", "payoffs": [[[63,20],[0,13]],[[40,0],[36,11]]]},
"G671": {"type": "Matrix2x2", "payoffs": [[[86,51],[0,6]],[[58,48],[20,0]]]},
"G672": {"type": "Matrix2x2", "payoffs": [[[45,39],[96,43]],[[28,18],[0,0]]]},
"G673": {"type": "Matrix2x2", "payoffs": [[[11,38],[12,74]],[[0,0],[5,20]]]},
"G674": {"type": "Matrix2x2", "payoffs": [[[18,33],[31,92]],[[0,0],[50,100]]]},
"G675": {"type": "Matrix2x2", "payoffs": [[[46,22],[43,12]],[[21,0],[0,13]]]},
"G676": {"type": "Matrix2x2", "payoffs": [[[66,66],[3,0]],[[0,44],[19,19]]]},
"G677": {"type": "Matrix2x2", "payoffs": [[[24,66],[0,0]],[[10,55],[16,5]]]},
"G678": {"type": "Matrix2x2", "payoffs": [[[0,0],[58,30]],[[20,14],[19,9]]]},
"G679": {"type": "Matrix2x2", "payoffs": [[[97,17],[26,11]],[[5,0],[0,10]]]},
"G680": {"type": "Matrix2x2", "payoffs": [[[37,17],[3,82]],[[54,84],[0,0]]]},
"G681": {"type": "Matrix2x2", "payoffs": [[[29,83],[42,92]],[[32,0],[0,8]]]},
"G682": {"type": "Matrix2x2", "payoffs": [[[33,22],[0,1]],[[94,55],[66,0]]]},
"G683": {"type": "Matrix2x2", "payoffs": [[[19,32],[5,0]],[[0,29],[4,18]]]},
"G684": {"type": "Matrix2x2", "payoffs": [[[7,38],[10,83]],[[0,43],[6,0]]]},
"G685": {"type": "Matrix2x2", "payoffs": [[[52,66],[29,25]],[[15,0],[0,14]]]},
"G686": {"type": "Matrix2x2", "payoffs": [[[12,17],[6,0]],[[3,15],[0,13]]]},
"G687": {"type": "Matrix2x2", "payoffs": [[[58,72],[88,95]],[[0,0],[49,12]]]},
"G688": {"type": "Matrix2x2", "payoffs": [[[60,53],[0,39]],[[83,60],[75,0]]]},
"G689": {"type": "Matrix2x2", "payoffs": [[[36,17],[13,6]],[[0,0],[72,36]]]},
"G690": {"type": "Matrix2x2", "payoffs": [[[1,3],[3,28]],[[37,34],[0,0]]]},
"G691": {"type": "Matrix2x2", "payoffs": [[[63,52],[4,19]],[[11,0],[0,25]]]},
"G692": {"type": "Matrix2x2", "payoffs": [[[84,32],[54,6]],[[0,0],[28,27]]]},
"G693": {"type": "Matrix2x2", "payoffs": [[[10,0],[42,83]],[[25,8],[0,75]]]},
"G694": {"type": "Matrix2x2", "payoffs": [[[15,2],[0,0]],[[96,3],[32,1]]]},
"G695": {"type": "Matrix2x2", "payoffs": [[[15,0],[0,2]],[[80,4],[13,1]]]},
"G696": {"type": "Matrix2x2", "payoffs": [[[0,16],[66,95]],[[55,0],[58,53]]]},
"G697": {"type": "Matrix2x2", "payoffs": [[[2,55],[15,58]],[[0,0],[63,61]]]},
"G698": {"type": "Matrix2x2", "payoffs": [[[0,13],[87,28]],[[62,0],[60,6]]]},
"G699": {"type": "Matrix2x2", "payoffs": [[[5,72],[0,30]],[[44,75],[15,0]]]},
"G700": {"type": "Matrix2x2", "payoffs": [[[27,69],[85,81]],[[0,51],[59,0]]]},
"G701": {"type": "Matrix2x2", "payoffs": [[[9,33],[8,0]],[[13,39],[0,25]]]},
"G702": {"type": "Matrix2x2", "payoffs": [[[0,0],[92,80]],[[24,72],[38,6]]]},
"G703": {"type": "Matrix2x2", "payoffs": [[[0,17],[2,1]],[[1,0],[3,55]]]},
"G704": {"type": "Matrix2x2", "payoffs": [[[0,0],[11,84]],[[15,9],[20,94]]]},
"G705": {"type": "Matrix2x2", "payoffs": [[[17,0],[12,75]],[[39,94],[0,62]]]},
"G706": {"type": "Matrix2x2", "payoffs": [[[61,62],[59,8]],[[23,18],[0,0]]]},
"G707": {"type": "Matrix2x2", "payoffs": [[[19,8],[38,0]],[[0,5],[46,32]]]},
"G708": {"type": "Matrix2x2", "payoffs": [[[30,5],[17,1]],[[0,0],[67,10]]]},
"G709": {"type": "Matrix2x2", "payoffs": [[[0,0],[2,45]],[[49,31],[72,72]]]},
"G710": {"type": "Matrix2x2", "payoffs": [[[50,0],[95,35]],[[68,3],[0,4]]]},
"G711": {"type": "Matrix2x2", "payoffs": [[[24,59],[8,28]],[[0,0],[15,37]]]},
"G712": {"type": "Matrix2x2", "payoffs": [[[7,7],[89,27]],[[0,0],[59,1]]]},
"G713": {"type": "Matrix2x2", "payoffs": [[[0,3],[35,31]],[[4,14],[25,0]]]},
"G714": {"type": "Matrix2x2", "payoffs": [[[3,0],[18,14]],[[0,7],[26,40]]]},
"G715": {"type": "Matrix2x2", "payoffs": [[[46,59],[0,52]],[[41,0],[31,58]]]},
"G716": {"type": "Matrix2x2", "payoffs": [[[26,66],[13,38]],[[0,51],[9,0]]]},
"G717": {"type": "Matrix2x2", "payoffs": [[[34,1],[0,0]],[[73,51],[29,5]]]},
"G718": {"type": "Matrix2x2", "payoffs": [[[0,23],[10,19]],[[16,25],[5,0]]]},
"G719": {"type": "Matrix2x2", "payoffs": [[[0,47],[9,20]],[[22,50],[15,0]]]},
"G720": {"type": "Matrix2x2", "payoffs": [[[0,0],[1,31]],[[89,69],[55,8]]]},
"G721": {"type": "Matrix2x2", "payoffs": [[[68,59],[20,0]],[[0,25],[64,49]]]},
"G722": {"type": "Matrix2x2", "payoffs": [[[0,0],[21,28]],[[36,60],[7,6]]]},
"G723": {"type": "Matrix2x2", "payoffs": [[[38,24],[67,46]],[[1,0],[0,34]]]},
"G724": {"type": "Matrix2x2", "payoffs": [[[13,43],[92,87]],[[0,0],[89,35]]]},
"G725": {"type": "Matrix2x2", "payoffs": [[[0,0],[11,24]],[[38,99],[19,16]]]},
"G726": {"type": "Matrix2x2", "payoffs": [[[59,75],[45,33]],[[0,36],[33,0]]]},
"G727": {"type": "Matrix2x2", "payoffs": [[[91,86],[41,39]],[[57,59],[0,0]]]},
"G728": {"type": "Matrix2x2", "payoffs": [[[0,0],[3,15]],[[41,50],[24,7]]]},
"G729": {"type": "Matrix2x2", "payoffs": [[[39,45],[26,21]],[[22,29],[0,0]]]},
"G730": {"type": "Matrix2x2", "payoffs": [[[29,0],[0,6]],[[69,3],[76,17]]]},
"G731": {"type": "Matrix2x2", "payoffs": [[[52,3],[0,12]],[[56,13],[51,0]]]},
"G732": {"type": "Matrix2x2", "payoffs": [[[6,52],[30,93]],[[0,57],[9,0]]]},
"G733": {"type": "Matrix2x2", "payoffs": [[[19,92],[0,0]],[[9,75],[17,67]]]},
"G734": {"type": "Matrix2x2", "payoffs": [[[87,50],[0,0]],[[67,11],[44,33]]]},
"G735": {"type": "Matrix2x2", "payoffs": [[[0,10],[26,1]],[[57,64],[36,0]]]},
"G736": {"type": "Matrix2x2", "payoffs": [[[0,53],[67,61]],[[43,0],[59,38]]]},
"G737": {"type": "Matrix2x2", "payoffs": [[[68,24],[0,0]],[[11,16],[17,5]]]},
"G738": {"type": "Matrix2x2", "payoffs": [[[51,0],[64,14]],[[68,93],[0,7]]]},
"G739": {"type": "Matrix2x2", "payoffs": [[[0,12],[61,83]],[[26,0],[9,43]]]},
"G740": {"type": "Matrix2x2", "payoffs": [[[0,1],[2,16]],[[5,0],[15,84]]]},
"G741": {"type": "Matrix2x2", "payoffs": [[[20,68],[0,0]],[[3,58],[13,21]]]},
"G742": {"type": "Matrix2x2", "payoffs": [[[38,0],[0,18]],[[19,42],[65,61]]]},
"G743": {"type": "Matrix2x2", "payoffs": [[[21,78],[17,28]],[[0,0],[15,30]]]},
"G744": {"type": "Matrix2x2", "payoffs": [[[20,60],[75,88]],[[66,51],[0,0]]]},
"G745": {"type": "Matrix2x2", "payoffs": [[[18,68],[0,45]],[[17,0],[14,1]]]},
"G746": {"type": "Matrix2x2", "payoffs": [[[0,54],[38,77]],[[5,68],[14,0]]]},
"G747": {"type": "Matrix2x2", "payoffs": [[[60,0],[68,71]],[[0,60],[35,12]]]},
"G748": {"type": "Matrix2x2", "payoffs": [[[0,39],[13,0]],[[10,22],[63,71]]]},
"G749": {"type": "Matrix2x2", "payoffs": [[[0,10],[58,0]],[[95,65],[21,37]]]},
"G750": {"type": "Matrix2x2", "payoffs": [[[98,19],[65,18]],[[57,0],[0,3]]]},
"G751": {"type": "Matrix2x2", "payoffs": [[[73,54],[0,7]],[[23,0],[22,33]]]},
"G752": {"type": "Matrix2x2", "payoffs": [[[4,0],[0,50]],[[3,67],[6,71]]]},
"G753": {"type": "Matrix2x2", "payoffs": [[[2,0],[6,23]],[[1,5],[0,1]]]},
"G754": {"type": "Matrix2x2", "payoffs": [[[52,0],[64,78]],[[0,31],[37,24]]]},
"G755": {"type": "Matrix2x2", "payoffs": [[[0,40],[41,0]],[[2,11],[57,70]]]},
"G756": {"type": "Matrix2x2", "payoffs": [[[89,49],[73,0]],[[0,7],[75,47]]]},
"G757": {"type": "Matrix2x2", "payoffs": [[[5,6],[10,25]],[[0,22],[7,0]]]},
"G758": {"type": "Matrix2x2", "payoffs": [[[48,25],[0,22]],[[85,34],[24,0]]]},
"G759": {"type": "Matrix2x2", "payoffs": [[[4,0],[0,30]],[[9,72],[3,13]]]},
"G760": {"type": "Matrix2x2", "payoffs": [[[0,0],[5,47]],[[29,24],[39,69]]]},
"G761": {"type": "Matrix2x2", "payoffs": [[[2,0],[0,2]],[[28,36],[34,39]]]},
"G762": {"type": "Matrix2x2", "payoffs": [[[4,8],[20,0]],[[48,30],[0,3]]]},
"G763": {"type": "Matrix2x2", "payoffs": [[[4,0],[84,35]],[[25,7],[0,12]]]},
"G764": {"type": "Matrix2x2", "payoffs": [[[45,33],[41,3]],[[36,0],[0,24]]]},
"G765": {"type": "Matrix2x2", "payoffs": [[[9,36],[0,0]],[[52,72],[26,27]]]},
"G766": {"type": "Matrix2x2", "payoffs": [[[21,33],[0,13]],[[14,18],[3,0]]]},
"G767": {"type": "Matrix2x2", "payoffs": [[[0,2],[4,0]],[[9,3],[12,23]]]},
"G768": {"type": "Matrix2x2", "payoffs": [[[1,8],[0,33]],[[9,0],[17,40]]]},
"G769": {"type": "Matrix2x2", "payoffs": [[[55,0],[100,83]],[[0,8],[40,44]]]},
"G770": {"type": "Matrix2x2", "payoffs": [[[55,68],[20,34]],[[8,46],[0,0]]]},
"G771": {"type": "Matrix2x2", "payoffs": [[[3,3],[0,0]],[[8,8],[4,5]]]},
"G772": {"type": "Matrix2x2", "payoffs": [[[16,8],[36,41]],[[0,0],[17,2]]]},
"G773": {"type": "Matrix2x2", "payoffs": [[[8,0],[0,26]],[[18,84],[55,88]]]},
"G774": {"type": "Matrix2x2", "payoffs": [[[60,39],[15,7]],[[37,8],[0,0]]]},
"G775": {"type": "Matrix2x2", "payoffs": [[[94,37],[49,0]],[[68,32],[0,19]]]},
"G776": {"type": "Matrix2x2", "payoffs": [[[16,22],[7,0]],[[21,26],[0,2]]]},
"G777": {"type": "Matrix2x2", "payoffs": [[[0,2],[28,1]],[[14,0],[45,3]]]},
"G778": {"type": "Matrix2x2", "payoffs": [[[52,56],[63,2]],[[64,93],[0,0]]]},
"G779": {"type": "Matrix2x2", "payoffs": [[[79,7],[90,72]],[[0,0],[74,59]]]},
"G780": {"type": "Matrix2x2", "payoffs": [[[0,0],[74,24]],[[17,11],[68,23]]]},
"G781": {"type": "Matrix2x2", "payoffs": [[[1,3],[15,4]],[[0,0],[8,1]]]},
"G782": {"type": "Matrix2x2", "payoffs": [[[0,5],[4,0]],[[22,48],[19,2]]]},
"G783": {"type": "Matrix2x2", "payoffs": [[[93,4],[96,29]],[[0,0],[47,15]]]},
"G784": {"type": "Matrix2x2", "payoffs": [[[0,9],[50,14]],[[59,27],[31,0]]]},
"G785": {"type": "Matrix2x2", "payoffs": [[[0,63],[38,99]],[[21,16],[36,0]]]},
"G786": {"type": "Matrix2x2", "payoffs": [[[83,7],[0,0]],[[96,11],[34,9]]]},
"G787": {"type": "Matrix2x2", "payoffs": [[[75,18],[0,0]],[[41,29],[89,30]]]},
"G788": {"type": "Matrix2x2", "payoffs": [[[18,27],[17,20]],[[93,60],[0,0]]]},
"G789": {"type": "Matrix2x2", "payoffs": [[[0,0],[83,5]],[[51,1],[39,4]]]},
"G790": {"type": "Matrix2x2", "payoffs": [[[19,0],[17,17]],[[32,25],[0,23]]]},
"G791": {"type": "Matrix2x2", "payoffs": [[[9,0],[7,17]],[[0,4],[12,24]]]},
"G792": {"type": "Matrix2x2", "payoffs": [[[0,0],[14,12]],[[36,16],[31,5]]]},
"G793": {"type": "Matrix2x2", "payoffs": [[[71,83],[23,0]],[[0,10],[54,8]]]},
"G794": {"type": "Matrix2x2", "payoffs": [[[11,17],[5,2]],[[0,0],[29,46]]]},
"G795": {"type": "Matrix2x2", "payoffs": [[[28,85],[24,1]],[[1,50],[0,0]]]},
"G796": {"type": "Matrix2x2", "payoffs": [[[0,0],[68,82]],[[3,8],[36,65]]]},
"G797": {"type": "Matrix2x2", "payoffs": [[[73,33],[6,17]],[[47,0],[0,32]]]},
"G798": {"type": "Matrix2x2", "payoffs": [[[5,23],[0,5]],[[1,0],[4,20]]]},
"G799": {"type": "Matrix2x2", "payoffs": [[[59,0],[80,77]],[[0,47],[48,53]]]},
"G800": {"type": "Matrix2x2", "payoffs": [[[17,36],[60,0]],[[90,64],[0,27]]]},
"G801": {"type": "Matrix2x2", "payoffs": [[[26,29],[5,5]],[[2,0],[0,20]]]},
"G802": {"type": "Matrix2x2", "payoffs": [[[32,91],[20,62]],[[30,52],[0,0]]]},
"G803": {"type": "Matrix2x2", "payoffs": [[[16,55],[0,40]],[[7,0],[18,89]]]},
"G804": {"type": "Matrix2x2", "payoffs": [[[0,0],[61,4]],[[67,27],[43,25]]]},
"G805": {"type": "Matrix2x2", "payoffs": [[[0,10],[84,24]],[[8,4],[79,0]]]},
"G806": {"type": "Matrix2x2", "payoffs": [[[62,65],[45,15]],[[0,18],[21,0]]]},
"G807": {"type": "Matrix2x2", "payoffs": [[[30,35],[24,0]],[[51,80],[0,55]]]},
"G808": {"type": "Matrix2x2", "payoffs": [[[29,76],[0,52]],[[10,0],[3,60]]]},
"G809": {"type": "Matrix2x2", "payoffs": [[[54,93],[0,3]],[[41,0],[49,82]]]},
"G810": {"type": "Matrix2x2", "payoffs": [[[0,42],[7,0]],[[33,55],[28,36]]]},
"G811": {"type": "Matrix2x2", "payoffs": [[[31,73],[100,99]],[[0,3],[18,0]]]},
"G812": {"type": "Matrix2x2", "payoffs": [[[33,22],[0,0]],[[61,9],[73,40]]]},
"G813": {"type": "Matrix2x2", "payoffs": [[[72,26],[2,2]],[[0,0],[81,50]]]},
"G814": {"type": "Matrix2x2", "payoffs": [[[0,58],[26,76]],[[3,47],[9,0]]]},
"G815": {"type": "Matrix2x2", "payoffs": [[[46,0],[70,30]],[[0,14],[41,16]]]},
"G816": {"type": "Matrix2x2", "payoffs": [[[11,2],[64,83]],[[43,49],[0,0]]]},
"G817": {"type": "Matrix2x2", "payoffs": [[[36,3],[40,30]],[[45,91],[0,0]]]},
"G818": {"type": "Matrix2x2", "payoffs": [[[49,1],[9,0]],[[63,6],[0,4]]]},
"G819": {"type": "Matrix2x2", "payoffs": [[[70,8],[98,46]],[[0,0],[100,54]]]},
"G820": {"type": "Matrix2x2", "payoffs": [[[0,6],[9,29]],[[8,10],[2,0]]]},
"G821": {"type": "Matrix2x2", "payoffs": [[[23,0],[24,31]],[[25,57],[0,39]]]},
"G822": {"type": "Matrix2x2", "payoffs": [[[78,0],[94,31]],[[74,12],[0,15]]]},
"G823": {"type": "Matrix2x2", "payoffs": [[[62,1],[49,0]],[[83,60],[0,51]]]},
"G824": {"type": "Matrix2x2", "payoffs": [[[31,26],[0,0]],[[22,2],[27,18]]]},
"G825": {"type": "Matrix2x2", "payoffs": [[[15,94],[0,0]],[[2,11],[1,34]]]},
"G826": {"type": "Matrix2x2", "payoffs": [[[95,58],[7,29]],[[33,39],[0,0]]]},
"G827": {"type": "Matrix2x2", "payoffs": [[[79,32],[6,0]],[[0,20],[53,9]]]},
"G828": {"type": "Matrix2x2", "payoffs": [[[6,0],[10,32]],[[7,7],[0,13]]]},
"G829": {"type": "Matrix2x2", "payoffs": [[[0,32],[25,59]],[[32,70],[9,0]]]},
"G830": {"type": "Matrix2x2", "payoffs": [[[0,21],[71,0]],[[85,36],[38,31]]]},
"G831": {"type": "Matrix2x2", "payoffs": [[[87,14],[0,0]],[[34,31],[90,50]]]},
"G832": {"type": "Matrix2x2", "payoffs": [[[25,0],[0,8]],[[3,2],[42,15]]]},
"G833": {"type": "Matrix2x2", "payoffs": [[[69,58],[35,42]],[[0,43],[32,0]]]},
"G834": {"type": "Matrix2x2", "payoffs": [[[9,65],[11,99]],[[0,55],[2,0]]]},
"G835": {"type": "Matrix2x2", "payoffs": [[[2,27],[6,0]],[[0,37],[7,72]]]},
"G836": {"type": "Matrix2x2", "payoffs": [[[41,12],[0,29]],[[44,87],[32,0]]]},
"G837": {"type": "Matrix2x2", "payoffs": [[[0,0],[28,35]],[[30,49],[61,72]]]},
"G838": {"type": "Matrix2x2", "payoffs": [[[51,56],[12,0]],[[0,36],[76,76]]]},
"G839": {"type": "Matrix2x2", "payoffs": [[[0,0],[40,22]],[[95,94],[80,87]]]},
"G840": {"type": "Matrix2x2", "payoffs": [[[0,0],[62,34]],[[91,46],[81,45]]]},
"G841": {"type": "Matrix2x2", "payoffs": [[[10,39],[4,0]],[[11,64],[0,42]]]},
"G842": {"type": "Matrix2x2", "payoffs": [[[0,1],[1,0]],[[18,25],[11,3]]]},
"G843": {"type": "Matrix2x2", "payoffs": [[[0,58],[61,88]],[[55,20],[56,0]]]},
"G844": {"type": "Matrix2x2", "payoffs": [[[47,22],[2,9]],[[11,0],[0,14]]]},
"G845": {"type": "Matrix2x2", "payoffs": [[[0,15],[57,0]],[[3,8],[79,52]]]},
"G846": {"type": "Matrix2x2", "payoffs": [[[0,0],[26,11]],[[22,25],[92,47]]]},
"G847": {"type": "Matrix2x2", "payoffs": [[[0,0],[67,46]],[[41,42],[32,37]]]},
"G848": {"type": "Matrix2x2", "payoffs": [[[18,34],[46,53]],[[11,31],[0,0]]]},
"G849": {"type": "Matrix2x2", "payoffs": [[[15,1],[0,5]],[[5,0],[57,8]]]},
"G850": {"type": "Matrix2x2", "payoffs": [[[8,41],[0,37]],[[1,34],[6,0]]]},
"G851": {"type": "Matrix2x2", "payoffs": [[[32,5],[0,0]],[[46,7],[60,12]]]},
"G852": {"type": "Matrix2x2", "payoffs": [[[30,80],[13,4]],[[27,75],[0,0]]]},
"G853": {"type": "Matrix2x2", "payoffs": [[[73,4],[67,0]],[[0,1],[66,2]]]},
"G854": {"type": "Matrix2x2", "payoffs": [[[44,6],[86,97]],[[0,16],[50,0]]]},
"G855": {"type": "Matrix2x2", "payoffs": [[[63,10],[0,0]],[[41,2],[14,8]]]},
"G856": {"type": "Matrix2x2", "payoffs": [[[22,0],[1,34]],[[0,13],[35,56]]]},
"G857": {"type": "Matrix2x2", "payoffs": [[[58,15],[18,7]],[[0,0],[13,4]]]},
"G858": {"type": "Matrix2x2", "payoffs": [[[4,7],[0,0]],[[18,33],[3,25]]]},
"G859": {"type": "Matrix2x2", "payoffs": [[[46,0],[88,15]],[[43,11],[0,4]]]},
"G860": {"type": "Matrix2x2", "payoffs": [[[20,5],[0,27]],[[24,0],[50,62]]]},
"G861": {"type": "Matrix2x2", "payoffs": [[[21,13],[46,47]],[[0,0],[20,30]]]},
"G862": {"type": "Matrix2x2", "payoffs": [[[3,29],[0,0]],[[96,54],[24,21]]]},
"G863": {"type": "Matrix2x2", "payoffs": [[[51,36],[38,20]],[[67,37],[0,0]]]},
"G864": {"type": "Matrix2x2", "payoffs": [[[13,12],[4,6]],[[8,2],[0,0]]]},
"G865": {"type": "Matrix2x2", "payoffs": [[[5,0],[16,56]],[[0,4],[8,15]]]},
"G866": {"type": "Matrix2x2", "payoffs": [[[0,14],[31,26]],[[5,0],[20,12]]]},
"G867": {"type": "Matrix2x2", "payoffs": [[[0,1],[30,0]],[[34,4],[16,2]]]},
"G868": {"type": "Matrix2x2", "payoffs": [[[46,0],[0,7]],[[38,22],[51,28]]]},
"G869": {"type": "Matrix2x2", "payoffs": [[[0,2],[73,1]],[[88,4],[3,0]]]},
"G870": {"type": "Matrix2x2", "payoffs": [[[15,0],[22,42]],[[14,14],[0,10]]]},
"G871": {"type": "Matrix2x2", "payoffs": [[[0,0],[9,92]],[[3,20],[4,18]]]},
"G872": {"type": "Matrix2x2", "payoffs": [[[0,29],[60,34]],[[34,18],[19,0]]]},
"G873": {"type": "Matrix2x2", "payoffs": [[[4,28],[3,29]],[[6,63],[0,0]]]},
"G874": {"type": "Matrix2x2", "payoffs": [[[8,1],[34,49]],[[0,0],[32,43]]]},
"G875": {"type": "Matrix2x2", "payoffs": [[[64,62],[93,97]],[[79,0],[0,55]]]},
"G876": {"type": "Matrix2x2", "payoffs": [[[44,100],[17,0]],[[30,51],[0,47]]]},
"G877": {"type": "Matrix2x2", "payoffs": [[[0,77],[1,19]],[[22,0],[29,87]]]},
"G878": {"type": "Matrix2x2", "payoffs": [[[0,4],[86,6]],[[60,0],[31,2]]]},
"G879": {"type": "Matrix2x2", "payoffs": [[[0,30],[8,53]],[[49,81],[16,0]]]},
"G880": {"type": "Matrix2x2", "payoffs": [[[13,37],[96,69]],[[20,0],[0,57]]]},
"G881": {"type": "Matrix2x2", "payoffs": [[[11,50],[65,58]],[[0,0],[12,11]]]},
"G882": {"type": "Matrix2x2", "payoffs": [[[16,0],[38,5]],[[45,21],[0,9]]]},
"G883": {"type": "Matrix2x2", "payoffs": [[[57,23],[0,22]],[[37,0],[43,4]]]},
"G884": {"type": "Matrix2x2", "payoffs": [[[72,41],[0,0]],[[79,44],[19,8]]]},
"G885": {"type": "Matrix2x2", "payoffs": [[[0,56],[93,0]],[[95,93],[37,80]]]},
"G886": {"type": "Matrix2x2", "payoffs": [[[23,91],[10,3]],[[4,44],[0,0]]]},
"G887": {"type": "Matrix2x2", "payoffs": [[[0,0],[93,25]],[[19,21],[66,7]]]},
"G888": {"type": "Matrix2x2", "payoffs": [[[0,28],[35,65]],[[21,35],[23,0]]]},
"G889": {"type": "Matrix2x2", "payoffs": [[[77,38],[56,0]],[[0,12],[7,24]]]},
"G890": {"type": "Matrix2x2", "payoffs": [[[90,36],[15,0]],[[86,1],[0,12]]]},
"G891": {"type": "Matrix2x2", "payoffs": [[[16,0],[0,14]],[[48,50],[57,62]]]},
"G892": {"type": "Matrix2x2", "payoffs": [[[0,73],[71,76]],[[56,10],[61,0]]]},
"G893": {"type": "Matrix2x2", "payoffs": [[[9,3],[0,37]],[[12,0],[50,41]]]},
"G894": {"type": "Matrix2x2", "payoffs": [[[61,23],[64,0]],[[66,36],[0,4]]]},
"G895": {"type": "Matrix2x2", "payoffs": [[[0,21],[37,0]],[[9,67],[38,97]]]},
"G896": {"type": "Matrix2x2", "payoffs": [[[0,0],[11,30]],[[9,1],[3,16]]]},
"G897": {"type": "Matrix2x2", "payoffs": [[[26,31],[4,7]],[[17,0],[0,21]]]},
"G898": {"type": "Matrix2x2", "payoffs": [[[13,2],[0,0]],[[25,29],[12,7]]]},
"G899": {"type": "Matrix2x2", "payoffs": [[[10,84],[4,0]],[[5,51],[0,42]]]},
"G900": {"type": "Matrix2x2", "payoffs": [[[33,0],[9,9]],[[43,55],[0,36]]]},
"G901": {"type": "Matrix2x2", "payoffs": [[[6,33],[2,0]],[[11,63],[0,38]]]},
"G902": {"type": "Matrix2x2", "payoffs": [[[9,2],[7,0]],[[20,10],[0,9]]]},
"G903": {"type": "Matrix2x2", "payoffs": [[[34,20],[0,0]],[[10,17],[6,14]]]},
"G904": {"type": "Matrix2x2", "payoffs": [[[30,62],[1,0]],[[0,10],[19,13]]]},
"G905": {"type": "Matrix2x2", "payoffs": [[[0,0],[27,46]],[[54,72],[16,11]]]},
"G906": {"type": "Matrix2x2", "payoffs": [[[16,58],[3,50]],[[13,0],[0,25]]]},
"G907": {"type": "Matrix2x2", "payoffs": [[[0,7],[87,9]],[[39,8],[43,0]]]},
"G908": {"type": "Matrix2x2", "payoffs": [[[0,13],[63,0]],[[88,32],[57,20]]]},
"G909": {"type": "Matrix2x2", "payoffs": [[[14,6],[0,0]],[[5,1],[30,7]]]},
"G910": {"type": "Matrix2x2", "payoffs": [[[5,12],[0,6]],[[86,31],[63,0]]]},
"G911": {"type": "Matrix2x2", "payoffs": [[[67,73],[42,36]],[[52,0],[0,7]]]},
"G912": {"type": "Matrix2x2", "payoffs": [[[95,82],[39,0]],[[14,35],[0,28]]]},
"G913": {"type": "Matrix2x2", "payoffs": [[[11,89],[0,0]],[[2,64],[4,30]]]},
"G914": {"type": "Matrix2x2", "payoffs": [[[18,43],[0,0]],[[12,31],[10,42]]]},
"G915": {"type": "Matrix2x2", "payoffs": [[[19,2],[50,83]],[[47,0],[0,68]]]},
"G916": {"type": "Matrix2x2", "payoffs": [[[11,0],[67,51]],[[0,1],[68,100]]]},
"G917": {"type": "Matrix2x2", "payoffs": [[[98,32],[0,28]],[[47,0],[94,23]]]},
"G918": {"type": "Matrix2x2", "payoffs": [[[75,67],[70,52]],[[0,59],[19,0]]]},
"G919": {"type": "Matrix2x2", "payoffs": [[[4,75],[0,7]],[[2,59],[1,0]]]},
"G920": {"type": "Matrix2x2", "payoffs": [[[37,68],[33,59]],[[31,22],[0,0]]]},
"G921": {"type": "Matrix2x2", "payoffs": [[[80,20],[47,0]],[[0,15],[87,27]]]},
"G922": {"type": "Matrix2x2", "payoffs": [[[12,0],[0,1]],[[1,2],[25,7]]]},
"G923": {"type": "Matrix2x2", "payoffs": [[[5,0],[4,36]],[[0,7],[8,75]]]},
"G924": {"type": "Matrix2x2", "payoffs": [[[0,0],[78,11]],[[51,37],[99,45]]]},
"G925": {"type": "Matrix2x2", "payoffs": [[[43,35],[0,0]],[[19,12],[11,24]]]},
"G926": {"type": "Matrix2x2", "payoffs": [[[72,56],[23,6]],[[43,47],[0,0]]]},
"G927": {"type": "Matrix2x2", "payoffs": [[[3,29],[0,0]],[[45,49],[39,26]]]},
"G928": {"type": "Matrix2x2", "payoffs": [[[50,73],[0,0]],[[31,21],[40,69]]]},
"G929": {"type": "Matrix2x2", "payoffs": [[[22,46],[0,3]],[[5,0],[17,42]]]},
"G930": {"type": "Matrix2x2", "payoffs": [[[5,19],[10,0]],[[19,98],[0,89]]]},
"G931": {"type": "Matrix2x2", "payoffs": [[[7,10],[0,12]],[[1,0],[16,25]]]},
"G932": {"type": "Matrix2x2", "payoffs": [[[57,0],[0,2]],[[6,9],[78,36]]]},
"G933": {"type": "Matrix2x2", "payoffs": [[[22,23],[7,0]],[[0,9],[8,21]]]},
"G934": {"type": "Matrix2x2", "payoffs": [[[91,76],[76,0]],[[0,58],[81,35]]]},
"G935": {"type": "Matrix2x2", "payoffs": [[[15,0],[24,33]],[[25,60],[0,55]]]},
"G936": {"type": "Matrix2x2", "payoffs": [[[13,3],[29,7]],[[0,0],[72,13]]]},
"G937": {"type": "Matrix2x2", "payoffs": [[[15,46],[19,0]],[[41,66],[0,9]]]},
"G938": {"type": "Matrix2x2", "payoffs": [[[49,0],[39,64]],[[58,76],[0,67]]]},
"G939": {"type": "Matrix2x2", "payoffs": [[[26,54],[8,8]],[[0,0],[6,9]]]},
"G940": {"type": "Matrix2x2", "payoffs": [[[0,0],[93,8]],[[20,2],[56,7]]]},
"G941": {"type": "Matrix2x2", "payoffs": [[[15,94],[11,15]],[[2,16],[0,0]]]},
"G942": {"type": "Matrix2x2", "payoffs": [[[0,3],[70,14]],[[6,13],[49,0]]]},
"G943": {"type": "Matrix2x2", "payoffs": [[[0,49],[1,68]],[[71,85],[29,0]]]},
"G944": {"type": "Matrix2x2", "payoffs": [[[0,0],[96,92]],[[73,61],[15,43]]]},
"G945": {"type": "Matrix2x2", "payoffs": [[[13,4],[0,2]],[[2,1],[7,0]]]},
"G946": {"type": "Matrix2x2", "payoffs": [[[13,30],[46,58]],[[18,0],[0,33]]]},
"G947": {"type": "Matrix2x2", "payoffs": [[[18,96],[0,85]],[[5,51],[8,0]]]},
"G948": {"type": "Matrix2x2", "payoffs": [[[8,89],[4,67]],[[3,26],[0,0]]]},
"G949": {"type": "Matrix2x2", "payoffs": [[[56,61],[21,0]],[[36,37],[0,48]]]},
"G950": {"type": "Matrix2x2", "payoffs": [[[8,60],[0,13]],[[40,67],[13,0]]]},
"G951": {"type": "Matrix2x2", "payoffs": [[[0,23],[2,0]],[[3,46],[1,41]]]},
"G952": {"type": "Matrix2x2", "payoffs": [[[100,100],[0,54]],[[62,0],[25,90]]]},
"G953": {"type": "Matrix2x2", "payoffs": [[[64,8],[34,7]],[[28,5],[0,0]]]},
"G954": {"type": "Matrix2x2", "payoffs": [[[26,12],[51,0]],[[67,96],[0,80]]]},
"G955": {"type": "Matrix2x2", "payoffs": [[[0,50],[47,0]],[[84,71],[9,58]]]},
"G956": {"type": "Matrix2x2", "payoffs": [[[83,58],[37,0]],[[12,29],[0,24]]]},
"G957": {"type": "Matrix2x2", "payoffs": [[[35,0],[0,56]],[[87,61],[20,15]]]},
"G958": {"type": "Matrix2x2", "payoffs": [[[0,2],[24,1]],[[50,3],[21,0]]]},
"G959": {"type": "Matrix2x2", "payoffs": [[[62,56],[0,29]],[[56,30],[46,0]]]},
"G960": {"type": "Matrix2x2", "payoffs": [[[3,0],[0,62]],[[8,46],[59,72]]]},
"G961": {"type": "Matrix2x2", "payoffs": [[[7,16],[3,56]],[[18,85],[0,0]]]},
"G962": {"type": "Matrix2x2", "payoffs": [[[13,0],[32,66]],[[1,14],[0,36]]]},
"G963": {"type": "Matrix2x2", "payoffs": [[[0,0],[36,49]],[[12,37],[4,45]]]},
"G964": {"type": "Matrix2x2", "payoffs": [[[1,62],[5,0]],[[0,60],[99,77]]]},
"G965": {"type": "Matrix2x2", "payoffs": [[[56,58],[47,0]],[[97,86],[0,13]]]},
"G966": {"type": "Matrix2x2", "payoffs": [[[44,17],[69,65]],[[66,34],[0,0]]]},
"G967": {"type": "Matrix2x2", "payoffs": [[[13,6],[12,29]],[[0,0],[45,87]]]},
"G968": {"type": "Matrix2x2", "payoffs": [[[18,0],[31,21]],[[0,12],[34,25]]]},
"G969": {"type": "Matrix2x2", "payoffs": [[[48,60],[17,19]],[[0,0],[16,20]]]},
"G970": {"type": "Matrix2x2", "payoffs": [[[1,0],[0,4]],[[2,1],[4,7]]]},
"G971": {"type": "Matrix2x2", "payoffs": [[[1,26],[13,97]],[[0,0],[7,2]]]},
"G972": {"type": "Matrix2x2", "payoffs": [[[22,77],[15,0]],[[0,39],[3,53]]]},
"G973": {"type": "Matrix2x2", "payoffs": [[[0,0],[1,40]],[[10,45],[8,19]]]},
"G974": {"type": "Matrix2x2", "payoffs": [[[93,27],[0,0]],[[74,18],[72,10]]]},
"G975": {"type": "Matrix2x2", "payoffs": [[[1,54],[0,6]],[[14,0],[26,82]]]},
"G976": {"type": "Matrix2x2", "payoffs": [[[66,9],[27,0]],[[0,4],[95,12]]]},
"G977": {"type": "Matrix2x2", "payoffs": [[[15,69],[13,42]],[[0,0],[12,47]]]},
"G978": {"type": "Matrix2x2", "payoffs": [[[18,16],[92,59]],[[0,0],[89,30]]]},
"G979": {"type": "Matrix2x2", "payoffs": [[[97,65],[0,0]],[[53,37],[34,8]]]},
"G980": {"type": "Matrix2x2", "payoffs": [[[52,78],[0,31]],[[20,0],[24,1]]]},
"G981": {"type": "Matrix2x2", "payoffs": [[[0,0],[86,78]],[[24,10],[36,57]]]},
"G982": {"type": "Matrix2x2", "payoffs": [[[67,14],[39,6]],[[71,29],[0,0]]]},
"G983": {"type": "Matrix2x2", "payoffs": [[[59,100],[44,15]],[[0,22],[12,0]]]},
"G984": {"type": "Matrix2x2", "payoffs": [[[0,0],[15,33]],[[9,16],[17,50]]]},
"G985": {"type": "Matrix2x2", "payoffs": [[[33,0],[0,22]],[[66,73],[12,42]]]},
"G986": {"type": "Matrix2x2", "payoffs": [[[34,19],[45,0]],[[69,26],[0,8]]]},
"G987": {"type": "Matrix2x2", "payoffs": [[[42,61],[25,11]],[[0,0],[41,35]]]},
"G988": {"type": "Matrix2x2", "payoffs": [[[38,5],[0,8]],[[72,63],[12,0]]]},
"G989": {"type": "Matrix2x2", "payoffs": [[[52,49],[0,33]],[[18,0],[83,55]]]},
"G990": {"type": "Matrix2x2", "payoffs": [[[17,76],[0,32]],[[3,0],[13,71]]]},
"G991": {"type": "Matrix2x2", "payoffs": [[[10,0],[12,87]],[[7,57],[0,49]]]},
"G992": {"type": "Matrix2x2", "payoffs": [[[0,0],[65,13]],[[42,21],[76,100]]]},
"G993": {"type": "Matrix2x2", "payoffs": [[[40,38],[29,23]],[[0,20],[33,0]]]},
"G994": {"type": "Matrix2x2", "payoffs": [[[0,19],[84,47]],[[45,11],[41,0]]]},
"G995": {"type": "Matrix2x2", "payoffs": [[[7,2],[48,7]],[[74,10],[0,0]]]},
"G996": {"type": "Matrix2x2", "payoffs": [[[16,10],[9,0]],[[0,12],[20,85]]]},
"G997": {"type": "Matrix2x2", "payoffs": [[[17,0],[97,18]],[[35,9],[0,13]]]},
"G998": {"type": "Matrix2x2", "payoffs": [[[3,0],[4,4]],[[0,1],[1,3]]]},
"G999": {"type": "Matrix2x2", "payoffs": [[[0,27],[34,53]],[[7,32],[28,0]]]},
"G1000": {"type": "Matrix2x2", "payoffs": [[[66,0],[64,63]],[[80,92],[0,36]]]}
}