{
"numGames": 100,
"G1": {"type": "Matrix2x2", "payoffs": [[[0,67],[85,70]],[[55,0],[35,23]]]},
"G2": {"type": "Matrix2x2", "payoffs": [[[26,81],[2,52]],[[0,68],[21,0]]]},
"G3": {"type": "Matrix2x2", "payoffs": [[[0,0],[9,88]],[[10,93],[7,49]]]},
"G4": {"type": "Matrix2x2", "payoffs": [[[0,0],[20,9]],[[43,64],[75,99]]]},
"G5": {"type": "Matrix2x2", "payoffs": [[[0,13],[96,23]],[[76,1],[38,0]]]},
"G6": {"type": "Matrix2x2", "payoffs": [[[6,9],[0,0]],[[48,14],[17,12]]]},
"G7": {"type": "Matrix2x2", "payoffs": [[[28,0],[64,37]],[[0,30],[80,86]]]},
"G8": {"type": "Matrix2x2", "payoffs": [[[0,1],[11,19]],[[70,22],[33,0]]]},
"G9": {"type": "Matrix2x2", "payoffs": [[[46,7],[64,0]],[[88,21],[0,12]]]},
"G10": {"type": "Matrix2x2", "payoffs": [[[9,0],[0,17]],[[12,30],[5,7]]]},
"G11": {"type": "Matrix2x2", "payoffs": [[[39,30],[16,19]],[[44,33],[0,0]]]},
"G12": {"type": "Matrix2x2", "payoffs": [[[18,16],[36,66]],[[0,35],[6,0]]]},
"G13": {"type": "Matrix2x2", "payoffs": [[[82,38],[0,26]],[[49,3],[1,0]]]},
"G14": {"type": "Matrix2x2", "payoffs": [[[24,0],[76,29]],[[5,13],[0,10]]]},
"G15": {"type": "Matrix2x2", "payoffs": [[[0,0],[16,1]],[[39,5],[33,3]]]},
"G16": {"type": "Matrix2x2", "payoffs": [[[0,5],[4,0]],[[1,30],[7,58]]]},
"G17": {"type": "Matrix2x2", "payoffs": [[[96,6],[0,0]],[[67,2],[100,7]]]},
"G18": {"type": "Matrix2x2", "payoffs": [[[24,28],[2,15]],[[0,0],[11,10]]]},
"G19": {"type": "Matrix2x2", "payoffs": [[[0,0],[51,97]],[[5,10],[21,70]]]},
"G20": {"type": "Matrix2x2", "payoffs": [[[9,17],[19,18]],[[0,0],[25,29]]]},
"G21": {"type": "Matrix2x2", "payoffs": [[[0,1],[6,0]],[[35,33],[10,21]]]},
"G22": {"type": "Matrix2x2", "payoffs": [[[51,66],[0,0]],[[3,32],[35,40]]]},
"G23": {"type": "Matrix2x2", "payoffs": [[[0,11],[20,7]],[[15,0],[28,48]]]},
"G24": {"type": "Matrix2x2", "payoffs": [[[16,27],[0,0]],[[48,8],[53,32]]]},
"G25": {"type": "Matrix2x2", "payoffs": [[[0,0],[11,6]],[[16,26],[13,10]]]},
"G26": {"type": "Matrix2x2", "payoffs": [[[21,5],[26,0]],[[29,12],[0,3]]]},
"G27": {"type": "Matrix2x2", "payoffs": [[[0,28],[33,29]],[[1,0],[35,31]]]},
"G28": {"type": "Matrix2x2", "payoffs": [[[36,37],[0,76]],[[56,0],[64,91]]]},
"G29": {"type": "Matrix2x2", "payoffs": [[[3,0],[0,12]],[[17,16],[13,4]]]},
"G30": {"type": "Matrix2x2", "payoffs": [[[40,0],[1,63]],[[47,79],[0,47]]]},
"G31": {"type": "Matrix2x2", "payoffs": [[[40,14],[72,77]],[[39,76],[0,0]]]},
"G32": {"type": "Matrix2x2", "payoffs": [[[78,7],[0,0]],[[67,1],[54,6]]]},
"G33": {"type": "Matrix2x2", "payoffs": [[[70,14],[40,0]],[[19,6],[0,2]]]},
"G34": {"type": "Matrix2x2", "payoffs": [[[7,52],[22,96]],[[8,24],[0,0]]]},
"G35": {"type": "Matrix2x2", "payoffs": [[[1,4],[12,23]],[[0,0],[10,20]]]},
"G36": {"type": "Matrix2x2", "payoffs": [[[5,64],[0,41]],[[7,79],[1,0]]]},
"G37": {"type": "Matrix2x2", "payoffs": [[[61,5],[0,2]],[[30,0],[14,4]]]},
"G38": {"type": "Matrix2x2", "payoffs": [[[6,58],[0,56]],[[12,0],[38,80]]]},
"G39": {"type": "Matrix2x2", "payoffs": [[[4,3],[6,47]],[[0,0],[2,16]]]},
"G40": {"type": "Matrix2x2", "payoffs": [[[25,59],[0,0]],[[70,64],[80,99]]]},
"G41": {"type": "Matrix2x2", "payoffs": [[[86,72],[79,0]],[[34,44],[0,27]]]},
"G42": {"type": "Matrix2x2", "payoffs": [[[0,0],[52,7]],[[36,1],[55,9]]]},
"G43": {"type": "Matrix2x2", "payoffs": [[[12,0],[0,36]],[[28,20],[37,55]]]},
"G44": {"type": "Matrix2x2", "payoffs": [[[85,37],[55,17]],[[0,0],[73,34]]]},
"G45": {"type": "Matrix2x2", "payoffs": [[[0,4],[58,8]],[[40,0],[17,7]]]},
"G46": {"type": "Matrix2x2", "payoffs": [[[0,3],[16,0]],[[68,10],[46,9]]]},
"G47": {"type": "Matrix2x2", "payoffs": [[[13,27],[0,12]],[[11,0],[25,29]]]},
"G48": {"type": "Matrix2x2", "payoffs": [[[21,62],[70,67]],[[0,0],[81,77]]]},
"G49": {"type": "Matrix2x2", "payoffs": [[[10,30],[20,86]],[[0,0],[11,17]]]},
"G50": {"type": "Matrix2x2", "payoffs": [[[0,9],[21,12]],[[5,10],[19,0]]]},
"G51": {"type": "Matrix2x2", "payoffs": [[[28,0],[0,53]],[[60,68],[57,49]]]},
"G52": {"type": "Matrix2x2", "payoffs": [[[1,0],[40,15]],[[0,11],[13,3]]]},
"G53": {"type": "Matrix2x2", "payoffs": [[[12,65],[0,35]],[[74,96],[44,0]]]},
"G54": {"type": "Matrix2x2", "payoffs": [[[6,22],[5,35]],[[7,44],[0,0]]]},
"G55": {"type": "Matrix2x2", "payoffs": [[[82,46],[37,0]],[[0,20],[31,45]]]},
"G56": {"type": "Matrix2x2", "payoffs": [[[82,93],[0,87]],[[20,11],[71,0]]]},
"G57": {"type": "Matrix2x2", "payoffs": [[[0,14],[6,15]],[[4,0],[40,22]]]},
"G58": {"type": "Matrix2x2", "payoffs": [[[8,61],[4,48]],[[0,0],[40,100]]]},
"G59": {"type": "Matrix2x2", "payoffs": [[[10,56],[0,0]],[[3,22],[45,65]]]},
"G60": {"type": "Matrix2x2", "payoffs": [[[15,6],[0,5]],[[4,0],[10,1]]]},
"G61": {"type": "Matrix2x2", "payoffs": [[[32,80],[0,76]],[[7,28],[24,0]]]},
"G62": {"type": "Matrix2x2", "payoffs": [[[6,2],[0,0]],[[40,83],[21,41]]]},
"G63": {"type": "Matrix2x2", "payoffs": [[[0,13],[32,0]],[[1,7],[33,16]]]},
"G64": {"type": "Matrix2x2", "payoffs": [[[85,3],[93,8]],[[15,0],[0,7]]]},
"G65": {"type": "Matrix2x2", "payoffs": [[[5,5],[0,0]],[[7,7],[6,4]]]},
"G66": {"type": "Matrix2x2", "payoffs": [[[22,67],[4,12]],[[0,0],[6,5]]]},
"G67": {"type": "Matrix2x2", "payoffs": [[[81,76],[49,10]],[[0,74],[74,0]]]},
"G68": {"type": "Matrix2x2", "payoffs": [[[26,0],[75,70]],[[97,79],[0,65]]]},
"G69": {"type": "Matrix2x2", "payoffs": [[[13,52],[0,0]],[[46,73],[44,24]]]},
"G70": {"type": "Matrix2x2", "payoffs": [[[90,23],[0,19]],[[48,0],[62,1]]]},
"G71": {"type": "Matrix2x2", "payoffs": [[[50,0],[63,60]],[[0,56],[6,28]]]},
"G72": {"type": "Matrix2x2", "payoffs": [[[32,2],[56,0]],[[58,90],[0,49]]]},
"G73": {"type": "Matrix2x2", "payoffs": [[[0,0],[19,36]],[[16,26],[17,22]]]},
"G74": {"type": "Matrix2x2", "payoffs": [[[30,8],[43,0]],[[59,20],[0,10]]]},
"G75": {"type": "Matrix2x2", "payoffs": [[[22,10],[82,0]],[[0,17],[88,20]]]},
"G76": {"type": "Matrix2x2", "payoffs": [[[62,91],[93,93]],[[0,6],[33,0]]]},
"G77": {"type": "Matrix2x2", "payoffs": [[[0,6],[62,16]],[[28,2],[2,0]]]},
"G78": {"type": "Matrix2x2", "payoffs": [[[2,6],[6,2]],[[13,7],[0,0]]]},
"G79": {"type": "Matrix2x2", "payoffs": [[[10,33],[37,0]],[[0,28],[78,79]]]},
"G80": {"type": "Matrix2x2", "payoffs": [[[9,0],[19,29]],[[20,41],[0,7]]]},
"G81": {"type": "Matrix2x2", "payoffs": [[[0,2],[2,0]],[[47,92],[20,88]]]},
"G82": {"type": "Matrix2x2", "payoffs": [[[0,63],[98,98]],[[53,68],[71,0]]]},
"G83": {"type": "Matrix2x2", "payoffs": [[[25,24],[83,1]],[[85,72],[0,0]]]},
"G84": {"type": "Matrix2x2", "payoffs": [[[0,0],[59,46]],[[25,75],[61,90]]]},
"G85": {"type": "Matrix2x2", "payoffs": [[[0,35],[64,70]],[[24,27],[25,0]]]},
"G86": {"type": "Matrix2x2", "payoffs": [[[3,0],[26,94]],[[0,74],[9,88]]]},
"G87": {"type": "Matrix2x2", "payoffs": [[[0,14],[97,40]],[[38,0],[56,4]]]},
"G88": {"type": "Matrix2x2", "payoffs": [[[9,0],[6,18]],[[0,2],[14,70]]]},
"G89": {"type": "Matrix2x2", "payoffs": [[[53,10],[0,0]],[[69,65],[7,34]]]},
"G90": {"type": "Matrix2x2", "payoffs": [[[2,0],[0,10]],[[6,6],[13,24]]]},
"G91": {"type": "Matrix2x2", "payoffs": [[[84,3],[0,1]],[[66,0],[6,2]]]},
"G92": {"type": "Matrix2x2", "payoffs": [[[0,0],[30,3]],[[60,9],[58,5]]]},
"G93": {"type": "Matrix2x2", "payoffs": [[[4,20],[99,36]],[[0,2],[45,0]]]},
"G94": {"type": "Matrix2x2", "payoffs": [[[6,0],[0,63]],[[28,80],[20,77]]]},
"G95": {"type": "Matrix2x2", "payoffs": [[[28,22],[61,0]],[[0,50],[98,54]]]},
"G96": {"type": "Matrix2x2", "payoffs": [[[15,63],[0,0]],[[3,23],[14,20]]]},
"G97": {"type": "Matrix2x2", "payoffs": [[[8,8],[63,66]],[[60,0],[0,11]]]},
"G98": {"type": "Matrix2x2", "payoffs": [[[55,10],[68,0]],[[0,1],[72,23]]]},
"G99": {"type": "Matrix2x2", "payoffs": [[[3,5],[25,10]],[[9,0],[0,7]]]},
"G100": {"type": "Matrix2x2", "payoffs": [[[6,14],[2,6]],[[3,0],[0,5]]]}
}