{
"numGames": 100,
"G1": {"type": "Matrix2x2", "payoffs": [[[3,1],[19,0]],[[0,2],[87,4]]]},
"G2": {"type": "Matrix2x2", "payoffs": [[[9,47],[54,0]],[[0,15],[57,52]]]},
"G3": {"type": "Matrix2x2", "payoffs": [[[7,0],[2,4]],[[17,80],[0,60]]]},
"G4": {"type": "Matrix2x2", "payoffs": [[[0,6],[61,12]],[[39,8],[9,0]]]},
"G5": {"type": "Matrix2x2", "payoffs": [[[3,0],[16,18]],[[0,51],[24,54]]]},
"G6": {"type": "Matrix2x2", "payoffs": [[[25,4],[1,0]],[[0,27],[71,33]]]},
"G7": {"type": "Matrix2x2", "payoffs": [[[13,75],[8,50]],[[0,74],[12,0]]]},
"G8": {"type": "Matrix2x2", "payoffs": [[[54,2],[0,12]],[[82,18],[7,0]]]},
"G9": {"type": "Matrix2x2", "payoffs": [[[62,71],[72,0]],[[81,88],[0,55]]]},
"G10": {"type": "Matrix2x2", "payoffs": [[[80,6],[68,0]],[[0,1],[66,2]]]},
"G11": {"type": "Matrix2x2", "payoffs": [[[0,6],[3,0]],[[2,4],[4,7]]]},
"G12": {"type": "Matrix2x2", "payoffs": [[[14,38],[0,28]],[[5,25],[3,0]]]},
"G13": {"type": "Matrix2x2", "payoffs": [[[31,87],[6,0]],[[9,10],[0,32]]]},
"G14": {"type": "Matrix2x2", "payoffs": [[[32,60],[30,0]],[[23,50],[0,45]]]},
"G15": {"type": "Matrix2x2", "payoffs": [[[65,47],[55,0]],[[37,10],[0,41]]]},
"G16": {"type": "Matrix2x2", "payoffs": [[[21,75],[30,76]],[[16,0],[0,6]]]},
"G17": {"type": "Matrix2x2", "payoffs": [[[11,9],[0,4]],[[18,76],[16,0]]]},
"G18": {"type": "Matrix2x2", "payoffs": [[[82,74],[95,95]],[[45,84],[0,0]]]},
"G19": {"type": "Matrix2x2", "payoffs": [[[0,58],[3,0]],[[7,50],[92,63]]]},
"G20": {"type": "Matrix2x2", "payoffs": [[[0,0],[87,53]],[[51,39],[23,26]]]},
"G21": {"type": "Matrix2x2", "payoffs": [[[93,54],[16,0]],[[75,6],[0,39]]]},
"G22": {"type": "Matrix2x2", "payoffs": [[[3,87],[0,0]],[[15,22],[26,88]]]},
"G23": {"type": "Matrix2x2", "payoffs": [[[37,18],[0,0]],[[27,9],[76,72]]]},
"G24": {"type": "Matrix2x2", "payoffs": [[[0,23],[6,27]],[[10,39],[8,0]]]},
"G25": {"type": "Matrix2x2", "payoffs": [[[9,0],[49,15]],[[0,14],[44,11]]]},
"G26": {"type": "Matrix2x2", "payoffs": [[[0,1],[2,20]],[[30,0],[53,51]]]},
"G27": {"type": "Matrix2x2", "payoffs": [[[15,66],[0,6]],[[4,32],[14,0]]]},
"G28": {"type": "Matrix2x2", "payoffs": [[[0,0],[8,35]],[[33,48],[63,92]]]},
"G29": {"type": "Matrix2x2", "payoffs": [[[18,0],[0,30]],[[23,70],[12,18]]]},
"G30": {"type": "Matrix2x2", "payoffs": [[[1,0],[9,6]],[[0,38],[10,46]]]},
"G31": {"type": "Matrix2x2", "payoffs": [[[0,70],[9,31]],[[20,86],[15,0]]]},
"G32": {"type": "Matrix2x2", "payoffs": [[[83,35],[32,7]],[[0,31],[62,0]]]},
"G33": {"type": "Matrix2x2", "payoffs": [[[0,44],[24,39]],[[51,0],[56,79]]]},
"G34": {"type": "Matrix2x2", "payoffs": [[[11,3],[61,0]],[[92,92],[0,81]]]},
"G35": {"type": "Matrix2x2", "payoffs": [[[2,0],[0,10]],[[3,50],[1,7]]]},
"G36": {"type": "Matrix2x2", "payoffs": [[[15,0],[0,39]],[[20,72],[18,34]]]},
"G37": {"type": "Matrix2x2", "payoffs": [[[0,23],[3,0]],[[4,35],[1,17]]]},
"G38": {"type": "Matrix2x2", "payoffs": [[[97,81],[0,0]],[[73,31],[39,10]]]},
"G39": {"type": "Matrix2x2", "payoffs": [[[20,42],[36,55]],[[0,39],[4,0]]]},
"G40": {"type": "Matrix2x2", "payoffs": [[[2,13],[35,62]],[[0,0],[74,67]]]},
"G41": {"type": "Matrix2x2", "payoffs": [[[10,29],[19,38]],[[0,28],[4,0]]]},
"G42": {"type": "Matrix2x2", "payoffs": [[[39,59],[14,50]],[[0,56],[11,0]]]},
"G43": {"type": "Matrix2x2", "payoffs": [[[4,12],[1,1]],[[0,8],[2,0]]]},
"G44": {"type": "Matrix2x2", "payoffs": [[[0,0],[89,29]],[[57,1],[83,21]]]},
"G45": {"type": "Matrix2x2", "payoffs": [[[39,10],[0,3]],[[49,12],[29,0]]]},
"G46": {"type": "Matrix2x2", "payoffs": [[[0,5],[32,3]],[[48,13],[41,0]]]},
"G47": {"type": "Matrix2x2", "payoffs": [[[37,32],[26,7]],[[7,12],[0,0]]]},
"G48": {"type": "Matrix2x2", "payoffs": [[[0,15],[2,0]],[[16,20],[10,3]]]},
"G49": {"type": "Matrix2x2", "payoffs": [[[67,8],[0,0]],[[53,6],[5,7]]]},
"G50": {"type": "Matrix2x2", "payoffs": [[[13,12],[0,13]],[[22,0],[59,15]]]},
"G51": {"type": "Matrix2x2", "payoffs": [[[78,55],[96,72]],[[0,0],[93,66]]]},
"G52": {"type": "Matrix2x2", "payoffs": [[[65,63],[4,45]],[[32,50],[0,0]]]},
"G53": {"type": "Matrix2x2", "payoffs": [[[8,0],[0,16]],[[31,12],[69,37]]]},
"G54": {"type": "Matrix2x2", "payoffs": [[[0,57],[48,33]],[[39,0],[50,67]]]},
"G55": {"type": "Matrix2x2", "payoffs": [[[41,29],[64,83]],[[1,0],[0,33]]]},
"G56": {"type": "Matrix2x2", "payoffs": [[[51,99],[46,42]],[[0,56],[35,0]]]},
"G57": {"type": "Matrix2x2", "payoffs": [[[34,29],[3,6]],[[32,26],[0,0]]]},
"G58": {"type": "Matrix2x2", "payoffs": [[[0,1],[49,24]],[[29,22],[6,0]]]},
"G59": {"type": "Matrix2x2", "payoffs": [[[2,51],[14,0]],[[40,82],[0,19]]]},
"G60": {"type": "Matrix2x2", "payoffs": [[[29,24],[9,8]],[[0,9],[22,0]]]},
"G61": {"type": "Matrix2x2", "payoffs": [[[1,9],[0,31]],[[37,78],[23,0]]]},
"G62": {"type": "Matrix2x2", "payoffs": [[[39,13],[45,0]],[[0,33],[73,40]]]},
"G63": {"type": "Matrix2x2", "payoffs": [[[24,0],[36,96]],[[0,15],[12,42]]]},
"G64": {"type": "Matrix2x2", "payoffs": [[[13,75],[23,96]],[[6,0],[0,27]]]},
"G65": {"type": "Matrix2x2", "payoffs": [[[44,64],[0,0]],[[26,16],[94,95]]]},
"G66": {"type": "Matrix2x2", "payoffs": [[[31,0],[0,2]],[[68,30],[55,11]]]},
"G67": {"type": "Matrix2x2", "payoffs": [[[70,0],[10,37]],[[0,22],[93,71]]]},
"G68": {"type": "Matrix2x2", "payoffs": [[[70,38],[88,77]],[[0,0],[34,63]]]},
"G69": {"type": "Matrix2x2", "payoffs": [[[0,8],[56,24]],[[5,0],[97,62]]]},
"G70": {"type": "Matrix2x2", "payoffs": [[[24,5],[18,0]],[[0,1],[9,3]]]},
"G71": {"type": "Matrix2x2", "payoffs": [[[32,20],[0,0]],[[12,10],[82,52]]]},
"G72": {"type": "Matrix2x2", "payoffs": [[[10,18],[0,30]],[[18,0],[43,34]]]},
"G73": {"type": "Matrix2x2", "payoffs": [[[61,70],[68,93]],[[28,58],[0,0]]]},
"G74": {"type": "Matrix2x2", "payoffs": [[[0,0],[22,66]],[[27,90],[13,73]]]},
"G75": {"type": "Matrix2x2", "payoffs": [[[0,1],[8,0]],[[52,4],[61,6]]]},
"G76": {"type": "Matrix2x2", "payoffs": [[[5,0],[40,93]],[[0,86],[24,18]]]},
"G77": {"type": "Matrix2x2", "payoffs": [[[38,59],[53,100]],[[0,0],[43,94]]]},
"G78": {"type": "Matrix2x2", "payoffs": [[[0,33],[16,76]],[[11,22],[1,0]]]},
"G79": {"type": "Matrix2x2", "payoffs": [[[0,46],[2,25]],[[5,100],[3,0]]]},
"G80": {"type": "Matrix2x2", "payoffs": [[[4,2],[14,20]],[[0,12],[2,0]]]},
"G81": {"type": "Matrix2x2", "payoffs": [[[0,17],[3,0]],[[40,61],[41,64]]]},
"G82": {"type": "Matrix2x2", "payoffs": [[[8,10],[75,17]],[[16,13],[0,0]]]},
"G83": {"type": "Matrix2x2", "payoffs": [[[76,80],[56,0]],[[0,60],[25,46]]]},
"G84": {"type": "Matrix2x2", "payoffs": [[[16,0],[88,28]],[[20,24],[0,13]]]},
"G85": {"type": "Matrix2x2", "payoffs": [[[0,0],[79,8]],[[73,4],[19,1]]]},
"G86": {"type": "Matrix2x2", "payoffs": [[[49,21],[0,0]],[[38,66],[65,88]]]},
"G87": {"type": "Matrix2x2", "payoffs": [[[0,73],[25,97]],[[3,0],[6,65]]]},
"G88": {"type": "Matrix2x2", "payoffs": [[[0,65],[22,96]],[[19,0],[9,13]]]},
"G89": {"type": "Matrix2x2", "payoffs": [[[0,0],[42,13]],[[80,50],[45,14]]]},
"G90": {"type": "Matrix2x2", "payoffs": [[[11,0],[13,82]],[[0,65],[8,64]]]},
"G91": {"type": "Matrix2x2", "payoffs": [[[89,42],[30,10]],[[88,9],[0,0]]]},
"G92": {"type": "Matrix2x2", "payoffs": [[[0,44],[81,2]],[[71,0],[99,87]]]},
"G93": {"type": "Matrix2x2", "payoffs": [[[57,63],[36,3]],[[0,8],[42,0]]]},
"G94": {"type": "Matrix2x2", "payoffs": [[[35,45],[14,0]],[[0,21],[6,39]]]},
"G95": {"type": "Matrix2x2", "payoffs": [[[0,25],[9,62]],[[53,78],[45,0]]]},
"G96": {"type": "Matrix2x2", "payoffs": [[[14,52],[10,14]],[[4,9],[0,0]]]},
"G97": {"type": "Matrix2x2", "payoffs": [[[86,29],[84,19]],[[0,18],[45,0]]]},
"G98": {"type": "Matrix2x2", "payoffs": [[[84,0],[91,46]],[[65,12],[0,19]]]},
"G99": {"type": "Matrix2x2", "payoffs": [[[34,17],[59,29]],[[0,11],[25,0]]]},
"G100": {"type": "Matrix2x2", "payoffs": [[[5,9],[0,28]],[[14,36],[6,0]]]}
}