{
"numGames": 100,
"G1": {"type": "Matrix2x2", "payoffs": [[[1,0],[14,73]],[[0,40],[11,60]]]},
"G2": {"type": "Matrix2x2", "payoffs": [[[0,0],[27,77]],[[91,80],[50,49]]]},
"G3": {"type": "Matrix2x2", "payoffs": [[[0,46],[94,48]],[[3,0],[28,3]]]},
"G4": {"type": "Matrix2x2", "payoffs": [[[0,48],[5,76]],[[16,78],[13,0]]]},
"G5": {"type": "Matrix2x2", "payoffs": [[[9,0],[0,21]],[[43,39],[49,74]]]},
"G6": {"type": "Matrix2x2", "payoffs": [[[12,10],[48,20]],[[50,84],[0,0]]]},
"G7": {"type": "Matrix2x2", "payoffs": [[[8,0],[6,19]],[[0,56],[15,89]]]},
"G8": {"type": "Matrix2x2", "payoffs": [[[0,0],[3,19]],[[78,27],[74,4]]]},
"G9": {"type": "Matrix2x2", "payoffs": [[[12,6],[18,7]],[[0,0],[15,4]]]},
"G10": {"type": "Matrix2x2", "payoffs": [[[0,0],[66,3]],[[76,4],[96,6]]]},
"G11": {"type": "Matrix2x2", "payoffs": [[[69,0],[0,25]],[[74,67],[15,15]]]},
"G12": {"type": "Matrix2x2", "payoffs": [[[0,19],[57,0]],[[19,12],[65,69]]]},
"G13": {"type": "Matrix2x2", "payoffs": [[[86,74],[61,43]],[[0,0],[29,65]]]},
"G14": {"type": "Matrix2x2", "payoffs": [[[16,40],[13,0]],[[0,10],[51,50]]]},
"G15": {"type": "Matrix2x2", "payoffs": [[[41,26],[0,0]],[[39,1],[49,54]]]},
"G16": {"type": "Matrix2x2", "payoffs": [[[0,56],[72,0]],[[80,74],[34,61]]]},
"G17": {"type": "Matrix2x2", "payoffs": [[[76,5],[0,0]],[[54,12],[85,13]]]},
"G18": {"type": "Matrix2x2", "payoffs": [[[18,63],[0,67]],[[49,0],[73,74]]]},
"G19": {"type": "Matrix2x2", "payoffs": [[[45,28],[11,0]],[[0,4],[79,74]]]},
"G20": {"type": "Matrix2x2", "payoffs": [[[64,14],[0,0]],[[86,24],[97,39]]]},
"G21": {"type": "Matrix2x2", "payoffs": [[[96,49],[48,0]],[[97,90],[0,87]]]},
"G22": {"type": "Matrix2x2", "payoffs": [[[17,72],[51,0]],[[52,83],[0,48]]]},
"G23": {"type": "Matrix2x2", "payoffs": [[[37,25],[2,0]],[[0,17],[7,22]]]},
"G24": {"type": "Matrix2x2", "payoffs": [[[0,0],[47,64]],[[49,79],[15,30]]]},
"G25": {"type": "Matrix2x2", "payoffs": [[[74,58],[32,24]],[[21,42],[0,0]]]},
"G26": {"type": "Matrix2x2", "payoffs": [[[0,18],[30,0]],[[31,42],[11,19]]]},
"G27": {"type": "Matrix2x2", "payoffs": [[[0,0],[15,16]],[[70,20],[62,11]]]},
"G28": {"type": "Matrix2x2", "payoffs": [[[0,73],[25,75]],[[24,0],[20,50]]]},
"G29": {"type": "Matrix2x2", "payoffs": [[[0,7],[53,8]],[[48,3],[22,0]]]},
"G30": {"type": "Matrix2x2", "payoffs": [[[0,0],[1,45]],[[16,66],[14,31]]]},
"G31": {"type": "Matrix2x2", "payoffs": [[[27,29],[0,0]],[[31,34],[3,32]]]},
"G32": {"type": "Matrix2x2", "payoffs": [[[27,21],[0,5]],[[28,0],[77,80]]]},
"G33": {"type": "Matrix2x2", "payoffs": [[[0,0],[1,49]],[[83,59],[97,76]]]},
"G34": {"type": "Matrix2x2", "payoffs": [[[0,0],[12,1]],[[34,11],[35,54]]]},
"G35": {"type": "Matrix2x2", "payoffs": [[[37,0],[47,28]],[[50,73],[0,31]]]},
"G36": {"type": "Matrix2x2", "payoffs": [[[52,0],[86,26]],[[0,6],[41,19]]]},
"G37": {"type": "Matrix2x2", "payoffs": [[[0,66],[4,1]],[[98,95],[71,0]]]},
"G38": {"type": "Matrix2x2", "payoffs": [[[0,0],[59,29]],[[37,2],[44,12]]]},
"G39": {"type": "Matrix2x2", "payoffs": [[[34,54],[27,16]],[[0,0],[29,47]]]},
"G40": {"type": "Matrix2x2", "payoffs": [[[19,9],[89,12]],[[0,7],[79,0]]]},
"G41": {"type": "Matrix2x2", "payoffs": [[[14,65],[9,0]],[[0,9],[1,24]]]},
"G42": {"type": "Matrix2x2", "payoffs": [[[67,63],[44,7]],[[0,0],[23,60]]]},
"G43": {"type": "Matrix2x2", "payoffs": [[[0,0],[7,3]],[[66,14],[5,13]]]},
"G44": {"type": "Matrix2x2", "payoffs": [[[63,23],[0,25]],[[18,0],[76,71]]]},
"G45": {"type": "Matrix2x2", "payoffs": [[[25,55],[50,83]],[[49,5],[0,0]]]},
"G46": {"type": "Matrix2x2", "payoffs": [[[24,0],[35,32]],[[22,22],[0,10]]]},
"G47": {"type": "Matrix2x2", "payoffs": [[[37,0],[0,60]],[[42,69],[26,32]]]},
"G48": {"type": "Matrix2x2", "payoffs": [[[72,0],[80,71]],[[22,4],[0,21]]]},
"G49": {"type": "Matrix2x2", "payoffs": [[[41,64],[66,0]],[[0,11],[96,71]]]},
"G50": {"type": "Matrix2x2", "payoffs": [[[11,0],[43,54]],[[0,38],[65,95]]]},
"G51": {"type": "Matrix2x2", "payoffs": [[[6,1],[28,8]],[[0,0],[41,9]]]},
"G52": {"type": "Matrix2x2", "payoffs": [[[8,0],[59,3]],[[0,1],[27,2]]]},
"G53": {"type": "Matrix2x2", "payoffs": [[[73,68],[28,25]],[[0,56],[70,0]]]},
"G54": {"type": "Matrix2x2", "payoffs": [[[38,3],[26,0]],[[46,21],[0,8]]]},
"G55": {"type": "Matrix2x2", "payoffs": [[[0,5],[53,27]],[[48,0],[2,25]]]},
"G56": {"type": "Matrix2x2", "payoffs": [[[36,17],[50,0]],[[65,47],[0,30]]]},
"G57": {"type": "Matrix2x2", "payoffs": [[[8,75],[0,50]],[[25,0],[60,80]]]},
"G58": {"type": "Matrix2x2", "payoffs": [[[75,2],[92,5]],[[0,1],[3,0]]]},
"G59": {"type": "Matrix2x2", "payoffs": [[[5,38],[12,0]],[[0,46],[16,72]]]},
"G60": {"type": "Matrix2x2", "payoffs": [[[0,0],[8,50]],[[18,83],[13,32]]]},
"G61": {"type": "Matrix2x2", "payoffs": [[[0,61],[2,0]],[[27,89],[10,25]]]},
"G62": {"type": "Matrix2x2", "payoffs": [[[24,47],[0,67]],[[9,0],[64,77]]]},
"G63": {"type": "Matrix2x2", "payoffs": [[[63,6],[0,4]],[[21,0],[44,1]]]},
"G64": {"type": "Matrix2x2", "payoffs": [[[0,8],[22,0]],[[90,100],[74,86]]]},
"G65": {"type": "Matrix2x2", "payoffs": [[[29,37],[14,32]],[[5,0],[0,29]]]},
"G66": {"type": "Matrix2x2", "payoffs": [[[0,0],[66,42]],[[44,8],[23,17]]]},
"G67": {"type": "Matrix2x2", "payoffs": [[[7,13],[0,0]],[[6,12],[5,1]]]},
"G68": {"type": "Matrix2x2", "payoffs": [[[17,57],[8,0]],[[5,31],[0,49]]]},
"G69": {"type": "Matrix2x2", "payoffs": [[[0,22],[75,15]],[[83,79],[6,0]]]},
"G70": {"type": "Matrix2x2", "payoffs": [[[6,2],[0,7]],[[2,0],[77,23]]]},
"G71": {"type": "Matrix2x2", "payoffs": [[[0,30],[19,47]],[[13,34],[6,0]]]},
"G72": {"type": "Matrix2x2", "payoffs": [[[12,0],[0,2]],[[4,33],[20,34]]]},
"G73": {"type": "Matrix2x2", "payoffs": [[[0,10],[15,0]],[[34,46],[29,35]]]},
"G74": {"type": "Matrix2x2", "payoffs": [[[15,40],[14,21]],[[0,12],[7,0]]]},
"G75": {"type": "Matrix2x2", "payoffs": [[[0,6],[98,15]],[[58,0],[70,3]]]},
"G76": {"type": "Matrix2x2", "payoffs": [[[0,6],[27,9]],[[3,0],[54,25]]]},
"G77": {"type": "Matrix2x2", "payoffs": [[[11,5],[30,33]],[[0,0],[38,57]]]},
"G78": {"type": "Matrix2x2", "payoffs": [[[22,34],[14,0]],[[0,28],[24,79]]]},
"G79": {"type": "Matrix2x2", "payoffs": [[[60,24],[48,2]],[[0,14],[40,0]]]},
"G80": {"type": "Matrix2x2", "payoffs": [[[31,1],[0,3]],[[17,0],[34,9]]]},
"G81": {"type": "Matrix2x2", "payoffs": [[[0,6],[30,5]],[[43,8],[2,0]]]},
"G82": {"type": "Matrix2x2", "payoffs": [[[96,37],[81,13]],[[28,0],[0,24]]]},
"G83": {"type": "Matrix2x2", "payoffs": [[[0,0],[22,2]],[[7,1],[24,3]]]},
"G84": {"type": "Matrix2x2", "payoffs": [[[3,23],[2,0]],[[0,39],[15,59]]]},
"G85": {"type": "Matrix2x2", "payoffs": [[[16,68],[78,84]],[[0,0],[91,96]]]},
"G86": {"type": "Matrix2x2", "payoffs": [[[54,38],[98,89]],[[55,0],[0,83]]]},
"G87": {"type": "Matrix2x2", "payoffs": [[[10,0],[31,10]],[[0,19],[38,50]]]},
"G88": {"type": "Matrix2x2", "payoffs": [[[10,54],[0,20]],[[1,30],[4,0]]]},
"G89": {"type": "Matrix2x2", "payoffs": [[[14,58],[1,41]],[[0,0],[6,10]]]},
"G90": {"type": "Matrix2x2", "payoffs": [[[15,0],[51,48]],[[0,19],[31,24]]]},
"G91": {"type": "Matrix2x2", "payoffs": [[[0,4],[57,0]],[[70,61],[35,50]]]},
"G92": {"type": "Matrix2x2", "payoffs": [[[38,84],[13,0]],[[0,46],[33,32]]]},
"G93": {"type": "Matrix2x2", "payoffs": [[[23,29],[0,0]],[[1,23],[14,1]]]},
"G94": {"type": "Matrix2x2", "payoffs": [[[3,0],[5,87]],[[0,84],[2,56]]]},
"G95": {"type": "Matrix2x2", "payoffs": [[[57,65],[2,47]],[[77,72],[0,0]]]},
"G96": {"type": "Matrix2x2", "payoffs": [[[20,0],[0,83]],[[35,91],[16,6]]]},
"G97": {"type": "Matrix2x2", "payoffs": [[[4,0],[0,3]],[[8,12],[13,16]]]},
"G98": {"type": "Matrix2x2", "payoffs": [[[79,94],[43,56]],[[0,17],[24,0]]]},
"G99": {"type": "Matrix2x2", "payoffs": [[[0,0],[42,15]],[[80,25],[63,12]]]},
"G100": {"type": "Matrix2x2", "payoffs": [[[4,12],[3,6]],[[9,18],[0,0]]]}
}