{
"numGames": 1000,
"G1": {"type": "Matrix2x2", "payoffs": [[[3,13],[10,0]],[[12,56],[0,50]]]},
"G2": {"type": "Matrix2x2", "payoffs": [[[3,0],[57,74]],[[8,6],[0,39]]]},
"G3": {"type": "Matrix2x2", "payoffs": [[[6,0],[80,4]],[[0,7],[89,10]]]},
"G4": {"type": "Matrix2x2", "payoffs": [[[4,23],[3,19]],[[0,18],[2,0]]]},
"G5": {"type": "Matrix2x2", "payoffs": [[[0,4],[6,12]],[[1,0],[3,11]]]},
"G6": {"type": "Matrix2x2", "payoffs": [[[11,0],[16,90]],[[9,9],[0,53]]]},
"G7": {"type": "Matrix2x2", "payoffs": [[[77,43],[9,0]],[[0,66],[93,99]]]},
"G8": {"type": "Matrix2x2", "payoffs": [[[7,71],[0,7]],[[6,53],[3,0]]]},
"G9": {"type": "Matrix2x2", "payoffs": [[[76,42],[14,31]],[[0,25],[73,0]]]},
"G10": {"type": "Matrix2x2", "payoffs": [[[24,50],[0,12]],[[9,0],[44,64]]]},
"G11": {"type": "Matrix2x2", "payoffs": [[[0,4],[7,0]],[[59,5],[18,3]]]},
"G12": {"type": "Matrix2x2", "payoffs": [[[0,55],[1,0]],[[2,46],[4,56]]]},
"G13": {"type": "Matrix2x2", "payoffs": [[[51,31],[75,35]],[[69,0],[0,12]]]},
"G14": {"type": "Matrix2x2", "payoffs": [[[56,84],[3,0]],[[0,8],[23,38]]]},
"G15": {"type": "Matrix2x2", "payoffs": [[[5,12],[1,9]],[[0,0],[41,19]]]},
"G16": {"type": "Matrix2x2", "payoffs": [[[68,37],[0,9]],[[71,42],[27,0]]]},
"G17": {"type": "Matrix2x2", "payoffs": [[[36,25],[50,37]],[[19,0],[0,3]]]},
"G18": {"type": "Matrix2x2", "payoffs": [[[13,6],[23,19]],[[11,15],[0,0]]]},
"G19": {"type": "Matrix2x2", "payoffs": [[[70,10],[58,9]],[[0,7],[52,0]]]},
"G20": {"type": "Matrix2x2", "payoffs": [[[0,4],[27,2]],[[4,0],[39,5]]]},
"G21": {"type": "Matrix2x2", "payoffs": [[[13,48],[28,81]],[[7,23],[0,0]]]},
"G22": {"type": "Matrix2x2", "payoffs": [[[18,0],[82,10]],[[0,34],[93,58]]]},
"G23": {"type": "Matrix2x2", "payoffs": [[[19,14],[64,15]],[[11,10],[0,0]]]},
"G24": {"type": "Matrix2x2", "payoffs": [[[36,27],[0,8]],[[33,0],[25,25]]]},
"G25": {"type": "Matrix2x2", "payoffs": [[[14,36],[10,0]],[[16,44],[0,23]]]},
"G26": {"type": "Matrix2x2", "payoffs": [[[59,16],[0,41]],[[64,53],[60,0]]]},
"G27": {"type": "Matrix2x2", "payoffs": [[[74,0],[91,70]],[[53,48],[0,60]]]},
"G28": {"type": "Matrix2x2", "payoffs": [[[0,6],[6,0]],[[29,4],[39,22]]]},
"G29": {"type": "Matrix2x2", "payoffs": [[[20,3],[54,85]],[[38,5],[0,0]]]},
"G30": {"type": "Matrix2x2", "payoffs": [[[0,0],[48,35]],[[21,33],[57,45]]]},
"G31": {"type": "Matrix2x2", "payoffs": [[[5,32],[0,39]],[[63,56],[29,0]]]},
"G32": {"type": "Matrix2x2", "payoffs": [[[51,35],[28,66]],[[95,70],[0,0]]]},
"G33": {"type": "Matrix2x2", "payoffs": [[[53,69],[0,1]],[[54,80],[17,0]]]},
"G34": {"type": "Matrix2x2", "payoffs": [[[0,41],[82,50]],[[51,0],[43,15]]]},
"G35": {"type": "Matrix2x2", "payoffs": [[[99,68],[76,0]],[[72,41],[0,27]]]},
"G36": {"type": "Matrix2x2", "payoffs": [[[7,70],[0,37]],[[5,0],[3,22]]]},
"G37": {"type": "Matrix2x2", "payoffs": [[[63,0],[40,44]],[[0,36],[78,84]]]},
"G38": {"type": "Matrix2x2", "payoffs": [[[0,0],[97,85]],[[58,73],[63,2]]]},
"G39": {"type": "Matrix2x2", "payoffs": [[[47,1],[39,2]],[[0,0],[51,5]]]},
"G40": {"type": "Matrix2x2", "payoffs": [[[16,55],[0,0]],[[39,11],[67,87]]]},
"G41": {"type": "Matrix2x2", "payoffs": [[[48,8],[60,7]],[[0,0],[99,18]]]},
"G42": {"type": "Matrix2x2", "payoffs": [[[84,86],[53,3]],[[15,24],[0,0]]]},
"G43": {"type": "Matrix2x2", "payoffs": [[[30,30],[19,0]],[[0,20],[61,46]]]},
"G44": {"type": "Matrix2x2", "payoffs": [[[67,6],[0,0]],[[8,24],[82,40]]]},
"G45": {"type": "Matrix2x2", "payoffs": [[[0,0],[34,68]],[[19,44],[32,64]]]},
"G46": {"type": "Matrix2x2", "payoffs": [[[3,18],[4,0]],[[10,34],[0,3]]]},
"G47": {"type": "Matrix2x2", "payoffs": [[[3,2],[4,40]],[[1,16],[0,0]]]},
"G48": {"type": "Matrix2x2", "payoffs": [[[2,68],[0,0]],[[3,79],[1,45]]]},
"G49": {"type": "Matrix2x2", "payoffs": [[[10,6],[33,21]],[[0,4],[25,0]]]},
"G50": {"type": "Matrix2x2", "payoffs": [[[16,0],[51,39]],[[0,37],[5,20]]]},
"G51": {"type": "Matrix2x2", "payoffs": [[[5,32],[0,35]],[[90,71],[83,0]]]},
"G52": {"type": "Matrix2x2", "payoffs": [[[0,76],[74,87]],[[14,20],[51,0]]]},
"G53": {"type": "Matrix2x2", "payoffs": [[[11,15],[36,0]],[[67,90],[0,69]]]},
"G54": {"type": "Matrix2x2", "payoffs": [[[87,25],[84,13]],[[0,15],[13,0]]]},
"G55": {"type": "Matrix2x2", "payoffs": [[[45,75],[0,36]],[[2,5],[32,0]]]},
"G56": {"type": "Matrix2x2", "payoffs": [[[66,3],[0,55]],[[75,66],[51,0]]]},
"G57": {"type": "Matrix2x2", "payoffs": [[[49,30],[31,0]],[[78,48],[0,26]]]},
"G58": {"type": "Matrix2x2", "payoffs": [[[4,0],[9,2]],[[13,35],[0,24]]]},
"G59": {"type": "Matrix2x2", "payoffs": [[[6,53],[22,63]],[[17,0],[0,59]]]},
"G60": {"type": "Matrix2x2", "payoffs": [[[11,7],[3,0]],[[4,2],[0,3]]]},
"G61": {"type": "Matrix2x2", "payoffs": [[[88,0],[53,16]],[[98,21],[0,17]]]},
"G62": {"type": "Matrix2x2", "payoffs": [[[83,34],[0,5]],[[8,28],[68,0]]]},
"G63": {"type": "Matrix2x2", "payoffs": [[[0,3],[11,10]],[[12,13],[8,0]]]},
"G64": {"type": "Matrix2x2", "payoffs": [[[0,49],[43,71]],[[5,18],[9,0]]]},
"G65": {"type": "Matrix2x2", "payoffs": [[[0,37],[31,0]],[[52,28],[88,81]]]},
"G66": {"type": "Matrix2x2", "payoffs": [[[34,7],[0,0]],[[42,11],[38,9]]]},
"G67": {"type": "Matrix2x2", "payoffs": [[[0,0],[22,3]],[[62,8],[44,7]]]},
"G68": {"type": "Matrix2x2", "payoffs": [[[13,0],[51,13]],[[0,6],[19,10]]]},
"G69": {"type": "Matrix2x2", "payoffs": [[[15,19],[16,32]],[[6,0],[0,10]]]},
"G70": {"type": "Matrix2x2", "payoffs": [[[25,92],[2,0]],[[0,24],[6,7]]]},
"G71": {"type": "Matrix2x2", "payoffs": [[[8,69],[0,25]],[[5,0],[9,74]]]},
"G72": {"type": "Matrix2x2", "payoffs": [[[95,77],[66,57]],[[10,67],[0,0]]]},
"G73": {"type": "Matrix2x2", "payoffs": [[[22,63],[92,80]],[[67,46],[0,0]]]},
"G74": {"type": "Matrix2x2", "payoffs": [[[0,2],[13,0]],[[26,44],[12,40]]]},
"G75": {"type": "Matrix2x2", "payoffs": [[[100,33],[0,12]],[[63,0],[19,27]]]},
"G76": {"type": "Matrix2x2", "payoffs": [[[37,52],[74,54]],[[0,0],[13,30]]]},
"G77": {"type": "Matrix2x2", "payoffs": [[[65,0],[30,21]],[[96,78],[0,28]]]},
"G78": {"type": "Matrix2x2", "payoffs": [[[64,91],[0,21]],[[59,0],[67,93]]]},
"G79": {"type": "Matrix2x2", "payoffs": [[[0,9],[46,0]],[[25,37],[61,63]]]},
"G80": {"type": "Matrix2x2", "payoffs": [[[2,0],[34,91]],[[33,11],[0,19]]]},
"G81": {"type": "Matrix2x2", "payoffs": [[[0,8],[1,19]],[[11,0],[15,56]]]},
"G82": {"type": "Matrix2x2", "payoffs": [[[34,31],[92,50]],[[48,0],[0,15]]]},
"G83": {"type": "Matrix2x2", "payoffs": [[[86,61],[26,25]],[[72,0],[0,58]]]},
"G84": {"type": "Matrix2x2", "payoffs": [[[0,5],[30,12]],[[28,0],[8,11]]]},
"G85": {"type": "Matrix2x2", "payoffs": [[[0,6],[8,3]],[[43,0],[52,10]]]},
"G86": {"type": "Matrix2x2", "payoffs": [[[35,93],[0,18]],[[13,0],[6,81]]]},
"G87": {"type": "Matrix2x2", "payoffs": [[[64,26],[0,0]],[[67,43],[36,4]]]},
"G88": {"type": "Matrix2x2", "payoffs": [[[2,36],[4,13]],[[0,0],[8,49]]]},
"G89": {"type": "Matrix2x2", "payoffs": [[[0,65],[1,20]],[[21,0],[35,85]]]},
"G90": {"type": "Matrix2x2", "payoffs": [[[47,24],[95,74]],[[0,0],[82,55]]]},
"G91": {"type": "Matrix2x2", "payoffs": [[[38,38],[0,27]],[[30,33],[7,0]]]},
"G92": {"type": "Matrix2x2", "payoffs": [[[4,0],[6,31]],[[5,16],[0,15]]]},
"G93": {"type": "Matrix2x2", "payoffs": [[[2,9],[0,6]],[[1,0],[3,10]]]},
"G94": {"type": "Matrix2x2", "payoffs": [[[15,12],[0,0]],[[24,30],[1,13]]]},
"G95": {"type": "Matrix2x2", "payoffs": [[[90,38],[14,6]],[[36,23],[0,0]]]},
"G96": {"type": "Matrix2x2", "payoffs": [[[0,0],[34,22]],[[16,1],[2,19]]]},
"G97": {"type": "Matrix2x2", "payoffs": [[[0,0],[46,52]],[[35,25],[19,9]]]},
"G98": {"type": "Matrix2x2", "payoffs": [[[26,0],[98,33]],[[0,24],[55,22]]]},
"G99": {"type": "Matrix2x2", "payoffs": [[[88,24],[0,18]],[[63,9],[13,0]]]},
"G100": {"type": "Matrix2x2", "payoffs": [[[21,18],[10,20]],[[93,62],[0,0]]]},
"G101": {"type": "Matrix2x2", "payoffs": [[[58,10],[0,0]],[[41,4],[57,6]]]},
"G102": {"type": "Matrix2x2", "payoffs": [[[55,21],[41,6]],[[35,0],[0,4]]]},
"G103": {"type": "Matrix2x2", "payoffs": [[[3,11],[4,28]],[[13,73],[0,0]]]},
"G104": {"type": "Matrix2x2", "payoffs": [[[35,2],[52,17]],[[65,22],[0,0]]]},
"G105": {"type": "Matrix2x2", "payoffs": [[[24,0],[49,16]],[[0,34],[52,54]]]},
"G106": {"type": "Matrix2x2", "payoffs": [[[76,12],[96,98]],[[91,36],[0,0]]]},
"G107": {"type": "Matrix2x2", "payoffs": [[[87,2],[35,0]],[[0,1],[88,3]]]},
"G108": {"type": "Matrix2x2", "payoffs": [[[0,10],[19,15]],[[48,66],[12,0]]]},
"G109": {"type": "Matrix2x2", "payoffs": [[[0,15],[23,1]],[[3,0],[27,24]]]},
"G110": {"type": "Matrix2x2", "payoffs": [[[0,71],[34,0]],[[30,53],[71,77]]]},
"G111": {"type": "Matrix2x2", "payoffs": [[[41,49],[0,9]],[[42,90],[26,0]]]},
"G112": {"type": "Matrix2x2", "payoffs": [[[30,37],[19,27]],[[55,39],[0,0]]]},
"G113": {"type": "Matrix2x2", "payoffs": [[[51,47],[0,17]],[[13,41],[33,0]]]},
"G114": {"type": "Matrix2x2", "payoffs": [[[86,44],[47,32]],[[0,0],[23,20]]]},
"G115": {"type": "Matrix2x2", "payoffs": [[[73,79],[64,0]],[[63,65],[0,40]]]},
"G116": {"type": "Matrix2x2", "payoffs": [[[45,88],[0,70]],[[20,35],[2,0]]]},
"G117": {"type": "Matrix2x2", "payoffs": [[[6,85],[0,8]],[[4,45],[2,0]]]},
"G118": {"type": "Matrix2x2", "payoffs": [[[24,54],[7,48]],[[0,0],[15,34]]]},
"G119": {"type": "Matrix2x2", "payoffs": [[[5,5],[49,6]],[[0,0],[52,9]]]},
"G120": {"type": "Matrix2x2", "payoffs": [[[0,2],[8,76]],[[28,78],[26,0]]]},
"G121": {"type": "Matrix2x2", "payoffs": [[[47,8],[0,1]],[[64,19],[29,0]]]},
"G122": {"type": "Matrix2x2", "payoffs": [[[4,0],[10,34]],[[0,17],[7,21]]]},
"G123": {"type": "Matrix2x2", "payoffs": [[[0,0],[14,27]],[[27,29],[36,43]]]},
"G124": {"type": "Matrix2x2", "payoffs": [[[36,27],[0,0]],[[29,4],[3,13]]]},
"G125": {"type": "Matrix2x2", "payoffs": [[[94,66],[0,0]],[[18,6],[87,55]]]},
"G126": {"type": "Matrix2x2", "payoffs": [[[18,45],[33,49]],[[23,20],[0,0]]]},
"G127": {"type": "Matrix2x2", "payoffs": [[[0,0],[47,8]],[[83,13],[75,2]]]},
"G128": {"type": "Matrix2x2", "payoffs": [[[51,56],[2,15]],[[23,38],[0,0]]]},
"G129": {"type": "Matrix2x2", "payoffs": [[[0,0],[1,62]],[[5,44],[7,95]]]},
"G130": {"type": "Matrix2x2", "payoffs": [[[1,0],[67,45]],[[0,30],[89,96]]]},
"G131": {"type": "Matrix2x2", "payoffs": [[[38,45],[0,0]],[[24,39],[27,10]]]},
"G132": {"type": "Matrix2x2", "payoffs": [[[68,45],[20,23]],[[40,38],[0,0]]]},
"G133": {"type": "Matrix2x2", "payoffs": [[[46,70],[43,29]],[[0,0],[26,69]]]},
"G134": {"type": "Matrix2x2", "payoffs": [[[15,0],[19,55]],[[28,99],[0,3]]]},
"G135": {"type": "Matrix2x2", "payoffs": [[[3,1],[77,44]],[[2,31],[0,0]]]},
"G136": {"type": "Matrix2x2", "payoffs": [[[42,68],[72,77]],[[0,0],[29,50]]]},
"G137": {"type": "Matrix2x2", "payoffs": [[[0,0],[34,41]],[[36,47],[7,43]]]},
"G138": {"type": "Matrix2x2", "payoffs": [[[0,93],[22,0]],[[40,28],[49,97]]]},
"G139": {"type": "Matrix2x2", "payoffs": [[[58,40],[0,0]],[[47,6],[73,50]]]},
"G140": {"type": "Matrix2x2", "payoffs": [[[0,5],[62,0]],[[52,81],[64,82]]]},
"G141": {"type": "Matrix2x2", "payoffs": [[[83,46],[0,20]],[[12,0],[65,35]]]},
"G142": {"type": "Matrix2x2", "payoffs": [[[7,39],[0,0]],[[1,21],[3,23]]]},
"G143": {"type": "Matrix2x2", "payoffs": [[[0,58],[14,57]],[[9,0],[29,80]]]},
"G144": {"type": "Matrix2x2", "payoffs": [[[10,28],[0,0]],[[6,3],[1,24]]]},
"G145": {"type": "Matrix2x2", "payoffs": [[[2,27],[7,0]],[[17,42],[0,11]]]},
"G146": {"type": "Matrix2x2", "payoffs": [[[49,50],[0,0]],[[67,51],[88,61]]]},
"G147": {"type": "Matrix2x2", "payoffs": [[[2,40],[0,21]],[[4,65],[3,0]]]},
"G148": {"type": "Matrix2x2", "payoffs": [[[3,0],[12,38]],[[0,30],[10,24]]]},
"G149": {"type": "Matrix2x2", "payoffs": [[[0,34],[81,36]],[[46,0],[29,9]]]},
"G150": {"type": "Matrix2x2", "payoffs": [[[39,34],[5,0]],[[64,59],[0,57]]]},
"G151": {"type": "Matrix2x2", "payoffs": [[[10,87],[0,13]],[[2,0],[8,40]]]},
"G152": {"type": "Matrix2x2", "payoffs": [[[12,2],[0,12]],[[41,32],[36,0]]]},
"G153": {"type": "Matrix2x2", "payoffs": [[[75,3],[21,0]],[[41,1],[0,2]]]},
"G154": {"type": "Matrix2x2", "payoffs": [[[33,9],[72,40]],[[0,21],[45,0]]]},
"G155": {"type": "Matrix2x2", "payoffs": [[[2,0],[21,22]],[[0,2],[10,15]]]},
"G156": {"type": "Matrix2x2", "payoffs": [[[61,51],[27,0]],[[0,15],[59,2]]]},
"G157": {"type": "Matrix2x2", "payoffs": [[[29,30],[30,4]],[[79,46],[0,0]]]},
"G158": {"type": "Matrix2x2", "payoffs": [[[0,39],[81,58]],[[28,0],[77,16]]]},
"G159": {"type": "Matrix2x2", "payoffs": [[[98,36],[46,34]],[[0,0],[84,30]]]},
"G160": {"type": "Matrix2x2", "payoffs": [[[0,0],[38,100]],[[7,15],[32,78]]]},
"G161": {"type": "Matrix2x2", "payoffs": [[[0,19],[32,0]],[[12,22],[49,27]]]},
"G162": {"type": "Matrix2x2", "payoffs": [[[15,0],[0,69]],[[34,92],[53,98]]]},
"G163": {"type": "Matrix2x2", "payoffs": [[[0,14],[42,46]],[[25,0],[9,1]]]},
"G164": {"type": "Matrix2x2", "payoffs": [[[72,40],[65,19]],[[42,0],[0,31]]]},
"G165": {"type": "Matrix2x2", "payoffs": [[[31,4],[79,5]],[[12,3],[0,0]]]},
"G166": {"type": "Matrix2x2", "payoffs": [[[29,0],[0,11]],[[2,7],[46,19]]]},
"G167": {"type": "Matrix2x2", "payoffs": [[[13,40],[39,0]],[[42,71],[0,7]]]},
"G168": {"type": "Matrix2x2", "payoffs": [[[99,86],[0,32]],[[47,0],[56,38]]]},
"G169": {"type": "Matrix2x2", "payoffs": [[[6,0],[56,56]],[[0,9],[19,47]]]},
"G170": {"type": "Matrix2x2", "payoffs": [[[74,69],[0,52]],[[22,0],[43,13]]]},
"G171": {"type": "Matrix2x2", "payoffs": [[[17,67],[4,3]],[[6,29],[0,0]]]},
"G172": {"type": "Matrix2x2", "payoffs": [[[16,65],[0,0]],[[4,43],[7,18]]]},
"G173": {"type": "Matrix2x2", "payoffs": [[[98,56],[61,0]],[[0,12],[36,32]]]},
"G174": {"type": "Matrix2x2", "payoffs": [[[62,95],[15,62]],[[4,0],[0,48]]]},
"G175": {"type": "Matrix2x2", "payoffs": [[[8,53],[0,69]],[[49,82],[32,0]]]},
"G176": {"type": "Matrix2x2", "payoffs": [[[0,0],[18,19]],[[83,36],[73,32]]]},
"G177": {"type": "Matrix2x2", "payoffs": [[[24,18],[7,0]],[[28,34],[0,21]]]},
"G178": {"type": "Matrix2x2", "payoffs": [[[19,2],[8,10]],[[0,0],[27,12]]]},
"G179": {"type": "Matrix2x2", "payoffs": [[[0,19],[8,4]],[[10,26],[4,0]]]},
"G180": {"type": "Matrix2x2", "payoffs": [[[0,4],[3,35]],[[2,10],[1,0]]]},
"G181": {"type": "Matrix2x2", "payoffs": [[[65,51],[0,25]],[[9,0],[19,46]]]},
"G182": {"type": "Matrix2x2", "payoffs": [[[8,73],[5,28]],[[0,0],[7,59]]]},
"G183": {"type": "Matrix2x2", "payoffs": [[[0,36],[15,23]],[[1,0],[24,50]]]},
"G184": {"type": "Matrix2x2", "payoffs": [[[43,19],[62,45]],[[45,0],[0,28]]]},
"G185": {"type": "Matrix2x2", "payoffs": [[[64,18],[0,0]],[[100,23],[97,15]]]},
"G186": {"type": "Matrix2x2", "payoffs": [[[65,75],[0,0]],[[11,51],[72,98]]]},
"G187": {"type": "Matrix2x2", "payoffs": [[[0,31],[37,72]],[[51,84],[10,0]]]},
"G188": {"type": "Matrix2x2", "payoffs": [[[0,14],[55,53]],[[94,69],[5,0]]]},
"G189": {"type": "Matrix2x2", "payoffs": [[[41,29],[59,0]],[[0,13],[96,43]]]},
"G190": {"type": "Matrix2x2", "payoffs": [[[12,0],[0,76]],[[18,58],[86,81]]]},
"G191": {"type": "Matrix2x2", "payoffs": [[[34,76],[25,2]],[[0,63],[30,0]]]},
"G192": {"type": "Matrix2x2", "payoffs": [[[65,80],[43,0]],[[14,74],[0,37]]]},
"G193": {"type": "Matrix2x2", "payoffs": [[[0,0],[95,79]],[[76,30],[12,73]]]},
"G194": {"type": "Matrix2x2", "payoffs": [[[39,0],[41,21]],[[23,1],[0,17]]]},
"G195": {"type": "Matrix2x2", "payoffs": [[[23,34],[56,67]],[[0,23],[45,0]]]},
"G196": {"type": "Matrix2x2", "payoffs": [[[0,26],[88,31]],[[85,0],[8,30]]]},
"G197": {"type": "Matrix2x2", "payoffs": [[[12,44],[6,7]],[[1,0],[0,24]]]},
"G198": {"type": "Matrix2x2", "payoffs": [[[20,0],[27,93]],[[14,33],[0,12]]]},
"G199": {"type": "Matrix2x2", "payoffs": [[[3,0],[6,58]],[[7,89],[0,81]]]},
"G200": {"type": "Matrix2x2", "payoffs": [[[0,10],[1,0]],[[96,17],[89,3]]]},
"G201": {"type": "Matrix2x2", "payoffs": [[[15,26],[0,0]],[[89,57],[13,42]]]},
"G202": {"type": "Matrix2x2", "payoffs": [[[45,0],[99,9]],[[0,7],[74,1]]]},
"G203": {"type": "Matrix2x2", "payoffs": [[[0,0],[46,97]],[[38,23],[29,70]]]},
"G204": {"type": "Matrix2x2", "payoffs": [[[28,0],[0,21]],[[66,36],[10,25]]]},
"G205": {"type": "Matrix2x2", "payoffs": [[[10,57],[71,68]],[[9,44],[0,0]]]},
"G206": {"type": "Matrix2x2", "payoffs": [[[0,7],[40,12]],[[35,4],[10,0]]]},
"G207": {"type": "Matrix2x2", "payoffs": [[[15,28],[0,0]],[[12,20],[14,15]]]},
"G208": {"type": "Matrix2x2", "payoffs": [[[4,39],[0,25]],[[9,0],[13,78]]]},
"G209": {"type": "Matrix2x2", "payoffs": [[[14,6],[66,96]],[[26,0],[0,13]]]},
"G210": {"type": "Matrix2x2", "payoffs": [[[0,4],[63,0]],[[56,13],[69,59]]]},
"G211": {"type": "Matrix2x2", "payoffs": [[[53,0],[19,26]],[[60,34],[0,16]]]},
"G212": {"type": "Matrix2x2", "payoffs": [[[12,0],[24,16]],[[43,71],[0,3]]]},
"G213": {"type": "Matrix2x2", "payoffs": [[[61,7],[54,2]],[[100,17],[0,0]]]},
"G214": {"type": "Matrix2x2", "payoffs": [[[17,43],[0,21]],[[15,0],[14,13]]]},
"G215": {"type": "Matrix2x2", "payoffs": [[[6,37],[0,0]],[[5,15],[2,29]]]},
"G216": {"type": "Matrix2x2", "payoffs": [[[3,44],[0,0]],[[1,2],[2,39]]]},
"G217": {"type": "Matrix2x2", "payoffs": [[[14,30],[48,46]],[[0,0],[72,66]]]},
"G218": {"type": "Matrix2x2", "payoffs": [[[79,1],[27,0]],[[0,26],[86,55]]]},
"G219": {"type": "Matrix2x2", "payoffs": [[[0,20],[28,0]],[[21,33],[49,76]]]},
"G220": {"type": "Matrix2x2", "payoffs": [[[5,0],[11,37]],[[12,96],[0,8]]]},
"G221": {"type": "Matrix2x2", "payoffs": [[[0,13],[13,36]],[[1,35],[11,0]]]},
"G222": {"type": "Matrix2x2", "payoffs": [[[60,71],[24,54]],[[0,40],[18,0]]]},
"G223": {"type": "Matrix2x2", "payoffs": [[[9,0],[52,42]],[[67,69],[0,13]]]},
"G224": {"type": "Matrix2x2", "payoffs": [[[0,19],[32,0]],[[85,90],[57,28]]]},
"G225": {"type": "Matrix2x2", "payoffs": [[[0,65],[5,0]],[[1,39],[95,69]]]},
"G226": {"type": "Matrix2x2", "payoffs": [[[7,15],[9,24]],[[1,18],[0,0]]]},
"G227": {"type": "Matrix2x2", "payoffs": [[[57,8],[77,17]],[[0,9],[52,0]]]},
"G228": {"type": "Matrix2x2", "payoffs": [[[0,1],[66,79]],[[15,14],[61,0]]]},
"G229": {"type": "Matrix2x2", "payoffs": [[[53,35],[27,22]],[[0,16],[26,0]]]},
"G230": {"type": "Matrix2x2", "payoffs": [[[0,0],[79,42]],[[29,25],[19,39]]]},
"G231": {"type": "Matrix2x2", "payoffs": [[[97,96],[3,73]],[[0,0],[5,72]]]},
"G232": {"type": "Matrix2x2", "payoffs": [[[32,1],[87,60]],[[16,0],[0,10]]]},
"G233": {"type": "Matrix2x2", "payoffs": [[[59,74],[22,0]],[[40,19],[0,65]]]},
"G234": {"type": "Matrix2x2", "payoffs": [[[19,0],[0,2]],[[27,11],[1,10]]]},
"G235": {"type": "Matrix2x2", "payoffs": [[[19,0],[58,69]],[[12,38],[0,27]]]},
"G236": {"type": "Matrix2x2", "payoffs": [[[34,21],[63,69]],[[20,0],[0,7]]]},
"G237": {"type": "Matrix2x2", "payoffs": [[[33,87],[34,98]],[[31,45],[0,0]]]},
"G238": {"type": "Matrix2x2", "payoffs": [[[0,2],[22,0]],[[2,8],[52,9]]]},
"G239": {"type": "Matrix2x2", "payoffs": [[[17,0],[5,15]],[[19,48],[0,47]]]},
"G240": {"type": "Matrix2x2", "payoffs": [[[0,19],[39,0]],[[32,8],[59,31]]]},
"G241": {"type": "Matrix2x2", "payoffs": [[[28,42],[3,0]],[[0,14],[69,50]]]},
"G242": {"type": "Matrix2x2", "payoffs": [[[0,0],[8,41]],[[7,16],[15,42]]]},
"G243": {"type": "Matrix2x2", "payoffs": [[[21,11],[0,0]],[[19,9],[2,7]]]},
"G244": {"type": "Matrix2x2", "payoffs": [[[0,0],[34,8]],[[23,6],[10,4]]]},
"G245": {"type": "Matrix2x2", "payoffs": [[[6,0],[0,18]],[[9,22],[2,8]]]},
"G246": {"type": "Matrix2x2", "payoffs": [[[0,0],[7,24]],[[19,56],[28,92]]]},
"G247": {"type": "Matrix2x2", "payoffs": [[[2,3],[3,20]],[[4,62],[0,0]]]},
"G248": {"type": "Matrix2x2", "payoffs": [[[2,0],[7,94]],[[5,80],[0,5]]]},
"G249": {"type": "Matrix2x2", "payoffs": [[[64,0],[86,42]],[[0,59],[95,68]]]},
"G250": {"type": "Matrix2x2", "payoffs": [[[0,56],[11,61]],[[10,16],[5,0]]]},
"G251": {"type": "Matrix2x2", "payoffs": [[[27,0],[53,12]],[[58,14],[0,4]]]},
"G252": {"type": "Matrix2x2", "payoffs": [[[13,30],[0,0]],[[45,40],[18,20]]]},
"G253": {"type": "Matrix2x2", "payoffs": [[[0,1],[87,32]],[[13,0],[42,21]]]},
"G254": {"type": "Matrix2x2", "payoffs": [[[8,53],[16,56]],[[0,2],[12,0]]]},
"G255": {"type": "Matrix2x2", "payoffs": [[[16,32],[10,1]],[[0,0],[19,37]]]},
"G256": {"type": "Matrix2x2", "payoffs": [[[0,19],[9,0]],[[100,27],[93,6]]]},
"G257": {"type": "Matrix2x2", "payoffs": [[[0,0],[24,94]],[[15,22],[9,13]]]},
"G258": {"type": "Matrix2x2", "payoffs": [[[0,0],[40,95]],[[10,67],[32,72]]]},
"G259": {"type": "Matrix2x2", "payoffs": [[[61,0],[0,62]],[[72,78],[14,76]]]},
"G260": {"type": "Matrix2x2", "payoffs": [[[29,8],[20,0]],[[11,5],[0,1]]]},
"G261": {"type": "Matrix2x2", "payoffs": [[[36,58],[16,0]],[[0,15],[67,74]]]},
"G262": {"type": "Matrix2x2", "payoffs": [[[32,7],[20,0]],[[0,26],[40,29]]]},
"G263": {"type": "Matrix2x2", "payoffs": [[[30,0],[0,21]],[[45,30],[18,24]]]},
"G264": {"type": "Matrix2x2", "payoffs": [[[0,37],[19,0]],[[18,42],[27,47]]]},
"G265": {"type": "Matrix2x2", "payoffs": [[[0,0],[14,15]],[[8,3],[9,8]]]},
"G266": {"type": "Matrix2x2", "payoffs": [[[2,49],[5,60]],[[1,34],[0,0]]]},
"G267": {"type": "Matrix2x2", "payoffs": [[[8,0],[0,49]],[[1,15],[9,77]]]},
"G268": {"type": "Matrix2x2", "payoffs": [[[11,1],[17,40]],[[0,17],[1,0]]]},
"G269": {"type": "Matrix2x2", "payoffs": [[[80,35],[34,12]],[[0,0],[46,8]]]},
"G270": {"type": "Matrix2x2", "payoffs": [[[17,55],[2,40]],[[7,7],[0,0]]]},
"G271": {"type": "Matrix2x2", "payoffs": [[[19,0],[6,63]],[[32,96],[0,38]]]},
"G272": {"type": "Matrix2x2", "payoffs": [[[0,21],[16,0]],[[44,22],[4,2]]]},
"G273": {"type": "Matrix2x2", "payoffs": [[[11,0],[15,93]],[[0,7],[8,41]]]},
"G274": {"type": "Matrix2x2", "payoffs": [[[0,0],[79,53]],[[89,96],[35,42]]]},
"G275": {"type": "Matrix2x2", "payoffs": [[[18,0],[30,17]],[[0,6],[57,26]]]},
"G276": {"type": "Matrix2x2", "payoffs": [[[20,0],[0,48]],[[7,8],[78,89]]]},
"G277": {"type": "Matrix2x2", "payoffs": [[[4,6],[67,8]],[[0,0],[92,10]]]},
"G278": {"type": "Matrix2x2", "payoffs": [[[25,0],[38,52]],[[0,27],[24,26]]]},
"G279": {"type": "Matrix2x2", "payoffs": [[[85,45],[68,0]],[[15,25],[0,16]]]},
"G280": {"type": "Matrix2x2", "payoffs": [[[7,2],[0,0]],[[63,5],[23,1]]]},
"G281": {"type": "Matrix2x2", "payoffs": [[[80,7],[18,3]],[[0,0],[35,2]]]},
"G282": {"type": "Matrix2x2", "payoffs": [[[0,0],[56,6]],[[65,7],[2,2]]]},
"G283": {"type": "Matrix2x2", "payoffs": [[[2,60],[34,75]],[[0,0],[15,71]]]},
"G284": {"type": "Matrix2x2", "payoffs": [[[2,26],[6,10]],[[8,46],[0,0]]]},
"G285": {"type": "Matrix2x2", "payoffs": [[[16,0],[5,12]],[[67,75],[0,1]]]},
"G286": {"type": "Matrix2x2", "payoffs": [[[0,11],[10,0]],[[3,21],[11,29]]]},
"G287": {"type": "Matrix2x2", "payoffs": [[[33,24],[0,20]],[[6,19],[31,0]]]},
"G288": {"type": "Matrix2x2", "payoffs": [[[9,7],[29,10]],[[0,1],[11,0]]]},
"G289": {"type": "Matrix2x2", "payoffs": [[[40,0],[73,7]],[[97,17],[0,3]]]},
"G290": {"type": "Matrix2x2", "payoffs": [[[0,33],[64,67]],[[55,50],[35,0]]]},
"G291": {"type": "Matrix2x2", "payoffs": [[[0,9],[76,15]],[[48,0],[36,1]]]},
"G292": {"type": "Matrix2x2", "payoffs": [[[44,66],[45,17]],[[53,75],[0,0]]]},
"G293": {"type": "Matrix2x2", "payoffs": [[[75,27],[90,66]],[[46,0],[0,51]]]},
"G294": {"type": "Matrix2x2", "payoffs": [[[49,27],[33,0]],[[0,10],[9,6]]]},
"G295": {"type": "Matrix2x2", "payoffs": [[[6,37],[14,0]],[[0,24],[95,40]]]},
"G296": {"type": "Matrix2x2", "payoffs": [[[0,3],[71,18]],[[53,0],[58,17]]]},
"G297": {"type": "Matrix2x2", "payoffs": [[[14,3],[0,0]],[[43,1],[51,26]]]},
"G298": {"type": "Matrix2x2", "payoffs": [[[8,12],[0,14]],[[4,0],[12,17]]]},
"G299": {"type": "Matrix2x2", "payoffs": [[[7,1],[69,55]],[[38,31],[0,0]]]},
"G300": {"type": "Matrix2x2", "payoffs": [[[0,0],[33,86]],[[20,77],[15,35]]]},
"G301": {"type": "Matrix2x2", "payoffs": [[[1,7],[0,48]],[[2,0],[15,54]]]},
"G302": {"type": "Matrix2x2", "payoffs": [[[60,94],[0,6]],[[10,56],[14,0]]]},
"G303": {"type": "Matrix2x2", "payoffs": [[[7,12],[4,7]],[[0,0],[17,14]]]},
"G304": {"type": "Matrix2x2", "payoffs": [[[17,7],[3,4]],[[0,0],[18,12]]]},
"G305": {"type": "Matrix2x2", "payoffs": [[[8,8],[0,37]],[[70,0],[92,45]]]},
"G306": {"type": "Matrix2x2", "payoffs": [[[21,42],[27,0]],[[30,75],[0,50]]]},
"G307": {"type": "Matrix2x2", "payoffs": [[[0,0],[9,15]],[[73,53],[7,12]]]},
"G308": {"type": "Matrix2x2", "payoffs": [[[1,34],[2,13]],[[0,0],[4,35]]]},
"G309": {"type": "Matrix2x2", "payoffs": [[[30,76],[29,66]],[[10,3],[0,0]]]},
"G310": {"type": "Matrix2x2", "payoffs": [[[26,34],[21,2]],[[0,14],[24,0]]]},
"G311": {"type": "Matrix2x2", "payoffs": [[[35,50],[0,53]],[[63,0],[83,94]]]},
"G312": {"type": "Matrix2x2", "payoffs": [[[0,48],[48,64]],[[21,0],[16,36]]]},
"G313": {"type": "Matrix2x2", "payoffs": [[[0,29],[11,0]],[[36,48],[19,46]]]},
"G314": {"type": "Matrix2x2", "payoffs": [[[6,0],[16,56]],[[5,50],[0,34]]]},
"G315": {"type": "Matrix2x2", "payoffs": [[[91,60],[51,53]],[[23,0],[0,22]]]},
"G316": {"type": "Matrix2x2", "payoffs": [[[53,0],[56,33]],[[38,16],[0,15]]]},
"G317": {"type": "Matrix2x2", "payoffs": [[[56,57],[53,0]],[[4,13],[0,17]]]},
"G318": {"type": "Matrix2x2", "payoffs": [[[27,0],[10,5]],[[0,7],[81,19]]]},
"G319": {"type": "Matrix2x2", "payoffs": [[[95,67],[47,0]],[[0,49],[68,20]]]},
"G320": {"type": "Matrix2x2", "payoffs": [[[85,0],[80,48]],[[0,41],[96,65]]]},
"G321": {"type": "Matrix2x2", "payoffs": [[[63,31],[0,0]],[[68,62],[5,23]]]},
"G322": {"type": "Matrix2x2", "payoffs": [[[90,30],[86,0]],[[0,45],[94,88]]]},
"G323": {"type": "Matrix2x2", "payoffs": [[[29,29],[25,23]],[[19,0],[0,24]]]},
"G324": {"type": "Matrix2x2", "payoffs": [[[61,63],[50,18]],[[45,21],[0,0]]]},
"G325": {"type": "Matrix2x2", "payoffs": [[[9,0],[97,11]],[[0,7],[99,16]]]},
"G326": {"type": "Matrix2x2", "payoffs": [[[11,86],[0,0]],[[9,43],[23,96]]]},
"G327": {"type": "Matrix2x2", "payoffs": [[[0,0],[10,4]],[[3,41],[14,50]]]},
"G328": {"type": "Matrix2x2", "payoffs": [[[49,66],[44,0]],[[14,20],[0,7]]]},
"G329": {"type": "Matrix2x2", "payoffs": [[[51,14],[53,52]],[[0,22],[12,0]]]},
"G330": {"type": "Matrix2x2", "payoffs": [[[5,0],[2,8]],[[6,15],[0,4]]]},
"G331": {"type": "Matrix2x2", "payoffs": [[[97,82],[0,76]],[[80,39],[6,0]]]},
"G332": {"type": "Matrix2x2", "payoffs": [[[0,0],[14,16]],[[94,40],[90,29]]]},
"G333": {"type": "Matrix2x2", "payoffs": [[[55,31],[3,19]],[[38,0],[0,3]]]},
"G334": {"type": "Matrix2x2", "payoffs": [[[9,12],[2,0]],[[13,67],[0,36]]]},
"G335": {"type": "Matrix2x2", "payoffs": [[[0,25],[52,28]],[[85,32],[57,0]]]},
"G336": {"type": "Matrix2x2", "payoffs": [[[0,13],[49,83]],[[100,84],[78,0]]]},
"G337": {"type": "Matrix2x2", "payoffs": [[[16,21],[55,48]],[[0,0],[59,70]]]},
"G338": {"type": "Matrix2x2", "payoffs": [[[0,0],[22,14]],[[41,28],[15,13]]]},
"G339": {"type": "Matrix2x2", "payoffs": [[[11,46],[30,26]],[[0,0],[35,47]]]},
"G340": {"type": "Matrix2x2", "payoffs": [[[0,26],[1,0]],[[3,17],[6,80]]]},
"G341": {"type": "Matrix2x2", "payoffs": [[[42,37],[0,35]],[[44,64],[21,0]]]},
"G342": {"type": "Matrix2x2", "payoffs": [[[43,0],[0,36]],[[34,78],[47,82]]]},
"G343": {"type": "Matrix2x2", "payoffs": [[[0,0],[1,9]],[[30,13],[26,7]]]},
"G344": {"type": "Matrix2x2", "payoffs": [[[33,69],[0,30]],[[35,0],[46,84]]]},
"G345": {"type": "Matrix2x2", "payoffs": [[[0,0],[95,92]],[[69,2],[38,24]]]},
"G346": {"type": "Matrix2x2", "payoffs": [[[24,0],[0,9]],[[55,14],[32,4]]]},
"G347": {"type": "Matrix2x2", "payoffs": [[[98,40],[72,19]],[[27,0],[0,30]]]},
"G348": {"type": "Matrix2x2", "payoffs": [[[47,0],[57,91]],[[55,77],[0,20]]]},
"G349": {"type": "Matrix2x2", "payoffs": [[[35,71],[0,6]],[[21,0],[19,37]]]},
"G350": {"type": "Matrix2x2", "payoffs": [[[4,19],[90,22]],[[0,21],[66,0]]]},
"G351": {"type": "Matrix2x2", "payoffs": [[[5,84],[0,1]],[[2,58],[1,0]]]},
"G352": {"type": "Matrix2x2", "payoffs": [[[24,72],[22,0]],[[21,11],[0,56]]]},
"G353": {"type": "Matrix2x2", "payoffs": [[[6,5],[15,16]],[[0,0],[11,9]]]},
"G354": {"type": "Matrix2x2", "payoffs": [[[7,0],[22,28]],[[64,66],[0,30]]]},
"G355": {"type": "Matrix2x2", "payoffs": [[[43,0],[0,5]],[[80,32],[29,27]]]},
"G356": {"type": "Matrix2x2", "payoffs": [[[19,48],[33,79]],[[0,0],[8,42]]]},
"G357": {"type": "Matrix2x2", "payoffs": [[[67,15],[55,0]],[[0,2],[16,13]]]},
"G358": {"type": "Matrix2x2", "payoffs": [[[56,42],[20,39]],[[0,10],[28,0]]]},
"G359": {"type": "Matrix2x2", "payoffs": [[[0,0],[3,45]],[[20,80],[18,68]]]},
"G360": {"type": "Matrix2x2", "payoffs": [[[14,47],[24,0]],[[32,77],[0,29]]]},
"G361": {"type": "Matrix2x2", "payoffs": [[[8,0],[27,13]],[[0,7],[25,1]]]},
"G362": {"type": "Matrix2x2", "payoffs": [[[28,74],[0,1]],[[27,0],[16,7]]]},
"G363": {"type": "Matrix2x2", "payoffs": [[[3,1],[9,4]],[[34,8],[0,0]]]},
"G364": {"type": "Matrix2x2", "payoffs": [[[2,1],[5,0]],[[0,7],[6,82]]]},
"G365": {"type": "Matrix2x2", "payoffs": [[[48,21],[69,26]],[[12,0],[0,25]]]},
"G366": {"type": "Matrix2x2", "payoffs": [[[0,38],[43,58]],[[90,60],[69,0]]]},
"G367": {"type": "Matrix2x2", "payoffs": [[[23,3],[0,34]],[[44,0],[88,39]]]},
"G368": {"type": "Matrix2x2", "payoffs": [[[2,9],[78,75]],[[35,0],[0,45]]]},
"G369": {"type": "Matrix2x2", "payoffs": [[[0,0],[14,58]],[[12,51],[16,67]]]},
"G370": {"type": "Matrix2x2", "payoffs": [[[6,2],[0,0]],[[8,7],[10,13]]]},
"G371": {"type": "Matrix2x2", "payoffs": [[[1,14],[12,46]],[[16,56],[0,0]]]},
"G372": {"type": "Matrix2x2", "payoffs": [[[5,0],[61,65]],[[0,26],[40,10]]]},
"G373": {"type": "Matrix2x2", "payoffs": [[[1,16],[24,0]],[[0,10],[70,21]]]},
"G374": {"type": "Matrix2x2", "payoffs": [[[8,7],[0,85]],[[12,100],[3,0]]]},
"G375": {"type": "Matrix2x2", "payoffs": [[[15,11],[0,0]],[[1,7],[17,12]]]},
"G376": {"type": "Matrix2x2", "payoffs": [[[0,0],[74,9]],[[92,30],[83,20]]]},
"G377": {"type": "Matrix2x2", "payoffs": [[[24,77],[0,4]],[[5,33],[16,0]]]},
"G378": {"type": "Matrix2x2", "payoffs": [[[29,8],[34,15]],[[0,14],[20,0]]]},
"G379": {"type": "Matrix2x2", "payoffs": [[[48,0],[0,11]],[[72,12],[34,4]]]},
"G380": {"type": "Matrix2x2", "payoffs": [[[45,58],[33,0]],[[0,26],[5,41]]]},
"G381": {"type": "Matrix2x2", "payoffs": [[[74,80],[47,0]],[[32,41],[0,59]]]},
"G382": {"type": "Matrix2x2", "payoffs": [[[0,91],[76,96]],[[26,14],[65,0]]]},
"G383": {"type": "Matrix2x2", "payoffs": [[[2,0],[85,95]],[[0,10],[55,3]]]},
"G384": {"type": "Matrix2x2", "payoffs": [[[0,28],[27,0]],[[20,39],[68,60]]]},
"G385": {"type": "Matrix2x2", "payoffs": [[[0,7],[89,16]],[[27,0],[40,14]]]},
"G386": {"type": "Matrix2x2", "payoffs": [[[80,19],[0,1]],[[28,0],[16,8]]]},
"G387": {"type": "Matrix2x2", "payoffs": [[[25,45],[11,6]],[[18,36],[0,0]]]},
"G388": {"type": "Matrix2x2", "payoffs": [[[15,43],[0,14]],[[9,0],[20,47]]]},
"G389": {"type": "Matrix2x2", "payoffs": [[[0,59],[2,34]],[[1,0],[4,62]]]},
"G390": {"type": "Matrix2x2", "payoffs": [[[58,0],[84,11]],[[48,8],[0,10]]]},
"G391": {"type": "Matrix2x2", "payoffs": [[[85,20],[100,64]],[[0,0],[95,58]]]},
"G392": {"type": "Matrix2x2", "payoffs": [[[13,14],[75,0]],[[92,30],[0,2]]]},
"G393": {"type": "Matrix2x2", "payoffs": [[[19,10],[0,18]],[[48,38],[3,0]]]},
"G394": {"type": "Matrix2x2", "payoffs": [[[4,2],[11,4]],[[0,0],[14,8]]]},
"G395": {"type": "Matrix2x2", "payoffs": [[[7,20],[0,0]],[[22,88],[3,22]]]},
"G396": {"type": "Matrix2x2", "payoffs": [[[61,0],[76,41]],[[0,52],[98,85]]]},
"G397": {"type": "Matrix2x2", "payoffs": [[[73,95],[0,94]],[[30,81],[57,0]]]},
"G398": {"type": "Matrix2x2", "payoffs": [[[9,28],[16,34]],[[0,0],[5,12]]]},
"G399": {"type": "Matrix2x2", "payoffs": [[[12,30],[19,95]],[[0,88],[4,0]]]},
"G400": {"type": "Matrix2x2", "payoffs": [[[66,85],[47,0]],[[33,27],[0,45]]]},
"G401": {"type": "Matrix2x2", "payoffs": [[[1,27],[9,0]],[[0,24],[25,33]]]},
"G402": {"type": "Matrix2x2", "payoffs": [[[0,83],[4,9]],[[7,0],[10,91]]]},
"G403": {"type": "Matrix2x2", "payoffs": [[[0,24],[22,26]],[[12,0],[29,35]]]},
"G404": {"type": "Matrix2x2", "payoffs": [[[9,21],[15,49]],[[2,0],[0,39]]]},
"G405": {"type": "Matrix2x2", "payoffs": [[[66,84],[62,0]],[[71,90],[0,59]]]},
"G406": {"type": "Matrix2x2", "payoffs": [[[0,25],[74,45]],[[10,42],[3,0]]]},
"G407": {"type": "Matrix2x2", "payoffs": [[[0,35],[29,80]],[[19,0],[92,92]]]},
"G408": {"type": "Matrix2x2", "payoffs": [[[27,52],[70,64]],[[65,48],[0,0]]]},
"G409": {"type": "Matrix2x2", "payoffs": [[[35,24],[90,28]],[[0,0],[72,19]]]},
"G410": {"type": "Matrix2x2", "payoffs": [[[0,6],[74,0]],[[9,26],[98,37]]]},
"G411": {"type": "Matrix2x2", "payoffs": [[[0,15],[50,61]],[[6,14],[8,0]]]},
"G412": {"type": "Matrix2x2", "payoffs": [[[0,6],[64,0]],[[69,7],[70,27]]]},
"G413": {"type": "Matrix2x2", "payoffs": [[[2,5],[4,39]],[[3,0],[0,11]]]},
"G414": {"type": "Matrix2x2", "payoffs": [[[0,9],[2,0]],[[14,21],[12,3]]]},
"G415": {"type": "Matrix2x2", "payoffs": [[[11,8],[48,1]],[[53,57],[0,0]]]},
"G416": {"type": "Matrix2x2", "payoffs": [[[23,26],[31,33]],[[0,24],[6,0]]]},
"G417": {"type": "Matrix2x2", "payoffs": [[[13,15],[0,12]],[[3,2],[10,0]]]},
"G418": {"type": "Matrix2x2", "payoffs": [[[18,63],[13,0]],[[6,22],[0,46]]]},
"G419": {"type": "Matrix2x2", "payoffs": [[[42,43],[44,67]],[[15,0],[0,59]]]},
"G420": {"type": "Matrix2x2", "payoffs": [[[36,0],[0,6]],[[69,28],[21,14]]]},
"G421": {"type": "Matrix2x2", "payoffs": [[[47,5],[41,4]],[[44,0],[0,3]]]},
"G422": {"type": "Matrix2x2", "payoffs": [[[0,0],[7,35]],[[1,15],[9,37]]]},
"G423": {"type": "Matrix2x2", "payoffs": [[[0,3],[61,4]],[[80,5],[58,0]]]},
"G424": {"type": "Matrix2x2", "payoffs": [[[0,44],[2,88]],[[1,0],[4,95]]]},
"G425": {"type": "Matrix2x2", "payoffs": [[[94,29],[69,16]],[[0,23],[25,0]]]},
"G426": {"type": "Matrix2x2", "payoffs": [[[23,0],[0,6]],[[77,13],[40,9]]]},
"G427": {"type": "Matrix2x2", "payoffs": [[[77,21],[89,34]],[[0,9],[36,0]]]},
"G428": {"type": "Matrix2x2", "payoffs": [[[15,31],[38,48]],[[0,0],[3,46]]]},
"G429": {"type": "Matrix2x2", "payoffs": [[[0,70],[96,97]],[[18,22],[11,0]]]},
"G430": {"type": "Matrix2x2", "payoffs": [[[0,0],[97,19]],[[29,1],[45,17]]]},
"G431": {"type": "Matrix2x2", "payoffs": [[[70,0],[85,71]],[[54,7],[0,38]]]},
"G432": {"type": "Matrix2x2", "payoffs": [[[8,0],[48,32]],[[36,29],[0,13]]]},
"G433": {"type": "Matrix2x2", "payoffs": [[[31,41],[6,0]],[[28,29],[0,36]]]},
"G434": {"type": "Matrix2x2", "payoffs": [[[0,20],[73,47]],[[24,36],[44,0]]]},
"G435": {"type": "Matrix2x2", "payoffs": [[[15,64],[0,0]],[[14,32],[1,57]]]},
"G436": {"type": "Matrix2x2", "payoffs": [[[0,11],[33,12]],[[27,0],[60,92]]]},
"G437": {"type": "Matrix2x2", "payoffs": [[[0,0],[4,37]],[[20,44],[12,19]]]},
"G438": {"type": "Matrix2x2", "payoffs": [[[8,0],[98,78]],[[0,42],[33,11]]]},
"G439": {"type": "Matrix2x2", "payoffs": [[[0,33],[12,56]],[[4,0],[10,5]]]},
"G440": {"type": "Matrix2x2", "payoffs": [[[0,64],[71,79]],[[9,0],[12,54]]]},
"G441": {"type": "Matrix2x2", "payoffs": [[[1,13],[96,21]],[[0,0],[14,5]]]},
"G442": {"type": "Matrix2x2", "payoffs": [[[0,6],[66,60]],[[29,44],[51,0]]]},
"G443": {"type": "Matrix2x2", "payoffs": [[[59,24],[67,15]],[[0,0],[81,70]]]},
"G444": {"type": "Matrix2x2", "payoffs": [[[17,5],[30,12]],[[20,0],[0,11]]]},
"G445": {"type": "Matrix2x2", "payoffs": [[[94,16],[28,8]],[[87,10],[0,0]]]},
"G446": {"type": "Matrix2x2", "payoffs": [[[26,3],[40,4]],[[0,0],[83,5]]]},
"G447": {"type": "Matrix2x2", "payoffs": [[[64,98],[35,55]],[[0,81],[14,0]]]},
"G448": {"type": "Matrix2x2", "payoffs": [[[56,0],[0,14]],[[65,15],[78,24]]]},
"G449": {"type": "Matrix2x2", "payoffs": [[[10,66],[6,54]],[[7,62],[0,0]]]},
"G450": {"type": "Matrix2x2", "payoffs": [[[5,1],[46,0]],[[0,52],[66,53]]]},
"G451": {"type": "Matrix2x2", "payoffs": [[[44,14],[61,22]],[[4,0],[0,12]]]},
"G452": {"type": "Matrix2x2", "payoffs": [[[1,9],[12,15]],[[0,10],[10,0]]]},
"G453": {"type": "Matrix2x2", "payoffs": [[[1,20],[2,0]],[[4,32],[0,24]]]},
"G454": {"type": "Matrix2x2", "payoffs": [[[50,10],[0,2]],[[22,3],[16,0]]]},
"G455": {"type": "Matrix2x2", "payoffs": [[[55,2],[70,93]],[[56,67],[0,0]]]},
"G456": {"type": "Matrix2x2", "payoffs": [[[0,7],[22,6]],[[20,0],[32,8]]]},
"G457": {"type": "Matrix2x2", "payoffs": [[[43,77],[0,0]],[[16,19],[2,64]]]},
"G458": {"type": "Matrix2x2", "payoffs": [[[87,20],[0,76]],[[89,82],[76,0]]]},
"G459": {"type": "Matrix2x2", "payoffs": [[[16,10],[0,9]],[[52,0],[70,16]]]},
"G460": {"type": "Matrix2x2", "payoffs": [[[0,25],[7,55]],[[6,19],[4,0]]]},
"G461": {"type": "Matrix2x2", "payoffs": [[[47,13],[88,39]],[[0,11],[38,0]]]},
"G462": {"type": "Matrix2x2", "payoffs": [[[0,13],[3,23]],[[4,34],[2,0]]]},
"G463": {"type": "Matrix2x2", "payoffs": [[[0,0],[1,11]],[[3,24],[2,12]]]},
"G464": {"type": "Matrix2x2", "payoffs": [[[24,4],[38,6]],[[0,0],[23,2]]]},
"G465": {"type": "Matrix2x2", "payoffs": [[[56,17],[0,11]],[[2,10],[55,0]]]},
"G466": {"type": "Matrix2x2", "payoffs": [[[6,2],[5,4]],[[0,0],[16,5]]]},
"G467": {"type": "Matrix2x2", "payoffs": [[[0,58],[3,52]],[[11,0],[27,65]]]},
"G468": {"type": "Matrix2x2", "payoffs": [[[44,77],[6,27]],[[0,61],[24,0]]]},
"G469": {"type": "Matrix2x2", "payoffs": [[[16,28],[0,0]],[[43,56],[31,13]]]},
"G470": {"type": "Matrix2x2", "payoffs": [[[23,0],[0,15]],[[92,53],[89,12]]]},
"G471": {"type": "Matrix2x2", "payoffs": [[[36,47],[95,91]],[[0,66],[78,0]]]},
"G472": {"type": "Matrix2x2", "payoffs": [[[0,21],[33,12]],[[57,0],[88,76]]]},
"G473": {"type": "Matrix2x2", "payoffs": [[[48,70],[44,22]],[[2,18],[0,0]]]},
"G474": {"type": "Matrix2x2", "payoffs": [[[0,0],[28,24]],[[97,37],[93,23]]]},
"G475": {"type": "Matrix2x2", "payoffs": [[[58,8],[13,0]],[[0,4],[47,1]]]},
"G476": {"type": "Matrix2x2", "payoffs": [[[46,8],[45,6]],[[0,0],[13,4]]]},
"G477": {"type": "Matrix2x2", "payoffs": [[[0,33],[10,59]],[[9,0],[7,4]]]},
"G478": {"type": "Matrix2x2", "payoffs": [[[50,0],[10,32]],[[77,41],[0,31]]]},
"G479": {"type": "Matrix2x2", "payoffs": [[[4,0],[6,95]],[[0,55],[2,72]]]},
"G480": {"type": "Matrix2x2", "payoffs": [[[0,14],[76,97]],[[19,0],[73,28]]]},
"G481": {"type": "Matrix2x2", "payoffs": [[[63,31],[31,0]],[[0,27],[51,28]]]},
"G482": {"type": "Matrix2x2", "payoffs": [[[7,33],[0,0]],[[14,52],[5,50]]]},
"G483": {"type": "Matrix2x2", "payoffs": [[[2,5],[77,92]],[[9,0],[0,24]]]},
"G484": {"type": "Matrix2x2", "payoffs": [[[20,0],[0,39]],[[45,99],[36,80]]]},
"G485": {"type": "Matrix2x2", "payoffs": [[[73,91],[0,0]],[[76,92],[75,2]]]},
"G486": {"type": "Matrix2x2", "payoffs": [[[68,90],[32,25]],[[0,18],[21,0]]]},
"G487": {"type": "Matrix2x2", "payoffs": [[[72,100],[10,68]],[[13,66],[0,0]]]},
"G488": {"type": "Matrix2x2", "payoffs": [[[9,77],[0,0]],[[2,63],[3,66]]]},
"G489": {"type": "Matrix2x2", "payoffs": [[[3,28],[0,0]],[[12,48],[8,16]]]},
"G490": {"type": "Matrix2x2", "payoffs": [[[0,0],[17,17]],[[25,32],[66,50]]]},
"G491": {"type": "Matrix2x2", "payoffs": [[[0,0],[25,30]],[[38,45],[34,27]]]},
"G492": {"type": "Matrix2x2", "payoffs": [[[25,86],[4,27]],[[0,39],[10,0]]]},
"G493": {"type": "Matrix2x2", "payoffs": [[[42,0],[80,77]],[[35,29],[0,69]]]},
"G494": {"type": "Matrix2x2", "payoffs": [[[4,0],[5,31]],[[0,36],[12,44]]]},
"G495": {"type": "Matrix2x2", "payoffs": [[[0,43],[2,0]],[[3,47],[1,1]]]},
"G496": {"type": "Matrix2x2", "payoffs": [[[72,3],[9,0]],[[92,11],[0,8]]]},
"G497": {"type": "Matrix2x2", "payoffs": [[[22,0],[82,16]],[[0,8],[49,10]]]},
"G498": {"type": "Matrix2x2", "payoffs": [[[3,3],[6,0]],[[0,2],[8,5]]]},
"G499": {"type": "Matrix2x2", "payoffs": [[[23,84],[5,53]],[[0,0],[21,9]]]},
"G500": {"type": "Matrix2x2", "payoffs": [[[0,52],[18,0]],[[69,56],[87,59]]]},
"G501": {"type": "Matrix2x2", "payoffs": [[[25,38],[0,0]],[[13,25],[27,44]]]},
"G502": {"type": "Matrix2x2", "payoffs": [[[15,28],[4,5]],[[16,36],[0,0]]]},
"G503": {"type": "Matrix2x2", "payoffs": [[[21,0],[38,40]],[[26,8],[0,7]]]},
"G504": {"type": "Matrix2x2", "payoffs": [[[49,5],[96,6]],[[75,0],[0,2]]]},
"G505": {"type": "Matrix2x2", "payoffs": [[[0,11],[51,22]],[[46,14],[14,0]]]},
"G506": {"type": "Matrix2x2", "payoffs": [[[81,60],[17,0]],[[0,53],[45,14]]]},
"G507": {"type": "Matrix2x2", "payoffs": [[[21,0],[0,29]],[[31,73],[29,60]]]},
"G508": {"type": "Matrix2x2", "payoffs": [[[0,68],[91,37]],[[92,71],[37,0]]]},
"G509": {"type": "Matrix2x2", "payoffs": [[[22,0],[24,59]],[[2,7],[0,50]]]},
"G510": {"type": "Matrix2x2", "payoffs": [[[0,6],[34,14]],[[8,7],[13,0]]]},
"G511": {"type": "Matrix2x2", "payoffs": [[[35,21],[4,1]],[[0,0],[1,13]]]},
"G512": {"type": "Matrix2x2", "payoffs": [[[8,42],[0,18]],[[1,0],[2,17]]]},
"G513": {"type": "Matrix2x2", "payoffs": [[[32,16],[0,10]],[[10,12],[7,0]]]},
"G514": {"type": "Matrix2x2", "payoffs": [[[11,0],[13,54]],[[21,56],[0,35]]]},
"G515": {"type": "Matrix2x2", "payoffs": [[[0,32],[29,0]],[[34,50],[31,23]]]},
"G516": {"type": "Matrix2x2", "payoffs": [[[18,57],[0,48]],[[1,0],[5,31]]]},
"G517": {"type": "Matrix2x2", "payoffs": [[[69,80],[0,28]],[[50,0],[40,56]]]},
"G518": {"type": "Matrix2x2", "payoffs": [[[86,88],[47,15]],[[0,50],[35,0]]]},
"G519": {"type": "Matrix2x2", "payoffs": [[[0,0],[81,3]],[[32,1],[63,2]]]},
"G520": {"type": "Matrix2x2", "payoffs": [[[17,0],[0,10]],[[34,13],[6,5]]]},
"G521": {"type": "Matrix2x2", "payoffs": [[[38,50],[0,0]],[[22,10],[10,22]]]},
"G522": {"type": "Matrix2x2", "payoffs": [[[5,0],[0,3]],[[15,8],[23,10]]]},
"G523": {"type": "Matrix2x2", "payoffs": [[[39,2],[42,0]],[[91,30],[0,11]]]},
"G524": {"type": "Matrix2x2", "payoffs": [[[0,6],[83,0]],[[45,2],[98,20]]]},
"G525": {"type": "Matrix2x2", "payoffs": [[[62,25],[68,77]],[[0,0],[32,19]]]},
"G526": {"type": "Matrix2x2", "payoffs": [[[66,1],[69,40]],[[41,0],[0,38]]]},
"G527": {"type": "Matrix2x2", "payoffs": [[[58,0],[66,9]],[[94,25],[0,20]]]},
"G528": {"type": "Matrix2x2", "payoffs": [[[14,35],[4,0]],[[0,25],[19,100]]]},
"G529": {"type": "Matrix2x2", "payoffs": [[[29,3],[69,7]],[[0,2],[44,0]]]},
"G530": {"type": "Matrix2x2", "payoffs": [[[8,4],[69,0]],[[71,5],[0,1]]]},
"G531": {"type": "Matrix2x2", "payoffs": [[[26,0],[33,53]],[[0,23],[22,52]]]},
"G532": {"type": "Matrix2x2", "payoffs": [[[14,53],[26,66]],[[0,0],[19,43]]]},
"G533": {"type": "Matrix2x2", "payoffs": [[[5,58],[7,0]],[[23,90],[0,20]]]},
"G534": {"type": "Matrix2x2", "payoffs": [[[10,0],[14,39]],[[24,58],[0,31]]]},
"G535": {"type": "Matrix2x2", "payoffs": [[[0,39],[22,0]],[[25,79],[15,34]]]},
"G536": {"type": "Matrix2x2", "payoffs": [[[0,27],[24,0]],[[61,5],[70,33]]]},
"G537": {"type": "Matrix2x2", "payoffs": [[[35,9],[0,0]],[[94,60],[65,15]]]},
"G538": {"type": "Matrix2x2", "payoffs": [[[28,38],[2,0]],[[0,30],[18,33]]]},
"G539": {"type": "Matrix2x2", "payoffs": [[[36,55],[35,36]],[[0,0],[27,53]]]},
"G540": {"type": "Matrix2x2", "payoffs": [[[91,78],[0,0]],[[3,5],[81,75]]]},
"G541": {"type": "Matrix2x2", "payoffs": [[[35,7],[23,43]],[[0,0],[90,44]]]},
"G542": {"type": "Matrix2x2", "payoffs": [[[8,53],[32,0]],[[0,58],[36,71]]]},
"G543": {"type": "Matrix2x2", "payoffs": [[[0,0],[31,9]],[[40,82],[6,11]]]},
"G544": {"type": "Matrix2x2", "payoffs": [[[20,3],[0,1]],[[5,0],[21,26]]]},
"G545": {"type": "Matrix2x2", "payoffs": [[[33,26],[0,10]],[[26,0],[7,24]]]},
"G546": {"type": "Matrix2x2", "payoffs": [[[19,45],[22,99]],[[4,0],[0,68]]]},
"G547": {"type": "Matrix2x2", "payoffs": [[[0,0],[35,39]],[[28,18],[19,27]]]},
"G548": {"type": "Matrix2x2", "payoffs": [[[0,52],[15,22]],[[2,0],[64,69]]]},
"G549": {"type": "Matrix2x2", "payoffs": [[[100,89],[0,74]],[[29,0],[60,17]]]},
"G550": {"type": "Matrix2x2", "payoffs": [[[0,47],[6,0]],[[33,98],[1,5]]]},
"G551": {"type": "Matrix2x2", "payoffs": [[[18,5],[6,8]],[[0,0],[24,12]]]},
"G552": {"type": "Matrix2x2", "payoffs": [[[93,3],[62,1]],[[56,2],[0,0]]]},
"G553": {"type": "Matrix2x2", "payoffs": [[[40,41],[0,0]],[[82,59],[79,3]]]},
"G554": {"type": "Matrix2x2", "payoffs": [[[1,0],[38,4]],[[12,1],[0,2]]]},
"G555": {"type": "Matrix2x2", "payoffs": [[[87,20],[15,8]],[[0,2],[46,0]]]},
"G556": {"type": "Matrix2x2", "payoffs": [[[28,9],[34,10]],[[29,5],[0,0]]]},
"G557": {"type": "Matrix2x2", "payoffs": [[[54,25],[0,0]],[[24,28],[66,34]]]},
"G558": {"type": "Matrix2x2", "payoffs": [[[0,0],[27,13]],[[28,42],[2,34]]]},
"G559": {"type": "Matrix2x2", "payoffs": [[[47,46],[19,0]],[[0,24],[29,12]]]},
"G560": {"type": "Matrix2x2", "payoffs": [[[43,19],[11,24]],[[76,34],[0,0]]]},
"G561": {"type": "Matrix2x2", "payoffs": [[[16,55],[12,49]],[[0,7],[5,0]]]},
"G562": {"type": "Matrix2x2", "payoffs": [[[0,22],[9,46]],[[34,72],[28,0]]]},
"G563": {"type": "Matrix2x2", "payoffs": [[[0,80],[86,84]],[[72,41],[22,0]]]},
"G564": {"type": "Matrix2x2", "payoffs": [[[18,30],[0,0]],[[26,25],[40,67]]]},
"G565": {"type": "Matrix2x2", "payoffs": [[[0,0],[61,21]],[[97,91],[81,41]]]},
"G566": {"type": "Matrix2x2", "payoffs": [[[90,44],[30,43]],[[59,0],[0,5]]]},
"G567": {"type": "Matrix2x2", "payoffs": [[[27,77],[20,20]],[[21,0],[0,14]]]},
"G568": {"type": "Matrix2x2", "payoffs": [[[0,43],[30,47]],[[39,0],[45,95]]]},
"G569": {"type": "Matrix2x2", "payoffs": [[[0,31],[97,85]],[[63,0],[26,4]]]},
"G570": {"type": "Matrix2x2", "payoffs": [[[0,0],[91,77]],[[8,22],[12,10]]]},
"G571": {"type": "Matrix2x2", "payoffs": [[[19,9],[22,0]],[[23,21],[0,7]]]},
"G572": {"type": "Matrix2x2", "payoffs": [[[11,55],[0,0]],[[2,51],[5,1]]]},
"G573": {"type": "Matrix2x2", "payoffs": [[[63,35],[0,0]],[[36,63],[69,99]]]},
"G574": {"type": "Matrix2x2", "payoffs": [[[42,98],[19,0]],[[2,22],[0,27]]]},
"G575": {"type": "Matrix2x2", "payoffs": [[[17,3],[40,0]],[[56,4],[0,1]]]},
"G576": {"type": "Matrix2x2", "payoffs": [[[74,99],[0,59]],[[54,0],[51,16]]]},
"G577": {"type": "Matrix2x2", "payoffs": [[[4,94],[0,1]],[[1,0],[3,75]]]},
"G578": {"type": "Matrix2x2", "payoffs": [[[3,0],[22,79]],[[0,77],[9,49]]]},
"G579": {"type": "Matrix2x2", "payoffs": [[[0,49],[18,0]],[[3,65],[26,86]]]},
"G580": {"type": "Matrix2x2", "payoffs": [[[1,31],[5,35]],[[0,7],[4,0]]]},
"G581": {"type": "Matrix2x2", "payoffs": [[[4,31],[0,0]],[[15,56],[28,58]]]},
"G582": {"type": "Matrix2x2", "payoffs": [[[28,91],[0,11]],[[24,3],[12,0]]]},
"G583": {"type": "Matrix2x2", "payoffs": [[[45,24],[85,50]],[[0,0],[72,1]]]},
"G584": {"type": "Matrix2x2", "payoffs": [[[2,10],[0,3]],[[4,0],[19,12]]]},
"G585": {"type": "Matrix2x2", "payoffs": [[[2,0],[0,7]],[[6,9],[7,35]]]},
"G586": {"type": "Matrix2x2", "payoffs": [[[3,5],[0,0]],[[59,6],[7,2]]]},
"G587": {"type": "Matrix2x2", "payoffs": [[[16,0],[83,61]],[[48,22],[0,55]]]},
"G588": {"type": "Matrix2x2", "payoffs": [[[0,0],[22,8]],[[43,28],[56,47]]]},
"G589": {"type": "Matrix2x2", "payoffs": [[[29,31],[0,27]],[[42,0],[52,76]]]},
"G590": {"type": "Matrix2x2", "payoffs": [[[18,53],[0,0]],[[8,25],[9,1]]]},
"G591": {"type": "Matrix2x2", "payoffs": [[[0,30],[11,0]],[[16,52],[13,32]]]},
"G592": {"type": "Matrix2x2", "payoffs": [[[67,62],[56,7]],[[0,0],[13,59]]]},
"G593": {"type": "Matrix2x2", "payoffs": [[[41,81],[2,41]],[[0,0],[7,17]]]},
"G594": {"type": "Matrix2x2", "payoffs": [[[29,26],[10,0]],[[23,9],[0,8]]]},
"G595": {"type": "Matrix2x2", "payoffs": [[[3,4],[39,14]],[[29,0],[0,3]]]},
"G596": {"type": "Matrix2x2", "payoffs": [[[21,1],[3,0]],[[31,22],[0,3]]]},
"G597": {"type": "Matrix2x2", "payoffs": [[[33,81],[25,10]],[[0,43],[5,0]]]},
"G598": {"type": "Matrix2x2", "payoffs": [[[0,20],[12,1]],[[3,0],[17,24]]]},
"G599": {"type": "Matrix2x2", "payoffs": [[[80,89],[0,18]],[[34,0],[37,49]]]},
"G600": {"type": "Matrix2x2", "payoffs": [[[3,0],[4,95]],[[1,33],[0,51]]]},
"G601": {"type": "Matrix2x2", "payoffs": [[[62,0],[0,13]],[[63,53],[6,17]]]},
"G602": {"type": "Matrix2x2", "payoffs": [[[4,74],[0,0]],[[51,98],[12,34]]]},
"G603": {"type": "Matrix2x2", "payoffs": [[[46,42],[53,0]],[[0,32],[54,68]]]},
"G604": {"type": "Matrix2x2", "payoffs": [[[68,81],[24,29]],[[52,60],[0,0]]]},
"G605": {"type": "Matrix2x2", "payoffs": [[[0,0],[3,10]],[[58,36],[44,21]]]},
"G606": {"type": "Matrix2x2", "payoffs": [[[10,24],[0,0]],[[28,22],[44,37]]]},
"G607": {"type": "Matrix2x2", "payoffs": [[[12,19],[13,87]],[[7,47],[0,0]]]},
"G608": {"type": "Matrix2x2", "payoffs": [[[30,0],[0,13]],[[65,11],[68,22]]]},
"G609": {"type": "Matrix2x2", "payoffs": [[[46,56],[0,0]],[[1,4],[49,59]]]},
"G610": {"type": "Matrix2x2", "payoffs": [[[41,42],[0,6]],[[40,25],[22,0]]]},
"G611": {"type": "Matrix2x2", "payoffs": [[[0,3],[43,0]],[[45,41],[35,19]]]},
"G612": {"type": "Matrix2x2", "payoffs": [[[14,2],[4,42]],[[19,53],[0,0]]]},
"G613": {"type": "Matrix2x2", "payoffs": [[[48,24],[12,53]],[[0,0],[83,98]]]},
"G614": {"type": "Matrix2x2", "payoffs": [[[15,6],[33,95]],[[24,59],[0,0]]]},
"G615": {"type": "Matrix2x2", "payoffs": [[[30,53],[10,7]],[[0,0],[12,6]]]},
"G616": {"type": "Matrix2x2", "payoffs": [[[24,80],[20,21]],[[2,47],[0,0]]]},
"G617": {"type": "Matrix2x2", "payoffs": [[[28,10],[0,0]],[[4,6],[24,5]]]},
"G618": {"type": "Matrix2x2", "payoffs": [[[1,3],[8,0]],[[0,16],[10,30]]]},
"G619": {"type": "Matrix2x2", "payoffs": [[[9,80],[3,54]],[[0,32],[4,0]]]},
"G620": {"type": "Matrix2x2", "payoffs": [[[70,7],[0,46]],[[9,0],[86,75]]]},
"G621": {"type": "Matrix2x2", "payoffs": [[[3,0],[8,49]],[[0,37],[27,88]]]},
"G622": {"type": "Matrix2x2", "payoffs": [[[0,1],[17,2]],[[45,4],[16,0]]]},
"G623": {"type": "Matrix2x2", "payoffs": [[[29,24],[9,11]],[[0,3],[22,0]]]},
"G624": {"type": "Matrix2x2", "payoffs": [[[22,0],[86,48]],[[72,1],[0,8]]]},
"G625": {"type": "Matrix2x2", "payoffs": [[[0,0],[14,26]],[[19,43],[10,10]]]},
"G626": {"type": "Matrix2x2", "payoffs": [[[0,12],[84,6]],[[92,58],[4,0]]]},
"G627": {"type": "Matrix2x2", "payoffs": [[[61,70],[0,0]],[[5,9],[43,52]]]},
"G628": {"type": "Matrix2x2", "payoffs": [[[76,48],[43,5]],[[0,0],[35,37]]]},
"G629": {"type": "Matrix2x2", "payoffs": [[[58,93],[18,44]],[[0,0],[8,47]]]},
"G630": {"type": "Matrix2x2", "payoffs": [[[67,8],[52,57]],[[0,0],[78,63]]]},
"G631": {"type": "Matrix2x2", "payoffs": [[[9,11],[0,31]],[[61,67],[53,0]]]},
"G632": {"type": "Matrix2x2", "payoffs": [[[10,0],[32,3]],[[4,2],[0,1]]]},
"G633": {"type": "Matrix2x2", "payoffs": [[[30,42],[22,0]],[[4,39],[0,25]]]},
"G634": {"type": "Matrix2x2", "payoffs": [[[20,0],[28,67]],[[1,48],[0,49]]]},
"G635": {"type": "Matrix2x2", "payoffs": [[[0,0],[10,2]],[[8,3],[15,20]]]},
"G636": {"type": "Matrix2x2", "payoffs": [[[5,0],[0,5]],[[2,8],[27,9]]]},
"G637": {"type": "Matrix2x2", "payoffs": [[[1,0],[0,10]],[[12,16],[11,14]]]},
"G638": {"type": "Matrix2x2", "payoffs": [[[32,10],[47,2]],[[91,55],[0,0]]]},
"G639": {"type": "Matrix2x2", "payoffs": [[[11,0],[7,27]],[[15,34],[0,33]]]},
"G640": {"type": "Matrix2x2", "payoffs": [[[35,81],[0,0]],[[30,61],[16,63]]]},
"G641": {"type": "Matrix2x2", "payoffs": [[[15,13],[49,9]],[[50,20],[0,0]]]},
"G642": {"type": "Matrix2x2", "payoffs": [[[36,88],[1,0]],[[0,76],[23,63]]]},
"G643": {"type": "Matrix2x2", "payoffs": [[[6,0],[2,45]],[[0,40],[64,64]]]},
"G644": {"type": "Matrix2x2", "payoffs": [[[89,95],[3,56]],[[0,10],[15,0]]]},
"G645": {"type": "Matrix2x2", "payoffs": [[[36,0],[42,27]],[[72,37],[0,32]]]},
"G646": {"type": "Matrix2x2", "payoffs": [[[8,60],[3,67]],[[0,0],[16,87]]]},
"G647": {"type": "Matrix2x2", "payoffs": [[[0,55],[7,0]],[[80,78],[81,96]]]},
"G648": {"type": "Matrix2x2", "payoffs": [[[37,2],[47,4]],[[0,0],[38,1]]]},
"G649": {"type": "Matrix2x2", "payoffs": [[[0,16],[72,23]],[[21,19],[56,0]]]},
"G650": {"type": "Matrix2x2", "payoffs": [[[26,10],[0,0]],[[40,12],[35,9]]]},
"G651": {"type": "Matrix2x2", "payoffs": [[[23,22],[28,0]],[[0,50],[62,83]]]},
"G652": {"type": "Matrix2x2", "payoffs": [[[80,97],[55,29]],[[0,45],[53,0]]]},
"G653": {"type": "Matrix2x2", "payoffs": [[[6,38],[52,6]],[[0,0],[86,51]]]},
"G654": {"type": "Matrix2x2", "payoffs": [[[46,71],[2,70]],[[16,37],[0,0]]]},
"G655": {"type": "Matrix2x2", "payoffs": [[[12,43],[0,2]],[[1,37],[9,0]]]},
"G656": {"type": "Matrix2x2", "payoffs": [[[4,66],[27,0]],[[0,32],[66,74]]]},
"G657": {"type": "Matrix2x2", "payoffs": [[[58,51],[0,29]],[[56,0],[10,4]]]},
"G658": {"type": "Matrix2x2", "payoffs": [[[35,46],[0,20]],[[14,0],[11,24]]]},
"G659": {"type": "Matrix2x2", "payoffs": [[[35,76],[4,61]],[[16,0],[0,11]]]},
"G660": {"type": "Matrix2x2", "payoffs": [[[11,0],[0,13]],[[20,39],[26,44]]]},
"G661": {"type": "Matrix2x2", "payoffs": [[[0,22],[2,4]],[[10,26],[3,0]]]},
"G662": {"type": "Matrix2x2", "payoffs": [[[12,29],[85,56]],[[78,24],[0,0]]]},
"G663": {"type": "Matrix2x2", "payoffs": [[[54,5],[5,0]],[[75,32],[0,6]]]},
"G664": {"type": "Matrix2x2", "payoffs": [[[59,0],[0,62]],[[80,63],[63,27]]]},
"G665": {"type": "Matrix2x2", "payoffs": [[[12,17],[40,77]],[[0,58],[20,0]]]},
"G666": {"type": "Matrix2x2", "payoffs": [[[0,21],[35,37]],[[15,20],[20,0]]]},
"G667": {"type": "Matrix2x2", "payoffs": [[[12,0],[19,78]],[[0,27],[6,58]]]},
"G668": {"type": "Matrix2x2", "payoffs": [[[15,18],[24,19]],[[0,0],[25,53]]]},
"G669": {"type": "Matrix2x2", "payoffs": [[[32,15],[0,0]],[[91,88],[64,85]]]},
"G670": {"type": "Matrix2x2", "payoffs": [[[46,29],[6,0]],[[57,93],[0,89]]]},
"G671": {"type": "Matrix2x2", "payoffs": [[[38,72],[10,0]],[[28,47],[0,4]]]},
"G672": {"type": "Matrix2x2", "payoffs": [[[0,8],[22,0]],[[39,47],[23,5]]]},
"G673": {"type": "Matrix2x2", "payoffs": [[[0,40],[42,0]],[[83,15],[89,51]]]},
"G674": {"type": "Matrix2x2", "payoffs": [[[14,0],[72,53]],[[49,52],[0,25]]]},
"G675": {"type": "Matrix2x2", "payoffs": [[[5,94],[2,62]],[[1,0],[0,32]]]},
"G676": {"type": "Matrix2x2", "payoffs": [[[27,15],[1,0]],[[30,67],[0,32]]]},
"G677": {"type": "Matrix2x2", "payoffs": [[[25,19],[45,49]],[[0,0],[58,73]]]},
"G678": {"type": "Matrix2x2", "payoffs": [[[83,46],[18,22]],[[0,0],[25,18]]]},
"G679": {"type": "Matrix2x2", "payoffs": [[[57,29],[45,0]],[[100,70],[0,17]]]},
"G680": {"type": "Matrix2x2", "payoffs": [[[0,20],[28,0]],[[52,26],[35,17]]]},
"G681": {"type": "Matrix2x2", "payoffs": [[[66,33],[13,0]],[[32,23],[0,11]]]},
"G682": {"type": "Matrix2x2", "payoffs": [[[76,82],[54,49]],[[17,0],[0,30]]]},
"G683": {"type": "Matrix2x2", "payoffs": [[[0,14],[48,0]],[[55,58],[40,55]]]},
"G684": {"type": "Matrix2x2", "payoffs": [[[26,0],[33,81]],[[0,52],[27,43]]]},
"G685": {"type": "Matrix2x2", "payoffs": [[[2,3],[0,28]],[[3,0],[17,54]]]},
"G686": {"type": "Matrix2x2", "payoffs": [[[0,0],[33,32]],[[91,98],[84,20]]]},
"G687": {"type": "Matrix2x2", "payoffs": [[[62,84],[0,82]],[[57,50],[32,0]]]},
"G688": {"type": "Matrix2x2", "payoffs": [[[38,0],[0,36]],[[64,67],[33,14]]]},
"G689": {"type": "Matrix2x2", "payoffs": [[[12,33],[5,16]],[[4,0],[0,27]]]},
"G690": {"type": "Matrix2x2", "payoffs": [[[72,11],[67,6]],[[0,0],[41,3]]]},
"G691": {"type": "Matrix2x2", "payoffs": [[[7,7],[6,0]],[[0,62],[14,99]]]},
"G692": {"type": "Matrix2x2", "payoffs": [[[0,0],[36,66]],[[1,52],[19,36]]]},
"G693": {"type": "Matrix2x2", "payoffs": [[[13,60],[45,69]],[[5,0],[0,9]]]},
"G694": {"type": "Matrix2x2", "payoffs": [[[62,67],[29,47]],[[0,0],[31,62]]]},
"G695": {"type": "Matrix2x2", "payoffs": [[[31,21],[12,0]],[[38,82],[0,28]]]},
"G696": {"type": "Matrix2x2", "payoffs": [[[0,16],[18,0]],[[17,11],[45,20]]]},
"G697": {"type": "Matrix2x2", "payoffs": [[[90,45],[73,41]],[[87,0],[0,44]]]},
"G698": {"type": "Matrix2x2", "payoffs": [[[22,58],[0,0]],[[97,100],[74,50]]]},
"G699": {"type": "Matrix2x2", "payoffs": [[[69,16],[25,8]],[[0,0],[4,14]]]},
"G700": {"type": "Matrix2x2", "payoffs": [[[21,0],[68,16]],[[0,5],[34,1]]]},
"G701": {"type": "Matrix2x2", "payoffs": [[[92,15],[0,0]],[[44,7],[56,6]]]},
"G702": {"type": "Matrix2x2", "payoffs": [[[18,20],[5,0]],[[19,30],[0,19]]]},
"G703": {"type": "Matrix2x2", "payoffs": [[[4,14],[1,0]],[[5,91],[0,79]]]},
"G704": {"type": "Matrix2x2", "payoffs": [[[42,0],[0,18]],[[51,50],[45,10]]]},
"G705": {"type": "Matrix2x2", "payoffs": [[[81,26],[0,0]],[[42,7],[52,5]]]},
"G706": {"type": "Matrix2x2", "payoffs": [[[3,32],[7,0]],[[11,89],[0,78]]]},
"G707": {"type": "Matrix2x2", "payoffs": [[[29,0],[16,1]],[[0,2],[31,4]]]},
"G708": {"type": "Matrix2x2", "payoffs": [[[19,9],[0,41]],[[37,91],[22,0]]]},
"G709": {"type": "Matrix2x2", "payoffs": [[[0,0],[6,25]],[[10,4],[42,95]]]},
"G710": {"type": "Matrix2x2", "payoffs": [[[0,0],[33,7]],[[7,39],[42,99]]]},
"G711": {"type": "Matrix2x2", "payoffs": [[[78,31],[0,6]],[[72,0],[9,8]]]},
"G712": {"type": "Matrix2x2", "payoffs": [[[78,92],[0,0]],[[26,76],[14,35]]]},
"G713": {"type": "Matrix2x2", "payoffs": [[[0,20],[5,7]],[[11,0],[29,41]]]},
"G714": {"type": "Matrix2x2", "payoffs": [[[40,32],[27,0]],[[0,22],[31,20]]]},
"G715": {"type": "Matrix2x2", "payoffs": [[[7,0],[0,4]],[[10,27],[64,33]]]},
"G716": {"type": "Matrix2x2", "payoffs": [[[34,25],[0,0]],[[92,84],[43,68]]]},
"G717": {"type": "Matrix2x2", "payoffs": [[[43,23],[0,5]],[[6,0],[18,16]]]},
"G718": {"type": "Matrix2x2", "payoffs": [[[0,0],[62,89]],[[18,76],[5,77]]]},
"G719": {"type": "Matrix2x2", "payoffs": [[[0,0],[14,27]],[[20,15],[41,29]]]},
"G720": {"type": "Matrix2x2", "payoffs": [[[0,38],[25,0]],[[78,76],[47,37]]]},
"G721": {"type": "Matrix2x2", "payoffs": [[[0,92],[42,0]],[[86,96],[65,52]]]},
"G722": {"type": "Matrix2x2", "payoffs": [[[7,64],[49,74]],[[33,67],[0,0]]]},
"G723": {"type": "Matrix2x2", "payoffs": [[[7,92],[22,94]],[[11,0],[0,26]]]},
"G724": {"type": "Matrix2x2", "payoffs": [[[12,0],[99,85]],[[59,77],[0,46]]]},
"G725": {"type": "Matrix2x2", "payoffs": [[[32,41],[14,3]],[[16,0],[0,39]]]},
"G726": {"type": "Matrix2x2", "payoffs": [[[0,9],[33,31]],[[49,0],[91,52]]]},
"G727": {"type": "Matrix2x2", "payoffs": [[[4,19],[0,9]],[[33,0],[51,24]]]},
"G728": {"type": "Matrix2x2", "payoffs": [[[26,83],[16,27]],[[7,0],[0,11]]]},
"G729": {"type": "Matrix2x2", "payoffs": [[[69,60],[0,12]],[[43,8],[34,0]]]},
"G730": {"type": "Matrix2x2", "payoffs": [[[31,10],[0,15]],[[29,0],[42,28]]]},
"G731": {"type": "Matrix2x2", "payoffs": [[[34,92],[18,3]],[[10,0],[0,51]]]},
"G732": {"type": "Matrix2x2", "payoffs": [[[33,0],[65,91]],[[37,3],[0,19]]]},
"G733": {"type": "Matrix2x2", "payoffs": [[[29,17],[0,22]],[[43,35],[25,0]]]},
"G734": {"type": "Matrix2x2", "payoffs": [[[3,97],[0,30]],[[1,48],[2,0]]]},
"G735": {"type": "Matrix2x2", "payoffs": [[[47,55],[43,0]],[[19,14],[0,8]]]},
"G736": {"type": "Matrix2x2", "payoffs": [[[0,0],[85,1]],[[90,9],[71,2]]]},
"G737": {"type": "Matrix2x2", "payoffs": [[[11,0],[74,33]],[[0,5],[91,63]]]},
"G738": {"type": "Matrix2x2", "payoffs": [[[38,2],[33,0]],[[76,5],[0,4]]]},
"G739": {"type": "Matrix2x2", "payoffs": [[[2,40],[3,95]],[[1,0],[0,2]]]},
"G740": {"type": "Matrix2x2", "payoffs": [[[74,45],[0,0]],[[76,90],[44,21]]]},
"G741": {"type": "Matrix2x2", "payoffs": [[[32,87],[0,0]],[[16,70],[4,25]]]},
"G742": {"type": "Matrix2x2", "payoffs": [[[98,87],[0,51]],[[80,10],[61,0]]]},
"G743": {"type": "Matrix2x2", "payoffs": [[[44,12],[0,0]],[[51,36],[75,46]]]},
"G744": {"type": "Matrix2x2", "payoffs": [[[20,36],[25,28]],[[69,79],[0,0]]]},
"G745": {"type": "Matrix2x2", "payoffs": [[[37,16],[15,11]],[[34,0],[0,15]]]},
"G746": {"type": "Matrix2x2", "payoffs": [[[1,0],[2,3]],[[3,42],[0,16]]]},
"G747": {"type": "Matrix2x2", "payoffs": [[[36,44],[0,0]],[[74,54],[33,8]]]},
"G748": {"type": "Matrix2x2", "payoffs": [[[53,77],[3,10]],[[38,0],[0,48]]]},
"G749": {"type": "Matrix2x2", "payoffs": [[[26,9],[0,10]],[[33,0],[80,27]]]},
"G750": {"type": "Matrix2x2", "payoffs": [[[67,4],[0,2]],[[36,0],[44,1]]]},
"G751": {"type": "Matrix2x2", "payoffs": [[[0,1],[71,4]],[[29,0],[44,3]]]},
"G752": {"type": "Matrix2x2", "payoffs": [[[33,50],[0,14]],[[10,19],[21,0]]]},
"G753": {"type": "Matrix2x2", "payoffs": [[[71,12],[0,13]],[[72,16],[27,0]]]},
"G754": {"type": "Matrix2x2", "payoffs": [[[38,0],[58,19]],[[0,24],[72,43]]]},
"G755": {"type": "Matrix2x2", "payoffs": [[[6,34],[2,65]],[[0,0],[38,71]]]},
"G756": {"type": "Matrix2x2", "payoffs": [[[7,19],[18,20]],[[12,11],[0,0]]]},
"G757": {"type": "Matrix2x2", "payoffs": [[[40,0],[0,16]],[[27,50],[41,51]]]},
"G758": {"type": "Matrix2x2", "payoffs": [[[0,2],[5,0]],[[6,95],[3,16]]]},
"G759": {"type": "Matrix2x2", "payoffs": [[[4,68],[0,0]],[[3,49],[2,42]]]},
"G760": {"type": "Matrix2x2", "payoffs": [[[44,0],[0,20]],[[25,28],[46,49]]]},
"G761": {"type": "Matrix2x2", "payoffs": [[[0,19],[26,26]],[[8,17],[7,0]]]},
"G762": {"type": "Matrix2x2", "payoffs": [[[6,37],[1,16]],[[14,69],[0,0]]]},
"G763": {"type": "Matrix2x2", "payoffs": [[[2,1],[4,10]],[[7,11],[0,0]]]},
"G764": {"type": "Matrix2x2", "payoffs": [[[40,0],[22,41]],[[58,99],[0,38]]]},
"G765": {"type": "Matrix2x2", "payoffs": [[[88,44],[28,42]],[[0,0],[46,41]]]},
"G766": {"type": "Matrix2x2", "payoffs": [[[12,33],[52,73]],[[5,31],[0,0]]]},
"G767": {"type": "Matrix2x2", "payoffs": [[[3,16],[7,19]],[[0,4],[6,0]]]},
"G768": {"type": "Matrix2x2", "payoffs": [[[0,0],[18,63]],[[83,92],[17,71]]]},
"G769": {"type": "Matrix2x2", "payoffs": [[[23,20],[15,0]],[[0,13],[39,24]]]},
"G770": {"type": "Matrix2x2", "payoffs": [[[0,41],[66,50]],[[46,47],[5,0]]]},
"G771": {"type": "Matrix2x2", "payoffs": [[[63,0],[0,6]],[[82,10],[71,7]]]},
"G772": {"type": "Matrix2x2", "payoffs": [[[8,15],[12,65]],[[0,0],[4,14]]]},
"G773": {"type": "Matrix2x2", "payoffs": [[[0,0],[22,10]],[[12,2],[28,17]]]},
"G774": {"type": "Matrix2x2", "payoffs": [[[4,63],[9,50]],[[0,0],[12,74]]]},
"G775": {"type": "Matrix2x2", "payoffs": [[[0,23],[39,74]],[[16,53],[28,0]]]},
"G776": {"type": "Matrix2x2", "payoffs": [[[45,8],[44,3]],[[0,0],[50,41]]]},
"G777": {"type": "Matrix2x2", "payoffs": [[[22,12],[2,3]],[[21,0],[0,1]]]},
"G778": {"type": "Matrix2x2", "payoffs": [[[96,13],[79,5]],[[40,0],[0,8]]]},
"G779": {"type": "Matrix2x2", "payoffs": [[[12,0],[77,84]],[[0,11],[75,13]]]},
"G780": {"type": "Matrix2x2", "payoffs": [[[50,19],[42,2]],[[26,0],[0,14]]]},
"G781": {"type": "Matrix2x2", "payoffs": [[[72,56],[27,35]],[[29,22],[0,0]]]},
"G782": {"type": "Matrix2x2", "payoffs": [[[80,30],[81,94]],[[0,0],[69,17]]]},
"G783": {"type": "Matrix2x2", "payoffs": [[[43,50],[76,82]],[[31,60],[0,0]]]},
"G784": {"type": "Matrix2x2", "payoffs": [[[52,35],[0,0]],[[12,34],[20,4]]]},
"G785": {"type": "Matrix2x2", "payoffs": [[[5,4],[6,0]],[[14,6],[0,2]]]},
"G786": {"type": "Matrix2x2", "payoffs": [[[60,45],[96,57]],[[0,0],[28,19]]]},
"G787": {"type": "Matrix2x2", "payoffs": [[[0,2],[11,0]],[[52,83],[17,73]]]},
"G788": {"type": "Matrix2x2", "payoffs": [[[12,0],[0,31]],[[59,46],[26,3]]]},
"G789": {"type": "Matrix2x2", "payoffs": [[[9,4],[39,38]],[[26,0],[0,28]]]},
"G790": {"type": "Matrix2x2", "payoffs": [[[34,0],[56,67]],[[2,37],[0,30]]]},
"G791": {"type": "Matrix2x2", "payoffs": [[[0,30],[2,0]],[[1,39],[3,90]]]},
"G792": {"type": "Matrix2x2", "payoffs": [[[6,7],[2,1]],[[3,5],[0,0]]]},
"G793": {"type": "Matrix2x2", "payoffs": [[[0,2],[63,91]],[[26,0],[30,40]]]},
"G794": {"type": "Matrix2x2", "payoffs": [[[51,0],[65,56]],[[0,44],[32,21]]]},
"G795": {"type": "Matrix2x2", "payoffs": [[[56,0],[0,64]],[[28,25],[85,80]]]},
"G796": {"type": "Matrix2x2", "payoffs": [[[0,0],[1,1]],[[6,18],[9,29]]]},
"G797": {"type": "Matrix2x2", "payoffs": [[[82,40],[83,33]],[[0,0],[94,70]]]},
"G798": {"type": "Matrix2x2", "payoffs": [[[95,87],[0,22]],[[12,0],[82,78]]]},
"G799": {"type": "Matrix2x2", "payoffs": [[[7,4],[0,8]],[[99,50],[78,0]]]},
"G800": {"type": "Matrix2x2", "payoffs": [[[0,1],[77,37]],[[81,56],[33,0]]]},
"G801": {"type": "Matrix2x2", "payoffs": [[[71,59],[55,14]],[[50,0],[0,57]]]},
"G802": {"type": "Matrix2x2", "payoffs": [[[29,0],[42,51]],[[46,54],[0,5]]]},
"G803": {"type": "Matrix2x2", "payoffs": [[[0,17],[51,7]],[[27,0],[61,34]]]},
"G804": {"type": "Matrix2x2", "payoffs": [[[25,7],[58,31]],[[0,0],[37,28]]]},
"G805": {"type": "Matrix2x2", "payoffs": [[[61,93],[53,24]],[[45,74],[0,0]]]},
"G806": {"type": "Matrix2x2", "payoffs": [[[0,31],[18,8]],[[11,0],[46,62]]]},
"G807": {"type": "Matrix2x2", "payoffs": [[[10,90],[7,41]],[[0,58],[2,0]]]},
"G808": {"type": "Matrix2x2", "payoffs": [[[0,0],[53,30]],[[19,24],[61,50]]]},
"G809": {"type": "Matrix2x2", "payoffs": [[[18,0],[4,10]],[[21,39],[0,3]]]},
"G810": {"type": "Matrix2x2", "payoffs": [[[54,40],[0,0]],[[43,7],[40,15]]]},
"G811": {"type": "Matrix2x2", "payoffs": [[[15,54],[11,0]],[[1,10],[0,21]]]},
"G812": {"type": "Matrix2x2", "payoffs": [[[1,0],[2,39]],[[0,49],[5,91]]]},
"G813": {"type": "Matrix2x2", "payoffs": [[[8,0],[0,67]],[[24,54],[48,88]]]},
"G814": {"type": "Matrix2x2", "payoffs": [[[8,40],[37,41]],[[0,4],[17,0]]]},
"G815": {"type": "Matrix2x2", "payoffs": [[[24,9],[0,0]],[[26,33],[2,28]]]},
"G816": {"type": "Matrix2x2", "payoffs": [[[28,0],[60,89]],[[0,17],[41,19]]]},
"G817": {"type": "Matrix2x2", "payoffs": [[[6,2],[0,15]],[[39,0],[43,26]]]},
"G818": {"type": "Matrix2x2", "payoffs": [[[0,74],[2,0]],[[5,100],[4,65]]]},
"G819": {"type": "Matrix2x2", "payoffs": [[[31,0],[85,71]],[[49,34],[0,58]]]},
"G820": {"type": "Matrix2x2", "payoffs": [[[17,26],[0,0]],[[16,13],[7,1]]]},
"G821": {"type": "Matrix2x2", "payoffs": [[[90,95],[16,65]],[[84,11],[0,0]]]},
"G822": {"type": "Matrix2x2", "payoffs": [[[0,8],[9,1]],[[31,0],[43,29]]]},
"G823": {"type": "Matrix2x2", "payoffs": [[[12,39],[28,0]],[[0,59],[44,63]]]},
"G824": {"type": "Matrix2x2", "payoffs": [[[30,3],[34,66]],[[0,59],[19,0]]]},
"G825": {"type": "Matrix2x2", "payoffs": [[[12,0],[9,23]],[[0,36],[16,58]]]},
"G826": {"type": "Matrix2x2", "payoffs": [[[46,38],[85,49]],[[97,60],[0,0]]]},
"G827": {"type": "Matrix2x2", "payoffs": [[[0,53],[15,0]],[[98,84],[81,52]]]},
"G828": {"type": "Matrix2x2", "payoffs": [[[0,9],[91,59]],[[78,0],[51,46]]]},
"G829": {"type": "Matrix2x2", "payoffs": [[[0,0],[3,10]],[[45,19],[22,6]]]},
"G830": {"type": "Matrix2x2", "payoffs": [[[20,5],[21,0]],[[0,35],[85,49]]]},
"G831": {"type": "Matrix2x2", "payoffs": [[[21,22],[0,0]],[[31,47],[25,14]]]},
"G832": {"type": "Matrix2x2", "payoffs": [[[0,0],[71,31]],[[73,54],[16,11]]]},
"G833": {"type": "Matrix2x2", "payoffs": [[[42,0],[0,15]],[[69,41],[44,19]]]},
"G834": {"type": "Matrix2x2", "payoffs": [[[0,3],[32,30]],[[2,4],[24,0]]]},
"G835": {"type": "Matrix2x2", "payoffs": [[[0,17],[34,0]],[[4,21],[55,29]]]},
"G836": {"type": "Matrix2x2", "payoffs": [[[10,5],[0,0]],[[1,4],[24,6]]]},
"G837": {"type": "Matrix2x2", "payoffs": [[[45,10],[5,0]],[[48,13],[0,11]]]},
"G838": {"type": "Matrix2x2", "payoffs": [[[25,5],[34,23]],[[27,2],[0,0]]]},
"G839": {"type": "Matrix2x2", "payoffs": [[[0,7],[1,22]],[[2,0],[3,60]]]},
"G840": {"type": "Matrix2x2", "payoffs": [[[99,98],[74,0]],[[0,97],[19,31]]]},
"G841": {"type": "Matrix2x2", "payoffs": [[[58,0],[89,48]],[[0,43],[21,5]]]},
"G842": {"type": "Matrix2x2", "payoffs": [[[0,21],[71,44]],[[30,25],[1,0]]]},
"G843": {"type": "Matrix2x2", "payoffs": [[[97,35],[0,0]],[[23,27],[22,4]]]},
"G844": {"type": "Matrix2x2", "payoffs": [[[16,0],[0,3]],[[13,4],[22,8]]]},
"G845": {"type": "Matrix2x2", "payoffs": [[[26,94],[23,66]],[[17,47],[0,0]]]},
"G846": {"type": "Matrix2x2", "payoffs": [[[10,71],[0,39]],[[9,54],[2,0]]]},
"G847": {"type": "Matrix2x2", "payoffs": [[[65,70],[0,0]],[[14,9],[20,43]]]},
"G848": {"type": "Matrix2x2", "payoffs": [[[66,0],[0,22]],[[52,1],[74,31]]]},
"G849": {"type": "Matrix2x2", "payoffs": [[[22,46],[0,39]],[[7,0],[18,33]]]},
"G850": {"type": "Matrix2x2", "payoffs": [[[29,9],[3,3]],[[10,1],[0,0]]]},
"G851": {"type": "Matrix2x2", "payoffs": [[[0,80],[78,0]],[[92,87],[37,5]]]},
"G852": {"type": "Matrix2x2", "payoffs": [[[0,3],[32,0]],[[23,21],[43,54]]]},
"G853": {"type": "Matrix2x2", "payoffs": [[[39,86],[2,25]],[[0,0],[34,12]]]},
"G854": {"type": "Matrix2x2", "payoffs": [[[10,27],[0,0]],[[16,76],[23,80]]]},
"G855": {"type": "Matrix2x2", "payoffs": [[[100,69],[6,53]],[[30,36],[0,0]]]},
"G856": {"type": "Matrix2x2", "payoffs": [[[0,16],[79,21]],[[68,0],[47,6]]]},
"G857": {"type": "Matrix2x2", "payoffs": [[[72,66],[59,33]],[[0,28],[42,0]]]},
"G858": {"type": "Matrix2x2", "payoffs": [[[21,39],[14,0]],[[0,5],[9,1]]]},
"G859": {"type": "Matrix2x2", "payoffs": [[[0,30],[6,0]],[[36,58],[15,56]]]},
"G860": {"type": "Matrix2x2", "payoffs": [[[79,11],[9,1]],[[24,10],[0,0]]]},
"G861": {"type": "Matrix2x2", "payoffs": [[[13,93],[0,68]],[[12,0],[10,38]]]},
"G862": {"type": "Matrix2x2", "payoffs": [[[2,40],[82,56]],[[0,0],[87,73]]]},
"G863": {"type": "Matrix2x2", "payoffs": [[[19,0],[0,12]],[[98,13],[70,7]]]},
"G864": {"type": "Matrix2x2", "payoffs": [[[33,36],[27,21]],[[6,0],[0,16]]]},
"G865": {"type": "Matrix2x2", "payoffs": [[[24,10],[39,0]],[[0,8],[65,43]]]},
"G866": {"type": "Matrix2x2", "payoffs": [[[0,0],[85,96]],[[87,99],[57,90]]]},
"G867": {"type": "Matrix2x2", "payoffs": [[[30,0],[38,83]],[[35,18],[0,10]]]},
"G868": {"type": "Matrix2x2", "payoffs": [[[4,64],[2,18]],[[0,9],[1,0]]]},
"G869": {"type": "Matrix2x2", "payoffs": [[[0,0],[64,42]],[[18,20],[89,82]]]},
"G870": {"type": "Matrix2x2", "payoffs": [[[6,1],[12,32]],[[11,24],[0,0]]]},
"G871": {"type": "Matrix2x2", "payoffs": [[[9,11],[54,92]],[[40,67],[0,0]]]},
"G872": {"type": "Matrix2x2", "payoffs": [[[6,5],[7,0]],[[0,21],[14,22]]]},
"G873": {"type": "Matrix2x2", "payoffs": [[[0,27],[98,83]],[[66,0],[33,53]]]},
"G874": {"type": "Matrix2x2", "payoffs": [[[8,0],[0,58]],[[34,72],[19,11]]]},
"G875": {"type": "Matrix2x2", "payoffs": [[[76,66],[0,0]],[[35,11],[73,30]]]},
"G876": {"type": "Matrix2x2", "payoffs": [[[0,0],[42,87]],[[9,60],[17,18]]]},
"G877": {"type": "Matrix2x2", "payoffs": [[[0,3],[5,6]],[[75,8],[40,0]]]},
"G878": {"type": "Matrix2x2", "payoffs": [[[0,25],[17,0]],[[4,1],[67,39]]]},
"G879": {"type": "Matrix2x2", "payoffs": [[[24,22],[20,0]],[[28,33],[0,21]]]},
"G880": {"type": "Matrix2x2", "payoffs": [[[91,28],[0,1]],[[32,0],[60,4]]]},
"G881": {"type": "Matrix2x2", "payoffs": [[[12,0],[0,6]],[[48,11],[51,99]]]},
"G882": {"type": "Matrix2x2", "payoffs": [[[0,0],[54,59]],[[13,48],[49,25]]]},
"G883": {"type": "Matrix2x2", "payoffs": [[[3,58],[59,64]],[[0,0],[49,21]]]},
"G884": {"type": "Matrix2x2", "payoffs": [[[3,15],[1,69]],[[19,84],[0,0]]]},
"G885": {"type": "Matrix2x2", "payoffs": [[[0,12],[1,53]],[[35,0],[65,74]]]},
"G886": {"type": "Matrix2x2", "payoffs": [[[2,13],[8,32]],[[0,22],[1,0]]]},
"G887": {"type": "Matrix2x2", "payoffs": [[[25,0],[46,28]],[[0,22],[21,20]]]},
"G888": {"type": "Matrix2x2", "payoffs": [[[28,22],[0,0]],[[18,16],[30,30]]]},
"G889": {"type": "Matrix2x2", "payoffs": [[[0,19],[63,0]],[[32,6],[68,41]]]},
"G890": {"type": "Matrix2x2", "payoffs": [[[81,50],[17,10]],[[66,0],[0,12]]]},
"G891": {"type": "Matrix2x2", "payoffs": [[[0,33],[22,0]],[[1,29],[35,40]]]},
"G892": {"type": "Matrix2x2", "payoffs": [[[63,70],[0,17]],[[23,41],[50,0]]]},
"G893": {"type": "Matrix2x2", "payoffs": [[[0,8],[91,99]],[[11,32],[69,0]]]},
"G894": {"type": "Matrix2x2", "payoffs": [[[5,2],[0,0]],[[68,47],[10,19]]]},
"G895": {"type": "Matrix2x2", "payoffs": [[[21,8],[9,0]],[[2,6],[0,3]]]},
"G896": {"type": "Matrix2x2", "payoffs": [[[0,0],[57,37]],[[37,13],[50,9]]]},
"G897": {"type": "Matrix2x2", "payoffs": [[[2,0],[0,10]],[[8,34],[11,41]]]},
"G898": {"type": "Matrix2x2", "payoffs": [[[2,50],[59,96]],[[4,0],[0,5]]]},
"G899": {"type": "Matrix2x2", "payoffs": [[[0,0],[2,4]],[[1,31],[4,41]]]},
"G900": {"type": "Matrix2x2", "payoffs": [[[15,65],[6,13]],[[0,63],[14,0]]]},
"G901": {"type": "Matrix2x2", "payoffs": [[[49,94],[0,66]],[[16,41],[23,0]]]},
"G902": {"type": "Matrix2x2", "payoffs": [[[47,0],[61,48]],[[0,41],[20,45]]]},
"G903": {"type": "Matrix2x2", "payoffs": [[[2,30],[4,0]],[[0,10],[6,35]]]},
"G904": {"type": "Matrix2x2", "payoffs": [[[87,16],[0,7]],[[67,3],[25,0]]]},
"G905": {"type": "Matrix2x2", "payoffs": [[[0,0],[32,20]],[[55,38],[51,37]]]},
"G906": {"type": "Matrix2x2", "payoffs": [[[58,0],[69,11]],[[83,65],[0,53]]]},
"G907": {"type": "Matrix2x2", "payoffs": [[[10,11],[0,6]],[[50,0],[52,25]]]},
"G908": {"type": "Matrix2x2", "payoffs": [[[4,4],[0,2]],[[21,7],[7,0]]]},
"G909": {"type": "Matrix2x2", "payoffs": [[[0,0],[7,21]],[[23,97],[18,18]]]},
"G910": {"type": "Matrix2x2", "payoffs": [[[86,17],[57,0]],[[23,15],[0,13]]]},
"G911": {"type": "Matrix2x2", "payoffs": [[[0,0],[5,30]],[[9,46],[2,11]]]},
"G912": {"type": "Matrix2x2", "payoffs": [[[18,0],[69,28]],[[0,1],[56,6]]]},
"G913": {"type": "Matrix2x2", "payoffs": [[[7,1],[8,2]],[[0,0],[32,4]]]},
"G914": {"type": "Matrix2x2", "payoffs": [[[0,0],[18,14]],[[5,2],[42,20]]]},
"G915": {"type": "Matrix2x2", "payoffs": [[[53,0],[18,6]],[[0,1],[56,11]]]},
"G916": {"type": "Matrix2x2", "payoffs": [[[0,0],[46,39]],[[37,31],[75,62]]]},
"G917": {"type": "Matrix2x2", "payoffs": [[[31,14],[0,11]],[[23,0],[50,22]]]},
"G918": {"type": "Matrix2x2", "payoffs": [[[0,72],[6,53]],[[18,80],[8,0]]]},
"G919": {"type": "Matrix2x2", "payoffs": [[[60,48],[96,51]],[[0,19],[59,0]]]},
"G920": {"type": "Matrix2x2", "payoffs": [[[3,0],[1,4]],[[0,35],[5,75]]]},
"G921": {"type": "Matrix2x2", "payoffs": [[[72,78],[16,43]],[[0,20],[69,0]]]},
"G922": {"type": "Matrix2x2", "payoffs": [[[37,57],[30,0]],[[0,7],[23,22]]]},
"G923": {"type": "Matrix2x2", "payoffs": [[[56,25],[65,92]],[[28,13],[0,0]]]},
"G924": {"type": "Matrix2x2", "payoffs": [[[14,9],[24,96]],[[22,0],[0,8]]]},
"G925": {"type": "Matrix2x2", "payoffs": [[[0,5],[37,52]],[[93,58],[65,0]]]},
"G926": {"type": "Matrix2x2", "payoffs": [[[0,32],[67,74]],[[74,79],[9,0]]]},
"G927": {"type": "Matrix2x2", "payoffs": [[[31,11],[66,17]],[[0,15],[25,0]]]},
"G928": {"type": "Matrix2x2", "payoffs": [[[9,30],[0,0]],[[38,92],[37,4]]]},
"G929": {"type": "Matrix2x2", "payoffs": [[[0,0],[3,19]],[[6,24],[7,37]]]},
"G930": {"type": "Matrix2x2", "payoffs": [[[0,18],[37,63]],[[36,0],[17,24]]]},
"G931": {"type": "Matrix2x2", "payoffs": [[[0,0],[32,4]],[[40,73],[11,40]]]},
"G932": {"type": "Matrix2x2", "payoffs": [[[0,47],[27,0]],[[89,59],[37,42]]]},
"G933": {"type": "Matrix2x2", "payoffs": [[[17,0],[22,27]],[[1,2],[0,13]]]},
"G934": {"type": "Matrix2x2", "payoffs": [[[0,32],[25,51]],[[20,0],[41,76]]]},
"G935": {"type": "Matrix2x2", "payoffs": [[[0,0],[2,23]],[[62,49],[58,19]]]},
"G936": {"type": "Matrix2x2", "payoffs": [[[21,55],[58,56]],[[19,0],[0,19]]]},
"G937": {"type": "Matrix2x2", "payoffs": [[[81,94],[0,0]],[[72,44],[64,8]]]},
"G938": {"type": "Matrix2x2", "payoffs": [[[6,0],[18,52]],[[7,51],[0,9]]]},
"G939": {"type": "Matrix2x2", "payoffs": [[[7,66],[3,36]],[[0,8],[1,0]]]},
"G940": {"type": "Matrix2x2", "payoffs": [[[0,31],[11,0]],[[86,43],[84,25]]]},
"G941": {"type": "Matrix2x2", "payoffs": [[[86,35],[68,12]],[[0,0],[88,46]]]},
"G942": {"type": "Matrix2x2", "payoffs": [[[0,0],[6,6]],[[30,7],[17,1]]]},
"G943": {"type": "Matrix2x2", "payoffs": [[[17,50],[3,0]],[[10,33],[0,26]]]},
"G944": {"type": "Matrix2x2", "payoffs": [[[38,18],[46,79]],[[0,34],[44,0]]]},
"G945": {"type": "Matrix2x2", "payoffs": [[[77,69],[4,41]],[[76,0],[0,12]]]},
"G946": {"type": "Matrix2x2", "payoffs": [[[19,79],[15,0]],[[2,8],[0,57]]]},
"G947": {"type": "Matrix2x2", "payoffs": [[[41,0],[84,1]],[[0,3],[85,4]]]},
"G948": {"type": "Matrix2x2", "payoffs": [[[20,17],[0,6]],[[18,5],[12,0]]]},
"G949": {"type": "Matrix2x2", "payoffs": [[[100,26],[75,5]],[[70,1],[0,0]]]},
"G950": {"type": "Matrix2x2", "payoffs": [[[22,0],[0,15]],[[13,9],[31,32]]]},
"G951": {"type": "Matrix2x2", "payoffs": [[[9,0],[16,81]],[[0,65],[8,60]]]},
"G952": {"type": "Matrix2x2", "payoffs": [[[1,0],[0,19]],[[5,92],[3,83]]]},
"G953": {"type": "Matrix2x2", "payoffs": [[[25,0],[31,33]],[[0,24],[27,30]]]},
"G954": {"type": "Matrix2x2", "payoffs": [[[0,14],[32,22]],[[11,8],[24,0]]]},
"G955": {"type": "Matrix2x2", "payoffs": [[[21,2],[0,0]],[[37,11],[5,10]]]},
"G956": {"type": "Matrix2x2", "payoffs": [[[0,0],[5,87]],[[14,81],[43,94]]]},
"G957": {"type": "Matrix2x2", "payoffs": [[[0,5],[58,0]],[[79,23],[43,18]]]},
"G958": {"type": "Matrix2x2", "payoffs": [[[0,0],[49,4]],[[45,21],[59,28]]]},
"G959": {"type": "Matrix2x2", "payoffs": [[[23,0],[92,3]],[[0,1],[69,2]]]},
"G960": {"type": "Matrix2x2", "payoffs": [[[0,41],[25,0]],[[42,37],[45,72]]]},
"G961": {"type": "Matrix2x2", "payoffs": [[[34,15],[55,48]],[[0,0],[22,1]]]},
"G962": {"type": "Matrix2x2", "payoffs": [[[33,0],[96,18]],[[26,6],[0,7]]]},
"G963": {"type": "Matrix2x2", "payoffs": [[[80,10],[83,70]],[[42,47],[0,0]]]},
"G964": {"type": "Matrix2x2", "payoffs": [[[78,70],[74,16]],[[75,48],[0,0]]]},
"G965": {"type": "Matrix2x2", "payoffs": [[[0,5],[60,10]],[[57,8],[48,0]]]},
"G966": {"type": "Matrix2x2", "payoffs": [[[0,0],[43,5]],[[41,39],[61,61]]]},
"G967": {"type": "Matrix2x2", "payoffs": [[[28,29],[60,39]],[[9,23],[0,0]]]},
"G968": {"type": "Matrix2x2", "payoffs": [[[0,0],[18,17]],[[19,43],[7,30]]]},
"G969": {"type": "Matrix2x2", "payoffs": [[[58,0],[9,4]],[[0,5],[70,11]]]},
"G970": {"type": "Matrix2x2", "payoffs": [[[67,6],[33,0]],[[73,11],[0,8]]]},
"G971": {"type": "Matrix2x2", "payoffs": [[[62,34],[78,58]],[[0,4],[25,0]]]},
"G972": {"type": "Matrix2x2", "payoffs": [[[5,0],[0,32]],[[9,47],[7,37]]]},
"G973": {"type": "Matrix2x2", "payoffs": [[[0,24],[29,0]],[[33,39],[12,3]]]},
"G974": {"type": "Matrix2x2", "payoffs": [[[49,33],[18,0]],[[3,30],[0,22]]]},
"G975": {"type": "Matrix2x2", "payoffs": [[[20,35],[2,0]],[[25,44],[0,28]]]},
"G976": {"type": "Matrix2x2", "payoffs": [[[0,0],[82,10]],[[86,20],[54,12]]]},
"G977": {"type": "Matrix2x2", "payoffs": [[[0,0],[25,35]],[[11,6],[14,28]]]},
"G978": {"type": "Matrix2x2", "payoffs": [[[43,2],[54,0]],[[0,11],[100,29]]]},
"G979": {"type": "Matrix2x2", "payoffs": [[[0,0],[31,1]],[[59,26],[65,65]]]},
"G980": {"type": "Matrix2x2", "payoffs": [[[0,75],[21,0]],[[22,24],[46,76]]]},
"G981": {"type": "Matrix2x2", "payoffs": [[[4,0],[36,10]],[[38,17],[0,11]]]},
"G982": {"type": "Matrix2x2", "payoffs": [[[0,27],[37,0]],[[45,33],[21,4]]]},
"G983": {"type": "Matrix2x2", "payoffs": [[[71,40],[67,20]],[[0,0],[63,35]]]},
"G984": {"type": "Matrix2x2", "payoffs": [[[62,11],[92,78]],[[0,67],[60,0]]]},
"G985": {"type": "Matrix2x2", "payoffs": [[[1,0],[5,29]],[[2,24],[0,27]]]},
"G986": {"type": "Matrix2x2", "payoffs": [[[1,1],[4,4]],[[0,0],[2,2]]]},
"G987": {"type": "Matrix2x2", "payoffs": [[[68,85],[0,83]],[[17,29],[11,0]]]},
"G988": {"type": "Matrix2x2", "payoffs": [[[15,0],[68,63]],[[44,29],[0,24]]]},
"G989": {"type": "Matrix2x2", "payoffs": [[[0,0],[32,32]],[[75,84],[43,14]]]},
"G990": {"type": "Matrix2x2", "payoffs": [[[43,45],[52,0]],[[94,55],[0,39]]]},
"G991": {"type": "Matrix2x2", "payoffs": [[[0,27],[51,0]],[[68,34],[32,17]]]},
"G992": {"type": "Matrix2x2", "payoffs": [[[16,38],[5,12]],[[14,0],[0,28]]]},
"G993": {"type": "Matrix2x2", "payoffs": [[[3,4],[10,17]],[[9,0],[0,6]]]},
"G994": {"type": "Matrix2x2", "payoffs": [[[34,0],[0,4]],[[42,5],[46,6]]]},
"G995": {"type": "Matrix2x2", "payoffs": [[[3,6],[2,0]],[[0,3],[1,5]]]},
"G996": {"type": "Matrix2x2", "payoffs": [[[16,84],[8,51]],[[46,88],[0,0]]]},
"G997": {"type": "Matrix2x2", "payoffs": [[[0,11],[18,89]],[[3,0],[8,67]]]},
"G998": {"type": "Matrix2x2", "payoffs": [[[7,11],[0,0]],[[15,62],[5,7]]]},
"G999": {"type": "Matrix2x2", "payoffs": [[[26,54],[0,24]],[[9,0],[16,15]]]},
"G1000": {"type": "Matrix2x2", "payoffs": [[[34,78],[0,5]],[[21,0],[6,32]]]}
}