{
"numGames": 100,
"G1": {"type": "Matrix2x2", "payoffs": [[[20,3],[51,61]],[[13,23],[0,0]]]},
"G2": {"type": "Matrix2x2", "payoffs": [[[36,4],[0,0]],[[25,27],[80,34]]]},
"G3": {"type": "Matrix2x2", "payoffs": [[[9,6],[25,49]],[[0,0],[19,12]]]},
"G4": {"type": "Matrix2x2", "payoffs": [[[9,0],[1,16]],[[0,50],[75,85]]]},
"G5": {"type": "Matrix2x2", "payoffs": [[[22,31],[24,0]],[[26,44],[0,13]]]},
"G6": {"type": "Matrix2x2", "payoffs": [[[0,16],[37,6]],[[54,19],[28,0]]]},
"G7": {"type": "Matrix2x2", "payoffs": [[[36,47],[0,39]],[[12,15],[4,0]]]},
"G8": {"type": "Matrix2x2", "payoffs": [[[21,0],[98,23]],[[0,2],[86,8]]]},
"G9": {"type": "Matrix2x2", "payoffs": [[[51,0],[66,10]],[[25,9],[0,6]]]},
"G10": {"type": "Matrix2x2", "payoffs": [[[17,1],[25,2]],[[0,0],[29,3]]]},
"G11": {"type": "Matrix2x2", "payoffs": [[[92,85],[90,81]],[[67,25],[0,0]]]},
"G12": {"type": "Matrix2x2", "payoffs": [[[24,17],[0,30]],[[9,0],[26,66]]]},
"G13": {"type": "Matrix2x2", "payoffs": [[[93,68],[77,0]],[[0,21],[60,39]]]},
"G14": {"type": "Matrix2x2", "payoffs": [[[4,12],[0,0]],[[10,30],[3,5]]]},
"G15": {"type": "Matrix2x2", "payoffs": [[[8,18],[49,0]],[[55,63],[0,54]]]},
"G16": {"type": "Matrix2x2", "payoffs": [[[0,0],[37,9]],[[51,43],[43,6]]]},
"G17": {"type": "Matrix2x2", "payoffs": [[[78,63],[76,56]],[[0,0],[38,7]]]},
"G18": {"type": "Matrix2x2", "payoffs": [[[0,13],[5,0]],[[6,6],[11,19]]]},
"G19": {"type": "Matrix2x2", "payoffs": [[[2,34],[0,20]],[[8,0],[9,68]]]},
"G20": {"type": "Matrix2x2", "payoffs": [[[0,8],[15,0]],[[6,3],[21,9]]]},
"G21": {"type": "Matrix2x2", "payoffs": [[[3,28],[33,69]],[[4,6],[0,0]]]},
"G22": {"type": "Matrix2x2", "payoffs": [[[20,77],[0,19]],[[14,17],[11,0]]]},
"G23": {"type": "Matrix2x2", "payoffs": [[[27,27],[0,0]],[[17,58],[37,71]]]},
"G24": {"type": "Matrix2x2", "payoffs": [[[68,67],[42,45]],[[0,55],[16,0]]]},
"G25": {"type": "Matrix2x2", "payoffs": [[[95,15],[39,6]],[[0,0],[70,4]]]},
"G26": {"type": "Matrix2x2", "payoffs": [[[2,30],[66,47]],[[46,28],[0,0]]]},
"G27": {"type": "Matrix2x2", "payoffs": [[[70,34],[52,16]],[[2,32],[0,0]]]},
"G28": {"type": "Matrix2x2", "payoffs": [[[21,3],[35,15]],[[0,0],[41,82]]]},
"G29": {"type": "Matrix2x2", "payoffs": [[[59,78],[38,0]],[[43,23],[0,1]]]},
"G30": {"type": "Matrix2x2", "payoffs": [[[46,51],[16,38]],[[0,29],[8,0]]]},
"G31": {"type": "Matrix2x2", "payoffs": [[[0,34],[67,0]],[[35,30],[96,55]]]},
"G32": {"type": "Matrix2x2", "payoffs": [[[5,3],[0,0]],[[31,11],[9,1]]]},
"G33": {"type": "Matrix2x2", "payoffs": [[[0,0],[1,35]],[[21,5],[23,48]]]},
"G34": {"type": "Matrix2x2", "payoffs": [[[11,24],[0,0]],[[17,54],[43,67]]]},
"G35": {"type": "Matrix2x2", "payoffs": [[[23,58],[0,68]],[[8,0],[27,75]]]},
"G36": {"type": "Matrix2x2", "payoffs": [[[0,2],[7,1]],[[36,3],[23,0]]]},
"G37": {"type": "Matrix2x2", "payoffs": [[[17,2],[0,34]],[[77,39],[76,0]]]},
"G38": {"type": "Matrix2x2", "payoffs": [[[78,56],[94,62]],[[24,0],[0,4]]]},
"G39": {"type": "Matrix2x2", "payoffs": [[[0,34],[49,33]],[[87,97],[37,0]]]},
"G40": {"type": "Matrix2x2", "payoffs": [[[45,0],[42,2]],[[46,37],[0,12]]]},
"G41": {"type": "Matrix2x2", "payoffs": [[[58,33],[42,29]],[[0,27],[30,0]]]},
"G42": {"type": "Matrix2x2", "payoffs": [[[0,11],[65,21]],[[63,13],[17,0]]]},
"G43": {"type": "Matrix2x2", "payoffs": [[[11,0],[29,39]],[[2,34],[0,26]]]},
"G44": {"type": "Matrix2x2", "payoffs": [[[82,58],[54,1]],[[37,0],[0,40]]]},
"G45": {"type": "Matrix2x2", "payoffs": [[[86,5],[22,4]],[[0,0],[78,1]]]},
"G46": {"type": "Matrix2x2", "payoffs": [[[26,28],[13,7]],[[4,10],[0,0]]]},
"G47": {"type": "Matrix2x2", "payoffs": [[[0,5],[44,0]],[[45,17],[17,6]]]},
"G48": {"type": "Matrix2x2", "payoffs": [[[71,37],[41,0]],[[0,10],[70,30]]]},
"G49": {"type": "Matrix2x2", "payoffs": [[[18,10],[99,16]],[[0,0],[54,6]]]},
"G50": {"type": "Matrix2x2", "payoffs": [[[15,0],[52,51]],[[48,45],[0,49]]]},
"G51": {"type": "Matrix2x2", "payoffs": [[[74,71],[0,46]],[[63,0],[1,7]]]},
"G52": {"type": "Matrix2x2", "payoffs": [[[88,0],[45,5]],[[0,11],[92,15]]]},
"G53": {"type": "Matrix2x2", "payoffs": [[[45,0],[69,61]],[[0,23],[32,30]]]},
"G54": {"type": "Matrix2x2", "payoffs": [[[40,46],[2,0]],[[0,17],[1,18]]]},
"G55": {"type": "Matrix2x2", "payoffs": [[[46,54],[0,44]],[[14,0],[18,31]]]},
"G56": {"type": "Matrix2x2", "payoffs": [[[0,3],[20,9]],[[1,4],[12,0]]]},
"G57": {"type": "Matrix2x2", "payoffs": [[[1,0],[49,73]],[[43,31],[0,47]]]},
"G58": {"type": "Matrix2x2", "payoffs": [[[7,38],[12,40]],[[0,15],[5,0]]]},
"G59": {"type": "Matrix2x2", "payoffs": [[[6,29],[30,36]],[[0,0],[12,35]]]},
"G60": {"type": "Matrix2x2", "payoffs": [[[6,12],[0,14]],[[8,18],[1,0]]]},
"G61": {"type": "Matrix2x2", "payoffs": [[[23,0],[95,18]],[[0,16],[54,11]]]},
"G62": {"type": "Matrix2x2", "payoffs": [[[26,20],[0,0]],[[32,32],[34,60]]]},
"G63": {"type": "Matrix2x2", "payoffs": [[[0,29],[81,0]],[[75,46],[91,67]]]},
"G64": {"type": "Matrix2x2", "payoffs": [[[2,2],[4,3]],[[0,0],[5,9]]]},
"G65": {"type": "Matrix2x2", "payoffs": [[[35,20],[97,84]],[[91,28],[0,0]]]},
"G66": {"type": "Matrix2x2", "payoffs": [[[0,1],[3,21]],[[32,68],[21,0]]]},
"G67": {"type": "Matrix2x2", "payoffs": [[[56,19],[0,7]],[[57,0],[62,27]]]},
"G68": {"type": "Matrix2x2", "payoffs": [[[10,9],[5,0]],[[0,3],[3,4]]]},
"G69": {"type": "Matrix2x2", "payoffs": [[[80,38],[5,17]],[[6,12],[0,0]]]},
"G70": {"type": "Matrix2x2", "payoffs": [[[37,0],[0,22]],[[3,35],[44,36]]]},
"G71": {"type": "Matrix2x2", "payoffs": [[[88,70],[49,18]],[[0,0],[1,14]]]},
"G72": {"type": "Matrix2x2", "payoffs": [[[5,50],[0,33]],[[44,95],[21,0]]]},
"G73": {"type": "Matrix2x2", "payoffs": [[[39,0],[73,17]],[[0,2],[56,13]]]},
"G74": {"type": "Matrix2x2", "payoffs": [[[68,11],[43,8]],[[96,16],[0,0]]]},
"G75": {"type": "Matrix2x2", "payoffs": [[[0,0],[34,62]],[[66,20],[97,76]]]},
"G76": {"type": "Matrix2x2", "payoffs": [[[11,4],[0,0]],[[33,31],[34,33]]]},
"G77": {"type": "Matrix2x2", "payoffs": [[[34,33],[15,0]],[[0,13],[23,15]]]},
"G78": {"type": "Matrix2x2", "payoffs": [[[13,0],[0,26]],[[30,35],[27,5]]]},
"G79": {"type": "Matrix2x2", "payoffs": [[[0,12],[1,17]],[[51,0],[75,18]]]},
"G80": {"type": "Matrix2x2", "payoffs": [[[6,0],[0,24]],[[84,22],[96,26]]]},
"G81": {"type": "Matrix2x2", "payoffs": [[[43,75],[0,0]],[[22,50],[17,2]]]},
"G82": {"type": "Matrix2x2", "payoffs": [[[65,88],[0,19]],[[60,56],[47,0]]]},
"G83": {"type": "Matrix2x2", "payoffs": [[[0,76],[57,74]],[[61,88],[47,0]]]},
"G84": {"type": "Matrix2x2", "payoffs": [[[30,6],[0,13]],[[19,0],[75,20]]]},
"G85": {"type": "Matrix2x2", "payoffs": [[[9,10],[1,15]],[[19,17],[0,0]]]},
"G86": {"type": "Matrix2x2", "payoffs": [[[0,0],[61,41]],[[93,50],[64,40]]]},
"G87": {"type": "Matrix2x2", "payoffs": [[[0,34],[1,12]],[[2,0],[3,45]]]},
"G88": {"type": "Matrix2x2", "payoffs": [[[77,52],[6,15]],[[64,1],[0,0]]]},
"G89": {"type": "Matrix2x2", "payoffs": [[[36,20],[33,10]],[[0,13],[29,0]]]},
"G90": {"type": "Matrix2x2", "payoffs": [[[33,5],[0,0]],[[31,8],[84,23]]]},
"G91": {"type": "Matrix2x2", "payoffs": [[[13,0],[43,32]],[[0,9],[14,19]]]},
"G92": {"type": "Matrix2x2", "payoffs": [[[0,3],[5,0]],[[9,42],[6,18]]]},
"G93": {"type": "Matrix2x2", "payoffs": [[[53,3],[61,23]],[[18,0],[0,10]]]},
"G94": {"type": "Matrix2x2", "payoffs": [[[21,16],[0,62]],[[32,0],[54,82]]]},
"G95": {"type": "Matrix2x2", "payoffs": [[[0,43],[40,48]],[[70,94],[32,0]]]},
"G96": {"type": "Matrix2x2", "payoffs": [[[0,4],[95,9]],[[15,3],[66,0]]]},
"G97": {"type": "Matrix2x2", "payoffs": [[[16,55],[8,21]],[[14,32],[0,0]]]},
"G98": {"type": "Matrix2x2", "payoffs": [[[2,12],[0,58]],[[6,0],[7,70]]]},
"G99": {"type": "Matrix2x2", "payoffs": [[[33,71],[22,45]],[[7,18],[0,0]]]},
"G100": {"type": "Matrix2x2", "payoffs": [[[29,96],[0,63]],[[22,0],[67,97]]]}
}