{
"numGames": 1000,
"G1": {"type": "Matrix2x2", "payoffs": [[[33,23],[0,0]],[[31,8],[22,17]]]},
"G2": {"type": "Matrix2x2", "payoffs": [[[30,86],[10,2]],[[23,0],[0,17]]]},
"G3": {"type": "Matrix2x2", "payoffs": [[[33,95],[20,28]],[[2,7],[0,0]]]},
"G4": {"type": "Matrix2x2", "payoffs": [[[66,22],[3,7]],[[0,0],[50,4]]]},
"G5": {"type": "Matrix2x2", "payoffs": [[[28,0],[23,37]],[[50,66],[0,60]]]},
"G6": {"type": "Matrix2x2", "payoffs": [[[0,0],[26,18]],[[21,24],[33,43]]]},
"G7": {"type": "Matrix2x2", "payoffs": [[[7,0],[1,13]],[[0,23],[8,58]]]},
"G8": {"type": "Matrix2x2", "payoffs": [[[18,66],[5,59]],[[3,0],[0,30]]]},
"G9": {"type": "Matrix2x2", "payoffs": [[[5,14],[0,0]],[[9,29],[6,1]]]},
"G10": {"type": "Matrix2x2", "payoffs": [[[73,51],[7,0]],[[0,8],[76,69]]]},
"G11": {"type": "Matrix2x2", "payoffs": [[[7,28],[4,0]],[[6,4],[0,27]]]},
"G12": {"type": "Matrix2x2", "payoffs": [[[0,59],[35,82]],[[32,0],[10,49]]]},
"G13": {"type": "Matrix2x2", "payoffs": [[[1,0],[29,56]],[[59,98],[0,91]]]},
"G14": {"type": "Matrix2x2", "payoffs": [[[7,44],[0,0]],[[28,98],[4,93]]]},
"G15": {"type": "Matrix2x2", "payoffs": [[[92,49],[72,0]],[[97,64],[0,29]]]},
"G16": {"type": "Matrix2x2", "payoffs": [[[86,8],[81,27]],[[96,63],[0,0]]]},
"G17": {"type": "Matrix2x2", "payoffs": [[[18,25],[4,15]],[[7,6],[0,0]]]},
"G18": {"type": "Matrix2x2", "payoffs": [[[21,38],[28,0]],[[45,100],[0,45]]]},
"G19": {"type": "Matrix2x2", "payoffs": [[[4,13],[48,46]],[[0,0],[32,38]]]},
"G20": {"type": "Matrix2x2", "payoffs": [[[0,0],[4,57]],[[1,73],[43,87]]]},
"G21": {"type": "Matrix2x2", "payoffs": [[[5,19],[33,43]],[[18,0],[0,42]]]},
"G22": {"type": "Matrix2x2", "payoffs": [[[53,12],[1,1]],[[48,0],[0,6]]]},
"G23": {"type": "Matrix2x2", "payoffs": [[[33,2],[0,0]],[[71,6],[92,8]]]},
"G24": {"type": "Matrix2x2", "payoffs": [[[49,32],[1,3]],[[66,34],[0,0]]]},
"G25": {"type": "Matrix2x2", "payoffs": [[[24,89],[12,86]],[[0,0],[3,81]]]},
"G26": {"type": "Matrix2x2", "payoffs": [[[64,16],[40,13]],[[69,18],[0,0]]]},
"G27": {"type": "Matrix2x2", "payoffs": [[[35,0],[0,2]],[[21,1],[68,3]]]},
"G28": {"type": "Matrix2x2", "payoffs": [[[0,0],[14,4]],[[50,8],[7,1]]]},
"G29": {"type": "Matrix2x2", "payoffs": [[[59,55],[26,0]],[[0,4],[2,39]]]},
"G30": {"type": "Matrix2x2", "payoffs": [[[27,42],[51,76]],[[0,22],[4,0]]]},
"G31": {"type": "Matrix2x2", "payoffs": [[[21,79],[0,65]],[[18,7],[7,0]]]},
"G32": {"type": "Matrix2x2", "payoffs": [[[0,0],[43,84]],[[8,58],[39,9]]]},
"G33": {"type": "Matrix2x2", "payoffs": [[[0,0],[43,21]],[[63,71],[72,79]]]},
"G34": {"type": "Matrix2x2", "payoffs": [[[0,0],[47,13]],[[32,1],[19,4]]]},
"G35": {"type": "Matrix2x2", "payoffs": [[[67,11],[0,3]],[[38,0],[24,8]]]},
"G36": {"type": "Matrix2x2", "payoffs": [[[23,0],[90,6]],[[69,4],[0,5]]]},
"G37": {"type": "Matrix2x2", "payoffs": [[[57,12],[41,15]],[[77,35],[0,0]]]},
"G38": {"type": "Matrix2x2", "payoffs": [[[0,20],[10,0]],[[88,77],[7,63]]]},
"G39": {"type": "Matrix2x2", "payoffs": [[[65,49],[0,0]],[[77,83],[30,81]]]},
"G40": {"type": "Matrix2x2", "payoffs": [[[6,0],[14,80]],[[10,61],[0,59]]]},
"G41": {"type": "Matrix2x2", "payoffs": [[[38,75],[17,32]],[[15,34],[0,0]]]},
"G42": {"type": "Matrix2x2", "payoffs": [[[82,83],[21,18]],[[0,16],[73,0]]]},
"G43": {"type": "Matrix2x2", "payoffs": [[[66,28],[57,26]],[[50,0],[0,11]]]},
"G44": {"type": "Matrix2x2", "payoffs": [[[0,49],[97,98]],[[47,30],[18,0]]]},
"G45": {"type": "Matrix2x2", "payoffs": [[[1,0],[0,13]],[[17,25],[3,23]]]},
"G46": {"type": "Matrix2x2", "payoffs": [[[15,14],[34,42]],[[0,0],[30,37]]]},
"G47": {"type": "Matrix2x2", "payoffs": [[[0,3],[36,14]],[[31,10],[14,0]]]},
"G48": {"type": "Matrix2x2", "payoffs": [[[12,66],[9,26]],[[0,0],[3,27]]]},
"G49": {"type": "Matrix2x2", "payoffs": [[[30,15],[27,0]],[[14,3],[0,12]]]},
"G50": {"type": "Matrix2x2", "payoffs": [[[0,65],[57,67]],[[48,40],[4,0]]]},
"G51": {"type": "Matrix2x2", "payoffs": [[[0,0],[22,58]],[[12,42],[31,60]]]},
"G52": {"type": "Matrix2x2", "payoffs": [[[14,37],[2,35]],[[0,6],[13,0]]]},
"G53": {"type": "Matrix2x2", "payoffs": [[[18,6],[1,3]],[[13,0],[0,2]]]},
"G54": {"type": "Matrix2x2", "payoffs": [[[23,25],[0,5]],[[12,12],[17,0]]]},
"G55": {"type": "Matrix2x2", "payoffs": [[[0,25],[63,18]],[[91,41],[15,0]]]},
"G56": {"type": "Matrix2x2", "payoffs": [[[0,8],[21,0]],[[15,45],[71,73]]]},
"G57": {"type": "Matrix2x2", "payoffs": [[[2,73],[59,94]],[[89,98],[0,0]]]},
"G58": {"type": "Matrix2x2", "payoffs": [[[19,44],[0,0]],[[15,50],[22,66]]]},
"G59": {"type": "Matrix2x2", "payoffs": [[[5,1],[63,7]],[[12,5],[0,0]]]},
"G60": {"type": "Matrix2x2", "payoffs": [[[0,76],[2,0]],[[1,74],[3,83]]]},
"G61": {"type": "Matrix2x2", "payoffs": [[[3,5],[4,30]],[[2,25],[0,0]]]},
"G62": {"type": "Matrix2x2", "payoffs": [[[28,86],[24,47]],[[0,0],[10,57]]]},
"G63": {"type": "Matrix2x2", "payoffs": [[[2,70],[0,73]],[[14,0],[58,99]]]},
"G64": {"type": "Matrix2x2", "payoffs": [[[0,38],[44,70]],[[3,0],[15,31]]]},
"G65": {"type": "Matrix2x2", "payoffs": [[[51,56],[83,63]],[[0,58],[19,0]]]},
"G66": {"type": "Matrix2x2", "payoffs": [[[28,29],[0,0]],[[19,23],[5,26]]]},
"G67": {"type": "Matrix2x2", "payoffs": [[[54,46],[68,9]],[[76,60],[0,0]]]},
"G68": {"type": "Matrix2x2", "payoffs": [[[0,9],[1,0]],[[2,32],[3,77]]]},
"G69": {"type": "Matrix2x2", "payoffs": [[[23,0],[25,47]],[[9,6],[0,44]]]},
"G70": {"type": "Matrix2x2", "payoffs": [[[0,0],[34,1]],[[3,3],[38,22]]]},
"G71": {"type": "Matrix2x2", "payoffs": [[[56,8],[0,0]],[[58,89],[17,86]]]},
"G72": {"type": "Matrix2x2", "payoffs": [[[33,59],[32,0]],[[38,73],[0,66]]]},
"G73": {"type": "Matrix2x2", "payoffs": [[[0,6],[5,0]],[[8,11],[7,4]]]},
"G74": {"type": "Matrix2x2", "payoffs": [[[78,40],[0,34]],[[12,33],[58,0]]]},
"G75": {"type": "Matrix2x2", "payoffs": [[[49,15],[40,21]],[[88,31],[0,0]]]},
"G76": {"type": "Matrix2x2", "payoffs": [[[37,20],[22,9]],[[0,0],[3,8]]]},
"G77": {"type": "Matrix2x2", "payoffs": [[[40,24],[0,17]],[[85,70],[69,0]]]},
"G78": {"type": "Matrix2x2", "payoffs": [[[50,28],[0,0]],[[19,12],[13,15]]]},
"G79": {"type": "Matrix2x2", "payoffs": [[[13,28],[24,68]],[[18,0],[0,35]]]},
"G80": {"type": "Matrix2x2", "payoffs": [[[0,43],[31,10]],[[5,0],[72,98]]]},
"G81": {"type": "Matrix2x2", "payoffs": [[[80,41],[0,37]],[[64,4],[4,0]]]},
"G82": {"type": "Matrix2x2", "payoffs": [[[2,40],[0,0]],[[11,43],[10,21]]]},
"G83": {"type": "Matrix2x2", "payoffs": [[[4,0],[49,96]],[[0,12],[32,42]]]},
"G84": {"type": "Matrix2x2", "payoffs": [[[0,0],[6,60]],[[2,11],[5,8]]]},
"G85": {"type": "Matrix2x2", "payoffs": [[[0,22],[41,0]],[[22,12],[43,89]]]},
"G86": {"type": "Matrix2x2", "payoffs": [[[58,62],[0,0]],[[71,93],[25,42]]]},
"G87": {"type": "Matrix2x2", "payoffs": [[[40,2],[11,4]],[[0,0],[41,10]]]},
"G88": {"type": "Matrix2x2", "payoffs": [[[0,5],[1,0]],[[16,12],[11,8]]]},
"G89": {"type": "Matrix2x2", "payoffs": [[[27,0],[0,49]],[[43,81],[2,76]]]},
"G90": {"type": "Matrix2x2", "payoffs": [[[0,8],[61,14]],[[25,3],[60,0]]]},
"G91": {"type": "Matrix2x2", "payoffs": [[[0,0],[4,6]],[[70,23],[72,25]]]},
"G92": {"type": "Matrix2x2", "payoffs": [[[47,3],[0,2]],[[42,0],[3,1]]]},
"G93": {"type": "Matrix2x2", "payoffs": [[[1,52],[8,63]],[[6,0],[0,39]]]},
"G94": {"type": "Matrix2x2", "payoffs": [[[27,90],[0,15]],[[4,0],[11,52]]]},
"G95": {"type": "Matrix2x2", "payoffs": [[[52,0],[57,92]],[[0,8],[47,23]]]},
"G96": {"type": "Matrix2x2", "payoffs": [[[1,0],[0,9]],[[3,50],[2,37]]]},
"G97": {"type": "Matrix2x2", "payoffs": [[[42,79],[16,9]],[[0,45],[30,0]]]},
"G98": {"type": "Matrix2x2", "payoffs": [[[6,53],[0,0]],[[4,42],[1,46]]]},
"G99": {"type": "Matrix2x2", "payoffs": [[[52,4],[21,2]],[[2,0],[0,3]]]},
"G100": {"type": "Matrix2x2", "payoffs": [[[94,92],[0,20]],[[64,1],[32,0]]]},
"G101": {"type": "Matrix2x2", "payoffs": [[[100,34],[14,22]],[[78,0],[0,25]]]},
"G102": {"type": "Matrix2x2", "payoffs": [[[23,3],[0,0]],[[4,1],[5,2]]]},
"G103": {"type": "Matrix2x2", "payoffs": [[[9,0],[0,3]],[[19,29],[7,22]]]},
"G104": {"type": "Matrix2x2", "payoffs": [[[0,0],[2,8]],[[34,16],[20,7]]]},
"G105": {"type": "Matrix2x2", "payoffs": [[[0,21],[78,71]],[[83,0],[96,91]]]},
"G106": {"type": "Matrix2x2", "payoffs": [[[43,1],[62,3]],[[0,0],[5,2]]]},
"G107": {"type": "Matrix2x2", "payoffs": [[[58,22],[0,12]],[[51,0],[16,8]]]},
"G108": {"type": "Matrix2x2", "payoffs": [[[24,81],[4,42]],[[1,60],[0,0]]]},
"G109": {"type": "Matrix2x2", "payoffs": [[[1,0],[3,51]],[[2,35],[0,3]]]},
"G110": {"type": "Matrix2x2", "payoffs": [[[7,36],[61,68]],[[0,0],[37,10]]]},
"G111": {"type": "Matrix2x2", "payoffs": [[[95,28],[66,27]],[[0,0],[25,10]]]},
"G112": {"type": "Matrix2x2", "payoffs": [[[50,55],[34,1]],[[0,33],[18,0]]]},
"G113": {"type": "Matrix2x2", "payoffs": [[[8,66],[0,0]],[[53,92],[16,36]]]},
"G114": {"type": "Matrix2x2", "payoffs": [[[47,0],[0,12]],[[27,51],[96,90]]]},
"G115": {"type": "Matrix2x2", "payoffs": [[[0,0],[7,35]],[[8,71],[4,64]]]},
"G116": {"type": "Matrix2x2", "payoffs": [[[9,28],[10,40]],[[4,0],[0,32]]]},
"G117": {"type": "Matrix2x2", "payoffs": [[[0,87],[5,75]],[[6,0],[7,91]]]},
"G118": {"type": "Matrix2x2", "payoffs": [[[0,34],[13,23]],[[3,0],[14,55]]]},
"G119": {"type": "Matrix2x2", "payoffs": [[[0,7],[32,83]],[[25,0],[11,16]]]},
"G120": {"type": "Matrix2x2", "payoffs": [[[12,58],[10,44]],[[6,54],[0,0]]]},
"G121": {"type": "Matrix2x2", "payoffs": [[[0,0],[7,77]],[[58,92],[49,12]]]},
"G122": {"type": "Matrix2x2", "payoffs": [[[7,35],[0,0]],[[3,8],[6,1]]]},
"G123": {"type": "Matrix2x2", "payoffs": [[[61,3],[79,5]],[[0,1],[14,0]]]},
"G124": {"type": "Matrix2x2", "payoffs": [[[0,45],[38,69]],[[11,0],[35,38]]]},
"G125": {"type": "Matrix2x2", "payoffs": [[[0,27],[57,28]],[[43,0],[45,17]]]},
"G126": {"type": "Matrix2x2", "payoffs": [[[45,33],[65,96]],[[0,76],[35,0]]]},
"G127": {"type": "Matrix2x2", "payoffs": [[[18,4],[23,23]],[[0,0],[9,14]]]},
"G128": {"type": "Matrix2x2", "payoffs": [[[22,0],[40,7]],[[46,90],[0,13]]]},
"G129": {"type": "Matrix2x2", "payoffs": [[[100,4],[0,3]],[[49,0],[74,2]]]},
"G130": {"type": "Matrix2x2", "payoffs": [[[36,14],[46,77]],[[12,41],[0,0]]]},
"G131": {"type": "Matrix2x2", "payoffs": [[[88,52],[16,0]],[[0,28],[70,48]]]},
"G132": {"type": "Matrix2x2", "payoffs": [[[4,59],[0,23]],[[3,14],[1,0]]]},
"G133": {"type": "Matrix2x2", "payoffs": [[[81,21],[9,11]],[[59,4],[0,0]]]},
"G134": {"type": "Matrix2x2", "payoffs": [[[15,64],[4,0]],[[0,17],[9,7]]]},
"G135": {"type": "Matrix2x2", "payoffs": [[[57,0],[0,16]],[[65,64],[47,3]]]},
"G136": {"type": "Matrix2x2", "payoffs": [[[28,32],[3,0]],[[38,38],[0,16]]]},
"G137": {"type": "Matrix2x2", "payoffs": [[[13,44],[7,5]],[[1,0],[0,19]]]},
"G138": {"type": "Matrix2x2", "payoffs": [[[81,9],[23,3]],[[59,5],[0,0]]]},
"G139": {"type": "Matrix2x2", "payoffs": [[[13,92],[2,0]],[[6,58],[0,51]]]},
"G140": {"type": "Matrix2x2", "payoffs": [[[0,13],[37,52]],[[24,0],[34,3]]]},
"G141": {"type": "Matrix2x2", "payoffs": [[[6,83],[0,20]],[[1,0],[3,66]]]},
"G142": {"type": "Matrix2x2", "payoffs": [[[32,0],[40,57]],[[12,47],[0,23]]]},
"G143": {"type": "Matrix2x2", "payoffs": [[[23,71],[0,53]],[[32,78],[14,0]]]},
"G144": {"type": "Matrix2x2", "payoffs": [[[0,2],[25,16]],[[46,33],[36,0]]]},
"G145": {"type": "Matrix2x2", "payoffs": [[[0,0],[54,94]],[[38,77],[36,3]]]},
"G146": {"type": "Matrix2x2", "payoffs": [[[37,27],[0,0]],[[79,44],[29,36]]]},
"G147": {"type": "Matrix2x2", "payoffs": [[[85,86],[0,77]],[[65,5],[51,0]]]},
"G148": {"type": "Matrix2x2", "payoffs": [[[0,23],[17,19]],[[3,0],[26,24]]]},
"G149": {"type": "Matrix2x2", "payoffs": [[[6,29],[24,40]],[[20,0],[0,18]]]},
"G150": {"type": "Matrix2x2", "payoffs": [[[40,5],[66,0]],[[0,2],[77,18]]]},
"G151": {"type": "Matrix2x2", "payoffs": [[[27,75],[13,45]],[[3,0],[0,33]]]},
"G152": {"type": "Matrix2x2", "payoffs": [[[3,5],[4,0]],[[0,7],[44,15]]]},
"G153": {"type": "Matrix2x2", "payoffs": [[[0,0],[50,3]],[[72,10],[68,4]]]},
"G154": {"type": "Matrix2x2", "payoffs": [[[0,20],[42,27]],[[34,0],[14,21]]]},
"G155": {"type": "Matrix2x2", "payoffs": [[[20,7],[51,77]],[[4,51],[0,0]]]},
"G156": {"type": "Matrix2x2", "payoffs": [[[15,0],[3,4]],[[17,6],[0,2]]]},
"G157": {"type": "Matrix2x2", "payoffs": [[[6,68],[0,22]],[[7,84],[4,0]]]},
"G158": {"type": "Matrix2x2", "payoffs": [[[26,31],[14,2]],[[4,30],[0,0]]]},
"G159": {"type": "Matrix2x2", "payoffs": [[[19,0],[0,42]],[[71,45],[42,11]]]},
"G160": {"type": "Matrix2x2", "payoffs": [[[90,66],[9,43]],[[0,33],[74,0]]]},
"G161": {"type": "Matrix2x2", "payoffs": [[[0,61],[72,84]],[[16,0],[12,41]]]},
"G162": {"type": "Matrix2x2", "payoffs": [[[0,68],[12,0]],[[3,61],[14,81]]]},
"G163": {"type": "Matrix2x2", "payoffs": [[[0,55],[48,0]],[[55,67],[85,73]]]},
"G164": {"type": "Matrix2x2", "payoffs": [[[22,0],[0,15]],[[31,45],[13,3]]]},
"G165": {"type": "Matrix2x2", "payoffs": [[[7,95],[4,64]],[[6,0],[0,74]]]},
"G166": {"type": "Matrix2x2", "payoffs": [[[77,95],[0,0]],[[65,12],[62,80]]]},
"G167": {"type": "Matrix2x2", "payoffs": [[[0,15],[3,0]],[[29,36],[5,21]]]},
"G168": {"type": "Matrix2x2", "payoffs": [[[4,0],[53,14]],[[62,18],[0,2]]]},
"G169": {"type": "Matrix2x2", "payoffs": [[[0,0],[11,46]],[[14,48],[4,32]]]},
"G170": {"type": "Matrix2x2", "payoffs": [[[23,89],[0,42]],[[8,18],[19,0]]]},
"G171": {"type": "Matrix2x2", "payoffs": [[[6,4],[73,6]],[[0,0],[4,3]]]},
"G172": {"type": "Matrix2x2", "payoffs": [[[2,75],[14,85]],[[0,0],[9,83]]]},
"G173": {"type": "Matrix2x2", "payoffs": [[[89,0],[0,8]],[[70,65],[100,84]]]},
"G174": {"type": "Matrix2x2", "payoffs": [[[24,0],[0,25]],[[63,41],[75,48]]]},
"G175": {"type": "Matrix2x2", "payoffs": [[[0,0],[69,6]],[[53,4],[64,2]]]},
"G176": {"type": "Matrix2x2", "payoffs": [[[31,74],[0,10]],[[43,80],[26,0]]]},
"G177": {"type": "Matrix2x2", "payoffs": [[[39,73],[1,65]],[[0,33],[21,0]]]},
"G178": {"type": "Matrix2x2", "payoffs": [[[2,24],[0,0]],[[6,29],[13,42]]]},
"G179": {"type": "Matrix2x2", "payoffs": [[[18,33],[12,3]],[[4,0],[0,28]]]},
"G180": {"type": "Matrix2x2", "payoffs": [[[1,1],[35,0]],[[0,18],[83,21]]]},
"G181": {"type": "Matrix2x2", "payoffs": [[[0,27],[46,96]],[[15,0],[18,73]]]},
"G182": {"type": "Matrix2x2", "payoffs": [[[75,40],[11,0]],[[0,1],[41,17]]]},
"G183": {"type": "Matrix2x2", "payoffs": [[[62,60],[9,42]],[[39,27],[0,0]]]},
"G184": {"type": "Matrix2x2", "payoffs": [[[0,48],[1,33]],[[22,88],[10,0]]]},
"G185": {"type": "Matrix2x2", "payoffs": [[[44,20],[66,44]],[[26,35],[0,0]]]},
"G186": {"type": "Matrix2x2", "payoffs": [[[0,0],[55,87]],[[12,7],[88,90]]]},
"G187": {"type": "Matrix2x2", "payoffs": [[[44,9],[0,25]],[[64,32],[28,0]]]},
"G188": {"type": "Matrix2x2", "payoffs": [[[0,4],[16,0]],[[50,63],[33,8]]]},
"G189": {"type": "Matrix2x2", "payoffs": [[[0,21],[53,0]],[[81,23],[11,8]]]},
"G190": {"type": "Matrix2x2", "payoffs": [[[0,18],[48,19]],[[77,36],[38,0]]]},
"G191": {"type": "Matrix2x2", "payoffs": [[[0,9],[43,0]],[[100,15],[60,2]]]},
"G192": {"type": "Matrix2x2", "payoffs": [[[0,0],[6,30]],[[4,2],[11,32]]]},
"G193": {"type": "Matrix2x2", "payoffs": [[[12,0],[43,32]],[[0,59],[93,91]]]},
"G194": {"type": "Matrix2x2", "payoffs": [[[10,38],[12,100]],[[0,0],[1,28]]]},
"G195": {"type": "Matrix2x2", "payoffs": [[[26,20],[31,97]],[[0,0],[5,57]]]},
"G196": {"type": "Matrix2x2", "payoffs": [[[0,41],[79,63]],[[4,0],[51,24]]]},
"G197": {"type": "Matrix2x2", "payoffs": [[[6,0],[5,76]],[[0,52],[7,87]]]},
"G198": {"type": "Matrix2x2", "payoffs": [[[0,22],[6,13]],[[12,52],[11,0]]]},
"G199": {"type": "Matrix2x2", "payoffs": [[[0,7],[18,5]],[[20,0],[21,14]]]},
"G200": {"type": "Matrix2x2", "payoffs": [[[1,2],[0,0]],[[24,28],[90,54]]]},
"G201": {"type": "Matrix2x2", "payoffs": [[[38,0],[61,23]],[[0,7],[44,22]]]},
"G202": {"type": "Matrix2x2", "payoffs": [[[7,45],[31,0]],[[81,48],[0,42]]]},
"G203": {"type": "Matrix2x2", "payoffs": [[[13,0],[0,23]],[[32,16],[53,46]]]},
"G204": {"type": "Matrix2x2", "payoffs": [[[22,0],[30,16]],[[0,15],[12,7]]]},
"G205": {"type": "Matrix2x2", "payoffs": [[[0,0],[51,30]],[[42,5],[92,41]]]},
"G206": {"type": "Matrix2x2", "payoffs": [[[93,67],[66,25]],[[42,2],[0,0]]]},
"G207": {"type": "Matrix2x2", "payoffs": [[[23,4],[0,8]],[[18,0],[25,13]]]},
"G208": {"type": "Matrix2x2", "payoffs": [[[39,46],[55,65]],[[0,0],[27,38]]]},
"G209": {"type": "Matrix2x2", "payoffs": [[[8,13],[17,16]],[[0,8],[5,0]]]},
"G210": {"type": "Matrix2x2", "payoffs": [[[0,15],[27,43]],[[59,44],[8,0]]]},
"G211": {"type": "Matrix2x2", "payoffs": [[[19,42],[48,53]],[[15,0],[0,25]]]},
"G212": {"type": "Matrix2x2", "payoffs": [[[63,89],[0,0]],[[67,98],[50,29]]]},
"G213": {"type": "Matrix2x2", "payoffs": [[[26,17],[25,16]],[[0,0],[6,7]]]},
"G214": {"type": "Matrix2x2", "payoffs": [[[14,18],[24,51]],[[0,0],[50,88]]]},
"G215": {"type": "Matrix2x2", "payoffs": [[[57,47],[21,0]],[[34,3],[0,7]]]},
"G216": {"type": "Matrix2x2", "payoffs": [[[12,0],[35,54]],[[1,14],[0,51]]]},
"G217": {"type": "Matrix2x2", "payoffs": [[[28,9],[0,41]],[[45,77],[3,0]]]},
"G218": {"type": "Matrix2x2", "payoffs": [[[20,19],[0,65]],[[33,0],[49,94]]]},
"G219": {"type": "Matrix2x2", "payoffs": [[[47,94],[24,0]],[[0,75],[33,35]]]},
"G220": {"type": "Matrix2x2", "payoffs": [[[45,96],[0,30]],[[26,86],[7,0]]]},
"G221": {"type": "Matrix2x2", "payoffs": [[[0,31],[3,0]],[[18,4],[19,61]]]},
"G222": {"type": "Matrix2x2", "payoffs": [[[89,16],[56,2]],[[0,10],[22,0]]]},
"G223": {"type": "Matrix2x2", "payoffs": [[[6,0],[23,15]],[[0,27],[32,46]]]},
"G224": {"type": "Matrix2x2", "payoffs": [[[52,8],[19,28]],[[0,0],[98,32]]]},
"G225": {"type": "Matrix2x2", "payoffs": [[[28,28],[40,69]],[[17,0],[0,20]]]},
"G226": {"type": "Matrix2x2", "payoffs": [[[19,7],[0,14]],[[38,39],[17,0]]]},
"G227": {"type": "Matrix2x2", "payoffs": [[[5,4],[0,0]],[[9,22],[6,21]]]},
"G228": {"type": "Matrix2x2", "payoffs": [[[0,0],[2,35]],[[8,17],[9,93]]]},
"G229": {"type": "Matrix2x2", "payoffs": [[[17,4],[56,40]],[[0,0],[10,24]]]},
"G230": {"type": "Matrix2x2", "payoffs": [[[23,27],[0,12]],[[11,25],[10,0]]]},
"G231": {"type": "Matrix2x2", "payoffs": [[[20,59],[0,28]],[[17,3],[15,0]]]},
"G232": {"type": "Matrix2x2", "payoffs": [[[0,44],[5,0]],[[68,83],[55,25]]]},
"G233": {"type": "Matrix2x2", "payoffs": [[[16,16],[3,33]],[[0,0],[41,43]]]},
"G234": {"type": "Matrix2x2", "payoffs": [[[4,0],[56,17]],[[61,19],[0,13]]]},
"G235": {"type": "Matrix2x2", "payoffs": [[[74,83],[0,0]],[[52,28],[16,37]]]},
"G236": {"type": "Matrix2x2", "payoffs": [[[0,7],[11,4]],[[14,49],[10,0]]]},
"G237": {"type": "Matrix2x2", "payoffs": [[[0,0],[43,34]],[[11,12],[18,11]]]},
"G238": {"type": "Matrix2x2", "payoffs": [[[0,0],[48,44]],[[49,49],[99,98]]]},
"G239": {"type": "Matrix2x2", "payoffs": [[[27,24],[0,0]],[[28,40],[2,17]]]},
"G240": {"type": "Matrix2x2", "payoffs": [[[26,85],[0,0]],[[18,38],[25,42]]]},
"G241": {"type": "Matrix2x2", "payoffs": [[[0,4],[1,3]],[[6,14],[5,0]]]},
"G242": {"type": "Matrix2x2", "payoffs": [[[22,40],[2,31]],[[23,43],[0,0]]]},
"G243": {"type": "Matrix2x2", "payoffs": [[[38,5],[0,0]],[[53,22],[21,19]]]},
"G244": {"type": "Matrix2x2", "payoffs": [[[97,0],[99,67]],[[0,7],[37,43]]]},
"G245": {"type": "Matrix2x2", "payoffs": [[[0,0],[17,5]],[[21,8],[31,11]]]},
"G246": {"type": "Matrix2x2", "payoffs": [[[13,52],[18,0]],[[0,68],[22,76]]]},
"G247": {"type": "Matrix2x2", "payoffs": [[[49,17],[40,0]],[[0,11],[16,13]]]},
"G248": {"type": "Matrix2x2", "payoffs": [[[54,94],[84,99]],[[0,0],[24,30]]]},
"G249": {"type": "Matrix2x2", "payoffs": [[[1,0],[43,45]],[[0,68],[57,73]]]},
"G250": {"type": "Matrix2x2", "payoffs": [[[34,0],[26,18]],[[47,95],[0,24]]]},
"G251": {"type": "Matrix2x2", "payoffs": [[[26,6],[4,2]],[[0,3],[20,0]]]},
"G252": {"type": "Matrix2x2", "payoffs": [[[29,79],[11,39]],[[0,0],[24,52]]]},
"G253": {"type": "Matrix2x2", "payoffs": [[[40,0],[0,16]],[[61,18],[72,30]]]},
"G254": {"type": "Matrix2x2", "payoffs": [[[34,29],[54,0]],[[0,79],[85,81]]]},
"G255": {"type": "Matrix2x2", "payoffs": [[[27,0],[74,45]],[[25,10],[0,9]]]},
"G256": {"type": "Matrix2x2", "payoffs": [[[0,6],[29,32]],[[7,19],[17,0]]]},
"G257": {"type": "Matrix2x2", "payoffs": [[[0,20],[47,51]],[[29,0],[91,77]]]},
"G258": {"type": "Matrix2x2", "payoffs": [[[50,47],[14,39]],[[0,0],[16,42]]]},
"G259": {"type": "Matrix2x2", "payoffs": [[[12,0],[2,1]],[[0,61],[14,79]]]},
"G260": {"type": "Matrix2x2", "payoffs": [[[14,60],[2,0]],[[0,40],[15,69]]]},
"G261": {"type": "Matrix2x2", "payoffs": [[[6,17],[32,3]],[[43,33],[0,0]]]},
"G262": {"type": "Matrix2x2", "payoffs": [[[44,10],[0,0]],[[2,16],[94,22]]]},
"G263": {"type": "Matrix2x2", "payoffs": [[[52,0],[46,13]],[[0,47],[82,79]]]},
"G264": {"type": "Matrix2x2", "payoffs": [[[0,40],[95,68]],[[23,42],[44,0]]]},
"G265": {"type": "Matrix2x2", "payoffs": [[[7,73],[0,0]],[[18,100],[3,22]]]},
"G266": {"type": "Matrix2x2", "payoffs": [[[7,0],[42,39]],[[3,19],[0,20]]]},
"G267": {"type": "Matrix2x2", "payoffs": [[[20,9],[38,1]],[[0,0],[57,20]]]},
"G268": {"type": "Matrix2x2", "payoffs": [[[39,15],[20,13]],[[0,0],[16,6]]]},
"G269": {"type": "Matrix2x2", "payoffs": [[[22,19],[35,38]],[[0,0],[11,33]]]},
"G270": {"type": "Matrix2x2", "payoffs": [[[13,93],[0,50]],[[12,15],[8,0]]]},
"G271": {"type": "Matrix2x2", "payoffs": [[[31,60],[0,0]],[[16,13],[17,47]]]},
"G272": {"type": "Matrix2x2", "payoffs": [[[0,3],[3,0]],[[5,21],[8,22]]]},
"G273": {"type": "Matrix2x2", "payoffs": [[[50,0],[77,67]],[[0,28],[76,2]]]},
"G274": {"type": "Matrix2x2", "payoffs": [[[36,0],[40,91]],[[3,88],[0,87]]]},
"G275": {"type": "Matrix2x2", "payoffs": [[[33,0],[0,61]],[[42,75],[41,49]]]},
"G276": {"type": "Matrix2x2", "payoffs": [[[42,54],[39,0]],[[37,19],[0,6]]]},
"G277": {"type": "Matrix2x2", "payoffs": [[[47,7],[19,15]],[[83,67],[0,0]]]},
"G278": {"type": "Matrix2x2", "payoffs": [[[29,26],[11,10]],[[0,0],[8,24]]]},
"G279": {"type": "Matrix2x2", "payoffs": [[[5,0],[4,34]],[[0,12],[12,97]]]},
"G280": {"type": "Matrix2x2", "payoffs": [[[0,65],[22,26]],[[46,85],[25,0]]]},
"G281": {"type": "Matrix2x2", "payoffs": [[[7,9],[0,0]],[[70,56],[36,53]]]},
"G282": {"type": "Matrix2x2", "payoffs": [[[0,26],[30,41]],[[27,0],[25,33]]]},
"G283": {"type": "Matrix2x2", "payoffs": [[[5,0],[0,28]],[[7,100],[1,50]]]},
"G284": {"type": "Matrix2x2", "payoffs": [[[0,12],[18,68]],[[4,42],[3,0]]]},
"G285": {"type": "Matrix2x2", "payoffs": [[[4,13],[0,0]],[[31,51],[10,30]]]},
"G286": {"type": "Matrix2x2", "payoffs": [[[77,44],[53,4]],[[0,0],[56,42]]]},
"G287": {"type": "Matrix2x2", "payoffs": [[[11,9],[92,86]],[[27,55],[0,0]]]},
"G288": {"type": "Matrix2x2", "payoffs": [[[0,0],[21,73]],[[30,90],[29,62]]]},
"G289": {"type": "Matrix2x2", "payoffs": [[[56,16],[100,49]],[[0,0],[3,22]]]},
"G290": {"type": "Matrix2x2", "payoffs": [[[0,0],[31,24]],[[19,30],[62,41]]]},
"G291": {"type": "Matrix2x2", "payoffs": [[[8,3],[12,7]],[[9,0],[0,6]]]},
"G292": {"type": "Matrix2x2", "payoffs": [[[20,0],[45,65]],[[0,10],[33,5]]]},
"G293": {"type": "Matrix2x2", "payoffs": [[[68,85],[16,75]],[[66,14],[0,0]]]},
"G294": {"type": "Matrix2x2", "payoffs": [[[6,61],[8,75]],[[0,0],[1,45]]]},
"G295": {"type": "Matrix2x2", "payoffs": [[[14,24],[0,0]],[[23,91],[19,81]]]},
"G296": {"type": "Matrix2x2", "payoffs": [[[0,77],[82,80]],[[65,48],[19,0]]]},
"G297": {"type": "Matrix2x2", "payoffs": [[[22,0],[81,94]],[[0,26],[83,95]]]},
"G298": {"type": "Matrix2x2", "payoffs": [[[0,0],[26,2]],[[41,24],[58,43]]]},
"G299": {"type": "Matrix2x2", "payoffs": [[[2,0],[3,13]],[[1,5],[0,2]]]},
"G300": {"type": "Matrix2x2", "payoffs": [[[30,10],[79,33]],[[0,0],[11,6]]]},
"G301": {"type": "Matrix2x2", "payoffs": [[[15,0],[0,12]],[[91,33],[49,20]]]},
"G302": {"type": "Matrix2x2", "payoffs": [[[0,20],[1,0]],[[4,77],[3,48]]]},
"G303": {"type": "Matrix2x2", "payoffs": [[[48,0],[55,1]],[[0,3],[60,4]]]},
"G304": {"type": "Matrix2x2", "payoffs": [[[0,1],[33,0]],[[76,68],[55,36]]]},
"G305": {"type": "Matrix2x2", "payoffs": [[[30,27],[4,0]],[[39,60],[0,31]]]},
"G306": {"type": "Matrix2x2", "payoffs": [[[7,0],[0,59]],[[44,78],[19,1]]]},
"G307": {"type": "Matrix2x2", "payoffs": [[[89,0],[91,94]],[[0,54],[39,40]]]},
"G308": {"type": "Matrix2x2", "payoffs": [[[1,0],[32,23]],[[0,6],[4,9]]]},
"G309": {"type": "Matrix2x2", "payoffs": [[[0,0],[76,69]],[[9,12],[60,24]]]},
"G310": {"type": "Matrix2x2", "payoffs": [[[89,53],[0,40]],[[4,0],[5,45]]]},
"G311": {"type": "Matrix2x2", "payoffs": [[[50,78],[49,53]],[[14,0],[0,15]]]},
"G312": {"type": "Matrix2x2", "payoffs": [[[0,7],[39,0]],[[9,9],[80,10]]]},
"G313": {"type": "Matrix2x2", "payoffs": [[[1,11],[7,1]],[[0,0],[11,54]]]},
"G314": {"type": "Matrix2x2", "payoffs": [[[37,47],[45,99]],[[0,0],[32,87]]]},
"G315": {"type": "Matrix2x2", "payoffs": [[[34,35],[0,2]],[[8,22],[14,0]]]},
"G316": {"type": "Matrix2x2", "payoffs": [[[7,72],[22,89]],[[0,52],[15,0]]]},
"G317": {"type": "Matrix2x2", "payoffs": [[[32,40],[5,36]],[[0,23],[8,0]]]},
"G318": {"type": "Matrix2x2", "payoffs": [[[77,3],[0,0]],[[99,6],[64,1]]]},
"G319": {"type": "Matrix2x2", "payoffs": [[[82,65],[32,10]],[[2,5],[0,0]]]},
"G320": {"type": "Matrix2x2", "payoffs": [[[13,7],[22,45]],[[0,0],[33,66]]]},
"G321": {"type": "Matrix2x2", "payoffs": [[[4,0],[2,30]],[[0,61],[21,74]]]},
"G322": {"type": "Matrix2x2", "payoffs": [[[48,2],[0,0]],[[67,33],[98,76]]]},
"G323": {"type": "Matrix2x2", "payoffs": [[[5,14],[12,0]],[[23,18],[0,12]]]},
"G324": {"type": "Matrix2x2", "payoffs": [[[70,45],[0,9]],[[9,0],[72,73]]]},
"G325": {"type": "Matrix2x2", "payoffs": [[[0,0],[20,48]],[[7,14],[17,24]]]},
"G326": {"type": "Matrix2x2", "payoffs": [[[43,71],[34,86]],[[0,0],[71,100]]]},
"G327": {"type": "Matrix2x2", "payoffs": [[[99,76],[3,22]],[[77,0],[0,11]]]},
"G328": {"type": "Matrix2x2", "payoffs": [[[2,69],[4,71]],[[0,30],[3,0]]]},
"G329": {"type": "Matrix2x2", "payoffs": [[[51,14],[0,0]],[[52,26],[30,6]]]},
"G330": {"type": "Matrix2x2", "payoffs": [[[0,29],[69,4]],[[87,37],[66,0]]]},
"G331": {"type": "Matrix2x2", "payoffs": [[[47,63],[68,76]],[[14,0],[0,71]]]},
"G332": {"type": "Matrix2x2", "payoffs": [[[0,31],[28,0]],[[9,21],[33,90]]]},
"G333": {"type": "Matrix2x2", "payoffs": [[[49,13],[0,0]],[[38,6],[47,8]]]},
"G334": {"type": "Matrix2x2", "payoffs": [[[13,0],[26,22]],[[39,52],[0,4]]]},
"G335": {"type": "Matrix2x2", "payoffs": [[[16,58],[13,54]],[[0,0],[6,45]]]},
"G336": {"type": "Matrix2x2", "payoffs": [[[98,59],[0,0]],[[20,44],[6,30]]]},
"G337": {"type": "Matrix2x2", "payoffs": [[[56,0],[0,40]],[[50,37],[61,45]]]},
"G338": {"type": "Matrix2x2", "payoffs": [[[100,25],[0,0]],[[38,9],[23,4]]]},
"G339": {"type": "Matrix2x2", "payoffs": [[[64,15],[34,9]],[[0,11],[46,0]]]},
"G340": {"type": "Matrix2x2", "payoffs": [[[0,4],[27,6]],[[19,0],[21,5]]]},
"G341": {"type": "Matrix2x2", "payoffs": [[[0,1],[35,5]],[[31,0],[5,3]]]},
"G342": {"type": "Matrix2x2", "payoffs": [[[77,77],[87,89]],[[0,81],[17,0]]]},
"G343": {"type": "Matrix2x2", "payoffs": [[[41,0],[0,36]],[[12,27],[51,50]]]},
"G344": {"type": "Matrix2x2", "payoffs": [[[6,7],[55,4]],[[84,59],[0,0]]]},
"G345": {"type": "Matrix2x2", "payoffs": [[[50,69],[0,0]],[[47,23],[23,36]]]},
"G346": {"type": "Matrix2x2", "payoffs": [[[0,21],[49,30]],[[3,0],[6,24]]]},
"G347": {"type": "Matrix2x2", "payoffs": [[[0,84],[15,75]],[[43,95],[17,0]]]},
"G348": {"type": "Matrix2x2", "payoffs": [[[0,49],[45,0]],[[54,66],[55,68]]]},
"G349": {"type": "Matrix2x2", "payoffs": [[[10,0],[45,22]],[[0,9],[52,83]]]},
"G350": {"type": "Matrix2x2", "payoffs": [[[59,58],[34,12]],[[0,19],[43,0]]]},
"G351": {"type": "Matrix2x2", "payoffs": [[[52,22],[0,0]],[[75,62],[73,2]]]},
"G352": {"type": "Matrix2x2", "payoffs": [[[16,0],[72,6]],[[0,19],[77,23]]]},
"G353": {"type": "Matrix2x2", "payoffs": [[[82,62],[90,79]],[[38,0],[0,19]]]},
"G354": {"type": "Matrix2x2", "payoffs": [[[55,0],[0,15]],[[83,21],[21,5]]]},
"G355": {"type": "Matrix2x2", "payoffs": [[[4,12],[42,0]],[[0,5],[46,26]]]},
"G356": {"type": "Matrix2x2", "payoffs": [[[15,0],[0,8]],[[5,16],[16,99]]]},
"G357": {"type": "Matrix2x2", "payoffs": [[[0,53],[1,0]],[[10,25],[52,58]]]},
"G358": {"type": "Matrix2x2", "payoffs": [[[0,90],[4,5]],[[7,0],[25,99]]]},
"G359": {"type": "Matrix2x2", "payoffs": [[[59,41],[39,39]],[[0,0],[40,10]]]},
"G360": {"type": "Matrix2x2", "payoffs": [[[10,0],[18,62]],[[5,21],[0,46]]]},
"G361": {"type": "Matrix2x2", "payoffs": [[[22,14],[24,84]],[[0,0],[11,2]]]},
"G362": {"type": "Matrix2x2", "payoffs": [[[43,75],[0,15]],[[79,76],[29,0]]]},
"G363": {"type": "Matrix2x2", "payoffs": [[[86,55],[34,25]],[[19,0],[0,4]]]},
"G364": {"type": "Matrix2x2", "payoffs": [[[6,47],[5,0]],[[40,93],[0,78]]]},
"G365": {"type": "Matrix2x2", "payoffs": [[[21,14],[12,12]],[[18,2],[0,0]]]},
"G366": {"type": "Matrix2x2", "payoffs": [[[6,51],[13,78]],[[0,0],[4,40]]]},
"G367": {"type": "Matrix2x2", "payoffs": [[[27,52],[34,48]],[[0,0],[45,72]]]},
"G368": {"type": "Matrix2x2", "payoffs": [[[27,16],[0,0]],[[91,32],[89,17]]]},
"G369": {"type": "Matrix2x2", "payoffs": [[[0,32],[17,44]],[[6,0],[1,5]]]},
"G370": {"type": "Matrix2x2", "payoffs": [[[0,25],[40,48]],[[18,0],[26,44]]]},
"G371": {"type": "Matrix2x2", "payoffs": [[[6,20],[0,11]],[[93,30],[90,0]]]},
"G372": {"type": "Matrix2x2", "payoffs": [[[13,15],[19,34]],[[2,14],[0,0]]]},
"G373": {"type": "Matrix2x2", "payoffs": [[[19,2],[59,3]],[[49,1],[0,0]]]},
"G374": {"type": "Matrix2x2", "payoffs": [[[43,10],[0,35]],[[50,0],[70,88]]]},
"G375": {"type": "Matrix2x2", "payoffs": [[[34,19],[35,52]],[[0,0],[94,72]]]},
"G376": {"type": "Matrix2x2", "payoffs": [[[0,6],[51,0]],[[48,4],[98,15]]]},
"G377": {"type": "Matrix2x2", "payoffs": [[[0,20],[53,0]],[[46,5],[72,26]]]},
"G378": {"type": "Matrix2x2", "payoffs": [[[0,0],[50,34]],[[1,28],[65,50]]]},
"G379": {"type": "Matrix2x2", "payoffs": [[[28,0],[29,42]],[[15,34],[0,19]]]},
"G380": {"type": "Matrix2x2", "payoffs": [[[88,70],[46,15]],[[86,0],[0,35]]]},
"G381": {"type": "Matrix2x2", "payoffs": [[[9,7],[0,5]],[[5,0],[3,3]]]},
"G382": {"type": "Matrix2x2", "payoffs": [[[14,89],[11,83]],[[0,23],[5,0]]]},
"G383": {"type": "Matrix2x2", "payoffs": [[[1,56],[5,64]],[[3,0],[0,13]]]},
"G384": {"type": "Matrix2x2", "payoffs": [[[49,31],[36,24]],[[0,12],[13,0]]]},
"G385": {"type": "Matrix2x2", "payoffs": [[[6,0],[20,30]],[[2,3],[0,29]]]},
"G386": {"type": "Matrix2x2", "payoffs": [[[13,11],[74,34]],[[0,0],[15,1]]]},
"G387": {"type": "Matrix2x2", "payoffs": [[[52,2],[0,1]],[[79,3],[53,0]]]},
"G388": {"type": "Matrix2x2", "payoffs": [[[0,31],[81,26]],[[75,0],[88,51]]]},
"G389": {"type": "Matrix2x2", "payoffs": [[[0,1],[2,11]],[[1,0],[8,19]]]},
"G390": {"type": "Matrix2x2", "payoffs": [[[0,49],[91,0]],[[69,37],[97,51]]]},
"G391": {"type": "Matrix2x2", "payoffs": [[[0,32],[15,22]],[[35,0],[45,34]]]},
"G392": {"type": "Matrix2x2", "payoffs": [[[28,53],[26,0]],[[0,70],[35,91]]]},
"G393": {"type": "Matrix2x2", "payoffs": [[[24,8],[0,4]],[[23,5],[4,0]]]},
"G394": {"type": "Matrix2x2", "payoffs": [[[0,37],[61,48]],[[6,23],[18,0]]]},
"G395": {"type": "Matrix2x2", "payoffs": [[[99,77],[0,30]],[[70,59],[13,0]]]},
"G396": {"type": "Matrix2x2", "payoffs": [[[0,0],[7,3]],[[37,39],[57,47]]]},
"G397": {"type": "Matrix2x2", "payoffs": [[[3,46],[20,0]],[[0,14],[24,85]]]},
"G398": {"type": "Matrix2x2", "payoffs": [[[12,6],[13,67]],[[11,17],[0,0]]]},
"G399": {"type": "Matrix2x2", "payoffs": [[[18,62],[12,40]],[[5,15],[0,0]]]},
"G400": {"type": "Matrix2x2", "payoffs": [[[0,0],[24,10]],[[30,67],[16,41]]]},
"G401": {"type": "Matrix2x2", "payoffs": [[[66,41],[9,0]],[[0,40],[12,18]]]},
"G402": {"type": "Matrix2x2", "payoffs": [[[39,0],[4,83]],[[0,89],[72,91]]]},
"G403": {"type": "Matrix2x2", "payoffs": [[[61,13],[0,22]],[[81,0],[87,49]]]},
"G404": {"type": "Matrix2x2", "payoffs": [[[1,0],[4,15]],[[16,19],[0,5]]]},
"G405": {"type": "Matrix2x2", "payoffs": [[[0,43],[56,2]],[[9,0],[66,50]]]},
"G406": {"type": "Matrix2x2", "payoffs": [[[26,0],[57,56]],[[0,30],[49,6]]]},
"G407": {"type": "Matrix2x2", "payoffs": [[[0,0],[24,26]],[[68,46],[71,47]]]},
"G408": {"type": "Matrix2x2", "payoffs": [[[64,3],[0,0]],[[15,1],[11,2]]]},
"G409": {"type": "Matrix2x2", "payoffs": [[[0,38],[47,17]],[[67,60],[4,0]]]},
"G410": {"type": "Matrix2x2", "payoffs": [[[53,3],[73,63]],[[68,46],[0,0]]]},
"G411": {"type": "Matrix2x2", "payoffs": [[[0,7],[31,0]],[[71,69],[44,5]]]},
"G412": {"type": "Matrix2x2", "payoffs": [[[29,0],[76,56]],[[33,18],[0,53]]]},
"G413": {"type": "Matrix2x2", "payoffs": [[[10,5],[7,17]],[[46,43],[0,0]]]},
"G414": {"type": "Matrix2x2", "payoffs": [[[17,5],[32,16]],[[0,14],[15,0]]]},
"G415": {"type": "Matrix2x2", "payoffs": [[[0,6],[85,50]],[[81,22],[82,0]]]},
"G416": {"type": "Matrix2x2", "payoffs": [[[2,16],[0,14]],[[1,0],[3,20]]]},
"G417": {"type": "Matrix2x2", "payoffs": [[[22,54],[0,0]],[[17,36],[24,66]]]},
"G418": {"type": "Matrix2x2", "payoffs": [[[0,5],[32,18]],[[9,0],[24,7]]]},
"G419": {"type": "Matrix2x2", "payoffs": [[[61,44],[42,0]],[[0,19],[52,40]]]},
"G420": {"type": "Matrix2x2", "payoffs": [[[0,0],[33,4]],[[84,22],[54,12]]]},
"G421": {"type": "Matrix2x2", "payoffs": [[[26,2],[53,11]],[[17,5],[0,0]]]},
"G422": {"type": "Matrix2x2", "payoffs": [[[11,0],[0,56]],[[53,86],[39,60]]]},
"G423": {"type": "Matrix2x2", "payoffs": [[[41,0],[96,78]],[[0,32],[94,61]]]},
"G424": {"type": "Matrix2x2", "payoffs": [[[11,83],[9,0]],[[0,16],[4,59]]]},
"G425": {"type": "Matrix2x2", "payoffs": [[[8,0],[18,45]],[[0,9],[6,5]]]},
"G426": {"type": "Matrix2x2", "payoffs": [[[100,23],[36,13]],[[0,0],[84,6]]]},
"G427": {"type": "Matrix2x2", "payoffs": [[[76,6],[81,11]],[[69,0],[0,10]]]},
"G428": {"type": "Matrix2x2", "payoffs": [[[0,31],[16,12]],[[17,75],[11,0]]]},
"G429": {"type": "Matrix2x2", "payoffs": [[[33,2],[0,0]],[[45,5],[89,6]]]},
"G430": {"type": "Matrix2x2", "payoffs": [[[24,0],[0,17]],[[32,44],[19,39]]]},
"G431": {"type": "Matrix2x2", "payoffs": [[[55,70],[30,0]],[[0,44],[33,7]]]},
"G432": {"type": "Matrix2x2", "payoffs": [[[21,52],[7,31]],[[0,46],[4,0]]]},
"G433": {"type": "Matrix2x2", "payoffs": [[[11,8],[19,66]],[[0,0],[12,41]]]},
"G434": {"type": "Matrix2x2", "payoffs": [[[0,0],[14,20]],[[90,23],[58,9]]]},
"G435": {"type": "Matrix2x2", "payoffs": [[[88,21],[19,6]],[[0,0],[14,1]]]},
"G436": {"type": "Matrix2x2", "payoffs": [[[18,30],[87,0]],[[98,47],[0,6]]]},
"G437": {"type": "Matrix2x2", "payoffs": [[[92,61],[60,4]],[[0,56],[42,0]]]},
"G438": {"type": "Matrix2x2", "payoffs": [[[95,97],[0,90]],[[55,0],[65,47]]]},
"G439": {"type": "Matrix2x2", "payoffs": [[[25,0],[68,49]],[[17,36],[0,17]]]},
"G440": {"type": "Matrix2x2", "payoffs": [[[0,0],[31,16]],[[1,4],[3,1]]]},
"G441": {"type": "Matrix2x2", "payoffs": [[[14,0],[0,35]],[[70,17],[90,63]]]},
"G442": {"type": "Matrix2x2", "payoffs": [[[63,1],[14,2]],[[79,21],[0,0]]]},
"G443": {"type": "Matrix2x2", "payoffs": [[[13,0],[1,10]],[[14,26],[0,3]]]},
"G444": {"type": "Matrix2x2", "payoffs": [[[0,17],[13,0]],[[45,18],[57,25]]]},
"G445": {"type": "Matrix2x2", "payoffs": [[[0,80],[16,46]],[[56,0],[77,85]]]},
"G446": {"type": "Matrix2x2", "payoffs": [[[6,8],[46,89]],[[41,0],[0,22]]]},
"G447": {"type": "Matrix2x2", "payoffs": [[[41,7],[0,0]],[[13,10],[73,12]]]},
"G448": {"type": "Matrix2x2", "payoffs": [[[4,12],[0,0]],[[78,21],[34,20]]]},
"G449": {"type": "Matrix2x2", "payoffs": [[[42,43],[0,56]],[[45,0],[59,98]]]},
"G450": {"type": "Matrix2x2", "payoffs": [[[13,3],[67,8]],[[39,5],[0,0]]]},
"G451": {"type": "Matrix2x2", "payoffs": [[[0,0],[20,3]],[[6,6],[37,8]]]},
"G452": {"type": "Matrix2x2", "payoffs": [[[21,14],[16,12]],[[8,6],[0,0]]]},
"G453": {"type": "Matrix2x2", "payoffs": [[[8,46],[4,0]],[[19,86],[0,51]]]},
"G454": {"type": "Matrix2x2", "payoffs": [[[34,41],[0,59]],[[92,88],[13,0]]]},
"G455": {"type": "Matrix2x2", "payoffs": [[[59,1],[50,4]],[[94,5],[0,0]]]},
"G456": {"type": "Matrix2x2", "payoffs": [[[44,21],[74,53]],[[0,0],[70,39]]]},
"G457": {"type": "Matrix2x2", "payoffs": [[[0,22],[26,0]],[[96,56],[89,12]]]},
"G458": {"type": "Matrix2x2", "payoffs": [[[83,86],[9,0]],[[0,25],[77,74]]]},
"G459": {"type": "Matrix2x2", "payoffs": [[[23,32],[76,35]],[[54,31],[0,0]]]},
"G460": {"type": "Matrix2x2", "payoffs": [[[3,0],[0,8]],[[1,25],[4,37]]]},
"G461": {"type": "Matrix2x2", "payoffs": [[[65,29],[0,14]],[[51,20],[60,0]]]},
"G462": {"type": "Matrix2x2", "payoffs": [[[2,34],[0,54]],[[74,63],[9,0]]]},
"G463": {"type": "Matrix2x2", "payoffs": [[[27,27],[10,6]],[[0,0],[33,98]]]},
"G464": {"type": "Matrix2x2", "payoffs": [[[37,58],[0,31]],[[23,57],[5,0]]]},
"G465": {"type": "Matrix2x2", "payoffs": [[[3,0],[10,80]],[[0,59],[2,74]]]},
"G466": {"type": "Matrix2x2", "payoffs": [[[6,15],[8,77]],[[78,92],[0,0]]]},
"G467": {"type": "Matrix2x2", "payoffs": [[[0,10],[8,20]],[[16,0],[21,32]]]},
"G468": {"type": "Matrix2x2", "payoffs": [[[25,21],[0,15]],[[3,0],[2,8]]]},
"G469": {"type": "Matrix2x2", "payoffs": [[[13,0],[26,48]],[[3,45],[0,13]]]},
"G470": {"type": "Matrix2x2", "payoffs": [[[2,61],[10,0]],[[62,76],[0,58]]]},
"G471": {"type": "Matrix2x2", "payoffs": [[[57,27],[50,40]],[[65,93],[0,0]]]},
"G472": {"type": "Matrix2x2", "payoffs": [[[12,0],[37,24]],[[98,41],[0,1]]]},
"G473": {"type": "Matrix2x2", "payoffs": [[[90,0],[64,15]],[[93,23],[0,14]]]},
"G474": {"type": "Matrix2x2", "payoffs": [[[50,13],[31,7]],[[48,12],[0,0]]]},
"G475": {"type": "Matrix2x2", "payoffs": [[[3,74],[1,49]],[[0,19],[2,0]]]},
"G476": {"type": "Matrix2x2", "payoffs": [[[0,2],[20,25]],[[35,46],[14,0]]]},
"G477": {"type": "Matrix2x2", "payoffs": [[[13,61],[58,0]],[[0,78],[73,86]]]},
"G478": {"type": "Matrix2x2", "payoffs": [[[15,0],[1,6]],[[28,65],[0,62]]]},
"G479": {"type": "Matrix2x2", "payoffs": [[[16,13],[22,84]],[[10,0],[0,79]]]},
"G480": {"type": "Matrix2x2", "payoffs": [[[0,0],[61,79]],[[1,33],[23,64]]]},
"G481": {"type": "Matrix2x2", "payoffs": [[[7,10],[12,18]],[[0,0],[28,25]]]},
"G482": {"type": "Matrix2x2", "payoffs": [[[55,3],[0,1]],[[15,2],[4,0]]]},
"G483": {"type": "Matrix2x2", "payoffs": [[[0,0],[84,20]],[[14,72],[96,92]]]},
"G484": {"type": "Matrix2x2", "payoffs": [[[0,19],[13,21]],[[21,0],[23,28]]]},
"G485": {"type": "Matrix2x2", "payoffs": [[[45,79],[0,21]],[[19,64],[24,0]]]},
"G486": {"type": "Matrix2x2", "payoffs": [[[23,24],[19,0]],[[16,14],[0,5]]]},
"G487": {"type": "Matrix2x2", "payoffs": [[[0,0],[11,2]],[[34,4],[26,3]]]},
"G488": {"type": "Matrix2x2", "payoffs": [[[23,0],[42,73]],[[1,27],[0,72]]]},
"G489": {"type": "Matrix2x2", "payoffs": [[[35,40],[28,0]],[[7,18],[0,5]]]},
"G490": {"type": "Matrix2x2", "payoffs": [[[0,7],[65,0]],[[78,84],[41,79]]]},
"G491": {"type": "Matrix2x2", "payoffs": [[[2,35],[6,16]],[[10,71],[0,0]]]},
"G492": {"type": "Matrix2x2", "payoffs": [[[29,2],[50,0]],[[53,12],[0,1]]]},
"G493": {"type": "Matrix2x2", "payoffs": [[[12,70],[19,84]],[[0,0],[14,68]]]},
"G494": {"type": "Matrix2x2", "payoffs": [[[0,11],[76,13]],[[75,0],[63,1]]]},
"G495": {"type": "Matrix2x2", "payoffs": [[[21,33],[0,2]],[[99,53],[70,0]]]},
"G496": {"type": "Matrix2x2", "payoffs": [[[89,73],[0,68]],[[35,0],[13,64]]]},
"G497": {"type": "Matrix2x2", "payoffs": [[[8,0],[4,5]],[[11,16],[0,1]]]},
"G498": {"type": "Matrix2x2", "payoffs": [[[1,0],[2,31]],[[4,75],[0,62]]]},
"G499": {"type": "Matrix2x2", "payoffs": [[[2,0],[53,14]],[[68,66],[0,17]]]},
"G500": {"type": "Matrix2x2", "payoffs": [[[8,24],[2,27]],[[9,50],[0,0]]]},
"G501": {"type": "Matrix2x2", "payoffs": [[[0,28],[2,0]],[[47,64],[58,68]]]},
"G502": {"type": "Matrix2x2", "payoffs": [[[31,35],[57,60]],[[45,0],[0,21]]]},
"G503": {"type": "Matrix2x2", "payoffs": [[[20,29],[0,23]],[[34,0],[72,92]]]},
"G504": {"type": "Matrix2x2", "payoffs": [[[19,0],[24,25]],[[0,17],[8,7]]]},
"G505": {"type": "Matrix2x2", "payoffs": [[[33,38],[0,20]],[[12,0],[21,6]]]},
"G506": {"type": "Matrix2x2", "payoffs": [[[16,57],[9,0]],[[0,55],[54,64]]]},
"G507": {"type": "Matrix2x2", "payoffs": [[[34,0],[42,62]],[[0,28],[23,5]]]},
"G508": {"type": "Matrix2x2", "payoffs": [[[20,38],[49,78]],[[0,27],[15,0]]]},
"G509": {"type": "Matrix2x2", "payoffs": [[[0,14],[3,19]],[[52,83],[31,0]]]},
"G510": {"type": "Matrix2x2", "payoffs": [[[2,0],[13,54]],[[20,97],[0,28]]]},
"G511": {"type": "Matrix2x2", "payoffs": [[[0,0],[56,29]],[[13,15],[22,27]]]},
"G512": {"type": "Matrix2x2", "payoffs": [[[0,0],[27,19]],[[15,3],[13,10]]]},
"G513": {"type": "Matrix2x2", "payoffs": [[[0,0],[24,31]],[[90,61],[7,47]]]},
"G514": {"type": "Matrix2x2", "payoffs": [[[3,0],[0,4]],[[17,78],[6,31]]]},
"G515": {"type": "Matrix2x2", "payoffs": [[[42,3],[28,2]],[[0,1],[9,0]]]},
"G516": {"type": "Matrix2x2", "payoffs": [[[91,6],[42,3]],[[0,0],[59,1]]]},
"G517": {"type": "Matrix2x2", "payoffs": [[[5,5],[52,28]],[[0,0],[2,3]]]},
"G518": {"type": "Matrix2x2", "payoffs": [[[0,0],[1,33]],[[20,39],[11,6]]]},
"G519": {"type": "Matrix2x2", "payoffs": [[[96,42],[36,0]],[[14,30],[0,21]]]},
"G520": {"type": "Matrix2x2", "payoffs": [[[22,23],[11,14]],[[0,0],[27,25]]]},
"G521": {"type": "Matrix2x2", "payoffs": [[[16,17],[17,58]],[[0,0],[15,4]]]},
"G522": {"type": "Matrix2x2", "payoffs": [[[57,17],[46,9]],[[0,0],[31,12]]]},
"G523": {"type": "Matrix2x2", "payoffs": [[[0,34],[32,59]],[[6,24],[31,0]]]},
"G524": {"type": "Matrix2x2", "payoffs": [[[24,11],[0,4]],[[33,0],[67,16]]]},
"G525": {"type": "Matrix2x2", "payoffs": [[[96,96],[0,39]],[[15,44],[59,0]]]},
"G526": {"type": "Matrix2x2", "payoffs": [[[37,0],[42,26]],[[90,80],[0,42]]]},
"G527": {"type": "Matrix2x2", "payoffs": [[[76,5],[50,3]],[[0,4],[40,0]]]},
"G528": {"type": "Matrix2x2", "payoffs": [[[72,81],[0,59]],[[3,27],[39,0]]]},
"G529": {"type": "Matrix2x2", "payoffs": [[[62,61],[0,28]],[[26,16],[4,0]]]},
"G530": {"type": "Matrix2x2", "payoffs": [[[12,94],[10,84]],[[8,52],[0,0]]]},
"G531": {"type": "Matrix2x2", "payoffs": [[[27,0],[67,2]],[[0,1],[100,3]]]},
"G532": {"type": "Matrix2x2", "payoffs": [[[7,44],[18,57]],[[12,0],[0,41]]]},
"G533": {"type": "Matrix2x2", "payoffs": [[[0,0],[18,32]],[[19,86],[9,79]]]},
"G534": {"type": "Matrix2x2", "payoffs": [[[6,19],[75,33]],[[0,21],[54,0]]]},
"G535": {"type": "Matrix2x2", "payoffs": [[[16,0],[62,37]],[[6,2],[0,21]]]},
"G536": {"type": "Matrix2x2", "payoffs": [[[0,34],[9,54]],[[41,58],[38,0]]]},
"G537": {"type": "Matrix2x2", "payoffs": [[[0,2],[2,0]],[[5,6],[7,15]]]},
"G538": {"type": "Matrix2x2", "payoffs": [[[41,73],[20,0]],[[0,4],[14,7]]]},
"G539": {"type": "Matrix2x2", "payoffs": [[[0,75],[3,0]],[[7,95],[2,65]]]},
"G540": {"type": "Matrix2x2", "payoffs": [[[0,0],[46,39]],[[10,21],[70,45]]]},
"G541": {"type": "Matrix2x2", "payoffs": [[[7,31],[0,28]],[[99,35],[37,0]]]},
"G542": {"type": "Matrix2x2", "payoffs": [[[0,72],[99,96]],[[63,52],[98,0]]]},
"G543": {"type": "Matrix2x2", "payoffs": [[[18,0],[28,52]],[[22,47],[0,43]]]},
"G544": {"type": "Matrix2x2", "payoffs": [[[85,0],[0,40]],[[12,13],[98,51]]]},
"G545": {"type": "Matrix2x2", "payoffs": [[[55,34],[0,26]],[[36,9],[51,0]]]},
"G546": {"type": "Matrix2x2", "payoffs": [[[0,9],[8,0]],[[11,82],[2,30]]]},
"G547": {"type": "Matrix2x2", "payoffs": [[[37,31],[36,19]],[[0,12],[26,0]]]},
"G548": {"type": "Matrix2x2", "payoffs": [[[4,20],[78,27]],[[0,0],[15,8]]]},
"G549": {"type": "Matrix2x2", "payoffs": [[[0,18],[7,14]],[[43,0],[96,63]]]},
"G550": {"type": "Matrix2x2", "payoffs": [[[15,17],[14,0]],[[1,2],[0,15]]]},
"G551": {"type": "Matrix2x2", "payoffs": [[[31,1],[25,2]],[[32,3],[0,0]]]},
"G552": {"type": "Matrix2x2", "payoffs": [[[38,3],[72,51]],[[40,44],[0,0]]]},
"G553": {"type": "Matrix2x2", "payoffs": [[[27,9],[87,78]],[[0,75],[76,0]]]},
"G554": {"type": "Matrix2x2", "payoffs": [[[74,25],[0,24]],[[35,0],[27,18]]]},
"G555": {"type": "Matrix2x2", "payoffs": [[[20,27],[0,6]],[[10,1],[13,0]]]},
"G556": {"type": "Matrix2x2", "payoffs": [[[20,73],[15,29]],[[8,0],[0,72]]]},
"G557": {"type": "Matrix2x2", "payoffs": [[[27,0],[0,44]],[[79,49],[71,46]]]},
"G558": {"type": "Matrix2x2", "payoffs": [[[0,56],[36,89]],[[7,9],[14,0]]]},
"G559": {"type": "Matrix2x2", "payoffs": [[[67,33],[0,12]],[[50,0],[3,25]]]},
"G560": {"type": "Matrix2x2", "payoffs": [[[3,97],[1,0]],[[2,44],[0,74]]]},
"G561": {"type": "Matrix2x2", "payoffs": [[[29,0],[43,26]],[[0,24],[57,56]]]},
"G562": {"type": "Matrix2x2", "payoffs": [[[0,0],[80,12]],[[33,11],[76,8]]]},
"G563": {"type": "Matrix2x2", "payoffs": [[[2,0],[0,30]],[[5,38],[3,17]]]},
"G564": {"type": "Matrix2x2", "payoffs": [[[0,0],[65,52]],[[47,36],[26,37]]]},
"G565": {"type": "Matrix2x2", "payoffs": [[[49,17],[53,96]],[[16,0],[0,94]]]},
"G566": {"type": "Matrix2x2", "payoffs": [[[0,0],[4,5]],[[1,12],[5,13]]]},
"G567": {"type": "Matrix2x2", "payoffs": [[[77,91],[0,78]],[[28,0],[66,74]]]},
"G568": {"type": "Matrix2x2", "payoffs": [[[3,6],[0,0]],[[72,21],[27,16]]]},
"G569": {"type": "Matrix2x2", "payoffs": [[[0,33],[48,0]],[[49,37],[70,40]]]},
"G570": {"type": "Matrix2x2", "payoffs": [[[8,3],[18,0]],[[0,1],[41,4]]]},
"G571": {"type": "Matrix2x2", "payoffs": [[[52,23],[0,39]],[[85,66],[54,0]]]},
"G572": {"type": "Matrix2x2", "payoffs": [[[30,74],[37,76]],[[0,55],[12,0]]]},
"G573": {"type": "Matrix2x2", "payoffs": [[[0,6],[8,7]],[[34,17],[13,0]]]},
"G574": {"type": "Matrix2x2", "payoffs": [[[28,45],[18,0]],[[0,37],[21,8]]]},
"G575": {"type": "Matrix2x2", "payoffs": [[[5,2],[0,0]],[[15,14],[33,21]]]},
"G576": {"type": "Matrix2x2", "payoffs": [[[96,64],[54,57]],[[0,27],[63,0]]]},
"G577": {"type": "Matrix2x2", "payoffs": [[[80,100],[47,58]],[[67,0],[0,5]]]},
"G578": {"type": "Matrix2x2", "payoffs": [[[43,23],[0,10]],[[32,19],[15,0]]]},
"G579": {"type": "Matrix2x2", "payoffs": [[[5,85],[0,7]],[[3,33],[1,0]]]},
"G580": {"type": "Matrix2x2", "payoffs": [[[0,10],[58,2]],[[63,26],[18,0]]]},
"G581": {"type": "Matrix2x2", "payoffs": [[[53,8],[65,0]],[[0,11],[88,24]]]},
"G582": {"type": "Matrix2x2", "payoffs": [[[2,16],[1,1]],[[3,29],[0,0]]]},
"G583": {"type": "Matrix2x2", "payoffs": [[[17,24],[9,17]],[[16,21],[0,0]]]},
"G584": {"type": "Matrix2x2", "payoffs": [[[20,14],[72,24]],[[0,20],[11,0]]]},
"G585": {"type": "Matrix2x2", "payoffs": [[[48,12],[63,62]],[[0,31],[59,0]]]},
"G586": {"type": "Matrix2x2", "payoffs": [[[34,0],[38,67]],[[0,29],[29,46]]]},
"G587": {"type": "Matrix2x2", "payoffs": [[[33,2],[38,0]],[[0,4],[78,6]]]},
"G588": {"type": "Matrix2x2", "payoffs": [[[0,22],[32,71]],[[30,5],[17,0]]]},
"G589": {"type": "Matrix2x2", "payoffs": [[[16,43],[14,31]],[[3,2],[0,0]]]},
"G590": {"type": "Matrix2x2", "payoffs": [[[12,3],[0,0]],[[7,2],[15,4]]]},
"G591": {"type": "Matrix2x2", "payoffs": [[[0,3],[60,8]],[[11,0],[32,4]]]},
"G592": {"type": "Matrix2x2", "payoffs": [[[0,0],[9,74]],[[8,7],[28,99]]]},
"G593": {"type": "Matrix2x2", "payoffs": [[[0,6],[24,31]],[[27,36],[5,0]]]},
"G594": {"type": "Matrix2x2", "payoffs": [[[38,0],[64,31]],[[0,25],[9,27]]]},
"G595": {"type": "Matrix2x2", "payoffs": [[[0,15],[84,17]],[[59,0],[24,5]]]},
"G596": {"type": "Matrix2x2", "payoffs": [[[0,65],[5,0]],[[22,61],[74,73]]]},
"G597": {"type": "Matrix2x2", "payoffs": [[[28,29],[0,2]],[[14,0],[13,28]]]},
"G598": {"type": "Matrix2x2", "payoffs": [[[90,58],[0,51]],[[22,0],[21,54]]]},
"G599": {"type": "Matrix2x2", "payoffs": [[[1,0],[0,51]],[[3,63],[2,20]]]},
"G600": {"type": "Matrix2x2", "payoffs": [[[4,56],[10,75]],[[0,0],[8,60]]]},
"G601": {"type": "Matrix2x2", "payoffs": [[[50,44],[58,88]],[[0,0],[52,12]]]},
"G602": {"type": "Matrix2x2", "payoffs": [[[0,1],[12,0]],[[36,2],[38,71]]]},
"G603": {"type": "Matrix2x2", "payoffs": [[[10,72],[5,30]],[[8,0],[0,8]]]},
"G604": {"type": "Matrix2x2", "payoffs": [[[28,64],[23,0]],[[0,12],[22,24]]]},
"G605": {"type": "Matrix2x2", "payoffs": [[[38,6],[1,0]],[[0,14],[67,16]]]},
"G606": {"type": "Matrix2x2", "payoffs": [[[0,58],[54,64]],[[5,0],[3,14]]]},
"G607": {"type": "Matrix2x2", "payoffs": [[[63,14],[18,0]],[[68,93],[0,20]]]},
"G608": {"type": "Matrix2x2", "payoffs": [[[14,0],[11,32]],[[0,74],[19,82]]]},
"G609": {"type": "Matrix2x2", "payoffs": [[[43,0],[22,3]],[[81,16],[0,8]]]},
"G610": {"type": "Matrix2x2", "payoffs": [[[98,36],[0,21]],[[66,0],[26,34]]]},
"G611": {"type": "Matrix2x2", "payoffs": [[[42,18],[0,1]],[[34,6],[13,0]]]},
"G612": {"type": "Matrix2x2", "payoffs": [[[15,78],[0,39]],[[12,56],[8,0]]]},
"G613": {"type": "Matrix2x2", "payoffs": [[[25,0],[11,3]],[[0,6],[35,27]]]},
"G614": {"type": "Matrix2x2", "payoffs": [[[0,16],[4,0]],[[19,34],[46,44]]]},
"G615": {"type": "Matrix2x2", "payoffs": [[[19,21],[12,11]],[[0,0],[8,3]]]},
"G616": {"type": "Matrix2x2", "payoffs": [[[0,49],[11,6]],[[13,0],[21,79]]]},
"G617": {"type": "Matrix2x2", "payoffs": [[[31,60],[16,0]],[[0,14],[32,68]]]},
"G618": {"type": "Matrix2x2", "payoffs": [[[43,3],[65,0]],[[0,2],[68,4]]]},
"G619": {"type": "Matrix2x2", "payoffs": [[[40,16],[30,4]],[[0,0],[85,28]]]},
"G620": {"type": "Matrix2x2", "payoffs": [[[0,15],[10,3]],[[64,18],[25,0]]]},
"G621": {"type": "Matrix2x2", "payoffs": [[[0,24],[22,25]],[[19,0],[25,92]]]},
"G622": {"type": "Matrix2x2", "payoffs": [[[5,12],[46,13]],[[0,0],[3,3]]]},
"G623": {"type": "Matrix2x2", "payoffs": [[[14,91],[0,30]],[[13,1],[9,0]]]},
"G624": {"type": "Matrix2x2", "payoffs": [[[0,0],[37,10]],[[43,23],[33,1]]]},
"G625": {"type": "Matrix2x2", "payoffs": [[[7,67],[18,17]],[[0,0],[23,80]]]},
"G626": {"type": "Matrix2x2", "payoffs": [[[0,7],[11,0]],[[15,33],[8,19]]]},
"G627": {"type": "Matrix2x2", "payoffs": [[[26,6],[0,0]],[[1,29],[92,62]]]},
"G628": {"type": "Matrix2x2", "payoffs": [[[24,46],[27,12]],[[0,0],[76,86]]]},
"G629": {"type": "Matrix2x2", "payoffs": [[[0,11],[11,16]],[[7,0],[13,17]]]},
"G630": {"type": "Matrix2x2", "payoffs": [[[6,45],[3,0]],[[0,38],[8,50]]]},
"G631": {"type": "Matrix2x2", "payoffs": [[[39,13],[53,21]],[[47,3],[0,0]]]},
"G632": {"type": "Matrix2x2", "payoffs": [[[10,1],[0,0]],[[89,26],[12,21]]]},
"G633": {"type": "Matrix2x2", "payoffs": [[[21,15],[72,33]],[[15,19],[0,0]]]},
"G634": {"type": "Matrix2x2", "payoffs": [[[90,9],[0,0]],[[91,19],[6,18]]]},
"G635": {"type": "Matrix2x2", "payoffs": [[[0,0],[40,8]],[[56,77],[6,37]]]},
"G636": {"type": "Matrix2x2", "payoffs": [[[40,29],[0,49]],[[34,0],[56,69]]]},
"G637": {"type": "Matrix2x2", "payoffs": [[[17,33],[11,0]],[[0,10],[12,29]]]},
"G638": {"type": "Matrix2x2", "payoffs": [[[45,58],[0,0]],[[65,72],[56,48]]]},
"G639": {"type": "Matrix2x2", "payoffs": [[[70,96],[5,0]],[[3,46],[0,4]]]},
"G640": {"type": "Matrix2x2", "payoffs": [[[47,0],[57,18]],[[0,34],[58,60]]]},
"G641": {"type": "Matrix2x2", "payoffs": [[[0,0],[67,92]],[[61,8],[53,71]]]},
"G642": {"type": "Matrix2x2", "payoffs": [[[0,0],[46,51]],[[17,1],[11,19]]]},
"G643": {"type": "Matrix2x2", "payoffs": [[[0,64],[52,0]],[[70,83],[39,52]]]},
"G644": {"type": "Matrix2x2", "payoffs": [[[42,24],[66,0]],[[0,37],[69,89]]]},
"G645": {"type": "Matrix2x2", "payoffs": [[[41,56],[52,72]],[[0,0],[47,10]]]},
"G646": {"type": "Matrix2x2", "payoffs": [[[17,0],[0,35]],[[55,53],[16,13]]]},
"G647": {"type": "Matrix2x2", "payoffs": [[[0,3],[5,0]],[[79,9],[24,2]]]},
"G648": {"type": "Matrix2x2", "payoffs": [[[97,16],[0,0]],[[62,14],[54,5]]]},
"G649": {"type": "Matrix2x2", "payoffs": [[[0,17],[39,24]],[[36,15],[15,0]]]},
"G650": {"type": "Matrix2x2", "payoffs": [[[21,85],[18,39]],[[14,0],[0,63]]]},
"G651": {"type": "Matrix2x2", "payoffs": [[[12,65],[5,43]],[[2,39],[0,0]]]},
"G652": {"type": "Matrix2x2", "payoffs": [[[6,7],[15,13]],[[11,11],[0,0]]]},
"G653": {"type": "Matrix2x2", "payoffs": [[[91,17],[4,0]],[[36,5],[0,9]]]},
"G654": {"type": "Matrix2x2", "payoffs": [[[2,21],[1,0]],[[3,68],[0,20]]]},
"G655": {"type": "Matrix2x2", "payoffs": [[[100,86],[79,27]],[[14,9],[0,0]]]},
"G656": {"type": "Matrix2x2", "payoffs": [[[0,0],[55,69]],[[34,38],[68,87]]]},
"G657": {"type": "Matrix2x2", "payoffs": [[[20,74],[9,0]],[[0,20],[14,39]]]},
"G658": {"type": "Matrix2x2", "payoffs": [[[4,13],[42,96]],[[24,85],[0,0]]]},
"G659": {"type": "Matrix2x2", "payoffs": [[[0,37],[6,62]],[[2,0],[7,86]]]},
"G660": {"type": "Matrix2x2", "payoffs": [[[46,23],[57,68]],[[0,48],[43,0]]]},
"G661": {"type": "Matrix2x2", "payoffs": [[[34,81],[16,68]],[[9,49],[0,0]]]},
"G662": {"type": "Matrix2x2", "payoffs": [[[12,12],[16,9]],[[0,0],[17,14]]]},
"G663": {"type": "Matrix2x2", "payoffs": [[[13,42],[0,0]],[[77,50],[48,47]]]},
"G664": {"type": "Matrix2x2", "payoffs": [[[6,15],[11,18]],[[0,16],[3,0]]]},
"G665": {"type": "Matrix2x2", "payoffs": [[[3,5],[1,0]],[[0,10],[9,19]]]},
"G666": {"type": "Matrix2x2", "payoffs": [[[64,59],[14,32]],[[0,0],[82,77]]]},
"G667": {"type": "Matrix2x2", "payoffs": [[[7,16],[28,62]],[[18,0],[0,36]]]},
"G668": {"type": "Matrix2x2", "payoffs": [[[5,37],[3,0]],[[4,27],[0,26]]]},
"G669": {"type": "Matrix2x2", "payoffs": [[[26,50],[0,0]],[[41,54],[40,32]]]},
"G670": {"type": "Matrix2x2", "payoffs": [[[30,78],[0,54]],[[11,77],[15,0]]]},
"G671": {"type": "Matrix2x2", "payoffs": [[[78,74],[31,39]],[[0,0],[6,72]]]},
"G672": {"type": "Matrix2x2", "payoffs": [[[0,11],[65,19]],[[17,0],[88,29]]]},
"G673": {"type": "Matrix2x2", "payoffs": [[[78,15],[17,31]],[[0,0],[84,67]]]},
"G674": {"type": "Matrix2x2", "payoffs": [[[97,84],[72,45]],[[55,20],[0,0]]]},
"G675": {"type": "Matrix2x2", "payoffs": [[[15,74],[1,0]],[[21,84],[0,60]]]},
"G676": {"type": "Matrix2x2", "payoffs": [[[50,40],[3,4]],[[0,21],[12,0]]]},
"G677": {"type": "Matrix2x2", "payoffs": [[[66,21],[25,13]],[[0,0],[16,4]]]},
"G678": {"type": "Matrix2x2", "payoffs": [[[14,5],[17,19]],[[22,28],[0,0]]]},
"G679": {"type": "Matrix2x2", "payoffs": [[[29,13],[0,20]],[[63,23],[51,0]]]},
"G680": {"type": "Matrix2x2", "payoffs": [[[33,0],[0,6]],[[62,34],[44,1]]]},
"G681": {"type": "Matrix2x2", "payoffs": [[[27,23],[8,20]],[[0,7],[18,0]]]},
"G682": {"type": "Matrix2x2", "payoffs": [[[13,32],[19,50]],[[0,29],[5,0]]]},
"G683": {"type": "Matrix2x2", "payoffs": [[[86,82],[24,64]],[[43,0],[0,21]]]},
"G684": {"type": "Matrix2x2", "payoffs": [[[50,11],[92,60]],[[0,7],[79,0]]]},
"G685": {"type": "Matrix2x2", "payoffs": [[[0,1],[5,2]],[[9,5],[7,0]]]},
"G686": {"type": "Matrix2x2", "payoffs": [[[13,3],[0,4]],[[50,0],[83,10]]]},
"G687": {"type": "Matrix2x2", "payoffs": [[[0,0],[7,11]],[[88,28],[37,5]]]},
"G688": {"type": "Matrix2x2", "payoffs": [[[0,3],[85,43]],[[9,0],[82,2]]]},
"G689": {"type": "Matrix2x2", "payoffs": [[[63,76],[0,54]],[[50,0],[24,51]]]},
"G690": {"type": "Matrix2x2", "payoffs": [[[47,66],[0,38]],[[7,0],[96,86]]]},
"G691": {"type": "Matrix2x2", "payoffs": [[[45,0],[70,14]],[[59,3],[0,13]]]},
"G692": {"type": "Matrix2x2", "payoffs": [[[3,15],[81,49]],[[68,0],[0,18]]]},
"G693": {"type": "Matrix2x2", "payoffs": [[[0,0],[87,88]],[[14,62],[72,39]]]},
"G694": {"type": "Matrix2x2", "payoffs": [[[69,0],[0,47]],[[90,90],[2,29]]]},
"G695": {"type": "Matrix2x2", "payoffs": [[[0,39],[34,0]],[[98,45],[38,43]]]},
"G696": {"type": "Matrix2x2", "payoffs": [[[88,29],[0,0]],[[56,23],[46,8]]]},
"G697": {"type": "Matrix2x2", "payoffs": [[[20,43],[18,0]],[[9,34],[0,40]]]},
"G698": {"type": "Matrix2x2", "payoffs": [[[0,0],[4,37]],[[49,66],[25,52]]]},
"G699": {"type": "Matrix2x2", "payoffs": [[[3,26],[0,0]],[[55,33],[82,69]]]},
"G700": {"type": "Matrix2x2", "payoffs": [[[50,31],[0,30]],[[55,36],[9,0]]]},
"G701": {"type": "Matrix2x2", "payoffs": [[[39,90],[26,76]],[[30,0],[0,60]]]},
"G702": {"type": "Matrix2x2", "payoffs": [[[6,0],[0,5]],[[8,1],[16,8]]]},
"G703": {"type": "Matrix2x2", "payoffs": [[[24,0],[62,99]],[[10,77],[0,29]]]},
"G704": {"type": "Matrix2x2", "payoffs": [[[0,3],[39,0]],[[58,34],[57,7]]]},
"G705": {"type": "Matrix2x2", "payoffs": [[[16,43],[0,36]],[[12,10],[13,0]]]},
"G706": {"type": "Matrix2x2", "payoffs": [[[93,50],[0,7]],[[58,0],[45,29]]]},
"G707": {"type": "Matrix2x2", "payoffs": [[[19,0],[0,5]],[[22,60],[3,8]]]},
"G708": {"type": "Matrix2x2", "payoffs": [[[48,17],[0,0]],[[65,30],[5,1]]]},
"G709": {"type": "Matrix2x2", "payoffs": [[[0,15],[57,0]],[[16,14],[89,51]]]},
"G710": {"type": "Matrix2x2", "payoffs": [[[34,2],[23,1]],[[43,5],[0,0]]]},
"G711": {"type": "Matrix2x2", "payoffs": [[[8,18],[7,5]],[[13,28],[0,0]]]},
"G712": {"type": "Matrix2x2", "payoffs": [[[17,15],[0,18]],[[18,27],[15,0]]]},
"G713": {"type": "Matrix2x2", "payoffs": [[[4,0],[9,88]],[[0,29],[3,16]]]},
"G714": {"type": "Matrix2x2", "payoffs": [[[51,57],[0,0]],[[95,65],[73,8]]]},
"G715": {"type": "Matrix2x2", "payoffs": [[[37,95],[0,14]],[[14,91],[13,0]]]},
"G716": {"type": "Matrix2x2", "payoffs": [[[5,39],[29,34]],[[64,46],[0,0]]]},
"G717": {"type": "Matrix2x2", "payoffs": [[[9,34],[46,0]],[[0,25],[64,44]]]},
"G718": {"type": "Matrix2x2", "payoffs": [[[99,57],[83,21]],[[65,0],[0,40]]]},
"G719": {"type": "Matrix2x2", "payoffs": [[[6,0],[0,30]],[[9,73],[4,4]]]},
"G720": {"type": "Matrix2x2", "payoffs": [[[55,92],[0,64]],[[63,0],[93,100]]]},
"G721": {"type": "Matrix2x2", "payoffs": [[[15,9],[3,7]],[[0,0],[49,10]]]},
"G722": {"type": "Matrix2x2", "payoffs": [[[76,100],[2,0]],[[0,65],[31,22]]]},
"G723": {"type": "Matrix2x2", "payoffs": [[[26,94],[0,90]],[[20,0],[5,6]]]},
"G724": {"type": "Matrix2x2", "payoffs": [[[0,10],[31,3]],[[56,20],[12,0]]]},
"G725": {"type": "Matrix2x2", "payoffs": [[[8,80],[35,90]],[[0,0],[9,45]]]},
"G726": {"type": "Matrix2x2", "payoffs": [[[0,16],[29,0]],[[27,18],[33,39]]]},
"G727": {"type": "Matrix2x2", "payoffs": [[[73,30],[58,0]],[[0,11],[19,7]]]},
"G728": {"type": "Matrix2x2", "payoffs": [[[0,20],[50,35]],[[5,27],[24,0]]]},
"G729": {"type": "Matrix2x2", "payoffs": [[[12,34],[0,59]],[[84,85],[52,0]]]},
"G730": {"type": "Matrix2x2", "payoffs": [[[1,7],[9,10]],[[6,0],[0,4]]]},
"G731": {"type": "Matrix2x2", "payoffs": [[[10,16],[3,0]],[[0,11],[2,4]]]},
"G732": {"type": "Matrix2x2", "payoffs": [[[28,80],[80,93]],[[73,0],[0,34]]]},
"G733": {"type": "Matrix2x2", "payoffs": [[[0,0],[6,99]],[[1,89],[2,17]]]},
"G734": {"type": "Matrix2x2", "payoffs": [[[4,0],[79,33]],[[0,11],[50,19]]]},
"G735": {"type": "Matrix2x2", "payoffs": [[[31,13],[37,15]],[[0,0],[97,28]]]},
"G736": {"type": "Matrix2x2", "payoffs": [[[14,0],[57,1]],[[0,3],[97,9]]]},
"G737": {"type": "Matrix2x2", "payoffs": [[[27,0],[7,28]],[[36,41],[0,8]]]},
"G738": {"type": "Matrix2x2", "payoffs": [[[0,3],[9,57]],[[20,0],[30,92]]]},
"G739": {"type": "Matrix2x2", "payoffs": [[[0,5],[10,0]],[[65,31],[3,10]]]},
"G740": {"type": "Matrix2x2", "payoffs": [[[0,30],[9,0]],[[23,47],[1,35]]]},
"G741": {"type": "Matrix2x2", "payoffs": [[[25,0],[0,12]],[[53,26],[43,24]]]},
"G742": {"type": "Matrix2x2", "payoffs": [[[19,92],[0,0]],[[3,12],[16,31]]]},
"G743": {"type": "Matrix2x2", "payoffs": [[[6,71],[0,77]],[[26,0],[39,90]]]},
"G744": {"type": "Matrix2x2", "payoffs": [[[41,0],[23,39]],[[63,45],[0,41]]]},
"G745": {"type": "Matrix2x2", "payoffs": [[[20,32],[23,81]],[[1,3],[0,0]]]},
"G746": {"type": "Matrix2x2", "payoffs": [[[40,27],[12,0]],[[0,28],[45,55]]]},
"G747": {"type": "Matrix2x2", "payoffs": [[[3,20],[6,22]],[[1,17],[0,0]]]},
"G748": {"type": "Matrix2x2", "payoffs": [[[47,0],[25,13]],[[0,15],[52,30]]]},
"G749": {"type": "Matrix2x2", "payoffs": [[[54,0],[13,32]],[[0,16],[65,37]]]},
"G750": {"type": "Matrix2x2", "payoffs": [[[10,5],[0,0]],[[28,2],[55,7]]]},
"G751": {"type": "Matrix2x2", "payoffs": [[[0,41],[73,0]],[[68,1],[78,99]]]},
"G752": {"type": "Matrix2x2", "payoffs": [[[0,0],[9,19]],[[30,33],[16,16]]]},
"G753": {"type": "Matrix2x2", "payoffs": [[[12,8],[14,2]],[[51,12],[0,0]]]},
"G754": {"type": "Matrix2x2", "payoffs": [[[40,0],[0,70]],[[10,29],[56,77]]]},
"G755": {"type": "Matrix2x2", "payoffs": [[[28,0],[0,5]],[[40,6],[39,3]]]},
"G756": {"type": "Matrix2x2", "payoffs": [[[0,13],[27,46]],[[46,54],[33,0]]]},
"G757": {"type": "Matrix2x2", "payoffs": [[[42,0],[43,68]],[[0,66],[8,42]]]},
"G758": {"type": "Matrix2x2", "payoffs": [[[0,0],[42,53]],[[49,77],[28,76]]]},
"G759": {"type": "Matrix2x2", "payoffs": [[[47,3],[0,54]],[[50,0],[91,93]]]},
"G760": {"type": "Matrix2x2", "payoffs": [[[0,46],[23,0]],[[16,27],[47,97]]]},
"G761": {"type": "Matrix2x2", "payoffs": [[[2,2],[47,14]],[[21,0],[0,4]]]},
"G762": {"type": "Matrix2x2", "payoffs": [[[1,0],[0,42]],[[27,66],[19,50]]]},
"G763": {"type": "Matrix2x2", "payoffs": [[[0,25],[83,99]],[[74,56],[23,0]]]},
"G764": {"type": "Matrix2x2", "payoffs": [[[42,78],[0,0]],[[80,79],[65,68]]]},
"G765": {"type": "Matrix2x2", "payoffs": [[[52,7],[23,0]],[[49,1],[0,3]]]},
"G766": {"type": "Matrix2x2", "payoffs": [[[0,1],[39,4]],[[38,2],[9,0]]]},
"G767": {"type": "Matrix2x2", "payoffs": [[[0,0],[42,45]],[[54,96],[49,24]]]},
"G768": {"type": "Matrix2x2", "payoffs": [[[22,13],[73,0]],[[84,18],[0,3]]]},
"G769": {"type": "Matrix2x2", "payoffs": [[[32,59],[21,36]],[[3,0],[0,43]]]},
"G770": {"type": "Matrix2x2", "payoffs": [[[38,9],[0,6]],[[20,0],[7,4]]]},
"G771": {"type": "Matrix2x2", "payoffs": [[[0,0],[9,53]],[[3,27],[2,49]]]},
"G772": {"type": "Matrix2x2", "payoffs": [[[0,21],[85,0]],[[88,46],[59,19]]]},
"G773": {"type": "Matrix2x2", "payoffs": [[[68,0],[40,15]],[[92,45],[0,2]]]},
"G774": {"type": "Matrix2x2", "payoffs": [[[79,6],[3,2]],[[14,3],[0,0]]]},
"G775": {"type": "Matrix2x2", "payoffs": [[[36,39],[45,36]],[[0,0],[50,89]]]},
"G776": {"type": "Matrix2x2", "payoffs": [[[26,0],[24,32]],[[53,75],[0,15]]]},
"G777": {"type": "Matrix2x2", "payoffs": [[[2,0],[21,39]],[[9,34],[0,3]]]},
"G778": {"type": "Matrix2x2", "payoffs": [[[2,0],[5,41]],[[37,46],[0,27]]]},
"G779": {"type": "Matrix2x2", "payoffs": [[[34,13],[47,18]],[[14,0],[0,6]]]},
"G780": {"type": "Matrix2x2", "payoffs": [[[96,18],[46,17]],[[0,12],[72,0]]]},
"G781": {"type": "Matrix2x2", "payoffs": [[[22,6],[96,26]],[[0,25],[58,0]]]},
"G782": {"type": "Matrix2x2", "payoffs": [[[0,30],[14,0]],[[1,78],[64,83]]]},
"G783": {"type": "Matrix2x2", "payoffs": [[[28,89],[7,0]],[[10,67],[0,73]]]},
"G784": {"type": "Matrix2x2", "payoffs": [[[13,1],[18,17]],[[0,0],[52,46]]]},
"G785": {"type": "Matrix2x2", "payoffs": [[[60,0],[0,2]],[[75,1],[92,4]]]},
"G786": {"type": "Matrix2x2", "payoffs": [[[0,0],[27,10]],[[34,18],[9,4]]]},
"G787": {"type": "Matrix2x2", "payoffs": [[[36,53],[60,86]],[[0,48],[41,0]]]},
"G788": {"type": "Matrix2x2", "payoffs": [[[26,77],[8,0]],[[14,4],[0,1]]]},
"G789": {"type": "Matrix2x2", "payoffs": [[[79,73],[65,12]],[[60,0],[0,31]]]},
"G790": {"type": "Matrix2x2", "payoffs": [[[32,84],[0,29]],[[34,0],[54,88]]]},
"G791": {"type": "Matrix2x2", "payoffs": [[[7,0],[18,12]],[[0,13],[52,22]]]},
"G792": {"type": "Matrix2x2", "payoffs": [[[23,22],[0,0]],[[26,69],[21,30]]]},
"G793": {"type": "Matrix2x2", "payoffs": [[[47,25],[18,16]],[[7,21],[0,0]]]},
"G794": {"type": "Matrix2x2", "payoffs": [[[20,51],[28,57]],[[25,42],[0,0]]]},
"G795": {"type": "Matrix2x2", "payoffs": [[[0,0],[92,94]],[[47,66],[71,36]]]},
"G796": {"type": "Matrix2x2", "payoffs": [[[60,89],[0,0]],[[49,48],[13,37]]]},
"G797": {"type": "Matrix2x2", "payoffs": [[[27,20],[0,17]],[[16,0],[29,46]]]},
"G798": {"type": "Matrix2x2", "payoffs": [[[0,5],[4,33]],[[3,0],[2,23]]]},
"G799": {"type": "Matrix2x2", "payoffs": [[[0,0],[3,20]],[[13,17],[16,41]]]},
"G800": {"type": "Matrix2x2", "payoffs": [[[27,0],[4,41]],[[97,53],[0,44]]]},
"G801": {"type": "Matrix2x2", "payoffs": [[[0,14],[3,30]],[[2,0],[5,72]]]},
"G802": {"type": "Matrix2x2", "payoffs": [[[97,56],[18,41]],[[0,25],[41,0]]]},
"G803": {"type": "Matrix2x2", "payoffs": [[[55,75],[51,0]],[[0,30],[49,29]]]},
"G804": {"type": "Matrix2x2", "payoffs": [[[44,0],[21,36]],[[0,16],[78,83]]]},
"G805": {"type": "Matrix2x2", "payoffs": [[[77,52],[0,34]],[[71,0],[45,36]]]},
"G806": {"type": "Matrix2x2", "payoffs": [[[0,0],[25,52]],[[5,19],[16,48]]]},
"G807": {"type": "Matrix2x2", "payoffs": [[[86,3],[14,2]],[[0,0],[16,1]]]},
"G808": {"type": "Matrix2x2", "payoffs": [[[19,0],[20,79]],[[0,77],[6,43]]]},
"G809": {"type": "Matrix2x2", "payoffs": [[[17,1],[100,30]],[[23,27],[0,0]]]},
"G810": {"type": "Matrix2x2", "payoffs": [[[40,85],[78,88]],[[47,44],[0,0]]]},
"G811": {"type": "Matrix2x2", "payoffs": [[[0,0],[34,49]],[[11,31],[19,29]]]},
"G812": {"type": "Matrix2x2", "payoffs": [[[92,73],[91,0]],[[45,38],[0,59]]]},
"G813": {"type": "Matrix2x2", "payoffs": [[[39,49],[76,56]],[[0,8],[68,0]]]},
"G814": {"type": "Matrix2x2", "payoffs": [[[66,30],[93,59]],[[54,0],[0,15]]]},
"G815": {"type": "Matrix2x2", "payoffs": [[[17,69],[58,0]],[[0,14],[69,93]]]},
"G816": {"type": "Matrix2x2", "payoffs": [[[29,0],[0,10]],[[83,23],[56,12]]]},
"G817": {"type": "Matrix2x2", "payoffs": [[[93,29],[60,2]],[[31,0],[0,10]]]},
"G818": {"type": "Matrix2x2", "payoffs": [[[64,3],[13,0]],[[0,2],[10,1]]]},
"G819": {"type": "Matrix2x2", "payoffs": [[[5,12],[0,0]],[[93,62],[32,11]]]},
"G820": {"type": "Matrix2x2", "payoffs": [[[0,31],[87,47]],[[47,0],[4,46]]]},
"G821": {"type": "Matrix2x2", "payoffs": [[[11,8],[0,0]],[[6,1],[35,11]]]},
"G822": {"type": "Matrix2x2", "payoffs": [[[87,100],[41,0]],[[42,13],[0,15]]]},
"G823": {"type": "Matrix2x2", "payoffs": [[[11,0],[0,21]],[[24,66],[18,59]]]},
"G824": {"type": "Matrix2x2", "payoffs": [[[23,23],[95,57]],[[0,28],[46,0]]]},
"G825": {"type": "Matrix2x2", "payoffs": [[[0,43],[1,30]],[[7,90],[4,0]]]},
"G826": {"type": "Matrix2x2", "payoffs": [[[12,26],[13,10]],[[0,0],[15,75]]]},
"G827": {"type": "Matrix2x2", "payoffs": [[[14,12],[5,3]],[[4,5],[0,0]]]},
"G828": {"type": "Matrix2x2", "payoffs": [[[44,37],[68,70]],[[0,0],[53,15]]]},
"G829": {"type": "Matrix2x2", "payoffs": [[[0,16],[15,33]],[[18,0],[27,49]]]},
"G830": {"type": "Matrix2x2", "payoffs": [[[4,1],[3,6]],[[0,0],[5,67]]]},
"G831": {"type": "Matrix2x2", "payoffs": [[[12,50],[0,0]],[[1,19],[11,8]]]},
"G832": {"type": "Matrix2x2", "payoffs": [[[21,16],[0,6]],[[14,0],[8,15]]]},
"G833": {"type": "Matrix2x2", "payoffs": [[[0,29],[8,42]],[[1,34],[4,0]]]},
"G834": {"type": "Matrix2x2", "payoffs": [[[40,33],[0,0]],[[36,40],[54,66]]]},
"G835": {"type": "Matrix2x2", "payoffs": [[[0,81],[7,90]],[[6,21],[5,0]]]},
"G836": {"type": "Matrix2x2", "payoffs": [[[6,91],[1,50]],[[0,28],[5,0]]]},
"G837": {"type": "Matrix2x2", "payoffs": [[[45,46],[42,26]],[[20,0],[0,21]]]},
"G838": {"type": "Matrix2x2", "payoffs": [[[85,10],[74,0]],[[0,12],[92,17]]]},
"G839": {"type": "Matrix2x2", "payoffs": [[[28,52],[7,33]],[[0,28],[16,0]]]},
"G840": {"type": "Matrix2x2", "payoffs": [[[21,0],[91,43]],[[55,24],[0,21]]]},
"G841": {"type": "Matrix2x2", "payoffs": [[[0,0],[1,19]],[[6,52],[5,47]]]},
"G842": {"type": "Matrix2x2", "payoffs": [[[2,0],[12,66]],[[6,13],[0,2]]]},
"G843": {"type": "Matrix2x2", "payoffs": [[[35,0],[61,3]],[[0,5],[64,12]]]},
"G844": {"type": "Matrix2x2", "payoffs": [[[0,12],[63,21]],[[34,0],[39,17]]]},
"G845": {"type": "Matrix2x2", "payoffs": [[[66,97],[8,89]],[[47,3],[0,0]]]},
"G846": {"type": "Matrix2x2", "payoffs": [[[96,14],[49,9]],[[0,0],[92,7]]]},
"G847": {"type": "Matrix2x2", "payoffs": [[[0,4],[44,0]],[[82,6],[46,2]]]},
"G848": {"type": "Matrix2x2", "payoffs": [[[36,1],[0,62]],[[70,78],[68,0]]]},
"G849": {"type": "Matrix2x2", "payoffs": [[[35,54],[12,3]],[[18,0],[0,23]]]},
"G850": {"type": "Matrix2x2", "payoffs": [[[0,0],[92,5]],[[35,3],[43,2]]]},
"G851": {"type": "Matrix2x2", "payoffs": [[[85,56],[0,30]],[[98,60],[46,0]]]},
"G852": {"type": "Matrix2x2", "payoffs": [[[44,77],[0,68]],[[7,4],[29,0]]]},
"G853": {"type": "Matrix2x2", "payoffs": [[[1,44],[3,23]],[[11,82],[0,0]]]},
"G854": {"type": "Matrix2x2", "payoffs": [[[0,64],[6,91]],[[21,0],[42,93]]]},
"G855": {"type": "Matrix2x2", "payoffs": [[[7,1],[0,18]],[[8,37],[5,0]]]},
"G856": {"type": "Matrix2x2", "payoffs": [[[41,98],[39,48]],[[0,0],[24,76]]]},
"G857": {"type": "Matrix2x2", "payoffs": [[[79,71],[5,37]],[[20,0],[0,43]]]},
"G858": {"type": "Matrix2x2", "payoffs": [[[2,69],[0,0]],[[9,89],[1,58]]]},
"G859": {"type": "Matrix2x2", "payoffs": [[[73,95],[22,0]],[[0,91],[2,45]]]},
"G860": {"type": "Matrix2x2", "payoffs": [[[40,75],[10,0]],[[30,74],[0,73]]]},
"G861": {"type": "Matrix2x2", "payoffs": [[[0,0],[46,57]],[[29,37],[18,47]]]},
"G862": {"type": "Matrix2x2", "payoffs": [[[56,14],[37,33]],[[0,0],[71,68]]]},
"G863": {"type": "Matrix2x2", "payoffs": [[[31,0],[20,26]],[[37,76],[0,19]]]},
"G864": {"type": "Matrix2x2", "payoffs": [[[21,82],[0,46]],[[2,0],[44,87]]]},
"G865": {"type": "Matrix2x2", "payoffs": [[[0,0],[1,34]],[[12,10],[14,36]]]},
"G866": {"type": "Matrix2x2", "payoffs": [[[10,0],[12,69]],[[0,32],[9,28]]]},
"G867": {"type": "Matrix2x2", "payoffs": [[[63,0],[73,63]],[[76,82],[0,65]]]},
"G868": {"type": "Matrix2x2", "payoffs": [[[91,16],[55,1]],[[87,0],[0,12]]]},
"G869": {"type": "Matrix2x2", "payoffs": [[[38,28],[0,21]],[[9,0],[15,8]]]},
"G870": {"type": "Matrix2x2", "payoffs": [[[84,34],[57,22]],[[0,0],[62,9]]]},
"G871": {"type": "Matrix2x2", "payoffs": [[[31,7],[32,30]],[[0,0],[58,33]]]},
"G872": {"type": "Matrix2x2", "payoffs": [[[76,24],[41,3]],[[24,0],[0,2]]]},
"G873": {"type": "Matrix2x2", "payoffs": [[[21,0],[46,77]],[[47,97],[0,54]]]},
"G874": {"type": "Matrix2x2", "payoffs": [[[39,32],[0,4]],[[29,14],[34,0]]]},
"G875": {"type": "Matrix2x2", "payoffs": [[[0,4],[9,19]],[[1,0],[23,56]]]},
"G876": {"type": "Matrix2x2", "payoffs": [[[0,22],[15,18]],[[42,0],[65,41]]]},
"G877": {"type": "Matrix2x2", "payoffs": [[[3,48],[63,0]],[[96,68],[0,50]]]},
"G878": {"type": "Matrix2x2", "payoffs": [[[15,0],[28,35]],[[8,5],[0,24]]]},
"G879": {"type": "Matrix2x2", "payoffs": [[[68,85],[49,75]],[[0,0],[31,13]]]},
"G880": {"type": "Matrix2x2", "payoffs": [[[35,96],[31,40]],[[0,38],[6,0]]]},
"G881": {"type": "Matrix2x2", "payoffs": [[[10,67],[1,27]],[[14,85],[0,0]]]},
"G882": {"type": "Matrix2x2", "payoffs": [[[72,84],[13,36]],[[11,0],[0,64]]]},
"G883": {"type": "Matrix2x2", "payoffs": [[[49,5],[43,2]],[[0,0],[20,4]]]},
"G884": {"type": "Matrix2x2", "payoffs": [[[0,5],[25,66]],[[3,13],[21,0]]]},
"G885": {"type": "Matrix2x2", "payoffs": [[[32,3],[0,8]],[[5,0],[44,14]]]},
"G886": {"type": "Matrix2x2", "payoffs": [[[8,37],[0,13]],[[13,0],[30,57]]]},
"G887": {"type": "Matrix2x2", "payoffs": [[[3,4],[25,7]],[[0,0],[6,3]]]},
"G888": {"type": "Matrix2x2", "payoffs": [[[16,0],[100,29]],[[0,24],[52,10]]]},
"G889": {"type": "Matrix2x2", "payoffs": [[[0,7],[72,12]],[[49,0],[19,5]]]},
"G890": {"type": "Matrix2x2", "payoffs": [[[0,10],[92,31]],[[58,0],[27,12]]]},
"G891": {"type": "Matrix2x2", "payoffs": [[[63,51],[20,0]],[[0,15],[39,30]]]},
"G892": {"type": "Matrix2x2", "payoffs": [[[9,44],[7,77]],[[12,91],[0,0]]]},
"G893": {"type": "Matrix2x2", "payoffs": [[[19,61],[36,66]],[[1,0],[0,16]]]},
"G894": {"type": "Matrix2x2", "payoffs": [[[3,0],[11,32]],[[12,90],[0,75]]]},
"G895": {"type": "Matrix2x2", "payoffs": [[[51,0],[73,92]],[[0,43],[8,32]]]},
"G896": {"type": "Matrix2x2", "payoffs": [[[36,0],[39,23]],[[45,78],[0,55]]]},
"G897": {"type": "Matrix2x2", "payoffs": [[[25,30],[22,0]],[[0,9],[11,8]]]},
"G898": {"type": "Matrix2x2", "payoffs": [[[17,10],[37,24]],[[0,0],[85,82]]]},
"G899": {"type": "Matrix2x2", "payoffs": [[[41,0],[50,44]],[[25,25],[0,27]]]},
"G900": {"type": "Matrix2x2", "payoffs": [[[0,19],[54,56]],[[8,0],[18,16]]]},
"G901": {"type": "Matrix2x2", "payoffs": [[[7,39],[19,0]],[[0,22],[67,63]]]},
"G902": {"type": "Matrix2x2", "payoffs": [[[2,6],[3,12]],[[0,2],[1,0]]]},
"G903": {"type": "Matrix2x2", "payoffs": [[[68,5],[0,0]],[[89,20],[78,16]]]},
"G904": {"type": "Matrix2x2", "payoffs": [[[0,47],[2,73]],[[11,83],[1,0]]]},
"G905": {"type": "Matrix2x2", "payoffs": [[[32,38],[15,6]],[[7,0],[0,2]]]},
"G906": {"type": "Matrix2x2", "payoffs": [[[0,0],[97,27]],[[50,25],[16,12]]]},
"G907": {"type": "Matrix2x2", "payoffs": [[[1,60],[64,14]],[[65,88],[0,0]]]},
"G908": {"type": "Matrix2x2", "payoffs": [[[21,19],[11,0]],[[0,2],[7,12]]]},
"G909": {"type": "Matrix2x2", "payoffs": [[[0,16],[1,0]],[[2,6],[4,52]]]},
"G910": {"type": "Matrix2x2", "payoffs": [[[13,0],[37,31]],[[6,7],[0,18]]]},
"G911": {"type": "Matrix2x2", "payoffs": [[[30,7],[29,6]],[[42,13],[0,0]]]},
"G912": {"type": "Matrix2x2", "payoffs": [[[6,33],[77,69]],[[54,18],[0,0]]]},
"G913": {"type": "Matrix2x2", "payoffs": [[[23,95],[5,81]],[[11,14],[0,0]]]},
"G914": {"type": "Matrix2x2", "payoffs": [[[31,83],[0,21]],[[21,82],[24,0]]]},
"G915": {"type": "Matrix2x2", "payoffs": [[[0,1],[26,0]],[[36,3],[13,2]]]},
"G916": {"type": "Matrix2x2", "payoffs": [[[19,16],[9,10]],[[0,0],[6,7]]]},
"G917": {"type": "Matrix2x2", "payoffs": [[[0,20],[9,49]],[[5,0],[3,39]]]},
"G918": {"type": "Matrix2x2", "payoffs": [[[60,61],[50,0]],[[46,14],[0,56]]]},
"G919": {"type": "Matrix2x2", "payoffs": [[[18,11],[73,73]],[[58,30],[0,0]]]},
"G920": {"type": "Matrix2x2", "payoffs": [[[7,6],[33,81]],[[0,25],[11,0]]]},
"G921": {"type": "Matrix2x2", "payoffs": [[[12,91],[14,0]],[[0,86],[20,95]]]},
"G922": {"type": "Matrix2x2", "payoffs": [[[7,0],[0,8]],[[56,20],[45,15]]]},
"G923": {"type": "Matrix2x2", "payoffs": [[[30,47],[96,53]],[[24,0],[0,5]]]},
"G924": {"type": "Matrix2x2", "payoffs": [[[95,93],[0,10]],[[37,64],[45,0]]]},
"G925": {"type": "Matrix2x2", "payoffs": [[[8,9],[36,0]],[[0,23],[38,49]]]},
"G926": {"type": "Matrix2x2", "payoffs": [[[49,0],[0,1]],[[56,65],[32,25]]]},
"G927": {"type": "Matrix2x2", "payoffs": [[[69,72],[31,17]],[[0,45],[11,0]]]},
"G928": {"type": "Matrix2x2", "payoffs": [[[84,0],[88,50]],[[9,43],[0,13]]]},
"G929": {"type": "Matrix2x2", "payoffs": [[[47,0],[61,53]],[[5,10],[0,16]]]},
"G930": {"type": "Matrix2x2", "payoffs": [[[4,18],[0,0]],[[2,14],[6,22]]]},
"G931": {"type": "Matrix2x2", "payoffs": [[[28,68],[0,42]],[[16,45],[26,0]]]},
"G932": {"type": "Matrix2x2", "payoffs": [[[0,9],[13,26]],[[2,0],[12,21]]]},
"G933": {"type": "Matrix2x2", "payoffs": [[[58,63],[50,0]],[[0,51],[13,1]]]},
"G934": {"type": "Matrix2x2", "payoffs": [[[31,29],[0,30]],[[89,31],[41,0]]]},
"G935": {"type": "Matrix2x2", "payoffs": [[[19,0],[14,31]],[[61,63],[0,4]]]},
"G936": {"type": "Matrix2x2", "payoffs": [[[36,11],[13,5]],[[7,0],[0,2]]]},
"G937": {"type": "Matrix2x2", "payoffs": [[[0,21],[5,0]],[[7,72],[10,77]]]},
"G938": {"type": "Matrix2x2", "payoffs": [[[0,9],[29,11]],[[22,1],[11,0]]]},
"G939": {"type": "Matrix2x2", "payoffs": [[[63,39],[10,0]],[[0,18],[8,23]]]},
"G940": {"type": "Matrix2x2", "payoffs": [[[0,0],[26,56]],[[20,31],[34,59]]]},
"G941": {"type": "Matrix2x2", "payoffs": [[[5,11],[20,17]],[[73,37],[0,0]]]},
"G942": {"type": "Matrix2x2", "payoffs": [[[14,5],[0,9]],[[22,10],[15,0]]]},
"G943": {"type": "Matrix2x2", "payoffs": [[[0,2],[3,0]],[[16,42],[32,43]]]},
"G944": {"type": "Matrix2x2", "payoffs": [[[24,0],[2,7]],[[0,9],[75,10]]]},
"G945": {"type": "Matrix2x2", "payoffs": [[[39,8],[21,0]],[[0,3],[7,1]]]},
"G946": {"type": "Matrix2x2", "payoffs": [[[96,64],[0,0]],[[95,61],[28,12]]]},
"G947": {"type": "Matrix2x2", "payoffs": [[[36,22],[27,0]],[[0,16],[82,39]]]},
"G948": {"type": "Matrix2x2", "payoffs": [[[55,39],[9,0]],[[0,4],[46,24]]]},
"G949": {"type": "Matrix2x2", "payoffs": [[[0,8],[81,6]],[[90,11],[51,0]]]},
"G950": {"type": "Matrix2x2", "payoffs": [[[13,1],[0,0]],[[23,3],[3,2]]]},
"G951": {"type": "Matrix2x2", "payoffs": [[[33,25],[0,0]],[[36,45],[14,5]]]},
"G952": {"type": "Matrix2x2", "payoffs": [[[0,8],[3,0]],[[6,14],[4,12]]]},
"G953": {"type": "Matrix2x2", "payoffs": [[[21,4],[7,0]],[[0,1],[12,2]]]},
"G954": {"type": "Matrix2x2", "payoffs": [[[72,64],[62,58]],[[0,17],[36,0]]]},
"G955": {"type": "Matrix2x2", "payoffs": [[[99,21],[62,20]],[[0,0],[16,14]]]},
"G956": {"type": "Matrix2x2", "payoffs": [[[0,41],[20,0]],[[18,32],[49,57]]]},
"G957": {"type": "Matrix2x2", "payoffs": [[[37,36],[15,80]],[[74,82],[0,0]]]},
"G958": {"type": "Matrix2x2", "payoffs": [[[0,0],[8,58]],[[15,5],[57,94]]]},
"G959": {"type": "Matrix2x2", "payoffs": [[[2,17],[42,31]],[[0,24],[27,0]]]},
"G960": {"type": "Matrix2x2", "payoffs": [[[17,8],[0,0]],[[21,19],[11,4]]]},
"G961": {"type": "Matrix2x2", "payoffs": [[[0,0],[36,40]],[[63,55],[11,13]]]},
"G962": {"type": "Matrix2x2", "payoffs": [[[0,45],[71,14]],[[26,0],[74,98]]]},
"G963": {"type": "Matrix2x2", "payoffs": [[[22,0],[0,51]],[[4,37],[32,59]]]},
"G964": {"type": "Matrix2x2", "payoffs": [[[42,0],[71,97]],[[0,48],[16,34]]]},
"G965": {"type": "Matrix2x2", "payoffs": [[[19,39],[17,3]],[[0,29],[11,0]]]},
"G966": {"type": "Matrix2x2", "payoffs": [[[96,76],[0,32]],[[41,14],[64,0]]]},
"G967": {"type": "Matrix2x2", "payoffs": [[[87,73],[26,9]],[[0,71],[33,0]]]},
"G968": {"type": "Matrix2x2", "payoffs": [[[22,76],[0,53]],[[15,0],[18,70]]]},
"G969": {"type": "Matrix2x2", "payoffs": [[[63,84],[24,0]],[[0,58],[4,62]]]},
"G970": {"type": "Matrix2x2", "payoffs": [[[3,0],[21,5]],[[0,8],[54,62]]]},
"G971": {"type": "Matrix2x2", "payoffs": [[[25,43],[0,7]],[[61,55],[52,0]]]},
"G972": {"type": "Matrix2x2", "payoffs": [[[0,0],[7,9]],[[8,31],[10,36]]]},
"G973": {"type": "Matrix2x2", "payoffs": [[[89,47],[0,15]],[[1,45],[70,0]]]},
"G974": {"type": "Matrix2x2", "payoffs": [[[35,2],[10,0]],[[0,28],[37,55]]]},
"G975": {"type": "Matrix2x2", "payoffs": [[[0,56],[41,0]],[[29,21],[55,68]]]},
"G976": {"type": "Matrix2x2", "payoffs": [[[54,79],[0,0]],[[47,26],[58,85]]]},
"G977": {"type": "Matrix2x2", "payoffs": [[[95,26],[6,7]],[[21,19],[0,0]]]},
"G978": {"type": "Matrix2x2", "payoffs": [[[18,0],[31,77]],[[1,51],[0,16]]]},
"G979": {"type": "Matrix2x2", "payoffs": [[[29,67],[7,20]],[[23,64],[0,0]]]},
"G980": {"type": "Matrix2x2", "payoffs": [[[23,50],[0,41]],[[54,87],[31,0]]]},
"G981": {"type": "Matrix2x2", "payoffs": [[[23,22],[0,4]],[[28,23],[8,0]]]},
"G982": {"type": "Matrix2x2", "payoffs": [[[56,90],[0,68]],[[31,0],[11,62]]]},
"G983": {"type": "Matrix2x2", "payoffs": [[[52,65],[0,0]],[[9,41],[12,51]]]},
"G984": {"type": "Matrix2x2", "payoffs": [[[11,79],[8,36]],[[0,0],[9,38]]]},
"G985": {"type": "Matrix2x2", "payoffs": [[[4,5],[0,6]],[[92,8],[78,0]]]},
"G986": {"type": "Matrix2x2", "payoffs": [[[35,0],[94,93]],[[0,2],[11,19]]]},
"G987": {"type": "Matrix2x2", "payoffs": [[[17,28],[0,18]],[[5,22],[4,0]]]},
"G988": {"type": "Matrix2x2", "payoffs": [[[4,5],[0,3]],[[12,8],[7,0]]]},
"G989": {"type": "Matrix2x2", "payoffs": [[[80,1],[0,0]],[[5,3],[94,4]]]},
"G990": {"type": "Matrix2x2", "payoffs": [[[44,13],[64,78]],[[41,73],[0,0]]]},
"G991": {"type": "Matrix2x2", "payoffs": [[[1,27],[63,41]],[[28,0],[0,35]]]},
"G992": {"type": "Matrix2x2", "payoffs": [[[0,18],[10,0]],[[62,55],[6,36]]]},
"G993": {"type": "Matrix2x2", "payoffs": [[[73,53],[1,0]],[[40,2],[0,26]]]},
"G994": {"type": "Matrix2x2", "payoffs": [[[10,3],[0,0]],[[1,2],[9,1]]]},
"G995": {"type": "Matrix2x2", "payoffs": [[[6,5],[23,6]],[[12,0],[0,3]]]},
"G996": {"type": "Matrix2x2", "payoffs": [[[20,22],[8,46]],[[58,95],[0,0]]]},
"G997": {"type": "Matrix2x2", "payoffs": [[[60,11],[0,1]],[[51,4],[34,0]]]},
"G998": {"type": "Matrix2x2", "payoffs": [[[3,70],[2,5]],[[0,3],[1,0]]]},
"G999": {"type": "Matrix2x2", "payoffs": [[[77,29],[0,8]],[[54,15],[29,0]]]},
"G1000": {"type": "Matrix2x2", "payoffs": [[[69,41],[40,35]],[[47,0],[0,32]]]}
}