{
"numGames": 100,
"G1": {"type": "Matrix2x2", "payoffs": [[[0.0,5.0],[0.0,4.0]],[[3.0,4.0],[1.0,3.0]]]},
"G2": {"type": "Matrix2x2", "payoffs": [[[48.0,37.0],[92.0,23.0]],[[18.0,15.0],[50.0,6.0]]]},
"G3": {"type": "Matrix2x2", "payoffs": [[[11.0,7.0],[2.0,2.0]],[[50.0,7.0],[7.0,0.0]]]},
"G4": {"type": "Matrix2x2", "payoffs": [[[35.0,8.0],[10.0,42.0]],[[43.0,48.0],[2.0,2.0]]]},
"G5": {"type": "Matrix2x2", "payoffs": [[[15.0,8.0],[12.0,0.0]],[[27.0,3.0],[26.0,5.0]]]},
"G6": {"type": "Matrix2x2", "payoffs": [[[2.0,56.0],[63.0,39.0]],[[36.0,20.0],[20.0,33.0]]]},
"G7": {"type": "Matrix2x2", "payoffs": [[[49.0,17.0],[48.0,23.0]],[[40.0,2.0],[58.0,8.0]]]},
"G8": {"type": "Matrix2x2", "payoffs": [[[4.0,30.0],[17.0,7.0]],[[49.0,56.0],[20.0,6.0]]]},
"G9": {"type": "Matrix2x2", "payoffs": [[[5.0,29.0],[12.0,66.0]],[[14.0,85.0],[20.0,23.0]]]},
"G10": {"type": "Matrix2x2", "payoffs": [[[29.0,76.0],[37.0,33.0]],[[38.0,53.0],[23.0,2.0]]]},
"G11": {"type": "Matrix2x2", "payoffs": [[[68.0,29.0],[11.0,13.0]],[[36.0,2.0],[11.0,1.0]]]},
"G12": {"type": "Matrix2x2", "payoffs": [[[34.0,64.0],[2.0,72.0]],[[39.0,76.0],[19.0,53.0]]]},
"G13": {"type": "Matrix2x2", "payoffs": [[[14.0,20.0],[17.0,22.0]],[[11.0,20.0],[15.0,19.0]]]},
"G14": {"type": "Matrix2x2", "payoffs": [[[43.0,18.0],[34.0,17.0]],[[17.0,9.0],[45.0,12.0]]]},
"G15": {"type": "Matrix2x2", "payoffs": [[[15.0,2.0],[4.0,2.0]],[[27.0,1.0],[29.0,1.0]]]},
"G16": {"type": "Matrix2x2", "payoffs": [[[21.0,33.0],[32.0,70.0]],[[40.0,54.0],[37.0,24.0]]]},
"G17": {"type": "Matrix2x2", "payoffs": [[[8.0,9.0],[4.0,29.0]],[[1.0,45.0],[1.0,11.0]]]},
"G18": {"type": "Matrix2x2", "payoffs": [[[13.0,36.0],[23.0,35.0]],[[23.0,59.0],[31.0,61.0]]]},
"G19": {"type": "Matrix2x2", "payoffs": [[[3.0,10.0],[3.0,9.0]],[[10.0,5.0],[5.0,10.0]]]},
"G20": {"type": "Matrix2x2", "payoffs": [[[1.0,55.0],[0.0,26.0]],[[0.0,22.0],[1.0,31.0]]]},
"G21": {"type": "Matrix2x2", "payoffs": [[[16.0,5.0],[4.0,31.0]],[[74.0,21.0],[73.0,40.0]]]},
"G22": {"type": "Matrix2x2", "payoffs": [[[8.0,54.0],[0.0,18.0]],[[2.0,16.0],[1.0,54.0]]]},
"G23": {"type": "Matrix2x2", "payoffs": [[[4.0,1.0],[3.0,27.0]],[[2.0,33.0],[5.0,27.0]]]},
"G24": {"type": "Matrix2x2", "payoffs": [[[44.0,43.0],[26.0,2.0]],[[32.0,1.0],[30.0,35.0]]]},
"G25": {"type": "Matrix2x2", "payoffs": [[[20.0,10.0],[17.0,28.0]],[[35.0,51.0],[23.0,40.0]]]},
"G26": {"type": "Matrix2x2", "payoffs": [[[16.0,0.0],[1.0,5.0]],[[51.0,2.0],[50.0,5.0]]]},
"G27": {"type": "Matrix2x2", "payoffs": [[[17.0,75.0],[14.0,13.0]],[[8.0,82.0],[6.0,9.0]]]},
"G28": {"type": "Matrix2x2", "payoffs": [[[78.0,0.0],[60.0,3.0]],[[2.0,5.0],[81.0,6.0]]]},
"G29": {"type": "Matrix2x2", "payoffs": [[[5.0,10.0],[43.0,15.0]],[[66.0,73.0],[6.0,67.0]]]},
"G30": {"type": "Matrix2x2", "payoffs": [[[5.0,54.0],[36.0,50.0]],[[19.0,54.0],[2.0,17.0]]]},
"G31": {"type": "Matrix2x2", "payoffs": [[[62.0,2.0],[39.0,16.0]],[[33.0,0.0],[72.0,6.0]]]},
"G32": {"type": "Matrix2x2", "payoffs": [[[6.0,37.0],[5.0,9.0]],[[7.0,42.0],[11.0,27.0]]]},
"G33": {"type": "Matrix2x2", "payoffs": [[[12.0,30.0],[10.0,16.0]],[[17.0,68.0],[17.0,78.0]]]},
"G34": {"type": "Matrix2x2", "payoffs": [[[1.0,8.0],[0.0,20.0]],[[1.0,22.0],[1.0,16.0]]]},
"G35": {"type": "Matrix2x2", "payoffs": [[[11.0,2.0],[4.0,2.0]],[[12.0,1.0],[22.0,1.0]]]},
"G36": {"type": "Matrix2x2", "payoffs": [[[19.0,21.0],[5.0,79.0]],[[8.0,30.0],[20.0,73.0]]]},
"G37": {"type": "Matrix2x2", "payoffs": [[[3.0,2.0],[1.0,10.0]],[[0.0,4.0],[3.0,1.0]]]},
"G38": {"type": "Matrix2x2", "payoffs": [[[24.0,12.0],[28.0,4.0]],[[36.0,29.0],[33.0,53.0]]]},
"G39": {"type": "Matrix2x2", "payoffs": [[[4.0,52.0],[9.0,52.0]],[[2.0,22.0],[4.0,30.0]]]},
"G40": {"type": "Matrix2x2", "payoffs": [[[18.0,13.0],[64.0,38.0]],[[72.0,17.0],[35.0,18.0]]]},
"G41": {"type": "Matrix2x2", "payoffs": [[[25.0,3.0],[22.0,4.0]],[[19.0,22.0],[26.0,2.0]]]},
"G42": {"type": "Matrix2x2", "payoffs": [[[73.0,26.0],[39.0,14.0]],[[21.0,19.0],[49.0,3.0]]]},
"G43": {"type": "Matrix2x2", "payoffs": [[[11.0,21.0],[62.0,8.0]],[[56.0,5.0],[51.0,18.0]]]},
"G44": {"type": "Matrix2x2", "payoffs": [[[1.0,50.0],[47.0,22.0]],[[48.0,1.0],[33.0,32.0]]]},
"G45": {"type": "Matrix2x2", "payoffs": [[[5.0,51.0],[5.0,60.0]],[[22.0,55.0],[20.0,47.0]]]},
"G46": {"type": "Matrix2x2", "payoffs": [[[86.0,6.0],[56.0,2.0]],[[5.0,12.0],[86.0,18.0]]]},
"G47": {"type": "Matrix2x2", "payoffs": [[[2.0,1.0],[0.0,1.0]],[[1.0,1.0],[1.0,3.0]]]},
"G48": {"type": "Matrix2x2", "payoffs": [[[32.0,4.0],[34.0,2.0]],[[8.0,6.0],[32.0,7.0]]]},
"G49": {"type": "Matrix2x2", "payoffs": [[[12.0,36.0],[12.0,55.0]],[[6.0,28.0],[12.0,50.0]]]},
"G50": {"type": "Matrix2x2", "payoffs": [[[15.0,8.0],[23.0,25.0]],[[17.0,25.0],[57.0,8.0]]]},
"G51": {"type": "Matrix2x2", "payoffs": [[[17.0,74.0],[17.0,48.0]],[[9.0,38.0],[2.0,48.0]]]},
"G52": {"type": "Matrix2x2", "payoffs": [[[6.0,70.0],[6.0,28.0]],[[5.0,61.0],[10.0,41.0]]]},
"G53": {"type": "Matrix2x2", "payoffs": [[[16.0,12.0],[18.0,9.0]],[[15.0,10.0],[5.0,8.0]]]},
"G54": {"type": "Matrix2x2", "payoffs": [[[3.0,57.0],[20.0,52.0]],[[4.0,68.0],[5.0,50.0]]]},
"G55": {"type": "Matrix2x2", "payoffs": [[[1.0,26.0],[1.0,85.0]],[[2.0,93.0],[2.0,61.0]]]},
"G56": {"type": "Matrix2x2", "payoffs": [[[18.0,5.0],[10.0,24.0]],[[36.0,22.0],[36.0,44.0]]]},
"G57": {"type": "Matrix2x2", "payoffs": [[[15.0,3.0],[5.0,21.0]],[[65.0,6.0],[45.0,38.0]]]},
"G58": {"type": "Matrix2x2", "payoffs": [[[24.0,63.0],[22.0,55.0]],[[17.0,82.0],[14.0,40.0]]]},
"G59": {"type": "Matrix2x2", "payoffs": [[[43.0,19.0],[35.0,33.0]],[[10.0,51.0],[30.0,66.0]]]},
"G60": {"type": "Matrix2x2", "payoffs": [[[53.0,34.0],[72.0,64.0]],[[26.0,29.0],[5.0,5.0]]]},
"G61": {"type": "Matrix2x2", "payoffs": [[[5.0,6.0],[54.0,8.0]],[[85.0,0.0],[50.0,7.0]]]},
"G62": {"type": "Matrix2x2", "payoffs": [[[33.0,6.0],[30.0,2.0]],[[16.0,7.0],[29.0,4.0]]]},
"G63": {"type": "Matrix2x2", "payoffs": [[[48.0,10.0],[22.0,64.0]],[[11.0,13.0],[65.0,31.0]]]},
"G64": {"type": "Matrix2x2", "payoffs": [[[17.0,33.0],[57.0,66.0]],[[31.0,33.0],[5.0,52.0]]]},
"G65": {"type": "Matrix2x2", "payoffs": [[[17.0,61.0],[5.0,9.0]],[[13.0,24.0],[48.0,43.0]]]},
"G66": {"type": "Matrix2x2", "payoffs": [[[6.0,3.0],[31.0,8.0]],[[19.0,10.0],[41.0,21.0]]]},
"G67": {"type": "Matrix2x2", "payoffs": [[[7.0,56.0],[10.0,76.0]],[[15.0,30.0],[7.0,25.0]]]},
"G68": {"type": "Matrix2x2", "payoffs": [[[12.0,61.0],[20.0,11.0]],[[18.0,42.0],[6.0,30.0]]]},
"G69": {"type": "Matrix2x2", "payoffs": [[[6.0,11.0],[23.0,70.0]],[[11.0,33.0],[6.0,21.0]]]},
"G70": {"type": "Matrix2x2", "payoffs": [[[1.0,22.0],[64.0,36.0]],[[42.0,26.0],[72.0,51.0]]]},
"G71": {"type": "Matrix2x2", "payoffs": [[[92.0,6.0],[2.0,3.0]],[[31.0,6.0],[9.0,3.0]]]},
"G72": {"type": "Matrix2x2", "payoffs": [[[49.0,88.0],[23.0,21.0]],[[25.0,74.0],[41.0,39.0]]]},
"G73": {"type": "Matrix2x2", "payoffs": [[[5.0,20.0],[3.0,9.0]],[[10.0,14.0],[11.0,3.0]]]},
"G74": {"type": "Matrix2x2", "payoffs": [[[18.0,14.0],[18.0,4.0]],[[6.0,15.0],[19.0,24.0]]]},
"G75": {"type": "Matrix2x2", "payoffs": [[[13.0,10.0],[22.0,10.0]],[[9.0,21.0],[36.0,24.0]]]},
"G76": {"type": "Matrix2x2", "payoffs": [[[27.0,13.0],[14.0,6.0]],[[22.0,1.0],[24.0,6.0]]]},
"G77": {"type": "Matrix2x2", "payoffs": [[[70.0,14.0],[22.0,25.0]],[[62.0,41.0],[24.0,28.0]]]},
"G78": {"type": "Matrix2x2", "payoffs": [[[13.0,18.0],[18.0,4.0]],[[79.0,3.0],[16.0,9.0]]]},
"G79": {"type": "Matrix2x2", "payoffs": [[[28.0,6.0],[58.0,19.0]],[[58.0,15.0],[54.0,23.0]]]},
"G80": {"type": "Matrix2x2", "payoffs": [[[13.0,14.0],[20.0,26.0]],[[7.0,8.0],[15.0,33.0]]]},
"G81": {"type": "Matrix2x2", "payoffs": [[[10.0,7.0],[54.0,10.0]],[[10.0,16.0],[26.0,17.0]]]},
"G82": {"type": "Matrix2x2", "payoffs": [[[13.0,39.0],[11.0,1.0]],[[8.0,22.0],[8.0,41.0]]]},
"G83": {"type": "Matrix2x2", "payoffs": [[[2.0,15.0],[7.0,36.0]],[[3.0,46.0],[1.0,39.0]]]},
"G84": {"type": "Matrix2x2", "payoffs": [[[77.0,19.0],[32.0,54.0]],[[34.0,9.0],[16.0,43.0]]]},
"G85": {"type": "Matrix2x2", "payoffs": [[[1.0,11.0],[0.0,27.0]],[[65.0,18.0],[75.0,0.0]]]},
"G86": {"type": "Matrix2x2", "payoffs": [[[23.0,1.0],[23.0,5.0]],[[3.0,1.0],[8.0,2.0]]]},
"G87": {"type": "Matrix2x2", "payoffs": [[[12.0,2.0],[81.0,11.0]],[[74.0,4.0],[94.0,13.0]]]},
"G88": {"type": "Matrix2x2", "payoffs": [[[26.0,23.0],[50.0,3.0]],[[48.0,18.0],[19.0,27.0]]]},
"G89": {"type": "Matrix2x2", "payoffs": [[[5.0,48.0],[0.0,48.0]],[[8.0,37.0],[8.0,24.0]]]},
"G90": {"type": "Matrix2x2", "payoffs": [[[9.0,78.0],[4.0,26.0]],[[14.0,19.0],[4.0,26.0]]]},
"G91": {"type": "Matrix2x2", "payoffs": [[[49.0,11.0],[69.0,8.0]],[[16.0,12.0],[66.0,0.0]]]},
"G92": {"type": "Matrix2x2", "payoffs": [[[49.0,76.0],[8.0,72.0]],[[76.0,46.0],[0.0,21.0]]]},
"G93": {"type": "Matrix2x2", "payoffs": [[[14.0,41.0],[21.0,23.0]],[[35.0,34.0],[19.0,69.0]]]},
"G94": {"type": "Matrix2x2", "payoffs": [[[75.0,11.0],[79.0,7.0]],[[41.0,19.0],[2.0,4.0]]]},
"G95": {"type": "Matrix2x2", "payoffs": [[[8.0,89.0],[21.0,33.0]],[[0.0,11.0],[8.0,91.0]]]},
"G96": {"type": "Matrix2x2", "payoffs": [[[59.0,5.0],[0.0,7.0]],[[37.0,8.0],[41.0,1.0]]]},
"G97": {"type": "Matrix2x2", "payoffs": [[[6.0,9.0],[22.0,12.0]],[[12.0,11.0],[6.0,7.0]]]},
"G98": {"type": "Matrix2x2", "payoffs": [[[62.0,11.0],[81.0,6.0]],[[63.0,7.0],[67.0,7.0]]]},
"G99": {"type": "Matrix2x2", "payoffs": [[[44.0,23.0],[60.0,40.0]],[[10.0,40.0],[46.0,46.0]]]},
"G100": {"type": "Matrix2x2", "payoffs": [[[18.0,15.0],[11.0,70.0]],[[21.0,39.0],[23.0,72.0]]]}
}