{
"numGames": 100,
"G1": {"type": "Matrix2x2", "payoffs": [[[30.0,25.0],[21.0,62.0]],[[35.0,38.0],[31.0,70.0]]]},
"G2": {"type": "Matrix2x2", "payoffs": [[[31.0,19.0],[31.0,18.0]],[[15.0,18.0],[21.0,84.0]]]},
"G3": {"type": "Matrix2x2", "payoffs": [[[6.0,26.0],[13.0,22.0]],[[4.0,27.0],[3.0,47.0]]]},
"G4": {"type": "Matrix2x2", "payoffs": [[[9.0,2.0],[6.0,3.0]],[[9.0,0.0],[2.0,2.0]]]},
"G5": {"type": "Matrix2x2", "payoffs": [[[3.0,22.0],[64.0,1.0]],[[6.0,8.0],[41.0,35.0]]]},
"G6": {"type": "Matrix2x2", "payoffs": [[[16.0,3.0],[9.0,14.0]],[[12.0,9.0],[24.0,21.0]]]},
"G7": {"type": "Matrix2x2", "payoffs": [[[12.0,34.0],[24.0,40.0]],[[49.0,29.0],[17.0,8.0]]]},
"G8": {"type": "Matrix2x2", "payoffs": [[[36.0,1.0],[45.0,2.0]],[[58.0,1.0],[48.0,2.0]]]},
"G9": {"type": "Matrix2x2", "payoffs": [[[1.0,6.0],[0.0,7.0]],[[0.0,5.0],[0.0,7.0]]]},
"G10": {"type": "Matrix2x2", "payoffs": [[[43.0,0.0],[26.0,4.0]],[[1.0,7.0],[4.0,10.0]]]},
"G11": {"type": "Matrix2x2", "payoffs": [[[48.0,29.0],[25.0,16.0]],[[24.0,18.0],[21.0,33.0]]]},
"G12": {"type": "Matrix2x2", "payoffs": [[[68.0,3.0],[34.0,10.0]],[[36.0,2.0],[41.0,20.0]]]},
"G13": {"type": "Matrix2x2", "payoffs": [[[2.0,28.0],[0.0,67.0]],[[2.0,3.0],[2.0,52.0]]]},
"G14": {"type": "Matrix2x2", "payoffs": [[[17.0,13.0],[51.0,12.0]],[[86.0,23.0],[51.0,25.0]]]},
"G15": {"type": "Matrix2x2", "payoffs": [[[76.0,6.0],[62.0,14.0]],[[87.0,10.0],[22.0,1.0]]]},
"G16": {"type": "Matrix2x2", "payoffs": [[[21.0,27.0],[23.0,10.0]],[[53.0,43.0],[44.0,93.0]]]},
"G17": {"type": "Matrix2x2", "payoffs": [[[37.0,45.0],[58.0,76.0]],[[61.0,53.0],[61.0,85.0]]]},
"G18": {"type": "Matrix2x2", "payoffs": [[[9.0,28.0],[6.0,37.0]],[[8.0,32.0],[5.0,3.0]]]},
"G19": {"type": "Matrix2x2", "payoffs": [[[3.0,2.0],[59.0,2.0]],[[56.0,1.0],[80.0,0.0]]]},
"G20": {"type": "Matrix2x2", "payoffs": [[[5.0,15.0],[10.0,7.0]],[[21.0,2.0],[12.0,4.0]]]},
"G21": {"type": "Matrix2x2", "payoffs": [[[49.0,0.0],[63.0,45.0]],[[50.0,4.0],[20.0,42.0]]]},
"G22": {"type": "Matrix2x2", "payoffs": [[[30.0,57.0],[16.0,24.0]],[[43.0,45.0],[22.0,86.0]]]},
"G23": {"type": "Matrix2x2", "payoffs": [[[51.0,71.0],[59.0,73.0]],[[41.0,55.0],[55.0,77.0]]]},
"G24": {"type": "Matrix2x2", "payoffs": [[[7.0,19.0],[3.0,27.0]],[[16.0,4.0],[2.0,12.0]]]},
"G25": {"type": "Matrix2x2", "payoffs": [[[4.0,34.0],[21.0,9.0]],[[0.0,59.0],[33.0,78.0]]]},
"G26": {"type": "Matrix2x2", "payoffs": [[[2.0,1.0],[17.0,4.0]],[[1.0,3.0],[12.0,2.0]]]},
"G27": {"type": "Matrix2x2", "payoffs": [[[43.0,34.0],[70.0,41.0]],[[69.0,18.0],[3.0,9.0]]]},
"G28": {"type": "Matrix2x2", "payoffs": [[[1.0,2.0],[4.0,39.0]],[[1.0,2.0],[4.0,13.0]]]},
"G29": {"type": "Matrix2x2", "payoffs": [[[16.0,61.0],[9.0,57.0]],[[24.0,25.0],[21.0,36.0]]]},
"G30": {"type": "Matrix2x2", "payoffs": [[[38.0,2.0],[48.0,3.0]],[[41.0,0.0],[12.0,1.0]]]},
"G31": {"type": "Matrix2x2", "payoffs": [[[32.0,30.0],[51.0,34.0]],[[38.0,5.0],[22.0,34.0]]]},
"G32": {"type": "Matrix2x2", "payoffs": [[[51.0,3.0],[7.0,10.0]],[[5.0,24.0],[69.0,5.0]]]},
"G33": {"type": "Matrix2x2", "payoffs": [[[2.0,36.0],[2.0,16.0]],[[2.0,46.0],[3.0,32.0]]]},
"G34": {"type": "Matrix2x2", "payoffs": [[[4.0,5.0],[19.0,27.0]],[[46.0,42.0],[45.0,30.0]]]},
"G35": {"type": "Matrix2x2", "payoffs": [[[18.0,23.0],[8.0,45.0]],[[26.0,1.0],[46.0,15.0]]]},
"G36": {"type": "Matrix2x2", "payoffs": [[[22.0,14.0],[6.0,32.0]],[[11.0,13.0],[6.0,8.0]]]},
"G37": {"type": "Matrix2x2", "payoffs": [[[25.0,1.0],[38.0,5.0]],[[5.0,4.0],[30.0,2.0]]]},
"G38": {"type": "Matrix2x2", "payoffs": [[[17.0,53.0],[19.0,7.0]],[[7.0,39.0],[18.0,29.0]]]},
"G39": {"type": "Matrix2x2", "payoffs": [[[37.0,33.0],[6.0,26.0]],[[1.0,66.0],[8.0,59.0]]]},
"G40": {"type": "Matrix2x2", "payoffs": [[[0.0,8.0],[44.0,10.0]],[[55.0,2.0],[46.0,16.0]]]},
"G41": {"type": "Matrix2x2", "payoffs": [[[34.0,89.0],[16.0,20.0]],[[26.0,25.0],[40.0,21.0]]]},
"G42": {"type": "Matrix2x2", "payoffs": [[[14.0,38.0],[39.0,34.0]],[[2.0,80.0],[34.0,43.0]]]},
"G43": {"type": "Matrix2x2", "payoffs": [[[41.0,66.0],[37.0,66.0]],[[5.0,42.0],[45.0,51.0]]]},
"G44": {"type": "Matrix2x2", "payoffs": [[[10.0,49.0],[38.0,61.0]],[[13.0,22.0],[28.0,41.0]]]},
"G45": {"type": "Matrix2x2", "payoffs": [[[27.0,2.0],[16.0,7.0]],[[34.0,1.0],[23.0,0.0]]]},
"G46": {"type": "Matrix2x2", "payoffs": [[[19.0,7.0],[36.0,85.0]],[[68.0,51.0],[27.0,34.0]]]},
"G47": {"type": "Matrix2x2", "payoffs": [[[7.0,12.0],[21.0,1.0]],[[12.0,2.0],[22.0,49.0]]]},
"G48": {"type": "Matrix2x2", "payoffs": [[[15.0,9.0],[12.0,6.0]],[[39.0,0.0],[16.0,8.0]]]},
"G49": {"type": "Matrix2x2", "payoffs": [[[27.0,7.0],[17.0,6.0]],[[3.0,21.0],[25.0,17.0]]]},
"G50": {"type": "Matrix2x2", "payoffs": [[[33.0,16.0],[6.0,4.0]],[[29.0,21.0],[18.0,12.0]]]},
"G51": {"type": "Matrix2x2", "payoffs": [[[60.0,49.0],[33.0,49.0]],[[37.0,44.0],[36.0,28.0]]]},
"G52": {"type": "Matrix2x2", "payoffs": [[[51.0,42.0],[28.0,57.0]],[[71.0,7.0],[4.0,44.0]]]},
"G53": {"type": "Matrix2x2", "payoffs": [[[37.0,12.0],[25.0,8.0]],[[10.0,5.0],[1.0,21.0]]]},
"G54": {"type": "Matrix2x2", "payoffs": [[[57.0,3.0],[10.0,5.0]],[[50.0,1.0],[37.0,1.0]]]},
"G55": {"type": "Matrix2x2", "payoffs": [[[1.0,20.0],[2.0,28.0]],[[21.0,33.0],[6.0,37.0]]]},
"G56": {"type": "Matrix2x2", "payoffs": [[[19.0,21.0],[15.0,9.0]],[[8.0,47.0],[15.0,2.0]]]},
"G57": {"type": "Matrix2x2", "payoffs": [[[4.0,25.0],[4.0,43.0]],[[1.0,33.0],[1.0,17.0]]]},
"G58": {"type": "Matrix2x2", "payoffs": [[[10.0,48.0],[5.0,12.0]],[[18.0,41.0],[14.0,41.0]]]},
"G59": {"type": "Matrix2x2", "payoffs": [[[5.0,3.0],[4.0,8.0]],[[1.0,2.0],[4.0,1.0]]]},
"G60": {"type": "Matrix2x2", "payoffs": [[[27.0,4.0],[35.0,33.0]],[[6.0,27.0],[7.0,13.0]]]},
"G61": {"type": "Matrix2x2", "payoffs": [[[7.0,23.0],[1.0,33.0]],[[2.0,33.0],[4.0,25.0]]]},
"G62": {"type": "Matrix2x2", "payoffs": [[[59.0,5.0],[49.0,24.0]],[[41.0,54.0],[0.0,34.0]]]},
"G63": {"type": "Matrix2x2", "payoffs": [[[6.0,14.0],[0.0,19.0]],[[6.0,14.0],[6.0,7.0]]]},
"G64": {"type": "Matrix2x2", "payoffs": [[[29.0,11.0],[5.0,6.0]],[[46.0,26.0],[25.0,2.0]]]},
"G65": {"type": "Matrix2x2", "payoffs": [[[6.0,9.0],[5.0,8.0]],[[6.0,2.0],[22.0,10.0]]]},
"G66": {"type": "Matrix2x2", "payoffs": [[[27.0,1.0],[89.0,17.0]],[[45.0,5.0],[50.0,1.0]]]},
"G67": {"type": "Matrix2x2", "payoffs": [[[42.0,28.0],[17.0,30.0]],[[48.0,23.0],[26.0,1.0]]]},
"G68": {"type": "Matrix2x2", "payoffs": [[[34.0,56.0],[23.0,50.0]],[[14.0,20.0],[4.0,9.0]]]},
"G69": {"type": "Matrix2x2", "payoffs": [[[15.0,13.0],[9.0,8.0]],[[13.0,16.0],[64.0,8.0]]]},
"G70": {"type": "Matrix2x2", "payoffs": [[[34.0,65.0],[21.0,31.0]],[[33.0,56.0],[17.0,61.0]]]},
"G71": {"type": "Matrix2x2", "payoffs": [[[0.0,10.0],[4.0,8.0]],[[10.0,18.0],[4.0,2.0]]]},
"G72": {"type": "Matrix2x2", "payoffs": [[[8.0,21.0],[17.0,38.0]],[[26.0,44.0],[6.0,34.0]]]},
"G73": {"type": "Matrix2x2", "payoffs": [[[9.0,14.0],[9.0,5.0]],[[18.0,7.0],[57.0,11.0]]]},
"G74": {"type": "Matrix2x2", "payoffs": [[[5.0,15.0],[0.0,9.0]],[[8.0,8.0],[6.0,7.0]]]},
"G75": {"type": "Matrix2x2", "payoffs": [[[25.0,14.0],[27.0,67.0]],[[44.0,8.0],[42.0,33.0]]]},
"G76": {"type": "Matrix2x2", "payoffs": [[[3.0,15.0],[1.0,9.0]],[[3.0,4.0],[2.0,6.0]]]},
"G77": {"type": "Matrix2x2", "payoffs": [[[38.0,10.0],[66.0,4.0]],[[27.0,6.0],[43.0,7.0]]]},
"G78": {"type": "Matrix2x2", "payoffs": [[[17.0,5.0],[13.0,16.0]],[[3.0,11.0],[10.0,16.0]]]},
"G79": {"type": "Matrix2x2", "payoffs": [[[54.0,31.0],[7.0,1.0]],[[59.0,58.0],[14.0,56.0]]]},
"G80": {"type": "Matrix2x2", "payoffs": [[[15.0,31.0],[35.0,23.0]],[[54.0,30.0],[47.0,14.0]]]},
"G81": {"type": "Matrix2x2", "payoffs": [[[61.0,91.0],[59.0,9.0]],[[43.0,2.0],[61.0,10.0]]]},
"G82": {"type": "Matrix2x2", "payoffs": [[[0.0,11.0],[0.0,53.0]],[[0.0,12.0],[0.0,55.0]]]},
"G83": {"type": "Matrix2x2", "payoffs": [[[26.0,4.0],[42.0,4.0]],[[22.0,8.0],[43.0,2.0]]]},
"G84": {"type": "Matrix2x2", "payoffs": [[[0.0,16.0],[0.0,25.0]],[[0.0,21.0],[0.0,16.0]]]},
"G85": {"type": "Matrix2x2", "payoffs": [[[5.0,9.0],[7.0,3.0]],[[0.0,19.0],[1.0,22.0]]]},
"G86": {"type": "Matrix2x2", "payoffs": [[[19.0,34.0],[26.0,40.0]],[[34.0,32.0],[1.0,38.0]]]},
"G87": {"type": "Matrix2x2", "payoffs": [[[14.0,9.0],[4.0,32.0]],[[20.0,22.0],[12.0,27.0]]]},
"G88": {"type": "Matrix2x2", "payoffs": [[[5.0,18.0],[82.0,15.0]],[[16.0,0.0],[55.0,12.0]]]},
"G89": {"type": "Matrix2x2", "payoffs": [[[68.0,54.0],[29.0,75.0]],[[20.0,2.0],[16.0,2.0]]]},
"G90": {"type": "Matrix2x2", "payoffs": [[[7.0,37.0],[14.0,64.0]],[[7.0,64.0],[13.0,22.0]]]},
"G91": {"type": "Matrix2x2", "payoffs": [[[24.0,1.0],[24.0,2.0]],[[44.0,2.0],[3.0,1.0]]]},
"G92": {"type": "Matrix2x2", "payoffs": [[[62.0,3.0],[5.0,6.0]],[[2.0,0.0],[32.0,0.0]]]},
"G93": {"type": "Matrix2x2", "payoffs": [[[19.0,31.0],[18.0,25.0]],[[19.0,16.0],[1.0,1.0]]]},
"G94": {"type": "Matrix2x2", "payoffs": [[[14.0,57.0],[12.0,45.0]],[[38.0,58.0],[1.0,1.0]]]},
"G95": {"type": "Matrix2x2", "payoffs": [[[9.0,14.0],[30.0,8.0]],[[10.0,34.0],[2.0,44.0]]]},
"G96": {"type": "Matrix2x2", "payoffs": [[[4.0,21.0],[5.0,54.0]],[[7.0,54.0],[3.0,53.0]]]},
"G97": {"type": "Matrix2x2", "payoffs": [[[39.0,35.0],[60.0,28.0]],[[56.0,24.0],[25.0,40.0]]]},
"G98": {"type": "Matrix2x2", "payoffs": [[[4.0,7.0],[7.0,13.0]],[[6.0,12.0],[8.0,12.0]]]},
"G99": {"type": "Matrix2x2", "payoffs": [[[56.0,1.0],[13.0,1.0]],[[1.0,5.0],[16.0,6.0]]]},
"G100": {"type": "Matrix2x2", "payoffs": [[[2.0,7.0],[58.0,3.0]],[[74.0,1.0],[30.0,4.0]]]}
}