{
"numGames": 100,
"G1": {"type": "Matrix2x2", "payoffs": [[[52.0,38.0],[38.0,33.0]],[[3.0,37.0],[56.0,6.0]]]},
"G2": {"type": "Matrix2x2", "payoffs": [[[35.0,0.0],[36.0,26.0]],[[36.0,3.0],[32.0,10.0]]]},
"G3": {"type": "Matrix2x2", "payoffs": [[[33.0,17.0],[5.0,4.0]],[[10.0,63.0],[32.0,14.0]]]},
"G4": {"type": "Matrix2x2", "payoffs": [[[34.0,45.0],[24.0,70.0]],[[26.0,1.0],[2.0,4.0]]]},
"G5": {"type": "Matrix2x2", "payoffs": [[[26.0,36.0],[9.0,11.0]],[[25.0,36.0],[26.0,50.0]]]},
"G6": {"type": "Matrix2x2", "payoffs": [[[14.0,5.0],[9.0,2.0]],[[27.0,6.0],[15.0,8.0]]]},
"G7": {"type": "Matrix2x2", "payoffs": [[[5.0,34.0],[35.0,21.0]],[[32.0,88.0],[22.0,90.0]]]},
"G8": {"type": "Matrix2x2", "payoffs": [[[4.0,6.0],[3.0,45.0]],[[2.0,23.0],[0.0,19.0]]]},
"G9": {"type": "Matrix2x2", "payoffs": [[[34.0,1.0],[21.0,3.0]],[[28.0,2.0],[23.0,1.0]]]},
"G10": {"type": "Matrix2x2", "payoffs": [[[28.0,87.0],[35.0,6.0]],[[34.0,9.0],[23.0,88.0]]]},
"G11": {"type": "Matrix2x2", "payoffs": [[[0.0,13.0],[3.0,27.0]],[[0.0,34.0],[1.0,42.0]]]},
"G12": {"type": "Matrix2x2", "payoffs": [[[6.0,49.0],[11.0,37.0]],[[15.0,87.0],[2.0,79.0]]]},
"G13": {"type": "Matrix2x2", "payoffs": [[[14.0,8.0],[38.0,9.0]],[[42.0,22.0],[40.0,29.0]]]},
"G14": {"type": "Matrix2x2", "payoffs": [[[50.0,27.0],[25.0,33.0]],[[82.0,7.0],[9.0,39.0]]]},
"G15": {"type": "Matrix2x2", "payoffs": [[[16.0,38.0],[30.0,27.0]],[[7.0,19.0],[6.0,25.0]]]},
"G16": {"type": "Matrix2x2", "payoffs": [[[1.0,3.0],[1.0,1.0]],[[0.0,6.0],[1.0,8.0]]]},
"G17": {"type": "Matrix2x2", "payoffs": [[[2.0,65.0],[3.0,14.0]],[[6.0,64.0],[17.0,6.0]]]},
"G18": {"type": "Matrix2x2", "payoffs": [[[8.0,8.0],[21.0,24.0]],[[28.0,41.0],[70.0,11.0]]]},
"G19": {"type": "Matrix2x2", "payoffs": [[[18.0,13.0],[5.0,7.0]],[[20.0,12.0],[22.0,10.0]]]},
"G20": {"type": "Matrix2x2", "payoffs": [[[4.0,34.0],[6.0,20.0]],[[2.0,90.0],[1.0,22.0]]]},
"G21": {"type": "Matrix2x2", "payoffs": [[[3.0,27.0],[26.0,32.0]],[[72.0,9.0],[1.0,51.0]]]},
"G22": {"type": "Matrix2x2", "payoffs": [[[43.0,42.0],[28.0,9.0]],[[72.0,27.0],[60.0,22.0]]]},
"G23": {"type": "Matrix2x2", "payoffs": [[[16.0,24.0],[10.0,3.0]],[[11.0,1.0],[3.0,21.0]]]},
"G24": {"type": "Matrix2x2", "payoffs": [[[85.0,57.0],[81.0,77.0]],[[38.0,63.0],[75.0,34.0]]]},
"G25": {"type": "Matrix2x2", "payoffs": [[[2.0,4.0],[32.0,25.0]],[[43.0,17.0],[16.0,7.0]]]},
"G26": {"type": "Matrix2x2", "payoffs": [[[5.0,12.0],[10.0,27.0]],[[35.0,11.0],[3.0,9.0]]]},
"G27": {"type": "Matrix2x2", "payoffs": [[[8.0,1.0],[39.0,3.0]],[[4.0,4.0],[40.0,2.0]]]},
"G28": {"type": "Matrix2x2", "payoffs": [[[68.0,4.0],[31.0,17.0]],[[14.0,9.0],[37.0,17.0]]]},
"G29": {"type": "Matrix2x2", "payoffs": [[[6.0,7.0],[7.0,18.0]],[[2.0,12.0],[4.0,18.0]]]},
"G30": {"type": "Matrix2x2", "payoffs": [[[1.0,34.0],[7.0,1.0]],[[3.0,30.0],[1.0,37.0]]]},
"G31": {"type": "Matrix2x2", "payoffs": [[[70.0,49.0],[5.0,23.0]],[[18.0,52.0],[17.0,55.0]]]},
"G32": {"type": "Matrix2x2", "payoffs": [[[25.0,57.0],[61.0,26.0]],[[48.0,35.0],[48.0,39.0]]]},
"G33": {"type": "Matrix2x2", "payoffs": [[[16.0,4.0],[26.0,5.0]],[[40.0,5.0],[27.0,4.0]]]},
"G34": {"type": "Matrix2x2", "payoffs": [[[10.0,5.0],[19.0,8.0]],[[24.0,6.0],[15.0,3.0]]]},
"G35": {"type": "Matrix2x2", "payoffs": [[[25.0,26.0],[42.0,27.0]],[[7.0,27.0],[33.0,35.0]]]},
"G36": {"type": "Matrix2x2", "payoffs": [[[43.0,12.0],[28.0,27.0]],[[22.0,42.0],[69.0,19.0]]]},
"G37": {"type": "Matrix2x2", "payoffs": [[[24.0,37.0],[1.0,7.0]],[[25.0,43.0],[0.0,0.0]]]},
"G38": {"type": "Matrix2x2", "payoffs": [[[11.0,17.0],[11.0,4.0]],[[10.0,24.0],[10.0,15.0]]]},
"G39": {"type": "Matrix2x2", "payoffs": [[[0.0,13.0],[0.0,27.0]],[[0.0,26.0],[0.0,7.0]]]},
"G40": {"type": "Matrix2x2", "payoffs": [[[64.0,23.0],[74.0,51.0]],[[62.0,31.0],[9.0,10.0]]]},
"G41": {"type": "Matrix2x2", "payoffs": [[[8.0,23.0],[5.0,22.0]],[[33.0,99.0],[41.0,37.0]]]},
"G42": {"type": "Matrix2x2", "payoffs": [[[32.0,10.0],[34.0,12.0]],[[26.0,16.0],[31.0,10.0]]]},
"G43": {"type": "Matrix2x2", "payoffs": [[[28.0,13.0],[2.0,43.0]],[[15.0,50.0],[24.0,49.0]]]},
"G44": {"type": "Matrix2x2", "payoffs": [[[18.0,37.0],[27.0,46.0]],[[1.0,51.0],[1.0,37.0]]]},
"G45": {"type": "Matrix2x2", "payoffs": [[[52.0,2.0],[50.0,7.0]],[[62.0,2.0],[68.0,1.0]]]},
"G46": {"type": "Matrix2x2", "payoffs": [[[34.0,90.0],[29.0,69.0]],[[5.0,6.0],[2.0,18.0]]]},
"G47": {"type": "Matrix2x2", "payoffs": [[[14.0,15.0],[7.0,3.0]],[[2.0,27.0],[3.0,12.0]]]},
"G48": {"type": "Matrix2x2", "payoffs": [[[9.0,34.0],[8.0,53.0]],[[0.0,43.0],[2.0,20.0]]]},
"G49": {"type": "Matrix2x2", "payoffs": [[[32.0,49.0],[39.0,89.0]],[[24.0,68.0],[24.0,42.0]]]},
"G50": {"type": "Matrix2x2", "payoffs": [[[0.0,8.0],[6.0,13.0]],[[7.0,8.0],[3.0,4.0]]]},
"G51": {"type": "Matrix2x2", "payoffs": [[[24.0,10.0],[27.0,8.0]],[[9.0,14.0],[35.0,14.0]]]},
"G52": {"type": "Matrix2x2", "payoffs": [[[6.0,53.0],[20.0,49.0]],[[14.0,9.0],[10.0,31.0]]]},
"G53": {"type": "Matrix2x2", "payoffs": [[[3.0,82.0],[1.0,64.0]],[[0.0,45.0],[3.0,54.0]]]},
"G54": {"type": "Matrix2x2", "payoffs": [[[30.0,14.0],[73.0,11.0]],[[18.0,11.0],[37.0,4.0]]]},
"G55": {"type": "Matrix2x2", "payoffs": [[[6.0,48.0],[57.0,37.0]],[[54.0,52.0],[5.0,15.0]]]},
"G56": {"type": "Matrix2x2", "payoffs": [[[4.0,4.0],[2.0,10.0]],[[1.0,39.0],[2.0,13.0]]]},
"G57": {"type": "Matrix2x2", "payoffs": [[[49.0,0.0],[11.0,0.0]],[[45.0,0.0],[1.0,0.0]]]},
"G58": {"type": "Matrix2x2", "payoffs": [[[78.0,4.0],[71.0,5.0]],[[22.0,13.0],[19.0,15.0]]]},
"G59": {"type": "Matrix2x2", "payoffs": [[[40.0,0.0],[22.0,0.0]],[[55.0,0.0],[36.0,0.0]]]},
"G60": {"type": "Matrix2x2", "payoffs": [[[2.0,81.0],[22.0,72.0]],[[12.0,59.0],[4.0,34.0]]]},
"G61": {"type": "Matrix2x2", "payoffs": [[[5.0,2.0],[3.0,1.0]],[[14.0,3.0],[7.0,2.0]]]},
"G62": {"type": "Matrix2x2", "payoffs": [[[25.0,14.0],[26.0,8.0]],[[3.0,61.0],[19.0,3.0]]]},
"G63": {"type": "Matrix2x2", "payoffs": [[[50.0,16.0],[22.0,6.0]],[[67.0,2.0],[9.0,21.0]]]},
"G64": {"type": "Matrix2x2", "payoffs": [[[33.0,41.0],[38.0,35.0]],[[36.0,18.0],[34.0,28.0]]]},
"G65": {"type": "Matrix2x2", "payoffs": [[[12.0,14.0],[1.0,2.0]],[[7.0,5.0],[1.0,14.0]]]},
"G66": {"type": "Matrix2x2", "payoffs": [[[24.0,80.0],[0.0,4.0]],[[22.0,76.0],[2.0,64.0]]]},
"G67": {"type": "Matrix2x2", "payoffs": [[[7.0,3.0],[25.0,20.0]],[[24.0,32.0],[4.0,70.0]]]},
"G68": {"type": "Matrix2x2", "payoffs": [[[19.0,60.0],[8.0,37.0]],[[16.0,33.0],[28.0,17.0]]]},
"G69": {"type": "Matrix2x2", "payoffs": [[[29.0,9.0],[27.0,9.0]],[[22.0,8.0],[38.0,6.0]]]},
"G70": {"type": "Matrix2x2", "payoffs": [[[5.0,61.0],[40.0,8.0]],[[25.0,3.0],[47.0,7.0]]]},
"G71": {"type": "Matrix2x2", "payoffs": [[[1.0,34.0],[11.0,18.0]],[[10.0,25.0],[12.0,22.0]]]},
"G72": {"type": "Matrix2x2", "payoffs": [[[4.0,48.0],[17.0,28.0]],[[3.0,88.0],[3.0,6.0]]]},
"G73": {"type": "Matrix2x2", "payoffs": [[[10.0,20.0],[28.0,0.0]],[[26.0,5.0],[47.0,2.0]]]},
"G74": {"type": "Matrix2x2", "payoffs": [[[4.0,6.0],[17.0,4.0]],[[11.0,5.0],[5.0,2.0]]]},
"G75": {"type": "Matrix2x2", "payoffs": [[[23.0,28.0],[47.0,24.0]],[[2.0,13.0],[39.0,25.0]]]},
"G76": {"type": "Matrix2x2", "payoffs": [[[9.0,28.0],[11.0,48.0]],[[7.0,1.0],[16.0,84.0]]]},
"G77": {"type": "Matrix2x2", "payoffs": [[[8.0,53.0],[13.0,38.0]],[[7.0,50.0],[4.0,44.0]]]},
"G78": {"type": "Matrix2x2", "payoffs": [[[27.0,49.0],[2.0,49.0]],[[22.0,73.0],[13.0,45.0]]]},
"G79": {"type": "Matrix2x2", "payoffs": [[[1.0,10.0],[5.0,56.0]],[[17.0,36.0],[1.0,16.0]]]},
"G80": {"type": "Matrix2x2", "payoffs": [[[1.0,0.0],[0.0,15.0]],[[1.0,0.0],[0.0,9.0]]]},
"G81": {"type": "Matrix2x2", "payoffs": [[[20.0,52.0],[58.0,38.0]],[[47.0,58.0],[43.0,44.0]]]},
"G82": {"type": "Matrix2x2", "payoffs": [[[74.0,8.0],[86.0,2.0]],[[10.0,1.0],[61.0,0.0]]]},
"G83": {"type": "Matrix2x2", "payoffs": [[[17.0,1.0],[14.0,1.0]],[[23.0,2.0],[9.0,1.0]]]},
"G84": {"type": "Matrix2x2", "payoffs": [[[81.0,67.0],[80.0,42.0]],[[8.0,66.0],[39.0,34.0]]]},
"G85": {"type": "Matrix2x2", "payoffs": [[[29.0,4.0],[2.0,14.0]],[[37.0,0.0],[3.0,29.0]]]},
"G86": {"type": "Matrix2x2", "payoffs": [[[3.0,38.0],[6.0,44.0]],[[57.0,22.0],[45.0,39.0]]]},
"G87": {"type": "Matrix2x2", "payoffs": [[[28.0,9.0],[28.0,89.0]],[[11.0,76.0],[16.0,50.0]]]},
"G88": {"type": "Matrix2x2", "payoffs": [[[34.0,63.0],[31.0,75.0]],[[10.0,51.0],[29.0,71.0]]]},
"G89": {"type": "Matrix2x2", "payoffs": [[[47.0,16.0],[44.0,3.0]],[[54.0,48.0],[9.0,59.0]]]},
"G90": {"type": "Matrix2x2", "payoffs": [[[19.0,25.0],[17.0,27.0]],[[18.0,2.0],[15.0,26.0]]]},
"G91": {"type": "Matrix2x2", "payoffs": [[[34.0,3.0],[53.0,8.0]],[[41.0,2.0],[59.0,0.0]]]},
"G92": {"type": "Matrix2x2", "payoffs": [[[33.0,42.0],[31.0,22.0]],[[32.0,35.0],[15.0,16.0]]]},
"G93": {"type": "Matrix2x2", "payoffs": [[[14.0,7.0],[8.0,3.0]],[[2.0,7.0],[11.0,2.0]]]},
"G94": {"type": "Matrix2x2", "payoffs": [[[48.0,13.0],[93.0,13.0]],[[18.0,16.0],[8.0,11.0]]]},
"G95": {"type": "Matrix2x2", "payoffs": [[[0.0,27.0],[2.0,66.0]],[[0.0,59.0],[1.0,82.0]]]},
"G96": {"type": "Matrix2x2", "payoffs": [[[43.0,2.0],[66.0,54.0]],[[34.0,30.0],[73.0,50.0]]]},
"G97": {"type": "Matrix2x2", "payoffs": [[[22.0,6.0],[14.0,12.0]],[[35.0,18.0],[44.0,24.0]]]},
"G98": {"type": "Matrix2x2", "payoffs": [[[8.0,87.0],[11.0,39.0]],[[8.0,78.0],[10.0,95.0]]]},
"G99": {"type": "Matrix2x2", "payoffs": [[[4.0,50.0],[20.0,38.0]],[[15.0,31.0],[0.0,27.0]]]},
"G100": {"type": "Matrix2x2", "payoffs": [[[47.0,2.0],[54.0,5.0]],[[59.0,43.0],[58.0,23.0]]]}
}