{
"numGames": 100,
"G1": {"type": "Matrix2x2", "payoffs": [[[70.0,1.0],[33.0,11.0]],[[45.0,6.0],[36.0,19.0]]]},
"G2": {"type": "Matrix2x2", "payoffs": [[[1.0,8.0],[34.0,24.0]],[[49.0,7.0],[6.0,2.0]]]},
"G3": {"type": "Matrix2x2", "payoffs": [[[22.0,49.0],[40.0,85.0]],[[11.0,72.0],[1.0,66.0]]]},
"G4": {"type": "Matrix2x2", "payoffs": [[[18.0,12.0],[21.0,42.0]],[[27.0,6.0],[6.0,26.0]]]},
"G5": {"type": "Matrix2x2", "payoffs": [[[3.0,64.0],[11.0,47.0]],[[3.0,48.0],[9.0,56.0]]]},
"G6": {"type": "Matrix2x2", "payoffs": [[[4.0,2.0],[39.0,1.0]],[[22.0,1.0],[34.0,2.0]]]},
"G7": {"type": "Matrix2x2", "payoffs": [[[15.0,5.0],[45.0,5.0]],[[39.0,5.0],[4.0,1.0]]]},
"G8": {"type": "Matrix2x2", "payoffs": [[[18.0,1.0],[8.0,1.0]],[[16.0,2.0],[16.0,1.0]]]},
"G9": {"type": "Matrix2x2", "payoffs": [[[38.0,14.0],[27.0,11.0]],[[39.0,25.0],[17.0,15.0]]]},
"G10": {"type": "Matrix2x2", "payoffs": [[[14.0,37.0],[21.0,91.0]],[[26.0,55.0],[30.0,38.0]]]},
"G11": {"type": "Matrix2x2", "payoffs": [[[2.0,35.0],[11.0,58.0]],[[16.0,44.0],[17.0,57.0]]]},
"G12": {"type": "Matrix2x2", "payoffs": [[[56.0,52.0],[49.0,23.0]],[[44.0,45.0],[35.0,28.0]]]},
"G13": {"type": "Matrix2x2", "payoffs": [[[23.0,32.0],[19.0,33.0]],[[9.0,59.0],[16.0,20.0]]]},
"G14": {"type": "Matrix2x2", "payoffs": [[[11.0,28.0],[10.0,46.0]],[[12.0,1.0],[10.0,30.0]]]},
"G15": {"type": "Matrix2x2", "payoffs": [[[19.0,19.0],[5.0,53.0]],[[23.0,27.0],[9.0,26.0]]]},
"G16": {"type": "Matrix2x2", "payoffs": [[[11.0,19.0],[29.0,19.0]],[[8.0,25.0],[4.0,3.0]]]},
"G17": {"type": "Matrix2x2", "payoffs": [[[2.0,25.0],[30.0,85.0]],[[31.0,80.0],[55.0,46.0]]]},
"G18": {"type": "Matrix2x2", "payoffs": [[[21.0,20.0],[36.0,58.0]],[[4.0,3.0],[15.0,48.0]]]},
"G19": {"type": "Matrix2x2", "payoffs": [[[23.0,9.0],[57.0,58.0]],[[46.0,5.0],[63.0,72.0]]]},
"G20": {"type": "Matrix2x2", "payoffs": [[[12.0,63.0],[3.0,30.0]],[[15.0,47.0],[22.0,37.0]]]},
"G21": {"type": "Matrix2x2", "payoffs": [[[85.0,4.0],[62.0,26.0]],[[59.0,12.0],[29.0,6.0]]]},
"G22": {"type": "Matrix2x2", "payoffs": [[[4.0,5.0],[16.0,23.0]],[[5.0,8.0],[14.0,29.0]]]},
"G23": {"type": "Matrix2x2", "payoffs": [[[2.0,10.0],[2.0,9.0]],[[4.0,8.0],[4.0,6.0]]]},
"G24": {"type": "Matrix2x2", "payoffs": [[[27.0,30.0],[21.0,31.0]],[[5.0,4.0],[28.0,16.0]]]},
"G25": {"type": "Matrix2x2", "payoffs": [[[56.0,9.0],[28.0,1.0]],[[68.0,9.0],[22.0,9.0]]]},
"G26": {"type": "Matrix2x2", "payoffs": [[[55.0,1.0],[43.0,6.0]],[[41.0,3.0],[69.0,11.0]]]},
"G27": {"type": "Matrix2x2", "payoffs": [[[1.0,53.0],[3.0,16.0]],[[1.0,23.0],[2.0,2.0]]]},
"G28": {"type": "Matrix2x2", "payoffs": [[[21.0,1.0],[19.0,73.0]],[[25.0,65.0],[13.0,50.0]]]},
"G29": {"type": "Matrix2x2", "payoffs": [[[0.0,1.0],[8.0,2.0]],[[5.0,1.0],[4.0,0.0]]]},
"G30": {"type": "Matrix2x2", "payoffs": [[[5.0,14.0],[39.0,63.0]],[[9.0,15.0],[24.0,21.0]]]},
"G31": {"type": "Matrix2x2", "payoffs": [[[9.0,59.0],[61.0,40.0]],[[29.0,41.0],[46.0,67.0]]]},
"G32": {"type": "Matrix2x2", "payoffs": [[[45.0,2.0],[15.0,49.0]],[[71.0,3.0],[25.0,19.0]]]},
"G33": {"type": "Matrix2x2", "payoffs": [[[26.0,1.0],[63.0,63.0]],[[45.0,54.0],[57.0,33.0]]]},
"G34": {"type": "Matrix2x2", "payoffs": [[[32.0,16.0],[67.0,14.0]],[[10.0,37.0],[30.0,25.0]]]},
"G35": {"type": "Matrix2x2", "payoffs": [[[2.0,10.0],[62.0,12.0]],[[26.0,11.0],[52.0,13.0]]]},
"G36": {"type": "Matrix2x2", "payoffs": [[[7.0,13.0],[33.0,12.0]],[[21.0,7.0],[6.0,12.0]]]},
"G37": {"type": "Matrix2x2", "payoffs": [[[4.0,32.0],[8.0,66.0]],[[21.0,60.0],[14.0,20.0]]]},
"G38": {"type": "Matrix2x2", "payoffs": [[[1.0,30.0],[2.0,40.0]],[[3.0,32.0],[0.0,70.0]]]},
"G39": {"type": "Matrix2x2", "payoffs": [[[1.0,4.0],[1.0,15.0]],[[2.0,28.0],[1.0,3.0]]]},
"G40": {"type": "Matrix2x2", "payoffs": [[[19.0,4.0],[18.0,12.0]],[[5.0,18.0],[9.0,64.0]]]},
"G41": {"type": "Matrix2x2", "payoffs": [[[46.0,31.0],[22.0,82.0]],[[25.0,74.0],[20.0,43.0]]]},
"G42": {"type": "Matrix2x2", "payoffs": [[[50.0,36.0],[20.0,9.0]],[[69.0,27.0],[16.0,3.0]]]},
"G43": {"type": "Matrix2x2", "payoffs": [[[7.0,21.0],[8.0,44.0]],[[0.0,65.0],[1.0,26.0]]]},
"G44": {"type": "Matrix2x2", "payoffs": [[[25.0,67.0],[52.0,30.0]],[[35.0,38.0],[23.0,5.0]]]},
"G45": {"type": "Matrix2x2", "payoffs": [[[1.0,34.0],[41.0,31.0]],[[38.0,25.0],[34.0,6.0]]]},
"G46": {"type": "Matrix2x2", "payoffs": [[[0.0,13.0],[2.0,14.0]],[[14.0,18.0],[43.0,4.0]]]},
"G47": {"type": "Matrix2x2", "payoffs": [[[28.0,2.0],[35.0,4.0]],[[33.0,2.0],[42.0,5.0]]]},
"G48": {"type": "Matrix2x2", "payoffs": [[[0.0,8.0],[3.0,52.0]],[[68.0,28.0],[57.0,44.0]]]},
"G49": {"type": "Matrix2x2", "payoffs": [[[17.0,32.0],[0.0,59.0]],[[19.0,51.0],[11.0,27.0]]]},
"G50": {"type": "Matrix2x2", "payoffs": [[[13.0,38.0],[4.0,9.0]],[[3.0,8.0],[12.0,27.0]]]},
"G51": {"type": "Matrix2x2", "payoffs": [[[3.0,83.0],[59.0,55.0]],[[31.0,78.0],[55.0,95.0]]]},
"G52": {"type": "Matrix2x2", "payoffs": [[[10.0,2.0],[51.0,1.0]],[[39.0,0.0],[55.0,1.0]]]},
"G53": {"type": "Matrix2x2", "payoffs": [[[48.0,19.0],[3.0,32.0]],[[37.0,28.0],[11.0,6.0]]]},
"G54": {"type": "Matrix2x2", "payoffs": [[[65.0,13.0],[6.0,16.0]],[[80.0,18.0],[14.0,13.0]]]},
"G55": {"type": "Matrix2x2", "payoffs": [[[2.0,34.0],[1.0,6.0]],[[13.0,66.0],[2.0,49.0]]]},
"G56": {"type": "Matrix2x2", "payoffs": [[[1.0,37.0],[2.0,62.0]],[[3.0,78.0],[3.0,18.0]]]},
"G57": {"type": "Matrix2x2", "payoffs": [[[2.0,18.0],[7.0,18.0]],[[3.0,23.0],[3.0,12.0]]]},
"G58": {"type": "Matrix2x2", "payoffs": [[[12.0,0.0],[8.0,21.0]],[[11.0,23.0],[7.0,22.0]]]},
"G59": {"type": "Matrix2x2", "payoffs": [[[26.0,5.0],[12.0,11.0]],[[41.0,23.0],[8.0,28.0]]]},
"G60": {"type": "Matrix2x2", "payoffs": [[[89.0,17.0],[27.0,16.0]],[[60.0,12.0],[93.0,17.0]]]},
"G61": {"type": "Matrix2x2", "payoffs": [[[10.0,17.0],[35.0,6.0]],[[24.0,6.0],[2.0,11.0]]]},
"G62": {"type": "Matrix2x2", "payoffs": [[[53.0,3.0],[46.0,8.0]],[[40.0,8.0],[59.0,5.0]]]},
"G63": {"type": "Matrix2x2", "payoffs": [[[29.0,2.0],[40.0,4.0]],[[44.0,1.0],[42.0,5.0]]]},
"G64": {"type": "Matrix2x2", "payoffs": [[[6.0,47.0],[8.0,84.0]],[[6.0,50.0],[9.0,69.0]]]},
"G65": {"type": "Matrix2x2", "payoffs": [[[5.0,1.0],[0.0,28.0]],[[2.0,44.0],[3.0,30.0]]]},
"G66": {"type": "Matrix2x2", "payoffs": [[[29.0,14.0],[24.0,3.0]],[[14.0,12.0],[1.0,4.0]]]},
"G67": {"type": "Matrix2x2", "payoffs": [[[31.0,76.0],[32.0,93.0]],[[19.0,83.0],[11.0,42.0]]]},
"G68": {"type": "Matrix2x2", "payoffs": [[[10.0,2.0],[40.0,36.0]],[[85.0,78.0],[35.0,54.0]]]},
"G69": {"type": "Matrix2x2", "payoffs": [[[4.0,35.0],[32.0,1.0]],[[14.0,16.0],[10.0,1.0]]]},
"G70": {"type": "Matrix2x2", "payoffs": [[[2.0,41.0],[5.0,21.0]],[[1.0,3.0],[5.0,7.0]]]},
"G71": {"type": "Matrix2x2", "payoffs": [[[57.0,25.0],[62.0,29.0]],[[38.0,0.0],[32.0,27.0]]]},
"G72": {"type": "Matrix2x2", "payoffs": [[[3.0,0.0],[3.0,3.0]],[[1.0,2.0],[1.0,6.0]]]},
"G73": {"type": "Matrix2x2", "payoffs": [[[7.0,0.0],[12.0,0.0]],[[6.0,1.0],[7.0,1.0]]]},
"G74": {"type": "Matrix2x2", "payoffs": [[[25.0,37.0],[36.0,20.0]],[[10.0,4.0],[34.0,24.0]]]},
"G75": {"type": "Matrix2x2", "payoffs": [[[48.0,14.0],[0.0,15.0]],[[70.0,1.0],[62.0,0.0]]]},
"G76": {"type": "Matrix2x2", "payoffs": [[[64.0,60.0],[31.0,23.0]],[[42.0,13.0],[60.0,54.0]]]},
"G77": {"type": "Matrix2x2", "payoffs": [[[43.0,1.0],[48.0,2.0]],[[47.0,8.0],[29.0,1.0]]]},
"G78": {"type": "Matrix2x2", "payoffs": [[[61.0,6.0],[16.0,4.0]],[[26.0,9.0],[20.0,12.0]]]},
"G79": {"type": "Matrix2x2", "payoffs": [[[6.0,9.0],[20.0,81.0]],[[39.0,44.0],[2.0,73.0]]]},
"G80": {"type": "Matrix2x2", "payoffs": [[[0.0,41.0],[18.0,40.0]],[[32.0,11.0],[42.0,2.0]]]},
"G81": {"type": "Matrix2x2", "payoffs": [[[2.0,21.0],[0.0,44.0]],[[1.0,34.0],[6.0,42.0]]]},
"G82": {"type": "Matrix2x2", "payoffs": [[[26.0,56.0],[0.0,48.0]],[[56.0,23.0],[12.0,68.0]]]},
"G83": {"type": "Matrix2x2", "payoffs": [[[7.0,8.0],[7.0,19.0]],[[4.0,6.0],[4.0,3.0]]]},
"G84": {"type": "Matrix2x2", "payoffs": [[[6.0,26.0],[2.0,45.0]],[[4.0,16.0],[8.0,10.0]]]},
"G85": {"type": "Matrix2x2", "payoffs": [[[12.0,37.0],[15.0,25.0]],[[15.0,63.0],[10.0,60.0]]]},
"G86": {"type": "Matrix2x2", "payoffs": [[[1.0,36.0],[0.0,74.0]],[[0.0,27.0],[1.0,47.0]]]},
"G87": {"type": "Matrix2x2", "payoffs": [[[17.0,49.0],[35.0,51.0]],[[13.0,7.0],[10.0,37.0]]]},
"G88": {"type": "Matrix2x2", "payoffs": [[[18.0,40.0],[7.0,25.0]],[[1.0,35.0],[8.0,6.0]]]},
"G89": {"type": "Matrix2x2", "payoffs": [[[25.0,7.0],[18.0,7.0]],[[30.0,4.0],[8.0,0.0]]]},
"G90": {"type": "Matrix2x2", "payoffs": [[[18.0,63.0],[13.0,12.0]],[[14.0,34.0],[24.0,9.0]]]},
"G91": {"type": "Matrix2x2", "payoffs": [[[78.0,3.0],[1.0,4.0]],[[6.0,4.0],[35.0,2.0]]]},
"G92": {"type": "Matrix2x2", "payoffs": [[[44.0,65.0],[63.0,29.0]],[[18.0,26.0],[58.0,54.0]]]},
"G93": {"type": "Matrix2x2", "payoffs": [[[0.0,84.0],[1.0,48.0]],[[1.0,29.0],[0.0,97.0]]]},
"G94": {"type": "Matrix2x2", "payoffs": [[[14.0,5.0],[8.0,1.0]],[[13.0,9.0],[11.0,9.0]]]},
"G95": {"type": "Matrix2x2", "payoffs": [[[14.0,8.0],[5.0,1.0]],[[6.0,6.0],[30.0,11.0]]]},
"G96": {"type": "Matrix2x2", "payoffs": [[[7.0,43.0],[3.0,9.0]],[[60.0,22.0],[55.0,29.0]]]},
"G97": {"type": "Matrix2x2", "payoffs": [[[2.0,11.0],[4.0,2.0]],[[3.0,3.0],[5.0,29.0]]]},
"G98": {"type": "Matrix2x2", "payoffs": [[[3.0,11.0],[95.0,1.0]],[[6.0,35.0],[33.0,23.0]]]},
"G99": {"type": "Matrix2x2", "payoffs": [[[9.0,18.0],[18.0,17.0]],[[1.0,46.0],[17.0,20.0]]]},
"G100": {"type": "Matrix2x2", "payoffs": [[[29.0,8.0],[32.0,11.0]],[[28.0,39.0],[4.0,26.0]]]}
}