{
"numGames": 100,
"G1": {"type": "Matrix2x2", "payoffs": [[[3.0,0.0],[27.0,0.0]],[[38.0,0.0],[25.0,1.0]]]},
"G2": {"type": "Matrix2x2", "payoffs": [[[51.0,12.0],[45.0,59.0]],[[43.0,76.0],[41.0,34.0]]]},
"G3": {"type": "Matrix2x2", "payoffs": [[[71.0,6.0],[48.0,7.0]],[[28.0,6.0],[17.0,5.0]]]},
"G4": {"type": "Matrix2x2", "payoffs": [[[10.0,14.0],[14.0,26.0]],[[54.0,14.0],[60.0,26.0]]]},
"G5": {"type": "Matrix2x2", "payoffs": [[[44.0,37.0],[53.0,14.0]],[[55.0,31.0],[53.0,33.0]]]},
"G6": {"type": "Matrix2x2", "payoffs": [[[63.0,10.0],[22.0,19.0]],[[1.0,6.0],[75.0,10.0]]]},
"G7": {"type": "Matrix2x2", "payoffs": [[[4.0,2.0],[0.0,8.0]],[[6.0,6.0],[0.0,7.0]]]},
"G8": {"type": "Matrix2x2", "payoffs": [[[7.0,12.0],[65.0,17.0]],[[32.0,10.0],[31.0,45.0]]]},
"G9": {"type": "Matrix2x2", "payoffs": [[[3.0,20.0],[57.0,36.0]],[[27.0,88.0],[1.0,2.0]]]},
"G10": {"type": "Matrix2x2", "payoffs": [[[5.0,54.0],[2.0,32.0]],[[1.0,68.0],[1.0,35.0]]]},
"G11": {"type": "Matrix2x2", "payoffs": [[[4.0,70.0],[41.0,59.0]],[[25.0,7.0],[5.0,8.0]]]},
"G12": {"type": "Matrix2x2", "payoffs": [[[21.0,12.0],[37.0,7.0]],[[35.0,3.0],[28.0,15.0]]]},
"G13": {"type": "Matrix2x2", "payoffs": [[[27.0,26.0],[23.0,19.0]],[[43.0,17.0],[26.0,21.0]]]},
"G14": {"type": "Matrix2x2", "payoffs": [[[36.0,5.0],[23.0,8.0]],[[28.0,5.0],[33.0,47.0]]]},
"G15": {"type": "Matrix2x2", "payoffs": [[[30.0,63.0],[24.0,84.0]],[[26.0,64.0],[31.0,77.0]]]},
"G16": {"type": "Matrix2x2", "payoffs": [[[3.0,48.0],[30.0,87.0]],[[14.0,46.0],[14.0,78.0]]]},
"G17": {"type": "Matrix2x2", "payoffs": [[[48.0,61.0],[35.0,38.0]],[[34.0,75.0],[62.0,13.0]]]},
"G18": {"type": "Matrix2x2", "payoffs": [[[55.0,2.0],[21.0,1.0]],[[5.0,1.0],[41.0,1.0]]]},
"G19": {"type": "Matrix2x2", "payoffs": [[[49.0,85.0],[10.0,60.0]],[[17.0,51.0],[32.0,10.0]]]},
"G20": {"type": "Matrix2x2", "payoffs": [[[20.0,49.0],[1.0,69.0]],[[70.0,75.0],[1.0,36.0]]]},
"G21": {"type": "Matrix2x2", "payoffs": [[[60.0,13.0],[18.0,8.0]],[[25.0,24.0],[4.0,40.0]]]},
"G22": {"type": "Matrix2x2", "payoffs": [[[12.0,24.0],[10.0,1.0]],[[4.0,9.0],[10.0,4.0]]]},
"G23": {"type": "Matrix2x2", "payoffs": [[[3.0,14.0],[3.0,14.0]],[[5.0,23.0],[16.0,1.0]]]},
"G24": {"type": "Matrix2x2", "payoffs": [[[4.0,1.0],[7.0,29.0]],[[6.0,47.0],[5.0,15.0]]]},
"G25": {"type": "Matrix2x2", "payoffs": [[[29.0,73.0],[27.0,60.0]],[[5.0,33.0],[29.0,54.0]]]},
"G26": {"type": "Matrix2x2", "payoffs": [[[29.0,20.0],[0.0,6.0]],[[65.0,18.0],[57.0,19.0]]]},
"G27": {"type": "Matrix2x2", "payoffs": [[[4.0,67.0],[47.0,57.0]],[[35.0,6.0],[34.0,13.0]]]},
"G28": {"type": "Matrix2x2", "payoffs": [[[39.0,15.0],[24.0,20.0]],[[13.0,16.0],[62.0,20.0]]]},
"G29": {"type": "Matrix2x2", "payoffs": [[[67.0,55.0],[68.0,79.0]],[[32.0,46.0],[47.0,35.0]]]},
"G30": {"type": "Matrix2x2", "payoffs": [[[53.0,8.0],[56.0,3.0]],[[57.0,4.0],[1.0,9.0]]]},
"G31": {"type": "Matrix2x2", "payoffs": [[[61.0,38.0],[41.0,60.0]],[[23.0,60.0],[27.0,43.0]]]},
"G32": {"type": "Matrix2x2", "payoffs": [[[31.0,6.0],[75.0,5.0]],[[52.0,9.0],[29.0,9.0]]]},
"G33": {"type": "Matrix2x2", "payoffs": [[[4.0,19.0],[5.0,21.0]],[[1.0,53.0],[0.0,60.0]]]},
"G34": {"type": "Matrix2x2", "payoffs": [[[32.0,5.0],[22.0,17.0]],[[10.0,3.0],[9.0,15.0]]]},
"G35": {"type": "Matrix2x2", "payoffs": [[[52.0,21.0],[49.0,30.0]],[[1.0,26.0],[52.0,57.0]]]},
"G36": {"type": "Matrix2x2", "payoffs": [[[9.0,3.0],[2.0,1.0]],[[10.0,8.0],[1.0,2.0]]]},
"G37": {"type": "Matrix2x2", "payoffs": [[[13.0,0.0],[76.0,1.0]],[[48.0,3.0],[12.0,8.0]]]},
"G38": {"type": "Matrix2x2", "payoffs": [[[29.0,21.0],[22.0,27.0]],[[1.0,20.0],[15.0,16.0]]]},
"G39": {"type": "Matrix2x2", "payoffs": [[[24.0,45.0],[25.0,30.0]],[[9.0,93.0],[23.0,1.0]]]},
"G40": {"type": "Matrix2x2", "payoffs": [[[1.0,13.0],[4.0,1.0]],[[1.0,10.0],[4.0,11.0]]]},
"G41": {"type": "Matrix2x2", "payoffs": [[[20.0,64.0],[1.0,33.0]],[[11.0,48.0],[17.0,46.0]]]},
"G42": {"type": "Matrix2x2", "payoffs": [[[30.0,78.0],[35.0,61.0]],[[52.0,54.0],[47.0,3.0]]]},
"G43": {"type": "Matrix2x2", "payoffs": [[[1.0,80.0],[7.0,5.0]],[[20.0,51.0],[17.0,34.0]]]},
"G44": {"type": "Matrix2x2", "payoffs": [[[7.0,0.0],[1.0,10.0]],[[8.0,12.0],[7.0,4.0]]]},
"G45": {"type": "Matrix2x2", "payoffs": [[[74.0,28.0],[82.0,24.0]],[[34.0,7.0],[16.0,29.0]]]},
"G46": {"type": "Matrix2x2", "payoffs": [[[20.0,53.0],[22.0,77.0]],[[25.0,83.0],[2.0,78.0]]]},
"G47": {"type": "Matrix2x2", "payoffs": [[[4.0,15.0],[13.0,1.0]],[[29.0,33.0],[2.0,0.0]]]},
"G48": {"type": "Matrix2x2", "payoffs": [[[50.0,53.0],[43.0,55.0]],[[46.0,26.0],[44.0,1.0]]]},
"G49": {"type": "Matrix2x2", "payoffs": [[[5.0,46.0],[35.0,50.0]],[[2.0,55.0],[41.0,35.0]]]},
"G50": {"type": "Matrix2x2", "payoffs": [[[15.0,21.0],[19.0,20.0]],[[4.0,21.0],[11.0,18.0]]]},
"G51": {"type": "Matrix2x2", "payoffs": [[[4.0,46.0],[8.0,58.0]],[[6.0,16.0],[2.0,51.0]]]},
"G52": {"type": "Matrix2x2", "payoffs": [[[46.0,39.0],[3.0,44.0]],[[40.0,74.0],[25.0,20.0]]]},
"G53": {"type": "Matrix2x2", "payoffs": [[[3.0,43.0],[5.0,29.0]],[[12.0,85.0],[12.0,12.0]]]},
"G54": {"type": "Matrix2x2", "payoffs": [[[53.0,8.0],[22.0,41.0]],[[46.0,11.0],[46.0,15.0]]]},
"G55": {"type": "Matrix2x2", "payoffs": [[[19.0,11.0],[8.0,5.0]],[[18.0,7.0],[3.0,2.0]]]},
"G56": {"type": "Matrix2x2", "payoffs": [[[11.0,13.0],[1.0,17.0]],[[0.0,5.0],[14.0,20.0]]]},
"G57": {"type": "Matrix2x2", "payoffs": [[[61.0,2.0],[22.0,0.0]],[[40.0,2.0],[3.0,4.0]]]},
"G58": {"type": "Matrix2x2", "payoffs": [[[33.0,33.0],[58.0,43.0]],[[14.0,7.0],[23.0,21.0]]]},
"G59": {"type": "Matrix2x2", "payoffs": [[[78.0,78.0],[12.0,32.0]],[[7.0,51.0],[74.0,19.0]]]},
"G60": {"type": "Matrix2x2", "payoffs": [[[0.0,4.0],[13.0,79.0]],[[1.0,26.0],[13.0,85.0]]]},
"G61": {"type": "Matrix2x2", "payoffs": [[[21.0,17.0],[20.0,12.0]],[[4.0,10.0],[23.0,14.0]]]},
"G62": {"type": "Matrix2x2", "payoffs": [[[7.0,6.0],[1.0,58.0]],[[13.0,57.0],[12.0,40.0]]]},
"G63": {"type": "Matrix2x2", "payoffs": [[[51.0,26.0],[26.0,21.0]],[[18.0,46.0],[36.0,11.0]]]},
"G64": {"type": "Matrix2x2", "payoffs": [[[7.0,6.0],[8.0,2.0]],[[5.0,1.0],[3.0,6.0]]]},
"G65": {"type": "Matrix2x2", "payoffs": [[[22.0,4.0],[7.0,4.0]],[[52.0,5.0],[9.0,7.0]]]},
"G66": {"type": "Matrix2x2", "payoffs": [[[27.0,23.0],[24.0,18.0]],[[15.0,24.0],[3.0,70.0]]]},
"G67": {"type": "Matrix2x2", "payoffs": [[[0.0,8.0],[5.0,7.0]],[[3.0,1.0],[2.0,8.0]]]},
"G68": {"type": "Matrix2x2", "payoffs": [[[33.0,7.0],[25.0,10.0]],[[42.0,16.0],[57.0,20.0]]]},
"G69": {"type": "Matrix2x2", "payoffs": [[[13.0,35.0],[23.0,27.0]],[[39.0,33.0],[2.0,14.0]]]},
"G70": {"type": "Matrix2x2", "payoffs": [[[4.0,2.0],[11.0,40.0]],[[5.0,38.0],[9.0,29.0]]]},
"G71": {"type": "Matrix2x2", "payoffs": [[[7.0,50.0],[14.0,78.0]],[[6.0,76.0],[1.0,50.0]]]},
"G72": {"type": "Matrix2x2", "payoffs": [[[8.0,9.0],[19.0,43.0]],[[38.0,6.0],[32.0,9.0]]]},
"G73": {"type": "Matrix2x2", "payoffs": [[[73.0,35.0],[67.0,37.0]],[[55.0,24.0],[70.0,21.0]]]},
"G74": {"type": "Matrix2x2", "payoffs": [[[23.0,0.0],[1.0,0.0]],[[20.0,1.0],[49.0,1.0]]]},
"G75": {"type": "Matrix2x2", "payoffs": [[[4.0,9.0],[2.0,6.0]],[[8.0,3.0],[1.0,7.0]]]},
"G76": {"type": "Matrix2x2", "payoffs": [[[34.0,8.0],[41.0,12.0]],[[44.0,10.0],[23.0,3.0]]]},
"G77": {"type": "Matrix2x2", "payoffs": [[[7.0,29.0],[3.0,28.0]],[[7.0,32.0],[5.0,20.0]]]},
"G78": {"type": "Matrix2x2", "payoffs": [[[1.0,12.0],[1.0,16.0]],[[0.0,4.0],[0.0,13.0]]]},
"G79": {"type": "Matrix2x2", "payoffs": [[[86.0,49.0],[45.0,12.0]],[[86.0,38.0],[6.0,45.0]]]},
"G80": {"type": "Matrix2x2", "payoffs": [[[9.0,13.0],[8.0,59.0]],[[1.0,36.0],[3.0,23.0]]]},
"G81": {"type": "Matrix2x2", "payoffs": [[[7.0,2.0],[6.0,19.0]],[[6.0,13.0],[9.0,20.0]]]},
"G82": {"type": "Matrix2x2", "payoffs": [[[3.0,5.0],[0.0,37.0]],[[1.0,8.0],[2.0,36.0]]]},
"G83": {"type": "Matrix2x2", "payoffs": [[[50.0,92.0],[83.0,26.0]],[[45.0,78.0],[26.0,6.0]]]},
"G84": {"type": "Matrix2x2", "payoffs": [[[2.0,21.0],[10.0,2.0]],[[4.0,31.0],[9.0,10.0]]]},
"G85": {"type": "Matrix2x2", "payoffs": [[[51.0,9.0],[43.0,9.0]],[[27.0,2.0],[53.0,4.0]]]},
"G86": {"type": "Matrix2x2", "payoffs": [[[8.0,10.0],[17.0,9.0]],[[16.0,15.0],[6.0,10.0]]]},
"G87": {"type": "Matrix2x2", "payoffs": [[[59.0,81.0],[53.0,44.0]],[[21.0,74.0],[52.0,22.0]]]},
"G88": {"type": "Matrix2x2", "payoffs": [[[32.0,2.0],[26.0,4.0]],[[17.0,4.0],[8.0,1.0]]]},
"G89": {"type": "Matrix2x2", "payoffs": [[[24.0,21.0],[37.0,67.0]],[[32.0,6.0],[15.0,24.0]]]},
"G90": {"type": "Matrix2x2", "payoffs": [[[13.0,47.0],[11.0,16.0]],[[42.0,5.0],[16.0,8.0]]]},
"G91": {"type": "Matrix2x2", "payoffs": [[[36.0,29.0],[35.0,19.0]],[[16.0,31.0],[49.0,26.0]]]},
"G92": {"type": "Matrix2x2", "payoffs": [[[2.0,1.0],[12.0,15.0]],[[13.0,11.0],[9.0,15.0]]]},
"G93": {"type": "Matrix2x2", "payoffs": [[[10.0,4.0],[44.0,2.0]],[[28.0,3.0],[4.0,1.0]]]},
"G94": {"type": "Matrix2x2", "payoffs": [[[83.0,0.0],[73.0,0.0]],[[9.0,0.0],[40.0,0.0]]]},
"G95": {"type": "Matrix2x2", "payoffs": [[[52.0,30.0],[31.0,39.0]],[[31.0,18.0],[63.0,51.0]]]},
"G96": {"type": "Matrix2x2", "payoffs": [[[18.0,53.0],[21.0,79.0]],[[77.0,11.0],[52.0,26.0]]]},
"G97": {"type": "Matrix2x2", "payoffs": [[[8.0,21.0],[13.0,17.0]],[[14.0,11.0],[11.0,10.0]]]},
"G98": {"type": "Matrix2x2", "payoffs": [[[1.0,61.0],[1.0,27.0]],[[6.0,23.0],[1.0,34.0]]]},
"G99": {"type": "Matrix2x2", "payoffs": [[[53.0,9.0],[11.0,15.0]],[[48.0,30.0],[7.0,4.0]]]},
"G100": {"type": "Matrix2x2", "payoffs": [[[61.0,69.0],[39.0,79.0]],[[15.0,65.0],[21.0,12.0]]]}
}