{
"numGames": 100,
"G1": {"type": "Matrix2x2", "payoffs": [[[19.0,17.0],[15.0,6.0]],[[4.0,4.0],[4.0,8.0]]]},
"G2": {"type": "Matrix2x2", "payoffs": [[[7.0,20.0],[59.0,8.0]],[[24.0,13.0],[47.0,10.0]]]},
"G3": {"type": "Matrix2x2", "payoffs": [[[20.0,58.0],[13.0,60.0]],[[20.0,12.0],[5.0,25.0]]]},
"G4": {"type": "Matrix2x2", "payoffs": [[[2.0,15.0],[5.0,7.0]],[[3.0,8.0],[6.0,5.0]]]},
"G5": {"type": "Matrix2x2", "payoffs": [[[8.0,31.0],[4.0,28.0]],[[3.0,83.0],[3.0,42.0]]]},
"G6": {"type": "Matrix2x2", "payoffs": [[[37.0,4.0],[59.0,2.0]],[[51.0,10.0],[57.0,15.0]]]},
"G7": {"type": "Matrix2x2", "payoffs": [[[35.0,34.0],[44.0,30.0]],[[38.0,25.0],[31.0,29.0]]]},
"G8": {"type": "Matrix2x2", "payoffs": [[[16.0,68.0],[0.0,10.0]],[[13.0,48.0],[4.0,45.0]]]},
"G9": {"type": "Matrix2x2", "payoffs": [[[23.0,17.0],[51.0,26.0]],[[7.0,13.0],[8.0,18.0]]]},
"G10": {"type": "Matrix2x2", "payoffs": [[[49.0,2.0],[83.0,17.0]],[[48.0,7.0],[52.0,4.0]]]},
"G11": {"type": "Matrix2x2", "payoffs": [[[23.0,69.0],[17.0,22.0]],[[8.0,0.0],[2.0,54.0]]]},
"G12": {"type": "Matrix2x2", "payoffs": [[[87.0,14.0],[66.0,28.0]],[[88.0,28.0],[9.0,11.0]]]},
"G13": {"type": "Matrix2x2", "payoffs": [[[22.0,79.0],[6.0,59.0]],[[30.0,50.0],[49.0,35.0]]]},
"G14": {"type": "Matrix2x2", "payoffs": [[[32.0,26.0],[8.0,79.0]],[[10.0,62.0],[13.0,83.0]]]},
"G15": {"type": "Matrix2x2", "payoffs": [[[5.0,16.0],[48.0,29.0]],[[4.0,24.0],[57.0,28.0]]]},
"G16": {"type": "Matrix2x2", "payoffs": [[[48.0,36.0],[15.0,19.0]],[[72.0,62.0],[36.0,6.0]]]},
"G17": {"type": "Matrix2x2", "payoffs": [[[54.0,9.0],[76.0,12.0]],[[43.0,4.0],[73.0,3.0]]]},
"G18": {"type": "Matrix2x2", "payoffs": [[[12.0,29.0],[25.0,44.0]],[[8.0,45.0],[21.0,19.0]]]},
"G19": {"type": "Matrix2x2", "payoffs": [[[45.0,8.0],[27.0,0.0]],[[44.0,6.0],[7.0,7.0]]]},
"G20": {"type": "Matrix2x2", "payoffs": [[[9.0,50.0],[13.0,54.0]],[[45.0,53.0],[37.0,38.0]]]},
"G21": {"type": "Matrix2x2", "payoffs": [[[2.0,68.0],[33.0,8.0]],[[35.0,21.0],[56.0,79.0]]]},
"G22": {"type": "Matrix2x2", "payoffs": [[[39.0,1.0],[23.0,1.0]],[[21.0,0.0],[19.0,1.0]]]},
"G23": {"type": "Matrix2x2", "payoffs": [[[22.0,6.0],[25.0,5.0]],[[2.0,4.0],[22.0,5.0]]]},
"G24": {"type": "Matrix2x2", "payoffs": [[[11.0,99.0],[1.0,18.0]],[[21.0,85.0],[19.0,6.0]]]},
"G25": {"type": "Matrix2x2", "payoffs": [[[14.0,46.0],[24.0,27.0]],[[20.0,32.0],[9.0,44.0]]]},
"G26": {"type": "Matrix2x2", "payoffs": [[[84.0,22.0],[15.0,24.0]],[[59.0,50.0],[25.0,57.0]]]},
"G27": {"type": "Matrix2x2", "payoffs": [[[7.0,4.0],[23.0,27.0]],[[16.0,4.0],[16.0,4.0]]]},
"G28": {"type": "Matrix2x2", "payoffs": [[[73.0,5.0],[24.0,13.0]],[[17.0,23.0],[51.0,4.0]]]},
"G29": {"type": "Matrix2x2", "payoffs": [[[28.0,23.0],[45.0,15.0]],[[19.0,33.0],[28.0,7.0]]]},
"G30": {"type": "Matrix2x2", "payoffs": [[[16.0,24.0],[8.0,68.0]],[[36.0,71.0],[35.0,17.0]]]},
"G31": {"type": "Matrix2x2", "payoffs": [[[0.0,4.0],[1.0,7.0]],[[0.0,5.0],[0.0,13.0]]]},
"G32": {"type": "Matrix2x2", "payoffs": [[[1.0,5.0],[1.0,30.0]],[[3.0,19.0],[1.0,18.0]]]},
"G33": {"type": "Matrix2x2", "payoffs": [[[2.0,35.0],[16.0,0.0]],[[27.0,39.0],[3.0,21.0]]]},
"G34": {"type": "Matrix2x2", "payoffs": [[[91.0,35.0],[2.0,2.0]],[[84.0,27.0],[70.0,69.0]]]},
"G35": {"type": "Matrix2x2", "payoffs": [[[67.0,16.0],[89.0,3.0]],[[38.0,2.0],[45.0,28.0]]]},
"G36": {"type": "Matrix2x2", "payoffs": [[[34.0,13.0],[11.0,31.0]],[[44.0,18.0],[11.0,36.0]]]},
"G37": {"type": "Matrix2x2", "payoffs": [[[61.0,2.0],[37.0,7.0]],[[65.0,6.0],[50.0,7.0]]]},
"G38": {"type": "Matrix2x2", "payoffs": [[[41.0,0.0],[28.0,0.0]],[[47.0,0.0],[56.0,2.0]]]},
"G39": {"type": "Matrix2x2", "payoffs": [[[0.0,31.0],[0.0,28.0]],[[0.0,32.0],[0.0,29.0]]]},
"G40": {"type": "Matrix2x2", "payoffs": [[[5.0,31.0],[4.0,6.0]],[[20.0,30.0],[26.0,10.0]]]},
"G41": {"type": "Matrix2x2", "payoffs": [[[43.0,20.0],[25.0,32.0]],[[21.0,32.0],[14.0,18.0]]]},
"G42": {"type": "Matrix2x2", "payoffs": [[[1.0,3.0],[2.0,1.0]],[[1.0,21.0],[2.0,3.0]]]},
"G43": {"type": "Matrix2x2", "payoffs": [[[10.0,52.0],[51.0,19.0]],[[29.0,26.0],[8.0,35.0]]]},
"G44": {"type": "Matrix2x2", "payoffs": [[[3.0,22.0],[6.0,32.0]],[[1.0,31.0],[1.0,19.0]]]},
"G45": {"type": "Matrix2x2", "payoffs": [[[31.0,23.0],[24.0,26.0]],[[50.0,26.0],[45.0,21.0]]]},
"G46": {"type": "Matrix2x2", "payoffs": [[[0.0,13.0],[0.0,41.0]],[[0.0,5.0],[0.0,48.0]]]},
"G47": {"type": "Matrix2x2", "payoffs": [[[3.0,15.0],[0.0,16.0]],[[52.0,6.0],[24.0,58.0]]]},
"G48": {"type": "Matrix2x2", "payoffs": [[[1.0,53.0],[11.0,77.0]],[[5.0,9.0],[14.0,1.0]]]},
"G49": {"type": "Matrix2x2", "payoffs": [[[7.0,22.0],[2.0,27.0]],[[29.0,9.0],[20.0,11.0]]]},
"G50": {"type": "Matrix2x2", "payoffs": [[[42.0,7.0],[92.0,11.0]],[[17.0,21.0],[78.0,24.0]]]},
"G51": {"type": "Matrix2x2", "payoffs": [[[54.0,31.0],[40.0,24.0]],[[52.0,26.0],[47.0,3.0]]]},
"G52": {"type": "Matrix2x2", "payoffs": [[[54.0,13.0],[1.0,51.0]],[[11.0,29.0],[55.0,32.0]]]},
"G53": {"type": "Matrix2x2", "payoffs": [[[35.0,35.0],[43.0,3.0]],[[68.0,50.0],[39.0,24.0]]]},
"G54": {"type": "Matrix2x2", "payoffs": [[[24.0,37.0],[31.0,63.0]],[[26.0,69.0],[14.0,22.0]]]},
"G55": {"type": "Matrix2x2", "payoffs": [[[9.0,26.0],[24.0,26.0]],[[0.0,9.0],[29.0,10.0]]]},
"G56": {"type": "Matrix2x2", "payoffs": [[[10.0,2.0],[27.0,6.0]],[[12.0,11.0],[10.0,1.0]]]},
"G57": {"type": "Matrix2x2", "payoffs": [[[8.0,7.0],[22.0,11.0]],[[10.0,1.0],[7.0,27.0]]]},
"G58": {"type": "Matrix2x2", "payoffs": [[[64.0,69.0],[11.0,24.0]],[[82.0,10.0],[34.0,38.0]]]},
"G59": {"type": "Matrix2x2", "payoffs": [[[30.0,29.0],[13.0,33.0]],[[3.0,63.0],[28.0,16.0]]]},
"G60": {"type": "Matrix2x2", "payoffs": [[[63.0,21.0],[7.0,1.0]],[[2.0,14.0],[61.0,28.0]]]},
"G61": {"type": "Matrix2x2", "payoffs": [[[46.0,5.0],[52.0,4.0]],[[4.0,3.0],[43.0,5.0]]]},
"G62": {"type": "Matrix2x2", "payoffs": [[[79.0,16.0],[22.0,49.0]],[[52.0,23.0],[15.0,47.0]]]},
"G63": {"type": "Matrix2x2", "payoffs": [[[86.0,13.0],[42.0,8.0]],[[37.0,10.0],[13.0,34.0]]]},
"G64": {"type": "Matrix2x2", "payoffs": [[[59.0,7.0],[44.0,5.0]],[[54.0,6.0],[64.0,3.0]]]},
"G65": {"type": "Matrix2x2", "payoffs": [[[6.0,12.0],[5.0,24.0]],[[5.0,20.0],[0.0,12.0]]]},
"G66": {"type": "Matrix2x2", "payoffs": [[[1.0,42.0],[1.0,55.0]],[[3.0,30.0],[2.0,26.0]]]},
"G67": {"type": "Matrix2x2", "payoffs": [[[37.0,86.0],[73.0,23.0]],[[55.0,76.0],[20.0,20.0]]]},
"G68": {"type": "Matrix2x2", "payoffs": [[[22.0,0.0],[3.0,18.0]],[[75.0,9.0],[8.0,12.0]]]},
"G69": {"type": "Matrix2x2", "payoffs": [[[29.0,35.0],[4.0,73.0]],[[1.0,2.0],[20.0,49.0]]]},
"G70": {"type": "Matrix2x2", "payoffs": [[[72.0,32.0],[8.0,59.0]],[[26.0,30.0],[57.0,69.0]]]},
"G71": {"type": "Matrix2x2", "payoffs": [[[23.0,19.0],[3.0,8.0]],[[30.0,8.0],[62.0,6.0]]]},
"G72": {"type": "Matrix2x2", "payoffs": [[[6.0,47.0],[43.0,19.0]],[[46.0,30.0],[14.0,31.0]]]},
"G73": {"type": "Matrix2x2", "payoffs": [[[8.0,5.0],[11.0,5.0]],[[10.0,1.0],[17.0,1.0]]]},
"G74": {"type": "Matrix2x2", "payoffs": [[[4.0,87.0],[64.0,26.0]],[[27.0,46.0],[21.0,63.0]]]},
"G75": {"type": "Matrix2x2", "payoffs": [[[71.0,34.0],[30.0,29.0]],[[72.0,5.0],[29.0,16.0]]]},
"G76": {"type": "Matrix2x2", "payoffs": [[[29.0,23.0],[54.0,17.0]],[[9.0,24.0],[29.0,22.0]]]},
"G77": {"type": "Matrix2x2", "payoffs": [[[20.0,12.0],[15.0,30.0]],[[11.0,43.0],[15.0,87.0]]]},
"G78": {"type": "Matrix2x2", "payoffs": [[[1.0,34.0],[0.0,7.0]],[[1.0,18.0],[1.0,15.0]]]},
"G79": {"type": "Matrix2x2", "payoffs": [[[1.0,49.0],[37.0,43.0]],[[42.0,70.0],[17.0,32.0]]]},
"G80": {"type": "Matrix2x2", "payoffs": [[[12.0,52.0],[21.0,23.0]],[[48.0,61.0],[24.0,0.0]]]},
"G81": {"type": "Matrix2x2", "payoffs": [[[27.0,18.0],[9.0,2.0]],[[41.0,49.0],[60.0,23.0]]]},
"G82": {"type": "Matrix2x2", "payoffs": [[[51.0,25.0],[82.0,24.0]],[[16.0,9.0],[9.0,2.0]]]},
"G83": {"type": "Matrix2x2", "payoffs": [[[21.0,23.0],[38.0,31.0]],[[41.0,16.0],[43.0,12.0]]]},
"G84": {"type": "Matrix2x2", "payoffs": [[[36.0,68.0],[6.0,14.0]],[[51.0,81.0],[62.0,5.0]]]},
"G85": {"type": "Matrix2x2", "payoffs": [[[6.0,43.0],[7.0,36.0]],[[1.0,56.0],[2.0,54.0]]]},
"G86": {"type": "Matrix2x2", "payoffs": [[[47.0,29.0],[52.0,11.0]],[[19.0,64.0],[3.0,30.0]]]},
"G87": {"type": "Matrix2x2", "payoffs": [[[29.0,29.0],[26.0,19.0]],[[80.0,27.0],[11.0,52.0]]]},
"G88": {"type": "Matrix2x2", "payoffs": [[[8.0,4.0],[35.0,14.0]],[[26.0,11.0],[18.0,9.0]]]},
"G89": {"type": "Matrix2x2", "payoffs": [[[0.0,14.0],[0.0,5.0]],[[0.0,10.0],[0.0,3.0]]]},
"G90": {"type": "Matrix2x2", "payoffs": [[[42.0,7.0],[48.0,27.0]],[[11.0,20.0],[24.0,42.0]]]},
"G91": {"type": "Matrix2x2", "payoffs": [[[23.0,10.0],[28.0,27.0]],[[12.0,14.0],[14.0,31.0]]]},
"G92": {"type": "Matrix2x2", "payoffs": [[[10.0,0.0],[5.0,0.0]],[[9.0,0.0],[12.0,0.0]]]},
"G93": {"type": "Matrix2x2", "payoffs": [[[16.0,5.0],[31.0,2.0]],[[24.0,6.0],[3.0,5.0]]]},
"G94": {"type": "Matrix2x2", "payoffs": [[[0.0,7.0],[30.0,12.0]],[[12.0,8.0],[7.0,89.0]]]},
"G95": {"type": "Matrix2x2", "payoffs": [[[21.0,34.0],[39.0,82.0]],[[29.0,87.0],[38.0,46.0]]]},
"G96": {"type": "Matrix2x2", "payoffs": [[[69.0,3.0],[19.0,1.0]],[[87.0,29.0],[80.0,46.0]]]},
"G97": {"type": "Matrix2x2", "payoffs": [[[12.0,37.0],[31.0,28.0]],[[12.0,29.0],[29.0,25.0]]]},
"G98": {"type": "Matrix2x2", "payoffs": [[[0.0,7.0],[9.0,4.0]],[[51.0,0.0],[46.0,2.0]]]},
"G99": {"type": "Matrix2x2", "payoffs": [[[13.0,6.0],[1.0,23.0]],[[10.0,20.0],[6.0,25.0]]]},
"G100": {"type": "Matrix2x2", "payoffs": [[[2.0,70.0],[1.0,43.0]],[[1.0,63.0],[1.0,1.0]]]}
}