{
"numGames": 100,
"G1": {"type": "Matrix2x2", "payoffs": [[[30.0,52.0],[15.0,42.0]],[[26.0,8.0],[21.0,17.0]]]},
"G2": {"type": "Matrix2x2", "payoffs": [[[9.0,13.0],[4.0,14.0]],[[3.0,13.0],[7.0,18.0]]]},
"G3": {"type": "Matrix2x2", "payoffs": [[[6.0,23.0],[28.0,27.0]],[[0.0,16.0],[21.0,20.0]]]},
"G4": {"type": "Matrix2x2", "payoffs": [[[37.0,5.0],[42.0,46.0]],[[9.0,6.0],[51.0,32.0]]]},
"G5": {"type": "Matrix2x2", "payoffs": [[[0.0,23.0],[44.0,63.0]],[[3.0,11.0],[26.0,35.0]]]},
"G6": {"type": "Matrix2x2", "payoffs": [[[48.0,36.0],[26.0,14.0]],[[0.0,49.0],[49.0,16.0]]]},
"G7": {"type": "Matrix2x2", "payoffs": [[[17.0,66.0],[26.0,8.0]],[[20.0,68.0],[13.0,50.0]]]},
"G8": {"type": "Matrix2x2", "payoffs": [[[48.0,1.0],[5.0,6.0]],[[19.0,42.0],[15.0,1.0]]]},
"G9": {"type": "Matrix2x2", "payoffs": [[[50.0,37.0],[6.0,34.0]],[[61.0,31.0],[22.0,5.0]]]},
"G10": {"type": "Matrix2x2", "payoffs": [[[35.0,26.0],[16.0,41.0]],[[3.0,38.0],[9.0,24.0]]]},
"G11": {"type": "Matrix2x2", "payoffs": [[[2.0,0.0],[12.0,10.0]],[[4.0,53.0],[12.0,54.0]]]},
"G12": {"type": "Matrix2x2", "payoffs": [[[20.0,5.0],[2.0,8.0]],[[13.0,17.0],[17.0,7.0]]]},
"G13": {"type": "Matrix2x2", "payoffs": [[[18.0,57.0],[6.0,19.0]],[[19.0,60.0],[40.0,27.0]]]},
"G14": {"type": "Matrix2x2", "payoffs": [[[0.0,19.0],[1.0,33.0]],[[2.0,5.0],[2.0,53.0]]]},
"G15": {"type": "Matrix2x2", "payoffs": [[[27.0,17.0],[86.0,17.0]],[[31.0,2.0],[1.0,22.0]]]},
"G16": {"type": "Matrix2x2", "payoffs": [[[85.0,18.0],[26.0,34.0]],[[35.0,73.0],[43.0,54.0]]]},
"G17": {"type": "Matrix2x2", "payoffs": [[[91.0,0.0],[72.0,2.0]],[[39.0,1.0],[11.0,0.0]]]},
"G18": {"type": "Matrix2x2", "payoffs": [[[12.0,31.0],[4.0,9.0]],[[4.0,37.0],[11.0,0.0]]]},
"G19": {"type": "Matrix2x2", "payoffs": [[[12.0,25.0],[4.0,1.0]],[[3.0,28.0],[0.0,83.0]]]},
"G20": {"type": "Matrix2x2", "payoffs": [[[16.0,13.0],[34.0,16.0]],[[21.0,11.0],[38.0,42.0]]]},
"G21": {"type": "Matrix2x2", "payoffs": [[[78.0,9.0],[62.0,5.0]],[[29.0,10.0],[57.0,9.0]]]},
"G22": {"type": "Matrix2x2", "payoffs": [[[9.0,8.0],[9.0,32.0]],[[6.0,3.0],[3.0,6.0]]]},
"G23": {"type": "Matrix2x2", "payoffs": [[[75.0,69.0],[5.0,35.0]],[[50.0,19.0],[28.0,24.0]]]},
"G24": {"type": "Matrix2x2", "payoffs": [[[60.0,7.0],[40.0,41.0]],[[42.0,14.0],[43.0,25.0]]]},
"G25": {"type": "Matrix2x2", "payoffs": [[[9.0,16.0],[0.0,58.0]],[[12.0,7.0],[4.0,36.0]]]},
"G26": {"type": "Matrix2x2", "payoffs": [[[1.0,0.0],[8.0,3.0]],[[4.0,17.0],[8.0,4.0]]]},
"G27": {"type": "Matrix2x2", "payoffs": [[[3.0,6.0],[35.0,51.0]],[[4.0,49.0],[25.0,24.0]]]},
"G28": {"type": "Matrix2x2", "payoffs": [[[30.0,0.0],[4.0,0.0]],[[51.0,3.0],[33.0,2.0]]]},
"G29": {"type": "Matrix2x2", "payoffs": [[[1.0,13.0],[34.0,5.0]],[[41.0,27.0],[46.0,69.0]]]},
"G30": {"type": "Matrix2x2", "payoffs": [[[39.0,0.0],[77.0,1.0]],[[60.0,0.0],[55.0,0.0]]]},
"G31": {"type": "Matrix2x2", "payoffs": [[[6.0,0.0],[16.0,21.0]],[[22.0,6.0],[27.0,15.0]]]},
"G32": {"type": "Matrix2x2", "payoffs": [[[4.0,9.0],[0.0,7.0]],[[5.0,9.0],[2.0,1.0]]]},
"G33": {"type": "Matrix2x2", "payoffs": [[[12.0,3.0],[20.0,4.0]],[[13.0,1.0],[20.0,2.0]]]},
"G34": {"type": "Matrix2x2", "payoffs": [[[33.0,61.0],[3.0,50.0]],[[36.0,5.0],[5.0,71.0]]]},
"G35": {"type": "Matrix2x2", "payoffs": [[[3.0,22.0],[20.0,11.0]],[[18.0,25.0],[66.0,36.0]]]},
"G36": {"type": "Matrix2x2", "payoffs": [[[0.0,8.0],[0.0,18.0]],[[0.0,26.0],[0.0,4.0]]]},
"G37": {"type": "Matrix2x2", "payoffs": [[[69.0,14.0],[16.0,42.0]],[[21.0,19.0],[36.0,26.0]]]},
"G38": {"type": "Matrix2x2", "payoffs": [[[1.0,8.0],[0.0,6.0]],[[0.0,1.0],[0.0,7.0]]]},
"G39": {"type": "Matrix2x2", "payoffs": [[[24.0,23.0],[21.0,42.0]],[[27.0,65.0],[24.0,90.0]]]},
"G40": {"type": "Matrix2x2", "payoffs": [[[8.0,1.0],[62.0,1.0]],[[53.0,2.0],[3.0,2.0]]]},
"G41": {"type": "Matrix2x2", "payoffs": [[[59.0,21.0],[11.0,14.0]],[[50.0,39.0],[34.0,81.0]]]},
"G42": {"type": "Matrix2x2", "payoffs": [[[61.0,19.0],[4.0,0.0]],[[26.0,14.0],[5.0,17.0]]]},
"G43": {"type": "Matrix2x2", "payoffs": [[[47.0,5.0],[47.0,22.0]],[[31.0,21.0],[53.0,17.0]]]},
"G44": {"type": "Matrix2x2", "payoffs": [[[26.0,30.0],[44.0,58.0]],[[8.0,56.0],[20.0,47.0]]]},
"G45": {"type": "Matrix2x2", "payoffs": [[[11.0,2.0],[35.0,12.0]],[[1.0,16.0],[16.0,7.0]]]},
"G46": {"type": "Matrix2x2", "payoffs": [[[2.0,26.0],[15.0,14.0]],[[12.0,14.0],[1.0,45.0]]]},
"G47": {"type": "Matrix2x2", "payoffs": [[[32.0,14.0],[25.0,15.0]],[[25.0,21.0],[24.0,14.0]]]},
"G48": {"type": "Matrix2x2", "payoffs": [[[8.0,44.0],[18.0,60.0]],[[27.0,43.0],[3.0,29.0]]]},
"G49": {"type": "Matrix2x2", "payoffs": [[[2.0,55.0],[20.0,13.0]],[[9.0,15.0],[13.0,58.0]]]},
"G50": {"type": "Matrix2x2", "payoffs": [[[39.0,7.0],[62.0,3.0]],[[4.0,3.0],[11.0,7.0]]]},
"G51": {"type": "Matrix2x2", "payoffs": [[[1.0,27.0],[8.0,48.0]],[[12.0,5.0],[9.0,34.0]]]},
"G52": {"type": "Matrix2x2", "payoffs": [[[5.0,41.0],[7.0,25.0]],[[0.0,68.0],[3.0,33.0]]]},
"G53": {"type": "Matrix2x2", "payoffs": [[[22.0,32.0],[16.0,2.0]],[[35.0,7.0],[22.0,27.0]]]},
"G54": {"type": "Matrix2x2", "payoffs": [[[81.0,5.0],[14.0,11.0]],[[81.0,12.0],[45.0,6.0]]]},
"G55": {"type": "Matrix2x2", "payoffs": [[[30.0,42.0],[27.0,1.0]],[[18.0,8.0],[30.0,48.0]]]},
"G56": {"type": "Matrix2x2", "payoffs": [[[12.0,1.0],[33.0,61.0]],[[40.0,55.0],[69.0,66.0]]]},
"G57": {"type": "Matrix2x2", "payoffs": [[[5.0,6.0],[7.0,1.0]],[[20.0,5.0],[37.0,4.0]]]},
"G58": {"type": "Matrix2x2", "payoffs": [[[55.0,15.0],[38.0,8.0]],[[23.0,1.0],[54.0,45.0]]]},
"G59": {"type": "Matrix2x2", "payoffs": [[[7.0,7.0],[4.0,13.0]],[[3.0,6.0],[6.0,1.0]]]},
"G60": {"type": "Matrix2x2", "payoffs": [[[40.0,37.0],[4.0,51.0]],[[63.0,3.0],[51.0,61.0]]]},
"G61": {"type": "Matrix2x2", "payoffs": [[[6.0,59.0],[67.0,28.0]],[[93.0,51.0],[8.0,16.0]]]},
"G62": {"type": "Matrix2x2", "payoffs": [[[2.0,46.0],[1.0,2.0]],[[3.0,35.0],[2.0,33.0]]]},
"G63": {"type": "Matrix2x2", "payoffs": [[[21.0,49.0],[4.0,67.0]],[[33.0,66.0],[20.0,16.0]]]},
"G64": {"type": "Matrix2x2", "payoffs": [[[1.0,31.0],[1.0,29.0]],[[3.0,11.0],[3.0,12.0]]]},
"G65": {"type": "Matrix2x2", "payoffs": [[[14.0,0.0],[46.0,0.0]],[[36.0,0.0],[53.0,1.0]]]},
"G66": {"type": "Matrix2x2", "payoffs": [[[24.0,3.0],[23.0,2.0]],[[14.0,8.0],[4.0,8.0]]]},
"G67": {"type": "Matrix2x2", "payoffs": [[[9.0,1.0],[67.0,49.0]],[[35.0,29.0],[56.0,21.0]]]},
"G68": {"type": "Matrix2x2", "payoffs": [[[81.0,46.0],[13.0,17.0]],[[50.0,8.0],[36.0,47.0]]]},
"G69": {"type": "Matrix2x2", "payoffs": [[[29.0,31.0],[5.0,16.0]],[[6.0,20.0],[25.0,19.0]]]},
"G70": {"type": "Matrix2x2", "payoffs": [[[9.0,0.0],[4.0,0.0]],[[18.0,0.0],[17.0,0.0]]]},
"G71": {"type": "Matrix2x2", "payoffs": [[[22.0,12.0],[49.0,1.0]],[[62.0,3.0],[52.0,5.0]]]},
"G72": {"type": "Matrix2x2", "payoffs": [[[8.0,21.0],[3.0,10.0]],[[11.0,13.0],[11.0,18.0]]]},
"G73": {"type": "Matrix2x2", "payoffs": [[[30.0,14.0],[20.0,41.0]],[[12.0,41.0],[43.0,15.0]]]},
"G74": {"type": "Matrix2x2", "payoffs": [[[18.0,15.0],[19.0,24.0]],[[2.0,41.0],[12.0,50.0]]]},
"G75": {"type": "Matrix2x2", "payoffs": [[[50.0,84.0],[43.0,83.0]],[[8.0,2.0],[3.0,97.0]]]},
"G76": {"type": "Matrix2x2", "payoffs": [[[36.0,15.0],[8.0,27.0]],[[30.0,75.0],[27.0,23.0]]]},
"G77": {"type": "Matrix2x2", "payoffs": [[[39.0,7.0],[11.0,1.0]],[[31.0,5.0],[19.0,27.0]]]},
"G78": {"type": "Matrix2x2", "payoffs": [[[16.0,72.0],[47.0,77.0]],[[22.0,44.0],[29.0,18.0]]]},
"G79": {"type": "Matrix2x2", "payoffs": [[[44.0,8.0],[25.0,1.0]],[[24.0,14.0],[39.0,21.0]]]},
"G80": {"type": "Matrix2x2", "payoffs": [[[38.0,50.0],[6.0,57.0]],[[37.0,67.0],[7.0,17.0]]]},
"G81": {"type": "Matrix2x2", "payoffs": [[[31.0,9.0],[12.0,19.0]],[[33.0,19.0],[22.0,10.0]]]},
"G82": {"type": "Matrix2x2", "payoffs": [[[21.0,13.0],[28.0,19.0]],[[0.0,36.0],[10.0,22.0]]]},
"G83": {"type": "Matrix2x2", "payoffs": [[[16.0,15.0],[19.0,32.0]],[[24.0,11.0],[6.0,28.0]]]},
"G84": {"type": "Matrix2x2", "payoffs": [[[28.0,8.0],[4.0,30.0]],[[5.0,30.0],[21.0,31.0]]]},
"G85": {"type": "Matrix2x2", "payoffs": [[[26.0,9.0],[42.0,2.0]],[[28.0,4.0],[33.0,11.0]]]},
"G86": {"type": "Matrix2x2", "payoffs": [[[7.0,5.0],[5.0,30.0]],[[1.0,21.0],[5.0,12.0]]]},
"G87": {"type": "Matrix2x2", "payoffs": [[[43.0,81.0],[12.0,59.0]],[[6.0,89.0],[26.0,64.0]]]},
"G88": {"type": "Matrix2x2", "payoffs": [[[32.0,67.0],[6.0,53.0]],[[31.0,76.0],[8.0,16.0]]]},
"G89": {"type": "Matrix2x2", "payoffs": [[[67.0,0.0],[57.0,0.0]],[[44.0,1.0],[48.0,0.0]]]},
"G90": {"type": "Matrix2x2", "payoffs": [[[10.0,16.0],[9.0,7.0]],[[27.0,10.0],[29.0,6.0]]]},
"G91": {"type": "Matrix2x2", "payoffs": [[[38.0,13.0],[48.0,42.0]],[[10.0,88.0],[60.0,41.0]]]},
"G92": {"type": "Matrix2x2", "payoffs": [[[6.0,9.0],[16.0,4.0]],[[19.0,39.0],[4.0,20.0]]]},
"G93": {"type": "Matrix2x2", "payoffs": [[[10.0,41.0],[10.0,44.0]],[[19.0,45.0],[12.0,14.0]]]},
"G94": {"type": "Matrix2x2", "payoffs": [[[15.0,2.0],[13.0,0.0]],[[18.0,6.0],[22.0,30.0]]]},
"G95": {"type": "Matrix2x2", "payoffs": [[[16.0,63.0],[8.0,55.0]],[[9.0,52.0],[10.0,3.0]]]},
"G96": {"type": "Matrix2x2", "payoffs": [[[13.0,50.0],[19.0,11.0]],[[24.0,5.0],[2.0,59.0]]]},
"G97": {"type": "Matrix2x2", "payoffs": [[[12.0,0.0],[0.0,0.0]],[[6.0,0.0],[20.0,1.0]]]},
"G98": {"type": "Matrix2x2", "payoffs": [[[7.0,8.0],[3.0,13.0]],[[4.0,8.0],[3.0,28.0]]]},
"G99": {"type": "Matrix2x2", "payoffs": [[[37.0,27.0],[7.0,7.0]],[[31.0,21.0],[16.0,4.0]]]},
"G100": {"type": "Matrix2x2", "payoffs": [[[41.0,7.0],[25.0,35.0]],[[47.0,15.0],[31.0,49.0]]]}
}