{
"numGames": 100,
"G1": {"type": "Matrix2x2", "payoffs": [[[7.0,44.0],[24.0,49.0]],[[24.0,36.0],[16.0,53.0]]]},
"G2": {"type": "Matrix2x2", "payoffs": [[[9.0,7.0],[30.0,6.0]],[[26.0,2.0],[44.0,6.0]]]},
"G3": {"type": "Matrix2x2", "payoffs": [[[25.0,12.0],[55.0,18.0]],[[18.0,13.0],[22.0,19.0]]]},
"G4": {"type": "Matrix2x2", "payoffs": [[[54.0,19.0],[38.0,15.0]],[[11.0,24.0],[35.0,20.0]]]},
"G5": {"type": "Matrix2x2", "payoffs": [[[15.0,11.0],[29.0,23.0]],[[31.0,36.0],[18.0,12.0]]]},
"G6": {"type": "Matrix2x2", "payoffs": [[[26.0,34.0],[22.0,27.0]],[[3.0,68.0],[2.0,39.0]]]},
"G7": {"type": "Matrix2x2", "payoffs": [[[1.0,29.0],[24.0,9.0]],[[57.0,27.0],[20.0,2.0]]]},
"G8": {"type": "Matrix2x2", "payoffs": [[[52.0,4.0],[80.0,4.0]],[[60.0,4.0],[90.0,0.0]]]},
"G9": {"type": "Matrix2x2", "payoffs": [[[18.0,7.0],[9.0,13.0]],[[29.0,14.0],[3.0,26.0]]]},
"G10": {"type": "Matrix2x2", "payoffs": [[[32.0,5.0],[45.0,41.0]],[[69.0,21.0],[49.0,39.0]]]},
"G11": {"type": "Matrix2x2", "payoffs": [[[53.0,57.0],[50.0,24.0]],[[64.0,54.0],[55.0,66.0]]]},
"G12": {"type": "Matrix2x2", "payoffs": [[[14.0,47.0],[68.0,27.0]],[[56.0,3.0],[31.0,68.0]]]},
"G13": {"type": "Matrix2x2", "payoffs": [[[30.0,6.0],[19.0,11.0]],[[14.0,1.0],[34.0,12.0]]]},
"G14": {"type": "Matrix2x2", "payoffs": [[[21.0,11.0],[22.0,6.0]],[[12.0,1.0],[13.0,12.0]]]},
"G15": {"type": "Matrix2x2", "payoffs": [[[13.0,30.0],[5.0,11.0]],[[11.0,75.0],[1.0,5.0]]]},
"G16": {"type": "Matrix2x2", "payoffs": [[[41.0,75.0],[4.0,8.0]],[[44.0,7.0],[11.0,18.0]]]},
"G17": {"type": "Matrix2x2", "payoffs": [[[14.0,76.0],[3.0,26.0]],[[14.0,18.0],[17.0,22.0]]]},
"G18": {"type": "Matrix2x2", "payoffs": [[[5.0,19.0],[17.0,31.0]],[[12.0,7.0],[21.0,31.0]]]},
"G19": {"type": "Matrix2x2", "payoffs": [[[2.0,49.0],[2.0,4.0]],[[16.0,21.0],[8.0,1.0]]]},
"G20": {"type": "Matrix2x2", "payoffs": [[[13.0,16.0],[34.0,61.0]],[[24.0,67.0],[52.0,37.0]]]},
"G21": {"type": "Matrix2x2", "payoffs": [[[19.0,35.0],[12.0,52.0]],[[19.0,27.0],[3.0,34.0]]]},
"G22": {"type": "Matrix2x2", "payoffs": [[[37.0,1.0],[38.0,3.0]],[[35.0,1.0],[5.0,0.0]]]},
"G23": {"type": "Matrix2x2", "payoffs": [[[5.0,48.0],[21.0,57.0]],[[1.0,14.0],[5.0,43.0]]]},
"G24": {"type": "Matrix2x2", "payoffs": [[[19.0,17.0],[23.0,39.0]],[[2.0,42.0],[23.0,20.0]]]},
"G25": {"type": "Matrix2x2", "payoffs": [[[30.0,24.0],[29.0,1.0]],[[7.0,6.0],[27.0,11.0]]]},
"G26": {"type": "Matrix2x2", "payoffs": [[[0.0,95.0],[1.0,23.0]],[[1.0,41.0],[0.0,48.0]]]},
"G27": {"type": "Matrix2x2", "payoffs": [[[19.0,1.0],[37.0,1.0]],[[57.0,1.0],[53.0,0.0]]]},
"G28": {"type": "Matrix2x2", "payoffs": [[[9.0,33.0],[13.0,28.0]],[[4.0,16.0],[52.0,24.0]]]},
"G29": {"type": "Matrix2x2", "payoffs": [[[25.0,4.0],[47.0,4.0]],[[58.0,1.0],[31.0,1.0]]]},
"G30": {"type": "Matrix2x2", "payoffs": [[[68.0,10.0],[19.0,43.0]],[[73.0,9.0],[39.0,9.0]]]},
"G31": {"type": "Matrix2x2", "payoffs": [[[33.0,16.0],[11.0,2.0]],[[3.0,2.0],[69.0,14.0]]]},
"G32": {"type": "Matrix2x2", "payoffs": [[[7.0,9.0],[2.0,7.0]],[[8.0,2.0],[7.0,4.0]]]},
"G33": {"type": "Matrix2x2", "payoffs": [[[64.0,37.0],[34.0,45.0]],[[16.0,31.0],[55.0,15.0]]]},
"G34": {"type": "Matrix2x2", "payoffs": [[[40.0,48.0],[65.0,45.0]],[[36.0,29.0],[36.0,14.0]]]},
"G35": {"type": "Matrix2x2", "payoffs": [[[7.0,43.0],[3.0,8.0]],[[7.0,31.0],[2.0,33.0]]]},
"G36": {"type": "Matrix2x2", "payoffs": [[[41.0,0.0],[57.0,0.0]],[[46.0,1.0],[55.0,0.0]]]},
"G37": {"type": "Matrix2x2", "payoffs": [[[11.0,63.0],[4.0,58.0]],[[2.0,50.0],[15.0,40.0]]]},
"G38": {"type": "Matrix2x2", "payoffs": [[[6.0,5.0],[82.0,2.0]],[[74.0,6.0],[14.0,6.0]]]},
"G39": {"type": "Matrix2x2", "payoffs": [[[9.0,9.0],[8.0,23.0]],[[15.0,41.0],[10.0,17.0]]]},
"G40": {"type": "Matrix2x2", "payoffs": [[[40.0,61.0],[30.0,17.0]],[[21.0,33.0],[31.0,4.0]]]},
"G41": {"type": "Matrix2x2", "payoffs": [[[5.0,52.0],[29.0,47.0]],[[27.0,23.0],[25.0,7.0]]]},
"G42": {"type": "Matrix2x2", "payoffs": [[[6.0,38.0],[56.0,3.0]],[[14.0,33.0],[24.0,21.0]]]},
"G43": {"type": "Matrix2x2", "payoffs": [[[19.0,6.0],[41.0,17.0]],[[46.0,4.0],[10.0,9.0]]]},
"G44": {"type": "Matrix2x2", "payoffs": [[[27.0,6.0],[8.0,11.0]],[[18.0,5.0],[15.0,21.0]]]},
"G45": {"type": "Matrix2x2", "payoffs": [[[10.0,2.0],[4.0,1.0]],[[8.0,2.0],[12.0,1.0]]]},
"G46": {"type": "Matrix2x2", "payoffs": [[[37.0,23.0],[39.0,5.0]],[[4.0,31.0],[28.0,13.0]]]},
"G47": {"type": "Matrix2x2", "payoffs": [[[72.0,4.0],[24.0,48.0]],[[72.0,27.0],[7.0,35.0]]]},
"G48": {"type": "Matrix2x2", "payoffs": [[[10.0,7.0],[24.0,28.0]],[[20.0,30.0],[30.0,5.0]]]},
"G49": {"type": "Matrix2x2", "payoffs": [[[43.0,32.0],[19.0,15.0]],[[41.0,22.0],[29.0,26.0]]]},
"G50": {"type": "Matrix2x2", "payoffs": [[[33.0,18.0],[40.0,9.0]],[[43.0,2.0],[40.0,6.0]]]},
"G51": {"type": "Matrix2x2", "payoffs": [[[12.0,65.0],[1.0,5.0]],[[18.0,72.0],[23.0,7.0]]]},
"G52": {"type": "Matrix2x2", "payoffs": [[[13.0,3.0],[18.0,5.0]],[[9.0,4.0],[7.0,4.0]]]},
"G53": {"type": "Matrix2x2", "payoffs": [[[36.0,29.0],[35.0,42.0]],[[9.0,13.0],[38.0,40.0]]]},
"G54": {"type": "Matrix2x2", "payoffs": [[[7.0,31.0],[54.0,17.0]],[[34.0,57.0],[65.0,43.0]]]},
"G55": {"type": "Matrix2x2", "payoffs": [[[59.0,35.0],[57.0,45.0]],[[27.0,25.0],[9.0,57.0]]]},
"G56": {"type": "Matrix2x2", "payoffs": [[[8.0,48.0],[12.0,48.0]],[[22.0,7.0],[22.0,18.0]]]},
"G57": {"type": "Matrix2x2", "payoffs": [[[11.0,5.0],[16.0,1.0]],[[10.0,2.0],[26.0,7.0]]]},
"G58": {"type": "Matrix2x2", "payoffs": [[[54.0,4.0],[45.0,11.0]],[[50.0,9.0],[66.0,15.0]]]},
"G59": {"type": "Matrix2x2", "payoffs": [[[0.0,9.0],[17.0,10.0]],[[19.0,11.0],[17.0,7.0]]]},
"G60": {"type": "Matrix2x2", "payoffs": [[[7.0,58.0],[5.0,45.0]],[[17.0,48.0],[65.0,33.0]]]},
"G61": {"type": "Matrix2x2", "payoffs": [[[21.0,22.0],[23.0,51.0]],[[20.0,21.0],[16.0,34.0]]]},
"G62": {"type": "Matrix2x2", "payoffs": [[[3.0,6.0],[16.0,9.0]],[[48.0,23.0],[33.0,12.0]]]},
"G63": {"type": "Matrix2x2", "payoffs": [[[0.0,28.0],[6.0,13.0]],[[1.0,33.0],[2.0,51.0]]]},
"G64": {"type": "Matrix2x2", "payoffs": [[[16.0,76.0],[4.0,24.0]],[[16.0,87.0],[8.0,84.0]]]},
"G65": {"type": "Matrix2x2", "payoffs": [[[6.0,50.0],[13.0,44.0]],[[18.0,16.0],[8.0,45.0]]]},
"G66": {"type": "Matrix2x2", "payoffs": [[[39.0,7.0],[55.0,4.0]],[[36.0,6.0],[34.0,0.0]]]},
"G67": {"type": "Matrix2x2", "payoffs": [[[15.0,38.0],[25.0,47.0]],[[47.0,3.0],[15.0,36.0]]]},
"G68": {"type": "Matrix2x2", "payoffs": [[[12.0,65.0],[29.0,66.0]],[[1.0,20.0],[20.0,25.0]]]},
"G69": {"type": "Matrix2x2", "payoffs": [[[30.0,4.0],[68.0,13.0]],[[2.0,12.0],[21.0,14.0]]]},
"G70": {"type": "Matrix2x2", "payoffs": [[[29.0,8.0],[18.0,12.0]],[[4.0,5.0],[18.0,15.0]]]},
"G71": {"type": "Matrix2x2", "payoffs": [[[22.0,37.0],[28.0,6.0]],[[10.0,13.0],[33.0,6.0]]]},
"G72": {"type": "Matrix2x2", "payoffs": [[[44.0,1.0],[66.0,3.0]],[[70.0,3.0],[28.0,1.0]]]},
"G73": {"type": "Matrix2x2", "payoffs": [[[49.0,26.0],[23.0,25.0]],[[6.0,31.0],[65.0,2.0]]]},
"G74": {"type": "Matrix2x2", "payoffs": [[[62.0,19.0],[65.0,3.0]],[[68.0,0.0],[44.0,0.0]]]},
"G75": {"type": "Matrix2x2", "payoffs": [[[36.0,34.0],[6.0,11.0]],[[15.0,33.0],[28.0,4.0]]]},
"G76": {"type": "Matrix2x2", "payoffs": [[[5.0,2.0],[6.0,3.0]],[[21.0,3.0],[8.0,3.0]]]},
"G77": {"type": "Matrix2x2", "payoffs": [[[42.0,52.0],[14.0,47.0]],[[74.0,4.0],[24.0,7.0]]]},
"G78": {"type": "Matrix2x2", "payoffs": [[[7.0,28.0],[9.0,14.0]],[[8.0,32.0],[33.0,25.0]]]},
"G79": {"type": "Matrix2x2", "payoffs": [[[6.0,33.0],[3.0,49.0]],[[0.0,6.0],[0.0,28.0]]]},
"G80": {"type": "Matrix2x2", "payoffs": [[[33.0,6.0],[53.0,5.0]],[[32.0,7.0],[37.0,24.0]]]},
"G81": {"type": "Matrix2x2", "payoffs": [[[0.0,82.0],[1.0,17.0]],[[2.0,52.0],[1.0,50.0]]]},
"G82": {"type": "Matrix2x2", "payoffs": [[[11.0,7.0],[14.0,14.0]],[[12.0,9.0],[15.0,14.0]]]},
"G83": {"type": "Matrix2x2", "payoffs": [[[35.0,19.0],[18.0,30.0]],[[62.0,23.0],[61.0,4.0]]]},
"G84": {"type": "Matrix2x2", "payoffs": [[[15.0,41.0],[32.0,33.0]],[[3.0,4.0],[4.0,10.0]]]},
"G85": {"type": "Matrix2x2", "payoffs": [[[3.0,15.0],[7.0,56.0]],[[42.0,41.0],[10.0,58.0]]]},
"G86": {"type": "Matrix2x2", "payoffs": [[[41.0,57.0],[4.0,48.0]],[[34.0,40.0],[10.0,26.0]]]},
"G87": {"type": "Matrix2x2", "payoffs": [[[68.0,4.0],[13.0,2.0]],[[3.0,16.0],[40.0,3.0]]]},
"G88": {"type": "Matrix2x2", "payoffs": [[[13.0,2.0],[14.0,1.0]],[[19.0,6.0],[32.0,8.0]]]},
"G89": {"type": "Matrix2x2", "payoffs": [[[6.0,12.0],[4.0,43.0]],[[9.0,65.0],[9.0,51.0]]]},
"G90": {"type": "Matrix2x2", "payoffs": [[[61.0,62.0],[47.0,41.0]],[[32.0,58.0],[60.0,37.0]]]},
"G91": {"type": "Matrix2x2", "payoffs": [[[11.0,7.0],[8.0,5.0]],[[5.0,2.0],[10.0,4.0]]]},
"G92": {"type": "Matrix2x2", "payoffs": [[[25.0,24.0],[16.0,11.0]],[[42.0,4.0],[7.0,0.0]]]},
"G93": {"type": "Matrix2x2", "payoffs": [[[3.0,23.0],[54.0,16.0]],[[14.0,31.0],[11.0,15.0]]]},
"G94": {"type": "Matrix2x2", "payoffs": [[[14.0,2.0],[2.0,0.0]],[[12.0,2.0],[9.0,5.0]]]},
"G95": {"type": "Matrix2x2", "payoffs": [[[80.0,5.0],[63.0,4.0]],[[8.0,79.0],[67.0,36.0]]]},
"G96": {"type": "Matrix2x2", "payoffs": [[[19.0,18.0],[12.0,7.0]],[[18.0,8.0],[5.0,28.0]]]},
"G97": {"type": "Matrix2x2", "payoffs": [[[41.0,2.0],[14.0,6.0]],[[2.0,11.0],[37.0,16.0]]]},
"G98": {"type": "Matrix2x2", "payoffs": [[[29.0,2.0],[18.0,2.0]],[[30.0,37.0],[15.0,9.0]]]},
"G99": {"type": "Matrix2x2", "payoffs": [[[13.0,46.0],[57.0,7.0]],[[43.0,47.0],[12.0,47.0]]]},
"G100": {"type": "Matrix2x2", "payoffs": [[[1.0,12.0],[2.0,8.0]],[[2.0,8.0],[4.0,11.0]]]}
}