{
"numGames": 100,
"G1": {"type": "Matrix2x2", "payoffs": [[[0.0,13.0],[0.0,9.0]],[[0.0,36.0],[0.0,26.0]]]},
"G2": {"type": "Matrix2x2", "payoffs": [[[13.0,42.0],[39.0,8.0]],[[5.0,8.0],[49.0,0.0]]]},
"G3": {"type": "Matrix2x2", "payoffs": [[[20.0,67.0],[19.0,89.0]],[[34.0,22.0],[34.0,95.0]]]},
"G4": {"type": "Matrix2x2", "payoffs": [[[12.0,4.0],[12.0,8.0]],[[23.0,32.0],[7.0,32.0]]]},
"G5": {"type": "Matrix2x2", "payoffs": [[[14.0,72.0],[30.0,22.0]],[[4.0,25.0],[15.0,56.0]]]},
"G6": {"type": "Matrix2x2", "payoffs": [[[33.0,3.0],[21.0,14.0]],[[3.0,12.0],[43.0,34.0]]]},
"G7": {"type": "Matrix2x2", "payoffs": [[[43.0,4.0],[43.0,20.0]],[[21.0,21.0],[35.0,11.0]]]},
"G8": {"type": "Matrix2x2", "payoffs": [[[21.0,24.0],[11.0,13.0]],[[45.0,1.0],[66.0,13.0]]]},
"G9": {"type": "Matrix2x2", "payoffs": [[[11.0,1.0],[37.0,1.0]],[[34.0,0.0],[7.0,1.0]]]},
"G10": {"type": "Matrix2x2", "payoffs": [[[2.0,28.0],[0.0,11.0]],[[23.0,67.0],[11.0,15.0]]]},
"G11": {"type": "Matrix2x2", "payoffs": [[[52.0,1.0],[1.0,30.0]],[[14.0,25.0],[26.0,29.0]]]},
"G12": {"type": "Matrix2x2", "payoffs": [[[56.0,17.0],[12.0,48.0]],[[14.0,12.0],[19.0,0.0]]]},
"G13": {"type": "Matrix2x2", "payoffs": [[[40.0,1.0],[18.0,1.0]],[[0.0,1.0],[4.0,2.0]]]},
"G14": {"type": "Matrix2x2", "payoffs": [[[0.0,36.0],[8.0,3.0]],[[5.0,11.0],[6.0,31.0]]]},
"G15": {"type": "Matrix2x2", "payoffs": [[[4.0,11.0],[4.0,21.0]],[[14.0,35.0],[10.0,29.0]]]},
"G16": {"type": "Matrix2x2", "payoffs": [[[5.0,26.0],[0.0,6.0]],[[2.0,14.0],[6.0,8.0]]]},
"G17": {"type": "Matrix2x2", "payoffs": [[[33.0,38.0],[23.0,69.0]],[[7.0,30.0],[53.0,25.0]]]},
"G18": {"type": "Matrix2x2", "payoffs": [[[35.0,27.0],[30.0,5.0]],[[56.0,2.0],[14.0,13.0]]]},
"G19": {"type": "Matrix2x2", "payoffs": [[[3.0,22.0],[2.0,17.0]],[[7.0,55.0],[6.0,56.0]]]},
"G20": {"type": "Matrix2x2", "payoffs": [[[2.0,24.0],[1.0,9.0]],[[3.0,12.0],[4.0,19.0]]]},
"G21": {"type": "Matrix2x2", "payoffs": [[[11.0,34.0],[33.0,66.0]],[[8.0,10.0],[19.0,72.0]]]},
"G22": {"type": "Matrix2x2", "payoffs": [[[9.0,49.0],[8.0,74.0]],[[5.0,79.0],[7.0,4.0]]]},
"G23": {"type": "Matrix2x2", "payoffs": [[[12.0,64.0],[57.0,4.0]],[[5.0,45.0],[11.0,9.0]]]},
"G24": {"type": "Matrix2x2", "payoffs": [[[51.0,16.0],[42.0,15.0]],[[42.0,31.0],[24.0,32.0]]]},
"G25": {"type": "Matrix2x2", "payoffs": [[[2.0,37.0],[7.0,80.0]],[[3.0,20.0],[4.0,11.0]]]},
"G26": {"type": "Matrix2x2", "payoffs": [[[2.0,14.0],[4.0,19.0]],[[9.0,39.0],[9.0,4.0]]]},
"G27": {"type": "Matrix2x2", "payoffs": [[[5.0,2.0],[4.0,4.0]],[[28.0,5.0],[6.0,8.0]]]},
"G28": {"type": "Matrix2x2", "payoffs": [[[3.0,3.0],[6.0,3.0]],[[2.0,4.0],[9.0,1.0]]]},
"G29": {"type": "Matrix2x2", "payoffs": [[[77.0,17.0],[82.0,0.0]],[[47.0,1.0],[49.0,8.0]]]},
"G30": {"type": "Matrix2x2", "payoffs": [[[6.0,20.0],[7.0,2.0]],[[7.0,6.0],[11.0,5.0]]]},
"G31": {"type": "Matrix2x2", "payoffs": [[[43.0,3.0],[64.0,2.0]],[[13.0,7.0],[22.0,8.0]]]},
"G32": {"type": "Matrix2x2", "payoffs": [[[21.0,13.0],[19.0,14.0]],[[7.0,9.0],[30.0,20.0]]]},
"G33": {"type": "Matrix2x2", "payoffs": [[[19.0,28.0],[75.0,9.0]],[[67.0,3.0],[70.0,10.0]]]},
"G34": {"type": "Matrix2x2", "payoffs": [[[2.0,6.0],[1.0,6.0]],[[3.0,4.0],[1.0,4.0]]]},
"G35": {"type": "Matrix2x2", "payoffs": [[[56.0,17.0],[26.0,17.0]],[[3.0,71.0],[54.0,91.0]]]},
"G36": {"type": "Matrix2x2", "payoffs": [[[5.0,9.0],[1.0,88.0]],[[5.0,20.0],[2.0,53.0]]]},
"G37": {"type": "Matrix2x2", "payoffs": [[[50.0,29.0],[56.0,47.0]],[[54.0,43.0],[49.0,48.0]]]},
"G38": {"type": "Matrix2x2", "payoffs": [[[1.0,22.0],[19.0,40.0]],[[12.0,21.0],[13.0,9.0]]]},
"G39": {"type": "Matrix2x2", "payoffs": [[[20.0,27.0],[19.0,23.0]],[[18.0,20.0],[26.0,10.0]]]},
"G40": {"type": "Matrix2x2", "payoffs": [[[21.0,49.0],[45.0,45.0]],[[16.0,6.0],[26.0,63.0]]]},
"G41": {"type": "Matrix2x2", "payoffs": [[[78.0,3.0],[28.0,7.0]],[[42.0,7.0],[81.0,11.0]]]},
"G42": {"type": "Matrix2x2", "payoffs": [[[15.0,45.0],[35.0,19.0]],[[1.0,23.0],[14.0,2.0]]]},
"G43": {"type": "Matrix2x2", "payoffs": [[[36.0,6.0],[2.0,40.0]],[[4.0,27.0],[30.0,3.0]]]},
"G44": {"type": "Matrix2x2", "payoffs": [[[39.0,48.0],[24.0,25.0]],[[74.0,21.0],[44.0,34.0]]]},
"G45": {"type": "Matrix2x2", "payoffs": [[[48.0,12.0],[40.0,27.0]],[[69.0,8.0],[51.0,24.0]]]},
"G46": {"type": "Matrix2x2", "payoffs": [[[76.0,1.0],[69.0,42.0]],[[56.0,54.0],[58.0,44.0]]]},
"G47": {"type": "Matrix2x2", "payoffs": [[[61.0,2.0],[39.0,19.0]],[[16.0,0.0],[21.0,29.0]]]},
"G48": {"type": "Matrix2x2", "payoffs": [[[46.0,57.0],[6.0,85.0]],[[44.0,77.0],[34.0,9.0]]]},
"G49": {"type": "Matrix2x2", "payoffs": [[[0.0,1.0],[1.0,1.0]],[[3.0,1.0],[5.0,4.0]]]},
"G50": {"type": "Matrix2x2", "payoffs": [[[15.0,63.0],[64.0,11.0]],[[5.0,13.0],[72.0,88.0]]]},
"G51": {"type": "Matrix2x2", "payoffs": [[[32.0,36.0],[34.0,62.0]],[[4.0,22.0],[34.0,34.0]]]},
"G52": {"type": "Matrix2x2", "payoffs": [[[9.0,85.0],[8.0,90.0]],[[7.0,84.0],[7.0,11.0]]]},
"G53": {"type": "Matrix2x2", "payoffs": [[[1.0,53.0],[27.0,26.0]],[[40.0,2.0],[13.0,57.0]]]},
"G54": {"type": "Matrix2x2", "payoffs": [[[32.0,46.0],[53.0,47.0]],[[8.0,72.0],[62.0,24.0]]]},
"G55": {"type": "Matrix2x2", "payoffs": [[[40.0,6.0],[58.0,2.0]],[[35.0,3.0],[30.0,3.0]]]},
"G56": {"type": "Matrix2x2", "payoffs": [[[22.0,2.0],[7.0,1.0]],[[1.0,1.0],[9.0,3.0]]]},
"G57": {"type": "Matrix2x2", "payoffs": [[[3.0,22.0],[34.0,34.0]],[[8.0,44.0],[42.0,35.0]]]},
"G58": {"type": "Matrix2x2", "payoffs": [[[7.0,23.0],[11.0,52.0]],[[8.0,74.0],[8.0,34.0]]]},
"G59": {"type": "Matrix2x2", "payoffs": [[[4.0,1.0],[9.0,2.0]],[[10.0,1.0],[15.0,40.0]]]},
"G60": {"type": "Matrix2x2", "payoffs": [[[76.0,97.0],[13.0,25.0]],[[78.0,92.0],[97.0,91.0]]]},
"G61": {"type": "Matrix2x2", "payoffs": [[[4.0,2.0],[4.0,4.0]],[[8.0,0.0],[5.0,2.0]]]},
"G62": {"type": "Matrix2x2", "payoffs": [[[15.0,5.0],[11.0,2.0]],[[11.0,0.0],[19.0,4.0]]]},
"G63": {"type": "Matrix2x2", "payoffs": [[[1.0,63.0],[9.0,28.0]],[[11.0,41.0],[13.0,52.0]]]},
"G64": {"type": "Matrix2x2", "payoffs": [[[2.0,15.0],[0.0,14.0]],[[7.0,12.0],[6.0,5.0]]]},
"G65": {"type": "Matrix2x2", "payoffs": [[[42.0,6.0],[72.0,4.0]],[[86.0,2.0],[65.0,5.0]]]},
"G66": {"type": "Matrix2x2", "payoffs": [[[15.0,41.0],[13.0,17.0]],[[25.0,19.0],[24.0,13.0]]]},
"G67": {"type": "Matrix2x2", "payoffs": [[[4.0,5.0],[7.0,5.0]],[[1.0,1.0],[6.0,1.0]]]},
"G68": {"type": "Matrix2x2", "payoffs": [[[27.0,4.0],[24.0,1.0]],[[22.0,3.0],[27.0,13.0]]]},
"G69": {"type": "Matrix2x2", "payoffs": [[[30.0,38.0],[81.0,12.0]],[[36.0,25.0],[11.0,12.0]]]},
"G70": {"type": "Matrix2x2", "payoffs": [[[20.0,1.0],[27.0,8.0]],[[16.0,19.0],[28.0,13.0]]]},
"G71": {"type": "Matrix2x2", "payoffs": [[[42.0,22.0],[21.0,20.0]],[[63.0,15.0],[34.0,34.0]]]},
"G72": {"type": "Matrix2x2", "payoffs": [[[1.0,73.0],[0.0,39.0]],[[3.0,80.0],[3.0,18.0]]]},
"G73": {"type": "Matrix2x2", "payoffs": [[[41.0,6.0],[33.0,6.0]],[[40.0,10.0],[18.0,7.0]]]},
"G74": {"type": "Matrix2x2", "payoffs": [[[1.0,22.0],[5.0,32.0]],[[10.0,35.0],[16.0,14.0]]]},
"G75": {"type": "Matrix2x2", "payoffs": [[[15.0,11.0],[21.0,12.0]],[[12.0,9.0],[32.0,3.0]]]},
"G76": {"type": "Matrix2x2", "payoffs": [[[8.0,13.0],[8.0,40.0]],[[6.0,8.0],[7.0,52.0]]]},
"G77": {"type": "Matrix2x2", "payoffs": [[[44.0,19.0],[1.0,5.0]],[[22.0,13.0],[42.0,3.0]]]},
"G78": {"type": "Matrix2x2", "payoffs": [[[21.0,29.0],[50.0,25.0]],[[67.0,11.0],[66.0,31.0]]]},
"G79": {"type": "Matrix2x2", "payoffs": [[[37.0,16.0],[78.0,27.0]],[[13.0,28.0],[64.0,9.0]]]},
"G80": {"type": "Matrix2x2", "payoffs": [[[39.0,14.0],[41.0,12.0]],[[41.0,9.0],[43.0,12.0]]]},
"G81": {"type": "Matrix2x2", "payoffs": [[[4.0,7.0],[13.0,17.0]],[[25.0,4.0],[2.0,10.0]]]},
"G82": {"type": "Matrix2x2", "payoffs": [[[49.0,52.0],[30.0,51.0]],[[31.0,53.0],[43.0,4.0]]]},
"G83": {"type": "Matrix2x2", "payoffs": [[[48.0,27.0],[62.0,28.0]],[[33.0,40.0],[6.0,11.0]]]},
"G84": {"type": "Matrix2x2", "payoffs": [[[23.0,2.0],[10.0,5.0]],[[16.0,8.0],[3.0,2.0]]]},
"G85": {"type": "Matrix2x2", "payoffs": [[[25.0,24.0],[30.0,18.0]],[[8.0,7.0],[4.0,16.0]]]},
"G86": {"type": "Matrix2x2", "payoffs": [[[1.0,3.0],[7.0,1.0]],[[11.0,2.0],[40.0,4.0]]]},
"G87": {"type": "Matrix2x2", "payoffs": [[[6.0,1.0],[13.0,5.0]],[[2.0,2.0],[10.0,9.0]]]},
"G88": {"type": "Matrix2x2", "payoffs": [[[47.0,2.0],[28.0,6.0]],[[46.0,1.0],[48.0,3.0]]]},
"G89": {"type": "Matrix2x2", "payoffs": [[[21.0,56.0],[1.0,66.0]],[[13.0,34.0],[21.0,62.0]]]},
"G90": {"type": "Matrix2x2", "payoffs": [[[41.0,0.0],[32.0,0.0]],[[32.0,1.0],[42.0,0.0]]]},
"G91": {"type": "Matrix2x2", "payoffs": [[[15.0,9.0],[21.0,20.0]],[[33.0,14.0],[14.0,0.0]]]},
"G92": {"type": "Matrix2x2", "payoffs": [[[18.0,48.0],[12.0,18.0]],[[7.0,10.0],[12.0,54.0]]]},
"G93": {"type": "Matrix2x2", "payoffs": [[[76.0,23.0],[13.0,73.0]],[[70.0,16.0],[84.0,34.0]]]},
"G94": {"type": "Matrix2x2", "payoffs": [[[23.0,9.0],[44.0,8.0]],[[41.0,4.0],[50.0,3.0]]]},
"G95": {"type": "Matrix2x2", "payoffs": [[[10.0,54.0],[11.0,33.0]],[[27.0,41.0],[50.0,64.0]]]},
"G96": {"type": "Matrix2x2", "payoffs": [[[23.0,30.0],[39.0,11.0]],[[24.0,20.0],[44.0,23.0]]]},
"G97": {"type": "Matrix2x2", "payoffs": [[[24.0,2.0],[18.0,6.0]],[[71.0,14.0],[34.0,3.0]]]},
"G98": {"type": "Matrix2x2", "payoffs": [[[45.0,86.0],[54.0,60.0]],[[27.0,64.0],[56.0,2.0]]]},
"G99": {"type": "Matrix2x2", "payoffs": [[[12.0,32.0],[64.0,27.0]],[[57.0,75.0],[34.0,33.0]]]},
"G100": {"type": "Matrix2x2", "payoffs": [[[45.0,27.0],[11.0,11.0]],[[29.0,3.0],[54.0,13.0]]]}
}