{
"numGames": 100,
"G1": {"type": "Matrix2x2", "payoffs": [[[25.0,73.0],[16.0,61.0]],[[22.0,49.0],[13.0,47.0]]]},
"G2": {"type": "Matrix2x2", "payoffs": [[[2.0,3.0],[2.0,2.0]],[[14.0,25.0],[4.0,23.0]]]},
"G3": {"type": "Matrix2x2", "payoffs": [[[23.0,14.0],[56.0,0.0]],[[9.0,6.0],[30.0,3.0]]]},
"G4": {"type": "Matrix2x2", "payoffs": [[[4.0,29.0],[3.0,46.0]],[[8.0,47.0],[10.0,49.0]]]},
"G5": {"type": "Matrix2x2", "payoffs": [[[59.0,5.0],[74.0,7.0]],[[36.0,0.0],[46.0,5.0]]]},
"G6": {"type": "Matrix2x2", "payoffs": [[[18.0,31.0],[24.0,75.0]],[[30.0,38.0],[1.0,60.0]]]},
"G7": {"type": "Matrix2x2", "payoffs": [[[24.0,20.0],[63.0,13.0]],[[11.0,5.0],[34.0,19.0]]]},
"G8": {"type": "Matrix2x2", "payoffs": [[[9.0,4.0],[8.0,2.0]],[[1.0,0.0],[7.0,2.0]]]},
"G9": {"type": "Matrix2x2", "payoffs": [[[24.0,4.0],[24.0,12.0]],[[19.0,13.0],[32.0,9.0]]]},
"G10": {"type": "Matrix2x2", "payoffs": [[[0.0,78.0],[1.0,47.0]],[[5.0,28.0],[2.0,6.0]]]},
"G11": {"type": "Matrix2x2", "payoffs": [[[30.0,23.0],[32.0,4.0]],[[4.0,31.0],[21.0,30.0]]]},
"G12": {"type": "Matrix2x2", "payoffs": [[[6.0,62.0],[8.0,22.0]],[[8.0,42.0],[14.0,84.0]]]},
"G13": {"type": "Matrix2x2", "payoffs": [[[30.0,3.0],[27.0,17.0]],[[30.0,30.0],[39.0,16.0]]]},
"G14": {"type": "Matrix2x2", "payoffs": [[[9.0,17.0],[9.0,20.0]],[[28.0,22.0],[28.0,14.0]]]},
"G15": {"type": "Matrix2x2", "payoffs": [[[13.0,38.0],[1.0,2.0]],[[4.0,36.0],[16.0,27.0]]]},
"G16": {"type": "Matrix2x2", "payoffs": [[[33.0,0.0],[16.0,10.0]],[[32.0,16.0],[32.0,11.0]]]},
"G17": {"type": "Matrix2x2", "payoffs": [[[73.0,2.0],[22.0,5.0]],[[4.0,4.0],[0.0,3.0]]]},
"G18": {"type": "Matrix2x2", "payoffs": [[[2.0,47.0],[3.0,26.0]],[[4.0,31.0],[2.0,54.0]]]},
"G19": {"type": "Matrix2x2", "payoffs": [[[12.0,26.0],[1.0,62.0]],[[38.0,65.0],[32.0,9.0]]]},
"G20": {"type": "Matrix2x2", "payoffs": [[[9.0,16.0],[43.0,8.0]],[[51.0,14.0],[28.0,18.0]]]},
"G21": {"type": "Matrix2x2", "payoffs": [[[7.0,58.0],[21.0,65.0]],[[50.0,40.0],[55.0,67.0]]]},
"G22": {"type": "Matrix2x2", "payoffs": [[[20.0,6.0],[15.0,3.0]],[[1.0,13.0],[11.0,33.0]]]},
"G23": {"type": "Matrix2x2", "payoffs": [[[21.0,3.0],[71.0,27.0]],[[74.0,84.0],[49.0,4.0]]]},
"G24": {"type": "Matrix2x2", "payoffs": [[[27.0,1.0],[18.0,4.0]],[[38.0,21.0],[36.0,11.0]]]},
"G25": {"type": "Matrix2x2", "payoffs": [[[15.0,66.0],[15.0,33.0]],[[73.0,83.0],[66.0,20.0]]]},
"G26": {"type": "Matrix2x2", "payoffs": [[[4.0,25.0],[24.0,18.0]],[[0.0,22.0],[13.0,1.0]]]},
"G27": {"type": "Matrix2x2", "payoffs": [[[12.0,26.0],[8.0,9.0]],[[10.0,43.0],[2.0,45.0]]]},
"G28": {"type": "Matrix2x2", "payoffs": [[[24.0,83.0],[10.0,53.0]],[[7.0,15.0],[17.0,12.0]]]},
"G29": {"type": "Matrix2x2", "payoffs": [[[4.0,62.0],[24.0,43.0]],[[8.0,77.0],[22.0,30.0]]]},
"G30": {"type": "Matrix2x2", "payoffs": [[[35.0,4.0],[19.0,20.0]],[[16.0,25.0],[5.0,12.0]]]},
"G31": {"type": "Matrix2x2", "payoffs": [[[2.0,10.0],[1.0,2.0]],[[1.0,0.0],[1.0,8.0]]]},
"G32": {"type": "Matrix2x2", "payoffs": [[[6.0,5.0],[3.0,23.0]],[[4.0,3.0],[5.0,22.0]]]},
"G33": {"type": "Matrix2x2", "payoffs": [[[16.0,3.0],[1.0,1.0]],[[2.0,9.0],[18.0,6.0]]]},
"G34": {"type": "Matrix2x2", "payoffs": [[[6.0,18.0],[6.0,8.0]],[[5.0,13.0],[2.0,16.0]]]},
"G35": {"type": "Matrix2x2", "payoffs": [[[13.0,4.0],[12.0,6.0]],[[18.0,11.0],[24.0,11.0]]]},
"G36": {"type": "Matrix2x2", "payoffs": [[[9.0,11.0],[4.0,55.0]],[[10.0,21.0],[10.0,27.0]]]},
"G37": {"type": "Matrix2x2", "payoffs": [[[90.0,64.0],[29.0,1.0]],[[68.0,20.0],[19.0,57.0]]]},
"G38": {"type": "Matrix2x2", "payoffs": [[[3.0,14.0],[4.0,36.0]],[[5.0,30.0],[6.0,17.0]]]},
"G39": {"type": "Matrix2x2", "payoffs": [[[14.0,57.0],[55.0,16.0]],[[50.0,56.0],[38.0,58.0]]]},
"G40": {"type": "Matrix2x2", "payoffs": [[[8.0,18.0],[14.0,6.0]],[[31.0,19.0],[5.0,11.0]]]},
"G41": {"type": "Matrix2x2", "payoffs": [[[15.0,47.0],[43.0,60.0]],[[21.0,0.0],[46.0,62.0]]]},
"G42": {"type": "Matrix2x2", "payoffs": [[[10.0,1.0],[15.0,1.0]],[[27.0,1.0],[1.0,1.0]]]},
"G43": {"type": "Matrix2x2", "payoffs": [[[14.0,18.0],[3.0,3.0]],[[4.0,45.0],[14.0,37.0]]]},
"G44": {"type": "Matrix2x2", "payoffs": [[[8.0,39.0],[70.0,39.0]],[[31.0,17.0],[43.0,18.0]]]},
"G45": {"type": "Matrix2x2", "payoffs": [[[1.0,7.0],[7.0,7.0]],[[38.0,2.0],[16.0,2.0]]]},
"G46": {"type": "Matrix2x2", "payoffs": [[[35.0,28.0],[45.0,2.0]],[[11.0,25.0],[13.0,16.0]]]},
"G47": {"type": "Matrix2x2", "payoffs": [[[53.0,5.0],[52.0,4.0]],[[20.0,12.0],[5.0,11.0]]]},
"G48": {"type": "Matrix2x2", "payoffs": [[[9.0,14.0],[16.0,16.0]],[[18.0,9.0],[5.0,19.0]]]},
"G49": {"type": "Matrix2x2", "payoffs": [[[7.0,49.0],[22.0,25.0]],[[48.0,57.0],[2.0,17.0]]]},
"G50": {"type": "Matrix2x2", "payoffs": [[[3.0,7.0],[13.0,18.0]],[[11.0,15.0],[9.0,15.0]]]},
"G51": {"type": "Matrix2x2", "payoffs": [[[0.0,0.0],[0.0,16.0]],[[0.0,41.0],[1.0,39.0]]]},
"G52": {"type": "Matrix2x2", "payoffs": [[[58.0,1.0],[30.0,0.0]],[[5.0,1.0],[18.0,1.0]]]},
"G53": {"type": "Matrix2x2", "payoffs": [[[51.0,72.0],[58.0,31.0]],[[62.0,29.0],[59.0,38.0]]]},
"G54": {"type": "Matrix2x2", "payoffs": [[[71.0,23.0],[75.0,49.0]],[[7.0,40.0],[74.0,43.0]]]},
"G55": {"type": "Matrix2x2", "payoffs": [[[21.0,41.0],[5.0,31.0]],[[2.0,19.0],[7.0,39.0]]]},
"G56": {"type": "Matrix2x2", "payoffs": [[[1.0,1.0],[51.0,0.0]],[[33.0,1.0],[1.0,0.0]]]},
"G57": {"type": "Matrix2x2", "payoffs": [[[1.0,47.0],[1.0,5.0]],[[1.0,11.0],[1.0,26.0]]]},
"G58": {"type": "Matrix2x2", "payoffs": [[[7.0,20.0],[7.0,47.0]],[[9.0,58.0],[5.0,57.0]]]},
"G59": {"type": "Matrix2x2", "payoffs": [[[26.0,3.0],[41.0,3.0]],[[19.0,0.0],[42.0,1.0]]]},
"G60": {"type": "Matrix2x2", "payoffs": [[[58.0,10.0],[27.0,6.0]],[[29.0,1.0],[7.0,1.0]]]},
"G61": {"type": "Matrix2x2", "payoffs": [[[4.0,14.0],[19.0,68.0]],[[39.0,50.0],[0.0,29.0]]]},
"G62": {"type": "Matrix2x2", "payoffs": [[[83.0,16.0],[4.0,27.0]],[[14.0,3.0],[11.0,21.0]]]},
"G63": {"type": "Matrix2x2", "payoffs": [[[50.0,8.0],[2.0,5.0]],[[25.0,5.0],[6.0,6.0]]]},
"G64": {"type": "Matrix2x2", "payoffs": [[[68.0,9.0],[64.0,23.0]],[[4.0,3.0],[34.0,20.0]]]},
"G65": {"type": "Matrix2x2", "payoffs": [[[46.0,20.0],[83.0,22.0]],[[33.0,49.0],[70.0,28.0]]]},
"G66": {"type": "Matrix2x2", "payoffs": [[[67.0,6.0],[18.0,26.0]],[[40.0,41.0],[57.0,31.0]]]},
"G67": {"type": "Matrix2x2", "payoffs": [[[39.0,4.0],[28.0,12.0]],[[24.0,8.0],[40.0,9.0]]]},
"G68": {"type": "Matrix2x2", "payoffs": [[[3.0,4.0],[41.0,27.0]],[[31.0,9.0],[30.0,8.0]]]},
"G69": {"type": "Matrix2x2", "payoffs": [[[19.0,43.0],[58.0,43.0]],[[12.0,39.0],[49.0,43.0]]]},
"G70": {"type": "Matrix2x2", "payoffs": [[[12.0,53.0],[28.0,7.0]],[[23.0,40.0],[26.0,14.0]]]},
"G71": {"type": "Matrix2x2", "payoffs": [[[1.0,36.0],[16.0,17.0]],[[40.0,11.0],[30.0,4.0]]]},
"G72": {"type": "Matrix2x2", "payoffs": [[[5.0,6.0],[38.0,17.0]],[[13.0,12.0],[26.0,36.0]]]},
"G73": {"type": "Matrix2x2", "payoffs": [[[5.0,20.0],[54.0,19.0]],[[28.0,13.0],[23.0,6.0]]]},
"G74": {"type": "Matrix2x2", "payoffs": [[[11.0,37.0],[8.0,49.0]],[[1.0,47.0],[20.0,44.0]]]},
"G75": {"type": "Matrix2x2", "payoffs": [[[81.0,26.0],[11.0,28.0]],[[56.0,33.0],[32.0,34.0]]]},
"G76": {"type": "Matrix2x2", "payoffs": [[[13.0,27.0],[3.0,76.0]],[[57.0,6.0],[53.0,74.0]]]},
"G77": {"type": "Matrix2x2", "payoffs": [[[49.0,50.0],[65.0,10.0]],[[22.0,85.0],[73.0,67.0]]]},
"G78": {"type": "Matrix2x2", "payoffs": [[[17.0,25.0],[7.0,22.0]],[[8.0,22.0],[11.0,25.0]]]},
"G79": {"type": "Matrix2x2", "payoffs": [[[71.0,20.0],[26.0,18.0]],[[77.0,7.0],[61.0,22.0]]]},
"G80": {"type": "Matrix2x2", "payoffs": [[[1.0,59.0],[3.0,39.0]],[[0.0,50.0],[4.0,79.0]]]},
"G81": {"type": "Matrix2x2", "payoffs": [[[7.0,21.0],[7.0,18.0]],[[8.0,11.0],[5.0,18.0]]]},
"G82": {"type": "Matrix2x2", "payoffs": [[[3.0,1.0],[16.0,1.0]],[[8.0,1.0],[36.0,0.0]]]},
"G83": {"type": "Matrix2x2", "payoffs": [[[9.0,15.0],[0.0,39.0]],[[6.0,20.0],[11.0,41.0]]]},
"G84": {"type": "Matrix2x2", "payoffs": [[[20.0,6.0],[39.0,43.0]],[[9.0,18.0],[39.0,39.0]]]},
"G85": {"type": "Matrix2x2", "payoffs": [[[44.0,64.0],[57.0,60.0]],[[42.0,6.0],[38.0,33.0]]]},
"G86": {"type": "Matrix2x2", "payoffs": [[[25.0,54.0],[24.0,2.0]],[[65.0,59.0],[24.0,21.0]]]},
"G87": {"type": "Matrix2x2", "payoffs": [[[22.0,34.0],[23.0,74.0]],[[30.0,73.0],[11.0,67.0]]]},
"G88": {"type": "Matrix2x2", "payoffs": [[[37.0,24.0],[4.0,9.0]],[[66.0,7.0],[61.0,30.0]]]},
"G89": {"type": "Matrix2x2", "payoffs": [[[28.0,64.0],[35.0,0.0]],[[18.0,5.0],[17.0,23.0]]]},
"G90": {"type": "Matrix2x2", "payoffs": [[[6.0,8.0],[4.0,11.0]],[[7.0,4.0],[4.0,12.0]]]},
"G91": {"type": "Matrix2x2", "payoffs": [[[45.0,17.0],[0.0,18.0]],[[33.0,17.0],[67.0,10.0]]]},
"G92": {"type": "Matrix2x2", "payoffs": [[[33.0,23.0],[18.0,29.0]],[[12.0,24.0],[18.0,23.0]]]},
"G93": {"type": "Matrix2x2", "payoffs": [[[11.0,1.0],[10.0,12.0]],[[11.0,16.0],[11.0,5.0]]]},
"G94": {"type": "Matrix2x2", "payoffs": [[[58.0,1.0],[26.0,11.0]],[[41.0,9.0],[44.0,3.0]]]},
"G95": {"type": "Matrix2x2", "payoffs": [[[44.0,65.0],[63.0,75.0]],[[61.0,11.0],[69.0,64.0]]]},
"G96": {"type": "Matrix2x2", "payoffs": [[[15.0,5.0],[3.0,25.0]],[[16.0,26.0],[41.0,21.0]]]},
"G97": {"type": "Matrix2x2", "payoffs": [[[2.0,29.0],[12.0,32.0]],[[7.0,23.0],[1.0,16.0]]]},
"G98": {"type": "Matrix2x2", "payoffs": [[[1.0,13.0],[17.0,23.0]],[[24.0,25.0],[18.0,33.0]]]},
"G99": {"type": "Matrix2x2", "payoffs": [[[63.0,62.0],[8.0,31.0]],[[41.0,55.0],[12.0,26.0]]]},
"G100": {"type": "Matrix2x2", "payoffs": [[[0.0,79.0],[8.0,34.0]],[[8.0,72.0],[10.0,23.0]]]}
}