{
"numGames": 100,
"G1": {"type": "Matrix2x2", "payoffs": [[[17.0,7.0],[14.0,25.0]],[[24.0,23.0],[20.0,34.0]]]},
"G2": {"type": "Matrix2x2", "payoffs": [[[2.0,17.0],[2.0,26.0]],[[1.0,36.0],[3.0,14.0]]]},
"G3": {"type": "Matrix2x2", "payoffs": [[[54.0,21.0],[1.0,20.0]],[[17.0,16.0],[36.0,20.0]]]},
"G4": {"type": "Matrix2x2", "payoffs": [[[54.0,23.0],[52.0,16.0]],[[7.0,10.0],[27.0,4.0]]]},
"G5": {"type": "Matrix2x2", "payoffs": [[[5.0,13.0],[9.0,8.0]],[[10.0,27.0],[36.0,27.0]]]},
"G6": {"type": "Matrix2x2", "payoffs": [[[11.0,2.0],[16.0,18.0]],[[21.0,4.0],[21.0,43.0]]]},
"G7": {"type": "Matrix2x2", "payoffs": [[[29.0,11.0],[2.0,12.0]],[[1.0,16.0],[9.0,2.0]]]},
"G8": {"type": "Matrix2x2", "payoffs": [[[2.0,66.0],[12.0,31.0]],[[3.0,3.0],[32.0,26.0]]]},
"G9": {"type": "Matrix2x2", "payoffs": [[[1.0,5.0],[1.0,1.0]],[[3.0,3.0],[17.0,6.0]]]},
"G10": {"type": "Matrix2x2", "payoffs": [[[86.0,17.0],[91.0,14.0]],[[23.0,57.0],[70.0,7.0]]]},
"G11": {"type": "Matrix2x2", "payoffs": [[[7.0,3.0],[7.0,2.0]],[[2.0,4.0],[19.0,4.0]]]},
"G12": {"type": "Matrix2x2", "payoffs": [[[11.0,15.0],[3.0,55.0]],[[9.0,35.0],[9.0,66.0]]]},
"G13": {"type": "Matrix2x2", "payoffs": [[[3.0,0.0],[12.0,4.0]],[[10.0,17.0],[6.0,1.0]]]},
"G14": {"type": "Matrix2x2", "payoffs": [[[56.0,12.0],[69.0,11.0]],[[13.0,8.0],[34.0,1.0]]]},
"G15": {"type": "Matrix2x2", "payoffs": [[[10.0,5.0],[2.0,15.0]],[[13.0,13.0],[8.0,22.0]]]},
"G16": {"type": "Matrix2x2", "payoffs": [[[0.0,8.0],[4.0,16.0]],[[11.0,16.0],[15.0,3.0]]]},
"G17": {"type": "Matrix2x2", "payoffs": [[[7.0,12.0],[18.0,61.0]],[[71.0,35.0],[65.0,57.0]]]},
"G18": {"type": "Matrix2x2", "payoffs": [[[10.0,27.0],[9.0,13.0]],[[15.0,5.0],[13.0,17.0]]]},
"G19": {"type": "Matrix2x2", "payoffs": [[[19.0,15.0],[13.0,30.0]],[[33.0,19.0],[60.0,5.0]]]},
"G20": {"type": "Matrix2x2", "payoffs": [[[8.0,87.0],[2.0,90.0]],[[2.0,42.0],[4.0,42.0]]]},
"G21": {"type": "Matrix2x2", "payoffs": [[[95.0,11.0],[61.0,5.0]],[[28.0,2.0],[23.0,5.0]]]},
"G22": {"type": "Matrix2x2", "payoffs": [[[15.0,85.0],[5.0,25.0]],[[7.0,31.0],[5.0,66.0]]]},
"G23": {"type": "Matrix2x2", "payoffs": [[[0.0,67.0],[32.0,19.0]],[[71.0,68.0],[28.0,61.0]]]},
"G24": {"type": "Matrix2x2", "payoffs": [[[65.0,9.0],[10.0,10.0]],[[38.0,1.0],[9.0,5.0]]]},
"G25": {"type": "Matrix2x2", "payoffs": [[[13.0,1.0],[17.0,1.0]],[[15.0,1.0],[18.0,0.0]]]},
"G26": {"type": "Matrix2x2", "payoffs": [[[1.0,13.0],[17.0,6.0]],[[20.0,9.0],[29.0,6.0]]]},
"G27": {"type": "Matrix2x2", "payoffs": [[[15.0,53.0],[27.0,58.0]],[[15.0,46.0],[80.0,6.0]]]},
"G28": {"type": "Matrix2x2", "payoffs": [[[19.0,25.0],[48.0,26.0]],[[65.0,56.0],[0.0,1.0]]]},
"G29": {"type": "Matrix2x2", "payoffs": [[[5.0,12.0],[16.0,24.0]],[[47.0,11.0],[35.0,30.0]]]},
"G30": {"type": "Matrix2x2", "payoffs": [[[0.0,0.0],[6.0,0.0]],[[6.0,4.0],[6.0,3.0]]]},
"G31": {"type": "Matrix2x2", "payoffs": [[[0.0,37.0],[0.0,36.0]],[[1.0,34.0],[1.0,51.0]]]},
"G32": {"type": "Matrix2x2", "payoffs": [[[9.0,50.0],[15.0,21.0]],[[14.0,23.0],[9.0,34.0]]]},
"G33": {"type": "Matrix2x2", "payoffs": [[[49.0,74.0],[48.0,47.0]],[[18.0,52.0],[27.0,43.0]]]},
"G34": {"type": "Matrix2x2", "payoffs": [[[1.0,38.0],[9.0,41.0]],[[4.0,40.0],[10.0,64.0]]]},
"G35": {"type": "Matrix2x2", "payoffs": [[[10.0,24.0],[6.0,21.0]],[[2.0,10.0],[6.0,7.0]]]},
"G36": {"type": "Matrix2x2", "payoffs": [[[9.0,36.0],[33.0,47.0]],[[41.0,9.0],[17.0,58.0]]]},
"G37": {"type": "Matrix2x2", "payoffs": [[[47.0,45.0],[15.0,41.0]],[[41.0,20.0],[40.0,37.0]]]},
"G38": {"type": "Matrix2x2", "payoffs": [[[64.0,27.0],[24.0,40.0]],[[28.0,18.0],[5.0,7.0]]]},
"G39": {"type": "Matrix2x2", "payoffs": [[[4.0,64.0],[1.0,77.0]],[[4.0,24.0],[2.0,1.0]]]},
"G40": {"type": "Matrix2x2", "payoffs": [[[63.0,21.0],[27.0,56.0]],[[56.0,39.0],[30.0,15.0]]]},
"G41": {"type": "Matrix2x2", "payoffs": [[[45.0,81.0],[10.0,16.0]],[[50.0,50.0],[64.0,9.0]]]},
"G42": {"type": "Matrix2x2", "payoffs": [[[61.0,89.0],[73.0,45.0]],[[89.0,45.0],[84.0,88.0]]]},
"G43": {"type": "Matrix2x2", "payoffs": [[[4.0,10.0],[1.0,24.0]],[[2.0,33.0],[0.0,8.0]]]},
"G44": {"type": "Matrix2x2", "payoffs": [[[5.0,0.0],[14.0,5.0]],[[54.0,3.0],[93.0,2.0]]]},
"G45": {"type": "Matrix2x2", "payoffs": [[[10.0,8.0],[20.0,6.0]],[[25.0,2.0],[27.0,24.0]]]},
"G46": {"type": "Matrix2x2", "payoffs": [[[1.0,15.0],[1.0,7.0]],[[13.0,14.0],[5.0,20.0]]]},
"G47": {"type": "Matrix2x2", "payoffs": [[[34.0,16.0],[4.0,11.0]],[[13.0,12.0],[77.0,13.0]]]},
"G48": {"type": "Matrix2x2", "payoffs": [[[30.0,1.0],[66.0,60.0]],[[17.0,34.0],[72.0,4.0]]]},
"G49": {"type": "Matrix2x2", "payoffs": [[[46.0,34.0],[4.0,27.0]],[[9.0,34.0],[26.0,16.0]]]},
"G50": {"type": "Matrix2x2", "payoffs": [[[54.0,3.0],[59.0,14.0]],[[67.0,44.0],[53.0,70.0]]]},
"G51": {"type": "Matrix2x2", "payoffs": [[[37.0,2.0],[60.0,4.0]],[[28.0,4.0],[48.0,10.0]]]},
"G52": {"type": "Matrix2x2", "payoffs": [[[23.0,13.0],[25.0,14.0]],[[25.0,15.0],[23.0,84.0]]]},
"G53": {"type": "Matrix2x2", "payoffs": [[[38.0,2.0],[28.0,3.0]],[[7.0,15.0],[2.0,17.0]]]},
"G54": {"type": "Matrix2x2", "payoffs": [[[47.0,29.0],[75.0,31.0]],[[49.0,0.0],[5.0,6.0]]]},
"G55": {"type": "Matrix2x2", "payoffs": [[[1.0,23.0],[9.0,2.0]],[[5.0,23.0],[6.0,15.0]]]},
"G56": {"type": "Matrix2x2", "payoffs": [[[50.0,39.0],[15.0,35.0]],[[36.0,7.0],[37.0,49.0]]]},
"G57": {"type": "Matrix2x2", "payoffs": [[[50.0,3.0],[47.0,5.0]],[[29.0,2.0],[54.0,2.0]]]},
"G58": {"type": "Matrix2x2", "payoffs": [[[24.0,29.0],[11.0,4.0]],[[34.0,22.0],[15.0,4.0]]]},
"G59": {"type": "Matrix2x2", "payoffs": [[[10.0,10.0],[10.0,4.0]],[[17.0,7.0],[5.0,3.0]]]},
"G60": {"type": "Matrix2x2", "payoffs": [[[22.0,16.0],[55.0,71.0]],[[27.0,14.0],[25.0,11.0]]]},
"G61": {"type": "Matrix2x2", "payoffs": [[[22.0,4.0],[9.0,11.0]],[[35.0,8.0],[3.0,4.0]]]},
"G62": {"type": "Matrix2x2", "payoffs": [[[30.0,80.0],[34.0,13.0]],[[46.0,67.0],[14.0,61.0]]]},
"G63": {"type": "Matrix2x2", "payoffs": [[[22.0,67.0],[49.0,76.0]],[[36.0,77.0],[41.0,48.0]]]},
"G64": {"type": "Matrix2x2", "payoffs": [[[81.0,51.0],[72.0,53.0]],[[41.0,42.0],[61.0,15.0]]]},
"G65": {"type": "Matrix2x2", "payoffs": [[[77.0,9.0],[65.0,13.0]],[[90.0,4.0],[62.0,17.0]]]},
"G66": {"type": "Matrix2x2", "payoffs": [[[42.0,35.0],[9.0,34.0]],[[34.0,35.0],[5.0,20.0]]]},
"G67": {"type": "Matrix2x2", "payoffs": [[[19.0,2.0],[22.0,11.0]],[[17.0,84.0],[22.0,72.0]]]},
"G68": {"type": "Matrix2x2", "payoffs": [[[1.0,12.0],[0.0,18.0]],[[2.0,4.0],[2.0,22.0]]]},
"G69": {"type": "Matrix2x2", "payoffs": [[[13.0,11.0],[15.0,17.0]],[[22.0,10.0],[45.0,15.0]]]},
"G70": {"type": "Matrix2x2", "payoffs": [[[11.0,37.0],[14.0,37.0]],[[13.0,11.0],[4.0,12.0]]]},
"G71": {"type": "Matrix2x2", "payoffs": [[[76.0,21.0],[26.0,23.0]],[[89.0,18.0],[40.0,3.0]]]},
"G72": {"type": "Matrix2x2", "payoffs": [[[41.0,11.0],[65.0,26.0]],[[60.0,19.0],[27.0,7.0]]]},
"G73": {"type": "Matrix2x2", "payoffs": [[[18.0,43.0],[7.0,30.0]],[[7.0,46.0],[28.0,32.0]]]},
"G74": {"type": "Matrix2x2", "payoffs": [[[20.0,15.0],[40.0,40.0]],[[35.0,18.0],[7.0,27.0]]]},
"G75": {"type": "Matrix2x2", "payoffs": [[[4.0,41.0],[27.0,19.0]],[[1.0,16.0],[1.0,64.0]]]},
"G76": {"type": "Matrix2x2", "payoffs": [[[0.0,37.0],[5.0,43.0]],[[18.0,54.0],[13.0,15.0]]]},
"G77": {"type": "Matrix2x2", "payoffs": [[[8.0,46.0],[9.0,14.0]],[[23.0,15.0],[6.0,19.0]]]},
"G78": {"type": "Matrix2x2", "payoffs": [[[17.0,20.0],[35.0,40.0]],[[17.0,20.0],[30.0,33.0]]]},
"G79": {"type": "Matrix2x2", "payoffs": [[[17.0,11.0],[32.0,7.0]],[[62.0,12.0],[13.0,10.0]]]},
"G80": {"type": "Matrix2x2", "payoffs": [[[51.0,28.0],[22.0,4.0]],[[6.0,20.0],[55.0,4.0]]]},
"G81": {"type": "Matrix2x2", "payoffs": [[[6.0,13.0],[2.0,18.0]],[[9.0,45.0],[15.0,7.0]]]},
"G82": {"type": "Matrix2x2", "payoffs": [[[15.0,78.0],[18.0,34.0]],[[9.0,16.0],[0.0,73.0]]]},
"G83": {"type": "Matrix2x2", "payoffs": [[[20.0,4.0],[73.0,5.0]],[[20.0,54.0],[39.0,61.0]]]},
"G84": {"type": "Matrix2x2", "payoffs": [[[36.0,3.0],[56.0,13.0]],[[29.0,32.0],[13.0,33.0]]]},
"G85": {"type": "Matrix2x2", "payoffs": [[[35.0,26.0],[33.0,26.0]],[[9.0,1.0],[46.0,29.0]]]},
"G86": {"type": "Matrix2x2", "payoffs": [[[27.0,39.0],[21.0,37.0]],[[5.0,59.0],[4.0,65.0]]]},
"G87": {"type": "Matrix2x2", "payoffs": [[[53.0,23.0],[24.0,1.0]],[[11.0,30.0],[61.0,4.0]]]},
"G88": {"type": "Matrix2x2", "payoffs": [[[67.0,7.0],[11.0,18.0]],[[14.0,8.0],[69.0,21.0]]]},
"G89": {"type": "Matrix2x2", "payoffs": [[[18.0,39.0],[24.0,53.0]],[[31.0,32.0],[24.0,19.0]]]},
"G90": {"type": "Matrix2x2", "payoffs": [[[1.0,11.0],[3.0,6.0]],[[3.0,8.0],[1.0,1.0]]]},
"G91": {"type": "Matrix2x2", "payoffs": [[[49.0,3.0],[10.0,0.0]],[[61.0,9.0],[54.0,9.0]]]},
"G92": {"type": "Matrix2x2", "payoffs": [[[5.0,29.0],[56.0,7.0]],[[14.0,30.0],[22.0,27.0]]]},
"G93": {"type": "Matrix2x2", "payoffs": [[[7.0,26.0],[8.0,28.0]],[[52.0,21.0],[31.0,4.0]]]},
"G94": {"type": "Matrix2x2", "payoffs": [[[9.0,20.0],[22.0,21.0]],[[25.0,37.0],[31.0,41.0]]]},
"G95": {"type": "Matrix2x2", "payoffs": [[[47.0,53.0],[7.0,45.0]],[[55.0,45.0],[23.0,33.0]]]},
"G96": {"type": "Matrix2x2", "payoffs": [[[8.0,0.0],[1.0,0.0]],[[4.0,3.0],[3.0,2.0]]]},
"G97": {"type": "Matrix2x2", "payoffs": [[[47.0,53.0],[30.0,6.0]],[[47.0,66.0],[19.0,1.0]]]},
"G98": {"type": "Matrix2x2", "payoffs": [[[27.0,52.0],[6.0,22.0]],[[10.0,39.0],[12.0,39.0]]]},
"G99": {"type": "Matrix2x2", "payoffs": [[[14.0,67.0],[9.0,63.0]],[[2.0,1.0],[13.0,20.0]]]},
"G100": {"type": "Matrix2x2", "payoffs": [[[31.0,39.0],[24.0,26.0]],[[15.0,54.0],[20.0,13.0]]]}
}