{
"numGames": 1000,
"G1": {"type": "Matrix2x2", "payoffs": [[[3.0,40.0],[3.0,28.0]],[[4.0,81.0],[6.0,55.0]]]},
"G2": {"type": "Matrix2x2", "payoffs": [[[61.0,37.0],[68.0,45.0]],[[36.0,17.0],[63.0,23.0]]]},
"G3": {"type": "Matrix2x2", "payoffs": [[[25.0,2.0],[5.0,3.0]],[[37.0,2.0],[50.0,3.0]]]},
"G4": {"type": "Matrix2x2", "payoffs": [[[91.0,59.0],[35.0,54.0]],[[65.0,95.0],[6.0,20.0]]]},
"G5": {"type": "Matrix2x2", "payoffs": [[[7.0,74.0],[11.0,25.0]],[[8.0,70.0],[9.0,88.0]]]},
"G6": {"type": "Matrix2x2", "payoffs": [[[0.0,5.0],[1.0,17.0]],[[1.0,4.0],[1.0,51.0]]]},
"G7": {"type": "Matrix2x2", "payoffs": [[[0.0,22.0],[0.0,18.0]],[[0.0,27.0],[0.0,24.0]]]},
"G8": {"type": "Matrix2x2", "payoffs": [[[37.0,27.0],[1.0,3.0]],[[46.0,3.0],[36.0,26.0]]]},
"G9": {"type": "Matrix2x2", "payoffs": [[[23.0,2.0],[28.0,8.0]],[[53.0,2.0],[56.0,25.0]]]},
"G10": {"type": "Matrix2x2", "payoffs": [[[31.0,7.0],[6.0,12.0]],[[55.0,4.0],[10.0,24.0]]]},
"G11": {"type": "Matrix2x2", "payoffs": [[[9.0,39.0],[44.0,6.0]],[[8.0,35.0],[12.0,7.0]]]},
"G12": {"type": "Matrix2x2", "payoffs": [[[11.0,9.0],[13.0,65.0]],[[1.0,70.0],[3.0,7.0]]]},
"G13": {"type": "Matrix2x2", "payoffs": [[[7.0,5.0],[7.0,23.0]],[[1.0,5.0],[7.0,14.0]]]},
"G14": {"type": "Matrix2x2", "payoffs": [[[66.0,43.0],[40.0,13.0]],[[49.0,11.0],[6.0,64.0]]]},
"G15": {"type": "Matrix2x2", "payoffs": [[[16.0,0.0],[19.0,0.0]],[[18.0,0.0],[6.0,0.0]]]},
"G16": {"type": "Matrix2x2", "payoffs": [[[13.0,26.0],[2.0,44.0]],[[40.0,39.0],[46.0,43.0]]]},
"G17": {"type": "Matrix2x2", "payoffs": [[[61.0,8.0],[34.0,33.0]],[[53.0,15.0],[17.0,13.0]]]},
"G18": {"type": "Matrix2x2", "payoffs": [[[7.0,1.0],[0.0,20.0]],[[16.0,44.0],[4.0,9.0]]]},
"G19": {"type": "Matrix2x2", "payoffs": [[[1.0,13.0],[4.0,31.0]],[[4.0,10.0],[3.0,11.0]]]},
"G20": {"type": "Matrix2x2", "payoffs": [[[16.0,71.0],[28.0,83.0]],[[26.0,23.0],[36.0,23.0]]]},
"G21": {"type": "Matrix2x2", "payoffs": [[[10.0,31.0],[23.0,55.0]],[[30.0,77.0],[2.0,73.0]]]},
"G22": {"type": "Matrix2x2", "payoffs": [[[5.0,26.0],[63.0,1.0]],[[51.0,19.0],[22.0,15.0]]]},
"G23": {"type": "Matrix2x2", "payoffs": [[[17.0,32.0],[7.0,1.0]],[[73.0,20.0],[70.0,13.0]]]},
"G24": {"type": "Matrix2x2", "payoffs": [[[32.0,24.0],[65.0,17.0]],[[76.0,17.0],[67.0,14.0]]]},
"G25": {"type": "Matrix2x2", "payoffs": [[[48.0,8.0],[30.0,45.0]],[[82.0,8.0],[45.0,26.0]]]},
"G26": {"type": "Matrix2x2", "payoffs": [[[3.0,1.0],[1.0,8.0]],[[3.0,17.0],[3.0,7.0]]]},
"G27": {"type": "Matrix2x2", "payoffs": [[[2.0,5.0],[32.0,3.0]],[[16.0,4.0],[63.0,1.0]]]},
"G28": {"type": "Matrix2x2", "payoffs": [[[9.0,51.0],[42.0,40.0]],[[32.0,15.0],[72.0,4.0]]]},
"G29": {"type": "Matrix2x2", "payoffs": [[[27.0,73.0],[29.0,72.0]],[[49.0,54.0],[74.0,13.0]]]},
"G30": {"type": "Matrix2x2", "payoffs": [[[19.0,17.0],[25.0,52.0]],[[22.0,38.0],[5.0,46.0]]]},
"G31": {"type": "Matrix2x2", "payoffs": [[[10.0,13.0],[6.0,9.0]],[[13.0,15.0],[14.0,1.0]]]},
"G32": {"type": "Matrix2x2", "payoffs": [[[42.0,16.0],[20.0,21.0]],[[50.0,10.0],[38.0,37.0]]]},
"G33": {"type": "Matrix2x2", "payoffs": [[[6.0,23.0],[15.0,21.0]],[[14.0,19.0],[15.0,27.0]]]},
"G34": {"type": "Matrix2x2", "payoffs": [[[2.0,16.0],[29.0,15.0]],[[30.0,9.0],[4.0,12.0]]]},
"G35": {"type": "Matrix2x2", "payoffs": [[[19.0,0.0],[20.0,46.0]],[[10.0,11.0],[14.0,16.0]]]},
"G36": {"type": "Matrix2x2", "payoffs": [[[2.0,39.0],[6.0,36.0]],[[5.0,36.0],[5.0,49.0]]]},
"G37": {"type": "Matrix2x2", "payoffs": [[[1.0,19.0],[1.0,15.0]],[[2.0,2.0],[0.0,25.0]]]},
"G38": {"type": "Matrix2x2", "payoffs": [[[32.0,43.0],[23.0,40.0]],[[12.0,51.0],[71.0,74.0]]]},
"G39": {"type": "Matrix2x2", "payoffs": [[[1.0,66.0],[1.0,13.0]],[[2.0,52.0],[2.0,49.0]]]},
"G40": {"type": "Matrix2x2", "payoffs": [[[37.0,36.0],[14.0,56.0]],[[16.0,46.0],[47.0,78.0]]]},
"G41": {"type": "Matrix2x2", "payoffs": [[[9.0,15.0],[16.0,13.0]],[[12.0,8.0],[8.0,42.0]]]},
"G42": {"type": "Matrix2x2", "payoffs": [[[26.0,1.0],[52.0,1.0]],[[1.0,1.0],[45.0,0.0]]]},
"G43": {"type": "Matrix2x2", "payoffs": [[[55.0,6.0],[59.0,2.0]],[[62.0,3.0],[44.0,9.0]]]},
"G44": {"type": "Matrix2x2", "payoffs": [[[42.0,14.0],[59.0,2.0]],[[82.0,31.0],[51.0,57.0]]]},
"G45": {"type": "Matrix2x2", "payoffs": [[[24.0,22.0],[53.0,31.0]],[[4.0,6.0],[57.0,6.0]]]},
"G46": {"type": "Matrix2x2", "payoffs": [[[21.0,23.0],[10.0,48.0]],[[17.0,46.0],[13.0,42.0]]]},
"G47": {"type": "Matrix2x2", "payoffs": [[[6.0,49.0],[13.0,13.0]],[[13.0,16.0],[9.0,90.0]]]},
"G48": {"type": "Matrix2x2", "payoffs": [[[26.0,6.0],[47.0,2.0]],[[74.0,7.0],[73.0,7.0]]]},
"G49": {"type": "Matrix2x2", "payoffs": [[[1.0,57.0],[9.0,36.0]],[[12.0,37.0],[6.0,54.0]]]},
"G50": {"type": "Matrix2x2", "payoffs": [[[52.0,15.0],[21.0,29.0]],[[11.0,2.0],[49.0,32.0]]]},
"G51": {"type": "Matrix2x2", "payoffs": [[[50.0,36.0],[8.0,16.0]],[[33.0,43.0],[8.0,2.0]]]},
"G52": {"type": "Matrix2x2", "payoffs": [[[5.0,42.0],[6.0,18.0]],[[0.0,55.0],[1.0,40.0]]]},
"G53": {"type": "Matrix2x2", "payoffs": [[[51.0,15.0],[54.0,2.0]],[[43.0,25.0],[46.0,31.0]]]},
"G54": {"type": "Matrix2x2", "payoffs": [[[18.0,17.0],[25.0,12.0]],[[27.0,6.0],[20.0,1.0]]]},
"G55": {"type": "Matrix2x2", "payoffs": [[[6.0,5.0],[39.0,22.0]],[[68.0,11.0],[35.0,6.0]]]},
"G56": {"type": "Matrix2x2", "payoffs": [[[45.0,61.0],[48.0,59.0]],[[18.0,91.0],[73.0,2.0]]]},
"G57": {"type": "Matrix2x2", "payoffs": [[[10.0,14.0],[4.0,30.0]],[[9.0,51.0],[34.0,52.0]]]},
"G58": {"type": "Matrix2x2", "payoffs": [[[22.0,4.0],[15.0,3.0]],[[10.0,13.0],[7.0,6.0]]]},
"G59": {"type": "Matrix2x2", "payoffs": [[[1.0,43.0],[2.0,8.0]],[[2.0,70.0],[3.0,22.0]]]},
"G60": {"type": "Matrix2x2", "payoffs": [[[39.0,28.0],[15.0,34.0]],[[21.0,24.0],[29.0,19.0]]]},
"G61": {"type": "Matrix2x2", "payoffs": [[[4.0,3.0],[26.0,31.0]],[[17.0,33.0],[42.0,71.0]]]},
"G62": {"type": "Matrix2x2", "payoffs": [[[17.0,8.0],[4.0,2.0]],[[8.0,1.0],[8.0,11.0]]]},
"G63": {"type": "Matrix2x2", "payoffs": [[[31.0,40.0],[31.0,22.0]],[[14.0,22.0],[5.0,1.0]]]},
"G64": {"type": "Matrix2x2", "payoffs": [[[27.0,15.0],[9.0,20.0]],[[49.0,15.0],[76.0,8.0]]]},
"G65": {"type": "Matrix2x2", "payoffs": [[[7.0,36.0],[2.0,47.0]],[[3.0,26.0],[7.0,15.0]]]},
"G66": {"type": "Matrix2x2", "payoffs": [[[6.0,84.0],[2.0,73.0]],[[5.0,23.0],[5.0,64.0]]]},
"G67": {"type": "Matrix2x2", "payoffs": [[[1.0,46.0],[0.0,53.0]],[[4.0,16.0],[9.0,8.0]]]},
"G68": {"type": "Matrix2x2", "payoffs": [[[44.0,42.0],[18.0,32.0]],[[19.0,64.0],[49.0,44.0]]]},
"G69": {"type": "Matrix2x2", "payoffs": [[[21.0,18.0],[28.0,27.0]],[[15.0,85.0],[23.0,27.0]]]},
"G70": {"type": "Matrix2x2", "payoffs": [[[8.0,38.0],[19.0,39.0]],[[20.0,16.0],[23.0,33.0]]]},
"G71": {"type": "Matrix2x2", "payoffs": [[[21.0,9.0],[3.0,5.0]],[[9.0,3.0],[13.0,17.0]]]},
"G72": {"type": "Matrix2x2", "payoffs": [[[6.0,28.0],[66.0,23.0]],[[37.0,21.0],[35.0,11.0]]]},
"G73": {"type": "Matrix2x2", "payoffs": [[[28.0,32.0],[6.0,38.0]],[[32.0,81.0],[50.0,60.0]]]},
"G74": {"type": "Matrix2x2", "payoffs": [[[6.0,75.0],[10.0,9.0]],[[3.0,18.0],[4.0,2.0]]]},
"G75": {"type": "Matrix2x2", "payoffs": [[[71.0,3.0],[35.0,9.0]],[[42.0,2.0],[45.0,7.0]]]},
"G76": {"type": "Matrix2x2", "payoffs": [[[2.0,40.0],[1.0,35.0]],[[2.0,36.0],[1.0,57.0]]]},
"G77": {"type": "Matrix2x2", "payoffs": [[[2.0,13.0],[16.0,20.0]],[[17.0,28.0],[8.0,53.0]]]},
"G78": {"type": "Matrix2x2", "payoffs": [[[0.0,51.0],[10.0,39.0]],[[16.0,17.0],[13.0,55.0]]]},
"G79": {"type": "Matrix2x2", "payoffs": [[[2.0,15.0],[7.0,5.0]],[[2.0,15.0],[6.0,2.0]]]},
"G80": {"type": "Matrix2x2", "payoffs": [[[31.0,65.0],[23.0,65.0]],[[6.0,80.0],[34.0,21.0]]]},
"G81": {"type": "Matrix2x2", "payoffs": [[[4.0,33.0],[5.0,12.0]],[[0.0,16.0],[8.0,23.0]]]},
"G82": {"type": "Matrix2x2", "payoffs": [[[73.0,93.0],[15.0,14.0]],[[50.0,49.0],[12.0,1.0]]]},
"G83": {"type": "Matrix2x2", "payoffs": [[[4.0,7.0],[8.0,7.0]],[[6.0,17.0],[3.0,1.0]]]},
"G84": {"type": "Matrix2x2", "payoffs": [[[78.0,3.0],[41.0,4.0]],[[68.0,10.0],[56.0,4.0]]]},
"G85": {"type": "Matrix2x2", "payoffs": [[[35.0,19.0],[68.0,11.0]],[[29.0,23.0],[2.0,26.0]]]},
"G86": {"type": "Matrix2x2", "payoffs": [[[17.0,91.0],[1.0,38.0]],[[8.0,21.0],[12.0,85.0]]]},
"G87": {"type": "Matrix2x2", "payoffs": [[[16.0,10.0],[19.0,31.0]],[[0.0,42.0],[7.0,36.0]]]},
"G88": {"type": "Matrix2x2", "payoffs": [[[43.0,19.0],[86.0,0.0]],[[87.0,37.0],[35.0,42.0]]]},
"G89": {"type": "Matrix2x2", "payoffs": [[[23.0,14.0],[13.0,4.0]],[[4.0,1.0],[11.0,4.0]]]},
"G90": {"type": "Matrix2x2", "payoffs": [[[39.0,2.0],[68.0,1.0]],[[20.0,1.0],[70.0,2.0]]]},
"G91": {"type": "Matrix2x2", "payoffs": [[[10.0,20.0],[8.0,29.0]],[[88.0,26.0],[34.0,45.0]]]},
"G92": {"type": "Matrix2x2", "payoffs": [[[15.0,22.0],[16.0,46.0]],[[60.0,56.0],[33.0,22.0]]]},
"G93": {"type": "Matrix2x2", "payoffs": [[[0.0,8.0],[1.0,3.0]],[[1.0,10.0],[5.0,17.0]]]},
"G94": {"type": "Matrix2x2", "payoffs": [[[10.0,4.0],[32.0,11.0]],[[3.0,10.0],[12.0,3.0]]]},
"G95": {"type": "Matrix2x2", "payoffs": [[[69.0,5.0],[77.0,36.0]],[[1.0,31.0],[69.0,18.0]]]},
"G96": {"type": "Matrix2x2", "payoffs": [[[26.0,57.0],[30.0,34.0]],[[4.0,59.0],[29.0,72.0]]]},
"G97": {"type": "Matrix2x2", "payoffs": [[[20.0,1.0],[47.0,1.0]],[[79.0,2.0],[40.0,1.0]]]},
"G98": {"type": "Matrix2x2", "payoffs": [[[1.0,22.0],[7.0,7.0]],[[9.0,40.0],[0.0,20.0]]]},
"G99": {"type": "Matrix2x2", "payoffs": [[[1.0,4.0],[2.0,12.0]],[[1.0,15.0],[1.0,11.0]]]},
"G100": {"type": "Matrix2x2", "payoffs": [[[2.0,24.0],[0.0,34.0]],[[3.0,7.0],[4.0,36.0]]]},
"G101": {"type": "Matrix2x2", "payoffs": [[[55.0,23.0],[63.0,3.0]],[[49.0,3.0],[71.0,42.0]]]},
"G102": {"type": "Matrix2x2", "payoffs": [[[19.0,3.0],[7.0,0.0]],[[34.0,2.0],[52.0,1.0]]]},
"G103": {"type": "Matrix2x2", "payoffs": [[[37.0,15.0],[69.0,23.0]],[[23.0,27.0],[27.0,39.0]]]},
"G104": {"type": "Matrix2x2", "payoffs": [[[58.0,13.0],[64.0,42.0]],[[29.0,40.0],[33.0,23.0]]]},
"G105": {"type": "Matrix2x2", "payoffs": [[[14.0,26.0],[10.0,5.0]],[[23.0,4.0],[45.0,15.0]]]},
"G106": {"type": "Matrix2x2", "payoffs": [[[0.0,24.0],[1.0,89.0]],[[4.0,2.0],[3.0,88.0]]]},
"G107": {"type": "Matrix2x2", "payoffs": [[[48.0,6.0],[39.0,2.0]],[[25.0,10.0],[21.0,40.0]]]},
"G108": {"type": "Matrix2x2", "payoffs": [[[36.0,19.0],[7.0,8.0]],[[42.0,4.0],[29.0,12.0]]]},
"G109": {"type": "Matrix2x2", "payoffs": [[[2.0,6.0],[15.0,28.0]],[[3.0,20.0],[34.0,3.0]]]},
"G110": {"type": "Matrix2x2", "payoffs": [[[3.0,1.0],[32.0,2.0]],[[40.0,1.0],[26.0,1.0]]]},
"G111": {"type": "Matrix2x2", "payoffs": [[[33.0,27.0],[4.0,32.0]],[[3.0,23.0],[3.0,7.0]]]},
"G112": {"type": "Matrix2x2", "payoffs": [[[1.0,23.0],[1.0,29.0]],[[2.0,63.0],[1.0,61.0]]]},
"G113": {"type": "Matrix2x2", "payoffs": [[[3.0,33.0],[5.0,63.0]],[[8.0,24.0],[2.0,15.0]]]},
"G114": {"type": "Matrix2x2", "payoffs": [[[1.0,3.0],[0.0,24.0]],[[1.0,37.0],[2.0,17.0]]]},
"G115": {"type": "Matrix2x2", "payoffs": [[[50.0,16.0],[40.0,8.0]],[[20.0,15.0],[63.0,6.0]]]},
"G116": {"type": "Matrix2x2", "payoffs": [[[1.0,81.0],[1.0,81.0]],[[0.0,43.0],[1.0,45.0]]]},
"G117": {"type": "Matrix2x2", "payoffs": [[[8.0,23.0],[41.0,47.0]],[[25.0,49.0],[0.0,2.0]]]},
"G118": {"type": "Matrix2x2", "payoffs": [[[40.0,57.0],[7.0,76.0]],[[62.0,44.0],[53.0,40.0]]]},
"G119": {"type": "Matrix2x2", "payoffs": [[[19.0,71.0],[24.0,77.0]],[[48.0,12.0],[11.0,34.0]]]},
"G120": {"type": "Matrix2x2", "payoffs": [[[16.0,15.0],[18.0,5.0]],[[46.0,19.0],[8.0,6.0]]]},
"G121": {"type": "Matrix2x2", "payoffs": [[[22.0,67.0],[3.0,55.0]],[[65.0,14.0],[53.0,57.0]]]},
"G122": {"type": "Matrix2x2", "payoffs": [[[14.0,10.0],[46.0,7.0]],[[52.0,13.0],[30.0,7.0]]]},
"G123": {"type": "Matrix2x2", "payoffs": [[[4.0,65.0],[10.0,0.0]],[[8.0,55.0],[50.0,49.0]]]},
"G124": {"type": "Matrix2x2", "payoffs": [[[17.0,41.0],[31.0,12.0]],[[15.0,35.0],[26.0,21.0]]]},
"G125": {"type": "Matrix2x2", "payoffs": [[[11.0,1.0],[11.0,15.0]],[[16.0,3.0],[5.0,12.0]]]},
"G126": {"type": "Matrix2x2", "payoffs": [[[54.0,6.0],[16.0,25.0]],[[4.0,19.0],[47.0,11.0]]]},
"G127": {"type": "Matrix2x2", "payoffs": [[[9.0,9.0],[7.0,6.0]],[[4.0,10.0],[11.0,7.0]]]},
"G128": {"type": "Matrix2x2", "payoffs": [[[70.0,4.0],[48.0,4.0]],[[35.0,0.0],[35.0,1.0]]]},
"G129": {"type": "Matrix2x2", "payoffs": [[[56.0,36.0],[1.0,13.0]],[[77.0,21.0],[14.0,20.0]]]},
"G130": {"type": "Matrix2x2", "payoffs": [[[2.0,65.0],[9.0,55.0]],[[7.0,14.0],[16.0,4.0]]]},
"G131": {"type": "Matrix2x2", "payoffs": [[[7.0,22.0],[31.0,4.0]],[[18.0,35.0],[15.0,3.0]]]},
"G132": {"type": "Matrix2x2", "payoffs": [[[7.0,83.0],[11.0,60.0]],[[11.0,45.0],[0.0,72.0]]]},
"G133": {"type": "Matrix2x2", "payoffs": [[[3.0,9.0],[14.0,9.0]],[[11.0,1.0],[14.0,9.0]]]},
"G134": {"type": "Matrix2x2", "payoffs": [[[19.0,58.0],[11.0,8.0]],[[64.0,4.0],[13.0,11.0]]]},
"G135": {"type": "Matrix2x2", "payoffs": [[[7.0,12.0],[28.0,8.0]],[[15.0,12.0],[1.0,8.0]]]},
"G136": {"type": "Matrix2x2", "payoffs": [[[10.0,3.0],[7.0,16.0]],[[13.0,10.0],[15.0,16.0]]]},
"G137": {"type": "Matrix2x2", "payoffs": [[[2.0,58.0],[3.0,21.0]],[[1.0,40.0],[4.0,55.0]]]},
"G138": {"type": "Matrix2x2", "payoffs": [[[9.0,39.0],[1.0,50.0]],[[15.0,29.0],[11.0,13.0]]]},
"G139": {"type": "Matrix2x2", "payoffs": [[[5.0,40.0],[41.0,47.0]],[[31.0,14.0],[21.0,46.0]]]},
"G140": {"type": "Matrix2x2", "payoffs": [[[86.0,7.0],[4.0,13.0]],[[44.0,6.0],[25.0,21.0]]]},
"G141": {"type": "Matrix2x2", "payoffs": [[[3.0,21.0],[38.0,33.0]],[[24.0,4.0],[35.0,17.0]]]},
"G142": {"type": "Matrix2x2", "payoffs": [[[27.0,28.0],[66.0,6.0]],[[4.0,8.0],[84.0,39.0]]]},
"G143": {"type": "Matrix2x2", "payoffs": [[[5.0,16.0],[13.0,1.0]],[[10.0,3.0],[5.0,18.0]]]},
"G144": {"type": "Matrix2x2", "payoffs": [[[67.0,8.0],[68.0,1.0]],[[51.0,22.0],[45.0,4.0]]]},
"G145": {"type": "Matrix2x2", "payoffs": [[[7.0,28.0],[10.0,60.0]],[[23.0,52.0],[10.0,48.0]]]},
"G146": {"type": "Matrix2x2", "payoffs": [[[2.0,55.0],[0.0,45.0]],[[3.0,1.0],[8.0,35.0]]]},
"G147": {"type": "Matrix2x2", "payoffs": [[[37.0,1.0],[29.0,52.0]],[[8.0,30.0],[7.0,32.0]]]},
"G148": {"type": "Matrix2x2", "payoffs": [[[2.0,42.0],[0.0,14.0]],[[2.0,27.0],[2.0,38.0]]]},
"G149": {"type": "Matrix2x2", "payoffs": [[[59.0,1.0],[45.0,3.0]],[[21.0,15.0],[13.0,3.0]]]},
"G150": {"type": "Matrix2x2", "payoffs": [[[54.0,61.0],[51.0,69.0]],[[55.0,40.0],[70.0,46.0]]]},
"G151": {"type": "Matrix2x2", "payoffs": [[[12.0,4.0],[17.0,20.0]],[[12.0,58.0],[3.0,30.0]]]},
"G152": {"type": "Matrix2x2", "payoffs": [[[37.0,78.0],[24.0,23.0]],[[2.0,67.0],[7.0,46.0]]]},
"G153": {"type": "Matrix2x2", "payoffs": [[[40.0,12.0],[76.0,11.0]],[[2.0,6.0],[64.0,29.0]]]},
"G154": {"type": "Matrix2x2", "payoffs": [[[0.0,8.0],[11.0,13.0]],[[60.0,4.0],[41.0,10.0]]]},
"G155": {"type": "Matrix2x2", "payoffs": [[[38.0,40.0],[19.0,16.0]],[[16.0,27.0],[4.0,2.0]]]},
"G156": {"type": "Matrix2x2", "payoffs": [[[20.0,18.0],[77.0,12.0]],[[56.0,4.0],[36.0,20.0]]]},
"G157": {"type": "Matrix2x2", "payoffs": [[[37.0,47.0],[35.0,26.0]],[[67.0,19.0],[40.0,58.0]]]},
"G158": {"type": "Matrix2x2", "payoffs": [[[39.0,29.0],[15.0,37.0]],[[20.0,12.0],[11.0,49.0]]]},
"G159": {"type": "Matrix2x2", "payoffs": [[[3.0,9.0],[15.0,32.0]],[[17.0,50.0],[12.0,34.0]]]},
"G160": {"type": "Matrix2x2", "payoffs": [[[53.0,29.0],[24.0,21.0]],[[43.0,9.0],[57.0,44.0]]]},
"G161": {"type": "Matrix2x2", "payoffs": [[[7.0,61.0],[21.0,77.0]],[[10.0,90.0],[5.0,18.0]]]},
"G162": {"type": "Matrix2x2", "payoffs": [[[0.0,12.0],[0.0,3.0]],[[0.0,15.0],[0.0,10.0]]]},
"G163": {"type": "Matrix2x2", "payoffs": [[[58.0,76.0],[69.0,24.0]],[[38.0,8.0],[18.0,19.0]]]},
"G164": {"type": "Matrix2x2", "payoffs": [[[76.0,68.0],[16.0,43.0]],[[65.0,36.0],[33.0,41.0]]]},
"G165": {"type": "Matrix2x2", "payoffs": [[[0.0,65.0],[0.0,35.0]],[[0.0,10.0],[0.0,57.0]]]},
"G166": {"type": "Matrix2x2", "payoffs": [[[19.0,11.0],[22.0,6.0]],[[1.0,3.0],[1.0,10.0]]]},
"G167": {"type": "Matrix2x2", "payoffs": [[[65.0,19.0],[33.0,22.0]],[[2.0,21.0],[65.0,39.0]]]},
"G168": {"type": "Matrix2x2", "payoffs": [[[5.0,5.0],[10.0,15.0]],[[1.0,31.0],[7.0,64.0]]]},
"G169": {"type": "Matrix2x2", "payoffs": [[[2.0,0.0],[1.0,0.0]],[[4.0,1.0],[2.0,0.0]]]},
"G170": {"type": "Matrix2x2", "payoffs": [[[35.0,9.0],[22.0,34.0]],[[2.0,2.0],[15.0,50.0]]]},
"G171": {"type": "Matrix2x2", "payoffs": [[[53.0,27.0],[73.0,24.0]],[[54.0,41.0],[13.0,42.0]]]},
"G172": {"type": "Matrix2x2", "payoffs": [[[43.0,56.0],[29.0,57.0]],[[27.0,61.0],[41.0,29.0]]]},
"G173": {"type": "Matrix2x2", "payoffs": [[[4.0,6.0],[5.0,20.0]],[[2.0,19.0],[7.0,16.0]]]},
"G174": {"type": "Matrix2x2", "payoffs": [[[5.0,18.0],[3.0,73.0]],[[4.0,36.0],[2.0,64.0]]]},
"G175": {"type": "Matrix2x2", "payoffs": [[[24.0,25.0],[49.0,5.0]],[[20.0,26.0],[59.0,26.0]]]},
"G176": {"type": "Matrix2x2", "payoffs": [[[17.0,15.0],[20.0,13.0]],[[27.0,54.0],[8.0,77.0]]]},
"G177": {"type": "Matrix2x2", "payoffs": [[[26.0,62.0],[1.0,84.0]],[[23.0,75.0],[25.0,25.0]]]},
"G178": {"type": "Matrix2x2", "payoffs": [[[5.0,26.0],[1.0,5.0]],[[6.0,41.0],[6.0,24.0]]]},
"G179": {"type": "Matrix2x2", "payoffs": [[[1.0,6.0],[6.0,18.0]],[[6.0,19.0],[6.0,9.0]]]},
"G180": {"type": "Matrix2x2", "payoffs": [[[13.0,2.0],[45.0,3.0]],[[6.0,1.0],[13.0,1.0]]]},
"G181": {"type": "Matrix2x2", "payoffs": [[[12.0,13.0],[19.0,1.0]],[[6.0,59.0],[24.0,80.0]]]},
"G182": {"type": "Matrix2x2", "payoffs": [[[1.0,25.0],[9.0,22.0]],[[6.0,63.0],[3.0,77.0]]]},
"G183": {"type": "Matrix2x2", "payoffs": [[[50.0,16.0],[60.0,78.0]],[[65.0,74.0],[32.0,44.0]]]},
"G184": {"type": "Matrix2x2", "payoffs": [[[33.0,2.0],[9.0,1.0]],[[21.0,0.0],[15.0,3.0]]]},
"G185": {"type": "Matrix2x2", "payoffs": [[[23.0,35.0],[29.0,21.0]],[[35.0,9.0],[56.0,3.0]]]},
"G186": {"type": "Matrix2x2", "payoffs": [[[40.0,1.0],[54.0,7.0]],[[57.0,6.0],[87.0,6.0]]]},
"G187": {"type": "Matrix2x2", "payoffs": [[[22.0,21.0],[57.0,2.0]],[[9.0,5.0],[35.0,15.0]]]},
"G188": {"type": "Matrix2x2", "payoffs": [[[4.0,69.0],[16.0,10.0]],[[4.0,55.0],[17.0,43.0]]]},
"G189": {"type": "Matrix2x2", "payoffs": [[[13.0,22.0],[6.0,37.0]],[[0.0,57.0],[22.0,63.0]]]},
"G190": {"type": "Matrix2x2", "payoffs": [[[35.0,2.0],[32.0,34.0]],[[4.0,32.0],[32.0,16.0]]]},
"G191": {"type": "Matrix2x2", "payoffs": [[[4.0,13.0],[4.0,14.0]],[[1.0,6.0],[4.0,15.0]]]},
"G192": {"type": "Matrix2x2", "payoffs": [[[63.0,10.0],[19.0,0.0]],[[44.0,21.0],[74.0,24.0]]]},
"G193": {"type": "Matrix2x2", "payoffs": [[[39.0,83.0],[22.0,17.0]],[[5.0,26.0],[25.0,27.0]]]},
"G194": {"type": "Matrix2x2", "payoffs": [[[12.0,4.0],[3.0,14.0]],[[11.0,8.0],[23.0,21.0]]]},
"G195": {"type": "Matrix2x2", "payoffs": [[[8.0,25.0],[10.0,2.0]],[[19.0,26.0],[12.0,50.0]]]},
"G196": {"type": "Matrix2x2", "payoffs": [[[6.0,31.0],[22.0,18.0]],[[24.0,27.0],[9.0,5.0]]]},
"G197": {"type": "Matrix2x2", "payoffs": [[[29.0,33.0],[30.0,45.0]],[[17.0,87.0],[94.0,20.0]]]},
"G198": {"type": "Matrix2x2", "payoffs": [[[1.0,1.0],[1.0,15.0]],[[0.0,23.0],[1.0,3.0]]]},
"G199": {"type": "Matrix2x2", "payoffs": [[[88.0,21.0],[71.0,32.0]],[[93.0,9.0],[43.0,10.0]]]},
"G200": {"type": "Matrix2x2", "payoffs": [[[17.0,7.0],[3.0,9.0]],[[14.0,0.0],[26.0,18.0]]]},
"G201": {"type": "Matrix2x2", "payoffs": [[[59.0,7.0],[62.0,6.0]],[[48.0,27.0],[19.0,4.0]]]},
"G202": {"type": "Matrix2x2", "payoffs": [[[7.0,34.0],[3.0,85.0]],[[51.0,87.0],[12.0,19.0]]]},
"G203": {"type": "Matrix2x2", "payoffs": [[[25.0,1.0],[71.0,7.0]],[[65.0,1.0],[17.0,0.0]]]},
"G204": {"type": "Matrix2x2", "payoffs": [[[17.0,86.0],[14.0,67.0]],[[18.0,72.0],[7.0,45.0]]]},
"G205": {"type": "Matrix2x2", "payoffs": [[[14.0,47.0],[36.0,4.0]],[[6.0,49.0],[21.0,8.0]]]},
"G206": {"type": "Matrix2x2", "payoffs": [[[7.0,2.0],[31.0,4.0]],[[32.0,7.0],[53.0,6.0]]]},
"G207": {"type": "Matrix2x2", "payoffs": [[[5.0,4.0],[23.0,1.0]],[[44.0,7.0],[42.0,10.0]]]},
"G208": {"type": "Matrix2x2", "payoffs": [[[0.0,19.0],[1.0,22.0]],[[0.0,16.0],[0.0,1.0]]]},
"G209": {"type": "Matrix2x2", "payoffs": [[[5.0,76.0],[22.0,54.0]],[[24.0,66.0],[4.0,17.0]]]},
"G210": {"type": "Matrix2x2", "payoffs": [[[4.0,12.0],[55.0,12.0]],[[25.0,25.0],[68.0,24.0]]]},
"G211": {"type": "Matrix2x2", "payoffs": [[[3.0,50.0],[0.0,22.0]],[[10.0,47.0],[8.0,31.0]]]},
"G212": {"type": "Matrix2x2", "payoffs": [[[4.0,23.0],[36.0,35.0]],[[31.0,26.0],[26.0,2.0]]]},
"G213": {"type": "Matrix2x2", "payoffs": [[[22.0,65.0],[49.0,65.0]],[[62.0,48.0],[45.0,24.0]]]},
"G214": {"type": "Matrix2x2", "payoffs": [[[1.0,1.0],[42.0,10.0]],[[3.0,16.0],[31.0,22.0]]]},
"G215": {"type": "Matrix2x2", "payoffs": [[[40.0,31.0],[29.0,24.0]],[[17.0,8.0],[37.0,21.0]]]},
"G216": {"type": "Matrix2x2", "payoffs": [[[6.0,42.0],[30.0,1.0]],[[17.0,43.0],[39.0,48.0]]]},
"G217": {"type": "Matrix2x2", "payoffs": [[[8.0,27.0],[11.0,15.0]],[[12.0,57.0],[12.0,10.0]]]},
"G218": {"type": "Matrix2x2", "payoffs": [[[15.0,47.0],[60.0,43.0]],[[17.0,20.0],[19.0,32.0]]]},
"G219": {"type": "Matrix2x2", "payoffs": [[[24.0,1.0],[31.0,4.0]],[[35.0,1.0],[26.0,12.0]]]},
"G220": {"type": "Matrix2x2", "payoffs": [[[10.0,27.0],[40.0,9.0]],[[27.0,49.0],[42.0,14.0]]]},
"G221": {"type": "Matrix2x2", "payoffs": [[[2.0,69.0],[57.0,27.0]],[[31.0,54.0],[13.0,18.0]]]},
"G222": {"type": "Matrix2x2", "payoffs": [[[69.0,23.0],[17.0,23.0]],[[39.0,31.0],[33.0,26.0]]]},
"G223": {"type": "Matrix2x2", "payoffs": [[[48.0,2.0],[25.0,4.0]],[[3.0,22.0],[36.0,37.0]]]},
"G224": {"type": "Matrix2x2", "payoffs": [[[1.0,12.0],[5.0,49.0]],[[2.0,36.0],[8.0,51.0]]]},
"G225": {"type": "Matrix2x2", "payoffs": [[[33.0,16.0],[55.0,12.0]],[[45.0,5.0],[0.0,22.0]]]},
"G226": {"type": "Matrix2x2", "payoffs": [[[15.0,2.0],[64.0,4.0]],[[27.0,16.0],[68.0,11.0]]]},
"G227": {"type": "Matrix2x2", "payoffs": [[[59.0,12.0],[28.0,33.0]],[[40.0,22.0],[25.0,29.0]]]},
"G228": {"type": "Matrix2x2", "payoffs": [[[36.0,5.0],[17.0,2.0]],[[46.0,0.0],[37.0,6.0]]]},
"G229": {"type": "Matrix2x2", "payoffs": [[[29.0,23.0],[42.0,21.0]],[[8.0,30.0],[19.0,3.0]]]},
"G230": {"type": "Matrix2x2", "payoffs": [[[1.0,11.0],[38.0,11.0]],[[94.0,18.0],[88.0,24.0]]]},
"G231": {"type": "Matrix2x2", "payoffs": [[[52.0,4.0],[27.0,2.0]],[[18.0,9.0],[6.0,3.0]]]},
"G232": {"type": "Matrix2x2", "payoffs": [[[40.0,2.0],[32.0,0.0]],[[53.0,2.0],[37.0,1.0]]]},
"G233": {"type": "Matrix2x2", "payoffs": [[[9.0,2.0],[8.0,8.0]],[[2.0,10.0],[13.0,2.0]]]},
"G234": {"type": "Matrix2x2", "payoffs": [[[2.0,33.0],[2.0,9.0]],[[2.0,18.0],[2.0,12.0]]]},
"G235": {"type": "Matrix2x2", "payoffs": [[[11.0,14.0],[1.0,9.0]],[[56.0,7.0],[34.0,0.0]]]},
"G236": {"type": "Matrix2x2", "payoffs": [[[30.0,36.0],[8.0,29.0]],[[52.0,19.0],[49.0,22.0]]]},
"G237": {"type": "Matrix2x2", "payoffs": [[[6.0,1.0],[2.0,2.0]],[[3.0,7.0],[5.0,4.0]]]},
"G238": {"type": "Matrix2x2", "payoffs": [[[3.0,21.0],[0.0,20.0]],[[6.0,12.0],[7.0,77.0]]]},
"G239": {"type": "Matrix2x2", "payoffs": [[[21.0,47.0],[18.0,16.0]],[[0.0,39.0],[48.0,51.0]]]},
"G240": {"type": "Matrix2x2", "payoffs": [[[24.0,0.0],[10.0,5.0]],[[32.0,8.0],[50.0,9.0]]]},
"G241": {"type": "Matrix2x2", "payoffs": [[[20.0,5.0],[17.0,1.0]],[[29.0,2.0],[47.0,2.0]]]},
"G242": {"type": "Matrix2x2", "payoffs": [[[21.0,36.0],[8.0,14.0]],[[26.0,40.0],[20.0,22.0]]]},
"G243": {"type": "Matrix2x2", "payoffs": [[[5.0,5.0],[11.0,24.0]],[[19.0,24.0],[12.0,1.0]]]},
"G244": {"type": "Matrix2x2", "payoffs": [[[1.0,10.0],[1.0,5.0]],[[5.0,4.0],[2.0,1.0]]]},
"G245": {"type": "Matrix2x2", "payoffs": [[[82.0,3.0],[55.0,14.0]],[[4.0,4.0],[78.0,24.0]]]},
"G246": {"type": "Matrix2x2", "payoffs": [[[30.0,64.0],[2.0,12.0]],[[34.0,39.0],[19.0,97.0]]]},
"G247": {"type": "Matrix2x2", "payoffs": [[[24.0,23.0],[7.0,13.0]],[[52.0,20.0],[24.0,10.0]]]},
"G248": {"type": "Matrix2x2", "payoffs": [[[28.0,25.0],[46.0,27.0]],[[4.0,76.0],[57.0,67.0]]]},
"G249": {"type": "Matrix2x2", "payoffs": [[[8.0,33.0],[4.0,25.0]],[[15.0,17.0],[11.0,13.0]]]},
"G250": {"type": "Matrix2x2", "payoffs": [[[24.0,66.0],[36.0,39.0]],[[23.0,31.0],[38.0,49.0]]]},
"G251": {"type": "Matrix2x2", "payoffs": [[[12.0,7.0],[28.0,24.0]],[[8.0,6.0],[29.0,6.0]]]},
"G252": {"type": "Matrix2x2", "payoffs": [[[22.0,12.0],[66.0,11.0]],[[38.0,3.0],[64.0,13.0]]]},
"G253": {"type": "Matrix2x2", "payoffs": [[[61.0,79.0],[74.0,24.0]],[[4.0,43.0],[56.0,98.0]]]},
"G254": {"type": "Matrix2x2", "payoffs": [[[52.0,39.0],[23.0,49.0]],[[42.0,37.0],[47.0,37.0]]]},
"G255": {"type": "Matrix2x2", "payoffs": [[[0.0,25.0],[1.0,33.0]],[[2.0,9.0],[1.0,14.0]]]},
"G256": {"type": "Matrix2x2", "payoffs": [[[7.0,1.0],[4.0,2.0]],[[23.0,2.0],[56.0,2.0]]]},
"G257": {"type": "Matrix2x2", "payoffs": [[[30.0,4.0],[42.0,7.0]],[[5.0,15.0],[12.0,41.0]]]},
"G258": {"type": "Matrix2x2", "payoffs": [[[46.0,42.0],[22.0,56.0]],[[4.0,27.0],[59.0,52.0]]]},
"G259": {"type": "Matrix2x2", "payoffs": [[[35.0,9.0],[5.0,22.0]],[[61.0,6.0],[29.0,2.0]]]},
"G260": {"type": "Matrix2x2", "payoffs": [[[42.0,18.0],[13.0,4.0]],[[32.0,16.0],[28.0,9.0]]]},
"G261": {"type": "Matrix2x2", "payoffs": [[[21.0,18.0],[24.0,8.0]],[[8.0,13.0],[19.0,9.0]]]},
"G262": {"type": "Matrix2x2", "payoffs": [[[70.0,1.0],[34.0,2.0]],[[45.0,0.0],[11.0,1.0]]]},
"G263": {"type": "Matrix2x2", "payoffs": [[[39.0,4.0],[25.0,26.0]],[[52.0,4.0],[29.0,4.0]]]},
"G264": {"type": "Matrix2x2", "payoffs": [[[67.0,78.0],[28.0,30.0]],[[61.0,20.0],[3.0,5.0]]]},
"G265": {"type": "Matrix2x2", "payoffs": [[[23.0,1.0],[82.0,6.0]],[[2.0,10.0],[1.0,7.0]]]},
"G266": {"type": "Matrix2x2", "payoffs": [[[1.0,0.0],[0.0,3.0]],[[1.0,8.0],[2.0,8.0]]]},
"G267": {"type": "Matrix2x2", "payoffs": [[[0.0,20.0],[0.0,10.0]],[[0.0,16.0],[0.0,14.0]]]},
"G268": {"type": "Matrix2x2", "payoffs": [[[54.0,48.0],[13.0,43.0]],[[12.0,4.0],[46.0,28.0]]]},
"G269": {"type": "Matrix2x2", "payoffs": [[[2.0,25.0],[4.0,20.0]],[[1.0,18.0],[5.0,4.0]]]},
"G270": {"type": "Matrix2x2", "payoffs": [[[41.0,1.0],[70.0,2.0]],[[13.0,0.0],[50.0,4.0]]]},
"G271": {"type": "Matrix2x2", "payoffs": [[[38.0,47.0],[16.0,10.0]],[[14.0,66.0],[19.0,34.0]]]},
"G272": {"type": "Matrix2x2", "payoffs": [[[54.0,34.0],[45.0,4.0]],[[3.0,49.0],[8.0,20.0]]]},
"G273": {"type": "Matrix2x2", "payoffs": [[[56.0,32.0],[48.0,9.0]],[[0.0,25.0],[38.0,35.0]]]},
"G274": {"type": "Matrix2x2", "payoffs": [[[35.0,0.0],[33.0,36.0]],[[31.0,8.0],[10.0,34.0]]]},
"G275": {"type": "Matrix2x2", "payoffs": [[[14.0,67.0],[54.0,7.0]],[[60.0,11.0],[53.0,12.0]]]},
"G276": {"type": "Matrix2x2", "payoffs": [[[61.0,37.0],[55.0,24.0]],[[39.0,72.0],[15.0,43.0]]]},
"G277": {"type": "Matrix2x2", "payoffs": [[[4.0,0.0],[5.0,0.0]],[[13.0,0.0],[1.0,0.0]]]},
"G278": {"type": "Matrix2x2", "payoffs": [[[18.0,16.0],[16.0,18.0]],[[8.0,8.0],[4.0,5.0]]]},
"G279": {"type": "Matrix2x2", "payoffs": [[[24.0,27.0],[19.0,38.0]],[[22.0,36.0],[25.0,7.0]]]},
"G280": {"type": "Matrix2x2", "payoffs": [[[15.0,75.0],[14.0,57.0]],[[4.0,51.0],[16.0,70.0]]]},
"G281": {"type": "Matrix2x2", "payoffs": [[[82.0,27.0],[39.0,17.0]],[[37.0,3.0],[87.0,14.0]]]},
"G282": {"type": "Matrix2x2", "payoffs": [[[34.0,0.0],[0.0,2.0]],[[2.0,2.0],[15.0,2.0]]]},
"G283": {"type": "Matrix2x2", "payoffs": [[[10.0,51.0],[14.0,44.0]],[[15.0,51.0],[0.0,41.0]]]},
"G284": {"type": "Matrix2x2", "payoffs": [[[14.0,22.0],[65.0,67.0]],[[0.0,59.0],[55.0,73.0]]]},
"G285": {"type": "Matrix2x2", "payoffs": [[[19.0,28.0],[8.0,23.0]],[[51.0,4.0],[40.0,43.0]]]},
"G286": {"type": "Matrix2x2", "payoffs": [[[2.0,21.0],[3.0,28.0]],[[2.0,22.0],[3.0,8.0]]]},
"G287": {"type": "Matrix2x2", "payoffs": [[[50.0,11.0],[18.0,3.0]],[[99.0,3.0],[78.0,17.0]]]},
"G288": {"type": "Matrix2x2", "payoffs": [[[59.0,41.0],[1.0,65.0]],[[18.0,8.0],[37.0,16.0]]]},
"G289": {"type": "Matrix2x2", "payoffs": [[[29.0,33.0],[31.0,12.0]],[[18.0,9.0],[30.0,10.0]]]},
"G290": {"type": "Matrix2x2", "payoffs": [[[7.0,14.0],[64.0,56.0]],[[17.0,58.0],[53.0,18.0]]]},
"G291": {"type": "Matrix2x2", "payoffs": [[[4.0,30.0],[24.0,4.0]],[[6.0,26.0],[1.0,18.0]]]},
"G292": {"type": "Matrix2x2", "payoffs": [[[33.0,54.0],[19.0,27.0]],[[42.0,52.0],[33.0,17.0]]]},
"G293": {"type": "Matrix2x2", "payoffs": [[[73.0,40.0],[54.0,12.0]],[[62.0,9.0],[68.0,42.0]]]},
"G294": {"type": "Matrix2x2", "payoffs": [[[5.0,1.0],[47.0,2.0]],[[31.0,0.0],[23.0,0.0]]]},
"G295": {"type": "Matrix2x2", "payoffs": [[[15.0,41.0],[11.0,48.0]],[[26.0,15.0],[7.0,26.0]]]},
"G296": {"type": "Matrix2x2", "payoffs": [[[20.0,54.0],[22.0,57.0]],[[25.0,10.0],[35.0,67.0]]]},
"G297": {"type": "Matrix2x2", "payoffs": [[[15.0,51.0],[13.0,56.0]],[[26.0,23.0],[18.0,59.0]]]},
"G298": {"type": "Matrix2x2", "payoffs": [[[2.0,46.0],[0.0,23.0]],[[0.0,46.0],[1.0,35.0]]]},
"G299": {"type": "Matrix2x2", "payoffs": [[[12.0,9.0],[11.0,2.0]],[[5.0,2.0],[12.0,8.0]]]},
"G300": {"type": "Matrix2x2", "payoffs": [[[6.0,2.0],[17.0,1.0]],[[11.0,0.0],[13.0,0.0]]]},
"G301": {"type": "Matrix2x2", "payoffs": [[[14.0,11.0],[20.0,10.0]],[[13.0,7.0],[9.0,3.0]]]},
"G302": {"type": "Matrix2x2", "payoffs": [[[0.0,13.0],[0.0,27.0]],[[0.0,33.0],[0.0,24.0]]]},
"G303": {"type": "Matrix2x2", "payoffs": [[[75.0,8.0],[1.0,46.0]],[[56.0,29.0],[19.0,11.0]]]},
"G304": {"type": "Matrix2x2", "payoffs": [[[60.0,13.0],[40.0,11.0]],[[29.0,7.0],[41.0,17.0]]]},
"G305": {"type": "Matrix2x2", "payoffs": [[[0.0,58.0],[12.0,37.0]],[[26.0,24.0],[34.0,57.0]]]},
"G306": {"type": "Matrix2x2", "payoffs": [[[4.0,41.0],[5.0,18.0]],[[0.0,20.0],[6.0,13.0]]]},
"G307": {"type": "Matrix2x2", "payoffs": [[[17.0,31.0],[12.0,1.0]],[[17.0,29.0],[16.0,85.0]]]},
"G308": {"type": "Matrix2x2", "payoffs": [[[3.0,0.0],[3.0,0.0]],[[11.0,0.0],[3.0,0.0]]]},
"G309": {"type": "Matrix2x2", "payoffs": [[[7.0,71.0],[5.0,6.0]],[[8.0,85.0],[33.0,29.0]]]},
"G310": {"type": "Matrix2x2", "payoffs": [[[10.0,31.0],[78.0,46.0]],[[34.0,5.0],[70.0,51.0]]]},
"G311": {"type": "Matrix2x2", "payoffs": [[[4.0,29.0],[19.0,37.0]],[[12.0,59.0],[28.0,34.0]]]},
"G312": {"type": "Matrix2x2", "payoffs": [[[62.0,13.0],[19.0,14.0]],[[52.0,30.0],[71.0,45.0]]]},
"G313": {"type": "Matrix2x2", "payoffs": [[[15.0,11.0],[48.0,33.0]],[[2.0,11.0],[62.0,10.0]]]},
"G314": {"type": "Matrix2x2", "payoffs": [[[10.0,34.0],[75.0,65.0]],[[14.0,19.0],[14.0,89.0]]]},
"G315": {"type": "Matrix2x2", "payoffs": [[[9.0,53.0],[8.0,41.0]],[[7.0,15.0],[1.0,26.0]]]},
"G316": {"type": "Matrix2x2", "payoffs": [[[5.0,45.0],[13.0,45.0]],[[1.0,65.0],[20.0,31.0]]]},
"G317": {"type": "Matrix2x2", "payoffs": [[[35.0,39.0],[33.0,23.0]],[[11.0,16.0],[25.0,39.0]]]},
"G318": {"type": "Matrix2x2", "payoffs": [[[41.0,8.0],[20.0,17.0]],[[21.0,29.0],[35.0,16.0]]]},
"G319": {"type": "Matrix2x2", "payoffs": [[[0.0,8.0],[54.0,41.0]],[[36.0,15.0],[28.0,84.0]]]},
"G320": {"type": "Matrix2x2", "payoffs": [[[55.0,37.0],[51.0,34.0]],[[55.0,20.0],[62.0,21.0]]]},
"G321": {"type": "Matrix2x2", "payoffs": [[[20.0,35.0],[2.0,38.0]],[[29.0,68.0],[40.0,17.0]]]},
"G322": {"type": "Matrix2x2", "payoffs": [[[2.0,60.0],[2.0,84.0]],[[3.0,21.0],[1.0,82.0]]]},
"G323": {"type": "Matrix2x2", "payoffs": [[[9.0,23.0],[10.0,10.0]],[[1.0,27.0],[7.0,22.0]]]},
"G324": {"type": "Matrix2x2", "payoffs": [[[12.0,52.0],[30.0,50.0]],[[4.0,29.0],[11.0,44.0]]]},
"G325": {"type": "Matrix2x2", "payoffs": [[[10.0,75.0],[30.0,33.0]],[[0.0,6.0],[40.0,80.0]]]},
"G326": {"type": "Matrix2x2", "payoffs": [[[10.0,6.0],[7.0,78.0]],[[15.0,31.0],[9.0,26.0]]]},
"G327": {"type": "Matrix2x2", "payoffs": [[[3.0,28.0],[26.0,72.0]],[[16.0,28.0],[8.0,45.0]]]},
"G328": {"type": "Matrix2x2", "payoffs": [[[41.0,9.0],[6.0,12.0]],[[56.0,9.0],[73.0,1.0]]]},
"G329": {"type": "Matrix2x2", "payoffs": [[[43.0,42.0],[13.0,6.0]],[[16.0,18.0],[43.0,35.0]]]},
"G330": {"type": "Matrix2x2", "payoffs": [[[32.0,1.0],[10.0,5.0]],[[13.0,16.0],[45.0,3.0]]]},
"G331": {"type": "Matrix2x2", "payoffs": [[[26.0,13.0],[22.0,19.0]],[[48.0,85.0],[26.0,13.0]]]},
"G332": {"type": "Matrix2x2", "payoffs": [[[25.0,39.0],[22.0,66.0]],[[29.0,23.0],[2.0,40.0]]]},
"G333": {"type": "Matrix2x2", "payoffs": [[[70.0,4.0],[29.0,14.0]],[[87.0,4.0],[4.0,1.0]]]},
"G334": {"type": "Matrix2x2", "payoffs": [[[13.0,34.0],[5.0,44.0]],[[5.0,76.0],[8.0,25.0]]]},
"G335": {"type": "Matrix2x2", "payoffs": [[[39.0,4.0],[28.0,2.0]],[[18.0,1.0],[37.0,20.0]]]},
"G336": {"type": "Matrix2x2", "payoffs": [[[30.0,29.0],[16.0,40.0]],[[78.0,45.0],[4.0,6.0]]]},
"G337": {"type": "Matrix2x2", "payoffs": [[[3.0,41.0],[11.0,27.0]],[[1.0,32.0],[11.0,34.0]]]},
"G338": {"type": "Matrix2x2", "payoffs": [[[31.0,23.0],[15.0,11.0]],[[10.0,30.0],[93.0,5.0]]]},
"G339": {"type": "Matrix2x2", "payoffs": [[[21.0,15.0],[39.0,8.0]],[[60.0,12.0],[97.0,24.0]]]},
"G340": {"type": "Matrix2x2", "payoffs": [[[3.0,19.0],[8.0,26.0]],[[5.0,32.0],[23.0,13.0]]]},
"G341": {"type": "Matrix2x2", "payoffs": [[[9.0,6.0],[1.0,6.0]],[[0.0,4.0],[19.0,7.0]]]},
"G342": {"type": "Matrix2x2", "payoffs": [[[44.0,10.0],[68.0,23.0]],[[17.0,48.0],[42.0,39.0]]]},
"G343": {"type": "Matrix2x2", "payoffs": [[[38.0,20.0],[46.0,13.0]],[[16.0,35.0],[23.0,30.0]]]},
"G344": {"type": "Matrix2x2", "payoffs": [[[40.0,4.0],[11.0,14.0]],[[47.0,15.0],[52.0,14.0]]]},
"G345": {"type": "Matrix2x2", "payoffs": [[[30.0,3.0],[26.0,6.0]],[[28.0,6.0],[28.0,4.0]]]},
"G346": {"type": "Matrix2x2", "payoffs": [[[9.0,9.0],[31.0,28.0]],[[26.0,21.0],[65.0,45.0]]]},
"G347": {"type": "Matrix2x2", "payoffs": [[[7.0,12.0],[8.0,25.0]],[[30.0,15.0],[57.0,23.0]]]},
"G348": {"type": "Matrix2x2", "payoffs": [[[0.0,28.0],[23.0,17.0]],[[54.0,8.0],[12.0,31.0]]]},
"G349": {"type": "Matrix2x2", "payoffs": [[[32.0,44.0],[35.0,4.0]],[[40.0,17.0],[37.0,57.0]]]},
"G350": {"type": "Matrix2x2", "payoffs": [[[13.0,3.0],[29.0,0.0]],[[24.0,1.0],[23.0,1.0]]]},
"G351": {"type": "Matrix2x2", "payoffs": [[[1.0,66.0],[0.0,36.0]],[[9.0,51.0],[7.0,83.0]]]},
"G352": {"type": "Matrix2x2", "payoffs": [[[6.0,21.0],[0.0,53.0]],[[7.0,27.0],[3.0,61.0]]]},
"G353": {"type": "Matrix2x2", "payoffs": [[[22.0,28.0],[12.0,21.0]],[[21.0,17.0],[23.0,9.0]]]},
"G354": {"type": "Matrix2x2", "payoffs": [[[87.0,17.0],[83.0,23.0]],[[19.0,16.0],[71.0,29.0]]]},
"G355": {"type": "Matrix2x2", "payoffs": [[[84.0,1.0],[56.0,1.0]],[[86.0,0.0],[76.0,0.0]]]},
"G356": {"type": "Matrix2x2", "payoffs": [[[3.0,0.0],[16.0,4.0]],[[15.0,4.0],[5.0,4.0]]]},
"G357": {"type": "Matrix2x2", "payoffs": [[[52.0,31.0],[7.0,23.0]],[[16.0,3.0],[75.0,29.0]]]},
"G358": {"type": "Matrix2x2", "payoffs": [[[11.0,61.0],[41.0,61.0]],[[37.0,13.0],[50.0,8.0]]]},
"G359": {"type": "Matrix2x2", "payoffs": [[[4.0,13.0],[3.0,57.0]],[[5.0,55.0],[2.0,32.0]]]},
"G360": {"type": "Matrix2x2", "payoffs": [[[0.0,65.0],[0.0,39.0]],[[0.0,18.0],[0.0,46.0]]]},
"G361": {"type": "Matrix2x2", "payoffs": [[[67.0,45.0],[13.0,40.0]],[[13.0,31.0],[32.0,22.0]]]},
"G362": {"type": "Matrix2x2", "payoffs": [[[65.0,30.0],[47.0,32.0]],[[72.0,41.0],[42.0,39.0]]]},
"G363": {"type": "Matrix2x2", "payoffs": [[[30.0,4.0],[42.0,8.0]],[[26.0,3.0],[20.0,14.0]]]},
"G364": {"type": "Matrix2x2", "payoffs": [[[73.0,5.0],[22.0,17.0]],[[48.0,14.0],[36.0,51.0]]]},
"G365": {"type": "Matrix2x2", "payoffs": [[[0.0,8.0],[4.0,6.0]],[[7.0,3.0],[50.0,5.0]]]},
"G366": {"type": "Matrix2x2", "payoffs": [[[56.0,1.0],[63.0,2.0]],[[37.0,2.0],[62.0,1.0]]]},
"G367": {"type": "Matrix2x2", "payoffs": [[[26.0,23.0],[40.0,21.0]],[[3.0,38.0],[20.0,18.0]]]},
"G368": {"type": "Matrix2x2", "payoffs": [[[8.0,1.0],[5.0,3.0]],[[13.0,0.0],[16.0,3.0]]]},
"G369": {"type": "Matrix2x2", "payoffs": [[[12.0,42.0],[66.0,32.0]],[[44.0,35.0],[18.0,9.0]]]},
"G370": {"type": "Matrix2x2", "payoffs": [[[2.0,5.0],[7.0,12.0]],[[44.0,15.0],[34.0,1.0]]]},
"G371": {"type": "Matrix2x2", "payoffs": [[[1.0,0.0],[4.0,4.0]],[[1.0,11.0],[0.0,4.0]]]},
"G372": {"type": "Matrix2x2", "payoffs": [[[17.0,18.0],[22.0,1.0]],[[32.0,38.0],[63.0,9.0]]]},
"G373": {"type": "Matrix2x2", "payoffs": [[[6.0,26.0],[5.0,45.0]],[[4.0,74.0],[12.0,27.0]]]},
"G374": {"type": "Matrix2x2", "payoffs": [[[18.0,3.0],[52.0,3.0]],[[6.0,0.0],[44.0,1.0]]]},
"G375": {"type": "Matrix2x2", "payoffs": [[[20.0,1.0],[25.0,7.0]],[[16.0,2.0],[28.0,6.0]]]},
"G376": {"type": "Matrix2x2", "payoffs": [[[8.0,57.0],[0.0,4.0]],[[18.0,19.0],[26.0,34.0]]]},
"G377": {"type": "Matrix2x2", "payoffs": [[[66.0,28.0],[7.0,23.0]],[[20.0,0.0],[11.0,7.0]]]},
"G378": {"type": "Matrix2x2", "payoffs": [[[61.0,11.0],[11.0,0.0]],[[57.0,41.0],[12.0,67.0]]]},
"G379": {"type": "Matrix2x2", "payoffs": [[[70.0,5.0],[1.0,9.0]],[[10.0,1.0],[11.0,9.0]]]},
"G380": {"type": "Matrix2x2", "payoffs": [[[2.0,19.0],[4.0,29.0]],[[5.0,27.0],[4.0,38.0]]]},
"G381": {"type": "Matrix2x2", "payoffs": [[[20.0,29.0],[9.0,3.0]],[[6.0,12.0],[10.0,24.0]]]},
"G382": {"type": "Matrix2x2", "payoffs": [[[5.0,28.0],[49.0,29.0]],[[43.0,25.0],[30.0,6.0]]]},
"G383": {"type": "Matrix2x2", "payoffs": [[[65.0,20.0],[58.0,1.0]],[[16.0,6.0],[35.0,23.0]]]},
"G384": {"type": "Matrix2x2", "payoffs": [[[11.0,5.0],[92.0,4.0]],[[27.0,3.0],[92.0,2.0]]]},
"G385": {"type": "Matrix2x2", "payoffs": [[[26.0,2.0],[45.0,8.0]],[[3.0,13.0],[48.0,25.0]]]},
"G386": {"type": "Matrix2x2", "payoffs": [[[13.0,23.0],[26.0,21.0]],[[7.0,9.0],[13.0,15.0]]]},
"G387": {"type": "Matrix2x2", "payoffs": [[[35.0,8.0],[82.0,5.0]],[[7.0,8.0],[73.0,34.0]]]},
"G388": {"type": "Matrix2x2", "payoffs": [[[27.0,52.0],[9.0,0.0]],[[8.0,77.0],[37.0,13.0]]]},
"G389": {"type": "Matrix2x2", "payoffs": [[[39.0,14.0],[77.0,4.0]],[[48.0,8.0],[72.0,16.0]]]},
"G390": {"type": "Matrix2x2", "payoffs": [[[8.0,15.0],[61.0,60.0]],[[9.0,9.0],[4.0,51.0]]]},
"G391": {"type": "Matrix2x2", "payoffs": [[[24.0,41.0],[37.0,28.0]],[[39.0,13.0],[19.0,40.0]]]},
"G392": {"type": "Matrix2x2", "payoffs": [[[23.0,2.0],[40.0,4.0]],[[19.0,4.0],[57.0,2.0]]]},
"G393": {"type": "Matrix2x2", "payoffs": [[[3.0,26.0],[4.0,11.0]],[[3.0,10.0],[3.0,27.0]]]},
"G394": {"type": "Matrix2x2", "payoffs": [[[39.0,69.0],[25.0,45.0]],[[1.0,65.0],[86.0,5.0]]]},
"G395": {"type": "Matrix2x2", "payoffs": [[[0.0,6.0],[6.0,4.0]],[[15.0,9.0],[13.0,2.0]]]},
"G396": {"type": "Matrix2x2", "payoffs": [[[8.0,6.0],[34.0,16.0]],[[19.0,22.0],[31.0,19.0]]]},
"G397": {"type": "Matrix2x2", "payoffs": [[[22.0,13.0],[26.0,55.0]],[[0.0,40.0],[7.0,69.0]]]},
"G398": {"type": "Matrix2x2", "payoffs": [[[19.0,3.0],[11.0,12.0]],[[21.0,29.0],[16.0,38.0]]]},
"G399": {"type": "Matrix2x2", "payoffs": [[[2.0,85.0],[2.0,3.0]],[[2.0,28.0],[1.0,37.0]]]},
"G400": {"type": "Matrix2x2", "payoffs": [[[11.0,8.0],[19.0,14.0]],[[51.0,12.0],[1.0,9.0]]]},
"G401": {"type": "Matrix2x2", "payoffs": [[[3.0,22.0],[1.0,31.0]],[[5.0,9.0],[6.0,46.0]]]},
"G402": {"type": "Matrix2x2", "payoffs": [[[31.0,70.0],[51.0,88.0]],[[84.0,59.0],[2.0,41.0]]]},
"G403": {"type": "Matrix2x2", "payoffs": [[[24.0,12.0],[67.0,9.0]],[[51.0,14.0],[61.0,12.0]]]},
"G404": {"type": "Matrix2x2", "payoffs": [[[9.0,4.0],[6.0,4.0]],[[8.0,0.0],[7.0,3.0]]]},
"G405": {"type": "Matrix2x2", "payoffs": [[[20.0,10.0],[24.0,11.0]],[[48.0,15.0],[17.0,12.0]]]},
"G406": {"type": "Matrix2x2", "payoffs": [[[18.0,47.0],[15.0,44.0]],[[21.0,27.0],[14.0,15.0]]]},
"G407": {"type": "Matrix2x2", "payoffs": [[[18.0,29.0],[61.0,17.0]],[[68.0,2.0],[14.0,15.0]]]},
"G408": {"type": "Matrix2x2", "payoffs": [[[11.0,9.0],[0.0,90.0]],[[29.0,25.0],[15.0,11.0]]]},
"G409": {"type": "Matrix2x2", "payoffs": [[[19.0,11.0],[12.0,7.0]],[[5.0,13.0],[11.0,11.0]]]},
"G410": {"type": "Matrix2x2", "payoffs": [[[14.0,13.0],[40.0,24.0]],[[49.0,20.0],[19.0,20.0]]]},
"G411": {"type": "Matrix2x2", "payoffs": [[[4.0,6.0],[13.0,6.0]],[[8.0,8.0],[0.0,4.0]]]},
"G412": {"type": "Matrix2x2", "payoffs": [[[41.0,1.0],[13.0,4.0]],[[10.0,10.0],[31.0,6.0]]]},
"G413": {"type": "Matrix2x2", "payoffs": [[[56.0,14.0],[27.0,6.0]],[[18.0,16.0],[18.0,5.0]]]},
"G414": {"type": "Matrix2x2", "payoffs": [[[30.0,5.0],[5.0,24.0]],[[23.0,10.0],[12.0,24.0]]]},
"G415": {"type": "Matrix2x2", "payoffs": [[[10.0,29.0],[51.0,53.0]],[[15.0,18.0],[20.0,15.0]]]},
"G416": {"type": "Matrix2x2", "payoffs": [[[0.0,4.0],[4.0,32.0]],[[3.0,68.0],[4.0,13.0]]]},
"G417": {"type": "Matrix2x2", "payoffs": [[[11.0,45.0],[29.0,75.0]],[[15.0,49.0],[17.0,80.0]]]},
"G418": {"type": "Matrix2x2", "payoffs": [[[1.0,22.0],[4.0,2.0]],[[1.0,11.0],[9.0,0.0]]]},
"G419": {"type": "Matrix2x2", "payoffs": [[[91.0,25.0],[2.0,19.0]],[[56.0,30.0],[1.0,30.0]]]},
"G420": {"type": "Matrix2x2", "payoffs": [[[90.0,39.0],[76.0,63.0]],[[56.0,53.0],[59.0,46.0]]]},
"G421": {"type": "Matrix2x2", "payoffs": [[[37.0,28.0],[44.0,54.0]],[[71.0,28.0],[57.0,5.0]]]},
"G422": {"type": "Matrix2x2", "payoffs": [[[32.0,25.0],[22.0,61.0]],[[37.0,60.0],[5.0,40.0]]]},
"G423": {"type": "Matrix2x2", "payoffs": [[[73.0,22.0],[66.0,19.0]],[[59.0,1.0],[5.0,15.0]]]},
"G424": {"type": "Matrix2x2", "payoffs": [[[5.0,4.0],[50.0,10.0]],[[71.0,15.0],[23.0,10.0]]]},
"G425": {"type": "Matrix2x2", "payoffs": [[[37.0,22.0],[10.0,8.0]],[[22.0,15.0],[20.0,18.0]]]},
"G426": {"type": "Matrix2x2", "payoffs": [[[8.0,4.0],[67.0,35.0]],[[15.0,40.0],[18.0,18.0]]]},
"G427": {"type": "Matrix2x2", "payoffs": [[[10.0,46.0],[12.0,32.0]],[[37.0,42.0],[21.0,54.0]]]},
"G428": {"type": "Matrix2x2", "payoffs": [[[2.0,48.0],[1.0,33.0]],[[0.0,44.0],[2.0,21.0]]]},
"G429": {"type": "Matrix2x2", "payoffs": [[[8.0,63.0],[6.0,44.0]],[[1.0,26.0],[2.0,29.0]]]},
"G430": {"type": "Matrix2x2", "payoffs": [[[28.0,1.0],[43.0,2.0]],[[33.0,20.0],[8.0,10.0]]]},
"G431": {"type": "Matrix2x2", "payoffs": [[[23.0,68.0],[19.0,77.0]],[[23.0,28.0],[29.0,84.0]]]},
"G432": {"type": "Matrix2x2", "payoffs": [[[5.0,3.0],[25.0,12.0]],[[32.0,31.0],[22.0,5.0]]]},
"G433": {"type": "Matrix2x2", "payoffs": [[[16.0,3.0],[16.0,2.0]],[[8.0,2.0],[44.0,1.0]]]},
"G434": {"type": "Matrix2x2", "payoffs": [[[5.0,10.0],[9.0,36.0]],[[13.0,53.0],[25.0,55.0]]]},
"G435": {"type": "Matrix2x2", "payoffs": [[[15.0,3.0],[29.0,2.0]],[[63.0,17.0],[27.0,26.0]]]},
"G436": {"type": "Matrix2x2", "payoffs": [[[58.0,44.0],[4.0,34.0]],[[41.0,27.0],[59.0,49.0]]]},
"G437": {"type": "Matrix2x2", "payoffs": [[[6.0,19.0],[4.0,37.0]],[[11.0,60.0],[8.0,61.0]]]},
"G438": {"type": "Matrix2x2", "payoffs": [[[1.0,12.0],[50.0,21.0]],[[48.0,10.0],[22.0,39.0]]]},
"G439": {"type": "Matrix2x2", "payoffs": [[[66.0,64.0],[63.0,55.0]],[[26.0,30.0],[36.0,81.0]]]},
"G440": {"type": "Matrix2x2", "payoffs": [[[1.0,0.0],[4.0,15.0]],[[14.0,26.0],[7.0,16.0]]]},
"G441": {"type": "Matrix2x2", "payoffs": [[[35.0,1.0],[21.0,17.0]],[[11.0,9.0],[43.0,14.0]]]},
"G442": {"type": "Matrix2x2", "payoffs": [[[52.0,75.0],[17.0,53.0]],[[50.0,29.0],[18.0,31.0]]]},
"G443": {"type": "Matrix2x2", "payoffs": [[[30.0,42.0],[30.0,62.0]],[[0.0,33.0],[3.0,85.0]]]},
"G444": {"type": "Matrix2x2", "payoffs": [[[0.0,14.0],[24.0,38.0]],[[12.0,55.0],[24.0,74.0]]]},
"G445": {"type": "Matrix2x2", "payoffs": [[[62.0,23.0],[63.0,26.0]],[[41.0,11.0],[44.0,11.0]]]},
"G446": {"type": "Matrix2x2", "payoffs": [[[20.0,36.0],[8.0,66.0]],[[10.0,94.0],[22.0,23.0]]]},
"G447": {"type": "Matrix2x2", "payoffs": [[[15.0,59.0],[65.0,18.0]],[[32.0,53.0],[2.0,3.0]]]},
"G448": {"type": "Matrix2x2", "payoffs": [[[22.0,1.0],[64.0,18.0]],[[70.0,7.0],[36.0,1.0]]]},
"G449": {"type": "Matrix2x2", "payoffs": [[[27.0,45.0],[26.0,54.0]],[[74.0,21.0],[71.0,64.0]]]},
"G450": {"type": "Matrix2x2", "payoffs": [[[4.0,12.0],[1.0,5.0]],[[1.0,10.0],[1.0,18.0]]]},
"G451": {"type": "Matrix2x2", "payoffs": [[[0.0,21.0],[0.0,22.0]],[[1.0,21.0],[0.0,10.0]]]},
"G452": {"type": "Matrix2x2", "payoffs": [[[29.0,20.0],[8.0,13.0]],[[41.0,31.0],[32.0,34.0]]]},
"G453": {"type": "Matrix2x2", "payoffs": [[[16.0,25.0],[1.0,25.0]],[[3.0,2.0],[16.0,21.0]]]},
"G454": {"type": "Matrix2x2", "payoffs": [[[3.0,6.0],[1.0,7.0]],[[7.0,7.0],[6.0,0.0]]]},
"G455": {"type": "Matrix2x2", "payoffs": [[[24.0,5.0],[62.0,22.0]],[[60.0,14.0],[16.0,39.0]]]},
"G456": {"type": "Matrix2x2", "payoffs": [[[47.0,26.0],[36.0,28.0]],[[57.0,9.0],[29.0,9.0]]]},
"G457": {"type": "Matrix2x2", "payoffs": [[[46.0,10.0],[36.0,3.0]],[[18.0,13.0],[73.0,15.0]]]},
"G458": {"type": "Matrix2x2", "payoffs": [[[90.0,68.0],[28.0,26.0]],[[40.0,74.0],[46.0,10.0]]]},
"G459": {"type": "Matrix2x2", "payoffs": [[[49.0,8.0],[51.0,68.0]],[[14.0,6.0],[35.0,18.0]]]},
"G460": {"type": "Matrix2x2", "payoffs": [[[21.0,2.0],[37.0,3.0]],[[49.0,2.0],[35.0,5.0]]]},
"G461": {"type": "Matrix2x2", "payoffs": [[[52.0,30.0],[28.0,38.0]],[[55.0,74.0],[30.0,19.0]]]},
"G462": {"type": "Matrix2x2", "payoffs": [[[18.0,6.0],[17.0,41.0]],[[22.0,10.0],[17.0,9.0]]]},
"G463": {"type": "Matrix2x2", "payoffs": [[[28.0,23.0],[50.0,4.0]],[[28.0,3.0],[36.0,18.0]]]},
"G464": {"type": "Matrix2x2", "payoffs": [[[28.0,41.0],[10.0,63.0]],[[34.0,59.0],[52.0,54.0]]]},
"G465": {"type": "Matrix2x2", "payoffs": [[[5.0,87.0],[1.0,8.0]],[[8.0,84.0],[6.0,57.0]]]},
"G466": {"type": "Matrix2x2", "payoffs": [[[46.0,16.0],[15.0,13.0]],[[37.0,2.0],[32.0,12.0]]]},
"G467": {"type": "Matrix2x2", "payoffs": [[[22.0,0.0],[40.0,14.0]],[[22.0,2.0],[8.0,10.0]]]},
"G468": {"type": "Matrix2x2", "payoffs": [[[12.0,0.0],[10.0,2.0]],[[39.0,2.0],[49.0,1.0]]]},
"G469": {"type": "Matrix2x2", "payoffs": [[[15.0,78.0],[10.0,39.0]],[[34.0,65.0],[20.0,77.0]]]},
"G470": {"type": "Matrix2x2", "payoffs": [[[3.0,11.0],[58.0,19.0]],[[47.0,15.0],[59.0,4.0]]]},
"G471": {"type": "Matrix2x2", "payoffs": [[[65.0,18.0],[50.0,47.0]],[[80.0,34.0],[12.0,42.0]]]},
"G472": {"type": "Matrix2x2", "payoffs": [[[62.0,65.0],[15.0,18.0]],[[60.0,12.0],[15.0,15.0]]]},
"G473": {"type": "Matrix2x2", "payoffs": [[[18.0,6.0],[52.0,55.0]],[[24.0,38.0],[53.0,23.0]]]},
"G474": {"type": "Matrix2x2", "payoffs": [[[74.0,36.0],[9.0,5.0]],[[71.0,43.0],[30.0,38.0]]]},
"G475": {"type": "Matrix2x2", "payoffs": [[[16.0,3.0],[13.0,5.0]],[[4.0,2.0],[19.0,2.0]]]},
"G476": {"type": "Matrix2x2", "payoffs": [[[42.0,42.0],[23.0,34.0]],[[41.0,40.0],[73.0,30.0]]]},
"G477": {"type": "Matrix2x2", "payoffs": [[[2.0,6.0],[12.0,6.0]],[[24.0,8.0],[23.0,1.0]]]},
"G478": {"type": "Matrix2x2", "payoffs": [[[4.0,48.0],[10.0,28.0]],[[14.0,0.0],[13.0,15.0]]]},
"G479": {"type": "Matrix2x2", "payoffs": [[[11.0,44.0],[27.0,17.0]],[[8.0,47.0],[7.0,6.0]]]},
"G480": {"type": "Matrix2x2", "payoffs": [[[27.0,29.0],[47.0,75.0]],[[4.0,64.0],[53.0,56.0]]]},
"G481": {"type": "Matrix2x2", "payoffs": [[[9.0,28.0],[14.0,35.0]],[[10.0,24.0],[11.0,31.0]]]},
"G482": {"type": "Matrix2x2", "payoffs": [[[22.0,10.0],[0.0,15.0]],[[0.0,14.0],[32.0,16.0]]]},
"G483": {"type": "Matrix2x2", "payoffs": [[[18.0,14.0],[54.0,23.0]],[[35.0,20.0],[7.0,19.0]]]},
"G484": {"type": "Matrix2x2", "payoffs": [[[0.0,7.0],[4.0,13.0]],[[0.0,32.0],[1.0,35.0]]]},
"G485": {"type": "Matrix2x2", "payoffs": [[[28.0,9.0],[26.0,51.0]],[[30.0,8.0],[37.0,35.0]]]},
"G486": {"type": "Matrix2x2", "payoffs": [[[38.0,25.0],[45.0,19.0]],[[2.0,26.0],[27.0,21.0]]]},
"G487": {"type": "Matrix2x2", "payoffs": [[[22.0,17.0],[48.0,6.0]],[[27.0,11.0],[4.0,2.0]]]},
"G488": {"type": "Matrix2x2", "payoffs": [[[50.0,36.0],[51.0,25.0]],[[48.0,12.0],[29.0,19.0]]]},
"G489": {"type": "Matrix2x2", "payoffs": [[[10.0,5.0],[4.0,3.0]],[[29.0,1.0],[31.0,4.0]]]},
"G490": {"type": "Matrix2x2", "payoffs": [[[52.0,10.0],[27.0,36.0]],[[2.0,17.0],[25.0,10.0]]]},
"G491": {"type": "Matrix2x2", "payoffs": [[[1.0,36.0],[1.0,27.0]],[[1.0,4.0],[0.0,54.0]]]},
"G492": {"type": "Matrix2x2", "payoffs": [[[39.0,23.0],[40.0,2.0]],[[21.0,20.0],[80.0,12.0]]]},
"G493": {"type": "Matrix2x2", "payoffs": [[[45.0,1.0],[35.0,2.0]],[[20.0,3.0],[20.0,4.0]]]},
"G494": {"type": "Matrix2x2", "payoffs": [[[8.0,6.0],[17.0,5.0]],[[0.0,59.0],[18.0,35.0]]]},
"G495": {"type": "Matrix2x2", "payoffs": [[[17.0,1.0],[27.0,23.0]],[[28.0,1.0],[11.0,18.0]]]},
"G496": {"type": "Matrix2x2", "payoffs": [[[52.0,7.0],[40.0,28.0]],[[53.0,2.0],[7.0,25.0]]]},
"G497": {"type": "Matrix2x2", "payoffs": [[[19.0,51.0],[40.0,23.0]],[[6.0,33.0],[43.0,87.0]]]},
"G498": {"type": "Matrix2x2", "payoffs": [[[19.0,20.0],[25.0,43.0]],[[35.0,24.0],[25.0,33.0]]]},
"G499": {"type": "Matrix2x2", "payoffs": [[[42.0,17.0],[16.0,36.0]],[[27.0,23.0],[27.0,80.0]]]},
"G500": {"type": "Matrix2x2", "payoffs": [[[3.0,61.0],[13.0,60.0]],[[1.0,73.0],[12.0,64.0]]]},
"G501": {"type": "Matrix2x2", "payoffs": [[[34.0,2.0],[33.0,20.0]],[[19.0,3.0],[17.0,30.0]]]},
"G502": {"type": "Matrix2x2", "payoffs": [[[5.0,48.0],[31.0,26.0]],[[31.0,12.0],[3.0,3.0]]]},
"G503": {"type": "Matrix2x2", "payoffs": [[[16.0,41.0],[53.0,14.0]],[[31.0,25.0],[19.0,31.0]]]},
"G504": {"type": "Matrix2x2", "payoffs": [[[26.0,0.0],[4.0,1.0]],[[14.0,1.0],[22.0,1.0]]]},
"G505": {"type": "Matrix2x2", "payoffs": [[[40.0,18.0],[30.0,33.0]],[[42.0,26.0],[42.0,7.0]]]},
"G506": {"type": "Matrix2x2", "payoffs": [[[16.0,6.0],[2.0,12.0]],[[7.0,0.0],[2.0,12.0]]]},
"G507": {"type": "Matrix2x2", "payoffs": [[[9.0,2.0],[21.0,1.0]],[[35.0,2.0],[17.0,1.0]]]},
"G508": {"type": "Matrix2x2", "payoffs": [[[27.0,10.0],[24.0,15.0]],[[5.0,7.0],[16.0,10.0]]]},
"G509": {"type": "Matrix2x2", "payoffs": [[[7.0,1.0],[29.0,1.0]],[[0.0,0.0],[1.0,1.0]]]},
"G510": {"type": "Matrix2x2", "payoffs": [[[27.0,34.0],[15.0,18.0]],[[29.0,78.0],[20.0,0.0]]]},
"G511": {"type": "Matrix2x2", "payoffs": [[[5.0,67.0],[1.0,13.0]],[[9.0,42.0],[13.0,9.0]]]},
"G512": {"type": "Matrix2x2", "payoffs": [[[13.0,5.0],[14.0,7.0]],[[14.0,3.0],[1.0,0.0]]]},
"G513": {"type": "Matrix2x2", "payoffs": [[[1.0,30.0],[5.0,35.0]],[[3.0,74.0],[1.0,61.0]]]},
"G514": {"type": "Matrix2x2", "payoffs": [[[59.0,24.0],[44.0,13.0]],[[64.0,88.0],[20.0,85.0]]]},
"G515": {"type": "Matrix2x2", "payoffs": [[[18.0,3.0],[57.0,87.0]],[[72.0,17.0],[31.0,28.0]]]},
"G516": {"type": "Matrix2x2", "payoffs": [[[32.0,3.0],[30.0,27.0]],[[60.0,3.0],[22.0,27.0]]]},
"G517": {"type": "Matrix2x2", "payoffs": [[[1.0,15.0],[1.0,19.0]],[[1.0,16.0],[0.0,8.0]]]},
"G518": {"type": "Matrix2x2", "payoffs": [[[69.0,24.0],[73.0,9.0]],[[42.0,29.0],[30.0,17.0]]]},
"G519": {"type": "Matrix2x2", "payoffs": [[[20.0,33.0],[59.0,32.0]],[[36.0,27.0],[40.0,22.0]]]},
"G520": {"type": "Matrix2x2", "payoffs": [[[19.0,1.0],[10.0,23.0]],[[15.0,31.0],[2.0,12.0]]]},
"G521": {"type": "Matrix2x2", "payoffs": [[[57.0,22.0],[24.0,37.0]],[[16.0,33.0],[3.0,35.0]]]},
"G522": {"type": "Matrix2x2", "payoffs": [[[49.0,5.0],[5.0,4.0]],[[50.0,6.0],[7.0,11.0]]]},
"G523": {"type": "Matrix2x2", "payoffs": [[[26.0,5.0],[45.0,11.0]],[[17.0,11.0],[8.0,2.0]]]},
"G524": {"type": "Matrix2x2", "payoffs": [[[8.0,47.0],[34.0,53.0]],[[19.0,84.0],[21.0,24.0]]]},
"G525": {"type": "Matrix2x2", "payoffs": [[[4.0,45.0],[0.0,54.0]],[[11.0,11.0],[9.0,46.0]]]},
"G526": {"type": "Matrix2x2", "payoffs": [[[1.0,15.0],[17.0,26.0]],[[26.0,22.0],[0.0,7.0]]]},
"G527": {"type": "Matrix2x2", "payoffs": [[[1.0,28.0],[3.0,52.0]],[[3.0,43.0],[1.0,35.0]]]},
"G528": {"type": "Matrix2x2", "payoffs": [[[4.0,22.0],[2.0,32.0]],[[8.0,26.0],[7.0,57.0]]]},
"G529": {"type": "Matrix2x2", "payoffs": [[[10.0,24.0],[15.0,40.0]],[[12.0,3.0],[13.0,46.0]]]},
"G530": {"type": "Matrix2x2", "payoffs": [[[3.0,1.0],[45.0,3.0]],[[19.0,2.0],[27.0,8.0]]]},
"G531": {"type": "Matrix2x2", "payoffs": [[[1.0,24.0],[2.0,11.0]],[[11.0,33.0],[10.0,8.0]]]},
"G532": {"type": "Matrix2x2", "payoffs": [[[45.0,5.0],[9.0,3.0]],[[85.0,8.0],[55.0,1.0]]]},
"G533": {"type": "Matrix2x2", "payoffs": [[[18.0,16.0],[11.0,20.0]],[[12.0,11.0],[15.0,9.0]]]},
"G534": {"type": "Matrix2x2", "payoffs": [[[41.0,11.0],[31.0,0.0]],[[58.0,17.0],[69.0,5.0]]]},
"G535": {"type": "Matrix2x2", "payoffs": [[[6.0,43.0],[19.0,55.0]],[[3.0,46.0],[17.0,24.0]]]},
"G536": {"type": "Matrix2x2", "payoffs": [[[3.0,25.0],[7.0,18.0]],[[8.0,4.0],[22.0,31.0]]]},
"G537": {"type": "Matrix2x2", "payoffs": [[[20.0,29.0],[18.0,7.0]],[[17.0,30.0],[6.0,12.0]]]},
"G538": {"type": "Matrix2x2", "payoffs": [[[37.0,30.0],[49.0,26.0]],[[76.0,30.0],[28.0,13.0]]]},
"G539": {"type": "Matrix2x2", "payoffs": [[[46.0,36.0],[69.0,62.0]],[[25.0,48.0],[8.0,32.0]]]},
"G540": {"type": "Matrix2x2", "payoffs": [[[4.0,56.0],[44.0,59.0]],[[29.0,46.0],[34.0,18.0]]]},
"G541": {"type": "Matrix2x2", "payoffs": [[[6.0,77.0],[4.0,64.0]],[[3.0,52.0],[5.0,91.0]]]},
"G542": {"type": "Matrix2x2", "payoffs": [[[1.0,20.0],[1.0,31.0]],[[0.0,13.0],[0.0,12.0]]]},
"G543": {"type": "Matrix2x2", "payoffs": [[[7.0,3.0],[4.0,1.0]],[[8.0,8.0],[6.0,6.0]]]},
"G544": {"type": "Matrix2x2", "payoffs": [[[60.0,31.0],[66.0,62.0]],[[34.0,5.0],[67.0,49.0]]]},
"G545": {"type": "Matrix2x2", "payoffs": [[[66.0,9.0],[59.0,9.0]],[[3.0,38.0],[84.0,19.0]]]},
"G546": {"type": "Matrix2x2", "payoffs": [[[14.0,9.0],[6.0,0.0]],[[36.0,25.0],[29.0,16.0]]]},
"G547": {"type": "Matrix2x2", "payoffs": [[[54.0,18.0],[22.0,3.0]],[[26.0,17.0],[18.0,9.0]]]},
"G548": {"type": "Matrix2x2", "payoffs": [[[25.0,5.0],[17.0,28.0]],[[21.0,15.0],[14.0,12.0]]]},
"G549": {"type": "Matrix2x2", "payoffs": [[[4.0,51.0],[2.0,16.0]],[[5.0,25.0],[8.0,39.0]]]},
"G550": {"type": "Matrix2x2", "payoffs": [[[34.0,2.0],[24.0,2.0]],[[36.0,1.0],[81.0,3.0]]]},
"G551": {"type": "Matrix2x2", "payoffs": [[[5.0,51.0],[0.0,39.0]],[[63.0,0.0],[66.0,23.0]]]},
"G552": {"type": "Matrix2x2", "payoffs": [[[8.0,24.0],[3.0,47.0]],[[8.0,19.0],[2.0,11.0]]]},
"G553": {"type": "Matrix2x2", "payoffs": [[[22.0,1.0],[3.0,1.0]],[[30.0,1.0],[4.0,1.0]]]},
"G554": {"type": "Matrix2x2", "payoffs": [[[9.0,44.0],[10.0,25.0]],[[0.0,45.0],[7.0,9.0]]]},
"G555": {"type": "Matrix2x2", "payoffs": [[[14.0,2.0],[15.0,2.0]],[[37.0,2.0],[47.0,0.0]]]},
"G556": {"type": "Matrix2x2", "payoffs": [[[36.0,9.0],[34.0,7.0]],[[22.0,23.0],[57.0,11.0]]]},
"G557": {"type": "Matrix2x2", "payoffs": [[[7.0,50.0],[14.0,73.0]],[[20.0,49.0],[17.0,38.0]]]},
"G558": {"type": "Matrix2x2", "payoffs": [[[23.0,64.0],[3.0,7.0]],[[35.0,70.0],[39.0,52.0]]]},
"G559": {"type": "Matrix2x2", "payoffs": [[[40.0,69.0],[7.0,74.0]],[[25.0,62.0],[32.0,58.0]]]},
"G560": {"type": "Matrix2x2", "payoffs": [[[31.0,21.0],[8.0,23.0]],[[36.0,50.0],[12.0,34.0]]]},
"G561": {"type": "Matrix2x2", "payoffs": [[[52.0,15.0],[20.0,16.0]],[[35.0,22.0],[9.0,1.0]]]},
"G562": {"type": "Matrix2x2", "payoffs": [[[3.0,38.0],[5.0,21.0]],[[2.0,43.0],[2.0,36.0]]]},
"G563": {"type": "Matrix2x2", "payoffs": [[[38.0,5.0],[57.0,4.0]],[[28.0,5.0],[42.0,1.0]]]},
"G564": {"type": "Matrix2x2", "payoffs": [[[39.0,41.0],[72.0,69.0]],[[62.0,67.0],[28.0,27.0]]]},
"G565": {"type": "Matrix2x2", "payoffs": [[[10.0,49.0],[43.0,4.0]],[[10.0,73.0],[9.0,27.0]]]},
"G566": {"type": "Matrix2x2", "payoffs": [[[10.0,3.0],[20.0,4.0]],[[4.0,44.0],[12.0,44.0]]]},
"G567": {"type": "Matrix2x2", "payoffs": [[[12.0,27.0],[7.0,66.0]],[[5.0,11.0],[12.0,29.0]]]},
"G568": {"type": "Matrix2x2", "payoffs": [[[3.0,4.0],[33.0,6.0]],[[5.0,23.0],[40.0,17.0]]]},
"G569": {"type": "Matrix2x2", "payoffs": [[[9.0,7.0],[3.0,74.0]],[[1.0,45.0],[3.0,3.0]]]},
"G570": {"type": "Matrix2x2", "payoffs": [[[62.0,8.0],[56.0,5.0]],[[8.0,3.0],[31.0,2.0]]]},
"G571": {"type": "Matrix2x2", "payoffs": [[[21.0,18.0],[22.0,30.0]],[[53.0,89.0],[18.0,41.0]]]},
"G572": {"type": "Matrix2x2", "payoffs": [[[49.0,41.0],[16.0,11.0]],[[74.0,43.0],[46.0,29.0]]]},
"G573": {"type": "Matrix2x2", "payoffs": [[[64.0,20.0],[60.0,29.0]],[[54.0,46.0],[11.0,2.0]]]},
"G574": {"type": "Matrix2x2", "payoffs": [[[5.0,2.0],[3.0,6.0]],[[2.0,12.0],[6.0,8.0]]]},
"G575": {"type": "Matrix2x2", "payoffs": [[[14.0,6.0],[0.0,22.0]],[[16.0,26.0],[10.0,56.0]]]},
"G576": {"type": "Matrix2x2", "payoffs": [[[26.0,11.0],[22.0,43.0]],[[7.0,59.0],[8.0,26.0]]]},
"G577": {"type": "Matrix2x2", "payoffs": [[[3.0,68.0],[21.0,50.0]],[[6.0,70.0],[5.0,10.0]]]},
"G578": {"type": "Matrix2x2", "payoffs": [[[4.0,4.0],[52.0,1.0]],[[57.0,4.0],[0.0,2.0]]]},
"G579": {"type": "Matrix2x2", "payoffs": [[[40.0,3.0],[32.0,3.0]],[[26.0,4.0],[16.0,6.0]]]},
"G580": {"type": "Matrix2x2", "payoffs": [[[79.0,56.0],[39.0,19.0]],[[9.0,80.0],[80.0,5.0]]]},
"G581": {"type": "Matrix2x2", "payoffs": [[[25.0,56.0],[50.0,20.0]],[[68.0,31.0],[17.0,7.0]]]},
"G582": {"type": "Matrix2x2", "payoffs": [[[11.0,30.0],[3.0,17.0]],[[12.0,8.0],[7.0,34.0]]]},
"G583": {"type": "Matrix2x2", "payoffs": [[[49.0,21.0],[60.0,29.0]],[[46.0,48.0],[25.0,20.0]]]},
"G584": {"type": "Matrix2x2", "payoffs": [[[1.0,5.0],[6.0,2.0]],[[8.0,10.0],[5.0,2.0]]]},
"G585": {"type": "Matrix2x2", "payoffs": [[[51.0,70.0],[42.0,32.0]],[[78.0,15.0],[17.0,46.0]]]},
"G586": {"type": "Matrix2x2", "payoffs": [[[27.0,23.0],[29.0,37.0]],[[48.0,4.0],[64.0,17.0]]]},
"G587": {"type": "Matrix2x2", "payoffs": [[[50.0,6.0],[43.0,13.0]],[[24.0,3.0],[3.0,10.0]]]},
"G588": {"type": "Matrix2x2", "payoffs": [[[2.0,24.0],[1.0,16.0]],[[2.0,42.0],[5.0,38.0]]]},
"G589": {"type": "Matrix2x2", "payoffs": [[[72.0,12.0],[40.0,51.0]],[[47.0,42.0],[51.0,30.0]]]},
"G590": {"type": "Matrix2x2", "payoffs": [[[37.0,12.0],[37.0,16.0]],[[66.0,27.0],[54.0,7.0]]]},
"G591": {"type": "Matrix2x2", "payoffs": [[[22.0,43.0],[22.0,12.0]],[[20.0,31.0],[20.0,40.0]]]},
"G592": {"type": "Matrix2x2", "payoffs": [[[14.0,2.0],[33.0,8.0]],[[27.0,10.0],[37.0,4.0]]]},
"G593": {"type": "Matrix2x2", "payoffs": [[[17.0,59.0],[11.0,19.0]],[[12.0,66.0],[23.0,52.0]]]},
"G594": {"type": "Matrix2x2", "payoffs": [[[52.0,56.0],[24.0,61.0]],[[64.0,26.0],[26.0,52.0]]]},
"G595": {"type": "Matrix2x2", "payoffs": [[[6.0,41.0],[12.0,44.0]],[[23.0,34.0],[59.0,32.0]]]},
"G596": {"type": "Matrix2x2", "payoffs": [[[25.0,45.0],[29.0,66.0]],[[19.0,68.0],[38.0,67.0]]]},
"G597": {"type": "Matrix2x2", "payoffs": [[[30.0,3.0],[19.0,34.0]],[[14.0,23.0],[55.0,44.0]]]},
"G598": {"type": "Matrix2x2", "payoffs": [[[73.0,8.0],[9.0,49.0]],[[18.0,29.0],[12.0,0.0]]]},
"G599": {"type": "Matrix2x2", "payoffs": [[[57.0,80.0],[8.0,78.0]],[[15.0,57.0],[42.0,91.0]]]},
"G600": {"type": "Matrix2x2", "payoffs": [[[2.0,42.0],[5.0,35.0]],[[4.0,26.0],[1.0,52.0]]]},
"G601": {"type": "Matrix2x2", "payoffs": [[[66.0,9.0],[41.0,0.0]],[[15.0,11.0],[48.0,6.0]]]},
"G602": {"type": "Matrix2x2", "payoffs": [[[71.0,46.0],[42.0,3.0]],[[70.0,1.0],[67.0,18.0]]]},
"G603": {"type": "Matrix2x2", "payoffs": [[[35.0,36.0],[28.0,27.0]],[[16.0,5.0],[41.0,39.0]]]},
"G604": {"type": "Matrix2x2", "payoffs": [[[4.0,26.0],[12.0,34.0]],[[9.0,4.0],[9.0,39.0]]]},
"G605": {"type": "Matrix2x2", "payoffs": [[[26.0,4.0],[36.0,6.0]],[[14.0,2.0],[15.0,1.0]]]},
"G606": {"type": "Matrix2x2", "payoffs": [[[21.0,1.0],[22.0,10.0]],[[16.0,3.0],[7.0,14.0]]]},
"G607": {"type": "Matrix2x2", "payoffs": [[[2.0,4.0],[7.0,14.0]],[[6.0,11.0],[5.0,29.0]]]},
"G608": {"type": "Matrix2x2", "payoffs": [[[54.0,6.0],[64.0,13.0]],[[44.0,2.0],[31.0,7.0]]]},
"G609": {"type": "Matrix2x2", "payoffs": [[[21.0,3.0],[31.0,4.0]],[[7.0,2.0],[24.0,3.0]]]},
"G610": {"type": "Matrix2x2", "payoffs": [[[9.0,29.0],[14.0,16.0]],[[3.0,9.0],[7.0,3.0]]]},
"G611": {"type": "Matrix2x2", "payoffs": [[[1.0,2.0],[9.0,5.0]],[[9.0,12.0],[13.0,11.0]]]},
"G612": {"type": "Matrix2x2", "payoffs": [[[2.0,45.0],[3.0,89.0]],[[7.0,63.0],[8.0,75.0]]]},
"G613": {"type": "Matrix2x2", "payoffs": [[[21.0,9.0],[0.0,1.0]],[[14.0,9.0],[1.0,2.0]]]},
"G614": {"type": "Matrix2x2", "payoffs": [[[13.0,9.0],[9.0,8.0]],[[18.0,1.0],[7.0,27.0]]]},
"G615": {"type": "Matrix2x2", "payoffs": [[[51.0,12.0],[51.0,88.0]],[[22.0,91.0],[47.0,45.0]]]},
"G616": {"type": "Matrix2x2", "payoffs": [[[18.0,5.0],[76.0,50.0]],[[6.0,15.0],[82.0,50.0]]]},
"G617": {"type": "Matrix2x2", "payoffs": [[[43.0,7.0],[33.0,2.0]],[[9.0,6.0],[19.0,2.0]]]},
"G618": {"type": "Matrix2x2", "payoffs": [[[7.0,37.0],[27.0,9.0]],[[35.0,23.0],[72.0,12.0]]]},
"G619": {"type": "Matrix2x2", "payoffs": [[[14.0,22.0],[8.0,2.0]],[[1.0,2.0],[2.0,19.0]]]},
"G620": {"type": "Matrix2x2", "payoffs": [[[0.0,2.0],[4.0,7.0]],[[5.0,5.0],[6.0,8.0]]]},
"G621": {"type": "Matrix2x2", "payoffs": [[[4.0,31.0],[12.0,23.0]],[[2.0,19.0],[14.0,14.0]]]},
"G622": {"type": "Matrix2x2", "payoffs": [[[50.0,7.0],[40.0,41.0]],[[33.0,66.0],[17.0,27.0]]]},
"G623": {"type": "Matrix2x2", "payoffs": [[[21.0,6.0],[13.0,5.0]],[[18.0,19.0],[23.0,24.0]]]},
"G624": {"type": "Matrix2x2", "payoffs": [[[13.0,38.0],[11.0,17.0]],[[18.0,12.0],[5.0,60.0]]]},
"G625": {"type": "Matrix2x2", "payoffs": [[[70.0,0.0],[91.0,0.0]],[[12.0,1.0],[76.0,0.0]]]},
"G626": {"type": "Matrix2x2", "payoffs": [[[5.0,10.0],[4.0,42.0]],[[3.0,33.0],[22.0,18.0]]]},
"G627": {"type": "Matrix2x2", "payoffs": [[[29.0,15.0],[35.0,40.0]],[[33.0,24.0],[46.0,19.0]]]},
"G628": {"type": "Matrix2x2", "payoffs": [[[16.0,6.0],[18.0,3.0]],[[23.0,6.0],[11.0,8.0]]]},
"G629": {"type": "Matrix2x2", "payoffs": [[[3.0,39.0],[4.0,58.0]],[[1.0,2.0],[11.0,28.0]]]},
"G630": {"type": "Matrix2x2", "payoffs": [[[43.0,16.0],[39.0,17.0]],[[36.0,49.0],[16.0,39.0]]]},
"G631": {"type": "Matrix2x2", "payoffs": [[[47.0,15.0],[0.0,10.0]],[[45.0,24.0],[4.0,34.0]]]},
"G632": {"type": "Matrix2x2", "payoffs": [[[7.0,83.0],[12.0,79.0]],[[11.0,11.0],[13.0,20.0]]]},
"G633": {"type": "Matrix2x2", "payoffs": [[[25.0,4.0],[29.0,49.0]],[[35.0,16.0],[39.0,33.0]]]},
"G634": {"type": "Matrix2x2", "payoffs": [[[14.0,45.0],[4.0,60.0]],[[10.0,54.0],[2.0,42.0]]]},
"G635": {"type": "Matrix2x2", "payoffs": [[[75.0,7.0],[63.0,6.0]],[[7.0,0.0],[38.0,8.0]]]},
"G636": {"type": "Matrix2x2", "payoffs": [[[1.0,1.0],[11.0,1.0]],[[2.0,2.0],[10.0,13.0]]]},
"G637": {"type": "Matrix2x2", "payoffs": [[[41.0,17.0],[48.0,9.0]],[[4.0,13.0],[43.0,6.0]]]},
"G638": {"type": "Matrix2x2", "payoffs": [[[8.0,1.0],[8.0,36.0]],[[3.0,46.0],[9.0,9.0]]]},
"G639": {"type": "Matrix2x2", "payoffs": [[[2.0,3.0],[38.0,0.0]],[[41.0,1.0],[15.0,2.0]]]},
"G640": {"type": "Matrix2x2", "payoffs": [[[8.0,44.0],[8.0,45.0]],[[6.0,26.0],[2.0,43.0]]]},
"G641": {"type": "Matrix2x2", "payoffs": [[[99.0,29.0],[100.0,0.0]],[[57.0,25.0],[2.0,2.0]]]},
"G642": {"type": "Matrix2x2", "payoffs": [[[1.0,32.0],[1.0,34.0]],[[0.0,58.0],[1.0,31.0]]]},
"G643": {"type": "Matrix2x2", "payoffs": [[[80.0,64.0],[12.0,20.0]],[[48.0,16.0],[14.0,10.0]]]},
"G644": {"type": "Matrix2x2", "payoffs": [[[19.0,66.0],[46.0,14.0]],[[27.0,66.0],[22.0,49.0]]]},
"G645": {"type": "Matrix2x2", "payoffs": [[[23.0,34.0],[20.0,4.0]],[[19.0,4.0],[6.0,2.0]]]},
"G646": {"type": "Matrix2x2", "payoffs": [[[0.0,51.0],[4.0,27.0]],[[4.0,32.0],[4.0,38.0]]]},
"G647": {"type": "Matrix2x2", "payoffs": [[[0.0,18.0],[54.0,9.0]],[[34.0,4.0],[42.0,3.0]]]},
"G648": {"type": "Matrix2x2", "payoffs": [[[18.0,2.0],[84.0,14.0]],[[70.0,21.0],[6.0,24.0]]]},
"G649": {"type": "Matrix2x2", "payoffs": [[[0.0,1.0],[0.0,12.0]],[[1.0,5.0],[3.0,2.0]]]},
"G650": {"type": "Matrix2x2", "payoffs": [[[0.0,2.0],[0.0,31.0]],[[0.0,27.0],[0.0,24.0]]]},
"G651": {"type": "Matrix2x2", "payoffs": [[[17.0,42.0],[23.0,24.0]],[[22.0,44.0],[1.0,45.0]]]},
"G652": {"type": "Matrix2x2", "payoffs": [[[3.0,27.0],[9.0,34.0]],[[1.0,61.0],[10.0,58.0]]]},
"G653": {"type": "Matrix2x2", "payoffs": [[[61.0,22.0],[26.0,6.0]],[[46.0,5.0],[65.0,35.0]]]},
"G654": {"type": "Matrix2x2", "payoffs": [[[42.0,34.0],[40.0,20.0]],[[60.0,28.0],[46.0,37.0]]]},
"G655": {"type": "Matrix2x2", "payoffs": [[[76.0,23.0],[16.0,7.0]],[[13.0,29.0],[12.0,29.0]]]},
"G656": {"type": "Matrix2x2", "payoffs": [[[10.0,15.0],[21.0,38.0]],[[18.0,15.0],[59.0,4.0]]]},
"G657": {"type": "Matrix2x2", "payoffs": [[[1.0,3.0],[3.0,3.0]],[[4.0,1.0],[4.0,1.0]]]},
"G658": {"type": "Matrix2x2", "payoffs": [[[21.0,64.0],[13.0,41.0]],[[8.0,11.0],[38.0,46.0]]]},
"G659": {"type": "Matrix2x2", "payoffs": [[[33.0,16.0],[14.0,97.0]],[[0.0,71.0],[28.0,96.0]]]},
"G660": {"type": "Matrix2x2", "payoffs": [[[64.0,59.0],[28.0,16.0]],[[5.0,50.0],[43.0,84.0]]]},
"G661": {"type": "Matrix2x2", "payoffs": [[[35.0,0.0],[39.0,2.0]],[[64.0,2.0],[46.0,2.0]]]},
"G662": {"type": "Matrix2x2", "payoffs": [[[56.0,10.0],[21.0,10.0]],[[80.0,6.0],[58.0,1.0]]]},
"G663": {"type": "Matrix2x2", "payoffs": [[[3.0,54.0],[6.0,49.0]],[[4.0,12.0],[2.0,32.0]]]},
"G664": {"type": "Matrix2x2", "payoffs": [[[45.0,36.0],[51.0,43.0]],[[28.0,6.0],[19.0,14.0]]]},
"G665": {"type": "Matrix2x2", "payoffs": [[[16.0,39.0],[70.0,54.0]],[[56.0,53.0],[61.0,41.0]]]},
"G666": {"type": "Matrix2x2", "payoffs": [[[15.0,3.0],[29.0,7.0]],[[43.0,9.0],[32.0,4.0]]]},
"G667": {"type": "Matrix2x2", "payoffs": [[[16.0,87.0],[14.0,65.0]],[[30.0,96.0],[2.0,56.0]]]},
"G668": {"type": "Matrix2x2", "payoffs": [[[4.0,89.0],[3.0,77.0]],[[6.0,9.0],[1.0,42.0]]]},
"G669": {"type": "Matrix2x2", "payoffs": [[[14.0,10.0],[16.0,29.0]],[[6.0,13.0],[26.0,13.0]]]},
"G670": {"type": "Matrix2x2", "payoffs": [[[22.0,3.0],[10.0,5.0]],[[4.0,3.0],[23.0,2.0]]]},
"G671": {"type": "Matrix2x2", "payoffs": [[[39.0,20.0],[44.0,39.0]],[[24.0,6.0],[27.0,22.0]]]},
"G672": {"type": "Matrix2x2", "payoffs": [[[1.0,9.0],[39.0,25.0]],[[7.0,21.0],[25.0,35.0]]]},
"G673": {"type": "Matrix2x2", "payoffs": [[[66.0,59.0],[54.0,29.0]],[[24.0,19.0],[40.0,44.0]]]},
"G674": {"type": "Matrix2x2", "payoffs": [[[1.0,8.0],[3.0,5.0]],[[2.0,0.0],[3.0,11.0]]]},
"G675": {"type": "Matrix2x2", "payoffs": [[[0.0,53.0],[2.0,15.0]],[[1.0,58.0],[1.0,32.0]]]},
"G676": {"type": "Matrix2x2", "payoffs": [[[84.0,57.0],[34.0,36.0]],[[71.0,50.0],[5.0,42.0]]]},
"G677": {"type": "Matrix2x2", "payoffs": [[[54.0,28.0],[67.0,7.0]],[[4.0,16.0],[59.0,14.0]]]},
"G678": {"type": "Matrix2x2", "payoffs": [[[6.0,34.0],[1.0,15.0]],[[7.0,2.0],[7.0,5.0]]]},
"G679": {"type": "Matrix2x2", "payoffs": [[[76.0,50.0],[26.0,27.0]],[[55.0,90.0],[34.0,90.0]]]},
"G680": {"type": "Matrix2x2", "payoffs": [[[12.0,7.0],[15.0,3.0]],[[3.0,3.0],[8.0,0.0]]]},
"G681": {"type": "Matrix2x2", "payoffs": [[[12.0,60.0],[76.0,62.0]],[[45.0,16.0],[18.0,22.0]]]},
"G682": {"type": "Matrix2x2", "payoffs": [[[3.0,4.0],[4.0,5.0]],[[2.0,1.0],[2.0,1.0]]]},
"G683": {"type": "Matrix2x2", "payoffs": [[[87.0,10.0],[26.0,4.0]],[[94.0,11.0],[75.0,2.0]]]},
"G684": {"type": "Matrix2x2", "payoffs": [[[32.0,15.0],[11.0,14.0]],[[0.0,19.0],[7.0,22.0]]]},
"G685": {"type": "Matrix2x2", "payoffs": [[[37.0,8.0],[19.0,4.0]],[[31.0,2.0],[41.0,5.0]]]},
"G686": {"type": "Matrix2x2", "payoffs": [[[6.0,16.0],[35.0,6.0]],[[74.0,21.0],[75.0,26.0]]]},
"G687": {"type": "Matrix2x2", "payoffs": [[[88.0,41.0],[75.0,21.0]],[[59.0,11.0],[13.0,43.0]]]},
"G688": {"type": "Matrix2x2", "payoffs": [[[4.0,18.0],[25.0,37.0]],[[18.0,11.0],[15.0,16.0]]]},
"G689": {"type": "Matrix2x2", "payoffs": [[[14.0,23.0],[39.0,8.0]],[[22.0,8.0],[31.0,19.0]]]},
"G690": {"type": "Matrix2x2", "payoffs": [[[23.0,32.0],[10.0,3.0]],[[15.0,49.0],[14.0,3.0]]]},
"G691": {"type": "Matrix2x2", "payoffs": [[[11.0,0.0],[17.0,0.0]],[[13.0,0.0],[4.0,0.0]]]},
"G692": {"type": "Matrix2x2", "payoffs": [[[2.0,19.0],[21.0,55.0]],[[34.0,20.0],[18.0,7.0]]]},
"G693": {"type": "Matrix2x2", "payoffs": [[[2.0,53.0],[2.0,14.0]],[[0.0,32.0],[2.0,10.0]]]},
"G694": {"type": "Matrix2x2", "payoffs": [[[8.0,13.0],[11.0,15.0]],[[12.0,18.0],[14.0,23.0]]]},
"G695": {"type": "Matrix2x2", "payoffs": [[[31.0,40.0],[44.0,47.0]],[[9.0,6.0],[4.0,40.0]]]},
"G696": {"type": "Matrix2x2", "payoffs": [[[42.0,53.0],[46.0,41.0]],[[7.0,58.0],[40.0,45.0]]]},
"G697": {"type": "Matrix2x2", "payoffs": [[[32.0,59.0],[35.0,6.0]],[[38.0,31.0],[39.0,32.0]]]},
"G698": {"type": "Matrix2x2", "payoffs": [[[3.0,16.0],[1.0,33.0]],[[2.0,16.0],[1.0,14.0]]]},
"G699": {"type": "Matrix2x2", "payoffs": [[[21.0,0.0],[31.0,1.0]],[[25.0,1.0],[6.0,1.0]]]},
"G700": {"type": "Matrix2x2", "payoffs": [[[71.0,66.0],[89.0,6.0]],[[25.0,41.0],[34.0,10.0]]]},
"G701": {"type": "Matrix2x2", "payoffs": [[[24.0,11.0],[25.0,5.0]],[[22.0,3.0],[38.0,9.0]]]},
"G702": {"type": "Matrix2x2", "payoffs": [[[42.0,1.0],[75.0,0.0]],[[79.0,0.0],[0.0,2.0]]]},
"G703": {"type": "Matrix2x2", "payoffs": [[[34.0,7.0],[7.0,29.0]],[[74.0,33.0],[67.0,25.0]]]},
"G704": {"type": "Matrix2x2", "payoffs": [[[3.0,17.0],[0.0,7.0]],[[23.0,9.0],[23.0,10.0]]]},
"G705": {"type": "Matrix2x2", "payoffs": [[[87.0,16.0],[18.0,11.0]],[[50.0,4.0],[12.0,16.0]]]},
"G706": {"type": "Matrix2x2", "payoffs": [[[61.0,0.0],[16.0,1.0]],[[37.0,26.0],[10.0,24.0]]]},
"G707": {"type": "Matrix2x2", "payoffs": [[[20.0,3.0],[14.0,52.0]],[[15.0,40.0],[8.0,21.0]]]},
"G708": {"type": "Matrix2x2", "payoffs": [[[10.0,3.0],[6.0,11.0]],[[8.0,12.0],[5.0,18.0]]]},
"G709": {"type": "Matrix2x2", "payoffs": [[[46.0,23.0],[34.0,17.0]],[[39.0,37.0],[42.0,1.0]]]},
"G710": {"type": "Matrix2x2", "payoffs": [[[34.0,4.0],[44.0,19.0]],[[39.0,56.0],[29.0,60.0]]]},
"G711": {"type": "Matrix2x2", "payoffs": [[[35.0,16.0],[28.0,15.0]],[[45.0,9.0],[26.0,18.0]]]},
"G712": {"type": "Matrix2x2", "payoffs": [[[4.0,50.0],[13.0,80.0]],[[12.0,38.0],[8.0,24.0]]]},
"G713": {"type": "Matrix2x2", "payoffs": [[[58.0,28.0],[28.0,77.0]],[[74.0,59.0],[13.0,35.0]]]},
"G714": {"type": "Matrix2x2", "payoffs": [[[29.0,26.0],[16.0,54.0]],[[36.0,89.0],[6.0,20.0]]]},
"G715": {"type": "Matrix2x2", "payoffs": [[[14.0,6.0],[1.0,37.0]],[[9.0,0.0],[17.0,15.0]]]},
"G716": {"type": "Matrix2x2", "payoffs": [[[3.0,6.0],[2.0,5.0]],[[3.0,9.0],[1.0,6.0]]]},
"G717": {"type": "Matrix2x2", "payoffs": [[[26.0,1.0],[31.0,3.0]],[[38.0,3.0],[1.0,2.0]]]},
"G718": {"type": "Matrix2x2", "payoffs": [[[7.0,50.0],[8.0,32.0]],[[8.0,47.0],[9.0,53.0]]]},
"G719": {"type": "Matrix2x2", "payoffs": [[[0.0,29.0],[1.0,20.0]],[[1.0,39.0],[1.0,4.0]]]},
"G720": {"type": "Matrix2x2", "payoffs": [[[13.0,44.0],[15.0,33.0]],[[2.0,14.0],[16.0,28.0]]]},
"G721": {"type": "Matrix2x2", "payoffs": [[[67.0,71.0],[26.0,30.0]],[[38.0,69.0],[17.0,58.0]]]},
"G722": {"type": "Matrix2x2", "payoffs": [[[18.0,45.0],[1.0,6.0]],[[5.0,48.0],[5.0,7.0]]]},
"G723": {"type": "Matrix2x2", "payoffs": [[[81.0,31.0],[49.0,33.0]],[[90.0,30.0],[72.0,0.0]]]},
"G724": {"type": "Matrix2x2", "payoffs": [[[11.0,12.0],[50.0,14.0]],[[7.0,16.0],[12.0,9.0]]]},
"G725": {"type": "Matrix2x2", "payoffs": [[[4.0,14.0],[0.0,10.0]],[[1.0,28.0],[3.0,33.0]]]},
"G726": {"type": "Matrix2x2", "payoffs": [[[80.0,29.0],[7.0,28.0]],[[88.0,73.0],[35.0,15.0]]]},
"G727": {"type": "Matrix2x2", "payoffs": [[[62.0,20.0],[65.0,29.0]],[[5.0,18.0],[0.0,14.0]]]},
"G728": {"type": "Matrix2x2", "payoffs": [[[3.0,30.0],[25.0,71.0]],[[72.0,54.0],[87.0,5.0]]]},
"G729": {"type": "Matrix2x2", "payoffs": [[[48.0,0.0],[35.0,52.0]],[[48.0,16.0],[34.0,27.0]]]},
"G730": {"type": "Matrix2x2", "payoffs": [[[7.0,10.0],[29.0,13.0]],[[25.0,41.0],[38.0,32.0]]]},
"G731": {"type": "Matrix2x2", "payoffs": [[[32.0,3.0],[26.0,3.0]],[[10.0,2.0],[38.0,9.0]]]},
"G732": {"type": "Matrix2x2", "payoffs": [[[4.0,67.0],[9.0,6.0]],[[7.0,8.0],[7.0,44.0]]]},
"G733": {"type": "Matrix2x2", "payoffs": [[[28.0,15.0],[48.0,11.0]],[[22.0,7.0],[33.0,5.0]]]},
"G734": {"type": "Matrix2x2", "payoffs": [[[24.0,12.0],[40.0,21.0]],[[8.0,44.0],[18.0,12.0]]]},
"G735": {"type": "Matrix2x2", "payoffs": [[[25.0,42.0],[28.0,20.0]],[[28.0,12.0],[48.0,2.0]]]},
"G736": {"type": "Matrix2x2", "payoffs": [[[1.0,67.0],[8.0,33.0]],[[10.0,76.0],[1.0,14.0]]]},
"G737": {"type": "Matrix2x2", "payoffs": [[[15.0,70.0],[20.0,36.0]],[[0.0,44.0],[4.0,7.0]]]},
"G738": {"type": "Matrix2x2", "payoffs": [[[4.0,39.0],[40.0,51.0]],[[1.0,15.0],[53.0,43.0]]]},
"G739": {"type": "Matrix2x2", "payoffs": [[[4.0,47.0],[5.0,67.0]],[[5.0,12.0],[2.0,59.0]]]},
"G740": {"type": "Matrix2x2", "payoffs": [[[31.0,35.0],[1.0,49.0]],[[27.0,55.0],[31.0,49.0]]]},
"G741": {"type": "Matrix2x2", "payoffs": [[[1.0,34.0],[0.0,6.0]],[[0.0,25.0],[1.0,1.0]]]},
"G742": {"type": "Matrix2x2", "payoffs": [[[55.0,41.0],[73.0,24.0]],[[31.0,25.0],[60.0,43.0]]]},
"G743": {"type": "Matrix2x2", "payoffs": [[[58.0,48.0],[33.0,2.0]],[[30.0,15.0],[42.0,41.0]]]},
"G744": {"type": "Matrix2x2", "payoffs": [[[13.0,0.0],[14.0,0.0]],[[18.0,0.0],[9.0,0.0]]]},
"G745": {"type": "Matrix2x2", "payoffs": [[[1.0,7.0],[1.0,3.0]],[[5.0,9.0],[5.0,5.0]]]},
"G746": {"type": "Matrix2x2", "payoffs": [[[32.0,17.0],[9.0,11.0]],[[12.0,9.0],[32.0,13.0]]]},
"G747": {"type": "Matrix2x2", "payoffs": [[[48.0,44.0],[58.0,29.0]],[[55.0,46.0],[43.0,33.0]]]},
"G748": {"type": "Matrix2x2", "payoffs": [[[2.0,2.0],[0.0,2.0]],[[1.0,2.0],[3.0,25.0]]]},
"G749": {"type": "Matrix2x2", "payoffs": [[[0.0,32.0],[5.0,51.0]],[[5.0,68.0],[5.0,26.0]]]},
"G750": {"type": "Matrix2x2", "payoffs": [[[12.0,14.0],[31.0,2.0]],[[17.0,35.0],[1.0,23.0]]]},
"G751": {"type": "Matrix2x2", "payoffs": [[[9.0,25.0],[5.0,14.0]],[[3.0,10.0],[2.0,20.0]]]},
"G752": {"type": "Matrix2x2", "payoffs": [[[2.0,13.0],[14.0,4.0]],[[11.0,29.0],[16.0,12.0]]]},
"G753": {"type": "Matrix2x2", "payoffs": [[[16.0,1.0],[5.0,0.0]],[[14.0,0.0],[6.0,1.0]]]},
"G754": {"type": "Matrix2x2", "payoffs": [[[36.0,1.0],[27.0,0.0]],[[14.0,1.0],[87.0,0.0]]]},
"G755": {"type": "Matrix2x2", "payoffs": [[[25.0,19.0],[15.0,66.0]],[[85.0,19.0],[18.0,12.0]]]},
"G756": {"type": "Matrix2x2", "payoffs": [[[19.0,6.0],[20.0,11.0]],[[9.0,9.0],[7.0,11.0]]]},
"G757": {"type": "Matrix2x2", "payoffs": [[[4.0,30.0],[3.0,47.0]],[[2.0,34.0],[2.0,19.0]]]},
"G758": {"type": "Matrix2x2", "payoffs": [[[2.0,3.0],[64.0,28.0]],[[63.0,43.0],[69.0,39.0]]]},
"G759": {"type": "Matrix2x2", "payoffs": [[[31.0,21.0],[16.0,21.0]],[[25.0,14.0],[8.0,2.0]]]},
"G760": {"type": "Matrix2x2", "payoffs": [[[31.0,34.0],[39.0,16.0]],[[30.0,23.0],[37.0,29.0]]]},
"G761": {"type": "Matrix2x2", "payoffs": [[[21.0,10.0],[19.0,24.0]],[[16.0,25.0],[1.0,44.0]]]},
"G762": {"type": "Matrix2x2", "payoffs": [[[51.0,24.0],[75.0,61.0]],[[7.0,0.0],[76.0,66.0]]]},
"G763": {"type": "Matrix2x2", "payoffs": [[[66.0,21.0],[89.0,59.0]],[[19.0,48.0],[30.0,10.0]]]},
"G764": {"type": "Matrix2x2", "payoffs": [[[31.0,40.0],[4.0,31.0]],[[32.0,33.0],[16.0,29.0]]]},
"G765": {"type": "Matrix2x2", "payoffs": [[[8.0,33.0],[42.0,4.0]],[[3.0,17.0],[67.0,10.0]]]},
"G766": {"type": "Matrix2x2", "payoffs": [[[1.0,54.0],[5.0,3.0]],[[8.0,56.0],[3.0,10.0]]]},
"G767": {"type": "Matrix2x2", "payoffs": [[[2.0,31.0],[4.0,22.0]],[[36.0,7.0],[17.0,2.0]]]},
"G768": {"type": "Matrix2x2", "payoffs": [[[65.0,12.0],[30.0,15.0]],[[8.0,20.0],[10.0,24.0]]]},
"G769": {"type": "Matrix2x2", "payoffs": [[[8.0,24.0],[2.0,36.0]],[[6.0,28.0],[1.0,18.0]]]},
"G770": {"type": "Matrix2x2", "payoffs": [[[54.0,34.0],[19.0,18.0]],[[60.0,32.0],[21.0,8.0]]]},
"G771": {"type": "Matrix2x2", "payoffs": [[[59.0,11.0],[3.0,33.0]],[[58.0,13.0],[56.0,4.0]]]},
"G772": {"type": "Matrix2x2", "payoffs": [[[33.0,62.0],[16.0,40.0]],[[33.0,51.0],[12.0,67.0]]]},
"G773": {"type": "Matrix2x2", "payoffs": [[[9.0,4.0],[15.0,4.0]],[[2.0,3.0],[0.0,1.0]]]},
"G774": {"type": "Matrix2x2", "payoffs": [[[33.0,68.0],[31.0,41.0]],[[38.0,73.0],[11.0,71.0]]]},
"G775": {"type": "Matrix2x2", "payoffs": [[[13.0,20.0],[24.0,48.0]],[[3.0,8.0],[13.0,44.0]]]},
"G776": {"type": "Matrix2x2", "payoffs": [[[5.0,21.0],[29.0,10.0]],[[3.0,13.0],[45.0,11.0]]]},
"G777": {"type": "Matrix2x2", "payoffs": [[[6.0,25.0],[6.0,7.0]],[[2.0,16.0],[8.0,15.0]]]},
"G778": {"type": "Matrix2x2", "payoffs": [[[17.0,63.0],[33.0,84.0]],[[15.0,3.0],[11.0,52.0]]]},
"G779": {"type": "Matrix2x2", "payoffs": [[[6.0,56.0],[6.0,27.0]],[[25.0,3.0],[23.0,30.0]]]},
"G780": {"type": "Matrix2x2", "payoffs": [[[26.0,31.0],[10.0,43.0]],[[4.0,39.0],[2.0,37.0]]]},
"G781": {"type": "Matrix2x2", "payoffs": [[[68.0,26.0],[31.0,28.0]],[[7.0,18.0],[87.0,25.0]]]},
"G782": {"type": "Matrix2x2", "payoffs": [[[77.0,37.0],[1.0,7.0]],[[7.0,35.0],[68.0,3.0]]]},
"G783": {"type": "Matrix2x2", "payoffs": [[[13.0,37.0],[4.0,6.0]],[[8.0,32.0],[1.0,42.0]]]},
"G784": {"type": "Matrix2x2", "payoffs": [[[36.0,18.0],[8.0,17.0]],[[46.0,5.0],[42.0,17.0]]]},
"G785": {"type": "Matrix2x2", "payoffs": [[[0.0,11.0],[1.0,0.0]],[[2.0,15.0],[11.0,19.0]]]},
"G786": {"type": "Matrix2x2", "payoffs": [[[14.0,9.0],[31.0,1.0]],[[22.0,8.0],[37.0,3.0]]]},
"G787": {"type": "Matrix2x2", "payoffs": [[[3.0,9.0],[2.0,3.0]],[[1.0,8.0],[0.0,1.0]]]},
"G788": {"type": "Matrix2x2", "payoffs": [[[33.0,18.0],[14.0,10.0]],[[20.0,15.0],[20.0,4.0]]]},
"G789": {"type": "Matrix2x2", "payoffs": [[[1.0,62.0],[0.0,98.0]],[[2.0,22.0],[2.0,63.0]]]},
"G790": {"type": "Matrix2x2", "payoffs": [[[6.0,15.0],[52.0,17.0]],[[50.0,14.0],[53.0,8.0]]]},
"G791": {"type": "Matrix2x2", "payoffs": [[[32.0,45.0],[6.0,29.0]],[[22.0,61.0],[15.0,60.0]]]},
"G792": {"type": "Matrix2x2", "payoffs": [[[64.0,41.0],[37.0,54.0]],[[16.0,48.0],[17.0,55.0]]]},
"G793": {"type": "Matrix2x2", "payoffs": [[[5.0,18.0],[49.0,5.0]],[[59.0,8.0],[42.0,21.0]]]},
"G794": {"type": "Matrix2x2", "payoffs": [[[6.0,10.0],[14.0,16.0]],[[3.0,3.0],[10.0,1.0]]]},
"G795": {"type": "Matrix2x2", "payoffs": [[[23.0,46.0],[22.0,28.0]],[[22.0,27.0],[22.0,60.0]]]},
"G796": {"type": "Matrix2x2", "payoffs": [[[5.0,22.0],[68.0,32.0]],[[37.0,17.0],[58.0,34.0]]]},
"G797": {"type": "Matrix2x2", "payoffs": [[[43.0,30.0],[37.0,7.0]],[[36.0,25.0],[42.0,14.0]]]},
"G798": {"type": "Matrix2x2", "payoffs": [[[53.0,0.0],[26.0,2.0]],[[72.0,6.0],[56.0,1.0]]]},
"G799": {"type": "Matrix2x2", "payoffs": [[[25.0,2.0],[15.0,2.0]],[[2.0,4.0],[6.0,6.0]]]},
"G800": {"type": "Matrix2x2", "payoffs": [[[22.0,25.0],[7.0,33.0]],[[23.0,28.0],[4.0,16.0]]]},
"G801": {"type": "Matrix2x2", "payoffs": [[[33.0,5.0],[36.0,9.0]],[[52.0,9.0],[33.0,9.0]]]},
"G802": {"type": "Matrix2x2", "payoffs": [[[26.0,44.0],[28.0,35.0]],[[9.0,38.0],[5.0,47.0]]]},
"G803": {"type": "Matrix2x2", "payoffs": [[[44.0,12.0],[18.0,49.0]],[[45.0,13.0],[45.0,27.0]]]},
"G804": {"type": "Matrix2x2", "payoffs": [[[58.0,37.0],[37.0,9.0]],[[4.0,6.0],[41.0,35.0]]]},
"G805": {"type": "Matrix2x2", "payoffs": [[[23.0,58.0],[48.0,43.0]],[[11.0,53.0],[28.0,43.0]]]},
"G806": {"type": "Matrix2x2", "payoffs": [[[10.0,7.0],[11.0,5.0]],[[4.0,0.0],[8.0,2.0]]]},
"G807": {"type": "Matrix2x2", "payoffs": [[[47.0,6.0],[22.0,22.0]],[[50.0,15.0],[26.0,2.0]]]},
"G808": {"type": "Matrix2x2", "payoffs": [[[23.0,8.0],[13.0,2.0]],[[25.0,15.0],[40.0,9.0]]]},
"G809": {"type": "Matrix2x2", "payoffs": [[[2.0,31.0],[81.0,61.0]],[[49.0,17.0],[6.0,52.0]]]},
"G810": {"type": "Matrix2x2", "payoffs": [[[18.0,11.0],[18.0,22.0]],[[33.0,6.0],[41.0,5.0]]]},
"G811": {"type": "Matrix2x2", "payoffs": [[[9.0,18.0],[9.0,22.0]],[[3.0,45.0],[2.0,9.0]]]},
"G812": {"type": "Matrix2x2", "payoffs": [[[1.0,10.0],[31.0,19.0]],[[28.0,7.0],[9.0,17.0]]]},
"G813": {"type": "Matrix2x2", "payoffs": [[[49.0,3.0],[48.0,0.0]],[[14.0,8.0],[2.0,0.0]]]},
"G814": {"type": "Matrix2x2", "payoffs": [[[28.0,1.0],[16.0,4.0]],[[33.0,3.0],[8.0,1.0]]]},
"G815": {"type": "Matrix2x2", "payoffs": [[[27.0,4.0],[26.0,2.0]],[[4.0,5.0],[9.0,9.0]]]},
"G816": {"type": "Matrix2x2", "payoffs": [[[22.0,34.0],[3.0,64.0]],[[26.0,68.0],[57.0,48.0]]]},
"G817": {"type": "Matrix2x2", "payoffs": [[[26.0,8.0],[26.0,7.0]],[[1.0,3.0],[27.0,7.0]]]},
"G818": {"type": "Matrix2x2", "payoffs": [[[14.0,89.0],[11.0,17.0]],[[15.0,5.0],[13.0,34.0]]]},
"G819": {"type": "Matrix2x2", "payoffs": [[[46.0,30.0],[28.0,77.0]],[[6.0,79.0],[39.0,25.0]]]},
"G820": {"type": "Matrix2x2", "payoffs": [[[9.0,30.0],[17.0,21.0]],[[6.0,8.0],[18.0,3.0]]]},
"G821": {"type": "Matrix2x2", "payoffs": [[[7.0,49.0],[13.0,5.0]],[[25.0,53.0],[3.0,63.0]]]},
"G822": {"type": "Matrix2x2", "payoffs": [[[67.0,4.0],[35.0,9.0]],[[27.0,1.0],[47.0,4.0]]]},
"G823": {"type": "Matrix2x2", "payoffs": [[[0.0,1.0],[0.0,20.0]],[[1.0,2.0],[0.0,6.0]]]},
"G824": {"type": "Matrix2x2", "payoffs": [[[17.0,16.0],[33.0,45.0]],[[25.0,16.0],[56.0,60.0]]]},
"G825": {"type": "Matrix2x2", "payoffs": [[[26.0,22.0],[45.0,13.0]],[[64.0,18.0],[75.0,1.0]]]},
"G826": {"type": "Matrix2x2", "payoffs": [[[18.0,55.0],[59.0,44.0]],[[47.0,14.0],[5.0,30.0]]]},
"G827": {"type": "Matrix2x2", "payoffs": [[[19.0,22.0],[3.0,20.0]],[[13.0,8.0],[11.0,20.0]]]},
"G828": {"type": "Matrix2x2", "payoffs": [[[7.0,49.0],[2.0,5.0]],[[9.0,0.0],[2.0,19.0]]]},
"G829": {"type": "Matrix2x2", "payoffs": [[[10.0,33.0],[6.0,19.0]],[[16.0,45.0],[15.0,40.0]]]},
"G830": {"type": "Matrix2x2", "payoffs": [[[35.0,3.0],[27.0,8.0]],[[64.0,3.0],[30.0,7.0]]]},
"G831": {"type": "Matrix2x2", "payoffs": [[[5.0,47.0],[18.0,56.0]],[[12.0,50.0],[0.0,10.0]]]},
"G832": {"type": "Matrix2x2", "payoffs": [[[2.0,87.0],[2.0,83.0]],[[1.0,41.0],[5.0,89.0]]]},
"G833": {"type": "Matrix2x2", "payoffs": [[[35.0,15.0],[16.0,24.0]],[[7.0,11.0],[64.0,13.0]]]},
"G834": {"type": "Matrix2x2", "payoffs": [[[1.0,2.0],[16.0,2.0]],[[15.0,0.0],[9.0,1.0]]]},
"G835": {"type": "Matrix2x2", "payoffs": [[[2.0,38.0],[0.0,2.0]],[[7.0,21.0],[2.0,39.0]]]},
"G836": {"type": "Matrix2x2", "payoffs": [[[68.0,20.0],[24.0,32.0]],[[5.0,33.0],[75.0,10.0]]]},
"G837": {"type": "Matrix2x2", "payoffs": [[[19.0,6.0],[38.0,16.0]],[[27.0,15.0],[14.0,3.0]]]},
"G838": {"type": "Matrix2x2", "payoffs": [[[12.0,48.0],[24.0,11.0]],[[9.0,28.0],[29.0,12.0]]]},
"G839": {"type": "Matrix2x2", "payoffs": [[[4.0,14.0],[9.0,24.0]],[[6.0,25.0],[2.0,7.0]]]},
"G840": {"type": "Matrix2x2", "payoffs": [[[31.0,38.0],[65.0,36.0]],[[40.0,21.0],[65.0,41.0]]]},
"G841": {"type": "Matrix2x2", "payoffs": [[[5.0,18.0],[5.0,60.0]],[[5.0,11.0],[13.0,44.0]]]},
"G842": {"type": "Matrix2x2", "payoffs": [[[10.0,53.0],[36.0,7.0]],[[10.0,25.0],[26.0,40.0]]]},
"G843": {"type": "Matrix2x2", "payoffs": [[[70.0,49.0],[78.0,62.0]],[[44.0,16.0],[69.0,11.0]]]},
"G844": {"type": "Matrix2x2", "payoffs": [[[16.0,20.0],[6.0,22.0]],[[21.0,8.0],[7.0,17.0]]]},
"G845": {"type": "Matrix2x2", "payoffs": [[[21.0,27.0],[5.0,6.0]],[[53.0,11.0],[67.0,36.0]]]},
"G846": {"type": "Matrix2x2", "payoffs": [[[5.0,14.0],[13.0,74.0]],[[10.0,94.0],[45.0,38.0]]]},
"G847": {"type": "Matrix2x2", "payoffs": [[[1.0,7.0],[31.0,38.0]],[[11.0,81.0],[20.0,42.0]]]},
"G848": {"type": "Matrix2x2", "payoffs": [[[4.0,7.0],[3.0,31.0]],[[7.0,71.0],[1.0,68.0]]]},
"G849": {"type": "Matrix2x2", "payoffs": [[[12.0,49.0],[2.0,61.0]],[[4.0,67.0],[35.0,59.0]]]},
"G850": {"type": "Matrix2x2", "payoffs": [[[3.0,21.0],[1.0,22.0]],[[4.0,4.0],[3.0,2.0]]]},
"G851": {"type": "Matrix2x2", "payoffs": [[[5.0,27.0],[10.0,8.0]],[[42.0,74.0],[48.0,69.0]]]},
"G852": {"type": "Matrix2x2", "payoffs": [[[7.0,24.0],[6.0,67.0]],[[3.0,66.0],[10.0,7.0]]]},
"G853": {"type": "Matrix2x2", "payoffs": [[[26.0,13.0],[15.0,63.0]],[[0.0,73.0],[35.0,67.0]]]},
"G854": {"type": "Matrix2x2", "payoffs": [[[21.0,8.0],[19.0,21.0]],[[6.0,2.0],[12.0,19.0]]]},
"G855": {"type": "Matrix2x2", "payoffs": [[[7.0,42.0],[3.0,38.0]],[[15.0,22.0],[13.0,8.0]]]},
"G856": {"type": "Matrix2x2", "payoffs": [[[11.0,1.0],[14.0,15.0]],[[15.0,14.0],[10.0,22.0]]]},
"G857": {"type": "Matrix2x2", "payoffs": [[[61.0,22.0],[19.0,1.0]],[[25.0,7.0],[36.0,7.0]]]},
"G858": {"type": "Matrix2x2", "payoffs": [[[23.0,24.0],[34.0,35.0]],[[42.0,16.0],[50.0,31.0]]]},
"G859": {"type": "Matrix2x2", "payoffs": [[[7.0,25.0],[7.0,39.0]],[[7.0,23.0],[42.0,23.0]]]},
"G860": {"type": "Matrix2x2", "payoffs": [[[44.0,35.0],[82.0,17.0]],[[12.0,29.0],[20.0,22.0]]]},
"G861": {"type": "Matrix2x2", "payoffs": [[[32.0,19.0],[18.0,20.0]],[[42.0,21.0],[5.0,19.0]]]},
"G862": {"type": "Matrix2x2", "payoffs": [[[2.0,1.0],[18.0,6.0]],[[2.0,5.0],[17.0,2.0]]]},
"G863": {"type": "Matrix2x2", "payoffs": [[[24.0,25.0],[17.0,38.0]],[[12.0,67.0],[8.0,2.0]]]},
"G864": {"type": "Matrix2x2", "payoffs": [[[2.0,15.0],[8.0,24.0]],[[9.0,25.0],[12.0,11.0]]]},
"G865": {"type": "Matrix2x2", "payoffs": [[[39.0,7.0],[63.0,10.0]],[[77.0,6.0],[72.0,12.0]]]},
"G866": {"type": "Matrix2x2", "payoffs": [[[7.0,9.0],[19.0,23.0]],[[8.0,18.0],[8.0,29.0]]]},
"G867": {"type": "Matrix2x2", "payoffs": [[[15.0,4.0],[64.0,1.0]],[[28.0,0.0],[73.0,4.0]]]},
"G868": {"type": "Matrix2x2", "payoffs": [[[19.0,36.0],[62.0,20.0]],[[44.0,8.0],[49.0,11.0]]]},
"G869": {"type": "Matrix2x2", "payoffs": [[[45.0,8.0],[33.0,10.0]],[[58.0,17.0],[42.0,10.0]]]},
"G870": {"type": "Matrix2x2", "payoffs": [[[0.0,63.0],[0.0,71.0]],[[0.0,55.0],[0.0,22.0]]]},
"G871": {"type": "Matrix2x2", "payoffs": [[[20.0,2.0],[38.0,6.0]],[[33.0,11.0],[36.0,15.0]]]},
"G872": {"type": "Matrix2x2", "payoffs": [[[4.0,13.0],[6.0,25.0]],[[4.0,31.0],[7.0,12.0]]]},
"G873": {"type": "Matrix2x2", "payoffs": [[[47.0,31.0],[14.0,40.0]],[[24.0,22.0],[46.0,18.0]]]},
"G874": {"type": "Matrix2x2", "payoffs": [[[9.0,24.0],[5.0,31.0]],[[14.0,33.0],[26.0,75.0]]]},
"G875": {"type": "Matrix2x2", "payoffs": [[[14.0,68.0],[45.0,70.0]],[[45.0,80.0],[48.0,72.0]]]},
"G876": {"type": "Matrix2x2", "payoffs": [[[16.0,18.0],[31.0,6.0]],[[12.0,18.0],[23.0,19.0]]]},
"G877": {"type": "Matrix2x2", "payoffs": [[[1.0,8.0],[1.0,3.0]],[[0.0,33.0],[0.0,19.0]]]},
"G878": {"type": "Matrix2x2", "payoffs": [[[15.0,17.0],[31.0,25.0]],[[9.0,35.0],[23.0,26.0]]]},
"G879": {"type": "Matrix2x2", "payoffs": [[[31.0,20.0],[23.0,33.0]],[[53.0,47.0],[0.0,19.0]]]},
"G880": {"type": "Matrix2x2", "payoffs": [[[2.0,77.0],[0.0,75.0]],[[0.0,13.0],[3.0,82.0]]]},
"G881": {"type": "Matrix2x2", "payoffs": [[[1.0,20.0],[23.0,9.0]],[[2.0,0.0],[16.0,16.0]]]},
"G882": {"type": "Matrix2x2", "payoffs": [[[39.0,9.0],[27.0,8.0]],[[11.0,2.0],[47.0,5.0]]]},
"G883": {"type": "Matrix2x2", "payoffs": [[[30.0,4.0],[17.0,6.0]],[[15.0,2.0],[30.0,2.0]]]},
"G884": {"type": "Matrix2x2", "payoffs": [[[2.0,9.0],[4.0,6.0]],[[4.0,10.0],[4.0,5.0]]]},
"G885": {"type": "Matrix2x2", "payoffs": [[[23.0,26.0],[11.0,63.0]],[[3.0,55.0],[23.0,41.0]]]},
"G886": {"type": "Matrix2x2", "payoffs": [[[27.0,3.0],[1.0,6.0]],[[19.0,1.0],[55.0,3.0]]]},
"G887": {"type": "Matrix2x2", "payoffs": [[[17.0,8.0],[49.0,10.0]],[[34.0,13.0],[27.0,25.0]]]},
"G888": {"type": "Matrix2x2", "payoffs": [[[7.0,63.0],[30.0,15.0]],[[33.0,4.0],[29.0,4.0]]]},
"G889": {"type": "Matrix2x2", "payoffs": [[[44.0,36.0],[18.0,39.0]],[[9.0,41.0],[68.0,6.0]]]},
"G890": {"type": "Matrix2x2", "payoffs": [[[2.0,3.0],[12.0,1.0]],[[7.0,10.0],[14.0,17.0]]]},
"G891": {"type": "Matrix2x2", "payoffs": [[[37.0,15.0],[66.0,13.0]],[[61.0,35.0],[49.0,39.0]]]},
"G892": {"type": "Matrix2x2", "payoffs": [[[28.0,11.0],[3.0,20.0]],[[12.0,26.0],[8.0,27.0]]]},
"G893": {"type": "Matrix2x2", "payoffs": [[[58.0,64.0],[34.0,19.0]],[[49.0,66.0],[6.0,30.0]]]},
"G894": {"type": "Matrix2x2", "payoffs": [[[69.0,57.0],[82.0,43.0]],[[68.0,64.0],[87.0,73.0]]]},
"G895": {"type": "Matrix2x2", "payoffs": [[[12.0,24.0],[4.0,29.0]],[[4.0,16.0],[25.0,33.0]]]},
"G896": {"type": "Matrix2x2", "payoffs": [[[29.0,65.0],[55.0,27.0]],[[1.0,72.0],[80.0,68.0]]]},
"G897": {"type": "Matrix2x2", "payoffs": [[[22.0,0.0],[35.0,53.0]],[[37.0,54.0],[39.0,91.0]]]},
"G898": {"type": "Matrix2x2", "payoffs": [[[7.0,7.0],[35.0,24.0]],[[35.0,9.0],[12.0,17.0]]]},
"G899": {"type": "Matrix2x2", "payoffs": [[[22.0,10.0],[6.0,37.0]],[[9.0,3.0],[16.0,43.0]]]},
"G900": {"type": "Matrix2x2", "payoffs": [[[6.0,21.0],[5.0,31.0]],[[5.0,33.0],[0.0,8.0]]]},
"G901": {"type": "Matrix2x2", "payoffs": [[[4.0,87.0],[13.0,70.0]],[[25.0,5.0],[20.0,63.0]]]},
"G902": {"type": "Matrix2x2", "payoffs": [[[16.0,33.0],[8.0,15.0]],[[12.0,44.0],[24.0,14.0]]]},
"G903": {"type": "Matrix2x2", "payoffs": [[[42.0,20.0],[42.0,4.0]],[[30.0,22.0],[23.0,19.0]]]},
"G904": {"type": "Matrix2x2", "payoffs": [[[3.0,26.0],[5.0,49.0]],[[3.0,45.0],[8.0,7.0]]]},
"G905": {"type": "Matrix2x2", "payoffs": [[[8.0,12.0],[3.0,13.0]],[[11.0,33.0],[8.0,58.0]]]},
"G906": {"type": "Matrix2x2", "payoffs": [[[33.0,46.0],[19.0,41.0]],[[42.0,47.0],[18.0,33.0]]]},
"G907": {"type": "Matrix2x2", "payoffs": [[[17.0,0.0],[38.0,2.0]],[[44.0,1.0],[2.0,0.0]]]},
"G908": {"type": "Matrix2x2", "payoffs": [[[23.0,1.0],[11.0,0.0]],[[3.0,0.0],[10.0,0.0]]]},
"G909": {"type": "Matrix2x2", "payoffs": [[[34.0,20.0],[16.0,16.0]],[[12.0,17.0],[80.0,4.0]]]},
"G910": {"type": "Matrix2x2", "payoffs": [[[24.0,38.0],[24.0,6.0]],[[19.0,31.0],[24.0,13.0]]]},
"G911": {"type": "Matrix2x2", "payoffs": [[[9.0,4.0],[20.0,16.0]],[[37.0,11.0],[25.0,40.0]]]},
"G912": {"type": "Matrix2x2", "payoffs": [[[22.0,58.0],[28.0,58.0]],[[1.0,45.0],[0.0,36.0]]]},
"G913": {"type": "Matrix2x2", "payoffs": [[[19.0,5.0],[39.0,16.0]],[[47.0,9.0],[65.0,17.0]]]},
"G914": {"type": "Matrix2x2", "payoffs": [[[6.0,17.0],[7.0,25.0]],[[4.0,52.0],[9.0,50.0]]]},
"G915": {"type": "Matrix2x2", "payoffs": [[[84.0,6.0],[29.0,12.0]],[[11.0,7.0],[13.0,10.0]]]},
"G916": {"type": "Matrix2x2", "payoffs": [[[80.0,3.0],[54.0,0.0]],[[32.0,9.0],[43.0,1.0]]]},
"G917": {"type": "Matrix2x2", "payoffs": [[[6.0,43.0],[31.0,10.0]],[[13.0,67.0],[44.0,54.0]]]},
"G918": {"type": "Matrix2x2", "payoffs": [[[3.0,31.0],[6.0,10.0]],[[0.0,8.0],[9.0,69.0]]]},
"G919": {"type": "Matrix2x2", "payoffs": [[[1.0,2.0],[0.0,12.0]],[[1.0,8.0],[1.0,12.0]]]},
"G920": {"type": "Matrix2x2", "payoffs": [[[56.0,4.0],[27.0,46.0]],[[5.0,28.0],[13.0,49.0]]]},
"G921": {"type": "Matrix2x2", "payoffs": [[[23.0,7.0],[27.0,37.0]],[[32.0,56.0],[1.0,17.0]]]},
"G922": {"type": "Matrix2x2", "payoffs": [[[15.0,14.0],[19.0,43.0]],[[21.0,12.0],[32.0,14.0]]]},
"G923": {"type": "Matrix2x2", "payoffs": [[[14.0,52.0],[13.0,45.0]],[[14.0,20.0],[12.0,5.0]]]},
"G924": {"type": "Matrix2x2", "payoffs": [[[11.0,36.0],[22.0,26.0]],[[18.0,32.0],[9.0,16.0]]]},
"G925": {"type": "Matrix2x2", "payoffs": [[[5.0,10.0],[49.0,12.0]],[[19.0,39.0],[21.0,0.0]]]},
"G926": {"type": "Matrix2x2", "payoffs": [[[3.0,71.0],[3.0,25.0]],[[2.0,65.0],[2.0,4.0]]]},
"G927": {"type": "Matrix2x2", "payoffs": [[[37.0,13.0],[26.0,32.0]],[[21.0,68.0],[6.0,43.0]]]},
"G928": {"type": "Matrix2x2", "payoffs": [[[23.0,36.0],[56.0,85.0]],[[17.0,44.0],[82.0,63.0]]]},
"G929": {"type": "Matrix2x2", "payoffs": [[[45.0,4.0],[7.0,4.0]],[[26.0,6.0],[25.0,2.0]]]},
"G930": {"type": "Matrix2x2", "payoffs": [[[0.0,0.0],[1.0,1.0]],[[4.0,1.0],[5.0,2.0]]]},
"G931": {"type": "Matrix2x2", "payoffs": [[[24.0,3.0],[10.0,3.0]],[[17.0,35.0],[29.0,41.0]]]},
"G932": {"type": "Matrix2x2", "payoffs": [[[56.0,16.0],[65.0,6.0]],[[41.0,15.0],[18.0,12.0]]]},
"G933": {"type": "Matrix2x2", "payoffs": [[[0.0,81.0],[0.0,26.0]],[[0.0,85.0],[0.0,27.0]]]},
"G934": {"type": "Matrix2x2", "payoffs": [[[11.0,53.0],[25.0,28.0]],[[3.0,52.0],[32.0,17.0]]]},
"G935": {"type": "Matrix2x2", "payoffs": [[[71.0,19.0],[3.0,3.0]],[[16.0,24.0],[0.0,43.0]]]},
"G936": {"type": "Matrix2x2", "payoffs": [[[8.0,20.0],[11.0,8.0]],[[41.0,21.0],[41.0,13.0]]]},
"G937": {"type": "Matrix2x2", "payoffs": [[[65.0,50.0],[18.0,20.0]],[[3.0,14.0],[38.0,40.0]]]},
"G938": {"type": "Matrix2x2", "payoffs": [[[28.0,21.0],[26.0,27.0]],[[74.0,26.0],[40.0,23.0]]]},
"G939": {"type": "Matrix2x2", "payoffs": [[[33.0,47.0],[70.0,52.0]],[[17.0,26.0],[16.0,7.0]]]},
"G940": {"type": "Matrix2x2", "payoffs": [[[55.0,36.0],[62.0,22.0]],[[14.0,0.0],[7.0,13.0]]]},
"G941": {"type": "Matrix2x2", "payoffs": [[[21.0,10.0],[25.0,20.0]],[[7.0,8.0],[17.0,19.0]]]},
"G942": {"type": "Matrix2x2", "payoffs": [[[83.0,30.0],[30.0,30.0]],[[53.0,6.0],[23.0,31.0]]]},
"G943": {"type": "Matrix2x2", "payoffs": [[[18.0,1.0],[69.0,0.0]],[[21.0,5.0],[23.0,3.0]]]},
"G944": {"type": "Matrix2x2", "payoffs": [[[11.0,30.0],[27.0,61.0]],[[50.0,39.0],[33.0,62.0]]]},
"G945": {"type": "Matrix2x2", "payoffs": [[[24.0,32.0],[23.0,41.0]],[[4.0,54.0],[9.0,79.0]]]},
"G946": {"type": "Matrix2x2", "payoffs": [[[1.0,40.0],[0.0,10.0]],[[0.0,25.0],[0.0,25.0]]]},
"G947": {"type": "Matrix2x2", "payoffs": [[[29.0,13.0],[51.0,15.0]],[[57.0,22.0],[5.0,22.0]]]},
"G948": {"type": "Matrix2x2", "payoffs": [[[94.0,15.0],[48.0,14.0]],[[80.0,30.0],[70.0,40.0]]]},
"G949": {"type": "Matrix2x2", "payoffs": [[[16.0,4.0],[2.0,2.0]],[[0.0,6.0],[15.0,3.0]]]},
"G950": {"type": "Matrix2x2", "payoffs": [[[0.0,1.0],[2.0,1.0]],[[27.0,0.0],[47.0,0.0]]]},
"G951": {"type": "Matrix2x2", "payoffs": [[[66.0,83.0],[49.0,6.0]],[[79.0,92.0],[69.0,60.0]]]},
"G952": {"type": "Matrix2x2", "payoffs": [[[2.0,0.0],[2.0,1.0]],[[65.0,1.0],[80.0,1.0]]]},
"G953": {"type": "Matrix2x2", "payoffs": [[[16.0,42.0],[9.0,44.0]],[[0.0,31.0],[26.0,32.0]]]},
"G954": {"type": "Matrix2x2", "payoffs": [[[8.0,41.0],[7.0,5.0]],[[4.0,59.0],[8.0,60.0]]]},
"G955": {"type": "Matrix2x2", "payoffs": [[[29.0,4.0],[28.0,34.0]],[[27.0,36.0],[45.0,16.0]]]},
"G956": {"type": "Matrix2x2", "payoffs": [[[7.0,5.0],[87.0,0.0]],[[31.0,5.0],[77.0,14.0]]]},
"G957": {"type": "Matrix2x2", "payoffs": [[[37.0,7.0],[28.0,11.0]],[[17.0,4.0],[54.0,12.0]]]},
"G958": {"type": "Matrix2x2", "payoffs": [[[12.0,5.0],[1.0,3.0]],[[8.0,4.0],[3.0,3.0]]]},
"G959": {"type": "Matrix2x2", "payoffs": [[[18.0,1.0],[5.0,4.0]],[[30.0,19.0],[29.0,8.0]]]},
"G960": {"type": "Matrix2x2", "payoffs": [[[9.0,1.0],[22.0,4.0]],[[34.0,4.0],[21.0,2.0]]]},
"G961": {"type": "Matrix2x2", "payoffs": [[[52.0,39.0],[3.0,29.0]],[[16.0,42.0],[49.0,10.0]]]},
"G962": {"type": "Matrix2x2", "payoffs": [[[31.0,21.0],[28.0,8.0]],[[1.0,30.0],[57.0,5.0]]]},
"G963": {"type": "Matrix2x2", "payoffs": [[[2.0,17.0],[3.0,17.0]],[[9.0,16.0],[0.0,16.0]]]},
"G964": {"type": "Matrix2x2", "payoffs": [[[2.0,18.0],[5.0,8.0]],[[2.0,18.0],[0.0,1.0]]]},
"G965": {"type": "Matrix2x2", "payoffs": [[[16.0,18.0],[33.0,72.0]],[[17.0,62.0],[80.0,22.0]]]},
"G966": {"type": "Matrix2x2", "payoffs": [[[26.0,7.0],[26.0,40.0]],[[22.0,29.0],[5.0,61.0]]]},
"G967": {"type": "Matrix2x2", "payoffs": [[[41.0,36.0],[50.0,38.0]],[[48.0,40.0],[48.0,11.0]]]},
"G968": {"type": "Matrix2x2", "payoffs": [[[1.0,29.0],[11.0,19.0]],[[19.0,42.0],[5.0,5.0]]]},
"G969": {"type": "Matrix2x2", "payoffs": [[[10.0,2.0],[10.0,12.0]],[[24.0,19.0],[5.0,26.0]]]},
"G970": {"type": "Matrix2x2", "payoffs": [[[0.0,18.0],[1.0,21.0]],[[1.0,17.0],[1.0,20.0]]]},
"G971": {"type": "Matrix2x2", "payoffs": [[[64.0,45.0],[80.0,32.0]],[[91.0,74.0],[86.0,45.0]]]},
"G972": {"type": "Matrix2x2", "payoffs": [[[44.0,12.0],[36.0,11.0]],[[16.0,18.0],[39.0,4.0]]]},
"G973": {"type": "Matrix2x2", "payoffs": [[[41.0,68.0],[24.0,34.0]],[[83.0,61.0],[50.0,9.0]]]},
"G974": {"type": "Matrix2x2", "payoffs": [[[4.0,40.0],[0.0,6.0]],[[7.0,12.0],[11.0,47.0]]]},
"G975": {"type": "Matrix2x2", "payoffs": [[[15.0,26.0],[24.0,86.0]],[[20.0,2.0],[54.0,24.0]]]},
"G976": {"type": "Matrix2x2", "payoffs": [[[39.0,78.0],[27.0,36.0]],[[68.0,23.0],[54.0,40.0]]]},
"G977": {"type": "Matrix2x2", "payoffs": [[[12.0,61.0],[23.0,80.0]],[[19.0,75.0],[0.0,78.0]]]},
"G978": {"type": "Matrix2x2", "payoffs": [[[47.0,12.0],[7.0,19.0]],[[47.0,18.0],[6.0,58.0]]]},
"G979": {"type": "Matrix2x2", "payoffs": [[[24.0,25.0],[5.0,19.0]],[[89.0,10.0],[59.0,16.0]]]},
"G980": {"type": "Matrix2x2", "payoffs": [[[11.0,4.0],[10.0,37.0]],[[15.0,24.0],[8.0,24.0]]]},
"G981": {"type": "Matrix2x2", "payoffs": [[[12.0,15.0],[17.0,12.0]],[[23.0,1.0],[43.0,3.0]]]},
"G982": {"type": "Matrix2x2", "payoffs": [[[46.0,2.0],[13.0,6.0]],[[4.0,8.0],[2.0,3.0]]]},
"G983": {"type": "Matrix2x2", "payoffs": [[[4.0,11.0],[2.0,24.0]],[[4.0,29.0],[4.0,18.0]]]},
"G984": {"type": "Matrix2x2", "payoffs": [[[2.0,10.0],[2.0,17.0]],[[1.0,18.0],[2.0,11.0]]]},
"G985": {"type": "Matrix2x2", "payoffs": [[[39.0,35.0],[15.0,19.0]],[[10.0,22.0],[7.0,2.0]]]},
"G986": {"type": "Matrix2x2", "payoffs": [[[22.0,1.0],[4.0,2.0]],[[8.0,6.0],[31.0,1.0]]]},
"G987": {"type": "Matrix2x2", "payoffs": [[[13.0,26.0],[1.0,0.0]],[[13.0,26.0],[53.0,13.0]]]},
"G988": {"type": "Matrix2x2", "payoffs": [[[68.0,32.0],[37.0,34.0]],[[68.0,24.0],[10.0,20.0]]]},
"G989": {"type": "Matrix2x2", "payoffs": [[[9.0,26.0],[23.0,20.0]],[[12.0,3.0],[22.0,20.0]]]},
"G990": {"type": "Matrix2x2", "payoffs": [[[10.0,19.0],[10.0,26.0]],[[9.0,23.0],[1.0,10.0]]]},
"G991": {"type": "Matrix2x2", "payoffs": [[[15.0,5.0],[40.0,9.0]],[[31.0,29.0],[31.0,23.0]]]},
"G992": {"type": "Matrix2x2", "payoffs": [[[33.0,7.0],[0.0,2.0]],[[57.0,22.0],[61.0,25.0]]]},
"G993": {"type": "Matrix2x2", "payoffs": [[[25.0,0.0],[6.0,0.0]],[[63.0,0.0],[0.0,0.0]]]},
"G994": {"type": "Matrix2x2", "payoffs": [[[9.0,52.0],[56.0,69.0]],[[15.0,21.0],[43.0,57.0]]]},
"G995": {"type": "Matrix2x2", "payoffs": [[[14.0,11.0],[46.0,4.0]],[[34.0,37.0],[75.0,6.0]]]},
"G996": {"type": "Matrix2x2", "payoffs": [[[45.0,54.0],[49.0,66.0]],[[51.0,52.0],[57.0,57.0]]]},
"G997": {"type": "Matrix2x2", "payoffs": [[[0.0,13.0],[14.0,65.0]],[[4.0,21.0],[17.0,19.0]]]},
"G998": {"type": "Matrix2x2", "payoffs": [[[12.0,44.0],[19.0,28.0]],[[31.0,67.0],[11.0,19.0]]]},
"G999": {"type": "Matrix2x2", "payoffs": [[[44.0,2.0],[26.0,1.0]],[[58.0,12.0],[42.0,13.0]]]},
"G1000": {"type": "Matrix2x2", "payoffs": [[[66.0,27.0],[0.0,1.0]],[[7.0,11.0],[2.0,19.0]]]}
}