{
"numGames": 100,
"G1": {"type": "Matrix2x2", "payoffs": [[[80.0,4.0],[30.0,5.0]],[[73.0,14.0],[31.0,6.0]]]},
"G2": {"type": "Matrix2x2", "payoffs": [[[55.0,20.0],[47.0,35.0]],[[25.0,15.0],[54.0,16.0]]]},
"G3": {"type": "Matrix2x2", "payoffs": [[[0.0,36.0],[0.0,35.0]],[[0.0,3.0],[0.0,41.0]]]},
"G4": {"type": "Matrix2x2", "payoffs": [[[31.0,8.0],[18.0,0.0]],[[26.0,4.0],[17.0,4.0]]]},
"G5": {"type": "Matrix2x2", "payoffs": [[[9.0,12.0],[3.0,7.0]],[[15.0,19.0],[5.0,7.0]]]},
"G6": {"type": "Matrix2x2", "payoffs": [[[20.0,33.0],[93.0,72.0]],[[65.0,61.0],[76.0,33.0]]]},
"G7": {"type": "Matrix2x2", "payoffs": [[[30.0,2.0],[42.0,2.0]],[[51.0,2.0],[59.0,1.0]]]},
"G8": {"type": "Matrix2x2", "payoffs": [[[3.0,1.0],[8.0,18.0]],[[24.0,80.0],[5.0,68.0]]]},
"G9": {"type": "Matrix2x2", "payoffs": [[[9.0,21.0],[10.0,9.0]],[[7.0,25.0],[22.0,17.0]]]},
"G10": {"type": "Matrix2x2", "payoffs": [[[42.0,20.0],[14.0,10.0]],[[41.0,3.0],[20.0,20.0]]]},
"G11": {"type": "Matrix2x2", "payoffs": [[[31.0,12.0],[9.0,4.0]],[[22.0,19.0],[13.0,4.0]]]},
"G12": {"type": "Matrix2x2", "payoffs": [[[5.0,1.0],[68.0,67.0]],[[57.0,33.0],[19.0,75.0]]]},
"G13": {"type": "Matrix2x2", "payoffs": [[[58.0,18.0],[49.0,38.0]],[[35.0,44.0],[48.0,3.0]]]},
"G14": {"type": "Matrix2x2", "payoffs": [[[12.0,9.0],[7.0,59.0]],[[7.0,87.0],[10.0,62.0]]]},
"G15": {"type": "Matrix2x2", "payoffs": [[[13.0,2.0],[35.0,17.0]],[[34.0,15.0],[29.0,12.0]]]},
"G16": {"type": "Matrix2x2", "payoffs": [[[52.0,56.0],[5.0,20.0]],[[55.0,11.0],[34.0,63.0]]]},
"G17": {"type": "Matrix2x2", "payoffs": [[[2.0,31.0],[18.0,26.0]],[[17.0,63.0],[3.0,8.0]]]},
"G18": {"type": "Matrix2x2", "payoffs": [[[6.0,22.0],[5.0,7.0]],[[10.0,5.0],[3.0,40.0]]]},
"G19": {"type": "Matrix2x2", "payoffs": [[[19.0,14.0],[41.0,33.0]],[[27.0,18.0],[1.0,38.0]]]},
"G20": {"type": "Matrix2x2", "payoffs": [[[23.0,11.0],[53.0,6.0]],[[17.0,15.0],[41.0,11.0]]]},
"G21": {"type": "Matrix2x2", "payoffs": [[[10.0,80.0],[5.0,36.0]],[[1.0,10.0],[12.0,74.0]]]},
"G22": {"type": "Matrix2x2", "payoffs": [[[9.0,33.0],[38.0,2.0]],[[27.0,19.0],[21.0,33.0]]]},
"G23": {"type": "Matrix2x2", "payoffs": [[[3.0,68.0],[5.0,28.0]],[[61.0,22.0],[2.0,73.0]]]},
"G24": {"type": "Matrix2x2", "payoffs": [[[42.0,42.0],[9.0,16.0]],[[39.0,43.0],[3.0,47.0]]]},
"G25": {"type": "Matrix2x2", "payoffs": [[[44.0,42.0],[30.0,3.0]],[[59.0,40.0],[50.0,46.0]]]},
"G26": {"type": "Matrix2x2", "payoffs": [[[22.0,36.0],[1.0,80.0]],[[8.0,23.0],[14.0,50.0]]]},
"G27": {"type": "Matrix2x2", "payoffs": [[[7.0,15.0],[14.0,23.0]],[[12.0,31.0],[17.0,41.0]]]},
"G28": {"type": "Matrix2x2", "payoffs": [[[0.0,17.0],[1.0,26.0]],[[1.0,62.0],[1.0,16.0]]]},
"G29": {"type": "Matrix2x2", "payoffs": [[[50.0,48.0],[52.0,14.0]],[[83.0,23.0],[91.0,45.0]]]},
"G30": {"type": "Matrix2x2", "payoffs": [[[4.0,32.0],[9.0,40.0]],[[1.0,36.0],[13.0,30.0]]]},
"G31": {"type": "Matrix2x2", "payoffs": [[[5.0,50.0],[28.0,52.0]],[[38.0,64.0],[28.0,26.0]]]},
"G32": {"type": "Matrix2x2", "payoffs": [[[0.0,0.0],[4.0,0.0]],[[1.0,0.0],[7.0,0.0]]]},
"G33": {"type": "Matrix2x2", "payoffs": [[[49.0,51.0],[57.0,1.0]],[[18.0,39.0],[19.0,1.0]]]},
"G34": {"type": "Matrix2x2", "payoffs": [[[24.0,50.0],[44.0,42.0]],[[76.0,18.0],[22.0,54.0]]]},
"G35": {"type": "Matrix2x2", "payoffs": [[[9.0,15.0],[21.0,19.0]],[[21.0,5.0],[24.0,19.0]]]},
"G36": {"type": "Matrix2x2", "payoffs": [[[16.0,58.0],[24.0,47.0]],[[1.0,75.0],[1.0,56.0]]]},
"G37": {"type": "Matrix2x2", "payoffs": [[[51.0,2.0],[18.0,19.0]],[[37.0,33.0],[13.0,1.0]]]},
"G38": {"type": "Matrix2x2", "payoffs": [[[36.0,12.0],[1.0,18.0]],[[82.0,14.0],[69.0,0.0]]]},
"G39": {"type": "Matrix2x2", "payoffs": [[[1.0,51.0],[1.0,2.0]],[[2.0,53.0],[1.0,69.0]]]},
"G40": {"type": "Matrix2x2", "payoffs": [[[9.0,16.0],[8.0,16.0]],[[2.0,3.0],[10.0,27.0]]]},
"G41": {"type": "Matrix2x2", "payoffs": [[[39.0,8.0],[78.0,25.0]],[[10.0,12.0],[37.0,3.0]]]},
"G42": {"type": "Matrix2x2", "payoffs": [[[44.0,62.0],[36.0,59.0]],[[1.0,37.0],[34.0,59.0]]]},
"G43": {"type": "Matrix2x2", "payoffs": [[[48.0,2.0],[76.0,4.0]],[[20.0,1.0],[11.0,0.0]]]},
"G44": {"type": "Matrix2x2", "payoffs": [[[12.0,16.0],[5.0,25.0]],[[16.0,8.0],[10.0,15.0]]]},
"G45": {"type": "Matrix2x2", "payoffs": [[[31.0,47.0],[84.0,12.0]],[[92.0,36.0],[0.0,23.0]]]},
"G46": {"type": "Matrix2x2", "payoffs": [[[52.0,7.0],[38.0,1.0]],[[28.0,11.0],[38.0,3.0]]]},
"G47": {"type": "Matrix2x2", "payoffs": [[[37.0,1.0],[35.0,5.0]],[[71.0,5.0],[49.0,4.0]]]},
"G48": {"type": "Matrix2x2", "payoffs": [[[50.0,10.0],[74.0,10.0]],[[67.0,4.0],[84.0,23.0]]]},
"G49": {"type": "Matrix2x2", "payoffs": [[[20.0,11.0],[31.0,7.0]],[[1.0,5.0],[28.0,8.0]]]},
"G50": {"type": "Matrix2x2", "payoffs": [[[61.0,42.0],[60.0,26.0]],[[21.0,12.0],[48.0,41.0]]]},
"G51": {"type": "Matrix2x2", "payoffs": [[[72.0,31.0],[7.0,23.0]],[[31.0,20.0],[46.0,43.0]]]},
"G52": {"type": "Matrix2x2", "payoffs": [[[8.0,42.0],[3.0,34.0]],[[44.0,23.0],[33.0,15.0]]]},
"G53": {"type": "Matrix2x2", "payoffs": [[[48.0,23.0],[20.0,21.0]],[[34.0,32.0],[34.0,3.0]]]},
"G54": {"type": "Matrix2x2", "payoffs": [[[21.0,45.0],[19.0,60.0]],[[21.0,22.0],[32.0,49.0]]]},
"G55": {"type": "Matrix2x2", "payoffs": [[[5.0,40.0],[9.0,13.0]],[[7.0,41.0],[7.0,3.0]]]},
"G56": {"type": "Matrix2x2", "payoffs": [[[6.0,23.0],[13.0,27.0]],[[0.0,11.0],[13.0,8.0]]]},
"G57": {"type": "Matrix2x2", "payoffs": [[[9.0,3.0],[29.0,1.0]],[[37.0,2.0],[1.0,4.0]]]},
"G58": {"type": "Matrix2x2", "payoffs": [[[10.0,4.0],[5.0,20.0]],[[53.0,6.0],[14.0,67.0]]]},
"G59": {"type": "Matrix2x2", "payoffs": [[[11.0,2.0],[5.0,1.0]],[[17.0,21.0],[1.0,23.0]]]},
"G60": {"type": "Matrix2x2", "payoffs": [[[7.0,45.0],[12.0,47.0]],[[4.0,13.0],[5.0,7.0]]]},
"G61": {"type": "Matrix2x2", "payoffs": [[[31.0,64.0],[13.0,7.0]],[[21.0,60.0],[4.0,44.0]]]},
"G62": {"type": "Matrix2x2", "payoffs": [[[1.0,26.0],[60.0,30.0]],[[62.0,24.0],[64.0,5.0]]]},
"G63": {"type": "Matrix2x2", "payoffs": [[[0.0,5.0],[12.0,68.0]],[[11.0,19.0],[1.0,83.0]]]},
"G64": {"type": "Matrix2x2", "payoffs": [[[1.0,49.0],[5.0,46.0]],[[3.0,50.0],[13.0,73.0]]]},
"G65": {"type": "Matrix2x2", "payoffs": [[[19.0,30.0],[61.0,17.0]],[[59.0,49.0],[60.0,18.0]]]},
"G66": {"type": "Matrix2x2", "payoffs": [[[20.0,6.0],[2.0,11.0]],[[20.0,12.0],[9.0,22.0]]]},
"G67": {"type": "Matrix2x2", "payoffs": [[[12.0,17.0],[6.0,9.0]],[[1.0,9.0],[15.0,27.0]]]},
"G68": {"type": "Matrix2x2", "payoffs": [[[33.0,5.0],[13.0,4.0]],[[5.0,3.0],[31.0,5.0]]]},
"G69": {"type": "Matrix2x2", "payoffs": [[[44.0,6.0],[21.0,5.0]],[[14.0,8.0],[51.0,12.0]]]},
"G70": {"type": "Matrix2x2", "payoffs": [[[14.0,34.0],[24.0,7.0]],[[7.0,26.0],[20.0,47.0]]]},
"G71": {"type": "Matrix2x2", "payoffs": [[[43.0,2.0],[18.0,1.0]],[[44.0,40.0],[50.0,0.0]]]},
"G72": {"type": "Matrix2x2", "payoffs": [[[15.0,33.0],[27.0,43.0]],[[9.0,41.0],[18.0,37.0]]]},
"G73": {"type": "Matrix2x2", "payoffs": [[[4.0,9.0],[6.0,13.0]],[[1.0,8.0],[6.0,13.0]]]},
"G74": {"type": "Matrix2x2", "payoffs": [[[0.0,77.0],[1.0,85.0]],[[1.0,76.0],[1.0,60.0]]]},
"G75": {"type": "Matrix2x2", "payoffs": [[[4.0,8.0],[11.0,21.0]],[[14.0,8.0],[3.0,25.0]]]},
"G76": {"type": "Matrix2x2", "payoffs": [[[1.0,17.0],[28.0,61.0]],[[28.0,61.0],[21.0,68.0]]]},
"G77": {"type": "Matrix2x2", "payoffs": [[[1.0,1.0],[1.0,9.0]],[[6.0,17.0],[8.0,15.0]]]},
"G78": {"type": "Matrix2x2", "payoffs": [[[1.0,58.0],[44.0,52.0]],[[8.0,6.0],[42.0,29.0]]]},
"G79": {"type": "Matrix2x2", "payoffs": [[[35.0,15.0],[62.0,14.0]],[[3.0,8.0],[3.0,52.0]]]},
"G80": {"type": "Matrix2x2", "payoffs": [[[1.0,68.0],[4.0,3.0]],[[0.0,17.0],[6.0,27.0]]]},
"G81": {"type": "Matrix2x2", "payoffs": [[[8.0,18.0],[2.0,18.0]],[[4.0,9.0],[2.0,1.0]]]},
"G82": {"type": "Matrix2x2", "payoffs": [[[49.0,37.0],[4.0,54.0]],[[46.0,52.0],[3.0,27.0]]]},
"G83": {"type": "Matrix2x2", "payoffs": [[[12.0,32.0],[3.0,75.0]],[[18.0,53.0],[12.0,10.0]]]},
"G84": {"type": "Matrix2x2", "payoffs": [[[29.0,0.0],[24.0,6.0]],[[5.0,3.0],[13.0,1.0]]]},
"G85": {"type": "Matrix2x2", "payoffs": [[[23.0,9.0],[33.0,38.0]],[[31.0,18.0],[26.0,29.0]]]},
"G86": {"type": "Matrix2x2", "payoffs": [[[32.0,26.0],[48.0,47.0]],[[22.0,6.0],[56.0,55.0]]]},
"G87": {"type": "Matrix2x2", "payoffs": [[[13.0,14.0],[20.0,4.0]],[[5.0,28.0],[47.0,23.0]]]},
"G88": {"type": "Matrix2x2", "payoffs": [[[7.0,43.0],[9.0,7.0]],[[1.0,59.0],[11.0,3.0]]]},
"G89": {"type": "Matrix2x2", "payoffs": [[[56.0,0.0],[40.0,2.0]],[[51.0,2.0],[86.0,6.0]]]},
"G90": {"type": "Matrix2x2", "payoffs": [[[59.0,26.0],[50.0,2.0]],[[4.0,26.0],[1.0,24.0]]]},
"G91": {"type": "Matrix2x2", "payoffs": [[[51.0,34.0],[20.0,68.0]],[[21.0,11.0],[53.0,27.0]]]},
"G92": {"type": "Matrix2x2", "payoffs": [[[49.0,7.0],[41.0,2.0]],[[3.0,7.0],[40.0,8.0]]]},
"G93": {"type": "Matrix2x2", "payoffs": [[[53.0,24.0],[54.0,27.0]],[[69.0,35.0],[66.0,42.0]]]},
"G94": {"type": "Matrix2x2", "payoffs": [[[3.0,33.0],[1.0,52.0]],[[2.0,52.0],[3.0,59.0]]]},
"G95": {"type": "Matrix2x2", "payoffs": [[[27.0,8.0],[4.0,28.0]],[[31.0,46.0],[59.0,23.0]]]},
"G96": {"type": "Matrix2x2", "payoffs": [[[0.0,21.0],[8.0,28.0]],[[25.0,7.0],[19.0,7.0]]]},
"G97": {"type": "Matrix2x2", "payoffs": [[[14.0,58.0],[37.0,62.0]],[[6.0,3.0],[28.0,44.0]]]},
"G98": {"type": "Matrix2x2", "payoffs": [[[5.0,30.0],[3.0,50.0]],[[8.0,39.0],[3.0,21.0]]]},
"G99": {"type": "Matrix2x2", "payoffs": [[[11.0,8.0],[4.0,8.0]],[[7.0,6.0],[12.0,2.0]]]},
"G100": {"type": "Matrix2x2", "payoffs": [[[14.0,44.0],[48.0,24.0]],[[33.0,15.0],[4.0,26.0]]]}
}