{
"numGames": 100,
"G1": {"type": "Matrix2x2", "payoffs": [[[8.0,0.0],[23.0,1.0]],[[18.0,1.0],[17.0,2.0]]]},
"G2": {"type": "Matrix2x2", "payoffs": [[[23.0,71.0],[31.0,47.0]],[[56.0,7.0],[33.0,41.0]]]},
"G3": {"type": "Matrix2x2", "payoffs": [[[40.0,19.0],[23.0,23.0]],[[30.0,19.0],[46.0,9.0]]]},
"G4": {"type": "Matrix2x2", "payoffs": [[[2.0,12.0],[75.0,90.0]],[[22.0,82.0],[32.0,62.0]]]},
"G5": {"type": "Matrix2x2", "payoffs": [[[79.0,6.0],[27.0,11.0]],[[6.0,25.0],[66.0,34.0]]]},
"G6": {"type": "Matrix2x2", "payoffs": [[[11.0,10.0],[12.0,64.0]],[[2.0,18.0],[16.0,70.0]]]},
"G7": {"type": "Matrix2x2", "payoffs": [[[10.0,10.0],[0.0,5.0]],[[33.0,28.0],[11.0,54.0]]]},
"G8": {"type": "Matrix2x2", "payoffs": [[[18.0,12.0],[0.0,7.0]],[[1.0,18.0],[19.0,21.0]]]},
"G9": {"type": "Matrix2x2", "payoffs": [[[1.0,12.0],[1.0,4.0]],[[2.0,6.0],[3.0,9.0]]]},
"G10": {"type": "Matrix2x2", "payoffs": [[[0.0,28.0],[6.0,38.0]],[[18.0,5.0],[2.0,37.0]]]},
"G11": {"type": "Matrix2x2", "payoffs": [[[3.0,67.0],[3.0,66.0]],[[2.0,32.0],[4.0,6.0]]]},
"G12": {"type": "Matrix2x2", "payoffs": [[[8.0,27.0],[7.0,26.0]],[[7.0,33.0],[9.0,30.0]]]},
"G13": {"type": "Matrix2x2", "payoffs": [[[19.0,73.0],[1.0,37.0]],[[2.0,5.0],[21.0,53.0]]]},
"G14": {"type": "Matrix2x2", "payoffs": [[[4.0,10.0],[21.0,51.0]],[[0.0,27.0],[24.0,36.0]]]},
"G15": {"type": "Matrix2x2", "payoffs": [[[10.0,2.0],[2.0,15.0]],[[4.0,14.0],[15.0,23.0]]]},
"G16": {"type": "Matrix2x2", "payoffs": [[[0.0,22.0],[0.0,8.0]],[[0.0,19.0],[1.0,1.0]]]},
"G17": {"type": "Matrix2x2", "payoffs": [[[3.0,6.0],[41.0,7.0]],[[13.0,36.0],[58.0,11.0]]]},
"G18": {"type": "Matrix2x2", "payoffs": [[[2.0,15.0],[29.0,7.0]],[[16.0,13.0],[3.0,51.0]]]},
"G19": {"type": "Matrix2x2", "payoffs": [[[55.0,0.0],[30.0,2.0]],[[42.0,2.0],[26.0,3.0]]]},
"G20": {"type": "Matrix2x2", "payoffs": [[[10.0,8.0],[6.0,3.0]],[[0.0,4.0],[6.0,5.0]]]},
"G21": {"type": "Matrix2x2", "payoffs": [[[1.0,0.0],[8.0,2.0]],[[0.0,2.0],[5.0,2.0]]]},
"G22": {"type": "Matrix2x2", "payoffs": [[[26.0,15.0],[26.0,5.0]],[[40.0,6.0],[15.0,15.0]]]},
"G23": {"type": "Matrix2x2", "payoffs": [[[29.0,10.0],[33.0,7.0]],[[22.0,19.0],[19.0,8.0]]]},
"G24": {"type": "Matrix2x2", "payoffs": [[[46.0,9.0],[3.0,5.0]],[[60.0,7.0],[32.0,5.0]]]},
"G25": {"type": "Matrix2x2", "payoffs": [[[9.0,14.0],[15.0,25.0]],[[13.0,34.0],[35.0,7.0]]]},
"G26": {"type": "Matrix2x2", "payoffs": [[[36.0,94.0],[26.0,6.0]],[[12.0,97.0],[47.0,54.0]]]},
"G27": {"type": "Matrix2x2", "payoffs": [[[15.0,2.0],[13.0,11.0]],[[10.0,7.0],[11.0,3.0]]]},
"G28": {"type": "Matrix2x2", "payoffs": [[[10.0,2.0],[9.0,23.0]],[[7.0,14.0],[6.0,23.0]]]},
"G29": {"type": "Matrix2x2", "payoffs": [[[46.0,69.0],[55.0,45.0]],[[10.0,21.0],[40.0,31.0]]]},
"G30": {"type": "Matrix2x2", "payoffs": [[[1.0,28.0],[60.0,27.0]],[[83.0,7.0],[11.0,6.0]]]},
"G31": {"type": "Matrix2x2", "payoffs": [[[19.0,64.0],[18.0,33.0]],[[2.0,52.0],[19.0,19.0]]]},
"G32": {"type": "Matrix2x2", "payoffs": [[[51.0,16.0],[29.0,20.0]],[[34.0,1.0],[19.0,24.0]]]},
"G33": {"type": "Matrix2x2", "payoffs": [[[39.0,29.0],[50.0,66.0]],[[50.0,28.0],[3.0,57.0]]]},
"G34": {"type": "Matrix2x2", "payoffs": [[[69.0,31.0],[24.0,28.0]],[[68.0,28.0],[18.0,15.0]]]},
"G35": {"type": "Matrix2x2", "payoffs": [[[95.0,48.0],[52.0,15.0]],[[35.0,6.0],[57.0,25.0]]]},
"G36": {"type": "Matrix2x2", "payoffs": [[[14.0,7.0],[10.0,14.0]],[[8.0,11.0],[9.0,6.0]]]},
"G37": {"type": "Matrix2x2", "payoffs": [[[9.0,33.0],[5.0,23.0]],[[14.0,5.0],[7.0,11.0]]]},
"G38": {"type": "Matrix2x2", "payoffs": [[[17.0,38.0],[24.0,33.0]],[[7.0,24.0],[9.0,40.0]]]},
"G39": {"type": "Matrix2x2", "payoffs": [[[16.0,5.0],[73.0,52.0]],[[14.0,81.0],[16.0,31.0]]]},
"G40": {"type": "Matrix2x2", "payoffs": [[[44.0,33.0],[43.0,43.0]],[[83.0,27.0],[69.0,52.0]]]},
"G41": {"type": "Matrix2x2", "payoffs": [[[0.0,26.0],[6.0,22.0]],[[3.0,24.0],[6.0,22.0]]]},
"G42": {"type": "Matrix2x2", "payoffs": [[[40.0,10.0],[58.0,3.0]],[[52.0,7.0],[14.0,8.0]]]},
"G43": {"type": "Matrix2x2", "payoffs": [[[21.0,49.0],[75.0,50.0]],[[10.0,52.0],[47.0,40.0]]]},
"G44": {"type": "Matrix2x2", "payoffs": [[[10.0,37.0],[43.0,36.0]],[[5.0,46.0],[4.0,17.0]]]},
"G45": {"type": "Matrix2x2", "payoffs": [[[30.0,10.0],[46.0,30.0]],[[78.0,4.0],[73.0,6.0]]]},
"G46": {"type": "Matrix2x2", "payoffs": [[[57.0,53.0],[71.0,1.0]],[[87.0,16.0],[69.0,56.0]]]},
"G47": {"type": "Matrix2x2", "payoffs": [[[6.0,1.0],[0.0,2.0]],[[2.0,4.0],[6.0,0.0]]]},
"G48": {"type": "Matrix2x2", "payoffs": [[[8.0,13.0],[57.0,4.0]],[[45.0,1.0],[35.0,2.0]]]},
"G49": {"type": "Matrix2x2", "payoffs": [[[28.0,0.0],[16.0,3.0]],[[22.0,2.0],[0.0,4.0]]]},
"G50": {"type": "Matrix2x2", "payoffs": [[[62.0,40.0],[79.0,1.0]],[[74.0,39.0],[89.0,29.0]]]},
"G51": {"type": "Matrix2x2", "payoffs": [[[22.0,16.0],[22.0,41.0]],[[21.0,13.0],[17.0,13.0]]]},
"G52": {"type": "Matrix2x2", "payoffs": [[[4.0,78.0],[17.0,27.0]],[[6.0,8.0],[17.0,67.0]]]},
"G53": {"type": "Matrix2x2", "payoffs": [[[11.0,8.0],[50.0,33.0]],[[33.0,4.0],[51.0,39.0]]]},
"G54": {"type": "Matrix2x2", "payoffs": [[[3.0,2.0],[14.0,7.0]],[[19.0,5.0],[20.0,5.0]]]},
"G55": {"type": "Matrix2x2", "payoffs": [[[10.0,20.0],[12.0,5.0]],[[7.0,8.0],[12.0,20.0]]]},
"G56": {"type": "Matrix2x2", "payoffs": [[[33.0,4.0],[9.0,23.0]],[[6.0,10.0],[4.0,26.0]]]},
"G57": {"type": "Matrix2x2", "payoffs": [[[17.0,18.0],[14.0,10.0]],[[22.0,6.0],[18.0,11.0]]]},
"G58": {"type": "Matrix2x2", "payoffs": [[[20.0,46.0],[6.0,41.0]],[[32.0,5.0],[29.0,25.0]]]},
"G59": {"type": "Matrix2x2", "payoffs": [[[54.0,46.0],[1.0,87.0]],[[34.0,15.0],[22.0,55.0]]]},
"G60": {"type": "Matrix2x2", "payoffs": [[[18.0,58.0],[48.0,26.0]],[[59.0,51.0],[81.0,15.0]]]},
"G61": {"type": "Matrix2x2", "payoffs": [[[3.0,18.0],[11.0,57.0]],[[14.0,16.0],[19.0,21.0]]]},
"G62": {"type": "Matrix2x2", "payoffs": [[[58.0,3.0],[56.0,6.0]],[[90.0,1.0],[36.0,7.0]]]},
"G63": {"type": "Matrix2x2", "payoffs": [[[28.0,9.0],[6.0,10.0]],[[4.0,29.0],[21.0,20.0]]]},
"G64": {"type": "Matrix2x2", "payoffs": [[[22.0,2.0],[3.0,3.0]],[[4.0,1.0],[5.0,3.0]]]},
"G65": {"type": "Matrix2x2", "payoffs": [[[37.0,68.0],[81.0,46.0]],[[67.0,41.0],[38.0,17.0]]]},
"G66": {"type": "Matrix2x2", "payoffs": [[[70.0,16.0],[51.0,1.0]],[[65.0,14.0],[0.0,17.0]]]},
"G67": {"type": "Matrix2x2", "payoffs": [[[86.0,33.0],[38.0,27.0]],[[35.0,32.0],[55.0,35.0]]]},
"G68": {"type": "Matrix2x2", "payoffs": [[[49.0,7.0],[27.0,5.0]],[[80.0,16.0],[53.0,36.0]]]},
"G69": {"type": "Matrix2x2", "payoffs": [[[2.0,43.0],[0.0,39.0]],[[2.0,8.0],[1.0,33.0]]]},
"G70": {"type": "Matrix2x2", "payoffs": [[[53.0,4.0],[9.0,13.0]],[[55.0,30.0],[47.0,39.0]]]},
"G71": {"type": "Matrix2x2", "payoffs": [[[17.0,37.0],[25.0,11.0]],[[23.0,27.0],[26.0,10.0]]]},
"G72": {"type": "Matrix2x2", "payoffs": [[[32.0,2.0],[28.0,68.0]],[[5.0,61.0],[7.0,17.0]]]},
"G73": {"type": "Matrix2x2", "payoffs": [[[9.0,3.0],[7.0,74.0]],[[3.0,23.0],[5.0,75.0]]]},
"G74": {"type": "Matrix2x2", "payoffs": [[[35.0,49.0],[37.0,43.0]],[[20.0,26.0],[35.0,40.0]]]},
"G75": {"type": "Matrix2x2", "payoffs": [[[17.0,6.0],[21.0,4.0]],[[4.0,0.0],[5.0,1.0]]]},
"G76": {"type": "Matrix2x2", "payoffs": [[[24.0,17.0],[2.0,27.0]],[[9.0,47.0],[14.0,49.0]]]},
"G77": {"type": "Matrix2x2", "payoffs": [[[13.0,64.0],[11.0,44.0]],[[10.0,40.0],[16.0,45.0]]]},
"G78": {"type": "Matrix2x2", "payoffs": [[[39.0,67.0],[15.0,30.0]],[[13.0,75.0],[41.0,11.0]]]},
"G79": {"type": "Matrix2x2", "payoffs": [[[18.0,64.0],[4.0,52.0]],[[9.0,3.0],[7.0,52.0]]]},
"G80": {"type": "Matrix2x2", "payoffs": [[[27.0,51.0],[15.0,51.0]],[[6.0,38.0],[9.0,41.0]]]},
"G81": {"type": "Matrix2x2", "payoffs": [[[22.0,29.0],[67.0,11.0]],[[65.0,31.0],[24.0,35.0]]]},
"G82": {"type": "Matrix2x2", "payoffs": [[[15.0,13.0],[14.0,12.0]],[[6.0,20.0],[25.0,13.0]]]},
"G83": {"type": "Matrix2x2", "payoffs": [[[5.0,2.0],[4.0,13.0]],[[6.0,9.0],[1.0,0.0]]]},
"G84": {"type": "Matrix2x2", "payoffs": [[[41.0,13.0],[14.0,24.0]],[[22.0,17.0],[54.0,11.0]]]},
"G85": {"type": "Matrix2x2", "payoffs": [[[19.0,10.0],[47.0,31.0]],[[47.0,35.0],[40.0,53.0]]]},
"G86": {"type": "Matrix2x2", "payoffs": [[[12.0,23.0],[10.0,3.0]],[[19.0,21.0],[32.0,1.0]]]},
"G87": {"type": "Matrix2x2", "payoffs": [[[25.0,1.0],[6.0,3.0]],[[29.0,1.0],[7.0,5.0]]]},
"G88": {"type": "Matrix2x2", "payoffs": [[[21.0,69.0],[10.0,17.0]],[[65.0,9.0],[38.0,56.0]]]},
"G89": {"type": "Matrix2x2", "payoffs": [[[6.0,3.0],[17.0,23.0]],[[19.0,44.0],[9.0,27.0]]]},
"G90": {"type": "Matrix2x2", "payoffs": [[[17.0,75.0],[57.0,42.0]],[[41.0,54.0],[38.0,19.0]]]},
"G91": {"type": "Matrix2x2", "payoffs": [[[19.0,7.0],[35.0,10.0]],[[11.0,10.0],[36.0,10.0]]]},
"G92": {"type": "Matrix2x2", "payoffs": [[[2.0,6.0],[14.0,4.0]],[[37.0,1.0],[76.0,15.0]]]},
"G93": {"type": "Matrix2x2", "payoffs": [[[12.0,34.0],[29.0,39.0]],[[14.0,23.0],[6.0,11.0]]]},
"G94": {"type": "Matrix2x2", "payoffs": [[[38.0,2.0],[47.0,9.0]],[[9.0,6.0],[5.0,4.0]]]},
"G95": {"type": "Matrix2x2", "payoffs": [[[3.0,12.0],[32.0,2.0]],[[40.0,21.0],[2.0,20.0]]]},
"G96": {"type": "Matrix2x2", "payoffs": [[[12.0,59.0],[4.0,3.0]],[[26.0,45.0],[27.0,62.0]]]},
"G97": {"type": "Matrix2x2", "payoffs": [[[9.0,3.0],[22.0,3.0]],[[15.0,6.0],[2.0,6.0]]]},
"G98": {"type": "Matrix2x2", "payoffs": [[[15.0,13.0],[15.0,13.0]],[[19.0,21.0],[17.0,22.0]]]},
"G99": {"type": "Matrix2x2", "payoffs": [[[49.0,24.0],[47.0,33.0]],[[7.0,40.0],[49.0,35.0]]]},
"G100": {"type": "Matrix2x2", "payoffs": [[[25.0,51.0],[13.0,27.0]],[[42.0,24.0],[14.0,48.0]]]}
}