{
"numGames": 100,
"G1": {"type": "Matrix2x2", "payoffs": [[[1.0,18.0],[12.0,47.0]],[[41.0,30.0],[24.0,8.0]]]},
"G2": {"type": "Matrix2x2", "payoffs": [[[4.0,8.0],[31.0,54.0]],[[26.0,84.0],[37.0,49.0]]]},
"G3": {"type": "Matrix2x2", "payoffs": [[[0.0,41.0],[20.0,5.0]],[[47.0,22.0],[70.0,40.0]]]},
"G4": {"type": "Matrix2x2", "payoffs": [[[2.0,2.0],[7.0,2.0]],[[6.0,1.0],[6.0,3.0]]]},
"G5": {"type": "Matrix2x2", "payoffs": [[[4.0,72.0],[26.0,18.0]],[[15.0,57.0],[60.0,72.0]]]},
"G6": {"type": "Matrix2x2", "payoffs": [[[46.0,18.0],[39.0,36.0]],[[3.0,21.0],[54.0,6.0]]]},
"G7": {"type": "Matrix2x2", "payoffs": [[[37.0,1.0],[28.0,3.0]],[[22.0,1.0],[0.0,4.0]]]},
"G8": {"type": "Matrix2x2", "payoffs": [[[60.0,13.0],[13.0,57.0]],[[20.0,13.0],[64.0,40.0]]]},
"G9": {"type": "Matrix2x2", "payoffs": [[[7.0,55.0],[11.0,8.0]],[[10.0,4.0],[2.0,88.0]]]},
"G10": {"type": "Matrix2x2", "payoffs": [[[10.0,4.0],[12.0,14.0]],[[32.0,13.0],[32.0,33.0]]]},
"G11": {"type": "Matrix2x2", "payoffs": [[[49.0,5.0],[96.0,21.0]],[[42.0,13.0],[9.0,4.0]]]},
"G12": {"type": "Matrix2x2", "payoffs": [[[18.0,19.0],[20.0,11.0]],[[7.0,14.0],[11.0,18.0]]]},
"G13": {"type": "Matrix2x2", "payoffs": [[[56.0,46.0],[15.0,3.0]],[[18.0,0.0],[79.0,2.0]]]},
"G14": {"type": "Matrix2x2", "payoffs": [[[42.0,2.0],[7.0,4.0]],[[51.0,5.0],[27.0,4.0]]]},
"G15": {"type": "Matrix2x2", "payoffs": [[[12.0,7.0],[31.0,3.0]],[[6.0,2.0],[33.0,4.0]]]},
"G16": {"type": "Matrix2x2", "payoffs": [[[4.0,14.0],[60.0,10.0]],[[27.0,35.0],[39.0,5.0]]]},
"G17": {"type": "Matrix2x2", "payoffs": [[[46.0,3.0],[42.0,4.0]],[[10.0,3.0],[42.0,3.0]]]},
"G18": {"type": "Matrix2x2", "payoffs": [[[6.0,0.0],[4.0,0.0]],[[15.0,0.0],[9.0,0.0]]]},
"G19": {"type": "Matrix2x2", "payoffs": [[[28.0,31.0],[28.0,18.0]],[[30.0,39.0],[9.0,4.0]]]},
"G20": {"type": "Matrix2x2", "payoffs": [[[1.0,31.0],[17.0,32.0]],[[39.0,20.0],[41.0,11.0]]]},
"G21": {"type": "Matrix2x2", "payoffs": [[[9.0,16.0],[23.0,27.0]],[[17.0,16.0],[16.0,8.0]]]},
"G22": {"type": "Matrix2x2", "payoffs": [[[56.0,2.0],[80.0,4.0]],[[71.0,31.0],[34.0,33.0]]]},
"G23": {"type": "Matrix2x2", "payoffs": [[[55.0,1.0],[17.0,1.0]],[[42.0,0.0],[65.0,0.0]]]},
"G24": {"type": "Matrix2x2", "payoffs": [[[31.0,12.0],[25.0,48.0]],[[24.0,10.0],[16.0,29.0]]]},
"G25": {"type": "Matrix2x2", "payoffs": [[[25.0,59.0],[23.0,6.0]],[[3.0,39.0],[43.0,10.0]]]},
"G26": {"type": "Matrix2x2", "payoffs": [[[43.0,13.0],[4.0,5.0]],[[50.0,12.0],[40.0,5.0]]]},
"G27": {"type": "Matrix2x2", "payoffs": [[[44.0,8.0],[52.0,10.0]],[[19.0,8.0],[15.0,1.0]]]},
"G28": {"type": "Matrix2x2", "payoffs": [[[38.0,4.0],[44.0,1.0]],[[40.0,0.0],[11.0,3.0]]]},
"G29": {"type": "Matrix2x2", "payoffs": [[[18.0,0.0],[30.0,1.0]],[[46.0,0.0],[11.0,0.0]]]},
"G30": {"type": "Matrix2x2", "payoffs": [[[6.0,46.0],[9.0,67.0]],[[5.0,32.0],[4.0,73.0]]]},
"G31": {"type": "Matrix2x2", "payoffs": [[[56.0,55.0],[67.0,16.0]],[[76.0,74.0],[10.0,8.0]]]},
"G32": {"type": "Matrix2x2", "payoffs": [[[6.0,7.0],[5.0,1.0]],[[2.0,35.0],[0.0,29.0]]]},
"G33": {"type": "Matrix2x2", "payoffs": [[[7.0,8.0],[5.0,1.0]],[[5.0,12.0],[4.0,16.0]]]},
"G34": {"type": "Matrix2x2", "payoffs": [[[55.0,48.0],[29.0,67.0]],[[45.0,26.0],[15.0,10.0]]]},
"G35": {"type": "Matrix2x2", "payoffs": [[[40.0,36.0],[49.0,12.0]],[[49.0,15.0],[46.0,13.0]]]},
"G36": {"type": "Matrix2x2", "payoffs": [[[22.0,3.0],[17.0,5.0]],[[11.0,4.0],[16.0,10.0]]]},
"G37": {"type": "Matrix2x2", "payoffs": [[[5.0,18.0],[1.0,53.0]],[[8.0,2.0],[3.0,4.0]]]},
"G38": {"type": "Matrix2x2", "payoffs": [[[25.0,69.0],[11.0,62.0]],[[9.0,52.0],[22.0,0.0]]]},
"G39": {"type": "Matrix2x2", "payoffs": [[[21.0,51.0],[33.0,90.0]],[[36.0,76.0],[25.0,75.0]]]},
"G40": {"type": "Matrix2x2", "payoffs": [[[25.0,0.0],[76.0,15.0]],[[73.0,9.0],[73.0,19.0]]]},
"G41": {"type": "Matrix2x2", "payoffs": [[[4.0,37.0],[1.0,29.0]],[[8.0,2.0],[16.0,5.0]]]},
"G42": {"type": "Matrix2x2", "payoffs": [[[41.0,50.0],[75.0,10.0]],[[60.0,52.0],[17.0,87.0]]]},
"G43": {"type": "Matrix2x2", "payoffs": [[[5.0,40.0],[21.0,23.0]],[[15.0,14.0],[10.0,6.0]]]},
"G44": {"type": "Matrix2x2", "payoffs": [[[8.0,5.0],[10.0,37.0]],[[16.0,20.0],[2.0,66.0]]]},
"G45": {"type": "Matrix2x2", "payoffs": [[[4.0,9.0],[8.0,3.0]],[[6.0,7.0],[3.0,13.0]]]},
"G46": {"type": "Matrix2x2", "payoffs": [[[36.0,2.0],[20.0,21.0]],[[21.0,13.0],[23.0,23.0]]]},
"G47": {"type": "Matrix2x2", "payoffs": [[[8.0,2.0],[5.0,12.0]],[[15.0,7.0],[2.0,3.0]]]},
"G48": {"type": "Matrix2x2", "payoffs": [[[29.0,68.0],[50.0,2.0]],[[28.0,56.0],[14.0,48.0]]]},
"G49": {"type": "Matrix2x2", "payoffs": [[[15.0,1.0],[20.0,1.0]],[[16.0,1.0],[18.0,1.0]]]},
"G50": {"type": "Matrix2x2", "payoffs": [[[8.0,14.0],[22.0,22.0]],[[31.0,64.0],[41.0,1.0]]]},
"G51": {"type": "Matrix2x2", "payoffs": [[[1.0,44.0],[2.0,32.0]],[[2.0,70.0],[0.0,27.0]]]},
"G52": {"type": "Matrix2x2", "payoffs": [[[7.0,21.0],[47.0,13.0]],[[54.0,5.0],[3.0,7.0]]]},
"G53": {"type": "Matrix2x2", "payoffs": [[[0.0,41.0],[35.0,17.0]],[[45.0,3.0],[3.0,22.0]]]},
"G54": {"type": "Matrix2x2", "payoffs": [[[70.0,4.0],[26.0,13.0]],[[19.0,1.0],[87.0,4.0]]]},
"G55": {"type": "Matrix2x2", "payoffs": [[[66.0,1.0],[63.0,5.0]],[[22.0,7.0],[87.0,4.0]]]},
"G56": {"type": "Matrix2x2", "payoffs": [[[2.0,0.0],[38.0,29.0]],[[26.0,29.0],[8.0,15.0]]]},
"G57": {"type": "Matrix2x2", "payoffs": [[[84.0,68.0],[64.0,74.0]],[[48.0,46.0],[84.0,28.0]]]},
"G58": {"type": "Matrix2x2", "payoffs": [[[45.0,6.0],[24.0,6.0]],[[66.0,9.0],[57.0,4.0]]]},
"G59": {"type": "Matrix2x2", "payoffs": [[[44.0,40.0],[55.0,29.0]],[[18.0,10.0],[31.0,86.0]]]},
"G60": {"type": "Matrix2x2", "payoffs": [[[14.0,2.0],[18.0,2.0]],[[17.0,1.0],[34.0,1.0]]]},
"G61": {"type": "Matrix2x2", "payoffs": [[[27.0,15.0],[37.0,30.0]],[[10.0,58.0],[10.0,36.0]]]},
"G62": {"type": "Matrix2x2", "payoffs": [[[37.0,4.0],[73.0,6.0]],[[35.0,3.0],[51.0,5.0]]]},
"G63": {"type": "Matrix2x2", "payoffs": [[[8.0,56.0],[7.0,43.0]],[[6.0,25.0],[0.0,49.0]]]},
"G64": {"type": "Matrix2x2", "payoffs": [[[0.0,16.0],[4.0,34.0]],[[14.0,14.0],[29.0,12.0]]]},
"G65": {"type": "Matrix2x2", "payoffs": [[[11.0,4.0],[66.0,8.0]],[[40.0,14.0],[35.0,10.0]]]},
"G66": {"type": "Matrix2x2", "payoffs": [[[7.0,5.0],[1.0,1.0]],[[88.0,4.0],[35.0,4.0]]]},
"G67": {"type": "Matrix2x2", "payoffs": [[[45.0,16.0],[56.0,25.0]],[[49.0,20.0],[5.0,7.0]]]},
"G68": {"type": "Matrix2x2", "payoffs": [[[1.0,44.0],[5.0,20.0]],[[2.0,37.0],[2.0,45.0]]]},
"G69": {"type": "Matrix2x2", "payoffs": [[[75.0,27.0],[76.0,29.0]],[[78.0,38.0],[21.0,17.0]]]},
"G70": {"type": "Matrix2x2", "payoffs": [[[17.0,54.0],[17.0,6.0]],[[35.0,13.0],[13.0,32.0]]]},
"G71": {"type": "Matrix2x2", "payoffs": [[[31.0,15.0],[13.0,2.0]],[[44.0,1.0],[74.0,15.0]]]},
"G72": {"type": "Matrix2x2", "payoffs": [[[21.0,80.0],[26.0,97.0]],[[7.0,34.0],[7.0,4.0]]]},
"G73": {"type": "Matrix2x2", "payoffs": [[[2.0,49.0],[53.0,87.0]],[[15.0,52.0],[5.0,58.0]]]},
"G74": {"type": "Matrix2x2", "payoffs": [[[48.0,11.0],[9.0,7.0]],[[61.0,14.0],[12.0,5.0]]]},
"G75": {"type": "Matrix2x2", "payoffs": [[[52.0,8.0],[7.0,13.0]],[[53.0,14.0],[47.0,1.0]]]},
"G76": {"type": "Matrix2x2", "payoffs": [[[2.0,1.0],[65.0,3.0]],[[72.0,2.0],[63.0,1.0]]]},
"G77": {"type": "Matrix2x2", "payoffs": [[[72.0,7.0],[52.0,7.0]],[[46.0,8.0],[19.0,1.0]]]},
"G78": {"type": "Matrix2x2", "payoffs": [[[19.0,44.0],[2.0,10.0]],[[3.0,22.0],[22.0,16.0]]]},
"G79": {"type": "Matrix2x2", "payoffs": [[[5.0,0.0],[46.0,6.0]],[[17.0,11.0],[29.0,1.0]]]},
"G80": {"type": "Matrix2x2", "payoffs": [[[67.0,4.0],[74.0,9.0]],[[11.0,8.0],[45.0,9.0]]]},
"G81": {"type": "Matrix2x2", "payoffs": [[[76.0,25.0],[28.0,36.0]],[[34.0,20.0],[51.0,34.0]]]},
"G82": {"type": "Matrix2x2", "payoffs": [[[4.0,3.0],[1.0,20.0]],[[3.0,44.0],[9.0,28.0]]]},
"G83": {"type": "Matrix2x2", "payoffs": [[[6.0,3.0],[4.0,19.0]],[[0.0,20.0],[5.0,2.0]]]},
"G84": {"type": "Matrix2x2", "payoffs": [[[15.0,13.0],[3.0,12.0]],[[27.0,15.0],[20.0,6.0]]]},
"G85": {"type": "Matrix2x2", "payoffs": [[[24.0,10.0],[9.0,19.0]],[[27.0,14.0],[79.0,9.0]]]},
"G86": {"type": "Matrix2x2", "payoffs": [[[10.0,2.0],[29.0,0.0]],[[2.0,0.0],[22.0,2.0]]]},
"G87": {"type": "Matrix2x2", "payoffs": [[[76.0,30.0],[7.0,10.0]],[[71.0,42.0],[58.0,17.0]]]},
"G88": {"type": "Matrix2x2", "payoffs": [[[72.0,74.0],[79.0,36.0]],[[23.0,8.0],[67.0,95.0]]]},
"G89": {"type": "Matrix2x2", "payoffs": [[[23.0,1.0],[35.0,10.0]],[[18.0,16.0],[53.0,12.0]]]},
"G90": {"type": "Matrix2x2", "payoffs": [[[24.0,71.0],[45.0,9.0]],[[6.0,66.0],[13.0,51.0]]]},
"G91": {"type": "Matrix2x2", "payoffs": [[[7.0,7.0],[8.0,3.0]],[[75.0,4.0],[34.0,5.0]]]},
"G92": {"type": "Matrix2x2", "payoffs": [[[9.0,27.0],[12.0,11.0]],[[40.0,8.0],[4.0,14.0]]]},
"G93": {"type": "Matrix2x2", "payoffs": [[[43.0,17.0],[47.0,41.0]],[[48.0,31.0],[46.0,4.0]]]},
"G94": {"type": "Matrix2x2", "payoffs": [[[18.0,20.0],[17.0,27.0]],[[14.0,30.0],[17.0,28.0]]]},
"G95": {"type": "Matrix2x2", "payoffs": [[[5.0,56.0],[18.0,73.0]],[[18.0,39.0],[9.0,21.0]]]},
"G96": {"type": "Matrix2x2", "payoffs": [[[13.0,10.0],[2.0,21.0]],[[43.0,38.0],[42.0,5.0]]]},
"G97": {"type": "Matrix2x2", "payoffs": [[[6.0,8.0],[6.0,65.0]],[[1.0,17.0],[12.0,51.0]]]},
"G98": {"type": "Matrix2x2", "payoffs": [[[29.0,10.0],[35.0,6.0]],[[0.0,31.0],[26.0,5.0]]]},
"G99": {"type": "Matrix2x2", "payoffs": [[[43.0,2.0],[41.0,51.0]],[[17.0,19.0],[45.0,77.0]]]},
"G100": {"type": "Matrix2x2", "payoffs": [[[14.0,47.0],[15.0,14.0]],[[4.0,52.0],[6.0,1.0]]]}
}