{
"numGames": 100,
"G1": {"type": "Matrix2x2", "payoffs": [[[52.0,17.0],[52.0,18.0]],[[73.0,6.0],[65.0,21.0]]]},
"G2": {"type": "Matrix2x2", "payoffs": [[[27.0,27.0],[8.0,12.0]],[[6.0,28.0],[15.0,21.0]]]},
"G3": {"type": "Matrix2x2", "payoffs": [[[51.0,6.0],[36.0,73.0]],[[12.0,50.0],[47.0,59.0]]]},
"G4": {"type": "Matrix2x2", "payoffs": [[[59.0,27.0],[29.0,4.0]],[[43.0,14.0],[53.0,8.0]]]},
"G5": {"type": "Matrix2x2", "payoffs": [[[21.0,31.0],[19.0,1.0]],[[9.0,23.0],[19.0,24.0]]]},
"G6": {"type": "Matrix2x2", "payoffs": [[[20.0,9.0],[2.0,15.0]],[[12.0,11.0],[48.0,3.0]]]},
"G7": {"type": "Matrix2x2", "payoffs": [[[37.0,13.0],[28.0,11.0]],[[3.0,3.0],[31.0,15.0]]]},
"G8": {"type": "Matrix2x2", "payoffs": [[[38.0,0.0],[12.0,0.0]],[[9.0,1.0],[5.0,0.0]]]},
"G9": {"type": "Matrix2x2", "payoffs": [[[78.0,11.0],[34.0,4.0]],[[36.0,50.0],[2.0,8.0]]]},
"G10": {"type": "Matrix2x2", "payoffs": [[[56.0,19.0],[53.0,2.0]],[[10.0,16.0],[22.0,10.0]]]},
"G11": {"type": "Matrix2x2", "payoffs": [[[37.0,8.0],[23.0,12.0]],[[39.0,24.0],[6.0,38.0]]]},
"G12": {"type": "Matrix2x2", "payoffs": [[[54.0,26.0],[48.0,23.0]],[[26.0,13.0],[1.0,8.0]]]},
"G13": {"type": "Matrix2x2", "payoffs": [[[3.0,2.0],[63.0,47.0]],[[1.0,44.0],[90.0,11.0]]]},
"G14": {"type": "Matrix2x2", "payoffs": [[[33.0,30.0],[26.0,14.0]],[[65.0,15.0],[12.0,22.0]]]},
"G15": {"type": "Matrix2x2", "payoffs": [[[9.0,4.0],[3.0,0.0]],[[7.0,8.0],[21.0,10.0]]]},
"G16": {"type": "Matrix2x2", "payoffs": [[[23.0,50.0],[22.0,1.0]],[[19.0,47.0],[34.0,37.0]]]},
"G17": {"type": "Matrix2x2", "payoffs": [[[9.0,0.0],[9.0,0.0]],[[13.0,0.0],[4.0,0.0]]]},
"G18": {"type": "Matrix2x2", "payoffs": [[[35.0,7.0],[7.0,6.0]],[[20.0,23.0],[14.0,15.0]]]},
"G19": {"type": "Matrix2x2", "payoffs": [[[66.0,9.0],[79.0,2.0]],[[79.0,19.0],[57.0,1.0]]]},
"G20": {"type": "Matrix2x2", "payoffs": [[[1.0,51.0],[2.0,66.0]],[[6.0,33.0],[0.0,6.0]]]},
"G21": {"type": "Matrix2x2", "payoffs": [[[27.0,20.0],[75.0,47.0]],[[12.0,44.0],[26.0,41.0]]]},
"G22": {"type": "Matrix2x2", "payoffs": [[[35.0,14.0],[25.0,15.0]],[[28.0,26.0],[54.0,1.0]]]},
"G23": {"type": "Matrix2x2", "payoffs": [[[3.0,16.0],[22.0,55.0]],[[32.0,43.0],[0.0,38.0]]]},
"G24": {"type": "Matrix2x2", "payoffs": [[[76.0,31.0],[57.0,14.0]],[[46.0,29.0],[34.0,33.0]]]},
"G25": {"type": "Matrix2x2", "payoffs": [[[9.0,11.0],[33.0,3.0]],[[76.0,9.0],[68.0,19.0]]]},
"G26": {"type": "Matrix2x2", "payoffs": [[[37.0,4.0],[6.0,1.0]],[[30.0,18.0],[31.0,15.0]]]},
"G27": {"type": "Matrix2x2", "payoffs": [[[35.0,0.0],[16.0,9.0]],[[42.0,18.0],[42.0,1.0]]]},
"G28": {"type": "Matrix2x2", "payoffs": [[[31.0,0.0],[17.0,6.0]],[[60.0,9.0],[24.0,12.0]]]},
"G29": {"type": "Matrix2x2", "payoffs": [[[15.0,44.0],[2.0,10.0]],[[40.0,57.0],[53.0,31.0]]]},
"G30": {"type": "Matrix2x2", "payoffs": [[[24.0,3.0],[14.0,1.0]],[[8.0,3.0],[29.0,3.0]]]},
"G31": {"type": "Matrix2x2", "payoffs": [[[5.0,5.0],[10.0,10.0]],[[7.0,4.0],[31.0,6.0]]]},
"G32": {"type": "Matrix2x2", "payoffs": [[[51.0,23.0],[50.0,27.0]],[[40.0,22.0],[64.0,7.0]]]},
"G33": {"type": "Matrix2x2", "payoffs": [[[36.0,3.0],[29.0,14.0]],[[54.0,11.0],[36.0,17.0]]]},
"G34": {"type": "Matrix2x2", "payoffs": [[[72.0,16.0],[76.0,49.0]],[[42.0,87.0],[38.0,69.0]]]},
"G35": {"type": "Matrix2x2", "payoffs": [[[4.0,28.0],[35.0,18.0]],[[74.0,2.0],[91.0,16.0]]]},
"G36": {"type": "Matrix2x2", "payoffs": [[[3.0,54.0],[10.0,15.0]],[[15.0,46.0],[0.0,26.0]]]},
"G37": {"type": "Matrix2x2", "payoffs": [[[78.0,19.0],[74.0,33.0]],[[10.0,31.0],[11.0,14.0]]]},
"G38": {"type": "Matrix2x2", "payoffs": [[[48.0,42.0],[4.0,0.0]],[[33.0,48.0],[28.0,11.0]]]},
"G39": {"type": "Matrix2x2", "payoffs": [[[29.0,4.0],[45.0,6.0]],[[7.0,3.0],[46.0,11.0]]]},
"G40": {"type": "Matrix2x2", "payoffs": [[[14.0,54.0],[8.0,3.0]],[[17.0,15.0],[6.0,15.0]]]},
"G41": {"type": "Matrix2x2", "payoffs": [[[13.0,33.0],[14.0,5.0]],[[7.0,14.0],[19.0,13.0]]]},
"G42": {"type": "Matrix2x2", "payoffs": [[[3.0,54.0],[53.0,54.0]],[[20.0,31.0],[50.0,80.0]]]},
"G43": {"type": "Matrix2x2", "payoffs": [[[53.0,46.0],[48.0,58.0]],[[23.0,26.0],[53.0,55.0]]]},
"G44": {"type": "Matrix2x2", "payoffs": [[[8.0,20.0],[34.0,33.0]],[[25.0,24.0],[2.0,28.0]]]},
"G45": {"type": "Matrix2x2", "payoffs": [[[18.0,17.0],[16.0,16.0]],[[5.0,14.0],[1.0,5.0]]]},
"G46": {"type": "Matrix2x2", "payoffs": [[[16.0,16.0],[2.0,9.0]],[[18.0,35.0],[9.0,35.0]]]},
"G47": {"type": "Matrix2x2", "payoffs": [[[19.0,12.0],[7.0,39.0]],[[9.0,1.0],[26.0,5.0]]]},
"G48": {"type": "Matrix2x2", "payoffs": [[[7.0,24.0],[11.0,35.0]],[[5.0,2.0],[23.0,2.0]]]},
"G49": {"type": "Matrix2x2", "payoffs": [[[59.0,2.0],[66.0,3.0]],[[36.0,9.0],[7.0,2.0]]]},
"G50": {"type": "Matrix2x2", "payoffs": [[[51.0,2.0],[71.0,42.0]],[[74.0,12.0],[1.0,12.0]]]},
"G51": {"type": "Matrix2x2", "payoffs": [[[49.0,39.0],[65.0,14.0]],[[40.0,40.0],[45.0,8.0]]]},
"G52": {"type": "Matrix2x2", "payoffs": [[[10.0,37.0],[16.0,40.0]],[[20.0,18.0],[5.0,25.0]]]},
"G53": {"type": "Matrix2x2", "payoffs": [[[11.0,27.0],[1.0,70.0]],[[8.0,57.0],[9.0,16.0]]]},
"G54": {"type": "Matrix2x2", "payoffs": [[[47.0,15.0],[29.0,26.0]],[[45.0,5.0],[17.0,4.0]]]},
"G55": {"type": "Matrix2x2", "payoffs": [[[51.0,8.0],[62.0,4.0]],[[40.0,0.0],[50.0,0.0]]]},
"G56": {"type": "Matrix2x2", "payoffs": [[[5.0,18.0],[8.0,45.0]],[[6.0,6.0],[4.0,22.0]]]},
"G57": {"type": "Matrix2x2", "payoffs": [[[21.0,1.0],[3.0,30.0]],[[19.0,12.0],[12.0,1.0]]]},
"G58": {"type": "Matrix2x2", "payoffs": [[[11.0,16.0],[9.0,22.0]],[[7.0,7.0],[6.0,44.0]]]},
"G59": {"type": "Matrix2x2", "payoffs": [[[7.0,21.0],[11.0,26.0]],[[15.0,16.0],[3.0,12.0]]]},
"G60": {"type": "Matrix2x2", "payoffs": [[[24.0,25.0],[11.0,76.0]],[[18.0,74.0],[23.0,16.0]]]},
"G61": {"type": "Matrix2x2", "payoffs": [[[20.0,3.0],[78.0,3.0]],[[13.0,3.0],[7.0,4.0]]]},
"G62": {"type": "Matrix2x2", "payoffs": [[[1.0,1.0],[13.0,8.0]],[[2.0,7.0],[8.0,7.0]]]},
"G63": {"type": "Matrix2x2", "payoffs": [[[21.0,1.0],[25.0,5.0]],[[76.0,19.0],[65.0,5.0]]]},
"G64": {"type": "Matrix2x2", "payoffs": [[[36.0,7.0],[18.0,5.0]],[[42.0,6.0],[18.0,1.0]]]},
"G65": {"type": "Matrix2x2", "payoffs": [[[19.0,3.0],[8.0,7.0]],[[2.0,6.0],[13.0,6.0]]]},
"G66": {"type": "Matrix2x2", "payoffs": [[[24.0,20.0],[10.0,30.0]],[[60.0,38.0],[53.0,24.0]]]},
"G67": {"type": "Matrix2x2", "payoffs": [[[10.0,57.0],[52.0,62.0]],[[20.0,12.0],[15.0,18.0]]]},
"G68": {"type": "Matrix2x2", "payoffs": [[[27.0,26.0],[33.0,12.0]],[[0.0,22.0],[25.0,9.0]]]},
"G69": {"type": "Matrix2x2", "payoffs": [[[23.0,2.0],[16.0,50.0]],[[13.0,30.0],[58.0,0.0]]]},
"G70": {"type": "Matrix2x2", "payoffs": [[[3.0,62.0],[5.0,63.0]],[[67.0,7.0],[53.0,18.0]]]},
"G71": {"type": "Matrix2x2", "payoffs": [[[32.0,16.0],[32.0,7.0]],[[20.0,24.0],[27.0,28.0]]]},
"G72": {"type": "Matrix2x2", "payoffs": [[[19.0,12.0],[5.0,6.0]],[[28.0,21.0],[8.0,14.0]]]},
"G73": {"type": "Matrix2x2", "payoffs": [[[14.0,54.0],[7.0,47.0]],[[76.0,10.0],[78.0,50.0]]]},
"G74": {"type": "Matrix2x2", "payoffs": [[[4.0,4.0],[1.0,5.0]],[[3.0,5.0],[13.0,3.0]]]},
"G75": {"type": "Matrix2x2", "payoffs": [[[3.0,15.0],[4.0,7.0]],[[3.0,10.0],[4.0,3.0]]]},
"G76": {"type": "Matrix2x2", "payoffs": [[[1.0,6.0],[10.0,25.0]],[[10.0,25.0],[13.0,29.0]]]},
"G77": {"type": "Matrix2x2", "payoffs": [[[42.0,49.0],[7.0,5.0]],[[35.0,24.0],[35.0,43.0]]]},
"G78": {"type": "Matrix2x2", "payoffs": [[[16.0,41.0],[5.0,17.0]],[[49.0,4.0],[51.0,77.0]]]},
"G79": {"type": "Matrix2x2", "payoffs": [[[3.0,3.0],[5.0,6.0]],[[7.0,8.0],[2.0,3.0]]]},
"G80": {"type": "Matrix2x2", "payoffs": [[[21.0,8.0],[38.0,5.0]],[[24.0,7.0],[1.0,8.0]]]},
"G81": {"type": "Matrix2x2", "payoffs": [[[19.0,51.0],[10.0,3.0]],[[3.0,55.0],[28.0,7.0]]]},
"G82": {"type": "Matrix2x2", "payoffs": [[[2.0,7.0],[1.0,31.0]],[[3.0,6.0],[2.0,19.0]]]},
"G83": {"type": "Matrix2x2", "payoffs": [[[16.0,8.0],[13.0,13.0]],[[17.0,33.0],[3.0,2.0]]]},
"G84": {"type": "Matrix2x2", "payoffs": [[[21.0,16.0],[2.0,11.0]],[[41.0,11.0],[8.0,5.0]]]},
"G85": {"type": "Matrix2x2", "payoffs": [[[23.0,22.0],[5.0,35.0]],[[46.0,32.0],[58.0,2.0]]]},
"G86": {"type": "Matrix2x2", "payoffs": [[[35.0,9.0],[31.0,17.0]],[[46.0,36.0],[47.0,11.0]]]},
"G87": {"type": "Matrix2x2", "payoffs": [[[69.0,16.0],[62.0,26.0]],[[50.0,6.0],[22.0,27.0]]]},
"G88": {"type": "Matrix2x2", "payoffs": [[[13.0,0.0],[12.0,0.0]],[[15.0,0.0],[2.0,0.0]]]},
"G89": {"type": "Matrix2x2", "payoffs": [[[23.0,39.0],[8.0,15.0]],[[60.0,39.0],[62.0,10.0]]]},
"G90": {"type": "Matrix2x2", "payoffs": [[[52.0,34.0],[29.0,50.0]],[[15.0,29.0],[42.0,2.0]]]},
"G91": {"type": "Matrix2x2", "payoffs": [[[11.0,32.0],[6.0,21.0]],[[3.0,4.0],[21.0,14.0]]]},
"G92": {"type": "Matrix2x2", "payoffs": [[[10.0,3.0],[9.0,19.0]],[[1.0,13.0],[1.0,22.0]]]},
"G93": {"type": "Matrix2x2", "payoffs": [[[34.0,29.0],[31.0,32.0]],[[32.0,1.0],[11.0,4.0]]]},
"G94": {"type": "Matrix2x2", "payoffs": [[[32.0,12.0],[7.0,3.0]],[[31.0,1.0],[1.0,5.0]]]},
"G95": {"type": "Matrix2x2", "payoffs": [[[76.0,61.0],[54.0,36.0]],[[61.0,21.0],[80.0,66.0]]]},
"G96": {"type": "Matrix2x2", "payoffs": [[[5.0,18.0],[4.0,16.0]],[[5.0,5.0],[6.0,12.0]]]},
"G97": {"type": "Matrix2x2", "payoffs": [[[21.0,21.0],[30.0,2.0]],[[29.0,1.0],[38.0,1.0]]]},
"G98": {"type": "Matrix2x2", "payoffs": [[[9.0,46.0],[60.0,18.0]],[[49.0,47.0],[73.0,60.0]]]},
"G99": {"type": "Matrix2x2", "payoffs": [[[40.0,60.0],[75.0,18.0]],[[13.0,26.0],[66.0,39.0]]]},
"G100": {"type": "Matrix2x2", "payoffs": [[[12.0,30.0],[17.0,46.0]],[[8.0,37.0],[11.0,63.0]]]}
}