{
"numGames": 100,
"G1": {"type": "Matrix2x2", "payoffs": [[[17.0,49.0],[53.0,61.0]],[[31.0,14.0],[18.0,56.0]]]},
"G2": {"type": "Matrix2x2", "payoffs": [[[22.0,39.0],[3.0,36.0]],[[21.0,30.0],[21.0,8.0]]]},
"G3": {"type": "Matrix2x2", "payoffs": [[[56.0,20.0],[39.0,12.0]],[[58.0,6.0],[14.0,17.0]]]},
"G4": {"type": "Matrix2x2", "payoffs": [[[1.0,13.0],[2.0,27.0]],[[6.0,14.0],[17.0,24.0]]]},
"G5": {"type": "Matrix2x2", "payoffs": [[[27.0,17.0],[40.0,14.0]],[[43.0,12.0],[22.0,10.0]]]},
"G6": {"type": "Matrix2x2", "payoffs": [[[27.0,19.0],[9.0,15.0]],[[23.0,8.0],[26.0,31.0]]]},
"G7": {"type": "Matrix2x2", "payoffs": [[[44.0,41.0],[21.0,16.0]],[[65.0,61.0],[76.0,45.0]]]},
"G8": {"type": "Matrix2x2", "payoffs": [[[68.0,67.0],[52.0,51.0]],[[95.0,76.0],[49.0,67.0]]]},
"G9": {"type": "Matrix2x2", "payoffs": [[[26.0,31.0],[6.0,36.0]],[[6.0,51.0],[5.0,36.0]]]},
"G10": {"type": "Matrix2x2", "payoffs": [[[1.0,4.0],[1.0,24.0]],[[2.0,0.0],[3.0,39.0]]]},
"G11": {"type": "Matrix2x2", "payoffs": [[[27.0,11.0],[64.0,24.0]],[[1.0,30.0],[24.0,7.0]]]},
"G12": {"type": "Matrix2x2", "payoffs": [[[7.0,2.0],[90.0,0.0]],[[60.0,5.0],[16.0,5.0]]]},
"G13": {"type": "Matrix2x2", "payoffs": [[[23.0,9.0],[32.0,5.0]],[[8.0,14.0],[12.0,6.0]]]},
"G14": {"type": "Matrix2x2", "payoffs": [[[29.0,23.0],[22.0,39.0]],[[3.0,36.0],[20.0,19.0]]]},
"G15": {"type": "Matrix2x2", "payoffs": [[[0.0,32.0],[66.0,56.0]],[[45.0,80.0],[33.0,87.0]]]},
"G16": {"type": "Matrix2x2", "payoffs": [[[14.0,15.0],[15.0,43.0]],[[21.0,77.0],[56.0,77.0]]]},
"G17": {"type": "Matrix2x2", "payoffs": [[[48.0,15.0],[43.0,27.0]],[[77.0,19.0],[76.0,17.0]]]},
"G18": {"type": "Matrix2x2", "payoffs": [[[38.0,85.0],[85.0,20.0]],[[18.0,59.0],[47.0,16.0]]]},
"G19": {"type": "Matrix2x2", "payoffs": [[[6.0,43.0],[67.0,33.0]],[[6.0,34.0],[8.0,47.0]]]},
"G20": {"type": "Matrix2x2", "payoffs": [[[17.0,7.0],[8.0,11.0]],[[7.0,6.0],[7.0,8.0]]]},
"G21": {"type": "Matrix2x2", "payoffs": [[[7.0,32.0],[3.0,69.0]],[[3.0,20.0],[0.0,33.0]]]},
"G22": {"type": "Matrix2x2", "payoffs": [[[41.0,28.0],[90.0,8.0]],[[80.0,14.0],[81.0,9.0]]]},
"G23": {"type": "Matrix2x2", "payoffs": [[[28.0,39.0],[16.0,32.0]],[[3.0,32.0],[21.0,27.0]]]},
"G24": {"type": "Matrix2x2", "payoffs": [[[37.0,9.0],[43.0,14.0]],[[22.0,9.0],[16.0,28.0]]]},
"G25": {"type": "Matrix2x2", "payoffs": [[[1.0,5.0],[1.0,24.0]],[[0.0,8.0],[0.0,43.0]]]},
"G26": {"type": "Matrix2x2", "payoffs": [[[9.0,11.0],[50.0,20.0]],[[74.0,5.0],[71.0,15.0]]]},
"G27": {"type": "Matrix2x2", "payoffs": [[[63.0,4.0],[21.0,1.0]],[[36.0,36.0],[78.0,63.0]]]},
"G28": {"type": "Matrix2x2", "payoffs": [[[49.0,43.0],[61.0,43.0]],[[51.0,18.0],[17.0,31.0]]]},
"G29": {"type": "Matrix2x2", "payoffs": [[[4.0,77.0],[10.0,33.0]],[[3.0,22.0],[33.0,35.0]]]},
"G30": {"type": "Matrix2x2", "payoffs": [[[8.0,1.0],[3.0,1.0]],[[9.0,1.0],[17.0,2.0]]]},
"G31": {"type": "Matrix2x2", "payoffs": [[[72.0,68.0],[4.0,15.0]],[[40.0,54.0],[18.0,43.0]]]},
"G32": {"type": "Matrix2x2", "payoffs": [[[21.0,12.0],[44.0,10.0]],[[17.0,34.0],[16.0,10.0]]]},
"G33": {"type": "Matrix2x2", "payoffs": [[[11.0,1.0],[21.0,2.0]],[[23.0,1.0],[14.0,1.0]]]},
"G34": {"type": "Matrix2x2", "payoffs": [[[46.0,64.0],[5.0,91.0]],[[12.0,88.0],[13.0,17.0]]]},
"G35": {"type": "Matrix2x2", "payoffs": [[[3.0,17.0],[2.0,58.0]],[[3.0,19.0],[2.0,57.0]]]},
"G36": {"type": "Matrix2x2", "payoffs": [[[58.0,17.0],[69.0,11.0]],[[98.0,6.0],[56.0,41.0]]]},
"G37": {"type": "Matrix2x2", "payoffs": [[[5.0,18.0],[26.0,21.0]],[[50.0,2.0],[0.0,7.0]]]},
"G38": {"type": "Matrix2x2", "payoffs": [[[3.0,77.0],[7.0,42.0]],[[1.0,27.0],[8.0,25.0]]]},
"G39": {"type": "Matrix2x2", "payoffs": [[[12.0,22.0],[5.0,16.0]],[[3.0,18.0],[5.0,12.0]]]},
"G40": {"type": "Matrix2x2", "payoffs": [[[2.0,0.0],[0.0,4.0]],[[7.0,4.0],[1.0,18.0]]]},
"G41": {"type": "Matrix2x2", "payoffs": [[[3.0,21.0],[26.0,5.0]],[[2.0,41.0],[0.0,38.0]]]},
"G42": {"type": "Matrix2x2", "payoffs": [[[23.0,27.0],[22.0,18.0]],[[19.0,31.0],[17.0,11.0]]]},
"G43": {"type": "Matrix2x2", "payoffs": [[[14.0,2.0],[8.0,26.0]],[[14.0,29.0],[2.0,23.0]]]},
"G44": {"type": "Matrix2x2", "payoffs": [[[6.0,21.0],[35.0,37.0]],[[38.0,31.0],[6.0,34.0]]]},
"G45": {"type": "Matrix2x2", "payoffs": [[[6.0,15.0],[10.0,19.0]],[[6.0,7.0],[2.0,7.0]]]},
"G46": {"type": "Matrix2x2", "payoffs": [[[10.0,6.0],[15.0,2.0]],[[14.0,5.0],[1.0,5.0]]]},
"G47": {"type": "Matrix2x2", "payoffs": [[[8.0,17.0],[5.0,10.0]],[[14.0,20.0],[9.0,4.0]]]},
"G48": {"type": "Matrix2x2", "payoffs": [[[9.0,54.0],[18.0,19.0]],[[7.0,27.0],[35.0,20.0]]]},
"G49": {"type": "Matrix2x2", "payoffs": [[[4.0,3.0],[5.0,2.0]],[[2.0,42.0],[3.0,20.0]]]},
"G50": {"type": "Matrix2x2", "payoffs": [[[1.0,26.0],[1.0,2.0]],[[1.0,47.0],[1.0,37.0]]]},
"G51": {"type": "Matrix2x2", "payoffs": [[[68.0,30.0],[73.0,89.0]],[[44.0,82.0],[61.0,77.0]]]},
"G52": {"type": "Matrix2x2", "payoffs": [[[34.0,2.0],[49.0,69.0]],[[20.0,29.0],[57.0,43.0]]]},
"G53": {"type": "Matrix2x2", "payoffs": [[[75.0,29.0],[58.0,58.0]],[[34.0,17.0],[51.0,68.0]]]},
"G54": {"type": "Matrix2x2", "payoffs": [[[12.0,2.0],[28.0,7.0]],[[3.0,4.0],[43.0,9.0]]]},
"G55": {"type": "Matrix2x2", "payoffs": [[[14.0,6.0],[1.0,55.0]],[[73.0,41.0],[23.0,23.0]]]},
"G56": {"type": "Matrix2x2", "payoffs": [[[8.0,18.0],[12.0,20.0]],[[11.0,2.0],[21.0,4.0]]]},
"G57": {"type": "Matrix2x2", "payoffs": [[[38.0,1.0],[61.0,1.0]],[[42.0,0.0],[39.0,0.0]]]},
"G58": {"type": "Matrix2x2", "payoffs": [[[3.0,19.0],[6.0,38.0]],[[16.0,71.0],[11.0,0.0]]]},
"G59": {"type": "Matrix2x2", "payoffs": [[[22.0,29.0],[53.0,45.0]],[[27.0,18.0],[45.0,23.0]]]},
"G60": {"type": "Matrix2x2", "payoffs": [[[34.0,73.0],[35.0,71.0]],[[33.0,23.0],[38.0,4.0]]]},
"G61": {"type": "Matrix2x2", "payoffs": [[[15.0,27.0],[6.0,6.0]],[[11.0,5.0],[3.0,24.0]]]},
"G62": {"type": "Matrix2x2", "payoffs": [[[13.0,21.0],[10.0,13.0]],[[27.0,19.0],[1.0,20.0]]]},
"G63": {"type": "Matrix2x2", "payoffs": [[[2.0,15.0],[0.0,17.0]],[[1.0,31.0],[0.0,6.0]]]},
"G64": {"type": "Matrix2x2", "payoffs": [[[1.0,14.0],[0.0,14.0]],[[1.0,25.0],[2.0,3.0]]]},
"G65": {"type": "Matrix2x2", "payoffs": [[[7.0,10.0],[21.0,7.0]],[[2.0,11.0],[22.0,31.0]]]},
"G66": {"type": "Matrix2x2", "payoffs": [[[46.0,0.0],[54.0,1.0]],[[24.0,6.0],[46.0,2.0]]]},
"G67": {"type": "Matrix2x2", "payoffs": [[[1.0,2.0],[4.0,29.0]],[[6.0,62.0],[2.0,3.0]]]},
"G68": {"type": "Matrix2x2", "payoffs": [[[24.0,17.0],[0.0,41.0]],[[3.0,22.0],[5.0,37.0]]]},
"G69": {"type": "Matrix2x2", "payoffs": [[[38.0,57.0],[57.0,16.0]],[[23.0,6.0],[46.0,19.0]]]},
"G70": {"type": "Matrix2x2", "payoffs": [[[7.0,37.0],[6.0,13.0]],[[5.0,14.0],[8.0,29.0]]]},
"G71": {"type": "Matrix2x2", "payoffs": [[[22.0,0.0],[2.0,1.0]],[[21.0,5.0],[31.0,8.0]]]},
"G72": {"type": "Matrix2x2", "payoffs": [[[26.0,16.0],[55.0,18.0]],[[10.0,11.0],[2.0,3.0]]]},
"G73": {"type": "Matrix2x2", "payoffs": [[[10.0,18.0],[16.0,12.0]],[[36.0,23.0],[55.0,7.0]]]},
"G74": {"type": "Matrix2x2", "payoffs": [[[30.0,0.0],[30.0,0.0]],[[8.0,0.0],[13.0,0.0]]]},
"G75": {"type": "Matrix2x2", "payoffs": [[[23.0,3.0],[11.0,76.0]],[[56.0,44.0],[33.0,10.0]]]},
"G76": {"type": "Matrix2x2", "payoffs": [[[40.0,2.0],[54.0,36.0]],[[32.0,23.0],[16.0,2.0]]]},
"G77": {"type": "Matrix2x2", "payoffs": [[[3.0,4.0],[3.0,23.0]],[[3.0,24.0],[0.0,7.0]]]},
"G78": {"type": "Matrix2x2", "payoffs": [[[39.0,3.0],[16.0,7.0]],[[36.0,3.0],[15.0,5.0]]]},
"G79": {"type": "Matrix2x2", "payoffs": [[[6.0,69.0],[1.0,48.0]],[[4.0,44.0],[6.0,19.0]]]},
"G80": {"type": "Matrix2x2", "payoffs": [[[19.0,42.0],[4.0,51.0]],[[23.0,51.0],[5.0,12.0]]]},
"G81": {"type": "Matrix2x2", "payoffs": [[[2.0,21.0],[6.0,58.0]],[[14.0,59.0],[10.0,61.0]]]},
"G82": {"type": "Matrix2x2", "payoffs": [[[15.0,63.0],[15.0,56.0]],[[10.0,43.0],[3.0,7.0]]]},
"G83": {"type": "Matrix2x2", "payoffs": [[[51.0,22.0],[12.0,25.0]],[[26.0,63.0],[32.0,56.0]]]},
"G84": {"type": "Matrix2x2", "payoffs": [[[40.0,8.0],[58.0,2.0]],[[26.0,38.0],[33.0,77.0]]]},
"G85": {"type": "Matrix2x2", "payoffs": [[[14.0,67.0],[18.0,48.0]],[[1.0,8.0],[24.0,37.0]]]},
"G86": {"type": "Matrix2x2", "payoffs": [[[0.0,7.0],[0.0,7.0]],[[0.0,6.0],[0.0,8.0]]]},
"G87": {"type": "Matrix2x2", "payoffs": [[[12.0,3.0],[1.0,0.0]],[[3.0,0.0],[15.0,0.0]]]},
"G88": {"type": "Matrix2x2", "payoffs": [[[6.0,3.0],[8.0,27.0]],[[1.0,24.0],[5.0,5.0]]]},
"G89": {"type": "Matrix2x2", "payoffs": [[[45.0,17.0],[65.0,31.0]],[[57.0,96.0],[40.0,19.0]]]},
"G90": {"type": "Matrix2x2", "payoffs": [[[53.0,43.0],[19.0,7.0]],[[20.0,21.0],[5.0,7.0]]]},
"G91": {"type": "Matrix2x2", "payoffs": [[[41.0,21.0],[66.0,45.0]],[[30.0,14.0],[27.0,44.0]]]},
"G92": {"type": "Matrix2x2", "payoffs": [[[35.0,26.0],[35.0,7.0]],[[17.0,43.0],[16.0,46.0]]]},
"G93": {"type": "Matrix2x2", "payoffs": [[[2.0,21.0],[1.0,29.0]],[[7.0,27.0],[4.0,18.0]]]},
"G94": {"type": "Matrix2x2", "payoffs": [[[62.0,21.0],[6.0,29.0]],[[51.0,9.0],[74.0,19.0]]]},
"G95": {"type": "Matrix2x2", "payoffs": [[[26.0,24.0],[36.0,67.0]],[[2.0,15.0],[7.0,52.0]]]},
"G96": {"type": "Matrix2x2", "payoffs": [[[79.0,17.0],[12.0,21.0]],[[16.0,3.0],[33.0,25.0]]]},
"G97": {"type": "Matrix2x2", "payoffs": [[[2.0,20.0],[4.0,4.0]],[[4.0,10.0],[5.0,33.0]]]},
"G98": {"type": "Matrix2x2", "payoffs": [[[0.0,3.0],[16.0,1.0]],[[5.0,20.0],[7.0,27.0]]]},
"G99": {"type": "Matrix2x2", "payoffs": [[[32.0,36.0],[60.0,38.0]],[[52.0,33.0],[14.0,2.0]]]},
"G100": {"type": "Matrix2x2", "payoffs": [[[24.0,44.0],[18.0,14.0]],[[20.0,22.0],[30.0,6.0]]]}
}