{
"numGames": 100,
"G1": {"type": "Matrix2x2", "payoffs": [[[23.0,6.0],[69.0,7.0]],[[66.0,8.0],[41.0,6.0]]]},
"G2": {"type": "Matrix2x2", "payoffs": [[[2.0,22.0],[1.0,89.0]],[[12.0,3.0],[9.0,20.0]]]},
"G3": {"type": "Matrix2x2", "payoffs": [[[26.0,6.0],[30.0,3.0]],[[34.0,56.0],[25.0,52.0]]]},
"G4": {"type": "Matrix2x2", "payoffs": [[[50.0,7.0],[36.0,31.0]],[[4.0,3.0],[13.0,59.0]]]},
"G5": {"type": "Matrix2x2", "payoffs": [[[27.0,1.0],[12.0,76.0]],[[51.0,18.0],[10.0,75.0]]]},
"G6": {"type": "Matrix2x2", "payoffs": [[[47.0,41.0],[15.0,68.0]],[[68.0,68.0],[67.0,80.0]]]},
"G7": {"type": "Matrix2x2", "payoffs": [[[3.0,70.0],[1.0,30.0]],[[1.0,50.0],[0.0,58.0]]]},
"G8": {"type": "Matrix2x2", "payoffs": [[[6.0,37.0],[7.0,67.0]],[[4.0,25.0],[7.0,68.0]]]},
"G9": {"type": "Matrix2x2", "payoffs": [[[5.0,6.0],[2.0,4.0]],[[3.0,3.0],[1.0,0.0]]]},
"G10": {"type": "Matrix2x2", "payoffs": [[[50.0,22.0],[2.0,4.0]],[[17.0,45.0],[8.0,51.0]]]},
"G11": {"type": "Matrix2x2", "payoffs": [[[24.0,13.0],[17.0,6.0]],[[11.0,43.0],[12.0,41.0]]]},
"G12": {"type": "Matrix2x2", "payoffs": [[[2.0,38.0],[2.0,44.0]],[[3.0,50.0],[8.0,5.0]]]},
"G13": {"type": "Matrix2x2", "payoffs": [[[0.0,7.0],[1.0,48.0]],[[3.0,11.0],[4.0,15.0]]]},
"G14": {"type": "Matrix2x2", "payoffs": [[[74.0,3.0],[8.0,14.0]],[[23.0,10.0],[31.0,16.0]]]},
"G15": {"type": "Matrix2x2", "payoffs": [[[5.0,43.0],[6.0,56.0]],[[36.0,50.0],[42.0,0.0]]]},
"G16": {"type": "Matrix2x2", "payoffs": [[[1.0,36.0],[9.0,29.0]],[[6.0,56.0],[2.0,36.0]]]},
"G17": {"type": "Matrix2x2", "payoffs": [[[10.0,3.0],[68.0,6.0]],[[56.0,15.0],[68.0,17.0]]]},
"G18": {"type": "Matrix2x2", "payoffs": [[[9.0,4.0],[4.0,11.0]],[[3.0,1.0],[6.0,1.0]]]},
"G19": {"type": "Matrix2x2", "payoffs": [[[1.0,9.0],[1.0,2.0]],[[1.0,4.0],[3.0,5.0]]]},
"G20": {"type": "Matrix2x2", "payoffs": [[[27.0,65.0],[1.0,35.0]],[[50.0,18.0],[59.0,2.0]]]},
"G21": {"type": "Matrix2x2", "payoffs": [[[33.0,46.0],[28.0,64.0]],[[58.0,67.0],[58.0,5.0]]]},
"G22": {"type": "Matrix2x2", "payoffs": [[[53.0,10.0],[70.0,7.0]],[[24.0,8.0],[47.0,8.0]]]},
"G23": {"type": "Matrix2x2", "payoffs": [[[13.0,9.0],[5.0,69.0]],[[3.0,49.0],[13.0,67.0]]]},
"G24": {"type": "Matrix2x2", "payoffs": [[[6.0,0.0],[6.0,0.0]],[[1.0,0.0],[3.0,0.0]]]},
"G25": {"type": "Matrix2x2", "payoffs": [[[3.0,19.0],[6.0,7.0]],[[0.0,13.0],[5.0,12.0]]]},
"G26": {"type": "Matrix2x2", "payoffs": [[[37.0,31.0],[25.0,45.0]],[[29.0,60.0],[16.0,37.0]]]},
"G27": {"type": "Matrix2x2", "payoffs": [[[40.0,45.0],[14.0,8.0]],[[61.0,34.0],[56.0,39.0]]]},
"G28": {"type": "Matrix2x2", "payoffs": [[[1.0,9.0],[7.0,10.0]],[[4.0,34.0],[6.0,80.0]]]},
"G29": {"type": "Matrix2x2", "payoffs": [[[48.0,45.0],[34.0,14.0]],[[15.0,30.0],[32.0,31.0]]]},
"G30": {"type": "Matrix2x2", "payoffs": [[[21.0,60.0],[39.0,77.0]],[[15.0,42.0],[16.0,50.0]]]},
"G31": {"type": "Matrix2x2", "payoffs": [[[21.0,16.0],[39.0,4.0]],[[46.0,9.0],[44.0,6.0]]]},
"G32": {"type": "Matrix2x2", "payoffs": [[[2.0,13.0],[2.0,3.0]],[[1.0,12.0],[3.0,9.0]]]},
"G33": {"type": "Matrix2x2", "payoffs": [[[78.0,2.0],[72.0,1.0]],[[44.0,14.0],[13.0,20.0]]]},
"G34": {"type": "Matrix2x2", "payoffs": [[[43.0,6.0],[52.0,3.0]],[[44.0,4.0],[20.0,6.0]]]},
"G35": {"type": "Matrix2x2", "payoffs": [[[1.0,12.0],[1.0,16.0]],[[3.0,23.0],[1.0,31.0]]]},
"G36": {"type": "Matrix2x2", "payoffs": [[[29.0,5.0],[33.0,26.0]],[[3.0,20.0],[10.0,59.0]]]},
"G37": {"type": "Matrix2x2", "payoffs": [[[10.0,59.0],[13.0,44.0]],[[16.0,35.0],[7.0,13.0]]]},
"G38": {"type": "Matrix2x2", "payoffs": [[[42.0,47.0],[54.0,43.0]],[[22.0,59.0],[51.0,53.0]]]},
"G39": {"type": "Matrix2x2", "payoffs": [[[39.0,43.0],[16.0,8.0]],[[9.0,14.0],[33.0,23.0]]]},
"G40": {"type": "Matrix2x2", "payoffs": [[[49.0,18.0],[43.0,14.0]],[[79.0,21.0],[65.0,24.0]]]},
"G41": {"type": "Matrix2x2", "payoffs": [[[7.0,1.0],[67.0,12.0]],[[83.0,13.0],[18.0,11.0]]]},
"G42": {"type": "Matrix2x2", "payoffs": [[[3.0,55.0],[7.0,19.0]],[[1.0,21.0],[1.0,30.0]]]},
"G43": {"type": "Matrix2x2", "payoffs": [[[2.0,12.0],[2.0,0.0]],[[2.0,13.0],[2.0,18.0]]]},
"G44": {"type": "Matrix2x2", "payoffs": [[[41.0,29.0],[46.0,21.0]],[[75.0,14.0],[26.0,7.0]]]},
"G45": {"type": "Matrix2x2", "payoffs": [[[36.0,0.0],[37.0,0.0]],[[19.0,0.0],[1.0,0.0]]]},
"G46": {"type": "Matrix2x2", "payoffs": [[[16.0,31.0],[15.0,41.0]],[[4.0,64.0],[3.0,70.0]]]},
"G47": {"type": "Matrix2x2", "payoffs": [[[3.0,6.0],[3.0,10.0]],[[2.0,3.0],[4.0,15.0]]]},
"G48": {"type": "Matrix2x2", "payoffs": [[[17.0,32.0],[31.0,63.0]],[[43.0,53.0],[34.0,52.0]]]},
"G49": {"type": "Matrix2x2", "payoffs": [[[22.0,0.0],[40.0,7.0]],[[58.0,2.0],[46.0,8.0]]]},
"G50": {"type": "Matrix2x2", "payoffs": [[[1.0,5.0],[1.0,8.0]],[[6.0,24.0],[3.0,16.0]]]},
"G51": {"type": "Matrix2x2", "payoffs": [[[2.0,11.0],[3.0,80.0]],[[22.0,26.0],[18.0,91.0]]]},
"G52": {"type": "Matrix2x2", "payoffs": [[[11.0,36.0],[19.0,74.0]],[[5.0,60.0],[18.0,43.0]]]},
"G53": {"type": "Matrix2x2", "payoffs": [[[38.0,54.0],[28.0,17.0]],[[7.0,16.0],[10.0,26.0]]]},
"G54": {"type": "Matrix2x2", "payoffs": [[[7.0,7.0],[31.0,21.0]],[[20.0,51.0],[26.0,1.0]]]},
"G55": {"type": "Matrix2x2", "payoffs": [[[48.0,30.0],[34.0,51.0]],[[20.0,56.0],[46.0,67.0]]]},
"G56": {"type": "Matrix2x2", "payoffs": [[[11.0,19.0],[42.0,58.0]],[[50.0,49.0],[52.0,1.0]]]},
"G57": {"type": "Matrix2x2", "payoffs": [[[28.0,56.0],[14.0,4.0]],[[48.0,55.0],[44.0,45.0]]]},
"G58": {"type": "Matrix2x2", "payoffs": [[[45.0,15.0],[10.0,15.0]],[[13.0,27.0],[84.0,20.0]]]},
"G59": {"type": "Matrix2x2", "payoffs": [[[61.0,10.0],[84.0,10.0]],[[53.0,4.0],[71.0,5.0]]]},
"G60": {"type": "Matrix2x2", "payoffs": [[[12.0,35.0],[38.0,30.0]],[[28.0,37.0],[14.0,21.0]]]},
"G61": {"type": "Matrix2x2", "payoffs": [[[19.0,2.0],[9.0,15.0]],[[10.0,16.0],[7.0,6.0]]]},
"G62": {"type": "Matrix2x2", "payoffs": [[[5.0,67.0],[38.0,22.0]],[[11.0,71.0],[54.0,51.0]]]},
"G63": {"type": "Matrix2x2", "payoffs": [[[29.0,86.0],[38.0,84.0]],[[16.0,19.0],[35.0,23.0]]]},
"G64": {"type": "Matrix2x2", "payoffs": [[[27.0,11.0],[30.0,25.0]],[[56.0,23.0],[46.0,5.0]]]},
"G65": {"type": "Matrix2x2", "payoffs": [[[3.0,8.0],[29.0,30.0]],[[8.0,59.0],[17.0,77.0]]]},
"G66": {"type": "Matrix2x2", "payoffs": [[[25.0,4.0],[20.0,6.0]],[[21.0,10.0],[23.0,5.0]]]},
"G67": {"type": "Matrix2x2", "payoffs": [[[30.0,1.0],[20.0,25.0]],[[21.0,22.0],[11.0,30.0]]]},
"G68": {"type": "Matrix2x2", "payoffs": [[[7.0,33.0],[14.0,7.0]],[[64.0,23.0],[63.0,18.0]]]},
"G69": {"type": "Matrix2x2", "payoffs": [[[28.0,6.0],[61.0,31.0]],[[29.0,61.0],[9.0,54.0]]]},
"G70": {"type": "Matrix2x2", "payoffs": [[[14.0,48.0],[31.0,3.0]],[[4.0,3.0],[16.0,31.0]]]},
"G71": {"type": "Matrix2x2", "payoffs": [[[21.0,8.0],[28.0,1.0]],[[37.0,6.0],[6.0,0.0]]]},
"G72": {"type": "Matrix2x2", "payoffs": [[[40.0,54.0],[47.0,26.0]],[[73.0,84.0],[26.0,83.0]]]},
"G73": {"type": "Matrix2x2", "payoffs": [[[29.0,8.0],[57.0,22.0]],[[5.0,8.0],[22.0,28.0]]]},
"G74": {"type": "Matrix2x2", "payoffs": [[[41.0,34.0],[25.0,13.0]],[[3.0,8.0],[27.0,32.0]]]},
"G75": {"type": "Matrix2x2", "payoffs": [[[13.0,44.0],[19.0,31.0]],[[23.0,38.0],[28.0,44.0]]]},
"G76": {"type": "Matrix2x2", "payoffs": [[[25.0,68.0],[9.0,25.0]],[[30.0,65.0],[32.0,70.0]]]},
"G77": {"type": "Matrix2x2", "payoffs": [[[4.0,34.0],[10.0,19.0]],[[9.0,20.0],[1.0,40.0]]]},
"G78": {"type": "Matrix2x2", "payoffs": [[[5.0,39.0],[3.0,31.0]],[[3.0,34.0],[2.0,35.0]]]},
"G79": {"type": "Matrix2x2", "payoffs": [[[8.0,14.0],[4.0,51.0]],[[4.0,47.0],[18.0,27.0]]]},
"G80": {"type": "Matrix2x2", "payoffs": [[[84.0,0.0],[90.0,0.0]],[[64.0,0.0],[31.0,0.0]]]},
"G81": {"type": "Matrix2x2", "payoffs": [[[36.0,38.0],[34.0,22.0]],[[22.0,38.0],[62.0,33.0]]]},
"G82": {"type": "Matrix2x2", "payoffs": [[[19.0,26.0],[47.0,28.0]],[[4.0,29.0],[43.0,40.0]]]},
"G83": {"type": "Matrix2x2", "payoffs": [[[4.0,53.0],[4.0,12.0]],[[6.0,0.0],[6.0,45.0]]]},
"G84": {"type": "Matrix2x2", "payoffs": [[[37.0,0.0],[20.0,15.0]],[[10.0,6.0],[23.0,25.0]]]},
"G85": {"type": "Matrix2x2", "payoffs": [[[29.0,2.0],[50.0,3.0]],[[70.0,3.0],[28.0,2.0]]]},
"G86": {"type": "Matrix2x2", "payoffs": [[[83.0,45.0],[56.0,92.0]],[[32.0,15.0],[31.0,59.0]]]},
"G87": {"type": "Matrix2x2", "payoffs": [[[74.0,4.0],[73.0,29.0]],[[2.0,18.0],[27.0,27.0]]]},
"G88": {"type": "Matrix2x2", "payoffs": [[[3.0,36.0],[22.0,21.0]],[[18.0,4.0],[61.0,12.0]]]},
"G89": {"type": "Matrix2x2", "payoffs": [[[31.0,38.0],[67.0,23.0]],[[17.0,56.0],[60.0,71.0]]]},
"G90": {"type": "Matrix2x2", "payoffs": [[[12.0,25.0],[12.0,44.0]],[[12.0,35.0],[14.0,45.0]]]},
"G91": {"type": "Matrix2x2", "payoffs": [[[48.0,37.0],[40.0,47.0]],[[17.0,3.0],[62.0,42.0]]]},
"G92": {"type": "Matrix2x2", "payoffs": [[[21.0,24.0],[10.0,24.0]],[[86.0,36.0],[82.0,23.0]]]},
"G93": {"type": "Matrix2x2", "payoffs": [[[71.0,9.0],[9.0,18.0]],[[35.0,3.0],[88.0,25.0]]]},
"G94": {"type": "Matrix2x2", "payoffs": [[[3.0,0.0],[3.0,0.0]],[[3.0,1.0],[4.0,0.0]]]},
"G95": {"type": "Matrix2x2", "payoffs": [[[4.0,32.0],[22.0,24.0]],[[40.0,53.0],[38.0,48.0]]]},
"G96": {"type": "Matrix2x2", "payoffs": [[[21.0,40.0],[25.0,27.0]],[[40.0,46.0],[18.0,59.0]]]},
"G97": {"type": "Matrix2x2", "payoffs": [[[3.0,43.0],[3.0,7.0]],[[10.0,42.0],[6.0,10.0]]]},
"G98": {"type": "Matrix2x2", "payoffs": [[[2.0,21.0],[3.0,12.0]],[[4.0,9.0],[5.0,18.0]]]},
"G99": {"type": "Matrix2x2", "payoffs": [[[28.0,3.0],[13.0,3.0]],[[6.0,2.0],[3.0,5.0]]]},
"G100": {"type": "Matrix2x2", "payoffs": [[[33.0,0.0],[45.0,23.0]],[[41.0,52.0],[13.0,42.0]]]}
}